location_id,latitude,longitude,elevation,utc_offset_seconds,timezone,timezone_abbreviation
0,53.25,69.5,236.0,18000,Asia/Almaty,GMT+5
1,50.25,57.25,221.0,18000,Asia/Aqtobe,GMT+5
2,43.75,77.0,492.0,18000,Asia/Almaty,GMT+5
3,47.0,52.0,-24.0,18000,Asia/Atyrau,GMT+5
4,51.25,51.25,37.0,18000,Asia/Oral,GMT+5
5,43.0,71.25,622.0,18000,Asia/Almaty,GMT+5
6,45.0,78.25,592.0,18000,Asia/Almaty,GMT+5
7,49.75,73.0,544.0,18000,Asia/Almaty,GMT+5
8,53.25,63.5,169.0,18000,Asia/Qostanay,GMT+5
9,44.75,65.5,129.0,18000,Asia/Qyzylorda,GMT+5
10,43.75,51.25,-3.0,18000,Asia/Aqtau,GMT+5
11,52.25,77.0,136.0,18000,Asia/Almaty,GMT+5
12,54.75,69.25,143.0,18000,Asia/Almaty,GMT+5
13,43.25,68.25,216.0,18000,Asia/Almaty,GMT+5
14,50.5,80.25,210.0,18000,Asia/Almaty,GMT+5
15,47.75,67.75,330.0,18000,Asia/Almaty,GMT+5
16,50.0,82.75,288.0,18000,Asia/Almaty,GMT+5

location_id,time,temperature_2m_mean (°C),temperature_2m_max (°C),temperature_2m_min (°C),precipitation_sum (mm),rain_sum (mm),snowfall_sum (cm),precipitation_hours (h),sunshine_duration (s),shortwave_radiation_sum (MJ/m²),wind_speed_10m_max (km/h),wind_gusts_10m_max (km/h),wind_direction_10m_dominant (°),et0_fao_evapotranspiration (mm),dew_point_2m_mean (°C),relative_humidity_2m_mean (%),relative_humidity_2m_max (%),relative_humidity_2m_min (%),soil_moisture_0_to_7cm_mean (m³/m³),soil_moisture_7_to_28cm_mean (m³/m³),soil_moisture_28_to_100cm_mean (m³/m³),soil_temperature_0_to_7cm_mean (°C),soil_temperature_28_to_100cm_mean (°C),soil_temperature_7_to_28cm_mean (°C),weather_code (wmo code),cloud_cover_mean (%),surface_pressure_mean (hPa)
0,2025-01-01,-12.4,-9.3,-14.1,1.40,0.00,0.98,5.0,11785.51,2.44,29.9,50.0,198,0.25,-14.7,83,86,80,0.386,0.365,0.302,-8.0,0.1,-3.6,73,100,984.9
0,2025-01-02,-9.1,-7.0,-12.3,1.90,0.00,1.33,9.0,5993.92,2.16,24.3,46.1,238,0.27,-11.3,84,90,79,0.386,0.365,0.302,-5.9,0.1,-3.4,73,92,981.3
0,2025-01-03,-2.0,1.4,-10.7,1.20,0.30,0.63,10.0,0.00,0.96,34.1,59.0,226,0.37,-3.8,88,90,82,0.389,0.365,0.302,-3.5,0.1,-3.0,71,99,980.3
0,2025-01-04,-1.6,0.7,-2.6,0.00,0.00,0.00,0.0,0.00,1.86,25.5,45.7,234,0.33,-3.4,87,90,84,0.394,0.365,0.303,-2.7,0.1,-2.0,3,98,989.8
0,2025-01-05,-3.4,-2.2,-4.3,0.00,0.00,0.00,0.0,1473.34,2.16,23.3,40.7,209,0.32,-5.4,86,88,83,0.394,0.365,0.303,-2.1,0.1,-1.9,3,100,992.5
0,2025-01-06,-3.6,-1.1,-9.6,0.10,0.00,0.07,1.0,7538.06,2.23,24.7,41.4,232,0.35,-5.7,85,89,83,0.393,0.365,0.303,-1.4,0.1,-1.8,71,100,993.4
0,2025-01-07,-7.8,-5.4,-10.2,6.60,0.00,4.62,19.0,0.00,1.07,18.6,32.8,12,0.18,-9.6,87,90,83,0.392,0.365,0.303,-3.8,0.1,-1.8,73,100,996.0
0,2025-01-08,-14.5,-9.2,-19.4,0.40,0.00,0.28,4.0,23285.20,3.77,26.4,45.7,256,0.27,-17.5,78,87,68,0.392,0.365,0.304,-6.8,0.0,-3.0,71,55,1004.5
0,2025-01-09,-5.7,-3.6,-9.4,2.10,0.00,1.47,12.0,2332.82,1.97,29.1,49.7,236,0.52,-8.9,78,87,61,0.391,0.365,0.304,-2.8,0.0,-3.4,73,98,1003.7
0,2025-01-10,-6.0,-4.0,-9.1,0.30,0.00,0.21,3.0,1516.81,1.96,35.8,61.2,234,0.81,-11.6,66,86,50,0.390,0.365,0.304,-2.2,0.0,-2.6,71,73,1000.7
0,2025-01-11,-9.1,-7.1,-10.5,0.00,0.00,0.00,0.0,25200.00,3.54,14.3,24.8,236,0.21,-10.9,87,89,84,0.390,0.365,0.304,-3.0,0.0,-3.0,2,16,1003.1
0,2025-01-12,-6.6,-3.2,-9.5,0.00,0.00,0.00,0.0,23623.65,2.54,10.3,17.6,220,0.22,-8.7,85,88,78,0.389,0.365,0.304,-2.8,-0.0,-3.0,3,71,1003.5
0,2025-01-13,-9.0,-6.3,-10.8,0.00,0.00,0.00,0.0,25200.00,3.65,14.9,24.5,214,0.31,-12.5,76,86,63,0.388,0.365,0.304,-4.6,-0.0,-2.7,3,29,1001.4
0,2025-01-14,-7.0,-2.0,-10.4,0.00,0.00,0.00,0.0,25410.24,4.06,20.6,35.3,213,0.60,-11.7,70,79,58,0.388,0.365,0.304,-6.0,-0.0,-2.9,3,18,995.3
0,2025-01-15,-8.5,-6.9,-9.9,0.10,0.00,0.07,1.0,19516.57,3.46,21.2,36.4,215,0.42,-12.1,76,85,69,0.388,0.365,0.304,-5.8,-0.0,-2.9,71,88,986.0
0,2025-01-16,-9.3,-8.3,-10.8,1.70,0.00,1.19,8.0,0.00,2.29,22.6,42.1,226,0.28,-11.6,83,86,78,0.387,0.365,0.304,-5.7,-0.1,-3.2,73,99,981.3
0,2025-01-17,-7.6,-5.8,-8.7,1.80,0.00,1.26,13.0,1979.17,2.69,18.5,33.8,223,0.27,-9.8,85,89,81,0.387,0.364,0.304,-5.2,-0.1,-3.4,71,97,979.7
0,2025-01-18,-9.8,-8.0,-12.1,0.00,0.00,0.00,0.0,902.02,2.60,13.3,24.1,238,0.22,-12.1,84,89,74,0.386,0.364,0.304,-5.8,-0.1,-3.3,3,97,985.1
0,2025-01-19,-9.4,-4.7,-14.4,0.00,0.00,0.00,0.0,16450.76,3.27,21.0,37.1,218,0.29,-11.6,84,87,79,0.386,0.363,0.303,-4.8,-0.1,-3.8,3,85,985.0
0,2025-01-20,-1.9,-0.1,-6.7,0.10,0.00,0.07,1.0,429.85,2.61,22.0,39.2,209,0.35,-3.6,88,91,84,0.386,0.363,0.303,-2.8,-0.1,-3.1,71,97,976.3
0,2025-01-21,-3.4,-1.5,-7.1,2.70,0.00,1.89,11.0,4071.79,3.13,33.2,60.1,216,0.42,-5.6,85,91,81,0.385,0.363,0.303,-2.9,-0.1,-2.2,73,100,961.7
0,2025-01-22,-21.8,-10.3,-25.2,2.40,0.00,1.68,6.0,24443.14,4.21,29.4,54.7,283,0.20,-25.2,74,89,67,0.385,0.363,0.304,-9.2,-0.2,-3.8,73,99,972.6
0,2025-01-23,-23.7,-22.0,-25.7,0.00,0.00,0.00,0.0,27274.50,4.89,28.1,50.8,296,0.21,-28.0,67,72,60,0.385,0.363,0.304,-10.9,-0.2,-6.6,3,67,1006.1
0,2025-01-24,-21.5,-17.9,-25.9,0.00,0.00,0.00,0.0,26031.46,4.66,23.5,42.8,216,0.31,-27.4,59,68,54,0.385,0.363,0.304,-11.0,-0.2,-7.5,3,73,1019.2
0,2025-01-25,-17.1,-14.0,-18.4,0.00,0.00,0.00,0.0,25330.01,4.39,22.7,39.6,204,0.45,-24.6,52,57,46,0.385,0.363,0.304,-9.2,-0.3,-6.9,3,99,1009.8
0,2025-01-26,-12.3,-7.0,-17.5,0.00,0.00,0.00,0.0,18845.79,4.17,14.3,24.8,191,0.60,-21.1,48,58,37,0.385,0.363,0.304,-8.3,-0.3,-6.3,3,100,1001.6
0,2025-01-27,-14.7,-11.5,-16.8,0.00,0.00,0.00,0.0,28380.40,5.53,16.0,28.4,235,0.40,-20.4,62,76,52,0.385,0.363,0.304,-8.3,-0.3,-5.8,3,44,993.5
0,2025-01-28,-9.3,-6.6,-14.7,3.50,0.00,2.45,11.0,0.00,2.80,15.4,28.1,237,0.30,-11.7,82,88,76,0.385,0.363,0.304,-5.3,-0.4,-5.6,73,92,991.3
0,2025-01-29,-2.8,-0.1,-6.6,3.20,0.10,2.17,22.0,0.00,2.64,13.9,24.5,256,0.28,-4.0,91,95,86,0.385,0.362,0.304,-2.8,-0.4,-3.8,73,99,984.5
0,2025-01-30,-13.1,-6.8,-17.7,0.80,0.00,0.56,8.0,16033.36,4.06,15.6,26.6,332,0.23,-15.4,83,89,75,0.385,0.362,0.304,-7.1,-0.4,-3.3,71,99,995.2
0,2025-01-31,-13.4,-9.6,-16.5,0.00,0.00,0.00,0.0,8315.84,4.00,14.7,24.5,265,0.25,-16.0,81,84,73,0.385,0.362,0.304,-6.7,-0.4,-4.7,3,99,1002.1
0,2025-02-01,-4.1,-0.7,-10.2,4.00,0.00,2.80,19.0,0.00,2.83,22.4,38.2,237,0.33,-5.8,88,93,81,0.385,0.362,0.305,-2.7,-0.5,-4.1,73,99,996.5
0,2025-02-02,-0.7,0.7,-3.3,0.00,0.00,0.00,0.0,5208.60,3.40,14.1,25.2,252,0.35,-2.0,90,94,86,0.384,0.362,0.305,-1.4,-0.5,-2.5,3,89,1002.1
0,2025-02-03,-3.1,-1.0,-8.8,0.00,0.00,0.00,0.0,10912.46,3.55,15.5,27.4,204,0.38,-5.1,87,91,82,0.383,0.361,0.304,-2.1,-0.5,-2.0,3,95,1007.7
0,2025-02-04,-8.2,-2.7,-11.8,0.00,0.00,0.00,0.0,29911.75,5.60,13.1,24.1,128,0.39,-10.3,85,91,75,0.387,0.362,0.306,-5.7,-0.5,-2.1,3,97,1012.6
0,2025-02-05,-6.1,-3.2,-9.5,0.00,0.00,0.00,0.0,0.00,2.76,17.4,31.0,75,0.26,-7.4,90,93,88,0.388,0.362,0.308,-3.4,-0.5,-2.6,3,98,1017.5
0,2025-02-06,-10.6,-4.9,-17.0,0.00,0.00,0.00,0.0,26099.91,5.91,20.7,36.0,57,0.38,-13.6,79,90,65,0.388,0.362,0.308,-5.5,-0.5,-2.8,3,54,1017.3
0,2025-02-07,-14.7,-10.5,-18.2,0.00,0.00,0.00,0.0,19553.25,4.83,20.4,35.6,48,0.28,-17.1,82,88,76,0.388,0.362,0.308,-8.8,-0.5,-4.1,3,90,1014.0
0,2025-02-08,-13.8,-11.6,-15.2,0.00,0.00,0.00,0.0,21582.81,4.90,13.2,21.6,355,0.27,-15.8,85,89,80,0.388,0.363,0.308,-8.2,-0.5,-4.4,3,95,1010.3
0,2025-02-09,-12.1,-8.3,-14.6,0.00,0.00,0.00,0.0,15532.81,4.66,14.9,28.8,295,0.27,-13.8,87,89,83,0.390,0.363,0.310,-8.7,-0.6,-4.4,3,70,1005.6
0,2025-02-10,-8.7,-3.4,-13.0,0.00,0.00,0.00,0.0,24480.91,6.29,22.0,39.6,268,0.41,-10.6,86,92,79,0.391,0.362,0.312,-7.6,-0.6,-4.1,3,48,1003.2
0,2025-02-11,-6.5,-1.6,-10.3,0.00,0.00,0.00,0.0,32400.00,7.53,25.7,44.3,260,0.65,-9.5,79,89,63,0.392,0.362,0.312,-6.0,-0.6,-3.5,3,29,998.3
0,2025-02-12,-10.4,-7.5,-12.6,0.00,0.00,0.00,0.0,27191.50,6.07,25.6,43.9,246,0.38,-12.7,84,91,74,0.393,0.361,0.314,-7.6,-0.6,-3.7,3,93,992.1
0,2025-02-13,-10.0,-7.6,-13.2,0.00,0.00,0.00,0.0,25200.00,5.11,32.1,55.4,255,0.46,-13.0,79,84,74,0.393,0.361,0.314,-7.3,-0.6,-4.2,3,85,985.5
0,2025-02-14,-12.8,-9.4,-16.3,0.00,0.00,0.00,0.0,19973.23,5.61,12.7,26.3,210,0.34,-15.6,80,85,74,0.392,0.361,0.314,-9.9,-0.7,-5.0,3,93,993.8
0,2025-02-15,-12.6,-9.0,-15.3,0.00,0.00,0.00,0.0,6981.52,5.22,15.3,29.5,227,0.36,-15.6,79,84,72,0.393,0.361,0.314,-10.0,-0.7,-5.5,3,100,990.7
0,2025-02-16,-13.1,-9.7,-15.7,0.00,0.00,0.00,0.0,6566.10,5.19,20.6,36.0,218,0.33,-15.8,80,85,73,0.395,0.362,0.316,-10.8,-0.7,-5.9,3,98,993.1
0,2025-02-17,-8.3,-4.4,-13.5,0.00,0.00,0.00,0.0,27453.18,6.34,27.7,51.5,197,0.50,-10.9,82,85,75,0.395,0.362,0.317,-7.9,-0.8,-5.9,3,93,996.1
0,2025-02-18,-6.2,-4.0,-7.6,0.30,0.00,0.21,3.0,151.43,5.13,21.5,38.2,195,0.45,-8.5,84,87,80,0.395,0.362,0.317,-6.0,-0.8,-4.6,71,100,998.3
0,2025-02-19,-9.0,-7.7,-10.7,2.50,0.00,1.75,24.0,0.00,4.26,15.4,28.4,31,0.33,-11.2,84,91,75,0.395,0.362,0.317,-6.0,-0.8,-4.0,71,100,1000.4
0,2025-02-20,-9.9,-8.0,-12.4,1.20,0.00,0.84,8.0,0.00,3.91,15.6,28.1,72,0.32,-12.6,81,87,71,0.395,0.362,0.317,-6.1,-0.8,-4.3,73,100,999.8
0,2025-02-21,-12.3,-10.0,-14.1,0.80,0.00,0.56,8.0,613.04,5.25,13.8,24.8,38,0.32,-14.5,84,90,76,0.396,0.363,0.317,-7.6,-0.9,-4.6,71,100,1004.2
0,2025-02-22,-10.0,-7.7,-12.0,0.20,0.00,0.14,2.0,0.00,4.31,20.4,37.8,76,0.38,-12.5,82,88,75,0.396,0.363,0.318,-6.9,-0.9,-4.7,71,100,1004.3
0,2025-02-23,-9.7,-7.6,-12.3,0.00,0.00,0.00,0.0,0.00,4.22,26.3,46.8,86,0.37,-12.1,83,89,76,0.395,0.362,0.316,-7.6,-0.9,-4.6,3,98,1000.5
0,2025-02-24,-8.6,-4.5,-11.6,0.00,0.00,0.00,0.0,18917.65,7.73,18.9,35.6,94,0.61,-12.1,77,86,60,0.395,0.360,0.314,-6.8,-0.9,-4.2,3,97,996.1
0,2025-02-25,-7.7,-2.6,-12.3,1.10,0.40,0.49,3.0,7879.41,5.36,14.4,24.1,118,0.48,-10.9,78,89,64,0.397,0.360,0.314,-6.0,-0.9,-4.3,73,98,987.3
0,2025-02-26,-3.9,-1.3,-7.5,0.30,0.00,0.21,3.0,3540.22,5.49,22.1,41.8,220,0.52,-6.1,85,90,78,0.399,0.359,0.314,-4.3,-1.0,-3.4,71,100,985.3
0,2025-02-27,-9.7,-6.0,-13.2,0.00,0.00,0.00,0.0,29899.85,10.45,24.6,44.3,249,0.63,-13.1,77,90,60,0.399,0.360,0.314,-6.5,-1.0,-3.2,3,56,995.3
0,2025-02-28,-9.8,-6.5,-12.7,0.00,0.00,0.00,0.0,36346.93,11.07,18.1,34.2,270,0.60,-12.6,81,91,69,0.398,0.362,0.314,-7.0,-1.0,-4.0,3,69,997.8
0,2025-03-01,-8.1,-3.4,-12.1,0.00,0.00,0.00,0.0,25990.46,8.56,18.3,33.1,257,0.78,-12.8,70,80,58,0.398,0.362,0.314,-6.1,-1.0,-4.2,3,100,998.2
0,2025-03-02,-8.1,-2.4,-12.6,0.00,0.00,0.00,0.0,36344.82,11.51,14.1,23.8,225,0.95,-13.9,64,73,45,0.400,0.362,0.314,-5.8,-1.0,-3.8,3,58,996.5
0,2025-03-03,-8.5,-2.3,-15.6,0.00,0.00,0.00,0.0,25703.61,8.89,15.3,29.5,146,0.91,-14.9,62,77,39,0.400,0.362,0.313,-6.5,-1.0,-4.1,3,86,991.3
0,2025-03-04,-11.4,-6.9,-16.3,0.50,0.00,0.35,5.0,32785.60,11.80,20.6,37.1,205,0.63,-15.2,74,83,59,0.400,0.362,0.314,-6.7,-1.1,-4.0,71,71,992.8
0,2025-03-05,-10.7,-7.2,-16.5,0.90,0.00,0.63,6.0,33370.68,9.61,26.6,46.8,205,0.56,-13.7,79,87,74,0.400,0.361,0.313,-7.3,-1.1,-5.0,71,97,991.9
0,2025-03-06,-3.6,-0.6,-8.8,2.40,0.00,1.68,17.0,7844.35,7.39,26.1,47.5,183,0.65,-5.7,85,91,78,0.400,0.361,0.313,-4.5,-1.1,-4.2,73,98,972.5
0,2025-03-07,-8.7,-3.8,-11.6,0.40,0.00,0.28,4.0,7621.02,7.59,22.7,41.4,265,0.50,-11.2,82,92,74,0.403,0.361,0.314,-6.7,-1.1,-3.3,71,99,972.8
0,2025-03-08,-8.8,-4.0,-12.2,0.00,0.00,0.00,0.0,25759.27,9.09,15.6,31.0,69,0.68,-11.7,80,89,64,0.403,0.361,0.314,-6.7,-1.1,-4.1,3,96,977.2
0,2025-03-09,-13.5,-10.7,-15.8,0.00,0.00,0.00,0.0,33512.76,9.72,19.1,38.9,305,0.46,-16.3,80,88,69,0.405,0.360,0.315,-8.4,-1.1,-4.5,3,88,983.3
0,2025-03-10,-6.0,-1.5,-15.5,4.00,0.00,2.80,21.0,3779.53,7.43,23.5,39.6,230,0.59,-8.2,84,93,78,0.406,0.359,0.316,-6.2,-1.2,-5.1,73,99,984.5
0,2025-03-11,-6.8,-1.9,-12.8,1.90,0.00,1.33,10.0,14205.56,8.86,11.3,22.3,4,0.59,-9.3,83,97,71,0.405,0.358,0.315,-5.2,-1.2,-3.6,73,98,994.5
0,2025-03-12,-7.8,-2.9,-14.0,0.00,0.00,0.00,0.0,39395.19,12.27,22.2,39.2,186,0.78,-10.7,80,85,70,0.404,0.357,0.314,-6.4,-1.2,-4.0,3,86,1004.3
0,2025-03-13,-3.1,-1.0,-5.0,0.00,0.00,0.00,0.0,28800.00,12.73,27.8,49.3,203,0.98,-6.1,80,86,73,0.404,0.357,0.314,-4.5,-1.2,-3.3,3,92,997.0
0,2025-03-14,-0.0,1.5,-2.2,0.90,0.90,0.00,6.0,9660.50,6.18,27.8,48.2,210,0.66,-1.8,88,94,84,0.408,0.358,0.314,-3.0,-1.2,-2.8,51,100,992.6
0,2025-03-15,2.0,3.7,1.2,0.00,0.00,0.00,0.0,24805.09,9.80,20.9,36.7,207,0.84,0.8,92,95,82,0.445,0.359,0.314,-1.7,-1.2,-2.4,3,96,995.1
0,2025-03-16,2.4,4.4,1.3,1.20,1.20,0.00,4.0,28800.00,10.69,23.3,42.5,207,0.95,0.8,89,93,81,0.479,0.377,0.314,-1.9,-1.2,-2.2,51,93,989.5
0,2025-03-17,4.2,7.4,2.2,0.20,0.20,0.00,1.0,13195.50,6.66,32.8,60.1,210,1.15,1.1,81,88,67,0.475,0.401,0.314,-2.2,-1.2,-2.0,51,97,983.1
0,2025-03-18,7.1,10.8,3.7,0.50,0.50,0.00,2.0,36479.63,12.69,31.0,58.0,211,2.26,1.5,69,85,47,0.480,0.417,0.315,-1.8,-1.2,-1.9,51,97,985.0
0,2025-03-19,6.6,11.4,3.9,0.00,0.00,0.00,0.0,37221.43,14.04,25.3,48.2,198,2.42,0.2,64,74,50,0.473,0.424,0.316,-0.2,-1.2,-1.7,3,94,985.0
0,2025-03-20,4.8,9.1,1.5,1.60,1.60,0.00,6.0,15046.57,7.41,23.2,41.8,237,1.27,0.9,77,98,56,0.480,0.435,0.317,0.9,-1.2,-1.5,53,99,981.7
0,2025-03-21,0.3,2.0,-3.0,2.40,0.00,1.68,7.0,25835.14,10.94,23.8,44.3,292,1.00,-2.7,82,97,63,0.470,0.444,0.318,0.9,-1.2,-1.3,73,74,988.6
0,2025-03-22,-1.3,3.4,-5.8,0.00,0.00,0.00,0.0,42154.46,16.70,14.2,30.2,232,1.67,-7.0,67,84,45,0.461,0.444,0.319,0.1,-1.2,-1.2,3,15,999.1
0,2025-03-23,-1.3,1.9,-3.9,0.00,0.00,0.00,0.0,38974.17,15.89,26.7,48.6,269,1.75,-7.9,63,87,38,0.457,0.443,0.320,-0.7,-1.2,-1.1,3,27,993.1
0,2025-03-24,-2.5,-0.8,-5.2,0.80,0.00,0.56,6.0,39180.81,15.65,28.1,54.7,321,1.64,-10.8,55,89,33,0.455,0.440,0.322,-0.9,-1.2,-1.1,71,48,994.1
0,2025-03-25,-2.1,3.1,-7.7,0.00,0.00,0.00,0.0,44026.71,17.45,13.7,30.2,281,1.85,-11.7,50,72,29,0.452,0.439,0.322,-0.8,-1.2,-1.1,1,5,1006.5
0,2025-03-26,2.0,8.2,-2.6,0.00,0.00,0.00,0.0,44500.90,17.31,15.2,32.8,243,2.32,-6.6,55,81,36,0.449,0.438,0.323,0.2,-1.2,-1.1,1,2,1007.7
0,2025-03-27,1.8,9.3,-5.0,0.00,0.00,0.00,0.0,44957.23,17.74,10.1,19.8,183,2.17,-5.7,62,87,33,0.444,0.437,0.324,0.0,-1.2,-1.0,1,4,1005.7
0,2025-03-28,3.4,10.2,-3.4,0.00,0.00,0.00,0.0,45205.96,17.97,13.8,30.6,129,2.40,-4.2,61,86,34,0.443,0.436,0.324,1.4,-1.2,-0.9,3,25,1002.7
0,2025-03-29,4.3,11.1,-1.1,0.00,0.00,0.00,0.0,45454.71,18.19,14.8,31.3,171,2.55,-4.0,58,79,31,0.438,0.435,0.325,2.8,-1.1,-0.7,3,61,1001.3
0,2025-03-30,4.4,11.6,-2.4,0.00,0.00,0.00,0.0,45704.24,18.55,16.4,31.0,204,2.67,-4.0,59,83,30,0.432,0.434,0.325,2.3,-1.1,-0.5,3,43,1000.8
0,2025-03-31,5.3,9.6,1.1,1.60,1.60,0.00,6.0,17786.55,9.26,24.4,47.2,219,1.45,1.5,77,96,53,0.433,0.432,0.326,2.6,-1.1,-0.3,51,79,995.3
0,2025-04-01,6.5,12.7,1.3,0.00,0.00,0.00,0.0,40580.83,16.80,21.5,41.8,305,2.47,0.7,70,96,41,0.439,0.431,0.326,3.8,-1.1,-0.1,3,31,993.1
0,2025-04-02,7.3,14.7,-0.6,0.00,0.00,0.00,0.0,46392.94,16.80,19.4,35.3,208,2.77,0.1,64,90,35,0.434,0.428,0.327,3.9,-1.1,0.2,3,53,994.2
0,2025-04-03,10.0,15.9,4.5,1.30,1.30,0.00,6.0,45408.98,15.78,30.7,58.0,204,3.18,3.0,63,80,40,0.444,0.424,0.328,5.9,-1.1,0.6,51,71,979.3
0,2025-04-04,5.3,10.0,0.8,11.00,11.00,0.00,16.0,0.00,2.39,21.4,38.2,301,0.56,3.8,90,99,73,0.483,0.436,0.328,4.0,-1.1,1.9,61,96,969.3
0,2025-04-05,6.2,12.6,-0.3,0.00,0.00,0.00,0.0,46716.56,18.87,30.0,58.3,231,2.80,-0.2,67,95,40,0.478,0.458,0.330,4.3,-1.0,2.0,3,60,980.6
0,2025-04-06,11.7,18.2,6.0,0.20,0.20,0.00,1.0,46800.00,18.45,20.4,50.4,232,3.46,4.0,61,77,42,0.473,0.455,0.332,8.4,-1.0,4.2,51,21,982.9
0,2025-04-07,13.4,19.3,6.9,0.00,0.00,0.00,0.0,43539.75,15.93,14.5,28.4,174,3.27,4.3,57,79,31,0.464,0.450,0.334,10.3,-0.9,6.3,3,72,981.7
0,2025-04-08,12.1,16.5,6.8,0.00,0.00,0.00,0.0,46787.72,18.42,16.5,34.9,346,3.07,6.1,68,88,51,0.454,0.443,0.335,10.5,-0.9,7.0,3,63,983.1
0,2025-04-09,11.9,19.3,3.5,0.00,0.00,0.00,0.0,46800.00,17.49,13.0,25.9,212,3.01,6.2,71,96,41,0.447,0.435,0.335,9.8,-0.8,6.9,3,25,991.2
0,2025-04-10,14.1,17.8,9.4,1.40,1.40,0.00,7.0,32441.51,12.33,27.3,58.7,185,2.94,8.5,70,86,59,0.454,0.431,0.337,11.1,-0.8,7.4,53,66,987.1
0,2025-04-11,17.1,21.2,14.4,0.40,0.40,0.00,1.0,23220.19,10.56,31.2,56.9,188,4.17,7.0,53,73,39,0.447,0.429,0.338,12.9,-0.7,8.9,51,88,980.2
0,2025-04-12,10.9,16.3,4.5,0.40,0.40,0.00,2.0,19141.67,10.27,26.1,54.4,246,2.51,4.7,67,81,47,0.431,0.425,0.339,10.6,-0.6,9.1,51,91,979.2
0,2025-04-13,7.0,10.2,4.0,0.00,0.00,0.00,0.0,29463.45,15.65,10.7,21.6,335,2.12,0.7,66,84,46,0.424,0.423,0.340,7.6,-0.6,6.3,3,98,988.1
0,2025-04-14,9.6,15.3,2.7,0.10,0.10,0.00,1.0,40329.11,16.59,19.5,39.2,262,3.09,0.0,55,82,29,0.413,0.416,0.340,8.1,-0.5,5.6,51,86,990.4
0,2025-04-15,7.7,10.3,3.0,1.40,1.40,0.00,5.0,43200.00,16.87,23.6,46.8,355,2.33,1.5,65,81,52,0.411,0.412,0.340,7.7,-0.5,5.8,53,68,992.9
0,2025-04-16,8.8,15.7,0.3,0.00,0.00,0.00,0.0,47375.76,21.56,29.6,56.5,250,4.03,-1.2,53,85,32,0.404,0.407,0.340,7.2,-0.4,5.0,3,43,990.2
0,2025-04-17,3.3,10.7,-2.5,1.90,1.30,0.42,6.0,41426.10,17.92,30.1,59.4,304,2.11,-3.4,64,92,35,0.401,0.404,0.341,5.4,-0.4,5.3,73,58,986.3
0,2025-04-18,-0.1,3.8,-6.6,1.40,1.00,0.28,7.0,47251.28,19.58,28.6,55.8,304,2.03,-6.8,61,75,45,0.406,0.407,0.345,0.1,-0.3,1.8,71,45,989.3
0,2025-04-19,1.0,7.1,-7.7,0.00,0.00,0.00,0.0,37072.17,19.86,18.0,32.8,212,2.41,-7.8,54,81,29,0.409,0.409,0.348,-0.8,-0.3,0.7,3,92,992.0
0,2025-04-20,15.5,23.4,5.3,0.00,0.00,0.00,0.0,44506.95,20.48,34.6,67.3,243,5.35,4.9,52,72,34,0.410,0.402,0.346,8.7,-0.3,1.9,3,66,981.5
0,2025-04-21,11.7,15.2,8.6,0.20,0.20,0.00,2.0,39256.34,15.61,17.1,30.6,12,2.65,4.6,65,92,39,0.398,0.394,0.345,10.0,-0.3,6.3,51,55,990.3
0,2025-04-22,16.1,23.9,10.5,2.30,2.30,0.00,5.0,46201.81,20.67,17.7,36.0,229,4.14,8.4,63,88,31,0.395,0.387,0.343,13.0,-0.2,8.2,61,41,991.4
0,2025-04-23,14.6,21.8,5.4,0.00,0.00,0.00,0.0,49367.39,21.79,22.2,39.2,304,4.74,4.0,50,64,34,0.389,0.376,0.340,13.4,-0.1,9.7,3,26,989.6
0,2025-04-24,10.0,17.8,2.5,0.00,0.00,0.00,0.0,49966.42,23.55,15.9,34.6,118,4.11,-1.3,47,63,31,0.373,0.368,0.338,9.8,-0.1,8.1,3,24,996.2
0,2025-04-25,17.2,24.8,8.5,0.00,0.00,0.00,0.0,49995.53,22.80,18.3,38.9,188,5.18,5.6,50,78,26,0.355,0.354,0.333,13.6,0.0,8.7,3,20,987.9
0,2025-04-26,19.8,25.6,14.7,1.20,1.20,0.00,3.0,46398.15,17.53,29.3,58.7,194,5.47,7.5,47,64,29,0.337,0.342,0.329,15.8,0.1,10.8,53,83,978.6
0,2025-04-27,16.7,20.5,13.0,2.80,2.80,0.00,9.0,38616.06,15.35,16.7,29.2,239,2.87,12.1,75,90,56,0.340,0.338,0.328,15.3,0.2,11.6,55,82,976.2
0,2025-04-28,16.8,24.3,10.1,1.00,1.00,0.00,6.0,50389.47,19.38,34.8,65.5,218,4.38,10.7,70,97,44,0.351,0.336,0.328,14.3,0.4,11.2,51,50,975.6
0,2025-04-29,4.9,11.3,1.4,0.50,0.50,0.00,5.0,44386.55,18.91,46.4,87.8,248,2.95,-3.8,55,79,37,0.355,0.339,0.330,7.7,0.6,9.1,51,50,980.9
0,2025-04-30,7.1,14.2,-0.8,0.00,0.00,0.00,0.0,49620.43,22.82,23.9,44.6,259,3.72,-4.7,47,78,22,0.356,0.340,0.332,7.1,0.9,5.8,3,14,997.9
0,2025-05-01,11.2,17.1,3.5,0.00,0.00,0.00,0.0,50400.00,24.90,22.8,45.4,220,4.83,-2.8,41,64,22,0.346,0.334,0.330,9.5,1.2,6.5,3,33,994.3
0,2025-05-02,11.3,17.2,4.1,0.80,0.80,0.00,6.0,52349.79,22.88,25.0,52.9,277,4.19,1.2,53,85,27,0.337,0.326,0.327,10.7,1.6,8.1,51,30,993.4
0,2025-05-03,10.6,16.6,1.6,0.00,0.00,0.00,0.0,24140.13,16.29,27.2,43.9,146,3.87,-0.1,51,80,30,0.329,0.320,0.325,9.3,1.9,7.6,3,99,996.4
0,2025-05-04,14.3,18.5,8.2,3.10,3.10,0.00,6.0,42544.06,19.97,27.0,50.4,240,4.41,4.5,54,78,33,0.351,0.316,0.323,12.7,2.3,9.3,55,42,980.8
0,2025-05-05,14.0,21.2,4.9,0.00,0.00,0.00,0.0,52652.24,21.99,28.3,56.5,270,4.72,2.8,52,84,27,0.342,0.310,0.320,12.1,2.6,9.6,3,17,986.0
0,2025-05-06,19.1,24.5,12.1,0.40,0.40,0.00,2.0,52190.14,22.41,21.9,43.2,231,5.72,4.6,41,61,23,0.324,0.301,0.316,15.9,3.0,11.3,51,59,987.2
0,2025-05-07,17.3,23.1,13.4,5.20,5.20,0.00,11.0,24595.74,13.39,15.1,32.4,215,2.78,12.5,75,89,47,0.360,0.296,0.313,16.0,3.5,12.7,61,96,983.2
0,2025-05-08,18.9,25.1,12.5,0.10,0.10,0.00,1.0,20034.79,12.55,12.2,24.1,84,2.97,12.0,67,94,41,0.365,0.293,0.311,16.3,4.0,12.7,51,89,979.0
0,2025-05-09,20.4,27.1,15.3,3.80,3.80,0.00,5.0,44840.74,22.85,14.7,38.9,249,4.66,12.1,63,95,35,0.359,0.290,0.310,18.6,4.4,14.4,61,57,973.8
0,2025-05-10,16.0,20.8,12.4,10.40,10.40,0.00,18.0,31577.86,14.68,21.1,38.2,267,2.67,13.1,84,98,62,0.430,0.298,0.311,16.1,4.9,14.5,63,84,977.9
0,2025-05-11,11.5,13.9,8.5,1.30,1.30,0.00,8.0,0.00,4.51,24.6,38.2,357,0.95,9.4,87,100,73,0.446,0.321,0.312,12.3,5.2,12.1,51,99,989.1
0,2025-05-12,15.4,22.5,7.9,4.40,4.40,0.00,10.0,18331.28,11.18,17.3,42.5,201,2.43,11.1,78,98,49,0.440,0.333,0.313,12.5,5.4,10.3,55,93,988.4
0,2025-05-13,15.3,19.9,12.5,2.50,2.50,0.00,9.0,23533.76,13.29,20.5,42.5,65,2.14,13.5,89,100,69,0.441,0.346,0.315,14.5,5.8,11.7,53,94,985.2
0,2025-05-14,17.0,21.9,13.4,0.50,0.50,0.00,2.0,39366.93,14.17,18.0,41.4,71,2.50,14.4,86,97,68,0.424,0.355,0.318,15.5,6.4,12.7,51,79,983.0
0,2025-05-15,21.9,31.7,12.7,0.60,0.60,0.00,2.0,36328.33,20.48,18.7,41.0,141,4.97,14.4,67,99,38,0.405,0.355,0.316,18.1,7.0,14.0,53,87,984.2
0,2025-05-16,20.2,23.9,16.2,1.20,1.20,0.00,3.0,32840.40,16.35,12.6,27.7,356,3.34,15.6,76,98,55,0.386,0.351,0.315,19.0,7.8,16.0,53,70,985.4
0,2025-05-17,14.7,17.3,13.3,4.00,4.00,0.00,10.0,4151.41,5.40,22.4,42.1,3,1.22,12.5,87,96,77,0.399,0.348,0.313,15.0,8.5,14.8,53,94,980.8
0,2025-05-18,13.1,16.5,9.8,0.00,0.00,0.00,0.0,11678.13,12.48,25.7,50.4,354,2.98,6.3,64,80,43,0.407,0.351,0.314,13.1,8.8,12.7,3,93,980.5
0,2025-05-19,15.0,22.0,5.2,0.00,0.00,0.00,0.0,50981.45,27.08,16.3,31.3,250,5.17,4.2,54,93,27,0.387,0.348,0.312,14.1,8.9,12.3,3,18,990.0
0,2025-05-20,18.6,23.8,12.4,0.20,0.20,0.00,1.0,52151.88,20.89,25.3,47.5,203,5.89,5.8,45,67,27,0.365,0.343,0.311,16.4,9.1,13.8,51,85,986.8
0,2025-05-21,19.2,24.0,14.0,0.00,0.00,0.00,0.0,54182.90,25.28,29.0,55.4,238,6.31,5.7,44,69,22,0.348,0.336,0.308,17.8,9.5,15.3,3,16,982.9
0,2025-05-22,17.3,23.8,11.2,8.80,8.80,0.00,10.0,28783.30,15.56,23.9,48.2,127,3.77,8.6,60,83,30,0.353,0.332,0.308,16.7,9.9,15.4,61,61,981.7
0,2025-05-23,12.8,14.2,10.9,5.40,5.40,0.00,10.0,6955.39,3.90,31.3,61.2,267,0.83,11.5,92,100,85,0.456,0.342,0.307,13.5,10.1,14.1,61,77,970.0
0,2025-05-24,9.1,12.0,4.6,0.00,0.00,0.00,0.0,21377.57,14.41,22.5,43.2,295,2.44,3.1,68,93,46,0.436,0.360,0.311,11.1,10.1,11.9,3,90,984.5
0,2025-05-25,8.4,12.8,3.3,3.60,3.60,0.00,10.0,48533.02,18.40,14.4,29.5,264,2.66,3.8,74,95,47,0.423,0.366,0.315,9.7,9.8,10.3,55,44,986.4
0,2025-05-26,9.4,14.5,4.0,0.00,0.00,0.00,0.0,40846.56,24.34,34.0,63.4,326,3.63,3.1,67,96,43,0.418,0.370,0.317,10.7,9.5,10.4,3,52,993.4
0,2025-05-27,14.8,23.5,3.7,0.00,0.00,0.00,0.0,54917.97,23.01,25.0,45.0,274,4.72,6.8,62,96,38,0.396,0.367,0.317,13.2,9.4,11.4,3,53,994.7
0,2025-05-28,18.1,22.8,13.1,0.00,0.00,0.00,0.0,54427.55,26.55,22.7,46.4,322,5.72,7.3,51,70,31,0.374,0.358,0.313,16.9,9.5,14.0,3,75,991.5
0,2025-05-29,20.1,28.0,11.1,0.10,0.10,0.00,1.0,54375.28,25.78,13.7,36.0,287,5.50,9.9,55,77,30,0.356,0.350,0.310,18.2,9.8,15.3,51,31,992.7
0,2025-05-30,20.6,27.4,11.4,0.00,0.00,0.00,0.0,55316.42,26.16,15.1,38.5,332,5.66,10.4,57,93,25,0.342,0.344,0.309,19.2,10.2,16.6,1,7,990.9
0,2025-05-31,22.5,29.1,14.6,0.10,0.10,0.00,1.0,52105.59,24.94,14.7,27.0,283,5.93,8.5,45,70,25,0.325,0.331,0.302,20.5,10.8,17.6,51,49,990.4
0,2025-06-01,22.3,28.1,15.4,0.40,0.40,0.00,2.0,53866.67,26.33,10.2,24.1,275,5.58,9.7,47,72,28,0.316,0.321,0.298,21.8,11.3,18.6,51,31,989.1
0,2025-06-02,22.9,29.6,12.9,0.00,0.00,0.00,0.0,55261.69,26.57,10.7,17.3,225,5.66,9.8,48,83,25,0.308,0.313,0.295,22.2,11.9,19.5,2,20,984.4
0,2025-06-03,23.5,30.7,15.6,1.00,1.00,0.00,2.0,50970.47,22.95,17.1,36.7,182,5.85,10.7,48,82,25,0.301,0.305,0.292,22.7,12.5,20.2,53,49,978.2
0,2025-06-04,21.1,25.8,15.1,4.20,4.20,0.00,11.0,49783.58,21.39,17.5,41.4,232,4.92,11.3,56,81,29,0.312,0.302,0.291,21.6,13.1,20.3,55,63,974.0
0,2025-06-05,19.4,25.1,12.1,2.90,2.90,0.00,6.0,53418.06,22.40,20.1,43.9,279,4.87,11.3,63,96,39,0.368,0.298,0.289,19.9,13.4,19.0,61,38,978.1
0,2025-06-06,22.2,27.5,17.1,0.00,0.00,0.00,0.0,55205.99,27.05,15.6,31.3,308,5.97,11.8,54,76,35,0.350,0.298,0.289,21.9,13.7,19.4,3,41,983.6
0,2025-06-07,16.0,18.9,12.5,7.40,7.40,0.00,18.0,8375.34,8.74,23.1,46.4,43,1.80,13.1,84,94,63,0.361,0.301,0.292,17.7,13.9,18.9,53,96,986.5
0,2025-06-08,15.1,19.6,10.7,0.40,0.40,0.00,3.0,52714.11,28.79,20.7,42.5,31,4.96,6.9,61,93,40,0.392,0.309,0.296,16.9,13.9,16.6,51,34,989.7
0,2025-06-09,16.2,22.7,7.9,0.00,0.00,0.00,0.0,56883.67,28.32,14.8,32.0,76,5.16,7.2,59,91,34,0.368,0.312,0.299,17.3,13.7,16.4,1,4,993.5
0,2025-06-10,19.1,25.7,10.1,0.00,0.00,0.00,0.0,56857.42,28.81,14.9,30.6,104,5.91,8.2,54,91,30,0.347,0.308,0.297,18.8,13.6,17.1,0,0,991.8
0,2025-06-11,22.9,29.8,13.0,0.00,0.00,0.00,0.0,57090.14,28.75,18.8,38.5,111,6.97,9.3,47,81,23,0.329,0.301,0.294,21.4,13.7,18.6,3,8,988.1
0,2025-06-12,24.1,30.8,17.8,0.90,0.90,0.00,2.0,49510.06,23.74,14.1,33.1,152,5.75,13.3,53,84,33,0.317,0.295,0.291,23.3,14.0,20.6,53,77,986.2
0,2025-06-13,22.6,28.9,16.6,3.00,3.00,0.00,5.0,47580.56,20.62,16.5,38.9,174,4.59,15.5,67,92,40,0.313,0.289,0.288,22.7,14.5,21.1,61,64,984.8
0,2025-06-14,22.2,29.0,15.8,10.80,10.80,0.00,5.0,50836.80,24.09,11.2,31.0,269,4.91,15.4,69,91,34,0.341,0.285,0.286,23.2,14.8,21.2,63,49,982.0
0,2025-06-15,22.3,27.3,16.4,0.30,0.30,0.00,3.0,55150.68,23.78,17.9,36.4,327,5.05,16.2,71,95,46,0.394,0.288,0.286,22.6,15.2,21.3,51,38,982.7
0,2025-06-16,24.0,31.3,15.0,0.00,0.00,0.00,0.0,56756.79,27.19,12.9,19.8,141,5.78,15.6,64,96,33,0.363,0.288,0.286,23.9,15.5,21.5,3,22,982.7
0,2025-06-17,27.4,34.5,19.9,0.00,0.00,0.00,0.0,54652.08,27.82,21.0,40.7,178,7.74,13.9,48,77,22,0.332,0.285,0.285,25.8,15.9,22.8,3,51,978.0
0,2025-06-18,25.0,28.9,20.2,2.10,2.10,0.00,4.0,43918.99,20.54,14.0,36.7,296,5.11,16.2,59,82,42,0.318,0.290,0.289,25.6,16.3,23.8,61,76,973.8
0,2025-06-19,20.5,24.9,16.5,2.50,2.50,0.00,7.0,50368.73,21.51,22.7,50.8,240,4.51,15.0,72,98,49,0.323,0.296,0.293,22.5,16.7,22.6,55,64,970.6
0,2025-06-20,19.2,24.0,15.9,1.60,1.60,0.00,7.0,55234.28,19.53,23.0,51.1,212,4.15,13.5,71,86,54,0.337,0.304,0.300,20.5,16.8,20.9,53,60,971.0
0,2025-06-21,19.3,24.2,15.1,0.00,0.00,0.00,0.0,54360.44,22.84,34.9,65.9,238,5.22,11.3,63,87,36,0.338,0.310,0.304,20.0,16.8,19.8,3,47,972.6
0,2025-06-22,19.3,23.0,15.4,0.00,0.00,0.00,0.0,55411.70,21.86,38.5,72.4,241,5.61,9.6,55,76,36,0.328,0.314,0.310,19.6,16.6,19.5,2,40,974.2
0,2025-06-23,16.6,18.9,14.1,9.60,9.60,0.00,14.0,26390.77,13.15,17.8,38.9,246,2.78,11.9,74,96,63,0.354,0.318,0.314,18.0,16.5,18.5,63,88,974.1
0,2025-06-24,15.4,18.5,12.6,0.30,0.30,0.00,3.0,38158.51,17.44,19.6,29.9,348,3.35,8.9,69,98,39,0.410,0.325,0.317,17.1,16.2,17.3,51,74,980.9
0,2025-06-25,15.3,19.5,10.0,0.00,0.00,0.00,0.0,28887.07,15.35,9.8,23.0,39,3.31,5.6,55,78,36,0.388,0.331,0.320,16.1,15.8,16.6,3,68,984.3
0,2025-06-26,16.4,21.8,8.1,0.00,0.00,0.00,0.0,33059.37,18.38,15.1,30.2,79,4.08,6.6,56,88,36,0.369,0.332,0.320,16.3,15.5,16.3,3,72,983.7
0,2025-06-27,19.1,24.2,12.5,0.00,0.00,0.00,0.0,39317.11,18.33,10.2,18.0,140,3.64,8.6,54,86,32,0.354,0.330,0.319,18.1,15.3,17.1,3,81,981.2
0,2025-06-28,19.7,25.9,13.6,2.90,2.90,0.00,5.0,48707.20,20.50,16.9,33.1,156,4.49,12.6,65,88,47,0.344,0.328,0.320,19.2,15.2,18.0,55,86,974.1
0,2025-06-29,18.4,22.5,14.8,5.00,5.00,0.00,11.0,48515.44,21.49,11.0,24.5,171,3.94,12.9,72,96,45,0.386,0.325,0.319,19.5,15.2,18.7,55,63,969.4
0,2025-06-30,19.4,25.1,12.4,0.60,0.60,0.00,5.0,54899.28,21.79,12.6,26.3,313,4.26,13.3,71,96,46,0.379,0.327,0.321,19.6,15.3,18.6,51,48,970.8
0,2025-07-01,22.5,28.2,15.5,0.10,0.10,0.00,1.0,55891.32,25.13,11.6,25.2,284,5.35,14.4,64,90,39,0.361,0.324,0.320,21.5,15.4,19.5,51,23,977.6
0,2025-07-02,24.9,31.7,16.4,0.00,0.00,0.00,0.0,55917.82,27.25,8.1,22.7,224,5.77,15.4,60,93,31,0.339,0.317,0.317,23.7,15.7,21.0,3,40,982.5
0,2025-07-03,25.1,31.0,20.3,2.40,2.40,0.00,2.0,43971.12,22.31,14.9,32.0,197,5.54,16.4,61,85,35,0.323,0.312,0.315,24.6,16.1,22.4,61,64,982.7
0,2025-07-04,22.2,28.3,15.6,2.50,2.50,0.00,7.0,42112.44,18.57,28.2,62.3,183,4.70,15.7,69,91,47,0.335,0.314,0.319,22.7,16.6,22.4,53,72,974.0
0,2025-07-05,18.7,22.8,14.3,3.60,3.60,0.00,12.0,48751.87,19.46,24.4,51.5,286,3.91,14.0,76,95,57,0.368,0.316,0.322,19.7,16.8,20.4,53,46,973.1
0,2025-07-06,22.3,27.9,16.1,0.00,0.00,0.00,0.0,56045.80,24.15,20.3,43.6,286,5.52,14.3,63,85,40,0.363,0.318,0.324,21.5,16.8,20.0,2,20,976.6
0,2025-07-07,19.2,22.7,14.4,0.60,0.60,0.00,2.0,51347.26,25.41,25.4,48.6,318,5.06,11.9,65,94,43,0.348,0.318,0.326,20.6,16.9,20.2,51,54,979.5
0,2025-07-08,17.8,23.1,11.0,0.00,0.00,0.00,0.0,47362.68,19.76,12.3,30.2,328,4.24,8.8,59,88,36,0.335,0.319,0.329,18.6,16.9,19.1,3,42,985.3
0,2025-07-09,18.6,24.0,11.1,2.80,2.80,0.00,4.0,54248.76,23.13,11.8,28.4,331,4.45,12.0,68,94,44,0.328,0.316,0.328,19.2,16.7,18.8,61,33,985.9
0,2025-07-10,20.4,26.7,12.1,0.00,0.00,0.00,0.0,55260.28,23.83,8.9,21.6,314,4.72,12.2,64,97,35,0.328,0.312,0.327,20.3,16.7,19.3,3,39,984.5
0,2025-07-11,22.2,28.1,17.0,0.00,0.00,0.00,0.0,52536.08,21.76,22.3,44.6,296,5.49,14.1,62,81,39,0.320,0.311,0.329,21.7,16.7,20.3,3,58,982.1
0,2025-07-12,17.9,21.4,14.3,1.10,1.10,0.00,9.0,46437.99,16.66,22.4,46.8,316,3.84,11.3,67,82,49,0.316,0.310,0.329,19.3,16.8,19.9,51,76,983.8
0,2025-07-13,18.0,22.0,14.1,0.00,0.00,0.00,0.0,35108.23,15.37,21.2,42.5,310,3.79,10.7,64,86,43,0.315,0.311,0.330,18.6,16.8,18.6,3,73,982.3
0,2025-07-14,16.2,18.4,13.9,1.00,1.00,0.00,8.0,9607.50,10.16,19.7,38.5,310,2.17,12.6,80,90,70,0.317,0.314,0.334,17.3,16.7,17.8,51,99,980.3
0,2025-07-15,19.2,25.2,13.6,0.30,0.30,0.00,2.0,46315.03,19.97,13.6,30.6,277,4.34,11.0,64,96,32,0.321,0.315,0.335,18.9,16.5,17.9,51,61,979.0
0,2025-07-16,22.5,28.6,14.6,0.00,0.00,0.00,0.0,51407.47,21.40,24.1,45.0,226,5.70,11.4,54,83,29,0.312,0.314,0.336,20.7,16.4,19.0,3,32,976.7
0,2025-07-17,20.5,25.6,14.4,0.00,0.00,0.00,0.0,54292.85,25.42,13.5,40.3,329,5.05,13.1,66,96,42,0.303,0.312,0.336,21.4,16.5,20.2,2,29,979.4
0,2025-07-18,17.5,22.8,11.1,11.10,11.10,0.00,12.0,25192.25,13.80,14.3,30.2,158,2.75,12.9,77,100,46,0.329,0.314,0.338,18.6,16.7,19.4,61,67,979.3
0,2025-07-19,16.0,19.4,11.5,1.20,1.20,0.00,10.0,47285.79,19.27,22.7,47.5,318,3.43,11.0,75,99,48,0.427,0.323,0.340,17.7,16.7,18.4,51,52,981.4
0,2025-07-20,18.0,25.0,9.5,0.00,0.00,0.00,0.0,54063.79,27.49,19.6,39.6,269,5.44,9.7,62,90,38,0.397,0.329,0.342,17.8,16.5,17.4,0,0,988.5
0,2025-07-21,20.0,26.1,12.0,0.00,0.00,0.00,0.0,54000.00,24.62,12.5,27.7,307,5.05,11.6,62,87,37,0.370,0.327,0.341,19.6,16.4,18.5,2,16,988.7
0,2025-07-22,21.3,27.6,14.1,0.00,0.00,0.00,0.0,37870.91,19.23,11.4,22.3,160,4.08,13.5,64,93,38,0.351,0.325,0.341,20.7,16.5,19.5,3,91,987.7
0,2025-07-23,20.3,24.6,15.4,0.00,0.00,0.00,0.0,46837.31,17.41,13.2,25.2,91,3.75,13.5,67,92,46,0.342,0.327,0.344,20.6,16.6,19.8,3,95,982.0
0,2025-07-24,20.3,25.0,15.7,0.00,0.00,0.00,0.0,54000.00,26.06,24.5,47.9,120,5.90,11.5,59,80,41,0.330,0.325,0.344,20.9,16.8,19.9,3,41,975.8
0,2025-07-25,18.7,25.5,13.8,12.40,12.40,0.00,17.0,32420.95,16.55,21.3,41.8,133,3.85,12.9,70,98,47,0.389,0.322,0.342,19.3,16.9,19.3,63,89,969.1
0,2025-07-26,20.0,23.3,16.6,1.10,1.10,0.00,8.0,51298.24,17.32,15.5,30.6,233,3.24,16.8,83,99,65,0.425,0.330,0.342,20.3,16.9,19.5,51,81,968.0
0,2025-07-27,19.2,23.4,15.7,15.00,15.00,0.00,15.0,21043.60,10.99,12.2,23.0,311,2.17,16.8,87,97,69,0.435,0.342,0.342,19.6,17.0,19.4,63,96,969.3
0,2025-07-28,20.9,27.2,15.5,1.80,1.80,0.00,9.0,43303.81,20.03,20.5,36.4,219,4.25,14.9,73,97,39,0.460,0.387,0.340,20.5,17.0,19.3,51,67,972.1
0,2025-07-29,17.9,21.0,13.8,2.20,2.20,0.00,9.0,29436.18,11.00,9.6,23.8,227,2.06,15.1,84,97,73,0.439,0.391,0.340,18.4,17.0,19.0,53,80,972.6
0,2025-07-30,17.8,21.2,12.6,7.20,7.20,0.00,9.0,41465.40,15.00,11.6,29.9,98,2.72,14.6,83,98,63,0.442,0.394,0.340,18.1,17.0,18.1,63,66,972.4
0,2025-07-31,18.0,21.4,15.1,21.10,21.10,0.00,23.0,18179.72,10.68,10.5,28.1,2,1.94,16.5,91,97,77,0.503,0.437,0.341,18.2,16.9,18.0,63,94,973.4
0,2025-08-01,18.7,23.0,16.1,6.60,6.60,0.00,16.0,28374.75,13.23,18.2,33.1,7,2.33,17.2,91,100,69,0.492,0.473,0.344,18.9,16.8,18.3,61,94,975.8
0,2025-08-02,19.1,23.2,15.0,1.00,1.00,0.00,9.0,49120.28,18.73,22.4,44.3,354,3.67,15.0,79,100,56,0.479,0.472,0.347,19.2,16.7,18.6,51,71,981.7
0,2025-08-03,15.3,19.3,10.2,0.00,0.00,0.00,0.0,54000.00,19.64,17.3,39.6,3,3.82,8.6,67,92,44,0.457,0.460,0.348,16.6,16.7,17.9,2,32,989.8
0,2025-08-04,13.3,18.9,5.6,0.00,0.00,0.00,0.0,38399.96,15.82,18.8,37.8,326,3.07,6.8,68,95,44,0.441,0.451,0.351,14.0,16.5,16.0,3,49,993.6
0,2025-08-05,16.9,24.0,7.9,0.00,0.00,0.00,0.0,53947.51,22.32,14.6,30.2,251,4.16,10.7,71,100,41,0.428,0.443,0.351,16.0,16.2,15.6,2,30,988.3
0,2025-08-06,16.2,19.2,12.2,0.00,0.00,0.00,0.0,53430.99,20.55,17.3,33.5,11,3.49,11.4,75,96,53,0.416,0.432,0.350,16.9,16.0,16.9,3,50,984.3
0,2025-08-07,16.7,23.3,11.1,0.80,0.80,0.00,5.0,48376.21,18.43,15.6,34.2,259,3.41,12.6,78,92,57,0.409,0.425,0.351,16.9,15.9,16.7,51,50,981.9
0,2025-08-08,13.5,17.1,10.6,0.40,0.40,0.00,4.0,16765.99,11.29,18.2,35.6,41,2.23,9.2,77,98,55,0.412,0.426,0.352,14.8,15.9,16.2,51,80,984.1
0,2025-08-09,15.2,21.6,6.0,0.00,0.00,0.00,0.0,36683.12,18.17,15.7,33.8,338,3.53,9.1,71,100,45,0.408,0.423,0.353,14.8,15.6,15.2,3,25,988.2
0,2025-08-10,17.4,23.7,9.1,0.30,0.30,0.00,3.0,53369.65,17.86,8.1,19.8,313,3.36,11.5,71,95,46,0.398,0.415,0.352,16.3,15.5,16.0,51,35,989.6
0,2025-08-11,18.8,25.6,8.9,0.00,0.00,0.00,0.0,43545.90,17.66,14.4,25.6,137,3.77,11.3,66,100,37,0.388,0.407,0.351,17.3,15.5,16.7,3,77,985.5
0,2025-08-12,17.1,20.7,14.6,21.40,21.40,0.00,15.0,19822.37,9.42,18.5,33.5,329,1.87,14.3,85,100,63,0.476,0.436,0.349,17.3,15.6,17.3,63,73,977.6
0,2025-08-13,17.6,21.6,13.4,3.90,3.90,0.00,8.0,43257.22,14.52,15.2,36.7,225,2.65,14.4,83,95,66,0.476,0.458,0.351,17.2,15.6,16.8,61,75,978.6
0,2025-08-14,16.2,19.5,14.3,8.00,8.00,0.00,14.0,28537.93,11.08,14.7,27.0,234,1.88,14.4,89,98,79,0.493,0.467,0.355,16.7,15.6,16.8,63,92,970.7
0,2025-08-15,16.3,20.6,12.7,2.20,2.20,0.00,15.0,29348.52,12.78,15.4,31.0,278,2.21,13.8,86,97,67,0.482,0.472,0.358,16.7,15.6,16.4,53,76,971.7
0,2025-08-16,15.9,19.5,11.7,6.60,6.60,0.00,10.0,37263.11,14.37,12.5,22.3,199,2.40,13.4,86,95,73,0.482,0.469,0.361,16.6,15.6,16.4,63,67,971.7
0,2025-08-17,15.9,20.4,13.1,6.90,6.90,0.00,17.0,25447.67,11.24,19.5,42.5,273,2.07,13.3,85,100,62,0.500,0.486,0.364,16.2,15.5,16.2,55,69,973.2
0,2025-08-18,16.2,20.9,11.9,0.30,0.30,0.00,3.0,48091.35,16.15,23.6,46.8,273,3.13,11.4,75,94,51,0.481,0.481,0.369,15.9,15.5,16.0,51,60,979.9
0,2025-08-19,19.1,26.4,11.7,0.10,0.10,0.00,1.0,48693.90,18.89,13.6,29.5,251,3.71,14.0,75,96,50,0.464,0.468,0.371,17.6,15.4,16.3,51,52,982.5
0,2025-08-20,20.5,25.8,16.2,1.70,1.70,0.00,9.0,34714.28,15.57,22.2,41.4,169,4.04,14.1,69,86,47,0.449,0.456,0.371,19.0,15.5,17.8,53,96,976.2
0,2025-08-21,16.3,20.7,12.1,3.00,3.00,0.00,9.0,42484.87,15.89,15.2,32.0,247,2.95,11.7,76,95,52,0.445,0.447,0.371,17.1,15.7,17.6,53,53,975.4
0,2025-08-22,16.3,21.5,11.7,0.70,0.70,0.00,7.0,45492.71,16.01,17.1,33.5,308,2.87,12.7,81,99,55,0.451,0.442,0.372,16.7,15.8,16.8,51,72,978.4
0,2025-08-23,18.0,23.3,13.0,0.40,0.40,0.00,4.0,46459.56,15.59,18.0,38.9,308,2.97,14.5,81,99,58,0.442,0.436,0.372,17.5,15.8,17.0,51,76,982.7
0,2025-08-24,17.0,22.8,10.5,0.00,0.00,0.00,0.0,46908.36,21.18,10.2,24.8,336,3.73,10.7,70,95,42,0.430,0.430,0.371,17.1,15.8,17.1,3,26,990.7
0,2025-08-25,19.1,26.9,11.1,0.00,0.00,0.00,0.0,46956.74,20.81,10.9,19.8,155,4.13,12.2,68,94,42,0.413,0.421,0.369,18.1,15.9,17.1,0,1,993.1
0,2025-08-26,21.8,29.1,14.5,0.00,0.00,0.00,0.0,47005.21,20.40,17.3,34.9,177,4.96,12.9,60,85,35,0.394,0.407,0.364,19.9,16.0,18.3,3,13,991.9
0,2025-08-27,24.0,30.7,18.1,0.00,0.00,0.00,0.0,46800.00,19.59,15.3,28.1,202,5.16,13.2,53,71,32,0.374,0.393,0.357,21.7,16.2,19.6,3,40,989.8
0,2025-08-28,21.6,25.4,16.0,0.10,0.10,0.00,1.0,46800.00,19.45,20.7,35.6,247,4.95,10.9,52,74,37,0.358,0.383,0.355,21.2,16.6,20.5,51,38,985.6
0,2025-08-29,15.3,20.7,10.6,0.00,0.00,0.00,0.0,46800.00,20.02,16.9,35.3,278,3.62,8.4,66,93,40,0.349,0.378,0.354,17.0,16.9,18.8,3,21,987.7
0,2025-08-30,11.6,14.6,8.7,3.80,3.80,0.00,13.0,41427.44,12.41,21.3,43.9,291,2.01,8.2,80,94,68,0.359,0.379,0.358,13.5,16.8,16.4,61,65,983.7
0,2025-08-31,11.8,16.1,7.6,0.50,0.50,0.00,5.0,25955.57,10.72,20.8,38.2,290,1.94,8.1,79,93,58,0.376,0.381,0.361,12.8,16.5,14.5,51,85,987.3
0,2025-09-01,12.5,16.4,8.6,0.70,0.70,0.00,6.0,44585.65,14.67,17.8,38.9,346,2.43,8.2,76,90,56,0.376,0.379,0.361,13.7,16.1,14.5,51,61,985.1
0,2025-09-02,12.6,19.0,6.3,0.30,0.30,0.00,2.0,46677.67,14.33,18.6,37.4,322,2.71,7.4,73,95,49,0.373,0.377,0.361,12.8,15.7,14.1,51,19,989.0
0,2025-09-03,12.9,18.9,5.7,3.70,3.70,0.00,10.0,24508.26,10.62,15.3,31.3,235,2.02,9.2,80,97,52,0.372,0.373,0.360,13.1,15.4,14.0,53,75,992.0
0,2025-09-04,18.5,25.1,12.5,0.40,0.40,0.00,3.0,35300.92,14.58,20.9,39.6,200,3.25,11.4,66,95,42,0.398,0.372,0.360,16.6,15.2,15.3,51,99,988.3
0,2025-09-05,18.7,26.9,10.9,0.00,0.00,0.00,0.0,36497.88,15.63,16.1,29.5,113,3.68,12.1,69,98,40,0.381,0.365,0.356,17.5,15.2,16.6,3,99,989.0
0,2025-09-06,18.1,23.3,13.1,0.00,0.00,0.00,0.0,36900.84,15.31,22.1,42.8,95,4.05,9.8,61,80,39,0.365,0.358,0.351,17.6,15.4,17.3,3,97,988.1
0,2025-09-07,15.4,19.4,12.4,4.20,4.20,0.00,12.0,30561.30,10.99,26.7,58.3,63,2.53,10.9,76,97,53,0.363,0.355,0.351,16.0,15.6,16.8,53,88,985.3
0,2025-09-08,13.3,18.3,9.0,4.60,4.60,0.00,15.0,27098.43,9.16,18.4,32.8,23,1.62,10.6,85,100,56,0.435,0.359,0.351,14.5,15.6,15.5,53,69,982.0
0,2025-09-09,12.9,17.1,8.0,3.90,3.90,0.00,9.0,15607.61,8.07,12.6,29.9,222,1.48,10.3,84,96,70,0.433,0.366,0.353,13.2,15.4,14.3,55,86,982.6
0,2025-09-10,12.4,15.3,10.7,2.70,2.70,0.00,12.0,28229.58,10.84,14.3,28.8,295,1.53,10.7,90,100,72,0.452,0.376,0.354,13.8,15.2,14.2,53,77,982.1
0,2025-09-11,11.3,13.1,9.3,3.20,3.20,0.00,16.0,2436.13,5.33,25.4,40.0,351,0.87,10.0,92,100,80,0.448,0.386,0.354,12.6,15.0,13.6,53,97,987.3
0,2025-09-12,8.8,11.1,5.7,4.10,4.10,0.00,13.0,17293.92,6.71,14.9,28.8,9,0.95,7.4,91,100,77,0.448,0.394,0.356,10.8,14.7,12.5,55,89,996.1
0,2025-09-13,7.7,13.4,1.3,0.00,0.00,0.00,0.0,20929.30,8.94,15.4,32.0,347,1.60,3.3,77,99,50,0.446,0.401,0.356,8.8,14.3,11.0,3,58,999.2
0,2025-09-14,10.1,16.3,4.3,0.00,0.00,0.00,0.0,37243.81,11.82,10.3,20.5,52,1.97,5.8,77,96,51,0.427,0.401,0.355,10.4,13.8,11.3,2,42,1002.8
0,2025-09-15,10.2,16.1,3.3,0.00,0.00,0.00,0.0,42451.22,13.52,15.2,29.2,109,2.38,4.7,73,100,45,0.415,0.399,0.354,10.5,13.5,11.4,3,43,999.8
0,2025-09-16,11.5,17.3,5.9,0.00,0.00,0.00,0.0,37834.97,13.69,23.3,45.4,68,2.66,5.5,69,89,47,0.404,0.396,0.353,11.1,13.3,11.7,3,89,992.3
0,2025-09-17,12.2,18.3,7.0,0.00,0.00,0.00,0.0,40631.57,13.04,16.7,33.8,49,2.43,6.7,72,92,43,0.394,0.392,0.352,12.0,13.2,12.1,3,50,990.2
0,2025-09-18,11.8,18.5,4.9,0.10,0.10,0.00,1.0,41345.67,11.95,11.8,25.9,10,2.04,7.9,80,99,52,0.385,0.387,0.349,11.6,13.1,12.2,51,29,991.3
0,2025-09-19,12.7,18.4,8.0,0.40,0.40,0.00,3.0,37989.58,10.68,11.3,24.5,328,1.89,9.0,81,97,54,0.380,0.382,0.347,12.5,13.0,12.5,51,46,992.3
0,2025-09-20,11.7,18.4,6.6,0.00,0.00,0.00,0.0,36671.31,10.94,10.6,23.0,260,2.10,5.4,69,96,37,0.374,0.377,0.345,11.6,13.0,12.4,3,57,992.4
0,2025-09-21,12.6,19.3,6.5,0.00,0.00,0.00,0.0,26883.56,10.16,12.6,24.1,205,2.14,5.9,67,91,34,0.366,0.371,0.341,11.9,12.9,12.1,3,82,991.1
0,2025-09-22,12.6,19.0,8.8,1.00,1.00,0.00,5.0,24243.98,10.02,18.9,38.2,245,2.04,8.1,77,97,42,0.362,0.367,0.340,12.5,12.9,12.8,51,78,981.1
0,2025-09-23,11.6,16.5,7.0,0.00,0.00,0.00,0.0,29224.47,9.67,21.4,41.8,272,1.90,7.5,78,98,53,0.364,0.367,0.341,11.8,12.9,12.4,3,33,984.2
0,2025-09-24,18.9,27.4,11.5,0.00,0.00,0.00,0.0,39103.01,13.04,21.4,42.1,239,4.02,10.1,60,87,32,0.354,0.359,0.335,15.9,12.9,13.5,2,10,985.3
0,2025-09-25,20.6,28.2,15.3,0.00,0.00,0.00,0.0,38495.43,12.64,23.5,46.4,224,4.80,8.7,49,64,29,0.336,0.344,0.325,18.0,13.2,15.9,0,0,983.8
0,2025-09-26,17.3,24.5,10.5,0.00,0.00,0.00,0.0,37478.51,12.25,17.3,30.2,249,3.21,9.8,63,87,42,0.325,0.336,0.320,17.0,13.6,16.7,3,32,982.0
0,2025-09-27,7.4,10.2,6.5,8.20,8.20,0.00,16.0,3071.02,3.19,13.9,29.9,11,0.60,5.8,90,96,83,0.361,0.335,0.320,10.6,13.9,14.0,53,98,986.6
0,2025-09-28,4.1,6.7,1.2,0.10,0.10,0.00,1.0,597.61,3.75,14.3,29.9,22,0.62,2.3,89,100,76,0.408,0.338,0.319,7.3,13.7,10.8,51,99,994.5
0,2025-09-29,-0.1,1.5,-2.8,0.00,0.00,0.00,0.0,218.00,5.64,12.4,25.9,30,0.81,-4.0,75,85,63,0.398,0.341,0.320,3.5,13.1,7.8,3,98,1000.2
0,2025-09-30,-0.7,3.5,-3.9,0.10,0.00,0.07,1.0,9201.44,5.98,10.6,22.3,331,0.91,-5.8,70,88,44,0.391,0.345,0.322,1.2,12.3,5.2,71,85,994.9
0,2025-10-01,2.7,5.6,-1.9,0.30,0.20,0.07,3.0,273.55,4.34,17.5,34.2,265,0.67,0.6,86,93,78,0.388,0.347,0.323,2.8,11.4,4.5,71,97,988.1
0,2025-10-02,5.0,7.7,1.6,4.10,4.10,0.00,15.0,23333.49,6.46,25.3,48.2,303,0.96,2.5,85,97,72,0.413,0.349,0.325,5.6,10.7,6.0,53,79,989.1
0,2025-10-03,3.3,7.9,-1.4,0.00,0.00,0.00,0.0,29987.40,9.33,19.6,35.6,271,1.65,-3.0,66,89,43,0.415,0.354,0.328,4.2,10.2,6.1,3,54,1000.3
0,2025-10-04,2.5,4.4,-2.1,0.60,0.60,0.00,6.0,6839.84,4.36,23.4,45.7,325,1.01,-2.4,71,89,51,0.405,0.356,0.326,3.9,9.9,6.0,51,89,1001.5
0,2025-10-05,2.8,8.8,-3.7,0.00,0.00,0.00,0.0,22198.66,8.06,19.4,33.5,232,1.55,-3.4,66,91,47,0.396,0.358,0.324,2.0,9.4,4.4,3,91,1006.2
0,2025-10-06,5.8,10.5,1.0,0.00,0.00,0.00,0.0,26041.39,8.11,19.0,34.2,262,1.63,-1.3,62,91,45,0.386,0.356,0.322,6.0,9.0,5.7,3,61,1000.0
0,2025-10-07,3.0,9.4,-2.6,0.00,0.00,0.00,0.0,31938.28,9.62,10.8,20.5,104,1.31,-1.6,75,96,44,0.378,0.351,0.318,4.2,8.8,5.6,3,23,1001.1
0,2025-10-08,4.8,12.1,0.1,0.00,0.00,0.00,0.0,33789.22,9.55,12.2,24.8,234,1.60,-1.5,65,84,42,0.368,0.343,0.312,5.1,8.6,5.3,1,8,998.4
0,2025-10-09,3.7,10.1,-2.2,0.00,0.00,0.00,0.0,33302.29,9.30,9.3,20.9,340,1.28,-0.8,74,93,48,0.360,0.337,0.307,4.4,8.4,5.3,3,30,998.3
0,2025-10-10,7.3,15.0,2.3,0.00,0.00,0.00,0.0,30925.84,8.54,15.3,28.1,227,1.73,0.9,66,87,39,0.352,0.331,0.303,6.7,8.2,5.8,3,50,996.5
0,2025-10-11,0.9,4.5,-0.3,0.00,0.00,0.00,0.0,0.00,3.05,22.5,42.1,53,0.56,-1.2,86,95,76,0.348,0.328,0.301,3.3,8.1,5.6,3,98,997.3
0,2025-10-12,-1.9,0.9,-4.5,0.00,0.00,0.00,0.0,28789.85,7.84,20.2,43.2,81,1.04,-6.9,70,84,49,0.349,0.332,0.303,0.9,7.9,3.5,3,49,999.4
0,2025-10-13,-3.2,2.7,-8.2,0.00,0.00,0.00,0.0,31161.64,8.67,17.4,35.6,97,1.00,-7.7,73,93,48,0.352,0.336,0.305,-1.6,7.5,1.8,2,12,1002.4
0,2025-10-14,-4.5,1.0,-8.6,0.00,0.00,0.00,0.0,30742.69,8.46,18.6,36.4,107,0.86,-8.3,76,92,51,0.351,0.337,0.307,-2.5,6.9,1.1,1,5,1008.7
0,2025-10-15,-2.2,5.1,-7.9,0.00,0.00,0.00,0.0,30432.39,8.28,20.2,40.0,135,1.34,-8.6,65,88,36,0.351,0.337,0.307,-2.0,6.4,0.7,2,10,1009.7
0,2025-10-16,0.2,7.9,-5.6,0.00,0.00,0.00,0.0,27754.80,7.39,21.3,39.2,132,1.77,-9.2,53,76,23,0.349,0.336,0.306,-0.4,6.0,0.7,3,77,1004.3
0,2025-10-17,1.9,8.5,-3.5,0.00,0.00,0.00,0.0,21177.43,6.51,22.5,43.2,127,1.94,-8.1,50,68,27,0.346,0.334,0.304,1.4,5.6,1.0,3,97,996.2
0,2025-10-18,1.6,4.4,-0.1,1.40,1.30,0.07,8.0,6723.09,3.45,22.9,43.6,217,0.66,-1.4,81,92,53,0.348,0.332,0.303,1.5,5.4,2.0,71,87,987.8
0,2025-10-19,3.0,7.8,-1.3,0.00,0.00,0.00,0.0,29104.33,7.11,18.5,36.4,234,0.91,0.4,84,97,63,0.351,0.333,0.303,2.3,5.3,2.6,3,18,994.3
0,2025-10-20,5.0,11.4,-1.1,0.00,0.00,0.00,0.0,28968.69,7.01,15.0,30.6,230,1.13,1.1,77,93,53,0.350,0.332,0.303,4.3,5.3,3.4,3,16,997.7
0,2025-10-21,0.5,6.4,-3.0,0.00,0.00,0.00,0.0,20875.25,5.36,9.3,15.8,28,0.61,-1.0,90,100,75,0.348,0.329,0.302,0.8,5.3,2.9,3,33,1003.5
0,2025-10-22,1.0,9.2,-5.5,0.00,0.00,0.00,0.0,29529.92,7.11,14.6,27.4,112,0.94,-2.0,82,93,57,0.345,0.328,0.301,0.4,5.2,1.8,0,0,1005.6
0,2025-10-23,3.8,10.9,-2.6,0.00,0.00,0.00,0.0,13658.55,5.32,13.9,26.6,146,1.21,-1.8,70,93,44,0.342,0.326,0.300,2.3,5.1,2.2,3,58,1001.3
0,2025-10-24,6.5,14.8,1.0,0.00,0.00,0.00,0.0,17016.03,5.62,12.8,22.7,175,1.66,-3.2,52,67,29,0.334,0.319,0.294,5.1,5.1,3.5,3,87,994.7
0,2025-10-25,4.3,9.1,-0.6,0.00,0.00,0.00,0.0,12878.67,4.78,12.0,25.2,327,0.89,-0.2,73,89,57,0.327,0.313,0.290,4.5,5.3,4.5,3,69,989.9
0,2025-10-26,0.5,6.2,-3.5,0.00,0.00,0.00,0.0,8351.24,3.65,10.4,19.8,301,0.57,-2.6,81,95,59,0.325,0.312,0.291,1.6,5.4,3.4,3,43,993.3
0,2025-10-27,2.8,10.4,-1.7,0.00,0.00,0.00,0.0,28884.68,6.39,15.6,31.7,241,1.13,-1.9,73,88,46,0.322,0.309,0.289,1.4,5.3,2.3,0,1,995.0
0,2025-10-28,4.0,13.9,-2.2,0.00,0.00,0.00,0.0,28953.49,6.25,9.3,16.6,233,0.89,-0.9,74,91,42,0.317,0.305,0.286,3.0,5.2,2.9,3,17,996.8
0,2025-10-29,4.9,12.6,-1.1,0.00,0.00,0.00,0.0,26068.72,5.45,15.3,26.6,202,1.27,-0.9,69,90,39,0.313,0.301,0.283,3.6,5.2,3.3,3,81,995.4
0,2025-10-30,6.9,13.4,2.9,0.00,0.00,0.00,0.0,21595.82,5.30,20.0,36.0,195,1.60,0.3,65,82,42,0.309,0.298,0.281,5.4,5.3,4.5,3,95,991.7
0,2025-10-31,8.4,13.0,5.0,1.10,1.10,0.00,4.0,26973.05,5.63,21.3,41.0,200,1.33,4.1,75,95,59,0.307,0.297,0.280,6.6,5.5,5.7,51,79,980.6
0,2025-11-01,3.9,7.3,1.8,2.40,2.40,0.00,13.0,21581.67,3.92,28.2,49.0,276,0.72,1.3,84,98,65,0.330,0.297,0.281,5.2,5.9,6.1,51,87,984.9
0,2025-11-02,2.8,5.9,1.0,4.90,4.00,0.63,10.0,4681.82,3.22,16.6,29.9,189,0.58,0.3,84,99,63,0.342,0.300,0.283,3.5,6.0,4.6,73,100,987.8
0,2025-11-03,-1.8,3.9,-9.7,10.70,5.30,3.78,24.0,0.00,1.23,25.8,49.3,358,0.18,-2.6,95,100,77,0.431,0.307,0.283,1.8,6.0,3.9,73,98,982.5
0,2025-11-04,-10.6,-8.6,-13.4,0.00,0.00,0.00,0.0,0.00,2.84,23.4,42.8,342,0.36,-13.5,80,86,72,0.417,0.316,0.284,-6.0,5.7,1.1,3,90,999.2
0,2025-11-05,-8.0,-5.5,-10.4,1.20,0.00,0.84,5.0,26750.08,5.67,25.0,45.7,248,0.48,-11.0,80,88,66,0.406,0.321,0.286,-4.9,5.3,0.3,73,77,1003.9
0,2025-11-06,-1.6,0.6,-5.7,2.90,0.00,2.03,18.0,0.00,2.25,22.7,46.8,239,0.34,-3.0,90,93,86,0.398,0.324,0.287,-2.2,4.9,0.2,73,100,992.0
0,2025-11-07,0.9,1.2,0.4,3.10,0.50,1.82,17.0,0.00,2.45,25.8,46.1,234,0.32,-0.2,93,95,90,0.396,0.326,0.287,-1.0,4.5,0.1,73,100,985.8
0,2025-11-08,1.8,2.6,0.8,3.20,0.80,1.68,14.0,0.00,1.54,28.0,49.7,242,0.34,0.6,92,95,89,0.410,0.328,0.287,-0.4,4.2,0.2,73,100,980.0
0,2025-11-09,1.2,2.5,-1.3,10.80,3.50,5.11,23.0,0.00,1.30,25.2,45.0,238,0.20,0.7,97,100,93,0.449,0.336,0.287,0.4,3.9,0.3,73,100,975.8
0,2025-11-10,-4.6,-1.5,-6.2,1.20,0.00,0.84,8.0,0.00,2.81,25.5,43.6,281,0.32,-6.3,88,97,76,0.434,0.346,0.288,0.2,3.7,0.4,71,93,988.6
0,2025-11-11,1.2,2.1,-1.4,5.90,3.50,1.68,11.0,0.00,0.98,29.4,54.0,230,0.36,-0.2,90,97,86,0.427,0.352,0.288,0.5,3.6,0.4,73,100,984.8
0,2025-11-12,0.1,2.3,-3.0,1.50,1.50,0.00,10.0,3097.92,2.19,18.4,34.6,278,0.31,-1.3,91,99,83,0.452,0.362,0.290,1.0,3.5,0.6,51,92,986.2
0,2025-11-13,-3.1,-0.6,-4.8,0.00,0.00,0.00,0.0,22005.21,3.93,19.3,37.4,280,0.49,-6.1,80,87,65,0.434,0.372,0.290,-0.5,3.4,0.7,3,84,1000.8
0,2025-11-14,-2.4,1.0,-5.3,0.00,0.00,0.00,0.0,28800.00,4.76,18.0,32.8,205,0.58,-5.6,79,84,65,0.422,0.378,0.293,-0.3,3.3,0.6,3,29,1002.6
0,2025-11-15,2.9,6.3,-1.0,0.00,0.00,0.00,0.0,26863.16,3.69,21.7,39.2,205,0.64,0.5,84,93,73,0.417,0.381,0.294,1.6,3.2,0.6,3,36,996.6
0,2025-11-16,2.7,6.0,0.1,0.00,0.00,0.00,0.0,28800.00,4.72,26.7,50.0,198,1.30,-2.9,67,74,55,0.412,0.383,0.295,1.1,3.2,0.8,3,14,991.6
0,2025-11-17,0.8,3.3,-4.4,0.60,0.60,0.00,2.0,0.00,1.00,20.7,37.4,279,0.31,-0.9,89,96,75,0.412,0.385,0.297,1.0,3.1,1.2,51,88,996.6
0,2025-11-18,-1.1,2.8,-5.3,0.00,0.00,0.00,0.0,17328.99,3.18,13.7,27.4,158,0.28,-2.2,92,94,89,0.412,0.388,0.299,-1.9,3.2,0.9,3,89,1000.7
0,2025-11-19,1.7,6.4,-0.3,0.00,0.00,0.00,0.0,28755.53,4.24,19.9,35.6,212,0.61,-1.0,83,92,64,0.409,0.388,0.299,0.1,3.1,0.7,3,27,993.7
0,2025-11-20,1.9,2.5,0.9,2.80,2.80,0.00,13.0,0.00,0.75,19.7,42.5,241,0.20,1.1,94,99,88,0.417,0.388,0.299,0.7,3.0,0.7,51,93,992.8
0,2025-11-21,-1.4,2.4,-6.6,2.00,1.70,0.21,6.0,18307.08,2.89,13.6,27.4,311,0.34,-3.6,86,99,73,0.446,0.393,0.300,0.6,3.0,0.8,71,75,1001.8
0,2025-11-22,-5.2,-1.1,-10.2,0.00,0.00,0.00,0.0,23566.13,4.11,25.6,45.7,205,0.39,-7.2,86,95,71,0.434,0.399,0.303,-3.1,3.0,0.6,3,66,1008.4
0,2025-11-23,3.8,5.7,-1.1,2.90,2.90,0.00,9.0,1729.63,1.53,32.8,58.3,235,0.46,2.3,90,93,86,0.439,0.401,0.304,0.1,2.9,0.4,53,97,991.5
0,2025-11-24,-0.0,5.5,-3.5,3.00,3.00,0.00,7.0,752.86,2.13,24.8,46.4,302,0.24,-1.3,91,98,82,0.469,0.413,0.305,1.1,2.8,0.6,53,93,996.4
0,2025-11-25,2.2,4.8,-1.8,0.10,0.10,0.00,1.0,0.00,1.36,28.4,50.8,216,0.33,0.8,91,96,80,0.450,0.420,0.305,-0.2,2.8,0.6,51,99,995.4
0,2025-11-26,3.3,4.7,1.6,0.10,0.10,0.00,1.0,0.00,1.50,26.6,49.0,254,0.36,1.8,90,96,81,0.442,0.421,0.306,1.0,2.8,0.6,51,98,986.6
0,2025-11-27,-0.2,1.6,-1.0,0.00,0.00,0.00,0.0,11181.12,2.29,23.3,41.4,293,0.45,-2.9,83,96,75,0.435,0.420,0.305,1.0,2.7,0.8,3,84,992.4
0,2025-11-28,-2.1,-1.0,-3.5,0.20,0.00,0.14,2.0,12665.84,2.11,13.2,24.5,296,0.38,-5.3,79,88,67,0.432,0.422,0.311,0.2,2.7,0.8,71,88,1002.5
0,2025-11-29,-1.9,-0.7,-3.5,1.50,0.00,1.05,6.0,0.00,1.28,18.4,37.1,210,0.43,-4.9,80,88,72,0.430,0.423,0.315,-1.0,2.7,0.7,73,99,998.6
0,2025-11-30,0.0,1.2,-1.3,0.00,0.00,0.00,0.0,1126.39,1.63,12.4,21.2,240,0.22,-1.4,90,93,87,0.428,0.423,0.317,0.1,2.7,0.6,3,94,997.0
0,2025-12-01,1.1,2.5,-0.1,0.00,0.00,0.00,0.0,4075.25,1.75,15.5,31.0,251,0.26,-0.3,91,92,89,0.428,0.424,0.321,0.8,2.6,0.6,3,81,998.2
0,2025-12-02,0.2,1.3,-1.0,0.00,0.00,0.00,0.0,792.22,1.70,9.6,16.9,214,0.18,-0.7,94,96,91,0.428,0.423,0.322,0.3,2.6,0.7,3,96,999.2
0,2025-12-03,-0.5,1.0,-1.3,0.00,0.00,0.00,0.0,976.61,1.42,14.9,26.6,234,0.20,-1.8,91,94,87,0.427,0.425,0.325,-0.5,2.6,0.7,3,92,993.6
0,2025-12-04,-0.4,-0.1,-0.8,0.80,0.00,0.56,8.0,0.00,1.07,22.4,42.1,267,0.29,-1.9,90,95,84,0.427,0.425,0.326,-0.1,2.5,0.6,71,99,991.4
0,2025-12-05,-1.1,-0.0,-2.5,0.20,0.00,0.14,2.0,6597.20,1.45,21.2,39.2,291,0.26,-2.7,89,94,81,0.426,0.423,0.326,-0.2,2.5,0.6,71,93,996.4
0,2025-12-06,-1.5,-0.4,-2.4,0.40,0.00,0.28,4.0,872.22,1.41,11.4,20.9,239,0.22,-3.2,88,94,80,0.425,0.422,0.328,-0.6,2.5,0.5,71,95,998.7
0,2025-12-07,-3.0,-2.1,-4.2,2.00,0.00,1.40,13.0,0.00,1.20,12.9,23.4,276,0.18,-4.2,92,100,86,0.424,0.421,0.330,-1.7,2.4,0.4,73,100,996.7
0,2025-12-08,-11.7,-4.2,-17.8,6.80,0.00,4.76,24.0,0.00,1.46,22.4,40.3,58,0.14,-13.0,90,100,86,0.423,0.420,0.331,-6.7,2.4,0.2,73,100,996.0
0,2025-12-09,-21.6,-17.8,-23.5,1.80,0.00,1.26,7.0,14412.39,2.85,23.0,40.7,18,0.12,-23.8,82,89,75,0.422,0.418,0.332,-9.7,2.3,-0.3,73,81,1003.9
0,2025-12-10,-18.4,-15.4,-21.6,0.00,0.00,0.00,0.0,25001.74,3.24,19.0,31.7,271,0.13,-20.2,85,90,76,0.419,0.416,0.331,-11.4,2.1,-0.9,3,60,1013.7
0,2025-12-11,-14.0,-11.3,-17.9,0.00,0.00,0.00,0.0,3158.87,2.49,20.3,36.0,207,0.36,-18.4,69,75,62,0.419,0.415,0.332,-10.4,1.9,-1.5,3,96,1007.8
0,2025-12-12,-10.8,-7.8,-12.8,0.00,0.00,0.00,0.0,24982.29,3.43,19.2,31.7,190,0.36,-15.3,70,84,61,0.419,0.414,0.333,-7.5,1.6,-2.0,3,76,985.6
0,2025-12-13,-6.2,-4.9,-8.2,0.00,0.00,0.00,0.0,750.03,1.96,16.3,29.2,224,0.24,-8.1,87,90,83,0.419,0.412,0.334,-5.0,1.4,-2.2,3,94,976.7
0,2025-12-14,-4.3,-0.2,-6.7,1.20,0.00,0.84,4.0,6696.94,2.13,27.1,48.6,180,0.26,-5.8,89,95,86,0.419,0.411,0.333,-4.2,1.2,-2.4,73,97,974.5
0,2025-12-15,-10.4,-3.9,-12.6,0.10,0.00,0.07,1.0,11786.68,2.33,34.3,65.2,214,0.29,-12.7,83,87,81,0.419,0.410,0.334,-7.7,1.1,-3.1,71,93,972.9
0,2025-12-16,-12.3,-10.6,-16.7,0.90,0.00,0.63,9.0,263.63,1.86,29.2,53.6,223,0.23,-14.4,84,86,81,0.419,0.409,0.334,-10.3,1.0,-5.4,71,100,980.0
0,2025-12-17,-18.1,-16.3,-19.3,0.00,0.00,0.00,0.0,15220.16,2.23,20.8,36.0,252,0.14,-20.2,83,86,78,0.420,0.409,0.335,-15.0,0.9,-7.7,3,98,989.1
0,2025-12-18,-13.9,-10.9,-16.7,0.40,0.00,0.28,4.0,25022.35,3.19,18.6,33.1,237,0.17,-15.8,86,88,84,0.420,0.408,0.336,-12.2,0.7,-8.8,71,79,995.3
0,2025-12-19,-6.4,-5.0,-10.8,0.50,0.00,0.35,4.0,0.00,1.63,25.9,46.1,217,0.27,-8.2,87,89,86,0.420,0.407,0.336,-6.9,0.6,-7.1,71,100,991.5
0,2025-12-20,-9.6,-5.6,-21.0,4.30,0.00,3.01,22.0,0.00,1.62,21.6,40.0,264,0.21,-11.3,87,92,81,0.420,0.406,0.336,-7.2,0.6,-4.7,73,100,980.8
0,2025-12-21,-23.7,-15.2,-30.4,0.00,0.00,0.00,0.0,25096.68,3.30,30.8,52.6,241,0.13,-26.6,77,81,70,0.420,0.406,0.337,-17.5,0.5,-9.0,3,62,995.0
0,2025-12-22,-12.8,-12.1,-15.2,0.00,0.00,0.00,0.0,12763.26,2.26,31.4,56.9,232,0.31,-15.9,78,81,71,0.420,0.405,0.338,-12.0,0.4,-9.8,3,89,992.2
0,2025-12-23,-5.5,-0.3,-12.6,0.20,0.00,0.14,2.0,0.00,1.61,27.4,46.4,216,0.32,-7.5,85,92,81,0.420,0.404,0.338,-6.6,0.4,-7.4,71,100,990.0
0,2025-12-24,-3.8,-0.9,-5.2,0.20,0.00,0.14,2.0,3004.03,1.99,23.6,48.6,220,0.34,-5.7,86,90,84,0.420,0.403,0.338,-3.7,0.3,-3.7,71,99,985.3
0,2025-12-25,-10.2,-3.6,-20.2,0.50,0.00,0.35,5.0,12061.89,2.24,22.5,41.0,240,0.24,-12.4,84,87,80,0.420,0.401,0.338,-7.4,0.3,-3.3,71,98,980.8
0,2025-12-26,-21.9,-19.1,-25.9,0.40,0.00,0.28,4.0,25200.00,3.25,23.7,40.3,243,0.15,-25.0,76,86,69,0.418,0.397,0.340,-16.2,0.3,-8.2,71,62,984.8
0,2025-12-27,-18.2,-15.8,-20.3,0.00,0.00,0.00,0.0,25200.00,3.21,22.3,39.6,224,0.21,-21.1,78,81,74,0.418,0.396,0.340,-15.1,0.2,-11.4,3,44,991.5
0,2025-12-28,-16.2,-12.8,-19.1,0.00,0.00,0.00,0.0,24559.33,3.21,17.0,29.9,187,0.19,-18.7,81,84,74,0.418,0.396,0.340,-13.9,0.1,-11.3,3,73,990.3
0,2025-12-29,-7.5,-3.7,-13.1,0.00,0.00,0.00,0.0,0.00,1.62,27.0,47.9,182,0.27,-9.5,86,90,82,0.419,0.395,0.340,-9.4,0.0,-8.7,3,90,977.8
0,2025-12-30,-4.1,2.7,-13.0,1.20,0.30,0.63,6.0,0.00,1.08,30.5,51.1,212,0.22,-5.5,90,96,80,0.427,0.395,0.340,-5.4,-0.0,-4.6,73,92,971.3
0,2025-12-31,-13.6,-11.5,-16.3,4.10,0.00,2.87,7.0,0.00,1.47,16.7,28.1,10,0.15,-15.8,84,86,80,0.437,0.394,0.341,-10.5,-0.0,-4.8,73,100,983.7
1,2025-01-01,-4.3,-1.7,-9.0,4.30,0.00,3.01,18.0,961.07,1.70,30.4,51.1,241,0.33,-6.1,88,90,84,0.282,0.269,0.236,-3.1,0.3,-2.1,73,98,985.1
1,2025-01-02,-6.1,1.2,-12.5,4.40,0.20,2.94,14.0,0.00,1.64,31.1,51.1,227,0.26,-7.6,89,93,84,0.282,0.269,0.236,-5.4,0.3,-2.4,73,100,988.3
1,2025-01-03,1.1,1.6,0.5,0.40,0.40,0.00,4.0,165.33,2.44,29.9,50.8,232,0.30,0.1,93,94,91,0.312,0.269,0.236,-1.7,0.3,-2.1,51,98,988.6
1,2025-01-04,-1.0,1.0,-3.2,0.00,0.00,0.00,0.0,23690.13,4.23,19.6,33.1,199,0.35,-2.5,90,93,85,0.314,0.271,0.238,0.1,0.3,-1.7,3,56,993.0
1,2025-01-05,-1.1,0.3,-5.1,1.10,0.00,0.77,6.0,0.00,1.99,25.5,44.6,203,0.34,-2.6,89,92,83,0.307,0.273,0.238,0.8,0.3,-1.4,73,99,989.7
1,2025-01-06,-6.5,-4.9,-8.8,0.00,0.00,0.00,0.0,0.00,2.44,14.7,20.9,296,0.24,-9.3,81,87,73,0.302,0.273,0.237,-2.2,0.3,-1.3,3,98,997.9
1,2025-01-07,-7.9,-6.4,-10.4,0.00,0.00,0.00,0.0,9059.18,3.12,16.1,29.5,318,0.26,-10.1,84,89,79,0.301,0.274,0.237,-4.0,0.3,-1.5,3,90,1005.0
1,2025-01-08,-6.6,-3.4,-10.8,0.00,0.00,0.00,0.0,1070.02,1.87,22.0,37.8,201,0.52,-10.7,73,82,65,0.301,0.274,0.236,-4.1,0.3,-1.8,3,99,1010.8
1,2025-01-09,-3.6,-1.6,-4.8,0.00,0.00,0.00,0.0,27533.91,4.86,27.7,46.1,189,0.93,-9.3,65,80,53,0.300,0.274,0.237,-2.6,0.3,-2.0,3,33,1007.0
1,2025-01-10,-5.3,-2.2,-8.1,0.00,0.00,0.00,0.0,27505.90,3.90,22.7,38.9,196,0.54,-10.1,70,79,56,0.300,0.274,0.237,-3.8,0.3,-2.1,3,54,1004.4
1,2025-01-11,-5.6,-0.8,-8.4,0.00,0.00,0.00,0.0,28096.58,5.10,11.1,20.9,142,0.50,-9.9,73,83,56,0.300,0.273,0.238,-3.7,0.3,-2.4,2,10,1003.9
1,2025-01-12,-6.0,-0.7,-9.5,0.00,0.00,0.00,0.0,28139.37,5.12,18.5,31.7,124,0.75,-11.7,65,71,52,0.299,0.272,0.239,-4.9,0.2,-3.0,0,2,1001.7
1,2025-01-13,-7.7,-3.1,-10.8,0.00,0.00,0.00,0.0,22265.76,4.51,17.5,29.5,146,0.48,-11.6,74,84,62,0.299,0.272,0.239,-6.1,0.2,-3.6,3,71,999.3
1,2025-01-14,-7.6,-2.8,-12.7,1.30,0.00,0.91,5.0,23625.21,4.17,10.0,17.3,200,0.36,-10.3,81,91,67,0.300,0.272,0.239,-6.6,0.2,-4.4,73,67,995.7
1,2025-01-15,-6.5,-3.7,-8.3,1.30,0.00,0.91,5.0,5141.31,3.24,18.8,32.8,270,0.32,-8.9,83,93,73,0.300,0.271,0.238,-4.7,0.1,-3.4,73,98,992.5
1,2025-01-16,-4.4,-2.6,-6.6,3.80,0.00,2.66,23.0,0.00,2.40,22.1,37.4,237,0.30,-6.0,89,91,87,0.300,0.271,0.239,-3.2,0.1,-3.2,73,99,985.6
1,2025-01-17,-11.3,-4.6,-18.3,0.20,0.00,0.14,2.0,5066.60,3.73,17.4,29.9,273,0.23,-13.2,86,90,79,0.300,0.270,0.239,-4.9,0.1,-3.3,71,95,986.7
1,2025-01-18,-9.4,-3.6,-17.7,0.00,0.00,0.00,0.0,20316.24,4.50,12.9,19.8,140,0.31,-11.5,85,88,82,0.300,0.270,0.239,-4.8,0.1,-4.9,3,87,985.3
1,2025-01-19,-2.2,-1.2,-3.8,0.00,0.00,0.00,0.0,92.32,3.14,16.3,26.6,157,0.31,-3.8,89,91,87,0.298,0.271,0.240,-1.9,0.0,-3.0,3,99,982.1
1,2025-01-20,-2.0,-1.4,-3.0,2.50,0.00,1.75,18.0,0.00,3.19,23.7,40.0,231,0.32,-3.4,90,92,86,0.297,0.271,0.240,-1.0,0.0,-1.9,71,100,978.2
1,2025-01-21,-6.2,-2.0,-12.1,3.50,0.10,2.38,15.0,23974.36,5.30,33.8,57.2,291,0.40,-8.3,85,91,80,0.295,0.271,0.240,-1.0,0.0,-1.7,73,92,975.3
1,2025-01-22,-17.0,-12.1,-22.8,0.60,0.00,0.42,6.0,29261.87,6.17,32.9,56.9,311,0.28,-20.2,76,83,69,0.293,0.271,0.240,-5.5,0.0,-2.0,71,60,996.1
1,2025-01-23,-22.8,-16.8,-28.8,0.00,0.00,0.00,0.0,29493.58,6.50,18.2,30.6,120,0.23,-26.5,72,82,62,0.293,0.271,0.243,-10.9,-0.0,-6.2,3,43,1017.7
1,2025-01-24,-17.3,-14.3,-20.0,0.00,0.00,0.00,0.0,22401.40,5.67,25.2,40.3,138,0.41,-22.4,64,68,59,0.293,0.271,0.244,-10.6,-0.1,-7.7,3,100,1013.0
1,2025-01-25,-13.9,-11.3,-17.3,0.00,0.00,0.00,0.0,20797.86,5.07,21.0,34.6,133,0.40,-18.1,70,76,65,0.293,0.270,0.244,-9.1,-0.2,-7.0,3,98,1002.5
1,2025-01-26,-10.7,-7.7,-14.0,0.00,0.00,0.00,0.0,4182.04,3.53,10.8,17.6,186,0.27,-13.7,79,88,75,0.292,0.270,0.244,-6.8,-0.2,-5.6,3,89,1000.8
1,2025-01-27,-8.5,-6.9,-10.4,0.00,0.00,0.00,0.0,2742.93,4.19,12.2,22.0,279,0.28,-10.4,86,89,81,0.293,0.270,0.244,-4.3,-0.2,-4.5,3,97,1002.2
1,2025-01-28,-2.3,-0.2,-6.8,1.00,0.00,0.70,10.0,0.00,3.11,21.8,36.7,253,0.34,-3.7,90,93,88,0.292,0.270,0.244,-2.3,-0.3,-3.1,71,100,999.5
1,2025-01-29,-0.4,0.9,-1.9,1.60,0.00,1.12,14.0,0.00,2.35,23.2,38.5,273,0.37,-1.9,90,91,88,0.292,0.270,0.243,-0.8,-0.3,-1.9,71,98,998.2
1,2025-01-30,-0.9,-0.2,-2.4,0.00,0.00,0.00,0.0,0.00,2.63,14.4,23.8,274,0.34,-2.5,89,92,85,0.291,0.269,0.241,-0.4,-0.3,-1.6,3,99,1003.9
1,2025-01-31,-2.4,-1.9,-2.7,0.00,0.00,0.00,0.0,0.00,2.52,14.8,24.8,244,0.31,-3.9,89,92,87,0.288,0.268,0.240,-0.2,-0.3,-1.4,3,99,1004.3
1,2025-02-01,-0.5,0.7,-1.9,0.30,0.00,0.21,3.0,974.17,2.98,12.3,19.4,249,0.33,-1.8,91,92,89,0.287,0.268,0.240,0.5,-0.3,-1.2,71,98,1005.4
1,2025-02-02,-0.5,0.4,-1.2,0.10,0.00,0.07,1.0,17141.16,4.14,12.4,20.2,178,0.41,-2.1,89,92,85,0.283,0.268,0.240,0.8,-0.3,-1.0,71,93,1006.2
1,2025-02-03,-3.2,-0.7,-7.1,0.70,0.00,0.49,3.0,532.60,3.70,19.2,33.8,151,0.38,-5.0,87,89,84,0.280,0.269,0.239,-0.6,-0.3,-0.8,73,100,1002.9
1,2025-02-04,-8.8,-6.1,-11.2,0.00,0.00,0.00,0.0,17804.28,5.98,25.0,43.6,106,0.45,-11.4,82,87,77,0.279,0.268,0.239,-4.4,-0.3,-0.9,3,98,1003.1
1,2025-02-05,-9.8,-7.0,-12.2,0.00,0.00,0.00,0.0,32400.00,8.10,30.1,49.0,94,0.56,-13.0,77,82,72,0.279,0.268,0.240,-5.3,-0.3,-1.2,3,88,1005.7
1,2025-02-06,-6.2,-4.6,-8.5,0.00,0.00,0.00,0.0,6510.99,5.08,32.1,52.9,86,0.54,-8.9,81,84,78,0.278,0.268,0.240,-3.1,-0.3,-1.4,3,91,1011.5
1,2025-02-07,-10.4,-7.3,-13.2,0.00,0.00,0.00,0.0,32400.00,8.26,24.4,41.0,55,0.55,-14.0,75,81,68,0.278,0.268,0.240,-5.3,-0.3,-1.7,2,30,1012.8
1,2025-02-08,-10.1,-7.1,-12.1,0.00,0.00,0.00,0.0,25946.66,7.35,25.2,44.3,48,0.51,-13.2,78,81,73,0.278,0.267,0.240,-6.1,-0.3,-3.0,3,59,1010.6
1,2025-02-09,-8.7,-5.0,-12.0,0.00,0.00,0.00,0.0,32400.00,8.91,24.5,39.6,65,0.66,-12.4,75,80,68,0.277,0.267,0.240,-5.8,-0.3,-3.7,1,16,1008.7
1,2025-02-10,-8.0,-3.9,-10.3,0.00,0.00,0.00,0.0,26204.43,7.75,19.2,34.9,91,0.56,-10.8,80,84,75,0.278,0.267,0.240,-5.6,-0.3,-3.5,3,42,1008.5
1,2025-02-11,-9.7,-3.1,-15.2,0.00,0.00,0.00,0.0,32400.00,9.11,13.4,23.8,101,0.60,-12.8,78,85,68,0.277,0.267,0.240,-5.4,-0.4,-3.6,2,24,1003.7
1,2025-02-12,-10.6,-6.0,-15.4,0.00,0.00,0.00,0.0,3085.62,5.67,14.8,23.8,221,0.37,-12.4,87,90,82,0.277,0.266,0.239,-5.5,-0.4,-4.0,3,87,1000.5
1,2025-02-13,-11.3,-8.6,-13.3,0.00,0.00,0.00,0.0,20.42,4.93,17.2,28.1,264,0.30,-13.2,86,90,81,0.278,0.266,0.241,-7.2,-0.4,-4.0,3,100,998.1
1,2025-02-14,-9.3,-6.0,-11.6,0.00,0.00,0.00,0.0,650.24,4.35,12.2,22.3,230,0.32,-11.3,86,88,81,0.277,0.267,0.241,-6.9,-0.4,-4.0,3,100,996.5
1,2025-02-15,-9.6,-6.2,-12.5,0.00,0.00,0.00,0.0,3014.99,5.08,18.1,28.1,217,0.35,-11.7,84,90,79,0.277,0.267,0.241,-7.8,-0.5,-3.8,3,96,993.8
1,2025-02-16,-3.5,-0.4,-8.9,2.40,0.00,1.68,9.0,0.00,4.44,31.5,54.7,191,0.47,-5.3,87,92,84,0.277,0.267,0.241,-4.1,-0.5,-3.3,73,92,988.3
1,2025-02-17,-7.5,-0.4,-12.8,8.60,0.00,6.02,20.0,0.00,4.66,22.4,38.9,266,0.34,-9.2,88,93,84,0.277,0.266,0.241,-3.4,-0.5,-2.3,73,100,992.9
1,2025-02-18,-14.7,-12.2,-20.3,0.30,0.00,0.21,3.0,12517.07,8.04,9.3,16.2,11,0.34,-16.8,84,88,78,0.278,0.266,0.241,-4.1,-0.5,-2.4,71,98,1001.0
1,2025-02-19,-18.4,-14.4,-23.0,0.20,0.00,0.14,2.0,32730.78,10.61,16.5,23.8,56,0.37,-21.2,79,85,73,0.278,0.265,0.240,-6.6,-0.5,-3.1,71,90,1002.4
1,2025-02-20,-12.9,-11.2,-14.5,1.20,0.00,0.84,12.0,14950.16,8.04,18.0,28.4,74,0.42,-15.8,79,82,75,0.278,0.265,0.240,-5.1,-0.5,-3.6,71,100,1001.4
1,2025-02-21,-10.6,-8.6,-12.3,5.10,0.00,3.57,23.0,1544.05,6.02,33.2,45.7,84,0.39,-12.9,83,85,80,0.278,0.265,0.240,-5.0,-0.6,-3.5,73,100,1000.4
1,2025-02-22,-7.6,-6.2,-8.7,3.50,0.00,2.45,16.0,0.00,6.31,36.2,52.2,88,0.48,-9.8,85,86,83,0.278,0.264,0.240,-4.1,-0.6,-3.0,73,100,994.0
1,2025-02-23,-9.6,-6.9,-15.8,6.40,0.00,4.55,15.0,14079.93,8.31,29.1,41.8,102,0.49,-11.8,84,87,80,0.278,0.264,0.240,-5.8,-0.6,-2.9,73,98,992.5
1,2025-02-24,-15.1,-10.8,-19.6,0.30,0.00,0.21,3.0,26671.53,11.12,13.2,21.6,343,0.46,-17.5,82,84,77,0.278,0.264,0.241,-6.8,-0.6,-3.6,71,56,995.2
1,2025-02-25,-16.2,-10.3,-22.3,1.00,0.00,0.70,8.0,5531.06,8.47,12.6,19.1,46,0.38,-18.7,81,87,77,0.279,0.265,0.243,-6.0,-0.6,-3.9,71,95,990.3
1,2025-02-26,-12.8,-10.2,-15.7,0.30,0.00,0.21,3.0,19362.36,9.50,19.8,28.8,184,0.40,-15.0,83,88,77,0.279,0.265,0.243,-6.6,-0.7,-3.8,71,99,989.1
1,2025-02-27,-8.4,-4.4,-15.8,2.10,0.00,1.47,15.0,14739.87,8.68,28.5,39.6,113,0.55,-10.6,84,87,81,0.279,0.265,0.242,-6.6,-0.7,-4.2,73,98,991.9
1,2025-02-28,-8.6,-6.0,-10.9,0.20,0.00,0.14,2.0,19342.07,10.40,29.4,41.0,87,0.60,-11.4,80,84,74,0.279,0.264,0.242,-5.3,-0.7,-3.7,71,96,996.3
1,2025-03-01,-10.1,-7.0,-13.0,0.40,0.00,0.28,4.0,30731.82,10.46,27.9,40.0,78,0.58,-13.0,79,83,76,0.280,0.265,0.243,-4.4,-0.7,-3.3,71,92,997.0
1,2025-03-02,-8.1,-5.7,-15.9,2.40,0.00,1.68,14.0,545.18,7.44,36.0,56.5,81,0.56,-10.7,82,85,78,0.283,0.265,0.243,-3.3,-0.8,-2.8,73,98,992.9
1,2025-03-03,-16.3,-13.0,-19.0,0.00,0.00,0.00,0.0,18000.00,10.38,17.1,25.2,234,0.40,-19.0,80,83,76,0.286,0.266,0.242,-5.9,-0.8,-3.1,3,99,994.1
1,2025-03-04,-13.1,-9.7,-16.6,0.70,0.00,0.49,7.0,3427.57,9.71,21.7,32.0,210,0.44,-15.6,82,86,80,0.287,0.266,0.243,-5.1,-0.8,-3.5,71,100,995.0
1,2025-03-05,-6.3,-2.3,-9.8,5.20,0.00,3.64,18.0,823.77,7.57,34.2,47.9,178,0.47,-7.9,88,91,86,0.290,0.266,0.243,-3.9,-0.8,-3.1,73,100,983.0
1,2025-03-06,-1.9,-0.2,-3.7,1.80,0.00,1.26,12.0,115.92,7.75,22.5,36.0,266,0.57,-3.4,90,93,84,0.290,0.265,0.242,-2.6,-0.8,-2.6,71,100,973.6
1,2025-03-07,-0.9,0.4,-2.4,5.70,0.00,3.99,19.0,3949.51,8.45,24.6,34.9,238,0.59,-2.2,91,94,85,0.290,0.265,0.242,-1.8,-0.8,-2.2,73,100,976.8
1,2025-03-08,0.1,1.3,-1.4,2.00,0.60,0.98,12.0,18575.90,8.98,32.9,47.5,300,0.67,-1.3,90,94,85,0.294,0.265,0.242,-1.9,-0.8,-2.1,73,86,978.6
1,2025-03-09,-3.8,-1.8,-6.1,0.00,0.00,0.00,0.0,39130.95,14.06,27.1,38.5,274,0.97,-6.0,85,89,79,0.301,0.266,0.242,-1.6,-0.8,-1.9,2,19,992.9
1,2025-03-10,-2.3,0.4,-5.7,0.00,0.00,0.00,0.0,39562.56,11.79,31.3,45.7,247,0.96,-5.0,82,86,77,0.302,0.266,0.243,-1.7,-0.8,-1.9,3,55,994.5
1,2025-03-11,-1.6,0.8,-3.3,0.00,0.00,0.00,0.0,32823.46,13.81,19.4,28.4,189,1.10,-3.4,87,90,85,0.302,0.267,0.242,-0.9,-0.9,-1.8,3,86,1000.3
1,2025-03-12,-0.7,1.4,-3.6,0.00,0.00,0.00,0.0,35552.71,14.52,31.3,46.1,173,1.01,-2.8,86,88,83,0.305,0.266,0.241,-1.2,-0.9,-1.7,3,76,998.7
1,2025-03-13,2.0,3.7,0.4,1.40,1.40,0.00,5.0,16823.95,8.56,31.6,46.1,197,0.92,-0.2,85,88,83,0.350,0.268,0.241,-2.0,-0.9,-1.6,53,91,994.0
1,2025-03-14,2.6,4.0,0.3,0.00,0.00,0.00,0.0,36860.13,13.13,25.5,36.7,210,1.31,0.9,88,91,84,0.428,0.301,0.241,-1.9,-0.9,-1.6,3,63,995.3
1,2025-03-15,3.0,5.5,0.3,0.40,0.40,0.00,2.0,36060.44,12.06,16.6,27.7,177,1.27,0.4,83,88,76,0.424,0.348,0.242,-2.1,-0.9,-1.6,51,82,993.5
1,2025-03-16,3.7,5.5,1.5,0.10,0.10,0.00,1.0,29126.90,13.17,22.3,37.1,194,1.34,1.3,84,88,77,0.434,0.394,0.243,-2.0,-0.9,-1.6,51,84,987.3
1,2025-03-17,6.7,10.2,4.0,0.00,0.00,0.00,0.0,24759.48,11.84,22.8,37.8,202,1.78,2.7,76,86,61,0.438,0.433,0.256,-2.0,-0.9,-1.6,3,99,982.5
1,2025-03-18,8.6,14.7,4.9,0.00,0.00,0.00,0.0,38600.20,14.43,18.5,31.7,176,2.29,3.6,72,83,51,0.431,0.431,0.276,1.0,-0.9,-1.4,3,97,980.6
1,2025-03-19,7.1,12.2,2.7,0.00,0.00,0.00,0.0,28842.32,11.27,15.5,30.6,258,1.70,3.5,78,91,63,0.421,0.424,0.288,3.1,-0.9,-1.1,3,93,980.6
1,2025-03-20,2.1,5.6,-1.4,0.00,0.00,0.00,0.0,31314.29,12.24,18.9,37.4,330,1.38,-1.7,77,93,51,0.407,0.415,0.296,1.0,-0.8,-0.8,3,96,989.2
1,2025-03-21,1.0,5.7,-2.7,0.00,0.00,0.00,0.0,41893.92,16.79,16.3,32.0,340,1.80,-4.8,68,87,44,0.397,0.404,0.300,1.7,-0.8,-0.6,3,23,998.9
1,2025-03-22,0.7,7.2,-5.0,0.00,0.00,0.00,0.0,35488.19,14.07,10.3,17.3,73,1.70,-5.1,68,90,44,0.394,0.397,0.304,0.7,-0.8,-0.5,3,42,1000.2
1,2025-03-23,1.8,7.9,-3.5,0.00,0.00,0.00,0.0,42473.28,17.79,13.0,27.7,45,2.04,-3.8,68,82,48,0.397,0.394,0.307,0.6,-0.8,-0.4,0,1,1000.7
1,2025-03-24,1.7,8.8,-5.2,0.00,0.00,0.00,0.0,42596.53,18.03,14.5,31.0,36,2.10,-4.5,66,87,42,0.399,0.393,0.309,1.7,-0.8,-0.3,0,0,1002.3
1,2025-03-25,1.6,6.9,-2.9,0.00,0.00,0.00,0.0,43000.22,18.66,18.9,36.7,102,2.21,-6.2,59,84,34,0.393,0.392,0.312,2.4,-0.8,-0.2,3,29,1007.9
1,2025-03-26,2.5,10.3,-4.0,0.00,0.00,0.00,0.0,43083.62,18.74,20.0,37.4,109,2.60,-6.3,56,78,30,0.389,0.388,0.315,1.9,-0.8,0.0,3,58,1005.7
1,2025-03-27,3.3,9.5,-2.4,0.00,0.00,0.00,0.0,43166.34,18.88,20.1,40.0,100,2.44,-4.0,61,85,38,0.387,0.383,0.317,2.7,-0.8,0.2,3,46,1000.5
1,2025-03-28,2.4,9.1,-2.7,0.00,0.00,0.00,0.0,40490.81,15.53,13.2,27.4,89,1.97,-3.6,66,80,43,0.386,0.380,0.319,1.4,-0.8,0.4,3,79,996.6
1,2025-03-29,6.0,13.7,0.4,0.00,0.00,0.00,0.0,37445.01,16.56,15.5,33.1,168,2.49,-1.7,61,83,34,0.377,0.376,0.320,3.5,-0.7,0.6,3,45,995.8
1,2025-03-30,8.8,14.7,2.8,0.40,0.40,0.00,1.0,22417.22,10.37,17.3,34.6,159,2.16,2.0,63,77,46,0.368,0.370,0.321,4.4,-0.7,1.7,51,91,996.7
1,2025-03-31,12.4,18.7,8.0,0.80,0.80,0.00,5.0,29151.74,11.30,18.6,31.3,187,2.70,4.2,59,77,38,0.367,0.366,0.322,8.5,-0.7,4.7,51,90,995.5
1,2025-04-01,12.6,20.4,5.3,0.00,0.00,0.00,0.0,44226.20,18.31,20.6,36.7,121,3.77,3.5,58,84,31,0.356,0.360,0.322,9.9,-0.6,6.3,3,39,995.7
1,2025-04-02,13.6,20.9,7.8,0.20,0.20,0.00,2.0,44180.80,15.25,28.2,49.0,156,3.88,4.0,54,70,34,0.343,0.352,0.322,10.3,-0.5,7.4,51,34,990.0
1,2025-04-03,12.0,15.8,9.1,0.50,0.50,0.00,3.0,8300.88,8.21,19.7,37.8,245,1.82,7.6,75,89,58,0.341,0.347,0.321,10.1,-0.4,7.6,51,73,980.0
1,2025-04-04,7.7,12.4,2.8,0.00,0.00,0.00,0.0,45536.21,19.78,20.5,42.5,322,2.75,1.0,66,92,36,0.335,0.343,0.321,8.0,-0.4,6.4,3,22,980.2
1,2025-04-05,10.0,19.3,0.4,0.00,0.00,0.00,0.0,45493.04,18.23,31.2,57.6,223,3.69,1.2,58,80,35,0.326,0.337,0.320,7.2,-0.3,5.2,1,11,984.2
1,2025-04-06,13.2,20.0,6.5,0.30,0.30,0.00,2.0,35691.58,15.72,15.6,31.3,157,3.10,6.1,64,85,43,0.318,0.330,0.319,10.1,-0.2,6.8,51,68,982.6
1,2025-04-07,11.3,12.8,9.9,11.40,11.40,0.00,21.0,0.00,3.73,16.0,26.6,341,0.78,9.7,90,95,80,0.366,0.331,0.318,9.2,-0.2,7.2,53,99,981.4
1,2025-04-08,12.6,20.1,5.9,0.00,0.00,0.00,0.0,46134.98,17.37,11.6,19.1,225,3.03,6.3,69,92,35,0.376,0.351,0.319,10.2,-0.1,6.9,3,26,989.9
1,2025-04-09,15.1,22.4,9.2,0.50,0.50,0.00,4.0,42754.92,17.83,20.6,40.0,157,3.52,8.4,67,84,40,0.355,0.349,0.319,11.9,0.0,8.1,51,43,986.1
1,2025-04-10,12.0,17.2,6.0,1.20,1.20,0.00,6.0,34589.54,12.48,32.4,66.2,210,2.07,8.7,81,93,67,0.346,0.345,0.318,11.0,0.1,8.4,53,78,977.8
1,2025-04-11,3.8,5.3,3.0,6.70,6.70,0.00,13.0,0.00,3.86,15.8,28.4,334,0.59,2.4,90,96,86,0.367,0.345,0.318,5.4,0.2,5.6,61,95,979.1
1,2025-04-12,4.3,9.7,0.6,0.00,0.00,0.00,0.0,42498.76,14.77,14.5,25.6,318,1.91,-0.3,74,91,47,0.375,0.357,0.319,5.1,0.3,3.6,3,72,987.8
1,2025-04-13,5.0,11.9,-1.8,0.00,0.00,0.00,0.0,27958.97,14.50,9.6,18.4,41,2.12,-0.9,69,94,42,0.359,0.356,0.320,4.4,0.3,3.3,3,89,992.0
1,2025-04-14,7.5,13.9,1.1,0.50,0.50,0.00,3.0,41166.35,16.23,23.5,40.7,286,2.71,0.8,65,86,39,0.350,0.352,0.320,5.7,0.4,4.1,51,55,996.7
1,2025-04-15,6.0,12.2,0.4,0.00,0.00,0.00,0.0,47894.43,22.95,16.4,34.9,7,3.02,-1.6,62,87,35,0.345,0.347,0.320,6.4,0.4,4.8,2,7,1003.7
1,2025-04-16,7.9,16.5,-2.0,0.00,0.00,0.00,0.0,48213.52,22.98,17.2,31.7,262,3.70,-1.3,57,85,31,0.333,0.340,0.318,6.6,0.5,4.5,0,0,1001.1
1,2025-04-17,10.8,18.2,3.3,0.00,0.00,0.00,0.0,48158.96,23.18,18.2,34.2,327,4.19,-0.4,52,85,23,0.320,0.331,0.315,8.9,0.6,6.2,3,19,997.6
1,2025-04-18,12.2,21.1,2.5,0.00,0.00,0.00,0.0,48475.64,19.95,18.2,38.2,277,4.20,1.5,51,73,31,0.307,0.321,0.312,9.6,0.7,6.9,3,46,995.1
1,2025-04-19,15.1,23.6,6.4,0.00,0.00,0.00,0.0,37443.06,20.35,22.2,41.8,280,4.41,5.5,56,80,32,0.296,0.311,0.309,11.9,1.1,8.6,3,46,993.7
1,2025-04-20,16.4,23.6,9.3,0.00,0.00,0.00,0.0,48155.83,18.21,23.6,43.6,259,4.51,6.5,56,83,29,0.285,0.302,0.304,13.0,1.5,9.7,3,20,994.6
1,2025-04-21,16.4,24.5,8.0,0.00,0.00,0.00,0.0,49064.13,20.29,13.9,29.5,263,4.51,5.3,51,69,28,0.275,0.292,0.300,13.3,2.0,10.3,2,13,996.7
1,2025-04-22,17.0,24.2,7.7,0.00,0.00,0.00,0.0,49761.94,20.03,11.7,17.6,270,4.02,6.0,52,77,30,0.266,0.284,0.298,13.1,2.4,10.5,3,31,997.2
1,2025-04-23,16.3,23.9,7.4,0.00,0.00,0.00,0.0,38424.52,18.01,9.6,21.2,171,3.62,7.3,59,82,32,0.260,0.280,0.298,13.3,3.3,10.7,3,86,993.5
1,2025-04-24,18.2,24.4,12.1,0.70,0.70,0.00,2.0,41339.88,18.76,18.9,42.8,142,4.63,8.0,54,76,32,0.255,0.275,0.297,14.9,4.4,11.9,51,83,989.1
1,2025-04-25,18.8,25.4,13.4,2.80,2.80,0.00,8.0,36394.36,16.27,29.4,59.0,155,4.20,10.2,59,81,39,0.265,0.270,0.295,15.7,5.5,12.8,61,70,980.1
1,2025-04-26,14.6,20.3,9.4,2.90,2.90,0.00,10.0,27852.28,14.79,10.8,30.2,255,2.59,10.9,80,95,52,0.283,0.267,0.294,14.0,6.4,12.7,53,79,978.2
1,2025-04-27,15.9,20.4,11.5,4.60,4.60,0.00,14.0,41906.97,17.47,22.1,45.4,216,3.06,12.1,79,92,59,0.325,0.271,0.294,14.6,7.0,12.6,53,72,978.9
1,2025-04-28,8.0,14.9,2.0,7.70,7.70,0.00,7.0,29995.52,15.62,41.3,71.3,261,2.14,3.1,73,95,44,0.369,0.291,0.294,11.1,7.6,11.9,61,73,983.2
1,2025-04-29,4.3,10.2,-1.0,0.00,0.00,0.00,0.0,44556.96,20.76,33.0,59.0,278,2.96,-4.6,56,86,31,0.337,0.306,0.298,6.6,7.5,8.0,3,39,996.5
1,2025-04-30,6.8,13.9,-2.1,0.00,0.00,0.00,0.0,50400.00,25.26,15.8,33.1,211,3.78,-2.9,54,83,32,0.322,0.309,0.302,7.3,7.1,7.1,1,6,1000.9
1,2025-05-01,9.6,14.8,3.5,0.00,0.00,0.00,0.0,22753.01,14.34,15.8,31.3,210,2.88,0.9,56,73,39,0.310,0.308,0.303,8.9,6.9,8.3,3,77,996.5
1,2025-05-02,12.1,18.9,3.9,0.00,0.00,0.00,0.0,33175.20,20.48,21.6,41.4,161,4.15,3.1,57,84,36,0.300,0.304,0.302,10.5,6.8,9.1,3,50,996.6
1,2025-05-03,16.0,23.4,11.8,3.40,3.40,0.00,11.0,29121.11,14.88,35.3,64.8,177,4.32,7.7,59,89,37,0.303,0.299,0.300,13.8,7.1,11.4,53,77,985.5
1,2025-05-04,11.3,17.5,4.7,0.00,0.00,0.00,0.0,50400.00,25.56,14.2,31.3,296,3.94,4.0,64,89,38,0.303,0.296,0.300,12.1,7.5,11.5,1,3,989.5
1,2025-05-05,13.9,22.1,3.7,0.10,0.10,0.00,1.0,43200.00,24.02,13.5,26.6,188,4.49,4.1,56,84,30,0.286,0.289,0.297,12.6,7.7,11.2,51,39,991.8
1,2025-05-06,18.2,24.4,12.6,1.40,1.40,0.00,9.0,25440.49,15.27,22.7,47.5,154,4.06,9.3,58,77,35,0.284,0.281,0.293,15.5,8.1,12.9,51,95,983.8
1,2025-05-07,18.3,23.3,14.5,2.80,2.80,0.00,8.0,25521.65,14.26,11.7,25.6,59,2.92,13.2,74,91,53,0.285,0.276,0.291,16.6,8.6,14.2,53,99,981.1
1,2025-05-08,17.9,22.3,14.4,7.60,7.60,0.00,14.0,33050.49,15.93,14.0,30.2,312,2.92,14.3,80,97,57,0.351,0.284,0.289,17.2,9.1,14.8,55,72,978.7
1,2025-05-09,15.3,22.7,9.7,6.00,6.00,0.00,6.0,43121.23,17.13,20.8,43.6,254,3.03,11.3,78,94,56,0.344,0.293,0.289,15.5,9.6,14.4,61,32,981.3
1,2025-05-10,14.8,20.0,8.5,0.30,0.30,0.00,3.0,35947.76,15.36,16.5,34.6,261,2.95,9.8,74,94,49,0.342,0.299,0.285,14.8,9.9,13.9,51,56,987.4
1,2025-05-11,17.9,27.6,8.4,2.20,2.20,0.00,6.0,44036.80,20.58,22.7,49.3,166,4.59,11.1,68,91,39,0.324,0.297,0.283,15.2,10.0,13.4,53,68,988.3
1,2025-05-12,19.2,22.6,15.5,0.70,0.70,0.00,6.0,23803.05,13.18,23.6,42.5,103,2.97,13.5,70,83,55,0.318,0.296,0.283,17.0,10.3,15.3,51,98,983.6
1,2025-05-13,20.7,25.8,15.6,0.00,0.00,0.00,0.0,44992.10,22.02,27.0,51.5,82,4.79,13.4,64,83,52,0.306,0.295,0.283,18.7,10.7,16.4,3,75,979.4
1,2025-05-14,21.1,27.7,15.8,0.30,0.30,0.00,2.0,42407.90,17.22,28.1,52.6,123,4.15,15.6,73,91,52,0.295,0.296,0.286,18.9,11.2,17.0,51,75,979.0
1,2025-05-15,16.7,21.6,12.0,0.30,0.30,0.00,3.0,44278.57,20.10,17.3,34.9,311,3.59,11.3,72,91,55,0.288,0.293,0.287,18.1,11.7,17.2,51,51,987.3
1,2025-05-16,13.1,16.6,9.8,4.00,4.00,0.00,9.0,7972.49,9.60,20.2,43.9,19,2.23,8.3,73,85,62,0.306,0.292,0.287,13.7,11.9,14.7,53,91,990.8
1,2025-05-17,15.9,21.6,10.3,0.00,0.00,0.00,0.0,49992.58,24.15,19.1,38.2,3,4.82,6.7,58,85,31,0.315,0.292,0.288,15.2,11.7,14.2,3,58,988.9
1,2025-05-18,16.5,23.1,8.7,0.00,0.00,0.00,0.0,50961.38,26.72,15.5,32.8,336,5.25,6.1,55,83,27,0.291,0.285,0.285,16.1,11.7,14.8,1,3,991.5
1,2025-05-19,17.4,24.7,8.0,0.00,0.00,0.00,0.0,37547.81,19.55,16.2,30.6,163,4.56,7.6,56,83,33,0.273,0.278,0.283,16.0,11.8,15.0,3,84,990.7
1,2025-05-20,17.6,21.6,13.0,2.30,2.30,0.00,7.0,47246.92,21.22,30.2,55.4,234,4.86,8.2,56,78,35,0.275,0.273,0.282,17.0,11.9,15.8,53,50,982.9
1,2025-05-21,17.5,23.9,9.6,0.10,0.10,0.00,1.0,46800.00,22.81,15.1,33.1,221,5.01,6.9,53,76,29,0.266,0.268,0.281,16.5,12.0,15.5,51,34,986.2
1,2025-05-22,14.3,17.1,10.8,5.90,5.90,0.00,14.0,47783.66,20.26,20.9,42.1,259,3.38,8.8,70,94,58,0.275,0.264,0.279,15.8,12.2,15.5,61,48,983.3
1,2025-05-23,15.2,21.2,8.9,0.50,0.50,0.00,5.0,51625.21,21.27,20.1,41.0,308,4.04,9.0,69,94,47,0.313,0.265,0.278,15.1,12.2,14.7,51,17,987.2
1,2025-05-24,14.1,19.6,6.9,0.00,0.00,0.00,0.0,52462.50,24.64,16.2,33.1,3,4.53,5.1,58,84,34,0.288,0.262,0.275,14.9,12.1,14.5,2,12,990.8
1,2025-05-25,12.7,18.4,5.1,0.00,0.00,0.00,0.0,51991.56,26.29,19.1,39.6,8,4.60,3.2,56,87,33,0.267,0.256,0.272,14.1,12.0,14.0,1,6,992.9
1,2025-05-26,12.9,20.1,3.6,0.00,0.00,0.00,0.0,52795.24,27.96,18.6,37.1,52,4.90,2.4,53,88,29,0.250,0.250,0.270,13.7,11.9,13.5,1,6,1001.1
1,2025-05-27,17.3,25.9,5.9,0.00,0.00,0.00,0.0,53105.70,27.39,10.9,25.9,60,5.61,5.0,48,77,27,0.231,0.240,0.265,16.1,11.8,14.4,0,0,1002.1
1,2025-05-28,20.6,28.0,11.2,0.00,0.00,0.00,0.0,53710.44,27.68,13.8,30.6,27,6.25,7.8,47,74,25,0.213,0.228,0.259,18.9,12.0,16.7,1,2,999.2
1,2025-05-29,21.6,29.8,10.4,0.00,0.00,0.00,0.0,53157.98,24.30,16.5,33.5,66,6.14,8.2,46,75,24,0.198,0.217,0.253,19.7,12.5,17.8,2,10,996.4
1,2025-05-30,24.3,31.2,16.4,0.00,0.00,0.00,0.0,53759.29,27.23,14.5,22.3,82,6.75,8.7,39,58,24,0.187,0.208,0.248,22.2,13.0,19.2,1,10,994.7
1,2025-05-31,24.5,32.5,14.9,0.00,0.00,0.00,0.0,53605.28,26.74,11.4,22.7,136,6.58,8.0,38,59,18,0.177,0.201,0.245,22.7,13.6,20.3,0,3,993.9
1,2025-06-01,24.9,32.2,16.1,0.20,0.20,0.00,2.0,49656.73,24.87,21.7,38.9,175,7.26,7.9,37,61,18,0.171,0.196,0.242,22.7,14.2,20.8,51,59,990.7
1,2025-06-02,25.7,31.0,20.8,1.30,1.30,0.00,5.0,47214.66,23.00,24.3,39.6,217,7.23,9.8,38,59,24,0.169,0.189,0.238,24.3,14.8,21.6,53,56,983.1
1,2025-06-03,18.7,23.2,13.7,0.00,0.00,0.00,0.0,47707.32,26.41,24.0,46.4,288,5.78,7.9,53,80,27,0.175,0.187,0.237,21.0,15.3,20.8,3,24,981.5
1,2025-06-04,17.8,24.2,10.1,0.00,0.00,0.00,0.0,54514.14,27.80,21.1,40.7,316,5.57,8.2,56,85,34,0.174,0.187,0.238,19.8,15.5,19.3,3,35,982.8
1,2025-06-05,21.6,30.5,10.4,0.00,0.00,0.00,0.0,53426.94,27.30,14.3,30.6,180,6.44,8.7,49,83,25,0.170,0.183,0.235,20.9,15.6,19.5,2,21,982.5
1,2025-06-06,23.7,31.1,16.4,0.10,0.10,0.00,1.0,49710.85,23.18,14.7,27.7,89,5.96,9.2,41,54,26,0.166,0.181,0.234,22.9,15.8,21.2,51,67,981.8
1,2025-06-07,22.1,27.3,17.5,0.40,0.40,0.00,3.0,51528.58,24.14,23.2,39.2,52,5.81,12.5,56,68,39,0.168,0.182,0.234,23.1,16.2,21.8,51,51,986.3
1,2025-06-08,20.8,26.2,14.9,0.00,0.00,0.00,0.0,55052.64,28.28,16.3,31.7,77,6.12,8.7,50,78,27,0.172,0.182,0.234,22.2,16.5,21.3,1,16,991.6
1,2025-06-09,21.1,28.5,12.3,0.00,0.00,0.00,0.0,55480.16,28.97,15.2,32.4,78,6.78,5.8,40,60,22,0.173,0.182,0.235,21.6,16.7,20.9,0,0,993.2
1,2025-06-10,21.8,29.1,12.0,0.00,0.00,0.00,0.0,55474.91,28.72,18.9,37.8,64,7.02,6.0,39,64,19,0.167,0.179,0.233,22.1,16.8,21.1,0,1,989.6
1,2025-06-11,21.6,27.7,14.0,0.30,0.30,0.00,3.0,49422.74,21.64,11.4,25.9,45,5.19,8.9,46,72,29,0.167,0.178,0.232,22.2,17.0,21.4,51,54,984.7
1,2025-06-12,22.1,27.6,14.7,0.70,0.70,0.00,3.0,52781.92,21.20,12.9,29.2,329,4.98,12.1,55,77,37,0.166,0.174,0.230,22.4,17.1,21.3,51,53,984.1
1,2025-06-13,24.0,33.0,14.6,0.00,0.00,0.00,0.0,53745.19,25.98,13.1,27.4,261,6.05,12.3,53,88,24,0.168,0.169,0.227,23.4,17.3,21.9,3,42,985.7
1,2025-06-14,26.2,33.5,16.9,0.00,0.00,0.00,0.0,55385.20,26.61,17.1,32.8,238,7.24,11.2,43,71,22,0.162,0.166,0.224,25.1,17.6,23.1,2,20,985.1
1,2025-06-15,27.3,35.5,17.2,0.40,0.40,0.00,2.0,49958.21,25.10,25.7,43.9,162,7.78,10.4,38,63,20,0.156,0.161,0.218,26.4,18.0,24.3,51,46,982.6
1,2025-06-16,24.0,28.3,20.1,0.50,0.50,0.00,3.0,42304.84,20.58,22.9,41.0,345,5.37,13.9,54,65,39,0.161,0.162,0.218,25.7,18.5,24.7,51,79,980.3
1,2025-06-17,22.5,28.1,17.0,0.40,0.40,0.00,3.0,50561.84,26.39,15.5,28.1,339,5.56,12.9,58,85,32,0.168,0.164,0.219,24.7,18.8,23.8,51,49,978.0
1,2025-06-18,20.1,25.4,15.2,3.10,3.10,0.00,6.0,53548.41,23.34,18.4,43.9,232,4.84,11.9,61,81,40,0.186,0.169,0.221,22.3,18.9,23.0,61,44,976.2
1,2025-06-19,18.4,22.2,12.9,0.00,0.00,0.00,0.0,54922.65,21.14,17.5,40.7,245,4.29,12.0,68,93,51,0.198,0.172,0.224,20.7,18.9,21.4,3,57,974.4
1,2025-06-20,17.9,21.3,14.9,5.50,5.50,0.00,12.0,42983.28,16.76,33.1,64.8,243,3.92,11.4,68,90,45,0.230,0.177,0.228,19.6,18.7,20.2,61,63,973.1
1,2025-06-21,19.0,24.7,12.0,0.30,0.30,0.00,2.0,55485.55,25.05,35.6,64.8,241,6.38,7.2,49,72,27,0.231,0.183,0.231,19.3,18.3,19.5,51,24,977.8
1,2025-06-22,18.1,23.8,12.1,0.10,0.10,0.00,1.0,53987.10,20.35,27.3,51.1,245,5.36,7.0,51,70,28,0.216,0.182,0.231,18.9,18.0,19.3,51,50,980.3
1,2025-06-23,18.1,23.5,12.7,0.80,0.80,0.00,8.0,47270.88,18.14,18.2,33.5,296,3.97,11.0,65,86,46,0.211,0.182,0.230,19.0,17.8,18.9,51,55,981.2
1,2025-06-24,18.9,24.9,12.8,0.00,0.00,0.00,0.0,53753.95,22.78,18.1,32.8,47,4.94,8.7,55,76,31,0.204,0.177,0.226,20.3,17.6,19.4,3,53,983.7
1,2025-06-25,20.0,25.8,13.3,0.00,0.00,0.00,0.0,54964.81,24.72,16.5,33.8,91,5.58,7.3,48,78,25,0.191,0.172,0.222,21.0,17.5,20.2,2,34,984.1
1,2025-06-26,18.9,22.6,15.6,4.80,4.80,0.00,8.0,45205.85,18.05,23.8,46.1,186,4.12,11.5,63,86,50,0.206,0.175,0.224,20.6,17.6,20.5,63,56,982.8
1,2025-06-27,18.3,22.0,15.5,4.90,4.90,0.00,13.0,35997.24,14.41,29.6,64.8,191,3.01,14.4,78,89,63,0.265,0.182,0.228,19.1,17.6,19.6,61,68,976.4
1,2025-06-28,16.3,19.8,13.0,4.50,4.50,0.00,13.0,34714.11,13.90,23.8,44.3,247,2.76,12.3,78,90,65,0.296,0.192,0.230,17.6,17.4,18.3,55,50,970.5
1,2025-06-29,17.5,21.5,13.9,0.90,0.90,0.00,9.0,27606.81,13.84,24.2,43.9,299,3.19,12.5,74,93,55,0.291,0.200,0.231,17.8,17.2,17.7,51,81,975.7
1,2025-06-30,20.0,26.8,12.8,0.00,0.00,0.00,0.0,46078.42,26.46,14.4,29.9,291,5.41,11.3,60,82,39,0.265,0.202,0.231,20.1,17.0,18.7,3,46,978.4
1,2025-07-01,23.0,29.7,18.5,1.90,1.90,0.00,7.0,34982.60,16.99,25.8,51.8,187,4.98,13.5,57,79,31,0.250,0.199,0.228,21.6,17.1,20.2,53,66,977.9
1,2025-07-02,21.6,28.4,15.5,0.30,0.30,0.00,2.0,54711.86,25.22,21.5,37.4,275,5.47,12.3,59,90,30,0.233,0.194,0.225,22.3,17.3,20.9,51,43,981.3
1,2025-07-03,21.9,28.4,15.2,0.10,0.10,0.00,1.0,48862.23,25.05,13.7,24.1,292,5.56,10.1,52,83,26,0.214,0.191,0.223,22.3,17.6,21.1,51,65,982.3
1,2025-07-04,21.3,25.9,15.2,0.00,0.00,0.00,0.0,43962.26,20.00,26.9,51.1,291,5.47,11.2,54,74,36,0.199,0.186,0.220,22.0,17.8,21.4,3,58,982.5
1,2025-07-05,23.3,30.1,15.3,0.00,0.00,0.00,0.0,54804.90,24.86,18.7,37.1,307,5.82,12.8,55,80,33,0.184,0.178,0.216,23.3,18.0,21.5,2,16,985.0
1,2025-07-06,23.9,31.7,16.8,0.20,0.20,0.00,2.0,54824.92,23.39,22.4,43.2,298,6.29,12.9,54,79,24,0.173,0.174,0.215,23.8,18.3,22.5,51,22,983.4
1,2025-07-07,20.4,26.8,12.6,0.00,0.00,0.00,0.0,52672.46,29.08,17.7,33.8,1,6.52,8.3,50,79,27,0.169,0.170,0.211,22.8,18.6,22.2,3,15,987.4
1,2025-07-08,21.7,28.3,14.0,0.00,0.00,0.00,0.0,54434.95,27.82,17.5,33.1,14,6.54,9.0,47,69,26,0.165,0.168,0.210,23.3,18.8,22.4,3,30,989.6
1,2025-07-09,22.9,29.6,14.2,0.00,0.00,0.00,0.0,54890.63,27.35,16.3,34.2,11,6.40,11.5,53,87,28,0.163,0.165,0.208,24.2,19.0,23.0,3,27,991.2
1,2025-07-10,25.5,33.3,15.5,0.00,0.00,0.00,0.0,54483.50,27.22,19.3,40.7,346,7.05,13.9,52,83,31,0.156,0.160,0.204,25.7,19.3,23.9,1,5,991.0
1,2025-07-11,27.9,33.9,20.7,0.00,0.00,0.00,0.0,54509.16,24.70,20.6,45.4,352,7.17,15.7,51,79,30,0.152,0.157,0.200,27.8,19.7,25.5,1,8,991.0
1,2025-07-12,26.9,32.9,19.9,0.40,0.40,0.00,2.0,54535.80,24.94,21.7,43.9,356,7.06,15.4,52,77,30,0.155,0.158,0.200,27.6,20.2,26.0,51,11,990.5
1,2025-07-13,23.5,30.7,15.2,0.00,0.00,0.00,0.0,54563.22,28.85,20.4,38.9,349,7.43,8.8,44,75,20,0.158,0.158,0.200,25.9,20.6,25.4,0,0,988.4
1,2025-07-14,23.0,30.4,13.5,0.00,0.00,0.00,0.0,53849.21,28.08,13.4,23.8,10,6.42,7.7,42,73,20,0.157,0.156,0.198,25.5,20.9,24.8,3,21,984.8
1,2025-07-15,25.0,31.1,18.2,0.00,0.00,0.00,0.0,54194.17,27.03,11.5,24.8,310,6.37,9.4,40,66,23,0.154,0.156,0.197,27.1,21.1,25.6,3,22,981.3
1,2025-07-16,24.8,31.6,15.5,0.00,0.00,0.00,0.0,51919.87,25.13,9.4,25.2,44,6.02,9.4,41,69,24,0.152,0.156,0.196,26.5,21.3,25.6,2,15,979.8
1,2025-07-17,26.5,33.0,18.4,0.30,0.30,0.00,2.0,48454.47,26.21,10.5,27.7,302,6.35,12.9,45,65,28,0.154,0.160,0.198,27.6,21.6,26.2,51,72,980.3
1,2025-07-18,25.5,30.7,20.3,0.10,0.10,0.00,1.0,39600.00,21.32,15.4,34.6,317,5.45,14.9,54,71,37,0.164,0.169,0.205,26.7,21.9,26.6,51,55,981.8
1,2025-07-19,22.7,28.1,16.8,0.00,0.00,0.00,0.0,54000.00,28.05,14.6,31.0,36,6.64,9.1,45,73,25,0.165,0.171,0.207,25.6,22.1,25.6,0,2,988.3
1,2025-07-20,22.1,29.5,13.7,0.00,0.00,0.00,0.0,54000.00,28.56,14.3,28.8,109,6.67,5.5,37,59,21,0.164,0.172,0.208,24.6,22.1,24.6,2,3,991.8
1,2025-07-21,24.7,33.3,15.3,0.00,0.00,0.00,0.0,53133.41,27.35,12.0,28.1,135,6.95,5.4,32,50,14,0.160,0.171,0.208,25.4,22.0,24.8,3,44,990.1
1,2025-07-22,27.9,36.1,20.9,0.00,0.00,0.00,0.0,41461.59,21.02,20.3,40.0,157,7.68,6.9,28,39,13,0.156,0.168,0.206,27.3,22.1,25.7,3,54,985.7
1,2025-07-23,26.7,31.3,22.2,0.00,0.00,0.00,0.0,51779.76,25.02,25.2,49.0,275,7.54,12.7,43,61,33,0.153,0.167,0.205,28.0,22.3,26.7,3,36,977.5
1,2025-07-24,23.5,28.0,19.7,1.40,1.40,0.00,5.0,51056.21,18.84,20.5,41.8,255,4.96,14.5,58,81,43,0.160,0.168,0.206,25.5,22.5,25.9,51,64,973.9
1,2025-07-25,20.8,26.2,16.9,6.60,6.60,0.00,12.0,39484.67,16.77,13.7,32.8,287,3.40,17.0,80,93,54,0.194,0.172,0.209,23.5,22.5,24.5,61,67,972.3
1,2025-07-26,20.4,24.4,16.6,4.10,4.10,0.00,15.0,46101.73,18.32,23.2,46.8,329,4.10,14.7,73,98,45,0.284,0.178,0.211,22.4,22.3,23.1,53,71,974.9
1,2025-07-27,16.2,21.7,10.9,0.80,0.80,0.00,6.0,46354.87,15.22,24.6,45.0,318,3.63,9.6,67,84,43,0.273,0.187,0.214,18.9,21.9,21.1,51,53,978.3
1,2025-07-28,16.1,18.8,14.1,5.20,5.20,0.00,18.0,6374.33,9.09,20.5,40.7,307,2.00,13.0,82,94,67,0.268,0.191,0.215,18.6,21.3,19.7,53,90,977.0
1,2025-07-29,19.8,26.0,15.1,1.00,1.00,0.00,5.0,46914.22,17.97,14.3,27.7,350,3.78,13.4,70,97,39,0.288,0.196,0.215,20.4,20.8,19.7,53,57,977.0
1,2025-07-30,20.6,26.9,13.6,0.90,0.90,0.00,6.0,51661.29,21.24,14.1,31.3,349,4.30,14.7,71,93,42,0.264,0.195,0.213,21.5,20.4,20.9,51,28,979.4
1,2025-07-31,20.0,24.3,16.2,0.50,0.50,0.00,4.0,49221.55,20.32,20.7,38.9,24,4.34,13.3,67,86,46,0.254,0.194,0.211,21.6,20.3,21.6,51,43,982.1
1,2025-08-01,22.3,29.5,14.9,0.20,0.20,0.00,2.0,52532.12,23.50,16.6,34.6,358,5.27,13.8,62,86,36,0.237,0.192,0.209,22.5,20.3,21.6,51,7,985.1
1,2025-08-02,23.6,30.8,15.1,0.00,0.00,0.00,0.0,52171.71,24.64,8.6,23.0,56,5.43,13.5,56,79,33,0.214,0.184,0.204,24.1,20.4,22.7,1,6,988.9
1,2025-08-03,24.6,31.1,17.3,0.00,0.00,0.00,0.0,51023.09,24.41,12.8,25.9,87,5.95,12.6,50,71,28,0.197,0.179,0.202,25.3,20.6,23.8,2,22,992.3
1,2025-08-04,25.2,31.7,18.1,0.00,0.00,0.00,0.0,51066.05,22.58,15.4,31.3,147,6.21,12.4,48,72,28,0.187,0.179,0.202,25.6,20.9,24.5,2,26,994.8
1,2025-08-05,24.5,29.4,20.7,0.00,0.00,0.00,0.0,39559.28,15.36,30.7,51.8,222,5.72,12.7,48,57,34,0.178,0.176,0.200,25.0,21.2,24.6,3,58,992.4
1,2025-08-06,27.6,34.8,21.1,0.00,0.00,0.00,0.0,44841.62,21.14,27.4,49.3,216,7.63,9.6,37,61,16,0.168,0.170,0.196,26.5,21.4,24.8,3,50,986.8
1,2025-08-07,25.8,31.8,19.0,0.20,0.20,0.00,2.0,48514.39,20.56,20.1,35.6,277,5.84,13.7,49,69,31,0.159,0.164,0.193,26.6,21.7,25.6,51,39,982.4
1,2025-08-08,24.9,30.6,18.7,0.00,0.00,0.00,0.0,49795.33,19.13,16.7,32.0,334,4.98,16.4,62,84,40,0.156,0.161,0.191,26.2,22.0,25.6,2,27,982.8
1,2025-08-09,23.1,29.0,17.1,0.00,0.00,0.00,0.0,42350.60,18.40,16.7,31.0,90,5.00,13.1,55,72,38,0.158,0.162,0.191,25.1,22.2,25.2,3,81,987.7
1,2025-08-10,20.4,23.6,17.0,10.00,10.00,0.00,14.0,30226.69,15.03,23.6,43.9,141,3.81,14.2,69,96,50,0.213,0.163,0.191,22.9,22.3,24.3,63,63,986.6
1,2025-08-11,19.1,25.8,13.0,2.00,2.00,0.00,4.0,50400.00,18.76,18.0,35.6,265,3.77,13.2,72,99,41,0.300,0.176,0.197,21.0,22.2,22.3,55,33,984.4
1,2025-08-12,19.4,26.6,12.1,0.10,0.10,0.00,1.0,39176.65,17.07,20.5,29.9,269,4.13,10.7,61,86,31,0.278,0.183,0.197,20.4,21.9,21.5,51,48,984.8
1,2025-08-13,17.3,22.7,13.7,8.00,8.00,0.00,11.0,43128.26,18.40,20.7,41.4,228,3.44,12.7,76,92,54,0.310,0.192,0.200,19.7,21.5,21.1,61,55,979.6
1,2025-08-14,17.6,22.8,13.0,2.10,2.10,0.00,6.0,47532.40,17.54,17.8,40.3,281,3.40,12.8,75,95,53,0.317,0.206,0.201,19.3,21.2,20.2,55,37,978.7
1,2025-08-15,17.1,21.3,13.3,7.90,7.90,0.00,14.0,39058.54,13.83,20.9,35.6,266,2.73,13.2,79,92,60,0.336,0.217,0.200,18.9,20.8,19.8,63,55,978.4
1,2025-08-16,18.1,23.8,14.0,0.30,0.30,0.00,3.0,42752.04,17.09,20.5,41.0,302,3.67,12.3,72,94,42,0.336,0.238,0.199,19.4,20.5,19.7,51,63,977.2
1,2025-08-17,17.9,24.3,10.9,0.00,0.00,0.00,0.0,49413.54,17.61,15.3,32.4,302,3.90,9.7,63,92,36,0.299,0.242,0.198,18.9,20.2,19.4,2,24,982.6
1,2025-08-18,19.7,27.9,9.5,0.00,0.00,0.00,0.0,49447.30,22.94,10.8,25.2,230,4.90,9.3,57,92,29,0.273,0.238,0.196,19.6,19.9,19.5,1,6,987.9
1,2025-08-19,21.9,30.3,14.5,1.00,1.00,0.00,3.0,44610.19,16.89,27.9,51.5,189,5.59,9.5,48,67,23,0.251,0.231,0.194,20.9,19.9,20.6,53,38,981.5
1,2025-08-20,18.7,23.5,12.9,0.00,0.00,0.00,0.0,30578.71,14.52,25.6,49.0,284,3.89,10.4,61,89,41,0.238,0.228,0.193,19.8,19.9,20.6,3,34,978.5
1,2025-08-21,18.3,25.4,10.3,0.00,0.00,0.00,0.0,48240.64,22.26,14.0,26.6,311,4.40,10.6,64,88,39,0.226,0.224,0.192,19.8,19.8,19.9,3,30,984.1
1,2025-08-22,20.4,26.7,15.2,0.00,0.00,0.00,0.0,38673.60,18.36,13.8,30.2,15,4.10,11.1,58,79,35,0.214,0.220,0.192,21.2,19.8,20.8,3,52,986.0
1,2025-08-23,22.1,30.4,13.7,0.00,0.00,0.00,0.0,47759.89,19.00,10.3,27.7,167,4.41,10.7,52,78,27,0.204,0.215,0.191,21.7,19.9,21.2,2,23,988.1
1,2025-08-24,23.6,31.0,16.6,0.00,0.00,0.00,0.0,46677.56,17.10,16.6,32.8,171,5.27,9.6,44,69,24,0.198,0.212,0.191,22.6,20.1,22.0,2,16,989.1
1,2025-08-25,25.1,32.7,16.9,0.00,0.00,0.00,0.0,47469.19,21.35,18.9,37.8,166,6.66,8.6,38,57,21,0.188,0.207,0.189,23.7,20.3,22.5,3,23,988.3
1,2025-08-26,23.8,29.5,18.6,0.60,0.60,0.00,2.0,45176.74,16.11,11.3,47.2,331,3.89,12.9,51,69,33,0.181,0.202,0.189,24.3,20.6,23.5,51,61,990.2
1,2025-08-27,25.8,32.3,19.4,0.10,0.10,0.00,1.0,46813.36,19.58,20.3,36.4,220,6.84,10.4,40,61,20,0.175,0.196,0.187,25.2,20.9,24.0,51,23,987.8
1,2025-08-28,18.9,25.8,11.5,0.00,0.00,0.00,0.0,46755.30,21.11,25.1,48.6,307,5.12,6.8,51,87,23,0.172,0.194,0.187,21.4,21.2,23.0,1,4,992.9
1,2025-08-29,17.1,25.4,7.5,0.00,0.00,0.00,0.0,46671.94,20.81,18.7,36.0,297,4.84,4.3,47,79,23,0.171,0.194,0.189,19.5,21.1,21.1,2,8,994.6
1,2025-08-30,16.7,24.5,8.6,0.00,0.00,0.00,0.0,44634.73,18.60,20.1,44.6,320,4.39,5.7,51,75,31,0.168,0.192,0.189,18.8,20.9,20.4,3,17,995.3
1,2025-08-31,20.8,30.3,10.8,0.00,0.00,0.00,0.0,46016.57,19.81,23.1,45.0,257,5.65,7.3,47,80,22,0.165,0.189,0.189,20.3,20.7,20.4,1,3,994.6
1,2025-09-01,23.1,31.4,15.2,0.00,0.00,0.00,0.0,44616.63,18.79,13.6,29.5,307,5.23,7.6,40,59,20,0.159,0.183,0.186,22.8,20.6,21.9,3,11,989.4
1,2025-09-02,24.1,33.6,16.1,0.00,0.00,0.00,0.0,44675.76,18.52,17.4,31.7,161,5.59,8.7,43,71,17,0.156,0.179,0.185,23.6,20.8,22.8,2,21,987.5
1,2025-09-03,26.4,34.2,19.9,0.00,0.00,0.00,0.0,43645.56,18.06,31.1,58.7,195,8.21,8.3,34,50,18,0.156,0.177,0.184,25.0,21.0,24.0,3,62,986.4
1,2025-09-04,23.8,28.3,18.7,0.00,0.00,0.00,0.0,32339.67,12.82,25.6,45.0,173,6.69,3.1,27,37,16,0.160,0.177,0.184,24.0,21.4,24.2,3,91,984.3
1,2025-09-05,20.0,25.9,15.3,0.40,0.40,0.00,3.0,39286.42,13.14,17.3,36.0,185,4.16,6.0,43,90,24,0.156,0.173,0.182,22.3,21.5,22.9,51,54,978.4
1,2025-09-06,17.2,23.1,12.6,0.90,0.90,0.00,2.0,42974.06,13.43,13.7,26.6,281,2.72,12.2,75,97,44,0.161,0.174,0.184,20.0,21.5,21.4,53,53,979.7
1,2025-09-07,18.2,23.2,14.4,0.20,0.20,0.00,1.0,41034.32,13.62,30.4,53.3,38,3.75,11.0,65,83,41,0.177,0.177,0.186,19.4,21.3,20.5,51,50,984.6
1,2025-09-08,17.4,23.5,12.1,0.00,0.00,0.00,0.0,43235.14,18.39,17.6,34.2,13,4.11,7.9,57,83,32,0.178,0.179,0.189,19.4,21.0,20.2,0,2,990.5
1,2025-09-09,15.6,22.1,9.1,0.90,0.90,0.00,5.0,43200.00,13.26,21.0,40.7,320,3.27,7.4,60,81,44,0.179,0.179,0.191,17.5,20.7,19.3,51,26,989.6
1,2025-09-10,14.1,19.7,8.0,0.00,0.00,0.00,0.0,37047.80,15.11,18.2,37.8,14,3.29,5.5,59,85,36,0.183,0.181,0.193,16.5,20.3,18.2,3,21,993.4
1,2025-09-11,14.3,21.3,6.5,0.00,0.00,0.00,0.0,37920.26,15.11,9.5,24.8,316,3.03,5.0,57,85,32,0.182,0.183,0.195,16.2,19.9,17.6,1,10,993.7
1,2025-09-12,15.5,21.6,9.6,0.00,0.00,0.00,0.0,28502.41,11.01,24.6,43.2,65,3.09,6.1,56,80,34,0.182,0.185,0.196,16.6,19.5,17.6,3,68,994.7
1,2025-09-13,12.4,17.3,7.2,0.00,0.00,0.00,0.0,33212.75,15.65,23.1,40.0,66,3.61,1.9,53,81,29,0.182,0.186,0.198,15.3,19.2,17.2,3,96,1002.0
1,2025-09-14,12.2,18.1,7.1,0.00,0.00,0.00,0.0,35910.24,13.97,21.7,42.1,65,3.43,0.9,48,64,29,0.182,0.187,0.199,14.1,18.8,16.2,3,90,1002.0
1,2025-09-15,13.3,18.0,8.6,0.00,0.00,0.00,0.0,36579.65,11.75,24.7,46.8,40,3.46,2.4,49,65,33,0.182,0.188,0.201,14.4,18.4,15.8,3,82,997.3
1,2025-09-16,13.9,18.7,8.2,0.00,0.00,0.00,0.0,23591.76,9.94,21.8,40.7,17,3.05,4.0,53,79,35,0.181,0.190,0.202,14.8,18.1,15.6,3,52,993.9
1,2025-09-17,13.9,20.6,7.5,0.10,0.10,0.00,1.0,41087.98,11.51,23.3,44.6,27,3.01,5.6,60,82,37,0.180,0.190,0.203,14.3,17.7,15.6,51,33,995.0
1,2025-09-18,13.9,20.3,7.7,0.00,0.00,0.00,0.0,39994.61,12.42,16.2,34.6,46,3.00,3.2,52,73,29,0.181,0.191,0.205,14.6,17.5,15.9,3,62,996.5
1,2025-09-19,14.0,21.2,6.7,0.00,0.00,0.00,0.0,33544.11,11.96,10.2,20.9,83,2.74,3.8,53,74,30,0.185,0.194,0.208,14.5,17.4,15.9,3,38,996.0
1,2025-09-20,17.2,21.8,13.6,0.00,0.00,0.00,0.0,19463.41,7.86,15.4,28.8,115,3.17,4.6,45,59,29,0.182,0.194,0.208,16.8,17.3,16.4,3,94,992.6
1,2025-09-21,15.7,20.7,10.4,0.10,0.10,0.00,1.0,10575.78,8.14,16.2,31.3,73,3.00,3.5,46,63,28,0.180,0.193,0.208,15.9,17.3,16.8,51,91,990.8
1,2025-09-22,14.6,22.7,6.0,0.00,0.00,0.00,0.0,35359.52,13.72,23.4,45.7,297,3.55,5.1,55,74,34,0.177,0.191,0.207,14.8,17.2,15.9,3,24,989.1
1,2025-09-23,18.4,28.0,9.3,0.00,0.00,0.00,0.0,41886.19,14.59,20.5,37.8,257,4.04,8.4,57,84,30,0.169,0.186,0.204,17.5,17.2,16.8,0,3,993.9
1,2025-09-24,20.0,28.6,13.1,0.00,0.00,0.00,0.0,41904.99,14.56,20.6,40.0,225,4.67,6.9,46,62,24,0.162,0.180,0.201,18.9,17.3,18.4,0,0,992.6
1,2025-09-25,19.2,26.5,12.6,0.00,0.00,0.00,0.0,40995.09,14.35,21.9,41.4,236,4.36,6.3,46,65,26,0.159,0.177,0.199,19.1,17.6,19.1,2,4,987.2
1,2025-09-26,10.6,15.2,6.5,2.30,2.30,0.00,11.0,17506.95,7.67,18.2,36.7,354,1.45,6.8,78,96,51,0.165,0.177,0.199,14.3,17.8,17.4,51,96,987.0
1,2025-09-27,6.8,12.9,0.8,0.30,0.30,0.00,2.0,39783.37,14.31,14.8,32.0,345,2.03,1.5,72,99,42,0.191,0.180,0.202,10.6,17.5,14.1,51,19,992.6
1,2025-09-28,8.7,13.9,3.5,0.00,0.00,0.00,0.0,17842.35,7.88,6.5,16.9,267,1.45,0.9,60,79,39,0.192,0.184,0.206,10.3,17.0,12.7,3,76,996.9
1,2025-09-29,5.8,9.4,0.4,0.30,0.30,0.00,3.0,36970.85,10.56,20.6,35.6,34,1.47,1.7,75,91,57,0.195,0.187,0.208,9.2,16.4,12.3,51,54,999.2
1,2025-09-30,1.8,8.4,-3.1,0.00,0.00,0.00,0.0,37965.18,13.56,19.5,38.9,32,1.79,-4.9,64,82,40,0.200,0.191,0.212,5.9,15.7,9.9,1,4,1000.4
1,2025-10-01,4.3,13.7,-5.1,0.00,0.00,0.00,0.0,36995.01,13.38,20.7,38.5,301,2.27,-3.0,62,85,37,0.199,0.192,0.213,5.8,14.9,8.4,0,0,999.6
1,2025-10-02,5.9,13.3,-0.2,0.00,0.00,0.00,0.0,36386.17,12.42,13.6,29.5,12,1.88,0.1,69,91,43,0.194,0.190,0.212,7.6,14.2,9.5,1,7,1000.1
1,2025-10-03,6.4,15.1,-1.9,0.00,0.00,0.00,0.0,36264.60,12.38,10.1,24.1,109,2.08,-0.9,64,91,33,0.192,0.190,0.212,7.7,13.7,9.6,3,28,1005.2
1,2025-10-04,7.4,16.5,-1.0,0.00,0.00,0.00,0.0,36000.00,12.87,10.7,17.6,96,2.20,-1.0,59,85,33,0.188,0.188,0.211,8.5,13.4,9.7,3,11,1007.0
1,2025-10-05,8.3,17.2,0.3,0.00,0.00,0.00,0.0,36000.00,12.25,15.9,30.6,141,2.59,-1.2,55,80,31,0.184,0.186,0.210,8.8,13.1,10.2,3,51,1006.4
1,2025-10-06,8.7,17.2,1.3,0.00,0.00,0.00,0.0,33848.17,11.80,16.8,33.8,136,2.76,-3.5,45,65,23,0.185,0.186,0.210,9.2,13.0,10.5,3,88,1000.8
1,2025-10-07,9.3,17.4,1.9,0.00,0.00,0.00,0.0,32584.45,11.28,15.6,31.7,128,2.92,-5.9,37,54,17,0.182,0.184,0.209,9.7,12.9,10.4,3,51,999.6
1,2025-10-08,8.8,16.7,2.5,0.00,0.00,0.00,0.0,35042.54,9.39,11.9,20.9,128,2.40,-5.4,38,52,20,0.181,0.183,0.209,9.3,12.8,10.3,3,36,999.7
1,2025-10-09,8.5,18.3,-0.3,0.00,0.00,0.00,0.0,36000.00,11.74,10.3,21.6,113,2.44,-3.3,46,67,23,0.181,0.183,0.209,8.8,12.7,10.1,1,3,1000.1
1,2025-10-10,10.1,18.2,0.9,0.00,0.00,0.00,0.0,34951.19,11.12,18.7,36.4,119,2.97,-2.2,45,70,26,0.177,0.179,0.206,9.9,12.6,10.4,3,42,996.8
1,2025-10-11,10.5,15.8,5.3,0.20,0.20,0.00,2.0,16705.94,6.26,26.0,46.8,108,3.07,-1.8,44,58,29,0.175,0.178,0.205,10.3,12.6,11.1,51,87,988.5
1,2025-10-12,7.1,11.5,5.0,7.90,7.90,0.00,17.0,5049.28,4.00,24.1,42.5,112,1.48,1.5,69,91,37,0.202,0.178,0.206,8.6,12.6,10.8,61,98,987.8
1,2025-10-13,10.8,15.9,7.4,2.50,2.50,0.00,9.0,16795.53,4.69,14.8,25.2,163,0.80,9.0,90,100,71,0.268,0.181,0.206,9.8,12.5,10.2,53,64,992.8
1,2025-10-14,13.7,17.3,10.5,0.10,0.10,0.00,1.0,0.00,3.74,23.5,43.2,138,2.02,7.9,69,88,54,0.271,0.187,0.208,12.0,12.5,11.3,51,99,995.8
1,2025-10-15,12.8,15.4,10.3,1.50,1.50,0.00,12.0,234.93,4.60,21.5,38.2,127,2.29,5.0,59,72,48,0.267,0.191,0.208,12.7,12.7,12.4,51,98,995.2
1,2025-10-16,9.5,14.4,4.9,0.00,0.00,0.00,0.0,32767.97,9.75,17.2,33.5,134,2.53,-2.0,46,59,30,0.261,0.194,0.208,10.6,12.8,11.6,3,40,992.3
1,2025-10-17,5.6,7.6,2.8,0.40,0.40,0.00,3.0,14373.14,5.05,25.7,45.0,279,1.16,1.1,73,96,53,0.253,0.195,0.208,8.1,12.7,10.1,51,83,993.5
1,2025-10-18,4.9,9.3,1.6,0.00,0.00,0.00,0.0,24236.01,7.19,15.3,30.6,282,1.32,-0.6,69,81,47,0.250,0.198,0.213,6.6,12.4,8.6,3,69,999.0
1,2025-10-19,6.6,11.3,3.0,0.00,0.00,0.00,0.0,14756.04,4.69,14.9,27.7,228,1.10,1.3,70,82,46,0.245,0.201,0.214,7.2,12.1,8.4,3,87,999.5
1,2025-10-20,8.2,13.4,4.8,0.00,0.00,0.00,0.0,29030.80,8.14,14.3,26.6,133,1.73,0.6,61,80,37,0.240,0.202,0.215,8.8,11.8,9.0,3,87,999.6
1,2025-10-21,7.2,13.2,2.1,0.00,0.00,0.00,0.0,35647.08,9.14,26.9,50.0,115,2.40,-1.9,55,73,33,0.235,0.202,0.215,8.0,11.6,8.8,3,29,999.3
1,2025-10-22,5.7,9.1,3.4,1.10,1.10,0.00,5.0,15275.21,4.19,18.1,31.7,115,1.34,-0.4,65,77,53,0.233,0.203,0.215,7.0,11.4,8.4,51,71,997.3
1,2025-10-23,6.6,13.6,0.7,0.00,0.00,0.00,0.0,26597.43,8.06,13.1,22.7,143,1.39,0.4,66,81,45,0.234,0.203,0.215,7.0,11.2,7.8,3,68,996.4
1,2025-10-24,7.8,14.5,4.4,0.00,0.00,0.00,0.0,16898.37,4.74,10.6,20.5,101,1.19,1.7,67,80,43,0.228,0.202,0.213,7.8,11.0,8.3,3,70,994.1
1,2025-10-25,6.2,16.0,-1.0,0.00,0.00,0.00,0.0,34675.31,8.75,9.1,18.7,107,1.44,-0.3,66,87,37,0.221,0.197,0.210,6.6,10.8,7.8,3,11,991.7
1,2025-10-26,8.1,15.4,2.3,0.00,0.00,0.00,0.0,22617.24,6.71,17.2,29.9,145,2.00,-0.8,56,73,36,0.213,0.192,0.206,7.4,10.6,7.8,3,80,993.4
1,2025-10-27,8.2,13.4,4.5,0.00,0.00,0.00,0.0,27634.68,7.45,23.4,43.6,129,2.49,-2.0,50,61,32,0.209,0.192,0.205,8.5,10.6,8.7,3,92,993.4
1,2025-10-28,7.8,13.7,3.1,0.00,0.00,0.00,0.0,30177.36,7.73,21.9,40.7,136,2.39,-2.1,51,66,32,0.207,0.191,0.205,8.2,10.6,8.8,3,87,992.8
1,2025-10-29,9.5,15.9,5.7,1.40,1.40,0.00,7.0,7159.54,4.60,17.5,30.2,159,2.01,-0.4,51,64,36,0.213,0.189,0.204,8.9,10.6,8.9,51,98,991.9
1,2025-10-30,9.2,11.7,7.6,6.30,6.30,0.00,14.0,8.45,1.79,19.4,34.2,192,1.17,4.3,73,95,50,0.235,0.188,0.202,9.0,10.6,9.1,53,100,985.1
1,2025-10-31,6.0,8.6,1.9,0.20,0.20,0.00,2.0,3937.57,2.26,20.5,36.0,293,0.67,3.4,84,97,67,0.284,0.191,0.202,7.7,10.7,9.0,51,93,988.6
1,2025-11-01,3.3,7.0,-0.8,2.00,2.00,0.00,10.0,0.00,2.74,19.6,35.3,168,0.53,1.3,86,94,80,0.280,0.196,0.203,4.0,10.5,7.1,51,94,991.9
1,2025-11-02,6.5,7.6,4.4,6.40,6.40,0.00,14.0,0.00,1.86,21.1,38.5,357,0.46,4.9,89,96,75,0.329,0.206,0.203,7.1,10.2,7.4,53,90,984.0
1,2025-11-03,1.6,4.4,-2.5,1.20,1.20,0.00,11.0,16861.65,4.91,20.4,38.9,349,0.76,-1.6,81,99,53,0.319,0.221,0.205,4.3,10.1,6.7,51,75,995.7
1,2025-11-04,-4.5,-0.2,-7.5,0.00,0.00,0.00,0.0,30606.69,7.68,10.5,18.4,73,0.76,-10.1,67,93,38,0.301,0.232,0.208,-0.6,9.6,3.6,3,27,1008.3
1,2025-11-05,-3.4,-0.1,-6.8,0.70,0.00,0.49,5.0,0.00,2.33,15.8,30.2,195,0.78,-9.7,62,75,49,0.290,0.238,0.210,-1.5,8.7,1.2,71,77,1010.2
1,2025-11-06,-1.2,5.2,-6.5,0.00,0.00,0.00,0.0,29913.92,7.17,18.9,34.6,232,1.19,-7.8,64,84,37,0.282,0.240,0.210,-1.2,7.9,0.9,3,22,1004.4
1,2025-11-07,1.6,5.8,-2.3,0.00,0.00,0.00,0.0,24026.92,5.64,21.7,38.5,233,1.81,-9.4,45,56,31,0.276,0.239,0.209,0.2,7.2,1.0,3,97,997.2
1,2025-11-08,4.5,6.6,2.5,1.40,1.40,0.00,8.0,0.00,1.00,22.5,38.2,241,0.53,2.2,86,93,53,0.282,0.239,0.208,3.1,6.7,2.1,51,100,991.4
1,2025-11-09,5.4,7.7,0.1,0.60,0.60,0.00,6.0,470.78,2.56,28.8,51.1,288,0.79,2.6,82,92,67,0.284,0.241,0.208,5.3,6.6,4.9,51,97,987.8
1,2025-11-10,0.4,5.5,-4.3,0.00,0.00,0.00,0.0,28800.00,5.72,18.0,32.4,226,0.69,-2.2,84,96,68,0.278,0.245,0.209,1.5,6.7,3.9,3,57,995.8
1,2025-11-11,5.9,7.6,2.6,5.20,5.20,0.00,12.0,0.00,0.72,21.6,34.2,229,0.32,4.7,92,97,79,0.316,0.249,0.210,4.9,6.7,4.2,53,100,989.9
1,2025-11-12,4.7,6.2,3.1,0.10,0.10,0.00,1.0,0.00,1.87,12.4,22.0,321,0.37,2.9,88,96,77,0.319,0.257,0.210,5.2,6.8,5.5,51,100,994.9
1,2025-11-13,2.5,5.9,-0.5,1.20,1.20,0.00,3.0,20030.81,4.58,19.1,38.2,111,0.75,-0.4,82,93,64,0.310,0.261,0.210,3.3,6.9,4.9,53,98,1001.3
1,2025-11-14,5.4,10.9,2.5,0.00,0.00,0.00,0.0,18437.82,4.23,17.7,30.6,136,0.93,1.5,76,87,62,0.306,0.264,0.210,5.2,6.9,4.9,3,64,998.1
1,2025-11-15,4.0,10.2,-0.1,0.00,0.00,0.00,0.0,28800.00,6.00,12.4,23.8,164,0.75,1.3,84,91,65,0.295,0.264,0.209,4.2,7.0,4.8,3,20,993.9
1,2025-11-16,2.6,6.3,0.4,0.00,0.00,0.00,0.0,24500.12,4.84,16.7,32.0,223,0.55,0.7,88,91,82,0.289,0.265,0.209,2.9,6.9,4.5,3,44,990.3
1,2025-11-17,2.3,3.5,1.2,0.00,0.00,0.00,0.0,4144.80,2.96,13.9,27.0,69,0.42,0.3,86,91,81,0.284,0.264,0.213,3.6,6.9,4.6,3,97,999.1
1,2025-11-18,3.1,4.4,2.0,0.00,0.00,0.00,0.0,4042.69,2.83,7.8,15.1,7,0.34,1.2,87,93,79,0.280,0.264,0.213,4.2,6.9,4.6,3,88,1000.6
1,2025-11-19,3.2,5.1,2.1,0.00,0.00,0.00,0.0,28559.20,4.94,20.9,36.0,207,0.53,1.2,87,91,79,0.277,0.263,0.213,3.7,6.8,4.1,3,55,998.2
1,2025-11-20,7.4,10.6,3.4,8.20,8.20,0.00,14.0,0.00,0.70,23.3,42.8,220,0.34,6.2,93,97,85,0.305,0.264,0.213,6.1,6.7,5.0,61,99,997.2
1,2025-11-21,7.9,10.0,5.7,1.60,1.60,0.00,14.0,0.00,0.73,12.6,22.7,82,0.23,7.1,95,97,92,0.349,0.275,0.214,7.6,6.9,7.0,51,99,1003.4
1,2025-11-22,7.7,11.3,5.5,0.10,0.10,0.00,1.0,22693.46,3.92,18.9,34.6,158,0.81,5.0,84,97,67,0.331,0.283,0.214,7.3,7.2,7.0,51,73,1005.1
1,2025-11-23,5.8,10.5,2.0,0.00,0.00,0.00,0.0,27741.91,4.82,16.1,27.7,215,1.06,1.1,72,80,59,0.316,0.286,0.214,6.0,7.4,6.2,3,40,999.4
1,2025-11-24,3.7,8.5,0.2,0.00,0.00,0.00,0.0,25542.92,3.78,14.5,25.6,149,0.56,1.1,83,90,70,0.307,0.286,0.214,4.5,7.4,5.2,3,82,998.1
1,2025-11-25,4.3,11.6,0.0,0.00,0.00,0.00,0.0,28800.00,5.08,20.3,36.4,183,0.98,0.3,76,87,55,0.303,0.286,0.215,3.9,7.2,4.5,3,60,994.3
1,2025-11-26,2.0,5.1,-0.7,0.00,0.00,0.00,0.0,7054.61,2.42,14.0,25.9,327,0.38,0.0,87,96,80,0.298,0.285,0.215,2.7,7.0,3.9,3,76,993.0
1,2025-11-27,-0.1,3.4,-2.6,0.00,0.00,0.00,0.0,28800.00,4.87,13.7,27.7,13,0.55,-3.0,81,88,67,0.295,0.285,0.216,2.1,6.7,3.3,3,31,1000.4
1,2025-11-28,-1.9,2.7,-4.8,0.00,0.00,0.00,0.0,28800.00,4.39,11.1,22.0,110,0.46,-4.6,83,89,67,0.292,0.284,0.216,-0.1,6.4,1.9,3,26,1003.5
1,2025-11-29,-2.0,4.7,-6.8,0.00,0.00,0.00,0.0,26345.36,4.36,10.2,16.9,166,0.42,-4.9,81,90,64,0.290,0.283,0.216,-1.3,5.9,1.0,3,64,1001.1
1,2025-11-30,-1.2,6.0,-5.4,0.00,0.00,0.00,0.0,28800.00,4.62,7.7,13.3,115,0.44,-3.7,84,92,65,0.289,0.283,0.217,-1.4,5.4,0.7,2,8,1001.1
1,2025-12-01,-3.0,3.6,-6.7,0.00,0.00,0.00,0.0,28800.00,4.64,7.9,15.1,115,0.43,-5.9,81,88,62,0.287,0.282,0.217,-2.1,5.0,0.5,2,18,1000.7
1,2025-12-02,-3.7,-0.4,-5.8,0.00,0.00,0.00,0.0,24228.49,3.46,8.8,20.2,79,0.27,-5.1,90,92,86,0.286,0.280,0.218,-1.7,4.6,0.4,3,54,1000.1
1,2025-12-03,-4.8,-2.8,-6.7,0.00,0.00,0.00,0.0,562.17,2.16,10.3,16.2,335,0.21,-5.9,92,96,87,0.285,0.279,0.218,-2.7,4.3,0.2,3,98,999.3
1,2025-12-04,-2.5,-2.1,-2.8,0.00,0.00,0.00,0.0,1407.66,1.61,10.9,21.6,309,0.22,-3.8,91,93,87,0.284,0.279,0.219,-2.1,4.0,0.1,3,98,1000.8
1,2025-12-05,-2.1,-1.8,-2.5,0.00,0.00,0.00,0.0,400.39,1.85,8.8,17.6,307,0.25,-4.1,86,92,81,0.284,0.278,0.220,-1.5,3.8,0.0,3,96,1002.5
1,2025-12-06,-2.8,-2.2,-3.4,0.00,0.00,0.00,0.0,695.05,1.70,7.5,13.3,303,0.19,-4.8,86,90,82,0.283,0.278,0.220,-1.6,3.6,0.0,3,98,1001.9
1,2025-12-07,-2.0,-0.9,-3.2,0.40,0.00,0.28,4.0,0.00,1.42,9.5,16.9,285,0.17,-3.2,91,94,86,0.282,0.276,0.222,-1.3,3.4,-0.0,71,99,999.3
1,2025-12-08,-1.2,-0.1,-2.1,0.60,0.00,0.42,6.0,8533.95,2.35,19.6,34.2,287,0.36,-3.3,86,95,77,0.280,0.276,0.222,0.3,3.2,0.0,71,87,999.7
1,2025-12-09,-10.6,-2.9,-16.4,0.10,0.00,0.07,1.0,28307.54,4.53,20.4,36.7,55,0.34,-13.6,78,88,71,0.279,0.277,0.224,-4.8,3.1,0.1,71,32,1008.4
1,2025-12-10,-14.8,-10.4,-18.9,0.00,0.00,0.00,0.0,19044.19,3.64,22.1,38.9,121,0.44,-19.9,66,77,52,0.279,0.277,0.226,-9.1,3.0,-0.4,3,65,1013.4
1,2025-12-11,-10.2,-6.8,-12.9,0.00,0.00,0.00,0.0,24173.54,3.24,22.4,38.9,117,0.56,-16.0,63,73,56,0.278,0.275,0.230,-6.8,2.8,-0.9,3,87,1000.8
1,2025-12-12,-11.1,-6.0,-16.5,0.00,0.00,0.00,0.0,28316.62,4.42,10.0,19.4,268,0.33,-14.8,75,86,58,0.278,0.275,0.232,-7.9,2.5,-1.2,3,16,986.2
1,2025-12-13,-4.0,-2.6,-6.1,3.30,0.00,2.31,17.0,0.00,1.81,30.8,54.0,184,0.38,-6.3,84,90,70,0.277,0.274,0.233,-3.3,2.3,-1.4,73,99,975.7
1,2025-12-14,-7.8,-1.5,-12.2,5.00,0.00,3.50,20.0,1150.88,2.45,37.0,63.0,212,0.35,-10.0,84,93,78,0.277,0.273,0.233,-4.4,2.1,-1.4,73,99,962.8
1,2025-12-15,-11.3,-10.2,-12.1,2.40,0.10,1.61,24.0,10748.88,3.02,37.1,66.6,252,0.31,-13.6,83,86,77,0.278,0.272,0.234,-6.9,1.9,-1.8,71,100,977.1
1,2025-12-16,-13.3,-10.8,-15.7,0.50,0.00,0.35,5.0,15728.51,3.48,28.4,49.0,266,0.24,-15.4,84,86,80,0.278,0.271,0.234,-8.9,1.7,-2.9,71,95,990.1
1,2025-12-17,-12.9,-7.8,-17.1,0.90,0.00,0.63,6.0,1623.72,2.79,19.9,33.1,248,0.21,-14.7,86,90,79,0.278,0.269,0.234,-10.5,1.2,-5.7,71,95,999.2
1,2025-12-18,-4.9,-3.8,-7.8,1.00,0.00,0.70,10.0,0.00,1.83,17.1,28.8,225,0.21,-6.1,91,93,89,0.278,0.269,0.234,-4.7,1.1,-4.3,71,99,999.8
1,2025-12-19,-3.3,-2.3,-4.5,2.50,0.00,1.75,13.0,0.00,1.40,22.2,40.0,222,0.23,-4.6,91,92,89,0.278,0.268,0.234,-3.3,1.0,-2.6,73,100,992.7
1,2025-12-20,-5.4,-1.0,-17.4,1.40,0.00,0.98,10.0,1980.21,2.22,16.6,28.8,339,0.22,-6.8,90,95,83,0.278,0.268,0.234,-3.1,1.0,-2.2,71,84,989.5
1,2025-12-21,-20.4,-16.2,-25.9,0.00,0.00,0.00,0.0,27664.11,4.36,13.2,21.2,159,0.15,-22.7,82,86,78,0.278,0.268,0.234,-11.0,1.0,-4.3,2,22,1001.0
1,2025-12-22,-11.8,-9.7,-16.2,0.00,0.00,0.00,0.0,5466.66,2.55,18.0,31.3,193,0.19,-13.4,87,90,82,0.278,0.267,0.235,-9.2,0.9,-5.7,3,94,997.8
1,2025-12-23,-7.5,-2.2,-12.7,2.50,0.00,1.75,14.0,0.00,1.76,21.1,34.6,199,0.22,-8.9,89,92,87,0.278,0.267,0.235,-6.4,0.8,-4.8,73,99,989.3
1,2025-12-24,-4.9,-1.4,-7.9,1.10,0.00,0.77,11.0,14675.22,3.20,21.6,36.7,242,0.29,-6.5,88,91,84,0.278,0.266,0.236,-3.5,0.7,-2.8,71,95,989.8
1,2025-12-25,-17.3,-7.0,-23.5,0.40,0.00,0.28,4.0,26272.83,4.33,16.2,28.1,283,0.14,-19.2,85,91,80,0.279,0.265,0.236,-6.8,0.7,-4.1,71,68,991.8
1,2025-12-26,-18.3,-14.7,-24.1,0.00,0.00,0.00,0.0,8499.50,3.20,19.3,31.0,208,0.17,-20.6,82,85,78,0.280,0.265,0.236,-10.7,0.6,-7.3,3,95,992.5
1,2025-12-27,-15.8,-13.3,-18.8,0.00,0.00,0.00,0.0,25097.69,3.90,21.3,35.3,165,0.26,-18.7,78,82,73,0.280,0.264,0.236,-11.2,0.6,-6.9,3,74,989.7
1,2025-12-28,-8.1,-4.0,-15.7,9.30,0.00,6.51,15.0,0.00,1.38,24.2,40.0,148,0.24,-9.8,87,91,80,0.280,0.264,0.236,-7.1,0.5,-5.9,75,99,979.7
1,2025-12-29,-5.0,-3.7,-7.1,2.30,0.00,1.61,9.0,0.00,2.54,12.5,19.8,307,0.18,-6.3,91,94,87,0.280,0.264,0.237,-4.9,0.5,-3.8,73,100,973.6
1,2025-12-30,-11.5,-7.3,-14.9,0.00,0.00,0.00,0.0,1049.85,3.13,11.3,18.7,294,0.17,-13.0,88,90,86,0.280,0.264,0.238,-4.8,0.4,-2.9,3,97,978.2
1,2025-12-31,-12.6,-7.8,-15.6,0.60,0.00,0.42,5.0,13670.19,3.48,33.4,51.1,164,0.23,-14.6,85,88,83,0.279,0.264,0.237,-5.5,0.4,-2.9,71,97,982.5
2,2025-01-01,0.7,4.4,-1.5,0.00,0.00,0.00,0.0,29093.26,6.91,9.8,28.8,58,0.61,-0.7,91,100,68,0.455,0.418,0.283,0.4,3.8,0.0,3,74,965.8
2,2025-01-02,-0.9,3.4,-3.1,0.00,0.00,0.00,0.0,28815.99,5.30,9.2,18.0,10,0.47,-2.1,92,98,76,0.453,0.420,0.285,-0.4,3.8,0.1,3,64,968.0
2,2025-01-03,-0.2,5.1,-3.6,0.00,0.00,0.00,0.0,29195.28,7.28,21.2,29.5,73,0.76,-2.6,85,99,54,0.451,0.419,0.285,-0.8,3.8,0.1,3,40,970.1
2,2025-01-04,-2.1,2.3,-4.0,0.00,0.00,0.00,0.0,29545.34,7.41,16.5,28.8,318,0.68,-4.8,83,100,52,0.449,0.420,0.286,-1.2,3.7,0.1,3,32,963.5
2,2025-01-05,-3.0,-0.8,-4.9,0.00,0.00,0.00,0.0,22089.21,4.91,12.0,19.1,314,0.42,-4.0,93,100,74,0.446,0.419,0.286,-0.9,3.7,0.1,3,80,966.8
2,2025-01-06,-1.7,2.8,-4.7,0.00,0.00,0.00,0.0,25594.93,5.84,8.6,13.0,61,0.55,-3.2,90,99,69,0.445,0.420,0.287,-0.7,3.6,0.1,3,91,969.2
2,2025-01-07,0.6,3.2,-2.1,0.00,0.00,0.00,0.0,25850.04,7.34,17.5,38.9,76,0.66,-1.4,87,97,69,0.445,0.419,0.288,-0.8,3.6,0.1,3,73,966.2
2,2025-01-08,-1.5,1.4,-7.3,5.70,0.10,3.92,10.0,21600.00,6.40,26.7,33.1,267,0.61,-4.0,84,100,61,0.445,0.419,0.288,0.2,3.6,0.2,73,81,976.6
2,2025-01-09,-6.9,-2.2,-11.3,0.00,0.00,0.00,0.0,30101.40,8.27,23.8,41.4,58,0.47,-7.9,93,100,85,0.445,0.419,0.288,0.2,3.5,0.2,2,19,984.1
2,2025-01-10,-4.6,-0.1,-7.7,0.00,0.00,0.00,0.0,31186.33,8.71,25.0,43.9,68,0.83,-8.9,72,87,62,0.443,0.419,0.289,-1.7,3.5,0.2,0,0,974.2
2,2025-01-11,-8.6,-0.4,-13.2,0.00,0.00,0.00,0.0,31509.50,8.70,10.8,16.9,316,0.62,-11.6,80,92,62,0.442,0.420,0.291,-4.1,3.5,0.1,0,1,969.7
2,2025-01-12,-7.1,1.8,-13.0,0.00,0.00,0.00,0.0,31452.74,8.69,10.2,14.4,330,0.73,-10.1,81,94,57,0.441,0.420,0.293,-4.2,3.4,-0.0,0,0,967.7
2,2025-01-13,-6.7,1.8,-13.1,0.00,0.00,0.00,0.0,31768.93,8.62,10.0,15.8,324,0.70,-9.2,84,100,52,0.440,0.419,0.295,-3.7,3.3,-0.1,1,2,966.7
2,2025-01-14,-3.2,5.3,-10.2,0.00,0.00,0.00,0.0,32455.85,8.90,10.1,20.2,18,0.94,-8.2,73,98,38,0.439,0.419,0.298,-3.2,3.3,-0.2,0,0,964.5
2,2025-01-15,0.3,7.0,-3.6,0.00,0.00,0.00,0.0,30452.12,8.52,12.2,21.2,68,1.17,-7.5,58,76,33,0.441,0.420,0.301,-2.2,3.2,-0.3,3,39,963.7
2,2025-01-16,0.2,5.7,-2.5,0.00,0.00,0.00,0.0,30458.23,8.06,12.2,15.5,360,0.98,-7.0,60,74,37,0.445,0.419,0.302,-1.2,3.1,-0.3,3,53,962.9
2,2025-01-17,-0.1,5.8,-3.6,0.00,0.00,0.00,0.0,27597.82,7.88,17.6,33.1,50,1.07,-5.8,67,89,40,0.448,0.419,0.303,-1.1,3.1,-0.2,3,82,960.4
2,2025-01-18,-1.1,5.2,-4.6,0.10,0.10,0.00,1.0,30231.23,8.39,11.7,20.2,314,0.89,-5.3,76,99,41,0.452,0.419,0.304,-0.9,3.0,-0.2,51,88,959.5
2,2025-01-19,-1.4,0.5,-2.3,0.00,0.00,0.00,0.0,23832.00,5.71,11.7,18.4,306,0.45,-1.8,97,100,88,0.454,0.420,0.306,-1.0,3.0,-0.2,3,94,962.3
2,2025-01-20,-0.9,4.1,-3.5,0.00,0.00,0.00,0.0,32402.90,9.06,12.1,27.4,52,0.84,-3.6,83,100,54,0.456,0.420,0.307,-0.8,3.0,-0.1,3,76,959.3
2,2025-01-21,1.5,8.1,-3.2,0.00,0.00,0.00,0.0,31395.65,9.03,17.5,31.3,61,1.25,-4.3,68,87,41,0.459,0.420,0.308,-1.1,2.9,-0.1,3,58,956.3
2,2025-01-22,-2.4,1.4,-7.1,5.00,0.20,3.36,17.0,482.02,2.46,25.5,40.3,303,0.28,-4.0,89,97,79,0.461,0.421,0.308,0.5,2.9,-0.1,73,96,961.8
2,2025-01-23,-7.8,-3.8,-14.8,0.20,0.00,0.14,2.0,33693.16,9.67,22.8,35.3,284,0.68,-11.8,73,94,58,0.458,0.421,0.308,0.3,2.9,-0.0,71,45,979.9
2,2025-01-24,-13.1,-7.8,-17.0,0.00,0.00,0.00,0.0,33908.12,10.65,26.6,48.2,50,0.68,-18.6,64,71,52,0.455,0.421,0.309,-2.6,2.9,-0.1,1,3,988.2
2,2025-01-25,-7.3,-1.6,-12.5,0.00,0.00,0.00,0.0,34039.54,10.61,32.5,58.0,77,1.13,-14.6,57,69,42,0.453,0.422,0.311,-5.3,2.8,-0.2,0,1,974.2
2,2025-01-26,-6.1,2.0,-11.9,0.00,0.00,0.00,0.0,34172.65,10.23,10.6,19.1,350,1.04,-13.5,57,75,41,0.452,0.422,0.314,-4.4,2.8,-0.3,3,64,965.8
2,2025-01-27,-1.3,4.7,-6.4,0.00,0.00,0.00,0.0,29089.11,8.51,4.9,13.0,1,0.88,-9.9,53,67,34,0.454,0.421,0.317,-3.3,2.7,-0.4,3,89,966.8
2,2025-01-28,-2.9,4.4,-7.7,0.00,0.00,0.00,0.0,31920.89,8.47,9.7,18.0,322,0.98,-8.7,67,89,37,0.456,0.421,0.319,-2.9,2.7,-0.5,3,70,964.4
2,2025-01-29,-3.0,2.5,-8.2,0.30,0.00,0.21,2.0,30943.06,8.64,9.6,18.0,310,0.83,-7.4,75,99,45,0.457,0.421,0.320,-2.6,2.6,-0.5,71,88,964.5
2,2025-01-30,-0.6,1.7,-2.5,4.90,0.20,3.29,24.0,1273.72,4.74,10.6,20.5,334,0.49,-1.8,92,100,76,0.458,0.421,0.321,-0.8,2.6,-0.5,73,100,968.7
2,2025-01-31,-3.1,0.2,-6.5,1.90,0.00,1.33,13.0,17994.34,6.61,14.8,23.4,285,0.55,-4.6,90,98,78,0.457,0.421,0.321,-0.0,2.6,-0.4,71,89,970.9
2,2025-02-01,-5.6,-1.9,-9.5,0.00,0.00,0.00,0.0,34431.63,10.17,13.1,20.5,42,0.61,-6.8,91,98,82,0.455,0.421,0.322,0.7,2.5,-0.3,3,56,974.8
2,2025-02-02,-8.1,-1.8,-13.2,0.00,0.00,0.00,0.0,35179.13,11.05,13.0,20.2,21,0.73,-10.1,87,97,69,0.451,0.420,0.321,-0.1,2.5,-0.2,2,21,972.7
2,2025-02-03,-9.1,-1.7,-15.0,0.00,0.00,0.00,0.0,35307.99,11.58,13.7,22.0,19,0.80,-12.2,78,87,62,0.448,0.420,0.321,-3.4,2.5,-0.2,0,0,968.9
2,2025-02-04,-9.4,-1.5,-14.5,0.00,0.00,0.00,0.0,35380.44,11.31,12.3,19.1,324,0.81,-12.7,78,89,55,0.447,0.420,0.321,-4.0,2.4,-0.4,3,46,963.9
2,2025-02-05,-9.4,-1.7,-15.5,0.00,0.00,0.00,0.0,34388.65,10.60,10.0,15.1,323,0.84,-13.2,75,89,54,0.446,0.419,0.322,-4.4,2.4,-0.5,3,49,964.8
2,2025-02-06,-6.2,1.7,-12.7,0.00,0.00,0.00,0.0,35530.27,11.76,11.6,22.7,33,1.06,-10.9,72,85,42,0.445,0.419,0.323,-3.6,2.4,-0.6,2,27,965.3
2,2025-02-07,-3.5,4.0,-8.8,0.00,0.00,0.00,0.0,35607.45,11.93,15.5,29.2,45,1.25,-8.8,68,85,44,0.445,0.419,0.324,-2.9,2.3,-0.7,1,14,962.5
2,2025-02-08,-4.2,3.2,-9.6,0.00,0.00,0.00,0.0,35686.02,12.02,12.1,22.7,359,1.19,-9.2,71,85,45,0.447,0.418,0.324,-3.3,2.3,-0.7,3,54,961.7
2,2025-02-09,-5.4,1.7,-10.4,0.00,0.00,0.00,0.0,35765.86,11.99,14.1,23.4,325,1.06,-9.4,75,93,50,0.450,0.418,0.326,-2.9,2.2,-0.8,3,67,964.0
2,2025-02-10,-6.9,-0.3,-11.0,0.00,0.00,0.00,0.0,35846.87,12.88,15.6,27.4,323,1.05,-11.4,72,92,44,0.449,0.418,0.326,-2.2,2.2,-0.8,3,11,968.6
2,2025-02-11,-5.0,2.9,-11.9,0.00,0.00,0.00,0.0,35928.96,12.82,17.2,32.4,23,1.14,-9.3,74,93,50,0.449,0.418,0.327,-3.4,2.1,-0.9,0,0,968.4
2,2025-02-12,-3.2,2.2,-9.3,0.40,0.00,0.28,4.0,25918.20,9.89,13.2,20.5,311,0.97,-6.3,81,100,54,0.451,0.417,0.328,-1.3,2.1,-0.9,71,50,968.7
2,2025-02-13,-2.2,2.7,-5.3,0.00,0.00,0.00,0.0,34517.46,11.90,12.1,20.5,7,1.02,-4.0,88,100,66,0.456,0.417,0.329,-0.9,2.0,-0.8,3,46,969.5
2,2025-02-14,-2.4,3.0,-5.1,0.00,0.00,0.00,0.0,36000.00,13.03,13.3,29.5,42,1.06,-4.7,86,98,61,0.463,0.417,0.329,-1.1,2.0,-0.7,2,16,965.1
2,2025-02-15,-0.5,6.5,-3.8,0.00,0.00,0.00,0.0,36000.00,13.31,15.0,36.0,41,1.49,-5.8,70,87,34,0.472,0.418,0.329,-1.7,2.0,-0.7,3,31,959.0
2,2025-02-16,-1.5,3.7,-5.7,0.00,0.00,0.00,0.0,32516.58,10.91,9.4,18.4,347,1.10,-4.8,80,94,56,0.480,0.419,0.330,-0.8,2.0,-0.6,3,92,963.1
2,2025-02-17,-1.4,4.7,-4.8,0.00,0.00,0.00,0.0,36000.00,11.46,9.9,14.8,338,1.16,-4.2,83,99,53,0.488,0.421,0.330,-1.0,1.9,-0.6,3,50,969.4
2,2025-02-18,-0.7,6.0,-5.9,0.00,0.00,0.00,0.0,36029.16,13.96,20.2,37.4,54,1.29,-3.5,83,99,56,0.497,0.424,0.331,-1.2,1.9,-0.6,2,16,965.7
2,2025-02-19,0.0,5.4,-3.8,0.00,0.00,0.00,0.0,36318.88,12.44,16.2,28.8,41,1.32,-5.0,71,87,44,0.504,0.427,0.331,-1.7,1.9,-0.5,3,59,962.1
2,2025-02-20,1.1,8.6,-3.8,0.00,0.00,0.00,0.0,36276.43,13.85,7.6,14.8,4,1.62,-5.2,67,94,34,0.509,0.430,0.333,-1.2,1.9,-0.5,2,31,964.5
2,2025-02-21,1.3,9.4,-4.9,0.00,0.00,0.00,0.0,36564.23,14.44,16.2,32.0,54,1.82,-4.3,70,96,35,0.512,0.432,0.333,-1.0,1.8,-0.5,1,3,965.5
2,2025-02-22,3.0,8.9,-0.8,0.00,0.00,0.00,0.0,36850.76,15.11,21.2,42.8,71,2.12,-4.4,60,77,40,0.510,0.435,0.335,-0.4,1.8,-0.4,0,0,963.1
2,2025-02-23,4.8,11.7,-0.6,0.00,0.00,0.00,0.0,36807.38,15.41,26.2,47.5,85,2.58,-3.2,58,77,36,0.506,0.437,0.336,0.3,1.8,-0.4,2,10,962.4
2,2025-02-24,7.3,13.5,3.6,0.00,0.00,0.00,0.0,36764.25,15.06,26.2,45.4,80,2.92,-2.4,51,61,36,0.494,0.439,0.336,2.9,1.8,-0.2,3,78,956.9
2,2025-02-25,5.6,12.0,0.8,0.00,0.00,0.00,0.0,32456.71,13.09,13.6,24.1,23,1.86,-0.5,67,90,41,0.479,0.441,0.337,3.7,1.8,0.2,3,63,951.7
2,2025-02-26,0.6,4.7,-3.6,4.80,1.80,2.10,10.0,0.00,3.67,24.8,43.2,283,0.48,-1.0,89,99,79,0.480,0.441,0.337,0.6,1.8,0.3,73,99,960.9
2,2025-02-27,-2.5,1.6,-5.7,0.00,0.00,0.00,0.0,32400.00,13.94,11.0,19.1,341,1.21,-5.0,84,96,65,0.484,0.442,0.338,-0.4,1.8,0.2,3,70,964.6
2,2025-02-28,-1.9,2.6,-5.2,0.10,0.00,0.07,1.0,27297.77,10.99,12.7,22.7,315,1.07,-4.5,84,98,61,0.478,0.442,0.339,0.3,1.8,0.2,71,92,962.3
2,2025-03-01,0.2,5.4,-3.3,0.00,0.00,0.00,0.0,35211.37,13.65,9.8,18.7,12,1.43,-3.3,80,99,50,0.472,0.444,0.344,1.2,1.9,0.2,3,61,965.6
2,2025-03-02,2.9,8.3,-1.3,0.00,0.00,0.00,0.0,37484.19,15.28,19.5,36.4,65,1.65,-0.6,79,96,56,0.466,0.444,0.347,1.7,1.9,0.3,3,75,960.4
2,2025-03-03,0.4,2.9,-3.8,0.60,0.10,0.35,6.0,5600.57,6.47,34.7,58.3,282,1.09,-4.7,68,76,60,0.465,0.445,0.349,0.1,1.9,0.4,71,93,958.9
2,2025-03-04,-1.8,4.6,-7.1,0.00,0.00,0.00,0.0,39367.03,15.34,10.3,24.1,31,1.67,-9.3,62,94,27,0.464,0.445,0.352,-1.0,1.9,0.3,3,23,972.0
2,2025-03-05,0.8,5.4,-3.1,0.00,0.00,0.00,0.0,38289.47,15.03,24.9,45.7,77,1.70,-5.1,66,79,45,0.463,0.446,0.354,0.6,1.9,0.3,3,75,969.0
2,2025-03-06,5.2,11.0,-1.6,0.00,0.00,0.00,0.0,40129.46,17.34,29.2,52.9,87,2.66,-2.9,58,84,38,0.461,0.445,0.354,1.4,1.9,0.3,3,32,959.3
2,2025-03-07,3.9,7.4,1.7,10.50,5.30,3.64,12.0,19357.63,9.36,20.4,43.6,345,1.22,0.4,79,98,55,0.474,0.445,0.354,2.8,1.9,0.6,73,99,954.1
2,2025-03-08,2.3,4.0,0.6,3.80,1.80,1.40,23.0,1346.25,7.81,19.3,33.8,120,0.79,0.8,90,96,80,0.509,0.451,0.354,2.6,1.9,0.7,73,88,958.3
2,2025-03-09,3.4,7.6,0.6,6.90,6.30,0.42,19.0,34828.74,12.13,28.4,59.8,31,1.27,1.7,89,93,74,0.528,0.459,0.354,3.4,1.9,0.9,71,72,956.0
2,2025-03-10,3.2,8.6,-0.2,0.40,0.20,0.14,3.0,40784.43,17.93,14.9,31.0,63,1.87,-0.0,80,93,60,0.537,0.472,0.355,3.4,2.0,1.1,71,32,967.1
2,2025-03-11,5.5,11.8,-0.8,0.00,0.00,0.00,0.0,41539.77,17.92,12.0,22.0,41,2.32,0.8,74,95,49,0.521,0.476,0.356,5.1,2.0,1.5,1,9,965.7
2,2025-03-12,4.0,8.7,-0.0,0.00,0.00,0.00,0.0,41143.22,13.81,15.8,27.4,342,1.86,-1.5,71,96,43,0.502,0.476,0.357,4.6,2.1,1.8,3,46,969.3
2,2025-03-13,2.5,9.6,-3.8,0.00,0.00,0.00,0.0,41902.61,19.07,16.7,30.6,34,2.21,-2.5,72,97,48,0.489,0.474,0.358,2.7,2.2,1.6,0,3,969.3
2,2025-03-14,6.9,13.0,1.6,0.00,0.00,0.00,0.0,42084.89,18.82,24.0,46.1,85,2.97,-1.7,56,75,36,0.477,0.470,0.358,4.8,2.3,1.9,3,35,966.0
2,2025-03-15,8.7,15.1,3.5,0.20,0.20,0.00,1.0,38623.39,14.09,14.3,26.3,97,2.57,-0.1,56,86,37,0.466,0.466,0.357,6.1,2.5,2.5,51,89,963.4
2,2025-03-16,8.6,15.9,1.9,0.20,0.20,0.00,1.0,42450.56,17.41,10.2,19.4,42,2.63,3.5,74,96,40,0.471,0.463,0.357,7.3,2.7,3.0,51,41,965.3
2,2025-03-17,10.1,17.5,3.5,0.00,0.00,0.00,0.0,42633.73,18.82,22.7,42.5,90,3.32,2.0,60,84,35,0.460,0.458,0.356,7.8,3.0,4.2,2,32,965.0
2,2025-03-18,11.8,18.3,6.0,0.00,0.00,0.00,0.0,42816.97,19.83,24.9,45.7,82,4.10,0.7,50,75,29,0.446,0.453,0.355,9.6,3.4,6.2,0,0,963.6
2,2025-03-19,13.4,20.8,7.3,0.00,0.00,0.00,0.0,43000.17,20.38,26.3,48.6,89,4.82,-1.3,39,59,20,0.429,0.446,0.353,10.9,3.8,7.8,0,0,960.4
2,2025-03-20,14.6,23.1,6.3,0.00,0.00,0.00,0.0,43176.31,20.43,16.9,33.5,94,4.33,2.6,47,74,25,0.409,0.436,0.350,12.1,4.4,8.9,0,0,959.8
2,2025-03-21,15.6,24.8,7.9,0.00,0.00,0.00,0.0,43200.00,20.33,13.8,27.7,99,4.24,3.2,46,65,25,0.392,0.426,0.346,12.8,4.9,9.6,3,19,961.3
2,2025-03-22,14.5,19.5,11.5,0.00,0.00,0.00,0.0,19573.88,13.14,17.3,25.2,22,2.82,6.2,59,82,39,0.382,0.420,0.345,13.2,5.4,10.6,3,99,959.7
2,2025-03-23,14.7,21.2,9.9,0.50,0.50,0.00,3.0,38395.26,16.34,19.2,31.7,341,3.16,8.5,68,89,44,0.375,0.416,0.344,14.2,6.0,11.4,51,81,955.9
2,2025-03-24,7.9,11.5,5.0,18.50,18.50,0.00,23.0,4139.28,5.71,21.1,60.5,325,0.90,6.8,93,99,84,0.456,0.414,0.344,10.6,6.5,11.0,61,100,956.7
2,2025-03-25,2.9,5.3,-1.2,4.40,3.30,0.77,9.0,33769.85,14.77,19.3,34.6,343,1.81,-2.3,71,92,48,0.550,0.446,0.344,7.4,6.8,8.8,73,98,966.0
2,2025-03-26,1.5,8.3,-5.7,0.00,0.00,0.00,0.0,43200.00,22.32,16.0,28.4,359,2.55,-5.9,61,85,35,0.508,0.457,0.345,5.1,6.8,6.5,3,57,968.4
2,2025-03-27,5.8,9.6,2.2,0.00,0.00,0.00,0.0,31904.79,13.03,20.9,42.5,49,2.50,-3.2,53,72,39,0.488,0.458,0.346,6.4,6.7,6.3,3,100,959.0
2,2025-03-28,4.7,6.5,3.2,2.30,2.30,0.00,19.0,1384.62,7.42,11.4,22.7,268,1.13,1.0,77,91,69,0.484,0.457,0.346,6.2,6.6,6.5,51,100,964.0
2,2025-03-29,6.5,10.4,3.2,0.80,0.80,0.00,8.0,25565.64,11.92,8.7,17.3,85,1.74,2.5,77,98,55,0.490,0.457,0.346,7.6,6.6,6.7,51,92,966.6
2,2025-03-30,8.2,14.8,1.5,0.10,0.10,0.00,1.0,43200.00,20.69,12.3,25.9,66,2.93,2.2,69,94,36,0.475,0.455,0.346,8.9,6.6,7.4,51,26,966.9
2,2025-03-31,10.4,17.4,2.8,0.00,0.00,0.00,0.0,43200.00,22.19,13.9,28.8,72,3.47,2.2,62,91,32,0.459,0.450,0.345,10.2,6.7,8.4,2,5,965.7
2,2025-04-01,11.1,17.5,5.3,0.70,0.70,0.00,6.0,40182.95,14.97,18.3,33.1,349,2.78,3.2,60,85,36,0.444,0.445,0.343,10.3,6.9,9.0,51,83,962.0
2,2025-04-02,10.6,16.7,5.1,1.50,1.50,0.00,9.0,37635.41,17.22,9.2,22.0,3,2.80,3.7,65,90,38,0.435,0.439,0.341,11.1,7.1,9.5,51,42,961.3
2,2025-04-03,12.7,20.4,4.1,0.00,0.00,0.00,0.0,43403.53,22.85,21.6,41.0,83,4.29,4.1,60,93,34,0.427,0.434,0.341,12.0,7.3,9.8,2,9,958.7
2,2025-04-04,17.5,24.5,9.9,0.10,0.10,0.00,1.0,40689.38,22.92,27.5,48.2,108,5.51,4.9,45,65,27,0.406,0.427,0.338,15.2,7.6,11.4,51,36,954.3
2,2025-04-05,14.8,19.1,10.8,11.10,11.10,0.00,14.0,24404.12,12.08,18.2,34.2,342,2.28,9.4,72,95,46,0.432,0.421,0.337,15.1,8.0,12.7,61,92,957.8
2,2025-04-06,14.8,20.8,8.5,1.60,1.60,0.00,3.0,43565.86,22.27,11.9,24.8,54,3.81,8.8,71,99,40,0.527,0.434,0.337,15.1,8.4,12.9,53,59,959.3
2,2025-04-07,16.5,24.7,11.5,11.70,11.70,0.00,11.0,33809.34,17.38,16.6,36.4,119,3.39,10.8,70,92,45,0.507,0.439,0.336,15.6,8.8,13.3,63,81,959.0
2,2025-04-08,18.1,24.0,13.1,0.40,0.40,0.00,3.0,43462.42,20.22,14.6,27.4,112,3.74,11.1,66,93,40,0.542,0.460,0.336,17.3,9.2,14.1,51,38,961.6
2,2025-04-09,16.3,22.1,11.2,0.20,0.20,0.00,2.0,42929.23,20.63,14.1,23.8,333,3.88,9.2,65,88,44,0.500,0.461,0.335,16.9,9.6,14.6,51,82,960.7
2,2025-04-10,16.5,22.2,10.3,0.00,0.00,0.00,0.0,45190.80,23.41,11.2,23.0,15,4.22,7.6,59,84,34,0.472,0.457,0.335,17.0,10.0,14.8,1,14,960.6
2,2025-04-11,18.3,25.3,10.2,0.00,0.00,0.00,0.0,45744.41,24.34,28.3,48.6,83,5.24,6.5,48,74,29,0.444,0.448,0.333,16.6,10.3,14.6,0,1,955.5
2,2025-04-12,20.3,27.6,15.4,0.00,0.00,0.00,0.0,45671.56,22.81,16.5,33.8,122,5.36,6.1,41,66,26,0.416,0.435,0.330,18.1,10.6,15.1,1,14,951.8
2,2025-04-13,20.6,28.6,12.2,0.00,0.00,0.00,0.0,45761.84,24.67,19.0,38.5,82,5.46,7.0,44,70,22,0.395,0.423,0.326,18.5,11.0,15.7,3,38,952.4
2,2025-04-14,18.8,22.2,14.2,6.40,6.40,0.00,11.0,35892.22,15.47,19.6,41.4,245,3.31,12.2,67,86,44,0.417,0.414,0.323,18.8,11.4,16.6,61,69,962.6
2,2025-04-15,17.0,23.0,10.7,2.40,2.40,0.00,5.0,46339.56,21.52,9.7,27.7,236,3.81,10.9,70,91,43,0.431,0.411,0.322,17.7,11.7,16.0,61,42,960.5
2,2025-04-16,12.7,17.3,8.1,5.80,5.80,0.00,14.0,29731.12,15.34,31.1,55.1,299,2.91,5.6,66,89,27,0.474,0.412,0.323,14.5,11.9,15.2,61,59,960.2
2,2025-04-17,12.5,18.8,5.3,0.00,0.00,0.00,0.0,44845.47,24.31,23.8,44.3,61,3.91,5.0,64,97,37,0.461,0.416,0.324,13.6,11.9,13.4,3,52,955.9
2,2025-04-18,13.7,17.6,10.0,0.00,0.00,0.00,0.0,40125.70,20.21,19.9,38.9,322,4.06,3.9,53,71,39,0.438,0.414,0.325,15.0,11.9,13.9,3,93,955.9
2,2025-04-19,10.3,14.2,6.1,0.00,0.00,0.00,0.0,44232.97,23.09,13.3,28.1,329,3.83,-1.4,45,60,32,0.418,0.412,0.325,13.6,11.9,13.5,3,77,960.0
2,2025-04-20,12.2,18.0,6.3,0.00,0.00,0.00,0.0,47968.15,25.73,12.8,24.1,15,4.45,1.6,50,74,29,0.399,0.408,0.325,14.4,11.9,13.4,3,11,964.7
2,2025-04-21,13.2,19.1,7.3,0.00,0.00,0.00,0.0,36643.73,17.83,14.2,23.4,64,3.41,3.4,54,85,32,0.384,0.404,0.325,14.0,11.9,13.5,3,80,963.0
2,2025-04-22,14.7,21.4,8.4,0.30,0.30,0.00,3.0,36803.58,19.56,23.5,42.5,241,4.23,5.4,55,73,34,0.369,0.396,0.323,15.3,11.9,13.9,51,87,962.8
2,2025-04-23,14.8,19.0,11.4,6.10,6.10,0.00,12.0,29690.72,15.12,12.1,24.5,251,2.85,9.2,70,90,50,0.385,0.393,0.322,15.8,12.0,14.5,61,94,963.0
2,2025-04-24,15.7,20.8,11.2,4.70,4.70,0.00,12.0,45377.99,21.66,8.6,22.7,157,3.75,10.3,73,96,44,0.432,0.390,0.322,17.1,12.1,14.9,61,81,962.3
2,2025-04-25,17.3,23.5,10.9,0.00,0.00,0.00,0.0,48501.89,24.57,14.3,29.5,63,4.48,10.2,66,100,37,0.439,0.388,0.321,17.5,12.3,15.5,3,25,958.5
2,2025-04-26,19.7,27.2,11.6,0.00,0.00,0.00,0.0,48140.87,25.90,14.3,29.9,117,5.21,8.8,53,82,27,0.410,0.384,0.320,18.7,12.5,16.2,3,22,957.0
2,2025-04-27,22.3,29.3,14.6,0.00,0.00,0.00,0.0,49108.69,24.89,21.9,34.2,126,5.94,8.8,45,73,26,0.380,0.377,0.317,19.9,12.7,17.1,3,40,958.5
2,2025-04-28,24.8,32.2,17.0,0.00,0.00,0.00,0.0,47081.77,25.07,22.4,36.7,100,6.33,9.3,40,56,22,0.350,0.368,0.313,21.7,13.0,18.2,3,65,957.5
2,2025-04-29,26.0,34.3,17.3,0.10,0.10,0.00,1.0,42177.97,24.36,21.8,37.4,72,6.85,10.9,41,72,21,0.323,0.358,0.308,23.4,13.4,19.7,51,89,956.4
2,2025-04-30,19.8,24.1,15.7,0.00,0.00,0.00,0.0,49288.49,22.73,17.8,31.3,336,5.08,9.8,54,78,34,0.307,0.353,0.308,22.2,13.9,20.5,3,61,963.3
2,2025-05-01,17.9,24.2,11.9,1.10,1.10,0.00,5.0,44903.86,23.03,18.3,36.0,325,5.00,8.1,55,79,31,0.303,0.349,0.307,20.8,14.3,19.6,51,75,960.1
2,2025-05-02,18.5,25.6,13.8,9.60,9.60,0.00,9.0,36236.92,19.65,19.6,36.0,253,3.93,12.9,72,89,40,0.338,0.347,0.307,20.6,14.6,19.5,61,59,961.1
2,2025-05-03,18.6,25.2,11.4,0.00,0.00,0.00,0.0,49919.07,27.50,10.4,25.2,24,5.26,9.5,60,98,27,0.419,0.346,0.307,20.0,14.8,19.0,2,15,964.0
2,2025-05-04,21.5,29.5,14.0,0.00,0.00,0.00,0.0,49987.89,27.52,21.5,36.0,74,5.98,8.0,45,75,23,0.386,0.344,0.307,20.5,15.0,18.9,3,21,955.8
2,2025-05-05,23.5,32.0,14.3,0.30,0.30,0.00,3.0,49573.14,26.22,19.7,36.7,286,6.53,8.9,44,79,19,0.354,0.337,0.305,22.5,15.2,19.8,51,55,954.6
2,2025-05-06,21.7,29.0,14.1,0.00,0.00,0.00,0.0,50123.88,27.87,12.6,28.1,353,6.63,4.3,35,59,16,0.326,0.327,0.301,22.7,15.4,20.6,2,9,956.5
2,2025-05-07,22.4,32.1,12.0,0.00,0.00,0.00,0.0,48505.39,27.59,18.0,37.4,59,6.23,7.6,44,79,16,0.308,0.324,0.301,22.5,15.7,20.6,3,76,949.3
2,2025-05-08,26.1,35.6,16.5,0.00,0.00,0.00,0.0,46470.90,26.74,17.5,34.6,99,6.26,9.1,39,63,14,0.290,0.318,0.299,24.6,16.0,21.5,3,65,948.7
2,2025-05-09,24.7,31.5,19.7,0.90,0.90,0.00,3.0,35566.51,20.67,22.0,38.5,289,5.93,12.5,49,73,28,0.275,0.313,0.298,25.5,16.3,22.7,53,92,954.2
2,2025-05-10,23.1,28.7,17.6,3.70,3.70,0.00,5.0,45228.90,20.84,11.1,25.6,206,4.81,13.5,58,86,34,0.321,0.309,0.297,24.2,16.6,22.5,61,66,959.6
2,2025-05-11,20.4,25.5,17.0,4.40,4.40,0.00,9.0,40713.72,20.75,11.6,28.4,235,4.24,13.1,64,82,42,0.328,0.308,0.298,22.6,16.9,21.8,61,76,959.9
2,2025-05-12,21.4,27.0,15.1,0.80,0.80,0.00,4.0,50400.00,25.05,9.3,21.2,139,5.12,12.1,58,86,35,0.393,0.308,0.298,22.7,17.0,21.2,51,35,959.7
2,2025-05-13,23.3,30.7,15.7,0.00,0.00,0.00,0.0,50400.00,27.63,20.6,38.9,98,6.12,11.6,52,79,23,0.360,0.306,0.297,23.1,17.2,21.2,2,23,955.5
2,2025-05-14,25.0,32.6,17.3,0.00,0.00,0.00,0.0,39600.00,22.95,13.2,24.1,215,5.55,12.9,50,82,24,0.332,0.302,0.296,24.4,17.3,21.9,3,75,954.0
2,2025-05-15,26.6,34.9,17.9,0.00,0.00,0.00,0.0,50400.00,26.53,10.1,21.6,255,6.16,11.8,45,81,19,0.303,0.295,0.292,26.1,17.5,22.9,3,38,956.7
2,2025-05-16,27.7,37.4,17.7,0.00,0.00,0.00,0.0,50400.00,28.12,14.5,27.4,147,6.89,11.6,44,76,13,0.271,0.284,0.285,27.5,17.8,23.9,1,4,955.4
2,2025-05-17,29.9,38.7,20.8,0.00,0.00,0.00,0.0,48890.11,27.37,20.7,35.6,158,8.40,11.3,36,69,15,0.246,0.275,0.279,28.8,18.1,24.9,3,32,949.7
2,2025-05-18,22.9,28.9,18.4,3.70,3.70,0.00,7.0,30509.30,16.97,33.1,48.2,276,5.03,11.7,51,72,26,0.254,0.273,0.280,26.0,18.5,25.5,61,87,955.6
2,2025-05-19,18.7,23.0,14.0,1.90,1.90,0.00,11.0,48466.88,20.21,19.7,41.0,272,4.62,7.9,52,80,34,0.292,0.274,0.281,21.8,18.7,22.8,51,53,961.3
2,2025-05-20,19.2,26.5,11.2,0.00,0.00,0.00,0.0,50474.61,29.05,10.1,23.8,30,5.85,6.2,48,82,17,0.279,0.271,0.280,22.3,18.7,21.5,0,0,959.7
2,2025-05-21,23.0,31.6,13.4,0.00,0.00,0.00,0.0,50450.01,28.24,14.8,30.6,64,5.98,7.8,44,84,16,0.257,0.267,0.278,23.9,18.7,21.8,3,31,958.3
2,2025-05-22,26.8,34.6,17.8,0.00,0.00,0.00,0.0,50426.33,28.32,20.7,38.2,128,7.45,8.2,37,72,9,0.236,0.261,0.276,26.6,18.7,23.2,3,63,955.2
2,2025-05-23,26.5,33.4,16.8,2.10,2.10,0.00,6.0,32783.99,19.76,31.1,48.6,231,6.65,9.7,39,86,19,0.223,0.255,0.272,28.3,19.0,25.1,53,97,954.0
2,2025-05-24,21.2,26.8,15.2,4.60,4.60,0.00,4.0,50218.21,26.66,10.9,24.5,91,5.42,11.9,60,92,29,0.298,0.255,0.272,25.2,19.2,24.5,61,40,958.5
2,2025-05-25,24.6,31.5,17.0,0.00,0.00,0.00,0.0,50719.49,27.52,12.3,37.8,82,6.10,11.5,48,73,21,0.276,0.253,0.272,26.0,19.4,24.2,3,44,952.5
2,2025-05-26,19.7,23.8,16.1,6.60,6.60,0.00,14.0,30210.32,14.53,26.5,42.5,248,3.78,12.7,65,83,47,0.315,0.255,0.274,22.9,19.5,23.8,53,90,956.2
2,2025-05-27,18.5,23.5,13.4,0.00,0.00,0.00,0.0,48146.74,26.87,18.1,32.4,6,6.15,4.8,44,73,22,0.320,0.256,0.275,22.1,19.5,22.2,3,88,961.0
2,2025-05-28,18.3,26.1,11.0,0.00,0.00,0.00,0.0,47624.23,24.59,12.1,22.3,319,5.16,3.2,40,64,15,0.298,0.256,0.276,21.8,19.4,21.5,3,86,957.3
2,2025-05-29,21.7,29.5,12.5,0.00,0.00,0.00,0.0,50649.94,28.68,9.9,25.6,3,6.21,4.8,37,61,17,0.277,0.255,0.272,23.7,19.3,21.9,2,9,954.6
2,2025-05-30,21.3,27.3,13.7,0.00,0.00,0.00,0.0,46578.37,27.17,14.1,29.9,305,6.34,1.7,30,49,11,0.256,0.253,0.267,24.6,19.3,22.8,3,75,951.7
2,2025-05-31,21.1,25.9,15.4,0.00,0.00,0.00,0.0,44326.72,20.01,10.8,26.3,290,4.99,1.7,29,43,16,0.242,0.250,0.265,23.7,19.3,22.8,3,90,955.6
2,2025-06-01,20.7,24.4,16.9,0.40,0.40,0.00,3.0,15930.79,15.30,16.6,28.1,228,4.43,7.8,44,59,31,0.240,0.248,0.265,23.3,19.4,22.6,51,99,958.7
2,2025-06-02,22.9,29.1,15.9,0.00,0.00,0.00,0.0,47476.56,24.07,12.7,23.8,165,5.61,8.0,42,71,21,0.232,0.246,0.264,25.4,19.4,22.7,3,94,957.7
2,2025-06-03,24.8,31.2,18.2,0.40,0.40,0.00,1.0,47498.60,23.00,13.1,26.6,148,5.70,8.2,37,59,18,0.225,0.246,0.262,26.4,19.5,23.6,51,97,954.8
2,2025-06-04,26.6,32.9,19.3,0.10,0.10,0.00,1.0,47397.82,26.95,16.2,30.6,119,6.98,9.3,36,54,21,0.214,0.243,0.260,28.2,19.6,24.5,51,80,952.5
2,2025-06-05,27.8,35.4,19.6,0.00,0.00,0.00,0.0,44580.16,26.55,18.6,30.6,120,6.86,9.1,35,62,11,0.205,0.238,0.255,29.2,19.8,25.6,3,47,950.6
2,2025-06-06,29.8,37.9,21.0,0.20,0.20,0.00,1.0,51291.14,27.59,27.0,40.7,112,8.30,8.2,29,55,9,0.199,0.233,0.250,30.3,20.1,26.5,51,53,950.8
2,2025-06-07,27.8,34.3,22.3,0.50,0.50,0.00,3.0,35018.83,22.66,23.9,46.8,303,7.59,10.6,36,66,20,0.196,0.232,0.250,30.2,20.4,27.4,51,81,955.6
2,2025-06-08,25.1,31.1,19.8,0.20,0.20,0.00,2.0,33367.61,19.82,13.2,28.8,129,5.01,14.1,53,74,30,0.196,0.232,0.250,29.4,20.8,27.4,51,84,959.5
2,2025-06-09,27.9,35.2,20.6,0.00,0.00,0.00,0.0,51275.78,27.52,23.1,42.8,96,7.17,14.5,48,78,22,0.195,0.232,0.251,30.2,21.0,27.2,3,46,954.9
2,2025-06-10,26.3,33.4,20.0,3.20,3.20,0.00,7.0,31614.22,15.21,26.3,37.1,234,4.99,14.9,53,85,25,0.201,0.230,0.250,29.4,21.3,27.9,53,93,954.8
2,2025-06-11,26.5,34.0,17.6,0.00,0.00,0.00,0.0,40936.75,24.96,16.4,29.2,154,6.50,14.0,52,91,25,0.225,0.229,0.249,28.9,21.5,26.9,3,70,955.5
2,2025-06-12,28.6,35.4,20.7,0.00,0.00,0.00,0.0,48628.91,26.14,10.2,24.1,213,6.35,12.6,42,79,18,0.215,0.226,0.247,31.4,21.7,28.0,3,50,955.7
2,2025-06-13,26.1,29.6,22.0,0.10,0.10,0.00,1.0,33165.61,16.60,17.7,29.2,217,4.86,13.2,46,66,32,0.213,0.227,0.248,29.5,22.0,28.4,51,84,956.8
2,2025-06-14,25.7,30.2,20.2,0.00,0.00,0.00,0.0,42654.23,19.19,12.2,26.3,120,5.08,14.2,51,71,33,0.212,0.228,0.249,28.4,22.2,27.5,3,84,955.5
2,2025-06-15,27.9,33.9,20.8,0.20,0.20,0.00,2.0,38104.66,21.35,16.3,30.2,135,6.38,12.2,42,76,14,0.205,0.226,0.248,29.8,22.3,27.6,51,88,952.2
2,2025-06-16,28.6,35.6,21.4,0.20,0.20,0.00,2.0,50899.29,26.49,11.8,29.2,245,6.78,11.3,36,60,19,0.195,0.223,0.247,31.9,22.4,28.3,51,35,950.3
2,2025-06-17,30.0,37.2,21.8,0.00,0.00,0.00,0.0,51271.35,28.09,12.5,25.2,187,7.31,10.5,33,56,14,0.192,0.222,0.245,33.3,22.7,29.4,2,20,948.6
2,2025-06-18,31.4,38.4,23.4,0.00,0.00,0.00,0.0,51274.76,26.87,14.4,28.1,187,7.04,9.8,29,51,12,0.187,0.219,0.243,34.4,23.0,30.4,3,39,948.7
2,2025-06-19,32.8,41.3,23.3,0.00,0.00,0.00,0.0,46456.68,27.22,21.7,41.4,141,9.23,8.4,25,52,7,0.185,0.219,0.243,34.6,23.3,31.1,3,38,947.2
2,2025-06-20,27.7,31.8,23.2,0.70,0.70,0.00,3.0,31463.07,19.27,18.0,33.1,314,5.29,13.4,42,63,28,0.188,0.218,0.245,32.8,23.6,31.4,53,77,952.9
2,2025-06-21,29.4,36.6,20.8,0.00,0.00,0.00,0.0,51291.18,28.98,12.0,28.1,84,7.20,9.7,34,63,11,0.192,0.219,0.247,32.4,23.9,30.4,3,18,954.7
2,2025-06-22,28.6,34.2,22.9,2.00,2.00,0.00,3.0,34930.67,21.32,22.6,34.6,192,6.83,11.4,35,45,24,0.200,0.218,0.242,31.7,24.1,30.5,61,65,950.4
2,2025-06-23,29.2,35.8,22.1,0.00,0.00,0.00,0.0,49383.63,26.46,16.5,38.5,164,7.20,11.6,36,61,16,0.215,0.218,0.243,32.1,24.3,30.2,3,43,950.3
2,2025-06-24,29.9,36.4,22.7,0.00,0.00,0.00,0.0,51315.86,27.16,12.4,25.6,78,7.18,12.4,37,68,16,0.210,0.218,0.244,33.4,24.4,30.7,2,16,949.9
2,2025-06-25,31.1,38.5,23.0,0.00,0.00,0.00,0.0,49473.05,25.38,20.0,34.2,183,7.51,10.9,31,57,13,0.208,0.218,0.245,33.5,24.6,31.1,3,31,947.4
2,2025-06-26,29.5,34.0,24.8,0.00,0.00,0.00,0.0,49727.55,25.73,23.3,40.0,292,7.92,11.0,33,53,20,0.207,0.218,0.247,32.8,24.9,31.3,3,50,949.5
2,2025-06-27,26.4,31.7,20.7,0.10,0.10,0.00,1.0,50607.89,24.14,14.1,27.0,335,6.08,9.8,36,52,25,0.209,0.218,0.248,31.3,25.0,30.7,51,28,953.7
2,2025-06-28,27.7,34.8,19.0,0.00,0.00,0.00,0.0,50990.10,29.04,9.8,26.6,64,7.05,9.5,36,64,15,0.205,0.218,0.248,31.9,25.1,30.0,2,7,948.3
2,2025-06-29,30.3,36.5,23.7,0.00,0.00,0.00,0.0,50430.48,26.21,23.7,38.9,287,7.88,7.4,26,43,13,0.197,0.217,0.247,33.1,25.2,30.6,2,30,945.7
2,2025-06-30,28.7,34.9,20.4,0.00,0.00,0.00,0.0,47870.40,27.93,12.0,24.1,314,7.30,6.5,27,50,13,0.199,0.217,0.247,33.2,25.3,31.0,3,36,946.0
2,2025-07-01,29.2,35.5,21.8,0.00,0.00,0.00,0.0,50661.72,27.73,11.7,30.6,313,7.33,5.9,25,42,13,0.196,0.217,0.246,33.6,25.5,31.3,3,27,948.9
2,2025-07-02,29.0,35.5,20.8,0.20,0.20,0.00,1.0,51045.53,28.88,18.5,35.6,334,7.58,7.9,28,45,15,0.194,0.216,0.244,33.2,25.6,31.2,51,7,951.7
2,2025-07-03,30.4,37.5,21.9,0.00,0.00,0.00,0.0,50692.31,29.80,13.1,23.8,27,7.91,7.6,27,51,10,0.193,0.216,0.243,34.3,25.8,31.4,0,0,951.9
2,2025-07-04,30.9,38.3,21.4,0.00,0.00,0.00,0.0,50708.42,29.62,14.0,28.1,346,8.01,7.7,27,55,9,0.189,0.216,0.242,35.0,25.9,32.2,0,0,950.1
2,2025-07-05,30.2,40.0,24.2,0.10,0.10,0.00,1.0,43590.13,23.50,35.1,61.9,351,8.12,10.3,32,55,12,0.193,0.216,0.244,33.5,26.1,32.3,51,58,946.8
2,2025-07-06,29.3,35.8,21.0,0.00,0.00,0.00,0.0,50400.00,29.28,19.2,38.5,343,8.43,7.7,28,54,14,0.196,0.217,0.245,33.2,26.3,31.7,3,13,948.2
2,2025-07-07,27.7,33.4,20.1,0.00,0.00,0.00,0.0,48176.21,22.82,11.3,28.1,323,6.25,6.1,27,43,15,0.197,0.217,0.246,31.8,26.3,31.2,3,58,947.2
2,2025-07-08,29.6,36.1,21.2,0.00,0.00,0.00,0.0,50411.59,28.22,13.3,26.3,329,7.34,7.0,26,44,14,0.192,0.217,0.245,33.6,26.4,31.1,2,15,947.9
2,2025-07-09,28.4,33.3,23.6,0.00,0.00,0.00,0.0,40230.70,20.24,18.7,29.2,238,5.68,10.3,34,50,21,0.192,0.216,0.246,32.3,26.5,31.3,3,70,947.1
2,2025-07-10,23.4,28.3,19.6,7.50,7.50,0.00,10.0,20242.10,13.87,15.8,35.3,243,3.53,13.8,56,77,36,0.229,0.218,0.251,28.2,26.5,30.2,61,80,949.3
2,2025-07-11,23.3,30.2,17.2,0.60,0.60,0.00,1.0,49727.78,24.34,16.3,35.3,261,5.61,10.6,48,67,23,0.294,0.220,0.252,27.3,26.4,28.0,53,57,955.1
2,2025-07-12,25.9,33.3,18.1,0.00,0.00,0.00,0.0,50400.00,28.11,8.1,24.1,64,6.34,10.7,44,77,18,0.275,0.220,0.252,28.6,26.2,27.7,0,3,955.7
2,2025-07-13,28.8,37.1,20.0,0.00,0.00,0.00,0.0,50400.00,28.57,18.4,40.0,86,7.14,10.1,36,75,11,0.250,0.219,0.249,30.3,26.0,28.5,3,13,950.4
2,2025-07-14,30.3,37.5,22.0,0.10,0.10,0.00,1.0,36892.89,19.72,8.7,21.2,196,5.22,10.8,32,54,15,0.231,0.218,0.246,31.7,26.0,29.5,51,81,947.2
2,2025-07-15,31.4,38.6,23.4,0.00,0.00,0.00,0.0,50277.75,25.81,15.9,30.6,190,7.61,10.1,30,51,14,0.220,0.217,0.243,33.9,26.0,30.5,3,61,947.3
2,2025-07-16,31.1,37.5,25.1,0.00,0.00,0.00,0.0,41621.03,22.81,12.9,27.0,216,6.79,10.6,30,45,18,0.211,0.217,0.243,34.1,26.2,31.5,3,69,948.9
2,2025-07-17,31.6,38.0,23.7,0.10,0.10,0.00,1.0,50400.00,25.35,11.5,28.1,135,7.09,9.9,28,43,13,0.206,0.217,0.241,34.6,26.3,31.9,51,23,951.4
2,2025-07-18,32.8,40.3,23.7,0.00,0.00,0.00,0.0,50400.00,28.07,10.4,25.2,163,7.45,9.7,26,46,10,0.201,0.217,0.240,35.7,26.5,32.6,1,3,951.4
2,2025-07-19,33.2,40.5,24.6,0.00,0.00,0.00,0.0,50400.00,26.69,10.7,19.4,241,6.67,9.7,26,45,11,0.199,0.216,0.240,36.7,26.8,33.4,2,19,948.5
2,2025-07-20,32.9,40.4,26.1,0.00,0.00,0.00,0.0,50400.00,26.22,21.6,47.5,31,8.82,10.1,26,42,14,0.198,0.216,0.240,36.3,27.0,34.1,2,20,948.2
2,2025-07-21,30.1,37.5,22.4,0.00,0.00,0.00,0.0,50400.00,27.37,20.1,40.0,342,8.84,7.0,25,40,12,0.203,0.217,0.242,34.7,27.3,33.7,1,7,951.1
2,2025-07-22,30.0,38.6,20.3,0.00,0.00,0.00,0.0,50400.00,28.99,21.1,33.5,356,8.79,3.2,21,40,6,0.204,0.218,0.243,34.2,27.5,33.0,0,0,951.9
2,2025-07-23,29.0,38.0,19.3,0.00,0.00,0.00,0.0,50400.00,28.52,15.6,27.0,335,7.92,4.4,23,43,10,0.205,0.218,0.244,33.8,27.6,32.6,1,5,946.0
2,2025-07-24,29.1,37.3,19.8,0.00,0.00,0.00,0.0,50400.00,27.47,16.3,31.3,326,8.58,3.1,21,37,7,0.203,0.219,0.244,33.3,27.7,32.5,2,23,944.1
2,2025-07-25,31.3,40.2,21.0,0.00,0.00,0.00,0.0,50400.00,27.09,9.1,19.4,304,6.68,4.3,20,33,8,0.200,0.219,0.243,35.0,27.8,32.5,2,22,943.8
2,2025-07-26,33.3,40.4,23.7,0.00,0.00,0.00,0.0,50400.00,26.60,9.8,21.2,282,7.03,7.3,23,43,9,0.193,0.218,0.241,36.3,27.9,33.4,2,28,945.3
2,2025-07-27,32.7,40.9,25.3,0.00,0.00,0.00,0.0,48840.83,25.42,33.1,54.0,310,7.90,9.5,26,39,12,0.189,0.218,0.240,36.2,28.1,33.9,3,41,947.1
2,2025-07-28,29.1,33.7,24.4,0.00,0.00,0.00,0.0,48232.04,23.43,14.8,26.6,3,6.15,13.4,39,52,26,0.198,0.222,0.245,34.2,28.2,33.7,3,42,949.0
2,2025-07-29,29.6,35.7,23.4,0.30,0.30,0.00,3.0,49487.96,24.33,12.4,27.7,6,6.26,13.6,40,61,22,0.207,0.223,0.247,33.9,28.3,33.0,51,30,947.9
2,2025-07-30,28.5,33.8,23.4,0.30,0.30,0.00,3.0,48388.23,20.93,13.9,24.5,193,5.96,12.5,39,56,23,0.210,0.224,0.249,32.7,28.4,32.5,51,51,947.7
2,2025-07-31,27.2,31.9,23.2,0.40,0.40,0.00,1.0,47808.31,22.32,20.9,25.9,231,5.40,12.9,42,54,30,0.215,0.227,0.253,32.0,28.4,31.9,51,63,949.4
2,2025-08-01,28.2,35.8,21.9,0.20,0.20,0.00,2.0,50400.00,23.81,14.9,31.7,165,6.09,10.9,37,57,17,0.221,0.230,0.256,31.3,28.4,31.3,51,44,947.8
2,2025-08-02,25.1,30.4,19.7,0.60,0.60,0.00,5.0,46177.79,21.26,23.8,48.6,267,6.10,12.0,47,72,26,0.224,0.232,0.258,29.7,28.3,30.6,51,49,952.0
2,2025-08-03,25.6,32.5,20.9,3.80,3.80,0.00,4.0,49062.03,20.76,18.0,37.8,295,5.32,12.7,47,65,24,0.245,0.233,0.258,29.0,28.1,29.7,61,38,953.6
2,2025-08-04,25.0,30.9,19.6,1.00,1.00,0.00,3.0,48915.81,20.21,15.7,37.4,25,5.11,12.7,48,74,29,0.274,0.236,0.260,27.9,27.9,28.8,53,48,953.8
2,2025-08-05,24.5,30.2,17.7,1.40,1.40,0.00,6.0,49625.87,22.96,19.9,37.1,8,6.41,10.2,45,83,24,0.279,0.235,0.259,27.4,27.7,28.2,51,44,955.3
2,2025-08-06,24.1,32.6,14.6,0.00,0.00,0.00,0.0,50400.00,26.21,12.0,23.4,345,6.56,5.7,33,53,17,0.263,0.235,0.259,27.6,27.5,27.7,0,0,954.7
2,2025-08-07,26.1,34.2,16.8,0.00,0.00,0.00,0.0,50400.00,24.60,9.2,24.8,3,6.05,7.7,35,70,14,0.248,0.235,0.258,28.8,27.2,28.1,3,43,951.2
2,2025-08-08,28.3,35.6,21.1,0.00,0.00,0.00,0.0,47488.71,24.88,10.1,29.2,256,6.49,7.4,29,45,15,0.235,0.235,0.257,30.2,27.1,28.9,3,40,951.6
2,2025-08-09,29.4,38.1,20.3,0.00,0.00,0.00,0.0,50381.44,24.47,15.7,32.4,272,6.72,8.2,30,54,11,0.224,0.234,0.256,31.3,27.1,29.6,2,9,952.3
2,2025-08-10,29.3,36.1,22.2,0.00,0.00,0.00,0.0,50297.34,25.21,19.4,40.3,322,7.84,9.0,29,43,19,0.215,0.233,0.255,32.0,27.1,30.3,1,6,952.9
2,2025-08-11,28.2,35.4,20.2,0.00,0.00,0.00,0.0,50212.26,25.39,18.7,32.4,2,7.48,9.4,33,51,19,0.215,0.232,0.256,31.8,27.2,30.7,1,5,954.4
2,2025-08-12,30.4,39.4,20.6,0.00,0.00,0.00,0.0,50126.28,21.73,27.4,44.3,304,7.78,10.2,31,48,16,0.211,0.232,0.255,32.0,27.2,30.7,2,18,952.3
2,2025-08-13,28.2,35.3,20.5,0.00,0.00,0.00,0.0,50039.48,24.72,15.9,30.2,3,7.43,7.8,29,43,18,0.211,0.232,0.255,32.0,27.3,31.0,1,3,952.8
2,2025-08-14,28.5,34.4,22.4,0.00,0.00,0.00,0.0,45144.81,18.81,17.0,41.0,215,5.95,10.4,33,46,24,0.210,0.231,0.254,31.1,27.4,30.7,3,52,951.5
2,2025-08-15,26.7,30.8,22.1,0.00,0.00,0.00,0.0,47201.15,21.23,14.5,25.9,325,5.69,10.1,36,47,25,0.214,0.233,0.255,30.9,27.5,30.6,3,51,952.9
2,2025-08-16,27.3,34.4,19.3,0.20,0.20,0.00,2.0,49146.37,23.99,15.6,34.2,119,6.02,11.3,40,66,20,0.217,0.235,0.257,30.4,27.5,30.1,51,20,949.7
2,2025-08-17,26.2,31.2,21.1,0.00,0.00,0.00,0.0,48127.08,23.16,14.4,30.2,340,5.89,10.4,39,57,23,0.219,0.238,0.259,30.2,27.5,30.0,3,36,953.1
2,2025-08-18,22.9,27.2,20.2,3.30,3.30,0.00,2.0,33790.35,16.78,15.1,30.6,158,4.40,11.7,50,58,35,0.238,0.241,0.261,27.7,27.5,29.3,63,63,957.4
2,2025-08-19,24.3,30.9,17.7,0.00,0.00,0.00,0.0,48405.62,23.55,14.7,25.2,71,5.79,10.7,45,73,23,0.265,0.245,0.263,27.2,27.3,27.8,2,17,955.7
2,2025-08-20,26.0,33.0,18.1,0.00,0.00,0.00,0.0,47066.71,23.46,16.3,36.4,77,5.72,10.5,42,77,21,0.251,0.244,0.262,27.8,27.1,27.6,3,18,950.6
2,2025-08-21,27.0,33.7,20.4,1.10,1.10,0.00,4.0,47269.78,21.12,17.7,34.6,233,6.16,9.8,37,63,19,0.249,0.240,0.261,28.5,27.0,27.9,53,38,951.6
2,2025-08-22,27.3,35.3,19.0,0.00,0.00,0.00,0.0,47023.35,23.73,15.9,32.0,148,6.02,8.0,32,53,16,0.248,0.239,0.260,28.9,26.9,27.9,2,16,950.4
2,2025-08-23,25.6,32.4,19.6,0.00,0.00,0.00,0.0,39732.98,19.23,29.9,46.8,339,6.03,7.9,35,56,20,0.237,0.237,0.259,28.4,26.8,28.2,3,55,950.0
2,2025-08-24,24.3,30.0,18.0,0.00,0.00,0.00,0.0,43692.70,19.02,14.4,30.2,328,5.24,8.7,39,56,25,0.227,0.235,0.257,27.7,26.8,28.0,3,70,955.6
2,2025-08-25,25.1,32.3,17.2,0.00,0.00,0.00,0.0,46578.39,24.30,9.6,23.8,360,5.54,8.2,38,68,15,0.223,0.235,0.257,28.4,26.7,27.7,0,0,957.0
2,2025-08-26,25.2,33.3,17.1,0.00,0.00,0.00,0.0,46003.29,24.06,15.7,28.1,343,6.03,8.9,39,67,19,0.219,0.234,0.257,28.8,26.6,28.0,0,0,956.8
2,2025-08-27,25.0,33.4,16.4,0.00,0.00,0.00,0.0,46079.73,24.15,11.8,25.2,338,6.30,5.5,32,54,14,0.215,0.234,0.257,28.6,26.6,28.2,0,0,957.1
2,2025-08-28,24.8,33.9,15.5,0.00,0.00,0.00,0.0,45185.15,23.92,9.6,22.3,320,5.86,4.9,32,57,12,0.210,0.232,0.257,28.3,26.6,28.2,0,2,955.6
2,2025-08-29,26.4,35.5,17.2,0.00,0.00,0.00,0.0,45264.11,23.93,10.1,23.0,316,6.02,5.4,30,54,12,0.203,0.230,0.255,29.1,26.5,28.3,0,2,954.2
2,2025-08-30,28.0,37.2,18.3,0.00,0.00,0.00,0.0,44843.99,23.08,34.6,57.6,282,8.46,6.4,29,57,12,0.200,0.229,0.254,29.9,26.6,28.7,1,8,952.2
2,2025-08-31,20.4,24.7,14.1,0.00,0.00,0.00,0.0,44551.12,22.94,23.8,41.8,319,6.32,2.7,32,47,22,0.204,0.230,0.255,26.3,26.6,28.4,3,22,959.9
2,2025-09-01,19.5,27.4,11.0,0.00,0.00,0.00,0.0,44581.10,23.23,8.7,23.4,20,4.89,2.3,36,64,15,0.209,0.232,0.256,24.2,26.5,26.1,1,3,956.1
2,2025-09-02,21.3,28.4,14.9,0.00,0.00,0.00,0.0,44289.73,22.56,26.7,47.2,331,6.01,6.0,39,54,21,0.211,0.233,0.257,24.4,26.3,25.5,0,1,952.7
2,2025-09-03,18.7,24.7,12.4,0.00,0.00,0.00,0.0,43999.30,22.69,16.1,31.0,5,5.44,2.6,36,56,21,0.210,0.233,0.257,23.4,26.0,25.0,1,9,959.3
2,2025-09-04,20.0,28.7,10.6,0.00,0.00,0.00,0.0,44030.37,22.98,20.1,38.9,53,5.97,3.0,38,73,13,0.213,0.233,0.258,22.9,25.8,24.2,0,0,958.0
2,2025-09-05,22.1,31.3,12.4,0.00,0.00,0.00,0.0,44061.56,22.13,10.1,23.0,1,5.31,3.6,35,65,13,0.215,0.234,0.259,24.5,25.5,24.4,0,3,953.3
2,2025-09-06,25.5,34.9,16.2,0.00,0.00,0.00,0.0,43452.88,20.96,10.5,25.2,240,5.08,6.4,33,58,14,0.209,0.233,0.259,26.8,25.4,25.6,2,28,954.1
2,2025-09-07,27.4,35.6,18.5,0.20,0.20,0.00,1.0,43484.99,19.50,10.8,25.9,191,5.30,6.4,29,52,13,0.201,0.231,0.258,28.6,25.3,26.8,51,39,952.4
2,2025-09-08,25.6,32.7,20.0,0.40,0.40,0.00,3.0,36906.43,19.22,31.2,46.8,279,6.15,8.5,37,61,19,0.195,0.230,0.256,28.8,25.4,27.6,51,34,951.1
2,2025-09-09,23.3,29.2,18.7,0.00,0.00,0.00,0.0,43200.00,18.01,10.0,26.3,303,4.43,10.3,47,67,25,0.198,0.229,0.256,26.8,25.5,27.3,3,44,956.0
2,2025-09-10,22.6,29.9,16.6,2.20,2.20,0.00,3.0,41707.07,18.36,13.1,28.4,73,4.36,10.7,49,70,25,0.211,0.231,0.256,26.1,25.5,26.6,61,35,954.6
2,2025-09-11,22.6,28.5,18.3,0.00,0.00,0.00,0.0,43200.00,17.62,16.4,27.7,325,5.02,6.8,39,66,19,0.230,0.232,0.257,25.5,25.5,26.0,2,27,957.0
2,2025-09-12,21.4,29.3,13.7,0.00,0.00,0.00,0.0,43200.00,20.35,13.5,28.8,13,5.05,6.8,42,69,22,0.224,0.231,0.257,24.6,25.4,25.3,0,1,956.2
2,2025-09-13,20.8,28.0,14.5,0.00,0.00,0.00,0.0,39600.00,19.13,22.9,38.2,334,5.69,3.9,35,54,19,0.218,0.231,0.256,24.5,25.3,25.2,3,28,955.1
2,2025-09-14,18.8,24.1,14.9,0.00,0.00,0.00,0.0,43179.38,18.44,19.4,33.1,0,4.83,6.0,45,64,29,0.215,0.230,0.256,23.3,25.2,24.6,1,16,962.0
2,2025-09-15,18.4,26.5,10.5,0.00,0.00,0.00,0.0,43067.94,19.71,10.7,23.0,342,4.41,4.3,41,57,27,0.215,0.232,0.257,22.6,25.0,23.6,3,21,959.1
2,2025-09-16,19.0,23.1,16.1,6.40,6.40,0.00,15.0,34359.34,12.74,13.7,29.2,326,2.95,9.9,57,83,37,0.240,0.232,0.259,21.8,24.8,23.4,53,78,958.7
2,2025-09-17,17.8,21.9,13.7,4.00,4.00,0.00,10.0,32313.78,12.09,11.0,22.7,347,2.55,11.8,70,99,45,0.325,0.233,0.259,20.7,24.6,22.3,53,69,958.9
2,2025-09-18,15.1,16.5,13.3,6.40,6.40,0.00,18.0,4349.52,5.98,12.6,21.2,284,1.41,11.3,78,87,66,0.363,0.239,0.262,18.1,24.3,21.1,53,93,958.5
2,2025-09-19,15.9,21.9,10.4,1.60,1.60,0.00,5.0,40634.06,15.72,19.4,40.7,33,3.07,9.2,68,91,38,0.382,0.245,0.263,18.0,23.8,19.7,53,34,958.8
2,2025-09-20,16.2,22.8,11.0,0.00,0.00,0.00,0.0,42512.81,18.36,17.1,29.5,3,3.75,7.6,61,91,31,0.367,0.249,0.262,18.5,23.4,19.6,0,3,958.2
2,2025-09-21,17.5,24.3,10.1,0.00,0.00,0.00,0.0,42335.39,19.34,18.4,38.5,66,4.62,5.5,49,82,24,0.345,0.248,0.261,18.7,23.0,19.6,2,3,957.6
2,2025-09-22,20.6,27.2,15.2,0.00,0.00,0.00,0.0,37879.49,14.44,23.6,42.5,93,4.84,6.1,40,55,23,0.323,0.247,0.260,20.3,22.8,20.3,3,53,955.1
2,2025-09-23,16.3,19.0,12.4,21.40,21.40,0.00,18.0,17995.64,7.37,27.6,51.8,231,1.96,11.2,73,95,48,0.392,0.250,0.259,18.4,22.6,20.3,63,77,961.1
2,2025-09-24,15.4,20.6,11.4,3.70,3.70,0.00,4.0,40908.38,18.11,16.1,32.4,354,3.46,8.2,65,90,39,0.510,0.289,0.259,18.1,22.3,19.0,61,11,965.5
2,2025-09-25,16.3,22.8,11.6,0.00,0.00,0.00,0.0,40644.84,18.30,33.1,56.2,76,4.52,4.9,50,71,24,0.447,0.300,0.259,17.4,21.9,18.6,0,0,956.5
2,2025-09-26,19.1,26.8,12.5,0.00,0.00,0.00,0.0,31634.21,13.40,10.3,22.0,218,3.23,5.9,43,59,27,0.413,0.298,0.257,17.8,21.6,18.4,3,60,955.4
2,2025-09-27,21.1,28.0,14.9,0.10,0.10,0.00,1.0,40118.22,16.54,12.0,19.4,160,3.81,7.5,43,63,26,0.387,0.295,0.255,20.5,21.4,19.6,51,34,961.2
2,2025-09-28,20.6,28.0,14.3,0.00,0.00,0.00,0.0,39854.93,17.01,10.7,27.7,110,3.61,9.7,53,83,28,0.365,0.292,0.253,20.3,21.3,20.2,2,12,961.0
2,2025-09-29,20.5,28.0,13.4,0.00,0.00,0.00,0.0,37173.72,15.88,16.3,32.8,285,3.79,8.3,48,71,25,0.348,0.290,0.252,20.8,21.3,20.5,3,60,957.9
2,2025-09-30,18.1,22.9,14.8,0.90,0.90,0.00,7.0,35944.15,12.65,13.0,27.7,15,2.94,10.5,63,83,40,0.336,0.289,0.251,20.2,21.3,20.7,51,84,955.6
2,2025-10-01,8.4,15.1,4.6,17.10,17.10,0.00,17.0,0.00,1.85,24.3,35.6,292,0.75,5.4,82,90,72,0.443,0.294,0.251,13.7,21.2,18.6,61,96,958.8
2,2025-10-02,9.0,14.6,4.0,0.00,0.00,0.00,0.0,39600.00,16.79,12.1,25.9,52,2.43,3.1,69,92,43,0.480,0.315,0.252,12.5,20.8,15.2,3,25,964.4
2,2025-10-03,11.1,16.7,6.1,0.00,0.00,0.00,0.0,34561.06,14.00,8.8,17.3,15,2.36,4.9,68,95,42,0.449,0.324,0.253,13.1,20.2,14.7,3,34,967.2
2,2025-10-04,12.1,19.2,6.1,0.00,0.00,0.00,0.0,39600.00,16.35,12.3,28.4,23,2.90,5.4,67,96,39,0.427,0.328,0.254,13.8,19.8,14.9,0,0,966.1
2,2025-10-05,9.4,14.2,4.2,0.00,0.00,0.00,0.0,39600.00,15.94,17.1,33.1,350,2.84,0.7,56,73,37,0.408,0.328,0.254,13.0,19.4,14.7,1,8,969.1
2,2025-10-06,6.2,13.1,0.6,0.00,0.00,0.00,0.0,39597.74,15.96,11.5,19.1,329,2.31,-1.2,61,77,41,0.396,0.330,0.255,10.6,19.0,13.4,0,1,967.8
2,2025-10-07,9.4,18.3,1.7,0.00,0.00,0.00,0.0,38858.72,15.48,11.3,20.9,342,2.68,1.6,61,82,36,0.380,0.327,0.255,11.6,18.5,13.1,3,54,962.1
2,2025-10-08,9.4,17.5,3.2,0.00,0.00,0.00,0.0,39454.19,15.33,15.1,26.6,325,2.91,-0.7,52,78,29,0.366,0.323,0.254,11.8,18.2,13.5,3,40,961.8
2,2025-10-09,8.3,16.8,2.3,0.00,0.00,0.00,0.0,39382.02,15.37,10.8,21.6,334,2.68,-1.6,54,82,25,0.353,0.319,0.253,11.3,17.9,13.1,1,10,962.8
2,2025-10-10,8.1,16.2,1.7,0.00,0.00,0.00,0.0,38257.40,14.58,12.0,25.6,315,2.60,-1.5,54,76,31,0.340,0.316,0.252,11.0,17.6,12.8,3,52,962.2
2,2025-10-11,9.9,19.3,2.4,0.00,0.00,0.00,0.0,38953.29,14.66,10.9,27.7,11,2.64,0.6,56,81,27,0.329,0.313,0.251,11.0,17.2,12.6,1,11,958.1
2,2025-10-12,13.9,22.4,5.5,0.30,0.30,0.00,3.0,25983.19,10.60,27.8,51.8,203,2.88,3.9,54,77,24,0.323,0.312,0.252,12.9,17.0,13.0,51,70,956.4
2,2025-10-13,14.8,20.6,8.2,0.00,0.00,0.00,0.0,38059.10,13.29,15.6,27.4,308,3.17,4.6,52,75,28,0.317,0.311,0.252,15.4,16.9,14.8,3,56,962.1
2,2025-10-14,10.3,17.6,5.7,0.00,0.00,0.00,0.0,37117.46,13.79,18.9,31.0,353,2.92,1.0,57,87,28,0.310,0.310,0.252,13.0,16.9,14.4,3,21,965.7
2,2025-10-15,4.7,10.8,0.1,0.00,0.00,0.00,0.0,38803.62,14.21,16.2,28.4,336,2.39,-5.3,50,65,30,0.309,0.311,0.253,9.6,16.7,13.0,1,7,969.5
2,2025-10-16,5.6,16.4,-3.2,0.00,0.00,0.00,0.0,33400.93,12.95,13.4,28.8,357,2.32,-4.1,54,80,24,0.307,0.312,0.253,8.0,16.4,10.9,3,54,964.6
2,2025-10-17,10.6,20.6,2.1,0.00,0.00,0.00,0.0,35749.70,12.43,9.0,18.4,349,2.29,0.9,54,77,27,0.301,0.310,0.253,10.5,16.1,11.3,3,49,960.8
2,2025-10-18,12.8,21.2,6.7,0.00,0.00,0.00,0.0,34610.08,10.96,9.9,27.0,14,2.26,3.8,57,82,30,0.294,0.307,0.251,12.6,15.9,12.6,3,53,962.6
2,2025-10-19,12.7,17.6,8.8,0.10,0.10,0.00,1.0,34489.04,10.13,14.8,30.2,348,2.13,4.5,59,80,43,0.286,0.303,0.249,13.7,15.9,13.7,51,49,963.7
2,2025-10-20,12.0,19.4,6.6,0.00,0.00,0.00,0.0,36460.23,12.48,8.5,21.6,357,2.15,5.7,68,92,42,0.281,0.301,0.248,13.4,15.9,13.8,2,18,962.2
2,2025-10-21,11.8,19.9,5.9,0.00,0.00,0.00,0.0,34544.97,12.05,9.4,22.0,345,2.18,4.9,65,88,37,0.275,0.298,0.248,12.8,15.9,13.8,3,80,961.3
2,2025-10-22,11.7,19.4,6.1,0.00,0.00,0.00,0.0,34642.60,11.40,10.3,16.9,325,2.15,4.3,62,82,37,0.269,0.296,0.247,13.1,15.9,13.9,3,43,963.9
2,2025-10-23,12.3,21.0,6.4,0.00,0.00,0.00,0.0,36301.70,12.39,11.3,19.1,351,2.28,5.0,64,85,34,0.263,0.295,0.247,13.3,15.9,13.9,2,13,964.8
2,2025-10-24,14.3,22.1,8.9,0.00,0.00,0.00,0.0,33825.42,10.15,19.9,38.9,79,2.92,2.9,50,78,27,0.259,0.295,0.247,13.5,15.9,14.0,3,73,961.4
2,2025-10-25,15.7,23.3,9.6,0.00,0.00,0.00,0.0,31462.66,9.56,19.3,34.9,99,2.88,1.2,40,64,24,0.251,0.292,0.246,14.5,15.9,14.2,3,85,956.8
2,2025-10-26,16.5,23.0,11.0,0.20,0.20,0.00,2.0,30331.78,10.22,9.3,28.8,299,2.24,4.7,47,64,29,0.241,0.288,0.243,16.2,15.9,15.0,51,93,957.3
2,2025-10-27,13.7,18.3,10.5,1.20,1.20,0.00,6.0,33093.92,9.04,12.2,22.3,2,1.68,8.1,70,89,48,0.246,0.286,0.242,14.9,16.1,15.5,51,33,959.7
2,2025-10-28,12.8,19.7,7.8,0.00,0.00,0.00,0.0,32443.15,10.09,11.5,28.1,39,1.86,7.3,72,93,40,0.251,0.284,0.243,13.6,16.1,14.6,3,71,959.3
2,2025-10-29,11.7,15.8,9.3,1.60,1.60,0.00,12.0,14170.99,6.19,9.0,20.2,309,1.13,8.5,81,93,62,0.259,0.284,0.243,13.0,16.1,14.3,51,98,962.3
2,2025-10-30,11.0,17.8,6.9,0.00,0.00,0.00,0.0,33581.06,10.76,11.6,24.8,21,1.63,7.5,81,99,53,0.266,0.287,0.245,12.9,16.1,13.7,3,41,963.7
2,2025-10-31,13.5,21.3,6.6,0.00,0.00,0.00,0.0,33285.67,11.23,17.7,33.8,88,2.15,5.6,62,92,34,0.264,0.287,0.245,12.0,16.0,13.3,3,19,959.7
2,2025-11-01,8.9,10.9,3.3,0.40,0.40,0.00,4.0,4396.54,3.01,17.8,32.4,274,0.86,4.6,75,90,56,0.262,0.287,0.244,10.3,15.9,12.7,51,66,968.7
2,2025-11-02,7.4,14.9,1.6,0.00,0.00,0.00,0.0,33031.88,10.79,13.5,31.7,63,1.65,1.3,69,97,35,0.263,0.287,0.244,8.3,15.6,11.1,1,2,961.2
2,2025-11-03,9.9,17.1,3.6,0.00,0.00,0.00,0.0,32729.08,9.80,11.8,23.8,354,1.86,2.9,65,92,39,0.262,0.288,0.244,9.7,15.3,10.8,3,36,958.5
2,2025-11-04,6.5,8.6,4.9,5.30,5.30,0.00,20.0,0.00,2.99,15.3,26.3,297,0.74,3.4,81,90,66,0.289,0.287,0.244,8.6,15.1,10.9,53,100,962.3
2,2025-11-05,2.0,5.3,-2.3,2.40,1.50,0.63,18.0,17551.36,6.26,21.7,47.5,286,0.84,-1.1,80,93,67,0.330,0.287,0.244,6.0,14.8,9.4,71,76,972.7
2,2025-11-06,-0.7,3.3,-4.4,0.00,0.00,0.00,0.0,19422.38,6.69,10.1,23.0,20,0.76,-4.3,78,90,56,0.331,0.289,0.244,2.9,14.4,6.8,3,54,976.1
2,2025-11-07,2.8,7.2,-0.5,0.00,0.00,0.00,0.0,32543.41,10.53,25.3,47.2,79,1.38,-2.0,72,92,46,0.331,0.290,0.245,3.8,13.8,5.9,3,33,969.8
2,2025-11-08,5.8,12.5,-0.2,0.00,0.00,0.00,0.0,32582.00,10.13,12.0,25.2,79,1.46,-1.7,62,88,35,0.330,0.291,0.245,4.8,13.3,6.3,3,26,966.1
2,2025-11-09,6.6,14.3,2.5,0.00,0.00,0.00,0.0,32400.00,9.98,12.8,26.6,67,1.62,-0.3,64,89,34,0.328,0.291,0.245,5.3,12.9,6.6,3,32,963.5
2,2025-11-10,6.0,10.6,1.8,0.00,0.00,0.00,0.0,19628.02,6.75,19.0,33.5,314,1.32,-0.3,66,87,39,0.326,0.291,0.246,5.3,12.5,6.7,3,69,964.9
2,2025-11-11,6.6,12.7,2.2,0.00,0.00,0.00,0.0,32400.00,9.50,15.9,31.3,83,1.51,2.1,76,97,42,0.325,0.291,0.246,7.0,12.3,7.3,2,15,968.6
2,2025-11-12,8.0,14.5,3.5,0.20,0.20,0.00,1.0,28833.37,8.58,16.7,28.8,99,1.48,1.0,64,84,35,0.322,0.291,0.246,7.6,12.1,8.0,51,58,967.0
2,2025-11-13,8.1,12.4,5.2,0.20,0.20,0.00,2.0,14814.60,4.71,10.2,18.0,2,0.89,4.1,77,88,56,0.323,0.292,0.246,7.7,12.0,8.3,51,71,969.5
2,2025-11-14,5.6,12.5,2.4,0.00,0.00,0.00,0.0,30320.53,8.83,11.4,21.6,359,1.14,2.7,83,99,52,0.319,0.291,0.245,7.1,11.9,8.3,3,46,969.6
2,2025-11-15,5.4,10.9,1.5,0.10,0.10,0.00,1.0,28467.21,6.20,13.3,28.4,38,0.96,2.2,81,98,58,0.319,0.291,0.246,5.3,11.8,7.7,51,63,967.5
2,2025-11-16,7.4,13.8,3.6,0.00,0.00,0.00,0.0,32400.00,8.92,21.1,41.8,75,1.86,-1.5,56,83,31,0.320,0.292,0.246,6.0,11.7,7.7,3,53,964.5
2,2025-11-17,8.0,15.5,3.6,0.00,0.00,0.00,0.0,32264.33,8.49,9.1,16.2,23,1.41,-1.0,55,79,30,0.317,0.292,0.246,6.1,11.5,7.7,3,47,967.6
2,2025-11-18,8.1,15.5,2.5,0.00,0.00,0.00,0.0,32400.00,8.98,20.7,38.2,70,2.22,-2.1,52,78,26,0.313,0.291,0.245,6.8,11.4,7.8,2,6,967.1
2,2025-11-19,9.2,15.0,5.1,0.00,0.00,0.00,0.0,14103.04,5.49,10.3,15.1,126,1.22,0.5,55,72,41,0.309,0.290,0.245,6.9,11.4,7.8,3,75,965.5
2,2025-11-20,8.3,14.6,5.2,2.30,2.30,0.00,9.0,25749.19,6.35,8.0,19.8,216,1.15,2.7,69,86,44,0.314,0.290,0.245,7.8,11.3,8.2,53,58,970.8
2,2025-11-21,8.0,15.6,3.9,0.00,0.00,0.00,0.0,32400.00,8.51,12.8,27.4,76,1.45,2.3,70,91,37,0.315,0.289,0.245,7.0,11.2,7.9,3,24,972.7
2,2025-11-22,5.8,11.1,2.3,0.20,0.20,0.00,1.0,28428.88,4.85,14.0,23.0,331,0.87,2.0,79,99,51,0.312,0.289,0.245,6.4,11.2,7.7,51,55,974.6
2,2025-11-23,4.5,11.2,0.9,0.00,0.00,0.00,0.0,32301.30,8.12,12.4,28.1,42,1.02,1.5,83,100,51,0.312,0.291,0.246,5.3,11.1,7.2,3,56,971.1
2,2025-11-24,3.7,12.2,-1.2,0.00,0.00,0.00,0.0,32229.16,7.92,9.0,14.4,336,0.98,0.9,84,100,47,0.311,0.292,0.247,4.7,10.9,6.7,3,54,968.8
2,2025-11-25,6.2,13.4,0.5,0.00,0.00,0.00,0.0,32157.10,8.34,22.9,42.1,53,1.34,2.0,77,98,49,0.310,0.292,0.248,5.7,10.8,6.6,3,20,972.5
2,2025-11-26,8.9,14.9,5.3,0.00,0.00,0.00,0.0,32085.27,8.40,32.0,56.2,88,2.64,-2.1,50,78,24,0.310,0.291,0.248,7.4,10.7,7.6,0,0,963.1
2,2025-11-27,5.9,14.4,0.4,0.00,0.00,0.00,0.0,32013.81,8.33,8.3,15.1,332,1.28,-2.1,60,88,27,0.307,0.292,0.249,5.4,10.7,7.4,1,2,961.8
2,2025-11-28,3.7,12.4,-0.8,0.00,0.00,0.00,0.0,31793.61,8.01,11.1,19.8,328,1.13,-1.8,71,95,31,0.306,0.292,0.249,4.2,10.5,6.5,3,46,965.7
2,2025-11-29,0.2,6.7,-2.8,0.00,0.00,0.00,0.0,30694.49,6.84,13.1,20.2,327,0.70,-2.0,87,100,54,0.305,0.290,0.250,2.4,10.4,5.6,3,35,966.4
2,2025-11-30,-0.4,8.2,-3.9,0.00,0.00,0.00,0.0,29590.15,6.86,9.6,18.0,325,0.75,-2.6,87,100,48,0.297,0.288,0.248,0.1,10.1,4.2,3,48,965.1
2,2025-12-01,-1.0,6.8,-4.9,0.00,0.00,0.00,0.0,31159.40,7.64,10.7,21.2,4,0.75,-3.3,86,100,52,0.290,0.289,0.249,-1.3,9.7,2.6,3,37,966.2
2,2025-12-02,-2.6,4.2,-5.1,0.00,0.00,0.00,0.0,30050.03,6.72,10.1,17.3,319,0.61,-4.7,86,98,54,0.287,0.290,0.249,-2.0,9.3,2.0,3,36,963.3
2,2025-12-03,2.2,8.1,-3.0,0.00,0.00,0.00,0.0,27359.66,7.20,6.1,15.8,16,0.81,-1.7,76,95,53,0.297,0.289,0.250,-2.4,8.9,1.5,3,59,962.6
2,2025-12-04,2.6,9.1,-2.3,0.00,0.00,0.00,0.0,24975.71,6.74,10.7,21.6,343,0.82,-0.7,80,94,51,0.300,0.290,0.251,-0.7,8.5,1.4,3,74,964.3
2,2025-12-05,1.6,8.9,-2.8,0.00,0.00,0.00,0.0,28966.00,5.23,7.6,13.7,297,0.64,-3.1,73,92,41,0.301,0.288,0.252,-0.3,8.1,1.5,3,72,968.1
2,2025-12-06,1.1,6.1,-1.5,0.10,0.10,0.00,1.0,23985.31,5.46,10.8,13.3,8,0.56,-0.5,90,97,72,0.304,0.288,0.251,0.3,7.8,1.7,51,57,969.8
2,2025-12-07,1.0,6.4,-1.9,0.00,0.00,0.00,0.0,29566.76,6.97,11.7,30.6,40,0.70,-1.1,87,97,62,0.307,0.288,0.251,-0.4,7.6,1.8,3,42,965.4
2,2025-12-08,2.0,3.8,-1.6,3.10,3.10,0.00,10.0,398.93,2.69,13.3,21.2,276,0.36,0.9,92,98,87,0.321,0.289,0.252,-0.3,7.4,1.7,53,91,962.8
2,2025-12-09,2.3,5.8,-0.7,0.60,0.20,0.28,2.0,22209.75,5.27,16.5,28.4,64,0.54,0.8,90,100,75,0.351,0.290,0.253,0.6,7.2,1.9,73,86,964.2
2,2025-12-10,-5.7,1.0,-13.4,5.90,0.20,3.99,12.0,19042.65,5.06,24.8,40.0,314,0.45,-8.6,80,99,65,0.353,0.290,0.253,0.3,7.0,1.8,73,50,974.5
2,2025-12-11,-7.7,-2.5,-14.6,0.00,0.00,0.00,0.0,31126.43,8.29,45.6,75.2,76,0.78,-11.3,76,98,62,0.354,0.290,0.252,-0.9,6.8,1.5,3,31,976.5
2,2025-12-12,1.0,5.0,-3.4,0.00,0.00,0.00,0.0,29600.69,6.83,43.5,73.4,87,2.12,-10.1,44,59,29,0.354,0.290,0.252,-1.7,6.6,1.3,3,97,959.7
2,2025-12-13,3.1,8.0,-0.2,0.50,0.50,0.00,4.0,23447.96,5.72,12.8,25.9,68,1.07,-3.5,63,85,44,0.357,0.290,0.252,0.0,6.5,1.3,51,96,955.2
2,2025-12-14,3.1,6.6,0.4,0.20,0.20,0.00,2.0,22022.82,5.37,22.0,31.7,26,0.56,2.1,93,99,85,0.363,0.291,0.253,1.8,6.3,1.7,51,80,955.6
2,2025-12-15,1.9,5.7,-1.8,1.70,1.40,0.21,7.0,2015.17,1.61,22.7,38.9,3,0.35,-0.5,84,98,71,0.373,0.291,0.253,2.3,6.3,2.2,71,84,965.4
2,2025-12-16,0.0,4.1,-2.1,0.00,0.00,0.00,0.0,29303.42,6.93,11.3,23.8,33,0.60,-1.9,87,100,73,0.377,0.293,0.253,1.1,6.2,1.9,3,70,966.1
2,2025-12-17,1.2,4.5,-1.3,4.20,1.40,1.96,13.0,3112.43,2.48,10.2,16.2,333,0.34,0.2,94,100,85,0.379,0.295,0.253,1.1,6.1,1.9,73,100,964.2
2,2025-12-18,-1.1,0.2,-2.7,1.30,0.00,0.91,11.0,1984.13,3.16,11.1,18.0,344,0.33,-2.6,90,95,84,0.384,0.296,0.253,1.3,6.0,2.1,71,100,970.3
2,2025-12-19,-1.3,1.5,-3.3,0.00,0.00,0.00,0.0,26062.34,6.43,21.1,29.9,67,0.57,-3.2,87,93,75,0.380,0.298,0.253,1.8,6.0,2.1,3,52,972.8
2,2025-12-20,0.0,1.8,-2.5,0.10,0.00,0.07,1.0,23367.64,6.27,22.4,38.9,71,0.65,-2.5,83,90,69,0.377,0.300,0.254,1.8,5.9,2.4,71,81,958.4
2,2025-12-21,0.1,1.1,-1.2,1.30,0.20,0.77,13.0,1328.84,2.60,7.8,16.2,286,0.30,-1.0,92,98,85,0.374,0.301,0.254,1.4,5.9,2.5,71,97,964.9
2,2025-12-22,0.1,3.9,-2.0,0.00,0.00,0.00,0.0,29020.18,6.85,12.6,24.8,45,0.58,-1.5,90,99,67,0.372,0.303,0.253,2.0,5.9,2.5,3,35,972.1
2,2025-12-23,-3.1,-1.5,-4.7,0.00,0.00,0.00,0.0,25225.92,5.05,10.1,19.1,311,0.37,-4.3,92,100,78,0.370,0.303,0.254,0.7,5.9,2.2,3,83,969.0
2,2025-12-24,-0.5,4.3,-4.0,0.00,0.00,0.00,0.0,27820.79,6.96,14.4,26.6,75,0.72,-3.1,84,99,60,0.369,0.305,0.254,-0.3,5.8,1.7,3,72,967.5
2,2025-12-25,1.2,5.8,-1.4,0.00,0.00,0.00,0.0,29833.13,7.15,23.1,40.7,86,1.17,-4.2,69,83,43,0.369,0.307,0.255,-0.9,5.7,1.6,3,60,960.0
2,2025-12-26,1.9,6.9,-1.3,3.90,2.50,0.98,11.0,8771.86,3.73,10.9,26.6,313,0.56,-1.4,80,98,51,0.376,0.307,0.255,-0.5,5.6,1.4,73,95,960.9
2,2025-12-27,0.5,3.7,-1.3,0.00,0.00,0.00,0.0,27783.27,6.05,14.6,25.6,51,0.50,-0.5,93,99,77,0.398,0.310,0.257,0.7,5.5,1.5,3,98,963.7
2,2025-12-28,1.9,5.5,-1.7,0.00,0.00,0.00,0.0,28800.00,6.54,18.6,33.8,79,0.93,-1.9,77,97,55,0.399,0.312,0.258,0.7,5.4,1.6,3,96,957.8
2,2025-12-29,4.5,9.1,0.1,0.00,0.00,0.00,0.0,25536.30,6.53,28.5,52.6,84,1.61,-2.4,62,81,41,0.401,0.313,0.257,1.5,5.3,2.0,3,49,954.6
2,2025-12-30,5.4,9.9,1.7,0.00,0.00,0.00,0.0,28404.58,6.03,28.8,51.8,88,1.57,-2.3,58,81,43,0.402,0.315,0.257,2.8,5.4,2.6,3,79,948.7
2,2025-12-31,3.4,8.3,-0.7,4.20,4.20,0.00,5.0,20434.34,5.30,21.1,32.0,297,0.68,0.5,83,98,53,0.405,0.317,0.258,2.3,5.4,2.4,55,92,952.9
3,2025-01-01,0.4,1.8,-1.3,0.10,0.00,0.07,1.0,2320.16,1.97,29.4,40.7,265,0.29,-0.7,92,97,88,0.267,0.250,0.249,-1.1,1.8,-0.4,71,95,1022.7
3,2025-01-02,0.9,2.8,-1.5,0.00,0.00,0.00,0.0,12068.14,3.29,36.1,50.8,236,0.40,-0.4,91,95,87,0.267,0.251,0.249,-1.0,1.9,-0.1,3,92,1025.4
3,2025-01-03,2.3,4.7,0.6,0.00,0.00,0.00,0.0,29196.07,5.68,32.4,46.4,233,0.66,0.3,87,95,77,0.266,0.251,0.249,0.6,1.9,0.5,2,4,1023.9
3,2025-01-04,0.8,1.8,-0.3,0.00,0.00,0.00,0.0,0.00,2.51,21.8,31.7,170,0.18,0.4,98,100,94,0.264,0.251,0.249,0.0,2.0,0.9,3,91,1022.8
3,2025-01-05,0.5,2.9,-1.6,0.00,0.00,0.00,0.0,9305.68,3.00,25.0,38.5,258,0.42,-1.2,89,94,80,0.263,0.251,0.249,-0.0,2.1,0.9,3,94,1021.3
3,2025-01-06,-1.9,-1.0,-2.9,0.00,0.00,0.00,0.0,11327.22,3.38,10.9,20.9,344,0.44,-5.1,79,91,65,0.261,0.251,0.250,-0.8,2.2,0.5,3,97,1030.4
3,2025-01-07,-2.4,-0.6,-3.6,0.00,0.00,0.00,0.0,17680.42,4.24,17.2,26.3,190,0.52,-6.0,77,85,62,0.258,0.252,0.250,-1.2,2.2,0.2,3,78,1039.0
3,2025-01-08,-3.1,-1.3,-4.3,0.00,0.00,0.00,0.0,29463.62,5.85,30.1,45.7,152,0.53,-5.4,84,90,78,0.256,0.251,0.250,-2.6,2.1,-0.2,1,12,1039.9
3,2025-01-09,-1.9,0.6,-3.5,0.00,0.00,0.00,0.0,29517.98,6.02,29.5,43.9,154,0.64,-4.4,83,87,74,0.255,0.251,0.250,-2.3,2.0,-0.5,2,9,1034.4
3,2025-01-10,-1.5,0.8,-3.1,0.00,0.00,0.00,0.0,29159.44,5.37,17.6,24.5,134,0.47,-3.3,88,92,82,0.253,0.251,0.250,-1.6,1.9,-0.5,2,17,1032.9
3,2025-01-11,-1.3,2.9,-4.1,0.00,0.00,0.00,0.0,30040.92,6.35,26.5,40.0,119,0.82,-4.6,79,91,58,0.251,0.251,0.250,-1.7,1.8,-0.5,0,0,1028.8
3,2025-01-12,-2.0,1.3,-4.5,0.00,0.00,0.00,0.0,30501.00,6.32,26.0,38.9,118,0.60,-4.3,84,89,76,0.249,0.251,0.250,-1.8,1.8,-0.5,3,16,1024.9
3,2025-01-13,-0.8,1.5,-2.6,0.00,0.00,0.00,0.0,1375.98,2.55,14.8,20.5,125,0.29,-1.9,92,95,89,0.248,0.251,0.250,-1.6,1.7,-0.5,3,99,1026.3
3,2025-01-14,-0.4,0.8,-2.0,0.60,0.40,0.14,6.0,0.00,2.26,19.5,28.1,344,0.24,-1.2,94,98,91,0.249,0.251,0.250,-1.0,1.6,-0.3,71,100,1027.8
3,2025-01-15,-3.9,-2.4,-5.8,0.00,0.00,0.00,0.0,2044.92,3.62,21.9,33.1,287,0.43,-6.1,85,90,78,0.249,0.251,0.247,-1.9,1.6,-0.2,3,94,1028.5
3,2025-01-16,-1.7,-0.1,-3.0,1.10,0.00,0.77,5.0,1240.42,2.49,27.5,40.3,259,0.35,-3.1,90,93,87,0.249,0.252,0.246,-1.3,1.6,-0.4,73,99,1022.7
3,2025-01-17,-0.9,0.1,-2.1,0.40,0.00,0.28,4.0,6119.54,3.62,23.8,35.3,258,0.31,-1.9,93,96,88,0.250,0.251,0.246,-0.8,1.6,-0.3,71,98,1020.5
3,2025-01-18,0.3,1.0,-0.3,3.90,0.40,2.45,22.0,0.00,2.58,20.0,29.9,245,0.22,-0.2,97,99,95,0.253,0.251,0.246,-0.1,1.5,0.0,73,99,1012.7
3,2025-01-19,0.2,0.5,-0.1,0.10,0.00,0.07,1.0,3192.16,3.40,12.4,20.5,253,0.29,-0.4,96,98,91,0.258,0.252,0.246,0.3,1.6,0.4,71,99,1011.3
3,2025-01-20,0.4,0.8,0.0,0.90,0.10,0.56,5.0,4931.84,3.25,31.8,43.6,257,0.27,-0.2,96,98,91,0.256,0.252,0.246,0.3,1.7,0.8,73,97,1014.3
3,2025-01-21,-1.1,1.1,-5.2,0.60,0.00,0.42,5.0,25678.81,4.88,39.1,56.9,301,0.80,-4.9,77,93,55,0.254,0.252,0.246,-0.4,1.8,0.8,71,61,1019.0
3,2025-01-22,-7.3,-5.1,-10.8,0.00,0.00,0.00,0.0,31599.57,7.59,24.7,37.4,347,0.82,-13.0,64,72,53,0.251,0.252,0.246,-3.5,1.8,-0.3,0,0,1036.8
3,2025-01-23,-11.2,-7.7,-14.2,0.00,0.00,0.00,0.0,31656.31,7.65,40.6,57.2,106,0.66,-16.1,67,74,58,0.251,0.252,0.247,-6.1,1.6,-1.7,3,44,1044.3
3,2025-01-24,-7.5,-4.7,-9.9,0.00,0.00,0.00,0.0,9953.81,4.78,40.6,58.7,123,0.66,-11.5,73,78,67,0.251,0.252,0.247,-5.5,1.3,-3.0,3,80,1033.1
3,2025-01-25,-3.1,-1.1,-5.7,0.00,0.00,0.00,0.0,13393.61,4.68,17.9,24.8,89,0.44,-4.9,88,95,79,0.251,0.252,0.247,-3.2,0.9,-2.3,3,91,1028.9
3,2025-01-26,-3.6,-1.6,-6.1,0.00,0.00,0.00,0.0,19513.22,5.27,13.5,20.2,309,0.47,-6.1,83,90,71,0.251,0.252,0.247,-2.5,0.8,-1.6,3,80,1034.3
3,2025-01-27,-2.7,-0.4,-4.3,0.00,0.00,0.00,0.0,29162.71,5.36,11.1,18.0,253,0.48,-5.0,84,95,75,0.252,0.252,0.247,-1.9,0.7,-1.4,3,55,1036.8
3,2025-01-28,-3.4,-2.0,-4.5,0.00,0.00,0.00,0.0,2920.99,4.28,17.1,26.6,230,0.26,-4.0,96,99,94,0.251,0.252,0.247,-2.3,0.7,-1.2,3,95,1035.5
3,2025-01-29,-1.9,0.8,-3.7,0.00,0.00,0.00,0.0,29056.04,5.43,14.9,22.0,222,0.43,-3.3,91,96,80,0.250,0.253,0.248,-1.7,0.6,-1.1,3,65,1035.5
3,2025-01-30,-2.9,1.5,-7.0,0.00,0.00,0.00,0.0,32112.18,7.72,8.6,16.9,152,0.56,-4.3,90,96,76,0.249,0.253,0.248,-1.9,0.6,-1.1,3,17,1037.6
3,2025-01-31,-2.2,1.2,-4.9,0.00,0.00,0.00,0.0,23623.20,5.64,10.0,14.0,55,0.48,-3.6,91,97,79,0.246,0.253,0.249,-1.0,0.6,-1.0,3,63,1036.5
3,2025-02-01,-1.6,2.1,-4.6,0.00,0.00,0.00,0.0,31561.65,7.74,19.0,26.6,100,0.57,-3.0,90,97,80,0.242,0.251,0.247,-1.1,0.6,-0.7,3,50,1035.5
3,2025-02-02,-1.7,-0.4,-3.1,0.00,0.00,0.00,0.0,32546.41,8.29,24.3,38.9,127,0.54,-3.2,89,92,87,0.240,0.251,0.247,-1.3,0.7,-0.6,3,27,1033.2
3,2025-02-03,-1.1,0.4,-2.4,0.00,0.00,0.00,0.0,24371.81,5.43,18.6,29.5,128,0.44,-2.3,91,94,89,0.239,0.251,0.247,-0.9,0.7,-0.5,3,79,1028.5
3,2025-02-04,-0.5,2.3,-2.5,0.00,0.00,0.00,0.0,30787.47,7.89,23.1,35.3,103,0.71,-2.7,85,92,73,0.237,0.251,0.247,-0.2,0.7,-0.3,3,64,1027.2
3,2025-02-05,-4.2,-2.0,-6.7,0.00,0.00,0.00,0.0,33198.04,9.28,18.6,28.8,82,0.71,-7.0,81,88,73,0.234,0.251,0.247,-2.5,0.8,-0.4,1,12,1029.4
3,2025-02-06,-3.7,-0.1,-5.9,0.00,0.00,0.00,0.0,33516.98,9.33,27.2,41.0,78,0.83,-7.0,78,91,63,0.233,0.251,0.248,-2.6,0.8,-0.8,1,9,1033.3
3,2025-02-07,-5.7,-2.6,-7.7,0.00,0.00,0.00,0.0,33833.70,9.30,32.4,48.2,56,0.93,-10.3,71,86,52,0.232,0.251,0.248,-3.4,0.7,-1.1,2,21,1038.7
3,2025-02-08,-7.8,-3.5,-11.4,0.00,0.00,0.00,0.0,34148.26,9.77,27.9,41.4,34,0.90,-12.8,68,81,48,0.230,0.251,0.248,-4.4,0.6,-1.7,0,2,1040.1
3,2025-02-09,-7.6,-4.3,-9.7,0.00,0.00,0.00,0.0,33354.96,8.48,22.5,31.7,50,0.69,-11.8,73,86,54,0.230,0.250,0.248,-5.0,0.5,-2.3,3,42,1036.2
3,2025-02-10,-6.4,-3.6,-8.9,0.00,0.00,0.00,0.0,19331.39,6.68,18.9,29.9,69,0.61,-10.3,74,81,69,0.231,0.250,0.248,-4.8,0.4,-2.7,3,76,1035.0
3,2025-02-11,-4.3,-1.0,-6.5,0.00,0.00,0.00,0.0,32298.93,9.19,19.0,30.2,22,0.76,-7.8,77,87,65,0.231,0.250,0.248,-3.5,0.3,-2.1,3,78,1031.7
3,2025-02-12,-3.8,0.2,-6.3,0.00,0.00,0.00,0.0,32831.22,7.37,11.8,20.9,47,0.68,-6.9,79,90,71,0.232,0.250,0.249,-3.2,0.2,-1.7,3,70,1031.2
3,2025-02-13,-4.2,-1.9,-6.1,0.00,0.00,0.00,0.0,19700.51,6.13,9.2,17.6,165,0.49,-6.2,86,94,75,0.228,0.246,0.247,-3.8,0.2,-1.6,3,84,1031.7
3,2025-02-14,-2.8,-0.7,-4.4,0.00,0.00,0.00,0.0,7540.84,5.21,10.5,19.1,173,0.45,-4.4,89,96,78,0.227,0.246,0.247,-2.5,0.2,-1.5,3,94,1027.7
3,2025-02-15,-2.5,-1.1,-3.3,0.00,0.00,0.00,0.0,21328.65,7.14,20.7,25.9,234,0.65,-4.9,84,94,77,0.226,0.245,0.247,-1.5,0.1,-1.2,3,97,1025.2
3,2025-02-16,-0.3,2.1,-3.0,0.20,0.20,0.00,2.0,3483.00,5.51,28.5,43.2,204,0.44,-1.2,93,99,86,0.225,0.245,0.247,-1.3,0.2,-0.9,51,97,1019.1
3,2025-02-17,-4.1,-1.0,-7.4,2.20,0.00,1.54,12.0,21773.12,7.98,20.2,28.4,352,0.64,-6.8,82,100,72,0.229,0.245,0.247,-1.2,0.2,-0.7,73,96,1026.0
3,2025-02-18,-7.2,-5.3,-9.0,0.30,0.00,0.21,3.0,25513.17,8.02,25.1,37.8,27,0.71,-11.2,74,82,61,0.229,0.245,0.247,-2.7,0.2,-1.0,71,92,1032.4
3,2025-02-19,-9.3,-7.9,-11.6,3.90,0.00,2.73,13.0,2960.62,5.58,27.4,39.2,27,0.49,-12.3,79,90,69,0.229,0.245,0.247,-4.6,0.2,-1.8,73,92,1030.9
3,2025-02-20,-8.8,-6.4,-11.7,1.50,0.00,1.05,9.0,3034.94,6.88,26.5,38.2,4,0.39,-10.4,88,94,84,0.229,0.245,0.247,-5.0,0.1,-3.0,73,100,1028.0
3,2025-02-21,-6.3,-4.8,-7.1,8.30,0.00,5.81,24.0,0.00,4.48,30.9,47.2,358,0.26,-7.1,94,97,92,0.229,0.245,0.247,-4.4,-0.0,-2.7,73,100,1024.5
3,2025-02-22,-7.9,-6.2,-9.1,2.40,0.00,1.68,9.0,11811.72,8.82,31.4,46.1,280,0.49,-9.9,86,94,73,0.229,0.245,0.247,-4.2,-0.1,-2.4,73,99,1020.5
3,2025-02-23,-8.9,-5.8,-11.5,0.00,0.00,0.00,0.0,6710.10,8.85,25.9,36.0,232,0.55,-11.4,82,89,74,0.228,0.245,0.246,-5.5,-0.1,-2.7,3,90,1024.3
3,2025-02-24,-9.5,-6.2,-13.7,0.00,0.00,0.00,0.0,36380.92,13.10,18.6,27.7,164,0.55,-10.7,91,96,86,0.227,0.245,0.245,-5.4,-0.2,-3.2,3,27,1025.4
3,2025-02-25,-9.2,-5.4,-13.2,0.00,0.00,0.00,0.0,36218.80,12.29,16.0,23.8,82,0.74,-11.8,82,96,65,0.228,0.243,0.246,-4.5,-0.3,-3.0,3,75,1021.8
3,2025-02-26,-9.7,-5.5,-13.0,0.00,0.00,0.00,0.0,33288.73,10.85,16.1,25.2,239,0.61,-12.2,82,87,74,0.232,0.242,0.247,-5.2,-0.4,-2.9,3,88,1020.4
3,2025-02-27,-10.2,-7.1,-12.7,0.30,0.10,0.14,3.0,28345.15,10.87,14.7,19.4,179,0.63,-12.5,83,93,70,0.233,0.246,0.248,-5.3,-0.4,-2.9,71,92,1020.1
3,2025-02-28,-10.5,-6.2,-13.9,0.70,0.00,0.49,7.0,27125.50,10.57,25.8,41.8,19,0.52,-12.4,86,91,73,0.233,0.248,0.250,-6.3,-0.5,-3.2,71,98,1022.7
3,2025-03-01,-10.1,-5.8,-13.6,1.30,0.00,0.91,12.0,15992.33,9.78,19.6,33.8,351,0.52,-12.1,86,90,77,0.234,0.248,0.250,-6.7,-0.6,-3.4,71,99,1026.8
3,2025-03-02,-9.8,-5.5,-13.0,2.80,0.00,1.96,12.0,0.00,8.07,27.4,41.0,334,0.39,-11.4,88,93,84,0.234,0.248,0.250,-6.6,-0.6,-3.4,73,97,1024.4
3,2025-03-03,-10.4,-6.5,-14.6,0.00,0.00,0.00,0.0,12129.55,10.61,13.9,20.9,145,0.55,-12.4,85,89,81,0.235,0.249,0.251,-6.9,-0.7,-3.8,3,97,1027.7
3,2025-03-04,-4.8,-0.8,-8.2,0.00,0.00,0.00,0.0,28043.70,13.31,23.4,33.8,187,0.79,-6.2,90,97,83,0.236,0.249,0.251,-4.4,-0.8,-3.4,3,95,1026.1
3,2025-03-05,-0.0,1.5,-1.4,5.40,1.40,2.80,14.0,0.00,5.10,48.8,68.4,238,0.44,-1.1,92,96,89,0.247,0.249,0.251,-1.1,-0.8,-1.5,73,97,1014.1
3,2025-03-06,1.1,2.9,0.1,3.50,1.80,1.19,7.0,12097.36,8.10,43.6,63.0,270,0.72,-0.3,90,100,85,0.299,0.250,0.251,-0.1,-0.8,-0.9,73,98,1010.3
3,2025-03-07,3.5,7.0,1.6,0.00,0.00,0.00,0.0,22946.76,7.80,35.9,51.5,272,0.87,1.7,88,93,80,0.340,0.258,0.251,0.9,-0.7,-0.2,3,60,1014.1
3,2025-03-08,4.1,8.2,1.4,0.00,0.00,0.00,0.0,39391.18,14.24,22.6,34.2,307,1.52,1.2,82,90,67,0.339,0.271,0.251,2.0,-0.6,0.9,3,39,1018.1
3,2025-03-09,1.1,4.6,-1.4,0.00,0.00,0.00,0.0,39505.18,15.72,16.0,22.0,8,1.52,-1.8,82,93,64,0.325,0.279,0.251,2.3,-0.5,1.4,2,17,1027.7
3,2025-03-10,0.7,5.4,-3.7,0.00,0.00,0.00,0.0,39600.00,15.91,14.1,25.6,146,1.42,-1.8,84,94,67,0.310,0.282,0.251,1.8,-0.4,1.1,2,7,1028.6
3,2025-03-11,2.5,7.0,-1.5,0.00,0.00,0.00,0.0,39600.00,14.57,21.0,32.4,133,1.32,0.4,86,92,79,0.296,0.283,0.251,2.1,-0.2,1.2,3,51,1027.7
3,2025-03-12,4.8,8.4,1.7,0.00,0.00,0.00,0.0,39600.00,15.71,21.6,33.8,171,1.59,2.3,84,92,69,0.286,0.283,0.251,3.5,-0.1,2.0,3,59,1025.6
3,2025-03-13,5.9,9.6,3.3,0.10,0.10,0.00,1.0,38528.54,12.72,24.3,35.3,201,1.57,3.0,82,96,69,0.275,0.283,0.251,4.1,0.1,2.7,51,72,1024.0
3,2025-03-14,7.7,13.6,2.4,0.00,0.00,0.00,0.0,40012.53,16.26,17.9,29.2,173,2.26,3.5,76,93,55,0.262,0.282,0.251,5.4,0.3,3.3,2,12,1024.7
3,2025-03-15,7.6,13.1,3.1,0.00,0.00,0.00,0.0,38777.10,16.15,19.2,25.6,182,2.36,2.7,72,88,53,0.245,0.280,0.251,6.0,0.9,4.3,3,58,1022.2
3,2025-03-16,9.2,15.3,6.1,0.00,0.00,0.00,0.0,39600.00,14.26,25.3,37.4,227,2.38,4.5,74,89,55,0.231,0.279,0.251,6.9,1.9,5.4,3,80,1018.7
3,2025-03-17,9.6,13.2,6.9,0.00,0.00,0.00,0.0,28215.73,11.51,24.9,35.3,204,2.13,4.2,70,81,56,0.217,0.278,0.251,7.7,2.5,5.9,3,69,1012.3
3,2025-03-18,10.7,16.5,5.6,0.00,0.00,0.00,0.0,39600.00,16.26,25.9,22.7,65,2.43,6.1,74,87,57,0.205,0.276,0.251,9.2,3.2,6.5,3,88,1007.6
3,2025-03-19,9.9,13.5,7.3,0.00,0.00,0.00,0.0,33648.52,13.73,27.4,38.5,339,2.09,6.5,79,89,68,0.194,0.274,0.250,9.1,4.1,7.7,3,86,1012.6
3,2025-03-20,6.8,9.0,4.6,0.20,0.20,0.00,2.0,30370.14,11.13,24.9,36.7,350,1.87,1.6,71,84,53,0.186,0.273,0.251,7.5,4.7,7.3,51,79,1023.1
3,2025-03-21,6.0,10.0,1.2,0.00,0.00,0.00,0.0,39712.51,15.65,17.2,24.5,32,2.21,0.0,66,80,50,0.176,0.272,0.251,6.7,4.9,6.0,3,43,1030.2
3,2025-03-22,7.1,9.8,5.1,2.10,2.10,0.00,6.0,19977.62,8.23,20.9,30.6,71,1.69,2.2,71,80,57,0.170,0.270,0.251,6.8,5.1,6.4,53,93,1027.5
3,2025-03-23,7.3,9.9,5.0,0.90,0.90,0.00,7.0,21167.19,10.53,29.9,43.9,57,2.11,1.6,68,80,55,0.183,0.269,0.251,6.7,5.2,6.4,51,95,1026.9
3,2025-03-24,7.2,11.0,4.4,0.60,0.60,0.00,6.0,29693.41,13.74,24.3,37.1,36,2.55,-0.1,61,76,46,0.171,0.268,0.251,6.9,5.3,6.6,51,100,1030.4
3,2025-03-25,5.9,11.2,0.5,0.00,0.00,0.00,0.0,41334.36,18.00,17.0,25.9,58,2.44,-0.3,66,82,45,0.157,0.266,0.251,6.6,5.4,6.2,3,30,1033.4
3,2025-03-26,6.1,9.3,2.4,0.00,0.00,0.00,0.0,42868.26,19.42,23.9,36.0,107,2.40,-0.6,64,87,39,0.145,0.264,0.251,6.8,5.5,6.6,0,1,1030.6
3,2025-03-27,5.8,9.7,2.1,0.00,0.00,0.00,0.0,41485.27,16.22,14.2,25.2,105,2.18,-0.0,68,86,48,0.134,0.262,0.251,6.5,5.6,6.3,2,42,1025.7
3,2025-03-28,6.8,11.7,1.7,0.00,0.00,0.00,0.0,43254.24,18.86,11.7,22.3,103,2.48,1.6,71,88,47,0.124,0.261,0.251,7.5,5.8,6.9,3,14,1024.4
3,2025-03-29,9.4,14.8,3.7,0.00,0.00,0.00,0.0,39196.29,16.16,19.7,30.6,115,2.61,3.8,70,92,48,0.114,0.259,0.251,8.6,6.1,7.6,3,74,1023.6
3,2025-03-30,13.5,18.3,9.0,0.20,0.20,0.00,1.0,43304.24,18.17,28.9,43.9,124,3.88,5.7,60,75,43,0.103,0.258,0.251,11.8,6.5,9.1,51,43,1021.4
3,2025-03-31,15.4,20.6,10.6,0.00,0.00,0.00,0.0,44678.38,19.63,36.6,55.4,129,4.94,6.0,55,73,40,0.085,0.256,0.250,13.3,7.1,10.7,2,8,1017.9
3,2025-04-01,13.6,16.6,11.7,0.00,0.00,0.00,0.0,33265.69,16.24,37.0,56.2,136,3.68,6.4,64,91,47,0.067,0.253,0.250,13.4,7.8,11.7,3,71,1015.6
3,2025-04-02,14.3,17.5,11.6,0.00,0.00,0.00,0.0,43716.56,19.72,30.7,47.5,206,3.10,10.1,76,88,61,0.062,0.252,0.250,14.6,8.6,12.4,3,50,1016.3
3,2025-04-03,14.8,17.4,12.6,4.40,4.40,0.00,12.0,169.01,5.94,24.6,36.0,64,1.75,10.6,77,87,62,0.066,0.250,0.250,13.2,9.3,12.7,53,99,1008.5
3,2025-04-04,13.8,18.6,8.9,0.00,0.00,0.00,0.0,43200.00,18.08,23.0,31.7,317,3.39,7.3,68,91,36,0.084,0.249,0.250,13.3,9.8,12.8,3,75,1013.1
3,2025-04-05,14.4,17.8,10.5,0.00,0.00,0.00,0.0,46302.21,20.43,24.4,38.9,217,3.31,9.7,75,92,51,0.074,0.248,0.250,14.0,10.0,13.1,3,14,1015.1
3,2025-04-06,12.4,13.6,11.2,23.00,23.00,0.00,16.0,0.00,2.58,27.0,39.6,32,0.91,10.3,87,98,77,0.147,0.247,0.250,11.4,9.8,12.3,63,93,1007.6
3,2025-04-07,13.6,17.5,9.9,0.00,0.00,0.00,0.0,46537.31,19.36,23.0,33.8,277,2.86,10.2,81,93,61,0.270,0.247,0.250,12.7,10.0,11.9,2,22,1016.0
3,2025-04-08,15.4,21.2,11.1,0.00,0.00,0.00,0.0,46654.21,20.87,32.2,47.9,111,3.40,10.8,75,91,55,0.245,0.247,0.250,13.6,10.5,12.8,3,35,1015.6
3,2025-04-09,12.1,15.7,8.9,0.00,0.00,0.00,0.0,41217.35,18.50,42.9,60.1,350,3.42,5.9,67,87,49,0.218,0.247,0.250,12.6,10.4,12.9,3,63,1015.7
3,2025-04-10,8.5,10.9,6.3,1.50,1.50,0.00,7.0,29819.28,16.73,29.5,43.2,345,2.58,3.2,70,77,61,0.202,0.246,0.249,11.1,10.1,11.3,53,84,1010.3
3,2025-04-11,6.4,8.9,4.2,1.80,1.80,0.00,6.0,33730.78,14.89,25.8,41.0,338,2.04,1.9,74,88,56,0.201,0.247,0.250,9.3,9.8,10.2,53,93,1013.6
3,2025-04-12,7.6,12.3,2.6,0.00,0.00,0.00,0.0,41871.54,20.56,27.0,35.3,58,3.10,-0.1,60,80,43,0.184,0.246,0.251,8.9,9.5,9.2,3,56,1018.7
3,2025-04-13,11.1,15.7,6.3,0.00,0.00,0.00,0.0,46800.00,22.22,23.0,30.2,49,3.50,3.8,62,75,46,0.162,0.246,0.251,11.6,9.9,10.7,3,28,1020.1
3,2025-04-14,13.1,17.7,7.4,0.00,0.00,0.00,0.0,44426.06,19.05,13.4,22.3,85,3.30,5.8,63,82,42,0.143,0.246,0.251,12.5,10.5,12.4,3,59,1027.9
3,2025-04-15,12.3,16.2,7.8,0.00,0.00,0.00,0.0,46800.00,23.04,28.8,44.3,55,4.28,3.0,55,78,32,0.121,0.245,0.251,12.6,10.0,12.2,3,31,1031.8
3,2025-04-16,11.7,17.2,6.7,0.00,0.00,0.00,0.0,45509.85,21.81,21.5,31.3,59,4.23,1.3,51,70,29,0.095,0.243,0.250,12.5,10.0,11.8,3,60,1030.5
3,2025-04-17,14.4,21.6,6.5,0.00,0.00,0.00,0.0,46800.00,23.16,15.9,30.2,4,4.72,2.7,49,75,28,0.071,0.241,0.250,13.7,10.6,12.6,0,0,1029.3
3,2025-04-18,15.7,22.1,7.9,0.00,0.00,0.00,0.0,46800.00,23.51,19.8,28.8,235,4.91,3.9,49,75,26,0.052,0.239,0.250,15.8,11.1,14.1,3,30,1028.5
3,2025-04-19,16.9,22.3,11.3,0.00,0.00,0.00,0.0,46800.00,23.47,20.5,32.0,239,4.95,6.3,53,83,28,0.046,0.238,0.250,16.7,11.6,15.3,3,20,1027.1
3,2025-04-20,17.5,23.1,10.7,0.00,0.00,0.00,0.0,46800.00,23.52,18.1,31.0,127,4.95,6.3,54,90,24,0.042,0.237,0.250,17.1,11.9,15.6,2,11,1025.7
3,2025-04-21,19.6,25.4,14.3,0.00,0.00,0.00,0.0,46800.00,23.53,24.8,38.5,109,6.57,4.1,37,56,22,0.038,0.237,0.249,18.9,12.3,16.2,3,10,1024.4
3,2025-04-22,20.1,23.3,17.5,0.20,0.20,0.00,1.0,33387.46,18.63,30.7,43.6,121,5.88,8.1,47,64,33,0.040,0.236,0.249,19.9,12.7,17.2,51,99,1022.6
3,2025-04-23,20.2,24.2,16.6,1.60,1.60,0.00,8.0,46800.00,20.07,31.5,50.0,126,5.84,8.7,49,67,32,0.044,0.235,0.249,20.0,13.5,17.9,53,49,1016.7
3,2025-04-24,19.4,23.0,16.4,0.10,0.10,0.00,1.0,44900.48,18.63,32.3,53.3,117,4.89,10.9,59,80,40,0.051,0.234,0.249,19.3,13.7,18.0,51,70,1010.9
3,2025-04-25,18.9,25.4,12.1,0.00,0.00,0.00,0.0,46800.00,23.00,15.3,28.1,275,4.82,10.4,61,86,36,0.045,0.233,0.249,19.5,14.5,18.3,3,36,1007.4
3,2025-04-26,20.0,23.1,17.2,0.50,0.50,0.00,4.0,41836.75,19.27,20.0,33.5,286,4.30,12.5,64,85,43,0.041,0.232,0.249,20.6,15.5,19.8,51,53,1008.0
3,2025-04-27,17.9,20.7,13.8,2.30,2.30,0.00,6.0,12591.85,11.08,34.3,43.6,253,2.68,13.7,77,85,66,0.048,0.231,0.249,18.7,15.1,18.8,53,79,1009.1
3,2025-04-28,9.7,13.0,6.0,0.00,0.00,0.00,0.0,46800.00,22.91,37.5,55.4,298,4.28,-1.0,50,83,28,0.062,0.231,0.249,14.5,13.9,15.7,3,30,1022.6
3,2025-04-29,8.0,11.7,3.4,0.00,0.00,0.00,0.0,46800.00,25.28,19.9,29.2,286,4.13,-5.4,41,63,25,0.056,0.230,0.249,12.9,13.3,13.5,0,0,1033.1
3,2025-04-30,10.7,14.7,5.3,0.30,0.30,0.00,1.0,33139.53,19.59,24.2,39.2,143,3.73,-0.9,47,66,29,0.048,0.230,0.249,13.2,13.0,13.0,51,53,1030.0
3,2025-05-01,14.7,17.8,11.2,0.00,0.00,0.00,0.0,37880.28,20.22,18.2,29.5,124,3.90,4.0,49,68,38,0.048,0.229,0.249,16.6,13.4,14.4,3,54,1025.1
3,2025-05-02,17.4,22.8,11.5,0.00,0.00,0.00,0.0,46800.00,21.37,31.6,50.8,124,5.73,6.1,50,73,29,0.042,0.228,0.249,17.0,13.4,15.3,3,75,1019.6
3,2025-05-03,18.0,21.5,14.3,0.70,0.70,0.00,4.0,45944.14,18.42,27.3,45.4,296,4.54,9.1,59,88,31,0.044,0.228,0.249,18.9,14.0,16.9,51,53,1013.2
3,2025-05-04,15.8,21.2,8.9,0.00,0.00,0.00,0.0,46957.71,25.05,18.2,25.2,7,4.90,2.7,44,66,27,0.044,0.227,0.249,18.4,14.7,17.5,2,13,1020.7
3,2025-05-05,16.5,18.8,13.7,1.80,1.80,0.00,11.0,23272.57,10.92,32.7,53.3,79,3.81,7.3,55,60,43,0.057,0.227,0.249,16.4,14.8,17.6,51,73,1016.7
3,2025-05-06,18.9,24.2,13.6,0.30,0.30,0.00,2.0,39567.79,19.32,20.1,36.0,343,4.38,10.9,62,85,44,0.068,0.228,0.249,18.2,15.1,17.5,51,86,1009.1
3,2025-05-07,20.9,26.0,15.5,0.00,0.00,0.00,0.0,43875.39,19.12,23.9,39.6,4,5.01,11.1,57,84,35,0.057,0.227,0.249,19.8,15.5,18.8,3,74,1010.0
3,2025-05-08,20.4,26.0,14.0,0.00,0.00,0.00,0.0,47165.13,24.43,24.3,40.0,303,6.13,8.3,49,68,26,0.046,0.226,0.248,21.1,15.1,18.8,3,36,1010.4
3,2025-05-09,20.3,23.4,17.6,0.10,0.10,0.00,1.0,46837.58,21.70,28.3,45.7,263,4.82,13.2,65,83,47,0.042,0.225,0.248,21.2,14.9,19.0,51,22,1013.8
3,2025-05-10,20.1,25.5,14.3,0.70,0.70,0.00,4.0,40524.39,21.79,20.7,38.9,186,4.83,11.7,60,74,43,0.039,0.225,0.248,21.4,16.2,19.8,51,40,1017.7
3,2025-05-11,23.9,29.4,18.4,0.00,0.00,0.00,0.0,47058.14,23.85,29.2,33.8,92,5.47,13.9,57,83,32,0.036,0.224,0.248,24.3,17.6,21.7,3,41,1013.5
3,2025-05-12,21.1,27.0,16.2,0.30,0.30,0.00,3.0,44366.61,22.12,32.6,47.2,7,6.21,11.9,57,74,39,0.042,0.224,0.248,23.0,16.6,21.2,51,74,1009.6
3,2025-05-13,21.9,28.1,15.4,0.20,0.20,0.00,2.0,45729.10,22.49,18.4,28.4,23,5.76,10.5,52,76,29,0.040,0.224,0.248,23.7,17.3,21.3,51,77,1008.3
3,2025-05-14,22.8,26.0,18.5,0.20,0.20,0.00,2.0,46800.00,23.50,35.8,54.0,289,6.22,13.2,55,65,47,0.039,0.223,0.248,24.3,17.7,22.1,51,45,1004.5
3,2025-05-15,19.6,24.7,14.4,0.00,0.00,0.00,0.0,47132.69,21.34,23.7,37.4,353,5.27,7.9,51,76,25,0.040,0.223,0.248,22.4,17.9,21.4,3,44,1017.7
3,2025-05-16,19.7,22.5,17.3,0.50,0.50,0.00,3.0,8083.25,11.17,29.4,45.4,34,5.74,5.5,40,48,31,0.038,0.223,0.248,21.0,17.7,20.7,51,98,1018.7
3,2025-05-17,20.3,25.8,13.4,0.00,0.00,0.00,0.0,47343.96,25.41,20.4,31.0,352,6.74,3.7,36,57,18,0.041,0.222,0.248,21.6,17.8,20.1,3,40,1020.0
3,2025-05-18,21.5,25.6,15.3,0.00,0.00,0.00,0.0,47879.33,24.54,18.6,31.7,119,6.46,4.6,34,48,22,0.034,0.221,0.248,22.8,18.1,21.0,3,64,1020.5
3,2025-05-19,21.6,24.7,18.6,0.30,0.30,0.00,1.0,25927.93,15.44,32.1,50.0,156,5.00,12.2,56,75,43,0.033,0.220,0.248,22.4,18.0,21.3,51,83,1015.4
3,2025-05-20,18.4,22.4,14.3,0.00,0.00,0.00,0.0,49147.43,25.80,28.8,43.2,263,5.77,9.6,58,76,38,0.032,0.220,0.248,20.9,17.6,20.2,1,3,1016.4
3,2025-05-21,19.0,22.0,14.6,0.80,0.80,0.00,3.0,48944.80,21.06,30.0,46.1,219,4.91,10.9,61,89,43,0.033,0.220,0.247,20.6,18.1,20.4,51,22,1016.0
3,2025-05-22,18.9,22.6,14.6,0.00,0.00,0.00,0.0,48802.39,22.54,30.2,48.6,268,5.87,9.2,55,73,38,0.040,0.219,0.248,20.5,17.2,19.4,1,14,1017.8
3,2025-05-23,21.5,26.4,15.4,0.00,0.00,0.00,0.0,49606.98,23.84,26.3,33.5,264,6.52,9.7,49,65,31,0.036,0.219,0.247,22.4,17.9,20.3,2,18,1019.8
3,2025-05-24,22.4,26.9,16.8,0.00,0.00,0.00,0.0,48484.12,24.88,24.8,36.0,22,6.93,5.2,37,70,17,0.030,0.218,0.247,23.5,18.8,22.1,3,44,1019.3
3,2025-05-25,21.8,26.3,15.8,0.00,0.00,0.00,0.0,50222.37,24.32,27.7,38.9,32,7.53,2.3,29,42,20,0.033,0.217,0.247,23.0,18.9,22.4,3,37,1021.3
3,2025-05-26,19.8,23.8,14.8,0.00,0.00,0.00,0.0,50968.12,26.82,30.7,47.5,76,7.87,0.7,29,44,17,0.036,0.217,0.246,21.6,18.4,21.5,0,0,1026.8
3,2025-05-27,20.2,25.6,13.7,0.00,0.00,0.00,0.0,51092.98,27.05,25.7,40.0,84,7.59,2.0,32,46,18,0.038,0.216,0.246,21.4,18.3,20.9,0,0,1026.9
3,2025-05-28,24.2,30.3,16.9,0.00,0.00,0.00,0.0,50937.25,26.58,29.5,45.7,82,8.70,5.3,31,46,20,0.036,0.216,0.246,22.9,19.0,21.9,2,4,1023.6
3,2025-05-29,26.4,32.0,19.3,0.00,0.00,0.00,0.0,51076.91,26.84,24.4,39.2,98,8.07,6.9,31,50,16,0.035,0.215,0.246,25.3,19.5,23.4,0,0,1020.1
3,2025-05-30,27.1,32.6,20.4,0.00,0.00,0.00,0.0,51211.80,26.84,22.8,37.8,107,9.04,7.3,29,39,18,0.034,0.215,0.246,26.3,20.0,24.5,0,2,1017.1
3,2025-05-31,27.8,31.6,23.3,0.00,0.00,0.00,0.0,49697.31,24.72,34.9,52.9,126,9.53,9.1,32,47,20,0.034,0.215,0.246,27.2,19.8,24.6,3,46,1016.5
3,2025-06-01,27.5,31.7,23.3,0.00,0.00,0.00,0.0,46550.70,23.94,23.5,43.2,202,7.88,13.8,44,69,29,0.034,0.214,0.246,28.2,20.5,25.5,3,46,1014.8
3,2025-06-02,26.1,29.6,21.5,0.00,0.00,0.00,0.0,47778.78,20.89,20.8,36.0,290,6.66,11.6,41,67,33,0.034,0.214,0.246,27.0,21.2,25.7,3,40,1013.3
3,2025-06-03,24.7,28.0,20.8,0.00,0.00,0.00,0.0,48996.99,25.96,23.8,37.8,354,8.44,5.0,30,43,16,0.034,0.214,0.246,26.9,21.3,25.5,3,48,1013.3
3,2025-06-04,23.7,29.8,16.5,0.00,0.00,0.00,0.0,52431.45,27.76,23.7,28.8,298,7.62,4.9,31,58,18,0.036,0.213,0.245,26.2,21.6,25.1,2,9,1013.9
3,2025-06-05,25.8,30.1,21.5,0.00,0.00,0.00,0.0,50534.52,24.49,30.4,47.2,250,7.77,13.6,50,80,29,0.033,0.213,0.245,26.7,21.5,25.4,3,49,1010.8
3,2025-06-06,21.0,23.5,18.1,0.10,0.10,0.00,1.0,51195.77,19.60,26.9,38.5,238,4.63,12.7,59,70,49,0.036,0.213,0.245,24.2,21.7,24.9,51,31,1010.2
3,2025-06-07,24.4,30.0,18.0,0.90,0.90,0.00,2.0,50417.39,22.98,20.7,38.9,262,5.46,14.2,56,83,35,0.039,0.212,0.245,25.4,22.3,25.1,53,27,1013.5
3,2025-06-08,25.8,30.4,21.0,1.70,1.70,0.00,2.0,47215.98,23.10,20.7,25.9,176,5.23,16.0,57,76,34,0.046,0.212,0.245,26.6,22.4,26.0,61,27,1015.9
3,2025-06-09,25.5,30.4,19.9,0.60,0.60,0.00,1.0,49086.10,24.73,16.2,29.5,93,5.85,16.3,60,89,38,0.057,0.212,0.245,26.6,22.7,26.4,53,42,1016.7
3,2025-06-10,26.1,30.2,21.0,0.00,0.00,0.00,0.0,50608.98,25.28,16.7,32.8,192,6.27,16.4,57,79,36,0.058,0.211,0.245,27.1,22.9,26.6,3,45,1015.2
3,2025-06-11,25.5,30.3,21.6,0.10,0.10,0.00,1.0,51369.13,22.96,33.7,52.6,257,6.29,16.8,61,85,41,0.047,0.211,0.245,27.0,22.0,25.5,51,36,1011.9
3,2025-06-12,25.6,30.2,20.7,0.00,0.00,0.00,0.0,52708.26,25.88,29.4,45.7,243,6.95,16.9,60,77,43,0.037,0.211,0.245,27.5,22.2,25.4,1,9,1013.1
3,2025-06-13,26.5,30.5,21.9,0.00,0.00,0.00,0.0,53106.04,27.13,27.3,44.6,228,7.01,18.3,64,91,37,0.031,0.211,0.245,28.2,23.6,27.0,1,12,1014.2
3,2025-06-14,28.3,32.8,22.4,0.00,0.00,0.00,0.0,52159.46,24.53,19.9,27.4,277,5.99,13.9,46,80,24,0.030,0.211,0.245,29.8,24.1,28.0,3,59,1013.6
3,2025-06-15,26.1,29.2,23.4,0.40,0.40,0.00,2.0,37649.39,18.78,27.9,50.4,305,5.81,14.7,50,67,33,0.040,0.211,0.245,27.9,24.1,28.3,51,85,1008.6
3,2025-06-16,22.7,25.8,19.4,3.80,3.80,0.00,10.0,27215.33,15.15,19.0,33.1,288,3.78,15.6,65,81,46,0.064,0.211,0.245,24.4,23.6,26.1,53,73,1009.1
3,2025-06-17,23.0,26.9,19.5,0.00,0.00,0.00,0.0,53446.57,25.54,28.3,42.8,278,6.69,13.1,55,79,35,0.058,0.211,0.245,24.4,22.8,24.3,1,11,1008.5
3,2025-06-18,22.2,25.8,18.4,0.10,0.10,0.00,1.0,53149.28,25.50,36.1,53.6,257,6.26,14.0,61,76,41,0.042,0.210,0.245,24.3,22.0,23.6,51,24,1008.3
3,2025-06-19,21.5,24.6,18.1,1.60,1.60,0.00,6.0,46585.92,20.00,39.2,61.2,259,5.22,14.2,65,85,43,0.041,0.211,0.246,23.8,22.0,23.5,53,67,1006.8
3,2025-06-20,22.9,26.4,19.4,0.70,0.70,0.00,5.0,51663.90,24.15,40.1,60.5,249,6.19,15.4,64,77,49,0.045,0.211,0.246,24.5,22.4,23.7,51,45,1006.9
3,2025-06-21,22.8,25.9,18.6,1.70,1.70,0.00,2.0,51695.37,24.30,28.2,43.9,264,6.38,12.7,55,76,33,0.070,0.211,0.246,24.9,22.9,24.6,55,44,1010.6
3,2025-06-22,22.1,24.9,19.4,0.00,0.00,0.00,0.0,41831.11,21.73,36.5,55.1,260,6.61,9.4,45,55,33,0.055,0.210,0.246,23.9,22.7,23.9,3,59,1012.7
3,2025-06-23,21.9,26.5,17.1,0.00,0.00,0.00,0.0,51189.84,25.63,25.3,38.9,281,6.57,10.8,51,68,31,0.045,0.210,0.246,24.4,22.7,24.0,3,34,1013.3
3,2025-06-24,20.0,22.8,16.8,6.30,6.30,0.00,12.0,29571.05,14.78,28.1,46.4,274,3.37,14.4,71,84,58,0.062,0.210,0.246,22.9,22.6,24.1,61,73,1012.1
3,2025-06-25,20.7,26.2,15.7,0.20,0.20,0.00,2.0,53235.24,25.03,26.5,37.4,279,5.48,13.7,66,89,44,0.097,0.210,0.246,22.8,22.1,22.7,51,42,1012.8
3,2025-06-26,23.4,26.6,20.7,1.10,1.10,0.00,4.0,53794.54,23.66,31.2,47.5,230,5.45,17.4,70,87,55,0.076,0.210,0.246,24.1,21.9,23.1,53,30,1011.0
3,2025-06-27,22.9,25.2,19.7,1.80,1.80,0.00,5.0,48828.25,24.12,39.6,60.1,250,6.42,14.5,61,85,40,0.070,0.210,0.246,24.0,21.8,23.4,53,36,1006.7
3,2025-06-28,20.7,25.8,16.0,0.00,0.00,0.00,0.0,53631.82,28.15,40.2,58.3,286,7.02,10.0,53,73,32,0.061,0.211,0.246,23.0,21.5,22.7,2,11,1007.5
3,2025-06-29,22.6,28.1,16.1,0.00,0.00,0.00,0.0,54000.00,28.32,16.9,28.1,303,6.56,9.3,46,71,27,0.046,0.211,0.246,24.9,22.6,24.0,2,8,1008.2
3,2025-06-30,25.6,29.0,21.2,0.00,0.00,0.00,0.0,46685.67,23.48,28.4,41.4,203,6.53,13.8,50,70,37,0.038,0.211,0.246,26.4,23.2,25.7,3,55,1006.8
3,2025-07-01,26.2,29.2,22.8,0.00,0.00,0.00,0.0,52987.88,26.75,29.8,46.8,240,7.66,14.9,52,71,31,0.036,0.211,0.246,27.7,23.0,26.2,3,26,1006.1
3,2025-07-02,24.5,27.3,21.2,0.50,0.50,0.00,2.0,49445.91,21.48,21.7,31.3,262,6.54,11.1,44,60,32,0.036,0.210,0.246,26.8,22.8,25.9,51,33,1010.5
3,2025-07-03,25.1,28.8,20.1,0.00,0.00,0.00,0.0,42248.62,21.47,31.6,42.8,267,6.88,11.6,45,73,26,0.037,0.210,0.246,26.7,22.9,25.7,3,81,1011.8
3,2025-07-04,26.1,30.1,21.0,0.00,0.00,0.00,0.0,54000.00,28.52,25.2,36.7,283,8.25,10.5,39,63,27,0.038,0.210,0.246,28.2,22.7,25.9,3,12,1015.0
3,2025-07-05,26.8,31.5,20.7,0.00,0.00,0.00,0.0,54000.00,28.22,24.8,38.2,253,7.88,12.6,45,75,25,0.037,0.208,0.245,29.2,23.5,27.1,0,2,1015.1
3,2025-07-06,28.2,32.2,24.0,0.00,0.00,0.00,0.0,49360.43,24.74,24.3,36.4,270,8.00,14.5,44,57,30,0.035,0.208,0.245,29.6,23.7,27.7,3,50,1013.7
3,2025-07-07,27.1,31.3,22.1,0.00,0.00,0.00,0.0,54000.00,28.44,23.7,33.5,7,9.00,7.9,31,43,20,0.035,0.208,0.245,29.5,24.3,28.3,1,4,1015.5
3,2025-07-08,26.6,31.7,20.8,0.00,0.00,0.00,0.0,54000.00,28.50,26.1,43.2,31,9.64,7.4,30,41,22,0.037,0.208,0.245,28.0,24.2,27.7,1,1,1016.9
3,2025-07-09,28.8,34.0,22.9,0.00,0.00,0.00,0.0,54000.00,28.38,28.3,43.6,71,9.21,8.4,29,40,19,0.035,0.208,0.244,29.0,24.5,27.8,0,0,1016.9
3,2025-07-10,29.9,34.5,24.3,0.00,0.00,0.00,0.0,54000.00,28.11,18.4,31.0,94,8.43,11.1,33,47,21,0.034,0.208,0.244,30.2,25.2,29.1,0,0,1017.4
3,2025-07-11,31.3,36.1,25.2,0.00,0.00,0.00,0.0,54000.00,27.91,21.6,34.6,105,9.16,12.4,33,46,23,0.034,0.207,0.244,31.6,25.5,29.9,0,1,1017.0
3,2025-07-12,32.8,36.8,27.7,0.00,0.00,0.00,0.0,53695.74,26.00,16.9,25.2,46,8.36,14.2,33,43,25,0.034,0.207,0.244,33.3,26.3,31.2,3,17,1016.4
3,2025-07-13,32.4,36.6,27.2,0.00,0.00,0.00,0.0,52781.78,24.51,25.5,31.7,347,8.03,14.1,34,44,24,0.034,0.207,0.244,33.6,26.8,32.2,3,42,1015.8
3,2025-07-14,30.5,35.1,25.4,0.00,0.00,0.00,0.0,54000.00,27.47,17.8,24.8,39,8.12,10.9,31,51,21,0.034,0.207,0.244,33.2,26.7,31.8,1,9,1013.1
3,2025-07-15,29.7,33.6,25.8,0.00,0.00,0.00,0.0,52930.49,23.07,19.9,37.1,256,6.38,18.1,52,76,32,0.034,0.207,0.244,32.1,27.2,31.7,3,59,1008.5
3,2025-07-16,29.3,33.3,24.3,0.00,0.00,0.00,0.0,54000.00,23.99,16.9,28.8,283,6.30,16.7,48,70,33,0.034,0.207,0.244,32.2,27.6,31.4,3,49,1006.9
3,2025-07-17,28.8,32.6,24.2,0.70,0.70,0.00,3.0,33427.57,18.44,15.3,33.5,333,5.38,17.0,50,65,38,0.034,0.207,0.244,31.0,27.7,31.2,51,80,1008.0
3,2025-07-18,29.0,33.9,24.1,0.00,0.00,0.00,0.0,53936.15,25.79,22.8,32.8,299,7.51,17.5,53,72,30,0.035,0.206,0.243,31.3,26.8,29.8,1,14,1010.9
3,2025-07-19,30.8,36.1,24.6,0.00,0.00,0.00,0.0,53873.10,26.42,16.2,26.6,12,7.14,14.8,40,72,26,0.034,0.206,0.243,32.6,27.5,31.0,1,3,1013.9
3,2025-07-20,31.4,35.8,25.5,0.00,0.00,0.00,0.0,53809.15,27.48,21.9,30.2,90,8.90,11.1,29,37,23,0.034,0.206,0.243,33.1,28.0,31.9,2,19,1013.6
3,2025-07-21,31.3,35.0,27.8,0.00,0.00,0.00,0.0,53663.42,24.85,39.2,59.8,144,10.64,13.4,35,49,22,0.035,0.205,0.243,32.2,27.7,31.3,2,23,1011.9
3,2025-07-22,30.3,35.0,25.9,0.00,0.00,0.00,0.0,51612.00,21.75,31.0,36.0,232,7.06,19.5,54,72,39,0.040,0.206,0.243,32.2,28.5,31.7,3,37,1010.1
3,2025-07-23,27.4,32.8,21.5,0.00,0.00,0.00,0.0,53328.05,25.07,29.5,40.0,269,7.16,18.0,58,77,36,0.044,0.208,0.244,30.1,28.0,30.6,1,6,1009.7
3,2025-07-24,28.8,32.0,25.7,1.40,1.40,0.00,3.0,51807.27,24.08,29.9,50.0,265,7.53,18.2,54,71,38,0.047,0.208,0.244,30.0,27.7,29.9,55,18,1005.0
3,2025-07-25,27.6,32.3,23.6,0.10,0.10,0.00,1.0,49588.29,24.42,30.5,47.9,295,7.59,16.4,52,66,35,0.045,0.208,0.244,28.7,27.5,29.2,51,18,1003.9
3,2025-07-26,26.9,31.5,21.8,0.00,0.00,0.00,0.0,52270.05,24.89,31.0,46.4,324,8.31,13.8,48,77,24,0.036,0.208,0.243,28.8,27.5,29.0,1,7,1008.0
3,2025-07-27,23.4,27.6,18.4,0.00,0.00,0.00,0.0,46181.40,24.89,19.0,32.4,341,6.86,6.9,36,49,25,0.038,0.208,0.243,27.0,27.3,28.4,3,42,1011.5
3,2025-07-28,24.3,29.7,18.1,0.00,0.00,0.00,0.0,52321.67,26.28,25.7,44.3,337,7.42,8.9,39,61,25,0.036,0.208,0.243,26.8,27.0,27.7,2,6,1009.9
3,2025-07-29,26.3,31.8,20.3,0.00,0.00,0.00,0.0,51603.49,24.34,21.0,37.4,303,7.47,10.8,39,57,26,0.037,0.207,0.243,27.7,26.9,27.9,2,20,1008.8
3,2025-07-30,27.8,32.3,22.3,0.00,0.00,0.00,0.0,49468.13,20.73,23.3,38.5,323,7.18,13.0,41,55,30,0.035,0.207,0.243,28.2,27.2,28.7,3,52,1009.2
3,2025-07-31,28.5,33.3,22.8,0.00,0.00,0.00,0.0,51661.45,25.30,19.9,33.5,350,7.93,12.2,38,54,26,0.033,0.207,0.243,29.3,27.3,29.3,1,6,1010.3
3,2025-08-01,27.6,31.8,22.8,0.00,0.00,0.00,0.0,50894.92,25.29,18.4,28.1,126,7.18,11.8,38,52,28,0.031,0.206,0.242,30.2,26.8,29.3,3,36,1013.2
3,2025-08-02,29.1,34.3,23.3,0.00,0.00,0.00,0.0,50843.73,23.27,13.6,32.8,256,6.05,16.1,49,79,27,0.029,0.206,0.242,31.3,27.4,30.3,3,56,1015.3
3,2025-08-03,31.3,35.9,26.7,0.00,0.00,0.00,0.0,46277.16,22.01,17.7,27.7,88,7.39,14.2,36,47,26,0.030,0.206,0.242,32.1,27.8,31.2,3,85,1015.8
3,2025-08-04,30.8,33.8,28.0,0.00,0.00,0.00,0.0,35838.58,19.53,28.3,44.3,153,7.42,16.6,43,59,31,0.033,0.206,0.242,31.7,27.6,31.0,3,84,1017.6
3,2025-08-05,28.7,30.4,27.2,0.00,0.00,0.00,0.0,49158.56,20.45,28.2,43.6,151,7.65,14.3,43,58,30,0.038,0.206,0.242,30.2,27.8,30.4,3,55,1018.5
3,2025-08-06,28.5,32.4,24.4,0.00,0.00,0.00,0.0,48127.56,19.44,22.5,35.3,209,6.47,17.4,52,73,35,0.040,0.206,0.242,29.2,28.0,29.9,3,27,1014.5
3,2025-08-07,29.1,33.9,22.9,0.00,0.00,0.00,0.0,49644.94,24.85,18.7,32.8,302,7.29,15.0,44,73,29,0.042,0.205,0.242,29.7,28.3,30.1,0,0,1013.0
3,2025-08-08,29.4,34.1,23.5,0.00,0.00,0.00,0.0,40463.95,22.36,20.2,35.3,302,7.46,14.3,41,59,27,0.036,0.205,0.242,30.3,28.2,30.3,3,43,1013.3
3,2025-08-09,28.8,32.4,25.4,0.00,0.00,0.00,0.0,45024.65,18.58,27.0,37.1,321,7.01,14.2,42,68,28,0.034,0.205,0.242,30.1,28.1,30.3,3,82,1015.5
3,2025-08-10,25.9,29.8,21.9,0.00,0.00,0.00,0.0,44020.01,20.28,26.7,34.2,297,6.82,11.1,41,66,27,0.039,0.205,0.242,28.0,27.5,29.0,3,34,1015.7
3,2025-08-11,25.4,29.7,21.3,0.00,0.00,0.00,0.0,47979.60,23.52,28.3,42.8,287,7.50,11.2,42,66,27,0.039,0.205,0.242,27.8,27.2,28.1,2,21,1015.9
3,2025-08-12,24.1,28.0,19.4,0.60,0.60,0.00,3.0,47308.16,21.46,30.8,44.6,232,5.58,15.4,60,79,35,0.042,0.205,0.242,26.6,26.8,27.3,51,11,1014.0
3,2025-08-13,22.8,27.1,18.8,0.00,0.00,0.00,0.0,46996.49,22.75,32.3,50.8,276,6.70,11.6,50,62,36,0.047,0.204,0.241,24.7,25.9,25.9,2,12,1012.3
3,2025-08-14,23.1,27.2,18.7,0.00,0.00,0.00,0.0,47042.00,21.54,31.1,49.3,287,6.62,12.5,53,73,36,0.039,0.204,0.241,24.6,25.9,25.6,2,14,1013.2
3,2025-08-15,22.8,26.8,18.2,0.40,0.40,0.00,2.0,47088.04,20.49,30.9,46.1,286,6.70,9.2,44,59,29,0.044,0.204,0.241,23.7,26.3,26.0,51,34,1012.1
3,2025-08-16,22.8,27.3,18.3,0.00,0.00,0.00,0.0,46800.00,21.18,23.9,41.0,293,6.09,11.5,51,69,35,0.043,0.204,0.241,23.5,25.7,25.3,2,22,1010.8
3,2025-08-17,24.4,29.7,18.9,0.00,0.00,0.00,0.0,46830.23,21.73,24.3,32.8,279,6.45,10.4,43,59,26,0.035,0.204,0.241,25.1,26.0,26.1,2,20,1013.8
3,2025-08-18,25.0,29.1,19.3,0.00,0.00,0.00,0.0,46879.77,23.48,21.5,34.9,166,5.92,14.3,55,82,32,0.037,0.204,0.241,25.9,26.0,26.7,0,0,1015.3
3,2025-08-19,25.2,29.4,22.4,0.00,0.00,0.00,0.0,46376.90,19.65,29.6,43.2,228,5.61,16.8,61,83,46,0.039,0.204,0.241,25.8,25.6,26.6,2,26,1008.7
3,2025-08-20,22.5,27.3,17.3,0.00,0.00,0.00,0.0,46800.00,23.25,22.4,30.2,308,6.06,10.0,46,64,34,0.051,0.203,0.240,24.2,25.5,26.1,0,0,1011.7
3,2025-08-21,23.4,27.8,18.7,1.10,1.10,0.00,6.0,29006.08,15.66,22.0,23.4,347,4.41,13.9,58,88,35,0.045,0.203,0.240,24.2,25.8,26.0,51,58,1012.8
3,2025-08-22,24.6,30.1,18.9,1.90,1.90,0.00,4.0,46537.50,22.45,22.0,31.3,350,5.64,13.1,52,72,29,0.056,0.203,0.240,24.8,25.7,25.9,53,21,1015.5
3,2025-08-23,25.3,29.9,19.6,0.00,0.00,0.00,0.0,46800.00,22.49,20.4,32.8,132,6.01,13.5,51,75,32,0.041,0.203,0.240,25.4,25.5,26.1,0,0,1015.5
3,2025-08-24,26.3,30.3,22.5,0.00,0.00,0.00,0.0,46800.00,22.29,27.9,43.6,143,7.31,12.5,44,64,27,0.035,0.202,0.240,26.0,25.0,26.1,0,0,1013.4
3,2025-08-25,25.8,29.2,22.1,0.00,0.00,0.00,0.0,33644.82,14.29,18.0,31.3,227,4.60,16.2,56,78,40,0.033,0.202,0.239,25.7,25.7,26.8,3,45,1013.8
3,2025-08-26,26.7,32.9,21.8,0.00,0.00,0.00,0.0,44895.31,17.78,25.1,38.2,40,5.51,15.3,53,83,25,0.039,0.202,0.240,26.5,25.7,26.7,2,29,1015.7
3,2025-08-27,25.0,29.5,20.0,0.00,0.00,0.00,0.0,46800.00,21.21,27.5,42.8,354,7.25,10.7,43,63,21,0.034,0.202,0.239,26.3,25.2,26.2,0,1,1017.2
3,2025-08-28,24.5,29.0,20.6,0.50,0.50,0.00,3.0,43929.01,17.19,26.5,40.3,37,7.44,5.7,31,41,21,0.035,0.202,0.239,25.3,24.7,25.5,51,28,1021.0
3,2025-08-29,25.0,30.2,19.6,0.00,0.00,0.00,0.0,46612.36,20.96,25.0,35.3,58,7.48,5.6,30,40,21,0.036,0.202,0.239,25.5,25.1,25.8,1,10,1022.8
3,2025-08-30,24.6,30.1,18.2,0.00,0.00,0.00,0.0,46800.00,21.31,19.8,27.4,80,6.72,6.7,33,50,23,0.035,0.201,0.239,25.0,25.4,26.1,0,0,1023.4
3,2025-08-31,25.7,30.9,20.6,0.00,0.00,0.00,0.0,46800.00,20.84,28.4,43.9,114,8.28,7.7,33,45,21,0.033,0.201,0.239,25.4,24.6,25.4,0,0,1021.1
3,2025-09-01,25.5,29.5,21.1,0.00,0.00,0.00,0.0,46800.00,20.38,25.2,39.6,158,7.00,11.0,42,60,27,0.033,0.201,0.238,25.7,24.9,26.0,0,0,1016.7
3,2025-09-02,26.4,30.6,22.0,0.00,0.00,0.00,0.0,46800.00,19.58,23.4,36.4,162,7.05,12.1,43,66,27,0.033,0.201,0.237,25.7,25.4,26.4,1,7,1013.4
3,2025-09-03,26.5,30.5,23.0,0.00,0.00,0.00,0.0,45308.94,19.31,36.7,55.4,164,7.62,13.2,45,64,30,0.030,0.201,0.237,26.2,24.9,26.0,3,46,1011.5
3,2025-09-04,24.8,29.2,21.3,0.40,0.40,0.00,3.0,41132.08,16.55,26.2,42.1,268,5.37,15.4,59,98,36,0.031,0.201,0.237,26.2,25.7,26.7,51,41,1009.4
3,2025-09-05,20.6,22.8,18.2,0.10,0.10,0.00,1.0,38518.65,13.86,27.9,43.2,307,4.73,11.1,55,66,44,0.040,0.201,0.237,22.6,24.9,25.2,51,53,1011.8
3,2025-09-06,19.9,23.8,16.6,0.00,0.00,0.00,0.0,40288.13,15.22,26.9,41.4,290,4.26,11.7,60,72,46,0.045,0.201,0.237,21.5,24.1,23.2,3,45,1013.7
3,2025-09-07,22.3,27.7,17.0,0.00,0.00,0.00,0.0,43044.89,17.68,20.8,31.7,318,5.03,12.5,56,79,37,0.043,0.201,0.237,22.7,24.7,23.8,1,8,1013.7
3,2025-09-08,22.5,27.1,17.3,0.00,0.00,0.00,0.0,42798.82,18.18,18.9,30.2,50,5.19,10.4,49,70,31,0.040,0.200,0.237,23.0,25.0,24.7,2,32,1018.7
3,2025-09-09,22.6,27.7,16.9,0.00,0.00,0.00,0.0,42554.17,18.61,12.7,18.4,50,4.57,8.5,43,61,27,0.034,0.200,0.237,23.3,24.9,24.6,1,6,1019.2
3,2025-09-10,20.1,24.0,14.9,0.00,0.00,0.00,0.0,34248.87,16.02,30.3,45.7,41,5.72,6.5,42,56,26,0.034,0.200,0.237,21.2,23.9,23.8,3,81,1020.4
3,2025-09-11,19.2,24.2,13.7,0.00,0.00,0.00,0.0,39607.86,18.01,26.1,36.7,49,5.29,5.3,41,58,27,0.042,0.200,0.237,20.4,23.4,22.6,3,48,1021.3
3,2025-09-12,18.3,22.8,13.1,0.60,0.60,0.00,3.0,34982.49,12.94,20.2,28.8,44,3.47,8.4,53,71,40,0.040,0.200,0.237,19.7,23.6,22.4,51,85,1020.3
3,2025-09-13,17.6,20.8,14.9,0.20,0.20,0.00,2.0,37832.92,13.28,31.8,44.3,78,3.69,9.5,61,87,41,0.048,0.200,0.237,18.6,22.6,21.1,51,69,1026.0
3,2025-09-14,16.1,21.4,11.3,0.00,0.00,0.00,0.0,35007.75,14.97,21.9,35.3,27,4.91,0.8,37,50,21,0.047,0.200,0.237,17.4,22.0,19.8,3,44,1028.7
3,2025-09-15,15.9,21.9,9.4,0.00,0.00,0.00,0.0,39920.99,17.51,18.4,29.9,14,4.53,1.6,40,59,25,0.041,0.199,0.237,17.1,22.2,19.7,1,6,1026.2
3,2025-09-16,16.4,21.7,10.3,0.00,0.00,0.00,0.0,36051.13,15.79,14.8,23.4,14,4.12,2.1,40,56,25,0.036,0.199,0.237,17.3,21.9,19.7,3,31,1024.6
3,2025-09-17,17.8,22.8,11.9,0.00,0.00,0.00,0.0,38134.65,16.35,13.5,24.1,23,4.05,3.6,40,54,28,0.037,0.199,0.237,18.7,21.8,20.4,3,24,1024.0
3,2025-09-18,18.0,23.2,12.4,0.00,0.00,0.00,0.0,39700.61,16.57,21.9,36.0,89,4.75,5.3,45,66,29,0.035,0.199,0.237,18.9,21.2,20.0,3,35,1022.6
3,2025-09-19,19.1,23.3,14.7,0.00,0.00,0.00,0.0,33811.60,15.81,26.4,41.0,104,5.24,5.5,42,57,30,0.036,0.199,0.236,19.8,21.0,20.2,3,84,1020.0
3,2025-09-20,17.5,19.9,15.5,0.80,0.80,0.00,8.0,3627.63,5.72,22.0,31.0,81,3.15,8.1,55,75,41,0.034,0.199,0.236,18.7,21.1,20.1,51,95,1016.5
3,2025-09-21,16.9,20.5,14.5,0.70,0.70,0.00,3.0,908.49,6.55,19.5,31.0,1,2.44,9.9,65,81,45,0.053,0.199,0.236,17.7,20.9,19.4,51,94,1018.3
3,2025-09-22,18.3,24.6,11.8,0.00,0.00,0.00,0.0,39600.00,15.69,22.0,35.6,283,4.15,8.8,58,88,31,0.046,0.199,0.236,18.3,20.8,19.0,1,4,1022.3
3,2025-09-23,19.6,25.8,14.0,0.00,0.00,0.00,0.0,39600.00,15.34,17.7,27.7,244,3.92,10.4,58,82,33,0.028,0.198,0.236,20.2,21.2,20.2,0,2,1025.3
3,2025-09-24,20.1,25.1,15.3,0.00,0.00,0.00,0.0,39600.00,15.18,16.3,28.1,237,3.83,11.8,62,89,35,0.023,0.198,0.236,20.5,21.6,21.3,0,0,1023.4
3,2025-09-25,19.7,25.5,13.8,0.00,0.00,0.00,0.0,39600.00,14.94,18.1,26.6,183,3.49,12.4,68,96,33,0.023,0.199,0.236,19.7,21.6,21.3,2,15,1017.4
3,2025-09-26,15.2,18.7,11.6,0.00,0.00,0.00,0.0,32192.88,10.65,33.9,52.2,349,3.07,8.2,64,89,51,0.023,0.199,0.236,17.5,21.1,20.4,3,91,1017.7
3,2025-09-27,10.8,15.2,5.3,0.00,0.00,0.00,0.0,39600.00,15.39,25.1,36.4,344,3.50,0.0,49,68,33,0.026,0.198,0.236,14.3,19.7,17.5,2,7,1025.9
3,2025-09-28,11.3,15.4,7.0,0.00,0.00,0.00,0.0,36141.81,12.70,12.4,16.6,14,2.21,-0.5,46,63,31,0.025,0.198,0.236,14.3,19.5,16.6,3,33,1027.8
3,2025-09-29,12.6,18.1,6.9,0.00,0.00,0.00,0.0,33116.67,13.78,26.4,35.3,29,3.65,0.4,45,63,30,0.025,0.198,0.236,14.0,19.4,16.6,3,58,1027.3
3,2025-09-30,9.9,13.5,5.7,0.00,0.00,0.00,0.0,16974.25,9.88,35.3,54.0,49,3.41,-0.7,49,65,32,0.028,0.197,0.236,12.8,18.7,16.0,3,92,1026.2
3,2025-10-01,8.3,13.6,2.8,0.00,0.00,0.00,0.0,39600.00,14.61,24.8,35.6,57,2.89,-1.5,51,71,37,0.033,0.197,0.236,11.2,17.7,14.1,0,0,1031.0
3,2025-10-02,10.5,17.0,4.1,0.00,0.00,0.00,0.0,39600.00,14.50,12.3,17.6,9,3.01,-3.3,40,57,24,0.025,0.197,0.236,12.3,17.6,14.0,0,0,1031.7
3,2025-10-03,11.8,17.9,5.7,0.00,0.00,0.00,0.0,39519.06,14.12,13.7,23.8,54,2.75,1.8,52,76,34,0.019,0.197,0.236,12.7,17.5,14.7,0,0,1032.2
3,2025-10-04,13.0,18.1,7.9,0.00,0.00,0.00,0.0,39203.44,13.89,23.4,37.1,106,3.67,1.7,48,69,30,0.018,0.197,0.236,12.9,17.1,14.7,3,25,1033.3
3,2025-10-05,12.7,17.7,8.0,0.00,0.00,0.00,0.0,39042.42,13.89,33.3,50.8,122,4.30,0.8,45,65,30,0.019,0.197,0.236,12.5,16.7,14.5,3,10,1030.1
3,2025-10-06,13.4,17.8,9.1,0.00,0.00,0.00,0.0,38420.43,13.25,31.0,43.9,133,3.93,1.9,47,62,32,0.019,0.197,0.236,12.9,16.6,14.6,3,12,1024.1
3,2025-10-07,13.6,19.1,8.5,0.00,0.00,0.00,0.0,38140.85,13.25,23.2,36.7,117,3.96,-0.1,41,56,25,0.019,0.197,0.236,12.8,16.6,14.7,3,18,1023.8
3,2025-10-08,13.4,19.0,8.1,0.00,0.00,0.00,0.0,37860.16,13.20,27.1,41.8,112,4.56,-1.7,37,55,20,0.019,0.197,0.236,12.2,16.3,14.5,1,3,1024.0
3,2025-10-09,13.5,19.3,8.1,0.00,0.00,0.00,0.0,37578.19,13.06,32.6,48.6,108,5.00,-1.8,36,50,22,0.019,0.197,0.236,12.5,16.0,14.2,0,0,1023.4
3,2025-10-10,14.1,18.0,9.8,0.40,0.40,0.00,1.0,34802.99,11.98,40.7,59.4,121,5.24,-0.3,38,48,26,0.020,0.197,0.235,13.1,15.9,14.4,51,20,1016.6
3,2025-10-11,13.8,16.3,11.5,0.00,0.00,0.00,0.0,33251.00,10.17,25.5,40.0,240,2.02,9.9,78,96,40,0.020,0.197,0.235,14.2,16.1,14.9,3,58,1012.6
3,2025-10-12,13.7,17.0,10.2,0.00,0.00,0.00,0.0,35728.35,11.12,22.0,34.6,238,2.20,9.4,76,88,60,0.021,0.197,0.235,14.1,16.4,15.2,3,61,1017.2
3,2025-10-13,15.1,19.7,9.7,0.40,0.40,0.00,3.0,33329.68,11.31,21.4,29.9,122,2.60,9.4,70,92,50,0.023,0.197,0.235,15.0,16.7,15.5,51,61,1018.6
3,2025-10-14,15.3,16.7,12.9,1.20,1.20,0.00,5.0,12798.78,4.47,35.3,46.8,21,1.91,10.7,74,81,60,0.034,0.196,0.235,15.2,16.7,16.1,51,94,1018.6
3,2025-10-15,13.1,18.0,9.2,0.00,0.00,0.00,0.0,32717.76,11.23,19.8,29.5,350,2.58,6.9,69,88,42,0.042,0.196,0.236,13.7,16.7,15.4,3,39,1022.4
3,2025-10-16,10.8,15.4,6.1,0.00,0.00,0.00,0.0,34708.42,10.47,23.7,34.6,336,2.41,3.4,62,79,43,0.042,0.196,0.236,12.1,16.7,14.7,3,31,1022.6
3,2025-10-17,9.2,12.8,6.2,0.00,0.00,0.00,0.0,31486.66,8.03,23.8,33.5,290,1.94,2.5,65,87,42,0.046,0.197,0.236,10.6,16.1,13.8,3,62,1028.4
3,2025-10-18,9.9,13.9,5.7,0.00,0.00,0.00,0.0,31870.62,9.02,13.4,23.0,206,1.80,3.5,66,83,44,0.047,0.197,0.236,10.5,15.9,13.1,3,63,1031.0
3,2025-10-19,10.6,14.4,6.6,0.00,0.00,0.00,0.0,31632.53,8.93,29.0,41.0,118,2.60,2.7,61,87,39,0.041,0.197,0.236,10.4,15.5,12.6,3,71,1027.3
3,2025-10-20,11.3,12.3,10.2,2.60,2.60,0.00,10.0,9066.43,5.81,35.3,53.6,125,2.92,2.8,56,65,49,0.051,0.196,0.236,11.3,15.0,12.6,53,87,1021.9
3,2025-10-21,10.0,11.7,8.5,0.20,0.20,0.00,2.0,11742.33,5.46,32.2,45.7,128,1.95,3.7,65,78,55,0.060,0.196,0.236,9.9,14.9,12.2,51,93,1021.0
3,2025-10-22,9.4,14.0,5.8,0.00,0.00,0.00,0.0,34337.24,10.38,18.5,24.5,313,1.53,5.7,79,94,53,0.062,0.196,0.236,9.6,14.8,12.0,3,14,1024.4
3,2025-10-23,9.4,13.9,5.2,0.00,0.00,0.00,0.0,30202.44,8.27,20.0,29.9,102,1.54,4.5,73,95,51,0.058,0.196,0.236,8.5,14.4,11.2,3,63,1024.6
3,2025-10-24,11.4,16.8,7.3,0.10,0.10,0.00,1.0,33364.53,9.61,16.7,23.8,27,2.03,4.8,66,87,41,0.052,0.196,0.236,10.6,14.1,11.5,51,31,1021.7
3,2025-10-25,10.9,17.2,5.2,0.00,0.00,0.00,0.0,33415.83,9.73,16.2,22.0,62,2.16,3.6,63,83,40,0.041,0.196,0.235,10.6,14.0,11.7,1,8,1019.1
3,2025-10-26,12.2,16.3,8.5,0.00,0.00,0.00,0.0,27376.93,7.30,27.5,35.3,122,2.51,4.6,60,72,50,0.033,0.196,0.235,11.2,13.7,11.8,3,81,1016.9
3,2025-10-27,11.5,13.7,10.3,4.00,4.00,0.00,9.0,0.00,2.00,28.6,40.3,112,1.38,7.2,76,92,57,0.046,0.196,0.235,11.4,13.8,12.2,53,95,1013.2
3,2025-10-28,10.0,11.4,8.2,0.00,0.00,0.00,0.0,4585.74,4.94,18.5,28.8,171,0.67,8.9,93,100,86,0.065,0.196,0.235,10.9,14.0,12.0,3,90,1017.6
3,2025-10-29,11.2,13.9,8.5,0.80,0.80,0.00,3.0,30551.41,8.63,23.1,34.6,137,1.25,9.0,86,96,74,0.068,0.196,0.235,11.2,13.8,11.8,51,75,1016.9
3,2025-10-30,10.7,12.3,7.6,0.10,0.10,0.00,1.0,14273.97,5.09,29.9,44.3,298,1.15,7.7,82,95,61,0.068,0.196,0.236,11.1,13.8,12.1,51,76,1017.9
3,2025-10-31,9.0,11.7,6.9,0.20,0.20,0.00,2.0,31274.35,7.03,21.6,34.6,278,1.07,6.3,84,94,69,0.071,0.195,0.235,9.9,13.8,11.4,51,53,1023.5
3,2025-11-01,9.7,13.3,6.8,1.50,1.50,0.00,7.0,11120.28,4.10,24.4,36.0,199,0.81,7.8,88,92,83,0.076,0.195,0.236,9.2,13.7,11.0,51,79,1019.1
3,2025-11-02,8.0,9.6,6.4,0.00,0.00,0.00,0.0,20844.22,5.00,28.7,42.5,297,1.14,4.9,81,90,70,0.084,0.193,0.237,8.5,13.4,10.7,3,74,1020.3
3,2025-11-03,5.9,8.1,3.5,0.40,0.40,0.00,3.0,28800.00,8.26,26.9,39.2,348,1.33,1.9,77,96,58,0.091,0.194,0.237,8.1,13.2,10.1,51,65,1030.5
3,2025-11-04,3.4,6.8,1.0,0.00,0.00,0.00,0.0,28408.17,6.17,20.6,27.7,89,1.21,-2.1,67,80,53,0.091,0.193,0.237,5.6,12.7,8.7,3,58,1037.7
3,2025-11-05,4.4,7.2,1.8,0.00,0.00,0.00,0.0,31597.74,7.81,29.2,43.9,137,1.49,-0.4,71,82,59,0.086,0.193,0.237,5.2,12.1,7.7,3,64,1037.6
3,2025-11-06,4.2,7.1,1.9,0.00,0.00,0.00,0.0,32149.08,7.61,22.8,34.2,135,1.50,-1.6,66,78,51,0.076,0.193,0.237,5.1,11.6,7.3,3,43,1034.3
3,2025-11-07,4.6,9.3,1.2,0.00,0.00,0.00,0.0,32400.00,8.36,16.1,24.1,168,1.27,0.2,74,88,52,0.067,0.193,0.237,4.2,11.2,6.8,0,0,1029.3
3,2025-11-08,5.7,10.9,2.4,0.00,0.00,0.00,0.0,31139.94,7.44,16.5,24.8,239,0.95,3.5,86,95,68,0.059,0.193,0.237,5.1,10.8,6.7,1,10,1026.4
3,2025-11-09,7.7,11.7,4.2,0.00,0.00,0.00,0.0,30877.35,7.01,20.5,31.3,278,0.99,5.3,85,96,73,0.054,0.193,0.236,6.9,10.6,7.6,3,61,1023.8
3,2025-11-10,7.2,10.9,4.5,0.20,0.20,0.00,2.0,26216.28,6.47,19.5,27.7,160,0.77,5.6,90,95,83,0.051,0.193,0.236,7.3,10.5,8.1,51,49,1026.1
3,2025-11-11,8.5,9.3,7.2,1.70,1.70,0.00,6.0,0.00,2.59,18.4,27.4,255,0.49,7.2,91,96,87,0.064,0.193,0.236,8.1,10.5,8.7,53,97,1022.8
3,2025-11-12,6.9,8.5,5.7,0.10,0.10,0.00,1.0,16719.68,4.87,22.5,31.0,58,0.77,4.8,87,92,77,0.071,0.193,0.236,7.2,10.5,8.9,51,99,1024.4
3,2025-11-13,7.3,11.1,5.3,0.00,0.00,0.00,0.0,25376.51,5.98,23.2,32.8,55,0.98,4.7,84,92,68,0.071,0.193,0.236,6.4,10.5,8.4,3,72,1024.0
3,2025-11-14,5.1,9.1,2.1,0.00,0.00,0.00,0.0,28677.37,6.65,11.0,14.8,25,0.71,3.6,90,99,77,0.067,0.192,0.236,5.0,10.3,7.7,3,45,1023.7
3,2025-11-15,3.6,5.2,2.0,0.00,0.00,0.00,0.0,466.46,3.46,15.4,21.2,140,0.33,3.1,97,100,92,0.066,0.192,0.236,5.2,10.1,7.5,3,100,1023.1
3,2025-11-16,6.0,7.2,4.4,0.00,0.00,0.00,0.0,5698.35,3.34,16.4,25.6,291,0.50,4.7,91,98,86,0.066,0.192,0.236,6.3,10.0,7.5,3,99,1021.4
3,2025-11-17,6.0,7.4,5.2,0.00,0.00,0.00,0.0,7864.60,3.70,12.3,19.1,18,0.60,3.2,82,87,76,0.065,0.192,0.236,6.4,9.9,7.7,3,95,1029.3
3,2025-11-18,4.8,7.2,2.8,0.00,0.00,0.00,0.0,24526.36,5.41,11.2,17.6,154,0.63,2.9,88,95,76,0.066,0.192,0.235,5.5,9.8,7.6,3,49,1031.7
3,2025-11-19,5.8,8.5,2.9,0.00,0.00,0.00,0.0,27348.02,6.03,20.0,28.1,180,0.73,4.0,88,94,81,0.064,0.192,0.235,5.3,9.7,7.0,3,47,1028.5
3,2025-11-20,9.7,11.9,7.9,0.30,0.30,0.00,3.0,8282.53,3.66,24.0,35.6,197,0.81,7.5,86,94,78,0.063,0.192,0.235,8.5,9.7,8.0,51,99,1028.3
3,2025-11-21,9.1,12.4,7.0,0.00,0.00,0.00,0.0,23894.66,5.61,17.8,22.7,110,1.02,6.0,82,95,63,0.059,0.192,0.236,8.8,9.9,8.8,3,75,1032.0
3,2025-11-22,7.4,10.9,4.6,0.00,0.00,0.00,0.0,29866.85,6.46,19.1,28.4,149,1.14,3.7,78,90,63,0.051,0.193,0.236,6.7,9.9,8.4,3,41,1031.9
3,2025-11-23,6.2,10.9,3.1,0.00,0.00,0.00,0.0,29898.62,6.36,16.4,25.2,157,0.89,3.6,84,93,64,0.044,0.193,0.236,5.4,9.9,7.4,3,53,1029.0
3,2025-11-24,6.2,10.8,2.1,0.00,0.00,0.00,0.0,29299.36,6.14,20.7,27.7,122,1.04,2.9,81,96,58,0.043,0.193,0.236,5.3,9.7,7.0,3,51,1025.1
3,2025-11-25,7.5,11.1,5.0,0.00,0.00,0.00,0.0,29145.66,6.27,22.3,29.9,181,1.23,3.2,75,87,60,0.037,0.193,0.236,6.0,9.6,7.2,3,23,1022.0
3,2025-11-26,6.9,8.8,5.2,0.00,0.00,0.00,0.0,4462.86,3.12,24.6,36.4,0,0.82,4.3,83,92,73,0.034,0.193,0.236,6.5,9.6,7.6,3,99,1025.1
3,2025-11-27,2.9,5.9,0.9,0.00,0.00,0.00,0.0,14074.56,4.23,18.1,24.8,14,0.75,-0.4,79,87,67,0.043,0.192,0.236,4.3,9.5,7.3,3,99,1030.8
3,2025-11-28,1.4,6.3,-2.1,0.00,0.00,0.00,0.0,27850.13,5.94,11.7,16.2,29,0.67,-1.4,82,90,69,0.047,0.192,0.236,2.4,9.2,5.8,3,43,1031.8
3,2025-11-29,1.3,5.4,-1.5,0.00,0.00,0.00,0.0,29226.51,5.44,11.2,17.6,76,0.55,-0.7,87,95,72,0.042,0.192,0.236,1.9,8.8,4.7,3,24,1030.3
3,2025-11-30,1.6,5.2,-1.6,0.00,0.00,0.00,0.0,26731.42,4.78,16.7,24.5,118,0.49,-0.0,89,94,80,0.037,0.192,0.236,1.1,8.4,4.1,3,62,1029.6
3,2025-12-01,2.6,6.0,-0.5,0.00,0.00,0.00,0.0,28157.00,5.34,22.2,31.0,84,0.68,0.3,85,91,75,0.036,0.192,0.236,2.2,8.0,4.1,1,16,1028.0
3,2025-12-02,3.6,6.8,0.9,0.00,0.00,0.00,0.0,28643.19,5.62,22.1,33.1,90,0.78,1.0,83,91,74,0.034,0.192,0.236,3.2,7.7,4.3,2,23,1025.4
3,2025-12-03,3.6,6.4,1.7,0.00,0.00,0.00,0.0,26731.67,3.99,17.9,24.5,111,0.60,0.3,79,88,64,0.032,0.192,0.236,3.9,7.5,4.5,3,45,1028.7
3,2025-12-04,3.7,5.1,2.8,0.00,0.00,0.00,0.0,23285.54,3.70,9.5,19.1,94,0.51,0.6,81,88,71,0.028,0.192,0.235,4.3,7.3,4.7,3,72,1033.5
3,2025-12-05,2.9,4.3,1.5,0.00,0.00,0.00,0.0,5461.12,2.49,8.7,14.0,122,0.40,0.3,84,93,77,0.028,0.192,0.235,3.6,7.2,4.7,3,79,1035.0
3,2025-12-06,1.4,2.8,0.2,0.00,0.00,0.00,0.0,1403.96,2.20,15.0,20.5,85,0.45,-1.4,82,89,74,0.032,0.194,0.237,2.6,7.1,4.7,3,94,1032.9
3,2025-12-07,0.3,1.7,-1.1,0.00,0.00,0.00,0.0,23200.47,4.82,13.8,22.0,40,0.61,-3.1,79,87,65,0.036,0.195,0.238,1.8,7.0,4.2,3,61,1031.7
3,2025-12-08,-0.7,0.8,-2.4,0.00,0.00,0.00,0.0,19777.87,3.99,20.6,28.4,71,0.42,-2.5,88,93,80,0.038,0.195,0.238,0.4,6.8,3.2,3,68,1032.7
3,2025-12-09,0.1,1.9,-1.2,0.00,0.00,0.00,0.0,23550.63,3.71,28.8,39.2,82,0.71,-3.1,79,86,73,0.037,0.194,0.237,1.2,6.5,2.9,3,94,1035.7
3,2025-12-10,-3.5,0.1,-5.5,0.00,0.00,0.00,0.0,0.00,2.26,40.9,60.8,112,0.71,-7.0,77,84,69,0.038,0.192,0.236,-1.3,6.1,2.5,3,99,1034.5
3,2025-12-11,-3.8,-2.8,-4.4,0.70,0.00,0.49,6.0,1460.49,2.29,33.2,48.2,87,0.55,-7.3,77,83,70,0.037,0.192,0.236,-1.9,5.7,1.5,71,90,1026.0
3,2025-12-12,-3.6,-0.6,-7.2,0.00,0.00,0.00,0.0,25969.04,4.70,19.9,28.8,275,0.52,-7.1,77,92,64,0.033,0.191,0.236,-2.6,5.4,0.8,3,73,1020.2
3,2025-12-13,1.1,4.2,-2.6,5.70,5.60,0.07,15.0,2083.85,1.86,52.0,76.7,225,0.47,-0.5,89,94,73,0.058,0.192,0.236,-0.1,5.2,1.3,71,98,1005.8
3,2025-12-14,-4.6,-2.5,-5.3,1.00,0.00,0.70,10.0,11713.46,3.47,65.7,91.4,280,1.01,-9.7,68,77,59,0.093,0.193,0.235,-2.3,4.9,1.1,71,92,1007.8
3,2025-12-15,-5.8,-4.7,-6.7,0.00,0.00,0.00,0.0,1658.07,3.01,40.4,58.0,277,0.87,-11.2,66,69,59,0.093,0.194,0.237,-3.9,4.6,0.2,3,82,1020.9
3,2025-12-16,-7.1,-4.3,-9.0,0.00,0.00,0.00,0.0,26645.28,5.51,21.6,30.6,294,0.54,-11.0,74,82,61,0.091,0.194,0.237,-5.3,4.3,-0.5,1,7,1028.8
3,2025-12-17,-5.9,-1.7,-10.3,0.00,0.00,0.00,0.0,26515.25,5.14,22.6,32.8,240,0.44,-8.3,84,92,68,0.089,0.194,0.237,-5.6,4.0,-1.2,3,40,1035.5
3,2025-12-18,-0.8,0.1,-1.9,0.50,0.00,0.35,5.0,5982.06,2.49,22.0,31.7,222,0.27,-1.7,93,96,86,0.089,0.194,0.237,-1.9,3.7,-0.9,71,95,1032.3
3,2025-12-19,-0.1,0.8,-0.9,0.30,0.20,0.07,3.0,0.00,1.74,23.5,36.0,255,0.21,-0.9,94,95,92,0.090,0.194,0.237,-1.1,3.4,-0.3,71,99,1027.4
3,2025-12-20,-0.0,1.0,-1.2,0.00,0.00,0.00,0.0,0.00,1.97,22.8,34.6,328,0.36,-1.6,89,94,81,0.093,0.194,0.237,-0.3,3.3,0.2,3,98,1024.7
3,2025-12-21,-2.4,-1.1,-3.2,0.00,0.00,0.00,0.0,2837.49,2.55,17.7,23.4,140,0.38,-5.0,82,89,78,0.096,0.197,0.239,-1.5,3.3,0.5,3,94,1031.7
3,2025-12-22,-1.4,-0.5,-2.5,0.00,0.00,0.00,0.0,25745.75,4.46,28.0,41.8,162,0.42,-3.2,88,91,84,0.096,0.198,0.238,-1.9,3.2,0.3,3,71,1026.7
3,2025-12-23,0.5,1.2,-0.6,0.90,0.20,0.49,7.0,1533.76,2.29,24.8,36.4,237,0.33,-0.9,91,98,83,0.098,0.198,0.238,-0.4,3.2,0.5,71,96,1021.7
3,2025-12-24,-0.4,0.7,-2.5,1.20,0.00,0.84,6.0,19398.52,3.43,16.3,25.9,305,0.39,-2.3,87,91,77,0.099,0.197,0.238,-0.0,3.2,1.0,73,94,1025.8
3,2025-12-25,-8.4,-2.7,-11.6,0.30,0.00,0.21,3.0,25797.20,5.00,23.8,35.6,328,0.57,-13.2,69,79,63,0.101,0.198,0.239,-3.5,3.2,0.5,71,63,1029.0
3,2025-12-26,-8.1,-4.1,-11.9,0.00,0.00,0.00,0.0,1044.52,2.78,31.8,44.6,199,0.33,-10.3,84,92,74,0.099,0.198,0.240,-6.4,3.1,-0.9,3,76,1024.5
3,2025-12-27,-4.3,-3.0,-5.3,0.00,0.00,0.00,0.0,16162.05,4.22,31.1,45.7,145,0.46,-6.4,85,94,80,0.099,0.198,0.239,-4.1,2.8,-1.0,3,89,1014.9
3,2025-12-28,-2.1,-0.8,-4.0,4.20,0.10,2.87,15.0,846.54,2.35,22.7,33.1,211,0.24,-3.0,93,99,87,0.099,0.197,0.239,-2.9,2.7,-0.8,73,100,1005.0
3,2025-12-29,-5.2,-3.7,-6.9,0.10,0.00,0.07,1.0,0.00,3.36,11.9,16.2,17,0.23,-6.4,91,94,87,0.097,0.195,0.236,-3.7,2.5,-0.7,71,97,1006.1
3,2025-12-30,-5.1,-1.6,-7.9,0.20,0.00,0.21,2.0,461.51,2.75,24.3,36.0,179,0.19,-6.1,93,96,89,0.097,0.194,0.236,-3.1,2.4,-0.8,71,92,1009.0
3,2025-12-31,-3.1,0.6,-6.6,0.10,0.10,0.00,1.0,24033.63,4.38,28.0,40.7,161,0.26,-4.0,93,96,90,0.097,0.194,0.237,-3.7,2.3,-0.9,51,50,1009.3
4,2025-01-01,-3.5,0.0,-11.4,0.80,0.00,0.56,5.0,19826.18,3.36,27.1,46.4,266,0.37,-5.4,87,94,77,0.326,0.317,0.299,-2.9,0.7,-1.6,71,77,1007.5
4,2025-01-02,-1.6,1.8,-11.0,3.50,0.20,2.31,11.0,0.00,2.15,29.8,49.0,223,0.33,-3.0,90,94,87,0.332,0.317,0.299,-3.4,0.7,-1.6,73,91,1004.9
4,2025-01-03,0.8,1.6,0.1,0.00,0.00,0.00,0.0,25200.00,4.13,24.6,41.8,225,0.33,-0.4,92,95,86,0.349,0.317,0.299,-1.9,0.7,-1.6,1,9,1006.3
4,2025-01-04,0.4,1.5,-0.5,0.00,0.00,0.00,0.0,2123.15,2.75,26.7,45.7,192,0.28,-0.7,92,96,88,0.356,0.319,0.299,-1.1,0.7,-1.5,3,93,1008.0
4,2025-01-05,-1.4,1.9,-4.8,4.30,2.20,1.47,12.0,12579.12,2.79,30.4,48.6,234,0.31,-2.9,90,99,83,0.395,0.326,0.299,-1.0,0.7,-1.4,73,81,1007.7
4,2025-01-06,-5.1,-3.2,-7.1,0.00,0.00,0.00,0.0,23831.04,3.43,13.8,26.6,230,0.34,-7.8,81,87,68,0.378,0.333,0.300,-1.7,0.7,-1.3,3,74,1020.3
4,2025-01-07,-7.7,-3.9,-12.7,0.60,0.00,0.42,4.0,10910.89,2.74,27.0,43.6,204,0.31,-9.9,85,97,74,0.369,0.334,0.300,-3.9,0.7,-1.4,71,75,1027.7
4,2025-01-08,-2.0,-0.5,-3.9,2.00,0.00,1.40,10.0,10115.23,2.57,28.1,47.9,192,0.50,-4.4,84,90,78,0.364,0.335,0.300,-2.0,0.6,-1.5,73,99,1025.9
4,2025-01-09,-0.8,1.1,-2.0,0.00,0.00,0.00,0.0,1463.31,1.74,32.7,54.7,187,0.44,-2.7,87,92,81,0.360,0.335,0.301,-2.1,0.6,-1.5,3,98,1020.3
4,2025-01-10,0.6,1.1,-0.2,0.20,0.20,0.00,2.0,0.00,1.04,21.8,37.1,180,0.14,0.3,97,100,94,0.368,0.335,0.301,-1.5,0.6,-1.5,51,100,1023.3
4,2025-01-11,-1.3,-0.0,-3.9,0.30,0.10,0.14,2.0,27662.95,4.49,14.1,28.4,136,0.35,-3.0,89,97,73,0.365,0.337,0.302,-0.0,0.6,-1.3,71,45,1023.4
4,2025-01-12,-4.3,-1.8,-6.0,0.00,0.00,0.00,0.0,27925.08,4.73,16.1,31.0,130,0.51,-8.0,76,85,63,0.357,0.338,0.303,-1.5,0.6,-1.2,2,5,1020.1
4,2025-01-13,-5.5,-1.7,-9.0,0.10,0.00,0.07,1.0,23922.50,3.46,11.4,23.4,163,0.28,-7.7,85,91,77,0.354,0.338,0.304,-4.0,0.6,-1.3,71,80,1018.7
4,2025-01-14,-2.4,-1.1,-4.9,1.50,0.00,1.05,8.0,977.98,2.33,16.5,31.0,268,0.35,-4.7,84,96,70,0.351,0.338,0.304,-1.9,0.6,-1.4,73,99,1018.5
4,2025-01-15,-3.6,-2.0,-5.9,1.00,0.00,0.77,9.0,0.00,1.79,23.3,41.4,224,0.35,-5.7,86,90,79,0.348,0.337,0.305,-2.9,0.6,-1.4,71,91,1013.4
4,2025-01-16,-2.8,-0.3,-6.4,1.10,0.00,0.77,7.0,0.00,2.06,23.0,41.0,305,0.49,-6.0,79,92,65,0.346,0.336,0.306,-1.4,0.6,-1.4,71,99,1009.6
4,2025-01-17,-4.1,-1.6,-6.9,1.30,0.00,0.91,9.0,6980.77,2.52,18.0,32.0,188,0.37,-7.1,80,94,67,0.345,0.336,0.307,-1.4,0.6,-1.4,71,87,1008.2
4,2025-01-18,-2.4,-1.4,-2.9,1.30,0.00,0.91,10.0,0.00,2.50,12.9,21.6,106,0.22,-3.5,92,95,89,0.344,0.335,0.308,-1.2,0.5,-1.3,73,98,1004.6
4,2025-01-19,-2.5,-1.4,-3.2,0.00,0.00,0.00,0.0,0.00,2.24,6.2,12.2,183,0.23,-4.1,89,94,82,0.342,0.335,0.308,-0.2,0.5,-1.3,3,99,1003.1
4,2025-01-20,-0.9,0.3,-2.5,1.10,0.00,0.77,7.0,2323.43,2.68,20.5,36.0,261,0.34,-2.5,89,93,85,0.340,0.335,0.308,0.2,0.5,-1.1,73,98,1000.2
4,2025-01-21,-6.2,-0.1,-10.7,0.10,0.00,0.07,1.0,28881.48,5.41,33.9,56.9,316,0.61,-10.0,75,86,68,0.337,0.334,0.308,-0.7,0.5,-1.0,71,62,1007.4
4,2025-01-22,-13.7,-10.8,-20.9,0.00,0.00,0.00,0.0,29286.82,6.09,28.5,48.2,338,0.45,-18.3,69,76,55,0.336,0.334,0.308,-5.7,0.5,-1.2,3,10,1028.2
4,2025-01-23,-18.8,-15.7,-23.4,0.00,0.00,0.00,0.0,21234.34,5.24,18.8,32.0,122,0.26,-22.5,73,81,66,0.336,0.333,0.309,-9.6,0.5,-1.9,3,78,1039.8
4,2025-01-24,-13.9,-11.6,-15.8,0.00,0.00,0.00,0.0,4747.81,3.90,19.6,34.2,133,0.31,-17.2,76,80,72,0.336,0.332,0.309,-9.5,0.4,-4.4,3,100,1029.5
4,2025-01-25,-10.2,-8.5,-12.7,0.00,0.00,0.00,0.0,1371.17,2.69,10.5,16.9,109,0.21,-12.3,84,88,78,0.336,0.331,0.309,-7.4,0.4,-5.6,3,85,1023.1
4,2025-01-26,-9.4,-7.7,-12.0,0.00,0.00,0.00,0.0,18091.93,4.10,9.5,18.0,280,0.25,-11.6,84,88,77,0.336,0.330,0.309,-6.4,0.3,-5.2,3,90,1025.1
4,2025-01-27,-3.0,0.6,-9.4,0.00,0.00,0.00,0.0,0.00,1.96,17.6,29.2,218,0.24,-4.1,92,95,85,0.336,0.330,0.310,-4.1,0.2,-4.2,3,98,1024.1
4,2025-01-28,0.6,1.0,0.0,0.10,0.00,0.07,1.0,850.73,2.23,22.7,38.9,235,0.28,-0.5,93,95,90,0.337,0.329,0.310,-1.1,0.2,-2.5,71,98,1020.8
4,2025-01-29,0.8,1.2,-0.2,0.30,0.00,0.21,3.0,0.00,2.43,16.6,28.4,253,0.28,-0.2,93,94,91,0.344,0.329,0.310,-0.2,0.2,-2.0,71,100,1022.5
4,2025-01-30,0.1,1.1,-0.7,0.20,0.10,0.07,2.0,0.00,2.56,18.5,29.9,236,0.31,-1.4,90,93,86,0.346,0.330,0.309,0.3,0.2,-1.7,71,96,1026.7
4,2025-01-31,1.0,2.0,0.2,0.20,0.10,0.07,2.0,0.00,1.50,13.8,24.8,230,0.25,-0.0,92,94,89,0.346,0.331,0.309,0.7,0.2,-1.4,71,94,1025.8
4,2025-02-01,0.9,2.4,-0.2,0.00,0.00,0.00,0.0,15135.91,3.08,9.8,17.6,230,0.30,-0.1,93,96,87,0.350,0.333,0.309,0.5,0.2,-1.2,3,89,1027.3
4,2025-02-02,-1.0,0.8,-2.9,0.00,0.00,0.00,0.0,1007.08,3.73,22.1,41.4,163,0.34,-2.3,91,96,85,0.347,0.335,0.310,0.3,0.2,-1.0,3,97,1025.1
4,2025-02-03,-1.9,-1.1,-3.2,0.90,0.00,0.63,9.0,0.00,2.00,17.4,31.0,154,0.28,-3.1,91,94,90,0.343,0.335,0.311,-0.8,0.2,-0.9,71,100,1021.0
4,2025-02-04,-2.6,-1.1,-4.5,0.80,0.00,0.56,8.0,182.99,2.62,18.2,32.4,112,0.37,-4.5,87,94,77,0.341,0.335,0.312,-1.8,0.2,-0.9,71,100,1023.2
4,2025-02-05,-6.2,-4.5,-7.4,0.00,0.00,0.00,0.0,30290.34,7.21,20.4,39.6,95,0.66,-10.5,72,84,59,0.340,0.334,0.312,-2.9,0.2,-0.9,3,95,1027.3
4,2025-02-06,-5.8,-3.0,-8.4,0.00,0.00,0.00,0.0,20338.14,5.07,23.4,41.4,92,0.62,-9.4,76,81,69,0.338,0.334,0.312,-3.8,0.2,-1.1,3,74,1033.9
4,2025-02-07,-4.8,-2.5,-7.9,0.00,0.00,0.00,0.0,30897.10,7.52,19.3,35.3,55,0.79,-9.7,70,82,48,0.337,0.334,0.312,-2.9,0.2,-1.2,3,39,1040.3
4,2025-02-08,-7.8,-2.6,-11.1,0.00,0.00,0.00,0.0,32263.49,8.04,19.4,34.9,20,0.64,-11.3,77,87,55,0.337,0.333,0.313,-4.8,0.1,-1.4,3,13,1039.7
4,2025-02-09,-8.1,-3.1,-11.2,0.00,0.00,0.00,0.0,30639.49,7.88,19.5,35.6,35,0.68,-12.2,74,86,51,0.339,0.334,0.315,-5.4,0.1,-1.7,3,41,1035.7
4,2025-02-10,-6.9,-2.0,-10.6,0.00,0.00,0.00,0.0,32765.14,8.04,12.8,26.3,68,0.62,-10.2,78,87,62,0.338,0.333,0.315,-5.0,0.1,-1.9,1,8,1032.3
4,2025-02-11,-6.9,-2.3,-10.1,0.00,0.00,0.00,0.0,32022.58,7.37,17.7,29.5,30,0.53,-9.3,83,92,65,0.337,0.333,0.316,-4.8,0.1,-2.1,3,81,1028.4
4,2025-02-12,-9.0,-6.0,-11.4,0.00,0.00,0.00,0.0,15628.69,5.45,17.1,29.5,1,0.42,-11.8,81,88,69,0.335,0.331,0.315,-5.9,0.1,-2.3,3,93,1026.1
4,2025-02-13,-9.3,-7.1,-11.7,0.00,0.00,0.00,0.0,13701.63,4.95,9.0,19.4,242,0.33,-11.3,86,92,79,0.333,0.330,0.318,-6.7,0.1,-2.8,3,68,1021.4
4,2025-02-14,-7.6,-6.0,-8.8,0.00,0.00,0.00,0.0,322.93,3.51,16.7,32.8,213,0.34,-10.0,83,89,76,0.335,0.330,0.318,-6.0,0.0,-3.4,3,94,1017.4
4,2025-02-15,-6.0,-1.7,-9.6,0.00,0.00,0.00,0.0,29972.97,7.91,27.2,47.2,193,0.70,-9.3,78,88,64,0.336,0.330,0.319,-5.5,-0.0,-3.6,3,85,1012.6
4,2025-02-16,-5.9,-1.7,-11.3,5.50,0.00,3.85,9.0,8481.61,5.14,31.3,51.8,220,0.50,-8.4,82,95,72,0.337,0.331,0.321,-4.4,-0.0,-2.8,75,100,1003.9
4,2025-02-17,-12.5,-8.2,-18.7,0.00,0.00,0.00,0.0,32839.95,9.28,21.0,34.9,247,0.49,-15.6,78,89,64,0.338,0.332,0.322,-8.4,-0.1,-4.0,3,42,1015.3
4,2025-02-18,-15.5,-9.8,-19.7,0.00,0.00,0.00,0.0,30205.82,8.34,12.0,19.8,263,0.39,-18.5,79,93,59,0.338,0.332,0.323,-11.4,-0.1,-6.4,3,40,1025.9
4,2025-02-19,-18.1,-11.7,-21.8,0.00,0.00,0.00,0.0,35248.86,8.84,11.6,18.0,145,0.38,-20.4,82,90,71,0.338,0.331,0.325,-14.0,-0.2,-8.8,3,28,1028.3
4,2025-02-20,-17.6,-10.4,-24.5,0.00,0.00,0.00,0.0,35647.09,10.58,14.2,24.1,37,0.48,-21.2,75,89,54,0.341,0.331,0.327,-13.2,-0.3,-9.3,1,11,1028.3
4,2025-02-21,-14.7,-9.2,-19.2,0.00,0.00,0.00,0.0,34246.71,10.35,25.0,42.5,26,0.56,-19.0,70,78,61,0.341,0.331,0.327,-11.9,-0.4,-8.9,3,43,1028.1
4,2025-02-22,-8.1,-5.6,-11.8,10.20,0.00,7.14,24.0,0.00,3.03,31.0,50.4,38,0.33,-9.8,87,90,75,0.341,0.331,0.327,-7.5,-0.4,-6.8,73,100,1018.5
4,2025-02-23,-6.9,-5.8,-11.6,5.00,0.00,3.50,22.0,0.00,5.56,23.6,40.7,76,0.37,-8.4,90,92,86,0.341,0.330,0.327,-6.1,-0.5,-4.4,73,100,1015.1
4,2025-02-24,-13.6,-9.4,-21.0,0.10,0.00,0.07,1.0,36000.00,10.10,16.3,27.7,108,0.42,-15.5,86,89,80,0.341,0.330,0.327,-7.7,-0.5,-4.2,71,76,1018.1
4,2025-02-25,-18.1,-11.9,-23.2,0.00,0.00,0.00,0.0,3475.05,8.31,17.6,25.9,29,0.31,-20.1,84,91,77,0.338,0.327,0.328,-7.3,-0.5,-4.8,3,87,1017.4
4,2025-02-26,-10.4,-7.6,-13.6,2.40,0.00,1.68,11.0,2184.47,7.60,20.0,33.5,43,0.48,-12.6,84,88,79,0.338,0.327,0.328,-6.8,-0.6,-4.7,73,100,1011.4
4,2025-02-27,-14.9,-10.4,-19.1,0.00,0.00,0.00,0.0,25200.00,10.00,17.8,25.6,64,0.40,-17.3,82,87,75,0.338,0.327,0.329,-8.2,-0.6,-4.6,3,98,1015.7
4,2025-02-28,-7.8,-4.5,-10.6,0.00,0.00,0.00,0.0,29496.81,10.02,15.8,27.7,41,0.60,-10.0,84,90,77,0.338,0.327,0.329,-5.2,-0.6,-4.3,3,88,1021.8
4,2025-03-01,-13.6,-7.7,-19.6,0.00,0.00,0.00,0.0,36842.70,12.83,14.1,22.0,16,0.58,-16.1,82,88,72,0.340,0.328,0.328,-5.7,-0.6,-3.9,0,1,1023.7
4,2025-03-02,-13.9,-5.6,-20.2,0.00,0.00,0.00,0.0,37529.05,12.86,12.8,20.5,4,0.66,-17.0,78,84,69,0.341,0.328,0.328,-4.8,-0.7,-3.8,3,19,1020.3
4,2025-03-03,-11.7,-5.9,-19.1,1.00,0.00,0.70,10.0,1363.30,8.63,18.2,27.0,205,0.44,-13.5,86,90,82,0.342,0.328,0.328,-4.1,-0.7,-3.6,71,94,1015.9
4,2025-03-04,-5.2,-2.5,-7.5,2.70,0.00,1.89,18.0,5491.02,8.35,25.3,43.9,192,0.52,-6.8,88,92,83,0.342,0.328,0.328,-3.9,-0.7,-3.0,73,99,1011.0
4,2025-03-05,-0.0,1.1,-2.6,5.40,0.20,3.64,18.0,0.00,6.80,26.1,42.5,201,0.55,-0.9,94,96,91,0.347,0.327,0.328,-2.8,-0.7,-2.7,73,100,996.6
4,2025-03-06,0.3,1.1,-0.7,1.80,0.00,1.26,9.0,0.00,6.92,18.5,30.6,261,0.59,-1.0,91,94,88,0.364,0.328,0.328,-1.5,-0.7,-2.5,73,92,996.5
4,2025-03-07,1.4,3.5,-0.6,2.60,0.60,1.40,7.0,299.04,4.59,26.6,43.6,273,0.50,-0.0,91,97,85,0.398,0.335,0.328,-1.8,-0.7,-2.2,73,98,998.6
4,2025-03-08,1.7,2.8,-0.5,0.00,0.00,0.00,0.0,25245.88,10.83,29.7,49.0,315,1.06,-1.1,82,90,76,0.438,0.375,0.328,-1.4,-0.7,-2.1,3,73,1007.8
4,2025-03-09,-2.4,2.1,-9.9,0.00,0.00,0.00,0.0,39154.75,14.38,25.8,41.8,245,1.04,-4.8,84,90,77,0.414,0.389,0.329,-1.1,-0.7,-1.9,0,3,1016.9
4,2025-03-10,1.1,3.4,-1.0,0.00,0.00,0.00,0.0,39271.34,14.03,23.6,39.6,240,1.13,-0.9,87,92,83,0.419,0.396,0.330,-0.5,-0.7,-1.8,3,24,1015.4
4,2025-03-11,-0.0,3.6,-3.7,0.00,0.00,0.00,0.0,27883.09,10.85,17.7,30.2,152,0.86,-1.1,92,99,83,0.423,0.412,0.333,0.0,-0.7,-1.6,3,91,1019.0
4,2025-03-12,2.6,4.6,0.9,0.00,0.00,0.00,0.0,1899.31,6.38,20.5,34.2,182,0.54,1.9,95,99,89,0.433,0.425,0.337,-0.4,-0.7,-1.4,3,89,1012.6
4,2025-03-13,5.8,11.7,3.3,2.70,2.70,0.00,4.0,26125.96,8.69,27.6,46.4,213,1.06,4.1,89,95,74,0.440,0.440,0.347,0.0,-0.7,-1.3,55,87,1008.9
4,2025-03-14,4.4,9.6,-0.4,0.00,0.00,0.00,0.0,21517.76,9.40,20.3,37.4,155,0.99,3.3,93,100,79,0.426,0.431,0.359,-0.7,-0.7,-1.1,3,94,1014.4
4,2025-03-15,9.2,15.1,5.1,0.00,0.00,0.00,0.0,37180.25,14.04,22.3,37.4,198,2.06,5.4,78,93,60,0.420,0.424,0.364,2.0,-0.7,-1.0,3,75,1010.4
4,2025-03-16,8.7,17.6,2.3,2.20,2.20,0.00,5.0,22858.66,8.73,26.0,48.6,205,1.54,6.1,85,99,58,0.414,0.419,0.367,3.3,-0.7,-0.7,61,94,1004.0
4,2025-03-17,7.1,11.8,4.3,3.40,3.40,0.00,15.0,2538.92,4.96,19.0,34.6,330,0.70,6.3,95,100,80,0.420,0.417,0.370,3.4,-0.7,-0.2,51,99,998.9
4,2025-03-18,3.9,5.6,2.5,3.20,3.20,0.00,11.0,8932.78,7.91,15.4,30.6,2,0.84,2.7,92,99,82,0.417,0.417,0.374,2.5,-0.7,0.1,53,99,1002.3
4,2025-03-19,3.9,7.9,1.3,0.00,0.00,0.00,0.0,32795.32,12.51,17.5,31.7,346,1.44,0.5,80,94,60,0.411,0.413,0.378,2.8,-0.7,0.5,3,99,1007.6
4,2025-03-20,3.3,7.8,-1.4,0.00,0.00,0.00,0.0,36816.75,15.84,21.5,39.6,289,1.89,-2.2,69,88,44,0.397,0.406,0.381,2.7,-0.7,1.0,3,59,1015.5
4,2025-03-21,4.3,9.5,-1.6,0.00,0.00,0.00,0.0,42270.28,15.42,10.1,16.9,290,2.03,-2.6,65,95,33,0.391,0.400,0.382,4.1,-0.7,2.1,3,50,1023.1
4,2025-03-22,4.1,9.5,-0.8,0.10,0.10,0.00,1.0,41006.74,11.85,9.5,17.6,186,1.55,-1.2,70,90,45,0.385,0.393,0.383,3.2,-0.6,1.9,51,51,1022.9
4,2025-03-23,3.0,7.9,-1.3,0.00,0.00,0.00,0.0,42470.60,16.02,17.9,34.9,27,1.95,-2.8,69,94,41,0.381,0.389,0.383,3.2,-0.6,1.7,2,16,1026.4
4,2025-03-24,2.2,10.1,-5.5,0.00,0.00,0.00,0.0,42883.51,17.77,15.9,31.7,15,2.40,-6.6,56,81,30,0.375,0.385,0.384,2.3,-0.6,1.5,0,0,1028.8
4,2025-03-25,4.6,12.7,-2.5,0.00,0.00,0.00,0.0,42915.55,17.20,15.6,30.2,112,2.38,-1.7,67,89,41,0.369,0.380,0.382,3.8,-0.5,2.0,0,0,1028.2
4,2025-03-26,4.5,10.9,-1.3,0.00,0.00,0.00,0.0,43314.40,18.03,20.7,41.0,145,2.60,-3.7,58,79,33,0.364,0.375,0.381,4.1,-0.5,2.9,2,6,1024.7
4,2025-03-27,4.9,12.5,-1.6,0.00,0.00,0.00,0.0,43347.00,16.61,13.6,27.4,127,2.45,-2.9,61,84,33,0.357,0.370,0.379,4.2,-0.5,2.8,3,69,1020.4
4,2025-03-28,5.3,12.6,-2.6,0.00,0.00,0.00,0.0,40901.82,14.62,10.0,20.5,93,2.21,-2.6,62,88,30,0.350,0.364,0.376,4.2,-0.4,3.0,3,42,1018.4
4,2025-03-29,5.4,13.5,-2.1,0.00,0.00,0.00,0.0,43413.20,17.28,10.3,19.1,67,2.40,-2.4,61,86,31,0.345,0.358,0.375,4.8,-0.4,3.5,3,43,1017.4
4,2025-03-30,6.1,12.0,0.3,1.90,1.90,0.00,13.0,5141.47,5.26,11.6,19.8,69,1.05,2.1,76,88,52,0.346,0.354,0.373,4.1,-0.4,3.4,51,93,1017.5
4,2025-03-31,11.3,17.1,6.8,0.60,0.60,0.00,4.0,42588.17,13.08,22.0,41.0,70,2.25,7.6,80,98,59,0.360,0.354,0.372,8.1,-0.3,4.5,51,86,1015.6
4,2025-04-01,14.2,22.2,7.8,0.30,0.30,0.00,1.0,44822.31,17.78,22.0,42.1,85,4.11,4.1,58,89,21,0.354,0.351,0.369,10.7,-0.2,6.8,51,31,1014.1
4,2025-04-02,11.1,12.8,9.3,1.30,1.30,0.00,9.0,5579.19,3.53,23.0,39.6,113,1.23,6.9,77,94,45,0.347,0.347,0.367,9.1,-0.2,7.3,51,88,1005.6
4,2025-04-03,12.5,17.6,7.6,0.20,0.20,0.00,2.0,39781.01,14.46,14.5,32.4,312,2.64,7.0,72,91,45,0.351,0.347,0.366,10.2,-0.1,7.3,51,70,1002.3
4,2025-04-04,8.3,14.7,1.8,0.00,0.00,0.00,0.0,46245.98,19.90,14.6,27.7,308,3.24,-1.2,55,76,29,0.339,0.343,0.363,8.0,0.0,6.6,3,20,1005.5
4,2025-04-05,12.8,20.9,5.5,0.00,0.00,0.00,0.0,46380.43,18.18,26.4,52.6,216,3.95,4.3,60,80,34,0.329,0.337,0.361,9.6,0.1,6.7,2,28,1001.2
4,2025-04-06,13.5,20.2,7.9,0.00,0.00,0.00,0.0,43012.11,16.84,13.5,26.6,195,2.84,8.8,75,92,48,0.324,0.332,0.359,11.2,0.2,8.1,3,73,1001.5
4,2025-04-07,13.4,18.8,9.1,0.10,0.10,0.00,1.0,38090.44,13.71,19.4,37.1,275,2.47,8.6,76,95,48,0.319,0.330,0.358,11.2,0.3,8.5,51,69,1004.9
4,2025-04-08,12.8,19.6,4.6,0.80,0.80,0.00,4.0,46781.93,15.98,24.3,47.9,180,3.04,7.5,73,97,47,0.316,0.327,0.357,10.2,0.5,7.9,53,39,1008.6
4,2025-04-09,5.7,12.9,2.1,3.90,3.90,0.00,7.0,29216.34,13.23,23.7,47.5,292,1.82,0.2,70,94,46,0.351,0.328,0.356,7.3,0.7,7.3,53,96,1010.8
4,2025-04-10,3.0,5.8,0.8,4.30,1.40,2.03,11.0,21388.34,11.98,19.2,36.4,5,1.33,-0.5,79,95,58,0.356,0.331,0.356,4.5,0.9,4.5,73,95,1005.9
4,2025-04-11,4.4,8.7,-0.2,0.90,0.90,0.00,7.0,46397.97,16.16,12.2,21.6,307,1.90,0.6,78,99,54,0.359,0.338,0.357,4.5,1.0,3.3,51,78,1006.1
4,2025-04-12,5.5,12.1,-0.6,0.20,0.20,0.00,2.0,45471.58,17.20,17.1,34.2,245,2.44,-0.7,70,100,35,0.353,0.341,0.357,5.2,1.1,3.9,51,51,1010.7
4,2025-04-13,7.4,14.3,-0.3,0.00,0.00,0.00,0.0,41520.83,16.48,14.9,29.9,225,2.82,-0.6,60,84,35,0.341,0.340,0.356,5.8,1.5,4.5,3,57,1014.1
4,2025-04-14,8.3,11.9,3.3,0.20,0.20,0.00,2.0,44550.27,14.36,17.5,38.5,296,2.25,2.3,67,80,47,0.333,0.337,0.355,7.6,2.0,5.8,51,45,1020.2
4,2025-04-15,7.2,15.3,-1.9,0.00,0.00,0.00,0.0,46800.00,22.21,10.6,15.5,352,3.28,-1.8,58,88,27,0.326,0.333,0.353,6.8,2.5,5.6,0,0,1028.0
4,2025-04-16,11.3,20.6,2.1,0.00,0.00,0.00,0.0,46800.00,22.00,18.2,35.3,259,4.10,0.9,52,75,28,0.315,0.325,0.350,9.0,3.0,6.7,2,9,1024.1
4,2025-04-17,13.3,21.9,4.9,0.00,0.00,0.00,0.0,47069.87,22.88,12.1,26.6,328,4.28,1.8,52,82,20,0.300,0.314,0.343,11.4,3.6,8.8,0,3,1022.5
4,2025-04-18,16.3,24.1,8.4,0.00,0.00,0.00,0.0,43307.46,18.74,17.7,30.6,274,4.50,3.6,48,77,21,0.285,0.300,0.335,13.3,4.4,10.1,3,91,1017.9
4,2025-04-19,17.1,25.8,7.8,0.00,0.00,0.00,0.0,46977.85,21.12,16.6,29.5,270,4.84,5.4,51,80,26,0.271,0.288,0.328,14.5,5.2,11.4,2,13,1015.9
4,2025-04-20,18.5,25.8,11.2,0.00,0.00,0.00,0.0,47314.63,20.55,17.8,35.3,243,5.31,5.1,44,64,25,0.257,0.278,0.323,15.7,6.0,12.8,1,9,1015.3
4,2025-04-21,17.7,25.7,8.5,0.00,0.00,0.00,0.0,46885.74,20.69,17.5,28.1,229,4.93,4.8,46,74,24,0.247,0.270,0.317,15.7,6.8,13.3,3,18,1017.5
4,2025-04-22,17.6,25.6,10.4,0.10,0.10,0.00,1.0,34088.26,19.08,14.7,33.5,175,4.40,6.8,52,74,28,0.238,0.265,0.314,15.4,7.5,13.5,51,49,1017.4
4,2025-04-23,17.9,23.9,12.7,1.10,1.10,0.00,3.0,33677.13,16.25,20.1,31.7,97,3.81,10.1,64,94,36,0.241,0.262,0.313,16.1,8.1,13.9,53,77,1013.6
4,2025-04-24,19.1,25.4,14.6,0.90,0.90,0.00,5.0,40236.45,16.92,16.0,35.6,119,4.13,9.9,56,72,38,0.246,0.259,0.310,17.0,8.6,14.5,51,79,1006.0
4,2025-04-25,16.5,19.5,12.7,0.60,0.60,0.00,5.0,42194.51,13.71,15.5,27.7,165,2.61,11.9,75,89,62,0.248,0.257,0.309,16.2,9.2,14.8,51,86,1000.2
4,2025-04-26,15.5,21.9,10.0,0.20,0.20,0.00,2.0,37643.21,16.81,8.0,18.4,325,2.88,11.7,80,100,53,0.246,0.255,0.308,15.8,9.5,14.2,51,82,999.3
4,2025-04-27,12.1,16.7,5.8,2.00,2.00,0.00,6.0,41527.05,15.35,23.3,43.9,318,2.24,9.3,84,97,70,0.249,0.254,0.307,13.6,9.8,14.0,53,71,998.9
4,2025-04-28,3.7,5.7,0.9,0.80,0.80,0.00,6.0,46150.51,21.66,30.0,60.1,288,2.23,-1.3,71,94,54,0.264,0.258,0.310,8.3,9.8,10.8,51,77,1008.8
4,2025-04-29,5.9,13.2,-1.2,0.00,0.00,0.00,0.0,50336.37,22.72,21.4,40.0,264,3.72,-5.9,46,69,23,0.261,0.258,0.310,7.2,9.3,8.4,3,21,1019.8
4,2025-04-30,9.8,16.2,2.5,0.00,0.00,0.00,0.0,45498.05,23.43,30.6,58.0,207,4.64,-3.2,43,62,26,0.257,0.258,0.310,9.4,8.8,9.1,3,39,1018.4
4,2025-05-01,14.0,19.5,9.1,0.00,0.00,0.00,0.0,48980.21,21.01,20.3,44.3,219,4.29,4.2,53,68,40,0.251,0.255,0.308,13.0,8.6,10.9,3,48,1014.4
4,2025-05-02,13.6,18.2,8.1,0.00,0.00,0.00,0.0,24958.85,13.59,25.3,46.1,168,3.31,5.7,60,75,45,0.249,0.255,0.308,12.5,8.8,11.9,3,87,1013.4
4,2025-05-03,13.6,16.7,7.5,0.80,0.80,0.00,5.0,40743.23,21.00,22.5,43.6,290,3.61,6.9,66,93,39,0.248,0.256,0.309,13.9,9.0,12.6,51,51,1004.6
4,2025-05-04,13.1,21.9,2.7,0.00,0.00,0.00,0.0,52304.92,24.80,22.8,43.6,223,5.13,1.8,53,87,25,0.243,0.253,0.308,12.4,9.1,11.9,0,0,1011.0
4,2025-05-05,16.5,23.3,8.0,0.00,0.00,0.00,0.0,46366.85,24.08,19.8,38.9,198,5.55,2.1,41,61,22,0.230,0.246,0.303,15.0,9.3,13.2,3,46,1010.6
4,2025-05-06,17.7,25.2,10.3,0.40,0.40,0.00,3.0,52561.60,24.78,16.6,27.0,310,4.73,8.8,61,94,30,0.225,0.238,0.298,17.2,9.7,14.6,51,22,1006.0
4,2025-05-07,16.5,22.1,10.6,0.00,0.00,0.00,0.0,53104.15,25.06,19.1,33.8,6,5.14,4.9,50,77,26,0.214,0.231,0.293,16.8,10.1,15.5,0,1,1006.6
4,2025-05-08,17.1,25.2,7.8,0.30,0.30,0.00,3.0,46271.00,21.81,20.6,36.7,227,4.65,7.2,55,79,33,0.208,0.226,0.290,16.8,10.5,15.2,51,36,1002.0
4,2025-05-09,14.5,17.0,11.3,0.10,0.10,0.00,1.0,22581.40,12.13,18.5,36.0,304,2.25,10.7,79,95,56,0.209,0.225,0.289,15.7,10.9,15.5,51,86,1003.8
4,2025-05-10,14.1,20.5,5.6,0.50,0.50,0.00,2.0,34945.15,15.43,21.2,36.4,180,3.45,6.5,63,88,42,0.209,0.224,0.288,13.9,11.1,14.1,51,93,1008.6
4,2025-05-11,13.6,16.5,10.2,3.10,3.10,0.00,8.0,17132.55,12.10,14.5,37.4,268,2.42,7.2,67,91,40,0.238,0.224,0.288,14.4,11.1,13.9,53,100,1009.4
4,2025-05-12,15.1,21.1,8.2,0.00,0.00,0.00,0.0,44642.51,22.60,17.3,35.3,32,4.53,4.5,53,78,30,0.244,0.225,0.288,14.6,11.1,13.3,3,89,1007.9
4,2025-05-13,17.6,24.4,9.8,0.00,0.00,0.00,0.0,53626.45,25.16,11.4,26.3,16,4.76,8.0,56,78,34,0.232,0.219,0.284,17.0,11.1,14.8,3,37,1003.1
4,2025-05-14,15.7,18.1,13.6,9.10,9.10,0.00,11.0,12088.11,8.69,21.1,40.3,354,1.60,13.3,86,98,61,0.280,0.217,0.280,16.0,11.4,15.6,61,82,998.0
4,2025-05-15,15.0,20.7,8.7,0.00,0.00,0.00,0.0,50124.14,20.95,16.0,29.5,254,3.93,7.3,65,95,33,0.321,0.226,0.280,15.3,11.6,14.5,3,44,1010.3
4,2025-05-16,15.8,22.7,6.5,0.00,0.00,0.00,0.0,52089.56,25.23,13.8,26.6,334,4.98,4.9,56,94,26,0.290,0.230,0.280,15.4,11.6,14.5,3,60,1015.7
4,2025-05-17,17.2,24.8,8.1,0.00,0.00,0.00,0.0,54000.00,24.87,13.1,25.9,356,5.21,4.8,49,78,23,0.265,0.226,0.277,16.5,11.7,15.2,3,22,1014.9
4,2025-05-18,18.9,25.6,9.9,0.00,0.00,0.00,0.0,52419.30,22.04,11.2,22.7,129,4.80,7.3,51,83,27,0.247,0.220,0.272,17.5,11.9,15.9,3,80,1013.6
4,2025-05-19,18.6,23.0,15.0,3.20,3.20,0.00,5.0,0.00,7.78,23.0,43.2,167,2.97,10.5,60,89,46,0.240,0.217,0.270,17.5,12.2,16.4,55,99,1007.3
4,2025-05-20,16.8,21.9,11.2,1.30,1.30,0.00,5.0,48194.72,20.49,33.9,67.7,238,4.47,9.5,66,98,40,0.276,0.219,0.271,16.5,12.4,15.6,53,52,1001.2
4,2025-05-21,16.3,21.7,11.2,2.70,2.70,0.00,2.0,51997.84,20.42,27.8,51.8,212,4.33,8.0,60,79,33,0.268,0.223,0.273,16.2,12.5,15.7,61,56,1004.3
4,2025-05-22,16.6,23.4,9.6,1.10,1.10,0.00,6.0,50167.28,22.93,18.9,41.0,286,4.58,8.6,63,87,35,0.272,0.225,0.274,16.5,12.6,15.5,51,37,1005.5
4,2025-05-23,17.3,22.0,12.0,0.00,0.00,0.00,0.0,54000.00,27.00,18.4,37.4,358,5.33,7.0,56,91,31,0.256,0.224,0.272,17.5,12.7,16.3,2,18,1012.5
4,2025-05-24,16.7,23.3,8.6,0.00,0.00,0.00,0.0,45574.74,21.89,16.8,31.3,12,4.92,5.3,50,77,30,0.240,0.218,0.268,16.8,12.9,16.1,3,44,1016.0
4,2025-05-25,16.8,22.4,9.1,0.00,0.00,0.00,0.0,54000.00,27.01,16.6,34.9,22,5.63,3.6,48,85,21,0.226,0.212,0.264,17.4,13.0,16.4,3,24,1018.1
4,2025-05-26,16.4,24.0,6.5,0.00,0.00,0.00,0.0,54000.00,27.97,13.8,30.6,65,5.57,2.6,43,68,23,0.213,0.206,0.260,16.9,13.1,16.3,1,2,1023.7
4,2025-05-27,18.7,26.9,7.8,0.00,0.00,0.00,0.0,54000.00,27.50,15.3,30.6,95,5.98,5.6,47,81,25,0.201,0.198,0.255,18.1,13.3,16.8,0,0,1024.0
4,2025-05-28,21.6,29.9,10.6,0.00,0.00,0.00,0.0,54000.00,27.38,12.5,28.1,81,6.28,7.8,46,78,22,0.193,0.191,0.249,20.3,13.5,18.2,1,3,1021.6
4,2025-05-29,23.5,31.2,14.7,0.00,0.00,0.00,0.0,54000.00,27.58,15.7,33.1,83,6.97,8.5,42,63,23,0.184,0.183,0.242,22.2,13.9,19.8,2,20,1017.7
4,2025-05-30,24.9,32.7,15.4,0.00,0.00,0.00,0.0,54000.00,22.63,14.8,30.2,103,6.55,9.1,40,64,21,0.179,0.179,0.238,22.9,14.5,20.7,2,30,1013.7
4,2025-05-31,27.2,33.6,20.0,0.00,0.00,0.00,0.0,52381.10,22.34,15.8,33.5,132,6.80,9.5,35,55,20,0.177,0.178,0.236,24.9,15.1,22.0,3,51,1011.6
4,2025-06-01,26.0,32.7,20.5,0.30,0.30,0.00,1.0,42887.67,18.46,34.2,58.7,170,7.09,8.9,35,49,19,0.178,0.180,0.237,24.4,15.7,22.7,51,86,1006.0
4,2025-06-02,21.5,26.5,16.7,0.90,0.90,0.00,3.0,53389.69,24.15,23.3,49.7,278,6.24,9.8,50,70,29,0.182,0.180,0.236,22.4,16.2,21.9,53,20,1003.2
4,2025-06-03,18.0,24.7,9.7,0.00,0.00,0.00,0.0,54000.00,23.34,30.8,58.3,306,5.91,5.6,46,68,28,0.185,0.182,0.237,19.4,16.4,20.1,3,20,1005.3
4,2025-06-04,20.6,29.5,8.7,0.00,0.00,0.00,0.0,45803.75,23.48,19.3,31.3,232,5.87,9.2,53,87,30,0.184,0.184,0.238,20.2,16.4,19.4,3,58,1005.0
4,2025-06-05,23.4,27.7,19.0,0.40,0.40,0.00,1.0,54000.00,22.50,22.0,38.2,214,5.77,11.3,47,70,38,0.188,0.189,0.241,23.1,16.5,21.6,51,23,999.8
4,2025-06-06,21.6,27.4,16.0,0.00,0.00,0.00,0.0,54000.00,25.84,28.5,54.0,29,6.86,10.5,52,81,31,0.184,0.189,0.241,22.3,16.8,21.5,1,10,1005.8
4,2025-06-07,22.3,29.2,14.5,0.00,0.00,0.00,0.0,54000.00,26.40,19.2,34.6,22,6.46,10.1,48,65,33,0.180,0.188,0.241,22.6,17.0,21.4,2,9,1010.0
4,2025-06-08,24.5,31.1,15.1,0.00,0.00,0.00,0.0,54118.10,24.70,11.4,20.9,77,5.84,11.0,47,80,25,0.170,0.181,0.234,24.6,17.3,22.5,3,27,1011.6
4,2025-06-09,25.1,31.6,16.9,0.00,0.00,0.00,0.0,54096.74,28.13,13.8,30.2,119,6.90,9.3,42,78,18,0.161,0.173,0.228,25.4,17.6,23.5,3,21,1013.5
4,2025-06-10,24.7,32.3,14.3,0.00,0.00,0.00,0.0,54076.58,27.87,13.5,29.5,101,6.89,6.9,36,59,17,0.159,0.170,0.223,25.1,18.0,23.7,3,33,1010.7
4,2025-06-11,26.1,33.3,15.6,0.00,0.00,0.00,0.0,54057.64,27.26,8.6,23.0,71,6.09,7.9,35,65,17,0.160,0.169,0.221,26.0,18.4,24.2,3,25,1005.5
4,2025-06-12,27.3,36.0,17.2,0.10,0.10,0.00,1.0,52504.81,26.18,18.3,28.1,174,7.30,9.0,35,62,15,0.161,0.169,0.218,26.7,18.8,25.0,51,15,1004.4
4,2025-06-13,25.0,30.6,19.0,0.20,0.20,0.00,2.0,43223.69,21.26,14.9,38.2,237,5.50,12.3,48,73,29,0.163,0.171,0.219,26.1,19.2,25.0,51,63,1005.5
4,2025-06-14,25.6,30.5,20.4,0.00,0.00,0.00,0.0,53962.94,26.80,20.0,40.7,214,7.27,9.4,40,63,20,0.166,0.172,0.221,26.1,19.4,24.8,2,17,1004.8
4,2025-06-15,17.4,20.3,15.1,12.20,12.20,0.00,10.0,1908.19,5.19,15.5,29.2,292,1.38,13.3,78,96,49,0.228,0.173,0.220,19.7,19.6,22.7,61,84,1003.2
4,2025-06-16,20.2,26.8,12.1,0.10,0.10,0.00,1.0,54000.00,23.01,11.9,31.3,186,4.57,13.6,70,100,42,0.287,0.181,0.224,20.3,19.3,20.0,51,63,1001.0
4,2025-06-17,20.6,27.6,14.4,1.00,1.00,0.00,2.0,46624.78,23.84,11.8,24.5,282,4.70,13.3,66,90,34,0.266,0.188,0.227,21.7,19.0,21.1,53,53,998.5
4,2025-06-18,18.4,22.5,14.4,0.90,0.90,0.00,8.0,44991.59,19.76,15.6,32.8,316,3.60,14.1,77,96,59,0.255,0.191,0.229,20.6,18.9,20.9,51,65,997.6
4,2025-06-19,18.8,24.5,11.6,0.00,0.00,0.00,0.0,44186.94,22.24,17.0,32.8,256,4.76,10.4,64,96,33,0.246,0.196,0.233,20.2,18.6,20.3,3,39,994.3
4,2025-06-20,18.0,23.0,14.1,2.10,2.10,0.00,12.0,45213.29,18.58,30.1,58.7,260,3.94,12.1,71,94,40,0.243,0.199,0.235,19.5,18.5,19.9,53,57,992.6
4,2025-06-21,17.3,21.9,12.6,0.90,0.90,0.00,5.0,47886.43,22.18,29.8,55.1,250,4.82,9.1,61,85,39,0.252,0.200,0.235,18.5,18.2,18.9,53,45,997.0
4,2025-06-22,16.7,20.6,13.2,7.00,7.00,0.00,10.0,34388.90,15.69,21.1,41.8,263,3.14,12.2,75,92,59,0.260,0.202,0.237,18.1,17.9,18.8,63,84,1000.1
4,2025-06-23,18.6,23.2,13.3,0.00,0.00,0.00,0.0,49017.24,18.99,14.6,25.6,319,3.78,11.1,65,93,39,0.297,0.206,0.236,19.2,17.7,18.7,3,54,1004.6
4,2025-06-24,20.0,25.3,13.9,0.30,0.30,0.00,2.0,52443.89,22.45,9.4,23.0,78,4.47,11.4,60,83,39,0.270,0.206,0.235,20.3,17.6,19.3,51,65,1004.9
4,2025-06-25,21.4,28.2,12.3,0.00,0.00,0.00,0.0,54379.92,26.27,15.9,32.4,173,5.79,9.9,53,88,27,0.246,0.202,0.231,21.2,17.6,20.3,2,22,1004.4
4,2025-06-26,20.4,24.9,15.8,3.90,3.90,0.00,11.0,41016.25,20.46,19.5,38.2,226,4.32,13.1,65,94,41,0.255,0.199,0.229,21.2,17.7,20.9,55,74,999.1
4,2025-06-27,17.5,20.8,14.8,12.90,12.90,0.00,24.0,35511.89,14.16,25.0,54.0,215,2.65,14.3,82,97,53,0.307,0.205,0.231,19.4,17.8,20.0,63,88,990.0
4,2025-06-28,16.9,19.5,14.4,2.70,2.70,0.00,12.0,15581.58,12.31,30.8,57.2,309,2.67,13.0,79,97,61,0.349,0.226,0.233,17.9,17.7,18.2,53,95,994.0
4,2025-06-29,17.6,22.1,12.2,0.00,0.00,0.00,0.0,41819.56,18.79,15.7,31.0,309,3.91,10.2,64,86,41,0.311,0.237,0.236,18.0,17.4,18.0,3,78,999.9
4,2025-06-30,21.1,27.0,15.6,0.00,0.00,0.00,0.0,43719.95,18.30,28.9,59.0,195,5.13,12.0,58,78,38,0.284,0.236,0.235,19.9,17.3,18.5,3,68,995.5
4,2025-07-01,19.3,24.6,15.9,3.90,3.90,0.00,8.0,48133.37,21.12,20.1,41.4,209,4.36,12.8,69,90,40,0.295,0.237,0.236,20.0,17.3,19.6,55,57,995.8
4,2025-07-02,18.7,23.6,12.4,0.10,0.10,0.00,1.0,54000.00,21.19,26.1,48.2,223,4.88,10.1,60,86,39,0.295,0.241,0.239,18.7,17.3,19.0,51,30,999.4
4,2025-07-03,20.1,25.1,14.4,0.10,0.10,0.00,1.0,54860.34,21.76,19.9,38.5,255,4.96,11.1,59,81,39,0.270,0.237,0.238,20.0,17.4,19.3,51,32,1002.8
4,2025-07-04,21.9,28.2,14.7,0.10,0.10,0.00,1.0,52438.10,22.65,23.8,47.5,290,5.41,13.1,60,86,39,0.250,0.231,0.235,21.0,17.4,19.8,51,13,1005.1
4,2025-07-05,24.2,31.5,15.6,0.00,0.00,0.00,0.0,54879.87,27.67,16.8,27.4,261,6.35,13.9,56,81,31,0.230,0.222,0.230,23.3,17.6,21.2,2,4,1005.5
4,2025-07-06,21.9,25.6,17.8,0.00,0.00,0.00,0.0,47691.68,26.82,20.4,39.6,346,6.00,12.0,58,94,33,0.213,0.215,0.227,23.3,18.0,22.4,3,22,1007.4
4,2025-07-07,20.1,27.0,11.2,0.00,0.00,0.00,0.0,48313.93,23.35,13.5,25.6,345,5.22,8.9,53,83,28,0.204,0.211,0.226,21.2,18.3,21.4,3,39,1011.6
4,2025-07-08,23.0,30.6,13.0,0.00,0.00,0.00,0.0,54919.19,26.66,8.7,21.6,322,5.71,11.2,52,85,28,0.190,0.203,0.222,22.7,18.5,21.6,3,24,1012.3
4,2025-07-09,25.8,33.0,16.5,0.00,0.00,0.00,0.0,54934.81,28.02,10.3,16.2,69,6.07,12.2,47,77,24,0.178,0.191,0.215,25.4,18.8,23.2,0,0,1013.1
4,2025-07-10,28.0,35.6,17.9,0.00,0.00,0.00,0.0,54951.65,27.75,10.1,18.0,67,6.44,12.7,43,71,23,0.171,0.182,0.209,27.3,19.2,24.9,0,0,1012.9
4,2025-07-11,29.9,36.8,21.0,0.00,0.00,0.00,0.0,54526.99,24.70,11.2,21.6,47,6.41,14.3,42,69,24,0.166,0.176,0.204,29.3,19.9,26.6,1,14,1012.9
4,2025-07-12,29.5,35.6,22.2,0.00,0.00,0.00,0.0,54547.38,24.85,17.4,24.1,38,6.72,16.0,46,70,29,0.168,0.175,0.203,29.9,20.6,27.6,1,17,1013.0
4,2025-07-13,26.4,31.8,21.2,0.00,0.00,0.00,0.0,54568.96,27.15,15.1,30.2,29,6.89,12.9,47,78,24,0.171,0.179,0.206,28.5,21.2,27.7,3,49,1012.5
4,2025-07-14,23.1,26.5,18.4,0.30,0.30,0.00,2.0,48946.74,17.52,11.0,24.8,348,4.02,13.9,57,76,45,0.181,0.188,0.214,25.5,21.6,26.1,51,57,1008.5
4,2025-07-15,24.3,31.1,16.0,0.00,0.00,0.00,0.0,54177.60,26.93,9.9,18.7,11,5.57,13.1,55,84,29,0.182,0.189,0.216,25.8,21.7,24.9,0,0,1003.2
4,2025-07-16,25.6,32.6,18.4,0.70,0.70,0.00,1.0,54000.00,21.35,14.7,30.2,41,5.44,13.1,49,70,27,0.183,0.189,0.217,26.2,21.8,25.5,53,33,999.9
4,2025-07-17,25.3,31.8,18.5,0.00,0.00,0.00,0.0,49274.65,24.51,16.9,24.8,21,5.83,15.0,55,76,34,0.196,0.192,0.220,26.5,22.0,25.7,3,70,1001.4
4,2025-07-18,25.1,31.0,18.0,0.00,0.00,0.00,0.0,52278.13,22.93,17.5,28.4,357,5.73,15.2,58,92,36,0.193,0.192,0.221,26.2,22.2,26.1,3,47,1004.3
4,2025-07-19,23.0,28.5,16.9,0.00,0.00,0.00,0.0,54289.67,27.91,16.9,36.0,43,6.65,9.4,46,76,25,0.190,0.194,0.223,25.1,22.3,25.4,3,12,1011.7
4,2025-07-20,24.3,33.0,14.3,0.00,0.00,0.00,0.0,54000.00,26.75,13.5,27.4,82,6.88,7.9,38,60,20,0.183,0.191,0.222,24.7,22.3,24.6,3,34,1011.1
4,2025-07-21,27.6,34.2,22.1,0.50,0.50,0.00,3.0,30148.44,14.60,24.5,48.6,146,6.84,9.5,34,48,19,0.182,0.191,0.222,25.9,22.3,25.2,51,92,1006.0
4,2025-07-22,25.9,30.6,20.0,0.70,0.70,0.00,3.0,27653.48,16.06,17.3,35.3,222,4.59,15.2,52,69,41,0.189,0.195,0.226,25.8,22.4,25.6,51,93,1003.1
4,2025-07-23,25.2,31.7,18.0,0.20,0.20,0.00,1.0,54000.00,20.94,16.8,34.2,250,5.32,15.8,59,87,36,0.191,0.200,0.231,25.4,22.4,25.2,51,39,999.1
4,2025-07-24,23.7,28.7,19.7,5.20,5.20,0.00,6.0,49344.85,20.03,16.9,34.2,277,4.60,16.8,67,88,46,0.197,0.197,0.230,25.5,22.5,25.4,63,49,994.9
4,2025-07-25,22.6,26.3,18.9,5.60,5.60,0.00,10.0,49527.68,18.89,19.1,41.0,342,4.16,17.5,74,93,53,0.247,0.197,0.230,24.2,22.5,24.7,63,63,996.0
4,2025-07-26,20.5,24.2,16.9,0.00,0.00,0.00,0.0,54000.00,26.73,23.9,44.6,349,6.17,9.7,53,78,32,0.251,0.202,0.234,22.8,22.4,23.7,1,7,1002.4
4,2025-07-27,18.9,25.0,11.9,0.00,0.00,0.00,0.0,35943.81,16.76,22.8,44.3,342,4.79,7.6,51,73,32,0.233,0.202,0.235,20.2,22.1,22.0,3,29,1004.9
4,2025-07-28,21.4,27.2,14.8,0.00,0.00,0.00,0.0,28956.19,15.15,23.9,45.4,343,5.12,10.0,50,71,33,0.220,0.199,0.233,21.2,21.7,21.5,3,63,1003.1
4,2025-07-29,23.7,29.0,17.1,0.00,0.00,0.00,0.0,53151.22,21.58,21.3,40.7,353,6.07,12.6,51,67,37,0.206,0.194,0.229,23.5,21.5,22.6,2,27,1002.3
4,2025-07-30,25.0,31.3,18.4,0.00,0.00,0.00,0.0,53624.41,23.08,19.0,44.6,8,6.21,13.6,53,78,29,0.191,0.187,0.224,25.0,21.5,24.0,1,16,1003.8
4,2025-07-31,24.6,30.7,17.5,0.00,0.00,0.00,0.0,53733.64,25.77,14.4,31.7,25,6.43,10.7,45,70,25,0.181,0.182,0.220,25.5,21.6,24.7,2,18,1005.7
4,2025-08-01,24.7,31.7,16.3,0.00,0.00,0.00,0.0,53646.32,25.53,11.6,21.2,52,5.62,11.7,47,72,28,0.173,0.177,0.217,26.1,21.8,25.1,1,5,1007.7
4,2025-08-02,25.6,30.6,18.2,0.10,0.10,0.00,1.0,52894.77,19.95,9.2,20.9,80,4.48,13.8,50,74,33,0.172,0.181,0.219,26.2,22.1,25.5,51,47,1009.9
4,2025-08-03,27.0,34.4,19.5,0.00,0.00,0.00,0.0,52520.35,24.15,8.7,19.4,46,5.50,14.7,51,77,27,0.175,0.187,0.224,27.1,22.3,25.8,3,23,1012.1
4,2025-08-04,28.3,36.2,19.6,0.00,0.00,0.00,0.0,48066.45,23.14,14.0,30.6,106,6.14,14.3,46,72,24,0.172,0.186,0.224,27.7,22.6,26.6,3,50,1011.9
4,2025-08-05,28.9,34.3,24.5,0.10,0.10,0.00,1.0,32634.58,13.34,34.2,58.3,178,6.80,14.3,43,65,26,0.172,0.186,0.224,28.0,22.9,27.2,51,71,1008.2
4,2025-08-06,26.2,31.1,20.8,0.00,0.00,0.00,0.0,43351.92,15.16,26.6,47.2,259,5.43,15.2,52,74,32,0.174,0.186,0.224,26.7,23.2,26.8,3,38,1004.1
4,2025-08-07,26.0,31.5,20.3,0.20,0.20,0.00,2.0,51452.52,19.43,18.7,37.8,308,5.39,16.9,59,79,41,0.169,0.181,0.220,26.8,23.3,26.1,51,20,1004.7
4,2025-08-08,26.6,32.9,20.4,0.00,0.00,0.00,0.0,49950.89,22.46,20.6,40.7,317,6.56,14.8,52,78,27,0.166,0.178,0.217,27.3,23.4,26.4,3,25,1006.0
4,2025-08-09,23.8,29.0,19.0,0.00,0.00,0.00,0.0,50400.00,22.72,17.2,31.7,353,6.06,10.7,48,75,23,0.165,0.176,0.215,26.3,23.6,26.5,3,47,1010.0
4,2025-08-10,22.2,29.2,16.0,1.20,1.20,0.00,1.0,48900.67,22.48,20.2,37.1,328,5.54,9.3,46,62,25,0.169,0.179,0.218,24.7,23.6,25.6,55,33,1008.3
4,2025-08-11,20.5,26.5,14.7,0.20,0.20,0.00,2.0,50716.58,19.17,17.3,34.2,298,4.69,10.2,55,76,32,0.171,0.178,0.216,23.1,23.5,24.3,51,17,1006.8
4,2025-08-12,17.3,20.4,13.3,3.30,3.30,0.00,7.0,27071.99,9.85,18.0,37.4,209,2.23,11.9,71,84,55,0.192,0.188,0.224,19.5,23.2,22.7,53,72,1003.9
4,2025-08-13,17.7,22.9,13.9,4.70,4.70,0.00,11.0,35430.23,13.11,20.7,43.9,295,2.66,14.0,80,98,57,0.231,0.192,0.228,19.4,22.7,20.6,61,89,1000.5
4,2025-08-14,19.4,25.1,14.8,4.40,4.40,0.00,3.0,48333.56,19.65,22.2,40.7,309,4.07,14.3,75,96,48,0.253,0.193,0.229,20.6,22.2,20.9,63,34,1002.4
4,2025-08-15,17.7,22.1,15.0,7.60,7.60,0.00,11.0,34019.29,10.72,18.7,36.4,308,2.30,14.3,81,92,60,0.304,0.197,0.229,19.3,21.8,20.8,63,61,1002.0
4,2025-08-16,19.0,24.8,13.8,0.00,0.00,0.00,0.0,48432.52,18.68,16.8,36.4,328,4.05,12.2,68,96,39,0.323,0.209,0.229,19.6,21.4,20.2,2,22,1002.4
4,2025-08-17,19.6,26.5,11.9,0.00,0.00,0.00,0.0,45916.15,18.87,12.3,28.1,290,4.24,10.5,60,87,33,0.288,0.212,0.228,19.9,21.1,20.5,2,11,1005.9
4,2025-08-18,23.4,31.7,15.4,0.00,0.00,0.00,0.0,48535.60,22.63,22.2,40.3,200,6.53,9.4,46,73,21,0.263,0.211,0.226,22.0,20.9,21.3,1,5,1005.7
4,2025-08-19,20.9,24.2,16.3,0.90,0.90,0.00,1.0,47288.97,18.82,22.9,49.0,246,5.23,9.9,50,71,34,0.248,0.208,0.225,21.9,21.0,22.3,53,20,998.8
4,2025-08-20,19.0,25.2,13.8,0.00,0.00,0.00,0.0,47875.01,20.67,23.3,42.1,291,4.81,9.9,58,80,36,0.237,0.208,0.225,20.4,21.0,21.2,2,11,1001.6
4,2025-08-21,19.4,25.7,12.1,0.00,0.00,0.00,0.0,35103.26,16.48,15.2,31.0,298,3.81,9.9,58,86,34,0.225,0.207,0.225,20.2,20.8,20.6,3,54,1005.8
4,2025-08-22,22.6,30.4,15.6,0.00,0.00,0.00,0.0,47224.92,20.88,14.4,31.7,270,5.30,10.9,51,74,26,0.217,0.208,0.227,22.0,20.7,21.4,2,25,1006.8
4,2025-08-23,23.8,31.9,15.0,0.00,0.00,0.00,0.0,46800.00,15.66,18.2,32.4,161,5.21,10.7,48,73,24,0.206,0.203,0.225,22.5,20.8,22.2,3,37,1007.5
4,2025-08-24,26.5,33.6,18.2,0.10,0.10,0.00,1.0,44103.49,19.96,33.4,63.4,177,8.02,9.2,37,58,19,0.198,0.201,0.224,24.6,21.0,23.4,51,42,1004.1
4,2025-08-25,20.5,25.3,15.8,8.30,8.30,0.00,13.0,25434.28,8.69,19.2,33.5,203,2.65,14.4,69,85,36,0.250,0.205,0.227,21.8,21.3,23.6,61,55,1005.3
4,2025-08-26,18.1,25.0,11.4,0.40,0.40,0.00,1.0,43200.00,21.08,11.1,19.1,342,3.92,10.2,64,93,33,0.287,0.212,0.231,19.7,21.2,20.8,51,25,1011.7
4,2025-08-27,19.5,26.5,12.8,2.30,2.30,0.00,4.0,46800.00,20.54,19.9,34.9,261,4.57,10.0,61,99,25,0.289,0.214,0.230,20.7,21.1,21.0,61,28,1011.4
4,2025-08-28,17.0,24.4,9.0,0.00,0.00,0.00,0.0,46800.00,19.63,20.3,38.5,297,4.34,6.8,55,86,29,0.267,0.215,0.231,18.5,20.9,20.1,2,7,1015.6
4,2025-08-29,16.7,24.5,7.8,0.00,0.00,0.00,0.0,46800.00,20.47,18.6,36.0,304,4.42,6.6,57,91,29,0.251,0.215,0.230,17.8,20.6,19.2,1,5,1017.2
4,2025-08-30,19.1,28.0,9.2,0.00,0.00,0.00,0.0,46800.00,19.60,12.6,26.3,259,4.46,8.2,54,84,29,0.237,0.213,0.231,19.0,20.3,19.4,3,18,1017.6
4,2025-08-31,23.0,31.9,15.3,0.00,0.00,0.00,0.0,46800.00,20.01,15.9,32.4,230,5.40,8.9,45,65,21,0.221,0.208,0.228,21.8,20.2,20.9,0,0,1015.2
4,2025-09-01,23.7,35.0,14.4,0.00,0.00,0.00,0.0,33834.57,16.44,17.6,33.5,162,5.15,9.5,46,72,17,0.208,0.202,0.224,21.9,20.3,21.6,3,43,1008.3
4,2025-09-02,25.8,34.4,18.1,0.10,0.10,0.00,1.0,44754.87,18.25,28.6,50.8,196,6.98,9.1,36,57,24,0.201,0.200,0.224,23.7,20.6,23.0,51,48,1002.5
4,2025-09-03,21.8,26.2,17.8,3.50,3.50,0.00,8.0,15847.60,10.50,11.6,33.8,276,2.58,16.4,72,98,54,0.208,0.206,0.229,23.0,20.9,23.5,53,97,1002.8
4,2025-09-04,18.0,22.3,14.7,0.30,0.30,0.00,3.0,44916.65,14.51,17.1,37.4,323,2.79,14.5,81,100,58,0.238,0.209,0.232,20.6,21.1,21.6,51,43,1003.0
4,2025-09-05,17.2,21.6,15.0,4.10,4.10,0.00,11.0,39740.23,11.85,24.3,41.0,331,2.41,13.8,81,90,63,0.249,0.213,0.234,19.2,20.9,20.3,61,73,1002.8
4,2025-09-06,20.1,26.4,15.4,0.20,0.20,0.00,2.0,43572.87,16.50,26.6,43.2,355,3.85,14.4,72,93,46,0.288,0.216,0.236,20.0,20.7,19.8,51,38,1004.1
4,2025-09-07,20.9,27.4,15.6,0.00,0.00,0.00,0.0,46045.19,17.40,19.7,46.8,33,4.31,13.4,65,89,37,0.274,0.217,0.234,20.8,20.6,20.7,0,1,1010.1
4,2025-09-08,19.8,26.5,14.0,0.00,0.00,0.00,0.0,45556.86,17.37,13.4,27.0,24,3.85,11.6,63,89,33,0.257,0.216,0.233,20.6,20.5,21.0,0,2,1014.7
4,2025-09-09,16.6,21.2,12.6,0.00,0.00,0.00,0.0,46230.32,17.15,24.6,44.3,12,3.91,8.9,62,86,39,0.244,0.214,0.233,18.7,20.5,20.4,2,11,1015.4
4,2025-09-10,13.9,20.5,8.1,0.00,0.00,0.00,0.0,46062.09,17.85,21.0,41.4,26,3.75,5.7,61,87,34,0.237,0.215,0.235,16.2,20.3,18.5,0,2,1020.1
4,2025-09-11,13.4,19.8,6.6,0.50,0.50,0.00,1.0,32489.06,14.40,16.0,31.7,4,3.02,6.6,65,85,45,0.231,0.217,0.236,15.3,19.9,17.4,53,26,1018.4
4,2025-09-12,12.8,17.2,8.1,1.50,1.50,0.00,12.0,34040.60,9.72,22.5,38.5,32,2.11,8.6,77,93,53,0.233,0.218,0.238,15.0,19.5,16.8,51,52,1018.2
4,2025-09-13,15.2,21.2,11.0,0.50,0.50,0.00,2.0,41125.17,16.05,21.0,37.8,64,3.27,8.4,67,88,41,0.243,0.221,0.240,16.0,19.0,16.5,51,60,1024.4
4,2025-09-14,13.3,20.9,6.2,0.00,0.00,0.00,0.0,43074.84,17.23,14.1,30.6,36,3.34,4.3,58,83,31,0.236,0.220,0.240,15.0,18.7,16.7,3,23,1025.9
4,2025-09-15,13.9,20.0,7.4,0.00,0.00,0.00,0.0,24125.04,9.65,12.2,25.2,30,2.53,4.4,56,80,32,0.229,0.219,0.240,14.6,18.4,16.1,3,64,1022.4
4,2025-09-16,15.6,21.4,10.1,0.00,0.00,0.00,0.0,29954.75,13.79,11.3,25.9,25,3.20,4.7,51,76,27,0.223,0.218,0.241,16.1,18.2,16.6,3,50,1019.9
4,2025-09-17,14.9,22.7,6.9,0.00,0.00,0.00,0.0,36114.74,14.77,9.6,23.8,33,2.95,5.0,56,84,27,0.217,0.216,0.240,15.5,18.0,16.7,1,8,1019.4
4,2025-09-18,15.7,23.1,9.7,0.00,0.00,0.00,0.0,34574.71,11.48,10.0,21.2,92,2.90,4.5,51,70,25,0.213,0.216,0.240,15.7,17.9,16.9,3,56,1018.5
4,2025-09-19,16.1,23.2,10.5,0.00,0.00,0.00,0.0,32856.43,12.71,14.5,30.6,106,3.22,3.9,47,67,24,0.210,0.216,0.242,16.2,17.8,16.8,3,59,1016.7
4,2025-09-20,16.7,23.6,11.0,0.00,0.00,0.00,0.0,25322.60,11.75,10.0,20.5,115,2.95,5.5,50,68,28,0.207,0.217,0.242,16.7,17.8,16.9,3,99,1012.2
4,2025-09-21,17.5,25.8,9.0,0.00,0.00,0.00,0.0,39648.88,14.30,9.7,17.6,320,3.07,5.5,50,84,22,0.200,0.213,0.240,17.1,17.7,17.4,3,49,1012.4
4,2025-09-22,18.1,26.0,12.0,0.00,0.00,0.00,0.0,39476.76,14.39,16.4,32.4,287,3.54,9.0,57,73,38,0.191,0.206,0.236,18.1,17.8,18.0,3,45,1012.5
4,2025-09-23,20.9,32.1,11.8,0.00,0.00,0.00,0.0,39600.00,14.63,14.2,29.5,234,4.04,10.3,55,79,26,0.182,0.199,0.230,19.4,18.0,18.8,1,2,1013.8
4,2025-09-24,21.7,30.9,13.3,0.00,0.00,0.00,0.0,39600.00,14.27,22.4,40.7,222,5.03,9.4,50,79,26,0.175,0.192,0.226,20.4,18.2,19.9,1,2,1010.1
4,2025-09-25,14.6,21.2,8.8,0.00,0.00,0.00,0.0,32074.86,11.48,26.7,46.1,331,3.22,5.5,56,75,36,0.177,0.192,0.226,17.6,18.6,19.8,3,77,1008.8
4,2025-09-26,9.3,13.5,4.5,0.40,0.40,0.00,3.0,39600.00,14.91,21.8,40.3,357,2.83,1.1,58,73,38,0.185,0.195,0.229,12.9,18.5,16.2,51,44,1015.4
4,2025-09-27,9.5,14.4,5.0,0.30,0.30,0.00,2.0,12236.31,6.61,13.9,28.4,294,1.77,2.5,63,83,43,0.191,0.198,0.232,11.5,18.1,14.5,51,80,1017.7
4,2025-09-28,9.0,13.9,4.2,0.00,0.00,0.00,0.0,37569.31,9.12,16.9,29.2,9,1.73,3.5,71,95,42,0.197,0.199,0.233,11.2,17.5,13.5,3,79,1019.5
4,2025-09-29,5.6,10.4,0.5,0.00,0.00,0.00,0.0,39600.00,11.30,20.7,39.2,30,1.94,-0.3,68,92,47,0.201,0.203,0.238,8.5,16.9,12.3,3,55,1025.5
4,2025-09-30,4.4,11.6,-2.4,0.00,0.00,0.00,0.0,39600.00,13.89,17.8,35.3,31,2.28,-4.8,56,85,24,0.206,0.207,0.242,7.0,16.3,11.0,2,14,1026.8
4,2025-10-01,6.6,16.6,-2.4,0.00,0.00,0.00,0.0,39600.00,13.19,14.5,26.3,324,2.46,-3.0,53,76,29,0.199,0.202,0.239,8.1,15.6,10.2,0,0,1025.5
4,2025-10-02,8.1,16.2,0.1,0.00,0.00,0.00,0.0,39600.00,12.99,12.5,27.7,30,2.29,0.8,63,89,36,0.192,0.197,0.235,9.4,15.0,11.0,0,0,1025.3
4,2025-10-03,7.1,15.0,-0.5,0.00,0.00,0.00,0.0,39600.00,11.89,14.3,30.2,47,2.20,-0.7,61,89,33,0.188,0.195,0.234,8.6,14.7,11.0,3,31,1028.7
4,2025-10-04,8.9,18.2,1.1,0.00,0.00,0.00,0.0,35767.86,12.12,16.7,31.7,70,2.52,-0.6,54,77,31,0.186,0.193,0.232,9.4,14.3,10.8,3,59,1028.6
4,2025-10-05,10.1,17.2,2.4,0.00,0.00,0.00,0.0,33763.69,11.10,22.8,42.1,148,3.10,-3.1,43,66,21,0.185,0.192,0.232,9.9,14.1,11.6,3,90,1024.6
4,2025-10-06,11.5,18.7,5.4,0.00,0.00,0.00,0.0,29007.06,9.72,20.4,38.5,142,3.25,-2.6,39,53,24,0.182,0.190,0.231,11.1,14.0,11.9,3,82,1017.8
4,2025-10-07,13.2,20.5,7.9,0.00,0.00,0.00,0.0,28008.91,9.40,14.3,29.9,142,2.94,-2.9,34,46,20,0.176,0.187,0.228,12.9,14.0,12.8,3,87,1017.8
4,2025-10-08,11.8,21.4,3.2,0.00,0.00,0.00,0.0,37844.05,11.76,10.3,22.7,135,2.94,-5.5,33,55,14,0.170,0.181,0.224,12.3,14.1,12.8,3,21,1018.6
4,2025-10-09,10.8,20.0,1.6,0.00,0.00,0.00,0.0,36028.06,10.13,17.8,33.1,133,3.05,-5.3,35,57,16,0.169,0.179,0.223,10.7,14.1,12.2,3,39,1019.5
4,2025-10-10,12.3,19.4,5.8,0.00,0.00,0.00,0.0,32008.11,9.60,24.8,44.6,116,3.89,-3.8,34,48,19,0.168,0.177,0.221,11.7,14.0,12.4,3,74,1014.6
4,2025-10-11,11.7,15.3,10.1,0.30,0.30,0.00,3.0,15132.12,5.54,26.1,47.5,110,2.74,1.4,52,87,31,0.170,0.176,0.221,12.4,14.1,13.2,51,95,1004.4
4,2025-10-12,10.4,11.8,8.9,4.20,4.20,0.00,15.0,58.39,2.81,21.1,36.0,200,0.45,9.7,95,98,86,0.195,0.178,0.222,11.1,14.2,12.7,53,97,1003.9
4,2025-10-13,12.2,17.1,8.9,2.60,2.60,0.00,11.0,27444.73,6.26,24.4,42.5,207,1.57,8.3,79,94,49,0.224,0.179,0.222,11.9,14.1,12.3,53,90,1009.5
4,2025-10-14,11.1,14.4,7.4,15.60,15.60,0.00,12.0,20175.58,5.05,16.0,32.0,246,0.87,9.3,90,100,64,0.356,0.197,0.223,11.9,14.1,12.7,61,93,1012.2
4,2025-10-15,6.3,10.6,2.0,0.00,0.00,0.00,0.0,16259.45,6.70,12.2,22.0,329,1.03,3.0,81,98,56,0.333,0.224,0.226,8.4,14.0,11.1,3,91,1017.0
4,2025-10-16,3.9,7.1,0.5,2.10,2.10,0.00,6.0,0.00,3.56,11.3,18.7,297,0.52,2.2,89,100,76,0.320,0.237,0.232,6.0,13.6,9.1,53,93,1016.0
4,2025-10-17,4.8,8.0,2.0,0.60,0.60,0.00,2.0,15668.55,4.93,19.0,35.3,263,0.85,1.7,81,97,61,0.322,0.247,0.235,6.2,13.1,8.3,51,85,1017.3
4,2025-10-18,7.2,11.4,3.7,0.30,0.30,0.00,3.0,17402.65,5.21,20.3,37.1,227,0.96,4.1,82,93,65,0.310,0.254,0.237,7.5,12.6,8.5,51,81,1020.1
4,2025-10-19,9.2,13.2,6.2,0.00,0.00,0.00,0.0,26183.52,8.02,12.1,25.6,203,1.47,3.9,71,93,52,0.301,0.258,0.239,9.6,12.3,9.6,3,60,1019.7
4,2025-10-20,7.7,10.7,5.0,0.90,0.90,0.00,6.0,0.00,3.47,22.1,38.2,129,1.18,3.7,77,98,57,0.295,0.261,0.240,8.4,12.2,9.4,51,99,1017.8
4,2025-10-21,8.4,10.4,7.0,3.20,3.20,0.00,11.0,0.00,1.83,22.6,39.2,139,1.38,2.9,69,92,50,0.300,0.264,0.241,8.5,12.0,9.6,53,100,1016.2
4,2025-10-22,7.6,10.3,5.8,5.10,5.10,0.00,9.0,14112.60,4.10,12.6,23.0,162,0.70,5.4,86,93,70,0.363,0.275,0.243,8.5,11.9,9.2,53,90,1016.2
4,2025-10-23,6.4,9.1,4.4,3.20,3.20,0.00,9.0,25457.44,6.22,21.0,39.6,214,0.89,3.5,83,97,61,0.364,0.290,0.244,7.5,11.7,8.9,53,68,1015.7
4,2025-10-24,4.0,9.4,-0.2,0.00,0.00,0.00,0.0,32400.00,7.16,10.3,21.6,6,0.89,1.0,82,92,63,0.343,0.302,0.245,5.3,11.5,8.0,3,44,1017.8
4,2025-10-25,3.1,9.2,-1.2,0.00,0.00,0.00,0.0,32332.90,7.70,11.8,23.8,52,0.84,0.9,86,96,67,0.331,0.306,0.247,4.3,11.2,6.8,3,28,1015.7
4,2025-10-26,5.6,10.4,0.4,0.00,0.00,0.00,0.0,2918.96,4.15,11.7,20.5,117,0.69,3.3,86,96,74,0.328,0.308,0.249,5.1,10.7,6.5,3,86,1011.6
4,2025-10-27,8.0,8.9,7.1,21.80,21.80,0.00,24.0,0.00,0.85,11.8,19.4,105,0.30,6.8,93,98,83,0.411,0.342,0.251,7.8,10.5,8.1,61,100,1010.9
4,2025-10-28,9.4,11.2,7.0,2.00,2.00,0.00,5.0,0.00,2.02,26.3,39.6,166,0.46,8.2,92,97,86,0.402,0.379,0.254,8.4,10.5,8.7,55,98,1008.5
4,2025-10-29,10.2,11.1,9.3,5.30,5.30,0.00,14.0,0.00,0.97,16.4,30.6,170,0.25,9.7,97,100,91,0.400,0.380,0.256,9.9,10.6,9.7,61,100,1008.8
4,2025-10-30,8.8,10.9,6.2,10.00,10.00,0.00,8.0,21993.71,5.05,22.6,41.8,309,0.82,6.5,86,100,67,0.425,0.413,0.263,9.8,10.8,10.0,63,85,1007.8
4,2025-10-31,6.0,9.8,2.8,0.10,0.10,0.00,1.0,31682.73,6.65,11.3,24.1,292,0.81,3.8,86,97,69,0.400,0.400,0.270,7.6,10.9,8.6,51,50,1013.6
4,2025-11-01,6.2,8.2,3.0,7.30,7.30,0.00,20.0,0.00,1.19,20.5,36.4,161,0.28,5.5,95,98,91,0.415,0.396,0.275,6.6,10.7,7.8,53,99,1009.0
4,2025-11-02,5.9,7.3,2.3,0.90,0.90,0.00,7.0,4840.80,2.29,19.3,32.4,5,0.44,4.6,91,97,81,0.411,0.403,0.280,6.9,10.6,8.1,51,92,1011.9
4,2025-11-03,1.4,3.6,-0.7,0.00,0.00,0.00,0.0,20094.45,4.68,17.8,32.8,353,0.67,-1.8,80,96,61,0.398,0.397,0.288,3.6,10.4,6.7,3,77,1024.6
4,2025-11-04,0.5,4.7,-4.1,0.00,0.00,0.00,0.0,10593.01,3.86,16.4,27.7,154,0.66,-2.7,80,97,63,0.388,0.388,0.294,2.1,9.9,4.7,3,92,1030.7
4,2025-11-05,2.5,5.4,0.8,0.00,0.00,0.00,0.0,768.56,3.14,18.0,30.6,194,0.63,-0.3,82,90,75,0.379,0.381,0.297,3.3,9.4,4.8,3,96,1029.0
4,2025-11-06,2.5,7.8,-1.3,0.00,0.00,0.00,0.0,27102.76,4.09,15.9,29.2,206,0.61,0.1,85,93,70,0.374,0.376,0.299,3.3,9.0,4.7,3,53,1024.7
4,2025-11-07,6.3,9.4,2.7,2.50,2.50,0.00,5.0,3199.72,2.44,20.6,39.2,232,0.68,4.0,85,92,78,0.373,0.371,0.301,5.4,8.7,5.6,55,99,1016.8
4,2025-11-08,8.5,10.1,7.0,0.50,0.50,0.00,5.0,198.04,2.03,23.1,39.6,252,0.59,6.6,88,94,82,0.383,0.370,0.302,8.0,8.7,7.2,51,100,1012.6
4,2025-11-09,6.6,9.8,3.0,0.00,0.00,0.00,0.0,5601.81,3.62,21.1,38.2,330,0.81,3.2,79,87,71,0.371,0.368,0.303,7.5,8.9,8.0,3,98,1014.0
4,2025-11-10,4.9,9.1,1.1,2.60,2.60,0.00,6.0,0.00,2.22,19.1,37.8,194,0.46,3.2,89,99,84,0.371,0.365,0.305,5.4,9.0,6.6,55,88,1015.4
4,2025-11-11,6.2,7.3,5.1,1.50,1.50,0.00,6.0,0.00,1.32,15.2,28.8,274,0.34,4.8,91,98,84,0.398,0.372,0.307,6.7,8.9,7.2,53,100,1011.6
4,2025-11-12,5.1,6.7,3.5,1.30,1.30,0.00,6.0,5308.21,2.97,10.7,20.9,69,0.42,3.0,87,92,76,0.383,0.374,0.309,6.1,8.9,6.9,53,97,1018.5
4,2025-11-13,4.7,7.7,3.0,0.30,0.30,0.00,2.0,21027.23,4.05,14.0,27.0,108,0.53,2.9,89,97,75,0.382,0.373,0.310,5.5,8.9,6.2,51,93,1021.8
4,2025-11-14,3.7,9.0,0.2,0.00,0.00,0.00,0.0,29733.08,5.50,7.6,11.5,144,0.55,2.5,92,96,81,0.373,0.371,0.311,4.7,8.7,5.9,3,27,1018.5
4,2025-11-15,3.9,7.2,1.6,0.00,0.00,0.00,0.0,1172.86,2.33,19.6,32.8,211,0.27,3.3,96,100,88,0.368,0.368,0.313,4.6,8.5,5.5,3,88,1013.9
4,2025-11-16,3.4,5.2,-0.5,1.00,1.00,0.00,5.0,1251.48,1.50,20.3,35.6,290,0.33,1.9,91,99,76,0.369,0.366,0.315,4.7,8.4,5.8,51,95,1012.6
4,2025-11-17,0.1,3.6,-3.7,0.00,0.00,0.00,0.0,15228.84,2.67,10.7,16.9,91,0.34,-1.7,88,98,82,0.368,0.366,0.319,1.3,8.2,4.1,3,89,1022.2
4,2025-11-18,6.2,7.9,3.6,0.00,0.00,0.00,0.0,1636.41,2.04,24.7,42.8,187,0.43,5.0,92,99,87,0.363,0.364,0.320,5.4,7.8,4.8,3,98,1019.8
4,2025-11-19,7.0,8.5,5.2,6.30,6.30,0.00,8.0,0.00,0.60,26.7,46.1,194,0.34,6.0,93,100,89,0.368,0.362,0.321,6.5,7.8,6.4,61,100,1014.6
4,2025-11-20,5.5,9.5,1.2,8.40,8.40,0.00,10.0,12718.00,2.19,17.9,31.7,349,0.34,4.2,92,99,82,0.421,0.397,0.322,6.4,8.0,7.1,61,86,1017.3
4,2025-11-21,1.5,4.2,-1.1,0.00,0.00,0.00,0.0,27762.25,4.57,11.5,22.0,70,0.44,-0.3,88,94,79,0.396,0.397,0.326,3.2,8.0,4.9,3,46,1026.8
4,2025-11-22,7.1,9.6,3.5,0.00,0.00,0.00,0.0,20419.21,3.50,16.2,31.0,185,0.46,5.9,92,98,83,0.387,0.390,0.329,6.1,7.8,5.5,3,80,1022.8
4,2025-11-23,7.8,9.0,6.4,0.10,0.10,0.00,1.0,600.99,1.84,20.0,36.7,216,0.26,7.2,96,99,92,0.381,0.385,0.331,7.7,7.8,7.0,51,100,1018.9
4,2025-11-24,7.3,8.3,6.2,0.00,0.00,0.00,0.0,0.00,1.42,14.5,26.6,117,0.34,6.0,91,98,83,0.378,0.381,0.332,7.6,8.0,7.4,3,100,1018.4
4,2025-11-25,6.3,8.7,4.0,0.00,0.00,0.00,0.0,465.88,1.63,13.9,23.4,206,0.30,5.0,91,98,87,0.374,0.377,0.333,6.6,8.2,7.1,3,99,1014.2
4,2025-11-26,2.9,7.8,-0.4,0.00,0.00,0.00,0.0,12564.99,3.02,12.6,22.0,327,0.40,0.7,86,94,72,0.371,0.373,0.335,5.0,8.2,6.6,3,85,1019.0
4,2025-11-27,-1.0,2.7,-3.1,0.00,0.00,0.00,0.0,26261.20,4.46,8.2,12.2,291,0.35,-2.6,89,95,78,0.367,0.369,0.335,1.1,8.0,3.6,1,1,1025.1
4,2025-11-28,-0.9,2.5,-3.1,0.00,0.00,0.00,0.0,25244.15,3.87,9.6,20.2,181,0.30,-2.0,92,96,84,0.365,0.367,0.336,-0.1,7.4,2.1,3,55,1025.1
4,2025-11-29,0.6,3.4,-1.7,6.40,6.40,0.00,8.0,11873.15,2.82,10.5,27.4,194,0.26,-0.4,93,96,87,0.376,0.366,0.337,-0.2,6.8,1.3,61,95,1022.2
4,2025-11-30,1.8,3.8,0.2,4.50,4.40,0.07,18.0,13692.66,2.73,10.9,33.1,146,0.25,0.9,93,96,90,0.414,0.382,0.338,2.6,6.3,1.9,71,78,1022.5
4,2025-12-01,-0.0,0.6,-0.6,0.00,0.00,0.00,0.0,0.00,1.30,6.7,10.8,148,0.17,-0.8,94,99,90,0.395,0.389,0.340,1.3,6.0,2.5,3,98,1023.4
4,2025-12-02,0.6,1.3,0.1,0.10,0.10,0.00,1.0,0.00,1.40,8.6,18.0,66,0.17,-0.3,94,97,91,0.385,0.386,0.342,1.6,5.8,2.6,51,99,1023.6
4,2025-12-03,0.3,1.1,-0.1,0.00,0.00,0.00,0.0,0.00,1.30,9.2,18.0,3,0.26,-1.8,85,92,82,0.379,0.384,0.341,1.7,5.6,2.5,3,100,1024.2
4,2025-12-04,0.2,0.9,-0.1,0.10,0.00,0.07,1.0,0.00,1.20,10.9,21.2,303,0.23,-1.6,88,95,81,0.375,0.381,0.342,1.4,5.5,2.3,71,98,1026.5
4,2025-12-05,0.7,1.7,-0.2,0.00,0.00,0.00,0.0,1874.38,1.44,7.4,13.0,254,0.25,-1.2,87,91,82,0.372,0.377,0.343,1.8,5.3,2.2,3,96,1027.2
4,2025-12-06,0.2,0.8,-0.5,0.00,0.00,0.00,0.0,14543.82,2.21,9.5,18.7,238,0.24,-1.2,90,93,88,0.369,0.374,0.344,1.5,5.2,2.2,3,82,1025.7
4,2025-12-07,0.2,1.1,-1.0,0.00,0.00,0.00,0.0,14323.22,2.61,11.3,23.4,320,0.26,-1.3,90,94,80,0.366,0.371,0.343,1.5,5.0,2.0,3,95,1024.0
4,2025-12-08,0.9,2.6,-2.3,0.00,0.00,0.00,0.0,2049.09,1.55,18.8,30.2,307,0.22,-0.3,92,95,88,0.364,0.369,0.345,1.6,4.9,2.1,3,88,1025.0
4,2025-12-09,-7.4,-3.2,-10.2,0.00,0.00,0.00,0.0,24340.67,3.93,16.2,28.4,77,0.30,-9.6,85,91,81,0.362,0.368,0.346,-2.6,4.7,1.3,3,56,1032.7
4,2025-12-10,-7.7,-5.5,-9.2,0.00,0.00,0.00,0.0,16707.07,3.12,23.1,43.2,140,0.50,-11.8,73,84,52,0.361,0.367,0.348,-4.2,4.5,0.3,3,88,1030.6
4,2025-12-11,-6.0,-4.1,-7.2,0.00,0.00,0.00,0.0,22964.97,3.38,18.2,32.0,152,0.58,-12.5,61,74,49,0.360,0.368,0.350,-3.4,4.1,-0.0,3,56,1021.5
4,2025-12-12,-3.1,-0.1,-5.4,0.80,0.00,0.56,8.0,0.00,0.89,20.5,34.9,203,0.26,-5.3,85,97,67,0.360,0.367,0.351,-2.7,3.8,-0.2,71,94,1007.5
4,2025-12-13,0.1,0.8,-1.4,8.70,0.60,5.67,24.0,0.00,1.09,24.6,37.1,171,0.14,-0.4,97,100,94,0.362,0.365,0.351,-1.2,3.6,-0.2,73,100,987.9
4,2025-12-14,-8.3,-1.0,-10.5,8.30,0.00,5.81,17.0,0.00,1.93,39.4,70.6,308,0.24,-10.0,87,99,77,0.365,0.364,0.351,-2.9,3.3,-0.2,73,100,986.6
4,2025-12-15,-10.1,-8.4,-11.9,0.00,0.00,0.00,0.0,7709.45,2.54,33.0,58.0,277,0.34,-12.8,81,83,76,0.362,0.363,0.351,-6.0,3.1,-0.5,3,82,1001.4
4,2025-12-16,-11.2,-8.6,-13.2,0.00,0.00,0.00,0.0,7481.61,2.49,19.3,32.4,286,0.27,-14.0,80,84,72,0.361,0.363,0.351,-7.0,2.9,-0.9,3,81,1016.0
4,2025-12-17,-6.3,-0.8,-12.1,1.70,0.00,1.19,11.0,0.00,0.87,19.7,34.2,227,0.20,-7.9,88,97,78,0.361,0.363,0.352,-4.4,2.7,-1.2,73,99,1020.1
4,2025-12-18,-0.3,0.3,-0.8,0.00,0.00,0.00,0.0,0.00,1.50,19.3,32.8,217,0.18,-1.0,95,97,93,0.360,0.362,0.352,-0.6,2.5,-1.2,3,99,1020.2
4,2025-12-19,-0.0,0.9,-0.6,0.70,0.00,0.49,7.0,5074.42,1.71,19.2,33.5,263,0.27,-1.3,91,94,83,0.359,0.361,0.352,-0.6,2.3,-1.0,71,93,1014.0
4,2025-12-20,-2.2,1.0,-6.2,0.00,0.00,0.00,0.0,62.78,1.86,19.8,32.8,348,0.31,-4.1,87,91,82,0.358,0.360,0.352,-0.5,2.2,-0.9,3,99,1017.2
4,2025-12-21,-4.8,-3.4,-6.8,0.00,0.00,0.00,0.0,0.00,1.21,21.0,33.8,189,0.17,-5.9,92,95,87,0.358,0.359,0.351,-1.7,2.1,-0.8,3,100,1021.2
4,2025-12-22,-2.4,-1.3,-3.5,4.30,0.00,3.01,18.0,0.00,0.79,24.4,43.2,188,0.17,-3.2,94,96,91,0.357,0.358,0.351,-1.4,2.0,-0.8,73,100,1013.6
4,2025-12-23,-0.2,1.0,-1.1,3.30,0.00,2.31,18.0,0.00,1.71,21.3,36.4,228,0.17,-0.8,96,98,94,0.355,0.357,0.351,-1.1,2.0,-0.8,73,98,1006.4
4,2025-12-24,-11.3,-1.3,-22.1,0.30,0.00,0.21,3.0,12730.22,2.70,20.3,34.6,309,0.18,-13.1,86,94,81,0.355,0.357,0.351,-3.2,1.9,-0.8,71,81,1014.9
4,2025-12-25,-19.7,-14.1,-25.4,0.00,0.00,0.00,0.0,25200.00,3.79,14.8,27.0,280,0.14,-21.9,83,85,80,0.354,0.356,0.350,-9.2,1.8,-1.3,3,33,1018.7
4,2025-12-26,-10.5,-8.6,-14.0,0.00,0.00,0.00,0.0,2340.75,2.13,24.9,42.8,188,0.23,-12.4,86,89,79,0.354,0.355,0.351,-6.2,1.6,-2.0,3,74,1009.4
4,2025-12-27,-6.1,-4.3,-9.9,2.20,0.00,1.54,16.0,0.00,1.40,23.9,40.3,182,0.23,-7.5,90,95,79,0.353,0.354,0.350,-5.3,1.4,-2.4,73,100,1002.6
4,2025-12-28,-7.0,-4.8,-8.3,3.90,0.00,2.73,16.0,331.95,2.11,23.4,39.6,156,0.17,-8.0,92,95,90,0.353,0.354,0.350,-4.4,1.2,-2.3,73,100,998.0
4,2025-12-29,-8.6,-7.2,-10.5,0.00,0.00,0.00,0.0,3916.24,2.89,8.9,10.4,57,0.15,-9.6,93,95,90,0.352,0.354,0.350,-3.6,1.1,-2.5,3,99,998.0
4,2025-12-30,-7.0,-3.4,-10.2,3.10,0.00,2.17,11.0,0.00,1.57,27.3,45.0,159,0.14,-8.0,93,96,89,0.352,0.352,0.350,-1.1,1.0,-2.3,73,99,997.4
4,2025-12-31,-4.4,-3.0,-10.7,6.00,0.10,4.13,17.0,0.00,1.79,27.7,45.7,191,0.18,-5.4,93,95,90,0.351,0.352,0.350,-1.6,1.0,-2.0,73,91,996.9
5,2025-01-01,1.5,3.1,-0.4,0.20,0.20,0.00,2.0,9804.85,3.54,7.6,9.7,116,0.41,-0.2,89,94,82,0.387,0.381,0.343,0.8,1.9,-0.8,51,51,950.2
5,2025-01-02,0.1,4.5,-2.3,0.00,0.00,0.00,0.0,30780.87,5.51,8.1,15.5,128,0.56,-2.2,85,95,70,0.386,0.381,0.344,0.3,1.9,-0.6,2,38,952.1
5,2025-01-03,0.3,5.2,-3.1,0.00,0.00,0.00,0.0,31652.73,7.79,8.6,17.6,42,0.76,-3.4,77,94,59,0.383,0.380,0.344,0.6,1.9,-0.5,0,2,952.8
5,2025-01-04,-3.0,-2.0,-4.5,0.00,0.00,0.00,0.0,20751.63,3.47,6.8,16.2,326,0.27,-3.4,97,100,93,0.380,0.378,0.345,-1.1,2.0,-0.4,3,88,949.3
5,2025-01-05,-0.0,3.5,-2.3,0.00,0.00,0.00,0.0,26482.85,6.91,6.2,16.9,80,0.63,-2.5,84,95,66,0.379,0.378,0.346,-0.3,2.0,-0.4,3,90,950.5
5,2025-01-06,1.6,6.3,-1.8,0.00,0.00,0.00,0.0,23151.95,5.39,8.3,13.0,145,0.66,-1.5,80,88,62,0.378,0.378,0.347,0.9,2.0,-0.3,3,74,952.3
5,2025-01-07,2.5,8.7,-1.2,0.90,0.90,0.00,5.0,14114.58,4.82,22.0,43.9,217,1.07,-2.9,69,86,52,0.378,0.376,0.347,1.3,2.0,-0.1,51,69,949.0
5,2025-01-08,-1.8,1.1,-5.7,0.00,0.00,0.00,0.0,31945.68,6.97,26.4,52.9,275,1.05,-7.7,65,80,49,0.379,0.376,0.348,0.7,2.0,0.1,3,42,963.2
5,2025-01-09,-5.1,-0.3,-7.8,0.00,0.00,0.00,0.0,32009.13,8.56,13.1,28.8,17,0.62,-8.0,81,94,63,0.378,0.378,0.351,-1.5,2.1,0.1,2,16,964.8
5,2025-01-10,-6.5,-1.7,-9.6,0.00,0.00,0.00,0.0,32074.49,8.78,6.4,18.0,332,0.60,-8.7,86,100,59,0.377,0.380,0.355,-3.3,2.1,-0.2,1,11,955.7
5,2025-01-11,-5.3,1.5,-10.6,0.00,0.00,0.00,0.0,32141.64,8.84,9.1,15.8,34,0.71,-7.6,86,98,60,0.377,0.384,0.359,-3.8,2.0,-0.5,2,7,953.3
5,2025-01-12,-4.9,1.6,-9.9,0.00,0.00,0.00,0.0,32210.44,8.90,7.0,16.2,27,0.71,-6.9,87,100,61,0.377,0.386,0.364,-3.4,2.0,-0.7,2,20,951.3
5,2025-01-13,-3.6,4.1,-9.5,0.00,0.00,0.00,0.0,32280.75,9.00,6.3,14.0,78,0.79,-6.8,80,97,58,0.378,0.388,0.368,-3.0,1.9,-0.8,0,1,949.3
5,2025-01-14,-1.0,9.3,-7.5,0.00,0.00,0.00,0.0,32352.43,9.23,8.0,15.8,136,1.05,-7.7,63,91,37,0.380,0.390,0.373,-1.6,1.8,-0.9,0,0,946.9
5,2025-01-15,2.1,10.0,-3.2,0.00,0.00,0.00,0.0,32400.00,7.93,9.2,17.3,155,1.18,-5.4,59,85,41,0.383,0.391,0.375,0.2,1.7,-0.9,3,56,946.5
5,2025-01-16,1.4,6.3,-1.8,0.00,0.00,0.00,0.0,24828.49,5.39,7.3,11.9,140,0.76,-3.1,72,84,53,0.384,0.390,0.376,0.4,1.6,-0.7,3,82,946.3
5,2025-01-17,2.2,6.5,-0.4,2.60,2.60,0.00,8.0,10819.48,4.04,8.2,15.1,151,0.64,-1.3,78,90,67,0.393,0.391,0.377,0.4,1.6,-0.6,55,87,944.2
5,2025-01-18,0.7,1.7,-0.2,4.00,3.10,0.63,23.0,0.00,3.22,5.9,11.9,47,0.37,-0.1,95,100,86,0.412,0.397,0.378,-0.5,1.6,-0.5,73,100,945.2
5,2025-01-19,0.7,2.9,-1.5,1.80,1.40,0.28,12.0,9503.31,4.09,7.1,15.1,73,0.44,-0.4,92,99,84,0.424,0.401,0.381,-0.3,1.6,-0.4,71,83,946.1
5,2025-01-20,0.9,7.5,-2.8,0.00,0.00,0.00,0.0,27670.05,6.95,8.1,15.8,156,0.80,-1.8,83,92,61,0.413,0.402,0.387,-0.1,1.6,-0.4,3,76,941.5
5,2025-01-21,2.6,6.9,-0.7,3.30,3.30,0.00,15.0,15404.70,4.91,16.2,38.9,201,0.74,-0.2,82,87,70,0.415,0.403,0.387,0.6,1.6,-0.3,53,89,940.9
5,2025-01-22,-1.4,4.0,-6.5,5.00,0.50,3.15,19.0,12716.08,2.92,25.7,47.9,288,0.67,-5.1,76,82,66,0.421,0.407,0.385,0.1,1.6,-0.2,73,84,947.2
5,2025-01-23,-10.7,-6.1,-17.8,0.10,0.00,0.07,1.0,32400.00,10.20,12.7,27.7,2,0.58,-14.3,75,82,64,0.411,0.407,0.384,-1.9,1.6,-0.2,71,37,964.9
5,2025-01-24,-14.4,-8.6,-18.5,0.00,0.00,0.00,0.0,32400.00,10.92,11.1,17.3,7,0.53,-18.1,74,83,62,0.407,0.407,0.384,-5.9,1.5,-0.6,0,4,966.0
5,2025-01-25,-15.4,-8.7,-21.6,0.00,0.00,0.00,0.0,32559.64,11.22,4.9,12.6,322,0.53,-17.8,82,92,69,0.404,0.407,0.386,-5.7,1.4,-1.0,3,25,951.8
5,2025-01-26,-6.6,4.1,-15.7,0.00,0.00,0.00,0.0,28555.78,9.73,7.3,13.3,134,0.90,-12.0,68,87,43,0.403,0.406,0.387,-5.4,1.3,-1.3,3,82,947.8
5,2025-01-27,-0.9,7.6,-6.5,0.00,0.00,0.00,0.0,32400.00,10.13,10.0,14.4,93,1.24,-8.5,59,82,29,0.405,0.404,0.387,-1.3,1.2,-1.3,3,53,950.8
5,2025-01-28,-4.4,-1.0,-7.5,0.00,0.00,0.00,0.0,16659.45,7.30,8.3,14.8,2,0.56,-6.0,89,100,77,0.407,0.404,0.387,-1.0,1.1,-1.3,3,96,949.8
5,2025-01-29,-1.5,3.1,-5.5,0.20,0.10,0.07,2.0,17642.68,6.55,5.9,9.7,328,0.65,-3.8,85,90,74,0.409,0.403,0.388,-1.7,1.0,-1.2,71,91,950.5
5,2025-01-30,-2.9,-1.5,-5.2,2.10,0.00,1.47,12.0,15864.27,4.38,10.1,21.2,47,0.36,-3.8,93,96,88,0.411,0.404,0.388,-0.8,1.0,-1.2,71,91,954.3
5,2025-01-31,-3.4,-2.1,-5.1,2.60,0.00,1.82,21.0,1850.57,5.68,9.1,18.4,29,0.45,-4.8,90,93,86,0.407,0.404,0.388,-0.7,0.9,-1.1,71,88,957.4
5,2025-02-01,-6.9,-2.5,-11.0,0.00,0.00,0.00,0.0,33050.46,11.55,8.0,15.1,47,0.72,-8.2,91,100,81,0.404,0.403,0.387,-0.8,0.9,-1.1,1,14,957.3
5,2025-02-02,-8.1,-4.3,-11.9,0.00,0.00,0.00,0.0,32717.43,10.60,9.6,12.2,8,0.66,-9.4,91,100,76,0.402,0.402,0.387,-1.6,0.9,-1.0,3,48,955.3
5,2025-02-03,-8.1,-3.2,-12.7,0.00,0.00,0.00,0.0,33017.44,11.31,11.5,18.0,346,0.70,-9.5,90,100,71,0.407,0.408,0.387,-3.1,0.9,-1.1,3,51,950.2
5,2025-02-04,-7.6,-1.8,-12.6,0.00,0.00,0.00,0.0,29691.08,9.64,8.0,14.4,3,0.69,-8.8,91,100,75,0.404,0.408,0.386,-4.8,0.8,-1.2,3,97,948.1
5,2025-02-05,-6.0,-2.5,-9.0,0.00,0.00,0.00,0.0,31843.26,8.83,8.5,12.6,17,0.66,-8.0,85,94,72,0.406,0.413,0.387,-4.6,0.8,-1.4,3,92,949.3
5,2025-02-06,-4.3,4.5,-10.7,0.00,0.00,0.00,0.0,34007.83,11.73,8.2,12.6,77,1.09,-8.3,76,94,43,0.410,0.410,0.389,-4.2,0.7,-1.6,2,38,948.4
5,2025-02-07,-0.1,8.5,-7.0,0.00,0.00,0.00,0.0,35281.95,12.51,8.9,15.8,120,1.53,-8.6,56,84,30,0.419,0.409,0.390,-2.0,0.7,-1.6,3,28,944.6
5,2025-02-08,1.3,7.7,-2.7,0.00,0.00,0.00,0.0,22293.08,8.72,9.3,16.2,48,1.16,-4.1,69,83,44,0.425,0.409,0.391,-1.2,0.6,-1.6,3,92,943.4
5,2025-02-09,-0.7,3.5,-3.3,0.40,0.40,0.00,2.0,19955.14,6.82,8.3,15.8,21,0.73,-3.4,82,95,72,0.426,0.412,0.392,-1.5,0.6,-1.5,51,74,948.7
5,2025-02-10,-3.1,3.6,-6.6,0.00,0.00,0.00,0.0,36109.76,12.21,12.8,29.5,356,1.09,-7.2,76,97,48,0.424,0.413,0.394,-1.8,0.5,-1.4,3,29,949.7
5,2025-02-11,-2.0,2.4,-6.4,0.00,0.00,0.00,0.0,34636.07,12.13,7.9,15.5,332,1.05,-6.3,73,85,62,0.428,0.414,0.396,-2.5,0.5,-1.5,3,37,953.4
5,2025-02-12,-1.1,0.1,-2.4,2.30,0.00,1.61,15.0,11183.16,5.35,8.2,20.5,25,0.47,-2.0,94,100,82,0.430,0.415,0.395,-0.7,0.5,-1.4,73,95,953.9
5,2025-02-13,0.3,3.6,-2.0,0.20,0.00,0.14,2.0,26791.85,7.38,7.5,14.8,59,0.80,-2.1,84,99,66,0.420,0.415,0.397,-0.2,0.5,-1.3,71,69,953.0
5,2025-02-14,0.9,7.1,-4.5,0.40,0.40,0.00,2.0,32456.46,11.37,5.4,15.1,121,1.24,-3.4,74,89,51,0.416,0.415,0.398,-0.7,0.5,-1.3,51,36,947.6
5,2025-02-15,-0.2,4.9,-3.5,1.40,1.30,0.07,8.0,34544.60,10.05,9.7,17.6,7,0.99,-2.7,84,93,61,0.423,0.415,0.398,-0.0,0.4,-1.2,71,67,944.4
5,2025-02-16,-1.5,0.5,-4.6,1.10,0.00,0.77,11.0,4499.90,7.02,8.0,13.3,26,0.66,-2.9,90,97,84,0.415,0.413,0.397,0.8,0.4,-1.1,71,96,948.5
5,2025-02-17,1.4,4.9,-1.1,0.40,0.00,0.28,4.0,35336.69,10.20,6.5,19.8,61,1.03,-1.0,85,98,65,0.412,0.413,0.396,1.4,0.4,-0.9,71,44,953.6
5,2025-02-18,0.6,8.8,-5.0,0.00,0.00,0.00,0.0,36506.91,14.27,10.8,24.8,23,1.57,-4.0,73,91,46,0.408,0.414,0.398,0.2,0.5,-0.8,3,38,946.5
5,2025-02-19,4.0,11.0,-1.6,0.00,0.00,0.00,0.0,27761.50,11.55,6.4,13.7,149,1.55,-2.6,64,85,37,0.407,0.412,0.398,1.3,0.5,-0.7,3,70,946.1
5,2025-02-20,4.3,9.5,-0.3,0.00,0.00,0.00,0.0,38277.35,14.27,7.6,14.8,135,1.81,-2.0,65,80,49,0.408,0.409,0.397,2.3,0.5,-0.5,1,8,949.0
5,2025-02-21,3.1,11.2,-2.8,0.00,0.00,0.00,0.0,38447.44,14.98,9.1,22.0,51,1.76,-1.1,76,93,54,0.410,0.405,0.397,2.4,0.5,-0.3,3,26,946.8
5,2025-02-22,4.5,15.0,-3.2,0.00,0.00,0.00,0.0,38618.73,14.94,8.4,14.4,132,2.10,-1.7,70,96,32,0.411,0.404,0.395,2.6,0.5,0.0,3,65,944.7
5,2025-02-23,7.1,16.9,-0.0,0.00,0.00,0.00,0.0,31825.81,12.72,11.2,21.6,113,2.27,-1.2,58,87,33,0.409,0.402,0.394,4.1,0.6,1.0,3,76,943.2
5,2025-02-24,8.7,17.2,1.8,0.00,0.00,0.00,0.0,25037.79,11.55,19.3,36.0,205,2.15,2.7,68,92,43,0.409,0.401,0.392,5.8,0.8,3.0,3,84,939.7
5,2025-02-25,5.7,11.1,2.2,0.10,0.10,0.00,1.0,19574.20,9.21,10.9,26.3,10,1.20,3.0,84,94,66,0.411,0.401,0.391,4.8,1.2,4.0,51,76,937.5
5,2025-02-26,-0.7,3.9,-5.2,14.00,5.50,5.95,17.0,5823.12,5.50,15.0,32.4,326,0.57,-2.2,90,97,84,0.439,0.413,0.390,1.9,1.6,3.0,75,93,948.4
5,2025-02-27,-4.0,0.3,-7.8,0.00,0.00,0.00,0.0,38722.95,13.61,7.9,15.8,36,1.06,-5.6,88,97,79,0.426,0.417,0.390,-0.7,1.8,0.8,3,86,947.1
5,2025-02-28,-0.3,3.4,-3.2,1.00,0.30,0.49,10.0,6607.54,7.55,7.7,15.1,126,0.84,-2.3,87,96,70,0.423,0.417,0.390,-0.1,1.7,0.2,71,97,946.8
5,2025-03-01,2.4,7.9,-1.0,0.30,0.30,0.00,3.0,38126.76,12.54,9.3,23.4,48,1.45,-1.7,76,92,50,0.420,0.416,0.390,1.6,1.6,0.5,51,82,948.6
5,2025-03-02,2.9,8.5,-1.2,0.60,0.60,0.00,4.0,28795.12,13.22,11.8,25.2,13,1.63,-1.0,76,91,58,0.412,0.413,0.390,2.5,1.6,1.4,51,98,943.0
5,2025-03-03,-2.8,0.8,-5.7,4.60,0.10,3.15,18.0,3158.06,7.58,21.9,40.0,287,0.78,-6.2,78,98,65,0.411,0.411,0.391,-0.3,1.7,1.4,73,82,947.3
5,2025-03-04,-1.9,3.7,-7.6,0.40,0.10,0.21,4.0,39600.00,14.50,10.3,24.1,62,1.51,-7.1,69,82,45,0.409,0.410,0.392,-1.0,1.6,0.3,71,47,955.2
5,2025-03-05,2.3,8.7,-3.8,0.00,0.00,0.00,0.0,27921.28,11.52,11.7,22.0,126,1.71,-5.2,61,93,31,0.406,0.408,0.392,1.3,1.5,0.3,3,78,951.5
5,2025-03-06,6.9,15.4,-0.4,0.30,0.30,0.00,2.0,37699.59,15.07,13.9,33.8,188,2.80,-3.0,51,67,29,0.399,0.405,0.391,4.3,1.5,1.4,51,50,941.7
5,2025-03-07,4.3,6.7,3.2,11.50,11.50,0.00,20.0,13158.78,6.60,27.1,59.4,248,1.02,0.7,77,88,67,0.438,0.414,0.389,4.0,1.7,3.1,61,84,939.7
5,2025-03-08,6.4,11.7,1.3,0.00,0.00,0.00,0.0,37527.20,8.13,19.8,34.9,228,1.69,0.2,66,81,51,0.441,0.434,0.392,5.0,2.0,3.0,3,63,940.9
5,2025-03-09,6.0,12.4,1.4,3.50,3.30,0.14,10.0,35670.36,13.05,30.4,68.4,270,1.93,0.9,71,91,51,0.434,0.431,0.393,5.8,2.3,4.2,71,48,941.9
5,2025-03-10,5.2,12.0,-0.7,0.00,0.00,0.00,0.0,39600.00,17.28,7.0,16.2,56,2.22,0.9,75,99,51,0.433,0.430,0.393,5.6,2.6,4.1,3,33,950.3
5,2025-03-11,5.3,12.1,-0.7,0.00,0.00,0.00,0.0,39600.00,16.01,11.1,18.4,7,2.14,1.4,77,94,55,0.422,0.425,0.393,5.5,2.8,4.0,2,29,950.9
5,2025-03-12,5.4,11.9,0.9,0.00,0.00,0.00,0.0,39600.00,17.80,15.3,29.5,24,2.26,0.8,74,89,53,0.413,0.419,0.393,5.7,3.0,4.2,1,17,952.2
5,2025-03-13,5.0,13.1,-1.4,0.00,0.00,0.00,0.0,39804.94,18.76,9.3,22.0,12,2.32,1.1,78,95,54,0.407,0.414,0.392,5.1,3.2,4.0,0,0,951.4
5,2025-03-14,8.2,16.7,-1.1,0.00,0.00,0.00,0.0,39751.59,18.69,8.5,15.1,3,2.82,2.4,71,99,40,0.399,0.408,0.391,6.4,3.3,4.5,2,39,949.9
5,2025-03-15,9.5,15.6,3.3,0.00,0.00,0.00,0.0,40012.60,18.77,9.3,20.2,320,2.83,2.7,66,92,41,0.394,0.402,0.388,7.4,3.6,5.6,1,8,949.8
5,2025-03-16,9.3,17.0,0.9,0.00,0.00,0.00,0.0,40587.60,18.89,8.0,15.5,115,2.93,1.8,62,86,38,0.390,0.396,0.383,7.7,3.9,5.7,3,33,950.3
5,2025-03-17,11.2,19.6,3.4,0.00,0.00,0.00,0.0,39600.00,18.74,8.7,15.1,107,3.21,1.7,56,82,29,0.378,0.387,0.378,9.4,4.2,6.7,3,49,948.3
5,2025-03-18,11.0,21.7,1.1,0.00,0.00,0.00,0.0,41126.48,20.04,9.0,20.5,75,3.34,3.2,63,89,32,0.365,0.376,0.372,9.7,4.6,7.5,0,0,945.1
5,2025-03-19,11.6,23.3,0.6,0.00,0.00,0.00,0.0,41681.42,20.44,6.9,15.1,144,3.44,3.6,62,89,34,0.354,0.367,0.368,10.3,4.9,7.9,0,0,942.6
5,2025-03-20,14.0,25.3,4.7,0.00,0.00,0.00,0.0,41827.55,20.56,11.4,22.7,174,4.05,1.0,45,74,18,0.341,0.358,0.363,11.9,5.3,8.9,0,0,944.0
5,2025-03-21,16.5,26.7,7.6,0.00,0.00,0.00,0.0,41934.94,19.61,15.3,28.4,171,4.46,2.3,42,72,18,0.325,0.344,0.355,13.4,5.8,9.9,3,61,946.3
5,2025-03-22,13.6,18.4,8.5,0.10,0.10,0.00,1.0,16896.05,11.83,9.2,15.5,26,2.15,8.7,74,99,53,0.315,0.337,0.352,12.5,6.4,10.8,51,90,945.1
5,2025-03-23,12.6,17.9,7.7,0.50,0.50,0.00,4.0,32962.98,13.12,12.0,28.8,7,2.24,7.9,74,92,54,0.314,0.334,0.351,12.1,6.8,10.4,51,76,941.6
5,2025-03-24,11.5,15.0,7.7,6.10,6.10,0.00,23.0,1293.81,5.69,20.3,39.2,321,1.13,9.4,87,99,71,0.349,0.331,0.349,11.4,7.2,10.5,61,98,942.5
5,2025-03-25,4.5,7.5,2.7,0.70,0.70,0.00,5.0,326.45,3.99,15.4,32.8,29,0.78,1.7,83,98,61,0.367,0.335,0.349,7.1,7.4,8.6,51,100,948.5
5,2025-03-26,2.7,7.2,-0.7,0.00,0.00,0.00,0.0,33927.75,15.19,15.2,34.9,30,2.12,-6.0,53,62,43,0.361,0.340,0.352,4.9,7.2,6.1,3,96,948.5
5,2025-03-27,1.0,3.1,-1.0,0.80,0.20,0.42,5.0,6906.25,9.18,6.9,15.5,12,1.11,-4.3,69,87,56,0.354,0.342,0.354,3.7,6.8,5.0,71,99,945.5
5,2025-03-28,4.5,7.0,2.1,4.50,4.50,0.00,24.0,1260.02,7.29,5.6,16.9,40,0.98,2.2,85,91,76,0.378,0.343,0.354,4.9,6.3,4.8,51,100,950.0
5,2025-03-29,7.0,11.3,3.6,0.40,0.40,0.00,4.0,36000.34,14.04,10.1,24.1,359,1.92,2.4,75,93,49,0.385,0.347,0.355,6.8,6.1,5.9,51,89,952.1
5,2025-03-30,7.6,14.4,0.1,0.00,0.00,0.00,0.0,43739.04,18.65,8.0,18.0,22,2.66,1.4,67,91,41,0.373,0.348,0.354,7.1,6.0,6.3,2,29,952.0
5,2025-03-31,9.6,17.4,2.0,0.00,0.00,0.00,0.0,44124.39,22.17,8.7,21.2,19,3.36,2.0,61,84,38,0.357,0.344,0.350,8.4,6.0,7.0,3,14,951.0
5,2025-04-01,10.9,18.6,1.8,0.00,0.00,0.00,0.0,44825.36,22.40,9.3,23.0,26,3.57,3.2,62,95,35,0.340,0.335,0.345,9.6,6.1,7.9,2,21,947.7
5,2025-04-02,11.5,18.3,5.7,0.00,0.00,0.00,0.0,45212.66,22.30,10.7,25.9,33,3.62,3.5,60,83,37,0.326,0.327,0.341,10.2,6.3,8.7,0,0,946.0
5,2025-04-03,13.0,23.0,2.2,0.00,0.00,0.00,0.0,44869.64,22.70,8.5,15.8,130,3.84,4.8,62,95,30,0.314,0.322,0.339,11.5,6.6,9.5,2,16,941.9
5,2025-04-04,18.0,27.3,7.9,0.00,0.00,0.00,0.0,43259.76,20.10,21.1,41.0,191,5.29,4.7,46,79,21,0.302,0.314,0.335,14.5,7.0,11.3,3,76,939.0
5,2025-04-05,14.2,17.0,11.2,18.80,18.80,0.00,19.0,38830.04,12.86,12.2,47.9,232,2.15,10.5,79,90,57,0.373,0.322,0.331,14.4,7.6,12.6,63,59,944.1
5,2025-04-06,15.0,22.0,6.6,8.20,8.20,0.00,5.0,32464.19,18.05,11.5,23.0,118,3.34,9.4,72,93,42,0.411,0.349,0.329,14.0,8.1,11.9,63,88,942.7
5,2025-04-07,18.5,25.6,11.0,0.50,0.50,0.00,1.0,45812.65,20.79,26.6,53.6,215,4.61,10.7,64,90,38,0.417,0.369,0.327,15.9,8.5,13.2,53,24,943.5
5,2025-04-08,17.0,24.7,8.7,0.00,0.00,0.00,0.0,44394.10,23.45,10.3,21.2,3,4.46,7.7,59,89,30,0.380,0.364,0.324,15.7,9.0,13.4,3,30,947.3
5,2025-04-09,15.2,21.2,9.9,0.00,0.00,0.00,0.0,42350.95,21.30,10.3,24.5,14,3.84,7.6,62,81,42,0.359,0.355,0.320,14.8,9.4,13.5,3,85,946.8
5,2025-04-10,15.9,22.6,9.1,0.00,0.00,0.00,0.0,43011.13,22.20,13.9,27.0,47,4.06,8.7,65,92,42,0.343,0.346,0.316,14.8,9.7,13.2,3,63,944.4
5,2025-04-11,16.5,26.1,5.9,0.00,0.00,0.00,0.0,46089.02,24.90,10.2,24.5,67,4.61,7.8,61,93,30,0.328,0.338,0.314,15.0,10.0,13.3,0,0,938.4
5,2025-04-12,18.5,28.6,8.2,0.00,0.00,0.00,0.0,42878.25,24.57,8.2,18.0,170,4.90,8.0,56,85,24,0.312,0.328,0.311,16.6,10.2,14.1,3,33,937.1
5,2025-04-13,19.2,29.1,11.1,0.20,0.20,0.00,2.0,33288.56,17.06,24.0,44.3,214,4.31,9.0,55,79,26,0.297,0.320,0.307,17.3,10.6,15.1,51,71,938.2
5,2025-04-14,16.8,21.8,12.2,0.80,0.80,0.00,5.0,46124.25,17.37,7.6,30.2,4,3.15,11.4,72,87,54,0.291,0.314,0.305,16.7,11.0,15.4,51,24,949.2
5,2025-04-15,17.1,23.3,11.1,0.00,0.00,0.00,0.0,40241.48,21.75,12.3,22.0,311,4.16,8.8,61,89,37,0.285,0.309,0.303,16.6,11.3,14.9,3,76,947.3
5,2025-04-16,12.2,16.8,8.3,0.00,0.00,0.00,0.0,46432.72,24.60,17.3,34.6,28,4.37,0.8,47,68,31,0.273,0.304,0.302,14.6,11.5,14.3,3,36,947.4
5,2025-04-17,11.8,17.7,4.3,0.00,0.00,0.00,0.0,37736.57,19.64,11.6,25.2,9,3.37,1.9,52,75,34,0.267,0.301,0.304,12.2,11.4,12.5,3,71,941.2
5,2025-04-18,13.0,18.1,8.6,0.00,0.00,0.00,0.0,43443.79,20.04,18.7,36.4,10,3.97,1.5,47,71,30,0.263,0.298,0.304,13.1,11.3,12.7,3,82,943.0
5,2025-04-19,9.9,15.8,4.6,0.00,0.00,0.00,0.0,46638.54,22.18,10.7,27.7,18,3.69,-2.6,43,66,29,0.259,0.298,0.306,11.7,11.2,12.3,3,73,946.5
5,2025-04-20,11.6,19.6,0.6,0.00,0.00,0.00,0.0,47104.01,25.89,16.2,35.3,57,4.73,0.2,51,90,26,0.254,0.295,0.307,11.7,11.0,11.4,0,1,947.8
5,2025-04-21,13.1,20.9,5.4,0.00,0.00,0.00,0.0,46776.44,24.56,8.3,21.6,331,4.20,3.0,53,75,29,0.254,0.290,0.308,13.5,10.9,12.4,3,41,948.0
5,2025-04-22,14.3,20.8,9.6,0.80,0.80,0.00,2.0,41202.62,20.60,11.3,32.4,193,3.81,6.3,61,81,34,0.253,0.282,0.307,14.9,10.9,13.5,53,72,949.3
5,2025-04-23,14.4,21.7,7.4,0.70,0.70,0.00,1.0,44984.39,23.76,8.6,22.3,203,4.31,5.6,59,84,32,0.256,0.277,0.305,15.1,11.1,13.6,53,47,948.3
5,2025-04-24,16.5,24.3,7.0,0.00,0.00,0.00,0.0,47674.36,25.82,10.4,27.0,92,5.13,4.6,49,76,27,0.254,0.271,0.301,15.9,11.2,14.1,1,7,946.2
5,2025-04-25,17.1,25.9,6.6,0.00,0.00,0.00,0.0,47959.76,26.35,7.5,20.5,123,4.84,5.9,52,85,25,0.243,0.265,0.299,16.7,11.4,14.8,3,30,941.8
5,2025-04-26,20.1,28.7,11.1,0.10,0.10,0.00,1.0,46800.00,23.98,13.4,30.2,197,5.78,6.2,44,73,21,0.233,0.259,0.295,18.5,11.7,16.0,51,48,941.7
5,2025-04-27,24.4,33.5,15.7,0.10,0.10,0.00,1.0,48208.21,25.39,14.8,32.8,192,7.07,7.0,35,49,19,0.222,0.249,0.289,21.8,12.2,17.8,51,31,942.7
5,2025-04-28,25.9,35.3,17.6,0.00,0.00,0.00,0.0,42514.51,22.37,12.0,23.0,182,6.10,8.6,36,53,19,0.211,0.239,0.282,23.7,12.8,19.8,3,58,942.3
5,2025-04-29,22.3,29.9,17.0,0.00,0.00,0.00,0.0,47473.78,24.09,19.8,38.2,336,6.12,9.0,45,68,24,0.202,0.231,0.275,22.7,13.6,20.4,3,80,944.8
5,2025-04-30,16.9,22.7,12.2,0.00,0.00,0.00,0.0,48095.60,24.30,13.9,32.0,28,5.30,3.3,41,50,31,0.202,0.232,0.277,19.5,14.1,19.1,3,64,949.4
5,2025-05-01,17.0,24.2,9.4,0.00,0.00,0.00,0.0,48059.48,22.94,7.3,30.2,351,4.32,5.6,49,79,30,0.202,0.233,0.278,18.8,14.3,18.0,3,43,945.6
5,2025-05-02,21.1,27.5,14.3,0.70,0.70,0.00,2.0,47029.72,23.44,18.2,38.9,306,5.87,7.3,46,82,21,0.202,0.230,0.276,20.8,14.5,18.6,51,37,947.5
5,2025-05-03,20.7,28.7,11.4,0.00,0.00,0.00,0.0,49735.80,27.53,15.9,35.6,56,6.47,4.7,37,57,22,0.203,0.230,0.275,20.3,14.7,18.8,1,2,946.8
5,2025-05-04,21.7,32.8,9.1,0.00,0.00,0.00,0.0,49814.80,27.78,7.3,20.2,175,5.67,5.5,40,76,15,0.201,0.229,0.275,21.2,15.0,19.3,3,33,940.9
5,2025-05-05,23.4,32.2,13.1,0.00,0.00,0.00,0.0,49892.06,27.13,9.7,23.8,354,6.33,4.9,35,65,15,0.195,0.224,0.269,22.7,15.3,20.3,3,20,942.4
5,2025-05-06,23.7,31.8,14.0,0.00,0.00,0.00,0.0,47994.83,27.10,18.2,40.0,45,7.15,4.1,30,53,16,0.194,0.223,0.268,22.7,15.6,20.9,3,39,940.2
5,2025-05-07,23.8,32.8,14.3,0.00,0.00,0.00,0.0,49535.85,25.80,7.8,20.5,54,5.73,6.0,33,54,21,0.192,0.223,0.268,23.2,16.0,21.4,3,42,934.6
5,2025-05-08,26.1,35.0,16.8,1.70,1.70,0.00,4.0,36922.49,19.17,17.5,37.1,201,5.96,9.6,38,63,20,0.196,0.221,0.264,24.4,16.4,22.0,53,86,935.0
5,2025-05-09,20.9,24.4,16.6,0.80,0.80,0.00,1.0,49113.37,17.45,14.6,34.9,218,4.10,10.9,54,70,41,0.214,0.220,0.263,22.4,16.7,21.7,53,66,942.1
5,2025-05-10,22.7,30.0,14.4,0.30,0.30,0.00,2.0,50253.03,23.62,11.0,30.2,217,5.37,8.3,44,76,21,0.222,0.218,0.259,22.3,16.9,20.7,51,29,945.6
5,2025-05-11,23.2,30.0,16.3,0.00,0.00,0.00,0.0,50321.18,26.50,8.9,23.0,320,5.76,7.0,38,57,21,0.215,0.216,0.253,23.2,17.0,21.2,2,14,945.7
5,2025-05-12,23.3,31.5,13.7,0.00,0.00,0.00,0.0,50387.98,28.16,19.6,40.3,70,7.25,5.3,34,60,16,0.211,0.215,0.251,23.4,17.2,21.5,0,0,942.7
5,2025-05-13,24.6,34.4,13.8,0.00,0.00,0.00,0.0,50400.00,28.29,14.0,24.8,72,6.52,3.2,27,48,8,0.204,0.212,0.248,24.2,17.4,22.1,1,2,939.6
5,2025-05-14,25.4,35.5,13.7,0.00,0.00,0.00,0.0,50400.00,28.55,7.3,21.2,128,6.37,4.3,30,54,12,0.198,0.209,0.243,25.5,17.7,22.9,1,4,939.2
5,2025-05-15,26.9,37.3,14.7,0.00,0.00,0.00,0.0,50400.00,28.30,13.6,32.0,101,7.43,5.0,28,50,11,0.193,0.207,0.239,26.5,18.1,23.8,1,1,941.8
5,2025-05-16,27.7,38.4,14.3,0.00,0.00,0.00,0.0,50400.00,28.70,10.1,27.4,94,7.11,6.1,29,57,11,0.190,0.205,0.236,27.3,18.5,24.7,0,0,940.1
5,2025-05-17,28.7,39.3,18.0,0.00,0.00,0.00,0.0,49538.81,26.50,20.9,46.8,238,8.91,6.5,28,47,11,0.191,0.206,0.235,27.9,18.9,25.4,2,17,937.0
5,2025-05-18,21.4,25.9,16.5,0.30,0.30,0.00,3.0,42383.85,23.99,32.3,68.4,273,6.19,9.0,47,72,29,0.200,0.208,0.236,24.1,19.3,24.8,51,52,943.3
5,2025-05-19,20.2,26.3,13.0,0.00,0.00,0.00,0.0,50400.00,27.23,14.1,28.4,35,6.19,2.8,35,63,17,0.200,0.206,0.235,22.9,19.4,22.6,2,18,946.9
5,2025-05-20,20.9,30.1,10.8,0.00,0.00,0.00,0.0,50400.00,28.53,12.4,26.3,44,6.01,2.8,34,58,14,0.199,0.206,0.235,22.7,19.3,22.0,0,1,943.2
5,2025-05-21,25.4,33.7,15.2,0.00,0.00,0.00,0.0,50400.00,28.63,10.7,23.0,132,7.16,1.8,25,46,11,0.194,0.204,0.232,25.1,19.3,22.9,1,5,943.5
5,2025-05-22,26.8,36.9,15.2,0.10,0.10,0.00,1.0,44852.50,22.64,23.2,49.0,217,7.33,5.4,28,47,14,0.191,0.203,0.230,26.2,19.4,24.1,51,49,940.4
5,2025-05-23,20.1,25.7,14.6,2.00,2.00,0.00,6.0,40125.89,15.74,19.8,44.3,287,3.62,8.1,48,79,28,0.201,0.202,0.229,23.1,19.7,23.9,55,68,941.9
5,2025-05-24,20.4,28.0,10.7,0.00,0.00,0.00,0.0,50400.00,28.62,8.6,26.6,47,5.82,5.0,44,86,18,0.218,0.202,0.228,22.0,19.6,21.7,2,10,943.6
5,2025-05-25,22.8,31.0,13.4,0.00,0.00,0.00,0.0,42317.60,26.19,6.9,21.6,5,5.41,5.0,33,50,19,0.211,0.200,0.226,23.4,19.5,22.1,3,51,939.7
5,2025-05-26,22.4,26.7,18.0,0.00,0.00,0.00,0.0,48197.45,23.90,11.4,32.8,287,5.26,5.7,35,55,21,0.209,0.200,0.226,24.5,19.5,23.3,3,66,942.8
5,2025-05-27,20.4,26.8,12.6,0.00,0.00,0.00,0.0,45766.54,26.12,27.1,57.2,47,7.50,2.5,32,46,21,0.210,0.202,0.227,22.3,19.6,22.3,3,77,943.3
5,2025-05-28,17.4,22.2,13.6,2.10,2.10,0.00,9.0,31794.92,14.30,20.7,41.0,57,3.34,4.5,43,58,27,0.228,0.203,0.227,19.7,19.5,20.9,53,70,943.2
5,2025-05-29,21.6,29.7,11.3,0.00,0.00,0.00,0.0,46800.00,27.54,18.7,41.0,54,6.82,2.4,32,63,11,0.234,0.203,0.228,20.7,19.2,19.7,3,36,939.2
5,2025-05-30,20.2,25.1,15.6,0.00,0.00,0.00,0.0,4266.90,12.46,11.6,26.6,55,3.46,3.2,34,48,19,0.228,0.205,0.228,20.9,19.0,20.8,3,96,938.4
5,2025-05-31,21.1,27.6,13.7,0.10,0.10,0.00,1.0,32820.95,21.27,13.7,31.0,37,5.32,3.0,34,61,16,0.221,0.203,0.226,21.4,18.9,20.4,51,93,942.0
5,2025-06-01,22.9,30.1,14.5,0.00,0.00,0.00,0.0,50350.46,27.43,10.0,27.4,29,6.19,1.3,26,46,13,0.212,0.200,0.223,22.8,18.8,21.2,2,16,944.3
5,2025-06-02,24.1,32.5,11.7,0.00,0.00,0.00,0.0,50906.78,29.49,9.9,28.1,82,6.71,2.1,29,60,10,0.202,0.197,0.216,24.5,18.9,22.3,2,10,942.4
5,2025-06-03,25.7,34.4,14.2,0.00,0.00,0.00,0.0,50400.00,29.01,9.4,27.7,110,6.96,1.0,23,43,9,0.195,0.195,0.210,26.3,19.1,23.6,2,17,939.6
5,2025-06-04,27.2,35.9,15.2,0.00,0.00,0.00,0.0,51226.38,29.37,13.5,34.2,91,7.62,2.1,23,46,9,0.191,0.194,0.208,27.7,19.5,25.0,2,8,936.7
5,2025-06-05,28.2,37.3,15.9,0.00,0.00,0.00,0.0,51207.87,27.78,9.8,21.2,148,6.71,1.9,21,39,5,0.189,0.193,0.203,28.4,19.9,25.7,3,39,935.7
5,2025-06-06,27.7,37.0,18.1,0.10,0.10,0.00,1.0,29669.73,19.40,23.6,52.6,229,6.88,7.1,30,55,14,0.184,0.192,0.199,28.3,20.4,26.6,51,75,936.7
5,2025-06-07,24.1,31.1,19.5,0.40,0.40,0.00,3.0,33183.27,16.64,15.2,38.9,209,4.99,11.4,47,63,25,0.186,0.192,0.197,25.8,20.8,25.5,51,81,943.1
5,2025-06-08,26.6,33.9,18.9,0.10,0.10,0.00,1.0,51155.98,26.27,13.1,26.3,190,6.38,7.8,34,58,17,0.182,0.191,0.195,27.7,20.9,25.1,51,20,944.4
5,2025-06-09,26.5,33.7,18.4,0.00,0.00,0.00,0.0,35279.06,20.69,26.4,43.2,241,6.11,8.3,33,49,21,0.178,0.191,0.195,27.6,21.2,25.9,3,92,941.0
5,2025-06-10,27.1,33.5,19.1,0.30,0.30,0.00,1.0,47759.23,24.51,9.7,21.6,148,5.94,9.0,34,57,18,0.183,0.191,0.196,28.4,21.5,26.6,51,35,941.6
5,2025-06-11,24.7,29.0,20.9,0.40,0.40,0.00,2.0,41197.94,19.20,13.7,28.1,220,4.71,10.3,41,53,29,0.195,0.194,0.199,26.6,21.7,26.3,51,74,942.3
5,2025-06-12,25.7,34.0,17.6,0.00,0.00,0.00,0.0,43200.00,22.71,18.1,26.6,352,5.67,11.1,43,69,22,0.198,0.196,0.200,27.1,21.9,25.7,3,50,942.8
5,2025-06-13,25.9,33.0,18.2,2.40,2.40,0.00,7.0,50109.61,24.90,10.3,22.7,167,5.91,10.9,43,75,22,0.236,0.196,0.200,27.1,22.0,26.0,53,47,943.8
5,2025-06-14,27.3,34.7,17.9,0.00,0.00,0.00,0.0,51434.74,27.64,7.9,22.7,155,6.33,8.7,34,59,18,0.229,0.195,0.197,28.3,22.1,26.2,1,12,940.9
5,2025-06-15,28.0,35.5,18.4,0.00,0.00,0.00,0.0,51786.64,28.08,11.7,28.1,322,7.12,6.6,29,51,13,0.215,0.195,0.196,28.9,22.3,26.9,0,3,938.7
5,2025-06-16,28.9,35.9,19.6,0.00,0.00,0.00,0.0,51776.96,28.93,15.1,33.1,38,7.57,5.9,25,41,14,0.204,0.195,0.195,29.4,22.6,27.4,2,5,937.5
5,2025-06-17,29.4,37.3,18.2,0.00,0.00,0.00,0.0,52130.60,28.36,10.2,26.6,77,6.73,6.4,26,46,12,0.199,0.196,0.195,30.1,22.8,27.9,0,1,935.1
5,2025-06-18,30.9,40.4,19.3,0.00,0.00,0.00,0.0,50670.72,28.86,7.8,23.0,201,7.07,7.7,27,54,10,0.197,0.196,0.193,31.7,23.2,29.0,3,11,934.6
5,2025-06-19,28.7,36.1,22.3,0.20,0.20,0.00,2.0,51025.51,25.10,19.1,38.2,290,7.20,10.0,33,49,20,0.199,0.196,0.194,30.8,23.6,29.5,51,32,935.0
5,2025-06-20,26.5,32.3,20.6,0.60,0.60,0.00,4.0,51985.61,22.49,14.5,31.3,239,5.79,10.9,40,56,21,0.208,0.197,0.195,28.7,23.9,28.5,51,33,939.6
5,2025-06-21,28.1,36.3,18.7,0.00,0.00,0.00,0.0,52099.85,28.81,15.3,35.3,46,7.87,7.5,32,58,14,0.207,0.198,0.195,29.2,24.0,27.7,0,3,940.2
5,2025-06-22,28.5,36.1,18.9,0.10,0.10,0.00,1.0,51005.42,25.73,7.8,27.0,326,6.31,6.8,27,41,16,0.205,0.197,0.194,30.0,24.1,28.5,51,18,936.6
5,2025-06-23,29.6,37.5,20.1,0.00,0.00,0.00,0.0,52088.11,26.83,22.9,45.0,279,8.37,7.7,29,53,14,0.203,0.196,0.193,30.4,24.3,28.8,2,13,936.6
5,2025-06-24,29.7,37.9,19.9,0.00,0.00,0.00,0.0,50633.26,28.54,10.2,25.2,44,6.77,7.8,28,46,13,0.202,0.196,0.193,30.8,24.4,29.0,3,9,935.5
5,2025-06-25,29.0,36.1,21.0,0.00,0.00,0.00,0.0,49608.54,25.41,13.5,25.9,275,6.42,8.7,30,44,18,0.203,0.196,0.194,30.9,24.7,29.6,2,22,933.5
5,2025-06-26,25.1,31.6,17.4,0.00,0.00,0.00,0.0,52075.70,27.65,21.1,46.1,285,7.54,7.2,35,62,18,0.210,0.197,0.196,28.5,24.9,29.0,0,2,938.8
5,2025-06-27,25.8,32.2,17.0,0.00,0.00,0.00,0.0,52796.89,29.29,9.4,24.8,8,6.80,4.7,27,45,16,0.211,0.199,0.197,27.7,24.8,27.4,0,0,940.2
5,2025-06-28,27.4,36.1,16.4,0.00,0.00,0.00,0.0,52794.56,29.40,24.5,48.6,253,7.92,4.4,25,45,13,0.208,0.199,0.197,28.7,24.8,27.6,0,1,934.5
5,2025-06-29,26.3,33.4,17.8,0.00,0.00,0.00,0.0,52793.00,28.60,21.7,46.1,276,7.67,4.8,27,47,14,0.204,0.198,0.196,28.7,24.8,28.1,0,1,933.9
5,2025-06-30,26.4,34.5,15.8,0.00,0.00,0.00,0.0,52431.17,28.68,16.0,33.1,280,7.54,2.6,23,40,12,0.202,0.198,0.197,28.1,24.8,27.5,3,19,933.3
5,2025-07-01,27.0,34.8,17.7,0.00,0.00,0.00,0.0,52792.33,29.24,8.6,23.8,348,6.77,3.1,23,40,13,0.204,0.198,0.197,28.8,24.8,27.8,3,12,936.0
5,2025-07-02,29.8,37.1,19.7,0.00,0.00,0.00,0.0,52793.29,28.85,17.7,27.7,36,7.67,4.5,21,34,13,0.205,0.199,0.198,29.8,24.8,28.6,3,18,937.5
5,2025-07-03,31.2,39.5,20.1,0.00,0.00,0.00,0.0,52795.12,29.28,14.8,27.4,22,7.33,5.1,21,38,10,0.200,0.199,0.198,31.5,25.0,29.5,0,0,937.1
5,2025-07-04,32.4,42.1,20.5,0.00,0.00,0.00,0.0,52797.90,29.33,8.4,25.2,59,7.13,5.4,20,39,7,0.196,0.198,0.197,32.7,25.3,30.5,0,1,934.9
5,2025-07-05,29.5,35.1,24.4,0.00,0.00,0.00,0.0,52801.64,28.87,14.5,32.8,336,7.96,8.2,27,42,17,0.197,0.198,0.197,32.3,25.6,31.1,0,1,935.5
5,2025-07-06,29.1,36.7,19.1,0.00,0.00,0.00,0.0,52806.30,29.65,13.6,32.8,20,8.22,4.6,22,37,13,0.200,0.199,0.198,31.0,25.9,30.1,1,3,935.1
5,2025-07-07,28.5,35.3,18.4,0.00,0.00,0.00,0.0,52811.79,27.61,14.9,36.0,16,7.62,5.3,24,40,15,0.199,0.199,0.198,30.2,26.0,29.7,1,13,934.1
5,2025-07-08,29.8,36.3,20.9,0.00,0.00,0.00,0.0,48748.06,26.56,11.3,31.7,37,6.51,5.2,22,39,14,0.198,0.199,0.198,30.4,26.1,29.5,3,38,934.3
5,2025-07-09,28.4,34.3,22.1,0.10,0.10,0.00,1.0,50988.60,23.18,21.7,34.2,268,6.52,7.1,27,41,19,0.199,0.199,0.198,30.5,26.2,29.9,51,41,933.6
5,2025-07-10,23.6,29.2,18.8,1.70,1.70,0.00,3.0,43722.12,22.44,18.6,40.7,273,5.75,8.5,39,51,22,0.219,0.201,0.200,27.0,26.2,28.5,53,43,935.6
5,2025-07-11,23.6,29.7,15.7,0.00,0.00,0.00,0.0,51773.69,25.99,11.3,27.4,341,5.93,7.8,37,50,25,0.239,0.203,0.202,25.9,26.0,26.5,1,9,941.5
5,2025-07-12,26.4,33.8,17.1,0.00,0.00,0.00,0.0,52495.73,28.56,11.5,30.6,36,7.07,7.0,32,55,16,0.227,0.202,0.201,27.4,25.7,26.7,0,1,940.8
5,2025-07-13,28.8,36.9,18.9,0.00,0.00,0.00,0.0,52151.83,27.86,7.0,24.5,3,6.31,6.3,26,44,14,0.219,0.201,0.200,29.1,25.6,27.8,1,8,936.7
5,2025-07-14,29.2,37.5,19.1,0.00,0.00,0.00,0.0,51101.92,25.45,10.8,22.0,219,6.59,7.2,27,47,15,0.210,0.200,0.199,30.1,25.6,28.8,2,25,934.4
5,2025-07-15,29.3,36.7,20.9,0.00,0.00,0.00,0.0,52177.37,26.99,13.9,33.1,243,7.38,7.3,27,44,16,0.200,0.198,0.196,30.8,25.8,29.5,1,11,934.2
5,2025-07-16,29.4,38.0,18.5,0.00,0.00,0.00,0.0,51485.88,27.34,10.5,21.2,214,6.92,7.1,28,57,12,0.199,0.197,0.196,31.0,25.9,29.6,1,7,935.5
5,2025-07-17,30.4,38.6,20.8,0.00,0.00,0.00,0.0,51854.16,28.16,14.1,24.8,273,7.86,5.6,24,41,11,0.201,0.200,0.197,32.1,26.1,30.4,0,1,938.1
5,2025-07-18,30.9,39.3,19.7,0.00,0.00,0.00,0.0,51519.19,28.03,12.3,31.3,24,7.53,5.1,22,39,11,0.207,0.204,0.198,31.6,26.4,30.5,0,3,938.4
5,2025-07-19,32.0,41.2,20.8,0.00,0.00,0.00,0.0,51537.13,27.75,7.8,23.0,188,6.87,7.0,23,41,11,0.205,0.203,0.198,32.6,26.6,30.9,0,3,935.0
5,2025-07-20,31.3,39.4,21.5,0.00,0.00,0.00,0.0,51555.92,27.58,14.2,36.4,343,7.76,9.6,29,60,15,0.203,0.203,0.198,33.0,26.9,31.5,0,4,934.1
5,2025-07-21,30.1,36.8,22.5,0.00,0.00,0.00,0.0,51569.91,27.75,21.0,44.6,34,8.67,8.4,29,52,14,0.205,0.205,0.200,32.1,27.1,31.5,0,1,937.0
5,2025-07-22,30.9,39.5,21.1,0.00,0.00,0.00,0.0,51185.86,28.52,21.8,45.0,43,9.47,3.6,19,31,11,0.205,0.206,0.201,31.8,27.3,30.9,0,0,936.2
5,2025-07-23,29.8,39.0,20.3,0.00,0.00,0.00,0.0,51151.41,27.91,15.2,30.2,32,8.05,2.9,19,30,12,0.207,0.207,0.202,31.4,27.4,30.9,0,0,931.1
5,2025-07-24,29.3,37.8,19.7,0.00,0.00,0.00,0.0,51117.49,27.70,9.6,26.3,2,6.91,2.6,19,29,11,0.207,0.206,0.203,30.8,27.5,30.6,0,0,930.7
5,2025-07-25,31.0,39.8,18.3,0.00,0.00,0.00,0.0,50737.91,27.85,10.5,29.2,253,7.38,4.1,20,36,9,0.201,0.201,0.199,31.4,27.5,30.4,1,3,931.2
5,2025-07-26,31.3,39.5,21.8,0.00,0.00,0.00,0.0,47181.43,25.07,19.0,41.0,212,7.82,5.7,22,39,12,0.195,0.197,0.195,32.3,27.6,31.0,2,14,933.0
5,2025-07-27,27.9,33.9,21.9,1.80,1.80,0.00,5.0,46926.17,19.94,16.1,39.2,237,6.08,9.6,34,63,21,0.200,0.196,0.195,30.6,27.8,30.8,53,51,935.2
5,2025-07-28,25.9,34.0,19.8,2.20,2.20,0.00,4.0,46135.63,21.07,15.4,37.4,190,5.85,12.6,46,64,23,0.222,0.198,0.197,28.6,27.7,29.1,53,36,934.8
5,2025-07-29,26.4,34.5,16.6,0.10,0.10,0.00,1.0,48649.17,26.04,15.2,36.0,232,6.72,9.6,38,65,20,0.232,0.199,0.198,28.1,27.5,28.2,51,9,934.9
5,2025-07-30,27.1,34.4,19.8,0.40,0.40,0.00,3.0,49694.28,22.51,22.4,49.7,219,7.40,9.6,35,55,18,0.225,0.199,0.199,28.4,27.3,28.3,51,23,933.9
5,2025-07-31,25.8,33.3,17.6,0.10,0.10,0.00,1.0,48068.08,24.04,15.4,34.9,233,6.26,9.8,39,63,21,0.223,0.201,0.202,28.0,27.1,28.0,51,19,935.1
5,2025-08-01,24.8,33.4,19.6,0.70,0.70,0.00,3.0,44983.99,21.21,24.7,55.4,220,6.04,10.4,43,68,19,0.228,0.202,0.204,27.4,26.9,27.9,53,39,934.3
5,2025-08-02,24.2,30.3,16.7,0.00,0.00,0.00,0.0,49079.38,24.79,13.5,33.8,264,5.66,10.6,46,76,25,0.236,0.206,0.207,26.4,26.7,26.8,3,24,939.1
5,2025-08-03,25.9,32.7,19.0,0.10,0.10,0.00,1.0,48426.55,23.64,7.7,25.2,283,5.59,10.0,38,55,24,0.226,0.207,0.208,27.6,26.5,27.1,51,21,940.2
5,2025-08-04,26.3,33.8,18.0,0.00,0.00,0.00,0.0,48451.10,23.68,12.2,27.4,315,6.17,8.9,36,59,20,0.217,0.206,0.207,28.0,26.4,27.4,3,34,940.2
5,2025-08-05,25.6,31.9,18.0,0.00,0.00,0.00,0.0,48475.83,24.88,16.1,34.9,26,6.55,9.3,37,60,24,0.212,0.205,0.207,27.6,26.3,27.4,0,2,941.3
5,2025-08-06,24.7,32.9,15.4,0.00,0.00,0.00,0.0,48500.73,26.56,11.9,28.8,11,6.66,4.1,28,42,16,0.213,0.207,0.208,27.1,26.2,27.1,3,10,940.5
5,2025-08-07,25.6,33.7,16.7,0.00,0.00,0.00,0.0,45819.44,24.24,10.1,23.8,350,5.92,3.7,26,42,16,0.216,0.209,0.209,27.0,26.1,27.2,3,60,938.1
5,2025-08-08,27.0,35.2,17.0,0.00,0.00,0.00,0.0,48217.04,25.94,7.8,23.8,243,5.98,3.8,24,38,14,0.214,0.207,0.208,27.4,26.0,27.2,1,2,938.7
5,2025-08-09,28.4,37.9,18.2,0.00,0.00,0.00,0.0,47909.93,26.11,14.1,33.1,236,7.44,6.1,28,51,10,0.208,0.205,0.206,29.0,26.0,27.8,0,0,939.5
5,2025-08-10,29.3,37.7,19.3,0.00,0.00,0.00,0.0,47604.42,23.54,13.1,31.7,308,6.63,8.3,29,45,17,0.205,0.204,0.205,29.9,26.1,28.7,2,17,940.2
5,2025-08-11,29.8,38.2,19.8,0.00,0.00,0.00,0.0,47632.15,24.81,8.9,22.3,163,5.94,10.0,32,54,15,0.204,0.203,0.205,30.8,26.3,29.4,1,6,939.2
5,2025-08-12,27.3,32.7,22.4,0.00,0.00,0.00,0.0,47328.98,24.87,13.6,33.5,333,6.70,9.7,34,46,22,0.208,0.207,0.207,29.7,26.6,29.7,0,1,940.2
5,2025-08-13,26.6,34.9,16.8,0.00,0.00,0.00,0.0,47357.50,24.72,8.5,20.9,348,5.58,6.1,29,45,18,0.209,0.208,0.208,28.4,26.7,28.6,0,3,939.2
5,2025-08-14,26.9,34.8,18.7,0.20,0.20,0.00,2.0,47056.45,23.39,19.5,46.4,249,7.07,7.0,30,42,18,0.207,0.208,0.209,28.2,26.7,28.2,51,9,939.0
5,2025-08-15,25.2,31.4,17.9,0.00,0.00,0.00,0.0,47085.60,23.64,14.8,33.1,276,5.85,5.3,29,45,17,0.207,0.207,0.210,26.9,26.7,27.6,1,7,940.1
5,2025-08-16,25.0,33.5,16.0,0.00,0.00,0.00,0.0,47114.81,25.09,24.1,49.7,244,7.28,4.3,29,45,14,0.205,0.206,0.209,26.6,26.6,26.8,0,2,937.1
5,2025-08-17,23.4,30.4,14.4,0.00,0.00,0.00,0.0,43216.73,24.73,14.8,33.8,268,6.05,5.5,34,59,18,0.203,0.207,0.210,25.5,26.4,26.4,3,28,940.1
5,2025-08-18,24.3,31.3,15.8,0.00,0.00,0.00,0.0,45964.66,21.66,9.6,23.4,310,5.30,4.6,30,49,16,0.205,0.208,0.212,25.5,26.2,26.1,2,10,943.1
5,2025-08-19,24.3,32.4,15.1,0.00,0.00,0.00,0.0,46877.12,24.88,13.8,33.5,31,6.46,4.6,30,46,15,0.206,0.207,0.211,25.5,26.0,25.8,0,1,940.9
5,2025-08-20,25.5,34.8,15.1,0.00,0.00,0.00,0.0,46800.00,24.35,21.2,42.1,248,6.75,4.3,28,51,13,0.206,0.206,0.210,26.5,25.8,26.3,0,1,937.0
5,2025-08-21,26.4,35.1,16.6,0.00,0.00,0.00,0.0,46800.00,23.65,9.9,25.9,226,6.38,4.1,26,46,13,0.205,0.205,0.210,27.2,25.8,26.9,1,4,938.2
5,2025-08-22,25.8,33.9,16.3,0.00,0.00,0.00,0.0,46800.00,24.40,12.4,24.1,328,6.13,4.6,28,48,14,0.204,0.204,0.209,27.3,25.8,27.0,2,9,937.9
5,2025-08-23,22.6,27.4,18.4,0.20,0.20,0.00,2.0,46076.22,19.47,16.5,29.5,19,5.27,6.0,35,53,26,0.206,0.206,0.210,25.6,25.8,26.5,51,49,937.5
5,2025-08-24,22.8,30.6,14.9,0.00,0.00,0.00,0.0,46714.77,24.03,14.9,32.8,31,6.04,8.4,43,70,22,0.207,0.206,0.211,25.1,25.7,25.6,0,1,941.2
5,2025-08-25,25.3,33.7,16.2,0.00,0.00,0.00,0.0,46615.79,24.55,16.8,36.0,44,6.88,5.4,30,50,12,0.208,0.206,0.211,25.8,25.6,25.6,0,0,940.9
5,2025-08-26,25.5,34.4,15.5,0.00,0.00,0.00,0.0,46516.10,24.32,18.6,36.7,39,7.24,3.9,27,45,11,0.207,0.204,0.209,26.2,25.5,26.0,0,0,941.6
5,2025-08-27,25.0,34.0,15.2,0.00,0.00,0.00,0.0,46415.81,23.80,17.2,37.4,30,7.00,3.8,28,52,11,0.206,0.204,0.209,26.4,25.5,26.3,0,0,941.8
5,2025-08-28,24.9,34.3,15.7,0.00,0.00,0.00,0.0,46315.01,23.94,13.4,32.8,21,6.39,2.8,26,39,12,0.205,0.203,0.208,26.0,25.5,26.2,0,0,941.0
5,2025-08-29,26.1,35.6,16.1,0.00,0.00,0.00,0.0,46213.80,24.04,8.8,25.6,342,5.66,3.3,25,41,11,0.206,0.202,0.207,26.2,25.5,26.2,0,0,940.7
5,2025-08-30,24.3,33.0,16.7,0.00,0.00,0.00,0.0,46112.27,23.47,20.6,47.2,302,6.81,2.4,26,41,12,0.206,0.201,0.206,25.8,25.5,26.1,0,0,942.0
5,2025-08-31,19.4,25.6,12.4,0.00,0.00,0.00,0.0,45927.61,23.63,20.0,41.8,29,6.01,0.2,29,46,16,0.211,0.204,0.208,22.4,25.4,24.5,0,0,946.3
5,2025-09-01,19.5,28.6,8.7,0.00,0.00,0.00,0.0,45655.90,23.44,14.2,31.3,29,5.58,-1.5,27,46,12,0.214,0.206,0.210,21.2,25.0,22.8,0,0,941.6
5,2025-09-02,21.5,29.2,14.0,0.00,0.00,0.00,0.0,45068.08,22.93,16.7,35.3,19,5.90,2.4,29,44,18,0.210,0.205,0.209,22.2,24.7,22.9,0,0,939.4
5,2025-09-03,18.7,26.2,11.0,0.00,0.00,0.00,0.0,44798.64,22.75,21.1,43.6,45,6.12,1.1,32,48,16,0.210,0.205,0.210,21.1,24.4,22.7,0,0,943.1
5,2025-09-04,20.5,30.3,11.0,0.00,0.00,0.00,0.0,44530.12,23.08,17.6,37.8,38,6.25,-0.0,27,46,13,0.212,0.206,0.211,21.7,24.1,22.3,0,0,940.3
5,2025-09-05,23.4,34.0,13.3,0.00,0.00,0.00,0.0,43630.68,21.85,8.7,20.5,80,4.86,2.0,27,42,9,0.211,0.207,0.212,23.2,23.9,23.1,1,6,938.1
5,2025-09-06,25.3,35.0,17.2,0.00,0.00,0.00,0.0,42533.43,20.02,14.6,34.6,214,6.05,3.7,28,43,11,0.204,0.205,0.211,25.2,23.9,24.5,2,19,940.2
5,2025-09-07,24.6,34.4,16.2,0.10,0.10,0.00,1.0,41901.90,20.04,21.2,41.8,226,5.93,5.4,33,57,12,0.199,0.204,0.210,25.2,24.0,24.8,51,17,939.1
5,2025-09-08,22.8,29.7,16.7,0.20,0.20,0.00,2.0,43468.76,18.84,23.2,49.7,265,5.16,5.3,33,45,21,0.202,0.207,0.213,23.8,24.0,24.6,51,9,938.5
5,2025-09-09,21.1,28.5,14.1,0.00,0.00,0.00,0.0,42117.09,19.29,7.2,19.4,349,4.06,5.4,38,51,21,0.208,0.209,0.216,22.6,24.0,23.6,3,28,942.2
5,2025-09-10,21.3,30.1,12.2,0.00,0.00,0.00,0.0,43259.17,20.28,19.8,39.6,265,5.24,5.1,38,67,19,0.213,0.210,0.216,22.0,23.9,23.1,0,1,941.4
5,2025-09-11,19.6,26.5,13.4,0.00,0.00,0.00,0.0,43200.00,21.24,11.5,24.5,1,4.70,3.7,36,51,22,0.212,0.209,0.215,21.2,23.7,22.5,0,0,943.6
5,2025-09-12,20.2,28.9,12.3,0.00,0.00,0.00,0.0,43200.00,20.49,10.5,24.8,20,4.76,3.1,35,52,20,0.212,0.209,0.216,21.0,23.5,22.0,0,0,941.3
5,2025-09-13,18.7,25.2,11.4,0.00,0.00,0.00,0.0,37851.77,16.86,12.1,28.1,13,4.23,3.1,37,60,23,0.211,0.209,0.216,20.7,23.3,22.0,3,24,941.4
5,2025-09-14,18.7,26.7,10.8,0.00,0.00,0.00,0.0,43200.00,19.83,13.7,26.3,34,4.61,5.0,43,64,25,0.209,0.208,0.215,20.4,23.1,21.5,0,1,945.6
5,2025-09-15,19.9,30.2,11.4,0.60,0.60,0.00,2.0,37979.33,17.48,14.4,34.6,242,3.87,6.9,45,61,23,0.211,0.208,0.216,20.9,22.9,21.5,53,29,942.9
5,2025-09-16,18.6,24.4,13.9,0.60,0.60,0.00,6.0,41897.23,14.90,17.1,37.4,246,3.65,7.6,51,70,28,0.216,0.210,0.218,20.5,22.8,21.7,51,43,944.3
5,2025-09-17,15.8,22.2,9.8,0.00,0.00,0.00,0.0,43119.83,17.37,6.8,19.1,16,3.08,3.9,47,65,28,0.219,0.212,0.219,18.5,22.6,20.5,2,35,945.1
5,2025-09-18,15.9,23.6,9.0,0.00,0.00,0.00,0.0,38818.35,15.48,14.0,35.6,214,3.50,2.5,44,66,20,0.218,0.212,0.220,17.8,22.3,19.5,3,58,943.3
5,2025-09-19,15.6,23.2,8.3,0.00,0.00,0.00,0.0,42989.09,19.12,9.6,25.6,323,3.87,2.4,44,72,24,0.217,0.211,0.218,17.6,21.9,19.0,0,5,944.8
5,2025-09-20,16.5,24.8,9.9,0.00,0.00,0.00,0.0,42923.55,19.73,16.6,32.8,46,4.54,2.0,40,61,22,0.214,0.209,0.217,17.3,21.6,18.5,0,0,942.7
5,2025-09-21,17.8,27.8,7.9,0.00,0.00,0.00,0.0,42857.89,18.73,9.0,22.3,44,3.96,3.8,43,67,21,0.212,0.208,0.218,18.0,21.3,18.8,3,19,940.2
5,2025-09-22,20.8,27.7,14.8,0.00,0.00,0.00,0.0,42792.10,17.41,20.3,43.2,235,5.03,5.9,40,55,25,0.210,0.209,0.219,20.7,21.1,20.1,2,21,941.0
5,2025-09-23,19.7,24.6,15.3,0.10,0.10,0.00,1.0,42726.19,15.58,28.1,57.2,260,5.05,5.3,40,59,29,0.206,0.209,0.218,20.1,21.1,20.3,51,10,948.7
5,2025-09-24,18.1,26.0,9.8,0.00,0.00,0.00,0.0,42660.13,18.63,21.5,43.6,61,5.00,3.4,41,66,21,0.200,0.205,0.217,19.4,21.1,19.7,0,1,948.1
5,2025-09-25,16.6,24.9,8.5,0.00,0.00,0.00,0.0,42593.87,18.21,11.3,21.6,25,3.49,4.2,46,71,26,0.198,0.205,0.217,18.1,21.0,19.5,1,9,939.6
5,2025-09-26,20.6,28.7,13.7,0.00,0.00,0.00,0.0,32838.06,14.41,17.7,38.2,197,4.71,4.7,38,59,19,0.196,0.203,0.215,20.2,20.9,19.7,3,62,941.2
5,2025-09-27,20.4,29.4,13.5,0.00,0.00,0.00,0.0,42211.24,17.46,13.8,32.4,204,4.59,5.4,41,62,20,0.195,0.202,0.215,20.9,20.9,20.6,0,2,946.3
5,2025-09-28,20.1,28.6,12.3,0.00,0.00,0.00,0.0,41824.45,17.18,9.5,20.9,186,3.83,4.0,38,59,20,0.192,0.202,0.213,20.4,21.0,20.6,2,11,947.2
5,2025-09-29,17.5,24.9,11.1,0.10,0.10,0.00,1.0,30594.67,14.72,20.1,42.5,271,3.47,5.0,45,60,25,0.188,0.198,0.210,19.3,21.0,20.2,51,60,944.9
5,2025-09-30,14.8,20.2,10.5,0.00,0.00,0.00,0.0,37973.41,12.48,10.1,20.2,353,2.60,6.9,62,90,42,0.187,0.197,0.209,17.6,21.0,19.4,3,76,942.4
5,2025-10-01,5.6,11.5,1.9,9.40,9.40,0.00,14.0,0.00,1.93,11.4,25.2,5,0.70,1.2,75,96,47,0.247,0.197,0.209,11.2,20.7,16.4,61,99,945.8
5,2025-10-02,7.2,13.8,-0.3,0.00,0.00,0.00,0.0,38942.22,16.79,9.4,24.5,15,2.32,1.1,69,98,41,0.304,0.204,0.211,10.2,20.0,12.9,3,33,948.4
5,2025-10-03,11.0,17.2,6.4,0.00,0.00,0.00,0.0,39353.74,16.46,12.2,23.8,30,2.86,0.2,49,65,33,0.295,0.210,0.215,11.8,19.2,13.5,1,13,951.9
5,2025-10-04,10.9,19.2,3.4,0.00,0.00,0.00,0.0,39129.49,16.61,13.0,24.5,25,3.05,0.5,51,72,31,0.284,0.214,0.218,12.2,18.6,13.7,3,16,950.8
5,2025-10-05,9.6,16.4,3.7,0.00,0.00,0.00,0.0,37633.89,16.23,20.4,40.3,31,3.07,-0.8,50,70,34,0.274,0.214,0.218,11.9,18.2,13.5,3,55,951.7
5,2025-10-06,7.4,16.0,0.8,0.00,0.00,0.00,0.0,38361.84,16.38,10.4,26.3,14,2.62,-1.9,54,75,32,0.272,0.214,0.219,10.2,17.7,12.6,0,0,949.9
5,2025-10-07,8.4,17.3,0.4,0.00,0.00,0.00,0.0,36502.06,14.92,8.6,22.7,10,2.49,-0.9,54,77,35,0.270,0.214,0.219,9.8,17.2,12.0,3,59,946.0
5,2025-10-08,9.5,17.5,2.7,0.00,0.00,0.00,0.0,37590.13,15.89,9.3,22.0,16,2.64,-0.8,51,76,31,0.265,0.213,0.217,9.9,16.8,11.9,1,7,945.9
5,2025-10-09,9.9,17.7,4.0,0.00,0.00,0.00,0.0,37042.76,15.22,9.2,22.0,16,2.60,-0.6,49,66,34,0.257,0.213,0.218,10.1,16.4,11.9,3,47,946.0
5,2025-10-10,9.8,17.3,3.9,0.00,0.00,0.00,0.0,36519.41,15.29,9.9,22.0,12,2.67,-2.5,44,63,29,0.250,0.213,0.217,10.6,16.1,11.9,2,9,946.7
5,2025-10-11,11.5,22.6,2.4,0.00,0.00,0.00,0.0,36262.16,15.14,9.2,17.3,125,2.68,1.0,52,79,25,0.242,0.210,0.215,11.1,15.8,12.0,0,0,941.8
5,2025-10-12,14.6,22.1,9.0,0.30,0.30,0.00,3.0,21379.01,8.04,23.3,51.1,191,2.87,2.6,47,70,22,0.235,0.208,0.214,13.6,15.7,13.2,51,64,941.2
5,2025-10-13,13.5,21.5,6.1,0.00,0.00,0.00,0.0,36032.75,14.55,8.1,19.4,15,2.81,1.3,48,82,23,0.230,0.207,0.213,13.5,15.7,14.0,0,0,948.2
5,2025-10-14,12.3,20.7,5.8,0.00,0.00,0.00,0.0,36000.00,14.55,15.2,32.8,30,3.14,-1.5,40,53,25,0.225,0.205,0.211,12.0,15.7,13.3,0,0,948.8
5,2025-10-15,7.9,15.0,2.5,0.00,0.00,0.00,0.0,36000.00,14.22,12.0,29.2,24,2.61,-3.5,46,68,31,0.226,0.204,0.212,10.4,15.6,12.5,2,16,949.9
5,2025-10-16,9.5,19.7,0.2,0.00,0.00,0.00,0.0,36000.00,12.70,7.6,16.9,28,2.20,-2.2,46,69,28,0.229,0.207,0.215,9.2,15.4,11.2,3,59,945.3
5,2025-10-17,14.2,26.0,3.7,0.00,0.00,0.00,0.0,36000.00,13.45,10.1,23.8,204,2.72,0.0,46,85,16,0.220,0.203,0.212,12.0,15.2,12.0,3,37,945.7
5,2025-10-18,13.2,20.4,7.2,0.00,0.00,0.00,0.0,36000.00,12.81,9.5,19.4,331,2.60,-0.4,41,54,27,0.212,0.201,0.210,12.8,15.1,13.1,3,38,949.1
5,2025-10-19,9.7,15.9,5.5,0.20,0.20,0.00,1.0,35215.29,11.30,9.9,19.4,355,2.19,-2.2,44,55,33,0.212,0.203,0.212,11.3,15.2,12.9,51,28,950.3
5,2025-10-20,9.6,17.5,3.1,0.00,0.00,0.00,0.0,36000.00,13.29,7.0,20.5,3,2.18,-0.8,49,63,34,0.214,0.206,0.216,9.4,15.0,11.4,3,22,947.4
5,2025-10-21,11.1,19.6,3.2,0.00,0.00,0.00,0.0,34854.52,12.31,6.1,15.5,108,2.08,1.9,55,81,35,0.212,0.207,0.217,10.1,14.8,11.5,3,65,945.5
5,2025-10-22,12.7,22.9,4.3,0.00,0.00,0.00,0.0,36000.00,12.75,8.3,17.6,147,2.24,0.8,49,80,22,0.210,0.208,0.218,11.7,14.7,12.2,2,14,948.5
5,2025-10-23,12.9,23.2,3.6,0.00,0.00,0.00,0.0,36000.00,12.61,8.0,17.3,88,2.39,1.3,49,75,24,0.210,0.211,0.221,12.0,14.7,12.5,3,57,948.7
5,2025-10-24,14.7,25.7,5.4,0.00,0.00,0.00,0.0,32809.42,10.94,10.2,16.2,140,2.38,1.5,45,73,19,0.208,0.210,0.221,13.4,14.7,13.2,3,80,944.8
5,2025-10-25,17.3,25.3,11.9,0.10,0.10,0.00,1.0,29303.40,9.49,11.3,23.4,195,2.64,3.6,42,62,22,0.205,0.208,0.219,16.0,14.9,14.8,51,89,942.3
5,2025-10-26,14.4,20.6,10.1,0.50,0.50,0.00,5.0,13572.84,6.71,7.2,20.2,4,1.50,5.6,57,78,31,0.204,0.207,0.218,14.6,15.2,14.9,51,75,943.5
5,2025-10-27,11.0,18.1,7.0,0.00,0.00,0.00,0.0,36000.00,11.78,10.4,19.4,8,2.17,0.9,51,62,35,0.207,0.207,0.219,11.8,15.3,13.6,3,26,945.5
5,2025-10-28,11.1,18.9,6.4,1.20,1.20,0.00,6.0,9095.17,5.45,11.3,26.3,58,1.35,3.9,63,87,41,0.213,0.206,0.218,10.8,15.2,12.3,51,88,944.0
5,2025-10-29,11.4,15.7,7.5,0.50,0.50,0.00,4.0,31079.06,6.92,9.0,20.5,179,1.15,8.0,80,93,61,0.228,0.205,0.217,11.8,15.1,12.5,51,54,947.5
5,2025-10-30,10.2,18.3,3.9,0.00,0.00,0.00,0.0,36000.00,11.46,8.4,22.0,92,1.84,4.4,70,93,43,0.230,0.205,0.217,10.4,14.9,11.8,0,0,946.8
5,2025-10-31,12.3,23.2,4.1,0.40,0.40,0.00,3.0,34269.84,11.12,23.0,42.8,223,2.82,-0.1,48,87,17,0.231,0.207,0.218,11.5,14.7,11.7,51,70,944.7
5,2025-11-01,9.0,12.8,5.1,0.00,0.00,0.00,0.0,33785.29,8.64,16.9,34.2,322,1.58,2.5,65,85,47,0.231,0.207,0.219,11.0,14.6,12.4,3,50,953.7
5,2025-11-02,9.0,19.2,0.7,0.00,0.00,0.00,0.0,36000.00,11.26,7.6,15.5,136,1.82,1.4,64,94,31,0.230,0.207,0.219,9.1,14.4,10.8,2,14,944.5
5,2025-11-03,9.4,15.1,6.2,2.40,2.40,0.00,6.0,30239.47,9.53,13.0,27.7,313,1.75,1.5,59,84,40,0.230,0.206,0.219,10.5,14.2,10.9,53,75,944.7
5,2025-11-04,4.3,6.8,0.4,10.60,9.90,0.49,23.0,9071.08,2.60,17.8,37.8,292,0.46,2.5,89,97,77,0.326,0.208,0.220,7.9,14.0,10.3,73,88,949.1
5,2025-11-05,-0.2,1.9,-3.1,2.40,0.20,1.54,10.0,34477.25,6.68,11.9,25.6,336,0.77,-3.7,79,96,55,0.343,0.213,0.219,4.4,13.6,7.5,73,61,960.3
5,2025-11-06,-1.8,2.8,-4.3,0.00,0.00,0.00,0.0,28020.97,8.00,8.4,20.5,27,0.82,-5.8,75,88,54,0.333,0.220,0.222,1.6,12.8,4.6,3,41,958.6
5,2025-11-07,-1.1,4.7,-5.6,0.00,0.00,0.00,0.0,28702.60,8.71,6.0,17.6,1,0.89,-6.3,70,98,44,0.328,0.229,0.226,-0.6,11.9,3.1,3,71,952.3
5,2025-11-08,2.7,13.5,-4.6,0.00,0.00,0.00,0.0,35426.85,10.57,6.8,15.1,142,1.40,-3.6,68,93,33,0.324,0.237,0.230,0.1,11.0,2.2,1,1,949.8
5,2025-11-09,4.2,14.8,-1.9,0.00,0.00,0.00,0.0,35280.68,10.32,8.3,17.6,174,1.50,-2.3,67,89,28,0.319,0.241,0.232,3.5,10.2,3.6,3,29,947.0
5,2025-11-10,3.9,8.5,0.2,0.00,0.00,0.00,0.0,639.25,3.66,8.6,17.6,80,0.92,-3.5,59,76,46,0.315,0.244,0.233,3.7,9.8,4.7,3,82,949.2
5,2025-11-11,4.7,13.8,-1.8,0.00,0.00,0.00,0.0,34992.60,9.80,8.4,14.4,129,1.37,-1.5,67,86,36,0.313,0.246,0.234,4.1,9.6,4.9,3,15,951.1
5,2025-11-12,6.2,16.1,-0.5,0.00,0.00,0.00,0.0,34656.78,9.61,9.4,18.0,150,1.59,-1.7,61,82,29,0.309,0.247,0.235,5.5,9.4,5.6,1,11,950.7
5,2025-11-13,7.1,16.6,0.7,0.00,0.00,0.00,0.0,33308.27,9.06,9.3,15.8,106,1.62,-1.4,58,79,27,0.301,0.247,0.235,6.4,9.3,6.3,3,32,952.7
5,2025-11-14,5.4,12.9,-1.3,0.00,0.00,0.00,0.0,26975.83,8.43,7.6,14.0,47,1.20,-0.0,70,94,40,0.295,0.247,0.235,4.8,9.3,6.1,3,91,951.4
5,2025-11-15,5.5,16.4,-2.0,0.00,0.00,0.00,0.0,34191.74,9.55,8.5,13.3,109,1.39,-0.9,67,94,32,0.293,0.248,0.236,4.7,9.3,5.9,0,2,949.2
5,2025-11-16,5.7,15.2,-1.4,0.00,0.00,0.00,0.0,28518.48,7.49,8.3,11.9,104,1.16,-1.4,63,86,32,0.292,0.249,0.237,4.5,9.2,5.7,3,88,947.7
5,2025-11-17,7.8,16.3,2.0,0.00,0.00,0.00,0.0,31863.27,9.15,7.9,13.7,87,1.36,0.6,63,85,35,0.290,0.249,0.238,5.9,9.2,6.5,3,35,951.8
5,2025-11-18,6.6,17.2,-1.4,0.00,0.00,0.00,0.0,31941.30,9.08,7.2,13.3,128,1.37,-0.6,64,91,32,0.285,0.247,0.238,5.3,9.2,6.3,3,20,949.8
5,2025-11-19,9.2,18.4,3.7,0.70,0.70,0.00,3.0,29244.87,6.85,9.4,15.8,158,1.33,0.5,58,75,23,0.280,0.246,0.237,7.7,9.2,7.0,51,53,950.4
5,2025-11-20,7.4,13.2,3.7,0.00,0.00,0.00,0.0,31733.08,8.70,8.2,16.9,40,1.23,1.1,65,79,44,0.278,0.245,0.237,6.6,9.3,7.5,0,4,955.7
5,2025-11-21,5.1,13.6,-1.9,0.00,0.00,0.00,0.0,31805.94,8.70,7.7,14.0,57,1.17,0.3,73,94,47,0.275,0.245,0.237,4.3,9.3,6.2,1,4,957.5
5,2025-11-22,4.2,12.4,-1.1,0.00,0.00,0.00,0.0,31148.39,8.59,9.4,21.2,22,1.14,0.5,79,100,48,0.273,0.244,0.237,4.1,9.2,5.5,1,9,957.9
5,2025-11-23,2.8,10.2,-2.5,0.00,0.00,0.00,0.0,31215.08,8.61,9.1,14.0,40,0.98,-0.2,82,96,59,0.274,0.245,0.238,2.9,9.0,5.0,1,8,954.7
5,2025-11-24,3.3,12.8,-3.2,0.00,0.00,0.00,0.0,30914.91,8.55,5.1,11.9,116,1.06,-1.5,73,93,46,0.277,0.246,0.239,1.7,8.8,4.1,0,0,953.2
5,2025-11-25,2.8,13.3,-4.0,0.00,0.00,0.00,0.0,30977.95,8.69,9.9,18.4,26,1.15,-2.9,69,90,38,0.280,0.248,0.241,1.4,8.4,3.3,0,0,953.4
5,2025-11-26,3.2,13.7,-5.1,0.00,0.00,0.00,0.0,31039.63,8.71,6.5,13.0,144,1.10,-2.5,71,100,36,0.282,0.250,0.242,1.2,8.0,3.0,0,0,945.0
5,2025-11-27,4.2,16.3,-2.8,0.00,0.00,0.00,0.0,30732.19,8.60,6.9,15.5,142,1.28,-3.7,61,83,28,0.281,0.251,0.243,2.4,7.7,3.6,0,0,946.5
5,2025-11-28,4.1,14.1,-2.2,0.00,0.00,0.00,0.0,30419.96,8.38,7.7,15.8,134,1.25,-4.4,57,81,30,0.280,0.251,0.243,2.4,7.6,3.7,2,22,949.6
5,2025-11-29,1.1,9.4,-4.5,0.00,0.00,0.00,0.0,30106.27,8.11,5.9,10.4,125,0.94,-4.7,67,84,43,0.282,0.253,0.245,-0.3,7.4,2.9,3,48,949.0
5,2025-11-30,0.1,7.7,-4.9,0.00,0.00,0.00,0.0,28818.57,7.41,6.9,10.4,110,0.85,-5.1,69,84,49,0.285,0.255,0.246,-2.6,7.0,1.5,3,66,949.6
5,2025-12-01,-0.8,5.9,-5.7,0.00,0.00,0.00,0.0,30210.48,8.12,7.3,13.7,64,0.83,-5.8,70,83,52,0.285,0.255,0.247,-3.3,6.6,0.2,0,2,949.5
5,2025-12-02,-1.0,9.4,-7.1,0.00,0.00,0.00,0.0,30259.82,8.12,7.1,13.3,128,0.96,-7.1,66,85,37,0.285,0.258,0.250,-2.9,6.1,-0.0,1,3,946.5
5,2025-12-03,0.9,11.5,-5.6,0.00,0.00,0.00,0.0,25769.35,6.71,7.8,15.8,150,1.04,-7.0,58,75,31,0.285,0.259,0.251,-1.9,5.7,-0.1,3,56,945.3
5,2025-12-04,2.7,7.7,-1.2,0.20,0.20,0.00,1.0,349.46,3.27,8.1,13.7,149,0.69,-3.3,65,76,50,0.288,0.261,0.253,1.4,5.3,0.2,51,94,948.3
5,2025-12-05,4.2,8.3,1.7,0.90,0.90,0.00,8.0,21255.30,5.03,6.6,12.2,145,0.72,-0.7,70,84,56,0.293,0.262,0.253,2.2,5.1,1.3,51,98,953.5
5,2025-12-06,3.5,8.0,-0.6,0.10,0.10,0.00,1.0,29631.75,7.42,8.7,11.9,153,0.84,0.7,82,92,66,0.306,0.265,0.256,3.3,5.1,2.5,51,27,953.6
5,2025-12-07,2.1,7.7,-1.3,0.30,0.30,0.00,3.0,24965.21,5.09,9.7,15.8,155,0.68,-0.9,81,92,66,0.307,0.264,0.256,1.5,5.2,2.4,51,44,948.0
5,2025-12-08,2.8,4.7,-0.2,10.50,10.50,0.00,17.0,11284.74,2.55,8.3,22.3,170,0.36,1.3,90,92,85,0.380,0.269,0.255,2.7,5.3,2.7,61,77,948.5
5,2025-12-09,-0.1,1.6,-2.8,7.40,3.70,2.59,11.0,0.00,2.46,14.0,28.4,5,0.29,-0.8,95,100,91,0.396,0.287,0.252,1.5,5.3,2.4,73,96,949.6
5,2025-12-10,-5.9,-3.1,-8.7,2.50,0.00,1.75,10.0,24654.85,5.53,12.6,25.6,12,0.41,-8.2,84,94,72,0.390,0.300,0.254,0.1,5.3,1.6,73,74,960.0
5,2025-12-11,-3.9,1.3,-8.8,0.30,0.30,0.00,2.0,28607.16,7.17,9.7,21.6,45,0.74,-9.1,68,86,47,0.373,0.308,0.255,-1.8,5.1,0.7,51,86,950.7
5,2025-12-12,4.5,8.0,-1.5,0.80,0.80,0.00,5.0,3889.81,2.94,14.2,24.8,156,0.60,1.8,83,93,70,0.371,0.312,0.255,0.5,4.8,0.4,51,99,939.2
5,2025-12-13,5.2,9.6,1.3,4.50,4.50,0.00,8.0,17700.43,4.26,6.8,13.3,133,0.57,3.3,88,94,76,0.388,0.316,0.256,3.4,4.7,2.1,53,98,939.7
5,2025-12-14,7.8,13.6,5.1,7.90,7.90,0.00,14.0,24973.29,6.04,9.6,26.6,161,0.89,5.1,83,91,60,0.432,0.339,0.256,5.8,4.9,4.3,61,79,938.5
5,2025-12-15,-0.1,8.3,-3.2,2.70,1.80,0.63,12.0,18692.94,3.72,15.8,33.5,21,0.43,-2.2,86,95,74,0.418,0.357,0.256,2.5,5.3,4.2,71,53,950.2
5,2025-12-16,-0.7,4.0,-4.6,0.10,0.10,0.00,1.0,26737.39,6.62,8.3,11.2,125,0.62,-2.5,88,96,69,0.398,0.363,0.258,-0.3,5.3,1.6,51,87,949.0
5,2025-12-17,-0.8,0.9,-2.8,3.10,1.30,1.26,18.0,285.20,2.75,7.9,16.2,357,0.33,-2.7,87,95,78,0.396,0.364,0.259,-0.5,5.0,0.8,73,100,950.1
5,2025-12-18,-3.0,-1.4,-4.3,2.00,0.00,1.40,16.0,0.00,2.49,7.8,17.3,21,0.27,-4.4,90,92,86,0.389,0.365,0.261,-0.9,4.8,0.7,71,99,954.7
5,2025-12-19,-1.4,1.7,-2.7,0.80,0.00,0.56,8.0,30375.03,5.92,7.1,12.2,72,0.49,-2.9,90,95,82,0.383,0.364,0.266,-1.2,4.6,0.4,71,72,955.9
5,2025-12-20,-1.6,1.6,-3.8,1.70,0.90,0.56,6.0,3780.47,3.76,6.5,12.2,139,0.40,-3.3,88,96,74,0.380,0.365,0.273,-2.1,4.3,0.2,73,83,943.0
5,2025-12-21,-1.1,1.8,-3.9,2.10,0.80,0.91,15.0,13733.84,3.53,7.3,12.2,112,0.38,-2.4,91,97,80,0.387,0.365,0.273,-1.9,4.1,0.0,71,75,949.1
5,2025-12-22,-2.8,2.2,-5.4,0.00,0.00,0.00,0.0,30718.20,7.26,8.8,18.0,47,0.59,-4.8,86,95,72,0.383,0.366,0.273,-1.7,3.9,-0.1,1,11,953.8
5,2025-12-23,-2.1,2.2,-4.5,0.00,0.00,0.00,0.0,28713.72,6.18,7.5,14.8,142,0.60,-4.8,82,95,64,0.381,0.366,0.275,-2.1,3.7,-0.2,3,37,951.0
5,2025-12-24,1.2,7.7,-3.7,0.00,0.00,0.00,0.0,20523.25,5.31,11.2,23.0,153,0.90,-5.1,64,82,48,0.379,0.366,0.275,-0.5,3.5,-0.2,3,41,949.1
5,2025-12-25,0.1,5.1,-3.5,0.00,0.00,0.00,0.0,22418.86,5.43,8.6,17.6,143,0.69,-4.8,70,81,58,0.377,0.367,0.276,-1.0,3.4,-0.2,3,81,943.1
5,2025-12-26,1.1,4.2,-1.3,2.30,1.80,0.35,12.0,3594.11,2.47,19.3,42.5,259,0.46,-1.6,82,92,67,0.382,0.367,0.276,-0.7,3.3,-0.2,71,79,945.2
5,2025-12-27,-1.8,0.4,-3.6,0.00,0.00,0.00,0.0,7510.42,4.17,7.2,10.8,53,0.38,-2.9,92,98,84,0.386,0.368,0.278,-0.7,3.2,-0.1,3,99,945.5
5,2025-12-28,2.3,7.4,-2.7,0.10,0.10,0.00,1.0,1843.65,3.70,12.3,22.7,158,0.73,-1.7,76,91,62,0.383,0.368,0.278,0.5,3.1,-0.1,51,85,937.8
5,2025-12-29,7.1,14.1,3.7,0.00,0.00,0.00,0.0,30960.12,7.00,15.8,28.8,157,1.43,1.3,67,76,55,0.378,0.367,0.278,4.0,3.0,0.7,3,58,934.6
5,2025-12-30,6.2,10.8,2.5,0.30,0.30,0.00,3.0,9078.11,3.54,10.4,19.4,179,0.78,1.1,70,81,55,0.373,0.365,0.278,3.9,3.2,2.4,51,94,931.7
5,2025-12-31,4.9,10.1,1.9,1.90,1.90,0.00,10.0,21600.00,5.37,21.1,42.1,234,0.87,1.4,78,88,65,0.377,0.363,0.278,4.3,3.5,3.4,51,64,939.4
6,2025-01-01,-1.2,2.2,-6.2,1.10,0.60,0.35,7.0,28800.00,5.51,7.3,15.8,131,0.48,-2.5,91,96,80,0.419,0.379,0.366,-0.5,1.3,-1.4,71,70,953.5
6,2025-01-02,-2.2,0.8,-5.4,0.60,0.30,0.21,6.0,23158.40,4.76,10.8,22.7,179,0.38,-3.9,88,92,83,0.403,0.383,0.366,-0.6,1.3,-1.2,71,78,955.6
6,2025-01-03,-1.5,3.9,-6.5,0.00,0.00,0.00,0.0,28800.00,6.69,7.5,14.0,148,0.62,-4.0,83,92,64,0.399,0.384,0.367,-0.5,1.3,-1.0,3,37,957.9
6,2025-01-04,-5.3,0.3,-8.8,0.00,0.00,0.00,0.0,29504.38,7.20,7.3,16.2,44,0.53,-7.4,85,93,71,0.395,0.385,0.367,-1.5,1.3,-0.9,2,23,950.7
6,2025-01-05,-5.0,-3.3,-6.6,0.00,0.00,0.00,0.0,15623.98,3.65,9.0,19.8,242,0.27,-6.1,92,97,83,0.393,0.384,0.370,-2.6,1.3,-1.0,3,92,954.2
6,2025-01-06,-4.1,-0.4,-8.1,0.00,0.00,0.00,0.0,17380.77,5.11,6.3,10.1,135,0.44,-6.2,85,92,77,0.391,0.383,0.371,-2.5,1.3,-1.1,3,91,957.4
6,2025-01-07,-2.8,2.9,-6.3,0.00,0.00,0.00,0.0,29087.57,7.41,8.1,17.6,119,0.62,-5.0,85,92,70,0.389,0.382,0.371,-1.3,1.3,-1.1,3,67,953.8
6,2025-01-08,-2.1,0.1,-4.9,9.20,0.00,6.44,24.0,9210.35,3.84,23.5,48.2,208,0.42,-3.9,88,100,75,0.388,0.382,0.372,-0.5,1.3,-1.0,73,100,963.6
6,2025-01-09,-8.9,-4.4,-15.4,0.90,0.00,0.63,4.0,29456.24,7.83,17.1,33.5,172,0.53,-11.4,83,90,69,0.385,0.382,0.372,-0.5,1.3,-0.9,73,33,971.9
6,2025-01-10,-11.5,-3.4,-17.2,0.00,0.00,0.00,0.0,30009.95,7.99,8.4,16.6,94,0.51,-15.0,75,79,68,0.383,0.381,0.372,-2.5,1.2,-0.8,0,2,960.9
6,2025-01-11,-7.6,-0.9,-11.6,0.00,0.00,0.00,0.0,30345.38,8.07,5.6,11.2,94,0.62,-12.9,67,74,50,0.381,0.380,0.372,-3.9,1.2,-0.9,0,1,957.6
6,2025-01-12,-8.7,-0.8,-13.2,0.00,0.00,0.00,0.0,30288.39,8.16,6.7,13.3,83,0.60,-12.2,76,84,66,0.381,0.379,0.373,-4.0,1.2,-1.1,0,4,955.6
6,2025-01-13,-9.0,-0.5,-12.6,0.00,0.00,0.00,0.0,30613.38,8.12,6.9,13.0,82,0.60,-12.7,75,81,58,0.380,0.378,0.374,-4.1,1.2,-1.2,0,6,954.1
6,2025-01-14,-9.1,-0.2,-14.7,0.00,0.00,0.00,0.0,30551.11,8.50,6.7,14.0,100,0.62,-12.6,77,85,65,0.380,0.375,0.374,-4.1,1.2,-1.3,0,0,951.1
6,2025-01-15,-7.0,3.4,-13.3,0.00,0.00,0.00,0.0,30871.60,8.60,8.3,16.6,131,0.71,-10.2,79,88,59,0.379,0.375,0.374,-3.1,1.2,-1.5,3,28,949.2
6,2025-01-16,-4.2,3.6,-9.6,0.00,0.00,0.00,0.0,29547.38,7.84,7.9,16.6,136,0.77,-8.6,73,85,51,0.379,0.374,0.374,-2.1,1.2,-1.4,3,59,949.5
6,2025-01-17,-2.7,4.8,-8.8,0.00,0.00,0.00,0.0,27607.59,7.75,10.1,22.0,124,0.78,-6.9,74,86,57,0.380,0.374,0.374,-1.2,1.1,-1.3,3,66,947.5
6,2025-01-18,-2.9,2.4,-6.8,0.00,0.00,0.00,0.0,23879.04,7.08,5.9,14.0,89,0.63,-6.2,79,87,65,0.383,0.375,0.375,-1.0,1.1,-1.1,3,86,947.4
6,2025-01-19,-2.8,-0.0,-5.6,0.00,0.00,0.00,0.0,24940.68,6.15,5.4,12.6,44,0.51,-5.5,82,92,71,0.387,0.377,0.377,-2.1,1.1,-1.1,3,87,950.3
6,2025-01-20,-4.6,0.7,-9.5,0.00,0.00,0.00,0.0,30517.15,8.69,8.0,16.6,114,0.69,-7.2,83,93,64,0.387,0.377,0.378,-2.7,1.1,-1.1,3,63,946.3
6,2025-01-21,-0.4,6.8,-4.1,0.00,0.00,0.00,0.0,30063.43,8.36,10.4,21.2,138,0.90,-4.2,76,88,52,0.394,0.377,0.378,-1.8,1.1,-1.1,3,54,943.5
6,2025-01-22,-2.1,1.7,-6.5,7.90,1.70,4.34,23.0,0.00,2.51,22.0,50.0,199,0.37,-4.1,86,93,75,0.406,0.380,0.378,-1.2,1.1,-1.1,75,97,949.3
6,2025-01-23,-10.3,-6.9,-18.7,0.90,0.00,0.63,9.0,31412.74,7.76,26.4,51.5,225,0.47,-13.6,77,86,68,0.401,0.381,0.378,-1.0,1.1,-1.0,71,62,966.9
6,2025-01-24,-21.0,-14.1,-27.1,0.00,0.00,0.00,0.0,33475.56,10.04,9.3,19.4,75,0.35,-24.9,71,83,52,0.394,0.380,0.378,-4.5,1.1,-1.1,0,1,975.6
6,2025-01-25,-15.8,-5.6,-23.1,0.00,0.00,0.00,0.0,33613.63,10.03,9.4,21.2,89,0.61,-21.5,62,78,48,0.392,0.380,0.379,-6.2,1.0,-1.8,0,0,961.1
6,2025-01-26,-10.9,-1.6,-17.5,0.00,0.00,0.00,0.0,33408.83,9.91,7.1,14.4,90,0.73,-15.9,68,79,49,0.391,0.380,0.379,-6.0,1.0,-2.6,3,41,953.0
6,2025-01-27,-6.7,3.3,-14.7,0.00,0.00,0.00,0.0,26978.01,8.13,7.2,16.9,162,0.78,-11.2,71,80,53,0.390,0.379,0.379,-4.7,1.0,-2.5,3,96,952.8
6,2025-01-28,-5.2,1.3,-10.7,0.00,0.00,0.00,0.0,30467.38,8.91,5.6,10.8,79,0.77,-9.7,71,81,53,0.390,0.379,0.379,-4.2,1.0,-2.0,3,76,952.5
6,2025-01-29,-4.9,0.2,-9.9,1.00,0.00,0.70,3.0,27148.56,8.09,12.1,25.6,202,0.70,-8.7,75,90,63,0.389,0.379,0.380,-3.7,0.9,-1.9,73,93,952.0
6,2025-01-30,-2.3,-0.6,-4.7,7.30,0.00,5.11,24.0,0.00,4.10,20.2,38.2,215,0.35,-3.4,92,96,89,0.388,0.378,0.380,-1.8,0.9,-1.6,73,100,956.3
6,2025-01-31,-3.8,-2.4,-5.8,8.50,0.10,5.95,24.0,1746.36,6.22,19.6,34.2,215,0.44,-5.1,91,96,86,0.386,0.378,0.379,-1.3,0.9,-1.5,73,99,958.6
6,2025-02-01,-8.3,-4.7,-13.2,0.50,0.00,0.35,4.0,34650.40,10.27,11.0,22.3,187,0.69,-10.6,83,96,69,0.384,0.377,0.377,-0.6,0.9,-1.3,71,68,962.9
6,2025-02-02,-11.8,-3.6,-15.8,0.00,0.00,0.00,0.0,34809.90,10.37,9.4,15.8,91,0.70,-15.9,72,82,53,0.381,0.377,0.377,-1.4,0.9,-1.2,3,29,960.5
6,2025-02-03,-13.3,-5.1,-17.8,0.00,0.00,0.00,0.0,34971.72,10.99,11.0,20.5,79,0.67,-17.3,72,79,55,0.380,0.377,0.378,-3.1,0.9,-1.2,0,7,956.9
6,2025-02-04,-13.3,-4.5,-19.5,0.00,0.00,0.00,0.0,35135.65,11.99,11.2,20.5,98,0.80,-19.2,62,78,45,0.379,0.376,0.378,-4.0,0.8,-1.2,0,2,950.5
6,2025-02-05,-14.2,-5.7,-19.8,0.00,0.00,0.00,0.0,35301.47,11.43,8.5,15.1,96,0.71,-19.7,63,71,47,0.378,0.376,0.375,-4.4,0.8,-1.4,2,23,951.6
6,2025-02-06,-12.0,-2.7,-17.6,0.00,0.00,0.00,0.0,35469.00,11.74,10.4,16.9,102,0.84,-17.1,66,72,51,0.376,0.374,0.374,-3.9,0.8,-1.5,1,7,952.1
6,2025-02-07,-9.7,-0.6,-14.8,0.00,0.00,0.00,0.0,35638.04,11.38,10.8,18.0,96,0.87,-13.7,73,81,55,0.375,0.374,0.374,-3.7,0.8,-1.6,1,22,949.6
6,2025-02-08,-10.2,-2.3,-14.9,0.00,0.00,0.00,0.0,35808.41,12.11,10.4,18.4,87,0.86,-14.0,74,80,60,0.375,0.373,0.374,-4.3,0.8,-1.9,0,1,949.0
6,2025-02-09,-10.3,-3.3,-16.5,0.00,0.00,0.00,0.0,35907.53,12.58,11.2,19.1,97,0.88,-14.4,73,84,56,0.375,0.373,0.374,-4.6,0.8,-2.2,0,0,951.0
6,2025-02-10,-13.1,-8.0,-17.8,0.00,0.00,0.00,0.0,35992.46,12.67,8.8,15.8,65,0.72,-17.6,69,81,55,0.375,0.372,0.374,-4.3,0.7,-2.5,0,3,956.1
6,2025-02-11,-11.8,-2.3,-19.3,0.00,0.00,0.00,0.0,36000.00,12.67,9.3,16.6,90,0.92,-16.0,71,76,59,0.376,0.372,0.375,-4.3,0.7,-2.5,0,2,955.4
6,2025-02-12,-7.9,-1.8,-14.3,0.20,0.00,0.14,2.0,36000.00,12.87,11.2,23.0,186,0.93,-11.6,75,93,62,0.375,0.371,0.375,-4.1,0.7,-2.5,71,34,955.1
6,2025-02-13,-5.7,-2.5,-9.3,0.10,0.00,0.07,1.0,36000.00,11.80,7.6,16.2,240,0.82,-6.6,93,97,85,0.374,0.370,0.374,-2.9,0.7,-2.3,71,52,958.4
6,2025-02-14,-9.1,-2.0,-13.6,0.00,0.00,0.00,0.0,36000.00,12.96,11.0,18.4,80,0.87,-11.5,83,91,65,0.373,0.369,0.372,-3.4,0.6,-2.1,0,2,953.0
6,2025-02-15,-8.5,0.4,-14.7,0.00,0.00,0.00,0.0,36000.00,13.41,11.9,21.2,122,1.02,-11.7,78,86,56,0.373,0.369,0.372,-4.3,0.6,-2.3,2,15,945.7
6,2025-02-16,-6.1,-1.3,-10.2,0.00,0.00,0.00,0.0,36000.00,13.06,9.0,15.1,101,0.98,-8.5,83,89,75,0.375,0.369,0.373,-3.3,0.6,-2.3,3,65,951.3
6,2025-02-17,-6.2,-0.3,-10.3,0.00,0.00,0.00,0.0,36000.00,12.94,8.3,14.4,78,0.99,-8.7,82,90,72,0.375,0.369,0.374,-3.3,0.6,-2.2,3,48,957.7
6,2025-02-18,-7.6,-0.4,-13.5,0.00,0.00,0.00,0.0,36000.00,13.87,9.8,18.7,81,0.99,-9.9,84,90,75,0.377,0.369,0.374,-3.6,0.6,-2.2,0,4,954.1
6,2025-02-19,-8.0,0.4,-15.3,0.00,0.00,0.00,0.0,36000.00,13.54,10.9,20.2,99,1.15,-12.0,74,85,48,0.381,0.369,0.374,-4.2,0.5,-2.3,3,46,949.0
6,2025-02-20,-4.9,3.8,-12.2,0.00,0.00,0.00,0.0,36000.00,13.55,9.5,16.6,112,1.33,-9.7,70,81,49,0.395,0.369,0.374,-3.6,0.5,-2.4,3,23,951.8
6,2025-02-21,-4.6,3.8,-11.1,0.00,0.00,0.00,0.0,36000.00,14.41,9.0,16.2,95,1.34,-8.3,76,86,52,0.418,0.371,0.373,-2.8,0.5,-2.1,0,0,953.4
6,2025-02-22,-5.2,3.6,-12.2,0.00,0.00,0.00,0.0,36078.95,15.05,8.5,18.0,92,1.37,-8.7,78,89,55,0.429,0.378,0.373,-3.0,0.5,-2.0,0,0,950.4
6,2025-02-23,-3.7,6.5,-12.2,0.00,0.00,0.00,0.0,36110.41,15.34,10.6,21.2,106,1.58,-8.1,73,87,60,0.439,0.387,0.373,-2.5,0.5,-1.9,2,21,949.0
6,2025-02-24,-2.5,8.7,-9.1,0.00,0.00,0.00,0.0,36022.55,15.34,11.0,22.0,100,1.66,-7.3,71,82,35,0.446,0.401,0.374,-1.5,0.5,-1.7,3,40,943.8
6,2025-02-25,0.7,8.2,-7.4,0.00,0.00,0.00,0.0,34801.55,13.68,9.7,18.4,91,1.65,-5.0,68,85,42,0.449,0.414,0.377,-1.8,0.4,-1.6,3,80,939.2
6,2025-02-26,-1.7,1.7,-4.4,8.50,0.20,5.81,10.0,2078.42,6.71,24.0,46.8,215,0.63,-4.3,83,96,69,0.445,0.420,0.380,-2.5,0.4,-1.5,75,96,947.6
6,2025-02-27,-4.6,-1.9,-8.7,0.00,0.00,0.00,0.0,34052.12,13.86,9.8,19.8,23,0.92,-5.7,92,96,86,0.436,0.415,0.379,-2.1,0.4,-1.5,3,77,953.2
6,2025-02-28,-4.6,-2.5,-6.2,0.00,0.00,0.00,0.0,21111.83,9.59,8.6,18.7,8,0.67,-5.5,94,97,90,0.430,0.415,0.383,-2.6,0.4,-1.5,3,87,950.3
6,2025-03-01,-3.5,-0.4,-6.1,0.00,0.00,0.00,0.0,29126.14,12.24,7.7,18.7,40,0.94,-4.7,92,99,82,0.428,0.411,0.385,-1.8,0.4,-1.5,3,78,954.0
6,2025-03-02,-3.1,2.5,-8.2,0.00,0.00,0.00,0.0,37757.74,15.75,9.9,20.5,71,1.43,-6.8,77,90,60,0.431,0.410,0.387,-1.9,0.4,-1.5,3,43,949.0
6,2025-03-03,-3.4,0.1,-5.6,3.10,0.00,2.17,9.0,8925.27,9.07,24.3,46.4,214,0.90,-7.4,75,87,58,0.431,0.410,0.388,-2.6,0.4,-1.5,73,91,945.7
6,2025-03-04,-4.6,0.5,-8.8,0.10,0.00,0.07,1.0,38880.78,16.27,13.1,27.0,183,1.41,-9.5,70,84,49,0.424,0.408,0.389,-1.7,0.4,-1.4,71,42,960.3
6,2025-03-05,-3.3,2.8,-10.6,0.00,0.00,0.00,0.0,33112.60,13.11,9.4,20.2,73,1.35,-9.3,65,78,45,0.421,0.407,0.390,-1.3,0.4,-1.4,3,74,957.4
6,2025-03-06,3.5,12.4,-5.5,0.00,0.00,0.00,0.0,38911.40,16.78,16.6,32.8,145,2.63,-7.0,50,77,23,0.427,0.409,0.391,-0.7,0.3,-1.3,3,49,946.7
6,2025-03-07,3.4,5.2,1.9,8.50,6.40,1.47,20.0,702.11,5.59,22.3,47.2,182,0.77,0.4,82,92,48,0.437,0.421,0.391,1.0,0.3,-1.1,73,100,942.3
6,2025-03-08,2.3,4.2,0.4,10.20,4.90,3.71,24.0,1304.61,6.20,28.9,63.0,195,0.84,0.1,85,92,76,0.438,0.432,0.394,0.9,0.3,-0.9,73,98,945.7
6,2025-03-09,3.8,7.3,-1.0,11.60,10.40,0.84,24.0,19134.56,7.01,25.1,69.5,214,0.98,1.6,86,95,74,0.452,0.447,0.401,1.5,0.3,-0.7,73,85,943.5
6,2025-03-10,1.2,7.1,-2.9,0.20,0.00,0.14,2.0,41277.52,17.70,12.6,31.3,190,1.97,-5.8,63,89,35,0.434,0.443,0.409,0.6,0.3,-0.6,71,22,955.6
6,2025-03-11,3.5,10.7,-2.8,0.00,0.00,0.00,0.0,41465.93,17.19,15.5,33.5,246,2.25,-4.3,58,86,38,0.424,0.434,0.412,2.4,0.3,-0.4,3,20,953.9
6,2025-03-12,0.8,4.7,-2.9,0.00,0.00,0.00,0.0,41655.14,16.24,18.7,32.8,27,1.68,-3.4,75,95,49,0.417,0.428,0.412,1.8,0.3,-0.2,3,34,958.9
6,2025-03-13,0.1,7.0,-4.8,0.00,0.00,0.00,0.0,41845.03,18.86,8.3,23.4,55,2.14,-7.6,60,86,30,0.415,0.425,0.414,0.5,0.3,-0.1,3,19,958.3
6,2025-03-14,3.6,12.9,-2.9,0.00,0.00,0.00,0.0,40144.22,18.68,11.7,23.0,79,2.78,-7.5,46,63,26,0.414,0.423,0.416,0.9,0.3,-0.1,3,36,954.5
6,2025-03-15,6.0,15.0,-2.0,0.00,0.00,0.00,0.0,40491.24,15.98,10.4,23.0,87,2.65,-4.7,48,68,28,0.408,0.419,0.416,3.2,0.3,0.0,3,73,951.5
6,2025-03-16,6.4,13.9,-0.2,1.20,1.20,0.00,3.0,42417.49,17.02,9.4,23.4,156,2.45,0.3,67,87,45,0.405,0.413,0.414,4.1,0.3,0.4,53,34,953.9
6,2025-03-17,7.4,16.6,-0.3,0.00,0.00,0.00,0.0,42608.83,18.93,11.0,20.5,119,2.97,-0.6,61,84,31,0.399,0.408,0.412,4.9,0.3,0.8,0,0,953.7
6,2025-03-18,7.9,17.8,-0.2,0.00,0.00,0.00,0.0,42722.33,19.54,10.9,20.2,92,3.36,-2.1,53,75,26,0.388,0.401,0.409,5.3,0.4,1.8,0,0,952.3
6,2025-03-19,9.0,20.7,-0.6,0.00,0.00,0.00,0.0,42799.79,19.85,10.8,22.0,90,3.55,-1.6,50,65,25,0.378,0.394,0.407,6.2,0.4,3.4,0,0,948.9
6,2025-03-20,11.2,22.6,1.2,0.00,0.00,0.00,0.0,42877.06,19.91,10.0,19.4,106,3.73,0.4,50,76,25,0.368,0.386,0.404,8.3,0.4,5.3,0,0,947.9
6,2025-03-21,13.8,25.0,3.6,0.00,0.00,0.00,0.0,42954.14,19.94,13.4,28.8,163,4.30,0.3,42,62,21,0.357,0.378,0.401,10.2,0.5,6.8,3,30,949.4
6,2025-03-22,11.5,17.0,8.6,0.40,0.40,0.00,3.0,11212.23,8.83,11.8,20.2,56,1.87,5.3,67,86,47,0.352,0.372,0.398,9.9,0.6,7.7,51,100,949.1
6,2025-03-23,10.5,15.2,6.2,10.20,10.20,0.00,15.0,26406.14,10.23,9.7,38.5,28,1.68,7.4,81,94,66,0.382,0.373,0.398,9.5,0.7,7.5,61,99,945.0
6,2025-03-24,4.2,6.0,1.2,11.00,11.00,0.00,20.0,0.00,2.21,9.3,19.1,333,0.39,3.6,96,99,91,0.446,0.415,0.397,5.5,0.8,5.9,53,100,945.4
6,2025-03-25,-0.8,2.1,-4.5,0.00,0.00,0.00,0.0,42635.87,18.96,22.3,47.5,21,1.66,-5.2,74,98,52,0.423,0.427,0.398,3.0,0.8,3.4,3,60,954.8
6,2025-03-26,-1.0,5.0,-6.5,0.00,0.00,0.00,0.0,43200.00,21.77,24.8,51.1,35,2.27,-8.5,59,78,38,0.411,0.419,0.401,0.4,0.9,1.5,1,4,957.5
6,2025-03-27,2.7,9.7,-3.9,0.00,0.00,0.00,0.0,37175.99,18.68,11.5,29.2,31,2.32,-3.8,64,80,44,0.404,0.412,0.403,1.0,0.9,1.1,3,81,947.1
6,2025-03-28,4.3,8.6,-0.5,0.00,0.00,0.00,0.0,37059.90,16.81,13.2,29.5,231,2.18,-1.8,66,82,49,0.396,0.406,0.402,2.1,0.9,1.1,3,96,951.4
6,2025-03-29,5.2,8.4,1.8,0.50,0.50,0.00,5.0,11166.63,9.95,7.6,19.8,194,1.39,1.1,76,90,60,0.393,0.400,0.400,3.8,0.9,1.9,51,98,955.5
6,2025-03-30,6.9,13.9,0.3,0.10,0.10,0.00,1.0,43200.00,18.36,8.6,24.5,70,2.72,0.4,67,92,39,0.389,0.396,0.398,5.9,0.9,3.5,51,55,955.9
6,2025-03-31,8.0,16.6,-0.7,0.10,0.10,0.00,1.0,43411.05,20.81,9.4,18.4,92,3.26,0.0,62,90,31,0.377,0.389,0.395,7.0,1.0,4.7,51,22,954.5
6,2025-04-01,8.7,15.6,1.6,0.70,0.70,0.00,5.0,36017.22,13.57,16.2,32.4,199,2.41,0.8,60,84,34,0.368,0.382,0.391,7.3,1.1,5.5,51,57,950.0
6,2025-04-02,8.2,15.3,0.4,0.00,0.00,0.00,0.0,43627.24,20.52,12.3,29.9,35,3.15,1.1,64,89,39,0.361,0.376,0.388,7.6,1.2,5.7,1,9,950.6
6,2025-04-03,9.8,19.3,-1.2,0.00,0.00,0.00,0.0,44224.84,22.67,10.5,21.6,92,3.73,0.7,58,92,30,0.349,0.368,0.386,8.4,1.3,5.9,0,0,948.3
6,2025-04-04,16.4,26.6,4.6,0.10,0.10,0.00,1.0,42017.61,23.00,20.2,40.7,154,6.17,-1.9,32,58,15,0.334,0.356,0.382,11.6,1.7,7.6,51,35,942.4
6,2025-04-05,12.8,18.7,8.5,16.30,16.30,0.00,17.0,4285.50,6.02,18.9,39.6,194,1.55,7.1,73,92,20,0.391,0.362,0.379,11.2,2.5,9.3,63,82,947.0
6,2025-04-06,12.2,18.9,5.2,0.20,0.20,0.00,1.0,43736.93,22.31,9.6,19.8,82,3.65,6.4,71,99,41,0.403,0.390,0.379,11.4,3.3,8.7,51,22,948.7
6,2025-04-07,14.3,21.6,6.7,1.10,1.10,0.00,5.0,26746.36,12.83,16.6,37.4,172,3.00,7.1,63,78,44,0.383,0.386,0.378,11.6,4.0,9.2,51,80,947.4
6,2025-04-08,17.2,22.4,11.0,1.10,1.10,0.00,3.0,45596.90,20.44,27.2,55.8,195,4.43,8.2,58,78,35,0.374,0.380,0.376,14.1,4.8,10.7,51,24,949.9
6,2025-04-09,14.1,20.0,7.0,0.00,0.00,0.00,0.0,43577.54,21.79,10.5,26.6,308,3.76,7.3,66,91,44,0.360,0.373,0.375,13.3,5.5,10.9,3,35,949.8
6,2025-04-10,14.3,20.9,6.9,0.00,0.00,0.00,0.0,45857.40,23.41,20.5,42.1,49,4.38,5.4,59,89,33,0.344,0.363,0.372,13.4,6.1,11.0,0,1,950.3
6,2025-04-11,16.2,24.3,7.2,0.00,0.00,0.00,0.0,45943.59,24.05,15.0,28.4,68,4.92,4.8,50,70,28,0.325,0.351,0.369,14.3,6.6,11.4,2,7,945.6
6,2025-04-12,19.5,28.3,11.6,0.50,0.50,0.00,1.0,46050.76,22.68,11.1,29.9,113,5.29,3.9,38,63,21,0.304,0.333,0.361,16.5,7.2,12.8,53,18,941.2
6,2025-04-13,19.2,28.7,9.1,0.00,0.00,0.00,0.0,46156.92,24.45,9.6,23.4,126,5.23,4.9,42,60,21,0.289,0.319,0.354,16.9,7.8,13.8,3,32,941.5
6,2025-04-14,18.2,21.8,11.9,3.40,3.40,0.00,7.0,43439.76,19.69,24.4,49.7,236,4.18,8.8,56,80,37,0.299,0.312,0.351,16.8,8.5,14.6,61,38,951.2
6,2025-04-15,15.6,22.1,7.7,0.00,0.00,0.00,0.0,46365.68,19.12,17.2,41.0,196,3.95,5.5,54,82,31,0.293,0.308,0.348,14.8,8.9,13.3,3,61,949.4
6,2025-04-16,10.4,13.0,6.1,10.80,10.80,0.00,19.0,34739.90,14.44,26.9,60.1,242,2.18,5.9,75,93,54,0.352,0.311,0.347,12.3,9.2,12.4,61,66,948.3
6,2025-04-17,11.1,17.7,3.0,0.00,0.00,0.00,0.0,42968.90,24.55,10.9,25.9,75,3.88,3.7,64,90,37,0.356,0.324,0.347,11.8,9.2,10.9,3,50,945.4
6,2025-04-18,10.9,14.7,4.8,0.30,0.30,0.00,3.0,43599.71,21.78,18.6,40.0,289,3.49,2.5,58,81,40,0.333,0.325,0.348,12.0,9.1,11.4,51,78,944.5
6,2025-04-19,8.2,12.1,2.9,0.10,0.10,0.00,1.0,46798.73,24.69,13.2,30.2,331,3.51,-3.2,46,71,30,0.319,0.323,0.347,9.9,9.1,10.0,51,88,948.7
6,2025-04-20,9.4,15.2,3.6,0.90,0.90,0.00,4.0,47800.98,25.30,9.5,20.9,116,3.80,1.6,61,87,37,0.318,0.320,0.347,11.3,8.9,10.3,51,15,954.2
6,2025-04-21,11.8,19.3,2.2,0.00,0.00,0.00,0.0,46800.00,25.73,14.3,31.3,41,4.53,1.5,53,83,30,0.311,0.317,0.345,11.9,8.8,10.7,3,47,952.0
6,2025-04-22,15.1,23.2,5.0,0.00,0.00,0.00,0.0,46800.00,24.52,12.2,29.9,35,4.71,3.5,50,80,26,0.293,0.307,0.340,13.8,8.9,11.9,3,72,951.0
6,2025-04-23,14.3,19.3,9.6,1.10,1.10,0.00,5.0,23533.69,14.31,10.8,27.7,196,2.82,7.6,65,87,47,0.284,0.301,0.337,14.0,9.1,12.7,53,99,951.2
6,2025-04-24,14.5,18.9,10.1,4.00,4.00,0.00,8.0,42265.13,17.45,15.6,28.4,157,2.99,9.4,73,92,51,0.304,0.300,0.337,14.3,9.4,12.8,61,71,951.0
6,2025-04-25,14.4,21.7,6.4,0.90,0.90,0.00,2.0,47634.50,23.31,13.2,30.6,68,4.05,8.2,70,96,40,0.319,0.301,0.335,14.4,9.6,12.7,53,19,948.5
6,2025-04-26,17.0,25.3,8.3,0.10,0.10,0.00,1.0,48281.17,25.06,10.2,18.4,115,4.81,7.1,56,87,31,0.303,0.297,0.333,16.2,9.8,13.7,51,12,946.2
6,2025-04-27,20.3,28.8,11.0,0.00,0.00,0.00,0.0,45968.33,24.30,16.1,31.7,161,5.83,6.9,45,71,25,0.285,0.291,0.329,17.7,10.1,15.0,3,46,947.7
6,2025-04-28,24.3,30.7,16.7,0.40,0.40,0.00,3.0,46800.00,21.96,18.1,35.3,152,6.08,8.6,38,50,26,0.268,0.283,0.326,20.0,10.7,16.7,51,74,946.8
6,2025-04-29,25.4,33.2,17.8,0.10,0.10,0.00,1.0,43200.00,23.64,17.2,33.1,89,6.25,10.7,41,59,25,0.253,0.276,0.323,22.1,11.4,18.6,51,89,946.1
6,2025-04-30,16.3,20.9,11.2,0.00,0.00,0.00,0.0,49186.15,20.61,18.3,41.0,9,3.84,9.4,65,84,49,0.245,0.275,0.323,18.6,12.1,18.4,3,41,952.5
6,2025-05-01,14.5,20.0,9.6,1.10,1.10,0.00,5.0,47095.55,21.91,21.4,43.6,22,4.06,6.5,60,79,39,0.242,0.273,0.322,16.4,12.4,16.2,51,51,949.2
6,2025-05-02,16.9,23.1,11.0,0.40,0.40,0.00,4.0,46800.00,23.45,12.2,27.0,286,4.39,9.3,64,93,41,0.248,0.271,0.322,17.6,12.5,16.2,51,49,949.9
6,2025-05-03,16.0,22.7,9.7,0.00,0.00,0.00,0.0,49792.85,27.45,19.5,34.9,46,5.33,4.9,50,77,31,0.247,0.268,0.321,16.9,12.7,16.2,0,2,953.8
6,2025-05-04,18.1,27.2,7.2,0.00,0.00,0.00,0.0,49865.28,27.46,9.9,20.5,79,5.46,5.9,49,79,25,0.238,0.266,0.321,17.6,12.8,16.2,3,28,945.5
6,2025-05-05,20.8,27.5,12.0,0.00,0.00,0.00,0.0,49937.13,23.80,14.6,30.6,38,5.38,6.5,43,73,23,0.228,0.260,0.317,19.1,13.0,17.4,3,49,943.9
6,2025-05-06,18.0,24.3,10.4,0.00,0.00,0.00,0.0,50008.36,27.80,17.4,37.4,39,6.07,4.3,42,64,27,0.221,0.257,0.316,18.1,13.2,17.3,0,1,946.8
6,2025-05-07,19.7,29.1,10.1,0.00,0.00,0.00,0.0,50042.03,28.00,17.3,34.9,56,6.42,6.3,45,70,24,0.216,0.255,0.315,19.1,13.4,17.5,3,52,939.6
6,2025-05-08,21.7,32.1,10.7,0.00,0.00,0.00,0.0,48314.15,25.25,10.9,20.9,80,5.66,9.1,49,78,21,0.208,0.248,0.311,20.5,13.7,18.5,3,60,938.2
6,2025-05-09,22.5,30.9,14.3,1.90,1.90,0.00,3.0,41547.09,21.75,21.5,39.6,248,5.85,10.0,49,81,27,0.203,0.243,0.308,21.8,14.0,19.7,55,93,942.3
6,2025-05-10,21.2,26.9,16.2,2.40,2.40,0.00,6.0,47650.76,21.23,15.3,36.0,213,4.76,12.5,61,87,35,0.247,0.240,0.306,21.3,14.5,19.9,53,57,948.5
6,2025-05-11,17.3,22.3,13.2,7.60,7.60,0.00,13.0,44076.35,20.20,11.2,33.8,186,3.75,11.2,68,80,50,0.262,0.244,0.309,19.3,14.8,18.9,63,70,948.4
6,2025-05-12,18.9,25.9,11.1,0.00,0.00,0.00,0.0,50474.12,26.81,12.2,28.8,52,5.40,9.6,59,89,32,0.299,0.247,0.308,19.4,14.9,18.4,2,13,949.2
6,2025-05-13,20.8,29.1,11.9,0.00,0.00,0.00,0.0,50441.42,28.13,17.6,34.6,56,6.37,9.1,52,80,26,0.270,0.243,0.304,20.2,14.9,18.7,0,2,945.8
6,2025-05-14,22.6,32.0,11.8,0.00,0.00,0.00,0.0,50766.86,28.00,13.0,29.5,56,6.56,9.2,48,84,21,0.246,0.235,0.299,21.4,15.1,19.5,2,6,943.5
6,2025-05-15,23.9,33.5,12.8,0.00,0.00,0.00,0.0,50736.62,27.62,15.2,32.8,56,6.92,8.1,41,75,17,0.227,0.227,0.292,22.2,15.4,20.2,1,2,946.2
6,2025-05-16,25.2,35.3,14.0,0.00,0.00,0.00,0.0,50707.10,28.26,11.8,24.1,77,6.94,9.4,41,70,19,0.210,0.219,0.286,23.6,15.7,21.2,0,1,945.2
6,2025-05-17,27.0,36.9,15.3,0.00,0.00,0.00,0.0,51038.48,28.62,11.4,22.3,116,6.90,9.0,36,57,16,0.197,0.213,0.282,25.3,16.1,22.4,2,15,939.0
6,2025-05-18,20.4,23.5,15.9,7.00,7.00,0.00,13.0,30520.36,15.81,21.9,49.3,214,4.36,11.0,56,75,37,0.220,0.215,0.284,22.2,16.6,22.5,61,78,943.6
6,2025-05-19,15.2,18.0,11.7,0.40,0.40,0.00,4.0,48262.06,18.86,26.4,60.1,255,3.84,7.4,60,72,46,0.266,0.218,0.285,18.0,16.7,19.2,51,40,950.2
6,2025-05-20,15.8,22.9,7.6,0.00,0.00,0.00,0.0,50960.31,28.08,15.3,33.5,46,5.35,5.8,55,90,30,0.249,0.218,0.283,17.7,16.5,17.4,0,3,949.7
6,2025-05-21,19.7,28.4,8.0,0.00,0.00,0.00,0.0,51663.12,28.30,8.4,19.4,109,5.64,5.8,45,81,22,0.234,0.217,0.281,19.7,16.2,18.3,3,18,947.8
6,2025-05-22,22.6,31.8,10.9,0.00,0.00,0.00,0.0,50548.36,27.36,9.6,18.0,112,5.93,7.2,41,72,19,0.221,0.213,0.278,21.9,16.2,19.8,3,38,944.7
6,2025-05-23,24.6,32.0,14.8,3.00,3.00,0.00,8.0,41500.72,22.67,28.9,46.1,198,6.10,8.8,40,90,22,0.213,0.209,0.275,23.8,16.4,21.6,55,93,942.8
6,2025-05-24,19.5,25.0,14.4,0.90,0.90,0.00,4.0,50400.00,28.07,10.7,28.8,220,5.25,9.6,57,89,32,0.240,0.212,0.277,22.1,16.8,21.5,51,32,948.0
6,2025-05-25,21.6,29.2,11.8,0.00,0.00,0.00,0.0,51949.03,27.77,14.5,24.8,57,6.15,7.7,45,75,22,0.226,0.214,0.277,22.2,16.9,20.8,3,59,942.2
6,2025-05-26,18.8,23.3,15.0,4.30,4.30,0.00,9.0,36253.49,18.86,18.4,37.8,233,4.02,10.6,61,87,39,0.253,0.214,0.277,20.7,17.1,20.8,61,85,944.6
6,2025-05-27,14.7,19.4,9.4,0.00,0.00,0.00,0.0,51916.15,28.80,20.3,43.6,21,5.30,5.0,55,83,33,0.255,0.218,0.279,18.5,17.1,19.2,3,19,951.0
6,2025-05-28,16.0,23.3,7.7,0.00,0.00,0.00,0.0,46004.05,25.01,20.4,40.0,30,5.51,2.4,43,66,22,0.242,0.219,0.279,17.7,16.9,17.9,3,90,946.6
6,2025-05-29,19.1,26.5,10.0,0.00,0.00,0.00,0.0,52256.96,28.86,20.7,40.0,33,6.79,3.9,39,63,24,0.225,0.214,0.276,19.4,16.7,18.3,3,14,944.4
6,2025-05-30,18.0,24.7,9.7,0.00,0.00,0.00,0.0,52615.13,29.91,19.5,41.4,24,6.74,1.7,36,61,18,0.211,0.211,0.275,19.9,16.6,19.1,3,44,941.2
6,2025-05-31,18.5,24.3,11.4,0.00,0.00,0.00,0.0,45054.63,26.97,10.8,28.1,353,5.54,3.6,38,62,26,0.203,0.213,0.276,20.0,16.6,19.3,3,95,944.6
6,2025-06-01,19.2,22.9,15.2,0.00,0.00,0.00,0.0,7579.77,13.31,12.8,28.8,197,3.42,6.5,45,58,31,0.198,0.215,0.277,19.7,16.7,19.4,3,100,947.4
6,2025-06-02,21.0,26.7,14.5,0.00,0.00,0.00,0.0,43385.26,21.44,7.9,19.8,140,4.64,8.7,48,73,31,0.192,0.213,0.275,21.3,16.7,19.6,3,92,947.0
6,2025-06-03,23.1,30.2,13.8,0.00,0.00,0.00,0.0,50964.75,26.20,9.2,20.5,122,5.90,8.2,42,70,22,0.182,0.208,0.271,23.2,16.8,20.8,3,77,943.8
6,2025-06-04,24.8,31.8,16.4,0.00,0.00,0.00,0.0,49619.60,27.84,9.5,19.8,106,6.39,8.2,38,60,20,0.177,0.203,0.266,25.0,17.2,22.3,3,72,941.9
6,2025-06-05,25.7,33.4,15.5,0.30,0.30,0.00,2.0,47211.74,27.65,10.8,21.2,93,6.69,8.2,37,66,18,0.173,0.200,0.263,25.9,17.6,23.4,51,34,940.4
6,2025-06-06,27.4,35.7,17.7,0.00,0.00,0.00,0.0,52934.48,28.44,15.2,23.8,70,7.45,8.0,33,58,16,0.170,0.197,0.260,27.2,18.1,24.4,3,25,940.9
6,2025-06-07,26.4,32.7,19.0,0.20,0.20,0.00,1.0,51731.51,26.63,21.8,44.3,252,7.63,10.0,37,50,24,0.170,0.198,0.260,27.2,18.6,25.1,51,75,944.2
6,2025-06-08,25.0,30.5,19.6,0.40,0.40,0.00,2.0,35073.05,23.26,10.2,23.8,215,5.43,13.0,49,69,31,0.175,0.200,0.261,27.0,19.1,25.3,51,89,948.7
6,2025-06-09,26.4,33.2,17.8,0.00,0.00,0.00,0.0,52224.16,28.61,12.9,30.6,59,7.15,10.5,40,67,21,0.174,0.200,0.260,27.3,19.5,25.2,3,52,945.1
6,2025-06-10,26.8,34.4,18.1,0.00,0.00,0.00,0.0,37757.42,23.07,21.7,37.1,22,7.07,9.7,37,61,20,0.173,0.200,0.259,27.2,19.9,25.7,3,93,943.4
6,2025-06-11,25.6,31.9,18.5,0.00,0.00,0.00,0.0,49258.46,28.46,22.3,43.9,28,7.67,8.5,36,57,22,0.175,0.203,0.261,26.9,20.3,25.7,3,57,945.2
6,2025-06-12,25.9,32.6,18.6,0.10,0.10,0.00,1.0,52166.74,28.57,16.0,32.8,33,7.23,7.4,33,54,19,0.176,0.203,0.260,26.7,20.5,25.4,51,36,945.6
6,2025-06-13,23.9,29.0,17.4,0.30,0.30,0.00,2.0,26136.34,17.31,13.0,36.0,221,4.47,11.1,46,63,32,0.180,0.206,0.262,25.1,20.7,25.0,51,95,945.3
6,2025-06-14,24.1,30.2,17.0,0.20,0.20,0.00,1.0,43808.59,21.31,9.1,19.4,186,4.87,13.3,54,87,33,0.184,0.208,0.263,25.4,20.8,24.5,51,74,944.8
6,2025-06-15,25.9,31.9,17.9,0.30,0.30,0.00,3.0,50287.87,23.62,8.9,21.2,160,5.38,12.8,48,79,28,0.183,0.206,0.262,26.3,20.9,24.8,51,72,941.8
6,2025-06-16,26.7,32.1,19.9,0.10,0.10,0.00,1.0,52927.57,26.78,19.5,34.2,226,7.18,12.0,42,59,28,0.181,0.205,0.261,27.2,21.1,25.5,51,19,939.6
6,2025-06-17,26.8,33.7,18.3,0.00,0.00,0.00,0.0,52930.70,28.09,10.8,19.4,64,6.66,10.5,39,62,22,0.179,0.204,0.260,27.9,21.3,26.0,1,10,938.4
6,2025-06-18,27.4,34.9,18.7,0.10,0.10,0.00,1.0,52555.63,26.02,13.9,24.5,78,6.76,10.6,37,56,22,0.182,0.203,0.259,28.2,21.5,26.5,51,24,938.8
6,2025-06-19,30.0,37.9,20.0,0.10,0.10,0.00,1.0,49339.79,28.18,10.2,19.4,101,7.01,10.6,32,49,18,0.184,0.206,0.260,29.4,21.8,27.0,51,32,936.8
6,2025-06-20,25.8,29.8,20.4,0.90,0.90,0.00,4.0,27361.98,18.64,20.1,40.7,339,5.34,13.2,46,65,35,0.189,0.211,0.263,27.9,22.1,27.3,51,82,942.6
6,2025-06-21,26.2,33.2,18.5,0.40,0.40,0.00,2.0,52952.35,27.35,13.1,27.4,148,6.75,12.5,46,71,25,0.197,0.215,0.267,27.1,22.3,26.2,51,15,944.8
6,2025-06-22,27.5,34.5,18.8,0.00,0.00,0.00,0.0,49347.84,25.79,9.9,20.9,35,6.37,10.9,38,60,21,0.190,0.215,0.267,27.7,22.4,26.4,3,57,939.5
6,2025-06-23,27.0,32.4,21.4,0.90,0.90,0.00,1.0,50223.79,25.89,13.8,30.6,183,6.22,12.3,42,58,27,0.194,0.217,0.270,27.8,22.5,26.7,53,73,940.1
6,2025-06-24,26.8,33.0,20.3,0.00,0.00,0.00,0.0,51491.46,27.12,12.3,28.1,191,6.50,13.1,45,66,27,0.197,0.218,0.270,27.7,22.6,26.8,2,26,939.9
6,2025-06-25,27.4,34.1,20.8,0.20,0.20,0.00,2.0,49119.86,26.71,11.5,28.1,104,6.61,12.6,41,57,26,0.199,0.220,0.273,28.1,22.8,26.9,51,47,937.7
6,2025-06-26,25.2,30.3,20.2,0.70,0.70,0.00,5.0,51480.30,21.96,20.0,40.7,177,5.78,11.5,44,58,27,0.209,0.227,0.280,26.6,22.9,26.6,51,48,938.9
6,2025-06-27,22.9,28.2,17.1,0.00,0.00,0.00,0.0,51870.82,26.86,18.7,40.3,249,6.13,9.7,45,60,30,0.210,0.229,0.282,25.0,22.9,25.4,3,22,943.1
6,2025-06-28,23.3,30.2,14.8,0.00,0.00,0.00,0.0,52640.52,29.65,10.6,23.8,41,6.59,9.2,43,62,27,0.203,0.226,0.280,24.7,22.7,24.3,0,0,938.7
6,2025-06-29,25.5,32.4,17.4,0.70,0.70,0.00,3.0,50400.00,24.03,18.6,40.0,231,6.56,9.0,38,63,20,0.198,0.223,0.278,25.0,22.6,24.5,51,48,935.4
6,2025-06-30,25.4,30.6,18.0,0.00,0.00,0.00,0.0,45540.41,26.58,17.4,37.4,248,6.57,8.5,36,61,22,0.194,0.220,0.277,25.4,22.5,24.7,3,51,935.5
6,2025-07-01,25.0,30.9,17.4,0.00,0.00,0.00,0.0,51922.35,28.92,13.2,33.1,302,6.94,7.8,35,55,23,0.191,0.218,0.275,25.5,22.4,24.8,3,18,938.6
6,2025-07-02,25.1,31.7,16.3,0.00,0.00,0.00,0.0,52314.31,29.42,14.1,31.0,25,7.01,8.8,38,60,24,0.183,0.214,0.272,26.0,22.4,25.0,0,1,941.7
6,2025-07-03,25.8,33.1,15.9,0.00,0.00,0.00,0.0,51951.26,29.47,18.0,33.5,41,7.65,9.4,39,66,23,0.180,0.210,0.270,26.6,22.4,25.4,0,0,942.3
6,2025-07-04,26.3,33.6,17.1,0.00,0.00,0.00,0.0,51966.39,29.51,12.3,27.0,35,7.25,9.9,39,62,21,0.177,0.208,0.268,27.3,22.5,26.1,0,0,940.1
6,2025-07-05,25.3,33.1,17.2,0.10,0.10,0.00,1.0,40330.70,16.02,23.7,46.4,190,5.55,10.5,42,63,23,0.181,0.212,0.271,25.5,22.7,25.7,51,40,935.7
6,2025-07-06,24.1,30.6,16.3,0.00,0.00,0.00,0.0,51997.66,29.37,13.6,32.8,347,6.84,9.0,41,65,24,0.181,0.212,0.271,25.5,22.7,25.1,2,6,938.1
6,2025-07-07,23.8,30.7,13.8,0.00,0.00,0.00,0.0,51262.64,29.16,9.3,23.0,24,6.49,7.9,39,66,22,0.182,0.212,0.271,25.4,22.7,25.0,1,19,936.8
6,2025-07-08,25.9,32.7,15.7,0.00,0.00,0.00,0.0,51655.98,28.62,9.6,24.1,32,6.79,8.8,37,60,22,0.179,0.209,0.268,26.9,22.7,25.5,3,19,937.7
6,2025-07-09,25.3,31.9,16.6,0.00,0.00,0.00,0.0,51299.81,27.00,14.6,27.0,3,6.61,9.3,38,56,24,0.180,0.209,0.268,26.9,22.8,26.0,3,35,936.6
6,2025-07-10,22.3,27.1,17.2,1.70,1.70,0.00,5.0,21302.78,15.17,13.8,33.1,212,3.61,12.1,53,76,39,0.190,0.217,0.273,24.7,22.9,25.4,53,73,938.4
6,2025-07-11,19.8,23.6,15.8,10.10,10.10,0.00,21.0,43415.93,19.15,14.6,37.8,211,3.75,14.5,73,93,51,0.276,0.221,0.275,22.6,22.8,23.8,61,75,944.7
6,2025-07-12,22.5,29.8,13.9,0.00,0.00,0.00,0.0,50988.12,26.22,7.3,19.4,66,5.43,12.2,55,81,32,0.276,0.223,0.273,23.4,22.5,22.9,1,6,945.6
6,2025-07-13,25.7,33.3,16.2,0.00,0.00,0.00,0.0,51010.46,28.74,9.4,22.3,70,6.59,11.9,46,73,25,0.247,0.216,0.267,25.4,22.4,23.9,2,6,940.5
6,2025-07-14,27.3,34.8,17.1,0.00,0.00,0.00,0.0,43637.41,23.25,11.5,22.0,36,6.10,11.3,41,69,20,0.226,0.206,0.260,26.4,22.4,25.0,3,60,937.0
6,2025-07-15,28.5,35.9,19.5,0.00,0.00,0.00,0.0,50395.37,26.11,10.6,18.4,87,6.46,10.3,35,58,18,0.209,0.200,0.256,27.9,22.5,25.9,3,47,937.4
6,2025-07-16,28.8,34.7,22.2,1.70,1.70,0.00,3.0,47097.15,25.30,12.8,30.2,152,6.72,12.3,38,53,24,0.203,0.199,0.254,28.7,22.8,27.0,53,60,938.4
6,2025-07-17,27.6,35.6,18.5,0.50,0.50,0.00,1.0,50736.05,24.07,14.8,30.6,163,6.16,12.3,41,67,22,0.206,0.197,0.252,28.2,23.1,27.0,53,29,941.0
6,2025-07-18,30.3,38.1,20.8,0.00,0.00,0.00,0.0,50761.71,27.06,14.7,29.5,193,7.42,11.6,34,54,18,0.201,0.198,0.252,29.1,23.3,27.4,2,15,941.0
6,2025-07-19,30.3,38.1,20.4,0.00,0.00,0.00,0.0,50420.03,26.98,13.5,23.4,277,7.14,10.9,33,58,18,0.193,0.198,0.251,29.7,23.6,28.0,2,14,938.2
6,2025-07-20,27.4,32.9,22.2,0.00,0.00,0.00,0.0,50447.19,26.05,24.2,49.7,43,7.96,10.7,36,46,26,0.191,0.202,0.253,28.8,24.0,28.3,2,19,939.7
6,2025-07-21,24.9,32.3,17.2,0.00,0.00,0.00,0.0,50474.71,28.45,22.1,41.8,27,8.03,6.3,32,53,17,0.191,0.206,0.256,27.2,24.2,27.4,1,6,941.7
6,2025-07-22,25.4,33.1,16.3,0.00,0.00,0.00,0.0,50502.50,28.95,22.3,46.8,39,8.92,5.1,29,49,16,0.188,0.206,0.256,26.4,24.2,26.4,2,10,942.4
6,2025-07-23,25.4,33.6,15.4,0.00,0.00,0.00,0.0,50400.00,28.54,21.6,45.7,36,8.65,5.9,31,51,16,0.185,0.205,0.256,26.6,24.2,26.3,0,0,936.4
6,2025-07-24,24.3,32.3,14.6,0.00,0.00,0.00,0.0,50400.00,28.43,18.0,38.5,28,7.54,5.0,31,54,17,0.182,0.205,0.256,26.1,24.2,26.2,0,1,934.1
6,2025-07-25,27.4,36.6,15.8,0.00,0.00,0.00,0.0,50400.00,28.11,9.2,24.5,73,6.81,7.4,31,53,16,0.179,0.204,0.255,27.4,24.1,26.4,0,0,933.6
6,2025-07-26,29.7,38.5,18.8,0.00,0.00,0.00,0.0,50400.00,27.19,12.3,20.9,147,7.53,7.1,26,40,14,0.175,0.201,0.253,29.1,24.2,27.6,2,19,934.8
6,2025-07-27,29.9,38.3,21.5,0.00,0.00,0.00,0.0,49064.80,24.40,18.1,38.9,334,7.66,9.3,29,43,17,0.173,0.201,0.252,29.9,24.5,28.5,3,40,936.7
6,2025-07-28,25.6,29.3,20.5,0.10,0.10,0.00,1.0,50400.00,21.92,17.0,42.1,13,5.76,12.8,46,64,38,0.177,0.209,0.257,27.8,24.7,28.3,51,53,938.9
6,2025-07-29,26.6,33.7,20.0,0.20,0.20,0.00,1.0,50400.00,23.86,16.8,34.9,202,6.14,12.7,45,64,25,0.178,0.209,0.257,27.8,24.8,27.3,51,38,937.8
6,2025-07-30,25.0,31.7,19.2,1.80,1.80,0.00,10.0,50385.49,22.58,13.6,33.5,168,5.56,12.7,50,82,26,0.190,0.208,0.256,26.7,24.8,26.8,51,48,937.3
6,2025-07-31,23.4,28.1,19.3,1.00,1.00,0.00,2.0,47244.38,21.27,15.4,29.9,183,4.79,12.4,51,60,38,0.193,0.208,0.256,25.9,24.8,26.4,53,62,938.8
6,2025-08-01,24.7,32.6,17.8,1.30,1.30,0.00,2.0,50400.00,22.84,20.0,33.5,170,5.59,11.0,45,63,23,0.200,0.210,0.257,26.3,24.7,26.1,53,40,937.4
6,2025-08-02,21.2,25.5,17.7,5.60,5.60,0.00,12.0,41155.11,19.05,21.6,49.7,213,4.29,13.7,64,79,43,0.226,0.214,0.260,24.2,24.6,25.3,61,68,940.9
6,2025-08-03,21.5,26.5,17.7,9.80,9.80,0.00,13.0,47914.83,21.34,15.1,38.2,182,4.41,14.7,67,83,47,0.259,0.214,0.260,23.4,24.3,24.1,61,52,943.2
6,2025-08-04,21.5,26.6,15.8,1.40,1.40,0.00,2.0,50135.15,22.57,14.4,31.7,43,5.00,13.3,62,84,43,0.287,0.214,0.258,23.3,24.0,23.9,53,33,944.0
6,2025-08-05,19.9,25.3,13.1,0.00,0.00,0.00,0.0,50400.00,26.55,19.9,40.3,33,6.18,7.0,46,72,28,0.268,0.212,0.255,22.5,23.7,23.4,1,5,946.0
6,2025-08-06,20.3,28.9,10.6,0.00,0.00,0.00,0.0,50400.00,27.28,12.7,28.1,40,6.10,5.9,42,71,22,0.244,0.210,0.254,22.0,23.4,22.6,0,0,944.5
6,2025-08-07,21.6,30.7,10.8,0.00,0.00,0.00,0.0,48750.40,21.45,14.1,29.2,49,5.44,6.2,41,73,21,0.226,0.207,0.252,22.0,23.1,22.6,3,70,941.2
6,2025-08-08,23.5,32.0,13.2,0.00,0.00,0.00,0.0,49580.92,24.65,9.7,24.1,175,5.66,7.5,40,70,18,0.213,0.206,0.251,23.7,22.9,23.3,3,36,941.0
6,2025-08-09,25.4,34.4,15.2,0.00,0.00,0.00,0.0,49202.64,23.89,18.8,37.8,209,6.85,8.1,36,56,19,0.202,0.207,0.251,25.2,22.9,24.5,2,16,941.6
6,2025-08-10,23.8,30.0,16.8,0.00,0.00,0.00,0.0,50164.86,24.47,18.0,39.6,31,6.45,9.1,41,61,28,0.194,0.207,0.251,25.5,23.0,25.1,1,17,943.0
6,2025-08-11,23.1,29.7,15.6,0.00,0.00,0.00,0.0,50076.14,25.81,14.1,34.6,30,6.24,8.1,40,64,25,0.187,0.205,0.250,25.0,23.1,25.0,1,3,945.0
6,2025-08-12,25.9,35.7,13.8,0.40,0.40,0.00,1.0,49650.23,22.95,22.5,51.5,227,6.73,9.5,39,71,21,0.184,0.203,0.248,25.6,23.2,24.9,51,18,941.5
6,2025-08-13,24.6,30.8,17.5,0.00,0.00,0.00,0.0,49896.05,25.84,13.8,30.6,13,6.34,6.7,33,50,21,0.182,0.201,0.247,25.5,23.3,25.5,0,1,943.1
6,2025-08-14,25.5,33.5,16.4,0.00,0.00,0.00,0.0,49041.46,21.99,17.4,33.5,208,6.01,8.4,37,62,19,0.180,0.201,0.247,25.9,23.4,25.3,3,27,940.7
6,2025-08-15,23.6,28.7,19.2,0.30,0.30,0.00,3.0,47702.37,21.98,17.9,35.6,224,5.42,9.5,42,61,28,0.187,0.205,0.250,25.1,23.6,25.5,51,42,942.0
6,2025-08-16,24.9,32.1,17.4,0.20,0.20,0.00,2.0,48102.12,23.75,10.7,29.2,177,5.63,9.1,38,51,22,0.186,0.204,0.249,25.8,23.6,25.2,51,32,939.5
6,2025-08-17,23.7,28.7,18.6,0.10,0.10,0.00,1.0,48144.35,22.92,19.4,38.9,238,5.72,9.7,42,59,28,0.192,0.205,0.250,25.6,23.7,25.7,51,38,942.6
6,2025-08-18,19.9,24.9,16.8,2.80,2.80,0.00,6.0,42323.23,18.65,17.4,34.2,185,4.24,11.5,59,73,40,0.214,0.212,0.255,23.1,23.8,24.5,61,65,946.4
6,2025-08-19,21.2,27.5,15.5,0.00,0.00,0.00,0.0,48231.37,21.47,10.3,25.9,163,4.95,9.8,50,73,32,0.228,0.216,0.258,23.0,23.6,23.5,1,21,945.5
6,2025-08-20,22.4,30.0,13.1,0.00,0.00,0.00,0.0,47939.85,24.43,9.4,22.0,50,5.55,8.7,45,71,25,0.216,0.214,0.256,23.2,23.4,23.4,2,16,940.7
6,2025-08-21,23.5,30.9,14.9,0.20,0.20,0.00,2.0,47606.39,21.63,11.7,23.4,159,5.09,8.2,40,64,22,0.206,0.210,0.254,24.0,23.3,23.8,51,17,940.6
6,2025-08-22,25.6,33.4,18.1,0.00,0.00,0.00,0.0,45599.17,21.45,18.0,38.2,197,6.22,7.2,32,43,19,0.198,0.207,0.253,25.0,23.3,24.4,3,47,939.9
6,2025-08-23,22.9,29.3,17.2,0.00,0.00,0.00,0.0,43653.17,19.60,22.5,41.8,10,5.27,7.8,39,56,26,0.194,0.207,0.252,24.1,23.3,24.3,3,69,940.0
6,2025-08-24,21.8,27.5,16.2,0.00,0.00,0.00,0.0,45851.70,20.21,14.9,34.2,13,5.02,8.6,45,67,30,0.190,0.206,0.252,23.8,23.3,24.1,3,44,945.1
6,2025-08-25,22.2,29.3,13.3,0.00,0.00,0.00,0.0,46848.74,22.90,16.7,35.6,38,5.96,7.4,42,71,22,0.188,0.207,0.253,23.2,23.2,23.4,0,1,946.8
6,2025-08-26,22.0,29.9,13.9,0.00,0.00,0.00,0.0,46495.62,23.71,14.8,31.7,29,5.96,6.9,40,61,25,0.184,0.205,0.251,23.5,23.2,23.6,0,0,946.8
6,2025-08-27,21.3,29.7,12.0,0.00,0.00,0.00,0.0,46475.97,23.84,16.1,34.6,33,5.89,5.4,39,64,20,0.180,0.203,0.250,22.9,23.1,23.4,0,0,946.9
6,2025-08-28,22.5,31.7,12.0,0.00,0.00,0.00,0.0,46258.21,23.54,17.0,34.2,38,6.10,5.8,38,67,18,0.177,0.200,0.248,23.5,23.0,23.5,0,0,945.3
6,2025-08-29,23.2,32.2,12.7,0.00,0.00,0.00,0.0,46187.06,23.17,15.2,28.4,42,5.77,6.3,37,67,19,0.175,0.199,0.247,24.1,23.0,24.0,0,2,943.7
6,2025-08-30,24.8,32.8,13.5,0.00,0.00,0.00,0.0,45039.86,21.00,24.5,49.0,247,7.10,5.4,32,61,17,0.175,0.197,0.246,24.8,23.1,24.4,3,38,940.8
6,2025-08-31,17.0,21.2,12.3,0.00,0.00,0.00,0.0,45729.26,22.95,17.9,40.0,275,4.94,2.8,39,49,28,0.178,0.198,0.246,21.8,23.2,23.9,3,20,948.6
6,2025-09-01,16.9,23.8,8.0,0.00,0.00,0.00,0.0,45759.33,21.90,12.9,29.9,209,4.56,0.8,36,60,21,0.180,0.201,0.248,19.7,22.9,21.2,3,48,945.2
6,2025-09-02,17.4,21.6,11.3,0.00,0.00,0.00,0.0,44804.23,19.64,14.5,32.4,340,4.50,4.2,43,60,30,0.183,0.204,0.250,20.5,22.6,21.5,2,19,942.1
6,2025-09-03,15.4,21.6,9.0,0.00,0.00,0.00,0.0,44835.91,22.43,18.3,37.8,15,4.53,3.6,48,69,29,0.184,0.206,0.251,18.6,22.3,20.3,1,5,948.6
6,2025-09-04,16.9,25.5,7.1,0.00,0.00,0.00,0.0,44867.73,22.32,16.8,36.7,44,5.08,4.1,47,75,25,0.185,0.207,0.252,18.9,22.0,19.8,0,0,948.3
6,2025-09-05,18.9,28.4,9.2,0.00,0.00,0.00,0.0,44899.69,22.09,13.9,32.4,40,5.12,4.6,42,69,20,0.186,0.207,0.253,19.9,21.7,20.5,0,0,943.1
6,2025-09-06,20.7,29.7,10.4,0.00,0.00,0.00,0.0,44604.96,21.52,11.0,27.4,172,4.80,5.6,41,66,21,0.181,0.204,0.251,21.2,21.6,21.2,2,10,943.4
6,2025-09-07,23.9,33.2,14.1,0.00,0.00,0.00,0.0,44311.09,20.21,8.4,25.2,95,4.97,4.8,31,41,17,0.175,0.199,0.247,23.6,21.6,22.5,3,21,941.8
6,2025-09-08,23.8,30.3,17.8,0.30,0.30,0.00,3.0,40091.79,16.68,18.5,35.3,212,5.46,7.0,35,54,23,0.170,0.196,0.244,24.3,21.8,23.5,51,57,939.8
6,2025-09-09,20.9,25.9,16.4,0.00,0.00,0.00,0.0,43725.78,19.24,24.1,50.8,229,4.90,8.7,47,67,29,0.174,0.197,0.245,22.6,22.0,23.4,1,17,945.2
6,2025-09-10,19.8,26.1,13.1,0.30,0.30,0.00,1.0,43200.00,17.95,10.5,26.6,195,4.05,7.5,47,63,30,0.180,0.197,0.245,21.4,22.0,22.0,51,49,944.1
6,2025-09-11,19.5,24.9,14.0,0.10,0.10,0.00,1.0,43200.00,19.65,23.1,48.6,237,5.10,5.7,43,62,22,0.184,0.196,0.244,21.3,22.0,22.0,51,33,945.9
6,2025-09-12,17.8,26.0,9.0,0.00,0.00,0.00,0.0,43445.90,20.18,15.2,28.1,39,4.53,3.1,41,68,21,0.184,0.196,0.244,19.8,21.9,20.8,3,24,946.3
6,2025-09-13,17.9,23.8,13.1,0.50,0.50,0.00,3.0,35904.07,15.72,15.7,33.8,17,3.76,4.5,43,61,25,0.182,0.196,0.243,20.2,21.7,21.0,51,80,944.7
6,2025-09-14,14.2,19.3,10.5,0.00,0.00,0.00,0.0,42912.06,19.76,19.1,41.4,25,3.89,4.7,55,81,36,0.185,0.197,0.244,18.5,21.6,20.2,3,21,951.9
6,2025-09-15,14.8,24.0,5.5,0.00,0.00,0.00,0.0,42880.10,19.86,12.1,28.4,42,4.04,2.2,46,71,24,0.188,0.201,0.247,17.1,21.3,18.6,2,11,948.5
6,2025-09-16,15.7,24.6,10.7,1.60,1.60,0.00,3.0,28822.53,11.89,20.2,39.6,231,2.72,7.9,63,88,30,0.197,0.204,0.248,17.5,20.9,18.7,53,80,947.4
6,2025-09-17,16.2,22.6,10.0,0.60,0.60,0.00,3.0,40391.76,14.92,12.4,26.6,351,2.93,10.2,71,95,43,0.211,0.205,0.249,17.7,20.6,18.5,51,59,948.1
6,2025-09-18,15.2,19.7,11.5,3.60,3.60,0.00,8.0,14984.98,10.17,10.4,25.6,25,2.20,8.8,67,85,46,0.247,0.207,0.250,16.9,20.4,18.3,53,90,947.7
6,2025-09-19,14.1,20.6,7.9,1.80,1.80,0.00,4.0,40506.15,16.25,12.7,33.1,185,2.96,7.9,68,92,42,0.261,0.210,0.252,16.2,20.1,17.4,53,26,947.9
6,2025-09-20,13.5,19.5,8.4,1.00,1.00,0.00,2.0,40563.27,15.00,11.4,30.2,179,2.72,5.9,63,86,37,0.267,0.211,0.252,15.6,19.7,17.0,53,24,947.5
6,2025-09-21,14.1,22.8,5.5,0.00,0.00,0.00,0.0,41270.02,18.82,14.8,30.2,63,3.85,3.5,54,85,26,0.259,0.208,0.248,15.6,19.4,16.4,1,2,947.5
6,2025-09-22,17.9,28.6,7.1,0.20,0.20,0.00,1.0,36000.00,15.79,10.1,23.4,118,3.76,3.4,41,69,18,0.242,0.204,0.245,17.0,19.1,17.1,51,52,943.9
6,2025-09-23,14.5,18.5,10.5,28.00,28.00,0.00,19.0,12973.75,7.25,26.1,57.2,200,1.79,9.8,75,97,41,0.328,0.210,0.244,16.2,19.1,17.8,63,84,948.5
6,2025-09-24,12.8,17.4,8.6,5.20,5.20,0.00,7.0,40139.97,14.76,13.0,28.1,207,2.48,7.2,71,90,47,0.393,0.281,0.244,15.4,18.8,16.2,61,27,954.9
6,2025-09-25,14.0,22.7,6.4,0.00,0.00,0.00,0.0,39871.46,17.86,14.4,31.3,62,3.54,5.1,59,84,32,0.346,0.289,0.243,14.8,18.5,15.6,0,0,946.3
6,2025-09-26,15.6,25.6,4.7,0.00,0.00,0.00,0.0,36000.00,16.43,17.5,33.1,192,3.69,5.0,53,88,28,0.320,0.284,0.241,15.5,18.2,15.9,3,46,943.7
6,2025-09-27,19.4,27.2,13.0,0.10,0.10,0.00,1.0,39600.00,15.63,15.5,33.8,175,4.37,5.8,43,58,24,0.298,0.277,0.237,18.2,18.2,17.4,51,21,950.1
6,2025-09-28,19.3,27.4,13.0,0.00,0.00,0.00,0.0,39600.00,16.05,11.4,23.8,148,3.64,7.8,50,71,26,0.280,0.271,0.235,18.7,18.3,18.2,2,11,950.2
6,2025-09-29,18.1,26.6,10.2,0.30,0.30,0.00,3.0,39600.00,15.48,12.0,24.8,176,3.18,7.6,54,79,26,0.267,0.266,0.234,18.3,18.4,18.2,51,68,946.7
6,2025-09-30,15.8,20.0,12.4,6.40,6.40,0.00,17.0,27074.85,10.16,17.9,49.7,207,2.18,10.7,73,86,54,0.300,0.263,0.233,17.1,18.5,18.0,61,81,944.6
6,2025-10-01,7.1,12.4,3.8,16.70,16.70,0.00,23.0,0.00,2.42,23.2,43.2,229,0.49,5.0,86,96,78,0.389,0.285,0.234,11.9,18.4,15.6,61,95,946.5
6,2025-10-02,7.1,13.2,1.6,0.00,0.00,0.00,0.0,39600.00,16.42,7.7,20.9,206,2.26,0.5,67,94,38,0.378,0.315,0.236,10.2,17.9,12.5,2,13,953.3
6,2025-10-03,7.9,14.9,1.4,0.00,0.00,0.00,0.0,39600.00,15.96,9.3,21.6,22,2.44,0.7,63,83,39,0.353,0.315,0.237,10.1,17.2,11.8,0,0,956.2
6,2025-10-04,8.7,16.2,0.6,0.00,0.00,0.00,0.0,39600.00,15.80,11.1,23.8,337,2.56,0.8,61,90,37,0.337,0.311,0.236,10.2,16.6,11.7,0,0,955.3
6,2025-10-05,5.3,9.7,1.0,0.00,0.00,0.00,0.0,39600.00,15.60,20.0,41.4,27,2.21,-2.1,60,82,43,0.326,0.307,0.236,8.3,16.1,10.8,0,1,958.7
6,2025-10-06,4.1,11.8,-2.9,0.00,0.00,0.00,0.0,39600.00,15.49,10.2,24.5,28,2.16,-3.5,60,81,38,0.318,0.306,0.238,6.9,15.4,9.4,0,1,956.4
6,2025-10-07,6.8,15.9,-1.3,0.00,0.00,0.00,0.0,39237.77,14.98,13.1,27.0,42,2.47,-1.2,61,93,34,0.308,0.299,0.237,8.0,14.8,9.5,3,57,951.1
6,2025-10-08,6.3,14.0,-0.4,0.00,0.00,0.00,0.0,39600.00,14.97,16.2,33.8,28,2.40,-1.7,60,91,34,0.297,0.293,0.235,8.1,14.4,9.9,3,23,950.9
6,2025-10-09,5.1,13.6,-2.2,0.00,0.00,0.00,0.0,39600.00,15.00,14.8,31.0,37,2.29,-3.0,60,90,33,0.289,0.289,0.234,7.2,14.0,9.3,0,0,952.1
6,2025-10-10,6.0,14.9,-1.8,0.00,0.00,0.00,0.0,38577.22,14.56,12.8,28.4,37,2.41,-3.1,56,84,30,0.280,0.284,0.232,7.3,13.6,9.1,3,17,950.6
6,2025-10-11,6.3,15.9,-2.2,0.00,0.00,0.00,0.0,39463.43,14.31,10.8,21.2,58,2.29,-1.7,61,88,31,0.272,0.279,0.231,7.5,13.3,9.1,3,26,947.4
6,2025-10-12,10.7,20.0,0.8,0.80,0.80,0.00,4.0,27249.43,10.73,15.5,37.4,153,2.20,1.3,55,78,29,0.267,0.276,0.230,9.7,13.1,9.9,51,82,944.5
6,2025-10-13,10.2,14.1,4.0,2.60,2.60,0.00,11.0,32637.18,11.26,13.2,31.3,63,1.83,5.3,72,85,53,0.290,0.274,0.230,11.2,13.1,11.8,53,60,951.3
6,2025-10-14,5.5,11.7,0.2,0.00,0.00,0.00,0.0,39045.32,13.17,16.1,35.3,32,2.13,-2.0,61,89,39,0.290,0.274,0.231,8.4,13.2,10.3,2,14,955.7
6,2025-10-15,0.2,6.0,-4.1,0.00,0.00,0.00,0.0,39004.79,14.04,18.4,38.2,28,1.64,-6.7,61,79,44,0.286,0.277,0.234,4.3,12.9,7.8,0,0,959.0
6,2025-10-16,2.5,12.0,-5.7,0.00,0.00,0.00,0.0,37865.01,13.71,13.7,28.1,49,1.92,-5.3,60,83,32,0.284,0.279,0.235,3.5,12.3,6.0,3,26,953.8
6,2025-10-17,6.0,16.3,-3.4,0.00,0.00,0.00,0.0,34961.00,12.69,7.7,16.6,84,2.05,-3.5,54,77,26,0.280,0.277,0.236,5.7,11.8,6.7,3,40,949.4
6,2025-10-18,11.0,19.5,4.8,0.10,0.10,0.00,1.0,27638.28,10.32,14.0,33.5,177,2.20,1.4,54,76,33,0.273,0.273,0.234,8.7,11.6,8.7,51,53,951.3
6,2025-10-19,10.5,17.3,5.1,0.70,0.70,0.00,6.0,26224.09,7.96,14.9,28.4,172,1.66,4.5,68,91,38,0.271,0.270,0.233,10.4,11.7,10.0,51,63,952.5
6,2025-10-20,9.4,18.9,2.5,0.00,0.00,0.00,0.0,35349.10,12.05,12.3,26.6,64,2.14,3.1,69,93,34,0.269,0.269,0.232,9.9,11.8,10.1,0,0,951.4
6,2025-10-21,9.0,18.1,2.0,0.00,0.00,0.00,0.0,34767.79,12.03,12.3,26.3,61,2.08,2.4,67,90,36,0.263,0.266,0.232,9.5,11.9,10.2,3,59,950.2
6,2025-10-22,8.7,18.3,1.7,0.00,0.00,0.00,0.0,34870.91,11.92,9.7,20.5,58,1.95,2.4,68,92,37,0.257,0.264,0.231,9.3,12.0,10.2,3,44,952.6
6,2025-10-23,8.7,18.2,1.9,0.00,0.00,0.00,0.0,34630.30,11.80,10.3,21.6,69,1.95,2.8,70,95,38,0.252,0.262,0.230,9.4,12.0,10.1,2,10,953.8
6,2025-10-24,10.6,20.4,3.6,0.00,0.00,0.00,0.0,29731.06,10.46,8.5,18.4,93,2.01,2.5,61,87,29,0.249,0.261,0.231,10.2,12.1,10.4,3,61,950.2
6,2025-10-25,13.3,23.2,5.6,0.00,0.00,0.00,0.0,31355.79,10.23,9.7,19.8,112,2.26,2.9,52,69,25,0.243,0.258,0.230,12.1,12.2,11.5,3,73,945.9
6,2025-10-26,14.9,22.5,9.0,0.70,0.70,0.00,5.0,23693.72,7.72,12.3,33.1,135,2.05,4.7,52,64,29,0.237,0.253,0.228,13.3,12.5,12.4,51,95,946.2
6,2025-10-27,12.1,16.8,7.7,1.90,1.90,0.00,9.0,21392.86,7.21,13.5,32.8,182,1.41,7.3,73,88,49,0.246,0.249,0.226,12.4,12.8,12.7,53,52,948.6
6,2025-10-28,9.5,16.7,4.6,0.00,0.00,0.00,0.0,32400.00,10.20,11.0,24.1,69,1.61,5.4,77,94,50,0.252,0.250,0.227,10.5,12.9,11.6,3,57,948.7
6,2025-10-29,9.4,14.6,6.2,0.10,0.10,0.00,1.0,18958.97,5.68,7.9,14.8,59,1.00,5.3,77,89,56,0.251,0.253,0.230,9.5,12.9,10.9,51,93,951.0
6,2025-10-30,8.5,17.2,2.5,0.00,0.00,0.00,0.0,32536.36,10.49,11.7,24.8,60,1.64,3.9,75,95,44,0.252,0.256,0.233,9.0,12.8,10.2,2,13,952.4
6,2025-10-31,10.3,21.6,2.6,0.00,0.00,0.00,0.0,32504.93,10.58,8.7,20.2,114,1.78,4.2,70,95,33,0.251,0.257,0.234,9.8,12.6,10.4,3,10,947.8
6,2025-11-01,8.3,11.2,2.0,0.90,0.90,0.00,7.0,2804.25,2.92,16.7,33.1,218,1.02,2.9,69,82,59,0.252,0.257,0.235,8.6,12.6,10.5,51,70,957.0
6,2025-11-02,4.6,13.6,-1.4,0.00,0.00,0.00,0.0,32400.00,10.26,10.2,24.5,70,1.50,-1.1,69,87,39,0.254,0.258,0.236,6.0,12.4,8.4,2,14,949.9
6,2025-11-03,9.0,15.8,1.9,0.10,0.10,0.00,1.0,32400.00,8.27,22.0,45.0,201,2.04,-0.4,53,72,40,0.249,0.257,0.234,8.0,12.0,8.6,51,80,946.8
6,2025-11-04,4.7,7.0,3.7,6.10,5.70,0.28,18.0,0.00,2.39,9.3,20.2,245,0.42,2.6,87,94,64,0.283,0.256,0.232,6.6,11.8,8.5,71,100,950.5
6,2025-11-05,0.4,4.1,-3.1,4.30,1.50,1.96,23.0,6788.37,5.11,17.3,38.5,245,0.55,-1.3,88,99,77,0.323,0.259,0.231,4.4,11.5,7.1,71,90,960.2
6,2025-11-06,-3.4,0.2,-7.9,0.00,0.00,0.00,0.0,21600.00,7.53,19.7,37.8,212,0.86,-8.7,67,83,50,0.318,0.264,0.233,1.2,11.0,4.6,3,74,964.2
6,2025-11-07,-1.2,7.2,-8.1,0.00,0.00,0.00,0.0,32400.00,9.59,7.9,15.8,100,1.17,-8.6,60,80,32,0.312,0.266,0.235,1.9,10.3,3.6,3,37,957.8
6,2025-11-08,1.6,10.7,-5.5,0.00,0.00,0.00,0.0,32400.00,9.72,7.7,18.4,131,1.30,-7.2,54,67,32,0.309,0.269,0.236,2.0,9.6,3.7,1,4,953.3
6,2025-11-09,4.0,14.1,-2.5,0.00,0.00,0.00,0.0,32400.00,9.36,10.9,23.0,168,1.63,-6.6,47,59,28,0.306,0.272,0.238,2.6,9.2,3.9,2,26,950.7
6,2025-11-10,3.4,8.3,1.3,3.00,1.80,0.84,9.0,11927.54,4.34,23.1,45.7,211,1.13,-3.6,63,91,41,0.310,0.274,0.239,3.1,8.8,4.4,73,79,952.6
6,2025-11-11,3.4,9.9,-0.3,0.00,0.00,0.00,0.0,32400.00,8.92,11.1,22.0,130,1.20,-2.1,68,86,48,0.318,0.276,0.239,3.9,8.6,4.6,3,15,957.1
6,2025-11-12,6.0,13.1,1.0,0.20,0.20,0.00,2.0,25200.00,7.16,12.6,25.6,161,1.49,-2.0,57,76,41,0.313,0.278,0.240,4.8,8.4,5.1,51,66,954.5
6,2025-11-13,6.9,8.1,4.7,7.40,7.40,0.00,17.0,0.00,1.47,11.0,27.0,188,0.49,4.2,83,92,61,0.350,0.281,0.240,6.2,8.4,6.4,61,96,958.4
6,2025-11-14,3.0,8.0,-1.6,0.00,0.00,0.00,0.0,32400.00,7.33,12.4,25.2,53,0.88,-0.1,81,95,58,0.359,0.294,0.243,4.6,8.5,6.0,2,33,959.4
6,2025-11-15,1.3,8.9,-3.3,0.00,0.00,0.00,0.0,32400.00,7.95,7.4,16.2,74,1.10,-5.6,61,74,43,0.346,0.303,0.247,2.0,8.3,4.2,3,58,955.9
6,2025-11-16,2.3,12.6,-3.0,0.00,0.00,0.00,0.0,32400.00,8.53,8.0,19.1,94,1.28,-4.7,61,80,43,0.339,0.309,0.251,1.5,8.0,3.5,0,2,952.3
6,2025-11-17,2.7,12.8,-3.5,0.00,0.00,0.00,0.0,32400.00,8.37,7.2,15.1,106,1.19,-4.0,63,81,37,0.336,0.312,0.254,1.9,7.7,3.4,0,1,955.5
6,2025-11-18,3.4,14.3,-2.5,0.00,0.00,0.00,0.0,32400.00,8.45,9.6,19.1,97,1.36,-3.6,62,79,38,0.331,0.313,0.256,2.5,7.5,3.5,3,7,955.1
6,2025-11-19,4.7,13.7,-2.1,0.00,0.00,0.00,0.0,25177.77,6.16,8.3,16.9,138,1.11,-3.6,56,63,37,0.327,0.313,0.256,2.9,7.3,3.5,3,94,952.9
6,2025-11-20,6.7,14.2,2.1,0.00,0.00,0.00,0.0,32400.00,7.61,12.5,27.7,180,1.36,-0.1,64,87,40,0.322,0.312,0.256,4.8,7.2,4.7,3,35,958.8
6,2025-11-21,6.3,14.7,0.6,0.00,0.00,0.00,0.0,32400.00,7.78,8.8,17.6,142,1.17,1.2,72,89,44,0.317,0.310,0.256,5.3,7.3,5.3,3,34,960.8
6,2025-11-22,4.5,6.9,0.8,2.30,2.30,0.00,9.0,2695.17,1.57,9.7,18.4,121,0.36,2.3,86,99,77,0.326,0.309,0.256,4.8,7.4,5.4,53,84,963.5
6,2025-11-23,1.5,8.9,-3.0,0.00,0.00,0.00,0.0,32367.21,7.53,6.7,17.3,81,0.84,-1.3,83,99,53,0.334,0.311,0.257,2.7,7.4,4.5,3,58,959.6
6,2025-11-24,2.0,9.5,-3.1,0.00,0.00,0.00,0.0,32292.19,7.24,6.4,14.8,149,0.85,-2.2,75,85,54,0.331,0.314,0.259,1.3,7.2,3.3,3,71,957.1
6,2025-11-25,3.0,10.9,-1.0,0.00,0.00,0.00,0.0,32217.30,7.70,9.5,19.4,117,0.99,-1.5,74,88,52,0.328,0.315,0.260,1.7,6.9,2.7,3,11,960.8
6,2025-11-26,2.9,14.0,-1.5,0.00,0.00,0.00,0.0,32142.70,7.96,9.8,19.8,107,1.35,-4.9,57,69,38,0.327,0.317,0.263,2.0,6.7,2.9,0,0,950.2
6,2025-11-27,2.3,10.8,-2.6,0.00,0.00,0.00,0.0,32068.53,7.64,13.3,27.0,198,1.19,-4.5,61,75,42,0.327,0.319,0.265,0.9,6.5,2.8,3,17,949.3
6,2025-11-28,1.0,7.8,-2.2,0.00,0.00,0.00,0.0,31127.14,7.57,7.0,16.9,93,0.91,-4.3,69,81,52,0.326,0.320,0.267,-0.1,6.3,2.3,3,43,954.4
6,2025-11-29,-1.0,5.1,-4.7,0.00,0.00,0.00,0.0,31922.03,7.43,7.7,16.6,62,0.78,-5.4,73,87,55,0.326,0.323,0.270,-1.4,6.0,1.5,3,27,954.6
6,2025-11-30,-1.5,4.9,-6.1,0.00,0.00,0.00,0.0,29639.68,6.44,4.4,14.0,106,0.64,-5.8,74,86,53,0.326,0.326,0.274,-2.7,5.7,1.0,3,52,953.3
6,2025-12-01,-2.3,5.2,-6.9,0.00,0.00,0.00,0.0,31778.96,7.34,7.7,18.0,66,0.77,-7.0,71,84,48,0.325,0.329,0.278,-2.9,5.4,0.7,0,0,954.8
6,2025-12-02,-3.5,2.4,-7.6,0.00,0.00,0.00,0.0,31709.08,6.99,5.8,12.2,66,0.66,-9.0,66,77,47,0.326,0.332,0.283,-3.7,5.1,0.5,2,16,951.1
6,2025-12-03,-1.7,5.3,-7.4,0.00,0.00,0.00,0.0,31640.49,7.19,5.7,12.6,114,0.77,-7.8,64,74,44,0.327,0.335,0.288,-3.3,4.8,0.3,3,43,950.1
6,2025-12-04,0.6,4.7,-1.4,0.30,0.30,0.00,3.0,27951.94,6.35,6.6,18.0,172,0.74,-4.8,68,84,51,0.331,0.338,0.292,-1.6,4.5,0.3,51,81,952.8
6,2025-12-05,0.9,5.4,-2.1,0.10,0.10,0.00,1.0,19214.99,3.69,9.1,15.1,175,0.50,-2.1,80,88,65,0.333,0.339,0.295,-1.5,4.3,0.3,51,77,956.2
6,2025-12-06,0.3,5.3,-2.7,0.40,0.40,0.00,4.0,29867.76,6.19,7.4,14.4,96,0.59,-1.3,89,96,76,0.337,0.339,0.296,-0.8,4.1,0.3,51,33,958.5
6,2025-12-07,-1.6,4.9,-4.5,0.00,0.00,0.00,0.0,31093.35,6.84,6.0,14.0,88,0.63,-4.1,84,93,62,0.330,0.334,0.291,-1.5,4.0,0.2,0,3,953.7
6,2025-12-08,-1.1,1.0,-4.6,4.60,1.70,2.03,14.0,3190.11,2.75,11.8,22.0,177,0.33,-3.4,85,98,66,0.335,0.334,0.292,-1.8,3.8,0.2,73,79,950.3
6,2025-12-09,1.3,4.5,-0.1,3.60,0.20,2.38,8.0,21354.58,5.62,11.1,25.6,194,0.59,-0.9,86,100,65,0.348,0.335,0.293,-1.0,3.7,0.2,75,86,952.2
6,2025-12-10,-9.4,0.0,-19.0,5.20,0.00,3.64,14.0,28780.86,5.11,22.2,44.6,235,0.30,-12.0,81,100,67,0.346,0.335,0.293,-1.6,3.6,0.2,73,58,961.4
6,2025-12-11,-15.2,-7.9,-22.8,0.00,0.00,0.00,0.0,31137.38,7.43,12.9,27.7,99,0.47,-20.1,67,78,57,0.345,0.336,0.294,-3.8,3.5,0.0,3,5,964.1
6,2025-12-12,-3.5,3.0,-11.5,0.10,0.10,0.00,1.0,27494.41,6.39,12.6,25.2,110,0.75,-9.0,66,81,47,0.344,0.336,0.295,-3.6,3.4,-0.1,51,98,944.7
6,2025-12-13,2.3,5.1,-1.5,0.90,0.90,0.00,4.0,19128.92,5.17,10.6,24.5,134,0.65,-1.6,76,92,64,0.351,0.336,0.296,-1.6,3.3,-0.2,51,98,943.3
6,2025-12-14,0.3,3.3,-1.5,0.30,0.30,0.00,3.0,10860.22,2.82,11.3,19.1,135,0.33,-1.6,87,94,78,0.360,0.336,0.296,-0.7,3.1,-0.1,51,84,942.9
6,2025-12-15,-0.0,3.0,-3.0,9.30,6.40,2.03,9.0,0.00,1.41,11.0,20.9,192,0.21,-1.2,92,100,81,0.390,0.341,0.296,-0.5,3.1,-0.1,73,91,952.4
6,2025-12-16,-2.9,2.8,-6.4,0.00,0.00,0.00,0.0,29745.94,6.45,6.4,13.3,82,0.56,-5.6,82,91,65,0.388,0.349,0.297,-0.7,3.0,-0.1,3,68,953.8
6,2025-12-17,-0.5,2.6,-4.0,2.30,1.60,0.49,15.0,0.00,2.07,10.7,20.5,206,0.29,-1.9,90,95,84,0.385,0.352,0.298,-1.1,2.9,-0.1,71,99,951.4
6,2025-12-18,-4.3,-2.3,-7.2,0.20,0.00,0.14,2.0,8734.90,3.91,9.0,18.4,250,0.28,-5.2,93,97,89,0.382,0.354,0.299,-1.1,2.9,-0.1,71,96,957.8
6,2025-12-19,-7.6,-0.3,-13.3,0.00,0.00,0.00,0.0,30206.44,6.74,8.9,15.5,117,0.56,-11.6,74,89,56,0.374,0.355,0.300,-0.9,2.8,-0.1,3,34,959.9
6,2025-12-20,-4.0,1.9,-7.9,0.00,0.00,0.00,0.0,22727.37,6.27,8.5,15.5,117,0.60,-8.6,71,80,54,0.369,0.354,0.301,-1.1,2.7,-0.1,3,63,945.6
6,2025-12-21,-2.1,-1.2,-3.3,4.00,0.00,2.80,21.0,151.93,3.25,12.7,26.6,218,0.30,-3.6,90,95,80,0.365,0.354,0.303,-2.0,2.7,-0.1,73,99,952.4
6,2025-12-22,-5.3,-0.8,-10.4,0.30,0.00,0.21,2.0,29450.44,6.92,6.0,12.6,108,0.49,-7.4,85,93,74,0.363,0.353,0.304,-1.2,2.6,-0.2,71,30,960.2
6,2025-12-23,-9.5,-4.2,-12.1,0.00,0.00,0.00,0.0,29463.73,6.45,5.8,13.7,79,0.43,-12.5,79,85,66,0.360,0.353,0.304,-2.0,2.6,-0.2,1,9,955.8
6,2025-12-24,-8.0,-1.4,-13.2,0.00,0.00,0.00,0.0,29074.63,6.57,9.9,20.5,122,0.49,-11.3,78,86,63,0.358,0.352,0.305,-3.3,2.5,-0.3,3,59,953.9
6,2025-12-25,-4.8,1.8,-9.6,0.00,0.00,0.00,0.0,29486.10,6.86,11.0,22.0,124,0.61,-8.1,78,87,62,0.357,0.350,0.305,-3.4,2.4,-0.4,3,54,946.3
6,2025-12-26,-0.7,3.9,-6.2,7.60,3.90,2.59,17.0,0.00,2.43,17.8,35.3,194,0.43,-2.9,85,97,67,0.375,0.349,0.306,-2.4,2.3,-0.5,73,98,947.3
6,2025-12-27,-3.7,-0.8,-6.4,0.20,0.00,0.14,2.0,23598.91,4.68,7.7,16.6,75,0.36,-5.2,89,94,82,0.394,0.356,0.308,-2.0,2.3,-0.5,71,91,952.3
6,2025-12-28,-5.2,0.2,-8.4,0.00,0.00,0.00,0.0,29109.14,6.13,7.8,16.2,94,0.49,-7.6,83,89,71,0.384,0.358,0.309,-2.8,2.2,-0.6,3,98,945.2
6,2025-12-29,-1.2,5.8,-5.4,0.00,0.00,0.00,0.0,29513.04,6.87,13.2,26.3,119,0.76,-4.7,78,90,56,0.381,0.358,0.310,-2.5,2.1,-0.7,3,12,941.2
6,2025-12-30,-1.2,4.1,-6.0,0.00,0.00,0.00,0.0,23571.46,4.99,13.8,28.4,111,0.68,-5.6,72,82,56,0.382,0.358,0.311,-2.4,2.0,-0.7,3,73,935.0
6,2025-12-31,-0.6,6.1,-6.2,0.40,0.40,0.00,2.0,16747.64,4.58,8.4,16.6,153,0.58,-5.2,72,88,50,0.382,0.358,0.312,-2.1,2.0,-0.7,51,95,939.8
7,2025-01-01,-8.3,-4.2,-10.7,0.00,0.00,0.00,0.0,7810.81,3.27,34.1,47.5,213,0.24,-9.9,88,93,81,0.252,0.234,0.163,-3.3,0.7,-1.4,3,97,955.1
7,2025-01-02,-6.1,-3.9,-9.4,3.00,0.00,2.10,12.0,17949.53,3.68,42.4,61.2,230,0.31,-7.6,89,92,86,0.252,0.234,0.164,-1.4,0.7,-1.4,73,93,953.0
7,2025-01-03,-6.1,-3.4,-9.4,0.70,0.00,0.49,7.0,488.99,2.37,40.1,60.8,222,0.32,-7.8,88,90,85,0.251,0.234,0.164,-1.4,0.7,-1.3,71,99,956.8
7,2025-01-04,-5.5,-3.3,-7.8,0.00,0.00,0.00,0.0,0.00,3.06,29.0,42.8,230,0.24,-6.8,91,92,89,0.250,0.234,0.164,-2.2,0.7,-1.2,3,100,959.2
7,2025-01-05,-10.1,-7.8,-14.1,0.10,0.00,0.07,1.0,3795.86,3.32,9.9,17.6,215,0.17,-11.4,90,92,86,0.250,0.234,0.164,-4.0,0.6,-1.3,71,95,959.2
7,2025-01-06,-11.1,-6.6,-15.6,0.00,0.00,0.00,0.0,478.13,2.74,15.5,23.4,203,0.19,-12.7,88,90,86,0.249,0.234,0.164,-5.2,0.6,-1.4,3,99,960.7
7,2025-01-07,-4.5,-3.1,-6.5,2.90,0.00,2.03,8.0,12613.72,3.68,23.4,34.2,167,0.33,-6.2,88,91,85,0.249,0.233,0.164,-2.0,0.6,-1.6,73,99,957.5
7,2025-01-08,-11.1,-3.3,-20.4,3.80,0.00,2.66,13.0,15755.21,4.09,35.3,51.5,316,0.25,-13.2,84,95,75,0.248,0.233,0.165,-1.6,0.6,-1.5,73,60,964.3
7,2025-01-09,-10.9,-7.3,-18.9,0.00,0.00,0.00,0.0,19110.27,4.40,25.2,37.1,216,0.52,-15.3,70,81,63,0.248,0.233,0.165,-0.8,0.6,-1.4,3,94,976.5
7,2025-01-10,-7.8,-5.6,-9.8,0.00,0.00,0.00,0.0,28259.09,5.28,20.2,29.5,201,0.69,-13.8,62,66,56,0.247,0.233,0.165,-0.9,0.5,-1.3,3,50,971.6
7,2025-01-11,-12.5,-9.0,-15.2,0.00,0.00,0.00,0.0,28467.03,5.36,14.4,20.9,216,0.41,-17.1,69,73,62,0.246,0.232,0.165,-0.6,0.5,-1.2,3,17,966.2
7,2025-01-12,-14.1,-9.3,-16.9,0.00,0.00,0.00,0.0,28460.35,5.73,11.4,14.8,173,0.37,-18.9,67,76,59,0.245,0.232,0.165,-0.7,0.5,-1.0,2,10,964.3
7,2025-01-13,-12.5,-7.0,-16.2,0.00,0.00,0.00,0.0,28894.41,5.81,11.5,16.2,140,0.43,-17.1,69,77,58,0.244,0.232,0.166,-0.5,0.5,-0.9,0,0,962.9
7,2025-01-14,-10.0,-3.1,-14.4,0.00,0.00,0.00,0.0,28890.11,5.83,17.3,24.8,161,0.59,-15.3,66,75,55,0.244,0.232,0.166,-1.1,0.5,-0.9,0,0,960.2
7,2025-01-15,-9.4,-6.8,-11.9,0.00,0.00,0.00,0.0,29324.22,6.12,26.1,37.4,191,0.55,-13.6,72,82,62,0.243,0.232,0.166,-0.8,0.5,-0.8,3,8,953.9
7,2025-01-16,-7.0,-6.5,-8.0,0.50,0.00,0.35,5.0,3263.86,3.61,28.4,41.8,224,0.33,-8.8,87,90,82,0.242,0.231,0.166,-1.7,0.5,-0.8,71,98,951.0
7,2025-01-17,-6.9,-5.9,-7.9,0.90,0.00,0.63,9.0,7987.21,4.22,32.3,49.3,222,0.31,-8.5,89,90,85,0.242,0.230,0.166,-0.5,0.5,-0.8,71,98,949.7
7,2025-01-18,-6.4,-4.7,-8.0,0.20,0.00,0.14,2.0,1168.27,3.84,21.6,32.4,219,0.30,-7.9,89,91,85,0.241,0.230,0.166,-0.5,0.5,-0.8,71,99,951.7
7,2025-01-19,-2.9,-0.8,-7.2,1.30,0.00,0.91,12.0,309.24,3.37,28.8,43.6,216,0.30,-4.1,91,94,89,0.240,0.230,0.166,-0.7,0.5,-0.7,71,97,952.8
7,2025-01-20,-2.4,-1.8,-3.1,3.20,0.00,2.24,18.0,13666.30,4.53,36.2,52.2,195,0.47,-4.2,88,93,83,0.240,0.230,0.166,-0.9,0.5,-0.7,73,98,948.6
7,2025-01-21,-2.8,-1.7,-3.9,3.50,0.10,2.38,21.0,10048.14,4.59,52.7,68.4,216,0.36,-4.0,92,95,89,0.239,0.230,0.167,-1.2,0.5,-0.7,73,98,938.4
7,2025-01-22,-13.7,-2.8,-20.8,2.20,0.00,1.54,15.0,25404.65,5.98,59.2,83.5,241,0.27,-15.5,86,91,78,0.239,0.229,0.167,-3.1,0.5,-0.7,73,92,940.7
7,2025-01-23,-26.1,-22.6,-29.6,0.10,0.00,0.07,1.0,27557.76,6.54,32.3,45.4,267,0.16,-29.1,76,80,74,0.239,0.229,0.167,-4.5,0.5,-0.9,71,78,966.7
7,2025-01-24,-28.4,-23.5,-33.9,0.00,0.00,0.00,0.0,31424.85,7.36,20.9,30.2,177,0.18,-32.6,67,74,57,0.238,0.229,0.168,-2.5,0.5,-1.0,3,35,982.3
7,2025-01-25,-19.0,-14.0,-23.5,0.00,0.00,0.00,0.0,28800.00,7.15,20.3,28.1,155,0.42,-25.5,57,65,50,0.238,0.229,0.168,-2.1,0.5,-1.1,3,83,973.3
7,2025-01-26,-15.9,-10.0,-20.5,0.00,0.00,0.00,0.0,31183.93,7.19,14.7,20.2,127,0.49,-22.0,60,65,54,0.238,0.228,0.168,-2.5,0.4,-1.2,3,89,962.1
7,2025-01-27,-12.1,-8.9,-16.6,0.00,0.00,0.00,0.0,24513.46,6.24,20.5,28.8,210,0.55,-17.7,64,82,52,0.237,0.228,0.168,-2.8,0.4,-1.3,3,70,958.0
7,2025-01-28,-14.5,-11.2,-18.9,0.00,0.00,0.00,0.0,6670.99,5.07,20.9,30.2,235,0.27,-16.6,84,87,81,0.237,0.228,0.168,-2.4,0.4,-1.4,3,78,958.5
7,2025-01-29,-9.5,-7.4,-11.6,3.40,0.00,2.38,21.0,1128.95,4.55,31.6,42.1,224,0.29,-11.0,89,91,88,0.237,0.228,0.168,-2.1,0.4,-1.4,73,100,953.2
7,2025-01-30,-5.8,-4.1,-10.4,4.60,0.00,3.22,21.0,11839.22,5.27,31.5,45.4,285,0.36,-7.0,91,94,87,0.237,0.228,0.168,-1.8,0.4,-1.4,73,98,953.3
7,2025-01-31,-15.3,-10.8,-17.8,0.60,0.10,0.35,6.0,29424.81,7.15,17.0,24.1,312,0.29,-17.5,84,87,80,0.238,0.227,0.168,-3.0,0.4,-1.4,71,97,962.9
7,2025-02-01,-12.1,-6.6,-17.1,1.30,0.00,0.91,11.0,5420.28,5.58,30.5,41.0,220,0.29,-13.9,87,91,81,0.239,0.227,0.169,-1.8,0.3,-1.4,71,100,966.0
7,2025-02-02,-5.1,-4.0,-6.5,1.20,0.00,0.84,11.0,3890.59,4.83,27.9,39.2,250,0.33,-6.2,92,93,90,0.238,0.227,0.169,-1.0,0.3,-1.4,71,99,967.4
7,2025-02-03,-6.2,-4.6,-9.4,0.00,0.00,0.00,0.0,29149.49,7.16,19.5,26.3,115,0.43,-7.9,88,93,84,0.238,0.227,0.170,-1.7,0.3,-1.3,3,69,971.1
7,2025-02-04,-10.3,-7.6,-12.4,0.00,0.00,0.00,0.0,32400.00,8.22,33.1,46.1,80,0.44,-12.5,84,90,78,0.236,0.225,0.169,-4.1,0.3,-1.3,2,34,970.5
7,2025-02-05,-7.5,-5.2,-10.4,0.00,0.00,0.00,0.0,4551.06,5.93,37.0,53.3,68,0.43,-9.3,87,91,83,0.237,0.225,0.170,-1.2,0.3,-1.4,3,95,972.0
7,2025-02-06,-13.3,-7.6,-18.4,0.00,0.00,0.00,0.0,23698.09,7.41,36.0,51.1,65,0.34,-15.5,83,88,78,0.238,0.226,0.171,-2.1,0.3,-1.3,3,99,968.5
7,2025-02-07,-18.5,-15.7,-20.9,0.00,0.00,0.00,0.0,32400.00,8.98,33.3,48.2,71,0.31,-21.2,79,83,74,0.237,0.226,0.171,-4.6,0.3,-1.4,3,55,964.7
7,2025-02-08,-19.0,-15.2,-21.7,0.00,0.00,0.00,0.0,32449.14,9.54,32.4,46.1,72,0.34,-22.2,76,80,71,0.237,0.225,0.171,-4.2,0.2,-1.5,1,12,964.6
7,2025-02-09,-17.5,-10.7,-23.9,0.00,0.00,0.00,0.0,32786.64,9.63,18.0,24.8,38,0.44,-20.9,75,86,61,0.237,0.225,0.171,-3.7,0.2,-1.7,3,25,962.6
7,2025-02-10,-13.0,-9.8,-15.9,0.00,0.00,0.00,0.0,25960.76,7.36,16.1,19.8,247,0.35,-14.5,88,92,82,0.238,0.226,0.173,-4.9,0.2,-1.8,3,89,967.1
7,2025-02-11,-10.5,-6.8,-13.0,0.00,0.00,0.00,0.0,1449.47,6.37,17.4,27.0,238,0.32,-11.8,90,93,86,0.238,0.226,0.173,-3.6,0.2,-1.9,3,97,965.0
7,2025-02-12,-12.5,-8.7,-15.1,0.00,0.00,0.00,0.0,24816.13,9.06,29.6,38.2,228,0.42,-14.6,85,90,73,0.238,0.226,0.172,-4.2,0.2,-1.9,3,92,959.1
7,2025-02-13,-8.0,-4.3,-14.7,0.50,0.00,0.35,5.0,8981.35,6.04,43.9,60.5,244,0.36,-9.4,90,93,85,0.238,0.226,0.173,-3.3,0.1,-2.0,71,94,957.2
7,2025-02-14,-5.3,-3.3,-7.4,0.20,0.00,0.14,2.0,1217.37,5.40,30.1,42.8,248,0.40,-6.8,89,91,83,0.239,0.227,0.174,-1.9,0.1,-2.0,71,93,959.8
7,2025-02-15,-9.0,-6.2,-10.9,0.00,0.00,0.00,0.0,17782.08,8.03,15.3,22.0,152,0.48,-11.0,86,90,77,0.239,0.225,0.173,-2.4,0.1,-1.9,3,88,955.7
7,2025-02-16,-9.8,-5.6,-12.8,0.00,0.00,0.00,0.0,10511.35,7.32,12.0,19.4,182,0.46,-11.3,89,96,83,0.233,0.222,0.171,-3.3,0.1,-1.9,3,96,957.6
7,2025-02-17,-11.0,-7.0,-14.6,0.00,0.00,0.00,0.0,15116.52,7.95,16.0,25.9,201,0.42,-12.9,86,92,79,0.233,0.222,0.172,-5.8,0.1,-1.9,3,94,964.3
7,2025-02-18,-13.6,-8.1,-16.9,0.00,0.00,0.00,0.0,33799.31,10.27,15.2,24.5,158,0.49,-16.1,82,86,74,0.233,0.221,0.172,-6.4,0.0,-2.1,2,48,963.1
7,2025-02-19,-12.6,-5.5,-18.2,0.00,0.00,0.00,0.0,25487.40,10.05,13.5,18.4,124,0.62,-16.0,76,85,61,0.233,0.221,0.172,-4.5,0.0,-2.3,3,94,958.5
7,2025-02-20,-10.2,-4.3,-14.0,0.00,0.00,0.00,0.0,36124.18,11.98,14.8,21.2,157,0.80,-14.2,73,79,60,0.233,0.221,0.172,-4.1,0.0,-2.4,3,53,959.1
7,2025-02-21,-12.4,-5.9,-17.6,0.00,0.00,0.00,0.0,35810.38,11.33,17.8,23.4,123,0.67,-15.5,77,82,66,0.233,0.221,0.172,-4.1,-0.0,-2.4,3,55,961.4
7,2025-02-22,-9.4,-1.3,-16.6,0.00,0.00,0.00,0.0,31997.44,11.25,19.5,24.5,133,0.89,-13.8,71,81,62,0.233,0.221,0.172,-4.4,-0.0,-2.5,3,77,960.3
7,2025-02-23,-5.8,-1.3,-10.0,0.20,0.20,0.00,1.0,16907.81,9.10,20.2,26.6,137,0.88,-10.1,72,83,64,0.233,0.220,0.172,-2.9,-0.1,-2.6,51,94,958.2
7,2025-02-24,-7.6,-2.4,-13.4,0.00,0.00,0.00,0.0,30255.19,11.15,18.7,28.4,104,0.84,-11.4,75,81,68,0.232,0.220,0.172,-4.3,-0.1,-2.5,3,86,953.4
7,2025-02-25,-5.7,-0.4,-10.4,0.70,0.70,0.00,3.0,24317.77,9.98,16.2,22.0,124,0.98,-10.1,72,85,61,0.232,0.220,0.173,-3.4,-0.1,-2.5,51,85,948.7
7,2025-02-26,-5.9,-1.5,-9.2,1.80,0.00,1.26,7.0,9494.54,7.31,34.2,51.8,238,0.56,-8.2,84,92,73,0.233,0.220,0.173,-3.9,-0.1,-2.5,73,99,949.8
7,2025-02-27,-12.5,-9.4,-16.3,0.00,0.00,0.00,0.0,25376.71,9.73,28.0,39.2,270,0.47,-15.0,82,87,72,0.235,0.222,0.173,-6.0,-0.2,-2.6,3,78,960.9
7,2025-02-28,-15.9,-10.3,-21.6,0.00,0.00,0.00,0.0,26613.79,11.31,10.3,18.0,74,0.52,-18.1,83,92,75,0.233,0.221,0.172,-5.6,-0.2,-2.9,3,82,959.1
7,2025-03-01,-14.8,-8.1,-20.0,0.00,0.00,0.00,0.0,38705.93,12.68,11.7,13.3,99,0.70,-17.7,79,87,66,0.232,0.224,0.175,-5.6,-0.2,-3.3,3,40,960.1
7,2025-03-02,-14.4,-6.6,-21.8,0.00,0.00,0.00,0.0,38805.53,13.98,20.5,29.9,105,0.72,-17.6,77,87,67,0.233,0.225,0.179,-6.4,-0.2,-3.8,3,43,957.5
7,2025-03-03,-10.0,-5.2,-15.7,2.30,0.00,1.61,6.0,20231.58,10.28,27.2,40.3,124,0.67,-13.3,77,90,64,0.235,0.225,0.179,-6.4,-0.3,-4.2,73,88,953.3
7,2025-03-04,-11.4,-8.1,-14.6,2.20,0.00,1.54,12.0,12735.44,9.37,31.0,42.8,219,0.43,-13.4,86,92,77,0.236,0.225,0.179,-6.7,-0.3,-4.0,73,94,959.1
7,2025-03-05,-11.4,-7.3,-15.8,0.10,0.10,0.00,1.0,32220.06,11.70,35.4,48.2,194,0.65,-14.3,80,91,69,0.236,0.224,0.179,-5.9,-0.3,-4.0,51,86,961.4
7,2025-03-06,-4.3,-1.4,-9.8,3.40,0.10,2.31,17.0,0.00,8.06,53.1,69.1,194,0.65,-6.5,85,95,75,0.236,0.224,0.179,-4.7,-0.4,-3.6,73,98,944.1
7,2025-03-07,-4.4,-2.5,-7.5,1.70,0.00,1.19,12.0,34922.79,12.51,38.3,54.7,243,0.73,-6.2,88,93,77,0.238,0.224,0.179,-3.1,-0.4,-2.9,73,94,940.4
7,2025-03-08,-4.4,-1.3,-7.6,2.70,0.00,1.89,10.0,28047.62,12.28,33.6,47.5,200,0.71,-5.8,90,94,80,0.239,0.224,0.179,-2.7,-0.4,-2.7,73,91,940.3
7,2025-03-09,-6.4,-2.2,-14.7,3.10,0.00,2.17,19.0,15523.91,9.87,37.8,53.3,282,0.59,-8.0,88,94,82,0.240,0.224,0.179,-4.1,-0.4,-2.6,73,94,942.0
7,2025-03-10,-10.1,-5.8,-16.1,1.50,0.00,1.05,15.0,14726.34,11.65,39.1,56.5,230,0.52,-11.9,86,91,82,0.240,0.224,0.180,-4.7,-0.4,-2.7,71,100,956.2
7,2025-03-11,-4.5,-2.6,-6.7,1.70,0.00,1.19,14.0,6830.81,9.90,31.5,43.2,256,0.61,-5.9,90,92,86,0.240,0.223,0.180,-3.0,-0.5,-2.7,71,98,957.8
7,2025-03-12,-5.5,-2.4,-10.6,0.00,0.00,0.00,0.0,30343.60,13.02,20.3,27.7,108,0.94,-8.1,83,91,72,0.240,0.224,0.180,-2.1,-0.5,-2.4,3,72,967.6
7,2025-03-13,-9.7,-4.8,-14.0,0.00,0.00,0.00,0.0,37907.88,15.78,22.2,29.5,176,1.12,-15.6,63,84,54,0.240,0.224,0.180,-3.5,-0.5,-2.3,3,49,966.9
7,2025-03-14,-7.4,-2.0,-12.7,0.00,0.00,0.00,0.0,39316.24,14.73,22.2,29.9,183,1.26,-14.0,60,71,50,0.241,0.224,0.180,-2.5,-0.5,-2.4,3,46,961.9
7,2025-03-15,-7.3,-2.3,-11.8,0.00,0.00,0.00,0.0,40390.21,17.55,15.7,20.5,162,1.30,-10.7,77,88,69,0.240,0.224,0.180,-0.9,-0.5,-2.2,1,6,959.4
7,2025-03-16,-7.0,-0.4,-14.8,0.00,0.00,0.00,0.0,40680.33,15.89,18.3,26.6,188,1.13,-10.3,78,85,70,0.240,0.224,0.180,-0.9,-0.5,-2.0,3,65,958.7
7,2025-03-17,-0.9,2.6,-5.2,0.00,0.00,0.00,0.0,41682.48,17.28,25.5,37.1,191,1.53,-5.2,73,80,65,0.243,0.224,0.180,-1.0,-0.5,-1.8,3,52,957.5
7,2025-03-18,2.6,5.0,0.5,0.00,0.00,0.00,0.0,40768.04,16.96,24.3,34.2,189,1.79,-1.5,74,77,69,0.285,0.225,0.180,-1.3,-0.5,-1.7,3,47,958.1
7,2025-03-19,2.5,4.8,1.0,0.00,0.00,0.00,0.0,42109.74,18.20,20.4,30.2,173,1.99,-2.5,69,74,64,0.356,0.233,0.180,-1.0,-0.5,-1.6,1,4,956.1
7,2025-03-20,3.6,7.9,0.3,0.00,0.00,0.00,0.0,42241.01,17.55,22.2,34.9,184,2.17,-2.2,66,72,56,0.387,0.258,0.180,-0.9,-0.5,-1.5,3,68,950.9
7,2025-03-21,3.0,6.3,-1.4,1.20,1.20,0.00,3.0,24706.20,12.20,30.7,55.8,240,1.48,-0.7,77,86,63,0.401,0.307,0.181,-0.6,-0.6,-1.4,53,76,950.7
7,2025-03-22,-0.9,2.3,-3.2,0.00,0.00,0.00,0.0,39471.69,13.76,17.1,32.8,71,1.25,-4.8,76,87,58,0.372,0.337,0.182,-0.0,-0.6,-1.2,3,73,960.5
7,2025-03-23,-1.3,2.6,-4.5,0.00,0.00,0.00,0.0,39696.47,16.80,17.2,30.6,350,1.56,-6.1,72,92,48,0.362,0.339,0.183,0.0,-0.6,-1.1,3,47,955.1
7,2025-03-24,-3.6,0.1,-7.0,0.00,0.00,0.00,0.0,42448.11,14.32,27.2,45.7,307,1.28,-8.3,72,95,52,0.357,0.340,0.185,-0.4,-0.6,-1.0,3,55,955.3
7,2025-03-25,-5.4,-1.1,-9.5,0.00,0.00,0.00,0.0,42896.23,19.40,13.2,23.8,17,1.63,-12.2,60,77,40,0.353,0.338,0.187,-0.5,-0.6,-0.9,2,5,967.4
7,2025-03-26,-3.5,2.1,-9.7,0.00,0.00,0.00,0.0,43333.74,19.52,16.0,30.2,77,1.74,-9.6,65,90,41,0.352,0.337,0.188,-0.7,-0.6,-0.9,0,0,970.8
7,2025-03-27,-0.6,5.7,-6.3,0.00,0.00,0.00,0.0,43415.48,19.85,29.5,51.5,68,2.42,-9.6,54,81,29,0.350,0.336,0.189,-0.5,-0.6,-0.9,3,46,965.1
7,2025-03-28,1.7,7.7,-3.5,0.00,0.00,0.00,0.0,43776.06,19.52,22.4,42.5,79,2.86,-9.9,44,59,24,0.347,0.336,0.191,0.1,-0.6,-0.8,3,53,962.5
7,2025-03-29,2.5,9.2,-3.9,0.00,0.00,0.00,0.0,44086.35,20.11,16.7,32.4,87,2.71,-7.3,52,72,27,0.342,0.335,0.192,0.7,-0.5,-0.7,0,0,963.0
7,2025-03-30,3.3,10.7,-4.0,0.00,0.00,0.00,0.0,44041.20,20.30,12.1,22.0,78,2.71,-5.5,58,85,28,0.337,0.333,0.193,2.0,-0.5,-0.6,0,0,963.8
7,2025-03-31,4.3,11.9,-3.3,0.00,0.00,0.00,0.0,42076.35,18.39,13.4,27.0,200,2.60,-3.4,62,87,32,0.335,0.330,0.194,2.6,-0.5,-0.3,3,50,961.5
7,2025-04-01,5.7,10.8,2.2,2.50,2.50,0.00,8.0,16037.97,10.72,22.4,40.0,295,1.80,0.5,72,92,40,0.351,0.328,0.196,3.3,-0.5,0.1,53,78,957.1
7,2025-04-02,4.3,10.7,-1.6,0.00,0.00,0.00,0.0,44620.43,16.01,10.0,20.9,68,2.11,-1.6,69,94,37,0.344,0.327,0.197,3.5,-0.5,0.9,3,51,959.1
7,2025-04-03,7.7,14.9,-0.8,0.00,0.00,0.00,0.0,42106.94,20.15,26.6,45.4,194,3.67,-1.8,54,80,32,0.338,0.323,0.198,5.0,-0.5,2.4,3,54,952.0
7,2025-04-04,10.5,21.9,1.5,3.10,3.10,0.00,9.0,30372.34,13.89,56.5,96.8,218,3.96,1.5,57,89,28,0.344,0.319,0.199,7.9,-0.5,5.3,55,91,937.5
7,2025-04-05,5.3,11.2,1.2,0.00,0.00,0.00,0.0,43497.16,18.27,24.5,39.6,249,2.60,-1.8,63,86,36,0.348,0.320,0.201,6.8,-0.4,5.4,3,47,951.7
7,2025-04-06,9.3,16.6,2.3,0.00,0.00,0.00,0.0,45727.23,21.21,18.7,33.8,218,3.45,-0.6,54,78,29,0.332,0.316,0.202,7.7,-0.3,5.2,1,4,953.1
7,2025-04-07,10.0,16.9,4.1,6.70,6.70,0.00,11.0,16855.20,11.27,26.0,43.2,159,2.61,3.1,65,92,35,0.341,0.313,0.202,7.4,-0.2,5.7,61,98,948.1
7,2025-04-08,10.7,13.6,8.0,9.90,9.90,0.00,13.0,6845.58,4.15,25.9,43.9,249,0.82,9.1,90,99,74,0.400,0.341,0.204,8.7,-0.2,6.3,55,77,946.1
7,2025-04-09,11.2,18.0,3.3,0.10,0.10,0.00,1.0,45037.90,20.23,9.7,17.3,315,3.27,5.3,70,94,40,0.368,0.352,0.206,9.8,-0.1,6.3,51,27,956.1
7,2025-04-10,13.4,21.1,5.0,0.00,0.00,0.00,0.0,42743.85,20.71,17.4,32.0,177,4.10,4.0,58,88,29,0.350,0.344,0.208,11.0,0.0,7.7,3,50,957.2
7,2025-04-11,15.3,22.8,7.6,0.00,0.00,0.00,0.0,46197.81,21.77,22.1,41.8,167,5.06,2.7,47,75,23,0.329,0.333,0.208,11.9,0.1,8.8,3,69,952.8
7,2025-04-12,17.3,26.2,8.5,0.00,0.00,0.00,0.0,43595.39,21.99,21.4,40.7,189,5.37,3.7,44,68,23,0.307,0.319,0.207,13.1,0.3,9.6,3,89,947.2
7,2025-04-13,12.4,19.1,7.1,0.00,0.00,0.00,0.0,35169.83,18.55,24.3,41.8,41,3.34,7.1,72,87,49,0.294,0.309,0.207,11.9,0.5,9.6,3,86,945.6
7,2025-04-14,7.9,11.8,4.1,2.20,2.20,0.00,9.0,25777.41,13.43,25.9,41.8,5,2.03,3.1,74,95,44,0.309,0.305,0.208,9.6,0.9,8.2,53,83,953.7
7,2025-04-15,8.4,11.6,6.0,2.10,2.10,0.00,13.0,45559.20,16.21,19.0,32.4,278,2.31,3.9,75,91,50,0.319,0.304,0.209,9.1,1.6,7.2,51,55,954.4
7,2025-04-16,7.8,12.8,4.0,0.10,0.10,0.00,1.0,45073.01,16.97,20.5,34.6,328,2.61,1.7,69,91,39,0.319,0.303,0.210,8.5,2.3,6.8,51,40,956.5
7,2025-04-17,6.4,12.0,0.6,0.00,0.00,0.00,0.0,49320.76,22.49,34.5,60.8,278,3.22,-1.0,62,89,34,0.304,0.300,0.210,8.0,2.9,6.7,3,27,950.9
7,2025-04-18,1.7,5.6,-3.6,0.70,0.70,0.00,5.0,48689.39,19.51,31.7,54.7,292,2.36,-6.2,58,82,37,0.297,0.297,0.212,5.0,3.3,5.3,51,48,952.9
7,2025-04-19,0.1,5.0,-5.3,0.00,0.00,0.00,0.0,49431.82,24.00,15.9,29.9,44,2.43,-8.9,56,94,26,0.296,0.295,0.214,4.7,3.4,4.4,3,48,956.2
7,2025-04-20,11.1,19.1,-0.2,0.00,0.00,0.00,0.0,44157.51,18.86,35.6,61.6,230,4.57,-0.5,46,58,31,0.287,0.289,0.213,8.3,3.4,5.3,3,63,955.2
7,2025-04-21,15.7,22.0,9.8,0.10,0.10,0.00,1.0,49845.42,21.10,26.0,47.9,255,4.62,6.2,56,83,33,0.270,0.281,0.211,13.1,3.9,9.3,51,14,956.0
7,2025-04-22,15.2,22.0,7.5,0.90,0.90,0.00,4.0,49960.58,21.03,16.6,34.6,291,4.00,7.9,65,91,41,0.257,0.272,0.209,14.1,4.7,11.0,51,23,957.6
7,2025-04-23,15.5,22.6,8.3,0.60,0.60,0.00,3.0,49035.24,20.60,17.9,34.6,259,4.35,5.7,57,89,26,0.250,0.264,0.206,14.5,5.5,11.9,51,32,955.7
7,2025-04-24,13.0,19.4,7.1,0.00,0.00,0.00,0.0,50188.94,23.39,17.2,36.4,70,3.85,5.9,64,89,37,0.244,0.259,0.205,13.8,6.3,11.8,1,5,957.4
7,2025-04-25,15.7,23.0,6.8,0.10,0.10,0.00,1.0,50301.95,23.18,14.4,28.8,160,4.80,4.3,51,80,27,0.228,0.252,0.204,14.9,6.8,12.4,51,9,955.5
7,2025-04-26,17.4,24.0,9.4,0.00,0.00,0.00,0.0,50400.00,24.30,24.4,44.3,181,6.19,1.8,40,68,15,0.213,0.246,0.203,15.9,7.5,13.6,3,72,951.0
7,2025-04-27,20.8,30.0,14.8,0.40,0.40,0.00,3.0,46468.26,18.98,38.2,72.4,214,7.41,4.0,36,71,17,0.198,0.237,0.200,18.0,8.2,14.9,51,62,944.7
7,2025-04-28,18.4,24.1,11.4,0.20,0.20,0.00,1.0,50400.00,19.90,29.4,52.2,225,4.90,9.7,59,86,39,0.195,0.233,0.200,18.0,8.9,15.7,51,50,947.4
7,2025-04-29,10.0,15.1,4.6,0.00,0.00,0.00,0.0,50400.00,20.62,32.7,55.8,269,3.75,-0.4,54,92,24,0.197,0.234,0.203,14.1,9.5,14.8,3,41,952.0
7,2025-04-30,5.5,10.4,0.7,0.00,0.00,0.00,0.0,50400.00,25.16,20.4,33.1,307,3.58,-5.4,47,61,33,0.194,0.234,0.205,10.7,9.6,11.6,2,31,962.4
7,2025-05-01,8.6,17.1,-1.2,0.00,0.00,0.00,0.0,49717.79,26.14,15.7,31.3,82,4.09,-4.9,43,74,17,0.186,0.228,0.204,11.2,9.4,10.8,3,37,959.1
7,2025-05-02,11.1,17.6,3.3,0.00,0.00,0.00,0.0,50400.00,24.38,23.4,41.0,329,4.56,-1.9,45,75,22,0.177,0.221,0.202,12.7,9.3,11.9,3,28,956.9
7,2025-05-03,12.5,20.3,3.3,0.00,0.00,0.00,0.0,50062.76,24.48,14.2,26.6,101,4.53,0.6,49,84,23,0.173,0.216,0.201,13.8,9.3,12.5,3,73,961.4
7,2025-05-04,17.8,25.8,8.2,0.00,0.00,0.00,0.0,48133.53,20.36,29.8,50.4,212,6.47,-0.8,31,54,14,0.169,0.212,0.200,15.9,9.5,14.0,3,70,949.5
7,2025-05-05,14.5,20.6,6.8,0.00,0.00,0.00,0.0,50400.00,26.15,20.1,37.1,328,5.18,2.1,48,82,24,0.162,0.206,0.199,16.5,9.9,15.0,0,0,952.0
7,2025-05-06,16.5,24.5,6.7,0.00,0.00,0.00,0.0,50400.00,25.78,9.7,20.9,246,4.83,2.8,44,75,18,0.157,0.202,0.198,17.6,10.3,15.3,3,24,955.1
7,2025-05-07,19.4,26.9,9.5,0.00,0.00,0.00,0.0,48970.16,24.94,11.1,24.8,140,5.28,3.7,40,69,16,0.154,0.197,0.197,19.2,10.7,16.9,3,59,949.8
7,2025-05-08,21.1,29.5,10.1,0.00,0.00,0.00,0.0,46904.54,22.83,17.0,34.9,137,6.20,3.3,37,69,11,0.153,0.194,0.197,20.1,11.3,18.0,3,72,945.7
7,2025-05-09,20.0,24.8,14.8,0.80,0.80,0.00,5.0,24468.92,13.27,22.0,38.5,203,4.58,6.6,43,68,31,0.160,0.194,0.198,19.2,11.9,18.2,51,72,943.7
7,2025-05-10,17.5,23.8,12.5,2.50,2.50,0.00,4.0,40959.40,21.05,33.1,57.6,253,4.68,10.2,65,88,39,0.171,0.194,0.200,18.5,12.3,17.6,55,36,948.3
7,2025-05-11,14.9,18.7,10.7,0.10,0.10,0.00,1.0,50044.58,18.08,24.0,45.4,300,3.48,8.9,69,91,49,0.181,0.194,0.200,16.8,12.6,16.6,51,41,952.6
7,2025-05-12,16.4,24.2,7.6,0.00,0.00,0.00,0.0,50504.48,24.60,10.3,16.2,138,4.40,7.4,61,94,27,0.176,0.193,0.200,18.2,12.6,16.6,3,51,956.2
7,2025-05-13,21.6,30.4,11.3,0.00,0.00,0.00,0.0,50465.87,26.37,18.7,36.0,207,6.88,4.1,38,67,10,0.167,0.188,0.199,20.4,12.9,18.2,3,17,952.2
7,2025-05-14,24.2,33.2,13.9,0.00,0.00,0.00,0.0,49832.58,25.17,18.5,29.9,218,7.10,4.1,32,57,10,0.156,0.181,0.196,22.4,13.3,19.6,3,37,950.2
7,2025-05-15,25.9,35.0,14.3,0.00,0.00,0.00,0.0,50790.83,26.63,13.3,25.9,209,7.30,3.3,28,53,8,0.151,0.177,0.195,24.2,13.8,21.2,2,3,952.5
7,2025-05-16,27.9,37.4,18.2,0.00,0.00,0.00,0.0,45114.80,24.41,17.7,36.0,209,8.15,3.0,24,44,8,0.147,0.172,0.193,25.8,14.5,22.8,3,84,951.0
7,2025-05-17,27.2,36.9,18.8,0.00,0.00,0.00,0.0,50400.00,23.01,30.5,56.9,212,9.23,6.6,30,61,13,0.145,0.169,0.192,26.0,15.3,23.6,3,62,942.4
7,2025-05-18,15.4,20.3,9.4,28.20,28.20,0.00,20.0,33353.88,16.17,37.5,67.0,274,3.04,11.2,77,95,55,0.241,0.175,0.193,20.1,15.8,21.9,63,80,938.4
7,2025-05-19,13.3,17.3,9.0,1.10,1.10,0.00,6.0,46239.65,18.90,23.5,39.2,343,3.46,5.8,64,93,39,0.346,0.224,0.195,16.1,15.8,17.4,51,74,955.2
7,2025-05-20,15.6,22.7,5.9,0.00,0.00,0.00,0.0,51535.69,27.64,13.5,27.0,167,5.29,4.3,52,86,27,0.293,0.230,0.196,16.5,15.3,16.0,2,7,956.4
7,2025-05-21,19.4,26.8,11.6,0.00,0.00,0.00,0.0,50227.59,26.18,21.8,38.5,217,6.48,4.1,39,59,19,0.253,0.224,0.193,18.6,15.0,17.3,2,21,952.7
7,2025-05-22,21.0,28.4,11.5,0.00,0.00,0.00,0.0,39188.05,21.33,29.0,46.1,161,6.71,4.6,39,71,19,0.223,0.216,0.189,19.7,14.9,18.1,3,71,948.5
7,2025-05-23,18.1,23.1,11.8,0.10,0.10,0.00,1.0,45728.79,25.81,33.9,60.8,246,6.47,5.7,47,75,27,0.206,0.211,0.188,19.9,15.0,19.2,51,35,944.2
7,2025-05-24,14.6,18.9,11.4,2.90,2.90,0.00,12.0,50413.64,21.10,20.0,38.5,270,3.80,7.3,65,92,35,0.213,0.208,0.188,17.9,15.1,17.9,53,57,949.2
7,2025-05-25,12.5,17.5,7.9,0.90,0.90,0.00,7.0,51651.86,21.69,22.5,42.5,359,3.56,6.4,68,86,50,0.210,0.208,0.189,16.4,15.0,16.8,51,23,948.0
7,2025-05-26,10.3,15.0,5.8,0.20,0.20,0.00,2.0,52487.56,19.53,26.2,45.0,8,3.49,2.1,61,93,32,0.207,0.208,0.190,14.2,14.7,15.3,51,57,953.4
7,2025-05-27,11.7,16.5,7.3,0.00,0.00,0.00,0.0,49494.99,27.25,16.0,32.4,357,4.41,-0.1,48,79,24,0.199,0.207,0.191,15.5,14.3,14.9,3,29,959.9
7,2025-05-28,17.1,25.2,8.6,0.50,0.50,0.00,2.0,53162.84,26.29,26.4,48.2,317,6.47,3.5,42,60,25,0.186,0.200,0.189,17.5,14.1,16.0,51,39,955.4
7,2025-05-29,15.6,22.0,7.8,0.00,0.00,0.00,0.0,53951.67,27.95,20.7,40.0,40,5.43,4.9,52,80,28,0.176,0.196,0.188,18.3,14.1,17.2,3,16,956.4
7,2025-05-30,17.9,23.7,10.0,0.00,0.00,0.00,0.0,54328.43,23.97,25.4,46.1,19,5.48,6.8,52,87,28,0.167,0.193,0.187,19.0,14.2,17.7,3,15,953.5
7,2025-05-31,18.8,26.1,8.1,0.20,0.20,0.00,1.0,52202.47,27.20,17.7,31.3,32,6.00,5.5,45,74,27,0.158,0.187,0.186,20.5,14.4,18.5,51,14,955.8
7,2025-06-01,19.8,26.8,12.6,2.10,2.10,0.00,3.0,47870.80,25.82,10.0,24.1,59,5.25,8.6,52,75,29,0.161,0.183,0.185,22.1,14.8,20.1,55,38,955.1
7,2025-06-02,20.2,26.0,13.2,0.60,0.60,0.00,2.0,51346.45,24.57,11.0,20.5,114,5.12,8.9,52,81,28,0.177,0.181,0.184,22.4,15.2,20.6,53,40,950.8
7,2025-06-03,22.2,29.5,12.8,0.10,0.10,0.00,1.0,49439.41,24.53,16.3,37.1,220,5.89,7.2,43,77,20,0.171,0.178,0.184,23.0,15.6,21.1,51,40,947.4
7,2025-06-04,23.9,29.9,18.0,0.70,0.70,0.00,4.0,43068.49,19.82,26.0,47.2,204,6.53,7.7,37,55,21,0.166,0.174,0.183,23.7,16.1,21.8,51,96,944.7
7,2025-06-05,21.2,25.2,16.2,0.00,0.00,0.00,0.0,54000.00,27.73,28.0,48.2,288,6.64,6.8,41,60,26,0.171,0.176,0.184,23.8,16.5,22.4,3,49,945.5
7,2025-06-06,23.0,31.1,11.3,0.00,0.00,0.00,0.0,55435.24,28.60,22.1,36.4,82,7.70,6.4,40,78,17,0.161,0.173,0.184,23.9,16.9,22.1,3,21,948.6
7,2025-06-07,21.9,25.6,18.2,2.50,2.50,0.00,6.0,6366.18,10.63,22.6,37.4,141,4.01,11.1,53,79,34,0.164,0.173,0.184,23.0,17.3,22.6,53,90,947.7
7,2025-06-08,20.1,26.5,14.6,2.40,2.40,0.00,3.0,47208.88,22.32,22.2,56.2,257,5.03,13.4,67,91,39,0.191,0.175,0.186,22.1,17.5,21.4,61,38,949.1
7,2025-06-09,17.3,22.9,12.7,0.00,0.00,0.00,0.0,38086.21,18.27,27.3,45.0,55,4.08,11.4,71,95,44,0.204,0.174,0.186,20.2,17.5,20.2,3,60,953.5
7,2025-06-10,20.1,26.5,12.3,0.00,0.00,0.00,0.0,53706.26,23.32,27.7,47.2,80,6.09,8.4,51,82,28,0.190,0.173,0.186,21.2,17.4,20.0,3,77,953.2
7,2025-06-11,24.2,31.4,15.6,0.00,0.00,0.00,0.0,54254.35,27.86,17.5,28.8,119,6.90,7.5,37,61,18,0.176,0.172,0.185,24.3,17.5,21.9,3,35,952.3
7,2025-06-12,23.5,29.5,16.5,0.00,0.00,0.00,0.0,44915.39,20.22,12.5,27.4,208,5.02,11.2,48,73,29,0.164,0.169,0.184,25.0,17.8,23.2,3,88,953.0
7,2025-06-13,22.8,27.4,17.3,0.80,0.80,0.00,2.0,28654.87,16.92,14.3,37.8,270,4.33,12.7,55,81,36,0.163,0.170,0.184,24.1,18.2,23.2,53,94,951.9
7,2025-06-14,22.4,28.9,16.6,2.50,2.50,0.00,4.0,47853.83,23.41,16.4,33.5,230,5.30,12.1,55,79,32,0.172,0.168,0.184,24.8,18.4,23.3,53,46,948.7
7,2025-06-15,21.6,26.2,15.9,3.00,3.00,0.00,2.0,53667.31,21.69,16.8,33.1,313,4.77,14.1,64,84,43,0.196,0.166,0.182,23.9,18.7,23.1,63,33,947.0
7,2025-06-16,23.2,28.6,15.8,0.10,0.10,0.00,1.0,55398.44,24.87,14.4,27.4,18,5.73,13.4,57,84,36,0.199,0.165,0.182,24.7,18.9,23.1,51,15,947.8
7,2025-06-17,25.8,32.5,17.2,0.00,0.00,0.00,0.0,53661.35,25.64,11.0,25.6,122,6.25,11.7,45,73,24,0.178,0.161,0.180,26.6,19.1,24.1,3,26,945.6
7,2025-06-18,28.2,36.0,19.2,0.00,0.00,0.00,0.0,53764.86,27.79,13.5,44.3,240,7.35,9.6,35,59,16,0.166,0.162,0.181,28.5,19.5,25.8,3,38,942.8
7,2025-06-19,25.8,30.8,18.9,0.70,0.70,0.00,3.0,51206.85,20.69,38.2,61.9,226,7.09,10.4,39,63,25,0.167,0.166,0.184,26.8,20.0,26.5,51,60,940.2
7,2025-06-20,21.9,29.3,14.4,0.40,0.40,0.00,4.0,51679.06,24.48,36.0,60.5,222,6.99,9.1,49,83,21,0.169,0.169,0.187,24.3,20.3,24.7,51,37,943.1
7,2025-06-21,20.8,27.0,14.6,1.20,1.20,0.00,4.0,48300.67,19.10,35.8,61.9,245,5.72,9.5,52,85,28,0.180,0.173,0.190,22.4,20.3,23.0,51,48,946.2
7,2025-06-22,23.8,30.8,15.0,0.00,0.00,0.00,0.0,52555.50,24.94,23.6,46.1,252,6.99,9.6,44,70,24,0.173,0.173,0.191,24.0,20.2,22.8,3,23,945.8
7,2025-06-23,19.3,25.3,14.5,0.60,0.60,0.00,4.0,46118.88,17.55,26.4,49.3,257,4.45,10.4,57,71,36,0.168,0.171,0.190,21.8,20.1,22.8,51,58,942.8
7,2025-06-24,19.4,24.6,12.1,0.00,0.00,0.00,0.0,50916.68,18.32,18.4,33.5,271,4.47,9.1,54,77,35,0.166,0.171,0.191,21.3,20.0,21.4,3,45,944.7
7,2025-06-25,18.5,23.2,14.2,0.40,0.40,0.00,4.0,51980.48,23.79,24.6,41.4,42,4.93,11.5,65,83,47,0.165,0.171,0.191,22.1,19.8,21.5,51,53,944.5
7,2025-06-26,16.6,21.4,13.4,21.90,21.90,0.00,20.0,37067.22,15.25,30.1,50.4,83,2.84,13.2,82,95,57,0.275,0.175,0.191,19.5,19.6,20.6,63,85,942.1
7,2025-06-27,15.9,20.2,13.2,4.50,4.50,0.00,17.0,14562.60,7.97,19.1,32.8,323,1.67,12.7,83,98,58,0.353,0.216,0.192,17.9,19.2,19.0,53,74,945.6
7,2025-06-28,19.8,26.8,11.8,0.20,0.20,0.00,2.0,51486.03,21.25,16.2,31.3,185,4.93,10.2,58,91,32,0.305,0.231,0.193,19.4,18.7,18.5,51,62,942.8
7,2025-06-29,18.0,21.4,14.7,3.50,3.50,0.00,12.0,45363.90,21.06,26.4,41.4,229,4.11,12.0,69,87,51,0.290,0.233,0.194,20.0,18.5,19.8,53,71,937.0
7,2025-06-30,17.2,21.3,12.9,3.20,3.20,0.00,13.0,50332.60,17.09,18.2,37.1,261,3.33,12.1,74,95,53,0.303,0.235,0.193,18.9,18.4,19.1,53,57,937.3
7,2025-07-01,20.6,26.5,13.4,0.00,0.00,0.00,0.0,53328.08,21.97,14.4,31.0,290,4.89,11.7,60,87,35,0.279,0.235,0.192,20.7,18.2,19.5,2,32,944.4
7,2025-07-02,22.9,29.0,14.7,0.00,0.00,0.00,0.0,55124.56,25.80,10.1,21.6,346,5.54,13.3,58,89,35,0.247,0.228,0.190,22.7,18.2,20.9,1,11,949.6
7,2025-07-03,25.2,32.1,16.0,0.20,0.20,0.00,1.0,54554.22,27.99,12.2,19.1,110,6.31,12.4,50,87,23,0.217,0.219,0.187,25.1,18.5,22.5,51,3,950.2
7,2025-07-04,27.9,35.0,19.7,0.00,0.00,0.00,0.0,47392.85,24.17,29.3,37.4,181,7.74,10.3,36,59,19,0.187,0.207,0.184,26.4,18.9,24.1,3,35,943.7
7,2025-07-05,20.3,25.3,16.0,1.60,1.60,0.00,7.0,54243.93,21.16,28.1,54.0,295,5.16,11.9,60,83,42,0.179,0.198,0.181,23.7,19.4,24.0,53,32,940.0
7,2025-07-06,20.6,26.1,13.2,0.00,0.00,0.00,0.0,46276.39,22.06,23.6,42.8,296,5.58,10.3,55,83,33,0.183,0.196,0.181,22.5,19.6,22.1,3,40,944.3
7,2025-07-07,21.4,27.8,15.2,2.70,2.70,0.00,7.0,53302.64,22.66,22.7,40.7,302,5.41,12.2,58,76,34,0.182,0.194,0.182,22.9,19.7,22.2,61,46,943.8
7,2025-07-08,20.0,25.1,13.9,0.00,0.00,0.00,0.0,51518.63,27.38,21.4,34.9,35,6.21,8.9,53,83,31,0.179,0.188,0.180,23.1,19.7,22.4,3,52,947.8
7,2025-07-09,18.5,21.6,14.6,0.30,0.30,0.00,2.0,16204.14,13.53,22.4,38.5,63,4.25,9.0,55,67,44,0.174,0.188,0.181,20.9,19.8,21.7,51,95,947.9
7,2025-07-10,19.7,24.7,13.6,0.10,0.10,0.00,1.0,49847.53,20.02,19.0,35.3,44,5.15,7.7,49,76,27,0.179,0.190,0.183,21.3,19.7,20.9,51,67,948.3
7,2025-07-11,21.4,28.3,12.4,0.00,0.00,0.00,0.0,53700.86,24.21,20.5,35.3,282,5.90,8.9,49,82,24,0.172,0.189,0.184,22.6,19.6,21.5,3,43,949.3
7,2025-07-12,21.2,25.1,15.7,0.30,0.30,0.00,3.0,54062.32,26.49,20.1,37.8,300,5.91,11.0,54,74,37,0.168,0.187,0.185,24.1,19.7,23.0,51,21,948.6
7,2025-07-13,20.4,27.2,11.8,0.20,0.20,0.00,1.0,54090.19,25.25,23.2,45.7,278,6.38,6.9,44,69,23,0.158,0.182,0.183,22.9,19.9,22.5,51,23,946.5
7,2025-07-14,19.0,25.0,11.9,0.00,0.00,0.00,0.0,53997.08,25.29,16.9,32.8,325,5.60,7.2,50,79,25,0.153,0.178,0.182,22.9,20.0,22.4,3,35,945.2
7,2025-07-15,20.6,26.3,12.8,0.00,0.00,0.00,0.0,47775.57,20.92,16.9,35.3,321,5.07,8.0,48,77,28,0.151,0.174,0.181,22.8,20.0,22.3,3,55,944.8
7,2025-07-16,23.4,31.2,13.6,0.00,0.00,0.00,0.0,54178.43,28.03,16.3,29.2,345,6.68,7.2,41,75,18,0.143,0.168,0.178,25.6,20.1,23.3,0,3,944.9
7,2025-07-17,27.2,34.1,19.8,0.00,0.00,0.00,0.0,54000.00,23.11,29.2,51.8,224,8.58,7.5,31,51,17,0.142,0.163,0.176,27.0,20.4,25.2,3,37,944.6
7,2025-07-18,26.8,34.3,16.5,0.00,0.00,0.00,0.0,47516.99,24.67,19.1,30.2,183,6.69,9.6,38,67,19,0.144,0.162,0.175,28.4,20.9,26.3,3,48,945.9
7,2025-07-19,22.3,25.6,15.4,0.00,0.00,0.00,0.0,54000.00,23.31,24.8,43.2,332,6.25,10.9,50,74,34,0.152,0.165,0.179,26.3,21.4,26.7,3,25,944.4
7,2025-07-20,18.8,25.5,10.5,0.00,0.00,0.00,0.0,53961.72,28.22,19.5,38.9,38,6.40,5.1,45,79,23,0.154,0.167,0.180,23.4,21.6,24.1,0,0,953.0
7,2025-07-21,21.4,28.7,11.2,0.00,0.00,0.00,0.0,53895.23,27.99,16.2,31.0,15,6.52,5.3,39,71,20,0.152,0.166,0.181,24.6,21.6,23.8,3,4,953.5
7,2025-07-22,23.8,30.7,14.5,0.00,0.00,0.00,0.0,51927.13,27.30,19.5,31.3,80,7.13,5.9,35,63,18,0.146,0.162,0.178,26.4,21.7,24.8,3,35,952.7
7,2025-07-23,25.5,31.0,18.9,0.00,0.00,0.00,0.0,38613.47,19.72,22.4,32.8,125,6.47,4.4,27,40,16,0.142,0.159,0.177,27.4,21.9,26.0,3,98,945.9
7,2025-07-24,26.0,32.3,19.5,0.00,0.00,0.00,0.0,52383.93,26.69,24.6,40.3,267,7.95,7.6,33,55,20,0.139,0.155,0.175,28.7,22.2,26.6,3,26,940.2
7,2025-07-25,26.2,34.7,18.4,0.80,0.80,0.00,2.0,48958.21,23.72,33.0,55.8,235,7.22,8.4,34,56,20,0.150,0.158,0.177,28.0,22.5,27.3,51,32,936.9
7,2025-07-26,23.8,30.7,17.9,1.40,1.40,0.00,1.0,47236.95,21.29,33.3,58.7,223,5.75,12.6,51,69,31,0.166,0.159,0.178,26.5,22.8,26.7,61,39,937.7
7,2025-07-27,22.7,30.3,17.8,1.30,1.30,0.00,6.0,50799.00,20.04,37.4,64.4,217,6.04,12.6,55,75,30,0.181,0.163,0.180,24.9,22.9,25.6,53,46,938.4
7,2025-07-28,22.5,29.2,14.0,0.00,0.00,0.00,0.0,49192.37,22.90,16.0,32.0,213,5.55,9.6,50,86,23,0.177,0.164,0.181,24.7,22.9,24.6,3,46,942.1
7,2025-07-29,21.3,25.8,16.9,4.10,4.10,0.00,9.0,41041.12,19.87,26.0,48.6,218,5.27,10.7,55,90,28,0.206,0.170,0.185,24.1,22.8,24.4,55,67,940.4
7,2025-07-30,19.3,22.8,15.7,0.80,0.80,0.00,6.0,48958.08,19.26,17.8,35.3,229,3.99,11.2,61,81,45,0.211,0.174,0.188,22.7,22.6,23.2,51,61,938.4
7,2025-07-31,20.2,25.3,15.1,4.40,4.40,0.00,7.0,49087.86,19.27,20.9,45.0,236,4.34,13.1,65,86,47,0.221,0.175,0.188,22.5,22.3,22.6,61,35,939.1
7,2025-08-01,18.8,22.2,13.7,1.60,1.60,0.00,3.0,49997.25,17.57,16.9,32.4,248,3.46,13.0,71,89,51,0.245,0.174,0.187,21.6,22.1,22.1,55,54,940.1
7,2025-08-02,18.9,23.5,13.8,0.70,0.70,0.00,7.0,49966.62,20.13,22.9,42.1,335,3.95,14.3,76,96,55,0.239,0.172,0.185,21.7,21.8,21.9,51,49,943.3
7,2025-08-03,18.0,21.9,13.7,0.40,0.40,0.00,4.0,49237.20,17.68,21.4,37.1,14,4.02,11.0,67,93,43,0.224,0.170,0.183,21.3,21.6,21.8,51,43,950.3
7,2025-08-04,14.7,19.5,8.6,0.00,0.00,0.00,0.0,51181.13,25.54,19.1,37.1,17,5.02,3.6,50,80,30,0.206,0.169,0.182,19.6,21.3,20.5,1,7,955.5
7,2025-08-05,15.4,22.6,5.8,0.00,0.00,0.00,0.0,50445.52,24.44,10.3,26.3,351,4.53,3.5,50,86,24,0.190,0.168,0.182,19.1,20.9,19.8,3,23,955.6
7,2025-08-06,18.4,25.4,11.3,0.60,0.60,0.00,4.0,48286.97,18.93,30.9,56.5,266,5.43,7.4,50,72,36,0.180,0.167,0.182,19.8,20.6,20.3,51,41,949.7
7,2025-08-07,18.9,26.7,10.0,0.40,0.40,0.00,2.0,50538.22,24.58,17.2,31.3,29,5.36,7.5,53,82,22,0.173,0.166,0.181,21.8,20.4,21.1,51,67,947.6
7,2025-08-08,18.2,23.0,13.9,3.20,3.20,0.00,10.0,43945.33,15.49,18.7,36.4,28,3.31,12.2,69,84,48,0.181,0.168,0.184,21.3,20.5,21.8,55,84,944.9
7,2025-08-09,16.3,21.9,11.6,2.80,2.80,0.00,5.0,45203.56,22.05,22.5,38.9,36,4.51,8.0,62,91,31,0.225,0.170,0.185,19.8,20.4,20.6,61,42,949.7
7,2025-08-10,16.9,23.1,9.0,0.00,0.00,0.00,0.0,50400.00,19.03,11.6,26.6,44,4.01,7.3,57,88,33,0.209,0.171,0.186,19.6,20.2,20.0,3,53,953.4
7,2025-08-11,19.7,27.1,9.8,0.00,0.00,0.00,0.0,50400.00,25.02,23.6,33.5,133,5.82,6.6,48,89,21,0.192,0.170,0.185,21.2,20.1,20.4,3,9,951.2
7,2025-08-12,18.9,21.9,14.6,1.20,1.20,0.00,8.0,48733.91,17.01,41.6,68.8,254,5.09,9.7,56,74,41,0.183,0.168,0.184,21.2,20.1,21.5,51,40,943.9
7,2025-08-13,18.7,26.0,10.2,0.20,0.20,0.00,1.0,34730.78,16.90,15.0,28.8,234,4.17,9.0,58,93,30,0.178,0.168,0.185,20.3,20.1,20.4,51,55,947.6
7,2025-08-14,20.3,26.7,15.8,1.10,1.10,0.00,4.0,45228.27,19.21,33.6,58.0,229,5.96,8.3,49,72,26,0.178,0.168,0.185,21.1,20.1,21.0,53,48,940.3
7,2025-08-15,16.7,21.4,12.7,5.50,5.50,0.00,13.0,44288.98,15.51,28.6,59.0,238,3.35,11.7,74,95,49,0.208,0.168,0.186,19.4,20.1,20.5,55,68,941.1
7,2025-08-16,15.9,21.9,12.1,8.00,8.00,0.00,9.0,36176.22,15.44,25.1,43.9,220,3.02,11.4,77,96,46,0.255,0.169,0.185,18.4,19.9,19.5,61,69,941.3
7,2025-08-17,16.3,21.0,12.1,0.80,0.80,0.00,6.0,47284.49,14.19,26.2,57.6,240,3.07,11.1,73,95,52,0.295,0.176,0.186,17.8,19.7,18.7,51,51,942.5
7,2025-08-18,15.8,20.6,11.8,1.10,1.10,0.00,6.0,48917.00,16.98,23.0,44.6,265,3.41,9.5,68,88,42,0.280,0.183,0.189,17.7,19.5,18.4,51,39,948.1
7,2025-08-19,17.5,24.7,10.2,0.10,0.10,0.00,1.0,49375.35,17.33,19.5,37.4,270,3.87,9.5,62,86,39,0.255,0.187,0.190,18.0,19.2,18.4,51,55,950.2
7,2025-08-20,20.3,27.5,11.6,0.20,0.20,0.00,1.0,46767.18,19.96,12.1,25.2,186,4.52,9.7,56,89,29,0.231,0.184,0.190,20.3,19.1,19.5,51,92,946.0
7,2025-08-21,21.7,27.1,15.7,0.00,0.00,0.00,0.0,48703.99,20.51,19.1,33.5,242,5.76,7.7,42,65,27,0.208,0.181,0.188,22.4,19.2,21.1,2,25,943.0
7,2025-08-22,16.6,20.9,11.4,0.00,0.00,0.00,0.0,48313.34,17.06,25.8,46.1,283,4.09,7.7,58,77,39,0.193,0.180,0.188,19.4,19.5,20.5,3,33,944.2
7,2025-08-23,17.5,23.4,10.7,0.20,0.20,0.00,2.0,36998.23,14.77,18.8,36.4,313,3.59,9.7,63,86,41,0.183,0.177,0.187,18.9,19.4,19.2,51,51,947.2
7,2025-08-24,19.3,25.8,11.7,0.40,0.40,0.00,3.0,48078.76,17.98,13.1,28.8,5,4.12,10.1,59,87,33,0.173,0.172,0.184,20.7,19.4,19.9,51,20,954.1
7,2025-08-25,19.5,26.7,11.1,0.00,0.00,0.00,0.0,48117.17,22.14,18.6,32.0,63,5.58,5.9,46,76,20,0.160,0.166,0.181,21.4,19.4,20.8,0,0,957.3
7,2025-08-26,20.0,27.3,11.9,0.00,0.00,0.00,0.0,47712.19,21.76,14.7,28.4,82,5.36,6.9,45,67,26,0.152,0.163,0.179,22.2,19.6,21.5,0,0,957.8
7,2025-08-27,21.7,30.4,12.1,0.00,0.00,0.00,0.0,47263.63,21.79,12.5,28.4,118,5.32,4.9,39,68,9,0.148,0.160,0.178,23.2,19.9,22.3,2,4,957.7
7,2025-08-28,24.1,32.5,14.5,0.00,0.00,0.00,0.0,46816.18,21.34,15.7,28.8,197,6.11,4.6,32,53,11,0.147,0.158,0.177,24.5,20.2,23.3,3,21,954.7
7,2025-08-29,22.6,26.7,16.9,0.20,0.20,0.00,1.0,46332.33,17.00,18.1,32.4,326,5.12,7.3,38,65,28,0.145,0.156,0.176,24.7,20.6,24.1,51,49,951.2
7,2025-08-30,15.9,21.7,8.6,5.00,5.00,0.00,10.0,40837.13,18.26,29.8,52.2,327,4.03,8.3,64,95,33,0.156,0.156,0.176,20.9,20.9,22.8,61,68,946.0
7,2025-08-31,12.1,16.5,7.5,0.40,0.40,0.00,4.0,22959.73,10.74,31.1,51.1,302,2.77,4.8,64,89,40,0.198,0.160,0.178,15.9,20.8,18.9,51,91,952.3
7,2025-09-01,11.4,13.2,7.8,5.90,5.90,0.00,12.0,0.00,3.31,19.0,33.1,292,1.07,8.6,84,93,63,0.250,0.163,0.179,14.3,20.2,16.8,55,91,947.0
7,2025-09-02,11.0,15.9,6.2,0.40,0.40,0.00,4.0,24124.00,10.81,22.0,36.4,331,2.40,5.3,70,90,49,0.251,0.168,0.180,13.5,19.5,15.5,51,71,951.1
7,2025-09-03,13.2,19.4,6.7,0.00,0.00,0.00,0.0,29178.78,12.03,11.4,23.8,349,2.34,6.2,65,89,39,0.240,0.172,0.182,14.8,18.9,15.8,3,52,957.0
7,2025-09-04,17.3,24.5,10.2,0.00,0.00,0.00,0.0,43793.16,18.68,13.3,24.8,228,3.99,6.4,52,77,29,0.225,0.174,0.183,17.8,18.5,17.1,3,56,956.9
7,2025-09-05,18.7,26.6,10.0,0.00,0.00,0.00,0.0,43495.31,19.37,20.4,36.4,62,4.91,6.8,49,74,28,0.206,0.171,0.181,18.6,18.5,18.5,3,53,953.3
7,2025-09-06,18.8,25.6,11.6,0.00,0.00,0.00,0.0,43557.12,18.82,24.3,38.2,97,5.22,6.7,48,73,29,0.190,0.169,0.179,19.9,18.5,19.5,3,28,950.5
7,2025-09-07,20.2,27.2,14.0,0.10,0.10,0.00,1.0,43261.89,16.57,20.4,33.1,179,4.82,5.5,40,57,25,0.178,0.167,0.179,20.7,18.7,20.2,51,24,945.5
7,2025-09-08,14.8,20.8,11.5,4.50,4.50,0.00,12.0,30353.00,11.73,20.4,38.2,270,2.60,8.7,68,93,42,0.185,0.168,0.180,18.1,18.9,19.6,55,84,940.8
7,2025-09-09,13.3,18.3,8.7,0.80,0.80,0.00,4.0,34009.95,13.14,21.0,34.9,332,2.66,6.4,66,90,37,0.217,0.170,0.181,16.5,18.9,17.8,51,59,949.5
7,2025-09-10,13.8,19.5,10.4,5.80,5.80,0.00,7.0,33898.12,12.41,21.1,37.8,216,2.95,6.5,64,91,37,0.223,0.174,0.183,16.0,18.6,17.1,61,59,948.6
7,2025-09-11,11.6,15.0,8.3,1.00,1.00,0.00,7.0,16096.87,9.47,22.1,38.9,289,1.93,7.2,77,98,54,0.278,0.179,0.184,14.5,18.4,16.1,51,84,949.7
7,2025-09-12,11.6,15.3,9.0,1.10,1.10,0.00,9.0,32592.87,10.03,18.3,34.9,17,1.71,8.8,83,94,68,0.266,0.183,0.184,14.3,18.0,15.5,51,80,955.8
7,2025-09-13,9.3,12.2,4.3,0.40,0.40,0.00,4.0,31069.42,10.73,26.5,46.8,41,2.17,3.6,69,88,48,0.256,0.185,0.184,12.8,17.6,14.8,51,68,958.3
7,2025-09-14,7.9,13.9,1.8,0.00,0.00,0.00,0.0,37184.56,12.23,23.9,38.5,62,2.53,0.5,62,84,38,0.245,0.188,0.185,10.6,17.1,13.1,3,45,964.1
7,2025-09-15,10.4,17.2,3.1,0.00,0.00,0.00,0.0,43200.00,17.46,28.4,49.7,86,3.74,1.8,59,88,34,0.234,0.189,0.186,12.0,16.6,13.2,3,37,960.1
7,2025-09-16,11.8,17.7,5.9,0.70,0.70,0.00,3.0,39240.81,12.90,22.0,36.0,113,2.67,3.8,60,88,39,0.223,0.190,0.187,13.4,16.3,14.1,51,42,951.6
7,2025-09-17,10.9,15.6,5.8,0.50,0.50,0.00,5.0,43200.00,11.89,10.9,20.5,237,2.09,4.8,68,88,45,0.219,0.188,0.186,13.2,16.1,14.1,51,45,951.6
7,2025-09-18,10.6,13.1,8.6,3.10,3.10,0.00,14.0,28032.64,8.13,13.1,26.6,298,1.33,7.8,83,95,66,0.231,0.188,0.186,12.8,15.9,13.7,51,92,952.2
7,2025-09-19,10.2,13.5,7.2,4.10,4.10,0.00,18.0,27061.61,9.66,18.6,36.4,325,1.49,7.8,86,98,65,0.251,0.192,0.188,11.9,15.7,13.1,53,91,953.5
7,2025-09-20,11.1,15.5,7.8,0.40,0.40,0.00,4.0,9395.34,6.61,15.1,29.2,24,1.38,7.3,79,96,57,0.274,0.197,0.188,12.1,15.4,13.0,51,79,955.0
7,2025-09-21,12.4,19.7,4.8,0.00,0.00,0.00,0.0,42321.37,15.61,14.9,27.4,113,3.04,5.2,66,94,36,0.259,0.199,0.188,13.0,15.2,13.3,3,33,956.0
7,2025-09-22,14.6,21.8,9.1,0.10,0.10,0.00,1.0,36233.95,11.99,16.6,30.6,169,2.91,5.1,56,78,27,0.239,0.195,0.186,14.7,15.2,14.4,51,79,947.7
7,2025-09-23,11.3,13.8,7.6,8.00,8.00,0.00,14.0,39060.48,9.66,21.0,40.7,299,1.60,7.6,79,96,57,0.288,0.194,0.183,13.3,15.3,14.3,61,64,949.4
7,2025-09-24,14.5,23.1,6.5,0.00,0.00,0.00,0.0,41142.08,14.55,27.3,47.5,234,3.60,6.1,60,84,37,0.289,0.201,0.182,13.9,15.2,13.6,0,4,956.8
7,2025-09-25,16.5,26.1,8.6,0.00,0.00,0.00,0.0,40184.07,14.66,11.9,24.1,202,3.16,7.0,58,82,27,0.259,0.198,0.179,15.8,15.2,14.9,0,0,954.4
7,2025-09-26,16.4,25.0,8.4,0.00,0.00,0.00,0.0,39583.40,14.35,9.7,18.7,190,2.92,7.6,60,89,30,0.239,0.193,0.175,16.4,15.3,15.6,0,0,949.1
7,2025-09-27,16.8,24.9,9.6,0.00,0.00,0.00,0.0,38625.24,14.16,19.2,33.5,213,3.92,3.7,45,68,23,0.221,0.188,0.173,16.2,15.6,16.1,2,7,949.3
7,2025-09-28,11.6,14.6,5.5,0.70,0.70,0.00,7.0,8677.32,6.01,18.7,34.2,290,1.69,6.4,72,93,50,0.211,0.186,0.171,14.0,15.8,15.6,51,89,953.2
7,2025-09-29,3.3,5.5,1.6,0.40,0.40,0.00,4.0,0.00,4.32,25.4,42.1,46,0.86,0.7,83,92,71,0.216,0.187,0.172,8.5,15.6,12.2,51,100,957.3
7,2025-09-30,1.7,3.5,0.0,1.60,1.10,0.35,16.0,0.00,2.39,24.3,38.9,39,0.72,-1.0,82,93,69,0.219,0.188,0.173,5.9,15.0,9.1,71,97,952.4
7,2025-10-01,1.8,5.6,-2.5,0.60,0.00,0.42,6.0,18593.42,8.15,21.3,36.0,328,1.49,-4.8,64,88,38,0.218,0.189,0.173,5.3,14.2,7.8,71,83,953.1
7,2025-10-02,4.5,6.6,2.9,0.80,0.80,0.00,6.0,4767.07,5.44,29.1,47.2,259,1.59,-1.8,65,91,52,0.216,0.189,0.173,6.6,13.4,7.9,51,68,954.4
7,2025-10-03,2.4,5.7,-2.5,0.00,0.00,0.00,0.0,1091.70,5.37,10.6,22.0,318,0.90,-2.4,72,93,48,0.220,0.189,0.172,5.5,12.8,7.6,3,62,963.8
7,2025-10-04,1.0,7.0,-4.5,0.00,0.00,0.00,0.0,29588.31,9.83,26.9,47.2,315,1.55,-4.3,69,90,52,0.217,0.190,0.174,3.6,12.2,6.4,3,38,962.8
7,2025-10-05,-0.8,4.3,-5.7,0.00,0.00,0.00,0.0,36000.00,12.07,14.0,23.4,49,1.40,-7.4,63,82,41,0.214,0.192,0.178,3.4,11.6,6.2,3,56,970.1
7,2025-10-06,1.6,9.1,-6.1,0.00,0.00,0.00,0.0,28473.91,9.93,9.7,22.7,232,1.62,-7.5,55,83,27,0.208,0.190,0.177,3.3,11.1,5.5,3,72,965.1
7,2025-10-07,3.4,9.7,-1.3,0.00,0.00,0.00,0.0,36000.00,10.93,17.0,25.6,36,1.73,-5.0,56,83,36,0.201,0.187,0.176,4.3,10.6,5.9,2,18,961.8
7,2025-10-08,1.4,9.2,-4.7,0.00,0.00,0.00,0.0,36000.00,11.64,11.9,22.7,70,1.49,-4.3,69,92,38,0.194,0.184,0.174,4.5,10.3,6.0,0,1,961.8
7,2025-10-09,3.6,12.6,-4.3,0.00,0.00,0.00,0.0,36000.00,11.43,11.5,24.1,313,1.88,-4.1,61,83,33,0.183,0.178,0.171,4.6,10.0,5.9,0,2,960.1
7,2025-10-10,3.7,11.2,-2.3,0.00,0.00,0.00,0.0,32342.12,10.80,11.6,26.3,76,1.64,-2.6,67,90,38,0.171,0.170,0.167,5.6,9.8,6.5,3,34,960.6
7,2025-10-11,3.9,12.2,-1.5,0.00,0.00,0.00,0.0,30746.71,9.61,23.2,39.2,14,1.75,-2.4,67,86,34,0.164,0.166,0.165,5.7,9.7,6.8,3,76,954.8
7,2025-10-12,0.2,2.0,-0.9,0.50,0.00,0.35,5.0,798.27,5.00,25.3,46.1,67,0.95,-3.6,76,82,67,0.165,0.166,0.165,3.9,9.7,6.2,71,99,955.8
7,2025-10-13,0.1,5.1,-4.3,0.00,0.00,0.00,0.0,30430.25,8.95,21.9,40.0,72,1.29,-4.9,70,83,53,0.165,0.167,0.165,3.2,9.4,5.0,3,45,960.7
7,2025-10-14,-4.0,1.6,-8.1,0.00,0.00,0.00,0.0,35191.76,10.69,25.6,44.3,66,1.18,-9.2,69,83,44,0.166,0.168,0.166,-1.3,9.0,3.0,3,12,967.0
7,2025-10-15,-3.5,4.5,-9.6,0.00,0.00,0.00,0.0,34884.31,10.51,21.3,37.4,92,1.50,-10.7,61,84,34,0.166,0.168,0.167,-2.1,8.4,1.0,0,0,971.1
7,2025-10-16,-1.0,7.8,-8.3,0.00,0.00,0.00,0.0,33605.71,9.99,23.6,41.4,93,2.02,-11.3,49,73,25,0.166,0.169,0.168,-1.3,7.7,0.8,3,40,966.2
7,2025-10-17,1.8,11.4,-6.1,0.00,0.00,0.00,0.0,33513.45,9.44,18.8,31.3,113,2.16,-11.2,41,65,19,0.162,0.168,0.167,1.1,7.2,1.7,3,48,959.3
7,2025-10-18,3.4,10.7,-3.0,0.00,0.00,0.00,0.0,33195.48,9.49,16.6,29.9,227,1.98,-6.6,49,81,35,0.152,0.164,0.165,3.6,7.0,3.7,3,10,956.1
7,2025-10-19,0.4,7.3,-6.5,0.00,0.00,0.00,0.0,23334.99,7.20,10.7,23.4,295,1.04,-5.0,70,90,45,0.146,0.161,0.164,1.2,7.0,3.5,3,47,960.7
7,2025-10-20,0.8,8.8,-6.8,0.00,0.00,0.00,0.0,33380.47,9.30,13.4,26.6,71,1.49,-6.1,63,87,37,0.141,0.157,0.162,1.4,6.9,3.1,0,1,962.1
7,2025-10-21,2.4,10.9,-4.8,0.00,0.00,0.00,0.0,33169.00,9.16,22.0,38.9,66,1.92,-5.4,60,88,34,0.134,0.154,0.160,2.5,6.8,3.3,3,20,962.7
7,2025-10-22,3.7,12.0,-2.3,0.00,0.00,0.00,0.0,31997.02,8.95,22.2,39.6,86,2.09,-5.0,56,79,33,0.131,0.152,0.159,3.8,6.8,4.2,3,28,965.5
7,2025-10-23,4.3,14.1,-2.7,0.00,0.00,0.00,0.0,31893.04,9.07,16.3,27.7,105,2.09,-6.7,49,76,22,0.129,0.151,0.159,4.3,6.9,4.8,3,39,964.6
7,2025-10-24,5.0,15.7,-2.3,0.00,0.00,0.00,0.0,30441.28,8.12,11.9,20.5,124,1.87,-7.3,44,66,19,0.123,0.147,0.157,4.7,7.0,5.3,3,76,958.9
7,2025-10-25,5.6,12.0,-0.8,0.20,0.20,0.00,2.0,18431.14,5.88,10.7,17.6,121,1.32,-3.3,55,75,32,0.117,0.142,0.154,5.1,7.2,5.5,51,87,950.7
7,2025-10-26,4.4,8.7,2.2,0.00,0.00,0.00,0.0,29125.04,6.30,22.4,39.6,39,1.13,0.6,77,87,54,0.117,0.142,0.154,5.8,7.4,5.9,3,45,952.0
7,2025-10-27,1.7,5.5,-0.8,0.00,0.00,0.00,0.0,7735.37,3.43,17.0,30.2,42,0.76,-1.7,78,86,61,0.115,0.141,0.153,3.8,7.5,5.5,3,75,957.8
7,2025-10-28,2.7,11.2,-3.1,0.00,0.00,0.00,0.0,30614.87,8.08,15.1,27.4,72,1.43,-3.3,68,91,41,0.115,0.141,0.153,3.5,7.5,4.7,1,5,959.8
7,2025-10-29,2.7,13.1,-4.3,0.00,0.00,0.00,0.0,31594.72,8.10,8.8,14.8,112,1.15,-4.4,64,89,31,0.112,0.138,0.151,3.3,7.4,4.6,3,12,959.8
7,2025-10-30,3.5,13.7,-3.4,0.00,0.00,0.00,0.0,30093.00,7.60,13.6,23.0,167,1.47,-4.0,61,82,32,0.108,0.135,0.148,3.2,7.3,4.4,3,91,958.9
7,2025-10-31,8.0,17.1,0.6,0.00,0.00,0.00,0.0,27862.01,7.38,24.6,42.1,180,2.53,-1.6,55,84,29,0.106,0.134,0.147,5.7,7.3,5.3,3,88,950.9
7,2025-11-01,4.3,8.7,1.3,8.00,8.00,0.00,17.0,4439.13,2.50,36.5,59.8,250,0.57,2.6,89,95,78,0.183,0.133,0.147,5.5,7.5,6.6,55,98,952.9
7,2025-11-02,3.8,7.1,1.4,0.00,0.00,0.00,0.0,10083.15,4.26,19.8,34.2,190,0.86,0.1,78,99,56,0.204,0.134,0.147,4.4,7.6,5.2,3,92,955.1
7,2025-11-03,3.7,5.4,0.3,3.20,3.20,0.00,17.0,23.50,1.77,28.2,48.6,224,0.52,1.8,87,94,72,0.221,0.135,0.147,4.2,7.5,4.9,53,90,944.7
7,2025-11-04,-7.0,0.1,-14.1,2.10,0.00,1.47,17.0,0.00,3.06,21.9,35.6,320,0.37,-9.5,82,92,75,0.236,0.138,0.148,-1.4,7.4,3.3,71,99,954.5
7,2025-11-05,-12.3,-9.5,-15.5,0.00,0.00,0.00,0.0,11302.21,5.05,17.3,31.3,318,0.41,-16.1,74,87,67,0.231,0.139,0.150,-6.0,6.9,0.5,3,93,967.2
7,2025-11-06,-7.1,-3.6,-12.1,2.30,0.00,1.61,17.0,0.00,3.57,32.0,49.3,228,0.47,-9.8,81,86,67,0.226,0.141,0.151,-4.2,6.3,-0.0,71,100,963.8
7,2025-11-07,-3.2,0.1,-6.5,0.00,0.00,0.00,0.0,21914.32,4.65,27.0,46.1,229,1.17,-10.1,59,69,47,0.222,0.142,0.151,-2.2,5.8,-0.2,3,97,958.4
7,2025-11-08,0.5,2.8,-2.0,0.40,0.00,0.28,4.0,5901.49,4.28,31.6,54.4,230,1.96,-10.7,43,51,35,0.220,0.143,0.152,0.3,5.3,-0.1,71,96,954.4
7,2025-11-09,1.3,2.7,-0.6,7.50,0.00,5.25,16.0,0.00,1.70,36.3,59.8,221,1.30,-5.2,63,93,46,0.219,0.145,0.152,1.1,5.0,0.2,75,100,947.8
7,2025-11-10,-1.7,0.8,-3.2,1.40,0.20,0.84,11.0,0.00,2.85,32.8,53.6,268,0.38,-3.3,89,96,80,0.218,0.146,0.153,0.6,4.7,0.5,71,98,952.3
7,2025-11-11,-0.6,0.7,-2.5,0.00,0.00,0.00,0.0,2539.19,3.42,29.6,48.2,221,0.53,-2.7,86,93,82,0.216,0.147,0.153,0.7,4.6,0.8,3,89,958.8
7,2025-11-12,1.6,2.7,-0.0,5.20,3.70,1.05,21.0,0.00,1.27,29.9,49.0,229,0.29,0.7,93,97,84,0.242,0.149,0.153,1.3,4.5,1.4,73,100,953.5
7,2025-11-13,-2.9,2.2,-5.8,0.50,0.50,0.00,4.0,892.03,3.05,17.7,31.0,320,0.44,-6.3,78,96,64,0.289,0.154,0.151,0.6,4.5,1.9,51,96,963.7
7,2025-11-14,-3.3,2.7,-7.5,0.00,0.00,0.00,0.0,28974.44,6.44,10.6,23.8,151,0.74,-8.7,68,83,42,0.269,0.161,0.151,-1.5,4.4,0.8,3,34,967.5
7,2025-11-15,-0.3,6.0,-3.4,0.00,0.00,0.00,0.0,28800.00,6.04,12.7,24.8,173,1.04,-7.6,60,74,32,0.262,0.169,0.153,-0.6,4.2,0.4,3,58,965.1
7,2025-11-16,1.0,8.8,-2.9,0.00,0.00,0.00,0.0,28800.00,6.27,13.7,26.3,165,1.30,-8.0,53,68,28,0.256,0.173,0.155,-0.4,4.1,0.4,0,0,961.7
7,2025-11-17,1.0,7.0,-2.4,0.00,0.00,0.00,0.0,28800.00,5.77,18.4,31.7,211,1.10,-5.2,64,86,48,0.253,0.177,0.156,-0.3,3.9,0.4,3,40,962.3
7,2025-11-18,0.2,8.5,-3.9,0.00,0.00,0.00,0.0,28800.00,5.73,11.6,15.8,141,0.74,-3.9,76,89,45,0.253,0.182,0.158,-0.7,3.8,0.4,2,29,963.9
7,2025-11-19,0.5,9.0,-3.3,0.00,0.00,0.00,0.0,28800.00,5.84,12.8,17.6,173,1.00,-6.6,61,83,31,0.252,0.187,0.160,-0.5,3.7,0.3,3,31,959.7
7,2025-11-20,0.7,6.5,-3.9,0.00,0.00,0.00,0.0,28800.00,5.48,19.3,33.1,218,0.98,-4.3,69,77,53,0.250,0.190,0.161,-0.7,3.5,0.2,3,37,962.0
7,2025-11-21,3.1,4.3,1.2,3.60,3.60,0.00,15.0,0.00,0.44,21.6,33.8,241,0.29,2.0,93,99,77,0.276,0.192,0.160,1.5,3.4,0.4,53,99,964.2
7,2025-11-22,-2.6,0.8,-5.5,0.00,0.00,0.00,0.0,25961.42,5.19,20.9,33.5,87,0.60,-5.8,79,99,61,0.290,0.200,0.164,0.4,3.4,0.8,3,94,972.2
7,2025-11-23,0.0,3.1,-2.5,0.00,0.00,0.00,0.0,4676.36,2.38,25.7,42.8,211,0.68,-3.4,78,92,66,0.280,0.205,0.165,-0.4,3.3,0.7,3,82,965.3
7,2025-11-24,2.3,3.6,1.1,5.40,5.40,0.00,16.0,3374.14,1.95,27.1,45.7,240,0.33,1.2,93,96,87,0.306,0.209,0.165,1.0,3.3,0.7,53,99,960.8
7,2025-11-25,3.0,5.9,1.7,0.00,0.00,0.00,0.0,27061.65,4.25,21.8,37.8,212,0.52,1.4,90,97,79,0.313,0.219,0.165,2.4,3.3,1.8,3,93,964.4
7,2025-11-26,3.3,8.3,0.5,0.00,0.00,0.00,0.0,18015.12,4.25,21.7,34.9,213,1.00,-1.1,74,87,53,0.299,0.226,0.166,2.2,3.5,2.3,3,89,956.1
7,2025-11-27,-0.7,1.2,-2.1,0.10,0.00,0.07,1.0,1558.02,1.92,16.8,29.2,274,0.27,-2.1,90,95,80,0.289,0.231,0.167,0.6,3.6,1.6,71,83,955.2
7,2025-11-28,-2.7,-1.9,-3.8,0.00,0.00,0.00,0.0,7797.56,3.01,13.0,21.2,30,0.50,-7.0,73,84,65,0.279,0.236,0.167,0.4,3.5,1.1,3,94,964.7
7,2025-11-29,-3.9,0.9,-7.4,0.00,0.00,0.00,0.0,27295.34,5.00,18.9,33.5,173,0.61,-7.8,75,86,58,0.275,0.239,0.168,-1.0,3.5,0.8,3,40,963.2
7,2025-11-30,-2.8,-0.7,-5.5,0.00,0.00,0.00,0.0,907.96,1.28,11.5,18.7,238,0.23,-4.4,89,95,85,0.271,0.241,0.169,-2.1,3.3,0.4,3,88,961.4
7,2025-12-01,0.3,2.0,-0.7,0.00,0.00,0.00,0.0,2286.49,1.58,10.1,16.9,226,0.38,-3.2,78,87,66,0.268,0.242,0.169,-0.4,3.2,0.2,3,99,963.5
7,2025-12-02,-0.5,1.7,-2.5,0.00,0.00,0.00,0.0,7818.54,2.21,10.4,16.2,49,0.34,-3.2,82,88,72,0.265,0.243,0.170,-0.7,3.0,0.3,3,93,961.6
7,2025-12-03,-1.2,0.6,-2.1,1.70,0.10,1.12,9.0,20955.66,2.85,9.1,17.6,213,0.29,-2.6,90,94,84,0.263,0.243,0.170,-1.1,2.9,0.2,73,90,957.6
7,2025-12-04,-2.3,-1.6,-3.1,0.30,0.00,0.21,3.0,0.00,1.34,20.0,36.0,254,0.28,-4.0,88,96,79,0.264,0.244,0.171,-1.0,2.8,0.1,71,97,957.9
7,2025-12-05,-2.7,-2.3,-3.2,0.00,0.00,0.00,0.0,0.00,1.49,18.7,32.8,268,0.32,-4.9,85,90,79,0.263,0.245,0.175,-0.8,2.7,0.1,3,98,961.1
7,2025-12-06,-2.6,-0.5,-4.0,0.20,0.00,0.14,2.0,0.00,1.58,18.9,29.5,215,0.30,-4.9,85,91,79,0.262,0.246,0.177,-1.5,2.6,0.0,71,98,963.5
7,2025-12-07,-2.1,-0.4,-3.0,1.00,0.10,0.63,10.0,0.00,1.25,15.3,25.6,244,0.19,-3.3,92,94,90,0.261,0.246,0.177,-1.2,2.5,-0.1,71,99,960.0
7,2025-12-08,-1.0,0.4,-3.4,4.20,0.00,2.94,19.0,13888.42,2.79,18.9,29.2,210,0.33,-2.4,90,96,83,0.260,0.246,0.177,-1.1,2.4,-0.1,73,97,955.4
7,2025-12-09,-11.3,-4.5,-22.0,2.80,0.10,1.89,18.0,3044.82,2.71,21.9,37.4,282,0.33,-14.2,79,89,69,0.258,0.246,0.177,-4.7,2.3,-0.2,73,98,954.7
7,2025-12-10,-21.8,-18.2,-23.5,0.00,0.00,0.00,0.0,28126.93,4.78,21.2,35.3,346,0.22,-26.3,67,74,54,0.257,0.245,0.177,-11.3,2.2,-0.9,3,45,970.2
7,2025-12-11,-16.9,-10.0,-25.0,0.00,0.00,0.00,0.0,28698.55,5.00,17.8,30.6,143,0.42,-22.7,62,76,50,0.255,0.244,0.177,-9.4,2.0,-1.7,3,43,971.7
7,2025-12-12,-5.5,-1.7,-10.6,0.40,0.30,0.07,2.0,26225.53,4.05,21.2,34.6,168,0.83,-12.4,59,85,49,0.256,0.243,0.178,-4.6,1.7,-2.0,71,73,951.0
7,2025-12-13,-3.3,-1.4,-5.9,3.20,0.00,2.24,17.0,0.00,1.40,24.0,39.6,221,0.24,-4.6,91,95,86,0.257,0.243,0.178,-3.3,1.4,-2.0,73,99,945.1
7,2025-12-14,-2.5,1.8,-6.7,1.00,0.40,0.42,6.0,672.32,2.26,34.7,52.9,184,0.37,-4.3,88,91,84,0.257,0.242,0.178,-2.5,1.2,-2.0,71,98,945.0
7,2025-12-15,-7.9,2.3,-10.4,3.10,1.30,1.26,10.0,21741.63,3.75,40.1,65.5,223,0.38,-10.3,83,97,77,0.292,0.242,0.178,-4.4,1.1,-2.0,73,96,948.7
7,2025-12-16,-8.5,-6.0,-10.5,1.10,0.00,0.77,11.0,14025.05,3.12,35.7,58.7,222,0.44,-11.3,80,84,76,0.292,0.242,0.178,-5.2,1.0,-2.3,71,90,953.8
7,2025-12-17,-15.1,-10.2,-17.7,0.10,0.00,0.07,1.0,25174.43,4.10,25.7,40.7,248,0.25,-17.9,79,83,74,0.291,0.242,0.179,-9.4,0.8,-3.9,71,72,955.3
7,2025-12-18,-13.9,-10.6,-17.3,0.00,0.00,0.00,0.0,22802.94,3.82,17.5,29.5,238,0.23,-16.4,81,85,76,0.291,0.240,0.179,-10.1,0.6,-6.9,3,97,961.2
7,2025-12-19,-8.6,-6.9,-10.8,0.20,0.00,0.14,2.0,7065.80,2.98,25.5,42.5,210,0.36,-11.3,81,85,77,0.291,0.240,0.179,-7.2,0.5,-6.3,71,99,963.1
7,2025-12-20,-7.7,-6.1,-9.4,2.70,0.00,1.89,13.0,0.00,2.75,25.2,39.2,209,0.39,-10.4,81,89,74,0.291,0.239,0.179,-6.3,0.4,-5.2,73,96,949.0
7,2025-12-21,-14.2,-7.7,-22.1,1.00,0.00,0.70,10.0,20383.26,3.91,16.5,26.3,276,0.18,-16.1,86,93,76,0.290,0.239,0.180,-8.7,0.4,-4.8,71,83,954.8
7,2025-12-22,-12.7,-6.3,-18.6,0.00,0.00,0.00,0.0,2509.65,3.06,25.0,41.0,223,0.21,-14.5,86,89,83,0.289,0.241,0.182,-10.7,0.3,-6.8,3,90,963.2
7,2025-12-23,-4.5,-2.4,-8.0,0.00,0.00,0.00,0.0,0.00,2.32,23.4,39.2,201,0.29,-6.0,89,92,83,0.289,0.240,0.182,-5.0,0.2,-4.5,3,93,961.4
7,2025-12-24,-6.6,-4.4,-9.0,1.20,0.00,0.84,9.0,0.00,1.85,24.8,40.0,199,0.35,-9.0,83,89,77,0.289,0.240,0.182,-5.0,0.2,-3.4,71,80,956.7
7,2025-12-25,-4.5,-3.7,-6.2,2.30,0.00,1.61,14.0,2418.30,2.39,26.8,43.2,219,0.26,-5.8,91,92,89,0.289,0.239,0.182,-4.0,0.2,-2.9,73,99,950.6
7,2025-12-26,-15.7,-6.2,-26.0,3.00,0.00,2.10,8.0,21955.11,4.30,24.3,37.8,257,0.17,-17.9,83,94,72,0.289,0.239,0.183,-5.5,0.2,-2.7,73,87,949.4
7,2025-12-27,-23.0,-18.3,-25.5,0.00,0.00,0.00,0.0,28116.47,4.60,13.1,20.2,190,0.15,-25.9,77,81,75,0.290,0.239,0.183,-5.2,0.1,-3.4,3,40,957.0
7,2025-12-28,-18.5,-10.7,-24.7,0.00,0.00,0.00,0.0,28104.55,5.03,16.3,23.8,141,0.28,-22.7,70,75,59,0.291,0.239,0.183,-5.0,0.1,-3.9,3,25,952.2
7,2025-12-29,-5.6,-2.8,-10.5,0.00,0.00,0.00,0.0,26947.07,4.58,24.4,38.2,170,0.56,-9.3,75,77,71,0.291,0.236,0.182,-5.2,0.1,-3.5,3,72,946.3
7,2025-12-30,0.8,2.0,-2.7,1.80,1.80,0.00,7.0,1376.83,2.47,33.8,49.0,184,0.54,-1.5,85,96,75,0.328,0.236,0.182,-3.5,0.1,-2.9,53,99,940.6
7,2025-12-31,0.4,2.3,-2.8,4.10,3.10,0.70,11.0,0.00,1.89,29.6,46.4,190,0.29,-0.8,92,95,87,0.395,0.239,0.182,-2.5,0.0,-2.5,73,99,944.6
8,2025-01-01,-4.3,-3.8,-5.3,5.20,0.00,3.64,15.0,0.00,1.14,32.2,55.4,207,0.28,-6.0,88,90,83,0.402,0.386,0.350,-3.3,0.1,-1.7,73,97,986.2
8,2025-01-02,-8.8,-5.7,-11.6,0.90,0.00,0.63,4.0,8831.25,2.47,27.0,46.8,230,0.32,-11.5,81,87,76,0.401,0.386,0.350,-3.0,0.1,-1.7,73,66,989.9
8,2025-01-03,0.6,2.4,-5.7,0.80,0.00,0.56,4.0,5371.00,2.11,27.9,48.2,234,0.57,-1.9,83,90,77,0.410,0.385,0.350,-2.4,0.1,-1.7,73,89,986.2
8,2025-01-04,-0.7,1.0,-2.4,0.10,0.00,0.07,1.0,4042.03,1.90,22.3,39.2,222,0.38,-2.9,85,89,82,0.420,0.386,0.350,-2.4,0.1,-1.7,71,94,996.5
8,2025-01-05,-2.9,-0.5,-4.7,0.10,0.00,0.07,1.0,0.00,1.85,25.5,45.4,194,0.33,-4.7,88,92,83,0.419,0.386,0.351,-1.2,0.1,-1.7,71,100,995.7
8,2025-01-06,-7.3,-0.4,-12.3,0.20,0.00,0.14,2.0,24821.38,3.43,22.7,40.3,238,0.33,-10.4,78,85,71,0.417,0.387,0.351,-3.1,0.1,-1.6,71,72,1000.8
8,2025-01-07,-14.3,-11.6,-18.0,0.00,0.00,0.00,0.0,23484.14,3.42,14.3,22.3,307,0.19,-17.0,80,85,73,0.416,0.387,0.351,-4.6,0.1,-1.7,3,54,1007.1
8,2025-01-08,-12.6,-4.9,-21.3,1.70,0.00,1.19,12.0,4778.77,2.62,25.1,42.8,223,0.26,-15.1,82,87,78,0.415,0.387,0.351,-3.8,0.1,-1.9,73,82,1012.9
8,2025-01-09,-3.8,-2.4,-5.1,0.80,0.10,0.49,8.0,16479.83,2.71,29.7,51.5,221,0.67,-7.7,75,87,67,0.414,0.387,0.351,-1.1,0.1,-1.9,71,98,1010.0
8,2025-01-10,-6.0,-3.5,-11.1,1.20,0.00,0.84,6.0,20564.67,2.78,31.7,55.1,223,0.48,-9.4,77,86,67,0.412,0.388,0.351,-1.4,0.1,-1.7,73,57,1007.8
8,2025-01-11,-10.4,-5.5,-14.6,0.00,0.00,0.00,0.0,25192.96,3.10,11.4,16.9,211,0.16,-12.0,88,91,85,0.411,0.388,0.353,-3.3,0.1,-1.7,3,41,1010.4
8,2025-01-12,-4.1,-2.9,-5.2,0.00,0.00,0.00,0.0,23330.70,2.73,8.9,15.5,214,0.19,-5.6,89,91,86,0.411,0.388,0.353,-2.4,0.1,-1.7,3,79,1010.9
8,2025-01-13,-6.4,-3.7,-10.0,0.00,0.00,0.00,0.0,6711.99,2.39,15.2,25.2,192,0.18,-7.9,89,95,81,0.410,0.388,0.353,-4.8,0.1,-1.8,3,75,1008.6
8,2025-01-14,-10.3,-7.7,-12.7,0.00,0.00,0.00,0.0,28157.15,4.13,17.1,28.1,205,0.32,-13.2,80,83,73,0.410,0.388,0.353,-3.9,0.1,-1.9,3,43,1001.2
8,2025-01-15,-8.5,-4.8,-13.6,0.70,0.00,0.49,5.0,13016.05,3.15,15.0,24.8,231,0.29,-11.0,83,88,77,0.410,0.388,0.353,-3.1,0.1,-1.9,71,70,993.2
8,2025-01-16,-8.1,-4.9,-13.6,0.90,0.00,0.63,8.0,6759.87,2.84,18.4,31.3,218,0.28,-10.1,85,88,83,0.409,0.388,0.353,-2.6,0.0,-1.9,71,91,987.2
8,2025-01-17,-8.6,-5.9,-11.8,0.60,0.00,0.42,6.0,0.00,2.49,14.3,25.2,303,0.19,-10.4,86,90,79,0.409,0.385,0.352,-2.4,0.0,-1.9,71,99,988.5
8,2025-01-18,-11.1,-7.8,-15.3,0.00,0.00,0.00,0.0,4221.75,2.79,18.1,26.6,191,0.22,-13.1,85,89,80,0.408,0.385,0.352,-3.9,0.0,-1.9,3,97,992.7
8,2025-01-19,-8.6,-4.0,-16.0,0.00,0.00,0.00,0.0,3776.54,2.94,18.4,29.5,207,0.30,-10.8,84,88,82,0.408,0.385,0.352,-1.9,0.0,-1.9,3,98,990.6
8,2025-01-20,-2.9,-1.5,-4.1,0.00,0.00,0.00,0.0,274.05,2.57,27.2,43.2,210,0.41,-4.9,86,89,82,0.407,0.386,0.352,-0.6,0.0,-1.8,3,100,981.2
8,2025-01-21,-6.6,-3.3,-14.2,3.40,0.00,2.38,18.0,0.00,2.39,26.3,45.7,280,0.37,-9.2,82,89,72,0.405,0.386,0.352,-1.6,0.0,-1.6,73,98,970.3
8,2025-01-22,-19.1,-14.4,-22.0,0.00,0.00,0.00,0.0,22377.26,3.93,31.6,53.6,323,0.28,-23.5,68,78,61,0.405,0.386,0.353,-3.4,0.0,-1.6,3,78,991.0
8,2025-01-23,-20.9,-19.1,-22.8,0.00,0.00,0.00,0.0,28800.00,5.31,22.7,37.8,288,0.24,-25.3,68,71,63,0.404,0.386,0.353,-3.0,-0.0,-1.7,3,28,1021.6
8,2025-01-24,-18.8,-16.3,-21.0,0.00,0.00,0.00,0.0,0.00,3.16,23.9,41.8,200,0.31,-23.8,65,69,61,0.404,0.386,0.353,-3.1,-0.0,-1.8,3,100,1025.0
8,2025-01-25,-18.0,-16.2,-19.7,0.00,0.00,0.00,0.0,13741.16,4.26,18.7,30.6,187,0.30,-23.3,63,68,58,0.403,0.386,0.353,-3.4,-0.0,-1.9,3,100,1015.5
8,2025-01-26,-16.2,-13.2,-18.9,0.00,0.00,0.00,0.0,23175.05,4.53,9.3,15.1,179,0.25,-20.6,69,76,62,0.403,0.385,0.353,-3.8,-0.0,-1.9,3,91,1008.1
8,2025-01-27,-16.8,-11.0,-21.5,0.00,0.00,0.00,0.0,28800.00,5.55,9.4,15.1,246,0.25,-20.4,74,80,67,0.403,0.385,0.353,-3.1,-0.0,-2.0,3,27,1002.7
8,2025-01-28,-5.3,-0.2,-10.4,1.40,0.00,0.98,6.0,0.00,3.06,16.2,27.0,232,0.35,-7.7,84,87,76,0.402,0.385,0.353,-0.7,-0.0,-2.0,73,94,998.4
8,2025-01-29,-1.7,0.4,-7.5,1.40,0.00,0.98,6.0,10834.29,3.54,19.9,33.1,306,0.47,-3.9,85,90,79,0.401,0.386,0.353,-0.7,-0.0,-1.8,73,95,995.3
8,2025-01-30,-9.5,-7.5,-10.8,0.00,0.00,0.00,0.0,3085.42,3.68,17.4,29.5,336,0.29,-12.4,79,82,75,0.399,0.385,0.353,-1.2,-0.1,-1.6,3,97,1007.9
8,2025-01-31,-5.3,-1.6,-8.5,1.40,0.00,0.98,5.0,14762.99,4.11,18.7,31.0,175,0.35,-7.5,84,91,81,0.398,0.385,0.353,-0.7,-0.1,-1.5,73,87,1008.4
8,2025-02-01,-0.8,1.4,-2.3,0.80,0.00,0.56,3.0,28426.92,5.41,16.6,28.1,268,0.55,-3.3,83,92,76,0.398,0.385,0.353,-0.5,-0.1,-1.4,73,67,1005.7
8,2025-02-02,-1.7,-0.3,-3.0,0.00,0.00,0.00,0.0,28503.36,5.94,13.1,20.2,231,0.51,-4.1,84,88,77,0.397,0.385,0.353,-0.7,-0.1,-1.3,3,45,1010.4
8,2025-02-03,-2.9,-0.2,-9.0,0.00,0.00,0.00,0.0,13490.33,3.87,16.6,28.8,182,0.42,-5.0,85,90,80,0.396,0.385,0.353,-1.6,-0.1,-1.3,3,100,1013.1
8,2025-02-04,-10.7,-7.3,-13.2,0.00,0.00,0.00,0.0,5473.13,4.45,13.5,23.4,116,0.31,-13.1,83,87,76,0.396,0.384,0.353,-5.7,-0.1,-1.3,3,99,1017.9
8,2025-02-05,-8.5,-5.2,-12.5,0.00,0.00,0.00,0.0,28800.00,5.97,19.3,29.2,84,0.42,-11.0,83,87,75,0.397,0.384,0.353,-4.1,-0.1,-1.4,3,99,1023.6
8,2025-02-06,-5.7,-3.8,-10.7,0.00,0.00,0.00,0.0,5056.80,3.86,20.6,33.1,66,0.43,-8.3,82,88,72,0.396,0.384,0.353,-2.0,-0.1,-1.5,3,90,1026.0
8,2025-02-07,-12.0,-10.0,-13.3,0.00,0.00,0.00,0.0,7604.38,4.34,20.9,35.6,38,0.32,-14.6,81,83,78,0.396,0.384,0.354,-4.3,-0.1,-1.5,3,82,1024.5
8,2025-02-08,-12.4,-9.8,-15.0,0.00,0.00,0.00,0.0,1564.31,4.17,15.2,27.4,19,0.26,-14.5,84,88,82,0.396,0.383,0.354,-5.4,-0.1,-1.6,3,95,1021.1
8,2025-02-09,-13.3,-8.4,-16.8,0.00,0.00,0.00,0.0,30795.42,7.21,12.3,19.8,336,0.34,-15.6,83,88,75,0.396,0.383,0.354,-5.5,-0.1,-1.7,0,3,1017.7
8,2025-02-10,-11.2,-4.1,-16.9,0.00,0.00,0.00,0.0,32381.09,6.93,13.8,23.0,261,0.42,-13.6,83,92,73,0.397,0.383,0.354,-5.0,-0.1,-1.9,3,38,1015.2
8,2025-02-11,-8.6,-3.8,-11.8,0.00,0.00,0.00,0.0,32239.98,7.60,17.8,26.3,268,0.55,-12.0,77,85,67,0.397,0.382,0.354,-5.0,-0.1,-2.0,3,29,1009.4
8,2025-02-12,-11.6,-6.4,-18.4,0.00,0.00,0.00,0.0,32525.35,8.14,21.8,33.5,241,0.45,-14.4,80,87,70,0.397,0.382,0.354,-4.9,-0.1,-2.1,3,40,1002.2
8,2025-02-13,-10.0,-6.2,-14.8,0.00,0.00,0.00,0.0,32381.08,7.24,21.5,34.9,275,0.55,-14.0,73,87,65,0.396,0.382,0.354,-4.8,-0.1,-2.2,3,31,996.6
8,2025-02-14,-16.0,-12.4,-19.8,0.00,0.00,0.00,0.0,3462.32,5.17,12.4,18.0,183,0.24,-18.3,82,93,76,0.398,0.383,0.357,-6.9,-0.2,-2.5,3,100,1000.4
8,2025-02-15,-14.3,-9.0,-19.0,0.00,0.00,0.00,0.0,31788.00,7.44,12.6,22.0,221,0.39,-17.3,79,83,69,0.399,0.383,0.358,-8.8,-0.2,-2.9,3,72,997.1
8,2025-02-16,-10.8,-5.1,-16.0,0.10,0.00,0.07,1.0,8108.82,5.19,30.3,49.7,198,0.41,-13.4,81,85,75,0.399,0.383,0.358,-9.6,-0.2,-4.3,71,97,996.6
8,2025-02-17,-4.4,-1.9,-8.2,4.60,0.00,3.22,18.0,0.00,3.26,34.0,55.1,206,0.43,-6.5,85,91,78,0.399,0.383,0.358,-5.9,-0.2,-4.4,73,100,997.3
8,2025-02-18,-11.4,-8.1,-18.4,0.90,0.00,0.63,9.0,19610.68,6.90,9.6,15.5,295,0.40,-14.5,78,84,67,0.399,0.383,0.358,-4.5,-0.2,-3.6,71,92,1007.0
8,2025-02-19,-19.5,-14.5,-24.8,0.00,0.00,0.00,0.0,31587.62,8.74,15.6,23.0,18,0.32,-22.5,78,87,69,0.399,0.383,0.358,-7.0,-0.3,-3.8,3,64,1010.6
8,2025-02-20,-15.5,-11.9,-20.0,0.80,0.00,0.56,7.0,14719.75,6.38,18.6,29.9,22,0.35,-18.6,77,81,74,0.399,0.383,0.358,-6.9,-0.3,-4.5,71,97,1010.1
8,2025-02-21,-14.8,-11.6,-18.2,0.00,0.00,0.00,0.0,19706.55,7.22,18.6,31.0,36,0.34,-17.5,80,82,77,0.399,0.383,0.358,-6.8,-0.3,-4.5,3,100,1014.0
8,2025-02-22,-11.2,-8.3,-13.8,0.60,0.00,0.42,6.0,0.00,5.79,24.0,40.3,54,0.43,-14.0,80,83,76,0.399,0.383,0.358,-6.0,-0.3,-4.4,71,100,1011.4
8,2025-02-23,-9.3,-7.0,-11.4,1.20,0.00,0.84,6.0,0.00,4.16,27.4,43.9,66,0.43,-12.0,81,84,76,0.399,0.383,0.358,-7.1,-0.4,-4.2,73,99,1005.0
8,2025-02-24,-6.6,-5.9,-7.4,2.30,0.00,1.61,8.0,2021.25,4.25,24.0,36.4,65,0.38,-8.8,84,87,82,0.399,0.383,0.358,-5.8,-0.4,-3.9,73,97,1000.9
8,2025-02-25,-7.2,-6.1,-8.4,2.90,0.00,2.03,11.0,14343.70,6.92,13.5,24.1,357,0.44,-9.6,83,89,77,0.399,0.382,0.357,-6.1,-0.4,-3.7,73,98,996.4
8,2025-02-26,-7.9,-6.7,-9.2,1.90,0.00,1.33,7.0,819.33,4.82,20.5,34.6,205,0.39,-10.0,85,88,79,0.399,0.380,0.356,-4.0,-0.4,-3.3,73,98,993.9
8,2025-02-27,-10.4,-5.8,-15.1,0.00,0.00,0.00,0.0,30354.05,9.12,24.7,40.0,218,0.53,-13.2,80,86,73,0.400,0.379,0.356,-5.3,-0.4,-3.2,3,64,1003.8
8,2025-02-28,-13.2,-10.3,-16.3,0.00,0.00,0.00,0.0,34694.32,9.46,8.9,14.8,229,0.41,-15.1,86,93,79,0.400,0.379,0.356,-3.4,-0.5,-2.8,3,80,1008.1
8,2025-03-01,-15.0,-8.8,-18.0,0.00,0.00,0.00,0.0,31271.89,9.90,10.0,15.8,222,0.47,-17.4,82,85,73,0.401,0.379,0.357,-5.9,-0.5,-3.3,3,82,1008.0
8,2025-03-02,-16.8,-10.1,-22.3,0.00,0.00,0.00,0.0,28555.33,10.29,10.6,13.0,181,0.49,-19.5,80,88,70,0.402,0.381,0.358,-5.5,-0.5,-3.8,3,46,1003.8
8,2025-03-03,-13.8,-9.1,-18.6,0.70,0.00,0.49,4.0,18302.41,8.79,8.7,10.4,152,0.48,-16.4,81,87,71,0.403,0.380,0.358,-5.3,-0.5,-3.8,71,97,998.5
8,2025-03-04,-11.9,-9.5,-14.7,2.20,0.00,1.54,16.0,19325.14,9.21,18.7,32.0,193,0.41,-14.3,82,87,76,0.403,0.380,0.359,-6.8,-0.5,-3.8,71,99,996.9
8,2025-03-05,-10.7,-8.1,-13.8,0.40,0.00,0.28,3.0,7008.80,8.27,20.7,35.3,186,0.48,-13.4,81,87,74,0.404,0.380,0.359,-6.4,-0.6,-4.1,71,100,995.4
8,2025-03-06,-8.0,-6.0,-11.6,2.50,0.00,1.75,10.0,20107.39,9.47,16.9,28.1,326,0.55,-10.0,86,93,78,0.405,0.380,0.359,-6.2,-0.6,-3.9,73,100,978.6
8,2025-03-07,-10.0,-6.0,-12.8,0.00,0.00,0.00,0.0,29537.42,11.04,12.1,17.6,217,0.71,-12.7,81,87,69,0.406,0.380,0.359,-7.7,-0.6,-4.3,3,70,982.8
8,2025-03-08,-9.5,-6.7,-12.9,0.00,0.00,0.00,0.0,17297.09,8.95,14.5,23.8,45,0.51,-11.5,86,94,77,0.406,0.380,0.359,-6.1,-0.6,-4.2,3,90,985.7
8,2025-03-09,-11.4,-5.0,-17.3,1.20,0.00,0.84,5.0,30729.73,12.76,24.1,41.8,266,0.66,-14.0,81,89,68,0.406,0.379,0.359,-7.1,-0.6,-4.5,73,45,994.7
8,2025-03-10,-1.3,2.0,-4.7,1.70,0.10,1.12,7.0,38734.83,12.76,24.7,41.8,249,1.09,-4.3,81,89,70,0.407,0.379,0.359,-4.2,-0.7,-4.0,73,43,991.3
8,2025-03-11,-4.2,-1.3,-7.0,0.00,0.00,0.00,0.0,7289.08,8.29,16.9,25.6,328,0.70,-7.0,81,87,75,0.409,0.379,0.359,-4.8,-0.7,-3.1,3,69,1004.4
8,2025-03-12,-5.3,-3.4,-7.5,0.10,0.00,0.07,1.0,10874.73,8.23,28.5,47.2,182,0.55,-7.2,87,90,82,0.409,0.379,0.359,-5.4,-0.7,-3.3,71,99,1008.4
8,2025-03-13,-1.4,1.9,-4.3,2.70,2.70,0.00,5.0,17975.64,9.96,28.1,45.7,198,0.85,-3.6,85,89,81,0.415,0.379,0.359,-4.5,-0.7,-3.2,55,99,999.5
8,2025-03-14,2.2,4.3,-1.0,1.10,1.10,0.00,4.0,27608.16,10.76,28.6,48.2,240,1.07,0.2,87,93,77,0.512,0.379,0.359,-3.1,-0.7,-2.8,53,72,998.3
8,2025-03-15,0.4,1.9,-2.0,0.60,0.60,0.00,3.0,15855.05,8.76,22.8,37.4,195,0.69,-1.0,90,93,88,0.502,0.394,0.358,-2.3,-0.7,-2.5,51,84,1000.1
8,2025-03-16,2.1,3.8,1.2,0.60,0.60,0.00,1.0,33723.08,12.37,22.2,36.0,198,1.20,-0.1,85,91,80,0.517,0.422,0.359,-2.7,-0.7,-2.4,53,93,993.3
8,2025-03-17,3.8,6.2,1.2,2.40,2.40,0.00,9.0,15204.07,8.33,28.7,44.6,208,1.06,1.4,84,90,78,0.519,0.464,0.359,-3.7,-0.7,-2.4,53,100,986.3
8,2025-03-18,4.9,7.3,2.7,1.40,1.40,0.00,5.0,24629.40,11.62,22.1,37.4,198,1.52,1.3,78,84,69,0.519,0.503,0.364,-2.9,-0.7,-2.3,53,98,988.1
8,2025-03-19,4.9,8.7,2.3,0.30,0.30,0.00,2.0,21630.92,11.03,19.9,32.4,199,1.39,1.8,81,90,69,0.516,0.508,0.374,-1.6,-0.7,-2.3,51,100,988.0
8,2025-03-20,2.1,4.9,-0.1,0.30,0.30,0.00,2.0,17558.50,10.25,12.6,20.2,344,1.02,0.1,87,93,75,0.510,0.506,0.386,-0.5,-0.7,-2.1,51,98,991.5
8,2025-03-21,-0.8,2.8,-4.2,0.00,0.00,0.00,0.0,42937.00,14.97,20.3,39.2,303,1.33,-5.0,74,90,55,0.499,0.499,0.395,-0.2,-0.8,-1.9,3,45,1000.3
8,2025-03-22,0.3,7.1,-7.5,0.00,0.00,0.00,0.0,42106.61,15.55,19.2,38.9,221,1.87,-6.5,63,85,38,0.495,0.493,0.400,-0.6,-0.8,-1.7,3,30,1006.4
8,2025-03-23,0.1,4.9,-4.4,0.00,0.00,0.00,0.0,43155.05,17.25,19.0,38.2,304,2.02,-7.9,59,90,30,0.490,0.489,0.403,-0.7,-0.8,-1.6,1,6,1005.6
8,2025-03-24,-0.1,2.8,-4.1,0.00,0.00,0.00,0.0,43200.00,17.14,20.4,40.7,348,1.96,-9.0,53,77,32,0.487,0.485,0.406,-0.2,-0.8,-1.5,3,19,1008.0
8,2025-03-25,0.2,7.6,-6.0,0.00,0.00,0.00,0.0,43200.00,17.38,10.8,25.6,230,2.08,-9.3,51,73,32,0.481,0.482,0.408,-0.5,-0.8,-1.4,0,0,1015.9
8,2025-03-26,2.0,9.1,-3.1,0.00,0.00,0.00,0.0,43200.00,17.31,14.0,30.6,207,2.26,-6.2,57,75,34,0.475,0.479,0.410,0.7,-0.8,-1.3,2,20,1015.4
8,2025-03-27,2.4,9.3,-2.9,0.00,0.00,0.00,0.0,43282.54,17.79,11.9,26.6,144,2.26,-5.2,60,82,35,0.470,0.476,0.411,1.9,-0.8,-1.1,3,24,1012.4
8,2025-03-28,2.4,9.6,-3.8,0.00,0.00,0.00,0.0,40591.38,14.50,17.7,34.6,108,2.07,-5.4,60,83,34,0.468,0.474,0.412,-0.2,-0.8,-0.9,3,96,1008.2
8,2025-03-29,3.4,9.7,-1.5,0.00,0.00,0.00,0.0,41616.02,14.85,13.3,30.2,153,1.90,-2.1,69,86,45,0.470,0.472,0.413,0.6,-0.8,-0.9,3,89,1006.6
8,2025-03-30,7.1,14.3,0.7,0.00,0.00,0.00,0.0,37581.20,13.49,18.9,35.3,190,2.42,-0.1,63,82,41,0.465,0.469,0.413,3.2,-0.7,-0.7,3,75,1006.0
8,2025-03-31,8.0,14.1,2.2,4.40,4.40,0.00,11.0,41886.34,13.17,18.8,34.9,247,2.11,2.7,72,94,40,0.483,0.471,0.414,4.6,-0.7,-0.3,53,55,1001.8
8,2025-04-01,7.3,15.0,0.4,0.00,0.00,0.00,0.0,44085.71,18.23,11.7,21.2,327,2.58,0.2,63,77,43,0.469,0.470,0.415,3.6,-0.7,-0.0,3,20,1004.1
8,2025-04-02,9.0,17.4,0.4,0.00,0.00,0.00,0.0,44401.51,18.54,19.4,37.8,197,3.34,0.9,61,87,34,0.459,0.462,0.416,5.0,-0.7,0.3,3,37,1000.0
8,2025-04-03,10.6,14.1,7.5,1.70,1.70,0.00,10.0,36059.53,11.78,31.9,58.3,219,2.30,5.3,70,90,59,0.456,0.455,0.417,6.9,-0.7,2.3,53,84,983.1
8,2025-04-04,4.7,7.9,1.0,0.70,0.70,0.00,4.0,45070.97,15.46,25.9,50.4,322,1.83,-0.6,70,88,48,0.466,0.455,0.418,5.2,-0.7,4.2,51,62,981.6
8,2025-04-05,7.9,16.8,-0.8,0.00,0.00,0.00,0.0,43420.75,18.97,29.9,57.2,224,3.41,-0.6,57,76,37,0.452,0.452,0.418,5.1,-0.7,3.4,3,63,986.5
8,2025-04-06,12.9,20.0,7.4,0.10,0.10,0.00,1.0,45675.37,17.73,17.3,40.0,226,3.48,4.6,59,76,38,0.438,0.444,0.419,9.8,-0.6,5.7,51,44,989.1
8,2025-04-07,12.7,20.0,4.8,0.00,0.00,0.00,0.0,39017.10,15.11,11.4,19.1,126,2.84,5.0,62,86,37,0.428,0.433,0.419,10.5,-0.6,7.2,3,92,987.1
8,2025-04-08,10.6,14.6,7.0,0.00,0.00,0.00,0.0,38871.88,16.71,14.4,27.0,6,2.55,4.9,69,86,52,0.421,0.427,0.420,10.3,-0.5,7.8,3,75,994.6
8,2025-04-09,13.6,21.5,5.2,0.10,0.10,0.00,1.0,46423.39,18.68,20.1,38.5,172,3.80,5.9,64,89,35,0.413,0.420,0.418,10.8,-0.4,7.5,51,41,996.3
8,2025-04-10,15.7,21.4,12.0,3.00,3.00,0.00,7.0,32481.14,13.01,35.5,72.4,182,3.30,9.8,68,82,49,0.408,0.411,0.417,12.8,-0.4,9.2,53,72,986.8
8,2025-04-11,8.3,14.7,4.6,14.40,14.40,0.00,17.0,0.00,2.69,25.1,52.6,350,0.57,7.2,93,98,84,0.466,0.415,0.417,8.9,-0.3,8.4,63,100,983.7
8,2025-04-12,4.1,7.5,1.2,2.80,2.60,0.14,9.0,31160.38,14.60,22.7,41.8,345,1.62,0.5,79,97,55,0.487,0.464,0.418,5.7,-0.2,5.2,71,78,990.6
8,2025-04-13,7.1,13.8,0.1,0.00,0.00,0.00,0.0,46800.00,20.03,10.2,27.0,244,2.83,0.1,64,88,39,0.467,0.462,0.420,6.3,-0.2,4.2,3,61,996.5
8,2025-04-14,9.3,15.6,3.2,0.60,0.60,0.00,2.0,40119.02,17.29,18.3,40.0,252,3.04,1.7,62,82,37,0.456,0.457,0.420,7.8,-0.2,5.3,51,99,998.3
8,2025-04-15,5.9,10.5,2.5,3.40,3.40,0.00,6.0,48352.36,21.69,24.3,45.0,344,2.68,-0.7,65,95,39,0.474,0.457,0.420,7.2,-0.1,5.6,53,28,1005.5
8,2025-04-16,9.8,18.2,1.6,0.00,0.00,0.00,0.0,44171.89,21.25,27.6,51.8,258,4.03,0.5,54,68,37,0.454,0.454,0.420,7.4,-0.1,5.0,3,31,1000.2
8,2025-04-17,5.5,9.2,2.6,0.00,0.00,0.00,0.0,35934.74,19.16,27.3,50.8,325,2.81,-3.9,53,73,35,0.441,0.448,0.421,6.3,-0.0,5.6,3,54,1000.7
8,2025-04-18,4.9,9.3,0.4,0.00,0.00,0.00,0.0,43222.69,16.44,20.9,41.0,329,2.35,-3.4,57,79,34,0.435,0.443,0.422,5.0,0.0,4.0,3,81,1000.0
8,2025-04-19,9.9,20.5,2.0,0.00,0.00,0.00,0.0,32328.10,16.04,17.9,35.6,199,3.18,0.6,53,68,37,0.434,0.438,0.420,7.1,0.1,3.9,3,99,996.9
8,2025-04-20,17.8,25.0,9.9,0.00,0.00,0.00,0.0,49322.28,21.59,30.3,57.2,258,5.56,6.7,51,72,32,0.428,0.427,0.417,12.5,0.1,7.2,3,27,991.6
8,2025-04-21,15.2,20.0,10.3,2.30,2.30,0.00,7.0,43077.58,15.25,15.7,27.7,329,2.79,10.0,72,86,55,0.422,0.420,0.415,13.1,0.2,9.7,55,61,998.1
8,2025-04-22,17.6,25.6,9.2,0.00,0.00,0.00,0.0,49979.35,22.02,18.4,37.4,242,4.93,7.6,58,95,26,0.422,0.415,0.412,14.0,0.3,10.1,2,16,999.0
8,2025-04-23,14.6,20.3,8.8,0.00,0.00,0.00,0.0,50086.29,22.22,20.1,37.8,340,4.38,5.6,55,66,45,0.401,0.406,0.408,13.5,0.4,10.6,1,18,999.0
8,2025-04-24,14.2,23.3,5.2,0.00,0.00,0.00,0.0,47937.88,22.25,17.1,32.4,126,4.35,5.0,56,69,38,0.385,0.398,0.405,12.2,0.6,9.5,3,27,1000.4
8,2025-04-25,18.2,24.4,13.3,0.90,0.90,0.00,4.0,44721.14,16.33,19.3,44.6,169,4.12,9.3,58,76,39,0.375,0.393,0.405,14.6,0.8,10.6,53,91,991.5
8,2025-04-26,18.5,22.5,14.0,0.10,0.10,0.00,1.0,45051.93,19.59,23.9,43.2,207,4.57,10.5,60,83,46,0.368,0.391,0.405,15.8,1.5,11.8,51,60,981.9
8,2025-04-27,12.7,16.4,10.3,0.00,0.00,0.00,0.0,803.40,7.91,14.0,24.8,15,1.48,9.9,84,94,66,0.362,0.386,0.403,12.4,2.6,11.2,3,85,984.9
8,2025-04-28,12.3,17.9,5.5,7.50,7.50,0.00,8.0,32039.31,14.08,39.0,67.0,219,2.59,7.8,76,100,49,0.424,0.388,0.402,11.6,3.6,10.1,61,60,981.4
8,2025-04-29,4.4,7.6,0.9,0.80,0.80,0.00,5.0,38872.10,16.88,48.7,87.1,261,2.60,-3.8,56,68,43,0.438,0.396,0.405,6.0,4.1,7.4,51,60,989.9
8,2025-04-30,8.0,15.4,-0.8,0.00,0.00,0.00,0.0,50872.49,23.75,23.0,44.6,226,3.95,-2.5,51,81,26,0.422,0.399,0.406,7.1,4.2,6.2,3,18,1005.0
8,2025-05-01,10.4,16.2,2.7,0.00,0.00,0.00,0.0,46452.74,20.91,25.7,48.6,223,4.16,-0.5,49,71,29,0.403,0.395,0.404,9.0,4.4,7.4,3,24,1000.3
8,2025-05-02,11.5,17.4,4.8,0.00,0.00,0.00,0.0,48840.42,22.12,14.7,32.8,278,3.61,3.3,60,82,37,0.391,0.389,0.401,10.5,4.7,8.6,3,48,1002.5
8,2025-05-03,13.8,19.1,10.1,2.10,2.10,0.00,7.0,10672.01,9.19,30.4,60.5,167,3.07,6.0,60,68,43,0.388,0.387,0.401,11.4,5.1,9.5,53,98,996.8
8,2025-05-04,13.3,17.3,9.5,5.30,5.30,0.00,4.0,51078.91,21.52,23.8,44.6,277,3.70,5.8,63,96,38,0.439,0.388,0.400,12.7,5.5,10.3,63,35,989.6
8,2025-05-05,16.3,23.9,8.5,0.00,0.00,0.00,0.0,51451.58,22.81,19.8,40.0,246,5.16,5.2,50,70,30,0.415,0.385,0.397,13.5,5.9,10.9,2,17,994.8
8,2025-05-06,16.0,21.0,9.9,1.20,1.20,0.00,6.0,36000.00,17.95,21.9,41.0,201,4.09,7.5,58,75,43,0.398,0.380,0.394,14.2,6.4,12.3,53,87,993.4
8,2025-05-07,17.0,21.6,13.1,1.00,1.00,0.00,3.0,30077.20,15.45,17.9,31.7,127,3.10,12.1,73,85,56,0.397,0.378,0.393,15.7,7.0,13.2,53,97,988.8
8,2025-05-08,15.5,19.3,12.1,14.80,14.80,0.00,16.0,32692.12,12.60,21.4,40.0,33,2.29,12.6,84,94,72,0.467,0.392,0.392,15.0,7.5,13.4,61,88,985.9
8,2025-05-09,15.1,18.6,12.2,0.60,0.60,0.00,3.0,30696.76,11.54,18.0,32.0,355,1.87,12.8,86,96,68,0.470,0.423,0.392,14.8,8.0,13.2,51,79,983.4
8,2025-05-10,11.6,13.8,9.2,6.10,6.10,0.00,11.0,19481.84,7.62,24.5,40.3,297,1.16,9.8,89,93,82,0.477,0.436,0.392,12.2,8.3,12.2,61,80,988.8
8,2025-05-11,13.4,18.8,8.8,1.50,1.50,0.00,3.0,35197.67,16.78,14.4,25.9,165,2.89,9.0,76,92,56,0.466,0.446,0.394,13.1,8.4,11.2,53,98,997.4
8,2025-05-12,15.2,19.0,12.7,8.60,8.60,0.00,20.0,10715.10,10.90,16.8,45.4,169,2.00,12.9,86,93,78,0.489,0.455,0.395,14.2,8.5,12.5,55,100,994.0
8,2025-05-13,14.6,18.5,12.2,12.50,12.50,0.00,15.0,28096.17,13.54,25.0,46.8,50,2.11,12.7,89,98,77,0.503,0.487,0.398,14.5,8.7,12.7,61,97,991.2
8,2025-05-14,13.4,15.6,11.5,0.20,0.20,0.00,2.0,6665.91,11.90,17.7,32.8,46,1.89,11.1,87,93,78,0.483,0.483,0.404,14.0,8.9,12.8,51,99,991.3
8,2025-05-15,20.0,26.6,13.9,0.00,0.00,0.00,0.0,38062.58,19.69,22.3,40.0,217,4.12,15.0,74,90,56,0.470,0.473,0.406,17.4,9.1,13.9,3,62,989.5
8,2025-05-16,15.5,18.5,12.3,1.70,1.70,0.00,3.0,30783.91,16.40,18.1,32.8,3,3.37,8.8,65,81,47,0.460,0.463,0.407,15.7,9.5,14.9,53,76,996.3
8,2025-05-17,16.1,21.2,10.6,0.40,0.40,0.00,3.0,48187.65,23.44,19.7,39.2,355,4.54,7.8,61,90,35,0.465,0.458,0.407,15.5,9.7,14.0,51,91,992.0
8,2025-05-18,14.6,19.0,9.9,0.00,0.00,0.00,0.0,51903.76,20.44,22.3,44.3,347,4.15,5.4,56,75,37,0.443,0.449,0.406,14.3,9.9,13.6,3,40,993.8
8,2025-05-19,16.1,23.7,5.7,0.00,0.00,0.00,0.0,51067.94,25.38,20.4,39.2,219,5.24,6.6,57,90,34,0.426,0.439,0.403,14.3,10.0,13.0,3,49,997.3
8,2025-05-20,17.6,22.5,13.8,1.40,1.40,0.00,3.0,28169.89,15.78,37.0,65.5,195,4.70,8.4,55,69,40,0.412,0.429,0.402,15.9,10.1,14.4,55,74,989.1
8,2025-05-21,17.8,23.1,11.9,0.00,0.00,0.00,0.0,54118.08,24.82,26.3,51.1,236,5.61,7.8,54,69,36,0.402,0.420,0.400,16.2,10.3,14.7,3,17,989.1
8,2025-05-22,16.2,21.4,10.6,0.50,0.50,0.00,2.0,41470.66,17.32,18.4,34.2,165,3.31,9.8,67,85,45,0.395,0.414,0.400,15.9,10.6,14.9,51,86,988.5
8,2025-05-23,15.5,19.7,11.3,0.80,0.80,0.00,6.0,46840.56,23.04,29.3,56.5,326,4.37,8.8,67,91,40,0.395,0.409,0.399,15.7,10.8,14.8,51,49,986.9
8,2025-05-24,10.9,14.9,5.9,1.00,1.00,0.00,7.0,48645.25,20.75,21.5,39.2,323,3.50,2.8,59,83,42,0.387,0.406,0.400,12.6,10.9,13.6,51,55,995.8
8,2025-05-25,6.1,8.0,4.4,0.40,0.40,0.00,2.0,16542.31,10.34,23.5,44.6,356,1.77,1.1,72,97,56,0.387,0.405,0.401,9.0,10.7,11.2,51,89,997.9
8,2025-05-26,11.8,21.2,0.7,0.00,0.00,0.00,0.0,54857.72,27.61,19.3,37.8,311,4.71,3.0,59,91,33,0.387,0.403,0.402,10.8,10.3,9.7,1,6,1005.6
8,2025-05-27,19.6,26.6,11.2,0.00,0.00,0.00,0.0,54000.00,27.20,19.4,35.6,300,6.09,8.0,50,75,28,0.372,0.395,0.401,16.8,10.1,13.2,3,38,1005.2
8,2025-05-28,20.9,28.4,13.1,0.00,0.00,0.00,0.0,55260.53,26.87,15.5,32.0,321,6.15,9.1,48,64,28,0.353,0.385,0.397,18.5,10.4,15.5,3,60,1002.6
8,2025-05-29,21.6,28.8,12.7,0.00,0.00,0.00,0.0,55698.14,28.02,12.0,26.6,334,6.13,10.0,51,72,29,0.336,0.374,0.392,19.7,10.8,17.0,0,0,1002.5
8,2025-05-30,22.1,29.7,11.8,0.00,0.00,0.00,0.0,56138.72,28.07,11.2,25.6,321,6.07,10.1,50,79,27,0.322,0.365,0.389,20.1,11.4,17.8,3,14,1000.4
8,2025-05-31,22.7,30.1,12.8,0.00,0.00,0.00,0.0,56112.75,26.77,12.1,24.8,258,5.70,11.9,54,85,30,0.311,0.358,0.387,20.9,11.9,18.5,3,32,998.9
8,2025-06-01,22.1,29.9,12.8,0.30,0.30,0.00,2.0,51891.45,26.46,13.6,19.1,261,5.48,13.0,60,89,30,0.304,0.353,0.386,21.4,12.4,19.3,51,33,996.9
8,2025-06-02,23.0,29.3,15.8,2.60,2.60,0.00,4.0,55518.23,23.58,20.0,33.8,191,5.66,12.6,54,75,34,0.310,0.355,0.391,21.4,13.0,19.9,53,57,990.0
8,2025-06-03,22.3,26.2,16.7,0.00,0.00,0.00,0.0,56038.33,26.07,20.6,36.7,230,6.36,10.5,48,60,33,0.313,0.352,0.391,21.7,13.5,20.1,3,28,982.8
8,2025-06-04,16.6,21.2,9.4,0.20,0.20,0.00,2.0,54593.34,22.46,14.9,37.4,282,4.12,10.1,67,87,54,0.305,0.347,0.390,18.2,13.9,18.7,51,33,982.3
8,2025-06-05,20.0,27.7,12.2,0.30,0.30,0.00,2.0,52843.58,20.91,22.7,38.9,263,4.80,11.7,62,87,37,0.308,0.342,0.387,19.0,14.0,18.0,51,29,986.9
8,2025-06-06,19.6,23.9,14.6,0.30,0.30,0.00,2.0,55217.58,23.22,17.8,33.1,26,4.85,12.3,65,87,46,0.306,0.336,0.384,20.0,14.1,18.7,51,44,992.2
8,2025-06-07,19.4,23.4,15.1,0.00,0.00,0.00,0.0,55292.37,26.69,25.2,49.3,42,6.15,8.4,50,66,37,0.300,0.334,0.383,19.9,14.3,19.0,3,26,995.4
8,2025-06-08,16.9,23.0,9.7,0.00,0.00,0.00,0.0,57407.12,28.79,13.5,29.5,42,5.41,7.0,55,78,35,0.296,0.334,0.385,18.4,14.5,18.2,1,5,999.5
8,2025-06-09,19.0,26.0,9.2,0.00,0.00,0.00,0.0,57285.59,28.65,10.1,18.7,95,5.56,8.2,53,84,30,0.288,0.329,0.382,19.5,14.5,18.2,1,5,1000.8
8,2025-06-10,20.8,27.6,11.0,0.00,0.00,0.00,0.0,57591.01,28.76,12.9,28.1,100,6.09,9.1,51,83,29,0.281,0.323,0.379,20.8,14.7,19.2,0,0,998.3
8,2025-06-11,22.5,30.5,13.3,1.00,1.00,0.00,2.0,54000.00,25.25,19.6,41.0,84,6.04,12.2,54,76,33,0.281,0.316,0.374,21.7,14.9,20.0,53,35,993.0
8,2025-06-12,21.7,26.2,17.7,8.20,8.20,0.00,10.0,47846.55,21.50,15.4,27.4,126,4.35,16.6,74,88,52,0.367,0.310,0.368,22.0,15.2,20.7,61,69,990.9
8,2025-06-13,20.8,25.9,15.8,4.20,4.20,0.00,9.0,52843.66,23.31,7.7,27.0,79,4.34,16.1,76,91,54,0.405,0.314,0.365,21.8,15.5,20.7,61,48,990.1
8,2025-06-14,22.5,28.8,15.8,0.30,0.30,0.00,1.0,55296.32,26.38,10.4,28.1,321,5.27,16.5,71,94,47,0.407,0.317,0.364,22.5,15.7,21.0,51,25,990.9
8,2025-06-15,24.3,30.6,16.4,0.00,0.00,0.00,0.0,56020.47,26.36,16.8,29.2,81,5.77,17.4,68,95,49,0.384,0.318,0.363,23.6,16.0,21.7,2,20,990.7
8,2025-06-16,26.8,34.0,20.1,0.00,0.00,0.00,0.0,46926.59,21.18,19.2,35.3,166,6.12,15.6,53,76,31,0.359,0.318,0.363,24.6,16.4,22.6,3,58,986.6
8,2025-06-17,22.9,28.5,19.0,1.00,1.00,0.00,2.0,12183.87,13.45,20.5,59.0,248,3.53,16.5,69,84,46,0.343,0.316,0.361,22.4,16.7,22.1,53,92,982.4
8,2025-06-18,19.5,23.5,14.1,0.30,0.30,0.00,3.0,48884.81,19.61,12.1,27.4,47,3.66,14.5,74,93,56,0.340,0.317,0.362,21.0,16.9,20.9,51,78,982.3
8,2025-06-19,19.8,24.2,15.2,4.90,4.90,0.00,7.0,46042.37,20.27,18.2,36.0,233,3.97,14.2,72,92,52,0.377,0.316,0.361,20.5,16.9,20.2,61,71,977.3
8,2025-06-20,19.6,24.2,15.5,0.30,0.30,0.00,1.0,52754.98,23.38,18.6,35.3,221,4.79,12.5,65,82,43,0.388,0.315,0.359,20.4,16.9,19.9,51,65,975.8
8,2025-06-21,18.6,24.2,14.1,0.00,0.00,0.00,0.0,56194.89,21.66,32.9,56.2,242,5.05,10.6,63,87,35,0.381,0.317,0.361,19.1,16.8,19.4,3,48,978.7
8,2025-06-22,17.6,22.4,12.1,1.60,1.60,0.00,7.0,48050.20,17.25,31.7,56.2,247,4.15,10.4,64,85,47,0.369,0.324,0.366,17.7,16.7,18.5,53,54,981.0
8,2025-06-23,15.7,18.1,12.9,8.40,8.40,0.00,14.0,44887.30,15.47,23.9,42.8,304,2.65,12.3,80,91,65,0.403,0.329,0.367,17.2,16.5,17.8,61,54,982.9
8,2025-06-24,14.9,19.2,8.8,0.00,0.00,0.00,0.0,35725.23,18.88,10.3,22.7,3,3.59,6.3,60,88,35,0.405,0.336,0.369,15.9,16.2,16.6,3,52,991.3
8,2025-06-25,16.5,21.9,9.0,0.00,0.00,0.00,0.0,43749.92,19.91,9.3,22.7,60,3.92,6.3,54,84,32,0.384,0.339,0.370,16.5,15.8,16.5,3,72,992.2
8,2025-06-26,18.5,24.5,10.7,0.00,0.00,0.00,0.0,57234.15,22.62,14.5,25.2,170,5.02,6.9,50,75,30,0.366,0.337,0.370,17.9,15.6,17.2,3,37,990.4
8,2025-06-27,19.3,26.5,14.0,3.80,3.80,0.00,5.0,28594.38,15.31,20.6,41.4,164,4.41,9.7,57,87,34,0.356,0.334,0.369,18.5,15.6,17.8,61,81,985.4
8,2025-06-28,17.8,22.3,15.2,24.00,24.00,0.00,20.0,29782.92,14.74,15.2,34.9,149,2.79,14.9,84,97,65,0.462,0.358,0.368,18.4,15.6,17.9,63,93,977.0
8,2025-06-29,17.3,21.8,12.5,1.40,1.40,0.00,11.0,50375.03,17.59,9.6,20.9,67,3.13,13.7,80,97,58,0.461,0.405,0.367,18.2,15.5,17.7,51,69,974.9
8,2025-06-30,19.9,25.3,12.2,0.00,0.00,0.00,0.0,55482.26,21.80,9.9,19.8,316,4.27,13.3,68,90,47,0.436,0.405,0.364,19.4,15.5,18.0,3,43,980.1
8,2025-07-01,22.5,28.9,14.4,0.00,0.00,0.00,0.0,57600.00,25.65,9.5,22.3,227,5.23,15.3,67,96,40,0.409,0.397,0.362,21.3,15.6,19.2,2,29,985.6
8,2025-07-02,24.2,30.1,18.6,0.50,0.50,0.00,3.0,53198.44,25.14,18.1,36.4,186,5.74,14.6,58,80,35,0.384,0.388,0.359,22.5,15.9,20.6,51,74,987.3
8,2025-07-03,17.5,20.1,16.1,22.30,22.30,0.00,18.0,14992.48,7.79,12.1,29.5,40,1.43,15.9,90,97,80,0.445,0.402,0.358,19.2,16.2,20.2,63,81,989.1
8,2025-07-04,19.2,23.9,15.6,4.80,4.80,0.00,8.0,45002.90,21.77,18.2,34.2,296,4.16,14.8,78,98,49,0.479,0.449,0.360,19.6,16.3,18.9,61,73,983.0
8,2025-07-05,20.0,26.0,13.7,0.30,0.30,0.00,3.0,57600.00,24.49,20.7,42.8,301,4.97,13.2,67,89,43,0.450,0.444,0.361,19.3,16.3,18.8,51,13,984.9
8,2025-07-06,20.5,28.2,14.7,5.20,5.20,0.00,5.0,51469.50,25.49,23.4,42.5,272,5.07,15.3,73,92,50,0.438,0.434,0.361,20.4,16.3,19.3,61,17,986.4
8,2025-07-07,17.0,21.6,12.5,0.00,0.00,0.00,0.0,57600.00,27.72,17.5,34.2,331,4.85,10.0,65,84,44,0.440,0.431,0.364,18.4,16.4,18.9,3,13,991.8
8,2025-07-08,18.7,23.9,10.8,0.00,0.00,0.00,0.0,52841.01,20.81,10.2,23.0,314,4.05,11.7,66,94,46,0.419,0.425,0.365,18.2,16.4,18.1,3,55,994.5
8,2025-07-09,20.4,26.0,13.0,0.40,0.40,0.00,2.0,54250.93,24.06,14.3,25.9,346,4.75,14.4,71,93,47,0.408,0.417,0.365,19.9,16.3,18.8,51,45,995.3
8,2025-07-10,22.4,27.5,17.0,0.30,0.30,0.00,3.0,52461.21,21.16,8.8,25.6,282,4.28,17.0,73,87,55,0.400,0.411,0.366,21.6,16.4,19.8,51,81,993.0
8,2025-07-11,22.4,26.2,18.2,0.00,0.00,0.00,0.0,57352.52,27.79,20.4,40.3,327,5.81,14.8,64,87,42,0.386,0.402,0.364,22.2,16.7,20.9,1,4,993.2
8,2025-07-12,19.8,24.1,14.8,0.00,0.00,0.00,0.0,57600.00,26.59,17.8,36.0,337,5.21,12.1,63,90,39,0.368,0.392,0.363,20.7,16.9,20.4,1,7,994.5
8,2025-07-13,18.2,23.5,10.6,0.00,0.00,0.00,0.0,51168.73,21.52,16.0,33.1,331,4.52,10.1,62,90,41,0.357,0.387,0.364,18.6,17.0,19.2,3,27,993.2
8,2025-07-14,17.7,21.6,12.5,0.10,0.10,0.00,1.0,33594.28,14.38,16.5,34.2,338,3.08,12.1,71,88,55,0.351,0.384,0.366,18.0,16.9,18.4,51,51,991.0
8,2025-07-15,20.1,26.7,12.8,0.00,0.00,0.00,0.0,57518.40,21.23,15.6,33.1,236,4.62,12.3,64,87,40,0.346,0.380,0.367,19.1,16.8,18.4,2,39,986.5
8,2025-07-16,21.5,27.5,13.1,0.00,0.00,0.00,0.0,54782.26,23.19,12.6,26.6,340,5.02,13.0,62,95,37,0.335,0.373,0.366,20.1,16.8,19.3,3,30,983.9
8,2025-07-17,19.8,24.3,15.1,0.00,0.00,0.00,0.0,57382.67,25.92,12.3,20.9,34,4.76,12.2,64,86,43,0.326,0.369,0.368,20.9,16.9,20.0,3,40,988.5
8,2025-07-18,20.2,25.3,16.3,4.60,4.60,0.00,7.0,56501.38,20.31,17.8,31.3,80,4.39,13.8,67,81,54,0.348,0.370,0.372,20.3,17.0,20.0,63,56,985.9
8,2025-07-19,16.7,21.5,11.3,0.00,0.00,0.00,0.0,57236.91,22.98,20.2,40.0,346,4.45,8.8,62,83,40,0.381,0.369,0.373,18.1,17.1,19.1,3,22,994.1
8,2025-07-20,18.3,26.7,8.2,0.00,0.00,0.00,0.0,55600.88,27.78,12.5,27.4,271,5.39,9.5,61,92,33,0.364,0.366,0.374,18.1,17.0,18.1,3,18,997.8
8,2025-07-21,21.3,29.4,11.5,0.00,0.00,0.00,0.0,55176.90,27.14,10.4,17.3,350,5.44,11.9,59,89,33,0.345,0.359,0.371,20.2,16.9,19.1,3,29,996.4
8,2025-07-22,22.2,27.3,15.6,0.00,0.00,0.00,0.0,21028.40,13.10,14.0,21.6,124,3.28,14.5,63,78,47,0.334,0.355,0.371,20.8,17.1,20.1,3,91,994.1
8,2025-07-23,22.6,28.4,18.1,2.20,2.20,0.00,7.0,31688.75,13.06,25.3,47.9,103,4.20,14.9,64,84,39,0.338,0.350,0.368,21.3,17.2,20.3,53,93,986.8
8,2025-07-24,22.3,25.7,18.4,0.00,0.00,0.00,0.0,53863.34,21.44,22.4,40.3,162,4.94,14.6,62,86,52,0.332,0.345,0.367,22.4,17.4,21.1,3,55,977.0
8,2025-07-25,18.0,21.2,16.0,0.90,0.90,0.00,6.0,28252.01,11.60,18.7,39.2,309,2.37,14.9,82,94,71,0.331,0.347,0.371,19.7,17.6,20.5,51,94,974.5
8,2025-07-26,16.3,18.6,14.3,0.60,0.60,0.00,5.0,3056.78,8.96,18.3,35.6,346,2.18,12.3,78,87,69,0.336,0.348,0.372,17.7,17.6,18.7,51,99,978.6
8,2025-07-27,17.0,20.2,14.6,4.20,4.20,0.00,15.0,8960.87,8.35,13.9,28.8,324,1.88,13.8,82,91,68,0.344,0.349,0.374,17.4,17.4,17.8,53,97,979.5
8,2025-07-28,18.7,23.7,14.9,1.50,1.50,0.00,9.0,45562.61,17.91,8.8,23.4,292,3.20,14.6,78,95,57,0.376,0.347,0.372,19.0,17.2,18.0,53,67,979.3
8,2025-07-29,19.5,24.7,13.1,1.30,1.30,0.00,2.0,46912.73,19.75,15.2,31.0,12,3.88,14.3,73,91,54,0.371,0.345,0.371,19.4,17.2,18.9,53,56,981.0
8,2025-07-30,17.5,18.6,15.8,5.20,5.20,0.00,19.0,344.73,5.22,26.3,43.6,351,1.10,16.2,92,97,81,0.386,0.347,0.372,18.5,17.2,18.8,53,97,981.5
8,2025-07-31,18.3,21.6,16.1,1.90,1.90,0.00,14.0,6767.08,8.04,21.7,41.4,355,1.66,16.4,89,97,76,0.407,0.351,0.372,18.1,17.1,17.9,51,85,985.2
8,2025-08-01,20.0,23.8,17.3,1.30,1.30,0.00,10.0,30826.81,12.39,21.7,41.8,3,2.98,15.6,77,91,64,0.422,0.353,0.371,19.2,17.0,18.4,51,71,987.8
8,2025-08-02,20.9,25.7,15.3,0.00,0.00,0.00,0.0,52380.89,22.98,20.2,41.0,3,4.95,13.7,66,88,42,0.406,0.352,0.368,20.4,17.1,19.2,2,8,993.8
8,2025-08-03,18.8,23.1,13.5,0.00,0.00,0.00,0.0,50817.82,20.67,14.4,31.0,29,4.33,10.7,62,85,41,0.381,0.349,0.367,19.4,17.2,19.3,2,15,1000.3
8,2025-08-04,18.6,24.3,10.3,0.00,0.00,0.00,0.0,47238.38,19.97,9.0,18.7,145,3.96,9.5,58,87,38,0.364,0.348,0.367,18.8,17.2,18.5,3,31,1002.6
8,2025-08-05,22.3,29.0,14.9,0.00,0.00,0.00,0.0,50781.55,21.91,10.6,29.2,237,4.71,13.6,59,76,41,0.348,0.343,0.365,20.8,17.2,19.4,1,20,995.2
8,2025-08-06,20.8,24.7,15.7,4.80,4.80,0.00,7.0,37477.77,15.72,11.6,24.1,162,3.07,16.8,79,93,57,0.354,0.341,0.365,20.6,17.3,20.1,61,82,991.6
8,2025-08-07,23.4,29.8,17.6,0.00,0.00,0.00,0.0,47845.36,22.86,19.5,34.6,86,5.19,17.3,71,94,48,0.370,0.338,0.363,22.6,17.5,20.7,3,45,987.4
8,2025-08-08,16.3,20.2,13.2,0.00,0.00,0.00,0.0,33049.59,17.23,19.6,37.4,61,3.53,10.0,67,79,52,0.355,0.339,0.365,18.9,17.8,20.4,3,92,992.6
8,2025-08-09,17.0,23.4,9.8,0.00,0.00,0.00,0.0,50536.03,22.89,11.0,25.9,73,4.22,8.9,62,86,38,0.345,0.341,0.367,17.8,17.7,18.5,3,48,997.6
8,2025-08-10,19.1,25.0,11.1,0.00,0.00,0.00,0.0,44525.80,19.63,10.8,23.8,121,4.24,9.9,59,89,36,0.333,0.338,0.366,19.0,17.6,18.5,3,48,997.2
8,2025-08-11,19.4,24.5,15.5,3.10,3.10,0.00,9.0,19310.33,11.78,16.2,28.8,108,3.20,12.5,65,85,50,0.329,0.335,0.365,19.3,17.6,19.1,53,90,990.6
8,2025-08-12,19.1,24.2,14.5,1.10,1.10,0.00,7.0,46493.48,19.93,8.2,20.9,324,3.62,14.0,74,90,52,0.345,0.334,0.365,20.0,17.6,19.2,51,73,987.3
8,2025-08-13,18.0,20.9,15.2,5.30,5.30,0.00,10.0,43022.85,16.06,13.4,31.3,235,2.90,13.8,77,89,63,0.353,0.335,0.367,19.3,17.6,19.3,61,78,985.0
8,2025-08-14,16.3,20.3,12.7,3.90,3.90,0.00,15.0,38653.13,13.15,14.4,32.0,315,2.33,13.4,84,95,66,0.420,0.339,0.368,17.7,17.6,18.5,61,81,979.5
8,2025-08-15,16.9,22.2,12.2,2.20,2.20,0.00,7.0,50209.01,17.19,8.9,20.5,298,2.97,12.8,79,95,55,0.430,0.346,0.367,17.6,17.5,17.9,55,45,981.1
8,2025-08-16,16.5,20.1,13.2,8.00,8.00,0.00,14.0,29771.14,12.58,11.0,21.2,355,2.28,13.4,83,96,65,0.440,0.351,0.366,17.7,17.4,17.7,61,73,979.4
8,2025-08-17,16.0,21.4,11.0,1.20,1.20,0.00,5.0,45229.23,20.30,15.5,38.2,296,3.44,11.8,78,96,55,0.441,0.362,0.365,17.0,17.2,17.4,53,29,984.2
8,2025-08-18,17.4,23.1,10.6,1.10,1.10,0.00,5.0,48156.41,18.15,15.9,38.2,267,3.51,12.0,73,94,50,0.422,0.364,0.364,17.2,17.1,17.3,51,42,990.0
8,2025-08-19,21.8,29.3,13.8,0.00,0.00,0.00,0.0,49056.12,21.03,22.5,40.7,206,5.49,11.7,57,86,31,0.401,0.362,0.362,19.4,17.0,18.3,3,92,988.2
8,2025-08-20,19.0,22.8,13.9,3.20,3.20,0.00,8.0,43340.95,16.32,21.0,39.6,220,3.85,11.7,64,88,39,0.402,0.360,0.361,19.3,17.1,19.3,55,72,980.0
8,2025-08-21,15.5,19.7,10.4,1.80,1.80,0.00,5.0,24392.21,9.46,24.7,47.2,287,2.14,11.6,78,90,64,0.404,0.361,0.363,15.8,17.2,17.6,55,44,984.4
8,2025-08-22,17.7,22.7,12.7,0.60,0.60,0.00,5.0,45162.90,14.70,16.0,33.8,322,2.93,12.9,75,95,53,0.402,0.362,0.363,17.2,17.0,17.0,51,57,989.0
8,2025-08-23,18.6,25.4,11.4,0.00,0.00,0.00,0.0,47419.23,17.83,13.4,28.1,322,3.68,11.8,68,90,42,0.387,0.358,0.361,18.0,16.9,17.6,3,42,993.3
8,2025-08-24,21.1,28.8,12.8,0.00,0.00,0.00,0.0,47750.65,19.71,15.0,24.8,137,4.49,12.6,63,92,34,0.368,0.351,0.357,19.8,16.9,18.5,1,11,997.6
8,2025-08-25,22.6,29.8,15.6,0.00,0.00,0.00,0.0,48607.22,20.17,14.9,29.2,156,4.97,12.0,54,77,32,0.349,0.342,0.352,21.3,17.1,19.9,2,14,997.6
8,2025-08-26,23.1,31.9,17.1,0.00,0.00,0.00,0.0,36668.09,16.62,15.1,29.5,206,4.64,12.3,54,78,26,0.330,0.332,0.346,21.6,17.4,20.5,3,39,995.9
8,2025-08-27,23.2,32.6,13.7,0.00,0.00,0.00,0.0,38475.88,17.34,22.6,39.6,149,5.16,12.8,58,95,27,0.318,0.327,0.344,21.1,17.7,20.6,3,35,994.3
8,2025-08-28,18.9,24.8,13.0,0.00,0.00,0.00,0.0,39512.97,16.90,22.3,38.5,288,4.55,9.2,58,91,29,0.309,0.325,0.343,19.9,17.9,20.8,3,28,994.6
8,2025-08-29,15.4,21.5,8.7,0.10,0.10,0.00,1.0,44750.65,17.04,19.8,39.6,273,3.82,6.4,58,82,33,0.307,0.327,0.347,16.7,18.0,18.8,51,27,997.0
8,2025-08-30,13.5,17.9,9.5,0.20,0.20,0.00,2.0,46957.18,16.24,26.5,54.4,313,3.21,6.6,64,81,43,0.308,0.330,0.350,15.2,17.8,17.3,51,27,995.7
8,2025-08-31,10.9,14.9,7.4,13.40,13.40,0.00,13.0,649.28,3.41,16.8,30.6,215,0.73,9.1,89,99,77,0.352,0.331,0.352,12.1,17.5,15.1,63,90,995.7
8,2025-09-01,13.8,18.6,10.6,2.30,2.30,0.00,6.0,21803.47,10.79,12.3,28.4,15,2.11,8.9,75,96,48,0.453,0.346,0.352,14.5,17.0,14.8,53,70,995.7
8,2025-09-02,14.7,20.7,8.4,0.50,0.50,0.00,4.0,43620.92,18.64,11.8,20.9,106,3.23,7.8,66,90,40,0.420,0.355,0.352,15.1,16.6,14.9,51,69,999.0
8,2025-09-03,18.6,24.9,13.0,2.40,2.40,0.00,7.0,9051.07,8.01,24.0,46.1,171,3.39,10.2,61,81,40,0.417,0.357,0.353,16.5,16.4,15.8,55,100,994.8
8,2025-09-04,22.4,27.9,18.5,0.00,0.00,0.00,0.0,29248.78,13.46,17.6,34.2,200,4.45,10.4,48,65,31,0.399,0.358,0.353,19.4,16.4,17.8,3,99,992.9
8,2025-09-05,22.2,28.0,17.6,0.10,0.10,0.00,1.0,30548.58,14.07,25.2,46.8,109,5.06,10.6,49,65,32,0.380,0.352,0.349,20.2,16.6,18.9,51,95,992.9
8,2025-09-06,20.8,24.2,18.4,0.00,0.00,0.00,0.0,24874.61,11.62,27.0,50.0,76,4.71,10.8,54,65,39,0.364,0.347,0.347,20.0,16.8,19.4,3,98,991.0
8,2025-09-07,17.0,19.3,14.5,1.70,1.70,0.00,6.0,42362.19,11.47,28.7,57.6,46,2.99,11.6,71,84,58,0.358,0.348,0.348,17.9,17.0,18.7,53,82,993.3
8,2025-09-08,15.2,20.8,9.8,0.00,0.00,0.00,0.0,40996.12,14.11,18.7,37.4,354,2.98,8.9,68,84,42,0.362,0.348,0.350,15.7,17.0,17.1,3,55,993.4
8,2025-09-09,13.2,15.2,10.7,16.20,16.20,0.00,14.0,23596.13,7.80,16.6,33.8,328,1.50,10.3,83,93,68,0.438,0.358,0.350,14.7,16.9,16.2,63,89,992.1
8,2025-09-10,11.7,14.0,9.7,6.70,6.70,0.00,11.0,11829.83,4.83,26.3,51.5,343,1.08,9.5,87,100,72,0.468,0.387,0.350,12.9,16.6,14.5,61,81,993.9
8,2025-09-11,11.3,14.5,8.1,1.70,1.70,0.00,12.0,21661.77,9.10,14.9,26.6,2,1.61,8.0,81,94,62,0.452,0.404,0.352,12.4,16.2,13.6,51,81,999.7
8,2025-09-12,9.8,13.0,5.2,2.50,2.50,0.00,11.0,26303.33,9.71,18.8,35.6,31,1.80,5.3,75,95,50,0.458,0.413,0.355,11.5,15.8,13.3,51,60,1006.5
8,2025-09-13,8.7,16.0,1.8,0.00,0.00,0.00,0.0,43593.86,16.68,10.5,24.5,2,2.60,2.5,68,91,41,0.439,0.417,0.357,9.8,15.3,11.9,0,0,1009.6
8,2025-09-14,10.8,17.5,3.5,0.00,0.00,0.00,0.0,36922.73,12.16,11.3,22.3,49,2.17,5.0,70,92,43,0.425,0.415,0.357,10.8,14.9,11.8,3,53,1011.0
8,2025-09-15,13.4,17.6,9.9,0.00,0.00,0.00,0.0,30742.30,11.73,20.0,39.2,68,2.60,6.3,64,80,44,0.415,0.412,0.357,13.2,14.6,12.9,3,70,1006.8
8,2025-09-16,13.6,18.1,9.6,0.00,0.00,0.00,0.0,41066.84,13.83,23.6,46.1,43,3.12,6.1,62,78,42,0.404,0.408,0.357,13.3,14.4,13.5,3,78,1000.5
8,2025-09-17,13.7,18.5,10.6,0.10,0.10,0.00,1.0,41139.58,12.54,18.4,36.7,17,2.51,8.1,70,83,51,0.395,0.404,0.356,13.6,14.4,13.9,51,49,1000.4
8,2025-09-18,13.1,19.4,6.9,0.00,0.00,0.00,0.0,40060.83,13.26,12.3,26.3,3,2.53,7.2,70,90,46,0.388,0.400,0.355,12.9,14.3,13.8,3,44,1001.7
8,2025-09-19,13.6,18.8,8.7,0.00,0.00,0.00,0.0,28069.23,9.99,10.7,23.8,285,2.13,6.1,63,82,40,0.379,0.394,0.353,13.3,14.3,14.0,3,64,1002.2
8,2025-09-20,14.2,19.6,9.9,0.00,0.00,0.00,0.0,36881.27,11.09,8.7,17.6,257,2.21,7.2,63,84,46,0.371,0.387,0.349,13.6,14.3,13.9,3,88,1000.2
8,2025-09-21,13.2,20.5,7.4,0.00,0.00,0.00,0.0,31014.57,10.18,10.9,22.7,205,2.19,6.1,65,93,35,0.362,0.378,0.342,12.8,14.3,13.7,3,84,997.5
8,2025-09-22,12.4,17.6,8.7,0.60,0.60,0.00,4.0,22585.78,7.14,16.4,42.8,275,2.01,6.5,68,79,57,0.358,0.374,0.341,12.0,14.2,13.3,51,47,989.9
8,2025-09-23,14.7,24.0,6.2,0.00,0.00,0.00,0.0,39600.00,13.24,19.7,39.2,254,3.01,8.2,67,88,48,0.353,0.369,0.338,13.2,14.1,13.1,1,3,994.1
8,2025-09-24,20.1,29.3,12.4,0.00,0.00,0.00,0.0,39600.00,13.48,19.9,38.5,235,4.27,10.5,58,84,31,0.338,0.357,0.329,17.1,14.1,15.2,0,0,993.2
8,2025-09-25,19.6,27.3,14.0,0.00,0.00,0.00,0.0,39600.00,12.95,21.7,42.1,223,4.31,8.6,51,65,33,0.325,0.346,0.323,17.7,14.4,17.0,0,0,989.1
8,2025-09-26,9.1,15.3,5.4,2.80,2.80,0.00,8.0,24185.84,6.29,19.1,37.4,341,1.39,4.8,75,90,56,0.327,0.344,0.323,12.3,14.7,15.5,53,82,992.3
8,2025-09-27,7.1,10.9,4.5,0.00,0.00,0.00,0.0,18385.49,7.12,12.3,27.4,350,1.36,2.0,72,94,52,0.354,0.348,0.327,9.0,14.6,12.2,3,80,996.9
8,2025-09-28,5.9,10.3,1.9,0.50,0.50,0.00,4.0,29996.22,8.38,16.8,29.2,52,1.30,2.0,77,89,60,0.357,0.353,0.330,7.6,14.2,10.7,51,71,1003.1
8,2025-09-29,-0.2,4.4,-3.2,13.20,4.20,6.30,21.0,358.63,3.49,21.1,36.7,47,0.38,-1.3,93,100,80,0.405,0.361,0.332,4.0,13.7,8.7,75,95,1008.5
8,2025-09-30,-2.9,2.3,-9.6,0.00,0.00,0.00,0.0,39600.00,12.92,11.9,18.7,313,1.03,-5.1,86,98,69,0.409,0.366,0.333,0.2,12.8,5.0,3,31,1005.8
8,2025-10-01,2.6,5.9,-0.6,0.00,0.00,0.00,0.0,16056.36,6.65,13.8,23.8,286,0.85,0.4,85,94,79,0.422,0.368,0.333,2.8,11.8,4.0,3,64,999.7
8,2025-10-02,6.0,9.7,0.2,0.00,0.00,0.00,0.0,9928.05,5.91,22.0,42.1,327,1.45,0.4,69,88,44,0.466,0.381,0.333,5.6,11.1,6.2,3,53,1003.1
8,2025-10-03,3.5,11.1,-4.2,0.00,0.00,0.00,0.0,38787.70,11.57,14.4,29.9,277,1.66,-1.5,73,96,48,0.450,0.394,0.333,3.7,10.6,5.9,1,4,1010.6
8,2025-10-04,5.3,11.1,1.3,0.00,0.00,0.00,0.0,36748.41,9.82,15.3,32.0,342,1.56,0.2,71,87,49,0.439,0.395,0.331,5.5,10.2,6.3,2,10,1013.2
8,2025-10-05,5.6,13.3,-0.8,0.00,0.00,0.00,0.0,25410.63,8.76,17.8,34.2,215,1.56,0.8,73,88,52,0.425,0.394,0.330,5.3,10.0,6.5,3,91,1013.6
8,2025-10-06,7.7,14.3,3.3,0.00,0.00,0.00,0.0,10323.61,7.02,12.2,20.2,252,1.35,2.6,72,87,51,0.414,0.392,0.327,6.9,9.8,7.4,3,99,1007.6
8,2025-10-07,5.8,14.4,-0.6,0.00,0.00,0.00,0.0,36054.63,10.45,10.1,20.2,75,1.50,1.4,76,95,50,0.403,0.386,0.324,6.2,9.7,7.3,3,9,1007.6
8,2025-10-08,6.5,15.9,-0.4,0.00,0.00,0.00,0.0,34861.92,9.95,10.6,19.1,243,1.62,1.5,74,95,42,0.393,0.378,0.319,6.0,9.6,6.9,2,25,1006.1
8,2025-10-09,6.9,15.8,-0.7,0.00,0.00,0.00,0.0,33843.23,9.93,9.1,13.7,280,1.53,1.9,74,96,43,0.383,0.369,0.313,6.7,9.4,7.1,3,35,1006.3
8,2025-10-10,9.6,16.4,3.3,0.00,0.00,0.00,0.0,32785.92,9.33,10.3,17.6,257,1.71,2.2,62,79,42,0.374,0.361,0.309,8.3,9.4,8.1,3,65,1004.1
8,2025-10-11,4.5,7.5,1.8,0.00,0.00,0.00,0.0,18185.12,5.78,25.4,44.6,72,1.23,-0.4,71,81,64,0.370,0.356,0.308,6.1,9.5,8.1,3,93,1003.4
8,2025-10-12,1.5,4.1,-1.2,0.00,0.00,0.00,0.0,20995.88,6.58,22.7,43.6,90,1.33,-4.4,65,77,51,0.368,0.357,0.309,3.5,9.4,5.9,3,97,1004.5
8,2025-10-13,0.5,4.4,-3.4,0.00,0.00,0.00,0.0,14764.36,5.22,17.7,34.9,99,1.03,-4.9,67,77,57,0.369,0.360,0.312,1.6,9.0,4.1,3,96,1006.3
8,2025-10-14,4.7,9.5,0.8,0.00,0.00,0.00,0.0,30235.38,8.28,18.4,35.3,112,1.85,-4.0,55,68,37,0.368,0.361,0.314,5.0,8.6,4.5,3,77,1011.4
8,2025-10-15,2.8,8.7,-3.8,0.00,0.00,0.00,0.0,26513.30,7.25,18.5,35.6,130,1.71,-5.9,55,72,38,0.367,0.362,0.315,3.2,8.3,4.5,3,67,1010.7
8,2025-10-16,5.1,8.4,1.4,0.00,0.00,0.00,0.0,19555.14,5.85,16.6,30.6,132,1.86,-5.4,48,60,32,0.364,0.361,0.316,5.4,8.1,5.3,3,88,1005.5
8,2025-10-17,4.0,8.1,0.4,0.50,0.50,0.00,2.0,21145.35,6.00,15.9,30.2,136,1.51,-5.7,50,70,34,0.364,0.360,0.316,4.3,8.0,5.2,51,78,997.3
8,2025-10-18,2.9,5.9,0.2,1.80,1.80,0.00,12.0,5483.90,4.21,21.9,40.3,295,0.70,0.2,83,91,69,0.385,0.360,0.315,3.7,7.9,5.1,51,83,998.0
8,2025-10-19,4.9,10.3,-0.4,0.00,0.00,0.00,0.0,30433.06,7.49,17.1,31.7,240,1.14,1.2,78,91,64,0.401,0.360,0.315,4.2,7.7,4.6,3,40,1002.0
8,2025-10-20,6.0,11.7,1.7,0.00,0.00,0.00,0.0,30428.30,7.42,11.3,22.0,251,1.05,2.1,77,89,56,0.404,0.359,0.313,5.8,7.6,5.5,1,9,1005.6
8,2025-10-21,3.7,11.6,-2.7,0.00,0.00,0.00,0.0,32400.00,7.73,12.5,23.8,124,1.16,-0.5,76,91,51,0.405,0.358,0.312,3.5,7.6,5.0,2,7,1010.4
8,2025-10-22,3.5,10.8,-2.8,0.00,0.00,0.00,0.0,31799.12,7.75,15.2,30.6,94,1.33,-1.9,70,91,45,0.397,0.355,0.309,3.8,7.5,4.6,3,36,1010.1
8,2025-10-23,6.7,13.0,2.7,0.00,0.00,0.00,0.0,21177.93,5.58,10.8,22.0,130,1.26,0.1,64,77,48,0.390,0.353,0.307,5.9,7.4,5.1,3,72,1004.7
8,2025-10-24,6.1,11.2,1.2,0.00,0.00,0.00,0.0,11640.29,4.72,9.5,17.3,277,0.94,1.2,71,85,55,0.383,0.348,0.303,6.1,7.4,6.0,3,76,1001.0
8,2025-10-25,2.0,9.0,-2.7,0.00,0.00,0.00,0.0,32391.56,7.10,10.2,17.6,355,0.89,-1.6,79,93,55,0.377,0.345,0.300,3.0,7.4,5.2,2,10,1000.1
8,2025-10-26,2.7,9.6,-4.3,0.00,0.00,0.00,0.0,30602.47,6.02,13.1,22.7,223,0.97,-1.6,75,91,54,0.370,0.341,0.297,2.5,7.3,3.9,3,18,1001.9
8,2025-10-27,4.8,12.9,0.5,0.00,0.00,0.00,0.0,31790.05,6.36,14.1,28.8,227,1.24,-0.8,69,82,43,0.364,0.338,0.294,4.2,7.1,4.3,2,17,1002.8
8,2025-10-28,4.2,11.8,-1.5,0.00,0.00,0.00,0.0,30312.49,6.49,12.7,22.7,181,1.22,-2.2,65,82,42,0.357,0.333,0.291,4.0,7.0,4.5,3,75,1004.1
8,2025-10-29,5.3,10.8,0.2,0.20,0.20,0.00,2.0,11690.27,4.27,15.4,30.6,188,1.33,-1.2,64,77,49,0.353,0.329,0.289,4.6,6.9,4.6,51,100,1000.8
8,2025-10-30,7.7,12.8,2.1,2.00,2.00,0.00,7.0,17147.70,4.83,21.5,38.5,180,1.56,1.7,67,84,48,0.351,0.327,0.288,6.4,6.9,5.7,53,99,994.4
8,2025-10-31,6.4,8.5,4.4,7.80,7.80,0.00,22.0,0.00,0.96,16.6,34.2,303,0.43,4.5,88,94,78,0.413,0.328,0.287,6.4,7.1,6.6,53,100,987.6
8,2025-11-01,3.3,6.1,1.3,0.00,0.00,0.00,0.0,21895.64,5.18,18.6,33.1,260,0.78,0.5,82,90,71,0.427,0.337,0.287,4.5,7.2,5.6,3,79,996.6
8,2025-11-02,2.5,4.5,1.1,5.90,5.90,0.00,15.0,0.00,1.85,24.0,40.3,108,0.35,1.1,91,98,80,0.431,0.344,0.288,3.6,7.1,4.5,53,98,993.3
8,2025-11-03,-5.6,0.9,-9.9,1.20,0.00,0.84,7.0,16880.35,4.46,29.1,53.3,357,0.58,-9.0,77,94,66,0.444,0.359,0.289,-1.0,6.9,2.9,71,74,999.1
8,2025-11-04,-10.8,-8.0,-13.1,0.00,0.00,0.00,0.0,25254.69,5.76,20.7,35.3,349,0.43,-14.3,76,90,64,0.426,0.369,0.293,-6.5,6.5,0.6,3,40,1014.0
8,2025-11-05,-6.9,-0.9,-12.7,2.10,0.00,1.47,11.0,417.52,2.35,27.8,49.3,221,0.41,-9.3,83,91,71,0.418,0.373,0.294,-5.4,5.9,0.0,73,79,1011.3
8,2025-11-06,0.9,3.1,-1.1,1.30,0.90,0.28,8.0,5078.02,3.52,22.1,41.4,251,0.61,-1.7,83,90,74,0.416,0.375,0.295,-1.6,5.4,-0.1,71,100,1001.2
8,2025-11-07,2.5,4.1,1.3,4.20,4.20,0.00,16.0,17697.63,4.17,24.4,43.2,242,0.50,1.0,90,94,83,0.447,0.378,0.295,-0.3,5.0,-0.0,53,98,993.6
8,2025-11-08,3.7,7.0,1.4,1.90,1.90,0.00,11.0,23788.73,3.53,21.8,40.3,251,0.62,1.3,84,97,76,0.471,0.395,0.295,1.4,4.6,0.2,51,76,989.5
8,2025-11-09,1.9,4.0,-2.1,9.00,8.30,0.49,20.0,602.56,1.44,27.9,49.7,329,0.31,0.7,92,97,83,0.487,0.420,0.296,1.9,4.4,0.5,71,100,985.1
8,2025-11-10,-0.5,2.1,-3.4,0.00,0.00,0.00,0.0,8498.72,2.62,23.5,42.8,237,0.49,-2.9,84,90,80,0.464,0.439,0.297,0.2,4.2,0.7,3,86,998.1
8,2025-11-11,3.8,5.3,0.9,4.40,4.40,0.00,13.0,0.00,1.32,21.3,39.2,234,0.43,2.0,88,95,82,0.468,0.439,0.299,1.6,4.1,1.0,53,97,991.5
8,2025-11-12,0.9,4.8,-2.5,0.00,0.00,0.00,0.0,22460.63,4.10,14.5,29.5,316,0.58,-2.6,78,93,64,0.475,0.448,0.300,1.6,4.1,2.1,3,66,997.8
8,2025-11-13,-2.9,0.7,-7.4,0.00,0.00,0.00,0.0,27055.89,5.09,13.3,20.5,260,0.58,-6.9,74,88,60,0.459,0.447,0.304,-1.5,4.1,1.1,3,64,1011.2
8,2025-11-14,-0.7,3.0,-4.1,0.00,0.00,0.00,0.0,25439.81,4.31,17.1,28.8,192,0.51,-3.1,84,91,67,0.452,0.445,0.307,-0.5,3.9,0.6,3,64,1007.7
8,2025-11-15,3.4,6.9,1.4,0.40,0.40,0.00,3.0,27305.56,4.76,21.9,37.8,202,0.65,1.3,86,91,77,0.449,0.441,0.309,1.4,3.8,0.6,51,23,1000.7
8,2025-11-16,3.1,6.1,0.8,0.40,0.40,0.00,2.0,26014.71,4.42,22.5,39.2,204,0.57,1.1,87,92,77,0.445,0.438,0.310,1.5,3.7,1.0,51,39,995.1
8,2025-11-17,-1.8,3.6,-6.2,0.00,0.00,0.00,0.0,27075.68,4.80,16.9,31.3,3,0.54,-5.3,77,89,59,0.443,0.435,0.311,0.3,3.7,1.4,3,23,1007.0
8,2025-11-18,-3.0,0.5,-7.3,0.00,0.00,0.00,0.0,7732.11,2.24,10.6,13.7,155,0.25,-4.7,88,91,84,0.439,0.432,0.312,-2.4,3.7,0.7,3,87,1007.5
8,2025-11-19,0.4,2.8,-2.1,0.20,0.20,0.00,1.0,25874.33,4.37,20.4,35.3,214,0.39,-1.1,90,92,87,0.436,0.430,0.313,-1.2,3.5,0.4,51,43,1000.9
8,2025-11-20,2.6,3.2,1.8,7.50,6.60,0.63,14.0,0.00,0.49,14.0,24.5,249,0.18,1.7,94,97,90,0.475,0.436,0.314,1.0,3.4,0.4,73,97,1000.7
8,2025-11-21,-1.5,2.4,-5.0,0.00,0.00,0.00,0.0,23010.02,3.49,13.0,23.0,0,0.37,-4.4,81,94,66,0.466,0.447,0.316,0.8,3.3,0.6,3,46,1012.9
8,2025-11-22,-2.5,2.9,-7.7,1.80,1.80,0.00,2.0,11447.06,2.80,26.3,46.8,184,0.37,-4.5,86,93,75,0.457,0.446,0.318,-1.9,3.3,0.5,61,90,1014.1
8,2025-11-23,5.4,7.6,2.8,0.10,0.10,0.00,1.0,6005.90,1.87,26.0,46.8,235,0.64,3.0,84,90,80,0.464,0.445,0.320,1.9,3.2,0.4,51,86,999.4
8,2025-11-24,1.5,6.6,-0.3,0.40,0.40,0.00,4.0,0.00,1.74,15.1,27.7,27,0.28,-0.2,89,91,85,0.456,0.444,0.323,1.9,3.2,0.9,51,100,1005.5
8,2025-11-25,3.7,6.6,0.1,0.30,0.10,0.14,3.0,16277.44,2.75,22.4,41.0,201,0.55,1.5,86,94,77,0.449,0.442,0.327,2.4,3.2,1.7,71,99,1000.8
8,2025-11-26,2.4,5.6,-0.1,0.50,0.50,0.00,3.0,2834.65,1.65,13.9,24.5,279,0.27,0.7,88,92,79,0.448,0.439,0.328,2.2,3.3,2.5,51,87,995.9
8,2025-11-27,-0.4,1.6,-2.1,0.00,0.00,0.00,0.0,25200.00,3.42,13.3,25.2,301,0.41,-3.6,80,91,68,0.445,0.438,0.329,0.9,3.5,1.8,3,53,1004.1
8,2025-11-28,-1.9,0.8,-4.0,0.00,0.00,0.00,0.0,25200.00,3.34,15.5,22.3,158,0.32,-4.2,84,91,72,0.442,0.436,0.331,-0.5,3.4,1.0,3,66,1010.8
8,2025-11-29,-0.7,2.1,-2.8,0.00,0.00,0.00,0.0,3174.28,1.70,20.9,35.6,217,0.42,-3.5,82,91,73,0.439,0.434,0.332,-0.6,3.3,0.7,3,96,1005.2
8,2025-11-30,0.3,4.2,-2.2,0.00,0.00,0.00,0.0,22519.56,2.93,8.1,14.4,254,0.28,-1.4,88,94,79,0.437,0.432,0.333,0.1,3.2,0.7,3,57,1005.5
8,2025-12-01,-1.1,3.5,-4.3,0.10,0.10,0.00,1.0,25102.37,3.26,8.6,16.6,226,0.27,-2.7,89,93,80,0.435,0.430,0.333,-1.2,3.2,0.6,51,45,1006.6
8,2025-12-02,-1.0,-0.2,-1.9,1.50,0.10,0.98,7.0,2664.01,1.40,6.9,13.0,92,0.16,-2.2,91,94,87,0.435,0.428,0.334,-1.4,3.1,0.4,73,97,1006.6
8,2025-12-03,-0.5,0.5,-1.1,0.00,0.00,0.00,0.0,2871.84,1.61,10.4,19.8,258,0.18,-1.7,92,94,90,0.432,0.425,0.333,-0.3,3.0,0.4,3,92,1002.8
8,2025-12-04,-0.6,0.9,-2.0,0.00,0.00,0.00,0.0,24919.75,2.87,14.3,25.9,260,0.30,-2.6,86,91,80,0.430,0.424,0.334,0.7,2.9,0.4,3,72,1002.5
8,2025-12-05,-0.8,0.0,-2.0,0.00,0.00,0.00,0.0,766.74,1.57,10.1,17.6,312,0.26,-3.5,82,86,73,0.428,0.422,0.334,-0.3,2.8,0.4,3,95,1007.0
8,2025-12-06,-1.7,-1.0,-3.2,0.00,0.00,0.00,0.0,4646.48,1.81,9.6,19.4,242,0.24,-4.2,83,87,76,0.426,0.421,0.334,-0.5,2.7,0.4,3,99,1007.4
8,2025-12-07,-2.9,-2.1,-3.6,1.10,0.00,0.77,11.0,0.00,1.74,5.4,11.2,186,0.17,-5.0,85,90,81,0.425,0.420,0.335,-1.1,2.7,0.4,71,99,1005.1
8,2025-12-08,-6.9,-3.5,-14.0,3.70,0.00,2.59,22.0,0.00,1.62,20.2,36.7,44,0.17,-8.5,89,96,80,0.426,0.418,0.337,-4.1,2.6,0.2,73,100,1004.3
8,2025-12-09,-20.0,-13.7,-26.9,0.30,0.00,0.21,3.0,25200.00,3.48,22.3,39.6,12,0.18,-23.1,76,84,67,0.425,0.418,0.339,-12.4,2.5,-0.3,71,41,1017.9
8,2025-12-10,-21.1,-16.8,-28.5,0.00,0.00,0.00,0.0,25200.00,3.34,16.0,26.3,208,0.15,-24.1,77,86,70,0.424,0.416,0.340,-14.3,2.3,-1.1,3,56,1023.7
8,2025-12-11,-15.0,-11.8,-18.2,0.00,0.00,0.00,0.0,5589.23,2.42,17.9,28.4,185,0.27,-18.7,74,78,65,0.424,0.415,0.343,-10.9,2.1,-1.7,3,98,1013.3
8,2025-12-12,-15.0,-10.0,-19.1,0.00,0.00,0.00,0.0,25200.00,3.18,11.8,18.0,189,0.19,-17.7,80,84,75,0.423,0.414,0.344,-10.1,1.8,-2.2,3,51,991.5
8,2025-12-13,-7.1,-2.6,-13.9,0.00,0.00,0.00,0.0,14909.89,2.31,20.7,33.8,200,0.30,-9.4,84,89,82,0.423,0.414,0.345,-6.2,1.5,-3.3,3,64,982.3
8,2025-12-14,-5.4,-3.1,-9.3,3.50,0.00,2.45,13.0,0.00,0.99,26.5,46.1,168,0.33,-7.5,85,93,77,0.423,0.413,0.346,-4.5,1.2,-3.0,73,100,974.2
8,2025-12-15,-11.8,-9.0,-13.7,0.60,0.00,0.42,6.0,7198.37,2.39,33.6,53.6,214,0.33,-14.8,79,85,71,0.423,0.412,0.346,-9.2,1.0,-4.5,71,100,974.4
8,2025-12-16,-14.1,-11.6,-18.0,0.60,0.00,0.42,6.0,22058.42,3.15,22.0,39.6,253,0.24,-17.1,78,83,73,0.423,0.411,0.346,-11.0,0.8,-6.7,71,70,987.6
8,2025-12-17,-15.4,-12.5,-19.2,0.00,0.00,0.00,0.0,18995.74,2.78,14.8,25.6,247,0.18,-18.3,79,84,73,0.423,0.410,0.347,-12.2,0.7,-8.8,3,59,999.0
8,2025-12-18,-14.6,-7.5,-18.7,0.00,0.00,0.00,0.0,19353.06,2.70,16.6,28.4,238,0.16,-16.6,85,89,81,0.423,0.409,0.347,-11.4,0.5,-9.5,3,62,1003.6
8,2025-12-19,-4.0,-3.0,-7.0,3.90,0.00,2.73,14.0,0.00,1.32,22.7,41.8,210,0.25,-5.4,89,92,87,0.423,0.408,0.347,-5.6,0.4,-6.6,73,100,995.5
8,2025-12-20,-15.2,-4.3,-26.1,2.60,0.00,1.82,10.0,4469.58,2.22,27.5,48.2,345,0.16,-17.6,82,93,75,0.423,0.407,0.347,-5.0,0.4,-3.9,73,100,994.2
8,2025-12-21,-24.7,-14.3,-33.3,0.00,0.00,0.00,0.0,24849.53,3.03,27.1,45.7,224,0.14,-27.7,76,81,72,0.423,0.407,0.347,-6.6,0.4,-4.3,3,45,1004.5
8,2025-12-22,-10.1,-8.2,-13.9,0.00,0.00,0.00,0.0,16209.13,2.32,25.1,43.9,223,0.31,-12.7,81,83,78,0.423,0.406,0.348,-5.4,0.3,-4.3,3,94,999.1
8,2025-12-23,-8.2,-6.0,-10.6,0.80,0.00,0.56,5.0,0.00,2.03,24.2,44.3,207,0.29,-10.5,83,87,79,0.423,0.405,0.348,-3.0,0.3,-3.3,71,99,994.5
8,2025-12-24,-4.7,-1.0,-13.6,2.90,0.00,2.03,15.0,2002.06,1.79,23.7,40.3,228,0.32,-6.8,85,89,77,0.422,0.404,0.348,-2.5,0.3,-2.7,73,93,990.7
8,2025-12-25,-20.4,-13.5,-26.8,1.00,0.00,0.70,6.0,22198.97,3.21,14.3,27.0,315,0.12,-23.1,79,82,74,0.422,0.404,0.348,-3.7,0.3,-2.5,71,71,991.8
8,2025-12-26,-24.2,-18.8,-30.1,0.00,0.00,0.00,0.0,24733.65,3.32,18.4,31.3,224,0.13,-27.4,75,78,71,0.422,0.403,0.348,-4.6,0.3,-2.8,3,26,994.3
8,2025-12-27,-17.0,-14.2,-19.2,0.00,0.00,0.00,0.0,23300.21,2.87,20.3,32.4,207,0.22,-20.1,77,79,74,0.422,0.403,0.348,-2.7,0.3,-2.9,3,53,997.8
8,2025-12-28,-15.4,-11.9,-19.0,0.00,0.00,0.00,0.0,9240.71,2.55,19.8,34.2,170,0.18,-17.8,82,86,76,0.422,0.402,0.349,-3.0,0.3,-2.7,3,100,994.1
8,2025-12-29,-7.7,-4.9,-12.4,7.00,0.00,4.90,14.0,853.03,1.36,20.9,35.3,187,0.19,-9.4,88,91,85,0.421,0.402,0.349,-5.1,0.2,-2.5,73,98,981.1
8,2025-12-30,-13.9,-11.2,-20.9,6.00,0.00,4.20,11.0,5148.28,2.13,20.5,35.3,332,0.16,-15.8,86,89,81,0.420,0.401,0.348,-4.9,0.2,-2.6,73,66,981.6
8,2025-12-31,-20.5,-16.2,-25.4,0.10,0.00,0.07,1.0,0.00,2.01,14.4,22.3,191,0.09,-22.6,83,88,80,0.420,0.400,0.349,-4.6,0.2,-2.6,71,82,992.1
9,2025-01-01,-3.0,-1.2,-4.9,0.00,0.00,0.00,0.0,1149.17,2.70,23.3,37.8,213,0.31,-4.5,90,94,85,0.238,0.238,0.238,-2.6,1.3,-1.7,3,88,1009.6
9,2025-01-02,-0.5,0.8,-2.2,1.80,0.00,1.33,11.0,227.80,2.96,23.5,40.3,241,0.36,-1.9,90,95,85,0.240,0.238,0.238,-1.6,1.3,-1.5,73,98,1010.7
9,2025-01-03,-1.1,1.7,-2.3,0.00,0.00,0.00,0.0,28817.48,6.27,14.7,29.5,220,0.56,-3.6,84,93,67,0.241,0.239,0.239,-1.3,1.3,-1.3,3,54,1013.7
9,2025-01-04,-0.3,1.9,-2.4,0.00,0.00,0.00,0.0,10913.91,3.70,11.3,20.5,48,0.41,-2.5,85,90,76,0.239,0.239,0.238,0.3,1.3,-1.1,3,92,1010.8
9,2025-01-05,0.5,2.3,-1.1,0.00,0.00,0.00,0.0,5566.49,3.14,11.4,20.9,147,0.39,-1.6,86,91,80,0.238,0.240,0.238,0.9,1.3,-0.9,3,98,1009.6
9,2025-01-06,2.2,5.7,0.3,0.00,0.00,0.00,0.0,25496.38,5.16,14.1,24.1,144,0.62,-0.0,86,92,73,0.240,0.240,0.238,0.3,1.4,-0.5,3,74,1009.2
9,2025-01-07,-0.1,1.8,-3.8,4.20,2.50,1.19,18.0,0.00,2.28,31.3,55.8,248,0.31,-1.3,92,98,87,0.261,0.241,0.238,-0.2,1.5,-0.3,73,100,1006.6
9,2025-01-08,-6.8,-3.5,-10.5,0.00,0.00,0.00,0.0,31190.34,7.66,23.3,40.7,321,0.61,-10.8,74,85,59,0.272,0.242,0.240,-1.9,1.5,-0.6,3,12,1027.4
9,2025-01-09,-6.2,-0.7,-10.9,0.00,0.00,0.00,0.0,31208.38,7.52,20.3,37.4,70,0.84,-11.3,68,84,44,0.268,0.243,0.242,-4.1,1.5,-1.0,0,0,1025.9
9,2025-01-10,-4.3,-0.0,-7.6,0.00,0.00,0.00,0.0,31229.08,7.57,21.3,40.0,61,0.84,-8.6,73,84,55,0.266,0.243,0.244,-3.6,1.5,-1.2,0,0,1017.2
9,2025-01-11,-5.0,-0.2,-8.7,0.00,0.00,0.00,0.0,31252.35,7.72,17.2,31.0,63,0.79,-9.3,73,86,54,0.263,0.244,0.245,-3.9,1.4,-1.3,0,1,1014.7
9,2025-01-12,-4.1,1.9,-8.6,0.00,0.00,0.00,0.0,31278.17,7.86,16.5,30.2,68,0.84,-8.3,74,88,53,0.261,0.244,0.246,-3.9,1.3,-1.5,0,0,1011.6
9,2025-01-13,-3.4,2.0,-7.1,0.00,0.00,0.00,0.0,31306.48,7.89,15.3,28.4,72,0.80,-7.2,76,87,55,0.259,0.244,0.247,-3.7,1.2,-1.5,0,0,1009.4
9,2025-01-14,-4.4,3.4,-9.7,0.00,0.00,0.00,0.0,31337.20,8.09,9.7,16.2,80,0.70,-7.4,81,92,55,0.257,0.244,0.247,-3.8,1.2,-1.6,0,0,1007.3
9,2025-01-15,-3.0,1.9,-6.7,0.00,0.00,0.00,0.0,31370.32,7.99,18.3,34.2,212,0.69,-5.9,81,91,60,0.256,0.245,0.248,-3.2,1.1,-1.7,3,38,1005.2
9,2025-01-16,-2.6,-1.5,-3.9,0.00,0.00,0.00,0.0,3881.49,3.72,12.1,22.0,247,0.43,-5.0,84,91,79,0.252,0.242,0.245,-1.5,1.0,-1.5,3,99,1006.7
9,2025-01-17,-1.4,0.6,-4.1,0.20,0.00,0.14,2.0,18599.76,5.25,18.3,34.6,229,0.67,-4.8,78,90,63,0.251,0.241,0.246,-1.2,1.0,-1.3,71,97,1004.5
9,2025-01-18,0.5,1.7,-0.7,1.70,0.60,0.77,17.0,1016.81,2.50,15.3,28.8,199,0.34,-0.9,90,94,82,0.251,0.242,0.246,-0.0,1.0,-1.1,71,94,1003.3
9,2025-01-19,2.1,3.9,-0.3,1.10,1.10,0.00,9.0,6505.40,3.38,20.3,37.1,177,0.55,-0.1,86,90,82,0.259,0.242,0.246,0.1,1.0,-0.8,51,98,1002.4
9,2025-01-20,2.0,4.9,0.3,1.40,1.30,0.07,7.0,28749.04,5.71,24.4,41.8,199,0.69,-0.2,85,93,72,0.273,0.244,0.246,-0.2,1.1,-0.5,71,85,998.7
9,2025-01-21,1.4,3.3,-0.6,1.20,0.40,0.56,8.0,31055.14,6.08,37.2,65.2,234,0.84,-1.5,81,90,71,0.280,0.246,0.246,0.3,1.1,-0.3,73,63,997.1
9,2025-01-22,-6.3,-0.2,-9.9,0.60,0.10,0.35,4.0,25858.34,6.48,34.3,60.8,268,0.76,-10.8,71,90,59,0.278,0.246,0.245,-2.4,1.2,-0.5,71,90,1008.7
9,2025-01-23,-13.5,-9.8,-16.2,0.00,0.00,0.00,0.0,32708.61,9.41,19.3,32.8,35,0.57,-19.0,64,83,49,0.275,0.247,0.245,-7.0,1.2,-1.2,3,17,1030.2
9,2025-01-24,-12.0,-6.5,-16.1,0.00,0.00,0.00,0.0,32714.77,9.40,25.9,49.7,75,0.84,-19.0,57,69,39,0.273,0.247,0.246,-7.2,1.0,-2.3,1,6,1027.3
9,2025-01-25,-8.5,-3.7,-12.9,0.00,0.00,0.00,0.0,31498.25,8.27,23.6,42.8,70,0.96,-15.2,59,70,43,0.271,0.247,0.247,-6.4,0.9,-2.7,3,86,1013.4
9,2025-01-26,-5.9,1.0,-11.2,0.00,0.00,0.00,0.0,31099.68,7.64,15.3,25.9,68,0.81,-12.0,63,74,44,0.271,0.247,0.251,-5.1,0.7,-2.6,3,89,1009.2
9,2025-01-27,-7.6,-2.8,-12.1,0.00,0.00,0.00,0.0,32377.80,8.59,10.1,21.6,306,0.69,-12.6,68,87,53,0.270,0.246,0.254,-5.3,0.7,-2.6,3,36,1014.6
9,2025-01-28,-6.4,-3.0,-9.2,0.00,0.00,0.00,0.0,33124.21,7.93,13.8,26.3,16,0.57,-9.1,82,92,65,0.270,0.246,0.254,-4.6,0.6,-2.7,2,42,1013.2
9,2025-01-29,-4.7,-2.1,-7.2,0.00,0.00,0.00,0.0,21929.91,7.17,19.1,32.4,261,0.64,-7.9,78,88,62,0.270,0.246,0.255,-3.5,0.5,-2.6,3,81,1013.9
9,2025-01-30,-1.3,0.1,-2.3,0.40,0.00,0.28,4.0,0.00,3.23,19.0,33.1,261,0.42,-3.1,88,91,81,0.270,0.246,0.255,-1.7,0.5,-2.2,71,96,1016.1
9,2025-01-31,-1.1,0.4,-2.1,0.00,0.00,0.00,0.0,15325.66,4.83,9.9,20.2,246,0.48,-3.3,86,93,72,0.269,0.247,0.256,-0.8,0.5,-1.9,3,89,1018.6
9,2025-02-01,-0.6,1.0,-1.9,0.00,0.00,0.00,0.0,11616.69,5.09,8.9,14.8,96,0.57,-4.3,77,93,59,0.268,0.249,0.256,-0.3,0.5,-1.6,3,96,1019.3
9,2025-02-02,-2.1,0.7,-5.0,0.00,0.00,0.00,0.0,34891.78,10.08,18.0,38.2,50,1.00,-6.6,72,84,57,0.266,0.249,0.257,-0.8,0.5,-1.3,2,22,1016.7
9,2025-02-03,-3.2,2.6,-7.2,0.00,0.00,0.00,0.0,35045.60,10.56,25.4,44.3,70,1.27,-8.8,67,82,46,0.264,0.250,0.257,-2.1,0.5,-1.3,0,0,1010.8
9,2025-02-04,-3.6,1.3,-7.0,0.00,0.00,0.00,0.0,35132.51,10.30,25.2,42.1,80,1.19,-9.4,65,76,47,0.263,0.250,0.259,-2.9,0.5,-1.4,3,81,1008.0
9,2025-02-05,-4.6,-0.4,-8.0,0.00,0.00,0.00,0.0,32794.07,9.90,22.3,42.1,64,1.04,-9.8,68,82,50,0.262,0.250,0.260,-3.6,0.5,-1.5,3,94,1011.1
9,2025-02-06,-5.8,-0.6,-10.0,0.00,0.00,0.00,0.0,35306.75,11.06,22.7,43.9,57,1.10,-11.4,67,82,47,0.262,0.250,0.261,-4.1,0.5,-1.7,2,10,1010.4
9,2025-02-07,-9.0,-4.0,-13.4,0.00,0.00,0.00,0.0,35393.92,11.37,19.2,37.4,27,0.86,-14.0,68,82,51,0.262,0.249,0.262,-5.4,0.5,-2.0,0,1,1008.0
9,2025-02-08,-7.7,-0.8,-15.3,0.40,0.20,0.14,2.0,33341.00,11.25,15.6,32.0,13,0.88,-11.9,74,91,53,0.263,0.249,0.264,-6.3,0.4,-2.5,71,63,1005.6
9,2025-02-09,-3.4,-2.5,-4.8,3.30,1.50,1.26,10.0,20116.45,6.25,15.8,30.6,126,0.51,-5.5,86,96,74,0.285,0.249,0.264,-3.4,0.4,-2.2,73,96,1009.9
9,2025-02-10,-3.8,1.2,-8.4,0.00,0.00,0.00,0.0,35654.67,11.77,30.5,53.6,64,1.28,-9.6,66,87,40,0.285,0.249,0.266,-3.8,0.3,-2.1,2,34,1011.1
9,2025-02-11,-3.4,-0.9,-5.6,0.00,0.00,0.00,0.0,18395.17,6.54,20.0,33.8,151,0.69,-6.9,77,87,69,0.285,0.250,0.267,-2.9,0.3,-2.0,3,78,1014.3
9,2025-02-12,-2.7,0.9,-7.2,0.00,0.00,0.00,0.0,20220.56,7.23,18.9,33.8,168,0.74,-5.9,79,88,62,0.284,0.251,0.267,-2.6,0.3,-1.9,3,69,1014.1
9,2025-02-13,0.8,3.7,-1.0,0.20,0.00,0.14,2.0,6322.58,5.49,14.5,28.1,156,0.75,-2.2,80,87,69,0.285,0.251,0.267,-1.0,0.3,-1.7,71,91,1011.8
9,2025-02-14,0.3,4.2,-3.2,1.50,1.40,0.07,11.0,33042.02,10.14,12.8,27.4,78,1.02,-2.7,81,91,64,0.289,0.251,0.266,-0.7,0.3,-1.4,71,62,1006.9
9,2025-02-15,-1.7,1.7,-3.9,0.40,0.00,0.28,4.0,18724.64,7.83,10.4,22.7,337,0.70,-3.9,86,95,65,0.297,0.252,0.266,-1.4,0.3,-1.2,71,84,1005.4
9,2025-02-16,-3.1,0.2,-5.5,0.00,0.00,0.00,0.0,35405.08,9.53,8.7,19.1,49,0.82,-5.6,83,93,64,0.294,0.254,0.267,-1.9,0.3,-1.1,3,84,1009.9
9,2025-02-17,-1.3,3.4,-5.1,0.00,0.00,0.00,0.0,24397.40,8.02,12.5,25.2,113,0.94,-5.2,77,90,54,0.291,0.254,0.268,-1.7,0.3,-1.1,3,67,1013.0
9,2025-02-18,-0.5,3.8,-3.9,0.00,0.00,0.00,0.0,23126.09,9.45,13.4,27.0,57,0.99,-3.6,81,91,60,0.288,0.255,0.268,-1.7,0.3,-1.1,3,94,1006.8
9,2025-02-19,-0.7,1.7,-2.3,0.00,0.00,0.00,0.0,25286.85,9.52,12.1,20.5,358,0.91,-3.0,85,93,72,0.286,0.256,0.268,-1.7,0.4,-1.1,3,95,1005.5
9,2025-02-20,-1.1,2.9,-3.1,0.00,0.00,0.00,0.0,31371.79,9.97,8.9,18.0,77,0.92,-3.8,83,93,65,0.284,0.256,0.268,-1.2,0.4,-1.0,3,47,1009.3
9,2025-02-21,1.4,7.4,-3.3,0.00,0.00,0.00,0.0,36000.00,12.45,16.3,33.1,63,1.27,-1.7,81,92,59,0.281,0.257,0.269,-1.1,0.4,-0.9,3,83,1006.7
9,2025-02-22,4.7,12.4,-0.6,1.00,1.00,0.00,5.0,26417.42,10.73,12.3,24.1,107,1.52,0.8,78,93,49,0.279,0.257,0.268,0.2,0.4,-0.6,53,98,1002.0
9,2025-02-23,1.1,6.2,-0.9,3.80,3.80,0.00,9.0,0.00,5.41,20.0,34.6,341,0.47,0.2,93,99,86,0.302,0.259,0.269,0.4,0.5,-0.1,53,97,1003.9
9,2025-02-24,-0.6,1.3,-2.6,6.30,3.90,1.68,11.0,9297.04,4.28,14.4,29.5,294,0.35,-1.4,95,99,90,0.349,0.262,0.269,-1.1,0.6,-0.3,75,84,999.8
9,2025-02-25,-2.1,-0.1,-3.6,5.30,0.30,3.50,11.0,9.05,3.20,17.7,30.2,307,0.33,-3.1,93,96,90,0.356,0.268,0.270,-2.0,0.6,-0.6,75,97,999.1
9,2025-02-26,-4.4,-2.0,-9.0,0.00,0.00,0.00,0.0,35393.09,14.54,17.9,30.2,229,1.01,-6.8,83,93,70,0.347,0.272,0.270,-2.2,0.6,-0.8,3,64,1009.2
9,2025-02-27,-4.9,0.7,-9.4,0.00,0.00,0.00,0.0,36000.00,14.26,14.9,23.8,86,1.03,-6.9,86,93,77,0.339,0.274,0.270,-2.1,0.5,-1.1,3,79,1007.6
9,2025-02-28,-3.0,3.5,-9.6,1.40,1.30,0.07,6.0,33109.61,13.18,10.1,16.2,102,1.11,-5.4,85,95,64,0.337,0.276,0.270,-0.1,0.5,-1.1,71,87,1006.9
9,2025-03-01,1.1,6.5,-3.0,1.20,1.20,0.00,3.0,21622.33,10.43,12.6,26.3,116,1.13,-1.7,83,96,54,0.348,0.280,0.270,1.4,0.5,-0.7,53,96,1007.7
9,2025-03-02,-4.3,1.0,-7.6,1.10,0.00,0.77,11.0,546.55,7.35,17.6,29.5,306,0.71,-7.9,77,95,58,0.347,0.285,0.270,-1.2,0.5,-0.5,71,99,1006.8
9,2025-03-03,-5.9,-0.9,-11.1,2.40,0.00,1.68,12.0,26206.58,10.54,27.2,47.9,193,0.83,-9.5,76,89,59,0.338,0.288,0.271,-3.5,0.5,-0.9,73,74,1005.9
9,2025-03-04,-7.2,-3.5,-12.8,0.30,0.00,0.21,2.0,33655.36,15.05,25.7,42.8,217,0.94,-10.0,81,94,65,0.333,0.289,0.271,-3.7,0.4,-1.2,71,91,1014.6
9,2025-03-05,0.5,7.8,-4.3,0.00,0.00,0.00,0.0,31077.30,14.79,22.0,42.1,173,1.58,-3.6,76,89,50,0.339,0.290,0.271,-1.6,0.4,-1.1,3,60,1007.2
9,2025-03-06,2.1,5.3,-1.0,0.30,0.20,0.07,2.0,20987.02,9.37,34.0,60.1,234,1.27,-1.9,75,86,59,0.352,0.293,0.271,-0.1,0.3,-0.8,71,95,998.0
9,2025-03-07,1.6,2.8,0.4,2.60,0.70,1.33,11.0,2424.10,5.82,31.6,55.4,240,0.67,-0.3,87,96,78,0.357,0.297,0.271,0.4,0.4,-0.5,73,99,995.8
9,2025-03-08,4.9,7.2,1.1,3.10,3.10,0.00,14.0,0.00,3.41,30.7,54.0,237,0.78,2.6,85,92,78,0.382,0.306,0.272,1.8,0.4,-0.1,53,97,996.5
9,2025-03-09,2.5,5.3,-2.0,0.50,0.50,0.00,3.0,22095.39,9.09,19.6,34.9,320,1.21,-1.6,76,91,55,0.371,0.317,0.275,2.1,0.5,0.4,51,69,1002.8
9,2025-03-10,0.5,7.1,-4.5,0.00,0.00,0.00,0.0,40631.73,17.70,10.2,21.6,41,1.89,-4.4,72,89,45,0.352,0.320,0.275,1.5,0.6,0.2,0,1,1011.3
9,2025-03-11,2.6,8.8,-2.8,0.00,0.00,0.00,0.0,40699.13,17.65,15.5,29.5,32,2.18,-3.9,65,83,40,0.339,0.320,0.276,2.1,0.6,0.3,0,0,1012.4
9,2025-03-12,3.4,10.7,-2.2,0.00,0.00,0.00,0.0,41092.94,17.78,20.6,39.6,51,2.19,-1.9,70,89,45,0.327,0.318,0.276,1.4,0.6,0.5,3,13,1012.5
9,2025-03-13,5.4,12.9,-0.4,0.00,0.00,0.00,0.0,40124.08,17.82,16.9,34.2,57,2.38,0.1,71,88,47,0.317,0.316,0.276,3.6,0.7,0.9,3,39,1010.9
9,2025-03-14,5.4,14.1,-1.0,0.00,0.00,0.00,0.0,41707.52,18.01,11.5,25.9,38,2.46,-0.4,69,89,40,0.307,0.314,0.276,4.0,0.8,1.4,3,34,1010.2
9,2025-03-15,7.7,16.2,-0.6,0.00,0.00,0.00,0.0,41666.63,17.96,11.1,19.8,54,2.72,1.1,66,89,38,0.298,0.311,0.276,5.8,0.9,2.6,0,0,1009.2
9,2025-03-16,10.7,20.0,2.6,0.00,0.00,0.00,0.0,39600.00,17.53,11.9,25.2,151,3.08,3.7,65,89,38,0.287,0.307,0.276,8.0,1.0,5.0,3,50,1007.4
9,2025-03-17,14.3,23.8,7.2,0.00,0.00,0.00,0.0,42110.22,18.45,15.3,31.3,173,4.02,3.6,52,73,25,0.270,0.301,0.273,10.5,1.2,7.3,3,23,1004.2
9,2025-03-18,14.4,24.1,6.1,0.00,0.00,0.00,0.0,42187.03,18.67,14.1,22.3,111,3.95,4.1,53,71,29,0.251,0.295,0.271,11.4,1.5,8.5,3,44,1001.3
9,2025-03-19,15.6,26.8,6.6,0.00,0.00,0.00,0.0,42263.65,19.30,14.7,25.2,127,4.32,4.7,52,76,25,0.234,0.288,0.269,12.1,1.9,9.2,3,23,997.8
9,2025-03-20,18.9,29.5,10.6,0.00,0.00,0.00,0.0,42340.09,18.61,24.1,43.9,184,5.67,4.3,40,54,21,0.215,0.281,0.266,14.0,2.6,10.6,3,75,996.5
9,2025-03-21,10.6,16.7,7.4,4.40,4.40,0.00,8.0,1657.93,5.07,17.9,29.2,358,1.22,6.4,76,88,54,0.227,0.277,0.265,11.1,3.9,10.7,53,100,1004.0
9,2025-03-22,8.4,12.4,5.0,0.00,0.00,0.00,0.0,27847.54,10.68,22.4,42.5,40,1.96,3.3,71,86,58,0.258,0.278,0.266,8.6,4.6,7.9,3,91,1004.0
9,2025-03-23,8.7,12.5,5.0,0.60,0.60,0.00,2.0,28549.67,12.37,23.3,41.8,33,2.45,2.0,63,75,51,0.256,0.280,0.267,8.6,4.9,7.7,51,98,1001.6
9,2025-03-24,6.5,8.5,3.8,2.50,2.50,0.00,8.0,1735.15,5.37,21.0,37.8,28,1.33,1.9,73,89,63,0.277,0.281,0.267,7.3,5.2,7.2,53,99,1003.7
9,2025-03-25,4.8,8.4,0.9,0.00,0.00,0.00,0.0,34868.45,16.36,32.1,57.2,62,2.58,-2.6,59,76,46,0.277,0.283,0.268,6.5,5.3,6.1,3,99,1009.7
9,2025-03-26,4.3,7.6,1.1,0.30,0.30,0.00,3.0,27171.09,13.98,34.5,63.4,80,2.83,-5.3,51,65,37,0.271,0.284,0.269,5.4,5.2,5.6,51,90,1009.0
9,2025-03-27,2.6,4.5,0.6,0.50,0.50,0.00,5.0,18921.91,11.32,23.6,42.1,70,1.78,-4.5,60,87,47,0.262,0.284,0.269,4.5,5.1,4.9,51,83,1005.4
9,2025-03-28,6.3,13.3,-0.8,0.00,0.00,0.00,0.0,19339.67,12.78,14.5,30.2,193,2.03,0.3,68,91,43,0.258,0.284,0.269,5.7,4.9,4.8,3,94,1007.3
9,2025-03-29,10.9,16.8,5.8,0.30,0.30,0.00,3.0,38278.80,15.29,9.7,21.2,154,2.77,2.4,58,80,35,0.248,0.283,0.268,9.3,5.0,6.9,51,94,1009.8
9,2025-03-30,10.5,16.5,3.9,0.00,0.00,0.00,0.0,43735.06,20.76,15.6,32.4,66,3.51,1.6,58,87,31,0.238,0.281,0.268,10.3,5.3,8.5,2,9,1011.7
9,2025-03-31,10.7,18.3,3.3,0.00,0.00,0.00,0.0,44403.81,21.62,16.2,34.2,79,3.99,-0.6,49,74,25,0.221,0.278,0.267,10.2,5.7,8.9,3,16,1009.6
9,2025-04-01,12.7,21.0,4.5,0.00,0.00,0.00,0.0,44704.78,21.63,20.4,42.1,70,4.53,0.5,48,75,22,0.202,0.274,0.266,11.4,6.1,9.6,0,1,1005.8
9,2025-04-02,15.4,22.4,8.4,0.00,0.00,0.00,0.0,44975.88,21.51,22.7,44.3,80,5.19,2.3,44,67,25,0.185,0.269,0.264,13.7,6.5,11.1,3,40,1003.1
9,2025-04-03,17.8,27.1,7.7,0.00,0.00,0.00,0.0,43953.26,21.74,22.0,36.4,148,5.56,3.0,42,71,19,0.171,0.264,0.263,15.6,7.2,12.5,3,43,995.8
9,2025-04-04,19.9,23.5,13.2,0.00,0.00,0.00,0.0,43570.89,20.56,43.3,78.5,232,6.77,5.3,39,66,28,0.163,0.259,0.262,18.4,8.0,15.1,3,46,989.7
9,2025-04-05,16.3,23.0,10.0,0.00,0.00,0.00,0.0,45143.15,20.59,11.1,20.2,36,4.00,6.1,54,79,30,0.158,0.255,0.260,16.7,8.7,14.6,3,26,1000.4
9,2025-04-06,17.3,24.7,10.0,1.40,1.40,0.00,5.0,30192.57,16.88,21.2,38.5,135,4.44,7.1,54,73,29,0.160,0.251,0.259,16.6,9.3,14.7,53,87,996.9
9,2025-04-07,17.9,22.6,15.2,0.00,0.00,0.00,0.0,46037.06,21.38,34.7,64.4,243,4.88,9.6,60,91,40,0.178,0.250,0.259,17.2,9.9,15.3,2,11,996.4
9,2025-04-08,17.2,24.4,9.9,0.00,0.00,0.00,0.0,46146.33,22.63,16.2,28.8,283,4.64,6.6,53,82,29,0.164,0.247,0.259,17.3,10.3,15.2,2,12,1003.5
9,2025-04-09,18.9,26.3,11.5,0.00,0.00,0.00,0.0,46255.04,21.95,12.9,26.6,91,4.94,6.0,46,73,26,0.155,0.244,0.258,18.2,10.7,15.6,3,67,1003.5
9,2025-04-10,21.2,28.7,14.1,0.00,0.00,0.00,0.0,46342.76,21.93,15.9,33.1,124,6.01,4.4,36,55,20,0.151,0.242,0.257,19.5,11.2,16.8,3,44,999.3
9,2025-04-11,22.1,31.1,13.0,0.00,0.00,0.00,0.0,46470.31,23.27,18.6,37.1,136,6.60,4.5,34,53,18,0.154,0.240,0.258,20.0,11.7,17.7,3,52,991.8
9,2025-04-12,20.5,25.7,15.9,0.00,0.00,0.00,0.0,36994.11,19.90,21.7,38.2,344,5.54,8.5,47,65,27,0.152,0.238,0.258,20.5,12.3,18.5,3,81,992.4
9,2025-04-13,14.2,16.3,12.2,6.00,6.00,0.00,9.0,18006.81,9.28,19.9,34.9,350,1.87,10.8,80,94,62,0.202,0.238,0.258,16.4,12.7,17.2,61,88,994.9
9,2025-04-14,14.9,21.2,9.1,0.00,0.00,0.00,0.0,46786.09,23.21,12.5,23.8,306,4.05,8.2,67,92,41,0.221,0.239,0.258,16.6,12.8,15.4,3,31,1006.7
9,2025-04-15,13.9,19.5,8.4,0.00,0.00,0.00,0.0,46800.00,24.28,25.0,42.1,354,4.75,3.9,54,82,34,0.206,0.239,0.258,16.0,12.8,15.3,3,20,1007.5
9,2025-04-16,12.7,19.9,5.3,0.00,0.00,0.00,0.0,46800.00,24.63,23.5,46.1,47,4.77,2.6,55,85,29,0.193,0.238,0.258,14.5,12.7,14.3,3,37,1006.8
9,2025-04-17,14.8,20.7,8.9,0.00,0.00,0.00,0.0,36923.42,19.56,24.0,46.4,25,4.90,2.5,45,62,29,0.183,0.237,0.257,15.2,12.5,14.4,3,89,1001.0
9,2025-04-18,13.2,18.6,7.6,0.00,0.00,0.00,0.0,46800.00,24.27,22.8,39.6,25,5.17,-0.6,41,56,23,0.176,0.236,0.257,15.2,12.4,14.5,3,56,1004.5
9,2025-04-19,14.7,22.4,4.9,0.00,0.00,0.00,0.0,44021.30,22.53,19.6,34.9,341,4.53,1.9,44,70,27,0.168,0.235,0.257,15.4,12.3,14.3,2,13,1005.5
9,2025-04-20,17.4,24.1,9.8,0.00,0.00,0.00,0.0,46800.00,24.78,15.8,31.0,67,5.43,2.6,40,66,21,0.160,0.233,0.257,17.2,12.3,15.3,1,5,1006.4
9,2025-04-21,18.2,24.9,10.7,0.00,0.00,0.00,0.0,46800.00,23.98,23.4,43.6,69,6.02,0.9,33,52,20,0.152,0.231,0.256,18.0,12.5,16.2,2,24,1006.4
9,2025-04-22,19.8,26.7,11.5,0.00,0.00,0.00,0.0,46800.00,24.29,15.0,32.8,55,6.01,3.1,35,55,21,0.149,0.229,0.256,19.2,12.8,17.0,2,28,1006.3
9,2025-04-23,20.5,28.0,11.5,0.00,0.00,0.00,0.0,46800.00,24.63,10.2,19.1,54,5.39,4.4,37,62,21,0.146,0.227,0.255,20.6,13.1,18.0,3,15,1004.8
9,2025-04-24,21.6,28.7,12.5,0.00,0.00,0.00,0.0,43200.00,24.30,14.8,27.4,94,6.08,5.5,38,64,22,0.150,0.226,0.255,21.1,13.5,18.7,3,48,1001.9
9,2025-04-25,23.0,30.6,15.6,0.00,0.00,0.00,0.0,45170.41,23.08,18.0,37.4,117,6.42,5.5,34,49,19,0.153,0.226,0.256,21.7,14.0,19.7,3,77,995.7
9,2025-04-26,24.4,33.8,13.9,0.00,0.00,0.00,0.0,37981.51,21.43,16.8,33.1,186,6.35,7.0,36,61,18,0.147,0.223,0.255,22.3,14.4,19.8,3,62,991.9
9,2025-04-27,25.8,31.5,20.1,0.00,0.00,0.00,0.0,46828.50,25.37,22.6,37.4,276,7.10,8.6,35,46,22,0.144,0.223,0.256,25.2,14.9,21.9,3,35,993.3
9,2025-04-28,25.7,32.1,20.7,0.00,0.00,0.00,0.0,39863.33,24.00,21.1,41.4,307,7.69,8.0,33,42,24,0.143,0.224,0.257,25.0,15.6,22.4,3,62,995.0
9,2025-04-29,14.8,21.6,10.9,0.40,0.40,0.00,3.0,43664.12,18.24,30.0,55.8,353,5.04,-0.4,37,62,24,0.152,0.224,0.258,19.1,16.1,20.7,51,72,1006.6
9,2025-04-30,12.4,15.8,9.1,0.30,0.30,0.00,3.0,18351.82,12.95,25.1,47.9,43,4.30,-3.0,35,46,25,0.167,0.226,0.260,14.8,15.9,16.4,51,69,1010.0
9,2025-05-01,17.2,25.1,9.3,0.00,0.00,0.00,0.0,47034.22,25.40,20.6,39.2,37,6.06,1.3,35,45,25,0.166,0.225,0.259,17.2,15.5,15.8,3,11,1003.2
9,2025-05-02,18.8,25.4,11.1,0.00,0.00,0.00,0.0,47345.03,26.56,16.4,32.0,12,6.50,1.0,32,48,20,0.157,0.224,0.259,19.3,15.2,17.5,0,0,1005.8
9,2025-05-03,21.4,30.6,12.8,0.00,0.00,0.00,0.0,47657.71,26.95,20.9,36.4,87,7.16,3.5,33,47,18,0.160,0.223,0.259,20.7,15.3,18.6,3,23,1002.6
9,2025-05-04,24.4,34.2,12.5,0.00,0.00,0.00,0.0,45115.48,25.56,20.3,36.7,341,6.87,6.2,35,61,16,0.151,0.223,0.259,22.4,15.5,19.7,3,29,996.3
9,2025-05-05,22.8,29.7,15.5,0.00,0.00,0.00,0.0,47596.28,26.45,18.6,36.0,26,7.44,3.6,31,51,15,0.140,0.219,0.258,23.3,15.8,21.2,2,10,999.9
9,2025-05-06,24.8,32.7,16.6,0.00,0.00,0.00,0.0,46823.85,23.62,21.0,41.0,73,7.95,3.5,27,44,14,0.139,0.217,0.257,23.5,16.2,21.4,3,73,995.8
9,2025-05-07,25.8,33.3,17.6,0.00,0.00,0.00,0.0,46800.00,26.09,20.2,39.2,64,8.44,3.2,25,40,13,0.139,0.215,0.256,24.7,16.6,22.4,3,54,989.2
9,2025-05-08,24.6,32.1,15.4,0.00,0.00,0.00,0.0,44750.94,19.86,22.4,37.4,269,6.45,7.1,34,53,22,0.135,0.213,0.256,24.0,17.1,22.5,3,50,988.2
9,2025-05-09,22.3,27.4,16.9,0.10,0.10,0.00,1.0,47476.10,21.69,22.6,43.9,253,5.77,10.8,49,65,37,0.132,0.213,0.255,23.4,17.4,22.4,51,26,994.5
9,2025-05-10,23.2,30.3,14.2,0.00,0.00,0.00,0.0,48379.87,24.20,19.8,40.7,276,6.38,9.0,43,66,25,0.129,0.212,0.255,23.5,17.6,21.9,3,35,1000.2
9,2025-05-11,24.3,31.4,15.0,0.00,0.00,0.00,0.0,48318.80,26.46,13.6,29.9,360,6.91,7.2,36,57,21,0.125,0.210,0.254,24.7,17.8,22.3,1,7,1001.5
9,2025-05-12,25.5,33.3,16.0,0.00,0.00,0.00,0.0,48610.76,27.13,19.9,39.6,71,8.01,5.4,30,53,16,0.127,0.208,0.253,25.1,18.1,23.0,0,0,998.2
9,2025-05-13,27.8,36.7,17.4,0.00,0.00,0.00,0.0,49258.91,27.10,15.0,24.8,71,7.20,6.1,27,43,14,0.125,0.207,0.253,27.0,18.4,24.1,1,8,993.0
9,2025-05-14,29.1,39.3,16.5,0.00,0.00,0.00,0.0,49203.09,27.34,12.1,19.1,87,7.21,6.6,28,50,12,0.125,0.205,0.252,28.0,18.8,25.0,0,0,991.4
9,2025-05-15,31.8,41.1,21.1,0.00,0.00,0.00,0.0,43985.57,26.61,13.6,28.4,134,8.47,6.0,22,36,10,0.127,0.204,0.252,29.6,19.3,26.2,3,26,993.8
9,2025-05-16,32.7,41.8,22.6,0.00,0.00,0.00,0.0,48028.04,25.33,18.5,33.1,155,8.85,6.0,21,33,10,0.125,0.202,0.250,30.5,19.9,27.4,3,49,991.6
9,2025-05-17,25.0,29.8,18.2,0.30,0.30,0.00,3.0,31964.92,16.40,28.9,51.5,282,6.55,11.4,44,62,26,0.134,0.204,0.252,27.4,20.5,27.4,51,74,992.1
9,2025-05-18,20.3,26.2,15.3,0.00,0.00,0.00,0.0,48849.52,25.31,24.8,47.5,295,5.83,9.1,53,84,27,0.145,0.208,0.255,23.2,20.8,24.3,3,30,998.6
9,2025-05-19,21.3,27.6,14.3,0.00,0.00,0.00,0.0,49299.76,27.57,17.4,34.9,62,6.91,4.9,37,57,20,0.140,0.209,0.255,23.1,20.6,22.7,2,15,1002.8
9,2025-05-20,22.6,30.2,13.8,0.00,0.00,0.00,0.0,51405.14,27.70,16.0,31.7,66,6.71,4.0,32,50,16,0.136,0.208,0.255,23.8,20.4,22.8,2,9,999.1
9,2025-05-21,27.3,35.4,16.8,0.00,0.00,0.00,0.0,49493.17,24.48,24.7,41.8,121,8.13,6.1,29,52,16,0.130,0.208,0.255,25.4,20.3,23.4,3,53,996.1
9,2025-05-22,26.7,31.1,21.8,0.00,0.00,0.00,0.0,51084.61,27.49,29.1,54.7,279,9.69,6.4,28,36,21,0.126,0.207,0.254,27.1,20.4,25.4,2,6,993.2
9,2025-05-23,21.0,26.3,14.4,0.60,0.60,0.00,1.0,51258.33,26.85,29.6,55.8,292,6.90,5.4,37,56,25,0.135,0.207,0.255,23.8,20.6,24.4,53,6,998.2
9,2025-05-24,22.2,28.9,13.0,0.00,0.00,0.00,0.0,48933.94,20.55,11.9,27.4,291,5.48,6.0,38,57,22,0.134,0.207,0.255,22.9,20.6,22.7,3,37,998.6
9,2025-05-25,23.4,29.8,15.5,0.00,0.00,0.00,0.0,44334.31,20.84,22.3,36.7,338,6.18,6.5,36,62,21,0.130,0.206,0.254,23.7,20.4,22.6,3,74,995.9
9,2025-05-26,18.2,23.0,13.0,0.00,0.00,0.00,0.0,52388.49,28.36,20.3,40.7,10,6.55,2.4,36,54,25,0.135,0.206,0.254,21.8,20.3,22.2,0,0,1001.7
9,2025-05-27,21.5,27.1,15.0,0.00,0.00,0.00,0.0,51441.27,27.40,36.3,66.6,63,9.12,1.0,27,39,15,0.136,0.205,0.254,22.3,20.1,21.6,3,63,1002.5
9,2025-05-28,23.0,28.4,17.0,0.00,0.00,0.00,0.0,46344.05,23.89,30.1,56.2,65,8.42,2.9,28,41,16,0.132,0.204,0.253,23.3,20.0,22.2,3,90,1000.6
9,2025-05-29,25.2,31.4,17.0,0.20,0.20,0.00,1.0,51874.02,26.59,28.5,53.3,50,9.22,4.8,28,41,18,0.123,0.202,0.251,25.0,19.9,22.9,51,31,996.3
9,2025-05-30,26.2,31.2,19.9,0.00,0.00,0.00,0.0,50021.92,27.74,29.7,56.2,58,9.82,4.2,25,36,16,0.124,0.201,0.250,26.4,20.1,24.4,3,52,996.0
9,2025-05-31,26.5,32.2,19.5,0.00,0.00,0.00,0.0,52693.83,28.02,21.4,42.1,36,8.71,7.1,31,47,18,0.127,0.200,0.249,26.9,20.4,24.9,0,0,999.2
9,2025-06-01,27.0,34.1,18.4,0.00,0.00,0.00,0.0,53053.21,28.51,16.1,33.5,38,8.22,4.9,26,41,14,0.126,0.199,0.248,27.6,20.7,25.4,0,0,1000.5
9,2025-06-02,28.1,36.1,17.0,0.00,0.00,0.00,0.0,52916.58,28.33,11.3,23.4,354,6.74,6.3,28,46,14,0.125,0.199,0.248,28.5,21.0,25.9,3,7,996.8
9,2025-06-03,30.0,38.0,20.0,0.00,0.00,0.00,0.0,51523.72,27.30,10.7,25.6,161,7.51,6.5,26,45,12,0.123,0.200,0.248,29.2,21.3,26.8,3,47,992.2
9,2025-06-04,31.1,37.4,23.5,0.00,0.00,0.00,0.0,36334.40,19.51,22.3,46.4,75,7.68,6.1,22,35,13,0.125,0.201,0.249,29.8,21.8,27.6,3,97,989.1
9,2025-06-05,29.9,36.3,23.0,0.00,0.00,0.00,0.0,47953.15,24.11,22.4,37.4,34,9.14,7.8,26,37,18,0.125,0.200,0.249,29.9,22.2,27.9,3,80,989.5
9,2025-06-06,29.7,34.7,26.1,0.00,0.00,0.00,0.0,31228.67,17.52,23.6,42.1,119,8.71,7.0,24,30,18,0.122,0.199,0.247,29.9,22.6,28.0,3,76,987.2
9,2025-06-07,27.7,33.4,22.8,0.10,0.10,0.00,1.0,52089.64,25.74,27.7,50.4,245,9.17,8.6,31,41,21,0.119,0.197,0.245,29.0,22.9,27.7,51,13,992.2
9,2025-06-08,26.4,32.4,19.3,0.00,0.00,0.00,0.0,51274.35,27.94,18.6,36.7,282,7.92,9.0,35,51,22,0.115,0.196,0.244,28.3,23.1,27.3,2,3,998.1
9,2025-06-09,24.9,29.4,19.1,0.00,0.00,0.00,0.0,48497.95,21.33,18.3,33.5,331,6.21,11.5,45,64,31,0.114,0.196,0.244,27.6,23.2,27.1,3,69,997.5
9,2025-06-10,24.4,30.0,18.5,0.00,0.00,0.00,0.0,51377.10,24.16,17.0,29.2,276,6.26,10.7,44,67,28,0.122,0.200,0.247,27.0,23.3,26.7,2,27,996.0
9,2025-06-11,24.3,30.9,17.2,1.70,1.70,0.00,2.0,49029.13,23.98,16.7,34.6,216,5.80,11.8,47,66,28,0.126,0.202,0.248,26.6,23.3,26.3,61,23,995.7
9,2025-06-12,26.8,33.3,18.3,0.00,0.00,0.00,0.0,52747.43,28.04,11.1,27.0,259,6.96,10.8,41,71,20,0.126,0.200,0.246,27.9,23.3,26.3,0,3,996.3
9,2025-06-13,28.3,35.4,19.6,0.00,0.00,0.00,0.0,52737.31,27.37,14.2,28.4,302,7.41,9.2,33,54,18,0.115,0.199,0.245,29.2,23.4,27.2,2,13,996.3
9,2025-06-14,29.6,36.8,20.3,0.00,0.00,0.00,0.0,53075.58,27.98,22.2,45.0,351,8.91,9.6,31,49,18,0.116,0.200,0.246,29.9,23.6,28.1,0,1,996.1
9,2025-06-15,30.9,38.5,21.1,0.00,0.00,0.00,0.0,52470.71,27.45,15.2,33.5,45,7.96,10.0,30,53,17,0.119,0.199,0.245,31.2,23.8,28.9,1,7,993.8
9,2025-06-16,32.6,39.8,23.6,0.00,0.00,0.00,0.0,52436.58,25.48,15.9,17.6,301,6.62,9.8,27,49,14,0.113,0.197,0.244,32.3,24.2,29.7,1,4,990.5
9,2025-06-17,33.4,41.7,23.9,0.00,0.00,0.00,0.0,52737.84,26.78,15.2,25.6,4,7.44,9.6,25,43,12,0.119,0.198,0.245,33.6,24.6,30.9,2,11,986.8
9,2025-06-18,32.4,37.7,26.0,0.00,0.00,0.00,0.0,52403.93,24.85,21.6,41.8,237,10.01,9.9,26,34,19,0.123,0.201,0.246,32.6,25.1,31.3,3,39,985.7
9,2025-06-19,27.8,32.2,23.0,0.00,0.00,0.00,0.0,52072.30,28.39,20.9,38.9,294,8.84,8.1,30,40,19,0.123,0.203,0.248,30.9,25.5,30.5,2,17,990.4
9,2025-06-20,25.8,31.4,18.4,0.00,0.00,0.00,0.0,52789.01,27.93,28.3,54.4,264,8.19,8.1,34,48,23,0.124,0.205,0.249,28.1,25.6,28.6,0,4,993.2
9,2025-06-21,28.3,35.4,18.9,0.00,0.00,0.00,0.0,53167.64,27.12,9.5,22.3,287,6.60,9.9,34,52,21,0.124,0.204,0.249,29.8,25.5,28.3,2,13,994.4
9,2025-06-22,30.6,37.3,23.0,0.00,0.00,0.00,0.0,52848.76,27.35,11.8,25.2,9,7.51,9.8,30,46,17,0.121,0.202,0.248,31.8,25.5,29.5,2,18,991.7
9,2025-06-23,26.7,31.1,22.1,0.00,0.00,0.00,0.0,52529.23,26.55,22.6,42.5,342,7.88,9.1,34,47,19,0.131,0.205,0.250,29.3,25.7,29.7,2,29,991.9
9,2025-06-24,25.2,32.0,19.2,0.60,0.60,0.00,2.0,51486.27,20.58,15.1,29.9,33,6.42,7.7,34,44,22,0.134,0.205,0.250,27.0,25.7,27.7,51,32,990.4
9,2025-06-25,23.5,31.6,17.7,0.60,0.60,0.00,2.0,47985.19,21.26,28.3,51.8,349,5.87,10.5,46,66,25,0.138,0.206,0.251,26.6,25.5,27.1,51,19,989.5
9,2025-06-26,22.6,29.4,14.6,0.00,0.00,0.00,0.0,53031.79,28.63,18.1,37.4,293,6.87,9.1,47,82,25,0.140,0.207,0.252,25.4,25.2,26.0,0,0,994.5
9,2025-06-27,25.7,32.6,16.2,0.00,0.00,0.00,0.0,53465.83,28.19,8.0,18.0,283,6.14,8.6,36,59,22,0.132,0.204,0.249,27.8,24.9,26.4,0,0,994.0
9,2025-06-28,26.4,34.1,18.5,0.00,0.00,0.00,0.0,53487.65,25.28,31.0,58.0,252,8.23,8.6,35,56,19,0.126,0.200,0.247,27.5,24.9,27.2,2,11,987.7
9,2025-06-29,24.1,30.3,16.8,0.00,0.00,0.00,0.0,52749.36,27.08,22.9,45.0,272,7.34,8.4,38,56,25,0.126,0.201,0.247,26.5,24.8,26.6,2,9,987.9
9,2025-06-30,24.2,30.9,15.8,0.00,0.00,0.00,0.0,53136.41,27.75,15.8,32.0,309,6.99,7.9,37,61,22,0.126,0.202,0.249,26.7,24.7,26.4,3,36,988.0
9,2025-07-01,26.4,33.8,16.8,0.00,0.00,0.00,0.0,53148.99,27.75,10.5,23.4,359,6.97,9.6,37,61,22,0.123,0.202,0.249,28.3,24.6,26.8,3,19,990.7
9,2025-07-02,30.0,37.5,20.9,0.00,0.00,0.00,0.0,53161.93,28.56,16.5,34.9,44,8.58,8.8,30,49,15,0.121,0.200,0.247,30.1,24.7,28.1,0,0,991.9
9,2025-07-03,33.3,41.4,23.4,0.00,0.00,0.00,0.0,53175.23,28.47,15.4,28.8,103,9.11,8.2,23,38,13,0.123,0.199,0.246,32.5,25.0,29.8,3,14,989.2
9,2025-07-04,33.7,41.4,28.1,0.00,0.00,0.00,0.0,52014.37,26.22,26.0,45.0,325,10.35,8.8,22,29,13,0.124,0.199,0.246,33.7,25.5,31.4,3,37,987.6
9,2025-07-05,28.8,33.8,23.6,0.00,0.00,0.00,0.0,52456.73,28.31,21.5,40.0,345,9.16,8.3,28,37,21,0.127,0.199,0.245,31.3,25.9,30.7,2,15,991.6
9,2025-07-06,28.4,33.9,21.4,0.00,0.00,0.00,0.0,49244.12,25.62,18.8,38.5,15,8.58,8.1,29,43,19,0.124,0.198,0.244,30.1,26.1,29.6,3,29,991.5
9,2025-07-07,30.2,36.5,21.8,0.00,0.00,0.00,0.0,44366.92,26.02,19.6,40.0,5,8.58,9.0,28,41,18,0.122,0.197,0.243,30.8,26.3,29.6,3,36,990.3
9,2025-07-08,30.5,36.0,24.4,0.00,0.00,0.00,0.0,52874.65,27.69,19.7,36.4,7,9.48,8.9,27,37,19,0.123,0.196,0.242,32.0,26.4,30.3,1,14,990.2
9,2025-07-09,27.4,32.7,20.6,0.00,0.00,0.00,0.0,52890.92,28.72,25.6,48.2,356,9.75,6.3,27,39,17,0.123,0.195,0.241,30.0,26.6,30.0,0,0,990.9
9,2025-07-10,26.9,32.7,20.2,0.00,0.00,0.00,0.0,52537.27,28.13,27.2,52.9,1,9.57,5.3,27,42,15,0.123,0.194,0.240,29.0,26.6,29.1,3,14,994.1
9,2025-07-11,27.5,34.0,17.9,0.00,0.00,0.00,0.0,52555.26,28.67,11.5,28.1,27,7.41,6.7,29,51,16,0.122,0.195,0.240,29.5,26.6,28.7,0,1,997.2
9,2025-07-12,29.3,36.6,19.3,0.00,0.00,0.00,0.0,52573.78,28.49,11.5,27.7,32,7.49,8.3,29,49,17,0.119,0.194,0.239,30.3,26.6,29.1,0,1,995.3
9,2025-07-13,30.7,37.2,23.8,0.00,0.00,0.00,0.0,52224.20,28.20,20.9,43.6,4,9.20,9.8,29,40,18,0.120,0.193,0.238,31.7,26.7,30.3,0,2,991.9
9,2025-07-14,28.7,34.1,22.6,0.00,0.00,0.00,0.0,52244.41,28.98,21.7,38.9,4,9.53,5.4,24,32,14,0.123,0.192,0.237,31.0,26.9,30.4,0,0,990.6
9,2025-07-15,28.6,35.8,19.4,0.00,0.00,0.00,0.0,52265.05,28.47,13.0,25.6,35,7.45,6.5,26,39,16,0.130,0.193,0.236,30.3,27.0,29.8,0,1,989.6
9,2025-07-16,29.5,36.0,21.9,0.00,0.00,0.00,0.0,51919.54,27.96,22.1,39.6,265,8.95,8.1,28,41,17,0.129,0.195,0.237,30.7,27.0,30.1,2,9,988.9
9,2025-07-17,30.7,38.6,20.0,0.00,0.00,0.00,0.0,51941.69,27.86,14.4,24.1,320,7.27,9.1,29,48,16,0.131,0.197,0.239,31.8,27.2,30.4,2,6,991.4
9,2025-07-18,35.0,42.6,26.9,0.00,0.00,0.00,0.0,48450.65,25.34,16.4,32.4,235,9.21,9.6,23,32,13,0.126,0.196,0.239,34.3,27.4,31.9,1,20,989.8
9,2025-07-19,32.7,38.0,26.3,0.00,0.00,0.00,0.0,50894.14,26.64,29.1,53.3,24,11.06,10.1,26,37,17,0.122,0.194,0.237,33.9,27.7,32.5,3,18,988.7
9,2025-07-20,29.0,34.0,23.7,0.00,0.00,0.00,0.0,51283.15,28.92,28.5,54.4,28,11.12,5.5,24,39,14,0.123,0.193,0.236,31.6,28.0,31.5,0,0,993.2
9,2025-07-21,30.4,37.4,22.7,0.00,0.00,0.00,0.0,51308.12,28.68,27.8,52.9,46,11.37,3.4,19,30,11,0.123,0.192,0.235,31.5,28.1,30.8,0,0,993.3
9,2025-07-22,31.5,39.4,21.6,0.00,0.00,0.00,0.0,51333.32,29.04,29.6,55.4,54,11.85,3.4,18,29,9,0.119,0.191,0.233,31.8,28.1,30.9,0,0,991.7
9,2025-07-23,31.8,39.4,23.1,0.00,0.00,0.00,0.0,51358.68,28.43,22.9,45.0,41,10.23,5.2,20,32,11,0.116,0.190,0.232,32.7,28.2,31.6,1,2,986.9
9,2025-07-24,32.3,40.5,22.0,0.00,0.00,0.00,0.0,51023.88,27.85,15.7,27.4,317,8.39,7.3,23,37,12,0.120,0.191,0.232,33.5,28.3,31.9,0,0,984.1
9,2025-07-25,30.4,36.2,22.4,0.10,0.10,0.00,1.0,50690.79,25.24,20.9,42.1,296,8.33,11.0,32,48,20,0.127,0.195,0.235,32.2,28.5,32.1,51,7,984.3
9,2025-07-26,29.4,35.8,22.7,0.10,0.10,0.00,1.0,50718.14,22.09,26.3,51.1,257,8.05,11.0,33,46,20,0.128,0.198,0.237,30.8,28.6,31.0,51,32,984.1
9,2025-07-27,26.8,32.9,20.3,0.00,0.00,0.00,0.0,50400.00,24.76,20.6,40.3,275,7.47,11.0,39,59,24,0.126,0.198,0.237,29.6,28.5,30.2,2,8,988.0
9,2025-07-28,24.4,30.2,17.4,0.00,0.00,0.00,0.0,41979.59,22.91,19.6,40.0,279,6.70,7.0,34,49,21,0.127,0.203,0.241,27.3,28.4,28.9,3,61,987.9
9,2025-07-29,24.9,32.2,15.9,0.00,0.00,0.00,0.0,50446.21,24.74,27.1,51.1,263,7.59,8.0,37,59,19,0.128,0.205,0.244,27.3,28.0,28.0,3,20,987.1
9,2025-07-30,25.0,31.1,17.4,0.00,0.00,0.00,0.0,41028.71,23.41,16.1,28.8,304,6.15,10.0,42,65,23,0.128,0.204,0.243,27.7,27.7,27.9,3,20,987.9
9,2025-07-31,26.9,33.7,18.2,0.00,0.00,0.00,0.0,43868.81,22.29,12.0,23.0,285,5.86,9.4,36,62,19,0.127,0.205,0.245,28.4,27.5,28.0,3,46,987.7
9,2025-08-01,23.5,27.8,17.1,2.40,2.40,0.00,4.0,47040.64,21.11,20.3,40.3,327,5.39,12.7,53,83,38,0.147,0.208,0.248,26.5,27.3,27.9,61,45,987.8
9,2025-08-02,25.4,31.3,18.6,0.00,0.00,0.00,0.0,49958.56,23.69,17.1,34.9,314,6.39,13.8,50,70,33,0.145,0.206,0.247,27.1,27.1,27.3,1,10,993.5
9,2025-08-03,27.7,33.6,20.6,0.00,0.00,0.00,0.0,48594.18,25.86,17.7,34.9,3,7.75,11.3,39,60,23,0.134,0.202,0.245,29.0,26.9,28.0,2,12,995.7
9,2025-08-04,27.0,31.9,21.6,0.00,0.00,0.00,0.0,50091.88,26.49,23.0,44.6,28,9.10,6.4,28,44,17,0.129,0.200,0.243,28.9,26.9,28.6,0,0,997.9
9,2025-08-05,25.8,32.9,18.2,0.00,0.00,0.00,0.0,50010.91,26.77,23.7,46.1,33,9.08,4.8,27,37,21,0.131,0.198,0.242,27.6,26.9,28.0,0,0,998.7
9,2025-08-06,26.4,33.3,18.6,0.00,0.00,0.00,0.0,48691.29,24.75,17.8,32.4,32,7.90,3.4,24,34,14,0.133,0.197,0.241,28.0,26.9,27.9,3,25,996.9
9,2025-08-07,28.2,34.5,21.6,0.00,0.00,0.00,0.0,48725.13,21.74,14.5,29.9,1,6.81,11.8,38,57,23,0.133,0.197,0.242,28.9,26.8,28.1,3,36,993.7
9,2025-08-08,29.8,36.8,21.7,0.00,0.00,0.00,0.0,49103.62,23.60,14.1,23.4,23,6.45,11.6,34,55,21,0.131,0.197,0.241,30.6,26.9,29.1,1,6,992.6
9,2025-08-09,30.2,37.0,20.7,0.00,0.00,0.00,0.0,48451.64,21.37,17.9,37.4,320,7.44,11.9,34,52,21,0.125,0.196,0.240,30.5,27.1,29.8,3,25,993.0
9,2025-08-10,29.9,36.1,24.1,0.00,0.00,0.00,0.0,48488.18,23.31,12.1,27.4,357,6.77,12.2,35,49,23,0.120,0.195,0.240,31.6,27.3,30.4,1,10,994.3
9,2025-08-11,29.1,36.5,21.4,0.00,0.00,0.00,0.0,47158.73,24.05,36.5,60.8,348,7.25,11.1,35,62,21,0.121,0.196,0.241,31.4,27.5,30.6,2,14,993.2
9,2025-08-12,24.8,32.8,16.5,0.00,0.00,0.00,0.0,48222.14,25.34,18.9,33.1,321,6.66,10.3,45,76,20,0.126,0.198,0.242,28.4,27.7,29.7,0,0,996.6
9,2025-08-13,27.3,36.0,17.7,0.00,0.00,0.00,0.0,47240.62,24.62,19.6,31.3,284,7.07,8.4,33,55,18,0.127,0.198,0.243,28.9,27.7,28.6,1,7,994.1
9,2025-08-14,24.8,30.3,19.3,0.00,0.00,0.00,0.0,45321.85,22.44,26.7,49.7,275,7.45,8.2,36,48,24,0.131,0.198,0.243,27.4,27.6,28.8,3,15,993.1
9,2025-08-15,24.1,30.3,17.8,0.00,0.00,0.00,0.0,47324.40,20.61,21.7,42.5,258,6.39,8.9,40,54,25,0.132,0.199,0.243,26.1,27.5,27.5,2,12,993.0
9,2025-08-16,21.7,25.7,17.6,1.20,1.20,0.00,5.0,47367.46,19.93,27.2,49.7,271,5.36,9.3,46,57,34,0.141,0.202,0.246,24.4,27.2,26.4,51,28,990.5
9,2025-08-17,23.3,29.1,16.4,0.00,0.00,0.00,0.0,46800.00,18.44,19.7,37.8,265,5.73,8.7,41,59,28,0.144,0.203,0.246,24.5,26.9,25.5,2,25,993.7
9,2025-08-18,23.8,30.9,15.9,0.00,0.00,0.00,0.0,47119.54,24.43,10.1,20.2,345,5.77,8.3,40,64,21,0.139,0.203,0.247,26.0,26.5,25.8,2,4,998.4
9,2025-08-19,25.0,32.8,16.0,0.00,0.00,0.00,0.0,46829.81,24.48,9.7,24.8,40,6.18,7.3,36,64,18,0.134,0.201,0.246,26.3,26.3,26.2,0,0,996.2
9,2025-08-20,26.7,35.5,16.1,0.00,0.00,0.00,0.0,45814.42,23.53,17.3,37.1,302,6.76,7.4,32,53,16,0.135,0.200,0.246,27.3,26.2,26.8,0,2,991.1
9,2025-08-21,25.8,32.6,18.4,0.00,0.00,0.00,0.0,46800.00,24.24,15.1,28.8,328,6.71,7.9,35,57,19,0.134,0.200,0.246,27.7,26.2,27.6,0,0,992.5
9,2025-08-22,23.4,29.8,17.0,2.10,2.10,0.00,5.0,41077.32,21.01,18.8,39.6,33,6.02,8.5,41,72,24,0.135,0.199,0.245,26.2,26.3,27.0,55,34,993.4
9,2025-08-23,23.7,30.2,17.4,1.80,1.80,0.00,5.0,44208.46,20.63,21.0,41.4,28,5.88,11.7,52,86,26,0.169,0.199,0.245,25.4,26.2,26.0,53,31,993.7
9,2025-08-24,25.1,32.6,16.8,0.00,0.00,0.00,0.0,46800.00,23.32,19.6,39.2,56,6.68,9.0,39,64,21,0.152,0.198,0.245,25.9,26.1,25.8,0,0,996.9
9,2025-08-25,26.9,34.7,19.0,0.00,0.00,0.00,0.0,46800.00,23.41,24.7,47.5,65,7.91,7.6,31,48,17,0.144,0.197,0.243,26.7,26.0,26.4,0,0,996.4
9,2025-08-26,28.3,35.8,20.5,0.00,0.00,0.00,0.0,46800.00,23.25,24.6,46.8,66,8.74,7.7,29,42,19,0.137,0.196,0.242,27.8,26.0,27.3,0,0,997.0
9,2025-08-27,28.1,35.5,20.7,0.00,0.00,0.00,0.0,46800.00,23.36,26.9,50.4,68,9.12,5.9,26,39,15,0.136,0.195,0.241,28.1,26.2,28.0,0,0,997.6
9,2025-08-28,27.9,35.9,20.0,0.00,0.00,0.00,0.0,46774.63,23.08,27.2,51.1,56,8.66,6.0,26,37,17,0.131,0.194,0.240,28.1,26.3,27.9,0,0,997.0
9,2025-08-29,28.7,36.9,20.7,0.00,0.00,0.00,0.0,46704.28,22.43,21.2,37.4,16,8.15,6.8,26,38,15,0.129,0.193,0.240,28.8,26.5,28.1,0,0,996.9
9,2025-08-30,24.0,29.5,18.6,0.00,0.00,0.00,0.0,46633.99,22.85,22.4,45.7,346,7.87,3.8,28,36,18,0.134,0.193,0.239,26.7,26.6,27.8,0,0,1000.5
9,2025-08-31,20.4,25.7,14.6,0.00,0.00,0.00,0.0,46563.77,22.67,20.8,42.1,31,6.35,3.2,33,46,22,0.140,0.193,0.239,23.8,26.5,25.9,0,0,1004.6
9,2025-09-01,23.1,31.7,13.7,0.00,0.00,0.00,0.0,46493.64,21.82,16.2,31.3,355,6.04,5.2,33,48,21,0.141,0.193,0.239,24.2,26.2,24.9,0,0,998.5
9,2025-09-02,22.4,26.6,18.1,0.00,0.00,0.00,0.0,46423.60,21.54,24.7,46.4,37,6.90,5.9,36,56,22,0.137,0.193,0.238,24.6,26.0,25.4,0,0,997.8
9,2025-09-03,21.3,27.7,15.1,0.00,0.00,0.00,0.0,46353.69,22.16,29.0,54.0,65,7.67,2.9,31,43,20,0.144,0.193,0.238,23.1,25.8,24.5,0,0,1000.5
9,2025-09-04,23.7,31.9,16.6,0.00,0.00,0.00,0.0,46283.91,21.99,32.1,60.1,82,8.83,3.6,29,44,15,0.143,0.193,0.238,24.0,25.5,24.5,0,0,995.0
9,2025-09-05,24.6,33.0,17.0,0.00,0.00,0.00,0.0,46214.13,21.44,22.7,38.5,113,6.40,5.4,31,45,18,0.140,0.193,0.237,25.4,25.4,25.4,0,3,991.1
9,2025-09-06,23.7,30.9,17.5,0.00,0.00,0.00,0.0,44981.93,20.79,22.9,42.1,269,6.40,7.0,35,48,23,0.134,0.195,0.239,25.1,25.4,25.8,0,0,993.4
9,2025-09-07,21.2,27.8,13.9,0.00,0.00,0.00,0.0,45292.52,20.70,17.7,34.2,275,5.32,7.5,43,61,28,0.131,0.197,0.240,23.6,25.4,25.1,1,6,994.3
9,2025-09-08,20.8,27.0,14.4,0.00,0.00,0.00,0.0,44888.08,19.23,24.4,48.2,283,5.36,8.4,46,58,33,0.131,0.198,0.241,22.8,25.2,24.4,3,16,993.3
9,2025-09-09,19.6,25.9,13.5,0.00,0.00,0.00,0.0,44483.63,20.35,10.8,24.5,21,4.47,8.2,50,70,30,0.129,0.197,0.241,22.8,25.1,23.9,3,15,998.7
9,2025-09-10,20.1,27.4,11.4,0.00,0.00,0.00,0.0,44403.54,20.33,19.8,32.8,333,5.21,6.0,43,72,23,0.132,0.198,0.241,22.1,24.8,23.4,0,0,998.1
9,2025-09-11,17.1,22.9,11.0,0.00,0.00,0.00,0.0,43881.19,17.78,16.0,28.1,20,4.14,5.3,47,61,33,0.134,0.197,0.241,20.6,24.6,22.9,2,15,1001.0
9,2025-09-12,19.3,26.2,12.4,0.00,0.00,0.00,0.0,42349.58,18.00,23.2,43.2,42,5.63,4.8,41,62,24,0.135,0.196,0.241,20.6,24.3,22.0,3,55,998.6
9,2025-09-13,18.8,23.7,15.0,0.60,0.60,0.00,4.0,20519.33,11.74,23.1,44.6,45,4.80,5.6,43,52,30,0.135,0.196,0.240,20.6,24.0,22.0,51,67,999.4
9,2025-09-14,19.9,27.9,12.4,0.00,0.00,0.00,0.0,41558.22,18.95,20.9,41.8,53,5.04,5.5,40,55,26,0.136,0.195,0.240,21.0,23.7,21.8,0,2,1001.0
9,2025-09-15,17.1,22.0,13.7,1.20,1.20,0.00,4.0,29417.78,14.50,20.4,34.9,255,3.70,7.5,54,81,39,0.154,0.195,0.240,19.5,23.5,22.0,53,45,998.4
9,2025-09-16,13.1,17.7,8.6,0.10,0.10,0.00,1.0,4383.50,7.92,25.3,46.1,261,2.58,5.1,60,78,42,0.158,0.196,0.239,16.0,23.2,19.9,51,62,1000.4
9,2025-09-17,15.2,21.8,8.8,0.00,0.00,0.00,0.0,32900.70,14.76,24.4,46.8,255,3.90,3.9,49,69,29,0.155,0.196,0.239,16.7,22.7,18.8,3,44,1000.2
9,2025-09-18,14.9,20.2,9.2,0.00,0.00,0.00,0.0,35562.44,14.22,14.3,29.2,311,3.16,6.1,57,75,41,0.150,0.195,0.238,16.8,22.3,19.0,3,47,1000.3
9,2025-09-19,15.5,22.7,8.0,0.00,0.00,0.00,0.0,40121.60,18.30,13.2,27.7,22,3.73,6.2,57,84,34,0.146,0.195,0.238,17.6,21.9,19.2,1,2,1002.4
9,2025-09-20,17.9,25.0,10.7,0.00,0.00,0.00,0.0,39855.10,18.32,26.3,50.0,70,5.50,4.5,44,64,26,0.144,0.194,0.237,18.6,21.7,19.5,3,21,999.0
9,2025-09-21,20.3,27.1,14.8,0.00,0.00,0.00,0.0,39600.00,14.95,24.9,41.0,90,5.40,4.1,35,45,23,0.143,0.194,0.237,20.5,21.6,20.7,3,55,993.9
9,2025-09-22,19.7,24.9,15.3,0.00,0.00,0.00,0.0,37727.61,16.55,23.7,45.4,252,4.86,8.4,49,65,34,0.138,0.194,0.236,20.5,21.7,21.3,3,38,994.9
9,2025-09-23,18.6,25.9,11.7,0.00,0.00,0.00,0.0,39600.00,17.19,20.5,39.2,300,4.80,5.7,44,60,31,0.136,0.194,0.236,19.9,21.7,21.2,1,3,1004.9
9,2025-09-24,19.0,26.3,11.0,0.00,0.00,0.00,0.0,39600.00,17.34,21.7,41.4,56,5.28,3.6,39,59,21,0.128,0.193,0.235,19.9,21.8,20.7,0,0,1005.2
9,2025-09-25,20.2,26.9,14.6,0.00,0.00,0.00,0.0,39600.00,17.40,28.4,52.2,68,6.58,3.0,34,48,21,0.133,0.192,0.235,20.5,21.8,21.2,0,0,995.7
9,2025-09-26,19.3,27.6,12.5,0.00,0.00,0.00,0.0,39600.00,16.85,19.0,32.0,50,4.36,4.5,39,55,25,0.135,0.192,0.234,20.6,21.8,21.4,0,0,993.1
9,2025-09-27,19.6,29.1,10.4,0.00,0.00,0.00,0.0,39600.00,16.58,16.1,33.1,255,4.55,5.5,43,68,23,0.131,0.191,0.233,19.9,21.8,21.0,1,3,999.4
9,2025-09-28,16.1,20.3,12.9,0.20,0.20,0.00,2.0,39031.93,11.58,17.3,38.2,4,2.88,7.6,58,71,48,0.133,0.190,0.233,18.7,21.8,20.7,51,62,1003.7
9,2025-09-29,13.3,19.0,9.5,0.70,0.70,0.00,4.0,32400.00,15.17,12.9,27.0,341,3.14,3.7,54,74,35,0.142,0.193,0.235,16.6,21.7,19.2,51,56,1003.4
9,2025-09-30,11.6,17.0,6.0,0.00,0.00,0.00,0.0,35034.11,15.43,18.6,33.1,11,3.53,0.5,48,61,37,0.142,0.193,0.236,14.9,21.3,17.7,3,42,1001.6
9,2025-10-01,9.1,14.2,4.4,0.00,0.00,0.00,0.0,39600.00,16.35,19.2,39.6,26,3.30,-2.9,45,63,29,0.143,0.193,0.236,13.2,20.9,16.6,3,12,1005.8
9,2025-10-02,9.3,17.1,2.2,0.00,0.00,0.00,0.0,39600.00,16.03,13.1,27.0,7,3.29,-5.4,38,55,19,0.142,0.194,0.236,12.1,20.3,15.1,0,0,1008.3
9,2025-10-03,10.6,19.2,2.2,0.00,0.00,0.00,0.0,39600.00,15.85,12.3,25.9,24,3.30,-2.3,43,68,24,0.136,0.192,0.235,12.3,19.7,14.6,0,0,1010.9
9,2025-10-04,11.6,18.8,4.7,0.00,0.00,0.00,0.0,39600.00,15.38,22.3,40.7,37,4.20,-2.6,39,57,24,0.137,0.192,0.235,13.0,19.2,15.1,3,67,1011.2
9,2025-10-05,11.4,17.2,6.2,0.00,0.00,0.00,0.0,39600.00,15.37,28.3,52.9,54,4.43,-2.8,38,52,28,0.138,0.192,0.234,13.3,18.9,15.3,0,0,1012.7
9,2025-10-06,10.5,17.5,4.5,0.00,0.00,0.00,0.0,39600.00,15.31,25.7,48.6,65,4.34,-5.3,34,52,20,0.141,0.192,0.234,12.5,18.6,14.8,3,16,1008.6
9,2025-10-07,10.9,17.5,5.3,0.00,0.00,0.00,0.0,37286.28,14.56,26.3,50.0,53,4.45,-5.9,32,46,20,0.140,0.192,0.234,12.4,18.3,14.5,3,44,1005.0
9,2025-10-08,11.4,18.4,4.9,0.00,0.00,0.00,0.0,39600.00,14.89,26.0,49.0,52,4.51,-5.3,32,42,21,0.139,0.191,0.234,12.5,18.0,14.5,1,7,1005.0
9,2025-10-09,12.2,18.0,6.4,0.00,0.00,0.00,0.0,39203.02,14.16,29.1,53.3,53,4.52,-3.5,35,51,21,0.138,0.191,0.233,13.1,17.8,14.7,3,20,1005.1
9,2025-10-10,12.3,19.3,5.7,0.00,0.00,0.00,0.0,39445.16,14.36,25.2,47.5,65,4.60,-4.6,32,45,19,0.139,0.191,0.233,13.1,17.6,14.8,1,3,1004.4
9,2025-10-11,13.6,23.5,5.4,0.00,0.00,0.00,0.0,36994.52,13.74,15.1,25.2,89,3.65,-3.1,33,44,20,0.137,0.189,0.232,13.8,17.5,15.0,3,12,997.1
9,2025-10-12,13.7,22.7,7.5,0.00,0.00,0.00,0.0,38389.32,13.44,13.3,28.4,323,3.38,-1.6,37,54,19,0.126,0.186,0.230,14.5,17.5,15.4,3,28,997.1
9,2025-10-13,13.4,21.1,6.3,0.00,0.00,0.00,0.0,38109.95,12.96,12.9,24.1,352,3.08,2.3,48,70,35,0.125,0.185,0.229,14.3,17.5,15.5,1,8,1006.5
9,2025-10-14,14.1,21.2,6.9,0.00,0.00,0.00,0.0,37832.84,13.15,24.0,45.4,64,4.36,-0.2,39,52,26,0.125,0.184,0.228,14.5,17.5,15.6,3,18,1006.8
9,2025-10-15,12.4,16.7,9.0,0.00,0.00,0.00,0.0,37554.71,12.92,29.7,55.1,81,4.51,-2.7,36,48,26,0.134,0.184,0.228,14.3,17.5,15.7,3,23,1006.3
9,2025-10-16,10.2,18.2,4.0,0.00,0.00,0.00,0.0,36516.76,12.84,19.3,33.1,73,3.25,-5.5,34,50,22,0.136,0.184,0.227,12.3,17.4,14.5,3,41,1001.9
9,2025-10-17,11.7,21.5,3.5,0.00,0.00,0.00,0.0,35953.49,12.36,12.4,25.2,317,2.82,-2.9,40,59,21,0.121,0.181,0.225,12.8,17.2,14.0,3,45,1003.2
9,2025-10-18,7.7,13.1,3.2,0.00,0.00,0.00,0.0,36457.68,12.49,14.8,31.3,327,2.51,-2.9,48,70,34,0.121,0.180,0.224,10.7,17.0,13.9,0,0,1009.8
9,2025-10-19,5.8,12.2,0.1,0.00,0.00,0.00,0.0,35885.85,12.33,15.0,32.0,4,2.23,-3.5,53,67,37,0.125,0.179,0.224,8.7,16.7,12.0,0,0,1011.3
9,2025-10-20,7.6,15.7,0.5,0.00,0.00,0.00,0.0,34288.70,11.90,19.6,37.4,45,2.99,-4.7,44,65,25,0.124,0.179,0.224,8.8,16.3,11.3,3,56,1007.0
9,2025-10-21,10.1,18.2,4.0,0.00,0.00,0.00,0.0,32598.25,11.76,19.0,36.7,46,3.19,-3.2,40,55,27,0.123,0.179,0.223,10.5,15.9,11.9,3,42,1004.1
9,2025-10-22,10.3,20.6,2.1,0.00,0.00,0.00,0.0,34583.26,11.83,9.0,14.8,79,2.28,-0.0,52,77,28,0.116,0.176,0.220,11.0,15.7,12.3,3,26,1005.4
9,2025-10-23,13.6,21.4,7.3,0.00,0.00,0.00,0.0,14067.38,6.25,17.2,28.8,73,2.56,1.2,45,59,27,0.112,0.175,0.217,13.1,15.6,13.1,3,94,1004.8
9,2025-10-24,15.8,24.0,9.7,0.00,0.00,0.00,0.0,24332.74,8.55,14.8,28.1,125,3.39,-0.0,36,51,21,0.111,0.175,0.215,14.7,15.7,14.6,3,90,998.9
9,2025-10-25,12.7,20.4,6.8,0.00,0.00,0.00,0.0,33699.23,11.08,18.0,35.3,247,3.22,-0.7,41,55,25,0.108,0.174,0.213,13.6,15.8,14.9,1,10,997.5
9,2025-10-26,9.8,16.4,4.6,0.00,0.00,0.00,0.0,30789.11,9.39,10.3,23.4,3,1.97,1.6,58,72,42,0.110,0.174,0.212,11.4,15.9,13.8,3,38,1001.8
9,2025-10-27,8.8,15.9,2.7,0.00,0.00,0.00,0.0,33448.63,10.99,21.9,40.3,63,2.61,-0.1,55,72,34,0.113,0.173,0.212,10.1,15.8,12.7,3,43,1003.6
9,2025-10-28,8.9,15.5,4.0,0.00,0.00,0.00,0.0,27644.38,7.38,18.9,32.0,64,2.08,-0.2,54,70,36,0.110,0.173,0.211,9.8,15.6,12.3,3,72,1000.8
9,2025-10-29,9.4,18.1,2.2,0.00,0.00,0.00,0.0,33194.95,10.66,13.5,26.3,67,2.33,1.0,58,76,37,0.101,0.173,0.208,10.0,15.4,11.9,1,1,1005.0
9,2025-10-30,11.1,20.6,4.0,0.00,0.00,0.00,0.0,32892.31,10.36,11.8,23.4,114,2.25,3.2,62,88,34,0.097,0.172,0.207,10.9,15.2,12.4,3,15,1002.8
9,2025-10-31,9.9,13.4,6.7,0.70,0.70,0.00,5.0,18000.00,6.04,23.8,47.2,245,1.81,3.6,65,80,58,0.100,0.171,0.205,10.4,15.2,12.7,51,62,1001.2
9,2025-11-01,8.8,14.3,4.0,0.10,0.10,0.00,1.0,31824.06,9.01,16.4,27.4,217,1.76,2.4,65,83,45,0.105,0.170,0.205,10.0,15.1,12.1,51,43,1010.0
9,2025-11-02,9.1,16.0,2.6,0.00,0.00,0.00,0.0,32400.00,9.40,20.7,38.5,200,2.41,0.5,59,85,31,0.104,0.169,0.204,9.5,14.9,11.7,2,24,1000.7
9,2025-11-03,7.5,9.7,5.7,2.30,2.30,0.00,11.0,1062.05,2.71,21.4,38.5,261,1.06,3.5,76,90,67,0.111,0.169,0.204,9.2,14.8,11.7,51,96,1003.0
9,2025-11-04,0.6,5.6,-5.2,1.10,1.10,0.00,5.0,31816.64,8.28,22.4,40.0,342,0.97,-3.4,75,93,61,0.153,0.168,0.205,5.3,14.5,9.6,51,52,1011.5
9,2025-11-05,-5.6,-0.3,-10.3,0.00,0.00,0.00,0.0,32455.89,9.92,13.1,24.1,24,0.93,-11.0,66,77,51,0.166,0.168,0.208,-0.8,13.9,5.4,3,9,1023.1
9,2025-11-06,-1.9,5.6,-7.5,0.00,0.00,0.00,0.0,32400.00,9.59,12.2,23.4,60,1.25,-9.1,60,74,36,0.166,0.168,0.209,-1.4,12.9,2.6,3,42,1019.1
9,2025-11-07,0.8,8.8,-5.4,0.00,0.00,0.00,0.0,32400.00,9.31,14.1,27.7,51,1.52,-7.3,58,76,32,0.159,0.169,0.208,0.2,11.8,2.5,1,2,1012.6
9,2025-11-08,2.2,10.9,-5.4,0.00,0.00,0.00,0.0,32400.00,9.13,8.7,20.2,202,1.37,-5.2,61,86,34,0.148,0.169,0.207,2.5,11.1,3.6,2,6,1009.4
9,2025-11-09,3.4,10.1,-3.9,0.00,0.00,0.00,0.0,32400.00,9.18,20.9,38.2,225,2.09,-7.2,50,78,26,0.139,0.169,0.205,3.7,10.6,4.6,3,39,1005.5
9,2025-11-10,5.5,9.2,2.5,1.20,1.20,0.00,3.0,3786.94,4.02,14.2,27.4,299,0.80,0.9,74,91,42,0.149,0.167,0.205,5.9,10.4,6.3,53,90,1008.8
9,2025-11-11,3.9,11.6,-2.0,0.00,0.00,0.00,0.0,31576.38,8.36,9.6,16.2,129,1.07,0.2,79,97,50,0.150,0.167,0.206,4.8,10.3,6.6,3,35,1010.2
9,2025-11-12,6.9,14.9,1.1,0.00,0.00,0.00,0.0,32400.00,8.06,13.9,27.7,206,1.42,1.9,72,86,48,0.146,0.167,0.206,6.3,10.2,6.6,3,37,1008.8
9,2025-11-13,7.4,15.2,0.8,0.00,0.00,0.00,0.0,29856.06,7.57,13.5,22.7,109,1.40,2.3,72,90,46,0.139,0.166,0.204,7.1,10.2,7.6,3,92,1011.1
9,2025-11-14,7.5,14.6,3.1,0.00,0.00,0.00,0.0,30795.42,7.19,15.0,25.9,74,1.44,2.8,74,88,47,0.133,0.166,0.204,7.5,10.3,8.3,3,61,1009.5
9,2025-11-15,5.2,12.9,0.0,0.00,0.00,0.00,0.0,32400.00,8.10,12.5,20.5,81,1.17,1.5,79,96,51,0.129,0.165,0.204,5.9,10.4,7.9,1,6,1008.0
9,2025-11-16,4.6,13.4,-0.7,0.00,0.00,0.00,0.0,32387.78,7.92,8.8,16.9,84,1.10,0.9,80,97,47,0.125,0.164,0.204,5.2,10.5,7.2,3,53,1006.6
9,2025-11-17,6.2,16.5,-1.0,0.00,0.00,0.00,0.0,32400.00,7.91,12.4,20.2,84,1.41,0.7,71,94,38,0.117,0.163,0.203,6.0,10.4,6.9,2,7,1009.4
9,2025-11-18,6.4,12.6,2.5,0.00,0.00,0.00,0.0,21779.77,5.59,12.1,19.4,91,1.13,0.3,67,83,44,0.108,0.162,0.202,6.6,10.4,7.5,3,74,1008.5
9,2025-11-19,3.1,8.8,0.1,0.00,0.00,0.00,0.0,32400.00,7.57,11.6,24.8,252,1.00,-0.9,76,91,54,0.102,0.161,0.201,4.1,10.4,7.2,1,2,1009.6
9,2025-11-20,1.3,5.9,-1.7,0.00,0.00,0.00,0.0,32399.01,6.95,6.8,16.2,315,0.68,-1.3,84,94,63,0.097,0.160,0.201,3.1,10.2,6.0,3,12,1016.5
9,2025-11-21,2.6,10.8,-4.0,0.00,0.00,0.00,0.0,26874.29,6.87,8.8,18.0,42,0.94,-1.3,78,95,49,0.094,0.159,0.200,3.5,10.0,5.1,3,80,1017.9
9,2025-11-22,6.6,14.1,0.8,0.00,0.00,0.00,0.0,32304.62,7.24,14.0,24.1,47,1.49,0.5,67,87,43,0.092,0.159,0.198,6.2,9.8,6.0,0,1,1018.0
9,2025-11-23,5.8,13.3,1.0,0.00,0.00,0.00,0.0,32261.51,7.19,12.3,24.1,53,1.26,0.7,72,87,46,0.091,0.158,0.197,6.2,9.7,7.1,1,5,1014.8
9,2025-11-24,4.9,14.1,-1.9,0.00,0.00,0.00,0.0,32220.79,7.26,8.3,13.3,72,1.05,-0.2,73,92,43,0.090,0.157,0.195,5.3,9.7,6.9,0,0,1012.7
9,2025-11-25,5.4,14.1,-0.3,0.00,0.00,0.00,0.0,32182.42,7.32,13.2,23.0,79,1.24,0.2,72,88,45,0.089,0.156,0.194,5.4,9.7,6.6,0,0,1012.2
9,2025-11-26,4.8,15.7,-2.7,0.00,0.00,0.00,0.0,32146.39,7.36,9.5,12.6,106,1.02,-0.8,71,92,38,0.087,0.155,0.193,4.7,9.7,6.3,0,0,1004.6
9,2025-11-27,4.3,14.1,-2.5,0.00,0.00,0.00,0.0,31432.17,7.11,9.5,19.1,174,1.21,-1.8,68,88,40,0.085,0.154,0.192,4.1,9.6,6.0,3,52,1005.3
9,2025-11-28,2.6,9.9,-2.4,0.00,0.00,0.00,0.0,27284.53,6.39,11.4,19.1,91,1.01,-2.7,69,88,47,0.083,0.153,0.191,3.2,9.4,5.5,3,100,1009.0
9,2025-11-29,1.8,8.7,-2.4,0.00,0.00,0.00,0.0,29035.65,6.34,9.8,16.2,91,0.76,-1.4,80,91,59,0.082,0.152,0.191,2.9,9.3,5.3,3,91,1009.1
9,2025-11-30,0.9,7.7,-3.0,0.00,0.00,0.00,0.0,30368.75,6.39,10.5,19.8,59,0.83,-2.7,78,92,57,0.081,0.151,0.191,2.3,9.1,4.9,1,12,1010.7
9,2025-12-01,-0.3,6.4,-5.2,0.00,0.00,0.00,0.0,31970.18,6.89,14.0,27.0,49,0.95,-4.8,73,88,52,0.081,0.151,0.191,0.5,8.8,3.8,0,0,1010.0
9,2025-12-02,-1.2,5.5,-5.3,0.00,0.00,0.00,0.0,31879.18,6.88,12.1,20.9,66,0.83,-5.2,75,91,53,0.081,0.151,0.190,-0.6,8.5,2.7,0,1,1007.3
9,2025-12-03,-2.2,5.0,-6.9,0.00,0.00,0.00,0.0,27059.69,5.98,9.3,16.6,59,0.69,-6.2,76,90,53,0.081,0.151,0.190,-1.8,8.1,1.8,3,50,1006.1
9,2025-12-04,-3.4,0.1,-6.7,0.50,0.50,0.00,3.0,6549.64,3.31,10.2,15.8,58,0.37,-5.9,83,90,71,0.084,0.151,0.190,-2.7,7.6,1.3,51,85,1008.6
9,2025-12-05,-2.4,0.8,-5.7,0.10,0.00,0.07,1.0,20295.18,4.04,4.2,11.2,59,0.35,-3.6,91,96,86,0.087,0.151,0.189,-2.1,7.2,1.0,71,76,1013.1
9,2025-12-06,-0.2,2.4,-2.6,0.20,0.20,0.00,2.0,6558.77,3.68,8.2,14.0,41,0.32,-1.0,95,98,90,0.087,0.148,0.186,-1.3,6.8,1.1,51,100,1013.3
9,2025-12-07,1.1,2.3,-0.5,0.00,0.00,0.00,0.0,4563.04,3.14,12.4,19.4,13,0.30,0.1,93,97,89,0.092,0.147,0.186,-0.3,6.6,1.4,3,94,1009.0
9,2025-12-08,0.2,1.1,-1.3,0.00,0.00,0.00,0.0,2832.75,2.90,8.3,16.6,326,0.32,-1.5,88,92,81,0.093,0.147,0.186,0.3,6.4,1.6,3,98,1010.0
9,2025-12-09,-1.8,-0.6,-5.6,0.00,0.00,0.00,0.0,21098.28,4.62,20.3,33.8,16,0.61,-5.7,75,84,64,0.095,0.146,0.189,0.6,6.2,1.6,3,81,1012.7
9,2025-12-10,-10.3,-6.1,-14.6,0.00,0.00,0.00,0.0,31299.03,7.04,31.6,53.6,58,0.83,-17.7,55,66,45,0.094,0.146,0.190,-4.0,6.0,1.1,3,42,1021.8
9,2025-12-11,-5.9,-0.8,-11.1,0.60,0.60,0.00,2.0,0.00,2.24,32.3,55.1,86,1.14,-15.5,47,56,32,0.094,0.144,0.191,-5.6,5.8,0.3,51,78,1007.5
9,2025-12-12,-1.1,0.8,-4.1,0.00,0.00,0.00,0.0,0.00,1.94,13.5,25.6,217,0.39,-3.8,83,96,60,0.099,0.144,0.191,-2.7,5.5,0.2,3,94,998.0
9,2025-12-13,-1.6,0.7,-2.8,0.00,0.00,0.00,0.0,20221.14,4.37,14.1,27.4,219,0.51,-4.4,82,90,68,0.100,0.144,0.191,-1.6,5.3,0.4,3,78,998.9
9,2025-12-14,1.3,6.0,-3.6,3.50,3.30,0.14,10.0,0.00,1.93,27.0,47.5,215,0.49,-0.9,85,98,63,0.125,0.144,0.191,-0.5,5.1,0.7,71,94,994.4
9,2025-12-15,-4.6,-2.9,-6.5,0.00,0.00,0.00,0.0,31092.56,6.41,27.9,50.0,228,0.91,-10.3,64,72,53,0.149,0.144,0.192,-2.4,5.0,0.4,2,21,1008.8
9,2025-12-16,-2.1,1.3,-3.7,0.00,0.00,0.00,0.0,20088.21,4.94,14.9,23.4,212,0.58,-5.4,78,92,66,0.149,0.144,0.193,-1.8,4.8,0.0,3,79,1009.4
9,2025-12-17,-7.1,-3.0,-11.4,0.00,0.00,0.00,0.0,31043.79,6.69,12.1,25.6,345,0.49,-10.8,76,93,55,0.147,0.143,0.193,-3.4,4.6,-0.1,3,16,1013.4
9,2025-12-18,-10.2,-5.3,-15.3,0.00,0.00,0.00,0.0,31026.42,6.45,9.0,19.8,328,0.36,-13.7,77,90,61,0.144,0.140,0.193,-6.4,4.5,-0.6,2,12,1018.1
9,2025-12-19,-6.7,-1.9,-10.8,0.00,0.00,0.00,0.0,28408.60,6.53,11.7,25.6,174,0.60,-11.5,70,88,51,0.143,0.138,0.194,-4.5,4.2,-0.9,2,20,1016.9
9,2025-12-20,-5.2,-1.6,-9.7,0.80,0.00,0.56,7.0,9134.47,2.29,16.7,31.0,210,0.36,-7.9,82,91,68,0.141,0.136,0.195,-4.5,4.0,-1.1,71,60,1002.8
9,2025-12-21,-2.3,-1.8,-3.2,1.00,0.00,0.70,8.0,4192.82,3.13,12.7,24.8,33,0.28,-3.6,91,98,83,0.140,0.138,0.195,-2.6,3.8,-0.9,71,97,1008.5
9,2025-12-22,-0.2,1.8,-2.7,0.00,0.00,0.00,0.0,9169.43,2.95,11.1,19.1,116,0.29,-1.2,93,100,87,0.141,0.138,0.195,-1.6,3.7,-0.7,3,76,1013.8
9,2025-12-23,-0.6,4.8,-4.9,0.00,0.00,0.00,0.0,30506.76,6.42,14.4,27.0,147,0.61,-2.9,85,93,69,0.141,0.138,0.195,-1.6,3.6,-0.6,3,37,1008.6
9,2025-12-24,0.2,1.8,-1.2,0.00,0.00,0.00,0.0,25942.35,4.47,9.9,20.5,227,0.42,-1.6,88,95,76,0.140,0.138,0.194,-0.6,3.5,-0.4,3,68,1008.9
9,2025-12-25,-1.0,1.1,-2.5,0.30,0.10,0.14,3.0,27550.12,5.21,9.7,19.1,171,0.40,-2.2,91,95,79,0.139,0.139,0.194,-0.4,3.5,-0.3,71,79,1003.3
9,2025-12-26,-6.5,-0.7,-14.4,4.50,0.00,3.15,9.0,26553.30,5.98,14.0,25.6,325,0.36,-8.3,87,96,71,0.139,0.139,0.193,-2.7,3.4,-0.3,73,60,1006.9
9,2025-12-27,-7.3,-2.7,-14.4,0.50,0.10,0.28,1.0,19263.20,5.26,15.9,26.6,71,0.37,-9.1,87,93,82,0.138,0.138,0.193,-4.6,3.4,-0.7,73,90,1005.2
9,2025-12-28,-3.0,-0.4,-4.9,0.00,0.00,0.00,0.0,28747.43,6.59,14.6,23.8,94,0.45,-4.1,92,95,85,0.139,0.138,0.193,-1.9,3.3,-0.7,3,44,995.2
9,2025-12-29,2.2,6.7,-3.0,1.20,1.20,0.00,4.0,2562.29,3.93,22.4,36.4,154,0.63,0.1,86,94,70,0.160,0.138,0.193,-2.7,3.2,-0.6,53,79,987.3
9,2025-12-30,1.3,5.1,-0.5,1.20,1.20,0.00,3.0,0.00,2.77,17.4,29.2,249,0.37,-0.1,90,95,85,0.217,0.139,0.195,0.1,3.1,-0.1,53,90,989.1
9,2025-12-31,-0.5,1.1,-2.2,3.40,3.20,0.14,4.0,5481.88,3.21,19.6,36.4,278,0.36,-2.2,88,95,80,0.255,0.143,0.195,-0.3,3.1,0.0,71,94,998.7
10,2025-01-01,6.4,7.7,3.9,1.40,1.40,0.00,8.0,4186.35,2.20,35.1,52.2,283,0.92,3.4,81,85,75,0.226,0.181,0.152,5.1,6.1,4.6,53,75,1025.7
10,2025-01-02,5.0,8.2,2.6,0.00,0.00,0.00,0.0,14563.80,3.69,21.5,31.0,226,0.58,3.1,87,94,82,0.223,0.183,0.152,4.7,6.2,5.0,3,82,1029.0
10,2025-01-03,7.0,9.9,5.1,0.00,0.00,0.00,0.0,25708.54,4.95,23.3,34.6,149,0.51,6.3,95,100,87,0.219,0.184,0.152,5.9,6.3,5.5,3,65,1024.7
10,2025-01-04,5.4,7.6,3.2,0.00,0.00,0.00,0.0,31306.87,7.07,28.9,42.5,130,0.89,3.2,86,92,78,0.213,0.185,0.152,5.3,6.6,6.0,3,21,1018.5
10,2025-01-05,5.2,7.7,0.4,0.40,0.40,0.00,4.0,20190.00,4.11,29.3,42.8,330,0.69,3.1,86,93,79,0.210,0.186,0.152,5.8,6.7,6.0,51,81,1018.8
10,2025-01-06,-0.5,0.8,-1.7,2.00,0.00,1.40,8.0,9135.02,3.31,22.6,35.3,19,0.52,-2.7,85,90,79,0.205,0.187,0.153,2.5,6.7,4.3,73,93,1026.9
10,2025-01-07,-1.8,1.2,-4.0,0.00,0.00,0.00,0.0,29344.45,6.29,24.3,33.8,95,0.80,-5.7,75,87,61,0.202,0.187,0.153,0.6,6.4,2.7,3,61,1036.2
10,2025-01-08,-0.3,3.3,-2.8,0.00,0.00,0.00,0.0,30849.70,5.82,34.0,50.8,126,1.06,-4.5,73,78,69,0.198,0.187,0.153,0.3,6.0,2.0,3,32,1034.8
10,2025-01-09,1.5,5.2,-0.9,0.00,0.00,0.00,0.0,31595.68,7.46,34.1,50.0,129,1.24,-2.9,73,78,68,0.193,0.187,0.153,1.3,5.7,2.3,0,4,1029.4
10,2025-01-10,2.9,7.0,0.6,0.00,0.00,0.00,0.0,30838.22,6.97,23.4,35.3,122,1.05,-0.6,78,83,70,0.188,0.187,0.153,2.6,5.5,2.8,3,32,1027.8
10,2025-01-11,3.7,8.3,0.9,0.00,0.00,0.00,0.0,31636.19,7.76,29.9,44.6,121,1.86,-3.4,61,79,43,0.180,0.187,0.153,2.9,5.4,3.2,0,0,1021.7
10,2025-01-12,4.2,8.3,1.2,0.00,0.00,0.00,0.0,17564.82,4.05,25.0,36.4,144,1.02,-0.0,75,90,59,0.169,0.187,0.153,3.2,5.3,3.4,3,60,1018.9
10,2025-01-13,5.5,7.7,3.4,0.00,0.00,0.00,0.0,16545.18,4.44,10.7,15.1,223,0.55,3.6,88,95,75,0.167,0.187,0.154,5.0,5.4,4.7,3,79,1022.8
10,2025-01-14,2.7,5.7,0.6,0.00,0.00,0.00,0.0,21445.40,4.77,19.8,28.8,347,0.55,1.2,90,96,78,0.166,0.188,0.155,3.8,5.6,4.6,3,86,1024.6
10,2025-01-15,0.2,1.7,-2.0,0.30,0.10,0.14,3.0,25847.51,6.90,19.3,28.8,356,0.65,-2.1,85,92,72,0.163,0.185,0.153,3.4,5.6,4.0,71,76,1027.1
10,2025-01-16,1.8,5.0,-2.0,0.50,0.50,0.00,4.0,446.12,2.39,22.4,33.5,279,0.50,-0.4,85,90,81,0.162,0.183,0.153,2.3,5.5,3.0,51,98,1024.0
10,2025-01-17,2.3,3.8,1.1,1.70,1.70,0.00,15.0,3202.07,2.79,26.3,40.7,304,0.63,-0.1,84,89,76,0.174,0.183,0.153,2.9,5.4,3.5,51,99,1022.3
10,2025-01-18,4.3,5.2,3.6,4.20,4.20,0.00,23.0,990.37,2.57,32.0,47.9,290,0.82,1.6,82,86,80,0.211,0.183,0.153,4.1,5.4,4.1,53,97,1015.2
10,2025-01-19,3.8,5.2,2.7,3.30,3.30,0.00,22.0,13524.71,3.82,20.4,31.3,291,0.70,1.4,84,87,80,0.240,0.185,0.153,4.2,5.5,4.3,51,96,1011.4
10,2025-01-20,3.9,5.0,2.6,0.10,0.10,0.00,1.0,27314.84,5.69,31.6,47.5,299,0.82,1.2,83,88,79,0.243,0.189,0.153,4.2,5.5,4.3,51,77,1016.1
10,2025-01-21,3.4,4.3,1.1,1.40,1.40,0.00,11.0,10899.88,4.07,36.6,55.1,309,1.06,-0.2,78,86,68,0.238,0.191,0.153,3.9,5.5,4.3,51,86,1021.9
10,2025-01-22,-0.4,2.0,-3.6,0.00,0.00,0.00,0.0,32295.78,8.84,24.7,36.7,36,1.05,-5.1,71,83,52,0.229,0.193,0.153,2.1,5.4,3.1,2,26,1033.7
10,2025-01-23,-1.9,1.9,-4.6,0.00,0.00,0.00,0.0,32300.95,8.95,43.0,63.0,113,1.52,-8.5,61,74,52,0.220,0.194,0.154,0.0,5.1,1.7,3,58,1034.0
10,2025-01-24,1.3,4.3,-1.0,0.00,0.00,0.00,0.0,16974.68,5.82,40.8,60.5,125,1.36,-4.0,68,83,60,0.212,0.195,0.154,1.0,4.8,1.7,3,95,1024.3
10,2025-01-25,4.1,6.6,1.5,0.00,0.00,0.00,0.0,20643.70,5.64,18.5,27.4,45,0.67,2.3,89,95,76,0.205,0.195,0.154,3.7,4.6,3.4,3,80,1025.0
10,2025-01-26,1.9,3.3,0.9,0.00,0.00,0.00,0.0,4553.10,4.09,12.2,17.3,39,0.44,0.7,92,99,84,0.202,0.195,0.154,3.2,4.7,3.6,3,90,1031.5
10,2025-01-27,1.6,2.6,0.4,0.00,0.00,0.00,0.0,1476.82,4.29,11.3,19.1,74,0.53,-0.5,86,93,79,0.199,0.195,0.154,3.1,4.7,3.5,3,93,1034.0
10,2025-01-28,1.0,3.0,-0.7,0.00,0.00,0.00,0.0,26427.16,6.60,17.1,28.1,117,0.78,-2.0,81,88,70,0.197,0.193,0.157,2.8,4.7,3.2,3,80,1032.1
10,2025-01-29,0.7,3.7,-1.5,0.00,0.00,0.00,0.0,32728.71,7.07,20.7,32.0,125,0.87,-2.6,79,83,71,0.194,0.193,0.158,1.9,4.7,2.7,3,58,1032.0
10,2025-01-30,1.5,6.5,-1.0,0.00,0.00,0.00,0.0,33651.83,7.57,17.0,26.6,116,0.90,-1.3,82,88,72,0.189,0.193,0.158,1.9,4.6,2.5,3,53,1033.7
10,2025-01-31,1.7,6.7,-2.1,0.00,0.00,0.00,0.0,33703.81,9.84,17.2,27.7,115,1.12,-1.9,78,87,63,0.186,0.193,0.158,2.0,4.4,2.4,3,19,1032.1
10,2025-02-01,2.4,7.6,-1.2,0.00,0.00,0.00,0.0,34363.53,10.12,18.1,27.7,110,1.29,-1.8,74,81,59,0.181,0.192,0.158,2.3,4.4,2.5,3,13,1029.8
10,2025-02-02,2.6,6.5,-0.6,0.00,0.00,0.00,0.0,32900.83,9.09,21.9,33.8,119,1.12,-0.8,79,84,70,0.176,0.192,0.158,2.4,4.3,2.6,3,41,1027.4
10,2025-02-03,4.4,6.8,2.8,0.00,0.00,0.00,0.0,9120.13,3.56,15.7,24.5,132,0.59,2.4,87,92,84,0.173,0.191,0.158,4.1,4.3,3.6,3,92,1023.8
10,2025-02-04,5.1,9.0,1.7,0.00,0.00,0.00,0.0,34913.66,10.16,24.1,34.9,121,1.47,0.7,74,93,56,0.171,0.191,0.158,5.3,4.5,4.5,3,38,1020.9
10,2025-02-05,2.4,7.6,-1.4,0.00,0.00,0.00,0.0,35180.28,10.02,13.1,17.6,71,1.19,-1.5,76,86,60,0.165,0.190,0.158,3.4,4.7,3.8,3,36,1022.7
10,2025-02-06,2.7,8.9,-1.0,0.00,0.00,0.00,0.0,35264.37,10.97,23.4,34.2,70,1.50,-1.9,73,84,51,0.163,0.189,0.159,3.0,4.7,3.4,1,4,1024.0
10,2025-02-07,-2.0,1.5,-4.4,0.00,0.00,0.00,0.0,35348.44,11.26,27.7,44.3,45,1.21,-6.9,70,82,50,0.158,0.188,0.159,0.9,4.6,2.5,3,32,1028.5
10,2025-02-08,-5.8,-2.6,-8.6,0.00,0.00,0.00,0.0,35432.42,11.05,24.6,41.0,19,1.05,-11.4,66,80,49,0.154,0.187,0.159,-1.3,4.3,1.0,1,9,1033.2
10,2025-02-09,-5.4,-1.0,-8.8,0.00,0.00,0.00,0.0,33611.83,10.41,16.5,26.3,13,0.95,-10.0,71,86,55,0.152,0.186,0.158,-2.0,3.9,0.2,3,47,1031.3
10,2025-02-10,-3.8,-1.2,-6.3,0.00,0.00,0.00,0.0,23353.48,6.69,15.6,22.0,47,0.77,-8.6,69,80,58,0.150,0.186,0.159,-1.1,3.5,0.0,3,99,1030.0
10,2025-02-11,-2.1,-0.4,-3.0,1.50,0.00,1.05,11.0,37.63,5.03,19.3,27.7,2,0.65,-5.4,78,86,71,0.149,0.185,0.158,-0.6,3.2,0.3,71,99,1028.0
10,2025-02-12,-1.8,0.5,-3.3,0.00,0.00,0.00,0.0,32690.06,7.41,15.9,26.6,342,0.76,-5.0,79,87,67,0.148,0.184,0.158,-0.4,3.0,0.5,3,79,1028.1
10,2025-02-13,-1.7,1.5,-4.7,0.00,0.00,0.00,0.0,21302.27,6.57,15.9,26.6,97,0.74,-4.8,80,87,71,0.148,0.184,0.158,-0.7,2.9,0.5,3,71,1027.5
10,2025-02-14,0.7,2.6,-1.1,0.10,0.10,0.00,1.0,614.96,3.30,15.5,24.1,100,0.68,-2.6,79,84,73,0.148,0.183,0.159,0.7,2.8,0.9,51,86,1023.8
10,2025-02-15,1.5,4.1,-0.8,0.00,0.00,0.00,0.0,3568.06,4.59,21.0,30.2,86,0.65,-0.4,87,92,82,0.149,0.183,0.159,1.8,2.8,1.6,3,99,1022.5
10,2025-02-16,5.7,8.8,2.5,0.00,0.00,0.00,0.0,33510.61,9.89,33.8,50.0,155,1.14,3.5,86,93,78,0.147,0.182,0.159,4.1,2.9,3.1,3,64,1017.2
10,2025-02-17,2.6,6.4,-1.1,1.00,1.00,0.00,10.0,0.00,3.52,35.5,54.4,50,0.72,0.1,84,89,80,0.150,0.182,0.159,3.9,3.3,4.3,51,100,1019.2
10,2025-02-18,-1.3,0.5,-2.6,0.00,0.00,0.00,0.0,27712.66,6.66,31.3,46.8,38,0.86,-4.4,80,83,74,0.155,0.182,0.159,1.6,3.5,2.5,3,89,1024.0
10,2025-02-19,-1.3,0.7,-2.6,0.10,0.00,0.07,1.0,15410.55,5.94,24.4,36.0,32,0.72,-3.7,84,90,82,0.156,0.181,0.159,0.6,3.4,1.8,71,93,1023.1
10,2025-02-20,-2.8,-1.1,-4.5,1.10,0.00,0.77,7.0,33633.94,11.23,25.9,38.5,5,0.86,-5.2,84,90,74,0.157,0.181,0.159,0.5,3.3,1.5,73,81,1023.2
10,2025-02-21,-4.3,-2.9,-5.0,7.80,0.00,5.46,24.0,0.00,5.23,28.7,45.4,346,0.55,-6.5,85,88,80,0.155,0.181,0.159,-0.8,3.2,1.0,73,100,1021.8
10,2025-02-22,-4.1,-2.4,-6.0,1.40,0.00,0.98,14.0,0.00,6.07,31.2,44.3,314,0.64,-6.7,82,86,75,0.156,0.181,0.160,-1.2,3.0,0.4,71,99,1023.6
10,2025-02-23,-3.6,-0.8,-6.0,0.20,0.00,0.14,2.0,34712.32,10.81,17.8,25.2,317,0.94,-7.5,75,85,63,0.159,0.181,0.159,-0.2,2.8,0.4,71,89,1024.7
10,2025-02-24,-6.1,-0.8,-11.5,0.00,0.00,0.00,0.0,34647.19,13.20,11.3,18.0,105,0.98,-9.4,78,88,65,0.159,0.179,0.157,-0.8,2.6,0.1,3,87,1023.0
10,2025-02-25,-3.5,-0.1,-7.6,3.50,0.10,2.38,15.0,9284.04,8.73,22.0,32.4,239,0.64,-5.6,86,90,71,0.161,0.179,0.157,-0.8,2.4,0.1,73,87,1018.8
10,2025-02-26,-3.6,-1.7,-6.3,0.60,0.00,0.42,6.0,36000.00,14.06,25.1,35.6,310,0.80,-6.0,84,91,70,0.162,0.178,0.156,-0.6,2.3,0.3,71,87,1019.8
10,2025-02-27,-4.2,-2.8,-5.7,5.90,0.00,4.13,24.0,4362.47,9.46,37.4,54.4,285,0.57,-6.2,86,93,80,0.164,0.177,0.156,-0.3,2.1,0.2,73,90,1020.4
10,2025-02-28,-8.3,-4.9,-11.2,2.00,0.00,1.40,17.0,28737.82,10.35,20.2,28.1,349,0.59,-10.4,85,90,79,0.165,0.177,0.156,-1.1,2.0,0.1,71,92,1021.4
10,2025-03-01,-8.8,-4.5,-12.9,0.80,0.00,0.56,8.0,25385.47,11.50,30.2,37.1,339,0.64,-11.3,82,86,75,0.168,0.177,0.155,-1.8,1.9,-0.2,71,93,1026.4
10,2025-03-02,-5.1,-2.7,-8.8,1.20,0.00,0.84,12.0,23753.72,12.43,35.5,47.9,320,0.78,-7.7,82,87,77,0.170,0.177,0.156,-1.5,1.8,-0.3,71,86,1025.2
10,2025-03-03,-6.8,-2.5,-12.9,0.00,0.00,0.00,0.0,38831.08,15.51,27.9,37.8,65,0.86,-8.9,85,94,79,0.170,0.176,0.154,-2.0,1.6,-0.4,3,51,1024.9
10,2025-03-04,-0.8,0.5,-2.3,3.40,0.40,2.10,11.0,5327.73,8.95,24.1,33.8,109,0.87,-2.7,87,92,81,0.176,0.176,0.154,-1.3,1.5,-0.5,73,96,1023.5
10,2025-03-05,2.3,5.4,-0.4,0.00,0.00,0.00,0.0,39036.83,15.74,35.7,47.9,244,1.37,-0.2,83,89,75,0.202,0.176,0.154,-0.4,1.4,-0.3,3,57,1020.9
10,2025-03-06,4.9,6.8,3.7,2.50,2.50,0.00,9.0,7117.82,7.04,39.5,54.7,275,1.09,2.5,84,90,74,0.297,0.184,0.155,1.2,1.4,0.2,53,78,1016.6
10,2025-03-07,6.8,9.4,5.0,0.00,0.00,0.00,0.0,38102.38,14.26,30.4,44.3,275,1.68,3.8,81,86,72,0.306,0.214,0.155,4.6,1.5,2.4,3,32,1019.4
10,2025-03-08,6.5,9.7,3.1,0.00,0.00,0.00,0.0,39471.10,16.59,18.3,31.0,299,1.83,3.7,83,91,74,0.275,0.225,0.155,5.8,2.0,4.1,0,0,1018.6
10,2025-03-09,4.6,9.0,1.7,0.00,0.00,0.00,0.0,39855.98,17.06,19.2,31.0,63,1.92,0.7,77,91,55,0.255,0.228,0.156,5.3,2.5,4.2,0,0,1022.8
10,2025-03-10,6.1,12.9,0.8,0.00,0.00,0.00,0.0,39921.56,17.20,16.6,27.7,108,2.18,2.0,76,86,62,0.238,0.228,0.156,5.5,2.9,4.2,0,0,1023.0
10,2025-03-11,8.5,14.4,3.7,0.00,0.00,0.00,0.0,39930.51,17.33,22.6,35.3,134,2.43,4.3,76,89,58,0.220,0.227,0.156,7.0,3.3,5.2,3,13,1023.2
10,2025-03-12,9.3,15.2,4.8,0.00,0.00,0.00,0.0,39600.00,17.36,24.0,37.4,140,2.75,3.6,69,81,51,0.203,0.225,0.157,7.6,3.8,6.1,3,25,1022.7
10,2025-03-13,10.4,16.2,6.3,0.00,0.00,0.00,0.0,40492.31,17.53,23.7,37.1,144,2.97,4.5,68,80,54,0.184,0.223,0.157,8.6,4.3,6.9,2,10,1022.2
10,2025-03-14,11.9,19.0,6.9,0.00,0.00,0.00,0.0,41091.83,18.24,27.2,41.0,135,3.90,2.9,57,78,34,0.164,0.220,0.157,9.3,4.9,7.6,0,1,1020.9
10,2025-03-15,12.1,19.2,6.9,0.00,0.00,0.00,0.0,40415.53,17.33,18.5,25.9,115,3.29,3.7,58,78,39,0.140,0.217,0.157,10.2,5.4,8.2,3,38,1019.0
10,2025-03-16,11.9,19.3,6.6,0.00,0.00,0.00,0.0,39740.24,17.85,17.9,26.3,168,2.94,6.9,73,86,50,0.125,0.214,0.157,10.9,6.0,9.1,3,29,1018.8
10,2025-03-17,13.0,19.2,8.4,0.00,0.00,0.00,0.0,41613.59,18.16,34.7,52.9,149,3.91,5.2,61,78,39,0.108,0.211,0.158,11.4,6.5,9.7,3,50,1009.7
10,2025-03-18,12.2,17.2,7.4,0.00,0.00,0.00,0.0,39510.17,16.81,24.1,37.8,146,2.77,6.9,71,85,54,0.098,0.207,0.158,11.2,7.0,9.8,3,84,1003.9
10,2025-03-19,10.7,13.0,8.7,0.20,0.20,0.00,1.0,40264.81,17.39,34.0,51.1,337,2.26,7.4,81,92,73,0.095,0.204,0.158,11.2,7.4,10.0,51,62,1010.4
10,2025-03-20,7.4,8.9,5.7,2.90,2.90,0.00,10.0,27966.83,9.75,26.0,39.6,351,1.27,5.1,86,92,76,0.119,0.201,0.158,9.1,7.6,9.4,53,92,1020.0
10,2025-03-21,7.1,9.1,5.4,0.70,0.70,0.00,3.0,10800.00,6.60,20.6,33.5,46,1.31,3.4,78,86,66,0.142,0.200,0.158,7.7,7.7,7.8,51,85,1024.7
10,2025-03-22,8.2,9.8,7.2,2.70,2.70,0.00,7.0,0.00,2.88,18.3,27.7,74,0.78,6.0,86,91,74,0.169,0.199,0.158,7.7,7.6,7.7,53,100,1019.7
10,2025-03-23,8.4,8.9,7.8,3.20,3.20,0.00,17.0,0.00,3.83,10.7,19.4,275,0.60,7.5,94,97,88,0.202,0.198,0.158,8.4,7.5,8.1,53,99,1018.2
10,2025-03-24,5.2,8.0,3.3,4.60,4.60,0.00,19.0,0.00,6.25,31.7,46.8,4,0.96,3.0,86,91,79,0.239,0.200,0.158,6.9,7.5,7.6,51,98,1024.0
10,2025-03-25,7.1,11.2,3.9,0.30,0.30,0.00,3.0,39763.60,15.63,24.1,34.9,23,2.19,2.5,74,88,54,0.244,0.202,0.158,7.3,7.3,6.9,51,52,1028.3
10,2025-03-26,7.2,11.7,3.1,0.00,0.00,0.00,0.0,41075.17,19.86,16.2,22.7,80,2.55,3.1,76,90,54,0.225,0.204,0.158,8.3,7.3,7.5,2,9,1025.1
10,2025-03-27,7.0,10.6,3.4,0.40,0.40,0.00,3.0,42727.30,16.11,11.0,18.4,149,2.02,3.7,80,92,67,0.208,0.204,0.158,8.3,7.3,8.0,51,51,1021.6
10,2025-03-28,8.1,12.3,3.2,0.00,0.00,0.00,0.0,40898.94,20.16,11.6,20.5,130,2.53,4.7,81,99,58,0.195,0.203,0.158,8.8,7.4,8.2,2,19,1020.7
10,2025-03-29,11.5,17.7,5.7,0.00,0.00,0.00,0.0,43083.92,19.89,25.7,40.3,112,3.37,5.2,68,88,44,0.176,0.203,0.158,10.1,7.5,8.9,2,30,1018.0
10,2025-03-30,15.6,21.6,10.3,0.00,0.00,0.00,0.0,43421.43,20.46,32.8,49.7,126,5.08,5.8,54,70,38,0.146,0.201,0.158,12.6,7.7,10.4,3,21,1014.9
10,2025-03-31,18.6,25.0,13.5,0.00,0.00,0.00,0.0,44077.56,20.70,39.9,59.4,132,6.72,5.7,44,55,30,0.104,0.198,0.158,15.0,8.1,12.0,3,27,1010.4
10,2025-04-01,13.3,19.8,9.6,0.00,0.00,0.00,0.0,44097.27,20.31,33.7,49.3,262,2.97,9.2,78,94,42,0.077,0.195,0.158,14.8,8.8,13.1,3,24,1014.4
10,2025-04-02,14.5,21.6,7.2,0.00,0.00,0.00,0.0,39689.91,19.97,26.6,42.8,131,4.11,7.5,68,99,38,0.069,0.193,0.158,14.0,9.4,12.3,3,57,1014.4
10,2025-04-03,15.8,18.8,12.9,1.30,1.30,0.00,6.0,44136.83,19.60,32.6,54.0,235,3.93,8.8,64,87,47,0.066,0.190,0.158,15.7,9.8,13.6,51,40,1001.9
10,2025-04-04,12.4,14.9,9.9,1.20,1.20,0.00,6.0,33046.16,14.94,28.2,40.7,301,2.09,9.9,85,95,70,0.071,0.188,0.158,13.7,10.1,13.1,51,57,1013.3
10,2025-04-05,12.7,18.7,7.0,0.10,0.10,0.00,1.0,35439.43,19.19,19.3,32.8,143,3.25,7.8,75,100,46,0.075,0.185,0.158,13.4,10.4,12.5,51,78,1013.1
10,2025-04-06,13.9,15.6,10.6,1.10,1.10,0.00,3.0,44330.62,19.09,35.7,52.6,269,2.64,10.4,80,94,63,0.086,0.184,0.159,14.5,10.7,13.4,53,44,1004.2
10,2025-04-07,13.9,21.1,7.6,0.00,0.00,0.00,0.0,35014.06,19.26,13.8,23.0,142,3.16,9.6,78,100,48,0.079,0.182,0.159,14.2,10.9,13.2,3,63,1014.8
10,2025-04-08,16.7,20.1,12.9,0.00,0.00,0.00,0.0,43095.35,21.62,27.6,34.2,171,4.20,9.6,64,83,55,0.069,0.180,0.159,16.0,11.4,14.5,3,59,1010.9
10,2025-04-09,15.4,20.0,11.7,0.00,0.00,0.00,0.0,41523.34,21.10,31.7,44.3,351,3.79,10.1,72,87,53,0.061,0.178,0.159,16.8,11.6,15.1,3,59,1011.9
10,2025-04-10,10.8,12.2,8.6,2.50,2.50,0.00,3.0,28411.38,13.88,26.7,41.4,323,1.99,7.9,83,94,69,0.061,0.176,0.159,13.8,11.7,14.3,55,92,1007.9
10,2025-04-11,8.4,10.3,6.8,2.80,2.80,0.00,4.0,23861.86,11.36,26.4,39.2,352,1.89,4.5,77,86,64,0.128,0.174,0.158,10.9,11.5,12.1,53,94,1011.3
10,2025-04-12,9.0,14.1,4.3,0.30,0.30,0.00,3.0,42876.51,19.38,28.0,43.2,89,2.73,3.9,71,85,54,0.119,0.174,0.158,10.3,11.3,10.7,51,75,1012.7
10,2025-04-13,11.7,14.8,8.9,0.00,0.00,0.00,0.0,40829.40,16.12,16.9,25.6,310,2.44,8.0,78,89,63,0.110,0.173,0.158,12.5,11.2,12.0,3,69,1015.3
10,2025-04-14,14.5,19.8,9.6,0.90,0.90,0.00,4.0,43637.92,17.32,29.1,36.4,39,3.46,8.8,71,91,50,0.105,0.172,0.158,13.7,11.4,13.0,53,78,1022.7
10,2025-04-15,14.6,16.6,13.4,8.60,8.60,0.00,12.0,186.59,6.37,36.4,53.3,71,3.20,7.2,62,76,50,0.126,0.171,0.158,13.6,11.3,13.4,61,97,1022.5
10,2025-04-16,14.6,18.3,12.1,0.00,0.00,0.00,0.0,23391.33,13.07,29.7,41.4,52,4.19,4.3,52,66,35,0.168,0.171,0.158,13.1,11.1,12.4,3,98,1021.5
10,2025-04-17,14.0,18.9,9.3,0.00,0.00,0.00,0.0,45140.77,23.01,27.4,40.3,28,4.90,3.3,51,68,30,0.128,0.171,0.158,13.4,11.3,12.6,3,59,1024.5
10,2025-04-18,15.6,21.5,9.9,0.00,0.00,0.00,0.0,46800.00,23.14,17.9,24.5,10,4.43,6.1,56,75,29,0.095,0.170,0.158,15.0,11.7,13.5,2,10,1025.1
10,2025-04-19,15.2,21.0,10.4,0.00,0.00,0.00,0.0,46800.00,24.42,19.6,31.0,135,4.74,5.1,52,73,32,0.077,0.169,0.158,15.1,11.9,14.4,1,7,1024.0
10,2025-04-20,15.9,21.9,9.4,0.00,0.00,0.00,0.0,46800.00,24.64,31.3,46.1,123,5.73,2.8,46,80,21,0.056,0.167,0.158,15.3,11.9,14.2,0,0,1021.0
10,2025-04-21,19.1,24.8,13.9,0.10,0.10,0.00,1.0,46598.69,23.26,42.2,64.4,127,7.48,1.9,33,45,20,0.044,0.166,0.158,17.4,11.8,14.8,51,48,1017.8
10,2025-04-22,19.6,23.4,15.8,0.30,0.30,0.00,3.0,41205.35,17.32,33.0,50.4,141,6.28,4.1,36,53,28,0.046,0.164,0.158,18.2,12.1,15.9,51,69,1016.9
10,2025-04-23,15.6,20.0,10.9,0.60,0.60,0.00,3.0,44561.92,20.36,17.8,36.4,171,3.72,9.2,67,86,49,0.049,0.163,0.158,17.0,12.9,16.2,51,79,1013.0
10,2025-04-24,15.3,18.8,12.3,0.00,0.00,0.00,0.0,46800.00,23.64,19.2,31.7,221,3.68,11.0,77,96,56,0.049,0.162,0.158,17.6,13.4,16.5,3,32,1007.9
10,2025-04-25,16.3,21.2,12.1,0.00,0.00,0.00,0.0,37363.25,20.97,12.4,21.2,231,3.53,12.7,81,100,57,0.044,0.163,0.158,19.0,13.6,17.0,3,65,1006.4
10,2025-04-26,18.9,23.8,14.5,0.00,0.00,0.00,0.0,46800.00,23.90,22.7,38.5,319,4.71,12.7,69,92,46,0.040,0.162,0.159,20.3,13.7,17.8,3,22,1005.6
10,2025-04-27,18.2,22.6,14.7,2.60,2.60,0.00,5.0,40895.50,19.58,33.0,49.3,341,4.08,12.8,71,86,57,0.052,0.161,0.159,19.2,14.0,17.8,61,46,1007.6
10,2025-04-28,11.8,14.2,9.3,0.00,0.00,0.00,0.0,27051.21,11.57,30.2,45.0,324,3.06,4.0,61,92,40,0.056,0.160,0.159,14.6,14.0,16.1,3,61,1022.9
10,2025-04-29,11.5,15.3,6.5,0.00,0.00,0.00,0.0,46800.00,23.06,18.4,29.5,334,3.87,1.9,55,84,32,0.049,0.159,0.159,14.5,14.0,14.1,2,24,1029.8
10,2025-04-30,12.4,15.2,9.8,0.80,0.80,0.00,3.0,15757.64,10.27,29.5,45.4,122,3.02,3.0,54,82,29,0.051,0.158,0.159,13.5,13.9,14.4,51,86,1024.5
10,2025-05-01,13.9,17.3,11.1,0.00,0.00,0.00,0.0,46223.06,23.19,17.3,27.0,263,3.57,9.6,76,91,60,0.056,0.158,0.159,16.8,13.9,15.1,3,39,1021.5
10,2025-05-02,16.4,22.3,10.2,0.00,0.00,0.00,0.0,43200.00,24.20,40.2,62.3,152,4.91,9.7,68,93,45,0.048,0.157,0.159,16.7,13.7,15.7,3,26,1014.8
10,2025-05-03,15.3,20.8,10.4,0.00,0.00,0.00,0.0,43558.17,23.08,24.2,35.3,303,3.87,11.2,78,99,56,0.053,0.158,0.159,17.7,13.8,16.3,3,50,1012.7
10,2025-05-04,19.0,24.0,14.4,1.80,1.80,0.00,3.0,36937.47,20.09,19.5,27.7,47,4.71,10.4,59,78,41,0.055,0.157,0.159,18.6,14.4,17.4,55,78,1015.9
10,2025-05-05,20.2,25.5,15.7,0.60,0.60,0.00,5.0,40896.39,18.12,23.9,42.5,133,5.10,10.2,54,83,34,0.054,0.156,0.159,20.2,14.7,18.4,51,89,1010.2
10,2025-05-06,16.2,20.1,13.4,4.70,4.70,0.00,5.0,45918.34,19.54,24.1,40.0,301,3.16,13.1,82,95,71,0.079,0.156,0.160,18.2,14.7,17.9,61,74,1008.4
10,2025-05-07,16.6,20.2,13.8,0.00,0.00,0.00,0.0,41403.80,20.40,26.7,43.2,302,3.55,12.6,78,92,61,0.085,0.155,0.160,18.1,14.4,16.8,2,30,1009.8
10,2025-05-08,18.0,22.7,13.4,0.00,0.00,0.00,0.0,43200.00,24.12,17.0,30.6,271,4.71,11.0,65,82,49,0.068,0.155,0.160,19.1,14.9,17.3,3,30,1010.2
10,2025-05-09,19.7,24.4,14.6,0.00,0.00,0.00,0.0,46800.00,23.52,15.0,25.2,325,4.70,13.5,69,89,49,0.047,0.154,0.160,21.2,15.5,18.6,3,20,1014.2
10,2025-05-10,21.5,27.0,16.7,0.00,0.00,0.00,0.0,46800.00,24.85,18.6,30.2,140,5.62,11.3,54,74,33,0.036,0.153,0.159,22.6,15.9,19.9,3,22,1014.8
10,2025-05-11,21.1,26.7,16.1,0.00,0.00,0.00,0.0,45572.16,24.47,15.6,28.1,183,5.74,10.9,55,78,33,0.036,0.152,0.159,22.7,16.4,20.6,3,45,1010.5
10,2025-05-12,19.5,24.9,14.9,0.00,0.00,0.00,0.0,43808.34,21.83,20.0,35.3,294,4.21,15.0,77,99,55,0.043,0.152,0.159,22.2,16.7,20.7,3,90,1007.2
10,2025-05-13,19.9,24.0,16.7,0.60,0.60,0.00,5.0,45174.03,21.12,15.5,35.3,217,4.15,14.2,70,84,55,0.042,0.151,0.159,22.7,17.0,20.8,51,78,1004.5
10,2025-05-14,17.7,20.3,15.5,0.00,0.00,0.00,0.0,43610.47,22.60,35.4,55.4,300,3.68,13.9,79,98,63,0.049,0.150,0.160,20.1,17.0,20.1,3,55,1006.1
10,2025-05-15,20.3,25.3,15.2,0.00,0.00,0.00,0.0,45886.73,17.90,31.5,42.5,12,4.91,11.7,61,86,36,0.045,0.150,0.160,21.1,17.1,19.5,3,54,1014.0
10,2025-05-16,18.0,20.4,15.0,9.90,9.90,0.00,14.0,27743.76,12.43,37.9,58.3,352,2.72,14.1,78,88,56,0.129,0.149,0.160,19.3,17.3,19.6,63,87,1013.9
10,2025-05-17,18.6,23.3,13.9,0.00,0.00,0.00,0.0,46800.00,25.44,20.1,29.5,314,4.63,11.7,68,90,40,0.127,0.149,0.160,19.3,17.3,18.6,3,15,1018.5
10,2025-05-18,20.1,24.9,14.6,0.00,0.00,0.00,0.0,46800.00,25.28,29.5,45.4,139,5.53,11.2,60,88,35,0.094,0.149,0.160,19.5,17.3,18.9,3,19,1016.4
10,2025-05-19,20.0,24.0,17.0,0.90,0.90,0.00,2.0,45834.81,23.82,33.0,49.7,273,5.57,11.1,58,82,37,0.068,0.148,0.160,20.3,17.0,19.0,53,21,1011.9
10,2025-05-20,19.9,24.1,15.9,0.00,0.00,0.00,0.0,46948.08,25.65,30.4,43.6,344,5.20,11.3,60,83,37,0.061,0.148,0.160,21.8,17.2,19.8,3,26,1015.3
10,2025-05-21,21.1,25.3,17.7,0.00,0.00,0.00,0.0,46786.24,22.22,31.3,50.4,8,5.97,9.7,49,57,35,0.039,0.147,0.159,22.4,17.5,20.7,3,42,1012.9
10,2025-05-22,18.1,21.4,14.7,0.00,0.00,0.00,0.0,47249.23,25.98,25.3,41.4,297,4.99,11.1,65,82,47,0.042,0.146,0.159,21.0,17.3,20.2,1,7,1019.8
10,2025-05-23,19.2,24.7,13.2,0.00,0.00,0.00,0.0,46993.19,26.15,16.6,28.4,276,5.23,11.1,64,92,33,0.034,0.146,0.159,22.1,17.9,20.3,3,29,1019.4
10,2025-05-24,23.3,29.2,16.8,0.00,0.00,0.00,0.0,38897.11,22.32,25.6,34.2,56,6.79,6.9,38,66,19,0.032,0.145,0.159,24.1,18.1,21.6,3,62,1014.5
10,2025-05-25,23.3,26.9,20.2,0.00,0.00,0.00,0.0,40541.67,14.98,36.9,56.5,31,7.06,6.6,35,52,24,0.030,0.144,0.159,23.4,18.1,22.0,3,72,1015.3
10,2025-05-26,23.1,28.6,16.6,0.00,0.00,0.00,0.0,48358.49,26.46,35.0,52.2,58,7.89,4.0,32,56,16,0.026,0.144,0.159,24.6,18.5,22.0,0,1,1018.8
10,2025-05-27,22.1,27.4,16.5,0.00,0.00,0.00,0.0,49006.48,27.26,30.9,45.0,82,8.87,0.5,25,33,16,0.028,0.143,0.159,23.8,18.7,22.5,0,0,1018.8
10,2025-05-28,23.2,28.5,17.4,0.00,0.00,0.00,0.0,48909.03,27.13,25.1,35.6,83,8.27,2.4,26,40,17,0.030,0.142,0.159,24.8,18.9,22.6,3,7,1016.9
10,2025-05-29,25.0,30.8,19.4,0.00,0.00,0.00,0.0,48817.99,27.26,29.4,46.1,113,9.15,4.3,28,42,16,0.032,0.142,0.159,25.6,19.1,23.1,0,3,1013.7
10,2025-05-30,26.2,32.2,19.6,0.00,0.00,0.00,0.0,48732.99,26.61,24.8,41.4,100,9.05,4.9,27,44,15,0.031,0.141,0.159,26.7,19.5,23.9,3,35,1010.9
10,2025-05-31,26.9,33.3,21.5,0.00,0.00,0.00,0.0,47623.58,26.36,22.4,38.2,147,8.61,7.4,31,62,17,0.031,0.141,0.159,28.1,20.1,25.0,3,38,1011.1
10,2025-06-01,24.7,31.7,17.5,0.00,0.00,0.00,0.0,48315.40,26.64,18.3,31.3,313,6.65,13.7,55,92,29,0.030,0.140,0.159,27.3,20.5,25.1,1,11,1013.2
10,2025-06-02,27.0,32.3,20.4,0.00,0.00,0.00,0.0,48566.04,24.68,25.7,43.9,1,7.04,13.2,46,72,27,0.029,0.140,0.159,29.3,20.9,25.9,1,21,1009.9
10,2025-06-03,26.4,30.4,22.8,0.00,0.00,0.00,0.0,46021.28,22.25,37.6,59.4,9,8.83,12.1,43,66,28,0.031,0.139,0.159,27.4,21.1,25.9,3,53,1008.4
10,2025-06-04,24.3,28.6,19.5,0.00,0.00,0.00,0.0,49631.62,27.12,25.6,42.1,348,8.40,8.1,39,65,21,0.033,0.139,0.159,26.7,21.2,24.8,2,35,1011.5
10,2025-06-05,22.2,27.4,17.6,0.40,0.40,0.00,1.0,46614.78,22.79,29.1,47.5,306,5.68,13.6,59,73,45,0.034,0.138,0.159,25.0,21.6,24.6,51,66,1011.8
10,2025-06-06,20.9,23.3,18.8,0.00,0.00,0.00,0.0,49818.80,26.08,33.9,54.4,288,5.96,13.0,61,74,47,0.044,0.138,0.159,23.4,21.4,23.6,1,8,1012.5
10,2025-06-07,20.6,23.4,17.5,3.00,3.00,0.00,10.0,40924.81,19.84,25.7,37.4,289,4.54,15.0,71,82,54,0.056,0.138,0.159,22.8,21.5,23.0,53,52,1011.5
10,2025-06-08,22.4,26.7,17.8,0.10,0.10,0.00,1.0,48163.31,23.46,21.4,33.5,327,5.30,15.5,67,90,44,0.054,0.138,0.159,24.3,21.5,23.3,51,27,1013.9
10,2025-06-09,23.4,27.0,19.8,0.10,0.10,0.00,1.0,45853.58,21.06,16.7,33.5,354,5.12,14.6,60,81,38,0.043,0.138,0.159,25.3,21.4,23.9,51,51,1013.2
10,2025-06-10,23.3,27.0,19.2,0.00,0.00,0.00,0.0,41837.65,21.43,16.8,27.4,247,4.65,16.6,68,94,46,0.040,0.137,0.159,25.7,21.5,24.5,3,80,1012.8
10,2025-06-11,22.5,26.1,18.8,0.00,0.00,0.00,0.0,49747.33,25.67,16.4,31.0,252,5.05,17.4,74,93,57,0.038,0.137,0.159,26.2,21.5,24.8,1,18,1012.9
10,2025-06-12,22.3,27.3,17.4,0.00,0.00,0.00,0.0,45393.48,26.66,23.8,41.0,176,5.70,15.0,67,95,40,0.030,0.138,0.158,26.7,21.6,24.7,3,38,1013.0
10,2025-06-13,24.1,29.3,17.7,0.00,0.00,0.00,0.0,51032.29,27.19,15.1,28.1,307,6.26,12.2,49,68,30,0.036,0.138,0.158,26.8,21.9,25.0,0,1,1013.4
10,2025-06-14,26.3,32.2,20.8,0.00,0.00,0.00,0.0,49962.96,23.68,17.8,34.2,342,6.31,15.7,54,77,32,0.034,0.137,0.158,28.1,22.3,25.9,3,34,1010.3
10,2025-06-15,23.5,27.7,20.5,0.00,0.00,0.00,0.0,47006.23,23.90,27.7,44.3,318,4.99,19.3,79,100,57,0.043,0.137,0.158,26.7,22.2,25.6,3,46,1007.3
10,2025-06-16,23.3,26.8,21.1,0.30,0.30,0.00,3.0,46672.36,22.04,32.3,50.4,5,5.49,16.9,68,82,51,0.044,0.137,0.158,25.9,22.0,24.7,51,50,1005.7
10,2025-06-17,23.0,27.9,18.6,0.00,0.00,0.00,0.0,49891.77,25.86,28.0,45.4,334,6.41,14.6,62,88,37,0.040,0.137,0.158,25.6,22.3,24.4,2,14,1007.7
10,2025-06-18,21.6,24.0,18.8,1.00,1.00,0.00,4.0,51367.86,24.92,27.5,45.0,281,5.15,15.8,70,84,60,0.039,0.136,0.158,24.1,22.3,24.2,53,14,1011.0
10,2025-06-19,22.3,24.3,19.9,0.00,0.00,0.00,0.0,51006.67,25.43,32.8,53.6,265,5.56,15.9,68,81,56,0.042,0.136,0.158,24.0,22.3,23.9,1,12,1011.1
10,2025-06-20,23.7,27.4,20.3,0.00,0.00,0.00,0.0,51592.49,27.12,28.5,39.2,245,6.15,16.5,66,84,44,0.040,0.136,0.158,25.3,22.5,24.4,0,3,1010.6
10,2025-06-21,23.9,28.5,18.8,0.00,0.00,0.00,0.0,44683.28,25.02,27.2,42.5,326,5.93,16.9,68,95,43,0.033,0.135,0.158,27.1,22.5,25.2,3,32,1009.9
10,2025-06-22,21.9,23.8,19.1,1.40,1.40,0.00,5.0,49464.77,22.37,26.7,43.2,330,5.49,13.3,59,71,49,0.039,0.135,0.159,24.9,22.1,24.9,51,30,1013.1
10,2025-06-23,20.6,24.8,16.6,0.10,0.10,0.00,1.0,42368.99,19.94,20.0,38.9,308,4.32,14.6,70,91,48,0.054,0.135,0.159,23.3,22.3,23.7,51,52,1012.7
10,2025-06-24,20.3,22.8,17.9,2.10,2.10,0.00,5.0,49684.57,18.69,27.9,43.2,335,4.16,14.0,68,80,56,0.074,0.135,0.159,21.9,22.2,23.0,53,38,1010.9
10,2025-06-25,20.5,23.9,16.9,0.30,0.30,0.00,2.0,51541.17,24.65,23.0,35.6,290,5.05,14.3,68,85,53,0.070,0.135,0.159,22.0,22.0,22.2,51,20,1013.3
10,2025-06-26,22.0,26.3,16.9,0.00,0.00,0.00,0.0,52530.29,27.51,23.6,38.5,208,5.54,15.9,70,87,48,0.048,0.134,0.159,23.7,21.8,22.6,0,0,1012.5
10,2025-06-27,22.1,25.5,18.6,1.10,1.10,0.00,4.0,52288.64,21.98,25.8,40.3,239,4.51,17.2,75,97,55,0.048,0.134,0.159,24.0,21.8,23.4,53,24,1009.6
10,2025-06-28,21.8,24.1,19.1,0.00,0.00,0.00,0.0,52666.88,28.75,27.8,45.0,295,6.45,12.5,58,83,40,0.050,0.134,0.158,23.8,21.6,23.2,1,3,1010.4
10,2025-06-29,21.9,28.1,14.5,0.00,0.00,0.00,0.0,44066.53,26.77,14.5,28.4,343,5.95,11.2,55,86,27,0.039,0.133,0.159,24.8,21.8,23.2,3,28,1006.3
10,2025-06-30,26.0,29.6,21.5,0.20,0.20,0.00,2.0,47194.01,24.23,23.3,31.0,39,7.85,9.8,37,48,26,0.034,0.133,0.159,27.6,22.0,24.9,51,44,1003.3
10,2025-07-01,25.3,29.6,21.2,0.00,0.00,0.00,0.0,52239.51,27.53,29.9,46.8,331,7.41,14.8,54,72,39,0.035,0.133,0.159,27.9,22.1,25.7,2,11,1005.0
10,2025-07-02,25.2,29.2,21.4,0.00,0.00,0.00,0.0,51053.65,26.01,26.7,41.0,344,7.34,14.0,52,75,35,0.030,0.132,0.158,27.9,22.2,25.8,1,11,1008.6
10,2025-07-03,24.2,27.6,20.4,0.00,0.00,0.00,0.0,46763.53,20.16,30.4,43.9,355,6.24,13.9,54,71,40,0.034,0.132,0.158,26.7,22.5,25.6,3,70,1010.3
10,2025-07-04,25.4,29.5,20.9,0.00,0.00,0.00,0.0,50513.94,25.76,26.0,37.8,358,7.56,13.5,50,70,35,0.036,0.132,0.158,27.7,22.7,25.7,2,25,1013.1
10,2025-07-05,27.3,31.6,23.4,0.60,0.60,0.00,3.0,39668.20,19.90,27.2,37.8,25,6.80,12.5,41,57,28,0.032,0.131,0.158,29.1,23.3,26.8,51,74,1012.4
10,2025-07-06,25.4,28.8,22.2,1.50,1.50,0.00,3.0,28700.55,15.56,27.8,38.5,348,5.20,16.7,59,73,46,0.045,0.130,0.158,26.9,23.2,26.5,55,67,1012.9
10,2025-07-07,25.9,31.0,20.2,0.20,0.20,0.00,2.0,50884.45,24.07,23.7,33.1,343,6.13,16.5,59,87,36,0.038,0.130,0.158,27.6,23.5,26.2,51,16,1012.4
10,2025-07-08,27.0,32.4,20.5,0.00,0.00,0.00,0.0,52074.71,28.53,26.0,38.5,30,8.95,9.1,35,58,20,0.033,0.129,0.158,28.4,23.4,26.6,0,1,1012.0
10,2025-07-09,28.0,33.4,20.8,0.00,0.00,0.00,0.0,52454.42,28.52,22.7,32.8,38,8.41,10.3,35,53,22,0.031,0.129,0.158,30.1,23.5,27.2,0,0,1010.8
10,2025-07-10,28.3,32.0,23.5,0.00,0.00,0.00,0.0,48509.04,27.13,29.6,42.5,117,9.43,7.0,26,34,20,0.031,0.129,0.158,30.3,23.9,28.2,3,48,1012.3
10,2025-07-11,28.7,33.0,24.0,0.00,0.00,0.00,0.0,49968.26,24.05,18.2,29.9,120,7.97,8.9,30,40,23,0.030,0.128,0.158,30.6,24.3,28.4,3,44,1012.3
10,2025-07-12,29.9,35.8,23.7,0.00,0.00,0.00,0.0,50305.69,26.82,23.8,38.5,321,8.39,11.9,36,63,19,0.030,0.128,0.158,32.1,24.6,29.1,1,7,1012.4
10,2025-07-13,32.3,37.2,26.6,0.00,0.00,0.00,0.0,51339.81,24.96,17.7,31.3,29,8.50,11.7,30,45,18,0.030,0.128,0.158,33.5,25.1,30.1,2,22,1011.4
10,2025-07-14,32.0,35.7,26.4,0.00,0.00,0.00,0.0,51824.55,26.76,20.8,29.2,16,8.89,11.7,30,44,22,0.030,0.128,0.158,34.6,25.6,31.0,0,3,1008.8
10,2025-07-15,30.5,35.4,25.4,0.00,0.00,0.00,0.0,51845.24,27.73,20.9,30.2,130,8.93,9.8,28,49,19,0.030,0.127,0.158,33.6,26.3,31.5,2,17,1005.3
10,2025-07-16,28.1,31.5,23.7,0.00,0.00,0.00,0.0,47769.94,21.05,15.2,27.7,243,5.35,17.7,55,78,40,0.030,0.127,0.158,31.7,26.9,31.0,3,56,1004.0
10,2025-07-17,27.6,32.0,22.1,0.00,0.00,0.00,0.0,50486.51,26.77,24.6,36.0,293,6.79,17.7,58,82,30,0.031,0.127,0.157,31.6,27.1,30.3,2,10,1005.0
10,2025-07-18,28.8,32.9,24.5,0.00,0.00,0.00,0.0,51195.18,26.15,25.0,38.9,336,7.67,18.4,55,74,36,0.033,0.127,0.157,32.1,26.8,30.1,0,2,1009.2
10,2025-07-19,30.6,36.0,23.5,0.00,0.00,0.00,0.0,51218.80,27.18,21.6,38.5,27,7.50,16.6,46,72,30,0.031,0.127,0.157,33.8,27.3,30.8,0,1,1010.4
10,2025-07-20,33.2,37.9,29.0,0.00,0.00,0.00,0.0,51242.64,26.72,28.1,41.4,115,10.79,13.1,30,41,20,0.030,0.126,0.157,34.9,27.6,32.1,0,2,1007.7
10,2025-07-21,31.2,35.7,27.1,0.00,0.00,0.00,0.0,50911.67,26.18,28.9,43.2,171,8.66,14.9,38,63,29,0.031,0.126,0.157,33.5,28.0,32.1,1,9,1008.2
10,2025-07-22,30.0,34.9,25.2,0.00,0.00,0.00,0.0,50936.79,23.42,16.9,32.0,308,6.85,15.4,44,68,21,0.031,0.126,0.157,32.6,28.4,31.7,3,41,1008.2
10,2025-07-23,30.1,35.5,24.8,0.00,0.00,0.00,0.0,50608.47,26.87,19.8,29.5,9,7.65,18.3,54,82,28,0.032,0.126,0.157,33.2,28.4,31.6,1,2,1006.8
10,2025-07-24,29.8,33.9,25.0,0.00,0.00,0.00,0.0,50634.65,24.62,21.9,38.2,318,7.37,16.2,45,74,31,0.031,0.126,0.157,33.2,28.6,31.9,0,6,1005.2
10,2025-07-25,28.0,31.4,25.4,0.00,0.00,0.00,0.0,50660.95,26.70,33.7,52.9,295,7.14,19.9,63,86,39,0.035,0.126,0.157,31.3,28.3,30.9,0,1,1005.4
10,2025-07-26,27.6,30.7,24.5,0.00,0.00,0.00,0.0,50387.60,24.58,27.2,43.6,304,6.89,18.8,61,83,42,0.035,0.126,0.157,30.5,28.3,30.0,1,6,1008.0
10,2025-07-27,27.2,30.8,23.1,2.40,2.40,0.00,3.0,49203.59,23.12,22.7,41.8,271,5.84,19.3,64,81,41,0.042,0.126,0.157,30.4,28.6,30.1,61,40,1008.7
10,2025-07-28,25.5,30.6,20.9,0.20,0.20,0.00,1.0,50260.98,22.89,24.1,34.9,51,7.20,13.1,47,59,35,0.044,0.126,0.157,28.8,28.3,29.5,51,33,1007.0
10,2025-07-29,26.1,30.8,19.8,0.00,0.00,0.00,0.0,50214.12,26.92,20.3,29.9,16,7.49,11.7,42,54,30,0.034,0.126,0.157,29.6,27.8,29.0,0,0,1007.1
10,2025-07-30,26.4,30.6,21.0,0.00,0.00,0.00,0.0,50174.37,26.58,22.8,38.5,324,7.02,14.6,49,68,36,0.032,0.125,0.157,30.2,27.5,29.3,0,0,1008.2
10,2025-07-31,27.3,32.4,20.8,0.00,0.00,0.00,0.0,49989.22,26.36,20.0,37.8,344,6.97,15.2,49,69,35,0.031,0.125,0.157,31.1,27.5,29.6,0,0,1008.3
10,2025-08-01,29.7,34.4,24.5,0.00,0.00,0.00,0.0,49670.91,25.64,18.8,29.9,76,7.53,11.7,34,47,22,0.030,0.125,0.157,32.3,27.8,30.5,1,8,1009.1
10,2025-08-02,30.1,34.7,25.5,0.00,0.00,0.00,0.0,45827.07,21.71,23.4,38.9,109,8.45,9.9,29,47,20,0.030,0.125,0.157,31.9,28.0,31.0,3,28,1010.4
10,2025-08-03,31.3,35.6,26.8,0.00,0.00,0.00,0.0,47611.42,20.38,25.5,43.2,119,8.59,11.6,30,46,25,0.030,0.125,0.157,31.7,28.2,30.8,3,32,1010.8
10,2025-08-04,32.1,36.1,28.1,0.00,0.00,0.00,0.0,48730.40,24.06,29.6,45.0,123,9.75,11.1,28,33,23,0.032,0.124,0.157,32.9,28.3,31.1,1,10,1012.3
10,2025-08-05,30.1,34.7,26.4,0.00,0.00,0.00,0.0,48761.73,23.12,28.1,39.6,120,9.01,9.8,29,47,22,0.032,0.124,0.157,32.3,28.5,31.2,3,18,1013.7
10,2025-08-06,29.2,34.5,24.2,0.00,0.00,0.00,0.0,48454.36,25.33,16.2,28.4,186,7.78,10.6,33,57,20,0.030,0.124,0.157,32.0,28.7,31.1,0,5,1012.1
10,2025-08-07,30.2,35.4,24.4,0.00,0.00,0.00,0.0,48149.26,25.48,19.7,33.5,339,7.54,14.6,41,58,22,0.030,0.124,0.157,33.1,28.9,31.5,0,1,1010.3
10,2025-08-08,30.3,35.4,25.1,0.20,0.20,0.00,2.0,47170.57,22.30,32.2,55.1,21,8.43,14.0,37,46,27,0.031,0.124,0.157,33.0,28.8,31.7,51,23,1010.8
10,2025-08-09,29.1,32.5,25.7,0.10,0.10,0.00,1.0,46650.22,20.64,25.5,37.8,345,7.14,16.6,48,67,35,0.032,0.124,0.157,32.0,28.6,31.1,51,32,1013.2
10,2025-08-10,28.4,32.3,24.7,0.00,0.00,0.00,0.0,46800.00,20.69,24.9,42.8,357,7.39,14.2,43,62,29,0.032,0.123,0.157,31.2,29.0,30.9,3,32,1013.3
10,2025-08-11,26.4,29.9,22.1,1.10,1.10,0.00,3.0,47621.34,23.41,22.0,32.0,302,6.51,15.5,52,64,40,0.042,0.123,0.157,30.0,28.9,30.2,53,30,1015.1
10,2025-08-12,25.3,29.1,20.4,0.00,0.00,0.00,0.0,40079.94,19.45,19.0,30.2,315,5.23,14.0,51,69,34,0.037,0.123,0.157,28.1,29.0,29.4,3,30,1013.3
10,2025-08-13,25.1,28.1,22.3,0.00,0.00,0.00,0.0,47030.77,25.04,32.6,51.5,298,6.71,14.9,55,79,35,0.037,0.123,0.157,27.8,28.5,28.6,1,7,1014.8
10,2025-08-14,24.4,27.4,21.6,0.00,0.00,0.00,0.0,47071.80,25.00,29.9,48.2,291,6.81,14.0,54,71,36,0.033,0.122,0.157,27.1,27.9,27.6,1,4,1015.8
10,2025-08-15,23.5,27.7,19.9,0.70,0.70,0.00,4.0,46800.00,19.67,25.4,40.7,280,5.03,15.8,63,85,43,0.038,0.122,0.157,25.7,27.8,27.2,51,25,1013.3
10,2025-08-16,23.4,27.9,18.3,0.10,0.10,0.00,1.0,46823.60,24.75,22.1,37.8,297,6.19,12.5,54,79,32,0.043,0.122,0.156,25.3,27.6,26.7,51,3,1012.1
10,2025-08-17,24.5,29.2,19.7,0.00,0.00,0.00,0.0,46800.00,21.68,13.6,26.6,274,5.09,15.1,57,77,40,0.037,0.122,0.156,26.2,27.5,26.9,1,5,1013.5
10,2025-08-18,25.8,31.6,19.2,0.00,0.00,0.00,0.0,46800.00,24.41,29.9,46.8,136,7.29,13.1,49,78,26,0.034,0.122,0.156,27.2,27.0,27.1,0,0,1011.5
10,2025-08-19,26.4,31.6,20.7,0.00,0.00,0.00,0.0,46800.00,23.19,14.3,27.7,232,5.92,15.0,50,73,35,0.032,0.122,0.156,29.0,27.1,27.9,0,4,1007.7
10,2025-08-20,28.3,33.3,23.4,0.00,0.00,0.00,0.0,46800.00,23.20,27.1,40.0,23,7.25,13.2,46,83,19,0.031,0.122,0.156,30.4,27.2,29.0,0,4,1008.3
10,2025-08-21,29.2,36.6,23.6,0.00,0.00,0.00,0.0,46599.48,20.58,39.9,66.6,59,9.21,8.2,28,38,16,0.030,0.121,0.156,30.5,27.3,29.4,3,17,1005.0
10,2025-08-22,26.4,30.2,22.2,0.00,0.00,0.00,0.0,46800.00,22.90,38.0,57.6,9,7.94,13.1,45,64,32,0.026,0.121,0.156,29.3,27.1,29.0,1,3,1010.9
10,2025-08-23,25.9,30.8,20.7,0.00,0.00,0.00,0.0,46800.00,23.20,28.9,44.6,121,7.37,11.4,42,56,28,0.024,0.121,0.156,27.8,27.0,28.2,0,0,1011.0
10,2025-08-24,26.7,31.8,22.4,0.00,0.00,0.00,0.0,46800.00,22.83,27.3,43.2,143,7.99,10.5,37,56,25,0.023,0.121,0.156,28.0,26.8,27.8,0,0,1009.1
10,2025-08-25,27.1,33.7,20.7,0.00,0.00,0.00,0.0,46800.00,22.68,20.7,34.6,140,7.23,11.3,39,59,23,0.023,0.121,0.156,28.3,27.1,28.1,0,1,1010.5
10,2025-08-26,27.4,34.3,21.8,0.00,0.00,0.00,0.0,46800.00,22.24,22.3,36.7,132,6.66,15.2,52,81,24,0.020,0.120,0.156,29.3,27.2,28.6,0,1,1011.2
10,2025-08-27,27.1,34.2,21.3,0.00,0.00,0.00,0.0,46800.00,21.69,34.9,49.0,12,7.17,15.8,55,88,25,0.018,0.121,0.156,28.8,26.9,28.1,0,0,1013.0
10,2025-08-28,29.0,36.5,22.9,0.00,0.00,0.00,0.0,46800.00,21.81,26.2,45.4,45,8.04,10.5,34,51,19,0.018,0.120,0.155,30.1,27.0,28.6,0,0,1013.5
10,2025-08-29,29.5,36.5,23.5,0.00,0.00,0.00,0.0,46800.00,21.62,30.5,45.0,51,9.15,7.4,26,35,16,0.018,0.120,0.155,30.1,27.6,29.6,0,0,1014.5
10,2025-08-30,28.2,33.6,23.4,0.00,0.00,0.00,0.0,46590.53,21.43,27.8,40.0,87,8.43,9.8,33,60,21,0.018,0.120,0.155,30.1,27.6,29.6,0,0,1015.4
10,2025-08-31,29.6,34.9,25.0,0.00,0.00,0.00,0.0,46295.27,21.41,32.6,49.7,125,9.98,7.1,25,44,18,0.018,0.121,0.155,29.7,27.4,29.1,0,0,1014.3
10,2025-09-01,26.7,30.8,22.4,0.00,0.00,0.00,0.0,46001.07,21.46,29.1,45.0,133,8.41,5.8,27,43,20,0.018,0.121,0.155,28.9,27.4,28.7,0,0,1012.4
10,2025-09-02,26.2,31.9,20.5,0.00,0.00,0.00,0.0,45666.94,21.15,27.2,42.8,135,7.83,5.1,26,39,18,0.018,0.122,0.156,27.4,27.6,27.9,0,1,1009.6
10,2025-09-03,27.6,32.9,23.6,0.00,0.00,0.00,0.0,44444.28,20.56,32.8,49.7,143,8.23,10.4,35,62,26,0.017,0.122,0.156,28.5,27.5,28.0,1,17,1008.1
10,2025-09-04,24.1,27.6,20.2,0.30,0.30,0.00,2.0,31214.01,12.78,21.3,35.3,335,3.91,14.2,55,74,35,0.018,0.123,0.156,26.2,27.7,27.7,51,60,1008.5
10,2025-09-05,22.4,25.7,19.4,0.00,0.00,0.00,0.0,42666.84,19.16,26.5,43.6,318,4.92,14.6,63,84,42,0.022,0.123,0.156,25.5,27.3,26.8,0,3,1011.8
10,2025-09-06,21.1,25.2,17.0,0.00,0.00,0.00,0.0,42107.74,18.29,21.2,37.1,299,4.45,13.0,61,79,46,0.022,0.122,0.156,24.4,27.1,25.8,2,11,1014.1
10,2025-09-07,21.5,26.4,16.4,0.00,0.00,0.00,0.0,41870.31,19.63,16.7,25.9,337,4.61,12.5,58,80,40,0.023,0.122,0.156,24.7,27.1,25.7,2,8,1013.8
10,2025-09-08,22.6,26.8,18.1,0.40,0.40,0.00,2.0,34465.65,13.88,21.0,24.8,12,3.47,14.7,63,84,43,0.026,0.121,0.156,25.2,26.9,26.1,51,64,1014.0
10,2025-09-09,25.3,30.8,19.7,0.00,0.00,0.00,0.0,40761.35,18.68,21.9,31.0,67,6.28,8.8,36,50,27,0.030,0.121,0.156,26.8,26.8,26.6,2,23,1013.9
10,2025-09-10,25.5,31.9,20.2,0.10,0.10,0.00,1.0,26234.20,11.61,41.5,60.8,53,6.67,7.9,34,50,22,0.026,0.121,0.156,26.5,26.7,27.1,51,58,1013.3
10,2025-09-11,22.2,27.4,18.5,1.00,1.00,0.00,5.0,36168.95,13.60,32.7,46.8,46,5.46,11.7,52,70,37,0.049,0.121,0.156,24.1,26.3,25.9,51,83,1014.3
10,2025-09-12,18.1,20.5,16.6,6.20,6.20,0.00,19.0,4206.05,5.43,25.2,37.8,42,2.54,12.4,70,82,58,0.085,0.120,0.156,20.9,25.8,24.1,53,100,1015.4
10,2025-09-13,17.5,21.4,14.3,0.00,0.00,0.00,0.0,38349.40,14.53,23.2,31.7,47,3.27,12.0,72,87,51,0.122,0.120,0.156,19.8,25.5,22.0,3,48,1020.3
10,2025-09-14,15.8,20.1,12.0,0.00,0.00,0.00,0.0,39600.00,17.77,23.3,36.0,14,4.13,7.2,60,82,32,0.098,0.121,0.156,18.4,24.8,20.9,3,14,1024.7
10,2025-09-15,17.1,21.9,12.6,0.00,0.00,0.00,0.0,39600.00,18.09,15.8,28.1,353,4.20,7.6,57,79,33,0.072,0.121,0.156,18.4,24.1,20.0,0,0,1023.4
10,2025-09-16,16.6,22.4,10.7,0.00,0.00,0.00,0.0,39600.00,18.14,22.4,30.6,48,3.89,4.6,49,79,26,0.047,0.121,0.156,18.9,23.8,20.4,2,8,1021.4
10,2025-09-17,17.6,22.8,11.9,0.00,0.00,0.00,0.0,39600.00,15.80,19.8,28.4,51,4.28,3.0,40,63,23,0.033,0.121,0.156,19.3,23.4,20.9,3,40,1020.4
10,2025-09-18,19.2,24.7,13.0,0.00,0.00,0.00,0.0,36863.86,16.50,26.4,41.4,105,5.97,2.1,34,52,21,0.027,0.121,0.156,19.6,22.9,20.8,3,55,1017.5
10,2025-09-19,21.2,24.7,18.2,0.70,0.70,0.00,5.0,21001.89,9.75,32.7,49.0,102,6.60,3.8,32,39,27,0.026,0.121,0.156,21.4,22.5,21.3,51,92,1011.8
10,2025-09-20,17.8,20.7,14.9,1.90,1.90,0.00,7.0,1243.08,5.29,30.9,46.1,42,3.75,8.4,56,75,35,0.051,0.121,0.156,20.1,22.4,21.3,53,100,1007.3
10,2025-09-21,16.2,18.6,14.5,0.70,0.70,0.00,6.0,16233.06,9.93,27.3,41.8,347,2.47,11.9,76,87,62,0.065,0.120,0.156,18.4,22.2,20.0,51,94,1014.6
10,2025-09-22,18.5,23.1,13.8,0.00,0.00,0.00,0.0,39600.00,16.34,17.4,28.8,316,3.44,12.7,71,92,48,0.055,0.121,0.156,19.9,22.3,20.0,3,19,1021.9
10,2025-09-23,18.9,25.2,12.2,0.00,0.00,0.00,0.0,39600.00,16.48,10.5,14.8,26,3.43,10.0,61,89,27,0.036,0.121,0.156,20.4,22.5,20.9,0,1,1024.6
10,2025-09-24,20.6,26.6,15.0,0.00,0.00,0.00,0.0,39600.00,16.05,16.1,28.4,92,4.30,9.0,50,72,32,0.037,0.121,0.156,20.9,22.5,21.8,0,1,1020.0
10,2025-09-25,20.7,26.9,15.0,0.00,0.00,0.00,0.0,39600.00,16.00,13.2,20.2,76,4.33,7.6,45,66,25,0.034,0.120,0.156,21.5,22.6,22.1,0,0,1014.1
10,2025-09-26,18.4,23.8,14.7,0.80,0.80,0.00,2.0,37445.31,14.39,30.9,51.1,321,3.13,12.8,70,83,60,0.036,0.120,0.156,19.8,22.3,21.7,53,19,1015.0
10,2025-09-27,14.4,17.1,12.1,1.50,1.50,0.00,7.0,31658.21,12.32,29.0,42.1,360,3.38,5.7,57,74,39,0.047,0.120,0.156,17.9,21.8,20.1,51,77,1023.0
10,2025-09-28,12.6,16.8,9.0,1.10,1.10,0.00,3.0,18785.01,9.58,18.8,28.8,52,2.47,3.8,57,69,36,0.047,0.120,0.156,15.6,21.7,18.5,53,69,1023.5
10,2025-09-29,15.4,21.6,9.8,0.00,0.00,0.00,0.0,38060.21,14.84,27.6,37.4,54,4.83,0.7,40,63,23,0.039,0.120,0.155,16.9,21.4,17.8,3,55,1021.1
10,2025-09-30,15.5,17.5,12.7,1.60,1.60,0.00,7.0,17973.14,8.45,36.7,55.1,67,4.16,3.8,47,65,30,0.033,0.119,0.155,17.5,21.0,18.6,53,88,1016.2
10,2025-10-01,13.2,17.4,10.4,0.50,0.50,0.00,3.0,35275.27,13.09,26.9,38.5,58,3.43,4.5,57,78,38,0.049,0.119,0.155,16.0,20.6,18.1,51,57,1023.4
10,2025-10-02,12.9,18.4,7.8,0.00,0.00,0.00,0.0,39600.00,15.47,21.8,35.6,77,4.26,-1.1,41,61,19,0.042,0.119,0.155,14.8,20.4,17.3,0,2,1026.2
10,2025-10-03,13.8,20.8,7.3,0.00,0.00,0.00,0.0,39600.00,15.54,24.7,39.2,89,5.08,-5.0,28,43,18,0.037,0.118,0.155,14.7,20.1,16.8,0,0,1026.6
10,2025-10-04,16.1,22.7,10.2,0.00,0.00,0.00,0.0,39600.00,15.07,27.4,42.8,101,5.54,-2.3,29,40,21,0.031,0.118,0.155,16.3,19.9,17.1,0,0,1026.3
10,2025-10-05,17.0,22.6,11.4,0.00,0.00,0.00,0.0,39600.00,15.01,36.5,55.8,124,6.48,-0.9,31,42,21,0.030,0.118,0.155,17.2,19.6,17.7,0,0,1023.0
10,2025-10-06,17.3,22.7,12.7,0.00,0.00,0.00,0.0,39315.70,14.63,32.3,46.8,128,5.26,-0.4,31,55,23,0.026,0.118,0.155,18.4,19.6,18.3,0,0,1018.1
10,2025-10-07,17.2,25.2,10.1,0.00,0.00,0.00,0.0,39303.00,14.64,19.7,31.7,103,5.21,-2.6,27,46,15,0.023,0.118,0.155,17.2,20.0,18.4,0,0,1017.7
10,2025-10-08,17.9,24.5,12.1,0.00,0.00,0.00,0.0,39117.82,14.42,28.3,43.9,108,6.58,-5.8,20,26,13,0.022,0.118,0.155,17.8,19.9,18.6,0,0,1016.2
10,2025-10-09,18.8,25.0,13.2,0.00,0.00,0.00,0.0,38525.57,14.04,33.9,52.2,110,7.74,-7.3,17,25,11,0.022,0.118,0.155,18.7,19.7,18.6,0,0,1014.4
10,2025-10-10,17.9,21.8,15.2,0.00,0.00,0.00,0.0,37278.49,12.76,33.6,49.0,134,5.68,1.4,39,90,16,0.022,0.118,0.155,19.0,19.8,19.1,1,10,1010.4
10,2025-10-11,16.7,20.2,13.3,0.80,0.80,0.00,5.0,36027.13,10.90,20.8,38.2,301,2.32,12.1,76,90,58,0.025,0.118,0.155,17.7,20.0,19.0,51,23,1014.0
10,2025-10-12,16.8,22.6,11.7,0.00,0.00,0.00,0.0,36977.20,12.72,18.8,31.0,120,2.72,10.4,69,86,40,0.031,0.118,0.155,17.5,20.1,18.6,1,16,1015.2
10,2025-10-13,17.5,23.5,11.9,0.30,0.30,0.00,2.0,30006.41,9.21,22.4,35.6,119,2.83,9.1,62,91,31,0.035,0.118,0.155,17.1,20.0,18.4,51,79,1013.7
10,2025-10-14,16.0,18.0,11.9,1.00,1.00,0.00,5.0,34109.83,11.95,33.0,49.7,326,2.39,11.4,75,93,59,0.053,0.118,0.155,17.5,19.8,18.4,51,48,1017.3
10,2025-10-15,13.6,19.6,8.2,0.00,0.00,0.00,0.0,36470.77,12.77,17.2,24.8,5,2.43,8.8,75,96,48,0.051,0.117,0.155,15.4,19.7,17.3,1,5,1020.2
10,2025-10-16,13.5,18.9,7.7,0.10,0.10,0.00,1.0,36290.78,12.50,18.8,30.2,349,2.56,7.9,71,90,46,0.040,0.117,0.154,15.2,19.7,17.1,51,17,1020.7
10,2025-10-17,12.5,16.1,9.4,0.00,0.00,0.00,0.0,34818.54,11.40,19.3,29.2,1,2.56,5.5,64,80,44,0.041,0.116,0.154,15.1,19.4,17.0,3,32,1027.0
10,2025-10-18,12.3,18.0,8.3,0.00,0.00,0.00,0.0,35651.46,11.88,17.6,27.4,71,3.03,1.4,49,62,32,0.037,0.116,0.154,14.2,19.1,16.1,2,17,1027.3
10,2025-10-19,14.8,19.4,10.4,0.00,0.00,0.00,0.0,6228.33,5.11,27.8,42.1,109,3.88,1.9,42,51,34,0.036,0.116,0.154,14.6,18.7,15.9,3,81,1020.2
10,2025-10-20,16.9,20.3,14.5,0.00,0.00,0.00,0.0,34626.50,11.13,31.7,49.3,133,5.15,1.1,35,42,30,0.028,0.116,0.154,17.5,18.4,16.7,3,62,1015.0
10,2025-10-21,13.8,17.5,10.0,0.10,0.10,0.00,1.0,32838.57,8.54,21.6,30.2,115,3.33,0.3,41,71,30,0.034,0.116,0.154,15.3,18.5,16.7,51,76,1016.2
10,2025-10-22,13.0,18.5,9.4,0.00,0.00,0.00,0.0,35058.43,11.85,22.3,31.7,25,2.67,6.0,66,92,34,0.039,0.116,0.155,14.8,18.5,16.4,2,21,1021.5
10,2025-10-23,13.8,20.0,8.6,0.00,0.00,0.00,0.0,35107.61,10.44,18.3,29.5,101,2.84,3.5,51,63,32,0.033,0.116,0.155,14.2,18.4,15.8,3,55,1019.4
10,2025-10-24,16.8,21.7,12.9,0.00,0.00,0.00,0.0,29624.61,8.35,15.4,24.8,25,2.69,4.2,44,60,30,0.032,0.116,0.155,17.3,18.4,17.0,3,83,1017.0
10,2025-10-25,16.8,22.0,12.6,0.10,0.10,0.00,1.0,34190.83,10.85,15.9,25.9,72,3.10,5.5,49,79,33,0.036,0.116,0.155,17.2,18.6,17.8,51,32,1013.7
10,2025-10-26,15.4,20.6,10.1,0.20,0.20,0.00,1.0,30311.74,10.20,14.0,23.8,128,2.03,9.6,69,86,55,0.042,0.115,0.155,15.7,18.6,17.3,51,68,1012.2
10,2025-10-27,14.0,17.4,12.1,18.20,18.20,0.00,9.0,18962.46,6.39,29.6,44.6,307,1.10,11.8,86,92,76,0.205,0.117,0.155,15.8,18.4,17.0,63,70,1012.4
10,2025-10-28,13.5,17.5,10.5,0.00,0.00,0.00,0.0,30120.17,9.73,23.1,34.6,130,1.56,10.9,85,95,75,0.216,0.121,0.155,14.5,18.0,15.0,3,53,1014.7
10,2025-10-29,14.8,19.2,11.0,0.00,0.00,0.00,0.0,33697.92,10.01,26.7,40.3,133,2.06,10.9,78,97,64,0.195,0.123,0.155,14.6,17.8,14.9,3,55,1012.2
10,2025-10-30,13.3,16.3,11.1,0.20,0.20,0.00,2.0,17948.16,6.80,36.0,52.2,317,1.58,10.0,81,93,64,0.179,0.124,0.154,14.8,17.6,15.3,51,65,1019.2
10,2025-10-31,12.6,15.8,10.1,1.70,1.70,0.00,10.0,33102.77,9.41,23.7,36.0,279,1.65,9.0,79,89,69,0.184,0.125,0.154,12.9,17.4,14.0,51,26,1023.9
10,2025-11-01,14.2,18.1,10.6,0.00,0.00,0.00,0.0,21226.17,6.01,28.4,41.8,148,1.53,10.9,81,92,66,0.176,0.127,0.155,13.4,17.2,14.0,3,63,1017.6
10,2025-11-02,11.9,13.4,10.2,0.20,0.20,0.00,2.0,18675.47,5.28,26.6,39.2,313,1.54,8.0,77,86,69,0.164,0.127,0.154,13.0,17.0,14.0,51,68,1021.4
10,2025-11-03,9.9,12.3,5.8,0.70,0.70,0.00,7.0,31433.88,7.65,21.9,34.2,348,1.54,6.0,77,87,60,0.162,0.127,0.154,11.9,16.7,13.2,51,58,1028.2
10,2025-11-04,5.4,9.9,1.6,0.00,0.00,0.00,0.0,32586.04,9.64,24.4,35.3,95,1.66,0.2,71,89,47,0.153,0.127,0.155,8.4,16.2,11.3,1,16,1032.4
10,2025-11-05,6.5,11.1,3.1,0.00,0.00,0.00,0.0,32400.00,9.43,33.4,51.1,118,2.52,-1.8,57,71,40,0.133,0.128,0.155,8.2,15.6,10.0,1,18,1031.2
10,2025-11-06,6.1,11.4,2.0,0.00,0.00,0.00,0.0,32672.84,9.96,25.8,37.4,113,2.38,-3.2,52,61,38,0.107,0.129,0.155,7.8,15.0,9.5,3,13,1028.7
10,2025-11-07,6.2,12.2,1.6,0.00,0.00,0.00,0.0,32400.00,9.79,17.8,26.3,114,1.94,-2.3,55,70,44,0.092,0.128,0.155,7.2,14.5,9.1,3,32,1025.8
10,2025-11-08,8.1,15.4,2.2,0.00,0.00,0.00,0.0,32400.00,7.69,12.1,17.6,84,1.60,-0.2,57,69,37,0.078,0.128,0.155,7.9,14.1,9.2,2,19,1023.9
10,2025-11-09,10.1,14.5,7.6,0.00,0.00,0.00,0.0,32400.00,8.86,14.6,25.2,5,1.75,4.2,67,87,53,0.062,0.127,0.155,10.4,13.8,10.5,1,11,1022.3
10,2025-11-10,9.2,15.6,3.9,0.00,0.00,0.00,0.0,31645.77,8.78,15.1,23.4,116,1.30,6.6,84,96,63,0.060,0.127,0.155,10.3,13.8,11.0,3,36,1023.7
10,2025-11-11,12.8,17.5,9.0,0.00,0.00,0.00,0.0,26618.92,6.47,15.4,25.2,123,1.40,9.3,80,92,63,0.058,0.127,0.155,12.0,13.8,11.9,3,55,1020.2
10,2025-11-12,12.3,16.2,7.8,0.00,0.00,0.00,0.0,24866.20,6.50,12.5,20.9,90,1.36,8.0,75,91,58,0.059,0.126,0.155,12.0,13.9,12.5,3,83,1017.7
10,2025-11-13,11.8,15.4,7.9,0.10,0.10,0.00,1.0,25200.00,6.45,10.5,19.8,338,1.21,7.8,77,89,62,0.061,0.126,0.155,12.6,14.1,13.3,51,55,1019.9
10,2025-11-14,7.9,12.0,4.7,0.00,0.00,0.00,0.0,31044.56,8.32,10.3,15.5,12,1.08,5.3,85,95,67,0.059,0.124,0.155,9.6,14.2,12.2,3,46,1021.6
10,2025-11-15,8.4,13.3,4.2,0.00,0.00,0.00,0.0,30852.76,7.77,10.3,13.7,20,1.07,5.8,84,93,69,0.062,0.124,0.155,9.5,14.2,11.4,3,42,1019.5
10,2025-11-16,8.8,12.5,5.6,0.20,0.20,0.00,2.0,28994.85,6.76,18.6,28.8,4,1.05,6.5,86,100,71,0.063,0.124,0.155,10.0,14.0,11.2,51,71,1019.0
10,2025-11-17,8.7,10.5,6.2,0.00,0.00,0.00,0.0,24111.02,6.12,14.0,22.0,40,1.09,5.2,79,87,67,0.064,0.124,0.155,10.6,13.9,11.5,3,60,1025.8
10,2025-11-18,6.2,10.6,2.8,0.00,0.00,0.00,0.0,32400.00,8.02,13.6,23.0,95,1.12,2.8,80,91,63,0.063,0.124,0.155,7.9,13.7,10.4,1,5,1027.9
10,2025-11-19,10.2,16.4,5.0,0.00,0.00,0.00,0.0,32400.00,6.18,22.4,31.7,128,1.38,6.8,80,88,71,0.061,0.123,0.155,9.3,13.4,10.0,2,31,1025.6
10,2025-11-20,12.5,16.7,9.6,0.00,0.00,0.00,0.0,30362.04,7.52,25.3,38.2,143,1.73,8.6,78,88,64,0.057,0.123,0.155,11.4,13.4,11.5,3,34,1025.6
10,2025-11-21,12.0,17.8,8.4,0.00,0.00,0.00,0.0,30779.52,7.38,22.4,34.2,122,2.22,5.3,65,82,44,0.050,0.123,0.155,11.1,13.4,11.8,3,40,1026.8
10,2025-11-22,10.9,16.1,7.5,0.00,0.00,0.00,0.0,31176.95,6.81,18.9,27.7,136,1.76,5.2,69,90,55,0.041,0.122,0.155,10.6,13.5,11.7,2,24,1028.0
10,2025-11-23,9.8,16.1,5.8,0.00,0.00,0.00,0.0,32267.06,7.77,20.0,31.0,127,1.81,3.8,67,87,49,0.045,0.122,0.155,9.3,13.5,11.2,0,4,1025.7
10,2025-11-24,10.7,17.5,5.5,0.00,0.00,0.00,0.0,32228.71,7.87,28.0,41.0,128,2.72,2.2,58,75,37,0.040,0.121,0.154,9.7,13.4,11.0,0,1,1020.7
10,2025-11-25,11.6,15.7,8.0,0.10,0.10,0.00,1.0,19008.35,4.84,27.8,39.6,130,1.76,5.9,68,84,49,0.030,0.121,0.154,10.8,13.4,11.6,51,49,1018.0
10,2025-11-26,8.8,11.0,7.1,0.00,0.00,0.00,0.0,25394.01,6.52,22.4,33.8,7,1.33,5.0,78,90,66,0.027,0.121,0.154,10.5,13.5,11.8,3,76,1021.6
10,2025-11-27,6.4,8.2,2.8,0.00,0.00,0.00,0.0,27382.43,5.87,17.4,28.1,27,0.99,3.2,80,89,67,0.029,0.120,0.155,8.7,13.4,11.0,3,87,1026.3
10,2025-11-28,2.1,5.5,-0.2,0.00,0.00,0.00,0.0,32098.40,6.78,12.6,20.2,42,0.76,-0.6,82,92,65,0.033,0.118,0.155,5.1,13.2,9.5,1,13,1028.0
10,2025-11-29,2.6,6.0,0.4,0.00,0.00,0.00,0.0,32071.63,6.87,13.3,20.9,83,0.77,0.0,84,91,70,0.035,0.115,0.156,4.7,12.8,8.2,1,10,1026.3
10,2025-11-30,2.9,7.4,-0.0,0.00,0.00,0.00,0.0,31098.29,6.40,23.8,36.7,109,1.02,-0.6,79,89,60,0.036,0.114,0.156,4.4,12.4,7.5,3,44,1024.2
10,2025-12-01,4.9,9.4,1.4,0.00,0.00,0.00,0.0,29879.39,6.81,23.8,36.4,104,1.35,0.1,72,87,52,0.037,0.114,0.156,5.7,11.9,7.6,3,62,1020.7
10,2025-12-02,6.9,8.5,5.6,11.60,11.60,0.00,24.0,554.02,1.73,16.1,24.1,104,0.74,3.6,79,87,69,0.083,0.114,0.156,7.7,11.7,8.2,55,92,1019.1
10,2025-12-03,7.5,9.9,4.8,3.70,3.70,0.00,8.0,22543.26,6.16,14.3,21.6,36,0.92,4.8,83,89,71,0.189,0.115,0.156,8.6,11.6,9.0,53,85,1024.2
10,2025-12-04,5.2,9.0,2.2,0.00,0.00,0.00,0.0,31473.43,6.10,12.6,18.0,71,0.84,1.8,79,90,61,0.187,0.116,0.156,6.5,11.4,8.2,1,23,1030.0
10,2025-12-05,4.3,7.0,2.3,0.00,0.00,0.00,0.0,28294.44,5.53,22.0,29.9,107,0.85,1.5,82,87,73,0.180,0.117,0.156,5.3,11.2,7.2,2,39,1030.3
10,2025-12-06,1.6,2.8,0.6,1.80,1.80,0.00,14.0,0.00,1.57,24.1,36.4,92,0.55,-0.7,84,87,80,0.180,0.117,0.155,3.9,10.9,6.5,51,91,1026.3
10,2025-12-07,1.5,2.8,-1.1,0.40,0.40,0.00,3.0,27708.18,5.53,24.1,37.4,45,0.61,-0.5,86,91,82,0.189,0.118,0.155,4.1,10.5,6.2,51,73,1025.6
10,2025-12-08,0.7,3.2,-1.7,2.60,2.60,0.00,10.0,9404.57,3.43,25.9,38.9,83,0.59,-1.6,85,89,79,0.193,0.119,0.155,2.7,10.2,5.1,53,98,1024.9
10,2025-12-09,2.4,3.6,1.6,0.20,0.20,0.00,2.0,401.27,2.57,25.9,38.2,76,0.75,-0.7,80,84,75,0.212,0.122,0.155,4.1,9.8,5.5,51,99,1026.8
10,2025-12-10,1.0,1.6,0.4,6.50,6.50,0.00,16.0,0.00,0.82,30.9,47.9,103,0.62,-1.7,83,86,78,0.218,0.124,0.155,3.2,9.5,5.2,53,100,1024.4
10,2025-12-11,-0.4,1.2,-1.2,12.30,1.70,7.42,20.0,0.00,2.44,23.9,34.9,57,0.32,-1.6,91,95,83,0.261,0.132,0.155,3.1,9.2,4.8,75,99,1018.7
10,2025-12-12,-0.8,0.7,-2.1,0.00,0.00,0.00,0.0,11029.43,4.01,13.7,19.8,46,0.43,-2.6,88,90,83,0.238,0.140,0.155,1.9,8.8,4.3,3,96,1018.5
10,2025-12-13,4.2,7.9,0.6,2.30,2.30,0.00,9.0,17167.00,4.57,47.2,65.5,212,0.74,2.1,87,92,77,0.235,0.144,0.156,3.8,8.6,5.1,53,93,1009.7
10,2025-12-14,-0.2,2.5,-1.1,1.60,0.40,0.91,15.0,23150.30,5.00,53.2,77.4,307,1.13,-4.6,72,82,65,0.241,0.150,0.156,2.6,8.4,5.0,71,79,1015.8
10,2025-12-15,1.3,3.3,-0.4,0.40,0.10,0.21,4.0,1401.38,3.06,27.1,39.6,300,0.82,-2.7,75,85,68,0.224,0.153,0.156,2.2,8.1,3.9,71,95,1022.9
10,2025-12-16,-0.9,2.7,-3.4,0.00,0.00,0.00,0.0,30771.35,6.45,15.2,22.3,55,0.70,-4.0,80,88,70,0.215,0.157,0.156,1.3,7.9,3.5,3,30,1026.0
10,2025-12-17,-2.4,0.2,-4.6,0.00,0.00,0.00,0.0,29163.84,5.31,14.0,20.9,78,0.56,-5.5,79,88,65,0.208,0.159,0.157,0.4,7.5,2.5,3,34,1033.7
10,2025-12-18,3.6,7.7,-0.7,2.90,2.90,0.00,15.0,14679.09,2.91,19.7,29.2,198,0.63,1.0,83,88,78,0.216,0.160,0.157,2.5,7.1,3.1,51,78,1031.7
10,2025-12-19,4.8,7.3,2.9,0.00,0.00,0.00,0.0,1180.19,2.23,22.5,32.4,295,0.52,2.6,85,88,82,0.223,0.165,0.160,4.4,7.1,4.6,3,95,1028.1
10,2025-12-20,3.3,5.9,1.0,0.40,0.40,0.00,4.0,1269.75,2.56,24.9,36.4,335,0.63,0.8,84,88,76,0.218,0.167,0.160,4.6,7.1,5.3,51,93,1023.6
10,2025-12-21,1.6,2.9,0.7,0.00,0.00,0.00,0.0,14612.83,4.32,27.1,39.6,106,0.72,-1.4,80,87,73,0.210,0.168,0.159,3.6,7.1,4.5,3,84,1028.0
10,2025-12-22,1.8,2.6,1.3,0.00,0.00,0.00,0.0,0.00,1.27,30.4,44.6,115,0.61,-0.7,83,86,79,0.202,0.169,0.159,2.8,7.0,4.1,3,97,1021.9
10,2025-12-23,2.7,4.3,1.3,0.00,0.00,0.00,0.0,996.89,3.15,15.5,24.8,22,0.42,0.9,88,91,84,0.198,0.170,0.159,3.3,6.9,4.3,3,90,1021.4
10,2025-12-24,2.8,5.1,1.2,0.00,0.00,0.00,0.0,30333.26,5.52,16.8,27.0,94,0.63,0.4,85,90,78,0.194,0.169,0.156,3.8,6.9,4.6,3,66,1023.2
10,2025-12-25,-1.0,2.4,-5.7,1.60,0.50,0.77,10.0,572.60,2.70,31.2,50.4,2,0.41,-3.1,86,95,76,0.195,0.170,0.156,2.0,6.9,4.2,71,95,1025.5
10,2025-12-26,-4.4,-2.2,-6.5,0.00,0.00,0.00,0.0,1575.06,2.30,30.9,46.4,124,0.61,-8.3,75,82,61,0.195,0.170,0.156,-1.7,6.6,2.0,3,95,1023.2
10,2025-12-27,-0.0,4.2,-3.6,0.40,0.40,0.00,4.0,216.13,1.94,32.2,44.3,113,0.70,-3.7,77,92,57,0.197,0.171,0.156,-0.4,6.2,1.5,51,88,1009.2
10,2025-12-28,2.7,4.9,-0.6,1.30,1.30,0.00,10.0,6380.75,3.02,26.0,40.3,8,0.40,1.4,91,98,86,0.207,0.172,0.156,3.0,6.0,3.4,51,99,1002.0
10,2025-12-29,-1.0,1.3,-2.7,0.00,0.00,0.00,0.0,25277.65,4.79,17.4,27.0,52,0.47,-2.7,89,97,79,0.205,0.173,0.157,1.7,5.9,3.2,3,77,1002.0
10,2025-12-30,-0.8,3.4,-3.1,0.00,0.00,0.00,0.0,28800.00,6.58,18.4,28.8,29,0.63,-3.3,83,90,71,0.203,0.175,0.158,0.8,5.8,2.2,3,54,1006.9
10,2025-12-31,5.1,9.0,-0.4,0.00,0.00,0.00,0.0,30942.95,6.59,34.7,50.8,161,1.11,1.9,80,87,67,0.198,0.175,0.159,1.8,5.6,2.5,3,40,1005.5
11,2025-01-01,-10.0,-7.4,-12.3,0.00,0.00,0.00,0.0,6222.24,2.44,19.0,29.2,176,0.16,-11.3,90,93,86,0.248,0.234,0.178,-3.8,-0.3,-2.3,3,87,1005.5
11,2025-01-02,-5.5,-1.8,-10.9,1.50,0.00,1.05,6.0,12731.52,2.80,32.7,52.9,223,0.40,-7.6,85,91,79,0.248,0.234,0.178,-4.2,-0.3,-2.4,73,88,998.7
11,2025-01-03,-4.9,-0.2,-9.6,2.80,0.00,1.96,9.0,0.00,1.65,35.7,58.0,220,0.34,-6.9,86,92,82,0.248,0.233,0.178,-3.9,-0.3,-2.4,73,98,1001.3
11,2025-01-04,-1.9,0.3,-7.2,0.00,0.00,0.00,0.0,536.33,1.95,25.9,41.0,230,0.35,-3.9,86,89,81,0.248,0.233,0.178,-3.8,-0.3,-2.4,3,95,1005.5
11,2025-01-05,-8.6,-5.4,-12.2,0.00,0.00,0.00,0.0,3631.68,2.43,12.0,18.0,191,0.18,-10.0,89,91,87,0.248,0.233,0.178,-5.5,-0.3,-2.4,3,97,1009.6
11,2025-01-06,-10.7,-7.9,-15.0,0.00,0.00,0.00,0.0,9729.52,2.43,12.5,19.8,186,0.16,-12.2,89,90,87,0.248,0.233,0.179,-5.6,-0.3,-2.7,3,94,1010.5
11,2025-01-07,-6.7,-5.5,-7.9,0.70,0.00,0.49,5.0,516.82,2.31,11.6,19.1,136,0.16,-7.9,91,93,90,0.248,0.233,0.179,-2.5,-0.3,-2.7,71,99,1010.2
11,2025-01-08,-11.0,-6.8,-18.4,2.00,0.00,1.40,10.0,0.00,2.05,24.1,38.9,308,0.17,-12.7,87,93,78,0.248,0.232,0.179,-3.5,-0.3,-2.5,73,85,1013.3
11,2025-01-09,-9.0,-4.7,-18.4,5.00,0.00,3.50,17.0,0.00,1.58,26.8,38.9,229,0.32,-11.6,82,88,74,0.248,0.232,0.179,-2.6,-0.3,-2.6,73,98,1022.3
11,2025-01-10,-3.4,-2.4,-4.9,1.00,0.00,0.70,7.0,16220.70,3.41,30.5,45.7,237,0.86,-8.8,67,80,60,0.247,0.232,0.179,-1.2,-0.4,-2.3,71,99,1017.7
11,2025-01-11,-4.8,-3.5,-7.2,0.00,0.00,0.00,0.0,22094.42,3.44,19.5,29.5,260,0.39,-7.5,82,87,75,0.247,0.232,0.179,-0.9,-0.4,-2.0,3,66,1015.8
11,2025-01-12,-8.0,-6.1,-12.8,0.00,0.00,0.00,0.0,22405.21,3.95,12.5,18.4,258,0.25,-10.0,86,95,77,0.246,0.232,0.179,-1.2,-0.4,-1.8,3,52,1017.4
11,2025-01-13,-11.3,-8.9,-12.9,0.00,0.00,0.00,0.0,27861.94,4.24,15.3,23.0,144,0.27,-13.7,82,88,74,0.244,0.230,0.177,-1.8,-0.4,-1.7,2,12,1018.0
11,2025-01-14,-12.1,-7.7,-14.9,0.00,0.00,0.00,0.0,28701.56,4.67,15.2,22.7,183,0.35,-15.5,76,82,66,0.243,0.230,0.177,-2.3,-0.4,-1.7,0,0,1011.9
11,2025-01-15,-11.4,-7.1,-13.5,0.00,0.00,0.00,0.0,28755.96,4.88,18.4,27.7,183,0.41,-15.1,74,80,64,0.243,0.230,0.178,-1.8,-0.4,-1.7,0,1,1003.6
11,2025-01-16,-8.7,-4.6,-12.5,0.10,0.00,0.07,1.0,4207.90,2.65,24.1,35.6,228,0.35,-11.4,81,83,78,0.243,0.230,0.178,-3.0,-0.4,-1.7,71,85,998.0
11,2025-01-17,-6.2,-4.2,-8.8,0.20,0.00,0.14,2.0,12151.55,3.83,23.1,32.4,205,0.38,-8.3,85,89,81,0.242,0.229,0.178,-1.0,-0.4,-1.7,71,84,998.0
11,2025-01-18,-7.4,-5.0,-12.7,0.00,0.00,0.00,0.0,7205.99,3.27,23.6,35.6,227,0.34,-9.5,85,89,80,0.242,0.229,0.178,-0.9,-0.4,-1.6,3,73,1000.1
11,2025-01-19,-7.1,-4.8,-9.8,0.00,0.00,0.00,0.0,14050.23,3.66,16.9,26.6,221,0.30,-9.1,86,92,80,0.241,0.229,0.178,-0.7,-0.4,-1.5,3,67,1001.4
11,2025-01-20,-0.9,1.4,-6.4,1.70,0.00,1.19,12.0,8342.62,3.26,27.8,40.7,199,0.42,-2.6,89,93,85,0.241,0.229,0.178,-0.8,-0.4,-1.4,73,89,997.2
11,2025-01-21,-1.1,-0.4,-1.6,1.00,0.00,0.70,5.0,568.08,3.35,37.4,56.5,207,0.59,-3.4,84,92,79,0.240,0.229,0.178,-1.4,-0.4,-1.3,73,91,985.7
11,2025-01-22,-11.7,-0.9,-21.8,0.80,0.00,0.56,5.0,27486.46,4.55,51.2,79.9,235,0.43,-15.0,76,86,68,0.240,0.229,0.178,-2.9,-0.4,-1.3,73,79,984.9
11,2025-01-23,-23.0,-21.2,-25.8,0.10,0.00,0.07,1.0,24397.04,4.38,29.2,45.4,270,0.22,-27.1,69,75,64,0.239,0.229,0.178,-3.9,-0.4,-1.4,71,91,1013.7
11,2025-01-24,-26.1,-22.5,-30.5,0.00,0.00,0.00,0.0,28800.00,6.02,20.3,31.0,214,0.19,-30.6,66,70,60,0.239,0.229,0.178,-3.5,-0.4,-1.5,3,41,1037.5
11,2025-01-25,-19.5,-16.1,-23.4,0.00,0.00,0.00,0.0,22254.47,5.17,19.7,29.2,179,0.31,-24.6,64,72,58,0.238,0.229,0.178,-1.9,-0.4,-1.6,3,89,1028.8
11,2025-01-26,-20.7,-16.6,-24.7,0.00,0.00,0.00,0.0,28800.00,6.06,13.5,20.2,157,0.25,-24.8,70,76,61,0.238,0.228,0.178,-1.1,-0.4,-1.6,3,65,1019.1
11,2025-01-27,-16.5,-12.6,-20.3,0.00,0.00,0.00,0.0,20789.53,5.26,15.6,23.0,176,0.32,-21.0,68,74,60,0.238,0.228,0.178,-1.9,-0.4,-1.5,3,98,1008.3
11,2025-01-28,-12.4,-9.5,-16.5,0.30,0.00,0.21,3.0,2779.30,3.47,24.4,36.0,252,0.28,-15.1,80,88,73,0.238,0.228,0.178,-2.2,-0.4,-1.6,71,78,1004.8
11,2025-01-29,-6.7,-4.3,-9.4,4.20,0.00,2.94,24.0,0.00,3.45,14.9,24.1,205,0.24,-7.9,91,93,88,0.237,0.228,0.178,-0.8,-0.4,-1.5,73,99,1000.5
11,2025-01-30,-8.0,-4.2,-14.9,1.40,0.10,0.91,14.0,829.82,3.75,22.3,34.2,301,0.24,-9.4,90,94,84,0.237,0.228,0.178,-2.4,-0.4,-1.4,71,100,1001.1
11,2025-01-31,-19.0,-14.9,-23.2,0.40,0.00,0.28,4.0,21777.70,5.52,19.2,29.2,290,0.21,-21.6,80,84,75,0.236,0.227,0.178,-5.3,-0.4,-1.5,71,98,1012.8
11,2025-02-01,-16.7,-6.5,-26.3,1.40,0.00,0.98,8.0,17004.76,5.00,25.4,35.6,186,0.24,-19.0,82,90,78,0.235,0.227,0.178,-2.9,-0.4,-1.7,71,91,1015.1
11,2025-02-02,-7.3,-4.2,-9.1,1.20,0.00,0.84,6.0,0.00,3.92,21.9,33.5,272,0.25,-8.9,89,95,81,0.235,0.227,0.178,-2.0,-0.4,-1.6,73,100,1013.7
11,2025-02-03,-3.9,-0.2,-7.6,0.00,0.00,0.00,0.0,11977.66,4.57,11.7,19.4,172,0.32,-5.0,92,95,87,0.235,0.226,0.178,-1.3,-0.4,-1.6,3,95,1023.2
11,2025-02-04,-5.5,-4.5,-7.1,0.00,0.00,0.00,0.0,11337.04,4.31,11.1,16.6,124,0.28,-6.9,90,94,86,0.235,0.226,0.178,-2.1,-0.4,-1.6,3,94,1027.4
11,2025-02-05,-4.8,-2.1,-11.6,0.00,0.00,0.00,0.0,20014.57,5.52,25.7,37.4,47,0.40,-6.4,89,94,79,0.234,0.226,0.178,-1.0,-0.4,-1.6,3,60,1028.2
11,2025-02-06,-15.4,-12.1,-18.4,0.00,0.00,0.00,0.0,31722.09,7.64,24.6,33.8,45,0.39,-18.9,75,79,71,0.234,0.226,0.178,-3.5,-0.4,-1.5,0,3,1025.8
11,2025-02-07,-18.3,-14.1,-20.4,0.00,0.00,0.00,0.0,31194.49,7.95,19.7,28.1,47,0.30,-21.3,77,84,72,0.234,0.225,0.178,-4.9,-0.4,-1.6,2,17,1023.0
11,2025-02-08,-19.0,-16.3,-20.2,0.00,0.00,0.00,0.0,716.87,4.77,19.5,28.1,307,0.21,-21.4,81,83,79,0.232,0.224,0.177,-7.4,-0.4,-1.8,3,93,1020.8
11,2025-02-09,-12.5,-7.6,-19.5,0.00,0.00,0.00,0.0,2018.20,3.98,27.8,42.8,284,0.26,-14.3,86,90,81,0.232,0.224,0.177,-5.6,-0.4,-2.0,3,99,1012.0
11,2025-02-10,-8.5,-5.7,-11.7,0.20,0.00,0.14,2.0,0.00,3.82,28.7,41.4,259,0.30,-10.2,88,89,85,0.232,0.224,0.177,-5.9,-0.5,-2.2,71,99,1013.3
11,2025-02-11,-7.6,-3.3,-11.9,0.00,0.00,0.00,0.0,32829.94,7.78,27.0,40.0,255,0.51,-9.8,84,90,76,0.232,0.224,0.177,-5.0,-0.5,-2.3,3,45,1009.4
11,2025-02-12,-9.9,-7.4,-12.0,0.00,0.00,0.00,0.0,3002.92,4.99,25.3,35.6,251,0.37,-12.1,84,87,78,0.232,0.223,0.177,-5.7,-0.5,-2.5,3,95,1005.2
11,2025-02-13,-7.6,-4.0,-10.9,0.00,0.00,0.00,0.0,22429.89,5.71,44.2,65.5,254,0.49,-10.0,82,86,77,0.232,0.223,0.177,-3.8,-0.5,-2.5,3,89,999.3
11,2025-02-14,-11.5,-8.9,-13.9,0.00,0.00,0.00,0.0,7140.84,5.76,20.2,29.5,235,0.35,-13.6,84,87,76,0.232,0.223,0.177,-7.1,-0.5,-2.7,3,98,1009.4
11,2025-02-15,-6.9,-1.7,-10.3,0.00,0.00,0.00,0.0,24104.52,6.47,14.7,24.5,188,0.49,-9.1,84,89,76,0.232,0.223,0.178,-4.0,-0.5,-3.0,3,82,1006.7
11,2025-02-16,-12.1,-7.5,-16.9,0.00,0.00,0.00,0.0,12910.53,6.27,10.6,14.8,196,0.31,-13.4,89,93,86,0.231,0.222,0.175,-5.5,-0.5,-2.9,3,91,1008.6
11,2025-02-17,-11.9,-7.5,-14.0,0.00,0.00,0.00,0.0,23753.98,7.26,18.8,28.1,170,0.34,-13.7,87,92,79,0.232,0.221,0.176,-7.6,-0.6,-3.2,3,79,1016.8
11,2025-02-18,-13.0,-8.3,-15.5,0.00,0.00,0.00,0.0,24814.42,8.05,16.3,25.6,141,0.39,-15.1,84,88,70,0.232,0.221,0.176,-8.9,-0.6,-3.7,3,57,1017.6
11,2025-02-19,-13.4,-9.6,-16.3,0.00,0.00,0.00,0.0,2932.19,6.17,17.0,24.1,136,0.32,-15.5,84,90,76,0.233,0.221,0.175,-7.6,-0.6,-4.2,3,97,1013.9
11,2025-02-20,-14.2,-9.6,-17.7,0.00,0.00,0.00,0.0,30697.50,8.73,10.0,16.6,151,0.41,-16.7,82,91,70,0.234,0.221,0.175,-7.3,-0.7,-4.4,3,92,1013.2
11,2025-02-21,-13.2,-9.0,-15.7,0.00,0.00,0.00,0.0,0.00,5.64,8.4,15.8,101,0.30,-15.1,86,91,78,0.231,0.221,0.175,-7.5,-0.7,-4.5,3,100,1016.5
11,2025-02-22,-13.1,-8.5,-16.6,0.00,0.00,0.00,0.0,5929.11,6.61,15.3,22.7,82,0.33,-14.8,87,91,77,0.226,0.219,0.174,-8.4,-0.7,-4.7,3,100,1017.9
11,2025-02-23,-10.5,-6.0,-14.5,0.00,0.00,0.00,0.0,32400.00,10.26,24.7,33.8,77,0.59,-13.4,79,88,69,0.225,0.220,0.173,-6.9,-0.7,-4.7,3,97,1014.4
11,2025-02-24,-8.6,-3.5,-12.1,0.00,0.00,0.00,0.0,36000.00,11.44,22.8,33.8,90,0.73,-11.9,77,83,68,0.225,0.220,0.173,-5.9,-0.8,-4.1,3,16,1011.2
11,2025-02-25,-10.8,-5.5,-14.6,0.00,0.00,0.00,0.0,36000.00,11.70,18.5,27.4,102,0.64,-14.0,77,84,65,0.225,0.219,0.173,-4.9,-0.8,-3.8,3,37,1003.3
11,2025-02-26,-10.6,-6.4,-15.3,0.00,0.00,0.00,0.0,24947.43,8.81,24.4,33.1,207,0.48,-12.7,84,91,79,0.225,0.219,0.173,-4.7,-0.8,-3.4,3,81,997.8
11,2025-02-27,-7.7,-4.3,-11.7,0.80,0.00,0.56,5.0,6101.85,6.63,32.0,49.0,263,0.48,-10.0,83,90,77,0.225,0.220,0.174,-5.8,-0.8,-3.3,71,95,1007.3
11,2025-02-28,-11.3,-8.9,-13.8,0.00,0.00,0.00,0.0,5699.42,7.12,21.5,33.8,263,0.40,-13.6,83,88,80,0.225,0.220,0.174,-7.2,-0.9,-3.9,3,96,1008.6
11,2025-03-01,-10.3,-6.6,-12.6,0.00,0.00,0.00,0.0,24235.99,8.06,15.5,25.6,235,0.48,-12.8,82,88,75,0.225,0.218,0.173,-6.7,-0.9,-4.3,3,95,1011.1
11,2025-03-02,-8.6,-4.8,-11.9,0.00,0.00,0.00,0.0,29694.80,9.27,17.7,27.4,249,0.58,-11.2,82,90,73,0.225,0.218,0.173,-5.2,-0.9,-4.0,3,76,1010.3
11,2025-03-03,-12.2,-7.2,-17.0,0.00,0.00,0.00,0.0,14108.45,8.98,17.6,24.8,125,0.50,-14.2,85,95,75,0.226,0.219,0.173,-5.3,-0.9,-3.8,3,85,1008.6
11,2025-03-04,-9.3,-6.3,-11.1,1.40,0.00,0.98,9.0,9699.17,8.24,23.3,36.0,195,0.45,-11.4,85,91,77,0.227,0.219,0.173,-5.5,-1.0,-3.7,73,99,1009.0
11,2025-03-05,-10.5,-7.7,-14.1,0.00,0.00,0.00,0.0,34719.38,12.39,25.3,38.2,201,0.59,-13.2,81,92,71,0.229,0.218,0.173,-5.9,-1.0,-3.8,3,73,1012.8
11,2025-03-06,-5.8,-0.4,-12.4,2.80,0.00,1.96,12.0,3236.17,7.47,38.8,52.6,169,0.66,-8.8,80,92,68,0.229,0.218,0.173,-5.0,-1.0,-3.7,73,82,996.0
11,2025-03-07,-3.6,-0.6,-9.6,0.40,0.00,0.28,4.0,29960.45,11.30,32.5,47.2,240,0.82,-6.3,82,88,77,0.229,0.218,0.173,-4.6,-1.0,-3.3,71,80,986.5
11,2025-03-08,-8.0,-4.4,-12.1,0.00,0.00,0.00,0.0,25104.61,12.13,19.3,24.8,199,0.76,-10.6,82,86,73,0.231,0.218,0.173,-5.6,-1.0,-3.4,3,83,991.9
11,2025-03-09,-7.2,-4.7,-13.8,1.80,0.10,1.19,14.0,11331.13,9.32,30.9,45.4,3,0.53,-9.0,87,91,84,0.232,0.218,0.173,-4.4,-1.0,-3.2,71,100,989.0
11,2025-03-10,-11.1,-5.4,-18.8,1.60,0.00,1.12,10.0,6270.07,9.00,29.6,42.5,223,0.41,-13.1,86,93,79,0.233,0.218,0.173,-6.0,-1.1,-3.4,73,94,1003.1
11,2025-03-11,-7.5,-3.8,-16.1,1.90,0.00,1.33,12.0,6864.89,8.62,24.0,35.6,307,0.52,-9.2,88,93,82,0.233,0.218,0.173,-4.9,-1.1,-3.3,73,99,1004.6
11,2025-03-12,-15.9,-11.2,-21.0,0.00,0.00,0.00,0.0,37794.24,13.94,21.7,30.6,213,0.59,-18.8,79,85,69,0.233,0.218,0.173,-7.9,-1.1,-3.9,3,75,1021.9
11,2025-03-13,-12.9,-7.6,-18.7,0.00,0.00,0.00,0.0,41451.77,15.82,27.3,38.5,170,0.73,-16.6,74,82,63,0.235,0.217,0.173,-7.2,-1.1,-4.6,3,50,1019.9
11,2025-03-14,-9.9,-4.4,-15.2,0.00,0.00,0.00,0.0,38749.76,15.03,22.7,31.0,177,0.96,-14.7,68,79,58,0.235,0.217,0.173,-5.4,-1.1,-4.5,3,71,1013.2
11,2025-03-15,-7.6,-2.4,-11.9,0.00,0.00,0.00,0.0,41944.62,16.22,17.4,24.5,163,1.01,-11.0,77,87,66,0.236,0.217,0.173,-3.1,-1.2,-3.6,2,12,1011.4
11,2025-03-16,-6.7,-1.4,-13.8,0.00,0.00,0.00,0.0,39337.93,16.12,20.1,26.3,183,0.97,-9.3,82,92,72,0.236,0.217,0.173,-3.3,-1.2,-3.0,3,50,1008.6
11,2025-03-17,0.7,3.2,-2.4,0.00,0.00,0.00,0.0,37892.51,15.75,28.5,40.7,199,1.51,-3.3,75,81,66,0.247,0.217,0.173,-1.5,-1.2,-2.7,3,71,1005.2
11,2025-03-18,3.6,4.9,2.8,2.60,2.60,0.00,3.0,36081.02,13.55,23.5,36.0,207,1.46,0.4,80,83,75,0.370,0.227,0.173,-1.7,-1.2,-2.4,61,78,1004.6
11,2025-03-19,3.0,5.0,1.5,0.00,0.00,0.00,0.0,41516.16,16.00,19.5,30.2,188,1.54,-0.1,80,86,73,0.398,0.266,0.173,-0.9,-1.2,-2.2,3,57,1004.9
11,2025-03-20,3.8,7.4,-0.6,0.00,0.00,0.00,0.0,43076.93,15.92,19.3,33.8,191,1.86,-0.8,73,85,62,0.377,0.299,0.174,0.5,-1.2,-1.9,3,69,997.9
11,2025-03-21,2.4,5.5,-0.6,1.70,1.70,0.00,3.0,19738.96,7.29,27.0,50.8,262,0.90,-0.4,82,94,71,0.372,0.323,0.174,0.8,-1.2,-1.6,61,72,996.1
11,2025-03-22,0.8,5.7,-3.3,0.00,0.00,0.00,0.0,43200.00,16.69,14.9,25.2,299,1.84,-7.1,61,90,26,0.352,0.330,0.175,1.7,-1.2,-1.3,3,15,1011.9
11,2025-03-23,-0.3,4.4,-4.0,0.00,0.00,0.00,0.0,42372.51,14.66,24.7,47.5,262,1.57,-5.6,69,86,39,0.338,0.330,0.176,0.8,-1.2,-1.1,3,42,1003.4
11,2025-03-24,-2.6,-0.5,-5.4,1.80,0.10,1.19,7.0,26211.48,13.30,32.8,61.2,292,1.31,-7.9,68,89,46,0.333,0.328,0.178,-0.0,-1.2,-1.0,73,75,998.9
11,2025-03-25,-4.1,-0.5,-7.0,0.00,0.00,0.00,0.0,29268.91,11.89,20.4,40.0,308,1.18,-9.7,66,88,50,0.330,0.326,0.179,0.3,-1.2,-1.0,3,67,1015.7
11,2025-03-26,-1.6,4.2,-7.7,0.00,0.00,0.00,0.0,43200.00,18.03,12.4,23.0,184,1.79,-7.8,66,93,39,0.329,0.324,0.180,0.2,-1.2,-0.9,1,5,1022.5
11,2025-03-27,1.0,6.9,-4.4,0.00,0.00,0.00,0.0,43200.00,18.21,12.6,26.6,153,2.13,-6.6,59,78,37,0.330,0.322,0.181,1.7,-1.2,-0.8,0,1,1019.7
11,2025-03-28,2.4,9.9,-4.3,0.00,0.00,0.00,0.0,43200.00,18.32,11.3,23.4,81,2.28,-4.9,63,89,35,0.334,0.320,0.182,2.2,-1.1,-0.6,0,0,1016.5
11,2025-03-29,4.1,11.7,-3.4,0.00,0.00,0.00,0.0,43200.00,18.45,11.2,20.9,70,2.38,-1.9,69,95,40,0.332,0.316,0.183,2.7,-1.1,-0.3,0,0,1015.0
11,2025-03-30,4.9,12.8,-3.2,0.00,0.00,0.00,0.0,43259.05,18.04,10.9,17.3,148,2.39,-2.1,65,93,34,0.330,0.310,0.184,3.1,-1.1,0.1,3,44,1014.6
11,2025-03-31,6.9,15.5,-0.8,0.00,0.00,0.00,0.0,43200.00,18.84,15.1,27.7,199,2.95,-1.6,60,88,25,0.328,0.304,0.185,4.5,-1.1,1.1,3,34,1010.4
11,2025-04-01,7.1,11.8,4.0,0.80,0.80,0.00,5.0,28908.23,9.70,22.4,40.7,286,1.74,1.9,72,98,44,0.323,0.299,0.186,4.8,-1.1,2.7,51,79,1001.3
11,2025-04-02,4.7,7.7,2.5,0.00,0.00,0.00,0.0,1858.94,6.65,13.4,23.4,4,1.05,0.5,76,92,53,0.317,0.298,0.185,4.5,-1.0,3.2,3,92,1008.1
11,2025-04-03,8.6,16.5,-0.4,0.00,0.00,0.00,0.0,39762.10,18.67,22.8,43.9,201,3.52,-0.6,59,96,28,0.307,0.294,0.186,6.0,-1.0,3.5,3,71,999.1
11,2025-04-04,13.0,19.8,3.7,0.90,0.90,0.00,5.0,17426.53,10.09,36.6,70.6,208,4.02,2.0,50,94,31,0.299,0.289,0.186,9.1,-0.9,6.1,51,97,979.8
11,2025-04-05,5.5,11.1,0.6,2.70,2.10,0.42,3.0,23083.63,11.33,41.5,62.6,257,2.22,-1.6,64,94,35,0.326,0.288,0.186,6.0,-0.8,5.6,73,78,995.2
11,2025-04-06,11.1,19.5,3.1,0.20,0.20,0.00,1.0,45051.10,18.45,24.5,50.0,235,3.77,1.8,56,78,31,0.310,0.285,0.187,8.2,-0.8,5.2,51,16,997.6
11,2025-04-07,13.3,21.0,4.7,0.00,0.00,0.00,0.0,44828.89,18.77,19.8,32.0,175,4.00,2.3,53,89,23,0.297,0.277,0.187,10.5,-0.7,7.0,3,63,997.7
11,2025-04-08,12.6,16.9,8.6,1.80,1.80,0.00,9.0,39800.05,12.33,17.8,36.7,26,2.53,7.1,70,81,49,0.297,0.271,0.187,10.9,-0.6,8.0,53,65,991.3
11,2025-04-09,8.2,14.0,3.4,0.00,0.00,0.00,0.0,46846.54,20.20,11.9,25.6,359,2.61,3.9,76,94,52,0.296,0.274,0.188,8.9,-0.5,7.3,2,11,1003.5
11,2025-04-10,13.0,21.9,3.0,0.00,0.00,0.00,0.0,46069.49,18.80,21.2,38.2,148,3.81,4.8,62,94,33,0.285,0.269,0.187,10.2,-0.5,7.1,3,44,1005.9
11,2025-04-11,17.0,25.1,8.7,0.00,0.00,0.00,0.0,39326.08,19.27,21.7,41.8,177,5.25,2.8,42,72,20,0.271,0.258,0.184,13.1,-0.4,9.2,3,61,1000.7
11,2025-04-12,17.9,28.0,7.7,0.00,0.00,0.00,0.0,47109.85,19.99,20.9,39.6,186,5.58,2.5,40,69,18,0.253,0.245,0.180,14.0,-0.2,10.3,3,75,993.4
11,2025-04-13,11.1,16.0,6.9,0.00,0.00,0.00,0.0,45373.87,17.07,20.8,40.3,360,2.86,5.6,70,94,49,0.241,0.236,0.177,11.8,-0.1,10.0,3,86,995.9
11,2025-04-14,7.3,14.5,4.2,8.70,8.70,0.00,13.0,19727.16,8.51,24.6,46.1,334,1.61,2.5,75,95,36,0.303,0.237,0.177,7.6,0.1,7.0,61,78,999.3
11,2025-04-15,8.6,13.4,3.1,0.20,0.20,0.00,2.0,47391.24,16.95,14.5,24.1,77,2.65,2.3,67,90,41,0.314,0.245,0.178,8.3,0.2,5.8,51,62,1003.0
11,2025-04-16,7.3,13.1,1.3,0.00,0.00,0.00,0.0,49573.04,19.95,20.9,39.6,298,3.00,-0.2,64,96,32,0.298,0.249,0.179,7.7,0.5,6.1,3,46,1002.0
11,2025-04-17,6.2,12.3,-1.5,1.90,1.90,0.00,8.0,46277.79,17.33,39.4,68.8,271,2.78,-0.6,63,79,46,0.291,0.250,0.180,7.1,0.9,6.2,53,57,993.1
11,2025-04-18,-0.6,4.8,-4.6,1.50,1.20,0.21,5.0,39333.64,18.98,28.6,54.4,275,1.93,-6.3,68,88,36,0.293,0.254,0.183,2.6,1.2,3.7,71,34,998.4
11,2025-04-19,-1.2,3.9,-6.3,0.00,0.00,0.00,0.0,45006.46,19.90,18.6,34.9,291,2.01,-9.0,59,85,31,0.286,0.256,0.184,1.3,1.3,1.9,3,56,1005.6
11,2025-04-20,10.5,22.8,-2.3,0.00,0.00,0.00,0.0,49502.36,18.59,36.1,61.2,220,4.74,-1.1,46,63,33,0.281,0.255,0.184,5.7,1.2,2.6,3,72,997.0
11,2025-04-21,11.5,16.5,3.9,1.00,1.00,0.00,4.0,43875.16,16.30,25.8,45.4,310,3.16,2.1,56,93,27,0.276,0.253,0.185,10.3,1.6,7.5,51,40,1000.1
11,2025-04-22,10.8,18.2,2.3,0.10,0.10,0.00,1.0,41210.63,17.80,14.6,31.7,112,3.50,-1.5,46,70,25,0.267,0.249,0.183,9.8,2.0,7.0,51,64,1006.6
11,2025-04-23,16.3,26.6,6.8,0.00,0.00,0.00,0.0,40893.45,20.84,26.1,48.2,278,5.37,4.2,52,84,12,0.251,0.239,0.178,13.2,2.4,9.1,3,39,999.1
11,2025-04-24,7.7,12.4,3.4,0.00,0.00,0.00,0.0,50389.20,24.02,22.1,38.2,56,4.04,-7.2,38,64,16,0.238,0.233,0.176,10.4,2.9,9.5,3,23,1009.9
11,2025-04-25,10.9,19.6,0.8,0.00,0.00,0.00,0.0,50400.00,24.58,18.5,36.7,141,4.93,-6.6,33,61,13,0.228,0.227,0.174,10.2,3.2,8.3,0,4,1005.9
11,2025-04-26,17.9,27.1,7.6,0.00,0.00,0.00,0.0,50400.00,22.73,20.4,37.8,179,6.16,-0.1,31,43,18,0.212,0.218,0.170,14.3,3.6,10.4,3,21,997.4
11,2025-04-27,18.5,25.1,12.7,1.40,1.40,0.00,6.0,33382.16,16.28,20.4,49.0,194,4.80,5.5,45,91,28,0.205,0.211,0.167,15.8,4.3,12.7,51,87,989.8
11,2025-04-28,18.8,25.0,11.6,0.10,0.10,0.00,1.0,50400.00,20.47,20.6,45.0,242,4.53,11.5,66,96,37,0.208,0.210,0.168,16.8,5.3,13.8,51,39,990.3
11,2025-04-29,13.4,19.2,7.4,0.10,0.10,0.00,1.0,45012.50,17.48,33.0,56.2,258,4.32,1.6,48,80,26,0.207,0.212,0.171,14.7,6.4,14.2,51,30,994.6
11,2025-04-30,6.9,11.0,3.0,0.00,0.00,0.00,0.0,42927.95,18.76,27.1,46.8,274,3.12,-3.8,48,67,32,0.205,0.212,0.173,10.2,7.0,11.1,3,40,1009.4
11,2025-05-01,9.1,15.9,0.1,0.00,0.00,0.00,0.0,50648.40,25.40,10.0,21.6,178,3.94,-3.3,47,87,20,0.201,0.208,0.171,11.1,7.1,9.9,3,30,1009.7
11,2025-05-02,12.8,19.6,5.8,0.00,0.00,0.00,0.0,41997.91,21.92,22.9,41.8,271,4.57,-1.3,41,63,18,0.192,0.202,0.169,13.0,7.3,11.3,3,58,1003.1
11,2025-05-03,8.5,12.8,3.1,0.00,0.00,0.00,0.0,46254.95,24.82,23.2,39.6,344,3.90,-5.3,41,72,19,0.189,0.200,0.169,11.8,7.6,11.7,3,65,1011.7
11,2025-05-04,15.1,24.6,6.9,0.30,0.30,0.00,1.0,35557.06,16.88,30.2,55.1,158,5.34,-1.1,35,58,21,0.186,0.196,0.168,13.4,7.8,11.5,51,70,996.8
11,2025-05-05,14.7,20.3,7.9,0.00,0.00,0.00,0.0,46452.31,21.63,25.9,49.7,295,4.78,3.4,51,87,25,0.184,0.190,0.165,14.7,8.2,13.1,3,32,995.1
11,2025-05-06,16.9,25.5,8.4,0.00,0.00,0.00,0.0,45825.39,19.42,14.3,33.5,276,4.38,3.7,45,68,22,0.180,0.186,0.163,16.1,8.6,13.8,3,64,1000.0
11,2025-05-07,20.3,27.2,12.8,0.00,0.00,0.00,0.0,31904.81,15.14,18.2,37.4,181,4.70,6.9,45,69,25,0.171,0.179,0.160,18.6,9.1,15.5,3,59,995.8
11,2025-05-08,22.1,29.0,12.0,0.00,0.00,0.00,0.0,44464.31,21.46,14.6,24.8,106,5.26,8.0,45,81,22,0.169,0.176,0.159,20.7,9.7,17.2,3,74,993.0
11,2025-05-09,24.6,34.3,15.8,0.00,0.00,0.00,0.0,39895.17,22.04,16.2,36.4,166,6.79,5.3,32,50,13,0.168,0.175,0.159,22.8,10.5,19.3,3,65,987.8
11,2025-05-10,21.0,25.0,15.6,0.50,0.50,0.00,3.0,48898.41,21.95,32.6,64.1,258,5.55,11.8,57,88,42,0.165,0.173,0.160,21.7,11.4,20.0,51,51,988.5
11,2025-05-11,14.3,16.6,11.6,4.20,4.20,0.00,8.0,21871.37,10.64,23.2,44.3,332,2.14,9.7,75,97,50,0.205,0.176,0.162,16.4,11.9,17.5,55,77,996.6
11,2025-05-12,16.1,20.9,9.9,0.50,0.50,0.00,4.0,20815.57,11.57,16.7,27.4,202,3.02,7.2,58,84,37,0.217,0.181,0.166,15.9,12.0,15.4,51,94,1003.3
11,2025-05-13,21.7,28.3,15.9,0.00,0.00,0.00,0.0,49008.99,22.64,21.5,36.0,279,5.97,10.1,49,76,33,0.211,0.180,0.166,20.5,12.1,17.1,3,78,996.6
11,2025-05-14,18.3,24.9,14.6,1.30,1.30,0.00,8.0,23993.42,14.88,22.1,41.0,75,3.71,12.4,70,88,47,0.210,0.178,0.165,19.2,12.4,17.8,51,93,996.9
11,2025-05-15,19.2,25.3,12.7,0.00,0.00,0.00,0.0,49016.99,22.69,26.5,47.9,99,6.38,5.6,47,87,20,0.217,0.177,0.164,19.1,12.6,17.3,3,61,1001.5
11,2025-05-16,24.5,34.0,15.9,0.00,0.00,0.00,0.0,45659.13,23.37,25.9,43.9,65,7.05,7.1,34,64,21,0.199,0.172,0.162,22.8,12.9,19.2,3,64,994.8
11,2025-05-17,25.6,37.8,17.5,0.00,0.00,0.00,0.0,43163.94,23.67,25.8,49.0,32,7.63,11.2,45,69,15,0.183,0.169,0.161,24.7,13.4,21.5,3,74,986.8
11,2025-05-18,14.6,18.5,11.2,8.10,8.10,0.00,14.0,15494.10,7.64,28.4,51.5,12,2.22,10.4,77,91,56,0.216,0.168,0.161,18.0,14.0,19.7,61,93,983.7
11,2025-05-19,15.1,20.1,10.0,0.00,0.00,0.00,0.0,45683.14,19.80,21.4,41.8,328,4.38,4.4,54,92,24,0.245,0.172,0.162,16.4,13.9,16.2,3,54,999.0
11,2025-05-20,18.2,25.2,8.5,0.00,0.00,0.00,0.0,54072.01,27.01,14.4,28.4,208,5.85,3.3,43,81,17,0.228,0.174,0.163,18.2,13.7,16.5,3,43,1003.4
11,2025-05-21,21.6,28.9,13.6,0.00,0.00,0.00,0.0,50089.19,24.49,22.6,43.2,208,7.17,3.5,34,54,15,0.210,0.171,0.162,20.5,13.8,18.5,3,42,997.8
11,2025-05-22,22.2,29.1,11.9,0.00,0.00,0.00,0.0,47595.57,24.17,16.7,25.2,135,5.94,6.0,41,84,18,0.193,0.167,0.160,22.1,14.0,19.7,3,54,996.3
11,2025-05-23,23.1,28.1,17.5,0.50,0.50,0.00,3.0,49903.01,24.08,28.7,52.9,220,7.83,5.2,33,55,19,0.185,0.164,0.159,23.1,14.4,21.2,51,69,987.2
11,2025-05-24,14.7,18.2,8.2,0.00,0.00,0.00,0.0,44460.89,20.74,27.2,51.1,274,4.27,6.5,60,78,38,0.185,0.166,0.161,18.9,14.8,19.9,3,53,993.5
11,2025-05-25,11.3,17.9,6.7,5.30,5.30,0.00,9.0,38236.47,19.88,26.2,48.6,15,3.64,3.8,64,88,34,0.196,0.172,0.164,15.4,14.8,16.9,55,70,997.3
11,2025-05-26,10.5,14.8,5.3,1.30,1.30,0.00,5.0,50395.85,24.90,30.3,58.0,328,4.16,1.7,57,85,32,0.252,0.176,0.167,14.2,14.4,15.2,53,56,999.0
11,2025-05-27,9.6,14.2,2.9,0.00,0.00,0.00,0.0,50177.39,21.54,20.7,41.0,304,3.95,-2.3,46,72,27,0.239,0.182,0.171,12.6,13.9,13.6,3,76,1006.1
11,2025-05-28,14.0,17.2,6.4,1.60,1.60,0.00,6.0,39270.56,20.21,32.6,57.6,321,4.40,5.3,57,77,45,0.242,0.184,0.172,15.5,13.5,14.7,53,70,998.2
11,2025-05-29,12.2,18.4,3.6,0.00,0.00,0.00,0.0,47379.83,26.36,8.0,18.4,82,4.26,0.6,50,92,27,0.229,0.184,0.173,15.0,13.3,14.5,3,39,1005.3
11,2025-05-30,17.4,24.1,8.8,0.00,0.00,0.00,0.0,55514.20,25.98,15.5,33.8,17,5.31,3.3,42,69,23,0.210,0.179,0.171,17.9,13.2,16.2,3,34,1000.1
11,2025-05-31,21.8,29.3,12.3,0.10,0.10,0.00,1.0,55506.49,25.69,18.4,34.2,324,6.29,7.3,43,72,20,0.192,0.172,0.166,20.8,13.3,18.0,51,16,1000.0
11,2025-06-01,23.4,30.3,14.8,1.10,1.10,0.00,2.0,53583.79,24.61,12.3,23.0,318,5.75,7.9,42,77,19,0.180,0.165,0.163,23.1,13.8,20.1,53,29,1000.1
11,2025-06-02,23.4,30.1,16.1,1.10,1.10,0.00,2.0,50075.67,24.74,9.8,20.5,178,5.37,8.8,43,69,23,0.177,0.162,0.162,23.6,14.3,21.2,55,43,996.4
11,2025-06-03,23.6,30.5,16.2,1.00,1.00,0.00,3.0,55478.51,23.23,20.1,33.5,138,6.06,9.8,45,75,23,0.182,0.162,0.163,23.8,14.9,21.8,51,47,992.8
11,2025-06-04,25.2,32.1,17.7,0.10,0.10,0.00,1.0,48403.67,22.48,15.8,28.8,154,6.41,9.7,41,67,20,0.185,0.158,0.161,24.6,15.5,22.2,51,71,989.4
11,2025-06-05,23.0,26.9,17.2,0.20,0.20,0.00,1.0,39315.70,20.44,29.2,54.7,234,6.44,8.9,42,61,25,0.182,0.161,0.162,23.6,16.0,22.7,51,60,988.3
11,2025-06-06,24.2,30.9,16.0,0.00,0.00,0.00,0.0,50583.29,23.94,13.4,29.5,299,6.03,9.9,43,71,25,0.175,0.160,0.163,24.1,16.4,22.2,3,15,994.0
11,2025-06-07,24.4,32.0,18.0,1.20,1.20,0.00,5.0,36473.71,21.53,27.2,48.6,36,6.10,12.6,51,81,27,0.169,0.159,0.162,25.1,16.8,23.1,53,58,995.6
11,2025-06-08,18.0,24.2,14.1,15.70,15.70,0.00,16.0,35359.79,17.33,23.4,46.1,28,3.20,14.9,83,97,56,0.253,0.167,0.167,21.6,17.2,22.2,63,84,994.9
11,2025-06-09,17.7,21.8,14.1,0.20,0.20,0.00,2.0,25157.07,14.44,15.5,31.3,29,3.48,10.2,64,91,40,0.318,0.189,0.171,19.0,17.2,19.4,51,80,1002.2
11,2025-06-10,20.5,26.3,13.6,0.00,0.00,0.00,0.0,56691.74,27.52,14.1,28.4,54,5.85,9.7,53,82,31,0.276,0.198,0.174,20.8,17.0,19.5,2,15,1002.5
11,2025-06-11,22.7,29.3,14.2,0.00,0.00,0.00,0.0,57600.00,28.67,9.0,20.5,56,5.99,10.4,51,86,25,0.240,0.192,0.172,23.0,17.0,20.8,0,1,1000.5
11,2025-06-12,25.8,32.2,16.6,0.00,0.00,0.00,0.0,57600.00,28.39,12.6,24.1,93,6.90,11.9,46,77,25,0.210,0.182,0.167,25.2,17.2,22.4,1,4,999.8
11,2025-06-13,27.1,32.9,21.1,0.00,0.00,0.00,0.0,54453.37,28.27,15.9,30.6,85,7.27,13.4,47,75,24,0.189,0.177,0.165,27.1,17.6,24.3,3,48,996.9
11,2025-06-14,23.8,28.9,19.5,1.70,1.70,0.00,5.0,39077.71,16.80,16.2,36.4,289,4.21,15.6,62,80,41,0.186,0.179,0.168,24.8,18.1,24.1,53,80,992.4
11,2025-06-15,23.4,28.5,18.9,2.70,2.70,0.00,4.0,54028.35,21.46,15.9,36.7,322,4.89,15.8,65,86,41,0.193,0.178,0.169,24.3,18.4,23.2,61,69,990.2
11,2025-06-16,24.8,29.9,19.4,1.60,1.60,0.00,3.0,56178.03,23.19,12.8,28.4,15,5.41,16.6,63,90,39,0.200,0.176,0.169,25.4,18.6,23.5,55,29,992.0
11,2025-06-17,26.9,32.7,19.8,0.00,0.00,0.00,0.0,57600.00,27.70,17.0,27.0,103,6.96,15.0,52,82,29,0.188,0.171,0.167,27.4,18.9,24.6,0,2,992.2
11,2025-06-18,28.7,35.5,20.6,0.00,0.00,0.00,0.0,54684.48,27.80,17.8,32.0,121,8.38,12.6,40,65,23,0.173,0.165,0.164,28.7,19.3,25.9,2,15,987.7
11,2025-06-19,25.7,34.4,16.4,1.80,1.80,0.00,2.0,47682.33,22.01,25.4,51.5,211,6.34,13.2,51,99,22,0.175,0.172,0.170,27.2,19.8,26.7,55,47,983.0
11,2025-06-20,24.6,31.7,16.5,0.10,0.10,0.00,1.0,55698.76,27.35,15.9,32.4,217,6.58,12.1,52,98,21,0.181,0.176,0.175,25.7,20.1,25.2,51,20,986.6
11,2025-06-21,21.2,25.8,18.1,3.60,3.60,0.00,6.0,51214.37,20.37,36.1,67.0,242,5.60,10.8,54,79,31,0.200,0.181,0.181,22.8,20.3,24.2,61,42,987.9
11,2025-06-22,24.4,31.3,16.8,1.40,1.40,0.00,5.0,54000.00,22.60,26.7,51.8,233,6.91,11.2,46,66,27,0.212,0.185,0.185,23.8,20.2,23.3,55,23,988.7
11,2025-06-23,20.1,28.9,14.8,1.60,1.60,0.00,4.0,34194.86,18.81,14.5,46.4,230,4.29,10.6,61,92,22,0.210,0.179,0.183,22.3,20.1,22.9,53,55,987.0
11,2025-06-24,19.2,24.1,13.9,0.20,0.20,0.00,2.0,49408.98,19.30,22.2,43.9,290,4.31,11.3,63,91,39,0.212,0.180,0.184,20.6,19.9,21.3,51,50,989.1
11,2025-06-25,17.1,20.8,14.4,8.80,8.80,0.00,13.0,23797.36,12.00,17.7,37.4,45,2.43,12.8,77,95,56,0.250,0.186,0.187,19.1,19.6,20.3,63,77,992.3
11,2025-06-26,19.1,23.9,12.8,0.30,0.30,0.00,2.0,50134.20,25.18,18.6,36.0,65,5.45,10.1,59,93,37,0.273,0.194,0.191,20.1,19.1,19.5,51,50,993.3
11,2025-06-27,16.9,18.6,15.6,7.00,7.00,0.00,16.0,7863.82,9.58,19.8,39.2,2,2.67,11.7,72,87,61,0.289,0.203,0.196,18.5,18.8,19.6,61,100,989.1
11,2025-06-28,21.1,27.0,15.6,0.00,0.00,0.00,0.0,55242.66,27.20,15.5,29.2,304,5.47,11.3,57,83,31,0.301,0.212,0.198,20.8,18.5,19.4,3,34,987.7
11,2025-06-29,21.0,26.9,16.3,2.80,2.80,0.00,5.0,48691.63,20.83,15.3,35.3,171,4.52,13.6,65,94,38,0.278,0.211,0.196,21.6,18.4,21.0,61,66,981.8
11,2025-06-30,19.6,23.7,15.0,0.40,0.40,0.00,4.0,55084.04,20.59,11.0,24.8,219,3.90,13.7,71,97,50,0.277,0.213,0.197,21.1,18.4,20.8,51,60,980.2
11,2025-07-01,22.4,28.7,15.7,0.30,0.30,0.00,3.0,54284.06,23.57,12.4,29.9,283,5.01,14.6,64,92,37,0.253,0.207,0.193,22.4,18.4,21.2,51,40,986.2
11,2025-07-02,24.0,29.4,17.4,0.80,0.80,0.00,2.0,55730.41,26.14,14.2,31.3,322,5.86,15.2,61,85,39,0.235,0.200,0.188,23.9,18.6,22.3,53,11,992.6
11,2025-07-03,26.7,32.4,19.6,0.00,0.00,0.00,0.0,57600.00,27.13,12.5,20.5,70,6.15,15.6,54,85,31,0.219,0.196,0.185,25.9,18.9,23.4,0,7,995.3
11,2025-07-04,27.8,33.9,21.0,0.00,0.00,0.00,0.0,49682.21,27.26,19.8,38.5,140,7.55,14.9,49,75,27,0.196,0.187,0.182,27.1,19.3,24.8,3,31,989.9
11,2025-07-05,22.6,25.3,17.7,0.30,0.30,0.00,3.0,43583.04,20.84,27.8,49.3,279,5.40,13.5,57,75,42,0.192,0.193,0.189,24.5,19.8,25.0,51,69,980.6
11,2025-07-06,20.1,23.8,16.0,2.20,2.20,0.00,8.0,41778.11,15.40,33.1,59.4,286,3.83,14.5,72,91,54,0.203,0.198,0.194,21.7,20.0,22.6,53,51,983.4
11,2025-07-07,21.1,26.2,16.7,5.20,5.20,0.00,9.0,40333.90,19.98,21.5,42.1,291,4.17,16.3,75,92,57,0.226,0.197,0.195,22.4,19.9,21.8,63,53,985.7
11,2025-07-08,20.3,24.7,15.2,0.00,0.00,0.00,0.0,57600.00,23.46,19.9,40.0,329,5.23,10.9,59,90,32,0.242,0.197,0.195,21.5,19.8,21.5,2,31,992.8
11,2025-07-09,19.8,24.5,13.8,0.00,0.00,0.00,0.0,52428.65,25.90,12.3,28.8,8,5.20,9.5,55,86,30,0.224,0.198,0.198,21.6,19.7,21.3,3,87,995.0
11,2025-07-10,20.9,26.0,14.5,0.00,0.00,0.00,0.0,45156.48,18.06,9.7,23.8,10,4.10,11.1,56,79,33,0.209,0.196,0.198,21.6,19.6,21.2,3,83,993.8
11,2025-07-11,23.1,28.9,15.1,0.10,0.10,0.00,1.0,47882.01,21.97,9.0,22.0,233,4.99,11.8,54,91,29,0.197,0.191,0.196,23.0,19.5,21.6,51,55,992.5
11,2025-07-12,20.8,23.6,16.7,1.20,1.20,0.00,6.0,55968.96,21.59,24.3,47.9,271,4.87,13.4,65,93,44,0.202,0.189,0.197,22.6,19.6,22.3,53,47,990.7
11,2025-07-13,19.6,25.0,14.3,0.20,0.20,0.00,2.0,56579.37,19.44,22.4,45.4,276,4.59,11.0,60,87,35,0.197,0.189,0.197,21.1,19.6,21.3,51,30,991.3
11,2025-07-14,18.5,22.3,14.0,0.70,0.70,0.00,3.0,52571.89,19.92,21.9,47.5,283,4.02,12.8,71,91,53,0.195,0.189,0.199,20.4,19.5,20.5,53,58,988.4
11,2025-07-15,18.7,22.5,15.7,6.50,6.50,0.00,8.0,45608.51,16.30,15.7,32.0,282,3.12,14.3,76,91,57,0.224,0.190,0.200,20.5,19.3,20.4,63,61,989.7
11,2025-07-16,22.5,29.5,14.2,0.00,0.00,0.00,0.0,57518.31,25.17,13.2,21.6,193,5.32,11.9,57,93,27,0.254,0.187,0.197,22.3,19.2,20.7,1,8,990.5
11,2025-07-17,25.5,32.5,18.5,0.70,0.70,0.00,3.0,57452.81,22.78,22.6,28.8,121,6.08,12.6,48,70,26,0.226,0.184,0.194,24.2,19.3,22.6,51,30,988.6
11,2025-07-18,24.9,31.3,16.0,0.00,0.00,0.00,0.0,54518.89,24.86,21.4,34.6,128,5.87,13.5,53,91,30,0.204,0.177,0.191,25.4,19.6,23.7,3,41,990.5
11,2025-07-19,22.1,25.4,14.6,0.40,0.40,0.00,3.0,52692.19,21.28,32.0,58.3,285,5.92,12.2,54,76,42,0.193,0.179,0.193,24.5,20.0,24.5,51,50,986.3
11,2025-07-20,19.3,26.0,11.5,0.00,0.00,0.00,0.0,51848.92,23.83,19.3,38.5,298,5.49,8.4,53,82,31,0.186,0.179,0.195,21.4,20.2,22.1,3,16,997.7
11,2025-07-21,20.6,26.1,14.5,0.00,0.00,0.00,0.0,55724.58,21.91,25.2,47.9,311,5.73,9.1,50,75,33,0.175,0.174,0.192,21.7,20.1,21.7,2,13,998.0
11,2025-07-22,18.3,23.9,10.0,0.00,0.00,0.00,0.0,53720.60,26.73,13.5,24.8,52,5.51,5.4,47,85,27,0.167,0.170,0.190,21.6,20.0,21.3,3,35,1001.2
11,2025-07-23,20.1,25.3,15.0,0.00,0.00,0.00,0.0,55115.81,26.19,21.2,41.0,90,6.90,4.1,36,53,23,0.161,0.167,0.188,22.6,20.0,21.9,3,30,996.6
11,2025-07-24,17.0,20.4,13.0,0.10,0.10,0.00,1.0,0.00,7.96,20.8,37.8,88,3.92,4.7,45,57,34,0.159,0.165,0.187,19.0,19.9,20.7,51,94,991.7
11,2025-07-25,22.6,30.7,13.0,0.00,0.00,0.00,0.0,55232.90,25.88,24.7,46.1,94,7.76,7.0,41,70,20,0.158,0.163,0.186,22.1,19.7,20.5,3,31,984.9
11,2025-07-26,27.1,34.9,20.2,0.40,0.40,0.00,1.0,48130.63,24.44,22.6,37.8,141,6.66,11.8,42,62,20,0.158,0.165,0.187,26.8,19.8,23.9,51,70,981.4
11,2025-07-27,25.7,34.3,19.3,3.20,3.20,0.00,4.0,46662.05,23.52,17.6,35.3,187,5.95,15.1,57,87,25,0.171,0.171,0.192,26.6,20.3,25.6,61,40,982.5
11,2025-07-28,23.6,29.7,17.9,0.00,0.00,0.00,0.0,53274.84,24.94,23.0,43.6,237,5.74,12.7,55,83,26,0.189,0.171,0.193,25.0,20.8,24.9,3,20,986.6
11,2025-07-29,24.3,30.7,18.2,0.50,0.50,0.00,2.0,48121.73,21.34,16.1,33.1,141,5.50,12.1,49,74,28,0.180,0.171,0.194,25.0,21.0,24.5,51,76,985.9
11,2025-07-30,22.3,30.8,16.4,2.80,2.80,0.00,8.0,40410.84,22.23,16.1,28.8,68,4.87,14.2,66,97,27,0.182,0.174,0.196,24.5,21.2,24.6,55,60,984.3
11,2025-07-31,21.9,27.9,14.8,0.20,0.20,0.00,1.0,51248.85,23.66,14.4,25.9,176,4.84,14.2,66,98,34,0.205,0.174,0.197,24.0,21.4,24.0,51,32,983.8
11,2025-08-01,22.3,27.9,16.6,2.30,2.30,0.00,6.0,48289.06,21.90,14.5,23.8,204,4.73,14.5,64,89,40,0.198,0.172,0.196,24.4,21.5,24.2,53,37,984.4
11,2025-08-02,20.7,27.0,15.9,3.90,3.90,0.00,8.0,47213.08,19.47,18.0,35.3,303,4.02,15.6,74,95,44,0.229,0.172,0.196,23.2,21.6,23.7,61,50,986.0
11,2025-08-03,17.5,21.5,11.9,0.40,0.40,0.00,4.0,40384.44,18.57,21.9,44.3,346,4.40,8.8,61,93,31,0.253,0.174,0.196,20.6,21.5,22.2,51,47,994.6
11,2025-08-04,12.5,16.7,8.0,0.50,0.50,0.00,5.0,49504.91,18.33,24.9,50.8,316,3.45,5.4,64,86,41,0.239,0.176,0.198,16.7,21.1,19.5,51,29,1000.9
11,2025-08-05,13.7,19.3,7.4,0.40,0.40,0.00,4.0,50485.99,21.32,11.8,31.0,290,3.60,6.3,65,97,37,0.229,0.176,0.197,16.6,20.5,17.8,51,42,1001.4
11,2025-08-06,13.5,16.0,9.2,7.70,7.70,0.00,11.0,23609.50,12.04,28.2,52.2,309,2.32,9.0,75,96,54,0.297,0.181,0.197,15.9,19.9,17.7,61,65,993.0
11,2025-08-07,15.6,22.0,6.8,0.60,0.60,0.00,4.0,46031.98,23.58,21.6,35.6,142,4.74,6.3,59,96,31,0.290,0.191,0.197,16.8,19.3,17.2,51,45,994.9
11,2025-08-08,16.7,21.1,12.8,0.70,0.70,0.00,4.0,41598.70,18.34,19.7,40.0,39,3.93,9.0,62,82,41,0.265,0.191,0.195,18.4,19.0,18.5,51,56,989.5
11,2025-08-09,15.3,20.4,9.8,0.40,0.40,0.00,1.0,45697.34,17.09,23.8,45.0,316,3.37,9.7,72,94,43,0.249,0.192,0.195,17.3,18.8,18.2,51,44,994.4
11,2025-08-10,17.8,24.7,10.1,0.20,0.20,0.00,2.0,50417.98,20.65,14.3,31.7,333,4.09,10.0,65,97,34,0.236,0.189,0.193,18.5,18.5,18.3,51,18,998.3
11,2025-08-11,20.5,27.0,12.3,0.00,0.00,0.00,0.0,50400.00,19.52,8.3,23.4,280,4.19,10.2,56,90,29,0.218,0.182,0.188,20.3,18.5,19.5,3,35,997.9
11,2025-08-12,19.2,25.6,15.8,2.80,2.80,0.00,9.0,30267.73,12.47,25.9,50.8,173,3.61,11.5,63,91,35,0.212,0.182,0.188,19.7,18.6,20.0,53,81,986.4
11,2025-08-13,20.4,26.5,14.1,0.20,0.20,0.00,2.0,50400.00,19.81,19.5,36.0,283,4.32,12.1,63,99,32,0.210,0.181,0.188,20.9,18.7,20.2,51,37,989.9
11,2025-08-14,20.4,25.8,14.8,0.30,0.30,0.00,2.0,43958.81,15.56,18.8,40.3,183,3.75,12.4,62,80,41,0.212,0.190,0.195,20.6,18.9,20.7,51,54,984.7
11,2025-08-15,18.7,23.5,15.1,2.30,2.30,0.00,4.0,48603.29,17.54,22.8,44.6,235,3.68,13.1,71,88,49,0.211,0.193,0.198,20.2,19.0,20.5,61,61,983.0
11,2025-08-16,19.3,25.7,13.4,0.30,0.30,0.00,2.0,43533.35,19.64,17.7,32.8,218,4.11,12.9,70,97,42,0.206,0.191,0.198,20.5,19.1,20.3,51,50,985.5
11,2025-08-17,19.1,25.4,15.2,0.40,0.40,0.00,2.0,43503.28,18.18,25.4,43.9,228,4.10,12.3,67,87,38,0.204,0.191,0.198,20.5,19.2,20.7,51,62,985.6
11,2025-08-18,17.3,22.5,12.7,1.60,1.60,0.00,2.0,48215.58,18.13,17.7,42.1,243,3.75,11.2,70,93,44,0.208,0.192,0.201,19.2,19.3,20.2,61,53,990.9
11,2025-08-19,17.5,22.9,13.4,5.70,5.70,0.00,12.0,36768.06,12.40,18.9,40.3,273,2.58,13.3,78,97,54,0.270,0.197,0.203,18.2,19.2,19.1,61,70,993.2
11,2025-08-20,20.5,27.2,12.4,0.00,0.00,0.00,0.0,50400.00,21.35,17.3,26.3,135,4.68,11.6,62,95,32,0.262,0.198,0.202,20.5,19.1,19.5,3,80,992.7
11,2025-08-21,22.3,30.2,16.1,1.00,1.00,0.00,2.0,47580.58,17.58,18.0,31.7,129,4.89,11.9,55,77,27,0.243,0.193,0.199,21.7,19.1,21.0,53,61,987.8
11,2025-08-22,17.6,22.6,13.8,5.80,5.80,0.00,11.0,40993.58,16.16,13.7,34.6,258,2.99,13.0,75,93,51,0.257,0.190,0.196,19.8,19.3,20.6,61,40,986.8
11,2025-08-23,17.3,23.0,12.5,1.30,1.30,0.00,9.0,41610.58,13.59,17.8,38.2,295,2.67,13.2,79,97,52,0.269,0.192,0.196,18.2,19.3,19.2,51,48,989.3
11,2025-08-24,19.3,25.2,13.8,0.10,0.10,0.00,1.0,49899.26,19.17,21.5,40.7,309,4.29,12.4,67,94,42,0.253,0.192,0.194,19.8,19.2,19.6,51,24,997.7
11,2025-08-25,17.0,23.1,10.5,0.00,0.00,0.00,0.0,49774.34,21.16,14.6,31.7,355,4.26,8.0,59,86,32,0.233,0.189,0.191,18.9,19.1,19.5,0,1,1004.0
11,2025-08-26,19.9,26.7,12.3,0.00,0.00,0.00,0.0,49239.87,20.84,9.9,23.4,45,4.23,10.5,58,91,34,0.216,0.184,0.188,20.1,19.1,19.5,0,0,1004.6
11,2025-08-27,22.5,30.3,13.9,0.00,0.00,0.00,0.0,47325.37,18.29,9.4,23.0,210,4.33,10.9,52,79,23,0.200,0.178,0.185,22.0,19.1,20.8,3,24,1003.5
11,2025-08-28,25.4,34.4,16.0,0.00,0.00,0.00,0.0,46654.60,20.37,15.2,27.4,192,5.80,7.4,37,67,14,0.184,0.168,0.178,24.0,19.4,22.3,3,30,998.3
11,2025-08-29,20.7,25.5,15.0,0.70,0.70,0.00,2.0,34494.94,15.78,18.4,33.8,333,4.33,9.4,51,82,32,0.179,0.164,0.175,22.5,19.8,23.0,51,47,996.3
11,2025-08-30,13.9,19.1,10.6,19.10,19.10,0.00,17.0,14784.57,8.96,19.1,43.9,352,1.75,10.5,81,96,65,0.246,0.166,0.176,17.3,20.0,20.4,61,89,991.7
11,2025-08-31,14.5,19.7,11.2,16.40,16.40,0.00,16.0,29761.51,11.62,35.2,66.2,316,2.65,9.7,75,94,50,0.383,0.237,0.178,15.8,19.7,17.6,61,79,991.3
11,2025-09-01,12.4,16.1,8.9,3.40,3.40,0.00,12.0,29663.74,11.42,13.7,23.0,299,1.86,9.3,82,95,63,0.341,0.266,0.180,15.0,19.2,16.8,53,85,993.6
11,2025-09-02,12.7,16.9,9.3,15.40,15.40,0.00,22.0,24324.12,12.54,24.3,42.5,329,2.02,10.2,86,96,57,0.387,0.296,0.182,14.6,18.7,16.1,63,93,992.9
11,2025-09-03,14.8,19.8,9.6,0.60,0.60,0.00,3.0,43226.83,15.64,15.5,32.0,307,2.63,11.0,80,96,56,0.366,0.324,0.183,15.7,18.2,16.2,51,68,1001.5
11,2025-09-04,16.2,21.3,10.8,0.00,0.00,0.00,0.0,36894.12,12.42,11.4,23.4,250,2.39,10.9,73,98,46,0.341,0.321,0.184,16.4,17.9,16.9,3,79,1002.7
11,2025-09-05,16.3,22.5,9.9,0.00,0.00,0.00,0.0,44516.00,18.39,14.7,30.2,80,3.69,8.6,65,96,35,0.322,0.311,0.184,16.9,17.8,17.4,2,25,1002.8
11,2025-09-06,16.0,22.1,9.4,0.00,0.00,0.00,0.0,44182.77,17.57,13.2,27.4,78,3.46,8.2,63,89,38,0.304,0.301,0.183,17.0,17.7,17.3,3,44,1001.3
11,2025-09-07,17.0,22.7,10.8,0.00,0.00,0.00,0.0,44228.72,17.33,19.8,33.5,92,4.02,8.2,59,88,36,0.289,0.292,0.182,17.5,17.7,17.4,3,44,997.7
11,2025-09-08,14.1,16.9,11.8,6.90,6.90,0.00,15.0,29881.64,11.11,25.3,48.6,52,2.56,8.8,71,85,57,0.325,0.288,0.181,15.9,17.6,17.1,55,95,989.3
11,2025-09-09,14.5,19.8,10.2,0.10,0.10,0.00,1.0,33955.90,13.77,13.7,29.9,319,2.86,7.4,65,84,38,0.323,0.291,0.183,15.4,17.5,16.4,51,83,993.9
11,2025-09-10,14.8,20.6,10.9,4.60,4.60,0.00,16.0,36248.56,12.74,10.4,26.3,151,2.32,10.4,77,97,51,0.325,0.290,0.184,15.6,17.3,16.2,53,84,995.5
11,2025-09-11,14.2,17.8,11.5,3.30,3.30,0.00,19.0,32393.43,12.01,11.5,26.3,14,1.97,11.4,84,98,62,0.344,0.291,0.184,15.8,17.2,16.3,53,83,993.9
11,2025-09-12,12.2,14.8,10.6,3.00,3.00,0.00,22.0,7267.92,5.55,14.5,28.1,6,1.08,10.3,89,99,67,0.351,0.299,0.185,14.1,17.0,15.6,51,94,1002.9
11,2025-09-13,10.1,12.4,8.1,0.40,0.40,0.00,4.0,39565.10,12.67,18.2,36.0,0,2.06,4.5,70,92,47,0.340,0.306,0.188,12.5,16.7,14.3,51,71,1006.3
11,2025-09-14,11.0,14.9,7.5,0.00,0.00,0.00,0.0,20950.22,8.20,12.3,24.8,18,1.72,5.5,70,90,50,0.324,0.307,0.191,12.1,16.3,13.6,3,83,1013.0
11,2025-09-15,11.6,17.6,5.0,0.00,0.00,0.00,0.0,42085.29,13.24,13.2,24.5,57,2.45,5.2,69,97,41,0.314,0.305,0.194,12.3,16.0,13.5,3,35,1012.1
11,2025-09-16,12.1,19.0,5.4,0.00,0.00,0.00,0.0,43149.71,15.88,18.0,35.3,73,2.93,5.1,66,93,37,0.301,0.298,0.192,12.9,15.7,13.6,3,43,1003.5
11,2025-09-17,14.7,21.2,8.7,0.00,0.00,0.00,0.0,41000.20,13.80,16.2,27.7,65,3.06,6.4,60,86,37,0.287,0.288,0.189,14.5,15.5,14.3,3,56,999.7
11,2025-09-18,13.8,19.1,9.3,7.40,7.40,0.00,12.0,36097.16,11.62,17.1,34.6,49,2.22,9.5,77,97,52,0.296,0.281,0.188,14.5,15.5,14.9,61,69,998.2
11,2025-09-19,12.7,17.6,7.9,0.30,0.30,0.00,3.0,39964.32,11.33,14.1,28.1,90,1.84,9.4,82,100,57,0.321,0.284,0.189,13.6,15.5,14.6,51,48,999.4
11,2025-09-20,13.4,19.8,6.8,0.10,0.10,0.00,1.0,40361.89,14.35,9.4,23.0,357,2.44,8.8,77,99,49,0.307,0.283,0.189,13.7,15.4,14.2,51,19,1001.7
11,2025-09-21,14.2,20.9,8.6,0.00,0.00,0.00,0.0,40057.11,12.63,8.9,18.0,181,2.28,8.8,73,93,42,0.293,0.278,0.187,14.3,15.3,14.6,3,32,1004.3
11,2025-09-22,15.7,22.6,8.9,0.00,0.00,0.00,0.0,28862.70,11.64,22.7,42.5,170,3.22,7.3,61,89,34,0.281,0.272,0.185,14.8,15.3,14.9,3,93,995.4
11,2025-09-23,13.4,16.0,11.0,0.80,0.80,0.00,6.0,25869.00,9.08,20.0,38.9,296,1.87,8.6,74,94,54,0.277,0.271,0.186,14.3,15.4,15.4,51,78,992.7
11,2025-09-24,16.6,23.2,11.0,0.00,0.00,0.00,0.0,39444.67,11.58,20.6,37.1,223,3.14,9.5,65,82,44,0.272,0.269,0.187,15.7,15.5,15.1,3,36,998.8
11,2025-09-25,19.0,28.7,11.5,0.00,0.00,0.00,0.0,39600.00,13.63,17.8,33.8,211,3.50,11.4,65,93,33,0.259,0.260,0.184,17.5,15.6,16.3,0,0,998.5
11,2025-09-26,17.6,26.5,10.9,0.00,0.00,0.00,0.0,39600.00,13.33,13.8,28.4,167,3.27,9.0,63,97,28,0.245,0.249,0.178,17.3,15.8,16.9,1,4,995.3
11,2025-09-27,15.3,23.2,8.5,0.00,0.00,0.00,0.0,39547.59,12.83,10.2,23.0,245,2.40,10.5,76,94,49,0.234,0.239,0.173,16.1,16.0,16.4,2,13,994.1
11,2025-09-28,7.8,12.6,3.6,8.90,8.90,0.00,14.0,3993.95,3.57,20.9,42.1,7,0.52,6.9,94,99,86,0.291,0.238,0.173,11.5,16.1,14.7,61,93,1000.7
11,2025-09-29,2.8,5.1,-0.3,0.00,0.00,0.00,0.0,8340.96,5.39,16.7,29.5,18,0.96,-1.1,76,87,60,0.310,0.246,0.175,6.7,15.6,10.9,3,92,1008.4
11,2025-09-30,0.1,3.5,-2.9,0.00,0.00,0.00,0.0,27980.45,9.98,14.3,27.0,28,1.11,-4.3,73,89,53,0.296,0.252,0.177,4.1,14.8,8.6,3,89,1004.0
11,2025-10-01,2.3,8.2,-3.8,0.00,0.00,0.00,0.0,38541.12,10.69,16.2,32.0,268,1.61,-3.8,67,95,40,0.287,0.254,0.179,4.7,13.8,7.2,3,40,999.4
11,2025-10-02,5.3,6.7,4.2,5.30,5.30,0.00,17.0,7972.53,4.79,25.8,45.0,256,0.83,3.0,85,91,67,0.306,0.255,0.179,6.4,13.0,7.8,53,92,996.3
11,2025-10-03,3.7,6.1,1.6,0.60,0.60,0.00,6.0,22076.27,8.03,25.2,44.3,289,1.46,-2.0,68,87,45,0.322,0.263,0.180,5.8,12.5,7.9,51,94,1009.7
11,2025-10-04,2.4,4.4,0.6,3.10,3.10,0.00,10.0,15593.95,6.27,34.3,61.9,287,1.15,-2.0,73,93,63,0.321,0.268,0.182,4.8,12.0,7.2,53,87,1007.1
11,2025-10-05,1.0,3.3,-0.9,0.00,0.00,0.00,0.0,16018.14,7.45,19.6,33.5,292,1.19,-4.9,65,78,50,0.318,0.275,0.184,3.8,11.4,6.1,3,84,1018.9
11,2025-10-06,2.0,4.2,-1.0,2.90,2.30,0.42,9.0,0.00,2.80,20.2,34.6,226,0.74,-1.4,79,97,60,0.316,0.278,0.186,3.5,10.8,5.4,71,85,1012.8
11,2025-10-07,1.9,3.4,-0.0,0.00,0.00,0.00,0.0,2444.51,4.82,13.7,26.3,9,0.80,-1.8,78,99,58,0.318,0.282,0.186,3.9,10.3,5.4,3,88,1012.7
11,2025-10-08,1.5,5.1,-1.4,0.00,0.00,0.00,0.0,28976.65,9.18,13.1,18.7,171,1.16,-3.9,69,87,47,0.307,0.282,0.187,4.2,9.8,5.3,3,66,1012.6
11,2025-10-09,3.0,7.9,-0.4,0.00,0.00,0.00,0.0,30693.59,8.35,16.1,32.0,285,1.28,-1.9,71,81,59,0.299,0.281,0.187,4.3,9.5,5.3,3,40,1008.4
11,2025-10-10,1.3,4.1,-0.8,0.40,0.00,0.28,3.0,18661.01,6.64,16.2,21.6,65,0.98,-3.2,73,93,56,0.293,0.280,0.187,3.7,9.2,5.5,71,95,1012.5
11,2025-10-11,-0.7,0.6,-1.6,16.40,0.00,11.48,21.0,0.00,2.51,27.1,44.3,80,0.30,-1.7,93,100,74,0.289,0.279,0.188,3.0,8.9,4.8,75,90,1006.8
11,2025-10-12,-3.9,-1.1,-8.4,0.00,0.00,0.00,0.0,30250.99,9.00,19.9,31.3,26,0.65,-5.8,87,91,80,0.288,0.279,0.188,4.5,8.7,5.2,2,26,1009.5
11,2025-10-13,-8.3,-4.2,-11.4,0.00,0.00,0.00,0.0,33059.50,10.19,10.8,16.6,29,0.60,-9.7,90,100,83,0.286,0.278,0.189,4.0,8.5,5.2,0,0,1015.0
11,2025-10-14,-7.0,-2.3,-12.1,0.00,0.00,0.00,0.0,30284.75,8.95,11.3,16.9,12,0.57,-8.7,88,92,79,0.285,0.277,0.189,3.5,8.3,4.7,3,63,1021.9
11,2025-10-15,-7.4,-1.8,-12.0,0.00,0.00,0.00,0.0,31530.48,9.48,11.4,17.3,54,0.65,-9.4,86,98,73,0.284,0.277,0.190,3.1,8.1,4.5,2,10,1026.1
11,2025-10-16,-5.9,-0.3,-11.3,0.00,0.00,0.00,0.0,32400.00,9.50,15.7,24.5,75,0.74,-8.6,82,95,66,0.282,0.276,0.190,1.1,7.8,3.1,0,0,1022.7
11,2025-10-17,-4.0,1.5,-8.9,0.00,0.00,0.00,0.0,32369.42,9.26,16.7,24.8,88,0.82,-7.0,80,91,68,0.281,0.275,0.191,1.1,7.4,2.6,3,6,1015.6
11,2025-10-18,-0.6,4.9,-5.4,0.00,0.00,0.00,0.0,31154.65,8.84,19.0,28.1,135,1.02,-5.0,73,88,54,0.281,0.273,0.191,2.3,7.1,2.9,3,40,1006.1
11,2025-10-19,-0.2,6.2,-5.3,0.00,0.00,0.00,0.0,31495.17,7.65,11.0,16.6,227,0.87,-3.7,79,96,59,0.287,0.271,0.189,2.4,6.9,3.5,2,12,1008.9
11,2025-10-20,-0.0,8.4,-5.4,0.00,0.00,0.00,0.0,31858.92,8.07,11.0,15.1,176,0.98,-3.8,77,92,54,0.293,0.269,0.189,1.9,6.7,2.8,3,27,1012.5
11,2025-10-21,0.6,9.1,-5.2,0.00,0.00,0.00,0.0,32029.60,8.00,10.4,14.4,174,0.96,-3.1,78,91,51,0.293,0.267,0.187,2.2,6.5,2.9,0,0,1014.5
11,2025-10-22,0.0,7.3,-4.9,0.00,0.00,0.00,0.0,31759.35,7.83,9.4,16.2,36,0.78,-1.9,88,97,67,0.293,0.268,0.187,1.2,6.3,2.6,0,0,1018.9
11,2025-10-23,-0.4,6.6,-5.4,0.00,0.00,0.00,0.0,31703.65,7.68,12.0,19.4,92,0.76,-2.4,87,96,68,0.292,0.268,0.188,0.2,6.1,1.9,0,0,1018.7
11,2025-10-24,2.3,10.6,-3.0,0.00,0.00,0.00,0.0,31887.62,7.62,14.8,27.0,113,1.15,-2.0,75,92,47,0.289,0.268,0.188,2.1,5.9,2.0,2,10,1012.8
11,2025-10-25,3.9,11.7,-1.3,0.00,0.00,0.00,0.0,26960.19,7.02,12.8,22.0,149,1.11,-0.9,72,89,46,0.285,0.264,0.186,3.6,5.8,3.2,3,95,1000.6
11,2025-10-26,3.5,8.2,-2.0,0.00,0.00,0.00,0.0,25923.23,5.17,13.5,25.6,338,0.80,0.2,79,91,59,0.282,0.263,0.185,4.2,5.9,4.3,3,61,1001.3
11,2025-10-27,0.0,6.2,-4.9,0.00,0.00,0.00,0.0,29766.23,6.59,13.0,26.3,267,0.78,-3.0,81,94,59,0.278,0.261,0.184,1.6,5.9,3.2,1,18,1007.3
11,2025-10-28,2.6,10.8,-2.0,0.00,0.00,0.00,0.0,31627.61,6.92,10.5,20.9,234,1.00,-1.8,75,87,47,0.273,0.259,0.183,3.0,5.9,3.0,0,2,1010.0
11,2025-10-29,3.3,11.8,-3.4,0.00,0.00,0.00,0.0,31508.62,6.87,15.4,23.8,185,1.16,-1.9,71,89,44,0.268,0.256,0.182,3.1,5.8,3.1,3,38,1010.8
11,2025-10-30,4.0,12.5,-0.8,0.00,0.00,0.00,0.0,29607.73,6.53,13.7,23.0,179,1.07,-0.5,74,90,47,0.264,0.253,0.181,3.8,5.8,4.0,3,74,1008.7
11,2025-10-31,4.1,12.1,-1.8,0.00,0.00,0.00,0.0,27592.50,6.50,17.2,28.8,163,1.31,-1.2,71,93,45,0.260,0.251,0.180,3.3,5.9,4.1,3,95,999.9
11,2025-11-01,5.9,9.2,3.9,1.80,1.80,0.00,7.0,0.00,1.46,35.8,58.3,235,0.89,2.5,79,89,66,0.265,0.250,0.179,4.9,6.1,5.2,53,91,994.4
11,2025-11-02,3.4,6.9,1.0,0.50,0.50,0.00,5.0,22480.84,4.64,19.4,33.5,214,0.81,0.1,79,89,60,0.272,0.252,0.180,3.9,6.2,4.9,51,85,1004.3
11,2025-11-03,3.7,6.0,1.9,0.50,0.50,0.00,5.0,9946.81,3.65,15.5,24.5,168,0.57,1.5,86,98,77,0.276,0.252,0.181,4.1,6.3,4.7,51,94,992.3
11,2025-11-04,-5.1,3.2,-12.0,8.10,3.30,3.36,22.0,0.00,1.35,24.4,48.2,321,0.22,-6.5,90,100,77,0.305,0.255,0.181,-0.5,6.3,3.6,73,100,1000.8
11,2025-11-05,-13.8,-10.5,-16.5,0.00,0.00,0.00,0.0,14156.78,4.73,17.8,32.4,274,0.31,-16.6,80,91,66,0.301,0.258,0.182,-7.6,5.9,0.5,3,90,1016.2
11,2025-11-06,-7.6,-2.5,-16.1,1.50,0.00,1.05,15.0,2093.06,3.84,22.0,36.0,202,0.23,-8.5,93,96,89,0.293,0.260,0.182,-4.8,5.4,-0.2,71,81,1010.1
11,2025-11-07,-1.3,-0.4,-2.5,3.90,0.00,2.73,21.0,0.00,2.63,21.0,34.6,221,0.28,-2.3,93,96,89,0.289,0.261,0.182,-2.0,4.8,-0.3,73,100,1002.6
11,2025-11-08,0.4,1.0,-0.4,3.00,0.10,2.03,15.0,0.00,2.01,29.2,49.3,231,0.53,-1.8,85,93,72,0.285,0.261,0.183,-0.8,4.4,-0.3,73,98,996.6
11,2025-11-09,1.0,1.7,0.2,7.20,2.40,3.36,16.0,0.00,2.41,23.6,40.0,219,0.31,0.1,94,100,88,0.307,0.262,0.183,0.1,4.1,-0.1,73,100,992.4
11,2025-11-10,-4.4,1.4,-9.9,3.90,1.50,1.68,12.0,0.00,2.52,34.2,56.2,280,0.28,-6.0,89,99,79,0.339,0.269,0.183,-0.6,3.8,0.1,73,98,995.5
11,2025-11-11,-1.1,1.9,-9.5,1.30,1.00,0.21,5.0,71.40,2.50,28.0,46.4,217,0.52,-3.4,84,93,76,0.325,0.275,0.185,-1.7,3.6,0.0,71,99,1003.9
11,2025-11-12,1.4,2.4,-0.5,7.20,3.70,2.45,19.0,0.00,1.75,25.8,43.6,238,0.26,0.4,93,97,85,0.364,0.283,0.185,-0.2,3.5,-0.0,73,99,997.9
11,2025-11-13,-1.8,-0.4,-3.0,0.40,0.10,0.21,3.0,18539.10,3.96,26.4,47.5,285,0.71,-5.7,75,86,61,0.347,0.295,0.185,0.5,3.3,0.1,71,77,1009.8
11,2025-11-14,-2.5,0.2,-4.4,0.00,0.00,0.00,0.0,25475.44,4.92,15.0,24.8,218,0.48,-5.3,82,91,65,0.330,0.299,0.187,0.1,3.2,0.2,3,59,1019.0
11,2025-11-15,-1.5,3.6,-4.4,0.00,0.00,0.00,0.0,29449.99,5.31,16.9,31.7,165,0.83,-6.2,71,83,48,0.321,0.300,0.188,-0.4,3.1,0.2,3,14,1015.7
11,2025-11-16,-0.9,4.6,-3.8,0.00,0.00,0.00,0.0,28972.66,5.23,18.9,33.5,158,0.96,-6.2,68,82,47,0.315,0.300,0.190,-0.3,3.1,0.2,0,0,1013.0
11,2025-11-17,1.2,5.8,-2.6,0.00,0.00,0.00,0.0,28441.45,4.07,18.4,30.6,211,0.81,-3.1,74,94,54,0.312,0.299,0.191,0.4,3.0,0.3,3,55,1009.7
11,2025-11-18,0.2,3.0,-1.9,0.00,0.00,0.00,0.0,1004.81,2.12,13.2,22.3,113,0.30,-1.1,91,98,75,0.312,0.298,0.191,0.5,3.0,0.7,3,76,1017.1
11,2025-11-19,-0.2,5.7,-3.1,0.00,0.00,0.00,0.0,27384.87,4.54,13.0,20.5,173,0.44,-2.0,88,95,69,0.310,0.298,0.193,-0.0,3.0,0.8,2,38,1009.7
11,2025-11-20,1.9,5.9,-2.4,1.40,1.40,0.00,6.0,25200.00,4.35,19.9,31.3,233,0.74,-1.4,79,90,63,0.310,0.297,0.193,0.6,3.0,0.7,51,50,1006.9
11,2025-11-21,1.1,3.8,-3.9,3.80,3.80,0.00,12.0,2240.57,1.66,19.5,35.3,289,0.35,-0.7,88,98,77,0.352,0.301,0.194,1.4,3.1,1.8,53,93,1010.6
11,2025-11-22,-5.3,-2.4,-6.8,0.00,0.00,0.00,0.0,27236.89,4.69,17.4,31.3,277,0.35,-7.3,86,93,71,0.340,0.308,0.197,-2.1,3.1,0.8,3,42,1022.9
11,2025-11-23,0.3,3.8,-5.7,1.90,1.90,0.00,5.0,2266.11,1.81,26.3,44.3,211,0.59,-2.7,81,93,56,0.332,0.310,0.198,-2.2,3.0,0.2,53,97,1009.4
11,2025-11-24,0.6,4.6,-4.5,4.70,4.70,0.00,10.0,14476.96,3.01,30.0,51.8,286,0.40,-1.3,87,96,73,0.370,0.317,0.200,-0.2,2.9,0.1,61,71,1005.9
11,2025-11-25,-2.0,2.4,-6.4,0.00,0.00,0.00,0.0,9743.74,2.01,18.7,32.0,193,0.22,-3.3,91,94,84,0.351,0.323,0.202,-1.8,2.8,0.1,3,84,1012.7
11,2025-11-26,3.3,5.0,1.7,0.00,0.00,0.00,0.0,0.00,2.24,23.8,39.6,241,0.52,1.2,86,94,76,0.341,0.323,0.204,-0.7,2.7,0.1,3,97,999.7
11,2025-11-27,0.8,2.1,-0.6,0.70,0.50,0.14,6.0,1705.86,1.58,22.4,40.0,277,0.29,-0.7,90,99,76,0.337,0.323,0.205,0.3,2.6,0.1,71,90,1000.5
11,2025-11-28,-3.0,-0.5,-5.8,0.40,0.00,0.28,4.0,16359.28,2.87,18.0,33.5,305,0.41,-6.0,80,93,69,0.331,0.323,0.204,-0.5,2.5,0.3,71,81,1013.3
11,2025-11-29,-6.6,-4.0,-9.7,0.90,0.00,0.63,6.0,903.55,2.21,20.8,33.1,120,0.32,-9.2,82,86,76,0.328,0.323,0.206,-2.7,2.5,0.1,73,97,1016.5
11,2025-11-30,-4.9,-2.9,-7.0,1.40,0.00,0.98,5.0,10857.13,3.02,14.4,24.8,124,0.20,-6.4,90,95,83,0.325,0.321,0.208,-2.4,2.4,-0.2,73,80,1010.6
11,2025-12-01,-0.6,1.1,-2.9,0.00,0.00,0.00,0.0,15386.51,2.53,12.3,21.6,202,0.23,-1.7,92,95,89,0.323,0.318,0.210,-0.8,2.3,-0.3,3,85,1011.9
11,2025-12-02,0.3,0.7,-0.3,0.00,0.00,0.00,0.0,0.00,1.31,10.9,17.6,264,0.15,-0.4,95,96,93,0.323,0.317,0.210,-0.2,2.2,-0.3,3,98,1011.4
11,2025-12-03,-0.8,-0.2,-1.2,0.10,0.10,0.00,1.0,0.00,1.21,9.8,15.1,244,0.16,-1.5,95,97,91,0.323,0.317,0.211,-0.3,2.1,-0.2,51,99,1006.8
11,2025-12-04,0.0,0.4,-0.7,2.00,0.00,1.40,11.0,473.25,1.38,21.6,39.2,248,0.24,-1.1,92,96,85,0.320,0.314,0.211,-0.0,2.1,-0.1,73,99,1002.6
11,2025-12-05,-1.7,0.6,-9.0,2.20,0.20,1.40,9.0,6547.70,1.67,27.0,44.3,279,0.28,-3.0,91,96,87,0.318,0.312,0.212,-0.9,2.0,-0.0,73,92,1005.3
11,2025-12-06,-7.5,-2.5,-12.6,0.00,0.00,0.00,0.0,17025.68,2.66,14.2,20.9,166,0.18,-9.0,89,93,81,0.317,0.311,0.214,-4.5,2.0,-0.2,3,91,1013.5
11,2025-12-07,-2.9,-2.1,-5.3,0.60,0.00,0.42,6.0,0.00,1.75,16.1,27.4,268,0.16,-3.9,93,95,90,0.315,0.309,0.214,-2.2,1.9,-0.4,71,100,1008.8
11,2025-12-08,-8.2,-5.0,-14.1,3.50,0.00,2.45,24.0,0.00,2.03,21.3,37.8,64,0.19,-9.6,89,95,84,0.313,0.307,0.215,-2.5,1.8,-0.5,73,100,1009.0
11,2025-12-09,-16.4,-14.2,-17.9,14.60,0.00,10.22,24.0,0.00,1.26,29.6,46.4,57,0.19,-18.8,82,84,79,0.311,0.305,0.216,-3.9,1.7,-0.7,73,100,1006.3
11,2025-12-10,-20.9,-18.1,-22.6,1.70,0.00,1.19,8.0,23192.50,3.92,22.3,37.1,340,0.16,-23.7,78,84,71,0.310,0.304,0.217,-4.1,1.6,-0.9,73,52,1019.6
11,2025-12-11,-18.8,-16.2,-20.8,0.00,0.00,0.00,0.0,25242.93,3.92,19.2,30.6,203,0.21,-22.0,76,84,72,0.309,0.302,0.217,-4.0,1.5,-1.0,3,80,1026.5
11,2025-12-12,-12.8,-8.7,-16.1,0.00,0.00,0.00,0.0,20602.17,3.69,21.3,32.0,154,0.36,-16.7,72,80,68,0.307,0.301,0.218,-3.6,1.4,-1.1,3,60,1004.8
11,2025-12-13,-3.0,-0.2,-8.7,0.60,0.00,0.42,6.0,0.00,1.87,18.1,33.1,204,0.25,-4.5,89,95,80,0.306,0.299,0.218,-2.5,1.3,-1.2,71,88,992.5
11,2025-12-14,-6.5,-2.9,-9.2,0.00,0.00,0.00,0.0,19222.52,2.90,22.1,32.4,186,0.25,-8.3,87,91,82,0.305,0.298,0.219,-3.9,1.2,-1.2,3,88,995.6
11,2025-12-15,-5.1,0.6,-10.0,4.00,3.10,0.63,9.0,19105.25,3.38,34.5,56.5,210,0.45,-7.8,81,94,73,0.332,0.297,0.219,-3.3,1.1,-1.3,73,74,995.7
11,2025-12-16,-8.8,-6.7,-10.2,0.00,0.00,0.00,0.0,24095.00,3.39,27.5,46.8,199,0.47,-12.5,75,80,71,0.335,0.298,0.220,-1.9,1.0,-1.3,3,60,1002.7
11,2025-12-17,-14.9,-9.3,-20.3,0.00,0.00,0.00,0.0,16230.10,3.14,26.2,40.7,249,0.25,-17.8,79,83,75,0.329,0.298,0.220,-4.3,0.9,-1.3,3,87,1003.0
11,2025-12-18,-17.0,-13.8,-20.7,0.00,0.00,0.00,0.0,6595.25,2.76,17.5,26.3,233,0.16,-19.3,82,84,80,0.325,0.297,0.221,-4.9,0.8,-1.4,3,91,1009.8
11,2025-12-19,-7.2,-5.2,-13.2,0.00,0.00,0.00,0.0,0.00,1.92,21.9,32.4,220,0.28,-9.2,85,87,83,0.322,0.297,0.221,-1.2,0.8,-1.5,3,99,1010.6
11,2025-12-20,-5.8,-5.1,-6.7,1.90,0.00,1.40,11.0,413.91,2.11,20.0,32.0,202,0.30,-7.9,85,91,81,0.318,0.296,0.221,-0.7,0.8,-1.4,73,100,997.2
11,2025-12-21,-20.2,-5.5,-29.0,0.30,0.00,0.21,3.0,9598.27,2.64,23.5,39.6,301,0.13,-23.0,78,91,69,0.315,0.296,0.222,-4.8,0.7,-1.4,71,77,1005.5
11,2025-12-22,-13.6,-8.3,-28.7,0.40,0.00,0.28,4.0,2796.60,2.48,26.7,40.7,224,0.31,-16.7,78,81,74,0.313,0.295,0.223,-2.6,0.7,-1.5,71,94,1010.1
11,2025-12-23,-7.0,-2.2,-11.7,0.00,0.00,0.00,0.0,6868.82,2.39,19.1,32.8,203,0.29,-9.1,84,88,78,0.311,0.294,0.223,-2.2,0.7,-1.5,3,95,1010.5
11,2025-12-24,-5.1,-3.3,-6.5,0.20,0.00,0.14,2.0,11359.89,2.33,22.8,35.6,197,0.35,-7.5,83,88,77,0.309,0.293,0.224,-2.9,0.7,-1.5,71,82,1005.3
11,2025-12-25,-3.7,-2.0,-5.1,0.90,0.00,0.63,5.0,6101.71,2.39,22.0,35.3,213,0.31,-5.5,87,91,85,0.308,0.292,0.224,-2.9,0.6,-1.5,73,98,998.4
11,2025-12-26,-14.7,-5.5,-23.9,1.10,0.00,0.77,8.0,16564.28,3.09,32.5,52.2,258,0.18,-17.1,82,91,74,0.306,0.292,0.225,-5.0,0.6,-1.6,71,71,997.8
11,2025-12-27,-19.2,-15.7,-23.8,0.00,0.00,0.00,0.0,25089.59,3.77,17.6,27.7,215,0.22,-22.9,73,79,69,0.305,0.291,0.225,-1.5,0.6,-1.7,3,27,1008.9
11,2025-12-28,-22.0,-18.0,-24.1,0.00,0.00,0.00,0.0,26588.33,3.84,15.8,21.2,159,0.15,-25.1,76,80,67,0.302,0.290,0.225,-0.7,0.6,-1.5,3,11,1008.6
11,2025-12-29,-16.5,-8.4,-23.0,0.00,0.00,0.00,0.0,22451.20,3.25,25.0,36.0,139,0.25,-19.5,78,81,70,0.300,0.289,0.225,-2.0,0.5,-1.4,3,73,1000.0
11,2025-12-30,-3.0,1.9,-8.5,0.70,0.70,0.00,5.0,0.00,1.86,32.1,44.6,167,0.52,-5.9,80,86,77,0.300,0.288,0.225,-3.8,0.5,-1.4,51,95,990.3
11,2025-12-31,-2.9,2.0,-5.5,0.60,0.00,0.42,4.0,0.00,1.89,18.6,25.6,25,0.27,-4.9,86,89,82,0.310,0.287,0.225,-3.4,0.5,-1.5,71,96,995.7
12,2025-01-01,-9.2,-6.9,-13.3,2.80,0.00,1.96,11.0,0.00,1.43,25.1,45.7,191,0.25,-11.3,85,88,82,0.431,0.432,0.443,-4.5,0.5,-1.3,73,100,993.6
12,2025-01-02,-9.4,-7.1,-13.5,2.30,0.00,1.61,8.0,2168.08,1.56,19.2,43.6,238,0.22,-11.4,86,91,77,0.431,0.432,0.442,-3.9,0.4,-1.3,73,71,990.3
12,2025-01-03,-2.4,1.6,-12.6,2.10,0.00,1.47,6.0,11087.23,1.53,24.2,44.6,221,0.32,-4.0,89,91,85,0.431,0.432,0.442,-2.6,0.4,-1.4,73,84,987.9
12,2025-01-04,-0.7,1.5,-1.7,0.00,0.00,0.00,0.0,0.00,1.05,22.0,42.1,233,0.32,-2.5,88,89,87,0.434,0.432,0.442,-2.8,0.4,-1.4,3,92,998.3
12,2025-01-05,-2.2,-1.3,-3.6,0.00,0.00,0.00,0.0,0.00,1.28,21.1,37.4,196,0.25,-3.7,90,93,87,0.434,0.432,0.442,-1.9,0.4,-1.5,3,98,1001.6
12,2025-01-06,-3.9,-0.1,-12.4,0.30,0.00,0.21,2.0,13925.73,2.12,22.0,39.6,231,0.32,-5.9,86,89,73,0.433,0.432,0.442,-1.6,0.4,-1.4,71,95,1002.9
12,2025-01-07,-14.2,-11.4,-17.0,0.00,0.00,0.00,0.0,0.00,1.62,15.3,28.1,282,0.11,-15.8,88,92,84,0.434,0.432,0.442,-3.4,0.4,-1.4,3,99,1008.7
12,2025-01-08,-16.4,-9.7,-20.3,0.40,0.00,0.28,4.0,23320.76,2.79,17.0,31.0,249,0.15,-18.6,83,87,79,0.435,0.432,0.442,-4.5,0.4,-1.5,71,49,1014.4
12,2025-01-09,-5.0,-2.9,-9.6,3.50,0.10,2.38,16.0,0.00,1.13,24.5,45.0,224,0.31,-7.0,86,91,75,0.434,0.432,0.442,-1.9,0.4,-1.5,73,100,1011.5
12,2025-01-10,-5.2,-3.7,-7.3,0.10,0.10,0.00,1.0,806.58,1.75,31.9,58.0,236,0.55,-8.9,76,89,60,0.434,0.432,0.441,-2.2,0.4,-1.5,51,92,1008.0
12,2025-01-11,-9.1,-7.6,-10.5,0.00,0.00,0.00,0.0,17797.08,2.25,14.7,27.0,240,0.16,-10.5,89,93,86,0.434,0.432,0.441,-4.2,0.3,-1.5,3,72,1013.1
12,2025-01-12,-6.5,-4.9,-8.9,0.00,0.00,0.00,0.0,0.00,1.53,8.6,16.6,204,0.13,-7.9,90,94,87,0.434,0.432,0.441,-0.9,0.3,-1.6,3,98,1015.1
12,2025-01-13,-5.8,-4.9,-8.0,0.00,0.00,0.00,0.0,2364.69,1.86,13.8,24.8,208,0.15,-7.0,91,94,89,0.433,0.432,0.441,-1.9,0.3,-1.5,3,95,1012.4
12,2025-01-14,-8.4,-5.9,-11.2,0.00,0.00,0.00,0.0,25200.00,3.45,17.2,28.4,220,0.32,-11.1,82,90,72,0.433,0.432,0.440,-4.6,0.3,-1.5,3,70,1004.7
12,2025-01-15,-8.8,-7.8,-9.6,0.80,0.00,0.56,7.0,5673.15,1.89,16.4,28.8,223,0.24,-11.0,84,90,79,0.432,0.432,0.440,-3.8,0.3,-1.6,71,97,995.9
12,2025-01-16,-9.4,-8.3,-11.8,1.30,0.00,0.91,13.0,6223.71,2.18,18.4,35.6,222,0.18,-11.0,88,91,83,0.432,0.431,0.440,-3.8,0.3,-1.6,71,96,990.5
12,2025-01-17,-8.7,-7.3,-9.7,0.50,0.00,0.35,5.0,613.82,2.01,12.6,23.0,221,0.15,-10.2,89,91,86,0.432,0.431,0.440,-3.1,0.3,-1.7,71,99,990.4
12,2025-01-18,-13.0,-9.9,-15.3,0.00,0.00,0.00,0.0,1154.12,2.33,13.6,26.6,240,0.15,-14.8,87,90,83,0.432,0.431,0.440,-4.7,0.3,-1.7,3,96,995.7
12,2025-01-19,-11.5,-5.0,-15.6,0.00,0.00,0.00,0.0,0.00,2.08,19.4,38.2,220,0.20,-13.3,86,89,80,0.433,0.432,0.442,-3.5,0.2,-1.8,3,98,994.1
12,2025-01-20,-3.1,-1.4,-5.2,0.00,0.00,0.00,0.0,2129.00,2.13,22.2,41.4,208,0.35,-5.1,86,90,80,0.433,0.432,0.441,-2.1,0.2,-1.8,3,95,985.2
12,2025-01-21,-4.8,-2.3,-15.3,3.70,0.10,2.52,21.0,3720.73,2.29,24.3,43.2,225,0.29,-6.5,88,92,81,0.433,0.432,0.441,-3.0,0.2,-1.8,73,99,970.9
12,2025-01-22,-22.2,-15.8,-25.7,0.90,0.00,0.63,9.0,17610.01,3.31,26.9,52.6,296,0.20,-25.8,72,80,67,0.432,0.432,0.441,-4.0,0.2,-1.8,71,100,982.4
12,2025-01-23,-23.8,-22.1,-25.4,0.00,0.00,0.00,0.0,26620.87,4.43,25.0,47.5,303,0.21,-28.6,65,69,57,0.432,0.431,0.441,-3.0,0.2,-1.9,3,75,1017.3
12,2025-01-24,-19.5,-15.9,-25.4,0.00,0.00,0.00,0.0,2106.11,2.89,25.6,49.0,219,0.29,-24.2,67,73,59,0.432,0.431,0.441,-3.8,0.2,-2.0,3,92,1027.7
12,2025-01-25,-15.4,-13.2,-18.8,0.00,0.00,0.00,0.0,0.00,2.82,21.7,40.3,222,0.40,-21.8,59,71,51,0.432,0.431,0.440,-3.6,0.2,-2.0,3,95,1019.7
12,2025-01-26,-16.8,-12.1,-20.1,0.00,0.00,0.00,0.0,5578.18,3.18,10.0,16.6,191,0.24,-21.6,67,73,53,0.432,0.431,0.440,-4.7,0.1,-2.1,3,99,1013.2
12,2025-01-27,-15.7,-12.1,-18.9,0.00,0.00,0.00,0.0,25863.14,4.62,13.6,25.9,239,0.26,-19.4,73,81,62,0.432,0.431,0.440,-3.8,0.1,-2.2,3,62,1004.2
12,2025-01-28,-9.2,-7.7,-12.3,1.00,0.00,0.70,10.0,0.00,2.36,13.1,23.8,237,0.20,-11.0,87,92,81,0.432,0.431,0.439,-1.1,0.1,-2.1,71,98,1001.3
12,2025-01-29,-8.3,-6.6,-11.8,2.00,0.00,1.40,15.0,5105.42,2.89,13.0,23.0,69,0.20,-9.8,89,92,85,0.431,0.431,0.439,-1.3,0.1,-2.0,73,99,997.0
12,2025-01-30,-15.9,-11.9,-18.1,0.10,0.00,0.07,1.0,8260.14,3.24,13.7,24.1,342,0.18,-18.3,82,86,76,0.431,0.430,0.439,-5.0,0.1,-1.9,71,99,1008.2
12,2025-01-31,-16.5,-11.4,-19.3,0.00,0.00,0.00,0.0,15700.74,3.69,12.8,20.9,210,0.17,-19.1,80,85,74,0.431,0.430,0.439,-2.1,0.1,-2.0,3,98,1013.7
12,2025-02-01,-5.3,-1.9,-11.2,3.00,0.00,2.10,9.0,995.25,2.92,14.9,26.3,223,0.28,-6.8,89,92,85,0.430,0.430,0.439,-1.0,0.1,-1.9,73,100,1006.7
12,2025-02-02,-1.4,0.8,-4.0,0.00,0.00,0.00,0.0,21383.51,4.19,13.9,22.0,243,0.33,-2.6,91,94,86,0.430,0.430,0.439,-1.3,0.1,-1.7,3,55,1012.0
12,2025-02-03,-1.9,-0.1,-4.3,0.00,0.00,0.00,0.0,2039.95,2.65,16.7,32.8,220,0.33,-3.7,88,91,82,0.430,0.430,0.439,-1.5,0.0,-1.7,3,93,1017.6
12,2025-02-04,-7.4,-2.8,-10.3,0.00,0.00,0.00,0.0,27963.35,4.94,9.4,15.8,128,0.34,-9.4,86,91,74,0.431,0.430,0.439,-3.5,0.0,-1.7,3,91,1025.5
12,2025-02-05,-5.5,-1.7,-11.0,0.00,0.00,0.00,0.0,19710.61,3.66,12.3,25.2,73,0.29,-6.8,90,92,86,0.431,0.429,0.438,-3.1,0.0,-1.7,3,85,1031.2
12,2025-02-06,-7.4,-2.4,-13.4,0.00,0.00,0.00,0.0,16207.75,4.07,14.2,27.0,65,0.32,-9.6,84,92,74,0.431,0.430,0.438,-2.6,0.0,-1.7,3,95,1032.0
12,2025-02-07,-13.3,-9.8,-16.1,0.00,0.00,0.00,0.0,31858.33,5.21,12.1,20.9,29,0.27,-15.4,84,88,79,0.431,0.430,0.438,-4.9,0.0,-1.7,3,83,1028.6
12,2025-02-08,-9.6,-8.3,-11.4,0.00,0.00,0.00,0.0,9499.12,3.82,14.7,25.9,284,0.22,-11.0,90,92,86,0.429,0.429,0.437,-4.1,-0.0,-1.8,3,91,1022.0
12,2025-02-09,-9.8,-6.2,-13.8,0.00,0.00,0.00,0.0,32184.44,6.48,14.5,25.6,299,0.34,-11.6,87,92,80,0.429,0.429,0.437,-5.8,-0.0,-1.9,3,50,1016.7
12,2025-02-10,-7.5,-4.1,-10.3,0.00,0.00,0.00,0.0,32067.52,6.24,20.3,36.4,269,0.42,-9.6,85,92,76,0.431,0.428,0.436,-6.1,-0.0,-2.0,3,48,1012.7
12,2025-02-11,-5.8,-2.7,-9.8,0.00,0.00,0.00,0.0,17070.18,4.44,23.2,44.3,271,0.51,-8.7,80,86,74,0.431,0.428,0.436,-4.7,-0.0,-2.1,3,51,1007.4
12,2025-02-12,-10.8,-8.1,-14.1,0.00,0.00,0.00,0.0,21687.74,5.16,26.4,46.8,246,0.37,-13.4,81,87,75,0.432,0.429,0.435,-5.8,-0.1,-2.2,3,85,1000.8
12,2025-02-13,-9.1,-6.7,-12.4,0.00,0.00,0.00,0.0,3881.32,4.21,26.8,51.8,267,0.49,-12.5,77,85,68,0.432,0.429,0.435,-5.0,-0.1,-2.2,3,88,994.0
12,2025-02-14,-12.8,-9.0,-15.5,0.00,0.00,0.00,0.0,26838.87,5.71,10.9,18.4,196,0.31,-15.2,83,87,73,0.432,0.429,0.435,-6.8,-0.1,-2.4,3,88,1005.0
12,2025-02-15,-13.9,-10.9,-16.3,0.00,0.00,0.00,0.0,3332.63,4.42,9.7,20.9,201,0.25,-16.2,83,88,72,0.432,0.428,0.435,-8.5,-0.1,-2.6,3,99,1001.5
12,2025-02-16,-13.6,-10.1,-17.1,0.00,0.00,0.00,0.0,16751.25,5.27,19.3,35.6,201,0.30,-15.9,83,88,75,0.433,0.428,0.435,-9.2,-0.1,-3.3,3,93,1002.9
12,2025-02-17,-6.1,-2.5,-12.3,0.70,0.00,0.49,7.0,9096.24,4.67,27.4,50.0,190,0.49,-8.4,83,86,79,0.433,0.428,0.435,-6.0,-0.2,-4.1,71,99,1004.4
12,2025-02-18,-6.2,-3.7,-9.3,4.50,0.00,3.15,24.0,0.00,3.48,16.8,31.0,253,0.32,-8.1,87,90,81,0.433,0.428,0.435,-4.7,-0.2,-3.4,73,100,1009.5
12,2025-02-19,-12.6,-9.1,-15.4,0.90,0.00,0.63,6.0,17016.15,6.48,10.7,19.8,7,0.39,-16.2,75,87,58,0.433,0.428,0.435,-5.2,-0.2,-3.1,71,99,1014.1
12,2025-02-20,-12.9,-10.5,-15.4,4.30,0.00,3.01,12.0,0.00,3.12,13.5,27.0,44,0.27,-15.7,79,88,73,0.433,0.427,0.435,-4.2,-0.2,-3.3,73,100,1014.3
12,2025-02-21,-14.1,-10.7,-17.2,0.00,0.00,0.00,0.0,15681.74,6.30,9.8,17.6,23,0.33,-16.8,80,88,68,0.434,0.427,0.435,-5.0,-0.2,-3.1,3,99,1017.9
12,2025-02-22,-12.5,-8.2,-16.4,0.00,0.00,0.00,0.0,13916.77,6.11,15.6,29.5,62,0.43,-15.9,76,80,68,0.434,0.427,0.434,-4.9,-0.3,-3.2,3,93,1019.3
12,2025-02-23,-11.5,-7.8,-15.0,0.00,0.00,0.00,0.0,29621.70,7.68,20.3,38.9,74,0.60,-16.2,69,81,55,0.434,0.427,0.434,-5.6,-0.3,-3.3,3,66,1016.1
12,2025-02-24,-11.3,-7.9,-15.1,0.00,0.00,0.00,0.0,32400.00,8.60,16.2,31.0,91,0.55,-15.3,73,82,62,0.434,0.427,0.434,-5.7,-0.3,-3.3,3,79,1010.7
12,2025-02-25,-10.0,-6.2,-13.1,0.00,0.00,0.00,0.0,20852.27,7.25,16.5,29.5,114,0.48,-13.2,78,86,64,0.435,0.427,0.434,-5.5,-0.3,-3.5,3,95,1000.4
12,2025-02-26,-8.8,-4.8,-14.5,0.20,0.00,0.14,2.0,19452.50,5.25,10.1,20.5,180,0.41,-11.6,80,88,69,0.435,0.429,0.433,-5.4,-0.3,-3.3,71,77,996.7
12,2025-02-27,-8.3,-4.9,-11.6,3.00,0.00,2.10,10.0,13480.69,5.90,18.9,37.4,248,0.44,-11.0,81,88,74,0.435,0.429,0.434,-5.9,-0.4,-3.3,73,99,1004.4
12,2025-02-28,-9.6,-6.9,-12.2,0.70,0.00,0.49,7.0,15067.44,6.94,15.7,27.4,268,0.42,-11.9,84,88,77,0.435,0.429,0.434,-6.0,-0.4,-3.5,71,98,1007.9
12,2025-03-01,-6.6,-4.3,-8.7,0.20,0.00,0.14,2.0,23636.41,7.97,14.5,27.0,254,0.60,-9.6,80,87,68,0.432,0.429,0.433,-4.9,-0.4,-3.5,71,99,1008.0
12,2025-03-02,-8.2,-5.1,-12.8,0.00,0.00,0.00,0.0,36446.83,10.84,13.5,24.1,237,0.70,-11.6,77,88,60,0.430,0.429,0.433,-4.9,-0.4,-3.1,3,58,1006.9
12,2025-03-03,-11.9,-5.7,-19.9,0.00,0.00,0.00,0.0,33207.11,10.27,15.9,27.4,149,0.69,-16.2,72,87,52,0.427,0.428,0.433,-5.9,-0.4,-3.4,3,69,1003.9
12,2025-03-04,-10.2,-7.8,-15.0,0.00,0.00,0.00,0.0,31969.15,8.64,17.6,32.4,179,0.55,-13.5,77,88,67,0.426,0.428,0.433,-5.3,-0.4,-3.4,3,96,1003.1
12,2025-03-05,-12.0,-7.7,-16.5,0.70,0.00,0.49,7.0,5515.72,7.03,19.3,36.4,198,0.42,-14.5,82,87,76,0.425,0.428,0.433,-7.0,-0.5,-3.8,71,98,1001.6
12,2025-03-06,-6.0,-1.3,-12.3,4.00,0.00,2.80,14.0,6321.80,5.81,18.7,33.5,144,0.46,-7.5,89,94,80,0.421,0.428,0.433,-5.4,-0.5,-3.9,73,99,983.6
12,2025-03-07,-9.9,-4.8,-13.8,0.20,0.00,0.14,2.0,8981.34,7.13,18.6,37.1,281,0.43,-12.3,83,93,73,0.417,0.428,0.434,-6.3,-0.5,-3.5,71,97,982.8
12,2025-03-08,-13.8,-8.7,-17.1,0.00,0.00,0.00,0.0,33083.58,8.96,7.3,16.2,9,0.48,-16.1,83,90,72,0.416,0.429,0.434,-8.7,-0.5,-4.3,3,81,989.9
12,2025-03-09,-15.4,-11.0,-20.3,0.00,0.00,0.00,0.0,31695.88,10.53,15.1,30.6,289,0.44,-18.1,80,87,69,0.416,0.429,0.434,-8.3,-0.6,-5.0,3,86,994.6
12,2025-03-10,-10.2,-5.2,-15.4,0.90,0.00,0.63,6.0,20909.39,8.84,12.1,22.3,130,0.62,-12.7,82,87,73,0.414,0.429,0.433,-7.4,-0.6,-5.0,71,99,995.7
12,2025-03-11,-13.4,-8.7,-19.8,0.00,0.00,0.00,0.0,33224.82,11.36,11.4,18.4,39,0.57,-16.1,80,87,65,0.410,0.429,0.434,-7.6,-0.6,-4.6,3,55,1007.6
12,2025-03-12,-11.3,-3.1,-22.5,0.00,0.00,0.00,0.0,36108.45,9.85,21.6,38.5,176,0.60,-13.9,81,86,75,0.407,0.429,0.434,-8.1,-0.6,-5.0,3,81,1014.7
12,2025-03-13,-2.4,-0.3,-4.4,0.60,0.10,0.35,5.0,18588.56,6.07,22.1,42.5,201,0.67,-5.0,82,86,77,0.406,0.429,0.434,-5.6,-0.7,-4.4,71,97,1005.5
12,2025-03-14,1.3,2.1,-0.2,2.10,1.90,0.14,9.0,0.00,3.23,21.3,38.9,210,0.45,0.1,92,96,84,0.421,0.429,0.434,-4.0,-0.7,-3.5,71,100,1001.4
12,2025-03-15,2.0,3.4,0.8,0.00,0.00,0.00,0.0,26780.52,9.30,19.8,35.3,200,0.80,0.6,91,97,83,0.482,0.430,0.434,-2.9,-0.7,-2.9,3,97,1004.6
12,2025-03-16,2.2,3.7,0.9,1.00,1.00,0.00,4.0,20996.72,8.79,20.0,38.5,207,0.78,0.8,91,94,83,0.516,0.453,0.434,-3.2,-0.7,-2.7,51,98,998.2
12,2025-03-17,3.1,5.1,0.4,3.10,3.10,0.00,9.0,8538.99,6.08,27.1,50.0,209,0.74,1.4,88,94,84,0.515,0.476,0.434,-3.8,-0.7,-2.6,55,100,990.4
12,2025-03-18,4.7,7.9,2.5,3.00,3.00,0.00,8.0,15541.03,8.49,21.9,39.6,215,1.19,1.7,81,89,65,0.514,0.505,0.441,-2.8,-0.7,-2.5,55,97,993.0
12,2025-03-19,5.2,10.6,1.2,0.00,0.00,0.00,0.0,23906.23,9.72,19.5,36.0,199,1.42,1.6,79,93,56,0.505,0.504,0.452,-0.8,-0.7,-2.3,3,92,993.5
12,2025-03-20,2.5,4.5,0.0,2.80,2.80,0.00,7.0,634.46,3.33,14.3,25.9,273,0.45,1.5,93,97,84,0.498,0.503,0.460,0.2,-0.7,-2.1,53,99,992.2
12,2025-03-21,0.0,2.1,-1.9,0.30,0.30,0.00,3.0,39907.58,11.44,24.0,48.6,292,1.25,-5.3,70,94,46,0.485,0.496,0.466,0.6,-0.7,-1.8,51,65,998.7
12,2025-03-22,0.7,5.0,-3.1,0.00,0.00,0.00,0.0,40234.72,13.45,21.7,43.9,233,1.81,-7.2,57,70,38,0.480,0.490,0.469,0.1,-0.7,-1.7,3,56,1008.5
12,2025-03-23,0.2,3.8,-4.4,0.60,0.00,0.42,5.0,41777.13,16.19,32.0,64.4,272,2.04,-7.8,58,94,34,0.478,0.487,0.471,-0.6,-0.7,-1.5,71,45,1002.0
12,2025-03-24,-3.5,0.3,-6.7,0.80,0.00,0.56,4.0,41643.65,15.10,27.5,56.2,327,1.47,-10.9,59,89,40,0.478,0.487,0.473,-1.0,-0.7,-1.5,73,49,1005.7
12,2025-03-25,-1.0,5.1,-6.9,0.00,0.00,0.00,0.0,43499.72,14.38,15.1,35.6,266,1.79,-10.2,52,68,33,0.476,0.483,0.473,-1.4,-0.7,-1.4,2,25,1016.6
12,2025-03-26,3.3,10.1,-2.0,0.00,0.00,0.00,0.0,44793.04,16.50,15.9,33.8,243,2.32,-4.5,59,77,38,0.479,0.481,0.473,-0.3,-0.7,-1.4,3,12,1017.1
12,2025-03-27,3.1,10.3,-2.0,0.00,0.00,0.00,0.0,45057.33,16.91,12.1,27.4,234,2.17,-4.3,61,80,35,0.477,0.481,0.472,0.7,-0.7,-1.3,3,11,1016.6
12,2025-03-28,4.6,11.7,-2.5,0.00,0.00,0.00,0.0,44743.56,17.17,11.2,23.0,159,2.36,-3.0,62,86,34,0.468,0.479,0.470,2.4,-0.7,-1.1,3,40,1014.4
12,2025-03-29,4.9,11.9,-1.5,0.00,0.00,0.00,0.0,44040.01,17.10,13.7,29.5,176,2.41,-3.2,59,85,33,0.464,0.475,0.468,2.9,-0.7,-0.9,3,94,1012.3
12,2025-03-30,4.5,11.1,-1.1,0.00,0.00,0.00,0.0,44967.24,17.41,13.0,28.4,210,2.23,-1.4,68,87,43,0.461,0.473,0.467,2.4,-0.7,-0.6,3,53,1011.1
12,2025-03-31,4.6,8.0,1.3,4.30,4.30,0.00,10.0,12050.86,6.40,20.1,40.0,214,0.88,2.5,86,94,73,0.473,0.473,0.467,2.1,-0.7,-0.4,55,80,1004.4
12,2025-04-01,6.1,11.7,0.3,0.00,0.00,0.00,0.0,46376.42,17.33,21.8,45.4,325,2.33,0.5,70,90,47,0.474,0.477,0.467,3.9,-0.7,-0.2,3,33,1003.8
12,2025-04-02,6.7,14.3,-1.3,0.00,0.00,0.00,0.0,43173.87,17.44,20.3,36.0,190,2.67,0.6,69,93,41,0.465,0.473,0.468,3.8,-0.7,0.1,3,60,1004.2
12,2025-04-03,10.6,16.8,6.1,2.80,2.80,0.00,9.0,38991.32,14.17,30.5,55.8,213,2.82,4.6,68,92,44,0.467,0.469,0.467,7.0,-0.7,1.7,53,76,986.4
12,2025-04-04,5.6,9.8,0.9,0.90,0.90,0.00,6.0,43156.19,12.55,22.6,43.9,317,1.74,1.1,74,94,56,0.475,0.470,0.467,5.8,-0.7,4.3,51,84,979.9
12,2025-04-05,6.4,13.4,-1.6,0.00,0.00,0.00,0.0,42241.58,16.75,29.3,56.9,226,2.92,-1.5,60,89,38,0.465,0.468,0.467,4.6,-0.6,3.1,3,73,988.1
12,2025-04-06,10.3,16.1,4.8,0.90,0.90,0.00,2.0,44293.66,17.42,15.1,34.9,249,2.78,3.3,64,86,44,0.463,0.464,0.466,8.4,-0.6,5.0,53,55,992.1
12,2025-04-07,12.8,20.0,5.7,0.00,0.00,0.00,0.0,40596.89,16.41,13.2,26.3,174,3.09,4.8,63,92,33,0.464,0.463,0.463,10.3,-0.6,6.2,3,67,992.0
12,2025-04-08,8.5,10.9,3.7,0.00,0.00,0.00,0.0,44508.17,18.36,16.1,36.4,1,2.28,3.9,73,88,61,0.453,0.459,0.461,9.0,-0.5,7.0,3,35,995.5
12,2025-04-09,9.5,18.3,-0.0,0.00,0.00,0.00,0.0,46800.00,18.76,13.7,23.4,156,2.94,3.5,70,96,42,0.447,0.455,0.460,8.2,-0.5,5.8,2,8,1001.9
12,2025-04-10,16.3,22.2,9.9,0.40,0.40,0.00,2.0,46800.00,17.63,27.4,55.1,179,4.16,8.6,62,82,44,0.441,0.449,0.458,12.9,-0.4,7.8,51,61,995.4
12,2025-04-11,15.8,17.2,14.9,5.20,5.20,0.00,12.0,1283.15,5.80,28.1,72.0,194,2.22,9.9,68,78,55,0.468,0.448,0.456,12.6,-0.3,9.5,61,96,988.4
12,2025-04-12,8.3,15.7,3.9,0.40,0.40,0.00,3.0,10926.61,8.31,21.0,44.3,300,1.57,3.1,71,87,54,0.469,0.456,0.456,8.8,-0.2,8.4,51,97,989.6
12,2025-04-13,7.5,12.6,3.0,0.00,0.00,0.00,0.0,46800.00,20.20,11.1,25.6,251,2.77,-0.4,60,89,35,0.455,0.456,0.454,7.7,-0.2,5.7,3,68,998.6
12,2025-04-14,8.9,14.4,1.9,0.50,0.50,0.00,3.0,43433.78,18.69,16.3,33.8,278,2.91,0.2,58,85,33,0.447,0.451,0.452,8.2,-0.1,5.7,51,64,1000.5
12,2025-04-15,5.3,9.6,1.4,0.80,0.80,0.00,6.0,44658.90,19.22,20.3,40.0,14,2.39,-1.7,64,93,36,0.449,0.448,0.451,6.5,-0.1,5.4,51,55,1005.5
12,2025-04-16,9.3,16.2,2.1,0.90,0.90,0.00,4.0,47371.39,20.34,28.0,57.6,247,3.90,-0.8,52,85,32,0.439,0.443,0.449,7.2,-0.0,4.5,51,51,998.1
12,2025-04-17,2.1,7.9,-1.9,2.20,1.50,0.49,10.0,39166.59,19.02,31.1,61.9,310,1.84,-3.5,69,94,44,0.445,0.441,0.450,4.4,0.0,4.9,73,61,996.2
12,2025-04-18,-1.0,0.7,-5.7,1.10,0.30,0.56,7.0,47696.45,19.52,25.7,59.4,322,1.83,-8.5,59,81,35,0.445,0.443,0.453,-0.6,0.1,1.4,71,42,1000.2
12,2025-04-19,0.5,5.5,-7.8,0.00,0.00,0.00,0.0,42009.74,18.38,16.6,33.5,208,2.13,-7.0,59,84,38,0.443,0.443,0.455,-1.8,0.1,0.3,3,81,1002.0
12,2025-04-20,13.7,22.8,4.5,3.40,3.40,0.00,8.0,37745.60,16.79,34.6,69.8,262,3.81,6.8,65,94,38,0.451,0.439,0.453,7.9,0.1,1.3,53,81,988.7
12,2025-04-21,9.0,12.3,5.5,0.60,0.60,0.00,2.0,48716.47,22.05,13.4,36.0,8,3.11,-0.5,57,92,27,0.466,0.443,0.450,8.8,0.1,5.3,53,36,1002.1
12,2025-04-22,14.4,22.3,7.7,1.40,1.40,0.00,4.0,43445.41,19.08,18.3,47.2,202,3.92,5.3,56,81,41,0.454,0.443,0.448,11.4,0.2,6.9,53,50,1001.1
12,2025-04-23,9.8,14.0,3.0,0.20,0.20,0.00,2.0,49922.29,18.50,19.5,42.5,337,3.05,0.8,54,68,36,0.446,0.441,0.447,10.2,0.3,8.3,51,48,1001.0
12,2025-04-24,8.0,15.3,-0.8,0.00,0.00,0.00,0.0,50622.14,23.37,18.0,38.2,134,3.91,-4.1,45,73,27,0.434,0.437,0.445,7.3,0.4,5.8,3,18,1007.9
12,2025-04-25,16.5,24.0,8.9,0.00,0.00,0.00,0.0,49416.29,19.91,17.8,42.8,186,4.32,7.0,55,78,35,0.420,0.428,0.441,12.7,0.5,7.5,3,57,997.2
12,2025-04-26,17.5,21.5,13.3,1.30,1.30,0.00,3.0,41329.12,14.90,20.8,49.0,183,3.72,9.5,61,83,43,0.412,0.419,0.437,14.4,0.8,10.0,53,64,987.4
12,2025-04-27,12.2,16.9,8.7,0.00,0.00,0.00,0.0,17362.83,11.78,14.8,27.7,353,1.73,9.9,87,100,67,0.415,0.416,0.435,11.8,1.6,9.9,3,73,986.9
12,2025-04-28,14.7,21.2,9.5,7.90,7.90,0.00,7.0,35263.36,13.00,32.0,56.9,203,2.56,11.2,80,97,59,0.437,0.418,0.435,12.5,2.3,9.9,63,73,984.5
12,2025-04-29,4.2,10.3,1.6,1.30,1.30,0.00,6.0,46932.24,19.77,38.5,84.6,241,2.50,-2.5,63,82,50,0.462,0.430,0.436,6.6,3.1,8.3,53,53,987.2
12,2025-04-30,7.1,13.5,-0.8,0.00,0.00,0.00,0.0,53256.21,23.98,20.1,43.2,235,3.73,-3.1,52,80,30,0.454,0.434,0.436,6.4,3.4,5.5,2,18,1007.1
12,2025-05-01,11.3,16.8,4.2,0.00,0.00,0.00,0.0,50400.00,24.03,24.6,51.1,218,4.65,-1.9,42,62,26,0.445,0.431,0.433,9.5,3.6,6.8,3,34,1002.9
12,2025-05-02,9.9,13.9,2.3,0.10,0.10,0.00,1.0,48826.13,21.47,23.4,50.8,277,3.67,0.5,53,73,40,0.429,0.426,0.430,10.2,4.0,8.5,51,33,1003.3
12,2025-05-03,8.9,14.5,1.3,0.00,0.00,0.00,0.0,25862.00,16.13,27.1,48.2,134,3.30,0.1,56,79,40,0.419,0.422,0.427,8.1,4.4,7.3,3,100,1007.5
12,2025-05-04,12.2,15.7,6.6,8.00,8.00,0.00,11.0,33911.91,16.17,28.7,57.6,229,3.03,6.1,68,92,44,0.449,0.421,0.426,11.2,4.7,8.8,63,61,990.3
12,2025-05-05,13.4,19.7,5.7,0.00,0.00,0.00,0.0,50411.15,23.21,21.3,45.0,264,4.27,3.8,56,83,31,0.436,0.421,0.423,11.6,5.0,9.2,3,51,995.2
12,2025-05-06,18.7,23.9,13.1,0.00,0.00,0.00,0.0,46031.73,18.76,18.2,34.6,226,4.70,6.7,47,65,32,0.416,0.412,0.418,15.8,5.5,11.7,3,79,995.7
12,2025-05-07,17.5,21.1,13.9,0.60,0.60,0.00,2.0,33826.97,14.90,17.3,41.4,227,3.04,12.5,73,89,49,0.410,0.405,0.414,16.3,6.2,13.3,53,98,992.5
12,2025-05-08,14.0,16.6,11.6,7.60,7.60,0.00,13.0,535.01,5.53,14.5,30.6,54,1.11,12.1,89,96,77,0.454,0.410,0.413,13.4,6.9,12.5,55,99,991.5
12,2025-05-09,16.6,22.3,13.0,7.20,7.20,0.00,16.0,43517.06,16.26,15.8,31.7,52,2.74,14.4,88,99,66,0.473,0.428,0.414,15.5,7.3,12.5,61,85,985.7
12,2025-05-10,13.8,16.2,10.1,3.80,3.80,0.00,13.0,1580.01,8.63,15.4,32.4,356,1.52,12.1,90,97,76,0.472,0.447,0.415,14.3,7.7,13.1,53,100,988.9
12,2025-05-11,11.4,14.8,8.8,0.30,0.30,0.00,1.0,8834.66,9.24,14.2,27.4,12,1.75,7.2,76,92,59,0.474,0.456,0.417,11.9,8.0,11.6,51,99,1000.7
12,2025-05-12,13.2,16.4,10.7,14.40,14.40,0.00,21.0,0.00,4.19,14.4,24.8,180,0.84,11.9,93,98,80,0.488,0.471,0.418,11.8,8.1,10.8,63,100,998.8
12,2025-05-13,11.6,13.3,10.4,15.90,15.90,0.00,20.0,10540.11,6.07,16.8,31.7,52,0.86,11.0,96,100,90,0.501,0.500,0.426,11.9,8.2,10.9,61,99,998.0
12,2025-05-14,12.2,14.1,10.1,5.20,5.20,0.00,5.0,0.00,7.35,20.3,41.0,70,1.20,10.7,91,97,85,0.485,0.498,0.442,12.0,8.2,10.8,61,100,997.0
12,2025-05-15,17.5,24.2,12.1,1.00,1.00,0.00,5.0,25154.74,14.62,25.5,47.9,122,2.73,13.9,80,94,66,0.479,0.484,0.447,14.9,8.2,11.9,51,95,995.3
12,2025-05-16,19.2,22.9,15.0,0.00,0.00,0.00,0.0,35350.92,18.16,11.9,29.9,321,3.54,14.2,74,97,53,0.468,0.475,0.447,17.5,8.6,14.3,3,59,996.3
12,2025-05-17,16.2,21.0,11.9,9.80,9.80,0.00,12.0,32387.71,14.22,15.7,30.6,341,3.23,9.1,66,88,38,0.489,0.487,0.449,15.8,9.0,14.5,61,99,992.6
12,2025-05-18,13.6,16.9,10.0,0.00,0.00,0.00,0.0,48601.14,16.67,24.0,49.0,355,3.48,5.7,60,76,46,0.474,0.481,0.452,13.6,9.3,13.2,3,76,992.8
12,2025-05-19,15.0,21.8,5.0,0.00,0.00,0.00,0.0,54611.90,26.14,23.0,47.5,234,5.29,4.5,54,93,32,0.460,0.472,0.451,13.7,9.4,12.3,3,31,999.3
12,2025-05-20,18.9,23.4,13.9,0.10,0.10,0.00,1.0,48482.74,20.01,21.7,45.0,204,5.40,7.3,48,61,34,0.445,0.461,0.449,16.7,9.5,13.9,51,89,994.9
12,2025-05-21,18.2,22.2,13.8,0.20,0.20,0.00,1.0,55013.18,23.93,31.4,64.8,228,5.46,8.4,54,75,38,0.435,0.452,0.447,17.2,9.9,15.2,51,28,990.6
12,2025-05-22,17.5,23.2,11.6,2.00,2.00,0.00,7.0,36453.71,20.36,14.7,27.0,217,4.05,10.1,64,84,40,0.433,0.445,0.445,16.8,10.2,15.2,53,65,992.7
12,2025-05-23,14.0,17.6,9.6,10.80,10.80,0.00,18.0,29431.13,11.36,34.1,65.5,347,1.96,11.7,86,94,74,0.488,0.455,0.444,14.9,10.5,14.8,61,82,980.3
12,2025-05-24,7.2,9.9,3.1,0.00,0.00,0.00,0.0,17707.34,12.51,28.1,54.7,300,1.91,2.5,73,90,57,0.471,0.466,0.446,9.5,10.5,11.7,3,76,994.4
12,2025-05-25,7.2,11.8,2.3,3.70,3.70,0.00,10.0,29741.56,15.47,18.4,39.2,355,2.20,3.8,80,95,63,0.472,0.466,0.448,8.0,10.1,9.0,53,76,998.0
12,2025-05-26,7.8,12.6,2.5,0.00,0.00,0.00,0.0,43154.73,18.00,28.0,56.2,318,2.55,2.8,72,95,51,0.464,0.465,0.449,8.6,9.6,9.0,3,65,1004.4
12,2025-05-27,13.9,23.3,3.5,0.00,0.00,0.00,0.0,52804.81,23.06,22.0,45.4,269,4.46,6.9,66,96,39,0.452,0.460,0.450,11.9,9.3,9.9,3,65,1003.9
12,2025-05-28,16.8,20.1,13.9,0.00,0.00,0.00,0.0,54799.10,26.43,19.3,36.4,336,4.85,8.2,58,75,43,0.439,0.452,0.447,16.0,9.3,13.3,3,77,1002.0
12,2025-05-29,19.5,26.4,12.2,0.00,0.00,0.00,0.0,55265.27,25.49,11.3,33.5,2,4.98,12.3,65,91,42,0.427,0.444,0.445,17.7,9.7,14.7,2,26,1003.1
12,2025-05-30,21.4,28.0,13.9,0.00,0.00,0.00,0.0,56721.64,25.96,12.0,26.6,310,5.27,12.6,62,93,33,0.415,0.435,0.443,18.9,10.1,16.2,1,13,1001.1
12,2025-05-31,21.2,28.1,13.7,1.60,1.60,0.00,4.0,56475.65,23.50,10.9,24.8,275,4.89,13.0,63,89,35,0.413,0.425,0.440,19.5,10.7,17.1,55,36,1000.1
12,2025-06-01,22.1,28.5,14.7,0.00,0.00,0.00,0.0,57454.83,26.43,7.3,16.9,275,5.19,12.9,59,86,36,0.417,0.420,0.438,20.5,11.2,17.8,1,8,999.2
12,2025-06-02,22.9,29.3,14.4,0.00,0.00,0.00,0.0,57173.50,25.92,12.2,24.1,194,5.61,13.2,58,87,35,0.405,0.413,0.436,21.1,11.8,18.5,1,10,994.2
12,2025-06-03,22.5,28.7,15.6,1.20,1.20,0.00,2.0,47293.55,23.39,12.5,30.2,155,5.08,14.3,62,87,36,0.395,0.405,0.433,21.3,12.3,19.0,55,35,988.1
12,2025-06-04,19.4,22.8,15.1,4.70,4.70,0.00,9.0,50415.06,19.28,11.8,31.7,226,3.53,15.1,77,92,65,0.408,0.403,0.432,19.7,12.8,18.8,61,55,983.9
12,2025-06-05,19.5,24.4,13.2,0.30,0.30,0.00,2.0,56095.95,23.93,16.8,37.1,288,4.60,12.9,69,97,42,0.418,0.402,0.432,19.1,13.1,17.9,51,27,987.4
12,2025-06-06,20.0,23.9,15.6,0.00,0.00,0.00,0.0,56477.57,24.64,13.0,32.8,310,4.76,12.8,65,88,43,0.405,0.400,0.430,20.0,13.4,18.4,3,34,994.0
12,2025-06-07,15.4,18.1,11.9,0.10,0.10,0.00,1.0,57225.18,21.52,16.8,36.4,28,3.77,9.6,70,95,51,0.395,0.401,0.432,16.6,13.6,17.3,51,78,999.4
12,2025-06-08,13.9,18.7,7.9,0.00,0.00,0.00,0.0,58691.66,28.81,16.7,37.8,30,4.55,7.0,65,87,46,0.387,0.402,0.434,15.1,13.5,15.6,2,9,1002.4
12,2025-06-09,17.2,23.3,8.2,0.00,0.00,0.00,0.0,58669.39,28.68,6.5,19.1,84,4.89,9.0,62,95,40,0.379,0.400,0.435,16.4,13.4,15.4,0,1,1004.8
12,2025-06-10,19.9,26.6,10.6,0.00,0.00,0.00,0.0,59162.54,28.64,7.5,19.4,204,5.28,10.3,59,93,32,0.373,0.394,0.433,18.6,13.3,16.6,1,4,1002.5
12,2025-06-11,21.8,28.9,12.6,0.00,0.00,0.00,0.0,58010.93,28.67,10.2,23.4,144,5.87,12.0,57,86,34,0.366,0.388,0.431,20.4,13.5,18.1,3,28,999.3
12,2025-06-12,24.3,31.8,16.0,0.00,0.00,0.00,0.0,58094.48,27.42,16.8,34.9,130,6.42,13.7,55,77,29,0.354,0.381,0.427,22.2,13.8,19.5,3,49,996.9
12,2025-06-13,22.7,27.1,17.2,1.20,1.20,0.00,4.0,51527.87,21.28,12.8,29.9,154,4.33,16.8,71,90,53,0.347,0.377,0.425,22.3,14.3,20.5,53,57,995.0
12,2025-06-14,22.1,26.9,16.8,4.80,4.80,0.00,8.0,48173.91,23.51,8.1,23.0,330,4.55,17.0,74,93,54,0.363,0.372,0.422,22.2,14.7,20.6,61,40,992.5
12,2025-06-15,21.1,24.7,17.0,0.40,0.40,0.00,3.0,56393.69,21.68,17.4,36.0,341,4.05,17.7,82,98,63,0.404,0.371,0.421,21.3,15.1,20.5,51,45,993.3
12,2025-06-16,23.1,29.7,14.8,0.00,0.00,0.00,0.0,54280.64,24.18,16.3,29.2,152,5.32,16.5,69,97,44,0.391,0.370,0.420,22.0,15.3,20.1,3,59,992.7
12,2025-06-17,26.2,32.9,20.6,0.60,0.60,0.00,2.0,49189.12,24.59,21.5,42.5,183,6.21,17.1,60,82,34,0.371,0.366,0.417,24.2,15.6,21.6,51,78,987.1
12,2025-06-18,21.9,24.5,18.9,8.70,8.70,0.00,10.0,39221.17,17.45,12.1,25.6,0,3.28,18.5,82,98,67,0.379,0.366,0.419,22.3,16.0,21.8,63,94,984.7
12,2025-06-19,19.5,22.5,16.2,8.80,8.80,0.00,18.0,48929.92,21.27,21.8,43.6,230,3.57,17.0,86,100,65,0.448,0.398,0.420,20.8,16.2,20.5,63,75,979.3
12,2025-06-20,18.3,22.6,14.3,5.30,5.30,0.00,9.0,55102.45,19.82,15.2,36.4,199,3.37,15.4,84,99,60,0.446,0.405,0.423,19.1,16.3,19.4,63,77,979.9
12,2025-06-21,18.0,21.7,15.2,7.30,7.30,0.00,14.0,40865.36,16.67,21.2,50.8,232,3.03,14.8,82,97,65,0.470,0.419,0.422,18.3,16.2,18.4,63,74,980.4
12,2025-06-22,16.8,19.5,13.9,2.20,2.20,0.00,6.0,52805.85,17.38,29.2,65.2,233,3.45,11.4,71,85,59,0.460,0.433,0.426,16.9,16.0,17.5,55,52,981.7
12,2025-06-23,15.4,17.6,12.7,13.60,13.60,0.00,14.0,21754.24,11.11,14.3,31.3,258,1.77,14.1,92,100,83,0.477,0.446,0.428,16.0,15.7,16.5,63,82,983.8
12,2025-06-24,14.7,17.6,11.2,0.20,0.20,0.00,2.0,35622.07,21.03,16.5,36.0,344,3.66,7.9,66,92,43,0.473,0.468,0.431,15.8,15.4,16.0,51,73,992.1
12,2025-06-25,15.5,19.6,10.4,0.00,0.00,0.00,0.0,26740.63,15.00,5.9,12.2,254,2.80,8.1,65,94,40,0.455,0.461,0.434,15.1,15.1,15.4,3,87,995.4
12,2025-06-26,16.5,22.0,8.1,0.00,0.00,0.00,0.0,40945.40,19.77,7.6,17.3,177,3.64,7.8,60,92,37,0.444,0.454,0.435,15.7,14.8,15.5,3,65,995.1
12,2025-06-27,18.6,23.5,12.3,0.00,0.00,0.00,0.0,53059.43,19.45,13.4,21.6,120,3.88,10.7,62,88,41,0.434,0.447,0.434,17.4,14.6,16.4,3,80,992.1
12,2025-06-28,20.4,26.3,14.1,0.00,0.00,0.00,0.0,55831.66,22.92,21.1,42.1,120,5.21,12.1,60,77,39,0.422,0.439,0.433,18.8,14.6,17.4,3,83,984.9
12,2025-06-29,18.0,21.1,15.3,6.70,6.70,0.00,17.0,25509.75,13.60,9.8,20.9,123,2.47,15.3,85,97,73,0.439,0.433,0.432,18.0,14.7,17.8,61,96,980.2
12,2025-06-30,20.1,25.8,13.9,0.70,0.70,0.00,6.0,57883.34,25.39,9.6,24.8,305,4.69,15.4,76,97,54,0.454,0.437,0.432,19.5,14.8,18.0,51,38,980.9
12,2025-07-01,22.1,27.3,14.9,0.00,0.00,0.00,0.0,59020.44,26.44,12.0,29.2,292,5.31,15.5,69,89,47,0.439,0.433,0.431,20.9,15.0,19.1,1,13,987.0
12,2025-07-02,24.2,30.3,15.9,0.00,0.00,0.00,0.0,57565.57,26.79,11.4,21.2,205,5.67,16.9,67,94,44,0.421,0.427,0.429,22.5,15.3,20.1,3,53,992.0
12,2025-07-03,23.5,28.4,19.6,3.60,3.60,0.00,7.0,39373.34,19.10,20.0,29.9,197,4.14,18.4,74,92,53,0.422,0.421,0.427,22.8,15.7,21.2,63,90,993.0
12,2025-07-04,18.3,24.3,14.5,22.80,22.80,0.00,19.0,22810.28,13.52,16.8,45.0,27,2.24,16.9,92,98,67,0.488,0.460,0.429,19.5,16.1,20.3,63,88,985.2
12,2025-07-05,18.7,22.5,13.8,1.10,1.10,0.00,8.0,56243.30,20.19,20.2,49.0,280,3.72,14.8,79,97,63,0.484,0.488,0.435,18.7,16.1,18.6,51,59,982.1
12,2025-07-06,22.2,27.0,17.0,0.40,0.40,0.00,4.0,58398.93,23.70,19.7,38.2,288,4.99,16.1,70,92,52,0.467,0.476,0.438,20.9,16.1,19.2,51,24,985.4
12,2025-07-07,18.3,20.8,14.4,0.00,0.00,0.00,0.0,44217.16,21.12,23.1,47.9,312,3.99,12.7,72,96,52,0.452,0.464,0.439,18.9,16.3,19.2,3,60,989.6
12,2025-07-08,17.9,22.9,11.3,0.00,0.00,0.00,0.0,57662.81,21.35,11.6,27.0,307,4.02,11.5,68,89,48,0.439,0.455,0.439,17.6,16.2,17.7,3,29,995.6
12,2025-07-09,18.9,23.6,12.4,1.80,1.80,0.00,6.0,56619.70,23.93,10.7,27.7,318,4.35,13.9,75,96,55,0.430,0.446,0.439,18.7,16.1,17.8,61,26,996.3
12,2025-07-10,20.4,26.3,12.4,0.00,0.00,0.00,0.0,57451.04,23.34,9.4,18.4,279,4.45,14.0,70,98,43,0.425,0.439,0.437,19.7,16.0,18.5,3,39,994.5
12,2025-07-11,20.4,24.7,16.1,0.70,0.70,0.00,5.0,40307.45,18.62,20.8,41.8,304,3.92,15.7,75,94,55,0.418,0.433,0.437,20.2,16.1,19.4,51,76,991.9
12,2025-07-12,16.2,17.9,13.9,0.60,0.60,0.00,6.0,18304.73,10.47,21.5,44.6,316,2.31,12.3,78,94,66,0.416,0.430,0.437,16.9,16.2,18.1,51,89,994.0
12,2025-07-13,16.3,18.3,14.4,0.50,0.50,0.00,4.0,12481.23,9.46,21.5,44.6,309,2.19,12.6,79,88,70,0.414,0.428,0.437,16.4,16.1,16.7,51,91,992.1
12,2025-07-14,15.8,18.5,14.2,2.10,2.10,0.00,9.0,0.00,5.09,20.1,35.6,304,1.23,13.9,88,94,80,0.422,0.427,0.437,15.7,15.8,16.0,53,97,990.1
12,2025-07-15,18.1,23.5,12.6,0.80,0.80,0.00,4.0,45974.03,22.17,12.6,24.5,257,4.19,12.4,72,97,46,0.422,0.426,0.437,17.5,15.6,16.4,51,62,988.3
12,2025-07-16,19.1,24.4,13.9,2.90,2.90,0.00,5.0,55101.88,21.22,12.1,33.1,245,3.84,15.2,80,100,56,0.424,0.423,0.437,18.7,15.5,17.7,61,44,986.5
12,2025-07-17,18.0,22.4,13.6,0.30,0.30,0.00,3.0,54231.11,26.06,11.1,25.9,331,4.62,11.0,67,99,41,0.426,0.420,0.435,18.6,15.6,18.2,51,36,990.3
12,2025-07-18,17.6,23.0,10.3,0.00,0.00,0.00,0.0,50761.76,24.43,15.3,29.5,203,4.47,11.9,71,95,49,0.410,0.416,0.435,17.6,15.7,17.6,3,49,989.3
12,2025-07-19,15.8,19.1,12.6,1.40,1.40,0.00,11.0,51185.79,20.25,21.8,46.1,318,3.58,10.6,73,93,50,0.406,0.414,0.435,16.8,15.7,17.6,51,54,991.6
12,2025-07-20,18.5,24.8,11.2,0.00,0.00,0.00,0.0,55577.67,27.45,22.5,46.8,272,5.33,10.7,63,84,42,0.398,0.411,0.435,17.4,15.6,16.8,0,2,997.2
12,2025-07-21,17.7,22.1,12.2,0.00,0.00,0.00,0.0,54312.60,24.30,11.1,24.8,21,4.29,11.4,69,97,49,0.385,0.406,0.434,18.1,15.6,17.7,2,22,999.5
12,2025-07-22,18.8,24.3,12.9,0.10,0.10,0.00,1.0,37541.34,19.37,13.9,25.2,110,3.81,13.3,71,91,57,0.378,0.403,0.434,18.6,15.7,17.9,51,84,998.7
12,2025-07-23,17.8,22.2,14.0,1.60,1.60,0.00,3.0,51725.55,16.39,14.4,29.5,109,3.07,13.7,78,91,58,0.380,0.402,0.435,18.1,15.8,17.8,53,96,994.0
12,2025-07-24,19.8,23.8,16.8,0.00,0.00,0.00,0.0,48034.57,22.26,23.7,45.0,121,5.28,11.1,58,76,45,0.381,0.399,0.434,19.4,15.8,18.1,3,74,987.6
12,2025-07-25,16.5,20.1,13.8,12.10,12.10,0.00,20.0,15806.07,9.91,22.2,44.3,113,2.55,11.5,73,86,56,0.430,0.399,0.432,16.6,15.9,17.4,63,93,980.9
12,2025-07-26,19.3,22.8,15.5,8.70,8.70,0.00,12.0,17084.02,9.65,14.8,28.8,128,2.01,16.6,85,96,75,0.466,0.415,0.432,18.1,15.8,17.2,63,84,977.8
12,2025-07-27,19.4,23.5,16.6,5.20,5.20,0.00,15.0,31765.74,13.22,10.2,21.6,290,2.46,18.0,92,100,73,0.465,0.435,0.432,19.3,15.8,18.1,55,89,979.5
12,2025-07-28,20.0,24.7,16.8,2.80,2.80,0.00,8.0,39108.53,14.85,14.5,31.3,241,2.93,16.0,80,99,55,0.473,0.447,0.431,19.6,16.0,18.5,53,78,981.9
12,2025-07-29,20.4,25.5,15.8,4.30,4.30,0.00,9.0,45588.47,17.26,12.3,29.2,59,3.31,16.8,81,95,61,0.459,0.448,0.431,19.7,16.1,18.6,61,69,983.3
12,2025-07-30,20.1,24.5,16.1,1.10,1.10,0.00,8.0,51484.15,19.48,13.7,34.9,78,3.68,15.9,78,97,52,0.466,0.451,0.430,19.9,16.2,18.9,51,65,983.8
12,2025-07-31,19.3,22.5,16.8,5.00,5.00,0.00,14.0,23030.94,11.93,16.9,29.9,18,2.10,17.7,90,98,80,0.467,0.450,0.429,19.4,16.4,19.0,61,94,985.0
12,2025-08-01,19.6,22.6,17.5,3.20,3.20,0.00,14.0,1775.05,8.20,17.6,33.5,17,1.68,18.0,91,96,82,0.471,0.454,0.429,19.2,16.5,18.8,61,91,987.8
12,2025-08-02,18.1,21.8,13.6,0.00,0.00,0.00,0.0,54000.00,21.53,21.6,43.6,1,3.96,13.2,74,91,54,0.465,0.457,0.430,18.5,16.5,18.5,3,38,993.7
12,2025-08-03,14.6,18.8,9.7,0.00,0.00,0.00,0.0,54000.00,19.97,19.3,37.8,5,3.65,8.4,69,94,46,0.447,0.453,0.431,15.5,16.5,17.1,2,34,1001.8
12,2025-08-04,13.6,18.9,7.1,0.00,0.00,0.00,0.0,40890.58,16.91,20.1,42.5,333,3.10,7.7,70,92,46,0.438,0.449,0.433,13.9,16.3,15.6,3,52,1004.4
12,2025-08-05,16.3,21.7,9.3,1.00,1.00,0.00,5.0,52854.69,19.29,9.9,19.1,193,3.57,10.0,69,90,44,0.433,0.443,0.433,15.7,15.9,15.4,51,68,998.6
12,2025-08-06,15.6,19.3,12.8,2.40,2.40,0.00,4.0,51151.00,22.05,17.8,33.5,54,3.52,10.8,75,99,53,0.443,0.439,0.432,16.7,15.8,16.6,61,65,995.6
12,2025-08-07,15.2,19.5,11.8,2.90,2.90,0.00,6.0,51395.39,14.71,17.5,33.8,15,2.66,11.5,79,88,64,0.452,0.438,0.433,15.6,15.7,16.1,61,60,992.9
12,2025-08-08,14.1,18.7,10.3,0.00,0.00,0.00,0.0,34576.63,14.77,16.3,35.3,38,2.61,9.6,76,97,54,0.448,0.439,0.433,14.4,15.6,15.3,3,62,996.6
12,2025-08-09,16.0,22.0,8.5,0.00,0.00,0.00,0.0,53933.13,18.37,18.3,37.1,331,3.52,10.7,74,97,48,0.435,0.436,0.433,15.0,15.3,15.0,3,24,999.1
12,2025-08-10,18.0,24.1,10.6,0.10,0.10,0.00,1.0,53982.89,18.91,8.1,21.6,315,3.52,12.5,73,98,48,0.427,0.434,0.435,16.8,15.2,16.1,51,41,999.9
12,2025-08-11,19.3,25.4,11.5,0.10,0.10,0.00,1.0,46231.87,19.48,8.8,14.8,107,3.68,13.0,70,99,42,0.423,0.435,0.440,17.4,15.3,16.9,51,65,996.5
12,2025-08-12,18.2,23.5,14.8,1.80,1.80,0.00,6.0,22597.50,12.96,15.7,28.4,329,2.62,14.6,81,95,58,0.426,0.430,0.439,17.8,15.4,17.5,51,97,988.6
12,2025-08-13,17.0,21.1,12.6,7.30,7.30,0.00,9.0,37860.92,16.07,14.3,28.4,236,2.71,14.4,85,97,70,0.447,0.429,0.438,17.2,15.5,17.3,63,67,987.9
12,2025-08-14,16.1,19.6,13.1,6.90,6.90,0.00,19.0,18882.51,8.91,9.2,14.0,127,1.53,14.8,92,99,80,0.477,0.442,0.438,16.7,15.6,16.8,55,98,981.1
12,2025-08-15,16.6,21.1,12.9,3.90,3.90,0.00,16.0,46142.28,16.14,11.8,29.2,312,2.64,14.1,86,98,66,0.476,0.453,0.437,17.1,15.6,16.6,61,78,981.6
12,2025-08-16,15.9,20.5,10.9,5.60,5.60,0.00,9.0,42582.45,14.89,7.6,21.6,176,2.49,13.6,87,99,65,0.476,0.462,0.438,16.7,15.6,16.5,63,68,982.0
12,2025-08-17,15.7,18.9,13.3,9.60,9.60,0.00,21.0,14768.91,8.80,14.3,36.0,302,1.54,14.1,91,100,75,0.497,0.482,0.440,16.1,15.6,16.4,55,93,982.7
12,2025-08-18,16.0,21.1,11.7,0.70,0.70,0.00,7.0,43066.47,14.38,21.1,46.1,280,2.64,12.3,80,98,53,0.481,0.483,0.444,15.6,15.5,15.8,51,68,988.6
12,2025-08-19,18.8,26.2,10.8,0.00,0.00,0.00,0.0,50901.13,19.88,15.4,29.2,233,3.81,14.1,76,94,53,0.466,0.474,0.445,17.4,15.4,16.3,3,35,991.5
12,2025-08-20,20.1,24.6,16.2,0.60,0.60,0.00,2.0,30395.49,14.27,23.2,34.2,166,3.57,14.3,71,87,50,0.454,0.465,0.445,19.0,15.5,17.9,53,99,985.6
12,2025-08-21,16.8,20.6,12.4,1.00,1.00,0.00,4.0,39790.09,14.39,14.3,32.0,240,2.60,12.3,77,99,53,0.455,0.459,0.445,17.6,15.8,18.0,51,53,985.1
12,2025-08-22,16.4,21.7,11.3,2.00,2.00,0.00,10.0,41502.77,11.78,12.5,23.4,334,2.07,13.9,86,97,69,0.455,0.455,0.444,16.1,15.8,16.5,51,58,988.7
12,2025-08-23,18.3,23.6,12.6,0.20,0.20,0.00,2.0,47244.74,16.04,16.3,34.9,314,3.16,14.2,79,99,54,0.452,0.453,0.444,17.6,15.8,16.9,51,60,992.9
12,2025-08-24,16.3,22.4,10.1,0.00,0.00,0.00,0.0,46800.00,20.53,11.1,23.0,322,3.47,10.3,70,93,45,0.442,0.449,0.443,16.6,15.8,16.9,3,38,1001.3
12,2025-08-25,19.8,27.3,12.2,0.00,0.00,0.00,0.0,47345.71,20.24,10.6,22.3,182,4.06,13.2,69,93,44,0.430,0.442,0.441,18.4,15.8,17.1,3,20,1003.3
12,2025-08-26,22.1,29.1,15.0,0.00,0.00,0.00,0.0,46983.33,19.57,15.4,32.4,175,4.62,13.8,62,87,38,0.417,0.434,0.438,20.2,16.0,18.5,3,35,1001.4
12,2025-08-27,22.5,27.6,18.3,0.00,0.00,0.00,0.0,46612.53,17.51,16.4,23.4,212,3.89,15.4,66,80,45,0.405,0.425,0.436,21.5,16.3,19.9,3,67,999.2
12,2025-08-28,20.0,23.1,14.8,0.00,0.00,0.00,0.0,41256.01,18.19,19.5,36.0,242,4.26,11.4,59,82,38,0.398,0.419,0.434,20.2,16.6,20.1,3,42,994.8
12,2025-08-29,14.6,19.5,9.2,0.90,0.90,0.00,3.0,29940.85,13.26,19.3,38.9,263,2.67,9.0,72,100,46,0.398,0.416,0.434,15.6,16.8,17.8,53,69,997.0
12,2025-08-30,12.0,14.5,9.7,4.50,4.50,0.00,9.0,39739.70,12.33,18.3,40.3,292,1.95,8.8,81,89,70,0.417,0.418,0.436,13.2,16.6,15.7,61,70,993.7
12,2025-08-31,11.9,16.5,8.2,1.80,1.80,0.00,10.0,41139.14,11.98,17.3,29.9,297,1.89,9.0,84,99,59,0.441,0.423,0.437,12.6,16.2,14.2,53,72,997.2
12,2025-09-01,12.3,16.9,7.8,0.40,0.40,0.00,4.0,46375.24,16.34,15.0,36.0,341,2.58,8.4,79,100,55,0.437,0.423,0.436,13.0,15.8,13.9,51,41,996.4
12,2025-09-02,13.0,19.4,7.4,0.30,0.30,0.00,3.0,46800.00,15.47,17.9,36.7,334,2.60,9.0,79,98,55,0.427,0.422,0.435,12.9,15.5,14.0,51,17,1000.0
12,2025-09-03,13.0,19.2,6.3,5.20,5.20,0.00,6.0,23354.52,11.29,13.6,27.7,235,2.02,10.0,84,100,57,0.427,0.420,0.434,13.0,15.2,13.9,61,81,1002.3
12,2025-09-04,16.0,21.3,12.1,4.00,4.00,0.00,8.0,24786.13,12.09,17.6,32.8,121,2.13,13.4,86,100,66,0.479,0.438,0.434,15.4,15.0,14.8,55,99,999.3
12,2025-09-05,18.3,24.1,12.9,0.00,0.00,0.00,0.0,37465.73,13.50,11.8,24.1,103,2.67,14.2,79,97,57,0.453,0.443,0.434,17.3,15.0,16.1,3,99,1001.0
12,2025-09-06,17.8,23.0,13.1,0.00,0.00,0.00,0.0,36025.24,14.16,15.4,27.7,85,2.87,12.8,75,94,50,0.440,0.441,0.433,17.2,15.1,16.8,3,98,1000.7
12,2025-09-07,16.0,19.7,12.9,0.00,0.00,0.00,0.0,35480.58,10.77,19.3,38.9,55,2.54,10.8,73,94,50,0.431,0.437,0.433,16.0,15.3,16.7,3,58,999.2
12,2025-09-08,14.3,19.5,9.8,0.00,0.00,0.00,0.0,43229.28,15.22,12.9,27.7,19,2.69,9.0,73,90,48,0.424,0.434,0.432,14.7,15.3,15.6,3,54,994.3
12,2025-09-09,13.0,16.0,9.5,11.10,11.10,0.00,18.0,8505.32,6.93,10.8,24.8,155,1.16,11.3,89,98,79,0.449,0.435,0.431,13.2,15.2,14.5,63,99,992.8
12,2025-09-10,12.9,15.1,11.9,22.50,22.50,0.00,21.0,12899.32,4.85,18.8,36.7,43,0.85,11.9,94,99,83,0.501,0.490,0.437,13.6,15.1,14.1,63,98,993.5
12,2025-09-11,11.1,13.1,8.9,0.70,0.70,0.00,5.0,30350.29,8.99,22.0,41.8,11,1.38,8.9,87,95,74,0.484,0.489,0.449,12.3,14.8,13.4,51,96,999.9
12,2025-09-12,8.1,11.2,3.2,0.20,0.20,0.00,2.0,42477.19,11.04,14.2,28.8,9,1.60,4.3,78,91,57,0.474,0.480,0.452,9.7,14.5,12.0,51,55,1008.5
12,2025-09-13,8.9,15.4,2.3,0.00,0.00,0.00,0.0,27375.55,10.21,12.1,28.1,329,1.75,4.5,76,94,52,0.466,0.473,0.453,8.9,14.1,10.7,3,53,1010.3
12,2025-09-14,11.6,18.2,4.8,0.00,0.00,0.00,0.0,41959.02,12.97,6.3,15.1,339,1.98,7.4,79,100,49,0.458,0.467,0.452,11.0,13.7,11.4,2,28,1014.1
12,2025-09-15,12.6,18.6,7.9,0.00,0.00,0.00,0.0,36437.02,10.95,6.6,18.0,186,1.86,8.4,78,96,51,0.452,0.462,0.449,12.2,13.5,12.3,3,54,1011.3
12,2025-09-16,13.1,18.9,7.1,0.00,0.00,0.00,0.0,35410.67,11.28,11.4,24.5,59,2.07,8.4,75,97,52,0.448,0.457,0.449,12.4,13.3,12.6,3,82,1004.8
12,2025-09-17,13.5,18.8,9.2,0.30,0.30,0.00,3.0,40849.15,12.49,11.1,27.0,28,2.11,9.7,80,94,58,0.444,0.453,0.448,13.1,13.3,13.1,51,38,1002.7
12,2025-09-18,13.1,19.2,7.2,0.00,0.00,0.00,0.0,39058.25,11.74,9.4,19.8,4,2.09,8.5,76,93,49,0.440,0.449,0.447,12.8,13.3,13.2,3,42,1003.2
12,2025-09-19,13.4,19.1,8.6,0.00,0.00,0.00,0.0,40053.77,11.10,8.8,20.2,309,1.94,9.2,78,97,50,0.435,0.445,0.446,13.4,13.3,13.3,2,39,1003.3
12,2025-09-20,12.2,18.8,7.1,0.00,0.00,0.00,0.0,36404.68,11.69,12.4,27.0,237,2.05,7.3,75,95,45,0.431,0.441,0.445,11.9,13.3,12.5,3,44,1002.5
12,2025-09-21,13.2,18.0,9.8,0.00,0.00,0.00,0.0,26252.59,9.26,11.6,23.8,211,2.07,7.1,68,86,48,0.426,0.437,0.443,12.6,13.2,12.6,3,98,1000.9
12,2025-09-22,10.9,13.9,8.2,3.10,3.10,0.00,9.0,3792.54,4.54,13.6,29.2,229,1.07,7.8,82,96,69,0.434,0.435,0.443,11.0,13.2,12.3,55,71,990.6
12,2025-09-23,12.3,16.5,8.0,0.00,0.00,0.00,0.0,28106.99,8.77,17.9,37.1,265,1.76,8.5,79,94,59,0.446,0.436,0.443,11.7,13.0,11.6,3,45,993.1
12,2025-09-24,18.6,26.1,12.3,0.00,0.00,0.00,0.0,39186.66,12.39,20.2,41.0,238,3.29,11.8,68,94,40,0.434,0.433,0.440,15.9,13.0,13.4,2,11,992.8
12,2025-09-25,18.9,25.1,14.3,0.00,0.00,0.00,0.0,38576.78,11.78,17.7,36.4,224,3.20,11.2,62,76,45,0.422,0.427,0.437,16.9,13.2,15.5,3,24,991.3
12,2025-09-26,13.4,16.3,8.1,0.00,0.00,0.00,0.0,34862.70,9.23,17.0,30.6,283,1.99,8.6,73,84,66,0.416,0.424,0.437,14.2,13.6,15.4,3,62,992.2
12,2025-09-27,7.2,8.9,5.0,2.20,2.20,0.00,10.0,2223.38,4.15,13.2,22.0,4,0.68,5.4,88,96,81,0.426,0.426,0.440,9.3,13.6,12.3,51,92,998.4
12,2025-09-28,2.1,4.8,-0.2,0.00,0.00,0.00,0.0,1483.58,4.19,13.7,27.7,23,0.77,-1.1,79,94,72,0.434,0.431,0.441,4.8,13.3,9.2,3,93,1007.7
12,2025-09-29,-0.5,2.0,-3.0,0.00,0.00,0.00,0.0,7060.50,6.53,11.8,23.8,9,0.97,-6.5,64,74,52,0.430,0.432,0.440,1.9,12.5,6.2,3,93,1012.9
12,2025-09-30,0.7,5.1,-5.0,0.00,0.00,0.00,0.0,32282.51,9.78,9.9,23.0,297,1.24,-5.1,67,92,47,0.427,0.431,0.440,0.6,11.6,4.0,3,82,1006.2
12,2025-10-01,4.4,6.2,2.3,1.00,1.00,0.00,9.0,0.00,4.46,16.1,33.1,268,0.66,2.6,88,94,74,0.429,0.431,0.440,4.8,10.8,5.0,51,99,997.5
12,2025-10-02,4.9,6.4,0.6,3.00,3.00,0.00,14.0,30396.91,7.63,27.5,54.4,318,1.16,1.5,79,94,62,0.453,0.433,0.440,5.6,10.3,6.5,53,67,999.3
12,2025-10-03,4.1,9.2,-1.3,0.40,0.40,0.00,1.0,34402.67,10.25,19.4,40.3,269,1.74,-2.0,66,87,43,0.445,0.436,0.440,4.1,9.9,5.5,51,47,1009.4
12,2025-10-04,2.6,5.5,-1.6,2.10,2.10,0.00,5.0,4182.82,5.11,21.3,41.4,336,1.00,-1.9,73,92,54,0.453,0.436,0.440,4.0,9.6,5.9,61,88,1013.0
12,2025-10-05,2.8,8.4,-2.8,0.50,0.50,0.00,5.0,6954.04,3.79,15.7,30.6,229,0.77,-0.9,78,90,66,0.447,0.439,0.441,1.8,9.1,3.9,51,95,1015.6
12,2025-10-06,5.0,10.0,1.6,0.00,0.00,0.00,0.0,28027.39,8.49,9.9,13.3,5,1.15,1.1,78,98,49,0.442,0.439,0.441,5.1,8.7,5.0,3,65,1011.2
12,2025-10-07,2.9,8.8,-3.4,0.00,0.00,0.00,0.0,33702.61,8.90,9.6,18.4,144,1.09,-0.7,80,99,53,0.436,0.437,0.440,3.7,8.5,5.0,3,48,1013.1
12,2025-10-08,5.8,12.2,0.9,0.00,0.00,0.00,0.0,32548.86,8.95,12.0,25.6,249,1.43,0.6,71,92,46,0.431,0.434,0.438,5.5,8.2,5.0,3,38,1008.8
12,2025-10-09,3.9,9.6,-2.3,0.00,0.00,0.00,0.0,32352.29,8.42,11.7,19.4,219,1.16,-0.2,77,97,51,0.427,0.431,0.437,4.2,8.0,5.0,3,41,1009.6
12,2025-10-10,6.0,12.0,1.4,0.00,0.00,0.00,0.0,28272.19,7.71,18.0,33.1,101,1.32,1.4,73,85,59,0.424,0.429,0.436,6.0,7.9,5.6,3,70,1007.6
12,2025-10-11,0.6,2.5,-1.9,0.00,0.00,0.00,0.0,14479.52,5.76,20.2,41.4,65,0.83,-2.6,80,88,63,0.426,0.428,0.436,2.4,7.8,4.8,3,72,1011.7
12,2025-10-12,-1.9,1.6,-4.4,0.00,0.00,0.00,0.0,19430.99,6.30,16.6,35.6,84,0.96,-7.2,68,84,50,0.425,0.428,0.436,-0.1,7.5,2.9,3,58,1013.1
12,2025-10-13,-3.3,1.7,-7.2,0.00,0.00,0.00,0.0,28914.13,7.27,13.6,29.5,107,0.89,-8.4,69,81,51,0.424,0.428,0.436,-2.4,7.1,1.3,3,40,1015.7
12,2025-10-14,-4.5,0.8,-9.3,0.00,0.00,0.00,0.0,30689.70,7.79,17.2,34.9,119,0.81,-8.4,76,94,53,0.424,0.428,0.437,-3.3,6.5,0.5,3,14,1021.8
12,2025-10-15,-2.1,4.2,-7.4,0.00,0.00,0.00,0.0,30076.63,7.69,20.4,42.5,138,1.22,-8.0,67,87,43,0.424,0.427,0.436,-2.0,6.0,0.3,3,14,1022.2
12,2025-10-16,-0.3,5.9,-5.3,0.00,0.00,0.00,0.0,25410.43,6.49,21.9,42.8,135,1.49,-7.9,59,78,37,0.422,0.425,0.436,-0.3,5.6,0.3,3,77,1016.8
12,2025-10-17,1.3,6.2,-2.9,0.00,0.00,0.00,0.0,17818.43,5.90,23.8,49.0,126,1.73,-7.3,54,69,39,0.418,0.423,0.434,1.1,5.2,0.7,3,99,1009.1
12,2025-10-18,0.4,3.2,-0.8,1.50,0.50,0.70,14.0,16219.65,4.44,19.2,36.7,136,0.84,-3.7,75,96,54,0.416,0.422,0.434,0.8,5.0,1.6,71,89,998.8
12,2025-10-19,2.2,5.6,-1.9,0.00,0.00,0.00,0.0,25709.93,5.60,15.4,32.4,231,0.65,0.2,87,95,73,0.420,0.422,0.434,1.6,4.9,1.8,3,48,1003.3
12,2025-10-20,4.9,8.6,2.2,0.00,0.00,0.00,0.0,25281.77,5.93,12.4,25.9,236,0.75,2.7,86,94,71,0.426,0.422,0.433,4.2,4.9,3.1,3,49,1007.7
12,2025-10-21,0.2,6.7,-4.4,0.00,0.00,0.00,0.0,28286.02,6.50,7.2,13.3,90,0.74,-3.0,81,96,50,0.425,0.422,0.434,1.1,5.0,3.1,2,13,1015.4
12,2025-10-22,-0.1,7.4,-6.5,0.00,0.00,0.00,0.0,29439.36,6.61,12.0,21.2,134,0.84,-3.5,80,93,55,0.422,0.421,0.434,0.2,5.0,1.6,1,6,1018.0
12,2025-10-23,1.7,7.5,-3.3,0.00,0.00,0.00,0.0,15607.63,5.09,14.6,29.5,129,0.77,-1.2,82,96,60,0.420,0.420,0.433,0.9,4.8,1.5,3,62,1013.4
12,2025-10-24,4.3,10.0,0.2,0.00,0.00,0.00,0.0,15030.95,4.89,13.5,25.2,141,1.02,-1.0,70,83,49,0.416,0.418,0.432,3.5,4.7,2.2,3,87,1006.0
12,2025-10-25,3.0,8.8,-0.3,0.00,0.00,0.00,0.0,28688.71,6.11,10.6,19.4,322,0.77,0.0,82,94,59,0.414,0.416,0.431,2.7,4.8,3.1,3,25,1001.4
12,2025-10-26,1.8,7.6,-1.9,0.00,0.00,0.00,0.0,18913.56,4.23,12.6,23.4,247,0.65,-1.0,82,94,62,0.413,0.416,0.430,1.1,4.8,2.4,3,51,1003.6
12,2025-10-27,3.3,9.6,0.3,0.00,0.00,0.00,0.0,28322.73,5.88,14.0,28.8,243,0.88,-0.2,79,87,60,0.411,0.415,0.430,2.5,4.8,2.4,2,8,1004.4
12,2025-10-28,3.5,12.1,-1.2,0.00,0.00,0.00,0.0,25199.10,5.38,8.8,16.9,236,0.74,0.5,82,94,56,0.409,0.413,0.429,3.1,4.8,2.6,3,48,1007.4
12,2025-10-29,4.7,9.6,0.1,0.00,0.00,0.00,0.0,739.84,3.22,13.5,25.9,201,0.85,0.8,77,94,55,0.407,0.412,0.428,3.6,4.8,2.9,3,97,1005.3
12,2025-10-30,7.5,12.1,4.8,0.00,0.00,0.00,0.0,17315.54,4.63,16.9,28.4,192,1.32,1.8,68,80,55,0.405,0.410,0.427,6.2,4.9,4.4,3,96,1000.9
12,2025-10-31,7.6,11.9,4.5,0.60,0.60,0.00,3.0,23557.69,4.78,15.8,31.7,202,0.90,4.7,82,94,67,0.407,0.409,0.426,6.2,5.2,5.4,51,71,989.9
12,2025-11-01,3.8,5.9,1.9,0.80,0.80,0.00,8.0,20521.18,3.64,22.5,45.7,285,0.66,1.4,84,93,75,0.417,0.409,0.426,4.7,5.5,5.5,51,79,994.0
12,2025-11-02,1.5,4.2,-1.8,1.60,1.60,0.00,7.0,7039.67,2.68,12.5,23.0,189,0.29,0.6,94,98,87,0.423,0.411,0.426,2.0,5.6,3.7,53,80,998.8
12,2025-11-03,-4.9,2.0,-11.2,7.20,0.80,4.48,17.0,0.00,2.08,24.9,50.8,11,0.36,-7.3,84,100,68,0.439,0.415,0.426,-0.4,5.5,2.5,73,87,997.8
12,2025-11-04,-9.3,-6.6,-12.2,0.00,0.00,0.00,0.0,385.35,2.99,23.6,46.8,343,0.41,-12.6,77,86,71,0.432,0.419,0.427,-6.3,5.1,0.4,3,72,1012.0
12,2025-11-05,-7.5,-4.7,-10.7,2.10,0.00,1.47,7.0,24248.87,4.82,19.5,37.4,222,0.40,-10.0,83,91,64,0.429,0.422,0.428,-5.4,4.7,-0.1,73,66,1013.3
12,2025-11-06,-0.7,1.2,-4.6,4.00,0.30,2.59,22.0,0.00,2.08,17.9,33.5,234,0.24,-1.6,94,97,91,0.429,0.423,0.429,-2.3,4.3,-0.3,73,100,1000.3
12,2025-11-07,1.1,1.7,0.6,2.30,1.90,0.28,12.0,0.00,1.76,18.9,37.8,226,0.19,0.6,97,100,95,0.441,0.424,0.429,-1.2,4.0,-0.3,71,100,994.2
12,2025-11-08,1.9,4.0,0.8,5.60,2.60,2.10,17.0,0.00,0.87,22.5,43.2,253,0.23,1.0,94,100,89,0.473,0.431,0.429,-0.3,3.7,-0.2,73,100,987.9
12,2025-11-09,-0.6,0.8,-4.3,6.40,0.00,4.48,16.0,0.00,1.30,20.6,42.1,40,0.20,-1.5,94,96,89,0.461,0.439,0.428,0.3,3.5,-0.1,73,100,988.6
12,2025-11-10,-6.6,-1.2,-9.3,0.10,0.00,0.07,1.0,2969.71,3.11,21.7,40.3,281,0.35,-9.1,83,89,77,0.452,0.442,0.430,-2.0,3.3,-0.1,71,98,999.2
12,2025-11-11,1.1,2.0,-0.7,4.80,2.10,1.89,22.0,0.00,1.08,23.5,45.7,233,0.22,0.3,94,98,88,0.456,0.444,0.430,-1.5,3.2,-0.2,73,100,992.7
12,2025-11-12,-1.3,1.2,-2.6,0.10,0.10,0.00,1.0,9929.99,2.13,19.6,40.0,291,0.43,-4.0,83,99,69,0.467,0.448,0.431,-0.5,3.0,-0.2,51,87,996.7
12,2025-11-13,-2.8,-1.1,-4.8,0.00,0.00,0.00,0.0,16624.41,3.00,20.0,40.0,280,0.51,-6.2,78,85,68,0.457,0.451,0.433,-1.7,2.9,-0.1,3,70,1010.7
12,2025-11-14,-1.7,1.3,-4.4,0.00,0.00,0.00,0.0,15058.50,2.85,16.0,28.1,201,0.55,-5.3,77,86,63,0.453,0.453,0.434,-1.2,2.8,-0.2,3,47,1012.1
12,2025-11-15,3.2,7.3,-0.9,0.00,0.00,0.00,0.0,28744.32,3.69,21.6,42.5,204,0.67,0.5,82,91,75,0.453,0.452,0.435,0.4,2.7,-0.2,2,19,1004.5
12,2025-11-16,3.6,7.0,1.3,0.10,0.10,0.00,1.0,28624.44,4.16,23.5,43.9,202,0.99,-0.8,73,84,61,0.454,0.452,0.436,1.3,2.6,-0.0,51,24,999.8
12,2025-11-17,-0.5,3.8,-6.6,1.00,1.00,0.00,3.0,12861.85,2.25,13.1,25.9,296,0.26,-2.0,90,98,80,0.462,0.453,0.435,0.4,2.6,0.2,53,79,1007.5
12,2025-11-18,-3.3,0.3,-8.7,0.00,0.00,0.00,0.0,955.81,1.65,11.7,23.4,168,0.20,-4.7,90,95,86,0.457,0.453,0.434,-3.2,2.5,0.1,3,82,1012.4
12,2025-11-19,0.4,1.4,-0.4,0.00,0.00,0.00,0.0,20738.64,2.55,18.5,37.4,209,0.20,-0.2,96,99,90,0.456,0.453,0.437,-0.9,2.5,-0.0,3,91,1003.7
12,2025-11-20,1.2,1.9,0.4,2.40,0.60,1.26,6.0,0.00,0.68,19.4,37.1,246,0.16,0.5,95,98,91,0.456,0.453,0.437,0.1,2.4,-0.0,73,98,1002.5
12,2025-11-21,-2.5,0.2,-6.3,0.00,0.00,0.00,0.0,27386.59,3.79,15.7,32.8,293,0.41,-5.1,83,94,66,0.455,0.453,0.437,-0.3,2.4,0.1,3,33,1012.8
12,2025-11-22,-5.1,0.2,-10.2,0.00,0.00,0.00,0.0,21167.51,3.14,24.6,48.2,205,0.40,-7.6,83,92,73,0.452,0.454,0.438,-3.9,2.4,-0.1,3,71,1018.1
12,2025-11-23,3.3,4.0,0.4,6.20,6.20,0.00,13.0,0.00,0.65,27.7,52.2,241,0.25,2.3,94,97,83,0.470,0.455,0.439,-0.2,2.3,-0.2,55,100,999.3
12,2025-11-24,-1.7,3.4,-4.1,0.40,0.40,0.00,2.0,16160.96,2.70,14.6,28.1,290,0.33,-3.9,85,97,75,0.482,0.470,0.440,0.2,2.2,-0.1,51,83,1007.8
12,2025-11-25,-0.2,3.2,-4.0,0.00,0.00,0.00,0.0,0.00,0.95,22.3,40.3,211,0.20,-1.4,92,96,86,0.469,0.471,0.443,-1.3,2.2,-0.1,3,100,1004.8
12,2025-11-26,1.9,3.1,0.7,0.00,0.00,0.00,0.0,5758.11,1.51,19.9,37.8,259,0.24,0.8,92,95,86,0.469,0.468,0.444,0.0,2.2,-0.1,3,90,995.9
12,2025-11-27,-0.4,0.7,-1.8,0.00,0.00,0.00,0.0,441.37,1.28,21.0,42.1,291,0.52,-4.1,77,86,68,0.462,0.462,0.445,0.3,2.1,-0.0,3,93,1002.4
12,2025-11-28,-2.9,-1.9,-4.6,0.00,0.00,0.00,0.0,2104.84,1.69,12.6,24.1,306,0.32,-6.1,79,86,71,0.459,0.461,0.445,-1.7,2.1,-0.0,3,96,1013.7
12,2025-11-29,-2.3,-1.2,-4.4,3.10,0.00,2.17,13.0,0.00,0.64,21.3,38.9,201,0.21,-3.8,90,96,79,0.456,0.458,0.443,-2.3,2.1,-0.1,73,99,1008.4
12,2025-11-30,0.1,1.4,-1.1,0.00,0.00,0.00,0.0,2224.95,1.22,11.9,21.6,228,0.15,-0.7,95,97,93,0.454,0.457,0.444,-0.9,2.0,-0.2,3,98,1007.0
12,2025-12-01,1.3,2.4,0.5,0.00,0.00,0.00,0.0,993.46,1.13,15.2,29.9,257,0.24,-0.1,91,94,85,0.456,0.456,0.444,0.2,2.0,-0.2,3,90,1007.7
12,2025-12-02,0.6,1.3,0.2,0.00,0.00,0.00,0.0,1705.81,1.35,9.5,17.3,240,0.16,-0.6,92,94,90,0.456,0.456,0.444,0.5,1.9,-0.1,3,93,1010.4
12,2025-12-03,-0.1,0.5,-0.3,0.50,0.00,0.35,4.0,42.86,1.09,15.1,29.2,237,0.17,-1.1,93,95,90,0.454,0.455,0.445,-0.4,1.9,-0.0,71,98,1003.5
12,2025-12-04,-0.2,0.1,-0.5,1.10,0.00,0.77,9.0,0.00,1.30,21.2,38.9,267,0.29,-1.7,89,93,84,0.452,0.454,0.445,0.1,1.9,-0.0,71,99,1000.5
12,2025-12-05,-1.8,0.3,-5.3,0.00,0.00,0.00,0.0,4744.12,1.43,19.1,37.1,299,0.39,-5.1,79,86,67,0.450,0.454,0.445,-0.8,1.9,0.1,3,76,1006.9
12,2025-12-06,-2.6,-1.1,-5.5,0.00,0.00,0.00,0.0,1071.42,1.38,13.9,25.2,228,0.24,-4.8,85,91,82,0.449,0.453,0.446,-2.0,1.9,-0.0,3,82,1009.1
12,2025-12-07,-4.3,-1.7,-9.3,0.00,0.00,0.00,0.0,0.00,1.17,13.8,27.7,16,0.26,-6.8,83,95,70,0.448,0.456,0.446,-2.4,1.8,-0.2,3,98,1008.6
12,2025-12-08,-15.2,-9.3,-20.2,0.00,0.00,0.00,0.0,3419.56,1.74,21.2,38.9,54,0.33,-20.2,66,70,60,0.448,0.456,0.447,-10.4,1.8,-0.5,3,98,1012.1
12,2025-12-09,-20.7,-15.5,-23.7,0.00,0.00,0.00,0.0,24116.22,2.90,19.9,38.5,22,0.18,-24.6,71,82,63,0.449,0.455,0.447,-15.2,1.6,-1.3,3,49,1020.1
12,2025-12-10,-14.1,-12.8,-15.9,0.00,0.00,0.00,0.0,24138.09,2.61,21.1,38.9,251,0.26,-18.2,72,80,58,0.449,0.454,0.448,-10.9,1.4,-2.2,3,81,1024.7
12,2025-12-11,-12.1,-9.6,-14.7,0.00,0.00,0.00,0.0,1354.15,1.81,22.8,41.0,220,0.57,-19.6,54,62,47,0.450,0.453,0.448,-10.6,1.2,-3.4,3,99,1017.1
12,2025-12-12,-10.6,-6.6,-13.6,0.00,0.00,0.00,0.0,22450.61,2.55,13.9,24.8,185,0.33,-15.5,68,84,55,0.450,0.452,0.449,-9.7,0.8,-5.6,3,83,996.7
12,2025-12-13,-9.0,-5.8,-13.7,0.00,0.00,0.00,0.0,21851.08,2.24,12.9,23.0,212,0.25,-11.8,80,87,68,0.450,0.451,0.449,-9.2,0.6,-6.6,3,79,986.5
12,2025-12-14,-3.9,-2.5,-5.9,2.60,0.00,1.82,6.0,4936.34,1.47,23.8,44.3,163,0.34,-6.4,83,94,72,0.450,0.450,0.449,-5.0,0.5,-4.8,73,96,984.8
12,2025-12-15,-9.5,-2.2,-12.2,1.90,0.00,1.33,6.0,1819.06,1.57,27.3,50.0,206,0.36,-12.9,76,98,70,0.451,0.451,0.451,-8.1,0.5,-4.2,73,89,981.2
12,2025-12-16,-12.5,-10.5,-17.0,1.20,0.00,0.84,12.0,0.00,1.51,20.6,37.1,224,0.23,-15.2,80,84,76,0.451,0.453,0.451,-11.0,0.4,-6.3,71,99,989.1
12,2025-12-17,-18.9,-17.1,-20.3,0.00,0.00,0.00,0.0,5356.14,1.66,16.0,31.7,259,0.12,-21.3,82,84,78,0.447,0.453,0.450,-16.4,0.3,-9.0,3,90,999.5
12,2025-12-18,-14.1,-13.0,-16.6,0.40,0.00,0.28,4.0,20917.37,2.23,15.2,28.4,249,0.14,-16.1,85,86,82,0.447,0.452,0.450,-13.0,0.2,-10.1,71,81,1005.1
12,2025-12-19,-6.8,-4.2,-13.9,3.10,0.00,2.17,11.0,0.00,0.83,17.2,33.8,215,0.18,-8.2,89,92,86,0.448,0.451,0.451,-7.8,0.1,-8.3,73,98,1000.1
12,2025-12-20,-13.8,-4.9,-27.2,6.80,0.00,4.76,19.0,0.00,1.04,22.5,43.2,7,0.12,-15.6,86,94,77,0.448,0.450,0.450,-6.4,0.1,-5.1,73,100,994.1
12,2025-12-21,-27.0,-13.9,-34.6,0.00,0.00,0.00,0.0,17605.89,2.32,27.1,51.8,222,0.11,-30.2,74,76,71,0.448,0.449,0.450,-8.1,0.0,-5.1,3,74,1006.0
12,2025-12-22,-11.1,-10.2,-14.7,1.70,0.00,1.19,12.0,5197.03,1.38,27.5,52.9,230,0.25,-13.6,82,85,75,0.448,0.448,0.450,-6.6,0.0,-5.0,71,98,1000.2
12,2025-12-23,-7.8,-3.9,-10.9,0.10,0.00,0.07,1.0,0.00,1.46,22.9,38.9,213,0.29,-10.1,83,86,79,0.448,0.447,0.450,-3.9,-0.0,-4.1,71,100,998.9
12,2025-12-24,-4.3,-2.5,-6.0,1.60,0.00,1.12,13.0,0.00,1.07,20.4,38.5,216,0.27,-6.2,87,90,85,0.448,0.447,0.450,-2.9,-0.0,-3.0,71,99,993.9
12,2025-12-25,-16.8,-2.6,-27.7,1.40,0.00,0.98,14.0,828.97,1.67,18.7,35.6,285,0.11,-18.8,85,91,81,0.448,0.446,0.450,-4.8,-0.0,-2.7,71,97,992.0
12,2025-12-26,-24.3,-18.0,-29.7,0.00,0.00,0.00,0.0,23502.88,2.69,22.1,40.3,237,0.12,-27.3,76,81,70,0.448,0.446,0.450,-8.8,-0.1,-4.1,3,67,994.8
12,2025-12-27,-17.1,-14.9,-19.0,0.00,0.00,0.00,0.0,14043.74,2.08,19.8,38.9,228,0.18,-19.8,79,81,75,0.448,0.445,0.450,-11.3,-0.1,-8.2,3,84,1000.2
12,2025-12-28,-16.0,-14.0,-17.9,0.00,0.00,0.00,0.0,14088.56,2.12,16.2,28.8,187,0.17,-18.7,80,82,76,0.448,0.444,0.450,-11.1,-0.2,-8.5,3,91,1001.0
12,2025-12-29,-9.2,-4.0,-15.3,1.90,0.00,1.33,6.0,0.00,1.17,21.0,37.8,164,0.22,-11.3,85,91,80,0.448,0.444,0.449,-8.9,-0.2,-7.6,73,100,988.3
12,2025-12-30,-7.5,-0.4,-14.7,3.30,0.10,2.24,9.0,0.00,0.66,30.4,54.4,216,0.18,-9.0,89,93,83,0.448,0.442,0.449,-6.9,-0.2,-5.0,73,99,982.2
12,2025-12-31,-16.0,-14.2,-18.3,0.70,0.00,0.49,4.0,0.00,1.38,18.6,34.6,297,0.10,-17.9,85,87,83,0.447,0.440,0.448,-11.2,-0.3,-5.5,73,100,995.9
13,2025-01-01,1.6,3.0,0.3,0.30,0.30,0.00,3.0,11583.40,3.40,9.7,16.6,213,0.38,0.2,90,96,78,0.302,0.234,0.205,1.5,3.1,1.3,51,91,1000.2
13,2025-01-02,0.6,1.3,-0.1,3.20,1.30,1.33,18.0,3304.00,1.47,11.9,19.1,197,0.21,-0.3,94,99,89,0.297,0.238,0.205,0.6,3.2,1.3,73,94,1002.7
13,2025-01-03,1.3,3.7,-1.1,0.00,0.00,0.00,0.0,20711.67,4.65,8.5,14.8,354,0.48,-0.2,90,97,78,0.295,0.241,0.205,1.6,3.4,1.5,3,75,1002.8
13,2025-01-04,1.1,4.0,-1.5,0.20,0.20,0.00,2.0,18078.43,4.45,8.3,14.4,238,0.48,-0.9,87,94,78,0.285,0.242,0.205,1.3,3.5,1.3,51,94,998.5
13,2025-01-05,1.8,4.2,0.1,0.20,0.10,0.07,2.0,11781.45,4.13,9.2,14.8,101,0.45,0.3,90,96,79,0.281,0.243,0.206,2.2,3.5,1.7,71,97,999.8
13,2025-01-06,3.1,8.5,-0.4,0.00,0.00,0.00,0.0,32136.41,7.53,13.5,23.4,98,0.94,-0.1,81,91,61,0.275,0.244,0.206,2.0,3.6,1.6,3,35,1000.2
13,2025-01-07,1.6,4.6,-2.0,4.20,3.10,0.77,13.0,459.92,2.01,28.9,50.0,222,0.50,-0.7,85,93,78,0.284,0.245,0.206,1.4,3.7,1.6,71,94,999.1
13,2025-01-08,-4.2,-1.8,-8.0,1.30,0.00,0.91,8.0,29418.05,6.54,20.5,33.1,277,0.53,-6.4,85,91,72,0.291,0.247,0.205,-0.4,3.7,1.2,71,64,1015.7
13,2025-01-09,-2.9,3.4,-8.4,0.00,0.00,0.00,0.0,32175.17,8.62,20.2,32.4,54,1.37,-11.7,52,70,40,0.282,0.250,0.206,-2.4,3.6,-0.0,0,0,1011.8
13,2025-01-10,-0.8,5.3,-4.4,0.00,0.00,0.00,0.0,32193.21,8.61,15.9,24.8,46,0.99,-8.3,58,75,41,0.277,0.251,0.207,-2.1,3.3,-0.2,0,0,1003.2
13,2025-01-11,-2.1,4.8,-7.4,0.00,0.00,0.00,0.0,32213.71,8.58,4.8,10.4,132,0.80,-7.4,68,79,48,0.273,0.252,0.209,-2.3,3.1,-0.4,0,0,1001.9
13,2025-01-12,-1.3,6.2,-7.6,0.00,0.00,0.00,0.0,32236.62,8.67,8.5,15.1,97,0.85,-6.3,70,84,48,0.271,0.252,0.209,-2.1,2.9,-0.5,0,0,999.0
13,2025-01-13,-0.1,7.9,-6.8,0.00,0.00,0.00,0.0,32261.90,8.82,6.6,13.3,103,0.88,-6.2,65,81,44,0.268,0.251,0.209,-1.4,2.8,-0.4,0,0,997.1
13,2025-01-14,0.7,9.2,-5.4,0.00,0.00,0.00,0.0,32289.50,8.77,4.7,11.2,111,0.99,-6.6,60,75,39,0.264,0.252,0.211,-1.2,2.7,-0.3,0,0,995.9
13,2025-01-15,0.6,6.5,-3.0,0.00,0.00,0.00,0.0,32319.38,8.68,8.7,19.8,143,0.93,-3.5,75,90,54,0.261,0.252,0.212,-0.4,2.6,-0.1,3,36,997.1
13,2025-01-16,1.8,3.2,-0.3,6.70,4.50,1.54,20.0,0.00,1.98,6.5,12.2,120,0.26,0.9,93,100,87,0.285,0.251,0.212,0.8,2.5,0.4,73,97,996.7
13,2025-01-17,1.5,3.2,-0.5,6.60,5.90,0.49,22.0,0.00,1.69,8.7,19.4,300,0.22,0.6,94,99,87,0.349,0.260,0.212,1.4,2.6,1.0,71,96,994.3
13,2025-01-18,-0.4,1.9,-1.8,0.00,0.00,0.00,0.0,27207.10,5.34,8.8,11.5,134,0.54,-2.8,85,92,69,0.334,0.272,0.213,0.7,2.7,0.9,3,71,995.1
13,2025-01-19,0.5,3.9,-1.5,0.00,0.00,0.00,0.0,25111.43,5.68,10.5,19.1,109,0.63,-1.8,85,92,69,0.318,0.276,0.214,0.1,2.7,0.7,3,72,994.8
13,2025-01-20,2.1,5.8,-0.5,1.10,1.10,0.00,4.0,17782.70,5.62,9.9,25.6,132,0.65,-0.3,84,90,78,0.314,0.277,0.214,0.8,2.7,0.8,53,79,990.5
13,2025-01-21,3.1,6.4,0.7,1.40,1.40,0.00,9.0,21965.87,6.11,25.2,42.1,224,0.80,0.9,86,94,72,0.317,0.279,0.215,1.9,2.7,1.2,51,78,990.2
13,2025-01-22,-2.8,3.0,-7.5,2.90,0.80,1.47,9.0,30435.83,7.77,31.9,49.3,259,0.83,-7.0,74,96,55,0.325,0.279,0.216,-0.1,2.9,1.3,73,54,999.7
13,2025-01-23,-9.4,-6.2,-12.5,0.00,0.00,0.00,0.0,32455.31,9.80,15.7,27.4,355,0.68,-14.0,70,83,56,0.315,0.281,0.217,-4.5,2.8,-0.4,3,23,1017.0
13,2025-01-24,-5.4,0.7,-11.2,0.00,0.00,0.00,0.0,32770.65,10.24,23.1,40.0,58,1.51,-16.0,44,53,35,0.307,0.282,0.219,-3.7,2.5,-1.2,0,0,1013.0
13,2025-01-25,0.1,8.5,-4.3,0.00,0.00,0.00,0.0,32400.00,10.04,18.2,29.2,58,1.85,-11.3,43,54,32,0.302,0.283,0.221,-2.7,2.2,-1.2,3,56,999.0
13,2025-01-26,-1.0,5.4,-6.3,0.00,0.00,0.00,0.0,30644.25,9.36,8.5,18.4,117,1.12,-7.3,63,74,47,0.299,0.283,0.223,-2.4,2.0,-0.9,3,79,998.4
13,2025-01-27,-1.0,3.1,-3.6,0.00,0.00,0.00,0.0,32644.92,10.06,10.1,15.1,272,0.94,-5.0,75,88,54,0.293,0.282,0.224,-0.9,1.9,-0.6,3,28,1002.1
13,2025-01-28,-0.3,4.7,-4.0,0.00,0.00,0.00,0.0,22393.11,7.99,6.5,17.3,328,0.85,-4.8,73,86,53,0.290,0.282,0.226,-0.3,1.8,-0.4,3,96,998.0
13,2025-01-29,-2.9,-0.4,-5.0,0.00,0.00,0.00,0.0,30189.20,8.55,8.9,19.1,259,0.75,-6.3,77,87,63,0.285,0.282,0.226,-1.1,1.8,-0.1,3,73,1002.2
13,2025-01-30,-3.0,-1.8,-4.9,0.80,0.00,0.56,8.0,0.00,2.89,8.1,16.6,246,0.35,-5.5,83,91,77,0.282,0.281,0.227,-1.1,1.8,-0.3,71,96,1007.1
13,2025-01-31,-1.3,0.9,-3.0,0.60,0.00,0.42,5.0,12446.82,5.91,4.8,13.7,265,0.55,-3.1,88,93,74,0.280,0.280,0.228,0.1,1.7,-0.3,71,89,1008.1
13,2025-02-01,-0.4,4.0,-3.9,0.00,0.00,0.00,0.0,33826.63,10.61,9.3,12.6,6,1.07,-4.3,76,89,57,0.277,0.280,0.230,0.4,1.7,-0.1,1,10,1006.7
13,2025-02-02,0.9,7.3,-3.9,0.00,0.00,0.00,0.0,34475.43,11.13,13.2,22.3,37,1.35,-5.2,65,79,46,0.273,0.279,0.231,0.5,1.7,0.1,0,0,1003.2
13,2025-02-03,2.0,8.8,-2.3,0.00,0.00,0.00,0.0,34598.60,11.61,19.3,33.1,64,2.06,-7.8,49,64,33,0.269,0.278,0.231,0.5,1.8,0.3,3,22,996.7
13,2025-02-04,0.3,4.5,-3.4,0.00,0.00,0.00,0.0,30197.82,8.63,14.4,24.8,101,1.11,-4.9,69,90,54,0.264,0.278,0.233,-0.3,1.8,0.3,3,98,996.0
13,2025-02-05,0.3,6.5,-4.6,0.00,0.00,0.00,0.0,32400.00,9.63,10.5,15.1,93,1.04,-3.1,79,92,62,0.263,0.277,0.233,-0.2,1.8,0.3,3,99,997.6
13,2025-02-06,1.0,9.3,-4.8,0.00,0.00,0.00,0.0,34846.12,11.64,8.3,14.0,78,1.32,-5.1,65,79,43,0.263,0.277,0.235,-0.2,1.8,0.4,3,15,996.7
13,2025-02-07,2.5,10.6,-2.6,0.00,0.00,0.00,0.0,35023.17,11.83,9.6,14.0,28,1.47,-3.2,68,83,42,0.260,0.276,0.236,0.3,1.9,0.6,3,22,992.6
13,2025-02-08,3.2,10.2,-1.0,0.50,0.50,0.00,4.0,16061.42,6.56,10.8,18.7,26,1.00,-1.6,71,88,49,0.259,0.277,0.239,0.7,1.9,1.1,51,99,990.6
13,2025-02-09,0.6,2.8,-1.5,4.90,2.60,1.61,8.0,14531.22,6.02,13.3,20.5,276,0.59,-0.9,90,100,82,0.290,0.276,0.239,0.8,2.1,1.7,73,82,998.6
13,2025-02-10,1.9,6.4,-2.1,0.00,0.00,0.00,0.0,35175.53,12.27,23.9,41.0,74,1.69,-5.4,61,93,40,0.291,0.278,0.241,-0.0,2.2,0.9,3,65,996.7
13,2025-02-11,-0.4,0.4,-1.3,0.80,0.00,0.56,5.0,2500.80,4.41,9.7,19.8,257,0.44,-1.8,90,99,76,0.283,0.278,0.242,0.6,2.2,1.0,71,92,1004.0
13,2025-02-12,-0.9,1.8,-3.5,0.00,0.00,0.00,0.0,21823.20,8.81,8.1,19.4,305,0.80,-3.6,83,93,66,0.280,0.279,0.245,0.6,2.2,0.6,3,70,1004.6
13,2025-02-13,0.7,5.9,-3.1,0.00,0.00,0.00,0.0,34383.03,11.14,9.3,20.2,86,1.25,-3.3,76,90,52,0.276,0.279,0.246,0.9,2.1,0.7,3,57,1001.9
13,2025-02-14,2.5,8.9,-3.0,2.70,2.70,0.00,9.0,34355.54,11.90,9.7,21.6,108,1.43,-2.1,73,93,47,0.277,0.278,0.246,1.7,2.1,1.0,53,29,995.7
13,2025-02-15,-0.4,1.9,-3.4,1.00,0.50,0.35,4.0,21547.57,8.10,9.9,19.8,254,0.75,-2.7,85,95,69,0.302,0.280,0.248,1.2,2.2,1.5,71,85,995.0
13,2025-02-16,-0.7,2.2,-3.3,0.00,0.00,0.00,0.0,24497.04,9.35,11.6,22.0,282,0.90,-3.8,80,88,69,0.295,0.282,0.248,0.3,2.2,1.0,3,94,997.7
13,2025-02-17,1.3,7.3,-2.0,0.00,0.00,0.00,0.0,34579.00,12.73,11.7,15.5,53,1.39,-3.2,73,87,51,0.287,0.282,0.249,2.1,2.2,1.3,3,39,1002.1
13,2025-02-18,5.1,12.7,-0.1,0.00,0.00,0.00,0.0,26893.03,11.38,14.4,27.4,54,2.02,-2.6,60,77,32,0.277,0.281,0.249,2.8,2.3,1.6,3,63,993.6
13,2025-02-19,4.7,8.9,1.6,0.90,0.90,0.00,6.0,26551.38,8.42,10.7,27.4,112,1.06,1.8,82,93,66,0.273,0.280,0.249,3.7,2.4,2.4,51,74,994.5
13,2025-02-20,4.0,9.4,0.9,0.00,0.00,0.00,0.0,30728.66,8.95,7.7,17.3,356,1.06,1.5,85,99,58,0.275,0.281,0.251,4.2,2.6,2.8,3,67,997.9
13,2025-02-21,7.4,15.2,1.1,0.00,0.00,0.00,0.0,37459.22,13.94,15.9,27.0,60,2.33,0.8,66,87,37,0.266,0.280,0.252,5.3,2.8,3.3,3,58,994.1
13,2025-02-22,8.9,16.8,1.6,0.10,0.10,0.00,1.0,36743.83,13.81,12.5,20.9,98,2.44,0.8,59,80,35,0.254,0.277,0.251,7.0,3.1,5.1,51,72,992.0
13,2025-02-23,10.7,17.2,3.9,0.50,0.50,0.00,2.0,34677.11,12.91,19.3,32.0,53,2.47,2.6,59,84,40,0.247,0.273,0.250,8.7,3.7,6.7,51,90,990.5
13,2025-02-24,7.1,10.1,5.2,5.10,5.10,0.00,7.0,15961.10,7.44,16.3,31.0,275,1.09,3.7,79,90,66,0.256,0.271,0.250,7.3,4.3,7.3,61,80,988.1
13,2025-02-25,5.5,10.5,-0.6,7.50,7.00,0.35,12.0,15649.25,6.94,22.2,36.4,302,0.95,3.6,88,93,74,0.319,0.274,0.250,6.5,4.7,6.6,73,95,985.8
13,2025-02-26,-0.3,2.6,-2.2,1.10,0.00,0.77,6.0,11531.51,7.74,23.2,37.8,270,0.90,-3.9,77,91,57,0.338,0.285,0.252,2.9,4.9,4.6,73,97,999.2
13,2025-02-27,2.1,7.3,-1.8,0.00,0.00,0.00,0.0,38931.97,14.63,12.5,18.7,44,1.70,-2.9,71,83,52,0.316,0.290,0.253,3.3,4.7,3.1,3,68,995.4
13,2025-02-28,2.6,7.2,-0.9,0.00,0.00,0.00,0.0,38382.40,15.29,8.6,20.2,305,1.74,-2.8,70,88,46,0.300,0.290,0.253,3.9,4.5,3.7,3,79,996.1
13,2025-03-01,3.7,10.6,-1.4,0.00,0.00,0.00,0.0,37028.55,13.45,9.1,20.9,64,1.72,-2.3,67,85,39,0.286,0.288,0.253,4.1,4.4,3.7,3,58,996.3
13,2025-03-02,2.5,7.7,-1.7,6.50,3.60,2.03,8.0,22774.88,10.54,21.1,34.6,304,1.32,-1.1,79,96,52,0.287,0.287,0.253,3.6,4.4,3.9,75,87,992.2
13,2025-03-03,-3.3,-0.2,-6.8,7.30,0.00,5.11,17.0,24184.19,11.28,26.9,45.4,214,0.96,-6.1,82,94,65,0.312,0.287,0.253,0.5,4.3,2.7,73,97,998.5
13,2025-03-04,-4.3,1.1,-10.7,0.00,0.00,0.00,0.0,39435.22,17.18,18.3,30.2,164,1.41,-8.9,71,83,55,0.303,0.288,0.254,-0.1,3.9,1.2,3,44,1006.3
13,2025-03-05,3.1,9.4,-1.3,0.00,0.00,0.00,0.0,26935.83,11.57,15.4,31.0,128,1.70,-3.8,62,80,37,0.295,0.288,0.254,2.1,3.6,1.7,3,65,999.1
13,2025-03-06,5.4,11.8,-0.9,0.30,0.30,0.00,3.0,36973.33,12.77,22.8,39.2,220,1.91,0.3,72,94,46,0.286,0.286,0.253,4.0,3.4,2.8,51,75,990.4
13,2025-03-07,3.9,6.5,2.0,11.90,10.10,1.26,23.0,17668.76,7.29,33.4,66.6,242,0.81,1.8,86,96,77,0.342,0.291,0.253,4.1,3.6,4.1,73,87,988.8
13,2025-03-08,6.4,10.4,2.2,2.50,2.50,0.00,15.0,5625.80,4.44,31.9,53.3,222,0.93,3.6,83,89,73,0.353,0.307,0.254,4.6,3.7,3.8,51,79,990.5
13,2025-03-09,5.5,8.1,-0.1,0.80,0.80,0.00,8.0,37424.96,11.68,20.4,38.2,291,1.42,1.9,79,92,54,0.343,0.313,0.255,5.7,3.9,4.8,51,43,991.1
13,2025-03-10,4.0,10.9,-1.2,0.00,0.00,0.00,0.0,39873.61,18.41,12.0,19.1,16,2.39,-2.9,63,83,37,0.321,0.313,0.256,5.0,4.0,4.2,0,0,998.2
13,2025-03-11,5.9,13.9,-1.2,0.00,0.00,0.00,0.0,39836.13,18.37,17.3,25.9,45,2.66,-0.5,67,90,37,0.302,0.309,0.257,6.1,4.1,4.7,0,0,998.4
13,2025-03-12,9.2,16.2,3.4,0.00,0.00,0.00,0.0,39798.81,18.44,21.5,38.2,55,3.75,-1.6,49,71,28,0.283,0.305,0.257,7.7,4.4,6.1,0,0,998.2
13,2025-03-13,10.3,18.8,2.9,0.00,0.00,0.00,0.0,40077.83,18.55,17.3,27.7,48,3.35,0.4,52,66,30,0.261,0.300,0.257,9.2,4.7,7.1,2,4,997.6
13,2025-03-14,9.9,18.3,1.9,0.00,0.00,0.00,0.0,40040.64,18.63,10.7,19.4,314,3.01,1.6,59,80,32,0.243,0.294,0.255,9.4,5.2,7.9,3,13,997.1
13,2025-03-15,10.7,19.1,3.9,0.00,0.00,0.00,0.0,40319.42,18.81,12.8,23.0,337,3.16,2.7,61,83,34,0.229,0.288,0.253,10.1,5.6,8.4,0,1,996.6
13,2025-03-16,10.9,19.4,2.3,0.00,0.00,0.00,0.0,40282.46,18.65,8.1,14.4,64,3.06,1.9,58,85,28,0.214,0.282,0.251,10.5,6.1,8.8,3,33,997.3
13,2025-03-17,13.5,22.0,5.5,0.00,0.00,0.00,0.0,40561.22,18.98,15.2,22.0,72,3.43,2.9,52,77,28,0.199,0.275,0.249,12.3,6.5,9.9,3,31,994.9
13,2025-03-18,17.1,25.9,9.4,0.00,0.00,0.00,0.0,40839.92,19.56,16.0,25.2,77,4.62,2.6,40,58,21,0.179,0.267,0.247,14.2,7.1,11.4,0,0,990.8
13,2025-03-19,17.0,26.9,7.9,0.00,0.00,0.00,0.0,41364.26,20.03,14.1,21.2,75,3.97,3.1,43,65,18,0.159,0.260,0.245,15.1,7.7,12.4,0,5,988.4
13,2025-03-20,17.4,28.2,7.3,0.00,0.00,0.00,0.0,40958.41,20.08,13.5,24.5,124,4.80,2.4,42,73,12,0.140,0.251,0.241,15.5,8.3,12.8,1,4,989.7
13,2025-03-21,18.1,26.1,12.2,0.00,0.00,0.00,0.0,29216.89,15.06,18.7,32.8,81,4.18,3.8,41,58,20,0.121,0.245,0.240,16.8,8.9,13.9,3,90,991.4
13,2025-03-22,16.2,21.0,12.7,1.10,1.10,0.00,5.0,18598.51,9.68,18.3,31.7,53,2.58,8.0,59,78,41,0.121,0.241,0.240,16.2,9.5,14.3,53,86,989.8
13,2025-03-23,13.3,17.8,9.3,1.80,1.80,0.00,5.0,4378.96,7.68,16.5,24.8,39,1.70,9.0,76,87,61,0.144,0.239,0.240,13.4,10.0,13.3,55,80,987.1
13,2025-03-24,11.1,13.1,8.7,2.80,2.80,0.00,14.0,0.00,3.51,18.9,32.8,261,0.75,9.1,87,91,80,0.170,0.238,0.241,11.9,10.2,12.3,51,98,990.4
13,2025-03-25,8.5,9.9,6.0,0.50,0.50,0.00,3.0,10815.59,8.98,27.8,45.7,64,2.16,2.2,66,92,49,0.191,0.240,0.241,10.1,10.1,10.7,51,100,995.0
13,2025-03-26,6.1,9.5,3.3,0.50,0.50,0.00,5.0,24261.09,12.47,29.5,50.8,68,3.21,-6.0,42,51,30,0.182,0.240,0.241,7.9,9.8,9.0,51,90,994.8
13,2025-03-27,4.3,5.7,3.4,3.30,3.30,0.00,14.0,0.00,6.02,19.9,32.8,92,1.29,-1.8,66,84,45,0.189,0.239,0.240,6.7,9.4,7.9,53,99,993.7
13,2025-03-28,7.3,10.8,4.5,0.40,0.40,0.00,4.0,14919.35,9.89,10.3,17.6,62,1.61,2.8,74,87,54,0.209,0.240,0.240,8.5,8.9,8.0,51,100,998.3
13,2025-03-29,9.6,15.7,4.1,0.00,0.00,0.00,0.0,36711.91,15.74,12.4,18.7,44,2.60,2.3,64,87,35,0.195,0.239,0.239,10.2,8.7,9.0,3,80,999.4
13,2025-03-30,10.5,17.5,2.9,0.00,0.00,0.00,0.0,44955.28,22.09,16.1,28.1,55,3.79,-0.2,52,82,26,0.175,0.236,0.238,11.4,8.7,10.0,0,0,999.5
13,2025-03-31,13.1,21.1,6.1,0.00,0.00,0.00,0.0,45130.58,22.46,15.3,28.4,56,4.37,-2.0,38,56,13,0.149,0.233,0.237,13.1,8.8,11.2,3,11,997.6
13,2025-04-01,14.6,23.0,5.3,0.00,0.00,0.00,0.0,45306.14,22.57,17.5,28.8,63,4.94,-1.1,39,67,16,0.122,0.227,0.235,14.9,9.1,12.2,0,0,993.6
13,2025-04-02,17.3,23.6,11.6,0.00,0.00,0.00,0.0,45481.89,22.30,22.1,40.7,64,6.18,-0.9,31,47,14,0.108,0.222,0.233,17.1,9.6,13.9,3,18,991.3
13,2025-04-03,18.5,27.2,10.5,0.00,0.00,0.00,0.0,45657.70,22.45,17.3,28.1,104,5.26,-0.9,31,54,6,0.101,0.217,0.231,18.7,10.1,15.2,3,28,987.1
13,2025-04-04,21.4,30.7,14.0,0.00,0.00,0.00,0.0,37935.68,20.08,34.7,60.8,221,6.86,3.7,36,61,14,0.094,0.212,0.229,20.0,10.8,16.5,3,70,983.3
13,2025-04-05,18.2,24.3,12.4,0.90,0.90,0.00,5.0,46009.04,22.11,11.5,26.6,340,4.56,6.6,51,85,24,0.094,0.207,0.228,20.6,11.5,17.3,51,18,989.9
13,2025-04-06,17.9,24.2,13.0,1.70,1.70,0.00,7.0,9161.58,10.58,13.4,26.3,102,3.25,7.5,54,83,25,0.095,0.203,0.226,18.2,12.1,16.9,53,94,988.1
13,2025-04-07,19.4,26.1,13.6,0.30,0.30,0.00,2.0,46359.32,23.00,26.8,47.2,236,5.35,8.6,57,95,20,0.109,0.201,0.225,19.5,12.5,17.0,51,5,989.3
13,2025-04-08,18.6,25.5,11.8,0.00,0.00,0.00,0.0,46498.82,23.04,12.3,25.9,339,4.92,5.9,48,73,23,0.099,0.198,0.225,19.7,12.9,17.2,3,39,993.4
13,2025-04-09,19.7,26.7,11.5,0.00,0.00,0.00,0.0,46686.53,23.42,17.0,30.2,52,5.69,3.2,37,64,18,0.092,0.195,0.224,20.6,13.3,18.0,3,59,992.1
13,2025-04-10,21.5,27.7,15.7,0.00,0.00,0.00,0.0,46756.36,23.49,19.4,36.4,68,6.52,3.2,33,50,12,0.084,0.192,0.223,22.1,13.7,19.0,3,44,989.5
13,2025-04-11,23.0,31.7,14.3,0.00,0.00,0.00,0.0,46800.00,24.31,16.9,27.0,83,6.17,2.1,30,52,7,0.082,0.189,0.221,23.4,14.2,19.9,3,25,982.8
13,2025-04-12,23.3,31.7,14.8,0.00,0.00,0.00,0.0,46800.00,21.43,11.1,18.7,69,5.02,3.8,31,53,11,0.082,0.185,0.219,23.9,14.8,20.8,3,79,981.8
13,2025-04-13,20.9,26.6,16.6,0.50,0.50,0.00,2.0,22575.66,13.99,25.9,37.1,286,4.36,7.8,44,66,30,0.082,0.183,0.219,22.1,15.3,20.9,51,61,983.3
13,2025-04-14,18.4,25.6,11.5,0.00,0.00,0.00,0.0,46800.00,24.40,11.8,25.9,316,5.02,7.2,55,95,18,0.085,0.184,0.220,21.5,15.6,19.9,3,9,995.5
13,2025-04-15,19.4,26.9,12.5,0.00,0.00,0.00,0.0,40855.51,22.71,19.4,33.5,334,5.94,3.2,39,68,17,0.079,0.182,0.219,21.7,15.8,19.7,3,72,993.6
13,2025-04-16,16.0,21.9,8.9,0.00,0.00,0.00,0.0,46800.00,25.82,26.1,47.5,55,6.59,-2.3,31,57,16,0.078,0.180,0.219,19.0,15.9,18.9,3,23,992.4
13,2025-04-17,17.0,22.2,11.9,0.00,0.00,0.00,0.0,28537.95,16.96,24.8,45.0,55,5.77,-2.4,28,38,16,0.081,0.180,0.219,18.1,15.9,18.0,3,84,986.6
13,2025-04-18,15.3,20.3,10.6,0.00,0.00,0.00,0.0,43200.00,19.99,24.5,46.1,42,5.33,-2.2,32,51,16,0.080,0.180,0.219,17.1,15.7,17.4,3,99,989.3
13,2025-04-19,14.1,21.2,6.6,0.00,0.00,0.00,0.0,43260.83,24.25,12.7,27.7,19,4.83,-2.2,34,53,21,0.080,0.180,0.219,17.3,15.5,16.8,3,56,993.7
13,2025-04-20,16.2,24.0,6.0,0.00,0.00,0.00,0.0,46800.00,25.45,16.0,30.6,54,5.63,-0.7,37,68,16,0.080,0.179,0.220,18.6,15.4,17.3,1,5,994.8
13,2025-04-21,18.9,25.3,12.6,0.00,0.00,0.00,0.0,46800.00,23.46,19.6,36.7,75,6.09,0.3,30,41,18,0.077,0.177,0.219,20.6,15.4,18.4,3,30,994.2
13,2025-04-22,18.7,25.6,11.9,0.80,0.80,0.00,2.0,46800.00,23.37,18.0,27.7,76,5.24,4.3,40,66,24,0.080,0.176,0.218,21.6,15.6,19.4,53,36,995.4
13,2025-04-23,19.1,24.8,13.1,0.00,0.00,0.00,0.0,46800.00,23.71,10.9,20.2,79,5.00,5.4,43,65,25,0.082,0.175,0.218,21.9,15.8,19.8,2,22,994.6
13,2025-04-24,20.9,28.8,10.3,0.00,0.00,0.00,0.0,46800.00,25.47,17.0,31.3,71,6.41,3.8,37,69,17,0.078,0.175,0.218,22.5,16.1,20.0,3,15,991.4
13,2025-04-25,23.4,30.2,15.5,0.00,0.00,0.00,0.0,46800.00,25.79,18.1,29.2,95,6.77,2.5,28,45,11,0.081,0.174,0.217,24.4,16.4,21.3,3,61,986.2
13,2025-04-26,25.3,33.7,17.0,0.00,0.00,0.00,0.0,46800.00,22.55,15.2,32.4,148,6.77,5.0,29,47,13,0.080,0.173,0.217,25.2,16.8,22.3,3,36,985.0
13,2025-04-27,28.1,36.6,19.1,0.00,0.00,0.00,0.0,45613.11,23.14,23.6,46.1,174,8.17,6.0,27,44,14,0.078,0.172,0.216,27.3,17.3,23.5,3,35,985.7
13,2025-04-28,28.0,35.3,20.4,0.00,0.00,0.00,0.0,45783.30,20.98,13.8,23.4,73,6.46,8.2,30,45,17,0.079,0.172,0.217,28.4,17.9,24.6,3,72,985.7
13,2025-04-29,22.9,27.7,15.5,0.50,0.50,0.00,2.0,33459.14,17.52,22.1,40.7,358,5.67,8.2,39,49,33,0.081,0.172,0.216,25.8,18.5,24.5,51,68,989.7
13,2025-04-30,18.5,24.1,13.5,0.20,0.20,0.00,2.0,46800.00,25.28,24.3,40.7,51,6.75,2.6,36,56,24,0.094,0.174,0.218,22.2,18.8,22.5,51,50,993.9
13,2025-05-01,21.1,28.1,14.4,0.00,0.00,0.00,0.0,46800.00,25.05,20.2,33.1,8,6.22,4.2,34,45,20,0.087,0.174,0.218,23.6,18.8,21.9,3,31,990.8
13,2025-05-02,22.8,30.0,14.0,0.00,0.00,0.00,0.0,47052.10,26.41,18.9,34.6,0,6.52,5.7,36,66,19,0.081,0.173,0.218,25.0,18.9,22.6,3,9,992.6
13,2025-05-03,25.4,32.6,18.2,0.00,0.00,0.00,0.0,47349.12,27.35,26.8,50.0,63,9.22,2.1,23,33,13,0.082,0.173,0.218,26.1,19.1,23.6,0,1,990.9
13,2025-05-04,26.5,35.9,16.3,0.00,0.00,0.00,0.0,47648.46,27.62,15.7,24.1,356,7.18,1.8,23,43,5,0.078,0.173,0.218,27.6,19.3,24.4,3,21,985.2
13,2025-05-05,27.2,35.0,18.4,0.00,0.00,0.00,0.0,47277.80,26.29,18.4,32.0,34,7.23,4.2,24,34,16,0.076,0.171,0.217,28.9,19.7,25.5,2,29,986.2
13,2025-05-06,28.3,34.6,21.6,0.00,0.00,0.00,0.0,47580.48,26.28,29.0,52.2,61,10.52,1.7,19,27,11,0.079,0.170,0.216,28.8,20.2,26.2,3,47,983.4
13,2025-05-07,29.0,36.3,21.2,0.00,0.00,0.00,0.0,46800.00,26.48,23.4,38.2,61,9.22,3.1,20,26,12,0.080,0.170,0.216,29.8,20.6,26.6,3,58,977.1
13,2025-05-08,28.6,35.5,20.9,0.00,0.00,0.00,0.0,34305.16,23.02,27.7,43.6,322,8.13,5.2,24,35,12,0.077,0.168,0.215,29.9,21.1,27.1,3,78,978.0
13,2025-05-09,25.3,29.5,21.2,0.70,0.70,0.00,5.0,41808.83,22.32,24.1,46.4,242,6.51,9.5,39,59,23,0.083,0.166,0.213,27.7,21.4,26.6,51,51,986.3
13,2025-05-10,24.6,31.0,16.1,0.00,0.00,0.00,0.0,48134.73,25.15,11.2,27.0,343,6.23,8.0,38,69,18,0.080,0.166,0.212,27.3,21.6,25.6,2,22,990.4
13,2025-05-11,25.6,33.0,15.5,0.00,0.00,0.00,0.0,48106.52,26.95,14.2,24.8,13,6.98,6.9,34,66,18,0.075,0.166,0.212,28.5,21.7,25.9,0,0,990.1
13,2025-05-12,28.1,35.1,20.2,0.00,0.00,0.00,0.0,48420.61,27.68,27.3,48.2,60,9.58,4.4,23,34,14,0.078,0.165,0.211,28.9,21.9,26.6,0,0,986.3
13,2025-05-13,29.8,38.1,20.8,0.00,0.00,0.00,0.0,48736.92,28.25,18.8,33.5,64,8.35,2.4,19,34,7,0.075,0.165,0.211,30.6,22.1,27.4,0,0,982.5
13,2025-05-14,30.3,39.0,19.2,0.00,0.00,0.00,0.0,48953.40,27.98,13.2,23.0,86,7.43,4.1,21,35,9,0.073,0.166,0.211,31.6,22.5,28.4,0,0,982.4
13,2025-05-15,32.1,40.5,21.6,0.00,0.00,0.00,0.0,49244.70,28.14,13.7,24.8,66,8.29,3.4,18,32,7,0.073,0.166,0.211,32.8,22.9,29.2,0,0,984.8
13,2025-05-16,33.5,41.7,23.8,0.00,0.00,0.00,0.0,49193.90,28.11,15.2,27.4,75,8.53,4.1,17,27,7,0.073,0.166,0.211,33.8,23.4,30.2,0,0,982.7
13,2025-05-17,27.8,35.2,20.9,0.60,0.60,0.00,4.0,49334.51,26.95,38.2,56.9,322,8.78,8.0,30,52,20,0.078,0.167,0.212,30.8,23.9,30.1,51,11,981.6
13,2025-05-18,21.2,24.9,17.3,0.30,0.30,0.00,2.0,46143.81,19.51,26.4,48.2,281,5.12,9.9,49,62,38,0.095,0.168,0.213,24.9,24.1,27.3,51,21,989.0
13,2025-05-19,21.6,28.8,11.7,0.00,0.00,0.00,0.0,50091.17,28.08,20.7,36.4,51,7.05,4.8,38,75,19,0.092,0.168,0.213,25.0,23.8,24.9,0,2,991.4
13,2025-05-20,24.5,32.0,16.5,0.00,0.00,0.00,0.0,50744.81,28.48,21.8,40.0,39,8.16,1.7,25,38,11,0.085,0.167,0.212,26.9,23.4,25.4,2,8,987.6
13,2025-05-21,26.6,35.8,15.6,0.00,0.00,0.00,0.0,50703.60,27.74,18.1,26.3,77,7.19,3.6,26,46,11,0.081,0.166,0.212,28.6,23.3,26.1,3,12,986.9
13,2025-05-22,29.4,35.8,22.1,0.00,0.00,0.00,0.0,50312.38,26.66,23.3,44.3,331,9.27,5.0,22,31,14,0.078,0.165,0.211,30.9,23.4,28.1,3,27,983.6
13,2025-05-23,22.6,26.1,18.2,0.90,0.90,0.00,4.0,44823.09,19.35,30.2,45.4,326,5.71,6.1,35,45,23,0.083,0.166,0.212,26.1,23.6,27.1,53,29,987.2
13,2025-05-24,22.3,30.2,11.8,0.00,0.00,0.00,0.0,51417.58,28.32,11.0,21.6,27,6.41,4.0,34,64,16,0.089,0.165,0.212,25.7,23.5,25.1,3,13,988.2
13,2025-05-25,24.6,30.2,16.0,0.00,0.00,0.00,0.0,38539.86,22.15,11.8,24.8,9,6.57,3.2,26,38,16,0.081,0.164,0.210,26.5,23.3,25.6,3,86,984.1
13,2025-05-26,24.0,29.0,17.6,0.00,0.00,0.00,0.0,50687.65,27.64,20.2,38.5,347,7.64,3.0,28,46,13,0.080,0.164,0.210,27.4,23.3,26.2,3,43,987.5
13,2025-05-27,22.9,27.6,17.3,0.00,0.00,0.00,0.0,42668.02,25.17,38.2,67.7,59,9.66,0.7,24,34,14,0.082,0.163,0.210,25.3,23.3,25.5,3,80,988.1
13,2025-05-28,22.5,27.1,18.6,0.00,0.00,0.00,0.0,30756.80,18.05,26.3,45.7,71,7.48,1.9,26,33,19,0.082,0.162,0.209,24.3,23.1,24.7,3,80,987.6
13,2025-05-29,26.0,31.8,18.4,0.00,0.00,0.00,0.0,43511.23,27.10,26.6,46.4,66,9.79,-0.5,18,25,10,0.081,0.162,0.208,26.9,22.9,24.9,3,39,983.4
13,2025-05-30,25.0,29.6,19.5,0.00,0.00,0.00,0.0,35803.11,19.80,28.9,51.5,66,7.49,3.9,28,49,15,0.083,0.162,0.209,26.3,23.0,25.8,3,91,983.2
13,2025-05-31,25.3,32.4,16.8,0.00,0.00,0.00,0.0,51294.30,28.39,20.0,38.5,46,8.56,2.7,26,45,11,0.079,0.163,0.209,27.1,23.0,25.4,3,28,986.6
13,2025-06-01,26.0,33.7,14.9,0.00,0.00,0.00,0.0,52687.54,29.21,19.7,38.9,45,8.24,0.6,22,42,9,0.078,0.162,0.208,28.2,23.0,26.2,0,0,988.8
13,2025-06-02,27.6,35.7,15.2,0.00,0.00,0.00,0.0,52669.94,28.80,9.7,19.8,35,6.85,2.0,21,38,11,0.077,0.161,0.208,29.9,23.2,26.9,0,2,986.3
13,2025-06-03,29.3,36.8,18.1,0.00,0.00,0.00,0.0,52652.70,28.47,10.8,20.5,44,6.77,3.7,21,38,12,0.076,0.161,0.207,31.4,23.5,28.3,1,7,983.1
13,2025-06-04,31.1,38.5,21.9,0.00,0.00,0.00,0.0,52222.14,28.50,13.3,26.3,63,8.29,3.6,19,27,10,0.077,0.161,0.207,32.6,23.9,29.4,3,27,979.6
13,2025-06-05,31.9,39.7,22.9,0.00,0.00,0.00,0.0,44510.94,26.12,15.2,28.1,73,7.99,5.1,20,28,11,0.077,0.162,0.207,33.6,24.4,30.3,3,64,978.2
13,2025-06-06,30.0,32.6,26.9,0.00,0.00,0.00,0.0,35318.19,18.35,26.7,45.0,182,8.29,6.0,22,31,16,0.076,0.161,0.207,31.8,24.9,30.6,3,93,979.7
13,2025-06-07,28.0,33.4,22.8,0.00,0.00,0.00,0.0,50962.42,24.45,26.6,48.6,213,7.89,9.4,33,51,19,0.077,0.161,0.207,30.6,25.2,29.5,3,39,986.0
13,2025-06-08,28.2,34.5,20.3,0.00,0.00,0.00,0.0,53294.40,28.20,16.1,25.6,35,7.60,7.7,29,44,18,0.073,0.160,0.206,31.7,25.4,29.2,3,9,987.9
13,2025-06-09,27.3,32.7,22.8,0.00,0.00,0.00,0.0,20891.74,14.85,20.0,34.2,3,6.03,7.7,30,45,20,0.073,0.160,0.206,29.6,25.6,29.5,3,85,985.8
13,2025-06-10,27.5,34.3,19.6,0.20,0.20,0.00,1.0,51911.32,24.30,12.1,23.0,142,5.96,10.5,37,57,20,0.076,0.161,0.207,30.8,25.6,28.8,51,32,985.0
13,2025-06-11,27.3,32.8,20.9,0.30,0.30,0.00,3.0,50860.00,24.37,14.4,23.8,96,6.22,10.4,36,54,21,0.076,0.161,0.207,31.5,25.8,29.7,51,57,985.7
13,2025-06-12,28.4,33.6,22.0,0.00,0.00,0.00,0.0,48631.99,22.27,13.8,28.1,0,6.68,10.6,35,51,21,0.075,0.160,0.206,31.5,26.0,30.1,3,78,986.2
13,2025-06-13,29.2,35.7,21.6,0.00,0.00,0.00,0.0,52657.79,27.01,13.5,24.1,63,7.24,9.2,33,55,15,0.075,0.161,0.206,32.5,26.1,30.2,2,19,987.0
13,2025-06-14,30.1,37.1,20.2,0.00,0.00,0.00,0.0,53542.60,28.61,14.8,28.1,352,8.15,7.8,28,52,14,0.078,0.160,0.206,32.7,26.4,30.6,0,0,984.6
13,2025-06-15,31.1,37.5,23.0,0.00,0.00,0.00,0.0,53486.18,28.70,21.5,41.0,34,9.36,7.4,25,42,14,0.074,0.159,0.205,33.2,26.6,31.1,0,0,982.3
13,2025-06-16,32.2,38.7,23.9,0.00,0.00,0.00,0.0,53440.10,28.71,24.7,45.7,52,10.15,7.3,23,35,14,0.075,0.158,0.205,33.7,26.9,31.4,0,0,980.1
13,2025-06-17,32.8,40.2,23.7,0.00,0.00,0.00,0.0,53714.06,28.82,13.5,28.8,42,8.60,7.2,22,34,11,0.075,0.158,0.204,34.5,27.1,31.9,0,1,977.6
13,2025-06-18,33.5,41.8,23.3,0.00,0.00,0.00,0.0,52719.21,27.89,10.7,18.4,77,7.61,7.8,22,35,12,0.075,0.158,0.204,35.7,27.4,32.8,3,11,976.6
13,2025-06-19,30.3,33.6,25.2,0.00,0.00,0.00,0.0,51667.88,20.78,18.9,42.1,326,8.16,9.2,28,38,19,0.076,0.158,0.204,33.2,27.8,32.9,3,40,978.9
13,2025-06-20,28.7,35.2,19.5,0.00,0.00,0.00,0.0,53906.60,27.92,17.7,33.1,320,8.34,6.5,27,44,14,0.077,0.158,0.204,32.0,28.0,31.4,1,6,983.2
13,2025-06-21,30.1,37.3,20.3,0.00,0.00,0.00,0.0,53873.46,28.89,15.4,25.9,35,8.51,6.9,25,43,15,0.077,0.158,0.203,33.3,28.0,31.4,0,0,983.5
13,2025-06-22,32.7,39.4,25.4,0.00,0.00,0.00,0.0,53844.88,28.21,18.3,31.7,29,9.21,7.0,22,33,12,0.076,0.157,0.203,35.1,28.2,32.5,2,7,979.9
13,2025-06-23,30.9,37.1,22.6,0.00,0.00,0.00,0.0,53820.81,26.25,20.5,37.8,342,8.35,8.5,26,38,16,0.082,0.159,0.204,33.8,28.4,32.7,2,9,979.7
13,2025-06-24,32.0,39.0,24.2,0.00,0.00,0.00,0.0,49416.56,24.11,17.5,30.2,57,7.93,9.1,25,42,16,0.079,0.159,0.204,34.2,28.5,32.4,3,18,977.3
13,2025-06-25,30.8,36.7,24.4,0.00,0.00,0.00,0.0,51634.15,25.34,22.3,38.2,318,8.35,8.0,25,34,16,0.078,0.159,0.204,34.5,28.7,32.9,3,29,976.9
13,2025-06-26,24.2,29.8,17.3,0.00,0.00,0.00,0.0,54000.00,29.02,18.4,36.0,300,7.49,8.8,40,65,25,0.082,0.158,0.203,30.2,28.8,31.7,0,0,984.3
13,2025-06-27,26.8,33.5,17.2,0.00,0.00,0.00,0.0,54000.00,29.16,10.0,20.2,10,6.78,6.7,30,51,18,0.078,0.158,0.203,31.4,28.7,30.4,0,0,983.8
13,2025-06-28,28.8,36.9,18.6,0.00,0.00,0.00,0.0,51640.81,28.78,26.1,48.2,297,9.18,6.0,26,46,12,0.076,0.157,0.202,32.3,28.6,31.0,2,9,977.8
13,2025-06-29,26.0,31.7,19.1,0.00,0.00,0.00,0.0,54000.00,29.22,17.3,32.8,306,7.91,6.2,29,42,18,0.081,0.157,0.202,31.0,28.5,31.0,0,0,978.4
13,2025-06-30,26.8,33.3,18.2,0.00,0.00,0.00,0.0,54000.00,28.53,15.5,29.5,325,7.70,5.9,29,47,17,0.079,0.157,0.202,30.9,28.4,30.3,2,10,977.1
13,2025-07-01,28.1,36.0,17.2,0.00,0.00,0.00,0.0,50739.81,29.13,9.9,23.0,343,7.53,4.4,24,43,13,0.078,0.157,0.202,31.8,28.4,30.6,3,17,979.4
13,2025-07-02,31.3,39.3,21.0,0.00,0.00,0.00,0.0,54000.00,28.98,13.0,25.9,49,8.35,6.6,23,38,13,0.078,0.158,0.203,33.5,28.4,31.6,0,0,980.1
13,2025-07-03,34.3,41.1,26.6,0.00,0.00,0.00,0.0,54000.00,29.15,21.7,37.8,61,10.26,6.6,19,30,11,0.076,0.159,0.203,35.6,28.6,32.9,0,0,979.1
13,2025-07-04,36.1,43.7,27.9,0.00,0.00,0.00,0.0,54000.00,28.63,23.6,36.7,23,9.93,7.4,18,25,10,0.075,0.159,0.203,37.3,28.9,34.1,0,0,976.8
13,2025-07-05,32.7,38.0,27.2,0.00,0.00,0.00,0.0,54000.00,28.73,18.8,31.7,356,9.08,8.6,24,34,15,0.074,0.158,0.203,37.2,29.4,35.0,0,0,978.0
13,2025-07-06,31.7,38.2,22.9,0.00,0.00,0.00,0.0,53955.68,29.13,19.2,35.6,37,9.56,5.9,21,35,12,0.075,0.158,0.203,34.9,29.8,34.0,2,8,977.9
13,2025-07-07,31.8,37.5,24.9,0.00,0.00,0.00,0.0,53688.54,28.44,16.2,33.8,27,9.55,6.1,21,30,13,0.074,0.157,0.202,34.8,29.9,33.7,2,9,977.4
13,2025-07-08,32.1,38.4,24.3,0.00,0.00,0.00,0.0,53970.58,27.06,16.0,29.2,4,9.01,7.3,23,33,14,0.075,0.157,0.202,34.9,30.1,33.6,2,26,977.7
13,2025-07-09,30.7,36.8,23.4,0.00,0.00,0.00,0.0,53648.63,28.52,24.1,35.6,314,9.66,6.8,24,39,13,0.077,0.157,0.202,34.6,30.2,33.7,1,9,977.0
13,2025-07-10,26.9,31.8,20.5,0.00,0.00,0.00,0.0,51779.67,27.57,19.7,37.4,333,8.46,6.3,28,42,19,0.076,0.156,0.201,31.8,30.3,32.7,3,11,980.5
13,2025-07-11,27.0,33.7,18.5,0.00,0.00,0.00,0.0,53839.55,28.36,15.0,32.0,41,7.55,8.3,33,53,19,0.074,0.156,0.201,31.4,30.1,31.4,1,5,985.3
13,2025-07-12,29.8,36.2,21.4,0.00,0.00,0.00,0.0,53792.71,29.03,20.7,40.7,49,9.38,6.1,24,42,13,0.073,0.155,0.200,32.4,30.0,31.7,0,0,984.2
13,2025-07-13,31.6,39.2,22.3,0.00,0.00,0.00,0.0,53744.44,28.75,15.5,28.8,24,8.78,5.4,21,31,11,0.074,0.155,0.200,34.1,29.9,32.5,1,3,979.8
13,2025-07-14,32.0,38.5,24.0,0.00,0.00,0.00,0.0,53694.85,28.10,18.1,28.8,323,8.73,7.6,23,35,14,0.076,0.154,0.199,35.1,30.0,33.4,0,1,977.9
13,2025-07-15,30.7,37.6,21.9,0.00,0.00,0.00,0.0,53618.48,28.86,12.5,20.2,334,6.96,7.6,25,41,12,0.084,0.155,0.200,34.5,30.2,33.5,0,0,977.4
13,2025-07-16,32.3,38.7,24.4,0.00,0.00,0.00,0.0,53525.87,28.97,17.3,26.3,3,9.24,4.8,19,28,10,0.080,0.156,0.201,35.0,30.3,33.6,0,0,978.4
13,2025-07-17,32.1,39.1,23.0,0.00,0.00,0.00,0.0,53315.24,28.52,15.2,31.7,335,8.72,6.9,23,38,12,0.078,0.156,0.200,35.0,30.5,33.8,0,0,981.5
13,2025-07-18,33.8,42.2,23.1,0.00,0.00,0.00,0.0,52936.27,28.16,11.8,25.9,50,8.40,7.2,21,36,12,0.078,0.155,0.200,36.0,30.6,34.1,0,1,980.7
13,2025-07-19,35.8,43.7,25.9,0.00,0.00,0.00,0.0,52016.04,27.33,22.1,36.4,32,7.71,8.1,20,31,10,0.077,0.156,0.200,38.1,30.9,35.1,0,2,977.2
13,2025-07-20,34.5,39.5,28.9,0.00,0.00,0.00,0.0,52177.52,28.02,25.3,43.2,42,11.11,11.3,25,34,17,0.077,0.155,0.199,37.7,31.2,35.8,0,1,977.1
13,2025-07-21,33.7,39.0,27.6,0.00,0.00,0.00,0.0,52148.37,28.22,34.2,60.1,55,12.74,9.0,24,38,13,0.078,0.155,0.199,35.9,31.5,35.3,0,0,979.1
13,2025-07-22,34.6,41.3,27.2,0.00,0.00,0.00,0.0,52117.71,28.69,35.1,61.6,58,14.02,4.2,16,23,10,0.078,0.155,0.199,35.8,31.6,34.7,0,0,977.9
13,2025-07-23,34.3,41.0,26.6,0.00,0.00,0.00,0.0,52085.35,28.84,27.8,46.4,50,11.94,3.9,15,22,11,0.076,0.154,0.198,36.2,31.7,34.8,0,0,973.2
13,2025-07-24,33.6,40.1,25.5,0.00,0.00,0.00,0.0,51702.89,28.58,20.9,33.8,41,9.43,3.9,17,26,9,0.076,0.154,0.198,36.4,31.8,35.0,0,0,973.0
13,2025-07-25,31.7,39.9,21.9,0.00,0.00,0.00,0.0,50850.05,27.73,25.6,43.9,323,8.93,7.3,23,34,13,0.077,0.155,0.198,35.0,31.9,34.6,2,4,973.9
13,2025-07-26,33.1,41.0,24.3,0.00,0.00,0.00,0.0,50200.90,24.82,24.3,46.1,266,9.07,8.7,24,39,10,0.077,0.154,0.198,35.8,31.9,34.6,2,14,974.7
13,2025-07-27,29.8,35.3,23.6,0.00,0.00,0.00,0.0,49902.15,26.47,18.8,32.4,321,7.89,10.0,31,46,18,0.077,0.154,0.198,34.4,31.9,34.4,1,11,978.6
13,2025-07-28,28.6,34.3,23.4,0.10,0.10,0.00,1.0,49259.56,24.17,23.3,46.8,317,7.84,7.1,27,37,16,0.079,0.154,0.197,32.6,31.9,33.5,51,32,977.6
13,2025-07-29,27.5,34.7,18.8,0.00,0.00,0.00,0.0,49655.15,27.55,20.6,37.1,254,7.50,5.6,27,46,13,0.081,0.153,0.197,31.5,31.7,32.3,0,0,978.2
13,2025-07-30,27.8,33.2,20.9,0.00,0.00,0.00,0.0,47992.64,26.47,17.7,34.6,313,7.66,7.7,29,37,23,0.079,0.153,0.196,31.4,31.4,31.8,1,9,977.5
13,2025-07-31,28.2,34.5,19.5,0.00,0.00,0.00,0.0,48391.00,25.01,14.6,28.1,303,6.45,9.7,33,53,21,0.078,0.153,0.196,32.2,31.2,31.9,1,16,978.5
13,2025-08-01,24.8,29.2,20.2,1.40,1.40,0.00,4.0,45012.11,17.74,18.2,50.4,269,4.43,13.0,49,73,36,0.086,0.153,0.197,29.3,31.0,31.5,53,40,977.4
13,2025-08-02,24.9,31.2,17.3,0.00,0.00,0.00,0.0,46061.80,21.32,13.6,28.4,296,5.40,12.2,49,78,27,0.094,0.154,0.197,28.5,30.7,29.8,2,19,983.6
13,2025-08-03,27.9,34.8,19.3,0.00,0.00,0.00,0.0,47885.10,24.51,11.6,21.6,4,5.98,12.0,40,69,23,0.086,0.152,0.196,31.4,30.4,30.4,3,20,984.0
13,2025-08-04,29.8,35.1,23.4,0.00,0.00,0.00,0.0,47946.80,26.60,15.7,28.1,27,8.33,8.0,27,39,18,0.082,0.150,0.195,33.0,30.3,31.7,2,5,984.4
13,2025-08-05,29.0,34.8,22.2,0.00,0.00,0.00,0.0,47670.38,26.72,23.5,41.8,52,9.34,5.9,25,40,14,0.083,0.151,0.195,31.8,30.3,31.9,0,0,984.9
13,2025-08-06,28.6,34.8,21.2,0.00,0.00,0.00,0.0,47397.53,27.30,19.7,34.9,49,9.13,2.0,19,33,10,0.084,0.151,0.195,31.3,30.3,31.5,3,26,984.1
13,2025-08-07,28.7,35.2,21.4,0.00,0.00,0.00,0.0,47126.98,23.23,16.8,27.7,38,7.98,1.0,18,28,10,0.081,0.152,0.195,31.1,30.2,31.2,3,40,981.6
13,2025-08-08,29.4,37.4,19.2,0.00,0.00,0.00,0.0,47095.74,26.00,11.9,19.1,25,6.62,6.7,25,37,14,0.078,0.152,0.195,32.2,30.2,31.2,0,0,981.9
13,2025-08-09,31.0,39.5,20.7,0.00,0.00,0.00,0.0,46800.00,26.07,15.1,29.2,327,7.43,8.1,28,51,10,0.077,0.152,0.195,33.5,30.2,32.2,0,0,982.9
13,2025-08-10,31.9,38.5,24.1,0.00,0.00,0.00,0.0,46837.90,23.08,17.0,34.9,336,7.64,10.4,28,44,17,0.075,0.151,0.194,34.6,30.4,33.2,2,12,983.3
13,2025-08-11,32.4,39.3,24.4,0.00,0.00,0.00,0.0,46877.57,25.44,12.7,24.5,341,7.45,9.6,26,39,14,0.075,0.152,0.194,35.1,30.6,33.6,0,0,982.2
13,2025-08-12,29.5,35.5,23.7,0.00,0.00,0.00,0.0,46800.00,25.61,13.2,27.7,348,7.33,8.8,29,46,15,0.077,0.153,0.195,33.7,30.9,33.7,1,3,983.3
13,2025-08-13,28.4,35.9,19.0,0.00,0.00,0.00,0.0,46800.00,26.07,17.6,30.2,327,7.75,5.2,25,43,13,0.077,0.152,0.195,32.0,31.0,32.5,0,0,983.2
13,2025-08-14,28.0,34.3,22.1,0.00,0.00,0.00,0.0,46800.00,25.21,24.0,45.4,295,8.05,5.8,26,43,13,0.077,0.152,0.195,31.1,31.0,32.0,0,2,983.2
13,2025-08-15,25.7,32.4,17.8,0.00,0.00,0.00,0.0,46800.00,25.12,18.0,36.7,288,6.81,5.8,30,44,17,0.079,0.151,0.194,29.5,30.8,30.8,1,2,984.3
13,2025-08-16,24.9,32.2,17.8,0.00,0.00,0.00,0.0,46800.00,23.95,29.6,55.1,291,7.07,6.6,33,49,17,0.078,0.151,0.194,28.7,30.6,30.0,2,6,980.9
13,2025-08-17,23.7,30.3,15.6,0.00,0.00,0.00,0.0,43651.39,23.42,14.2,29.5,308,5.88,7.4,38,63,21,0.078,0.151,0.194,27.7,30.3,29.2,2,12,984.7
13,2025-08-18,25.4,32.3,17.1,0.00,0.00,0.00,0.0,46800.00,22.87,13.8,30.6,344,6.09,6.2,32,51,16,0.077,0.151,0.194,28.6,30.0,29.1,1,9,987.4
13,2025-08-19,27.8,34.6,20.3,0.00,0.00,0.00,0.0,46800.00,24.96,20.1,34.9,56,8.37,4.1,23,33,15,0.081,0.151,0.194,29.8,29.8,29.7,0,0,984.5
13,2025-08-20,28.8,35.5,21.4,0.00,0.00,0.00,0.0,46800.00,24.65,17.8,28.8,345,7.69,3.9,21,31,12,0.078,0.151,0.193,31.2,29.7,30.6,0,0,980.6
13,2025-08-21,28.3,36.6,19.4,0.00,0.00,0.00,0.0,46800.00,23.87,18.6,33.5,313,7.39,5.7,25,41,14,0.077,0.151,0.193,31.1,29.7,30.8,1,5,981.9
13,2025-08-22,27.7,35.0,18.2,0.00,0.00,0.00,0.0,46800.00,24.61,19.6,31.7,8,7.00,3.1,23,38,10,0.077,0.151,0.193,30.9,29.8,30.8,3,23,981.3
13,2025-08-23,26.9,31.4,23.7,1.00,1.00,0.00,6.0,42809.31,18.91,23.4,38.2,53,7.41,8.9,33,42,22,0.082,0.152,0.194,30.2,29.8,30.8,53,37,980.5
13,2025-08-24,27.3,33.3,20.9,0.00,0.00,0.00,0.0,46800.00,23.98,28.8,50.8,61,9.16,7.1,29,44,17,0.080,0.152,0.194,29.3,29.8,29.8,0,0,984.3
13,2025-08-25,29.9,36.7,22.6,0.00,0.00,0.00,0.0,46800.00,24.16,28.9,51.5,63,10.12,5.6,23,36,12,0.078,0.152,0.194,30.8,29.7,30.1,0,0,983.9
13,2025-08-26,30.6,37.1,23.6,0.00,0.00,0.00,0.0,46800.00,24.20,30.0,53.3,62,11.03,4.8,21,32,11,0.078,0.151,0.194,31.4,29.7,30.9,0,0,984.3
13,2025-08-27,29.9,36.3,23.4,0.00,0.00,0.00,0.0,46800.00,24.26,32.6,58.0,61,11.21,3.6,20,32,9,0.077,0.151,0.193,31.3,29.8,31.1,0,0,984.4
13,2025-08-28,30.2,37.3,23.5,0.00,0.00,0.00,0.0,46800.00,24.00,29.1,52.6,58,10.57,2.6,18,27,9,0.077,0.150,0.192,31.1,29.9,30.9,0,0,983.7
13,2025-08-29,30.4,38.5,23.1,0.00,0.00,0.00,0.0,46800.00,23.42,18.0,28.4,47,7.85,3.9,21,32,8,0.076,0.150,0.192,31.9,29.9,31.2,0,0,983.8
13,2025-08-30,27.4,34.4,21.2,0.00,0.00,0.00,0.0,46800.00,23.48,23.2,44.3,331,8.63,2.6,23,37,10,0.078,0.150,0.192,29.9,30.0,31.0,0,0,986.7
13,2025-08-31,22.7,28.3,16.9,0.00,0.00,0.00,0.0,46747.31,23.65,24.3,43.6,49,7.56,0.5,25,40,13,0.080,0.150,0.192,26.5,29.9,29.2,0,0,990.6
13,2025-09-01,24.3,31.9,16.7,0.00,0.00,0.00,0.0,46644.69,22.78,20.5,37.1,46,7.39,1.9,24,39,14,0.084,0.150,0.192,26.4,29.6,27.8,0,0,985.7
13,2025-09-02,24.4,32.2,16.4,0.00,0.00,0.00,0.0,46542.03,22.32,23.1,37.8,51,6.85,5.0,31,48,18,0.078,0.149,0.191,27.3,29.3,27.9,0,0,983.4
13,2025-09-03,22.8,28.6,17.3,0.00,0.00,0.00,0.0,46439.44,23.25,36.9,64.4,62,9.54,-0.3,23,35,13,0.080,0.148,0.191,25.5,29.0,27.7,0,0,986.2
13,2025-09-04,25.6,33.1,18.7,0.00,0.00,0.00,0.0,46336.75,22.89,34.0,59.4,71,10.41,-0.1,20,30,9,0.079,0.149,0.191,26.8,28.8,27.3,0,0,982.7
13,2025-09-05,26.9,36.0,18.6,0.00,0.00,0.00,0.0,46223.96,22.22,21.7,34.9,64,6.94,1.5,21,31,9,0.077,0.149,0.191,28.5,28.6,28.2,0,0,981.3
13,2025-09-06,26.3,34.9,17.4,0.00,0.00,0.00,0.0,46053.82,20.82,10.6,23.4,230,5.25,1.9,22,33,10,0.078,0.151,0.193,27.8,28.5,28.4,1,9,984.0
13,2025-09-07,25.1,31.5,19.3,0.00,0.00,0.00,0.0,45450.87,20.75,18.2,37.1,315,5.93,5.0,28,38,18,0.078,0.150,0.192,27.8,28.5,28.6,0,3,983.4
13,2025-09-08,23.3,29.4,16.3,0.00,0.00,0.00,0.0,45119.26,21.23,22.5,42.5,300,6.13,6.0,35,52,20,0.080,0.151,0.193,26.1,28.5,27.8,0,0,983.4
13,2025-09-09,21.8,28.8,14.5,0.00,0.00,0.00,0.0,43592.17,20.99,10.5,24.8,301,4.80,6.3,39,62,20,0.081,0.150,0.193,25.7,28.3,27.1,3,16,986.9
13,2025-09-10,21.4,29.1,13.9,0.00,0.00,0.00,0.0,44459.01,21.15,16.9,33.1,312,5.43,4.9,38,63,17,0.083,0.151,0.193,24.5,28.1,26.6,0,0,986.9
13,2025-09-11,21.0,28.1,13.2,0.00,0.00,0.00,0.0,43814.33,20.97,16.2,26.3,9,5.08,2.5,33,53,13,0.083,0.150,0.193,24.3,27.9,26.1,0,0,988.2
13,2025-09-12,23.9,31.1,16.5,0.00,0.00,0.00,0.0,43486.37,19.92,17.9,29.9,51,6.77,1.8,25,37,15,0.085,0.150,0.193,25.5,27.6,26.2,0,2,985.2
13,2025-09-13,23.9,28.9,19.5,0.00,0.00,0.00,0.0,24946.98,14.58,21.3,35.3,59,6.62,2.3,25,31,18,0.081,0.149,0.192,25.6,27.5,26.7,3,38,985.3
13,2025-09-14,23.9,31.2,16.7,0.00,0.00,0.00,0.0,42748.61,19.70,19.5,36.4,67,5.77,4.4,29,40,18,0.080,0.147,0.191,26.2,27.4,26.6,0,0,989.1
13,2025-09-15,21.2,26.9,15.7,0.00,0.00,0.00,0.0,41287.51,16.35,18.0,34.9,330,4.74,7.3,41,54,31,0.084,0.148,0.192,24.1,27.4,26.5,2,18,987.5
13,2025-09-16,17.2,21.5,12.0,0.00,0.00,0.00,0.0,41028.26,16.73,20.3,38.5,293,4.03,5.4,47,63,29,0.087,0.149,0.192,21.3,27.2,24.9,2,25,990.5
13,2025-09-17,16.1,23.5,8.1,0.00,0.00,0.00,0.0,41982.81,18.98,9.2,22.7,158,3.80,2.3,43,69,21,0.089,0.149,0.193,19.6,26.7,22.9,1,13,991.1
13,2025-09-18,16.7,23.6,9.3,0.00,0.00,0.00,0.0,41384.65,18.04,16.2,31.7,308,4.15,2.5,42,65,22,0.090,0.150,0.194,19.6,26.2,22.5,2,21,989.4
13,2025-09-19,16.5,23.6,8.7,0.00,0.00,0.00,0.0,41417.56,19.43,13.2,22.3,347,3.84,3.1,43,70,25,0.085,0.150,0.194,19.7,25.8,22.2,0,1,990.8
13,2025-09-20,20.5,27.7,12.6,0.00,0.00,0.00,0.0,41450.76,19.54,24.9,44.6,65,6.92,1.6,31,51,16,0.085,0.149,0.194,21.2,25.4,22.5,1,1,986.7
13,2025-09-21,22.8,30.6,15.6,0.00,0.00,0.00,0.0,40853.47,16.23,23.6,38.9,76,5.63,2.2,27,39,14,0.082,0.148,0.193,23.4,25.2,23.6,3,26,983.4
13,2025-09-22,21.2,25.8,17.1,0.00,0.00,0.00,0.0,40571.69,18.19,26.1,47.2,239,5.52,5.8,37,54,27,0.083,0.148,0.193,23.0,25.2,24.2,1,3,987.0
13,2025-09-23,19.8,26.1,14.8,0.00,0.00,0.00,0.0,40290.01,18.12,17.8,34.9,286,4.71,5.2,41,62,20,0.083,0.148,0.193,22.2,25.2,23.9,1,5,994.9
13,2025-09-24,20.8,28.4,12.3,0.00,0.00,0.00,0.0,40323.95,18.28,26.5,43.6,59,6.31,2.2,33,56,17,0.079,0.147,0.193,22.0,25.1,23.3,0,0,992.6
13,2025-09-25,22.6,29.6,17.3,0.00,0.00,0.00,0.0,40358.14,18.08,28.2,50.8,79,6.83,2.0,27,37,16,0.078,0.147,0.193,23.5,25.0,24.0,1,1,982.9
13,2025-09-26,21.8,29.3,15.6,0.00,0.00,0.00,0.0,39600.00,17.50,23.6,43.6,199,5.47,1.6,28,41,15,0.078,0.147,0.192,22.9,25.0,24.0,3,26,985.3
13,2025-09-27,20.7,29.9,13.3,0.00,0.00,0.00,0.0,40111.28,17.71,12.2,26.6,192,4.35,2.1,32,50,14,0.078,0.146,0.192,22.0,25.0,23.6,0,0,991.1
13,2025-09-28,21.0,29.7,12.4,0.00,0.00,0.00,0.0,39829.86,17.22,14.2,18.7,56,4.30,2.6,32,50,18,0.077,0.146,0.192,22.6,24.9,23.4,3,13,992.3
13,2025-09-29,17.4,22.3,13.7,0.30,0.30,0.00,3.0,30786.11,10.36,18.4,37.8,328,2.70,8.2,55,65,40,0.082,0.147,0.193,20.2,24.9,23.3,51,61,990.9
13,2025-09-30,15.3,21.5,7.9,0.00,0.00,0.00,0.0,39600.00,15.87,10.6,24.5,318,3.38,2.9,50,86,19,0.084,0.148,0.194,18.7,24.6,21.7,3,61,988.2
13,2025-10-01,13.3,17.0,8.3,0.00,0.00,0.00,0.0,31758.89,14.79,19.5,32.4,58,3.96,-2.2,35,49,20,0.083,0.148,0.195,17.6,24.3,21.2,3,80,991.0
13,2025-10-02,12.3,20.2,5.0,0.00,0.00,0.00,0.0,39653.28,17.20,16.4,24.1,47,4.07,-5.1,32,50,14,0.087,0.149,0.196,15.1,23.9,19.1,0,0,994.5
13,2025-10-03,14.4,22.2,6.3,0.00,0.00,0.00,0.0,39600.00,16.82,17.2,28.1,52,4.22,-4.5,29,45,15,0.086,0.148,0.196,16.1,23.4,18.8,0,0,998.1
13,2025-10-04,15.9,23.9,7.6,0.00,0.00,0.00,0.0,39501.37,16.52,22.3,33.1,56,5.20,-3.6,28,44,14,0.085,0.148,0.196,16.9,23.0,19.1,3,42,996.7
13,2025-10-05,15.1,20.3,11.0,0.00,0.00,0.00,0.0,39394.21,16.45,31.2,55.4,58,5.96,-3.8,27,34,21,0.078,0.146,0.195,17.3,22.7,19.3,3,36,997.1
13,2025-10-06,14.5,23.1,8.0,0.00,0.00,0.00,0.0,39287.64,16.20,24.5,40.3,61,5.21,-6.0,26,38,13,0.080,0.146,0.195,16.2,22.4,18.6,0,0,994.9
13,2025-10-07,15.4,24.3,7.4,0.00,0.00,0.00,0.0,39181.79,14.96,18.3,31.3,59,4.04,-6.9,22,34,10,0.076,0.144,0.194,16.6,22.1,18.6,3,50,991.4
13,2025-10-08,15.3,23.5,8.1,0.00,0.00,0.00,0.0,38967.39,15.78,19.6,31.3,61,5.02,-5.6,24,33,15,0.071,0.142,0.193,16.7,21.9,18.9,1,3,991.4
13,2025-10-09,16.1,22.9,10.5,0.00,0.00,0.00,0.0,38380.91,15.26,23.6,38.2,61,5.36,-3.6,26,34,20,0.070,0.141,0.192,17.3,21.7,18.9,3,26,991.0
13,2025-10-10,16.5,24.2,11.8,0.00,0.00,0.00,0.0,38115.07,15.10,21.5,37.1,65,5.71,-6.3,21,28,12,0.067,0.139,0.191,17.7,21.6,19.1,1,2,991.4
13,2025-10-11,17.0,26.5,8.7,0.00,0.00,0.00,0.0,37524.75,14.90,14.6,23.4,102,3.80,-3.5,25,33,15,0.067,0.137,0.189,17.8,21.5,19.1,1,5,987.0
13,2025-10-12,16.7,23.4,11.6,0.00,0.00,0.00,0.0,37255.70,12.45,10.8,23.8,233,3.58,-1.9,29,41,18,0.066,0.135,0.186,17.7,21.5,19.4,2,27,987.4
13,2025-10-13,14.9,23.1,7.6,0.00,0.00,0.00,0.0,36985.11,14.29,14.0,23.0,344,3.40,-1.7,33,45,21,0.069,0.135,0.187,16.2,21.4,18.7,0,0,994.6
13,2025-10-14,17.3,24.2,10.9,0.00,0.00,0.00,0.0,36712.97,14.27,27.1,47.2,60,5.82,-2.5,27,38,17,0.068,0.133,0.185,17.4,21.3,18.8,2,2,993.8
13,2025-10-15,15.4,21.5,11.9,0.00,0.00,0.00,0.0,36439.75,14.03,28.3,47.5,64,5.70,-3.7,27,36,20,0.067,0.132,0.185,17.3,21.2,18.9,2,7,993.7
13,2025-10-16,15.3,23.9,8.5,0.00,0.00,0.00,0.0,36346.93,13.56,14.4,23.0,15,3.37,-6.8,23,31,11,0.071,0.132,0.187,16.3,21.1,18.4,3,46,990.2
13,2025-10-17,16.2,24.6,9.7,0.00,0.00,0.00,0.0,36216.42,13.23,11.1,23.0,276,3.11,-1.9,30,44,19,0.071,0.131,0.186,16.4,21.0,18.1,3,32,992.8
13,2025-10-18,13.3,20.4,7.1,0.00,0.00,0.00,0.0,36000.00,13.10,18.1,32.4,302,3.48,-2.1,37,52,19,0.069,0.130,0.185,15.3,20.8,18.0,1,16,996.6
13,2025-10-19,9.6,16.7,3.1,0.00,0.00,0.00,0.0,36000.00,13.41,12.6,19.4,308,2.51,-4.1,40,60,23,0.071,0.129,0.185,13.0,20.6,16.8,0,0,997.3
13,2025-10-20,12.3,21.3,3.6,0.00,0.00,0.00,0.0,36000.00,13.29,17.2,27.0,54,3.49,-5.4,31,48,16,0.071,0.129,0.184,13.1,20.3,15.9,3,28,993.4
13,2025-10-21,14.4,22.6,8.2,0.00,0.00,0.00,0.0,35987.85,12.50,14.6,22.7,58,2.80,-1.3,35,44,25,0.070,0.129,0.183,14.7,20.0,16.7,3,48,991.4
13,2025-10-22,13.6,22.4,5.9,0.00,0.00,0.00,0.0,36000.00,12.69,10.6,16.9,65,2.57,-1.7,38,61,19,0.070,0.127,0.182,14.3,19.8,16.7,0,0,995.1
13,2025-10-23,16.8,25.5,8.2,0.00,0.00,0.00,0.0,32922.75,11.36,19.6,22.3,75,3.61,-1.7,31,46,16,0.068,0.127,0.181,16.2,19.7,16.9,3,90,994.0
13,2025-10-24,19.3,27.1,12.1,0.00,0.00,0.00,0.0,26383.96,9.58,13.1,22.0,118,3.09,0.6,30,40,16,0.067,0.127,0.179,18.3,19.7,18.5,3,94,989.7
13,2025-10-25,16.5,22.2,11.0,0.00,0.00,0.00,0.0,28956.21,9.29,8.4,17.6,263,2.34,0.4,35,51,20,0.067,0.127,0.178,16.9,19.8,18.5,3,61,988.4
13,2025-10-26,14.0,20.9,9.0,0.00,0.00,0.00,0.0,30520.45,10.84,11.1,22.0,312,2.56,-0.3,39,50,24,0.070,0.127,0.179,14.8,19.8,17.3,3,60,990.0
13,2025-10-27,13.0,21.9,6.3,0.00,0.00,0.00,0.0,35973.51,11.83,18.0,26.6,65,3.04,0.3,46,70,19,0.070,0.126,0.178,13.8,19.7,16.7,3,27,990.9
13,2025-10-28,12.4,16.4,9.7,1.10,1.10,0.00,5.0,5947.96,4.80,15.7,24.8,70,1.68,3.1,56,86,31,0.075,0.126,0.178,13.1,19.5,16.3,51,76,989.1
13,2025-10-29,12.9,19.3,7.4,0.00,0.00,0.00,0.0,35797.81,10.80,13.7,20.9,89,1.92,8.3,75,93,54,0.080,0.125,0.178,13.9,19.3,15.8,1,5,993.8
13,2025-10-30,14.2,22.8,7.9,0.00,0.00,0.00,0.0,35742.56,11.34,13.5,21.6,79,2.67,4.5,57,80,22,0.081,0.124,0.177,14.2,19.1,16.0,1,3,992.6
13,2025-10-31,12.0,20.0,7.9,1.00,1.00,0.00,3.0,32833.33,9.85,23.1,44.3,221,2.29,5.1,65,83,36,0.091,0.124,0.176,13.2,19.0,15.8,53,73,992.8
13,2025-11-01,8.2,14.0,3.8,0.00,0.00,0.00,0.0,34924.20,9.54,12.8,19.8,86,1.53,2.5,69,87,45,0.097,0.123,0.176,10.6,18.8,14.5,2,29,1001.4
13,2025-11-02,9.8,17.7,2.8,0.00,0.00,0.00,0.0,35317.62,10.77,15.6,26.3,149,2.19,1.5,59,78,36,0.093,0.121,0.178,10.0,18.4,13.2,2,15,991.2
13,2025-11-03,8.1,10.8,4.5,0.20,0.20,0.00,2.0,12870.50,5.54,18.0,31.7,269,1.44,1.8,66,90,48,0.086,0.120,0.177,9.9,18.0,13.1,51,92,994.2
13,2025-11-04,4.4,7.4,-0.1,3.40,3.40,0.00,12.0,18220.01,5.67,23.2,37.8,273,0.81,1.3,81,91,70,0.123,0.119,0.177,7.9,17.6,12.2,53,92,998.7
13,2025-11-05,-1.2,1.5,-4.7,0.00,0.00,0.00,0.0,34775.28,10.52,12.1,20.2,280,0.94,-5.2,75,93,55,0.147,0.117,0.180,3.3,17.0,8.9,2,16,1010.4
13,2025-11-06,1.1,8.5,-4.6,0.00,0.00,0.00,0.0,26100.36,9.39,12.5,18.4,43,1.43,-8.1,53,78,28,0.151,0.116,0.182,2.7,16.1,6.8,3,48,1006.1
13,2025-11-07,4.0,11.1,-1.3,0.00,0.00,0.00,0.0,33479.31,9.48,9.6,14.8,24,1.35,-6.6,47,68,31,0.150,0.115,0.184,3.7,15.3,7.0,3,53,999.8
13,2025-11-08,3.3,11.1,-3.3,0.00,0.00,0.00,0.0,33874.99,10.17,7.6,15.1,117,1.39,-3.4,64,81,39,0.147,0.115,0.185,4.2,14.7,7.1,3,23,999.6
13,2025-11-09,5.1,12.1,-0.3,0.00,0.00,0.00,0.0,33571.51,9.95,11.1,21.2,152,1.46,-1.5,64,79,42,0.141,0.115,0.185,5.1,14.2,7.6,1,4,996.9
13,2025-11-10,4.2,9.2,0.4,0.20,0.20,0.00,2.0,21301.37,6.04,6.7,16.2,126,0.92,-1.6,67,83,45,0.141,0.116,0.185,4.4,13.7,7.2,51,80,998.6
13,2025-11-11,5.3,12.7,0.1,0.00,0.00,0.00,0.0,32606.45,8.81,7.4,13.7,75,1.21,0.2,71,85,45,0.139,0.115,0.184,5.6,13.4,7.4,1,13,999.9
13,2025-11-12,6.5,15.0,0.4,0.00,0.00,0.00,0.0,33003.35,9.23,7.8,14.4,83,1.39,1.1,71,92,43,0.134,0.116,0.183,6.6,13.1,8.0,3,15,999.4
13,2025-11-13,8.6,17.6,1.3,0.00,0.00,0.00,0.0,32384.89,8.96,16.3,23.4,71,1.86,-1.1,54,77,24,0.123,0.115,0.179,7.7,13.0,8.8,3,57,1000.0
13,2025-11-14,10.7,19.2,5.2,0.00,0.00,0.00,0.0,31731.55,7.48,14.2,21.6,72,2.08,-1.3,46,66,23,0.110,0.115,0.175,8.8,13.0,9.9,3,69,997.5
13,2025-11-15,7.4,15.7,0.5,0.00,0.00,0.00,0.0,32645.53,9.17,6.4,12.6,80,1.36,-1.2,57,79,33,0.106,0.114,0.174,6.8,13.0,9.6,0,0,996.8
13,2025-11-16,7.4,15.8,0.8,0.00,0.00,0.00,0.0,27675.93,7.98,6.1,11.5,23,1.28,-2.0,54,73,30,0.106,0.113,0.175,6.5,13.0,9.2,3,97,994.9
13,2025-11-17,8.5,19.1,0.0,0.00,0.00,0.00,0.0,32261.76,8.99,10.0,15.5,69,1.53,-2.8,49,73,20,0.102,0.112,0.172,7.5,13.0,9.4,3,18,998.3
13,2025-11-18,8.8,17.2,2.2,0.00,0.00,0.00,0.0,27427.31,8.24,8.5,14.4,29,1.49,-3.5,44,62,24,0.093,0.110,0.169,7.5,13.0,9.6,3,35,997.2
13,2025-11-19,6.5,12.9,2.3,0.10,0.10,0.00,1.0,32053.88,7.82,9.6,17.6,179,1.36,-2.8,52,70,39,0.088,0.109,0.169,6.2,12.9,9.3,51,17,999.1
13,2025-11-20,3.3,8.6,-0.3,0.00,0.00,0.00,0.0,32006.51,8.48,8.4,13.3,306,1.02,-1.2,73,88,55,0.087,0.108,0.168,4.1,12.8,8.4,0,0,1004.4
13,2025-11-21,4.3,13.4,-2.7,0.00,0.00,0.00,0.0,31961.61,8.43,10.6,13.7,344,1.26,-2.3,66,88,33,0.083,0.106,0.168,4.1,12.6,7.7,3,40,1005.3
13,2025-11-22,9.0,19.2,3.1,0.00,0.00,0.00,0.0,31919.30,8.28,14.8,21.6,46,2.13,-2.7,47,68,23,0.076,0.104,0.168,6.6,12.5,8.2,0,0,1004.9
13,2025-11-23,7.2,14.7,0.9,0.00,0.00,0.00,0.0,31879.62,8.20,11.6,17.3,57,1.40,-1.8,54,74,35,0.081,0.102,0.168,6.5,12.4,9.1,0,0,1001.8
13,2025-11-24,5.0,13.2,-1.2,0.00,0.00,0.00,0.0,31842.27,8.17,8.0,12.2,60,1.14,-1.5,64,81,40,0.083,0.099,0.169,5.0,12.4,8.7,0,0,1001.2
13,2025-11-25,7.7,18.3,0.9,0.00,0.00,0.00,0.0,31807.20,8.30,13.6,18.7,52,1.61,-1.9,54,78,27,0.081,0.097,0.170,5.8,12.3,8.4,0,0,1000.4
13,2025-11-26,5.4,14.0,-2.4,0.00,0.00,0.00,0.0,31774.42,8.41,6.0,14.8,146,1.23,-4.7,50,68,31,0.085,0.095,0.171,4.7,12.3,8.4,0,0,993.7
13,2025-11-27,4.2,13.5,-1.9,0.00,0.00,0.00,0.0,31743.92,8.18,8.4,18.7,121,1.37,-4.3,55,66,34,0.084,0.093,0.172,3.8,12.1,7.7,0,1,995.7
13,2025-11-28,4.5,12.7,-1.2,0.00,0.00,0.00,0.0,31095.43,7.93,7.7,13.3,109,1.06,-3.4,58,78,37,0.084,0.090,0.172,3.5,12.0,7.4,3,65,998.6
13,2025-11-29,2.4,9.7,-2.7,0.00,0.00,0.00,0.0,31117.78,7.62,9.7,10.1,279,0.91,-3.0,69,85,46,0.086,0.086,0.172,1.7,11.8,6.9,3,61,998.1
13,2025-11-30,0.7,8.3,-4.3,0.00,0.00,0.00,0.0,30384.42,6.98,7.8,11.9,258,0.75,-2.9,78,90,52,0.086,0.083,0.175,0.8,11.6,6.0,3,51,998.8
13,2025-12-01,0.5,8.6,-4.9,0.00,0.00,0.00,0.0,31536.61,7.11,6.9,15.1,193,0.79,-3.6,76,90,46,0.090,0.091,0.178,1.0,11.3,5.3,2,22,997.4
13,2025-12-02,0.4,8.4,-6.2,0.00,0.00,0.00,0.0,31555.80,7.58,5.2,11.5,117,0.82,-5.7,66,82,43,0.082,0.086,0.177,0.5,11.0,4.8,2,23,995.6
13,2025-12-03,2.3,10.1,-3.2,0.00,0.00,0.00,0.0,27836.07,6.41,7.7,15.5,108,1.01,-4.8,62,79,38,0.076,0.083,0.176,1.4,10.7,4.9,3,64,994.5
13,2025-12-04,3.7,6.0,1.6,8.10,8.10,0.00,10.0,0.00,1.13,10.3,17.3,132,0.39,0.7,82,97,58,0.128,0.084,0.175,3.9,10.5,5.5,61,88,997.3
13,2025-12-05,4.1,6.3,1.7,0.70,0.70,0.00,5.0,13870.01,3.67,8.4,17.6,109,0.41,3.0,93,97,86,0.179,0.085,0.175,4.9,10.3,5.7,51,73,1002.5
13,2025-12-06,6.0,10.8,2.8,0.70,0.70,0.00,5.0,29706.71,6.55,10.5,18.7,80,0.85,3.1,83,92,68,0.188,0.086,0.175,5.7,10.2,6.1,51,43,1001.6
13,2025-12-07,4.4,7.9,1.5,0.30,0.30,0.00,3.0,31246.85,5.87,8.8,20.5,99,0.64,1.9,84,93,72,0.189,0.086,0.176,4.5,10.2,6.2,51,33,996.6
13,2025-12-08,3.6,5.2,2.3,0.10,0.10,0.00,1.0,12333.55,3.59,8.6,22.0,281,0.45,1.7,88,93,80,0.186,0.087,0.176,4.4,10.1,5.9,51,88,998.1
13,2025-12-09,2.7,4.6,-0.3,0.20,0.20,0.00,1.0,6760.81,2.44,9.6,16.9,308,0.40,0.5,86,94,76,0.182,0.087,0.176,4.0,10.0,5.6,51,70,999.0
13,2025-12-10,-1.8,2.1,-3.9,0.00,0.00,0.00,0.0,30115.44,7.80,34.0,56.5,60,1.29,-9.5,59,89,34,0.183,0.090,0.178,0.2,9.8,3.8,3,26,1006.0
13,2025-12-11,2.5,6.4,-2.1,0.00,0.00,0.00,0.0,1646.55,3.74,38.4,61.2,74,2.23,-11.3,36,54,26,0.180,0.092,0.179,0.6,9.4,2.7,3,94,994.8
13,2025-12-12,4.1,6.9,1.3,5.00,5.00,0.00,9.0,569.68,2.80,13.2,19.1,140,0.57,0.8,80,97,50,0.192,0.093,0.180,3.3,9.1,3.9,55,98,988.5
13,2025-12-13,4.6,6.0,3.5,0.30,0.30,0.00,2.0,2392.36,3.23,7.8,16.9,255,0.41,2.8,89,97,75,0.242,0.097,0.179,5.1,9.0,5.5,51,97,989.3
13,2025-12-14,6.1,10.7,0.5,8.10,7.90,0.14,15.0,22125.83,3.93,23.6,41.8,210,0.64,4.2,88,92,82,0.268,0.102,0.179,5.9,9.0,6.1,71,89,986.4
13,2025-12-15,-1.4,1.5,-4.3,0.10,0.00,0.07,1.0,19094.78,5.68,23.9,42.8,221,0.66,-5.0,77,88,60,0.292,0.113,0.179,1.3,9.0,4.8,71,45,1001.5
13,2025-12-16,-0.6,4.0,-4.0,0.00,0.00,0.00,0.0,25311.46,6.08,7.5,12.6,20,0.68,-5.8,69,88,46,0.268,0.123,0.182,-0.2,8.7,2.4,3,94,998.1
13,2025-12-17,-0.6,3.3,-4.8,0.00,0.00,0.00,0.0,13985.63,4.69,11.3,21.2,305,0.57,-5.3,71,94,58,0.253,0.131,0.184,-0.2,8.2,2.1,3,85,998.5
13,2025-12-18,-4.5,-2.4,-6.5,0.00,0.00,0.00,0.0,6341.22,4.18,9.0,18.7,244,0.45,-8.6,74,92,61,0.245,0.136,0.185,-2.5,7.8,1.2,3,75,1004.8
13,2025-12-19,-4.7,-0.0,-8.4,0.00,0.00,0.00,0.0,31676.91,7.42,7.5,16.9,121,0.56,-8.4,77,90,52,0.237,0.140,0.186,-3.5,7.2,0.1,3,11,1006.2
13,2025-12-20,-4.8,-1.5,-8.7,0.00,0.00,0.00,0.0,28623.78,6.16,8.5,17.3,233,0.47,-7.6,81,89,70,0.237,0.149,0.186,-3.8,6.7,-0.1,3,62,993.8
13,2025-12-21,0.1,2.4,-3.0,4.00,0.30,2.59,15.0,0.00,2.44,11.0,20.9,141,0.29,-1.1,91,94,87,0.235,0.152,0.186,-0.8,6.3,0.1,73,99,999.2
13,2025-12-22,0.3,6.2,-3.6,0.00,0.00,0.00,0.0,31667.51,7.35,11.6,16.9,50,0.76,-2.6,82,94,58,0.233,0.154,0.187,0.5,5.9,1.0,1,10,1002.6
13,2025-12-23,-0.8,3.4,-4.3,0.00,0.00,0.00,0.0,31673.16,7.18,14.3,22.3,109,0.69,-3.7,81,85,73,0.231,0.156,0.188,-0.9,5.8,0.9,3,19,999.5
13,2025-12-24,0.5,3.2,-1.2,0.00,0.00,0.00,0.0,31021.40,5.45,10.8,17.6,122,0.52,-1.3,88,94,80,0.228,0.157,0.188,0.0,5.6,1.0,3,64,999.1
13,2025-12-25,-0.1,2.9,-2.0,0.00,0.00,0.00,0.0,7596.43,4.24,5.1,9.4,89,0.41,-1.8,89,95,71,0.227,0.160,0.191,-0.3,5.4,1.2,3,98,992.3
13,2025-12-26,-0.4,0.1,-1.6,6.30,0.50,4.06,12.0,8086.65,3.22,15.5,25.6,235,0.29,-1.4,93,96,88,0.228,0.161,0.191,-0.2,5.3,1.4,75,94,996.2
13,2025-12-27,0.7,3.0,-2.0,0.00,0.00,0.00,0.0,19244.47,5.34,12.5,19.8,67,0.57,-1.6,84,91,78,0.227,0.163,0.190,0.3,5.2,1.6,3,97,992.7
13,2025-12-28,2.5,5.2,0.2,1.70,1.70,0.00,9.0,18762.34,5.27,12.4,33.5,105,0.65,-0.2,82,91,74,0.240,0.164,0.190,1.1,5.2,1.8,51,59,985.2
13,2025-12-29,5.9,12.4,0.5,5.40,5.40,0.00,4.0,21809.38,5.56,14.8,24.8,92,1.05,1.7,75,85,56,0.263,0.168,0.190,1.6,5.2,2.0,61,67,980.1
13,2025-12-30,8.2,11.0,4.2,10.30,10.30,0.00,12.0,25065.38,5.98,15.0,27.4,113,0.73,6.7,90,97,81,0.355,0.188,0.191,5.7,5.3,3.8,61,68,979.1
13,2025-12-31,5.3,9.1,2.0,5.10,5.10,0.00,18.0,0.00,1.90,19.2,33.5,240,0.37,3.5,89,97,79,0.365,0.227,0.191,5.4,5.7,5.6,55,84,988.7
14,2025-01-01,-7.4,-4.3,-10.9,0.00,0.00,0.00,0.0,24923.24,3.69,13.3,24.8,163,0.25,-9.0,88,94,83,0.340,0.301,0.265,-4.1,0.0,-3.0,3,83,998.4
14,2025-01-02,-2.9,1.2,-7.0,2.20,0.30,1.33,6.0,4512.44,2.01,26.7,48.6,209,0.40,-5.3,84,88,77,0.339,0.301,0.265,-3.8,0.0,-2.8,73,81,995.7
14,2025-01-03,-5.4,-0.5,-12.1,0.90,0.00,0.63,5.0,6075.18,3.01,25.1,43.9,203,0.43,-8.3,81,85,74,0.339,0.301,0.265,-4.0,0.0,-2.7,73,90,999.5
14,2025-01-04,-6.0,-0.7,-15.1,0.00,0.00,0.00,0.0,23683.60,3.60,18.5,32.8,192,0.38,-8.5,83,91,72,0.339,0.301,0.265,-3.4,0.0,-2.4,3,59,1000.1
14,2025-01-05,-13.1,-7.4,-16.2,0.00,0.00,0.00,0.0,17748.25,3.51,9.5,14.4,128,0.18,-14.6,89,92,82,0.338,0.300,0.265,-6.1,-0.0,-2.9,3,77,1001.2
14,2025-01-06,-10.6,-6.0,-15.4,0.00,0.00,0.00,0.0,26205.46,3.88,12.9,24.8,169,0.23,-12.6,86,90,77,0.337,0.301,0.266,-5.6,-0.0,-3.5,3,60,1003.3
14,2025-01-07,-7.2,-4.3,-10.1,0.30,0.00,0.21,3.0,0.00,2.68,12.1,19.8,155,0.25,-9.1,86,90,83,0.337,0.301,0.266,-4.3,-0.0,-3.6,71,97,1002.6
14,2025-01-08,-4.9,-0.4,-9.4,3.10,0.00,2.17,14.0,1995.36,2.26,19.1,35.6,218,0.27,-6.5,89,92,84,0.338,0.301,0.266,-4.4,-0.0,-3.2,73,97,1002.8
14,2025-01-09,-12.8,-6.3,-21.5,0.80,0.00,0.56,5.0,8722.68,3.46,16.9,29.5,204,0.28,-15.7,80,87,72,0.338,0.301,0.267,-5.2,-0.0,-3.1,71,84,1018.5
14,2025-01-10,-5.1,-3.6,-6.3,0.70,0.00,0.49,5.0,3692.55,2.63,17.6,31.3,178,0.49,-9.0,74,81,67,0.338,0.301,0.267,-2.5,-0.1,-3.0,71,91,1014.6
14,2025-01-11,-6.9,-3.1,-10.3,0.40,0.00,0.28,4.0,28275.91,4.59,14.2,25.2,202,0.39,-10.2,78,84,67,0.336,0.301,0.267,-0.8,-0.1,-2.4,71,58,1008.3
14,2025-01-12,-8.5,-5.4,-10.8,0.00,0.00,0.00,0.0,24720.21,4.40,7.0,9.4,190,0.27,-11.7,78,84,65,0.334,0.301,0.266,-0.4,-0.1,-2.0,3,83,1008.5
14,2025-01-13,-14.5,-8.8,-18.2,0.00,0.00,0.00,0.0,28450.35,5.38,12.6,20.9,109,0.24,-16.5,85,89,75,0.334,0.302,0.267,-1.2,-0.1,-1.8,2,13,1010.0
14,2025-01-14,-10.2,-3.4,-16.6,0.00,0.00,0.00,0.0,28540.63,5.36,22.0,38.5,151,0.54,-14.3,73,84,60,0.334,0.302,0.267,-4.2,-0.1,-1.8,2,18,1007.4
14,2025-01-15,-8.1,-3.8,-10.5,0.00,0.00,0.00,0.0,28632.71,5.79,22.9,38.2,156,0.66,-13.2,67,76,59,0.333,0.302,0.267,-4.4,-0.1,-2.0,1,3,999.4
14,2025-01-16,-4.9,-1.6,-8.7,0.60,0.00,0.42,5.0,25200.00,5.12,18.1,29.5,188,0.56,-8.4,77,87,67,0.333,0.302,0.267,-3.7,-0.1,-2.3,71,56,993.5
14,2025-01-17,-1.9,1.1,-5.0,2.40,0.50,1.33,10.0,20201.72,3.97,17.6,34.2,187,0.37,-3.6,88,96,82,0.333,0.302,0.267,-2.7,-0.1,-2.1,73,96,992.4
14,2025-01-18,-6.0,-0.6,-8.5,0.20,0.00,0.14,2.0,18256.90,4.48,13.0,21.6,233,0.33,-8.1,85,94,77,0.334,0.302,0.267,-2.3,-0.1,-2.0,71,98,994.1
14,2025-01-19,-5.3,-1.8,-9.0,0.00,0.00,0.00,0.0,28800.00,5.28,12.4,22.0,187,0.42,-7.6,84,90,73,0.334,0.302,0.267,-0.6,-0.1,-2.0,3,75,995.6
14,2025-01-20,-3.0,-0.3,-4.8,0.00,0.00,0.00,0.0,21600.00,4.68,19.0,35.6,169,0.51,-5.7,81,87,74,0.332,0.302,0.267,0.1,-0.1,-1.8,3,86,993.9
14,2025-01-21,-0.5,1.3,-3.7,1.40,0.00,0.98,6.0,22161.33,4.95,22.3,40.7,190,0.61,-3.1,83,87,78,0.331,0.303,0.268,-1.5,-0.1,-1.6,73,91,984.8
14,2025-01-22,-4.5,2.0,-13.1,3.60,1.10,1.75,11.0,14617.35,3.32,34.9,68.4,223,0.62,-8.2,76,87,63,0.336,0.303,0.268,-2.7,-0.1,-1.6,73,62,982.7
14,2025-01-23,-17.2,-12.4,-22.6,0.40,0.00,0.28,4.0,22858.21,5.24,24.9,44.6,244,0.31,-21.3,70,80,62,0.339,0.303,0.268,-3.5,-0.1,-1.6,71,93,1006.8
14,2025-01-24,-24.1,-20.9,-26.2,0.00,0.00,0.00,0.0,28800.00,6.48,14.4,23.0,216,0.19,-28.0,70,76,60,0.338,0.303,0.268,-4.2,-0.1,-1.8,3,65,1030.4
14,2025-01-25,-20.2,-14.8,-26.1,0.00,0.00,0.00,0.0,29169.14,5.82,18.5,34.2,144,0.31,-24.9,66,71,61,0.338,0.303,0.268,-4.0,-0.1,-1.9,3,56,1023.0
14,2025-01-26,-15.9,-10.7,-19.7,0.00,0.00,0.00,0.0,29980.06,6.93,15.7,25.9,141,0.44,-21.1,65,72,53,0.337,0.303,0.268,-4.3,-0.1,-2.1,3,20,1011.7
14,2025-01-27,-11.4,-6.1,-16.4,0.00,0.00,0.00,0.0,28056.84,6.12,18.8,30.2,146,0.58,-16.6,65,72,58,0.337,0.303,0.268,-4.4,-0.1,-2.2,3,82,1001.7
14,2025-01-28,-10.1,-9.0,-12.3,0.20,0.00,0.14,2.0,25538.65,6.17,13.6,25.6,226,0.38,-13.7,75,81,66,0.337,0.303,0.268,-3.6,-0.1,-2.4,71,95,998.3
14,2025-01-29,-7.8,-5.6,-9.8,4.40,0.00,3.08,24.0,0.00,3.43,12.9,22.7,184,0.24,-9.4,89,94,81,0.337,0.303,0.268,-2.7,-0.1,-2.4,73,100,995.3
14,2025-01-30,-5.2,-3.4,-7.0,3.60,0.00,2.52,21.0,17672.15,4.81,18.4,36.7,202,0.36,-6.8,89,94,79,0.337,0.303,0.268,-3.0,-0.1,-2.2,73,98,993.2
14,2025-01-31,-13.6,-7.8,-20.8,1.20,0.00,0.84,12.0,10265.21,5.26,18.0,30.2,286,0.27,-15.8,84,89,76,0.337,0.302,0.268,-4.4,-0.1,-2.2,71,99,1003.2
14,2025-02-01,-19.4,-12.8,-26.4,0.00,0.00,0.00,0.0,30933.90,7.39,16.9,27.0,169,0.26,-21.9,80,87,71,0.337,0.303,0.268,-4.8,-0.1,-2.4,3,76,1010.2
14,2025-02-02,-6.7,-2.7,-12.7,3.30,0.00,2.31,16.0,370.61,3.86,19.3,32.4,200,0.36,-8.6,86,92,77,0.337,0.302,0.268,-2.6,-0.1,-2.5,73,98,1007.1
14,2025-02-03,-7.1,-4.2,-9.3,0.00,0.00,0.00,0.0,27721.41,6.36,7.3,11.5,100,0.40,-9.0,87,92,78,0.335,0.302,0.268,-1.6,-0.1,-2.2,3,68,1015.0
14,2025-02-04,-12.2,-7.4,-16.2,0.00,0.00,0.00,0.0,31167.58,6.29,9.9,17.3,39,0.32,-13.9,87,91,81,0.335,0.303,0.268,-1.5,-0.1,-2.0,3,41,1016.3
14,2025-02-05,-14.2,-10.1,-18.3,0.00,0.00,0.00,0.0,31338.37,7.15,11.6,16.9,39,0.32,-16.5,83,88,75,0.337,0.304,0.268,-2.8,-0.1,-1.9,3,18,1014.5
14,2025-02-06,-18.7,-14.1,-23.2,0.00,0.00,0.00,0.0,14835.86,5.43,8.4,12.6,64,0.22,-20.8,84,94,74,0.340,0.304,0.268,-5.2,-0.2,-2.0,3,84,1012.3
14,2025-02-07,-20.3,-14.6,-24.6,0.00,0.00,0.00,0.0,21762.76,6.56,8.1,9.4,312,0.25,-22.7,81,87,73,0.340,0.305,0.269,-6.3,-0.2,-2.2,3,83,1010.8
14,2025-02-08,-21.5,-16.0,-24.9,0.00,0.00,0.00,0.0,28723.92,7.56,6.5,11.2,311,0.25,-24.1,80,86,72,0.339,0.305,0.268,-7.1,-0.2,-2.6,3,78,1010.3
14,2025-02-09,-16.7,-8.8,-24.1,1.00,0.00,0.70,9.0,17930.42,5.40,16.3,25.9,256,0.24,-18.8,84,89,77,0.339,0.306,0.268,-5.4,-0.2,-3.3,71,98,1003.5
14,2025-02-10,-7.6,-5.6,-8.8,0.30,0.00,0.21,3.0,6873.07,5.22,17.7,28.8,246,0.41,-9.7,85,91,78,0.340,0.306,0.268,-3.8,-0.2,-3.1,71,96,1007.0
14,2025-02-11,-7.1,-3.7,-10.3,0.00,0.00,0.00,0.0,22705.92,5.88,17.3,29.9,191,0.51,-10.0,80,85,72,0.339,0.306,0.268,-3.1,-0.2,-2.7,3,53,1004.5
14,2025-02-12,-9.6,-5.2,-13.5,0.00,0.00,0.00,0.0,19304.97,7.00,13.7,22.0,197,0.51,-12.8,77,84,63,0.339,0.306,0.268,-3.5,-0.2,-2.5,3,87,999.1
14,2025-02-13,-6.7,-3.8,-9.8,0.30,0.00,0.21,2.0,30816.69,8.05,25.8,44.3,218,0.66,-10.2,76,82,69,0.340,0.306,0.268,-2.4,-0.2,-2.4,71,91,996.9
14,2025-02-14,-6.7,-4.4,-10.3,0.80,0.10,0.49,5.0,32798.21,8.19,18.8,31.0,246,0.54,-9.1,84,90,75,0.339,0.305,0.269,-3.7,-0.2,-2.3,71,90,1001.3
14,2025-02-15,-8.0,-3.8,-12.7,0.00,0.00,0.00,0.0,35441.95,8.66,10.5,19.1,124,0.58,-10.8,81,87,69,0.338,0.305,0.268,-2.1,-0.2,-2.2,3,42,999.0
14,2025-02-16,-11.4,-6.5,-14.7,0.40,0.00,0.28,4.0,17670.27,7.48,8.4,13.7,196,0.47,-14.0,81,89,72,0.338,0.305,0.268,-3.9,-0.2,-2.2,71,89,999.1
14,2025-02-17,-11.3,-5.2,-14.8,0.00,0.00,0.00,0.0,11585.40,6.76,6.9,12.6,125,0.44,-13.2,86,92,74,0.337,0.304,0.268,-5.2,-0.3,-2.3,3,86,1008.6
14,2025-02-18,-13.5,-7.8,-17.1,0.00,0.00,0.00,0.0,35756.30,9.36,10.1,17.6,103,0.45,-15.7,83,90,71,0.337,0.305,0.268,-6.4,-0.3,-2.6,3,29,1009.0
14,2025-02-19,-13.3,-6.0,-18.9,0.00,0.00,0.00,0.0,35861.28,11.34,15.5,25.9,122,0.62,-16.7,76,87,61,0.338,0.306,0.267,-6.3,-0.3,-3.1,0,0,1005.1
14,2025-02-20,-9.7,-3.4,-14.9,0.00,0.00,0.00,0.0,35966.29,10.99,16.2,28.4,127,0.81,-14.5,69,77,53,0.338,0.305,0.267,-5.9,-0.3,-3.6,3,54,1005.1
14,2025-02-21,-9.7,-2.8,-14.2,0.00,0.00,0.00,0.0,36000.00,11.64,14.9,24.5,141,0.79,-13.4,75,83,57,0.338,0.305,0.267,-5.8,-0.3,-3.6,1,5,1007.2
14,2025-02-22,-8.6,-0.8,-15.1,0.00,0.00,0.00,0.0,36000.00,11.88,16.4,28.4,138,0.93,-13.0,71,82,56,0.339,0.306,0.267,-6.4,-0.3,-3.8,3,25,1007.7
14,2025-02-23,-6.2,0.4,-11.7,0.00,0.00,0.00,0.0,32956.86,10.72,16.8,27.7,130,1.03,-11.4,67,78,53,0.339,0.305,0.267,-5.7,-0.3,-3.8,3,81,1005.2
14,2025-02-24,-7.0,0.1,-13.6,0.00,0.00,0.00,0.0,36000.00,12.34,14.3,23.8,98,1.02,-11.6,71,90,51,0.339,0.305,0.267,-5.3,-0.4,-3.4,3,27,1001.2
14,2025-02-25,-9.7,-1.0,-18.4,0.00,0.00,0.00,0.0,36047.13,12.69,17.5,28.1,114,0.94,-14.4,70,88,52,0.339,0.305,0.267,-5.7,-0.4,-3.6,2,7,993.8
14,2025-02-26,-5.7,1.4,-11.1,0.00,0.00,0.00,0.0,33819.69,12.24,14.9,26.6,148,1.05,-10.5,70,85,51,0.339,0.305,0.267,-5.8,-0.4,-3.7,3,64,989.3
14,2025-02-27,-5.6,-1.1,-11.5,0.80,0.00,0.56,5.0,15150.52,7.83,18.7,34.2,271,0.56,-8.2,82,92,74,0.339,0.305,0.267,-4.9,-0.4,-3.4,71,99,1000.4
14,2025-02-28,-11.0,-7.1,-14.2,0.00,0.00,0.00,0.0,17918.45,8.34,13.6,26.6,241,0.46,-13.4,83,88,73,0.340,0.306,0.268,-7.7,-0.4,-3.7,3,95,1000.9
14,2025-03-01,-11.5,-4.6,-16.3,0.00,0.00,0.00,0.0,33569.81,11.67,9.7,19.8,170,0.66,-14.0,82,90,64,0.341,0.306,0.268,-7.4,-0.4,-4.3,3,37,1003.7
14,2025-03-02,-13.3,-5.2,-21.2,0.00,0.00,0.00,0.0,37208.13,12.69,7.4,13.3,143,0.68,-15.4,85,93,71,0.343,0.307,0.270,-7.1,-0.5,-4.6,2,15,1002.3
14,2025-03-03,-11.8,-4.6,-17.8,0.00,0.00,0.00,0.0,36400.05,11.55,13.1,22.3,68,0.67,-14.2,83,92,65,0.343,0.309,0.270,-6.8,-0.5,-4.7,3,70,998.9
14,2025-03-04,-7.2,-2.1,-12.4,0.10,0.00,0.07,1.0,30861.69,11.26,20.3,37.4,200,0.77,-10.3,79,87,69,0.344,0.309,0.270,-5.7,-0.5,-4.4,71,74,1001.8
14,2025-03-05,-8.8,-4.2,-13.6,0.00,0.00,0.00,0.0,35283.11,13.11,18.6,31.3,189,0.83,-12.6,74,83,63,0.344,0.308,0.270,-5.3,-0.5,-3.9,3,41,1007.4
14,2025-03-06,-5.2,2.0,-14.5,1.30,1.10,0.14,3.0,31641.46,11.11,33.1,61.9,151,1.04,-9.0,75,84,67,0.344,0.308,0.270,-5.2,-0.6,-3.7,71,76,993.5
14,2025-03-07,0.4,2.4,-2.7,2.30,1.60,0.49,7.0,32462.19,12.59,22.8,39.2,215,1.10,-2.3,82,93,70,0.372,0.308,0.270,-2.9,-0.6,-3.0,73,95,981.5
14,2025-03-08,-3.7,0.4,-7.2,0.50,0.00,0.35,5.0,25913.10,10.90,14.6,21.2,173,0.88,-5.9,85,92,70,0.395,0.308,0.270,-3.1,-0.6,-2.6,71,71,984.5
14,2025-03-09,-1.5,1.8,-6.2,3.30,0.40,2.03,17.0,27030.21,10.59,25.5,52.9,242,0.87,-3.5,86,93,73,0.409,0.308,0.270,-2.7,-0.6,-2.4,73,86,977.6
14,2025-03-10,-8.4,-4.3,-14.0,1.20,0.00,0.84,9.0,24186.62,11.19,23.7,41.0,223,0.70,-11.3,80,87,68,0.424,0.308,0.270,-3.9,-0.6,-2.4,71,98,998.6
14,2025-03-11,-2.9,-0.6,-5.7,1.40,0.00,0.98,14.0,8885.19,8.30,20.1,38.9,237,0.72,-5.1,85,94,78,0.423,0.308,0.270,-2.9,-0.6,-2.4,71,96,996.6
14,2025-03-12,-11.8,-6.7,-15.6,0.00,0.00,0.00,0.0,5503.67,9.33,20.2,35.6,339,0.53,-14.7,79,88,69,0.421,0.308,0.270,-6.0,-0.6,-2.5,3,89,1011.4
14,2025-03-13,-15.0,-7.1,-24.1,0.00,0.00,0.00,0.0,41292.72,16.35,15.1,26.3,118,0.78,-18.1,78,86,61,0.425,0.308,0.270,-7.7,-0.6,-3.9,2,16,1013.9
14,2025-03-14,-6.4,1.2,-14.7,0.00,0.00,0.00,0.0,41735.87,16.98,19.9,36.0,146,1.42,-11.9,66,78,50,0.425,0.308,0.270,-6.3,-0.6,-4.6,2,25,1008.3
14,2025-03-15,-3.5,2.9,-9.7,0.00,0.00,0.00,0.0,41910.51,17.08,16.6,31.3,136,1.63,-9.5,64,76,49,0.427,0.308,0.270,-5.2,-0.7,-4.0,2,11,1004.8
14,2025-03-16,-2.3,5.4,-9.5,0.00,0.00,0.00,0.0,42008.97,17.19,13.8,26.3,140,1.67,-7.7,68,83,45,0.443,0.308,0.270,-3.8,-0.7,-3.3,0,1,1002.2
14,2025-03-17,1.2,9.6,-6.4,0.00,0.00,0.00,0.0,42107.23,16.98,16.7,29.5,151,2.22,-6.3,60,81,37,0.478,0.313,0.270,-2.2,-0.7,-2.8,3,36,1000.9
14,2025-03-18,4.7,11.9,0.1,0.30,0.30,0.00,2.0,32920.96,10.35,17.1,28.1,158,2.16,-4.1,54,65,36,0.483,0.335,0.270,-0.1,-0.7,-2.2,51,87,1001.3
14,2025-03-19,6.2,14.7,0.0,0.00,0.00,0.00,0.0,42303.15,16.84,18.1,34.6,150,3.09,-4.8,47,64,26,0.464,0.362,0.270,2.5,-0.7,-1.8,0,1,1000.4
14,2025-03-20,8.5,17.8,1.7,0.00,0.00,0.00,0.0,42400.79,17.35,22.3,44.6,164,3.79,-4.2,43,61,20,0.448,0.379,0.270,3.9,-0.7,-1.3,0,0,994.6
14,2025-03-21,8.0,18.5,1.9,0.30,0.30,0.00,2.0,31513.64,14.07,28.2,57.2,212,3.22,-1.3,55,82,26,0.432,0.384,0.271,4.2,-0.7,-0.9,51,61,989.8
14,2025-03-22,1.2,4.7,-2.9,0.00,0.00,0.00,0.0,42595.38,12.95,13.6,29.2,1,1.57,-5.3,65,89,35,0.423,0.386,0.272,1.9,-0.7,-0.6,3,50,1001.7
14,2025-03-23,-0.7,4.5,-5.4,0.00,0.00,0.00,0.0,39260.30,15.60,15.9,33.8,337,1.74,-7.8,61,82,40,0.412,0.384,0.273,-0.3,-0.7,-0.5,3,51,993.9
14,2025-03-24,-1.2,3.4,-4.3,0.50,0.00,0.35,4.0,29743.40,14.10,27.4,54.0,274,1.57,-6.8,68,89,46,0.408,0.381,0.273,-0.6,-0.7,-0.5,71,46,990.1
14,2025-03-25,-3.8,-1.4,-5.9,0.00,0.00,0.00,0.0,29760.85,12.07,22.3,42.1,313,1.28,-10.4,60,75,50,0.406,0.380,0.274,-0.5,-0.6,-0.6,3,91,1005.0
14,2025-03-26,-3.3,2.3,-8.0,0.00,0.00,0.00,0.0,42276.14,15.58,8.5,18.7,20,1.48,-10.6,59,82,33,0.403,0.380,0.275,-1.6,-0.6,-0.7,3,30,1013.6
14,2025-03-27,-0.9,6.0,-7.3,0.00,0.00,0.00,0.0,43668.78,19.47,12.8,27.0,79,2.32,-12.8,44,71,20,0.401,0.378,0.276,-1.5,-0.6,-0.7,0,0,1010.1
14,2025-03-28,1.6,9.6,-5.2,0.00,0.00,0.00,0.0,44061.28,19.50,12.3,28.4,33,2.59,-9.6,46,68,24,0.399,0.377,0.277,-0.7,-0.6,-0.8,0,0,1005.0
14,2025-03-29,2.7,10.9,-4.2,0.00,0.00,0.00,0.0,44385.90,19.52,11.2,24.5,31,2.64,-7.1,52,77,27,0.395,0.375,0.277,-0.5,-0.6,-0.8,0,0,1004.0
14,2025-03-30,4.0,13.0,-2.7,0.00,0.00,0.00,0.0,44683.67,19.66,10.9,23.4,34,2.67,-3.4,63,90,29,0.392,0.374,0.277,0.3,-0.6,-0.7,0,0,1004.5
14,2025-03-31,5.2,13.9,-3.3,0.00,0.00,0.00,0.0,44981.91,19.90,12.2,20.5,107,2.83,-3.3,58,86,31,0.387,0.372,0.278,1.8,-0.6,-0.6,0,0,1002.6
14,2025-04-01,5.1,10.6,-0.3,0.20,0.20,0.00,2.0,26341.68,11.16,17.1,35.3,236,1.70,-0.0,71,90,48,0.380,0.370,0.278,2.9,-0.6,-0.3,51,64,993.5
14,2025-04-02,4.3,7.6,0.8,0.30,0.30,0.00,3.0,35705.87,12.28,14.8,32.4,344,1.49,0.7,79,90,59,0.379,0.368,0.278,3.0,-0.6,-0.1,51,78,998.1
14,2025-04-03,7.5,14.4,0.0,0.00,0.00,0.00,0.0,45817.78,20.17,17.6,40.7,170,3.27,-1.3,58,92,33,0.373,0.366,0.279,4.7,-0.6,0.5,3,55,994.7
14,2025-04-04,13.2,20.7,4.7,0.40,0.40,0.00,3.0,32084.72,16.66,37.7,85.0,181,5.29,-0.3,43,68,24,0.365,0.361,0.279,8.3,-0.5,2.4,51,93,979.8
14,2025-04-05,7.0,16.5,1.3,1.90,1.90,0.00,3.0,35883.18,12.88,42.5,77.8,267,2.14,0.3,65,86,38,0.381,0.358,0.280,6.7,-0.5,3.9,55,76,988.5
14,2025-04-06,8.8,18.5,-0.7,0.00,0.00,0.00,0.0,46211.65,20.78,15.6,32.8,195,3.40,-0.7,57,88,26,0.368,0.355,0.280,6.3,-0.5,2.9,1,7,992.3
14,2025-04-07,11.8,20.6,2.4,0.00,0.00,0.00,0.0,44304.84,19.90,16.7,30.2,134,3.96,0.7,51,81,26,0.352,0.347,0.280,8.7,-0.4,3.9,3,52,991.3
14,2025-04-08,12.8,19.2,8.4,8.60,8.60,0.00,15.0,26017.45,11.22,30.1,50.4,199,2.49,7.2,71,96,46,0.388,0.342,0.280,9.6,-0.4,5.7,61,68,984.5
14,2025-04-09,12.2,17.5,7.4,0.00,0.00,0.00,0.0,45151.81,19.12,15.3,33.8,327,2.91,7.8,77,96,50,0.427,0.352,0.280,11.1,-0.3,7.1,2,27,992.5
14,2025-04-10,11.0,19.2,3.1,0.00,0.00,0.00,0.0,46731.49,21.48,9.1,21.2,63,3.38,4.1,67,94,33,0.397,0.352,0.280,10.2,-0.2,7.3,3,27,998.6
14,2025-04-11,14.4,23.4,3.3,0.00,0.00,0.00,0.0,46800.00,22.18,16.0,32.4,137,4.67,2.0,50,90,22,0.375,0.347,0.280,11.5,-0.2,7.7,3,57,995.4
14,2025-04-12,19.1,29.0,8.7,0.00,0.00,0.00,0.0,46832.66,22.71,19.0,39.2,147,6.46,-0.6,31,54,11,0.348,0.336,0.278,14.7,-0.1,9.6,0,0,988.6
14,2025-04-13,19.0,28.7,10.9,0.00,0.00,0.00,0.0,46800.00,22.72,14.6,28.1,131,5.28,2.4,36,62,16,0.317,0.318,0.274,16.1,0.0,11.3,3,17,984.7
14,2025-04-14,10.1,15.6,3.4,1.20,1.20,0.00,4.0,12661.97,8.82,29.5,57.2,282,1.74,5.5,74,91,60,0.308,0.312,0.273,11.1,0.1,10.4,53,79,987.9
14,2025-04-15,9.4,14.6,0.8,0.00,0.00,0.00,0.0,45577.12,19.77,14.0,24.8,118,3.35,0.8,59,94,34,0.305,0.309,0.273,9.6,0.2,7.3,3,45,994.8
14,2025-04-16,10.4,15.9,4.4,0.40,0.40,0.00,1.0,47021.88,22.04,23.1,47.5,1,3.87,0.8,53,79,32,0.297,0.305,0.272,10.1,0.3,7.6,51,12,990.7
14,2025-04-17,10.2,18.2,3.6,0.10,0.10,0.00,1.0,46800.00,21.01,30.2,58.3,260,4.36,-0.4,52,78,24,0.290,0.302,0.272,9.4,0.3,7.3,51,39,986.1
14,2025-04-18,2.5,5.8,-1.3,0.10,0.10,0.00,1.0,43492.49,20.07,19.9,37.1,286,2.66,-7.7,49,72,31,0.285,0.301,0.273,5.3,0.4,6.0,51,71,990.2
14,2025-04-19,-0.0,3.7,-3.7,0.40,0.10,0.21,4.0,45658.70,20.06,18.7,43.2,311,1.98,-7.8,60,96,32,0.286,0.302,0.274,2.8,0.5,3.7,71,60,996.0
14,2025-04-20,7.8,17.5,-5.3,0.00,0.00,0.00,0.0,44436.97,23.32,29.9,56.9,197,4.79,-6.2,41,78,21,0.283,0.299,0.274,3.9,0.5,2.5,3,52,995.5
14,2025-04-21,14.4,20.5,6.8,0.20,0.20,0.00,2.0,47552.29,17.28,29.0,53.3,260,4.39,4.0,51,84,33,0.276,0.295,0.273,11.9,0.6,6.8,51,39,992.2
14,2025-04-22,11.5,18.9,3.1,0.00,0.00,0.00,0.0,47887.24,20.69,11.6,19.8,86,3.75,-0.5,47,81,23,0.265,0.288,0.270,10.7,0.7,7.8,3,34,997.7
14,2025-04-23,16.7,25.0,8.2,0.00,0.00,0.00,0.0,46800.00,22.48,14.6,29.9,246,4.86,4.2,46,65,25,0.249,0.276,0.263,14.3,0.8,9.3,3,29,991.7
14,2025-04-24,11.2,15.1,3.4,0.30,0.30,0.00,3.0,49322.72,23.57,22.2,46.1,14,4.04,-0.4,48,79,22,0.242,0.271,0.261,12.6,1.3,10.3,51,23,997.0
14,2025-04-25,9.7,20.2,-0.7,0.00,0.00,0.00,0.0,49558.46,25.58,11.3,20.5,47,4.24,-5.1,41,70,13,0.234,0.267,0.260,10.0,2.0,8.5,0,1,997.5
14,2025-04-26,15.0,25.6,1.8,0.00,0.00,0.00,0.0,50138.59,25.64,14.7,29.2,133,5.24,-4.0,36,81,8,0.222,0.257,0.254,12.6,2.5,9.2,0,0,991.7
14,2025-04-27,21.1,30.4,11.0,0.60,0.60,0.00,2.0,39220.06,18.81,27.2,49.0,185,6.67,3.2,35,60,12,0.211,0.247,0.248,17.0,3.1,11.9,53,80,985.6
14,2025-04-28,21.3,25.9,17.4,0.00,0.00,0.00,0.0,38185.05,17.47,18.5,35.6,255,4.83,9.5,48,61,33,0.210,0.244,0.246,18.8,4.0,14.4,3,55,984.1
14,2025-04-29,18.9,23.7,13.0,1.50,1.50,0.00,6.0,44856.47,18.54,24.4,51.8,276,4.51,9.6,56,68,31,0.212,0.244,0.248,18.4,5.0,15.1,51,69,986.6
14,2025-04-30,9.8,13.4,5.8,0.00,0.00,0.00,0.0,49497.81,24.31,23.1,42.8,306,4.39,-4.3,38,54,22,0.219,0.244,0.249,13.2,5.9,13.7,3,32,1000.2
14,2025-05-01,10.4,17.2,2.8,0.00,0.00,0.00,0.0,51125.94,26.03,14.7,31.0,16,4.51,-3.6,41,65,18,0.214,0.242,0.248,12.1,6.4,11.4,2,13,999.5
14,2025-05-02,13.0,20.7,3.5,0.00,0.00,0.00,0.0,47872.15,24.81,13.6,28.8,325,4.83,-2.7,38,70,17,0.209,0.240,0.247,13.4,6.6,11.5,3,43,993.5
14,2025-05-03,11.1,15.3,5.6,0.00,0.00,0.00,0.0,51607.44,25.85,20.5,43.2,322,4.61,-3.5,39,64,19,0.205,0.238,0.247,13.0,7.0,12.2,3,47,1000.8
14,2025-05-04,14.0,22.3,3.4,0.20,0.20,0.00,1.0,49117.95,20.94,18.7,33.1,129,5.24,-4.8,31,56,11,0.201,0.238,0.248,13.0,7.2,11.4,51,67,992.1
14,2025-05-05,17.3,20.9,11.9,0.30,0.30,0.00,3.0,50371.93,24.14,22.7,47.2,294,5.65,2.7,39,53,25,0.199,0.235,0.246,17.1,7.5,13.6,51,31,985.7
14,2025-05-06,15.3,22.2,7.1,0.00,0.00,0.00,0.0,51202.21,23.62,20.2,43.6,315,5.08,2.1,44,67,24,0.196,0.233,0.246,15.3,8.0,13.9,3,44,991.8
14,2025-05-07,18.4,26.3,7.3,0.00,0.00,0.00,0.0,53226.96,25.85,11.1,24.1,119,5.52,4.2,42,75,23,0.192,0.231,0.245,18.0,8.4,14.7,3,38,989.6
14,2025-05-08,21.5,29.8,12.3,0.00,0.00,0.00,0.0,53357.15,25.39,13.0,29.2,124,6.47,1.6,31,59,11,0.189,0.230,0.244,20.3,8.9,16.7,3,44,985.9
14,2025-05-09,24.3,33.3,14.2,0.00,0.00,0.00,0.0,51569.00,22.60,30.0,38.9,163,7.38,1.6,25,38,10,0.185,0.228,0.244,21.7,9.5,18.1,3,79,981.3
14,2025-05-10,23.6,27.0,19.2,1.30,1.30,0.00,7.0,46913.83,21.61,27.2,52.6,254,6.27,10.9,46,66,31,0.191,0.225,0.243,23.1,10.3,19.8,51,62,982.7
14,2025-05-11,18.7,23.0,13.5,0.50,0.50,0.00,4.0,50050.10,18.92,26.0,52.9,289,4.61,10.5,60,76,39,0.194,0.225,0.243,19.9,10.9,19.0,51,54,987.2
14,2025-05-12,16.3,21.0,11.5,0.00,0.00,0.00,0.0,53059.26,23.84,12.6,26.6,18,4.74,4.9,50,73,29,0.194,0.224,0.242,18.5,11.3,17.5,3,57,995.2
14,2025-05-13,22.1,31.2,11.7,0.10,0.10,0.00,1.0,50910.37,25.73,16.4,36.4,207,6.45,6.4,39,56,19,0.194,0.227,0.245,20.8,11.6,17.7,51,61,990.0
14,2025-05-14,25.1,31.8,17.1,0.10,0.10,0.00,1.0,48878.33,24.23,20.5,34.2,12,6.22,9.7,41,66,17,0.188,0.224,0.243,24.4,12.0,20.0,51,56,986.5
14,2025-05-15,21.0,27.6,14.1,0.00,0.00,0.00,0.0,54000.00,24.96,18.3,40.0,50,6.34,6.2,45,84,13,0.186,0.223,0.243,22.4,12.6,20.5,3,38,992.3
14,2025-05-16,26.1,36.9,13.4,0.10,0.10,0.00,1.0,54000.00,21.91,18.7,39.6,358,6.76,6.2,31,52,12,0.181,0.219,0.241,23.7,13.0,20.3,51,52,987.6
14,2025-05-17,29.8,39.4,18.6,0.00,0.00,0.00,0.0,54000.00,25.41,18.5,39.6,182,8.49,7.4,30,55,9,0.178,0.216,0.239,27.2,13.5,22.4,3,59,979.4
14,2025-05-18,24.4,29.1,15.4,4.40,4.40,0.00,6.0,49487.24,23.09,37.2,70.9,244,7.11,10.1,43,90,24,0.185,0.219,0.242,25.8,14.2,24.0,63,63,972.2
14,2025-05-19,15.2,19.3,11.0,11.80,11.80,0.00,11.0,35150.01,16.08,22.7,46.1,343,3.43,7.9,66,95,33,0.345,0.223,0.244,18.5,14.6,20.3,61,74,986.8
14,2025-05-20,17.0,23.5,8.4,0.00,0.00,0.00,0.0,54000.00,27.82,10.5,22.7,28,5.31,4.7,48,81,27,0.336,0.231,0.247,17.9,14.5,17.7,1,2,995.8
14,2025-05-21,20.0,27.3,10.7,0.00,0.00,0.00,0.0,49088.68,26.95,9.3,24.1,158,5.34,6.1,46,86,21,0.306,0.231,0.246,19.0,14.4,17.9,3,46,991.9
14,2025-05-22,22.8,30.4,12.4,0.00,0.00,0.00,0.0,54000.00,28.02,14.3,25.2,120,6.57,5.7,38,71,17,0.279,0.228,0.244,21.7,14.4,19.2,3,18,988.9
14,2025-05-23,24.9,33.2,17.3,0.70,0.70,0.00,1.0,54000.00,24.43,16.8,36.0,167,6.85,7.5,35,51,18,0.259,0.227,0.244,23.4,14.6,20.9,53,60,980.8
14,2025-05-24,17.7,20.6,13.8,4.40,4.40,0.00,8.0,41036.02,19.92,22.6,50.4,260,4.02,10.8,66,93,44,0.283,0.230,0.247,20.2,14.9,20.6,55,55,986.4
14,2025-05-25,17.8,23.2,12.1,1.40,1.40,0.00,8.0,52912.92,22.11,7.9,34.6,145,3.89,11.9,71,97,45,0.300,0.238,0.254,19.3,15.0,18.9,53,55,986.0
14,2025-05-26,13.7,16.3,7.4,1.00,1.00,0.00,7.0,43587.68,16.79,20.8,41.8,341,3.30,7.0,67,96,40,0.308,0.241,0.256,16.9,15.0,17.9,51,59,986.5
14,2025-05-27,9.0,13.0,4.9,0.00,0.00,0.00,0.0,49473.84,20.79,24.7,49.7,321,3.69,-2.9,45,66,27,0.301,0.246,0.260,12.3,14.7,14.7,3,81,997.0
14,2025-05-28,14.6,20.7,7.9,1.00,1.00,0.00,3.0,45628.20,20.13,33.1,67.0,283,5.21,2.3,44,67,34,0.297,0.247,0.261,14.6,14.1,13.9,53,52,989.7
14,2025-05-29,11.9,17.1,6.5,0.00,0.00,0.00,0.0,54000.00,28.72,15.0,34.6,27,4.88,0.3,48,73,28,0.287,0.245,0.261,14.4,13.8,14.4,3,24,995.2
14,2025-05-30,14.0,21.0,5.3,0.00,0.00,0.00,0.0,54000.00,29.13,17.9,40.0,12,5.48,0.8,43,67,25,0.270,0.244,0.260,15.0,13.5,14.4,1,4,990.5
14,2025-05-31,19.4,27.9,8.1,0.00,0.00,0.00,0.0,50641.27,24.53,13.1,28.1,340,5.39,6.7,48,75,26,0.255,0.240,0.259,17.9,13.3,15.6,3,13,991.1
14,2025-06-01,22.2,29.1,13.5,0.10,0.10,0.00,1.0,54000.00,27.07,13.2,29.5,29,6.06,9.4,48,78,26,0.240,0.236,0.256,21.5,13.4,18.2,51,28,990.7
14,2025-06-02,23.0,28.8,16.1,0.10,0.10,0.00,1.0,50947.89,24.83,8.0,22.0,351,5.31,9.9,46,72,29,0.228,0.232,0.254,22.9,13.8,19.9,51,54,987.8
14,2025-06-03,22.7,27.9,17.3,1.20,1.20,0.00,2.0,52081.76,23.46,8.5,27.4,131,5.02,10.6,48,70,32,0.225,0.230,0.254,22.8,14.3,20.7,53,46,985.4
14,2025-06-04,24.9,32.7,15.8,0.00,0.00,0.00,0.0,54000.00,25.65,14.3,26.3,112,6.19,10.0,45,83,19,0.220,0.225,0.251,24.0,14.7,21.3,3,47,983.1
14,2025-06-05,24.7,30.2,18.7,1.20,1.20,0.00,4.0,44268.32,21.68,14.0,33.1,91,5.63,11.6,46,68,31,0.215,0.221,0.249,24.8,15.2,22.3,53,66,981.8
14,2025-06-06,24.3,31.3,16.3,0.00,0.00,0.00,0.0,54123.42,27.60,13.1,27.4,343,6.41,9.9,43,73,23,0.218,0.226,0.253,24.7,15.6,22.6,1,3,986.1
14,2025-06-07,26.0,32.7,18.1,0.00,0.00,0.00,0.0,48682.94,26.58,12.7,28.1,64,6.64,11.2,42,66,24,0.212,0.225,0.254,25.8,16.1,23.3,3,57,986.4
14,2025-06-08,26.0,32.4,20.0,0.10,0.10,0.00,1.0,43842.92,22.40,22.2,41.4,254,6.21,13.6,49,73,28,0.206,0.225,0.254,26.4,16.6,24.0,51,68,985.0
14,2025-06-09,19.7,23.1,16.6,0.00,0.00,0.00,0.0,36690.33,16.82,16.9,37.1,338,3.67,14.6,73,91,56,0.208,0.225,0.255,22.5,17.0,23.1,3,67,990.8
14,2025-06-10,21.2,26.9,14.9,0.00,0.00,0.00,0.0,54479.52,28.79,21.3,44.3,23,6.68,9.3,50,81,29,0.208,0.228,0.258,22.7,17.1,21.5,1,4,991.5
14,2025-06-11,23.4,29.8,15.4,0.00,0.00,0.00,0.0,54461.40,29.01,19.4,40.3,18,7.29,8.6,42,65,22,0.204,0.229,0.259,23.7,17.2,21.8,0,0,990.5
14,2025-06-12,25.6,32.9,17.3,0.00,0.00,0.00,0.0,54444.44,28.41,19.0,36.7,29,7.45,12.2,45,64,30,0.198,0.228,0.259,25.6,17.4,22.9,0,0,990.2
14,2025-06-13,26.7,33.8,19.2,0.00,0.00,0.00,0.0,51897.51,28.16,14.1,24.5,24,6.84,13.5,46,70,28,0.194,0.226,0.259,26.8,17.7,24.1,3,43,986.7
14,2025-06-14,25.8,31.5,20.0,1.40,1.40,0.00,2.0,47773.57,20.94,12.2,34.2,304,5.14,14.4,51,69,33,0.196,0.224,0.258,26.3,18.1,24.7,61,72,983.9
14,2025-06-15,24.8,30.6,19.0,0.60,0.60,0.00,1.0,51120.77,25.08,14.7,35.3,283,5.84,14.2,55,84,30,0.204,0.218,0.253,26.2,18.4,24.5,53,51,981.7
14,2025-06-16,24.5,29.5,19.4,0.70,0.70,0.00,3.0,52935.80,20.71,17.4,34.2,352,4.99,15.4,58,77,39,0.207,0.212,0.248,25.8,18.6,24.3,53,65,982.8
14,2025-06-17,26.0,32.3,18.9,0.00,0.00,0.00,0.0,54822.98,28.86,18.1,40.0,33,7.34,14.0,53,87,26,0.203,0.210,0.246,26.9,18.8,24.4,2,6,983.1
14,2025-06-18,26.6,34.3,17.8,0.00,0.00,0.00,0.0,55257.58,29.26,9.2,21.6,24,6.25,10.5,43,79,13,0.195,0.209,0.245,27.6,19.1,25.1,0,1,980.2
14,2025-06-19,28.9,38.3,18.5,0.10,0.10,0.00,1.0,48062.01,26.56,25.6,43.2,216,8.17,10.8,36,58,14,0.188,0.207,0.242,28.5,19.3,26.0,51,45,977.4
14,2025-06-20,25.6,31.7,19.9,7.10,7.10,0.00,8.0,32752.43,17.38,18.9,36.7,159,5.30,14.8,53,87,34,0.234,0.203,0.239,26.0,19.7,25.7,61,77,980.4
14,2025-06-21,24.9,29.4,18.6,0.60,0.60,0.00,2.0,51189.97,22.61,27.4,53.6,253,6.54,11.1,43,61,30,0.252,0.205,0.240,25.7,19.8,25.0,51,49,982.8
14,2025-06-22,26.7,34.4,16.1,0.00,0.00,0.00,0.0,54000.00,28.61,12.1,31.3,166,6.89,10.0,39,67,18,0.234,0.204,0.239,26.4,19.9,24.5,2,11,982.7
14,2025-06-23,27.3,34.7,20.9,0.00,0.00,0.00,0.0,50050.81,26.71,28.0,41.4,0,7.44,12.0,41,64,23,0.214,0.200,0.236,28.3,20.0,26.0,3,33,978.8
14,2025-06-24,23.1,28.0,17.7,0.50,0.50,0.00,2.0,49125.14,22.56,19.3,41.8,293,5.75,10.7,50,86,26,0.208,0.199,0.235,25.3,20.3,25.7,51,52,981.3
14,2025-06-25,20.7,25.3,16.3,2.50,2.50,0.00,8.0,50412.62,18.76,26.3,45.0,34,4.78,12.7,61,83,45,0.216,0.205,0.239,23.0,20.3,24.0,55,49,980.7
14,2025-06-26,20.9,27.0,14.3,2.10,2.10,0.00,3.0,49823.43,26.59,19.5,42.1,52,6.01,12.0,60,87,36,0.228,0.211,0.244,22.7,20.2,22.5,61,63,982.6
14,2025-06-27,19.1,23.4,15.9,8.90,8.90,0.00,15.0,42690.53,18.10,15.5,35.3,279,3.53,14.7,77,95,59,0.303,0.216,0.248,21.5,20.0,22.2,61,81,978.5
14,2025-06-28,20.1,26.2,14.9,0.80,0.80,0.00,5.0,33302.38,13.46,15.7,32.4,252,3.47,11.9,62,84,37,0.327,0.220,0.249,20.6,19.8,20.8,51,53,980.5
14,2025-06-29,22.2,28.7,15.6,1.30,1.30,0.00,2.0,47857.33,23.55,14.1,34.2,134,5.34,11.6,54,81,30,0.310,0.221,0.249,22.4,19.5,21.2,55,64,975.5
14,2025-06-30,20.0,23.6,15.4,1.60,1.60,0.00,8.0,49533.64,21.93,15.0,31.7,233,4.38,13.7,69,89,48,0.310,0.224,0.250,21.9,19.4,21.7,53,67,973.0
14,2025-07-01,20.9,25.2,15.2,1.40,1.40,0.00,3.0,53837.19,21.86,9.7,31.7,267,4.35,14.4,69,90,49,0.304,0.226,0.251,22.1,19.3,21.5,55,49,978.6
14,2025-07-02,22.9,29.1,17.0,1.20,1.20,0.00,4.0,53031.05,23.85,11.4,29.2,296,5.05,15.6,66,90,39,0.292,0.225,0.250,23.9,19.2,22.2,53,37,984.4
14,2025-07-03,24.7,30.3,16.9,0.20,0.20,0.00,2.0,54796.41,24.18,11.6,27.0,33,5.51,15.8,61,91,36,0.279,0.224,0.249,24.7,19.3,23.0,51,14,986.7
14,2025-07-04,26.0,32.7,18.6,0.00,0.00,0.00,0.0,54804.99,28.42,10.3,24.1,45,6.39,13.6,50,79,27,0.257,0.221,0.247,26.3,19.4,23.9,0,2,982.9
14,2025-07-05,22.7,29.1,17.4,15.40,15.40,0.00,7.0,37880.40,16.47,15.7,36.0,199,4.26,14.6,63,93,40,0.295,0.227,0.251,24.3,19.6,24.4,63,77,973.6
14,2025-07-06,20.8,25.1,16.9,1.30,1.30,0.00,3.0,46714.74,19.16,20.3,41.4,262,4.42,13.8,65,82,48,0.384,0.241,0.252,22.0,19.7,22.7,53,58,977.2
14,2025-07-07,21.8,26.2,17.8,0.50,0.50,0.00,4.0,50430.11,22.72,15.1,36.4,281,4.69,15.8,71,92,50,0.361,0.246,0.251,23.2,19.7,22.2,51,55,978.0
14,2025-07-08,21.2,25.8,17.1,6.60,6.60,0.00,10.0,33548.92,16.89,15.9,32.8,329,3.85,15.1,71,100,42,0.402,0.253,0.251,22.1,19.7,21.9,61,51,982.9
14,2025-07-09,20.2,24.8,14.1,0.00,0.00,0.00,0.0,54367.00,28.28,17.4,37.8,23,5.96,10.2,55,81,36,0.365,0.258,0.251,21.6,19.5,21.3,3,63,984.9
14,2025-07-10,21.0,26.1,14.8,0.00,0.00,0.00,0.0,49865.35,22.07,20.0,40.7,9,5.35,11.3,56,74,38,0.332,0.259,0.251,21.3,19.4,20.9,3,73,983.2
14,2025-07-11,22.1,26.9,16.3,0.00,0.00,0.00,0.0,44067.79,21.03,14.8,32.8,7,4.92,12.7,58,80,36,0.307,0.257,0.251,22.3,19.3,21.2,3,87,985.0
14,2025-07-12,21.5,27.9,18.1,3.50,3.50,0.00,8.0,40645.53,18.08,19.5,41.8,208,4.15,15.0,68,89,43,0.305,0.256,0.252,22.1,19.2,21.5,53,58,984.0
14,2025-07-13,21.3,26.6,15.5,0.00,0.00,0.00,0.0,44095.15,18.33,12.0,18.0,316,3.92,11.7,57,82,37,0.304,0.256,0.253,21.9,19.2,21.5,3,26,983.7
14,2025-07-14,19.8,25.1,15.3,4.50,4.50,0.00,4.0,54101.80,24.13,17.5,34.9,307,4.88,12.2,64,82,36,0.321,0.256,0.254,21.1,19.2,21.2,61,18,979.6
14,2025-07-15,21.4,28.0,13.2,0.00,0.00,0.00,0.0,53198.69,20.78,9.9,25.6,306,4.49,11.9,59,88,30,0.315,0.252,0.252,21.6,19.1,21.0,3,28,981.5
14,2025-07-16,23.5,29.7,16.2,0.00,0.00,0.00,0.0,54151.33,25.95,12.6,26.3,39,5.97,12.6,54,85,30,0.289,0.244,0.246,23.7,19.1,21.8,3,29,982.7
14,2025-07-17,26.5,35.1,16.1,0.00,0.00,0.00,0.0,54000.00,27.34,14.5,28.1,134,6.72,11.6,45,85,19,0.264,0.235,0.241,25.6,19.3,23.1,3,14,982.6
14,2025-07-18,26.6,31.7,22.0,0.00,0.00,0.00,0.0,54000.00,24.31,19.4,37.4,49,6.90,12.8,43,55,32,0.247,0.234,0.242,26.7,19.6,24.8,3,48,982.2
14,2025-07-19,25.4,33.5,18.8,0.20,0.20,0.00,2.0,51089.80,18.62,19.6,43.2,293,5.74,13.6,51,73,28,0.237,0.234,0.244,25.7,19.9,24.9,51,49,977.8
14,2025-07-20,19.9,25.4,14.1,0.00,0.00,0.00,0.0,54000.00,27.52,18.7,34.9,350,6.04,8.0,49,73,27,0.233,0.236,0.247,22.9,20.2,23.6,0,2,988.6
14,2025-07-21,22.1,29.3,13.2,0.00,0.00,0.00,0.0,54000.00,24.72,19.4,38.5,328,6.31,8.4,46,78,21,0.226,0.236,0.248,22.6,20.2,22.4,2,11,988.6
14,2025-07-22,19.8,25.1,13.5,0.00,0.00,0.00,0.0,54000.00,27.23,14.9,32.4,18,5.95,6.9,47,77,26,0.217,0.232,0.247,22.5,20.1,22.4,3,23,991.2
14,2025-07-23,18.2,23.9,12.0,0.00,0.00,0.00,0.0,53975.69,27.35,20.9,41.0,44,6.24,3.7,41,67,24,0.215,0.233,0.249,20.7,20.1,21.4,3,9,987.4
14,2025-07-24,17.4,23.4,10.0,0.10,0.10,0.00,1.0,51631.45,20.13,16.2,30.6,37,4.77,5.7,48,66,32,0.214,0.234,0.251,19.2,19.9,20.3,51,58,981.0
14,2025-07-25,23.7,33.4,12.6,0.00,0.00,0.00,0.0,53821.38,26.29,15.1,29.5,83,6.83,8.1,43,77,17,0.207,0.229,0.249,23.1,19.6,20.9,2,14,976.4
14,2025-07-26,29.9,38.9,21.0,0.20,0.20,0.00,1.0,48924.26,23.93,15.7,29.9,115,7.07,10.2,33,59,13,0.199,0.223,0.245,28.0,19.7,24.0,51,42,973.9
14,2025-07-27,28.5,36.7,21.2,0.60,0.60,0.00,1.0,44388.74,23.66,15.4,29.9,150,6.61,13.1,41,63,21,0.203,0.225,0.248,28.4,20.2,26.2,53,54,975.6
14,2025-07-28,25.5,30.5,20.8,0.00,0.00,0.00,0.0,39892.08,22.77,19.2,30.2,279,5.71,12.5,46,67,29,0.211,0.228,0.251,26.9,20.6,26.5,3,81,979.6
14,2025-07-29,24.3,30.0,17.7,1.30,1.30,0.00,2.0,52096.69,19.07,10.9,25.9,84,4.53,13.7,54,72,31,0.218,0.234,0.257,25.5,21.0,25.5,55,68,978.0
14,2025-07-30,24.8,32.9,17.7,0.30,0.30,0.00,2.0,46180.53,21.81,7.9,24.5,100,4.82,13.4,54,85,26,0.224,0.237,0.261,25.3,21.2,25.1,51,38,976.1
14,2025-07-31,23.4,29.6,17.1,0.00,0.00,0.00,0.0,51752.41,20.20,14.6,31.7,243,4.83,13.1,56,81,30,0.221,0.239,0.264,24.5,21.3,24.7,3,47,976.8
14,2025-08-01,24.1,31.1,17.0,0.40,0.40,0.00,1.0,45601.21,21.27,16.7,37.4,172,5.49,12.8,53,78,28,0.222,0.243,0.268,24.6,21.4,24.5,51,49,978.1
14,2025-08-02,22.3,26.6,18.1,1.60,1.60,0.00,5.0,41536.00,18.24,8.3,22.7,282,3.93,14.9,64,85,46,0.227,0.243,0.270,24.1,21.4,24.2,53,91,977.8
14,2025-08-03,18.5,21.1,13.6,2.70,2.70,0.00,10.0,34552.72,12.73,21.7,44.6,321,2.84,13.4,73,90,52,0.247,0.245,0.272,21.1,21.4,22.8,55,60,983.1
14,2025-08-04,15.1,19.4,10.6,0.10,0.10,0.00,1.0,50281.32,20.65,19.0,39.6,316,4.20,5.4,56,79,27,0.251,0.245,0.273,18.0,21.1,20.3,51,41,990.6
14,2025-08-05,13.9,19.3,6.9,0.20,0.20,0.00,2.0,49546.47,19.34,15.1,32.8,293,3.69,4.3,57,90,31,0.244,0.243,0.273,16.2,20.6,18.5,51,18,993.3
14,2025-08-06,16.5,25.1,9.5,1.40,1.40,0.00,6.0,44727.74,17.43,27.1,55.1,229,4.67,6.8,55,75,28,0.242,0.243,0.272,17.1,20.1,18.0,53,54,986.6
14,2025-08-07,15.7,23.1,6.8,0.00,0.00,0.00,0.0,51206.28,25.53,13.3,25.2,86,4.80,5.2,54,93,23,0.237,0.239,0.270,17.9,19.6,18.3,2,11,987.6
14,2025-08-08,19.2,25.0,15.2,0.50,0.50,0.00,3.0,37447.83,17.10,20.9,49.0,260,4.17,9.5,55,72,29,0.233,0.234,0.267,19.5,19.3,19.1,51,74,980.7
14,2025-08-09,17.1,21.5,13.5,0.60,0.60,0.00,4.0,24970.29,12.70,20.3,41.0,318,3.22,9.4,62,83,39,0.232,0.234,0.267,18.4,19.2,19.3,51,67,984.6
14,2025-08-10,17.9,24.0,10.7,0.00,0.00,0.00,0.0,36175.49,15.58,12.9,29.2,311,3.72,9.0,59,86,35,0.230,0.234,0.267,18.6,19.0,19.0,3,54,989.0
14,2025-08-11,19.2,27.2,10.0,0.00,0.00,0.00,0.0,50580.46,23.01,9.2,19.1,29,4.58,8.1,54,87,23,0.223,0.230,0.265,20.1,18.9,19.4,3,20,989.9
14,2025-08-12,20.2,27.1,12.8,0.70,0.70,0.00,4.0,47259.46,16.60,22.4,42.5,167,4.49,9.9,54,75,28,0.219,0.230,0.266,20.2,18.9,20.1,51,56,981.3
14,2025-08-13,20.1,26.5,16.0,2.50,2.50,0.00,11.0,43289.58,15.12,20.8,42.5,270,3.62,12.7,65,91,36,0.230,0.231,0.267,20.6,18.9,20.5,53,60,982.5
14,2025-08-14,21.5,28.3,14.1,2.00,2.00,0.00,3.0,43200.00,20.98,20.4,40.3,168,5.33,11.7,57,79,30,0.234,0.230,0.266,21.6,19.0,20.6,55,24,980.0
14,2025-08-15,20.1,25.1,14.9,1.40,1.40,0.00,5.0,45728.40,17.55,21.0,43.9,235,4.05,12.6,64,84,39,0.251,0.234,0.270,20.8,19.1,21.1,53,60,977.5
14,2025-08-16,21.8,27.6,15.7,0.00,0.00,0.00,0.0,48688.59,21.55,13.6,39.2,206,4.83,11.7,55,79,33,0.246,0.233,0.270,21.9,19.1,21.0,3,65,979.4
14,2025-08-17,19.7,25.5,15.6,1.50,1.50,0.00,10.0,40179.20,16.66,18.4,40.7,232,3.68,12.8,68,93,36,0.246,0.234,0.270,20.6,19.2,21.2,51,59,980.1
14,2025-08-18,18.3,24.9,13.2,3.80,3.80,0.00,5.0,44051.61,18.60,15.7,36.0,239,3.61,12.7,71,89,45,0.261,0.236,0.272,19.9,19.3,20.6,61,33,984.7
14,2025-08-19,17.8,22.7,12.2,0.00,0.00,0.00,0.0,48460.58,17.44,18.8,39.6,248,3.54,11.4,68,86,44,0.277,0.236,0.273,19.0,19.2,19.8,3,41,986.4
14,2025-08-20,21.2,27.7,14.0,0.00,0.00,0.00,0.0,48513.18,20.15,13.9,22.0,113,4.17,10.4,55,87,27,0.264,0.233,0.271,21.3,19.1,20.1,3,62,985.2
14,2025-08-21,22.7,31.0,15.4,1.00,1.00,0.00,2.0,42693.04,19.21,16.3,32.4,144,4.89,11.3,52,77,26,0.255,0.228,0.267,22.2,19.2,21.2,53,78,981.7
14,2025-08-22,22.5,29.9,17.1,0.20,0.20,0.00,1.0,46048.26,19.18,19.7,39.6,197,5.23,11.1,51,75,28,0.254,0.225,0.265,22.5,19.3,21.7,51,27,978.7
14,2025-08-23,19.1,23.5,13.5,0.20,0.20,0.00,2.0,46232.64,16.69,18.0,40.0,276,3.88,10.7,60,82,40,0.243,0.223,0.263,20.4,19.5,21.1,51,29,981.5
14,2025-08-24,19.9,26.0,11.4,0.40,0.40,0.00,4.0,46863.90,18.57,11.1,29.9,310,3.97,12.0,64,94,38,0.236,0.222,0.262,20.5,19.4,20.4,51,21,988.5
14,2025-08-25,19.1,24.1,14.4,0.00,0.00,0.00,0.0,47296.63,20.02,14.5,31.3,339,4.38,10.0,59,90,30,0.228,0.219,0.260,20.7,19.4,20.7,1,8,993.2
14,2025-08-26,18.5,24.8,10.7,0.00,0.00,0.00,0.0,46984.46,21.97,17.6,34.6,2,5.11,6.7,50,76,27,0.218,0.215,0.257,19.7,19.4,20.1,0,0,994.4
14,2025-08-27,20.2,26.9,11.5,0.00,0.00,0.00,0.0,46800.00,20.41,16.8,36.0,8,4.69,11.0,58,79,38,0.212,0.214,0.256,20.8,19.4,20.3,3,13,995.0
14,2025-08-28,22.1,30.0,13.4,0.00,0.00,0.00,0.0,46800.00,20.62,9.8,33.1,43,4.57,13.1,60,92,33,0.208,0.213,0.255,22.3,19.4,21.3,2,9,992.2
14,2025-08-29,22.1,29.9,13.6,0.20,0.20,0.00,2.0,40154.15,16.24,19.5,37.8,322,4.34,12.1,56,80,32,0.206,0.214,0.255,22.3,19.5,22.0,51,58,988.2
14,2025-08-30,16.8,18.9,14.5,10.80,10.80,0.00,17.0,13156.57,9.75,10.5,29.9,83,1.81,14.5,87,99,74,0.254,0.217,0.257,19.2,19.7,21.2,63,88,981.3
14,2025-08-31,13.0,14.8,11.3,28.20,28.20,0.00,21.0,0.00,2.42,38.1,77.8,277,0.85,11.3,90,97,76,0.446,0.249,0.258,15.4,19.5,18.4,63,93,979.3
14,2025-09-01,13.7,17.8,9.6,5.60,5.60,0.00,7.0,31127.58,13.44,18.4,33.1,208,2.64,8.5,72,91,50,0.447,0.308,0.260,15.2,19.1,16.6,61,81,985.7
14,2025-09-02,12.1,14.6,10.5,16.20,16.20,0.00,23.0,3320.65,4.84,26.8,51.5,291,0.82,10.9,92,99,85,0.508,0.349,0.260,13.9,18.7,15.9,61,96,980.6
14,2025-09-03,13.7,18.1,10.4,0.00,0.00,0.00,0.0,32988.08,11.75,12.1,24.8,294,1.90,11.3,87,100,66,0.466,0.387,0.260,15.0,18.2,15.4,3,65,992.4
14,2025-09-04,14.8,20.8,9.2,0.50,0.50,0.00,4.0,43689.42,14.26,10.7,23.0,253,2.56,10.0,75,93,47,0.435,0.389,0.260,15.2,17.8,15.6,51,56,994.8
14,2025-09-05,15.9,22.8,8.1,0.00,0.00,0.00,0.0,46522.89,18.51,13.9,25.9,68,3.61,9.4,69,97,43,0.413,0.385,0.260,16.0,17.5,16.2,3,19,993.2
14,2025-09-06,15.5,22.5,8.7,0.00,0.00,0.00,0.0,46432.67,19.65,14.0,29.2,26,3.81,7.9,64,89,37,0.391,0.377,0.259,16.0,17.3,16.4,3,34,990.4
14,2025-09-07,15.8,22.7,8.5,0.00,0.00,0.00,0.0,46342.28,19.24,14.8,27.0,44,3.94,7.0,59,80,36,0.371,0.367,0.256,16.0,17.2,16.4,1,12,988.2
14,2025-09-08,18.1,27.1,11.5,1.00,1.00,0.00,1.0,42105.83,15.26,22.2,40.3,128,3.69,10.5,63,86,35,0.361,0.358,0.254,17.2,17.1,16.9,55,60,977.9
14,2025-09-09,14.0,17.4,10.9,1.30,1.30,0.00,8.0,34830.43,12.06,17.7,36.0,298,2.14,10.0,78,95,55,0.365,0.354,0.253,15.7,17.1,16.9,51,62,984.1
14,2025-09-10,14.9,21.7,7.5,0.00,0.00,0.00,0.0,43295.67,16.92,10.1,18.0,131,2.98,7.6,66,97,36,0.357,0.350,0.254,14.9,17.0,15.9,3,18,988.5
14,2025-09-11,13.3,16.6,9.8,4.00,4.00,0.00,9.0,22074.58,9.93,11.6,27.7,306,1.76,9.9,80,91,64,0.366,0.347,0.254,14.3,16.9,15.8,53,67,983.7
14,2025-09-12,13.2,18.7,7.6,1.90,1.90,0.00,7.0,40963.88,13.83,9.8,18.4,309,2.14,10.8,87,99,66,0.388,0.347,0.255,14.7,16.7,15.3,53,53,992.7
14,2025-09-13,11.2,13.2,8.4,2.60,2.60,0.00,14.0,21398.90,7.89,21.3,40.7,357,1.40,8.3,83,98,70,0.406,0.349,0.255,13.3,16.5,15.0,51,73,993.8
14,2025-09-14,10.2,13.8,6.5,0.00,0.00,0.00,0.0,10176.48,7.97,19.6,38.9,360,2.06,3.6,65,82,48,0.397,0.352,0.256,11.3,16.2,13.3,3,65,1001.8
14,2025-09-15,11.0,17.8,4.9,0.00,0.00,0.00,0.0,43463.66,17.77,20.5,44.3,33,3.23,3.4,62,83,39,0.381,0.351,0.257,11.4,15.8,12.7,0,0,1000.8
14,2025-09-16,12.8,22.5,2.7,0.00,0.00,0.00,0.0,42491.58,17.19,11.2,22.3,64,3.07,5.6,66,94,33,0.363,0.346,0.256,12.6,15.5,13.0,3,35,993.0
14,2025-09-17,17.0,24.3,11.2,0.30,0.30,0.00,3.0,38748.03,15.79,9.6,19.4,123,2.87,9.1,63,83,34,0.350,0.339,0.253,16.4,15.4,14.8,51,54,990.1
14,2025-09-18,15.1,20.8,9.8,0.10,0.10,0.00,1.0,40550.58,14.64,14.1,26.6,177,2.77,7.5,64,95,32,0.339,0.334,0.252,15.5,15.4,15.7,51,23,989.9
14,2025-09-19,13.8,20.8,7.4,0.00,0.00,0.00,0.0,39941.64,15.39,11.5,27.7,144,2.78,6.5,64,86,39,0.327,0.328,0.249,14.2,15.5,14.8,3,26,990.9
14,2025-09-20,14.1,19.8,8.9,0.20,0.20,0.00,2.0,35482.75,12.73,13.1,28.4,9,2.37,8.6,71,91,54,0.321,0.323,0.247,14.6,15.4,14.9,51,87,991.0
14,2025-09-21,14.2,21.3,8.2,0.00,0.00,0.00,0.0,38977.14,13.83,10.6,25.2,19,2.67,7.4,67,93,37,0.320,0.319,0.246,14.7,15.4,15.0,1,20,995.2
14,2025-09-22,14.1,21.7,4.7,0.00,0.00,0.00,0.0,37210.24,14.26,14.8,25.9,116,2.85,6.8,65,95,36,0.310,0.314,0.245,13.8,15.4,14.5,3,76,988.6
14,2025-09-23,14.2,17.1,10.6,2.60,2.60,0.00,10.0,30395.18,10.04,19.7,38.9,260,2.17,9.1,72,95,58,0.312,0.313,0.246,14.8,15.4,15.2,53,88,983.2
14,2025-09-24,13.8,18.8,8.3,0.00,0.00,0.00,0.0,35990.20,11.03,18.8,40.3,203,2.52,7.6,69,96,45,0.324,0.313,0.246,14.0,15.4,14.5,3,53,994.8
14,2025-09-25,17.3,25.4,10.7,0.00,0.00,0.00,0.0,39600.00,14.57,12.5,28.1,155,3.25,9.2,61,81,38,0.313,0.309,0.245,16.2,15.3,14.9,0,0,993.5
14,2025-09-26,15.7,25.3,7.3,0.00,0.00,0.00,0.0,39600.00,14.68,11.8,25.2,127,3.00,8.0,64,93,31,0.300,0.302,0.241,15.2,15.3,15.5,0,0,988.6
14,2025-09-27,17.1,26.6,8.3,0.00,0.00,0.00,0.0,39600.00,14.24,12.3,26.3,185,3.30,8.3,59,84,33,0.287,0.294,0.237,15.9,15.4,15.7,1,2,987.5
14,2025-09-28,16.9,24.6,11.0,1.30,1.30,0.00,6.0,33271.83,12.00,15.4,33.8,258,2.98,7.6,57,96,33,0.278,0.289,0.235,16.4,15.5,16.2,53,64,989.6
14,2025-09-29,7.0,10.5,4.7,8.00,8.00,0.00,14.0,0.00,1.76,16.5,30.6,3,0.59,5.1,88,97,77,0.375,0.289,0.235,10.9,15.6,14.5,61,100,996.0
14,2025-09-30,2.5,4.7,0.0,0.00,0.00,0.00,0.0,34137.07,11.79,16.3,32.4,8,1.35,-1.7,75,81,60,0.370,0.295,0.237,6.0,15.2,10.9,3,82,991.8
14,2025-10-01,2.2,6.4,-0.9,0.00,0.00,0.00,0.0,24715.22,8.97,13.0,30.2,332,1.29,-3.3,68,83,49,0.361,0.302,0.241,4.9,14.6,8.7,3,71,990.0
14,2025-10-02,4.1,8.6,-0.5,1.10,1.10,0.00,8.0,2824.11,5.17,24.2,45.0,220,1.20,-0.4,73,83,55,0.359,0.306,0.244,4.5,13.8,7.1,51,76,992.1
14,2025-10-03,4.1,5.5,1.9,1.40,1.40,0.00,11.0,18554.71,6.41,21.0,37.8,274,0.93,0.9,80,88,71,0.369,0.310,0.247,5.7,13.2,7.6,51,75,1001.4
14,2025-10-04,2.8,5.6,0.3,1.80,1.80,0.00,11.0,1377.77,5.75,27.9,51.1,259,0.94,-0.5,79,89,67,0.372,0.315,0.249,4.3,12.6,6.8,51,88,999.2
14,2025-10-05,0.9,2.2,-2.4,0.60,0.50,0.07,6.0,27809.18,8.00,22.6,42.1,314,1.15,-4.2,69,87,58,0.373,0.320,0.251,3.2,12.0,6.0,71,59,1009.1
14,2025-10-06,1.7,6.9,-5.4,0.00,0.00,0.00,0.0,32400.00,11.65,14.7,33.1,187,1.49,-4.5,67,95,41,0.366,0.324,0.253,2.4,11.4,4.7,3,56,1006.7
14,2025-10-07,4.2,7.4,1.1,0.00,0.00,0.00,0.0,7065.33,5.98,11.7,23.0,8,1.01,-0.7,71,86,57,0.360,0.326,0.255,5.1,10.8,5.6,3,87,1001.6
14,2025-10-08,1.7,3.8,-0.1,0.00,0.00,0.00,0.0,10982.08,5.77,12.1,24.8,360,0.87,-3.4,70,88,52,0.353,0.326,0.254,3.8,10.5,5.7,3,83,1002.8
14,2025-10-09,2.7,9.6,-3.9,0.00,0.00,0.00,0.0,37341.56,11.66,12.1,27.0,228,1.48,-2.9,69,94,42,0.347,0.325,0.255,3.2,10.1,4.8,2,12,1000.0
14,2025-10-10,1.5,4.8,-1.5,0.00,0.00,0.00,0.0,3019.12,5.14,11.5,22.0,4,0.80,-1.8,79,96,62,0.342,0.325,0.255,2.9,9.7,5.0,3,90,1002.3
14,2025-10-11,1.4,6.1,-4.0,1.70,1.40,0.21,10.0,19194.34,7.92,16.6,27.4,82,1.01,-2.0,79,95,59,0.343,0.327,0.257,2.4,9.4,4.6,71,97,996.5
14,2025-10-12,0.8,2.5,-2.1,0.60,0.50,0.07,4.0,29519.18,6.86,15.5,32.4,6,0.80,-2.2,81,99,64,0.352,0.328,0.258,2.9,9.1,4.6,71,79,995.9
14,2025-10-13,-1.6,2.3,-4.1,0.00,0.00,0.00,0.0,34961.51,10.97,12.8,26.3,359,1.07,-5.9,73,85,54,0.348,0.328,0.259,1.6,8.8,3.4,0,0,1003.0
14,2025-10-14,-3.1,-2.0,-4.6,0.00,0.00,0.00,0.0,24340.10,7.79,17.3,34.2,5,0.91,-8.4,67,78,58,0.346,0.329,0.260,-0.6,8.3,2.4,3,55,1009.4
14,2025-10-15,-2.5,1.6,-6.2,0.00,0.00,0.00,0.0,33827.73,10.58,18.6,37.4,7,1.24,-8.6,64,76,48,0.345,0.330,0.262,-1.5,7.8,1.2,0,0,1013.7
14,2025-10-16,-2.0,4.6,-6.0,0.00,0.00,0.00,0.0,33505.63,10.31,14.6,25.2,36,1.22,-8.1,64,75,42,0.344,0.331,0.263,-1.3,7.3,0.9,0,0,1010.4
14,2025-10-17,-1.3,7.4,-7.9,0.00,0.00,0.00,0.0,33182.19,10.19,10.9,16.2,62,1.23,-7.2,66,83,39,0.343,0.332,0.264,-1.2,6.9,0.8,0,0,1005.0
14,2025-10-18,3.3,12.1,-3.5,0.00,0.00,0.00,0.0,30203.08,9.32,19.6,37.4,130,2.09,-7.5,48,68,25,0.340,0.330,0.264,0.9,6.5,1.1,3,51,998.9
14,2025-10-19,4.2,9.7,0.7,0.00,0.00,0.00,0.0,32530.86,9.03,14.4,25.2,111,1.45,-2.4,63,82,45,0.333,0.326,0.262,4.0,6.3,2.7,3,31,1000.0
14,2025-10-20,3.6,10.9,-0.8,0.00,0.00,0.00,0.0,32585.30,9.07,11.9,21.2,22,1.31,-1.3,72,89,46,0.327,0.322,0.259,3.9,6.3,3.7,1,2,1002.9
14,2025-10-21,3.3,11.2,-2.5,0.00,0.00,0.00,0.0,32400.00,8.27,13.8,23.8,20,1.36,-2.2,70,92,46,0.321,0.318,0.257,3.3,6.4,3.9,1,14,1003.9
14,2025-10-22,4.0,11.7,-1.4,0.00,0.00,0.00,0.0,32695.15,9.27,16.2,32.0,22,1.72,-3.2,62,77,38,0.315,0.314,0.256,3.6,6.4,4.1,0,0,1007.2
14,2025-10-23,3.0,11.2,-2.9,0.00,0.00,0.00,0.0,32400.00,9.01,12.0,22.3,31,1.29,-1.9,72,87,46,0.308,0.311,0.254,3.3,6.5,4.0,0,0,1007.9
14,2025-10-24,3.1,13.5,-3.8,0.00,0.00,0.00,0.0,32419.11,8.76,9.9,15.8,80,1.22,-1.3,75,95,46,0.305,0.308,0.252,3.1,6.5,3.7,0,0,1003.3
14,2025-10-25,7.1,17.2,-0.8,0.00,0.00,0.00,0.0,32400.00,8.67,17.4,34.2,140,2.30,-3.4,52,84,24,0.299,0.304,0.250,5.0,6.5,4.4,3,52,993.4
14,2025-10-26,8.1,11.1,6.3,1.70,1.70,0.00,6.0,18335.08,4.95,16.1,28.1,79,1.09,3.4,73,87,48,0.302,0.302,0.249,7.5,6.7,6.3,53,83,990.5
14,2025-10-27,4.6,7.8,-0.1,0.00,0.00,0.00,0.0,28580.74,7.20,12.7,27.7,348,1.00,1.2,79,90,64,0.306,0.301,0.249,5.7,6.9,6.3,2,46,996.6
14,2025-10-28,1.7,9.3,-2.7,0.00,0.00,0.00,0.0,32400.00,8.01,8.6,17.6,340,0.93,-1.6,80,90,53,0.303,0.301,0.249,3.2,7.0,4.7,0,0,1001.3
14,2025-10-29,1.9,10.7,-2.5,0.00,0.00,0.00,0.0,32400.00,7.95,8.6,16.6,38,0.93,-1.3,81,91,53,0.301,0.300,0.250,1.8,6.9,3.8,3,13,1002.4
14,2025-10-30,2.5,10.0,-2.3,0.00,0.00,0.00,0.0,32400.00,7.57,11.2,19.1,131,0.86,0.1,85,95,62,0.300,0.300,0.250,1.7,6.8,3.2,3,46,1002.1
14,2025-10-31,5.4,14.7,-1.4,0.00,0.00,0.00,0.0,32400.00,7.63,18.4,32.8,143,1.43,0.5,74,99,45,0.298,0.299,0.250,3.5,6.6,3.6,3,70,995.1
14,2025-11-01,8.2,12.6,4.2,3.00,3.00,0.00,9.0,21972.31,4.91,34.6,64.1,214,1.63,2.9,70,86,55,0.303,0.298,0.249,6.3,6.6,5.5,53,87,991.5
14,2025-11-02,5.0,7.9,3.1,0.20,0.20,0.00,2.0,26286.01,5.28,15.2,29.5,205,0.92,0.8,76,92,48,0.318,0.297,0.249,5.5,6.8,6.1,51,79,998.1
14,2025-11-03,5.8,10.6,3.0,0.70,0.70,0.00,4.0,15012.23,4.89,18.6,34.6,179,1.06,1.2,73,79,55,0.318,0.297,0.249,5.2,6.9,5.6,51,86,986.2
14,2025-11-04,2.1,5.8,-5.6,3.10,3.10,0.00,11.0,12757.50,3.27,18.4,34.9,265,0.73,-1.4,78,87,67,0.345,0.298,0.249,3.6,7.0,5.5,53,92,991.5
14,2025-11-05,-9.6,-5.6,-13.4,0.00,0.00,0.00,0.0,11950.27,4.57,16.8,32.4,286,0.43,-13.2,75,85,70,0.349,0.301,0.250,-4.3,6.9,2.4,3,84,1007.0
14,2025-11-06,-8.1,-2.7,-14.2,0.00,0.00,0.00,0.0,26652.37,6.90,17.4,34.2,188,0.64,-12.3,72,88,59,0.345,0.305,0.253,-6.1,6.4,0.5,3,48,1006.5
14,2025-11-07,-0.8,0.6,-3.5,2.70,0.10,1.82,20.0,0.00,3.13,21.4,41.0,194,0.81,-5.4,72,84,62,0.342,0.307,0.255,-1.8,5.9,0.3,71,99,999.9
14,2025-11-08,3.5,6.1,0.6,1.30,0.20,0.77,9.0,1002.09,3.43,23.5,44.6,196,1.64,-5.0,55,73,40,0.340,0.308,0.255,0.7,5.5,0.3,71,100,995.1
14,2025-11-09,4.9,6.7,2.9,0.80,0.70,0.07,6.0,0.00,1.67,22.6,42.8,198,1.47,-2.9,57,68,49,0.341,0.308,0.254,2.8,5.1,0.6,71,99,989.5
14,2025-11-10,0.8,4.9,-4.7,3.70,2.50,0.84,15.0,1531.81,2.87,29.2,55.1,244,0.78,-2.7,78,91,63,0.367,0.309,0.254,1.6,5.0,1.6,73,99,988.6
14,2025-11-11,-0.8,3.0,-6.3,0.00,0.00,0.00,0.0,24266.45,4.98,21.3,41.4,189,0.92,-5.7,70,84,58,0.366,0.312,0.256,-0.5,4.8,1.2,3,83,1001.2
14,2025-11-12,2.7,4.4,0.3,5.70,5.50,0.14,14.0,0.00,2.05,21.3,40.0,197,0.66,-0.3,81,92,68,0.377,0.314,0.256,0.9,4.7,1.1,71,93,994.5
14,2025-11-13,-0.5,4.5,-2.4,2.10,1.90,0.14,9.0,1131.24,2.62,18.6,39.2,293,0.55,-3.6,80,94,66,0.427,0.321,0.255,1.4,4.6,1.8,71,88,1000.5
14,2025-11-14,-3.0,-0.4,-5.8,0.00,0.00,0.00,0.0,10765.20,4.05,11.7,24.8,248,0.44,-6.0,80,86,67,0.406,0.330,0.257,-0.3,4.5,1.3,3,78,1011.0
14,2025-11-15,-3.8,0.8,-6.8,0.00,0.00,0.00,0.0,30833.13,6.08,17.1,32.0,140,0.78,-8.7,70,85,48,0.394,0.335,0.260,-2.4,4.4,0.8,0,2,1010.7
14,2025-11-16,-1.3,3.5,-5.2,0.00,0.00,0.00,0.0,30811.22,6.04,22.5,44.3,146,1.43,-10.3,52,75,33,0.386,0.338,0.261,-1.9,4.2,0.5,0,1,1008.7
14,2025-11-17,1.1,6.8,-2.2,0.00,0.00,0.00,0.0,29459.25,5.93,22.1,40.0,167,1.73,-9.2,47,54,33,0.380,0.341,0.263,-1.2,4.0,0.4,3,37,1005.4
14,2025-11-18,0.3,5.1,-1.5,0.00,0.00,0.00,0.0,24602.13,5.13,13.6,23.8,145,1.04,-8.0,54,61,41,0.376,0.342,0.264,0.1,3.9,0.4,3,28,1008.6
14,2025-11-19,0.8,6.0,-2.4,0.00,0.00,0.00,0.0,28914.39,5.30,17.1,29.5,144,1.51,-10.4,44,54,33,0.373,0.346,0.267,-0.6,3.8,0.5,3,31,1003.5
14,2025-11-20,1.4,7.1,-1.7,0.00,0.00,0.00,0.0,29738.41,5.60,17.3,30.6,165,1.26,-7.1,53,63,40,0.371,0.347,0.269,-0.1,3.7,0.5,3,24,1001.7
14,2025-11-21,2.8,4.7,0.4,4.60,4.60,0.00,15.0,0.00,0.85,16.2,29.9,248,0.27,0.9,88,99,60,0.398,0.348,0.269,0.8,3.6,0.6,53,100,1002.4
14,2025-11-22,-3.4,0.2,-7.6,0.00,0.00,0.00,0.0,560.89,2.20,17.9,35.6,311,0.39,-6.4,81,95,61,0.409,0.348,0.269,-0.0,3.5,0.8,3,76,1013.3
14,2025-11-23,-3.0,0.6,-7.1,0.00,0.00,0.00,0.0,11412.57,3.62,19.6,32.8,169,1.00,-10.8,59,87,31,0.398,0.353,0.272,-2.7,3.5,0.5,3,91,1007.5
14,2025-11-24,0.9,3.5,-4.4,12.00,9.30,1.89,12.0,0.00,0.66,21.6,39.2,239,0.53,-2.6,81,98,31,0.445,0.359,0.272,-0.8,3.4,0.4,73,91,998.5
14,2025-11-25,-2.4,1.6,-6.9,0.00,0.00,0.00,0.0,12738.37,3.28,17.7,29.5,178,0.37,-4.4,87,94,76,0.448,0.372,0.273,-1.2,3.3,0.3,3,75,1007.3
14,2025-11-26,2.4,5.6,0.8,0.00,0.00,0.00,0.0,13680.32,3.73,18.9,33.1,177,0.79,-1.2,77,87,65,0.430,0.378,0.274,-0.5,3.2,0.3,3,96,996.5
14,2025-11-27,0.5,3.3,-2.4,0.20,0.20,0.00,2.0,17688.92,2.93,18.3,35.6,257,0.48,-2.1,83,91,70,0.420,0.380,0.275,0.4,3.1,0.4,51,55,992.3
14,2025-11-28,-2.0,-0.2,-5.2,0.50,0.00,0.35,5.0,2894.97,2.19,17.4,34.2,285,0.43,-5.0,80,88,68,0.412,0.382,0.275,0.6,3.1,0.5,71,68,1003.9
14,2025-11-29,-4.8,-2.9,-6.9,0.00,0.00,0.00,0.0,5124.92,2.79,14.5,27.4,128,0.36,-8.1,78,91,62,0.409,0.384,0.277,-1.2,3.1,0.5,3,95,1008.5
14,2025-11-30,-3.9,-1.8,-6.0,1.20,0.00,0.84,6.0,20160.49,3.88,13.9,25.2,155,0.39,-7.5,76,86,65,0.405,0.384,0.278,-1.3,3.0,0.4,73,87,1001.7
14,2025-12-01,-1.9,0.3,-3.6,0.00,0.00,0.00,0.0,22767.75,2.93,13.2,20.2,148,0.33,-4.0,86,91,78,0.401,0.383,0.279,-0.4,2.9,0.3,3,71,1005.1
14,2025-12-02,-4.8,-2.9,-8.5,0.00,0.00,0.00,0.0,2669.85,2.49,14.2,23.4,135,0.40,-8.1,78,84,72,0.398,0.383,0.279,-2.4,2.9,0.2,3,84,1003.7
14,2025-12-03,-6.5,-2.0,-11.5,0.00,0.00,0.00,0.0,23228.90,3.79,9.8,16.6,147,0.28,-8.7,85,93,77,0.396,0.382,0.280,-3.7,2.8,-0.0,3,79,998.6
14,2025-12-04,-1.0,0.6,-2.8,1.20,0.00,0.84,12.0,9612.31,2.33,13.7,23.0,213,0.24,-2.1,92,95,86,0.394,0.381,0.281,-1.7,2.7,-0.2,71,93,996.2
14,2025-12-05,-1.2,0.0,-3.0,3.90,0.10,2.66,23.0,0.00,1.76,18.7,32.8,254,0.28,-2.6,90,94,88,0.393,0.381,0.281,-1.2,2.6,-0.2,73,97,998.3
14,2025-12-06,-4.8,-3.0,-6.5,0.00,0.00,0.00,0.0,4762.49,2.52,11.6,19.4,165,0.23,-6.3,89,94,81,0.391,0.380,0.283,-3.1,2.5,-0.2,3,94,1005.8
14,2025-12-07,-1.8,-0.7,-3.6,0.80,0.10,0.49,8.0,0.00,2.04,12.9,23.8,220,0.29,-3.9,86,89,81,0.390,0.380,0.283,-2.5,2.4,-0.3,71,100,1001.1
14,2025-12-08,-2.6,-0.8,-4.1,3.20,0.00,2.24,19.0,0.00,2.10,9.9,16.2,60,0.19,-3.6,92,95,89,0.389,0.379,0.283,-1.2,2.4,-0.4,73,100,998.3
14,2025-12-09,-4.5,-1.0,-8.1,6.30,0.00,4.41,16.0,0.00,1.51,17.2,29.2,110,0.20,-5.7,91,96,86,0.387,0.377,0.283,-1.9,2.3,-0.4,73,100,995.6
14,2025-12-10,-16.4,-7.8,-25.3,4.70,0.00,3.29,18.0,0.00,2.13,21.6,42.8,298,0.18,-18.9,81,90,76,0.386,0.376,0.284,-3.9,2.2,-0.4,73,86,1005.7
14,2025-12-11,-23.4,-18.9,-28.3,0.00,0.00,0.00,0.0,22415.48,3.83,17.2,28.1,152,0.14,-26.2,77,81,74,0.384,0.375,0.284,-4.1,2.2,-0.5,3,68,1021.2
14,2025-12-12,-12.7,-7.5,-22.1,0.00,0.00,0.00,0.0,3082.09,3.13,26.9,46.4,150,0.43,-16.7,72,76,68,0.383,0.374,0.284,-4.4,2.1,-0.7,3,85,1001.3
14,2025-12-13,-2.3,0.6,-7.3,4.40,0.60,2.66,16.0,0.00,1.91,27.3,49.0,165,0.43,-4.8,84,96,68,0.384,0.373,0.284,-2.7,2.0,-0.7,73,96,988.9
14,2025-12-14,-0.7,0.7,-2.1,1.60,0.90,0.49,9.0,7499.07,2.36,14.2,24.8,139,0.27,-2.4,89,95,78,0.395,0.373,0.285,-2.5,1.9,-0.8,71,89,989.0
14,2025-12-15,-2.3,1.6,-8.1,3.10,3.00,0.07,11.0,1348.45,1.53,25.4,50.4,194,0.44,-5.2,81,92,70,0.425,0.373,0.285,-2.4,1.8,-0.8,71,65,992.5
14,2025-12-16,-5.4,-2.9,-8.0,0.00,0.00,0.00,0.0,25292.05,4.37,19.0,32.4,185,0.55,-9.4,74,79,68,0.433,0.375,0.285,-0.8,1.8,-0.8,3,38,1000.0
14,2025-12-17,-11.2,-4.5,-22.6,0.40,0.00,0.28,3.0,25063.43,3.57,20.1,35.6,249,0.31,-14.3,78,87,70,0.424,0.377,0.286,-1.7,1.7,-0.8,71,60,996.0
14,2025-12-18,-18.1,-12.8,-23.8,0.60,0.00,0.42,6.0,0.00,2.61,9.3,14.0,193,0.14,-20.4,82,86,78,0.418,0.377,0.286,-4.0,1.7,-0.8,71,84,1002.6
14,2025-12-19,-9.8,-6.3,-15.0,0.20,0.00,0.14,2.0,5574.51,2.57,17.4,31.3,179,0.33,-12.9,78,81,75,0.413,0.377,0.286,-1.4,1.6,-0.9,71,90,1007.0
14,2025-12-20,-7.2,-5.3,-9.2,0.00,0.00,0.00,0.0,22643.22,3.66,18.6,31.3,168,0.41,-10.5,78,82,73,0.409,0.378,0.287,-0.5,1.6,-0.9,3,85,993.4
14,2025-12-21,-11.0,-4.7,-22.5,3.00,0.00,2.17,12.0,2379.77,2.57,21.2,38.2,267,0.24,-13.3,83,90,78,0.405,0.378,0.287,-2.6,1.6,-0.8,73,97,995.4
14,2025-12-22,-14.3,-7.5,-24.2,0.00,0.00,0.00,0.0,21600.00,3.77,16.2,27.0,180,0.30,-17.6,76,81,73,0.402,0.378,0.288,-2.7,1.5,-0.8,3,83,1006.4
14,2025-12-23,-10.1,-6.7,-12.5,0.00,0.00,0.00,0.0,25079.26,3.73,13.5,23.8,158,0.32,-13.4,77,80,72,0.400,0.378,0.289,-1.5,1.5,-0.9,3,73,1005.8
14,2025-12-24,-10.3,-6.8,-13.9,0.00,0.00,0.00,0.0,25664.96,4.27,17.4,29.5,161,0.32,-13.2,80,83,72,0.398,0.377,0.289,-2.7,1.5,-0.8,3,30,1001.5
14,2025-12-25,-6.0,-2.5,-8.2,0.00,0.00,0.00,0.0,18198.05,2.86,17.2,29.5,171,0.39,-8.8,80,83,76,0.396,0.377,0.289,-3.0,1.5,-0.9,3,87,995.0
14,2025-12-26,-8.9,-2.1,-24.5,3.30,0.00,2.38,14.0,148.70,1.60,28.4,49.7,231,0.29,-11.3,83,91,73,0.394,0.375,0.289,-4.2,1.4,-0.9,73,78,989.6
14,2025-12-27,-22.1,-15.3,-27.1,0.00,0.00,0.00,0.0,26073.93,4.42,10.9,18.4,146,0.16,-24.9,78,83,70,0.391,0.373,0.288,-3.8,1.4,-1.0,2,19,1001.9
14,2025-12-28,-19.7,-11.2,-24.9,0.00,0.00,0.00,0.0,25573.33,3.89,10.7,15.8,116,0.16,-22.1,81,88,72,0.389,0.372,0.288,-1.8,1.4,-1.1,2,25,999.1
14,2025-12-29,-10.6,-5.6,-16.5,0.00,0.00,0.00,0.0,26021.48,4.12,23.1,38.9,137,0.41,-13.9,77,84,70,0.388,0.371,0.288,-2.4,1.3,-1.1,1,18,994.5
14,2025-12-30,-5.0,-2.3,-8.5,0.10,0.10,0.00,1.0,19541.28,3.56,27.2,47.9,150,0.77,-9.9,68,76,62,0.387,0.371,0.288,-4.1,1.3,-1.1,51,84,988.0
14,2025-12-31,-0.6,1.7,-2.8,0.10,0.10,0.00,1.0,1054.28,2.68,24.4,41.8,168,0.96,-6.2,66,73,60,0.386,0.370,0.288,-2.1,1.3,-1.2,51,77,989.1
15,2025-01-01,-9.4,-4.5,-13.4,0.70,0.00,0.49,4.0,4245.86,3.38,33.7,49.3,209,0.24,-11.0,88,92,85,0.247,0.253,0.205,-7.1,0.2,-4.1,73,98,981.4
15,2025-01-02,-7.2,-3.3,-11.4,2.00,0.00,1.40,5.0,16111.85,4.23,34.3,54.4,241,0.35,-9.4,85,89,79,0.247,0.251,0.206,-5.3,0.2,-3.4,73,94,981.9
15,2025-01-03,-4.7,-1.8,-9.7,0.20,0.00,0.14,2.0,0.00,2.91,27.9,43.2,220,0.33,-6.5,88,90,84,0.247,0.251,0.206,-4.4,0.1,-3.4,71,90,984.9
15,2025-01-04,-2.2,-0.8,-3.2,0.10,0.00,0.07,1.0,450.68,3.10,14.9,23.0,204,0.29,-3.6,90,93,87,0.247,0.250,0.206,-2.5,0.1,-2.5,71,99,985.7
15,2025-01-05,-4.0,-2.1,-5.5,0.10,0.00,0.07,1.0,310.90,2.93,12.3,20.2,176,0.23,-5.3,91,93,88,0.246,0.248,0.206,-0.9,0.1,-2.1,71,95,985.7
15,2025-01-06,-3.1,-1.7,-4.7,0.50,0.00,0.35,4.0,3820.36,2.81,15.4,26.3,161,0.29,-4.6,90,92,88,0.246,0.248,0.206,-2.3,0.1,-1.9,71,99,986.5
15,2025-01-07,-1.1,-0.3,-2.4,9.60,0.00,6.72,23.0,0.00,2.52,35.7,58.7,147,0.34,-2.4,91,95,86,0.246,0.248,0.206,-2.2,0.1,-1.8,73,100,979.0
15,2025-01-08,-11.1,-3.2,-16.3,0.30,0.00,0.21,2.0,30397.90,6.63,36.3,56.5,337,0.40,-14.2,78,85,70,0.246,0.247,0.206,-1.9,0.1,-1.8,71,42,997.3
15,2025-01-09,-14.0,-9.6,-18.8,0.00,0.00,0.00,0.0,21020.73,5.67,12.3,14.4,141,0.28,-16.1,84,90,77,0.246,0.247,0.207,-1.0,0.1,-1.7,3,29,1004.3
15,2025-01-10,-13.0,-8.6,-15.2,0.00,0.00,0.00,0.0,30103.20,6.28,10.5,16.6,85,0.29,-15.0,85,89,78,0.245,0.247,0.207,-1.9,0.1,-1.6,0,3,997.4
15,2025-01-11,-14.0,-8.8,-17.7,0.00,0.00,0.00,0.0,30578.22,6.45,9.6,13.7,55,0.30,-16.2,84,92,74,0.245,0.247,0.207,-5.8,0.1,-1.9,3,14,993.2
15,2025-01-12,-12.5,-7.5,-16.0,0.00,0.00,0.00,0.0,30631.11,6.53,11.4,16.9,58,0.37,-15.8,77,82,70,0.245,0.246,0.207,-6.0,0.1,-2.8,0,0,990.8
15,2025-01-13,-12.3,-7.4,-15.9,0.00,0.00,0.00,0.0,30928.90,6.70,12.8,19.1,69,0.37,-15.3,79,84,72,0.245,0.246,0.207,-6.8,0.1,-4.1,0,0,989.3
15,2025-01-14,-11.3,-5.9,-14.8,0.00,0.00,0.00,0.0,31049.22,6.81,13.9,21.2,85,0.39,-14.1,80,87,73,0.245,0.246,0.207,-6.9,0.1,-4.5,0,0,985.8
15,2025-01-15,-13.6,-7.3,-19.9,0.00,0.00,0.00,0.0,30374.63,6.00,15.8,22.7,173,0.26,-15.2,88,91,83,0.244,0.245,0.207,-8.2,0.0,-5.0,3,61,978.8
15,2025-01-16,-6.8,-5.4,-8.6,0.00,0.00,0.00,0.0,0.00,4.19,18.2,29.9,227,0.32,-8.7,87,89,83,0.244,0.245,0.206,-4.8,-0.0,-4.2,3,99,978.8
15,2025-01-17,-5.7,-4.0,-7.3,0.90,0.00,0.70,7.0,3642.00,4.37,21.3,35.3,218,0.33,-7.3,89,91,87,0.244,0.244,0.206,-3.5,-0.0,-3.3,71,100,976.5
15,2025-01-18,-4.9,-3.4,-6.1,0.70,0.00,0.49,7.0,21647.34,5.29,11.0,18.7,210,0.34,-6.5,88,91,84,0.244,0.244,0.206,-2.5,-0.0,-2.6,71,99,977.8
15,2025-01-19,-1.5,0.5,-4.8,2.60,0.00,1.82,18.0,0.00,3.17,21.7,34.2,193,0.31,-2.7,91,94,88,0.244,0.244,0.206,-1.2,-0.0,-2.2,71,95,977.2
15,2025-01-20,-0.8,0.4,-2.2,5.30,0.00,3.71,20.0,2977.42,3.93,26.9,41.8,196,0.40,-2.2,90,93,87,0.244,0.244,0.207,-2.1,-0.0,-2.0,73,98,972.4
15,2025-01-21,-2.2,-1.3,-6.0,5.40,0.20,3.64,19.0,0.00,3.64,48.7,74.2,227,0.44,-3.8,88,93,84,0.243,0.243,0.207,-1.6,-0.0,-1.9,73,99,965.1
15,2025-01-22,-13.5,-6.5,-21.4,0.10,0.00,0.07,1.0,25606.46,6.91,36.1,56.2,264,0.32,-15.7,84,86,80,0.243,0.243,0.207,-3.0,-0.0,-1.8,71,91,974.6
15,2025-01-23,-24.7,-20.7,-29.3,0.00,0.00,0.00,0.0,31684.48,8.31,18.7,28.1,317,0.20,-27.6,77,82,72,0.242,0.242,0.206,-5.1,-0.0,-2.0,0,0,1001.9
15,2025-01-24,-24.9,-20.5,-29.2,0.00,0.00,0.00,0.0,31745.45,8.10,18.6,28.8,89,0.18,-27.5,79,82,77,0.243,0.242,0.205,-8.9,-0.1,-4.3,3,30,1009.1
15,2025-01-25,-18.4,-14.4,-22.3,0.00,0.00,0.00,0.0,30113.35,7.79,19.0,28.1,87,0.31,-21.6,76,79,72,0.243,0.242,0.205,-9.4,-0.1,-6.1,3,96,997.1
15,2025-01-26,-14.0,-10.4,-16.9,0.00,0.00,0.00,0.0,25357.88,7.20,16.4,24.1,90,0.38,-17.3,76,84,72,0.243,0.242,0.205,-8.7,-0.2,-6.0,3,98,987.9
15,2025-01-27,-15.7,-11.6,-20.1,0.00,0.00,0.00,0.0,31940.24,7.42,13.3,21.2,272,0.30,-17.9,83,90,75,0.242,0.241,0.206,-8.6,-0.2,-5.9,3,64,985.9
15,2025-01-28,-11.3,-7.4,-16.9,0.00,0.00,0.00,0.0,8225.65,5.43,10.9,18.0,252,0.32,-13.1,86,90,83,0.242,0.241,0.205,-6.1,-0.2,-5.5,3,88,987.3
15,2025-01-29,-6.5,-3.8,-9.0,2.90,0.00,2.03,14.0,5406.85,4.43,29.0,42.1,246,0.36,-8.3,87,91,85,0.241,0.241,0.205,-4.3,-0.3,-4.1,73,99,983.5
15,2025-01-30,-4.2,-1.2,-8.3,0.10,0.00,0.07,1.0,19111.15,6.88,23.1,35.6,293,0.55,-6.3,85,88,81,0.241,0.240,0.205,-3.4,-0.3,-2.9,71,94,985.5
15,2025-01-31,-8.1,-6.6,-10.0,0.00,0.00,0.00,0.0,23440.25,7.38,8.5,13.3,302,0.47,-10.5,83,86,79,0.240,0.239,0.205,-3.1,-0.3,-2.7,3,90,992.3
15,2025-02-01,-5.6,-2.1,-8.5,0.90,0.00,0.63,9.0,0.00,4.64,21.3,31.7,203,0.36,-7.4,87,90,85,0.241,0.239,0.205,-3.4,-0.3,-2.7,71,93,993.6
15,2025-02-02,-6.4,-3.9,-9.3,0.00,0.00,0.00,0.0,17756.83,6.09,16.4,22.7,89,0.42,-8.1,88,93,84,0.239,0.238,0.205,-3.2,-0.3,-2.5,3,84,994.9
15,2025-02-03,-10.4,-7.6,-14.0,0.00,0.00,0.00,0.0,29299.79,7.91,22.7,32.0,84,0.39,-12.2,87,91,81,0.238,0.238,0.205,-6.0,-0.3,-2.7,3,56,993.8
15,2025-02-04,-9.3,-6.2,-12.0,0.00,0.00,0.00,0.0,33050.40,9.95,25.4,37.8,71,0.57,-12.1,80,87,72,0.238,0.238,0.205,-6.0,-0.3,-3.3,1,4,991.3
15,2025-02-05,-9.3,-6.5,-12.7,0.00,0.00,0.00,0.0,32618.46,9.75,26.4,41.4,60,0.56,-12.0,81,86,77,0.238,0.237,0.206,-6.1,-0.4,-3.7,1,22,992.7
15,2025-02-06,-11.6,-8.6,-16.6,0.00,0.00,0.00,0.0,30818.99,7.75,30.2,45.0,55,0.40,-13.7,84,89,80,0.238,0.237,0.206,-6.9,-0.4,-3.9,3,60,991.7
15,2025-02-07,-17.2,-14.2,-20.5,0.00,0.00,0.00,0.0,33642.91,10.33,24.8,38.9,48,0.36,-20.0,79,83,76,0.238,0.237,0.206,-9.9,-0.4,-5.3,0,2,986.5
15,2025-02-08,-14.2,-10.1,-17.1,0.00,0.00,0.00,0.0,33962.40,10.29,25.7,40.3,55,0.51,-17.8,74,79,69,0.238,0.236,0.206,-9.5,-0.5,-6.1,0,2,986.0
15,2025-02-09,-12.6,-7.3,-16.9,0.00,0.00,0.00,0.0,34623.84,10.93,22.0,34.2,50,0.67,-17.0,70,74,63,0.238,0.236,0.206,-7.8,-0.5,-5.9,2,16,989.9
15,2025-02-10,-10.9,-6.2,-14.3,0.00,0.00,0.00,0.0,31109.89,10.19,25.8,38.9,56,0.55,-13.4,82,90,76,0.238,0.236,0.206,-6.5,-0.5,-5.2,3,46,993.7
15,2025-02-11,-13.6,-7.5,-17.9,0.00,0.00,0.00,0.0,34817.44,11.01,12.1,15.5,78,0.53,-15.8,84,91,74,0.238,0.236,0.206,-6.5,-0.6,-4.9,1,2,991.5
15,2025-02-12,-12.5,-6.1,-19.2,0.00,0.00,0.00,0.0,17919.37,7.11,16.7,27.4,261,0.37,-14.3,86,94,82,0.239,0.239,0.207,-7.2,-0.6,-5.1,3,89,987.8
15,2025-02-13,-3.5,-0.5,-7.9,0.10,0.00,0.07,1.0,5417.86,5.93,23.0,35.3,227,0.45,-5.0,89,93,84,0.239,0.240,0.207,-4.1,-0.6,-4.0,71,95,986.7
15,2025-02-14,-4.1,-2.0,-7.9,0.00,0.00,0.00,0.0,25454.69,7.67,13.2,18.7,135,0.55,-5.6,89,95,81,0.240,0.243,0.210,-3.4,-0.6,-2.7,3,78,985.4
15,2025-02-15,-8.9,-5.1,-13.0,0.00,0.00,0.00,0.0,29739.19,8.61,13.8,25.2,35,0.49,-10.6,87,90,83,0.240,0.244,0.210,-4.9,-0.6,-2.7,3,94,980.5
15,2025-02-16,-9.4,-5.3,-13.3,0.00,0.00,0.00,0.0,6530.79,7.02,7.4,14.4,209,0.45,-11.2,87,90,83,0.242,0.245,0.211,-4.8,-0.6,-3.0,3,97,984.7
15,2025-02-17,-9.0,-5.6,-11.5,0.00,0.00,0.00,0.0,1261.80,6.61,15.7,26.3,156,0.37,-10.5,89,91,85,0.241,0.245,0.211,-6.2,-0.7,-3.4,3,96,990.0
15,2025-02-18,-6.7,-3.7,-9.7,0.00,0.00,0.00,0.0,8550.08,7.60,17.1,28.8,104,0.46,-8.0,90,93,88,0.239,0.243,0.210,-5.4,-0.7,-3.4,3,97,987.1
15,2025-02-19,-7.8,-5.0,-11.1,0.00,0.00,0.00,0.0,22454.54,9.50,14.1,23.8,84,0.57,-10.1,84,90,75,0.239,0.243,0.210,-6.0,-0.7,-3.2,3,88,983.4
15,2025-02-20,-10.6,-6.4,-15.8,0.00,0.00,0.00,0.0,6225.56,7.29,8.9,14.4,58,0.45,-12.3,88,91,85,0.239,0.247,0.210,-6.8,-0.7,-3.7,3,85,985.0
15,2025-02-21,-7.2,-2.8,-10.4,0.00,0.00,0.00,0.0,5377.13,6.92,17.2,27.0,72,0.46,-8.7,89,91,86,0.239,0.245,0.209,-7.3,-0.7,-3.6,3,90,986.9
15,2025-02-22,-5.6,-1.6,-9.2,0.00,0.00,0.00,0.0,23350.05,9.21,19.6,30.6,91,0.67,-8.1,83,89,78,0.240,0.245,0.210,-6.6,-0.7,-3.7,3,98,982.7
15,2025-02-23,-2.9,0.4,-6.4,0.60,0.60,0.00,3.0,15067.67,9.17,18.9,28.4,95,0.85,-5.0,86,89,83,0.260,0.245,0.210,-4.9,-0.8,-3.3,51,90,980.5
15,2025-02-24,-1.5,1.1,-3.9,3.70,3.00,0.49,6.0,26000.62,10.98,18.9,32.8,94,0.97,-4.3,81,89,73,0.311,0.245,0.210,-3.5,-0.8,-2.6,73,87,976.2
15,2025-02-25,0.1,1.9,-0.9,1.80,1.10,0.49,5.0,18535.20,8.36,14.3,27.7,48,0.74,-1.3,90,93,83,0.384,0.251,0.210,-2.4,-0.8,-2.3,73,98,973.6
15,2025-02-26,-5.6,-0.5,-12.4,2.30,0.10,1.54,7.0,5850.28,7.82,30.2,47.5,252,0.48,-7.5,86,96,76,0.379,0.264,0.210,-3.2,-0.8,-2.1,73,95,979.9
15,2025-02-27,-9.8,-6.0,-14.5,0.00,0.00,0.00,0.0,10537.88,9.35,21.1,33.5,91,0.54,-11.8,86,98,75,0.370,0.267,0.209,-4.8,-0.8,-2.3,3,94,986.7
15,2025-02-28,-11.1,-6.0,-14.6,0.00,0.00,0.00,0.0,37167.40,13.11,15.9,24.8,67,0.74,-14.1,79,86,67,0.367,0.268,0.209,-6.0,-0.8,-3.5,3,65,984.5
15,2025-03-01,-8.8,-3.7,-14.9,0.00,0.00,0.00,0.0,38161.11,12.37,15.5,24.8,76,0.79,-11.2,83,90,72,0.366,0.268,0.210,-5.3,-0.8,-4.0,3,61,986.5
15,2025-03-02,-8.1,-4.2,-13.0,0.40,0.00,0.28,4.0,26361.60,10.29,17.3,29.5,91,0.60,-10.1,85,90,78,0.359,0.268,0.210,-6.8,-0.8,-3.9,71,90,982.2
15,2025-03-03,-8.5,-6.1,-13.1,6.80,0.00,4.76,18.0,17130.58,9.95,17.7,28.1,286,0.50,-10.2,88,93,83,0.354,0.268,0.210,-5.7,-0.9,-3.6,73,100,979.3
15,2025-03-04,-11.3,-9.6,-13.3,2.20,0.00,1.54,8.0,27560.71,12.19,23.5,37.8,231,0.49,-13.5,84,90,77,0.348,0.268,0.211,-5.9,-0.9,-3.8,73,99,985.7
15,2025-03-05,-8.1,-2.7,-13.6,0.00,0.00,0.00,0.0,29014.49,13.41,25.3,40.7,150,0.79,-10.6,82,86,75,0.343,0.267,0.211,-6.3,-0.9,-4.1,3,95,984.0
15,2025-03-06,-1.8,0.1,-4.7,4.00,0.10,2.73,20.0,7845.70,8.19,40.7,61.9,218,0.55,-3.2,90,93,84,0.340,0.267,0.211,-3.7,-0.9,-3.2,73,98,968.3
15,2025-03-07,-1.2,0.5,-3.0,1.40,0.00,0.98,14.0,20646.64,10.92,24.1,37.8,245,0.85,-2.9,89,92,85,0.338,0.267,0.211,-2.2,-0.9,-2.5,71,92,968.2
15,2025-03-08,-1.0,0.7,-3.1,6.90,0.60,4.41,20.0,0.00,7.09,35.2,50.8,232,0.58,-2.4,90,94,86,0.340,0.269,0.211,-1.9,-0.9,-2.2,75,98,965.9
15,2025-03-09,-5.8,-1.5,-13.9,0.50,0.00,0.35,4.0,39670.06,15.27,27.8,42.8,312,0.79,-7.8,86,90,82,0.345,0.271,0.212,-2.8,-0.9,-2.1,71,49,974.4
15,2025-03-10,-10.3,-3.8,-18.5,0.00,0.00,0.00,0.0,37403.02,16.13,17.9,29.9,238,0.80,-12.4,85,96,80,0.339,0.272,0.213,-4.0,-0.9,-2.4,3,34,985.3
15,2025-03-11,-3.3,-0.4,-6.5,0.00,0.00,0.00,0.0,36000.00,13.44,15.4,24.8,291,0.98,-5.8,83,87,79,0.332,0.273,0.213,-1.8,-0.9,-2.3,3,65,987.3
15,2025-03-12,-3.6,-1.4,-7.7,0.00,0.00,0.00,0.0,34554.41,13.54,21.0,33.8,92,0.92,-6.1,83,89,76,0.327,0.274,0.213,-3.0,-0.9,-2.2,3,68,992.1
15,2025-03-13,-6.5,-1.3,-10.8,0.00,0.00,0.00,0.0,39600.00,16.68,13.5,24.1,111,1.11,-9.4,80,90,67,0.325,0.274,0.214,-4.2,-1.0,-2.3,3,34,990.2
15,2025-03-14,-4.9,0.7,-11.6,0.20,0.20,0.00,1.0,39788.52,16.85,12.3,16.2,142,1.33,-8.7,75,83,65,0.332,0.274,0.214,-3.3,-1.0,-2.4,51,41,987.0
15,2025-03-15,-1.1,2.5,-4.4,0.00,0.00,0.00,0.0,32747.10,13.91,11.3,14.4,53,1.28,-3.5,84,91,75,0.361,0.275,0.213,-1.6,-1.0,-2.3,3,49,985.4
15,2025-03-16,-0.9,4.6,-5.9,0.30,0.30,0.00,3.0,40041.54,16.01,11.5,19.8,136,1.46,-4.0,81,93,64,0.375,0.290,0.212,-1.1,-1.0,-2.0,51,62,984.6
15,2025-03-17,1.9,11.2,-3.7,0.00,0.00,0.00,0.0,40680.89,17.44,17.8,25.6,173,1.93,-2.3,75,83,57,0.389,0.309,0.212,-2.7,-1.0,-1.9,3,17,980.8
15,2025-03-18,4.0,13.4,-1.1,0.00,0.00,0.00,0.0,40978.13,16.14,14.4,28.4,142,2.20,-1.6,70,88,37,0.395,0.334,0.213,-2.6,-1.0,-1.8,3,49,980.5
15,2025-03-19,5.3,16.5,-0.8,0.00,0.00,0.00,0.0,41328.08,18.28,17.7,33.1,135,2.74,-1.4,66,86,31,0.394,0.351,0.214,-2.1,-1.0,-1.7,3,20,977.6
15,2025-03-20,7.1,18.5,-1.0,0.00,0.00,0.00,0.0,36384.39,15.99,22.6,39.6,169,2.77,1.1,69,89,39,0.392,0.359,0.216,-1.8,-1.0,-1.7,3,92,973.4
15,2025-03-21,5.4,9.3,0.2,0.00,0.00,0.00,0.0,34406.52,14.89,20.1,36.7,322,1.98,0.8,73,91,56,0.381,0.365,0.217,1.3,-1.0,-1.5,3,61,978.5
15,2025-03-22,1.6,4.7,-0.5,0.00,0.00,0.00,0.0,38902.83,15.39,23.0,43.2,56,1.59,-2.4,75,89,52,0.371,0.363,0.219,0.8,-1.0,-1.2,3,91,984.7
15,2025-03-23,1.5,4.8,-0.6,0.00,0.00,0.00,0.0,41442.40,18.38,26.6,47.5,36,1.92,-3.8,69,83,49,0.368,0.362,0.221,1.1,-1.0,-1.1,3,69,981.8
15,2025-03-24,1.5,6.6,-1.7,0.00,0.00,0.00,0.0,34768.47,17.32,21.9,36.0,34,1.99,-3.4,72,88,38,0.368,0.360,0.223,1.5,-1.0,-0.9,3,68,983.4
15,2025-03-25,-1.5,3.0,-4.8,0.00,0.00,0.00,0.0,43282.91,20.21,28.1,49.0,62,2.00,-8.3,62,80,36,0.365,0.359,0.225,0.7,-1.0,-0.8,2,9,992.6
15,2025-03-26,0.3,5.8,-4.8,0.00,0.00,0.00,0.0,43328.57,19.10,31.1,50.4,74,2.24,-7.1,60,80,38,0.362,0.357,0.227,0.0,-0.9,-0.7,3,68,993.1
15,2025-03-27,1.3,5.2,-2.1,0.00,0.00,0.00,0.0,21302.02,13.10,26.8,47.9,65,2.02,-6.5,59,79,36,0.361,0.355,0.229,0.0,-0.9,-0.7,3,100,986.3
15,2025-03-28,3.1,7.1,-0.4,0.00,0.00,0.00,0.0,30572.49,14.78,18.2,31.3,120,1.86,-2.6,67,81,54,0.366,0.354,0.230,0.3,-0.9,-0.6,3,100,984.8
15,2025-03-29,4.0,10.7,-2.2,0.00,0.00,0.00,0.0,42344.62,18.25,10.1,17.3,48,2.34,-1.0,72,91,50,0.368,0.354,0.232,2.7,-0.9,-0.5,3,80,987.1
15,2025-03-30,5.3,12.4,-2.6,0.00,0.00,0.00,0.0,45256.22,20.84,9.7,17.3,67,2.88,-2.6,60,85,37,0.358,0.350,0.233,3.1,-0.9,-0.3,3,14,989.0
15,2025-03-31,6.5,14.2,-1.3,0.10,0.10,0.00,1.0,43824.85,18.82,8.8,16.6,24,2.71,-1.8,59,87,32,0.348,0.343,0.234,3.9,-0.9,-0.0,51,67,987.3
15,2025-04-01,9.9,18.0,1.5,0.00,0.00,0.00,0.0,45178.85,18.07,16.6,31.3,337,3.15,2.2,62,87,36,0.346,0.337,0.235,5.8,-0.9,0.5,3,40,983.8
15,2025-04-02,8.9,16.2,1.6,0.00,0.00,0.00,0.0,45873.17,20.98,13.5,28.4,85,3.34,0.9,61,83,34,0.344,0.331,0.236,6.7,-0.9,2.5,0,2,983.3
15,2025-04-03,11.4,20.6,2.5,0.00,0.00,0.00,0.0,42678.15,20.00,23.9,42.5,164,3.81,2.7,58,85,36,0.329,0.325,0.237,8.2,-0.8,4.9,3,66,974.6
15,2025-04-04,13.3,21.3,4.2,1.20,1.20,0.00,7.0,27953.37,15.47,49.3,83.5,232,4.10,5.2,60,84,37,0.323,0.318,0.238,10.7,-0.8,7.5,51,77,962.7
15,2025-04-05,7.5,15.3,-0.6,0.00,0.00,0.00,0.0,46491.09,21.62,13.2,27.0,229,3.13,0.8,67,93,37,0.313,0.315,0.240,8.3,-0.7,6.2,3,4,977.4
15,2025-04-06,11.8,19.8,3.1,0.00,0.00,0.00,0.0,36101.53,18.55,14.9,27.4,137,3.62,2.7,56,81,35,0.299,0.308,0.240,9.3,-0.6,6.1,3,75,976.0
15,2025-04-07,12.7,16.5,8.7,4.20,4.20,0.00,14.0,28970.34,11.07,38.0,57.2,208,2.24,8.7,77,95,52,0.318,0.306,0.242,10.4,-0.5,7.7,53,93,969.1
15,2025-04-08,13.3,18.3,9.9,1.20,1.20,0.00,7.0,32166.65,11.38,35.5,57.6,274,2.49,8.5,75,92,48,0.328,0.308,0.242,11.1,-0.5,8.0,51,69,975.7
15,2025-04-09,13.4,21.1,5.2,0.00,0.00,0.00,0.0,46800.00,21.61,10.8,19.1,106,3.66,7.3,70,91,42,0.313,0.306,0.243,12.2,-0.4,8.1,3,10,981.2
15,2025-04-10,16.2,23.3,9.2,0.00,0.00,0.00,0.0,41368.22,21.00,27.5,43.6,152,4.77,6.4,57,86,30,0.296,0.300,0.243,13.1,-0.3,9.3,3,63,979.1
15,2025-04-11,16.7,24.9,9.4,0.00,0.00,0.00,0.0,46144.60,19.72,27.1,45.4,145,5.33,4.2,47,70,23,0.281,0.294,0.243,13.1,-0.2,9.9,3,59,972.7
15,2025-04-12,17.9,24.9,11.5,0.00,0.00,0.00,0.0,42346.20,21.44,20.7,32.8,311,4.79,8.4,55,70,41,0.266,0.286,0.242,15.1,-0.1,10.8,3,72,969.4
15,2025-04-13,11.0,14.7,8.5,16.10,16.10,0.00,17.0,6079.68,5.98,22.5,37.1,14,1.19,8.9,87,95,74,0.323,0.287,0.242,11.3,0.1,10.2,61,89,971.4
15,2025-04-14,9.3,15.0,4.6,0.00,0.00,0.00,0.0,46800.00,20.47,18.4,33.1,280,2.93,5.0,76,93,50,0.352,0.315,0.243,10.2,0.2,7.5,3,41,981.0
15,2025-04-15,7.9,13.2,2.6,0.20,0.20,0.00,2.0,46800.00,18.78,24.7,42.5,309,2.79,2.2,69,90,49,0.328,0.317,0.245,8.4,0.3,6.8,51,23,982.0
15,2025-04-16,9.7,16.5,3.3,0.00,0.00,0.00,0.0,46800.00,23.52,18.4,32.0,354,3.46,3.1,67,91,40,0.315,0.313,0.246,9.4,0.4,6.6,0,1,984.4
15,2025-04-17,10.0,17.5,2.5,0.00,0.00,0.00,0.0,46800.00,21.74,22.0,40.7,342,3.88,1.8,60,92,38,0.301,0.308,0.246,9.7,0.5,7.1,3,43,978.7
15,2025-04-18,7.4,14.2,-0.2,0.00,0.00,0.00,0.0,46774.67,19.48,22.3,31.0,315,3.36,-2.3,53,87,31,0.290,0.303,0.247,8.6,0.6,6.6,3,31,981.0
15,2025-04-19,9.8,16.3,3.5,0.00,0.00,0.00,0.0,46800.00,19.92,16.8,31.7,331,3.31,0.9,56,79,33,0.282,0.301,0.247,9.6,0.7,6.7,3,74,980.6
15,2025-04-20,13.8,21.8,4.4,0.00,0.00,0.00,0.0,42548.42,21.27,21.3,38.5,236,4.31,4.2,56,85,32,0.275,0.300,0.246,10.8,0.9,7.5,3,20,982.6
15,2025-04-21,16.3,23.4,8.6,0.00,0.00,0.00,0.0,43129.90,17.61,14.2,27.7,259,3.82,7.3,59,86,33,0.266,0.291,0.246,13.4,1.6,9.2,3,70,983.1
15,2025-04-22,17.0,23.5,10.3,0.00,0.00,0.00,0.0,44961.74,19.76,11.0,22.0,334,4.15,7.5,57,83,32,0.257,0.283,0.244,15.0,2.4,10.9,3,60,983.5
15,2025-04-23,16.8,24.7,8.6,0.00,0.00,0.00,0.0,46800.00,21.95,13.0,23.0,327,4.44,7.5,60,93,28,0.249,0.276,0.243,15.4,3.5,12.0,3,38,981.8
15,2025-04-24,17.5,24.6,9.7,0.00,0.00,0.00,0.0,46800.00,23.35,11.5,21.2,32,4.65,6.9,54,80,28,0.242,0.270,0.242,16.3,4.7,12.7,3,64,980.7
15,2025-04-25,18.2,25.6,9.9,0.00,0.00,0.00,0.0,39633.51,21.30,19.3,33.8,129,5.15,6.5,50,74,26,0.234,0.265,0.242,16.2,5.7,13.5,3,63,976.6
15,2025-04-26,20.6,28.2,12.7,0.20,0.20,0.00,2.0,46492.21,22.42,25.3,43.2,165,6.37,6.3,42,59,23,0.230,0.261,0.242,17.4,6.7,14.5,51,76,971.2
15,2025-04-27,20.9,26.0,15.7,0.10,0.10,0.00,1.0,46343.06,24.47,29.2,51.1,248,5.98,10.5,52,74,40,0.223,0.255,0.241,18.8,7.7,16.0,51,26,968.9
15,2025-04-28,19.3,29.2,12.5,0.20,0.20,0.00,1.0,39729.03,21.48,30.2,55.4,223,5.35,10.4,60,85,31,0.217,0.251,0.241,18.0,8.6,15.8,51,46,971.7
15,2025-04-29,10.1,14.5,5.3,0.00,0.00,0.00,0.0,47055.38,24.20,27.8,46.1,306,4.19,-1.1,48,80,29,0.216,0.249,0.242,14.3,9.2,14.6,3,61,981.4
15,2025-04-30,8.3,14.4,1.1,0.00,0.00,0.00,0.0,47060.47,24.99,13.7,25.9,30,3.87,-2.7,48,69,30,0.215,0.249,0.244,11.8,9.3,11.8,3,57,988.3
15,2025-05-01,11.6,19.1,3.5,0.00,0.00,0.00,0.0,48067.72,25.39,17.4,32.4,50,4.55,-1.8,42,64,22,0.210,0.246,0.244,12.9,9.3,11.8,3,27,982.9
15,2025-05-02,13.3,19.2,6.5,0.00,0.00,0.00,0.0,48718.45,26.09,19.0,34.2,20,4.94,0.8,44,62,28,0.204,0.242,0.243,14.5,9.3,12.8,3,15,984.1
15,2025-05-03,15.8,24.9,6.1,0.00,0.00,0.00,0.0,49008.52,25.24,24.2,42.8,122,5.71,1.7,42,69,21,0.201,0.239,0.244,14.8,9.5,13.3,3,40,983.1
15,2025-05-04,19.3,29.2,10.3,0.00,0.00,0.00,0.0,41910.42,21.81,27.5,48.2,226,6.29,5.5,43,59,21,0.198,0.236,0.243,16.9,9.7,14.7,3,66,973.3
15,2025-05-05,17.4,24.7,9.0,0.00,0.00,0.00,0.0,49595.10,26.29,15.8,28.1,13,5.60,4.1,44,65,25,0.189,0.230,0.242,18.0,10.2,15.8,3,21,978.3
15,2025-05-06,19.2,27.6,9.5,0.00,0.00,0.00,0.0,50263.48,26.03,18.8,35.3,104,6.32,4.1,40,64,22,0.185,0.226,0.242,18.2,10.6,16.2,3,39,977.6
15,2025-05-07,20.7,28.5,11.9,0.00,0.00,0.00,0.0,48349.55,24.68,18.5,35.3,96,6.38,5.2,39,61,22,0.182,0.223,0.242,19.4,11.1,17.1,3,57,971.1
15,2025-05-08,22.1,30.7,13.4,0.00,0.00,0.00,0.0,46425.92,21.38,20.6,32.8,133,5.96,7.5,42,65,23,0.175,0.218,0.240,20.3,11.6,18.0,3,67,966.2
15,2025-05-09,20.7,26.5,14.7,0.50,0.50,0.00,3.0,49321.07,20.38,26.7,50.0,247,5.50,9.1,49,66,36,0.177,0.212,0.238,20.0,12.1,18.4,51,36,968.4
15,2025-05-10,19.4,26.1,12.1,0.80,0.80,0.00,3.0,50747.63,23.02,26.5,46.4,265,5.39,9.5,55,77,35,0.184,0.209,0.237,19.4,12.5,18.1,51,25,974.7
15,2025-05-11,19.2,26.2,10.4,0.00,0.00,0.00,0.0,51434.68,26.27,15.0,30.6,323,5.67,7.9,51,77,30,0.179,0.206,0.236,19.9,12.8,18.1,1,13,978.3
15,2025-05-12,20.6,28.4,11.5,0.00,0.00,0.00,0.0,52216.60,26.74,13.2,28.4,94,6.06,6.7,44,70,23,0.171,0.202,0.235,20.9,13.1,18.7,0,0,979.0
15,2025-05-13,23.1,32.9,11.8,0.00,0.00,0.00,0.0,52233.89,26.21,16.5,32.4,146,6.94,6.8,38,64,19,0.162,0.197,0.233,21.8,13.5,19.6,3,24,973.8
15,2025-05-14,25.3,35.7,13.2,0.00,0.00,0.00,0.0,52582.48,26.92,14.1,27.7,143,7.25,7.2,35,62,16,0.153,0.190,0.231,23.3,13.9,20.6,1,4,972.0
15,2025-05-15,28.3,37.9,16.9,0.00,0.00,0.00,0.0,49599.15,26.74,22.1,40.7,170,8.68,6.4,28,49,14,0.149,0.185,0.229,25.3,14.5,22.0,3,31,974.0
15,2025-05-16,29.3,39.0,18.6,0.00,0.00,0.00,0.0,48306.89,23.52,19.5,36.0,170,8.35,5.2,25,46,11,0.140,0.178,0.225,26.2,15.1,23.2,3,63,971.9
15,2025-05-17,24.6,29.4,18.3,0.00,0.00,0.00,0.0,20607.31,14.30,25.7,40.0,256,6.04,8.9,38,68,26,0.140,0.175,0.224,24.5,15.8,23.3,3,75,966.6
15,2025-05-18,15.6,19.7,12.3,2.80,2.80,0.00,8.0,23551.30,11.00,38.8,65.2,304,3.50,7.7,63,92,35,0.166,0.174,0.224,18.5,16.1,20.4,53,82,969.7
15,2025-05-19,16.1,22.6,8.2,0.00,0.00,0.00,0.0,53594.00,27.52,12.1,23.0,33,5.16,4.4,50,80,28,0.170,0.175,0.225,19.2,15.9,18.2,3,9,981.4
15,2025-05-20,19.0,26.3,9.5,0.00,0.00,0.00,0.0,52723.09,27.78,22.7,41.4,154,6.60,3.5,39,65,21,0.164,0.176,0.226,20.1,15.7,18.8,1,7,978.5
15,2025-05-21,22.8,30.7,12.4,0.00,0.00,0.00,0.0,50771.28,27.23,13.3,28.4,239,6.75,4.9,35,62,15,0.156,0.174,0.225,22.5,15.7,19.9,3,34,975.2
15,2025-05-22,23.6,32.7,15.7,0.20,0.20,0.00,2.0,52029.51,24.84,43.2,72.4,184,8.87,6.9,37,60,17,0.150,0.171,0.224,23.7,15.9,21.5,51,34,969.5
15,2025-05-23,17.3,22.0,11.7,0.00,0.00,0.00,0.0,50400.00,24.48,27.0,49.3,274,5.74,5.6,47,63,32,0.149,0.171,0.224,20.3,16.1,20.6,3,27,971.3
15,2025-05-24,16.8,23.2,10.5,3.50,3.50,0.00,4.0,48086.91,19.64,12.5,33.8,305,3.94,8.5,60,87,34,0.166,0.172,0.225,19.5,16.1,19.5,63,32,974.8
15,2025-05-25,16.6,21.7,11.0,0.50,0.50,0.00,1.0,53352.26,24.44,23.3,41.0,334,5.08,6.2,54,82,24,0.187,0.174,0.225,19.3,16.0,19.0,53,14,972.9
15,2025-05-26,14.1,20.3,6.3,0.00,0.00,0.00,0.0,53528.52,22.38,29.6,48.6,22,5.19,2.7,51,85,25,0.178,0.174,0.225,17.2,15.9,17.8,3,25,979.4
15,2025-05-27,17.5,24.5,8.7,0.00,0.00,0.00,0.0,54000.00,27.96,26.8,46.1,42,6.69,3.2,41,66,25,0.169,0.173,0.225,19.0,15.6,17.6,0,0,985.0
15,2025-05-28,21.0,29.0,11.2,0.00,0.00,0.00,0.0,54000.00,27.89,20.1,36.4,31,7.33,3.0,32,47,20,0.158,0.172,0.224,21.7,15.6,19.2,3,34,981.5
15,2025-05-29,22.0,27.5,15.3,0.00,0.00,0.00,0.0,54000.00,26.65,35.4,60.5,50,8.26,6.1,37,56,25,0.147,0.169,0.223,22.6,15.8,20.8,2,12,979.2
15,2025-05-30,23.4,29.2,16.0,0.00,0.00,0.00,0.0,51923.56,23.48,26.7,49.3,44,7.64,7.5,39,64,20,0.141,0.167,0.222,23.5,16.1,21.4,3,23,978.0
15,2025-05-31,23.5,29.7,15.7,0.00,0.00,0.00,0.0,54000.00,28.11,24.8,44.6,42,7.90,6.3,36,59,20,0.137,0.165,0.221,24.2,16.4,21.9,0,1,979.7
15,2025-06-01,24.7,31.6,14.5,0.00,0.00,0.00,0.0,54000.00,27.07,13.5,24.8,353,6.93,5.5,32,56,17,0.134,0.163,0.219,25.4,16.7,22.7,1,13,979.0
15,2025-06-02,25.6,32.4,16.4,0.30,0.30,0.00,1.0,51811.12,24.90,18.8,34.6,333,6.99,6.0,31,51,17,0.131,0.160,0.218,26.3,17.2,23.6,51,16,974.5
15,2025-06-03,24.9,33.7,17.3,0.00,0.00,0.00,0.0,25757.32,18.58,20.2,41.4,200,6.42,7.7,35,47,18,0.132,0.157,0.216,24.8,17.6,23.4,3,78,970.2
15,2025-06-04,26.3,32.5,20.3,1.90,1.90,0.00,4.0,29235.62,17.93,27.9,58.3,213,6.84,8.8,35,48,20,0.148,0.155,0.215,25.5,17.9,23.5,53,94,967.2
15,2025-06-05,23.4,30.0,15.6,0.00,0.00,0.00,0.0,54000.00,28.90,17.4,32.0,16,7.29,6.0,35,55,19,0.161,0.154,0.213,25.4,18.2,23.5,3,10,969.9
15,2025-06-06,26.4,33.9,17.1,0.00,0.00,0.00,0.0,43200.00,25.06,20.7,39.2,65,7.69,6.7,31,51,14,0.149,0.153,0.213,26.2,18.4,23.9,3,68,968.9
15,2025-06-07,25.4,31.3,21.4,1.50,1.50,0.00,3.0,44475.83,22.11,26.9,49.0,220,7.01,10.7,40,57,26,0.157,0.154,0.213,26.7,18.8,25.0,53,70,968.3
15,2025-06-08,24.0,30.7,16.7,0.50,0.50,0.00,2.0,51516.61,24.54,25.8,46.8,248,7.02,10.6,46,72,24,0.166,0.154,0.213,25.3,19.1,24.3,51,33,973.2
15,2025-06-09,22.4,30.1,14.1,0.00,0.00,0.00,0.0,51608.02,24.10,26.1,41.0,39,6.63,12.0,55,84,31,0.157,0.152,0.212,24.6,19.2,23.7,3,61,974.9
15,2025-06-10,25.0,31.6,18.3,0.20,0.20,0.00,2.0,49597.55,24.71,25.6,41.8,10,6.88,10.7,43,57,25,0.147,0.151,0.211,26.8,19.4,24.5,51,44,972.6
15,2025-06-11,24.3,30.6,18.3,0.50,0.50,0.00,4.0,51646.54,23.11,17.3,30.6,219,5.96,11.6,48,69,27,0.148,0.153,0.212,26.3,19.6,25.1,51,38,972.9
15,2025-06-12,24.8,32.1,17.3,0.20,0.20,0.00,1.0,51554.88,23.52,21.2,43.6,185,6.40,11.6,47,72,22,0.149,0.154,0.213,26.3,19.9,25.0,51,28,974.2
15,2025-06-13,25.1,31.9,17.2,1.70,1.70,0.00,2.0,51693.13,24.36,18.8,36.0,201,6.41,10.4,44,74,21,0.156,0.151,0.210,26.5,20.1,25.1,61,28,974.0
15,2025-06-14,26.0,32.7,17.5,0.00,0.00,0.00,0.0,54000.00,26.96,27.1,44.3,328,7.84,9.9,39,63,23,0.165,0.150,0.210,26.6,20.2,25.1,1,8,972.7
15,2025-06-15,27.6,35.0,16.9,0.00,0.00,0.00,0.0,54000.00,26.29,16.1,33.1,354,7.37,9.8,36,66,20,0.150,0.148,0.208,27.9,20.5,25.9,2,9,972.3
15,2025-06-16,29.1,36.0,19.5,0.00,0.00,0.00,0.0,51704.65,25.64,11.9,22.0,80,6.95,9.8,33,56,17,0.139,0.145,0.205,29.6,20.8,27.0,3,25,970.5
15,2025-06-17,30.0,38.1,19.8,0.30,0.30,0.00,2.0,49290.22,26.07,10.7,24.8,106,6.83,10.0,32,53,15,0.137,0.144,0.204,30.7,21.2,28.0,51,30,967.0
15,2025-06-18,30.3,38.7,21.9,1.00,1.00,0.00,2.0,42527.84,21.57,38.1,72.0,198,8.73,10.7,32,51,17,0.142,0.147,0.205,29.7,21.6,28.4,53,46,963.4
15,2025-06-19,25.4,30.4,18.4,0.00,0.00,0.00,0.0,53961.65,28.68,27.2,49.3,271,8.28,9.0,38,66,21,0.146,0.150,0.206,28.3,22.0,27.7,1,5,964.9
15,2025-06-20,22.2,26.2,16.8,0.30,0.30,0.00,2.0,50478.59,22.95,33.6,60.8,244,6.68,9.5,45,65,33,0.148,0.153,0.207,25.4,22.1,26.1,51,42,967.7
15,2025-06-21,24.7,31.8,16.4,0.10,0.10,0.00,1.0,54000.00,25.45,24.8,45.7,252,7.06,11.2,47,74,25,0.148,0.154,0.208,26.0,22.0,25.1,51,11,970.9
15,2025-06-22,26.2,32.9,17.3,0.10,0.10,0.00,1.0,52737.40,25.93,21.8,40.7,289,7.22,10.6,41,65,23,0.139,0.151,0.206,27.5,22.0,25.9,51,30,969.9
15,2025-06-23,22.7,27.3,17.5,2.00,2.00,0.00,5.0,46795.52,26.93,27.4,45.7,288,6.71,9.7,47,79,26,0.146,0.150,0.206,26.0,22.1,26.1,53,35,968.1
15,2025-06-24,22.1,27.3,14.3,0.30,0.30,0.00,3.0,47896.74,18.77,19.1,29.5,304,5.13,8.7,45,72,29,0.147,0.151,0.206,24.6,22.0,24.8,51,53,968.8
15,2025-06-25,21.2,27.3,15.8,1.50,1.50,0.00,6.0,38544.52,22.71,14.1,28.8,17,5.28,10.9,55,77,30,0.146,0.151,0.206,25.1,21.9,24.6,51,59,967.8
15,2025-06-26,19.8,24.9,14.6,2.70,2.70,0.00,7.0,50456.53,21.12,23.1,44.3,348,4.80,10.6,59,90,34,0.183,0.152,0.206,23.0,21.7,23.6,55,49,968.7
15,2025-06-27,22.5,29.7,13.2,0.00,0.00,0.00,0.0,39589.58,21.01,14.7,25.9,222,5.28,8.2,44,77,21,0.172,0.152,0.206,24.2,21.5,23.2,3,48,971.1
15,2025-06-28,21.3,30.5,15.9,0.60,0.60,0.00,5.0,42094.50,18.23,30.0,54.4,212,5.19,9.6,49,69,27,0.169,0.154,0.207,23.4,21.4,23.8,51,46,964.5
15,2025-06-29,19.5,23.9,14.7,0.40,0.40,0.00,4.0,51846.62,20.68,31.8,54.0,256,5.31,9.9,55,70,40,0.171,0.156,0.208,21.9,21.2,22.5,51,40,961.6
15,2025-06-30,21.5,27.5,14.6,0.00,0.00,0.00,0.0,47340.21,20.46,22.4,43.9,293,5.65,9.9,50,69,31,0.165,0.157,0.208,22.7,21.0,22.4,3,34,963.1
15,2025-07-01,24.0,30.5,15.3,0.00,0.00,0.00,0.0,49513.10,20.97,10.0,20.9,358,5.23,9.8,45,74,24,0.152,0.154,0.206,25.2,20.8,23.4,3,42,968.9
15,2025-07-02,26.9,34.4,16.7,0.00,0.00,0.00,0.0,54000.00,28.58,12.6,27.4,76,7.24,9.0,36,67,19,0.140,0.151,0.204,27.9,20.9,25.0,0,0,972.4
15,2025-07-03,30.4,37.9,21.2,0.00,0.00,0.00,0.0,54000.00,28.36,16.3,31.7,128,8.96,8.6,28,48,15,0.131,0.146,0.201,30.4,21.3,27.1,0,1,970.9
15,2025-07-04,29.7,38.3,23.6,0.10,0.10,0.00,1.0,43802.15,20.46,33.7,53.6,226,9.36,9.6,30,37,16,0.130,0.144,0.200,30.0,21.8,28.3,51,29,965.8
15,2025-07-05,24.6,29.6,17.7,0.00,0.00,0.00,0.0,54000.00,28.59,23.2,45.7,318,8.03,8.3,37,51,26,0.131,0.145,0.200,28.1,22.2,27.5,0,1,967.9
15,2025-07-06,24.9,30.9,16.3,0.00,0.00,0.00,0.0,54000.00,27.62,14.9,24.5,342,6.92,8.1,36,58,23,0.129,0.145,0.199,28.6,22.5,26.9,3,23,969.9
15,2025-07-07,26.4,32.5,17.2,0.00,0.00,0.00,0.0,54000.00,25.68,21.8,34.9,338,7.71,9.0,36,61,22,0.129,0.144,0.198,28.7,22.7,27.4,1,8,968.8
15,2025-07-08,24.8,30.3,17.5,0.00,0.00,0.00,0.0,54000.00,28.83,28.3,46.1,32,8.45,6.8,34,54,20,0.127,0.142,0.197,28.4,22.9,27.3,2,14,970.6
15,2025-07-09,23.4,28.9,17.1,1.10,1.10,0.00,3.0,52257.65,25.15,29.9,55.4,26,8.32,8.1,39,53,26,0.128,0.140,0.195,26.9,23.1,26.8,51,14,969.9
15,2025-07-10,23.6,28.7,16.4,0.00,0.00,0.00,0.0,49578.45,24.62,30.9,51.8,19,8.01,5.9,34,52,20,0.131,0.139,0.195,26.1,23.1,25.8,3,30,972.1
15,2025-07-11,25.8,33.0,15.9,0.00,0.00,0.00,0.0,53558.53,25.42,12.3,28.8,321,6.57,6.9,33,54,17,0.128,0.139,0.194,28.2,23.1,26.4,3,25,974.7
15,2025-07-12,27.4,33.4,20.0,0.00,0.00,0.00,0.0,54000.00,28.21,18.3,29.5,358,7.79,9.8,36,58,22,0.128,0.139,0.193,30.0,23.2,27.8,0,2,973.3
15,2025-07-13,26.3,32.1,18.4,0.00,0.00,0.00,0.0,54000.00,27.12,20.9,37.1,336,8.11,5.5,28,43,15,0.125,0.138,0.192,29.3,23.5,28.1,1,3,971.0
15,2025-07-14,23.9,29.9,15.5,0.00,0.00,0.00,0.0,54000.00,28.81,15.8,32.0,14,7.22,5.2,32,53,18,0.125,0.137,0.191,28.4,23.7,27.6,0,0,969.9
15,2025-07-15,25.2,31.4,16.8,0.00,0.00,0.00,0.0,53524.66,27.87,18.2,32.0,352,7.71,6.1,31,52,19,0.124,0.136,0.190,28.8,23.8,27.6,3,23,968.2
15,2025-07-16,28.2,36.2,19.6,0.00,0.00,0.00,0.0,53997.46,21.87,23.9,42.1,165,7.99,7.4,29,46,15,0.125,0.137,0.189,29.2,23.9,28.1,2,35,966.5
15,2025-07-17,29.3,36.3,21.0,0.00,0.00,0.00,0.0,52925.19,26.73,20.9,45.0,314,8.95,8.5,29,48,17,0.127,0.138,0.189,30.5,24.1,28.5,1,12,968.2
15,2025-07-18,31.1,40.2,20.5,0.00,0.00,0.00,0.0,47072.40,25.32,25.3,46.8,242,9.01,9.9,30,55,13,0.131,0.141,0.190,31.3,24.3,29.5,3,40,967.6
15,2025-07-19,26.7,31.6,20.8,0.00,0.00,0.00,0.0,54000.00,27.31,25.7,43.6,0,8.80,10.4,38,61,22,0.135,0.144,0.191,30.2,24.7,29.8,0,1,969.6
15,2025-07-20,23.2,29.6,15.5,0.00,0.00,0.00,0.0,54000.00,28.67,28.3,51.5,47,8.83,5.0,34,56,17,0.134,0.144,0.191,27.3,24.8,27.9,0,0,975.5
15,2025-07-21,26.2,33.3,17.1,0.00,0.00,0.00,0.0,54000.00,28.51,20.6,36.7,54,8.86,4.9,28,48,15,0.132,0.144,0.191,28.4,24.8,27.3,2,10,976.1
15,2025-07-22,27.9,35.1,18.4,0.00,0.00,0.00,0.0,54000.00,28.39,17.7,31.0,51,8.70,4.6,25,41,13,0.133,0.145,0.191,29.8,24.8,28.2,0,0,974.4
15,2025-07-23,28.6,35.8,19.8,0.00,0.00,0.00,0.0,47840.47,26.41,22.1,31.3,44,8.20,6.0,26,43,13,0.131,0.144,0.191,30.9,24.9,29.2,3,18,967.9
15,2025-07-24,29.3,37.4,19.6,0.00,0.00,0.00,0.0,53636.54,25.78,22.5,41.8,272,8.42,8.3,30,49,14,0.129,0.143,0.190,31.0,25.2,29.8,2,22,962.5
15,2025-07-25,26.4,32.6,20.5,0.70,0.70,0.00,3.0,51462.61,22.19,33.8,55.4,262,6.99,12.2,43,61,25,0.134,0.147,0.191,29.0,25.4,29.3,51,22,960.3
15,2025-07-26,25.0,30.7,19.9,3.30,3.30,0.00,6.0,49693.10,21.94,29.8,47.9,231,6.25,13.4,51,81,32,0.148,0.149,0.193,28.1,25.4,28.3,61,58,960.4
15,2025-07-27,21.5,26.6,17.3,0.20,0.20,0.00,2.0,47926.49,17.40,34.0,56.5,256,4.80,13.0,61,83,35,0.177,0.152,0.195,24.9,25.3,26.6,51,43,962.6
15,2025-07-28,22.2,27.1,15.9,0.00,0.00,0.00,0.0,53568.42,22.49,19.5,35.3,229,6.21,8.6,44,63,28,0.170,0.153,0.195,24.7,25.0,25.4,3,49,963.6
15,2025-07-29,18.8,22.4,14.1,1.80,1.80,0.00,8.0,38109.13,13.27,22.8,43.9,244,3.20,10.6,60,77,47,0.172,0.153,0.195,22.6,24.7,24.3,53,67,963.8
15,2025-07-30,20.7,26.9,13.3,0.10,0.10,0.00,1.0,46910.40,17.56,22.4,42.1,281,4.73,11.3,59,91,34,0.189,0.152,0.194,22.6,24.2,23.0,51,33,963.2
15,2025-07-31,22.4,28.7,16.7,0.00,0.00,0.00,0.0,51901.34,25.72,24.1,39.6,288,6.28,10.9,51,76,27,0.176,0.151,0.193,24.7,23.8,24.0,3,30,964.5
15,2025-08-01,22.1,27.8,16.3,1.00,1.00,0.00,8.0,48573.26,21.70,15.4,28.1,325,5.01,12.1,56,82,33,0.168,0.150,0.193,25.3,23.6,24.8,51,64,965.0
15,2025-08-02,23.6,28.9,17.2,0.10,0.10,0.00,1.0,51130.40,22.28,19.6,35.3,354,5.86,13.1,55,84,33,0.156,0.148,0.192,26.2,23.6,25.4,51,16,969.6
15,2025-08-03,23.6,29.1,17.3,0.00,0.00,0.00,0.0,51734.67,24.13,24.2,38.5,18,6.84,10.6,47,72,27,0.144,0.145,0.189,26.7,23.6,25.8,1,6,974.9
15,2025-08-04,21.0,26.4,14.7,0.00,0.00,0.00,0.0,51676.35,26.82,26.6,49.0,37,7.71,4.1,35,56,20,0.136,0.143,0.188,25.1,23.6,25.3,0,0,979.2
15,2025-08-05,20.6,27.2,12.5,0.00,0.00,0.00,0.0,51616.79,26.83,20.9,35.3,41,6.80,2.6,33,55,17,0.134,0.142,0.187,24.6,23.5,24.5,0,0,979.8
15,2025-08-06,23.8,31.7,13.2,0.00,0.00,0.00,0.0,47192.10,23.15,17.2,32.4,311,6.32,7.6,38,59,24,0.132,0.142,0.187,25.8,23.5,24.8,3,33,975.2
15,2025-08-07,25.9,31.5,20.8,0.60,0.60,0.00,1.0,47153.61,23.85,16.1,34.6,4,6.36,12.8,46,65,29,0.126,0.141,0.186,28.7,23.5,26.6,53,50,972.1
15,2025-08-08,27.4,35.0,19.7,0.60,0.60,0.00,2.0,47335.21,20.08,30.5,53.3,263,7.42,11.6,40,61,21,0.133,0.143,0.187,28.0,23.8,27.3,51,37,969.0
15,2025-08-09,23.3,28.8,17.5,0.00,0.00,0.00,0.0,49024.12,23.49,21.6,38.9,39,6.39,11.2,50,83,26,0.139,0.145,0.188,27.0,24.0,27.1,3,25,972.1
15,2025-08-10,23.0,29.4,16.4,0.00,0.00,0.00,0.0,48376.26,24.45,20.9,39.2,63,7.20,5.8,35,49,21,0.137,0.145,0.188,26.3,24.1,26.3,3,36,975.1
15,2025-08-11,24.9,33.4,16.7,0.70,0.70,0.00,2.0,47194.48,24.54,30.6,50.4,127,7.48,8.2,37,76,21,0.132,0.144,0.187,27.6,24.2,26.6,53,17,971.7
15,2025-08-12,22.0,28.7,14.6,0.00,0.00,0.00,0.0,48163.22,24.90,26.7,49.0,294,6.57,9.6,50,86,25,0.134,0.144,0.187,25.8,24.3,26.4,0,1,971.7
15,2025-08-13,23.6,31.1,14.1,0.00,0.00,0.00,0.0,46152.90,23.27,16.4,27.7,224,6.08,7.9,41,76,20,0.130,0.143,0.187,26.4,24.3,25.8,2,18,971.1
15,2025-08-14,21.1,26.2,16.0,1.00,1.00,0.00,2.0,46939.05,19.15,36.7,59.4,256,5.93,9.6,50,84,31,0.139,0.144,0.187,24.7,24.3,26.1,53,33,966.1
15,2025-08-15,20.0,26.1,14.0,2.00,2.00,0.00,4.0,46800.00,19.62,27.6,48.2,255,4.84,11.4,60,87,36,0.167,0.147,0.189,22.9,24.2,24.3,53,30,967.1
15,2025-08-16,18.2,22.8,14.7,1.40,1.40,0.00,6.0,42343.44,15.87,22.2,41.8,239,3.91,9.5,58,78,38,0.196,0.151,0.191,21.2,23.9,23.2,53,66,965.1
15,2025-08-17,20.0,25.6,13.9,0.10,0.10,0.00,1.0,46800.00,17.49,22.5,42.1,267,4.95,8.6,50,70,32,0.195,0.154,0.192,21.7,23.5,22.6,51,30,968.0
15,2025-08-18,20.8,27.9,12.2,0.00,0.00,0.00,0.0,46800.00,19.38,23.0,41.8,300,5.57,6.8,45,75,23,0.185,0.155,0.193,22.1,23.2,22.4,3,31,974.5
15,2025-08-19,21.9,29.5,12.1,0.00,0.00,0.00,0.0,46800.00,22.98,10.7,16.9,95,4.95,8.5,47,82,24,0.171,0.154,0.192,24.2,23.0,23.2,1,15,975.1
15,2025-08-20,24.2,31.9,15.4,0.00,0.00,0.00,0.0,45066.80,21.16,25.3,43.6,209,6.71,7.8,38,62,20,0.159,0.152,0.191,25.1,23.0,24.4,3,25,968.1
15,2025-08-21,22.5,28.1,15.8,0.00,0.00,0.00,0.0,46800.00,23.59,21.9,38.2,306,6.48,7.8,41,59,25,0.150,0.150,0.191,25.1,23.1,24.7,0,0,968.6
15,2025-08-22,21.1,27.3,12.5,0.00,0.00,0.00,0.0,30175.77,17.68,17.1,33.5,304,5.21,6.7,42,66,23,0.142,0.149,0.190,23.6,23.1,24.1,3,79,970.7
15,2025-08-23,22.7,28.1,16.1,0.00,0.00,0.00,0.0,46800.00,19.84,16.5,31.3,15,5.59,8.3,42,65,22,0.135,0.147,0.189,25.0,23.1,24.3,3,27,972.4
15,2025-08-24,23.3,30.2,15.7,0.00,0.00,0.00,0.0,46800.00,22.47,14.9,31.7,54,6.00,8.6,41,63,24,0.128,0.145,0.187,25.6,23.1,24.7,0,0,977.6
15,2025-08-25,25.3,32.5,17.4,0.00,0.00,0.00,0.0,46800.00,22.42,15.9,32.8,75,6.58,7.7,35,55,19,0.128,0.144,0.186,26.8,23.3,25.5,0,0,978.1
15,2025-08-26,26.0,33.7,17.8,0.00,0.00,0.00,0.0,46800.00,22.15,13.4,23.0,69,5.94,7.7,33,51,19,0.129,0.143,0.186,27.7,23.5,26.4,0,0,978.5
15,2025-08-27,25.8,33.5,17.2,0.00,0.00,0.00,0.0,46800.00,22.17,12.6,26.3,102,6.26,6.1,31,51,14,0.131,0.142,0.185,27.6,23.8,26.9,0,0,979.0
15,2025-08-28,26.1,34.2,16.4,0.00,0.00,0.00,0.0,46800.00,21.83,10.7,22.3,141,5.55,5.5,29,48,15,0.129,0.141,0.184,27.5,24.0,26.8,1,7,977.7
15,2025-08-29,24.8,30.9,18.3,0.00,0.00,0.00,0.0,46800.00,19.19,22.9,38.5,1,5.92,7.2,34,55,21,0.127,0.139,0.183,27.1,24.2,26.8,2,20,975.5
15,2025-08-30,19.8,25.5,14.2,0.00,0.00,0.00,0.0,46800.00,21.74,37.4,61.9,327,7.13,3.0,34,46,22,0.129,0.140,0.183,24.1,24.3,25.6,2,9,975.3
15,2025-08-31,17.4,23.8,9.7,0.00,0.00,0.00,0.0,46221.99,20.88,17.1,32.8,312,5.04,2.7,40,61,22,0.133,0.141,0.184,21.8,24.2,23.3,3,31,981.1
15,2025-09-01,21.8,29.1,16.0,0.00,0.00,0.00,0.0,46800.00,19.90,28.1,47.5,304,6.93,6.6,38,58,24,0.133,0.141,0.184,23.7,23.9,23.5,1,9,973.7
15,2025-09-02,17.0,22.7,11.3,0.00,0.00,0.00,0.0,46800.00,21.02,18.8,36.4,36,4.97,4.0,45,71,24,0.133,0.141,0.184,21.7,23.7,23.0,0,2,977.7
15,2025-09-03,18.0,25.2,9.3,0.00,0.00,0.00,0.0,46800.00,20.78,12.9,24.1,76,4.84,3.3,40,63,22,0.134,0.141,0.184,21.5,23.4,22.1,2,11,981.6
15,2025-09-04,20.8,28.7,12.6,0.00,0.00,0.00,0.0,46727.38,20.35,28.4,46.8,96,6.56,4.1,35,53,20,0.135,0.142,0.184,22.3,23.1,22.5,0,2,978.9
15,2025-09-05,22.9,30.6,15.1,0.00,0.00,0.00,0.0,44247.95,19.63,31.3,54.7,113,7.31,5.4,34,51,21,0.136,0.142,0.184,23.4,23.0,23.3,3,41,973.3
15,2025-09-06,22.8,30.4,16.1,0.00,0.00,0.00,0.0,46489.34,18.75,26.0,42.1,188,6.36,6.3,36,50,24,0.134,0.142,0.184,24.3,23.0,24.1,2,14,969.6
15,2025-09-07,19.8,25.8,12.7,0.00,0.00,0.00,0.0,35872.66,15.34,18.8,34.6,263,4.40,6.9,45,68,27,0.134,0.142,0.184,22.5,23.0,23.6,3,34,969.4
15,2025-09-08,15.9,18.9,13.2,10.50,10.50,0.00,17.0,26365.16,9.97,22.6,38.2,311,2.28,11.0,73,88,53,0.225,0.145,0.184,19.3,22.9,21.8,61,66,967.9
15,2025-09-09,16.0,22.0,9.5,0.00,0.00,0.00,0.0,35727.67,15.57,14.4,23.0,327,2.99,7.8,61,87,37,0.268,0.153,0.186,18.8,22.5,20.1,3,38,975.9
15,2025-09-10,15.6,20.1,11.1,1.20,1.20,0.00,4.0,44272.96,13.66,22.1,43.9,270,3.35,7.2,58,75,44,0.254,0.160,0.187,18.0,22.2,19.9,53,32,973.8
15,2025-09-11,13.2,17.9,7.8,0.00,0.00,0.00,0.0,23079.04,10.75,15.9,32.0,337,2.39,6.6,66,89,46,0.246,0.164,0.188,16.2,21.7,18.4,3,43,977.4
15,2025-09-12,14.9,20.5,10.2,0.00,0.00,0.00,0.0,32322.02,12.69,19.4,34.6,47,3.35,6.6,60,80,38,0.233,0.167,0.189,16.6,21.2,18.0,3,66,979.8
15,2025-09-13,13.5,18.4,8.5,0.10,0.10,0.00,1.0,38867.33,12.88,27.8,48.6,44,3.50,5.6,61,88,41,0.221,0.168,0.189,16.1,20.8,17.7,51,69,981.1
15,2025-09-14,13.1,19.4,7.0,0.00,0.00,0.00,0.0,41727.77,17.45,29.1,49.7,71,4.46,2.0,50,71,29,0.211,0.168,0.189,15.6,20.3,17.1,3,27,984.9
15,2025-09-15,11.8,14.8,8.6,3.80,3.80,0.00,11.0,1314.35,6.46,29.9,49.3,89,2.60,3.5,57,73,42,0.221,0.171,0.190,13.7,19.9,16.3,53,79,978.8
15,2025-09-16,10.6,13.1,7.7,1.50,1.50,0.00,11.0,28358.63,9.92,25.3,42.8,191,1.70,7.1,79,87,64,0.244,0.174,0.191,13.0,19.4,15.2,51,72,973.2
15,2025-09-17,11.1,14.7,8.7,7.20,7.20,0.00,21.0,11405.41,7.60,16.5,31.3,204,1.36,8.4,84,92,69,0.280,0.177,0.191,13.1,18.9,14.9,55,80,974.7
15,2025-09-18,11.7,17.1,6.5,0.30,0.30,0.00,3.0,33883.85,12.87,13.6,27.4,39,2.25,7.1,76,99,51,0.293,0.187,0.191,13.7,18.4,14.7,51,64,976.5
15,2025-09-19,13.7,19.7,7.9,0.00,0.00,0.00,0.0,35582.84,12.98,19.5,36.4,23,2.89,5.9,62,89,36,0.270,0.194,0.192,14.5,18.1,15.4,3,28,979.9
15,2025-09-20,14.0,21.2,6.6,0.00,0.00,0.00,0.0,40386.59,16.81,14.6,30.2,57,3.50,5.4,60,88,33,0.252,0.196,0.192,15.2,17.9,15.8,1,4,979.8
15,2025-09-21,13.9,20.2,7.4,0.10,0.10,0.00,1.0,20525.59,9.46,20.6,36.0,90,2.79,5.4,59,83,38,0.237,0.195,0.192,14.6,17.7,15.8,51,66,976.8
15,2025-09-22,16.7,22.9,10.8,0.10,0.10,0.00,1.0,39600.00,15.03,21.4,30.2,41,3.77,6.3,52,73,35,0.226,0.194,0.191,17.0,17.6,16.4,51,49,970.6
15,2025-09-23,15.6,20.5,10.4,0.50,0.50,0.00,4.0,39600.00,15.93,25.2,45.4,314,3.93,4.8,50,65,32,0.215,0.192,0.189,17.2,17.7,17.4,51,19,978.3
15,2025-09-24,16.0,25.5,6.7,0.00,0.00,0.00,0.0,39600.00,15.70,14.3,28.4,233,3.56,6.1,55,82,32,0.202,0.189,0.188,16.6,17.8,16.8,0,0,983.2
15,2025-09-25,17.2,25.0,8.5,0.00,0.00,0.00,0.0,39600.00,15.65,15.9,28.8,87,3.72,5.9,50,75,29,0.188,0.184,0.186,17.1,17.8,17.2,0,0,977.8
15,2025-09-26,17.1,26.0,8.6,0.00,0.00,0.00,0.0,39600.00,15.47,14.1,28.8,77,3.42,5.5,51,83,23,0.176,0.179,0.184,17.2,17.9,17.7,0,0,972.6
15,2025-09-27,17.5,26.9,8.0,0.00,0.00,0.00,0.0,39160.11,15.14,21.2,38.2,264,4.16,5.8,50,76,27,0.165,0.175,0.182,17.5,18.0,17.6,1,7,974.1
15,2025-09-28,12.8,16.9,8.6,0.00,0.00,0.00,0.0,37098.35,12.28,17.8,29.2,341,2.50,6.3,66,86,44,0.160,0.174,0.181,16.4,18.1,17.7,3,52,979.3
15,2025-09-29,8.9,14.5,4.6,0.00,0.00,0.00,0.0,37336.22,12.62,22.5,39.2,37,2.48,2.1,65,90,42,0.159,0.174,0.182,12.8,18.0,15.7,3,45,980.9
15,2025-09-30,4.6,8.5,0.7,0.00,0.00,0.00,0.0,31058.31,10.64,18.7,32.4,19,1.96,-2.3,62,82,45,0.160,0.175,0.183,9.3,17.6,13.2,3,65,979.2
15,2025-10-01,4.7,11.0,-0.5,0.00,0.00,0.00,0.0,39600.00,14.12,15.4,31.0,343,2.31,-5.5,50,70,30,0.161,0.175,0.183,8.8,17.1,11.8,1,15,981.6
15,2025-10-02,7.2,14.7,0.4,0.00,0.00,0.00,0.0,39600.00,14.33,18.6,35.3,291,2.85,-3.5,48,65,30,0.160,0.175,0.184,9.5,16.5,11.4,0,0,982.8
15,2025-10-03,6.7,13.0,0.6,0.00,0.00,0.00,0.0,39567.26,13.16,16.2,29.9,45,2.24,-1.8,58,84,35,0.158,0.175,0.184,9.4,16.0,11.7,1,12,989.3
15,2025-10-04,6.7,14.6,-1.7,0.00,0.00,0.00,0.0,38797.35,13.98,18.0,31.7,21,2.69,-3.2,53,81,29,0.154,0.174,0.183,9.1,15.6,11.2,2,10,990.0
15,2025-10-05,5.3,11.1,0.2,0.00,0.00,0.00,0.0,38516.07,13.89,20.6,37.8,64,2.63,-6.0,49,80,22,0.153,0.173,0.184,8.5,15.2,11.0,3,24,994.0
15,2025-10-06,5.1,12.7,-1.9,0.00,0.00,0.00,0.0,37188.23,13.19,12.8,26.3,86,2.42,-7.1,43,62,24,0.155,0.173,0.184,7.8,14.8,10.2,3,66,989.8
15,2025-10-07,6.8,14.5,-0.8,0.00,0.00,0.00,0.0,35037.74,13.02,17.9,33.8,58,2.90,-6.7,40,57,22,0.154,0.172,0.184,8.1,14.4,10.0,3,55,986.1
15,2025-10-08,7.5,15.0,0.7,0.00,0.00,0.00,0.0,37316.75,13.00,18.3,34.2,48,2.71,-3.9,47,68,27,0.150,0.170,0.184,9.0,14.1,10.4,0,0,985.8
15,2025-10-09,7.4,14.5,0.9,0.00,0.00,0.00,0.0,24836.54,8.43,11.9,23.0,47,2.19,-4.6,44,58,28,0.146,0.168,0.183,8.7,13.8,10.3,3,51,985.6
15,2025-10-10,8.2,16.2,0.7,0.00,0.00,0.00,0.0,36392.18,12.24,15.3,29.9,57,2.63,-3.3,47,70,26,0.143,0.167,0.183,9.0,13.6,10.3,3,17,984.8
15,2025-10-11,8.5,16.7,0.2,0.00,0.00,0.00,0.0,36000.00,12.27,14.9,27.7,86,2.83,-4.1,44,65,27,0.141,0.165,0.182,9.2,13.5,10.6,3,61,978.1
15,2025-10-12,8.8,14.8,4.7,0.00,0.00,0.00,0.0,32408.06,9.64,20.6,37.4,60,2.61,-1.5,49,64,35,0.139,0.164,0.181,10.5,13.4,11.2,3,73,976.4
15,2025-10-13,8.0,17.1,1.0,0.00,0.00,0.00,0.0,35158.89,11.45,13.8,23.0,59,1.93,-1.6,54,76,28,0.135,0.162,0.180,9.8,13.4,10.7,2,20,983.1
15,2025-10-14,8.6,16.5,2.1,0.00,0.00,0.00,0.0,35618.83,11.31,23.1,35.3,66,2.86,-2.1,50,75,30,0.132,0.160,0.179,9.8,13.3,10.6,3,23,987.3
15,2025-10-15,4.6,9.2,0.9,0.00,0.00,0.00,0.0,35246.27,11.53,25.1,43.6,95,2.69,-7.3,44,66,26,0.138,0.160,0.180,7.6,13.2,10.3,3,37,990.4
15,2025-10-16,4.2,11.1,-0.6,0.00,0.00,0.00,0.0,31222.57,10.09,26.7,46.4,100,2.88,-9.8,37,55,22,0.148,0.161,0.181,6.2,13.0,8.9,3,59,985.0
15,2025-10-17,5.6,13.9,-0.5,0.00,0.00,0.00,0.0,32188.40,10.41,17.4,29.5,130,2.24,-7.0,41,55,27,0.152,0.161,0.182,6.7,12.7,8.5,3,53,980.7
15,2025-10-18,4.3,10.4,-0.2,0.00,0.00,0.00,0.0,34916.67,10.89,14.3,26.3,311,1.81,-3.2,60,85,38,0.146,0.158,0.180,6.4,12.4,8.4,1,3,983.1
15,2025-10-19,2.5,9.9,-3.9,0.00,0.00,0.00,0.0,34088.28,9.24,9.5,20.5,16,1.42,-4.0,65,91,39,0.142,0.156,0.179,5.1,12.1,7.6,2,12,986.9
15,2025-10-20,3.9,11.3,-2.4,0.00,0.00,0.00,0.0,34960.09,10.51,19.7,36.0,53,2.09,-5.2,54,75,33,0.136,0.154,0.178,5.2,11.8,7.1,1,7,986.6
15,2025-10-21,6.2,14.0,-0.3,0.00,0.00,0.00,0.0,31053.37,9.35,21.7,37.4,54,2.57,-4.6,48,66,31,0.134,0.153,0.178,6.4,11.5,7.6,3,69,985.0
15,2025-10-22,7.7,16.5,0.3,0.00,0.00,0.00,0.0,34345.17,10.14,17.7,31.0,77,2.49,-2.4,51,70,32,0.131,0.151,0.177,7.6,11.3,8.5,3,24,985.7
15,2025-10-23,8.3,15.0,2.7,0.10,0.10,0.00,1.0,17433.46,5.93,16.8,27.7,98,2.04,-2.6,48,67,31,0.130,0.149,0.177,8.0,11.3,9.0,51,99,985.6
15,2025-10-24,10.0,17.4,3.1,0.70,0.70,0.00,3.0,29265.71,8.76,16.8,31.3,88,2.72,-2.5,43,59,28,0.132,0.149,0.177,9.2,11.4,9.6,53,97,980.5
15,2025-10-25,11.3,17.9,6.8,0.00,0.00,0.00,0.0,29823.37,8.97,19.0,30.6,81,2.33,1.9,54,76,35,0.140,0.147,0.176,11.5,11.5,11.0,3,47,972.2
15,2025-10-26,7.4,13.7,3.5,0.00,0.00,0.00,0.0,33463.87,9.45,20.0,35.3,13,2.13,-0.2,60,80,38,0.135,0.145,0.175,9.3,11.8,10.6,1,7,978.1
15,2025-10-27,3.4,10.3,-1.7,0.00,0.00,0.00,0.0,33147.85,9.39,17.3,30.6,39,1.61,-2.8,66,89,39,0.133,0.144,0.175,6.2,11.8,9.0,0,0,983.0
15,2025-10-28,4.6,12.1,-1.3,0.00,0.00,0.00,0.0,33200.29,9.27,21.2,36.4,61,1.66,-1.1,68,85,49,0.131,0.144,0.174,5.7,11.6,7.9,0,0,982.0
15,2025-10-29,5.4,14.1,-1.5,0.00,0.00,0.00,0.0,32881.21,9.21,11.7,23.8,83,1.54,-0.6,68,88,41,0.126,0.141,0.173,6.2,11.4,7.8,3,9,983.9
15,2025-10-30,6.6,15.9,-1.4,0.00,0.00,0.00,0.0,32559.99,8.57,17.7,29.9,129,1.63,1.2,70,84,49,0.119,0.138,0.172,6.1,11.2,7.8,3,57,981.9
15,2025-10-31,8.0,15.8,3.5,5.20,5.20,0.00,8.0,25892.61,7.59,26.8,43.2,205,1.70,3.3,74,91,41,0.131,0.137,0.171,7.6,11.1,8.8,61,85,974.2
15,2025-11-01,4.9,8.2,1.4,0.30,0.30,0.00,3.0,18468.69,4.71,28.1,46.4,249,1.06,0.7,75,90,57,0.186,0.138,0.172,6.8,11.1,8.9,51,99,983.0
15,2025-11-02,5.1,10.4,-0.2,0.00,0.00,0.00,0.0,18014.51,5.62,22.5,38.9,160,1.20,0.8,75,90,56,0.185,0.138,0.172,5.6,11.0,7.5,3,79,976.9
15,2025-11-03,4.3,6.3,-0.9,1.70,1.70,0.00,8.0,4961.17,2.94,24.7,39.6,267,0.81,1.4,82,91,74,0.195,0.139,0.172,5.9,10.8,7.7,51,92,973.6
15,2025-11-04,-4.3,-1.1,-10.0,0.00,0.00,0.00,0.0,31290.03,7.61,21.0,37.8,355,0.84,-8.6,72,79,64,0.201,0.139,0.173,1.3,10.6,5.7,3,66,985.2
15,2025-11-05,-7.9,-3.6,-11.6,0.00,0.00,0.00,0.0,32393.17,8.54,19.5,31.0,12,0.77,-13.8,63,73,50,0.199,0.141,0.174,-3.5,10.0,2.2,3,59,997.3
15,2025-11-06,-3.7,1.5,-6.9,0.00,0.00,0.00,0.0,32306.48,8.01,18.5,33.1,232,1.21,-12.2,53,64,37,0.197,0.144,0.176,-2.3,9.2,0.9,3,46,993.9
15,2025-11-07,-1.7,5.2,-7.5,0.00,0.00,0.00,0.0,27824.68,7.26,19.8,34.2,234,1.43,-11.7,50,70,26,0.195,0.147,0.178,-1.9,8.4,0.8,3,57,988.1
15,2025-11-08,1.5,7.5,-4.0,0.00,0.00,0.00,0.0,24170.69,6.58,21.2,36.7,229,2.00,-12.8,36,54,18,0.192,0.149,0.179,-0.2,7.8,0.8,3,86,983.2
15,2025-11-09,3.6,7.4,0.8,1.60,1.50,0.07,6.0,4495.10,3.91,33.0,50.4,228,1.97,-7.5,48,92,27,0.188,0.149,0.178,3.0,7.3,1.9,71,94,976.1
15,2025-11-10,2.2,4.5,-0.7,0.00,0.00,0.00,0.0,4676.24,4.15,21.8,35.6,291,0.62,-0.6,82,91,65,0.196,0.150,0.178,3.5,7.2,3.9,3,94,982.5
15,2025-11-11,1.8,5.0,-1.0,0.00,0.00,0.00,0.0,22525.93,5.01,20.0,32.0,212,0.79,-1.7,78,88,61,0.192,0.151,0.178,2.6,7.1,3.8,3,88,985.4
15,2025-11-12,5.5,7.9,2.5,1.30,1.30,0.00,5.0,1892.73,2.20,21.9,39.6,239,0.68,2.9,83,88,78,0.200,0.152,0.178,4.8,7.1,4.6,53,97,981.9
15,2025-11-13,4.6,7.4,-1.2,0.30,0.30,0.00,3.0,24274.86,5.72,16.5,28.4,47,0.84,1.4,81,93,61,0.204,0.152,0.178,5.8,7.3,6.1,51,77,989.5
15,2025-11-14,0.6,5.9,-3.4,1.00,1.00,0.00,3.0,20362.32,5.01,15.3,28.4,85,0.69,-2.4,81,91,70,0.209,0.154,0.179,1.9,7.4,4.3,51,97,991.0
15,2025-11-15,1.2,6.4,-3.1,0.00,0.00,0.00,0.0,30198.67,6.91,13.7,25.6,99,1.04,-4.0,70,90,49,0.219,0.157,0.180,1.5,7.2,3.2,3,24,988.1
15,2025-11-16,0.4,6.8,-3.6,0.00,0.00,0.00,0.0,29842.17,6.84,12.8,22.0,124,0.86,-3.4,77,88,57,0.218,0.159,0.182,0.2,7.0,2.3,0,0,985.0
15,2025-11-17,1.3,9.8,-3.8,0.00,0.00,0.00,0.0,29883.96,6.70,11.3,20.5,159,0.88,-2.3,78,92,52,0.215,0.160,0.182,-0.2,6.7,1.5,0,2,987.2
15,2025-11-18,0.9,7.3,-3.1,0.00,0.00,0.00,0.0,26218.83,6.25,13.4,22.7,90,0.91,-3.8,73,91,46,0.213,0.162,0.182,-0.2,6.3,1.2,3,58,987.9
15,2025-11-19,0.3,6.7,-4.3,0.00,0.00,0.00,0.0,29558.77,6.52,9.2,13.0,80,0.73,-4.1,74,90,53,0.211,0.163,0.183,-0.6,6.0,1.1,2,13,985.1
15,2025-11-20,0.9,8.2,-4.6,0.00,0.00,0.00,0.0,29188.94,6.31,10.7,17.3,265,0.79,-2.5,79,90,55,0.209,0.163,0.182,-0.1,5.7,0.9,3,26,989.2
15,2025-11-21,4.9,9.6,0.9,3.70,3.70,0.00,10.0,11064.54,3.55,15.5,27.0,260,0.75,1.7,80,89,64,0.222,0.163,0.182,3.0,5.5,1.8,55,98,991.9
15,2025-11-22,4.2,5.5,2.1,0.00,0.00,0.00,0.0,1169.53,2.41,16.9,31.7,61,0.50,1.8,85,93,75,0.245,0.165,0.182,4.3,5.6,4.0,3,92,996.1
15,2025-11-23,3.3,7.8,1.0,0.00,0.00,0.00,0.0,28854.86,5.52,11.8,20.9,189,0.64,1.0,86,94,72,0.237,0.167,0.182,3.5,5.8,4.1,3,41,991.7
15,2025-11-24,3.1,10.3,-0.9,0.00,0.00,0.00,0.0,29082.77,5.81,15.8,28.1,239,0.77,0.3,83,93,62,0.232,0.168,0.181,3.2,5.9,3.8,2,17,988.2
15,2025-11-25,1.1,9.5,-3.7,0.00,0.00,0.00,0.0,28552.45,5.51,13.5,19.4,175,0.66,-1.3,85,96,62,0.227,0.169,0.182,0.7,5.9,2.5,3,50,989.7
15,2025-11-26,0.8,8.7,-4.1,0.00,0.00,0.00,0.0,27514.23,5.95,12.7,20.2,191,0.76,-2.4,81,92,57,0.223,0.171,0.182,-0.2,5.7,1.2,3,45,981.2
15,2025-11-27,0.7,6.9,-3.2,0.00,0.00,0.00,0.0,25352.14,5.30,13.5,22.3,357,0.62,-1.8,84,90,68,0.219,0.171,0.181,-0.1,5.4,1.1,3,95,981.7
15,2025-11-28,-1.0,1.8,-3.8,0.00,0.00,0.00,0.0,22628.53,4.45,18.1,34.6,61,0.60,-3.8,81,90,66,0.218,0.173,0.183,-0.6,5.2,1.1,3,98,989.2
15,2025-11-29,-3.6,-0.0,-5.7,0.00,0.00,0.00,0.0,28319.08,5.22,16.1,25.2,87,0.43,-5.5,87,92,79,0.216,0.174,0.183,-2.1,5.0,0.8,3,57,987.7
15,2025-11-30,-4.9,-0.8,-8.3,0.00,0.00,0.00,0.0,20891.70,4.23,7.8,14.8,30,0.30,-6.0,92,100,84,0.214,0.177,0.184,-2.5,4.7,0.5,3,62,987.7
15,2025-12-01,-2.1,4.7,-7.4,0.00,0.00,0.00,0.0,28643.72,5.26,9.3,17.3,67,0.57,-5.0,82,94,57,0.212,0.177,0.184,-2.3,4.5,0.3,3,24,988.7
15,2025-12-02,0.6,5.1,-1.7,0.10,0.10,0.00,1.0,26803.93,4.09,10.3,18.4,68,0.55,-2.5,81,88,61,0.212,0.177,0.184,-0.2,4.3,0.2,51,68,986.5
15,2025-12-03,-0.1,4.4,-3.4,0.00,0.00,0.00,0.0,26567.10,4.30,7.8,13.7,60,0.45,-3.7,77,86,62,0.211,0.178,0.184,-0.5,4.1,0.3,2,62,983.6
15,2025-12-04,-3.1,2.8,-6.6,0.00,0.00,0.00,0.0,25147.69,4.35,9.5,18.4,198,0.39,-5.2,86,91,75,0.209,0.176,0.186,-2.2,4.0,0.2,3,39,984.9
15,2025-12-05,-3.2,1.3,-5.9,0.00,0.00,0.00,0.0,0.00,2.25,7.3,13.3,194,0.25,-4.6,90,93,83,0.209,0.178,0.186,-2.0,3.8,0.1,3,99,988.5
15,2025-12-06,-3.2,-0.7,-6.5,0.20,0.00,0.14,2.0,3897.60,2.36,6.9,14.0,171,0.23,-4.6,90,95,85,0.209,0.179,0.187,-2.9,3.7,0.0,71,97,989.4
15,2025-12-07,0.5,3.1,-0.8,0.30,0.00,0.21,3.0,1212.35,2.06,8.2,14.0,174,0.23,-0.4,94,95,89,0.208,0.179,0.186,-0.8,3.5,-0.0,71,95,985.2
15,2025-12-08,-1.8,0.4,-5.1,1.10,0.00,0.77,8.0,12692.67,3.02,15.1,21.6,266,0.32,-3.5,88,96,76,0.207,0.179,0.186,-1.0,3.4,-0.0,71,94,982.6
15,2025-12-09,-8.4,-4.4,-17.1,0.00,0.00,0.00,0.0,25200.00,4.09,24.4,42.5,320,0.43,-11.8,77,93,61,0.200,0.176,0.184,-4.1,3.3,-0.1,3,60,986.2
15,2025-12-10,-17.7,-14.2,-19.7,0.00,0.00,0.00,0.0,28396.83,5.80,20.6,35.3,41,0.37,-22.9,64,72,53,0.197,0.175,0.184,-10.8,3.2,-0.5,2,7,1000.4
15,2025-12-11,-12.9,-7.7,-19.3,0.00,0.00,0.00,0.0,25761.53,5.17,27.4,45.0,97,0.64,-18.7,63,76,48,0.197,0.175,0.184,-9.6,3.0,-1.0,3,88,993.3
15,2025-12-12,-5.5,-3.3,-7.7,0.10,0.00,0.07,1.0,9766.14,1.85,24.0,38.2,145,0.59,-11.2,66,90,49,0.196,0.174,0.186,-5.3,2.8,-1.2,71,80,973.4
15,2025-12-13,-4.3,-3.4,-4.9,1.20,0.00,0.84,9.0,105.68,1.80,18.3,31.7,221,0.35,-6.7,83,87,78,0.197,0.174,0.186,-3.2,2.6,-1.2,71,99,972.0
15,2025-12-14,-2.2,1.8,-6.6,5.10,3.00,1.47,13.0,0.00,1.44,30.3,49.7,188,0.32,-3.7,89,97,82,0.210,0.174,0.186,-2.6,2.5,-1.2,73,98,967.6
15,2025-12-15,-7.7,-5.8,-8.4,1.20,0.00,0.84,12.0,16827.63,3.78,46.4,73.8,226,0.52,-10.9,78,87,64,0.238,0.174,0.185,-4.6,2.3,-1.3,71,93,976.7
15,2025-12-16,-7.2,-4.5,-10.6,0.10,0.00,0.07,1.0,12270.27,2.84,31.4,51.5,230,0.49,-10.4,78,85,68,0.241,0.174,0.190,-5.0,2.2,-1.5,71,75,981.5
15,2025-12-17,-13.6,-9.8,-16.0,0.00,0.00,0.00,0.0,27803.74,5.35,15.2,27.4,272,0.28,-16.4,80,86,66,0.237,0.174,0.175,-8.7,2.1,-1.8,3,36,985.4
15,2025-12-18,-10.8,-7.5,-14.9,0.00,0.00,0.00,0.0,20676.40,4.29,11.3,22.3,249,0.32,-14.2,76,84,67,0.239,0.177,0.173,-6.7,1.9,-2.4,3,87,990.2
15,2025-12-19,-8.5,-6.9,-9.4,0.10,0.00,0.07,1.0,14565.51,3.61,17.3,28.1,202,0.36,-11.6,79,87,67,0.239,0.176,0.174,-5.6,1.6,-3.2,71,72,990.4
15,2025-12-20,-6.7,-5.2,-9.1,2.60,0.00,1.82,16.0,0.00,1.27,21.1,35.6,209,0.35,-9.5,81,92,73,0.238,0.176,0.174,-5.6,1.3,-3.7,73,99,975.5
15,2025-12-21,-11.8,-6.0,-17.1,0.00,0.00,0.00,0.0,27830.68,5.47,14.2,27.0,16,0.28,-14.4,81,92,66,0.238,0.175,0.174,-8.6,1.1,-4.1,2,18,983.9
15,2025-12-22,-10.1,-3.4,-18.1,0.00,0.00,0.00,0.0,0.00,2.02,10.6,16.2,147,0.21,-12.3,84,90,79,0.238,0.174,0.174,-9.8,0.9,-6.1,3,87,990.3
15,2025-12-23,-4.3,-1.3,-7.0,0.00,0.00,0.00,0.0,26077.57,4.02,21.0,36.0,163,0.39,-6.5,85,90,71,0.238,0.174,0.174,-5.0,0.9,-3.8,3,88,985.7
15,2025-12-24,-3.1,-0.7,-4.8,0.80,0.00,0.56,8.0,8934.71,2.84,16.6,26.6,204,0.37,-5.1,86,91,77,0.238,0.174,0.174,-3.7,0.8,-2.7,71,97,982.4
15,2025-12-25,-2.9,-1.8,-4.4,3.70,0.00,2.59,17.0,0.00,2.18,17.3,29.2,229,0.31,-5.0,85,92,71,0.237,0.174,0.174,-2.6,0.8,-2.3,73,99,977.6
15,2025-12-26,-14.1,-4.3,-20.5,0.70,0.00,0.49,4.0,28224.51,5.91,16.7,23.4,290,0.28,-17.6,75,89,56,0.237,0.174,0.174,-7.8,0.8,-2.6,73,39,979.1
15,2025-12-27,-22.9,-19.1,-28.4,0.00,0.00,0.00,0.0,27336.84,5.58,13.1,18.0,62,0.14,-25.4,80,86,74,0.238,0.178,0.176,-14.6,0.7,-7.9,3,63,983.4
15,2025-12-28,-10.9,-7.0,-19.1,0.00,0.00,0.00,0.0,2943.88,2.76,18.2,26.3,83,0.24,-12.8,85,89,78,0.238,0.178,0.176,-10.7,0.6,-8.5,3,80,975.8
15,2025-12-29,-6.6,0.7,-12.6,4.10,4.10,0.00,6.0,294.16,3.72,22.7,29.5,127,0.32,-8.4,87,89,83,0.242,0.178,0.176,-9.5,0.5,-6.2,61,72,966.8
15,2025-12-30,-0.0,1.5,-1.5,3.70,3.70,0.00,5.0,0.00,2.49,20.0,32.4,199,0.25,-1.1,92,95,89,0.366,0.181,0.176,-3.0,0.5,-3.1,61,99,963.6
15,2025-12-31,-2.5,-1.0,-5.4,2.40,0.20,1.54,9.0,628.21,2.10,23.8,39.2,253,0.33,-4.5,87,93,78,0.361,0.186,0.177,-2.3,0.5,-2.3,73,99,971.1
16,2025-01-01,-1.8,-0.8,-3.0,4.60,0.00,3.22,22.0,1274.44,2.33,14.0,28.8,129,0.40,-4.5,82,85,78,0.366,0.366,0.362,-0.6,1.7,0.0,73,96,990.9
16,2025-01-02,-0.5,1.1,-3.0,8.60,0.10,5.95,23.0,2196.38,1.70,19.4,42.5,169,0.49,-3.4,81,88,72,0.366,0.366,0.362,-0.7,1.7,0.0,73,98,988.9
16,2025-01-03,-2.9,0.3,-7.6,3.70,0.00,2.59,11.0,14241.91,3.43,16.7,34.2,160,0.42,-5.6,82,90,68,0.365,0.366,0.362,-0.7,1.7,-0.0,73,93,993.1
16,2025-01-04,-2.4,0.9,-9.4,1.20,0.00,0.84,8.0,23645.38,3.77,12.9,29.5,128,0.49,-5.8,78,92,62,0.365,0.366,0.361,0.1,1.7,0.0,71,44,992.1
16,2025-01-05,-11.0,-4.4,-14.2,0.00,0.00,0.00,0.0,24746.24,4.52,8.0,15.5,91,0.27,-13.5,82,91,64,0.362,0.362,0.361,-2.1,1.7,0.1,3,78,990.6
16,2025-01-06,-13.1,-7.2,-18.0,0.00,0.00,0.00,0.0,24780.58,4.74,7.8,14.4,95,0.26,-15.8,80,87,63,0.360,0.360,0.361,-2.3,1.7,-0.0,3,52,993.6
16,2025-01-07,-9.0,-5.3,-13.9,0.40,0.00,0.28,4.0,0.00,2.64,12.0,20.9,101,0.28,-12.1,78,84,71,0.360,0.360,0.361,-2.2,1.7,-0.1,71,100,993.5
16,2025-01-08,-3.8,-2.8,-5.7,3.70,0.00,2.59,14.0,0.00,1.53,13.5,28.1,138,0.37,-7.1,78,88,71,0.359,0.360,0.361,-2.2,1.6,-0.2,73,99,995.1
16,2025-01-09,-9.7,-3.8,-12.3,2.80,0.10,1.89,13.0,12019.97,3.54,12.8,28.4,208,0.23,-11.8,85,93,73,0.360,0.360,0.362,-2.7,1.6,-0.3,73,99,1009.5
16,2025-01-10,-6.9,-4.8,-8.8,1.20,0.00,0.84,12.0,9479.09,3.06,11.3,27.0,124,0.37,-10.3,77,82,67,0.360,0.360,0.362,-1.5,1.6,-0.3,71,87,1007.3
16,2025-01-11,-5.8,-2.0,-11.9,2.60,0.00,1.82,8.0,14523.83,3.06,8.4,17.6,118,0.31,-8.9,79,89,70,0.360,0.360,0.361,0.1,1.6,-0.3,73,70,999.3
16,2025-01-12,-9.5,-5.2,-13.4,0.00,0.00,0.00,0.0,23917.67,4.49,6.1,11.9,79,0.28,-12.4,80,89,64,0.359,0.360,0.361,0.2,1.6,-0.2,3,73,998.0
16,2025-01-13,-14.8,-8.2,-19.2,0.00,0.00,0.00,0.0,29281.63,5.91,10.6,19.1,84,0.29,-17.3,82,94,61,0.358,0.358,0.360,-2.1,1.5,-0.1,0,0,999.3
16,2025-01-14,-13.7,-4.8,-19.3,0.00,0.00,0.00,0.0,29340.88,6.03,13.7,26.6,100,0.45,-18.2,70,81,50,0.358,0.358,0.361,-3.3,1.5,-0.2,0,0,997.6
16,2025-01-15,-11.7,-5.4,-18.4,0.00,0.00,0.00,0.0,29842.17,6.22,16.3,33.1,105,0.62,-18.1,61,79,47,0.357,0.358,0.361,-3.0,1.5,-0.3,0,0,990.4
16,2025-01-16,-3.9,-1.0,-7.4,1.60,0.00,1.12,5.0,29900.21,5.92,18.5,40.0,131,1.01,-12.2,53,80,42,0.357,0.358,0.361,-2.2,1.5,-0.4,73,57,986.8
16,2025-01-17,-1.4,-0.2,-2.7,7.70,0.00,5.39,24.0,0.00,1.70,18.5,42.8,133,0.46,-4.4,80,85,76,0.357,0.357,0.361,-1.7,1.5,-0.5,73,100,986.0
16,2025-01-18,-1.2,-0.0,-3.2,10.80,0.00,7.56,24.0,0.00,1.66,14.1,32.4,173,0.26,-2.7,90,95,83,0.357,0.357,0.361,-1.5,1.5,-0.5,73,100,984.7
16,2025-01-19,-3.0,-0.7,-6.3,1.80,0.00,1.26,13.0,15490.92,2.92,9.2,19.4,148,0.28,-4.7,88,95,80,0.357,0.357,0.360,-0.1,1.5,-0.5,71,89,987.1
16,2025-01-20,-3.1,-0.7,-4.9,0.50,0.00,0.35,5.0,27327.64,5.21,14.7,32.0,122,0.54,-6.3,79,88,67,0.356,0.357,0.360,0.5,1.4,-0.4,71,93,986.6
16,2025-01-21,-0.5,0.5,-3.0,7.30,0.00,5.11,19.0,6883.31,2.84,19.7,50.4,145,0.71,-4.4,75,79,69,0.356,0.357,0.360,0.0,1.4,-0.2,73,99,979.7
16,2025-01-22,-1.3,2.8,-11.6,6.70,2.10,3.22,19.0,7796.62,3.12,32.5,83.5,192,0.89,-5.8,71,80,65,0.356,0.357,0.360,-1.1,1.4,-0.2,73,87,976.6
16,2025-01-23,-14.0,-9.5,-20.6,2.20,0.00,1.54,17.0,8787.57,3.87,17.0,42.5,217,0.37,-18.2,70,78,62,0.357,0.358,0.361,-1.2,1.4,-0.2,71,84,998.0
16,2025-01-24,-23.2,-20.2,-28.7,0.40,0.00,0.28,4.0,27442.76,6.04,8.7,18.4,262,0.18,-26.9,72,80,60,0.358,0.358,0.361,-2.7,1.4,-0.3,71,63,1019.9
16,2025-01-25,-21.0,-13.5,-28.5,0.00,0.00,0.00,0.0,28725.24,5.99,13.7,25.6,105,0.31,-25.7,66,78,51,0.357,0.358,0.362,-2.7,1.4,-0.4,3,52,1013.3
16,2025-01-26,-17.6,-9.5,-22.0,0.00,0.00,0.00,0.0,31412.88,7.23,10.2,20.5,95,0.37,-21.6,72,85,45,0.357,0.358,0.362,-3.2,1.4,-0.5,1,2,1001.2
16,2025-01-27,-12.6,-5.5,-19.1,0.00,0.00,0.00,0.0,30760.80,6.77,13.1,27.7,108,0.57,-18.2,64,84,45,0.357,0.358,0.362,-3.2,1.3,-0.6,3,76,993.1
16,2025-01-28,-8.5,-4.5,-10.8,0.00,0.00,0.00,0.0,28269.76,6.63,12.4,25.9,131,0.60,-14.7,62,79,48,0.357,0.358,0.361,-2.6,1.3,-0.7,3,98,989.0
16,2025-01-29,-7.6,-5.4,-10.3,5.90,0.00,4.13,23.0,0.00,3.12,10.9,26.3,126,0.31,-10.1,82,86,77,0.357,0.358,0.362,-1.7,1.3,-0.7,73,100,987.2
16,2025-01-30,-5.2,-3.3,-6.7,9.20,0.00,6.44,24.0,0.00,3.06,14.2,31.7,149,0.41,-7.7,82,86,76,0.357,0.357,0.362,-1.7,1.3,-0.7,73,100,986.9
16,2025-01-31,-7.1,-5.0,-12.1,6.50,0.00,4.55,24.0,2786.77,4.62,11.3,23.4,239,0.36,-9.2,85,90,75,0.357,0.357,0.362,-2.4,1.3,-0.8,73,100,992.0
16,2025-02-01,-16.2,-12.5,-19.2,0.60,0.00,0.42,5.0,30568.00,7.39,10.7,21.6,196,0.33,-19.3,77,86,60,0.358,0.358,0.363,-3.7,1.3,-0.8,71,71,1001.0
16,2025-02-02,-9.1,-5.9,-16.0,4.40,0.00,3.08,18.0,838.05,4.35,14.2,33.1,129,0.41,-12.1,79,82,72,0.359,0.358,0.363,-1.9,1.2,-0.9,73,100,1000.5
16,2025-02-03,-8.1,-3.3,-15.1,1.20,0.00,0.84,8.0,25200.00,6.38,10.4,22.3,105,0.49,-11.6,77,84,59,0.359,0.358,0.363,-2.1,1.2,-0.9,73,59,1005.0
16,2025-02-04,-15.5,-7.6,-20.0,0.00,0.00,0.00,0.0,32299.59,8.19,4.1,7.9,45,0.42,-19.5,73,85,48,0.359,0.357,0.363,-3.7,1.2,-0.9,1,8,1004.6
16,2025-02-05,-18.3,-12.8,-23.3,0.00,0.00,0.00,0.0,32339.79,8.64,4.1,8.3,353,0.35,-21.9,74,87,58,0.356,0.356,0.363,-4.5,1.2,-1.0,1,13,1002.6
16,2025-02-06,-20.8,-14.8,-26.1,0.00,0.00,0.00,0.0,32779.06,8.76,4.7,8.6,340,0.31,-24.3,74,88,59,0.352,0.356,0.363,-4.8,1.2,-1.1,1,16,1000.2
16,2025-02-07,-22.6,-15.4,-28.2,0.00,0.00,0.00,0.0,33149.45,9.01,5.7,9.4,336,0.29,-26.1,74,85,63,0.351,0.356,0.363,-4.6,1.1,-1.2,1,15,998.3
16,2025-02-08,-23.7,-17.2,-28.2,0.00,0.00,0.00,0.0,33485.98,9.11,6.2,9.4,333,0.27,-27.3,72,81,61,0.351,0.356,0.364,-4.5,1.1,-1.4,1,11,998.4
16,2025-02-09,-20.7,-15.1,-27.2,1.60,0.00,1.12,8.0,21600.00,6.18,4.8,11.2,19,0.24,-24.1,75,88,59,0.352,0.356,0.365,-3.3,1.1,-1.5,73,87,992.8
16,2025-02-10,-14.7,-9.6,-19.3,0.20,0.00,0.14,2.0,29634.40,6.94,8.8,15.1,106,0.37,-17.4,80,88,67,0.353,0.355,0.365,-1.9,1.1,-1.5,71,97,997.8
16,2025-02-11,-9.0,-4.2,-14.3,0.00,0.00,0.00,0.0,30451.24,7.26,15.1,33.1,122,0.68,-14.2,67,81,53,0.353,0.355,0.365,-1.5,1.1,-1.3,3,46,997.5
16,2025-02-12,-8.4,-2.7,-12.3,0.00,0.00,0.00,0.0,33639.28,8.32,13.4,27.7,121,0.77,-14.1,64,74,46,0.353,0.355,0.365,-2.4,1.0,-1.3,3,81,991.1
16,2025-02-13,-7.5,-5.0,-9.4,0.50,0.00,0.35,4.0,32006.46,7.78,18.7,42.1,169,0.68,-12.0,70,77,62,0.353,0.355,0.365,-1.4,1.0,-1.2,71,97,991.3
16,2025-02-14,-5.8,-3.5,-7.3,7.80,0.00,5.46,24.0,0.00,3.68,17.3,37.4,162,0.42,-8.4,82,85,78,0.353,0.355,0.365,-2.4,1.0,-1.2,73,100,993.3
16,2025-02-15,-6.5,-1.9,-11.6,0.00,0.00,0.00,0.0,34909.41,10.26,9.5,18.7,109,0.77,-10.3,75,88,55,0.353,0.355,0.364,-1.2,1.0,-1.2,3,31,989.8
16,2025-02-16,-8.5,-2.9,-13.3,0.20,0.00,0.14,2.0,30371.78,7.43,8.3,16.6,103,0.57,-11.8,78,88,59,0.354,0.355,0.365,-2.5,1.0,-1.1,71,72,988.8
16,2025-02-17,-10.9,-3.7,-16.0,0.00,0.00,0.00,0.0,35114.79,10.12,4.6,8.6,73,0.66,-14.3,77,90,54,0.354,0.354,0.364,-2.7,1.0,-1.1,2,36,998.2
16,2025-02-18,-13.6,-4.4,-20.2,0.00,0.00,0.00,0.0,35361.19,11.32,6.1,10.1,87,0.71,-18.3,70,89,41,0.354,0.354,0.365,-3.8,0.9,-1.2,1,5,998.1
16,2025-02-19,-14.6,-3.1,-22.6,0.00,0.00,0.00,0.0,35405.41,11.71,9.2,16.9,92,0.69,-18.0,77,92,49,0.354,0.354,0.366,-3.7,0.9,-1.3,0,1,994.5
16,2025-02-20,-12.4,-1.3,-20.2,0.00,0.00,0.00,0.0,35825.36,11.87,9.0,16.2,93,0.80,-15.9,78,93,45,0.355,0.354,0.367,-3.2,0.9,-1.3,1,7,994.7
16,2025-02-21,-10.7,0.1,-16.7,0.00,0.00,0.00,0.0,36242.59,12.10,10.5,18.7,100,0.88,-14.8,75,92,39,0.355,0.354,0.367,-3.4,0.9,-1.4,2,16,997.1
16,2025-02-22,-10.3,0.4,-16.8,0.00,0.00,0.00,0.0,36282.60,12.39,10.7,19.4,95,0.92,-14.4,75,90,38,0.355,0.354,0.367,-3.7,0.9,-1.4,0,2,997.6
16,2025-02-23,-9.2,1.6,-16.6,0.00,0.00,0.00,0.0,36695.63,10.97,11.1,20.2,90,0.92,-13.9,72,88,34,0.355,0.354,0.368,-3.2,0.9,-1.5,3,66,995.2
16,2025-02-24,-8.6,1.4,-15.3,0.00,0.00,0.00,0.0,35267.50,12.08,8.5,16.2,87,0.98,-13.4,72,91,32,0.355,0.354,0.366,-3.2,0.8,-1.5,3,47,990.5
16,2025-02-25,-9.9,2.4,-19.2,0.00,0.00,0.00,0.0,37886.57,13.21,9.5,19.1,90,1.03,-13.8,77,97,38,0.355,0.354,0.363,-3.5,0.8,-1.5,1,2,983.5
16,2025-02-26,-7.6,2.9,-16.6,0.00,0.00,0.00,0.0,38174.79,13.25,11.1,18.7,106,1.10,-11.8,75,98,41,0.354,0.354,0.364,-4.0,0.8,-1.6,3,51,979.6
16,2025-02-27,-5.7,-2.8,-9.5,1.10,0.00,0.77,8.0,1076.50,5.44,8.4,17.6,271,0.51,-8.3,82,90,72,0.354,0.354,0.365,-3.2,0.8,-1.6,71,98,990.2
16,2025-02-28,-10.8,-6.5,-15.3,0.30,0.00,0.21,3.0,29337.46,9.19,6.1,15.8,292,0.56,-13.4,82,90,68,0.354,0.354,0.365,-4.6,0.8,-1.7,71,73,991.0
16,2025-03-01,-14.0,-5.6,-21.5,0.00,0.00,0.00,0.0,38546.80,13.65,4.7,9.0,82,0.84,-17.9,74,90,52,0.355,0.353,0.365,-5.0,0.7,-2.1,0,6,993.6
16,2025-03-02,-13.9,-3.6,-22.4,0.00,0.00,0.00,0.0,38671.72,14.10,5.8,10.1,85,0.93,-18.5,70,84,42,0.355,0.354,0.367,-5.1,0.7,-2.6,0,0,991.5
16,2025-03-03,-13.2,-2.8,-21.1,0.00,0.00,0.00,0.0,38796.89,14.48,7.2,11.9,67,0.97,-17.4,73,88,41,0.354,0.355,0.368,-5.4,0.7,-3.0,3,18,987.2
16,2025-03-04,-8.6,-2.6,-16.7,1.20,0.00,0.84,5.0,13624.04,7.16,11.2,24.5,132,0.61,-11.8,78,89,68,0.354,0.355,0.369,-5.0,0.7,-3.0,73,94,993.3
16,2025-03-05,-5.4,-0.9,-9.1,0.00,0.00,0.00,0.0,33828.16,12.50,11.9,27.4,139,1.03,-10.2,70,82,48,0.354,0.355,0.369,-3.4,0.6,-2.5,3,74,998.6
16,2025-03-06,-3.8,1.3,-11.6,0.10,0.10,0.00,1.0,35572.61,14.01,25.5,58.7,126,1.43,-9.5,66,89,51,0.355,0.355,0.368,-3.1,0.6,-2.0,51,66,987.4
16,2025-03-07,2.1,3.0,1.1,9.90,2.50,5.18,24.0,489.57,4.70,24.4,54.0,174,0.89,-1.5,78,90,53,0.356,0.355,0.368,-0.9,0.6,-1.6,73,99,974.3
16,2025-03-08,-0.7,1.5,-3.7,3.40,0.00,2.38,16.0,10960.50,7.08,11.6,27.0,192,0.71,-3.2,83,90,71,0.359,0.355,0.368,-0.2,0.6,-1.3,73,84,976.0
16,2025-03-09,0.6,3.2,-3.1,8.60,0.70,5.53,22.0,14223.56,6.46,23.5,51.1,190,0.85,-1.9,84,94,72,0.364,0.355,0.368,-0.2,0.6,-1.1,73,91,969.9
16,2025-03-10,-6.1,-2.2,-9.7,4.00,0.10,2.73,17.0,25197.66,11.87,18.5,37.8,219,0.84,-9.4,78,94,58,0.365,0.356,0.368,-0.5,0.6,-0.9,73,97,990.2
16,2025-03-11,-2.3,-0.7,-4.6,5.30,0.00,3.71,23.0,5518.99,6.98,16.6,40.3,177,0.70,-5.0,83,94,70,0.364,0.356,0.368,-0.9,0.6,-0.8,73,97,988.6
16,2025-03-12,-8.9,-2.0,-17.5,2.20,0.00,1.54,11.0,22009.06,10.30,17.5,39.6,294,0.59,-11.4,82,95,66,0.365,0.356,0.370,-2.7,0.5,-0.8,73,72,998.7
16,2025-03-13,-13.3,-5.2,-19.1,0.00,0.00,0.00,0.0,40271.03,16.87,9.8,20.2,103,1.07,-18.2,70,89,38,0.364,0.358,0.372,-4.1,0.5,-0.9,3,29,1003.9
16,2025-03-14,-8.0,1.0,-16.4,0.00,0.00,0.00,0.0,40221.52,17.35,13.1,30.6,106,1.53,-14.9,60,83,35,0.366,0.357,0.373,-3.0,0.5,-1.0,3,35,999.0
16,2025-03-15,-6.7,4.2,-14.8,0.00,0.00,0.00,0.0,40530.29,17.52,10.8,21.6,83,1.60,-12.5,68,92,31,0.369,0.358,0.373,-3.1,0.5,-1.1,0,2,994.4
16,2025-03-16,-5.7,5.2,-14.7,0.00,0.00,0.00,0.0,40838.84,17.69,11.4,21.2,108,1.68,-10.9,71,93,34,0.372,0.358,0.375,-2.7,0.5,-1.2,0,0,992.8
16,2025-03-17,-0.7,6.5,-8.6,0.00,0.00,0.00,0.0,40789.54,17.46,13.5,30.2,117,2.06,-8.1,60,83,37,0.375,0.359,0.375,-1.7,0.5,-1.2,1,3,993.6
16,2025-03-18,2.1,7.6,-3.0,0.10,0.10,0.00,1.0,29831.50,12.15,12.6,29.2,115,1.84,-5.6,58,78,38,0.380,0.359,0.374,-1.3,0.5,-1.2,51,66,994.2
16,2025-03-19,4.0,10.3,-1.5,0.00,0.00,0.00,0.0,41499.06,17.59,12.6,26.3,113,2.41,-3.5,60,82,36,0.400,0.362,0.374,-0.7,0.5,-1.1,2,9,992.0
16,2025-03-20,5.4,11.8,0.3,0.00,0.00,0.00,0.0,41741.45,18.19,13.9,31.0,115,2.74,-3.2,55,72,36,0.415,0.378,0.374,-1.6,0.5,-1.0,0,0,986.6
16,2025-03-21,7.0,11.0,3.1,5.30,5.30,0.00,8.0,37226.81,18.04,21.2,46.1,138,2.79,-1.4,56,87,40,0.434,0.402,0.375,-1.0,0.5,-1.0,55,44,982.5
16,2025-03-22,1.1,4.1,-2.9,2.70,1.00,1.19,6.0,35064.87,13.42,14.0,32.8,314,1.26,-2.2,79,95,60,0.450,0.429,0.380,0.3,0.5,-0.9,73,55,990.4
16,2025-03-23,-1.8,1.7,-5.2,0.00,0.00,0.00,0.0,39180.26,12.99,10.3,23.4,320,1.19,-5.2,78,91,64,0.433,0.425,0.384,-0.6,0.4,-0.8,3,44,983.3
16,2025-03-24,-2.6,3.5,-9.7,1.70,0.00,1.19,6.0,37967.06,17.48,22.5,49.0,270,1.62,-6.4,76,92,56,0.426,0.421,0.385,-0.7,0.4,-0.7,73,59,979.7
16,2025-03-25,-6.1,-3.6,-9.4,1.40,0.00,0.98,14.0,40782.14,14.44,18.0,39.6,315,0.99,-9.4,78,89,65,0.421,0.417,0.387,-0.1,0.4,-0.7,71,85,993.9
16,2025-03-26,-7.5,-1.2,-13.6,0.00,0.00,0.00,0.0,44144.64,20.24,8.6,22.7,350,1.43,-10.9,78,94,60,0.412,0.415,0.388,-1.2,0.4,-0.7,0,0,1002.9
16,2025-03-27,-6.5,2.7,-16.9,0.00,0.00,0.00,0.0,44753.40,20.46,7.9,17.6,64,1.83,-11.8,70,91,40,0.409,0.412,0.389,-1.4,0.4,-0.7,0,0,999.4
16,2025-03-28,-3.5,5.1,-13.5,0.00,0.00,0.00,0.0,44974.69,20.61,7.6,13.7,29,2.05,-8.7,70,93,38,0.416,0.410,0.389,-1.6,0.4,-0.7,0,0,993.8
16,2025-03-29,-1.6,6.5,-11.1,0.00,0.00,0.00,0.0,45195.87,20.69,7.6,13.0,19,2.13,-6.0,74,96,49,0.428,0.413,0.390,-1.8,0.4,-0.8,0,0,993.0
16,2025-03-30,-0.1,8.6,-8.9,0.00,0.00,0.00,0.0,45417.71,20.67,6.2,13.3,16,2.18,-4.1,77,95,51,0.430,0.423,0.392,-1.5,0.4,-0.8,0,0,994.0
16,2025-03-31,1.7,11.8,-7.7,0.00,0.00,0.00,0.0,45640.10,20.71,7.1,15.8,78,2.57,-3.8,71,97,33,0.429,0.429,0.394,-1.0,0.4,-0.8,0,0,993.0
16,2025-04-01,4.9,11.6,-1.9,4.30,4.30,0.00,10.0,35381.72,16.68,10.0,23.0,162,2.21,-0.5,71,96,41,0.434,0.430,0.397,0.7,0.4,-0.7,55,60,984.8
16,2025-04-02,4.2,7.4,1.2,1.40,1.40,0.00,9.0,40967.66,16.07,12.1,29.9,302,1.68,1.8,85,95,69,0.454,0.444,0.400,1.7,0.4,-0.5,51,45,988.0
16,2025-04-03,4.8,11.0,-2.1,0.00,0.00,0.00,0.0,46309.20,20.34,13.9,31.0,125,2.72,-1.4,68,96,39,0.442,0.449,0.403,1.8,0.4,-0.3,3,33,987.6
16,2025-04-04,9.8,14.8,3.9,0.20,0.20,0.00,1.0,43514.50,18.01,30.4,68.4,137,4.03,-2.3,44,69,31,0.440,0.448,0.410,3.7,0.4,-0.0,51,96,975.9
16,2025-04-05,6.6,12.9,0.4,2.80,2.80,0.00,9.0,41770.35,15.54,28.7,85.3,242,2.40,0.3,67,86,31,0.447,0.449,0.427,3.1,0.4,0.4,53,72,979.8
16,2025-04-06,6.4,14.2,-0.9,0.00,0.00,0.00,0.0,46778.03,21.44,10.4,21.2,125,3.10,-1.0,62,86,38,0.433,0.444,0.433,2.7,0.4,0.6,3,13,984.5
16,2025-04-07,8.3,17.7,0.7,0.00,0.00,0.00,0.0,43879.32,21.23,11.2,23.8,94,3.34,-0.1,58,81,31,0.428,0.439,0.436,3.7,0.4,1.3,3,45,983.4
16,2025-04-08,10.7,15.8,4.9,13.00,13.00,0.00,16.0,42602.85,13.56,20.8,47.5,130,2.70,3.7,63,91,45,0.443,0.440,0.437,5.1,0.4,2.9,63,78,978.6
16,2025-04-09,8.5,10.4,3.1,10.30,10.30,0.00,13.0,3707.45,4.73,8.7,20.5,302,0.69,7.8,95,100,86,0.460,0.461,0.441,5.6,0.5,3.6,61,79,982.3
16,2025-04-10,8.5,16.7,2.1,0.00,0.00,0.00,0.0,42892.01,20.55,9.8,28.1,348,2.80,3.8,76,97,42,0.442,0.453,0.443,5.7,0.5,3.1,3,56,988.8
16,2025-04-11,11.5,22.6,-0.4,0.00,0.00,0.00,0.0,46800.00,22.87,12.3,29.5,106,4.38,0.1,53,95,24,0.432,0.445,0.442,7.7,0.5,3.5,3,57,987.3
16,2025-04-12,15.9,27.7,5.8,0.00,0.00,0.00,0.0,46800.00,23.47,17.0,40.7,108,5.62,-1.6,33,50,15,0.416,0.432,0.438,10.9,0.6,5.4,1,4,981.1
16,2025-04-13,17.6,29.1,6.2,0.00,0.00,0.00,0.0,46800.00,23.36,15.4,37.4,111,5.84,-0.7,31,48,15,0.402,0.418,0.433,12.1,0.7,6.5,1,3,977.2
16,2025-04-14,13.6,23.4,6.0,11.50,11.50,0.00,12.0,25251.31,11.78,24.1,55.8,215,3.00,4.5,59,92,32,0.415,0.415,0.430,11.5,0.7,8.2,63,92,978.6
16,2025-04-15,9.0,13.7,4.3,0.10,0.10,0.00,1.0,40884.47,17.91,10.2,23.8,321,2.70,3.4,70,93,46,0.427,0.428,0.429,9.0,0.8,6.9,51,84,985.9
16,2025-04-16,10.5,17.3,2.8,0.00,0.00,0.00,0.0,45520.07,19.54,16.5,40.3,333,3.54,2.5,62,93,37,0.409,0.420,0.428,8.8,0.9,6.2,3,61,978.4
16,2025-04-17,10.7,17.7,1.0,0.50,0.50,0.00,4.0,43757.08,19.41,19.1,46.1,234,3.49,1.2,56,88,29,0.398,0.411,0.424,8.6,0.9,6.4,51,50,977.7
16,2025-04-18,2.9,7.9,-0.8,0.50,0.50,0.00,4.0,35319.08,18.12,16.7,41.4,305,2.24,-5.2,57,80,36,0.395,0.406,0.423,4.6,1.0,5.2,51,68,980.0
16,2025-04-19,0.1,2.1,-3.5,2.50,0.00,1.75,9.0,36188.07,19.86,14.8,43.2,305,1.94,-6.7,61,91,46,0.392,0.404,0.425,1.7,1.0,2.5,73,58,985.5
16,2025-04-20,3.7,11.5,-5.3,0.10,0.10,0.00,1.0,45479.80,24.81,19.1,42.5,159,3.36,-6.6,50,76,29,0.393,0.401,0.425,1.4,1.0,1.7,51,47,990.1
16,2025-04-21,9.2,15.2,4.3,4.80,4.80,0.00,13.0,40469.09,16.22,19.7,47.5,132,2.90,1.7,62,96,40,0.415,0.398,0.422,6.7,1.0,2.8,61,69,986.5
16,2025-04-22,10.0,18.9,0.7,0.00,0.00,0.00,0.0,46705.41,24.09,7.8,20.5,16,3.70,2.1,64,99,29,0.409,0.402,0.420,7.5,1.1,4.8,3,38,988.3
16,2025-04-23,13.2,21.9,4.2,0.10,0.10,0.00,1.0,47135.88,19.90,8.0,24.1,119,3.44,6.2,65,87,43,0.396,0.399,0.418,10.1,1.1,6.5,51,33,983.1
16,2025-04-24,11.3,15.9,2.3,1.10,1.10,0.00,4.0,45835.46,20.93,18.0,49.3,320,3.25,5.7,71,93,42,0.392,0.396,0.418,10.5,1.2,7.9,53,37,984.7
16,2025-04-25,9.7,18.7,0.4,0.00,0.00,0.00,0.0,48822.64,25.41,9.3,22.7,281,3.75,1.6,59,81,38,0.384,0.392,0.417,7.1,1.3,6.2,1,4,987.3
16,2025-04-26,13.7,24.9,0.3,0.00,0.00,0.00,0.0,49486.27,25.35,9.8,22.3,112,4.56,3.8,57,94,28,0.372,0.384,0.415,9.9,1.3,6.8,0,0,983.2
16,2025-04-27,19.4,27.6,9.0,0.20,0.20,0.00,2.0,48576.54,23.65,19.7,46.4,138,5.91,5.9,44,67,25,0.357,0.374,0.414,14.5,1.4,9.6,51,72,980.5
16,2025-04-28,19.9,26.2,14.3,0.80,0.80,0.00,5.0,38222.72,18.76,18.9,48.2,145,4.23,11.6,61,83,40,0.348,0.367,0.411,16.3,1.7,11.9,51,71,977.0
16,2025-04-29,19.4,27.9,12.5,3.50,3.50,0.00,10.0,37122.51,18.93,15.4,36.4,128,3.88,13.9,73,88,41,0.348,0.364,0.410,16.1,2.4,12.3,55,68,977.9
16,2025-04-30,11.0,16.0,5.7,2.10,2.10,0.00,3.0,44758.74,24.15,18.6,41.8,315,3.79,1.9,56,87,38,0.388,0.367,0.410,11.9,3.3,11.5,55,59,989.4
16,2025-05-01,10.4,17.8,1.1,0.00,0.00,0.00,0.0,50964.40,25.92,9.7,24.8,300,3.95,2.4,60,88,39,0.368,0.367,0.408,9.1,3.7,8.3,3,33,988.1
16,2025-05-02,11.8,19.1,2.9,0.00,0.00,0.00,0.0,51270.81,25.43,10.5,25.2,307,4.11,2.9,58,89,33,0.355,0.363,0.407,9.0,4.0,7.9,2,33,983.5
16,2025-05-03,10.7,16.4,3.5,0.00,0.00,0.00,0.0,52066.51,23.86,18.8,44.6,306,4.00,1.2,55,81,31,0.344,0.359,0.406,9.4,4.4,8.1,3,38,989.7
16,2025-05-04,11.3,19.1,-0.0,0.00,0.00,0.00,0.0,48960.84,23.47,11.9,24.8,92,3.84,1.0,52,84,29,0.335,0.355,0.403,8.9,4.7,7.6,3,57,984.1
16,2025-05-05,16.8,22.3,9.6,0.30,0.30,0.00,2.0,49888.94,20.74,15.5,39.2,239,4.74,5.3,47,69,37,0.327,0.348,0.399,14.0,5.2,10.3,51,51,976.6
16,2025-05-06,13.8,20.8,6.0,0.00,0.00,0.00,0.0,43686.02,21.38,19.5,46.1,307,4.16,4.7,57,82,33,0.316,0.342,0.397,11.7,5.8,10.7,3,44,982.0
16,2025-05-07,14.5,23.3,3.9,0.00,0.00,0.00,0.0,53390.53,26.22,6.2,15.5,72,4.37,6.0,62,94,31,0.305,0.335,0.395,12.1,6.2,10.6,3,39,980.9
16,2025-05-08,17.4,27.1,7.2,0.00,0.00,0.00,0.0,50788.30,26.30,10.2,27.4,110,5.26,6.4,53,85,27,0.291,0.325,0.393,14.5,6.7,11.9,3,41,978.0
16,2025-05-09,20.5,29.5,9.6,0.00,0.00,0.00,0.0,52857.19,24.43,15.3,36.7,122,5.97,7.8,46,69,28,0.279,0.318,0.389,16.9,7.3,13.7,3,72,974.8
16,2025-05-10,19.2,24.3,14.3,6.40,6.40,0.00,13.0,30753.57,15.21,13.6,41.8,159,3.27,14.0,74,99,40,0.306,0.315,0.387,17.7,8.1,15.1,61,76,976.1
16,2025-05-11,16.0,21.2,12.4,7.50,7.50,0.00,14.0,47901.32,17.81,12.8,37.4,237,2.96,13.8,88,100,62,0.350,0.319,0.396,15.5,8.7,14.3,63,64,978.0
16,2025-05-12,14.5,18.8,8.2,0.10,0.10,0.00,1.0,44813.72,21.24,13.5,33.5,315,3.61,9.1,73,99,46,0.368,0.328,0.397,14.5,9.1,13.6,51,48,984.7
16,2025-05-13,17.1,25.6,7.3,0.00,0.00,0.00,0.0,52589.01,26.27,10.5,23.0,141,4.75,9.6,64,95,40,0.346,0.331,0.395,14.7,9.3,13.0,3,56,983.0
16,2025-05-14,22.0,30.3,13.9,0.10,0.10,0.00,1.0,51041.49,24.65,12.2,23.0,94,5.24,13.4,61,86,36,0.324,0.325,0.391,18.8,9.7,15.4,51,53,978.3
16,2025-05-15,20.9,27.1,15.3,0.00,0.00,0.00,0.0,54000.00,26.68,12.5,33.8,325,5.38,12.0,60,93,31,0.310,0.321,0.388,18.6,10.2,16.5,3,39,981.9
16,2025-05-16,20.3,29.5,9.8,0.00,0.00,0.00,0.0,54000.00,23.22,12.8,25.6,114,4.85,12.0,63,90,34,0.296,0.315,0.385,17.7,10.6,15.8,3,63,980.2
16,2025-05-17,24.0,33.3,15.0,0.00,0.00,0.00,0.0,54000.00,25.49,14.9,36.0,125,6.19,14.2,57,80,34,0.282,0.309,0.382,20.8,11.1,17.6,3,63,973.3
16,2025-05-18,25.1,32.2,19.6,0.20,0.20,0.00,1.0,47682.37,24.50,26.1,54.7,211,7.12,12.2,46,65,31,0.272,0.306,0.381,22.6,11.8,19.7,51,45,965.6
16,2025-05-19,14.0,20.0,9.7,8.90,8.90,0.00,17.0,11653.96,7.91,19.4,45.0,281,1.54,11.5,85,99,61,0.327,0.307,0.378,16.0,12.4,17.5,61,80,975.9
16,2025-05-20,15.6,22.5,7.5,0.00,0.00,0.00,0.0,54000.00,27.86,12.0,31.3,323,4.83,8.2,66,97,39,0.342,0.312,0.378,14.6,12.3,14.2,1,3,985.1
16,2025-05-21,17.8,26.2,7.9,0.00,0.00,0.00,0.0,54000.00,27.83,7.1,16.2,109,4.98,10.4,66,92,36,0.322,0.312,0.377,15.7,12.1,14.6,3,37,983.3
16,2025-05-22,20.7,28.7,11.4,0.00,0.00,0.00,0.0,54000.00,27.98,9.5,22.3,109,5.59,11.3,59,91,30,0.305,0.308,0.375,18.5,12.2,16.4,2,4,981.2
16,2025-05-23,23.1,31.2,14.0,0.00,0.00,0.00,0.0,50084.83,25.09,19.2,44.6,127,6.43,10.1,46,63,28,0.289,0.303,0.371,20.0,12.4,17.6,3,53,974.4
16,2025-05-24,17.8,21.5,13.6,5.90,5.90,0.00,13.0,34029.12,14.16,14.8,39.2,167,2.90,13.2,76,100,50,0.312,0.299,0.370,18.2,12.8,17.8,61,68,978.3
16,2025-05-25,17.1,21.6,12.2,2.60,2.60,0.00,6.0,49236.86,21.64,14.4,34.2,119,3.75,13.2,79,97,58,0.329,0.303,0.374,17.0,12.9,16.3,55,51,978.0
16,2025-05-26,14.5,18.1,10.0,5.40,5.40,0.00,14.0,37542.34,17.30,17.4,42.1,319,2.82,11.4,82,90,75,0.354,0.308,0.376,15.4,13.0,15.6,63,82,975.3
16,2025-05-27,7.3,9.9,2.0,1.60,1.60,0.00,8.0,50400.00,23.41,18.9,48.6,315,3.20,0.0,61,89,45,0.360,0.318,0.378,9.6,12.7,12.3,51,47,986.9
16,2025-05-28,9.0,14.9,1.9,2.00,2.00,0.00,4.0,23403.46,10.86,21.0,52.2,130,2.01,3.7,71,91,52,0.356,0.322,0.378,8.8,11.9,9.7,55,71,982.1
16,2025-05-29,11.4,17.7,5.4,0.00,0.00,0.00,0.0,52973.66,28.34,13.5,32.0,318,4.41,4.3,65,95,38,0.343,0.323,0.377,11.3,11.3,10.9,3,29,983.3
16,2025-05-30,12.6,20.5,3.2,0.00,0.00,0.00,0.0,54000.00,29.49,14.9,36.4,304,4.94,4.3,61,93,34,0.325,0.322,0.377,11.8,11.0,11.3,1,3,979.1
16,2025-05-31,16.3,25.3,5.5,0.00,0.00,0.00,0.0,54000.00,27.49,15.0,37.1,332,5.12,8.2,62,87,37,0.309,0.317,0.374,14.0,10.8,12.6,2,7,981.4
16,2025-06-01,19.7,27.6,9.9,0.00,0.00,0.00,0.0,47889.22,26.32,10.5,28.1,337,5.30,11.4,62,93,36,0.293,0.310,0.370,16.8,10.9,14.5,3,61,981.0
16,2025-06-02,20.1,25.2,14.5,0.70,0.70,0.00,1.0,41222.11,21.35,7.7,21.2,170,4.17,13.2,66,85,44,0.284,0.305,0.367,18.0,11.3,16.1,53,82,979.0
16,2025-06-03,20.0,26.5,13.6,0.40,0.40,0.00,2.0,51570.33,24.30,7.5,19.8,111,4.65,13.7,70,91,41,0.282,0.305,0.364,18.8,11.8,17.0,51,40,977.5
16,2025-06-04,21.0,28.7,13.2,0.20,0.20,0.00,2.0,54000.00,25.91,10.5,23.0,108,5.20,13.6,66,93,37,0.279,0.303,0.359,19.3,12.2,17.4,51,26,975.7
16,2025-06-05,22.5,31.5,14.8,0.60,0.60,0.00,1.0,39413.87,24.69,9.5,28.4,108,5.32,14.3,63,85,34,0.271,0.297,0.356,20.7,12.7,18.3,53,72,973.9
16,2025-06-06,21.8,29.1,13.3,0.00,0.00,0.00,0.0,54000.00,28.31,13.2,29.9,337,5.85,13.6,64,97,34,0.268,0.295,0.354,20.0,13.2,18.7,0,3,976.6
16,2025-06-07,23.0,31.2,12.4,0.00,0.00,0.00,0.0,50400.00,28.52,5.9,15.8,12,5.67,14.6,63,91,35,0.259,0.292,0.354,20.3,13.6,18.7,3,33,977.3
16,2025-06-08,21.9,29.6,16.5,1.20,1.20,0.00,3.0,29656.97,18.58,16.4,37.1,123,4.06,16.9,75,93,41,0.257,0.292,0.353,20.7,14.0,19.4,53,71,977.6
16,2025-06-09,19.9,24.2,15.9,5.30,5.30,0.00,4.0,52118.48,23.56,10.0,35.3,332,4.17,16.7,82,93,65,0.279,0.298,0.358,20.0,14.4,19.3,63,35,980.8
16,2025-06-10,19.7,25.3,15.2,0.00,0.00,0.00,0.0,48460.44,22.51,14.6,33.1,326,4.42,14.1,72,97,49,0.301,0.298,0.358,19.3,14.6,18.2,3,48,980.3
16,2025-06-11,20.6,28.5,12.3,0.00,0.00,0.00,0.0,54000.00,29.44,13.8,33.1,333,5.93,12.5,64,95,36,0.288,0.298,0.359,18.8,14.7,17.8,0,2,979.3
16,2025-06-12,22.6,31.7,14.0,0.00,0.00,0.00,0.0,54000.00,29.20,12.9,30.6,349,6.02,14.4,63,89,33,0.275,0.296,0.358,20.4,14.8,18.7,0,0,979.5
16,2025-06-13,25.0,33.5,16.2,0.00,0.00,0.00,0.0,54000.00,28.88,7.8,13.0,41,5.92,16.7,64,90,35,0.264,0.293,0.357,22.0,15.0,20.0,3,34,977.6
16,2025-06-14,23.8,31.7,17.2,0.70,0.70,0.00,1.0,30390.06,17.41,11.3,18.4,129,3.93,16.8,68,94,38,0.260,0.292,0.358,21.9,15.4,20.7,53,73,975.6
16,2025-06-15,22.3,27.0,17.8,5.10,5.10,0.00,7.0,49467.06,23.28,8.9,27.7,271,4.49,17.2,74,90,51,0.262,0.288,0.357,21.7,15.8,20.6,61,50,973.3
16,2025-06-16,21.5,25.8,16.2,2.80,2.80,0.00,5.0,52344.63,20.45,11.3,37.1,338,3.97,17.4,78,94,58,0.284,0.285,0.356,21.2,16.0,20.1,61,77,973.8
16,2025-06-17,23.7,30.5,16.2,0.00,0.00,0.00,0.0,54000.00,27.77,9.8,22.7,328,5.68,17.0,69,96,43,0.289,0.283,0.354,21.4,16.1,19.8,2,26,972.9
16,2025-06-18,25.6,33.1,17.9,0.00,0.00,0.00,0.0,54000.00,26.05,8.0,23.0,145,5.42,18.0,66,90,39,0.275,0.278,0.350,22.8,16.3,20.8,3,25,971.8
16,2025-06-19,26.6,33.5,18.7,0.40,0.40,0.00,2.0,53883.78,25.59,16.5,32.0,121,6.28,17.3,59,85,38,0.263,0.272,0.345,24.3,16.6,22.1,51,45,970.7
16,2025-06-20,24.8,29.5,19.2,0.40,0.40,0.00,3.0,53560.14,21.78,15.0,43.2,5,4.81,17.0,63,81,45,0.248,0.262,0.338,23.5,17.1,22.5,51,82,972.8
16,2025-06-21,23.3,28.8,18.4,6.30,6.30,0.00,7.0,42372.30,21.76,20.0,45.7,188,4.91,16.3,68,93,38,0.295,0.263,0.337,22.7,17.3,21.9,63,55,975.7
16,2025-06-22,24.4,32.2,15.6,0.00,0.00,0.00,0.0,54000.00,29.10,7.4,14.8,97,5.80,15.1,62,96,29,0.294,0.263,0.335,22.7,17.5,21.4,3,21,975.0
16,2025-06-23,25.4,34.1,16.9,0.10,0.10,0.00,1.0,46800.00,25.71,10.6,22.0,126,5.60,15.8,60,93,30,0.276,0.262,0.334,23.7,17.7,22.2,51,41,970.1
16,2025-06-24,22.4,27.9,16.0,1.50,1.50,0.00,7.0,46234.05,23.14,13.1,29.9,281,4.91,14.7,65,98,34,0.274,0.261,0.332,22.1,17.9,22.1,53,51,972.8
16,2025-06-25,20.5,27.4,15.0,3.80,3.80,0.00,8.0,50630.66,19.45,21.3,48.6,99,4.02,15.9,76,95,50,0.284,0.260,0.331,20.2,17.9,20.5,55,54,971.5
16,2025-06-26,21.1,28.2,14.1,0.00,0.00,0.00,0.0,50400.00,27.08,10.8,24.8,41,5.16,15.5,73,98,44,0.293,0.264,0.333,20.7,17.8,20.0,3,64,973.1
16,2025-06-27,22.2,28.8,16.9,3.60,3.60,0.00,9.0,51295.67,23.28,19.9,46.4,174,5.18,14.8,66,95,33,0.298,0.264,0.332,21.6,17.8,20.7,61,55,970.8
16,2025-06-28,19.0,22.9,15.1,3.10,3.10,0.00,9.0,43111.68,14.87,10.9,26.6,233,2.96,14.0,75,93,54,0.320,0.264,0.331,19.5,17.7,19.8,55,61,972.9
16,2025-06-29,20.8,27.0,13.2,0.80,0.80,0.00,1.0,52844.31,23.85,12.7,32.8,123,4.92,13.2,65,91,38,0.304,0.265,0.330,19.8,17.5,19.0,53,65,968.4
16,2025-06-30,19.9,26.1,15.7,7.20,7.20,0.00,9.0,47821.37,21.40,18.4,44.6,154,4.27,14.6,72,90,52,0.321,0.271,0.332,20.0,17.4,19.7,61,59,965.4
16,2025-07-01,19.5,24.0,14.8,0.30,0.30,0.00,3.0,51119.48,22.19,7.3,25.2,133,4.17,14.4,74,96,52,0.327,0.274,0.332,19.5,17.3,19.1,51,50,970.6
16,2025-07-02,20.5,26.3,14.2,0.40,0.40,0.00,2.0,50644.13,24.31,9.3,27.4,344,4.67,15.5,75,94,53,0.309,0.269,0.329,19.9,17.2,19.2,51,57,975.7
16,2025-07-03,22.7,29.5,15.7,0.00,0.00,0.00,0.0,54000.00,25.17,11.8,29.9,324,5.28,15.8,68,94,41,0.290,0.266,0.326,20.8,17.2,19.7,2,15,977.1
16,2025-07-04,24.3,32.0,16.3,0.00,0.00,0.00,0.0,54000.00,26.66,7.5,14.8,97,5.31,16.9,67,91,36,0.273,0.262,0.323,21.9,17.3,20.4,0,2,974.2
16,2025-07-05,23.7,31.0,17.1,12.50,12.50,0.00,9.0,42825.34,22.39,15.7,40.0,118,5.06,17.4,71,98,40,0.276,0.264,0.325,22.8,17.5,21.5,63,48,965.8
16,2025-07-06,19.3,24.6,15.9,8.40,8.40,0.00,15.0,48568.94,18.66,13.1,32.0,209,3.44,16.1,83,100,55,0.384,0.287,0.320,20.3,17.7,20.7,61,73,969.7
16,2025-07-07,19.6,23.3,15.9,4.50,4.50,0.00,13.0,50683.02,20.08,9.1,31.3,204,3.62,16.4,82,99,65,0.379,0.302,0.319,19.9,17.7,19.5,55,60,970.0
16,2025-07-08,19.6,23.9,14.9,8.60,8.60,0.00,8.0,47045.48,16.61,13.3,28.8,318,3.13,16.5,83,96,68,0.391,0.312,0.319,19.0,17.6,19.0,63,62,973.2
16,2025-07-09,19.5,26.0,13.5,0.00,0.00,0.00,0.0,48316.43,25.88,15.5,35.6,321,4.96,14.1,73,97,48,0.373,0.323,0.318,19.1,17.4,18.7,3,38,974.0
16,2025-07-10,20.2,26.4,11.8,0.20,0.20,0.00,1.0,47197.57,23.24,9.4,22.0,292,4.43,15.1,74,96,57,0.344,0.321,0.317,19.1,17.3,18.5,51,69,972.2
16,2025-07-11,18.2,19.8,16.3,7.00,7.00,0.00,17.0,3943.02,6.80,6.7,15.5,222,1.39,16.6,90,98,81,0.356,0.321,0.317,18.4,17.2,18.4,53,95,975.8
16,2025-07-12,20.4,25.5,14.6,0.90,0.90,0.00,3.0,51532.62,20.35,15.7,40.3,135,4.04,16.2,78,100,55,0.377,0.331,0.321,19.7,17.1,18.4,53,49,977.7
16,2025-07-13,21.8,27.4,16.9,4.90,4.90,0.00,13.0,50850.61,21.19,12.0,24.8,39,4.24,17.1,77,100,55,0.378,0.336,0.323,20.9,17.1,19.7,53,39,974.9
16,2025-07-14,19.5,25.3,14.4,6.90,6.90,0.00,8.0,54000.00,21.84,15.1,35.3,120,3.97,16.5,84,98,63,0.390,0.345,0.323,19.6,17.2,19.6,63,33,970.7
16,2025-07-15,19.9,27.1,11.7,0.00,0.00,0.00,0.0,54000.00,26.81,9.4,23.0,26,5.18,13.7,72,100,41,0.378,0.349,0.319,19.0,17.2,18.9,1,11,972.9
16,2025-07-16,22.1,30.2,12.7,0.00,0.00,0.00,0.0,52091.99,25.04,13.5,25.9,22,5.36,14.1,64,95,36,0.346,0.339,0.314,20.2,17.2,19.2,3,35,973.1
16,2025-07-17,23.3,30.9,15.0,0.00,0.00,0.00,0.0,54000.00,28.34,4.8,19.4,29,5.54,14.4,61,93,32,0.321,0.327,0.310,20.7,17.3,19.8,0,0,975.0
16,2025-07-18,24.6,33.6,15.4,0.00,0.00,0.00,0.0,54000.00,26.06,12.5,29.9,110,5.93,15.6,61,92,35,0.303,0.319,0.308,22.2,17.5,20.6,2,29,973.8
16,2025-07-19,25.9,34.6,18.8,1.60,1.60,0.00,4.0,43787.66,23.28,13.2,33.5,92,5.67,16.1,57,86,33,0.289,0.315,0.310,23.9,17.8,22.4,53,49,969.2
16,2025-07-20,19.9,23.8,14.0,0.00,0.00,0.00,0.0,53046.36,27.01,18.3,44.6,328,5.33,12.2,64,97,39,0.288,0.311,0.311,20.8,18.2,21.5,3,18,977.7
16,2025-07-21,19.5,27.1,10.3,0.00,0.00,0.00,0.0,54000.00,27.71,15.0,37.4,326,5.59,10.5,59,83,35,0.274,0.305,0.310,18.8,18.2,19.1,0,1,978.7
16,2025-07-22,18.4,24.3,10.8,0.00,0.00,0.00,0.0,54000.00,27.94,15.4,38.5,322,5.62,8.7,58,93,33,0.262,0.297,0.308,18.4,18.0,18.7,3,16,980.9
16,2025-07-23,16.3,23.7,8.5,0.00,0.00,0.00,0.0,54000.00,27.92,17.4,41.8,328,5.46,6.3,56,88,29,0.255,0.294,0.309,16.5,17.8,17.5,3,14,976.1
16,2025-07-24,17.1,24.9,6.1,0.00,0.00,0.00,0.0,51859.77,24.25,9.2,20.9,334,4.54,8.2,60,96,34,0.249,0.290,0.309,16.0,17.4,16.9,3,35,970.6
16,2025-07-25,22.1,32.4,10.2,0.00,0.00,0.00,0.0,54000.00,26.87,12.9,23.4,107,6.02,10.4,53,93,25,0.239,0.282,0.306,19.1,17.2,17.8,1,3,968.5
16,2025-07-26,27.4,36.6,18.0,0.10,0.10,0.00,1.0,53947.96,25.38,14.7,33.1,108,7.14,12.7,42,61,26,0.225,0.270,0.301,24.0,17.3,21.1,51,24,967.6
16,2025-07-27,28.1,36.4,19.9,0.10,0.10,0.00,1.0,50400.00,25.36,13.1,27.7,107,6.05,13.7,43,69,25,0.219,0.266,0.300,25.4,17.8,23.4,51,53,968.1
16,2025-07-28,24.4,30.0,20.0,0.40,0.40,0.00,3.0,27391.47,16.71,11.2,24.1,10,3.77,16.8,65,93,41,0.223,0.267,0.304,23.4,18.4,23.3,51,84,970.9
16,2025-07-29,23.1,29.4,17.9,1.10,1.10,0.00,2.0,39370.82,16.50,12.7,31.7,93,3.70,16.6,69,94,39,0.231,0.270,0.307,22.2,18.8,22.4,55,73,969.8
16,2025-07-30,24.9,32.5,17.4,0.10,0.10,0.00,1.0,52807.03,22.30,12.1,30.6,129,5.15,14.9,58,86,28,0.238,0.271,0.310,22.8,19.0,22.1,51,33,968.0
16,2025-07-31,23.6,31.7,16.3,0.70,0.70,0.00,4.0,43411.14,21.45,17.5,37.8,195,5.33,13.2,56,83,30,0.232,0.270,0.311,22.5,19.2,22.4,51,49,968.9
16,2025-08-01,23.2,30.1,16.1,0.00,0.00,0.00,0.0,53640.92,23.18,9.5,25.6,132,4.94,14.6,61,87,36,0.232,0.270,0.313,22.3,19.4,22.3,3,39,971.5
16,2025-08-02,21.6,29.7,16.7,5.00,5.00,0.00,4.0,39790.41,18.14,14.8,31.0,142,3.85,16.1,74,95,39,0.246,0.271,0.316,21.7,19.5,22.1,63,87,969.9
16,2025-08-03,17.9,20.1,13.6,25.50,25.50,0.00,17.0,29216.87,11.76,15.0,36.4,276,2.03,16.0,89,97,82,0.384,0.296,0.317,19.1,19.5,20.5,63,81,973.4
16,2025-08-04,14.9,19.3,10.0,0.90,0.90,0.00,7.0,52376.58,22.01,13.1,32.8,299,3.71,9.4,73,100,43,0.387,0.333,0.318,16.2,19.2,18.0,51,27,980.4
16,2025-08-05,13.3,18.6,7.0,0.30,0.30,0.00,3.0,52754.82,20.46,11.1,28.1,287,3.44,6.6,67,92,41,0.359,0.332,0.317,13.6,18.6,15.9,51,28,984.0
16,2025-08-06,16.0,23.9,5.2,3.70,3.70,0.00,7.0,47805.46,24.71,16.3,37.8,164,4.65,8.0,64,98,33,0.343,0.328,0.316,14.7,17.9,15.2,53,46,979.0
16,2025-08-07,15.9,23.8,9.7,0.30,0.30,0.00,1.0,48609.84,24.09,11.3,24.1,359,4.10,9.4,69,92,35,0.357,0.322,0.312,16.2,17.5,16.7,51,31,978.4
16,2025-08-08,19.0,24.7,12.1,2.00,2.00,0.00,9.0,38861.95,15.76,13.9,33.1,125,3.42,12.5,67,91,53,0.341,0.319,0.310,17.7,17.2,17.0,53,83,972.9
16,2025-08-09,15.6,17.8,13.9,18.70,18.70,0.00,16.0,18224.44,7.14,10.9,27.0,277,1.29,13.6,88,100,68,0.421,0.350,0.309,16.2,17.1,17.3,63,79,975.4
16,2025-08-10,15.8,21.2,9.8,0.20,0.20,0.00,2.0,45045.41,15.50,10.9,28.1,276,2.82,11.1,76,95,52,0.399,0.374,0.308,15.2,16.9,16.0,51,64,979.7
16,2025-08-11,17.1,24.7,9.0,0.00,0.00,0.00,0.0,50207.60,24.95,10.9,28.4,333,4.56,10.6,69,95,41,0.375,0.368,0.307,15.7,16.6,16.0,0,2,980.4
16,2025-08-12,18.2,25.5,8.4,4.40,4.40,0.00,6.0,44821.21,20.63,14.2,33.1,131,4.15,12.3,71,98,45,0.359,0.360,0.307,16.8,16.5,16.5,61,58,974.1
16,2025-08-13,17.6,21.5,13.8,4.30,4.30,0.00,12.0,30805.95,10.71,12.2,32.0,205,1.93,15.3,87,96,69,0.408,0.361,0.306,17.4,16.5,17.5,53,65,974.7
16,2025-08-14,19.4,26.3,11.4,0.70,0.70,0.00,4.0,48552.97,21.12,16.4,33.1,132,4.19,13.3,71,96,43,0.383,0.363,0.305,18.2,16.5,17.4,51,35,973.8
16,2025-08-15,20.9,24.4,16.6,3.50,3.50,0.00,5.0,47058.67,19.27,19.6,45.7,156,4.18,14.1,66,89,45,0.375,0.362,0.308,19.9,16.7,19.0,61,49,970.7
16,2025-08-16,19.6,24.6,15.1,3.70,3.70,0.00,11.0,47593.53,18.35,15.1,41.0,129,3.66,15.0,76,98,53,0.372,0.358,0.308,18.9,16.9,18.6,61,65,972.9
16,2025-08-17,19.3,23.7,15.9,6.50,6.50,0.00,9.0,37024.03,15.00,14.8,38.9,130,2.97,15.5,79,96,66,0.389,0.357,0.309,18.6,17.1,18.5,61,58,972.9
16,2025-08-18,19.2,24.6,14.2,1.00,1.00,0.00,6.0,46095.83,19.79,8.7,33.1,150,3.69,14.2,75,97,47,0.385,0.358,0.307,18.8,17.1,18.3,51,44,976.6
16,2025-08-19,17.9,22.8,12.6,1.30,1.30,0.00,3.0,46800.00,20.37,10.8,29.2,198,3.64,12.7,74,96,46,0.367,0.353,0.306,18.0,17.2,18.1,53,38,978.4
16,2025-08-20,19.0,25.2,13.1,0.00,0.00,0.00,0.0,46952.48,17.20,6.6,16.2,85,3.31,12.7,70,92,43,0.355,0.347,0.303,17.9,17.2,17.8,3,30,977.1
16,2025-08-21,19.8,28.1,10.7,0.00,0.00,0.00,0.0,45059.29,20.57,8.8,20.2,114,4.14,12.1,66,97,36,0.339,0.339,0.301,18.1,17.2,17.8,3,87,974.5
16,2025-08-22,22.4,29.6,14.7,0.30,0.30,0.00,3.0,46499.87,20.65,19.2,46.4,123,5.30,12.9,58,85,37,0.321,0.330,0.299,20.4,17.2,19.0,51,50,971.6
16,2025-08-23,20.2,25.2,15.4,0.00,0.00,0.00,0.0,46087.06,20.37,10.8,29.2,279,4.06,12.3,63,87,40,0.306,0.320,0.296,19.8,17.5,19.6,3,64,972.4
16,2025-08-24,19.1,25.1,12.5,0.00,0.00,0.00,0.0,46800.00,19.54,11.6,29.9,311,3.83,11.9,65,87,42,0.296,0.315,0.295,17.9,17.6,18.5,2,24,979.2
16,2025-08-25,18.8,25.1,12.4,0.10,0.10,0.00,1.0,46800.00,18.41,12.5,33.1,311,3.79,11.6,66,88,39,0.287,0.309,0.294,17.6,17.5,17.9,51,18,982.5
16,2025-08-26,17.4,25.4,8.7,0.00,0.00,0.00,0.0,46800.00,21.66,13.4,32.0,307,4.18,11.4,71,96,45,0.277,0.301,0.291,17.0,17.4,17.5,0,4,982.9
16,2025-08-27,18.5,26.3,9.5,0.00,0.00,0.00,0.0,46800.00,21.88,19.7,47.9,333,4.65,11.2,67,94,39,0.267,0.295,0.290,17.8,17.4,17.7,3,7,983.8
16,2025-08-28,19.5,28.1,10.7,0.00,0.00,0.00,0.0,46800.00,21.91,15.0,37.1,338,4.75,10.6,62,95,29,0.259,0.290,0.288,18.0,17.3,18.0,3,24,982.0
16,2025-08-29,19.2,28.9,8.1,0.50,0.50,0.00,4.0,44298.25,18.99,8.7,22.3,336,3.87,11.8,67,99,31,0.252,0.285,0.288,17.8,17.3,17.9,51,50,979.4
16,2025-08-30,17.6,21.7,13.9,5.10,5.10,0.00,12.0,19075.27,11.01,10.7,32.8,119,1.99,14.9,85,98,66,0.266,0.287,0.292,17.9,17.4,18.4,55,87,973.4
16,2025-08-31,12.8,14.7,11.2,52.00,52.00,0.00,24.0,3894.31,5.27,29.5,65.2,244,0.84,11.9,94,97,89,0.437,0.359,0.292,15.0,17.3,16.9,63,97,970.4
16,2025-09-01,13.8,17.9,10.5,4.70,4.70,0.00,20.0,40414.71,14.10,17.1,38.5,202,2.37,10.6,83,100,62,0.442,0.432,0.298,14.7,17.0,15.4,53,77,978.3
16,2025-09-02,12.1,14.3,10.9,19.40,19.40,0.00,23.0,13227.52,7.29,18.3,38.5,201,1.18,10.8,92,99,75,0.460,0.451,0.309,13.5,16.7,14.8,61,91,972.2
16,2025-09-03,13.3,17.0,10.9,5.90,5.90,0.00,19.0,22017.25,9.46,10.3,28.4,293,1.52,11.6,90,98,77,0.450,0.444,0.325,13.6,16.3,14.1,61,81,982.9
16,2025-09-04,13.7,19.6,7.7,0.30,0.30,0.00,2.0,43360.92,15.57,8.9,27.0,289,2.58,10.3,82,99,55,0.428,0.431,0.333,13.3,15.9,13.8,51,57,986.4
16,2025-09-05,14.4,22.5,5.0,0.00,0.00,0.00,0.0,46759.69,20.33,8.0,23.4,5,3.48,8.4,71,99,38,0.410,0.417,0.336,13.5,15.6,14.0,1,5,983.5
16,2025-09-06,14.9,23.7,5.0,0.00,0.00,0.00,0.0,46631.74,19.99,9.4,18.0,340,3.49,8.7,70,96,41,0.396,0.406,0.336,13.2,15.4,14.0,3,34,979.9
16,2025-09-07,14.8,22.9,6.0,0.00,0.00,0.00,0.0,46502.70,19.75,6.0,16.6,3,3.36,9.0,72,99,40,0.383,0.394,0.334,13.2,15.2,14.1,3,22,978.2
16,2025-09-08,16.6,25.0,7.2,1.30,1.30,0.00,10.0,36031.36,13.67,19.5,45.0,123,3.30,10.3,69,98,41,0.373,0.383,0.332,14.8,15.1,14.5,51,55,971.0
16,2025-09-09,14.1,15.6,12.0,5.90,5.90,0.00,14.0,11973.63,6.93,12.6,31.0,250,1.12,12.6,90,96,85,0.402,0.388,0.336,14.6,15.1,15.2,61,71,974.7
16,2025-09-10,13.9,20.6,7.3,0.10,0.10,0.00,1.0,44814.93,15.28,6.7,14.0,80,2.53,9.4,77,100,45,0.402,0.395,0.337,13.6,15.1,14.2,51,32,980.0
16,2025-09-11,12.3,16.2,8.3,23.20,23.20,0.00,18.0,17764.85,8.06,13.8,31.7,139,1.29,10.7,90,100,78,0.430,0.411,0.339,12.4,14.9,13.5,63,80,975.1
16,2025-09-12,13.7,18.7,10.0,1.20,1.20,0.00,8.0,28754.94,10.27,6.5,15.8,313,1.75,10.8,84,98,62,0.438,0.439,0.348,13.5,14.8,13.8,51,58,983.4
16,2025-09-13,11.7,15.6,8.6,6.00,6.00,0.00,14.0,37357.53,11.71,16.5,37.8,324,1.70,9.8,89,95,77,0.434,0.429,0.352,11.9,14.6,13.1,61,51,981.5
16,2025-09-14,10.0,15.7,5.2,0.00,0.00,0.00,0.0,43660.18,16.22,15.4,39.6,319,2.66,4.0,68,87,46,0.424,0.426,0.356,10.8,14.4,12.0,2,26,988.7
16,2025-09-15,9.7,18.3,1.7,0.00,0.00,0.00,0.0,43619.87,18.37,6.5,16.2,7,2.70,4.7,74,96,45,0.408,0.415,0.359,9.1,14.0,10.9,0,0,989.8
16,2025-09-16,13.2,24.2,2.5,0.00,0.00,0.00,0.0,43239.22,18.00,10.7,27.7,99,3.29,5.8,66,98,30,0.397,0.406,0.357,11.4,13.7,11.4,3,35,983.8
16,2025-09-17,15.9,22.7,10.7,0.00,0.00,0.00,0.0,27705.55,10.22,10.6,27.0,116,2.45,8.7,64,82,43,0.389,0.400,0.353,14.4,13.6,13.4,3,82,982.3
16,2025-09-18,14.6,20.4,10.3,1.80,1.80,0.00,6.0,39246.02,14.13,7.7,24.8,131,2.39,10.7,79,95,55,0.388,0.395,0.352,14.4,13.7,14.2,55,60,981.6
16,2025-09-19,14.2,21.2,7.4,0.20,0.20,0.00,1.0,40780.10,14.12,6.2,16.6,57,2.37,10.0,79,100,47,0.389,0.393,0.353,13.4,13.9,13.9,51,37,982.0
16,2025-09-20,12.6,18.9,6.5,0.40,0.40,0.00,3.0,36109.38,12.05,7.3,20.5,285,1.96,8.7,79,97,55,0.382,0.388,0.353,12.0,13.9,12.9,51,94,980.8
16,2025-09-21,13.5,20.0,7.5,1.80,1.80,0.00,6.0,29268.46,11.58,8.3,22.0,335,2.04,9.1,77,97,51,0.393,0.385,0.351,12.5,13.8,13.0,53,50,984.9
16,2025-09-22,13.6,21.9,4.0,0.00,0.00,0.00,0.0,40200.76,15.70,14.5,29.9,116,2.98,7.7,70,98,43,0.379,0.381,0.351,12.3,13.7,12.5,3,46,980.6
16,2025-09-23,15.2,17.6,12.0,14.50,14.50,0.00,19.0,12900.87,6.25,20.0,50.8,160,1.69,11.4,80,98,52,0.409,0.385,0.350,14.7,13.7,14.0,63,99,975.8
16,2025-09-24,12.8,16.7,9.4,1.30,1.30,0.00,8.0,34652.90,9.14,9.8,22.0,263,1.59,9.0,80,97,56,0.426,0.407,0.350,13.1,13.8,13.6,51,61,987.1
16,2025-09-25,14.7,22.5,8.4,0.00,0.00,0.00,0.0,39622.16,15.17,11.0,28.8,114,2.78,8.7,70,97,44,0.411,0.410,0.353,13.6,13.8,13.0,0,2,986.4
16,2025-09-26,15.0,26.0,5.2,0.00,0.00,0.00,0.0,39667.94,15.16,9.2,23.8,102,2.94,8.6,70,100,34,0.404,0.410,0.357,13.3,13.8,13.3,0,0,980.3
16,2025-09-27,17.1,25.5,10.1,0.00,0.00,0.00,0.0,39600.00,14.35,14.4,33.1,140,3.28,9.2,62,82,36,0.389,0.400,0.353,15.2,13.8,14.4,2,20,981.0
16,2025-09-28,17.7,26.7,11.2,0.00,0.00,0.00,0.0,37259.21,14.01,12.4,30.6,140,3.06,9.9,63,80,34,0.378,0.392,0.351,15.9,14.0,15.0,3,42,981.7
16,2025-09-29,11.2,13.9,8.2,5.70,5.70,0.00,8.0,630.41,2.60,12.3,27.7,311,0.54,9.7,91,100,81,0.408,0.391,0.351,12.6,14.2,14.0,61,97,983.8
16,2025-09-30,5.3,8.2,2.1,2.20,2.20,0.00,6.0,30445.32,9.40,10.0,27.0,292,1.06,3.4,88,99,72,0.417,0.398,0.353,7.8,14.0,11.2,53,89,980.0
16,2025-10-01,3.0,4.7,1.7,3.60,2.20,0.98,16.0,3519.77,5.28,12.0,29.2,297,0.71,0.8,86,99,72,0.414,0.401,0.357,5.0,13.4,8.4,73,97,979.0
16,2025-10-02,3.5,7.2,-1.7,8.20,8.10,0.07,12.0,18000.00,8.10,19.9,43.6,187,1.00,1.1,86,99,57,0.420,0.403,0.360,4.5,12.6,6.6,71,72,985.6
16,2025-10-03,4.7,6.7,2.7,6.30,6.00,0.21,24.0,30192.87,8.13,10.8,30.2,256,0.86,3.6,93,98,86,0.442,0.421,0.362,6.3,11.9,7.2,71,83,992.2
16,2025-10-04,3.1,5.2,1.3,6.20,5.20,0.70,16.0,0.00,4.83,20.3,40.7,210,0.61,1.8,92,100,73,0.438,0.426,0.365,4.9,11.4,6.7,73,94,990.5
16,2025-10-05,0.1,1.8,-2.8,3.70,0.20,2.45,15.0,33676.86,10.15,20.7,45.4,311,0.94,-2.3,85,98,66,0.431,0.429,0.369,3.1,10.8,5.4,73,53,998.0
16,2025-10-06,-0.4,5.2,-5.8,0.00,0.00,0.00,0.0,37375.26,13.15,8.1,18.7,119,1.30,-3.8,79,97,53,0.418,0.423,0.372,1.4,10.1,3.9,3,49,997.9
16,2025-10-07,3.5,8.4,-0.6,0.00,0.00,0.00,0.0,22426.44,7.59,7.7,16.2,97,1.06,-1.4,72,87,46,0.412,0.416,0.374,3.5,9.4,4.3,3,89,992.0
16,2025-10-08,2.4,6.5,-1.8,0.00,0.00,0.00,0.0,34047.38,9.63,11.0,25.2,309,1.16,-0.9,80,99,60,0.407,0.411,0.375,3.1,9.0,4.5,3,54,991.3
16,2025-10-09,1.7,6.1,-2.2,0.00,0.00,0.00,0.0,35549.97,10.68,6.2,16.2,236,1.16,-2.8,73,90,52,0.401,0.407,0.376,2.5,8.6,4.0,3,44,990.9
16,2025-10-10,2.0,6.0,-0.9,0.00,0.00,0.00,0.0,27707.72,8.35,10.1,25.9,307,0.97,-1.5,78,89,63,0.396,0.402,0.377,2.4,8.2,3.9,3,78,991.4
16,2025-10-11,2.1,7.0,-3.4,0.10,0.10,0.00,1.0,24849.65,9.19,8.4,14.0,104,1.09,-1.5,78,96,54,0.393,0.399,0.378,1.9,7.9,3.6,51,92,987.1
16,2025-10-12,3.0,4.3,1.2,4.90,4.20,0.49,16.0,54.76,3.08,11.4,25.6,261,0.41,1.9,92,100,81,0.417,0.400,0.379,3.7,7.6,4.4,71,98,984.5
16,2025-10-13,-0.3,2.0,-3.3,0.00,0.00,0.00,0.0,27205.39,6.39,11.0,27.4,296,0.67,-3.0,83,92,69,0.412,0.404,0.380,2.0,7.4,3.5,3,50,990.9
16,2025-10-14,-3.0,-0.8,-4.4,0.00,0.00,0.00,0.0,24538.74,6.86,12.4,29.2,299,0.70,-6.5,78,87,67,0.404,0.403,0.382,-0.3,7.1,2.4,3,64,996.6
16,2025-10-15,-3.0,1.6,-7.6,0.00,0.00,0.00,0.0,36000.00,11.17,8.4,24.1,282,0.96,-6.6,77,92,58,0.400,0.403,0.384,-1.7,6.7,1.6,1,3,1000.7
16,2025-10-16,-1.4,6.4,-6.7,0.00,0.00,0.00,0.0,36000.00,10.90,8.7,13.0,4,1.12,-5.0,79,100,47,0.398,0.402,0.385,-2.3,6.3,1.2,1,5,999.3
16,2025-10-17,-0.7,10.1,-9.2,0.00,0.00,0.00,0.0,36000.00,10.83,7.4,15.8,88,1.30,-6.1,71,97,33,0.397,0.402,0.386,-1.3,5.9,1.0,0,0,994.7
16,2025-10-18,2.5,12.3,-4.9,0.00,0.00,0.00,0.0,35824.12,9.08,11.7,28.1,103,1.80,-8.0,49,73,28,0.395,0.401,0.387,0.3,5.6,1.0,3,43,990.8
16,2025-10-19,6.6,12.7,1.4,0.30,0.30,0.00,2.0,34154.10,8.82,14.1,33.1,110,2.17,-5.1,43,57,34,0.388,0.394,0.383,4.0,5.3,1.3,51,65,991.1
16,2025-10-20,5.5,14.8,-0.5,0.00,0.00,0.00,0.0,34148.88,8.84,8.5,16.9,89,1.38,-0.6,67,87,39,0.384,0.388,0.382,4.1,5.2,2.1,1,13,992.1
16,2025-10-21,4.9,14.1,-1.5,0.00,0.00,0.00,0.0,34207.97,9.46,7.0,11.2,49,1.28,0.2,74,91,47,0.381,0.386,0.383,3.2,5.2,3.1,1,8,992.5
16,2025-10-22,4.7,12.7,-0.6,0.00,0.00,0.00,0.0,34649.82,9.63,9.4,14.0,330,1.21,1.0,78,90,57,0.378,0.383,0.382,2.6,5.3,3.3,0,0,995.4
16,2025-10-23,3.6,11.4,-2.1,0.00,0.00,0.00,0.0,33944.02,9.10,7.4,13.3,2,1.09,0.6,82,94,63,0.375,0.381,0.382,1.8,5.3,3.0,1,6,996.9
16,2025-10-24,3.4,15.4,-4.6,0.00,0.00,0.00,0.0,34003.16,9.35,8.9,18.4,88,1.31,-1.5,74,98,37,0.373,0.378,0.381,1.9,5.4,2.8,0,0,993.3
16,2025-10-25,5.9,17.7,-2.3,0.00,0.00,0.00,0.0,34062.60,9.34,11.9,27.4,102,1.92,-2.8,56,76,30,0.368,0.375,0.380,3.6,5.4,3.5,3,19,985.1
16,2025-10-26,9.5,13.1,4.6,2.90,2.90,0.00,10.0,2328.75,3.74,17.3,38.2,116,1.63,1.2,58,87,42,0.373,0.373,0.379,7.3,5.6,5.4,53,95,982.5
16,2025-10-27,7.6,9.8,6.0,1.90,1.90,0.00,9.0,23504.37,5.27,10.8,23.4,78,0.77,5.5,87,96,74,0.393,0.376,0.380,7.4,6.0,6.4,51,76,985.5
16,2025-10-28,4.3,8.8,2.0,0.00,0.00,0.00,0.0,28469.09,5.71,7.1,17.3,286,0.68,2.1,86,94,70,0.392,0.380,0.379,5.1,6.3,5.7,2,38,990.7
16,2025-10-29,3.0,9.3,-1.1,0.00,0.00,0.00,0.0,33130.61,8.52,4.7,10.8,55,0.93,1.0,87,96,67,0.384,0.381,0.380,1.8,6.3,3.6,1,14,992.3
16,2025-10-30,2.8,10.9,-1.3,0.00,0.00,0.00,0.0,32795.22,8.15,9.5,18.4,98,1.00,-0.2,82,96,57,0.380,0.381,0.379,1.7,6.1,2.7,3,25,993.0
16,2025-10-31,5.2,14.9,-1.1,0.00,0.00,0.00,0.0,32850.41,8.31,12.9,29.2,108,1.61,-1.5,64,85,42,0.376,0.379,0.379,2.9,5.9,2.9,3,43,987.3
16,2025-11-01,8.6,12.8,3.6,1.10,1.10,0.00,8.0,13306.65,3.68,17.3,41.8,172,1.66,0.5,58,73,41,0.374,0.377,0.378,5.3,5.9,4.5,51,88,985.2
16,2025-11-02,5.3,8.0,2.1,2.70,2.70,0.00,15.0,15797.29,3.64,10.8,22.7,165,0.64,2.4,82,89,72,0.393,0.378,0.378,5.5,6.0,5.5,51,92,990.1
16,2025-11-03,5.9,10.5,1.9,5.00,5.00,0.00,14.0,22109.16,4.50,19.2,48.6,131,0.97,2.1,77,90,51,0.404,0.382,0.378,5.2,6.1,4.8,55,88,979.2
16,2025-11-04,5.6,8.1,1.9,6.00,6.00,0.00,24.0,3422.79,2.98,12.1,28.1,180,0.55,3.6,87,100,76,0.427,0.395,0.378,5.7,6.2,5.5,53,99,982.4
16,2025-11-05,-4.6,1.2,-7.9,1.70,0.10,1.12,10.0,13390.50,3.99,14.7,33.1,295,0.37,-6.9,84,99,76,0.420,0.407,0.379,-0.5,6.3,3.5,73,80,995.5
16,2025-11-06,-7.1,-2.8,-11.5,0.10,0.00,0.07,1.0,28785.28,6.41,11.0,23.0,191,0.48,-9.9,81,92,67,0.409,0.409,0.382,-4.3,5.9,1.3,71,79,998.3
16,2025-11-07,-2.1,-0.5,-4.2,7.70,0.10,5.32,24.0,0.00,2.35,15.6,34.6,154,0.43,-4.4,84,88,79,0.405,0.408,0.383,-1.5,5.4,1.0,73,100,995.1
16,2025-11-08,1.7,4.0,-0.4,2.90,0.00,2.03,15.0,6134.40,3.82,18.7,42.1,147,0.86,-2.4,74,85,66,0.402,0.405,0.384,1.1,5.0,1.0,73,99,990.7
16,2025-11-09,4.1,5.6,2.0,1.20,0.40,0.56,10.0,4146.58,3.47,18.5,42.1,149,1.26,-2.4,63,73,53,0.402,0.403,0.384,3.0,4.7,1.2,71,100,984.6
16,2025-11-10,2.8,5.9,-2.1,6.50,2.10,3.08,17.0,0.00,1.80,22.7,51.5,202,0.91,-1.6,75,98,49,0.410,0.403,0.384,2.7,4.5,1.6,73,99,980.9
16,2025-11-11,-2.4,1.1,-8.2,0.40,0.00,0.28,3.0,28095.01,5.48,17.5,37.1,150,0.61,-5.4,80,92,64,0.407,0.404,0.385,0.7,4.4,1.7,71,82,994.9
16,2025-11-12,1.9,4.2,-1.2,4.60,1.50,2.17,9.0,7750.13,3.89,18.0,43.6,144,0.90,-2.7,72,85,61,0.405,0.403,0.385,1.1,4.3,1.6,73,93,988.8
16,2025-11-13,-0.3,3.1,-5.2,15.40,2.70,8.89,21.0,10655.79,3.21,15.8,38.2,272,0.39,-1.9,89,97,82,0.419,0.412,0.386,1.9,4.2,1.9,75,88,989.9
16,2025-11-14,-5.2,-1.6,-12.0,2.10,0.10,1.40,15.0,7140.13,3.75,10.6,23.8,262,0.33,-7.0,87,94,74,0.411,0.412,0.389,1.0,4.2,1.9,71,78,1001.6
16,2025-11-15,-9.8,-2.0,-15.5,0.00,0.00,0.00,0.0,29740.06,6.78,12.0,22.3,97,0.52,-13.2,77,86,63,0.406,0.409,0.390,-1.7,4.1,1.6,1,4,1001.9
16,2025-11-16,-5.5,2.1,-10.3,0.00,0.00,0.00,0.0,29786.69,6.74,13.8,27.7,97,0.76,-10.2,70,79,53,0.403,0.407,0.390,-1.2,4.0,1.2,0,2,999.5
16,2025-11-17,-2.5,5.3,-9.1,0.00,0.00,0.00,0.0,29832.11,6.20,14.8,28.8,106,0.98,-8.8,63,78,48,0.400,0.405,0.391,-1.7,3.9,1.0,3,25,996.4
16,2025-11-18,0.5,6.2,-2.5,0.00,0.00,0.00,0.0,27221.31,5.86,13.8,25.2,106,1.12,-6.7,59,69,46,0.398,0.404,0.391,0.2,3.7,0.9,3,23,999.9
16,2025-11-19,-0.5,6.0,-3.3,0.00,0.00,0.00,0.0,29061.79,5.99,12.3,21.6,98,0.87,-5.4,70,82,54,0.397,0.404,0.393,-0.4,3.6,1.0,3,34,994.8
16,2025-11-20,0.3,7.4,-3.8,0.00,0.00,0.00,0.0,29099.93,5.94,12.9,28.8,112,0.99,-5.3,67,82,48,0.398,0.403,0.393,-0.8,3.5,0.9,3,42,994.0
16,2025-11-21,1.5,3.1,-0.4,12.60,3.10,6.65,16.0,0.00,0.90,13.2,32.8,129,0.51,-2.3,77,94,60,0.405,0.403,0.394,0.1,3.4,0.8,75,100,994.8
16,2025-11-22,-3.4,1.8,-9.3,2.50,0.10,1.68,16.0,8836.77,2.82,16.6,41.8,315,0.34,-5.6,85,95,69,0.404,0.406,0.393,0.1,3.3,0.8,73,70,1001.9
16,2025-11-23,-6.4,-0.8,-13.8,0.00,0.00,0.00,0.0,27082.21,5.10,18.1,35.6,116,0.74,-12.3,65,91,49,0.394,0.401,0.391,-4.1,3.2,0.5,3,82,1000.8
16,2025-11-24,-0.9,1.1,-3.1,14.10,0.00,9.87,13.0,0.00,0.84,18.5,41.4,132,0.68,-6.0,70,90,48,0.393,0.399,0.391,-0.6,3.1,0.4,75,100,991.7
16,2025-11-25,-4.2,-2.6,-7.0,0.00,0.00,0.00,0.0,18534.62,3.93,13.6,29.2,136,0.37,-6.7,84,93,73,0.393,0.398,0.393,-0.1,3.0,0.3,3,93,999.3
16,2025-11-26,-0.5,2.1,-2.0,0.00,0.00,0.00,0.0,17938.04,4.31,17.8,39.2,124,0.82,-5.4,70,81,59,0.392,0.396,0.393,0.6,2.9,0.4,3,99,991.7
16,2025-11-27,-1.6,1.5,-5.5,1.70,0.00,1.19,7.0,27507.97,4.96,13.3,29.2,135,0.51,-4.5,81,96,69,0.390,0.395,0.393,0.7,2.8,0.5,73,60,983.5
16,2025-11-28,-2.4,-0.5,-5.5,2.50,0.00,1.75,24.0,14270.74,2.86,12.2,26.3,282,0.29,-3.9,89,93,80,0.389,0.393,0.393,0.8,2.7,0.6,71,89,993.4
16,2025-11-29,-9.9,-5.5,-13.6,0.10,0.00,0.07,1.0,20641.58,4.04,9.7,20.9,68,0.26,-11.9,86,96,74,0.388,0.392,0.395,0.3,2.7,0.7,71,88,998.8
16,2025-11-30,-6.7,-3.3,-10.4,1.60,0.00,1.12,8.0,13041.00,3.20,9.7,20.2,112,0.36,-10.0,77,83,69,0.387,0.391,0.395,0.7,2.7,0.7,73,97,993.1
16,2025-12-01,-6.9,-3.0,-9.3,0.00,0.00,0.00,0.0,24562.09,3.82,10.0,21.2,110,0.35,-9.7,81,87,71,0.386,0.390,0.395,0.4,2.7,0.8,3,64,997.2
16,2025-12-02,-8.4,-3.7,-11.9,0.00,0.00,0.00,0.0,23229.49,4.41,10.3,21.2,99,0.31,-10.7,84,95,67,0.386,0.390,0.395,-0.6,2.6,0.8,3,61,994.5
16,2025-12-03,-10.6,-5.4,-14.4,0.00,0.00,0.00,0.0,25212.21,4.78,9.2,14.4,99,0.27,-12.5,87,95,72,0.386,0.390,0.395,-2.2,2.6,0.7,3,71,988.8
16,2025-12-04,-3.8,-1.3,-9.0,4.30,0.00,3.01,17.0,0.00,1.61,11.7,23.8,127,0.30,-6.4,82,89,77,0.386,0.389,0.395,-1.1,2.6,0.5,73,95,988.3
16,2025-12-05,-1.4,-0.7,-2.2,15.20,0.00,10.64,24.0,0.00,1.21,11.7,26.3,210,0.19,-2.4,93,96,88,0.385,0.389,0.395,-1.0,2.5,0.4,75,98,989.7
16,2025-12-06,-4.0,-2.1,-6.5,1.10,0.00,0.77,9.0,20089.69,3.38,11.4,24.5,149,0.29,-5.8,87,95,82,0.385,0.389,0.394,-0.8,2.5,0.4,71,85,996.9
16,2025-12-07,-2.7,-1.3,-4.0,4.60,0.00,3.22,24.0,0.00,1.73,11.7,25.9,139,0.34,-5.5,81,84,76,0.384,0.389,0.394,-1.1,2.4,0.4,73,99,993.7
16,2025-12-08,-2.6,-1.0,-4.9,2.40,0.10,1.61,22.0,0.00,1.97,7.3,15.8,111,0.24,-4.5,86,92,81,0.384,0.388,0.394,-0.5,2.3,0.3,71,100,989.0
16,2025-12-09,-4.1,-1.7,-6.9,6.30,0.00,4.41,13.0,5332.98,2.42,15.0,33.8,125,0.30,-6.2,86,92,78,0.383,0.388,0.393,-0.6,2.3,0.3,73,99,987.1
16,2025-12-10,-11.3,-1.4,-19.1,9.10,0.00,6.37,24.0,8801.62,2.83,16.0,40.7,267,0.18,-13.3,85,96,76,0.383,0.387,0.393,-1.4,2.2,0.3,73,98,993.4
16,2025-12-11,-22.7,-18.0,-26.2,0.20,0.00,0.14,2.0,25200.00,4.69,11.8,23.4,99,0.15,-25.6,78,85,61,0.383,0.387,0.393,-2.6,2.2,0.2,71,47,1011.3
16,2025-12-12,-10.2,-4.6,-22.5,0.00,0.00,0.00,0.0,5213.29,3.42,20.5,42.5,115,0.68,-17.2,58,78,50,0.382,0.386,0.393,-2.7,2.2,0.1,3,85,992.5
16,2025-12-13,-0.9,0.4,-4.6,7.50,0.00,5.25,16.0,0.00,1.25,21.4,47.9,126,0.88,-7.1,64,81,44,0.382,0.386,0.393,-1.5,2.1,0.0,73,93,982.3
16,2025-12-14,1.0,2.1,0.5,1.90,0.30,1.12,9.0,945.77,1.57,15.3,33.1,109,0.45,-2.6,77,81,70,0.382,0.385,0.393,-1.3,2.1,-0.0,73,97,980.9
16,2025-12-15,1.0,3.3,-3.0,5.10,4.70,0.28,10.0,4707.97,1.74,19.1,54.0,154,0.57,-2.4,78,81,74,0.396,0.385,0.392,-1.1,2.0,-0.0,71,81,985.5
16,2025-12-16,-3.4,-1.5,-5.2,0.70,0.00,0.49,5.0,19272.00,3.19,12.1,27.4,138,0.50,-7.8,72,80,63,0.399,0.387,0.392,-0.0,2.0,-0.1,71,93,993.4
16,2025-12-17,-6.0,-1.0,-16.2,5.20,0.10,3.57,16.0,0.00,1.36,14.4,32.0,253,0.23,-8.5,83,89,75,0.395,0.386,0.392,-0.7,2.0,-0.0,73,91,986.4
16,2025-12-18,-16.2,-11.7,-22.3,2.20,0.00,1.54,10.0,17037.30,3.27,8.6,16.6,124,0.16,-18.9,80,90,69,0.393,0.386,0.392,-2.6,1.9,-0.1,73,91,993.2
16,2025-12-19,-9.1,-6.6,-13.7,0.80,0.00,0.56,8.0,17682.31,2.61,14.4,32.4,126,0.37,-12.9,75,87,66,0.392,0.387,0.393,-0.8,1.9,-0.1,71,95,1000.1
16,2025-12-20,-4.7,-2.1,-7.8,0.10,0.00,0.07,1.0,24987.55,3.88,16.3,37.8,128,0.71,-10.8,63,71,55,0.390,0.387,0.393,0.1,1.9,-0.2,71,80,985.8
16,2025-12-21,-6.3,-3.0,-15.0,10.00,0.00,7.00,24.0,0.00,1.35,16.1,34.6,230,0.30,-8.9,82,89,64,0.389,0.387,0.393,-0.4,1.8,-0.1,73,99,985.4
16,2025-12-22,-12.9,-7.2,-21.3,0.00,0.00,0.00,0.0,18600.98,3.52,14.6,29.9,126,0.30,-16.4,75,85,67,0.388,0.387,0.393,-1.6,1.8,-0.1,3,83,999.3
16,2025-12-23,-10.0,-6.0,-13.9,0.00,0.00,0.00,0.0,25298.72,4.34,11.5,24.8,116,0.35,-13.5,76,84,61,0.387,0.386,0.392,0.0,1.8,-0.1,3,42,997.6
16,2025-12-24,-11.1,-5.9,-15.0,0.00,0.00,0.00,0.0,25391.33,4.50,12.4,27.0,112,0.39,-15.3,72,83,58,0.385,0.386,0.392,-0.9,1.8,0.0,3,27,993.4
16,2025-12-25,-5.5,-3.1,-8.5,0.20,0.00,0.14,2.0,9859.30,2.10,18.2,40.7,121,0.75,-12.1,60,67,54,0.384,0.386,0.392,-1.9,1.8,0.0,71,79,988.0
16,2025-12-26,-3.8,-1.1,-13.5,5.80,0.00,4.06,13.0,0.00,1.03,20.9,45.7,158,0.66,-8.6,70,87,59,0.384,0.385,0.392,-2.7,1.8,-0.0,73,95,980.4
16,2025-12-27,-16.4,-11.4,-21.8,0.00,0.00,0.00,0.0,25460.51,4.53,10.6,20.9,106,0.22,-19.7,77,86,62,0.383,0.385,0.394,-3.0,1.7,-0.1,2,37,992.3
16,2025-12-28,-13.6,-6.5,-16.5,0.00,0.00,0.00,0.0,25440.41,4.63,11.2,19.8,97,0.30,-16.8,77,83,60,0.383,0.384,0.393,-1.1,1.7,-0.2,1,22,989.6
16,2025-12-29,-10.3,-4.3,-16.1,0.00,0.00,0.00,0.0,25880.14,4.74,16.2,32.4,105,0.54,-15.9,65,81,49,0.382,0.384,0.393,-2.2,1.7,-0.2,1,3,986.4
16,2025-12-30,-3.5,0.1,-7.2,0.00,0.00,0.00,0.0,25343.22,4.72,20.5,40.7,115,1.11,-12.6,50,57,42,0.382,0.384,0.393,-3.0,1.7,-0.3,3,60,980.4
16,2025-12-31,-1.4,2.2,-4.0,0.10,0.10,0.00,1.0,17362.62,3.64,18.8,42.8,100,0.80,-8.1,61,75,48,0.381,0.383,0.392,-1.5,1.7,-0.4,51,73,979.6
