date,precipitation,rain,snowfall,wind_speed_10m,wind_gusts_10m
2022-01-01 00:00:00,0.0,0.0,0.0,2.1523244,2.3
2022-01-01 01:00:00,0.0,0.0,0.0,2.0524375,2.4
2022-01-01 02:00:00,0.0,0.0,0.0,1.6643317,2.1
2022-01-01 03:00:00,0.0,0.0,0.0,1.8,2.0
2022-01-01 04:00:00,0.0,0.0,0.0,2.1100948,2.5
2022-01-01 05:00:00,0.0,0.0,0.0,1.8927494,2.9
2022-01-01 06:00:00,0.0,0.0,0.0,1.5890248,2.7
2022-01-01 07:00:00,0.0,0.0,0.0,1.811077,2.7
2022-01-01 08:00:00,0.0,0.0,0.0,1.85,2.9
2022-01-01 09:00:00,0.0,0.0,0.0,1.7564168,2.8
2022-01-01 10:00:00,0.0,0.0,0.0,1.5890248,2.9
2022-01-01 11:00:00,0.0,0.0,0.0,1.9235383,3.1
2022-01-01 12:00:00,0.0,0.0,0.0,2.0524375,3.3
2022-01-01 13:00:00,0.0,0.0,0.0,2.2005682,3.7
2022-01-01 14:00:00,0.0,0.0,0.0,2.3,3.8
2022-01-01 15:00:00,0.0,0.0,0.0,2.408319,3.8
2022-01-01 16:00:00,0.0,0.0,0.0,2.6800187,4.3
2022-01-01 17:00:00,0.0,0.0,0.0,2.9605744,5.0
2022-01-01 18:00:00,0.0,0.0,0.0,3.2035139,5.4
2022-01-01 19:00:00,0.0,0.0,0.0,3.238827,5.3
2022-01-01 20:00:00,0.0,0.0,0.0,3.1575305,5.3
2022-01-01 21:00:00,0.0,0.0,0.0,3.0805843,5.2
2022-01-01 22:00:00,0.0,0.0,0.0,3.0842342,5.1
2022-01-01 23:00:00,0.0,0.0,0.0,3.0870697,5.0
2022-01-02 00:00:00,0.0,0.0,0.0,3.0186918,5.1
2022-01-02 01:00:00,0.0,0.0,0.0,2.9300172,5.1
2022-01-02 02:00:00,0.0,0.0,0.0,2.863564,5.1
2022-01-02 03:00:00,0.0,0.0,0.0,2.8429737,5.0
2022-01-02 04:00:00,0.0,0.0,0.0,2.7771387,5.0
2022-01-02 05:00:00,0.0,0.0,0.0,3.0083218,5.3
2022-01-02 06:00:00,0.0,0.0,0.0,3.2775753,5.6
2022-01-02 07:00:00,0.0,0.0,0.0,3.381198,5.7
2022-01-02 08:00:00,0.0,0.0,0.0,3.287096,5.5
2022-01-02 09:00:00,0.0,0.0,0.0,3.1324909,5.3
2022-01-02 10:00:00,0.0,0.0,0.0,2.9347062,5.2
2022-01-02 11:00:00,0.0,0.0,0.0,2.6100767,5.0
2022-01-02 12:00:00,0.0,0.0,0.0,2.6967573,5.1
2022-01-02 13:00:00,0.0,0.0,0.0,2.7294688,5.3
2022-01-02 14:00:00,0.0,0.0,0.0,2.8714108,5.5
2022-01-02 15:00:00,0.0,0.0,0.0,3.0700164,5.7
2022-01-02 16:00:00,0.0,0.0,0.0,3.0700164,5.7
2022-01-02 17:00:00,0.0,0.0,0.0,3.1575305,5.7
2022-01-02 18:00:00,0.0,0.0,0.0,3.2984846,5.9
2022-01-02 19:00:00,0.0,0.0,0.0,3.3470137,5.6
2022-01-02 20:00:00,0.0,0.0,0.0,3.3955853,5.6
2022-01-02 21:00:00,0.0,0.0,0.0,3.3955853,5.7
2022-01-02 22:00:00,0.0,0.0,0.0,3.3593154,6.0
2022-01-02 23:00:00,0.0,0.0,0.0,3.4329286,6.3
2022-01-03 00:00:00,0.0,0.0,0.0,3.4223528,6.4
2022-01-03 01:00:00,0.0,0.0,0.0,3.613862,6.4
2022-01-03 02:00:00,0.0,0.0,0.0,3.613862,6.3
2022-01-03 03:00:00,0.0,0.0,0.0,3.5531676,6.2
2022-01-03 04:00:00,0.0,0.0,0.0,3.4077117,6.1
2022-01-03 05:00:00,0.0,0.0,0.0,3.5415392,6.2
2022-01-03 06:00:00,0.0,0.0,0.0,3.7976966,6.7
2022-01-03 07:00:00,0.0,0.0,0.0,4.0112343,6.5
2022-01-03 08:00:00,0.0,0.0,0.0,3.961376,6.6
2022-01-03 09:00:00,0.0,0.0,0.0,4.007805,6.5
2022-01-03 10:00:00,0.0,0.0,0.0,3.901282,6.6
2022-01-03 11:00:00,0.0,0.0,0.0,4.2426405,7.4
2022-01-03 12:00:00,0.0,0.0,0.0,5.040337,8.7
2022-01-03 13:00:00,0.0,0.0,0.0,5.7293105,9.8
2022-01-03 14:00:00,0.0,0.0,0.0,6.1026635,10.6
2022-01-03 15:00:00,0.0,0.0,0.0,6.274153,11.0
2022-01-03 16:00:00,0.1,0.0,0.07,6.462391,11.4
2022-01-03 17:00:00,0.2,0.0,0.14,6.800184,12.0
2022-01-03 18:00:00,0.4,0.0,0.28,6.930548,12.2
2022-01-03 19:00:00,0.5,0.0,0.35,6.7896976,12.0
2022-01-03 20:00:00,0.3,0.0,0.21000001,6.5134478,11.5
2022-01-03 21:00:00,0.1,0.0,0.07,6.25,11.1
2022-01-03 22:00:00,0.2,0.0,0.14,6.1717095,10.7
2022-01-03 23:00:00,0.3,0.0,0.21000001,6.150203,10.3
2022-01-04 00:00:00,0.5,0.0,0.35,6.400195,10.2
2022-01-04 01:00:00,0.4,0.0,0.28,6.742403,10.6
2022-01-04 02:00:00,0.2,0.0,0.14,6.7055945,10.7
2022-01-04 03:00:00,0.1,0.0,0.07,6.5964007,10.5
2022-01-04 04:00:00,0.0,0.0,0.0,6.0384183,10.3
2022-01-04 05:00:00,0.0,0.0,0.0,5.433691,9.4
2022-01-04 06:00:00,0.0,0.0,0.0,5.3770347,9.4
2022-01-04 07:00:00,0.0,0.0,0.0,5.5238123,9.8
2022-01-04 08:00:00,0.0,0.0,0.0,5.751956,9.4
2022-01-04 09:00:00,0.0,0.0,0.0,5.4582505,9.5
2022-01-04 10:00:00,0.0,0.0,0.0,5.4829283,8.9
2022-01-04 11:00:00,0.0,0.0,0.0,5.283938,9.0
2022-01-04 12:00:00,0.0,0.0,0.0,5.303301,9.3
2022-01-04 13:00:00,0.0,0.0,0.0,5.27731,9.1
2022-01-04 14:00:00,0.0,0.0,0.0,5.1,8.3
2022-01-04 15:00:00,0.0,0.0,0.0,5.01722,8.1
2022-01-04 16:00:00,0.0,0.0,0.0,5.283938,8.3
2022-01-04 17:00:00,0.0,0.0,0.0,5.222308,8.6
2022-01-04 18:00:00,0.0,0.0,0.0,5.034382,8.2
2022-01-04 19:00:00,0.0,0.0,0.0,4.95101,8.3
2022-01-04 20:00:00,0.0,0.0,0.0,4.7835655,8.4
2022-01-04 21:00:00,0.0,0.0,0.0,4.9297566,8.5
2022-01-04 22:00:00,0.0,0.0,0.0,5.1662364,8.6
2022-01-04 23:00:00,0.0,0.0,0.0,5.1618795,8.6
2022-01-05 00:00:00,0.0,0.0,0.0,5.020956,8.5
2022-01-05 01:00:00,0.0,0.0,0.0,4.705582,7.9
2022-01-05 02:00:00,0.0,0.0,0.0,4.5343137,7.8
2022-01-05 03:00:00,0.0,0.0,0.0,4.5304523,7.9
2022-01-05 04:00:00,0.0,0.0,0.0,4.3488503,7.6
2022-01-05 05:00:00,0.0,0.0,0.0,4.210997,7.9
2022-01-05 06:00:00,0.0,0.0,0.0,4.110961,8.0
2022-01-05 07:00:00,0.0,0.0,0.0,4.210997,7.6
2022-01-05 08:00:00,0.0,0.0,0.0,4.4969435,7.9
2022-01-05 09:00:00,0.0,0.0,0.0,4.372928,7.7
2022-01-05 10:00:00,0.0,0.0,0.0,3.592005,7.0
2022-01-05 11:00:00,0.0,0.0,0.0,3.176476,5.4
2022-01-05 12:00:00,0.0,0.0,0.0,2.9261749,5.0
2022-01-05 13:00:00,0.0,0.0,0.0,2.8987067,4.8
2022-01-05 14:00:00,0.0,0.0,0.0,2.8257742,4.8
2022-01-05 15:00:00,0.0,0.0,0.0,2.8714108,4.6
2022-01-05 16:00:00,0.0,0.0,0.0,3.0536864,4.9
2022-01-05 17:00:00,0.0,0.0,0.0,3.2503846,5.2
2022-01-05 18:00:00,0.0,0.0,0.0,3.4503622,5.8
2022-01-05 19:00:00,0.0,0.0,0.0,3.65,6.2
2022-01-05 20:00:00,0.0,0.0,0.0,3.7165172,6.3
2022-01-05 21:00:00,0.0,0.0,0.0,3.9204593,6.7
2022-01-05 22:00:00,0.0,0.0,0.0,4.354595,7.1
2022-01-05 23:00:00,0.1,0.0,0.07,4.314221,7.1
2022-01-06 00:00:00,0.1,0.0,0.07,4.2793107,6.8
2022-01-06 01:00:00,0.1,0.0,0.07,4.2074337,6.7
2022-01-06 02:00:00,0.1,0.0,0.07,4.2026772,7.0
2022-01-06 03:00:00,0.0,0.0,0.0,4.15271,7.3
2022-01-06 04:00:00,0.0,0.0,0.0,4.15271,7.4
2022-01-06 05:00:00,0.0,0.0,0.0,4.1027427,7.3
2022-01-06 06:00:00,0.0,0.0,0.0,3.905125,7.3
2022-01-06 07:00:00,0.0,0.0,0.0,3.9755504,6.8
2022-01-06 08:00:00,0.0,0.0,0.0,3.7165172,6.8
2022-01-06 09:00:00,0.0,0.0,0.0,3.5514083,6.4
2022-01-06 10:00:00,0.0,0.0,0.0,3.4033072,6.0
2022-01-06 11:00:00,0.0,0.0,0.0,3.259601,5.5
2022-01-06 12:00:00,0.0,0.0,0.0,3.209751,5.5
2022-01-06 13:00:00,0.0,0.0,0.0,3.2638168,5.6
2022-01-06 14:00:00,0.0,0.0,0.0,3.363406,5.6
2022-01-06 15:00:00,0.0,0.0,0.0,3.363406,5.5
2022-01-06 16:00:00,0.0,0.0,0.0,3.259601,5.4
2022-01-06 17:00:00,0.0,0.0,0.0,3.1016126,5.2
2022-01-06 18:00:00,0.0,0.0,0.0,3.1,5.1
2022-01-06 19:00:00,0.0,0.0,0.0,3.306055,5.5
2022-01-06 20:00:00,0.0,0.0,0.0,3.306055,5.5
2022-01-06 21:00:00,0.0,0.0,0.0,3.0565503,5.2
2022-01-06 22:00:00,0.0,0.0,0.0,3.3376637,5.3
2022-01-06 23:00:00,0.0,0.0,0.0,3.2882366,5.6
2022-01-07 00:00:00,0.0,0.0,0.0,3.3376637,5.8
2022-01-07 01:00:00,0.0,0.0,0.0,3.535534,6.2
2022-01-07 02:00:00,0.0,0.0,0.0,3.7272646,6.5
2022-01-07 03:00:00,0.0,0.0,0.0,3.8762095,6.9
2022-01-07 04:00:00,0.0,0.0,0.0,4.2426405,7.5
2022-01-07 05:00:00,0.0,0.0,0.0,4.6607404,8.3
2022-01-07 06:00:00,0.0,0.0,0.0,5.085519,8.8
2022-01-07 07:00:00,0.0,0.0,0.0,5.425173,9.1
2022-01-07 08:00:00,0.0,0.0,0.0,5.7118297,10.5
2022-01-07 09:00:00,0.1,0.0,0.07,5.9960403,11.3
2022-01-07 10:00:00,0.1,0.0,0.07,6.4158006,11.0
2022-01-07 11:00:00,0.1,0.0,0.07,6.982299,11.9
2022-01-07 12:00:00,0.2,0.0,0.14,6.8178077,12.2
2022-01-07 13:00:00,0.2,0.0,0.14,7.2515516,12.4
2022-01-07 14:00:00,0.3,0.0,0.21000001,7.5584393,13.0
2022-01-07 15:00:00,0.2,0.0,0.14,7.653757,13.4
2022-01-07 16:00:00,0.2,0.0,0.14,7.8811483,13.8
2022-01-07 17:00:00,0.2,0.0,0.14,7.946855,14.0
2022-01-07 18:00:00,0.2,0.0,0.14,8.032746,13.9
2022-01-07 19:00:00,0.2,0.0,0.14,7.9752746,14.0
2022-01-07 20:00:00,0.1,0.0,0.07,7.8525476,13.9
2022-01-07 21:00:00,0.0,0.0,0.0,7.81185,13.9
2022-01-07 22:00:00,0.0,0.0,0.0,7.778335,13.8
2022-01-07 23:00:00,0.0,0.0,0.0,7.701461,13.8
2022-01-08 00:00:00,0.0,0.0,0.0,7.683749,13.9
2022-01-08 01:00:00,0.0,0.0,0.0,7.800641,14.1
2022-01-08 02:00:00,0.0,0.0,0.0,7.918649,14.3
2022-01-08 03:00:00,0.0,0.0,0.0,7.988116,14.3
2022-01-08 04:00:00,0.0,0.0,0.0,7.779781,14.1
2022-01-08 05:00:00,0.0,0.0,0.0,7.8123302,14.1
2022-01-08 06:00:00,0.0,0.0,0.0,7.3430243,12.9
2022-01-08 07:00:00,0.0,0.0,0.0,7.3624043,13.9
2022-01-08 08:00:00,0.0,0.0,0.0,7.4473147,13.0
2022-01-08 09:00:00,0.0,0.0,0.0,7.6059184,13.9
2022-01-08 10:00:00,0.1,0.0,0.07,8.549416,14.4
2022-01-08 11:00:00,0.3,0.0,0.21000001,8.416204,14.3
2022-01-08 12:00:00,0.6,0.0,0.42000002,8.515427,14.5
2022-01-08 13:00:00,0.3,0.0,0.21000001,8.751286,14.9
2022-01-08 14:00:00,0.1,0.0,0.07,8.980674,15.3
2022-01-08 15:00:00,0.3,0.0,0.21000001,8.933225,15.6
2022-01-08 16:00:00,0.4,0.0,0.28,8.7534275,15.5
2022-01-08 17:00:00,0.3,0.0,0.21000001,8.38287,14.9
2022-01-08 18:00:00,0.1,0.0,0.07,7.8600254,14.0
2022-01-08 19:00:00,0.0,0.0,0.0,7.324616,12.8
2022-01-08 20:00:00,0.0,0.0,0.0,6.939921,12.3
2022-01-08 21:00:00,0.0,0.0,0.0,6.730713,11.8
2022-01-08 22:00:00,0.0,0.0,0.0,7.066117,11.7
2022-01-08 23:00:00,0.0,0.0,0.0,6.864765,11.4
2022-01-09 00:00:00,0.0,0.0,0.0,6.7368393,11.1
2022-01-09 01:00:00,0.0,0.0,0.0,6.554769,10.8
2022-01-09 02:00:00,0.0,0.0,0.0,6.8709536,11.2
2022-01-09 03:00:00,0.0,0.0,0.0,7.057797,12.1
2022-01-09 04:00:00,0.0,0.0,0.0,6.638712,11.0
2022-01-09 05:00:00,0.0,0.0,0.0,6.4132676,10.5
2022-01-09 06:00:00,0.0,0.0,0.0,5.857687,9.6
2022-01-09 07:00:00,0.0,0.0,0.0,6.1485767,10.1
2022-01-09 08:00:00,0.0,0.0,0.0,6.1727223,11.0
2022-01-09 09:00:00,0.0,0.0,0.0,5.5993304,10.0
2022-01-09 10:00:00,0.0,0.0,0.0,5.2290053,8.6
2022-01-09 11:00:00,0.0,0.0,0.0,4.3234825,7.1
2022-01-09 12:00:00,0.0,0.0,0.0,4.050309,6.6
2022-01-09 13:00:00,0.0,0.0,0.0,3.7030394,6.2
2022-01-09 14:00:00,0.0,0.0,0.0,3.535534,5.9
2022-01-09 15:00:00,0.0,0.0,0.0,3.3723137,5.8
2022-01-09 16:00:00,0.0,0.0,0.0,3.5387144,5.7
2022-01-09 17:00:00,0.0,0.0,0.0,3.3324165,5.0
2022-01-09 18:00:00,0.0,0.0,0.0,2.505993,3.5
2022-01-09 19:00:00,0.0,0.0,0.0,1.6347783,3.0
2022-01-09 20:00:00,0.0,0.0,0.0,1.5041609,3.0
2022-01-09 21:00:00,0.0,0.0,0.0,1.2539936,2.9
2022-01-09 22:00:00,0.0,0.0,0.0,2.1954498,2.3
2022-01-09 23:00:00,0.0,0.0,0.0,1.8721644,1.4
2022-01-10 00:00:00,0.0,0.0,0.0,1.2776932,1.0
2022-01-10 01:00:00,0.0,0.0,0.0,0.9300538,2.4
2022-01-10 02:00:00,0.0,0.0,0.0,2.219234,2.7
2022-01-10 03:00:00,0.0,0.0,0.0,1.9499999,2.7
2022-01-10 04:00:00,0.0,0.0,0.0,1.6446884,2.6
2022-01-10 05:00:00,0.0,0.0,0.0,1.8027756,2.8
2022-01-10 06:00:00,0.0,0.0,0.0,2.0554805,3.2
2022-01-10 07:00:00,0.0,0.0,0.0,2.7064736,3.3
2022-01-10 08:00:00,0.0,0.0,0.0,2.666927,5.0
2022-01-10 09:00:00,0.0,0.0,0.0,2.4438698,4.9
2022-01-10 10:00:00,0.0,0.0,0.0,2.4698176,4.5
2022-01-10 11:00:00,0.0,0.0,0.0,2.0408332,3.6
2022-01-10 12:00:00,0.0,0.0,0.0,2.0670028,3.8
2022-01-10 13:00:00,0.0,0.0,0.0,2.059126,3.5
2022-01-10 14:00:00,0.0,0.0,0.0,1.8794945,3.3
2022-01-10 15:00:00,0.0,0.0,0.0,1.5890249,2.8
2022-01-10 16:00:00,0.0,0.0,0.0,1.443087,2.6
2022-01-10 17:00:00,0.0,0.0,0.0,1.6507574,2.3
2022-01-10 18:00:00,0.0,0.0,0.0,1.4807093,2.8
2022-01-10 19:00:00,0.0,0.0,0.0,1.504161,2.3
2022-01-10 20:00:00,0.0,0.0,0.0,1.6977926,2.6
2022-01-10 21:00:00,0.0,0.0,0.0,1.868154,2.9
2022-01-10 22:00:00,0.0,0.0,0.0,1.8821529,3.1
2022-01-10 23:00:00,0.0,0.0,0.0,2.030394,3.0
2022-01-11 00:00:00,0.0,0.0,0.0,2.1148283,3.0
2022-01-11 01:00:00,0.0,0.0,0.0,2.3759208,3.4
2022-01-11 02:00:00,0.0,0.0,0.0,2.540177,4.1
2022-01-11 03:00:00,0.0,0.0,0.0,2.7372432,4.4
2022-01-11 04:00:00,0.0,0.0,0.0,2.83593,4.6
2022-01-11 05:00:00,0.0,0.0,0.0,3.0103986,4.7
2022-01-11 06:00:00,0.0,0.0,0.0,2.9068885,4.9
2022-01-11 07:00:00,0.0,0.0,0.0,2.8217902,4.8
2022-01-11 08:00:00,0.0,0.0,0.0,2.8160255,4.7
2022-01-11 09:00:00,0.0,0.0,0.0,2.7504544,4.3
2022-01-11 10:00:00,0.0,0.0,0.0,2.5044959,3.8
2022-01-11 11:00:00,0.0,0.0,0.0,2.236068,3.6
2022-01-11 12:00:00,0.0,0.0,0.0,2.4864633,4.0
2022-01-11 13:00:00,0.0,0.0,0.0,2.768122,4.8
2022-01-11 14:00:00,0.0,0.0,0.0,2.8376927,4.9
2022-01-11 15:00:00,0.0,0.0,0.0,2.8257742,5.0
2022-01-11 16:00:00,0.0,0.0,0.0,2.912473,4.8
2022-01-11 17:00:00,0.0,0.0,0.0,2.7115495,4.2
2022-01-11 18:00:00,0.0,0.0,0.0,2.2276669,3.5
2022-01-11 19:00:00,0.0,0.0,0.0,2.0056171,3.2
2022-01-11 20:00:00,0.0,0.0,0.0,1.9659604,3.2
2022-01-11 21:00:00,0.0,0.0,0.0,1.7846568,2.9
2022-01-11 22:00:00,0.0,0.0,0.0,1.9163767,2.9
2022-01-11 23:00:00,0.0,0.0,0.0,1.7528548,2.6
2022-01-12 00:00:00,0.0,0.0,0.0,1.5008332,2.3
2022-01-12 01:00:00,0.0,0.0,0.0,1.4508619,2.1
2022-01-12 02:00:00,0.0,0.0,0.0,1.2539936,1.9
2022-01-12 03:00:00,0.0,0.0,0.0,1.0511898,1.7
2022-01-12 04:00:00,0.0,0.0,0.0,0.8077747,1.5
2022-01-12 05:00:00,0.0,0.0,0.0,0.6670832,1.8
2022-01-12 06:00:00,0.0,0.0,0.0,0.85146934,2.7
2022-01-12 07:00:00,0.0,0.0,0.0,0.5024938,2.1
2022-01-12 08:00:00,0.0,0.0,0.0,0.8902247,2.5
2022-01-12 09:00:00,0.0,0.0,0.0,1.4866068,3.3
2022-01-12 10:00:00,0.0,0.0,0.0,1.9525625,3.7
2022-01-12 11:00:00,0.0,0.0,0.0,1.9912307,3.8
2022-01-12 12:00:00,0.1,0.0,0.07,2.1100948,3.9
2022-01-12 13:00:00,0.1,0.0,0.07,2.4413111,4.8
2022-01-12 14:00:00,0.1,0.0,0.07,2.900431,5.8
2022-01-12 15:00:00,0.1,0.0,0.07,3.25,6.5
2022-01-12 16:00:00,0.1,0.0,0.07,3.6400552,6.9
2022-01-12 17:00:00,0.1,0.0,0.07,3.9755502,7.3
2022-01-12 18:00:00,0.1,0.0,0.07,4.181507,7.6
2022-01-12 19:00:00,0.2,0.0,0.14,4.2479405,7.7
2022-01-12 20:00:00,0.2,0.0,0.14,4.3488503,7.7
2022-01-12 21:00:00,0.2,0.0,0.14,4.384062,7.8
2022-01-12 22:00:00,0.2,0.0,0.14,4.4913807,7.8
2022-01-12 23:00:00,0.1,0.0,0.07,4.4913807,7.9
2022-01-13 00:00:00,0.1,0.0,0.07,4.738143,8.3
2022-01-13 01:00:00,0.0,0.0,0.0,4.774149,8.3
2022-01-13 02:00:00,0.0,0.0,0.0,4.7423625,8.1
2022-01-13 03:00:00,0.0,0.0,0.0,4.675468,8.3
2022-01-13 04:00:00,0.0,0.0,0.0,4.7801676,8.2
2022-01-13 05:00:00,0.0,0.0,0.0,4.993245,8.8
2022-01-13 06:00:00,0.0,0.0,0.0,5.1886897,8.9
2022-01-13 07:00:00,0.0,0.0,0.0,5.0677905,8.8
2022-01-13 08:00:00,0.0,0.0,0.0,5.0677905,8.7
2022-01-13 09:00:00,0.0,0.0,0.0,5.0936236,8.7
2022-01-13 10:00:00,0.0,0.0,0.0,4.970161,8.4
2022-01-13 11:00:00,0.0,0.0,0.0,4.9648767,7.8
2022-01-13 12:00:00,0.0,0.0,0.0,5.0423207,8.2
2022-01-13 13:00:00,0.0,0.0,0.0,5.053959,8.4
2022-01-13 14:00:00,0.0,0.0,0.0,4.958074,8.5
2022-01-13 15:00:00,0.0,0.0,0.0,4.9684005,8.5
2022-01-13 16:00:00,0.0,0.0,0.0,5.012235,8.5
2022-01-13 17:00:00,0.0,0.0,0.0,4.876474,8.5
2022-01-13 18:00:00,0.0,0.0,0.0,4.9421654,8.4
2022-01-13 19:00:00,0.0,0.0,0.0,4.924429,8.1
2022-01-13 20:00:00,0.0,0.0,0.0,4.9520197,8.2
2022-01-13 21:00:00,0.0,0.0,0.0,4.899235,8.3
2022-01-13 22:00:00,0.0,0.0,0.0,5.2368884,7.9
2022-01-13 23:00:00,0.0,0.0,0.0,5.09166,7.8
2022-01-14 00:00:00,0.0,0.0,0.0,4.900255,7.7
2022-01-14 01:00:00,0.0,0.0,0.0,4.6035314,7.5
2022-01-14 02:00:00,0.0,0.0,0.0,4.4553337,7.3
2022-01-14 03:00:00,0.1,0.0,0.07,4.463463,7.2
2022-01-14 04:00:00,0.2,0.0,0.14,4.2854404,7.0
2022-01-14 05:00:00,0.1,0.0,0.07,4.2002974,6.7
2022-01-14 06:00:00,0.1,0.0,0.07,3.766298,5.8
2022-01-14 07:00:00,0.0,0.0,0.0,3.0805843,5.1
2022-01-14 08:00:00,0.0,0.0,0.0,2.7390692,4.5
2022-01-14 09:00:00,0.0,0.0,0.0,2.1272047,3.8
2022-01-14 10:00:00,0.0,0.0,0.0,1.6650826,3.2
2022-01-14 11:00:00,0.0,0.0,0.0,1.607016,2.9
2022-01-14 12:00:00,0.0,0.0,0.0,2.100595,3.4
2022-01-14 13:00:00,0.0,0.0,0.0,3.083018,5.2
2022-01-14 14:00:00,0.0,0.0,0.0,3.256148,5.4
2022-01-14 15:00:00,0.0,0.0,0.0,3.8327534,6.3
2022-01-14 16:00:00,0.0,0.0,0.0,4.015283,6.5
2022-01-14 17:00:00,0.0,0.0,0.0,4.3911843,7.5
2022-01-14 18:00:00,0.0,0.0,0.0,4.4601007,8.0
2022-01-14 19:00:00,0.0,0.0,0.0,4.808846,9.0
2022-01-14 20:00:00,0.0,0.0,0.0,5.170348,8.9
2022-01-14 21:00:00,0.0,0.0,0.0,5.481788,9.3
2022-01-14 22:00:00,0.0,0.0,0.0,5.794178,9.3
2022-01-14 23:00:00,0.0,0.0,0.0,6.046487,9.9
2022-01-15 00:00:00,0.2,0.0,0.14,6.3366,10.2
2022-01-15 01:00:00,0.4,0.0,0.28,6.8280673,10.9
2022-01-15 02:00:00,1.0,0.0,0.7,7.537407,12.0
2022-01-15 03:00:00,1.7,0.0,1.19,7.7963133,12.8
2022-01-15 04:00:00,1.4,0.0,0.97999996,8.238932,12.3
2022-01-15 05:00:00,0.5,0.0,0.35,11.459603,16.7
2022-01-15 06:00:00,0.4,0.0,0.28,12.000521,20.4
2022-01-15 07:00:00,0.3,0.0,0.21000001,10.635436,18.9
2022-01-15 08:00:00,0.1,0.0,0.07,10.290287,18.3
2022-01-15 09:00:00,0.1,0.0,0.07,9.991622,17.4
2022-01-15 10:00:00,0.0,0.0,0.0,9.15478,15.0
2022-01-15 11:00:00,0.0,0.0,0.0,9.995249,16.6
2022-01-15 12:00:00,0.0,0.0,0.0,9.0609045,15.5
2022-01-15 13:00:00,0.0,0.0,0.0,7.498333,13.1
2022-01-15 14:00:00,0.0,0.0,0.0,6.630422,11.1
2022-01-15 15:00:00,0.0,0.0,0.0,7.201389,12.0
2022-01-15 16:00:00,0.0,0.0,0.0,7.484651,12.6
2022-01-15 17:00:00,0.0,0.0,0.0,7.0471625,12.0
2022-01-15 18:00:00,0.0,0.0,0.0,7.2732387,12.1
2022-01-15 19:00:00,0.0,0.0,0.0,7.0123105,12.0
2022-01-15 20:00:00,0.0,0.0,0.0,6.258594,10.7
2022-01-15 21:00:00,0.0,0.0,0.0,6.100205,10.3
2022-01-15 22:00:00,0.0,0.0,0.0,5.0311527,9.2
2022-01-15 23:00:00,0.0,0.0,0.0,4.7668123,9.0
2022-01-16 00:00:00,0.0,0.0,0.0,4.706644,8.5
2022-01-16 01:00:00,0.1,0.0,0.07,4.3737855,7.5
2022-01-16 02:00:00,0.2,0.0,0.14,4.127045,7.1
2022-01-16 03:00:00,0.3,0.0,0.21000001,3.8762095,6.9
2022-01-16 04:00:00,0.3,0.0,0.21000001,3.9003205,7.1
2022-01-16 05:00:00,0.2,0.0,0.14,3.6124785,6.6
2022-01-16 06:00:00,0.1,0.0,0.07,3.3604314,6.2
2022-01-16 07:00:00,0.0,0.0,0.0,3.3678627,5.9
2022-01-16 08:00:00,0.0,0.0,0.0,3.3154938,5.8
2022-01-16 09:00:00,0.0,0.0,0.0,3.7529988,6.1
2022-01-16 10:00:00,0.0,0.0,0.0,5.5430136,8.5
2022-01-16 11:00:00,0.1,0.0,0.07,6.9758515,10.7
2022-01-16 12:00:00,0.1,0.0,0.07,8.372574,13.2
2022-01-16 13:00:00,0.1,0.0,0.07,10.012492,15.5
2022-01-16 14:00:00,0.0,0.0,0.0,10.719725,17.6
2022-01-16 15:00:00,0.0,0.0,0.0,10.235355,17.4
2022-01-16 16:00:00,0.0,0.0,0.0,10.335618,17.7
2022-01-16 17:00:00,0.0,0.0,0.0,10.64636,19.2
2022-01-16 18:00:00,0.0,0.0,0.0,9.831073,18.3
2022-01-16 19:00:00,0.0,0.0,0.0,9.411164,16.4
2022-01-16 20:00:00,0.0,0.0,0.0,9.027319,15.8
2022-01-16 21:00:00,0.0,0.0,0.0,8.946648,15.5
2022-01-16 22:00:00,0.0,0.0,0.0,9.231468,15.2
2022-01-16 23:00:00,0.0,0.0,0.0,8.6297455,14.7
2022-01-17 00:00:00,0.0,0.0,0.0,8.035079,14.0
2022-01-17 01:00:00,0.0,0.0,0.0,7.6787043,13.3
2022-01-17 02:00:00,0.0,0.0,0.0,7.8104095,13.3
2022-01-17 03:00:00,0.0,0.0,0.0,7.668931,13.3
2022-01-17 04:00:00,0.0,0.0,0.0,7.5166483,12.8
2022-01-17 05:00:00,0.0,0.0,0.0,7.779781,13.2
2022-01-17 06:00:00,0.0,0.0,0.0,7.9752746,12.0
2022-01-17 07:00:00,0.0,0.0,0.0,8.1555195,14.1
2022-01-17 08:00:00,0.0,0.0,0.0,7.600658,14.1
2022-01-17 09:00:00,0.0,0.0,0.0,7.779781,14.1
2022-01-17 10:00:00,0.1,0.0,0.07,7.8633647,13.6
2022-01-17 11:00:00,0.1,0.0,0.07,7.5779285,13.2
2022-01-17 12:00:00,0.0,0.0,0.0,7.4249578,12.6
2022-01-17 13:00:00,0.0,0.0,0.0,7.284573,12.1
2022-01-17 14:00:00,0.0,0.0,0.0,6.8593006,11.7
2022-01-17 15:00:00,0.0,0.0,0.0,6.650188,11.5
2022-01-17 16:00:00,0.0,0.0,0.0,6.730899,11.7
2022-01-17 17:00:00,0.0,0.0,0.0,6.797426,11.5
2022-01-17 18:00:00,0.0,0.0,0.0,6.686741,11.1
2022-01-17 19:00:00,0.0,0.0,0.0,6.440885,11.2
2022-01-17 20:00:00,0.0,0.0,0.0,6.236986,10.8
2022-01-17 21:00:00,0.0,0.0,0.0,6.068979,10.6
2022-01-17 22:00:00,0.0,0.0,0.0,5.7941785,10.0
2022-01-17 23:00:00,0.0,0.0,0.0,5.576065,9.6
2022-01-18 00:00:00,0.0,0.0,0.0,5.315073,9.1
2022-01-18 01:00:00,0.0,0.0,0.0,5.0707493,8.8
2022-01-18 02:00:00,0.0,0.0,0.0,4.7246695,8.3
2022-01-18 03:00:00,0.0,0.0,0.0,4.4204073,7.7
2022-01-18 04:00:00,0.0,0.0,0.0,4.2029753,7.5
2022-01-18 05:00:00,0.0,0.0,0.0,4.2793107,7.3
2022-01-18 06:00:00,0.0,0.0,0.0,4.226701,8.1
2022-01-18 07:00:00,0.0,0.0,0.0,4.368352,7.1
2022-01-18 08:00:00,0.0,0.0,0.0,4.539273,7.7
2022-01-18 09:00:00,0.0,0.0,0.0,4.389191,7.9
2022-01-18 10:00:00,0.0,0.0,0.0,3.7583241,6.4
2022-01-18 11:00:00,0.0,0.0,0.0,3.4763489,6.1
2022-01-18 12:00:00,0.0,0.0,0.0,3.2268405,5.5
2022-01-18 13:00:00,0.0,0.0,0.0,3.0153773,5.3
2022-01-18 14:00:00,0.0,0.0,0.0,2.804015,4.8
2022-01-18 15:00:00,0.0,0.0,0.0,2.6706738,4.4
2022-01-18 16:00:00,0.0,0.0,0.0,2.6400757,4.1
2022-01-18 17:00:00,0.0,0.0,0.0,2.4413111,3.8
2022-01-18 18:00:00,0.0,0.0,0.0,2.3436084,3.6
2022-01-18 19:00:00,0.0,0.0,0.0,2.3717084,3.7
2022-01-18 20:00:00,0.0,0.0,0.0,2.3200216,3.7
2022-01-18 21:00:00,0.0,0.0,0.0,2.2343903,3.5
2022-01-18 22:00:00,0.0,0.0,0.0,1.914419,3.2
2022-01-18 23:00:00,0.0,0.0,0.0,1.8309833,3.0
2022-01-19 00:00:00,0.0,0.0,0.0,1.7442764,2.8
2022-01-19 01:00:00,0.0,0.0,0.0,1.7888545,2.7
2022-01-19 02:00:00,0.0,0.0,0.0,1.8117672,2.6
2022-01-19 03:00:00,0.0,0.0,0.0,1.7804494,2.6
2022-01-19 04:00:00,0.0,0.0,0.0,1.4916433,2.4
2022-01-19 05:00:00,0.0,0.0,0.0,1.1510864,2.4
2022-01-19 06:00:00,0.0,0.0,0.0,1.3462912,2.5
2022-01-19 07:00:00,0.0,0.0,0.0,1.7902514,3.2
2022-01-19 08:00:00,0.0,0.0,0.0,2.0518284,3.6
2022-01-19 09:00:00,0.0,0.0,0.0,2.5739076,4.5
2022-01-19 10:00:00,0.0,0.0,0.0,1.6620771,3.1
2022-01-19 11:00:00,0.0,0.0,0.0,1.8384775,3.1
2022-01-19 12:00:00,0.0,0.0,0.0,1.9602295,3.2
2022-01-19 13:00:00,0.0,0.0,0.0,2.0808651,3.2
2022-01-19 14:00:00,0.0,0.0,0.0,2.1400933,3.2
2022-01-19 15:00:00,0.0,0.0,0.0,2.2901967,3.3
2022-01-19 16:00:00,0.0,0.0,0.0,2.45204,3.3
2022-01-19 17:00:00,0.0,0.0,0.0,2.5714781,3.3
2022-01-19 18:00:00,0.0,0.0,0.0,2.5806975,3.5
2022-01-19 19:00:00,0.0,0.0,0.0,2.4005208,3.2
2022-01-19 20:00:00,0.0,0.0,0.0,2.0180438,2.8
2022-01-19 21:00:00,0.0,0.0,0.0,1.882153,2.7
2022-01-19 22:00:00,0.0,0.0,0.0,1.9293782,2.6
2022-01-19 23:00:00,0.0,0.0,0.0,1.4326549,2.6
2022-01-20 00:00:00,0.0,0.0,0.0,1.36565,2.6
2022-01-20 01:00:00,0.0,0.0,0.0,1.1510864,2.4
2022-01-20 02:00:00,0.0,0.0,0.0,1.1510864,2.0
2022-01-20 03:00:00,0.0,0.0,0.0,1.0012492,1.6
2022-01-20 04:00:00,0.0,0.0,0.0,0.91787803,1.6
2022-01-20 05:00:00,0.0,0.0,0.0,1.0965856,2.1
2022-01-20 06:00:00,0.0,0.0,0.0,1.1800424,2.5
2022-01-20 07:00:00,0.0,0.0,0.0,1.2103719,2.8
2022-01-20 08:00:00,0.0,0.0,0.0,1.3829316,3.0
2022-01-20 09:00:00,0.0,0.0,0.0,1.4089003,3.2
2022-01-20 10:00:00,0.0,0.0,0.0,1.1672618,2.5
2022-01-20 11:00:00,0.0,0.0,0.0,1.1629703,1.8
2022-01-20 12:00:00,0.0,0.0,0.0,1.767767,2.7
2022-01-20 13:00:00,0.0,0.0,0.0,1.9026297,3.0
2022-01-20 14:00:00,0.0,0.0,0.0,1.9811614,3.2
2022-01-20 15:00:00,0.0,0.0,0.0,2.1224985,4.0
2022-01-20 16:00:00,0.0,0.0,0.0,2.6879358,4.2
2022-01-20 17:00:00,0.0,0.0,0.0,2.740894,4.2
2022-01-20 18:00:00,0.0,0.0,0.0,2.3420076,4.1
2022-01-20 19:00:00,0.0,0.0,0.0,2.2321515,3.4
2022-01-20 20:00:00,0.0,0.0,0.0,2.6800187,4.3
2022-01-20 21:00:00,0.0,0.0,0.0,2.960152,4.8
2022-01-20 22:00:00,0.0,0.0,0.0,2.4351592,4.3
2022-01-20 23:00:00,0.0,0.0,0.0,2.294014,4.0
2022-01-21 00:00:00,0.0,0.0,0.0,2.3879907,4.1
2022-01-21 01:00:00,0.0,0.0,0.0,2.2472203,3.9
2022-01-21 02:00:00,0.0,0.0,0.0,2.0892582,3.4
2022-01-21 03:00:00,0.0,0.0,0.0,1.8343936,3.1
2022-01-21 04:00:00,0.0,0.0,0.0,2.1029742,3.3
2022-01-21 05:00:00,0.0,0.0,0.0,2.214159,3.5
2022-01-21 06:00:00,0.0,0.0,0.0,2.0796635,3.5
2022-01-21 07:00:00,0.0,0.0,0.0,1.7670598,3.4
2022-01-21 08:00:00,0.0,0.0,0.0,1.504161,2.5
2022-01-21 09:00:00,0.0,0.0,0.0,1.3509257,2.5
2022-01-21 10:00:00,0.0,0.0,0.0,1.0124228,2.2
2022-01-21 11:00:00,0.0,0.0,0.0,1.3647344,2.3
2022-01-21 12:00:00,0.0,0.0,0.0,1.746425,3.0
2022-01-21 13:00:00,0.0,0.0,0.0,2.0554805,3.6
2022-01-21 14:00:00,0.0,0.0,0.0,2.074247,3.6
2022-01-21 15:00:00,0.0,0.0,0.0,2.0615528,3.7
2022-01-21 16:00:00,0.0,0.0,0.0,1.978004,3.5
2022-01-21 17:00:00,0.0,0.0,0.0,1.9499999,3.4
2022-01-21 18:00:00,0.0,0.0,0.0,1.8124568,3.1
2022-01-21 19:00:00,0.0,0.0,0.0,1.7269917,2.8
2022-01-21 20:00:00,0.0,0.0,0.0,1.6807736,2.7
2022-01-21 21:00:00,0.0,0.0,0.0,1.6560496,2.7
2022-01-21 22:00:00,0.0,0.0,0.0,1.7691805,3.0
2022-01-21 23:00:00,0.0,0.0,0.0,1.8741665,3.3
2022-01-22 00:00:00,0.0,0.0,0.0,2.1260293,3.6
2022-01-22 01:00:00,0.0,0.0,0.0,2.4041631,3.9
2022-01-22 02:00:00,0.0,0.0,0.0,2.624881,4.1
2022-01-22 03:00:00,0.0,0.0,0.0,2.6627054,4.2
2022-01-22 04:00:00,0.0,0.0,0.0,2.7879202,4.5
2022-01-22 05:00:00,0.0,0.0,0.0,2.7879202,4.6
2022-01-22 06:00:00,0.0,0.0,0.0,2.5,4.8
2022-01-22 07:00:00,0.0,0.0,0.0,2.45204,4.7
2022-01-22 08:00:00,0.0,0.0,0.0,2.3753946,4.7
2022-01-22 09:00:00,0.0,0.0,0.0,2.5164459,4.6
2022-01-22 10:00:00,0.0,0.0,0.0,2.865746,5.1
2022-01-22 11:00:00,0.0,0.0,0.0,3.1851218,4.8
2022-01-22 12:00:00,0.0,0.0,0.0,3.5046396,5.3
2022-01-22 13:00:00,0.0,0.0,0.0,3.7802117,5.8
2022-01-22 14:00:00,0.0,0.0,0.0,3.800329,5.8
2022-01-22 15:00:00,0.0,0.0,0.0,3.51639,5.8
2022-01-22 16:00:00,0.0,0.0,0.0,3.130495,5.3
2022-01-22 17:00:00,0.0,0.0,0.0,2.6856098,4.6
2022-01-22 18:00:00,0.0,0.0,0.0,2.857009,4.4
2022-01-22 19:00:00,0.0,0.0,0.0,3.0700164,5.1
2022-01-22 20:00:00,0.0,0.0,0.0,3.2718496,5.6
2022-01-22 21:00:00,0.0,0.0,0.0,3.4300144,5.9
2022-01-22 22:00:00,0.0,0.0,0.0,3.3018935,5.9
2022-01-22 23:00:00,0.0,0.0,0.0,3.491776,6.0
2022-01-23 00:00:00,0.0,0.0,0.0,3.4238136,5.9
2022-01-23 01:00:00,0.0,0.0,0.0,3.511766,5.9
2022-01-23 02:00:00,0.0,0.0,0.0,3.5556295,5.8
2022-01-23 03:00:00,0.0,0.0,0.0,3.5587919,5.9
2022-01-23 04:00:00,0.0,0.0,0.0,3.645888,6.0
2022-01-23 05:00:00,0.0,0.0,0.0,3.6034706,6.2
2022-01-23 06:00:00,0.0,0.0,0.0,3.8707235,6.6
2022-01-23 07:00:00,0.0,0.0,0.0,3.8013155,6.7
2022-01-23 08:00:00,0.0,0.0,0.0,3.7124789,6.7
2022-01-23 09:00:00,0.0,0.0,0.0,3.7566607,6.7
2022-01-23 10:00:00,0.0,0.0,0.0,4.0746164,6.6
2022-01-23 11:00:00,0.0,0.0,0.0,3.8160844,5.9
2022-01-23 12:00:00,0.0,0.0,0.0,3.7901187,5.8
2022-01-23 13:00:00,0.0,0.0,0.0,3.653081,5.9
2022-01-23 14:00:00,0.0,0.0,0.0,3.4441981,5.7
2022-01-23 15:00:00,0.0,0.0,0.0,3.510698,5.9
2022-01-23 16:00:00,0.0,0.0,0.0,3.6704903,6.0
2022-01-23 17:00:00,0.0,0.0,0.0,3.7366428,6.1
2022-01-23 18:00:00,0.0,0.0,0.0,3.782195,5.9
2022-01-23 19:00:00,0.0,0.0,0.0,3.7980258,6.1
2022-01-23 20:00:00,0.0,0.0,0.0,3.7316217,6.3
2022-01-23 21:00:00,0.0,0.0,0.0,3.6687872,6.1
2022-01-23 22:00:00,0.0,0.0,0.0,3.4539833,6.0
2022-01-23 23:00:00,0.0,0.0,0.0,3.5387144,5.9
2022-01-24 00:00:00,0.0,0.0,0.0,3.5387144,5.9
2022-01-24 01:00:00,0.0,0.0,0.0,3.65821,5.8
2022-01-24 02:00:00,0.0,0.0,0.0,3.6527388,5.8
2022-01-24 03:00:00,0.0,0.0,0.0,3.420526,5.8
2022-01-24 04:00:00,0.0,0.0,0.0,3.335416,5.8
2022-01-24 05:00:00,0.0,0.0,0.0,3.5171013,6.0
2022-01-24 06:00:00,0.0,0.0,0.0,3.434021,6.1
2022-01-24 07:00:00,0.0,0.0,0.0,3.2190838,5.9
2022-01-24 08:00:00,0.0,0.0,0.0,2.9538112,5.6
2022-01-24 09:00:00,0.0,0.0,0.0,2.687936,4.9
2022-01-24 10:00:00,0.0,0.0,0.0,2.7613401,4.8
2022-01-24 11:00:00,0.0,0.0,0.0,2.6239283,3.8
2022-01-24 12:00:00,0.0,0.0,0.0,2.7354157,4.1
2022-01-24 13:00:00,0.0,0.0,0.0,2.7166157,4.3
2022-01-24 14:00:00,0.0,0.0,0.0,2.7166157,3.9
2022-01-24 15:00:00,0.0,0.0,0.0,2.5932605,3.6
2022-01-24 16:00:00,0.0,0.0,0.0,2.3070545,3.0
2022-01-24 17:00:00,0.0,0.0,0.0,1.7499999,2.6
2022-01-24 18:00:00,0.0,0.0,0.0,1.6620771,3.3
2022-01-24 19:00:00,0.0,0.0,0.0,2.2147236,2.9
2022-01-24 20:00:00,0.0,0.0,0.0,1.8248286,2.3
2022-01-24 21:00:00,0.0,0.0,0.0,0.60827625,1.6
2022-01-24 22:00:00,0.0,0.0,0.0,0.83815277,1.0
2022-01-24 23:00:00,0.0,0.0,0.0,1.15,1.4
2022-01-25 00:00:00,0.0,0.0,0.0,0.7106335,1.6
2022-01-25 01:00:00,0.0,0.0,0.0,0.8746428,1.7
2022-01-25 02:00:00,0.0,0.0,0.0,1.9104973,2.2
2022-01-25 03:00:00,0.0,0.0,0.0,2.3005433,3.0
2022-01-25 04:00:00,0.0,0.0,0.0,2.45204,3.8
2022-01-25 05:00:00,0.0,0.0,0.0,3.3049204,5.0
2022-01-25 06:00:00,0.0,0.0,0.0,2.86007,4.9
2022-01-25 07:00:00,0.0,0.0,0.0,2.7721834,4.5
2022-01-25 08:00:00,0.0,0.0,0.0,2.930017,4.9
2022-01-25 09:00:00,0.0,0.0,0.0,3.2221887,5.4
2022-01-25 10:00:00,0.0,0.0,0.0,3.3234017,5.7
2022-01-25 11:00:00,0.0,0.0,0.0,3.2526913,5.3
2022-01-25 12:00:00,0.0,0.0,0.0,3.2221887,5.1
2022-01-25 13:00:00,0.0,0.0,0.0,3.2973475,5.2
2022-01-25 14:00:00,0.0,0.0,0.0,3.4383862,5.4
2022-01-25 15:00:00,0.0,0.0,0.0,3.5608988,5.6
2022-01-25 16:00:00,0.0,0.0,0.0,3.592353,5.7
2022-01-25 17:00:00,0.0,0.0,0.0,3.6055512,5.7
2022-01-25 18:00:00,0.0,0.0,0.0,3.7312868,5.9
2022-01-25 19:00:00,0.0,0.0,0.0,3.8762095,6.7
2022-01-25 20:00:00,0.0,0.0,0.0,4.0706263,6.9
2022-01-25 21:00:00,0.0,0.0,0.0,4.204759,7.1
2022-01-25 22:00:00,0.0,0.0,0.0,4.58939,7.2
2022-01-25 23:00:00,0.0,0.0,0.0,4.5590568,7.2
2022-01-26 00:00:00,0.0,0.0,0.0,4.2863154,6.6
2022-01-26 01:00:00,0.0,0.0,0.0,3.8942266,6.2
2022-01-26 02:00:00,0.0,0.0,0.0,3.5415392,5.7
2022-01-26 03:00:00,0.0,0.0,0.0,3.335416,5.6
2022-01-26 04:00:00,0.0,0.0,0.0,3.2280025,5.8
2022-01-26 05:00:00,0.0,0.0,0.0,3.3365402,6.0
2022-01-26 06:00:00,0.0,0.0,0.0,3.1800156,6.0
2022-01-26 07:00:00,0.0,0.0,0.0,2.9954133,5.3
2022-01-26 08:00:00,0.0,0.0,0.0,2.886174,5.3
2022-01-26 09:00:00,0.0,0.0,0.0,2.8640008,4.9
2022-01-26 10:00:00,0.0,0.0,0.0,2.581182,4.2
2022-01-26 11:00:00,0.0,0.0,0.0,2.304886,3.7
2022-01-26 12:00:00,0.0,0.0,0.0,2.2808988,3.4
2022-01-26 13:00:00,0.0,0.0,0.0,2.1914608,3.4
2022-01-26 14:00:00,0.0,0.0,0.0,2.1708293,3.3
2022-01-26 15:00:00,0.0,0.0,0.0,2.1505814,3.3
2022-01-26 16:00:00,0.0,0.0,0.0,2.1592824,3.4
2022-01-26 17:00:00,0.0,0.0,0.0,2.2276669,3.5
2022-01-26 18:00:00,0.0,0.0,0.0,2.2671568,3.5
2022-01-26 19:00:00,0.0,0.0,0.0,2.311385,3.6
2022-01-26 20:00:00,0.0,0.0,0.0,2.3200216,3.5
2022-01-26 21:00:00,0.0,0.0,0.0,2.3200216,3.6
2022-01-26 22:00:00,0.0,0.0,0.0,2.3005433,3.6
2022-01-26 23:00:00,0.0,0.0,0.0,2.1319005,3.5
2022-01-27 00:00:00,0.0,0.0,0.0,2.0808651,3.7
2022-01-27 01:00:00,0.0,0.0,0.0,2.2343903,4.3
2022-01-27 02:00:00,0.0,0.0,0.0,2.4748738,5.0
2022-01-27 03:00:00,0.0,0.0,0.0,2.25,4.7
2022-01-27 04:00:00,0.0,0.0,0.0,2.415057,5.4
2022-01-27 05:00:00,0.0,0.0,0.0,2.4622145,5.6
2022-01-27 06:00:00,0.0,0.0,0.0,2.6925824,5.7
2022-01-27 07:00:00,0.0,0.0,0.0,2.7973201,5.6
2022-01-27 08:00:00,0.0,0.0,0.0,2.7973201,5.5
2022-01-27 09:00:00,0.0,0.0,0.0,2.6617663,5.1
2022-01-27 10:00:00,0.0,0.0,0.0,2.419194,4.9
2022-01-27 11:00:00,0.0,0.0,0.0,2.404163,4.6
2022-01-27 12:00:00,0.0,0.0,0.0,2.0615528,3.8
2022-01-27 13:00:00,0.0,0.0,0.0,2.2276669,4.0
2022-01-27 14:00:00,0.0,0.0,0.0,2.269912,4.3
2022-01-27 15:00:00,0.0,0.0,0.0,2.1783023,4.1
2022-01-27 16:00:00,0.0,0.0,0.0,2.3436084,4.0
2022-01-27 17:00:00,0.0,0.0,0.0,2.4622145,4.5
2022-01-27 18:00:00,0.0,0.0,0.0,2.5894015,4.7
2022-01-27 19:00:00,0.0,0.0,0.0,2.5894015,4.1
2022-01-27 20:00:00,0.0,0.0,0.0,2.5495098,4.2
2022-01-27 21:00:00,0.0,0.0,0.0,2.392697,4.1
2022-01-27 22:00:00,0.0,0.0,0.0,2.2945588,4.1
2022-01-27 23:00:00,0.0,0.0,0.0,2.1377556,3.9
2022-01-28 00:00:00,0.0,0.0,0.0,1.7262677,3.1
2022-01-28 01:00:00,0.0,0.0,0.0,1.4,2.5
2022-01-28 02:00:00,0.0,0.0,0.0,1.2747549,2.4
2022-01-28 03:00:00,0.0,0.0,0.0,1.4866068,2.6
2022-01-28 04:00:00,0.0,0.0,0.0,1.978004,3.7
2022-01-28 05:00:00,0.0,0.0,0.0,2.0260801,4.0
2022-01-28 06:00:00,0.0,0.0,0.0,1.8973665,4.1
2022-01-28 07:00:00,0.0,0.0,0.0,1.6347783,3.6
2022-01-28 08:00:00,0.0,0.0,0.0,1.3647344,3.4
2022-01-28 09:00:00,0.0,0.0,0.0,1.2619429,3.0
2022-01-28 10:00:00,0.0,0.0,0.0,1.2971122,1.5
2022-01-28 11:00:00,0.0,0.0,0.0,1.6101241,1.9
2022-01-28 12:00:00,0.0,0.0,0.0,2.0814657,2.6
2022-01-28 13:00:00,0.0,0.0,0.0,2.1731312,2.7
2022-01-28 14:00:00,0.0,0.0,0.0,1.978004,2.9
2022-01-28 15:00:00,0.0,0.0,0.0,1.833712,3.2
2022-01-28 16:00:00,0.0,0.0,0.0,1.9525625,3.6
2022-01-28 17:00:00,0.0,0.0,0.0,2.3420076,4.0
2022-01-28 18:00:00,0.0,0.0,0.0,2.5480385,4.2
2022-01-28 19:00:00,0.0,0.0,0.0,2.6196373,4.2
2022-01-28 20:00:00,0.0,0.0,0.0,2.6234517,4.2
2022-01-28 21:00:00,0.0,0.0,0.0,2.6575365,4.1
2022-01-28 22:00:00,0.0,0.0,0.0,2.4253867,4.1
2022-01-28 23:00:00,0.0,0.0,0.0,2.441823,4.2
2022-01-29 00:00:00,0.0,0.0,0.0,2.6386547,4.6
2022-01-29 01:00:00,0.0,0.0,0.0,3.0413814,5.4
2022-01-29 02:00:00,0.0,0.0,0.0,3.1976554,6.1
2022-01-29 03:00:00,0.0,0.0,0.0,3.166228,6.0
2022-01-29 04:00:00,0.0,0.0,0.0,3.0372684,5.2
2022-01-29 05:00:00,0.0,0.0,0.0,2.6196375,4.1
2022-01-29 06:00:00,0.0,0.0,0.0,2.4382372,3.7
2022-01-29 07:00:00,0.0,0.0,0.0,2.3753946,3.8
2022-01-29 08:00:00,0.0,0.0,0.0,2.3584952,3.9
2022-01-29 09:00:00,0.0,0.0,0.0,2.4010415,4.1
2022-01-29 10:00:00,0.0,0.0,0.0,2.4964974,4.1
2022-01-29 11:00:00,0.0,0.0,0.0,2.5553863,4.1
2022-01-29 12:00:00,0.0,0.0,0.0,2.5553863,4.2
2022-01-29 13:00:00,0.0,0.0,0.0,2.680019,4.5
2022-01-29 14:00:00,0.0,0.0,0.0,2.9068882,4.6
2022-01-29 15:00:00,0.0,0.0,0.0,2.9364095,4.5
2022-01-29 16:00:00,0.0,0.0,0.0,2.939813,4.5
2022-01-29 17:00:00,0.0,0.0,0.0,2.8217902,4.6
2022-01-29 18:00:00,0.0,0.0,0.0,2.6405492,4.5
2022-01-29 19:00:00,0.0,0.0,0.0,2.5347583,4.1
2022-01-29 20:00:00,0.0,0.0,0.0,2.6476402,4.4
2022-01-29 21:00:00,0.0,0.0,0.0,2.910756,4.9
2022-01-29 22:00:00,0.0,0.0,0.0,2.9904013,5.0
2022-01-29 23:00:00,0.1,0.0,0.07,3.0528674,5.0
2022-01-30 00:00:00,0.1,0.0,0.07,3.2015622,5.2
2022-01-30 01:00:00,0.1,0.0,0.07,3.8183768,6.2
2022-01-30 02:00:00,0.0,0.0,0.0,4.3522983,7.4
2022-01-30 03:00:00,0.0,0.0,0.0,4.7087684,8.1
2022-01-30 04:00:00,0.0,0.0,0.0,4.881086,8.9
2022-01-30 05:00:00,0.0,0.0,0.0,5.0328918,9.2
2022-01-30 06:00:00,0.0,0.0,0.0,5.10392,9.6
2022-01-30 07:00:00,0.0,0.0,0.0,5.6731825,9.8
2022-01-30 08:00:00,0.0,0.0,0.0,5.7688823,10.0
2022-01-30 09:00:00,0.0,0.0,0.0,5.4392095,9.8
2022-01-30 10:00:00,0.0,0.0,0.0,5.884301,9.6
2022-01-30 11:00:00,0.0,0.0,0.0,5.682649,9.4
2022-01-30 12:00:00,0.0,0.0,0.0,5.664804,9.2
2022-01-30 13:00:00,0.0,0.0,0.0,5.4134097,9.1
2022-01-30 14:00:00,0.0,0.0,0.0,5.2021627,8.9
2022-01-30 15:00:00,0.0,0.0,0.0,5.4708314,9.3
2022-01-30 16:00:00,0.1,0.0,0.07,5.8823886,10.1
2022-01-30 17:00:00,0.1,0.0,0.07,6.153251,10.6
2022-01-30 18:00:00,0.1,0.0,0.07,6.1872854,10.7
2022-01-30 19:00:00,0.0,0.0,0.0,6.204232,10.4
2022-01-30 20:00:00,0.0,0.0,0.0,6.1143274,10.4
2022-01-30 21:00:00,0.0,0.0,0.0,5.9736924,10.2
2022-01-30 22:00:00,0.0,0.0,0.0,5.771698,10.0
2022-01-30 23:00:00,0.0,0.0,0.0,5.7384667,10.0
2022-01-31 00:00:00,0.0,0.0,0.0,5.5697846,9.7
2022-01-31 01:00:00,0.0,0.0,0.0,5.4509177,9.3
2022-01-31 02:00:00,0.1,0.0,0.07,5.2801514,8.9
2022-01-31 03:00:00,0.0,0.0,0.0,4.9297566,8.6
2022-01-31 04:00:00,0.0,0.0,0.0,4.879037,8.6
2022-01-31 05:00:00,0.0,0.0,0.0,4.85,8.4
2022-01-31 06:00:00,0.0,0.0,0.0,5.061867,10.4
2022-01-31 07:00:00,0.0,0.0,0.0,5.1034303,9.1
2022-01-31 08:00:00,0.0,0.0,0.0,5.287958,9.8
2022-01-31 09:00:00,0.0,0.0,0.0,5.3481307,9.8
2022-01-31 10:00:00,0.0,0.0,0.0,5.3037724,9.2
2022-01-31 11:00:00,0.0,0.0,0.0,5.4829283,9.2
2022-01-31 12:00:00,0.0,0.0,0.0,4.986231,8.4
2022-01-31 13:00:00,0.0,0.0,0.0,4.8337355,8.1
2022-01-31 14:00:00,0.0,0.0,0.0,5.0104895,8.4
2022-01-31 15:00:00,0.0,0.0,0.0,5.146358,8.6
2022-01-31 16:00:00,0.0,0.0,0.0,5.3235326,8.8
2022-01-31 17:00:00,0.0,0.0,0.0,5.3891096,8.7
2022-01-31 18:00:00,0.0,0.0,0.0,5.4589376,8.7
2022-01-31 19:00:00,0.0,0.0,0.0,5.456189,9.4
2022-01-31 20:00:00,0.0,0.0,0.0,5.4626,9.4
2022-01-31 21:00:00,0.0,0.0,0.0,5.5285625,9.5
2022-01-31 22:00:00,0.0,0.0,0.0,5.9709716,9.6
2022-01-31 23:00:00,0.0,0.0,0.0,5.842303,9.4
2022-02-01 00:00:00,0.1,0.0,0.07,5.550901,9.0
2022-02-01 01:00:00,0.1,0.0,0.07,5.3275228,8.5
2022-02-01 02:00:00,0.2,0.0,0.14,5.123719,8.3
2022-02-01 03:00:00,0.2,0.0,0.14,4.9648767,8.1
2022-02-01 04:00:00,0.2,0.0,0.14,4.852319,8.0
2022-02-01 05:00:00,0.1,0.0,0.07,5.3002357,8.4
2022-02-01 06:00:00,0.1,0.0,0.07,5.032395,8.8
2022-02-01 07:00:00,0.1,0.0,0.07,4.862355,8.4
2022-02-01 08:00:00,0.1,0.0,0.07,4.770744,8.5
2022-02-01 09:00:00,0.1,0.0,0.07,4.772054,8.5
2022-02-01 10:00:00,0.0,0.0,0.0,4.4905457,7.8
2022-02-01 11:00:00,0.0,0.0,0.0,3.7443287,6.8
2022-02-01 12:00:00,0.0,0.0,0.0,3.3185086,5.6
2022-02-01 13:00:00,0.0,0.0,0.0,3.0450783,5.1
2022-02-01 14:00:00,0.0,0.0,0.0,2.863564,4.9
2022-02-01 15:00:00,0.0,0.0,0.0,2.7041633,4.7
2022-02-01 16:00:00,0.0,0.0,0.0,2.6196373,4.4
2022-02-01 17:00:00,0.0,0.0,0.0,2.6575363,4.1
2022-02-01 18:00:00,0.0,0.0,0.0,2.4622145,3.8
2022-02-01 19:00:00,0.0,0.0,0.0,1.9811614,3.2
2022-02-01 20:00:00,0.0,0.0,0.0,1.7528548,3.3
2022-02-01 21:00:00,0.0,0.0,0.0,1.75,3.2
2022-02-01 22:00:00,0.0,0.0,0.0,1.3536987,3.1
2022-02-01 23:00:00,0.0,0.0,0.0,1.0012492,3.3
2022-02-02 00:00:00,0.0,0.0,0.0,1.1401755,2.8
2022-02-02 01:00:00,0.0,0.0,0.0,1.3416408,3.1
2022-02-02 02:00:00,0.0,0.0,0.0,1.5402921,3.1
2022-02-02 03:00:00,0.0,0.0,0.0,1.6985288,2.9
2022-02-02 04:00:00,0.0,0.0,0.0,1.944865,3.0
2022-02-02 05:00:00,0.0,0.0,0.0,1.7691805,3.3
2022-02-02 06:00:00,0.0,0.0,0.0,1.6710774,3.4
2022-02-02 07:00:00,0.0,0.0,0.0,1.5692356,3.3
2022-02-02 08:00:00,0.0,0.0,0.0,1.5435349,3.2
2022-02-02 09:00:00,0.0,0.0,0.0,1.5041609,3.1
2022-02-02 10:00:00,0.0,0.0,0.0,1.328533,2.7
2022-02-02 11:00:00,0.0,0.0,0.0,1.3124405,2.4
2022-02-02 12:00:00,0.0,0.0,0.0,1.710263,2.6
2022-02-02 13:00:00,0.0,0.0,0.0,1.9319679,2.8
2022-02-02 14:00:00,0.0,0.0,0.0,1.6918925,3.0
2022-02-02 15:00:00,0.0,0.0,0.0,1.7888545,3.2
2022-02-02 16:00:00,0.0,0.0,0.0,1.9780041,3.3
2022-02-02 17:00:00,0.0,0.0,0.0,2.05,3.3
2022-02-02 18:00:00,0.0,0.0,0.0,2.0506096,3.2
2022-02-02 19:00:00,0.0,0.0,0.0,2.0012496,3.2
2022-02-02 20:00:00,0.0,0.0,0.0,1.9780041,3.2
2022-02-02 21:00:00,0.0,0.0,0.0,1.8848077,3.2
2022-02-02 22:00:00,0.0,0.0,0.0,1.6643317,3.0
2022-02-02 23:00:00,0.0,0.0,0.0,1.6560496,2.9
2022-02-03 00:00:00,0.0,0.0,0.0,1.5652475,2.9
2022-02-03 01:00:00,0.0,0.0,0.0,1.7492856,3.1
2022-02-03 02:00:00,0.0,0.0,0.0,1.6347783,3.3
2022-02-03 03:00:00,0.0,0.0,0.0,1.6763055,3.5
2022-02-03 04:00:00,0.0,0.0,0.0,1.8343936,3.7
2022-02-03 05:00:00,0.0,0.0,0.0,1.8384776,4.0
2022-02-03 06:00:00,0.0,0.0,0.0,1.8668154,4.4
2022-02-03 07:00:00,0.0,0.0,0.0,1.8343936,4.2
2022-02-03 08:00:00,0.0,0.0,0.0,1.8117672,4.1
2022-02-03 09:00:00,0.0,0.0,0.0,1.8027756,3.8
2022-02-03 10:00:00,0.0,0.0,0.0,1.5953057,3.6
2022-02-03 11:00:00,0.0,0.0,0.0,1.4773287,2.7
2022-02-03 12:00:00,0.0,0.0,0.0,1.6446884,2.8
2022-02-03 13:00:00,0.0,0.0,0.0,1.833712,3.2
2022-02-03 14:00:00,0.0,0.0,0.0,2.0554805,3.8
2022-02-03 15:00:00,0.0,0.0,0.0,2.3005433,4.2
2022-02-03 16:00:00,0.0,0.0,0.0,2.462722,4.2
2022-02-03 17:00:00,0.0,0.0,0.0,2.3286262,3.9
2022-02-03 18:00:00,0.0,0.0,0.0,2.4253864,4.2
2022-02-03 19:00:00,0.0,0.0,0.0,2.6386547,4.2
2022-02-03 20:00:00,0.0,0.0,0.0,2.6575363,4.4
2022-02-03 21:00:00,0.0,0.0,0.0,2.745906,4.6
2022-02-03 22:00:00,0.0,0.0,0.0,2.6683328,4.8
2022-02-03 23:00:00,0.0,0.0,0.0,2.4253864,4.3
2022-02-04 00:00:00,0.0,0.0,0.0,2.4026027,4.2
2022-02-04 01:00:00,0.0,0.0,0.0,2.5317976,4.5
2022-02-04 02:00:00,0.0,0.0,0.0,2.687936,4.9
2022-02-04 03:00:00,0.0,0.0,0.0,2.8635643,5.1
2022-02-04 04:00:00,0.0,0.0,0.0,3.1894357,5.9
2022-02-04 05:00:00,0.0,0.0,0.0,3.238055,6.1
2022-02-04 06:00:00,0.0,0.0,0.0,3.0761175,6.0
2022-02-04 07:00:00,0.0,0.0,0.0,3.1100643,5.5
2022-02-04 08:00:00,0.0,0.0,0.0,3.0103986,5.2
2022-02-04 09:00:00,0.0,0.0,0.0,2.666927,4.5
2022-02-04 10:00:00,0.0,0.0,0.0,2.9210446,4.2
2022-02-04 11:00:00,0.0,0.0,0.0,2.7073975,3.9
2022-02-04 12:00:00,0.0,0.0,0.0,2.5005,4.0
2022-02-04 13:00:00,0.0,0.0,0.0,2.4186773,4.2
2022-02-04 14:00:00,0.0,0.0,0.0,2.3286262,4.4
2022-02-04 15:00:00,0.0,0.0,0.0,2.45204,4.6
2022-02-04 16:00:00,0.0,0.0,0.0,2.6744158,4.8
2022-02-04 17:00:00,0.0,0.0,0.0,2.7856774,5.0
2022-02-04 18:00:00,0.0,0.0,0.0,2.804015,5.0
2022-02-04 19:00:00,0.0,0.0,0.0,2.6925824,4.3
2022-02-04 20:00:00,0.0,0.0,0.0,2.6744158,4.2
2022-02-04 21:00:00,0.0,0.0,0.0,2.6100767,4.1
2022-02-04 22:00:00,0.0,0.0,0.0,2.5622256,4.0
2022-02-04 23:00:00,0.0,0.0,0.0,2.4052026,4.0
2022-02-05 00:00:00,0.0,0.0,0.0,2.4824383,4.4
2022-02-05 01:00:00,0.0,0.0,0.0,2.510976,4.7
2022-02-05 02:00:00,0.0,0.0,0.0,2.6315393,4.9
2022-02-05 03:00:00,0.0,0.0,0.0,2.6953664,5.1
2022-02-05 04:00:00,0.0,0.0,0.0,2.8744566,5.2
2022-02-05 05:00:00,0.0,0.0,0.0,2.9206164,5.1
2022-02-05 06:00:00,0.0,0.0,0.0,2.9908192,5.1
2022-02-05 07:00:00,0.0,0.0,0.0,2.740894,4.4
2022-02-05 08:00:00,0.0,0.0,0.0,2.4909837,3.9
2022-02-05 09:00:00,0.0,0.0,0.0,2.2638464,3.6
2022-02-05 10:00:00,0.0,0.0,0.0,2.510478,3.7
2022-02-05 11:00:00,0.0,0.0,0.0,2.540177,4.1
2022-02-05 12:00:00,0.0,0.0,0.0,2.8151376,4.6
2022-02-05 13:00:00,0.0,0.0,0.0,3.0528674,4.9
2022-02-05 14:00:00,0.0,0.0,0.0,3.3120992,5.2
2022-02-05 15:00:00,0.0,0.0,0.0,3.6448593,5.7
2022-02-05 16:00:00,0.0,0.0,0.0,3.689512,5.9
2022-02-05 17:00:00,0.0,0.0,0.0,3.555981,5.9
2022-02-05 18:00:00,0.0,0.0,0.0,3.2684095,5.5
2022-02-05 19:00:00,0.0,0.0,0.0,3.2206366,5.0
2022-02-05 20:00:00,0.0,0.0,0.0,3.3767588,5.3
2022-02-05 21:00:00,0.0,0.0,0.0,3.5415392,5.7
2022-02-05 22:00:00,0.0,0.0,0.0,3.6704905,5.7
2022-02-05 23:00:00,0.0,0.0,0.0,3.2718496,5.5
2022-02-06 00:00:00,0.0,0.0,0.0,2.86007,5.0
2022-02-06 01:00:00,0.0,0.0,0.0,2.5124688,4.5
2022-02-06 02:00:00,0.0,0.0,0.0,2.4596748,4.1
2022-02-06 03:00:00,0.0,0.0,0.0,2.5044959,4.1
2022-02-06 04:00:00,0.0,0.0,0.0,2.8692334,4.7
2022-02-06 05:00:00,0.0,0.0,0.0,3.2572994,5.2
2022-02-06 06:00:00,0.0,0.0,0.0,3.7020264,5.5
2022-02-06 07:00:00,0.0,0.0,0.0,3.8684623,6.1
2022-02-06 08:00:00,0.0,0.0,0.0,4.1282563,6.6
2022-02-06 09:00:00,0.0,0.0,0.0,4.226405,6.9
2022-02-06 10:00:00,0.0,0.0,0.0,4.1907635,6.7
2022-02-06 11:00:00,0.0,0.0,0.0,3.8278584,6.2
2022-02-06 12:00:00,0.0,0.0,0.0,3.9274673,6.3
2022-02-06 13:00:00,0.0,0.0,0.0,4.4195585,7.1
2022-02-06 14:00:00,0.0,0.0,0.0,4.6810794,7.5
2022-02-06 15:00:00,0.0,0.0,0.0,4.427471,7.3
2022-02-06 16:00:00,0.0,0.0,0.0,3.75,6.2
2022-02-06 17:00:00,0.0,0.0,0.0,3.540127,5.7
2022-02-06 18:00:00,0.0,0.0,0.0,3.6786547,5.9
2022-02-06 19:00:00,0.0,0.0,0.0,3.8551915,6.2
2022-02-06 20:00:00,0.0,0.0,0.0,3.9121606,6.4
2022-02-06 21:00:00,0.0,0.0,0.0,3.764306,6.1
2022-02-06 22:00:00,0.0,0.0,0.0,3.5017853,5.9
2022-02-06 23:00:00,0.0,0.0,0.0,3.4383862,5.8
2022-02-07 00:00:00,0.0,0.0,0.0,3.4007351,5.8
2022-02-07 01:00:00,0.0,0.0,0.0,3.572464,5.8
2022-02-07 02:00:00,0.0,0.0,0.0,3.6830695,5.6
2022-02-07 03:00:00,0.0,0.0,0.0,3.6554751,5.3
2022-02-07 04:00:00,0.0,0.0,0.0,3.720551,5.4
2022-02-07 05:00:00,0.0,0.0,0.0,3.83471,5.5
2022-02-07 06:00:00,0.0,0.0,0.0,3.9815197,5.8
2022-02-07 07:00:00,0.0,0.0,0.0,3.8939056,6.9
2022-02-07 08:00:00,0.0,0.0,0.0,3.9953096,7.7
2022-02-07 09:00:00,0.0,0.0,0.0,4.3548822,7.6
2022-02-07 10:00:00,0.0,0.0,0.0,4.792703,7.7
2022-02-07 11:00:00,0.0,0.0,0.0,4.7853947,7.7
2022-02-07 12:00:00,0.0,0.0,0.0,5.079862,8.2
2022-02-07 13:00:00,0.0,0.0,0.0,5.3807526,8.9
2022-02-07 14:00:00,0.0,0.0,0.0,5.3009434,9.1
2022-02-07 15:00:00,0.0,0.0,0.0,5.190616,9.0
2022-02-07 16:00:00,0.0,0.0,0.0,5.2900853,8.9
2022-02-07 17:00:00,0.0,0.0,0.0,5.2100863,8.9
2022-02-07 18:00:00,0.0,0.0,0.0,5.140039,9.1
2022-02-07 19:00:00,0.0,0.0,0.0,4.8900414,8.3
2022-02-07 20:00:00,0.0,0.0,0.0,4.540099,7.6
2022-02-07 21:00:00,0.0,0.0,0.0,4.104875,6.8
2022-02-07 22:00:00,0.0,0.0,0.0,4.159327,6.3
2022-02-07 23:00:00,0.0,0.0,0.0,4.1620307,6.1
2022-02-08 00:00:00,0.0,0.0,0.0,3.8078864,5.7
2022-02-08 01:00:00,0.0,0.0,0.0,3.3324165,5.4
2022-02-08 02:00:00,0.0,0.0,0.0,2.9094672,5.0
2022-02-08 03:00:00,0.0,0.0,0.0,2.630589,4.5
2022-02-08 04:00:00,0.0,0.0,0.0,2.85,4.6
2022-02-08 05:00:00,0.0,0.0,0.0,2.9068885,5.0
2022-02-08 06:00:00,0.0,0.0,0.0,3.1144822,5.4
2022-02-08 07:00:00,0.0,0.0,0.0,3.3533564,6.4
2022-02-08 08:00:00,0.0,0.0,0.0,3.3034072,6.0
2022-02-08 09:00:00,0.0,0.0,0.0,3.224903,6.0
2022-02-08 10:00:00,0.0,0.0,0.0,3.132491,5.7
2022-02-08 11:00:00,0.0,0.0,0.0,2.510976,4.5
2022-02-08 12:00:00,0.0,0.0,0.0,2.1540658,3.9
2022-02-08 13:00:00,0.0,0.0,0.0,2.3436084,4.1
2022-02-08 14:00:00,0.0,0.0,0.0,2.4041631,4.0
2022-02-08 15:00:00,0.0,0.0,0.0,2.5124688,4.0
2022-02-08 16:00:00,0.0,0.0,0.0,2.5455844,3.9
2022-02-08 17:00:00,0.0,0.0,0.0,2.5164459,3.8
2022-02-08 18:00:00,0.0,0.0,0.0,2.4135036,3.6
2022-02-08 19:00:00,0.0,0.0,0.0,2.2627418,3.7
2022-02-08 20:00:00,0.0,0.0,0.0,2.1400933,3.6
2022-02-08 21:00:00,0.0,0.0,0.0,2.1523244,3.5
2022-02-08 22:00:00,0.0,0.0,0.0,2.107724,3.4
2022-02-08 23:00:00,0.0,0.0,0.0,2.05,3.3
2022-02-09 00:00:00,0.0,0.0,0.0,2.1552262,3.4
2022-02-09 01:00:00,0.0,0.0,0.0,2.45,3.8
2022-02-09 02:00:00,0.0,0.0,0.0,2.65,4.1
2022-02-09 03:00:00,0.0,0.0,0.0,2.8,4.3
2022-02-09 04:00:00,0.0,0.0,0.0,3.151587,5.1
2022-02-09 05:00:00,0.0,0.0,0.0,3.306055,5.2
2022-02-09 06:00:00,0.0,0.0,0.0,3.281006,5.8
2022-02-09 07:00:00,0.0,0.0,0.0,3.0565505,5.5
2022-02-09 08:00:00,0.0,0.0,0.0,2.7313,5.3
2022-02-09 09:00:00,0.0,0.0,0.0,2.6239283,5.1
2022-02-09 10:00:00,0.0,0.0,0.0,2.4989996,4.5
2022-02-09 11:00:00,0.0,0.0,0.0,1.950641,4.1
2022-02-09 12:00:00,0.0,0.0,0.0,2.0260801,3.6
2022-02-09 13:00:00,0.0,0.0,0.0,2.5,4.6
2022-02-09 14:00:00,0.0,0.0,0.0,2.795085,5.2
2022-02-09 15:00:00,0.0,0.0,0.0,2.9567719,5.3
2022-02-09 16:00:00,0.0,0.0,0.0,3.0016663,5.4
2022-02-09 17:00:00,0.0,0.0,0.0,3.0016663,5.5
2022-02-09 18:00:00,0.0,0.0,0.0,3.0,5.6
2022-02-09 19:00:00,0.0,0.0,0.0,2.865746,4.5
2022-02-09 20:00:00,0.0,0.0,0.0,2.9516945,4.9
2022-02-09 21:00:00,0.0,0.0,0.0,3.0805843,5.2
2022-02-09 22:00:00,0.0,0.0,0.0,2.9567719,5.3
2022-02-09 23:00:00,0.0,0.0,0.0,3.146824,5.7
2022-02-10 00:00:00,0.0,0.0,0.0,3.2626677,5.8
2022-02-10 01:00:00,0.0,0.0,0.0,3.335416,6.0
2022-02-10 02:00:00,0.0,0.0,0.0,3.275668,5.8
2022-02-10 03:00:00,0.0,0.0,0.0,3.2268407,5.9
2022-02-10 04:00:00,0.0,0.0,0.0,3.2653484,6.2
2022-02-10 05:00:00,0.0,0.0,0.0,3.3800886,6.5
2022-02-10 06:00:00,0.0,0.0,0.0,3.3305404,6.6
2022-02-10 07:00:00,0.0,0.0,0.0,3.238827,6.1
2022-02-10 08:00:00,0.0,0.0,0.0,3.1084561,6.1
2022-02-10 09:00:00,0.0,0.0,0.0,3.129297,6.1
2022-02-10 10:00:00,0.0,0.0,0.0,3.2729955,5.9
2022-02-10 11:00:00,0.0,0.0,0.0,3.166228,5.7
2022-02-10 12:00:00,0.0,0.0,0.0,3.1484125,5.1
2022-02-10 13:00:00,0.0,0.0,0.0,3.5654593,5.7
2022-02-10 14:00:00,0.0,0.0,0.0,3.765634,6.1
2022-02-10 15:00:00,0.0,0.0,0.0,3.8327534,6.4
2022-02-10 16:00:00,0.0,0.0,0.0,3.771273,6.2
2022-02-10 17:00:00,0.0,0.0,0.0,3.7553296,6.2
2022-02-10 18:00:00,0.0,0.0,0.0,3.5003572,5.8
2022-02-10 19:00:00,0.0,0.0,0.0,3.6013885,5.8
2022-02-10 20:00:00,0.0,0.0,0.0,3.5014284,5.9
2022-02-10 21:00:00,0.0,0.0,0.0,3.5556293,5.9
2022-02-10 22:00:00,0.0,0.0,0.0,2.9538112,5.2
2022-02-10 23:00:00,0.0,0.0,0.0,3.1535695,5.4
2022-02-11 00:00:00,0.0,0.0,0.0,3.6055512,5.8
2022-02-11 01:00:00,0.0,0.0,0.0,3.5626535,5.8
2022-02-11 02:00:00,0.0,0.0,0.0,3.6840875,6.4
2022-02-11 03:00:00,0.0,0.0,0.0,4.273757,7.4
2022-02-11 04:00:00,0.0,0.0,0.0,4.5047193,7.6
2022-02-11 05:00:00,0.0,0.0,0.0,4.795049,7.6
2022-02-11 06:00:00,0.0,0.0,0.0,4.6446204,8.5
2022-02-11 07:00:00,0.0,0.0,0.0,5.124451,8.7
2022-02-11 08:00:00,0.0,0.0,0.0,5.4708314,9.3
2022-02-11 09:00:00,0.0,0.0,0.0,5.5247173,9.2
2022-02-11 10:00:00,0.0,0.0,0.0,5.3851647,8.4
2022-02-11 11:00:00,0.0,0.0,0.0,5.3387733,8.9
2022-02-11 12:00:00,0.0,0.0,0.0,5.472203,9.2
2022-02-11 13:00:00,0.0,0.0,0.0,5.776028,9.6
2022-02-11 14:00:00,0.0,0.0,0.0,6.0392466,10.0
2022-02-11 15:00:00,0.0,0.0,0.0,6.161371,10.3
2022-02-11 16:00:00,0.0,0.0,0.0,6.1684685,10.2
2022-02-11 17:00:00,0.0,0.0,0.0,6.103278,10.2
2022-02-11 18:00:00,0.0,0.0,0.0,6.040695,10.0
2022-02-11 19:00:00,0.0,0.0,0.0,5.835452,9.9
2022-02-11 20:00:00,0.0,0.0,0.0,5.6921,9.7
2022-02-11 21:00:00,0.0,0.0,0.0,5.536244,9.3
2022-02-11 22:00:00,0.0,0.0,0.0,5.73171,9.5
2022-02-11 23:00:00,0.0,0.0,0.0,5.7775426,9.8
2022-02-12 00:00:00,0.0,0.0,0.0,5.6147127,9.4
2022-02-12 01:00:00,0.1,0.0,0.07,5.222308,8.8
2022-02-12 02:00:00,0.1,0.0,0.07,5.1041646,8.3
2022-02-12 03:00:00,0.2,0.0,0.14,5.060632,8.2
2022-02-12 04:00:00,0.3,0.0,0.21000001,4.9784536,8.0
2022-02-12 05:00:00,0.3,0.0,0.21000001,4.8010416,7.5
2022-02-12 06:00:00,0.2,0.0,0.14,4.3809247,7.3
2022-02-12 07:00:00,0.1,0.0,0.07,4.268782,7.0
2022-02-12 08:00:00,0.1,0.0,0.07,4.1282563,7.6
2022-02-12 09:00:00,0.1,0.0,0.07,4.3603325,7.8
2022-02-12 10:00:00,0.1,0.0,0.07,5.08945,8.2
2022-02-12 11:00:00,0.1,0.0,0.07,5.5154333,8.7
2022-02-12 12:00:00,0.2,0.0,0.14,6.241194,10.1
2022-02-12 13:00:00,0.1,0.0,0.07,6.3612103,10.3
2022-02-12 14:00:00,0.1,0.0,0.07,6.245999,10.0
2022-02-12 15:00:00,0.0,0.0,0.0,6.2116823,10.1
2022-02-12 16:00:00,0.0,0.0,0.0,6.3767157,10.7
2022-02-12 17:00:00,0.0,0.0,0.0,6.3560996,10.9
2022-02-12 18:00:00,0.0,0.0,0.0,5.884301,10.3
2022-02-12 19:00:00,0.0,0.0,0.0,5.3677278,9.1
2022-02-12 20:00:00,0.0,0.0,0.0,4.6970735,7.7
2022-02-12 21:00:00,0.0,0.0,0.0,3.7901187,6.2
2022-02-12 22:00:00,0.0,0.0,0.0,3.6100557,5.7
2022-02-12 23:00:00,0.1,0.0,0.07,3.381198,5.2
2022-02-13 00:00:00,0.1,0.0,0.07,3.5305808,5.4
2022-02-13 01:00:00,0.2,0.0,0.14,3.6055512,5.9
2022-02-13 02:00:00,0.2,0.0,0.14,4.268782,6.7
2022-02-13 03:00:00,0.5,0.0,0.35,4.8582406,8.0
2022-02-13 04:00:00,0.5,0.0,0.35,4.583939,8.9
2022-02-13 05:00:00,0.4,0.0,0.28,5.2069664,8.3
2022-02-13 06:00:00,0.3,0.0,0.21000001,5.314132,7.7
2022-02-13 07:00:00,0.1,0.0,0.07,4.700266,8.2
2022-02-13 08:00:00,0.0,0.0,0.0,4.1282563,7.6
2022-02-13 09:00:00,0.0,0.0,0.0,4.136726,7.6
2022-02-13 10:00:00,0.0,0.0,0.0,3.7423255,6.6
2022-02-13 11:00:00,0.0,0.0,0.0,3.0203476,5.1
2022-02-13 12:00:00,0.0,0.0,0.0,2.4253864,3.6
2022-02-13 13:00:00,0.0,0.0,0.0,2.0024984,3.0
2022-02-13 14:00:00,0.0,0.0,0.0,1.9006578,2.9
2022-02-13 15:00:00,0.0,0.0,0.0,1.9026297,3.1
2022-02-13 16:00:00,0.0,0.0,0.0,2.05,3.0
2022-02-13 17:00:00,0.0,0.0,0.0,2.109502,2.9
2022-02-13 18:00:00,0.0,0.0,0.0,1.523975,1.7
2022-02-13 19:00:00,0.0,0.0,0.0,1.4221463,1.8
2022-02-13 20:00:00,0.0,0.0,0.0,1.2041595,1.8
2022-02-13 21:00:00,0.0,0.0,0.0,1.4705441,2.6
2022-02-13 22:00:00,0.0,0.0,0.0,2.557831,4.0
2022-02-13 23:00:00,0.0,0.0,0.0,2.8504384,4.6
2022-02-14 00:00:00,0.0,0.0,0.0,2.9,4.8
2022-02-14 01:00:00,0.1,0.0,0.07,3.8551912,6.3
2022-02-14 02:00:00,0.1,0.0,0.07,4.107615,6.9
2022-02-14 03:00:00,0.1,0.0,0.07,4.8708315,7.7
2022-02-14 04:00:00,0.3,0.0,0.21000001,5.2900853,8.9
2022-02-14 05:00:00,0.5,0.0,0.35,6.124745,10.2
2022-02-14 06:00:00,0.7,0.0,0.48999998,6.4507747,11.2
2022-02-14 07:00:00,1.0,0.0,0.7,6.0251555,10.9
2022-02-14 08:00:00,0.9,0.0,0.63,5.269013,11.4
2022-02-14 09:00:00,0.9,0.0,0.63,4.447752,8.8
2022-02-14 10:00:00,0.7,0.0,0.48999998,4.9246826,8.5
2022-02-14 11:00:00,0.6,0.0,0.42000002,4.6089587,7.3
2022-02-14 12:00:00,0.5,0.0,0.35,5.1129737,7.7
2022-02-14 13:00:00,0.3,0.0,0.21000001,5.666127,8.1
2022-02-14 14:00:00,0.4,0.0,0.28,5.206006,8.4
2022-02-14 15:00:00,0.4,0.0,0.28,2.7225907,7.6
2022-02-14 16:00:00,0.3,0.0,0.21000001,0.44721362,8.7
2022-02-14 17:00:00,0.3,0.0,0.21000001,3.901282,12.1
2022-02-14 18:00:00,0.3,0.0,0.21000001,6.8090014,13.4
2022-02-14 19:00:00,0.4,0.0,0.28,8.188407,14.0
2022-02-14 20:00:00,0.4,0.0,0.28,8.118035,13.4
2022-02-14 21:00:00,0.4,0.0,0.28,7.6967525,14.0
2022-02-14 22:00:00,0.5,0.0,0.35,7.9191227,13.7
2022-02-14 23:00:00,0.5,0.0,0.35,8.040056,13.9
2022-02-15 00:00:00,0.5,0.0,0.35,8.091971,14.0
2022-02-15 01:00:00,0.4,0.0,0.28,7.9588003,13.7
2022-02-15 02:00:00,0.2,0.0,0.14,7.67219,13.1
2022-02-15 03:00:00,0.1,0.0,0.07,7.25,12.3
2022-02-15 04:00:00,0.1,0.0,0.07,6.4212537,10.7
2022-02-15 05:00:00,0.1,0.0,0.07,6.6400304,11.4
2022-02-15 06:00:00,0.0,0.0,0.0,6.5178604,11.4
2022-02-15 07:00:00,0.0,0.0,0.0,6.4399147,11.2
2022-02-15 08:00:00,0.0,0.0,0.0,6.28351,10.8
2022-02-15 09:00:00,0.0,0.0,0.0,6.1846585,10.7
2022-02-15 10:00:00,0.0,0.0,0.0,5.8772864,9.7
2022-02-15 11:00:00,0.0,0.0,0.0,4.7801676,8.1
2022-02-15 12:00:00,0.0,0.0,0.0,4.236154,6.8
2022-02-15 13:00:00,0.0,0.0,0.0,3.925876,6.3
2022-02-15 14:00:00,0.0,0.0,0.0,3.7553296,6.1
2022-02-15 15:00:00,0.0,0.0,0.0,3.65,5.9
2022-02-15 16:00:00,0.0,0.0,0.0,3.4590461,5.4
2022-02-15 17:00:00,0.0,0.0,0.0,3.3800886,5.2
2022-02-15 18:00:00,0.0,0.0,0.0,3.4935656,5.3
2022-02-15 19:00:00,0.0,0.0,0.0,3.471311,5.4
2022-02-15 20:00:00,0.0,0.0,0.0,3.3241541,5.1
2022-02-15 21:00:00,0.0,0.0,0.0,2.9347062,4.7
2022-02-15 22:00:00,0.0,0.0,0.0,3.010814,4.4
2022-02-15 23:00:00,0.0,0.0,0.0,3.118493,4.8
2022-02-16 00:00:00,0.0,0.0,0.0,3.3301651,5.2
2022-02-16 01:00:00,0.0,0.0,0.0,3.645888,5.7
2022-02-16 02:00:00,0.0,0.0,0.0,3.7845078,6.2
2022-02-16 03:00:00,0.0,0.0,0.0,3.8209944,6.6
2022-02-16 04:00:00,0.0,0.0,0.0,3.8900514,6.9
2022-02-16 05:00:00,0.0,0.0,0.0,4.3502874,7.7
2022-02-16 06:00:00,0.0,0.0,0.0,4.788789,8.8
2022-02-16 07:00:00,0.0,0.0,0.0,5.061867,9.1
2022-02-16 08:00:00,0.0,0.0,0.0,5.3387733,9.5
2022-02-16 09:00:00,0.0,0.0,0.0,5.5563025,9.6
2022-02-16 10:00:00,0.0,0.0,0.0,5.1973553,9.5
2022-02-16 11:00:00,0.0,0.0,0.0,4.7246695,8.5
2022-02-16 12:00:00,0.0,0.0,0.0,4.5,8.0
2022-02-16 13:00:00,0.0,0.0,0.0,4.661545,8.4
2022-02-16 14:00:00,0.0,0.0,0.0,4.854122,8.6
2022-02-16 15:00:00,0.0,0.0,0.0,5.0400896,8.7
2022-02-16 16:00:00,0.0,0.0,0.0,5.0766625,8.7
2022-02-16 17:00:00,0.0,0.0,0.0,5.056926,8.6
2022-02-16 18:00:00,0.1,0.0,0.07,5.020956,8.6
2022-02-16 19:00:00,0.0,0.0,0.0,4.954291,8.5
2022-02-16 20:00:00,0.0,0.0,0.0,4.8130035,8.2
2022-02-16 21:00:00,0.0,0.0,0.0,4.7423625,8.2
2022-02-16 22:00:00,0.0,0.0,0.0,4.642467,8.2
2022-02-16 23:00:00,0.0,0.0,0.0,4.7087684,8.3
2022-02-17 00:00:00,0.0,0.0,0.0,4.7793827,8.5
2022-02-17 01:00:00,0.0,0.0,0.0,4.816638,8.6
2022-02-17 02:00:00,0.0,0.0,0.0,4.8974485,8.7
2022-02-17 03:00:00,0.0,0.0,0.0,4.8726277,8.8
2022-02-17 04:00:00,0.0,0.0,0.0,4.9744344,8.9
2022-02-17 05:00:00,0.0,0.0,0.0,5.396758,9.4
2022-02-17 06:00:00,0.0,0.0,0.0,5.390733,9.6
2022-02-17 07:00:00,0.0,0.0,0.0,5.5932994,10.0
2022-02-17 08:00:00,0.0,0.0,0.0,6.350787,11.7
2022-02-17 09:00:00,0.0,0.0,0.0,6.7957706,11.8
2022-02-17 10:00:00,0.0,0.0,0.0,6.068979,11.2
2022-02-17 11:00:00,0.0,0.0,0.0,6.1337185,10.7
2022-02-17 12:00:00,0.0,0.0,0.0,6.2235436,10.9
2022-02-17 13:00:00,0.0,0.0,0.0,6.0700083,10.7
2022-02-17 14:00:00,0.0,0.0,0.0,5.860034,10.5
2022-02-17 15:00:00,0.0,0.0,0.0,5.87069,10.3
2022-02-17 16:00:00,0.0,0.0,0.0,5.7604256,10.3
2022-02-17 17:00:00,0.0,0.0,0.0,5.7801385,10.4
2022-02-17 18:00:00,0.0,0.0,0.0,5.841233,10.4
2022-02-17 19:00:00,0.0,0.0,0.0,5.95084,10.1
2022-02-17 20:00:00,0.0,0.0,0.0,5.8330956,9.8
2022-02-17 21:00:00,0.0,0.0,0.0,5.685068,9.6
2022-02-17 22:00:00,0.0,0.0,0.0,5.3502336,9.1
2022-02-17 23:00:00,0.0,0.0,0.0,5.1307898,8.6
2022-02-18 00:00:00,0.0,0.0,0.0,4.90408,8.3
2022-02-18 01:00:00,0.0,0.0,0.0,4.7423625,8.2
2022-02-18 02:00:00,0.0,0.0,0.0,4.632764,8.0
2022-02-18 03:00:00,0.0,0.0,0.0,4.5343137,7.8
2022-02-18 04:00:00,0.0,0.0,0.0,4.482187,7.5
2022-02-18 05:00:00,0.0,0.0,0.0,4.5105433,7.7
2022-02-18 06:00:00,0.0,0.0,0.0,4.661545,7.8
2022-02-18 07:00:00,0.0,0.0,0.0,4.772054,8.5
2022-02-18 08:00:00,0.0,0.0,0.0,4.830373,8.2
2022-02-18 09:00:00,0.0,0.0,0.0,4.6100435,8.1
2022-02-18 10:00:00,0.0,0.0,0.0,4.4407206,7.5
2022-02-18 11:00:00,0.0,0.0,0.0,4.540099,7.3
2022-02-18 12:00:00,0.0,0.0,0.0,4.2722945,6.9
2022-02-18 13:00:00,0.0,0.0,0.0,4.0496917,6.6
2022-02-18 14:00:00,0.0,0.0,0.0,3.8967936,6.4
2022-02-18 15:00:00,0.0,0.0,0.0,3.7443287,6.0
2022-02-18 16:00:00,0.0,0.0,0.0,3.6749148,5.8
2022-02-18 17:00:00,0.0,0.0,0.0,3.5640566,5.5
2022-02-18 18:00:00,0.0,0.0,0.0,3.355965,5.3
2022-02-18 19:00:00,0.0,0.0,0.0,3.175689,5.1
2022-02-18 20:00:00,0.0,0.0,0.0,2.9415133,4.7
2022-02-18 21:00:00,0.0,0.0,0.0,2.7354157,4.4
2022-02-18 22:00:00,0.0,0.0,0.0,2.680019,3.8
2022-02-18 23:00:00,0.0,0.0,0.0,2.4005208,3.4
2022-02-19 00:00:00,0.0,0.0,0.0,2.316247,3.1
2022-02-19 01:00:00,0.0,0.0,0.0,2.1272047,3.2
2022-02-19 02:00:00,0.0,0.0,0.0,2.074247,3.2
2022-02-19 03:00:00,0.0,0.0,0.0,1.8668154,3.2
2022-02-19 04:00:00,0.0,0.0,0.0,1.6,3.0
2022-02-19 05:00:00,0.0,0.0,0.0,1.5532224,2.7
2022-02-19 06:00:00,0.0,0.0,0.0,1.457738,2.5
2022-02-19 07:00:00,0.0,0.0,0.0,1.1597414,2.0
2022-02-19 08:00:00,0.0,0.0,0.0,0.95131487,2.0
2022-02-19 09:00:00,0.0,0.0,0.0,0.9013878,2.0
2022-02-19 10:00:00,0.0,0.0,0.0,1.4396181,2.4
2022-02-19 11:00:00,0.0,0.0,0.0,2.2505555,3.1
2022-02-19 12:00:00,0.0,0.0,0.0,2.45204,3.7
2022-02-19 13:00:00,0.0,0.0,0.0,2.4020824,3.7
2022-02-19 14:00:00,0.0,0.0,0.0,2.8535066,4.4
2022-02-19 15:00:00,0.0,0.0,0.0,3.1945267,5.0
2022-02-19 16:00:00,0.0,0.0,0.0,3.4731112,5.3
2022-02-19 17:00:00,0.0,0.0,0.0,3.5330584,5.4
2022-02-19 18:00:00,0.0,0.0,0.0,3.6100552,5.3
2022-02-19 19:00:00,0.0,0.0,0.0,3.6335244,5.9
2022-02-19 20:00:00,0.0,0.0,0.0,3.6400552,5.9
2022-02-19 21:00:00,0.0,0.0,0.0,3.4383862,5.5
2022-02-19 22:00:00,0.0,0.0,0.0,3.1827662,4.9
2022-02-19 23:00:00,0.0,0.0,0.0,2.8111386,4.3
2022-02-20 00:00:00,0.0,0.0,0.0,2.666927,4.1
2022-02-20 01:00:00,0.0,0.0,0.0,2.7771387,4.2
2022-02-20 02:00:00,0.0,0.0,0.0,2.7986605,4.5
2022-02-20 03:00:00,0.0,0.0,0.0,3.0438464,4.9
2022-02-20 04:00:00,0.0,0.0,0.0,3.268792,5.1
2022-02-20 05:00:00,0.0,0.0,0.0,3.5003572,5.3
2022-02-20 06:00:00,0.0,0.0,0.0,3.4132097,5.4
2022-02-20 07:00:00,0.0,0.0,0.0,3.4860437,5.8
2022-02-20 08:00:00,0.0,0.0,0.0,3.5046399,6.0
2022-02-20 09:00:00,0.0,0.0,0.0,3.52881,6.0
2022-02-20 10:00:00,0.0,0.0,0.0,3.2775753,5.6
2022-02-20 11:00:00,0.0,0.0,0.0,2.9154758,4.6
2022-02-20 12:00:00,0.0,0.0,0.0,2.6856098,4.2
2022-02-20 13:00:00,0.0,0.0,0.0,2.7577164,4.3
2022-02-20 14:00:00,0.0,0.0,0.0,2.7577164,4.4
2022-02-20 15:00:00,0.0,0.0,0.0,2.6925824,4.5
2022-02-20 16:00:00,0.0,0.0,0.0,2.6744158,4.4
2022-02-20 17:00:00,0.0,0.0,0.0,2.657066,4.3
2022-02-20 18:00:00,0.0,0.0,0.0,2.7212129,4.3
2022-02-20 19:00:00,0.0,0.0,0.0,2.804015,4.3
2022-02-20 20:00:00,0.0,0.0,0.0,2.7771387,4.3
2022-02-20 21:00:00,0.0,0.0,0.0,2.7771387,4.3
2022-02-20 22:00:00,0.0,0.0,0.0,2.6612968,4.3
2022-02-20 23:00:00,0.0,0.0,0.0,2.638655,4.4
2022-02-21 00:00:00,0.0,0.0,0.0,2.6462238,4.5
2022-02-21 01:00:00,0.0,0.0,0.0,2.830636,4.8
2022-02-21 02:00:00,0.0,0.0,0.0,2.960152,5.2
2022-02-21 03:00:00,0.0,0.0,0.0,3.2867157,5.6
2022-02-21 04:00:00,0.0,0.0,0.0,3.662308,6.2
2022-02-21 05:00:00,0.0,0.0,0.0,4.0804415,6.7
2022-02-21 06:00:00,0.0,0.0,0.0,4.3488503,7.2
2022-02-21 07:00:00,0.0,0.0,0.0,4.225222,7.1
2022-02-21 08:00:00,0.0,0.0,0.0,4.3165383,7.2
2022-02-21 09:00:00,0.0,0.0,0.0,4.3142204,7.4
2022-02-21 10:00:00,0.1,0.0,0.07,4.5634418,7.9
2022-02-21 11:00:00,0.1,0.0,0.07,4.5793014,8.0
2022-02-21 12:00:00,0.1,0.0,0.07,4.6596675,8.0
2022-02-21 13:00:00,0.0,0.0,0.0,4.701064,8.1
2022-02-21 14:00:00,0.0,0.0,0.0,4.634922,7.9
2022-02-21 15:00:00,0.0,0.0,0.0,4.3863425,7.5
2022-02-21 16:00:00,0.0,0.0,0.0,4.2086225,7.3
2022-02-21 17:00:00,0.0,0.0,0.0,4.106702,7.0
2022-02-21 18:00:00,0.0,0.0,0.0,3.905125,6.8
2022-02-21 19:00:00,0.0,0.0,0.0,3.4007351,5.5
2022-02-21 20:00:00,0.0,0.0,0.0,2.8319604,4.7
2022-02-21 21:00:00,0.0,0.0,0.0,3.1642535,5.3
2022-02-21 22:00:00,0.0,0.0,0.0,3.153173,5.5
2022-02-21 23:00:00,0.0,0.0,0.0,3.176476,5.5
2022-02-22 00:00:00,0.0,0.0,0.0,3.1484125,5.4
2022-02-22 01:00:00,0.0,0.0,0.0,2.9124732,5.1
2022-02-22 02:00:00,0.0,0.0,0.0,2.8217902,5.2
2022-02-22 03:00:00,0.0,0.0,0.0,2.9807718,5.6
2022-02-22 04:00:00,0.0,0.0,0.0,3.178443,5.9
2022-02-22 05:00:00,0.0,0.0,0.0,3.0732718,6.0
2022-02-22 06:00:00,0.0,0.0,0.0,3.0004168,6.1
2022-02-22 07:00:00,0.1,0.0,0.07,2.8412147,5.1
2022-02-22 08:00:00,0.1,0.0,0.07,2.8844411,4.8
2022-02-22 09:00:00,0.2,0.0,0.14,2.5238857,5.0
2022-02-22 10:00:00,0.2,0.0,0.14,2.6100767,4.6
2022-02-22 11:00:00,0.2,0.0,0.14,2.4166093,4.1
2022-02-22 12:00:00,0.3,0.0,0.21000001,1.7670598,3.3
2022-02-22 13:00:00,0.3,0.0,0.21000001,1.7442764,3.3
2022-02-22 14:00:00,0.3,0.0,0.21000001,1.9235384,3.4
2022-02-22 15:00:00,0.3,0.0,0.21000001,2.1095023,3.1
2022-02-22 16:00:00,0.4,0.0,0.28,2.2638464,3.1
2022-02-22 17:00:00,0.6,0.0,0.42000002,2.34094,3.2
2022-02-22 18:00:00,0.7,0.0,0.48999998,2.6234517,3.5
2022-02-22 19:00:00,0.2,0.0,0.14,2.9068882,5.0
2022-02-22 20:00:00,0.1,0.0,0.07,2.710166,4.6
2022-02-22 21:00:00,0.0,0.0,0.0,2.4789112,4.0
2022-02-22 22:00:00,0.0,0.0,0.0,2.4413111,3.8
2022-02-22 23:00:00,0.0,0.0,0.0,2.2051077,3.5
2022-02-23 00:00:00,0.0,0.0,0.0,1.9906029,2.9
2022-02-23 01:00:00,0.0,0.0,0.0,1.868154,2.8
2022-02-23 02:00:00,0.0,0.0,0.0,1.8741665,2.8
2022-02-23 03:00:00,0.0,0.0,0.0,1.8560711,2.9
2022-02-23 04:00:00,0.0,0.0,0.0,2.4253864,4.4
2022-02-23 05:00:00,0.0,0.0,0.0,2.8935273,5.4
2022-02-23 06:00:00,0.0,0.0,0.0,3.0417922,6.0
2022-02-23 07:00:00,0.0,0.0,0.0,3.3425288,6.2
2022-02-23 08:00:00,0.0,0.0,0.0,3.6431444,6.6
2022-02-23 09:00:00,0.0,0.0,0.0,4.0672474,7.4
2022-02-23 10:00:00,0.0,0.0,0.0,4.4229517,7.8
2022-02-23 11:00:00,0.0,0.0,0.0,4.42069,7.7
2022-02-23 12:00:00,0.0,0.0,0.0,3.791108,6.5
2022-02-23 13:00:00,0.0,0.0,0.0,3.6554751,6.3
2022-02-23 14:00:00,0.0,0.0,0.0,3.6173193,6.4
2022-02-23 15:00:00,0.0,0.0,0.0,3.5752623,6.5
2022-02-23 16:00:00,0.0,0.0,0.0,3.5531676,6.5
2022-02-23 17:00:00,0.0,0.0,0.0,3.5805027,6.4
2022-02-23 18:00:00,0.0,0.0,0.0,3.6472592,6.5
2022-02-23 19:00:00,0.0,0.0,0.0,4.007805,6.6
2022-02-23 20:00:00,0.0,0.0,0.0,4.0354676,6.9
2022-02-23 21:00:00,0.0,0.0,0.0,4.0650954,7.0
2022-02-23 22:00:00,0.0,0.0,0.0,4.181507,7.0
2022-02-23 23:00:00,0.0,0.0,0.0,4.031129,7.0
2022-02-24 00:00:00,0.0,0.0,0.0,4.0028114,6.8
2022-02-24 01:00:00,0.0,0.0,0.0,3.9702015,6.9
2022-02-24 02:00:00,0.0,0.0,0.0,4.253528,7.1
2022-02-24 03:00:00,0.0,0.0,0.0,4.438468,7.5
2022-02-24 04:00:00,0.0,0.0,0.0,4.3829217,8.4
2022-02-24 05:00:00,0.0,0.0,0.0,4.95101,9.0
2022-02-24 06:00:00,0.0,0.0,0.0,4.8192325,8.9
2022-02-24 07:00:00,0.0,0.0,0.0,4.88083,8.5
2022-02-24 08:00:00,0.0,0.0,0.0,5.075677,8.7
2022-02-24 09:00:00,0.0,0.0,0.0,5.185557,8.9
2022-02-24 10:00:00,0.0,0.0,0.0,5.307542,8.9
2022-02-24 11:00:00,0.0,0.0,0.0,5.630497,9.4
2022-02-24 12:00:00,0.0,0.0,0.0,5.4115615,9.0
2022-02-24 13:00:00,0.0,0.0,0.0,5.1324944,8.5
2022-02-24 14:00:00,0.0,0.0,0.0,5.0936236,8.3
2022-02-24 15:00:00,0.0,0.0,0.0,4.830114,8.2
2022-02-24 16:00:00,0.0,0.0,0.0,4.4777226,7.8
2022-02-24 17:00:00,0.0,0.0,0.0,3.8483763,7.0
2022-02-24 18:00:00,0.0,0.0,0.0,3.6224992,6.3
2022-02-24 19:00:00,0.0,0.0,0.0,3.3324165,5.5
2022-02-24 20:00:00,0.0,0.0,0.0,3.0450783,5.1
2022-02-24 21:00:00,0.0,0.0,0.0,2.8727167,4.8
2022-02-24 22:00:00,0.0,0.0,0.0,2.6172504,4.6
2022-02-24 23:00:00,0.0,0.0,0.0,2.4758837,4.2
2022-02-25 00:00:00,0.0,0.0,0.0,2.2022715,3.9
2022-02-25 01:00:00,0.0,0.0,0.0,2.4274473,4.4
2022-02-25 02:00:00,0.1,0.0,0.07,2.510976,4.4
2022-02-25 03:00:00,0.2,0.0,0.14,2.3926973,4.2
2022-02-25 04:00:00,0.2,0.0,0.14,2.5739074,4.8
2022-02-25 05:00:00,0.2,0.0,0.14,2.7613401,4.7
2022-02-25 06:00:00,0.2,0.0,0.14,2.842534,5.0
2022-02-25 07:00:00,0.3,0.0,0.21000001,2.9364095,5.1
2022-02-25 08:00:00,0.2,0.0,0.14,3.0103986,5.3
2022-02-25 09:00:00,0.1,0.0,0.07,3.2422986,5.7
2022-02-25 10:00:00,0.1,0.0,0.07,3.324154,5.8
2022-02-25 11:00:00,0.1,0.0,0.07,3.3455193,5.1
2022-02-25 12:00:00,0.1,0.0,0.07,3.0364454,4.2
2022-02-25 13:00:00,0.1,0.0,0.07,2.6879358,3.5
2022-02-25 14:00:00,0.0,0.0,0.0,2.7115493,3.7
2022-02-25 15:00:00,0.0,0.0,0.0,2.5739076,3.6
2022-02-25 16:00:00,0.0,0.0,0.0,2.530316,3.3
2022-02-25 17:00:00,0.0,0.0,0.0,2.4758837,3.3
2022-02-25 18:00:00,0.0,0.0,0.0,2.4413111,3.8
2022-02-25 19:00:00,0.0,0.0,0.0,2.4377244,3.9
2022-02-25 20:00:00,0.0,0.0,0.0,2.5460753,3.8
2022-02-25 21:00:00,0.0,0.0,0.0,2.5144582,3.7
2022-02-25 22:00:00,0.0,0.0,0.0,2.540177,3.5
2022-02-25 23:00:00,0.0,0.0,0.0,2.3584952,3.3
2022-02-26 00:00:00,0.0,0.0,0.0,2.3521266,3.1
2022-02-26 01:00:00,0.0,0.0,0.0,2.15,3.1
2022-02-26 02:00:00,0.0,0.0,0.0,2.1708295,2.9
2022-02-26 03:00:00,0.0,0.0,0.0,2.098809,2.8
2022-02-26 04:00:00,0.0,0.0,0.0,1.4705441,2.6
2022-02-26 05:00:00,0.0,0.0,0.0,0.22360681,2.1
2022-02-26 06:00:00,0.0,0.0,0.0,0.30413812,1.1
2022-02-26 07:00:00,0.0,0.0,0.0,0.552268,1.3
2022-02-26 08:00:00,0.0,0.0,0.0,0.81394106,1.7
2022-02-26 09:00:00,0.0,0.0,0.0,0.81394106,2.0
2022-02-26 10:00:00,0.0,0.0,0.0,0.8902247,2.2
2022-02-26 11:00:00,0.0,0.0,0.0,1.3038405,1.7
2022-02-26 12:00:00,0.0,0.0,0.0,1.3209845,1.3
2022-02-26 13:00:00,0.0,0.0,0.0,1.2020814,1.1
2022-02-26 14:00:00,0.0,0.0,0.0,0.98234415,1.1
2022-02-26 15:00:00,0.0,0.0,0.0,0.9124143,1.7
2022-02-26 16:00:00,0.0,0.0,0.0,1.2980754,2.7
2022-02-26 17:00:00,0.0,0.0,0.0,1.9678669,3.2
2022-02-26 18:00:00,0.0,0.0,0.0,2.2203603,3.6
2022-02-26 19:00:00,0.0,0.0,0.0,2.510478,3.3
2022-02-26 20:00:00,0.0,0.0,0.0,2.1633308,3.3
2022-02-26 21:00:00,0.0,0.0,0.0,2.1095023,2.9
2022-02-26 22:00:00,0.0,0.0,0.0,1.6918924,2.7
2022-02-26 23:00:00,0.0,0.0,0.0,1.5402921,2.7
2022-02-27 00:00:00,0.0,0.0,0.0,1.677051,2.9
2022-02-27 01:00:00,0.0,0.0,0.0,1.8172781,3.5
2022-02-27 02:00:00,0.0,0.0,0.0,2.1783023,3.7
2022-02-27 03:00:00,0.0,0.0,0.0,2.392697,3.7
2022-02-27 04:00:00,0.0,0.0,0.0,2.376973,3.8
2022-02-27 05:00:00,0.0,0.0,0.0,2.3420076,3.8
2022-02-27 06:00:00,0.0,0.0,0.0,2.184033,4.3
2022-02-27 07:00:00,0.0,0.0,0.0,2.0402207,4.0
2022-02-27 08:00:00,0.0,0.0,0.0,1.746425,3.4
2022-02-27 09:00:00,0.0,0.0,0.0,1.5787653,2.9
2022-02-27 10:00:00,0.0,0.0,0.0,1.0920165,2.2
2022-02-27 11:00:00,0.0,0.0,0.0,1.471394,2.6
2022-02-27 12:00:00,0.0,0.0,0.0,1.5508063,2.4
2022-02-27 13:00:00,0.0,0.0,0.0,2.1377556,3.3
2022-02-27 14:00:00,0.0,0.0,0.0,2.2051077,3.3
2022-02-27 15:00:00,0.0,0.0,0.0,2.0886598,3.5
2022-02-27 16:00:00,0.0,0.0,0.0,2.482438,3.5
2022-02-27 17:00:00,0.0,0.0,0.0,2.1931713,3.3
2022-02-27 18:00:00,0.0,0.0,0.0,1.9455076,3.1
2022-02-27 19:00:00,0.0,0.0,0.0,1.7923448,2.4
2022-02-27 20:00:00,0.0,0.0,0.0,1.4326549,2.0
2022-02-27 21:00:00,0.0,0.0,0.0,0.78262377,1.5
2022-02-27 22:00:00,0.0,0.0,0.0,0.20615529,1.3
2022-02-27 23:00:00,0.0,0.0,0.0,0.35355338,1.4
2022-02-28 00:00:00,0.0,0.0,0.0,1.0965856,2.5
2022-02-28 01:00:00,0.0,0.0,0.0,0.8732125,2.4
2022-02-28 02:00:00,0.0,0.0,0.0,0.95131487,2.4
2022-02-28 03:00:00,0.0,0.0,0.0,1.4705441,3.0
2022-02-28 04:00:00,0.0,0.0,0.0,1.059481,2.9
2022-02-28 05:00:00,0.0,0.0,0.0,1.2658988,3.3
2022-02-28 06:00:00,0.0,0.0,0.0,1.5700318,3.7
2022-02-28 07:00:00,0.0,0.0,0.0,1.2589679,3.1
2022-02-28 08:00:00,0.0,0.0,0.0,1.1543397,2.8
2022-02-28 09:00:00,0.0,0.0,0.0,1.4,2.7
2022-02-28 10:00:00,0.0,0.0,0.0,1.811077,2.6
2022-02-28 11:00:00,0.0,0.0,0.0,1.4080127,2.6
2022-02-28 12:00:00,0.0,0.0,0.0,2.5675864,2.1
2022-02-28 13:00:00,0.0,0.0,0.0,2.7018514,2.4
2022-02-28 14:00:00,0.0,0.0,0.0,2.7115495,3.4
2022-02-28 15:00:00,0.0,0.0,0.0,2.8640008,4.1
2022-02-28 16:00:00,0.0,0.0,0.0,2.6856098,4.1
2022-02-28 17:00:00,0.0,0.0,0.0,2.3690715,3.4
2022-02-28 18:00:00,0.0,0.0,0.0,2.311385,3.1
2022-02-28 19:00:00,0.0,0.0,0.0,1.6650826,2.3
2022-02-28 20:00:00,0.0,0.0,0.0,1.4773287,2.2
2022-02-28 21:00:00,0.0,0.0,0.0,1.3462912,2.0
2022-02-28 22:00:00,0.0,0.0,0.0,1.0965856,1.6
2022-02-28 23:00:00,0.0,0.0,0.0,0.3905125,1.1
2022-03-01 00:00:00,0.0,0.0,0.0,0.60207975,1.7
2022-03-01 01:00:00,0.0,0.0,0.0,1.5945219,3.2
2022-03-01 02:00:00,0.0,0.0,0.0,2.4005208,4.3
2022-03-01 03:00:00,0.0,0.0,0.0,2.6100764,4.7
2022-03-01 04:00:00,0.0,0.0,0.0,2.7244265,4.9
2022-03-01 05:00:00,0.0,0.0,0.0,3.0103986,5.9
2022-03-01 06:00:00,0.0,0.0,0.0,3.9702015,7.2
2022-03-01 07:00:00,0.0,0.0,0.0,4.6154633,8.5
2022-03-01 08:00:00,0.0,0.0,0.0,4.68188,8.5
2022-03-01 09:00:00,0.0,0.0,0.0,4.701064,8.7
2022-03-01 10:00:00,0.0,0.0,0.0,4.6738634,8.6
2022-03-01 11:00:00,0.0,0.0,0.0,4.5853024,7.9
2022-03-01 12:00:00,0.0,0.0,0.0,4.3165383,7.0
2022-03-01 13:00:00,0.0,0.0,0.0,4.274635,6.8
2022-03-01 14:00:00,0.0,0.0,0.0,4.3407946,6.8
2022-03-01 15:00:00,0.0,0.0,0.0,4.3188543,6.7
2022-03-01 16:00:00,0.0,0.0,0.0,4.1967254,6.4
2022-03-01 17:00:00,0.0,0.0,0.0,4.087175,6.0
2022-03-01 18:00:00,0.0,0.0,0.0,3.7752483,5.6
2022-03-01 19:00:00,0.0,0.0,0.0,3.4590461,5.5
2022-03-01 20:00:00,0.0,0.0,0.0,3.0536864,5.0
2022-03-01 21:00:00,0.0,0.0,0.0,2.804015,4.4
2022-03-01 22:00:00,0.0,0.0,0.0,2.3135471,4.0
2022-03-01 23:00:00,0.0,0.0,0.0,2.1540658,3.4
2022-03-02 00:00:00,0.0,0.0,0.0,2.100595,3.1
2022-03-02 01:00:00,0.0,0.0,0.0,2.2671568,3.1
2022-03-02 02:00:00,0.0,0.0,0.0,2.180023,3.3
2022-03-02 03:00:00,0.0,0.0,0.0,1.9912307,3.0
2022-03-02 04:00:00,0.0,0.0,0.0,1.9039433,2.7
2022-03-02 05:00:00,0.0,0.0,0.0,1.431782,2.9
2022-03-02 06:00:00,0.0,0.0,0.0,1.806931,3.2
2022-03-02 07:00:00,0.0,0.0,0.0,1.833712,3.8
2022-03-02 08:00:00,0.0,0.0,0.0,1.7585506,3.6
2022-03-02 09:00:00,0.0,0.0,0.0,1.8553975,3.6
2022-03-02 10:00:00,0.0,0.0,0.0,1.6507574,2.6
2022-03-02 11:00:00,0.0,0.0,0.0,1.0606601,2.0
2022-03-02 12:00:00,0.0,0.0,0.0,1.4916434,2.0
2022-03-02 13:00:00,0.0,0.0,0.0,1.6918925,1.9
2022-03-02 14:00:00,0.0,0.0,0.0,1.2529964,1.3
2022-03-02 15:00:00,0.0,0.0,0.0,0.7433034,1.0
2022-03-02 16:00:00,0.0,0.0,0.0,0.6103278,1.8
2022-03-02 17:00:00,0.0,0.0,0.0,1.5337862,2.9
2022-03-02 18:00:00,0.0,0.0,0.0,1.9780041,3.4
2022-03-02 19:00:00,0.0,0.0,0.0,2.3259406,3.4
2022-03-02 20:00:00,0.0,0.0,0.0,2.3942637,3.8
2022-03-02 21:00:00,0.0,0.0,0.0,2.6925824,4.2
2022-03-02 22:00:00,0.0,0.0,0.0,3.0927334,5.0
2022-03-02 23:00:00,0.0,0.0,0.0,3.1705678,5.3
2022-03-03 00:00:00,0.0,0.0,0.0,3.1515868,5.4
2022-03-03 01:00:00,0.0,0.0,0.0,2.8999999,5.1
2022-03-03 02:00:00,0.0,0.0,0.0,2.687936,4.8
2022-03-03 03:00:00,0.0,0.0,0.0,2.7721834,5.0
2022-03-03 04:00:00,0.0,0.0,0.0,3.4205263,6.5
2022-03-03 05:00:00,0.0,0.0,0.0,3.4702306,6.5
2022-03-03 06:00:00,0.0,0.0,0.0,3.2729957,6.3
2022-03-03 07:00:00,0.0,0.0,0.0,3.2035139,6.2
2022-03-03 08:00:00,0.0,0.0,0.0,3.2202482,6.2
2022-03-03 09:00:00,0.0,0.0,0.0,3.2718496,6.2
2022-03-03 10:00:00,0.0,0.0,0.0,2.842534,6.0
2022-03-03 11:00:00,0.0,0.0,0.0,2.3900838,5.0
2022-03-03 12:00:00,0.0,0.0,0.0,1.9209373,3.6
2022-03-03 13:00:00,0.0,0.0,0.0,2.4300208,3.7
2022-03-03 14:00:00,0.0,0.0,0.0,2.2896507,3.8
2022-03-03 15:00:00,0.0,0.0,0.0,2.1931713,3.9
2022-03-03 16:00:00,0.0,0.0,0.0,2.34094,4.1
2022-03-03 17:00:00,0.0,0.0,0.0,2.5773048,4.3
2022-03-03 18:00:00,0.0,0.0,0.0,2.5773048,4.4
2022-03-03 19:00:00,0.0,0.0,0.0,2.4166093,3.9
2022-03-03 20:00:00,0.0,0.0,0.0,2.4824383,3.9
2022-03-03 21:00:00,0.0,0.0,0.0,2.3900838,3.9
2022-03-03 22:00:00,0.0,0.0,0.0,1.9474342,3.6
2022-03-03 23:00:00,0.0,0.0,0.0,2.0155644,3.6
2022-03-04 00:00:00,0.0,0.0,0.0,2.1691012,3.7
2022-03-04 01:00:00,0.0,0.0,0.0,2.1023796,3.4
2022-03-04 02:00:00,0.0,0.0,0.0,2.1931713,3.3
2022-03-04 03:00:00,0.0,0.0,0.0,2.5079873,3.9
2022-03-04 04:00:00,0.0,0.0,0.0,2.8853076,4.9
2022-03-04 05:00:00,0.0,0.0,0.0,2.9832866,5.7
2022-03-04 06:00:00,0.0,0.0,0.0,3.2190835,6.3
2022-03-04 07:00:00,0.0,0.0,0.0,3.4999998,6.6
2022-03-04 08:00:00,0.0,0.0,0.0,3.1851218,6.2
2022-03-04 09:00:00,0.0,0.0,0.0,3.6891732,6.7
2022-03-04 10:00:00,0.0,0.0,0.0,3.387108,6.6
2022-03-04 11:00:00,0.0,0.0,0.0,3.2882369,5.8
2022-03-04 12:00:00,0.0,0.0,0.0,2.9516945,5.3
2022-03-04 13:00:00,0.0,0.0,0.0,2.7064736,4.9
2022-03-04 14:00:00,0.0,0.0,0.0,2.4596748,5.1
2022-03-04 15:00:00,0.0,0.0,0.0,2.3600848,4.9
2022-03-04 16:00:00,0.0,0.0,0.0,2.1213202,4.7
2022-03-04 17:00:00,0.0,0.0,0.0,2.100595,4.5
2022-03-04 18:00:00,0.0,0.0,0.0,2.2901967,4.1
2022-03-04 19:00:00,0.0,0.0,0.0,2.2051077,3.7
2022-03-04 20:00:00,0.0,0.0,0.0,1.7240939,3.1
2022-03-04 21:00:00,0.0,0.0,0.0,1.8506756,3.2
2022-03-04 22:00:00,0.0,0.0,0.0,1.9039433,3.5
2022-03-04 23:00:00,0.0,0.0,0.0,2.2896507,4.1
2022-03-05 00:00:00,0.0,0.0,0.0,2.6925824,4.9
2022-03-05 01:00:00,0.0,0.0,0.0,2.8653097,5.1
2022-03-05 02:00:00,0.0,0.0,0.0,3.0700164,5.6
2022-03-05 03:00:00,0.0,0.0,0.0,3.3970575,5.7
2022-03-05 04:00:00,0.0,0.0,0.0,3.8304698,6.5
2022-03-05 05:00:00,0.0,0.0,0.0,4.2605753,7.4
2022-03-05 06:00:00,0.0,0.0,0.0,4.5631676,8.2
2022-03-05 07:00:00,0.0,0.0,0.0,4.923921,9.0
2022-03-05 08:00:00,0.0,0.0,0.0,5.2004805,9.3
2022-03-05 09:00:00,0.0,0.0,0.0,5.0916595,9.2
2022-03-05 10:00:00,0.0,0.0,0.0,5.1288395,8.8
2022-03-05 11:00:00,0.0,0.0,0.0,4.743417,8.6
2022-03-05 12:00:00,0.0,0.0,0.0,4.846906,8.8
2022-03-05 13:00:00,0.5,0.5,0.0,4.5708313,9.0
2022-03-05 14:00:00,1.2,1.0,0.14,5.4509172,10.5
2022-03-05 15:00:00,1.2,0.8000001,0.28,6.543126,11.7
2022-03-05 16:00:00,0.3,0.20000002,0.07,8.74028,15.0
2022-03-05 17:00:00,0.0,0.0,0.0,8.602325,15.8
2022-03-05 18:00:00,0.0,0.0,0.0,8.13941,15.0
2022-03-05 19:00:00,0.0,0.0,0.0,7.8600254,13.6
2022-03-05 20:00:00,0.0,0.0,0.0,8.18917,14.1
2022-03-05 21:00:00,0.0,0.0,0.0,7.8488855,13.5
2022-03-05 22:00:00,0.0,0.0,0.0,8.28734,13.2
2022-03-05 23:00:00,0.0,0.0,0.0,8.482039,14.1
2022-03-06 00:00:00,0.0,0.0,0.0,8.647832,14.7
2022-03-06 01:00:00,0.0,0.0,0.0,8.757425,14.8
2022-03-06 02:00:00,0.0,0.0,0.0,9.066008,15.3
2022-03-06 03:00:00,0.0,0.0,0.0,9.740637,16.3
2022-03-06 04:00:00,0.3,0.3,0.0,10.24817,17.1
2022-03-06 05:00:00,0.3,0.20000002,0.07,10.522001,17.7
2022-03-06 06:00:00,0.3,0.10000001,0.14,10.517247,18.2
2022-03-06 07:00:00,0.4,0.2,0.14,9.629252,16.1
2022-03-06 08:00:00,0.5,0.19999999,0.21000001,9.581754,18.0
2022-03-06 09:00:00,0.5,0.099999994,0.28,9.297312,19.2
2022-03-06 10:00:00,0.6,0.20000002,0.28,8.830912,17.8
2022-03-06 11:00:00,0.7,0.19999999,0.35,9.494866,16.8
2022-03-06 12:00:00,0.6,0.100000024,0.35,9.306583,16.6
2022-03-06 13:00:00,0.3,0.0,0.21000001,9.495394,16.7
2022-03-06 14:00:00,0.2,0.0,0.14,9.724325,16.9
2022-03-06 15:00:00,0.2,0.1,0.07,9.741279,16.9
2022-03-06 16:00:00,0.1,0.0,0.07,9.910852,16.7
2022-03-06 17:00:00,0.1,0.0,0.07,9.515383,16.4
2022-03-06 18:00:00,0.1,0.1,0.0,8.778667,15.4
2022-03-06 19:00:00,0.0,0.0,0.0,8.070006,14.2
2022-03-06 20:00:00,0.1,0.0,0.07,8.035079,14.1
2022-03-06 21:00:00,0.1,0.0,0.07,8.345058,14.0
2022-03-06 22:00:00,0.0,0.0,0.0,8.227089,13.9
2022-03-06 23:00:00,0.1,0.0,0.07,8.630469,14.9
2022-03-07 00:00:00,0.3,0.0,0.21000001,9.081987,15.8
2022-03-07 01:00:00,0.3,0.0,0.21000001,9.425099,16.5
2022-03-07 02:00:00,0.3,0.0,0.21000001,9.654015,17.1
2022-03-07 03:00:00,0.3,0.0,0.21000001,10.056838,17.6
2022-03-07 04:00:00,0.3,0.0,0.21000001,9.666566,15.6
2022-03-07 05:00:00,0.3,0.0,0.21000001,9.657251,16.3
2022-03-07 06:00:00,0.3,0.0,0.21000001,8.734558,15.8
2022-03-07 07:00:00,0.2,0.0,0.14,8.761849,14.8
2022-03-07 08:00:00,0.2,0.0,0.14,8.130191,14.9
2022-03-07 09:00:00,0.2,0.0,0.14,7.65,12.8
2022-03-07 10:00:00,0.2,0.0,0.14,6.9399204,12.3
2022-03-07 11:00:00,0.2,0.0,0.14,5.900212,10.2
2022-03-07 12:00:00,0.1,0.0,0.07,5.6224995,9.2
2022-03-07 13:00:00,0.1,0.0,0.07,5.7035074,9.1
2022-03-07 14:00:00,0.0,0.0,0.0,5.7762446,9.4
2022-03-07 15:00:00,0.0,0.0,0.0,5.3844686,9.1
2022-03-07 16:00:00,0.0,0.0,0.0,5.2069664,8.9
2022-03-07 17:00:00,0.0,0.0,0.0,5.1684136,8.8
2022-03-07 18:00:00,0.0,0.0,0.0,4.6872168,8.9
2022-03-07 19:00:00,0.0,0.0,0.0,4.554119,7.1
2022-03-07 20:00:00,0.0,0.0,0.0,4.418144,6.9
2022-03-07 21:00:00,0.0,0.0,0.0,4.104875,6.4
2022-03-07 22:00:00,0.0,0.0,0.0,3.482097,6.2
2022-03-07 23:00:00,0.0,0.0,0.0,3.5341196,6.2
2022-03-08 00:00:00,0.0,0.0,0.0,3.7831864,6.4
2022-03-08 01:00:00,0.0,0.0,0.0,3.901602,6.5
2022-03-08 02:00:00,0.0,0.0,0.0,3.8160844,6.2
2022-03-08 03:00:00,0.0,0.0,0.0,3.9246018,6.4
2022-03-08 04:00:00,0.0,0.0,0.0,4.07707,6.7
2022-03-08 05:00:00,0.0,0.0,0.0,4.0816665,7.1
2022-03-08 06:00:00,0.0,0.0,0.0,4.056168,7.3
2022-03-08 07:00:00,0.0,0.0,0.0,4.2190046,7.4
2022-03-08 08:00:00,0.0,0.0,0.0,4.565085,8.2
2022-03-08 09:00:00,0.0,0.0,0.0,4.651881,8.2
2022-03-08 10:00:00,0.0,0.0,0.0,4.2346783,7.6
2022-03-08 11:00:00,0.0,0.0,0.0,3.324154,5.9
2022-03-08 12:00:00,0.0,0.0,0.0,2.1540658,4.1
2022-03-08 13:00:00,0.0,0.0,0.0,2.304886,3.1
2022-03-08 14:00:00,0.0,0.0,0.0,2.505993,3.4
2022-03-08 15:00:00,0.0,0.0,0.0,2.4839485,3.5
2022-03-08 16:00:00,0.0,0.0,0.0,2.1400933,3.0
2022-03-08 17:00:00,0.0,0.0,0.0,1.8117672,2.7
2022-03-08 18:00:00,0.0,0.0,0.0,1.85,2.4
2022-03-08 19:00:00,0.0,0.0,0.0,1.8248286,2.3
2022-03-08 20:00:00,0.0,0.0,0.0,1.6007811,1.9
2022-03-08 21:00:00,0.0,0.0,0.0,1.029563,1.3
2022-03-08 22:00:00,0.0,0.0,0.0,0.9656604,1.1
2022-03-08 23:00:00,0.0,0.0,0.0,0.65764725,1.5
2022-03-09 00:00:00,0.0,0.0,0.0,0.9617692,1.9
2022-03-09 01:00:00,0.0,0.0,0.0,1.2776932,2.5
2022-03-09 02:00:00,0.0,0.0,0.0,1.4764823,2.9
2022-03-09 03:00:00,0.0,0.0,0.0,2.0426698,3.6
2022-03-09 04:00:00,0.0,0.0,0.0,2.5144582,4.2
2022-03-09 05:00:00,0.0,0.0,0.0,2.376973,5.0
2022-03-09 06:00:00,0.0,0.0,0.0,3.309456,6.1
2022-03-09 07:00:00,0.0,0.0,0.0,3.256148,5.9
2022-03-09 08:00:00,0.0,0.0,0.0,3.2035139,6.2
2022-03-09 09:00:00,0.0,0.0,0.0,3.363406,6.3
2022-03-09 10:00:00,0.0,0.0,0.0,3.4154062,6.7
2022-03-09 11:00:00,0.0,0.0,0.0,3.6704903,7.2
2022-03-09 12:00:00,0.0,0.0,0.0,3.5514083,6.5
2022-03-09 13:00:00,0.0,0.0,0.0,3.9815197,7.0
2022-03-09 14:00:00,0.0,0.0,0.0,4.3991475,7.5
2022-03-09 15:00:00,0.0,0.0,0.0,4.718315,7.9
2022-03-09 16:00:00,0.0,0.0,0.0,4.8994894,8.3
2022-03-09 17:00:00,0.0,0.0,0.0,4.8787804,8.5
2022-03-09 18:00:00,0.0,0.0,0.0,4.8754487,8.8
2022-03-09 19:00:00,0.0,0.0,0.0,5.032395,8.4
2022-03-09 20:00:00,0.0,0.0,0.0,5.011986,8.5
2022-03-09 21:00:00,0.0,0.0,0.0,5.079862,8.5
2022-03-09 22:00:00,0.0,0.0,0.0,4.9648767,8.5
2022-03-09 23:00:00,0.0,0.0,0.0,5.1041646,8.7
2022-03-10 00:00:00,0.0,0.0,0.0,5.19158,9.0
2022-03-10 01:00:00,0.0,0.0,0.0,5.724727,9.8
2022-03-10 02:00:00,0.0,0.0,0.0,6.0270224,10.2
2022-03-10 03:00:00,0.0,0.0,0.0,6.1465435,10.4
2022-03-10 04:00:00,0.0,0.0,0.0,6.3906183,11.1
2022-03-10 05:00:00,0.0,0.0,0.0,5.776028,10.3
2022-03-10 06:00:00,0.0,0.0,0.0,5.515433,10.1
2022-03-10 07:00:00,0.0,0.0,0.0,5.5247173,10.0
2022-03-10 08:00:00,0.0,0.0,0.0,5.635601,10.1
2022-03-10 09:00:00,0.0,0.0,0.0,5.818075,10.3
2022-03-10 10:00:00,0.0,0.0,0.0,5.7967663,10.2
2022-03-10 11:00:00,0.0,0.0,0.0,5.661272,9.8
2022-03-10 12:00:00,0.0,0.0,0.0,5.6302752,9.5
2022-03-10 13:00:00,0.0,0.0,0.0,5.8053856,9.3
2022-03-10 14:00:00,0.0,0.0,0.0,5.7915883,9.3
2022-03-10 15:00:00,0.0,0.0,0.0,5.396758,8.7
2022-03-10 16:00:00,0.0,0.0,0.0,5.213924,8.6
2022-03-10 17:00:00,0.0,0.0,0.0,5.23474,8.9
2022-03-10 18:00:00,0.0,0.0,0.0,5.213924,8.9
2022-03-10 19:00:00,0.0,0.0,0.0,5.1022058,8.5
2022-03-10 20:00:00,0.0,0.0,0.0,4.8787804,8.1
2022-03-10 21:00:00,0.0,0.0,0.0,4.944947,8.2
2022-03-10 22:00:00,0.0,0.0,0.0,5.0677905,8.6
2022-03-10 23:00:00,0.0,0.0,0.0,5.3,8.8
2022-03-11 00:00:00,0.0,0.0,0.0,5.4965897,9.1
2022-03-11 01:00:00,0.0,0.0,0.0,5.8148518,9.5
2022-03-11 02:00:00,0.0,0.0,0.0,6.3523617,10.3
2022-03-11 03:00:00,0.0,0.0,0.0,6.88077,11.3
2022-03-11 04:00:00,0.0,0.0,0.0,6.759623,11.8
2022-03-11 05:00:00,0.0,0.0,0.0,6.767939,11.9
2022-03-11 06:00:00,0.0,0.0,0.0,6.882042,12.2
2022-03-11 07:00:00,0.0,0.0,0.0,6.7779055,12.0
2022-03-11 08:00:00,0.0,0.0,0.0,7.4385815,12.9
2022-03-11 09:00:00,0.0,0.0,0.0,7.2897186,13.2
2022-03-11 10:00:00,0.0,0.0,0.0,7.9832635,13.8
2022-03-11 11:00:00,0.0,0.0,0.0,7.566373,12.8
2022-03-11 12:00:00,0.0,0.0,0.0,7.274957,12.4
2022-03-11 13:00:00,0.0,0.0,0.0,7.8938265,13.3
2022-03-11 14:00:00,0.0,0.0,0.0,7.920227,13.5
2022-03-11 15:00:00,0.0,0.0,0.0,7.9047456,13.4
2022-03-11 16:00:00,0.0,0.0,0.0,7.773352,13.1
2022-03-11 17:00:00,0.0,0.0,0.0,7.661756,12.9
2022-03-11 18:00:00,0.0,0.0,0.0,7.412321,12.7
2022-03-11 19:00:00,0.0,0.0,0.0,7.1589108,12.2
2022-03-11 20:00:00,0.0,0.0,0.0,7.110731,12.1
2022-03-11 21:00:00,0.1,0.0,0.07,7.314711,12.4
2022-03-11 22:00:00,0.1,0.0,0.07,7.566373,12.8
2022-03-11 23:00:00,0.0,0.0,0.0,7.5041656,12.6
2022-03-12 00:00:00,0.0,0.0,0.0,7.41114,12.3
2022-03-12 01:00:00,0.1,0.0,0.07,7.491662,12.5
2022-03-12 02:00:00,0.1,0.0,0.07,7.358329,12.1
2022-03-12 03:00:00,0.1,0.0,0.07,6.5764737,11.1
2022-03-12 04:00:00,0.1,0.0,0.07,7.067708,11.9
2022-03-12 05:00:00,0.1,0.0,0.07,7.177918,12.6
2022-03-12 06:00:00,0.0,0.0,0.0,7.289891,13.1
2022-03-12 07:00:00,0.0,0.0,0.0,7.4686007,13.4
2022-03-12 08:00:00,0.0,0.0,0.0,7.2230535,13.0
2022-03-12 09:00:00,0.0,0.0,0.0,7.3348484,13.1
2022-03-12 10:00:00,0.0,0.0,0.0,7.763054,13.0
2022-03-12 11:00:00,0.0,0.0,0.0,7.3409805,12.6
2022-03-12 12:00:00,0.0,0.0,0.0,6.8660393,11.6
2022-03-12 13:00:00,0.0,0.0,0.0,7.026379,11.9
2022-03-12 14:00:00,0.0,0.0,0.0,6.7708936,11.8
2022-03-12 15:00:00,0.0,0.0,0.0,6.4195013,10.9
2022-03-12 16:00:00,0.0,0.0,0.0,6.356886,10.4
2022-03-12 17:00:00,0.0,0.0,0.0,6.694961,11.1
2022-03-12 18:00:00,0.0,0.0,0.0,6.545991,11.3
2022-03-12 19:00:00,0.0,0.0,0.0,6.6772,11.4
2022-03-12 20:00:00,0.0,0.0,0.0,6.5795135,11.3
2022-03-12 21:00:00,0.0,0.0,0.0,6.559154,11.1
2022-03-12 22:00:00,0.0,0.0,0.0,7.1331973,11.5
2022-03-12 23:00:00,0.1,0.0,0.07,7.35697,11.9
2022-03-13 00:00:00,0.1,0.0,0.07,7.582381,12.2
2022-03-13 01:00:00,0.1,0.0,0.07,7.907275,12.8
2022-03-13 02:00:00,0.1,0.0,0.07,7.945124,13.0
2022-03-13 03:00:00,0.1,0.0,0.07,7.6100264,11.6
2022-03-13 04:00:00,0.1,0.0,0.07,7.1317954,12.5
2022-03-13 05:00:00,0.1,0.0,0.07,7.2258215,12.7
2022-03-13 06:00:00,0.1,0.0,0.07,7.2111025,12.9
2022-03-13 07:00:00,0.1,0.0,0.07,6.9760303,12.1
2022-03-13 08:00:00,0.1,0.0,0.07,6.8505473,12.0
2022-03-13 09:00:00,0.1,0.0,0.07,6.5178604,11.0
2022-03-13 10:00:00,0.1,0.0,0.07,6.0054145,10.4
2022-03-13 11:00:00,0.1,0.0,0.07,5.3949046,10.0
2022-03-13 12:00:00,0.1,0.0,0.07,5.4454107,9.1
2022-03-13 13:00:00,0.1,0.0,0.07,4.88083,8.3
2022-03-13 14:00:00,0.1,0.0,0.07,4.606517,7.9
2022-03-13 15:00:00,0.1,0.0,0.07,4.5694637,7.9
2022-03-13 16:00:00,0.0,0.0,0.0,4.569737,7.9
2022-03-13 17:00:00,0.0,0.0,0.0,4.3442492,7.5
2022-03-13 18:00:00,0.0,0.0,0.0,4.1188593,6.9
2022-03-13 19:00:00,0.1,0.0,0.07,3.9623227,6.7
2022-03-13 20:00:00,0.0,0.0,0.0,3.6090164,6.2
2022-03-13 21:00:00,0.1,0.0,0.07,3.3734255,5.8
2022-03-13 22:00:00,0.1,0.0,0.07,3.1320918,5.6
2022-03-13 23:00:00,0.1,0.0,0.07,2.9807718,5.5
2022-03-14 00:00:00,0.1,0.0,0.07,2.9295902,5.3
2022-03-14 01:00:00,0.1,0.0,0.07,2.9584625,5.3
2022-03-14 02:00:00,0.1,0.0,0.07,3.0450783,5.5
2022-03-14 03:00:00,0.1,0.0,0.07,3.1324909,5.8
2022-03-14 04:00:00,0.1,0.0,0.07,2.7390692,5.5
2022-03-14 05:00:00,0.1,0.0,0.07,2.3963516,5.4
2022-03-14 06:00:00,0.0,0.0,0.0,2.0124612,5.1
2022-03-14 07:00:00,0.0,0.0,0.0,1.8445866,4.4
2022-03-14 08:00:00,0.0,0.0,0.0,1.5402921,4.0
2022-03-14 09:00:00,0.0,0.0,0.0,1.3200378,3.6
2022-03-14 10:00:00,0.0,0.0,0.0,0.9013878,3.2
2022-03-14 11:00:00,0.0,0.0,0.0,0.99624294,3.0
2022-03-14 12:00:00,0.0,0.0,0.0,1.4115593,3.0
2022-03-14 13:00:00,0.0,0.0,0.0,2.0248458,3.0
2022-03-14 14:00:00,0.0,0.0,0.0,2.865746,4.4
2022-03-14 15:00:00,0.0,0.0,0.0,3.4238136,5.7
2022-03-14 16:00:00,0.0,0.0,0.0,3.4003677,5.5
2022-03-14 17:00:00,0.0,0.0,0.0,3.1408596,5.3
2022-03-14 18:00:00,0.0,0.0,0.0,2.795085,4.8
2022-03-14 19:00:00,0.0,0.0,0.0,2.441823,4.0
2022-03-14 20:00:00,0.0,0.0,0.0,2.441823,4.0
2022-03-14 21:00:00,0.0,0.0,0.0,2.3286262,3.9
2022-03-14 22:00:00,0.0,0.0,0.0,1.6977926,3.7
2022-03-14 23:00:00,0.0,0.0,0.0,1.746425,3.8
2022-03-15 00:00:00,0.0,0.0,0.0,1.9313208,3.9
2022-03-15 01:00:00,0.0,0.0,0.0,2.0554805,4.1
2022-03-15 02:00:00,0.1,0.0,0.07,2.2561028,4.2
2022-03-15 03:00:00,0.0,0.0,0.0,2.3632603,4.4
2022-03-15 04:00:00,0.0,0.0,0.0,2.209072,4.4
2022-03-15 05:00:00,0.1,0.0,0.07,1.8439089,4.2
2022-03-15 06:00:00,0.1,0.0,0.07,1.4396181,3.8
2022-03-15 07:00:00,0.1,0.0,0.07,1.1401755,3.4
2022-03-15 08:00:00,0.1,0.0,0.07,0.801561,3.4
2022-03-15 09:00:00,0.1,0.0,0.07,1.0259142,3.6
2022-03-15 10:00:00,0.1,0.0,0.07,1.372953,4.4
2022-03-15 11:00:00,0.1,0.0,0.07,2.0056171,4.7
2022-03-15 12:00:00,0.1,0.0,0.07,2.304886,4.5
2022-03-15 13:00:00,0.1,0.0,0.07,1.9525625,3.5
2022-03-15 14:00:00,0.0,0.0,0.0,2.1029742,3.4
2022-03-15 15:00:00,0.0,0.0,0.0,2.1476731,3.4
2022-03-15 16:00:00,0.0,0.0,0.0,2.178302,3.4
2022-03-15 17:00:00,0.0,0.0,0.0,2.2610838,3.6
2022-03-15 18:00:00,0.0,0.0,0.0,2.1100948,3.7
2022-03-15 19:00:00,0.0,0.0,0.0,2.0112185,3.2
2022-03-15 20:00:00,0.0,0.0,0.0,1.7334936,3.0
2022-03-15 21:00:00,0.0,0.0,0.0,1.637834,2.8
2022-03-15 22:00:00,0.0,0.0,0.0,1.710263,2.7
2022-03-15 23:00:00,0.0,0.0,0.0,1.746425,2.9
2022-03-16 00:00:00,0.0,0.0,0.0,1.9300259,3.2
2022-03-16 01:00:00,0.0,0.0,0.0,1.9448651,3.1
2022-03-16 02:00:00,0.0,0.0,0.0,1.7734147,2.9
2022-03-16 03:00:00,0.0,0.0,0.0,1.8384776,3.6
2022-03-16 04:00:00,0.0,0.0,0.0,1.9039432,3.4
2022-03-16 05:00:00,0.0,0.0,0.0,1.8445866,4.0
2022-03-16 06:00:00,0.0,0.0,0.0,1.8601075,4.4
2022-03-16 07:00:00,0.0,0.0,0.0,1.7902514,3.9
2022-03-16 08:00:00,0.0,0.0,0.0,1.7613915,3.8
2022-03-16 09:00:00,0.0,0.0,0.0,1.7066048,3.8
2022-03-16 10:00:00,0.0,0.0,0.0,2.1029742,3.7
2022-03-16 11:00:00,0.0,0.0,0.0,2.3420076,3.6
2022-03-16 12:00:00,0.0,0.0,0.0,1.9416487,3.2
2022-03-16 13:00:00,0.0,0.0,0.0,2.0554805,3.5
2022-03-16 14:00:00,0.0,0.0,0.0,1.8527007,3.4
2022-03-16 15:00:00,0.0,0.0,0.0,1.9811614,3.2
2022-03-16 16:00:00,0.0,0.0,0.0,2.2388613,3.4
2022-03-16 17:00:00,0.0,0.0,0.0,2.5495098,3.5
2022-03-16 18:00:00,0.0,0.0,0.0,2.418677,3.5
2022-03-16 19:00:00,0.0,0.0,0.0,2.236068,3.6
2022-03-16 20:00:00,0.0,0.0,0.0,2.1954498,3.4
2022-03-16 21:00:00,0.0,0.0,0.0,2.2147236,3.4
2022-03-16 22:00:00,0.0,0.0,0.0,2.3600848,3.4
2022-03-16 23:00:00,0.0,0.0,0.0,2.4909837,3.6
2022-03-17 00:00:00,0.0,0.0,0.0,2.7986603,3.7
2022-03-17 01:00:00,0.0,0.0,0.0,3.1241,4.1
2022-03-17 02:00:00,0.0,0.0,0.0,3.2607515,4.5
2022-03-17 03:00:00,0.0,0.0,0.0,3.5245569,5.0
2022-03-17 04:00:00,0.0,0.0,0.0,3.689512,5.4
2022-03-17 05:00:00,0.0,0.0,0.0,3.2256782,5.5
2022-03-17 06:00:00,0.0,0.0,0.0,3.5106978,6.0
2022-03-17 07:00:00,0.0,0.0,0.0,3.784508,6.8
2022-03-17 08:00:00,0.0,0.0,0.0,3.9223716,7.2
2022-03-17 09:00:00,0.0,0.0,0.0,3.9169502,7.3
2022-03-17 10:00:00,0.0,0.0,0.0,4.701064,7.8
2022-03-17 11:00:00,0.0,0.0,0.0,4.923921,8.1
2022-03-17 12:00:00,0.0,0.0,0.0,5.0447993,7.5
2022-03-17 13:00:00,0.0,0.0,0.0,5.0104895,7.3
2022-03-17 14:00:00,0.0,0.0,0.0,5.011986,7.7
2022-03-17 15:00:00,0.0,0.0,0.0,4.8787804,8.1
2022-03-17 16:00:00,0.0,0.0,0.0,4.5961943,7.9
2022-03-17 17:00:00,0.0,0.0,0.0,4.315669,7.4
2022-03-17 18:00:00,0.0,0.0,0.0,4.186287,6.8
2022-03-17 19:00:00,0.0,0.0,0.0,4.245291,7.1
2022-03-17 20:00:00,0.0,0.0,0.0,4.4300113,7.4
2022-03-17 21:00:00,0.0,0.0,0.0,4.5524716,7.5
2022-03-17 22:00:00,0.0,0.0,0.0,4.7835655,7.6
2022-03-17 23:00:00,0.0,0.0,0.0,4.773102,7.9
2022-03-18 00:00:00,0.0,0.0,0.0,4.9175706,8.0
2022-03-18 01:00:00,0.0,0.0,0.0,4.954291,8.2
2022-03-18 02:00:00,0.0,0.0,0.0,5.0766625,8.2
2022-03-18 03:00:00,0.0,0.0,0.0,5.153882,8.2
2022-03-18 04:00:00,0.0,0.0,0.0,4.8654394,8.2
2022-03-18 05:00:00,0.0,0.0,0.0,4.967897,9.0
2022-03-18 06:00:00,0.0,0.0,0.0,5.1470866,9.3
2022-03-18 07:00:00,0.0,0.0,0.0,5.2737556,9.4
2022-03-18 08:00:00,0.0,0.0,0.0,5.3814497,9.6
2022-03-18 09:00:00,0.0,0.0,0.0,5.3814497,9.5
2022-03-18 10:00:00,0.0,0.0,0.0,5.249762,9.0
2022-03-18 11:00:00,0.0,0.0,0.0,4.638157,7.7
2022-03-18 12:00:00,0.0,0.0,0.0,4.2851486,7.3
2022-03-18 13:00:00,0.0,0.0,0.0,3.9284222,6.6
2022-03-18 14:00:00,0.0,0.0,0.0,3.8242645,6.5
2022-03-18 15:00:00,0.0,0.0,0.0,3.5850384,6.2
2022-03-18 16:00:00,0.0,0.0,0.0,3.4441981,5.9
2022-03-18 17:00:00,0.0,0.0,0.0,3.572464,5.9
2022-03-18 18:00:00,0.0,0.0,0.0,3.6069376,5.9
2022-03-18 19:00:00,0.0,0.0,0.0,3.434021,5.4
2022-03-18 20:00:00,0.0,0.0,0.0,3.0700164,4.9
2022-03-18 21:00:00,0.0,0.0,0.0,2.745906,4.3
2022-03-18 22:00:00,0.0,0.0,0.0,2.4964974,3.7
2022-03-18 23:00:00,0.0,0.0,0.0,2.4005208,3.5
2022-03-19 00:00:00,0.0,0.0,0.0,2.4758837,3.6
2022-03-19 01:00:00,0.0,0.0,0.0,2.5495098,3.8
2022-03-19 02:00:00,0.0,0.0,0.0,2.4789112,3.9
2022-03-19 03:00:00,0.0,0.0,0.0,2.298369,3.8
2022-03-19 04:00:00,0.0,0.0,0.0,2.304886,3.7
2022-03-19 05:00:00,0.0,0.0,0.0,1.9912307,3.9
2022-03-19 06:00:00,0.0,0.0,0.0,2.1224985,4.3
2022-03-19 07:00:00,0.0,0.0,0.0,2.2627418,4.4
2022-03-19 08:00:00,0.0,0.0,0.0,2.2627418,4.5
2022-03-19 09:00:00,0.0,0.0,0.0,2.1931713,4.2
2022-03-19 10:00:00,0.0,0.0,0.0,2.0524375,3.9
2022-03-19 11:00:00,0.0,0.0,0.0,1.9235384,3.3
2022-03-19 12:00:00,0.0,0.0,0.0,1.9924859,2.9
2022-03-19 13:00:00,0.0,0.0,0.0,2.754088,3.1
2022-03-19 14:00:00,0.0,0.0,0.0,2.6462238,2.9
2022-03-19 15:00:00,0.0,0.0,0.0,2.2901967,2.7
2022-03-19 16:00:00,0.0,0.0,0.0,1.8794945,2.1
2022-03-19 17:00:00,0.0,0.0,0.0,1.5572411,1.7
2022-03-19 18:00:00,0.0,0.0,0.0,1.6194135,1.8
2022-03-19 19:00:00,0.0,0.0,0.0,1.7219175,2.1
2022-03-19 20:00:00,0.0,0.0,0.0,1.767767,2.1
2022-03-19 21:00:00,0.0,0.0,0.0,1.5508063,2.0
2022-03-19 22:00:00,0.0,0.0,0.0,0.83216584,2.0
2022-03-19 23:00:00,0.0,0.0,0.0,0.96046865,1.9
2022-03-20 00:00:00,0.0,0.0,0.0,1.2747549,1.9
2022-03-20 01:00:00,0.0,0.0,0.0,1.9137658,2.3
2022-03-20 02:00:00,0.0,0.0,0.0,1.4916434,2.8
2022-03-20 03:00:00,0.0,0.0,0.0,1.9313208,2.7
2022-03-20 04:00:00,0.0,0.0,0.0,1.5435349,3.3
2022-03-20 05:00:00,0.0,0.0,0.0,1.4577379,3.5
2022-03-20 06:00:00,0.0,0.0,0.0,1.7804494,4.1
2022-03-20 07:00:00,0.0,0.0,0.0,2.3753946,4.9
2022-03-20 08:00:00,0.0,0.0,0.0,3.08099,5.9
2022-03-20 09:00:00,0.0,0.0,0.0,3.7871492,6.9
2022-03-20 10:00:00,0.0,0.0,0.0,4.2086225,7.6
2022-03-20 11:00:00,0.0,0.0,0.0,4.3557434,7.7
2022-03-20 12:00:00,0.0,0.0,0.0,4.1548166,7.3
2022-03-20 13:00:00,0.0,0.0,0.0,4.219301,7.0
2022-03-20 14:00:00,0.0,0.0,0.0,4.562072,7.6
2022-03-20 15:00:00,0.0,0.0,0.0,5.0931325,8.6
2022-03-20 16:00:00,0.0,0.0,0.0,5.4465585,9.2
2022-03-20 17:00:00,0.0,0.0,0.0,5.663921,9.6
2022-03-20 18:00:00,0.0,0.0,0.0,6.025363,10.2
2022-03-20 19:00:00,0.0,0.0,0.0,6.4041,10.7
2022-03-20 20:00:00,0.0,0.0,0.0,6.50884,11.0
2022-03-20 21:00:00,0.0,0.0,0.0,6.7640595,11.5
2022-03-20 22:00:00,0.0,0.0,0.0,7.284573,11.8
2022-03-20 23:00:00,0.0,0.0,0.0,7.25,11.9
2022-03-21 00:00:00,0.0,0.0,0.0,7.3329735,12.0
2022-03-21 01:00:00,0.0,0.0,0.0,7.458217,12.3
2022-03-21 02:00:00,0.0,0.0,0.0,7.4729514,12.6
2022-03-21 03:00:00,0.0,0.0,0.0,7.676262,12.2
2022-03-21 04:00:00,0.0,0.0,0.0,7.184706,13.3
2022-03-21 05:00:00,0.0,0.0,0.0,8.819439,14.9
2022-03-21 06:00:00,0.0,0.0,0.0,9.0863905,15.3
2022-03-21 07:00:00,0.0,0.0,0.0,9.052072,15.8
2022-03-21 08:00:00,0.0,0.0,0.0,8.697413,15.5
2022-03-21 09:00:00,0.1,0.0,0.07,8.415759,14.9
2022-03-21 10:00:00,0.1,0.0,0.07,8.136645,14.1
2022-03-21 11:00:00,0.2,0.0,0.14,7.5116577,13.3
2022-03-21 12:00:00,0.2,0.0,0.14,7.144928,12.5
2022-03-21 13:00:00,0.2,0.0,0.14,6.895107,12.0
2022-03-21 14:00:00,0.2,0.0,0.14,6.8280673,11.5
2022-03-21 15:00:00,0.2,0.0,0.14,6.7574034,11.2
2022-03-21 16:00:00,0.1,0.0,0.07,6.438167,10.6
2022-03-21 17:00:00,0.1,0.0,0.07,5.943484,9.6
2022-03-21 18:00:00,0.1,0.0,0.07,5.489308,8.5
2022-03-21 19:00:00,0.1,0.0,0.07,5.0707493,8.5
2022-03-21 20:00:00,0.1,0.0,0.07,4.647849,7.7
2022-03-21 21:00:00,0.1,0.0,0.07,4.1934476,6.9
2022-03-21 22:00:00,0.1,0.0,0.07,3.820013,6.2
2022-03-21 23:00:00,0.1,0.0,0.07,3.0,5.1
2022-03-22 00:00:00,0.1,0.0,0.07,2.3005433,4.0
2022-03-22 01:00:00,0.1,0.0,0.07,1.4840822,2.6
2022-03-22 02:00:00,0.1,0.0,0.07,1.5,1.8
2022-03-22 03:00:00,0.0,0.0,0.0,1.2020814,2.4
2022-03-22 04:00:00,0.0,0.0,0.0,0.9656604,3.1
2022-03-22 05:00:00,0.0,0.0,0.0,0.65,3.8
2022-03-22 06:00:00,0.0,0.0,0.0,0.7106335,3.9
2022-03-22 07:00:00,0.0,0.0,0.0,1.0816654,3.1
2022-03-22 08:00:00,0.0,0.0,0.0,2.2638464,4.7
2022-03-22 09:00:00,0.0,0.0,0.0,3.2882366,5.9
2022-03-22 10:00:00,0.0,0.0,0.0,4.172529,6.8
2022-03-22 11:00:00,0.0,0.0,0.0,4.273757,6.5
2022-03-22 12:00:00,0.0,0.0,0.0,3.961376,5.9
2022-03-22 13:00:00,0.0,0.0,0.0,4.3488507,6.9
2022-03-22 14:00:00,0.1,0.0,0.07,4.900255,7.6
2022-03-22 15:00:00,0.1,0.0,0.07,4.966135,7.8
2022-03-22 16:00:00,0.1,0.0,0.07,5.0039983,7.7
2022-03-22 17:00:00,0.0,0.0,0.0,4.9497476,7.4
2022-03-22 18:00:00,0.0,0.0,0.0,4.6778736,7.1
2022-03-22 19:00:00,0.0,0.0,0.0,4.527693,7.5
2022-03-22 20:00:00,0.0,0.0,0.0,4.451123,7.4
2022-03-22 21:00:00,0.0,0.0,0.0,4.4637427,7.4
2022-03-22 22:00:00,0.0,0.0,0.0,4.900255,7.9
2022-03-22 23:00:00,0.0,0.0,0.0,5.227332,8.6
2022-03-23 00:00:00,0.0,0.0,0.0,5.5247173,9.2
2022-03-23 01:00:00,0.0,0.0,0.0,6.109419,10.0
2022-03-23 02:00:00,0.0,0.0,0.0,6.9198985,11.5
2022-03-23 03:00:00,0.0,0.0,0.0,7.881624,13.1
2022-03-23 04:00:00,0.0,0.0,0.0,7.877341,13.2
2022-03-23 05:00:00,0.0,0.0,0.0,8.432823,14.4
2022-03-23 06:00:00,0.1,0.0,0.07,10.807867,17.3
2022-03-23 07:00:00,0.1,0.0,0.07,9.252702,16.0
2022-03-23 08:00:00,0.1,0.0,0.07,9.034656,15.3
2022-03-23 09:00:00,0.1,0.0,0.07,8.864535,15.2
2022-03-23 10:00:00,0.0,0.0,0.0,8.195884,14.4
2022-03-23 11:00:00,0.1,0.0,0.07,7.7682047,12.7
2022-03-23 12:00:00,0.2,0.0,0.14,7.3147116,13.2
2022-03-23 13:00:00,0.1,0.0,0.07,7.227897,13.0
2022-03-23 14:00:00,0.1,0.0,0.07,7.118462,12.2
2022-03-23 15:00:00,0.0,0.0,0.0,6.512488,11.1
2022-03-23 16:00:00,0.0,0.0,0.0,5.9114294,10.1
2022-03-23 17:00:00,0.0,0.0,0.0,5.667892,9.6
2022-03-23 18:00:00,0.0,0.0,0.0,5.8208675,9.6
2022-03-23 19:00:00,0.0,0.0,0.0,5.8670692,9.8
2022-03-23 20:00:00,0.0,0.0,0.0,5.8587537,9.7
2022-03-23 21:00:00,0.0,0.0,0.0,6.0373836,10.1
2022-03-23 22:00:00,0.0,0.0,0.0,6.400781,11.0
2022-03-23 23:00:00,0.0,0.0,0.0,6.71193,11.6
2022-03-24 00:00:00,0.0,0.0,0.0,7.040064,12.0
2022-03-24 01:00:00,0.0,0.0,0.0,7.452013,12.6
2022-03-24 02:00:00,0.0,0.0,0.0,8.087799,13.5
2022-03-24 03:00:00,0.0,0.0,0.0,8.746428,14.5
2022-03-24 04:00:00,0.0,0.0,0.0,8.087799,13.5
2022-03-24 05:00:00,0.0,0.0,0.0,8.838835,14.4
2022-03-24 06:00:00,0.0,0.0,0.0,8.347006,14.3
2022-03-24 07:00:00,0.0,0.0,0.0,8.28734,14.5
2022-03-24 08:00:00,0.0,0.0,0.0,7.890659,13.7
2022-03-24 09:00:00,0.0,0.0,0.0,7.452013,12.9
2022-03-24 10:00:00,0.0,0.0,0.0,7.1344237,11.7
2022-03-24 11:00:00,0.0,0.0,0.0,5.6293874,9.9
2022-03-24 12:00:00,0.0,0.0,0.0,5.1923018,9.3
2022-03-24 13:00:00,0.0,0.0,0.0,4.6703854,8.2
2022-03-24 14:00:00,0.0,0.0,0.0,4.718315,7.4
2022-03-24 15:00:00,0.0,0.0,0.0,4.7206993,7.3
2022-03-24 16:00:00,0.0,0.0,0.0,4.5412006,7.0
2022-03-24 17:00:00,0.0,0.0,0.0,4.366062,6.7
2022-03-24 18:00:00,0.0,0.0,0.0,4.1880784,6.6
2022-03-24 19:00:00,0.0,0.0,0.0,4.0700126,6.7
2022-03-24 20:00:00,0.0,0.0,0.0,4.0360875,6.6
2022-03-24 21:00:00,0.0,0.0,0.0,4.136726,6.7
2022-03-24 22:00:00,0.0,0.0,0.0,4.0140376,6.8
2022-03-24 23:00:00,0.0,0.0,0.0,4.100305,7.2
2022-03-25 00:00:00,0.0,0.0,0.0,4.400284,7.6
2022-03-25 01:00:00,0.0,0.0,0.0,4.6179,9.1
2022-03-25 02:00:00,0.0,0.0,0.0,5.255949,9.5
2022-03-25 03:00:00,0.0,0.0,0.0,5.9114294,9.9
2022-03-25 04:00:00,0.0,0.0,0.0,6.2098713,11.9
2022-03-25 05:00:00,0.0,0.0,0.0,6.7178864,12.1
2022-03-25 06:00:00,0.0,0.0,0.0,6.794115,12.4
2022-03-25 07:00:00,0.0,0.0,0.0,7.224957,12.8
2022-03-25 08:00:00,0.0,0.0,0.0,7.503666,13.3
2022-03-25 09:00:00,0.0,0.0,0.0,7.8492036,13.8
2022-03-25 10:00:00,0.0,0.0,0.0,7.95503,13.8
2022-03-25 11:00:00,0.0,0.0,0.0,7.6760993,13.3
2022-03-25 12:00:00,0.0,0.0,0.0,6.972266,11.7
2022-03-25 13:00:00,0.0,0.0,0.0,6.9341545,11.4
2022-03-25 14:00:00,0.0,0.0,0.0,6.783252,11.0
2022-03-25 15:00:00,0.0,0.0,0.0,6.6115427,10.9
2022-03-25 16:00:00,0.0,0.0,0.0,6.3057513,10.1
2022-03-25 17:00:00,0.0,0.0,0.0,5.6659064,9.1
2022-03-25 18:00:00,0.0,0.0,0.0,4.8386464,8.0
2022-03-25 19:00:00,0.0,0.0,0.0,4.271124,7.0
2022-03-25 20:00:00,0.0,0.0,0.0,3.758989,6.2
2022-03-25 21:00:00,0.0,0.0,0.0,3.130495,4.9
2022-03-25 22:00:00,0.0,0.0,0.0,2.5831182,3.8
2022-03-25 23:00:00,0.0,0.0,0.0,2.059733,3.0
2022-03-26 00:00:00,0.0,0.0,0.0,2.1540658,2.6
2022-03-26 01:00:00,0.0,0.0,0.0,2.5005,2.8
2022-03-26 02:00:00,0.0,0.0,0.0,2.5124688,3.4
2022-03-26 03:00:00,0.0,0.0,0.0,2.8469284,4.1
2022-03-26 04:00:00,0.0,0.0,0.0,4.287773,6.8
2022-03-26 05:00:00,0.0,0.0,0.0,5.5029535,10.2
2022-03-26 06:00:00,0.0,0.0,0.0,5.8872743,11.1
2022-03-26 07:00:00,0.0,0.0,0.0,6.1263776,11.1
2022-03-26 08:00:00,0.0,0.0,0.0,6.442243,11.7
2022-03-26 09:00:00,0.0,0.0,0.0,6.6831875,12.0
2022-03-26 10:00:00,0.0,0.0,0.0,7.1168814,12.1
2022-03-26 11:00:00,0.0,0.0,0.0,7.057797,12.0
2022-03-26 12:00:00,0.0,0.0,0.0,6.5134478,11.0
2022-03-26 13:00:00,0.0,0.0,0.0,6.752962,11.5
2022-03-26 14:00:00,0.0,0.0,0.0,6.9420824,12.0
2022-03-26 15:00:00,0.0,0.0,0.0,6.7856464,11.6
2022-03-26 16:00:00,0.0,0.0,0.0,6.7664614,11.5
2022-03-26 17:00:00,0.0,0.0,0.0,6.746851,11.7
2022-03-26 18:00:00,0.0,0.0,0.0,6.8551073,11.9
2022-03-26 19:00:00,0.0,0.0,0.0,6.942622,11.9
2022-03-26 20:00:00,0.0,0.0,0.0,6.806247,11.8
2022-03-26 21:00:00,0.0,0.0,0.0,6.596969,11.4
2022-03-26 22:00:00,0.1,0.0,0.07,6.467032,11.1
2022-03-26 23:00:00,0.1,0.0,0.07,6.2297673,10.9
2022-03-27 00:00:00,0.1,0.0,0.07,6.024326,10.7
2022-03-27 01:00:00,0.1,0.0,0.07,5.771698,10.3
2022-03-27 02:00:00,0.1,0.0,0.07,5.5362444,9.9
2022-03-27 03:00:00,0.1,0.0,0.07,5.455502,9.6
2022-03-27 04:00:00,0.1,0.0,0.07,5.460082,10.5
2022-03-27 05:00:00,0.0,0.0,0.0,4.8754487,9.5
2022-03-27 06:00:00,0.0,0.0,0.0,4.405111,9.0
2022-03-27 07:00:00,0.0,0.0,0.0,4.031129,7.7
2022-03-27 08:00:00,0.0,0.0,0.0,3.7101214,7.2
2022-03-27 09:00:00,0.0,0.0,0.0,3.5362408,6.8
2022-03-27 10:00:00,0.0,0.0,0.0,3.467708,6.4
2022-03-27 11:00:00,0.0,0.0,0.0,3.1515868,5.7
2022-03-27 12:00:00,0.0,0.0,0.0,2.7986603,4.9
2022-03-27 13:00:00,0.0,0.0,0.0,2.0886598,3.5
2022-03-27 14:00:00,0.0,0.0,0.0,1.5913831,2.4
2022-03-27 15:00:00,0.0,0.0,0.0,1.3453624,2.2
2022-03-27 16:00:00,0.0,0.0,0.0,1.2419742,1.8
2022-03-27 17:00:00,0.0,0.0,0.0,1.0124229,1.4
2022-03-27 18:00:00,0.0,0.0,0.0,1.1401755,1.2
2022-03-27 19:00:00,0.0,0.0,0.0,0.9013878,1.0
2022-03-27 20:00:00,0.0,0.0,0.0,1.5508063,1.6
2022-03-27 21:00:00,0.0,0.0,0.0,1.6620771,2.6
2022-03-27 22:00:00,0.0,0.0,0.0,2.0814657,3.4
2022-03-27 23:00:00,0.0,0.0,0.0,2.4052026,3.7
2022-03-28 00:00:00,0.0,0.0,0.0,2.4829419,4.0
2022-03-28 01:00:00,0.0,0.0,0.0,2.666927,4.4
2022-03-28 02:00:00,0.0,0.0,0.0,3.0805843,5.0
2022-03-28 03:00:00,0.0,0.0,0.0,3.7165172,6.5
2022-03-28 04:00:00,0.0,0.0,0.0,3.8710465,7.3
2022-03-28 05:00:00,0.0,0.0,0.0,4.3557434,8.7
2022-03-28 06:00:00,0.0,0.0,0.0,4.7423625,9.3
2022-03-28 07:00:00,0.0,0.0,0.0,4.9297566,9.1
2022-03-28 08:00:00,0.0,0.0,0.0,5.0447993,9.1
2022-03-28 09:00:00,0.0,0.0,0.0,5.0766625,9.2
2022-03-28 10:00:00,0.0,0.0,0.0,4.850258,8.7
2022-03-28 11:00:00,0.0,0.0,0.0,4.5221677,7.8
2022-03-28 12:00:00,0.0,0.0,0.0,3.8587563,7.2
2022-03-28 13:00:00,0.0,0.0,0.0,3.2893767,5.5
2022-03-28 14:00:00,0.0,0.0,0.0,3.3455193,5.4
2022-03-28 15:00:00,0.0,0.0,0.0,3.6718524,6.0
2022-03-28 16:00:00,0.0,0.0,0.0,4.0199504,6.2
2022-03-28 17:00:00,0.0,0.0,0.0,3.905125,6.1
2022-03-28 18:00:00,0.0,0.0,0.0,3.75,6.0
2022-03-28 19:00:00,0.0,0.0,0.0,3.55,6.0
2022-03-28 20:00:00,0.0,0.0,0.0,3.3136082,5.5
2022-03-28 21:00:00,0.0,0.0,0.0,3.335416,5.5
2022-03-28 22:00:00,0.0,0.0,0.0,3.7165172,5.8
2022-03-28 23:00:00,0.0,0.0,0.0,3.758989,6.3
2022-03-29 00:00:00,0.0,0.0,0.0,3.9815197,6.7
2022-03-29 01:00:00,0.0,0.0,0.0,4.3863425,7.3
2022-03-29 02:00:00,0.0,0.0,0.0,5.056926,8.3
2022-03-29 03:00:00,0.0,0.0,0.0,5.423329,9.1
2022-03-29 04:00:00,0.2,0.0,0.14,5.896185,10.4
2022-03-29 05:00:00,0.7,0.0,0.48999998,5.9634304,11.7
2022-03-29 06:00:00,1.3,0.0,0.90999997,6.620045,10.1
2022-03-29 07:00:00,1.0,0.0,0.7,7.3705497,13.0
2022-03-29 08:00:00,0.3,0.0,0.21000001,7.511657,11.5
2022-03-29 09:00:00,0.1,0.1,0.0,6.6940274,10.1
2022-03-29 10:00:00,0.0,0.0,0.0,6.618912,10.1
2022-03-29 11:00:00,0.0,0.0,0.0,5.8523498,9.2
2022-03-29 12:00:00,0.2,0.2,0.0,5.49295,8.9
2022-03-29 13:00:00,0.6,0.40000004,0.14,8.513078,12.3
2022-03-29 14:00:00,0.7,0.0,0.48999998,11.120477,18.0
2022-03-29 15:00:00,0.6,0.0,0.42000002,11.606572,19.2
2022-03-29 16:00:00,0.2,0.0,0.14,11.210821,19.1
2022-03-29 17:00:00,0.0,0.0,0.0,10.32727,18.0
2022-03-29 18:00:00,0.0,0.0,0.0,9.570005,16.7
2022-03-29 19:00:00,0.3,0.0,0.21000001,9.854187,17.2
2022-03-29 20:00:00,0.4,0.0,0.28,10.713193,18.6
2022-03-29 21:00:00,0.4,0.0,0.28,11.190398,19.4
2022-03-29 22:00:00,0.2,0.0,0.14,11.590621,19.4
2022-03-29 23:00:00,0.1,0.0,0.07,10.95639,18.3
2022-03-30 00:00:00,0.1,0.0,0.07,10.176566,16.9
2022-03-30 01:00:00,0.1,0.0,0.07,9.190348,15.6
2022-03-30 02:00:00,0.1,0.0,0.07,8.723532,14.8
2022-03-30 03:00:00,0.1,0.0,0.07,8.429265,14.4
2022-03-30 04:00:00,0.1,0.0,0.07,8.376903,13.3
2022-03-30 05:00:00,0.1,0.0,0.07,8.440379,15.0
2022-03-30 06:00:00,0.1,0.0,0.07,8.809086,14.9
2022-03-30 07:00:00,0.0,0.0,0.0,8.280701,14.3
2022-03-30 08:00:00,0.0,0.0,0.0,9.621981,17.1
2022-03-30 09:00:00,0.1,0.1,0.0,8.6339445,14.6
2022-03-30 10:00:00,0.1,0.0,0.07,7.7429,13.2
2022-03-30 11:00:00,0.0,0.0,0.0,8.547076,14.1
2022-03-30 12:00:00,0.0,0.0,0.0,8.466552,13.8
2022-03-30 13:00:00,0.0,0.0,0.0,8.21736,13.4
2022-03-30 14:00:00,0.0,0.0,0.0,7.998125,13.2
2022-03-30 15:00:00,0.0,0.0,0.0,7.67219,12.9
2022-03-30 16:00:00,0.0,0.0,0.0,7.5223002,12.7
2022-03-30 17:00:00,0.0,0.0,0.0,7.4921627,12.7
2022-03-30 18:00:00,0.0,0.0,0.0,7.642807,12.8
2022-03-30 19:00:00,0.0,0.0,0.0,7.7009745,13.3
2022-03-30 20:00:00,0.0,0.0,0.0,7.642807,13.1
2022-03-30 21:00:00,0.0,0.0,0.0,7.363763,12.6
2022-03-30 22:00:00,0.0,0.0,0.0,7.7312675,12.0
2022-03-30 23:00:00,0.0,0.0,0.0,7.271348,11.6
2022-03-31 00:00:00,0.0,0.0,0.0,6.9615016,11.2
2022-03-31 01:00:00,0.0,0.0,0.0,6.768493,10.7
2022-03-31 02:00:00,0.0,0.0,0.0,6.551336,10.5
2022-03-31 03:00:00,0.0,0.0,0.0,6.3631754,10.3
2022-03-31 04:00:00,0.0,0.0,0.0,6.0176826,9.2
2022-03-31 05:00:00,0.0,0.0,0.0,5.5490994,9.7
2022-03-31 06:00:00,0.0,0.0,0.0,5.727128,9.9
2022-03-31 07:00:00,0.0,0.0,0.0,5.4626,9.4
2022-03-31 08:00:00,0.0,0.0,0.0,5.2737556,9.0
2022-03-31 09:00:00,0.0,0.0,0.0,5.059644,8.6
2022-03-31 10:00:00,0.0,0.0,0.0,4.94899,8.3
2022-03-31 11:00:00,0.0,0.0,0.0,4.7605147,7.7
2022-03-31 12:00:00,0.0,0.0,0.0,4.4263415,7.3
2022-03-31 13:00:00,0.0,0.0,0.0,4.197618,6.9
2022-03-31 14:00:00,0.0,0.0,0.0,4.020572,6.5
2022-03-31 15:00:00,0.0,0.0,0.0,3.905125,6.4
2022-03-31 16:00:00,0.0,0.0,0.0,3.8600519,6.2
2022-03-31 17:00:00,0.0,0.0,0.0,3.6366193,5.8
2022-03-31 18:00:00,0.0,0.0,0.0,3.5584404,5.5
2022-03-31 19:00:00,0.0,0.0,0.0,3.3889527,5.5
2022-03-31 20:00:00,0.0,0.0,0.0,3.1324909,5.1
2022-03-31 21:00:00,0.0,0.0,0.0,2.996665,4.8
2022-03-31 22:00:00,0.0,0.0,0.0,2.7613401,4.5
2022-03-31 23:00:00,0.0,0.0,0.0,2.540177,3.9
2022-04-01 00:00:00,0.0,0.0,0.0,2.2627418,3.4
2022-04-01 01:00:00,0.0,0.0,0.0,2.304886,3.2
2022-04-01 02:00:00,0.0,0.0,0.0,1.8384775,2.8
2022-04-01 03:00:00,0.0,0.0,0.0,2.1095023,3.3
2022-04-01 04:00:00,0.0,0.0,0.0,2.2594247,3.5
2022-04-01 05:00:00,0.0,0.0,0.0,2.350532,3.8
2022-04-01 06:00:00,0.0,0.0,0.0,2.617728,4.1
2022-04-01 07:00:00,0.0,0.0,0.0,2.7901614,4.8
2022-04-01 08:00:00,0.0,0.0,0.0,2.9068882,5.0
2022-04-01 09:00:00,0.0,0.0,0.0,2.8999999,5.0
2022-04-01 10:00:00,0.0,0.0,0.0,2.9025853,4.6
2022-04-01 11:00:00,0.0,0.0,0.0,2.8504386,4.4
2022-04-01 12:00:00,0.0,0.0,0.0,2.8714106,4.4
2022-04-01 13:00:00,0.0,0.0,0.0,3.0302641,4.8
2022-04-01 14:00:00,0.0,0.0,0.0,3.2101402,5.1
2022-04-01 15:00:00,0.0,0.0,0.0,3.2802439,5.4
2022-04-01 16:00:00,0.0,0.0,0.0,3.2649655,5.6
2022-04-01 17:00:00,0.0,0.0,0.0,3.434021,5.8
2022-04-01 18:00:00,0.0,0.0,0.0,3.6431444,6.0
2022-04-01 19:00:00,0.0,0.0,0.0,3.828838,6.4
2022-04-01 20:00:00,0.0,0.0,0.0,4.040421,6.7
2022-04-01 21:00:00,0.0,0.0,0.0,4.210997,7.0
2022-04-01 22:00:00,0.0,0.0,0.0,4.1340055,6.9
2022-04-01 23:00:00,0.0,0.0,0.0,4.0706263,6.7
2022-04-02 00:00:00,0.0,0.0,0.0,4.022748,6.6
2022-04-02 01:00:00,0.0,0.0,0.0,4.0106106,6.6
2022-04-02 02:00:00,0.0,0.0,0.0,4.0920653,6.5
2022-04-02 03:00:00,0.0,0.0,0.0,3.9661064,6.1
2022-04-02 04:00:00,0.0,0.0,0.0,3.7858288,5.9
2022-04-02 05:00:00,0.0,0.0,0.0,3.6211185,6.2
2022-04-02 06:00:00,0.0,0.0,0.0,3.6311154,6.3
2022-04-02 07:00:00,0.0,0.0,0.0,3.7259226,6.2
2022-04-02 08:00:00,0.0,0.0,0.0,3.8616707,6.7
2022-04-02 09:00:00,0.0,0.0,0.0,3.7124789,6.6
2022-04-02 10:00:00,0.0,0.0,0.0,3.8577843,6.4
2022-04-02 11:00:00,0.0,0.0,0.0,3.9953096,6.4
2022-04-02 12:00:00,0.0,0.0,0.0,3.9258757,6.0
2022-04-02 13:00:00,0.0,0.0,0.0,3.753665,6.0
2022-04-02 14:00:00,0.0,0.0,0.0,3.7030392,6.5
2022-04-02 15:00:00,0.0,0.0,0.0,4.04753,6.9
2022-04-02 16:00:00,0.0,0.0,0.0,4.0031238,7.1
2022-04-02 17:00:00,0.0,0.0,0.0,4.4905457,8.2
2022-04-02 18:00:00,0.0,0.0,0.0,5.0289164,8.4
2022-04-02 19:00:00,0.0,0.0,0.0,5.042321,8.5
2022-04-02 20:00:00,0.0,0.0,0.0,4.8303723,8.1
2022-04-02 21:00:00,0.0,0.0,0.0,4.648118,7.9
2022-04-02 22:00:00,0.0,0.0,0.0,4.7151356,7.6
2022-04-02 23:00:00,0.0,0.0,0.0,4.6703854,7.4
2022-04-03 00:00:00,0.0,0.0,0.0,4.4969435,7.2
2022-04-03 01:00:00,0.0,0.0,0.0,4.172529,6.8
2022-04-03 02:00:00,0.0,0.0,0.0,4.0672474,6.6
2022-04-03 03:00:00,0.0,0.0,0.0,4.225222,6.6
2022-04-03 04:00:00,0.0,0.0,0.0,4.3502874,6.8
2022-04-03 05:00:00,0.0,0.0,0.0,4.3200116,6.6
2022-04-03 06:00:00,0.0,0.0,0.0,3.9906142,6.2
2022-04-03 07:00:00,0.0,0.0,0.0,4.110961,7.1
2022-04-03 08:00:00,0.0,0.0,0.0,4.110961,7.3
2022-04-03 09:00:00,0.0,0.0,0.0,3.905125,7.4
2022-04-03 10:00:00,0.0,0.0,0.0,4.327817,7.0
2022-04-03 11:00:00,0.0,0.0,0.0,3.9003205,6.2
2022-04-03 12:00:00,0.0,0.0,0.0,3.6034706,5.6
2022-04-03 13:00:00,0.0,0.0,0.0,3.427098,5.5
2022-04-03 14:00:00,0.0,0.0,0.0,3.3241541,5.6
2022-04-03 15:00:00,0.0,0.0,0.0,3.4615748,5.8
2022-04-03 16:00:00,0.0,0.0,0.0,3.5017853,5.9
2022-04-03 17:00:00,0.0,0.0,0.0,3.4441981,5.9
2022-04-03 18:00:00,0.0,0.0,0.0,3.473111,6.2
2022-04-03 19:00:00,0.0,0.0,0.0,3.60867,6.0
2022-04-03 20:00:00,0.0,0.0,0.0,3.4860437,5.8
2022-04-03 21:00:00,0.0,0.0,0.0,3.3109667,5.5
2022-04-03 22:00:00,0.0,0.0,0.0,3.3185086,5.3
2022-04-03 23:00:00,0.0,0.0,0.0,3.4033072,5.5
2022-04-04 00:00:00,0.0,0.0,0.0,3.4590461,5.6
2022-04-04 01:00:00,0.0,0.0,0.0,3.463019,5.7
2022-04-04 02:00:00,0.0,0.0,0.0,3.6169739,5.8
2022-04-04 03:00:00,0.0,0.0,0.0,3.7121422,5.9
2022-04-04 04:00:00,0.0,0.0,0.0,3.700338,6.0
2022-04-04 05:00:00,0.0,0.0,0.0,3.700338,6.2
2022-04-04 06:00:00,0.0,0.0,0.0,3.8003287,6.8
2022-04-04 07:00:00,0.0,0.0,0.0,3.901282,7.4
2022-04-04 08:00:00,0.0,0.0,0.0,3.9028838,7.4
2022-04-04 09:00:00,0.0,0.0,0.0,4.0512347,7.6
2022-04-04 10:00:00,0.0,0.0,0.0,4.3603325,7.7
2022-04-04 11:00:00,0.0,0.0,0.0,4.0003123,7.1
2022-04-04 12:00:00,0.0,0.0,0.0,3.8762095,6.7
2022-04-04 13:00:00,0.0,0.0,0.0,3.905125,6.7
2022-04-04 14:00:00,0.0,0.0,0.0,4.3200116,7.2
2022-04-04 15:00:00,0.0,0.0,0.0,4.596194,7.6
2022-04-04 16:00:00,0.0,0.0,0.0,4.7296934,8.0
2022-04-04 17:00:00,0.0,0.0,0.0,4.9600906,8.4
2022-04-04 18:00:00,0.0,0.0,0.0,5.105389,8.7
2022-04-04 19:00:00,0.0,0.0,0.0,5.148058,8.9
2022-04-04 20:00:00,0.0,0.0,0.0,5.1478148,8.8
2022-04-04 21:00:00,0.0,0.0,0.0,5.124451,8.8
2022-04-04 22:00:00,0.0,0.0,0.0,5.4776816,9.1
2022-04-04 23:00:00,0.0,0.0,0.0,5.6435804,9.4
2022-04-05 00:00:00,0.0,0.0,0.0,5.9539905,9.9
2022-04-05 01:00:00,0.0,0.0,0.0,6.266179,10.4
2022-04-05 02:00:00,0.0,0.0,0.0,6.269968,10.6
2022-04-05 03:00:00,0.0,0.0,0.0,6.604923,11.2
2022-04-05 04:00:00,0.0,0.0,0.0,6.618535,11.5
2022-04-05 05:00:00,0.0,0.0,0.0,6.724024,11.7
2022-04-05 06:00:00,0.0,0.0,0.0,6.8038588,11.7
2022-04-05 07:00:00,0.0,0.0,0.0,6.788225,12.5
2022-04-05 08:00:00,0.0,0.0,0.0,6.0897455,11.8
2022-04-05 09:00:00,0.0,0.0,0.0,5.455502,10.9
2022-04-05 10:00:00,0.0,0.0,0.0,5.060138,9.3
2022-04-05 11:00:00,0.0,0.0,0.0,4.3292603,7.7
2022-04-05 12:00:00,0.0,0.0,0.0,4.207731,7.2
2022-04-05 13:00:00,0.0,0.0,0.0,4.0718546,6.9
2022-04-05 14:00:00,0.0,0.0,0.0,3.77955,6.5
2022-04-05 15:00:00,0.0,0.0,0.0,3.6677651,6.3
2022-04-05 16:00:00,0.0,0.0,0.0,3.535534,5.9
2022-04-05 17:00:00,0.0,0.0,0.0,3.7151716,6.0
2022-04-05 18:00:00,0.0,0.0,0.0,3.758989,6.1
2022-04-05 19:00:00,0.0,0.0,0.0,3.404776,5.8
2022-04-05 20:00:00,0.0,0.0,0.0,3.1212976,5.3
2022-04-05 21:00:00,0.0,0.0,0.0,3.0220027,5.2
2022-04-05 22:00:00,0.0,0.0,0.0,3.1503966,5.0
2022-04-05 23:00:00,0.0,0.0,0.0,2.9261749,5.0
2022-04-06 00:00:00,0.0,0.0,0.0,2.8469284,5.0
2022-04-06 01:00:00,0.0,0.0,0.0,2.753634,4.9
2022-04-06 02:00:00,0.0,0.0,0.0,3.132491,5.4
2022-04-06 03:00:00,0.0,0.0,0.0,3.2128649,6.3
2022-04-06 04:00:00,0.0,0.0,0.0,3.5202982,7.1
2022-04-06 05:00:00,0.0,0.0,0.0,3.7619808,7.4
2022-04-06 06:00:00,0.0,0.0,0.0,4.2026772,7.4
2022-04-06 07:00:00,0.0,0.0,0.0,4.2793107,9.6
2022-04-06 08:00:00,0.0,0.0,0.0,4.25,9.6
2022-04-06 09:00:00,0.0,0.0,0.0,4.1512046,9.5
2022-04-06 10:00:00,0.0,0.0,0.0,4.4679413,9.2
2022-04-06 11:00:00,0.0,0.0,0.0,4.403692,8.9
2022-04-06 12:00:00,0.0,0.0,0.0,4.032679,7.8
2022-04-06 13:00:00,0.0,0.0,0.0,2.5480385,4.0
2022-04-06 14:00:00,0.0,0.0,0.0,2.252221,3.9
2022-04-06 15:00:00,0.0,0.0,0.0,2.433105,3.8
2022-04-06 16:00:00,0.0,0.0,0.0,2.2321515,3.6
2022-04-06 17:00:00,0.0,0.0,0.0,2.158703,3.6
2022-04-06 18:00:00,0.0,0.0,0.0,2.1023796,3.4
2022-04-06 19:00:00,0.0,0.0,0.0,2.0615528,3.1
2022-04-06 20:00:00,0.0,0.0,0.0,2.0940392,3.1
2022-04-06 21:00:00,0.0,0.0,0.0,2.1023796,2.8
2022-04-06 22:00:00,0.0,0.0,0.0,1.710263,2.6
2022-04-06 23:00:00,0.0,0.0,0.0,1.767767,2.9
2022-04-07 00:00:00,0.0,0.0,0.0,1.8124568,3.1
2022-04-07 01:00:00,0.0,0.0,0.0,1.6278821,3.0
2022-04-07 02:00:00,0.0,0.0,0.0,2.4046829,4.1
2022-04-07 03:00:00,0.0,0.0,0.0,2.184033,4.8
2022-04-07 04:00:00,0.0,0.0,0.0,2.418677,5.8
2022-04-07 05:00:00,0.0,0.0,0.0,2.3690715,6.1
2022-04-07 06:00:00,0.0,0.0,0.0,2.1931713,5.9
2022-04-07 07:00:00,0.0,0.0,0.0,1.8741665,6.0
2022-04-07 08:00:00,0.0,0.0,0.0,1.4159802,5.4
2022-04-07 09:00:00,0.0,0.0,0.0,0.6726812,4.2
2022-04-07 10:00:00,0.0,0.0,0.0,0.60207975,3.3
2022-04-07 11:00:00,0.0,0.0,0.0,0.92195445,3.2
2022-04-07 12:00:00,0.0,0.0,0.0,1.4577379,2.3
2022-04-07 13:00:00,0.0,0.0,0.0,2.0554805,2.7
2022-04-07 14:00:00,0.0,0.0,0.0,2.6019223,2.7
2022-04-07 15:00:00,0.0,0.0,0.0,2.3505318,3.1
2022-04-07 16:00:00,0.0,0.0,0.0,2.0554805,3.1
2022-04-07 17:00:00,0.0,0.0,0.0,1.718284,2.9
2022-04-07 18:00:00,0.0,0.0,0.0,1.457738,2.2
2022-04-07 19:00:00,0.0,0.0,0.0,1.372953,2.1
2022-04-07 20:00:00,0.0,0.0,0.0,2.1914606,3.7
2022-04-07 21:00:00,0.0,0.0,0.0,2.9584625,5.1
2022-04-07 22:00:00,0.0,0.0,0.0,3.1084561,4.4
2022-04-07 23:00:00,0.0,0.0,0.0,2.7285528,4.2
2022-04-08 00:00:00,0.0,0.0,0.0,2.8539445,4.7
2022-04-08 01:00:00,0.0,0.0,0.0,3.156343,5.3
2022-04-08 02:00:00,0.0,0.0,0.0,3.8658762,6.7
2022-04-08 03:00:00,0.0,0.0,0.0,3.8707232,7.9
2022-04-08 04:00:00,0.0,0.0,0.0,4.2547035,8.9
2022-04-08 05:00:00,0.0,0.0,0.0,4.351149,9.0
2022-04-08 06:00:00,0.0,0.0,0.0,4.300291,9.1
2022-04-08 07:00:00,0.0,0.0,0.0,4.9063735,10.6
2022-04-08 08:00:00,0.0,0.0,0.0,5.7812195,12.5
2022-04-08 09:00:00,0.0,0.0,0.0,5.947479,12.4
2022-04-08 10:00:00,0.0,0.0,0.0,5.881539,11.8
2022-04-08 11:00:00,0.0,0.0,0.0,5.6136,11.3
2022-04-08 12:00:00,0.0,0.0,0.0,4.930771,9.8
2022-04-08 13:00:00,0.0,0.0,0.0,3.259601,6.1
2022-04-08 14:00:00,0.0,0.0,0.0,2.1505814,3.4
2022-04-08 15:00:00,0.0,0.0,0.0,2.2472203,3.7
2022-04-08 16:00:00,0.0,0.0,0.0,2.385372,3.7
2022-04-08 17:00:00,0.0,0.0,0.0,2.3600848,3.7
2022-04-08 18:00:00,0.0,0.0,0.0,2.404163,3.7
2022-04-08 19:00:00,0.0,0.0,0.0,2.6043231,3.5
2022-04-08 20:00:00,0.0,0.0,0.0,2.6000001,3.6
2022-04-08 21:00:00,0.0,0.0,0.0,2.3600848,3.6
2022-04-08 22:00:00,0.0,0.0,0.0,2.280351,3.5
2022-04-08 23:00:00,0.0,0.0,0.0,2.0886598,3.4
2022-04-09 00:00:00,0.0,0.0,0.0,2.0229928,3.2
2022-04-09 01:00:00,0.0,0.0,0.0,1.9811614,3.1
2022-04-09 02:00:00,0.0,0.0,0.0,1.555635,3.7
2022-04-09 03:00:00,0.0,0.0,0.0,1.2206556,4.3
2022-04-09 04:00:00,0.0,0.0,0.0,1.5337862,5.2
2022-04-09 05:00:00,0.0,0.0,0.0,1.5443445,5.3
2022-04-09 06:00:00,0.0,0.0,0.0,1.7804494,5.3
2022-04-09 07:00:00,0.0,0.0,0.0,1.8721644,6.0
2022-04-09 08:00:00,0.0,0.0,0.0,2.0796635,6.3
2022-04-09 09:00:00,0.0,0.0,0.0,2.200568,6.4
2022-04-09 10:00:00,0.0,0.0,0.0,2.1029742,6.0
2022-04-09 11:00:00,0.0,0.0,0.0,1.9448651,5.5
2022-04-09 12:00:00,0.0,0.0,0.0,1.9697715,5.0
2022-04-09 13:00:00,0.0,0.0,0.0,1.6800299,3.4
2022-04-09 14:00:00,0.0,0.0,0.0,2.280351,4.3
2022-04-09 15:00:00,0.0,0.0,0.0,2.638655,5.5
2022-04-09 16:00:00,0.0,0.0,0.0,2.7554493,5.7
2022-04-09 17:00:00,0.0,0.0,0.0,3.0066593,5.4
2022-04-09 18:00:00,0.0,0.0,0.0,3.306055,5.5
2022-04-09 19:00:00,0.0,0.0,0.0,3.6,6.3
2022-04-09 20:00:00,0.0,0.0,0.0,3.766298,6.6
2022-04-09 21:00:00,0.0,0.0,0.0,3.5850384,6.3
2022-04-09 22:00:00,0.0,0.0,0.0,3.3034072,6.2
2022-04-09 23:00:00,0.0,0.0,0.0,3.5672119,6.8
2022-04-10 00:00:00,0.0,0.0,0.0,3.8078866,7.2
2022-04-10 01:00:00,0.0,0.0,0.0,3.9080045,7.2
2022-04-10 02:00:00,0.0,0.0,0.0,4.478002,8.3
2022-04-10 03:00:00,0.0,0.0,0.0,4.808326,9.4
2022-04-10 04:00:00,0.0,0.0,0.0,5.5108986,11.1
2022-04-10 05:00:00,0.0,0.0,0.0,6.559345,12.9
2022-04-10 06:00:00,0.0,0.0,0.0,7.0044627,13.9
2022-04-10 07:00:00,0.0,0.0,0.0,7.017834,14.1
2022-04-10 08:00:00,0.0,0.0,0.0,6.797242,13.8
2022-04-10 09:00:00,0.0,0.0,0.0,6.6680207,13.3
2022-04-10 10:00:00,0.0,0.0,0.0,6.764983,13.0
2022-04-10 11:00:00,0.0,0.0,0.0,6.6652083,12.8
2022-04-10 12:00:00,0.0,0.0,0.0,6.2128897,11.6
2022-04-10 13:00:00,0.0,0.0,0.0,5.500909,10.3
2022-04-10 14:00:00,0.0,0.0,0.0,5.555628,10.3
2022-04-10 15:00:00,0.0,0.0,0.0,5.55,10.4
2022-04-10 16:00:00,0.0,0.0,0.0,5.4612265,10.3
2022-04-10 17:00:00,0.0,0.0,0.0,5.5226803,10.4
2022-04-10 18:00:00,0.0,0.0,0.0,5.5326304,10.3
2022-04-10 19:00:00,0.0,0.0,0.0,5.4589376,9.8
2022-04-10 20:00:00,0.0,0.0,0.0,5.1971145,9.3
2022-04-10 21:00:00,0.0,0.0,0.0,5.178803,9.3
2022-04-10 22:00:00,0.0,0.0,0.0,5.3106027,9.5
2022-04-10 23:00:00,0.0,0.0,0.0,5.43898,9.9
2022-04-11 00:00:00,0.0,0.0,0.0,5.676707,10.4
2022-04-11 01:00:00,0.0,0.0,0.0,5.842089,10.6
2022-04-11 02:00:00,0.0,0.0,0.0,5.9129095,10.7
2022-04-11 03:00:00,0.0,0.0,0.0,5.8148513,10.7
2022-04-11 04:00:00,0.0,0.0,0.0,6.442243,12.7
2022-04-11 05:00:00,0.0,0.0,0.0,6.909595,13.5
2022-04-11 06:00:00,0.0,0.0,0.0,6.926038,13.8
2022-04-11 07:00:00,0.0,0.0,0.0,6.9375787,14.1
2022-04-11 08:00:00,0.0,0.0,0.0,7.0123105,14.3
2022-04-11 09:00:00,0.0,0.0,0.0,7.12899,14.3
2022-04-11 10:00:00,0.0,0.0,0.0,7.424621,14.5
2022-04-11 11:00:00,0.0,0.0,0.0,7.28869,14.3
2022-04-11 12:00:00,0.0,0.0,0.0,6.7516665,13.0
2022-04-11 13:00:00,0.0,0.0,0.0,6.7007456,12.7
2022-04-11 14:00:00,0.0,0.0,0.0,6.4507747,12.2
2022-04-11 15:00:00,0.0,0.0,0.0,6.459489,11.6
2022-04-11 16:00:00,0.0,0.0,0.0,6.4381676,10.7
2022-04-11 17:00:00,0.0,0.0,0.0,6.4629717,10.5
2022-04-11 18:00:00,0.0,0.0,0.0,6.280127,10.7
2022-04-11 19:00:00,0.0,0.0,0.0,6.307535,11.6
2022-04-11 20:00:00,0.0,0.0,0.0,5.9841456,10.9
2022-04-11 21:00:00,0.0,0.0,0.0,5.255949,9.6
2022-04-11 22:00:00,0.0,0.0,0.0,5.0982842,9.0
2022-04-11 23:00:00,0.0,0.0,0.0,5.250238,9.4
2022-04-12 00:00:00,0.0,0.0,0.0,5.8077536,10.2
2022-04-12 01:00:00,0.0,0.0,0.0,6.303174,11.1
2022-04-12 02:00:00,0.0,0.0,0.0,6.7029843,11.7
2022-04-12 03:00:00,0.0,0.0,0.0,6.750185,12.3
2022-04-12 04:00:00,0.0,0.0,0.0,7.2140484,14.0
2022-04-12 05:00:00,0.0,0.0,0.0,7.5166483,14.5
2022-04-12 06:00:00,0.0,0.0,0.0,7.8193674,15.2
2022-04-12 07:00:00,0.0,0.0,0.0,7.9765277,15.9
2022-04-12 08:00:00,0.0,0.0,0.0,8.026362,15.7
2022-04-12 09:00:00,0.0,0.0,0.0,7.9600563,15.4
2022-04-12 10:00:00,0.0,0.0,0.0,7.9,15.4
2022-04-12 11:00:00,0.0,0.0,0.0,7.1175838,13.3
2022-04-12 12:00:00,0.0,0.0,0.0,7.602631,12.8
2022-04-12 13:00:00,0.0,0.0,0.0,7.8001604,12.0
2022-04-12 14:00:00,0.0,0.0,0.0,7.905694,12.0
2022-04-12 15:00:00,0.0,0.0,0.0,7.9807577,12.5
2022-04-12 16:00:00,0.0,0.0,0.0,7.834858,12.5
2022-04-12 17:00:00,0.0,0.0,0.0,7.648529,12.5
2022-04-12 18:00:00,0.0,0.0,0.0,7.4353886,12.2
2022-04-12 19:00:00,0.0,0.0,0.0,7.2405114,13.3
2022-04-12 20:00:00,0.0,0.0,0.0,6.9146585,12.8
2022-04-12 21:00:00,0.0,0.0,0.0,6.502499,12.1
2022-04-12 22:00:00,0.0,0.0,0.0,6.47611,11.4
2022-04-12 23:00:00,0.0,0.0,0.0,6.2475996,10.7
2022-04-13 00:00:00,0.0,0.0,0.0,6.173532,10.1
2022-04-13 01:00:00,0.0,0.0,0.0,6.0419364,10.2
2022-04-13 02:00:00,0.0,0.0,0.0,5.9718084,10.7
2022-04-13 03:00:00,0.0,0.0,0.0,5.6800084,10.4
2022-04-13 04:00:00,0.0,0.0,0.0,6.124132,11.8
2022-04-13 05:00:00,0.0,0.0,0.0,6.1061444,11.8
2022-04-13 06:00:00,0.0,0.0,0.0,6.087898,11.6
2022-04-13 07:00:00,0.0,0.0,0.0,5.8227997,11.0
2022-04-13 08:00:00,0.0,0.0,0.0,5.6302757,11.5
2022-04-13 09:00:00,0.0,0.0,0.0,5.5183783,11.4
2022-04-13 10:00:00,0.0,0.0,0.0,5.797629,11.4
2022-04-13 11:00:00,0.0,0.0,0.0,5.550901,10.2
2022-04-13 12:00:00,0.0,0.0,0.0,5.2585645,9.6
2022-04-13 13:00:00,0.0,0.0,0.0,5.012235,8.9
2022-04-13 14:00:00,0.0,0.0,0.0,4.5634418,7.8
2022-04-13 15:00:00,0.0,0.0,0.0,4.2145576,7.0
2022-04-13 16:00:00,0.0,0.0,0.0,4.119466,6.8
2022-04-13 17:00:00,0.0,0.0,0.0,4.1743264,6.8
2022-04-13 18:00:00,0.0,0.0,0.0,4.193149,6.8
2022-04-13 19:00:00,0.0,0.0,0.0,4.011546,7.0
2022-04-13 20:00:00,0.0,0.0,0.0,3.7262583,6.4
2022-04-13 21:00:00,0.0,0.0,0.0,3.4525354,5.9
2022-04-13 22:00:00,0.0,0.0,0.0,3.2962098,5.7
2022-04-13 23:00:00,0.0,0.0,0.0,3.169385,5.5
2022-04-14 00:00:00,0.0,0.0,0.0,3.1535695,5.3
2022-04-14 01:00:00,0.0,0.0,0.0,3.151587,5.2
2022-04-14 02:00:00,0.0,0.0,0.0,3.3559647,5.8
2022-04-14 03:00:00,0.0,0.0,0.0,3.0203478,6.2
2022-04-14 04:00:00,0.0,0.0,0.0,3.0207615,6.4
2022-04-14 05:00:00,0.0,0.0,0.0,3.0438464,6.6
2022-04-14 06:00:00,0.0,0.0,0.0,3.051639,6.8
2022-04-14 07:00:00,0.0,0.0,0.0,3.0870697,7.5
2022-04-14 08:00:00,0.0,0.0,0.0,2.9415133,7.1
2022-04-14 09:00:00,0.0,0.0,0.0,2.4413111,6.2
2022-04-14 10:00:00,0.0,0.0,0.0,2.4274473,5.4
2022-04-14 11:00:00,0.0,0.0,0.0,2.1029742,4.6
2022-04-14 12:00:00,0.0,0.0,0.0,1.7585506,3.5
2022-04-14 13:00:00,0.0,0.0,0.0,1.7528548,2.7
2022-04-14 14:00:00,0.0,0.0,0.0,2.5019991,3.8
2022-04-14 15:00:00,0.0,0.0,0.0,2.666927,4.4
2022-04-14 16:00:00,0.0,0.0,0.0,2.7372432,4.7
2022-04-14 17:00:00,0.0,0.0,0.0,2.777139,4.5
2022-04-14 18:00:00,0.0,0.0,0.0,2.720294,4.3
2022-04-14 19:00:00,0.0,0.0,0.0,2.6100767,4.2
2022-04-14 20:00:00,0.0,0.0,0.0,2.5283394,4.0
2022-04-14 21:00:00,0.0,0.0,0.0,2.530316,4.0
2022-04-14 22:00:00,0.0,0.0,0.0,2.5714781,3.8
2022-04-14 23:00:00,0.0,0.0,0.0,2.4166093,3.8
2022-04-15 00:00:00,0.0,0.0,0.0,2.2847319,3.7
2022-04-15 01:00:00,0.0,0.0,0.0,2.1691012,3.6
2022-04-15 02:00:00,0.0,0.0,0.0,2.617728,4.7
2022-04-15 03:00:00,0.0,0.0,0.0,2.2051077,4.8
2022-04-15 04:00:00,0.0,0.0,0.0,1.7902514,4.8
2022-04-15 05:00:00,0.0,0.0,0.0,1.9474342,5.1
2022-04-15 06:00:00,0.0,0.0,0.0,2.5223997,6.0
2022-04-15 07:00:00,0.0,0.0,0.0,3.407712,7.9
2022-04-15 08:00:00,0.0,0.0,0.0,4.164733,9.0
2022-04-15 09:00:00,0.0,0.0,0.0,4.504442,9.5
2022-04-15 10:00:00,0.0,0.0,0.0,4.8438106,9.5
2022-04-15 11:00:00,0.0,0.0,0.0,4.854122,9.2
2022-04-15 12:00:00,0.0,0.0,0.0,3.6266377,6.9
2022-04-15 13:00:00,0.0,0.0,0.0,2.3759208,4.3
2022-04-15 14:00:00,0.0,0.0,0.0,2.6315393,4.0
2022-04-15 15:00:00,0.0,0.0,0.0,2.6925824,4.6
2022-04-15 16:00:00,0.0,0.0,0.0,3.2449963,5.5
2022-04-15 17:00:00,0.0,0.0,0.0,3.6472592,6.4
2022-04-15 18:00:00,0.0,0.0,0.0,3.9195025,7.0
2022-04-15 19:00:00,0.0,0.0,0.0,4.1743264,7.3
2022-04-15 20:00:00,0.0,0.0,0.0,4.2101073,7.3
2022-04-15 21:00:00,0.0,0.0,0.0,4.0301986,7.0
2022-04-15 22:00:00,0.0,0.0,0.0,3.8118236,6.5
2022-04-15 23:00:00,0.0,0.0,0.0,3.7030394,6.2
2022-04-16 00:00:00,0.0,0.0,0.0,3.740655,6.4
2022-04-16 01:00:00,0.0,0.0,0.0,3.9319208,6.8
2022-04-16 02:00:00,0.0,0.0,0.0,3.7499998,6.8
2022-04-16 03:00:00,0.0,0.0,0.0,3.482815,6.8
2022-04-16 04:00:00,0.0,0.0,0.0,3.4763489,7.9
2022-04-16 05:00:00,0.0,0.0,0.0,3.0413814,6.9
2022-04-16 06:00:00,0.0,0.0,0.0,2.6518862,6.7
2022-04-16 07:00:00,0.0,0.0,0.0,2.687936,6.9
2022-04-16 08:00:00,0.0,0.0,0.0,3.473111,8.2
2022-04-16 09:00:00,0.0,0.0,0.0,4.1599283,9.4
2022-04-16 10:00:00,0.0,0.0,0.0,4.304649,9.1
2022-04-16 11:00:00,0.0,0.0,0.0,3.7963798,8.0
2022-04-16 12:00:00,0.0,0.0,0.0,2.8635643,6.8
2022-04-16 13:00:00,0.0,0.0,0.0,2.557831,5.6
2022-04-16 14:00:00,0.1,0.1,0.0,2.4005208,5.0
2022-04-16 15:00:00,0.1,0.1,0.0,2.000625,3.5
2022-04-16 16:00:00,0.0,0.0,0.0,1.6763055,1.9
2022-04-16 17:00:00,0.0,0.0,0.0,1.192686,4.5
2022-04-16 18:00:00,0.1,0.1,0.0,0.72801095,5.4
2022-04-16 19:00:00,0.1,0.1,0.0,1.430035,2.5
2022-04-16 20:00:00,0.0,0.0,0.0,2.071835,3.7
2022-04-16 21:00:00,0.0,0.0,0.0,1.9646883,3.3
2022-04-16 22:00:00,0.1,0.1,0.0,2.1552262,4.0
2022-04-16 23:00:00,0.2,0.2,0.0,2.2022717,3.6
2022-04-17 00:00:00,0.3,0.3,0.0,2.4186773,4.7
2022-04-17 01:00:00,0.3,0.3,0.0,2.581182,4.3
2022-04-17 02:00:00,0.2,0.2,0.0,2.7802877,5.2
2022-04-17 03:00:00,0.1,0.1,0.0,2.8744566,5.0
2022-04-17 04:00:00,0.0,0.0,0.0,3.0302641,6.4
2022-04-17 05:00:00,0.0,0.0,0.0,3.494639,7.0
2022-04-17 06:00:00,0.0,0.0,0.0,3.5510561,7.9
2022-04-17 07:00:00,0.0,0.0,0.0,3.8503246,8.7
2022-04-17 08:00:00,0.0,0.0,0.0,4.0360875,9.3
2022-04-17 09:00:00,0.0,0.0,0.0,3.9990625,9.0
2022-04-17 10:00:00,0.0,0.0,0.0,4.100305,8.7
2022-04-17 11:00:00,0.0,0.0,0.0,4.150301,8.3
2022-04-17 12:00:00,0.0,0.0,0.0,4.2605753,8.1
2022-04-17 13:00:00,0.0,0.0,0.0,3.4557922,6.1
2022-04-17 14:00:00,0.0,0.0,0.0,3.203904,5.3
2022-04-17 15:00:00,0.0,0.0,0.0,3.491776,5.8
2022-04-17 16:00:00,0.0,0.0,0.0,3.451449,5.5
2022-04-17 17:00:00,0.0,0.0,0.0,3.5003572,5.5
2022-04-17 18:00:00,0.0,0.0,0.0,3.7101214,5.9
2022-04-17 19:00:00,0.0,0.0,0.0,3.720215,6.5
2022-04-17 20:00:00,0.0,0.0,0.0,3.490702,6.2
2022-04-17 21:00:00,0.0,0.0,0.0,3.4655447,6.1
2022-04-17 22:00:00,0.0,0.0,0.0,3.9755502,6.6
2022-04-17 23:00:00,0.0,0.0,0.0,4.1800117,7.2
2022-04-18 00:00:00,0.0,0.0,0.0,4.3011627,7.3
2022-04-18 01:00:00,0.0,0.0,0.0,4.4300113,7.5
2022-04-18 02:00:00,0.0,0.0,0.0,4.591568,7.8
2022-04-18 03:00:00,0.0,0.0,0.0,4.5839396,8.6
2022-04-18 04:00:00,0.0,0.0,0.0,4.85,9.0
2022-04-18 05:00:00,0.0,0.0,0.0,5.0931325,9.4
2022-04-18 06:00:00,0.0,0.0,0.0,5.4801917,9.9
2022-04-18 07:00:00,0.0,0.0,0.0,5.7293105,11.7
2022-04-18 08:00:00,0.1,0.1,0.0,5.672742,11.3
2022-04-18 09:00:00,0.2,0.2,0.0,5.190616,10.4
2022-04-18 10:00:00,0.2,0.2,0.0,5.060632,7.8
2022-04-18 11:00:00,0.2,0.2,0.0,4.5839396,7.6
2022-04-18 12:00:00,0.1,0.1,0.0,3.720551,5.6
2022-04-18 13:00:00,0.0,0.0,0.0,2.836371,4.3
2022-04-18 14:00:00,0.0,0.0,0.0,2.0,2.9
2022-04-18 15:00:00,0.0,0.0,0.0,1.8034688,2.9
2022-04-18 16:00:00,0.0,0.0,0.0,1.9912307,3.1
2022-04-18 17:00:00,0.0,0.0,0.0,2.1540658,3.1
2022-04-18 18:00:00,0.0,0.0,0.0,2.2388613,3.2
2022-04-18 19:00:00,0.0,0.0,0.0,2.2147236,3.7
2022-04-18 20:00:00,0.0,0.0,0.0,2.4010415,3.9
2022-04-18 21:00:00,0.0,0.0,0.0,2.45204,4.0
2022-04-18 22:00:00,0.0,0.0,0.0,2.1965883,3.6
2022-04-18 23:00:00,0.0,0.0,0.0,1.9602295,3.2
2022-04-19 00:00:00,0.0,0.0,0.0,2.3711812,3.3
2022-04-19 01:00:00,0.0,0.0,0.0,1.4422206,2.8
2022-04-19 02:00:00,0.0,0.0,0.0,1.443087,3.9
2022-04-19 03:00:00,0.0,0.0,0.0,1.285496,4.5
2022-04-19 04:00:00,0.0,0.0,0.0,1.0630146,4.6
2022-04-19 05:00:00,0.0,0.0,0.0,0.97082436,4.5
2022-04-19 06:00:00,0.0,0.0,0.0,1.3038405,5.0
2022-04-19 07:00:00,0.0,0.0,0.0,1.5976546,5.7
2022-04-19 08:00:00,0.0,0.0,0.0,1.9962465,6.2
2022-04-19 09:00:00,0.0,0.0,0.0,2.3307724,6.6
2022-04-19 10:00:00,0.0,0.0,0.0,3.1384711,6.8
2022-04-19 11:00:00,0.0,0.0,0.0,3.6006944,6.9
2022-04-19 12:00:00,0.0,0.0,0.0,3.8268788,6.6
2022-04-19 13:00:00,0.0,0.0,0.0,2.9954133,4.0
2022-04-19 14:00:00,0.0,0.0,0.0,2.3323808,3.3
2022-04-19 15:00:00,0.0,0.0,0.0,2.9698482,4.3
2022-04-19 16:00:00,0.0,0.0,0.0,3.3264096,5.1
2022-04-19 17:00:00,0.0,0.0,0.0,3.5362408,5.3
2022-04-19 18:00:00,0.0,0.0,0.0,3.677635,5.4
2022-04-19 19:00:00,0.0,0.0,0.0,3.8183768,6.7
2022-04-19 20:00:00,0.0,0.0,0.0,4.0305085,7.0
2022-04-19 21:00:00,0.0,0.0,0.0,3.9990625,7.0
2022-04-19 22:00:00,0.0,0.0,0.0,3.8209944,6.9
2022-04-19 23:00:00,0.0,0.0,0.0,3.7735925,6.6
2022-04-20 00:00:00,0.0,0.0,0.0,3.6704903,5.9
2022-04-20 01:00:00,0.0,0.0,0.0,3.525975,5.6
2022-04-20 02:00:00,0.0,0.0,0.0,3.6503425,5.8
2022-04-20 03:00:00,0.0,0.0,0.0,3.503213,6.4
2022-04-20 04:00:00,0.0,0.0,0.0,3.3185086,6.5
2022-04-20 05:00:00,0.0,0.0,0.0,3.3049204,7.1
2022-04-20 06:00:00,0.0,0.0,0.0,3.846102,9.3
2022-04-20 07:00:00,0.0,0.0,0.0,5.2737556,10.5
2022-04-20 08:00:00,0.0,0.0,0.0,5.803878,11.3
2022-04-20 09:00:00,0.0,0.0,0.0,6.0270224,11.4
2022-04-20 10:00:00,0.0,0.0,0.0,5.700877,11.7
2022-04-20 11:00:00,0.0,0.0,0.0,5.233784,9.8
2022-04-20 12:00:00,0.0,0.0,0.0,4.2573466,7.5
2022-04-20 13:00:00,0.1,0.1,0.0,3.1976552,6.1
2022-04-20 14:00:00,0.0,0.0,0.0,3.1144822,6.3
2022-04-20 15:00:00,0.0,0.0,0.0,3.405877,6.5
2022-04-20 16:00:00,0.0,0.0,0.0,3.3604314,6.4
2022-04-20 17:00:00,0.0,0.0,0.0,3.4296503,6.7
2022-04-20 18:00:00,0.0,0.0,0.0,3.7503333,7.3
2022-04-20 19:00:00,0.0,0.0,0.0,3.9698865,7.0
2022-04-20 20:00:00,0.0,0.0,0.0,4.20119,7.5
2022-04-20 21:00:00,0.0,0.0,0.0,4.494441,8.0
2022-04-20 22:00:00,0.0,0.0,0.0,5.0921507,8.5
2022-04-20 23:00:00,0.0,0.0,0.0,5.110039,8.5
2022-04-21 00:00:00,0.1,0.1,0.0,5.1159067,8.5
2022-04-21 01:00:00,0.5,0.5,0.0,4.6154633,7.7
2022-04-21 02:00:00,0.3,0.3,0.0,4.2617483,7.6
2022-04-21 03:00:00,0.1,0.1,0.0,4.478002,8.5
2022-04-21 04:00:00,0.0,0.0,0.0,4.92062,9.6
2022-04-21 05:00:00,0.1,0.1,0.0,4.9135017,9.9
2022-04-21 06:00:00,0.3,0.3,0.0,4.4229517,9.5
2022-04-21 07:00:00,0.2,0.2,0.0,4.007805,8.3
2022-04-21 08:00:00,0.3,0.3,0.0,3.7963798,7.9
2022-04-21 09:00:00,0.2,0.2,0.0,3.9115214,8.8
2022-04-21 10:00:00,0.1,0.1,0.0,4.6768045,8.4
2022-04-21 11:00:00,0.0,0.0,0.0,4.7010636,8.9
2022-04-21 12:00:00,0.0,0.0,0.0,4.6906824,8.4
2022-04-21 13:00:00,0.0,0.0,0.0,4.1503015,7.4
2022-04-21 14:00:00,0.0,0.0,0.0,2.4135036,3.6
2022-04-21 15:00:00,0.0,0.0,0.0,2.4738634,4.4
2022-04-21 16:00:00,0.0,0.0,0.0,2.9516945,6.0
2022-04-21 17:00:00,0.0,0.0,0.0,4.032989,8.8
2022-04-21 18:00:00,0.0,0.0,0.0,5.246189,10.0
2022-04-21 19:00:00,0.0,0.0,0.0,4.9117208,8.9
2022-04-21 20:00:00,0.0,0.0,0.0,4.935838,9.2
2022-04-21 21:00:00,0.0,0.0,0.0,4.7183156,9.1
2022-04-21 22:00:00,0.0,0.0,0.0,4.8708315,8.5
2022-04-21 23:00:00,0.0,0.0,0.0,4.5568633,8.0
2022-04-22 00:00:00,0.0,0.0,0.0,4.2547035,7.8
2022-04-22 01:00:00,0.0,0.0,0.0,4.3026156,8.2
2022-04-22 02:00:00,0.0,0.0,0.0,4.2605753,8.9
2022-04-22 03:00:00,0.0,0.0,0.0,3.7769036,8.3
2022-04-22 04:00:00,0.0,0.0,0.0,3.324154,7.9
2022-04-22 05:00:00,0.0,0.0,0.0,2.7721832,7.8
2022-04-22 06:00:00,0.0,0.0,0.0,2.2276669,7.3
2022-04-22 07:00:00,0.0,0.0,0.0,2.0223749,6.6
2022-04-22 08:00:00,0.0,0.0,0.0,1.8741665,6.4
2022-04-22 09:00:00,0.0,0.0,0.0,1.6977926,6.0
2022-04-22 10:00:00,0.0,0.0,0.0,1.746425,5.6
2022-04-22 11:00:00,0.0,0.0,0.0,1.5976546,5.3
2022-04-22 12:00:00,0.0,0.0,0.0,1.6446884,4.9
2022-04-22 13:00:00,0.0,0.0,0.0,1.7585506,4.2
2022-04-22 14:00:00,0.0,0.0,0.0,1.8668154,2.8
2022-04-22 15:00:00,0.0,0.0,0.0,2.4005208,3.6
2022-04-22 16:00:00,0.0,0.0,0.0,2.510976,3.7
2022-04-22 17:00:00,0.0,0.0,0.0,2.4377244,3.7
2022-04-22 18:00:00,0.0,0.0,0.0,2.2135942,3.6
2022-04-22 19:00:00,0.0,0.0,0.0,2.245551,3.6
2022-04-22 20:00:00,0.0,0.0,0.0,2.4186773,3.6
2022-04-22 21:00:00,0.0,0.0,0.0,2.408319,3.4
2022-04-22 22:00:00,0.0,0.0,0.0,2.0396078,3.1
2022-04-22 23:00:00,0.0,0.0,0.0,1.6620771,2.6
2022-04-23 00:00:00,0.0,0.0,0.0,1.3000001,2.0
2022-04-23 01:00:00,0.0,0.0,0.0,0.8544004,1.7
2022-04-23 02:00:00,0.0,0.0,0.0,0.18027757,2.4
2022-04-23 03:00:00,0.0,0.0,0.0,0.25,3.0
2022-04-23 04:00:00,0.0,0.0,0.0,1.0062306,4.3
2022-04-23 05:00:00,0.0,0.0,0.0,1.6140013,5.6
2022-04-23 06:00:00,0.0,0.0,0.0,1.9039433,6.5
2022-04-23 07:00:00,0.0,0.0,0.0,2.316247,6.9
2022-04-23 08:00:00,0.0,0.0,0.0,2.8257742,7.6
2022-04-23 09:00:00,0.0,0.0,0.0,3.0364454,7.8
2022-04-23 10:00:00,0.0,0.0,0.0,3.8121517,8.3
2022-04-23 11:00:00,0.0,0.0,0.0,4.295346,8.7
2022-04-23 12:00:00,0.0,0.0,0.0,4.806506,9.2
2022-04-23 13:00:00,0.0,0.0,0.0,4.8254533,8.9
2022-04-23 14:00:00,0.0,0.0,0.0,4.6810794,8.7
2022-04-23 15:00:00,0.0,0.0,0.0,4.6872168,8.8
2022-04-23 16:00:00,0.0,0.0,0.0,4.632764,8.6
2022-04-23 17:00:00,0.0,0.0,0.0,4.5135903,8.3
2022-04-23 18:00:00,0.0,0.0,0.0,4.4679413,8.5
2022-04-23 19:00:00,0.0,0.0,0.0,4.3863425,7.8
2022-04-23 20:00:00,0.0,0.0,0.0,4.22167,7.5
2022-04-23 21:00:00,0.0,0.0,0.0,3.9169502,6.9
2022-04-23 22:00:00,0.0,0.0,0.0,3.6211185,6.5
2022-04-23 23:00:00,0.0,0.0,0.0,3.238055,6.0
2022-04-24 00:00:00,0.0,0.0,0.0,2.9210446,5.5
2022-04-24 01:00:00,0.0,0.0,0.0,3.268792,6.2
2022-04-24 02:00:00,0.0,0.0,0.0,4.00125,8.3
2022-04-24 03:00:00,0.0,0.0,0.0,4.2605753,9.3
2022-04-24 04:00:00,0.0,0.0,0.0,4.4045434,9.8
2022-04-24 05:00:00,0.0,0.0,0.0,4.451123,10.3
2022-04-24 06:00:00,0.0,0.0,0.0,4.4679413,10.6
2022-04-24 07:00:00,0.0,0.0,0.0,4.5467024,10.4
2022-04-24 08:00:00,0.0,0.0,0.0,4.710096,10.5
2022-04-24 09:00:00,0.0,0.0,0.0,4.6768045,10.4
2022-04-24 10:00:00,0.0,0.0,0.0,4.804165,10.2
2022-04-24 11:00:00,0.0,0.0,0.0,4.92062,10.1
2022-04-24 12:00:00,0.0,0.0,0.0,5.0559373,9.8
2022-04-24 13:00:00,0.0,0.0,0.0,4.5235496,8.3
2022-04-24 14:00:00,0.0,0.0,0.0,3.9915538,6.8
2022-04-24 15:00:00,0.0,0.0,0.0,3.9714608,6.6
2022-04-24 16:00:00,0.0,0.0,0.0,3.9714608,6.4
2022-04-24 17:00:00,0.0,0.0,0.0,3.8832974,6.2
2022-04-24 18:00:00,0.0,0.0,0.0,3.6878178,6.0
2022-04-24 19:00:00,0.0,0.0,0.0,3.471311,6.0
2022-04-24 20:00:00,0.0,0.0,0.0,3.3245301,5.6
2022-04-24 21:00:00,0.0,0.0,0.0,3.0991936,5.2
2022-04-24 22:00:00,0.0,0.0,0.0,2.7115493,4.8
2022-04-24 23:00:00,0.0,0.0,0.0,2.5942245,4.5
2022-04-25 00:00:00,0.0,0.0,0.0,2.6925824,4.6
2022-04-25 01:00:00,0.0,0.0,0.0,3.2175303,5.4
2022-04-25 02:00:00,0.0,0.0,0.0,3.2449963,6.3
2022-04-25 03:00:00,0.0,0.0,0.0,3.1484125,6.6
2022-04-25 04:00:00,0.0,0.0,0.0,2.933428,6.6
2022-04-25 05:00:00,0.0,0.0,0.0,2.7771387,6.8
2022-04-25 06:00:00,0.0,0.0,0.0,2.4989996,6.7
2022-04-25 07:00:00,0.0,0.0,0.0,2.0892582,6.4
2022-04-25 08:00:00,0.0,0.0,0.0,1.6347783,5.7
2022-04-25 09:00:00,0.0,0.0,0.0,1.0965856,4.9
2022-04-25 10:00:00,0.0,0.0,0.0,0.3905125,3.8
2022-04-25 11:00:00,0.0,0.0,0.0,0.5,3.2
2022-04-25 12:00:00,0.0,0.0,0.0,1.2175796,3.2
2022-04-25 13:00:00,0.0,0.0,0.0,1.0198039,1.4
2022-04-25 14:00:00,0.0,0.0,0.0,2.118962,1.5
2022-04-25 15:00:00,0.0,0.0,0.0,2.7041636,2.0
2022-04-25 16:00:00,0.0,0.0,0.0,2.8814058,2.8
2022-04-25 17:00:00,0.0,0.0,0.0,2.6911893,3.9
2022-04-25 18:00:00,0.0,0.0,0.0,2.5553863,4.0
2022-04-25 19:00:00,0.0,0.0,0.0,2.385372,3.7
2022-04-25 20:00:00,0.0,0.0,0.0,2.3753946,3.9
2022-04-25 21:00:00,0.0,0.0,0.0,2.5869868,4.2
2022-04-25 22:00:00,0.0,0.0,0.0,3.0858548,4.6
2022-04-25 23:00:00,0.0,0.0,0.0,3.2101402,4.8
2022-04-26 00:00:00,0.0,0.0,0.0,3.3712015,5.0
2022-04-26 01:00:00,0.0,0.0,0.0,3.6311154,5.6
2022-04-26 02:00:00,0.0,0.0,0.0,4.3557434,6.9
2022-04-26 03:00:00,0.0,0.0,0.0,4.215744,7.8
2022-04-26 04:00:00,0.0,0.0,0.0,4.503887,8.6
2022-04-26 05:00:00,0.0,0.0,0.0,4.5721984,9.2
2022-04-26 06:00:00,0.0,0.0,0.0,4.434242,9.3
2022-04-26 07:00:00,0.0,0.0,0.0,4.454492,10.0
2022-04-26 08:00:00,0.0,0.0,0.0,4.452527,10.2
2022-04-26 09:00:00,0.0,0.0,0.0,4.7675986,10.0
2022-04-26 10:00:00,0.0,0.0,0.0,5.109061,10.0
2022-04-26 11:00:00,0.0,0.0,0.0,4.361766,9.1
2022-04-26 12:00:00,0.0,0.0,0.0,3.6619666,7.3
2022-04-26 13:00:00,0.0,0.0,0.0,1.9602295,5.0
2022-04-26 14:00:00,0.0,0.0,0.0,2.1272047,2.9
2022-04-26 15:00:00,0.0,0.0,0.0,2.1100948,3.6
2022-04-26 16:00:00,0.0,0.0,0.0,1.8721644,3.1
2022-04-26 17:00:00,0.0,0.0,0.0,2.098809,2.3
2022-04-26 18:00:00,0.0,0.0,0.0,2.214159,2.1
2022-04-26 19:00:00,0.0,0.0,0.0,2.158703,3.3
2022-04-26 20:00:00,0.0,0.0,0.0,2.326478,3.1
2022-04-26 21:00:00,0.0,0.0,0.0,2.2022715,3.0
2022-04-26 22:00:00,0.0,0.0,0.0,2.2825425,2.7
2022-04-26 23:00:00,0.0,0.0,0.0,2.3584952,2.5
2022-04-27 00:00:00,0.0,0.0,0.0,2.1708295,2.3
2022-04-27 01:00:00,0.0,0.0,0.0,1.3647344,2.1
2022-04-27 02:00:00,0.0,0.0,0.0,1.8668154,3.4
2022-04-27 03:00:00,0.0,0.0,0.0,1.7585506,4.3
2022-04-27 04:00:00,0.0,0.0,0.0,2.147673,5.4
2022-04-27 05:00:00,0.0,0.0,0.0,3.05,7.1
2022-04-27 06:00:00,0.0,0.0,0.0,3.6840875,8.6
2022-04-27 07:00:00,0.0,0.0,0.0,3.7215588,8.6
2022-04-27 08:00:00,0.0,0.0,0.0,3.5,7.9
2022-04-27 09:00:00,0.0,0.0,0.0,3.522783,8.3
2022-04-27 10:00:00,0.0,0.0,0.0,4.5893903,8.3
2022-04-27 11:00:00,0.0,0.0,0.0,4.3566046,8.0
2022-04-27 12:00:00,0.0,0.0,0.0,3.2572994,5.5
2022-04-27 13:00:00,0.0,0.0,0.0,2.857009,4.8
2022-04-27 14:00:00,0.0,0.0,0.0,3.0610456,5.2
2022-04-27 15:00:00,0.0,0.0,0.0,3.0610456,5.4
2022-04-27 16:00:00,0.0,0.0,0.0,3.04795,5.3
2022-04-27 17:00:00,0.0,0.0,0.0,3.2221887,5.3
2022-04-27 18:00:00,0.0,0.0,0.0,3.1503966,5.1
2022-04-27 19:00:00,0.0,0.0,0.0,3.0103986,5.1
2022-04-27 20:00:00,0.0,0.0,0.0,3.1384711,5.3
2022-04-27 21:00:00,0.0,0.0,0.0,3.3185086,5.7
2022-04-27 22:00:00,0.0,0.0,0.0,3.914716,5.9
2022-04-27 23:00:00,0.0,0.0,0.0,3.8425252,6.0
2022-04-28 00:00:00,0.0,0.0,0.0,3.7583241,6.1
2022-04-28 01:00:00,0.0,0.0,0.0,3.8275318,6.4
2022-04-28 02:00:00,0.0,0.0,0.0,4.0635576,6.5
2022-04-28 03:00:00,0.0,0.0,0.0,3.987794,7.6
2022-04-28 04:00:00,0.0,0.0,0.0,4.226405,8.4
2022-04-28 05:00:00,0.0,0.0,0.0,4.609772,9.5
2022-04-28 06:00:00,0.0,0.0,0.0,5.187726,10.9
2022-04-28 07:00:00,0.0,0.0,0.0,5.2841744,11.4
2022-04-28 08:00:00,0.0,0.0,0.0,5.5375986,11.7
2022-04-28 09:00:00,0.0,0.0,0.0,5.697587,12.0
2022-04-28 10:00:00,0.0,0.0,0.0,5.6931977,11.8
2022-04-28 11:00:00,0.0,0.0,0.0,5.667892,11.3
2022-04-28 12:00:00,0.0,0.0,0.0,5.3807526,10.4
2022-04-28 13:00:00,0.0,0.0,0.0,4.2793107,8.0
2022-04-28 14:00:00,0.0,0.0,0.0,3.6055512,6.2
2022-04-28 15:00:00,0.0,0.0,0.0,3.7262583,6.2
2022-04-28 16:00:00,0.0,0.0,0.0,3.7165172,6.3
2022-04-28 17:00:00,0.0,0.0,0.0,3.471311,5.9
2022-04-28 18:00:00,0.0,0.0,0.0,3.2500002,5.6
2022-04-28 19:00:00,0.0,0.0,0.0,3.0565505,5.2
2022-04-28 20:00:00,0.0,0.0,0.0,2.8640008,4.9
2022-04-28 21:00:00,0.0,0.0,0.0,2.6100767,4.5
2022-04-28 22:00:00,0.0,0.0,0.0,2.482438,4.2
2022-04-28 23:00:00,0.0,0.0,0.0,2.2461078,3.8
2022-04-29 00:00:00,0.0,0.0,0.0,2.1592824,3.6
2022-04-29 01:00:00,0.0,0.0,0.0,2.5044959,4.4
2022-04-29 02:00:00,0.0,0.0,0.0,2.9017239,5.5
2022-04-29 03:00:00,0.0,0.0,0.0,2.8517537,6.0
2022-04-29 04:00:00,0.0,0.0,0.0,3.169385,6.9
2022-04-29 05:00:00,0.0,0.0,0.0,3.5202982,7.5
2022-04-29 06:00:00,0.0,0.0,0.0,4.032679,8.4
2022-04-29 07:00:00,0.0,0.0,0.0,4.819232,10.3
2022-04-29 08:00:00,0.0,0.0,0.0,4.8654394,10.5
2022-04-29 09:00:00,0.0,0.0,0.0,4.68188,10.1
2022-04-29 10:00:00,0.0,0.0,0.0,5.2756515,9.6
2022-04-29 11:00:00,0.0,0.0,0.0,4.808326,8.6
2022-04-29 12:00:00,0.0,0.0,0.0,4.2547035,7.5
2022-04-29 13:00:00,0.0,0.0,0.0,2.7313,4.1
2022-04-29 14:00:00,0.0,0.0,0.0,2.2808988,2.9
2022-04-29 15:00:00,0.0,0.0,0.0,2.5164459,2.8
2022-04-29 16:00:00,0.0,0.0,0.0,1.6007811,2.0
2022-04-29 17:00:00,0.0,0.0,0.0,1.1510864,1.5
2022-04-29 18:00:00,0.0,0.0,0.0,1.264911,1.5
2022-04-29 19:00:00,0.0,0.0,0.0,1.5297059,2.1
2022-04-29 20:00:00,0.0,0.0,0.0,1.8439089,2.5
2022-04-29 21:00:00,0.0,0.0,0.0,1.8607794,2.5
2022-04-29 22:00:00,0.0,0.0,0.0,1.5890249,2.3
2022-04-29 23:00:00,0.0,0.0,0.0,1.6985288,2.4
2022-04-30 00:00:00,0.0,0.0,0.0,1.9811614,2.8
2022-04-30 01:00:00,0.0,0.0,0.0,1.7029386,2.8
2022-04-30 02:00:00,0.0,0.0,0.0,2.0112185,3.9
2022-04-30 03:00:00,0.0,0.0,0.0,1.3124405,3.8
2022-04-30 04:00:00,0.0,0.0,0.0,1.6643317,4.5
2022-04-30 05:00:00,0.0,0.0,0.0,1.7102631,4.7
2022-04-30 06:00:00,0.0,0.0,0.0,0.86023253,4.0
2022-04-30 07:00:00,0.0,0.0,0.0,0.2,4.1
2022-04-30 08:00:00,0.0,0.0,0.0,0.552268,4.3
2022-04-30 09:00:00,0.0,0.0,0.0,0.7905694,4.5
2022-04-30 10:00:00,0.0,0.0,0.0,0.7106335,4.5
2022-04-30 11:00:00,0.0,0.0,0.0,1.192686,4.7
2022-04-30 12:00:00,0.0,0.0,0.0,1.8027756,4.9
2022-04-30 13:00:00,0.0,0.0,0.0,2.462722,4.9
2022-04-30 14:00:00,0.0,0.0,0.0,4.060788,7.2
2022-04-30 15:00:00,0.0,0.0,0.0,6.0466933,10.9
2022-04-30 16:00:00,0.0,0.0,0.0,6.83758,12.5
2022-04-30 17:00:00,0.0,0.0,0.0,6.661268,12.1
2022-04-30 18:00:00,0.0,0.0,0.0,6.2098713,11.3
2022-04-30 19:00:00,0.0,0.0,0.0,5.9129095,10.8
2022-04-30 20:00:00,0.0,0.0,0.0,5.656854,10.3
2022-04-30 21:00:00,0.0,0.0,0.0,5.415025,9.7
2022-04-30 22:00:00,0.0,0.0,0.0,5.234501,9.1
2022-04-30 23:00:00,0.0,0.0,0.0,4.9175706,8.5
2022-05-01 00:00:00,0.0,0.0,0.0,4.881086,8.4
2022-05-01 01:00:00,0.0,0.0,0.0,4.773102,8.4
2022-05-01 02:00:00,0.0,0.0,0.0,5.0328918,9.5
2022-05-01 03:00:00,0.0,0.0,0.0,4.95101,9.5
2022-05-01 04:00:00,0.0,0.0,0.0,4.680011,9.2
2022-05-01 05:00:00,0.0,0.0,0.0,4.1617303,8.5
2022-05-01 06:00:00,0.0,0.0,0.0,3.6472592,7.8
2022-05-01 07:00:00,0.0,0.0,0.0,2.9538112,7.7
2022-05-01 08:00:00,0.0,0.0,0.0,2.2276669,6.5
2022-05-01 09:00:00,0.0,0.0,0.0,1.8384776,5.8
2022-05-01 10:00:00,0.0,0.0,0.0,1.8343936,5.6
2022-05-01 11:00:00,0.0,0.0,0.0,1.7117243,5.4
2022-05-01 12:00:00,0.0,0.0,0.0,1.8741665,5.3
2022-05-01 13:00:00,0.0,0.0,0.0,2.510976,5.5
2022-05-01 14:00:00,0.0,0.0,0.0,2.557831,4.5
2022-05-01 15:00:00,0.0,0.0,0.0,2.8442926,4.6
2022-05-01 16:00:00,0.0,0.0,0.0,2.617728,4.5
2022-05-01 17:00:00,0.0,0.0,0.0,2.1931713,3.9
2022-05-01 18:00:00,0.0,0.0,0.0,2.0402205,3.7
2022-05-01 19:00:00,0.0,0.0,0.0,2.3648467,3.8
2022-05-01 20:00:00,0.0,0.0,0.0,2.6617665,4.4
2022-05-01 21:00:00,0.0,0.0,0.0,3.0565503,5.2
2022-05-01 22:00:00,0.0,0.0,0.0,3.1819806,6.1
2022-05-01 23:00:00,0.0,0.0,0.0,3.4223528,6.3
2022-05-02 00:00:00,0.0,0.0,0.0,3.129297,6.0
2022-05-02 01:00:00,0.0,0.0,0.0,3.4687893,6.4
2022-05-02 02:00:00,0.0,0.0,0.0,3.7593217,7.6
2022-05-02 03:00:00,0.0,0.0,0.0,3.674915,7.7
2022-05-02 04:00:00,0.0,0.0,0.0,3.6211185,7.9
2022-05-02 05:00:00,0.0,0.0,0.0,3.782195,8.2
2022-05-02 06:00:00,0.0,0.0,0.0,3.6912057,8.9
2022-05-02 07:00:00,0.0,0.0,0.0,3.5640566,8.9
2022-05-02 08:00:00,0.0,0.0,0.0,3.83471,9.3
2022-05-02 09:00:00,0.0,0.0,0.0,4.384062,10.0
2022-05-02 10:00:00,0.0,0.0,0.0,4.881086,9.9
2022-05-02 11:00:00,0.0,0.0,0.0,4.8104053,9.8
2022-05-02 12:00:00,0.0,0.0,0.0,4.7423625,9.7
2022-05-02 13:00:00,0.0,0.0,0.0,4.794007,9.4
2022-05-02 14:00:00,0.0,0.0,0.0,4.464303,8.7
2022-05-02 15:00:00,0.0,0.0,0.0,3.9755504,7.7
2022-05-02 16:00:00,0.0,0.0,0.0,3.8,7.0
2022-05-02 17:00:00,0.0,0.0,0.0,3.8616705,7.1
2022-05-02 18:00:00,0.0,0.0,0.0,4.236154,7.5
2022-05-02 19:00:00,0.0,0.0,0.0,4.3188543,7.4
2022-05-02 20:00:00,0.0,0.0,0.0,3.938591,6.9
2022-05-02 21:00:00,0.0,0.0,0.0,3.6211185,6.3
2022-05-02 22:00:00,0.0,0.0,0.0,3.6704905,6.0
2022-05-02 23:00:00,0.0,0.0,0.0,3.3264096,5.4
2022-05-03 00:00:00,0.0,0.0,0.0,2.8319604,4.7
2022-05-03 01:00:00,0.0,0.0,0.0,2.930017,5.0
2022-05-03 02:00:00,0.0,0.0,0.0,2.9124732,6.4
2022-05-03 03:00:00,0.0,0.0,0.0,3.592353,8.5
2022-05-03 04:00:00,0.0,0.0,0.0,4.2851486,9.5
2022-05-03 05:00:00,0.0,0.0,0.0,4.368352,9.7
2022-05-03 06:00:00,0.0,0.0,0.0,4.2026777,9.6
2022-05-03 07:00:00,0.0,0.0,0.0,3.8710465,9.4
2022-05-03 08:00:00,0.0,0.0,0.0,3.6100557,9.0
2022-05-03 09:00:00,0.0,0.0,0.0,3.390059,8.6
2022-05-03 10:00:00,0.0,0.0,0.0,3.4300144,8.3
2022-05-03 11:00:00,0.0,0.0,0.0,3.451449,8.0
2022-05-03 12:00:00,0.0,0.0,0.0,3.5302265,7.7
2022-05-03 13:00:00,0.0,0.0,0.0,3.578058,7.1
2022-05-03 14:00:00,0.0,0.0,0.0,2.7060118,5.1
2022-05-03 15:00:00,0.0,0.0,0.0,2.4351592,4.2
2022-05-03 16:00:00,0.0,0.0,0.0,2.7613401,4.7
2022-05-03 17:00:00,0.0,0.0,0.0,3.0335624,5.5
2022-05-03 18:00:00,0.0,0.0,0.0,3.051639,5.5
2022-05-03 19:00:00,0.0,0.0,0.0,2.6744158,4.5
2022-05-03 20:00:00,0.0,0.0,0.0,2.3420076,4.0
2022-05-03 21:00:00,0.0,0.0,0.0,2.3547823,4.0
2022-05-03 22:00:00,0.0,0.0,0.0,2.9210446,4.4
2022-05-03 23:00:00,0.0,0.0,0.0,3.1084561,4.9
2022-05-04 00:00:00,0.0,0.0,0.0,3.238055,5.4
2022-05-04 01:00:00,0.0,0.0,0.0,3.8200133,6.5
2022-05-04 02:00:00,0.0,0.0,0.0,4.069705,7.9
2022-05-04 03:00:00,0.0,0.0,0.0,4.854122,10.2
2022-05-04 04:00:00,0.0,0.0,0.0,6.0466933,12.5
2022-05-04 05:00:00,0.0,0.0,0.0,6.5622025,13.5
2022-05-04 06:00:00,0.0,0.0,0.0,6.456005,13.3
2022-05-04 07:00:00,0.0,0.0,0.0,6.1214786,13.0
2022-05-04 08:00:00,0.0,0.0,0.0,5.6859474,12.3
2022-05-04 09:00:00,0.0,0.0,0.0,5.3002357,11.6
2022-05-04 10:00:00,0.0,0.0,0.0,5.7019734,10.9
2022-05-04 11:00:00,0.0,0.0,0.0,5.1324944,10.2
2022-05-04 12:00:00,0.0,0.0,0.0,4.702393,9.5
2022-05-04 13:00:00,0.0,0.0,0.0,3.965476,7.9
2022-05-04 14:00:00,0.0,0.0,0.0,2.3345237,4.9
2022-05-04 15:00:00,0.0,0.0,0.0,1.9209373,3.3
2022-05-04 16:00:00,0.0,0.0,0.0,1.7613915,4.2
2022-05-04 17:00:00,0.5,0.5,0.0,1.746425,4.6
2022-05-04 18:00:00,0.0,0.0,0.0,1.8337121,4.8
2022-05-04 19:00:00,0.0,0.0,0.0,1.8034688,3.2
2022-05-04 20:00:00,0.0,0.0,0.0,2.0524375,4.0
2022-05-04 21:00:00,0.0,0.0,0.0,2.302173,4.4
2022-05-04 22:00:00,0.0,0.0,0.0,2.5806975,4.3
2022-05-04 23:00:00,0.0,0.0,0.0,2.581182,3.9
2022-05-05 00:00:00,0.0,0.0,0.0,2.7060118,3.8
2022-05-05 01:00:00,0.0,0.0,0.0,2.7115493,4.5
2022-05-05 02:00:00,0.0,0.0,0.0,2.5597851,5.0
2022-05-05 03:00:00,0.0,0.0,0.0,2.8517537,5.6
2022-05-05 04:00:00,0.0,0.0,0.0,2.804015,6.5
2022-05-05 05:00:00,0.0,0.0,0.0,2.510976,6.4
2022-05-05 06:00:00,0.0,0.0,0.0,2.3119256,7.2
2022-05-05 07:00:00,0.0,0.0,0.0,2.350532,8.5
2022-05-05 08:00:00,0.0,0.0,0.0,2.2638464,7.5
2022-05-05 09:00:00,0.0,0.0,0.0,2.45204,7.2
2022-05-05 10:00:00,0.0,0.0,0.0,2.3753946,8.1
2022-05-05 11:00:00,0.4,0.4,0.0,1.6807737,7.5
2022-05-05 12:00:00,0.1,0.1,0.0,2.2610838,6.5
2022-05-05 13:00:00,0.0,0.0,0.0,2.8935273,5.3
2022-05-05 14:00:00,0.0,0.0,0.0,2.0886598,3.3
2022-05-05 15:00:00,0.0,0.0,0.0,2.071835,3.3
2022-05-05 16:00:00,0.0,0.0,0.0,2.0112185,3.3
2022-05-05 17:00:00,0.0,0.0,0.0,1.9912307,3.3
2022-05-05 18:00:00,0.0,0.0,0.0,2.2192342,3.5
2022-05-05 19:00:00,0.0,0.0,0.0,2.6800187,4.4
2022-05-05 20:00:00,0.0,0.0,0.0,3.051639,5.2
2022-05-05 21:00:00,0.0,0.0,0.0,3.0663497,5.3
2022-05-05 22:00:00,0.0,0.0,0.0,2.830636,4.8
2022-05-05 23:00:00,0.0,0.0,0.0,2.740894,4.7
2022-05-06 00:00:00,0.0,0.0,0.0,3.1503966,5.6
2022-05-06 01:00:00,0.0,0.0,0.0,3.7443287,7.0
2022-05-06 02:00:00,0.0,0.0,0.0,4.0401115,7.9
2022-05-06 03:00:00,0.0,0.0,0.0,4.506939,9.7
2022-05-06 04:00:00,0.0,0.0,0.0,5.1638165,11.1
2022-05-06 05:00:00,0.0,0.0,0.0,6.293846,13.4
2022-05-06 06:00:00,0.0,0.0,0.0,7.5316,15.0
2022-05-06 07:00:00,0.0,0.0,0.0,8.318654,16.7
2022-05-06 08:00:00,0.0,0.0,0.0,8.696263,17.3
2022-05-06 09:00:00,0.0,0.0,0.0,8.721382,17.3
2022-05-06 10:00:00,0.0,0.0,0.0,9.200543,16.9
2022-05-06 11:00:00,0.0,0.0,0.0,8.472308,15.8
2022-05-06 12:00:00,0.0,0.0,0.0,7.4654202,14.0
2022-05-06 13:00:00,0.0,0.0,0.0,6.3884664,11.6
2022-05-06 14:00:00,0.0,0.0,0.0,4.967897,9.0
2022-05-06 15:00:00,0.0,0.0,0.0,4.040421,7.4
2022-05-06 16:00:00,0.0,0.0,0.0,3.9246018,7.5
2022-05-06 17:00:00,0.0,0.0,0.0,4.181507,7.7
2022-05-06 18:00:00,0.0,0.0,0.0,4.6089587,7.7
2022-05-06 19:00:00,0.0,0.0,0.0,4.9590826,9.0
2022-05-06 20:00:00,0.0,0.0,0.0,5.3284616,10.0
2022-05-06 21:00:00,0.0,0.0,0.0,5.2860665,9.9
2022-05-06 22:00:00,0.0,0.0,0.0,4.6208763,8.7
2022-05-06 23:00:00,0.0,0.0,0.0,3.965476,7.3
2022-05-07 00:00:00,0.0,0.0,0.0,3.238055,5.5
2022-05-07 01:00:00,0.0,0.0,0.0,2.8146937,5.5
2022-05-07 02:00:00,0.0,0.0,0.0,2.934706,7.4
2022-05-07 03:00:00,0.0,0.0,0.0,3.5415392,9.0
2022-05-07 04:00:00,0.0,0.0,0.0,3.6912057,9.3
2022-05-07 05:00:00,0.0,0.0,0.0,3.6585517,9.5
2022-05-07 06:00:00,0.0,0.0,0.0,3.5514083,9.4
2022-05-07 07:00:00,0.0,0.0,0.0,3.5174565,8.9
2022-05-07 08:00:00,0.0,0.0,0.0,3.5923529,9.1
2022-05-07 09:00:00,0.0,0.0,0.0,3.6989863,9.1
2022-05-07 10:00:00,0.0,0.0,0.0,3.6283605,8.9
2022-05-07 11:00:00,0.0,0.0,0.0,3.7752483,8.6
2022-05-07 12:00:00,0.0,0.0,0.0,3.7976966,8.2
2022-05-07 13:00:00,0.0,0.0,0.0,3.5128336,7.4
2022-05-07 14:00:00,0.0,0.0,0.0,2.3632603,4.9
2022-05-07 15:00:00,0.0,0.0,0.0,2.1592824,3.7
2022-05-07 16:00:00,0.0,0.0,0.0,2.3521266,3.9
2022-05-07 17:00:00,0.0,0.0,0.0,2.3837993,4.1
2022-05-07 18:00:00,0.0,0.0,0.0,2.4351592,4.0
2022-05-07 19:00:00,0.0,0.0,0.0,2.2588713,3.8
2022-05-07 20:00:00,0.0,0.0,0.0,2.1505814,3.7
2022-05-07 21:00:00,0.0,0.0,0.0,2.192031,3.7
2022-05-07 22:00:00,0.0,0.0,0.0,2.1213202,3.6
2022-05-07 23:00:00,0.0,0.0,0.0,2.3430748,3.7
2022-05-08 00:00:00,0.0,0.0,0.0,2.581182,3.7
2022-05-08 01:00:00,0.0,0.0,0.0,1.9474342,2.8
2022-05-08 02:00:00,0.0,0.0,0.0,1.3038405,3.6
2022-05-08 03:00:00,0.0,0.0,0.0,1.5435349,4.6
2022-05-08 04:00:00,0.0,0.0,0.0,2.3584952,6.0
2022-05-08 05:00:00,0.0,0.0,0.0,2.624881,6.4
2022-05-08 06:00:00,0.0,0.0,0.0,2.6730134,6.8
2022-05-08 07:00:00,0.0,0.0,0.0,2.7663152,7.7
2022-05-08 08:00:00,0.0,0.0,0.0,3.1484122,8.2
2022-05-08 09:00:00,0.0,0.0,0.0,3.5693135,8.8
2022-05-08 10:00:00,0.0,0.0,0.0,3.8200133,8.7
2022-05-08 11:00:00,0.0,0.0,0.0,3.8242645,8.6
2022-05-08 12:00:00,0.0,0.0,0.0,3.9319208,8.3
2022-05-08 13:00:00,0.0,0.0,0.0,3.9115217,7.9
2022-05-08 14:00:00,0.0,0.0,0.0,2.7663152,5.5
2022-05-08 15:00:00,0.0,0.0,0.0,2.865746,5.3
2022-05-08 16:00:00,0.0,0.0,0.0,3.2503846,6.0
2022-05-08 17:00:00,0.0,0.0,0.0,2.9920728,5.7
2022-05-08 18:00:00,0.0,0.0,0.0,2.7892652,5.0
2022-05-08 19:00:00,0.0,0.0,0.0,2.6800187,4.5
2022-05-08 20:00:00,0.0,0.0,0.0,2.6683328,4.5
2022-05-08 21:00:00,0.0,0.0,0.0,2.8217902,4.7
2022-05-08 22:00:00,0.0,0.0,0.0,3.1256998,5.1
2022-05-08 23:00:00,0.0,0.0,0.0,2.9605744,5.2
2022-05-09 00:00:00,0.0,0.0,0.0,2.9004312,5.3
2022-05-09 01:00:00,0.0,0.0,0.0,3.3015149,6.1
2022-05-09 02:00:00,0.0,0.0,0.0,3.4033072,7.1
2022-05-09 03:00:00,0.0,0.0,0.0,3.8503246,8.7
2022-05-09 04:00:00,0.0,0.0,0.0,5.2196746,11.6
2022-05-09 05:00:00,0.0,0.0,0.0,6.3144674,13.7
2022-05-09 06:00:00,0.0,0.0,0.0,6.5660114,14.0
2022-05-09 07:00:00,0.0,0.0,0.0,6.5660114,13.8
2022-05-09 08:00:00,0.0,0.0,0.0,6.551336,13.7
2022-05-09 09:00:00,0.0,0.0,0.0,6.5024996,13.6
2022-05-09 10:00:00,0.0,0.0,0.0,7.236712,13.6
2022-05-09 11:00:00,0.0,0.0,0.0,7.1695538,13.5
2022-05-09 12:00:00,0.0,0.0,0.0,6.9817615,13.2
2022-05-09 13:00:00,0.0,0.0,0.0,6.6258965,12.1
2022-05-09 14:00:00,0.0,0.0,0.0,5.667892,9.8
2022-05-09 15:00:00,0.0,0.0,0.0,5.5036354,9.3
2022-05-09 16:00:00,0.0,0.0,0.0,5.500909,9.3
2022-05-09 17:00:00,0.0,0.0,0.0,5.405784,8.9
2022-05-09 18:00:00,0.0,0.0,0.0,5.4518347,8.9
2022-05-09 19:00:00,0.0,0.0,0.0,5.396758,9.7
2022-05-09 20:00:00,0.0,0.0,0.0,5.311544,9.5
2022-05-09 21:00:00,0.0,0.0,0.0,5.4233294,9.7
2022-05-09 22:00:00,0.0,0.0,0.0,6.0716558,9.9
2022-05-09 23:00:00,0.0,0.0,0.0,5.920304,10.6
2022-05-10 00:00:00,0.0,0.0,0.0,6.356099,11.5
2022-05-10 01:00:00,0.0,0.0,0.0,6.851642,12.5
2022-05-10 02:00:00,0.0,0.0,0.0,6.050826,11.4
2022-05-10 03:00:00,0.0,0.0,0.0,7.2993145,13.8
2022-05-10 04:00:00,0.0,0.0,0.0,8.256513,15.2
2022-05-10 05:00:00,0.0,0.0,0.0,8.9253845,16.0
2022-05-10 06:00:00,0.0,0.0,0.0,9.076618,16.2
2022-05-10 07:00:00,0.0,0.0,0.0,8.42333,16.8
2022-05-10 08:00:00,0.2,0.2,0.0,8.095677,16.0
2022-05-10 09:00:00,0.1,0.1,0.0,7.90348,16.6
2022-05-10 10:00:00,0.0,0.0,0.0,8.719662,16.1
2022-05-10 11:00:00,0.0,0.0,0.0,8.393599,15.8
2022-05-10 12:00:00,0.0,0.0,0.0,8.18856,14.9
2022-05-10 13:00:00,0.2,0.2,0.0,6.551336,12.7
2022-05-10 14:00:00,0.3,0.3,0.0,6.3549194,10.5
2022-05-10 15:00:00,0.0,0.0,0.0,6.116576,10.5
2022-05-10 16:00:00,0.3,0.3,0.0,6.306346,11.6
2022-05-10 17:00:00,0.7,0.7,0.0,5.7118297,11.0
2022-05-10 18:00:00,0.1,0.1,0.0,5.3640003,10.6
2022-05-10 19:00:00,0.0,0.0,0.0,4.792703,8.9
2022-05-10 20:00:00,0.0,0.0,0.0,3.9601138,7.3
2022-05-10 21:00:00,0.0,0.0,0.0,3.0536864,5.7
2022-05-10 22:00:00,0.0,0.0,0.0,2.6580067,4.6
2022-05-10 23:00:00,0.0,0.0,0.0,2.7613401,4.3
2022-05-11 00:00:00,0.0,0.0,0.0,2.7681222,4.4
2022-05-11 01:00:00,0.0,0.0,0.0,3.3443983,5.4
2022-05-11 02:00:00,0.0,0.0,0.0,3.4648232,6.3
2022-05-11 03:00:00,0.0,0.0,0.0,3.6749148,7.6
2022-05-11 04:00:00,0.0,0.0,0.0,4.080441,8.6
2022-05-11 05:00:00,0.0,0.0,0.0,5.028419,9.8
2022-05-11 06:00:00,0.0,0.0,0.0,5.657296,11.0
2022-05-11 07:00:00,0.0,0.0,0.0,5.8200088,12.3
2022-05-11 08:00:00,0.0,0.0,0.0,5.4886246,11.4
2022-05-11 09:00:00,0.0,0.0,0.0,5.3893414,11.3
2022-05-11 10:00:00,0.0,0.0,0.0,5.2794414,11.4
2022-05-11 11:00:00,0.0,0.0,0.0,5.2201533,11.1
2022-05-11 12:00:00,0.0,0.0,0.0,4.9844756,10.6
2022-05-11 13:00:00,0.0,0.0,0.0,4.3488507,9.4
2022-05-11 14:00:00,0.0,0.0,0.0,2.7721832,6.1
2022-05-11 15:00:00,0.0,0.0,0.0,2.1783023,3.2
2022-05-11 16:00:00,0.0,0.0,0.0,2.4515302,3.2
2022-05-11 17:00:00,0.0,0.0,0.0,2.6683328,2.7
2022-05-11 18:00:00,0.0,0.0,0.0,2.5739074,2.8
2022-05-11 19:00:00,0.0,0.0,0.0,2.5806975,3.2
2022-05-11 20:00:00,0.0,0.0,0.0,2.6518862,3.3
2022-05-11 21:00:00,0.0,0.0,0.0,2.6631746,3.4
2022-05-11 22:00:00,0.0,0.0,0.0,2.8301945,3.2
2022-05-11 23:00:00,0.0,0.0,0.0,2.3563743,2.9
2022-05-12 00:00:00,0.0,0.0,0.0,2.2005682,2.7
2022-05-12 01:00:00,0.0,0.0,0.0,1.5337862,2.0
2022-05-12 02:00:00,0.0,0.0,0.0,1.0259142,2.3
2022-05-12 03:00:00,0.0,0.0,0.0,0.77620876,2.5
2022-05-12 04:00:00,0.0,0.0,0.0,0.47434163,3.7
2022-05-12 05:00:00,0.0,0.0,0.0,0.78262377,5.2
2022-05-12 06:00:00,0.0,0.0,0.0,1.9104972,7.1
2022-05-12 07:00:00,0.0,0.0,0.0,2.5164459,7.2
2022-05-12 08:00:00,0.0,0.0,0.0,2.804015,7.5
2022-05-12 09:00:00,0.0,0.0,0.0,3.0103986,7.6
2022-05-12 10:00:00,0.0,0.0,0.0,3.467708,7.3
2022-05-12 11:00:00,0.0,0.0,0.0,3.3015149,7.1
2022-05-12 12:00:00,0.0,0.0,0.0,2.996665,6.4
2022-05-12 13:00:00,0.0,0.0,0.0,3.0805843,5.9
2022-05-12 14:00:00,0.0,0.0,0.0,2.6043231,5.1
2022-05-12 15:00:00,0.0,0.0,0.0,2.2321515,4.2
2022-05-12 16:00:00,0.0,0.0,0.0,2.75,3.8
2022-05-12 17:00:00,0.0,0.0,0.0,2.832402,3.6
2022-05-12 18:00:00,0.0,0.0,0.0,2.5894015,3.8
2022-05-12 19:00:00,0.0,0.0,0.0,2.641969,3.7
2022-05-12 20:00:00,0.0,0.0,0.0,2.6870058,3.9
2022-05-12 21:00:00,0.0,0.0,0.0,2.4545875,3.8
2022-05-12 22:00:00,0.0,0.0,0.0,2.3753946,3.6
2022-05-12 23:00:00,0.0,0.0,0.0,2.34094,3.4
2022-05-13 00:00:00,0.0,0.0,0.0,2.059733,2.8
2022-05-13 01:00:00,0.0,0.0,0.0,1.5524175,2.9
2022-05-13 02:00:00,0.0,0.0,0.0,1.1011357,4.0
2022-05-13 03:00:00,0.0,0.0,0.0,1.2539936,5.2
2022-05-13 04:00:00,0.0,0.0,0.0,1.7007351,6.7
2022-05-13 05:00:00,0.0,0.0,0.0,2.3420076,7.8
2022-05-13 06:00:00,0.0,0.0,0.0,3.2015622,8.6
2022-05-13 07:00:00,0.0,0.0,0.0,3.6667426,9.0
2022-05-13 08:00:00,0.0,0.0,0.0,4.0388737,9.5
2022-05-13 09:00:00,0.0,0.0,0.0,4.196725,9.6
2022-05-13 10:00:00,0.0,0.0,0.0,4.5392733,9.6
2022-05-13 11:00:00,0.0,0.0,0.0,4.6351914,9.8
2022-05-13 12:00:00,0.0,0.0,0.0,4.8931074,9.9
2022-05-13 13:00:00,0.0,0.0,0.0,5.120791,9.4
2022-05-13 14:00:00,0.0,0.0,0.0,4.596194,6.9
2022-05-13 15:00:00,0.0,0.0,0.0,3.8939054,6.6
2022-05-13 16:00:00,0.0,0.0,0.0,2.6000001,6.8
2022-05-13 17:00:00,0.0,0.0,0.0,1.9,3.8
2022-05-13 18:00:00,0.1,0.1,0.0,2.192031,4.1
2022-05-13 19:00:00,0.0,0.0,0.0,2.1540658,3.6
2022-05-13 20:00:00,0.0,0.0,0.0,2.074247,3.5
2022-05-13 21:00:00,0.0,0.0,0.0,2.180023,4.1
2022-05-13 22:00:00,0.0,0.0,0.0,2.3005433,4.3
2022-05-13 23:00:00,0.0,0.0,0.0,2.1260293,3.7
2022-05-14 00:00:00,0.0,0.0,0.0,2.1400933,3.5
2022-05-14 01:00:00,0.0,0.0,0.0,2.554408,4.3
2022-05-14 02:00:00,0.0,0.0,0.0,2.2276669,5.2
2022-05-14 03:00:00,0.0,0.0,0.0,2.5831182,6.5
2022-05-14 04:00:00,0.0,0.0,0.0,4.5803933,9.8
2022-05-14 05:00:00,0.0,0.0,0.0,5.7941785,11.4
2022-05-14 06:00:00,0.0,0.0,0.0,6.195361,12.5
2022-05-14 07:00:00,0.0,0.0,0.0,6.236986,13.0
2022-05-14 08:00:00,0.0,0.0,0.0,6.161371,12.4
2022-05-14 09:00:00,0.0,0.0,0.0,5.9785037,12.0
2022-05-14 10:00:00,0.0,0.0,0.0,6.2128897,11.9
2022-05-14 11:00:00,0.0,0.0,0.0,5.9960403,10.9
2022-05-14 12:00:00,0.0,0.0,0.0,5.6044626,11.0
2022-05-14 13:00:00,0.0,0.0,0.0,5.0916595,10.5
2022-05-14 14:00:00,0.0,0.0,0.0,4.560702,8.6
2022-05-14 15:00:00,0.0,0.0,0.0,3.9560082,6.3
2022-05-14 16:00:00,0.0,0.0,0.0,3.6749148,5.5
2022-05-14 17:00:00,0.0,0.0,0.0,4.1934476,6.6
2022-05-14 18:00:00,0.1,0.1,0.0,4.5135903,7.5
2022-05-14 19:00:00,0.0,0.0,0.0,4.0660176,7.5
2022-05-14 20:00:00,0.0,0.0,0.0,3.6619666,6.6
2022-05-14 21:00:00,0.0,0.0,0.0,3.4985712,6.3
2022-05-14 22:00:00,0.0,0.0,0.0,4.007805,6.2
2022-05-14 23:00:00,0.0,0.0,0.0,3.8967936,6.1
2022-05-15 00:00:00,0.0,0.0,0.0,3.7165172,6.1
2022-05-15 01:00:00,0.0,0.0,0.0,3.920459,6.7
2022-05-15 02:00:00,0.0,0.0,0.0,4.106702,8.3
2022-05-15 03:00:00,0.0,0.0,0.0,4.1880784,9.0
2022-05-15 04:00:00,0.0,0.0,0.0,4.2544093,9.8
2022-05-15 05:00:00,0.0,0.0,0.0,5.05099,11.4
2022-05-15 06:00:00,0.0,0.0,0.0,5.869625,12.2
2022-05-15 07:00:00,0.0,0.0,0.0,6.5551505,13.6
2022-05-15 08:00:00,0.0,0.0,0.0,6.42748,13.5
2022-05-15 09:00:00,0.0,0.0,0.0,6.5973473,13.3
2022-05-15 10:00:00,0.0,0.0,0.0,6.71193,13.1
2022-05-15 11:00:00,0.0,0.0,0.0,6.4430194,12.4
2022-05-15 12:00:00,0.0,0.0,0.0,5.680009,10.9
2022-05-15 13:00:00,0.0,0.0,0.0,4.1617303,9.1
2022-05-15 14:00:00,0.0,0.0,0.0,2.830636,5.3
2022-05-15 15:00:00,0.0,0.0,0.0,3.0647187,5.4
2022-05-15 16:00:00,0.0,0.0,0.0,3.4014702,6.7
2022-05-15 17:00:00,0.0,0.0,0.0,3.2442255,6.6
2022-05-15 18:00:00,0.0,0.0,0.0,3.1064448,5.7
2022-05-15 19:00:00,0.0,0.0,0.0,3.0450783,5.2
2022-05-15 20:00:00,0.0,0.0,0.0,3.0207615,5.1
2022-05-15 21:00:00,0.0,0.0,0.0,2.804015,4.8
2022-05-15 22:00:00,0.0,0.0,0.0,2.4909837,4.4
2022-05-15 23:00:00,0.0,0.0,0.0,2.1213202,3.8
2022-05-16 00:00:00,0.1,0.1,0.0,2.0506096,3.3
2022-05-16 01:00:00,0.0,0.0,0.0,2.5811818,4.6
2022-05-16 02:00:00,0.1,0.1,0.0,2.5504901,5.6
2022-05-16 03:00:00,0.0,0.0,0.0,3.2503846,6.3
2022-05-16 04:00:00,0.0,0.0,0.0,4.5568633,7.7
2022-05-16 05:00:00,0.0,0.0,0.0,5.4171023,10.0
2022-05-16 06:00:00,0.0,0.0,0.0,6.3120914,14.7
2022-05-16 07:00:00,0.0,0.0,0.0,7.5316,16.0
2022-05-16 08:00:00,0.0,0.0,0.0,7.7009745,16.3
2022-05-16 09:00:00,0.0,0.0,0.0,8.0062475,17.2
2022-05-16 10:00:00,0.0,0.0,0.0,8.571027,16.9
2022-05-16 11:00:00,0.0,0.0,0.0,7.247068,15.7
2022-05-16 12:00:00,0.0,0.0,0.0,8.529508,15.3
2022-05-16 13:00:00,0.0,0.0,0.0,6.622877,12.8
2022-05-16 14:00:00,0.0,0.0,0.0,4.031129,8.4
2022-05-16 15:00:00,0.0,0.0,0.0,2.9347062,6.5
2022-05-16 16:00:00,0.0,0.0,0.0,2.8844411,6.2
2022-05-16 17:00:00,0.0,0.0,0.0,2.5656383,5.5
2022-05-16 18:00:00,0.0,0.0,0.0,2.4052026,5.5
2022-05-16 19:00:00,0.0,0.0,0.0,2.5539184,4.2
2022-05-16 20:00:00,0.0,0.0,0.0,2.6953664,4.6
2022-05-16 21:00:00,0.0,0.0,0.0,2.8727167,4.9
2022-05-16 22:00:00,0.0,0.0,0.0,2.8792362,4.5
2022-05-16 23:00:00,0.0,0.0,0.0,2.7064736,4.5
2022-05-17 00:00:00,0.0,0.0,0.0,2.976995,5.2
2022-05-17 01:00:00,0.0,0.0,0.0,3.467708,6.1
2022-05-17 02:00:00,0.0,0.0,0.0,3.5794554,7.7
2022-05-17 03:00:00,0.0,0.0,0.0,4.1427646,9.3
2022-05-17 04:00:00,0.0,0.0,0.0,5.280152,11.6
2022-05-17 05:00:00,0.0,0.0,0.0,6.0821457,13.0
2022-05-17 06:00:00,0.0,0.0,0.0,6.7091355,13.9
2022-05-17 07:00:00,0.0,0.0,0.0,7.746128,15.3
2022-05-17 08:00:00,0.0,0.0,0.0,7.89446,15.3
2022-05-17 09:00:00,0.0,0.0,0.0,7.7152443,15.0
2022-05-17 10:00:00,0.0,0.0,0.0,7.6059184,13.8
2022-05-17 11:00:00,0.0,0.0,0.0,7.262403,13.2
2022-05-17 12:00:00,0.0,0.0,0.0,6.0827627,11.0
2022-05-17 13:00:00,0.0,0.0,0.0,4.6067886,8.9
2022-05-17 14:00:00,0.0,0.0,0.0,3.0004165,7.4
2022-05-17 15:00:00,0.0,0.0,0.0,1.8821529,3.6
2022-05-17 16:00:00,0.0,0.0,0.0,2.0518284,2.9
2022-05-17 17:00:00,0.0,0.0,0.0,2.0353131,3.2
2022-05-17 18:00:00,0.0,0.0,0.0,2.0155644,3.4
2022-05-17 19:00:00,0.0,0.0,0.0,1.9416488,3.1
2022-05-17 20:00:00,0.0,0.0,0.0,1.8200276,2.8
2022-05-17 21:00:00,0.0,0.0,0.0,1.8506756,2.8
2022-05-17 22:00:00,0.0,0.0,0.0,2.0506098,2.8
2022-05-17 23:00:00,0.0,0.0,0.0,2.0886598,3.1
2022-05-18 00:00:00,0.0,0.0,0.0,1.9849433,3.4
2022-05-18 01:00:00,0.3,0.3,0.0,1.523975,4.5
2022-05-18 02:00:00,0.3,0.3,0.0,1.1884865,4.8
2022-05-18 03:00:00,0.5,0.5,0.0,1.0965856,5.3
2022-05-18 04:00:00,0.7,0.7,0.0,1.0049876,6.0
2022-05-18 05:00:00,0.1,0.1,0.0,1.5628499,6.8
2022-05-18 06:00:00,0.1,0.1,0.0,2.2770596,6.6
2022-05-18 07:00:00,0.3,0.3,0.0,2.3584952,4.4
2022-05-18 08:00:00,0.1,0.1,0.0,2.0524375,5.8
2022-05-18 09:00:00,0.0,0.0,0.0,2.100595,5.8
2022-05-18 10:00:00,0.0,0.0,0.0,2.6744158,5.0
2022-05-18 11:00:00,0.0,0.0,0.0,2.9702694,4.9
2022-05-18 12:00:00,0.0,0.0,0.0,2.65,4.7
2022-05-18 13:00:00,0.0,0.0,0.0,2.4667792,5.4
2022-05-18 14:00:00,0.0,0.0,0.0,2.2808988,5.1
2022-05-18 15:00:00,0.0,0.0,0.0,3.3425288,6.3
2022-05-18 16:00:00,0.0,0.0,0.0,3.9195027,6.9
2022-05-18 17:00:00,0.0,0.0,0.0,3.981206,7.1
2022-05-18 18:00:00,0.0,0.0,0.0,3.7020264,7.0
2022-05-18 19:00:00,0.0,0.0,0.0,3.1890438,5.6
2022-05-18 20:00:00,0.0,0.0,0.0,2.5465662,4.5
2022-05-18 21:00:00,0.0,0.0,0.0,2.7721834,4.9
2022-05-18 22:00:00,0.0,0.0,0.0,4.494441,6.3
2022-05-18 23:00:00,0.0,0.0,0.0,5.23474,7.9
2022-05-19 00:00:00,0.0,0.0,0.0,5.093378,8.1
2022-05-19 01:00:00,0.0,0.0,0.0,4.6650295,8.2
2022-05-19 02:00:00,0.0,0.0,0.0,5.708984,10.7
2022-05-19 03:00:00,0.0,0.0,0.0,6.1355524,12.0
2022-05-19 04:00:00,0.0,0.0,0.0,7.194616,15.9
2022-05-19 05:00:00,0.0,0.0,0.0,8.035235,16.2
2022-05-19 06:00:00,0.0,0.0,0.0,8.056829,16.1
2022-05-19 07:00:00,0.0,0.0,0.0,8.117419,17.2
2022-05-19 08:00:00,0.0,0.0,0.0,8.116958,17.2
2022-05-19 09:00:00,0.0,0.0,0.0,8.56417,17.4
2022-05-19 10:00:00,0.0,0.0,0.0,9.778804,17.6
2022-05-19 11:00:00,0.0,0.0,0.0,10.231446,18.6
2022-05-19 12:00:00,0.0,0.0,0.0,9.488151,17.7
2022-05-19 13:00:00,0.0,0.0,0.0,8.549416,15.3
2022-05-19 14:00:00,0.0,0.0,0.0,7.180529,13.3
2022-05-19 15:00:00,0.0,0.0,0.0,5.942432,10.7
2022-05-19 16:00:00,0.0,0.0,0.0,5.079616,9.0
2022-05-19 17:00:00,0.0,0.0,0.0,4.315669,7.8
2022-05-19 18:00:00,0.0,0.0,0.0,3.9962482,6.2
2022-05-19 19:00:00,0.0,0.0,0.0,3.9300127,6.9
2022-05-19 20:00:00,0.0,0.0,0.0,3.9121606,6.8
2022-05-19 21:00:00,0.0,0.0,0.0,3.6090167,6.3
2022-05-19 22:00:00,0.0,0.0,0.0,3.5850384,5.9
2022-05-19 23:00:00,0.0,0.0,0.0,3.7366428,6.3
2022-05-20 00:00:00,0.0,0.0,0.0,4.2933087,7.7
2022-05-20 01:00:00,0.0,0.0,0.0,4.400284,8.9
2022-05-20 02:00:00,0.0,0.0,0.0,4.3488503,10.2
2022-05-20 03:00:00,0.0,0.0,0.0,4.295637,12.4
2022-05-20 04:00:00,0.0,0.0,0.0,3.9537954,13.2
2022-05-20 05:00:00,0.0,0.0,0.0,3.5933967,11.5
2022-05-20 06:00:00,0.0,0.0,0.0,3.5017853,10.7
2022-05-20 07:00:00,0.0,0.0,0.0,3.8890872,8.3
2022-05-20 08:00:00,0.0,0.0,0.0,4.398295,10.0
2022-05-20 09:00:00,0.0,0.0,0.0,4.770744,10.9
2022-05-20 10:00:00,0.0,0.0,0.0,5.8600345,11.6
2022-05-20 11:00:00,0.0,0.0,0.0,6.1355524,12.4
2022-05-20 12:00:00,0.0,0.0,0.0,5.3150725,11.0
2022-05-20 13:00:00,0.0,0.0,0.0,4.004997,8.2
2022-05-20 14:00:00,0.0,0.0,0.0,1.6446884,3.6
2022-05-20 15:00:00,0.0,0.0,0.0,1.7670598,2.7
2022-05-20 16:00:00,0.0,0.0,0.0,1.320038,2.4
2022-05-20 17:00:00,0.0,0.0,0.0,2.000625,3.3
2022-05-20 18:00:00,0.0,0.0,0.0,2.7865748,4.5
2022-05-20 19:00:00,0.0,0.0,0.0,3.1945267,5.5
2022-05-20 20:00:00,0.0,0.0,0.0,3.5531676,6.4
2022-05-20 21:00:00,0.0,0.0,0.0,4.069705,7.2
2022-05-20 22:00:00,0.0,0.0,0.0,4.4059615,7.7
2022-05-20 23:00:00,0.0,0.0,0.0,4.2793107,8.2
2022-05-21 00:00:00,0.0,0.0,0.0,4.5,8.6
2022-05-21 01:00:00,0.0,0.0,0.0,4.704253,8.9
2022-05-21 02:00:00,0.0,0.0,0.0,4.6631536,9.1
2022-05-21 03:00:00,0.0,0.0,0.0,5.405784,10.9
2022-05-21 04:00:00,0.0,0.0,0.0,6.0033326,12.1
2022-05-21 05:00:00,0.0,0.0,0.0,6.6030297,13.4
2022-05-21 06:00:00,0.0,0.0,0.0,7.171123,14.6
2022-05-21 07:00:00,0.0,0.0,0.0,7.4876566,15.3
2022-05-21 08:00:00,0.0,0.0,0.0,7.6970778,15.7
2022-05-21 09:00:00,0.0,0.0,0.0,7.85764,15.8
2022-05-21 10:00:00,0.0,0.0,0.0,8.825248,15.7
2022-05-21 11:00:00,0.0,0.0,0.0,8.796732,15.5
2022-05-21 12:00:00,0.0,0.0,0.0,8.403719,14.9
2022-05-21 13:00:00,0.0,0.0,0.0,7.0938354,13.0
2022-05-21 14:00:00,0.0,0.0,0.0,5.6020083,9.8
2022-05-21 15:00:00,0.1,0.1,0.0,5.0707493,10.9
2022-05-21 16:00:00,0.5,0.5,0.0,4.2573466,11.5
2022-05-21 17:00:00,0.0,0.0,0.0,3.463019,11.6
2022-05-21 18:00:00,0.0,0.0,0.0,3.987794,9.6
2022-05-21 19:00:00,0.0,0.0,0.0,6.100205,11.2
2022-05-21 20:00:00,0.0,0.0,0.0,6.0667124,11.0
2022-05-21 21:00:00,0.0,0.0,0.0,5.2086463,9.4
2022-05-21 22:00:00,0.0,0.0,0.0,5.6515484,9.7
2022-05-21 23:00:00,0.0,0.0,0.0,5.3160133,10.4
2022-05-22 00:00:00,0.5,0.5,0.0,5.3160133,9.1
2022-05-22 01:00:00,0.7,0.7,0.0,5.05099,8.2
2022-05-22 02:00:00,0.4,0.4,0.0,4.133098,8.7
2022-05-22 03:00:00,0.1,0.1,0.0,4.315669,10.5
2022-05-22 04:00:00,0.0,0.0,0.0,5.4465585,10.8
2022-05-22 05:00:00,0.1,0.1,0.0,6.3643537,13.6
2022-05-22 06:00:00,0.2,0.2,0.0,6.434672,15.6
2022-05-22 07:00:00,0.1,0.1,0.0,7.3913803,16.4
2022-05-22 08:00:00,0.1,0.1,0.0,8.504117,17.4
2022-05-22 09:00:00,0.0,0.0,0.0,8.574672,18.1
2022-05-22 10:00:00,0.1,0.1,0.0,10.470076,18.5
2022-05-22 11:00:00,0.3,0.3,0.0,9.57823,18.2
2022-05-22 12:00:00,0.4,0.4,0.0,8.999027,16.8
2022-05-22 13:00:00,0.1,0.1,0.0,9.101786,15.3
2022-05-22 14:00:00,0.0,0.0,0.0,7.5805674,12.5
2022-05-22 15:00:00,0.0,0.0,0.0,5.7623777,9.8
2022-05-22 16:00:00,0.0,0.0,0.0,4.8654394,8.7
2022-05-22 17:00:00,0.0,0.0,0.0,4.988236,8.2
2022-05-22 18:00:00,0.0,0.0,0.0,5.5104446,8.2
2022-05-22 19:00:00,0.0,0.0,0.0,5.549099,10.1
2022-05-22 20:00:00,0.0,0.0,0.0,5.0311527,8.9
2022-05-22 21:00:00,0.0,0.0,0.0,4.7460513,8.4
2022-05-22 22:00:00,0.0,0.0,0.0,5.284411,9.2
2022-05-22 23:00:00,0.0,0.0,0.0,4.875705,8.6
2022-05-23 00:00:00,0.0,0.0,0.0,5.308484,9.5
2022-05-23 01:00:00,0.0,0.0,0.0,5.60803,10.2
2022-05-23 02:00:00,0.0,0.0,0.0,6.1073728,12.2
2022-05-23 03:00:00,0.0,0.0,0.0,7.4560375,14.3
2022-05-23 04:00:00,0.0,0.0,0.0,8.359725,15.8
2022-05-23 05:00:00,0.0,0.0,0.0,8.778525,16.5
2022-05-23 06:00:00,0.0,0.0,0.0,7.721723,15.5
2022-05-23 07:00:00,0.1,0.1,0.0,6.3302846,11.5
2022-05-23 08:00:00,0.0,0.0,0.0,5.502045,10.9
2022-05-23 09:00:00,0.0,0.0,0.0,7.0017853,13.9
2022-05-23 10:00:00,0.0,0.0,0.0,9.2439165,16.0
2022-05-23 11:00:00,0.0,0.0,0.0,8.741854,15.5
2022-05-23 12:00:00,0.0,0.0,0.0,7.5976973,14.7
2022-05-23 13:00:00,0.0,0.0,0.0,6.431563,12.2
2022-05-23 14:00:00,0.0,0.0,0.0,4.6089587,8.0
2022-05-23 15:00:00,0.0,0.0,0.0,4.052777,6.1
2022-05-23 16:00:00,0.0,0.0,0.0,4.00125,6.2
2022-05-23 17:00:00,0.0,0.0,0.0,3.8529208,6.0
2022-05-23 18:00:00,0.0,0.0,0.0,3.6667426,5.3
2022-05-23 19:00:00,0.0,0.0,0.0,3.3948488,5.9
2022-05-23 20:00:00,0.0,0.0,0.0,3.0594118,5.1
2022-05-23 21:00:00,0.0,0.0,0.0,2.7372432,4.7
2022-05-23 22:00:00,0.0,0.0,0.0,2.5961509,4.4
2022-05-23 23:00:00,0.0,0.0,0.0,2.6725454,3.9
2022-05-24 00:00:00,0.0,0.0,0.0,2.6100767,3.5
2022-05-24 01:00:00,0.0,0.0,0.0,2.8044608,4.0
2022-05-24 02:00:00,0.1,0.1,0.0,2.1289668,4.3
2022-05-24 03:00:00,0.2,0.2,0.0,1.746425,4.6
2022-05-24 04:00:00,0.0,0.0,0.0,1.6507574,5.5
2022-05-24 05:00:00,0.0,0.0,0.0,2.274313,7.0
2022-05-24 06:00:00,0.0,0.0,0.0,3.407712,8.5
2022-05-24 07:00:00,0.0,0.0,0.0,3.6868007,9.0
2022-05-24 08:00:00,0.0,0.0,0.0,3.52881,8.7
2022-05-24 09:00:00,0.0,0.0,0.0,3.3425288,8.3
2022-05-24 10:00:00,0.0,0.0,0.0,3.7124789,7.8
2022-05-24 11:00:00,0.0,0.0,0.0,3.473111,7.3
2022-05-24 12:00:00,0.0,0.0,0.0,3.2101402,6.9
2022-05-24 13:00:00,0.0,0.0,0.0,2.9025853,6.2
2022-05-24 14:00:00,0.0,0.0,0.0,1.8179659,3.4
2022-05-24 15:00:00,0.0,0.0,0.0,2.4520397,4.1
2022-05-24 16:00:00,0.0,0.0,0.0,3.2500002,5.8
2022-05-24 17:00:00,0.0,0.0,0.0,3.6541073,6.8
2022-05-24 18:00:00,0.0,0.0,0.0,3.6224992,6.7
2022-05-24 19:00:00,0.0,0.0,0.0,3.427098,5.9
2022-05-24 20:00:00,0.0,0.0,0.0,3.1976552,5.5
2022-05-24 21:00:00,0.0,0.0,0.0,2.9740546,5.0
2022-05-24 22:00:00,0.0,0.0,0.0,2.7856774,4.9
2022-05-24 23:00:00,0.0,0.0,0.0,2.666927,4.9
2022-05-25 00:00:00,0.0,0.0,0.0,2.700463,4.9
2022-05-25 01:00:00,0.0,0.0,0.0,3.1503968,5.7
2022-05-25 02:00:00,0.0,0.0,0.0,3.2035139,6.7
2022-05-25 03:00:00,0.0,0.0,0.0,3.925876,8.3
2022-05-25 04:00:00,0.0,0.0,0.0,4.5502744,9.7
2022-05-25 05:00:00,0.0,0.0,0.0,5.597321,11.2
2022-05-25 06:00:00,0.0,0.0,0.0,5.9052944,11.8
2022-05-25 07:00:00,0.0,0.0,0.0,5.6923194,12.1
2022-05-25 08:00:00,0.0,0.0,0.0,5.23474,11.4
2022-05-25 09:00:00,0.0,0.0,0.0,4.718315,10.5
2022-05-25 10:00:00,0.0,0.0,0.0,4.5458775,9.7
2022-05-25 11:00:00,0.0,0.0,0.0,4.1146083,9.0
2022-05-25 12:00:00,0.0,0.0,0.0,4.0672474,8.8
2022-05-25 13:00:00,0.0,0.0,0.0,3.618356,7.6
2022-05-25 14:00:00,0.0,0.0,0.0,3.6013885,7.4
2022-05-25 15:00:00,0.0,0.0,0.0,3.9028838,7.2
2022-05-25 16:00:00,0.0,0.0,0.0,4.2026772,7.4
2022-05-25 17:00:00,0.0,0.0,0.0,4.2511764,7.3
2022-05-25 18:00:00,0.0,0.0,0.0,4.451123,7.3
2022-05-25 19:00:00,0.0,0.0,0.0,4.373214,7.7
2022-05-25 20:00:00,0.0,0.0,0.0,4.0524683,7.1
2022-05-25 21:00:00,0.0,0.0,0.0,3.7262583,6.5
2022-05-25 22:00:00,0.0,0.0,0.0,3.674915,6.1
2022-05-25 23:00:00,0.0,0.0,0.0,3.3955853,5.8
2022-05-26 00:00:00,0.0,0.0,0.0,3.4329286,5.8
2022-05-26 01:00:00,0.0,0.0,0.0,3.710795,6.3
2022-05-26 02:00:00,0.0,0.0,0.0,3.6062446,7.1
2022-05-26 03:00:00,0.0,0.0,0.0,3.8160844,8.0
2022-05-26 04:00:00,0.0,0.0,0.0,3.9195025,8.6
2022-05-26 05:00:00,0.0,0.0,0.0,4.3407946,9.4
2022-05-26 06:00:00,0.0,0.0,0.0,5.211766,10.6
2022-05-26 07:00:00,0.0,0.0,0.0,5.819364,12.5
2022-05-26 08:00:00,0.0,0.0,0.0,5.710079,12.4
2022-05-26 09:00:00,0.0,0.0,0.0,5.6147127,12.3
2022-05-26 10:00:00,0.0,0.0,0.0,6.4158006,12.3
2022-05-26 11:00:00,0.2,0.2,0.0,6.797977,11.8
2022-05-26 12:00:00,0.7,0.7,0.0,5.555628,10.1
2022-05-26 13:00:00,0.2,0.2,0.0,3.4003677,8.3
2022-05-26 14:00:00,0.1,0.1,0.0,2.9129024,5.0
2022-05-26 15:00:00,0.0,0.0,0.0,3.0565505,4.4
2022-05-26 16:00:00,0.0,0.0,0.0,6.422227,5.6
2022-05-26 17:00:00,0.0,0.0,0.0,5.9165025,9.4
2022-05-26 18:00:00,0.0,0.0,0.0,5.3471956,10.2
2022-05-26 19:00:00,0.0,0.0,0.0,5.110039,9.2
2022-05-26 20:00:00,0.0,0.0,0.0,5.169623,9.3
2022-05-26 21:00:00,0.0,0.0,0.0,5.4671745,10.0
2022-05-26 22:00:00,0.0,0.0,0.0,6.4001956,10.6
2022-05-26 23:00:00,0.0,0.0,0.0,5.9300084,10.3
2022-05-27 00:00:00,0.0,0.0,0.0,5.801939,10.2
2022-05-27 01:00:00,0.0,0.0,0.0,6.220129,11.2
2022-05-27 02:00:00,0.0,0.0,0.0,7.0194373,12.9
2022-05-27 03:00:00,0.0,0.0,0.0,6.360031,13.9
2022-05-27 04:00:00,0.0,0.0,0.0,5.857687,13.2
2022-05-27 05:00:00,0.0,0.0,0.0,5.667892,12.6
2022-05-27 06:00:00,0.0,0.0,0.0,5.311544,11.7
2022-05-27 07:00:00,0.0,0.0,0.0,5.2201533,11.2
2022-05-27 08:00:00,0.0,0.0,0.0,5.227332,11.0
2022-05-27 09:00:00,0.0,0.0,0.0,5.0990195,10.5
2022-05-27 10:00:00,0.0,0.0,0.0,5.5443664,10.6
2022-05-27 11:00:00,0.0,0.0,0.0,5.1088157,9.8
2022-05-27 12:00:00,0.0,0.0,0.0,4.706644,9.0
2022-05-27 13:00:00,0.0,0.0,0.0,4.3566046,7.8
2022-05-27 14:00:00,0.0,0.0,0.0,3.613862,5.7
2022-05-27 15:00:00,0.0,0.0,0.0,2.3086793,3.0
2022-05-27 16:00:00,0.0,0.0,0.0,2.1931713,3.6
2022-05-27 17:00:00,0.0,0.0,0.0,2.2022715,4.1
2022-05-27 18:00:00,0.0,0.0,0.0,2.0,4.7
2022-05-27 19:00:00,0.0,0.0,0.0,1.9811614,3.5
2022-05-27 20:00:00,0.0,0.0,0.0,2.4520397,4.2
2022-05-27 21:00:00,0.0,0.0,0.0,2.830636,4.9
2022-05-27 22:00:00,0.0,0.0,0.0,2.408319,5.0
2022-05-27 23:00:00,0.0,0.0,0.0,2.3070545,4.5
2022-05-28 00:00:00,0.0,0.0,0.0,2.4515302,4.5
2022-05-28 01:00:00,0.0,0.0,0.0,2.5504901,5.0
2022-05-28 02:00:00,0.0,0.0,0.0,2.098809,5.5
2022-05-28 03:00:00,0.0,0.0,0.0,1.5532224,5.4
2022-05-28 04:00:00,0.0,0.0,0.0,1.5402921,5.2
2022-05-28 05:00:00,0.0,0.0,0.0,0.85146934,4.9
2022-05-28 06:00:00,0.0,0.0,0.0,0.7017834,4.2
2022-05-28 07:00:00,0.0,0.0,0.0,1.0259142,4.7
2022-05-28 08:00:00,0.0,0.0,0.0,1.5976546,5.7
2022-05-28 09:00:00,0.0,0.0,0.0,1.9602296,6.2
2022-05-28 10:00:00,0.0,0.0,0.0,2.8779333,6.5
2022-05-28 11:00:00,0.0,0.0,0.0,3.103627,6.3
2022-05-28 12:00:00,0.0,0.0,0.0,3.1408596,6.2
2022-05-28 13:00:00,0.0,0.0,0.0,3.3425288,6.2
2022-05-28 14:00:00,0.0,0.0,0.0,3.5128336,5.8
2022-05-28 15:00:00,0.0,0.0,0.0,4.011546,6.5
2022-05-28 16:00:00,0.0,0.0,0.0,4.521338,7.2
2022-05-28 17:00:00,0.0,0.0,0.0,4.7265205,7.2
2022-05-28 18:00:00,0.0,0.0,0.0,4.5675488,7.0
2022-05-28 19:00:00,0.0,0.0,0.0,4.4384685,7.7
2022-05-28 20:00:00,0.0,0.0,0.0,3.8939056,6.8
2022-05-28 21:00:00,0.0,0.0,0.0,3.2649655,5.7
2022-05-28 22:00:00,0.0,0.0,0.0,3.010814,4.4
2022-05-28 23:00:00,0.0,0.0,0.0,2.265502,3.5
2022-05-29 00:00:00,0.0,0.0,0.0,2.0130823,3.1
2022-05-29 01:00:00,0.0,0.0,0.0,2.071835,4.1
2022-05-29 02:00:00,0.0,0.0,0.0,1.603122,4.5
2022-05-29 03:00:00,0.0,0.0,0.0,1.9026297,5.8
2022-05-29 04:00:00,0.0,0.0,0.0,2.4020824,6.8
2022-05-29 05:00:00,0.0,0.0,0.0,3.103627,8.0
2022-05-29 06:00:00,0.0,0.0,0.0,3.8082147,9.2
2022-05-29 07:00:00,0.0,0.0,0.0,4.2026772,10.0
2022-05-29 08:00:00,0.0,0.0,0.0,4.3603325,10.2
2022-05-29 09:00:00,0.0,0.0,0.0,4.5831213,10.5
2022-05-29 10:00:00,0.0,0.0,0.0,5.2469034,10.7
2022-05-29 11:00:00,0.0,0.0,0.0,5.3835397,10.7
2022-05-29 12:00:00,0.0,0.0,0.0,5.468546,10.6
2022-05-29 13:00:00,0.0,0.0,0.0,5.302122,10.2
2022-05-29 14:00:00,0.0,0.0,0.0,3.952847,7.5
2022-05-29 15:00:00,0.0,0.0,0.0,2.777139,4.4
2022-05-29 16:00:00,0.0,0.0,0.0,2.804015,4.2
2022-05-29 17:00:00,0.0,0.0,0.0,2.8692334,4.7
2022-05-29 18:00:00,0.0,0.0,0.0,2.9347062,4.9
2022-05-29 19:00:00,0.0,0.0,0.0,2.9154758,4.9
2022-05-29 20:00:00,0.0,0.0,0.0,2.8783677,4.8
2022-05-29 21:00:00,0.0,0.0,0.0,2.8853076,4.8
2022-05-29 22:00:00,0.0,0.0,0.0,3.1144822,4.6
2022-05-29 23:00:00,0.0,0.0,0.0,2.9261749,4.5
2022-05-30 00:00:00,0.0,0.0,0.0,2.7294688,4.3
2022-05-30 01:00:00,0.0,0.0,0.0,2.5700195,4.7
2022-05-30 02:00:00,0.0,0.0,0.0,1.6620771,4.6
2022-05-30 03:00:00,0.0,0.0,0.0,0.99247164,4.4
2022-05-30 04:00:00,0.0,0.0,0.0,0.8732125,5.1
2022-05-30 05:00:00,0.0,0.0,0.0,2.071835,8.9
2022-05-30 06:00:00,0.0,0.0,0.0,3.1180923,8.8
2022-05-30 07:00:00,0.0,0.0,0.0,3.8059163,9.3
2022-05-30 08:00:00,0.0,0.0,0.0,4.160829,9.8
2022-05-30 09:00:00,0.0,0.0,0.0,4.3525853,9.9
2022-05-30 10:00:00,0.0,0.0,0.0,4.554394,9.4
2022-05-30 11:00:00,0.0,0.0,0.0,4.762877,8.8
2022-05-30 12:00:00,0.1,0.1,0.0,4.7542086,8.8
2022-05-30 13:00:00,0.0,0.0,0.0,4.111265,7.5
2022-05-30 14:00:00,0.1,0.1,0.0,2.7681222,5.2
2022-05-30 15:00:00,0.0,0.0,0.0,1.6977926,2.8
2022-05-30 16:00:00,0.0,0.0,0.0,2.1965883,3.0
2022-05-30 17:00:00,0.0,0.0,0.0,2.030394,3.3
2022-05-30 18:00:00,0.0,0.0,0.0,2.059733,3.4
2022-05-30 19:00:00,0.0,0.0,0.0,1.7507142,3.3
2022-05-30 20:00:00,0.0,0.0,0.0,2.1868927,3.3
2022-05-30 21:00:00,0.0,0.0,0.0,2.0573041,3.0
2022-05-30 22:00:00,0.0,0.0,0.0,1.6807737,3.2
2022-05-30 23:00:00,0.0,0.0,0.0,1.7585506,3.2
2022-05-31 00:00:00,0.0,0.0,0.0,2.1377556,4.0
2022-05-31 01:00:00,0.0,0.0,0.0,2.7115495,5.2
2022-05-31 02:00:00,0.0,0.0,0.0,3.52881,6.7
2022-05-31 03:00:00,0.0,0.0,0.0,5.108816,9.3
2022-05-31 04:00:00,0.2,0.2,0.0,6.0108232,12.3
2022-05-31 05:00:00,1.1,1.1,0.0,5.3723826,14.1
2022-05-31 06:00:00,1.0,1.0,0.0,5.549099,10.7
2022-05-31 07:00:00,0.0,0.0,0.0,6.0716553,13.1
2022-05-31 08:00:00,0.0,0.0,0.0,5.9709716,13.0
2022-05-31 09:00:00,0.0,0.0,0.0,6.1846585,13.4
2022-05-31 10:00:00,0.1,0.1,0.0,7.071952,13.7
2022-05-31 11:00:00,0.0,0.0,0.0,7.4138384,14.1
2022-05-31 12:00:00,0.0,0.0,0.0,7.6793556,13.5
2022-05-31 13:00:00,0.0,0.0,0.0,7.1688566,12.2
2022-05-31 14:00:00,0.0,0.0,0.0,6.6109757,11.0
2022-05-31 15:00:00,0.0,0.0,0.0,6.6017046,9.5
2022-05-31 16:00:00,0.0,0.0,0.0,4.924429,8.7
2022-05-31 17:00:00,0.0,0.0,0.0,3.8694315,7.4
2022-05-31 18:00:00,0.0,0.0,0.0,4.24323,7.4
2022-05-31 19:00:00,0.1,0.1,0.0,4.516913,7.8
2022-05-31 20:00:00,0.0,0.0,0.0,4.2714167,7.6
2022-05-31 21:00:00,0.0,0.0,0.0,4.494719,8.1
2022-05-31 22:00:00,0.0,0.0,0.0,5.3956,8.6
2022-05-31 23:00:00,0.0,0.0,0.0,5.1288395,8.4
2022-06-01 00:00:00,0.0,0.0,0.0,5.075677,8.6
2022-06-01 01:00:00,0.0,0.0,0.0,5.6022315,9.1
2022-06-01 02:00:00,0.0,0.0,0.0,6.290072,11.3
2022-06-01 03:00:00,0.0,0.0,0.0,6.2309713,12.2
2022-06-01 04:00:00,0.1,0.1,0.0,6.504806,13.1
2022-06-01 05:00:00,0.0,0.0,0.0,6.6287255,13.3
2022-06-01 06:00:00,0.0,0.0,0.0,6.5593443,13.0
2022-06-01 07:00:00,0.0,0.0,0.0,6.780118,13.7
2022-06-01 08:00:00,0.0,0.0,0.0,6.6772,13.6
2022-06-01 09:00:00,0.0,0.0,0.0,6.448643,13.1
2022-06-01 10:00:00,0.0,0.0,0.0,7.017834,13.2
2022-06-01 11:00:00,0.0,0.0,0.0,6.841235,12.7
2022-06-01 12:00:00,0.0,0.0,0.0,6.629668,12.3
2022-06-01 13:00:00,0.0,0.0,0.0,6.440497,12.3
2022-06-01 14:00:00,0.0,0.0,0.0,5.570009,10.3
2022-06-01 15:00:00,0.0,0.0,0.0,4.7413077,9.3
2022-06-01 16:00:00,0.0,0.0,0.0,3.8694315,7.7
2022-06-01 17:00:00,0.0,0.0,0.0,3.1851218,6.2
2022-06-01 18:00:00,0.0,0.0,0.0,3.1144822,5.0
2022-06-01 19:00:00,0.0,0.0,0.0,3.2534595,5.5
2022-06-01 20:00:00,0.0,0.0,0.0,3.2101402,5.4
2022-06-01 21:00:00,0.0,0.0,0.0,2.9410884,5.0
2022-06-01 22:00:00,0.0,0.0,0.0,2.6315393,4.3
2022-06-01 23:00:00,0.0,0.0,0.0,2.441823,4.1
2022-06-02 00:00:00,0.0,0.0,0.0,2.6518862,4.4
2022-06-02 01:00:00,0.0,0.0,0.0,2.865746,5.4
2022-06-02 02:00:00,0.0,0.0,0.0,2.865746,6.4
2022-06-02 03:00:00,0.0,0.0,0.0,3.0153773,7.2
2022-06-02 04:00:00,0.0,0.0,0.0,3.4441981,8.9
2022-06-02 05:00:00,0.0,0.0,0.0,3.996561,9.5
2022-06-02 06:00:00,0.0,0.0,0.0,4.0660176,9.8
2022-06-02 07:00:00,0.0,0.0,0.0,4.1743264,9.8
2022-06-02 08:00:00,0.0,0.0,0.0,4.214558,9.8
2022-06-02 09:00:00,0.0,0.0,0.0,4.327817,9.9
2022-06-02 10:00:00,0.0,0.0,0.0,4.3416586,9.9
2022-06-02 11:00:00,0.0,0.0,0.0,4.4969435,9.8
2022-06-02 12:00:00,0.0,0.0,0.0,4.7423625,9.4
2022-06-02 13:00:00,0.0,0.0,0.0,4.5524716,8.7
2022-06-02 14:00:00,0.0,0.0,0.0,3.0302641,5.6
2022-06-02 15:00:00,0.0,0.0,0.0,2.2299104,3.4
2022-06-02 16:00:00,0.0,0.0,0.0,2.7986603,3.2
2022-06-02 17:00:00,0.0,0.0,0.0,2.2847319,3.4
2022-06-02 18:00:00,0.0,0.0,0.0,2.2588713,3.7
2022-06-02 19:00:00,0.0,0.0,0.0,2.4545875,3.2
2022-06-02 20:00:00,0.0,0.0,0.0,1.9235383,2.7
2022-06-02 21:00:00,0.0,0.0,0.0,1.15,2.1
2022-06-02 22:00:00,0.0,0.0,0.0,0.8062258,2.0
2022-06-02 23:00:00,0.0,0.0,0.0,1.7102631,3.1
2022-06-03 00:00:00,0.0,0.0,0.0,2.180023,4.6
2022-06-03 01:00:00,0.0,0.0,0.0,2.9090376,6.0
2022-06-03 02:00:00,0.0,0.0,0.0,3.0732718,7.1
2022-06-03 03:00:00,0.0,0.0,0.0,3.5735137,8.3
2022-06-03 04:00:00,0.0,0.0,0.0,4.018084,9.2
2022-06-03 05:00:00,0.0,0.0,0.0,4.5127597,12.2
2022-06-03 06:00:00,0.0,0.0,0.0,5.4722023,13.3
2022-06-03 07:00:00,0.6,0.6,0.0,5.8587537,12.9
2022-06-03 08:00:00,0.2,0.2,0.0,4.918587,10.8
2022-06-03 09:00:00,0.0,0.0,0.0,4.88083,9.0
2022-06-03 10:00:00,0.1,0.1,0.0,4.2617483,10.4
2022-06-03 11:00:00,1.1,1.1,0.0,4.632764,9.5
2022-06-03 12:00:00,0.1,0.1,0.0,3.1642535,6.6
2022-06-03 13:00:00,0.0,0.0,0.0,2.804015,5.9
2022-06-03 14:00:00,0.0,0.0,0.0,2.8987067,5.3
2022-06-03 15:00:00,0.0,0.0,0.0,3.2206366,4.8
2022-06-03 16:00:00,0.0,0.0,0.0,3.3305407,5.3
2022-06-03 17:00:00,0.0,0.0,0.0,3.0777426,5.5
2022-06-03 18:00:00,0.0,0.0,0.0,2.624881,4.8
2022-06-03 19:00:00,0.0,0.0,0.0,2.3070545,3.8
2022-06-03 20:00:00,0.0,0.0,0.0,2.0554805,3.5
2022-06-03 21:00:00,0.0,0.0,0.0,2.000625,3.4
2022-06-03 22:00:00,0.0,0.0,0.0,1.9962465,3.6
2022-06-03 23:00:00,0.0,0.0,0.0,1.7492856,3.6
2022-06-04 00:00:00,0.0,0.0,0.0,1.5337862,3.2
2022-06-04 01:00:00,0.1,0.1,0.0,1.6568041,4.2
2022-06-04 02:00:00,0.1,0.1,0.0,1.8337121,4.8
2022-06-04 03:00:00,0.1,0.1,0.0,2.408319,5.7
2022-06-04 04:00:00,0.0,0.0,0.0,3.001666,7.0
2022-06-04 05:00:00,0.1,0.1,0.0,2.8727167,9.0
2022-06-04 06:00:00,0.0,0.0,0.0,2.624881,10.6
2022-06-04 07:00:00,0.9,0.9,0.0,2.540177,8.6
2022-06-04 08:00:00,1.8,1.8,0.0,2.65,11.1
2022-06-04 09:00:00,1.1,1.1,0.0,3.2745228,11.3
2022-06-04 10:00:00,1.1,1.1,0.0,3.5174565,9.2
2022-06-04 11:00:00,5.0,5.0,0.0,2.219234,6.1
2022-06-04 12:00:00,3.8,3.8,0.0,1.2529964,7.7
2022-06-04 13:00:00,3.3,3.3,0.0,1.2093385,9.9
2022-06-04 14:00:00,2.1,2.1,0.0,5.8638725,14.1
2022-06-04 15:00:00,1.2,1.2,0.0,9.963935,18.0
2022-06-04 16:00:00,0.8,0.8,0.0,9.697036,15.6
2022-06-04 17:00:00,0.3,0.3,0.0,7.721723,11.6
2022-06-04 18:00:00,0.1,0.1,0.0,5.9820566,8.7
2022-06-04 19:00:00,0.0,0.0,0.0,4.8708315,8.7
2022-06-04 20:00:00,0.0,0.0,0.0,3.9319208,6.9
2022-06-04 21:00:00,0.0,0.0,0.0,3.352611,5.7
2022-06-04 22:00:00,0.0,0.0,0.0,2.570992,4.6
2022-06-04 23:00:00,0.0,0.0,0.0,2.1029742,3.8
2022-06-05 00:00:00,0.0,0.0,0.0,2.3307724,4.2
2022-06-05 01:00:00,0.0,0.0,0.0,2.3753946,5.1
2022-06-05 02:00:00,0.0,0.0,0.0,2.3600848,5.6
2022-06-05 03:00:00,0.0,0.0,0.0,2.4010415,6.0
2022-06-05 04:00:00,0.0,0.0,0.0,2.5460753,6.5
2022-06-05 05:00:00,0.0,0.0,0.0,2.777139,7.1
2022-06-05 06:00:00,0.0,0.0,0.0,2.4909837,6.7
2022-06-05 07:00:00,0.0,0.0,0.0,1.990603,6.2
2022-06-05 08:00:00,0.0,0.0,0.0,1.8560711,6.2
2022-06-05 09:00:00,0.0,0.0,0.0,1.8741665,5.9
2022-06-05 10:00:00,0.0,0.0,0.0,1.9811614,5.4
2022-06-05 11:00:00,0.0,0.0,0.0,1.978004,5.1
2022-06-05 12:00:00,0.0,0.0,0.0,2.1053503,4.9
2022-06-05 13:00:00,0.0,0.0,0.0,1.6278821,3.9
2022-06-05 14:00:00,0.0,0.0,0.0,1.0965856,2.8
2022-06-05 15:00:00,0.0,0.0,0.0,1.6643317,3.2
2022-06-05 16:00:00,0.0,0.0,0.0,1.6918924,3.4
2022-06-05 17:00:00,0.0,0.0,0.0,1.9039432,3.5
2022-06-05 18:00:00,0.0,0.0,0.0,2.1029742,3.3
2022-06-05 19:00:00,0.0,0.0,0.0,1.833712,2.9
2022-06-05 20:00:00,0.0,0.0,0.0,1.5435349,2.5
2022-06-05 21:00:00,0.0,0.0,0.0,1.6124516,2.8
2022-06-05 22:00:00,0.0,0.0,0.0,1.8357561,3.0
2022-06-05 23:00:00,0.0,0.0,0.0,2.05,3.2
2022-06-06 00:00:00,0.0,0.0,0.0,2.2638464,3.5
2022-06-06 01:00:00,0.0,0.0,0.0,2.4505103,4.5
2022-06-06 02:00:00,0.0,0.0,0.0,2.2588713,5.0
2022-06-06 03:00:00,0.0,0.0,0.0,2.581182,5.7
2022-06-06 04:00:00,0.0,0.0,0.0,3.0302641,6.9
2022-06-06 05:00:00,0.0,0.0,0.0,3.5752623,8.0
2022-06-06 06:00:00,0.0,0.0,0.0,3.6311154,8.0
2022-06-06 07:00:00,0.0,0.0,0.0,3.4300144,8.2
2022-06-06 08:00:00,0.0,0.0,0.0,3.3015149,7.9
2022-06-06 09:00:00,0.0,0.0,0.0,3.275668,7.4
2022-06-06 10:00:00,0.0,0.0,0.0,3.25,6.5
2022-06-06 11:00:00,0.0,0.0,0.0,2.7041633,5.5
2022-06-06 12:00:00,0.0,0.0,0.0,1.9039433,3.6
2022-06-06 13:00:00,0.0,0.0,0.0,0.9192388,1.1
2022-06-06 14:00:00,0.0,0.0,0.0,2.1400933,2.4
2022-06-06 15:00:00,0.0,0.0,0.0,3.3771288,4.0
2022-06-06 16:00:00,0.0,0.0,0.0,4.1773195,5.4
2022-06-06 17:00:00,0.0,0.0,0.0,4.3502874,6.0
2022-06-06 18:00:00,0.0,0.0,0.0,4.0749235,5.9
2022-06-06 19:00:00,0.0,0.0,0.0,3.618356,6.3
2022-06-06 20:00:00,0.0,0.0,0.0,3.2500002,5.5
2022-06-06 21:00:00,0.0,0.0,0.0,2.570992,4.3
2022-06-06 22:00:00,0.0,0.0,0.0,1.8200275,3.6
2022-06-06 23:00:00,0.0,0.0,0.0,1.767767,3.2
2022-06-07 00:00:00,0.0,0.0,0.0,1.2589679,2.8
2022-06-07 01:00:00,0.0,0.0,0.0,1.3038404,3.4
2022-06-07 02:00:00,0.0,0.0,0.0,0.81394106,3.4
2022-06-07 03:00:00,0.0,0.0,0.0,0.95131487,3.5
2022-06-07 04:00:00,0.0,0.0,0.0,1.17047,3.7
2022-06-07 05:00:00,0.0,0.0,0.0,1.4422206,4.5
2022-06-07 06:00:00,0.0,0.0,0.0,2.2610838,5.8
2022-06-07 07:00:00,0.0,0.0,0.0,2.720294,6.9
2022-06-07 08:00:00,0.0,0.0,0.0,2.915476,7.1
2022-06-07 09:00:00,0.0,0.0,0.0,2.9017239,6.9
2022-06-07 10:00:00,0.0,0.0,0.0,3.1064448,6.6
2022-06-07 11:00:00,0.0,0.0,0.0,3.2003906,6.6
2022-06-07 12:00:00,0.0,0.0,0.0,3.363406,6.8
2022-06-07 13:00:00,0.0,0.0,0.0,2.9129024,5.6
2022-06-07 14:00:00,0.0,0.0,0.0,3.6908672,6.0
2022-06-07 15:00:00,0.0,0.0,0.0,4.4813504,7.2
2022-06-07 16:00:00,0.0,0.0,0.0,5.302122,8.8
2022-06-07 17:00:00,0.0,0.0,0.0,5.7293105,9.8
2022-06-07 18:00:00,0.0,0.0,0.0,6.1214786,10.4
2022-06-07 19:00:00,0.0,0.0,0.0,6.3017855,11.7
2022-06-07 20:00:00,0.0,0.0,0.0,6.4140472,11.9
2022-06-07 21:00:00,0.0,0.0,0.0,6.440497,11.9
2022-06-07 22:00:00,0.0,0.0,0.0,6.1051207,10.8
2022-06-07 23:00:00,0.0,0.0,0.0,5.0695167,9.5
2022-06-08 00:00:00,0.0,0.0,0.0,4.5721984,8.1
2022-06-08 01:00:00,0.0,0.0,0.0,4.1620307,7.0
2022-06-08 02:00:00,0.0,0.0,0.0,2.9025853,5.4
2022-06-08 03:00:00,0.1,0.1,0.0,1.5041609,4.1
2022-06-08 04:00:00,0.0,0.0,0.0,2.3345234,5.2
2022-06-08 05:00:00,0.0,0.0,0.0,3.0516388,6.3
2022-06-08 06:00:00,0.0,0.0,0.0,3.6891732,8.1
2022-06-08 07:00:00,0.2,0.2,0.0,4.103657,7.9
2022-06-08 08:00:00,0.0,0.0,0.0,4.056168,7.9
2022-06-08 09:00:00,0.0,0.0,0.0,5.065817,9.6
2022-06-08 10:00:00,0.0,0.0,0.0,5.6515484,11.8
2022-06-08 11:00:00,0.0,0.0,0.0,5.6153803,11.0
2022-06-08 12:00:00,0.0,0.0,0.0,5.1324944,9.6
2022-06-08 13:00:00,0.0,0.0,0.0,4.2059484,9.7
2022-06-08 14:00:00,0.0,0.0,0.0,2.1272047,8.6
2022-06-08 15:00:00,0.0,0.0,0.0,1.7755281,6.8
2022-06-08 16:00:00,0.0,0.0,0.0,1.6324828,6.0
2022-06-08 17:00:00,0.0,0.0,0.0,1.746425,5.8
2022-06-08 18:00:00,0.0,0.0,0.0,2.05,5.5
2022-06-08 19:00:00,0.0,0.0,0.0,1.882817,3.2
2022-06-08 20:00:00,0.0,0.0,0.0,2.304886,3.9
2022-06-08 21:00:00,0.0,0.0,0.0,3.04795,5.4
2022-06-08 22:00:00,0.0,0.0,0.0,2.8151376,6.1
2022-06-08 23:00:00,0.0,0.0,0.0,3.0,6.0
2022-06-09 00:00:00,0.0,0.0,0.0,2.687936,5.6
2022-06-09 01:00:00,0.0,0.0,0.0,2.3717084,5.3
2022-06-09 02:00:00,0.0,0.0,0.0,1.9906029,5.5
2022-06-09 03:00:00,0.0,0.0,0.0,1.9912307,5.4
2022-06-09 04:00:00,0.0,0.0,0.0,2.6518862,6.2
2022-06-09 05:00:00,0.0,0.0,0.0,2.1400933,5.9
2022-06-09 06:00:00,0.0,0.0,0.0,1.3865424,5.5
2022-06-09 07:00:00,0.0,0.0,0.0,0.8062258,4.5
2022-06-09 08:00:00,0.0,0.0,0.0,0.99247164,4.7
2022-06-09 09:00:00,0.0,0.0,0.0,1.3509256,5.1
2022-06-09 10:00:00,0.0,0.0,0.0,2.1639085,5.5
2022-06-09 11:00:00,0.0,0.0,0.0,2.4005208,5.6
2022-06-09 12:00:00,0.0,0.0,0.0,2.5985572,5.4
2022-06-09 13:00:00,0.0,0.0,0.0,2.5347583,4.8
2022-06-09 14:00:00,0.0,0.0,0.0,1.6,2.7
2022-06-09 15:00:00,0.0,0.0,0.0,2.5495098,3.4
2022-06-09 16:00:00,0.0,0.0,0.0,2.9364095,3.8
2022-06-09 17:00:00,0.0,0.0,0.0,2.8504386,3.7
2022-06-09 18:00:00,0.0,0.0,0.0,2.6076808,3.8
2022-06-09 19:00:00,0.0,0.0,0.0,2.376973,3.7
2022-06-09 20:00:00,0.0,0.0,0.0,2.6504717,3.7
2022-06-09 21:00:00,0.0,0.0,0.0,2.5495098,3.6
2022-06-09 22:00:00,0.0,0.0,0.0,2.4748738,3.5
2022-06-09 23:00:00,0.0,0.0,0.0,2.5044959,3.4
2022-06-10 00:00:00,0.0,0.0,0.0,1.6507574,2.9
2022-06-10 01:00:00,0.0,0.0,0.0,1.833712,2.8
2022-06-10 02:00:00,0.0,0.0,0.0,1.0404326,2.7
2022-06-10 03:00:00,0.0,0.0,0.0,1.0307764,3.5
2022-06-10 04:00:00,0.0,0.0,0.0,1.5041609,4.6
2022-06-10 05:00:00,0.0,0.0,0.0,1.8821529,5.5
2022-06-10 06:00:00,0.0,0.0,0.0,2.302173,6.1
2022-06-10 07:00:00,0.0,0.0,0.0,3.25,7.6
2022-06-10 08:00:00,0.0,0.0,0.0,3.7831864,8.3
2022-06-10 09:00:00,0.0,0.0,0.0,4.4096484,9.0
2022-06-10 10:00:00,0.0,0.0,0.0,5.162364,10.1
2022-06-10 11:00:00,0.0,0.0,0.0,5.794178,10.3
2022-06-10 12:00:00,0.0,0.0,0.0,5.519511,9.0
2022-06-10 13:00:00,0.0,0.0,0.0,4.526036,7.3
2022-06-10 14:00:00,0.0,0.0,0.0,4.373214,7.9
2022-06-10 15:00:00,0.0,0.0,0.0,3.5531676,6.3
2022-06-10 16:00:00,0.0,0.0,0.0,2.912473,5.2
2022-06-10 17:00:00,0.0,0.0,0.0,2.6575363,4.6
2022-06-10 18:00:00,0.0,0.0,0.0,2.8044608,4.5
2022-06-10 19:00:00,0.0,0.0,0.0,2.8535066,5.0
2022-06-10 20:00:00,0.0,0.0,0.0,2.4748738,4.3
2022-06-10 21:00:00,0.0,0.0,0.0,2.2549944,3.7
2022-06-10 22:00:00,0.0,0.0,0.0,2.55,3.8
2022-06-10 23:00:00,0.0,0.0,0.0,2.5739074,4.3
2022-06-11 00:00:00,0.0,0.0,0.0,3.0594118,5.4
2022-06-11 01:00:00,0.0,0.0,0.0,3.238055,6.4
2022-06-11 02:00:00,0.0,0.0,0.0,3.5305808,7.5
2022-06-11 03:00:00,0.0,0.0,0.0,3.9423976,9.0
2022-06-11 04:00:00,0.0,0.0,0.0,4.7668123,11.2
2022-06-11 05:00:00,0.0,0.0,0.0,5.4233294,11.9
2022-06-11 06:00:00,0.0,0.0,0.0,5.5700088,12.0
2022-06-11 07:00:00,0.0,0.0,0.0,5.776028,11.8
2022-06-11 08:00:00,0.0,0.0,0.0,5.7866225,11.9
2022-06-11 09:00:00,0.0,0.0,0.0,5.857687,12.0
2022-06-11 10:00:00,0.0,0.0,0.0,6.1727223,11.8
2022-06-11 11:00:00,0.0,0.0,0.0,5.737813,11.3
2022-06-11 12:00:00,0.0,0.0,0.0,5.117861,10.1
2022-06-11 13:00:00,0.0,0.0,0.0,4.3488503,9.3
2022-06-11 14:00:00,0.0,0.0,0.0,3.9217343,7.8
2022-06-11 15:00:00,0.0,0.0,0.0,2.9295902,6.1
2022-06-11 16:00:00,0.0,0.0,0.0,2.4041631,4.2
2022-06-11 17:00:00,0.0,0.0,0.0,2.7041636,4.8
2022-06-11 18:00:00,0.0,0.0,0.0,2.9090378,5.6
2022-06-11 19:00:00,0.0,0.0,0.0,3.1384711,5.3
2022-06-11 20:00:00,0.0,0.0,0.0,3.178443,5.4
2022-06-11 21:00:00,0.0,0.0,0.0,3.4003677,5.8
2022-06-11 22:00:00,0.0,0.0,0.0,3.4471004,6.0
2022-06-11 23:00:00,0.0,0.0,0.0,3.5672119,6.1
2022-06-12 00:00:00,0.0,0.0,0.0,3.65,6.4
2022-06-12 01:00:00,0.0,0.0,0.0,3.5710642,6.7
2022-06-12 02:00:00,0.0,0.0,0.0,3.6800137,7.9
2022-06-12 03:00:00,0.0,0.0,0.0,3.6100552,8.5
2022-06-12 04:00:00,0.0,0.0,0.0,3.7901187,9.7
2022-06-12 05:00:00,0.0,0.0,0.0,4.853092,12.0
2022-06-12 06:00:00,0.0,0.0,0.0,5.437371,13.1
2022-06-12 07:00:00,0.0,0.0,0.0,5.5285625,12.4
2022-06-12 08:00:00,0.0,0.0,0.0,5.5036354,11.7
2022-06-12 09:00:00,0.0,0.0,0.0,5.4230986,12.2
2022-06-12 10:00:00,0.0,0.0,0.0,5.9506307,11.8
2022-06-12 11:00:00,0.0,0.0,0.0,5.8772864,11.2
2022-06-12 12:00:00,0.0,0.0,0.0,5.5220017,10.1
2022-06-12 13:00:00,0.0,0.0,0.0,5.0311527,8.7
2022-06-12 14:00:00,0.0,0.0,0.0,3.5850384,5.6
2022-06-12 15:00:00,0.0,0.0,0.0,2.0353131,2.9
2022-06-12 16:00:00,0.0,0.0,0.0,2.5831182,3.3
2022-06-12 17:00:00,0.0,0.0,0.0,2.7041633,3.0
2022-06-12 18:00:00,0.0,0.0,0.0,2.2610838,2.4
2022-06-12 19:00:00,0.0,0.0,0.0,2.0880613,2.7
2022-06-12 20:00:00,0.0,0.0,0.0,2.1552262,3.3
2022-06-12 21:00:00,0.0,0.0,0.0,2.0396078,3.4
2022-06-12 22:00:00,0.0,0.0,0.0,2.0892582,3.8
2022-06-12 23:00:00,0.0,0.0,0.0,1.471394,3.8
2022-06-13 00:00:00,0.0,0.0,0.0,1.192686,3.5
2022-06-13 01:00:00,0.0,0.0,0.0,1.504161,4.3
2022-06-13 02:00:00,0.0,0.0,0.0,2.1100948,5.7
2022-06-13 03:00:00,0.0,0.0,0.0,4.370927,7.9
2022-06-13 04:00:00,0.0,0.0,0.0,5.3712196,10.5
2022-06-13 05:00:00,0.1,0.1,0.0,4.543677,11.2
2022-06-13 06:00:00,0.0,0.0,0.0,4.069705,12.4
2022-06-13 07:00:00,0.0,0.0,0.0,4.2544093,11.3
2022-06-13 08:00:00,0.0,0.0,0.0,4.317696,10.6
2022-06-13 09:00:00,0.0,0.0,0.0,3.938591,9.8
2022-06-13 10:00:00,0.0,0.0,0.0,4.3603325,9.4
2022-06-13 11:00:00,0.5,0.5,0.0,5.004498,8.5
2022-06-13 12:00:00,1.6,1.6,0.0,4.6717234,8.4
2022-06-13 13:00:00,2.1,2.1,0.0,3.0203476,7.3
2022-06-13 14:00:00,1.5,1.5,0.0,2.0359273,4.3
2022-06-13 15:00:00,0.2,0.2,0.0,0.9013878,1.7
2022-06-13 16:00:00,0.0,0.0,0.0,1.4499999,1.7
2022-06-13 17:00:00,0.1,0.1,0.0,1.2776932,3.0
2022-06-13 18:00:00,0.7,0.7,0.0,1.3453624,3.4
2022-06-13 19:00:00,0.0,0.0,0.0,1.4705442,2.8
2022-06-13 20:00:00,0.1,0.1,0.0,2.1260293,3.7
2022-06-13 21:00:00,0.2,0.2,0.0,2.2343903,3.8
2022-06-13 22:00:00,0.1,0.1,0.0,1.5572411,5.4
2022-06-13 23:00:00,0.2,0.2,0.0,2.158703,5.1
2022-06-14 00:00:00,0.0,0.0,0.0,2.408319,5.0
2022-06-14 01:00:00,0.0,0.0,0.0,2.392697,6.4
2022-06-14 02:00:00,0.1,0.1,0.0,2.8744564,8.4
2022-06-14 03:00:00,0.1,0.1,0.0,3.167412,8.6
2022-06-14 04:00:00,0.1,0.1,0.0,3.51141,9.6
2022-06-14 05:00:00,0.2,0.2,0.0,3.7566607,11.5
2022-06-14 06:00:00,0.0,0.0,0.0,4.006557,11.5
2022-06-14 07:00:00,0.0,0.0,0.0,3.9274673,8.9
2022-06-14 08:00:00,0.0,0.0,0.0,4.341659,9.3
2022-06-14 09:00:00,0.0,0.0,0.0,5.2117653,10.7
2022-06-14 10:00:00,0.0,0.0,0.0,5.5520267,11.3
2022-06-14 11:00:00,0.0,0.0,0.0,6.101844,11.7
2022-06-14 12:00:00,0.0,0.0,0.0,5.93317,11.3
2022-06-14 13:00:00,0.0,0.0,0.0,5.6153803,10.6
2022-06-14 14:00:00,0.0,0.0,0.0,4.4204073,9.2
2022-06-14 15:00:00,0.0,0.0,0.0,3.7871492,8.1
2022-06-14 16:00:00,0.0,0.0,0.0,3.7845078,7.2
2022-06-14 17:00:00,0.0,0.0,0.0,4.3522983,7.0
2022-06-14 18:00:00,0.0,0.0,0.0,4.0844216,7.0
2022-06-14 19:00:00,0.0,0.0,0.0,3.3604314,5.9
2022-06-14 20:00:00,0.0,0.0,0.0,2.6400757,4.7
2022-06-14 21:00:00,0.0,0.0,0.0,2.4824383,4.2
2022-06-14 22:00:00,0.0,0.0,0.0,2.9261749,4.6
2022-06-14 23:00:00,0.0,0.0,0.0,3.1535695,4.9
2022-06-15 00:00:00,0.0,0.0,0.0,3.0207615,4.9
2022-06-15 01:00:00,0.0,0.0,0.0,2.8969812,5.2
2022-06-15 02:00:00,0.0,0.0,0.0,3.2422986,6.1
2022-06-15 03:00:00,0.0,0.0,0.0,3.8242645,7.1
2022-06-15 04:00:00,0.0,0.0,0.0,5.249762,9.5
2022-06-15 05:00:00,0.0,0.0,0.0,5.5470715,11.8
2022-06-15 06:00:00,0.0,0.0,0.0,5.626944,11.4
2022-06-15 07:00:00,0.2,0.2,0.0,5.227332,11.2
2022-06-15 08:00:00,0.2,0.2,0.0,5.188449,10.7
2022-06-15 09:00:00,0.1,0.1,0.0,5.117128,10.7
2022-06-15 10:00:00,0.1,0.1,0.0,4.8726277,11.1
2022-06-15 11:00:00,0.0,0.0,0.0,4.571925,9.4
2022-06-15 12:00:00,0.0,0.0,0.0,4.398295,8.6
2022-06-15 13:00:00,0.0,0.0,0.0,3.2973475,5.7
2022-06-15 14:00:00,0.0,0.0,0.0,1.2093385,2.2
2022-06-15 15:00:00,0.0,0.0,0.0,1.9293782,2.5
2022-06-15 16:00:00,0.0,0.0,0.0,2.070024,3.4
2022-06-15 17:00:00,0.0,0.0,0.0,2.0426698,3.5
2022-06-15 18:00:00,0.0,0.0,0.0,2.1148283,3.8
2022-06-15 19:00:00,0.0,0.0,0.0,2.3194828,3.8
2022-06-15 20:00:00,0.0,0.0,0.0,2.4667792,4.0
2022-06-15 21:00:00,0.0,0.0,0.0,2.5268557,4.2
2022-06-15 22:00:00,0.0,0.0,0.0,2.0524375,4.0
2022-06-15 23:00:00,0.0,0.0,0.0,1.8721644,3.5
2022-06-16 00:00:00,0.0,0.0,0.0,1.8117672,3.4
2022-06-16 01:00:00,0.0,0.0,0.0,2.3584952,4.4
2022-06-16 02:00:00,0.0,0.0,0.0,2.1505814,4.9
2022-06-16 03:00:00,0.0,0.0,0.0,2.3286262,5.5
2022-06-16 04:00:00,0.0,0.0,0.0,2.6879358,6.9
2022-06-16 05:00:00,0.0,0.0,0.0,3.3800888,8.7
2022-06-16 06:00:00,0.0,0.0,0.0,4.738143,11.0
2022-06-16 07:00:00,0.1,0.1,0.0,5.3425183,10.8
2022-06-16 08:00:00,0.0,0.0,0.0,4.273757,11.9
2022-06-16 09:00:00,0.0,0.0,0.0,4.103657,10.8
2022-06-16 10:00:00,0.0,0.0,0.0,3.9322386,10.5
2022-06-16 11:00:00,0.0,0.0,0.0,4.2426405,10.3
2022-06-16 12:00:00,0.0,0.0,0.0,4.2898135,9.4
2022-06-16 13:00:00,0.0,0.0,0.0,3.9702015,8.3
2022-06-16 14:00:00,0.1,0.1,0.0,2.8991377,5.1
2022-06-16 15:00:00,0.0,0.0,0.0,1.7442764,3.2
2022-06-16 16:00:00,0.0,0.0,0.0,2.3879907,3.3
2022-06-16 17:00:00,0.0,0.0,0.0,2.1965883,3.2
2022-06-16 18:00:00,0.0,0.0,0.0,2.3690715,3.2
2022-06-16 19:00:00,0.0,0.0,0.0,2.3690715,3.1
2022-06-16 20:00:00,0.0,0.0,0.0,2.0056171,3.1
2022-06-16 21:00:00,0.0,0.0,0.0,1.9557608,3.0
2022-06-16 22:00:00,0.0,0.0,0.0,1.7507142,3.1
2022-06-16 23:00:00,0.0,0.0,0.0,1.662077,3.2
2022-06-17 00:00:00,0.0,0.0,0.0,1.8848077,2.7
2022-06-17 01:00:00,0.0,0.0,0.0,2.1523244,3.6
2022-06-17 02:00:00,0.0,0.0,0.0,1.8384776,3.9
2022-06-17 03:00:00,0.0,0.0,0.0,1.7262677,4.4
2022-06-17 04:00:00,0.0,0.0,0.0,1.5787653,5.2
2022-06-17 05:00:00,0.0,0.0,0.0,1.8867962,6.8
2022-06-17 06:00:00,0.0,0.0,0.0,2.5612497,8.1
2022-06-17 07:00:00,0.0,0.0,0.0,3.0070748,7.6
2022-06-17 08:00:00,0.0,0.0,0.0,3.1120734,7.7
2022-06-17 09:00:00,0.0,0.0,0.0,3.2557642,7.7
2022-06-17 10:00:00,0.0,0.0,0.0,2.9908192,7.9
2022-06-17 11:00:00,0.0,0.0,0.0,3.08099,7.6
2022-06-17 12:00:00,0.0,0.0,0.0,3.0070748,7.0
2022-06-17 13:00:00,0.0,0.0,0.0,3.1100645,6.0
2022-06-17 14:00:00,0.0,0.0,0.0,1.7613915,2.4
2022-06-17 15:00:00,0.0,0.0,0.0,1.8607794,2.2
2022-06-17 16:00:00,0.0,0.0,0.0,2.1505814,2.2
2022-06-17 17:00:00,0.0,0.0,0.0,2.3005433,2.7
2022-06-17 18:00:00,0.0,0.0,0.0,2.1708293,3.0
2022-06-17 19:00:00,0.0,0.0,0.0,2.059126,2.8
2022-06-17 20:00:00,0.0,0.0,0.0,2.1029742,3.1
2022-06-17 21:00:00,0.0,0.0,0.0,2.1319005,2.9
2022-06-17 22:00:00,0.0,0.0,0.0,1.7720045,2.6
2022-06-17 23:00:00,0.0,0.0,0.0,2.0426698,2.3
2022-06-18 00:00:00,0.0,0.0,0.0,1.2539936,2.0
2022-06-18 01:00:00,0.0,0.0,0.0,1.372953,2.6
2022-06-18 02:00:00,0.0,0.0,0.0,0.9552486,2.5
2022-06-18 03:00:00,0.0,0.0,0.0,1.0307764,2.8
2022-06-18 04:00:00,0.0,0.0,0.0,1.3435029,3.7
2022-06-18 05:00:00,0.0,0.0,0.0,1.8384775,5.9
2022-06-18 06:00:00,0.0,0.0,0.0,2.1260293,6.3
2022-06-18 07:00:00,0.0,0.0,0.0,2.2102036,6.0
2022-06-18 08:00:00,0.0,0.0,0.0,2.1505814,6.2
2022-06-18 09:00:00,0.0,0.0,0.0,2.1319005,6.0
2022-06-18 10:00:00,0.0,0.0,0.0,2.1708293,5.7
2022-06-18 11:00:00,0.0,0.0,0.0,2.1095023,5.6
2022-06-18 12:00:00,0.0,0.0,0.0,2.2299104,5.2
2022-06-18 13:00:00,0.0,0.0,0.0,2.2388613,4.8
2022-06-18 14:00:00,0.0,0.0,0.0,1.421267,2.5
2022-06-18 15:00:00,0.0,0.0,0.0,1.9525625,2.7
2022-06-18 16:00:00,0.0,0.0,0.0,2.3753946,2.7
2022-06-18 17:00:00,0.0,0.0,0.0,2.460183,2.6
2022-06-18 18:00:00,0.0,0.0,0.0,2.408319,2.2
2022-06-18 19:00:00,0.0,0.0,0.0,2.3926973,3.2
2022-06-18 20:00:00,0.0,0.0,0.0,2.0886598,2.6
2022-06-18 21:00:00,0.0,0.0,0.0,1.8560711,2.3
2022-06-18 22:00:00,0.0,0.0,0.0,0.9300538,2.3
2022-06-18 23:00:00,0.0,0.0,0.0,0.25495097,2.5
2022-06-19 00:00:00,0.0,0.0,0.0,0.36055514,2.0
2022-06-19 01:00:00,0.0,0.0,0.0,0.8732125,2.4
2022-06-19 02:00:00,0.0,0.0,0.0,0.83216584,2.4
2022-06-19 03:00:00,0.0,0.0,0.0,0.9552486,2.7
2022-06-19 04:00:00,0.0,0.0,0.0,2.1095023,3.0
2022-06-19 05:00:00,0.0,0.0,0.0,2.6476402,3.8
2022-06-19 06:00:00,0.0,0.0,0.0,1.806931,4.0
2022-06-19 07:00:00,0.0,0.0,0.0,1.1629703,4.9
2022-06-19 08:00:00,0.0,0.0,0.0,1.0049876,4.9
2022-06-19 09:00:00,0.0,0.0,0.0,1.3,5.2
2022-06-19 10:00:00,0.0,0.0,0.0,1.9137658,4.9
2022-06-19 11:00:00,0.0,0.0,0.0,2.182888,4.2
2022-06-19 12:00:00,0.0,0.0,0.0,3.8694315,3.2
2022-06-19 13:00:00,0.1,0.1,0.0,1.3209845,2.3
2022-06-19 14:00:00,0.1,0.1,0.0,0.70710677,2.0
2022-06-19 15:00:00,0.0,0.0,0.0,1.555635,2.1
2022-06-19 16:00:00,0.0,0.0,0.0,1.9723083,2.7
2022-06-19 17:00:00,0.0,0.0,0.0,1.5787653,2.8
2022-06-19 18:00:00,0.0,0.0,0.0,1.3038405,2.7
2022-06-19 19:00:00,0.0,0.0,0.0,1.6552945,2.2
2022-06-19 20:00:00,0.0,0.0,0.0,1.9602296,2.8
2022-06-19 21:00:00,0.0,0.0,0.0,2.1783023,3.1
2022-06-19 22:00:00,0.0,0.0,0.0,1.5660459,3.3
2022-06-19 23:00:00,0.0,0.0,0.0,1.8741665,3.2
2022-06-20 00:00:00,0.0,0.0,0.0,1.0606601,3.3
2022-06-20 01:00:00,0.0,0.0,0.0,1.2747549,4.2
2022-06-20 02:00:00,0.0,0.0,0.0,0.98994946,4.6
2022-06-20 03:00:00,0.0,0.0,0.0,1.0630146,4.8
2022-06-20 04:00:00,0.0,0.0,0.0,0.83216584,4.1
2022-06-20 05:00:00,0.0,0.0,0.0,0.65192026,4.8
2022-06-20 06:00:00,0.0,0.0,0.0,0.8062258,5.9
2022-06-20 07:00:00,0.0,0.0,0.0,1.2298374,5.4
2022-06-20 08:00:00,0.0,0.0,0.0,0.9433981,5.0
2022-06-20 09:00:00,0.4,0.4,0.0,0.559017,6.7
2022-06-20 10:00:00,1.1,1.1,0.0,2.2051077,7.2
2022-06-20 11:00:00,0.0,0.0,0.0,1.320038,4.2
2022-06-20 12:00:00,0.0,0.0,0.0,2.200568,4.0
2022-06-20 13:00:00,0.0,0.0,0.0,1.8821529,4.1
2022-06-20 14:00:00,0.0,0.0,0.0,0.30413812,2.6
2022-06-20 15:00:00,0.0,0.0,0.0,0.47434163,2.8
2022-06-20 16:00:00,0.0,0.0,0.0,0.43011627,3.8
2022-06-20 17:00:00,0.0,0.0,0.0,1.4080127,3.7
2022-06-20 18:00:00,0.0,0.0,0.0,1.6101242,2.9
2022-06-20 19:00:00,0.0,0.0,0.0,0.47169906,1.6
2022-06-20 20:00:00,0.0,0.0,0.0,0.781025,2.8
2022-06-20 21:00:00,0.0,0.0,0.0,1.6867127,3.1
2022-06-20 22:00:00,0.0,0.0,0.0,1.6867127,3.0
2022-06-20 23:00:00,0.0,0.0,0.0,1.5953057,2.9
2022-06-21 00:00:00,0.0,0.0,0.0,2.1360009,3.0
2022-06-21 01:00:00,0.0,0.0,0.0,2.83593,5.7
2022-06-21 02:00:00,0.0,0.0,0.0,3.4792242,7.4
2022-06-21 03:00:00,0.0,0.0,0.0,3.7262583,8.6
2022-06-21 04:00:00,0.0,0.0,0.0,4.2863154,9.4
2022-06-21 05:00:00,0.0,0.0,0.0,5.0818305,11.3
2022-06-21 06:00:00,0.0,0.0,0.0,5.6100354,12.2
2022-06-21 07:00:00,0.0,0.0,0.0,7.0092793,14.3
2022-06-21 08:00:00,0.0,0.0,0.0,7.884954,16.0
2022-06-21 09:00:00,0.0,0.0,0.0,7.4756274,17.4
2022-06-21 10:00:00,0.5,0.5,0.0,5.4120235,15.7
2022-06-21 11:00:00,1.8,1.8,0.0,5.6147127,14.1
2022-06-21 12:00:00,1.0,1.0,0.0,5.771698,10.9
2022-06-21 13:00:00,0.0,0.0,0.0,5.8193645,10.9
2022-06-21 14:00:00,0.0,0.0,0.0,4.8023434,9.9
2022-06-21 15:00:00,0.0,0.0,0.0,3.496069,8.2
2022-06-21 16:00:00,0.0,0.0,0.0,2.304886,6.8
2022-06-21 17:00:00,0.0,0.0,0.0,2.0396078,5.2
2022-06-21 18:00:00,0.0,0.0,0.0,2.1100948,3.5
2022-06-21 19:00:00,0.0,0.0,0.0,2.4622145,4.1
2022-06-21 20:00:00,0.0,0.0,0.0,3.2500002,5.5
2022-06-21 21:00:00,0.0,0.0,0.0,3.5341196,6.1
2022-06-21 22:00:00,0.0,0.0,0.0,3.83471,6.4
2022-06-21 23:00:00,0.0,0.0,0.0,3.570014,6.0
2022-06-22 00:00:00,0.0,0.0,0.0,3.4820971,6.1
2022-06-22 01:00:00,0.0,0.0,0.0,3.662308,6.9
2022-06-22 02:00:00,0.0,0.0,0.0,4.248529,8.3
2022-06-22 03:00:00,0.0,0.0,0.0,5.233784,10.6
2022-06-22 04:00:00,0.0,0.0,0.0,5.834595,12.3
2022-06-22 05:00:00,0.0,0.0,0.0,6.467032,13.3
2022-06-22 06:00:00,0.0,0.0,0.0,6.690479,13.8
2022-06-22 07:00:00,0.0,0.0,0.0,6.997321,14.1
2022-06-22 08:00:00,0.0,0.0,0.0,7.180529,14.4
2022-06-22 09:00:00,0.0,0.0,0.0,7.071952,14.0
2022-06-22 10:00:00,0.0,0.0,0.0,7.2078085,13.6
2022-06-22 11:00:00,0.0,0.0,0.0,7.206421,13.3
2022-06-22 12:00:00,0.0,0.0,0.0,6.7225366,12.5
2022-06-22 13:00:00,0.0,0.0,0.0,6.2128897,11.3
2022-06-22 14:00:00,0.0,0.0,0.0,4.7265205,8.1
2022-06-22 15:00:00,0.0,0.0,0.0,3.9131188,5.4
2022-06-22 16:00:00,0.0,0.0,0.0,3.2901368,4.4
2022-06-22 17:00:00,0.0,0.0,0.0,2.8692334,4.6
2022-06-22 18:00:00,0.0,0.0,0.0,2.65,4.1
2022-06-22 19:00:00,0.0,0.0,0.0,2.7613401,4.6
2022-06-22 20:00:00,0.0,0.0,0.0,3.2330325,5.5
2022-06-22 21:00:00,0.0,0.0,0.0,3.7124789,6.3
2022-06-22 22:00:00,0.0,0.0,0.0,4.498055,7.0
2022-06-22 23:00:00,0.0,0.0,0.0,4.317406,6.9
2022-06-23 00:00:00,0.0,0.0,0.0,4.0807476,6.5
2022-06-23 01:00:00,0.0,0.0,0.0,3.9537957,6.6
2022-06-23 02:00:00,0.0,0.0,0.0,4.0199504,7.7
2022-06-23 03:00:00,0.0,0.0,0.0,3.95506,8.2
2022-06-23 04:00:00,0.0,0.0,0.0,4.2002974,9.2
2022-06-23 05:00:00,0.0,0.0,0.0,4.7542086,10.4
2022-06-23 06:00:00,0.0,0.0,0.0,5.2404675,11.3
2022-06-23 07:00:00,0.0,0.0,0.0,5.895125,12.6
2022-06-23 08:00:00,0.0,0.0,0.0,6.092003,12.9
2022-06-23 09:00:00,0.0,0.0,0.0,6.119028,12.6
2022-06-23 10:00:00,0.0,0.0,0.0,6.342318,12.3
2022-06-23 11:00:00,0.0,0.0,0.0,6.219526,11.9
2022-06-23 12:00:00,0.0,0.0,0.0,5.706356,11.0
2022-06-23 13:00:00,0.0,0.0,0.0,5.214643,9.6
2022-06-23 14:00:00,0.0,0.0,0.0,3.451449,5.9
2022-06-23 15:00:00,0.0,0.0,0.0,2.2343903,3.1
2022-06-23 16:00:00,0.0,0.0,0.0,1.8034688,3.2
2022-06-23 17:00:00,0.0,0.0,0.0,2.1100948,3.2
2022-06-23 18:00:00,0.0,0.0,0.0,2.0573041,3.2
2022-06-23 19:00:00,0.0,0.0,0.0,2.0402207,3.0
2022-06-23 20:00:00,0.0,0.0,0.0,2.2549944,3.2
2022-06-23 21:00:00,0.0,0.0,0.0,1.8848077,2.3
2022-06-23 22:00:00,0.0,0.0,0.0,1.0124228,1.3
2022-06-23 23:00:00,0.0,0.0,0.0,0.6264982,1.3
2022-06-24 00:00:00,0.0,0.0,0.0,0.99247164,1.9
2022-06-24 01:00:00,0.0,0.0,0.0,1.8439089,3.3
2022-06-24 02:00:00,0.0,0.0,0.0,1.8768325,3.9
2022-06-24 03:00:00,0.0,0.0,0.0,2.4438698,5.4
2022-06-24 04:00:00,0.0,0.0,0.0,2.782984,6.6
2022-06-24 05:00:00,0.0,0.0,0.0,3.1894357,8.2
2022-06-24 06:00:00,0.0,0.0,0.0,3.5556293,8.8
2022-06-24 07:00:00,0.0,0.0,0.0,3.5693135,8.6
2022-06-24 08:00:00,0.0,0.0,0.0,3.592005,9.0
2022-06-24 09:00:00,0.0,0.0,0.0,4.0672474,9.3
2022-06-24 10:00:00,0.0,0.0,0.0,4.6960087,9.8
2022-06-24 11:00:00,0.0,0.0,0.0,4.8703184,9.1
2022-06-24 12:00:00,0.0,0.0,0.0,4.944947,9.8
2022-06-24 13:00:00,0.5,0.5,0.0,2.9706903,5.3
2022-06-24 14:00:00,0.0,0.0,0.0,0.7516648,1.7
2022-06-24 15:00:00,0.0,0.0,0.0,1.2589679,1.6
2022-06-24 16:00:00,0.0,0.0,0.0,1.767767,1.3
2022-06-24 17:00:00,0.0,0.0,0.0,1.0770329,1.6
2022-06-24 18:00:00,0.0,0.0,0.0,0.92195445,1.7
2022-06-24 19:00:00,0.0,0.0,0.0,1.8973665,2.8
2022-06-24 20:00:00,0.0,0.0,0.0,2.1708295,3.3
2022-06-24 21:00:00,0.0,0.0,0.0,2.1552262,3.6
2022-06-24 22:00:00,0.0,0.0,0.0,2.245551,4.2
2022-06-24 23:00:00,0.0,0.0,0.0,2.9470322,5.3
2022-06-25 00:00:00,0.0,0.0,0.0,3.2268407,6.5
2022-06-25 01:00:00,0.0,0.0,0.0,2.8,7.3
2022-06-25 02:00:00,0.0,0.0,0.0,1.3462911,7.8
2022-06-25 03:00:00,0.0,0.0,0.0,2.302173,9.3
2022-06-25 04:00:00,0.0,0.0,0.0,1.7,11.2
2022-06-25 05:00:00,0.0,0.0,0.0,2.4622145,12.5
2022-06-25 06:00:00,0.0,0.0,0.0,4.011546,15.0
2022-06-25 07:00:00,0.0,0.0,0.0,4.866467,11.7
2022-06-25 08:00:00,0.0,0.0,0.0,5.211766,11.6
2022-06-25 09:00:00,0.1,0.1,0.0,6.1987906,12.6
2022-06-25 10:00:00,2.2,2.2,0.0,4.9862313,10.8
2022-06-25 11:00:00,0.0,0.0,0.0,4.40284,7.6
2022-06-25 12:00:00,0.2,0.2,0.0,3.1144822,8.2
2022-06-25 13:00:00,0.0,0.0,0.0,4.3419466,5.5
2022-06-25 14:00:00,0.0,0.0,0.0,4.4777226,7.5
2022-06-25 15:00:00,0.0,0.0,0.0,3.7976966,7.7
2022-06-25 16:00:00,0.0,0.0,0.0,3.4014704,7.5
2022-06-25 17:00:00,0.0,0.0,0.0,3.846102,7.1
2022-06-25 18:00:00,0.0,0.0,0.0,3.645888,6.9
2022-06-25 19:00:00,0.0,0.0,0.0,3.6503425,6.8
2022-06-25 20:00:00,0.0,0.0,0.0,4.4598207,8.4
2022-06-25 21:00:00,0.0,0.0,0.0,4.8324428,8.6
2022-06-25 22:00:00,0.0,0.0,0.0,3.914716,7.2
2022-06-25 23:00:00,0.0,0.0,0.0,3.5245569,6.2
2022-06-26 00:00:00,0.0,0.0,0.0,3.162673,6.0
2022-06-26 01:00:00,0.0,0.0,0.0,2.8999999,5.9
2022-06-26 02:00:00,0.0,0.0,0.0,3.0536864,6.0
2022-06-26 03:00:00,0.0,0.0,0.0,2.9681644,6.1
2022-06-26 04:00:00,0.0,0.0,0.0,2.6832817,6.2
2022-06-26 05:00:00,0.0,0.0,0.0,2.5144582,6.4
2022-06-26 06:00:00,0.0,0.0,0.0,2.6800187,6.3
2022-06-26 07:00:00,0.0,0.0,0.0,3.1016126,7.6
2022-06-26 08:00:00,0.0,0.0,0.0,3.3034072,7.4
2022-06-26 09:00:00,0.1,0.1,0.0,3.8118236,7.9
2022-06-26 10:00:00,0.0,0.0,0.0,4.0942035,8.6
2022-06-26 11:00:00,0.0,0.0,0.0,4.110049,7.7
2022-06-26 12:00:00,0.0,0.0,0.0,4.1512046,7.3
2022-06-26 13:00:00,0.0,0.0,0.0,3.5531676,6.5
2022-06-26 14:00:00,0.0,0.0,0.0,3.355965,5.5
2022-06-26 15:00:00,0.0,0.0,0.0,4.2520585,5.8
2022-06-26 16:00:00,0.0,0.0,0.0,4.6154633,7.5
2022-06-26 17:00:00,0.0,0.0,0.0,4.148795,7.4
2022-06-26 18:00:00,0.0,0.0,0.0,3.2867157,6.9
2022-06-26 19:00:00,0.0,0.0,0.0,2.751363,4.7
2022-06-26 20:00:00,0.0,0.0,0.0,2.640076,4.7
2022-06-26 21:00:00,0.0,0.0,0.0,2.8217902,5.0
2022-06-26 22:00:00,0.0,0.0,0.0,3.5933967,5.9
2022-06-26 23:00:00,0.0,0.0,0.0,3.8268785,6.4
2022-06-27 00:00:00,0.0,0.0,0.0,3.6472592,6.5
2022-06-27 01:00:00,0.0,0.0,0.0,3.8694315,7.8
2022-06-27 02:00:00,0.0,0.0,0.0,4.181507,8.0
2022-06-27 03:00:00,0.0,0.0,0.0,4.88083,8.3
2022-06-27 04:00:00,0.0,0.0,0.0,4.897193,9.4
2022-06-27 05:00:00,0.0,0.0,0.0,5.1198144,10.6
2022-06-27 06:00:00,0.0,0.0,0.0,5.8124866,11.5
2022-06-27 07:00:00,0.1,0.1,0.0,5.8124866,12.0
2022-06-27 08:00:00,0.0,0.0,0.0,5.7801385,11.7
2022-06-27 09:00:00,0.0,0.0,0.0,6.0373836,11.7
2022-06-27 10:00:00,0.0,0.0,0.0,6.554769,11.9
2022-06-27 11:00:00,0.0,0.0,0.0,6.5134473,11.6
2022-06-27 12:00:00,0.0,0.0,0.0,6.149187,11.1
2022-06-27 13:00:00,0.0,0.0,0.0,5.600223,10.5
2022-06-27 14:00:00,0.0,0.0,0.0,4.828302,9.3
2022-06-27 15:00:00,0.0,0.0,0.0,4.0496917,7.5
2022-06-27 16:00:00,0.0,0.0,0.0,3.3305407,6.4
2022-06-27 17:00:00,0.0,0.0,0.0,2.8504386,5.5
2022-06-27 18:00:00,0.0,0.0,0.0,2.4909837,4.1
2022-06-27 19:00:00,0.0,0.0,0.0,1.8601075,3.1
2022-06-27 20:00:00,0.0,0.0,0.0,1.5231546,2.7
2022-06-27 21:00:00,0.0,0.0,0.0,1.5206907,2.7
2022-06-27 22:00:00,0.0,0.0,0.0,1.5524175,2.6
2022-06-27 23:00:00,0.0,0.0,0.0,1.3509256,2.5
2022-06-28 00:00:00,0.0,0.0,0.0,2.3259406,3.1
2022-06-28 01:00:00,0.0,0.0,0.0,2.6239283,4.5
2022-06-28 02:00:00,0.0,0.0,0.0,3.2190835,6.9
2022-06-28 03:00:00,0.0,0.0,0.0,3.8710465,8.6
2022-06-28 04:00:00,0.0,0.0,0.0,4.3081317,9.0
2022-06-28 05:00:00,0.0,0.0,0.0,4.506939,9.5
2022-06-28 06:00:00,0.0,0.0,0.0,4.4905457,10.3
2022-06-28 07:00:00,0.0,0.0,0.0,4.554668,9.8
2022-06-28 08:00:00,0.0,0.0,0.0,4.602445,10.1
2022-06-28 09:00:00,0.0,0.0,0.0,4.506939,10.0
2022-06-28 10:00:00,0.0,0.0,0.0,4.5918407,9.6
2022-06-28 11:00:00,0.0,0.0,0.0,4.821307,9.8
2022-06-28 12:00:00,0.0,0.0,0.0,4.8010416,9.5
2022-06-28 13:00:00,0.0,0.0,0.0,4.7565746,7.8
2022-06-28 14:00:00,0.0,0.0,0.0,2.9908192,5.0
2022-06-28 15:00:00,0.0,0.0,0.0,2.4824383,4.6
2022-06-28 16:00:00,0.0,0.0,0.0,2.1224985,6.3
2022-06-28 17:00:00,0.0,0.0,0.0,1.5116217,5.8
2022-06-28 18:00:00,0.0,0.0,0.0,1.4221463,4.6
2022-06-28 19:00:00,0.0,0.0,0.0,1.6985288,3.5
2022-06-28 20:00:00,0.0,0.0,0.0,1.6507574,3.1
2022-06-28 21:00:00,0.0,0.0,0.0,1.7066048,3.0
2022-06-28 22:00:00,0.0,0.0,0.0,1.8668154,3.2
2022-06-28 23:00:00,0.0,0.0,0.0,2.316247,7.8
2022-06-29 00:00:00,0.2,0.2,0.0,3.436568,10.3
2022-06-29 01:00:00,0.6,0.6,0.0,4.7214932,11.7
2022-06-29 02:00:00,1.2,1.2,0.0,5.115662,12.1
2022-06-29 03:00:00,1.4,1.4,0.0,4.583939,12.6
2022-06-29 04:00:00,0.3,0.3,0.0,4.1620307,11.2
2022-06-29 05:00:00,0.3,0.3,0.0,4.2714167,10.2
2022-06-29 06:00:00,0.2,0.2,0.0,4.7636647,11.0
2022-06-29 07:00:00,0.1,0.1,0.0,6.1583276,12.2
2022-06-29 08:00:00,0.0,0.0,0.0,6.5551505,13.8
2022-06-29 09:00:00,0.0,0.0,0.0,7.400169,15.1
2022-06-29 10:00:00,0.0,0.0,0.0,8.561687,15.4
2022-06-29 11:00:00,0.0,0.0,0.0,7.945124,14.8
2022-06-29 12:00:00,0.0,0.0,0.0,7.6356072,14.3
2022-06-29 13:00:00,0.0,0.0,0.0,7.4156933,12.9
2022-06-29 14:00:00,0.0,0.0,0.0,7.262403,12.5
2022-06-29 15:00:00,0.0,0.0,0.0,5.7742968,10.5
2022-06-29 16:00:00,0.0,0.0,0.0,4.5188494,8.3
2022-06-29 17:00:00,0.0,0.0,0.0,3.8581083,7.2
2022-06-29 18:00:00,0.0,0.0,0.0,3.6390247,7.5
2022-06-29 19:00:00,0.0,0.0,0.0,3.5724642,6.2
2022-06-29 20:00:00,0.0,0.0,0.0,3.6554754,6.5
2022-06-29 21:00:00,0.0,0.0,0.0,3.7013512,6.8
2022-06-29 22:00:00,0.0,0.0,0.0,4.0549355,6.8
2022-06-29 23:00:00,0.0,0.0,0.0,4.1503015,6.8
2022-06-30 00:00:00,0.0,0.0,0.0,3.7553296,7.0
2022-06-30 01:00:00,0.0,0.0,0.0,5.227332,9.5
2022-06-30 02:00:00,0.1,0.1,0.0,5.235456,11.2
2022-06-30 03:00:00,0.1,0.1,0.0,5.021952,10.7
2022-06-30 04:00:00,0.0,0.0,0.0,4.6400433,10.4
2022-06-30 05:00:00,0.0,0.0,0.0,4.411916,9.8
2022-06-30 06:00:00,0.0,0.0,0.0,4.1868844,9.2
2022-06-30 07:00:00,0.0,0.0,0.0,4.110961,8.9
2022-06-30 08:00:00,0.0,0.0,0.0,4.2851486,9.3
2022-06-30 09:00:00,0.0,0.0,0.0,4.6674404,9.8
2022-06-30 10:00:00,0.0,0.0,0.0,4.8104053,9.2
2022-06-30 11:00:00,0.0,0.0,0.0,4.881086,8.8
2022-06-30 12:00:00,0.0,0.0,0.0,4.702393,8.6
2022-06-30 13:00:00,0.0,0.0,0.0,4.315669,7.4
2022-06-30 14:00:00,0.0,0.0,0.0,3.3589432,5.7
2022-06-30 15:00:00,0.0,0.0,0.0,2.5164459,4.7
2022-06-30 16:00:00,0.0,0.0,0.0,2.4397748,4.0
2022-06-30 17:00:00,0.0,0.0,0.0,2.4839485,3.9
2022-06-30 18:00:00,0.0,0.0,0.0,2.2610838,3.7
2022-06-30 19:00:00,0.0,0.0,0.0,2.1914606,3.6
2022-06-30 20:00:00,0.0,0.0,0.0,2.6518862,3.7
2022-06-30 21:00:00,0.0,0.0,0.0,2.5700195,3.5
2022-06-30 22:00:00,0.0,0.0,0.0,2.1691012,3.5
2022-06-30 23:00:00,0.0,0.0,0.0,2.118962,3.4
2022-07-01 00:00:00,0.0,0.0,0.0,1.5811388,2.6
2022-07-01 01:00:00,0.0,0.0,0.0,1.8927494,3.4
2022-07-01 02:00:00,0.0,0.0,0.0,1.677051,3.7
2022-07-01 03:00:00,0.0,0.0,0.0,2.2192342,4.9
2022-07-01 04:00:00,0.0,0.0,0.0,3.0675724,7.6
2022-07-01 05:00:00,0.0,0.0,0.0,4.215744,9.8
2022-07-01 06:00:00,0.0,0.0,0.0,4.750789,10.2
2022-07-01 07:00:00,0.0,0.0,0.0,4.604889,9.7
2022-07-01 08:00:00,0.0,0.0,0.0,4.6002717,9.6
2022-07-01 09:00:00,0.0,0.0,0.0,4.5918407,9.2
2022-07-01 10:00:00,0.0,0.0,0.0,4.1743264,8.9
2022-07-01 11:00:00,0.0,0.0,0.0,4.750789,8.5
2022-07-01 12:00:00,0.0,0.0,0.0,4.5024996,8.2
2022-07-01 13:00:00,0.0,0.0,0.0,4.022748,6.9
2022-07-01 14:00:00,0.0,0.0,0.0,2.8900692,4.8
2022-07-01 15:00:00,0.0,0.0,0.0,1.9906029,3.4
2022-07-01 16:00:00,0.0,0.0,0.0,1.9455076,3.1
2022-07-01 17:00:00,0.0,0.0,0.0,1.9557607,3.1
2022-07-01 18:00:00,0.0,0.0,0.0,2.2671568,3.0
2022-07-01 19:00:00,0.0,0.0,0.0,2.1731312,3.3
2022-07-01 20:00:00,0.0,0.0,0.0,2.109502,3.4
2022-07-01 21:00:00,0.0,0.0,0.0,2.3135471,3.5
2022-07-01 22:00:00,0.0,0.0,0.0,2.3086793,3.2
2022-07-01 23:00:00,0.0,0.0,0.0,1.5953057,2.5
2022-07-02 00:00:00,0.0,0.0,0.0,0.7778175,2.1
2022-07-02 01:00:00,0.0,0.0,0.0,0.111803405,2.4
2022-07-02 02:00:00,0.0,0.0,0.0,0.31622776,2.6
2022-07-02 03:00:00,0.0,0.0,0.0,0.934077,3.6
2022-07-02 04:00:00,0.0,0.0,0.0,1.8607794,5.5
2022-07-02 05:00:00,0.0,0.0,0.0,2.9436371,7.4
2022-07-02 06:00:00,0.0,0.0,0.0,3.4539833,9.6
2022-07-02 07:00:00,0.0,0.0,0.0,4.237924,9.3
2022-07-02 08:00:00,0.0,0.0,0.0,4.632764,9.9
2022-07-02 09:00:00,0.0,0.0,0.0,4.6960087,10.2
2022-07-02 10:00:00,0.0,0.0,0.0,4.6446204,9.6
2022-07-02 11:00:00,0.0,0.0,0.0,4.7278433,9.3
2022-07-02 12:00:00,0.0,0.0,0.0,4.3477006,8.2
2022-07-02 13:00:00,0.0,0.0,0.0,3.8551915,7.8
2022-07-02 14:00:00,0.0,0.0,0.0,3.4234486,7.2
2022-07-02 15:00:00,0.0,0.0,0.0,3.0008333,5.6
2022-07-02 16:00:00,0.0,0.0,0.0,2.6277368,4.2
2022-07-02 17:00:00,0.0,0.0,0.0,2.2825425,3.5
2022-07-02 18:00:00,0.0,0.0,0.0,2.059126,3.3
2022-07-02 19:00:00,0.0,0.0,0.0,1.9455076,3.3
2022-07-02 20:00:00,0.0,0.0,0.0,1.9780041,3.3
2022-07-02 21:00:00,0.0,0.0,0.0,2.0012496,3.2
2022-07-02 22:00:00,0.0,0.0,0.0,2.1708295,3.3
2022-07-02 23:00:00,0.0,0.0,0.0,2.4026027,3.4
2022-07-03 00:00:00,0.0,0.0,0.0,2.529822,4.0
2022-07-03 01:00:00,0.0,0.0,0.0,2.4596748,4.9
2022-07-03 02:00:00,0.0,0.0,0.0,2.4274473,5.5
2022-07-03 03:00:00,0.0,0.0,0.0,2.6706738,6.4
2022-07-03 04:00:00,0.0,0.0,0.0,2.7202942,7.0
2022-07-03 05:00:00,0.0,0.0,0.0,2.5700195,6.9
2022-07-03 06:00:00,0.0,0.0,0.0,2.3005433,6.7
2022-07-03 07:00:00,0.0,0.0,0.0,2.0934422,6.4
2022-07-03 08:00:00,0.0,0.0,0.0,2.0615528,6.3
2022-07-03 09:00:00,0.0,0.0,0.0,2.337734,6.7
2022-07-03 10:00:00,0.0,0.0,0.0,2.1095023,6.9
2022-07-03 11:00:00,0.0,0.0,0.0,2.5124688,7.0
2022-07-03 12:00:00,0.0,0.0,0.0,3.1815877,7.3
2022-07-03 13:00:00,0.0,0.0,0.0,4.1340055,8.0
2022-07-03 14:00:00,0.0,0.0,0.0,4.4432535,8.0
2022-07-03 15:00:00,0.0,0.0,0.0,4.850258,9.0
2022-07-03 16:00:00,0.0,0.0,0.0,5.284411,9.5
2022-07-03 17:00:00,0.0,0.0,0.0,5.948109,10.2
2022-07-03 18:00:00,0.0,0.0,0.0,6.138811,10.6
2022-07-03 19:00:00,0.1,0.1,0.0,6.2641835,10.9
2022-07-03 20:00:00,0.1,0.1,0.0,6.087898,12.1
2022-07-03 21:00:00,0.0,0.0,0.0,5.945166,11.5
2022-07-03 22:00:00,0.0,0.0,0.0,5.346027,10.6
2022-07-03 23:00:00,0.2,0.2,0.0,5.346027,9.6
2022-07-04 00:00:00,0.4,0.4,0.0,5.6189413,9.4
2022-07-04 01:00:00,0.5,0.5,0.0,5.8523498,10.8
2022-07-04 02:00:00,0.3,0.3,0.0,5.479507,10.3
2022-07-04 03:00:00,0.0,0.0,0.0,5.7725644,11.7
2022-07-04 04:00:00,0.2,0.2,0.0,6.217114,12.5
2022-07-04 05:00:00,0.0,0.0,0.0,6.661268,13.3
2022-07-04 06:00:00,0.0,0.0,0.0,6.6030297,12.7
2022-07-04 07:00:00,0.0,0.0,0.0,5.940539,12.5
2022-07-04 08:00:00,0.1,0.1,0.0,5.203124,11.6
2022-07-04 09:00:00,0.0,0.0,0.0,4.9396353,11.5
2022-07-04 10:00:00,0.0,0.0,0.0,4.7691717,11.5
2022-07-04 11:00:00,0.1,0.1,0.0,4.2722945,10.6
2022-07-04 12:00:00,1.2,1.2,0.0,2.4505103,9.4
2022-07-04 13:00:00,2.8,2.8,0.0,3.4946387,7.7
2022-07-04 14:00:00,0.7,0.7,0.0,4.3104525,9.7
2022-07-04 15:00:00,0.1,0.1,0.0,5.3723826,11.1
2022-07-04 16:00:00,0.0,0.0,0.0,5.583234,10.8
2022-07-04 17:00:00,0.0,0.0,0.0,5.1908574,9.9
2022-07-04 18:00:00,0.0,0.0,0.0,4.8231215,8.8
2022-07-04 19:00:00,0.0,0.0,0.0,4.4598203,8.0
2022-07-04 20:00:00,0.1,0.1,0.0,4.1355166,7.6
2022-07-04 21:00:00,0.0,0.0,0.0,4.186287,7.8
2022-07-04 22:00:00,0.5,0.5,0.0,4.883646,8.5
2022-07-04 23:00:00,1.1,1.1,0.0,4.1503015,8.2
2022-07-05 00:00:00,1.2,1.2,0.0,3.8078866,7.8
2022-07-05 01:00:00,0.6,0.6,0.0,3.8078864,6.7
2022-07-05 02:00:00,0.4,0.4,0.0,3.8890872,6.8
2022-07-05 03:00:00,0.3,0.3,0.0,3.753665,8.2
2022-07-05 04:00:00,0.2,0.2,0.0,4.9648767,9.2
2022-07-05 05:00:00,0.1,0.1,0.0,5.7404265,9.8
2022-07-05 06:00:00,0.4,0.4,0.0,5.8337383,12.5
2022-07-05 07:00:00,0.2,0.2,0.0,6.438167,12.5
2022-07-05 08:00:00,0.1,0.1,0.0,6.29325,12.1
2022-07-05 09:00:00,0.0,0.0,0.0,6.236986,11.6
2022-07-05 10:00:00,0.0,0.0,0.0,6.486332,12.0
2022-07-05 11:00:00,0.0,0.0,0.0,6.3957014,12.7
2022-07-05 12:00:00,0.0,0.0,0.0,6.290072,12.0
2022-07-05 13:00:00,0.0,0.0,0.0,6.170292,11.9
2022-07-05 14:00:00,0.0,0.0,0.0,5.975157,11.6
2022-07-05 15:00:00,0.0,0.0,0.0,5.4465585,10.2
2022-07-05 16:00:00,0.0,0.0,0.0,5.021205,9.0
2022-07-05 17:00:00,0.0,0.0,0.0,4.6647615,8.3
2022-07-05 18:00:00,0.0,0.0,0.0,4.473533,8.3
2022-07-05 19:00:00,0.0,0.0,0.0,4.1692324,7.6
2022-07-05 20:00:00,0.0,0.0,0.0,3.9849718,7.2
2022-07-05 21:00:00,0.0,0.0,0.0,3.8745968,7.0
2022-07-05 22:00:00,0.0,0.0,0.0,3.4615748,6.5
2022-07-05 23:00:00,0.0,0.0,0.0,3.1064448,5.9
2022-07-06 00:00:00,0.0,0.0,0.0,3.0004165,5.4
2022-07-06 01:00:00,0.0,0.0,0.0,3.2503846,5.9
2022-07-06 02:00:00,0.0,0.0,0.0,3.5587919,6.5
2022-07-06 03:00:00,0.0,0.0,0.0,4.0942035,7.7
2022-07-06 04:00:00,0.0,0.0,0.0,4.110049,8.8
2022-07-06 05:00:00,0.0,0.0,0.0,3.7165172,8.8
2022-07-06 06:00:00,0.0,0.0,0.0,3.2882366,8.2
2022-07-06 07:00:00,0.0,0.0,0.0,3.1599052,6.7
2022-07-06 08:00:00,0.0,0.0,0.0,3.1064448,6.9
2022-07-06 09:00:00,0.0,0.0,0.0,2.8071337,6.5
2022-07-06 10:00:00,0.0,0.0,0.0,2.1023796,5.8
2022-07-06 11:00:00,0.0,0.0,0.0,2.0024984,5.1
2022-07-06 12:00:00,0.0,0.0,0.0,1.8527007,4.3
2022-07-06 13:00:00,0.0,0.0,0.0,1.7734147,3.9
2022-07-06 14:00:00,0.0,0.0,0.0,1.8343936,3.5
2022-07-06 15:00:00,0.0,0.0,0.0,2.4129858,3.7
2022-07-06 16:00:00,0.0,0.0,0.0,3.1320918,4.9
2022-07-06 17:00:00,0.0,0.0,0.0,3.6249137,5.7
2022-07-06 18:00:00,0.0,0.0,0.0,3.8304698,6.1
2022-07-06 19:00:00,0.0,0.0,0.0,3.6417713,6.4
2022-07-06 20:00:00,0.0,0.0,0.0,3.538361,6.0
2022-07-06 21:00:00,0.0,0.0,0.0,3.3241541,5.7
2022-07-06 22:00:00,0.0,0.0,0.0,3.5510561,5.7
2022-07-06 23:00:00,0.0,0.0,0.0,3.9702015,6.2
2022-07-07 00:00:00,0.0,0.0,0.0,4.245291,6.8
2022-07-07 01:00:00,0.0,0.0,0.0,4.1188593,7.5
2022-07-07 02:00:00,0.0,0.0,0.0,4.2405777,8.2
2022-07-07 03:00:00,0.0,0.0,0.0,4.4637427,8.6
2022-07-07 04:00:00,0.0,0.0,0.0,5.341582,9.3
2022-07-07 05:00:00,0.0,0.0,0.0,5.075677,9.5
2022-07-07 06:00:00,0.0,0.0,0.0,4.6456966,10.1
2022-07-07 07:00:00,0.0,0.0,0.0,4.2801867,9.4
2022-07-07 08:00:00,0.0,0.0,0.0,4.2714167,9.2
2022-07-07 09:00:00,0.0,0.0,0.0,4.4364963,9.6
2022-07-07 10:00:00,0.0,0.0,0.0,4.3931766,9.7
2022-07-07 11:00:00,0.0,0.0,0.0,4.4913807,9.8
2022-07-07 12:00:00,0.0,0.0,0.0,4.702393,10.3
2022-07-07 13:00:00,0.9,0.9,0.0,5.1441717,10.0
2022-07-07 14:00:00,0.0,0.0,0.0,4.2898135,8.4
2022-07-07 15:00:00,0.0,0.0,0.0,3.9423976,7.8
2022-07-07 16:00:00,0.0,0.0,0.0,3.8832974,7.8
2022-07-07 17:00:00,0.0,0.0,0.0,3.9423976,7.6
2022-07-07 18:00:00,0.0,0.0,0.0,3.9293766,7.1
2022-07-07 19:00:00,0.0,0.0,0.0,4.0660176,7.4
2022-07-07 20:00:00,0.0,0.0,0.0,4.215448,7.5
2022-07-07 21:00:00,0.0,0.0,0.0,3.7566607,7.0
2022-07-07 22:00:00,0.3,0.3,0.0,3.5794554,6.6
2022-07-07 23:00:00,0.4,0.4,0.0,3.733631,7.1
2022-07-08 00:00:00,0.2,0.2,0.0,3.8275316,7.8
2022-07-08 01:00:00,0.2,0.2,0.0,3.8939056,7.7
2022-07-08 02:00:00,0.5,0.5,0.0,3.8939056,7.7
2022-07-08 03:00:00,0.3,0.3,0.0,4.271124,8.5
2022-07-08 04:00:00,0.1,0.1,0.0,4.5631676,12.4
2022-07-08 05:00:00,0.1,0.1,0.0,4.750789,12.9
2022-07-08 06:00:00,0.2,0.2,0.0,4.985228,12.6
2022-07-08 07:00:00,0.6,0.6,0.0,5.028419,11.9
2022-07-08 08:00:00,0.1,0.1,0.0,5.3333855,13.0
2022-07-08 09:00:00,0.2,0.2,0.0,5.244521,12.9
2022-07-08 10:00:00,0.1,0.1,0.0,6.0458665,12.4
2022-07-08 11:00:00,1.5,1.5,0.0,5.663921,11.1
2022-07-08 12:00:00,0.3,0.3,0.0,4.4229517,9.9
2022-07-08 13:00:00,0.1,0.1,0.0,4.638157,9.4
2022-07-08 14:00:00,0.1,0.1,0.0,4.1934476,8.3
2022-07-08 15:00:00,0.0,0.0,0.0,3.355965,7.5
2022-07-08 16:00:00,0.0,0.0,0.0,2.6575363,7.1
2022-07-08 17:00:00,0.0,0.0,0.0,3.309456,7.4
2022-07-08 18:00:00,0.0,0.0,0.0,4.226405,8.1
2022-07-08 19:00:00,0.0,0.0,0.0,4.4944406,8.2
2022-07-08 20:00:00,0.0,0.0,0.0,4.204759,7.4
2022-07-08 21:00:00,0.0,0.0,0.0,3.8483763,6.7
2022-07-08 22:00:00,0.0,0.0,0.0,3.733631,6.4
2022-07-08 23:00:00,0.0,0.0,0.0,3.7473323,6.3
2022-07-09 00:00:00,0.0,0.0,0.0,3.8600519,6.6
2022-07-09 01:00:00,0.0,0.0,0.0,4.244997,6.9
2022-07-09 02:00:00,0.0,0.0,0.0,4.285149,8.2
2022-07-09 03:00:00,0.0,0.0,0.0,4.5694637,8.7
2022-07-09 04:00:00,0.0,0.0,0.0,4.5188494,9.2
2022-07-09 05:00:00,0.0,0.0,0.0,4.6970735,9.6
2022-07-09 06:00:00,0.0,0.0,0.0,5.5973206,11.0
2022-07-09 07:00:00,0.0,0.0,0.0,5.5536027,11.6
2022-07-09 08:00:00,0.0,0.0,0.0,5.444722,11.5
2022-07-09 09:00:00,0.0,0.0,0.0,5.352803,10.6
2022-07-09 10:00:00,0.0,0.0,0.0,5.2069664,10.6
2022-07-09 11:00:00,0.0,0.0,0.0,5.3108377,10.8
2022-07-09 12:00:00,0.0,0.0,0.0,4.8414874,10.3
2022-07-09 13:00:00,0.0,0.0,0.0,4.322615,8.7
2022-07-09 14:00:00,0.0,0.0,0.0,3.6249137,7.4
2022-07-09 15:00:00,0.0,0.0,0.0,2.720294,6.0
2022-07-09 16:00:00,0.0,0.0,0.0,2.777139,5.3
2022-07-09 17:00:00,0.0,0.0,0.0,2.8640008,5.6
2022-07-09 18:00:00,0.0,0.0,0.0,3.0991936,5.6
2022-07-09 19:00:00,0.0,0.0,0.0,3.4176016,5.9
2022-07-09 20:00:00,0.0,0.0,0.0,3.7124789,6.5
2022-07-09 21:00:00,0.0,0.0,0.0,3.7396524,6.5
2022-07-09 22:00:00,0.0,0.0,0.0,3.511766,6.2
2022-07-09 23:00:00,0.0,0.0,0.0,3.555981,6.0
2022-07-10 00:00:00,0.0,0.0,0.0,3.689512,6.2
2022-07-10 01:00:00,0.0,0.0,0.0,4.005621,6.7
2022-07-10 02:00:00,0.0,0.0,0.0,4.1382365,7.6
2022-07-10 03:00:00,0.0,0.0,0.0,4.450281,8.5
2022-07-10 04:00:00,0.0,0.0,0.0,4.7206993,9.2
2022-07-10 05:00:00,0.0,0.0,0.0,6.158328,11.8
2022-07-10 06:00:00,0.0,0.0,0.0,6.350787,11.4
2022-07-10 07:00:00,0.0,0.0,0.0,6.036969,12.4
2022-07-10 08:00:00,0.0,0.0,0.0,6.0440054,12.0
2022-07-10 09:00:00,0.0,0.0,0.0,6.161371,12.2
2022-07-10 10:00:00,0.0,0.0,0.0,6.150203,11.8
2022-07-10 11:00:00,0.0,0.0,0.0,5.6905622,10.8
2022-07-10 12:00:00,0.0,0.0,0.0,4.4432535,9.7
2022-07-10 13:00:00,0.0,0.0,0.0,3.88973,8.3
2022-07-10 14:00:00,0.0,0.0,0.0,3.1910028,7.1
2022-07-10 15:00:00,0.0,0.0,0.0,3.1016126,7.0
2022-07-10 16:00:00,0.0,0.0,0.0,3.5846896,7.3
2022-07-10 17:00:00,0.0,0.0,0.0,4.0706263,7.4
2022-07-10 18:00:00,0.0,0.0,0.0,4.521338,8.1
2022-07-10 19:00:00,0.0,0.0,0.0,4.6308746,8.0
2022-07-10 20:00:00,0.0,0.0,0.0,4.5013885,8.1
2022-07-10 21:00:00,0.0,0.0,0.0,4.1773195,7.5
2022-07-10 22:00:00,0.0,0.0,0.0,4.1868844,7.2
2022-07-10 23:00:00,0.0,0.0,0.0,4.09176,7.0
2022-07-11 00:00:00,0.0,0.0,0.0,4.0301986,6.9
2022-07-11 01:00:00,0.0,0.0,0.0,4.1800117,7.2
2022-07-11 02:00:00,0.0,0.0,0.0,4.370927,7.7
2022-07-11 03:00:00,0.0,0.0,0.0,4.7405167,8.7
2022-07-11 04:00:00,0.0,0.0,0.0,4.9819674,9.8
2022-07-11 05:00:00,0.0,0.0,0.0,5.4426556,11.2
2022-07-11 06:00:00,0.0,0.0,0.0,6.296825,13.4
2022-07-11 07:00:00,0.0,0.0,0.0,6.519202,13.8
2022-07-11 08:00:00,0.0,0.0,0.0,6.4978843,13.2
2022-07-11 09:00:00,0.0,0.0,0.0,6.3411355,13.0
2022-07-11 10:00:00,0.0,0.0,0.0,6.0336556,12.6
2022-07-11 11:00:00,0.0,0.0,0.0,5.644688,12.2
2022-07-11 12:00:00,0.0,0.0,0.0,4.484696,12.8
2022-07-11 13:00:00,0.0,0.0,0.0,3.0302641,9.5
2022-07-11 14:00:00,0.0,0.0,0.0,3.8029594,7.3
2022-07-11 15:00:00,0.0,0.0,0.0,3.9258757,6.1
2022-07-11 16:00:00,0.0,0.0,0.0,3.3970575,5.6
2022-07-11 17:00:00,0.0,0.0,0.0,3.6715121,6.0
2022-07-11 18:00:00,0.0,0.0,0.0,4.2793107,7.1
2022-07-11 19:00:00,0.0,0.0,0.0,4.7405167,8.6
2022-07-11 20:00:00,0.0,0.0,0.0,4.816638,8.7
2022-07-11 21:00:00,0.0,0.0,0.0,4.750789,8.5
2022-07-11 22:00:00,0.0,0.0,0.0,4.846906,8.4
2022-07-11 23:00:00,0.0,0.0,0.0,4.954291,8.5
2022-07-12 00:00:00,0.0,0.0,0.0,4.985228,8.6
2022-07-12 01:00:00,0.0,0.0,0.0,4.8795495,8.6
2022-07-12 02:00:00,0.0,0.0,0.0,5.058903,9.2
2022-07-12 03:00:00,0.0,0.0,0.0,5.0990195,9.6
2022-07-12 04:00:00,0.0,0.0,0.0,5.1973553,9.9
2022-07-12 05:00:00,0.0,0.0,0.0,5.7275653,10.9
2022-07-12 06:00:00,0.0,0.0,0.0,5.7999997,11.6
2022-07-12 07:00:00,0.0,0.0,0.0,5.802155,12.1
2022-07-12 08:00:00,0.0,0.0,0.0,5.630497,11.7
2022-07-12 09:00:00,0.0,0.0,0.0,5.4465585,11.3
2022-07-12 10:00:00,0.0,0.0,0.0,5.550901,11.1
2022-07-12 11:00:00,0.0,0.0,0.0,5.517246,10.9
2022-07-12 12:00:00,0.0,0.0,0.0,5.315073,10.2
2022-07-12 13:00:00,0.0,0.0,0.0,4.8974485,9.1
2022-07-12 14:00:00,0.0,0.0,0.0,3.5217183,6.4
2022-07-12 15:00:00,0.0,0.0,0.0,2.4703238,4.4
2022-07-12 16:00:00,0.0,0.0,0.0,2.1400933,3.7
2022-07-12 17:00:00,0.0,0.0,0.0,2.2203603,3.3
2022-07-12 18:00:00,0.0,0.0,0.0,2.178302,3.3
2022-07-12 19:00:00,0.0,0.0,0.0,2.214159,3.4
2022-07-12 20:00:00,0.0,0.0,0.0,2.3259406,3.8
2022-07-12 21:00:00,0.0,0.0,0.0,2.6315393,4.3
2022-07-12 22:00:00,0.0,0.0,0.0,2.6706738,4.6
2022-07-12 23:00:00,0.0,0.0,0.0,2.65,4.5
2022-07-13 00:00:00,0.0,0.0,0.0,2.753634,4.7
2022-07-13 01:00:00,0.0,0.0,0.0,2.9584625,5.1
2022-07-13 02:00:00,0.0,0.0,0.0,2.6856098,5.8
2022-07-13 03:00:00,0.0,0.0,0.0,2.6462238,6.0
2022-07-13 04:00:00,0.0,0.0,0.0,2.3307724,5.9
2022-07-13 05:00:00,0.0,0.0,0.0,2.1523244,5.9
2022-07-13 06:00:00,0.0,0.0,0.0,2.2343903,6.9
2022-07-13 07:00:00,0.1,0.1,0.0,2.530316,6.8
2022-07-13 08:00:00,0.0,0.0,0.0,2.6856098,6.7
2022-07-13 09:00:00,0.0,0.0,0.0,2.4989996,5.9
2022-07-13 10:00:00,0.0,0.0,0.0,2.265502,5.6
2022-07-13 11:00:00,0.0,0.0,0.0,1.8821529,4.9
2022-07-13 12:00:00,0.0,0.0,0.0,1.9039433,4.5
2022-07-13 13:00:00,0.0,0.0,0.0,2.0130823,3.7
2022-07-13 14:00:00,0.0,0.0,0.0,1.6620771,2.0
2022-07-13 15:00:00,0.0,0.0,0.0,2.0081086,2.6
2022-07-13 16:00:00,0.0,0.0,0.0,2.3584952,3.3
2022-07-13 17:00:00,0.0,0.0,0.0,2.6518862,3.3
2022-07-13 18:00:00,0.0,0.0,0.0,2.6504717,3.5
2022-07-13 19:00:00,0.0,0.0,0.0,2.326478,3.9
2022-07-13 20:00:00,0.0,0.0,0.0,1.9906029,3.3
2022-07-13 21:00:00,0.0,0.0,0.0,1.9697715,3.3
2022-07-13 22:00:00,0.0,0.0,0.0,1.7670598,3.2
2022-07-13 23:00:00,0.0,0.0,0.0,1.7442764,3.2
2022-07-14 00:00:00,0.0,0.0,0.0,1.4577379,2.7
2022-07-14 01:00:00,0.0,0.0,0.0,1.7613915,3.1
2022-07-14 02:00:00,0.0,0.0,0.0,1.2419742,3.2
2022-07-14 03:00:00,0.0,0.0,0.0,1.2093385,3.5
2022-07-14 04:00:00,0.0,0.0,0.0,1.2539936,3.9
2022-07-14 05:00:00,0.0,0.0,0.0,1.1853269,4.3
2022-07-14 06:00:00,0.0,0.0,0.0,1.0124229,4.3
2022-07-14 07:00:00,0.0,0.0,0.0,0.76321685,4.4
2022-07-14 08:00:00,0.0,0.0,0.0,0.47169906,4.1
2022-07-14 09:00:00,0.0,0.0,0.0,0.30413812,3.7
2022-07-14 10:00:00,0.0,0.0,0.0,1.423025,3.9
2022-07-14 11:00:00,0.0,0.0,0.0,1.7755281,3.9
2022-07-14 12:00:00,0.0,0.0,0.0,2.1931713,3.9
2022-07-14 13:00:00,0.0,0.0,0.0,2.6215453,3.6
2022-07-14 14:00:00,0.0,0.0,0.0,2.219234,2.3
2022-07-14 15:00:00,0.0,0.0,0.0,1.9163767,3.2
2022-07-14 16:00:00,0.0,0.0,0.0,2.3632603,3.5
2022-07-14 17:00:00,0.0,0.0,0.0,2.441823,3.5
2022-07-14 18:00:00,0.0,0.0,0.0,2.4135036,3.4
2022-07-14 19:00:00,0.0,0.0,0.0,2.074247,2.7
2022-07-14 20:00:00,0.0,0.0,0.0,1.3124405,2.1
2022-07-14 21:00:00,0.0,0.0,0.0,0.89442724,1.8
2022-07-14 22:00:00,0.0,0.0,0.0,1.8248286,2.1
2022-07-14 23:00:00,0.0,0.0,0.0,2.109502,2.3
2022-07-15 00:00:00,0.0,0.0,0.0,1.8560711,2.1
2022-07-15 01:00:00,0.0,0.0,0.0,1.3865424,2.5
2022-07-15 02:00:00,0.0,0.0,0.0,0.8902247,2.9
2022-07-15 03:00:00,0.0,0.0,0.0,0.81394106,3.4
2022-07-15 04:00:00,0.0,0.0,0.0,1.3793114,4.6
2022-07-15 05:00:00,0.0,0.0,0.0,2.0112185,5.9
2022-07-15 06:00:00,0.0,0.0,0.0,2.1505814,6.8
2022-07-15 07:00:00,0.0,0.0,0.0,2.2343903,6.5
2022-07-15 08:00:00,0.0,0.0,0.0,2.3334522,6.7
2022-07-15 09:00:00,0.0,0.0,0.0,2.304886,6.5
2022-07-15 10:00:00,0.0,0.0,0.0,2.6518862,6.3
2022-07-15 11:00:00,0.0,0.0,0.0,2.4052026,6.0
2022-07-15 12:00:00,0.0,0.0,0.0,2.2610838,5.6
2022-07-15 13:00:00,0.0,0.0,0.0,2.4869661,5.2
2022-07-15 14:00:00,0.0,0.0,0.0,2.2102036,3.8
2022-07-15 15:00:00,0.0,0.0,0.0,1.8034688,3.1
2022-07-15 16:00:00,0.0,0.0,0.0,2.2102036,3.0
2022-07-15 17:00:00,0.0,0.0,0.0,2.1965883,3.1
2022-07-15 18:00:00,0.0,0.0,0.0,2.2410934,3.0
2022-07-15 19:00:00,0.0,0.0,0.0,2.2203603,2.8
2022-07-15 20:00:00,0.0,0.0,0.0,2.059126,2.6
2022-07-15 21:00:00,0.0,0.0,0.0,1.9499999,2.4
2022-07-15 22:00:00,0.0,0.0,0.0,2.0886598,2.4
2022-07-15 23:00:00,0.0,0.0,0.0,1.7507142,2.8
2022-07-16 00:00:00,0.0,0.0,0.0,1.8027756,3.0
2022-07-16 01:00:00,0.0,0.0,0.0,1.6278821,3.8
2022-07-16 02:00:00,0.2,0.2,0.0,1.2529964,3.4
2022-07-16 03:00:00,0.0,0.0,0.0,1.17047,3.9
2022-07-16 04:00:00,0.0,0.0,0.0,0.9124143,4.1
2022-07-16 05:00:00,0.1,0.1,0.0,0.92195445,4.3
2022-07-16 06:00:00,0.0,0.0,0.0,1.7204651,6.3
2022-07-16 07:00:00,0.0,0.0,0.0,2.3505318,7.9
2022-07-16 08:00:00,0.1,0.1,0.0,2.7973201,8.1
2022-07-16 09:00:00,0.0,0.0,0.0,3.3723137,8.8
2022-07-16 10:00:00,0.0,0.0,0.0,5.6579585,10.8
2022-07-16 11:00:00,0.0,0.0,0.0,6.100205,10.3
2022-07-16 12:00:00,0.0,0.0,0.0,5.776028,8.4
2022-07-16 13:00:00,0.0,0.0,0.0,5.9539905,7.7
2022-07-16 14:00:00,0.0,0.0,0.0,7.021574,10.5
2022-07-16 15:00:00,0.0,0.0,0.0,5.652654,13.0
2022-07-16 16:00:00,0.0,0.0,0.0,5.0487623,9.8
2022-07-16 17:00:00,0.0,0.0,0.0,5.4646587,8.6
2022-07-16 18:00:00,0.0,0.0,0.0,5.8619537,9.7
2022-07-16 19:00:00,0.0,0.0,0.0,6.139218,11.3
2022-07-16 20:00:00,0.0,0.0,0.0,6.0798845,11.0
2022-07-16 21:00:00,0.0,0.0,0.0,5.6484513,10.3
2022-07-16 22:00:00,0.1,0.1,0.0,5.602901,10.5
2022-07-16 23:00:00,0.2,0.2,0.0,5.448853,9.9
2022-07-17 00:00:00,0.2,0.2,0.0,5.654423,10.0
2022-07-17 01:00:00,0.0,0.0,0.0,5.3935146,10.5
2022-07-17 02:00:00,0.0,0.0,0.0,5.71358,10.8
2022-07-17 03:00:00,0.0,0.0,0.0,6.4734073,12.3
2022-07-17 04:00:00,0.0,0.0,0.0,7.1044,13.5
2022-07-17 05:00:00,0.0,0.0,0.0,7.4394217,14.4
2022-07-17 06:00:00,0.0,0.0,0.0,7.34983,14.4
2022-07-17 07:00:00,0.0,0.0,0.0,6.8308125,14.1
2022-07-17 08:00:00,0.0,0.0,0.0,6.270965,13.1
2022-07-17 09:00:00,0.0,0.0,0.0,5.9718084,12.5
2022-07-17 10:00:00,0.0,0.0,0.0,5.7467384,12.2
2022-07-17 11:00:00,0.0,0.0,0.0,5.5814424,11.7
2022-07-17 12:00:00,0.0,0.0,0.0,5.352803,11.0
2022-07-17 13:00:00,0.0,0.0,0.0,5.085519,10.1
2022-07-17 14:00:00,0.0,0.0,0.0,4.324639,8.1
2022-07-17 15:00:00,0.0,0.0,0.0,2.9732137,5.7
2022-07-17 16:00:00,0.0,0.0,0.0,2.274313,4.5
2022-07-17 17:00:00,0.0,0.0,0.0,1.839837,3.3
2022-07-17 18:00:00,0.0,0.0,0.0,2.3200216,3.1
2022-07-17 19:00:00,0.0,0.0,0.0,2.1569655,2.8
2022-07-17 20:00:00,0.0,0.0,0.0,1.6710774,2.5
2022-07-17 21:00:00,0.0,0.0,0.0,1.7734147,2.6
2022-07-17 22:00:00,0.0,0.0,0.0,1.9416488,3.3
2022-07-17 23:00:00,0.0,0.0,0.0,2.641969,4.4
2022-07-18 00:00:00,0.0,0.0,0.0,3.184729,5.2
2022-07-18 01:00:00,0.6,0.6,0.0,3.2128649,6.3
2022-07-18 02:00:00,1.8,1.8,0.0,3.4003677,6.5
2022-07-18 03:00:00,1.9,1.9,0.0,3.535534,6.6
2022-07-18 04:00:00,0.4,0.4,0.0,3.268792,6.5
2022-07-18 05:00:00,0.0,0.0,0.0,3.0037477,6.0
2022-07-18 06:00:00,0.0,0.0,0.0,2.8146937,5.6
2022-07-18 07:00:00,0.0,0.0,0.0,2.5317976,6.7
2022-07-18 08:00:00,0.0,0.0,0.0,2.245551,6.2
2022-07-18 09:00:00,0.0,0.0,0.0,2.385372,6.1
2022-07-18 10:00:00,0.0,0.0,0.0,2.9516943,6.3
2022-07-18 11:00:00,0.0,0.0,0.0,3.0103986,6.0
2022-07-18 12:00:00,0.0,0.0,0.0,2.9124732,5.6
2022-07-18 13:00:00,0.0,0.0,0.0,3.1132782,5.7
2022-07-18 14:00:00,0.0,0.0,0.0,2.7294688,4.4
2022-07-18 15:00:00,0.0,0.0,0.0,1.637834,2.9
2022-07-18 16:00:00,0.0,0.0,0.0,2.0099752,3.3
2022-07-18 17:00:00,0.0,0.0,0.0,2.3194828,3.3
2022-07-18 18:00:00,0.0,0.0,0.0,2.3690715,3.3
2022-07-18 19:00:00,0.0,0.0,0.0,2.304886,3.9
2022-07-18 20:00:00,0.0,0.0,0.0,2.3505318,3.9
2022-07-18 21:00:00,0.0,0.0,0.0,2.4581497,4.1
2022-07-18 22:00:00,0.0,0.0,0.0,2.8004463,4.2
2022-07-18 23:00:00,0.0,0.0,0.0,2.4545875,3.7
2022-07-19 00:00:00,0.0,0.0,0.0,2.1783023,3.2
2022-07-19 01:00:00,0.0,0.0,0.0,2.3648467,3.8
2022-07-19 02:00:00,0.0,0.0,0.0,1.8848077,4.0
2022-07-19 03:00:00,0.0,0.0,0.0,1.8117672,4.2
2022-07-19 04:00:00,0.0,0.0,0.0,1.5953057,4.3
2022-07-19 05:00:00,0.0,0.0,0.0,1.5206907,5.0
2022-07-19 06:00:00,0.0,0.0,0.0,1.4142135,5.5
2022-07-19 07:00:00,0.0,0.0,0.0,1.4916434,5.2
2022-07-19 08:00:00,0.0,0.0,0.0,1.4577379,5.2
2022-07-19 09:00:00,0.0,0.0,0.0,1.523975,5.2
2022-07-19 10:00:00,0.0,0.0,0.0,1.3601471,5.0
2022-07-19 11:00:00,0.0,0.0,0.0,1.3892444,4.8
2022-07-19 12:00:00,0.0,0.0,0.0,1.7334936,4.4
2022-07-19 13:00:00,0.0,0.0,0.0,2.070024,3.9
2022-07-19 14:00:00,0.0,0.0,0.0,1.25,1.7
2022-07-19 15:00:00,0.0,0.0,0.0,1.833712,2.0
2022-07-19 16:00:00,0.0,0.0,0.0,1.603122,2.1
2022-07-19 17:00:00,0.0,0.0,0.0,1.1715374,2.1
2022-07-19 18:00:00,0.0,0.0,0.0,1.7585506,2.7
2022-07-19 19:00:00,0.0,0.0,0.0,1.8560711,3.2
2022-07-19 20:00:00,0.0,0.0,0.0,2.0,3.4
2022-07-19 21:00:00,0.1,0.1,0.0,2.554408,4.6
2022-07-19 22:00:00,0.0,0.0,0.0,2.7735357,5.2
2022-07-19 23:00:00,0.0,0.0,0.0,2.4622145,4.9
2022-07-20 00:00:00,0.0,0.0,0.0,2.1360009,4.7
2022-07-20 01:00:00,0.0,0.0,0.0,2.5005,4.7
2022-07-20 02:00:00,0.2,0.2,0.0,3.0149627,4.8
2022-07-20 03:00:00,0.1,0.1,0.0,3.535534,4.4
2022-07-20 04:00:00,0.2,0.2,0.0,4.6542993,6.9
2022-07-20 05:00:00,0.1,0.1,0.0,5.2952805,9.4
2022-07-20 06:00:00,0.0,0.0,0.0,5.842089,9.4
2022-07-20 07:00:00,0.0,0.0,0.0,6.997321,13.4
2022-07-20 08:00:00,0.0,0.0,0.0,7.197569,14.2
2022-07-20 09:00:00,0.0,0.0,0.0,7.6277456,14.9
2022-07-20 10:00:00,0.0,0.0,0.0,6.0104074,13.4
2022-07-20 11:00:00,0.0,0.0,0.0,7.3379154,12.9
2022-07-20 12:00:00,0.3,0.3,0.0,5.2737556,9.4
2022-07-20 13:00:00,0.0,0.0,0.0,4.562072,6.3
2022-07-20 14:00:00,0.0,0.0,0.0,4.069705,6.1
2022-07-20 15:00:00,0.0,0.0,0.0,3.7858288,6.7
2022-07-20 16:00:00,0.0,0.0,0.0,3.75,6.5
2022-07-20 17:00:00,0.0,0.0,0.0,3.6554751,6.2
2022-07-20 18:00:00,0.0,0.0,0.0,3.405877,5.9
2022-07-20 19:00:00,0.0,0.0,0.0,3.0,5.1
2022-07-20 20:00:00,0.0,0.0,0.0,2.8900692,5.0
2022-07-20 21:00:00,0.0,0.0,0.0,2.9261749,5.0
2022-07-20 22:00:00,0.0,0.0,0.0,3.0372684,4.9
2022-07-20 23:00:00,0.0,0.0,0.0,3.104835,5.0
2022-07-21 00:00:00,0.0,0.0,0.0,3.1976554,5.2
2022-07-21 01:00:00,0.0,0.0,0.0,3.5850384,6.0
2022-07-21 02:00:00,0.0,0.0,0.0,3.8327537,7.2
2022-07-21 03:00:00,0.0,0.0,0.0,3.834384,8.0
2022-07-21 04:00:00,0.0,0.0,0.0,4.1743264,8.9
2022-07-21 05:00:00,0.0,0.0,0.0,5.2554736,10.6
2022-07-21 06:00:00,0.0,0.0,0.0,5.210806,10.9
2022-07-21 07:00:00,0.0,0.0,0.0,5.255949,11.2
2022-07-21 08:00:00,0.0,0.0,0.0,5.280152,11.1
2022-07-21 09:00:00,0.0,0.0,0.0,5.456189,11.2
2022-07-21 10:00:00,0.0,0.0,0.0,6.107782,11.4
2022-07-21 11:00:00,0.0,0.0,0.0,5.8600345,11.0
2022-07-21 12:00:00,0.0,0.0,0.0,5.6127086,10.8
2022-07-21 13:00:00,0.0,0.0,0.0,5.269725,9.9
2022-07-21 14:00:00,0.0,0.0,0.0,4.101829,7.3
2022-07-21 15:00:00,0.0,0.0,0.0,3.2607515,5.6
2022-07-21 16:00:00,0.0,0.0,0.0,2.8844411,4.9
2022-07-21 17:00:00,0.0,0.0,0.0,2.4300208,4.6
2022-07-21 18:00:00,0.0,0.0,0.0,2.5465662,4.4
2022-07-21 19:00:00,0.0,0.0,0.0,2.6201146,4.3
2022-07-21 20:00:00,0.0,0.0,0.0,2.4824383,4.2
2022-07-21 21:00:00,0.0,0.0,0.0,2.3706539,4.0
2022-07-21 22:00:00,0.0,0.0,0.0,2.7973201,3.9
2022-07-21 23:00:00,0.0,0.0,0.0,2.6879358,4.0
2022-07-22 00:00:00,0.0,0.0,0.0,2.8257742,4.3
2022-07-22 01:00:00,0.0,0.0,0.0,3.224903,5.2
2022-07-22 02:00:00,0.0,0.0,0.0,3.5017853,6.6
2022-07-22 03:00:00,0.0,0.0,0.0,3.8810437,7.8
2022-07-22 04:00:00,0.0,0.0,0.0,4.5238256,9.2
2022-07-22 05:00:00,0.0,0.0,0.0,4.8654394,10.0
2022-07-22 06:00:00,0.0,0.0,0.0,5.479507,11.3
2022-07-22 07:00:00,0.0,0.0,0.0,5.7915883,11.9
2022-07-22 08:00:00,0.0,0.0,0.0,5.549099,11.6
2022-07-22 09:00:00,0.0,0.0,0.0,5.3443894,10.9
2022-07-22 10:00:00,0.0,0.0,0.0,5.249762,10.2
2022-07-22 11:00:00,0.0,0.0,0.0,5.5154333,10.7
2022-07-22 12:00:00,0.0,0.0,0.0,5.771698,10.5
2022-07-22 13:00:00,0.0,0.0,0.0,5.420332,10.0
2022-07-22 14:00:00,0.0,0.0,0.0,4.356604,7.8
2022-07-22 15:00:00,0.0,0.0,0.0,3.0207617,5.2
2022-07-22 16:00:00,0.0,0.0,0.0,2.236068,3.8
2022-07-22 17:00:00,0.0,0.0,0.0,1.9912307,3.3
2022-07-22 18:00:00,0.0,0.0,0.0,1.9235384,3.0
2022-07-22 19:00:00,0.0,0.0,0.0,1.7007351,3.1
2022-07-22 20:00:00,0.0,0.0,0.0,1.7442764,3.2
2022-07-22 21:00:00,0.0,0.0,0.0,1.9006578,3.2
2022-07-22 22:00:00,0.0,0.0,0.0,1.6800299,3.2
2022-07-22 23:00:00,0.0,0.0,0.0,1.6918924,3.2
2022-07-23 00:00:00,0.0,0.0,0.0,1.5116217,2.8
2022-07-23 01:00:00,0.0,0.0,0.0,1.7327724,3.3
2022-07-23 02:00:00,0.0,0.0,0.0,1.3928387,3.4
2022-07-23 03:00:00,0.0,0.0,0.0,2.098809,4.4
2022-07-23 04:00:00,0.0,0.0,0.0,2.9618406,6.3
2022-07-23 05:00:00,0.0,0.0,0.0,3.0004168,6.8
2022-07-23 06:00:00,0.0,0.0,0.0,3.1016126,7.0
2022-07-23 07:00:00,0.0,0.0,0.0,3.577709,8.6
2022-07-23 08:00:00,0.0,0.0,0.0,3.9274673,9.0
2022-07-23 09:00:00,0.0,0.0,0.0,4.140048,8.9
2022-07-23 10:00:00,0.0,0.0,0.0,4.2617483,8.5
2022-07-23 11:00:00,0.0,0.0,0.0,4.361766,8.7
2022-07-23 12:00:00,0.0,0.0,0.0,4.427471,8.1
2022-07-23 13:00:00,0.0,0.0,0.0,4.1463842,7.7
2022-07-23 14:00:00,0.0,0.0,0.0,3.355965,5.8
2022-07-23 15:00:00,0.0,0.0,0.0,2.777139,4.3
2022-07-23 16:00:00,0.0,0.0,0.0,2.2770596,3.7
2022-07-23 17:00:00,0.0,0.0,0.0,1.868154,3.3
2022-07-23 18:00:00,0.0,0.0,0.0,2.1029742,3.1
2022-07-23 19:00:00,0.0,0.0,0.0,2.1708293,3.6
2022-07-23 20:00:00,0.0,0.0,0.0,2.4005208,4.0
2022-07-23 21:00:00,0.0,0.0,0.0,2.6856098,4.5
2022-07-23 22:00:00,0.0,0.0,0.0,3.203904,4.7
2022-07-23 23:00:00,0.0,0.0,0.0,3.1148837,4.9
2022-07-24 00:00:00,0.0,0.0,0.0,2.9904013,4.7
2022-07-24 01:00:00,0.0,0.0,0.0,3.2128649,5.8
2022-07-24 02:00:00,0.0,0.0,0.0,3.544009,7.5
2022-07-24 03:00:00,0.0,0.0,0.0,3.9777505,9.4
2022-07-24 04:00:00,0.0,0.0,0.0,3.965476,10.0
2022-07-24 05:00:00,0.0,0.0,0.0,3.9427147,10.4
2022-07-24 06:00:00,0.0,0.0,0.0,4.0040603,11.1
2022-07-24 07:00:00,0.0,0.0,0.0,4.428318,9.8
2022-07-24 08:00:00,0.0,0.0,0.0,4.897193,10.4
2022-07-24 09:00:00,0.0,0.0,0.0,5.3127203,11.0
2022-07-24 10:00:00,0.0,0.0,0.0,5.672742,11.0
2022-07-24 11:00:00,0.0,0.0,0.0,5.9548297,10.6
2022-07-24 12:00:00,0.0,0.0,0.0,6.0508265,10.3
2022-07-24 13:00:00,0.0,0.0,0.0,5.5138464,7.9
2022-07-24 14:00:00,0.0,0.0,0.0,3.4539833,4.8
2022-07-24 15:00:00,0.0,0.0,0.0,1.9525625,3.1
2022-07-24 16:00:00,0.0,0.0,0.0,2.3505318,3.4
2022-07-24 17:00:00,0.0,0.0,0.0,2.3584952,3.4
2022-07-24 18:00:00,0.0,0.0,0.0,2.337734,3.2
2022-07-24 19:00:00,0.0,0.0,0.0,2.1224985,2.8
2022-07-24 20:00:00,0.0,0.0,0.0,1.9235384,2.6
2022-07-24 21:00:00,0.0,0.0,0.0,2.1476731,2.8
2022-07-24 22:00:00,0.0,0.0,0.0,1.9557607,3.1
2022-07-24 23:00:00,0.0,0.0,0.0,2.1213202,3.6
2022-07-25 00:00:00,0.0,0.0,0.0,1.8062392,3.3
2022-07-25 01:00:00,0.0,0.0,0.0,2.2203603,3.1
2022-07-25 02:00:00,0.0,0.0,0.0,1.7066048,3.8
2022-07-25 03:00:00,0.0,0.0,0.0,1.8117672,4.5
2022-07-25 04:00:00,0.0,0.0,0.0,2.0012496,4.8
2022-07-25 05:00:00,0.0,0.0,0.0,1.8248286,4.8
2022-07-25 06:00:00,0.0,0.0,0.0,1.9059118,5.2
2022-07-25 07:00:00,0.0,0.0,0.0,2.0024984,6.1
2022-07-25 08:00:00,0.0,0.0,0.0,1.9319679,6.0
2022-07-25 09:00:00,0.0,0.0,0.0,1.5976546,5.4
2022-07-25 10:00:00,0.0,0.0,0.0,1.4080127,4.7
2022-07-25 11:00:00,0.0,0.0,0.0,1.457738,4.1
2022-07-25 12:00:00,0.0,0.0,0.0,1.2020814,3.0
2022-07-25 13:00:00,0.0,0.0,0.0,0.65192026,2.6
2022-07-25 14:00:00,0.0,0.0,0.0,0.93941474,2.5
2022-07-25 15:00:00,0.0,0.0,0.0,2.100595,3.1
2022-07-25 16:00:00,0.0,0.0,0.0,2.2472203,3.4
2022-07-25 17:00:00,0.0,0.0,0.0,2.2343903,3.5
2022-07-25 18:00:00,0.0,0.0,0.0,2.1095023,3.5
2022-07-25 19:00:00,0.0,0.0,0.0,2.1731312,3.6
2022-07-25 20:00:00,0.0,0.0,0.0,2.0814657,3.4
2022-07-25 21:00:00,0.0,0.0,0.0,2.1272047,3.4
2022-07-25 22:00:00,0.0,0.0,0.0,2.214159,3.4
2022-07-25 23:00:00,0.0,0.0,0.0,2.0506096,3.4
2022-07-26 00:00:00,0.0,0.0,0.0,1.950641,3.2
2022-07-26 01:00:00,0.0,0.0,0.0,1.8848077,3.2
2022-07-26 02:00:00,0.0,0.0,0.0,1.4396181,3.7
2022-07-26 03:00:00,0.0,0.0,0.0,1.2369317,4.2
2022-07-26 04:00:00,0.0,0.0,0.0,1.5532224,4.9
2022-07-26 05:00:00,0.0,0.0,0.0,2.1053503,5.5
2022-07-26 06:00:00,0.0,0.0,0.0,2.540177,6.1
2022-07-26 07:00:00,0.0,0.0,0.0,2.8900692,7.3
2022-07-26 08:00:00,0.0,0.0,0.0,3.240756,7.5
2022-07-26 09:00:00,0.0,0.0,0.0,3.3305407,7.3
2022-07-26 10:00:00,0.0,0.0,0.0,2.9124732,7.3
2022-07-26 11:00:00,0.0,0.0,0.0,3.6100557,7.6
2022-07-26 12:00:00,0.0,0.0,0.0,3.77955,7.8
2022-07-26 13:00:00,0.0,0.0,0.0,2.7856774,5.5
2022-07-26 14:00:00,0.0,0.0,0.0,1.85,3.9
2022-07-26 15:00:00,0.0,0.0,0.0,2.0796633,3.7
2022-07-26 16:00:00,0.0,0.0,0.0,2.4129858,5.0
2022-07-26 17:00:00,0.0,0.0,0.0,1.3009611,3.9
2022-07-26 18:00:00,0.0,0.0,0.0,2.0402207,2.2
2022-07-26 19:00:00,0.1,0.1,0.0,2.7986603,4.5
2022-07-26 20:00:00,0.0,0.0,0.0,3.040148,5.3
2022-07-26 21:00:00,0.0,0.0,0.0,3.448188,5.9
2022-07-26 22:00:00,0.0,0.0,0.0,4.183898,6.8
2022-07-26 23:00:00,0.0,0.0,0.0,4.3072615,7.1
2022-07-27 00:00:00,0.0,0.0,0.0,4.7183156,7.3
2022-07-27 01:00:00,0.0,0.0,0.0,4.8626122,7.3
2022-07-27 02:00:00,0.0,0.0,0.0,4.4726944,6.8
2022-07-27 03:00:00,0.0,0.0,0.0,3.9560082,7.8
2022-07-27 04:00:00,0.2,0.2,0.0,3.8900514,8.1
2022-07-27 05:00:00,0.1,0.1,0.0,4.232316,8.8
2022-07-27 06:00:00,0.3,0.3,0.0,3.7735925,10.9
2022-07-27 07:00:00,0.0,0.0,0.0,3.407712,8.0
2022-07-27 08:00:00,0.1,0.1,0.0,2.4545875,8.1
2022-07-27 09:00:00,0.0,0.0,0.0,2.280351,7.3
2022-07-27 10:00:00,0.7,0.7,0.0,2.8887713,6.1
2022-07-27 11:00:00,0.6,0.6,0.0,1.9924859,6.9
2022-07-27 12:00:00,0.0,0.0,0.0,3.251538,3.6
2022-07-27 13:00:00,0.0,0.0,0.0,2.915476,5.1
2022-07-27 14:00:00,0.0,0.0,0.0,1.8741665,3.6
2022-07-27 15:00:00,0.0,0.0,0.0,2.1644862,2.8
2022-07-27 16:00:00,0.0,0.0,0.0,2.902585,2.9
2022-07-27 17:00:00,0.0,0.0,0.0,2.4413111,3.0
2022-07-27 18:00:00,0.0,0.0,0.0,2.1505814,3.0
2022-07-27 19:00:00,0.0,0.0,0.0,1.9039433,3.1
2022-07-27 20:00:00,0.0,0.0,0.0,1.8973665,2.9
2022-07-27 21:00:00,0.0,0.0,0.0,1.5337862,2.1
2022-07-27 22:00:00,0.0,0.0,0.0,1.5890248,1.5
2022-07-27 23:00:00,0.0,0.0,0.0,1.1313709,1.6
2022-07-28 00:00:00,0.0,0.0,0.0,0.9055385,2.5
2022-07-28 01:00:00,0.0,0.0,0.0,1.6688318,5.1
2022-07-28 02:00:00,0.0,0.0,0.0,2.030394,6.8
2022-07-28 03:00:00,0.0,0.0,0.0,2.4135036,7.2
2022-07-28 04:00:00,0.0,0.0,0.0,3.1800156,7.9
2022-07-28 05:00:00,0.0,0.0,0.0,3.757659,9.0
2022-07-28 06:00:00,0.0,0.0,0.0,3.8275318,9.8
2022-07-28 07:00:00,0.0,0.0,0.0,3.6400552,9.0
2022-07-28 08:00:00,0.0,0.0,0.0,3.720215,9.2
2022-07-28 09:00:00,0.0,0.0,0.0,3.3015149,8.8
2022-07-28 10:00:00,1.6,1.6,0.0,5.994164,11.5
2022-07-28 11:00:00,0.6,0.6,0.0,5.800862,10.2
2022-07-28 12:00:00,0.0,0.0,0.0,4.545327,8.8
2022-07-28 13:00:00,0.0,0.0,0.0,4.648118,8.4
2022-07-28 14:00:00,0.0,0.0,0.0,4.6970735,7.8
2022-07-28 15:00:00,0.9,0.9,0.0,4.171631,6.4
2022-07-28 16:00:00,1.3,1.3,0.0,3.8275316,6.0
2022-07-28 17:00:00,0.4,0.4,0.0,3.7124789,5.4
2022-07-28 18:00:00,0.2,0.2,0.0,3.7047267,5.6
2022-07-28 19:00:00,1.6,1.6,0.0,3.956008,7.2
2022-07-28 20:00:00,1.0,1.0,0.0,3.9385912,6.9
2022-07-28 21:00:00,0.7,0.7,0.0,3.407712,6.3
2022-07-28 22:00:00,0.5,0.5,0.0,2.9719522,5.8
2022-07-28 23:00:00,0.8,0.8,0.0,2.9954133,4.7
2022-07-29 00:00:00,0.6,0.6,0.0,3.1953092,5.8
2022-07-29 01:00:00,0.4,0.4,0.0,2.830636,7.8
2022-07-29 02:00:00,1.2,1.2,0.0,2.8044608,8.0
2022-07-29 03:00:00,0.5,0.5,0.0,3.355965,8.2
2022-07-29 04:00:00,0.5,0.5,0.0,3.2449963,8.0
2022-07-29 05:00:00,0.4,0.4,0.0,2.5714781,7.2
2022-07-29 06:00:00,0.5,0.5,0.0,1.9602296,6.1
2022-07-29 07:00:00,1.1,1.1,0.0,2.654242,6.7
2022-07-29 08:00:00,4.9,4.9,0.0,3.8745968,7.9
2022-07-29 09:00:00,3.0,3.0,0.0,4.0131035,7.2
2022-07-29 10:00:00,0.6,0.6,0.0,2.8653097,6.3
2022-07-29 11:00:00,0.8,0.8,0.0,2.207374,4.8
2022-07-29 12:00:00,0.7,0.7,0.0,2.6476402,4.9
2022-07-29 13:00:00,0.4,0.4,0.0,3.166228,4.9
2022-07-29 14:00:00,3.2,3.2,0.0,3.0565503,5.7
2022-07-29 15:00:00,2.9,2.9,0.0,2.5243812,4.3
2022-07-29 16:00:00,1.0,1.0,0.0,2.45204,4.4
2022-07-29 17:00:00,0.7,0.7,0.0,2.5985572,4.9
2022-07-29 18:00:00,0.4,0.4,0.0,2.8714106,5.4
2022-07-29 19:00:00,0.7,0.7,0.0,2.9129024,4.7
2022-07-29 20:00:00,0.4,0.4,0.0,2.9753153,4.7
2022-07-29 21:00:00,0.7,0.7,0.0,3.1312938,5.3
2022-07-29 22:00:00,1.0,1.0,0.0,2.9567719,5.5
2022-07-29 23:00:00,0.9,0.9,0.0,2.8160257,5.1
2022-07-30 00:00:00,0.8,0.8,0.0,2.9154758,5.2
2022-07-30 01:00:00,0.7,0.7,0.0,3.7583241,5.8
2022-07-30 02:00:00,0.6,0.6,0.0,3.5710642,6.5
2022-07-30 03:00:00,0.4,0.4,0.0,3.9436657,7.9
2022-07-30 04:00:00,0.4,0.4,0.0,4.052777,9.0
2022-07-30 05:00:00,0.3,0.3,0.0,3.7312868,9.8
2022-07-30 06:00:00,0.2,0.2,0.0,4.118252,9.9
2022-07-30 07:00:00,0.3,0.3,0.0,4.3382025,8.4
2022-07-30 08:00:00,0.2,0.2,0.0,5.3275228,9.3
2022-07-30 09:00:00,0.1,0.1,0.0,5.5394044,10.4
2022-07-30 10:00:00,0.1,0.1,0.0,4.25,9.2
2022-07-30 11:00:00,0.2,0.2,0.0,4.2722945,9.2
2022-07-30 12:00:00,0.1,0.1,0.0,3.7980258,8.9
2022-07-30 13:00:00,0.0,0.0,0.0,4.1593266,8.9
2022-07-30 14:00:00,0.0,0.0,0.0,4.3416586,8.7
2022-07-30 15:00:00,0.0,0.0,0.0,4.020572,8.2
2022-07-30 16:00:00,0.0,0.0,0.0,3.8999999,7.7
2022-07-30 17:00:00,0.0,0.0,0.0,3.6840875,7.3
2022-07-30 18:00:00,0.0,0.0,0.0,3.166228,7.0
2022-07-30 19:00:00,0.0,0.0,0.0,3.1196954,5.4
2022-07-30 20:00:00,0.0,0.0,0.0,3.4557922,6.0
2022-07-30 21:00:00,0.0,0.0,0.0,3.5128336,6.1
2022-07-30 22:00:00,0.0,0.0,0.0,3.2190838,5.9
2022-07-30 23:00:00,0.0,0.0,0.0,3.3015149,5.8
2022-07-31 00:00:00,0.0,0.0,0.0,3.3015149,5.8
2022-07-31 01:00:00,0.0,0.0,0.0,3.5514083,6.2
2022-07-31 02:00:00,0.0,0.0,0.0,3.3514922,6.6
2022-07-31 03:00:00,0.0,0.0,0.0,3.5003572,7.1
2022-07-31 04:00:00,0.0,0.0,0.0,3.5531676,7.6
2022-07-31 05:00:00,0.1,0.1,0.0,3.7553296,8.4
2022-07-31 06:00:00,0.1,0.1,0.0,4.539824,8.5
2022-07-31 07:00:00,0.3,0.3,0.0,4.583939,9.3
2022-07-31 08:00:00,0.1,0.1,0.0,4.268782,9.0
2022-07-31 09:00:00,0.1,0.1,0.0,3.8639357,8.4
2022-07-31 10:00:00,0.1,0.1,0.0,3.4014704,8.1
2022-07-31 11:00:00,0.0,0.0,0.0,4.0199504,7.4
2022-07-31 12:00:00,0.0,0.0,0.0,3.8616705,7.0
2022-07-31 13:00:00,0.0,0.0,0.0,3.309456,4.7
2022-07-31 14:00:00,0.0,0.0,0.0,2.5005,4.4
2022-07-31 15:00:00,0.0,0.0,0.0,2.4667792,3.2
2022-07-31 16:00:00,0.0,0.0,0.0,2.2299101,2.8
2022-07-31 17:00:00,0.0,0.0,0.0,2.34094,3.2
2022-07-31 18:00:00,0.0,0.0,0.0,2.594706,3.5
2022-07-31 19:00:00,0.0,0.0,0.0,2.7115493,4.6
2022-07-31 20:00:00,0.0,0.0,0.0,2.8640008,5.1
2022-07-31 21:00:00,0.0,0.0,0.0,2.942788,5.3
2022-07-31 22:00:00,0.0,0.0,0.0,2.7572632,4.6
2022-07-31 23:00:00,0.0,0.0,0.0,2.1552262,3.4
2022-08-01 00:00:00,0.0,0.0,0.0,1.8927494,3.2
2022-08-01 01:00:00,0.0,0.0,0.0,2.376973,4.3
2022-08-01 02:00:00,0.0,0.0,0.0,2.4052026,5.2
2022-08-01 03:00:00,0.0,0.0,0.0,2.4622145,5.8
2022-08-01 04:00:00,0.0,0.0,0.0,2.4253867,6.0
2022-08-01 05:00:00,0.1,0.1,0.0,2.5044959,6.6
2022-08-01 06:00:00,0.1,0.1,0.0,2.6119914,6.6
2022-08-01 07:00:00,0.1,0.1,0.0,2.570992,6.5
2022-08-01 08:00:00,0.1,0.1,0.0,2.510976,5.8
2022-08-01 09:00:00,1.2,1.2,0.0,2.4253867,7.0
2022-08-01 10:00:00,2.3,2.3,0.0,2.804015,7.5
2022-08-01 11:00:00,0.0,0.0,0.0,1.5033296,4.7
2022-08-01 12:00:00,0.0,0.0,0.0,3.6704903,5.7
2022-08-01 13:00:00,0.6,0.6,0.0,3.4820971,7.4
2022-08-01 14:00:00,0.0,0.0,0.0,2.5739074,4.6
2022-08-01 15:00:00,0.0,0.0,0.0,2.0402207,3.4
2022-08-01 16:00:00,0.0,0.0,0.0,2.3717082,4.2
2022-08-01 17:00:00,0.0,0.0,0.0,2.7735357,3.9
2022-08-01 18:00:00,0.0,0.0,0.0,2.7018511,4.2
2022-08-01 19:00:00,0.0,0.0,0.0,2.6315393,4.5
2022-08-01 20:00:00,0.0,0.0,0.0,2.624881,4.5
2022-08-01 21:00:00,0.0,0.0,0.0,2.8999999,5.0
2022-08-01 22:00:00,0.0,0.0,0.0,3.2268405,5.5
2022-08-01 23:00:00,0.0,0.0,0.0,3.259601,5.9
2022-08-02 00:00:00,0.0,0.0,0.0,3.2534595,5.8
2022-08-02 01:00:00,0.0,0.0,0.0,3.3241541,6.0
2022-08-02 02:00:00,0.0,0.0,0.0,3.405877,7.2
2022-08-02 03:00:00,0.0,0.0,0.0,3.5608988,7.3
2022-08-02 04:00:00,0.0,0.0,0.0,3.8418746,7.7
2022-08-02 05:00:00,0.0,0.0,0.0,4.302615,8.7
2022-08-02 06:00:00,0.0,0.0,0.0,4.69308,9.5
2022-08-02 07:00:00,0.0,0.0,0.0,4.3502874,9.6
2022-08-02 08:00:00,0.0,0.0,0.0,4.0844216,9.2
2022-08-02 09:00:00,0.0,0.0,0.0,4.181507,9.1
2022-08-02 10:00:00,0.0,0.0,0.0,4.7034564,9.4
2022-08-02 11:00:00,0.0,0.0,0.0,4.8726277,9.8
2022-08-02 12:00:00,0.0,0.0,0.0,4.6002717,9.2
2022-08-02 13:00:00,0.0,0.0,0.0,4.4229517,8.2
2022-08-02 14:00:00,0.0,0.0,0.0,3.8538942,7.0
2022-08-02 15:00:00,0.0,0.0,0.0,3.3604314,6.0
2022-08-02 16:00:00,0.0,0.0,0.0,3.3241541,4.9
2022-08-02 17:00:00,0.0,0.0,0.0,3.541892,5.4
2022-08-02 18:00:00,0.0,0.0,0.0,3.8108397,6.0
2022-08-02 19:00:00,0.0,0.0,0.0,3.5514083,6.1
2022-08-02 20:00:00,0.0,0.0,0.0,3.5302265,6.0
2022-08-02 21:00:00,0.0,0.0,0.0,3.662308,6.2
2022-08-02 22:00:00,0.0,0.0,0.0,3.83471,6.0
2022-08-02 23:00:00,0.0,0.0,0.0,3.791108,6.0
2022-08-03 00:00:00,0.0,0.0,0.0,3.7845078,6.1
2022-08-03 01:00:00,0.0,0.0,0.0,3.9990625,6.8
2022-08-03 02:00:00,0.0,0.0,0.0,3.9755502,7.6
2022-08-03 03:00:00,0.0,0.0,0.0,4.210107,8.3
2022-08-03 04:00:00,0.0,0.0,0.0,4.3107424,8.7
2022-08-03 05:00:00,0.0,0.0,0.0,4.75,9.8
2022-08-03 06:00:00,0.0,0.0,0.0,5.8585405,12.0
2022-08-03 07:00:00,0.0,0.0,0.0,6.0730963,12.3
2022-08-03 08:00:00,0.0,0.0,0.0,6.0466933,12.2
2022-08-03 09:00:00,0.0,0.0,0.0,6.0008335,12.0
2022-08-03 10:00:00,0.0,0.0,0.0,6.2241464,11.8
2022-08-03 11:00:00,0.0,0.0,0.0,6.1051207,11.6
2022-08-03 12:00:00,0.0,0.0,0.0,6.0656824,10.9
2022-08-03 13:00:00,0.0,0.0,0.0,5.325411,9.2
2022-08-03 14:00:00,0.0,0.0,0.0,4.680278,8.5
2022-08-03 15:00:00,0.0,0.0,0.0,4.598369,8.4
2022-08-03 16:00:00,0.0,0.0,0.0,5.127621,9.1
2022-08-03 17:00:00,0.0,0.0,0.0,5.282282,9.1
2022-08-03 18:00:00,0.0,0.0,0.0,5.1307898,8.7
2022-08-03 19:00:00,0.0,0.0,0.0,4.993245,8.9
2022-08-03 20:00:00,0.0,0.0,0.0,4.8954062,8.6
2022-08-03 21:00:00,0.0,0.0,0.0,4.7565746,8.4
2022-08-03 22:00:00,0.0,0.0,0.0,4.6596675,7.9
2022-08-03 23:00:00,0.0,0.0,0.0,4.396021,7.5
2022-08-04 00:00:00,0.0,0.0,0.0,4.2201896,7.3
2022-08-04 01:00:00,0.0,0.0,0.0,4.411916,7.9
2022-08-04 02:00:00,0.0,0.0,0.0,4.4749303,8.7
2022-08-04 03:00:00,0.0,0.0,0.0,4.990491,10.1
2022-08-04 04:00:00,0.0,0.0,0.0,5.3707542,11.1
2022-08-04 05:00:00,0.0,0.0,0.0,6.233979,12.8
2022-08-04 06:00:00,0.0,0.0,0.0,6.4625845,13.1
2022-08-04 07:00:00,0.0,0.0,0.0,6.23879,12.8
2022-08-04 08:00:00,0.0,0.0,0.0,6.015189,12.4
2022-08-04 09:00:00,0.0,0.0,0.0,5.8363085,12.0
2022-08-04 10:00:00,0.0,0.0,0.0,5.905929,11.9
2022-08-04 11:00:00,0.0,0.0,0.0,5.866856,11.7
2022-08-04 12:00:00,0.0,0.0,0.0,5.7194843,11.1
2022-08-04 13:00:00,0.0,0.0,0.0,5.0351267,9.5
2022-08-04 14:00:00,0.0,0.0,0.0,3.9436657,7.4
2022-08-04 15:00:00,0.0,0.0,0.0,3.1144822,6.4
2022-08-04 16:00:00,0.0,0.0,0.0,3.0302641,6.3
2022-08-04 17:00:00,0.0,0.0,0.0,3.1503966,5.9
2022-08-04 18:00:00,0.0,0.0,0.0,3.1800156,5.6
2022-08-04 19:00:00,0.0,0.0,0.0,3.2015622,5.5
2022-08-04 20:00:00,0.0,0.0,0.0,3.405877,5.9
2022-08-04 21:00:00,0.0,0.0,0.0,3.6090167,6.2
2022-08-04 22:00:00,0.0,0.0,0.0,3.677635,6.1
2022-08-04 23:00:00,0.0,0.0,0.0,3.467708,5.6
2022-08-05 00:00:00,0.0,0.0,0.0,3.2534595,5.3
2022-08-05 01:00:00,0.0,0.0,0.0,3.3941126,5.7
2022-08-05 02:00:00,0.0,0.0,0.0,3.4296503,6.5
2022-08-05 03:00:00,0.0,0.0,0.0,3.6090167,7.4
2022-08-05 04:00:00,0.0,0.0,0.0,3.8616707,8.0
2022-08-05 05:00:00,0.0,0.0,0.0,4.3416586,9.1
2022-08-05 06:00:00,0.0,0.0,0.0,5.3127203,11.0
2022-08-05 07:00:00,0.0,0.0,0.0,5.4520636,11.4
2022-08-05 08:00:00,0.0,0.0,0.0,5.4520636,11.4
2022-08-05 09:00:00,0.0,0.0,0.0,5.4113307,11.3
2022-08-05 10:00:00,0.0,0.0,0.0,5.742821,11.2
2022-08-05 11:00:00,0.0,0.0,0.0,5.6995616,10.9
2022-08-05 12:00:00,0.0,0.0,0.0,5.4378304,10.3
2022-08-05 13:00:00,0.0,0.0,0.0,4.6219583,8.5
2022-08-05 14:00:00,0.0,0.0,0.0,3.4300144,6.1
2022-08-05 15:00:00,0.0,0.0,0.0,2.7244265,4.7
2022-08-05 16:00:00,0.0,0.0,0.0,2.828427,4.8
2022-08-05 17:00:00,0.0,0.0,0.0,2.8319604,4.8
2022-08-05 18:00:00,0.0,0.0,0.0,2.836371,4.6
2022-08-05 19:00:00,0.0,0.0,0.0,2.624881,4.4
2022-08-05 20:00:00,0.0,0.0,0.0,2.4207437,4.1
2022-08-05 21:00:00,0.0,0.0,0.0,2.3717084,3.9
2022-08-05 22:00:00,0.0,0.0,0.0,2.3942637,4.0
2022-08-05 23:00:00,0.0,0.0,0.0,2.5985572,4.3
2022-08-06 00:00:00,0.0,0.0,0.0,2.6767519,4.4
2022-08-06 01:00:00,0.0,0.0,0.0,2.900431,4.9
2022-08-06 02:00:00,0.0,0.0,0.0,2.7202942,5.4
2022-08-06 03:00:00,0.0,0.0,0.0,2.6100764,5.9
2022-08-06 04:00:00,0.0,0.0,0.0,2.8017852,6.5
2022-08-06 05:00:00,0.0,0.0,0.0,3.592005,8.4
2022-08-06 06:00:00,0.0,0.0,0.0,4.2479405,9.3
2022-08-06 07:00:00,0.0,0.0,0.0,4.2086225,9.3
2022-08-06 08:00:00,0.0,0.0,0.0,4.3557434,9.5
2022-08-06 09:00:00,0.0,0.0,0.0,4.6618133,9.9
2022-08-06 10:00:00,0.0,0.0,0.0,5.100245,10.2
2022-08-06 11:00:00,0.0,0.0,0.0,5.192784,10.2
2022-08-06 12:00:00,0.0,0.0,0.0,5.006246,9.6
2022-08-06 13:00:00,0.0,0.0,0.0,4.2405777,7.8
2022-08-06 14:00:00,0.0,0.0,0.0,3.0528674,5.9
2022-08-06 15:00:00,0.0,0.0,0.0,2.5283394,4.7
2022-08-06 16:00:00,0.0,0.0,0.0,2.5739074,4.6
2022-08-06 17:00:00,0.0,0.0,0.0,2.5539184,4.5
2022-08-06 18:00:00,0.0,0.0,0.0,2.5932605,4.3
2022-08-06 19:00:00,0.0,0.0,0.0,2.6925821,4.5
2022-08-06 20:00:00,0.0,0.0,0.0,3.0220027,5.0
2022-08-06 21:00:00,0.0,0.0,0.0,3.026962,5.2
2022-08-06 22:00:00,0.0,0.0,0.0,2.6856098,4.6
2022-08-06 23:00:00,0.0,0.0,0.0,2.3323808,4.2
2022-08-07 00:00:00,0.0,0.0,0.0,2.1029742,3.7
2022-08-07 01:00:00,0.0,0.0,0.0,2.442335,4.4
2022-08-07 02:00:00,0.0,0.0,0.0,2.34094,5.0
2022-08-07 03:00:00,0.0,0.0,0.0,2.3717082,5.5
2022-08-07 04:00:00,0.0,0.0,0.0,2.404163,6.3
2022-08-07 05:00:00,0.0,0.0,0.0,2.6443334,7.4
2022-08-07 06:00:00,0.0,0.0,0.0,3.05,8.1
2022-08-07 07:00:00,0.0,0.0,0.0,2.8504384,7.1
2022-08-07 08:00:00,0.9,0.9,0.0,4.506939,9.8
2022-08-07 09:00:00,0.8,0.8,0.0,3.981206,8.7
2022-08-07 10:00:00,0.0,0.0,0.0,3.1800156,6.6
2022-08-07 11:00:00,0.0,0.0,0.0,2.2549944,6.4
2022-08-07 12:00:00,0.1,0.1,0.0,3.1953092,6.6
2022-08-07 13:00:00,2.9,2.9,0.0,3.3615472,7.4
2022-08-07 14:00:00,0.9,0.9,0.0,2.6234517,4.6
2022-08-07 15:00:00,0.0,0.0,0.0,2.5019991,4.1
2022-08-07 16:00:00,0.0,0.0,0.0,2.7115495,5.0
2022-08-07 17:00:00,0.0,0.0,0.0,3.1320918,5.7
2022-08-07 18:00:00,0.0,0.0,0.0,3.310589,5.6
2022-08-07 19:00:00,0.0,0.0,0.0,3.1567388,5.4
2022-08-07 20:00:00,0.0,0.0,0.0,2.7504544,4.7
2022-08-07 21:00:00,0.0,0.0,0.0,2.7771387,4.6
2022-08-07 22:00:00,0.0,0.0,0.0,2.8504386,5.0
2022-08-07 23:00:00,0.0,0.0,0.0,3.178443,5.4
2022-08-08 00:00:00,0.0,0.0,0.0,3.4644625,5.6
2022-08-08 01:00:00,0.0,0.0,0.0,3.7792196,6.1
2022-08-08 02:00:00,0.0,0.0,0.0,3.9805777,7.2
2022-08-08 03:00:00,0.0,0.0,0.0,4.75,8.7
2022-08-08 04:00:00,0.1,0.1,0.0,4.7859173,11.8
2022-08-08 05:00:00,0.1,0.1,0.0,4.6306043,12.0
2022-08-08 06:00:00,0.1,0.1,0.0,4.8971934,11.8
2022-08-08 07:00:00,0.0,0.0,0.0,5.210806,12.4
2022-08-08 08:00:00,0.1,0.1,0.0,5.3256454,11.7
2022-08-08 09:00:00,3.0,3.0,0.0,5.5563025,11.0
2022-08-08 10:00:00,0.1,0.1,0.0,4.5617976,9.4
2022-08-08 11:00:00,0.5,0.5,0.0,4.2793107,9.9
2022-08-08 12:00:00,0.1,0.1,0.0,3.9223719,8.2
2022-08-08 13:00:00,0.2,0.2,0.0,4.2201896,9.3
2022-08-08 14:00:00,0.0,0.0,0.0,3.600347,6.6
2022-08-08 15:00:00,0.0,0.0,0.0,4.207731,7.0
2022-08-08 16:00:00,0.0,0.0,0.0,4.317696,7.9
2022-08-08 17:00:00,0.0,0.0,0.0,4.183599,7.5
2022-08-08 18:00:00,0.1,0.1,0.0,4.1382365,7.0
2022-08-08 19:00:00,0.1,0.1,0.0,4.248529,7.6
2022-08-08 20:00:00,0.1,0.1,0.0,4.092982,7.3
2022-08-08 21:00:00,0.3,0.3,0.0,3.83471,7.1
2022-08-08 22:00:00,0.1,0.1,0.0,3.4481878,6.8
2022-08-08 23:00:00,0.3,0.3,0.0,3.6840875,7.4
2022-08-09 00:00:00,0.5,0.5,0.0,3.956008,8.1
2022-08-09 01:00:00,0.7,0.7,0.0,4.268782,8.7
2022-08-09 02:00:00,0.5,0.5,0.0,4.403692,8.2
2022-08-09 03:00:00,0.1,0.1,0.0,5.227332,10.1
2022-08-09 04:00:00,0.4,0.4,0.0,5.3471956,9.3
2022-08-09 05:00:00,0.1,0.1,0.0,5.2404675,10.2
2022-08-09 06:00:00,0.0,0.0,0.0,4.6674404,9.7
2022-08-09 07:00:00,0.1,0.1,0.0,3.5531676,7.1
2022-08-09 08:00:00,0.1,0.1,0.0,3.7030392,6.9
2022-08-09 09:00:00,0.1,0.1,0.0,4.0354676,7.9
2022-08-09 10:00:00,0.1,0.1,0.0,5.20024,8.7
2022-08-09 11:00:00,0.0,0.0,0.0,5.3415823,9.1
2022-08-09 12:00:00,0.4,0.4,0.0,5.240229,8.7
2022-08-09 13:00:00,0.1,0.1,0.0,4.790094,7.8
2022-08-09 14:00:00,0.1,0.1,0.0,3.8832977,7.9
2022-08-09 15:00:00,0.5,0.5,0.0,4.398295,7.8
2022-08-09 16:00:00,0.2,0.2,0.0,3.920459,7.7
2022-08-09 17:00:00,0.7,0.7,0.0,3.8832977,6.9
2022-08-09 18:00:00,0.1,0.1,0.0,3.7503333,5.7
2022-08-09 19:00:00,0.2,0.2,0.0,3.2534595,5.6
2022-08-09 20:00:00,0.2,0.2,0.0,2.804015,4.9
2022-08-09 21:00:00,0.1,0.1,0.0,2.9887288,5.2
2022-08-09 22:00:00,0.0,0.0,0.0,3.3380384,6.2
2022-08-09 23:00:00,0.0,0.0,0.0,3.7161808,6.7
2022-08-10 00:00:00,0.1,0.1,0.0,3.696282,6.8
2022-08-10 01:00:00,0.1,0.1,0.0,3.7151716,7.6
2022-08-10 02:00:00,0.0,0.0,0.0,3.6249137,7.3
2022-08-10 03:00:00,0.0,0.0,0.0,4.0249224,8.5
2022-08-10 04:00:00,0.0,0.0,0.0,4.4949975,9.5
2022-08-10 05:00:00,0.0,0.0,0.0,4.964121,11.5
2022-08-10 06:00:00,0.0,0.0,0.0,5.3712196,12.9
2022-08-10 07:00:00,0.0,0.0,0.0,5.6449094,12.9
2022-08-10 08:00:00,0.0,0.0,0.0,5.5915112,12.1
2022-08-10 09:00:00,0.0,0.0,0.0,5.463744,11.4
2022-08-10 10:00:00,0.0,0.0,0.0,5.8234444,11.0
2022-08-10 11:00:00,0.2,0.2,0.0,5.4626,10.8
2022-08-10 12:00:00,0.0,0.0,0.0,4.968148,10.0
2022-08-10 13:00:00,0.1,0.1,0.0,3.3324165,7.0
2022-08-10 14:00:00,0.0,0.0,0.0,2.6443334,5.1
2022-08-10 15:00:00,0.0,0.0,0.0,2.5044959,3.9
2022-08-10 16:00:00,0.0,0.0,0.0,2.6504717,4.0
2022-08-10 17:00:00,0.0,0.0,0.0,2.6504717,4.4
2022-08-10 18:00:00,0.0,0.0,0.0,2.700463,4.6
2022-08-10 19:00:00,0.0,0.0,0.0,2.95,5.1
2022-08-10 20:00:00,0.0,0.0,0.0,3.1100643,5.4
2022-08-10 21:00:00,0.0,0.0,0.0,3.083018,5.5
2022-08-10 22:00:00,0.0,0.0,0.0,3.3948488,5.5
2022-08-10 23:00:00,0.0,0.0,0.0,3.3376637,5.7
2022-08-11 00:00:00,0.0,0.0,0.0,3.3015149,5.8
2022-08-11 01:00:00,0.0,0.0,0.0,3.550352,6.1
2022-08-11 02:00:00,0.0,0.0,0.0,3.653081,6.3
2022-08-11 03:00:00,0.0,0.0,0.0,4.341659,7.8
2022-08-11 04:00:00,0.0,0.0,0.0,4.6197944,9.0
2022-08-11 05:00:00,0.3,0.3,0.0,5.2368884,10.3
2022-08-11 06:00:00,0.0,0.0,0.0,5.6147127,11.3
2022-08-11 07:00:00,0.0,0.0,0.0,5.3956003,11.9
2022-08-11 08:00:00,0.0,0.0,0.0,5.299528,11.7
2022-08-11 09:00:00,0.0,0.0,0.0,5.299528,11.5
2022-08-11 10:00:00,0.0,0.0,0.0,4.9335585,10.8
2022-08-11 11:00:00,0.1,0.1,0.0,4.9600906,10.2
2022-08-11 12:00:00,0.1,0.1,0.0,3.640055,9.3
2022-08-11 13:00:00,0.0,0.0,0.0,3.0004165,7.9
2022-08-11 14:00:00,0.0,0.0,0.0,2.915476,6.9
2022-08-11 15:00:00,0.0,0.0,0.0,2.5223997,6.1
2022-08-11 16:00:00,0.0,0.0,0.0,2.7166157,5.3
2022-08-11 17:00:00,0.0,0.0,0.0,2.7294688,3.7
2022-08-11 18:00:00,0.0,0.0,0.0,2.687936,2.8
2022-08-11 19:00:00,0.0,0.0,0.0,2.5675864,4.3
2022-08-11 20:00:00,0.0,0.0,0.0,2.4581497,4.1
2022-08-11 21:00:00,0.0,0.0,0.0,2.100595,3.4
2022-08-11 22:00:00,0.0,0.0,0.0,1.8527007,2.7
2022-08-11 23:00:00,0.0,0.0,0.0,1.5700318,2.5
2022-08-12 00:00:00,0.0,0.0,0.0,1.5508063,2.5
2022-08-12 01:00:00,0.0,0.0,0.0,1.9300259,3.4
2022-08-12 02:00:00,0.0,0.0,0.0,1.3462912,3.8
2022-08-12 03:00:00,0.0,0.0,0.0,1.0547512,4.0
2022-08-12 04:00:00,0.0,0.0,0.0,1.2747549,4.8
2022-08-12 05:00:00,0.1,0.1,0.0,1.914419,6.1
2022-08-12 06:00:00,0.0,0.0,0.0,1.9849433,6.0
2022-08-12 07:00:00,0.0,0.0,0.0,2.0573041,6.7
2022-08-12 08:00:00,0.0,0.0,0.0,2.6100767,7.6
2022-08-12 09:00:00,0.0,0.0,0.0,2.6800187,7.7
2022-08-12 10:00:00,1.1,1.1,0.0,4.7206993,9.7
2022-08-12 11:00:00,0.6,0.6,0.0,3.8577843,7.6
2022-08-12 12:00:00,0.0,0.0,0.0,3.1120734,6.3
2022-08-12 13:00:00,0.0,0.0,0.0,3.0070748,6.1
2022-08-12 14:00:00,0.0,0.0,0.0,2.2638464,4.7
2022-08-12 15:00:00,0.0,0.0,0.0,2.3753946,5.2
2022-08-12 16:00:00,0.0,0.0,0.0,3.1910028,6.3
2022-08-12 17:00:00,0.0,0.0,0.0,3.7980258,7.1
2022-08-12 18:00:00,0.0,0.0,0.0,3.834384,7.1
2022-08-12 19:00:00,0.0,0.0,0.0,3.1894357,5.5
2022-08-12 20:00:00,0.0,0.0,0.0,2.2461078,3.8
2022-08-12 21:00:00,0.0,0.0,0.0,1.7492856,3.2
2022-08-12 22:00:00,0.0,0.0,0.0,2.0408332,3.4
2022-08-12 23:00:00,0.0,0.0,0.0,2.070024,3.5
2022-08-13 00:00:00,0.0,0.0,0.0,2.0886598,3.7
2022-08-13 01:00:00,0.0,0.0,0.0,2.2671568,4.0
2022-08-13 02:00:00,0.0,0.0,0.0,2.0670028,4.8
2022-08-13 03:00:00,0.0,0.0,0.0,2.2638464,5.5
2022-08-13 04:00:00,0.0,0.0,0.0,2.638655,6.5
2022-08-13 05:00:00,0.0,0.0,0.0,3.1535695,7.5
2022-08-13 06:00:00,0.0,0.0,0.0,3.8242645,8.7
2022-08-13 07:00:00,0.0,0.0,0.0,4.3188543,9.2
2022-08-13 08:00:00,0.0,0.0,0.0,4.6222286,9.6
2022-08-13 09:00:00,0.0,0.0,0.0,4.8872285,9.8
2022-08-13 10:00:00,0.0,0.0,0.0,5.141984,10.2
2022-08-13 11:00:00,0.0,0.0,0.0,5.426094,10.2
2022-08-13 12:00:00,0.0,0.0,0.0,5.250238,9.2
2022-08-13 13:00:00,0.0,0.0,0.0,3.5341196,6.5
2022-08-13 14:00:00,0.0,0.0,0.0,2.182888,4.6
2022-08-13 15:00:00,0.0,0.0,0.0,2.3,3.3
2022-08-13 16:00:00,0.0,0.0,0.0,2.3879907,3.4
2022-08-13 17:00:00,0.0,0.0,0.0,2.863564,3.4
2022-08-13 18:00:00,0.0,0.0,0.0,3.1622777,3.8
2022-08-13 19:00:00,0.0,0.0,0.0,3.167412,5.4
2022-08-13 20:00:00,0.0,0.0,0.0,3.1599052,5.4
2022-08-13 21:00:00,0.0,0.0,0.0,3.0203478,5.2
2022-08-13 22:00:00,0.0,0.0,0.0,2.5932605,5.0
2022-08-13 23:00:00,0.0,0.0,0.0,2.418677,4.2
2022-08-14 00:00:00,0.0,0.0,0.0,2.5005,3.7
2022-08-14 01:00:00,0.0,0.0,0.0,2.9261749,3.9
2022-08-14 02:00:00,0.0,0.0,0.0,3.1976552,5.1
2022-08-14 03:00:00,0.0,0.0,0.0,3.2003906,6.3
2022-08-14 04:00:00,0.0,0.0,0.0,2.8151379,6.5
2022-08-14 05:00:00,0.0,0.0,0.0,2.7018514,6.6
2022-08-14 06:00:00,0.0,0.0,0.0,3.0220027,7.1
2022-08-14 07:00:00,0.0,0.0,0.0,3.421257,8.1
2022-08-14 08:00:00,0.0,0.0,0.0,3.5598454,8.4
2022-08-14 09:00:00,0.0,0.0,0.0,3.6235344,8.4
2022-08-14 10:00:00,0.0,0.0,0.0,3.9601135,8.3
2022-08-14 11:00:00,0.0,0.0,0.0,4.095424,8.3
2022-08-14 12:00:00,0.0,0.0,0.0,4.2172265,8.1
2022-08-14 13:00:00,0.0,0.0,0.0,4.004997,7.3
2022-08-14 14:00:00,0.0,0.0,0.0,2.9567719,5.0
2022-08-14 15:00:00,0.0,0.0,0.0,2.3632603,4.0
2022-08-14 16:00:00,0.0,0.0,0.0,2.2945588,4.1
2022-08-14 17:00:00,0.0,0.0,0.0,2.280351,4.4
2022-08-14 18:00:00,0.0,0.0,0.0,2.324328,4.5
2022-08-14 19:00:00,0.0,0.0,0.0,2.4052026,4.0
2022-08-14 20:00:00,0.0,0.0,0.0,2.423324,4.0
2022-08-14 21:00:00,0.0,0.0,0.0,2.5347583,4.2
2022-08-14 22:00:00,0.0,0.0,0.0,2.7064736,4.1
2022-08-14 23:00:00,0.0,0.0,0.0,2.6000001,3.9
2022-08-15 00:00:00,0.0,0.0,0.0,2.2472203,3.5
2022-08-15 01:00:00,0.0,0.0,0.0,2.529822,3.8
2022-08-15 02:00:00,0.0,0.0,0.0,2.5622256,4.9
2022-08-15 03:00:00,0.0,0.0,0.0,2.9261749,6.1
2022-08-15 04:00:00,0.0,0.0,0.0,3.352611,8.2
2022-08-15 05:00:00,0.0,0.0,0.0,3.640055,9.2
2022-08-15 06:00:00,0.0,0.0,0.0,3.8942266,9.3
2022-08-15 07:00:00,0.0,0.0,0.0,3.8147738,8.3
2022-08-15 08:00:00,0.0,0.0,0.0,3.905125,8.7
2022-08-15 09:00:00,0.0,0.0,0.0,4.104875,8.6
2022-08-15 10:00:00,0.0,0.0,0.0,4.124621,8.8
2022-08-15 11:00:00,0.0,0.0,0.0,4.292144,9.0
2022-08-15 12:00:00,0.0,0.0,0.0,4.335032,8.9
2022-08-15 13:00:00,0.0,0.0,0.0,4.015283,7.7
2022-08-15 14:00:00,0.0,0.0,0.0,2.45204,4.9
2022-08-15 15:00:00,0.0,0.0,0.0,2.100595,3.6
2022-08-15 16:00:00,0.0,0.0,0.0,2.2505555,3.4
2022-08-15 17:00:00,0.0,0.0,0.0,2.3005433,3.5
2022-08-15 18:00:00,0.0,0.0,0.0,2.2770596,3.4
2022-08-15 19:00:00,0.0,0.0,0.0,1.9780041,3.4
2022-08-15 20:00:00,0.0,0.0,0.0,2.3753946,3.5
2022-08-15 21:00:00,0.0,0.0,0.0,2.5124688,3.4
2022-08-15 22:00:00,0.0,0.0,0.0,1.767767,2.7
2022-08-15 23:00:00,0.0,0.0,0.0,0.6800735,1.7
2022-08-16 00:00:00,0.0,0.0,0.0,0.7566373,1.6
2022-08-16 01:00:00,0.0,0.0,0.0,1.0124228,1.4
2022-08-16 02:00:00,0.0,0.0,0.0,0.6363961,2.4
2022-08-16 03:00:00,0.0,0.0,0.0,0.6670832,2.8
2022-08-16 04:00:00,0.0,0.0,0.0,1.0606601,3.7
2022-08-16 05:00:00,0.0,0.0,0.0,1.7219175,4.6
2022-08-16 06:00:00,0.1,0.1,0.0,2.5811818,6.9
2022-08-16 07:00:00,0.0,0.0,0.0,3.740655,7.9
2022-08-16 08:00:00,0.0,0.0,0.0,4.0,8.6
2022-08-16 09:00:00,0.0,0.0,0.0,4.0650954,8.5
2022-08-16 10:00:00,0.0,0.0,0.0,4.031129,8.4
2022-08-16 11:00:00,0.0,0.0,0.0,3.968942,8.0
2022-08-16 12:00:00,0.0,0.0,0.0,3.8600519,7.7
2022-08-16 13:00:00,0.0,0.0,0.0,3.5415392,6.8
2022-08-16 14:00:00,0.0,0.0,0.0,2.4824383,4.1
2022-08-16 15:00:00,0.0,0.0,0.0,2.3194828,3.6
2022-08-16 16:00:00,0.0,0.0,0.0,2.2588713,3.9
2022-08-16 17:00:00,0.0,0.0,0.0,2.2638464,3.9
2022-08-16 18:00:00,0.0,0.0,0.0,1.9659604,3.4
2022-08-16 19:00:00,0.0,0.0,0.0,2.294014,3.6
2022-08-16 20:00:00,0.0,0.0,0.0,2.3600848,3.5
2022-08-16 21:00:00,0.0,0.0,0.0,2.2147236,3.2
2022-08-16 22:00:00,0.0,0.0,0.0,1.9924859,3.3
2022-08-16 23:00:00,0.0,0.0,0.0,2.0099752,3.5
2022-08-17 00:00:00,0.0,0.0,0.0,2.4505103,4.2
2022-08-17 01:00:00,0.0,0.0,0.0,2.9538112,5.3
2022-08-17 02:00:00,0.0,0.0,0.0,3.132491,6.4
2022-08-17 03:00:00,0.0,0.0,0.0,3.355965,7.5
2022-08-17 04:00:00,0.0,0.0,0.0,3.5850384,8.4
2022-08-17 05:00:00,0.0,0.0,0.0,3.3234017,7.6
2022-08-17 06:00:00,0.0,0.0,0.0,3.2534595,7.9
2022-08-17 07:00:00,0.0,0.0,0.0,3.5146124,7.7
2022-08-17 08:00:00,0.0,0.0,0.0,4.137934,8.3
2022-08-17 09:00:00,0.0,0.0,0.0,4.35,9.2
2022-08-17 10:00:00,0.0,0.0,0.0,4.8448424,9.6
2022-08-17 11:00:00,0.0,0.0,0.0,4.970161,9.8
2022-08-17 12:00:00,0.0,0.0,0.0,4.828302,9.3
2022-08-17 13:00:00,0.0,0.0,0.0,4.361766,8.1
2022-08-17 14:00:00,0.0,0.0,0.0,2.9740543,5.5
2022-08-17 15:00:00,0.0,0.0,0.0,2.071835,4.0
2022-08-17 16:00:00,0.0,0.0,0.0,1.9525625,3.7
2022-08-17 17:00:00,0.0,0.0,0.0,2.0506096,3.5
2022-08-17 18:00:00,0.0,0.0,0.0,1.950641,3.2
2022-08-17 19:00:00,0.0,0.0,0.0,1.85,3.2
2022-08-17 20:00:00,0.0,0.0,0.0,1.9006578,3.2
2022-08-17 21:00:00,0.0,0.0,0.0,1.9,3.3
2022-08-17 22:00:00,0.0,0.0,0.0,1.75,3.2
2022-08-17 23:00:00,0.0,0.0,0.0,1.9006578,3.3
2022-08-18 00:00:00,0.0,0.0,0.0,2.0024984,3.4
2022-08-18 01:00:00,0.0,0.0,0.0,2.3005433,4.5
2022-08-18 02:00:00,0.0,0.0,0.0,2.5179358,5.9
2022-08-18 03:00:00,0.0,0.0,0.0,2.8022313,7.8
2022-08-18 04:00:00,0.0,0.0,0.0,3.008322,8.3
2022-08-18 05:00:00,0.1,0.1,0.0,3.335416,9.6
2022-08-18 06:00:00,0.1,0.1,0.0,3.2867157,8.9
2022-08-18 07:00:00,0.0,0.0,0.0,3.1780496,8.1
2022-08-18 08:00:00,0.0,0.0,0.0,3.1575305,8.1
2022-08-18 09:00:00,0.1,0.1,0.0,3.275668,8.2
2022-08-18 10:00:00,0.1,0.1,0.0,3.6989863,8.0
2022-08-18 11:00:00,0.1,0.1,0.0,4.253528,7.4
2022-08-18 12:00:00,0.3,0.3,0.0,4.229066,8.0
2022-08-18 13:00:00,0.3,0.3,0.0,3.7831864,7.0
2022-08-18 14:00:00,0.0,0.0,0.0,3.175295,5.3
2022-08-18 15:00:00,0.0,0.0,0.0,3.2649658,5.6
2022-08-18 16:00:00,0.0,0.0,0.0,2.9546573,5.4
2022-08-18 17:00:00,0.0,0.0,0.0,2.8151379,4.7
2022-08-18 18:00:00,0.0,0.0,0.0,2.8744564,4.9
2022-08-18 19:00:00,0.0,0.0,0.0,3.167412,5.2
2022-08-18 20:00:00,0.0,0.0,0.0,3.104835,5.4
2022-08-18 21:00:00,0.0,0.0,0.0,2.886174,4.9
2022-08-18 22:00:00,0.0,0.0,0.0,2.9954133,4.5
2022-08-18 23:00:00,0.0,0.0,0.0,2.9274564,4.6
2022-08-19 00:00:00,0.0,0.0,0.0,2.9605744,4.6
2022-08-19 01:00:00,0.0,0.0,0.0,3.214032,5.1
2022-08-19 02:00:00,0.0,0.0,0.0,3.4132097,6.2
2022-08-19 03:00:00,0.0,0.0,0.0,3.7165172,7.6
2022-08-19 04:00:00,0.0,0.0,0.0,4.973178,10.6
2022-08-19 05:00:00,0.0,0.0,0.0,5.223983,10.7
2022-08-19 06:00:00,0.0,0.0,0.0,4.925444,10.3
2022-08-19 07:00:00,0.0,0.0,0.0,5.2509522,10.8
2022-08-19 08:00:00,0.0,0.0,0.0,5.5183783,11.4
2022-08-19 09:00:00,0.0,0.0,0.0,5.366796,11.3
2022-08-19 10:00:00,0.0,0.0,0.0,5.4316206,10.8
2022-08-19 11:00:00,0.0,0.0,0.0,5.4502296,10.8
2022-08-19 12:00:00,0.0,0.0,0.0,5.4740295,11.1
2022-08-19 13:00:00,0.0,0.0,0.0,5.2661657,10.2
2022-08-19 14:00:00,0.0,0.0,0.0,4.8254533,9.6
2022-08-19 15:00:00,0.0,0.0,0.0,4.3566046,8.3
2022-08-19 16:00:00,0.0,0.0,0.0,3.6390247,6.4
2022-08-19 17:00:00,0.0,0.0,0.0,2.818244,5.4
2022-08-19 18:00:00,0.0,0.0,0.0,2.2671568,4.8
2022-08-19 19:00:00,0.3,0.3,0.0,2.311385,4.3
2022-08-19 20:00:00,0.5,0.5,0.0,2.510478,4.7
2022-08-19 21:00:00,0.3,0.3,0.0,2.5,4.5
2022-08-19 22:00:00,0.2,0.2,0.0,2.4698176,4.9
2022-08-19 23:00:00,0.1,0.1,0.0,2.624881,5.0
2022-08-20 00:00:00,0.0,0.0,0.0,2.5675864,4.9
2022-08-20 01:00:00,0.0,0.0,0.0,2.1592824,4.7
2022-08-20 02:00:00,0.0,0.0,0.0,3.335416,6.0
2022-08-20 03:00:00,0.0,0.0,0.0,3.1016126,6.4
2022-08-20 04:00:00,0.0,0.0,0.0,3.1016126,7.0
2022-08-20 05:00:00,0.1,0.1,0.0,3.0842342,7.2
2022-08-20 06:00:00,0.1,0.1,0.0,3.1535695,7.0
2022-08-20 07:00:00,0.1,0.1,0.0,2.9529645,7.1
2022-08-20 08:00:00,0.2,0.2,0.0,3.0634947,7.2
2022-08-20 09:00:00,0.0,0.0,0.0,3.1976552,7.0
2022-08-20 10:00:00,0.0,0.0,0.0,3.1815877,7.1
2022-08-20 11:00:00,0.0,0.0,0.0,2.997082,6.4
2022-08-20 12:00:00,0.0,0.0,0.0,2.5942245,5.8
2022-08-20 13:00:00,0.0,0.0,0.0,2.0838666,5.2
2022-08-20 14:00:00,0.0,0.0,0.0,1.2971122,3.0
2022-08-20 15:00:00,0.0,0.0,0.0,1.5811387,2.6
2022-08-20 16:00:00,0.0,0.0,0.0,1.811767,2.2
2022-08-20 17:00:00,0.0,0.0,0.0,1.6446884,1.8
2022-08-20 18:00:00,0.0,0.0,0.0,1.603122,2.0
2022-08-20 19:00:00,0.0,0.0,0.0,1.9039432,2.4
2022-08-20 20:00:00,0.0,0.0,0.0,2.1708293,3.0
2022-08-20 21:00:00,0.0,0.0,0.0,2.3286262,3.3
2022-08-20 22:00:00,0.0,0.0,0.0,2.2638464,3.5
2022-08-20 23:00:00,0.0,0.0,0.0,2.1731312,3.6
2022-08-21 00:00:00,0.0,0.0,0.0,1.8867962,3.3
2022-08-21 01:00:00,0.0,0.0,0.0,2.0934422,3.2
2022-08-21 02:00:00,0.0,0.0,0.0,2.3711812,4.7
2022-08-21 03:00:00,0.0,0.0,0.0,2.6518862,5.6
2022-08-21 04:00:00,0.0,0.0,0.0,3.3977935,7.2
2022-08-21 05:00:00,0.0,0.0,0.0,3.6034706,7.8
2022-08-21 06:00:00,0.0,0.0,0.0,3.398897,7.6
2022-08-21 07:00:00,0.2,0.2,0.0,3.1780496,7.8
2022-08-21 08:00:00,0.0,0.0,0.0,3.7084365,8.2
2022-08-21 09:00:00,0.2,0.2,0.0,3.7030394,8.3
2022-08-21 10:00:00,0.6,0.6,0.0,3.3049204,7.1
2022-08-21 11:00:00,0.6,0.6,0.0,2.8504386,5.9
2022-08-21 12:00:00,0.2,0.2,0.0,2.1213202,4.8
2022-08-21 13:00:00,0.1,0.1,0.0,1.603122,2.9
2022-08-21 14:00:00,0.1,0.1,0.0,1.285496,2.0
2022-08-21 15:00:00,0.1,0.1,0.0,1.6263456,2.8
2022-08-21 16:00:00,0.1,0.1,0.0,2.4129858,4.8
2022-08-21 17:00:00,0.1,0.1,0.0,3.436568,6.4
2022-08-21 18:00:00,0.0,0.0,0.0,4.1430664,6.8
2022-08-21 19:00:00,0.0,0.0,0.0,4.1785164,7.7
2022-08-21 20:00:00,0.1,0.1,0.0,4.1039615,7.5
2022-08-21 21:00:00,0.0,0.0,0.0,4.131888,7.7
2022-08-21 22:00:00,0.0,0.0,0.0,4.237924,7.9
2022-08-21 23:00:00,0.0,0.0,0.0,3.8736289,7.4
2022-08-22 00:00:00,0.0,0.0,0.0,3.4471004,7.1
2022-08-22 01:00:00,0.0,0.0,0.0,3.4481878,6.8
2022-08-22 02:00:00,0.0,0.0,0.0,3.5784075,7.6
2022-08-22 03:00:00,0.0,0.0,0.0,3.8448017,7.9
2022-08-22 04:00:00,0.0,0.0,0.0,3.9274673,8.1
2022-08-22 05:00:00,0.0,0.0,0.0,3.8268788,8.3
2022-08-22 06:00:00,0.0,0.0,0.0,3.9373214,8.4
2022-08-22 07:00:00,0.0,0.0,0.0,3.8581083,9.0
2022-08-22 08:00:00,0.0,0.0,0.0,3.7805421,9.0
2022-08-22 09:00:00,0.0,0.0,0.0,3.7619808,8.8
2022-08-22 10:00:00,0.0,0.0,0.0,4.133098,8.7
2022-08-22 11:00:00,0.0,0.0,0.0,3.9512656,8.1
2022-08-22 12:00:00,0.0,0.0,0.0,3.9121606,8.0
2022-08-22 13:00:00,0.0,0.0,0.0,3.828838,7.5
2022-08-22 14:00:00,0.0,0.0,0.0,2.7225907,5.3
2022-08-22 15:00:00,0.0,0.0,0.0,2.0862646,4.0
2022-08-22 16:00:00,0.0,0.0,0.0,2.0180438,3.6
2022-08-22 17:00:00,0.0,0.0,0.0,2.0615528,3.3
2022-08-22 18:00:00,0.0,0.0,0.0,1.9416488,3.1
2022-08-22 19:00:00,0.0,0.0,0.0,1.7670598,3.2
2022-08-22 20:00:00,0.0,0.0,0.0,1.9962465,3.3
2022-08-22 21:00:00,0.0,0.0,0.0,2.1360009,3.0
2022-08-22 22:00:00,0.0,0.0,0.0,2.0180438,2.9
2022-08-22 23:00:00,0.0,0.0,0.0,1.970406,3.0
2022-08-23 00:00:00,0.0,0.0,0.0,1.8560711,3.0
2022-08-23 01:00:00,0.0,0.0,0.0,1.6155494,2.8
2022-08-23 02:00:00,0.0,0.0,0.0,1.978004,4.0
2022-08-23 03:00:00,0.0,0.0,0.0,1.9137658,4.5
2022-08-23 04:00:00,0.0,0.0,0.0,2.510976,6.0
2022-08-23 05:00:00,0.0,0.0,0.0,3.0070748,7.6
2022-08-23 06:00:00,0.0,0.0,0.0,3.335416,8.3
2022-08-23 07:00:00,0.0,0.0,0.0,3.4441981,8.3
2022-08-23 08:00:00,0.0,0.0,0.0,3.592005,8.5
2022-08-23 09:00:00,0.0,0.0,0.0,3.8108397,8.8
2022-08-23 10:00:00,0.0,0.0,0.0,4.263801,9.0
2022-08-23 11:00:00,0.0,0.0,0.0,4.400284,8.8
2022-08-23 12:00:00,0.0,0.0,0.0,4.3266616,8.4
2022-08-23 13:00:00,0.0,0.0,0.0,3.8330796,7.2
2022-08-23 14:00:00,0.0,0.0,0.0,2.6215453,4.9
2022-08-23 15:00:00,0.0,0.0,0.0,2.7202942,4.5
2022-08-23 16:00:00,0.0,0.0,0.0,2.8900692,4.2
2022-08-23 17:00:00,0.0,0.0,0.0,2.7390692,3.6
2022-08-23 18:00:00,0.0,0.0,0.0,2.404163,3.3
2022-08-23 19:00:00,0.0,0.0,0.0,2.0880613,3.6
2022-08-23 20:00:00,0.0,0.0,0.0,1.8848077,3.3
2022-08-23 21:00:00,0.0,0.0,0.0,1.8607794,3.3
2022-08-23 22:00:00,0.0,0.0,0.0,1.7902514,3.3
2022-08-23 23:00:00,0.0,0.0,0.0,1.9798989,3.5
2022-08-24 00:00:00,0.0,0.0,0.0,2.1224985,3.6
2022-08-24 01:00:00,0.0,0.0,0.0,2.4748738,4.0
2022-08-24 02:00:00,0.0,0.0,0.0,2.829311,5.2
2022-08-24 03:00:00,0.0,0.0,0.0,2.441823,5.4
2022-08-24 04:00:00,0.0,0.0,0.0,2.7041636,6.2
2022-08-24 05:00:00,0.0,0.0,0.0,3.6211185,7.8
2022-08-24 06:00:00,0.0,0.0,0.0,3.5584407,8.0
2022-08-24 07:00:00,0.0,0.0,0.0,3.3425288,8.0
2022-08-24 08:00:00,0.0,0.0,0.0,3.175295,7.8
2022-08-24 09:00:00,0.0,0.0,0.0,3.1384711,7.6
2022-08-24 10:00:00,0.0,0.0,0.0,3.1976552,7.3
2022-08-24 11:00:00,0.0,0.0,0.0,3.1503966,7.1
2022-08-24 12:00:00,0.0,0.0,0.0,3.0858548,6.6
2022-08-24 13:00:00,0.0,0.0,0.0,2.3345237,4.7
2022-08-24 14:00:00,0.0,0.0,0.0,2.192031,3.1
2022-08-24 15:00:00,0.0,0.0,0.0,2.4839485,3.6
2022-08-24 16:00:00,0.0,0.0,0.0,2.5238857,3.6
2022-08-24 17:00:00,0.0,0.0,0.0,2.6617663,3.6
2022-08-24 18:00:00,0.0,0.0,0.0,2.2808988,3.0
2022-08-24 19:00:00,0.0,0.0,0.0,1.7670598,2.1
2022-08-24 20:00:00,0.0,0.0,0.0,0.89442724,1.3
2022-08-24 21:00:00,0.0,0.0,0.0,0.69641936,1.3
2022-08-24 22:00:00,0.0,0.0,0.0,1.0816654,1.5
2022-08-24 23:00:00,0.0,0.0,0.0,1.9300259,1.7
2022-08-25 00:00:00,0.0,0.0,0.0,2.3717084,2.1
2022-08-25 01:00:00,0.0,0.0,0.0,1.8721644,2.6
2022-08-25 02:00:00,0.0,0.0,0.0,2.0814657,3.3
2022-08-25 03:00:00,0.0,0.0,0.0,1.6140013,3.7
2022-08-25 04:00:00,0.0,0.0,0.0,1.8973665,4.9
2022-08-25 05:00:00,0.0,0.0,0.0,2.1360009,5.5
2022-08-25 06:00:00,0.0,0.0,0.0,2.0934422,5.8
2022-08-25 07:00:00,0.0,0.0,0.0,1.9906029,5.8
2022-08-25 08:00:00,0.0,0.0,0.0,2.118962,6.0
2022-08-25 09:00:00,0.0,0.0,0.0,2.594706,6.5
2022-08-25 10:00:00,0.1,0.1,0.0,2.8044608,6.4
2022-08-25 11:00:00,0.0,0.0,0.0,2.7789385,6.5
2022-08-25 12:00:00,0.0,0.0,0.0,2.5317976,5.8
2022-08-25 13:00:00,0.0,0.0,0.0,1.9313208,3.9
2022-08-25 14:00:00,0.0,0.0,0.0,2.1242645,3.2
2022-08-25 15:00:00,0.0,0.0,0.0,2.107724,3.2
2022-08-25 16:00:00,0.0,0.0,0.0,1.9962465,2.9
2022-08-25 17:00:00,0.0,0.0,0.0,2.219234,2.9
2022-08-25 18:00:00,0.0,0.0,0.0,2.5283394,2.7
2022-08-25 19:00:00,0.0,0.0,0.0,2.4698176,3.4
2022-08-25 20:00:00,0.0,0.0,0.0,2.3900838,3.3
2022-08-25 21:00:00,0.0,0.0,0.0,2.4010415,3.3
2022-08-25 22:00:00,0.0,0.0,0.0,2.1360009,3.2
2022-08-25 23:00:00,0.0,0.0,0.0,2.0796635,3.2
2022-08-26 00:00:00,0.0,0.0,0.0,2.1029742,3.1
2022-08-26 01:00:00,0.0,0.0,0.0,1.6643317,2.8
2022-08-26 02:00:00,0.0,0.0,0.0,1.4159802,3.6
2022-08-26 03:00:00,0.0,0.0,0.0,1.0547512,3.9
2022-08-26 04:00:00,0.0,0.0,0.0,1.4840822,4.4
2022-08-26 05:00:00,0.0,0.0,0.0,2.1100948,5.6
2022-08-26 06:00:00,0.0,0.0,0.0,2.6004808,6.9
2022-08-26 07:00:00,0.0,0.0,0.0,2.7322152,6.9
2022-08-26 08:00:00,0.0,0.0,0.0,2.8653097,7.0
2022-08-26 09:00:00,0.0,0.0,0.0,3.2729957,7.7
2022-08-26 10:00:00,0.0,0.0,0.0,3.2718496,8.0
2022-08-26 11:00:00,0.0,0.0,0.0,3.2557642,7.9
2022-08-26 12:00:00,0.0,0.0,0.0,2.9706903,6.8
2022-08-26 13:00:00,0.0,0.0,0.0,1.8741665,4.0
2022-08-26 14:00:00,0.0,0.0,0.0,2.1523244,2.9
2022-08-26 15:00:00,0.0,0.0,0.0,2.350532,3.2
2022-08-26 16:00:00,0.0,0.0,0.0,2.0838666,3.2
2022-08-26 17:00:00,0.0,0.0,0.0,2.0506098,3.3
2022-08-26 18:00:00,0.0,0.0,0.0,2.1095023,3.2
2022-08-26 19:00:00,0.0,0.0,0.0,1.9697715,3.3
2022-08-26 20:00:00,0.0,0.0,0.0,2.2847319,3.4
2022-08-26 21:00:00,0.0,0.0,0.0,2.326478,3.4
2022-08-26 22:00:00,0.0,0.0,0.0,2.2203603,3.3
2022-08-26 23:00:00,0.0,0.0,0.0,2.1569655,3.2
2022-08-27 00:00:00,0.0,0.0,0.0,2.1965883,3.3
2022-08-27 01:00:00,0.0,0.0,0.0,1.8034688,3.0
2022-08-27 02:00:00,0.0,0.0,0.0,2.3005433,4.1
2022-08-27 03:00:00,0.0,0.0,0.0,1.8741665,4.6
2022-08-27 04:00:00,0.0,0.0,0.0,2.0862646,5.5
2022-08-27 05:00:00,0.0,0.0,0.0,2.25,6.2
2022-08-27 06:00:00,0.0,0.0,0.0,2.607681,9.0
2022-08-27 07:00:00,0.0,0.0,0.0,3.2202485,8.6
2022-08-27 08:00:00,0.4,0.4,0.0,3.384154,9.2
2022-08-27 09:00:00,1.2,1.2,0.0,4.1512046,8.5
2022-08-27 10:00:00,0.0,0.0,0.0,2.9719522,7.9
2022-08-27 11:00:00,0.0,0.0,0.0,2.3547823,5.5
2022-08-27 12:00:00,0.0,0.0,0.0,2.252221,5.2
2022-08-27 13:00:00,0.0,0.0,0.0,2.2588713,4.3
2022-08-27 14:00:00,0.0,0.0,0.0,2.1965883,4.5
2022-08-27 15:00:00,0.0,0.0,0.0,2.4884734,5.1
2022-08-27 16:00:00,0.0,0.0,0.0,2.8301945,5.1
2022-08-27 17:00:00,0.0,0.0,0.0,3.4441981,6.2
2022-08-27 18:00:00,0.0,0.0,0.0,3.748333,7.1
2022-08-27 19:00:00,0.0,0.0,0.0,3.9322386,7.0
2022-08-27 20:00:00,0.0,0.0,0.0,4.0106106,7.1
2022-08-27 21:00:00,0.0,0.0,0.0,3.9246018,7.2
2022-08-27 22:00:00,0.0,0.0,0.0,4.0816665,6.9
2022-08-27 23:00:00,0.0,0.0,0.0,3.689512,6.4
2022-08-28 00:00:00,0.0,0.0,0.0,3.335416,5.9
2022-08-28 01:00:00,0.0,0.0,0.0,3.2649658,5.5
2022-08-28 02:00:00,0.0,0.0,0.0,3.4,6.6
2022-08-28 03:00:00,0.0,0.0,0.0,3.4014702,7.1
2022-08-28 04:00:00,0.0,0.0,0.0,3.335416,7.4
2022-08-28 05:00:00,0.0,0.0,0.0,3.310589,7.8
2022-08-28 06:00:00,0.0,0.0,0.0,3.224903,7.8
2022-08-28 07:00:00,0.0,0.0,0.0,3.175689,7.9
2022-08-28 08:00:00,0.0,0.0,0.0,3.1503966,7.9
2022-08-28 09:00:00,0.0,0.0,0.0,3.1340866,7.7
2022-08-28 10:00:00,0.0,0.0,0.0,3.0103986,7.3
2022-08-28 11:00:00,0.0,0.0,0.0,2.933428,6.7
2022-08-28 12:00:00,0.0,0.0,0.0,2.8853076,6.2
2022-08-28 13:00:00,0.0,0.0,0.0,2.6162949,4.8
2022-08-28 14:00:00,0.0,0.0,0.0,1.9235384,3.4
2022-08-28 15:00:00,0.0,0.0,0.0,2.3119256,3.8
2022-08-28 16:00:00,0.0,0.0,0.0,2.285279,3.6
2022-08-28 17:00:00,0.0,0.0,0.0,2.1592824,3.5
2022-08-28 18:00:00,0.0,0.0,0.0,1.9924859,3.4
2022-08-28 19:00:00,0.0,0.0,0.0,1.9906029,3.5
2022-08-28 20:00:00,0.0,0.0,0.0,2.3711812,3.6
2022-08-28 21:00:00,0.0,0.0,0.0,2.419194,3.3
2022-08-28 22:00:00,0.0,0.0,0.0,2.0155644,3.2
2022-08-28 23:00:00,0.0,0.0,0.0,1.8741665,3.0
2022-08-29 00:00:00,0.0,0.0,0.0,1.4637282,2.4
2022-08-29 01:00:00,0.0,0.0,0.0,1.2816006,2.1
2022-08-29 02:00:00,0.0,0.0,0.0,1.0920165,2.7
2022-08-29 03:00:00,0.0,0.0,0.0,0.53851646,2.9
2022-08-29 04:00:00,0.0,0.0,0.0,0.3905125,3.2
2022-08-29 05:00:00,0.0,0.0,0.0,0.44721362,3.6
2022-08-29 06:00:00,0.0,0.0,0.0,0.47169906,4.1
2022-08-29 07:00:00,0.0,0.0,0.0,0.25,3.9
2022-08-29 08:00:00,0.0,0.0,0.0,0.46097723,4.0
2022-08-29 09:00:00,0.0,0.0,0.0,0.76321685,4.2
2022-08-29 10:00:00,0.0,0.0,0.0,0.8062258,4.2
2022-08-29 11:00:00,0.0,0.0,0.0,0.9617692,4.0
2022-08-29 12:00:00,0.0,0.0,0.0,1.2419742,3.7
2022-08-29 13:00:00,0.0,0.0,0.0,1.2103719,1.8
2022-08-29 14:00:00,0.0,0.0,0.0,2.0112185,2.5
2022-08-29 15:00:00,0.0,0.0,0.0,1.4705442,2.0
2022-08-29 16:00:00,0.0,0.0,0.0,0.9433981,1.5
2022-08-29 17:00:00,0.0,0.0,0.0,0.6519202,1.4
2022-08-29 18:00:00,0.0,0.0,0.0,0.81394106,1.3
2022-08-29 19:00:00,0.0,0.0,0.0,0.8732125,1.4
2022-08-29 20:00:00,0.0,0.0,0.0,0.8732125,1.7
2022-08-29 21:00:00,0.0,0.0,0.0,1.0965856,2.0
2022-08-29 22:00:00,0.0,0.0,0.0,1.4089003,2.3
2022-08-29 23:00:00,0.0,0.0,0.0,1.7088008,2.4
2022-08-30 00:00:00,0.0,0.0,0.0,1.8848077,2.4
2022-08-30 01:00:00,0.0,0.0,0.0,2.071835,2.4
2022-08-30 02:00:00,0.0,0.0,0.0,1.7867569,2.9
2022-08-30 03:00:00,0.0,0.0,0.0,1.4142135,3.5
2022-08-30 04:00:00,0.0,0.0,0.0,1.6530275,4.3
2022-08-30 05:00:00,0.0,0.0,0.0,2.1360009,5.3
2022-08-30 06:00:00,0.0,0.0,0.0,2.4052026,5.8
2022-08-30 07:00:00,0.0,0.0,0.0,2.3307724,6.3
2022-08-30 08:00:00,0.0,0.0,0.0,2.200568,6.1
2022-08-30 09:00:00,0.0,0.0,0.0,2.0615528,5.8
2022-08-30 10:00:00,0.0,0.0,0.0,1.970406,5.7
2022-08-30 11:00:00,0.0,0.0,0.0,1.724094,5.2
2022-08-30 12:00:00,0.0,0.0,0.0,1.6347783,4.4
2022-08-30 13:00:00,0.0,0.0,0.0,1.6124516,1.9
2022-08-30 14:00:00,0.0,0.0,0.0,2.059733,2.8
2022-08-30 15:00:00,0.0,0.0,0.0,2.182888,2.8
2022-08-30 16:00:00,0.0,0.0,0.0,2.3307724,3.0
2022-08-30 17:00:00,0.0,0.0,0.0,2.3690715,3.2
2022-08-30 18:00:00,0.0,0.0,0.0,2.510478,3.5
2022-08-30 19:00:00,0.0,0.0,0.0,2.653771,3.7
2022-08-30 20:00:00,0.0,0.0,0.0,2.6575365,3.8
2022-08-30 21:00:00,0.0,0.0,0.0,2.607681,3.7
2022-08-30 22:00:00,0.0,0.0,0.0,1.882817,3.5
2022-08-30 23:00:00,0.0,0.0,0.0,1.6688318,3.2
2022-08-31 00:00:00,0.0,0.0,0.0,1.430035,3.2
2022-08-31 01:00:00,0.0,0.0,0.0,1.7262677,3.2
2022-08-31 02:00:00,0.0,0.0,0.0,1.9006578,3.7
2022-08-31 03:00:00,0.0,0.0,0.0,1.662077,4.4
2022-08-31 04:00:00,0.0,0.0,0.0,2.0402207,5.5
2022-08-31 05:00:00,0.0,0.0,0.0,2.8692334,7.0
2022-08-31 06:00:00,0.0,0.0,0.0,3.6472592,8.4
2022-08-31 07:00:00,0.0,0.0,0.0,4.243819,9.4
2022-08-31 08:00:00,0.0,0.0,0.0,4.598369,10.0
2022-08-31 09:00:00,0.0,0.0,0.0,4.4418464,9.6
2022-08-31 10:00:00,0.0,0.0,0.0,4.094203,9.1
2022-08-31 11:00:00,0.0,0.0,0.0,3.905445,8.3
2022-08-31 12:00:00,0.0,0.0,0.0,3.4154062,6.7
2022-08-31 13:00:00,0.0,0.0,0.0,1.6800299,2.4
2022-08-31 14:00:00,0.0,0.0,0.0,2.594706,2.3
2022-08-31 15:00:00,0.0,0.0,0.0,2.3537204,2.8
2022-08-31 16:00:00,0.0,0.0,0.0,2.3436084,3.6
2022-08-31 17:00:00,0.0,0.0,0.0,2.9004312,4.3
2022-08-31 18:00:00,0.0,0.0,0.0,3.167412,5.0
2022-08-31 19:00:00,0.0,0.0,0.0,2.9154758,4.9
2022-08-31 20:00:00,0.0,0.0,0.0,2.4010415,3.9
2022-08-31 21:00:00,0.0,0.0,0.0,2.0402205,3.5
2022-08-31 22:00:00,0.0,0.0,0.0,2.1914606,3.4
2022-08-31 23:00:00,0.0,0.0,0.0,2.5465662,3.7
2022-09-01 00:00:00,0.0,0.0,0.0,2.8429737,4.2
2022-09-01 01:00:00,0.0,0.0,0.0,2.8900692,4.3
2022-09-01 02:00:00,0.0,0.0,0.0,3.422353,5.3
2022-09-01 03:00:00,0.0,0.0,0.0,3.3470137,6.1
2022-09-01 04:00:00,0.0,0.0,0.0,3.4033072,7.0
2022-09-01 05:00:00,0.0,0.0,0.0,3.1819806,7.4
2022-09-01 06:00:00,0.0,0.0,0.0,2.9567719,7.6
2022-09-01 07:00:00,0.0,0.0,0.0,3.306055,7.9
2022-09-01 08:00:00,0.0,0.0,0.0,4.5502744,11.1
2022-09-01 09:00:00,0.0,0.0,0.0,5.4120235,11.2
2022-09-01 10:00:00,0.0,0.0,0.0,6.1206617,12.3
2022-09-01 11:00:00,0.0,0.0,0.0,6.0210047,11.1
2022-09-01 12:00:00,0.0,0.0,0.0,4.3165383,8.4
2022-09-01 13:00:00,0.0,0.0,0.0,2.2461078,4.5
2022-09-01 14:00:00,0.0,0.0,0.0,2.5811818,3.8
2022-09-01 15:00:00,0.0,0.0,0.0,2.4377244,3.7
2022-09-01 16:00:00,0.0,0.0,0.0,2.376973,3.6
2022-09-01 17:00:00,0.0,0.0,0.0,2.4026027,3.7
2022-09-01 18:00:00,0.0,0.0,0.0,2.1505814,3.6
2022-09-01 19:00:00,0.0,0.0,0.0,1.9557608,2.7
2022-09-01 20:00:00,0.0,0.0,0.0,1.4508619,1.9
2022-09-01 21:00:00,0.0,0.0,0.0,1.2903488,1.4
2022-09-01 22:00:00,0.0,0.0,0.0,1.5402921,2.1
2022-09-01 23:00:00,0.0,0.0,0.0,2.2102036,3.0
2022-09-02 00:00:00,0.0,0.0,0.0,2.6172504,3.5
2022-09-02 01:00:00,0.0,0.0,0.0,2.2610838,3.3
2022-09-02 02:00:00,0.0,0.0,0.0,2.2147236,3.2
2022-09-02 03:00:00,0.0,0.0,0.0,1.8357561,3.9
2022-09-02 04:00:00,0.0,0.0,0.0,1.9830532,4.8
2022-09-02 05:00:00,0.0,0.0,0.0,2.337734,5.9
2022-09-02 06:00:00,0.0,0.0,0.0,2.75,6.8
2022-09-02 07:00:00,0.0,0.0,0.0,3.203904,7.5
2022-09-02 08:00:00,0.0,0.0,0.0,3.5017853,8.1
2022-09-02 09:00:00,0.0,0.0,0.0,4.1,9.4
2022-09-02 10:00:00,0.0,0.0,0.0,4.572199,9.1
2022-09-02 11:00:00,0.0,0.0,0.0,3.7831864,7.9
2022-09-02 12:00:00,0.0,0.0,0.0,3.0004165,6.0
2022-09-02 13:00:00,0.0,0.0,0.0,2.0260801,3.5
2022-09-02 14:00:00,0.0,0.0,0.0,2.7973201,3.6
2022-09-02 15:00:00,0.0,0.0,0.0,2.7721834,2.5
2022-09-02 16:00:00,0.0,0.0,0.0,2.418677,2.7
2022-09-02 17:00:00,0.0,0.0,0.0,2.1783023,3.5
2022-09-02 18:00:00,0.0,0.0,0.0,2.4545875,4.5
2022-09-02 19:00:00,0.0,0.0,0.0,2.8071337,4.7
2022-09-02 20:00:00,0.0,0.0,0.0,3.1084561,5.2
2022-09-02 21:00:00,0.0,0.0,0.0,3.3203917,5.6
2022-09-02 22:00:00,0.0,0.0,0.0,3.352611,5.8
2022-09-02 23:00:00,0.0,0.0,0.0,3.541892,5.8
2022-09-03 00:00:00,0.0,0.0,0.0,3.4471004,5.6
2022-09-03 01:00:00,0.0,0.0,0.0,3.355965,5.4
2022-09-03 02:00:00,0.0,0.0,0.0,3.522783,6.0
2022-09-03 03:00:00,0.0,0.0,0.0,3.4763489,6.7
2022-09-03 04:00:00,0.0,0.0,0.0,3.9121606,7.8
2022-09-03 05:00:00,0.0,0.0,0.0,4.1868844,8.6
2022-09-03 06:00:00,0.0,0.0,0.0,4.3931766,9.5
2022-09-03 07:00:00,0.0,0.0,0.0,4.8592696,10.3
2022-09-03 08:00:00,0.0,0.0,0.0,5.6535387,12.6
2022-09-03 09:00:00,0.0,0.0,0.0,5.700877,12.4
2022-09-03 10:00:00,0.0,0.0,0.0,5.9876957,11.9
2022-09-03 11:00:00,0.0,0.0,0.0,7.194616,12.8
2022-09-03 12:00:00,0.0,0.0,0.0,6.19879,11.4
2022-09-03 13:00:00,0.0,0.0,0.0,5.2311563,10.0
2022-09-03 14:00:00,0.0,0.0,0.0,4.816638,9.3
2022-09-03 15:00:00,0.0,0.0,0.0,5.5,9.9
2022-09-03 16:00:00,0.0,0.0,0.0,5.960285,10.5
2022-09-03 17:00:00,0.0,0.0,0.0,5.731492,10.2
2022-09-03 18:00:00,0.0,0.0,0.0,4.852319,9.4
2022-09-03 19:00:00,0.0,0.0,0.0,3.3948488,6.2
2022-09-03 20:00:00,0.0,0.0,0.0,3.4238136,6.4
2022-09-03 21:00:00,0.0,0.0,0.0,4.1149116,7.3
2022-09-03 22:00:00,0.0,0.0,0.0,4.2296567,6.9
2022-09-03 23:00:00,0.0,0.0,0.0,3.6417713,5.7
2022-09-04 00:00:00,0.0,0.0,0.0,3.403307,5.4
2022-09-04 01:00:00,0.0,0.0,0.0,3.2760494,5.5
2022-09-04 02:00:00,0.0,0.0,0.0,3.8916578,7.5
2022-09-04 03:00:00,0.0,0.0,0.0,3.6224992,8.0
2022-09-04 04:00:00,0.0,0.0,0.0,3.2760494,7.9
2022-09-04 05:00:00,0.0,0.0,0.0,2.6476402,8.6
2022-09-04 06:00:00,0.0,0.0,0.0,2.0396078,7.6
2022-09-04 07:00:00,0.0,0.0,0.0,2.3505318,6.2
2022-09-04 08:00:00,0.0,0.0,0.0,2.0056171,6.0
2022-09-04 09:00:00,0.0,0.0,0.0,1.990603,6.3
2022-09-04 10:00:00,0.0,0.0,0.0,2.6925821,6.2
2022-09-04 11:00:00,0.0,0.0,0.0,2.3420076,5.3
2022-09-04 12:00:00,0.0,0.0,0.0,1.9811614,4.2
2022-09-04 13:00:00,0.0,0.0,0.0,1.4508619,2.1
2022-09-04 14:00:00,0.0,0.0,0.0,2.2638464,3.0
2022-09-04 15:00:00,0.0,0.0,0.0,2.0426698,3.4
2022-09-04 16:00:00,0.0,0.0,0.0,1.9602295,3.4
2022-09-04 17:00:00,0.0,0.0,0.0,1.9525625,3.4
2022-09-04 18:00:00,0.0,0.0,0.0,1.9293782,3.3
2022-09-04 19:00:00,0.0,0.0,0.0,1.9293782,3.4
2022-09-04 20:00:00,0.0,0.0,0.0,2.0155644,3.5
2022-09-04 21:00:00,0.0,0.0,0.0,2.3547823,4.1
2022-09-04 22:00:00,0.0,0.0,0.0,2.3547823,3.8
2022-09-04 23:00:00,0.0,0.0,0.0,2.071835,3.5
2022-09-05 00:00:00,0.0,0.0,0.0,2.0886598,3.1
2022-09-05 01:00:00,0.0,0.0,0.0,2.324328,3.2
2022-09-05 02:00:00,0.0,0.0,0.0,2.745906,4.3
2022-09-05 03:00:00,0.0,0.0,0.0,2.5612497,5.3
2022-09-05 04:00:00,0.0,0.0,0.0,2.8231187,6.3
2022-09-05 05:00:00,0.0,0.0,0.0,3.5902646,8.0
2022-09-05 06:00:00,0.1,0.1,0.0,4.7942677,9.9
2022-09-05 07:00:00,0.2,0.2,0.0,5.558102,12.6
2022-09-05 08:00:00,0.1,0.1,0.0,5.7107353,11.8
2022-09-05 09:00:00,0.0,0.0,0.0,5.9502096,12.3
2022-09-05 10:00:00,0.0,0.0,0.0,6.8720446,12.5
2022-09-05 11:00:00,0.0,0.0,0.0,6.8117547,12.2
2022-09-05 12:00:00,0.0,0.0,0.0,5.8604608,10.1
2022-09-05 13:00:00,0.0,0.0,0.0,4.238514,8.4
2022-09-05 14:00:00,0.0,0.0,0.0,2.884874,7.7
2022-09-05 15:00:00,0.0,0.0,0.0,3.3871078,7.4
2022-09-05 16:00:00,0.0,0.0,0.0,4.1,7.7
2022-09-05 17:00:00,0.0,0.0,0.0,4.650269,8.3
2022-09-05 18:00:00,0.0,0.0,0.0,4.5634418,7.7
2022-09-05 19:00:00,0.0,0.0,0.0,4.418144,8.0
2022-09-05 20:00:00,0.0,0.0,0.0,4.315669,7.6
2022-09-05 21:00:00,0.0,0.0,0.0,4.0792155,7.0
2022-09-05 22:00:00,0.0,0.0,0.0,3.1503968,6.8
2022-09-05 23:00:00,0.0,0.0,0.0,3.3003786,5.7
2022-09-06 00:00:00,0.0,0.0,0.0,1.0770329,3.8
2022-09-06 01:00:00,0.0,0.0,0.0,0.57008773,2.6
2022-09-06 02:00:00,0.0,0.0,0.0,0.3354102,2.8
2022-09-06 03:00:00,0.0,0.0,0.0,0.88459027,4.4
2022-09-06 04:00:00,0.0,0.0,0.0,1.2776932,5.0
2022-09-06 05:00:00,0.0,0.0,0.0,2.1691012,6.9
2022-09-06 06:00:00,0.0,0.0,0.0,3.4539833,8.7
2022-09-06 07:00:00,0.0,0.0,0.0,3.8684623,8.3
2022-09-06 08:00:00,0.1,0.1,0.0,3.5046399,6.9
2022-09-06 09:00:00,0.2,0.2,0.0,4.05,10.9
2022-09-06 10:00:00,0.1,0.1,0.0,5.1662364,12.1
2022-09-06 11:00:00,0.0,0.0,0.0,5.213924,12.5
2022-09-06 12:00:00,0.1,0.1,0.0,4.0770698,7.8
2022-09-06 13:00:00,0.0,0.0,0.0,3.519233,7.3
2022-09-06 14:00:00,0.0,0.0,0.0,2.5739076,7.7
2022-09-06 15:00:00,0.0,0.0,0.0,1.972942,5.3
2022-09-06 16:00:00,0.0,0.0,0.0,3.4383862,11.8
2022-09-06 17:00:00,0.1,0.1,0.0,5.4120235,9.2
2022-09-06 18:00:00,0.4,0.4,0.0,7.2498274,10.5
2022-09-06 19:00:00,0.3,0.3,0.0,5.6535387,10.7
2022-09-06 20:00:00,0.0,0.0,0.0,5.7384667,11.1
2022-09-06 21:00:00,0.0,0.0,0.0,5.8249464,11.1
2022-09-06 22:00:00,0.0,0.0,0.0,7.28011,10.9
2022-09-06 23:00:00,0.0,0.0,0.0,7.187663,11.2
2022-09-07 00:00:00,0.0,0.0,0.0,7.326834,11.4
2022-09-07 01:00:00,0.0,0.0,0.0,7.472616,11.3
2022-09-07 02:00:00,0.0,0.0,0.0,7.578423,11.8
2022-09-07 03:00:00,0.0,0.0,0.0,8.9337845,15.0
2022-09-07 04:00:00,0.0,0.0,0.0,9.929752,17.1
2022-09-07 05:00:00,0.0,0.0,0.0,9.919299,18.5
2022-09-07 06:00:00,0.0,0.0,0.0,9.708244,18.7
2022-09-07 07:00:00,0.0,0.0,0.0,9.876234,19.3
2022-09-07 08:00:00,0.0,0.0,0.0,10.002,19.6
2022-09-07 09:00:00,0.0,0.0,0.0,9.811855,19.3
2022-09-07 10:00:00,0.0,0.0,0.0,10.414533,18.0
2022-09-07 11:00:00,0.0,0.0,0.0,9.201222,16.6
2022-09-07 12:00:00,0.0,0.0,0.0,8.139411,14.6
2022-09-07 13:00:00,0.0,0.0,0.0,6.2968245,11.2
2022-09-07 14:00:00,0.0,0.0,0.0,4.900255,8.4
2022-09-07 15:00:00,0.0,0.0,0.0,4.268782,6.7
2022-09-07 16:00:00,0.0,0.0,0.0,3.7,5.3
2022-09-07 17:00:00,0.0,0.0,0.0,3.3049204,4.6
2022-09-07 18:00:00,0.0,0.0,0.0,3.25,5.1
2022-09-07 19:00:00,0.0,0.0,0.0,3.3320415,5.4
2022-09-07 20:00:00,0.0,0.0,0.0,3.287096,5.4
2022-09-07 21:00:00,0.0,0.0,0.0,3.1088583,5.2
2022-09-07 22:00:00,0.0,0.0,0.0,3.4014702,5.0
2022-09-07 23:00:00,0.0,0.0,0.0,3.0207617,4.9
2022-09-08 00:00:00,0.0,0.0,0.0,2.9681644,5.1
2022-09-08 01:00:00,0.0,0.0,0.0,3.0232434,5.0
2022-09-08 02:00:00,0.0,0.0,0.0,3.3018935,5.5
2022-09-08 03:00:00,0.0,0.0,0.0,3.519233,6.7
2022-09-08 04:00:00,0.0,0.0,0.0,3.640055,7.4
2022-09-08 05:00:00,0.0,0.0,0.0,4.0521603,8.9
2022-09-08 06:00:00,0.0,0.0,0.0,4.8646684,10.9
2022-09-08 07:00:00,0.0,0.0,0.0,6.1629944,12.6
2022-09-08 08:00:00,0.0,0.0,0.0,6.0518594,12.2
2022-09-08 09:00:00,0.0,0.0,0.0,5.550901,11.2
2022-09-08 10:00:00,0.0,0.0,0.0,5.5682135,10.2
2022-09-08 11:00:00,0.0,0.0,0.0,5.1618795,9.6
2022-09-08 12:00:00,0.0,0.0,0.0,4.6010866,8.3
2022-09-08 13:00:00,0.0,0.0,0.0,3.259601,4.9
2022-09-08 14:00:00,0.0,0.0,0.0,2.0056171,3.5
2022-09-08 15:00:00,0.0,0.0,0.0,2.3632603,3.1
2022-09-08 16:00:00,0.0,0.0,0.0,2.0426698,3.5
2022-09-08 17:00:00,0.0,0.0,0.0,1.9104972,3.5
2022-09-08 18:00:00,0.0,0.0,0.0,2.3600848,3.5
2022-09-08 19:00:00,0.0,0.0,0.0,2.4824383,3.5
2022-09-08 20:00:00,0.0,0.0,0.0,2.4545875,3.7
2022-09-08 21:00:00,0.0,0.0,0.0,2.3070545,3.7
2022-09-08 22:00:00,0.0,0.0,0.0,2.1476731,3.5
2022-09-08 23:00:00,0.0,0.0,0.0,1.9962465,3.5
2022-09-09 00:00:00,0.0,0.0,0.0,2.2770596,3.9
2022-09-09 01:00:00,0.0,0.0,0.0,2.4698179,4.3
2022-09-09 02:00:00,0.0,0.0,0.0,3.0207615,5.3
2022-09-09 03:00:00,0.0,0.0,0.0,3.001666,6.2
2022-09-09 04:00:00,0.0,0.0,0.0,3.4121108,7.7
2022-09-09 05:00:00,0.0,0.0,0.0,4.0360875,9.7
2022-09-09 06:00:00,0.0,0.0,0.0,4.881086,10.9
2022-09-09 07:00:00,0.0,0.0,0.0,5.0916595,11.0
2022-09-09 08:00:00,0.0,0.0,0.0,5.481788,11.4
2022-09-09 09:00:00,0.0,0.0,0.0,5.680009,11.6
2022-09-09 10:00:00,0.0,0.0,0.0,5.678468,11.4
2022-09-09 11:00:00,0.0,0.0,0.0,5.800862,10.5
2022-09-09 12:00:00,0.0,0.0,0.0,4.366062,7.3
2022-09-09 13:00:00,0.0,0.0,0.0,2.5700195,4.5
2022-09-09 14:00:00,0.0,0.0,0.0,2.0886598,4.0
2022-09-09 15:00:00,0.0,0.0,0.0,1.6194135,4.1
2022-09-09 16:00:00,0.0,0.0,0.0,1.9293782,3.6
2022-09-09 17:00:00,0.0,0.0,0.0,2.1029742,3.6
2022-09-09 18:00:00,0.0,0.0,0.0,2.236068,3.6
2022-09-09 19:00:00,0.0,0.0,0.0,2.1783023,3.6
2022-09-09 20:00:00,0.0,0.0,0.0,2.1100948,3.5
2022-09-09 21:00:00,0.0,0.0,0.0,2.2388613,3.5
2022-09-09 22:00:00,0.0,0.0,0.0,2.1289668,3.4
2022-09-09 23:00:00,0.0,0.0,0.0,2.0155644,3.3
2022-09-10 00:00:00,0.0,0.0,0.0,1.7392527,3.1
2022-09-10 01:00:00,0.0,0.0,0.0,2.0615528,3.1
2022-09-10 02:00:00,0.0,0.0,0.0,2.7390692,4.4
2022-09-10 03:00:00,0.0,0.0,0.0,2.902585,5.3
2022-09-10 04:00:00,0.0,0.0,0.0,3.156343,6.2
2022-09-10 05:00:00,0.0,0.0,0.0,3.8503246,8.1
2022-09-10 06:00:00,0.0,0.0,0.0,4.4102154,9.1
2022-09-10 07:00:00,0.0,0.0,0.0,4.55988,9.7
2022-09-10 08:00:00,0.2,0.2,0.0,4.7130136,9.5
2022-09-10 09:00:00,0.0,0.0,0.0,4.682414,9.4
2022-09-10 10:00:00,0.0,0.0,0.0,4.2720017,9.1
2022-09-10 11:00:00,0.0,0.0,0.0,3.176476,8.1
2022-09-10 12:00:00,0.0,0.0,0.0,2.5739074,7.4
2022-09-10 13:00:00,0.0,0.0,0.0,4.287773,9.2
2022-09-10 14:00:00,0.0,0.0,0.0,5.8363085,11.0
2022-09-10 15:00:00,0.0,0.0,0.0,6.6577024,12.4
2022-09-10 16:00:00,0.0,0.0,0.0,7.02282,12.9
2022-09-10 17:00:00,0.0,0.0,0.0,7.2258215,13.6
2022-09-10 18:00:00,0.0,0.0,0.0,7.3082147,13.7
2022-09-10 19:00:00,0.0,0.0,0.0,7.082549,13.2
2022-09-10 20:00:00,0.2,0.2,0.0,6.5124884,11.9
2022-09-10 21:00:00,0.3,0.3,0.0,6.007704,10.8
2022-09-10 22:00:00,0.8,0.8,0.0,6.1465435,10.8
2022-09-10 23:00:00,1.8,1.8,0.0,5.682649,10.2
2022-09-11 00:00:00,0.9,0.9,0.0,5.2654533,9.2
2022-09-11 01:00:00,1.1,1.1,0.0,4.897448,8.8
2022-09-11 02:00:00,1.0,1.0,0.0,4.5762978,8.4
2022-09-11 03:00:00,0.7,0.7,0.0,4.327817,7.6
2022-09-11 04:00:00,0.2,0.2,0.0,4.2479405,6.6
2022-09-11 05:00:00,0.2,0.2,0.0,4.101829,7.3
2022-09-11 06:00:00,0.3,0.3,0.0,4.1340055,7.7
2022-09-11 07:00:00,0.9,0.9,0.0,4.5235496,9.0
2022-09-11 08:00:00,1.1,1.1,0.0,5.581443,10.0
2022-09-11 09:00:00,0.9,0.9,0.0,5.8826017,10.4
2022-09-11 10:00:00,1.1,1.1,0.0,5.6224995,11.5
2022-09-11 11:00:00,0.9,0.9,0.0,6.5553412,12.4
2022-09-11 12:00:00,1.0,1.0,0.0,7.0938354,13.9
2022-09-11 13:00:00,0.8,0.8,0.0,6.7175145,13.2
2022-09-11 14:00:00,0.5,0.5,0.0,5.95084,11.8
2022-09-11 15:00:00,0.3,0.3,0.0,5.4776816,11.2
2022-09-11 16:00:00,0.1,0.1,0.0,5.0707493,10.8
2022-09-11 17:00:00,0.0,0.0,0.0,4.7594643,10.1
2022-09-11 18:00:00,0.0,0.0,0.0,4.5694637,9.4
2022-09-11 19:00:00,0.0,0.0,0.0,4.294182,7.8
2022-09-11 20:00:00,0.0,0.0,0.0,4.031129,7.1
2022-09-11 21:00:00,0.0,0.0,0.0,3.8275318,6.8
2022-09-11 22:00:00,0.0,0.0,0.0,3.5805027,6.4
2022-09-11 23:00:00,0.0,0.0,0.0,3.118493,5.6
2022-09-12 00:00:00,0.0,0.0,0.0,2.687936,4.8
2022-09-12 01:00:00,0.0,0.0,0.0,2.445915,4.3
2022-09-12 02:00:00,0.0,0.0,0.0,2.836371,4.9
2022-09-12 03:00:00,0.0,0.0,0.0,2.687936,6.0
2022-09-12 04:00:00,0.0,0.0,0.0,2.6575365,6.5
2022-09-12 05:00:00,0.2,0.2,0.0,2.9908192,7.7
2022-09-12 06:00:00,0.1,0.1,0.0,3.2882366,7.2
2022-09-12 07:00:00,0.2,0.2,0.0,3.08099,8.2
2022-09-12 08:00:00,0.1,0.1,0.0,2.7613401,8.1
2022-09-12 09:00:00,0.0,0.0,0.0,2.304886,7.6
2022-09-12 10:00:00,0.0,0.0,0.0,1.9830532,6.8
2022-09-12 11:00:00,0.0,0.0,0.0,1.9137658,5.8
2022-09-12 12:00:00,0.5,0.5,0.0,1.882817,3.8
2022-09-12 13:00:00,0.3,0.3,0.0,1.972942,2.7
2022-09-12 14:00:00,0.0,0.0,0.0,1.5033296,2.0
2022-09-12 15:00:00,0.0,0.0,0.0,1.8006942,0.7
2022-09-12 16:00:00,0.0,0.0,0.0,1.8553975,0.6
2022-09-12 17:00:00,0.0,0.0,0.0,1.5231546,0.8
2022-09-12 18:00:00,0.0,0.0,0.0,1.360147,0.7
2022-09-12 19:00:00,0.0,0.0,0.0,0.96176916,1.4
2022-09-12 20:00:00,0.0,0.0,0.0,0.7017834,1.0
2022-09-12 21:00:00,0.0,0.0,0.0,0.57008773,0.9
2022-09-12 22:00:00,0.0,0.0,0.0,0.83815277,1.2
2022-09-12 23:00:00,0.0,0.0,0.0,1.1011358,1.6
2022-09-13 00:00:00,0.0,0.0,0.0,1.3865424,1.7
2022-09-13 01:00:00,0.0,0.0,0.0,1.3647344,1.5
2022-09-13 02:00:00,0.0,0.0,0.0,0.95131487,1.8
2022-09-13 03:00:00,0.0,0.0,0.0,0.52201533,2.2
2022-09-13 04:00:00,0.0,0.0,0.0,0.5024938,3.0
2022-09-13 05:00:00,0.0,0.0,0.0,0.83216584,4.1
2022-09-13 06:00:00,0.0,0.0,0.0,1.1011357,4.7
2022-09-13 07:00:00,0.0,0.0,0.0,1.1101801,5.3
2022-09-13 08:00:00,0.1,0.1,0.0,1.2093385,5.4
2022-09-13 09:00:00,0.1,0.1,0.0,0.934077,4.9
2022-09-13 10:00:00,0.1,0.1,0.0,0.77620876,4.4
2022-09-13 11:00:00,0.1,0.1,0.0,0.82006097,3.8
2022-09-13 12:00:00,0.2,0.2,0.0,1.6507574,2.4
2022-09-13 13:00:00,0.4,0.4,0.0,1.7029386,3.5
2022-09-13 14:00:00,0.5,0.5,0.0,0.47169906,2.2
2022-09-13 15:00:00,0.2,0.2,0.0,1.2776932,1.7
2022-09-13 16:00:00,0.0,0.0,0.0,1.7804494,2.1
2022-09-13 17:00:00,0.0,0.0,0.0,1.6007811,2.6
2022-09-13 18:00:00,0.0,0.0,0.0,1.6324828,2.5
2022-09-13 19:00:00,0.0,0.0,0.0,1.6263456,2.6
2022-09-13 20:00:00,0.0,0.0,0.0,1.5945219,2.4
2022-09-13 21:00:00,0.0,0.0,0.0,1.4534441,2.4
2022-09-13 22:00:00,0.0,0.0,0.0,1.5402921,2.6
2022-09-13 23:00:00,0.0,0.0,0.0,1.5402921,2.7
2022-09-14 00:00:00,0.0,0.0,0.0,1.4840822,3.0
2022-09-14 01:00:00,0.0,0.0,0.0,1.372953,3.0
2022-09-14 02:00:00,0.0,0.0,0.0,1.2103719,3.4
2022-09-14 03:00:00,0.0,0.0,0.0,1.1672618,3.7
2022-09-14 04:00:00,0.0,0.0,0.0,1.0630146,3.9
2022-09-14 05:00:00,0.0,0.0,0.0,0.9013878,4.1
2022-09-14 06:00:00,0.0,0.0,0.0,0.9300538,4.5
2022-09-14 07:00:00,0.0,0.0,0.0,1.1715374,4.8
2022-09-14 08:00:00,0.0,0.0,0.0,1.3829316,4.9
2022-09-14 09:00:00,0.0,0.0,0.0,1.5402921,4.9
2022-09-14 10:00:00,0.0,0.0,0.0,1.5305228,4.8
2022-09-14 11:00:00,0.0,0.0,0.0,1.500833,4.3
2022-09-14 12:00:00,0.0,0.0,0.0,1.7029386,3.4
2022-09-14 13:00:00,0.0,0.0,0.0,1.3829316,2.1
2022-09-14 14:00:00,0.0,0.0,0.0,2.2102036,3.2
2022-09-14 15:00:00,0.0,0.0,0.0,2.265502,3.3
2022-09-14 16:00:00,0.0,0.0,0.0,2.408319,3.5
2022-09-14 17:00:00,0.0,0.0,0.0,2.45204,3.6
2022-09-14 18:00:00,0.0,0.0,0.0,2.4738634,3.7
2022-09-14 19:00:00,0.0,0.0,0.0,2.3963516,3.7
2022-09-14 20:00:00,0.0,0.0,0.0,2.3070545,3.6
2022-09-14 21:00:00,0.0,0.0,0.0,2.180023,3.5
2022-09-14 22:00:00,0.0,0.0,0.0,2.3717084,3.4
2022-09-14 23:00:00,0.0,0.0,0.0,2.423324,3.4
2022-09-15 00:00:00,0.0,0.0,0.0,2.5632012,3.6
2022-09-15 01:00:00,0.0,0.0,0.0,2.3926973,3.5
2022-09-15 02:00:00,0.0,0.0,0.0,1.2529964,2.7
2022-09-15 03:00:00,0.0,0.0,0.0,0.93941474,3.6
2022-09-15 04:00:00,0.0,0.0,0.0,0.69641936,4.0
2022-09-15 05:00:00,0.0,0.0,0.0,0.715891,4.5
2022-09-15 06:00:00,0.0,0.0,0.0,1.4534441,6.0
2022-09-15 07:00:00,0.0,0.0,0.0,2.86007,7.2
2022-09-15 08:00:00,0.0,0.0,0.0,3.0805843,7.5
2022-09-15 09:00:00,0.0,0.0,0.0,3.175689,7.5
2022-09-15 10:00:00,0.0,0.0,0.0,3.5587919,7.3
2022-09-15 11:00:00,0.0,0.0,0.0,3.7,7.2
2022-09-15 12:00:00,0.0,0.0,0.0,3.5302267,5.8
2022-09-15 13:00:00,0.0,0.0,0.0,2.4581497,4.3
2022-09-15 14:00:00,0.0,0.0,0.0,2.7,4.8
2022-09-15 15:00:00,0.0,0.0,0.0,3.0536864,5.7
2022-09-15 16:00:00,0.0,0.0,0.0,3.224903,6.3
2022-09-15 17:00:00,0.0,0.0,0.0,3.1819806,6.3
2022-09-15 18:00:00,0.0,0.0,0.0,3.1484122,6.2
2022-09-15 19:00:00,0.0,0.0,0.0,3.2066338,5.6
2022-09-15 20:00:00,0.0,0.0,0.0,3.3245301,5.9
2022-09-15 21:00:00,0.0,0.0,0.0,3.238055,5.8
2022-09-15 22:00:00,0.0,0.0,0.0,3.1894357,5.7
2022-09-15 23:00:00,0.0,0.0,0.0,3.0008333,5.7
2022-09-16 00:00:00,0.0,0.0,0.0,2.8160255,5.6
2022-09-16 01:00:00,0.0,0.0,0.0,2.9068885,5.7
2022-09-16 02:00:00,0.0,0.0,0.0,3.3593152,6.4
2022-09-16 03:00:00,0.0,0.0,0.0,3.4677083,7.2
2022-09-16 04:00:00,0.0,0.0,0.0,3.8551912,8.5
2022-09-16 05:00:00,0.0,0.0,0.0,4.7801676,10.5
2022-09-16 06:00:00,0.0,0.0,0.0,6.0384183,12.4
2022-09-16 07:00:00,0.0,0.0,0.0,5.6189413,11.7
2022-09-16 08:00:00,0.0,0.0,0.0,5.255949,11.0
2022-09-16 09:00:00,0.0,0.0,0.0,5.061867,10.7
2022-09-16 10:00:00,0.0,0.0,0.0,5.8227997,10.5
2022-09-16 11:00:00,0.0,0.0,0.0,5.7421684,10.3
2022-09-16 12:00:00,0.0,0.0,0.0,5.1090603,8.8
2022-09-16 13:00:00,0.0,0.0,0.0,4.497221,7.8
2022-09-16 14:00:00,0.0,0.0,0.0,4.2296567,7.5
2022-09-16 15:00:00,0.0,0.0,0.0,4.434242,8.0
2022-09-16 16:00:00,0.0,0.0,0.0,4.6035314,8.1
2022-09-16 17:00:00,0.0,0.0,0.0,4.6970735,8.1
2022-09-16 18:00:00,0.0,0.0,0.0,4.414748,7.8
2022-09-16 19:00:00,0.0,0.0,0.0,4.246469,7.4
2022-09-16 20:00:00,0.0,0.0,0.0,4.168033,7.3
2022-09-16 21:00:00,0.0,0.0,0.0,4.1593266,7.3
2022-09-16 22:00:00,0.0,0.0,0.0,4.226405,7.1
2022-09-16 23:00:00,0.0,0.0,0.0,4.197618,7.1
2022-09-17 00:00:00,0.0,0.0,0.0,4.208622,7.2
2022-09-17 01:00:00,0.0,0.0,0.0,4.1,7.1
2022-09-17 02:00:00,0.0,0.0,0.0,4.280771,7.5
2022-09-17 03:00:00,0.0,0.0,0.0,4.368066,8.2
2022-09-17 04:00:00,0.0,0.0,0.0,4.701064,9.4
2022-09-17 05:00:00,0.0,0.0,0.0,4.9396353,10.1
2022-09-17 06:00:00,0.0,0.0,0.0,5.5932994,11.2
2022-09-17 07:00:00,0.0,0.0,0.0,5.1638165,10.8
2022-09-17 08:00:00,0.0,0.0,0.0,4.4913807,9.7
2022-09-17 09:00:00,0.0,0.0,0.0,3.9953096,8.7
2022-09-17 10:00:00,0.0,0.0,0.0,4.2074337,7.9
2022-09-17 11:00:00,0.0,0.0,0.0,3.7503333,7.1
2022-09-17 12:00:00,0.0,0.0,0.0,2.8429737,5.1
2022-09-17 13:00:00,0.0,0.0,0.0,1.9525625,3.3
2022-09-17 14:00:00,0.0,0.0,0.0,2.5739074,4.3
2022-09-17 15:00:00,0.0,0.0,0.0,3.0335624,5.1
2022-09-17 16:00:00,0.0,0.0,0.0,3.2163644,5.2
2022-09-17 17:00:00,0.0,0.0,0.0,3.2901368,5.4
2022-09-17 18:00:00,0.0,0.0,0.0,3.381198,5.4
2022-09-17 19:00:00,0.0,0.0,0.0,3.0858548,5.4
2022-09-17 20:00:00,0.0,0.0,0.0,2.7973201,5.0
2022-09-17 21:00:00,0.0,0.0,0.0,2.6239283,4.7
2022-09-17 22:00:00,0.0,0.0,0.0,2.5932605,4.5
2022-09-17 23:00:00,0.0,0.0,0.0,2.4413111,4.0
2022-09-18 00:00:00,0.0,0.0,0.0,2.1914606,3.6
2022-09-18 01:00:00,0.0,0.0,0.0,2.0940392,3.5
2022-09-18 02:00:00,0.0,0.0,0.0,2.147091,3.4
2022-09-18 03:00:00,0.0,0.0,0.0,2.4010415,4.6
2022-09-18 04:00:00,0.0,0.0,0.0,2.4839485,5.3
2022-09-18 05:00:00,0.0,0.0,0.0,2.653771,5.7
2022-09-18 06:00:00,0.0,0.0,0.0,3.0761178,6.3
2022-09-18 07:00:00,0.0,0.0,0.0,3.08099,7.4
2022-09-18 08:00:00,0.0,0.0,0.0,2.6953664,6.7
2022-09-18 09:00:00,0.0,0.0,0.0,2.3430748,6.1
2022-09-18 10:00:00,0.0,0.0,0.0,2.6706738,5.5
2022-09-18 11:00:00,0.0,0.0,0.0,2.4703238,4.8
2022-09-18 12:00:00,0.0,0.0,0.0,1.2806249,2.5
2022-09-18 13:00:00,0.0,0.0,0.0,1.85,2.7
2022-09-18 14:00:00,0.0,0.0,0.0,2.45204,3.6
2022-09-18 15:00:00,0.0,0.0,0.0,2.1965883,3.8
2022-09-18 16:00:00,0.0,0.0,0.0,2.2847319,3.8
2022-09-18 17:00:00,0.0,0.0,0.0,2.5553863,4.1
2022-09-18 18:00:00,0.0,0.0,0.0,2.4413111,3.8
2022-09-18 19:00:00,0.0,0.0,0.0,2.2343903,3.7
2022-09-18 20:00:00,0.0,0.0,0.0,2.1569655,3.7
2022-09-18 21:00:00,0.0,0.0,0.0,2.2410934,3.6
2022-09-18 22:00:00,0.0,0.0,0.0,2.3584952,3.7
2022-09-18 23:00:00,0.0,0.0,0.0,2.4869661,3.7
2022-09-19 00:00:00,0.0,0.0,0.0,2.4698176,3.7
2022-09-19 01:00:00,0.0,0.0,0.0,2.5124688,3.3
2022-09-19 02:00:00,0.0,0.0,0.0,1.6124516,2.7
2022-09-19 03:00:00,0.0,0.0,0.0,1.7,3.4
2022-09-19 04:00:00,0.0,0.0,0.0,1.3124405,3.6
2022-09-19 05:00:00,0.0,0.0,0.0,1.1510864,3.8
2022-09-19 06:00:00,0.0,0.0,0.0,0.9055385,4.0
2022-09-19 07:00:00,0.0,0.0,0.0,0.9013878,4.3
2022-09-19 08:00:00,0.0,0.0,0.0,0.85146934,4.2
2022-09-19 09:00:00,0.0,0.0,0.0,0.559017,3.7
2022-09-19 10:00:00,0.0,0.0,0.0,0.22360681,3.1
2022-09-19 11:00:00,0.0,0.0,0.0,0.36400548,2.8
2022-09-19 12:00:00,0.0,0.0,0.0,0.9124143,1.2
2022-09-19 13:00:00,0.0,0.0,0.0,1.1,1.3
2022-09-19 14:00:00,0.0,0.0,0.0,1.0735455,1.2
2022-09-19 15:00:00,0.0,0.0,0.0,1.192686,1.3
2022-09-19 16:00:00,0.0,0.0,0.0,1.35,1.3
2022-09-19 17:00:00,0.0,0.0,0.0,1.6155494,1.7
2022-09-19 18:00:00,0.0,0.0,0.0,1.9912307,2.4
2022-09-19 19:00:00,0.0,0.0,0.0,2.1400933,2.8
2022-09-19 20:00:00,0.0,0.0,0.0,2.1023796,2.7
2022-09-19 21:00:00,0.0,0.0,0.0,1.7951323,2.3
2022-09-19 22:00:00,0.0,0.0,0.0,0.9656604,1.8
2022-09-19 23:00:00,0.0,0.0,0.0,1.0124228,1.4
2022-09-20 00:00:00,0.0,0.0,0.0,1.45,1.4
2022-09-20 01:00:00,0.0,0.0,0.0,1.7902514,1.6
2022-09-20 02:00:00,0.0,0.0,0.0,1.5231546,1.9
2022-09-20 03:00:00,0.0,0.0,0.0,1.4866068,2.9
2022-09-20 04:00:00,0.0,0.0,0.0,0.9192388,2.9
2022-09-20 05:00:00,0.0,0.0,0.0,0.8544004,3.2
2022-09-20 06:00:00,0.0,0.0,0.0,0.85146934,3.6
2022-09-20 07:00:00,0.0,0.0,0.0,0.9013878,4.2
2022-09-20 08:00:00,0.0,0.0,0.0,0.9552486,4.2
2022-09-20 09:00:00,0.0,0.0,0.0,1.2806249,4.5
2022-09-20 10:00:00,0.0,0.0,0.0,1.8027756,4.5
2022-09-20 11:00:00,0.0,0.0,0.0,1.970406,4.0
2022-09-20 12:00:00,0.0,0.0,0.0,1.4159802,1.8
2022-09-20 13:00:00,0.0,0.0,0.0,2.5164459,3.0
2022-09-20 14:00:00,0.0,0.0,0.0,2.2627418,3.4
2022-09-20 15:00:00,0.0,0.0,0.0,2.1029742,3.4
2022-09-20 16:00:00,0.0,0.0,0.0,2.1100948,3.3
2022-09-20 17:00:00,0.0,0.0,0.0,2.1523244,3.3
2022-09-20 18:00:00,0.0,0.0,0.0,2.3005433,3.3
2022-09-20 19:00:00,0.0,0.0,0.0,2.3,3.0
2022-09-20 20:00:00,0.0,0.0,0.0,2.000625,2.7
2022-09-20 21:00:00,0.0,0.0,0.0,1.972942,2.6
2022-09-20 22:00:00,0.0,0.0,0.0,1.9319679,2.6
2022-09-20 23:00:00,0.0,0.0,0.0,1.746425,2.5
2022-09-21 00:00:00,0.0,0.0,0.0,1.6286497,2.5
2022-09-21 01:00:00,0.0,0.0,0.0,1.443087,2.3
2022-09-21 02:00:00,0.0,0.0,0.0,0.85146934,1.6
2022-09-21 03:00:00,0.0,0.0,0.0,0.7433034,2.4
2022-09-21 04:00:00,0.0,0.0,0.0,0.56568545,2.8
2022-09-21 05:00:00,0.0,0.0,0.0,0.9013878,3.5
2022-09-21 06:00:00,0.0,0.0,0.0,1.2041595,4.3
2022-09-21 07:00:00,0.0,0.0,0.0,1.5652475,5.3
2022-09-21 08:00:00,0.0,0.0,0.0,1.811077,5.6
2022-09-21 09:00:00,0.0,0.0,0.0,1.85,5.5
2022-09-21 10:00:00,0.0,0.0,0.0,2.109502,5.0
2022-09-21 11:00:00,0.0,0.0,0.0,2.0,4.4
2022-09-21 12:00:00,0.0,0.0,0.0,1.3756815,2.3
2022-09-21 13:00:00,0.0,0.0,0.0,2.3032584,3.1
2022-09-21 14:00:00,0.0,0.0,0.0,2.2472203,3.4
2022-09-21 15:00:00,0.0,0.0,0.0,1.990603,3.3
2022-09-21 16:00:00,0.0,0.0,0.0,2.0024984,3.3
2022-09-21 17:00:00,0.0,0.0,0.0,2.0155644,3.3
2022-09-21 18:00:00,0.0,0.0,0.0,2.2945588,3.3
2022-09-21 19:00:00,0.0,0.0,0.0,2.3436084,3.2
2022-09-21 20:00:00,0.0,0.0,0.0,2.2276669,2.8
2022-09-21 21:00:00,0.0,0.0,0.0,1.972942,2.5
2022-09-21 22:00:00,0.0,0.0,0.0,1.8062391,2.3
2022-09-21 23:00:00,0.0,0.0,0.0,1.5297059,2.0
2022-09-22 00:00:00,0.0,0.0,0.0,1.431782,2.0
2022-09-22 01:00:00,0.0,0.0,0.0,1.4008926,2.3
2022-09-22 02:00:00,0.0,0.0,0.0,1.1510864,2.0
2022-09-22 03:00:00,0.0,0.0,0.0,1.4326549,3.2
2022-09-22 04:00:00,0.0,0.0,0.0,0.7615773,3.0
2022-09-22 05:00:00,0.0,0.0,0.0,0.7017834,3.5
2022-09-22 06:00:00,0.0,0.0,0.0,0.60827625,3.9
2022-09-22 07:00:00,0.0,0.0,0.0,0.5830952,4.0
2022-09-22 08:00:00,0.0,0.0,0.0,0.38078865,3.9
2022-09-22 09:00:00,0.0,0.0,0.0,0.30413812,3.6
2022-09-22 10:00:00,0.0,0.0,0.0,0.7433034,4.0
2022-09-22 11:00:00,0.0,0.0,0.0,1.5206907,4.5
2022-09-22 12:00:00,0.0,0.0,0.0,1.5074813,3.6
2022-09-22 13:00:00,0.0,0.0,0.0,1.9525625,3.2
2022-09-22 14:00:00,0.0,0.0,0.0,2.267708,3.5
2022-09-22 15:00:00,0.0,0.0,0.0,2.316247,3.4
2022-09-22 16:00:00,0.0,0.0,0.0,2.274313,3.1
2022-09-22 17:00:00,0.0,0.0,0.0,2.158703,3.0
2022-09-22 18:00:00,0.0,0.0,0.0,2.0155644,3.0
2022-09-22 19:00:00,0.0,0.0,0.0,1.95,2.7
2022-09-22 20:00:00,0.0,0.0,0.0,1.8172781,2.6
2022-09-22 21:00:00,0.0,0.0,0.0,1.4916434,2.3
2022-09-22 22:00:00,0.0,0.0,0.0,1.118034,2.2
2022-09-22 23:00:00,0.0,0.0,0.0,1.3453624,2.3
2022-09-23 00:00:00,0.0,0.0,0.0,1.5532224,2.7
2022-09-23 01:00:00,0.0,0.0,0.0,1.6552945,2.8
2022-09-23 02:00:00,0.0,0.0,0.0,1.5660459,2.5
2022-09-23 03:00:00,0.0,0.0,0.0,1.767767,3.7
2022-09-23 04:00:00,0.0,0.0,0.0,1.2539936,3.8
2022-09-23 05:00:00,0.0,0.0,0.0,1.1236101,4.2
2022-09-23 06:00:00,0.0,0.0,0.0,1.029563,4.4
2022-09-23 07:00:00,0.0,0.0,0.0,0.93941474,4.4
2022-09-23 08:00:00,0.0,0.0,0.0,0.7905694,4.2
2022-09-23 09:00:00,0.0,0.0,0.0,0.9013878,4.2
2022-09-23 10:00:00,0.0,0.0,0.0,1.430035,4.0
2022-09-23 11:00:00,0.0,0.0,0.0,1.4866068,3.6
2022-09-23 12:00:00,0.0,0.0,0.0,1.4422206,1.5
2022-09-23 13:00:00,0.0,0.0,0.0,2.285279,2.9
2022-09-23 14:00:00,0.0,0.0,0.0,2.1708295,3.4
2022-09-23 15:00:00,0.0,0.0,0.0,2.3648467,4.3
2022-09-23 16:00:00,0.0,0.0,0.0,2.8231187,5.2
2022-09-23 17:00:00,0.0,0.0,0.0,3.175689,5.6
2022-09-23 18:00:00,0.0,0.0,0.0,3.2927952,5.6
2022-09-23 19:00:00,0.0,0.0,0.0,3.1851218,5.4
2022-09-23 20:00:00,0.0,0.0,0.0,3.040148,5.1
2022-09-23 21:00:00,0.0,0.0,0.0,2.8217902,4.7
2022-09-23 22:00:00,0.0,0.0,0.0,2.6856098,4.6
2022-09-23 23:00:00,0.0,0.0,0.0,2.5632012,4.3
2022-09-24 00:00:00,0.0,0.0,0.0,2.2321515,3.9
2022-09-24 01:00:00,0.0,0.0,0.0,2.0886598,3.6
2022-09-24 02:00:00,0.0,0.0,0.0,2.1213202,3.7
2022-09-24 03:00:00,0.0,0.0,0.0,2.4046829,4.7
2022-09-24 04:00:00,0.0,0.0,0.0,2.2549944,5.4
2022-09-24 05:00:00,0.0,0.0,0.0,2.376973,6.0
2022-09-24 06:00:00,0.0,0.0,0.0,2.4698179,6.5
2022-09-24 07:00:00,0.0,0.0,0.0,2.753634,7.0
2022-09-24 08:00:00,0.0,0.0,0.0,3.355965,8.0
2022-09-24 09:00:00,0.0,0.0,0.0,3.3425288,7.7
2022-09-24 10:00:00,0.0,0.0,0.0,3.1340866,6.7
2022-09-24 11:00:00,0.0,0.0,0.0,2.8814058,5.5
2022-09-24 12:00:00,0.0,0.0,0.0,1.5402921,1.9
2022-09-24 13:00:00,0.0,0.0,0.0,2.6100767,3.2
2022-09-24 14:00:00,0.0,0.0,0.0,2.6119914,3.7
2022-09-24 15:00:00,0.0,0.0,0.0,2.3584952,3.7
2022-09-24 16:00:00,0.0,0.0,0.0,2.304886,3.7
2022-09-24 17:00:00,0.0,0.0,0.0,2.3717082,3.8
2022-09-24 18:00:00,0.0,0.0,0.0,2.3711812,3.8
2022-09-24 19:00:00,0.0,0.0,0.0,2.3259406,3.7
2022-09-24 20:00:00,0.0,0.0,0.0,2.3478713,3.7
2022-09-24 21:00:00,0.0,0.0,0.0,2.4824383,3.9
2022-09-24 22:00:00,0.0,0.0,0.0,2.710166,4.2
2022-09-24 23:00:00,0.0,0.0,0.0,2.607681,4.2
2022-09-25 00:00:00,0.0,0.0,0.0,2.4869661,4.0
2022-09-25 01:00:00,0.0,0.0,0.0,2.540177,4.0
2022-09-25 02:00:00,0.0,0.0,0.0,2.86007,4.5
2022-09-25 03:00:00,0.0,0.0,0.0,3.1144822,5.5
2022-09-25 04:00:00,0.0,0.0,0.0,2.9449108,6.3
2022-09-25 05:00:00,0.0,0.0,0.0,3.175689,7.1
2022-09-25 06:00:00,0.0,0.0,0.0,3.3977935,7.6
2022-09-25 07:00:00,0.0,0.0,0.0,3.764638,8.4
2022-09-25 08:00:00,0.0,0.0,0.0,4.4070964,9.4
2022-09-25 09:00:00,0.0,0.0,0.0,5.144171,10.6
2022-09-25 10:00:00,0.0,0.0,0.0,5.2768364,10.1
2022-09-25 11:00:00,0.0,0.0,0.0,4.3931766,8.1
2022-09-25 12:00:00,0.0,0.0,0.0,2.2135942,3.4
2022-09-25 13:00:00,0.0,0.0,0.0,2.274313,3.6
2022-09-25 14:00:00,0.0,0.0,0.0,2.381701,3.6
2022-09-25 15:00:00,0.0,0.0,0.0,2.5739074,4.2
2022-09-25 16:00:00,0.0,0.0,0.0,3.324154,4.8
2022-09-25 17:00:00,0.0,0.0,0.0,3.604511,5.6
2022-09-25 18:00:00,0.0,0.0,0.0,2.8853076,6.0
2022-09-25 19:00:00,0.0,0.0,0.0,1.1101801,3.9
2022-09-25 20:00:00,0.0,0.0,0.0,0.3905125,3.3
2022-09-25 21:00:00,0.0,0.0,0.0,0.45276925,4.1
2022-09-25 22:00:00,0.0,0.0,0.0,1.4603082,3.6
2022-09-25 23:00:00,0.0,0.0,0.0,1.0965856,3.9
2022-09-26 00:00:00,0.0,0.0,0.0,2.0,4.4
2022-09-26 01:00:00,0.0,0.0,0.0,4.0512342,8.4
2022-09-26 02:00:00,0.0,0.0,0.0,4.457858,7.5
2022-09-26 03:00:00,0.0,0.0,0.0,3.203904,6.9
2022-09-26 04:00:00,0.0,0.0,0.0,3.5514083,7.6
2022-09-26 05:00:00,0.0,0.0,0.0,2.441823,8.5
2022-09-26 06:00:00,0.0,0.0,0.0,2.8853076,7.3
2022-09-26 07:00:00,0.0,0.0,0.0,4.956309,11.2
2022-09-26 08:00:00,0.0,0.0,0.0,7.2780495,14.5
2022-09-26 09:00:00,0.0,0.0,0.0,7.2043386,13.9
2022-09-26 10:00:00,0.0,0.0,0.0,7.208502,13.1
2022-09-26 11:00:00,0.0,0.0,0.0,6.7150946,12.3
2022-09-26 12:00:00,0.0,0.0,0.0,6.2597923,10.8
2022-09-26 13:00:00,0.0,0.0,0.0,5.05099,8.1
2022-09-26 14:00:00,0.0,0.0,0.0,4.6002717,7.7
2022-09-26 15:00:00,0.0,0.0,0.0,4.500278,7.4
2022-09-26 16:00:00,0.0,0.0,0.0,4.656716,7.6
2022-09-26 17:00:00,0.0,0.0,0.0,4.4045434,7.6
2022-09-26 18:00:00,0.0,0.0,0.0,4.4002843,7.4
2022-09-26 19:00:00,0.0,0.0,0.0,4.418144,7.7
2022-09-26 20:00:00,0.0,0.0,0.0,4.6035314,8.0
2022-09-26 21:00:00,0.0,0.0,0.0,4.638157,8.5
2022-09-26 22:00:00,0.0,0.0,0.0,4.6089587,9.4
2022-09-26 23:00:00,0.0,0.0,0.0,5.0289164,9.1
2022-09-27 00:00:00,0.1,0.1,0.0,5.0916595,9.2
2022-09-27 01:00:00,0.0,0.0,0.0,5.109061,8.9
2022-09-27 02:00:00,0.0,0.0,0.0,5.2737556,9.6
2022-09-27 03:00:00,0.1,0.1,0.0,5.2325897,10.9
2022-09-27 04:00:00,0.2,0.2,0.0,5.727128,10.6
2022-09-27 05:00:00,0.3,0.3,0.0,6.865857,11.5
2022-09-27 06:00:00,0.3,0.3,0.0,5.6307197,13.1
2022-09-27 07:00:00,0.3,0.3,0.0,6.3017855,11.1
2022-09-27 08:00:00,0.2,0.2,0.0,5.85,11.9
2022-09-27 09:00:00,0.1,0.1,0.0,5.5145264,10.7
2022-09-27 10:00:00,0.1,0.1,0.0,5.2974052,10.5
2022-09-27 11:00:00,0.0,0.0,0.0,4.366062,9.2
2022-09-27 12:00:00,0.0,0.0,0.0,4.3522983,9.1
2022-09-27 13:00:00,0.0,0.0,0.0,4.354595,8.9
2022-09-27 14:00:00,0.0,0.0,0.0,4.5617976,9.0
2022-09-27 15:00:00,0.0,0.0,0.0,4.570832,8.8
2022-09-27 16:00:00,0.0,0.0,0.0,4.464303,8.5
2022-09-27 17:00:00,0.0,0.0,0.0,4.4263415,8.3
2022-09-27 18:00:00,0.0,0.0,0.0,4.4511237,8.3
2022-09-27 19:00:00,0.0,0.0,0.0,4.464303,8.3
2022-09-27 20:00:00,0.0,0.0,0.0,4.306391,8.3
2022-09-27 21:00:00,0.0,0.0,0.0,4.0660176,7.9
2022-09-27 22:00:00,0.0,0.0,0.0,4.531004,7.8
2022-09-27 23:00:00,0.0,0.0,0.0,4.537896,7.8
2022-09-28 00:00:00,0.0,0.0,0.0,4.379783,7.8
2022-09-28 01:00:00,0.0,0.0,0.0,4.1785164,7.8
2022-09-28 02:00:00,0.0,0.0,0.0,4.0770698,7.8
2022-09-28 03:00:00,0.0,0.0,0.0,3.8694315,7.7
2022-09-28 04:00:00,0.0,0.0,0.0,3.7215588,7.6
2022-09-28 05:00:00,0.0,0.0,0.0,3.6211185,7.4
2022-09-28 06:00:00,0.0,0.0,0.0,3.6830695,7.3
2022-09-28 07:00:00,0.0,0.0,0.0,3.6062446,7.8
2022-09-28 08:00:00,0.0,0.0,0.0,3.541892,7.8
2022-09-28 09:00:00,0.0,0.0,0.0,3.7326264,8.1
2022-09-28 10:00:00,0.0,0.0,0.0,4.2898135,8.0
2022-09-28 11:00:00,0.0,0.0,0.0,3.9755502,8.1
2022-09-28 12:00:00,0.0,0.0,0.0,3.9121606,8.3
2022-09-28 13:00:00,0.0,0.0,0.0,4.2074337,7.6
2022-09-28 14:00:00,0.0,0.0,0.0,4.0401115,7.0
2022-09-28 15:00:00,0.0,0.0,0.0,3.764638,7.0
2022-09-28 16:00:00,0.0,0.0,0.0,3.510698,6.7
2022-09-28 17:00:00,0.0,0.0,0.0,3.3154938,6.4
2022-09-28 18:00:00,0.0,0.0,0.0,3.0923293,5.7
2022-09-28 19:00:00,0.0,0.0,0.0,2.9753153,4.9
2022-09-28 20:00:00,0.0,0.0,0.0,2.7784889,4.7
2022-09-28 21:00:00,0.0,0.0,0.0,2.6215453,4.6
2022-09-28 22:00:00,0.0,0.0,0.0,2.680019,4.3
2022-09-28 23:00:00,0.0,0.0,0.0,2.5612497,4.0
2022-09-29 00:00:00,0.0,0.0,0.0,2.3753946,3.9
2022-09-29 01:00:00,0.0,0.0,0.0,2.311385,3.6
2022-09-29 02:00:00,0.0,0.0,0.0,3.2962098,4.4
2022-09-29 03:00:00,0.0,0.0,0.0,2.8969812,6.3
2022-09-29 04:00:00,0.0,0.0,0.0,2.7212129,6.3
2022-09-29 05:00:00,0.0,0.0,0.0,2.6277368,6.0
2022-09-29 06:00:00,0.0,0.0,0.0,2.4596748,5.9
2022-09-29 07:00:00,0.0,0.0,0.0,2.316247,6.4
2022-09-29 08:00:00,0.0,0.0,0.0,2.381701,6.5
2022-09-29 09:00:00,0.0,0.0,0.0,2.5612497,6.6
2022-09-29 10:00:00,0.0,0.0,0.0,3.026962,6.6
2022-09-29 11:00:00,0.0,0.0,0.0,3.0186918,6.6
2022-09-29 12:00:00,0.0,0.0,0.0,2.9436371,6.3
2022-09-29 13:00:00,0.0,0.0,0.0,2.8146937,5.6
2022-09-29 14:00:00,0.0,0.0,0.0,2.7504544,5.5
2022-09-29 15:00:00,0.0,0.0,0.0,2.6172504,5.1
2022-09-29 16:00:00,0.0,0.0,0.0,2.5223997,5.3
2022-09-29 17:00:00,0.0,0.0,0.0,2.4351592,4.9
2022-09-29 18:00:00,0.0,0.0,0.0,1.85,3.7
2022-09-29 19:00:00,0.0,0.0,0.0,1.662077,3.1
2022-09-29 20:00:00,0.0,0.0,0.0,1.8117672,3.0
2022-09-29 21:00:00,0.0,0.0,0.0,1.6643317,2.9
2022-09-29 22:00:00,0.0,0.0,0.0,1.3462912,2.9
2022-09-29 23:00:00,0.0,0.0,0.0,1.6155494,3.0
2022-09-30 00:00:00,0.0,0.0,0.0,1.9241881,3.6
2022-09-30 01:00:00,0.0,0.0,0.0,2.1476731,3.6
2022-09-30 02:00:00,0.0,0.0,0.0,2.3926973,4.0
2022-09-30 03:00:00,0.0,0.0,0.0,2.5942245,5.9
2022-09-30 04:00:00,0.0,0.0,0.0,2.753634,6.7
2022-09-30 05:00:00,0.0,0.0,0.0,2.8017852,7.1
2022-09-30 06:00:00,0.0,0.0,0.0,2.7280946,7.1
2022-09-30 07:00:00,0.0,0.0,0.0,2.4397748,6.3
2022-09-30 08:00:00,0.0,0.0,0.0,2.2276669,5.8
2022-09-30 09:00:00,0.0,0.0,0.0,2.0180438,5.4
2022-09-30 10:00:00,0.0,0.0,0.0,2.2343903,5.4
2022-09-30 11:00:00,0.0,0.0,0.0,2.2022715,5.2
2022-09-30 12:00:00,0.0,0.0,0.0,2.2410934,5.1
2022-09-30 13:00:00,0.0,0.0,0.0,2.3753946,4.6
2022-09-30 14:00:00,0.0,0.0,0.0,2.4397748,4.1
2022-09-30 15:00:00,0.0,0.0,0.0,2.2671568,4.0
2022-09-30 16:00:00,0.0,0.0,0.0,2.0615528,4.1
2022-09-30 17:00:00,0.0,0.0,0.0,2.4869661,3.6
2022-09-30 18:00:00,0.0,0.0,0.0,2.2594247,4.0
2022-09-30 19:00:00,0.0,0.0,0.0,2.2135942,3.1
2022-09-30 20:00:00,0.0,0.0,0.0,2.285279,2.9
2022-09-30 21:00:00,0.0,0.0,0.0,2.0524375,3.0
2022-09-30 22:00:00,0.0,0.0,0.0,1.431782,2.3
2022-09-30 23:00:00,0.0,0.0,0.0,1.0977249,2.2
2022-10-01 00:00:00,0.0,0.0,0.0,0.9708244,2.0
2022-10-01 01:00:00,0.0,0.0,0.0,1.0547512,2.0
2022-10-01 02:00:00,0.0,0.0,0.0,1.3892444,2.3
2022-10-01 03:00:00,0.0,0.0,0.0,1.4916434,4.0
2022-10-01 04:00:00,0.0,0.0,0.0,1.4534442,4.7
2022-10-01 05:00:00,0.0,0.0,0.0,1.4317821,5.2
2022-10-01 06:00:00,0.0,0.0,0.0,1.3829317,5.5
2022-10-01 07:00:00,0.0,0.0,0.0,1.3238201,4.9
2022-10-01 08:00:00,0.0,0.0,0.0,1.3238201,4.9
2022-10-01 09:00:00,0.0,0.0,0.0,1.4221463,5.0
2022-10-01 10:00:00,0.0,0.0,0.0,1.5508063,4.9
2022-10-01 11:00:00,0.0,0.0,0.0,1.6101242,4.5
2022-10-01 12:00:00,0.0,0.0,0.0,1.3928387,2.7
2022-10-01 13:00:00,0.0,0.0,0.0,1.8927494,2.5
2022-10-01 14:00:00,0.0,0.0,0.0,2.3070545,3.2
2022-10-01 15:00:00,0.0,0.0,0.0,2.1272047,3.5
2022-10-01 16:00:00,0.0,0.0,0.0,1.7923448,3.4
2022-10-01 17:00:00,0.0,0.0,0.0,1.9811614,3.5
2022-10-01 18:00:00,0.0,0.0,0.0,2.2,3.9
2022-10-01 19:00:00,0.0,0.0,0.0,2.1552262,3.6
2022-10-01 20:00:00,0.0,0.0,0.0,2.0524375,3.6
2022-10-01 21:00:00,0.0,0.0,0.0,2.100595,3.6
2022-10-01 22:00:00,0.0,0.0,0.0,1.9059118,3.7
2022-10-01 23:00:00,0.0,0.0,0.0,1.9104973,3.7
2022-10-02 00:00:00,0.0,0.0,0.0,2.0155644,3.7
2022-10-02 01:00:00,0.0,0.0,0.0,1.972942,3.6
2022-10-02 02:00:00,0.0,0.0,0.0,2.1965883,3.6
2022-10-02 03:00:00,0.0,0.0,0.0,2.4824383,4.7
2022-10-02 04:00:00,0.0,0.0,0.0,2.3,5.6
2022-10-02 05:00:00,0.0,0.0,0.0,2.3194828,6.1
2022-10-02 06:00:00,0.0,0.0,0.0,2.3648467,6.5
2022-10-02 07:00:00,0.0,0.0,0.0,2.5632012,6.6
2022-10-02 08:00:00,0.0,0.0,0.0,2.9261749,7.0
2022-10-02 09:00:00,0.0,0.0,0.0,2.7721834,6.6
2022-10-02 10:00:00,0.0,0.0,0.0,2.6004808,5.9
2022-10-02 11:00:00,0.0,0.0,0.0,2.0353131,4.6
2022-10-02 12:00:00,0.0,0.0,0.0,2.0506096,3.0
2022-10-02 13:00:00,0.0,0.0,0.0,2.2203605,3.9
2022-10-02 14:00:00,0.0,0.0,0.0,2.7073975,4.6
2022-10-02 15:00:00,0.0,0.0,0.0,3.156343,5.4
2022-10-02 16:00:00,0.0,0.0,0.0,3.3734255,5.7
2022-10-02 17:00:00,0.0,0.0,0.0,3.4154062,5.5
2022-10-02 18:00:00,0.0,0.0,0.0,3.2422986,5.2
2022-10-02 19:00:00,0.0,0.0,0.0,3.051639,5.1
2022-10-02 20:00:00,0.0,0.0,0.0,2.886174,4.9
2022-10-02 21:00:00,0.0,0.0,0.0,2.912473,4.9
2022-10-02 22:00:00,0.0,0.0,0.0,2.7554493,4.7
2022-10-02 23:00:00,0.0,0.0,0.0,2.630589,4.5
2022-10-03 00:00:00,0.0,0.0,0.0,2.6119914,4.3
2022-10-03 01:00:00,0.0,0.0,0.0,2.6019223,4.2
2022-10-03 02:00:00,0.0,0.0,0.0,2.754088,4.4
2022-10-03 03:00:00,0.0,0.0,0.0,3.309456,5.5
2022-10-03 04:00:00,0.0,0.0,0.0,3.0504098,6.2
2022-10-03 05:00:00,0.0,0.0,0.0,3.251538,7.2
2022-10-03 06:00:00,0.0,0.0,0.0,4.2005954,9.0
2022-10-03 07:00:00,0.0,0.0,0.0,4.318565,9.4
2022-10-03 08:00:00,0.0,0.0,0.0,4.3072615,9.4
2022-10-03 09:00:00,0.0,0.0,0.0,4.2854404,9.3
2022-10-03 10:00:00,0.0,0.0,0.0,4.682414,9.0
2022-10-03 11:00:00,0.0,0.0,0.0,4.4141817,8.3
2022-10-03 12:00:00,0.0,0.0,0.0,3.2901368,5.7
2022-10-03 13:00:00,0.0,0.0,0.0,2.9154758,4.6
2022-10-03 14:00:00,0.0,0.0,0.0,3.1016126,4.9
2022-10-03 15:00:00,0.0,0.0,0.0,3.2422986,5.1
2022-10-03 16:00:00,0.0,0.0,0.0,3.129297,4.9
2022-10-03 17:00:00,0.0,0.0,0.0,3.0008333,4.6
2022-10-03 18:00:00,0.0,0.0,0.0,2.7372432,4.1
2022-10-03 19:00:00,0.0,0.0,0.0,2.4738634,4.1
2022-10-03 20:00:00,0.0,0.0,0.0,2.2472203,3.7
2022-10-03 21:00:00,0.0,0.0,0.0,2.1931713,3.7
2022-10-03 22:00:00,0.0,0.0,0.0,2.1272047,3.6
2022-10-03 23:00:00,0.0,0.0,0.0,2.1100948,3.6
2022-10-04 00:00:00,0.0,0.0,0.0,2.2410934,3.6
2022-10-04 01:00:00,0.0,0.0,0.0,2.25,3.5
2022-10-04 02:00:00,0.0,0.0,0.0,2.4545875,3.8
2022-10-04 03:00:00,0.0,0.0,0.0,2.8429737,4.7
2022-10-04 04:00:00,0.0,0.0,0.0,2.2299101,4.9
2022-10-04 05:00:00,0.0,0.0,0.0,2.2147236,5.3
2022-10-04 06:00:00,0.0,0.0,0.0,2.4166093,5.7
2022-10-04 07:00:00,0.0,0.0,0.0,2.2610838,6.1
2022-10-04 08:00:00,0.0,0.0,0.0,1.7720045,5.4
2022-10-04 09:00:00,0.0,0.0,0.0,1.3946326,4.6
2022-10-04 10:00:00,0.0,0.0,0.0,1.1853269,3.9
2022-10-04 11:00:00,0.0,0.0,0.0,1.1401755,3.2
2022-10-04 12:00:00,0.0,0.0,0.0,1.662077,1.8
2022-10-04 13:00:00,0.0,0.0,0.0,1.9006578,2.1
2022-10-04 14:00:00,0.0,0.0,0.0,2.1360009,2.8
2022-10-04 15:00:00,0.0,0.0,0.0,2.0554805,2.5
2022-10-04 16:00:00,0.0,0.0,0.0,0.9552486,1.5
2022-10-04 17:00:00,0.0,0.0,0.0,0.47434163,1.3
2022-10-04 18:00:00,0.0,0.0,0.0,0.89442724,1.7
2022-10-04 19:00:00,0.0,0.0,0.0,1.372953,2.1
2022-10-04 20:00:00,0.0,0.0,0.0,1.9039433,2.5
2022-10-04 21:00:00,0.0,0.0,0.0,1.5443445,2.4
2022-10-04 22:00:00,0.0,0.0,0.0,1.6552945,2.3
2022-10-04 23:00:00,0.0,0.0,0.0,1.7734147,2.6
2022-10-05 00:00:00,0.0,0.0,0.0,2.0260801,2.9
2022-10-05 01:00:00,0.0,0.0,0.0,2.214159,3.1
2022-10-05 02:00:00,0.0,0.0,0.0,2.4020824,3.4
2022-10-05 03:00:00,0.0,0.0,0.0,2.7166157,4.4
2022-10-05 04:00:00,0.0,0.0,0.0,2.1868927,4.8
2022-10-05 05:00:00,0.0,0.0,0.0,2.1982946,5.5
2022-10-05 06:00:00,0.0,0.0,0.0,2.423324,6.3
2022-10-05 07:00:00,0.0,0.0,0.0,2.6617663,6.6
2022-10-05 08:00:00,0.0,0.0,0.0,2.6767519,6.6
2022-10-05 09:00:00,0.0,0.0,0.0,2.5806975,6.2
2022-10-05 10:00:00,0.0,0.0,0.0,2.4698176,5.5
2022-10-05 11:00:00,0.0,0.0,0.0,1.9455076,3.9
2022-10-05 12:00:00,0.0,0.0,0.0,1.8668154,2.8
2022-10-05 13:00:00,0.0,0.0,0.0,2.2472203,3.7
2022-10-05 14:00:00,0.0,0.0,0.0,2.1360009,3.6
2022-10-05 15:00:00,0.0,0.0,0.0,2.8714106,2.9
2022-10-05 16:00:00,0.0,0.0,0.0,2.6000001,2.9
2022-10-05 17:00:00,0.0,0.0,0.0,2.1783023,2.6
2022-10-05 18:00:00,0.0,0.0,0.0,1.8553975,2.6
2022-10-05 19:00:00,0.0,0.0,0.0,2.302173,2.7
2022-10-05 20:00:00,0.0,0.0,0.0,2.3194828,2.7
2022-10-05 21:00:00,0.0,0.0,0.0,2.3632603,2.7
2022-10-05 22:00:00,0.0,0.0,0.0,2.441823,3.0
2022-10-05 23:00:00,0.0,0.0,0.0,2.1029742,2.9
2022-10-06 00:00:00,0.0,0.0,0.0,2.0408332,3.0
2022-10-06 01:00:00,0.0,0.0,0.0,2.1476731,3.2
2022-10-06 02:00:00,0.0,0.0,0.0,2.207374,2.9
2022-10-06 03:00:00,0.0,0.0,0.0,1.7334936,3.0
2022-10-06 04:00:00,0.0,0.0,0.0,1.5116217,3.5
2022-10-06 05:00:00,0.0,0.0,0.0,1.5206907,4.7
2022-10-06 06:00:00,0.0,0.0,0.0,1.882153,6.0
2022-10-06 07:00:00,0.0,0.0,0.0,2.6172504,6.5
2022-10-06 08:00:00,0.0,0.0,0.0,2.7244265,6.8
2022-10-06 09:00:00,0.0,0.0,0.0,2.1639085,6.3
2022-10-06 10:00:00,0.0,0.0,0.0,2.505993,5.7
2022-10-06 11:00:00,0.0,0.0,0.0,2.0408332,4.8
2022-10-06 12:00:00,0.0,0.0,0.0,1.9137658,3.3
2022-10-06 13:00:00,0.0,0.0,0.0,2.2770596,4.1
2022-10-06 14:00:00,0.0,0.0,0.0,2.316247,4.5
2022-10-06 15:00:00,0.0,0.0,0.0,2.3690715,4.6
2022-10-06 16:00:00,0.0,0.0,0.0,2.5005,4.6
2022-10-06 17:00:00,0.0,0.0,0.0,2.7518177,4.8
2022-10-06 18:00:00,0.0,0.0,0.0,2.804015,4.9
2022-10-06 19:00:00,0.0,0.0,0.0,2.8017852,4.7
2022-10-06 20:00:00,0.0,0.0,0.0,2.700463,4.5
2022-10-06 21:00:00,0.0,0.0,0.0,2.7504544,4.5
2022-10-06 22:00:00,0.0,0.0,0.0,2.828427,4.6
2022-10-06 23:00:00,0.0,0.0,0.0,2.687936,4.6
2022-10-07 00:00:00,0.0,0.0,0.0,2.6800187,4.5
2022-10-07 01:00:00,0.0,0.0,0.0,2.6172504,4.6
2022-10-07 02:00:00,0.0,0.0,0.0,2.7041636,4.8
2022-10-07 03:00:00,0.0,0.0,0.0,3.0066593,5.6
2022-10-07 04:00:00,0.0,0.0,0.0,3.0016663,6.3
2022-10-07 05:00:00,0.0,0.0,0.0,3.2015622,7.1
2022-10-07 06:00:00,0.0,0.0,0.0,3.4132097,7.7
2022-10-07 07:00:00,0.0,0.0,0.0,3.5850384,8.0
2022-10-07 08:00:00,0.0,0.0,0.0,3.8762095,8.3
2022-10-07 09:00:00,0.0,0.0,0.0,4.160829,8.6
2022-10-07 10:00:00,0.0,0.0,0.0,4.6631536,8.6
2022-10-07 11:00:00,0.0,0.0,0.0,4.1027427,7.0
2022-10-07 12:00:00,0.0,0.0,0.0,3.6503425,6.1
2022-10-07 13:00:00,0.0,0.0,0.0,3.3800886,5.6
2022-10-07 14:00:00,0.0,0.0,0.0,3.436568,5.7
2022-10-07 15:00:00,0.0,0.0,0.0,3.60867,6.0
2022-10-07 16:00:00,0.0,0.0,0.0,3.8,6.4
2022-10-07 17:00:00,0.0,0.0,0.0,3.8707232,6.7
2022-10-07 18:00:00,0.0,0.0,0.0,3.6390247,6.7
2022-10-07 19:00:00,0.0,0.0,0.0,3.2893767,5.6
2022-10-07 20:00:00,0.0,0.0,0.0,2.7730849,4.7
2022-10-07 21:00:00,0.0,0.0,0.0,2.3032584,3.8
2022-10-07 22:00:00,0.0,0.0,0.0,1.9039432,3.2
2022-10-07 23:00:00,0.0,0.0,0.0,1.882817,3.1
2022-10-08 00:00:00,0.0,0.0,0.0,1.7507142,3.0
2022-10-08 01:00:00,0.0,0.0,0.0,1.7007352,2.9
2022-10-08 02:00:00,0.0,0.0,0.0,1.6278821,2.7
2022-10-08 03:00:00,0.0,0.0,0.0,1.6710774,3.3
2022-10-08 04:00:00,0.0,0.0,0.0,1.1661904,3.7
2022-10-08 05:00:00,0.0,0.0,0.0,0.94868326,4.1
2022-10-08 06:00:00,0.0,0.0,0.0,1.0111874,5.0
2022-10-08 07:00:00,0.0,0.0,0.0,1.5008332,4.3
2022-10-08 08:00:00,0.0,0.0,0.0,2.100595,5.2
2022-10-08 09:00:00,0.0,0.0,0.0,2.5622256,6.2
2022-10-08 10:00:00,0.0,0.0,0.0,3.0647185,6.5
2022-10-08 11:00:00,0.0,0.0,0.0,2.857009,5.7
2022-10-08 12:00:00,0.0,0.0,0.0,2.3005433,4.2
2022-10-08 13:00:00,0.0,0.0,0.0,2.5079873,4.4
2022-10-08 14:00:00,0.1,0.1,0.0,3.2035139,6.0
2022-10-08 15:00:00,0.0,0.0,0.0,3.7165172,7.0
2022-10-08 16:00:00,0.0,0.0,0.0,3.600347,7.4
2022-10-08 17:00:00,0.1,0.1,0.0,3.3136082,7.0
2022-10-08 18:00:00,0.2,0.2,0.0,3.05,6.4
2022-10-08 19:00:00,0.2,0.2,0.0,3.0149627,5.5
2022-10-08 20:00:00,0.3,0.3,0.0,2.9920728,5.2
2022-10-08 21:00:00,0.2,0.2,0.0,3.1819806,5.7
2022-10-08 22:00:00,0.3,0.3,0.0,3.0004165,5.9
2022-10-08 23:00:00,0.3,0.3,0.0,2.9769952,6.7
2022-10-09 00:00:00,0.3,0.3,0.0,3.677295,7.7
2022-10-09 01:00:00,0.3,0.3,0.0,4.1282563,8.6
2022-10-09 02:00:00,0.2,0.2,0.0,4.3341665,8.6
2022-10-09 03:00:00,0.1,0.1,0.0,4.7320714,8.6
2022-10-09 04:00:00,0.1,0.1,0.0,5.3202443,9.0
2022-10-09 05:00:00,0.1,0.1,0.0,5.061867,9.7
2022-10-09 06:00:00,0.1,0.1,0.0,4.9335585,10.4
2022-10-09 07:00:00,0.1,0.1,0.0,5.2021627,11.2
2022-10-09 08:00:00,0.3,0.3,0.0,5.654423,12.2
2022-10-09 09:00:00,0.7,0.7,0.0,6.3790674,12.5
2022-10-09 10:00:00,0.3,0.3,0.0,6.5400686,11.1
2022-10-09 11:00:00,0.3,0.3,0.0,6.1320877,10.8
2022-10-09 12:00:00,0.1,0.1,0.0,5.1587305,9.5
2022-10-09 13:00:00,0.1,0.1,0.0,4.707707,8.3
2022-10-09 14:00:00,0.0,0.0,0.0,4.2059484,7.8
2022-10-09 15:00:00,0.0,0.0,0.0,3.6912057,6.9
2022-10-09 16:00:00,0.0,0.0,0.0,3.2901368,6.1
2022-10-09 17:00:00,0.0,0.0,0.0,3.132491,5.6
2022-10-09 18:00:00,0.0,0.0,0.0,3.1196954,5.2
2022-10-09 19:00:00,0.0,0.0,0.0,3.026549,5.3
2022-10-09 20:00:00,0.0,0.0,0.0,2.865746,4.9
2022-10-09 21:00:00,0.0,0.0,0.0,2.6518862,4.7
2022-10-09 22:00:00,0.0,0.0,0.0,2.3759208,4.4
2022-10-09 23:00:00,0.0,0.0,0.0,2.438237,4.3
2022-10-10 00:00:00,0.0,0.0,0.0,2.4884734,4.0
2022-10-10 01:00:00,0.0,0.0,0.0,2.5268557,3.9
2022-10-10 02:00:00,0.0,0.0,0.0,2.7189152,4.6
2022-10-10 03:00:00,0.0,0.0,0.0,3.1622775,5.2
2022-10-10 04:00:00,0.0,0.0,0.0,3.0927334,6.2
2022-10-10 05:00:00,0.0,0.0,0.0,3.2802439,7.0
2022-10-10 06:00:00,0.0,0.0,0.0,3.5302265,7.8
2022-10-10 07:00:00,0.0,0.0,0.0,3.8551915,8.4
2022-10-10 08:00:00,0.0,0.0,0.0,4.150301,8.5
2022-10-10 09:00:00,0.0,0.0,0.0,4.392323,9.1
2022-10-10 10:00:00,0.0,0.0,0.0,4.005621,8.9
2022-10-10 11:00:00,0.0,0.0,0.0,3.5598454,7.4
2022-10-10 12:00:00,0.0,0.0,0.0,2.653771,4.9
2022-10-10 13:00:00,0.0,0.0,0.0,2.857009,4.9
2022-10-10 14:00:00,0.0,0.0,0.0,3.026962,5.2
2022-10-10 15:00:00,0.0,0.0,0.0,3.026962,5.2
2022-10-10 16:00:00,0.0,0.0,0.0,3.0528674,5.3
2022-10-10 17:00:00,0.0,0.0,0.0,3.0232434,5.2
2022-10-10 18:00:00,0.0,0.0,0.0,2.9908192,5.2
2022-10-10 19:00:00,0.0,0.0,0.0,2.9774148,5.0
2022-10-10 20:00:00,0.0,0.0,0.0,2.9025853,4.9
2022-10-10 21:00:00,0.0,0.0,0.0,2.828427,4.7
2022-10-10 22:00:00,0.0,0.0,0.0,2.7986603,4.6
2022-10-10 23:00:00,0.0,0.0,0.0,2.8319604,4.6
2022-10-11 00:00:00,0.0,0.0,0.0,2.9774148,4.8
2022-10-11 01:00:00,0.0,0.0,0.0,3.0923293,4.8
2022-10-11 02:00:00,0.0,0.0,0.0,3.1100645,4.9
2022-10-11 03:00:00,0.0,0.0,0.0,3.3286633,5.5
2022-10-11 04:00:00,0.0,0.0,0.0,3.25,6.2
2022-10-11 05:00:00,0.0,0.0,0.0,3.4,7.0
2022-10-11 06:00:00,0.0,0.0,0.0,3.555981,7.6
2022-10-11 07:00:00,0.0,0.0,0.0,3.6235344,8.1
2022-10-11 08:00:00,0.0,0.0,0.0,3.8242645,8.3
2022-10-11 09:00:00,0.0,0.0,0.0,3.985599,8.4
2022-10-11 10:00:00,0.0,0.0,0.0,3.7,7.7
2022-10-11 11:00:00,0.0,0.0,0.0,2.6196375,5.0
2022-10-11 12:00:00,0.0,0.0,0.0,2.0940392,3.1
2022-10-11 13:00:00,0.0,0.0,0.0,2.4005208,3.8
2022-10-11 14:00:00,0.0,0.0,0.0,2.385372,3.7
2022-10-11 15:00:00,0.0,0.0,0.0,2.4964974,3.8
2022-10-11 16:00:00,0.0,0.0,0.0,2.5932605,3.8
2022-10-11 17:00:00,0.0,0.0,0.0,2.530316,3.8
2022-10-11 18:00:00,0.0,0.0,0.0,2.5164459,3.7
2022-10-11 19:00:00,0.0,0.0,0.0,2.5223997,3.7
2022-10-11 20:00:00,0.0,0.0,0.0,2.6925824,3.6
2022-10-11 21:00:00,0.0,0.0,0.0,2.7504544,3.4
2022-10-11 22:00:00,0.0,0.0,0.0,2.6655207,3.0
2022-10-11 23:00:00,0.0,0.0,0.0,2.460183,2.8
2022-10-12 00:00:00,0.0,0.0,0.0,2.350532,3.0
2022-10-12 01:00:00,0.0,0.0,0.0,2.2726636,2.9
2022-10-12 02:00:00,0.0,0.0,0.0,2.1592824,2.8
2022-10-12 03:00:00,0.0,0.0,0.0,1.3793114,2.3
2022-10-12 04:00:00,0.0,0.0,0.0,1.1313709,3.2
2022-10-12 05:00:00,0.0,0.0,0.0,0.88459027,3.4
2022-10-12 06:00:00,0.0,0.0,0.0,0.85,3.6
2022-10-12 07:00:00,0.0,0.0,0.0,0.81394106,3.8
2022-10-12 08:00:00,0.0,0.0,0.0,0.85586214,3.8
2022-10-12 09:00:00,0.0,0.0,0.0,0.79056937,3.3
2022-10-12 10:00:00,0.0,0.0,0.0,0.60827625,2.7
2022-10-12 11:00:00,0.0,0.0,0.0,0.9433981,1.0
2022-10-12 12:00:00,0.0,0.0,0.0,1.2776932,1.4
2022-10-12 13:00:00,0.0,0.0,0.0,1.8027756,2.0
2022-10-12 14:00:00,0.0,0.0,0.0,2.4186773,2.8
2022-10-12 15:00:00,0.0,0.0,0.0,2.3584952,3.6
2022-10-12 16:00:00,0.0,0.0,0.0,2.109502,3.6
2022-10-12 17:00:00,0.0,0.0,0.0,2.5079873,4.0
2022-10-12 18:00:00,0.0,0.0,0.0,2.8,4.4
2022-10-12 19:00:00,0.0,0.0,0.0,2.9538112,5.0
2022-10-12 20:00:00,0.0,0.0,0.0,3.0647185,5.2
2022-10-12 21:00:00,0.0,0.0,0.0,3.0149627,5.2
2022-10-12 22:00:00,0.0,0.0,0.0,3.169385,5.3
2022-10-12 23:00:00,0.0,0.0,0.0,3.2190838,5.5
2022-10-13 00:00:00,0.0,0.0,0.0,3.3800886,5.7
2022-10-13 01:00:00,0.0,0.0,0.0,3.4792242,6.0
2022-10-13 02:00:00,0.0,0.0,0.0,3.535534,6.2
2022-10-13 03:00:00,0.0,0.0,0.0,3.7262583,6.5
2022-10-13 04:00:00,0.0,0.0,0.0,3.8451269,6.9
2022-10-13 05:00:00,0.0,0.0,0.0,3.8810437,7.7
2022-10-13 06:00:00,0.0,0.0,0.0,4.1761227,8.2
2022-10-13 07:00:00,0.0,0.0,0.0,4.3200116,8.9
2022-10-13 08:00:00,0.0,0.0,0.0,4.3341665,9.1
2022-10-13 09:00:00,0.0,0.0,0.0,4.365776,9.0
2022-10-13 10:00:00,0.0,0.0,0.0,4.3832064,8.3
2022-10-13 11:00:00,0.0,0.0,0.0,3.9423976,6.5
2022-10-13 12:00:00,0.0,0.0,0.0,3.4329286,5.5
2022-10-13 13:00:00,0.0,0.0,0.0,3.7901187,5.9
2022-10-13 14:00:00,0.0,0.0,0.0,4.2755113,6.6
2022-10-13 15:00:00,0.0,0.0,0.0,4.018084,6.5
2022-10-13 16:00:00,0.0,0.0,0.0,3.7980258,6.1
2022-10-13 17:00:00,0.0,0.0,0.0,3.4731112,5.9
2022-10-13 18:00:00,0.0,0.0,0.0,3.309456,5.4
2022-10-13 19:00:00,0.0,0.0,0.0,3.1088583,5.4
2022-10-13 20:00:00,0.0,0.0,0.0,2.8900692,5.0
2022-10-13 21:00:00,0.0,0.0,0.0,2.8017852,4.8
2022-10-13 22:00:00,0.0,0.0,0.0,2.865746,4.6
2022-10-13 23:00:00,0.0,0.0,0.0,2.3307724,4.0
2022-10-14 00:00:00,0.0,0.0,0.0,2.1708293,3.7
2022-10-14 01:00:00,0.0,0.0,0.0,2.1029742,3.6
2022-10-14 02:00:00,0.0,0.0,0.0,2.0223749,3.6
2022-10-14 03:00:00,0.0,0.0,0.0,2.285279,4.2
2022-10-14 04:00:00,0.0,0.0,0.0,2.3584952,5.1
2022-10-14 05:00:00,0.0,0.0,0.0,2.4839485,6.0
2022-10-14 06:00:00,0.0,0.0,0.0,2.818244,6.7
2022-10-14 07:00:00,0.0,0.0,0.0,3.1320918,7.1
2022-10-14 08:00:00,0.0,0.0,0.0,3.3734255,7.6
2022-10-14 09:00:00,0.0,0.0,0.0,3.628016,7.6
2022-10-14 10:00:00,0.0,0.0,0.0,3.8616705,7.2
2022-10-14 11:00:00,0.0,0.0,0.0,2.7115495,4.8
2022-10-14 12:00:00,0.0,0.0,0.0,2.0651877,3.1
2022-10-14 13:00:00,0.0,0.0,0.0,2.5044959,3.4
2022-10-14 14:00:00,0.0,0.0,0.0,2.45204,3.5
2022-10-14 15:00:00,0.0,0.0,0.0,1.7846568,3.5
2022-10-14 16:00:00,0.0,0.0,0.0,1.2041595,3.6
2022-10-14 17:00:00,0.0,0.0,0.0,1.1543397,3.5
2022-10-14 18:00:00,0.0,0.0,0.0,1.6688318,3.5
2022-10-14 19:00:00,0.0,0.0,0.0,1.8062391,2.9
2022-10-14 20:00:00,0.0,0.0,0.0,1.7066048,2.7
2022-10-14 21:00:00,0.0,0.0,0.0,1.6124516,2.9
2022-10-14 22:00:00,0.0,0.0,0.0,1.8668154,2.7
2022-10-14 23:00:00,0.0,0.0,0.0,1.8668154,2.7
2022-10-15 00:00:00,0.0,0.0,0.0,1.6101242,2.6
2022-10-15 01:00:00,0.0,0.0,0.0,1.6007811,2.5
2022-10-15 02:00:00,0.0,0.0,0.0,1.3124405,2.6
2022-10-15 03:00:00,0.0,0.0,0.0,1.6263456,3.2
2022-10-15 04:00:00,0.0,0.0,0.0,1.7356554,3.6
2022-10-15 05:00:00,0.0,0.0,0.0,1.372953,4.2
2022-10-15 06:00:00,0.0,0.0,0.0,1.3462912,4.6
2022-10-15 07:00:00,0.0,0.0,0.0,1.430035,3.9
2022-10-15 08:00:00,0.0,0.0,0.0,1.5811387,4.0
2022-10-15 09:00:00,0.0,0.0,0.0,1.6401219,3.9
2022-10-15 10:00:00,0.0,0.0,0.0,1.6552945,3.0
2022-10-15 11:00:00,0.0,0.0,0.0,1.3000001,1.1
2022-10-15 12:00:00,0.0,0.0,0.0,0.5024938,0.8
2022-10-15 13:00:00,0.0,0.0,0.0,1.0259142,1.5
2022-10-15 14:00:00,0.0,0.0,0.0,1.3200378,2.1
2022-10-15 15:00:00,0.0,0.0,0.0,1.4983325,2.5
2022-10-15 16:00:00,0.0,0.0,0.0,1.6763055,2.6
2022-10-15 17:00:00,0.0,0.0,0.0,1.833712,2.7
2022-10-15 18:00:00,0.0,0.0,0.0,2.0396078,2.2
2022-10-15 19:00:00,0.0,0.0,0.0,1.9608672,2.6
2022-10-15 20:00:00,0.0,0.0,0.0,1.5402921,2.0
2022-10-15 21:00:00,0.0,0.0,0.0,1.2093387,1.6
2022-10-15 22:00:00,0.0,0.0,0.0,1.457738,2.2
2022-10-15 23:00:00,0.0,0.0,0.0,1.4637282,2.3
2022-10-16 00:00:00,0.0,0.0,0.0,1.471394,2.3
2022-10-16 01:00:00,0.0,0.0,0.0,1.4577379,2.4
2022-10-16 02:00:00,0.0,0.0,0.0,1.5443445,2.7
2022-10-16 03:00:00,0.0,0.0,0.0,1.8384775,3.6
2022-10-16 04:00:00,0.0,0.0,0.0,2.3942637,4.7
2022-10-16 05:00:00,0.0,0.0,0.0,2.8727167,6.0
2022-10-16 06:00:00,0.0,0.0,0.0,3.3305407,7.3
2022-10-16 07:00:00,0.0,0.0,0.0,3.5640566,7.9
2022-10-16 08:00:00,0.0,0.0,0.0,3.6249137,7.9
2022-10-16 09:00:00,0.0,0.0,0.0,3.794733,8.0
2022-10-16 10:00:00,0.0,0.0,0.0,3.981206,7.9
2022-10-16 11:00:00,0.0,0.0,0.0,3.535534,6.8
2022-10-16 12:00:00,0.0,0.0,0.0,3.3455193,6.3
2022-10-16 13:00:00,0.0,0.0,0.0,3.471311,6.5
2022-10-16 14:00:00,0.0,0.0,0.0,3.2653484,6.5
2022-10-16 15:00:00,0.0,0.0,0.0,2.9920728,5.8
2022-10-16 16:00:00,0.0,0.0,0.0,3.0413814,5.7
2022-10-16 17:00:00,0.0,0.0,0.0,3.2500002,5.8
2022-10-16 18:00:00,0.0,0.0,0.0,3.4311078,6.1
2022-10-16 19:00:00,0.0,0.0,0.0,3.4644625,5.9
2022-10-16 20:00:00,0.0,0.0,0.0,3.367863,5.6
2022-10-16 21:00:00,0.0,0.0,0.0,3.2144206,5.6
2022-10-16 22:00:00,0.0,0.0,0.0,3.1256998,5.3
2022-10-16 23:00:00,0.0,0.0,0.0,3.1064448,5.4
2022-10-17 00:00:00,0.0,0.0,0.0,3.256148,5.5
2022-10-17 01:00:00,0.0,0.0,0.0,3.251538,5.4
2022-10-17 02:00:00,0.0,0.0,0.0,3.3,5.4
2022-10-17 03:00:00,0.0,0.0,0.0,3.4503622,5.9
2022-10-17 04:00:00,0.0,0.0,0.0,3.600347,7.9
2022-10-17 05:00:00,0.0,0.0,0.0,4.918587,9.8
2022-10-17 06:00:00,0.0,0.0,0.0,4.9117208,10.3
2022-10-17 07:00:00,0.1,0.1,0.0,5.023196,9.9
2022-10-17 08:00:00,0.0,0.0,0.0,4.7929635,10.2
2022-10-17 09:00:00,0.0,0.0,0.0,4.665029,9.5
2022-10-17 10:00:00,0.0,0.0,0.0,4.7670746,9.2
2022-10-17 11:00:00,0.0,0.0,0.0,4.4322677,8.0
2022-10-17 12:00:00,0.0,0.0,0.0,3.4935656,6.2
2022-10-17 13:00:00,0.0,0.0,0.0,3.069609,5.7
2022-10-17 14:00:00,0.0,0.0,0.0,3.0041637,5.5
2022-10-17 15:00:00,0.0,0.0,0.0,2.7856774,5.4
2022-10-17 16:00:00,0.0,0.0,0.0,2.4738634,4.6
2022-10-17 17:00:00,0.0,0.0,0.0,2.462722,4.3
2022-10-17 18:00:00,0.0,0.0,0.0,2.5019991,4.5
2022-10-17 19:00:00,0.0,0.0,0.0,2.4505103,4.4
2022-10-17 20:00:00,0.0,0.0,0.0,2.6004806,4.3
2022-10-17 21:00:00,0.0,0.0,0.0,2.6119914,4.5
2022-10-17 22:00:00,0.0,0.0,0.0,2.7225907,4.5
2022-10-17 23:00:00,0.0,0.0,0.0,2.408319,4.2
2022-10-18 00:00:00,0.0,0.0,0.0,2.3521266,3.8
2022-10-18 01:00:00,0.0,0.0,0.0,2.4,3.8
2022-10-18 02:00:00,0.0,0.0,0.0,2.4581497,3.9
2022-10-18 03:00:00,0.0,0.0,0.0,2.6575363,4.6
2022-10-18 04:00:00,0.0,0.0,0.0,2.8022313,5.6
2022-10-18 05:00:00,0.0,0.0,0.0,3.4234486,7.1
2022-10-18 06:00:00,0.0,0.0,0.0,4.004997,7.8
2022-10-18 07:00:00,0.0,0.0,0.0,4.2854404,8.8
2022-10-18 08:00:00,0.0,0.0,0.0,4.3571777,9.0
2022-10-18 09:00:00,0.0,0.0,0.0,4.20119,8.6
2022-10-18 10:00:00,0.0,0.0,0.0,3.8209946,8.2
2022-10-18 11:00:00,0.0,0.0,0.0,3.275668,5.9
2022-10-18 12:00:00,0.0,0.0,0.0,2.7735357,4.9
2022-10-18 13:00:00,0.0,0.0,0.0,2.8319604,5.0
2022-10-18 14:00:00,0.0,0.0,0.0,2.9732137,5.1
2022-10-18 15:00:00,0.0,0.0,0.0,2.8814058,4.8
2022-10-18 16:00:00,0.0,0.0,0.0,2.930017,4.8
2022-10-18 17:00:00,0.0,0.0,0.0,2.9124732,5.0
2022-10-18 18:00:00,0.0,0.0,0.0,3.0647185,5.2
2022-10-18 19:00:00,0.0,0.0,0.0,3.1484125,5.4
2022-10-18 20:00:00,0.0,0.0,0.0,3.3018935,5.8
2022-10-18 21:00:00,0.0,0.0,0.0,3.404776,5.9
2022-10-18 22:00:00,0.0,0.0,0.0,3.3286633,6.0
2022-10-18 23:00:00,0.0,0.0,0.0,3.6211185,6.6
2022-10-19 00:00:00,0.0,0.0,0.0,3.7735925,6.8
2022-10-19 01:00:00,0.0,0.0,0.0,3.9629533,7.2
2022-10-19 02:00:00,0.0,0.0,0.0,4.2544093,7.7
2022-10-19 03:00:00,0.0,0.0,0.0,4.6647615,8.4
2022-10-19 04:00:00,0.0,0.0,0.0,4.837354,8.9
2022-10-19 05:00:00,0.0,0.0,0.0,5.4113307,10.9
2022-10-19 06:00:00,0.0,0.0,0.0,6.140033,12.2
2022-10-19 07:00:00,0.0,0.0,0.0,7.8423533,14.9
2022-10-19 08:00:00,0.0,0.0,0.0,8.194663,15.2
2022-10-19 09:00:00,0.0,0.0,0.0,7.4600606,15.0
2022-10-19 10:00:00,0.0,0.0,0.0,6.975851,12.7
2022-10-19 11:00:00,0.1,0.1,0.0,6.1573124,11.4
2022-10-19 12:00:00,0.2,0.2,0.0,5.7742968,11.0
2022-10-19 13:00:00,0.4,0.4,0.0,5.5238123,11.2
2022-10-19 14:00:00,0.5,0.5,0.0,5.6797886,10.9
2022-10-19 15:00:00,0.8,0.8,0.0,5.99333,11.5
2022-10-19 16:00:00,0.8,0.8,0.0,6.151626,11.9
2022-10-19 17:00:00,0.7,0.7,0.0,5.884301,11.7
2022-10-19 18:00:00,0.5,0.5,0.0,5.834595,11.4
2022-10-19 19:00:00,0.3,0.3,0.0,6.053924,11.2
2022-10-19 20:00:00,0.0,0.0,0.0,6.3043633,11.4
2022-10-19 21:00:00,0.3,0.3,0.0,6.659767,11.8
2022-10-19 22:00:00,0.1,0.1,0.0,5.632051,10.5
2022-10-19 23:00:00,0.1,0.1,0.0,4.9751883,9.4
2022-10-20 00:00:00,0.0,0.0,0.0,4.7183156,8.8
2022-10-20 01:00:00,0.0,0.0,0.0,4.602445,8.6
2022-10-20 02:00:00,0.0,0.0,0.0,4.7214937,8.7
2022-10-20 03:00:00,0.0,0.0,0.0,4.8303723,9.2
2022-10-20 04:00:00,0.0,0.0,0.0,4.4533696,9.6
2022-10-20 05:00:00,0.2,0.2,0.0,3.6400552,9.7
2022-10-20 06:00:00,0.4,0.4,0.0,3.390059,8.3
2022-10-20 07:00:00,0.8,0.8,0.0,3.4539833,6.4
2022-10-20 08:00:00,0.5,0.5,0.0,4.981215,9.4
2022-10-20 09:00:00,0.1,0.1,0.0,6.2235436,11.7
2022-10-20 10:00:00,0.0,0.0,0.0,6.4202805,11.9
2022-10-20 11:00:00,0.0,0.0,0.0,6.2267566,11.7
2022-10-20 12:00:00,0.0,0.0,0.0,6.074537,11.3
2022-10-20 13:00:00,0.0,0.0,0.0,5.9103723,11.0
2022-10-20 14:00:00,0.0,0.0,0.0,5.7245083,10.7
2022-10-20 15:00:00,0.0,0.0,0.0,5.299528,9.9
2022-10-20 16:00:00,0.0,0.0,0.0,4.7885275,8.7
2022-10-20 17:00:00,0.0,0.0,0.0,4.4376235,7.9
2022-10-20 18:00:00,0.0,0.0,0.0,4.5,7.8
2022-10-20 19:00:00,0.0,0.0,0.0,4.8600416,8.8
2022-10-20 20:00:00,0.0,0.0,0.0,5.0400896,9.3
2022-10-20 21:00:00,0.0,0.0,0.0,5.0,9.1
2022-10-20 22:00:00,0.0,0.0,0.0,5.030159,9.0
2022-10-20 23:00:00,0.0,0.0,0.0,4.763402,8.3
2022-10-21 00:00:00,0.0,0.0,0.0,4.4553337,7.7
2022-10-21 01:00:00,0.0,0.0,0.0,4.370927,7.3
2022-10-21 02:00:00,0.0,0.0,0.0,4.317696,7.1
2022-10-21 03:00:00,0.0,0.0,0.0,4.58939,7.7
2022-10-21 04:00:00,0.0,0.0,0.0,4.68188,8.0
2022-10-21 05:00:00,0.0,0.0,0.0,5.2376046,9.5
2022-10-21 06:00:00,0.0,0.0,0.0,5.7658477,10.7
2022-10-21 07:00:00,0.0,0.0,0.0,6.1929398,11.9
2022-10-21 08:00:00,0.0,0.0,0.0,6.4189177,12.3
2022-10-21 09:00:00,0.0,0.0,0.0,6.3523617,12.3
2022-10-21 10:00:00,0.0,0.0,0.0,6.1540637,10.8
2022-10-21 11:00:00,0.0,0.0,0.0,5.203124,9.7
2022-10-21 12:00:00,0.0,0.0,0.0,5.214643,9.7
2022-10-21 13:00:00,0.0,0.0,0.0,5.640257,9.7
2022-10-21 14:00:00,0.0,0.0,0.0,5.776028,9.5
2022-10-21 15:00:00,0.0,0.0,0.0,5.571355,9.0
2022-10-21 16:00:00,0.0,0.0,0.0,5.3387733,8.6
2022-10-21 17:00:00,0.0,0.0,0.0,5.1478148,8.1
2022-10-21 18:00:00,0.0,0.0,0.0,4.944188,7.9
2022-10-21 19:00:00,0.1,0.1,0.0,4.0816665,7.5
2022-10-21 20:00:00,0.0,0.0,0.0,3.7343004,6.7
2022-10-21 21:00:00,0.0,0.0,0.0,3.8694315,7.2
2022-10-21 22:00:00,0.0,0.0,0.0,3.7165172,7.0
2022-10-21 23:00:00,0.0,0.0,0.0,3.2202485,6.2
2022-10-22 00:00:00,0.0,0.0,0.0,3.2653484,7.6
2022-10-22 01:00:00,0.2,0.2,0.0,3.0870697,7.2
2022-10-22 02:00:00,0.2,0.2,0.0,2.9516945,5.5
2022-10-22 03:00:00,0.3,0.3,0.0,3.151587,6.5
2022-10-22 04:00:00,0.4,0.4,0.0,3.151587,5.8
2022-10-22 05:00:00,0.6,0.6,0.0,3.281006,5.7
2022-10-22 06:00:00,0.6,0.6,0.0,3.0700164,6.7
2022-10-22 07:00:00,1.3,1.3,0.0,2.9347062,6.4
2022-10-22 08:00:00,1.5,1.5,0.0,2.654242,4.3
2022-10-22 09:00:00,1.3,1.3,0.0,2.5632012,4.4
2022-10-22 10:00:00,0.2,0.2,0.0,2.9920728,4.6
2022-10-22 11:00:00,0.3,0.3,0.0,3.3470137,4.9
2022-10-22 12:00:00,0.3,0.3,0.0,3.782195,5.3
2022-10-22 13:00:00,0.3,0.3,0.0,4.802083,6.9
2022-10-22 14:00:00,1.0,1.0,0.0,7.4419417,10.3
2022-10-22 15:00:00,1.5,1.5,0.0,9.247296,15.5
2022-10-22 16:00:00,1.6,1.6,0.0,9.555365,14.8
2022-10-22 17:00:00,1.6,1.6,0.0,8.214773,13.5
2022-10-22 18:00:00,1.2,0.6,0.42000002,5.9052944,13.1
2022-10-22 19:00:00,0.9,0.39999998,0.35,7.655063,13.7
2022-10-22 20:00:00,0.3,0.0,0.21000001,7.8185678,12.8
2022-10-22 21:00:00,0.2,0.0,0.14,7.3817344,13.4
2022-10-22 22:00:00,0.2,0.0,0.14,7.648529,13.2
2022-10-22 23:00:00,0.3,0.0,0.21000001,7.2201114,11.6
2022-10-23 00:00:00,0.3,0.0,0.21000001,6.417554,11.2
2022-10-23 01:00:00,0.2,0.0,0.14,6.3245554,10.5
2022-10-23 02:00:00,0.1,0.0,0.07,7.06983,10.6
2022-10-23 03:00:00,0.1,0.0,0.07,6.7581434,12.2
2022-10-23 04:00:00,0.0,0.0,0.0,6.944242,13.2
2022-10-23 05:00:00,0.0,0.0,0.0,6.2361846,13.2
2022-10-23 06:00:00,0.0,0.0,0.0,6.731456,12.9
2022-10-23 07:00:00,0.1,0.1,0.0,6.659767,11.6
2022-10-23 08:00:00,0.1,0.1,0.0,6.15,11.6
2022-10-23 09:00:00,0.0,0.0,0.0,5.970971,10.9
2022-10-23 10:00:00,0.0,0.0,0.0,5.600223,9.2
2022-10-23 11:00:00,0.0,0.0,0.0,5.1908574,8.3
2022-10-23 12:00:00,0.0,0.0,0.0,4.2101073,6.9
2022-10-23 13:00:00,0.0,0.0,0.0,3.9462008,6.6
2022-10-23 14:00:00,0.0,0.0,0.0,3.7696154,6.9
2022-10-23 15:00:00,0.0,0.0,0.0,3.592005,6.8
2022-10-23 16:00:00,0.0,0.0,0.0,3.5106978,6.4
2022-10-23 17:00:00,0.0,0.0,0.0,3.0907118,5.9
2022-10-23 18:00:00,0.0,0.0,0.0,2.6800187,4.9
2022-10-23 19:00:00,0.0,0.0,0.0,1.9830532,3.7
2022-10-23 20:00:00,0.0,0.0,0.0,1.9912307,3.7
2022-10-23 21:00:00,0.0,0.0,0.0,2.581182,4.7
2022-10-23 22:00:00,0.0,0.0,0.0,2.8692334,5.2
2022-10-23 23:00:00,0.0,0.0,0.0,3.1384711,5.7
2022-10-24 00:00:00,0.0,0.0,0.0,3.3503733,5.9
2022-10-24 01:00:00,0.0,0.0,0.0,3.3604314,5.6
2022-10-24 02:00:00,0.0,0.0,0.0,3.2534595,5.4
2022-10-24 03:00:00,0.0,0.0,0.0,3.2882366,5.7
2022-10-24 04:00:00,0.0,0.0,0.0,3.4296503,6.1
2022-10-24 05:00:00,0.0,0.0,0.0,3.764306,7.1
2022-10-24 06:00:00,0.0,0.0,0.0,3.9601138,7.6
2022-10-24 07:00:00,0.0,0.0,0.0,4.1209826,8.9
2022-10-24 08:00:00,0.0,0.0,0.0,4.2026777,8.9
2022-10-24 09:00:00,0.0,0.0,0.0,4.1209826,8.6
2022-10-24 10:00:00,0.0,0.0,0.0,4.052777,7.6
2022-10-24 11:00:00,0.0,0.0,0.0,2.865746,5.1
2022-10-24 12:00:00,0.0,0.0,0.0,2.3436084,4.0
2022-10-24 13:00:00,0.0,0.0,0.0,2.4829419,4.5
2022-10-24 14:00:00,0.0,0.0,0.0,2.8151379,5.2
2022-10-24 15:00:00,0.0,0.0,0.0,3.0991936,5.7
2022-10-24 16:00:00,0.0,0.0,0.0,3.259601,5.8
2022-10-24 17:00:00,0.0,0.0,0.0,3.184729,5.7
2022-10-24 18:00:00,0.0,0.0,0.0,3.2422986,5.8
2022-10-24 19:00:00,0.0,0.0,0.0,3.4077117,5.9
2022-10-24 20:00:00,0.0,0.0,0.0,3.4561536,6.0
2022-10-24 21:00:00,0.0,0.0,0.0,3.3860006,5.9
2022-10-24 22:00:00,0.0,0.0,0.0,3.8108397,6.0
2022-10-24 23:00:00,0.0,0.0,0.0,3.7643058,6.2
2022-10-25 00:00:00,0.0,0.0,0.0,3.6062446,6.3
2022-10-25 01:00:00,0.0,0.0,0.0,3.5784075,6.2
2022-10-25 02:00:00,0.0,0.0,0.0,3.6283605,6.3
2022-10-25 03:00:00,0.0,0.0,0.0,3.826552,6.8
2022-10-25 04:00:00,0.0,0.0,0.0,4.119466,7.4
2022-10-25 05:00:00,0.0,0.0,0.0,4.110049,8.3
2022-10-25 06:00:00,0.0,0.0,0.0,4.317406,8.9
2022-10-25 07:00:00,0.0,0.0,0.0,4.4161634,9.0
2022-10-25 08:00:00,0.0,0.0,0.0,4.478002,9.0
2022-10-25 09:00:00,0.0,0.0,0.0,4.2720017,8.6
2022-10-25 10:00:00,0.0,0.0,0.0,3.748333,7.0
2022-10-25 11:00:00,0.0,0.0,0.0,3.3003786,6.4
2022-10-25 12:00:00,0.0,0.0,0.0,3.0761175,5.9
2022-10-25 13:00:00,0.0,0.0,0.0,3.083018,5.9
2022-10-25 14:00:00,0.0,0.0,0.0,3.0413814,5.5
2022-10-25 15:00:00,0.0,0.0,0.0,3.0008333,5.2
2022-10-25 16:00:00,0.0,0.0,0.0,2.9614186,4.9
2022-10-25 17:00:00,0.0,0.0,0.0,2.8635643,4.6
2022-10-25 18:00:00,0.0,0.0,0.0,2.8535066,4.4
2022-10-25 19:00:00,0.0,0.0,0.0,2.7064738,4.9
2022-10-25 20:00:00,0.0,0.0,0.0,2.570992,4.6
2022-10-25 21:00:00,0.0,0.0,0.0,2.316247,4.2
2022-10-25 22:00:00,0.0,0.0,0.0,2.376973,3.9
2022-10-25 23:00:00,0.0,0.0,0.0,2.1029742,3.6
2022-10-26 00:00:00,0.0,0.0,0.0,2.0402207,3.4
2022-10-26 01:00:00,0.0,0.0,0.0,2.184033,3.7
2022-10-26 02:00:00,0.0,0.0,0.0,2.2461078,3.8
2022-10-26 03:00:00,0.0,0.0,0.0,2.294014,4.0
2022-10-26 04:00:00,0.0,0.0,0.0,2.4026027,4.3
2022-10-26 05:00:00,0.0,0.0,0.0,2.3505318,4.4
2022-10-26 06:00:00,0.0,0.0,0.0,2.3505318,4.4
2022-10-26 07:00:00,0.0,0.0,0.0,2.3547823,5.3
2022-10-26 08:00:00,0.0,0.0,0.0,2.3759208,5.3
2022-10-26 09:00:00,0.0,0.0,0.0,2.3345234,5.1
2022-10-26 10:00:00,0.1,0.1,0.0,2.423324,5.0
2022-10-26 11:00:00,0.2,0.2,0.0,2.302173,4.4
2022-10-26 12:00:00,0.3,0.3,0.0,2.4622145,4.5
2022-10-26 13:00:00,0.6,0.6,0.0,2.863564,5.3
2022-10-26 14:00:00,0.6,0.6,0.0,2.9090378,5.3
2022-10-26 15:00:00,0.7,0.7,0.0,2.5223997,4.5
2022-10-26 16:00:00,0.7,0.59999996,0.07,2.2299104,4.2
2022-10-26 17:00:00,0.8,0.5,0.21000001,2.0402207,3.9
2022-10-26 18:00:00,0.6,0.3,0.21000001,2.4829419,4.1
2022-10-26 19:00:00,0.6,0.20000002,0.28,3.2190835,5.6
2022-10-26 20:00:00,0.7,0.099999964,0.42000002,2.9820294,5.8
2022-10-26 21:00:00,0.7,0.099999964,0.42000002,2.6004806,6.0
2022-10-26 22:00:00,0.7,0.099999964,0.42000002,3.08099,8.0
2022-10-26 23:00:00,0.6,0.0,0.42000002,5.440588,10.1
2022-10-27 00:00:00,0.5,0.0,0.35,6.3737745,11.1
2022-10-27 01:00:00,0.4,0.0,0.28,6.258594,10.7
2022-10-27 02:00:00,0.2,0.0,0.14,6.188093,10.4
2022-10-27 03:00:00,0.1,0.0,0.07,6.3097143,10.7
2022-10-27 04:00:00,0.1,0.0,0.07,6.23879,10.8
2022-10-27 05:00:00,0.0,0.0,0.0,6.6730804,12.2
2022-10-27 06:00:00,0.0,0.0,0.0,6.9097757,12.4
2022-10-27 07:00:00,0.0,0.0,0.0,7.1431785,13.6
2022-10-27 08:00:00,0.0,0.0,0.0,7.022998,13.2
2022-10-27 09:00:00,0.0,0.0,0.0,6.6049223,12.6
2022-10-27 10:00:00,0.0,0.0,0.0,6.300793,11.6
2022-10-27 11:00:00,0.0,0.0,0.0,5.6925387,10.6
2022-10-27 12:00:00,0.0,0.0,0.0,5.020956,9.6
2022-10-27 13:00:00,0.0,0.0,0.0,4.6010866,8.7
2022-10-27 14:00:00,0.0,0.0,0.0,4.3522983,9.0
2022-10-27 15:00:00,0.0,0.0,0.0,4.0660176,8.4
2022-10-27 16:00:00,0.0,0.0,0.0,3.677635,7.1
2022-10-27 17:00:00,0.0,0.0,0.0,2.9124732,6.2
2022-10-27 18:00:00,0.0,0.0,0.0,2.976995,6.0
2022-10-27 19:00:00,0.0,0.0,0.0,2.9094672,5.3
2022-10-27 20:00:00,0.0,0.0,0.0,2.8744564,5.2
2022-10-27 21:00:00,0.0,0.0,0.0,2.9516945,5.2
2022-10-27 22:00:00,0.0,0.0,0.0,2.7018514,5.1
2022-10-27 23:00:00,0.0,0.0,0.0,2.8,4.8
2022-10-28 00:00:00,0.0,0.0,0.0,2.8539445,4.9
2022-10-28 01:00:00,0.0,0.0,0.0,2.8160255,4.8
2022-10-28 02:00:00,0.0,0.0,0.0,2.965215,5.0
2022-10-28 03:00:00,0.0,0.0,0.0,3.1599052,5.6
2022-10-28 04:00:00,0.0,0.0,0.0,3.3559647,6.6
2022-10-28 05:00:00,0.0,0.0,0.0,3.306055,6.8
2022-10-28 06:00:00,0.0,0.0,0.0,3.2066338,6.8
2022-10-28 07:00:00,0.0,0.0,0.0,3.3533566,7.4
2022-10-28 08:00:00,0.0,0.0,0.0,3.6235344,7.8
2022-10-28 09:00:00,0.0,0.0,0.0,4.056168,8.3
2022-10-28 10:00:00,0.0,0.0,0.0,4.7594643,8.4
2022-10-28 11:00:00,0.0,0.0,0.0,4.368352,7.4
2022-10-28 12:00:00,0.0,0.0,0.0,3.3421547,5.1
2022-10-28 13:00:00,0.0,0.0,0.0,3.1851218,4.2
2022-10-28 14:00:00,0.0,0.0,0.0,3.3264096,4.4
2022-10-28 15:00:00,0.0,0.0,0.0,3.3264096,4.1
2022-10-28 16:00:00,0.0,0.0,0.0,2.829311,3.8
2022-10-28 17:00:00,0.0,0.0,0.0,2.6201146,3.5
2022-10-28 18:00:00,0.0,0.0,0.0,2.4789112,3.9
2022-10-28 19:00:00,0.0,0.0,0.0,2.3690715,4.5
2022-10-28 20:00:00,0.0,0.0,0.0,2.0934422,4.1
2022-10-28 21:00:00,0.0,0.0,0.0,1.8309833,3.5
2022-10-28 22:00:00,0.0,0.0,0.0,1.8200276,3.1
2022-10-28 23:00:00,0.0,0.0,0.0,1.5811387,2.8
2022-10-29 00:00:00,0.0,0.0,0.0,2.1931713,2.8
2022-10-29 01:00:00,0.0,0.0,0.0,2.0886598,2.8
2022-10-29 02:00:00,0.0,0.0,0.0,1.9006578,2.6
2022-10-29 03:00:00,0.0,0.0,0.0,1.5206907,2.3
2022-10-29 04:00:00,0.0,0.0,0.0,1.5524175,4.0
2022-10-29 05:00:00,0.0,0.0,0.0,2.0260801,4.9
2022-10-29 06:00:00,0.0,0.0,0.0,2.0155644,5.5
2022-10-29 07:00:00,0.0,0.0,0.0,1.9474342,5.3
2022-10-29 08:00:00,0.0,0.0,0.0,1.9300259,5.1
2022-10-29 09:00:00,0.0,0.0,0.0,1.9209373,4.8
2022-10-29 10:00:00,0.0,0.0,0.0,2.1272047,4.4
2022-10-29 11:00:00,0.0,0.0,0.0,1.5700318,2.7
2022-10-29 12:00:00,0.0,0.0,0.0,2.1552262,3.6
2022-10-29 13:00:00,0.0,0.0,0.0,2.7504544,4.6
2022-10-29 14:00:00,0.0,0.0,0.0,3.0335624,5.0
2022-10-29 15:00:00,0.0,0.0,0.0,3.1575305,5.0
2022-10-29 16:00:00,0.0,0.0,0.0,3.0907118,5.0
2022-10-29 17:00:00,0.0,0.0,0.0,2.923183,5.0
2022-10-29 18:00:00,0.0,0.0,0.0,2.8853076,4.9
2022-10-29 19:00:00,0.0,0.0,0.0,2.754088,4.9
2022-10-29 20:00:00,0.0,0.0,0.0,2.8004463,5.1
2022-10-29 21:00:00,0.0,0.0,0.0,2.9004312,5.1
2022-10-29 22:00:00,0.0,0.0,0.0,2.9567719,4.8
2022-10-29 23:00:00,0.0,0.0,0.0,2.95,4.6
2022-10-30 00:00:00,0.0,0.0,0.0,2.8004463,4.5
2022-10-30 01:00:00,0.0,0.0,0.0,2.7518177,4.5
2022-10-30 02:00:00,0.0,0.0,0.0,2.6504717,4.5
2022-10-30 03:00:00,0.0,0.0,0.0,2.7721832,4.9
2022-10-30 04:00:00,0.0,0.0,0.0,2.6800187,5.3
2022-10-30 05:00:00,0.0,0.0,0.0,2.4351592,5.4
2022-10-30 06:00:00,0.0,0.0,0.0,2.0796635,5.2
2022-10-30 07:00:00,0.0,0.0,0.0,1.9499999,4.9
2022-10-30 08:00:00,0.0,0.0,0.0,1.9039433,4.5
2022-10-30 09:00:00,0.0,0.0,0.0,1.8527007,4.3
2022-10-30 10:00:00,0.0,0.0,0.0,1.4508619,3.1
2022-10-30 11:00:00,0.0,0.0,0.0,1.5402921,2.2
2022-10-30 12:00:00,0.0,0.0,0.0,1.6194135,2.6
2022-10-30 13:00:00,0.0,0.0,0.0,1.6530275,2.6
2022-10-30 14:00:00,0.0,0.0,0.0,1.4560219,2.3
2022-10-30 15:00:00,0.0,0.0,0.0,1.5402921,1.8
2022-10-30 16:00:00,0.1,0.0,0.07,1.6763055,1.9
2022-10-30 17:00:00,0.0,0.0,0.0,1.5206907,1.6
2022-10-30 18:00:00,0.0,0.0,0.0,1.1661904,1.3
2022-10-30 19:00:00,0.0,0.0,0.0,1.3200378,1.8
2022-10-30 20:00:00,0.0,0.0,0.0,1.6918925,2.0
2022-10-30 21:00:00,0.0,0.0,0.0,1.637834,2.1
2022-10-30 22:00:00,0.0,0.0,0.0,1.45,2.6
2022-10-30 23:00:00,0.0,0.0,0.0,1.5532224,2.4
2022-10-31 00:00:00,0.0,0.0,0.0,1.4534442,2.6
2022-10-31 01:00:00,0.0,0.0,0.0,1.6446884,2.8
2022-10-31 02:00:00,0.0,0.0,0.0,1.882153,2.9
2022-10-31 03:00:00,0.0,0.0,0.0,1.7327724,3.8
2022-10-31 04:00:00,0.0,0.0,0.0,2.1592824,5.2
2022-10-31 05:00:00,0.0,0.0,0.0,2.836371,6.6
2022-10-31 06:00:00,0.0,0.0,0.0,3.3604314,7.3
2022-10-31 07:00:00,0.0,0.0,0.0,3.6554751,7.6
2022-10-31 08:00:00,0.0,0.0,0.0,4.0028114,8.1
2022-10-31 09:00:00,0.0,0.0,0.0,4.032989,8.1
2022-10-31 10:00:00,0.0,0.0,0.0,3.7901187,6.9
2022-10-31 11:00:00,0.0,0.0,0.0,2.8398943,5.1
2022-10-31 12:00:00,0.0,0.0,0.0,2.6967573,4.9
2022-10-31 13:00:00,0.0,0.0,0.0,3.2190838,6.0
2022-10-31 14:00:00,0.0,0.0,0.0,3.5305808,6.6
2022-10-31 15:00:00,0.0,0.0,0.0,3.5202982,6.5
2022-10-31 16:00:00,0.0,0.0,0.0,3.740655,6.8
2022-10-31 17:00:00,0.0,0.0,0.0,3.9385912,7.0
2022-10-31 18:00:00,0.0,0.0,0.0,4.0871754,7.1
2022-10-31 19:00:00,0.0,0.0,0.0,4.2851486,7.4
2022-10-31 20:00:00,0.0,0.0,0.0,4.2933087,7.7
2022-10-31 21:00:00,0.0,0.0,0.0,4.183898,7.5
2022-10-31 22:00:00,0.0,0.0,0.0,4.5502744,7.6
2022-10-31 23:00:00,0.0,0.0,0.0,4.4477525,7.6
2022-11-01 00:00:00,0.0,0.0,0.0,4.434242,7.6
2022-11-01 01:00:00,0.0,0.0,0.0,4.373214,7.7
2022-11-01 02:00:00,0.0,0.0,0.0,4.3603325,7.7
2022-11-01 03:00:00,0.0,0.0,0.0,4.4002843,7.9
2022-11-01 04:00:00,0.0,0.0,0.0,4.4011364,8.2
2022-11-01 05:00:00,0.0,0.0,0.0,6.0133185,8.8
2022-11-01 06:00:00,0.0,0.0,0.0,5.20024,11.0
2022-11-01 07:00:00,0.0,0.0,0.0,5.200961,10.1
2022-11-01 08:00:00,0.0,0.0,0.0,5.402083,10.4
2022-11-01 09:00:00,0.0,0.0,0.0,5.1655107,10.3
2022-11-01 10:00:00,0.0,0.0,0.0,4.3416586,7.7
2022-11-01 11:00:00,0.0,0.0,0.0,3.6715121,6.5
2022-11-01 12:00:00,0.0,0.0,0.0,3.5752623,6.3
2022-11-01 13:00:00,0.0,0.0,0.0,4.031129,7.0
2022-11-01 14:00:00,0.0,0.0,0.0,4.3863425,7.5
2022-11-01 15:00:00,0.0,0.0,0.0,4.6674404,7.9
2022-11-01 16:00:00,0.0,0.0,0.0,4.774149,8.0
2022-11-01 17:00:00,0.0,0.0,0.0,4.705582,7.9
2022-11-01 18:00:00,0.0,0.0,0.0,4.705582,8.0
2022-11-01 19:00:00,0.0,0.0,0.0,4.8130035,8.5
2022-11-01 20:00:00,0.0,0.0,0.0,4.8592696,8.6
2022-11-01 21:00:00,0.0,0.0,0.0,4.942924,8.7
2022-11-01 22:00:00,0.0,0.0,0.0,5.2100863,9.0
2022-11-01 23:00:00,0.0,0.0,0.0,5.2242227,9.3
2022-11-02 00:00:00,0.0,0.0,0.0,5.211766,9.5
2022-11-02 01:00:00,0.0,0.0,0.0,5.277547,9.5
2022-11-02 02:00:00,0.0,0.0,0.0,5.3397098,9.6
2022-11-02 03:00:00,0.0,0.0,0.0,5.198317,9.6
2022-11-02 04:00:00,0.0,0.0,0.0,5.0447993,9.1
2022-11-02 05:00:00,0.0,0.0,0.0,4.6861496,8.6
2022-11-02 06:00:00,0.0,0.0,0.0,4.7565746,9.2
2022-11-02 07:00:00,0.7,0.7,0.0,4.6330338,9.1
2022-11-02 08:00:00,0.5,0.5,0.0,4.506939,8.6
2022-11-02 09:00:00,0.4,0.4,0.0,4.4477525,8.1
2022-11-02 10:00:00,1.7,1.7,0.0,4.7668123,8.4
2022-11-02 11:00:00,1.5,1.5,0.0,4.1382365,7.9
2022-11-02 12:00:00,0.7,0.7,0.0,4.986231,9.4
2022-11-02 13:00:00,0.3,0.3,0.0,6.0656824,10.1
2022-11-02 14:00:00,0.2,0.1,0.07,6.133718,11.7
2022-11-02 15:00:00,0.1,0.0,0.07,5.936329,11.3
2022-11-02 16:00:00,0.0,0.0,0.0,5.5700088,10.5
2022-11-02 17:00:00,0.0,0.0,0.0,4.8448424,8.7
2022-11-02 18:00:00,0.0,0.0,0.0,4.4096484,7.3
2022-11-02 19:00:00,0.0,0.0,0.0,4.7759814,8.7
2022-11-02 20:00:00,0.0,0.0,0.0,5.186521,9.4
2022-11-02 21:00:00,0.0,0.0,0.0,5.1229873,9.3
2022-11-02 22:00:00,0.0,0.0,0.0,5.3577046,9.7
2022-11-02 23:00:00,0.0,0.0,0.0,5.210806,9.7
2022-11-03 00:00:00,0.0,0.0,0.0,4.8754487,9.3
2022-11-03 01:00:00,0.0,0.0,0.0,4.3545957,8.7
2022-11-03 02:00:00,0.0,0.0,0.0,4.015283,8.3
2022-11-03 03:00:00,0.0,0.0,0.0,4.7518415,9.0
2022-11-03 04:00:00,0.0,0.0,0.0,5.6224995,10.6
2022-11-03 05:00:00,0.1,0.1,0.0,5.3851643,11.2
2022-11-03 06:00:00,0.2,0.1,0.07,5.9439044,11.4
2022-11-03 07:00:00,0.2,0.2,0.0,6.4938436,12.4
2022-11-03 08:00:00,0.0,0.0,0.0,8.4053545,15.6
2022-11-03 09:00:00,0.1,0.1,0.0,7.650654,13.9
2022-11-03 10:00:00,0.1,0.1,0.0,6.0963106,11.9
2022-11-03 11:00:00,0.0,0.0,0.0,6.0574336,10.4
2022-11-03 12:00:00,0.0,0.0,0.0,5.7762446,9.9
2022-11-03 13:00:00,0.0,0.0,0.0,5.903389,9.9
2022-11-03 14:00:00,0.1,0.1,0.0,6.650188,10.6
2022-11-03 15:00:00,0.4,0.4,0.0,6.852919,11.4
2022-11-03 16:00:00,0.3,0.3,0.0,6.3001986,11.1
2022-11-03 17:00:00,0.1,0.1,0.0,5.5823383,10.2
2022-11-03 18:00:00,0.0,0.0,0.0,4.9030604,8.7
2022-11-03 19:00:00,0.1,0.1,0.0,4.1188593,7.5
2022-11-03 20:00:00,0.0,0.0,0.0,3.7529988,6.7
2022-11-03 21:00:00,0.0,0.0,0.0,3.8897302,7.0
2022-11-03 22:00:00,0.0,0.0,0.0,4.6306043,7.9
2022-11-03 23:00:00,0.2,0.2,0.0,5.664804,9.5
2022-11-04 00:00:00,0.8,0.8,0.0,6.395311,11.1
2022-11-04 01:00:00,1.2,1.2,0.0,6.6258965,12.1
2022-11-04 02:00:00,0.8,0.8,0.0,6.471862,11.9
2022-11-04 03:00:00,0.8,0.8,0.0,6.659767,12.3
2022-11-04 04:00:00,0.5,0.5,0.0,6.855837,12.4
2022-11-04 05:00:00,0.6,0.6,0.0,6.781777,12.0
2022-11-04 06:00:00,0.5,0.5,0.0,6.3737745,11.3
2022-11-04 07:00:00,0.7,0.7,0.0,6.1727223,11.3
2022-11-04 08:00:00,1.0,1.0,0.0,6.1745443,11.3
2022-11-04 09:00:00,0.9,0.9,0.0,5.626944,10.3
2022-11-04 10:00:00,0.7,0.7,0.0,5.2737556,9.6
2022-11-04 11:00:00,0.8,0.8,0.0,5.7688823,10.6
2022-11-04 12:00:00,0.8,0.8,0.0,5.9350653,11.2
2022-11-04 13:00:00,1.0,1.0,0.0,6.502499,12.0
2022-11-04 14:00:00,1.0,1.0,0.0,7.652777,13.9
2022-11-04 15:00:00,0.5,0.4,0.07,7.2919474,13.1
2022-11-04 16:00:00,0.1,0.0,0.07,6.350787,11.3
2022-11-04 17:00:00,0.0,0.0,0.0,5.672081,11.0
2022-11-04 18:00:00,0.1,0.0,0.07,6.2996035,11.6
2022-11-04 19:00:00,0.1,0.0,0.07,6.4747586,12.2
2022-11-04 20:00:00,0.0,0.0,0.0,7.0035706,12.5
2022-11-04 21:00:00,0.0,0.0,0.07,7.0464525,13.3
2022-11-04 22:00:00,0.0,0.0,0.0,8.358529,14.0
2022-11-04 23:00:00,0.0,0.0,0.0,8.630469,15.0
2022-11-05 00:00:00,0.0,0.0,0.0,9.090792,16.0
2022-11-05 01:00:00,0.0,0.0,0.0,9.181639,16.2
2022-11-05 02:00:00,0.0,0.0,0.0,9.050967,14.8
2022-11-05 03:00:00,0.0,0.0,0.0,8.180006,15.3
2022-11-05 04:00:00,0.0,0.0,0.0,8.113723,15.5
2022-11-05 05:00:00,0.0,0.0,0.0,8.37929,16.1
2022-11-05 06:00:00,0.0,0.0,0.0,8.275868,16.0
2022-11-05 07:00:00,0.0,0.0,0.0,7.991558,15.0
2022-11-05 08:00:00,0.0,0.0,0.0,7.850159,15.0
2022-11-05 09:00:00,0.0,0.0,0.0,7.8517513,15.0
2022-11-05 10:00:00,0.0,0.0,0.0,8.363014,14.7
2022-11-05 11:00:00,0.0,0.0,0.0,7.70795,13.5
2022-11-05 12:00:00,0.0,0.0,0.0,7.082549,13.0
2022-11-05 13:00:00,0.0,0.0,0.0,7.3288813,13.3
2022-11-05 14:00:00,0.0,0.0,0.0,7.106511,13.0
2022-11-05 15:00:00,0.0,0.0,0.0,6.905252,14.2
2022-11-05 16:00:00,0.0,0.0,0.0,6.7031703,12.5
2022-11-05 17:00:00,0.0,0.0,0.0,6.7007465,12.4
2022-11-05 18:00:00,0.0,0.0,0.0,6.5802736,11.8
2022-11-05 19:00:00,0.0,0.0,0.0,6.4764957,12.0
2022-11-05 20:00:00,0.0,0.0,0.0,6.423589,12.0
2022-11-05 21:00:00,0.0,0.0,0.0,6.449806,12.0
2022-11-05 22:00:00,0.0,0.0,0.0,6.868952,12.1
2022-11-05 23:00:00,0.0,0.0,0.0,6.83758,12.1
2022-11-06 00:00:00,0.0,0.0,0.0,6.7575884,12.1
2022-11-06 01:00:00,0.0,0.0,0.0,6.6370173,12.0
2022-11-06 02:00:00,0.0,0.0,0.0,6.400781,11.7
2022-11-06 03:00:00,0.0,0.0,0.0,5.7690988,9.9
2022-11-06 04:00:00,0.0,0.0,0.0,6.171912,11.7
2022-11-06 05:00:00,0.0,0.0,0.0,6.4724417,12.3
2022-11-06 06:00:00,0.0,0.0,0.0,6.232576,11.9
2022-11-06 07:00:00,0.0,0.0,0.0,6.0083275,11.7
2022-11-06 08:00:00,0.0,0.0,0.0,5.8045244,11.2
2022-11-06 09:00:00,0.0,0.0,0.0,5.3640003,10.5
2022-11-06 10:00:00,0.0,0.0,0.0,5.0480194,9.2
2022-11-06 11:00:00,0.0,0.0,0.0,4.2101073,7.7
2022-11-06 12:00:00,0.0,0.0,0.0,3.6017356,6.7
2022-11-06 13:00:00,0.0,0.0,0.0,3.3470137,6.4
2022-11-06 14:00:00,0.0,0.0,0.0,3.1945267,6.3
2022-11-06 15:00:00,0.0,0.0,0.0,3.0842342,6.3
2022-11-06 16:00:00,0.0,0.0,0.0,3.054914,6.0
2022-11-06 17:00:00,0.0,0.0,0.0,3.026962,5.4
2022-11-06 18:00:00,0.0,0.0,0.0,3.0083218,5.4
2022-11-06 19:00:00,0.0,0.0,0.0,3.0732718,5.1
2022-11-06 20:00:00,0.0,0.0,0.0,2.9300172,5.3
2022-11-06 21:00:00,0.0,0.0,0.0,2.9090378,5.4
2022-11-06 22:00:00,0.0,0.0,0.0,2.8622544,5.3
2022-11-06 23:00:00,0.0,0.0,0.0,2.740894,4.8
2022-11-07 00:00:00,0.0,0.0,0.0,2.5480385,5.1
2022-11-07 01:00:00,0.1,0.0,0.07,2.6000001,5.1
2022-11-07 02:00:00,0.1,0.0,0.07,2.8231187,5.9
2022-11-07 03:00:00,0.1,0.0,0.07,2.832402,5.7
2022-11-07 04:00:00,0.0,0.0,0.0,2.8442926,6.0
2022-11-07 05:00:00,0.0,0.0,0.0,2.7572632,6.1
2022-11-07 06:00:00,0.0,0.0,0.0,2.6386547,6.1
2022-11-07 07:00:00,0.1,0.0,0.07,2.777139,6.1
2022-11-07 08:00:00,0.1,0.0,0.07,2.8044608,5.9
2022-11-07 09:00:00,0.1,0.0,0.07,2.83593,6.2
2022-11-07 10:00:00,0.1,0.0,0.07,2.5044959,5.6
2022-11-07 11:00:00,0.1,0.0,0.07,1.950641,4.0
2022-11-07 12:00:00,0.1,0.0,0.07,1.05,2.6
2022-11-07 13:00:00,0.0,0.0,0.0,1.3086252,2.5
2022-11-07 14:00:00,0.1,0.0,0.07,1.6,2.3
2022-11-07 15:00:00,0.1,0.0,0.07,1.1543397,2.4
2022-11-07 16:00:00,0.1,0.0,0.07,1.2041595,2.6
2022-11-07 17:00:00,0.1,0.0,0.07,1.1,2.7
2022-11-07 18:00:00,0.1,0.0,0.07,1.1672617,2.4
2022-11-07 19:00:00,0.1,0.0,0.07,1.1423659,2.3
2022-11-07 20:00:00,0.1,0.0,0.07,1.3313527,2.1
2022-11-07 21:00:00,0.0,0.0,0.0,1.6620771,1.8
2022-11-07 22:00:00,0.0,0.0,0.0,0.7433034,1.6
2022-11-07 23:00:00,0.0,0.0,0.0,0.65192026,1.7
2022-11-08 00:00:00,0.0,0.0,0.0,0.8902247,2.1
2022-11-08 01:00:00,0.0,0.0,0.0,0.68007356,2.9
2022-11-08 02:00:00,0.0,0.0,0.0,1.029563,3.4
2022-11-08 03:00:00,0.0,0.0,0.0,1.3209845,3.7
2022-11-08 04:00:00,0.0,0.0,0.0,1.4983325,4.3
2022-11-08 05:00:00,0.0,0.0,0.0,1.588238,4.4
2022-11-08 06:00:00,0.0,0.0,0.0,1.7,4.3
2022-11-08 07:00:00,0.0,0.0,0.0,1.6224982,4.4
2022-11-08 08:00:00,0.0,0.0,0.0,1.7102631,4.1
2022-11-08 09:00:00,0.0,0.0,0.0,1.9912307,4.2
2022-11-08 10:00:00,0.0,0.0,0.0,1.6101242,4.2
2022-11-08 11:00:00,0.0,0.0,0.0,0.934077,2.6
2022-11-08 12:00:00,0.0,0.0,0.0,1.5890248,2.3
2022-11-08 13:00:00,0.0,0.0,0.0,1.8607794,2.7
2022-11-08 14:00:00,0.0,0.0,0.0,1.6278821,3.2
2022-11-08 15:00:00,0.0,0.0,0.0,1.7102631,3.6
2022-11-08 16:00:00,0.0,0.0,0.0,2.0408332,4.1
2022-11-08 17:00:00,0.0,0.0,0.0,2.4382372,4.3
2022-11-08 18:00:00,0.0,0.0,0.0,2.641969,4.6
2022-11-08 19:00:00,0.0,0.0,0.0,2.8900692,5.2
2022-11-08 20:00:00,0.0,0.0,0.0,2.9516945,5.2
2022-11-08 21:00:00,0.0,0.0,0.0,3.0083218,5.4
2022-11-08 22:00:00,0.0,0.0,0.0,3.1800156,5.7
2022-11-08 23:00:00,0.1,0.0,0.07,3.463019,6.1
2022-11-09 00:00:00,0.1,0.0,0.07,3.757659,6.5
2022-11-09 01:00:00,0.1,0.0,0.07,3.8137908,6.4
2022-11-09 02:00:00,0.1,0.0,0.07,3.8577843,6.4
2022-11-09 03:00:00,0.1,0.0,0.07,3.8577843,6.4
2022-11-09 04:00:00,0.1,0.0,0.07,4.0301986,7.8
2022-11-09 05:00:00,0.1,0.0,0.07,4.304649,8.2
2022-11-09 06:00:00,0.0,0.0,0.0,4.204759,8.1
2022-11-09 07:00:00,0.0,0.0,0.0,4.1692324,7.9
2022-11-09 08:00:00,0.0,0.0,0.0,4.183599,8.4
2022-11-09 09:00:00,0.0,0.0,0.0,4.181507,8.2
2022-11-09 10:00:00,0.0,0.0,0.0,3.8910153,7.3
2022-11-09 11:00:00,0.0,0.0,0.0,3.3767588,6.7
2022-11-09 12:00:00,0.0,0.0,0.0,3.3120992,6.3
2022-11-09 13:00:00,0.0,0.0,0.0,3.1815877,6.4
2022-11-09 14:00:00,0.0,0.0,0.0,3.2175303,6.3
2022-11-09 15:00:00,0.0,0.0,0.0,3.3015149,6.3
2022-11-09 16:00:00,0.0,0.0,0.0,3.4409301,6.2
2022-11-09 17:00:00,0.0,0.0,0.0,3.540127,6.6
2022-11-09 18:00:00,0.0,0.0,0.0,3.570014,6.7
2022-11-09 19:00:00,0.0,0.0,0.0,3.6311154,6.7
2022-11-09 20:00:00,0.0,0.0,0.0,3.720551,6.8
2022-11-09 21:00:00,0.0,0.0,0.0,3.8209944,7.0
2022-11-09 22:00:00,0.0,0.0,0.0,4.0459857,7.3
2022-11-09 23:00:00,0.0,0.0,0.0,4.20119,7.7
2022-11-10 00:00:00,0.0,0.0,0.0,4.4601007,7.9
2022-11-10 01:00:00,0.0,0.0,0.0,4.7320714,8.3
2022-11-10 02:00:00,0.0,0.0,0.0,4.89183,8.6
2022-11-10 03:00:00,0.0,0.0,0.0,5.0224495,8.8
2022-11-10 04:00:00,0.0,0.0,0.0,4.598369,7.9
2022-11-10 05:00:00,0.0,0.0,0.0,4.702393,10.1
2022-11-10 06:00:00,0.0,0.0,0.0,5.2801514,9.4
2022-11-10 07:00:00,0.0,0.0,0.0,5.2242227,10.7
2022-11-10 08:00:00,0.0,0.0,0.0,5.7019734,11.1
2022-11-10 09:00:00,0.0,0.0,0.0,5.390037,11.0
2022-11-10 10:00:00,0.0,0.0,0.0,5.830309,10.7
2022-11-10 11:00:00,0.1,0.0,0.07,5.742821,10.4
2022-11-10 12:00:00,0.1,0.0,0.07,5.632273,10.3
2022-11-10 13:00:00,0.1,0.0,0.07,5.6164937,10.4
2022-11-10 14:00:00,0.1,0.0,0.07,5.6302752,10.5
2022-11-10 15:00:00,0.1,0.0,0.07,5.4801917,10.2
2022-11-10 16:00:00,0.1,0.0,0.07,5.3688917,9.9
2022-11-10 17:00:00,0.1,0.0,0.07,5.1886897,9.5
2022-11-10 18:00:00,0.1,0.0,0.07,5.0249376,9.1
2022-11-10 19:00:00,0.1,0.0,0.07,4.812743,9.0
2022-11-10 20:00:00,0.1,0.0,0.07,4.6330338,8.6
2022-11-10 21:00:00,0.1,0.0,0.07,4.5213385,8.3
2022-11-10 22:00:00,0.1,0.0,0.07,4.8075466,8.3
2022-11-10 23:00:00,0.1,0.0,0.07,4.830114,8.3
2022-11-11 00:00:00,0.1,0.0,0.07,4.744734,8.2
2022-11-11 01:00:00,0.1,0.0,0.07,4.725727,8.2
2022-11-11 02:00:00,0.0,0.0,0.0,4.7333922,8.1
2022-11-11 03:00:00,0.1,0.0,0.07,4.7594643,8.3
2022-11-11 04:00:00,0.1,0.0,0.07,4.570011,8.5
2022-11-11 05:00:00,0.1,0.0,0.07,5.150243,8.9
2022-11-11 06:00:00,0.1,0.0,0.07,4.935838,9.1
2022-11-11 07:00:00,0.2,0.0,0.14,5.065817,9.2
2022-11-11 08:00:00,0.2,0.0,0.14,5.020956,9.4
2022-11-11 09:00:00,0.2,0.0,0.14,5.1973553,9.4
2022-11-11 10:00:00,0.2,0.0,0.14,5.771698,10.6
2022-11-11 11:00:00,0.3,0.0,0.21000001,5.2175183,9.5
2022-11-11 12:00:00,0.3,0.0,0.21000001,5.489308,9.8
2022-11-11 13:00:00,0.2,0.0,0.14,5.559901,10.2
2022-11-11 14:00:00,0.1,0.0,0.07,5.7999997,10.7
2022-11-11 15:00:00,0.1,0.0,0.07,6.0458665,11.1
2022-11-11 16:00:00,0.1,0.0,0.07,6.258794,11.4
2022-11-11 17:00:00,0.1,0.0,0.07,6.4017577,11.6
2022-11-11 18:00:00,0.2,0.0,0.14,6.472441,11.7
2022-11-11 19:00:00,0.3,0.0,0.21000001,6.4747586,11.9
2022-11-11 20:00:00,0.4,0.0,0.28,6.506919,11.9
2022-11-11 21:00:00,0.5,0.0,0.35,6.470124,11.9
2022-11-11 22:00:00,0.5,0.0,0.35,6.4708967,11.8
2022-11-11 23:00:00,0.4,0.0,0.28,6.3780875,11.7
2022-11-12 00:00:00,0.3,0.0,0.21000001,6.220129,11.3
2022-11-12 01:00:00,0.1,0.0,0.07,5.9634304,10.9
2022-11-12 02:00:00,0.3,0.0,0.21000001,5.916925,10.8
2022-11-12 03:00:00,0.4,0.0,0.28,5.8917313,10.8
2022-11-12 04:00:00,0.5,0.0,0.35,6.0716553,11.1
2022-11-12 05:00:00,0.4,0.0,0.28,6.338178,11.7
2022-11-12 06:00:00,0.2,0.0,0.14,6.551336,12.2
2022-11-12 07:00:00,0.2,0.1,0.07,6.795587,11.3
2022-11-12 08:00:00,0.2,0.1,0.07,6.947841,11.7
2022-11-12 09:00:00,0.3,0.10000001,0.14,7.1695533,13.1
2022-11-12 10:00:00,0.4,0.099999994,0.21000001,7.4921627,13.4
2022-11-12 11:00:00,0.4,0.099999994,0.21000001,7.7665954,13.8
2022-11-12 12:00:00,0.3,0.10000001,0.14,7.8492036,14.1
2022-11-12 13:00:00,0.2,0.1,0.07,7.9463825,14.2
2022-11-12 14:00:00,0.2,0.1,0.07,8.003281,14.3
2022-11-12 15:00:00,0.1,0.1,0.0,8.035079,14.3
2022-11-12 16:00:00,0.2,0.2,0.0,7.934261,14.2
2022-11-12 17:00:00,0.1,0.1,0.0,7.862888,14.1
2022-11-12 18:00:00,0.1,0.1,0.0,7.725445,14.1
2022-11-12 19:00:00,0.1,0.0,0.07,7.470107,13.8
2022-11-12 20:00:00,0.2,0.0,0.14,7.324616,13.5
2022-11-12 21:00:00,0.3,0.0,0.21000001,7.366139,13.6
2022-11-12 22:00:00,0.2,0.0,0.14,7.3893504,13.8
2022-11-12 23:00:00,0.3,0.0,0.21000001,7.6449327,14.2
2022-11-13 00:00:00,0.3,0.0,0.21000001,7.930952,14.7
2022-11-13 01:00:00,0.3,0.0,0.21000001,8.170832,15.0
2022-11-13 02:00:00,0.3,0.0,0.21000001,8.343861,15.1
2022-11-13 03:00:00,0.3,0.0,0.21000001,8.5212965,15.3
2022-11-13 04:00:00,0.3,0.0,0.21000001,8.732841,15.6
2022-11-13 05:00:00,0.2,0.0,0.14,8.874261,15.9
2022-11-13 06:00:00,0.2,0.1,0.07,8.874824,15.9
2022-11-13 07:00:00,0.1,0.0,0.07,8.806957,16.3
2022-11-13 08:00:00,0.1,0.1,0.0,8.6077,16.0
2022-11-13 09:00:00,0.1,0.1,0.0,8.422143,15.6
2022-11-13 10:00:00,0.0,0.0,0.0,8.276473,15.2
2022-11-13 11:00:00,0.0,0.0,0.0,8.231191,15.3
2022-11-13 12:00:00,0.0,0.0,0.0,8.152453,15.3
2022-11-13 13:00:00,0.0,0.0,0.0,8.301355,15.5
2022-11-13 14:00:00,0.1,0.0,0.07,8.489994,15.8
2022-11-13 15:00:00,0.1,0.0,0.07,8.586617,16.0
2022-11-13 16:00:00,0.3,0.0,0.21000001,8.538296,16.0
2022-11-13 17:00:00,0.5,0.0,0.35,8.464632,15.8
2022-11-13 18:00:00,0.6,0.0,0.42000002,8.440379,15.8
2022-11-13 19:00:00,0.5,0.0,0.35,8.428671,15.5
2022-11-13 20:00:00,0.4,0.0,0.28,8.492938,15.6
2022-11-13 21:00:00,0.3,0.0,0.21000001,8.403719,15.4
2022-11-13 22:00:00,0.4,0.0,0.28,8.462417,15.1
2022-11-13 23:00:00,0.3,0.0,0.21000001,8.13895,14.7
2022-11-14 00:00:00,0.3,0.0,0.21000001,8.02574,14.3
2022-11-14 01:00:00,0.2,0.0,0.14,7.9266953,14.0
2022-11-14 02:00:00,0.2,0.0,0.14,7.8208055,13.9
2022-11-14 03:00:00,0.1,0.0,0.07,7.771261,14.0
2022-11-14 04:00:00,0.2,0.1,0.07,7.870356,14.4
2022-11-14 05:00:00,0.3,0.20000002,0.07,7.764663,14.3
2022-11-14 06:00:00,0.4,0.2,0.14,7.510326,13.9
2022-11-14 07:00:00,0.3,0.3,0.0,7.170077,13.1
2022-11-14 08:00:00,0.3,0.3,0.0,6.937759,12.7
2022-11-14 09:00:00,0.2,0.2,0.0,6.543126,12.0
2022-11-14 10:00:00,0.1,0.1,0.0,6.69944,11.8
2022-11-14 11:00:00,0.2,0.2,0.0,7.1431785,12.8
2022-11-14 12:00:00,0.4,0.4,0.0,7.4030395,13.2
2022-11-14 13:00:00,0.4,0.3,0.07,7.4385815,13.1
2022-11-14 14:00:00,0.4,0.3,0.07,7.648529,13.6
2022-11-14 15:00:00,0.4,0.3,0.07,7.915965,14.1
2022-11-14 16:00:00,0.3,0.20000002,0.07,8.05295,14.4
2022-11-14 17:00:00,0.3,0.20000002,0.07,7.9177017,14.2
2022-11-14 18:00:00,0.3,0.20000002,0.07,7.7152443,13.9
2022-11-14 19:00:00,0.2,0.1,0.07,7.5591,13.9
2022-11-14 20:00:00,0.2,0.1,0.07,7.386643,13.5
2022-11-14 21:00:00,0.3,0.10000001,0.14,7.2201104,13.2
2022-11-14 22:00:00,0.3,0.10000001,0.14,7.1695533,12.9
2022-11-14 23:00:00,0.3,0.10000001,0.14,6.9808664,12.9
2022-11-15 00:00:00,0.2,0.0,0.14,6.9701147,13.0
2022-11-15 01:00:00,0.2,0.1,0.07,7.0103498,13.4
2022-11-15 02:00:00,0.2,0.0,0.14,7.1501746,13.7
2022-11-15 03:00:00,0.2,0.0,0.14,7.301541,13.8
2022-11-15 04:00:00,0.3,0.0,0.21000001,7.50733,14.2
2022-11-15 05:00:00,0.2,0.0,0.14,7.712652,14.6
2022-11-15 06:00:00,0.2,0.0,0.14,7.48131,13.3
2022-11-15 07:00:00,0.2,0.0,0.14,7.0301137,12.3
2022-11-15 08:00:00,0.2,0.0,0.14,6.661268,12.0
2022-11-15 09:00:00,0.2,0.0,0.14,6.4202805,11.8
2022-11-15 10:00:00,0.1,0.0,0.07,7.0450335,13.0
2022-11-15 11:00:00,0.1,0.0,0.07,7.182792,12.9
2022-11-15 12:00:00,0.2,0.0,0.14,6.860029,12.4
2022-11-15 13:00:00,0.2,0.0,0.14,6.5734315,11.9
2022-11-15 14:00:00,0.1,0.0,0.07,6.172925,10.9
2022-11-15 15:00:00,0.1,0.0,0.07,5.8898215,10.0
2022-11-15 16:00:00,0.1,0.0,0.07,5.7630286,9.4
2022-11-15 17:00:00,0.1,0.0,0.07,5.5563025,9.2
2022-11-15 18:00:00,0.0,0.0,0.0,5.3108377,8.9
2022-11-15 19:00:00,0.0,0.0,0.0,5.0990195,9.2
2022-11-15 20:00:00,0.0,0.0,0.0,5.0990195,9.1
2022-11-15 21:00:00,0.0,0.0,0.0,5.240229,9.4
2022-11-15 22:00:00,0.0,0.0,0.0,5.7628117,10.3
2022-11-15 23:00:00,0.1,0.0,0.07,5.661272,10.4
2022-11-16 00:00:00,0.1,0.0,0.07,5.7900777,10.6
2022-11-16 01:00:00,0.2,0.0,0.14,5.481104,10.8
2022-11-16 02:00:00,0.2,0.0,0.14,5.470146,11.0
2022-11-16 03:00:00,0.2,0.0,0.14,4.9522724,10.7
2022-11-16 04:00:00,0.2,0.0,0.14,6.1534543,10.8
2022-11-16 05:00:00,0.2,0.0,0.14,5.9785028,9.5
2022-11-16 06:00:00,0.2,0.1,0.07,5.5993304,9.5
2022-11-16 07:00:00,0.1,0.0,0.07,4.9502525,9.5
2022-11-16 08:00:00,0.1,0.0,0.07,5.1009803,9.8
2022-11-16 09:00:00,0.1,0.0,0.07,5.3521023,10.2
2022-11-16 10:00:00,0.1,0.0,0.07,5.6535387,9.9
2022-11-16 11:00:00,0.0,0.0,0.0,5.250238,9.8
2022-11-16 12:00:00,0.0,0.0,0.0,5.152184,9.3
2022-11-16 13:00:00,0.0,0.0,0.0,4.9751883,9.1
2022-11-16 14:00:00,0.0,0.0,0.0,5.0064955,8.7
2022-11-16 15:00:00,0.0,0.0,0.0,5.0559373,8.8
2022-11-16 16:00:00,0.0,0.0,0.0,4.86621,8.4
2022-11-16 17:00:00,0.0,0.0,0.0,4.669047,7.9
2022-11-16 18:00:00,0.0,0.0,0.0,4.5400987,7.6
2022-11-16 19:00:00,0.0,0.0,0.0,4.3061,7.6
2022-11-16 20:00:00,0.0,0.0,0.0,4.183898,7.6
2022-11-16 21:00:00,0.0,0.0,0.0,4.244997,7.6
2022-11-16 22:00:00,0.0,0.0,0.0,4.215448,7.8
2022-11-16 23:00:00,0.0,0.0,0.0,4.24323,7.6
2022-11-17 00:00:00,0.0,0.0,0.0,4.1608295,7.2
2022-11-17 01:00:00,0.0,0.0,0.0,4.0798283,6.6
2022-11-17 02:00:00,0.0,0.0,0.0,4.0521603,6.4
2022-11-17 03:00:00,0.0,0.0,0.0,3.7593217,5.5
2022-11-17 04:00:00,0.0,0.0,0.0,3.6390247,5.4
2022-11-17 05:00:00,0.0,0.0,0.0,3.7976966,5.7
2022-11-17 06:00:00,0.0,0.0,0.0,3.925876,6.7
2022-11-17 07:00:00,0.0,0.0,0.0,3.8160844,6.3
2022-11-17 08:00:00,0.0,0.0,0.0,3.766298,6.4
2022-11-17 09:00:00,0.0,0.0,0.0,3.5128336,5.9
2022-11-17 10:00:00,0.0,0.0,0.0,2.5544078,4.4
2022-11-17 11:00:00,0.0,0.0,0.0,2.000625,2.8
2022-11-17 12:00:00,0.0,0.0,0.0,1.0793515,2.3
2022-11-17 13:00:00,0.0,0.0,0.0,1.3892444,2.1
2022-11-17 14:00:00,0.0,0.0,0.0,1.0630146,2.1
2022-11-17 15:00:00,0.0,0.0,0.0,0.7433034,2.2
2022-11-17 16:00:00,0.0,0.0,0.0,0.57008773,2.5
2022-11-17 17:00:00,0.0,0.0,0.0,1.0062306,3.1
2022-11-17 18:00:00,0.0,0.0,0.0,0.9013878,3.5
2022-11-17 19:00:00,0.0,0.0,0.0,1.2093385,2.2
2022-11-17 20:00:00,0.0,0.0,0.0,1.3892444,2.6
2022-11-17 21:00:00,0.0,0.0,0.0,1.5402921,3.0
2022-11-17 22:00:00,0.0,0.0,0.0,1.9293782,2.8
2022-11-17 23:00:00,0.0,0.0,0.0,1.6807737,2.7
2022-11-18 00:00:00,0.0,0.0,0.0,1.4534441,2.6
2022-11-18 01:00:00,0.0,0.0,0.0,1.4577379,2.7
2022-11-18 02:00:00,0.0,0.0,0.0,1.2971122,2.9
2022-11-18 03:00:00,0.0,0.0,0.0,1.4577379,2.8
2022-11-18 04:00:00,0.0,0.0,0.0,1.523975,2.7
2022-11-18 05:00:00,0.0,0.0,0.0,1.1412712,2.5
2022-11-18 06:00:00,0.0,0.0,0.0,0.7516648,2.0
2022-11-18 07:00:00,0.0,0.0,0.0,0.6726812,1.9
2022-11-18 08:00:00,0.0,0.0,0.0,1.5572411,2.6
2022-11-18 09:00:00,0.0,0.0,0.0,1.5132746,2.7
2022-11-18 10:00:00,0.0,0.0,0.0,1.3416408,2.1
2022-11-18 11:00:00,0.0,0.0,0.0,1.4008926,2.1
2022-11-18 12:00:00,0.0,0.0,0.0,1.5811387,2.0
2022-11-18 13:00:00,0.0,0.0,0.0,1.7528548,2.2
2022-11-18 14:00:00,0.0,0.0,0.0,2.15,2.7
2022-11-18 15:00:00,0.0,0.0,0.0,2.581182,3.3
2022-11-18 16:00:00,0.0,0.0,0.0,2.7932956,3.9
2022-11-18 17:00:00,0.0,0.0,0.0,2.4596748,4.0
2022-11-18 18:00:00,0.0,0.0,0.0,2.3286262,3.8
2022-11-18 19:00:00,0.0,0.0,0.0,1.5033296,3.0
2022-11-18 20:00:00,0.1,0.0,0.07,2.0524375,3.0
2022-11-18 21:00:00,0.0,0.0,0.0,1.806931,2.9
2022-11-18 22:00:00,0.0,0.0,0.0,1.7240939,3.2
2022-11-18 23:00:00,0.0,0.0,0.0,1.9912307,3.5
2022-11-19 00:00:00,0.0,0.0,0.0,1.5402921,2.9
2022-11-19 01:00:00,0.0,0.0,0.0,1.5913831,2.8
2022-11-19 02:00:00,0.0,0.0,0.0,1.882153,2.8
2022-11-19 03:00:00,0.1,0.0,0.07,1.7356554,2.9
2022-11-19 04:00:00,0.1,0.0,0.07,1.8439089,3.1
2022-11-19 05:00:00,0.1,0.0,0.07,1.6324828,3.6
2022-11-19 06:00:00,0.2,0.0,0.14,1.7691805,4.3
2022-11-19 07:00:00,0.2,0.0,0.14,1.9849433,4.1
2022-11-19 08:00:00,0.1,0.0,0.07,2.4397748,4.8
2022-11-19 09:00:00,0.1,0.0,0.07,2.6706738,5.1
2022-11-19 10:00:00,0.0,0.0,0.0,3.0103986,4.6
2022-11-19 11:00:00,0.0,0.0,0.0,2.8792362,4.0
2022-11-19 12:00:00,0.1,0.0,0.07,2.9347062,4.6
2022-11-19 13:00:00,0.1,0.0,0.07,3.0504098,4.8
2022-11-19 14:00:00,0.0,0.0,0.0,2.740894,4.2
2022-11-19 15:00:00,0.0,0.0,0.0,2.710166,4.6
2022-11-19 16:00:00,0.0,0.0,0.0,2.6196375,5.4
2022-11-19 17:00:00,0.0,0.0,0.0,3.0504098,5.9
2022-11-19 18:00:00,0.0,0.0,0.0,3.3245301,6.0
2022-11-19 19:00:00,0.0,0.0,0.0,3.1953092,5.6
2022-11-19 20:00:00,0.0,0.0,0.0,2.6617663,4.9
2022-11-19 21:00:00,0.0,0.0,0.0,2.6617663,4.9
2022-11-19 22:00:00,0.0,0.0,0.0,2.933428,5.2
2022-11-19 23:00:00,0.0,0.0,0.0,3.1064448,5.5
2022-11-20 00:00:00,0.0,0.0,0.0,3.0054116,5.3
2022-11-20 01:00:00,0.0,0.0,0.0,2.680019,4.7
2022-11-20 02:00:00,0.0,0.0,0.0,2.274313,4.0
2022-11-20 03:00:00,0.0,0.0,0.0,1.9830532,3.8
2022-11-20 04:00:00,0.0,0.0,0.0,2.0524375,3.9
2022-11-20 05:00:00,0.0,0.0,0.0,2.1783023,4.4
2022-11-20 06:00:00,0.0,0.0,0.0,1.471394,3.6
2022-11-20 07:00:00,0.0,0.0,0.0,0.8732125,2.3
2022-11-20 08:00:00,0.0,0.0,0.0,0.42426407,1.8
2022-11-20 09:00:00,0.0,0.0,0.0,0.5,1.7
2022-11-20 10:00:00,0.0,0.0,0.0,0.65,1.3
2022-11-20 11:00:00,0.0,0.0,0.0,0.81394106,1.4
2022-11-20 12:00:00,0.0,0.0,0.0,1.0920165,1.4
2022-11-20 13:00:00,0.0,0.0,0.0,1.0062306,1.2
2022-11-20 14:00:00,0.0,0.0,0.0,1.0,1.4
2022-11-20 15:00:00,0.0,0.0,0.0,1.2103719,1.7
2022-11-20 16:00:00,0.0,0.0,0.0,1.1101801,2.0
2022-11-20 17:00:00,0.0,0.0,0.0,0.6670832,1.9
2022-11-20 18:00:00,0.0,0.0,0.0,0.82764727,1.9
2022-11-20 19:00:00,0.0,0.0,0.0,1.9293782,2.4
2022-11-20 20:00:00,0.0,0.0,0.0,2.1639085,3.2
2022-11-20 21:00:00,0.0,0.0,0.0,2.2594247,2.9
2022-11-20 22:00:00,0.0,0.0,0.0,1.431782,1.7
2022-11-20 23:00:00,0.0,0.0,0.0,0.98994946,1.3
2022-11-21 00:00:00,0.0,0.0,0.0,1.7240939,1.8
2022-11-21 01:00:00,0.0,0.0,0.0,2.0554805,2.1
2022-11-21 02:00:00,0.0,0.0,0.0,2.3135471,2.4
2022-11-21 03:00:00,0.0,0.0,0.0,2.0260801,2.5
2022-11-21 04:00:00,0.0,0.0,0.0,1.8788295,2.5
2022-11-21 05:00:00,0.0,0.0,0.0,1.1401755,2.7
2022-11-21 06:00:00,0.0,0.0,0.0,0.95,3.1
2022-11-21 07:00:00,0.0,0.0,0.0,1.3038405,2.9
2022-11-21 08:00:00,0.0,0.0,0.0,1.3435029,2.6
2022-11-21 09:00:00,0.0,0.0,0.0,0.9013878,1.8
2022-11-21 10:00:00,0.0,0.0,0.0,0.6041523,1.6
2022-11-21 11:00:00,0.0,0.0,0.0,0.75,1.2
2022-11-21 12:00:00,0.0,0.0,0.0,1.1597414,1.4
2022-11-21 13:00:00,0.0,0.0,0.0,1.118034,1.6
2022-11-21 14:00:00,0.0,0.0,0.0,1.1236103,2.2
2022-11-21 15:00:00,0.0,0.0,0.0,1.8553975,3.0
2022-11-21 16:00:00,0.0,0.0,0.0,2.1523244,3.6
2022-11-21 17:00:00,0.0,0.0,0.0,2.4581497,3.7
2022-11-21 18:00:00,0.0,0.0,0.0,2.7064738,3.8
2022-11-21 19:00:00,0.0,0.0,0.0,2.214159,3.6
2022-11-21 20:00:00,0.0,0.0,0.0,2.302173,3.8
2022-11-21 21:00:00,0.0,0.0,0.0,2.6172504,4.4
2022-11-21 22:00:00,0.0,0.0,0.0,3.5784075,5.3
2022-11-21 23:00:00,0.0,0.0,0.0,4.014038,6.0
2022-11-22 00:00:00,0.0,0.0,0.0,4.1382365,6.2
2022-11-22 01:00:00,0.0,0.0,0.0,3.9537957,5.9
2022-11-22 02:00:00,0.0,0.0,0.0,4.148494,5.9
2022-11-22 03:00:00,0.0,0.0,0.0,4.2720017,6.4
2022-11-22 04:00:00,0.0,0.0,0.0,4.280771,6.8
2022-11-22 05:00:00,0.0,0.0,0.0,4.2426405,7.2
2022-11-22 06:00:00,0.0,0.0,0.0,4.3104525,7.6
2022-11-22 07:00:00,0.0,0.0,0.0,4.0112343,7.5
2022-11-22 08:00:00,0.0,0.0,0.0,3.952847,7.2
2022-11-22 09:00:00,0.0,0.0,0.0,3.6031234,6.6
2022-11-22 10:00:00,0.0,0.0,0.0,3.403307,5.9
2022-11-22 11:00:00,0.0,0.0,0.0,3.3049204,5.4
2022-11-22 12:00:00,0.0,0.0,0.0,3.238827,5.4
2022-11-22 13:00:00,0.0,0.0,0.0,3.083018,5.0
2022-11-22 14:00:00,0.0,0.0,0.0,2.857009,4.8
2022-11-22 15:00:00,0.0,0.0,0.0,2.7613401,4.7
2022-11-22 16:00:00,0.0,0.0,0.0,2.6580067,4.2
2022-11-22 17:00:00,0.0,0.0,0.0,2.4382372,3.8
2022-11-22 18:00:00,0.0,0.0,0.0,2.3200216,3.0
2022-11-22 19:00:00,0.0,0.0,0.0,2.0886598,3.4
2022-11-22 20:00:00,0.0,0.0,0.0,2.0808651,3.5
2022-11-22 21:00:00,0.0,0.0,0.0,1.8309833,3.5
2022-11-22 22:00:00,0.0,0.0,0.0,1.9137659,3.5
2022-11-22 23:00:00,0.0,0.0,0.0,1.7902514,3.2
2022-11-23 00:00:00,0.0,0.0,0.0,1.8179659,3.2
2022-11-23 01:00:00,0.0,0.0,0.0,1.8560711,3.1
2022-11-23 02:00:00,0.0,0.0,0.0,1.9962465,3.4
2022-11-23 03:00:00,0.0,0.0,0.0,1.9780041,3.3
2022-11-23 04:00:00,0.0,0.0,0.0,1.7585506,3.3
2022-11-23 05:00:00,0.0,0.0,0.0,1.9006578,3.5
2022-11-23 06:00:00,0.0,0.0,0.0,1.5231546,3.5
2022-11-23 07:00:00,0.0,0.0,0.0,1.2041595,3.0
2022-11-23 08:00:00,0.0,0.0,0.0,0.9617692,2.5
2022-11-23 09:00:00,0.0,0.0,0.0,1.0012492,2.3
2022-11-23 10:00:00,0.0,0.0,0.0,1.2175796,1.5
2022-11-23 11:00:00,0.0,0.0,0.0,1.6568041,1.3
2022-11-23 12:00:00,0.0,0.0,0.0,2.6386547,2.4
2022-11-23 13:00:00,0.0,0.0,0.0,2.6730134,2.1
2022-11-23 14:00:00,0.0,0.0,0.0,2.865746,2.6
2022-11-23 15:00:00,0.0,0.0,0.0,2.6234517,3.4
2022-11-23 16:00:00,0.0,0.0,0.0,2.6925824,3.3
2022-11-23 17:00:00,0.0,0.0,0.0,2.4824383,3.7
2022-11-23 18:00:00,0.0,0.0,0.0,2.8900692,4.5
2022-11-23 19:00:00,0.0,0.0,0.0,3.0647185,5.1
2022-11-23 20:00:00,0.0,0.0,0.0,3.0372684,5.3
2022-11-23 21:00:00,0.0,0.0,0.0,3.176476,5.4
2022-11-23 22:00:00,0.1,0.0,0.07,3.309456,5.1
2022-11-23 23:00:00,0.0,0.0,0.0,3.4238136,5.3
2022-11-24 00:00:00,0.0,0.0,0.0,3.511766,5.3
2022-11-24 01:00:00,0.0,0.0,0.0,3.510698,5.5
2022-11-24 02:00:00,0.0,0.0,0.0,3.510698,6.0
2022-11-24 03:00:00,0.0,0.0,0.0,3.6503422,6.2
2022-11-24 04:00:00,0.0,0.0,0.0,3.6249137,6.5
2022-11-24 05:00:00,0.0,0.0,0.0,3.6715121,6.8
2022-11-24 06:00:00,0.0,0.0,0.0,3.689512,6.9
2022-11-24 07:00:00,0.0,0.0,0.0,3.7343004,6.9
2022-11-24 08:00:00,0.0,0.0,0.0,3.5794554,6.6
2022-11-24 09:00:00,0.0,0.0,0.0,3.4176016,6.4
2022-11-24 10:00:00,0.1,0.0,0.07,3.3203917,6.1
2022-11-24 11:00:00,0.2,0.0,0.14,3.7165172,6.5
2022-11-24 12:00:00,0.3,0.0,0.21000001,3.8600519,6.8
2022-11-24 13:00:00,0.4,0.0,0.28,4.087175,7.1
2022-11-24 14:00:00,0.4,0.0,0.28,4.295346,7.6
2022-11-24 15:00:00,0.3,0.0,0.21000001,4.3737855,7.9
2022-11-24 16:00:00,0.4,0.0,0.28,4.2664385,7.9
2022-11-24 17:00:00,0.7,0.0,0.48999998,4.2172265,7.7
2022-11-24 18:00:00,1.1,0.0,0.77,4.1773195,7.7
2022-11-24 19:00:00,1.1,0.0,0.77,4.193149,7.5
2022-11-24 20:00:00,1.0,0.0,0.7,4.15271,7.4
2022-11-24 21:00:00,0.7,0.0,0.48999998,4.3289723,7.7
2022-11-24 22:00:00,0.5,0.0,0.35,4.611399,8.0
2022-11-24 23:00:00,0.5,0.0,0.35,4.636,8.0
2022-11-25 00:00:00,0.6,0.0,0.42000002,5.17349,9.3
2022-11-25 01:00:00,0.7,0.0,0.48999998,5.6870465,10.5
2022-11-25 02:00:00,0.8,0.0,0.56,5.992704,11.1
2022-11-25 03:00:00,1.0,0.0,0.7,6.364157,11.4
2022-11-25 04:00:00,1.0,0.0,0.7,6.6138115,12.1
2022-11-25 05:00:00,1.0,0.0,0.7,6.985163,12.8
2022-11-25 06:00:00,0.7,0.0,0.48999998,7.1317954,13.0
2022-11-25 07:00:00,0.3,0.0,0.21000001,6.9115844,12.2
2022-11-25 08:00:00,0.1,0.0,0.07,6.7091355,12.0
2022-11-25 09:00:00,0.1,0.0,0.07,6.6251416,11.5
2022-11-25 10:00:00,0.1,0.0,0.07,6.198387,11.0
2022-11-25 11:00:00,0.0,0.0,0.0,6.593368,11.3
2022-11-25 12:00:00,0.0,0.0,0.0,6.1355524,10.6
2022-11-25 13:00:00,0.0,0.0,0.0,5.7567353,9.9
2022-11-25 14:00:00,0.0,0.0,0.0,5.4120235,9.3
2022-11-25 15:00:00,0.0,0.0,0.0,5.0,8.6
2022-11-25 16:00:00,0.0,0.0,0.0,4.45926,7.9
2022-11-25 17:00:00,0.0,0.0,0.0,4.1743264,7.3
2022-11-25 18:00:00,0.0,0.0,0.0,3.9560082,7.2
2022-11-25 19:00:00,0.0,0.0,0.0,3.83471,6.2
2022-11-25 20:00:00,0.0,0.0,0.0,3.696282,6.2
2022-11-25 21:00:00,0.0,0.0,0.0,3.7423255,6.2
2022-11-25 22:00:00,0.0,0.0,0.0,3.7513332,6.3
2022-11-25 23:00:00,0.0,0.0,0.0,3.640055,6.0
2022-11-26 00:00:00,0.0,0.0,0.0,3.6769552,5.6
2022-11-26 01:00:00,0.0,0.0,0.0,3.3615472,5.2
2022-11-26 02:00:00,0.0,0.0,0.0,3.2897568,5.2
2022-11-26 03:00:00,0.0,0.0,0.0,3.2206366,5.1
2022-11-26 04:00:00,0.0,0.0,0.0,3.001666,5.0
2022-11-26 05:00:00,0.0,0.0,0.0,2.8900692,4.8
2022-11-26 06:00:00,0.0,0.0,0.0,2.7735357,4.3
2022-11-26 07:00:00,0.0,0.0,0.0,2.4413111,4.1
2022-11-26 08:00:00,0.0,0.0,0.0,2.178302,3.7
2022-11-26 09:00:00,0.0,0.0,0.0,1.9006578,3.3
2022-11-26 10:00:00,0.0,0.0,0.0,1.7327724,3.1
2022-11-26 11:00:00,0.0,0.0,0.0,2.2022715,3.3
2022-11-26 12:00:00,0.0,0.0,0.0,2.4052026,3.4
2022-11-26 13:00:00,0.0,0.0,0.0,2.7280946,3.8
2022-11-26 14:00:00,0.0,0.0,0.0,2.7225907,3.7
2022-11-26 15:00:00,0.0,0.0,0.0,2.710166,3.5
2022-11-26 16:00:00,0.0,0.0,0.0,2.4520397,3.5
2022-11-26 17:00:00,0.0,0.0,0.0,2.1868927,3.6
2022-11-26 18:00:00,0.0,0.0,0.0,2.1592824,3.4
2022-11-26 19:00:00,0.0,0.0,0.0,2.1523244,3.3
2022-11-26 20:00:00,0.0,0.0,0.0,2.05,3.3
2022-11-26 21:00:00,0.0,0.0,0.0,1.9780041,3.3
2022-11-26 22:00:00,0.0,0.0,0.0,2.5044959,3.2
2022-11-26 23:00:00,0.0,0.0,0.0,2.2770596,3.1
2022-11-27 00:00:00,0.0,0.0,0.0,1.7755281,3.1
2022-11-27 01:00:00,0.0,0.0,0.0,1.811077,3.1
2022-11-27 02:00:00,0.0,0.0,0.0,2.000625,3.5
2022-11-27 03:00:00,0.0,0.0,0.0,2.3505318,3.8
2022-11-27 04:00:00,0.0,0.0,0.0,2.7518177,4.1
2022-11-27 05:00:00,0.0,0.0,0.0,2.804015,4.1
2022-11-27 06:00:00,0.0,0.0,0.0,3.0016663,4.2
2022-11-27 07:00:00,0.0,0.0,0.0,3.0004165,4.7
2022-11-27 08:00:00,0.0,0.0,0.0,3.0037477,4.7
2022-11-27 09:00:00,0.0,0.0,0.0,2.9605744,4.7
2022-11-27 10:00:00,0.0,0.0,0.0,2.8160255,4.9
2022-11-27 11:00:00,0.0,0.0,0.0,2.9347062,5.3
2022-11-27 12:00:00,0.0,0.0,0.0,3.3376637,5.9
2022-11-27 13:00:00,0.0,0.0,0.0,3.5510561,6.4
2022-11-27 14:00:00,0.0,0.0,0.0,3.740655,6.7
2022-11-27 15:00:00,0.0,0.0,0.0,3.8823316,6.8
2022-11-27 16:00:00,0.0,0.0,0.0,4.0199504,6.9
2022-11-27 17:00:00,0.0,0.0,0.0,4.160829,7.0
2022-11-27 18:00:00,0.0,0.0,0.0,4.1548166,7.0
2022-11-27 19:00:00,0.0,0.0,0.0,4.0028114,6.7
2022-11-27 20:00:00,0.0,0.0,0.0,3.8029594,6.4
2022-11-27 21:00:00,0.0,0.0,0.0,3.6585517,6.1
2022-11-27 22:00:00,0.0,0.0,0.0,3.5587919,6.1
2022-11-27 23:00:00,0.0,0.0,0.0,3.5587919,6.2
2022-11-28 00:00:00,0.0,0.0,0.0,3.5556293,6.5
2022-11-28 01:00:00,0.0,0.0,0.0,3.6031234,6.6
2022-11-28 02:00:00,0.0,0.0,0.0,3.6513696,6.5
2022-11-28 03:00:00,0.0,0.0,0.0,3.75,6.4
2022-11-28 04:00:00,0.0,0.0,0.0,3.8029594,6.4
2022-11-28 05:00:00,0.0,0.0,0.0,3.7165172,6.2
2022-11-28 06:00:00,0.0,0.0,0.0,3.6776352,5.8
2022-11-28 07:00:00,0.0,0.0,0.0,3.6840875,5.9
2022-11-28 08:00:00,0.0,0.0,0.0,3.5784075,5.8
2022-11-28 09:00:00,0.0,0.0,0.0,3.5174565,5.8
2022-11-28 10:00:00,0.0,0.0,0.0,3.3514922,5.9
2022-11-28 11:00:00,0.0,0.0,0.0,3.6,6.3
2022-11-28 12:00:00,0.0,0.0,0.0,3.9,6.7
2022-11-28 13:00:00,0.0,0.0,0.0,4.0,6.7
2022-11-28 14:00:00,0.0,0.0,0.0,4.00125,6.7
2022-11-28 15:00:00,0.0,0.0,0.0,4.052777,6.7
2022-11-28 16:00:00,0.0,0.0,0.0,4.007805,6.6
2022-11-28 17:00:00,0.0,0.0,0.0,3.8082147,6.3
2022-11-28 18:00:00,0.0,0.0,0.0,3.8118236,6.1
2022-11-28 19:00:00,0.0,0.0,0.0,3.8658762,6.4
2022-11-28 20:00:00,0.0,0.0,0.0,3.8616705,6.5
2022-11-28 21:00:00,0.0,0.0,0.0,3.8512983,6.6
2022-11-28 22:00:00,0.0,0.0,0.0,3.952847,6.7
2022-11-28 23:00:00,0.0,0.0,0.0,3.9503164,6.9
2022-11-29 00:00:00,0.0,0.0,0.0,3.95506,7.0
2022-11-29 01:00:00,0.0,0.0,0.0,4.0577087,7.0
2022-11-29 02:00:00,0.0,0.0,0.0,4.2145576,7.4
2022-11-29 03:00:00,0.0,0.0,0.0,4.318565,7.5
2022-11-29 04:00:00,0.0,0.0,0.0,4.3289723,7.3
2022-11-29 05:00:00,0.0,0.0,0.0,4.25,6.8
2022-11-29 06:00:00,0.0,0.0,0.0,3.9881072,6.2
2022-11-29 07:00:00,0.0,0.0,0.0,3.7215588,6.6
2022-11-29 08:00:00,0.0,0.0,0.0,3.6840875,6.5
2022-11-29 09:00:00,0.0,0.0,0.0,3.9322386,6.8
2022-11-29 10:00:00,0.0,0.0,0.0,4.3442492,7.3
2022-11-29 11:00:00,0.0,0.0,0.0,4.5235496,7.8
2022-11-29 12:00:00,0.0,0.0,0.0,4.6695824,8.0
2022-11-29 13:00:00,0.0,0.0,0.0,4.638157,7.9
2022-11-29 14:00:00,0.0,0.0,0.0,4.422951,7.6
2022-11-29 15:00:00,0.0,0.0,0.0,4.2172265,7.2
2022-11-29 16:00:00,0.0,0.0,0.0,4.110049,6.9
2022-11-29 17:00:00,0.0,0.0,0.0,4.0447497,6.8
2022-11-29 18:00:00,0.0,0.0,0.0,4.0376353,6.7
2022-11-29 19:00:00,0.0,0.0,0.0,3.9319208,6.7
2022-11-29 20:00:00,0.0,0.0,0.0,3.7901187,6.5
2022-11-29 21:00:00,0.0,0.0,0.0,3.667424,6.4
2022-11-29 22:00:00,0.0,0.0,0.0,3.6390247,6.3
2022-11-29 23:00:00,0.0,0.0,0.0,3.6503425,6.2
2022-11-30 00:00:00,0.0,0.0,0.0,3.7854989,6.4
2022-11-30 01:00:00,0.0,0.0,0.0,4.040421,6.7
2022-11-30 02:00:00,0.0,0.0,0.0,4.197618,7.0
2022-11-30 03:00:00,0.0,0.0,0.0,4.3061,7.0
2022-11-30 04:00:00,0.0,0.0,0.0,4.366062,7.1
2022-11-30 05:00:00,0.0,0.0,0.0,4.5721984,7.5
2022-11-30 06:00:00,0.0,0.0,0.0,4.7415714,7.7
2022-11-30 07:00:00,0.0,0.0,0.0,4.5013885,7.8
2022-11-30 08:00:00,0.0,0.0,0.0,4.648118,8.0
2022-11-30 09:00:00,0.0,0.0,0.0,4.962358,8.5
2022-11-30 10:00:00,0.0,0.0,0.0,5.396758,9.0
2022-11-30 11:00:00,0.0,0.0,0.0,5.6632586,9.5
2022-11-30 12:00:00,0.0,0.0,0.0,5.8090444,10.0
2022-11-30 13:00:00,0.0,0.0,0.0,6.052479,10.5
2022-11-30 14:00:00,0.0,0.0,0.0,6.15,10.8
2022-11-30 15:00:00,0.0,0.0,0.0,6.285897,11.0
2022-11-30 16:00:00,0.0,0.0,0.0,6.404881,11.1
2022-11-30 17:00:00,0.0,0.0,0.0,6.596969,11.3
2022-11-30 18:00:00,0.0,0.0,0.0,6.7581434,11.6
2022-11-30 19:00:00,0.0,0.0,0.0,6.7861996,12.0
2022-11-30 20:00:00,0.0,0.0,0.0,6.815607,12.0
2022-11-30 21:00:00,0.0,0.0,0.0,6.909595,12.2
2022-11-30 22:00:00,0.0,0.0,0.0,7.4313526,12.4
2022-11-30 23:00:00,0.0,0.0,0.0,7.4330344,12.4
2022-12-01 00:00:00,0.0,0.0,0.0,7.3268337,12.4
2022-12-01 01:00:00,0.0,0.0,0.0,7.2334294,12.5
2022-12-01 02:00:00,0.0,0.0,0.0,7.28869,12.5
2022-12-01 03:00:00,0.0,0.0,0.0,7.316078,12.5
2022-12-01 04:00:00,0.0,0.0,0.0,7.268081,12.3
2022-12-01 05:00:00,0.0,0.0,0.0,7.088371,12.2
2022-12-01 06:00:00,0.0,0.0,0.0,6.766277,10.8
2022-12-01 07:00:00,0.0,0.0,0.0,6.983552,12.1
2022-12-01 08:00:00,0.0,0.0,0.0,7.008031,12.0
2022-12-01 09:00:00,0.0,0.0,0.0,6.715095,11.7
2022-12-01 10:00:00,0.0,0.0,0.0,7.5041656,13.4
2022-12-01 11:00:00,0.0,0.0,0.0,7.6059184,12.7
2022-12-01 12:00:00,0.0,0.0,0.0,7.4242845,12.3
2022-12-01 13:00:00,0.0,0.0,0.0,7.289891,12.0
2022-12-01 14:00:00,0.0,0.0,0.0,7.066117,11.9
2022-12-01 15:00:00,0.0,0.0,0.0,6.779749,11.4
2022-12-01 16:00:00,0.0,0.0,0.0,6.3884664,10.8
2022-12-01 17:00:00,0.0,0.0,0.0,6.1165757,10.2
2022-12-01 18:00:00,0.0,0.0,0.0,5.992704,10.0
2022-12-01 19:00:00,0.0,0.0,0.0,5.95084,10.4
2022-12-01 20:00:00,0.0,0.0,0.0,5.992704,10.4
2022-12-01 21:00:00,0.0,0.0,0.0,5.842303,10.1
2022-12-01 22:00:00,0.0,0.0,0.0,6.048347,9.8
2022-12-01 23:00:00,0.0,0.0,0.0,5.7999997,9.4
2022-12-02 00:00:00,0.0,0.0,0.0,5.519511,9.3
2022-12-02 01:00:00,0.0,0.0,0.0,5.211766,9.0
2022-12-02 02:00:00,0.0,0.0,0.0,4.8592696,8.5
2022-12-02 03:00:00,0.0,0.0,0.0,4.7950497,8.2
2022-12-02 04:00:00,0.0,0.0,0.0,4.90408,8.2
2022-12-02 05:00:00,0.0,0.0,0.0,4.9819674,8.2
2022-12-02 06:00:00,0.0,0.0,0.0,4.89183,7.9
2022-12-02 07:00:00,0.0,0.0,0.0,5.065817,9.0
2022-12-02 08:00:00,0.0,0.0,0.0,5.240229,9.1
2022-12-02 09:00:00,0.0,0.0,0.0,5.5375986,9.7
2022-12-02 10:00:00,0.0,0.0,0.0,6.005206,9.9
2022-12-02 11:00:00,0.0,0.0,0.0,6.030133,9.8
2022-12-02 12:00:00,0.0,0.0,0.0,6.1611686,9.8
2022-12-02 13:00:00,0.0,0.0,0.0,6.1032777,9.8
2022-12-02 14:00:00,0.0,0.0,0.0,5.900212,9.7
2022-12-02 15:00:00,0.0,0.0,0.0,5.600223,9.3
2022-12-02 16:00:00,0.0,0.0,0.0,5.2630787,8.8
2022-12-02 17:00:00,0.0,0.0,0.0,5.2175183,8.3
2022-12-02 18:00:00,0.0,0.0,0.0,5.1363897,7.9
2022-12-02 19:00:00,0.0,0.0,0.0,4.988236,8.7
2022-12-02 20:00:00,0.0,0.0,0.0,4.773102,8.3
2022-12-02 21:00:00,0.0,0.0,0.0,4.774149,8.3
2022-12-02 22:00:00,0.0,0.0,0.0,5.3443894,8.5
2022-12-02 23:00:00,0.0,0.0,0.0,5.415025,8.8
2022-12-03 00:00:00,0.0,0.0,0.0,5.481104,8.9
2022-12-03 01:00:00,0.0,0.0,0.0,5.551801,9.0
2022-12-03 02:00:00,0.0,0.0,0.0,5.667892,9.0
2022-12-03 03:00:00,0.0,0.0,0.0,5.7107353,9.1
2022-12-03 04:00:00,0.0,0.0,0.0,5.169623,8.2
2022-12-03 05:00:00,0.0,0.0,0.0,5.1792855,8.6
2022-12-03 06:00:00,0.0,0.0,0.0,5.310602,8.9
2022-12-03 07:00:00,0.0,0.0,0.0,5.2711477,9.6
2022-12-03 08:00:00,0.0,0.0,0.0,5.3649325,9.8
2022-12-03 09:00:00,0.0,0.0,0.0,5.456189,9.8
2022-12-03 10:00:00,0.0,0.0,0.0,5.481104,9.5
2022-12-03 11:00:00,0.0,0.0,0.0,5.5158863,9.1
2022-12-03 12:00:00,0.0,0.0,0.0,5.6931977,9.3
2022-12-03 13:00:00,0.0,0.0,0.0,5.59017,9.2
2022-12-03 14:00:00,0.0,0.0,0.0,5.519511,9.1
2022-12-03 15:00:00,0.0,0.0,0.0,5.3443894,8.4
2022-12-03 16:00:00,0.0,0.0,0.0,4.8872285,8.0
2022-12-03 17:00:00,0.0,0.0,0.0,4.35,7.4
2022-12-03 18:00:00,0.0,0.0,0.0,4.1439714,7.0
2022-12-03 19:00:00,0.0,0.0,0.0,4.0512342,7.2
2022-12-03 20:00:00,0.0,0.0,0.0,4.0816665,7.1
2022-12-03 21:00:00,0.0,0.0,0.0,4.0503087,6.9
2022-12-03 22:00:00,0.0,0.0,0.0,3.9446166,6.6
2022-12-03 23:00:00,0.0,0.0,0.0,3.5598454,6.0
2022-12-04 00:00:00,0.0,0.0,0.0,3.354102,5.8
2022-12-04 01:00:00,0.0,0.0,0.0,3.335416,5.9
2022-12-04 02:00:00,0.0,0.0,0.0,3.0203476,5.0
2022-12-04 03:00:00,0.0,0.0,0.0,2.6315393,4.4
2022-12-04 04:00:00,0.0,0.0,0.0,2.326478,3.8
2022-12-04 05:00:00,0.0,0.0,0.0,2.1023796,3.3
2022-12-04 06:00:00,0.0,0.0,0.0,1.718284,3.2
2022-12-04 07:00:00,0.0,0.0,0.0,1.5206907,3.0
2022-12-04 08:00:00,0.0,0.0,0.0,1.4603082,2.8
2022-12-04 09:00:00,0.0,0.0,0.0,1.443087,2.5
2022-12-04 10:00:00,0.0,0.0,0.0,1.603122,2.9
2022-12-04 11:00:00,0.0,0.0,0.0,2.1783023,3.4
2022-12-04 12:00:00,0.0,0.0,0.0,2.2321515,3.4
2022-12-04 13:00:00,0.0,0.0,0.0,2.200568,3.4
2022-12-04 14:00:00,0.0,0.0,0.0,2.1931713,3.4
2022-12-04 15:00:00,0.0,0.0,0.0,2.1476731,3.3
2022-12-04 16:00:00,0.0,0.0,0.0,2.1242645,3.3
2022-12-04 17:00:00,0.0,0.0,0.0,2.1029742,3.4
2022-12-04 18:00:00,0.0,0.0,0.0,2.2209232,3.4
2022-12-04 19:00:00,0.0,0.0,0.0,2.2896507,3.4
2022-12-04 20:00:00,0.0,0.0,0.0,2.4274473,3.5
2022-12-04 21:00:00,0.0,0.0,0.0,2.7202942,3.5
2022-12-04 22:00:00,0.0,0.0,0.0,2.441823,3.4
2022-12-04 23:00:00,0.0,0.0,0.0,2.311385,3.0
2022-12-05 00:00:00,0.0,0.0,0.0,1.6224982,2.8
2022-12-05 01:00:00,0.0,0.0,0.0,1.431782,2.4
2022-12-05 02:00:00,0.0,0.0,0.0,1.2020814,1.9
2022-12-05 03:00:00,0.0,0.0,0.0,1.0688778,1.4
2022-12-05 04:00:00,0.0,0.0,0.0,1.2658988,2.0
2022-12-05 05:00:00,0.0,0.0,0.0,1.2020814,2.5
2022-12-05 06:00:00,0.0,0.0,0.0,1.0977249,2.7
2022-12-05 07:00:00,0.0,0.0,0.0,1.0,2.7
2022-12-05 08:00:00,0.0,0.0,0.0,0.84852815,2.3
2022-12-05 09:00:00,0.0,0.0,0.0,0.68007356,1.8
2022-12-05 10:00:00,0.0,0.0,0.0,0.36055514,0.7
2022-12-05 11:00:00,0.0,0.0,0.0,0.111803405,0.4
2022-12-05 12:00:00,0.0,0.0,0.0,0.41231057,1.0
2022-12-05 13:00:00,0.0,0.0,0.0,0.5830952,1.2
2022-12-05 14:00:00,0.0,0.0,0.0,0.75,1.4
2022-12-05 15:00:00,0.0,0.0,0.0,0.8544004,1.3
2022-12-05 16:00:00,0.0,0.0,0.0,0.9055385,1.8
2022-12-05 17:00:00,0.0,0.0,0.0,0.801561,1.6
2022-12-05 18:00:00,0.0,0.0,0.0,0.7566373,1.3
2022-12-05 19:00:00,0.0,0.0,0.0,0.82764727,1.3
2022-12-05 20:00:00,0.0,0.0,0.0,1.1884865,1.6
2022-12-05 21:00:00,0.0,0.0,0.0,1.0793515,1.4
2022-12-05 22:00:00,0.0,0.0,0.0,0.85,1.3
2022-12-05 23:00:00,0.0,0.0,0.0,0.559017,0.7
2022-12-06 00:00:00,0.0,0.0,0.0,0.15811388,0.6
2022-12-06 01:00:00,0.0,0.0,0.0,0.64031243,1.3
2022-12-06 02:00:00,0.0,0.0,0.0,1.1280514,1.6
2022-12-06 03:00:00,0.0,0.0,0.0,1.2539936,1.9
2022-12-06 04:00:00,0.0,0.0,0.0,0.76485294,2.0
2022-12-06 05:00:00,0.0,0.0,0.0,1.0307764,2.6
2022-12-06 06:00:00,0.0,0.0,0.0,0.7516648,3.1
2022-12-06 07:00:00,0.0,0.0,0.0,1.054751,2.7
2022-12-06 08:00:00,0.0,0.0,0.0,1.1672617,2.9
2022-12-06 09:00:00,0.0,0.0,0.0,1.1768602,2.6
2022-12-06 10:00:00,0.0,0.0,0.0,1.2379419,2.1
2022-12-06 11:00:00,0.0,0.0,0.0,1.811767,2.1
2022-12-06 12:00:00,0.0,0.0,0.0,1.4499999,2.3
2022-12-06 13:00:00,0.0,0.0,0.0,1.8901058,2.4
2022-12-06 14:00:00,0.0,0.0,0.0,2.1272047,2.9
2022-12-06 15:00:00,0.0,0.0,0.0,2.0892582,2.9
2022-12-06 16:00:00,0.0,0.0,0.0,1.9416487,2.7
2022-12-06 17:00:00,0.0,0.0,0.0,1.471394,2.4
2022-12-06 18:00:00,0.0,0.0,0.0,1.4773287,2.5
2022-12-06 19:00:00,0.0,0.0,0.0,1.9137659,3.3
2022-12-06 20:00:00,0.0,0.0,0.0,1.970406,3.5
2022-12-06 21:00:00,0.0,0.0,0.0,1.9293782,3.2
2022-12-06 22:00:00,0.0,0.0,0.0,2.0112185,3.0
2022-12-06 23:00:00,0.0,0.0,0.0,2.1708293,3.1
2022-12-07 00:00:00,0.0,0.0,0.0,2.311385,3.4
2022-12-07 01:00:00,0.0,0.0,0.0,2.4824383,3.7
2022-12-07 02:00:00,0.0,0.0,0.0,2.5714781,3.8
2022-12-07 03:00:00,0.0,0.0,0.0,2.4884734,3.8
2022-12-07 04:00:00,0.0,0.0,0.0,2.404163,3.8
2022-12-07 05:00:00,0.0,0.0,0.0,2.2321515,3.6
2022-12-07 06:00:00,0.0,0.0,0.0,1.9300259,3.5
2022-12-07 07:00:00,0.0,0.0,0.0,1.5976546,3.2
2022-12-07 08:00:00,0.0,0.0,0.0,1.4764823,3.0
2022-12-07 09:00:00,0.0,0.0,0.0,1.5945219,2.9
2022-12-07 10:00:00,0.0,0.0,0.0,1.9006578,3.0
2022-12-07 11:00:00,0.0,0.0,0.0,2.2410934,3.3
2022-12-07 12:00:00,0.0,0.0,0.0,2.5495098,3.6
2022-12-07 13:00:00,0.0,0.0,0.0,2.5124688,3.6
2022-12-07 14:00:00,0.0,0.0,0.0,2.45204,3.4
2022-12-07 15:00:00,0.0,0.0,0.0,2.3436084,3.4
2022-12-07 16:00:00,0.0,0.0,0.0,2.0554805,3.0
2022-12-07 17:00:00,0.0,0.0,0.0,1.8027756,2.6
2022-12-07 18:00:00,0.0,0.0,0.0,1.8927494,2.6
2022-12-07 19:00:00,0.0,0.0,0.0,1.7888545,2.9
2022-12-07 20:00:00,0.0,0.0,0.0,1.6401219,2.6
2022-12-07 21:00:00,0.0,0.0,0.0,1.7414075,2.8
2022-12-07 22:00:00,0.0,0.0,0.0,2.0,2.9
2022-12-07 23:00:00,0.0,0.0,0.0,1.9981241,2.9
2022-12-08 00:00:00,0.0,0.0,0.0,1.9006578,2.8
2022-12-08 01:00:00,0.0,0.0,0.0,1.8027756,2.7
2022-12-08 02:00:00,0.0,0.0,0.0,1.7356555,2.5
2022-12-08 03:00:00,0.0,0.0,0.0,1.4142135,2.3
2022-12-08 04:00:00,0.0,0.0,0.0,1.118034,2.0
2022-12-08 05:00:00,0.0,0.0,0.0,0.79056937,1.9
2022-12-08 06:00:00,0.0,0.0,0.0,0.57008773,2.3
2022-12-08 07:00:00,0.0,0.0,0.0,0.71589106,2.3
2022-12-08 08:00:00,0.0,0.0,0.0,0.8077747,2.3
2022-12-08 09:00:00,0.0,0.0,0.0,0.7106335,1.9
2022-12-08 10:00:00,0.0,0.0,0.0,0.53851646,1.3
2022-12-08 11:00:00,0.0,0.0,0.0,0.75,1.4
2022-12-08 12:00:00,0.0,0.0,0.0,1.285496,1.9
2022-12-08 13:00:00,0.0,0.0,0.0,1.811077,2.4
2022-12-08 14:00:00,0.0,0.0,0.0,1.8,2.5
2022-12-08 15:00:00,0.0,0.0,0.0,1.5074813,2.5
2022-12-08 16:00:00,0.0,0.0,0.0,1.8607794,3.2
2022-12-08 17:00:00,0.0,0.0,0.0,2.1644862,3.7
2022-12-08 18:00:00,0.0,0.0,0.0,2.236068,3.8
2022-12-08 19:00:00,0.0,0.0,0.0,2.304886,3.9
2022-12-08 20:00:00,0.0,0.0,0.0,2.2461078,4.2
2022-12-08 21:00:00,0.0,0.0,0.0,2.3717082,4.3
2022-12-08 22:00:00,0.0,0.0,0.0,2.8900692,4.1
2022-12-08 23:00:00,0.0,0.0,0.0,2.9841247,4.2
2022-12-09 00:00:00,0.0,0.0,0.0,3.0232434,4.2
2022-12-09 01:00:00,0.0,0.0,0.0,2.9702694,4.6
2022-12-09 02:00:00,0.0,0.0,0.0,2.900431,4.4
2022-12-09 03:00:00,0.0,0.0,0.0,2.8900692,4.3
2022-12-09 04:00:00,0.0,0.0,0.0,2.8900692,4.5
2022-12-09 05:00:00,0.0,0.0,0.0,2.900431,4.8
2022-12-09 06:00:00,0.0,0.0,0.0,2.8151376,5.0
2022-12-09 07:00:00,0.0,0.0,0.0,2.7202942,5.0
2022-12-09 08:00:00,0.0,0.0,0.0,2.6953664,5.2
2022-12-09 09:00:00,0.0,0.0,0.0,2.7280946,5.1
2022-12-09 10:00:00,0.0,0.0,0.0,2.7225907,4.8
2022-12-09 11:00:00,0.0,0.0,0.0,2.6201146,4.6
2022-12-09 12:00:00,0.0,0.0,0.0,2.829311,4.9
2022-12-09 13:00:00,0.0,0.0,0.0,2.9516943,4.9
2022-12-09 14:00:00,0.0,0.0,0.0,2.930017,4.9
2022-12-09 15:00:00,0.0,0.0,0.0,2.857009,4.7
2022-12-09 16:00:00,0.0,0.0,0.0,2.8178005,4.6
2022-12-09 17:00:00,0.0,0.0,0.0,2.804015,4.7
2022-12-09 18:00:00,0.0,0.0,0.0,2.751363,4.9
2022-12-09 19:00:00,0.0,0.0,0.0,2.782984,4.7
2022-12-09 20:00:00,0.0,0.0,0.0,2.8151379,4.9
2022-12-09 21:00:00,0.0,0.0,0.0,2.9567719,5.1
2022-12-09 22:00:00,0.0,0.0,0.0,3.184729,5.2
2022-12-09 23:00:00,0.0,0.0,0.0,3.2962098,5.3
2022-12-10 00:00:00,0.0,0.0,0.0,3.4354768,5.5
2022-12-10 01:00:00,0.0,0.0,0.0,3.4644625,5.6
2022-12-10 02:00:00,0.0,0.0,0.0,3.5584404,5.7
2022-12-10 03:00:00,0.0,0.0,0.0,3.4539833,5.8
2022-12-10 04:00:00,0.0,0.0,0.0,3.6006944,6.0
2022-12-10 05:00:00,0.0,0.0,0.0,3.77955,6.4
2022-12-10 06:00:00,0.0,0.0,0.0,4.118252,6.7
2022-12-10 07:00:00,0.0,0.0,0.0,4.527693,7.6
2022-12-10 08:00:00,0.0,0.0,0.0,4.707707,7.8
2022-12-10 09:00:00,0.0,0.0,0.0,4.6089587,8.1
2022-12-10 10:00:00,0.0,0.0,0.0,4.7010636,7.8
2022-12-10 11:00:00,0.0,0.0,0.0,4.585303,7.5
2022-12-10 12:00:00,0.0,0.0,0.0,4.498055,7.3
2022-12-10 13:00:00,0.0,0.0,0.0,4.3081317,7.1
2022-12-10 14:00:00,0.0,0.0,0.0,4.150301,6.9
2022-12-10 15:00:00,0.0,0.0,0.0,3.83471,6.6
2022-12-10 16:00:00,0.0,0.0,0.0,3.5131896,6.3
2022-12-10 17:00:00,0.0,0.0,0.0,3.4441981,6.1
2022-12-10 18:00:00,0.0,0.0,0.0,3.2003906,5.6
2022-12-10 19:00:00,0.0,0.0,0.0,3.2729957,5.4
2022-12-10 20:00:00,0.0,0.0,0.0,3.5146124,6.0
2022-12-10 21:00:00,0.0,0.0,0.0,3.7583241,6.3
2022-12-10 22:00:00,0.0,0.0,0.0,3.8029594,6.2
2022-12-10 23:00:00,0.0,0.0,0.0,3.6800137,6.1
2022-12-11 00:00:00,0.0,0.0,0.0,3.8668463,6.4
2022-12-11 01:00:00,0.0,0.0,0.0,4.110961,7.0
2022-12-11 02:00:00,0.0,0.0,0.0,4.1164308,7.0
2022-12-11 03:00:00,0.0,0.0,0.0,4.148795,6.8
2022-12-11 04:00:00,0.0,0.0,0.0,4.4637427,7.3
2022-12-11 05:00:00,0.0,0.0,0.0,4.591568,7.7
2022-12-11 06:00:00,0.0,0.0,0.0,4.701064,7.7
2022-12-11 07:00:00,0.0,0.0,0.0,4.9819674,8.0
2022-12-11 08:00:00,0.0,0.0,0.0,4.911466,8.3
2022-12-11 09:00:00,0.0,0.0,0.0,4.7859173,8.2
2022-12-11 10:00:00,0.0,0.0,0.0,4.6906824,8.0
2022-12-11 11:00:00,0.0,0.0,0.0,4.6219583,7.8
2022-12-11 12:00:00,0.0,0.0,0.0,4.5708313,7.6
2022-12-11 13:00:00,0.0,0.0,0.0,4.3416586,7.1
2022-12-11 14:00:00,0.0,0.0,0.0,4.159327,6.7
2022-12-11 15:00:00,0.0,0.0,0.0,3.77955,6.4
2022-12-11 16:00:00,0.0,0.0,0.0,3.6677651,6.1
2022-12-11 17:00:00,0.0,0.0,0.0,3.8330796,6.3
2022-12-11 18:00:00,0.0,0.0,0.0,3.938591,6.4
2022-12-11 19:00:00,0.0,0.0,0.0,3.758989,6.3
2022-12-11 20:00:00,0.0,0.0,0.0,3.467708,5.8
2022-12-11 21:00:00,0.0,0.0,0.0,3.4820971,5.9
2022-12-11 22:00:00,0.0,0.0,0.0,3.7316217,6.0
2022-12-11 23:00:00,0.0,0.0,0.0,3.7725985,5.9
2022-12-12 00:00:00,0.0,0.0,0.0,3.7030392,5.7
2022-12-12 01:00:00,0.0,0.0,0.0,3.8029594,6.0
2022-12-12 02:00:00,0.0,0.0,0.0,3.8304698,6.1
2022-12-12 03:00:00,0.0,0.0,0.0,3.8900514,6.1
2022-12-12 04:00:00,0.0,0.0,0.0,4.060788,6.5
2022-12-12 05:00:00,0.0,0.0,0.0,4.3416586,7.1
2022-12-12 06:00:00,0.0,0.0,0.0,4.718315,7.8
2022-12-12 07:00:00,0.0,0.0,0.0,5.1792855,8.4
2022-12-12 08:00:00,0.0,0.0,0.0,5.5301447,9.2
2022-12-12 09:00:00,0.0,0.0,0.0,5.6502213,9.9
2022-12-12 10:00:00,0.0,0.0,0.0,6.021628,10.2
2022-12-12 11:00:00,0.0,0.0,0.0,6.1856685,10.5
2022-12-12 12:00:00,0.0,0.0,0.0,6.264982,10.5
2022-12-12 13:00:00,0.0,0.0,0.0,6.283709,10.5
2022-12-12 14:00:00,0.0,0.0,0.0,6.519394,10.7
2022-12-12 15:00:00,0.0,0.0,0.0,6.161371,10.2
2022-12-12 16:00:00,0.0,0.0,0.0,5.772348,9.7
2022-12-12 17:00:00,0.0,0.0,0.0,5.6632586,9.5
2022-12-12 18:00:00,0.0,0.0,0.0,5.602901,9.3
2022-12-12 19:00:00,0.0,0.0,0.0,5.255949,9.2
2022-12-12 20:00:00,0.0,0.0,0.0,5.0707493,8.9
2022-12-12 21:00:00,0.0,0.0,0.0,5.0084925,8.8
2022-12-12 22:00:00,0.0,0.0,0.0,4.9520197,8.5
2022-12-12 23:00:00,0.0,0.0,0.0,4.69308,8.2
2022-12-13 00:00:00,0.0,0.0,0.0,4.4922156,7.6
2022-12-13 01:00:00,0.0,0.0,0.0,4.1430664,6.9
2022-12-13 02:00:00,0.0,0.0,0.0,3.968942,6.8
2022-12-13 03:00:00,0.0,0.0,0.0,3.9274673,6.7
2022-12-13 04:00:00,0.0,0.0,0.0,3.9852855,6.8
2022-12-13 05:00:00,0.0,0.0,0.0,4.026475,6.9
2022-12-13 06:00:00,0.0,0.0,0.0,4.092982,6.6
2022-12-13 07:00:00,0.0,0.0,0.0,4.3863425,7.2
2022-12-13 08:00:00,0.0,0.0,0.0,4.443253,7.5
2022-12-13 09:00:00,0.0,0.0,0.0,4.011546,7.0
2022-12-13 10:00:00,0.0,0.0,0.0,3.8551912,6.5
2022-12-13 11:00:00,0.0,0.0,0.0,3.5003572,5.6
2022-12-13 12:00:00,0.0,0.0,0.0,3.1819806,5.1
2022-12-13 13:00:00,0.0,0.0,0.0,2.9732137,4.4
2022-12-13 14:00:00,0.0,0.0,0.0,2.687936,3.8
2022-12-13 15:00:00,0.0,0.0,0.0,2.5347583,3.6
2022-12-13 16:00:00,0.0,0.0,0.0,2.5811818,3.7
2022-12-13 17:00:00,0.0,0.0,0.0,2.5124688,3.9
2022-12-13 18:00:00,0.0,0.0,0.0,2.804015,4.1
2022-12-13 19:00:00,0.0,0.0,0.0,3.2015622,5.4
2022-12-13 20:00:00,0.0,0.0,0.0,3.5146124,6.0
2022-12-13 21:00:00,0.0,0.0,0.0,3.8137908,6.7
2022-12-13 22:00:00,0.0,0.0,0.0,3.7735925,6.7
2022-12-13 23:00:00,0.0,0.0,0.0,3.7735925,6.5
2022-12-14 00:00:00,0.0,0.0,0.0,3.7215588,6.4
2022-12-14 01:00:00,0.0,0.0,0.0,3.77955,6.4
2022-12-14 02:00:00,0.0,0.0,0.0,3.555981,6.6
2022-12-14 03:00:00,0.0,0.0,0.0,3.7696154,6.1
2022-12-14 04:00:00,0.0,0.0,0.0,3.7165172,6.5
2022-12-14 05:00:00,0.0,0.0,0.0,3.7963798,6.8
2022-12-14 06:00:00,0.0,0.0,0.0,3.6390247,6.7
2022-12-14 07:00:00,0.0,0.0,0.0,3.5531676,6.6
2022-12-14 08:00:00,0.0,0.0,0.0,3.3955853,6.3
2022-12-14 09:00:00,0.0,0.0,0.0,3.4077117,6.1
2022-12-14 10:00:00,0.0,0.0,0.0,3.7316217,6.2
2022-12-14 11:00:00,0.0,0.0,0.0,3.7643058,6.2
2022-12-14 12:00:00,0.0,0.0,0.0,3.9915538,6.6
2022-12-14 13:00:00,0.0,0.0,0.0,4.1303754,7.0
2022-12-14 14:00:00,0.0,0.0,0.0,4.1548166,7.1
2022-12-14 15:00:00,0.0,0.0,0.0,4.1503015,7.2
2022-12-14 16:00:00,0.0,0.0,0.0,4.2002974,7.1
2022-12-14 17:00:00,0.0,0.0,0.0,4.3,7.0
2022-12-14 18:00:00,0.0,0.0,0.0,4.35,6.9
2022-12-14 19:00:00,0.0,0.0,0.0,4.351149,7.4
2022-12-14 20:00:00,0.0,0.0,0.0,4.304649,7.3
2022-12-14 21:00:00,0.0,0.0,0.0,4.4002843,7.4
2022-12-14 22:00:00,0.0,0.0,0.0,4.6002717,7.8
2022-12-14 23:00:00,0.0,0.0,0.0,4.554394,7.9
2022-12-15 00:00:00,0.0,0.0,0.0,4.3289723,7.5
2022-12-15 01:00:00,0.0,0.0,0.0,4.1188593,7.1
2022-12-15 02:00:00,0.0,0.0,0.0,3.965476,6.8
2022-12-15 03:00:00,0.0,0.0,0.0,3.9169502,6.7
2022-12-15 04:00:00,0.0,0.0,0.0,4.002499,6.9
2022-12-15 05:00:00,0.0,0.0,0.0,4.087175,7.1
2022-12-15 06:00:00,0.0,0.0,0.0,4.1620307,6.7
2022-12-15 07:00:00,0.0,0.0,0.0,3.8108397,6.5
2022-12-15 08:00:00,0.0,0.0,0.0,3.4474628,6.1
2022-12-15 09:00:00,0.0,0.0,0.0,3.4003677,5.7
2022-12-15 10:00:00,0.0,0.0,0.0,3.275668,5.7
2022-12-15 11:00:00,0.0,0.0,0.0,3.471311,5.9
2022-12-15 12:00:00,0.0,0.0,0.0,3.613862,6.2
2022-12-15 13:00:00,0.0,0.0,0.0,3.6211185,6.1
2022-12-15 14:00:00,0.0,0.0,0.0,3.25,5.5
2022-12-15 15:00:00,0.0,0.0,0.0,2.884874,4.8
2022-12-15 16:00:00,0.0,0.0,0.0,2.617728,4.3
2022-12-15 17:00:00,0.0,0.0,0.0,2.617728,4.2
2022-12-15 18:00:00,0.0,0.0,0.0,2.5739076,4.1
2022-12-15 19:00:00,0.0,0.0,0.0,2.4438698,4.0
2022-12-15 20:00:00,0.0,0.0,0.0,2.316247,3.7
2022-12-15 21:00:00,0.0,0.0,0.0,2.2327113,3.6
2022-12-15 22:00:00,0.0,0.0,0.0,2.2022715,3.6
2022-12-15 23:00:00,0.0,0.0,0.0,2.2299104,3.5
2022-12-16 00:00:00,0.0,0.0,0.0,2.441823,3.6
2022-12-16 01:00:00,0.0,0.0,0.0,2.4839485,3.5
2022-12-16 02:00:00,0.0,0.0,0.0,2.4545875,3.4
2022-12-16 03:00:00,0.0,0.0,0.0,2.3753946,3.3
2022-12-16 04:00:00,0.0,0.0,0.0,2.0155644,3.0
2022-12-16 05:00:00,0.0,0.0,0.0,1.9416488,2.7
2022-12-16 06:00:00,0.0,0.0,0.0,2.1400933,2.7
2022-12-16 07:00:00,0.0,0.0,0.0,1.9006578,2.8
2022-12-16 08:00:00,0.0,0.0,0.0,1.3416408,2.0
2022-12-16 09:00:00,0.0,0.0,0.0,0.99624294,1.9
2022-12-16 10:00:00,0.0,0.0,0.0,1.3829317,1.7
2022-12-16 11:00:00,0.0,0.0,0.0,1.9300259,2.6
2022-12-16 12:00:00,0.0,0.0,0.0,1.7392527,2.8
2022-12-16 13:00:00,0.0,0.0,0.0,2.0359273,3.1
2022-12-16 14:00:00,0.0,0.0,0.0,1.9830532,3.0
2022-12-16 15:00:00,0.0,0.0,0.0,1.8357561,3.0
2022-12-16 16:00:00,0.0,0.0,0.0,1.9448651,2.9
2022-12-16 17:00:00,0.0,0.0,0.0,1.978004,2.7
2022-12-16 18:00:00,0.0,0.0,0.0,1.8668154,2.7
2022-12-16 19:00:00,0.0,0.0,0.0,1.6807737,2.8
2022-12-16 20:00:00,0.0,0.0,0.0,1.5,2.4
2022-12-16 21:00:00,0.0,0.0,0.0,1.5,2.3
2022-12-16 22:00:00,0.0,0.0,0.0,1.56205,2.4
2022-12-16 23:00:00,0.0,0.0,0.0,1.8607794,2.3
2022-12-17 00:00:00,0.0,0.0,0.0,1.9962465,2.4
2022-12-17 01:00:00,0.0,0.0,0.0,2.1708293,2.7
2022-12-17 02:00:00,0.0,0.0,0.0,2.1272047,2.6
2022-12-17 03:00:00,0.0,0.0,0.0,2.071835,2.4
2022-12-17 04:00:00,0.0,0.0,0.0,1.972942,2.6
2022-12-17 05:00:00,0.0,0.0,0.0,1.607016,2.4
2022-12-17 06:00:00,0.0,0.0,0.0,1.2379419,2.2
2022-12-17 07:00:00,0.0,0.0,0.0,1.7269917,2.8
2022-12-17 08:00:00,0.0,0.0,0.0,1.8343936,2.7
2022-12-17 09:00:00,0.0,0.0,0.0,1.2747549,2.4
2022-12-17 10:00:00,0.0,0.0,0.0,2.05,3.2
2022-12-17 11:00:00,0.0,0.0,0.0,2.2,3.5
2022-12-17 12:00:00,0.0,0.0,0.0,2.1592824,3.3
2022-12-17 13:00:00,0.0,0.0,0.0,2.269912,3.4
2022-12-17 14:00:00,0.0,0.0,0.0,2.267708,3.3
2022-12-17 15:00:00,0.0,0.0,0.0,2.1360009,3.1
2022-12-17 16:00:00,0.0,0.0,0.0,2.0892582,3.3
2022-12-17 17:00:00,0.0,0.0,0.0,2.1272047,3.4
2022-12-17 18:00:00,0.0,0.0,0.0,2.0940392,3.2
2022-12-17 19:00:00,0.0,0.0,0.0,2.0554805,3.5
2022-12-17 20:00:00,0.0,0.0,0.0,1.8580904,3.1
2022-12-17 21:00:00,0.0,0.0,0.0,2.0880613,2.9
2022-12-17 22:00:00,0.0,0.0,0.0,2.1931713,2.6
2022-12-17 23:00:00,0.0,0.0,0.0,2.182888,2.7
2022-12-18 00:00:00,0.0,0.0,0.0,1.7392527,2.2
2022-12-18 01:00:00,0.0,0.0,0.0,1.1672618,1.8
2022-12-18 02:00:00,0.0,0.0,0.0,0.8077747,1.4
2022-12-18 03:00:00,0.0,0.0,0.0,0.15811388,1.1
2022-12-18 04:00:00,0.0,0.0,0.0,0.6670832,1.0
2022-12-18 05:00:00,0.0,0.0,0.0,1.4317821,2.4
2022-12-18 06:00:00,0.0,0.0,0.0,1.5402921,3.6
2022-12-18 07:00:00,0.0,0.0,0.0,1.7507142,3.7
2022-12-18 08:00:00,0.0,0.0,0.0,1.8248286,3.9
2022-12-18 09:00:00,0.0,0.0,0.0,2.302173,4.7
2022-12-18 10:00:00,0.0,0.0,0.0,2.6086395,4.9
2022-12-18 11:00:00,0.0,0.0,0.0,2.3521266,4.2
2022-12-18 12:00:00,0.0,0.0,0.0,3.0066593,5.0
2022-12-18 13:00:00,0.0,0.0,0.0,3.0594118,5.3
2022-12-18 14:00:00,0.1,0.0,0.07,3.1408596,5.7
2022-12-18 15:00:00,0.1,0.0,0.07,3.4687893,6.3
2022-12-18 16:00:00,0.0,0.0,0.0,3.5784075,6.2
2022-12-18 17:00:00,0.0,0.0,0.0,3.352611,6.2
2022-12-18 18:00:00,0.0,0.0,0.0,3.58922,6.5
2022-12-18 19:00:00,0.0,0.0,0.0,4.0003123,7.0
2022-12-18 20:00:00,0.0,0.0,0.0,4.301744,7.4
2022-12-18 21:00:00,0.0,0.0,0.0,4.401136,7.6
2022-12-18 22:00:00,0.0,0.0,0.0,4.4777226,7.9
2022-12-18 23:00:00,0.0,0.0,0.0,4.8303723,8.4
2022-12-19 00:00:00,0.0,0.0,0.0,5.303301,9.1
2022-12-19 01:00:00,0.0,0.0,0.0,5.427937,9.5
2022-12-19 02:00:00,0.0,0.0,0.0,5.549099,9.8
2022-12-19 03:00:00,0.0,0.0,0.0,5.7560835,10.0
2022-12-19 04:00:00,0.0,0.0,0.0,5.894489,10.4
2022-12-19 05:00:00,0.0,0.0,0.0,6.080296,10.8
2022-12-19 06:00:00,0.0,0.0,0.0,6.320008,9.9
2022-12-19 07:00:00,0.0,0.0,0.0,6.5517178,11.4
2022-12-19 08:00:00,0.0,0.0,0.0,6.4422436,11.5
2022-12-19 09:00:00,0.0,0.0,0.0,6.42748,11.4
2022-12-19 10:00:00,0.0,0.0,0.0,6.6454873,11.3
2022-12-19 11:00:00,0.0,0.0,0.0,6.570008,11.0
2022-12-19 12:00:00,0.0,0.0,0.0,6.4701233,10.9
2022-12-19 13:00:00,0.0,0.0,0.0,6.350197,10.7
2022-12-19 14:00:00,0.0,0.0,0.0,6.170292,10.4
2022-12-19 15:00:00,0.0,0.0,0.0,6.0700083,10.1
2022-12-19 16:00:00,0.0,0.0,0.0,5.964059,10.1
2022-12-19 17:00:00,0.0,0.0,0.0,6.036969,10.0
2022-12-19 18:00:00,0.0,0.0,0.0,6.0656824,10.1
2022-12-19 19:00:00,0.0,0.0,0.0,6.0384183,10.4
2022-12-19 20:00:00,0.0,0.0,0.0,5.9703436,10.4
2022-12-19 21:00:00,0.0,0.0,0.0,5.926635,10.3
2022-12-19 22:00:00,0.0,0.0,0.0,6.0176826,10.1
2022-12-19 23:00:00,0.0,0.0,0.0,5.8591805,9.8
2022-12-20 00:00:00,0.0,0.0,0.0,5.7245083,9.5
2022-12-20 01:00:00,0.0,0.0,0.0,5.59017,9.1
2022-12-20 02:00:00,0.0,0.0,0.0,5.3712196,8.7
2022-12-20 03:00:00,0.0,0.0,0.0,5.2654533,8.5
2022-12-20 04:00:00,0.0,0.0,0.0,5.1908574,8.5
2022-12-20 05:00:00,0.0,0.0,0.0,5.302122,8.6
2022-12-20 06:00:00,0.0,0.0,0.0,5.311544,8.7
2022-12-20 07:00:00,0.0,0.0,0.0,5.3256454,9.2
2022-12-20 08:00:00,0.0,0.0,0.0,5.210806,9.1
2022-12-20 09:00:00,0.0,0.0,0.0,4.8127437,8.4
2022-12-20 10:00:00,0.0,0.0,0.0,4.3462625,7.6
2022-12-20 11:00:00,0.0,0.0,0.0,3.8810434,6.6
2022-12-20 12:00:00,0.0,0.0,0.0,3.6224992,6.1
2022-12-20 13:00:00,0.0,0.0,0.0,3.2893767,5.5
2022-12-20 14:00:00,0.0,0.0,0.0,3.0842342,5.1
2022-12-20 15:00:00,0.0,0.0,0.0,2.8504386,4.7
2022-12-20 16:00:00,0.0,0.0,0.0,2.5831182,4.1
2022-12-20 17:00:00,0.0,0.0,0.0,2.280351,3.6
2022-12-20 18:00:00,0.0,0.0,0.0,1.9780041,2.8
2022-12-20 19:00:00,0.0,0.0,0.0,1.5692356,2.7
2022-12-20 20:00:00,0.1,0.0,0.07,1.285496,2.2
2022-12-20 21:00:00,0.2,0.0,0.14,1.3536987,2.2
2022-12-20 22:00:00,0.3,0.0,0.21000001,0.85586214,2.0
2022-12-20 23:00:00,0.4,0.0,0.28,0.7615773,1.6
2022-12-21 00:00:00,0.5,0.0,0.35,0.7106335,1.1
2022-12-21 01:00:00,0.4,0.0,0.28,0.70710677,1.1
2022-12-21 02:00:00,0.4,0.0,0.28,0.8732125,2.0
2022-12-21 03:00:00,0.3,0.0,0.21000001,1.3124405,2.9
2022-12-21 04:00:00,0.2,0.0,0.14,1.8901058,3.9
2022-12-21 05:00:00,0.2,0.0,0.14,2.5238857,5.2
2022-12-21 06:00:00,0.2,0.0,0.14,3.1642535,6.1
2022-12-21 07:00:00,0.2,0.0,0.14,3.577709,6.6
2022-12-21 08:00:00,0.3,0.0,0.21000001,3.8942266,7.1
2022-12-21 09:00:00,0.3,0.0,0.21000001,4.0650954,7.4
2022-12-21 10:00:00,0.4,0.0,0.28,3.961376,7.1
2022-12-21 11:00:00,0.4,0.0,0.28,3.8121517,6.9
2022-12-21 12:00:00,0.3,0.0,0.21000001,3.77955,6.7
2022-12-21 13:00:00,0.2,0.0,0.14,3.6090167,6.6
2022-12-21 14:00:00,0.1,0.0,0.07,3.7735925,6.9
2022-12-21 15:00:00,0.1,0.0,0.07,3.8108397,7.0
2022-12-21 16:00:00,0.0,0.0,0.0,3.7121422,6.7
2022-12-21 17:00:00,0.0,0.0,0.0,4.0524683,6.9
2022-12-21 18:00:00,0.0,0.0,0.0,4.537896,7.9
2022-12-21 19:00:00,0.0,0.0,0.0,4.9117208,8.4
2022-12-21 20:00:00,0.0,0.0,0.0,4.95101,8.5
2022-12-21 21:00:00,0.0,0.0,0.0,4.8104053,8.2
2022-12-21 22:00:00,0.0,0.0,0.0,4.9135017,8.2
2022-12-21 23:00:00,0.0,0.0,0.0,4.993245,8.0
2022-12-22 00:00:00,0.0,0.0,0.0,4.680011,7.5
2022-12-22 01:00:00,0.0,0.0,0.0,4.4204073,6.8
2022-12-22 02:00:00,0.0,0.0,0.0,4.0635576,6.3
2022-12-22 03:00:00,0.0,0.0,0.0,3.6472592,5.8
2022-12-22 04:00:00,0.0,0.0,0.0,3.4441981,5.6
2022-12-22 05:00:00,0.0,0.0,0.0,3.3154938,5.7
2022-12-22 06:00:00,0.0,0.0,0.0,3.2729955,6.0
2022-12-22 07:00:00,0.0,0.0,0.0,3.1945267,5.8
2022-12-22 08:00:00,0.0,0.0,0.0,3.1575305,5.9
2022-12-22 09:00:00,0.0,0.0,0.0,3.026549,5.5
2022-12-22 10:00:00,0.0,0.0,0.0,2.804015,5.0
2022-12-22 11:00:00,0.0,0.0,0.0,2.5124688,4.2
2022-12-22 12:00:00,0.0,0.0,0.0,2.4129858,4.5
2022-12-22 13:00:00,0.0,0.0,0.0,2.4026027,4.2
2022-12-22 14:00:00,0.0,0.0,0.0,2.2192342,3.8
2022-12-22 15:00:00,0.0,0.0,0.0,2.0892582,3.4
2022-12-22 16:00:00,0.0,0.0,0.0,1.9416488,3.1
2022-12-22 17:00:00,0.0,0.0,0.0,2.1319005,3.3
2022-12-22 18:00:00,0.0,0.0,0.0,2.2276669,3.4
2022-12-22 19:00:00,0.0,0.0,0.0,2.3307724,3.7
2022-12-22 20:00:00,0.0,0.0,0.0,2.505993,4.0
2022-12-22 21:00:00,0.0,0.0,0.0,2.9300172,4.7
2022-12-22 22:00:00,0.0,0.0,0.0,3.3245301,5.4
2022-12-22 23:00:00,0.0,0.0,0.0,3.662308,6.2
2022-12-23 00:00:00,0.0,0.0,0.0,3.9080045,6.5
2022-12-23 01:00:00,0.0,0.0,0.0,4.1231055,6.8
2022-12-23 02:00:00,0.0,0.0,0.0,4.5013885,7.5
2022-12-23 03:00:00,0.0,0.0,0.0,5.0499997,8.3
2022-12-23 04:00:00,0.0,0.0,0.0,5.3723826,8.8
2022-12-23 05:00:00,0.0,0.0,0.0,5.708984,9.4
2022-12-23 06:00:00,0.0,0.0,0.0,6.040695,10.0
2022-12-23 07:00:00,0.1,0.0,0.07,6.087898,10.3
2022-12-23 08:00:00,0.1,0.0,0.07,6.4257298,11.2
2022-12-23 09:00:00,0.2,0.0,0.14,6.9198985,12.0
2022-12-23 10:00:00,0.2,0.0,0.14,7.95,13.4
2022-12-23 11:00:00,0.3,0.0,0.21000001,7.808009,13.1
2022-12-23 12:00:00,0.3,0.0,0.21000001,7.8078485,13.0
2022-12-23 13:00:00,0.3,0.0,0.21000001,7.900158,12.9
2022-12-23 14:00:00,0.4,0.0,0.28,7.926065,12.9
2022-12-23 15:00:00,0.4,0.0,0.28,7.786206,12.7
2022-12-23 16:00:00,0.5,0.0,0.35,7.63708,12.5
2022-12-23 17:00:00,0.6,0.0,0.42000002,7.4330344,12.3
2022-12-23 18:00:00,0.5,0.0,0.35,7.1589108,12.0
2022-12-23 19:00:00,0.3,0.0,0.21000001,6.811754,11.7
2022-12-23 20:00:00,0.2,0.0,0.14,6.5364366,11.2
2022-12-23 21:00:00,0.2,0.0,0.14,6.290072,10.8
2022-12-23 22:00:00,0.1,0.0,0.07,5.940539,10.3
2022-12-23 23:00:00,0.1,0.0,0.07,5.7142363,10.0
2022-12-24 00:00:00,0.1,0.0,0.07,5.464659,9.6
2022-12-24 01:00:00,0.1,0.0,0.07,5.215362,9.0
2022-12-24 02:00:00,0.1,0.0,0.07,4.966135,8.6
2022-12-24 03:00:00,0.1,0.0,0.07,4.881854,8.3
2022-12-24 04:00:00,0.0,0.0,0.0,4.966135,8.2
2022-12-24 05:00:00,0.0,0.0,0.0,4.862355,7.7
2022-12-24 06:00:00,0.0,0.0,0.0,4.368352,7.5
2022-12-24 07:00:00,0.0,0.0,0.0,4.5458775,7.8
2022-12-24 08:00:00,0.0,0.0,0.0,4.354595,7.7
2022-12-24 09:00:00,0.0,0.0,0.0,4.263801,7.5
2022-12-24 10:00:00,0.0,0.0,0.0,3.9322386,7.3
2022-12-24 11:00:00,0.0,0.0,0.0,4.007805,7.3
2022-12-24 12:00:00,0.0,0.0,0.0,4.09176,7.3
2022-12-24 13:00:00,0.0,0.0,0.0,3.9512656,6.8
2022-12-24 14:00:00,0.0,0.0,0.0,3.8503246,6.6
2022-12-24 15:00:00,0.0,0.0,0.0,4.0106106,6.6
2022-12-24 16:00:00,0.0,0.0,0.0,3.994058,6.6
2022-12-24 17:00:00,0.0,0.0,0.0,3.9537954,6.4
2022-12-24 18:00:00,0.0,0.0,0.0,3.7858288,6.4
2022-12-24 19:00:00,0.0,0.0,0.0,3.6472592,6.1
2022-12-24 20:00:00,0.0,0.0,0.0,3.4669871,5.8
2022-12-24 21:00:00,0.0,0.0,0.0,3.3837848,5.6
2022-12-24 22:00:00,0.0,0.0,0.0,3.5245569,5.5
2022-12-24 23:00:00,0.0,0.0,0.0,3.448188,5.3
2022-12-25 00:00:00,0.0,0.0,0.0,3.309456,5.1
2022-12-25 01:00:00,0.0,0.0,0.0,3.1084561,4.9
2022-12-25 02:00:00,0.0,0.0,0.0,2.9516945,4.7
2022-12-25 03:00:00,0.0,0.0,0.0,2.795085,4.6
2022-12-25 04:00:00,0.0,0.0,0.0,2.7504544,4.5
2022-12-25 05:00:00,0.0,0.0,0.0,2.818244,4.4
2022-12-25 06:00:00,0.0,0.0,0.0,2.7115493,4.4
2022-12-25 07:00:00,0.0,0.0,0.0,2.657066,4.3
2022-12-25 08:00:00,0.0,0.0,0.0,2.5773048,4.2
2022-12-25 09:00:00,0.0,0.0,0.0,2.4667792,4.0
2022-12-25 10:00:00,0.0,0.0,0.0,2.5985572,3.8
2022-12-25 11:00:00,0.0,0.0,0.0,2.4909837,3.6
2022-12-25 12:00:00,0.0,0.0,0.0,2.4129858,3.6
2022-12-25 13:00:00,0.0,0.0,0.0,2.4046829,3.4
2022-12-25 14:00:00,0.0,0.0,0.0,2.4005208,3.5
2022-12-25 15:00:00,0.0,0.0,0.0,2.6,3.7
2022-12-25 16:00:00,0.0,0.0,0.0,2.8517537,3.7
2022-12-25 17:00:00,0.0,0.0,0.0,2.8071337,3.7
2022-12-25 18:00:00,0.0,0.0,0.0,2.915476,3.6
2022-12-25 19:00:00,0.0,0.0,0.0,3.0700164,3.8
2022-12-25 20:00:00,0.0,0.0,0.0,3.0203478,3.5
2022-12-25 21:00:00,0.0,0.0,0.0,2.5739074,3.1
2022-12-25 22:00:00,0.0,0.0,0.0,2.207374,2.4
2022-12-25 23:00:00,0.0,0.0,0.0,1.7334936,2.0
2022-12-26 00:00:00,0.0,0.0,0.0,1.7334936,2.1
2022-12-26 01:00:00,0.0,0.0,0.0,1.8560711,2.3
2022-12-26 02:00:00,0.0,0.0,0.0,1.724094,2.6
2022-12-26 03:00:00,0.0,0.0,0.0,1.6124516,2.3
2022-12-26 04:00:00,0.0,0.0,0.0,1.5435349,2.2
2022-12-26 05:00:00,0.0,0.0,0.0,1.3124405,2.0
2022-12-26 06:00:00,0.0,0.0,0.0,1.104536,2.2
2022-12-26 07:00:00,0.0,0.0,0.0,1.35,2.1
2022-12-26 08:00:00,0.0,0.0,0.0,0.934077,1.6
2022-12-26 09:00:00,0.0,0.0,0.0,1.1313709,1.7
2022-12-26 10:00:00,0.0,0.0,0.0,1.6224982,2.0
2022-12-26 11:00:00,0.0,0.0,0.0,2.0554805,2.8
2022-12-26 12:00:00,0.0,0.0,0.0,2.1708293,3.0
2022-12-26 13:00:00,0.0,0.0,0.0,2.2051077,3.0
2022-12-26 14:00:00,0.0,0.0,0.0,2.1360009,2.8
2022-12-26 15:00:00,0.0,0.0,0.0,2.2192342,2.8
2022-12-26 16:00:00,0.0,0.0,0.0,2.404163,3.0
2022-12-26 17:00:00,0.0,0.0,0.0,2.34094,3.2
2022-12-26 18:00:00,0.0,0.0,0.0,2.3119256,3.4
2022-12-26 19:00:00,0.0,0.0,0.0,2.304886,3.4
2022-12-26 20:00:00,0.0,0.0,0.0,2.316247,3.4
2022-12-26 21:00:00,0.0,0.0,0.0,2.337734,3.5
2022-12-26 22:00:00,0.0,0.0,0.0,2.445915,3.5
2022-12-26 23:00:00,0.0,0.0,0.0,2.554408,3.5
2022-12-27 00:00:00,0.0,0.0,0.0,2.5831182,3.5
2022-12-27 01:00:00,0.0,0.0,0.0,2.4789112,3.4
2022-12-27 02:00:00,0.0,0.0,0.0,2.4207437,3.4
2022-12-27 03:00:00,0.0,0.0,0.0,2.4698176,3.4
2022-12-27 04:00:00,0.0,0.0,0.0,2.3926973,3.4
2022-12-27 05:00:00,0.0,0.0,0.0,2.0081086,3.2
2022-12-27 06:00:00,0.0,0.0,0.0,2.098809,3.0
2022-12-27 07:00:00,0.0,0.0,0.0,2.1708295,3.3
2022-12-27 08:00:00,0.0,0.0,0.0,1.9602296,3.0
2022-12-27 09:00:00,0.0,0.0,0.0,1.662077,2.7
2022-12-27 10:00:00,0.0,0.0,0.0,1.7,2.7
2022-12-27 11:00:00,0.0,0.0,0.0,1.9059118,3.2
2022-12-27 12:00:00,0.0,0.0,0.0,1.9026297,3.1
2022-12-27 13:00:00,0.0,0.0,0.0,2.0,3.1
2022-12-27 14:00:00,0.0,0.0,0.0,2.1023796,3.1
2022-12-27 15:00:00,0.0,0.0,0.0,2.2203605,3.2
2022-12-27 16:00:00,0.0,0.0,0.0,2.1224985,3.2
2022-12-27 17:00:00,0.0,0.0,0.0,2.0155644,3.1
2022-12-27 18:00:00,0.0,0.0,0.0,1.9235384,3.2
2022-12-27 19:00:00,0.0,0.0,0.0,2.0155644,3.3
2022-12-27 20:00:00,0.0,0.0,0.0,2.5806975,3.4
2022-12-27 21:00:00,0.0,0.0,0.0,2.624881,3.3
2022-12-27 22:00:00,0.0,0.0,0.0,2.510478,3.0
2022-12-27 23:00:00,0.0,0.0,0.0,1.9811614,2.9
2022-12-28 00:00:00,0.0,0.0,0.0,1.8179659,2.9
2022-12-28 01:00:00,0.0,0.0,0.0,2.376973,2.6
2022-12-28 02:00:00,0.0,0.0,0.0,2.252221,2.2
2022-12-28 03:00:00,0.0,0.0,0.0,1.7117243,2.1
2022-12-28 04:00:00,0.0,0.0,0.0,1.0511898,1.8
2022-12-28 05:00:00,0.0,0.0,0.0,1.4603082,2.3
2022-12-28 06:00:00,0.0,0.0,0.0,1.5435349,3.0
2022-12-28 07:00:00,0.0,0.0,0.0,1.4705441,2.7
2022-12-28 08:00:00,0.0,0.0,0.0,1.2747549,2.7
2022-12-28 09:00:00,0.0,0.0,0.0,1.15,2.8
2022-12-28 10:00:00,0.0,0.0,0.0,1.2020814,1.8
2022-12-28 11:00:00,0.0,0.0,0.0,1.264911,2.1
2022-12-28 12:00:00,0.0,0.0,0.0,1.677051,2.7
2022-12-28 13:00:00,0.0,0.0,0.0,1.9602295,3.2
2022-12-28 14:00:00,0.0,0.0,0.0,2.2276669,3.7
2022-12-28 15:00:00,0.0,0.0,0.0,2.445915,4.1
2022-12-28 16:00:00,0.0,0.0,0.0,2.5806975,4.1
2022-12-28 17:00:00,0.0,0.0,0.0,2.7613401,4.3
2022-12-28 18:00:00,0.0,0.0,0.0,2.7613401,4.5
2022-12-28 19:00:00,0.0,0.0,0.0,2.7879202,4.8
2022-12-28 20:00:00,0.0,0.0,0.0,2.7879202,4.8
2022-12-28 21:00:00,0.0,0.0,0.0,2.8991377,5.1
2022-12-28 22:00:00,0.0,0.0,0.0,3.4669871,5.3
2022-12-28 23:00:00,0.0,0.0,0.0,3.5245569,5.4
2022-12-29 00:00:00,0.0,0.0,0.0,3.511766,5.4
2022-12-29 01:00:00,0.0,0.0,0.0,3.354102,5.1
2022-12-29 02:00:00,0.0,0.0,0.0,3.4,5.2
2022-12-29 03:00:00,0.0,0.0,0.0,3.6235344,5.4
2022-12-29 04:00:00,0.0,0.0,0.0,3.645888,5.9
2022-12-29 05:00:00,0.0,0.0,0.0,3.8745968,6.6
2022-12-29 06:00:00,0.0,0.0,0.0,4.018084,6.9
2022-12-29 07:00:00,0.0,0.0,0.0,4.0388737,7.2
2022-12-29 08:00:00,0.0,0.0,0.0,3.9537957,6.9
2022-12-29 09:00:00,0.1,0.0,0.07,3.613862,6.5
2022-12-29 10:00:00,0.1,0.0,0.07,3.496069,5.9
2022-12-29 11:00:00,0.1,0.0,0.07,3.383785,5.7
2022-12-29 12:00:00,0.1,0.0,0.07,3.7792194,6.4
2022-12-29 13:00:00,0.1,0.0,0.07,3.9169502,6.2
2022-12-29 14:00:00,0.0,0.0,0.0,3.8147738,6.2
2022-12-29 15:00:00,0.1,0.0,0.07,3.481738,6.1
2022-12-29 16:00:00,0.1,0.0,0.07,3.5017853,5.8
2022-12-29 17:00:00,0.1,0.0,0.07,3.2314858,5.2
2022-12-29 18:00:00,0.1,0.0,0.07,3.1100643,4.7
2022-12-29 19:00:00,0.1,0.0,0.07,2.865746,4.9
2022-12-29 20:00:00,0.1,0.0,0.07,2.9605744,4.9
2022-12-29 21:00:00,0.1,0.0,0.07,2.7166157,4.6
2022-12-29 22:00:00,0.1,0.0,0.07,2.3690715,4.3
2022-12-29 23:00:00,0.1,0.0,0.07,1.972942,3.8
2022-12-30 00:00:00,0.1,0.0,0.07,1.7356555,3.4
2022-12-30 01:00:00,0.1,0.0,0.07,1.5787653,3.0
2022-12-30 02:00:00,0.1,0.0,0.07,1.5074813,2.8
2022-12-30 03:00:00,0.0,0.0,0.0,1.6688318,3.0
2022-12-30 04:00:00,0.0,0.0,0.0,1.4773287,2.6
2022-12-30 05:00:00,0.0,0.0,0.0,1.6507574,2.3
2022-12-30 06:00:00,0.0,0.0,0.0,1.5700318,2.3
2022-12-30 07:00:00,0.0,0.0,0.0,1.6867127,2.7
2022-12-30 08:00:00,0.0,0.0,0.0,1.6446884,2.7
2022-12-30 09:00:00,0.0,0.0,0.0,1.755705,2.8
2022-12-30 10:00:00,0.0,0.0,0.0,1.5297059,2.7
2022-12-30 11:00:00,0.0,0.0,0.0,1.6507574,2.7
2022-12-30 12:00:00,0.0,0.0,0.0,1.9059118,3.1
2022-12-30 13:00:00,0.0,0.0,0.0,2.059733,3.2
2022-12-30 14:00:00,0.0,0.0,0.0,2.2549944,3.6
2022-12-30 15:00:00,0.0,0.0,0.0,2.304886,3.9
2022-12-30 16:00:00,0.0,0.0,0.0,2.3584952,3.6
2022-12-30 17:00:00,0.0,0.0,0.0,2.4253867,3.6
2022-12-30 18:00:00,0.0,0.0,0.0,2.4253864,3.6
2022-12-30 19:00:00,0.0,0.0,0.0,2.442335,3.9
2022-12-30 20:00:00,0.0,0.0,0.0,2.55,4.2
2022-12-30 21:00:00,0.0,0.0,0.0,2.8301945,4.8
2022-12-30 22:00:00,0.1,0.0,0.07,3.3185086,4.9
2022-12-30 23:00:00,0.1,0.0,0.07,3.275668,5.1
2022-12-31 00:00:00,0.2,0.0,0.14,3.3120992,5.1
2022-12-31 01:00:00,0.3,0.0,0.21000001,3.309456,5.3
2022-12-31 02:00:00,0.3,0.0,0.21000001,3.2442257,5.2
2022-12-31 03:00:00,0.3,0.0,0.21000001,3.2442257,5.1
2022-12-31 04:00:00,0.3,0.0,0.21000001,3.2695565,5.2
2022-12-31 05:00:00,0.3,0.0,0.21000001,3.3425288,5.3
2022-12-31 06:00:00,0.3,0.0,0.21000001,3.367863,5.2
2022-12-31 07:00:00,0.3,0.0,0.21000001,3.3593154,5.4
2022-12-31 08:00:00,0.3,0.0,0.21000001,3.0016663,5.8
2022-12-31 09:00:00,0.2,0.0,0.14,2.7212129,4.9
2022-12-31 10:00:00,0.2,0.0,0.14,3.764306,5.7
2022-12-31 11:00:00,0.3,0.0,0.21000001,4.6287146,7.6
2022-12-31 12:00:00,0.3,0.0,0.21000001,5.3202443,9.1
2022-12-31 13:00:00,0.2,0.0,0.14,5.5192842,9.9
2022-12-31 14:00:00,0.1,0.0,0.07,5.502726,9.9
2022-12-31 15:00:00,0.1,0.0,0.07,5.486574,9.7
2022-12-31 16:00:00,0.0,0.0,0.0,5.4083266,9.7
2022-12-31 17:00:00,0.0,0.0,0.0,5.2974052,9.4
2022-12-31 18:00:00,0.0,0.0,0.0,4.8561816,8.7
2022-12-31 19:00:00,0.0,0.0,0.0,4.6981378,7.7
2022-12-31 20:00:00,0.0,0.0,0.0,4.368066,7.1
2022-12-31 21:00:00,0.0,0.0,0.0,4.171631,6.8
2022-12-31 22:00:00,0.0,0.0,0.0,3.6541073,6.1
2022-12-31 23:00:00,0.0,0.0,0.0,3.856488,5.4
