date,temperature_2m,relative_humidity_2m,vapour_pressure_deficit,soil_moisture_0_to_7cm,soil_moisture_7_to_28cm,soil_moisture_28_to_100cm,soil_temperature_0_to_7cm,soil_temperature_7_to_28cm,soil_temperature_28_to_100cm
2023-01-01 00:00:00,-12.798,89.607605,0.023860559,0.398,0.392,0.326,-0.948,-0.49800003,1.4020001
2023-01-01 01:00:00,-13.498,88.813446,0.024261713,0.398,0.392,0.326,-0.948,-0.49800003,1.4020001
2023-01-01 02:00:00,-13.898,88.0457,0.025092244,0.398,0.392,0.326,-0.948,-0.49800003,1.4020001
2023-01-01 03:00:00,-14.398,87.63169,0.024917126,0.398,0.392,0.326,-0.948,-0.49800003,1.352
2023-01-01 04:00:00,-14.898,87.21593,0.024714187,0.398,0.392,0.326,-0.948,-0.49800003,1.352
2023-01-01 05:00:00,-15.148,84.314285,0.029700816,0.398,0.392,0.326,-0.948,-0.49800003,1.352
2023-01-01 06:00:00,-15.198,82.901825,0.032240346,0.398,0.392,0.326,-0.948,-0.49800003,1.352
2023-01-01 07:00:00,-15.048,79.502,0.039130807,0.398,0.392,0.326,-0.948,-0.49800003,1.352
2023-01-01 08:00:00,-15.098,78.82501,0.040255547,0.398,0.392,0.326,-0.948,-0.49800003,1.352
2023-01-01 09:00:00,-15.148,78.81672,0.04010485,0.398,0.392,0.326,-0.948,-0.49800003,1.352
2023-01-01 10:00:00,-15.298,79.46171,0.038403884,0.398,0.392,0.326,-0.948,-0.49800003,1.352
2023-01-01 11:00:00,-15.798,81.77398,0.032694638,0.398,0.392,0.326,-0.948,-0.49800003,1.352
2023-01-01 12:00:00,-16.348,82.74305,0.029567018,0.398,0.392,0.326,-0.948,-0.49800003,1.352
2023-01-01 13:00:00,-16.898,84.090065,0.026030108,0.398,0.392,0.326,-0.948,-0.49800003,1.352
2023-01-01 14:00:00,-17.048,84.79148,0.024570659,0.398,0.392,0.326,-0.948,-0.49800003,1.352
2023-01-01 15:00:00,-17.148,85.141785,0.023803413,0.398,0.392,0.326,-0.948,-0.49800003,1.352
2023-01-01 16:00:00,-16.998,85.8889,0.022894576,0.398,0.392,0.326,-0.948,-0.49800003,1.352
2023-01-01 17:00:00,-15.848,86.02148,0.02497372,0.398,0.392,0.326,-0.948,-0.49800003,1.352
2023-01-01 18:00:00,-14.798,86.14092,0.027013943,0.398,0.392,0.326,-0.948,-0.49800003,1.352
2023-01-01 19:00:00,-14.198,87.65196,0.025288552,0.398,0.392,0.326,-0.948,-0.49800003,1.352
2023-01-01 20:00:00,-13.648,87.7075,0.02633512,0.398,0.392,0.326,-0.948,-0.49800003,1.352
2023-01-01 21:00:00,-12.748,87.797615,0.028129011,0.398,0.392,0.326,-0.948,-0.49800003,1.352
2023-01-01 22:00:00,-11.548,88.27318,0.029779494,0.398,0.392,0.326,-0.948,-0.49800003,1.352
2023-01-01 23:00:00,-10.398,89.4513,0.029362977,0.398,0.392,0.326,-0.948,-0.49800003,1.352
2023-01-02 00:00:00,-9.498,89.88474,0.030233711,0.398,0.392,0.326,-0.948,-0.49800003,1.352
2023-01-02 01:00:00,-9.048,90.6359,0.028996736,0.398,0.392,0.326,-0.948,-0.49800003,1.352
2023-01-02 02:00:00,-8.498,90.32155,0.031288326,0.398,0.392,0.326,-0.948,-0.49800003,1.352
2023-01-02 03:00:00,-8.298,89.98284,0.032892376,0.398,0.392,0.326,-0.948,-0.49800003,1.352
2023-01-02 04:00:00,-8.098,89.646385,0.03453061,0.398,0.392,0.326,-0.948,-0.49800003,1.352
2023-01-02 05:00:00,-7.598,88.98916,0.03817582,0.398,0.392,0.326,-0.948,-0.49800003,1.352
2023-01-02 06:00:00,-7.098,87.65507,0.04448712,0.398,0.392,0.326,-0.948,-0.49800003,1.352
2023-01-02 07:00:00,-6.848,85.31777,0.053937405,0.398,0.392,0.326,-0.948,-0.49800003,1.352
2023-01-02 08:00:00,-6.348,84.38401,0.0596129,0.398,0.391,0.326,-0.948,-0.49800003,1.352
2023-01-02 09:00:00,-5.998,84.426506,0.06106451,0.398,0.391,0.326,-0.948,-0.49800003,1.352
2023-01-02 10:00:00,-5.948,85.42094,0.05738482,0.398,0.391,0.326,-0.948,-0.49800003,1.352
2023-01-02 11:00:00,-6.098,87.075836,0.050292134,0.398,0.391,0.326,-0.948,-0.49800003,1.352
2023-01-02 12:00:00,-5.848,88.45735,0.045782983,0.398,0.391,0.326,-0.948,-0.49800003,1.352
2023-01-02 13:00:00,-5.498,89.17265,0.04410681,0.398,0.391,0.326,-0.948,-0.49800003,1.352
2023-01-02 14:00:00,-5.198,89.88488,0.042155743,0.397,0.391,0.326,-0.948,-0.49800003,1.352
2023-01-02 15:00:00,-4.998,89.90105,0.042731404,0.397,0.391,0.326,-0.948,-0.49800003,1.352
2023-01-02 16:00:00,-4.848,89.913124,0.04316771,0.397,0.391,0.326,-0.948,-0.49800003,1.352
2023-01-02 17:00:00,-4.548,89.93723,0.044051766,0.397,0.391,0.327,-0.948,-0.49800003,1.352
2023-01-02 18:00:00,-4.198,89.62406,0.046636254,0.397,0.391,0.327,-0.948,-0.49800003,1.352
2023-01-02 19:00:00,-3.9980001,89.98121,0.045713127,0.397,0.391,0.327,-0.948,-0.49800003,1.352
2023-01-02 20:00:00,-3.648,90.009056,0.04679835,0.397,0.391,0.327,-0.948,-0.49800003,1.352
2023-01-02 21:00:00,-3.348,90.03284,0.04774615,0.397,0.391,0.327,-0.898,-0.49800003,1.352
2023-01-02 22:00:00,-3.148,90.04864,0.0483872,0.397,0.391,0.327,-0.898,-0.49800003,1.352
2023-01-02 23:00:00,-2.998,89.04944,0.053843588,0.397,0.391,0.327,-0.898,-0.49800003,1.352
2023-01-03 00:00:00,-2.748,87.7411,0.061407357,0.397,0.391,0.327,-0.898,-0.49800003,1.352
2023-01-03 01:00:00,-2.498,88.42654,0.059059918,0.397,0.391,0.327,-0.898,-0.49800003,1.352
2023-01-03 02:00:00,-2.2979999,88.44467,0.059847623,0.397,0.391,0.327,-0.898,-0.49800003,1.302
2023-01-03 03:00:00,-2.148,88.789795,0.058708012,0.397,0.391,0.327,-0.898,-0.49800003,1.302
2023-01-03 04:00:00,-1.948,88.807365,0.059488356,0.397,0.391,0.327,-0.898,-0.49800003,1.302
2023-01-03 05:00:00,-1.5979999,89.16933,0.05906862,0.397,0.391,0.327,-0.898,-0.49800003,1.302
2023-01-03 06:00:00,-1.198,89.53465,0.058778107,0.397,0.391,0.327,-0.898,-0.49800003,1.302
2023-01-03 07:00:00,-0.148,90.61343,0.056919575,0.397,0.391,0.327,-0.898,-0.49800003,1.302
2023-01-03 08:00:00,0.202,91.63939,0.05200267,0.397,0.391,0.327,-0.898,-0.49800003,1.302
2023-01-03 09:00:00,0.352,92.32074,0.048286557,0.397,0.391,0.327,-0.898,-0.49800003,1.302
2023-01-03 10:00:00,0.0020000003,90.29275,0.05950892,0.397,0.391,0.327,-0.898,-0.49800003,1.302
2023-01-03 11:00:00,-1.2479999,87.23246,0.0714446,0.397,0.391,0.327,-0.848,-0.49800003,1.302
2023-01-03 12:00:00,-2.0479999,86.8271,0.06949726,0.397,0.391,0.327,-0.848,-0.49800003,1.302
2023-01-03 13:00:00,-2.698,86.43414,0.06820625,0.397,0.391,0.327,-0.848,-0.49800003,1.302
2023-01-03 14:00:00,-3.498,87.00699,0.06154546,0.397,0.391,0.327,-0.848,-0.49800003,1.302
2023-01-03 15:00:00,-4.148,87.605804,0.05591631,0.397,0.391,0.327,-0.848,-0.49800003,1.302
2023-01-03 16:00:00,-4.498,88.24294,0.051662385,0.397,0.391,0.327,-0.848,-0.49800003,1.302
2023-01-03 17:00:00,-4.898,87.8685,0.05172062,0.397,0.391,0.327,-0.848,-0.49800003,1.302
2023-01-03 18:00:00,-5.498,87.13689,0.052398533,0.397,0.391,0.327,-0.848,-0.49800003,1.302
2023-01-03 19:00:00,-5.948,86.08556,0.05476919,0.397,0.391,0.327,-0.848,-0.49800003,1.302
2023-01-03 20:00:00,-6.148,85.3981,0.056602657,0.397,0.391,0.327,-0.848,-0.49800003,1.302
2023-01-03 21:00:00,-6.448,84.701324,0.057955712,0.397,0.391,0.327,-0.848,-0.49800003,1.302
2023-01-03 22:00:00,-6.798,83.34508,0.061418563,0.397,0.391,0.327,-0.848,-0.49800003,1.302
2023-01-03 23:00:00,-7.098,82.97983,0.061331123,0.397,0.391,0.327,-0.848,-0.49800003,1.302
2023-01-04 00:00:00,-7.198,82.31676,0.06322998,0.397,0.391,0.327,-0.848,-0.49800003,1.302
2023-01-04 01:00:00,-7.248,81.98657,0.064162046,0.397,0.391,0.327,-0.848,-0.49800003,1.302
2023-01-04 02:00:00,-7.398,81.64318,0.064631164,0.397,0.391,0.327,-0.848,-0.49800003,1.302
2023-01-04 03:00:00,-7.548,81.62197,0.06395897,0.397,0.391,0.327,-0.848,-0.49800003,1.302
2023-01-04 04:00:00,-7.648,81.285835,0.06462574,0.397,0.391,0.327,-0.848,-0.49800003,1.302
2023-01-04 05:00:00,-7.598,81.29304,0.0648517,0.397,0.391,0.327,-0.848,-0.49800003,1.302
2023-01-04 06:00:00,-7.248,81.343285,0.06645274,0.397,0.391,0.327,-0.848,-0.49800003,1.302
2023-01-04 07:00:00,-6.548,80.80742,0.07214719,0.397,0.391,0.327,-0.848,-0.49800003,1.302
2023-01-04 08:00:00,-6.248,82.12468,0.068760306,0.397,0.391,0.327,-0.848,-0.49800003,1.302
2023-01-04 09:00:00,-5.948,85.09033,0.05868584,0.397,0.391,0.327,-0.848,-0.49800003,1.302
2023-01-04 10:00:00,-5.748,86.77564,0.052853912,0.397,0.391,0.327,-0.848,-0.49800003,1.302
2023-01-04 11:00:00,-5.598,87.12675,0.052042246,0.397,0.391,0.327,-0.848,-0.49800003,1.302
2023-01-04 12:00:00,-5.598,86.79126,0.05339831,0.397,0.391,0.327,-0.848,-0.49800003,1.302
2023-01-04 13:00:00,-5.598,87.80118,0.049316138,0.397,0.391,0.327,-0.848,-0.49800003,1.302
2023-01-04 14:00:00,-5.498,89.51604,0.04270813,0.397,0.391,0.327,-0.848,-0.49800003,1.302
2023-01-04 15:00:00,-5.048,89.896996,0.042586893,0.396,0.391,0.327,-0.848,-0.49800003,1.302
2023-01-04 16:00:00,-4.598,90.2766,0.042405874,0.396,0.39,0.327,-0.848,-0.49800003,1.302
2023-01-04 17:00:00,-4.048,91.006584,0.040881246,0.396,0.39,0.327,-0.848,-0.49800003,1.302
2023-01-04 18:00:00,-3.398,91.05318,0.04269898,0.396,0.39,0.327,-0.848,-0.49800003,1.302
2023-01-04 19:00:00,-1.2479999,92.22262,0.04352212,0.396,0.39,0.327,-0.79800004,-0.49800003,1.302
2023-01-04 20:00:00,-0.29799998,91.94316,0.048326492,0.396,0.39,0.327,-0.79800004,-0.49800003,1.302
2023-01-04 21:00:00,0.252,92.31465,0.047976196,0.396,0.39,0.327,-0.79800004,-0.49800003,1.302
2023-01-04 22:00:00,0.502,91.99395,0.050890446,0.396,0.39,0.327,-0.79800004,-0.49800003,1.302
2023-01-04 23:00:00,0.552,91.997116,0.051054537,0.396,0.39,0.327,-0.79800004,-0.49800003,1.302
2023-01-05 00:00:00,0.502,91.99395,0.050890446,0.396,0.39,0.327,-0.79800004,-0.49800003,1.302
2023-01-05 01:00:00,0.252,92.31465,0.047976196,0.396,0.39,0.327,-0.79800004,-0.49800003,1.302
2023-01-05 02:00:00,0.102,92.30553,0.047513843,0.396,0.39,0.327,-0.79800004,-0.49800003,1.302
2023-01-05 03:00:00,-0.198,92.28722,0.04660058,0.396,0.39,0.327,-0.79800004,-0.49800003,1.302
2023-01-05 04:00:00,-0.49800003,92.608406,0.04369521,0.396,0.39,0.327,-0.79800004,-0.49800003,1.302
2023-01-05 05:00:00,-0.49800003,92.268845,0.045702398,0.396,0.39,0.327,-0.79800004,-0.49800003,1.302
2023-01-05 06:00:00,-0.648,92.59958,0.043271363,0.396,0.39,0.327,-0.79800004,-0.49800003,1.302
2023-01-05 07:00:00,-0.098000005,91.28433,0.053043842,0.396,0.39,0.327,-0.79800004,-0.49800003,1.302
2023-01-05 08:00:00,-0.098000005,90.28513,0.05912465,0.396,0.39,0.327,-0.79800004,-0.49800003,1.302
2023-01-05 09:00:00,-0.24800001,89.28312,0.06451517,0.396,0.39,0.327,-0.79800004,-0.49800003,1.2520001
2023-01-05 10:00:00,-0.49800003,89.92271,0.05957073,0.396,0.39,0.327,-0.79800004,-0.49800003,1.2520001
2023-01-05 11:00:00,-0.848,91.232574,0.05052054,0.396,0.39,0.327,-0.79800004,-0.49800003,1.2520001
2023-01-05 12:00:00,-1.398,92.55522,0.04120481,0.396,0.39,0.327,-0.748,-0.49800003,1.2520001
2023-01-05 13:00:00,-1.898,93.909676,0.03249061,0.396,0.39,0.327,-0.748,-0.49800003,1.2520001
2023-01-05 14:00:00,-2.2979999,94.5912,0.02801466,0.396,0.39,0.327,-0.748,-0.49800003,1.2520001
2023-01-05 15:00:00,-2.448,94.93738,0.025932014,0.396,0.39,0.327,-0.748,-0.49800003,1.2520001
2023-01-05 16:00:00,-2.448,95.29129,0.024119228,0.396,0.39,0.327,-0.748,-0.49800003,1.2520001
2023-01-05 17:00:00,-2.5479999,95.64284,0.022153795,0.396,0.39,0.327,-0.748,-0.49800003,1.2520001
2023-01-05 18:00:00,-2.2979999,96.00753,0.020679086,0.396,0.39,0.327,-0.748,-0.49800003,1.2520001
2023-01-05 19:00:00,-1.648,97.81608,0.011867642,0.396,0.39,0.327,-0.748,-0.49800003,1.2520001
2023-01-05 20:00:00,-1.4979999,98.179344,0.010003388,0.396,0.39,0.327,-0.748,-0.49800003,1.2520001
2023-01-05 21:00:00,-1.548,97.81787,0.011945486,0.396,0.39,0.327,-0.748,-0.49800003,1.2520001
2023-01-05 22:00:00,-1.698,97.815186,0.011828899,0.396,0.39,0.327,-0.748,-0.49800003,1.2520001
2023-01-05 23:00:00,-1.9979999,97.8098,0.011598647,0.396,0.39,0.327,-0.748,-0.49800003,1.2520001
2023-01-06 00:00:00,-1.9979999,97.44894,0.013509631,0.396,0.39,0.327,-0.748,-0.49800003,1.2520001
2023-01-06 01:00:00,-2.2979999,97.08209,0.015113413,0.396,0.39,0.327,-0.748,-0.49800003,1.2520001
2023-01-06 02:00:00,-2.448,96.36008,0.01864475,0.396,0.39,0.327,-0.748,-0.49800003,1.2520001
2023-01-06 03:00:00,-2.498,95.6446,0.02222702,0.396,0.39,0.327,-0.748,-0.49800003,1.2520001
2023-01-06 04:00:00,-2.5479999,94.93327,0.025761425,0.396,0.39,0.327,-0.748,-0.49800003,1.2520001
2023-01-06 05:00:00,-2.448,93.88263,0.03133449,0.396,0.39,0.327,-0.748,-0.49800003,1.2520001
2023-01-06 06:00:00,-2.248,91.817345,0.042537987,0.396,0.39,0.327,-0.748,-0.49800003,1.2520001
2023-01-06 07:00:00,-2.2979999,90.11539,0.051195234,0.396,0.39,0.327,-0.748,-0.49800003,1.2520001
2023-01-06 08:00:00,-2.2979999,89.77902,0.05293727,0.396,0.39,0.327,-0.748,-0.49800003,1.2520001
2023-01-06 09:00:00,-2.498,88.42654,0.059059918,0.396,0.39,0.327,-0.748,-0.49800003,1.2520001
2023-01-06 10:00:00,-2.748,88.403824,0.058087945,0.396,0.39,0.327,-0.748,-0.49800003,1.2520001
2023-01-06 11:00:00,-2.948,88.38559,0.057320356,0.396,0.39,0.327,-0.748,-0.49800003,1.2520001
2023-01-06 12:00:00,-3.448,89.010475,0.05225128,0.396,0.39,0.327,-0.698,-0.49800003,1.2520001
2023-01-06 13:00:00,-3.698,89.3264,0.04980883,0.396,0.39,0.327,-0.698,-0.49800003,1.2520001
2023-01-06 14:00:00,-4.048,89.977234,0.045559913,0.396,0.39,0.327,-0.698,-0.448,1.2520001
2023-01-06 15:00:00,-4.248,90.64738,0.041879356,0.396,0.39,0.327,-0.698,-0.448,1.2520001
2023-01-06 16:00:00,-4.298,90.64364,0.04173869,0.396,0.39,0.327,-0.698,-0.448,1.2520001
2023-01-06 17:00:00,-4.298,90.29988,0.043272108,0.396,0.39,0.327,-0.698,-0.448,1.2520001
2023-01-06 18:00:00,-4.248,90.30374,0.04341796,0.396,0.39,0.327,-0.698,-0.448,1.2520001
2023-01-06 19:00:00,-4.698,89.24139,0.04656717,0.396,0.39,0.327,-0.698,-0.448,1.2520001
2023-01-06 20:00:00,-4.698,88.5622,0.049506575,0.396,0.39,0.327,-0.698,-0.448,1.2520001
2023-01-06 21:00:00,-4.798,87.878075,0.052072257,0.396,0.39,0.327,-0.698,-0.448,1.2520001
2023-01-06 22:00:00,-4.848,87.53735,0.05333364,0.396,0.39,0.327,-0.698,-0.448,1.2520001
2023-01-06 23:00:00,-4.698,86.88434,0.05676785,0.396,0.39,0.327,-0.698,-0.448,1.2520001
2023-01-07 00:00:00,-4.548,86.2373,0.060246527,0.395,0.39,0.327,-0.698,-0.448,1.2520001
2023-01-07 01:00:00,-4.548,85.57932,0.063126355,0.395,0.39,0.327,-0.698,-0.448,1.2520001
2023-01-07 02:00:00,-4.548,84.92583,0.06598657,0.395,0.389,0.327,-0.698,-0.448,1.2520001
2023-01-07 03:00:00,-4.598,85.24629,0.06434068,0.395,0.389,0.327,-0.698,-0.448,1.2520001
2023-01-07 04:00:00,-4.548,85.25203,0.06455889,0.395,0.389,0.327,-0.698,-0.448,1.2520001
2023-01-07 05:00:00,-4.198,84.64239,0.06902352,0.395,0.389,0.327,-0.698,-0.448,1.2520001
2023-01-07 06:00:00,-3.898,84.67794,0.07043362,0.395,0.389,0.327,-0.698,-0.448,1.2520001
2023-01-07 07:00:00,-3.248,84.113594,0.07666725,0.395,0.389,0.327,-0.698,-0.448,1.2520001
2023-01-07 08:00:00,-2.948,84.469406,0.07664508,0.395,0.389,0.327,-0.698,-0.448,1.2520001
2023-01-07 09:00:00,-2.7979999,84.48728,0.077415794,0.395,0.389,0.327,-0.698,-0.448,1.2520001
2023-01-07 10:00:00,-2.948,84.469406,0.07664508,0.395,0.389,0.327,-0.698,-0.448,1.2520001
2023-01-07 11:00:00,-3.098,84.77218,0.074316144,0.395,0.389,0.327,-0.698,-0.448,1.2520001
2023-01-07 12:00:00,-3.2979999,85.71865,0.06866571,0.395,0.389,0.327,-0.698,-0.448,1.2520001
2023-01-07 13:00:00,-3.398,86.0333,0.06665331,0.395,0.389,0.327,-0.698,-0.448,1.2520001
2023-01-07 14:00:00,-3.498,86.02245,0.06620836,0.395,0.389,0.327,-0.698,-0.448,1.2520001
2023-01-07 15:00:00,-3.748,86.32292,0.06358409,0.395,0.389,0.327,-0.698,-0.448,1.2520001
2023-01-07 16:00:00,-3.748,85.99526,0.06510714,0.395,0.389,0.327,-0.698,-0.448,1.2520001
2023-01-07 17:00:00,-3.948,86.30158,0.06273505,0.395,0.389,0.327,-0.698,-0.448,1.2520001
2023-01-07 18:00:00,-4.048,86.29091,0.062314272,0.395,0.389,0.327,-0.698,-0.448,1.2520001
2023-01-07 19:00:00,-4.148,87.605804,0.05591631,0.395,0.389,0.327,-0.698,-0.448,1.2520001
2023-01-07 20:00:00,-4.148,88.27538,0.052895963,0.395,0.389,0.327,-0.698,-0.448,1.2520001
2023-01-07 21:00:00,-4.048,88.28463,0.053252995,0.395,0.389,0.327,-0.698,-0.448,1.2520001
2023-01-07 22:00:00,-3.748,89.32216,0.049642235,0.395,0.389,0.327,-0.698,-0.448,1.2520001
2023-01-07 23:00:00,-3.198,91.41065,0.041609615,0.395,0.389,0.327,-0.698,-0.448,1.2520001
2023-01-08 00:00:00,-2.398,92.841156,0.036804974,0.395,0.389,0.327,-0.698,-0.448,1.2520001
2023-01-08 01:00:00,-1.0979999,94.29546,0.032275915,0.395,0.389,0.327,-0.698,-0.448,1.2520001
2023-01-08 02:00:00,0.202,95.04448,0.030823708,0.395,0.389,0.327,-0.698,-0.448,1.2520001
2023-01-08 03:00:00,0.802,94.38162,0.036495447,0.395,0.389,0.327,-0.698,-0.448,1.2520001
2023-01-08 04:00:00,1.202,93.38095,0.044251263,0.395,0.389,0.327,-0.698,-0.448,1.2520001
2023-01-08 05:00:00,1.452,91.38987,0.05860424,0.395,0.389,0.327,-0.698,-0.448,1.2520001
2023-01-08 06:00:00,1.352,91.383125,0.058230877,0.395,0.389,0.327,-0.698,-0.448,1.2520001
2023-01-08 07:00:00,0.45200002,86.125046,0.08787525,0.395,0.389,0.327,-0.698,-0.448,1.2520001
2023-01-08 08:00:00,-0.49800003,84.131065,0.09380385,0.395,0.389,0.327,-0.698,-0.448,1.2520001
2023-01-08 09:00:00,-1.898,82.08775,0.095549315,0.395,0.389,0.327,-0.648,-0.448,1.2520001
2023-01-08 10:00:00,-3.9980001,80.24641,0.09012118,0.395,0.389,0.327,-0.648,-0.448,1.2520001
2023-01-08 11:00:00,-5.698,80.93135,0.07649708,0.395,0.389,0.327,-0.648,-0.448,1.2520001
2023-01-08 12:00:00,-6.798,82.37126,0.06500882,0.395,0.389,0.327,-0.648,-0.448,1.2520001
2023-01-08 13:00:00,-8.598,83.77343,0.052043498,0.395,0.389,0.327,-0.648,-0.448,1.2520001
2023-01-08 14:00:00,-12.698,79.21719,0.048094302,0.395,0.389,0.327,-0.648,-0.448,1.2520001
2023-01-08 15:00:00,-16.698,75.903854,0.040082887,0.395,0.389,0.327,-0.648,-0.448,1.2520001
2023-01-08 16:00:00,-19.198,73.139565,0.03612633,0.395,0.389,0.327,-0.648,-0.448,1.202
2023-01-08 17:00:00,-20.798,72.157234,0.032601677,0.395,0.389,0.327,-0.648,-0.448,1.202
2023-01-08 18:00:00,-21.998,70.92709,0.0306395,0.395,0.389,0.327,-0.698,-0.448,1.202
2023-01-08 19:00:00,-23.748,72.51158,0.024796128,0.395,0.389,0.327,-0.698,-0.448,1.202
2023-01-08 20:00:00,-24.548,72.67547,0.02293628,0.395,0.389,0.327,-0.698,-0.448,1.202
2023-01-08 21:00:00,-25.148,73.567154,0.021014854,0.395,0.389,0.327,-0.698,-0.448,1.202
2023-01-08 22:00:00,-25.848,74.80755,0.01879181,0.395,0.389,0.327,-0.698,-0.448,1.202
2023-01-08 23:00:00,-26.398,75.04817,0.017697249,0.395,0.389,0.327,-0.698,-0.448,1.202
2023-01-09 00:00:00,-26.898,74.5948,0.017207183,0.395,0.389,0.328,-0.698,-0.448,1.202
2023-01-09 01:00:00,-27.548,74.8163,0.016060483,0.395,0.389,0.328,-0.698,-0.448,1.202
2023-01-09 02:00:00,-28.098,73.99433,0.015755601,0.395,0.389,0.328,-0.748,-0.448,1.202
2023-01-09 03:00:00,-28.598,73.88956,0.015095387,0.395,0.389,0.328,-0.748,-0.448,1.202
2023-01-09 04:00:00,-28.998,73.09722,0.014978625,0.395,0.389,0.328,-0.748,-0.448,1.202
2023-01-09 05:00:00,-28.898,71.72185,0.01589232,0.395,0.389,0.328,-0.748,-0.448,1.202
2023-01-09 06:00:00,-28.348,69.13225,0.01826473,0.395,0.389,0.328,-0.748,-0.448,1.202
2023-01-09 07:00:00,-26.648,68.55328,0.021790009,0.395,0.389,0.328,-0.748,-0.448,1.202
2023-01-09 08:00:00,-25.998,68.063675,0.023490362,0.395,0.389,0.328,-0.79800004,-0.448,1.202
2023-01-09 09:00:00,-25.598,68.48252,0.024046049,0.395,0.389,0.328,-0.79800004,-0.448,1.202
2023-01-09 10:00:00,-25.648,70.4294,0.022460014,0.395,0.389,0.328,-0.79800004,-0.448,1.202
2023-01-09 11:00:00,-26.148,73.70239,0.019083701,0.395,0.389,0.328,-0.79800004,-0.448,1.202
2023-01-09 12:00:00,-26.998,75.28222,0.016588107,0.395,0.389,0.328,-0.79800004,-0.448,1.202
2023-01-09 13:00:00,-27.448,75.90838,0.015508182,0.395,0.389,0.328,-0.79800004,-0.448,1.202
2023-01-09 14:00:00,-28.298,76.103874,0.014210675,0.395,0.389,0.328,-0.848,-0.448,1.202
2023-01-09 15:00:00,-28.998,75.60272,0.013585277,0.395,0.389,0.328,-0.848,-0.448,1.202
2023-01-09 16:00:00,-29.398,75.159355,0.01331928,0.395,0.389,0.328,-0.848,-0.448,1.202
2023-01-09 17:00:00,-29.998,74.674034,0.012827847,0.395,0.388,0.328,-0.848,-0.448,1.202
2023-01-09 18:00:00,-30.748,74.15495,0.012185745,0.394,0.388,0.328,-0.848,-0.448,1.202
2023-01-09 19:00:00,-31.748,73.943306,0.011157487,0.394,0.388,0.328,-0.848,-0.448,1.202
2023-01-09 20:00:00,-32.298,73.45996,0.010773601,0.394,0.388,0.328,-0.898,-0.448,1.202
2023-01-09 21:00:00,-32.748,72.996864,0.010490781,0.394,0.388,0.328,-0.898,-0.448,1.202
2023-01-09 22:00:00,-33.098003,72.91966,0.010166381,0.394,0.388,0.328,-0.898,-0.448,1.202
2023-01-09 23:00:00,-33.448,72.842125,0.009850908,0.394,0.388,0.328,-0.898,-0.448,1.202
2023-01-10 00:00:00,-33.648003,72.43176,0.009804485,0.394,0.388,0.328,-0.898,-0.448,1.202
2023-01-10 01:00:00,-33.748,72.40926,0.009716172,0.394,0.388,0.328,-0.948,-0.448,1.202
2023-01-10 02:00:00,-34.248,72.29638,0.0092850495,0.394,0.388,0.328,-0.948,-0.448,1.202
2023-01-10 03:00:00,-34.598003,71.850464,0.009111868,0.394,0.388,0.328,-0.948,-0.448,1.202
2023-01-10 04:00:00,-34.698,71.82747,0.009028962,0.394,0.388,0.328,-0.948,-0.448,1.202
2023-01-10 05:00:00,-34.148003,71.953545,0.009493394,0.394,0.388,0.328,-0.948,-0.448,1.202
2023-01-10 06:00:00,-32.898003,70.44943,0.011311665,0.394,0.388,0.328,-0.99799997,-0.448,1.202
2023-01-10 07:00:00,-31.448,68.7163,0.013785813,0.394,0.388,0.328,-0.99799997,-0.448,1.202
2023-01-10 08:00:00,-30.398,67.62957,0.01577669,0.394,0.388,0.328,-0.99799997,-0.448,1.202
2023-01-10 09:00:00,-29.898,67.423676,0.016651649,0.394,0.388,0.328,-0.99799997,-0.448,1.202
2023-01-10 10:00:00,-29.898,68.087524,0.0163129,0.394,0.388,0.328,-0.99799997,-0.448,1.202
2023-01-10 11:00:00,-30.548,69.61796,0.014598377,0.394,0.388,0.328,-0.99799997,-0.448,1.202
2023-01-10 12:00:00,-31.448,70.790184,0.012873374,0.394,0.388,0.328,-1.048,-0.448,1.202
2023-01-10 13:00:00,-32.048,71.35628,0.01191213,0.394,0.388,0.328,-1.048,-0.448,1.202
2023-01-10 14:00:00,-32.498,71.60911,0.011301493,0.394,0.388,0.328,-1.048,-0.448,1.202
2023-01-10 15:00:00,-32.948,71.86508,0.010718036,0.394,0.388,0.328,-1.048,-0.448,1.202
2023-01-10 16:00:00,-33.298,72.1469,0.010252796,0.394,0.388,0.328,-1.048,-0.448,1.202
2023-01-10 17:00:00,-33.548,72.819885,0.009762388,0.394,0.388,0.328,-1.048,-0.448,1.202
2023-01-10 18:00:00,-33.648003,73.16523,0.009544026,0.394,0.388,0.328,-1.0979999,-0.448,1.202
2023-01-10 19:00:00,-33.198,72.89754,0.010075344,0.394,0.388,0.328,-1.0979999,-0.448,1.202
2023-01-10 20:00:00,-32.448,72.69983,0.010921057,0.394,0.388,0.328,-1.0979999,-0.448,1.202
2023-01-10 21:00:00,-31.548,72.89847,0.011830796,0.394,0.388,0.328,-1.0979999,-0.448,1.202
2023-01-10 22:00:00,-30.898,73.04072,0.012528844,0.394,0.388,0.328,-1.0979999,-0.448,1.202
2023-01-10 23:00:00,-29.948,73.60375,0.013432972,0.394,0.388,0.328,-1.0979999,-0.448,1.202
2023-01-11 00:00:00,-28.598,73.183334,0.0155031495,0.394,0.388,0.328,-1.0979999,-0.448,1.202
2023-01-11 01:00:00,-27.348,73.799385,0.017021377,0.394,0.388,0.328,-1.148,-0.448,1.202
2023-01-11 02:00:00,-26.598,74.3051,0.017891385,0.394,0.388,0.328,-1.148,-0.448,1.202
2023-01-11 03:00:00,-26.298,75.0682,0.017846279,0.394,0.388,0.328,-1.148,-0.448,1.202
2023-01-11 04:00:00,-26.148,75.45081,0.017816246,0.394,0.388,0.328,-1.148,-0.448,1.202
2023-01-11 05:00:00,-25.648,74.49925,0.01937227,0.394,0.388,0.328,-1.148,-0.448,1.202
2023-01-11 06:00:00,-24.798,73.2993,0.021912176,0.394,0.388,0.328,-1.148,-0.448,1.202
2023-01-11 07:00:00,-23.398,72.254234,0.025824502,0.394,0.388,0.328,-1.148,-0.448,1.202
2023-01-11 08:00:00,-22.748,72.06431,0.027551226,0.394,0.388,0.328,-1.148,-0.448,1.202
2023-01-11 09:00:00,-22.248,72.17211,0.02868843,0.394,0.388,0.328,-1.148,-0.448,1.202
2023-01-11 10:00:00,-22.348,73.140785,0.027446993,0.394,0.388,0.328,-1.148,-0.448,1.202
2023-01-11 11:00:00,-23.148,75.000404,0.023796141,0.394,0.388,0.328,-1.148,-0.448,1.202
2023-01-11 12:00:00,-23.948,75.87971,0.021373779,0.394,0.388,0.328,-1.148,-0.448,1.202
2023-01-11 13:00:00,-24.598,76.80984,0.019381471,0.394,0.388,0.328,-1.148,-0.448,1.202
2023-01-11 14:00:00,-24.898,76.753685,0.018907975,0.394,0.388,0.328,-1.198,-0.448,1.202
2023-01-11 15:00:00,-25.098,77.42975,0.018028535,0.394,0.388,0.328,-1.198,-0.448,1.202
2023-01-11 16:00:00,-24.698,77.86081,0.018337332,0.394,0.388,0.328,-1.198,-0.448,1.202
2023-01-11 17:00:00,-24.548,78.24689,0.01826378,0.394,0.388,0.328,-1.198,-0.448,1.202
2023-01-11 18:00:00,-24.648,78.952484,0.017512895,0.394,0.388,0.328,-1.198,-0.448,1.202
2023-01-11 19:00:00,-25.198,79.222946,0.01644731,0.394,0.388,0.328,-1.198,-0.448,1.202
2023-01-11 20:00:00,-25.298,78.84031,0.016598359,0.394,0.388,0.328,-1.198,-0.49800003,1.202
2023-01-11 21:00:00,-25.248,79.21439,0.016379442,0.394,0.388,0.328,-1.198,-0.49800003,1.202
2023-01-11 22:00:00,-24.748,78.935265,0.017369375,0.394,0.388,0.328,-1.198,-0.49800003,1.202
2023-01-11 23:00:00,-23.648,79.123375,0.019006379,0.394,0.388,0.328,-1.198,-0.49800003,1.202
2023-01-12 00:00:00,-22.498,78.96053,0.021220818,0.394,0.388,0.328,-1.198,-0.49800003,1.202
2023-01-12 01:00:00,-21.548,78.76823,0.02328667,0.394,0.388,0.328,-1.198,-0.49800003,1.202
2023-01-12 02:00:00,-20.598,78.58018,0.025527664,0.394,0.388,0.328,-1.198,-0.49800003,1.202
2023-01-12 03:00:00,-19.848,78.36192,0.027521335,0.394,0.388,0.328,-1.198,-0.49800003,1.202
2023-01-12 04:00:00,-19.098,77.8058,0.030112602,0.394,0.388,0.328,-1.198,-0.49800003,1.202
2023-01-12 05:00:00,-18.298,76.93387,0.033511654,0.393,0.388,0.328,-1.198,-0.49800003,1.1520001
2023-01-12 06:00:00,-17.498,75.754196,0.03770084,0.393,0.388,0.328,-1.198,-0.49800003,1.1520001
2023-01-12 07:00:00,-16.248,73.4216,0.04590857,0.393,0.388,0.328,-1.198,-0.49800003,1.1520001
2023-01-12 08:00:00,-16.298,73.72805,0.045190185,0.393,0.388,0.328,-1.198,-0.49800003,1.1520001
2023-01-12 09:00:00,-16.448,73.065636,0.04575018,0.393,0.388,0.328,-1.198,-0.49800003,1.1520001
2023-01-12 10:00:00,-16.698,73.01454,0.044885233,0.393,0.388,0.328,-1.198,-0.49800003,1.1520001
2023-01-12 11:00:00,-17.048,73.89685,0.04215873,0.393,0.387,0.328,-1.198,-0.49800003,1.1520001
2023-01-12 12:00:00,-17.498,75.10004,0.038717233,0.393,0.387,0.328,-1.198,-0.49800003,1.1520001
2023-01-12 13:00:00,-17.848,75.6883,0.036698237,0.393,0.387,0.328,-1.198,-0.49800003,1.1520001
2023-01-12 14:00:00,-18.048,75.321655,0.036623538,0.393,0.387,0.328,-1.198,-0.49800003,1.1520001
2023-01-12 15:00:00,-18.148,75.63162,0.035857454,0.393,0.387,0.328,-1.198,-0.49800003,1.1520001
2023-01-12 16:00:00,-18.048,74.99405,0.03710933,0.393,0.387,0.328,-1.198,-0.49800003,1.1520001
2023-01-12 17:00:00,-17.698,74.088585,0.03961192,0.393,0.387,0.328,-1.198,-0.49800003,1.1520001
2023-01-12 18:00:00,-17.498,74.128296,0.04022699,0.393,0.387,0.328,-1.198,-0.49800003,1.1520001
2023-01-12 19:00:00,-17.098,73.24943,0.043021806,0.393,0.387,0.328,-1.198,-0.49800003,1.1520001
2023-01-12 20:00:00,-17.048,73.57761,0.042673923,0.393,0.387,0.328,-1.198,-0.49800003,1.1520001
2023-01-12 21:00:00,-17.148,73.87691,0.04183667,0.393,0.387,0.328,-1.198,-0.49800003,1.1520001
2023-01-12 22:00:00,-17.198,74.1877,0.041165285,0.393,0.387,0.328,-1.198,-0.49800003,1.1520001
2023-01-12 23:00:00,-16.898,74.24691,0.042122588,0.393,0.387,0.328,-1.198,-0.49800003,1.1520001
2023-01-13 00:00:00,-16.448,74.335396,0.04359503,0.393,0.387,0.328,-1.198,-0.49800003,1.1520001
2023-01-13 01:00:00,-16.148,75.03516,0.043485716,0.393,0.387,0.328,-1.198,-0.49800003,1.1520001
2023-01-13 02:00:00,-15.848,75.41425,0.04391201,0.393,0.387,0.328,-1.198,-0.49800003,1.1520001
2023-01-13 03:00:00,-15.748,75.75587,0.043664575,0.393,0.387,0.328,-1.198,-0.49800003,1.1520001
2023-01-13 04:00:00,-15.648,75.45195,0.04458119,0.393,0.387,0.328,-1.198,-0.49800003,1.1520001
2023-01-13 05:00:00,-15.598,75.14013,0.045335263,0.393,0.387,0.328,-1.198,-0.49800003,1.1520001
2023-01-13 06:00:00,-15.448,73.268616,0.049357265,0.393,0.387,0.328,-1.198,-0.49800003,1.1520001
2023-01-13 07:00:00,-14.598,71.28832,0.056873932,0.393,0.387,0.328,-1.198,-0.49800003,1.1520001
2023-01-13 08:00:00,-14.448,70.416534,0.05932802,0.393,0.387,0.328,-1.198,-0.49800003,1.1520001
2023-01-13 09:00:00,-14.348,70.73827,0.05916825,0.393,0.387,0.328,-1.198,-0.49800003,1.1520001
2023-01-13 10:00:00,-14.498,72.224,0.055477172,0.393,0.387,0.328,-1.198,-0.49800003,1.1520001
2023-01-13 11:00:00,-14.748,73.72174,0.05141698,0.393,0.387,0.328,-1.198,-0.49800003,1.1520001
2023-01-13 12:00:00,-14.898,74.95424,0.04840359,0.393,0.387,0.328,-1.198,-0.49800003,1.1520001
2023-01-13 13:00:00,-14.898,75.59262,0.04717067,0.393,0.387,0.328,-1.198,-0.54800004,1.1520001
2023-01-13 14:00:00,-14.548,76.29967,0.047147423,0.393,0.387,0.328,-1.198,-0.54800004,1.1520001
2023-01-13 15:00:00,-14.348,75.69506,0.049152046,0.393,0.387,0.328,-1.198,-0.54800004,1.1520001
2023-01-13 16:00:00,-14.248,76.033295,0.048868597,0.393,0.387,0.328,-1.198,-0.54800004,1.1520001
2023-01-13 17:00:00,-14.248,76.35418,0.04821472,0.393,0.387,0.328,-1.198,-0.54800004,1.1520001
2023-01-13 18:00:00,-14.198,77.0084,0.047074467,0.393,0.387,0.328,-1.148,-0.54800004,1.1520001
2023-01-13 19:00:00,-12.998,75.62801,0.05503899,0.393,0.387,0.328,-1.148,-0.54800004,1.1520001
2023-01-13 20:00:00,-12.698,75.998764,0.05553803,0.393,0.387,0.328,-1.148,-0.54800004,1.1520001
2023-01-13 21:00:00,-12.898,76.59723,0.0532825,0.393,0.387,0.328,-1.148,-0.54800004,1.1520001
2023-01-13 22:00:00,-12.798,76.61509,0.05367568,0.393,0.387,0.328,-1.148,-0.54800004,1.1520001
2023-01-13 23:00:00,-12.698,76.63294,0.05407138,0.393,0.387,0.328,-1.148,-0.54800004,1.1520001
2023-01-14 00:00:00,-12.898,76.9165,0.052555993,0.393,0.387,0.328,-1.148,-0.54800004,1.1520001
2023-01-14 01:00:00,-13.048,77.21076,0.05125791,0.393,0.387,0.328,-1.148,-0.54800004,1.1520001
2023-01-14 02:00:00,-13.198,77.50679,0.049978793,0.393,0.387,0.328,-1.148,-0.54800004,1.1520001
2023-01-14 03:00:00,-13.698,77.74461,0.047473997,0.393,0.387,0.328,-1.148,-0.54800004,1.1520001
2023-01-14 04:00:00,-13.998,78.01942,0.045750394,0.393,0.387,0.328,-1.148,-0.54800004,1.1520001
2023-01-14 05:00:00,-13.498,76.489655,0.05097559,0.393,0.387,0.328,-1.148,-0.54800004,1.1520001
2023-01-14 06:00:00,-12.948,75.00913,0.05666548,0.393,0.387,0.328,-1.148,-0.54800004,1.102
2023-01-14 07:00:00,-12.498,72.938065,0.06363806,0.393,0.387,0.328,-1.148,-0.54800004,1.102
2023-01-14 08:00:00,-12.098,71.8144,0.06845471,0.393,0.387,0.328,-1.148,-0.54800004,1.102
2023-01-14 09:00:00,-11.998,71.240166,0.0704135,0.393,0.387,0.328,-1.148,-0.54800004,1.102
2023-01-14 10:00:00,-12.098,70.92305,0.07061799,0.393,0.387,0.328,-1.148,-0.54800004,1.102
2023-01-14 11:00:00,-12.648,72.000114,0.0650474,0.393,0.387,0.328,-1.148,-0.54800004,1.102
2023-01-14 12:00:00,-13.248,72.78645,0.060214445,0.393,0.387,0.328,-1.148,-0.54800004,1.102
2023-01-14 13:00:00,-13.498,72.73565,0.059109434,0.393,0.387,0.328,-1.148,-0.54800004,1.102
2023-01-14 14:00:00,-13.498,72.126274,0.060429588,0.393,0.387,0.328,-1.148,-0.54800004,1.102
2023-01-14 15:00:00,-13.698,72.08479,0.059538573,0.392,0.387,0.328,-1.148,-0.54800004,1.102
2023-01-14 16:00:00,-13.898,72.04323,0.058658957,0.392,0.387,0.328,-1.148,-0.54800004,1.102
2023-01-14 17:00:00,-14.248,72.27579,0.05652453,0.392,0.387,0.328,-1.148,-0.54800004,1.102
2023-01-14 18:00:00,-14.648,73.11855,0.0530321,0.392,0.387,0.328,-1.148,-0.54800004,1.102
2023-01-14 19:00:00,-14.798,71.85518,0.054839417,0.392,0.387,0.328,-1.148,-0.54800004,1.102
2023-01-14 20:00:00,-15.098,72.71678,0.05185917,0.392,0.387,0.328,-1.148,-0.54800004,1.102
2023-01-14 21:00:00,-15.298,73.298904,0.04991916,0.392,0.387,0.328,-1.148,-0.54800004,1.102
2023-01-14 22:00:00,-15.348,73.91693,0.048562676,0.392,0.387,0.328,-1.148,-0.54800004,1.102
2023-01-14 23:00:00,-15.498,74.520775,0.046851903,0.392,0.387,0.328,-1.148,-0.54800004,1.102
2023-01-15 00:00:00,-15.648,75.45195,0.04458119,0.392,0.387,0.328,-1.148,-0.54800004,1.102
2023-01-15 01:00:00,-15.648,76.098305,0.043408126,0.392,0.387,0.328,-1.148,-0.54800004,1.102
2023-01-15 02:00:00,-15.148,76.5141,0.04446152,0.392,0.387,0.328,-1.148,-0.54800004,1.102
2023-01-15 03:00:00,-14.798,76.90183,0.04501237,0.392,0.387,0.328,-1.148,-0.54800004,1.102
2023-01-15 04:00:00,-14.498,77.280266,0.045384422,0.392,0.387,0.328,-1.148,-0.54800004,1.102
2023-01-15 05:00:00,-13.798,77.40264,0.04781033,0.392,0.387,0.328,-1.148,-0.54800004,1.102
2023-01-15 06:00:00,-12.648,76.32428,0.05500762,0.392,0.387,0.328,-1.148,-0.54800004,1.102
2023-01-15 07:00:00,-12.248,73.90402,0.062620476,0.392,0.386,0.328,-1.148,-0.54800004,1.102
2023-01-15 08:00:00,-11.698,73.09848,0.06747556,0.392,0.386,0.328,-1.148,-0.54800004,1.102
2023-01-15 09:00:00,-11.298,74.0886,0.06711213,0.392,0.386,0.328,-1.148,-0.54800004,1.102
2023-01-15 10:00:00,-11.148,74.729515,0.06624314,0.392,0.386,0.328,-1.148,-0.54800004,1.102
2023-01-15 11:00:00,-11.298,75.93977,0.06232004,0.392,0.386,0.328,-1.148,-0.54800004,1.102
2023-01-15 12:00:00,-11.798,77.427864,0.05616881,0.392,0.386,0.328,-1.148,-0.54800004,1.102
2023-01-15 13:00:00,-11.948,77.401955,0.05555868,0.392,0.386,0.328,-1.148,-0.54800004,1.102
2023-01-15 14:00:00,-12.248,77.030945,0.055121094,0.392,0.386,0.328,-1.148,-0.54800004,1.102
2023-01-15 15:00:00,-12.948,76.90766,0.052363038,0.392,0.386,0.328,-1.0979999,-0.54800004,1.102
2023-01-15 16:00:00,-13.398,76.50761,0.05135396,0.392,0.386,0.328,-1.0979999,-0.54800004,1.102
2023-01-15 17:00:00,-13.798,76.435585,0.049855173,0.392,0.386,0.328,-1.0979999,-0.54800004,1.102
2023-01-15 18:00:00,-13.898,76.41751,0.049486488,0.392,0.386,0.328,-1.0979999,-0.54800004,1.102
2023-01-15 19:00:00,-13.148,74.34707,0.057227597,0.392,0.386,0.328,-1.0979999,-0.54800004,1.102
2023-01-15 20:00:00,-13.348,74.6203,0.05570364,0.392,0.386,0.329,-1.0979999,-0.54800004,1.102
2023-01-15 21:00:00,-13.498,74.59152,0.05508852,0.392,0.386,0.329,-1.0979999,-0.54800004,1.102
2023-01-15 22:00:00,-13.898,75.144104,0.05215697,0.392,0.386,0.329,-1.0979999,-0.54800004,1.102
2023-01-15 23:00:00,-14.248,75.07789,0.05081539,0.392,0.386,0.329,-1.0979999,-0.54800004,1.102
2023-01-16 00:00:00,-14.598,74.69464,0.050131172,0.392,0.386,0.329,-1.0979999,-0.54800004,1.102
2023-01-16 01:00:00,-14.848,74.33043,0.049813718,0.392,0.386,0.329,-1.0979999,-0.54800004,1.102
2023-01-16 02:00:00,-14.998,73.359276,0.051059753,0.392,0.386,0.329,-1.0979999,-0.54800004,1.102
2023-01-16 03:00:00,-15.048,71.80263,0.05381772,0.392,0.386,0.329,-1.0979999,-0.54800004,1.102
2023-01-16 04:00:00,-15.048,70.586426,0.056136996,0.392,0.386,0.329,-1.148,-0.54800004,1.102
2023-01-16 05:00:00,-14.148,68.12585,0.065513924,0.392,0.386,0.329,-1.148,-0.54800004,1.102
2023-01-16 06:00:00,-12.648,65.64654,0.07979421,0.392,0.386,0.329,-1.148,-0.598,1.102
2023-01-16 07:00:00,-11.148,62.258495,0.098903984,0.392,0.386,0.329,-1.148,-0.54800004,1.102
2023-01-16 08:00:00,-10.098,60.73427,0.111862436,0.392,0.386,0.329,-1.148,-0.598,1.102
2023-01-16 09:00:00,-9.598,59.863846,0.118949234,0.392,0.386,0.329,-1.148,-0.598,1.052
2023-01-16 10:00:00,-9.698,59.837147,0.1180927,0.392,0.386,0.329,-1.148,-0.598,1.052
2023-01-16 11:00:00,-10.398,60.90881,0.10874663,0.392,0.386,0.329,-1.148,-0.598,1.052
2023-01-16 12:00:00,-11.298,62.21982,0.09782408,0.392,0.386,0.329,-1.0979999,-0.598,1.052
2023-01-16 13:00:00,-11.848,63.132343,0.09134135,0.392,0.386,0.329,-1.0979999,-0.598,1.052
2023-01-16 14:00:00,-12.248,63.56487,0.08740707,0.392,0.386,0.329,-1.0979999,-0.598,1.052
2023-01-16 15:00:00,-12.748,64.79551,0.08110879,0.392,0.386,0.329,-1.0979999,-0.598,1.052
2023-01-16 16:00:00,-13.248,65.778984,0.07570523,0.392,0.386,0.329,-1.0979999,-0.598,1.052
2023-01-16 17:00:00,-13.798,66.48927,0.07087946,0.392,0.386,0.329,-1.0979999,-0.598,1.052
2023-01-16 18:00:00,-14.198,67.24889,0.06703882,0.392,0.386,0.329,-1.0979999,-0.598,1.052
2023-01-16 19:00:00,-13.848,65.633064,0.07239166,0.392,0.386,0.329,-1.0979999,-0.598,1.052
2023-01-16 20:00:00,-13.998,66.15865,0.07041474,0.392,0.386,0.329,-1.0979999,-0.598,1.052
2023-01-16 21:00:00,-14.198,66.67743,0.0682074,0.392,0.386,0.329,-1.0979999,-0.598,1.052
2023-01-16 22:00:00,-14.448,67.47766,0.0652162,0.392,0.386,0.329,-1.148,-0.598,1.052
2023-01-16 23:00:00,-14.598,68.313065,0.06276211,0.392,0.386,0.329,-1.148,-0.598,1.052
2023-01-17 00:00:00,-14.848,68.84225,0.060454518,0.392,0.386,0.329,-1.148,-0.598,1.052
2023-01-17 01:00:00,-15.298,69.0355,0.057882592,0.392,0.386,0.329,-1.148,-0.598,1.052
2023-01-17 02:00:00,-15.948,69.4849,0.054040007,0.392,0.386,0.329,-1.148,-0.598,1.052
2023-01-17 03:00:00,-16.748,70.82497,0.048320428,0.392,0.386,0.329,-1.148,-0.598,1.052
2023-01-17 04:00:00,-17.198,71.968124,0.04470194,0.392,0.386,0.329,-1.148,-0.598,1.052
2023-01-17 05:00:00,-16.298,70.617096,0.050536543,0.392,0.386,0.329,-1.148,-0.598,1.052
2023-01-17 06:00:00,-14.548,66.879456,0.06586976,0.392,0.386,0.329,-1.148,-0.598,1.052
2023-01-17 07:00:00,-13.248,63.581123,0.08056225,0.391,0.386,0.329,-1.148,-0.598,1.052
2023-01-17 08:00:00,-12.198,63.57749,0.08773014,0.391,0.386,0.329,-1.148,-0.598,1.052
2023-01-17 09:00:00,-11.648,64.52287,0.0893241,0.391,0.386,0.329,-1.148,-0.598,1.052
2023-01-17 10:00:00,-11.798,65.02914,0.08699562,0.391,0.386,0.329,-1.148,-0.598,1.052
2023-01-17 11:00:00,-12.698,66.751144,0.07691853,0.391,0.386,0.329,-1.148,-0.598,1.052
2023-01-17 12:00:00,-13.898,68.47367,0.06614211,0.391,0.386,0.329,-1.148,-0.598,1.052
2023-01-17 13:00:00,-14.598,69.48956,0.060433924,0.391,0.386,0.329,-1.148,-0.598,1.052
2023-01-17 14:00:00,-14.948,70.3072,0.05714026,0.391,0.386,0.329,-1.148,-0.598,1.052
2023-01-17 15:00:00,-14.998,70.597305,0.05634892,0.391,0.386,0.329,-1.148,-0.598,1.052
2023-01-17 16:00:00,-14.998,70.89951,0.05577022,0.391,0.386,0.329,-1.148,-0.598,1.052
2023-01-17 17:00:00,-15.048,71.49681,0.054400906,0.391,0.386,0.329,-1.148,-0.598,1.052
2023-01-17 18:00:00,-15.198,71.16006,0.054363474,0.391,0.386,0.329,-1.148,-0.598,1.052
2023-01-17 19:00:00,-16.598,73.35091,0.044700034,0.391,0.386,0.329,-1.148,-0.598,1.052
2023-01-17 20:00:00,-17.648,75.397964,0.037771508,0.391,0.386,0.329,-1.148,-0.598,1.052
2023-01-17 21:00:00,-18.498,76.89766,0.03299637,0.391,0.386,0.329,-1.148,-0.598,1.052
2023-01-17 22:00:00,-19.198,77.78823,0.029878631,0.391,0.386,0.329,-1.148,-0.598,1.052
2023-01-17 23:00:00,-19.798,78.02581,0.028069593,0.391,0.386,0.329,-1.148,-0.598,1.052
2023-01-18 00:00:00,-20.048,77.98211,0.02752357,0.391,0.386,0.329,-1.148,-0.598,1.052
2023-01-18 01:00:00,-20.048,77.98211,0.02752357,0.391,0.386,0.329,-1.148,-0.598,1.052
2023-01-18 02:00:00,-20.048,77.29557,0.028381132,0.391,0.386,0.329,-1.148,-0.598,1.052
2023-01-18 03:00:00,-20.298,76.5683,0.028661363,0.391,0.386,0.329,-1.148,-0.598,1.052
2023-01-18 04:00:00,-21.398,77.39681,0.025118113,0.391,0.386,0.329,-1.148,-0.598,1.052
2023-01-18 05:00:00,-21.248,76.0505,0.026965149,0.391,0.385,0.329,-1.148,-0.598,1.052
2023-01-18 06:00:00,-18.848,68.82291,0.04320418,0.391,0.385,0.329,-1.198,-0.598,1.052
2023-01-18 07:00:00,-16.848,63.483723,0.05995805,0.391,0.385,0.329,-1.198,-0.598,1.052
2023-01-18 08:00:00,-15.198,61.46193,0.07262243,0.391,0.385,0.329,-1.198,-0.598,1.052
2023-01-18 09:00:00,-14.348,60.110588,0.08063167,0.391,0.385,0.329,-1.198,-0.598,1.052
2023-01-18 10:00:00,-14.298,59.349667,0.08250635,0.391,0.385,0.329,-1.198,-0.598,1.052
2023-01-18 11:00:00,-15.198,60.14043,0.07510932,0.391,0.385,0.329,-1.198,-0.598,1.052
2023-01-18 12:00:00,-16.298,60.633453,0.067685224,0.391,0.385,0.329,-1.198,-0.598,1.052
2023-01-18 13:00:00,-16.898,60.73776,0.064189725,0.391,0.385,0.329,-1.198,-0.598,1.052
2023-01-18 14:00:00,-17.348,60.88443,0.061568134,0.391,0.385,0.329,-1.198,-0.598,1.052
2023-01-18 15:00:00,-18.248,62.839928,0.054192513,0.391,0.385,0.329,-1.198,-0.598,1.052
2023-01-18 16:00:00,-19.248,64.859344,0.04704614,0.391,0.385,0.329,-1.198,-0.598,1.052
2023-01-18 17:00:00,-19.998,66.73578,0.04174581,0.391,0.385,0.329,-1.198,-0.598,1.052
2023-01-18 18:00:00,-20.548,67.50779,0.038876817,0.391,0.385,0.329,-1.198,-0.598,1.002
2023-01-18 19:00:00,-20.848,66.8286,0.038664132,0.391,0.385,0.329,-1.198,-0.598,1.002
2023-01-18 20:00:00,-21.148,66.45295,0.038089506,0.391,0.385,0.329,-1.198,-0.598,1.002
2023-01-18 21:00:00,-21.348,65.50362,0.03848563,0.391,0.385,0.329,-1.198,-0.598,1.002
2023-01-18 22:00:00,-21.548,64.56328,0.03884527,0.391,0.385,0.329,-1.198,-0.598,1.002
2023-01-18 23:00:00,-21.548,62.81629,0.04075726,0.391,0.385,0.329,-1.198,-0.598,1.002
2023-01-19 00:00:00,-21.498,61.40675,0.042485878,0.391,0.385,0.329,-1.198,-0.598,1.002
2023-01-19 01:00:00,-21.398,60.31727,0.04406827,0.391,0.385,0.329,-1.2479999,-0.598,1.002
2023-01-19 02:00:00,-21.298,59.79384,0.045041747,0.391,0.385,0.329,-1.2479999,-0.598,1.002
2023-01-19 03:00:00,-21.248,59.533997,0.0455314,0.391,0.385,0.329,-1.2479999,-0.598,1.002
2023-01-19 04:00:00,-20.998,59.332016,0.04677038,0.391,0.385,0.329,-1.2479999,-0.598,1.002
2023-01-19 05:00:00,-19.648,57.846474,0.054507427,0.391,0.385,0.329,-1.2479999,-0.598,1.002
2023-01-19 06:00:00,-17.448,55.177048,0.06994176,0.391,0.385,0.329,-1.2479999,-0.598,1.002
2023-01-19 07:00:00,-16.148,56.052578,0.07650279,0.391,0.385,0.329,-1.2479999,-0.598,1.002
2023-01-19 08:00:00,-14.598,56.009323,0.087097265,0.391,0.385,0.329,-1.2479999,-0.598,1.002
2023-01-19 09:00:00,-13.748,56.7427,0.091841765,0.391,0.385,0.329,-1.2479999,-0.648,1.002
2023-01-19 10:00:00,-13.698,57.497246,0.09061196,0.391,0.385,0.329,-1.2479999,-0.648,1.002
2023-01-19 11:00:00,-14.498,59.29471,0.08126881,0.391,0.385,0.329,-1.2479999,-0.648,1.002
2023-01-19 12:00:00,-15.648,61.34197,0.070175245,0.391,0.385,0.329,-1.2479999,-0.648,1.002
2023-01-19 13:00:00,-16.198,62.82259,0.064463474,0.391,0.385,0.329,-1.2479999,-0.648,1.002
2023-01-19 14:00:00,-16.498,63.852646,0.061124183,0.391,0.385,0.329,-1.2479999,-0.648,1.002
2023-01-19 15:00:00,-16.798,65.18806,0.057403907,0.391,0.385,0.329,-1.2479999,-0.648,1.002
2023-01-19 16:00:00,-16.998,65.99982,0.055130906,0.391,0.385,0.329,-1.2479999,-0.648,1.002
2023-01-19 17:00:00,-17.148,66.835594,0.053101398,0.391,0.385,0.329,-1.2479999,-0.648,1.002
2023-01-19 18:00:00,-17.248,67.694885,0.05129224,0.391,0.385,0.329,-1.2479999,-0.648,1.002
2023-01-19 19:00:00,-16.998,68.347824,0.051327683,0.391,0.385,0.329,-1.2479999,-0.648,1.002
2023-01-19 20:00:00,-17.048,69.5384,0.049191236,0.391,0.385,0.329,-1.2479999,-0.648,1.002
2023-01-19 21:00:00,-17.098,70.44142,0.047533557,0.391,0.385,0.329,-1.2479999,-0.648,1.002
2023-01-19 22:00:00,-17.148,71.97872,0.044874005,0.391,0.385,0.329,-1.2479999,-0.648,1.002
2023-01-19 23:00:00,-17.298,73.84694,0.0413576,0.391,0.385,0.329,-1.2479999,-0.648,1.002
2023-01-20 00:00:00,-17.298,75.79173,0.03828446,0.391,0.385,0.329,-1.2479999,-0.648,1.002
2023-01-20 01:00:00,-17.248,77.79101,0.035273373,0.391,0.385,0.329,-1.2479999,-0.648,1.002
2023-01-20 02:00:00,-17.398,79.46049,0.032212645,0.391,0.385,0.329,-1.2479999,-0.648,1.002
2023-01-20 03:00:00,-17.248,81.211716,0.029843375,0.391,0.385,0.329,-1.298,-0.648,1.002
2023-01-20 04:00:00,-16.848,81.9699,0.029621556,0.39,0.385,0.329,-1.298,-0.648,1.002
2023-01-20 05:00:00,-16.098,81.3837,0.032568887,0.39,0.385,0.329,-1.298,-0.648,1.002
2023-01-20 06:00:00,-14.148,77.99384,0.045243338,0.39,0.385,0.329,-1.298,-0.648,1.002
2023-01-20 07:00:00,-11.798,75.22509,0.061647117,0.39,0.385,0.329,-1.298,-0.648,1.002
2023-01-20 08:00:00,-10.198,73.99749,0.073515624,0.39,0.385,0.329,-1.298,-0.648,1.002
2023-01-20 09:00:00,-9.248,72.987656,0.08231683,0.39,0.385,0.329,-1.298,-0.648,1.002
2023-01-20 10:00:00,-9.148,73.00747,0.08290541,0.39,0.385,0.329,-1.298,-0.648,1.002
2023-01-20 11:00:00,-9.948,74.34774,0.07397601,0.39,0.385,0.329,-1.298,-0.648,1.002
2023-01-20 12:00:00,-11.198,75.33672,0.06439434,0.39,0.385,0.329,-1.298,-0.648,1.002
2023-01-20 13:00:00,-12.048,75.80294,0.059010595,0.39,0.385,0.329,-1.298,-0.648,1.002
2023-01-20 14:00:00,-12.598,75.70189,0.05668193,0.39,0.385,0.329,-1.2479999,-0.648,1.002
2023-01-20 15:00:00,-13.048,75.9348,0.05412616,0.39,0.385,0.329,-1.2479999,-0.648,1.002
2023-01-20 16:00:00,-13.348,75.879776,0.052940995,0.39,0.385,0.329,-1.2479999,-0.648,1.002
2023-01-20 17:00:00,-13.748,76.76565,0.049358815,0.39,0.385,0.329,-1.2479999,-0.648,1.002
2023-01-20 18:00:00,-14.248,77.64981,0.045574352,0.39,0.385,0.329,-1.2479999,-0.648,1.002
2023-01-20 19:00:00,-14.648,78.899345,0.041634083,0.39,0.385,0.329,-1.2479999,-0.648,1.002
2023-01-20 20:00:00,-14.798,79.20777,0.040521115,0.39,0.385,0.329,-1.2479999,-0.648,1.002
2023-01-20 21:00:00,-14.898,79.862045,0.038923785,0.39,0.385,0.329,-1.2479999,-0.648,1.002
2023-01-20 22:00:00,-15.098,80.167984,0.037703738,0.39,0.385,0.329,-1.2479999,-0.648,1.002
2023-01-20 23:00:00,-15.598,81.113754,0.03444712,0.39,0.385,0.329,-1.298,-0.648,1.002
2023-01-21 00:00:00,-15.997999,81.74481,0.032205194,0.39,0.385,0.329,-1.298,-0.648,1.002
2023-01-21 01:00:00,-15.448,80.45287,0.036099195,0.39,0.385,0.329,-1.298,-0.648,1.002
2023-01-21 02:00:00,-15.548,80.4374,0.03582877,0.39,0.385,0.329,-1.298,-0.648,1.002
2023-01-21 03:00:00,-16.448,81.678986,0.031127334,0.39,0.385,0.329,-1.298,-0.648,0.95199996
2023-01-21 04:00:00,-17.998,83.22634,0.025004692,0.39,0.385,0.329,-1.298,-0.648,0.95199996
2023-01-21 05:00:00,-17.548,80.817726,0.029705822,0.39,0.385,0.329,-1.298,-0.648,0.95199996
2023-01-21 06:00:00,-15.098,71.18148,0.05477503,0.39,0.385,0.329,-1.298,-0.648,0.95199996
2023-01-21 07:00:00,-13.798,67.05733,0.06967911,0.39,0.384,0.329,-1.298,-0.648,0.95199996
2023-01-21 08:00:00,-12.498,65.40662,0.08133279,0.39,0.384,0.329,-1.298,-0.648,0.95199996
2023-01-21 09:00:00,-11.848,64.74462,0.08735071,0.39,0.384,0.329,-1.298,-0.648,0.95199996
2023-01-21 10:00:00,-12.098,66.33412,0.08175327,0.39,0.384,0.329,-1.298,-0.648,0.95199996
2023-01-21 11:00:00,-13.148,68.64451,0.069938645,0.39,0.384,0.329,-1.298,-0.648,0.95199996
2023-01-21 12:00:00,-14.798,71.54983,0.0554339,0.39,0.384,0.329,-1.298,-0.648,0.95199996
2023-01-21 13:00:00,-15.997999,73.157234,0.04734382,0.39,0.384,0.329,-1.298,-0.648,0.95199996
2023-01-21 14:00:00,-16.648,73.65801,0.04400023,0.39,0.384,0.329,-1.298,-0.698,0.95199996
2023-01-21 15:00:00,-17.248,74.499954,0.040496387,0.39,0.384,0.329,-1.298,-0.698,0.95199996
2023-01-21 16:00:00,-17.748,75.051926,0.037978977,0.39,0.384,0.329,-1.298,-0.698,0.95199996
2023-01-21 17:00:00,-17.798,74.71651,0.038326293,0.39,0.384,0.329,-1.298,-0.698,0.95199996
2023-01-21 18:00:00,-17.248,73.8569,0.04151678,0.39,0.384,0.329,-1.298,-0.698,0.95199996
2023-01-21 19:00:00,-16.698,73.64796,0.04383252,0.39,0.384,0.329,-1.298,-0.698,0.95199996
2023-01-21 20:00:00,-16.048,75.376465,0.043251544,0.39,0.384,0.329,-1.298,-0.698,0.95199996
2023-01-21 21:00:00,-14.748,74.98286,0.04895115,0.39,0.384,0.329,-1.298,-0.698,0.95199996
2023-01-21 22:00:00,-14.848,74.64651,0.049200773,0.39,0.384,0.329,-1.298,-0.698,0.95199996
2023-01-21 23:00:00,-13.998,74.18207,0.053732187,0.39,0.384,0.329,-1.298,-0.698,0.95199996
2023-01-22 00:00:00,-13.998,74.18207,0.053732187,0.39,0.384,0.329,-1.298,-0.698,0.95199996
2023-01-22 01:00:00,-14.098,74.475945,0.05268699,0.39,0.384,0.329,-1.298,-0.698,0.95199996
2023-01-22 02:00:00,-14.298,74.752235,0.051267818,0.39,0.384,0.329,-1.298,-0.698,0.95199996
2023-01-22 03:00:00,-14.748,74.66578,0.04957111,0.39,0.384,0.329,-1.298,-0.698,0.95199996
2023-01-22 04:00:00,-14.848,74.33043,0.049813718,0.39,0.384,0.329,-1.298,-0.698,0.95199996
2023-01-22 05:00:00,-13.898,72.34808,0.058019802,0.39,0.384,0.329,-1.298,-0.698,0.95199996
2023-01-22 06:00:00,-12.598,69.34846,0.07149166,0.39,0.384,0.329,-1.298,-0.698,0.95199996
2023-01-22 07:00:00,-11.048,66.03171,0.089739144,0.39,0.384,0.329,-1.298,-0.698,0.95199996
2023-01-22 08:00:00,-10.198,65.14797,0.0985156,0.39,0.384,0.329,-1.298,-0.698,0.95199996
2023-01-22 09:00:00,-9.698,65.8086,0.100549415,0.39,0.384,0.329,-1.298,-0.698,0.95199996
2023-01-22 10:00:00,-9.748,66.88815,0.096993506,0.39,0.384,0.329,-1.298,-0.698,0.95199996
2023-01-22 11:00:00,-10.398,68.69206,0.08711153,0.39,0.384,0.329,-1.298,-0.698,0.95199996
2023-01-22 12:00:00,-11.498,71.05045,0.073783964,0.39,0.384,0.329,-1.298,-0.698,0.95199996
2023-01-22 13:00:00,-12.248,72.38353,0.06626664,0.39,0.384,0.329,-1.298,-0.698,0.95199996
2023-01-22 14:00:00,-12.848,73.47901,0.06062287,0.39,0.384,0.329,-1.298,-0.698,0.95199996
2023-01-22 15:00:00,-13.248,74.01716,0.05749312,0.39,0.384,0.329,-1.298,-0.698,0.95199996
2023-01-22 16:00:00,-13.598,74.57231,0.054681778,0.39,0.384,0.329,-1.298,-0.698,0.95199996
2023-01-22 17:00:00,-13.898,75.144104,0.05215697,0.39,0.384,0.329,-1.298,-0.698,0.95199996
2023-01-22 18:00:00,-14.098,75.10631,0.05138667,0.39,0.384,0.329,-1.298,-0.698,0.95199996
2023-01-22 19:00:00,-13.748,74.23074,0.0547404,0.39,0.384,0.329,-1.298,-0.698,0.95199996
2023-01-22 20:00:00,-13.698,73.929016,0.05560784,0.39,0.384,0.329,-1.298,-0.698,0.95199996
2023-01-22 21:00:00,-13.648,73.93882,0.05581464,0.39,0.384,0.329,-1.298,-0.698,0.95199996
2023-01-22 22:00:00,-13.448,74.288994,0.055971965,0.39,0.384,0.329,-1.298,-0.698,0.95199996
2023-01-22 23:00:00,-13.698,75.18183,0.05293736,0.39,0.384,0.329,-1.298,-0.698,0.95199996
2023-01-23 00:00:00,-13.898,76.41751,0.049486488,0.39,0.384,0.329,-1.298,-0.698,0.95199996
2023-01-23 01:00:00,-14.098,77.67572,0.046085775,0.39,0.384,0.329,-1.298,-0.698,0.95199996
2023-01-23 02:00:00,-14.198,78.3134,0.044403985,0.39,0.384,0.329,-1.298,-0.698,0.95199996
2023-01-23 03:00:00,-14.448,79.26463,0.041593462,0.39,0.384,0.329,-1.298,-0.698,0.95199996
2023-01-23 04:00:00,-14.398,80.27702,0.039726853,0.39,0.384,0.329,-1.298,-0.698,0.95199996
2023-01-23 05:00:00,-13.748,79.70974,0.043107525,0.39,0.384,0.329,-1.298,-0.698,0.95199996
2023-01-23 06:00:00,-12.698,79.21719,0.048094302,0.39,0.384,0.329,-1.298,-0.698,0.95199996
2023-01-23 07:00:00,-11.548,78.10973,0.05557753,0.389,0.384,0.329,-1.298,-0.698,0.95199996
2023-01-23 08:00:00,-10.498,77.650536,0.06170538,0.389,0.384,0.329,-1.298,-0.698,0.95199996
2023-01-23 09:00:00,-9.898,78.70186,0.061668307,0.389,0.384,0.329,-1.298,-0.698,0.95199996
2023-01-23 10:00:00,-9.648,80.34548,0.058045745,0.389,0.384,0.329,-1.298,-0.698,0.95199996
2023-01-23 11:00:00,-9.698,82.63181,0.051093698,0.389,0.384,0.329,-1.298,-0.698,0.95199996
2023-01-23 12:00:00,-10.198,84.58341,0.043595627,0.389,0.384,0.329,-1.298,-0.698,0.95199996
2023-01-23 13:00:00,-10.348,85.592476,0.040261075,0.389,0.384,0.329,-1.298,-0.698,0.95199996
2023-01-23 14:00:00,-10.748,86.588005,0.036306635,0.389,0.384,0.329,-1.298,-0.698,0.95199996
2023-01-23 15:00:00,-11.398,86.86908,0.033747554,0.389,0.384,0.329,-1.298,-0.698,0.95199996
2023-01-23 16:00:00,-11.948,86.81061,0.03243333,0.389,0.384,0.33,-1.298,-0.698,0.95199996
2023-01-23 17:00:00,-12.898,87.423355,0.028640896,0.389,0.384,0.33,-1.298,-0.698,0.95199996
2023-01-23 18:00:00,-13.648,87.7075,0.02633512,0.389,0.384,0.33,-1.298,-0.698,0.95199996
2023-01-23 19:00:00,-13.698,88.0653,0.02546449,0.389,0.384,0.33,-1.298,-0.698,0.95199996
2023-01-23 20:00:00,-14.648,89.447334,0.020826906,0.389,0.384,0.33,-1.298,-0.698,0.95199996
2023-01-23 21:00:00,-15.098,89.03554,0.020849615,0.389,0.384,0.33,-1.298,-0.698,0.95199996
2023-01-23 22:00:00,-15.198,89.02643,0.020694822,0.389,0.384,0.33,-1.298,-0.698,0.95199996
2023-01-23 23:00:00,-14.448,88.357796,0.023358315,0.389,0.384,0.33,-1.298,-0.698,0.95199996
2023-01-24 00:00:00,-13.498,87.7226,0.026626945,0.389,0.384,0.33,-1.298,-0.698,0.95199996
2023-01-24 01:00:00,-12.798,87.43361,0.02885072,0.389,0.384,0.33,-1.298,-0.698,0.95199996
2023-01-24 02:00:00,-12.748,87.797615,0.028129011,0.389,0.384,0.33,-1.298,-0.698,0.902
2023-01-24 03:00:00,-12.948,88.5005,0.026082367,0.389,0.384,0.33,-1.298,-0.698,0.902
2023-01-24 04:00:00,-13.848,88.781136,0.023645565,0.389,0.384,0.33,-1.298,-0.748,0.902
2023-01-24 05:00:00,-13.098,86.6871,0.029828444,0.389,0.384,0.33,-1.298,-0.748,0.902
2023-01-24 06:00:00,-11.548,85.4536,0.03693767,0.389,0.384,0.33,-1.298,-0.748,0.902
2023-01-24 07:00:00,-10.848,89.41251,0.02843459,0.389,0.384,0.33,-1.298,-0.748,0.902
2023-01-24 08:00:00,-10.498,88.01868,0.03308615,0.389,0.384,0.33,-1.298,-0.748,0.902
2023-01-24 09:00:00,-10.248,88.042885,0.033681095,0.389,0.384,0.33,-1.298,-0.748,0.902
2023-01-24 10:00:00,-10.198,87.69567,0.034796566,0.389,0.384,0.33,-1.298,-0.748,0.902
2023-01-24 11:00:00,-10.348,88.74187,0.031462014,0.389,0.383,0.33,-1.298,-0.748,0.902
2023-01-24 12:00:00,-10.898,90.130104,0.02640225,0.389,0.383,0.33,-1.298,-0.748,0.902
2023-01-24 13:00:00,-11.598,90.80434,0.023259416,0.389,0.383,0.33,-1.298,-0.748,0.902
2023-01-24 14:00:00,-11.948,90.4105,0.023582667,0.389,0.383,0.33,-1.298,-0.748,0.902
2023-01-24 15:00:00,-12.398,90.00763,0.023697391,0.389,0.383,0.33,-1.298,-0.748,0.902
2023-01-24 16:00:00,-12.648,89.62044,0.02412258,0.389,0.383,0.33,-1.298,-0.748,0.902
2023-01-24 17:00:00,-12.848,89.60332,0.023773775,0.389,0.383,0.33,-1.298,-0.748,0.902
2023-01-24 18:00:00,-13.148,89.2109,0.02407685,0.389,0.383,0.33,-1.298,-0.748,0.902
2023-01-24 19:00:00,-12.948,88.86392,0.025258258,0.389,0.383,0.33,-1.2479999,-0.748,0.902
2023-01-24 20:00:00,-12.898,88.868484,0.025350645,0.389,0.383,0.33,-1.2479999,-0.748,0.902
2023-01-24 21:00:00,-12.998,89.224236,0.02434215,0.389,0.383,0.33,-1.2479999,-0.748,0.902
2023-01-24 22:00:00,-13.048,89.2198,0.024253428,0.389,0.383,0.33,-1.2479999,-0.748,0.902
2023-01-24 23:00:00,-13.298,88.83184,0.024620056,0.389,0.383,0.33,-1.2479999,-0.748,0.902
2023-01-25 00:00:00,-13.298,88.46744,0.02542317,0.389,0.383,0.33,-1.2479999,-0.748,0.902
2023-01-25 01:00:00,-13.448,88.45323,0.025145158,0.389,0.383,0.33,-1.2479999,-0.748,0.902
2023-01-25 02:00:00,-13.648,88.07019,0.025558278,0.389,0.383,0.33,-1.2479999,-0.748,0.902
2023-01-25 03:00:00,-13.798,88.05551,0.025277764,0.389,0.383,0.33,-1.2479999,-0.748,0.902
2023-01-25 04:00:00,-13.848,88.05062,0.02518487,0.389,0.383,0.33,-1.2479999,-0.748,0.902
2023-01-25 05:00:00,-13.598,86.99144,0.027982846,0.389,0.383,0.33,-1.2479999,-0.748,0.902
2023-01-25 06:00:00,-13.048,85.27725,0.033120707,0.389,0.383,0.33,-1.2479999,-0.748,0.902
2023-01-25 07:00:00,-12.148,82.97209,0.041199937,0.389,0.383,0.33,-1.2479999,-0.748,0.902
2023-01-25 08:00:00,-11.798,82.007034,0.044778347,0.389,0.383,0.33,-1.2479999,-0.748,0.902
2023-01-25 09:00:00,-11.648,81.69364,0.046110272,0.389,0.383,0.33,-1.2479999,-0.748,0.902
2023-01-25 10:00:00,-11.548,81.70799,0.046445355,0.389,0.383,0.33,-1.2479999,-0.748,0.902
2023-01-25 11:00:00,-11.748,82.687416,0.04325919,0.389,0.383,0.33,-1.2479999,-0.748,0.902
2023-01-25 12:00:00,-12.148,83.99796,0.03871861,0.389,0.383,0.33,-1.2479999,-0.748,0.902
2023-01-25 13:00:00,-12.448,84.30487,0.037067324,0.389,0.383,0.33,-1.2479999,-0.748,0.902
2023-01-25 14:00:00,-12.648,85.32457,0.034103394,0.389,0.383,0.33,-1.2479999,-0.748,0.902
2023-01-25 15:00:00,-12.748,85.66386,0.033046305,0.389,0.383,0.33,-1.2479999,-0.748,0.902
2023-01-25 16:00:00,-12.898,86.35332,0.031077012,0.389,0.383,0.33,-1.2479999,-0.748,0.902
2023-01-25 17:00:00,-13.098,87.04432,0.029028296,0.389,0.383,0.33,-1.2479999,-0.748,0.902
2023-01-25 18:00:00,-13.348,87.73766,0.026921675,0.389,0.383,0.33,-1.2479999,-0.748,0.902
2023-01-25 19:00:00,-13.848,88.05062,0.02518487,0.389,0.383,0.33,-1.2479999,-0.748,0.902
2023-01-25 20:00:00,-13.798,88.05551,0.025277764,0.389,0.383,0.33,-1.2479999,-0.748,0.902
2023-01-25 21:00:00,-13.848,88.05062,0.02518487,0.389,0.383,0.33,-1.2479999,-0.748,0.902
2023-01-25 22:00:00,-13.998,87.67222,0.025664866,0.389,0.383,0.33,-1.2479999,-0.748,0.902
2023-01-25 23:00:00,-14.298,86.556404,0.027306288,0.389,0.383,0.33,-1.2479999,-0.748,0.902
2023-01-26 00:00:00,-14.698,85.07961,0.029322907,0.389,0.383,0.33,-1.2479999,-0.748,0.902
2023-01-26 01:00:00,-14.898,84.34595,0.030260399,0.389,0.383,0.33,-1.2479999,-0.748,0.902
2023-01-26 02:00:00,-15.248,83.94795,0.03014335,0.389,0.383,0.33,-1.298,-0.748,0.902
2023-01-26 03:00:00,-15.448,83.922005,0.029695138,0.389,0.383,0.33,-1.298,-0.748,0.902
2023-01-26 04:00:00,-15.248,84.3016,0.029479519,0.389,0.383,0.33,-1.298,-0.748,0.902
2023-01-26 05:00:00,-14.448,84.05112,0.031995863,0.389,0.383,0.33,-1.298,-0.748,0.902
2023-01-26 06:00:00,-13.448,82.79551,0.037461236,0.389,0.383,0.33,-1.298,-0.748,0.902
2023-01-26 07:00:00,-12.548,79.24139,0.0486255,0.389,0.383,0.33,-1.298,-0.748,0.902
2023-01-26 08:00:00,-11.498,77.47953,0.05740656,0.389,0.383,0.33,-1.298,-0.748,0.902
2023-01-26 09:00:00,-10.798,76.34191,0.0637756,0.389,0.383,0.33,-1.298,-0.748,0.902
2023-01-26 10:00:00,-10.548,76.38654,0.064934835,0.389,0.383,0.33,-1.298,-0.748,0.902
2023-01-26 11:00:00,-10.698,76.98583,0.06253672,0.389,0.383,0.33,-1.298,-0.748,0.902
2023-01-26 12:00:00,-11.148,78.176704,0.0572111,0.389,0.383,0.33,-1.298,-0.748,0.902
2023-01-26 13:00:00,-11.448,79.09288,0.053509876,0.389,0.383,0.33,-1.298,-0.748,0.902
2023-01-26 14:00:00,-11.748,80.02348,0.049912825,0.389,0.383,0.33,-1.298,-0.748,0.902
2023-01-26 15:00:00,-11.898,80.659546,0.04774484,0.389,0.383,0.33,-1.298,-0.748,0.902
2023-01-26 16:00:00,-12.048,81.63611,0.04479073,0.389,0.383,0.33,-1.298,-0.748,0.902
2023-01-26 17:00:00,-12.148,82.63263,0.042020977,0.389,0.383,0.33,-1.298,-0.748,0.902
2023-01-26 18:00:00,-12.348,83.28631,0.039792404,0.389,0.383,0.33,-1.298,-0.748,0.902
2023-01-26 19:00:00,-12.148,82.97209,0.041199937,0.389,0.383,0.33,-1.298,-0.748,0.902
2023-01-26 20:00:00,-12.298,83.63526,0.03911951,0.389,0.383,0.33,-1.298,-0.748,0.902
2023-01-26 21:00:00,-12.398,85.00514,0.035557464,0.389,0.383,0.33,-1.298,-0.748,0.902
2023-01-26 22:00:00,-12.248,85.37168,0.035111353,0.389,0.383,0.33,-1.298,-0.748,0.902
2023-01-26 23:00:00,-12.198,86.43038,0.03270255,0.389,0.383,0.33,-1.298,-0.748,0.902
2023-01-27 00:00:00,-12.198,87.1387,0.030995965,0.389,0.383,0.33,-1.298,-0.748,0.902
2023-01-27 01:00:00,-12.098,87.14913,0.031221613,0.389,0.383,0.33,-1.298,-0.748,0.902
2023-01-27 02:00:00,-12.098,87.14913,0.031221613,0.389,0.383,0.33,-1.298,-0.748,0.902
2023-01-27 03:00:00,-12.148,86.78924,0.031966627,0.389,0.383,0.33,-1.298,-0.748,0.902
2023-01-27 04:00:00,-12.048,86.09499,0.03391835,0.389,0.383,0.33,-1.298,-0.748,0.902
2023-01-27 05:00:00,-11.448,84.773544,0.038975284,0.389,0.383,0.33,-1.298,-0.748,0.902
2023-01-27 06:00:00,-10.748,82.15468,0.04830374,0.389,0.383,0.33,-1.298,-0.748,0.902
2023-01-27 07:00:00,-8.948,78.53998,0.06696251,0.389,0.383,0.33,-1.298,-0.748,0.852
2023-01-27 08:00:00,-8.298,76.78295,0.07621926,0.389,0.383,0.33,-1.298,-0.748,0.902
2023-01-27 09:00:00,-7.948,75.92927,0.0812031,0.389,0.383,0.33,-1.298,-0.748,0.852
2023-01-27 10:00:00,-7.748,75.66278,0.08338681,0.389,0.383,0.33,-1.298,-0.748,0.852
2023-01-27 11:00:00,-7.998,75.920296,0.08091816,0.389,0.383,0.33,-1.298,-0.748,0.852
2023-01-27 12:00:00,-8.698,77.33123,0.0721312,0.389,0.383,0.33,-1.298,-0.748,0.852
2023-01-27 13:00:00,-9.148,77.87848,0.06795089,0.389,0.383,0.33,-1.298,-0.748,0.852
2023-01-27 14:00:00,-9.398,78.783005,0.06390494,0.389,0.383,0.33,-1.2479999,-0.748,0.852
2023-01-27 15:00:00,-9.698,79.37232,0.060678825,0.389,0.383,0.33,-1.2479999,-0.748,0.852
2023-01-27 16:00:00,-9.948,79.65397,0.058680102,0.389,0.383,0.33,-1.2479999,-0.748,0.852
2023-01-27 17:00:00,-10.098,79.63049,0.058054507,0.389,0.383,0.33,-1.2479999,-0.748,0.852
2023-01-27 18:00:00,-10.048,79.638336,0.05826235,0.389,0.383,0.33,-1.2479999,-0.748,0.852
2023-01-27 19:00:00,-9.948,79.01265,0.060528994,0.388,0.383,0.33,-1.2479999,-0.748,0.852
2023-01-27 20:00:00,-10.298,78.95629,0.059031904,0.388,0.383,0.33,-1.2479999,-0.748,0.852
2023-01-27 21:00:00,-10.648,78.899704,0.057567105,0.388,0.383,0.33,-1.2479999,-0.748,0.852
2023-01-27 22:00:00,-10.898,78.53821,0.057398215,0.388,0.382,0.33,-1.2479999,-0.748,0.852
2023-01-27 23:00:00,-11.198,78.16835,0.05700463,0.388,0.382,0.33,-1.2479999,-0.748,0.852
2023-01-28 00:00:00,-11.398,77.49669,0.057824403,0.388,0.382,0.33,-1.2479999,-0.748,0.852
2023-01-28 01:00:00,-11.748,77.43648,0.056373462,0.388,0.382,0.33,-1.2479999,-0.79800004,0.852
2023-01-28 02:00:00,-11.998,77.07473,0.056136295,0.388,0.382,0.33,-1.2479999,-0.748,0.852
2023-01-28 03:00:00,-12.248,77.030945,0.055121094,0.388,0.382,0.33,-1.2479999,-0.748,0.852
2023-01-28 04:00:00,-12.398,76.68636,0.055273786,0.388,0.382,0.33,-1.2479999,-0.79800004,0.852
2023-01-28 05:00:00,-11.898,75.20642,0.061199322,0.388,0.382,0.33,-1.2479999,-0.79800004,0.852
2023-01-28 06:00:00,-11.148,74.42297,0.067046255,0.388,0.382,0.33,-1.2479999,-0.79800004,0.852
2023-01-28 07:00:00,-9.348,71.791985,0.08528496,0.388,0.382,0.33,-1.2479999,-0.79800004,0.852
2023-01-28 08:00:00,-8.648,71.64519,0.09056772,0.388,0.382,0.33,-1.2479999,-0.79800004,0.852
2023-01-28 09:00:00,-8.198,70.875694,0.09634955,0.388,0.382,0.33,-1.2479999,-0.79800004,0.852
2023-01-28 10:00:00,-8.198,71.44923,0.094453245,0.388,0.382,0.33,-1.2479999,-0.79800004,0.852
2023-01-28 11:00:00,-8.648,72.811935,0.086843,0.388,0.382,0.33,-1.2479999,-0.79800004,0.852
2023-01-28 12:00:00,-9.398,74.7544,0.076033086,0.388,0.382,0.33,-1.2479999,-0.79800004,0.852
2023-01-28 13:00:00,-9.848,75.89273,0.07007465,0.388,0.382,0.33,-1.2479999,-0.79800004,0.852
2023-01-28 14:00:00,-10.198,76.760284,0.065708324,0.388,0.382,0.33,-1.2479999,-0.79800004,0.852
2023-01-28 15:00:00,-10.598,77.633514,0.061263263,0.388,0.382,0.33,-1.2479999,-0.79800004,0.852
2023-01-28 16:00:00,-10.998,78.52175,0.056985676,0.388,0.382,0.33,-1.2479999,-0.79800004,0.852
2023-01-28 17:00:00,-11.348,79.43327,0.05306244,0.388,0.382,0.33,-1.2479999,-0.79800004,0.852
2023-01-28 18:00:00,-11.598,80.04673,0.050458953,0.388,0.382,0.33,-1.2479999,-0.79800004,0.852
2023-01-28 19:00:00,-12.098,79.96908,0.048658535,0.388,0.382,0.33,-1.2479999,-0.79800004,0.852
2023-01-28 20:00:00,-12.498,81.23572,0.04413408,0.388,0.382,0.33,-1.2479999,-0.79800004,0.852
2023-01-28 21:00:00,-12.948,82.52232,0.039636612,0.388,0.382,0.33,-1.2479999,-0.79800004,0.852
2023-01-28 22:00:00,-13.098,83.53063,0.036898196,0.388,0.382,0.33,-1.2479999,-0.79800004,0.852
2023-01-28 23:00:00,-12.948,83.895515,0.036523536,0.388,0.382,0.33,-1.2479999,-0.79800004,0.852
2023-01-29 00:00:00,-12.848,84.6021,0.03520626,0.388,0.382,0.33,-1.2479999,-0.79800004,0.852
2023-01-29 01:00:00,-12.898,85.295006,0.03348632,0.388,0.382,0.33,-1.2479999,-0.79800004,0.852
2023-01-29 02:00:00,-12.948,85.99359,0.031766713,0.388,0.382,0.33,-1.298,-0.79800004,0.852
2023-01-29 03:00:00,-13.048,86.33675,0.030737922,0.388,0.382,0.33,-1.298,-0.79800004,0.852
2023-01-29 04:00:00,-12.648,86.02751,0.032470345,0.388,0.382,0.33,-1.298,-0.79800004,0.852
2023-01-29 05:00:00,-11.948,85.75589,0.035026193,0.388,0.382,0.33,-1.298,-0.79800004,0.852
2023-01-29 06:00:00,-11.248,85.14253,0.03864497,0.388,0.382,0.33,-1.298,-0.79800004,0.852
2023-01-29 07:00:00,-10.948,83.4706,0.04403524,0.388,0.382,0.33,-1.298,-0.79800004,0.852
2023-01-29 08:00:00,-10.598,82.50896,0.047913745,0.388,0.382,0.33,-1.298,-0.79800004,0.852
2023-01-29 09:00:00,-10.398,82.53636,0.04860513,0.388,0.382,0.33,-1.298,-0.79800004,0.852
2023-01-29 10:00:00,-10.298,82.55006,0.048954055,0.388,0.382,0.33,-1.298,-0.79800004,0.852
2023-01-29 11:00:00,-10.448,83.87353,0.044706777,0.388,0.382,0.33,-1.298,-0.79800004,0.852
2023-01-29 12:00:00,-10.898,85.87539,0.037780806,0.388,0.382,0.33,-1.298,-0.79800004,0.852
2023-01-29 13:00:00,-11.198,86.89026,0.03423679,0.388,0.382,0.33,-1.298,-0.79800004,0.852
2023-01-29 14:00:00,-11.298,86.87968,0.033991426,0.388,0.382,0.33,-1.298,-0.79800004,0.852
2023-01-29 15:00:00,-11.448,87.2166,0.032723278,0.388,0.382,0.33,-1.298,-0.79800004,0.852
2023-01-29 16:00:00,-11.498,86.85849,0.03350523,0.388,0.382,0.33,-1.298,-0.79800004,0.852
2023-01-29 17:00:00,-11.648,87.55051,0.03136161,0.388,0.382,0.33,-1.298,-0.79800004,0.852
2023-01-29 18:00:00,-11.698,87.19071,0.032138452,0.388,0.382,0.33,-1.298,-0.79800004,0.852
2023-01-29 19:00:00,-12.448,87.46935,0.029595658,0.388,0.382,0.33,-1.298,-0.79800004,0.852
2023-01-29 20:00:00,-12.998,87.77269,0.027620345,0.388,0.382,0.33,-1.298,-0.79800004,0.852
2023-01-29 21:00:00,-13.248,88.836426,0.024710402,0.388,0.382,0.33,-1.298,-0.79800004,0.852
2023-01-29 22:00:00,-13.648,88.79961,0.02399598,0.388,0.382,0.33,-1.298,-0.79800004,0.852
2023-01-29 23:00:00,-14.048,88.39612,0.024059325,0.388,0.382,0.33,-1.298,-0.79800004,0.852
2023-01-30 00:00:00,-14.298,87.641846,0.025102198,0.388,0.382,0.33,-1.298,-0.79800004,0.852
2023-01-30 01:00:00,-14.698,87.23689,0.02508448,0.388,0.382,0.33,-1.298,-0.79800004,0.852
2023-01-30 02:00:00,-14.998,86.11828,0.026614517,0.388,0.382,0.33,-1.298,-0.79800004,0.852
2023-01-30 03:00:00,-15.498,85.340744,0.026963487,0.388,0.382,0.33,-1.298,-0.79800004,0.852
2023-01-30 04:00:00,-15.948,83.85688,0.028599814,0.388,0.382,0.33,-1.298,-0.79800004,0.852
2023-01-30 05:00:00,-16.048,82.78468,0.03024505,0.388,0.382,0.33,-1.298,-0.79800004,0.852
2023-01-30 06:00:00,-15.798,81.77398,0.032694638,0.388,0.382,0.33,-1.298,-0.79800004,0.852
2023-01-30 07:00:00,-15.348,79.45364,0.038259923,0.388,0.382,0.33,-1.298,-0.79800004,0.852
2023-01-30 08:00:00,-14.598,77.91694,0.043751374,0.388,0.382,0.33,-1.298,-0.79800004,0.852
2023-01-30 09:00:00,-13.948,76.4085,0.04930304,0.388,0.382,0.33,-1.298,-0.79800004,0.852
2023-01-30 10:00:00,-13.598,75.20068,0.053331345,0.388,0.382,0.33,-1.298,-0.79800004,0.852
2023-01-30 11:00:00,-14.048,77.034966,0.047602654,0.388,0.382,0.33,-1.298,-0.79800004,0.852
2023-01-30 12:00:00,-15.298,79.79856,0.037774354,0.388,0.382,0.33,-1.298,-0.79800004,0.852
2023-01-30 13:00:00,-16.548,80.97035,0.032060727,0.388,0.382,0.33,-1.298,-0.79800004,0.852
2023-01-30 14:00:00,-17.398,81.18915,0.029503003,0.388,0.382,0.33,-1.298,-0.79800004,0.852
2023-01-30 15:00:00,-18.048,81.44213,0.027545646,0.388,0.382,0.33,-1.298,-0.79800004,0.852
2023-01-30 16:00:00,-18.198,81.41969,0.027229093,0.388,0.382,0.33,-1.298,-0.79800004,0.852
2023-01-30 17:00:00,-18.748,82.04751,0.025102742,0.388,0.382,0.33,-1.298,-0.79800004,0.852
2023-01-30 18:00:00,-19.448,83.02678,0.022349663,0.388,0.382,0.33,-1.298,-0.79800004,0.852
2023-01-30 19:00:00,-20.398,81.8051,0.022067137,0.388,0.382,0.33,-1.298,-0.79800004,0.852
2023-01-30 20:00:00,-20.948,81.00145,0.021963239,0.388,0.382,0.33,-1.3479999,-0.79800004,0.852
2023-01-30 21:00:00,-21.398,80.93172,0.021192499,0.388,0.382,0.33,-1.3479999,-0.79800004,0.852
2023-01-30 22:00:00,-21.898,80.85381,0.020363972,0.388,0.382,0.33,-1.3479999,-0.79800004,0.852
2023-01-30 23:00:00,-22.198,80.08438,0.02062849,0.388,0.382,0.33,-1.3479999,-0.79800004,0.852
2023-01-31 00:00:00,-22.498,80.03569,0.020137183,0.387,0.382,0.33,-1.3479999,-0.79800004,0.802
2023-01-31 01:00:00,-22.848,79.97868,0.019577011,0.387,0.382,0.33,-1.3479999,-0.79800004,0.802
2023-01-31 02:00:00,-23.048,79.58475,0.019609809,0.387,0.382,0.33,-1.3479999,-0.79800004,0.802
2023-01-31 03:00:00,-23.198,79.19962,0.019714147,0.387,0.382,0.33,-1.3479999,-0.79800004,0.802
2023-01-31 04:00:00,-23.198,79.19962,0.019714147,0.387,0.382,0.33,-1.3479999,-0.79800004,0.802
2023-01-31 05:00:00,-22.348,78.98606,0.021478496,0.387,0.382,0.33,-1.398,-0.79800004,0.802
2023-01-31 06:00:00,-20.948,78.870316,0.024425164,0.387,0.382,0.33,-1.398,-0.79800004,0.802
2023-01-31 07:00:00,-19.148,79.17254,0.028138377,0.387,0.382,0.33,-1.398,-0.79800004,0.802
2023-01-31 08:00:00,-17.198,75.81046,0.03857921,0.387,0.382,0.33,-1.398,-0.79800004,0.802
2023-01-31 09:00:00,-15.898,73.17754,0.047704488,0.387,0.382,0.33,-1.398,-0.79800004,0.802
2023-01-31 10:00:00,-15.248,71.76048,0.05301237,0.387,0.382,0.33,-1.398,-0.79800004,0.802
2023-01-31 11:00:00,-15.398,73.907036,0.048379853,0.387,0.382,0.33,-1.398,-0.79800004,0.802
2023-01-31 12:00:00,-16.648,75.58727,0.040780053,0.387,0.382,0.33,-1.398,-0.79800004,0.802
2023-01-31 13:00:00,-17.898,77.00602,0.03456351,0.387,0.382,0.33,-1.398,-0.79800004,0.802
2023-01-31 14:00:00,-18.648,78.22529,0.030705296,0.387,0.381,0.33,-1.398,-0.79800004,0.802
2023-01-31 15:00:00,-19.548,80.154755,0.025904924,0.387,0.381,0.33,-1.398,-0.79800004,0.802
2023-01-31 16:00:00,-20.248,81.8273,0.02232916,0.387,0.381,0.33,-1.398,-0.79800004,0.802
2023-01-31 17:00:00,-20.348,82.53685,0.021272324,0.387,0.381,0.33,-1.398,-0.79800004,0.802
2023-01-31 18:00:00,-20.348,82.9012,0.020828761,0.387,0.381,0.33,-1.398,-0.79800004,0.802
2023-01-31 19:00:00,-19.948,82.95716,0.021493167,0.387,0.381,0.33,-1.448,-0.79800004,0.802
2023-01-31 20:00:00,-20.748,82.844925,0.02018243,0.387,0.381,0.33,-1.448,-0.79800004,0.802
2023-01-31 21:00:00,-21.398,82.38581,0.019577399,0.387,0.381,0.33,-1.448,-0.79800004,0.802
2023-01-31 22:00:00,-21.648,81.983185,0.019589834,0.387,0.381,0.33,-1.448,-0.79800004,0.802
2023-01-31 23:00:00,-21.748,81.23948,0.020219348,0.387,0.381,0.33,-1.448,-0.79800004,0.802
2023-02-01 00:00:00,-21.148,80.97051,0.021617703,0.387,0.381,0.33,-1.448,-0.79800004,0.802
2023-02-01 01:00:00,-21.398,80.57183,0.021592215,0.387,0.381,0.33,-1.448,-0.848,0.802
2023-02-01 02:00:00,-21.448,80.20534,0.021902971,0.387,0.381,0.33,-1.448,-0.848,0.802
2023-02-01 03:00:00,-21.948,80.12482,0.0210459,0.387,0.381,0.33,-1.4979999,-0.848,0.802
2023-02-01 04:00:00,-22.548,80.389,0.01969362,0.387,0.381,0.33,-1.4979999,-0.848,0.802
2023-02-01 05:00:00,-21.348,80.57971,0.021678291,0.387,0.381,0.33,-1.4979999,-0.848,0.802
2023-02-01 06:00:00,-19.198,79.86036,0.027093023,0.387,0.381,0.33,-1.4979999,-0.848,0.802
2023-02-01 07:00:00,-16.598,74.94883,0.042021766,0.387,0.381,0.33,-1.4979999,-0.848,0.802
2023-02-01 08:00:00,-14.748,72.17207,0.054446787,0.387,0.381,0.33,-1.4979999,-0.848,0.802
2023-02-01 09:00:00,-13.348,69.76731,0.0663466,0.387,0.381,0.33,-1.4979999,-0.848,0.802
2023-02-01 10:00:00,-12.748,71.08129,0.0666381,0.387,0.381,0.33,-1.4979999,-0.848,0.802
2023-02-01 11:00:00,-12.648,65.37004,0.0804358,0.387,0.381,0.33,-1.4979999,-0.848,0.802
2023-02-01 12:00:00,-13.048,66.95048,0.074315816,0.387,0.381,0.33,-1.4979999,-0.848,0.802
2023-02-01 13:00:00,-13.548,68.84428,0.06726372,0.387,0.381,0.331,-1.4979999,-0.848,0.802
2023-02-01 14:00:00,-14.798,73.39944,0.05183272,0.387,0.381,0.331,-1.4979999,-0.848,0.802
2023-02-01 15:00:00,-16.548,77.91248,0.037209406,0.387,0.381,0.331,-1.4979999,-0.848,0.802
2023-02-01 16:00:00,-17.248,79.1435,0.033126593,0.387,0.381,0.331,-1.4979999,-0.848,0.802
2023-02-01 17:00:00,-17.948,79.71497,0.03036476,0.387,0.381,0.331,-1.4979999,-0.848,0.802
2023-02-01 18:00:00,-18.598,79.95688,0.028386101,0.387,0.381,0.331,-1.4979999,-0.848,0.802
2023-02-01 19:00:00,-18.798,79.92478,0.027949214,0.387,0.381,0.331,-1.4979999,-0.848,0.802
2023-02-01 20:00:00,-19.198,80.562,0.02614972,0.387,0.381,0.331,-1.4979999,-0.848,0.802
2023-02-01 21:00:00,-19.548,80.86089,0.024983712,0.387,0.381,0.331,-1.4979999,-0.848,0.802
2023-02-01 22:00:00,-19.948,80.798904,0.024213351,0.387,0.381,0.331,-1.548,-0.848,0.802
2023-02-01 23:00:00,-20.398,80.37294,0.023802973,0.387,0.381,0.331,-1.548,-0.848,0.802
2023-02-02 00:00:00,-20.748,79.96191,0.02357199,0.387,0.381,0.331,-1.548,-0.848,0.802
2023-02-02 01:00:00,-20.548,79.64077,0.024370342,0.387,0.381,0.331,-1.548,-0.848,0.802
2023-02-02 02:00:00,-19.998,78.33606,0.027198955,0.387,0.381,0.331,-1.548,-0.848,0.802
2023-02-02 03:00:00,-19.498,77.05413,0.03007865,0.387,0.381,0.331,-1.548,-0.848,0.802
2023-02-02 04:00:00,-18.698,76.861404,0.032487936,0.387,0.381,0.331,-1.548,-0.848,0.802
2023-02-02 05:00:00,-16.748,75.568405,0.04047008,0.387,0.381,0.331,-1.548,-0.848,0.802
2023-02-02 06:00:00,-14.148,74.152794,0.053135067,0.387,0.381,0.331,-1.548,-0.848,0.802
2023-02-02 07:00:00,-11.548,72.52616,0.069744945,0.387,0.381,0.331,-1.548,-0.848,0.802
2023-02-02 08:00:00,-9.998,71.36559,0.082244694,0.387,0.381,0.331,-1.548,-0.848,0.802
2023-02-02 09:00:00,-9.148,71.252174,0.08829349,0.387,0.381,0.331,-1.548,-0.848,0.802
2023-02-02 10:00:00,-9.098,72.72225,0.08411056,0.387,0.381,0.331,-1.548,-0.848,0.802
2023-02-02 11:00:00,-9.898,74.35726,0.074241534,0.387,0.381,0.331,-1.548,-0.848,0.802
2023-02-02 12:00:00,-11.498,76.8456,0.05902168,0.387,0.381,0.331,-1.548,-0.848,0.802
2023-02-02 13:00:00,-12.848,77.88999,0.050545454,0.387,0.381,0.331,-1.548,-0.848,0.802
2023-02-02 14:00:00,-13.848,78.70081,0.044881135,0.387,0.381,0.331,-1.548,-0.848,0.802
2023-02-02 15:00:00,-14.548,79.58226,0.04062076,0.387,0.381,0.331,-1.548,-0.848,0.802
2023-02-02 16:00:00,-15.248,80.1445,0.03728208,0.387,0.381,0.331,-1.548,-0.848,0.802
2023-02-02 17:00:00,-15.748,81.091225,0.03406033,0.387,0.381,0.331,-1.548,-0.848,0.802
2023-02-02 18:00:00,-16.198,81.715614,0.031722203,0.387,0.381,0.331,-1.548,-0.898,0.802
2023-02-02 19:00:00,-16.948,83.01338,0.027674124,0.387,0.381,0.331,-1.548,-0.898,0.802
2023-02-02 20:00:00,-17.348,84.39217,0.024585173,0.387,0.381,0.331,-1.548,-0.898,0.802
2023-02-02 21:00:00,-17.648,83.99253,0.024582446,0.387,0.381,0.331,-1.548,-0.898,0.802
2023-02-02 22:00:00,-17.848,83.96637,0.024208486,0.387,0.381,0.331,-1.548,-0.898,0.802
2023-02-02 23:00:00,-17.898,83.95984,0.024115756,0.387,0.381,0.331,-1.548,-0.898,0.802
2023-02-03 00:00:00,-18.048,83.579155,0.024375163,0.387,0.381,0.331,-1.548,-0.898,0.802
2023-02-03 01:00:00,-18.248,83.91388,0.02347543,0.387,0.381,0.331,-1.548,-0.898,0.802
2023-02-03 02:00:00,-18.348,83.53892,0.023818508,0.387,0.381,0.331,-1.548,-0.898,0.802
2023-02-03 03:00:00,-18.398,83.17163,0.024246074,0.387,0.381,0.331,-1.548,-0.898,0.802
2023-02-03 04:00:00,-17.948,83.59253,0.024563178,0.387,0.381,0.331,-1.548,-0.898,0.802
2023-02-03 05:00:00,-16.848,84.09652,0.026129216,0.387,0.381,0.331,-1.548,-0.898,0.802
2023-02-03 06:00:00,-15.548,85.69458,0.026203752,0.387,0.381,0.331,-1.548,-0.898,0.802
2023-02-03 07:00:00,-14.348,82.671684,0.035049275,0.387,0.381,0.331,-1.548,-0.898,0.802
2023-02-03 08:00:00,-13.198,79.79671,0.04489316,0.387,0.381,0.331,-1.548,-0.898,0.802
2023-02-03 09:00:00,-12.398,77.0046,0.054519713,0.387,0.381,0.331,-1.548,-0.898,0.802
2023-02-03 10:00:00,-12.198,75.77544,0.058367416,0.387,0.381,0.331,-1.548,-0.898,0.802
2023-02-03 11:00:00,-12.748,76.942986,0.05313851,0.387,0.381,0.331,-1.548,-0.898,0.802
2023-02-03 12:00:00,-13.998,78.34707,0.0450688,0.387,0.381,0.331,-1.548,-0.898,0.802
2023-02-03 13:00:00,-15.098,78.82501,0.040255547,0.387,0.381,0.331,-1.548,-0.898,0.802
2023-02-03 14:00:00,-15.798,79.04407,0.03758894,0.387,0.381,0.331,-1.548,-0.898,0.752
2023-02-03 15:00:00,-16.398,79.283066,0.03534347,0.387,0.381,0.331,-1.548,-0.898,0.752
2023-02-03 16:00:00,-16.848,79.54978,0.033595264,0.387,0.381,0.331,-1.548,-0.898,0.752
2023-02-03 17:00:00,-17.298,79.8196,0.031918317,0.387,0.381,0.331,-1.548,-0.898,0.752
2023-02-03 18:00:00,-17.598,79.7714,0.031192861,0.387,0.381,0.331,-1.548,-0.898,0.752
2023-02-03 19:00:00,-17.648,79.419685,0.031600766,0.387,0.381,0.331,-1.548,-0.898,0.752
2023-02-03 20:00:00,-17.848,80.07661,0.030078128,0.387,0.381,0.331,-1.548,-0.898,0.752
2023-02-03 21:00:00,-17.798,80.431244,0.029668666,0.386,0.381,0.331,-1.548,-0.898,0.752
2023-02-03 22:00:00,-17.748,80.78698,0.029253416,0.386,0.381,0.331,-1.548,-0.898,0.752
2023-02-03 23:00:00,-17.548,81.86808,0.028080061,0.386,0.381,0.331,-1.548,-0.898,0.752
2023-02-04 00:00:00,-17.198,82.97898,0.027151942,0.386,0.381,0.331,-1.548,-0.898,0.752
2023-02-04 01:00:00,-16.948,83.368744,0.027095422,0.386,0.381,0.331,-1.5979999,-0.898,0.752
2023-02-04 02:00:00,-16.598,83.77165,0.027228743,0.386,0.381,0.331,-1.5979999,-0.898,0.752
2023-02-04 03:00:00,-16.748,84.46838,0.025733948,0.386,0.381,0.331,-1.5979999,-0.898,0.752
2023-02-04 04:00:00,-16.498,84.49999,0.026226282,0.386,0.381,0.331,-1.5979999,-0.898,0.752
2023-02-04 05:00:00,-15.398,84.99461,0.027830109,0.386,0.381,0.331,-1.5979999,-0.898,0.752
2023-02-04 06:00:00,-14.098,84.79863,0.031386763,0.386,0.381,0.331,-1.5979999,-0.898,0.752
2023-02-04 07:00:00,-13.198,85.61169,0.031976014,0.386,0.381,0.331,-1.5979999,-0.898,0.752
2023-02-04 08:00:00,-12.348,85.35993,0.03485699,0.386,0.38,0.331,-1.5979999,-0.898,0.752
2023-02-04 09:00:00,-11.848,85.071075,0.037006214,0.386,0.38,0.331,-1.5979999,-0.898,0.752
2023-02-04 10:00:00,-11.698,85.78446,0.03566572,0.386,0.38,0.331,-1.5979999,-0.898,0.752
2023-02-04 11:00:00,-12.048,86.799934,0.032199234,0.386,0.38,0.331,-1.5979999,-0.898,0.752
2023-02-04 12:00:00,-12.598,87.45405,0.02927439,0.386,0.38,0.331,-1.5979999,-0.898,0.752
2023-02-04 13:00:00,-13.048,87.40798,0.028328612,0.386,0.38,0.331,-1.548,-0.948,0.752
2023-02-04 14:00:00,-13.498,87.00204,0.028189242,0.386,0.38,0.331,-1.548,-0.948,0.752
2023-02-04 15:00:00,-13.798,86.61109,0.028333664,0.386,0.38,0.331,-1.548,-0.948,0.752
2023-02-04 16:00:00,-14.098,86.21975,0.02845347,0.386,0.38,0.331,-1.548,-0.948,0.752
2023-02-04 17:00:00,-14.448,85.82221,0.028443947,0.386,0.38,0.331,-1.548,-0.948,0.752
2023-02-04 18:00:00,-14.748,84.71859,0.029908583,0.386,0.38,0.331,-1.548,-0.948,0.752
2023-02-04 19:00:00,-14.498,83.69429,0.032577053,0.386,0.38,0.331,-1.548,-0.948,0.752
2023-02-04 20:00:00,-14.698,82.97019,0.03346689,0.386,0.38,0.331,-1.548,-0.948,0.752
2023-02-04 21:00:00,-14.798,82.60931,0.03389488,0.386,0.38,0.331,-1.548,-0.948,0.752
2023-02-04 22:00:00,-14.948,82.24211,0.03418389,0.386,0.38,0.331,-1.548,-0.948,0.752
2023-02-04 23:00:00,-15.048,82.227936,0.033929303,0.386,0.38,0.331,-1.548,-0.948,0.752
2023-02-05 00:00:00,-15.148,82.21375,0.033676445,0.386,0.38,0.331,-1.548,-0.948,0.752
2023-02-05 01:00:00,-15.198,82.20665,0.033550605,0.386,0.38,0.331,-1.548,-0.948,0.752
2023-02-05 02:00:00,-15.098,81.531395,0.035112903,0.386,0.38,0.331,-1.548,-0.948,0.752
2023-02-05 03:00:00,-15.048,81.8827,0.03458813,0.386,0.38,0.331,-1.548,-0.948,0.752
2023-02-05 04:00:00,-14.648,81.25559,0.036987066,0.386,0.38,0.331,-1.548,-0.948,0.752
2023-02-05 05:00:00,-13.798,80.36982,0.04153554,0.386,0.38,0.331,-1.548,-0.948,0.752
2023-02-05 06:00:00,-13.098,80.811554,0.042987466,0.386,0.38,0.331,-1.548,-0.948,0.752
2023-02-05 07:00:00,-12.398,81.250435,0.04445751,0.386,0.38,0.331,-1.548,-0.948,0.752
2023-02-05 08:00:00,-11.498,81.38216,0.04746236,0.386,0.38,0.331,-1.548,-0.948,0.752
2023-02-05 09:00:00,-10.748,81.49092,0.05009976,0.386,0.38,0.331,-1.548,-0.948,0.752
2023-02-05 10:00:00,-10.198,81.241264,0.05304338,0.386,0.38,0.331,-1.548,-0.948,0.752
2023-02-05 11:00:00,-10.248,82.556885,0.049129322,0.386,0.38,0.331,-1.548,-0.948,0.752
2023-02-05 12:00:00,-10.798,84.50986,0.04176393,0.386,0.38,0.331,-1.548,-0.948,0.752
2023-02-05 13:00:00,-11.448,85.11877,0.03809184,0.386,0.38,0.331,-1.548,-0.948,0.752
2023-02-05 14:00:00,-11.848,85.071075,0.037006214,0.386,0.38,0.331,-1.548,-0.948,0.752
2023-02-05 15:00:00,-12.198,85.02916,0.036078468,0.386,0.38,0.331,-1.548,-0.948,0.752
2023-02-05 16:00:00,-12.248,84.32993,0.037610978,0.386,0.38,0.331,-1.548,-0.948,0.752
2023-02-05 17:00:00,-12.398,84.65751,0.036381572,0.386,0.38,0.331,-1.548,-0.948,0.752
2023-02-05 18:00:00,-12.348,84.31742,0.037338316,0.386,0.38,0.331,-1.548,-0.948,0.752
2023-02-05 19:00:00,-12.548,84.98708,0.035171017,0.386,0.38,0.331,-1.548,-0.948,0.752
2023-02-05 20:00:00,-12.898,84.944824,0.034283504,0.386,0.38,0.331,-1.548,-0.948,0.752
2023-02-05 21:00:00,-13.298,84.89631,0.03329307,0.386,0.38,0.331,-1.548,-0.948,0.752
2023-02-05 22:00:00,-13.548,84.86588,0.03268683,0.386,0.38,0.331,-1.548,-0.948,0.752
2023-02-05 23:00:00,-13.748,84.49039,0.032954484,0.386,0.38,0.331,-1.548,-0.948,0.752
2023-02-06 00:00:00,-13.998,84.45915,0.032351688,0.386,0.38,0.331,-1.548,-0.948,0.752
2023-02-06 01:00:00,-14.098,84.095955,0.032837078,0.386,0.38,0.331,-1.548,-0.948,0.752
2023-02-06 02:00:00,-13.798,83.43832,0.035045445,0.386,0.38,0.331,-1.548,-0.948,0.752
2023-02-06 03:00:00,-13.748,84.49039,0.032954484,0.386,0.38,0.331,-1.548,-0.948,0.752
2023-02-06 04:00:00,-13.248,84.55259,0.034189463,0.386,0.38,0.331,-1.548,-0.948,0.752
2023-02-06 05:00:00,-12.548,83.94687,0.037607133,0.386,0.38,0.331,-1.548,-0.948,0.752
2023-02-06 06:00:00,-11.598,83.726006,0.041157708,0.386,0.38,0.331,-1.548,-0.948,0.752
2023-02-06 07:00:00,-10.698,83.16599,0.045748934,0.386,0.38,0.331,-1.548,-0.948,0.752
2023-02-06 08:00:00,-9.798,82.61823,0.050731555,0.386,0.38,0.331,-1.4979999,-0.948,0.752
2023-02-06 09:00:00,-9.148,82.37631,0.054139227,0.386,0.38,0.331,-1.4979999,-0.948,0.752
2023-02-06 10:00:00,-8.748,82.431114,0.05569026,0.386,0.38,0.331,-1.4979999,-0.948,0.752
2023-02-06 11:00:00,-8.898,83.07054,0.053037226,0.386,0.38,0.331,-1.4979999,-0.948,0.752
2023-02-06 12:00:00,-9.598,85.33648,0.043480784,0.386,0.38,0.331,-1.4979999,-0.948,0.752
2023-02-06 13:00:00,-10.148,86.305534,0.038880676,0.386,0.38,0.331,-1.4979999,-0.948,0.752
2023-02-06 14:00:00,-10.498,86.61491,0.03696172,0.386,0.38,0.331,-1.4979999,-0.948,0.752
2023-02-06 15:00:00,-11.048,87.257866,0.03367828,0.386,0.38,0.331,-1.4979999,-0.948,0.752
2023-02-06 16:00:00,-11.498,87.56565,0.031702667,0.386,0.38,0.331,-1.4979999,-0.948,0.752
2023-02-06 17:00:00,-11.698,87.545456,0.031248584,0.386,0.38,0.331,-1.4979999,-0.948,0.752
2023-02-06 18:00:00,-12.098,87.14913,0.031221613,0.386,0.38,0.331,-1.4979999,-0.948,0.752
2023-02-06 19:00:00,-11.448,89.360466,0.027236477,0.386,0.38,0.331,-1.4979999,-0.948,0.752
2023-02-06 20:00:00,-11.598,88.62677,0.028766185,0.386,0.38,0.331,-1.4979999,-0.948,0.752
2023-02-06 21:00:00,-11.748,88.254074,0.029352963,0.386,0.38,0.331,-1.4979999,-0.948,0.752
2023-02-06 22:00:00,-11.948,88.95487,0.027161643,0.386,0.38,0.331,-1.4979999,-0.948,0.752
2023-02-06 23:00:00,-12.098,89.66732,0.02510482,0.386,0.38,0.331,-1.4979999,-0.948,0.752
2023-02-07 00:00:00,-12.198,90.02409,0.0240435,0.386,0.38,0.331,-1.4979999,-0.948,0.752
2023-02-07 01:00:00,-12.648,89.62044,0.02412258,0.386,0.38,0.331,-1.4979999,-0.948,0.70199996
2023-02-07 02:00:00,-13.748,88.790375,0.023820207,0.386,0.38,0.331,-1.4979999,-0.948,0.70199996
2023-02-07 03:00:00,-14.648,87.24212,0.025177836,0.386,0.38,0.331,-1.4979999,-0.948,0.70199996
2023-02-07 04:00:00,-13.948,88.04079,0.024999976,0.386,0.38,0.331,-1.4979999,-0.99799997,0.70199996
2023-02-07 05:00:00,-12.198,88.93223,0.026674464,0.386,0.38,0.331,-1.4979999,-0.99799997,0.70199996
2023-02-07 06:00:00,-10.898,85.52907,0.038706943,0.386,0.38,0.331,-1.4979999,-0.99799997,0.70199996
2023-02-07 07:00:00,-10.598,83.51621,0.04515542,0.386,0.38,0.331,-1.4979999,-0.99799997,0.70199996
2023-02-07 08:00:00,-10.048,82.252144,0.05078578,0.386,0.38,0.331,-1.4979999,-0.99799997,0.70199996
2023-02-07 09:00:00,-9.598,81.328445,0.055361643,0.386,0.38,0.331,-1.4979999,-0.99799997,0.70199996
2023-02-07 10:00:00,-9.448,80.69941,0.057906494,0.386,0.38,0.331,-1.4979999,-0.99799997,0.70199996
2023-02-07 11:00:00,-9.548,81.3357,0.055558696,0.386,0.38,0.331,-1.4979999,-0.99799997,0.70199996
2023-02-07 12:00:00,-10.048,83.25188,0.04792586,0.386,0.38,0.331,-1.4979999,-0.99799997,0.70199996
2023-02-07 13:00:00,-10.648,84.87026,0.04128264,0.386,0.38,0.331,-1.448,-0.99799997,0.70199996
2023-02-07 14:00:00,-11.098,85.5059,0.0381549,0.386,0.38,0.331,-1.448,-0.99799997,0.70199996
2023-02-07 15:00:00,-11.348,86.1731,0.0356784,0.386,0.38,0.331,-1.448,-0.99799997,0.70199996
2023-02-07 16:00:00,-11.598,86.49595,0.034154266,0.386,0.38,0.331,-1.448,-0.99799997,0.70199996
2023-02-07 17:00:00,-11.898,86.81594,0.03255096,0.386,0.38,0.331,-1.448,-0.99799997,0.70199996
2023-02-07 18:00:00,-12.498,87.46426,0.029488236,0.386,0.38,0.331,-1.448,-0.99799997,0.70199996
2023-02-07 19:00:00,-13.848,88.05062,0.02518487,0.386,0.38,0.331,-1.448,-0.99799997,0.70199996
2023-02-07 20:00:00,-14.398,87.63169,0.024917126,0.385,0.38,0.331,-1.448,-0.99799997,0.70199996
2023-02-07 21:00:00,-14.648,87.606255,0.024459451,0.385,0.38,0.331,-1.448,-0.99799997,0.70199996
2023-02-07 22:00:00,-14.948,86.84706,0.025322154,0.385,0.38,0.331,-1.448,-0.99799997,0.70199996
2023-02-07 23:00:00,-15.348,86.80386,0.024577409,0.385,0.38,0.331,-1.448,-0.99799997,0.70199996
2023-02-08 00:00:00,-15.248,86.8147,0.024761766,0.385,0.38,0.331,-1.448,-0.99799997,0.70199996
2023-02-08 01:00:00,-15.448,86.79301,0.024394244,0.385,0.38,0.331,-1.448,-0.99799997,0.70199996
2023-02-08 02:00:00,-15.548,86.418274,0.024878591,0.385,0.38,0.331,-1.448,-0.99799997,0.70199996
2023-02-08 03:00:00,-15.798,86.39041,0.024416327,0.385,0.38,0.331,-1.448,-0.99799997,0.70199996
2023-02-08 04:00:00,-15.398,86.43495,0.025159627,0.385,0.38,0.331,-1.448,-0.99799997,0.70199996
2023-02-08 05:00:00,-14.448,86.18042,0.027725562,0.385,0.38,0.331,-1.448,-0.99799997,0.70199996
2023-02-08 06:00:00,-13.398,85.23563,0.032281205,0.385,0.38,0.331,-1.448,-0.99799997,0.70199996
2023-02-08 07:00:00,-13.048,79.82034,0.045391172,0.385,0.379,0.331,-1.448,-0.99799997,0.70199996
2023-02-08 08:00:00,-12.548,78.58877,0.05015345,0.385,0.379,0.331,-1.448,-0.99799997,0.70199996
2023-02-08 09:00:00,-12.298,77.98333,0.05262381,0.385,0.379,0.331,-1.448,-0.99799997,0.70199996
2023-02-08 10:00:00,-12.348,77.6532,0.05319725,0.385,0.379,0.331,-1.448,-0.99799997,0.70199996
2023-02-08 11:00:00,-12.848,79.193,0.047568098,0.385,0.379,0.331,-1.448,-0.99799997,0.70199996
2023-02-08 12:00:00,-14.198,81.32228,0.038246065,0.385,0.379,0.331,-1.448,-0.99799997,0.70199996
2023-02-08 13:00:00,-15.548,82.5046,0.03204441,0.385,0.379,0.331,-1.448,-0.99799997,0.70199996
2023-02-08 14:00:00,-16.198,83.469406,0.028680786,0.385,0.379,0.331,-1.448,-0.99799997,0.70199996
2023-02-08 15:00:00,-16.798,84.46206,0.02563645,0.385,0.379,0.331,-1.448,-0.99799997,0.70199996
2023-02-08 16:00:00,-17.498,84.73535,0.023741782,0.385,0.379,0.331,-1.448,-0.99799997,0.70199996
2023-02-08 17:00:00,-17.748,83.97945,0.024394825,0.385,0.379,0.331,-1.448,-0.99799997,0.70199996
2023-02-08 18:00:00,-18.198,83.92047,0.02356594,0.385,0.379,0.331,-1.448,-0.99799997,0.70199996
2023-02-08 19:00:00,-20.398,81.8051,0.022067137,0.385,0.379,0.331,-1.4979999,-0.99799997,0.70199996
2023-02-08 20:00:00,-21.148,80.97051,0.021617703,0.385,0.379,0.331,-1.4979999,-0.99799997,0.70199996
2023-02-08 21:00:00,-21.648,80.53229,0.021166362,0.385,0.379,0.331,-1.4979999,-0.99799997,0.70199996
2023-02-08 22:00:00,-21.698,80.52436,0.021082088,0.385,0.379,0.331,-1.4979999,-0.99799997,0.70199996
2023-02-08 23:00:00,-21.698,80.52436,0.021082088,0.385,0.379,0.331,-1.4979999,-0.99799997,0.70199996
2023-02-09 00:00:00,-21.798,80.14901,0.021299869,0.385,0.379,0.331,-1.4979999,-0.99799997,0.70199996
2023-02-09 01:00:00,-22.048,80.10866,0.02087804,0.385,0.379,0.331,-1.4979999,-0.99799997,0.70199996
2023-02-09 02:00:00,-22.448,80.04381,0.020218343,0.385,0.379,0.331,-1.4979999,-0.99799997,0.70199996
2023-02-09 03:00:00,-22.848,79.61795,0.019929469,0.385,0.379,0.331,-1.4979999,-0.99799997,0.70199996
2023-02-09 04:00:00,-22.098,80.100555,0.020794556,0.385,0.379,0.331,-1.4979999,-0.99799997,0.70199996
2023-02-09 05:00:00,-20.648,79.978096,0.02375909,0.385,0.379,0.331,-1.4979999,-0.99799997,0.70199996
2023-02-09 06:00:00,-19.248,78.80975,0.028383158,0.385,0.379,0.331,-1.4979999,-0.99799997,0.70199996
2023-02-09 07:00:00,-17.948,76.33063,0.035427168,0.385,0.379,0.331,-1.4979999,-0.99799997,0.70199996
2023-02-09 08:00:00,-17.048,74.86206,0.04060103,0.385,0.379,0.331,-1.4979999,-0.99799997,0.70199996
2023-02-09 09:00:00,-16.298,73.72805,0.045190185,0.385,0.379,0.331,-1.4979999,-0.99799997,0.70199996
2023-02-09 10:00:00,-16.048,73.1471,0.04716438,0.385,0.379,0.331,-1.4979999,-0.99799997,0.70199996
2023-02-09 11:00:00,-16.198,73.116585,0.046629652,0.385,0.379,0.331,-1.4979999,-0.99799997,0.70199996
2023-02-09 12:00:00,-17.048,76.166565,0.038495578,0.385,0.379,0.331,-1.4979999,-0.99799997,0.70199996
2023-02-09 13:00:00,-18.198,77.62464,0.032786928,0.385,0.379,0.331,-1.4979999,-0.99799997,0.70199996
2023-02-09 14:00:00,-18.698,78.216644,0.030586407,0.385,0.379,0.331,-1.548,-0.99799997,0.70199996
2023-02-09 15:00:00,-18.998,78.507675,0.0294123,0.385,0.379,0.331,-1.548,-0.99799997,0.70199996
2023-02-09 16:00:00,-19.498,79.11424,0.027379952,0.385,0.379,0.331,-1.548,-0.99799997,0.70199996
2023-02-09 17:00:00,-19.798,79.76319,0.025851764,0.385,0.379,0.331,-1.548,-0.99799997,0.70199996
2023-02-09 18:00:00,-19.998,80.08273,0.025007427,0.385,0.379,0.331,-1.548,-0.99799997,0.70199996
2023-02-09 19:00:00,-20.448,80.72103,0.02327969,0.385,0.379,0.331,-1.548,-0.99799997,0.70199996
2023-02-09 20:00:00,-20.748,80.674095,0.022734724,0.385,0.379,0.331,-1.548,-0.99799997,0.70199996
2023-02-09 21:00:00,-21.148,80.61127,0.022025548,0.385,0.379,0.331,-1.548,-0.99799997,0.70199996
2023-02-09 22:00:00,-21.498,80.55602,0.021421008,0.385,0.379,0.331,-1.548,-0.99799997,0.70199996
2023-02-09 23:00:00,-21.698,80.52436,0.021082088,0.385,0.379,0.331,-1.548,-0.99799997,0.70199996
2023-02-10 00:00:00,-21.948,80.48468,0.020665087,0.385,0.379,0.331,-1.548,-0.99799997,0.70199996
2023-02-10 01:00:00,-22.298,80.06815,0.020463549,0.385,0.379,0.331,-1.548,-0.99799997,0.70199996
2023-02-10 02:00:00,-22.498,80.03569,0.020137183,0.385,0.379,0.331,-1.548,-0.99799997,0.70199996
2023-02-10 03:00:00,-22.198,80.08438,0.02062849,0.385,0.379,0.331,-1.548,-0.99799997,0.70199996
2023-02-10 04:00:00,-21.198,80.24543,0.02234286,0.385,0.379,0.331,-1.548,-0.99799997,0.70199996
2023-02-10 05:00:00,-19.798,80.46779,0.024952225,0.385,0.379,0.331,-1.548,-0.99799997,0.70199996
2023-02-10 06:00:00,-18.448,79.28838,0.029710509,0.385,0.379,0.331,-1.548,-0.99799997,0.70199996
2023-02-10 07:00:00,-17.298,78.45616,0.034073465,0.385,0.379,0.331,-1.5979999,-0.99799997,0.70199996
2023-02-10 08:00:00,-16.198,78.30665,0.037633017,0.385,0.379,0.331,-1.5979999,-0.99799997,0.70199996
2023-02-10 09:00:00,-15.548,79.08516,0.03830403,0.385,0.379,0.331,-1.5979999,-0.99799997,0.70199996
2023-02-10 10:00:00,-14.948,78.51757,0.04134971,0.385,0.379,0.331,-1.5979999,-0.99799997,0.70199996
2023-02-10 11:00:00,-14.898,79.52612,0.039572716,0.385,0.379,0.331,-1.5979999,-0.99799997,0.70199996
2023-02-10 12:00:00,-15.248,81.8538,0.034074083,0.385,0.379,0.331,-1.5979999,-0.99799997,0.652
2023-02-10 13:00:00,-15.498,83.21092,0.030879363,0.385,0.379,0.331,-1.5979999,-0.99799997,0.652
2023-02-10 14:00:00,-15.898,83.86342,0.028707728,0.385,0.379,0.331,-1.5979999,-0.99799997,0.652
2023-02-10 15:00:00,-16.248,84.17387,0.02734445,0.385,0.379,0.331,-1.5979999,-0.99799997,0.652
2023-02-10 16:00:00,-16.348,84.5189,0.026525602,0.385,0.379,0.331,-1.548,-0.99799997,0.652
2023-02-10 17:00:00,-16.598,84.48736,0.026028395,0.385,0.379,0.331,-1.548,-0.99799997,0.652
2023-02-10 18:00:00,-16.998,84.43671,0.025249735,0.385,0.379,0.331,-1.548,-0.99799997,0.652
2023-02-10 19:00:00,-17.798,84.33466,0.02375324,0.385,0.379,0.331,-1.548,-0.99799997,0.652
2023-02-10 20:00:00,-18.698,83.49176,0.023183212,0.385,0.379,0.331,-1.548,-0.99799997,0.652
2023-02-10 21:00:00,-18.548,83.512,0.023453616,0.385,0.379,0.331,-1.548,-0.99799997,0.652
2023-02-10 22:00:00,-18.098,84.29615,0.023212373,0.385,0.379,0.331,-1.548,-0.99799997,0.652
2023-02-10 23:00:00,-17.848,84.32826,0.023662344,0.385,0.379,0.331,-1.548,-0.99799997,0.652
2023-02-11 00:00:00,-17.348,84.03165,0.025152847,0.385,0.379,0.331,-1.548,-0.99799997,0.652
2023-02-11 01:00:00,-17.198,83.692375,0.026014447,0.385,0.379,0.331,-1.5979999,-0.99799997,0.652
2023-02-11 02:00:00,-17.398,83.30794,0.0261814,0.385,0.379,0.331,-1.548,-0.99799997,0.652
2023-02-11 03:00:00,-17.798,82.53983,0.026473403,0.385,0.379,0.331,-1.548,-0.99799997,0.652
2023-02-11 04:00:00,-17.498,81.87538,0.028187796,0.385,0.379,0.331,-1.5979999,-1.048,0.652
2023-02-11 05:00:00,-16.898,79.883575,0.032908484,0.385,0.379,0.331,-1.548,-0.99799997,0.652
2023-02-11 06:00:00,-15.598,78.075806,0.03998491,0.385,0.379,0.331,-1.548,-1.048,0.652
2023-02-11 07:00:00,-14.448,75.676476,0.04878649,0.385,0.379,0.331,-1.548,-1.048,0.652
2023-02-11 08:00:00,-13.348,71.55304,0.062430725,0.385,0.379,0.331,-1.548,-1.048,0.652
2023-02-11 09:00:00,-12.998,71.927505,0.06338993,0.385,0.379,0.331,-1.548,-1.048,0.652
2023-02-11 10:00:00,-13.048,73.4393,0.059735224,0.385,0.379,0.331,-1.548,-1.048,0.652
2023-02-11 11:00:00,-13.748,76.44461,0.05004041,0.385,0.379,0.331,-1.548,-1.048,0.652
2023-02-11 12:00:00,-15.298,80.13668,0.03714247,0.385,0.379,0.331,-1.548,-1.048,0.652
2023-02-11 13:00:00,-16.798,81.627556,0.030310884,0.385,0.379,0.331,-1.548,-1.048,0.652
2023-02-11 14:00:00,-17.798,82.89605,0.025933564,0.385,0.379,0.331,-1.548,-1.048,0.652
2023-02-11 15:00:00,-18.648,83.1373,0.023782223,0.385,0.379,0.331,-1.548,-1.048,0.652
2023-02-11 16:00:00,-19.348,83.04067,0.022524484,0.385,0.379,0.331,-1.548,-1.048,0.652
2023-02-11 17:00:00,-19.798,82.25379,0.022671893,0.385,0.379,0.331,-1.548,-1.048,0.652
2023-02-11 18:00:00,-19.998,82.22482,0.022319421,0.385,0.379,0.331,-1.548,-1.048,0.652
2023-02-11 19:00:00,-20.148,81.842125,0.022505306,0.385,0.379,0.331,-1.548,-1.048,0.652
2023-02-11 20:00:00,-20.748,81.39197,0.02189076,0.385,0.379,0.331,-1.548,-1.048,0.652
2023-02-11 21:00:00,-21.048,80.986,0.021789871,0.385,0.379,0.331,-1.548,-1.048,0.652
2023-02-11 22:00:00,-20.898,81.369225,0.021632582,0.385,0.379,0.331,-1.548,-1.048,0.652
2023-02-11 23:00:00,-20.948,81.00145,0.021963239,0.385,0.379,0.331,-1.5979999,-1.048,0.652
2023-02-12 00:00:00,-21.098,80.97826,0.021703616,0.385,0.379,0.331,-1.5979999,-1.048,0.652
2023-02-12 01:00:00,-20.998,80.993706,0.021876417,0.385,0.379,0.331,-1.5979999,-1.048,0.652
2023-02-12 02:00:00,-21.098,80.97826,0.021703616,0.385,0.379,0.331,-1.5979999,-1.048,0.652
2023-02-12 03:00:00,-21.148,80.61127,0.022025548,0.385,0.379,0.331,-1.5979999,-1.048,0.652
2023-02-12 04:00:00,-20.748,81.39197,0.02189076,0.385,0.379,0.331,-1.5979999,-1.048,0.652
2023-02-12 05:00:00,-20.298,80.388794,0.023991235,0.385,0.379,0.331,-1.5979999,-1.048,0.652
2023-02-12 06:00:00,-19.648,78.7421,0.027509324,0.385,0.379,0.331,-1.5979999,-1.048,0.652
2023-02-12 07:00:00,-17.948,78.34541,0.032413527,0.385,0.379,0.332,-1.5979999,-1.048,0.652
2023-02-12 08:00:00,-16.948,77.176094,0.03717798,0.385,0.379,0.332,-1.5979999,-1.048,0.652
2023-02-12 09:00:00,-16.098,76.341225,0.041384846,0.384,0.379,0.332,-1.5979999,-1.048,0.652
2023-02-12 10:00:00,-15.448,75.81172,0.04466483,0.384,0.379,0.332,-1.5979999,-1.048,0.652
2023-02-12 11:00:00,-15.248,75.848854,0.045342743,0.384,0.378,0.332,-1.5979999,-1.048,0.652
2023-02-12 12:00:00,-15.997999,78.00725,0.038794994,0.384,0.378,0.332,-1.5979999,-1.048,0.652
2023-02-12 13:00:00,-16.548,78.920074,0.03551297,0.384,0.378,0.332,-1.5979999,-1.048,0.652
2023-02-12 14:00:00,-16.848,79.54978,0.033595264,0.384,0.378,0.332,-1.5979999,-1.048,0.652
2023-02-12 15:00:00,-16.998,80.90189,0.0309816,0.384,0.378,0.332,-1.5979999,-1.048,0.652
2023-02-12 16:00:00,-16.298,82.398994,0.030282736,0.384,0.378,0.332,-1.5979999,-1.048,0.652
2023-02-12 17:00:00,-16.098,84.19312,0.02765584,0.384,0.378,0.332,-1.5979999,-1.048,0.652
2023-02-12 18:00:00,-14.998,85.40027,0.027990624,0.384,0.378,0.332,-1.5979999,-1.048,0.652
2023-02-12 19:00:00,-14.198,86.92757,0.02677168,0.384,0.378,0.332,-1.5979999,-1.048,0.652
2023-02-12 20:00:00,-13.948,87.67726,0.025759712,0.384,0.378,0.332,-1.5979999,-1.048,0.652
2023-02-12 21:00:00,-13.898,87.682304,0.025854811,0.384,0.378,0.332,-1.5979999,-1.048,0.652
2023-02-12 22:00:00,-13.748,88.42472,0.024597049,0.384,0.378,0.332,-1.5979999,-1.048,0.652
2023-02-12 23:00:00,-13.848,88.4152,0.024416655,0.384,0.378,0.332,-1.5979999,-1.048,0.652
2023-02-13 00:00:00,-13.698,88.429474,0.024687648,0.384,0.378,0.332,-1.5979999,-1.048,0.652
2023-02-13 01:00:00,-13.748,88.790375,0.023820207,0.384,0.378,0.332,-1.5979999,-1.048,0.652
2023-02-13 02:00:00,-13.848,88.4152,0.024416655,0.384,0.378,0.332,-1.5979999,-1.048,0.652
2023-02-13 03:00:00,-14.348,88.00141,0.024272054,0.384,0.378,0.332,-1.5979999,-1.048,0.652
2023-02-13 04:00:00,-13.848,88.05062,0.02518487,0.384,0.378,0.332,-1.5979999,-1.048,0.652
2023-02-13 05:00:00,-12.848,87.78765,0.027924582,0.384,0.378,0.332,-1.5979999,-1.048,0.652
2023-02-13 06:00:00,-11.848,84.37986,0.038719058,0.384,0.378,0.332,-1.5979999,-1.048,0.652
2023-02-13 07:00:00,-11.398,80.07766,0.051195174,0.384,0.378,0.332,-1.548,-1.048,0.652
2023-02-13 08:00:00,-10.748,78.56288,0.058021843,0.384,0.378,0.332,-1.548,-1.048,0.652
2023-02-13 09:00:00,-10.148,74.00714,0.073780194,0.384,0.378,0.332,-1.548,-1.048,0.652
2023-02-13 10:00:00,-9.948,71.668335,0.081698224,0.384,0.378,0.332,-1.548,-1.048,0.652
2023-02-13 11:00:00,-10.098,72.81836,0.077458784,0.384,0.378,0.332,-1.548,-1.048,0.652
2023-02-13 12:00:00,-10.548,76.38654,0.064934835,0.384,0.378,0.332,-1.548,-1.048,0.652
2023-02-13 13:00:00,-11.098,79.47293,0.054029852,0.384,0.378,0.332,-1.548,-1.048,0.652
2023-02-13 14:00:00,-11.598,81.03556,0.047959328,0.384,0.378,0.332,-1.548,-1.048,0.652
2023-02-13 15:00:00,-11.848,82.336235,0.04378301,0.384,0.378,0.332,-1.548,-1.048,0.652
2023-02-13 16:00:00,-12.098,82.97885,0.041349933,0.384,0.378,0.332,-1.548,-1.048,0.652
2023-02-13 17:00:00,-12.498,83.609184,0.03855358,0.384,0.378,0.332,-1.548,-1.048,0.652
2023-02-13 18:00:00,-12.948,83.895515,0.036523536,0.384,0.378,0.332,-1.548,-1.048,0.652
2023-02-13 19:00:00,-13.648,84.85368,0.032447025,0.384,0.378,0.332,-1.548,-1.048,0.652
2023-02-13 20:00:00,-14.248,85.48891,0.029595196,0.384,0.378,0.332,-1.548,-1.048,0.652
2023-02-13 21:00:00,-14.848,86.135254,0.026913598,0.384,0.378,0.332,-1.548,-1.048,0.652
2023-02-13 22:00:00,-15.298,86.446075,0.0253485,0.384,0.378,0.332,-1.548,-1.048,0.652
2023-02-13 23:00:00,-15.548,86.78219,0.024212226,0.384,0.378,0.332,-1.548,-1.048,0.652
2023-02-14 00:00:00,-15.748,86.395996,0.024508178,0.384,0.378,0.332,-1.548,-1.048,0.652
2023-02-14 01:00:00,-15.898,86.37923,0.02423352,0.384,0.378,0.332,-1.548,-1.048,0.652
2023-02-14 02:00:00,-16.098,85.992805,0.024508223,0.384,0.378,0.332,-1.548,-1.048,0.652
2023-02-14 03:00:00,-16.398,85.59483,0.024579614,0.384,0.378,0.332,-1.548,-1.048,0.652
2023-02-14 04:00:00,-15.448,85.34671,0.027064726,0.384,0.378,0.332,-1.548,-1.048,0.652
2023-02-14 05:00:00,-13.898,83.07875,0.035513982,0.384,0.378,0.332,-1.548,-1.048,0.602
2023-02-14 06:00:00,-12.548,78.914474,0.049390882,0.384,0.378,0.332,-1.548,-1.048,0.652
2023-02-14 07:00:00,-11.298,77.19675,0.059065893,0.384,0.378,0.332,-1.548,-1.048,0.602
2023-02-14 08:00:00,-10.198,73.69606,0.074367374,0.384,0.378,0.332,-1.548,-1.048,0.602
2023-02-14 09:00:00,-9.498,71.1791,0.08611372,0.384,0.378,0.332,-1.548,-1.048,0.602
2023-02-14 10:00:00,-9.048,70.69668,0.09070799,0.384,0.378,0.332,-1.548,-1.048,0.602
2023-02-14 11:00:00,-9.348,73.56215,0.07993589,0.384,0.378,0.332,-1.548,-1.048,0.602
2023-02-14 12:00:00,-10.748,77.291954,0.061460108,0.384,0.378,0.332,-1.548,-1.048,0.602
2023-02-14 13:00:00,-12.298,79.60913,0.048739642,0.384,0.378,0.332,-1.548,-1.048,0.602
2023-02-14 14:00:00,-13.248,80.78893,0.04251589,0.384,0.378,0.332,-1.548,-1.048,0.602
2023-02-14 15:00:00,-13.998,81.35181,0.03881751,0.384,0.378,0.332,-1.548,-1.048,0.602
2023-02-14 16:00:00,-14.398,81.29269,0.03768201,0.384,0.378,0.332,-1.548,-1.048,0.602
2023-02-14 17:00:00,-14.748,80.900085,0.037378594,0.384,0.378,0.332,-1.548,-1.048,0.602
2023-02-14 18:00:00,-15.048,80.5146,0.037198707,0.384,0.378,0.332,-1.548,-1.048,0.602
2023-02-14 19:00:00,-15.898,80.38312,0.034896195,0.384,0.378,0.332,-1.548,-1.048,0.602
2023-02-14 20:00:00,-16.548,79.59828,0.034371078,0.384,0.378,0.332,-1.548,-1.048,0.602
2023-02-14 21:00:00,-16.948,78.85352,0.034447268,0.384,0.378,0.332,-1.548,-1.048,0.602
2023-02-14 22:00:00,-17.248,77.45615,0.03580486,0.384,0.378,0.332,-1.548,-1.048,0.602
2023-02-14 23:00:00,-17.598,77.394264,0.034856014,0.384,0.378,0.332,-1.548,-1.048,0.602
2023-02-15 00:00:00,-17.798,76.69049,0.03533615,0.384,0.378,0.332,-1.548,-1.048,0.602
2023-02-15 01:00:00,-18.148,76.96096,0.03390278,0.384,0.378,0.332,-1.548,-1.048,0.602
2023-02-15 02:00:00,-18.198,76.95194,0.033771947,0.384,0.378,0.332,-1.548,-1.048,0.602
2023-02-15 03:00:00,-18.198,76.95194,0.033771947,0.384,0.378,0.332,-1.548,-1.048,0.602
2023-02-15 04:00:00,-17.548,76.40427,0.036535777,0.384,0.378,0.332,-1.548,-1.048,0.602
2023-02-15 05:00:00,-16.148,74.714035,0.04404469,0.384,0.378,0.332,-1.548,-1.048,0.602
2023-02-15 06:00:00,-14.548,72.52084,0.054659143,0.384,0.378,0.332,-1.548,-1.048,0.602
2023-02-15 07:00:00,-12.798,69.595634,0.06977528,0.384,0.378,0.332,-1.548,-1.048,0.602
2023-02-15 08:00:00,-11.448,68.17147,0.08144173,0.384,0.378,0.332,-1.548,-1.048,0.602
2023-02-15 09:00:00,-10.598,67.801865,0.08817355,0.384,0.378,0.332,-1.548,-1.048,0.602
2023-02-15 10:00:00,-10.298,68.99787,0.0869488,0.384,0.378,0.332,-1.548,-1.048,0.602
2023-02-15 11:00:00,-10.848,72.66776,0.073381096,0.384,0.378,0.332,-1.548,-1.0979999,0.602
2023-02-15 12:00:00,-12.548,77.29796,0.053175464,0.384,0.378,0.332,-1.548,-1.048,0.602
2023-02-15 13:00:00,-14.448,80.269264,0.039579228,0.384,0.378,0.332,-1.548,-1.0979999,0.602
2023-02-15 14:00:00,-15.748,81.781235,0.03281799,0.384,0.378,0.332,-1.548,-1.0979999,0.602
2023-02-15 15:00:00,-16.698,82.69431,0.028792754,0.384,0.378,0.332,-1.548,-1.0979999,0.602
2023-02-15 16:00:00,-17.198,82.97898,0.027151942,0.384,0.378,0.332,-1.548,-1.0979999,0.602
2023-02-15 17:00:00,-17.748,83.61924,0.024943084,0.384,0.378,0.332,-1.548,-1.0979999,0.602
2023-02-15 18:00:00,-18.398,82.812485,0.024763264,0.384,0.378,0.332,-1.548,-1.0979999,0.602
2023-02-15 19:00:00,-19.148,82.70722,0.023365468,0.384,0.378,0.332,-1.548,-1.0979999,0.602
2023-02-15 20:00:00,-19.698,82.26826,0.022849917,0.384,0.378,0.332,-1.548,-1.0979999,0.602
2023-02-15 21:00:00,-20.048,81.49765,0.023131602,0.384,0.378,0.332,-1.548,-1.0979999,0.602
2023-02-15 22:00:00,-20.348,81.45247,0.02259247,0.384,0.378,0.332,-1.548,-1.0979999,0.602
2023-02-15 23:00:00,-20.598,81.055435,0.02257955,0.384,0.378,0.332,-1.548,-1.0979999,0.602
2023-02-16 00:00:00,-20.848,81.0169,0.022137798,0.384,0.378,0.332,-1.548,-1.0979999,0.602
2023-02-16 01:00:00,-21.198,80.96277,0.021532074,0.384,0.378,0.332,-1.548,-1.0979999,0.602
2023-02-16 02:00:00,-21.148,80.25344,0.022431754,0.384,0.378,0.332,-1.548,-1.0979999,0.602
2023-02-16 03:00:00,-20.848,80.30136,0.022971712,0.384,0.378,0.332,-1.548,-1.0979999,0.602
2023-02-16 04:00:00,-20.298,78.98019,0.02571325,0.384,0.378,0.332,-1.548,-1.0979999,0.602
2023-02-16 05:00:00,-19.198,77.4476,0.030336492,0.384,0.378,0.332,-1.5979999,-1.0979999,0.602
2023-02-16 06:00:00,-17.798,77.358795,0.034323752,0.384,0.378,0.332,-1.5979999,-1.0979999,0.602
2023-02-16 07:00:00,-15.898,79.02759,0.03730616,0.384,0.378,0.332,-1.5979999,-1.0979999,0.602
2023-02-16 08:00:00,-14.698,78.559425,0.042130277,0.384,0.378,0.332,-1.5979999,-1.0979999,0.602
2023-02-16 09:00:00,-13.798,77.727425,0.04712355,0.384,0.378,0.332,-1.5979999,-1.0979999,0.602
2023-02-16 10:00:00,-13.248,77.82175,0.049079165,0.384,0.378,0.332,-1.5979999,-1.0979999,0.602
2023-02-16 11:00:00,-13.198,78.80801,0.04708901,0.384,0.378,0.332,-1.5979999,-1.0979999,0.602
2023-02-16 12:00:00,-13.898,81.027885,0.039816424,0.384,0.378,0.332,-1.5979999,-1.0979999,0.602
2023-02-16 13:00:00,-14.748,82.96337,0.033342436,0.384,0.378,0.332,-1.5979999,-1.0979999,0.602
2023-02-16 14:00:00,-15.248,83.59563,0.030804679,0.384,0.378,0.332,-1.5979999,-1.0979999,0.602
2023-02-16 15:00:00,-15.698,84.60047,0.027857348,0.384,0.378,0.332,-1.5979999,-1.0979999,0.602
2023-02-16 16:00:00,-16.098,84.550354,0.027031094,0.384,0.378,0.332,-1.5979999,-1.0979999,0.602
2023-02-16 17:00:00,-16.448,85.22667,0.025102153,0.384,0.378,0.332,-1.5979999,-1.0979999,0.602
2023-02-16 18:00:00,-16.748,84.10944,0.02632843,0.384,0.378,0.332,-1.5979999,-1.0979999,0.602
2023-02-16 19:00:00,-17.498,83.65255,0.025425166,0.384,0.378,0.332,-1.5979999,-1.0979999,0.602
2023-02-16 20:00:00,-17.748,83.2604,0.025489226,0.384,0.378,0.332,-1.5979999,-1.0979999,0.602
2023-02-16 21:00:00,-18.048,82.861305,0.025440194,0.384,0.378,0.332,-1.5979999,-1.0979999,0.602
2023-02-16 22:00:00,-18.248,82.83343,0.02505143,0.384,0.378,0.332,-1.5979999,-1.0979999,0.602
2023-02-16 23:00:00,-18.448,82.44759,0.025181048,0.384,0.377,0.332,-1.5979999,-1.0979999,0.602
2023-02-17 00:00:00,-18.498,81.72858,0.02610036,0.384,0.377,0.332,-1.5979999,-1.0979999,0.602
2023-02-17 01:00:00,-18.298,81.05273,0.02753102,0.384,0.377,0.332,-1.5979999,-1.0979999,0.602
2023-02-17 02:00:00,-18.148,80.028854,0.029391028,0.384,0.377,0.332,-1.5979999,-1.0979999,0.602
2023-02-17 03:00:00,-17.698,80.44688,0.029897459,0.384,0.377,0.332,-1.5979999,-1.0979999,0.602
2023-02-17 04:00:00,-16.448,79.6144,0.034633085,0.384,0.377,0.332,-1.5979999,-1.0979999,0.602
2023-02-17 05:00:00,-14.498,78.26282,0.043422773,0.384,0.377,0.332,-1.5979999,-1.0979999,0.602
2023-02-17 06:00:00,-12.398,76.68636,0.055273786,0.384,0.377,0.332,-1.5979999,-1.0979999,0.602
2023-02-17 07:00:00,-10.548,74.23302,0.07085362,0.384,0.377,0.332,-1.5979999,-1.0979999,0.602
2023-02-17 08:00:00,-8.948,72.16567,0.08684191,0.384,0.377,0.332,-1.5979999,-1.0979999,0.602
2023-02-17 09:00:00,-7.948,71.50078,0.096134886,0.384,0.377,0.332,-1.5979999,-1.0979999,0.602
2023-02-17 10:00:00,-7.298,72.208855,0.098591715,0.384,0.377,0.332,-1.5979999,-1.0979999,0.602
2023-02-17 11:00:00,-7.098,73.11772,0.096853256,0.384,0.377,0.332,-1.5979999,-1.0979999,0.602
2023-02-17 12:00:00,-7.798,75.95612,0.08206311,0.384,0.377,0.332,-1.5979999,-1.0979999,0.602
2023-02-17 13:00:00,-8.248,78.34064,0.071385115,0.384,0.377,0.332,-1.5979999,-1.0979999,0.602
2023-02-17 14:00:00,-8.198,79.29126,0.06851959,0.383,0.377,0.332,-1.5979999,-1.0979999,0.602
2023-02-17 15:00:00,-7.998,79.95578,0.06736186,0.383,0.377,0.332,-1.5979999,-1.0979999,0.602
2023-02-17 16:00:00,-7.898,80.60819,0.06567854,0.383,0.377,0.332,-1.5979999,-1.0979999,0.602
2023-02-17 17:00:00,-8.148,82.186325,0.059173346,0.383,0.377,0.332,-1.5979999,-1.0979999,0.602
2023-02-17 18:00:00,-8.498,83.78613,0.052410573,0.383,0.377,0.332,-1.548,-1.0979999,0.602
2023-02-17 19:00:00,-8.498,85.125854,0.04808101,0.383,0.377,0.332,-1.548,-1.0979999,0.602
2023-02-17 20:00:00,-8.748,86.45773,0.04292941,0.383,0.377,0.332,-1.548,-1.0979999,0.602
2023-02-17 21:00:00,-9.048,87.80906,0.037748665,0.383,0.377,0.332,-1.548,-1.0979999,0.602
2023-02-17 22:00:00,-9.398,88.47579,0.034716427,0.383,0.377,0.332,-1.548,-1.0979999,0.602
2023-02-17 23:00:00,-9.548,88.81464,0.03330016,0.383,0.377,0.332,-1.548,-1.0979999,0.552
2023-02-18 00:00:00,-9.498,89.1731,0.032360375,0.383,0.377,0.332,-1.548,-1.0979999,0.552
2023-02-18 01:00:00,-9.748,89.507,0.030750364,0.383,0.377,0.332,-1.548,-1.0979999,0.552
2023-02-18 02:00:00,-9.998,89.84345,0.029182255,0.383,0.377,0.332,-1.548,-1.0979999,0.552
2023-02-18 03:00:00,-9.948,90.92832,0.026168913,0.383,0.377,0.332,-1.548,-1.0979999,0.552
2023-02-18 04:00:00,-9.248,90.262314,0.02968353,0.383,0.377,0.332,-1.548,-1.0979999,0.552
2023-02-18 05:00:00,-8.348,87.87731,0.039649963,0.383,0.377,0.332,-1.548,-1.0979999,0.552
2023-02-18 06:00:00,-7.498,82.27572,0.061923683,0.383,0.377,0.332,-1.548,-1.0979999,0.552
2023-02-18 07:00:00,-7.548,72.44776,0.095872045,0.383,0.377,0.332,-1.548,-1.0979999,0.552
2023-02-18 08:00:00,-7.648,72.13828,0.09619999,0.383,0.377,0.332,-1.548,-1.0979999,0.552
2023-02-18 09:00:00,-7.798,70.95944,0.099108025,0.383,0.377,0.332,-1.548,-1.0979999,0.552
2023-02-18 10:00:00,-8.048,70.33821,0.099279195,0.383,0.377,0.332,-1.548,-1.0979999,0.552
2023-02-18 11:00:00,-8.198,71.44923,0.094453245,0.383,0.377,0.332,-1.548,-1.0979999,0.552
2023-02-18 12:00:00,-8.598,73.70778,0.08431199,0.383,0.377,0.332,-1.548,-1.0979999,0.552
2023-02-18 13:00:00,-9.098,76.027855,0.07392256,0.383,0.377,0.332,-1.548,-1.0979999,0.552
2023-02-18 14:00:00,-9.548,77.811295,0.06604557,0.383,0.377,0.332,-1.548,-1.0979999,0.552
2023-02-18 15:00:00,-10.048,79.96095,0.057339594,0.383,0.377,0.332,-1.548,-1.0979999,0.552
2023-02-18 16:00:00,-10.598,81.18282,0.051545158,0.383,0.377,0.332,-1.4979999,-1.0979999,0.552
2023-02-18 17:00:00,-11.098,82.44016,0.046222553,0.383,0.377,0.332,-1.548,-1.0979999,0.552
2023-02-18 18:00:00,-11.698,83.37222,0.041715845,0.383,0.377,0.332,-1.4979999,-1.0979999,0.552
2023-02-18 19:00:00,-13.748,84.49039,0.032954484,0.383,0.377,0.332,-1.4979999,-1.0979999,0.552
2023-02-18 20:00:00,-14.498,85.45944,0.029051691,0.383,0.377,0.332,-1.4979999,-1.0979999,0.552
2023-02-18 21:00:00,-14.998,85.758606,0.027303845,0.383,0.377,0.332,-1.548,-1.0979999,0.552
2023-02-18 22:00:00,-15.548,86.418274,0.024878591,0.383,0.377,0.332,-1.548,-1.0979999,0.552
2023-02-18 23:00:00,-16.148,86.35124,0.023781717,0.383,0.377,0.332,-1.548,-1.0979999,0.552
2023-02-19 00:00:00,-16.648,85.92947,0.02351071,0.383,0.377,0.332,-1.548,-1.0979999,0.552
2023-02-19 01:00:00,-16.898,85.53567,0.02366586,0.383,0.377,0.332,-1.548,-1.0979999,0.552
2023-02-19 02:00:00,-17.298,85.12352,0.023532853,0.383,0.377,0.332,-1.548,-1.0979999,0.552
2023-02-19 03:00:00,-16.848,85.17826,0.02435264,0.383,0.377,0.332,-1.548,-1.0979999,0.552
2023-02-19 04:00:00,-14.998,85.40027,0.027990624,0.383,0.377,0.332,-1.548,-1.0979999,0.552
2023-02-19 05:00:00,-12.748,84.96296,0.034661427,0.383,0.377,0.332,-1.548,-1.0979999,0.552
2023-02-19 06:00:00,-10.648,85.213486,0.0403464,0.383,0.377,0.332,-1.548,-1.0979999,0.552
2023-02-19 07:00:00,-10.398,82.2035,0.049531266,0.383,0.377,0.332,-1.548,-1.0979999,0.552
2023-02-19 08:00:00,-9.648,76.236984,0.07017389,0.383,0.377,0.332,-1.548,-1.0979999,0.552
2023-02-19 09:00:00,-9.198,75.09476,0.0761977,0.383,0.377,0.332,-1.548,-1.0979999,0.552
2023-02-19 10:00:00,-8.898,74.84799,0.078785464,0.383,0.377,0.332,-1.548,-1.0979999,0.552
2023-02-19 11:00:00,-8.848,76.37924,0.07428162,0.383,0.377,0.332,-1.548,-1.0979999,0.552
2023-02-19 12:00:00,-9.148,78.50731,0.06602009,0.383,0.377,0.332,-1.548,-1.0979999,0.552
2023-02-19 13:00:00,-9.598,80.67702,0.057292446,0.383,0.377,0.332,-1.548,-1.0979999,0.552
2023-02-19 14:00:00,-10.298,82.21742,0.049886927,0.383,0.377,0.332,-1.548,-1.0979999,0.552
2023-02-19 15:00:00,-10.548,83.185875,0.046243563,0.383,0.377,0.332,-1.548,-1.0979999,0.552
2023-02-19 16:00:00,-11.048,83.79681,0.042823255,0.383,0.377,0.332,-1.548,-1.0979999,0.552
2023-02-19 17:00:00,-11.348,83.75824,0.041907653,0.383,0.377,0.332,-1.548,-1.0979999,0.552
2023-02-19 18:00:00,-11.398,83.751785,0.041756734,0.383,0.377,0.332,-1.548,-1.0979999,0.552
2023-02-19 19:00:00,-11.098,83.45099,0.04356259,0.383,0.377,0.332,-1.548,-1.0979999,0.552
2023-02-19 20:00:00,-10.698,83.5032,0.044832826,0.383,0.377,0.332,-1.548,-1.0979999,0.552
2023-02-19 21:00:00,-10.298,83.89263,0.045188725,0.383,0.377,0.332,-1.548,-1.0979999,0.552
2023-02-19 22:00:00,-9.798,83.956055,0.046828,0.383,0.377,0.332,-1.548,-1.0979999,0.552
2023-02-19 23:00:00,-9.148,84.03797,0.049036115,0.383,0.377,0.332,-1.548,-1.0979999,0.552
2023-02-20 00:00:00,-8.548,83.77978,0.052226752,0.383,0.377,0.332,-1.4979999,-1.0979999,0.552
2023-02-20 01:00:00,-8.048,83.18245,0.056301743,0.383,0.377,0.332,-1.4979999,-1.0979999,0.552
2023-02-20 02:00:00,-7.598,83.89986,0.05581686,0.383,0.377,0.332,-1.4979999,-1.0979999,0.552
2023-02-20 03:00:00,-7.148,84.61739,0.05521819,0.383,0.377,0.332,-1.4979999,-1.0979999,0.552
2023-02-20 04:00:00,-6.598,84.683395,0.057359427,0.383,0.377,0.332,-1.4979999,-1.0979999,0.552
2023-02-20 05:00:00,-5.748,85.113594,0.05949545,0.383,0.377,0.332,-1.4979999,-1.0979999,0.552
2023-02-20 06:00:00,-4.948,85.53432,0.0614374,0.383,0.377,0.332,-1.4979999,-1.0979999,0.552
2023-02-20 07:00:00,-3.2979999,85.71865,0.06866571,0.383,0.377,0.332,-1.4979999,-1.0979999,0.552
2023-02-20 08:00:00,-2.598,88.08591,0.06034872,0.383,0.377,0.332,-1.4979999,-1.0979999,0.552
2023-02-20 09:00:00,-1.798,89.15231,0.058296442,0.383,0.377,0.332,-1.4979999,-1.0979999,0.552
2023-02-20 10:00:00,-1.398,88.85547,0.061680436,0.383,0.377,0.332,-1.4979999,-1.0979999,0.552
2023-02-20 11:00:00,-1.398,89.851234,0.05616966,0.383,0.377,0.332,-1.4979999,-1.0979999,0.552
2023-02-20 12:00:00,-1.398,90.185356,0.054320574,0.383,0.377,0.332,-1.4979999,-1.0979999,0.552
2023-02-20 13:00:00,-1.398,90.856895,0.050603986,0.383,0.377,0.332,-1.4979999,-1.0979999,0.552
2023-02-20 14:00:00,-1.3479999,91.87578,0.04513055,0.383,0.377,0.332,-1.4979999,-1.0979999,0.552
2023-02-20 15:00:00,-1.2479999,92.56413,0.041611135,0.383,0.377,0.332,-1.4979999,-1.0979999,0.552
2023-02-20 16:00:00,-0.99799997,93.264,0.03839177,0.383,0.377,0.332,-1.448,-1.0979999,0.552
2023-02-20 17:00:00,-0.848,93.27207,0.038768828,0.383,0.377,0.332,-1.448,-1.0979999,0.552
2023-02-20 18:00:00,-0.748,93.27744,0.03902203,0.383,0.377,0.332,-1.448,-1.0979999,0.552
2023-02-20 19:00:00,-0.99799997,93.264,0.03839177,0.383,0.377,0.332,-1.448,-1.0979999,0.552
2023-02-20 20:00:00,-0.99799997,93.60822,0.03642994,0.383,0.377,0.332,-1.448,-1.0979999,0.552
2023-02-20 21:00:00,-0.99799997,93.264,0.03839177,0.383,0.377,0.332,-1.448,-1.0979999,0.552
2023-02-20 22:00:00,-0.99799997,93.264,0.03839177,0.383,0.377,0.332,-1.448,-1.0979999,0.552
2023-02-20 23:00:00,-1.0979999,93.25862,0.038142145,0.383,0.377,0.332,-1.448,-1.0979999,0.552
2023-02-21 00:00:00,-1.048,92.91808,0.04021579,0.383,0.377,0.332,-1.448,-1.0979999,0.552
2023-02-21 01:00:00,-1.148,92.91242,0.039954126,0.383,0.377,0.332,-1.448,-1.0979999,0.552
2023-02-21 02:00:00,-1.198,92.9096,0.03982383,0.383,0.377,0.332,-1.448,-1.0979999,0.552
2023-02-21 03:00:00,-1.198,91.88545,0.04557568,0.383,0.377,0.332,-1.398,-1.0979999,0.552
2023-02-21 04:00:00,-0.99799997,90.55044,0.05385679,0.383,0.377,0.332,-1.398,-1.0979999,0.552
2023-02-21 05:00:00,-0.748,85.04419,0.08680856,0.383,0.377,0.332,-1.398,-1.0979999,0.552
2023-02-21 06:00:00,-0.448,78.09448,0.12995419,0.383,0.377,0.332,-1.398,-1.0979999,0.552
2023-02-21 07:00:00,0.15200001,77.03352,0.14232111,0.383,0.377,0.332,-1.398,-1.0979999,0.552
2023-02-21 08:00:00,0.652,72.65308,0.17570403,0.383,0.377,0.332,-1.398,-1.0979999,0.552
2023-02-21 09:00:00,0.852,74.89113,0.16367206,0.383,0.377,0.332,-1.398,-1.0979999,0.552
2023-02-21 10:00:00,0.902,76.58788,0.1531645,0.383,0.377,0.332,-1.398,-1.0979999,0.552
2023-02-21 11:00:00,0.552,79.42321,0.13126081,0.383,0.377,0.332,-1.398,-1.0979999,0.552
2023-02-21 12:00:00,-0.398,82.28881,0.10545814,0.383,0.377,0.332,-1.398,-1.0979999,0.552
2023-02-21 13:00:00,-1.398,84.65276,0.08493802,0.383,0.377,0.332,-1.398,-1.0979999,0.552
2023-02-21 14:00:00,-1.798,85.883255,0.075862736,0.383,0.377,0.332,-1.398,-1.0979999,0.552
2023-02-21 15:00:00,-1.7479999,86.857704,0.07088736,0.383,0.377,0.332,-1.398,-1.0979999,0.552
2023-02-21 16:00:00,-1.398,88.85547,0.061680436,0.383,0.377,0.332,-1.3479999,-1.0979999,0.552
2023-02-21 17:00:00,-0.598,90.580154,0.05527991,0.383,0.376,0.332,-1.3479999,-1.0979999,0.552
2023-02-21 18:00:00,0.402,89.99343,0.06314778,0.383,0.376,0.332,-1.3479999,-1.0979999,0.552
2023-02-21 19:00:00,0.70199996,89.03637,0.07070315,0.383,0.376,0.332,-1.3479999,-1.0979999,0.552
2023-02-21 20:00:00,1.002,88.092995,0.078464925,0.383,0.376,0.332,-1.3479999,-1.0979999,0.552
2023-02-21 21:00:00,0.95199996,88.41043,0.0760988,0.383,0.376,0.332,-1.3479999,-1.0979999,0.552
2023-02-21 22:00:00,0.70199996,89.36214,0.06860244,0.383,0.376,0.332,-1.3479999,-1.0979999,0.552
2023-02-21 23:00:00,0.252,90.64285,0.058412015,0.383,0.376,0.332,-1.3479999,-1.0979999,0.552
2023-02-22 00:00:00,0.052,91.96544,0.049434185,0.383,0.376,0.332,-1.3479999,-1.0979999,0.552
2023-02-22 01:00:00,0.15200001,92.64645,0.045573533,0.383,0.376,0.332,-1.3479999,-1.0979999,0.502
2023-02-22 02:00:00,0.15200001,92.64645,0.045573533,0.383,0.376,0.332,-1.3479999,-1.0979999,0.502
2023-02-22 03:00:00,0.252,90.64285,0.058412015,0.383,0.376,0.332,-1.3479999,-1.0979999,0.502
2023-02-22 04:00:00,1.002,86.18323,0.091049075,0.383,0.376,0.332,-1.3479999,-1.0979999,0.502
2023-02-22 05:00:00,2.102,80.24026,0.14088666,0.383,0.376,0.332,-1.3479999,-1.0979999,0.502
2023-02-22 06:00:00,2.852,76.91372,0.17361915,0.383,0.376,0.332,-1.3479999,-1.0979999,0.502
2023-02-22 07:00:00,3.552,73.47034,0.20963216,0.384,0.376,0.332,-1.298,-1.0979999,0.502
2023-02-22 08:00:00,3.2020001,76.97152,0.17752868,0.397,0.376,0.332,-1.298,-1.0979999,0.502
2023-02-22 09:00:00,2.352,84.46908,0.11272746,0.414,0.376,0.332,-1.298,-1.0979999,0.502
2023-02-22 10:00:00,2.602,82.38184,0.13016957,0.428,0.376,0.332,-1.298,-1.0979999,0.502
2023-02-22 11:00:00,2.7020001,81.79931,0.13543141,0.438,0.377,0.332,-1.298,-1.0979999,0.502
2023-02-22 12:00:00,2.2020001,85.37578,0.105018795,0.444,0.377,0.332,-1.298,-1.0979999,0.502
2023-02-22 13:00:00,1.552,90.73758,0.063497424,0.446,0.377,0.332,-1.298,-1.0979999,0.502
2023-02-22 14:00:00,1.1520001,93.37831,0.04411,0.447,0.377,0.332,-1.298,-1.0979999,0.502
2023-02-22 15:00:00,0.70199996,95.06431,0.03183055,0.446,0.377,0.332,-1.298,-1.0979999,0.502
2023-02-22 16:00:00,0.15200001,95.737076,0.026419759,0.446,0.377,0.332,-1.298,-1.0979999,0.502
2023-02-22 17:00:00,-0.348,96.42173,0.02138567,0.445,0.377,0.332,-1.298,-1.0979999,0.502
2023-02-22 18:00:00,-0.898,96.0527,0.022663236,0.445,0.378,0.332,-1.298,-1.0979999,0.502
2023-02-22 19:00:00,-1.4979999,95.67985,0.023736238,0.445,0.378,0.332,-1.298,-1.0979999,0.502
2023-02-22 20:00:00,-2.348,94.94149,0.026103675,0.444,0.378,0.332,-1.298,-1.0979999,0.502
2023-02-22 21:00:00,-2.5479999,94.22838,0.029345214,0.444,0.378,0.332,-1.2479999,-1.0979999,0.502
2023-02-22 22:00:00,-2.698,92.8239,0.03608182,0.443,0.378,0.332,-1.2479999,-1.0979999,0.502
2023-02-22 23:00:00,-2.848,91.434616,0.042589277,0.443,0.378,0.332,-1.2479999,-1.0979999,0.502
2023-02-23 00:00:00,-2.848,89.06238,0.054383606,0.442,0.378,0.332,-1.2479999,-1.0979999,0.502
2023-02-23 01:00:00,-2.948,87.7219,0.060595512,0.442,0.378,0.332,-1.2479999,-1.0979999,0.502
2023-02-23 02:00:00,-2.7979999,85.45056,0.072609186,0.442,0.379,0.332,-1.2479999,-1.0979999,0.502
2023-02-23 03:00:00,-2.7979999,83.850464,0.08059332,0.441,0.379,0.332,-1.2479999,-1.0979999,0.502
2023-02-23 04:00:00,-2.348,85.82323,0.07315171,0.441,0.379,0.332,-1.2479999,-1.0979999,0.502
2023-02-23 05:00:00,-1.3479999,88.53021,0.06371397,0.441,0.379,0.332,-1.2479999,-1.0979999,0.502
2023-02-23 06:00:00,-0.54800004,87.949356,0.07097596,0.44,0.379,0.332,-1.2479999,-1.0979999,0.502
2023-02-23 07:00:00,0.45200002,83.93513,0.10174358,0.44,0.379,0.332,-1.2479999,-1.048,0.502
2023-02-23 08:00:00,0.852,83.67562,0.106416225,0.439,0.379,0.332,-1.2479999,-1.048,0.502
2023-02-23 09:00:00,0.902,87.44262,0.08215678,0.439,0.379,0.332,-1.2479999,-1.048,0.502
2023-02-23 10:00:00,0.802,90.02464,0.06479603,0.439,0.379,0.332,-1.2479999,-1.048,0.502
2023-02-23 11:00:00,0.852,90.35711,0.062862635,0.438,0.38,0.332,-1.2479999,-1.048,0.502
2023-02-23 12:00:00,0.802,89.370415,0.069045365,0.438,0.38,0.332,-1.2479999,-1.048,0.502
2023-02-23 13:00:00,0.402,89.99343,0.06314778,0.438,0.38,0.332,-1.2479999,-1.048,0.502
2023-02-23 14:00:00,-0.098000005,90.95018,0.055077374,0.437,0.38,0.332,-1.2479999,-1.048,0.502
2023-02-23 15:00:00,-0.598,85.06132,0.08766395,0.437,0.38,0.332,-1.2479999,-1.048,0.502
2023-02-23 16:00:00,-1.298,86.90342,0.07301739,0.437,0.38,0.332,-1.2479999,-1.048,0.502
2023-02-23 17:00:00,-2.2979999,87.12796,0.066666365,0.437,0.38,0.332,-1.198,-1.048,0.502
2023-02-23 18:00:00,-3.198,85.08245,0.07226136,0.436,0.38,0.332,-1.198,-1.048,0.502
2023-02-23 19:00:00,-5.248,80.99651,0.07889053,0.436,0.38,0.332,-1.198,-1.048,0.502
2023-02-23 20:00:00,-5.798,79.9762,0.07971761,0.436,0.38,0.332,-1.198,-1.048,0.502
2023-02-23 21:00:00,-6.048,81.514084,0.07220495,0.435,0.38,0.332,-1.198,-1.048,0.502
2023-02-23 22:00:00,-6.098,83.111,0.06571722,0.435,0.38,0.332,-1.198,-1.048,0.502
2023-02-23 23:00:00,-6.148,84.080666,0.06170848,0.435,0.381,0.332,-1.198,-1.048,0.502
2023-02-24 00:00:00,-5.698,83.810684,0.06494868,0.434,0.381,0.332,-1.198,-1.048,0.502
2023-02-24 01:00:00,-5.948,84.10537,0.06256193,0.434,0.381,0.332,-1.198,-1.048,0.502
2023-02-24 02:00:00,-6.798,84.32913,0.05779043,0.434,0.381,0.332,-1.198,-1.048,0.502
2023-02-24 03:00:00,-7.948,82.213905,0.06000808,0.434,0.381,0.332,-1.198,-1.048,0.502
2023-02-24 04:00:00,-8.498,78.927986,0.06810871,0.433,0.381,0.332,-1.198,-1.048,0.502
2023-02-24 05:00:00,-8.948,74.53737,0.07944603,0.433,0.381,0.332,-1.198,-1.048,0.502
2023-02-24 06:00:00,-9.298,73.27428,0.08112426,0.433,0.381,0.332,-1.198,-1.048,0.502
2023-02-24 07:00:00,-8.148,72.32735,0.09190689,0.433,0.381,0.332,-1.198,-1.048,0.502
2023-02-24 08:00:00,-8.098,72.33742,0.092231795,0.432,0.381,0.332,-1.198,-1.048,0.502
2023-02-24 09:00:00,-8.048,72.63865,0.09158355,0.432,0.381,0.332,-1.198,-1.048,0.502
2023-02-24 10:00:00,-8.298,73.765724,0.086119756,0.432,0.381,0.332,-1.2479999,-1.048,0.502
2023-02-24 11:00:00,-8.648,75.499344,0.07826303,0.432,0.381,0.332,-1.2479999,-1.048,0.502
2023-02-24 12:00:00,-9.098,77.574234,0.069156036,0.431,0.382,0.333,-1.2479999,-1.048,0.502
2023-02-24 13:00:00,-9.598,78.750595,0.063002005,0.431,0.382,0.333,-1.2479999,-1.048,0.502
2023-02-24 14:00:00,-9.998,79.32481,0.059393674,0.431,0.382,0.333,-1.2479999,-1.048,0.502
2023-02-24 15:00:00,-10.648,80.19309,0.054039836,0.431,0.382,0.333,-1.2479999,-1.048,0.502
2023-02-24 16:00:00,-11.148,80.443634,0.05127059,0.43,0.382,0.333,-1.2479999,-1.048,0.502
2023-02-24 17:00:00,-11.648,81.028145,0.047785908,0.43,0.382,0.333,-1.2479999,-1.048,0.502
2023-02-24 18:00:00,-11.998,81.309135,0.045771897,0.43,0.382,0.333,-1.2479999,-1.048,0.502
2023-02-24 19:00:00,-12.348,81.59278,0.04382281,0.43,0.382,0.333,-1.2479999,-1.048,0.502
2023-02-24 20:00:00,-12.648,81.21359,0.043652773,0.43,0.382,0.333,-1.2479999,-1.048,0.502
2023-02-24 21:00:00,-12.898,81.17667,0.04286076,0.429,0.382,0.333,-1.2479999,-1.048,0.502
2023-02-24 22:00:00,-13.298,81.454575,0.040876567,0.429,0.382,0.333,-1.2479999,-1.048,0.502
2023-02-24 23:00:00,-13.648,81.74258,0.039108977,0.429,0.382,0.333,-1.2479999,-1.048,0.502
2023-02-25 00:00:00,-14.148,81.67016,0.03768845,0.429,0.382,0.333,-1.2479999,-1.048,0.502
2023-02-25 01:00:00,-14.348,81.983345,0.036441,0.428,0.382,0.333,-1.2479999,-1.048,0.502
2023-02-25 02:00:00,-14.798,82.26336,0.03456883,0.428,0.382,0.333,-1.298,-1.048,0.502
2023-02-25 03:00:00,-15.048,81.53875,0.03524451,0.428,0.382,0.333,-1.298,-1.048,0.502
2023-02-25 04:00:00,-15.048,75.885895,0.046029583,0.428,0.382,0.333,-1.298,-1.048,0.502
2023-02-25 05:00:00,-14.748,72.17207,0.054446787,0.428,0.383,0.333,-1.298,-1.048,0.502
2023-02-25 06:00:00,-14.298,70.74907,0.059390128,0.427,0.383,0.333,-1.298,-1.048,0.502
2023-02-25 07:00:00,-13.398,71.242004,0.06285606,0.427,0.383,0.333,-1.298,-1.048,0.502
2023-02-25 08:00:00,-12.848,71.06002,0.06614825,0.427,0.383,0.333,-1.298,-1.048,0.502
2023-02-25 09:00:00,-12.498,71.13438,0.06787649,0.427,0.383,0.333,-1.298,-1.048,0.502
2023-02-25 10:00:00,-12.448,72.04151,0.06601137,0.427,0.383,0.333,-1.298,-1.048,0.502
2023-02-25 11:00:00,-12.598,73.22265,0.062461644,0.426,0.383,0.333,-1.298,-1.048,0.502
2023-02-25 12:00:00,-12.998,76.261055,0.053610206,0.426,0.383,0.333,-1.298,-1.048,0.502
2023-02-25 13:00:00,-13.548,78.09582,0.047301456,0.426,0.383,0.333,-1.298,-1.048,0.502
2023-02-25 14:00:00,-13.848,78.372246,0.045573115,0.426,0.383,0.333,-1.298,-1.048,0.502
2023-02-25 15:00:00,-14.248,79.6302,0.041538194,0.426,0.383,0.333,-1.3479999,-1.048,0.502
2023-02-25 16:00:00,-14.598,80.92273,0.03779909,0.426,0.383,0.333,-1.3479999,-1.048,0.502
2023-02-25 17:00:00,-14.848,82.60234,0.033768684,0.425,0.383,0.333,-1.3479999,-1.048,0.502
2023-02-25 18:00:00,-14.698,82.97019,0.03346689,0.425,0.383,0.333,-1.3479999,-1.048,0.502
2023-02-25 19:00:00,-14.548,83.338554,0.033150747,0.425,0.383,0.333,-1.3479999,-1.048,0.502
2023-02-25 20:00:00,-14.598,84.03185,0.03164117,0.425,0.383,0.333,-1.3479999,-1.048,0.502
2023-02-25 21:00:00,-14.248,84.07677,0.03247419,0.425,0.383,0.333,-1.3479999,-1.048,0.502
2023-02-25 22:00:00,-14.048,83.7531,0.03368257,0.425,0.383,0.333,-1.3479999,-1.048,0.502
2023-02-25 23:00:00,-14.198,83.385185,0.03402354,0.424,0.383,0.333,-1.3479999,-1.048,0.502
2023-02-26 00:00:00,-14.198,82.34795,0.03614667,0.424,0.383,0.333,-1.3479999,-1.048,0.502
2023-02-26 01:00:00,-13.848,81.71367,0.038535267,0.424,0.383,0.333,-1.3479999,-1.048,0.502
2023-02-26 02:00:00,-13.598,81.41063,0.039982766,0.424,0.383,0.333,-1.3479999,-1.048,0.502
2023-02-26 03:00:00,-13.498,80.75117,0.04173994,0.424,0.383,0.333,-1.3479999,-1.048,0.502
2023-02-26 04:00:00,-12.748,78.8818,0.048672408,0.424,0.384,0.333,-1.398,-1.048,0.502
2023-02-26 05:00:00,-11.548,77.47092,0.05719863,0.423,0.384,0.333,-1.398,-1.048,0.502
2023-02-26 06:00:00,-10.248,74.899025,0.07068731,0.423,0.384,0.333,-1.398,-1.048,0.502
2023-02-26 07:00:00,-8.748,72.792046,0.08622922,0.423,0.384,0.333,-1.398,-1.048,0.502
2023-02-26 08:00:00,-7.748,70.6854,0.100431725,0.423,0.384,0.333,-1.398,-1.048,0.502
2023-02-26 09:00:00,-7.048,69.43045,0.11055632,0.423,0.384,0.333,-1.398,-1.048,0.502
2023-02-26 10:00:00,-6.748,70.33205,0.10980567,0.423,0.384,0.333,-1.398,-1.048,0.502
2023-02-26 11:00:00,-6.848,70.310875,0.10904157,0.422,0.384,0.333,-1.398,-1.048,0.502
2023-02-26 12:00:00,-7.448,72.178635,0.097560465,0.422,0.384,0.333,-1.398,-1.048,0.502
2023-02-26 13:00:00,-8.348,74.6502,0.0828938,0.422,0.384,0.333,-1.398,-1.048,0.502
2023-02-26 14:00:00,-8.948,76.36152,0.07375702,0.422,0.384,0.333,-1.398,-1.048,0.502
2023-02-26 15:00:00,-9.248,77.54879,0.06842342,0.422,0.384,0.333,-1.398,-1.048,0.502
2023-02-26 16:00:00,-9.198,78.49913,0.06578626,0.422,0.384,0.333,-1.398,-1.048,0.502
2023-02-26 17:00:00,-9.448,79.411804,0.061768115,0.422,0.384,0.333,-1.398,-1.048,0.502
2023-02-26 18:00:00,-9.548,79.396034,0.061330378,0.421,0.384,0.333,-1.398,-1.048,0.502
2023-02-26 19:00:00,-10.698,80.83939,0.052069455,0.421,0.384,0.333,-1.398,-1.048,0.502
2023-02-26 20:00:00,-11.148,81.10203,0.04954517,0.421,0.384,0.333,-1.398,-1.048,0.502
2023-02-26 21:00:00,-10.948,80.14703,0.052885905,0.421,0.384,0.333,-1.398,-1.048,0.45200002
2023-02-26 22:00:00,-11.098,79.79785,0.053175017,0.421,0.384,0.333,-1.398,-1.048,0.45200002
2023-02-26 23:00:00,-11.248,79.44915,0.05344759,0.421,0.384,0.333,-1.398,-1.048,0.45200002
2023-02-27 00:00:00,-11.648,79.38553,0.051921472,0.421,0.384,0.333,-1.398,-1.048,0.45200002
2023-02-27 01:00:00,-12.198,79.29761,0.04988496,0.42,0.384,0.333,-1.398,-1.048,0.45200002
2023-02-27 02:00:00,-12.648,79.553604,0.04750824,0.42,0.384,0.333,-1.398,-1.048,0.45200002
2023-02-27 03:00:00,-12.648,78.89813,0.049030542,0.42,0.384,0.333,-1.398,-1.048,0.45200002
2023-02-27 04:00:00,-11.698,76.18024,0.059750006,0.42,0.384,0.333,-1.398,-1.048,0.45200002
2023-02-27 05:00:00,-10.198,72.50129,0.07774329,0.42,0.384,0.333,-1.398,-1.048,0.45200002
2023-02-27 06:00:00,-8.698,68.51101,0.10017949,0.42,0.384,0.333,-1.398,-1.048,0.45200002
2023-02-27 07:00:00,-7.598,66.037575,0.11770575,0.42,0.384,0.333,-1.398,-1.048,0.45200002
2023-02-27 08:00:00,-6.498,63.68789,0.13698651,0.42,0.384,0.333,-1.398,-1.048,0.45200002
2023-02-27 09:00:00,-5.848,63.08552,0.1463618,0.419,0.384,0.333,-1.398,-1.048,0.45200002
2023-02-27 10:00:00,-5.598,64.67743,0.14274976,0.419,0.384,0.333,-1.398,-1.048,0.45200002
2023-02-27 11:00:00,-5.898,66.43465,0.13258407,0.419,0.385,0.333,-1.398,-1.048,0.45200002
2023-02-27 12:00:00,-6.748,68.94258,0.11494541,0.419,0.385,0.333,-1.398,-1.048,0.45200002
2023-02-27 13:00:00,-7.648,71.84986,0.09719533,0.419,0.385,0.333,-1.398,-1.048,0.45200002
2023-02-27 14:00:00,-8.048,73.813866,0.08765182,0.419,0.385,0.333,-1.398,-1.048,0.45200002
2023-02-27 15:00:00,-8.148,74.987465,0.08307618,0.419,0.385,0.333,-1.398,-1.048,0.45200002
2023-02-27 16:00:00,-8.048,75.60847,0.081647456,0.419,0.385,0.333,-1.398,-1.048,0.45200002
2023-02-27 17:00:00,-7.798,75.05219,0.085146904,0.418,0.385,0.333,-1.398,-1.048,0.45200002
2023-02-27 18:00:00,-7.548,73.61529,0.09181142,0.418,0.385,0.333,-1.398,-1.048,0.45200002
2023-02-27 19:00:00,-7.398,71.9007,0.09891653,0.418,0.385,0.333,-1.398,-1.048,0.45200002
2023-02-27 20:00:00,-7.148,70.81127,0.10475385,0.418,0.385,0.333,-1.398,-1.048,0.45200002
2023-02-27 21:00:00,-7.198,70.800804,0.10438758,0.418,0.385,0.333,-1.398,-1.048,0.45200002
2023-02-27 22:00:00,-7.298,71.348404,0.10164264,0.418,0.385,0.333,-1.398,-1.048,0.45200002
2023-02-27 23:00:00,-7.248,72.21892,0.09893754,0.418,0.385,0.333,-1.398,-1.048,0.45200002
2023-02-28 00:00:00,-7.148,73.399635,0.09546897,0.418,0.385,0.333,-1.398,-1.048,0.45200002
2023-02-28 01:00:00,-6.948,74.61421,0.092527986,0.418,0.385,0.333,-1.398,-1.048,0.45200002
2023-02-28 02:00:00,-6.698,75.25406,0.091949075,0.417,0.385,0.333,-1.398,-1.048,0.45200002
2023-02-28 03:00:00,-6.348,75.31781,0.09420991,0.417,0.385,0.333,-1.398,-1.048,0.45200002
2023-02-28 04:00:00,-5.548,74.28858,0.104321,0.417,0.385,0.333,-1.398,-1.048,0.45200002
2023-02-28 05:00:00,-4.248,72.530624,0.12297666,0.417,0.385,0.333,-1.398,-1.048,0.45200002
2023-02-28 06:00:00,-3.0479999,72.76543,0.13339111,0.417,0.385,0.333,-1.398,-1.048,0.45200002
2023-02-28 07:00:00,-1.9979999,72.968605,0.14312032,0.417,0.385,0.333,-1.398,-1.048,0.45200002
2023-02-28 08:00:00,-1.448,73.91158,0.143841,0.417,0.385,0.333,-1.398,-1.048,0.45200002
2023-02-28 09:00:00,-0.898,75.140015,0.14271072,0.417,0.385,0.333,-1.398,-1.048,0.45200002
2023-02-28 10:00:00,-0.54800004,76.91655,0.13594618,0.417,0.385,0.333,-1.398,-1.048,0.45200002
2023-02-28 11:00:00,-0.098000005,78.73558,0.12940562,0.416,0.385,0.333,-1.398,-1.048,0.45200002
2023-02-28 12:00:00,-0.048,81.72669,0.111610174,0.416,0.385,0.333,-1.398,-1.048,0.45200002
2023-02-28 13:00:00,-0.148,85.1125,0.09027386,0.416,0.385,0.333,-1.398,-1.048,0.45200002
2023-02-28 14:00:00,-0.098000005,86.70391,0.08091831,0.416,0.385,0.333,-1.398,-1.048,0.45200002
2023-02-28 15:00:00,0.0020000003,88.00061,0.07355958,0.416,0.385,0.333,-1.398,-1.048,0.45200002
2023-02-28 16:00:00,0.102,89.6406,0.063969076,0.416,0.385,0.333,-1.3479999,-1.048,0.45200002
2023-02-28 17:00:00,0.252,89.9817,0.0625391,0.416,0.385,0.333,-1.3479999,-1.048,0.45200002
2023-02-28 18:00:00,0.352,90.31933,0.060870707,0.416,0.385,0.333,-1.3479999,-1.048,0.45200002
2023-02-28 19:00:00,0.70199996,88.71166,0.07279706,0.416,0.385,0.333,-1.3479999,-1.048,0.45200002
2023-02-28 20:00:00,0.852,87.43778,0.08189279,0.416,0.385,0.333,-1.3479999,-1.048,0.45200002
2023-02-28 21:00:00,0.95199996,86.177956,0.090756595,0.415,0.385,0.333,-1.3479999,-1.048,0.45200002
2023-02-28 22:00:00,0.95199996,85.86315,0.092823505,0.415,0.385,0.333,-1.3479999,-1.048,0.45200002
2023-02-28 23:00:00,0.802,85.84697,0.09193063,0.415,0.385,0.333,-1.3479999,-1.048,0.45200002
2023-03-01 00:00:00,0.752,86.15682,0.089594424,0.415,0.385,0.333,-1.3479999,-1.048,0.45200002
2023-03-01 01:00:00,0.602,86.140945,0.08873129,0.415,0.385,0.333,-1.3479999,-1.048,0.45200002
2023-03-01 02:00:00,0.502,85.814545,0.090166986,0.415,0.385,0.333,-1.3479999,-1.048,0.45200002
2023-03-01 03:00:00,0.602,85.825356,0.09075165,0.415,0.385,0.333,-1.3479999,-1.048,0.45200002
2023-03-01 04:00:00,0.95199996,85.23659,0.09693724,0.415,0.385,0.333,-1.298,-1.048,0.45200002
2023-03-01 05:00:00,1.302,85.27575,0.09914416,0.415,0.385,0.333,-1.298,-1.048,0.45200002
2023-03-01 06:00:00,1.702,84.70105,0.10601014,0.415,0.385,0.333,-1.298,-1.048,0.45200002
2023-03-01 07:00:00,2.7020001,77.45268,0.16777176,0.415,0.385,0.333,-1.298,-1.048,0.45200002
2023-03-01 08:00:00,3.002,76.6585,0.17741364,0.424,0.385,0.333,-1.298,-1.048,0.45200002
2023-03-01 09:00:00,3.052,76.66685,0.17797911,0.434,0.385,0.333,-1.298,-1.048,0.45200002
2023-03-01 10:00:00,3.002,76.379395,0.17953485,0.443,0.386,0.333,-1.298,-1.048,0.45200002
2023-03-01 11:00:00,3.002,76.93852,0.17528552,0.449,0.386,0.333,-1.298,-1.048,0.45200002
2023-03-01 12:00:00,2.7020001,80.03538,0.14855587,0.458,0.386,0.333,-1.298,-1.048,0.45200002
2023-03-01 13:00:00,2.002,85.97561,0.099285066,0.466,0.386,0.333,-1.298,-1.048,0.45200002
2023-03-01 14:00:00,1.452,91.059586,0.06085229,0.472,0.386,0.333,-1.298,-1.048,0.45200002
2023-03-01 15:00:00,1.602,90.086624,0.06820369,0.476,0.387,0.333,-1.298,-1.048,0.45200002
2023-03-01 16:00:00,1.802,89.12942,0.075867,0.479,0.387,0.333,-1.2479999,-1.048,0.45200002
2023-03-01 17:00:00,1.802,90.10202,0.06907934,0.482,0.388,0.333,-1.2479999,-1.048,0.45200002
2023-03-01 18:00:00,1.9020001,90.43575,0.06722897,0.486,0.389,0.333,-1.2479999,-1.048,0.45200002
2023-03-01 19:00:00,2.002,90.44319,0.06765807,0.489,0.39,0.333,-1.2479999,-1.048,0.45200002
2023-03-01 20:00:00,1.852,92.07859,0.055482864,0.493,0.391,0.333,-1.2479999,-1.048,0.45200002
2023-03-01 21:00:00,1.552,93.73679,0.0429371,0.497,0.392,0.333,-1.2479999,-1.048,0.45200002
2023-03-01 22:00:00,1.302,93.386185,0.04453492,0.497,0.393,0.333,-1.2479999,-1.048,0.45200002
2023-03-01 23:00:00,0.852,91.34924,0.056395113,0.493,0.395,0.333,-1.2479999,-1.048,0.45200002
2023-03-02 00:00:00,0.052,90.296555,0.05970186,0.49,0.396,0.333,-1.2479999,-1.048,0.45200002
2023-03-02 01:00:00,-1.048,89.87912,0.05747187,0.487,0.397,0.333,-1.2479999,-0.99799997,0.45200002
2023-03-02 02:00:00,-1.8479999,88.81613,0.059881806,0.485,0.397,0.333,-1.2479999,-0.99799997,0.45200002
2023-03-02 03:00:00,-2.398,87.44572,0.06454119,0.483,0.398,0.333,-1.2479999,-1.048,0.45200002
2023-03-02 04:00:00,-2.598,83.55878,0.08327669,0.481,0.399,0.333,-1.2479999,-0.99799997,0.45200002
2023-03-02 05:00:00,-2.398,80.48222,0.1003339,0.48,0.399,0.333,-1.198,-0.99799997,0.45200002
2023-03-02 06:00:00,-2.0479999,77.541145,0.11847791,0.478,0.4,0.333,-1.198,-0.99799997,0.45200002
2023-03-02 07:00:00,-1.4979999,79.10985,0.11476296,0.477,0.4,0.333,-1.198,-0.99799997,0.45200002
2023-03-02 08:00:00,-1.148,75.66485,0.13716406,0.475,0.4,0.333,-1.198,-0.99799997,0.45200002
2023-03-02 09:00:00,-0.99799997,75.122116,0.14177197,0.474,0.401,0.333,-1.198,-0.99799997,0.45200002
2023-03-02 10:00:00,-1.148,77.98185,0.12410697,0.473,0.401,0.333,-1.198,-0.99799997,0.45200002
2023-03-02 11:00:00,-1.4979999,82.45048,0.09641352,0.472,0.402,0.333,-1.198,-0.99799997,0.45200002
2023-03-02 12:00:00,-1.9979999,83.948875,0.0849933,0.471,0.402,0.333,-1.198,-0.99799997,0.45200002
2023-03-02 13:00:00,-2.748,85.77933,0.071232975,0.47,0.402,0.333,-1.198,-0.99799997,0.45200002
2023-03-02 14:00:00,-3.198,86.70882,0.06438416,0.469,0.402,0.333,-1.198,-0.99799997,0.45200002
2023-03-02 15:00:00,-3.648,87.654366,0.05782655,0.468,0.403,0.333,-1.198,-0.99799997,0.45200002
2023-03-02 16:00:00,-3.898,88.29846,0.053792477,0.467,0.403,0.333,-1.198,-0.99799997,0.45200002
2023-03-02 17:00:00,-4.348,88.93197,0.049188018,0.466,0.403,0.333,-1.198,-0.99799997,0.45200002
2023-03-02 18:00:00,-4.848,89.57025,0.04463491,0.465,0.403,0.333,-1.198,-0.99799997,0.45200002
2023-03-02 19:00:00,-6.048,90.16302,0.038426995,0.465,0.404,0.333,-1.198,-0.99799997,0.45200002
2023-03-02 20:00:00,-6.898,89.74606,0.037526906,0.464,0.404,0.333,-1.198,-0.99799997,0.45200002
2023-03-02 21:00:00,-7.848,88.967,0.037518054,0.463,0.404,0.333,-1.198,-0.99799997,0.45200002
2023-03-02 22:00:00,-8.848,87.48136,0.039375633,0.462,0.404,0.333,-1.198,-0.99799997,0.45200002
2023-03-02 23:00:00,-9.698,86.0102,0.041157603,0.462,0.404,0.333,-1.198,-0.99799997,0.45200002
2023-03-03 00:00:00,-10.648,85.55794,0.03940679,0.461,0.405,0.333,-1.198,-0.99799997,0.45200002
2023-03-03 01:00:00,-11.448,85.465256,0.03720519,0.46,0.405,0.333,-1.198,-0.99799997,0.45200002
2023-03-03 02:00:00,-12.048,85.39516,0.035624936,0.46,0.405,0.333,-1.198,-0.99799997,0.45200002
2023-03-03 03:00:00,-11.948,85.05911,0.036739036,0.459,0.405,0.333,-1.198,-0.99799997,0.45200002
2023-03-03 04:00:00,-10.948,83.4706,0.04403524,0.459,0.405,0.333,-1.198,-0.99799997,0.45200002
2023-03-03 05:00:00,-9.848,80.639656,0.056281522,0.458,0.405,0.333,-1.2479999,-0.99799997,0.45200002
2023-03-03 06:00:00,-8.998,78.53182,0.066725835,0.458,0.406,0.333,-1.2479999,-0.99799997,0.45200002
2023-03-03 07:00:00,-7.598,73.312096,0.092506886,0.457,0.406,0.333,-1.2479999,-0.99799997,0.45200002
2023-03-03 08:00:00,-6.898,70.30029,0.108661264,0.457,0.406,0.333,-1.2479999,-0.99799997,0.45200002
2023-03-03 09:00:00,-6.598,70.92602,0.10885644,0.456,0.406,0.333,-1.2479999,-0.99799997,0.45200002
2023-03-03 10:00:00,-6.398,71.81751,0.10715252,0.456,0.406,0.333,-1.2479999,-0.99799997,0.45200002
2023-03-03 11:00:00,-6.548,74.98453,0.09402767,0.455,0.406,0.333,-1.2479999,-0.99799997,0.45200002
2023-03-03 12:00:00,-7.048,77.91809,0.07987201,0.455,0.406,0.333,-1.2479999,-0.99799997,0.45200002
2023-03-03 13:00:00,-7.648,80.00927,0.06903267,0.454,0.406,0.333,-1.2479999,-0.99799997,0.45200002
2023-03-03 14:00:00,-8.148,82.84051,0.057000905,0.454,0.406,0.333,-1.2479999,-0.99799997,0.45200002
2023-03-03 15:00:00,-8.348,84.13796,0.05187732,0.453,0.407,0.334,-1.2479999,-0.99799997,0.45200002
2023-03-03 16:00:00,-8.398,83.79882,0.052779973,0.453,0.407,0.334,-1.2479999,-0.99799997,0.45200002
2023-03-03 17:00:00,-8.248,83.15621,0.05551836,0.452,0.407,0.334,-1.2479999,-0.99799997,0.45200002
2023-03-03 18:00:00,-7.898,83.20208,0.056895614,0.452,0.407,0.334,-1.2479999,-0.99799997,0.45200002
2023-03-03 19:00:00,-7.848,82.22766,0.060429245,0.452,0.407,0.334,-1.2479999,-0.99799997,0.45200002
2023-03-03 20:00:00,-7.548,82.59402,0.060576975,0.451,0.407,0.334,-1.2479999,-0.99799997,0.45200002
2023-03-03 21:00:00,-7.398,83.59556,0.057758927,0.451,0.407,0.334,-1.2479999,-0.99799997,0.45200002
2023-03-03 22:00:00,-7.198,85.6121,0.0514493,0.451,0.407,0.334,-1.2479999,-0.99799997,0.45200002
2023-03-03 23:00:00,-7.048,87.31854,0.045876175,0.45,0.407,0.334,-1.2479999,-0.99799997,0.45200002
2023-03-04 00:00:00,-6.598,87.36376,0.047323376,0.45,0.407,0.334,-1.2479999,-0.99799997,0.45200002
2023-03-04 01:00:00,-6.248,85.38666,0.056215078,0.449,0.407,0.334,-1.2479999,-0.99799997,0.45200002
2023-03-04 02:00:00,-6.248,83.09143,0.065042466,0.449,0.408,0.334,-1.2479999,-0.99799997,0.45200002
2023-03-04 03:00:00,-6.248,81.167984,0.07243943,0.449,0.408,0.334,-1.2479999,-0.99799997,0.402
2023-03-04 04:00:00,-5.998,79.32336,0.081068516,0.448,0.408,0.334,-1.2479999,-0.99799997,0.45200002
2023-03-04 05:00:00,-5.548,77.5571,0.09106374,0.448,0.408,0.334,-1.2479999,-0.99799997,0.402
2023-03-04 06:00:00,-4.998,75.85663,0.10213938,0.448,0.408,0.334,-1.2479999,-0.99799997,0.402
2023-03-04 07:00:00,-4.098,75.42971,0.11125046,0.447,0.408,0.334,-1.2479999,-0.99799997,0.402
2023-03-04 08:00:00,-3.598,75.81074,0.11371195,0.447,0.408,0.334,-1.2479999,-0.99799997,0.402
2023-03-04 09:00:00,-3.198,75.88128,0.11682075,0.447,0.408,0.334,-1.2479999,-0.99799997,0.402
2023-03-04 10:00:00,-2.848,75.65256,0.121043265,0.447,0.408,0.334,-1.2479999,-0.99799997,0.402
2023-03-04 11:00:00,-2.848,77.40871,0.11231479,0.446,0.408,0.334,-1.2479999,-0.99799997,0.402
2023-03-04 12:00:00,-3.248,80.66466,0.09330839,0.446,0.408,0.334,-1.2479999,-0.99799997,0.402
2023-03-04 13:00:00,-3.898,83.39449,0.07633242,0.446,0.408,0.334,-1.2479999,-0.99799997,0.402
2023-03-04 14:00:00,-4.048,84.33734,0.07119271,0.445,0.408,0.334,-1.2479999,-0.99799997,0.402
2023-03-04 15:00:00,-4.148,85.297745,0.06632751,0.445,0.408,0.334,-1.2479999,-0.99799997,0.402
2023-03-04 16:00:00,-4.248,85.612946,0.0644193,0.445,0.408,0.334,-1.2479999,-0.99799997,0.402
2023-03-04 17:00:00,-4.698,86.88434,0.05676785,0.445,0.408,0.334,-1.2479999,-0.99799997,0.402
2023-03-04 18:00:00,-5.048,87.1824,0.054028034,0.444,0.408,0.334,-1.2479999,-0.99799997,0.402
2023-03-04 19:00:00,-5.598,87.12675,0.052042246,0.444,0.409,0.334,-1.2479999,-0.99799997,0.402
2023-03-04 20:00:00,-6.098,87.41371,0.048977584,0.444,0.409,0.334,-1.2479999,-0.99799997,0.402
2023-03-04 21:00:00,-6.898,86.99377,0.047597885,0.444,0.409,0.334,-1.2479999,-0.99799997,0.402
2023-03-04 22:00:00,-7.398,86.26339,0.04836756,0.443,0.409,0.334,-1.2479999,-0.99799997,0.402
2023-03-04 23:00:00,-8.198,85.83654,0.046867996,0.443,0.409,0.334,-1.2479999,-0.99799997,0.402
2023-03-05 00:00:00,-8.498,85.125854,0.04808101,0.443,0.409,0.334,-1.2479999,-0.99799997,0.402
2023-03-05 01:00:00,-8.798,84.41689,0.04920438,0.443,0.409,0.334,-1.2479999,-0.99799997,0.402
2023-03-05 02:00:00,-8.848,83.74159,0.05113545,0.442,0.409,0.334,-1.2479999,-0.99799997,0.402
2023-03-05 03:00:00,-8.548,82.45842,0.05648011,0.442,0.409,0.334,-1.2479999,-0.99799997,0.402
2023-03-05 04:00:00,-7.798,79.98638,0.06831226,0.442,0.409,0.334,-1.2479999,-0.99799997,0.402
2023-03-05 05:00:00,-6.798,75.53419,0.09021208,0.442,0.409,0.334,-1.298,-0.99799997,0.402
2023-03-05 06:00:00,-5.698,71.393616,0.11474311,0.441,0.409,0.334,-1.298,-0.99799997,0.402
2023-03-05 07:00:00,-4.898,70.442894,0.12598303,0.441,0.409,0.334,-1.298,-0.99799997,0.402
2023-03-05 08:00:00,-4.198,70.8648,0.13092303,0.441,0.409,0.334,-1.298,-0.99799997,0.402
2023-03-05 09:00:00,-3.698,72.920456,0.12634462,0.441,0.409,0.334,-1.298,-0.99799997,0.402
2023-03-05 10:00:00,-3.098,75.02989,0.12184858,0.441,0.409,0.334,-1.298,-0.99799997,0.402
2023-03-05 11:00:00,-3.148,78.85267,0.10281482,0.44,0.409,0.334,-1.2479999,-0.99799997,0.402
2023-03-05 12:00:00,-3.498,83.12803,0.07991624,0.44,0.409,0.334,-1.2479999,-0.99799997,0.402
2023-03-05 13:00:00,-4.648,87.22266,0.055513024,0.44,0.409,0.334,-1.2479999,-0.99799997,0.402
2023-03-05 14:00:00,-5.548,88.48484,0.04673022,0.44,0.409,0.334,-1.2479999,-0.99799997,0.402
2023-03-05 15:00:00,-4.948,89.56194,0.044333667,0.44,0.409,0.334,-1.2479999,-0.99799997,0.402
2023-03-05 16:00:00,-3.898,91.01737,0.041294664,0.439,0.409,0.334,-1.2479999,-0.99799997,0.402
2023-03-05 17:00:00,-2.948,91.771484,0.040611237,0.439,0.409,0.334,-1.2479999,-0.99799997,0.402
2023-03-05 18:00:00,-2.5479999,91.79773,0.041702777,0.439,0.409,0.334,-1.2479999,-0.99799997,0.402
2023-03-05 19:00:00,-2.948,91.42779,0.042307377,0.439,0.409,0.334,-1.2479999,-0.99799997,0.402
2023-03-05 20:00:00,-2.948,91.42779,0.042307377,0.439,0.409,0.334,-1.2479999,-0.99799997,0.402
2023-03-05 21:00:00,-3.2979999,91.40378,0.041333377,0.438,0.409,0.334,-1.2479999,-0.99799997,0.402
2023-03-05 22:00:00,-3.448,90.7069,0.044186085,0.438,0.409,0.334,-1.2479999,-0.99799997,0.402
2023-03-05 23:00:00,-3.898,89.98918,0.046020955,0.438,0.409,0.334,-1.2479999,-0.99799997,0.402
2023-03-06 00:00:00,-4.148,89.28827,0.04832679,0.438,0.409,0.334,-1.2479999,-0.99799997,0.402
2023-03-06 01:00:00,-4.248,88.94074,0.049520552,0.438,0.409,0.334,-1.2479999,-0.99799997,0.402
2023-03-06 02:00:00,-4.498,88.91881,0.048692882,0.438,0.409,0.334,-1.2479999,-0.99799997,0.402
2023-03-06 03:00:00,-4.198,88.27075,0.052718163,0.437,0.409,0.334,-1.2479999,-0.99799997,0.402
2023-03-06 04:00:00,-3.898,87.29765,0.058392704,0.437,0.409,0.334,-1.2479999,-0.99799997,0.402
2023-03-06 05:00:00,-3.348,83.7823,0.07768369,0.437,0.409,0.334,-1.2479999,-0.99799997,0.402
2023-03-06 06:00:00,-2.598,81.9928,0.09120718,0.437,0.409,0.334,-1.2479999,-0.99799997,0.402
2023-03-06 07:00:00,-1.548,80.00135,0.109463006,0.437,0.409,0.334,-1.2479999,-0.99799997,0.402
2023-03-06 08:00:00,-0.448,79.86543,0.119449645,0.437,0.409,0.334,-1.2479999,-0.99799997,0.402
2023-03-06 09:00:00,0.502,80.00625,0.12708181,0.436,0.409,0.334,-1.2479999,-0.99799997,0.402
2023-03-06 10:00:00,0.802,82.44732,0.11401087,0.436,0.409,0.334,-1.2479999,-0.99799997,0.402
2023-03-06 11:00:00,0.852,85.225365,0.09631449,0.436,0.409,0.334,-1.2479999,-0.99799997,0.402
2023-03-06 12:00:00,0.70199996,88.065384,0.07696462,0.436,0.409,0.334,-1.2479999,-0.99799997,0.402
2023-03-06 13:00:00,0.652,90.012955,0.06417364,0.436,0.409,0.334,-1.2479999,-0.99799997,0.402
2023-03-06 14:00:00,0.552,91.32883,0.0553177,0.436,0.409,0.334,-1.2479999,-0.99799997,0.402
2023-03-06 15:00:00,0.502,92.32984,0.048755407,0.435,0.409,0.334,-1.2479999,-0.99799997,0.402
2023-03-06 16:00:00,0.45200002,93.00212,0.044321656,0.435,0.409,0.334,-1.198,-0.99799997,0.402
2023-03-06 17:00:00,0.352,94.018524,0.037611365,0.435,0.409,0.334,-1.198,-0.99799997,0.402
2023-03-06 18:00:00,0.352,94.36138,0.035455465,0.435,0.41,0.334,-1.198,-0.99799997,0.402
2023-03-06 19:00:00,0.052,94.69261,0.03265518,0.435,0.41,0.334,-1.198,-0.99799997,0.402
2023-03-06 20:00:00,-0.148,95.378075,0.028027713,0.435,0.41,0.334,-1.198,-0.99799997,0.402
2023-03-06 21:00:00,-0.348,95.37063,0.027667463,0.434,0.41,0.334,-1.198,-0.99799997,0.402
2023-03-06 22:00:00,-0.598,95.71121,0.025169253,0.434,0.41,0.335,-1.198,-0.99799997,0.402
2023-03-06 23:00:00,-0.79800004,96.40865,0.020770848,0.434,0.41,0.335,-1.198,-0.99799997,0.402
2023-03-07 00:00:00,-0.99799997,97.11293,0.016455233,0.434,0.41,0.335,-1.198,-0.99799997,0.402
2023-03-07 01:00:00,-1.3479999,98.54291,0.008094549,0.434,0.41,0.335,-1.198,-0.99799997,0.402
2023-03-07 02:00:00,-1.198,98.906746,0.0061405897,0.434,0.41,0.335,-1.198,-0.99799997,0.402
2023-03-07 03:00:00,-0.79800004,98.54947,0.008389354,0.434,0.41,0.335,-1.198,-0.99799997,0.402
2023-03-07 04:00:00,-0.148,96.42752,0.021663964,0.434,0.41,0.335,-1.198,-0.99799997,0.402
2023-03-07 05:00:00,0.502,93.684326,0.040145874,0.433,0.41,0.335,-1.198,-0.99799997,0.402
2023-03-07 06:00:00,0.752,91.675545,0.05387807,0.433,0.41,0.335,-1.198,-0.99799997,0.402
2023-03-07 07:00:00,1.002,90.040184,0.06563383,0.433,0.41,0.335,-1.148,-0.99799997,0.402
2023-03-07 08:00:00,0.95199996,89.70902,0.067572415,0.434,0.41,0.335,-1.148,-0.99799997,0.402
2023-03-07 09:00:00,0.95199996,91.024506,0.058935106,0.437,0.41,0.335,-1.148,-0.948,0.402
2023-03-07 10:00:00,0.95199996,93.02981,0.0457682,0.443,0.41,0.335,-1.148,-0.948,0.402
2023-03-07 11:00:00,1.5020001,91.72447,0.056529105,0.456,0.41,0.335,-1.148,-0.948,0.402
2023-03-07 12:00:00,2.4520001,90.47657,0.069618404,0.47,0.41,0.335,-1.148,-0.948,0.402
2023-03-07 13:00:00,3.7020001,88.96971,0.08808863,0.479,0.41,0.335,-1.148,-0.948,0.402
2023-03-07 14:00:00,4.452,86.84839,0.110703886,0.487,0.411,0.335,-1.148,-0.948,0.402
2023-03-07 15:00:00,4.852,86.58074,0.11615622,0.499,0.411,0.335,-1.148,-0.948,0.402
2023-03-07 16:00:00,4.252,89.96847,0.08326703,0.507,0.413,0.335,-1.148,-0.948,0.402
2023-03-07 17:00:00,2.652,91.79869,0.06081164,0.507,0.416,0.335,-1.148,-0.948,0.402
2023-03-07 18:00:00,1.7520001,90.42458,0.06658971,0.504,0.418,0.335,-1.148,-0.948,0.402
2023-03-07 19:00:00,0.902,87.76268,0.080062866,0.499,0.42,0.335,-1.148,-0.948,0.402
2023-03-07 20:00:00,-0.648,84.426155,0.0910579,0.496,0.421,0.335,-1.148,-0.948,0.402
2023-03-07 21:00:00,-1.5979999,84.312996,0.08555102,0.493,0.422,0.335,-1.148,-0.948,0.402
2023-03-07 22:00:00,-1.9979999,86.18397,0.073159516,0.49,0.423,0.335,-1.148,-0.948,0.402
2023-03-07 23:00:00,-2.148,86.81687,0.06903911,0.488,0.424,0.335,-1.0979999,-0.948,0.402
2023-03-08 00:00:00,-2.498,86.45518,0.06911877,0.486,0.424,0.335,-1.0979999,-0.948,0.402
2023-03-08 01:00:00,-2.948,85.7573,0.07029003,0.485,0.425,0.335,-1.0979999,-0.948,0.402
2023-03-08 02:00:00,-3.5479999,85.36596,0.069058836,0.483,0.425,0.335,-1.0979999,-0.948,0.402
2023-03-08 03:00:00,-4.098,80.540474,0.088115245,0.482,0.425,0.335,-1.0979999,-0.948,0.402
2023-03-08 04:00:00,-4.348,75.384796,0.1093764,0.481,0.426,0.335,-1.0979999,-0.948,0.402
2023-03-08 05:00:00,-4.148,71.429634,0.12886977,0.479,0.426,0.335,-1.0979999,-0.948,0.402
2023-03-08 06:00:00,-3.648,69.61219,0.14230552,0.478,0.426,0.335,-1.0979999,-0.948,0.402
2023-03-08 07:00:00,-2.998,69.75007,0.14870712,0.477,0.427,0.335,-1.0979999,-0.948,0.402
2023-03-08 08:00:00,-2.5479999,67.983246,0.16274333,0.476,0.427,0.335,-1.0979999,-0.948,0.402
2023-03-08 09:00:00,-2.248,65.47021,0.17945716,0.475,0.427,0.335,-1.0979999,-0.948,0.402
2023-03-08 10:00:00,-2.198,65.99048,0.17740956,0.474,0.427,0.335,-1.0979999,-0.948,0.402
2023-03-08 11:00:00,-2.398,68.279335,0.16304234,0.474,0.428,0.335,-1.0979999,-0.948,0.402
2023-03-08 12:00:00,-3.198,72.17704,0.13475639,0.473,0.428,0.335,-1.0979999,-0.948,0.402
2023-03-08 13:00:00,-4.498,76.24032,0.10438895,0.472,0.428,0.335,-1.0979999,-0.948,0.402
2023-03-08 14:00:00,-5.798,79.9762,0.07971761,0.471,0.428,0.335,-1.0979999,-0.948,0.402
2023-03-08 15:00:00,-6.798,83.01934,0.06261951,0.47,0.428,0.335,-1.0979999,-0.948,0.402
2023-03-08 16:00:00,-7.548,84.56913,0.05370474,0.47,0.428,0.335,-1.0979999,-0.948,0.402
2023-03-08 17:00:00,-8.248,85.83094,0.046704262,0.469,0.428,0.335,-1.0979999,-0.948,0.402
2023-03-08 18:00:00,-8.848,86.446945,0.042628586,0.469,0.429,0.335,-1.0979999,-0.948,0.402
2023-03-08 19:00:00,-9.348,86.73768,0.04010883,0.468,0.429,0.335,-1.0979999,-0.948,0.402
2023-03-08 20:00:00,-9.548,87.063034,0.03851378,0.467,0.429,0.335,-1.0979999,-0.948,0.402
2023-03-08 21:00:00,-9.598,87.40581,0.037346065,0.467,0.429,0.335,-1.148,-0.948,0.402
2023-03-08 22:00:00,-9.698,87.745155,0.036054492,0.466,0.429,0.335,-1.148,-0.948,0.402
2023-03-08 23:00:00,-9.698,88.09586,0.035022885,0.466,0.429,0.335,-1.148,-0.948,0.402
2023-03-09 00:00:00,-9.298,87.43611,0.038146704,0.465,0.429,0.335,-1.148,-0.948,0.402
2023-03-09 01:00:00,-9.098,86.764145,0.040822983,0.465,0.429,0.336,-1.148,-0.948,0.402
2023-03-09 02:00:00,-8.948,85.752106,0.044463813,0.464,0.429,0.336,-1.148,-0.948,0.402
2023-03-09 03:00:00,-8.248,84.1504,0.05224228,0.464,0.429,0.336,-1.148,-0.948,0.402
2023-03-09 04:00:00,-7.248,81.343285,0.06645274,0.463,0.429,0.336,-1.148,-0.948,0.402
2023-03-09 05:00:00,-5.848,77.20396,0.090405166,0.463,0.429,0.336,-1.148,-0.948,0.402
2023-03-09 06:00:00,-4.448,72.77431,0.120063186,0.462,0.43,0.336,-1.148,-0.948,0.402
2023-03-09 07:00:00,-3.348,71.31499,0.13738301,0.462,0.43,0.336,-1.148,-0.948,0.402
2023-03-09 08:00:00,-2.448,69.06312,0.15842706,0.462,0.43,0.336,-1.148,-0.948,0.402
2023-03-09 09:00:00,-1.798,67.366844,0.17533678,0.461,0.43,0.336,-1.148,-0.948,0.402
2023-03-09 10:00:00,-1.4979999,67.43367,0.17888609,0.461,0.43,0.336,-1.148,-0.948,0.402
2023-03-09 11:00:00,-1.5979999,69.77683,0.16480279,0.46,0.43,0.336,-1.148,-0.948,0.402
2023-03-09 12:00:00,-2.2979999,72.910774,0.14027998,0.46,0.43,0.336,-1.148,-0.948,0.402
2023-03-09 13:00:00,-3.698,77.26678,0.10607183,0.46,0.43,0.336,-1.148,-0.948,0.402
2023-03-09 14:00:00,-5.048,81.02535,0.07997489,0.459,0.43,0.336,-1.148,-0.948,0.402
2023-03-09 15:00:00,-5.998,83.124054,0.066170335,0.459,0.43,0.336,-1.148,-0.948,0.402
2023-03-09 16:00:00,-6.748,84.0062,0.059208363,0.458,0.43,0.336,-1.148,-0.948,0.402
2023-03-09 17:00:00,-7.398,84.58725,0.054268032,0.458,0.43,0.336,-1.148,-0.948,0.402
2023-03-09 18:00:00,-7.998,84.51457,0.052045107,0.458,0.43,0.336,-1.198,-0.948,0.402
2023-03-09 19:00:00,-8.748,85.434975,0.04617083,0.458,0.43,0.336,-1.198,-0.948,0.402
2023-03-09 20:00:00,-9.198,84.36771,0.04783517,0.457,0.43,0.336,-1.198,-0.948,0.402
2023-03-09 21:00:00,-9.848,83.61335,0.04763943,0.457,0.43,0.336,-1.198,-0.948,0.402
2023-03-09 22:00:00,-10.398,83.2057,0.046742782,0.457,0.43,0.336,-1.198,-0.948,0.402
2023-03-09 23:00:00,-10.748,83.159355,0.045585155,0.456,0.43,0.336,-1.198,-0.948,0.402
2023-03-10 00:00:00,-11.048,84.13731,0.041923627,0.456,0.43,0.336,-1.198,-0.948,0.402
2023-03-10 01:00:00,-11.248,85.14253,0.03864497,0.456,0.43,0.336,-1.198,-0.948,0.402
2023-03-10 02:00:00,-11.448,86.16198,0.035422236,0.455,0.43,0.336,-1.198,-0.948,0.402
2023-03-10 03:00:00,-10.898,86.571815,0.03591846,0.455,0.43,0.336,-1.198,-0.948,0.352
2023-03-10 04:00:00,-9.098,84.044235,0.049209654,0.455,0.43,0.336,-1.198,-0.948,0.402
2023-03-10 05:00:00,-6.748,80.1459,0.07349494,0.455,0.43,0.336,-1.2479999,-0.948,0.352
2023-03-10 06:00:00,-4.748,76.49326,0.10134646,0.454,0.43,0.336,-1.2479999,-0.948,0.352
2023-03-10 07:00:00,-2.848,74.50157,0.1267637,0.454,0.43,0.336,-1.2479999,-0.948,0.352
2023-03-10 08:00:00,-1.398,71.43469,0.15807325,0.454,0.43,0.336,-1.2479999,-0.948,0.352
2023-03-10 09:00:00,-0.29799998,68.99542,0.18593976,0.454,0.43,0.336,-1.2479999,-0.948,0.352
2023-03-10 10:00:00,0.302,68.08748,0.19990551,0.453,0.43,0.336,-1.2479999,-0.948,0.352
2023-03-10 11:00:00,0.252,70.6923,0.18292901,0.453,0.43,0.336,-1.198,-0.948,0.352
2023-03-10 12:00:00,-0.448,72.989044,0.16023517,0.453,0.43,0.336,-1.198,-0.948,0.352
2023-03-10 13:00:00,-2.0479999,76.662994,0.12310937,0.453,0.43,0.336,-1.198,-0.948,0.352
2023-03-10 14:00:00,-3.148,78.85267,0.10281482,0.452,0.43,0.337,-1.198,-0.948,0.352
2023-03-10 15:00:00,-3.598,79.998856,0.09402853,0.452,0.43,0.337,-1.198,-0.948,0.352
2023-03-10 16:00:00,-3.348,79.4267,0.09854275,0.452,0.43,0.337,-1.198,-0.948,0.352
2023-03-10 17:00:00,-2.948,77.98584,0.10863489,0.452,0.43,0.337,-1.198,-0.948,0.352
2023-03-10 18:00:00,-2.698,77.433624,0.11344886,0.451,0.43,0.337,-1.198,-0.948,0.352
2023-03-10 19:00:00,-2.198,76.63741,0.12188527,0.451,0.43,0.337,-1.198,-0.948,0.352
2023-03-10 20:00:00,-2.148,76.93787,0.1207639,0.451,0.43,0.337,-1.198,-0.948,0.352
2023-03-10 21:00:00,-1.9979999,76.96314,0.12197599,0.451,0.43,0.337,-1.198,-0.948,0.352
2023-03-10 22:00:00,-1.8479999,77.28075,0.12163368,0.451,0.43,0.337,-1.198,-0.948,0.352
2023-03-10 23:00:00,-1.698,77.59874,0.121264786,0.45,0.43,0.337,-1.198,-0.948,0.352
2023-03-11 00:00:00,-1.5979999,79.09439,0.11400619,0.45,0.43,0.337,-1.198,-0.948,0.352
2023-03-11 01:00:00,-1.698,82.114746,0.0968222,0.45,0.43,0.337,-1.198,-0.948,0.352
2023-03-11 02:00:00,-1.3479999,84.02819,0.08871934,0.45,0.43,0.337,-1.198,-0.948,0.352
2023-03-11 03:00:00,-0.898,85.34388,0.08414155,0.45,0.43,0.337,-1.198,-0.948,0.352
2023-03-11 04:00:00,-0.048,84.80992,0.09278017,0.45,0.43,0.337,-1.198,-0.948,0.352
2023-03-11 05:00:00,0.502,84.56157,0.098130584,0.45,0.43,0.337,-1.198,-0.948,0.352
2023-03-11 06:00:00,1.1520001,82.19082,0.11862892,0.449,0.43,0.337,-1.198,-0.948,0.352
2023-03-11 07:00:00,1.302,83.11979,0.11365992,0.449,0.429,0.337,-1.198,-0.948,0.352
2023-03-11 08:00:00,1.702,82.564865,0.120811105,0.449,0.429,0.337,-1.198,-0.948,0.352
2023-03-11 09:00:00,2.2020001,81.731865,0.13118434,0.458,0.429,0.337,-1.198,-0.948,0.352
2023-03-11 10:00:00,2.252,82.93723,0.12296653,0.466,0.43,0.337,-1.198,-0.948,0.352
2023-03-11 11:00:00,2.252,84.151405,0.11421692,0.472,0.43,0.337,-1.148,-0.948,0.352
2023-03-11 12:00:00,1.802,86.58118,0.09365058,0.473,0.43,0.337,-1.148,-0.948,0.352
2023-03-11 13:00:00,0.852,89.701004,0.067139685,0.472,0.43,0.337,-1.148,-0.948,0.352
2023-03-11 14:00:00,-0.29799998,91.27058,0.052360594,0.472,0.43,0.337,-1.148,-0.948,0.352
2023-03-11 15:00:00,-0.898,91.90476,0.04647726,0.471,0.43,0.337,-1.148,-0.948,0.352
2023-03-11 16:00:00,-1.298,91.879,0.04527855,0.47,0.43,0.337,-1.148,-0.948,0.352
2023-03-11 17:00:00,-1.548,92.20402,0.042675495,0.47,0.431,0.337,-1.148,-0.948,0.352
2023-03-11 18:00:00,-1.448,92.21022,0.042956114,0.469,0.431,0.337,-1.148,-0.948,0.352
2023-03-11 19:00:00,-1.2479999,93.25053,0.03777027,0.468,0.431,0.337,-1.148,-0.948,0.352
2023-03-11 20:00:00,-0.49800003,93.29085,0.03966111,0.468,0.431,0.337,-1.148,-0.948,0.352
2023-03-11 21:00:00,0.102,93.664154,0.03912449,0.467,0.431,0.337,-1.148,-0.948,0.352
2023-03-11 22:00:00,0.302,94.35913,0.03534156,0.467,0.431,0.337,-1.148,-0.948,0.352
2023-03-11 23:00:00,0.45200002,94.36589,0.035684347,0.466,0.431,0.337,-1.148,-0.948,0.352
2023-03-12 00:00:00,0.352,93.67677,0.039760172,0.465,0.431,0.337,-1.148,-0.948,0.352
2023-03-12 01:00:00,-0.148,92.62893,0.04469818,0.465,0.431,0.337,-1.0979999,-0.948,0.352
2023-03-12 02:00:00,-0.898,90.557884,0.05420959,0.465,0.431,0.337,-1.0979999,-0.948,0.352
2023-03-12 03:00:00,-1.398,88.19707,0.06532404,0.464,0.431,0.338,-1.0979999,-0.948,0.352
2023-03-12 04:00:00,-1.298,82.16857,0.099411935,0.464,0.431,0.338,-1.0979999,-0.948,0.352
2023-03-12 05:00:00,-0.99799997,77.71331,0.1270085,0.463,0.432,0.338,-1.0979999,-0.948,0.352
2023-03-12 06:00:00,-0.54800004,74.35826,0.15100941,0.463,0.432,0.338,-1.0979999,-0.948,0.352
2023-03-12 07:00:00,0.102,69.60408,0.18766737,0.462,0.432,0.338,-1.0979999,-0.948,0.352
2023-03-12 08:00:00,0.45200002,64.361465,0.22567496,0.462,0.432,0.338,-1.0979999,-0.898,0.352
2023-03-12 09:00:00,0.602,60.826168,0.25075722,0.461,0.432,0.338,-1.0979999,-0.898,0.352
2023-03-12 10:00:00,0.602,60.826168,0.25075722,0.461,0.432,0.338,-1.0979999,-0.898,0.352
2023-03-12 11:00:00,0.45200002,61.723526,0.2423726,0.461,0.432,0.338,-1.0979999,-0.898,0.352
2023-03-12 12:00:00,-0.048,67.497765,0.19849461,0.46,0.432,0.338,-1.0979999,-0.898,0.352
2023-03-12 13:00:00,-1.698,75.85507,0.13070154,0.46,0.432,0.338,-1.0979999,-0.898,0.352
2023-03-12 14:00:00,-3.698,79.67781,0.09482479,0.46,0.432,0.338,-1.0979999,-0.898,0.352
2023-03-12 15:00:00,-5.248,83.86694,0.06697667,0.459,0.432,0.338,-1.0979999,-0.898,0.352
2023-03-12 16:00:00,-6.098,87.75276,0.047658414,0.459,0.432,0.338,-1.0979999,-0.898,0.352
2023-03-12 17:00:00,-6.448,88.05981,0.04523489,0.459,0.432,0.338,-1.0979999,-0.898,0.352
2023-03-12 18:00:00,-6.648,89.07272,0.040767252,0.458,0.432,0.338,-1.0979999,-0.898,0.352
2023-03-12 19:00:00,-7.348,90.059494,0.035138637,0.458,0.432,0.338,-1.0979999,-0.898,0.352
2023-03-12 20:00:00,-8.098,90.70804,0.030990332,0.458,0.432,0.338,-1.0979999,-0.898,0.352
2023-03-12 21:00:00,-8.948,90.64353,0.02920124,0.457,0.432,0.338,-1.0979999,-0.898,0.352
2023-03-12 22:00:00,-9.548,90.23848,0.029061884,0.457,0.432,0.338,-1.0979999,-0.898,0.352
2023-03-12 23:00:00,-10.048,90.19855,0.02805093,0.457,0.432,0.338,-1.0979999,-0.898,0.352
2023-03-13 00:00:00,-10.398,89.810234,0.028364062,0.457,0.432,0.338,-1.0979999,-0.898,0.352
2023-03-13 01:00:00,-10.698,90.14627,0.026782364,0.456,0.432,0.338,-1.0979999,-0.898,0.352
2023-03-13 02:00:00,-11.048,90.117966,0.026120156,0.456,0.432,0.338,-1.0979999,-0.898,0.352
2023-03-13 03:00:00,-9.948,88.778336,0.032369763,0.456,0.432,0.338,-1.148,-0.898,0.352
2023-03-13 04:00:00,-7.548,85.23679,0.05138156,0.455,0.432,0.338,-1.148,-0.898,0.352
2023-03-13 05:00:00,-5.248,80.37064,0.08148807,0.455,0.432,0.338,-1.148,-0.898,0.352
2023-03-13 06:00:00,-3.348,73.83796,0.12530363,0.455,0.432,0.338,-1.148,-0.898,0.352
2023-03-13 07:00:00,-2.148,69.39374,0.1602549,0.455,0.432,0.338,-1.148,-0.898,0.352
2023-03-13 08:00:00,-1.048,65.2461,0.19730821,0.454,0.432,0.338,-1.148,-0.898,0.352
2023-03-13 09:00:00,-0.29799998,63.20993,0.22062284,0.454,0.432,0.338,-1.148,-0.898,0.352
2023-03-13 10:00:00,0.0020000003,64.50034,0.21758217,0.454,0.432,0.338,-1.148,-0.898,0.352
2023-03-13 11:00:00,0.202,67.55291,0.20178571,0.454,0.432,0.338,-1.148,-0.898,0.352
2023-03-13 12:00:00,-0.448,73.81877,0.15531412,0.453,0.432,0.338,-1.148,-0.898,0.352
2023-03-13 13:00:00,-2.248,80.19997,0.10292137,0.453,0.432,0.338,-1.148,-0.898,0.352
2023-03-13 14:00:00,-3.598,83.75118,0.0763914,0.453,0.432,0.339,-1.148,-0.898,0.352
2023-03-13 15:00:00,-4.248,85.28634,0.06588146,0.453,0.432,0.339,-1.148,-0.898,0.352
2023-03-13 16:00:00,-4.598,85.24629,0.06434068,0.453,0.432,0.339,-1.148,-0.898,0.352
2023-03-13 17:00:00,-4.948,84.87896,0.06422031,0.452,0.432,0.339,-1.148,-0.898,0.352
2023-03-13 18:00:00,-5.248,83.54359,0.068318814,0.452,0.432,0.339,-1.148,-0.898,0.352
2023-03-13 19:00:00,-6.298,82.761406,0.06605816,0.452,0.432,0.339,-1.148,-0.898,0.352
2023-03-13 20:00:00,-6.848,82.364456,0.06478408,0.452,0.432,0.339,-1.148,-0.898,0.352
2023-03-13 21:00:00,-7.248,81.98657,0.064162046,0.451,0.432,0.339,-1.148,-0.898,0.352
2023-03-13 22:00:00,-7.548,81.300224,0.06507838,0.451,0.432,0.339,-1.148,-0.898,0.352
2023-03-13 23:00:00,-7.948,81.2426,0.06328416,0.451,0.432,0.339,-1.148,-0.898,0.352
2023-03-14 00:00:00,-8.348,81.508224,0.06047538,0.451,0.432,0.339,-1.148,-0.898,0.352
2023-03-14 01:00:00,-8.698,81.45812,0.05900386,0.451,0.431,0.339,-1.148,-0.898,0.352
2023-03-14 02:00:00,-8.948,81.748245,0.05695489,0.45,0.431,0.339,-1.148,-0.898,0.352
2023-03-14 03:00:00,-7.898,79.971085,0.06783566,0.45,0.431,0.339,-1.198,-0.898,0.352
2023-03-14 04:00:00,-5.748,76.61862,0.093435824,0.45,0.431,0.339,-1.198,-0.898,0.352
2023-03-14 05:00:00,-3.398,72.1374,0.13294801,0.45,0.431,0.339,-1.198,-0.898,0.352
2023-03-14 06:00:00,-1.2479999,68.791985,0.17460501,0.45,0.431,0.339,-1.198,-0.898,0.352
2023-03-14 07:00:00,-0.148,67.220085,0.19874021,0.45,0.431,0.339,-1.198,-0.898,0.352
2023-03-14 08:00:00,0.802,64.93333,0.22774073,0.449,0.431,0.339,-1.198,-0.898,0.352
2023-03-14 09:00:00,1.9020001,62.550194,0.26320043,0.449,0.431,0.339,-1.198,-0.898,0.352
2023-03-14 10:00:00,2.252,62.87053,0.26755002,0.449,0.431,0.339,-1.148,-0.898,0.352
2023-03-14 11:00:00,2.052,65.95857,0.24182978,0.449,0.431,0.339,-1.148,-0.898,0.352
2023-03-14 12:00:00,1.302,68.303925,0.21339971,0.449,0.431,0.339,-1.148,-0.898,0.352
2023-03-14 13:00:00,-0.348,71.64443,0.16943944,0.448,0.431,0.339,-1.148,-0.898,0.352
2023-03-14 14:00:00,-1.8479999,74.40115,0.1370464,0.448,0.431,0.339,-1.148,-0.898,0.352
2023-03-14 15:00:00,-2.598,75.696785,0.12308875,0.448,0.431,0.339,-1.148,-0.898,0.352
2023-03-14 16:00:00,-2.948,76.80234,0.1144737,0.448,0.431,0.339,-1.148,-0.898,0.352
2023-03-14 17:00:00,-2.998,77.08829,0.112642825,0.448,0.431,0.339,-1.148,-0.898,0.352
2023-03-14 18:00:00,-2.848,76.23396,0.1181536,0.448,0.431,0.339,-1.148,-0.898,0.352
2023-03-14 19:00:00,-2.098,74.3551,0.13478205,0.447,0.431,0.339,-1.148,-0.898,0.352
2023-03-14 20:00:00,-1.448,73.91158,0.143841,0.447,0.431,0.339,-1.148,-0.898,0.352
2023-03-14 21:00:00,-0.79800004,83.16058,0.09738389,0.447,0.431,0.339,-1.148,-0.898,0.352
2023-03-14 22:00:00,-0.098000005,94.686226,0.032340348,0.447,0.431,0.339,-1.148,-0.898,0.352
2023-03-14 23:00:00,0.0020000003,94.34557,0.034664333,0.447,0.431,0.339,-1.148,-0.898,0.352
2023-03-15 00:00:00,-1.2479999,88.21087,0.06597012,0.447,0.431,0.339,-1.148,-0.898,0.352
2023-03-15 01:00:00,-2.748,83.53995,0.08244857,0.447,0.431,0.339,-1.148,-0.898,0.352
2023-03-15 02:00:00,-3.498,81.86965,0.08587551,0.446,0.431,0.339,-1.148,-0.898,0.352
2023-03-15 03:00:00,-3.5479999,80.006355,0.09434566,0.446,0.431,0.34,-1.148,-0.898,0.352
2023-03-15 04:00:00,-3.248,77.34208,0.10933846,0.446,0.431,0.34,-1.148,-0.898,0.352
2023-03-15 05:00:00,-2.948,72.784874,0.13429236,0.446,0.43,0.34,-1.148,-0.898,0.352
2023-03-15 06:00:00,-2.5479999,69.30852,0.15600953,0.446,0.43,0.34,-1.0979999,-0.898,0.352
2023-03-15 07:00:00,-2.2979999,65.96742,0.17622069,0.446,0.43,0.34,-1.0979999,-0.898,0.352
2023-03-15 08:00:00,-2.148,63.002968,0.19370103,0.445,0.43,0.34,-1.0979999,-0.898,0.352
2023-03-15 09:00:00,-2.148,60.12587,0.20875561,0.445,0.43,0.34,-1.0979999,-0.898,0.352
2023-03-15 10:00:00,-2.248,61.284866,0.20119724,0.445,0.43,0.34,-1.0979999,-0.898,0.352
2023-03-15 11:00:00,-2.498,64.65437,0.18032384,0.445,0.43,0.34,-1.0979999,-0.898,0.352
2023-03-15 12:00:00,-3.098,68.12564,0.15552613,0.445,0.43,0.34,-1.0979999,-0.898,0.352
2023-03-15 13:00:00,-4.198,71.14166,0.12967944,0.445,0.43,0.34,-1.0979999,-0.898,0.352
2023-03-15 14:00:00,-5.198,73.48605,0.110476166,0.445,0.43,0.34,-1.0979999,-0.898,0.352
2023-03-15 15:00:00,-5.798,75.71407,0.09667981,0.445,0.43,0.34,-1.0979999,-0.898,0.352
2023-03-15 16:00:00,-6.248,78.05025,0.08442834,0.444,0.43,0.34,-1.0979999,-0.898,0.352
2023-03-15 17:00:00,-6.448,79.87732,0.07622522,0.444,0.43,0.34,-1.0979999,-0.898,0.352
2023-03-15 18:00:00,-6.198,81.49285,0.0714632,0.444,0.43,0.34,-1.148,-0.898,0.352
2023-03-15 19:00:00,-4.998,81.032555,0.08024797,0.444,0.43,0.34,-1.148,-0.898,0.352
2023-03-15 20:00:00,-4.798,82.95922,0.07319805,0.444,0.43,0.34,-1.148,-0.898,0.352
2023-03-15 21:00:00,-4.848,84.564926,0.06605184,0.444,0.43,0.34,-1.148,-0.898,0.352
2023-03-15 22:00:00,-4.748,85.22908,0.06369001,0.444,0.43,0.34,-1.148,-0.898,0.352
2023-03-15 23:00:00,-4.998,86.520546,0.057033032,0.443,0.43,0.34,-1.148,-0.898,0.352
2023-03-16 00:00:00,-5.048,86.84826,0.055436254,0.443,0.43,0.34,-1.148,-0.898,0.352
2023-03-16 01:00:00,-5.648,87.45843,0.050508827,0.443,0.43,0.34,-1.148,-0.898,0.352
2023-03-16 02:00:00,-6.148,87.40874,0.048809916,0.443,0.43,0.34,-1.148,-0.898,0.352
2023-03-16 03:00:00,-5.848,86.43027,0.05382192,0.443,0.429,0.34,-1.148,-0.898,0.352
2023-03-16 04:00:00,-4.898,83.587944,0.069966584,0.443,0.429,0.34,-1.148,-0.898,0.352
2023-03-16 05:00:00,-3.698,79.06886,0.09766549,0.443,0.429,0.34,-1.148,-0.898,0.352
2023-03-16 06:00:00,-2.5479999,74.271935,0.13078752,0.443,0.429,0.34,-1.148,-0.898,0.352
2023-03-16 07:00:00,-1.148,71.21361,0.16224623,0.443,0.429,0.34,-1.148,-0.898,0.352
2023-03-16 08:00:00,-0.49800003,68.17154,0.18811792,0.442,0.429,0.34,-1.148,-0.898,0.352
2023-03-16 09:00:00,-0.048,65.478096,0.21082458,0.442,0.429,0.34,-1.148,-0.898,0.352
2023-03-16 10:00:00,0.352,64.09387,0.22572929,0.442,0.429,0.34,-1.148,-0.898,0.352
2023-03-16 11:00:00,0.352,66.06914,0.21331564,0.442,0.429,0.34,-1.148,-0.898,0.352
2023-03-16 12:00:00,-0.198,72.21651,0.16784424,0.442,0.429,0.34,-1.148,-0.898,0.352
2023-03-16 13:00:00,-1.148,77.39677,0.12740421,0.442,0.429,0.34,-1.148,-0.898,0.352
2023-03-16 14:00:00,-2.098,81.44372,0.097533226,0.442,0.429,0.34,-1.148,-0.898,0.352
2023-03-16 15:00:00,-2.5479999,84.51702,0.078715265,0.442,0.429,0.34,-1.148,-0.898,0.352
2023-03-16 16:00:00,-3.098,87.0475,0.06321329,0.441,0.429,0.34,-1.148,-0.898,0.352
2023-03-16 17:00:00,-3.748,88.984406,0.05121234,0.441,0.429,0.34,-1.148,-0.898,0.352
2023-03-16 18:00:00,-4.398,90.63615,0.041458666,0.441,0.429,0.341,-1.148,-0.898,0.352
2023-03-16 19:00:00,-6.098,91.913605,0.03146866,0.441,0.429,0.341,-1.148,-0.898,0.352
2023-03-16 20:00:00,-6.848,92.220825,0.028580576,0.441,0.429,0.341,-1.148,-0.898,0.352
2023-03-16 21:00:00,-7.498,92.53913,0.026070029,0.441,0.429,0.341,-1.148,-0.898,0.352
2023-03-16 22:00:00,-7.848,93.24281,0.022979379,0.441,0.429,0.341,-1.148,-0.898,0.352
2023-03-16 23:00:00,-8.448,93.57554,0.020851105,0.441,0.429,0.341,-1.148,-0.898,0.352
2023-03-17 00:00:00,-8.698,93.19533,0.021657795,0.441,0.428,0.341,-1.148,-0.898,0.302
2023-03-17 01:00:00,-8.648,92.105484,0.025224566,0.441,0.428,0.341,-1.148,-0.898,0.352
2023-03-17 02:00:00,-8.348,91.04618,0.029286832,0.441,0.428,0.341,-1.148,-0.898,0.302
2023-03-17 03:00:00,-7.298,87.97867,0.042657435,0.44,0.428,0.341,-1.148,-0.898,0.302
2023-03-17 04:00:00,-5.848,77.81086,0.087999076,0.44,0.428,0.341,-1.148,-0.898,0.302
2023-03-17 05:00:00,-4.948,73.24709,0.1136044,0.44,0.428,0.341,-1.148,-0.898,0.302
2023-03-17 06:00:00,-4.148,70.875114,0.13136998,0.44,0.428,0.341,-1.148,-0.898,0.302
2023-03-17 07:00:00,-2.948,70.574135,0.14519718,0.44,0.428,0.341,-1.148,-0.898,0.302
2023-03-17 08:00:00,-2.098,68.344894,0.16635841,0.44,0.428,0.341,-1.148,-0.898,0.302
2023-03-17 09:00:00,-1.398,66.940575,0.18293336,0.44,0.428,0.341,-1.148,-0.898,0.302
2023-03-17 10:00:00,-0.99799997,66.5196,0.1907785,0.44,0.428,0.341,-1.148,-0.898,0.302
2023-03-17 11:00:00,-0.748,65.81747,0.19837281,0.44,0.428,0.341,-1.148,-0.898,0.302
2023-03-17 12:00:00,-0.848,66.808334,0.19122148,0.44,0.428,0.341,-1.148,-0.898,0.302
2023-03-17 13:00:00,-2.248,77.803215,0.11537704,0.439,0.428,0.341,-1.148,-0.898,0.302
2023-03-17 14:00:00,-4.098,78.39988,0.09780565,0.439,0.428,0.341,-1.148,-0.898,0.302
2023-03-17 15:00:00,-5.748,83.15658,0.06731519,0.439,0.428,0.341,-1.148,-0.898,0.302
2023-03-17 16:00:00,-6.848,85.98672,0.051480353,0.439,0.428,0.341,-1.148,-0.898,0.302
2023-03-17 17:00:00,-7.598,87.26298,0.04415959,0.439,0.428,0.341,-1.148,-0.898,0.302
2023-03-17 18:00:00,-8.248,88.233925,0.03878489,0.439,0.428,0.341,-1.148,-0.898,0.302
2023-03-17 19:00:00,-8.598,89.60444,0.033344746,0.439,0.428,0.341,-1.148,-0.898,0.302
2023-03-17 20:00:00,-8.998,89.21686,0.033521414,0.439,0.428,0.341,-1.148,-0.898,0.302
2023-03-17 21:00:00,-9.548,88.81464,0.03330016,0.439,0.427,0.341,-1.148,-0.898,0.302
2023-03-17 22:00:00,-10.148,89.11581,0.03090337,0.439,0.427,0.341,-1.148,-0.898,0.302
2023-03-17 23:00:00,-10.548,89.43841,0.029050633,0.439,0.427,0.341,-1.148,-0.898,0.302
2023-03-18 00:00:00,-10.948,90.12606,0.026307926,0.439,0.427,0.341,-1.148,-0.898,0.302
2023-03-18 01:00:00,-11.098,90.47738,0.025070012,0.438,0.427,0.341,-1.198,-0.898,0.302
2023-03-18 02:00:00,-11.048,90.117966,0.026120156,0.438,0.427,0.341,-1.198,-0.898,0.302
2023-03-18 03:00:00,-9.198,88.49438,0.035209835,0.438,0.427,0.341,-1.198,-0.898,0.302
2023-03-18 04:00:00,-6.198,84.73115,0.05896151,0.438,0.427,0.341,-1.198,-0.898,0.302
2023-03-18 05:00:00,-3.948,80.25383,0.09042621,0.438,0.427,0.341,-1.198,-0.898,0.302
2023-03-18 06:00:00,-2.5479999,74.55672,0.12934023,0.438,0.427,0.341,-1.198,-0.898,0.302
2023-03-18 07:00:00,-1.698,74.14633,0.1399489,0.438,0.427,0.341,-1.198,-0.898,0.302
2023-03-18 08:00:00,-0.898,72.35287,0.1587064,0.438,0.427,0.341,-1.198,-0.898,0.302
2023-03-18 09:00:00,-0.398,71.36442,0.17049024,0.438,0.427,0.341,-1.198,-0.898,0.302
2023-03-18 10:00:00,0.15200001,70.9385,0.18008253,0.438,0.427,0.341,-1.198,-0.898,0.302
2023-03-18 11:00:00,0.252,71.76333,0.17624557,0.438,0.427,0.341,-1.198,-0.898,0.302
2023-03-18 12:00:00,-0.048,75.85719,0.1474537,0.437,0.427,0.341,-1.198,-0.898,0.302
2023-03-18 13:00:00,-0.54800004,78.665215,0.12564948,0.437,0.427,0.342,-1.198,-0.898,0.302
2023-03-18 14:00:00,-1.048,80.98085,0.10799408,0.437,0.427,0.342,-1.198,-0.898,0.302
2023-03-18 15:00:00,-1.298,82.47694,0.09769297,0.437,0.427,0.342,-1.148,-0.898,0.302
2023-03-18 16:00:00,-1.398,84.02212,0.08842784,0.437,0.427,0.342,-1.148,-0.898,0.302
2023-03-18 17:00:00,-1.9979999,85.861465,0.07486701,0.437,0.427,0.342,-1.148,-0.898,0.302
2023-03-18 18:00:00,-2.2979999,87.4555,0.064970225,0.437,0.426,0.342,-1.148,-0.898,0.302
2023-03-18 19:00:00,-1.948,87.48964,0.066491306,0.437,0.426,0.342,-1.148,-0.898,0.302
2023-03-18 20:00:00,-2.998,88.71467,0.05548948,0.437,0.426,0.342,-1.148,-0.898,0.302
2023-03-18 21:00:00,-3.7979999,89.65696,0.04790598,0.437,0.426,0.342,-1.148,-0.898,0.302
2023-03-18 22:00:00,-3.948,90.669754,0.04273188,0.437,0.426,0.342,-1.148,-0.898,0.302
2023-03-18 23:00:00,-3.198,91.755005,0.03994158,0.437,0.426,0.342,-1.148,-0.898,0.302
2023-03-19 00:00:00,-2.348,92.15409,0.040486753,0.436,0.426,0.342,-1.148,-0.898,0.302
2023-03-19 01:00:00,-2.398,90.107574,0.050857812,0.436,0.426,0.342,-1.148,-0.898,0.302
2023-03-19 02:00:00,-3.5479999,87.0019,0.061339676,0.436,0.426,0.342,-1.148,-0.898,0.302
2023-03-19 03:00:00,-4.548,81.72445,0.07999748,0.436,0.426,0.342,-1.148,-0.898,0.302
2023-03-19 04:00:00,-4.898,74.700874,0.10784075,0.436,0.426,0.342,-1.148,-0.898,0.302
2023-03-19 05:00:00,-4.998,69.870575,0.12745231,0.436,0.426,0.342,-1.148,-0.898,0.302
2023-03-19 06:00:00,-4.898,66.929,0.14095259,0.436,0.426,0.342,-1.148,-0.898,0.302
2023-03-19 07:00:00,-5.798,65.6686,0.13664716,0.436,0.426,0.342,-1.148,-0.898,0.302
2023-03-19 08:00:00,-5.698,60.8873,0.15685563,0.436,0.426,0.342,-1.148,-0.898,0.302
2023-03-19 09:00:00,-5.548,58.52678,0.16822594,0.436,0.426,0.342,-1.148,-0.898,0.302
2023-03-19 10:00:00,-5.548,56.89787,0.17482732,0.436,0.426,0.342,-1.148,-0.898,0.302
2023-03-19 11:00:00,-5.848,55.67554,0.17571476,0.436,0.426,0.342,-1.148,-0.898,0.302
2023-03-19 12:00:00,-6.448,59.71932,0.1525297,0.436,0.426,0.342,-1.148,-0.898,0.302
2023-03-19 13:00:00,-7.748,63.89583,0.12367579,0.435,0.426,0.342,-1.148,-0.898,0.302
2023-03-19 14:00:00,-9.398,68.075165,0.096135706,0.435,0.426,0.342,-1.148,-0.898,0.302
2023-03-19 15:00:00,-10.648,70.93717,0.07927738,0.435,0.425,0.342,-1.148,-0.898,0.302
2023-03-19 16:00:00,-11.698,72.79653,0.06823246,0.435,0.425,0.342,-1.148,-0.898,0.302
2023-03-19 17:00:00,-12.648,74.13402,0.060093254,0.435,0.425,0.342,-1.198,-0.898,0.302
2023-03-19 18:00:00,-13.548,75.2101,0.053529263,0.435,0.425,0.342,-1.198,-0.898,0.302
2023-03-19 19:00:00,-14.798,73.39944,0.05183272,0.435,0.425,0.342,-1.198,-0.898,0.302
2023-03-19 20:00:00,-15.598,74.50132,0.046499357,0.435,0.425,0.342,-1.198,-0.898,0.302
2023-03-19 21:00:00,-16.348,74.99684,0.042829677,0.435,0.425,0.342,-1.198,-0.898,0.302
2023-03-19 22:00:00,-16.948,75.20539,0.0403857,0.435,0.425,0.342,-1.2479999,-0.898,0.302
2023-03-19 23:00:00,-17.498,75.10004,0.038717233,0.435,0.425,0.342,-1.2479999,-0.898,0.302
2023-03-20 00:00:00,-17.998,75.0037,0.037253067,0.435,0.425,0.342,-1.2479999,-0.898,0.302
2023-03-20 01:00:00,-18.448,74.5894,0.036445774,0.435,0.425,0.342,-1.2479999,-0.898,0.302
2023-03-20 02:00:00,-18.748,75.18731,0.03468786,0.434,0.425,0.342,-1.298,-0.898,0.302
2023-03-20 03:00:00,-16.848,72.98383,0.044373162,0.434,0.425,0.342,-1.298,-0.898,0.302
2023-03-20 04:00:00,-13.248,67.186935,0.072593346,0.434,0.425,0.342,-1.298,-0.898,0.302
2023-03-20 05:00:00,-10.298,59.179623,0.11445694,0.434,0.425,0.342,-1.298,-0.898,0.302
2023-03-20 06:00:00,-8.348,53.394783,0.15232614,0.434,0.425,0.342,-1.298,-0.898,0.302
2023-03-20 07:00:00,-7.098,50.319157,0.1789051,0.434,0.425,0.342,-1.3479999,-0.898,0.302
2023-03-20 08:00:00,-6.198,50.1725,0.19228865,0.434,0.425,0.342,-1.3479999,-0.898,0.302
2023-03-20 09:00:00,-5.598,50.14507,0.20141773,0.434,0.425,0.342,-1.3479999,-0.898,0.302
2023-03-20 10:00:00,-5.148,50.073837,0.20872685,0.434,0.425,0.342,-1.3479999,-0.898,0.302
2023-03-20 11:00:00,-5.048,51.34272,0.20497726,0.434,0.425,0.342,-1.3479999,-0.898,0.302
2023-03-20 12:00:00,-5.448,58.084156,0.1713188,0.434,0.424,0.342,-1.3479999,-0.898,0.302
2023-03-20 13:00:00,-6.898,64.88384,0.12846503,0.434,0.424,0.343,-1.3479999,-0.898,0.302
2023-03-20 14:00:00,-8.798,71.61431,0.08960821,0.434,0.424,0.343,-1.3479999,-0.898,0.302
2023-03-20 15:00:00,-9.948,75.567024,0.0704616,0.434,0.424,0.343,-1.3479999,-0.898,0.302
2023-03-20 16:00:00,-10.798,77.59942,0.060387284,0.434,0.424,0.343,-1.3479999,-0.898,0.302
2023-03-20 17:00:00,-11.498,78.11811,0.055779517,0.433,0.424,0.343,-1.3479999,-0.898,0.302
2023-03-20 18:00:00,-12.248,78.6383,0.051265627,0.433,0.424,0.343,-1.3479999,-0.898,0.302
2023-03-20 19:00:00,-13.148,79.14446,0.046530798,0.433,0.424,0.343,-1.3479999,-0.898,0.302
2023-03-20 20:00:00,-13.998,80.003876,0.041621983,0.433,0.424,0.343,-1.3479999,-0.898,0.302
2023-03-20 21:00:00,-14.798,81.233315,0.03657548,0.433,0.424,0.343,-1.398,-0.898,0.302
2023-03-20 22:00:00,-15.548,81.810326,0.03331548,0.433,0.424,0.343,-1.398,-0.898,0.302
2023-03-20 23:00:00,-16.198,82.063705,0.031118572,0.433,0.424,0.343,-1.398,-0.898,0.302
2023-03-21 00:00:00,-16.598,82.006065,0.030189723,0.433,0.424,0.343,-1.398,-0.898,0.302
2023-03-21 01:00:00,-16.898,81.96266,0.029509038,0.433,0.424,0.343,-1.398,-0.898,0.302
2023-03-21 02:00:00,-17.148,82.27819,0.028388798,0.433,0.424,0.343,-1.448,-0.898,0.302
2023-03-21 03:00:00,-15.148,79.82237,0.0382019,0.433,0.424,0.343,-1.448,-0.898,0.302
2023-03-21 04:00:00,-12.248,77.030945,0.055121094,0.433,0.424,0.343,-1.448,-0.898,0.302
2023-03-21 05:00:00,-9.198,69.52373,0.09323168,0.433,0.424,0.343,-1.448,-0.898,0.302
2023-03-21 06:00:00,-7.098,65.889244,0.12288001,0.433,0.424,0.343,-1.448,-0.898,0.302
2023-03-21 07:00:00,-5.348,63.715096,0.1494523,0.433,0.424,0.343,-1.448,-0.898,0.302
2023-03-21 08:00:00,-3.948,60.61182,0.18032494,0.432,0.424,0.343,-1.448,-0.898,0.302
2023-03-21 09:00:00,-2.998,58.738186,0.20280796,0.432,0.424,0.343,-1.448,-0.898,0.302
2023-03-21 10:00:00,-2.448,58.652588,0.21170798,0.432,0.423,0.343,-1.448,-0.898,0.302
2023-03-21 11:00:00,-2.0479999,58.52858,0.21872377,0.432,0.423,0.343,-1.448,-0.898,0.302
2023-03-21 12:00:00,-2.148,61.54945,0.20130688,0.432,0.423,0.343,-1.448,-0.898,0.302
2023-03-21 13:00:00,-3.648,71.25398,0.13462013,0.432,0.423,0.343,-1.448,-0.898,0.302
2023-03-21 14:00:00,-4.098,64.271935,0.16174495,0.432,0.423,0.343,-1.448,-0.898,0.302
2023-03-21 15:00:00,-5.048,67.42538,0.13726935,0.432,0.423,0.343,-1.448,-0.898,0.302
2023-03-21 16:00:00,-5.598,69.19331,0.124509364,0.432,0.423,0.343,-1.448,-0.898,0.302
2023-03-21 17:00:00,-5.848,70.52159,0.11689404,0.432,0.423,0.343,-1.448,-0.898,0.302
2023-03-21 18:00:00,-6.248,72.13298,0.10717869,0.432,0.423,0.343,-1.448,-0.898,0.302
2023-03-21 19:00:00,-8.348,78.63757,0.06986013,0.432,0.423,0.343,-1.448,-0.898,0.302
2023-03-21 20:00:00,-9.948,83.26503,0.04826866,0.432,0.423,0.343,-1.448,-0.898,0.302
2023-03-21 21:00:00,-10.448,84.89432,0.041877687,0.432,0.423,0.343,-1.448,-0.898,0.302
2023-03-21 22:00:00,-10.748,85.5464,0.039125517,0.432,0.423,0.343,-1.448,-0.948,0.302
2023-03-21 23:00:00,-11.098,85.85275,0.03724207,0.432,0.423,0.343,-1.448,-0.948,0.302
2023-03-22 00:00:00,-11.548,86.15086,0.035167575,0.432,0.423,0.343,-1.448,-0.948,0.302
2023-03-22 01:00:00,-11.998,86.100586,0.03404151,0.431,0.423,0.343,-1.448,-0.948,0.302
2023-03-22 02:00:00,-12.148,86.08376,0.033673212,0.431,0.423,0.343,-1.4979999,-0.948,0.302
2023-03-22 03:00:00,-9.798,83.956055,0.046828,0.431,0.423,0.343,-1.4979999,-0.948,0.302
2023-03-22 04:00:00,-6.048,79.00583,0.08199915,0.431,0.423,0.343,-1.4979999,-0.948,0.302
2023-03-22 05:00:00,-3.198,71.34543,0.13878271,0.431,0.423,0.343,-1.4979999,-0.948,0.302
2023-03-22 06:00:00,-1.548,64.62925,0.19357085,0.431,0.423,0.343,-1.4979999,-0.948,0.302
2023-03-22 07:00:00,-0.49800003,64.87643,0.20758584,0.431,0.423,0.343,-1.448,-0.948,0.302
2023-03-22 08:00:00,0.802,59.499424,0.2630166,0.431,0.422,0.343,-1.448,-0.948,0.302
2023-03-22 09:00:00,1.6520001,57.710392,0.29193246,0.431,0.422,0.343,-1.448,-0.948,0.302
2023-03-22 10:00:00,2.052,58.47671,0.29496184,0.432,0.422,0.343,-1.448,-0.948,0.302
2023-03-22 11:00:00,2.2020001,59.631847,0.28984445,0.433,0.422,0.343,-1.448,-0.948,0.302
2023-03-22 12:00:00,1.852,65.666855,0.24044156,0.433,0.422,0.343,-1.448,-0.948,0.302
2023-03-22 13:00:00,0.902,67.70662,0.21125245,0.433,0.422,0.343,-1.398,-0.948,0.302
2023-03-22 14:00:00,-1.048,73.42816,0.15086949,0.433,0.422,0.343,-1.398,-0.948,0.302
2023-03-22 15:00:00,-2.0479999,75.793686,0.12769404,0.433,0.422,0.343,-1.398,-0.948,0.302
2023-03-22 16:00:00,-2.748,77.130325,0.114546925,0.433,0.422,0.343,-1.398,-0.948,0.302
2023-03-22 17:00:00,-3.2979999,78.22786,0.104673624,0.433,0.422,0.343,-1.398,-0.948,0.302
2023-03-22 18:00:00,-3.948,78.72635,0.09741944,0.433,0.422,0.344,-1.398,-0.948,0.302
2023-03-22 19:00:00,-4.548,78.6309,0.093535244,0.433,0.422,0.344,-1.398,-0.948,0.302
2023-03-22 20:00:00,-4.998,77.64878,0.09455994,0.433,0.422,0.344,-1.398,-0.948,0.302
2023-03-22 21:00:00,-5.348,77.59051,0.0923219,0.433,0.422,0.344,-1.398,-0.948,0.302
2023-03-22 22:00:00,-5.548,77.5571,0.09106374,0.432,0.422,0.344,-1.398,-0.948,0.302
2023-03-22 23:00:00,-5.848,78.422005,0.08557609,0.432,0.422,0.344,-1.3479999,-0.948,0.302
2023-03-23 00:00:00,-6.298,79.276474,0.07940847,0.432,0.422,0.344,-1.398,-0.948,0.302
2023-03-23 01:00:00,-6.598,79.85441,0.07543838,0.432,0.422,0.344,-1.3479999,-0.948,0.302
2023-03-23 02:00:00,-6.548,79.86205,0.075699866,0.432,0.422,0.344,-1.3479999,-0.948,0.302
2023-03-23 03:00:00,-5.198,77.6155,0.09327543,0.432,0.422,0.344,-1.398,-0.948,0.302
2023-03-23 04:00:00,-3.098,73.88501,0.1274336,0.432,0.422,0.344,-1.398,-0.948,0.302
2023-03-23 05:00:00,-0.99799997,70.973785,0.16540554,0.432,0.422,0.344,-1.3479999,-0.948,0.302
2023-03-23 06:00:00,0.502,71.27612,0.18255958,0.432,0.422,0.344,-1.3479999,-0.948,0.302
2023-03-23 07:00:00,1.552,72.55553,0.18812498,0.434,0.422,0.344,-1.3479999,-0.948,0.302
2023-03-23 08:00:00,2.402,73.7974,0.1908539,0.45,0.422,0.344,-1.3479999,-0.948,0.302
2023-03-23 09:00:00,2.9520001,74.16967,0.19563472,0.466,0.422,0.344,-1.3479999,-0.948,0.302
2023-03-23 10:00:00,3.252,74.49568,0.19730926,0.48,0.422,0.344,-1.3479999,-0.948,0.302
2023-03-23 11:00:00,3.302,75.59946,0.18943888,0.489,0.422,0.344,-1.3479999,-0.948,0.302
2023-03-23 12:00:00,2.752,79.17368,0.15551794,0.491,0.423,0.344,-1.298,-0.948,0.302
2023-03-23 13:00:00,1.602,83.15767,0.11587113,0.489,0.424,0.344,-1.298,-0.948,0.302
2023-03-23 14:00:00,0.15200001,86.093155,0.08618456,0.487,0.424,0.344,-1.298,-0.948,0.302
2023-03-23 15:00:00,-1.398,88.52573,0.06350523,0.485,0.425,0.344,-1.298,-0.948,0.302
2023-03-23 16:00:00,-2.748,90.08013,0.049691617,0.483,0.425,0.344,-1.298,-0.948,0.302
2023-03-23 17:00:00,-3.648,90.34998,0.04520157,0.482,0.426,0.344,-1.298,-0.948,0.302
2023-03-23 18:00:00,-4.398,89.94925,0.044499636,0.48,0.426,0.344,-1.298,-0.948,0.302
2023-03-23 19:00:00,-4.648,90.96325,0.03926301,0.479,0.427,0.344,-1.298,-0.948,0.302
2023-03-23 20:00:00,-4.748,91.65176,0.03599885,0.478,0.427,0.344,-1.298,-0.948,0.302
2023-03-23 21:00:00,-3.848,89.99316,0.04617554,0.477,0.427,0.344,-1.298,-0.948,0.302
2023-03-23 22:00:00,-3.898,90.33075,0.04445085,0.476,0.427,0.344,-1.298,-0.948,0.302
2023-03-23 23:00:00,-4.098,91.00299,0.040744215,0.475,0.428,0.344,-1.298,-0.948,0.302
2023-03-24 00:00:00,-4.498,91.66856,0.03661105,0.474,0.428,0.344,-1.298,-0.948,0.302
2023-03-24 01:00:00,-6.948,94.01751,0.021811515,0.473,0.428,0.344,-1.298,-0.948,0.302
2023-03-24 02:00:00,-8.148,93.95802,0.020073712,0.473,0.428,0.344,-1.298,-0.948,0.302
2023-03-24 03:00:00,-5.898,91.22236,0.03468439,0.472,0.428,0.344,-1.298,-0.948,0.302
2023-03-24 04:00:00,-2.598,85.795815,0.071947336,0.471,0.429,0.344,-1.298,-0.948,0.302
2023-03-24 05:00:00,-0.098000005,75.56502,0.1486966,0.47,0.429,0.344,-1.298,-0.948,0.302
2023-03-24 06:00:00,1.052,70.06405,0.19796178,0.47,0.429,0.344,-1.298,-0.948,0.302
2023-03-24 07:00:00,2.152,65.245735,0.24866018,0.473,0.429,0.344,-1.298,-0.948,0.302
2023-03-24 08:00:00,2.9520001,60.954105,0.29570338,0.485,0.429,0.344,-1.298,-0.948,0.302
2023-03-24 09:00:00,3.552,58.644516,0.32675526,0.499,0.43,0.344,-1.298,-0.948,0.252
2023-03-24 10:00:00,3.852,58.94129,0.33133656,0.506,0.432,0.344,-1.298,-0.948,0.252
2023-03-24 11:00:00,3.752,63.93603,0.28899902,0.508,0.434,0.344,-1.2479999,-0.948,0.252
2023-03-24 12:00:00,3.102,69.4525,0.23382592,0.505,0.437,0.344,-1.2479999,-0.948,0.252
2023-03-24 13:00:00,1.7520001,76.16732,0.1657272,0.5,0.438,0.344,-1.2479999,-0.948,0.252
2023-03-24 14:00:00,0.15200001,82.36171,0.10930687,0.497,0.439,0.344,-1.2479999,-0.948,0.252
2023-03-24 15:00:00,-0.898,87.26703,0.07310164,0.494,0.44,0.344,-1.2479999,-0.948,0.252
2023-03-24 16:00:00,-1.698,91.17337,0.047786534,0.492,0.44,0.344,-1.2479999,-0.948,0.252
2023-03-24 17:00:00,-2.148,93.54895,0.033785403,0.49,0.441,0.345,-1.2479999,-0.948,0.252
2023-03-24 18:00:00,-2.448,94.58463,0.02773884,0.489,0.441,0.345,-1.2479999,-0.948,0.252
2023-03-24 19:00:00,-2.5479999,95.64284,0.022153795,0.487,0.441,0.345,-1.2479999,-0.948,0.252
2023-03-24 20:00:00,-2.448,96.36008,0.01864475,0.486,0.442,0.345,-1.2479999,-0.948,0.252
2023-03-24 21:00:00,-2.348,97.441605,0.013202429,0.485,0.442,0.345,-1.2479999,-0.948,0.252
2023-03-24 22:00:00,-1.5979999,97.098755,0.015823722,0.484,0.442,0.345,-1.198,-0.948,0.252
2023-03-24 23:00:00,-1.3479999,96.39257,0.020040035,0.483,0.443,0.345,-1.198,-0.948,0.252
2023-03-25 00:00:00,-1.548,96.74274,0.017830908,0.482,0.443,0.345,-1.198,-0.948,0.252
2023-03-25 01:00:00,-1.8479999,98.1741,0.0097770095,0.481,0.443,0.345,-1.198,-0.948,0.252
2023-03-25 02:00:00,-1.8479999,98.5369,0.0078344345,0.48,0.443,0.345,-1.198,-0.948,0.252
2023-03-25 03:00:00,-1.298,98.5435,0.008121014,0.479,0.443,0.345,-1.198,-0.948,0.252
2023-03-25 04:00:00,-0.49800003,98.553024,0.008553982,0.478,0.443,0.345,-1.198,-0.948,0.252
2023-03-25 05:00:00,0.402,96.09395,0.024650335,0.477,0.443,0.345,-1.198,-0.948,0.252
2023-03-25 06:00:00,1.7520001,91.74069,0.05743736,0.483,0.444,0.345,-1.198,-0.948,0.252
2023-03-25 07:00:00,3.4520001,87.99967,0.094162166,0.505,0.444,0.345,-1.198,-0.948,0.252
2023-03-25 08:00:00,4.752,83.54805,0.14141697,0.52,0.446,0.345,-1.198,-0.948,0.252
2023-03-25 09:00:00,5.752,79.33866,0.1903789,0.473,0.47,0.345,-1.198,-0.948,0.252
2023-03-25 10:00:00,6.152,77.72625,0.21098709,0.497,0.47,0.345,-1.148,-0.948,0.252
2023-03-25 11:00:00,5.852,77.95563,0.20453238,0.514,0.47,0.345,-1.148,-0.948,0.252
2023-03-25 12:00:00,4.902,79.78053,0.17562807,0.507,0.476,0.346,-1.148,-0.948,0.252
2023-03-25 13:00:00,3.402,84.895546,0.11810094,0.501,0.478,0.346,-1.148,-0.948,0.252
2023-03-25 14:00:00,1.9020001,90.10971,0.06952071,0.498,0.478,0.346,-1.148,-0.948,0.252
2023-03-25 15:00:00,0.95199996,93.02981,0.0457682,0.496,0.478,0.346,-1.148,-0.948,0.252
2023-03-25 16:00:00,0.402,94.36364,0.035569727,0.495,0.478,0.346,-1.148,-0.948,0.252
2023-03-25 17:00:00,0.15200001,95.04248,0.030724466,0.493,0.478,0.346,-1.148,-0.948,0.252
2023-03-25 18:00:00,0.052,94.34785,0.03477639,0.492,0.478,0.347,-1.148,-0.948,0.252
2023-03-25 19:00:00,0.202,92.311615,0.04782158,0.491,0.478,0.347,-1.148,-0.948,0.252
2023-03-25 20:00:00,0.252,90.97505,0.05633837,0.49,0.478,0.347,-1.148,-0.948,0.252
2023-03-25 21:00:00,0.252,89.32481,0.06663948,0.49,0.477,0.347,-1.148,-0.948,0.252
2023-03-25 22:00:00,0.202,87.69644,0.076526105,0.489,0.477,0.347,-1.0979999,-0.948,0.252
2023-03-25 23:00:00,0.352,86.114426,0.087308586,0.488,0.477,0.347,-1.0979999,-0.948,0.252
2023-03-26 00:00:00,0.502,86.76506,0.0841257,0.487,0.476,0.348,-1.0979999,-0.948,0.252
2023-03-26 01:00:00,0.502,87.40391,0.08006525,0.487,0.476,0.348,-1.0979999,-0.948,0.252
2023-03-26 02:00:00,0.652,89.03212,0.07047582,0.486,0.476,0.348,-1.0979999,-0.948,0.252
2023-03-26 03:00:00,1.202,89.07882,0.07301158,0.485,0.476,0.348,-1.0979999,-0.948,0.252
2023-03-26 04:00:00,2.252,86.31415,0.09863132,0.487,0.475,0.348,-1.0979999,-0.948,0.252
2023-03-26 05:00:00,3.752,81.939766,0.14473641,0.502,0.475,0.348,-1.0979999,-0.948,0.252
2023-03-26 06:00:00,5.102,78.11644,0.19274783,0.52,0.476,0.348,-1.0979999,-0.948,0.252
2023-03-26 07:00:00,6.102,76.6209,0.22069472,0.482,0.497,0.349,-1.0979999,-0.948,0.252
2023-03-26 08:00:00,6.602,75.891594,0.23555195,0.511,0.496,0.349,-1.0979999,-0.948,0.252
2023-03-26 09:00:00,6.752,76.456696,0.23241287,0.52,0.497,0.349,-1.0979999,-0.948,0.252
2023-03-26 10:00:00,6.552,78.619354,0.20818377,0.486,0.515,0.35,-1.048,-0.948,0.252
2023-03-26 11:00:00,6.002,81.08087,0.177365,0.504,0.508,0.352,-1.048,-0.948,0.252
2023-03-26 12:00:00,5.002,83.87596,0.1410346,0.514,0.506,0.353,-1.048,-0.948,0.252
2023-03-26 13:00:00,3.602,88.013405,0.09505391,0.513,0.505,0.354,-1.048,-0.948,0.252
2023-03-26 14:00:00,2.352,90.1442,0.0715372,0.51,0.504,0.354,-1.048,-0.948,0.252
2023-03-26 15:00:00,1.552,91.396614,0.05897957,0.508,0.503,0.355,-1.048,-0.948,0.252
2023-03-26 16:00:00,0.70199996,92.34196,0.04938656,0.507,0.501,0.355,-1.048,-0.948,0.252
2023-03-26 17:00:00,-0.098000005,93.31221,0.04070252,0.505,0.5,0.356,-1.048,-0.948,0.252
2023-03-26 18:00:00,-0.79800004,93.96326,0.03491348,0.504,0.499,0.356,-1.048,-0.948,0.252
2023-03-26 19:00:00,-1.3479999,94.98225,0.02787447,0.503,0.498,0.357,-1.048,-0.948,0.252
2023-03-26 20:00:00,-1.798,95.31606,0.025173008,0.502,0.497,0.357,-1.048,-0.948,0.252
2023-03-26 21:00:00,-2.198,95.30084,0.02451995,0.501,0.496,0.357,-1.048,-0.948,0.252
2023-03-26 22:00:00,-2.598,95.28555,0.023881555,0.5,0.495,0.358,-1.048,-0.948,0.252
2023-03-26 23:00:00,-2.998,94.56044,0.026747406,0.499,0.494,0.358,-1.048,-0.948,0.252
2023-03-27 00:00:00,-3.448,94.18615,0.027644038,0.498,0.494,0.358,-1.048,-0.948,0.252
2023-03-27 01:00:00,-3.9980001,93.805405,0.028265297,0.498,0.493,0.359,-1.048,-0.948,0.252
2023-03-27 02:00:00,-3.948,93.80792,0.028360099,0.497,0.492,0.359,-1.048,-0.948,0.252
2023-03-27 03:00:00,-1.7479999,92.87835,0.038414657,0.496,0.491,0.359,-1.048,-0.948,0.252
2023-03-27 04:00:00,1.352,87.805,0.08240986,0.496,0.491,0.359,-1.048,-0.948,0.252
2023-03-27 05:00:00,2.902,84.83872,0.114427686,0.503,0.49,0.36,-1.048,-0.948,0.252
2023-03-27 06:00:00,4.552,81.17016,0.15961128,0.52,0.49,0.36,-1.048,-0.948,0.252
2023-03-27 07:00:00,6.252,79.97669,0.19098228,0.487,0.51,0.36,-1.048,-0.948,0.252
2023-03-27 08:00:00,7.552,76.58867,0.2441122,0.518,0.508,0.361,-1.048,-0.948,0.252
2023-03-27 09:00:00,8.252,74.84529,0.27507806,0.514,0.511,0.362,-1.048,-0.948,0.252
2023-03-27 10:00:00,8.352,74.6007,0.27964216,0.484,0.513,0.366,-0.948,-0.948,0.252
2023-03-27 11:00:00,7.752,76.62149,0.24711466,0.46,0.486,0.378,-0.898,-0.898,0.252
2023-03-27 12:00:00,7.102,77.601974,0.22647542,0.472,0.485,0.379,-0.79800004,-0.898,0.252
2023-03-27 13:00:00,5.252,83.01759,0.15114814,0.475,0.485,0.379,-0.79800004,-0.898,0.252
2023-03-27 14:00:00,3.4520001,88.314964,0.091688216,0.474,0.484,0.379,-0.79800004,-0.898,0.252
2023-03-27 15:00:00,2.402,90.47286,0.069398165,0.474,0.484,0.379,-0.79800004,-0.898,0.252
2023-03-27 16:00:00,0.602,93.010445,0.044751465,0.474,0.483,0.379,-0.79800004,-0.898,0.252
2023-03-27 17:00:00,-0.448,93.980156,0.035716355,0.474,0.483,0.379,-0.848,-0.898,0.252
2023-03-27 18:00:00,-1.0979999,94.99237,0.028333008,0.474,0.482,0.38,-0.848,-0.898,0.252
2023-03-27 19:00:00,-1.3479999,97.104675,0.016084194,0.474,0.482,0.38,-0.848,-0.898,0.252
2023-03-27 20:00:00,-1.8479999,97.8125,0.011713326,0.474,0.481,0.38,-0.848,-0.898,0.252
2023-03-27 21:00:00,-2.0479999,98.89906,0.0058087707,0.473,0.481,0.38,-0.898,-0.898,0.252
2023-03-27 22:00:00,-1.798,98.5375,0.007860124,0.473,0.48,0.38,-0.898,-0.898,0.252
2023-03-27 23:00:00,-1.798,98.5375,0.007860124,0.473,0.48,0.38,-0.898,-0.898,0.252
2023-03-28 00:00:00,-1.7479999,98.5381,0.007885873,0.473,0.48,0.38,-0.898,-0.898,0.252
2023-03-28 01:00:00,-1.898,98.173355,0.009745121,0.473,0.479,0.38,-0.898,-0.898,0.252
2023-03-28 02:00:00,-1.948,97.81071,0.011636734,0.473,0.479,0.381,-0.898,-0.898,0.252
2023-03-28 03:00:00,-1.2479999,98.183075,0.010167837,0.473,0.478,0.381,-0.898,-0.898,0.252
2023-03-28 04:00:00,0.352,93.33611,0.041902184,0.473,0.478,0.381,-0.898,-0.898,0.252
2023-03-28 05:00:00,2.902,83.62211,0.12360942,0.481,0.478,0.381,-0.848,-0.898,0.252
2023-03-28 06:00:00,5.602,73.84651,0.23849332,0.503,0.478,0.381,-0.748,-0.898,0.252
2023-03-28 07:00:00,7.402,70.57923,0.30365002,0.519,0.479,0.381,-0.648,-0.898,0.252
2023-03-28 08:00:00,8.602,65.98199,0.38092816,0.492,0.496,0.381,-0.54800004,-0.898,0.252
2023-03-28 09:00:00,9.202,62.69212,0.43502545,0.49,0.504,0.382,-0.398,-0.898,0.252
2023-03-28 10:00:00,9.302,61.173767,0.45578653,0.502,0.503,0.382,-0.198,-0.898,0.252
2023-03-28 11:00:00,8.802,62.152866,0.42957294,0.489,0.511,0.383,0.0020000003,-0.898,0.252
2023-03-28 12:00:00,7.452,67.39383,0.33767664,0.496,0.506,0.384,0.15200001,-0.848,0.252
2023-03-28 13:00:00,6.502,68.40822,0.3065517,0.495,0.504,0.385,0.252,-0.848,0.252
2023-03-28 14:00:00,4.602,75.00687,0.21259308,0.494,0.503,0.385,0.202,-0.848,0.252
2023-03-28 15:00:00,3.302,79.83312,0.1565724,0.493,0.501,0.386,0.15200001,-0.848,0.252
2023-03-28 16:00:00,2.252,82.036835,0.12945503,0.493,0.5,0.386,0.102,-0.848,0.252
2023-03-28 17:00:00,1.602,82.25041,0.122112334,0.492,0.499,0.387,0.052,-0.848,0.252
2023-03-28 18:00:00,1.102,82.486626,0.116240025,0.491,0.498,0.387,0.0020000003,-0.848,0.252
2023-03-28 19:00:00,0.902,81.85572,0.11870569,0.491,0.497,0.387,-0.048,-0.848,0.252
2023-03-28 20:00:00,0.252,83.29344,0.10428649,0.49,0.496,0.388,-0.098000005,-0.848,0.252
2023-03-28 21:00:00,-0.29799998,84.46755,0.09316248,0.49,0.496,0.388,-0.148,-0.848,0.252
2023-03-28 22:00:00,-0.898,85.66177,0.082316756,0.489,0.495,0.388,-0.198,-0.848,0.252
2023-03-28 23:00:00,-1.548,86.554436,0.073598534,0.489,0.494,0.388,-0.24800001,-0.848,0.252
2023-03-29 00:00:00,-2.098,87.47501,0.065835714,0.488,0.493,0.389,-0.29799998,-0.79800004,0.252
2023-03-29 01:00:00,-2.598,88.08591,0.06034872,0.488,0.493,0.389,-0.348,-0.79800004,0.252
2023-03-29 02:00:00,-2.098,88.46275,0.06064433,0.487,0.492,0.389,-0.398,-0.79800004,0.252
2023-03-29 03:00:00,0.652,83.343666,0.10702473,0.487,0.491,0.389,-0.348,-0.79800004,0.252
2023-03-29 04:00:00,4.752,75.0332,0.21460521,0.493,0.491,0.39,-0.148,-0.79800004,0.252
2023-03-29 05:00:00,6.452,69.38748,0.2960297,0.505,0.49,0.39,0.0020000003,-0.79800004,0.252
2023-03-29 06:00:00,9.352,58.20306,0.49231285,0.515,0.491,0.39,0.302,-0.79800004,0.252
2023-03-29 07:00:00,11.452,56.496216,0.5894103,0.496,0.503,0.39,0.752,-0.79800004,0.252
2023-03-29 08:00:00,13.852,48.44635,0.8173361,0.506,0.503,0.391,2.652,-0.79800004,0.252
2023-03-29 09:00:00,14.202,47.864037,0.84551907,0.514,0.504,0.391,3.902,-0.748,0.252
2023-03-29 10:00:00,13.052,52.129074,0.72045153,0.517,0.505,0.392,4.602,-0.748,0.252
2023-03-29 11:00:00,11.702,56.162766,0.6038139,0.489,0.511,0.392,4.802,-0.698,0.252
2023-03-29 12:00:00,10.302,60.76676,0.49246782,0.465,0.497,0.399,4.652,-0.698,0.252
2023-03-29 13:00:00,7.502,72.630875,0.28440976,0.469,0.497,0.4,3.802,-0.698,0.252
2023-03-29 14:00:00,4.802,84.450645,0.13412565,0.471,0.496,0.4,2.652,-0.648,0.252
2023-03-29 15:00:00,2.902,88.5832,0.086167574,0.472,0.495,0.4,1.7520001,-0.648,0.252
2023-03-29 16:00:00,1.602,88.46844,0.07933617,0.472,0.495,0.401,1.102,-0.648,0.252
2023-03-29 17:00:00,0.652,86.46274,0.086984694,0.471,0.494,0.401,0.70199996,-0.648,0.252
2023-03-29 18:00:00,-0.198,85.73845,0.08616489,0.471,0.493,0.401,0.602,-0.648,0.252
2023-03-29 19:00:00,-0.99799997,83.75778,0.09256649,0.471,0.492,0.401,0.502,-0.648,0.252
2023-03-29 20:00:00,-1.8479999,81.17214,0.10080373,0.47,0.491,0.402,0.402,-0.648,0.252
2023-03-29 21:00:00,-2.748,78.31635,0.10860789,0.47,0.49,0.402,0.302,-0.648,0.252
2023-03-29 22:00:00,-3.5479999,76.11203,0.11271703,0.47,0.49,0.402,0.252,-0.648,0.252
2023-03-29 23:00:00,-4.248,74.82038,0.11272928,0.47,0.489,0.402,0.15200001,-0.598,0.252
2023-03-30 00:00:00,-4.698,73.00984,0.11679968,0.47,0.488,0.403,0.052,-0.598,0.252
2023-03-30 01:00:00,-4.948,70.98752,0.12319538,0.47,0.488,0.403,-0.048,-0.598,0.252
2023-03-30 02:00:00,-4.898,67.45922,0.13869396,0.47,0.487,0.403,-0.098000005,-0.598,0.252
2023-03-30 03:00:00,-4.248,62.237427,0.16903102,0.469,0.486,0.403,-0.148,-0.598,0.252
2023-03-30 04:00:00,-3.248,57.52327,0.20491868,0.469,0.486,0.403,-0.098000005,-0.598,0.252
2023-03-30 05:00:00,-2.0479999,52.005726,0.25309828,0.469,0.485,0.403,-0.048,-0.598,0.252
2023-03-30 06:00:00,-0.598,46.760845,0.3122826,0.469,0.485,0.404,0.052,-0.598,0.252
2023-03-30 07:00:00,0.752,44.99168,0.3558739,0.469,0.484,0.404,0.15200001,-0.598,0.252
2023-03-30 08:00:00,1.552,41.485584,0.40096104,0.468,0.484,0.404,0.302,-0.598,0.252
2023-03-30 09:00:00,2.002,39.542477,0.4278221,0.468,0.483,0.404,0.45200002,-0.598,0.252
2023-03-30 10:00:00,2.152,38.660046,0.4387334,0.468,0.483,0.404,0.552,-0.598,0.252
2023-03-30 11:00:00,1.852,39.029533,0.42684585,0.467,0.482,0.404,0.652,-0.598,0.252
2023-03-30 12:00:00,1.202,41.2148,0.39281556,0.467,0.482,0.404,0.70199996,-0.54800004,0.252
2023-03-30 13:00:00,0.0020000003,47.311768,0.322858,0.467,0.481,0.404,0.552,-0.54800004,0.252
2023-03-30 14:00:00,-1.648,54.003277,0.24983805,0.467,0.481,0.405,0.402,-0.54800004,0.252
2023-03-30 15:00:00,-2.598,58.153847,0.21188858,0.467,0.48,0.405,0.252,-0.54800004,0.252
2023-03-30 16:00:00,-3.2979999,61.742554,0.183889,0.466,0.48,0.405,0.15200001,-0.54800004,0.252
2023-03-30 17:00:00,-3.898,65.59568,0.15811348,0.466,0.479,0.405,0.052,-0.54800004,0.252
2023-03-30 18:00:00,-4.398,68.10424,0.14117944,0.466,0.479,0.405,-0.048,-0.54800004,0.252
2023-03-30 19:00:00,-4.848,69.90243,0.12877202,0.466,0.479,0.405,-0.098000005,-0.54800004,0.252
2023-03-30 20:00:00,-5.348,71.18449,0.118701935,0.466,0.478,0.405,-0.198,-0.54800004,0.252
2023-03-30 21:00:00,-5.698,71.112434,0.115870416,0.466,0.478,0.405,-0.29799998,-0.54800004,0.252
2023-03-30 22:00:00,-6.048,70.20084,0.11637366,0.466,0.478,0.406,-0.398,-0.54800004,0.252
2023-03-30 23:00:00,-6.398,68.744774,0.11882907,0.466,0.477,0.406,-0.448,-0.54800004,0.252
2023-03-31 00:00:00,-6.648,67.06139,0.12284452,0.466,0.477,0.406,-0.54800004,-0.54800004,0.252
2023-03-31 01:00:00,-6.898,65.93633,0.12461732,0.466,0.477,0.406,-0.598,-0.54800004,0.252
2023-03-31 02:00:00,-6.448,62.180443,0.14321756,0.466,0.476,0.406,-0.698,-0.54800004,0.252
2023-03-31 03:00:00,-4.948,54.369576,0.1937017,0.466,0.476,0.406,-0.698,-0.54800004,0.252
2023-03-31 04:00:00,-3.148,45.61956,0.26424718,0.466,0.476,0.406,-0.648,-0.54800004,0.252
2023-03-31 05:00:00,-1.298,38.052322,0.34514052,0.466,0.475,0.406,-0.54800004,-0.54800004,0.252
2023-03-31 06:00:00,0.502,32.04538,0.4316367,0.466,0.475,0.406,-0.448,-0.54800004,0.252
2023-03-31 07:00:00,1.702,31.894238,0.4716339,0.465,0.475,0.406,-0.348,-0.54800004,0.252
2023-03-31 08:00:00,2.9520001,28.246454,0.54314387,0.465,0.474,0.406,-0.198,-0.54800004,0.252
2023-03-31 09:00:00,3.902,26.095247,0.5982164,0.467,0.474,0.406,-0.048,-0.54800004,0.252
2023-03-31 10:00:00,4.402,25.71478,0.6227718,0.467,0.474,0.407,0.052,-0.54800004,0.252
2023-03-31 11:00:00,4.402,26.03036,0.62013113,0.467,0.474,0.407,0.15200001,-0.54800004,0.252
2023-03-31 12:00:00,3.752,29.303574,0.5662815,0.467,0.473,0.407,0.252,-0.49800003,0.252
2023-03-31 13:00:00,2.152,34.302345,0.46986076,0.466,0.473,0.407,0.202,-0.49800003,0.252
2023-03-31 14:00:00,-0.198,41.112175,0.355596,0.466,0.473,0.407,0.15200001,-0.49800003,0.252
2023-03-31 15:00:00,-1.4979999,45.38797,0.29987907,0.466,0.473,0.407,0.052,-0.49800003,0.252
2023-03-31 16:00:00,-2.148,47.803757,0.2732076,0.466,0.472,0.407,0.0020000003,-0.49800003,0.252
2023-03-31 17:00:00,-2.648,49.604916,0.25419092,0.466,0.472,0.407,-0.098000005,-0.49800003,0.252
2023-03-31 18:00:00,-3.0479999,50.896034,0.24042112,0.466,0.472,0.407,-0.148,-0.49800003,0.252
2023-03-31 19:00:00,-3.248,54.847595,0.2178163,0.466,0.472,0.407,-0.198,-0.49800003,0.252
2023-03-31 20:00:00,-3.498,55.657772,0.20995134,0.465,0.471,0.407,-0.29799998,-0.49800003,0.252
2023-03-31 21:00:00,-3.7979999,56.46831,0.20153597,0.465,0.471,0.407,-0.348,-0.49800003,0.252
2023-03-31 22:00:00,-4.148,57.508858,0.19161743,0.465,0.471,0.407,-0.398,-0.49800003,0.252
2023-03-31 23:00:00,-4.398,58.133606,0.18528062,0.465,0.471,0.407,-0.49800003,-0.49800003,0.252
2023-04-01 00:00:00,-4.648,58.53268,0.18008554,0.465,0.47,0.408,-0.54800004,-0.49800003,0.252
2023-04-01 01:00:00,-4.848,58.949196,0.17560205,0.465,0.47,0.408,-0.598,-0.49800003,0.252
2023-04-01 02:00:00,-4.198,56.358498,0.19606161,0.465,0.47,0.408,-0.648,-0.49800003,0.252
2023-04-01 03:00:00,-2.398,48.89039,0.2626186,0.465,0.47,0.408,-0.598,-0.49800003,0.252
2023-04-01 04:00:00,-0.24800001,40.442436,0.35832855,0.465,0.47,0.408,-0.54800004,-0.49800003,0.252
2023-04-01 05:00:00,1.852,33.39286,0.46625262,0.464,0.469,0.408,-0.398,-0.49800003,0.252
2023-04-01 06:00:00,3.802,28.158222,0.5774699,0.465,0.469,0.408,-0.24800001,-0.49800003,0.252
2023-04-01 07:00:00,5.302,28.379332,0.63940096,0.468,0.469,0.408,-0.098000005,-0.49800003,0.252
2023-04-01 08:00:00,6.352,27.795507,0.693213,0.471,0.469,0.408,0.102,-0.49800003,0.252
2023-04-01 09:00:00,6.902,27.193253,0.72593725,0.473,0.469,0.408,0.252,-0.49800003,0.252
2023-04-01 10:00:00,7.052,27.345528,0.7319125,0.474,0.469,0.408,0.45200002,-0.49800003,0.252
2023-04-01 11:00:00,6.752,28.925303,0.7014273,0.475,0.468,0.408,0.602,-0.49800003,0.252
2023-04-01 12:00:00,5.902,31.90161,0.6338322,0.475,0.468,0.408,0.752,-0.448,0.252
2023-04-01 13:00:00,4.202,37.19872,0.5192864,0.474,0.468,0.408,0.70199996,-0.448,0.252
2023-04-01 14:00:00,1.702,43.368362,0.3922663,0.473,0.468,0.408,0.502,-0.448,0.252
2023-04-01 15:00:00,0.302,47.029663,0.33172724,0.473,0.468,0.408,0.402,-0.448,0.252
2023-04-01 16:00:00,-0.49800003,48.677094,0.3032579,0.472,0.468,0.408,0.302,-0.448,0.252
2023-04-01 17:00:00,-1.0979999,49.66568,0.2846533,0.472,0.468,0.408,0.252,-0.448,0.252
2023-04-01 18:00:00,-1.698,50.88355,0.26578805,0.472,0.468,0.408,0.15200001,-0.448,0.252
2023-04-01 19:00:00,-2.2979999,52.974583,0.24344864,0.471,0.468,0.409,0.102,-0.448,0.252
2023-04-01 20:00:00,-2.7979999,53.89308,0.2300019,0.471,0.468,0.409,0.0020000003,-0.448,0.252
2023-04-01 21:00:00,-3.198,54.21036,0.22171366,0.471,0.468,0.409,-0.048,-0.448,0.252
2023-04-01 22:00:00,-3.598,54.531544,0.21367377,0.47,0.467,0.409,-0.148,-0.448,0.252
2023-04-01 23:00:00,-3.898,54.44718,0.2093082,0.47,0.467,0.409,-0.198,-0.448,0.252
2023-04-02 00:00:00,-4.148,53.72571,0.20866235,0.47,0.467,0.409,-0.29799998,-0.448,0.252
2023-04-02 01:00:00,-4.348,52.81102,0.20960204,0.469,0.467,0.409,-0.348,-0.448,0.252
2023-04-02 02:00:00,-3.598,48.926956,0.23998411,0.469,0.467,0.409,-0.398,-0.448,0.252
2023-04-02 03:00:00,-1.648,40.17078,0.3248811,0.469,0.467,0.409,-0.348,-0.448,0.252
2023-04-02 04:00:00,0.70199996,31.586214,0.44087738,0.469,0.467,0.409,-0.24800001,-0.448,0.252
2023-04-02 05:00:00,3.152,25.557123,0.5715003,0.468,0.467,0.409,-0.148,-0.448,0.252
2023-04-02 06:00:00,5.452,22.389534,0.7000348,0.469,0.466,0.409,0.052,-0.448,0.252
2023-04-02 07:00:00,7.152,23.617085,0.77470404,0.472,0.466,0.409,0.252,-0.448,0.252
2023-04-02 08:00:00,8.452,22.592402,0.85779196,0.474,0.466,0.409,0.502,-0.398,0.252
2023-04-02 09:00:00,9.352,22.127634,0.9170072,0.476,0.466,0.409,0.852,-0.398,0.252
2023-04-02 10:00:00,9.852,22.443136,0.9444807,0.478,0.466,0.409,1.4020001,-0.398,0.252
2023-04-02 11:00:00,9.852,23.908173,0.9266629,0.478,0.466,0.409,3.002,-0.398,0.252
2023-04-02 12:00:00,9.052,27.716215,0.83424675,0.478,0.466,0.409,3.502,-0.398,0.252
2023-04-02 13:00:00,7.152,33.297234,0.67663836,0.477,0.466,0.409,3.052,-0.348,0.252
2023-04-02 14:00:00,4.452,39.517464,0.50897014,0.476,0.466,0.409,1.9020001,-0.348,0.252
2023-04-02 15:00:00,2.7020001,43.840923,0.41775233,0.476,0.466,0.409,0.95199996,-0.348,0.252
2023-04-02 16:00:00,1.5020001,45.930084,0.36920667,0.475,0.466,0.409,0.502,-0.348,0.252
2023-04-02 17:00:00,0.602,46.93438,0.33961716,0.474,0.466,0.409,0.45200002,-0.348,0.252
2023-04-02 18:00:00,-0.098000005,47.65625,0.31842646,0.474,0.466,0.409,0.352,-0.348,0.252
2023-04-02 19:00:00,-0.698,49.19733,0.29583526,0.473,0.466,0.409,0.252,-0.348,0.252
2023-04-02 20:00:00,-1.2479999,49.621708,0.2817837,0.473,0.466,0.41,0.202,-0.348,0.252
2023-04-02 21:00:00,-1.798,49.854977,0.2693559,0.472,0.466,0.41,0.102,-0.348,0.252
2023-04-02 22:00:00,-2.248,49.72277,0.2612327,0.472,0.466,0.41,0.052,-0.348,0.252
2023-04-02 23:00:00,-2.5479999,49.23873,0.2579444,0.471,0.466,0.41,-0.048,-0.348,0.252
2023-04-03 00:00:00,-2.748,48.39619,0.25835395,0.471,0.466,0.41,-0.098000005,-0.348,0.252
2023-04-03 01:00:00,-2.898,47.196873,0.26141763,0.471,0.466,0.41,-0.148,-0.348,0.252
2023-04-03 02:00:00,-1.7479999,43.525425,0.30443662,0.47,0.466,0.41,-0.198,-0.348,0.252
2023-04-03 03:00:00,1.302,35.015053,0.4373213,0.47,0.466,0.41,-0.098000005,-0.348,0.252
2023-04-03 04:00:00,4.202,28.50698,0.59105736,0.47,0.466,0.41,0.052,-0.348,0.252
2023-04-03 05:00:00,6.902,26.028795,0.737531,0.472,0.465,0.41,0.252,-0.29799998,0.252
2023-04-03 06:00:00,9.152,24.089216,0.8819823,0.474,0.465,0.41,0.502,-0.29799998,0.252
2023-04-03 07:00:00,11.352,24.712036,1.0132167,0.476,0.465,0.41,0.852,-0.29799998,0.252
2023-04-03 08:00:00,12.852,23.911018,1.1302185,0.478,0.465,0.41,1.802,-0.29799998,0.252
2023-04-03 09:00:00,13.902,23.294708,1.2200203,0.479,0.465,0.41,4.502,-0.29799998,0.252
2023-04-03 10:00:00,14.402,23.254147,1.2608227,0.479,0.465,0.41,6.102,-0.24800001,0.252
2023-04-03 11:00:00,14.302,24.038841,1.2398983,0.48,0.465,0.41,6.752,-0.24800001,0.252
2023-04-03 12:00:00,13.502,27.00837,1.1312029,0.479,0.465,0.41,6.652,-0.198,0.252
2023-04-03 13:00:00,11.402,32.31367,0.91399664,0.479,0.465,0.41,5.802,-0.198,0.252
2023-04-03 14:00:00,8.452,38.925858,0.6769389,0.478,0.465,0.41,4.402,-0.148,0.252
2023-04-03 15:00:00,6.652,43.515724,0.5537184,0.477,0.465,0.41,3.252,-0.148,0.252
2023-04-03 16:00:00,5.502,45.706318,0.49161497,0.476,0.466,0.41,2.402,-0.148,0.252
2023-04-03 17:00:00,4.552,47.370514,0.44603676,0.475,0.466,0.41,1.802,-0.148,0.252
2023-04-03 18:00:00,3.552,49.476906,0.39915672,0.474,0.466,0.41,1.202,-0.148,0.252
2023-04-03 19:00:00,2.302,52.228325,0.34542927,0.474,0.466,0.41,0.802,-0.148,0.252
2023-04-03 20:00:00,1.352,54.20748,0.30937257,0.473,0.466,0.41,0.602,-0.148,0.252
2023-04-03 21:00:00,0.502,55.665398,0.28173065,0.472,0.466,0.41,0.502,-0.098000005,0.252
2023-04-03 22:00:00,-0.24800001,56.54596,0.2615138,0.472,0.466,0.41,0.45200002,-0.098000005,0.252
2023-04-03 23:00:00,-0.848,56.824062,0.24871078,0.471,0.466,0.41,0.352,-0.098000005,0.252
2023-04-04 00:00:00,-1.4979999,57.765663,0.23196253,0.471,0.465,0.41,0.252,-0.098000005,0.252
2023-04-04 01:00:00,-2.098,60.373905,0.2082263,0.471,0.465,0.41,0.15200001,-0.098000005,0.252
2023-04-04 02:00:00,-1.298,61.523933,0.2144613,0.47,0.465,0.41,0.15200001,-0.098000005,0.252
2023-04-04 03:00:00,2.252,46.513206,0.38535085,0.47,0.465,0.411,0.252,-0.098000005,0.252
2023-04-04 04:00:00,5.152,37.63473,0.55108005,0.47,0.465,0.411,0.402,-0.098000005,0.252
2023-04-04 05:00:00,7.802,32.726826,0.7133966,0.47,0.465,0.411,0.70199996,-0.098000005,0.252
2023-04-04 06:00:00,10.202,29.379255,0.8804765,0.471,0.465,0.411,1.2520001,-0.098000005,0.252
2023-04-04 07:00:00,12.702,28.241892,1.0555131,0.471,0.464,0.411,4.402,-0.098000005,0.252
2023-04-04 08:00:00,14.552,25.422905,1.2371337,0.472,0.464,0.411,6.752,-0.048,0.252
2023-04-04 09:00:00,15.802,23.284275,1.3789519,0.472,0.464,0.41,8.302,0.0020000003,0.252
2023-04-04 10:00:00,16.452,22.170277,1.4581411,0.471,0.463,0.41,9.102,0.0020000003,0.252
2023-04-04 11:00:00,16.502,22.436981,1.4577712,0.471,0.463,0.41,9.202,0.052,0.252
2023-04-04 12:00:00,15.652,26.513962,1.3083065,0.47,0.463,0.41,8.702,0.102,0.252
2023-04-04 13:00:00,13.302,33.366318,1.0193341,0.469,0.463,0.41,7.452,0.102,0.252
2023-04-04 14:00:00,9.852,40.23358,0.72796243,0.469,0.463,0.411,5.702,0.15200001,0.252
2023-04-04 15:00:00,7.802,44.85037,0.584896,0.468,0.463,0.411,4.302,0.15200001,0.252
2023-04-04 16:00:00,6.502,47.93662,0.50515854,0.468,0.463,0.411,3.302,0.202,0.252
2023-04-04 17:00:00,5.352,50.74853,0.44135725,0.467,0.463,0.411,2.502,0.202,0.252
2023-04-04 18:00:00,4.252,53.57409,0.3853044,0.467,0.463,0.411,1.802,0.202,0.252
2023-04-04 19:00:00,3.502,53.97579,0.36234942,0.467,0.463,0.411,1.2520001,0.202,0.252
2023-04-04 20:00:00,2.402,57.037315,0.31289217,0.466,0.463,0.411,0.852,0.202,0.252
2023-04-04 21:00:00,1.2520001,60.758343,0.26323655,0.466,0.463,0.411,0.602,0.202,0.252
2023-04-04 22:00:00,0.302,63.838764,0.22651073,0.466,0.463,0.411,0.502,0.202,0.252
2023-04-04 23:00:00,-0.448,66.13802,0.2008633,0.465,0.462,0.411,0.402,0.202,0.252
2023-04-05 00:00:00,-1.048,67.79208,0.1828593,0.465,0.462,0.411,0.302,0.202,0.252
2023-04-05 01:00:00,-1.4979999,70.06501,0.16443717,0.465,0.462,0.411,0.252,0.202,0.252
2023-04-05 02:00:00,-0.398,68.97409,0.18471748,0.464,0.462,0.411,0.252,0.202,0.252
2023-04-05 03:00:00,3.352,54.138924,0.35726312,0.464,0.462,0.411,0.352,0.202,0.252
2023-04-05 04:00:00,6.452,45.29843,0.5289223,0.464,0.462,0.411,0.602,0.202,0.252
2023-04-05 05:00:00,9.152,40.627834,0.68994755,0.464,0.462,0.411,1.002,0.202,0.252
2023-04-05 06:00:00,11.702,35.975574,0.88187283,0.464,0.461,0.411,2.802,0.252,0.252
2023-04-05 07:00:00,14.402,30.723713,1.1381454,0.463,0.461,0.411,5.802,0.252,0.252
2023-04-05 08:00:00,16.001999,26.514076,1.3378835,0.463,0.46,0.411,8.002,0.302,0.252
2023-04-05 09:00:00,17.052,24.162603,1.4759284,0.462,0.46,0.411,9.352,0.352,0.252
2023-04-05 10:00:00,17.552,23.236666,1.5418673,0.461,0.459,0.411,10.002,0.402,0.252
2023-04-05 11:00:00,17.402,24.078817,1.5105968,0.46,0.459,0.411,10.052,0.45200002,0.252
2023-04-05 12:00:00,16.702,28.441212,1.36212,0.459,0.458,0.411,9.552,0.502,0.252
2023-04-05 13:00:00,14.652,36.185818,1.0654578,0.459,0.458,0.411,8.352,0.552,0.252
2023-04-05 14:00:00,11.352,44.407063,0.7482439,0.459,0.458,0.411,6.602,0.602,0.252
2023-04-05 15:00:00,8.352,53.700695,0.50974613,0.458,0.458,0.411,5.002,0.652,0.252
2023-04-05 16:00:00,6.452,59.166817,0.39485592,0.458,0.458,0.411,3.802,0.652,0.252
2023-04-05 17:00:00,5.152,61.950115,0.3362909,0.458,0.458,0.411,2.852,0.652,0.252
2023-04-05 18:00:00,4.152,63.32485,0.30227256,0.458,0.458,0.411,2.102,0.70199996,0.252
2023-04-05 19:00:00,3.752,60.92547,0.31311825,0.458,0.458,0.411,1.552,0.70199996,0.252
2023-04-05 20:00:00,3.052,61.897415,0.29061234,0.457,0.458,0.411,1.102,0.70199996,0.252
2023-04-05 21:00:00,2.402,63.379616,0.26671663,0.457,0.458,0.411,0.902,0.70199996,0.252
2023-04-05 22:00:00,1.6520001,65.62117,0.23734036,0.457,0.457,0.411,0.70199996,0.70199996,0.252
2023-04-05 23:00:00,0.95199996,67.97256,0.21026942,0.457,0.457,0.411,0.552,0.70199996,0.252
2023-04-06 00:00:00,0.302,70.43703,0.18519154,0.457,0.457,0.411,0.502,0.70199996,0.252
2023-04-06 01:00:00,-0.198,73.03677,0.1628901,0.457,0.457,0.411,0.402,0.70199996,0.252
2023-04-06 02:00:00,0.902,72.16038,0.18212408,0.456,0.457,0.411,0.45200002,0.70199996,0.252
2023-04-06 03:00:00,4.502,59.547546,0.34167182,0.456,0.457,0.411,0.602,0.70199996,0.252
2023-04-06 04:00:00,7.552,50.8011,0.5129845,0.456,0.457,0.411,1.052,0.70199996,0.252
2023-04-06 05:00:00,10.202,45.71674,0.6768486,0.456,0.456,0.411,2.7020001,0.70199996,0.252
2023-04-06 06:00:00,12.702,41.075615,0.8667687,0.455,0.456,0.411,5.652,0.752,0.252
2023-04-06 07:00:00,15.102,36.186893,1.0967393,0.454,0.455,0.411,8.052,0.852,0.252
2023-04-06 08:00:00,16.552,32.509003,1.2725064,0.453,0.455,0.411,9.802,1.102,0.252
2023-04-06 09:00:00,17.402,28.641161,1.4198134,0.452,0.454,0.411,10.852,1.4020001,0.252
2023-04-06 10:00:00,17.602,26.086742,1.4893038,0.45,0.453,0.411,11.302,1.7520001,0.252
2023-04-06 11:00:00,17.302,25.811016,1.4668437,0.449,0.453,0.411,11.202,2.052,0.252
2023-04-06 12:00:00,16.502,29.663456,1.321961,0.448,0.453,0.411,10.652,2.502,0.252
2023-04-06 13:00:00,14.502,36.93789,1.042763,0.448,0.452,0.411,9.552,2.852,0.252
2023-04-06 14:00:00,11.452,44.274895,0.7550001,0.448,0.452,0.411,7.902,3.052,0.252
2023-04-06 15:00:00,8.652,52.81293,0.5301778,0.448,0.452,0.411,6.352,3.2020001,0.252
2023-04-06 16:00:00,6.502,60.049774,0.3876505,0.448,0.452,0.411,5.052,3.252,0.252
2023-04-06 17:00:00,4.952,64.92548,0.30571133,0.447,0.452,0.411,4.052,3.252,0.252
2023-04-06 18:00:00,3.652,69.05785,0.24622256,0.447,0.452,0.411,3.252,3.2020001,0.252
2023-04-06 19:00:00,4.302,66.9526,0.27525705,0.447,0.452,0.411,2.7020001,3.102,0.252
2023-04-06 20:00:00,2.2020001,74.3061,0.18450242,0.447,0.452,0.411,1.6520001,3.002,0.252
2023-04-06 21:00:00,0.252,81.46539,0.11569625,0.447,0.451,0.411,1.102,2.852,0.252
2023-04-06 22:00:00,-0.148,81.71303,0.110884964,0.447,0.451,0.411,0.752,2.7020001,0.252
2023-04-06 23:00:00,0.202,81.458496,0.1153208,0.447,0.451,0.411,0.652,2.552,0.252
2023-04-07 00:00:00,0.752,83.35618,0.107718825,0.447,0.451,0.411,0.652,2.402,0.252
2023-04-07 01:00:00,0.552,91.32883,0.0553177,0.447,0.451,0.411,0.70199996,2.252,0.252
2023-04-07 02:00:00,0.752,93.018745,0.04518479,0.447,0.451,0.411,0.802,2.152,0.252
2023-04-07 03:00:00,1.202,86.83588,0.08800548,0.447,0.451,0.411,1.102,2.052,0.252
2023-04-07 04:00:00,1.452,81.33123,0.12706214,0.447,0.451,0.411,1.302,2.002,0.252
2023-04-07 05:00:00,1.452,77.82044,0.15095407,0.446,0.451,0.411,1.452,1.952,0.302
2023-04-07 06:00:00,1.352,74.42668,0.17280394,0.446,0.45,0.411,1.6520001,1.9020001,0.302
2023-04-07 07:00:00,1.302,73.32069,0.17963004,0.446,0.45,0.411,1.702,1.852,0.302
2023-04-07 08:00:00,0.95199996,70.5698,0.1932219,0.446,0.45,0.411,1.7520001,1.802,0.302
2023-04-07 09:00:00,0.95199996,65.460594,0.2267561,0.445,0.45,0.411,2.102,1.802,0.302
2023-04-07 10:00:00,0.302,62.87401,0.23255154,0.445,0.45,0.411,2.252,1.802,0.302
2023-04-07 11:00:00,-0.698,62.630005,0.21765625,0.445,0.45,0.411,1.852,1.802,0.302
2023-04-07 12:00:00,-1.148,61.08742,0.21929356,0.444,0.45,0.411,1.552,1.7520001,0.302
2023-04-07 13:00:00,-1.548,58.889343,0.22496569,0.444,0.449,0.411,1.052,1.702,0.302
2023-04-07 14:00:00,-1.7479999,55.481762,0.2400381,0.444,0.449,0.412,0.70199996,1.602,0.302
2023-04-07 15:00:00,-1.948,52.4481,0.25262684,0.444,0.449,0.412,0.652,1.552,0.302
2023-04-07 16:00:00,-2.2979999,48.724785,0.26542822,0.444,0.449,0.412,0.552,1.452,0.302
2023-04-07 17:00:00,-2.898,46.253613,0.266082,0.444,0.449,0.412,0.45200002,1.4020001,0.302
2023-04-07 18:00:00,-3.5479999,44.944843,0.2596419,0.444,0.449,0.412,0.402,1.352,0.302
2023-04-07 19:00:00,-4.698,45.14448,0.2372585,0.444,0.449,0.412,0.302,1.2520001,0.302
2023-04-07 20:00:00,-5.448,44.727474,0.22583851,0.443,0.449,0.412,0.202,1.202,0.302
2023-04-07 21:00:00,-6.148,44.696014,0.21420972,0.443,0.449,0.412,0.102,1.1520001,0.302
2023-04-07 22:00:00,-6.648,44.16926,0.20810743,0.443,0.449,0.412,0.0020000003,1.102,0.302
2023-04-07 23:00:00,-7.048,43.859528,0.20291047,0.443,0.449,0.412,-0.098000005,1.002,0.302
2023-04-08 00:00:00,-7.398,43.56566,0.19852753,0.443,0.448,0.412,-0.198,0.95199996,0.302
2023-04-08 01:00:00,-7.598,43.136536,0.19695893,0.443,0.448,0.412,-0.24800001,0.902,0.302
2023-04-08 02:00:00,-7.098,40.29247,0.21494685,0.443,0.448,0.412,-0.29799998,0.902,0.302
2023-04-08 03:00:00,-5.898,35.98346,0.25267267,0.443,0.448,0.412,-0.29799998,0.852,0.302
2023-04-08 04:00:00,-4.448,31.969273,0.29973048,0.443,0.448,0.412,-0.24800001,0.852,0.302
2023-04-08 05:00:00,-2.748,27.680305,0.36185426,0.443,0.448,0.412,-0.148,0.802,0.302
2023-04-08 06:00:00,-1.0979999,24.932814,0.42424744,0.442,0.448,0.412,0.0020000003,0.802,0.302
2023-04-08 07:00:00,-0.148,30.305347,0.42227274,0.442,0.448,0.412,0.202,0.802,0.302
2023-04-08 08:00:00,0.902,27.743206,0.47236192,0.441,0.447,0.412,0.352,0.802,0.302
2023-04-08 09:00:00,1.702,25.871761,0.5132534,0.441,0.447,0.412,0.602,0.802,0.302
2023-04-08 10:00:00,2.2020001,24.758419,0.53990525,0.44,0.447,0.412,0.852,0.802,0.302
2023-04-08 11:00:00,2.302,24.077017,0.54868245,0.439,0.446,0.412,1.202,0.802,0.302
2023-04-08 12:00:00,1.952,24.277187,0.5337331,0.439,0.446,0.412,1.552,0.802,0.302
2023-04-08 13:00:00,0.95199996,27.643555,0.47472054,0.439,0.446,0.412,1.202,0.802,0.302
2023-04-08 14:00:00,-1.148,33.278168,0.37580776,0.439,0.446,0.412,0.302,0.802,0.302
2023-04-08 15:00:00,-2.848,39.959747,0.29830366,0.439,0.446,0.412,0.202,0.802,0.302
2023-04-08 16:00:00,-3.748,46.182648,0.25003657,0.438,0.446,0.412,0.102,0.752,0.302
2023-04-08 17:00:00,-4.448,50.69045,0.21736565,0.438,0.446,0.412,0.0020000003,0.752,0.302
2023-04-08 18:00:00,-5.098,55.212208,0.18797834,0.438,0.445,0.412,-0.098000005,0.752,0.302
2023-04-08 19:00:00,-5.648,59.21101,0.16419718,0.439,0.445,0.412,-0.148,0.752,0.302
2023-04-08 20:00:00,-5.648,58.97315,0.16515392,0.439,0.445,0.412,-0.24800001,0.752,0.302
2023-04-08 21:00:00,-5.648,58.736134,0.16610724,0.439,0.445,0.412,-0.29799998,0.70199996,0.302
2023-04-08 22:00:00,-5.698,58.48656,0.16647534,0.439,0.445,0.412,-0.398,0.70199996,0.302
2023-04-08 23:00:00,-5.948,59.370377,0.15985452,0.439,0.445,0.412,-0.448,0.70199996,0.302
2023-04-09 00:00:00,-6.198,60.269863,0.15335767,0.439,0.445,0.412,-0.49800003,0.70199996,0.302
2023-04-09 01:00:00,-6.248,60.013992,0.15375458,0.439,0.445,0.412,-0.598,0.652,0.302
2023-04-09 02:00:00,-3.848,50.457912,0.22847538,0.439,0.445,0.412,-0.598,0.652,0.302
2023-04-09 03:00:00,-0.99799997,38.30135,0.35140523,0.439,0.445,0.412,-0.49800003,0.652,0.302
2023-04-09 04:00:00,1.552,26.920479,0.50059605,0.439,0.445,0.412,-0.348,0.652,0.302
2023-04-09 05:00:00,3.502,21.211884,0.6199266,0.439,0.445,0.412,-0.198,0.602,0.302
2023-04-09 06:00:00,5.052,19.431406,0.7067047,0.439,0.445,0.412,0.052,0.602,0.302
2023-04-09 07:00:00,6.052,26.62161,0.69002867,0.439,0.444,0.412,0.252,0.602,0.302
2023-04-09 08:00:00,6.902,25.514359,0.7426524,0.438,0.444,0.412,0.552,0.602,0.302
2023-04-09 09:00:00,7.502,24.982124,0.7793162,0.437,0.444,0.412,0.852,0.602,0.302
2023-04-09 10:00:00,7.802,24.869732,0.7966186,0.437,0.443,0.412,1.6520001,0.602,0.302
2023-04-09 11:00:00,7.702,25.13955,0.78837013,0.436,0.443,0.412,3.252,0.652,0.302
2023-04-09 12:00:00,7.302,25.630333,0.76210225,0.435,0.442,0.412,3.802,0.652,0.302
2023-04-09 13:00:00,6.452,28.835972,0.6879617,0.435,0.442,0.412,3.4520001,0.70199996,0.302
2023-04-09 14:00:00,4.002,43.891838,0.45751712,0.435,0.442,0.412,2.252,0.70199996,0.302
2023-04-09 15:00:00,2.902,36.36498,0.48007128,0.435,0.442,0.412,0.502,0.70199996,0.302
2023-04-09 16:00:00,1.9020001,39.35558,0.42608678,0.435,0.442,0.412,0.15200001,0.70199996,0.302
2023-04-09 17:00:00,1.002,42.31113,0.3799873,0.435,0.442,0.412,0.052,0.70199996,0.302
2023-04-09 18:00:00,0.202,44.648514,0.34412104,0.435,0.442,0.412,-0.048,0.652,0.302
2023-04-09 19:00:00,-2.5479999,58.167152,0.21260887,0.435,0.442,0.412,-0.098000005,0.652,0.302
2023-04-09 20:00:00,-2.248,57.339497,0.22168732,0.435,0.442,0.412,-0.198,0.652,0.302
2023-04-09 21:00:00,-2.348,57.764866,0.21785903,0.435,0.442,0.412,-0.24800001,0.652,0.302
2023-04-09 22:00:00,-2.698,59.049046,0.20582432,0.435,0.442,0.412,-0.29799998,0.652,0.302
2023-04-09 23:00:00,-3.0479999,60.129288,0.19524625,0.435,0.442,0.412,-0.348,0.652,0.302
2023-04-10 00:00:00,-3.2979999,60.539803,0.18966645,0.435,0.442,0.412,-0.448,0.602,0.302
2023-04-10 01:00:00,-3.9980001,62.793724,0.1697036,0.435,0.441,0.412,-0.49800003,0.602,0.302
2023-04-10 02:00:00,-1.548,53.819237,0.25269046,0.435,0.441,0.412,-0.448,0.602,0.302
2023-04-10 03:00:00,2.602,39.260098,0.44859603,0.435,0.441,0.412,-0.348,0.602,0.302
2023-04-10 04:00:00,5.552,29.727417,0.6383729,0.435,0.441,0.412,-0.148,0.602,0.302
2023-04-10 05:00:00,7.202,26.746168,0.74556404,0.435,0.441,0.412,0.102,0.602,0.302
2023-04-10 06:00:00,8.302,27.28145,0.7977437,0.435,0.441,0.412,0.352,0.602,0.302
2023-04-10 07:00:00,9.302,28.777645,0.8359693,0.434,0.441,0.412,0.602,0.602,0.302
2023-04-10 08:00:00,10.002,28.211393,0.8831362,0.433,0.44,0.412,1.052,0.602,0.302
2023-04-10 09:00:00,10.502,27.81681,0.9181383,0.432,0.44,0.412,3.002,0.602,0.302
2023-04-10 10:00:00,10.752,27.782526,0.9339922,0.431,0.439,0.412,4.802,0.652,0.302
2023-04-10 11:00:00,10.652,28.401535,0.91985124,0.43,0.439,0.412,5.752,0.652,0.302
2023-04-10 12:00:00,10.202,29.605711,0.87765515,0.43,0.439,0.412,5.852,0.70199996,0.302
2023-04-10 13:00:00,8.952,34.88675,0.746498,0.429,0.438,0.412,5.302,0.752,0.302
2023-04-10 14:00:00,6.602,41.4103,0.572376,0.429,0.438,0.412,4.102,0.802,0.302
2023-04-10 15:00:00,4.502,47.899048,0.44001815,0.429,0.438,0.412,2.852,0.802,0.302
2023-04-10 16:00:00,3.2020001,52.68075,0.36473048,0.429,0.438,0.412,1.952,0.802,0.302
2023-04-10 17:00:00,2.4520001,56.192356,0.32018065,0.429,0.438,0.412,1.302,0.802,0.302
2023-04-10 18:00:00,1.852,60.222164,0.2785587,0.429,0.438,0.412,0.852,0.802,0.302
2023-04-10 19:00:00,1.6520001,62.254112,0.26057786,0.429,0.438,0.412,0.752,0.802,0.302
2023-04-10 20:00:00,1.052,66.979935,0.21835095,0.429,0.438,0.412,0.652,0.802,0.302
2023-04-10 21:00:00,0.252,72.848755,0.16947216,0.429,0.438,0.412,0.552,0.802,0.302
2023-04-10 22:00:00,-0.79800004,79.51491,0.118463814,0.429,0.438,0.412,0.502,0.802,0.302
2023-04-10 23:00:00,-1.698,83.67116,0.08839777,0.429,0.438,0.412,0.402,0.802,0.302
2023-04-11 00:00:00,-2.248,85.51217,0.07531196,0.429,0.438,0.412,0.302,0.802,0.302
2023-04-11 01:00:00,-2.448,85.81227,0.07266787,0.429,0.438,0.412,0.252,0.802,0.302
2023-04-11 02:00:00,-1.698,79.37794,0.11163527,0.429,0.437,0.412,0.252,0.752,0.302
2023-04-11 03:00:00,-0.24800001,69.00608,0.18655345,0.429,0.437,0.412,0.302,0.752,0.302
2023-04-11 04:00:00,1.2520001,59.38854,0.27242154,0.429,0.437,0.412,0.45200002,0.752,0.302
2023-04-11 05:00:00,2.7020001,52.141502,0.35604385,0.428,0.437,0.412,0.70199996,0.752,0.302
2023-04-11 06:00:00,3.852,46.806053,0.4292188,0.428,0.437,0.412,1.102,0.752,0.302
2023-04-11 07:00:00,4.902,42.993404,0.4950645,0.427,0.436,0.412,2.7020001,0.802,0.302
2023-04-11 08:00:00,5.402,39.34854,0.5453461,0.426,0.436,0.412,4.452,0.802,0.302
2023-04-11 09:00:00,5.652,36.351208,0.582288,0.425,0.435,0.411,5.552,0.902,0.302
2023-04-11 10:00:00,5.452,34.361893,0.59219503,0.424,0.435,0.411,5.952,0.95199996,0.302
2023-04-11 11:00:00,5.002,33.16448,0.58440185,0.423,0.435,0.411,5.752,1.102,0.302
2023-04-11 12:00:00,4.502,32.493183,0.5700071,0.423,0.435,0.411,5.202,1.2520001,0.352
2023-04-11 13:00:00,3.9520001,32.84413,0.54558676,0.422,0.434,0.411,4.302,1.352,0.302
2023-04-11 14:00:00,2.402,38.280094,0.44938546,0.422,0.434,0.411,3.052,1.4020001,0.352
2023-04-11 15:00:00,0.95199996,43.311256,0.37206352,0.422,0.434,0.411,1.7520001,1.4020001,0.352
2023-04-11 16:00:00,-0.24800001,48.55924,0.30954176,0.422,0.434,0.411,0.752,1.352,0.352
2023-04-11 17:00:00,-1.3479999,54.942493,0.25020108,0.422,0.434,0.411,0.402,1.302,0.352
2023-04-11 18:00:00,-2.498,62.428505,0.19167349,0.422,0.434,0.411,0.302,1.2520001,0.352
2023-04-11 19:00:00,-2.698,64.10573,0.18042272,0.423,0.434,0.411,0.202,1.1520001,0.352
2023-04-11 20:00:00,-2.848,64.32,0.17735726,0.423,0.434,0.411,0.102,1.102,0.352
2023-04-11 21:00:00,-3.498,66.46371,0.15881589,0.423,0.434,0.411,0.052,1.052,0.352
2023-04-11 22:00:00,-4.098,69.245224,0.13924101,0.423,0.434,0.411,-0.048,1.002,0.352
2023-04-11 23:00:00,-4.298,68.93179,0.13855824,0.423,0.434,0.411,-0.098000005,0.95199996,0.352
2023-04-12 00:00:00,-4.148,67.36318,0.14720318,0.423,0.434,0.411,-0.148,0.902,0.352
2023-04-12 01:00:00,-3.948,65.84185,0.15639451,0.423,0.434,0.411,-0.198,0.902,0.352
2023-04-12 02:00:00,-1.2479999,56.275055,0.244596,0.423,0.433,0.411,-0.198,0.852,0.352
2023-04-12 03:00:00,2.352,43.735394,0.4082462,0.423,0.433,0.411,-0.048,0.852,0.352
2023-04-12 04:00:00,4.852,37.983856,0.5366595,0.423,0.433,0.411,0.102,0.852,0.352
2023-04-12 05:00:00,6.302,32.527775,0.6456035,0.422,0.433,0.411,0.302,0.852,0.352
2023-04-12 06:00:00,7.402,30.999397,0.71199906,0.422,0.433,0.411,0.602,0.802,0.352
2023-04-12 07:00:00,8.302,32.126007,0.7446475,0.421,0.432,0.411,1.002,0.802,0.352
2023-04-12 08:00:00,9.152,31.041891,0.80128026,0.42,0.432,0.411,2.252,0.852,0.352
2023-04-12 09:00:00,9.802,30.40865,0.8447361,0.419,0.431,0.411,4.502,0.902,0.352
2023-04-12 10:00:00,10.252,29.963076,0.8761238,0.418,0.431,0.411,5.902,1.002,0.352
2023-04-12 11:00:00,10.352,29.992601,0.88162017,0.417,0.431,0.411,6.552,1.102,0.352
2023-04-12 12:00:00,10.102,30.731815,0.857872,0.416,0.43,0.411,6.552,1.352,0.352
2023-04-12 13:00:00,9.052,35.316936,0.74658775,0.416,0.43,0.411,6.052,1.552,0.352
2023-04-12 14:00:00,6.752,41.929543,0.5731851,0.416,0.43,0.411,4.852,1.702,0.352
2023-04-12 15:00:00,4.952,47.84831,0.45450717,0.416,0.43,0.411,3.7020001,1.802,0.352
2023-04-12 16:00:00,4.052,51.928173,0.39339975,0.416,0.43,0.411,2.9520001,1.852,0.352
2023-04-12 17:00:00,3.652,54.631565,0.36098552,0.416,0.43,0.411,2.4520001,1.852,0.352
2023-04-12 18:00:00,3.502,56.472862,0.34269732,0.416,0.43,0.411,2.152,1.852,0.352
2023-04-12 19:00:00,3.852,58.284813,0.33663264,0.416,0.43,0.411,2.052,1.852,0.352
2023-04-12 20:00:00,3.4520001,62.226208,0.29636577,0.416,0.429,0.411,1.852,1.802,0.352
2023-04-12 21:00:00,2.302,69.543015,0.2202627,0.416,0.429,0.411,1.452,1.7520001,0.352
2023-04-12 22:00:00,1.102,75.77455,0.160783,0.416,0.429,0.411,0.95199996,1.702,0.352
2023-04-12 23:00:00,-0.098000005,81.1151,0.114926934,0.416,0.429,0.411,0.602,1.602,0.352
2023-04-13 00:00:00,-1.298,84.348854,0.08725813,0.416,0.429,0.411,0.45200002,1.552,0.352
2023-04-13 01:00:00,-1.898,85.87237,0.07536349,0.416,0.429,0.411,0.402,1.452,0.352
2023-04-13 02:00:00,0.202,85.15215,0.09234983,0.416,0.429,0.411,0.45200002,1.352,0.352
2023-04-13 03:00:00,4.852,64.66528,0.30583942,0.416,0.429,0.411,0.70199996,1.302,0.352
2023-04-13 04:00:00,8.002,52.828026,0.50716007,0.416,0.429,0.411,1.452,1.302,0.352
2023-04-13 05:00:00,10.652,40.321857,0.7667658,0.415,0.428,0.411,3.502,1.4020001,0.352
2023-04-13 06:00:00,12.352,31.396858,0.986229,0.414,0.428,0.411,6.252,1.6520001,0.352
2023-04-13 07:00:00,14.152,26.990414,1.1802318,0.413,0.427,0.411,8.552,2.002,0.352
2023-04-13 08:00:00,14.952,25.439396,1.2691486,0.411,0.427,0.411,10.302,2.402,0.352
2023-04-13 09:00:00,15.602,24.863571,1.3334106,0.41,0.426,0.411,11.352,2.852,0.352
2023-04-13 10:00:00,15.952,25.62432,1.3497672,0.409,0.426,0.411,11.852,3.302,0.352
2023-04-13 11:00:00,16.001999,27.112553,1.3269885,0.407,0.425,0.411,11.852,3.7020001,0.352
2023-04-13 12:00:00,15.752,30.663557,1.2423503,0.407,0.425,0.411,11.402,4.052,0.352
2023-04-13 13:00:00,14.302,38.93818,0.99672633,0.406,0.425,0.41,10.502,4.352,0.352
2023-04-13 14:00:00,11.852,46.693714,0.7415503,0.406,0.424,0.41,9.102,4.552,0.352
2023-04-13 15:00:00,10.002,53.37139,0.5736895,0.406,0.424,0.41,7.902,4.652,0.352
2023-04-13 16:00:00,9.302,56.341236,0.51251656,0.406,0.424,0.41,7.152,4.702,0.352
2023-04-13 17:00:00,8.802,57.854805,0.4783563,0.406,0.424,0.41,6.702,4.752,0.352
2023-04-13 18:00:00,7.952,59.974873,0.42886853,0.406,0.424,0.41,6.152,4.752,0.402
2023-04-13 19:00:00,7.302,64.75673,0.36126596,0.406,0.424,0.41,5.752,4.702,0.402
2023-04-13 20:00:00,6.652,67.95009,0.31422073,0.407,0.424,0.41,5.352,4.702,0.402
2023-04-13 21:00:00,6.002,73.655136,0.2469793,0.407,0.424,0.41,4.952,4.652,0.402
2023-04-13 22:00:00,7.302,63.37385,0.3754406,0.407,0.424,0.41,4.452,4.552,0.402
2023-04-13 23:00:00,5.702,71.77324,0.25918764,0.407,0.424,0.41,4.152,4.452,0.402
2023-04-14 00:00:00,4.752,76.39656,0.20288688,0.407,0.424,0.41,4.052,4.352,0.402
2023-04-14 01:00:00,4.602,77.75797,0.18919331,0.407,0.424,0.41,3.9520001,4.302,0.402
2023-04-14 02:00:00,5.102,80.09512,0.17532021,0.407,0.424,0.41,4.202,4.202,0.402
2023-04-14 03:00:00,6.202,73.95519,0.2475599,0.407,0.424,0.41,4.802,4.202,0.402
2023-04-14 04:00:00,7.002,72.53708,0.2757939,0.408,0.424,0.41,5.352,4.202,0.402
2023-04-14 05:00:00,7.302,74.94359,0.25684512,0.411,0.424,0.41,5.902,4.202,0.402
2023-04-14 06:00:00,5.902,86.07898,0.1296097,0.421,0.423,0.41,5.752,4.252,0.402
2023-04-14 07:00:00,4.552,93.8832,0.051849544,0.451,0.424,0.41,5.202,4.202,0.402
2023-04-14 08:00:00,2.802,95.48595,0.03382939,0.486,0.424,0.41,4.552,4.202,0.402
2023-04-14 09:00:00,1.052,96.810715,0.021093309,0.516,0.426,0.41,3.752,4.102,0.402
2023-04-14 10:00:00,-0.048,95.3818,0.028209388,0.46,0.453,0.41,3.052,3.9520001,0.402
2023-04-14 11:00:00,-0.698,93.9681,0.03514123,0.465,0.456,0.41,2.502,3.852,0.402
2023-04-14 12:00:00,-1.298,93.247826,0.03764701,0.467,0.456,0.411,2.002,3.652,0.402
2023-04-14 13:00:00,-2.198,91.82061,0.042678535,0.466,0.457,0.411,1.452,3.502,0.402
2023-04-14 14:00:00,-3.0479999,88.04382,0.058569163,0.465,0.457,0.411,0.852,3.302,0.402
2023-04-14 15:00:00,-3.7979999,88.98006,0.051040918,0.464,0.457,0.411,0.652,3.102,0.402
2023-04-14 16:00:00,-4.348,87.92101,0.05368033,0.463,0.457,0.411,0.552,2.902,0.402
2023-04-14 17:00:00,-4.898,86.19959,0.058834642,0.463,0.457,0.411,0.45200002,2.752,0.402
2023-04-14 18:00:00,-5.298,82.89365,0.070747375,0.462,0.457,0.411,0.352,2.552,0.402
2023-04-14 19:00:00,-6.348,85.04366,0.0570952,0.462,0.457,0.411,0.302,2.402,0.402
2023-04-14 20:00:00,-6.548,83.05216,0.06371096,0.461,0.457,0.411,0.202,2.252,0.402
2023-04-14 21:00:00,-6.798,79.8238,0.07440019,0.461,0.457,0.411,0.102,2.102,0.45200002
2023-04-14 22:00:00,-7.098,77.90979,0.07959446,0.46,0.457,0.411,0.052,1.952,0.45200002
2023-04-14 23:00:00,-7.398,76.938866,0.08118808,0.46,0.457,0.411,-0.048,1.802,0.45200002
2023-04-15 00:00:00,-7.748,75.96507,0.082351476,0.46,0.457,0.411,-0.148,1.6520001,0.45200002
2023-04-15 01:00:00,-7.998,76.22414,0.07989755,0.459,0.457,0.411,-0.198,1.552,0.45200002
2023-04-15 02:00:00,-8.248,77.40793,0.07445791,0.459,0.457,0.411,-0.29799998,1.4020001,0.45200002
2023-04-15 03:00:00,-8.448,78.936005,0.06834915,0.459,0.457,0.411,-0.24800001,1.302,0.45200002
2023-04-15 04:00:00,-8.448,80.847626,0.062148303,0.459,0.457,0.411,-0.24800001,1.202,0.45200002
2023-04-15 05:00:00,-8.398,79.89439,0.06549549,0.458,0.457,0.411,-0.24800001,1.102,0.45200002
2023-04-15 06:00:00,-8.248,77.71773,0.0734373,0.458,0.457,0.411,-0.24800001,1.002,0.45200002
2023-04-15 07:00:00,-7.748,78.111435,0.07500014,0.458,0.457,0.411,-0.24800001,0.95199996,0.45200002
2023-04-15 08:00:00,-7.298,76.34786,0.08391419,0.458,0.457,0.411,-0.24800001,0.902,0.45200002
2023-04-15 09:00:00,-6.648,74.37513,0.09558022,0.458,0.457,0.411,-0.24800001,0.902,0.45200002
2023-04-15 10:00:00,-5.998,72.18313,0.10905191,0.457,0.457,0.411,-0.198,0.852,0.45200002
2023-04-15 11:00:00,-5.398,69.51053,0.12511778,0.457,0.457,0.411,-0.198,0.852,0.45200002
2023-04-15 12:00:00,-5.198,67.92629,0.13363048,0.457,0.456,0.411,-0.198,0.852,0.45200002
2023-04-15 13:00:00,-5.398,68.96372,0.12736055,0.457,0.456,0.411,-0.198,0.802,0.45200002
2023-04-15 14:00:00,-6.148,70.738525,0.113404155,0.457,0.456,0.411,-0.198,0.802,0.45200002
2023-04-15 15:00:00,-7.248,73.08834,0.09584269,0.457,0.456,0.411,-0.198,0.802,0.45200002
2023-04-15 16:00:00,-8.548,74.01478,0.083654195,0.456,0.456,0.411,-0.198,0.752,0.45200002
2023-04-15 17:00:00,-7.148,63.784893,0.12995271,0.456,0.456,0.411,-0.198,0.752,0.45200002
2023-04-15 18:00:00,-7.598,64.71492,0.12228638,0.456,0.456,0.411,-0.198,0.752,0.45200002
2023-04-15 19:00:00,-8.498,63.71049,0.117258996,0.456,0.456,0.411,-0.198,0.752,0.45200002
2023-04-15 20:00:00,-9.048,65.42547,0.107012674,0.456,0.456,0.412,-0.198,0.752,0.45200002
2023-04-15 21:00:00,-9.748,67.43994,0.095378384,0.456,0.456,0.412,-0.198,0.70199996,0.45200002
2023-04-15 22:00:00,-10.698,69.767204,0.08213894,0.456,0.456,0.412,-0.198,0.70199996,0.45200002
2023-04-15 23:00:00,-11.698,71.89732,0.07048634,0.455,0.456,0.412,-0.24800001,0.70199996,0.45200002
2023-04-16 00:00:00,-12.598,72.917915,0.06317203,0.455,0.456,0.412,-0.24800001,0.70199996,0.45200002
2023-04-16 01:00:00,-13.298,73.38953,0.058641568,0.455,0.455,0.412,-0.24800001,0.70199996,0.45200002
2023-04-16 02:00:00,-12.548,69.94325,0.07038985,0.455,0.455,0.412,-0.24800001,0.652,0.45200002
2023-04-16 03:00:00,-10.498,60.12384,0.11005001,0.455,0.455,0.412,-0.24800001,0.652,0.45200002
2023-04-16 04:00:00,-9.698,56.680695,0.127363,0.455,0.455,0.412,-0.24800001,0.652,0.45200002
2023-04-16 05:00:00,-7.248,55.055588,0.16000411,0.455,0.455,0.412,-0.24800001,0.652,0.45200002
2023-04-16 06:00:00,-3.9980001,47.439854,0.23966219,0.455,0.455,0.412,-0.24800001,0.652,0.45200002
2023-04-16 07:00:00,-3.248,53.765892,0.22302991,0.455,0.455,0.412,-0.24800001,0.602,0.45200002
2023-04-16 08:00:00,-2.698,53.282608,0.23478371,0.454,0.455,0.412,-0.24800001,0.602,0.45200002
2023-04-16 09:00:00,-2.5479999,54.60872,0.23068011,0.454,0.455,0.412,-0.24800001,0.602,0.45200002
2023-04-16 10:00:00,-2.448,56.39021,0.22328359,0.454,0.455,0.412,-0.198,0.602,0.45200002
2023-04-16 11:00:00,-2.7979999,62.354073,0.18782115,0.454,0.455,0.412,-0.198,0.602,0.45200002
2023-04-16 12:00:00,-3.248,66.26221,0.16278246,0.454,0.455,0.412,-0.198,0.602,0.45200002
2023-04-16 13:00:00,-3.698,68.79313,0.14559317,0.454,0.455,0.412,-0.198,0.602,0.45200002
2023-04-16 14:00:00,-4.298,70.01887,0.13371226,0.454,0.454,0.412,-0.198,0.552,0.45200002
2023-04-16 15:00:00,-4.848,71.00814,0.124043375,0.454,0.454,0.412,-0.198,0.552,0.45200002
2023-04-16 16:00:00,-5.098,70.95655,0.121932775,0.454,0.454,0.412,-0.198,0.552,0.45200002
2023-04-16 17:00:00,-5.148,70.11409,0.124993056,0.454,0.454,0.412,-0.198,0.552,0.45200002
2023-04-16 18:00:00,-5.198,69.82801,0.12571111,0.453,0.454,0.412,-0.198,0.552,0.45200002
2023-04-16 19:00:00,-4.998,72.09943,0.118027955,0.453,0.454,0.412,-0.198,0.552,0.45200002
2023-04-16 20:00:00,-4.898,70.99783,0.12361872,0.453,0.454,0.412,-0.198,0.552,0.45200002
2023-04-16 21:00:00,-4.948,69.881195,0.12789097,0.453,0.454,0.412,-0.198,0.552,0.45200002
2023-04-16 22:00:00,-4.948,68.79025,0.13252106,0.453,0.454,0.412,-0.198,0.552,0.45200002
2023-04-16 23:00:00,-4.948,67.98205,0.13595107,0.453,0.454,0.412,-0.198,0.502,0.45200002
2023-04-17 00:00:00,-4.948,67.1823,0.13934502,0.453,0.454,0.412,-0.198,0.502,0.45200002
2023-04-17 01:00:00,-5.248,67.38018,0.1353896,0.453,0.454,0.412,-0.148,0.502,0.45200002
2023-04-17 02:00:00,-4.948,65.348755,0.14712581,0.453,0.454,0.412,-0.148,0.502,0.45200002
2023-04-17 03:00:00,-4.098,62.274963,0.1707798,0.453,0.454,0.412,-0.148,0.502,0.45200002
2023-04-17 04:00:00,-2.948,59.44957,0.20005739,0.453,0.453,0.412,-0.148,0.502,0.45200002
2023-04-17 05:00:00,-1.898,55.6588,0.2364536,0.453,0.453,0.412,-0.148,0.502,0.45200002
2023-04-17 06:00:00,-1.3479999,52.826782,0.26194048,0.452,0.453,0.412,-0.148,0.502,0.45200002
2023-04-17 07:00:00,-0.29799998,48.54449,0.30850533,0.452,0.453,0.412,-0.148,0.502,0.45200002
2023-04-17 08:00:00,0.15200001,49.44634,0.31318066,0.452,0.453,0.412,-0.148,0.502,0.45200002
2023-04-17 09:00:00,0.352,50.28441,0.3124903,0.452,0.453,0.412,-0.148,0.45200002,0.45200002
2023-04-17 10:00:00,0.252,52.45694,0.29668698,0.452,0.453,0.412,-0.148,0.45200002,0.45200002
2023-04-17 11:00:00,-0.198,53.98627,0.27791786,0.452,0.453,0.412,-0.148,0.45200002,0.45200002
2023-04-17 12:00:00,-1.0979999,55.44336,0.252003,0.452,0.453,0.412,-0.098000005,0.45200002,0.45200002
2023-04-17 13:00:00,-2.348,55.754356,0.22822216,0.452,0.453,0.413,-0.098000005,0.45200002,0.45200002
2023-04-17 14:00:00,-4.198,57.725136,0.18992689,0.452,0.453,0.413,-0.098000005,0.45200002,0.45200002
2023-04-17 15:00:00,-6.098,59.33062,0.15818618,0.452,0.453,0.413,-0.098000005,0.45200002,0.45200002
2023-04-17 16:00:00,-8.198,59.742786,0.13314761,0.452,0.453,0.413,-0.098000005,0.45200002,0.45200002
2023-04-17 17:00:00,-10.348,59.663086,0.112654805,0.452,0.453,0.413,-0.148,0.45200002,0.45200002
2023-04-17 18:00:00,-12.348,62.47423,0.089296445,0.452,0.452,0.413,-0.148,0.45200002,0.45200002
2023-04-17 19:00:00,-14.048,67.8596,0.06660512,0.451,0.452,0.413,-0.148,0.45200002,0.45200002
2023-04-17 20:00:00,-14.798,67.975334,0.06239216,0.451,0.452,0.413,-0.148,0.45200002,0.45200002
2023-04-17 21:00:00,-15.498,68.10494,0.058638394,0.451,0.452,0.413,-0.148,0.45200002,0.45200002
2023-04-17 22:00:00,-15.748,67.46155,0.058588475,0.451,0.452,0.413,-0.198,0.402,0.45200002
2023-04-17 23:00:00,-15.748,66.880844,0.05963301,0.451,0.452,0.413,-0.198,0.402,0.45200002
2023-04-18 00:00:00,-15.648,66.90474,0.060088277,0.451,0.452,0.413,-0.198,0.402,0.45200002
2023-04-18 01:00:00,-15.148,67.31282,0.061864242,0.451,0.452,0.413,-0.198,0.402,0.45200002
2023-04-18 02:00:00,-13.548,66.549034,0.072214395,0.451,0.452,0.413,-0.198,0.402,0.45200002
2023-04-18 03:00:00,-10.898,65.52053,0.09218569,0.451,0.452,0.413,-0.198,0.402,0.45200002
2023-04-18 04:00:00,-7.048,61.527515,0.1391158,0.451,0.452,0.413,-0.24800001,0.402,0.45200002
2023-04-18 05:00:00,-3.598,58.81175,0.19357464,0.451,0.452,0.413,-0.198,0.402,0.45200002
2023-04-18 06:00:00,-1.398,59.851982,0.22213772,0.451,0.452,0.413,-0.198,0.402,0.45200002
2023-04-18 07:00:00,1.1520001,64.52607,0.2362662,0.451,0.452,0.413,-0.198,0.402,0.45200002
2023-04-18 08:00:00,2.102,66.46443,0.23908862,0.451,0.452,0.413,-0.198,0.402,0.45200002
2023-04-18 09:00:00,2.102,70.54071,0.21003306,0.453,0.451,0.413,-0.198,0.402,0.45200002
2023-04-18 10:00:00,2.752,70.1526,0.22287196,0.458,0.451,0.413,-0.198,0.402,0.45200002
2023-04-18 11:00:00,3.502,69.79128,0.23785937,0.465,0.451,0.413,-0.198,0.402,0.45200002
2023-04-18 12:00:00,3.502,75.63403,0.19185919,0.473,0.452,0.413,-0.198,0.402,0.45200002
2023-04-18 13:00:00,2.802,82.70699,0.12959391,0.479,0.452,0.413,-0.148,0.352,0.45200002
2023-04-18 14:00:00,1.952,86.2829,0.09676379,0.484,0.452,0.413,-0.148,0.352,0.45200002
2023-04-18 15:00:00,1.4020001,89.41983,0.07175487,0.488,0.453,0.413,-0.148,0.352,0.45200002
2023-04-18 16:00:00,1.002,91.69191,0.054749608,0.488,0.453,0.413,-0.148,0.352,0.45200002
2023-04-18 17:00:00,0.502,93.0049,0.04446459,0.488,0.454,0.413,-0.148,0.352,0.45200002
2023-04-18 18:00:00,-0.24800001,94.33425,0.03410852,0.488,0.455,0.413,-0.148,0.352,0.45200002
2023-04-18 19:00:00,-1.148,95.692085,0.024284959,0.486,0.455,0.413,-0.148,0.352,0.45200002
2023-04-18 20:00:00,-2.598,95.99775,0.020273924,0.484,0.456,0.413,-0.148,0.352,0.45200002
2023-04-18 21:00:00,-3.748,95.95993,0.018783778,0.483,0.456,0.413,-0.148,0.352,0.45200002
2023-04-18 22:00:00,-4.898,95.55826,0.018938154,0.481,0.456,0.413,-0.148,0.352,0.45200002
2023-04-18 23:00:00,-6.198,96.245995,0.014498353,0.48,0.457,0.413,-0.148,0.352,0.45200002
2023-04-19 00:00:00,-7.548,96.57739,0.011913866,0.479,0.457,0.413,-0.148,0.352,0.45200002
2023-04-19 01:00:00,-8.198,95.80847,0.013872087,0.478,0.457,0.413,-0.148,0.352,0.45200002
2023-04-19 02:00:00,-7.498,94.356316,0.019720823,0.477,0.457,0.413,-0.148,0.352,0.45200002
2023-04-19 03:00:00,-5.448,92.66276,0.030004412,0.476,0.458,0.413,-0.148,0.352,0.45200002
2023-04-19 04:00:00,-2.998,88.71467,0.05548948,0.475,0.458,0.413,-0.148,0.352,0.45200002
2023-04-19 05:00:00,-1.148,81.881645,0.10212883,0.475,0.458,0.413,-0.148,0.352,0.45200002
2023-04-19 06:00:00,0.352,73.14136,0.16886479,0.475,0.458,0.413,-0.148,0.352,0.45200002
2023-04-19 07:00:00,1.2520001,72.768074,0.18269268,0.478,0.458,0.413,-0.098000005,0.302,0.45200002
2023-04-19 08:00:00,2.102,65.47864,0.24611488,0.484,0.458,0.413,-0.098000005,0.302,0.45200002
2023-04-19 09:00:00,2.402,64.335014,0.2597601,0.49,0.459,0.413,-0.098000005,0.302,0.45200002
2023-04-19 10:00:00,2.2020001,68.24283,0.22803295,0.493,0.46,0.414,-0.098000005,0.302,0.45200002
2023-04-19 11:00:00,2.102,71.065544,0.20629197,0.495,0.46,0.414,-0.098000005,0.302,0.45200002
2023-04-19 12:00:00,2.052,68.46495,0.22402859,0.493,0.461,0.414,-0.098000005,0.302,0.45200002
2023-04-19 13:00:00,1.452,72.26724,0.18874258,0.49,0.462,0.414,-0.098000005,0.302,0.45200002
2023-04-19 14:00:00,0.852,68.97986,0.2021955,0.488,0.463,0.414,-0.098000005,0.302,0.45200002
2023-04-19 15:00:00,-1.648,75.86383,0.13113612,0.486,0.463,0.414,-0.098000005,0.302,0.45200002
2023-04-19 16:00:00,-2.948,78.88408,0.104203284,0.485,0.463,0.414,-0.098000005,0.302,0.45200002
2023-04-19 17:00:00,-4.248,82.080696,0.080232054,0.483,0.464,0.414,-0.098000005,0.302,0.45200002
2023-04-19 18:00:00,-5.598,83.82321,0.06539467,0.482,0.464,0.414,-0.098000005,0.302,0.45200002
2023-04-19 19:00:00,-5.848,83.79186,0.06428453,0.481,0.464,0.414,-0.098000005,0.302,0.45200002
2023-04-19 20:00:00,-6.298,84.39008,0.059818417,0.48,0.464,0.414,-0.098000005,0.302,0.45200002
2023-04-19 21:00:00,-5.948,83.45436,0.06512374,0.479,0.464,0.414,-0.098000005,0.302,0.45200002
2023-04-19 22:00:00,-5.448,82.55344,0.07133621,0.479,0.464,0.414,-0.148,0.302,0.45200002
2023-04-19 23:00:00,-5.148,81.64071,0.076797366,0.478,0.465,0.414,-0.148,0.302,0.45200002
2023-04-20 00:00:00,-5.498,82.227264,0.072393715,0.477,0.465,0.414,-0.148,0.302,0.45200002
2023-04-20 01:00:00,-5.598,81.57756,0.07447055,0.476,0.465,0.414,-0.198,0.302,0.45200002
2023-04-20 02:00:00,-4.398,77.448044,0.09983429,0.476,0.465,0.414,-0.198,0.302,0.45200002
2023-04-20 03:00:00,-2.148,69.12744,0.16164875,0.475,0.465,0.414,-0.198,0.302,0.45200002
2023-04-20 04:00:00,-0.29799998,63.93922,0.21625122,0.476,0.465,0.414,-0.198,0.302,0.45200002
2023-04-20 05:00:00,1.552,67.34259,0.22384986,0.483,0.465,0.414,-0.198,0.302,0.45200002
2023-04-20 06:00:00,2.302,68.51837,0.22767138,0.492,0.465,0.414,-0.198,0.302,0.45200002
2023-04-20 07:00:00,3.152,61.921867,0.29248816,0.501,0.466,0.414,-0.148,0.252,0.45200002
2023-04-20 08:00:00,3.502,60.63685,0.30992335,0.508,0.467,0.414,-0.148,0.252,0.45200002
2023-04-20 09:00:00,4.002,58.54159,0.33810687,0.512,0.47,0.414,-0.148,0.252,0.45200002
2023-04-20 10:00:00,4.102,57.057213,0.35267618,0.511,0.474,0.415,0.0020000003,0.252,0.45200002
2023-04-20 11:00:00,4.052,54.946327,0.3687099,0.508,0.477,0.415,0.15200001,0.252,0.45200002
2023-04-20 12:00:00,3.9520001,50.73438,0.40034264,0.504,0.478,0.415,0.252,0.252,0.45200002
2023-04-20 13:00:00,3.152,54.084,0.35266992,0.5,0.479,0.415,0.302,0.252,0.45200002
2023-04-20 14:00:00,1.302,58.726974,0.27785373,0.498,0.48,0.415,0.252,0.252,0.45200002
2023-04-20 15:00:00,-1.198,65.21113,0.19534674,0.496,0.48,0.415,0.15200001,0.252,0.45200002
2023-04-20 16:00:00,-3.248,70.51198,0.14228597,0.494,0.48,0.415,0.052,0.252,0.45200002
2023-04-20 17:00:00,-5.098,72.079414,0.11722067,0.492,0.48,0.415,-0.048,0.252,0.45200002
2023-04-20 18:00:00,-6.098,71.31161,0.11161029,0.491,0.48,0.415,-0.148,0.252,0.45200002
2023-04-20 19:00:00,-6.898,67.27335,0.11972909,0.49,0.48,0.415,-0.24800001,0.252,0.45200002
2023-04-20 20:00:00,-5.998,62.044468,0.14877197,0.489,0.48,0.415,-0.348,0.252,0.45200002
2023-04-20 21:00:00,-4.098,55.491337,0.2014641,0.488,0.48,0.416,-0.448,0.252,0.45200002
2023-04-20 22:00:00,-3.898,53.366924,0.21426716,0.487,0.48,0.416,-0.54800004,0.252,0.45200002
2023-04-20 23:00:00,-4.348,53.453205,0.20675242,0.486,0.48,0.416,-0.648,0.252,0.45200002
2023-04-21 00:00:00,-5.298,55.37957,0.18445446,0.486,0.48,0.416,-0.748,0.252,0.45200002
2023-04-21 01:00:00,-4.548,54.482605,0.19915688,0.485,0.48,0.416,-0.79800004,0.252,0.45200002
2023-04-21 02:00:00,-3.398,52.24026,0.22781509,0.484,0.48,0.416,-0.79800004,0.252,0.45200002
2023-04-21 03:00:00,-1.3479999,48.61847,0.285287,0.484,0.479,0.416,-0.748,0.202,0.45200002
2023-04-21 04:00:00,-0.598,57.557056,0.24899843,0.488,0.479,0.416,-0.54800004,0.202,0.45200002
2023-04-21 05:00:00,3.2020001,50.32826,0.38285384,0.495,0.479,0.416,-0.398,0.202,0.45200002
2023-04-21 06:00:00,4.002,50.36527,0.40476018,0.5,0.48,0.416,-0.24800001,0.202,0.45200002
2023-04-21 07:00:00,4.952,47.84831,0.45450717,0.508,0.481,0.417,-0.048,0.202,0.45200002
2023-04-21 08:00:00,5.552,47.303486,0.47881776,0.513,0.482,0.417,0.202,0.202,0.45200002
2023-04-21 09:00:00,5.802,48.639713,0.47483566,0.512,0.485,0.417,0.45200002,0.202,0.45200002
2023-04-21 10:00:00,5.752,51.24286,0.44921988,0.512,0.487,0.417,0.70199996,0.202,0.45200002
2023-04-21 11:00:00,5.552,52.542572,0.43123072,0.51,0.489,0.417,1.202,0.202,0.45200002
2023-04-21 12:00:00,5.202,53.235374,0.41473264,0.507,0.49,0.417,2.102,0.252,0.45200002
2023-04-21 13:00:00,4.752,55.135483,0.38560423,0.503,0.491,0.417,2.652,0.252,0.45200002
2023-04-21 14:00:00,3.502,61.31867,0.30455655,0.5,0.491,0.418,2.152,0.252,0.45200002
2023-04-21 15:00:00,0.602,65.13291,0.22319901,0.498,0.491,0.418,1.002,0.252,0.45200002
2023-04-21 16:00:00,-1.048,66.50826,0.1901454,0.496,0.491,0.418,0.352,0.252,0.45200002
2023-04-21 17:00:00,-2.498,68.52151,0.16060302,0.495,0.49,0.418,0.252,0.252,0.45200002
2023-04-21 18:00:00,-3.2979999,69.68653,0.14572233,0.494,0.49,0.418,0.15200001,0.252,0.45200002
2023-04-21 19:00:00,-3.198,67.839455,0.15575588,0.493,0.49,0.418,0.102,0.252,0.45200002
2023-04-21 20:00:00,-4.048,68.98601,0.14094287,0.492,0.489,0.419,0.052,0.252,0.45200002
2023-04-21 21:00:00,-4.748,70.19847,0.12847409,0.491,0.489,0.419,-0.048,0.252,0.45200002
2023-04-21 22:00:00,-4.698,68.844795,0.13481551,0.49,0.489,0.419,-0.098000005,0.252,0.45200002
2023-04-21 23:00:00,-4.398,67.57168,0.1435355,0.49,0.488,0.419,-0.148,0.252,0.45200002
2023-04-22 00:00:00,-4.648,68.048775,0.13878167,0.489,0.488,0.419,-0.24800001,0.252,0.45200002
2023-04-22 01:00:00,-3.698,66.417816,0.15666956,0.488,0.488,0.419,-0.29799998,0.252,0.45200002
2023-04-22 02:00:00,0.0020000003,58.612755,0.25365084,0.488,0.487,0.42,-0.198,0.252,0.45200002
2023-04-22 03:00:00,1.4020001,61.49096,0.2611218,0.489,0.487,0.42,-0.048,0.252,0.45200002
2023-04-22 04:00:00,5.502,57.63629,0.3836245,0.494,0.487,0.42,0.15200001,0.252,0.45200002
2023-04-22 05:00:00,8.052,45.59718,0.5868745,0.501,0.487,0.42,0.402,0.252,0.45200002
2023-04-22 06:00:00,10.052,39.551258,0.7461921,0.507,0.487,0.42,0.752,0.252,0.45200002
2023-04-22 07:00:00,12.552,35.697132,0.93663204,0.512,0.488,0.42,2.102,0.252,0.45200002
2023-04-22 08:00:00,13.352,33.504787,1.0205348,0.513,0.49,0.42,3.7020001,0.302,0.45200002
2023-04-22 09:00:00,13.852,33.037533,1.0616558,0.512,0.492,0.42,5.752,0.302,0.45200002
2023-04-22 10:00:00,14.202,33.755314,1.0743623,0.512,0.493,0.42,7.002,0.352,0.45200002
2023-04-22 11:00:00,14.152,35.12892,1.0486871,0.511,0.495,0.421,7.402,0.402,0.45200002
2023-04-22 12:00:00,13.752,37.528805,0.98404413,0.509,0.495,0.421,7.302,0.402,0.45200002
2023-04-22 13:00:00,12.502,44.578876,0.8046234,0.507,0.496,0.421,6.702,0.45200002,0.45200002
2023-04-22 14:00:00,10.652,50.922413,0.630576,0.504,0.496,0.421,5.702,0.502,0.45200002
2023-04-22 15:00:00,8.902,56.64381,0.49543387,0.502,0.496,0.421,4.802,0.502,0.45200002
2023-04-22 16:00:00,7.902,60.17917,0.42523134,0.501,0.496,0.422,4.102,0.552,0.45200002
2023-04-22 17:00:00,7.302,61.793625,0.39163792,0.5,0.496,0.422,3.602,0.552,0.45200002
2023-04-22 18:00:00,6.852,62.35922,0.37413257,0.499,0.496,0.422,3.2020001,0.602,0.45200002
2023-04-22 19:00:00,6.802,60.783768,0.38845515,0.498,0.495,0.422,3.052,0.602,0.45200002
2023-04-22 20:00:00,6.552,60.501545,0.38458776,0.498,0.495,0.423,2.802,0.602,0.45200002
2023-04-22 21:00:00,6.352,60.45207,0.37980485,0.497,0.495,0.423,2.7020001,0.652,0.45200002
2023-04-22 22:00:00,6.402,58.938267,0.39570123,0.497,0.494,0.423,2.7020001,0.652,0.45200002
2023-04-22 23:00:00,6.252,57.196926,0.40823793,0.497,0.494,0.423,2.652,0.652,0.45200002
2023-04-23 00:00:00,6.102,54.280495,0.43155825,0.496,0.494,0.423,2.552,0.70199996,0.45200002
2023-04-23 01:00:00,6.602,49.788116,0.49056256,0.496,0.493,0.424,2.7020001,0.70199996,0.45200002
2023-04-23 02:00:00,7.452,45.083557,0.5686873,0.496,0.493,0.424,3.152,0.752,0.45200002
2023-04-23 03:00:00,8.452,41.339024,0.65020275,0.496,0.492,0.424,3.802,0.752,0.45200002
2023-04-23 04:00:00,8.952,38.7832,0.7018482,0.496,0.492,0.424,4.302,0.802,0.45200002
2023-04-23 05:00:00,9.702,38.428547,0.7424396,0.496,0.492,0.424,5.002,0.852,0.45200002
2023-04-23 06:00:00,10.852,35.72226,0.8369035,0.497,0.491,0.424,5.902,1.002,0.45200002
2023-04-23 07:00:00,11.402,38.08152,0.836133,0.497,0.491,0.425,6.302,1.1520001,0.45200002
2023-04-23 08:00:00,12.702,36.006203,0.94133496,0.497,0.491,0.425,7.352,1.352,0.45200002
2023-04-23 09:00:00,13.852,35.169136,1.0278622,0.497,0.49,0.425,8.302,1.602,0.45200002
2023-04-23 10:00:00,13.602,41.339092,0.9150617,0.499,0.49,0.425,8.752,2.002,0.502
2023-04-23 11:00:00,13.152,45.574883,0.82446885,0.5,0.49,0.425,8.552,2.352,0.502
2023-04-23 12:00:00,13.452,46.813908,0.8215957,0.499,0.49,0.425,8.552,2.652,0.502
2023-04-23 13:00:00,12.852,50.08684,0.74144334,0.498,0.49,0.425,8.152,2.9520001,0.502
2023-04-23 14:00:00,11.302,54.878784,0.6052913,0.496,0.49,0.425,7.352,3.152,0.502
2023-04-23 15:00:00,9.252,61.379917,0.4518444,0.495,0.489,0.426,6.202,3.252,0.502
2023-04-23 16:00:00,7.902,66.77296,0.3548205,0.494,0.489,0.426,5.302,3.352,0.502
2023-04-23 17:00:00,7.352,69.81986,0.31042546,0.493,0.489,0.426,4.752,3.352,0.502
2023-04-23 18:00:00,7.702,71.141304,0.30400562,0.492,0.489,0.426,4.702,3.402,0.502
2023-04-23 19:00:00,7.102,74.908714,0.2537083,0.491,0.489,0.426,4.352,3.402,0.502
2023-04-23 20:00:00,6.602,81.73635,0.17844534,0.491,0.488,0.426,4.202,3.402,0.502
2023-04-23 21:00:00,6.252,86.11536,0.13243157,0.49,0.488,0.426,4.102,3.402,0.502
2023-04-23 22:00:00,5.652,89.44611,0.09657544,0.49,0.488,0.427,3.9520001,3.352,0.502
2023-04-23 23:00:00,4.852,91.61488,0.07258117,0.489,0.488,0.427,3.652,3.352,0.502
2023-04-24 00:00:00,4.252,92.22584,0.06452978,0.488,0.487,0.427,3.352,3.302,0.502
2023-04-24 01:00:00,4.202,91.89717,0.06702268,0.488,0.487,0.427,3.252,3.252,0.502
2023-04-24 02:00:00,5.552,87.5715,0.112944186,0.488,0.487,0.427,3.852,3.252,0.502
2023-04-24 03:00:00,7.102,80.663216,0.19552153,0.487,0.486,0.427,5.052,3.302,0.502
2023-04-24 04:00:00,8.302,75.38059,0.27013838,0.487,0.486,0.427,6.052,3.402,0.502
2023-04-24 05:00:00,9.352,69.243,0.36227256,0.487,0.486,0.427,6.802,3.552,0.502
2023-04-24 06:00:00,10.902,60.059734,0.52176565,0.486,0.485,0.428,7.952,3.752,0.502
2023-04-24 07:00:00,12.802,49.54254,0.74708384,0.485,0.485,0.428,9.102,4.002,0.502
2023-04-24 08:00:00,14.252,41.827446,0.94649357,0.484,0.484,0.428,10.402,4.302,0.502
2023-04-24 09:00:00,15.252,35.71032,1.1156213,0.482,0.483,0.428,11.302,4.602,0.502
2023-04-24 10:00:00,15.002,36.68487,1.0812101,0.481,0.483,0.428,11.202,4.902,0.502
2023-04-24 11:00:00,15.052,36.172207,1.0934741,0.479,0.482,0.428,11.352,5.202,0.502
2023-04-24 12:00:00,14.502,35.48983,1.0667093,0.478,0.481,0.428,11.102,5.452,0.552
2023-04-24 13:00:00,13.502,37.047077,0.9756527,0.477,0.481,0.428,10.502,5.652,0.552
2023-04-24 14:00:00,11.502,39.542965,0.82181734,0.476,0.48,0.428,9.402,5.802,0.552
2023-04-24 15:00:00,9.302,44.7905,0.64809775,0.476,0.48,0.428,8.102,5.852,0.552
2023-04-24 16:00:00,7.802,50.497997,0.5250142,0.476,0.48,0.428,7.052,5.802,0.552
2023-04-24 17:00:00,6.202,59.53785,0.38458645,0.475,0.48,0.428,6.052,5.752,0.552
2023-04-24 18:00:00,4.852,66.100624,0.29341757,0.475,0.479,0.428,5.002,5.602,0.552
2023-04-24 19:00:00,3.652,68.552475,0.25024348,0.475,0.479,0.428,4.102,5.452,0.552
2023-04-24 20:00:00,2.7020001,73.31215,0.19857699,0.475,0.479,0.428,3.4520001,5.252,0.552
2023-04-24 21:00:00,2.552,74.64309,0.18667573,0.474,0.479,0.428,3.052,5.052,0.552
2023-04-24 22:00:00,2.552,76.02439,0.17650789,0.474,0.478,0.428,2.802,4.852,0.552
2023-04-24 23:00:00,2.552,77.9963,0.16199213,0.474,0.478,0.429,2.602,4.652,0.552
2023-04-25 00:00:00,2.602,79.72989,0.14976156,0.474,0.478,0.429,2.552,4.452,0.552
2023-04-25 01:00:00,3.102,80.67633,0.14792031,0.474,0.478,0.429,2.7020001,4.302,0.552
2023-04-25 02:00:00,5.752,73.60947,0.24316782,0.473,0.477,0.429,3.902,4.202,0.552
2023-04-25 03:00:00,9.252,61.818462,0.4467134,0.473,0.477,0.429,6.002,4.252,0.552
2023-04-25 04:00:00,12.202,53.202377,0.6661666,0.472,0.477,0.429,8.002,4.402,0.552
2023-04-25 05:00:00,14.702,46.670715,0.89324236,0.471,0.476,0.429,10.002,4.652,0.602
2023-04-25 06:00:00,16.452,43.216774,1.0637825,0.469,0.475,0.429,11.602,4.952,0.602
2023-04-25 07:00:00,18.452,39.174446,1.2926724,0.467,0.474,0.429,13.102,5.352,0.602
2023-04-25 08:00:00,19.702,33.658234,1.5240668,0.465,0.474,0.429,14.302,5.752,0.602
2023-04-25 09:00:00,19.802,29.010727,1.6410265,0.463,0.473,0.429,14.402,6.152,0.602
2023-04-25 10:00:00,20.352,26.85528,1.7493217,0.461,0.472,0.429,14.802,6.552,0.602
2023-04-25 11:00:00,20.352,25.80841,1.7743709,0.459,0.471,0.429,14.852,6.902,0.602
2023-04-25 12:00:00,19.252,32.358704,1.5111396,0.458,0.47,0.428,14.102,7.202,0.602
2023-04-25 13:00:00,18.152,39.225124,1.2675555,0.457,0.47,0.428,13.402,7.452,0.602
2023-04-25 14:00:00,16.302,44.09325,1.0374167,0.457,0.47,0.429,12.252,7.602,0.602
2023-04-25 15:00:00,13.652,52.107822,0.7494835,0.457,0.469,0.429,10.752,7.652,0.602
2023-04-25 16:00:00,11.402,59.550972,0.5462098,0.457,0.469,0.429,9.452,7.652,0.602
2023-04-25 17:00:00,9.502,66.6477,0.39682162,0.457,0.469,0.429,8.402,7.552,0.652
2023-04-25 18:00:00,8.202,71.99648,0.30519563,0.457,0.469,0.429,7.602,7.452,0.652
2023-04-25 19:00:00,8.402,66.1726,0.37370086,0.457,0.468,0.429,7.052,7.302,0.652
2023-04-25 20:00:00,7.902,68.21443,0.33942747,0.457,0.468,0.429,6.652,7.152,0.652
2023-04-25 21:00:00,7.352,70.31871,0.30529445,0.457,0.468,0.429,6.252,7.002,0.652
2023-04-25 22:00:00,6.702,72.99887,0.265634,0.457,0.468,0.429,5.902,6.852,0.652
2023-04-25 23:00:00,5.852,76.85306,0.21476203,0.457,0.468,0.429,5.452,6.652,0.652
2023-04-26 00:00:00,5.152,79.53271,0.18090212,0.457,0.467,0.429,5.002,6.452,0.652
2023-04-26 01:00:00,5.252,80.68962,0.17186737,0.457,0.467,0.429,5.002,6.302,0.652
2023-04-26 02:00:00,8.052,74.548,0.27457714,0.457,0.467,0.429,6.152,6.202,0.652
2023-04-26 03:00:00,11.802,60.068657,0.5536459,0.457,0.467,0.429,8.552,6.252,0.70199996
2023-04-26 04:00:00,14.602,52.72917,0.78665465,0.456,0.466,0.429,10.452,6.352,0.70199996
2023-04-26 05:00:00,17.102,47.343487,1.0279222,0.455,0.466,0.429,12.352,6.602,0.70199996
2023-04-26 06:00:00,19.202,41.927395,1.2932317,0.453,0.465,0.429,14.102,6.902,0.70199996
2023-04-26 07:00:00,20.752,32.104614,1.6641797,0.451,0.464,0.429,15.402,7.302,0.70199996
2023-04-26 08:00:00,21.252,30.26657,1.7624941,0.449,0.463,0.429,16.252,7.702,0.70199996
2023-04-26 09:00:00,21.502,30.017918,1.7960352,0.447,0.462,0.428,16.802,8.052,0.70199996
2023-04-26 10:00:00,21.552,30.138283,1.7984285,0.445,0.461,0.428,16.952,8.452,0.70199996
2023-04-26 11:00:00,21.352,30.617493,1.7643819,0.443,0.46,0.428,16.852,8.752,0.70199996
2023-04-26 12:00:00,20.902,31.921965,1.684103,0.442,0.46,0.428,16.352,9.052,0.752
2023-04-26 13:00:00,19.752,39.686047,1.3898065,0.441,0.459,0.428,15.502,9.252,0.752
2023-04-26 14:00:00,17.902,45.325115,1.1225216,0.441,0.459,0.428,14.202,9.402,0.752
2023-04-26 15:00:00,15.002,56.421017,0.7441098,0.441,0.459,0.428,12.552,9.452,0.752
2023-04-26 16:00:00,12.602,63.70075,0.53043586,0.441,0.459,0.428,11.052,9.352,0.752
2023-04-26 17:00:00,11.052,67.91866,0.42328012,0.441,0.458,0.428,9.902,9.252,0.752
2023-04-26 18:00:00,10.052,71.09856,0.3567657,0.442,0.458,0.428,9.152,9.102,0.802
2023-04-26 19:00:00,8.952,70.636055,0.33667445,0.442,0.458,0.428,8.352,8.952,0.802
2023-04-26 20:00:00,8.102,72.486916,0.29782254,0.442,0.458,0.428,7.602,8.702,0.802
2023-04-26 21:00:00,7.302,74.41558,0.26225752,0.442,0.458,0.428,7.002,8.502,0.802
2023-04-26 22:00:00,6.552,76.42354,0.22956437,0.442,0.458,0.428,6.452,8.252,0.802
2023-04-26 23:00:00,5.902,77.686615,0.2077452,0.442,0.457,0.428,5.952,8.002,0.802
2023-04-27 00:00:00,5.352,78.71554,0.19075716,0.443,0.457,0.428,5.502,7.752,0.852
2023-04-27 01:00:00,5.502,80.15269,0.1797384,0.443,0.457,0.428,5.552,7.502,0.852
2023-04-27 02:00:00,8.852,75.47435,0.2793076,0.443,0.457,0.428,7.002,7.402,0.852
2023-04-27 03:00:00,13.502,53.73708,0.7169582,0.443,0.457,0.428,10.102,7.402,0.852
2023-04-27 04:00:00,16.452,45.38862,1.02308,0.442,0.456,0.428,11.852,7.552,0.852
2023-04-27 05:00:00,18.802,38.595158,1.3338351,0.441,0.456,0.428,13.652,7.802,0.852
2023-04-27 06:00:00,20.452,32.245617,1.6303501,0.439,0.455,0.428,15.152,8.052,0.902
2023-04-27 07:00:00,21.552,28.176216,1.8489745,0.437,0.454,0.428,16.302,8.402,0.902
2023-04-27 08:00:00,22.102,27.148949,1.9393744,0.434,0.453,0.428,17.152,8.752,0.902
2023-04-27 09:00:00,22.502,26.402077,2.0074496,0.432,0.452,0.428,17.702,9.102,0.902
2023-04-27 10:00:00,22.602,26.242239,2.0240445,0.43,0.451,0.428,17.902,9.452,0.95199996
2023-04-27 11:00:00,22.502,26.590637,2.0023024,0.429,0.45,0.427,17.752,9.802,0.95199996
2023-04-27 12:00:00,22.002,28.002832,1.905,0.427,0.45,0.427,17.252,10.052,0.95199996
2023-04-27 13:00:00,20.752,33.84172,1.6215726,0.427,0.449,0.427,16.402,10.252,1.002
2023-04-27 14:00:00,18.302,39.131104,1.2815063,0.426,0.449,0.427,15.002,10.352,1.002
2023-04-27 15:00:00,16.001999,43.392406,1.0305479,0.426,0.449,0.427,13.602,10.352,1.052
2023-04-27 16:00:00,14.702,46.179264,0.901476,0.427,0.449,0.427,12.552,10.352,1.052
2023-04-27 17:00:00,13.802,47.921143,0.8229911,0.427,0.448,0.427,11.802,10.252,1.102
2023-04-27 18:00:00,12.952,49.937145,0.7485426,0.427,0.448,0.427,11.152,10.152,1.1520001
2023-04-27 19:00:00,12.602,48.787037,0.7484107,0.427,0.448,0.427,10.602,10.052,1.202
2023-04-27 20:00:00,11.952,50.554245,0.6923884,0.427,0.448,0.427,10.052,9.902,1.2520001
2023-04-27 21:00:00,11.402,52.237022,0.64498556,0.427,0.448,0.427,9.652,9.752,1.2520001
2023-04-27 22:00:00,10.652,54.707073,0.58194745,0.427,0.448,0.427,9.202,9.552,1.302
2023-04-27 23:00:00,9.902,57.10639,0.524217,0.427,0.447,0.427,8.752,9.402,1.352
2023-04-28 00:00:00,9.052,60.246464,0.45888454,0.428,0.447,0.427,8.302,9.202,1.4020001
2023-04-28 01:00:00,8.902,65.81461,0.3906383,0.428,0.447,0.427,8.152,9.002,1.452
2023-04-28 02:00:00,11.002,63.55595,0.47925717,0.428,0.447,0.427,9.102,8.902,1.5020001
2023-04-28 03:00:00,14.352,50.49922,0.8105929,0.427,0.447,0.427,11.102,8.902,1.5020001
2023-04-28 04:00:00,16.752,45.632095,1.0380921,0.427,0.446,0.427,12.602,9.002,1.552
2023-04-28 05:00:00,19.752,40.100243,1.3802562,0.426,0.446,0.427,14.702,9.152,1.602
2023-04-28 06:00:00,22.252,35.35366,1.7365472,0.424,0.445,0.427,16.602,9.452,1.6520001
2023-04-28 07:00:00,24.052,25.718252,2.224545,0.422,0.444,0.427,17.952,9.802,1.6520001
2023-04-28 08:00:00,24.602,23.596485,2.3646545,0.42,0.443,0.427,18.802,10.152,1.702
2023-04-28 09:00:00,24.902,23.259903,2.4179356,0.417,0.442,0.426,19.402,10.502,1.7520001
2023-04-28 10:00:00,24.902,23.259903,2.4179356,0.415,0.441,0.426,19.552,10.852,1.802
2023-04-28 11:00:00,24.702,23.623096,2.3779726,0.413,0.44,0.426,19.352,11.152,1.852
2023-04-28 12:00:00,24.202,24.688824,2.2757556,0.412,0.439,0.426,18.852,11.402,1.9020001
2023-04-28 13:00:00,22.502,33.8715,1.8035505,0.412,0.439,0.426,17.852,11.602,1.952
2023-04-28 14:00:00,20.152,37.917908,1.4663951,0.411,0.439,0.426,16.502,11.702,2.002
2023-04-28 15:00:00,17.702,41.788902,1.1802268,0.412,0.439,0.426,15.102,11.752,2.052
2023-04-28 16:00:00,16.252,43.770554,1.0400928,0.412,0.438,0.426,14.152,11.702,2.102
2023-04-28 17:00:00,14.852,47.20895,0.89280444,0.412,0.438,0.426,13.302,11.652,2.152
2023-04-28 18:00:00,13.552,52.632156,0.73647547,0.412,0.438,0.426,12.452,11.552,2.2020001
2023-04-28 19:00:00,12.402,57.139603,0.6181755,0.412,0.438,0.426,11.602,11.402,2.252
2023-04-28 20:00:00,11.202,62.280888,0.5026456,0.412,0.438,0.426,10.852,11.202,2.302
2023-04-28 21:00:00,10.152,64.48493,0.4413522,0.412,0.438,0.426,10.052,11.002,2.302
2023-04-28 22:00:00,9.452,65.01169,0.41489232,0.413,0.438,0.426,9.402,10.752,2.352
2023-04-28 23:00:00,9.202,65.18575,0.4059477,0.413,0.438,0.426,9.002,10.552,2.402
2023-04-29 00:00:00,8.802,67.92159,0.36409533,0.413,0.437,0.426,8.802,10.302,2.4520001
2023-04-29 01:00:00,9.052,70.16135,0.34443128,0.413,0.437,0.426,8.902,10.102,2.502
2023-04-29 02:00:00,10.702,66.67347,0.42961168,0.413,0.437,0.426,9.702,9.952,2.502
2023-04-29 03:00:00,12.452,61.925575,0.5509397,0.413,0.437,0.426,10.952,9.902,2.552
2023-04-29 04:00:00,14.152,57.185375,0.69207376,0.412,0.436,0.426,12.352,9.902,2.602
2023-04-29 05:00:00,15.552,53.533417,0.8219082,0.411,0.436,0.426,13.652,10.002,2.652
2023-04-29 06:00:00,16.602,50.06473,0.9443967,0.411,0.435,0.426,14.752,10.152,2.652
2023-04-29 07:00:00,16.252,44.545223,1.0257585,0.41,0.435,0.426,15.602,10.302,2.7020001
2023-04-29 08:00:00,16.702,41.501083,1.1134658,0.408,0.434,0.425,16.152,10.502,2.752
2023-04-29 09:00:00,16.852,40.24727,1.1482035,0.407,0.434,0.425,16.452,10.702,2.752
2023-04-29 10:00:00,16.652,40.189297,1.134839,0.407,0.433,0.425,16.402,10.852,2.802
2023-04-29 11:00:00,15.952,41.72527,1.0575306,0.406,0.432,0.425,16.001999,11.002,2.852
2023-04-29 12:00:00,15.002,42.799713,0.9767698,0.405,0.432,0.425,15.252,11.102,2.902
2023-04-29 13:00:00,13.952,43.88642,0.89542973,0.405,0.432,0.425,14.302,11.152,2.9520001
2023-04-29 14:00:00,12.552,46.22549,0.7832783,0.405,0.432,0.425,13.152,11.102,2.9520001
2023-04-29 15:00:00,10.902,48.483707,0.67300034,0.405,0.431,0.425,11.902,11.052,3.002
2023-04-29 16:00:00,9.552,49.344894,0.60471594,0.405,0.431,0.425,10.852,10.902,3.052
2023-04-29 17:00:00,8.352,49.54901,0.55544853,0.405,0.431,0.425,9.952,10.702,3.102
2023-04-29 18:00:00,7.302,49.069122,0.52204895,0.405,0.431,0.425,9.102,10.502,3.102
2023-04-29 19:00:00,6.252,40.063103,0.5715835,0.405,0.431,0.425,8.302,10.252,3.152
2023-04-29 20:00:00,5.252,39.760544,0.53602695,0.405,0.431,0.425,7.602,10.002,3.2020001
2023-04-29 21:00:00,4.252,40.701088,0.49207422,0.405,0.431,0.425,6.952,9.752,3.2020001
2023-04-29 22:00:00,3.402,42.21259,0.4517008,0.405,0.431,0.425,6.252,9.452,3.252
2023-04-29 23:00:00,2.552,44.482834,0.4086022,0.405,0.431,0.425,5.652,9.152,3.252
2023-04-30 00:00:00,1.802,47.106865,0.36902443,0.406,0.431,0.425,5.052,8.852,3.302
2023-04-30 01:00:00,2.002,51.744873,0.34153506,0.406,0.43,0.425,4.852,8.552,3.302
2023-04-30 02:00:00,4.002,47.390236,0.42900786,0.406,0.43,0.425,5.752,8.302,3.352
2023-04-30 03:00:00,6.602,40.015797,0.58599126,0.405,0.43,0.425,7.352,8.152,3.352
2023-04-30 04:00:00,8.402,32.529694,0.74525887,0.405,0.43,0.425,9.052,8.152,3.402
2023-04-30 05:00:00,9.702,30.262524,0.8408516,0.404,0.429,0.425,10.502,8.202,3.402
2023-04-30 06:00:00,11.052,28.084541,0.94881177,0.402,0.429,0.425,11.952,8.302,3.4520001
2023-04-30 07:00:00,12.152,27.657848,1.0263768,0.401,0.428,0.424,13.152,8.502,3.4520001
2023-04-30 08:00:00,13.102,26.79181,1.1053641,0.4,0.427,0.424,14.102,8.702,3.4520001
2023-04-30 09:00:00,13.752,26.572878,1.1565922,0.398,0.427,0.424,14.652,8.952,3.502
2023-04-30 10:00:00,14.102,26.672663,1.1815355,0.397,0.426,0.424,14.802,9.152,3.502
2023-04-30 11:00:00,14.152,27.092262,1.178586,0.396,0.425,0.424,14.552,9.352,3.552
2023-04-30 12:00:00,13.902,27.534876,1.152611,0.395,0.425,0.424,14.002,9.502,3.602
2023-04-30 13:00:00,13.352,28.430136,1.0983984,0.394,0.425,0.424,13.152,9.602,3.602
2023-04-30 14:00:00,12.002,32.981853,0.94153285,0.394,0.424,0.424,11.952,9.652,3.652
2023-04-30 15:00:00,10.352,37.487774,0.78727454,0.394,0.424,0.424,10.602,9.602,3.652
2023-04-30 16:00:00,8.952,42.742695,0.6564682,0.394,0.424,0.424,9.552,9.502,3.7020001
2023-04-30 17:00:00,7.652,46.50821,0.5615504,0.395,0.424,0.424,8.602,9.352,3.7020001
2023-04-30 18:00:00,6.252,49.688663,0.47982928,0.395,0.424,0.424,7.652,9.152,3.752
2023-04-30 19:00:00,5.202,51.859882,0.42692697,0.395,0.424,0.424,7.002,8.952,3.752
2023-04-30 20:00:00,4.552,53.05599,0.3978723,0.395,0.424,0.424,6.452,8.752,3.802
2023-04-30 21:00:00,4.202,52.561543,0.39232677,0.395,0.424,0.424,6.052,8.552,3.802
2023-04-30 22:00:00,4.152,50.599285,0.4071175,0.395,0.424,0.424,5.802,8.302,3.802
2023-04-30 23:00:00,4.352,47.673668,0.43730432,0.395,0.424,0.424,5.752,8.102,3.852
2023-05-01 00:00:00,4.552,46.654926,0.45209807,0.395,0.423,0.424,5.802,7.902,3.852
2023-05-01 01:00:00,4.402,50.288708,0.41691753,0.396,0.423,0.424,5.852,7.752,3.852
2023-05-01 02:00:00,4.452,54.032986,0.3868789,0.396,0.423,0.424,5.952,7.602,3.902
2023-05-01 03:00:00,4.352,57.122967,0.35836267,0.397,0.423,0.424,6.202,7.452,3.902
2023-05-01 04:00:00,4.152,63.32485,0.30227256,0.397,0.423,0.424,6.302,7.302,3.902
2023-05-01 05:00:00,5.402,61.55757,0.3457142,0.397,0.423,0.423,7.202,7.252,3.902
2023-05-01 06:00:00,7.202,56.81835,0.43961543,0.397,0.422,0.423,9.002,7.302,3.9520001
2023-05-01 07:00:00,9.402,48.41085,0.6096914,0.396,0.422,0.423,10.652,7.402,3.9520001
2023-05-01 08:00:00,10.352,42.05717,0.7297416,0.395,0.421,0.423,11.802,7.602,3.9520001
2023-05-01 09:00:00,11.252,36.10969,0.8542302,0.393,0.421,0.423,12.702,7.802,4.002
2023-05-01 10:00:00,11.752,32.1747,0.93729705,0.392,0.42,0.423,13.052,8.052,4.002
2023-05-01 11:00:00,11.952,30.34918,0.97528815,0.391,0.42,0.423,13.002,8.252,4.002
2023-05-01 12:00:00,11.752,29.609467,0.97273064,0.391,0.42,0.423,12.552,8.402,4.052
2023-05-01 13:00:00,11.152,29.999464,0.92970943,0.39,0.419,0.423,11.652,8.502,4.052
2023-05-01 14:00:00,9.902,33.23039,0.8159536,0.39,0.419,0.423,10.502,8.502,4.052
2023-05-01 15:00:00,7.902,37.88815,0.6631999,0.39,0.419,0.423,9.052,8.502,4.102
2023-05-01 16:00:00,6.452,41.998928,0.56081,0.39,0.419,0.423,7.852,8.352,4.102
2023-05-01 17:00:00,5.302,44.95898,0.49150383,0.39,0.419,0.423,6.902,8.252,4.102
2023-05-01 18:00:00,4.252,47.644493,0.4344924,0.39,0.419,0.423,6.102,8.052,4.152
2023-05-01 19:00:00,3.502,50.222427,0.39188534,0.39,0.419,0.423,5.402,7.852,4.152
2023-05-01 20:00:00,2.7020001,52.540863,0.35307434,0.39,0.419,0.423,4.752,7.652,4.152
2023-05-01 21:00:00,2.002,54.3867,0.3228469,0.39,0.418,0.423,4.202,7.402,4.152
2023-05-01 22:00:00,1.352,56.110394,0.2965232,0.391,0.418,0.423,3.7020001,7.152,4.202
2023-05-01 23:00:00,0.602,58.769314,0.2639173,0.391,0.418,0.423,3.252,6.902,4.202
2023-05-02 00:00:00,-0.24800001,62.26137,0.22713375,0.391,0.418,0.423,2.7020001,6.652,4.202
2023-05-02 01:00:00,-0.148,68.247604,0.19251248,0.391,0.418,0.423,2.7020001,6.402,4.202
2023-05-02 02:00:00,2.002,56.499813,0.30789742,0.391,0.418,0.423,3.902,6.202,4.202
2023-05-02 03:00:00,3.652,47.833744,0.41504627,0.391,0.418,0.423,5.402,6.152,4.202
2023-05-02 04:00:00,5.102,41.59325,0.51433396,0.39,0.418,0.422,6.952,6.152,4.252
2023-05-02 05:00:00,6.552,36.907925,0.6142151,0.389,0.417,0.422,8.402,6.252,4.252
2023-05-02 06:00:00,7.852,33.3796,0.7088898,0.389,0.417,0.422,9.802,6.402,4.252
2023-05-02 07:00:00,9.502,32.115074,0.8076142,0.387,0.416,0.422,11.102,6.602,4.252
2023-05-02 08:00:00,10.402,29.778507,0.88726914,0.386,0.416,0.422,12.052,6.852,4.252
2023-05-02 09:00:00,11.052,27.976995,0.95022976,0.385,0.415,0.422,12.652,7.102,4.252
2023-05-02 10:00:00,11.402,26.507822,0.9923482,0.384,0.415,0.422,12.902,7.402,4.302
2023-05-02 11:00:00,11.402,25.603207,1.0045531,0.383,0.414,0.422,12.752,7.602,4.302
2023-05-02 12:00:00,11.152,25.041616,0.9955067,0.382,0.414,0.422,12.202,7.802,4.302
2023-05-02 13:00:00,10.502,25.051678,0.953277,0.382,0.413,0.422,11.302,7.902,4.302
2023-05-02 14:00:00,9.202,29.42417,0.8228291,0.381,0.413,0.422,10.002,7.952,4.352
2023-05-02 15:00:00,7.252,33.327442,0.6809776,0.382,0.413,0.422,8.452,7.952,4.352
2023-05-02 16:00:00,5.502,37.16104,0.5689354,0.382,0.413,0.421,7.152,7.852,4.352
2023-05-02 17:00:00,4.102,40.813557,0.4859998,0.382,0.413,0.421,6.102,7.702,4.352
2023-05-02 18:00:00,3.002,44.2733,0.42345446,0.382,0.413,0.421,5.252,7.502,4.402
2023-05-02 19:00:00,2.152,46.483536,0.38282454,0.382,0.413,0.421,4.502,7.302,4.402
2023-05-02 20:00:00,1.1520001,51.903053,0.32029426,0.382,0.413,0.421,3.802,7.102,4.402
2023-05-02 21:00:00,0.052,58.40066,0.25587732,0.382,0.413,0.421,3.102,6.852,4.402
2023-05-02 22:00:00,-0.398,60.806824,0.23332149,0.382,0.413,0.421,2.402,6.552,4.402
2023-05-02 23:00:00,-0.29799998,58.760452,0.24729213,0.382,0.413,0.421,1.6520001,6.252,4.402
2023-05-03 00:00:00,-0.79800004,60.70552,0.2271932,0.383,0.413,0.421,1.052,5.952,4.402
2023-05-03 01:00:00,0.052,59.534264,0.24890801,0.383,0.412,0.421,1.1520001,5.702,4.402
2023-05-03 02:00:00,2.752,65.14055,0.26028895,0.383,0.412,0.421,2.302,5.502,4.402
2023-05-03 03:00:00,6.302,43.74164,0.5383756,0.383,0.412,0.421,5.602,5.502,4.402
2023-05-03 04:00:00,8.352,35.37527,0.7114332,0.382,0.412,0.421,7.852,5.602,4.402
2023-05-03 05:00:00,9.702,31.930004,0.82076,0.382,0.412,0.421,9.852,5.802,4.452
2023-05-03 06:00:00,10.852,29.683681,0.9154879,0.381,0.411,0.421,11.552,6.052,4.452
2023-05-03 07:00:00,12.652,28.227402,1.0522748,0.379,0.41,0.421,13.052,6.402,4.452
2023-05-03 08:00:00,13.502,26.703266,1.1359292,0.378,0.41,0.421,14.052,6.752,4.452
2023-05-03 09:00:00,14.102,25.488903,1.2006017,0.377,0.409,0.421,14.652,7.152,4.452
2023-05-03 10:00:00,14.452,24.636162,1.2421349,0.375,0.409,0.421,14.802,7.502,4.452
2023-05-03 11:00:00,14.502,24.094387,1.2551055,0.374,0.408,0.42,14.602,7.802,4.502
2023-05-03 12:00:00,14.302,23.765345,1.2443602,0.374,0.408,0.42,14.052,8.102,4.502
2023-05-03 13:00:00,13.752,24.069643,1.1960015,0.373,0.407,0.42,13.052,8.302,4.502
2023-05-03 14:00:00,12.402,29.353052,1.018938,0.373,0.407,0.42,11.702,8.402,4.502
2023-05-03 15:00:00,10.002,33.260277,0.82106614,0.373,0.407,0.42,10.002,8.452,4.552
2023-05-03 16:00:00,7.802,37.286114,0.66508096,0.373,0.407,0.42,8.652,8.402,4.552
2023-05-03 17:00:00,6.502,39.985645,0.58226573,0.373,0.407,0.42,7.652,8.302,4.552
2023-05-03 18:00:00,5.502,43.00869,0.5160276,0.373,0.407,0.42,6.852,8.152,4.552
2023-05-03 19:00:00,4.802,42.634914,0.49471214,0.373,0.407,0.42,6.202,8.002,4.602
2023-05-03 20:00:00,3.902,45.406925,0.44205293,0.373,0.407,0.42,5.502,7.802,4.602
2023-05-03 21:00:00,3.102,48.04045,0.3976538,0.373,0.407,0.42,4.902,7.602,4.602
2023-05-03 22:00:00,2.302,50.845417,0.35542312,0.374,0.407,0.42,4.302,7.402,4.602
2023-05-03 23:00:00,1.602,53.245193,0.32158616,0.374,0.407,0.42,3.752,7.152,4.652
2023-05-04 00:00:00,0.902,55.77413,0.28927523,0.374,0.407,0.42,3.252,6.902,4.652
2023-05-04 01:00:00,1.352,62.889946,0.25073728,0.374,0.406,0.42,3.352,6.702,4.652
2023-05-04 02:00:00,4.602,49.403316,0.4303188,0.374,0.406,0.42,4.802,6.552,4.652
2023-05-04 03:00:00,7.552,39.54561,0.6302976,0.374,0.406,0.42,6.902,6.552,4.652
2023-05-04 04:00:00,10.102,32.29404,0.838536,0.373,0.406,0.42,8.952,6.652,4.652
2023-05-04 05:00:00,11.702,27.317692,1.0010731,0.372,0.405,0.42,10.852,6.852,4.652
2023-05-04 06:00:00,12.902,25.636055,1.1082302,0.371,0.405,0.42,12.552,7.102,4.652
2023-05-04 07:00:00,14.052,24.995579,1.2046394,0.37,0.404,0.419,14.052,7.402,4.652
2023-05-04 08:00:00,14.902,23.840712,1.2921869,0.368,0.404,0.419,15.202,7.752,4.702
2023-05-04 09:00:00,15.602,23.14161,1.3639594,0.367,0.403,0.419,15.902,8.152,4.702
2023-05-04 10:00:00,16.001999,22.642992,1.408344,0.366,0.402,0.419,16.152,8.502,4.702
2023-05-04 11:00:00,16.202,22.019234,1.4379119,0.365,0.402,0.419,16.052,8.852,4.752
2023-05-04 12:00:00,16.052,21.895481,1.4264897,0.364,0.401,0.419,15.502,9.102,4.752
2023-05-04 13:00:00,15.652,22.462433,1.3804166,0.364,0.401,0.419,14.502,9.302,4.752
2023-05-04 14:00:00,14.452,30.738298,1.1415861,0.363,0.401,0.419,13.102,9.452,4.802
2023-05-04 15:00:00,11.652,37.18122,0.8624189,0.363,0.401,0.419,11.252,9.452,4.802
2023-05-04 16:00:00,9.352,41.45209,0.68959224,0.364,0.401,0.419,9.602,9.402,4.802
2023-05-04 17:00:00,7.652,45.820694,0.56876564,0.364,0.401,0.419,8.452,9.252,4.852
2023-05-04 18:00:00,6.552,48.3108,0.5032575,0.364,0.401,0.419,7.502,9.102,4.852
2023-05-04 19:00:00,6.002,50.364803,0.46528375,0.364,0.401,0.419,6.852,8.902,4.852
2023-05-04 20:00:00,5.252,52.85293,0.41957948,0.364,0.401,0.419,6.202,8.702,4.852
2023-05-04 21:00:00,4.602,55.715836,0.37665054,0.364,0.4,0.419,5.652,8.502,4.902
2023-05-04 22:00:00,3.902,59.174335,0.33061677,0.364,0.4,0.419,5.152,8.252,4.902
2023-05-04 23:00:00,3.302,61.958508,0.29532155,0.364,0.4,0.419,4.652,8.052,4.902
2023-05-05 00:00:00,2.752,64.41684,0.26569143,0.364,0.4,0.419,4.202,7.802,4.902
2023-05-05 01:00:00,3.502,70.04791,0.23583901,0.364,0.4,0.419,4.452,7.552,4.952
2023-05-05 02:00:00,7.502,57.730534,0.43924224,0.365,0.4,0.419,6.352,7.452,4.952
2023-05-05 03:00:00,11.352,41.58338,0.78624606,0.365,0.4,0.419,9.202,7.502,4.952
2023-05-05 04:00:00,14.002,33.696426,1.0614829,0.364,0.4,0.418,11.202,7.652,4.952
2023-05-05 05:00:00,15.652,28.036556,1.2812022,0.363,0.399,0.418,13.002,7.902,4.952
2023-05-05 06:00:00,16.902,25.319868,1.4396721,0.362,0.399,0.418,14.602,8.202,4.952
2023-05-05 07:00:00,18.402,22.35906,1.64502,0.36,0.398,0.418,16.001999,8.552,5.002
2023-05-05 08:00:00,19.252,20.732685,1.7709625,0.359,0.397,0.418,17.052,8.902,5.002
2023-05-05 09:00:00,19.802,19.812338,1.8537333,0.357,0.397,0.418,17.652,9.302,5.002
2023-05-05 10:00:00,20.102,19.302385,1.9004651,0.356,0.396,0.417,17.902,9.652,5.052
2023-05-05 11:00:00,20.152,19.170746,1.9094542,0.355,0.395,0.417,17.752,10.002,5.052
2023-05-05 12:00:00,19.852,19.456987,1.8677213,0.354,0.395,0.417,17.202,10.302,5.052
2023-05-05 13:00:00,19.202,21.831184,1.7409952,0.353,0.394,0.417,16.302,10.502,5.102
2023-05-05 14:00:00,17.502,29.09134,1.4197795,0.353,0.394,0.417,15.002,10.652,5.102
2023-05-05 15:00:00,14.602,34.372147,1.0922146,0.353,0.394,0.417,13.152,10.702,5.152
2023-05-05 16:00:00,12.052,39.56044,0.85192657,0.353,0.394,0.417,11.552,10.652,5.152
2023-05-05 17:00:00,10.302,43.778946,0.70570254,0.353,0.394,0.417,10.452,10.552,5.202
2023-05-05 18:00:00,9.102,47.447475,0.6086627,0.353,0.394,0.417,9.552,10.402,5.202
2023-05-05 19:00:00,8.252,52.703606,0.51720345,0.353,0.394,0.417,8.852,10.252,5.202
2023-05-05 20:00:00,8.002,53.60591,0.4987979,0.353,0.394,0.417,8.052,10.052,5.252
2023-05-05 21:00:00,8.902,47.915443,0.59516305,0.354,0.394,0.417,7.152,9.852,5.252
2023-05-05 22:00:00,8.402,48.66039,0.56714875,0.354,0.394,0.417,6.452,9.602,5.252
2023-05-05 23:00:00,6.952,53.912216,0.46123183,0.354,0.394,0.417,5.852,9.352,5.302
2023-05-06 00:00:00,5.402,59.994892,0.35976487,0.354,0.394,0.417,5.402,9.052,5.302
2023-05-06 01:00:00,5.352,69.16034,0.27638847,0.354,0.394,0.417,5.802,8.852,5.302
2023-05-06 02:00:00,9.552,62.330833,0.44969255,0.354,0.394,0.417,7.802,8.752,5.302
2023-05-06 03:00:00,14.452,40.410797,0.9821553,0.354,0.394,0.417,11.152,8.802,5.352
2023-05-06 04:00:00,17.702,29.575804,1.427952,0.354,0.393,0.417,13.352,9.002,5.352
2023-05-06 05:00:00,19.602,24.323593,1.7278755,0.353,0.393,0.417,15.452,9.252,5.352
2023-05-06 06:00:00,20.752,22.9046,1.8898177,0.351,0.392,0.416,17.202,9.602,5.352
2023-05-06 07:00:00,21.802,21.241686,2.0587776,0.35,0.391,0.416,18.602,10.002,5.402
2023-05-06 08:00:00,22.502,20.655521,2.1643045,0.349,0.391,0.416,19.702,10.402,5.402
2023-05-06 09:00:00,23.052,20.272581,2.2483642,0.347,0.39,0.416,20.402,10.852,5.452
2023-05-06 10:00:00,23.352,20.20128,2.2914715,0.346,0.389,0.416,20.652,11.252,5.452
2023-05-06 11:00:00,23.352,20.2751,2.2893503,0.345,0.389,0.416,20.502,11.652,5.502
2023-05-06 12:00:00,23.152,20.521538,2.2549102,0.344,0.388,0.415,19.952,11.952,5.502
2023-05-06 13:00:00,22.702,20.782795,2.18718,0.343,0.388,0.415,18.952,12.202,5.552
2023-05-06 14:00:00,21.752,25.454067,1.9426696,0.343,0.388,0.415,17.502,12.352,5.552
2023-05-06 15:00:00,18.802,31.771511,1.4821367,0.343,0.388,0.415,15.302,12.402,5.602
2023-05-06 16:00:00,15.452,39.840405,1.0574075,0.343,0.387,0.415,13.502,12.352,5.602
2023-05-06 17:00:00,12.652,47.767708,0.7658123,0.343,0.387,0.415,12.102,12.252,5.652
2023-05-06 18:00:00,10.802,52.825317,0.6122013,0.344,0.387,0.415,11.002,12.052,5.652
2023-05-06 19:00:00,9.452,55.97673,0.5220321,0.344,0.387,0.415,10.152,11.852,5.702
2023-05-06 20:00:00,8.852,57.45269,0.4845531,0.344,0.387,0.415,9.502,11.652,5.702
2023-05-06 21:00:00,8.352,59.64338,0.44432253,0.344,0.387,0.415,8.952,11.402,5.752
2023-05-06 22:00:00,7.952,62.1728,0.40531886,0.344,0.387,0.415,8.502,11.202,5.752
2023-05-06 23:00:00,7.602,65.05767,0.36559194,0.344,0.387,0.415,8.102,10.952,5.752
2023-05-07 00:00:00,7.302,67.60293,0.33209145,0.344,0.387,0.415,7.802,10.702,5.802
2023-05-07 01:00:00,8.152,71.48082,0.30976307,0.344,0.387,0.415,8.202,10.502,5.802
2023-05-07 02:00:00,12.352,57.12688,0.6163339,0.344,0.387,0.415,10.052,10.402,5.802
2023-05-07 03:00:00,16.452,43.065224,1.0666227,0.344,0.387,0.415,12.652,10.452,5.852
2023-05-07 04:00:00,19.702,35.11136,1.4906648,0.344,0.386,0.415,14.852,10.602,5.852
2023-05-07 05:00:00,22.402,29.12461,1.9214408,0.343,0.386,0.415,17.052,10.852,5.852
2023-05-07 06:00:00,24.102,24.661846,2.262981,0.341,0.385,0.415,18.852,11.152,5.902
2023-05-07 07:00:00,24.952,21.983644,2.4655163,0.34,0.384,0.414,20.252,11.552,5.902
2023-05-07 08:00:00,25.502,20.97336,2.5804088,0.338,0.384,0.414,21.352,11.952,5.952
2023-05-07 09:00:00,25.802,20.456282,2.6438541,0.337,0.383,0.414,21.952,12.352,5.952
2023-05-07 10:00:00,25.952,20.05843,2.680753,0.335,0.382,0.414,22.152,12.752,6.002
2023-05-07 11:00:00,25.852,20.105307,2.6633947,0.334,0.382,0.414,21.952,13.102,6.002
2023-05-07 12:00:00,25.402,20.649446,2.5756795,0.333,0.381,0.413,21.352,13.402,6.052
2023-05-07 13:00:00,24.552,23.084826,2.3734136,0.332,0.381,0.413,20.402,13.652,6.052
2023-05-07 14:00:00,22.302,27.204493,1.9615943,0.332,0.381,0.413,19.002,13.802,6.102
2023-05-07 15:00:00,19.502,31.297009,1.5588903,0.332,0.38,0.413,17.352,13.852,6.152
2023-05-07 16:00:00,17.752,35.16794,1.3186693,0.332,0.38,0.413,16.102,13.852,6.152
2023-05-07 17:00:00,16.552,38.349606,1.1623566,0.332,0.38,0.413,15.152,13.802,6.202
2023-05-07 18:00:00,15.402,41.566055,1.0237845,0.332,0.38,0.413,14.302,13.702,6.252
2023-05-07 19:00:00,14.652,43.620335,0.94131005,0.332,0.38,0.413,13.602,13.552,6.252
2023-05-07 20:00:00,13.752,46.072998,0.84944195,0.332,0.38,0.413,12.952,13.402,6.302
2023-05-07 21:00:00,13.052,47.880417,0.78440404,0.332,0.38,0.413,12.402,13.252,6.302
2023-05-07 22:00:00,12.452,49.44523,0.7315636,0.332,0.38,0.413,11.902,13.102,6.352
2023-05-07 23:00:00,11.752,52.146122,0.6613226,0.332,0.38,0.413,11.452,12.902,6.352
2023-05-08 00:00:00,11.002,55.38761,0.5866865,0.332,0.38,0.413,11.002,12.702,6.402
2023-05-08 01:00:00,11.352,61.234608,0.5217438,0.332,0.38,0.413,11.102,12.502,6.402
2023-05-08 02:00:00,14.352,52.296246,0.7811585,0.332,0.38,0.413,12.402,12.402,6.452
2023-05-08 03:00:00,17.602,41.324146,1.1821895,0.332,0.38,0.413,14.452,12.402,6.452
2023-05-08 04:00:00,20.352,34.083927,1.5763443,0.331,0.379,0.413,16.452,12.552,6.452
2023-05-08 05:00:00,22.702,28.800924,1.965641,0.33,0.379,0.413,18.452,12.752,6.502
2023-05-08 06:00:00,24.652,23.609787,2.3713062,0.329,0.378,0.412,20.202,13.002,6.502
2023-05-08 07:00:00,25.702,18.942736,2.6783216,0.328,0.377,0.412,21.452,13.302,6.552
2023-05-08 08:00:00,26.152,17.34096,2.8048968,0.326,0.377,0.412,22.202,13.652,6.552
2023-05-08 09:00:00,26.352,16.766392,2.857905,0.325,0.376,0.412,22.652,14.002,6.602
2023-05-08 10:00:00,26.302,16.754652,2.8499026,0.323,0.375,0.412,22.702,14.302,6.652
2023-05-08 11:00:00,26.252,16.620941,2.8460858,0.322,0.374,0.411,22.602,14.602,6.652
2023-05-08 12:00:00,25.902,16.35796,2.796697,0.321,0.374,0.411,22.102,14.852,6.702
2023-05-08 13:00:00,25.052,18.176538,2.6013787,0.321,0.373,0.411,21.252,15.052,6.752
2023-05-08 14:00:00,22.802,23.537516,2.1238885,0.32,0.373,0.411,20.002,15.152,6.752
2023-05-08 15:00:00,20.052,29.500874,1.6550854,0.32,0.373,0.411,18.352,15.202,6.802
2023-05-08 16:00:00,17.802,37.23842,1.2805594,0.32,0.373,0.411,16.952,15.152,6.852
2023-05-08 17:00:00,16.352,43.036545,1.0603988,0.32,0.373,0.411,15.952,15.052,6.852
2023-05-08 18:00:00,15.252,45.526768,0.9452401,0.32,0.373,0.411,15.102,14.902,6.902
2023-05-08 19:00:00,14.302,42.14265,0.9444116,0.32,0.373,0.411,14.452,14.752,6.902
2023-05-08 20:00:00,13.302,43.075138,0.87081313,0.32,0.373,0.411,13.802,14.602,6.952
2023-05-08 21:00:00,12.752,42.452442,0.8492898,0.32,0.373,0.411,13.402,14.402,7.002
2023-05-08 22:00:00,12.102,41.95616,0.8208552,0.32,0.373,0.411,13.002,14.252,7.002
2023-05-08 23:00:00,11.552,41.18753,0.8021104,0.32,0.373,0.411,12.602,14.052,7.052
2023-05-09 00:00:00,10.752,40.95141,0.7637422,0.32,0.373,0.411,12.102,13.852,7.052
2023-05-09 01:00:00,10.652,41.224762,0.7551671,0.32,0.373,0.411,12.002,13.652,7.102
2023-05-09 02:00:00,11.102,39.71647,0.79804456,0.32,0.373,0.411,12.352,13.452,7.102
2023-05-09 03:00:00,12.152,36.91894,0.89502347,0.32,0.372,0.411,13.152,13.352,7.102
2023-05-09 04:00:00,13.102,34.947514,0.9822547,0.319,0.372,0.411,13.952,13.302,7.152
2023-05-09 05:00:00,14.152,33.74059,1.0711302,0.319,0.372,0.411,14.902,13.252,7.152
2023-05-09 06:00:00,15.102,33.52693,1.1424602,0.318,0.371,0.41,16.001999,13.302,7.202
2023-05-09 07:00:00,14.452,38.56244,1.0126245,0.317,0.371,0.41,16.552,13.352,7.202
2023-05-09 08:00:00,14.902,39.67984,1.0234561,0.317,0.371,0.41,17.102,13.452,7.252
2023-05-09 09:00:00,15.202,40.629517,1.0269433,0.316,0.37,0.41,17.452,13.552,7.252
2023-05-09 10:00:00,15.152,41.939117,1.0010676,0.316,0.37,0.41,17.552,13.652,7.252
2023-05-09 11:00:00,14.552,44.2159,0.9253792,0.315,0.37,0.41,17.252,13.752,7.302
2023-05-09 12:00:00,13.402,47.97882,0.8009875,0.315,0.369,0.41,16.352,13.752,7.302
2023-05-09 13:00:00,11.852,53.486664,0.6470459,0.315,0.369,0.41,15.152,13.752,7.352
2023-05-09 14:00:00,10.452,59.5265,0.51314306,0.315,0.369,0.41,14.002,13.652,7.352
2023-05-09 15:00:00,9.252,64.73724,0.41256326,0.315,0.369,0.41,12.902,13.502,7.402
2023-05-09 16:00:00,8.052,70.95825,0.31330466,0.316,0.369,0.41,11.802,13.352,7.402
2023-05-09 17:00:00,7.552,73.93587,0.27177382,0.316,0.369,0.41,11.102,13.152,7.402
2023-05-09 18:00:00,7.452,74.1796,0.2674017,0.316,0.369,0.41,10.702,12.902,7.452
2023-05-09 19:00:00,6.952,73.30524,0.26716304,0.316,0.369,0.41,10.202,12.702,7.452
2023-05-09 20:00:00,6.902,71.4926,0.28432757,0.316,0.369,0.41,9.852,12.502,7.452
2023-05-09 21:00:00,6.852,69.2214,0.3059289,0.316,0.369,0.41,9.552,12.252,7.502
2023-05-09 22:00:00,6.852,66.30472,0.3349185,0.316,0.369,0.41,9.352,12.052,7.502
2023-05-09 23:00:00,6.902,63.05176,0.36851108,0.316,0.369,0.41,9.152,11.802,7.502
2023-05-10 00:00:00,7.102,59.54666,0.40903378,0.316,0.369,0.41,9.102,11.602,7.502
2023-05-10 01:00:00,7.502,57.10404,0.44575173,0.316,0.369,0.409,9.202,11.452,7.552
2023-05-10 02:00:00,8.452,51.052376,0.5425633,0.316,0.369,0.409,9.702,11.302,7.552
2023-05-10 03:00:00,9.702,45.571968,0.65632284,0.316,0.369,0.409,10.502,11.202,7.552
2023-05-10 04:00:00,11.252,41.250217,0.7855127,0.316,0.369,0.409,11.652,11.152,7.552
2023-05-10 05:00:00,12.552,38.70497,0.8928245,0.315,0.368,0.409,12.652,11.202,7.552
2023-05-10 06:00:00,13.902,36.761135,1.0058787,0.315,0.368,0.409,13.702,11.252,7.602
2023-05-10 07:00:00,15.002,36.288723,1.087976,0.314,0.368,0.409,15.152,11.402,7.602
2023-05-10 08:00:00,16.852,34.284386,1.2628258,0.314,0.367,0.409,16.452,11.552,7.602
2023-05-10 09:00:00,18.202,33.10617,1.3996168,0.313,0.367,0.409,17.502,11.802,7.602
2023-05-10 10:00:00,19.102,32.546474,1.492946,0.312,0.366,0.409,18.102,12.052,7.602
2023-05-10 11:00:00,19.652,32.47384,1.546493,0.312,0.366,0.408,18.352,12.302,7.652
2023-05-10 12:00:00,19.802,32.980618,1.5492077,0.311,0.365,0.408,18.152,12.502,7.652
2023-05-10 13:00:00,19.452,34.06443,1.491428,0.311,0.365,0.408,17.602,12.652,7.652
2023-05-10 14:00:00,18.352,36.744522,1.3359532,0.31,0.365,0.408,16.702,12.802,7.702
2023-05-10 15:00:00,17.302,39.25515,1.2009645,0.31,0.365,0.408,15.902,12.852,7.702
2023-05-10 16:00:00,16.452,42.017456,1.0862589,0.31,0.365,0.408,15.202,12.902,7.702
2023-05-10 17:00:00,15.652,45.003254,0.9790874,0.311,0.365,0.408,14.602,12.902,7.752
2023-05-10 18:00:00,14.602,51.279224,0.8107906,0.312,0.365,0.408,13.952,12.852,7.752
2023-05-10 19:00:00,15.702,43.153645,1.0152656,0.312,0.365,0.408,13.352,12.802,7.752
2023-05-10 20:00:00,16.102,38.4922,1.1269457,0.312,0.365,0.408,13.102,12.752,7.752
2023-05-10 21:00:00,15.802,39.94236,1.0795102,0.312,0.365,0.408,13.002,12.702,7.802
2023-05-10 22:00:00,14.502,46.122566,0.89086515,0.312,0.365,0.408,12.702,12.602,7.802
2023-05-10 23:00:00,12.802,54.309998,0.67648506,0.312,0.365,0.408,12.202,12.502,7.802
2023-05-11 00:00:00,11.102,62.475914,0.4967445,0.312,0.365,0.408,11.552,12.402,7.852
2023-05-11 01:00:00,10.752,66.91712,0.4278903,0.312,0.365,0.408,11.402,12.252,7.852
2023-05-11 02:00:00,11.552,60.854885,0.53386533,0.312,0.365,0.408,12.202,12.202,7.852
2023-05-11 03:00:00,13.002,54.55382,0.6817244,0.312,0.364,0.408,13.352,12.202,7.852
2023-05-11 04:00:00,14.902,48.059795,0.8812409,0.312,0.364,0.408,14.802,12.252,7.852
2023-05-11 05:00:00,16.702,43.74568,1.0707262,0.311,0.364,0.408,16.302,12.402,7.902
2023-05-11 06:00:00,18.402,40.2709,1.265394,0.31,0.363,0.408,17.902,12.602,7.902
2023-05-11 07:00:00,19.302,38.604656,1.3757972,0.31,0.363,0.407,19.252,12.852,7.902
2023-05-11 08:00:00,20.152,37.394615,1.4787636,0.309,0.362,0.407,20.202,13.102,7.952
2023-05-11 09:00:00,20.702,36.398865,1.5540693,0.308,0.362,0.407,20.702,13.402,7.952
2023-05-11 10:00:00,20.952,35.843304,1.5919068,0.307,0.361,0.407,21.002,13.702,7.952
2023-05-11 11:00:00,20.602,35.992466,1.5544188,0.307,0.361,0.407,20.702,13.952,8.002
2023-05-11 12:00:00,19.852,36.79124,1.4655979,0.306,0.361,0.407,20.052,14.152,8.002
2023-05-11 13:00:00,18.752,38.04399,1.3416224,0.306,0.36,0.406,19.052,14.302,8.052
2023-05-11 14:00:00,17.202,41.20893,1.1550056,0.306,0.36,0.406,17.752,14.352,8.052
2023-05-11 15:00:00,15.152,46.143917,0.928551,0.306,0.36,0.406,16.252,14.352,8.052
2023-05-11 16:00:00,13.552,50.635517,0.7675258,0.306,0.36,0.406,15.002,14.302,8.102
2023-05-11 17:00:00,12.252,54.16457,0.65461445,0.306,0.36,0.406,14.002,14.152,8.102
2023-05-11 18:00:00,11.252,56.046135,0.587682,0.306,0.36,0.406,13.152,14.052,8.152
2023-05-11 19:00:00,10.552,57.27314,0.5453342,0.306,0.36,0.406,12.452,13.852,8.152
2023-05-11 20:00:00,9.802,58.1093,0.5085436,0.306,0.36,0.406,11.852,13.702,8.152
2023-05-11 21:00:00,9.102,58.9792,0.4751106,0.306,0.36,0.406,11.252,13.452,8.202
2023-05-11 22:00:00,8.402,59.8707,0.44331926,0.306,0.36,0.406,10.702,13.252,8.202
2023-05-11 23:00:00,7.852,60.602367,0.41928387,0.306,0.36,0.406,10.202,13.052,8.202
2023-05-12 00:00:00,7.352,61.13933,0.39970762,0.306,0.36,0.406,9.752,12.802,8.202
2023-05-12 01:00:00,8.152,58.952377,0.44584095,0.306,0.36,0.406,9.902,12.602,8.252
2023-05-12 02:00:00,10.102,51.138443,0.605194,0.306,0.36,0.406,10.902,12.452,8.252
2023-05-12 03:00:00,12.452,42.827938,0.82732815,0.305,0.36,0.406,12.452,12.352,8.252
2023-05-12 04:00:00,14.302,33.16988,1.0908881,0.305,0.36,0.406,14.102,12.402,8.252
2023-05-12 05:00:00,15.602,28.33588,1.2717988,0.304,0.359,0.406,15.452,12.452,8.252
2023-05-12 06:00:00,16.752,24.71869,1.4375296,0.304,0.359,0.406,16.702,12.602,8.302
2023-05-12 07:00:00,17.602,25.233206,1.5065033,0.303,0.358,0.406,17.852,12.802,8.302
2023-05-12 08:00:00,18.252,24.043571,1.5942771,0.302,0.358,0.405,18.602,13.002,8.302
2023-05-12 09:00:00,18.802,22.972698,1.6733369,0.302,0.357,0.405,19.202,13.252,8.302
2023-05-12 10:00:00,19.152,22.393183,1.7231073,0.301,0.357,0.405,19.552,13.452,8.352
2023-05-12 11:00:00,19.252,22.089447,1.740648,0.3,0.356,0.405,19.502,13.702,8.352
2023-05-12 12:00:00,18.952,22.339725,1.7029469,0.3,0.356,0.405,19.052,13.852,8.352
2023-05-12 13:00:00,18.302,23.094423,1.619266,0.3,0.356,0.405,18.202,14.002,8.402
2023-05-12 14:00:00,16.852,26.263474,1.4169862,0.299,0.356,0.405,17.052,14.052,8.402
2023-05-12 15:00:00,14.802,30.275349,1.1754457,0.299,0.356,0.405,15.602,14.052,8.402
2023-05-12 16:00:00,13.552,33.563797,1.0329876,0.299,0.356,0.405,14.502,13.952,8.452
2023-05-12 17:00:00,12.802,36.43598,0.94115263,0.299,0.356,0.405,13.802,13.852,8.452
2023-05-12 18:00:00,11.952,39.821827,0.8426771,0.299,0.356,0.405,13.152,13.752,8.452
2023-05-12 19:00:00,10.952,42.544666,0.75307786,0.299,0.356,0.404,12.552,13.602,8.502
2023-05-12 20:00:00,10.502,43.040592,0.7245675,0.299,0.356,0.404,12.102,13.452,8.502
2023-05-12 21:00:00,10.152,42.77992,0.71108294,0.299,0.356,0.404,11.702,13.302,8.502
2023-05-12 22:00:00,9.602,43.413208,0.67778754,0.299,0.356,0.404,11.302,13.152,8.502
2023-05-12 23:00:00,9.052,44.55243,0.6400261,0.299,0.356,0.404,10.852,12.952,8.552
2023-05-13 00:00:00,8.752,45.632034,0.6149889,0.299,0.356,0.404,10.502,12.752,8.552
2023-05-13 01:00:00,9.052,48.311275,0.5966461,0.3,0.355,0.404,10.602,12.602,8.552
2023-05-13 02:00:00,9.952,47.517014,0.6435582,0.301,0.355,0.404,10.952,12.452,8.552
2023-05-13 03:00:00,9.852,59.58934,0.49222082,0.314,0.355,0.404,11.202,12.352,8.552
2023-05-13 04:00:00,10.452,60.80312,0.49695635,0.321,0.355,0.404,11.352,12.202,8.552
2023-05-13 05:00:00,11.802,55.596714,0.6156579,0.323,0.355,0.404,12.152,12.152,8.602
2023-05-13 06:00:00,13.402,52.77689,0.7270968,0.323,0.355,0.404,13.202,12.152,8.602
2023-05-13 07:00:00,14.952,51.91305,0.8184736,0.327,0.355,0.404,14.802,12.252,8.602
2023-05-13 08:00:00,16.602,49.720417,0.950911,0.327,0.355,0.404,15.852,12.352,8.602
2023-05-13 09:00:00,17.502,49.11594,1.0186981,0.327,0.355,0.404,16.652,12.502,8.602
2023-05-13 10:00:00,18.602,46.628628,1.14486,0.327,0.354,0.404,17.302,12.702,8.602
2023-05-13 11:00:00,17.852,52.151245,0.97923076,0.328,0.354,0.404,17.152,12.852,8.652
2023-05-13 12:00:00,15.102,76.50533,0.40368867,0.339,0.354,0.404,16.402,12.952,8.652
2023-05-13 13:00:00,14.502,75.90098,0.39839733,0.34,0.354,0.404,15.502,13.002,8.652
2023-05-13 14:00:00,13.802,75.53194,0.3865986,0.34,0.354,0.404,14.652,13.002,8.652
2023-05-13 15:00:00,12.702,75.09313,0.3663261,0.34,0.354,0.404,13.652,13.002,8.652
2023-05-13 16:00:00,11.452,74.87978,0.3403164,0.34,0.354,0.404,12.652,12.902,8.702
2023-05-13 17:00:00,10.652,70.96813,0.3730014,0.34,0.354,0.404,11.852,12.802,8.702
2023-05-13 18:00:00,9.902,66.96879,0.4036795,0.34,0.354,0.404,11.202,12.652,8.702
2023-05-13 19:00:00,8.952,69.40519,0.3507877,0.34,0.354,0.404,10.602,12.502,8.702
2023-05-13 20:00:00,8.402,68.319336,0.34998488,0.34,0.354,0.404,10.102,12.302,8.702
2023-05-13 21:00:00,7.652,71.89164,0.29509425,0.34,0.354,0.404,9.552,12.102,8.702
2023-05-13 22:00:00,6.952,77.30481,0.22713488,0.34,0.354,0.404,9.102,11.902,8.702
2023-05-13 23:00:00,6.802,82.050514,0.1778009,0.34,0.354,0.404,8.852,11.702,8.752
2023-05-14 00:00:00,7.002,86.79552,0.13260347,0.34,0.354,0.404,8.852,11.502,8.752
2023-05-14 01:00:00,7.802,87.780106,0.1296038,0.34,0.354,0.404,9.252,11.352,8.752
2023-05-14 02:00:00,8.152,85.125435,0.16155714,0.34,0.354,0.404,9.602,11.252,8.752
2023-05-14 03:00:00,7.852,85.68436,0.15234953,0.341,0.354,0.404,9.752,11.102,8.752
2023-05-14 04:00:00,6.952,86.187675,0.13823342,0.341,0.354,0.404,9.652,11.002,8.752
2023-05-14 05:00:00,6.352,81.415535,0.1784839,0.341,0.354,0.404,9.602,10.902,8.752
2023-05-14 06:00:00,5.852,77.95563,0.20453238,0.342,0.354,0.403,9.402,10.802,8.752
2023-05-14 07:00:00,6.002,70.80691,0.27367985,0.342,0.354,0.403,9.452,10.702,8.752
2023-05-14 08:00:00,6.852,65.59279,0.3419944,0.341,0.354,0.403,9.852,10.652,8.752
2023-05-14 09:00:00,7.602,61.865826,0.39898592,0.341,0.354,0.403,10.352,10.602,8.752
2023-05-14 10:00:00,8.502,57.57003,0.47191906,0.341,0.354,0.403,10.902,10.552,8.752
2023-05-14 11:00:00,9.102,52.743935,0.54732585,0.34,0.354,0.403,11.002,10.552,8.752
2023-05-14 12:00:00,9.602,48.644764,0.61513406,0.34,0.354,0.403,11.002,10.552,8.752
2023-05-14 13:00:00,9.952,45.47746,0.6685647,0.34,0.354,0.403,10.852,10.552,8.702
2023-05-14 14:00:00,9.702,46.585617,0.64410144,0.339,0.354,0.403,10.502,10.502,8.702
2023-05-14 15:00:00,9.052,49.74632,0.5800835,0.339,0.354,0.403,9.952,10.452,8.702
2023-05-14 16:00:00,7.202,61.9932,0.38693738,0.339,0.354,0.403,8.902,10.352,8.702
2023-05-14 17:00:00,5.152,70.893715,0.25725412,0.339,0.354,0.403,7.602,10.202,8.702
2023-05-14 18:00:00,4.002,75.173294,0.2024867,0.339,0.354,0.403,6.602,10.002,8.702
2023-05-14 19:00:00,3.302,76.7085,0.18082935,0.339,0.354,0.403,5.902,9.752,8.702
2023-05-14 20:00:00,2.752,78.59902,0.15980875,0.339,0.354,0.403,5.452,9.552,8.702
2023-05-14 21:00:00,2.102,81.12423,0.13458449,0.339,0.354,0.403,4.952,9.302,8.702
2023-05-14 22:00:00,1.452,83.74912,0.11060691,0.339,0.354,0.403,4.502,9.052,8.702
2023-05-14 23:00:00,0.752,86.4731,0.0875476,0.339,0.354,0.403,4.002,8.802,8.652
2023-05-15 00:00:00,0.252,88.023796,0.0747605,0.339,0.354,0.403,3.652,8.552,8.652
2023-05-15 01:00:00,1.802,85.33144,0.10237199,0.339,0.354,0.403,4.302,8.352,8.652
2023-05-15 02:00:00,5.852,64.424545,0.3300684,0.339,0.354,0.403,6.552,8.252,8.652
2023-05-15 03:00:00,9.352,52.621185,0.5580583,0.339,0.354,0.403,8.702,8.302,8.652
2023-05-15 04:00:00,12.402,44.229675,0.80440044,0.338,0.354,0.403,11.152,8.402,8.602
2023-05-15 05:00:00,14.802,36.229935,1.075059,0.337,0.353,0.403,13.352,8.652,8.602
2023-05-15 06:00:00,16.202,29.795076,1.2945474,0.336,0.353,0.403,15.202,9.002,8.602
2023-05-15 07:00:00,17.002,28.526937,1.3865954,0.335,0.352,0.402,16.502,9.352,8.602
2023-05-15 08:00:00,17.652,27.68176,1.461757,0.334,0.352,0.402,17.652,9.752,8.602
2023-05-15 09:00:00,18.202,26.937088,1.5287361,0.332,0.351,0.402,18.402,10.152,8.602
2023-05-15 10:00:00,18.452,26.810728,1.555548,0.331,0.351,0.402,18.702,10.552,8.602
2023-05-15 11:00:00,18.502,26.922947,1.5580281,0.33,0.351,0.402,18.602,10.902,8.602
2023-05-15 12:00:00,18.252,27.448227,1.5228037,0.329,0.35,0.402,18.002,11.252,8.602
2023-05-15 13:00:00,17.702,28.831709,1.4430432,0.329,0.35,0.402,17.052,11.502,8.602
2023-05-15 14:00:00,16.252,36.26279,1.1790128,0.328,0.35,0.401,15.752,11.652,8.602
2023-05-15 15:00:00,13.902,43.403996,0.9002074,0.328,0.35,0.401,14.102,11.702,8.602
2023-05-15 16:00:00,11.902,49.64579,0.70279264,0.328,0.35,0.401,12.652,11.702,8.602
2023-05-15 17:00:00,10.552,53.904068,0.58833677,0.328,0.35,0.401,11.602,11.652,8.602
2023-05-15 18:00:00,9.502,57.619286,0.5042451,0.328,0.35,0.401,10.702,11.552,8.602
2023-05-15 19:00:00,8.602,60.56849,0.44154793,0.328,0.35,0.401,9.902,11.452,8.602
2023-05-15 20:00:00,7.752,63.936043,0.38120323,0.328,0.35,0.401,9.252,11.302,8.602
2023-05-15 21:00:00,6.902,68.0032,0.31912947,0.328,0.35,0.401,8.602,11.102,8.602
2023-05-15 22:00:00,5.952,73.38288,0.24867117,0.328,0.35,0.401,8.002,10.902,8.602
2023-05-15 23:00:00,5.352,76.770935,0.20818478,0.328,0.35,0.401,7.302,10.702,8.602
2023-05-16 00:00:00,6.102,71.593254,0.2681535,0.328,0.35,0.401,6.752,10.502,8.602
2023-05-16 01:00:00,7.102,68.04559,0.3231036,0.328,0.35,0.401,7.302,10.302,8.602
2023-05-16 02:00:00,10.102,61.583977,0.47581357,0.328,0.35,0.401,9.652,10.252,8.602
2023-05-16 03:00:00,13.652,48.90671,0.79958975,0.328,0.35,0.401,12.052,10.302,8.602
2023-05-16 04:00:00,16.102,39.887657,1.1013708,0.327,0.35,0.401,14.352,10.502,8.602
2023-05-16 05:00:00,17.452,35.332016,1.2907141,0.326,0.35,0.401,16.202,10.752,8.602
2023-05-16 06:00:00,18.552,32.27215,1.4484639,0.325,0.349,0.401,17.802,11.052,8.602
2023-05-16 07:00:00,19.352,32.967793,1.5068607,0.324,0.349,0.401,18.752,11.402,8.602
2023-05-16 08:00:00,19.952,32.10219,1.5841587,0.323,0.348,0.4,19.652,11.752,8.652
2023-05-16 09:00:00,20.502,29.734344,1.6960309,0.322,0.348,0.4,20.002,12.102,8.652
2023-05-16 10:00:00,20.802,28.368683,1.761214,0.321,0.348,0.4,20.052,12.452,8.652
2023-05-16 11:00:00,20.702,28.748468,1.7411367,0.32,0.347,0.4,19.752,12.752,8.652
2023-05-16 12:00:00,20.302,30.318752,1.661315,0.319,0.347,0.4,19.402,13.002,8.652
2023-05-16 13:00:00,19.402,32.63292,1.519103,0.319,0.347,0.4,18.552,13.202,8.652
2023-05-16 14:00:00,17.802,37.502747,1.2751639,0.318,0.347,0.4,17.302,13.302,8.702
2023-05-16 15:00:00,15.752,42.26202,1.0344942,0.318,0.347,0.4,15.852,13.402,8.702
2023-05-16 16:00:00,14.052,46.32231,0.86211866,0.318,0.347,0.4,14.602,13.352,8.702
2023-05-16 17:00:00,12.602,50.195755,0.72782165,0.318,0.347,0.4,13.452,13.302,8.702
2023-05-16 18:00:00,11.452,53.00084,0.636772,0.318,0.347,0.4,12.552,13.202,8.752
2023-05-16 19:00:00,10.652,55.0989,0.57691276,0.318,0.347,0.4,11.802,13.052,8.752
2023-05-16 20:00:00,9.802,56.87689,0.5235052,0.318,0.347,0.4,11.152,12.902,8.752
2023-05-16 21:00:00,9.002,58.954113,0.47220844,0.318,0.347,0.4,10.552,12.702,8.752
2023-05-16 22:00:00,8.252,61.138023,0.424976,0.318,0.347,0.4,10.002,12.552,8.752
2023-05-16 23:00:00,7.752,62.57346,0.3956055,0.318,0.347,0.4,9.502,12.302,8.802
2023-05-17 00:00:00,7.602,62.537865,0.3919549,0.318,0.347,0.4,9.202,12.102,8.802
2023-05-17 01:00:00,8.902,59.566235,0.4620399,0.318,0.347,0.4,9.602,11.952,8.802
2023-05-17 02:00:00,11.052,52.892918,0.62155354,0.318,0.347,0.4,10.752,11.852,8.802
2023-05-17 03:00:00,12.902,47.667953,0.7799247,0.317,0.346,0.399,12.152,11.802,8.802
2023-05-17 04:00:00,14.852,42.756386,0.9681261,0.317,0.346,0.399,13.752,11.852,8.802
2023-05-17 05:00:00,16.652,37.701836,1.1820521,0.316,0.346,0.399,15.452,12.002,8.802
2023-05-17 06:00:00,17.802,33.70715,1.3526397,0.315,0.346,0.399,16.852,12.152,8.802
2023-05-17 07:00:00,18.652,32.649017,1.4494296,0.314,0.345,0.399,17.952,12.402,8.802
2023-05-17 08:00:00,19.352,30.481564,1.5627792,0.313,0.345,0.399,18.852,12.652,8.852
2023-05-17 09:00:00,19.752,29.205425,1.631464,0.312,0.344,0.399,19.452,12.902,8.852
2023-05-17 10:00:00,19.752,28.685707,1.6434467,0.311,0.344,0.398,19.702,13.202,8.852
2023-05-17 11:00:00,19.302,28.661476,1.5987389,0.311,0.344,0.398,19.452,13.402,8.852
2023-05-17 12:00:00,18.302,29.320015,1.4881601,0.31,0.343,0.398,18.752,13.602,8.852
2023-05-17 13:00:00,17.002,30.35577,1.35111,0.31,0.343,0.398,17.702,13.752,8.902
2023-05-17 14:00:00,15.502,31.387802,1.2098689,0.309,0.343,0.398,16.502,13.802,8.902
2023-05-17 15:00:00,13.902,31.383678,1.0914075,0.309,0.343,0.398,15.252,13.802,8.902
2023-05-17 16:00:00,12.752,30.930138,1.0193169,0.309,0.343,0.398,14.252,13.752,8.952
2023-05-17 17:00:00,11.852,31.131847,0.95799977,0.309,0.343,0.398,13.452,13.652,8.952
2023-05-17 18:00:00,11.002,32.194977,0.8916482,0.309,0.343,0.398,12.752,13.552,8.952
2023-05-17 19:00:00,10.402,33.506145,0.8401958,0.309,0.343,0.398,12.152,13.402,8.952
2023-05-17 20:00:00,9.652,35.363235,0.7767763,0.308,0.343,0.398,11.602,13.252,8.952
2023-05-17 21:00:00,8.802,39.32539,0.6886257,0.31,0.343,0.398,11.102,13.102,9.002
2023-05-17 22:00:00,7.902,45.215435,0.584994,0.311,0.343,0.398,10.502,12.902,9.002
2023-05-17 23:00:00,7.752,42.54638,0.6072507,0.311,0.343,0.398,10.102,12.702,9.002
2023-05-18 00:00:00,7.502,40.900517,0.6140791,0.311,0.343,0.398,9.902,12.502,9.002
2023-05-18 01:00:00,7.252,41.291653,0.5996835,0.311,0.343,0.398,9.802,12.302,9.002
2023-05-18 02:00:00,7.352,40.547497,0.6114478,0.31,0.343,0.398,9.852,12.152,9.002
2023-05-18 03:00:00,7.552,40.149326,0.6240065,0.31,0.343,0.398,9.902,12.002,9.002
2023-05-18 04:00:00,8.552,37.65429,0.6957214,0.31,0.343,0.398,10.402,11.852,9.002
2023-05-18 05:00:00,9.902,34.6445,0.7986815,0.31,0.343,0.398,11.252,11.802,9.002
2023-05-18 06:00:00,10.552,33.172844,0.8528899,0.309,0.343,0.398,11.752,11.752,9.052
2023-05-18 07:00:00,10.102,37.835144,0.76993906,0.309,0.343,0.398,11.902,11.702,9.052
2023-05-18 08:00:00,10.302,38.60772,0.7705989,0.31,0.343,0.398,11.902,11.702,9.052
2023-05-18 09:00:00,10.852,38.34258,0.80279624,0.31,0.342,0.397,12.102,11.652,9.052
2023-05-18 10:00:00,11.002,38.38723,0.8102451,0.311,0.342,0.397,12.052,11.652,9.052
2023-05-18 11:00:00,11.352,37.22983,0.84483194,0.311,0.342,0.397,12.052,11.602,9.052
2023-05-18 12:00:00,11.402,37.106842,0.84929204,0.311,0.342,0.397,11.902,11.602,9.052
2023-05-18 13:00:00,11.452,36.574776,0.85931236,0.311,0.342,0.397,11.702,11.552,9.052
2023-05-18 14:00:00,11.202,36.364685,0.8480084,0.311,0.342,0.397,11.452,11.502,9.052
2023-05-18 15:00:00,10.902,35.73718,0.83949316,0.311,0.342,0.397,11.102,11.452,9.052
2023-05-18 16:00:00,10.652,34.090794,0.84679925,0.311,0.342,0.397,10.802,11.402,9.052
2023-05-18 17:00:00,10.502,32.04641,0.8643744,0.311,0.342,0.397,10.602,11.302,9.052
2023-05-18 18:00:00,10.352,30.805904,0.87138474,0.311,0.342,0.397,10.402,11.252,9.052
2023-05-18 19:00:00,9.102,33.11731,0.7745671,0.311,0.342,0.397,10.002,11.152,9.052
2023-05-18 20:00:00,8.702,34.02345,0.7437235,0.31,0.342,0.397,9.652,11.052,9.052
2023-05-18 21:00:00,8.252,35.2104,0.7084249,0.31,0.342,0.397,9.352,10.952,9.052
2023-05-18 22:00:00,7.902,36.195534,0.6812618,0.31,0.342,0.397,9.052,10.802,9.052
2023-05-18 23:00:00,7.502,37.480537,0.64959466,0.31,0.342,0.397,8.802,10.702,9.052
2023-05-19 00:00:00,7.152,38.681686,0.6220565,0.31,0.342,0.397,8.552,10.552,9.052
2023-05-19 01:00:00,7.352,40.70127,0.6098671,0.31,0.342,0.397,8.602,10.452,9.052
2023-05-19 02:00:00,8.302,39.17548,0.6673532,0.31,0.342,0.397,9.202,10.352,9.052
2023-05-19 03:00:00,9.802,36.629013,0.76927,0.309,0.342,0.397,10.302,10.352,9.002
2023-05-19 04:00:00,11.402,34.058376,0.89044595,0.309,0.342,0.397,11.752,10.402,9.002
2023-05-19 05:00:00,13.052,31.01822,1.038179,0.308,0.341,0.397,13.302,10.502,9.002
2023-05-19 06:00:00,14.502,26.585836,1.2139252,0.308,0.341,0.397,14.752,10.702,9.002
2023-05-19 07:00:00,16.152,20.703798,1.4575065,0.307,0.341,0.396,16.001999,10.902,9.002
2023-05-19 08:00:00,17.002,20.06978,1.5506482,0.306,0.34,0.396,17.002,11.202,9.002
2023-05-19 09:00:00,17.552,19.75691,1.6117471,0.305,0.34,0.396,17.602,11.452,9.002
2023-05-19 10:00:00,17.902,19.326075,1.6564912,0.304,0.34,0.396,17.902,11.702,9.002
2023-05-19 11:00:00,18.002,18.914446,1.6754344,0.304,0.339,0.396,17.852,12.002,9.002
2023-05-19 12:00:00,17.752,18.636051,1.6549668,0.303,0.339,0.396,17.452,12.202,9.052
2023-05-19 13:00:00,17.252,18.796347,1.6004452,0.303,0.339,0.396,16.802,12.352,9.052
2023-05-19 14:00:00,16.252,20.969027,1.4619164,0.302,0.339,0.396,15.802,12.502,9.052
2023-05-19 15:00:00,14.652,23.501467,1.2772053,0.302,0.339,0.396,14.602,12.552,9.052
2023-05-19 16:00:00,13.152,26.704508,1.1102988,0.302,0.339,0.396,13.502,12.502,9.052
2023-05-19 17:00:00,12.152,29.28003,1.0033737,0.302,0.339,0.396,12.602,12.452,9.052
2023-05-19 18:00:00,11.652,30.490986,0.9542358,0.302,0.339,0.395,11.952,12.402,9.052
2023-05-19 19:00:00,12.452,27.850277,1.0440217,0.302,0.339,0.395,11.802,12.302,9.052
2023-05-19 20:00:00,12.352,27.296665,1.0451453,0.302,0.339,0.395,11.702,12.252,9.052
2023-05-19 21:00:00,11.952,27.38994,1.0167025,0.301,0.339,0.395,11.502,12.152,9.102
2023-05-19 22:00:00,11.452,28.201025,0.9727135,0.301,0.339,0.395,11.302,12.052,9.102
2023-05-19 23:00:00,10.502,30.383139,0.88551867,0.301,0.339,0.395,10.852,11.952,9.102
2023-05-20 00:00:00,9.802,32.5749,0.818458,0.301,0.339,0.395,10.452,11.852,9.102
2023-05-20 01:00:00,10.252,34.2289,0.82279015,0.301,0.339,0.395,10.552,11.752,9.102
2023-05-20 02:00:00,11.352,33.285793,0.897899,0.301,0.339,0.395,11.202,11.702,9.102
2023-05-20 03:00:00,13.052,30.102673,1.051954,0.301,0.338,0.395,12.452,11.652,9.102
2023-05-20 04:00:00,14.752,27.46871,1.2188224,0.3,0.338,0.395,13.852,11.752,9.102
2023-05-20 05:00:00,16.402,24.164408,1.4162807,0.3,0.338,0.395,15.352,11.852,9.102
2023-05-20 06:00:00,17.652,21.501112,1.5866878,0.299,0.338,0.395,16.752,12.052,9.102
2023-05-20 07:00:00,18.752,20.757689,1.7160927,0.298,0.337,0.395,18.002,12.302,9.102
2023-05-20 08:00:00,19.252,20.347986,1.7795573,0.297,0.337,0.394,18.602,12.552,9.102
2023-05-20 09:00:00,20.152,19.606585,1.8991575,0.297,0.336,0.394,19.402,12.802,9.152
2023-05-20 10:00:00,20.702,19.237865,1.9736488,0.296,0.336,0.394,19.852,13.102,9.152
2023-05-20 11:00:00,20.952,19.373114,2.0008411,0.295,0.336,0.394,19.952,13.352,9.152
2023-05-20 12:00:00,20.802,19.846031,1.970863,0.295,0.335,0.394,19.652,13.602,9.152
2023-05-20 13:00:00,20.352,20.786917,1.8945096,0.294,0.335,0.394,19.002,13.802,9.152
2023-05-20 14:00:00,19.202,23.510921,1.7035781,0.294,0.335,0.394,18.002,13.902,9.202
2023-05-20 15:00:00,17.252,26.867075,1.4414037,0.294,0.335,0.394,16.702,14.002,9.202
2023-05-20 16:00:00,15.602,30.507662,1.2332579,0.294,0.335,0.394,15.502,14.002,9.202
2023-05-20 17:00:00,14.352,33.55229,1.0881567,0.294,0.335,0.394,14.502,13.952,9.202
2023-05-20 18:00:00,13.402,35.817173,0.98826134,0.294,0.335,0.394,13.702,13.852,9.252
2023-05-20 19:00:00,13.352,34.636684,1.003165,0.294,0.335,0.394,13.152,13.752,9.252
2023-05-20 20:00:00,12.652,36.52579,0.9306411,0.293,0.335,0.394,12.702,13.652,9.252
2023-05-20 21:00:00,11.902,38.796936,0.8542092,0.293,0.335,0.394,12.252,13.502,9.252
2023-05-20 22:00:00,11.102,41.205975,0.77832925,0.293,0.335,0.393,11.752,13.352,9.252
2023-05-20 23:00:00,10.302,43.939926,0.7036822,0.293,0.335,0.393,11.252,13.202,9.302
2023-05-21 00:00:00,9.802,46.105206,0.6542642,0.293,0.335,0.393,10.802,13.002,9.302
2023-05-21 01:00:00,10.652,46.85838,0.6827918,0.293,0.335,0.393,11.102,12.852,9.302
2023-05-21 02:00:00,12.802,41.856796,0.8608921,0.293,0.335,0.393,12.252,12.802,9.302
2023-05-21 03:00:00,15.152,36.596447,1.0932037,0.293,0.335,0.393,13.952,12.802,9.302
2023-05-21 04:00:00,17.352,32.156525,1.3456007,0.292,0.335,0.393,15.802,12.852,9.302
2023-05-21 05:00:00,19.302,27.94593,1.6147814,0.292,0.334,0.393,17.602,13.052,9.302
2023-05-21 06:00:00,20.602,24.5074,1.8335185,0.291,0.334,0.393,19.202,13.302,9.352
2023-05-21 07:00:00,21.552,22.291042,2.0005746,0.291,0.333,0.393,20.402,13.552,9.352
2023-05-21 08:00:00,22.102,20.327255,2.1210961,0.29,0.333,0.392,21.352,13.852,9.352
2023-05-21 09:00:00,22.202,19.401114,2.1588528,0.289,0.333,0.392,21.452,14.152,9.352
2023-05-21 10:00:00,21.902,19.541264,2.116106,0.289,0.332,0.392,21.002,14.402,9.352
2023-05-21 11:00:00,21.552,20.11185,2.0567014,0.288,0.332,0.392,20.552,14.602,9.402
2023-05-21 12:00:00,21.252,20.484854,2.009874,0.288,0.332,0.392,20.152,14.802,9.402
2023-05-21 13:00:00,20.802,20.981329,1.9429405,0.288,0.332,0.392,19.602,14.952,9.402
2023-05-21 14:00:00,19.652,23.807268,1.74507,0.287,0.331,0.392,18.702,15.002,9.452
2023-05-21 15:00:00,17.402,27.81427,1.4362686,0.287,0.331,0.392,17.252,15.052,9.452
2023-05-21 16:00:00,15.552,31.51768,1.21145,0.287,0.331,0.392,15.902,15.002,9.452
2023-05-21 17:00:00,14.152,35.00065,1.0507607,0.287,0.331,0.392,14.852,14.902,9.502
2023-05-21 18:00:00,12.902,39.092567,0.90773624,0.287,0.331,0.392,13.852,14.802,9.502
2023-05-21 19:00:00,11.652,42.439236,0.79024166,0.287,0.331,0.392,12.952,14.602,9.502
2023-05-21 20:00:00,10.352,48.32814,0.6507723,0.287,0.331,0.392,12.102,14.402,9.502
2023-05-21 21:00:00,9.202,53.54119,0.5417283,0.287,0.331,0.392,11.302,14.202,9.552
2023-05-21 22:00:00,8.302,56.897995,0.4729417,0.287,0.331,0.392,10.552,13.952,9.552
2023-05-21 23:00:00,7.752,58.638775,0.43719333,0.287,0.331,0.392,9.952,13.702,9.552
2023-05-22 00:00:00,7.502,58.57533,0.43046445,0.287,0.331,0.392,9.602,13.452,9.552
2023-05-22 01:00:00,9.102,61.56282,0.44518638,0.287,0.331,0.392,10.202,13.252,9.552
2023-05-22 02:00:00,13.202,43.201298,0.8632391,0.287,0.331,0.391,12.302,13.152,9.552
2023-05-22 03:00:00,16.502,35.434948,1.2134669,0.287,0.331,0.391,14.502,13.152,9.602
2023-05-22 04:00:00,19.202,29.897429,1.5612904,0.287,0.331,0.391,16.652,13.252,9.602
2023-05-22 05:00:00,21.052,25.170916,1.868335,0.286,0.331,0.391,18.502,13.452,9.602
2023-05-22 06:00:00,22.202,21.345861,2.1067371,0.286,0.33,0.391,20.052,13.702,9.602
2023-05-22 07:00:00,22.552,22.55567,2.1188562,0.285,0.33,0.391,21.002,14.002,9.602
2023-05-22 08:00:00,23.152,22.632679,2.1949723,0.285,0.33,0.391,22.302,14.302,9.602
2023-05-22 09:00:00,23.302,23.001093,2.2043624,0.284,0.329,0.39,22.902,14.652,9.652
2023-05-22 10:00:00,23.402,23.27706,2.2097292,0.284,0.329,0.39,23.002,14.952,9.652
2023-05-22 11:00:00,23.302,23.502169,2.190006,0.283,0.328,0.39,22.852,15.252,9.652
2023-05-22 12:00:00,22.802,23.878548,2.1144087,0.283,0.328,0.39,22.352,15.502,9.702
2023-05-22 13:00:00,22.102,24.560421,2.0083342,0.283,0.328,0.39,21.352,15.652,9.702
2023-05-22 14:00:00,21.002,27.822351,1.7965776,0.283,0.328,0.39,20.202,15.802,9.702
2023-05-22 15:00:00,18.902,32.14292,1.483287,0.282,0.328,0.39,18.652,15.852,9.752
2023-05-22 16:00:00,16.952,35.949986,1.2386277,0.282,0.328,0.39,17.202,15.802,9.752
2023-05-22 17:00:00,15.802,38.40459,1.1071584,0.282,0.328,0.39,16.152,15.752,9.752
2023-05-22 18:00:00,14.902,40.979443,1.0014012,0.282,0.328,0.39,15.352,15.602,9.802
2023-05-22 19:00:00,13.952,47.289215,0.84112,0.282,0.328,0.39,14.602,15.502,9.802
2023-05-22 20:00:00,13.002,51.56677,0.72654057,0.282,0.328,0.39,13.902,15.352,9.802
2023-05-22 21:00:00,12.102,56.068394,0.6212665,0.282,0.328,0.39,13.252,15.152,9.852
2023-05-22 22:00:00,11.252,60.56945,0.52719724,0.282,0.328,0.39,12.652,14.952,9.852
2023-05-22 23:00:00,10.502,65.246414,0.4420873,0.282,0.328,0.39,12.052,14.752,9.852
2023-05-23 00:00:00,10.052,68.42269,0.3898002,0.282,0.328,0.39,11.652,14.502,9.852
2023-05-23 01:00:00,11.652,68.75228,0.42896843,0.282,0.328,0.389,12.202,14.352,9.902
2023-05-23 02:00:00,15.752,50.88051,0.88002926,0.282,0.328,0.389,14.202,14.252,9.902
2023-05-23 03:00:00,19.002,40.866917,1.3005733,0.282,0.328,0.389,16.352,14.302,9.902
2023-05-23 04:00:00,21.402,32.86081,1.7125218,0.282,0.327,0.389,18.452,14.452,9.902
2023-05-23 05:00:00,22.802,26.203976,2.0497656,0.281,0.327,0.389,20.252,14.652,9.902
2023-05-23 06:00:00,23.352,22.849432,2.2153728,0.281,0.327,0.389,21.302,14.852,9.952
2023-05-23 07:00:00,23.952,20.576857,2.364442,0.28,0.326,0.389,22.352,15.152,9.952
2023-05-23 08:00:00,24.052,19.226767,2.4191265,0.28,0.326,0.388,22.852,15.402,9.952
2023-05-23 09:00:00,24.302,18.1266,2.489083,0.279,0.326,0.388,23.252,15.702,10.002
2023-05-23 10:00:00,24.402,17.755562,2.5153675,0.279,0.325,0.388,23.352,15.952,10.002
2023-05-23 11:00:00,24.202,17.448124,2.4947486,0.279,0.325,0.388,23.152,16.202,10.002
2023-05-23 12:00:00,23.602,18.155754,2.3858857,0.278,0.325,0.388,22.552,16.402,10.052
2023-05-23 13:00:00,22.752,20.493906,2.2018158,0.278,0.324,0.388,21.752,16.552,10.052
2023-05-23 14:00:00,21.552,23.457214,1.9705365,0.278,0.324,0.388,20.702,16.652,10.052
2023-05-23 15:00:00,19.602,27.330503,1.6591959,0.278,0.324,0.388,19.352,16.702,10.102
2023-05-23 16:00:00,17.502,32.199993,1.3575203,0.278,0.324,0.388,17.902,16.652,10.102
2023-05-23 17:00:00,16.001999,36.450775,1.15696,0.278,0.324,0.387,16.752,16.552,10.152
2023-05-23 18:00:00,14.902,39.537716,1.0258679,0.278,0.324,0.387,15.802,16.402,10.152
2023-05-23 19:00:00,14.152,41.79835,0.940862,0.278,0.324,0.387,15.052,16.252,10.152
2023-05-23 20:00:00,13.302,44.013527,0.8564566,0.278,0.324,0.387,14.402,16.102,10.202
2023-05-23 21:00:00,12.352,47.17329,0.7594449,0.278,0.324,0.387,13.752,15.902,10.202
2023-05-23 22:00:00,11.402,50.583065,0.66732186,0.277,0.324,0.387,13.052,15.652,10.202
2023-05-23 23:00:00,10.552,54.291096,0.5833968,0.277,0.324,0.387,12.452,15.452,10.202
2023-05-24 00:00:00,10.252,55.985195,0.5506511,0.277,0.324,0.387,12.102,15.202,10.252
2023-05-24 01:00:00,11.652,57.149284,0.58828014,0.277,0.324,0.387,12.602,15.002,10.252
2023-05-24 02:00:00,14.952,43.861897,0.9555513,0.277,0.324,0.387,14.252,14.902,10.252
2023-05-24 03:00:00,17.852,35.071934,1.3289526,0.277,0.324,0.387,16.202,14.902,10.252
2023-05-24 04:00:00,20.302,27.231192,1.7349694,0.277,0.324,0.387,18.202,15.002,10.302
2023-05-24 05:00:00,21.752,22.425585,2.0216403,0.277,0.324,0.387,20.152,15.152,10.302
2023-05-24 06:00:00,22.502,21.817657,2.1325858,0.276,0.323,0.387,21.552,15.352,10.302
2023-05-24 07:00:00,23.052,21.489128,2.2140343,0.276,0.323,0.387,22.702,15.652,10.302
2023-05-24 08:00:00,23.452,20.449022,2.298153,0.275,0.322,0.386,23.552,15.902,10.352
2023-05-24 09:00:00,23.702,19.924313,2.3483717,0.275,0.322,0.386,24.102,16.202,10.352
2023-05-24 10:00:00,23.802,19.732683,2.3681788,0.275,0.322,0.386,24.302,16.502,10.352
2023-05-24 11:00:00,23.702,19.924313,2.3483717,0.274,0.321,0.386,24.102,16.752,10.402
2023-05-24 12:00:00,23.352,20.498001,2.2829452,0.274,0.321,0.386,23.502,16.952,10.402
2023-05-24 13:00:00,22.652,21.541336,2.159674,0.274,0.321,0.385,22.602,17.152,10.402
2023-05-24 14:00:00,21.502,24.66354,1.9335469,0.274,0.321,0.385,21.402,17.252,10.452
2023-05-24 15:00:00,19.402,28.89726,1.6033835,0.274,0.321,0.385,19.802,17.252,10.452
2023-05-24 16:00:00,17.602,32.93223,1.3513412,0.273,0.321,0.385,18.352,17.202,10.502
2023-05-24 17:00:00,16.252,36.393143,1.1766009,0.273,0.321,0.385,17.202,17.102,10.502
2023-05-24 18:00:00,15.002,40.426414,1.0173063,0.273,0.321,0.385,16.202,16.952,10.502
2023-05-24 19:00:00,13.852,45.450195,0.8648467,0.273,0.321,0.385,15.252,16.802,10.552
2023-05-24 20:00:00,12.602,50.913525,0.717331,0.273,0.321,0.385,14.402,16.552,10.552
2023-05-24 21:00:00,11.602,54.56963,0.62164444,0.273,0.321,0.385,13.602,16.352,10.552
2023-05-24 22:00:00,10.952,55.57177,0.5823295,0.273,0.321,0.385,12.952,16.102,10.602
2023-05-24 23:00:00,10.452,56.237434,0.55484605,0.273,0.321,0.385,12.452,15.852,10.602
2023-05-25 00:00:00,10.052,57.759605,0.52143896,0.273,0.321,0.385,12.102,15.602,10.602
2023-05-25 01:00:00,11.402,60.393513,0.5348311,0.273,0.321,0.385,12.652,15.402,10.602
2023-05-25 02:00:00,14.902,45.26707,0.92863667,0.273,0.321,0.385,14.502,15.302,10.652
2023-05-25 03:00:00,18.002,38.49898,1.2706935,0.273,0.321,0.385,16.602,15.252,10.652
2023-05-25 04:00:00,21.002,31.503553,1.7048893,0.273,0.32,0.385,18.952,15.352,10.652
2023-05-25 05:00:00,23.002,23.761122,2.1434336,0.273,0.32,0.385,21.052,15.552,10.652
2023-05-25 06:00:00,24.002,22.612904,2.310696,0.272,0.32,0.384,22.602,15.802,10.652
2023-05-25 07:00:00,24.952,22.944647,2.4351153,0.272,0.319,0.384,23.902,16.102,10.702
2023-05-25 08:00:00,25.352,22.968521,2.492918,0.271,0.319,0.384,24.802,16.452,10.702
2023-05-25 09:00:00,25.602,23.034367,2.5279713,0.271,0.319,0.384,25.352,16.752,10.702
2023-05-25 10:00:00,25.702,23.142385,2.539408,0.271,0.318,0.384,25.552,17.052,10.752
2023-05-25 11:00:00,25.502,23.668276,2.4923177,0.27,0.318,0.383,25.252,17.352,10.752
2023-05-25 12:00:00,25.202,24.094309,2.4346676,0.27,0.318,0.383,24.652,17.602,10.752
2023-05-25 13:00:00,24.002,27.386372,2.1680334,0.27,0.318,0.383,23.552,17.752,10.802
2023-05-25 14:00:00,21.652,37.69549,1.6135616,0.27,0.317,0.383,22.102,17.852,10.802
2023-05-25 15:00:00,19.952,43.909462,1.3085175,0.27,0.317,0.383,20.752,17.902,10.852
2023-05-25 16:00:00,18.652,48.761044,1.1025311,0.27,0.317,0.383,19.452,17.852,10.852
2023-05-25 17:00:00,17.202,54.334385,0.89704454,0.27,0.317,0.383,18.252,17.752,10.852
2023-05-25 18:00:00,15.952,62.106197,0.6875676,0.27,0.317,0.383,17.302,17.652,10.902
2023-05-25 19:00:00,14.702,63.523575,0.610899,0.27,0.317,0.383,16.302,17.452,10.902
2023-05-25 20:00:00,13.902,69.678375,0.48222244,0.27,0.317,0.383,15.702,17.302,10.952
2023-05-25 21:00:00,13.202,75.94216,0.3655771,0.27,0.317,0.383,15.102,17.102,10.952
2023-05-25 22:00:00,12.552,81.95092,0.26285744,0.27,0.317,0.383,14.552,16.902,10.952
2023-05-25 23:00:00,11.852,87.55471,0.17309749,0.271,0.317,0.383,14.052,16.652,11.002
2023-05-26 00:00:00,11.502,90.203384,0.13314712,0.271,0.317,0.383,13.652,16.452,11.002
2023-05-26 01:00:00,12.452,85.01592,0.21679068,0.271,0.317,0.383,14.052,16.252,11.002
2023-05-26 02:00:00,14.052,74.31685,0.4124261,0.271,0.317,0.383,15.202,16.152,11.002
2023-05-26 03:00:00,15.852,62.50424,0.6760173,0.27,0.317,0.383,16.702,16.102,11.002
2023-05-26 04:00:00,17.402,51.32545,0.96832144,0.27,0.317,0.383,18.352,16.102,11.052
2023-05-26 05:00:00,18.302,44.970146,1.1585135,0.27,0.317,0.383,19.652,16.202,11.052
2023-05-26 06:00:00,19.152,40.486507,1.3212235,0.27,0.317,0.382,20.802,16.352,11.052
2023-05-26 07:00:00,19.352,38.889004,1.3736818,0.27,0.317,0.382,21.552,16.502,11.052
2023-05-26 08:00:00,19.852,35.90182,1.4862335,0.269,0.316,0.382,22.052,16.652,11.102
2023-05-26 09:00:00,20.102,34.493355,1.5425686,0.269,0.316,0.382,22.302,16.852,11.102
2023-05-26 10:00:00,20.602,32.51696,1.6388803,0.269,0.316,0.382,22.602,17.002,11.102
2023-05-26 11:00:00,20.452,31.681004,1.643945,0.269,0.316,0.382,22.302,17.152,11.152
2023-05-26 12:00:00,20.052,31.343164,1.6118104,0.269,0.315,0.382,21.702,17.302,11.152
2023-05-26 13:00:00,19.652,30.13344,1.6001222,0.268,0.315,0.381,21.052,17.352,11.152
2023-05-26 14:00:00,19.002,29.947838,1.5408636,0.268,0.315,0.381,20.052,17.402,11.202
2023-05-26 15:00:00,17.252,32.59475,1.3284936,0.268,0.315,0.381,18.652,17.352,11.202
2023-05-26 16:00:00,15.502,35.142227,1.1436591,0.268,0.315,0.381,17.252,17.252,11.202
2023-05-26 17:00:00,14.352,36.361206,1.0421565,0.268,0.315,0.381,16.152,17.102,11.252
2023-05-26 18:00:00,13.452,37.577164,0.96429545,0.268,0.315,0.381,15.302,16.952,11.252
2023-05-26 19:00:00,12.252,39.33054,0.8664866,0.268,0.315,0.381,14.452,16.752,11.252
2023-05-26 20:00:00,11.302,42.182037,0.77561855,0.268,0.315,0.381,13.702,16.552,11.252
2023-05-26 21:00:00,10.402,45.774532,0.6852116,0.268,0.315,0.381,12.952,16.302,11.302
2023-05-26 22:00:00,9.452,50.2229,0.5902582,0.268,0.315,0.381,12.252,16.052,11.302
2023-05-26 23:00:00,8.552,55.942543,0.49168032,0.268,0.315,0.381,11.552,15.752,11.302
2023-05-27 00:00:00,8.002,59.987274,0.43019545,0.268,0.315,0.381,11.052,15.452,11.302
2023-05-27 01:00:00,9.602,65.50574,0.41317254,0.268,0.315,0.381,11.652,15.252,11.302
2023-05-27 02:00:00,13.352,43.556564,0.866264,0.268,0.315,0.381,13.852,15.102,11.302
2023-05-27 03:00:00,16.152,32.986496,1.2317632,0.268,0.315,0.381,15.952,15.102,11.302
2023-05-27 04:00:00,18.002,25.626308,1.5367607,0.268,0.315,0.381,18.152,15.202,11.302
2023-05-27 05:00:00,19.152,24.111712,1.6849442,0.268,0.315,0.381,19.902,15.352,11.352
2023-05-27 06:00:00,20.152,23.081064,1.8170617,0.267,0.314,0.381,21.352,15.552,11.352
2023-05-27 07:00:00,20.902,23.62486,1.8894858,0.267,0.314,0.38,22.552,15.802,11.352
2023-05-27 08:00:00,21.602,22.964312,1.9892981,0.267,0.314,0.38,23.502,16.102,11.352
2023-05-27 09:00:00,22.152,21.885008,2.0859377,0.266,0.313,0.38,24.052,16.402,11.352
2023-05-27 10:00:00,22.652,20.39346,2.19129,0.266,0.313,0.38,24.152,16.652,11.352
2023-05-27 11:00:00,22.752,19.46806,2.2302413,0.266,0.313,0.38,23.802,16.902,11.402
2023-05-27 12:00:00,22.302,20.229387,2.1496806,0.266,0.313,0.38,23.152,17.102,11.402
2023-05-27 13:00:00,21.702,21.37186,2.0428736,0.266,0.313,0.379,22.302,17.252,11.402
2023-05-27 14:00:00,20.302,24.694092,1.7954884,0.265,0.313,0.379,21.052,17.352,11.452
2023-05-27 15:00:00,18.352,27.880047,1.5232501,0.265,0.312,0.379,19.552,17.352,11.452
2023-05-27 16:00:00,16.652,29.706654,1.3337922,0.265,0.312,0.379,18.102,17.302,11.452
2023-05-27 17:00:00,15.552,30.493156,1.2295744,0.265,0.312,0.379,17.102,17.202,11.452
2023-05-27 18:00:00,14.352,32.45985,1.106046,0.265,0.312,0.379,16.152,17.102,11.502
2023-05-27 19:00:00,13.302,35.00667,0.99424356,0.265,0.312,0.379,15.202,16.902,11.502
2023-05-27 20:00:00,12.502,37.571354,0.9063598,0.265,0.313,0.379,14.502,16.702,11.502
2023-05-27 21:00:00,12.202,39.02863,0.8679419,0.265,0.313,0.379,14.052,16.502,11.502
2023-05-27 22:00:00,12.152,39.589993,0.8571295,0.265,0.313,0.379,13.852,16.302,11.552
2023-05-27 23:00:00,11.852,41.1253,0.8190123,0.265,0.313,0.379,13.502,16.102,11.552
2023-05-28 00:00:00,11.802,41.563675,0.8102397,0.265,0.313,0.379,13.352,15.952,11.552
2023-05-28 01:00:00,12.352,42.64391,0.82456315,0.265,0.313,0.379,13.552,15.752,11.552
2023-05-28 02:00:00,13.752,37.66566,0.98188823,0.265,0.312,0.379,14.352,15.652,11.552
2023-05-28 03:00:00,15.402,34.607094,1.1457343,0.266,0.312,0.379,15.852,15.602,11.552
2023-05-28 04:00:00,16.202,35.602608,1.1874423,0.268,0.312,0.379,17.202,15.602,11.552
2023-05-28 05:00:00,17.502,33.140617,1.3386807,0.269,0.312,0.379,18.602,15.652,11.602
2023-05-28 06:00:00,17.502,35.85408,1.284332,0.271,0.312,0.379,19.502,15.802,11.602
2023-05-28 07:00:00,20.752,24.548302,1.8495084,0.27,0.312,0.379,21.102,15.952,11.602
2023-05-28 08:00:00,20.802,25.011572,1.8438035,0.27,0.312,0.379,21.902,16.152,11.602
2023-05-28 09:00:00,20.902,25.680885,1.8385954,0.27,0.311,0.378,22.102,16.402,11.602
2023-05-28 10:00:00,21.002,26.65098,1.825752,0.27,0.311,0.378,22.202,16.552,11.602
2023-05-28 11:00:00,21.502,26.789845,1.8789403,0.269,0.311,0.378,22.552,16.752,11.652
2023-05-28 12:00:00,21.152,28.064035,1.8070995,0.269,0.311,0.378,21.752,16.902,11.652
2023-05-28 13:00:00,20.402,31.221336,1.6499228,0.27,0.311,0.378,20.752,17.002,11.652
2023-05-28 14:00:00,19.452,37.45367,1.414722,0.27,0.311,0.378,19.802,17.052,11.652
2023-05-28 15:00:00,17.802,44.36549,1.1350784,0.271,0.311,0.378,18.752,17.052,11.702
2023-05-28 16:00:00,16.252,51.724277,0.8929196,0.272,0.311,0.378,17.652,17.002,11.702
2023-05-28 17:00:00,15.102,59.02077,0.704214,0.274,0.311,0.378,16.802,16.902,11.702
2023-05-28 18:00:00,14.402,63.23936,0.60386705,0.275,0.311,0.378,15.902,16.802,11.702
2023-05-28 19:00:00,13.002,74.385475,0.3841933,0.279,0.311,0.378,15.352,16.652,11.702
2023-05-28 20:00:00,12.902,71.39974,0.42619312,0.279,0.311,0.378,14.602,16.502,11.752
2023-05-28 21:00:00,13.202,66.066376,0.5156809,0.28,0.311,0.378,14.302,16.302,11.752
2023-05-28 22:00:00,13.102,65.59323,0.5194752,0.281,0.311,0.378,14.052,16.152,11.752
2023-05-28 23:00:00,12.902,66.00137,0.50665474,0.282,0.311,0.378,13.802,15.952,11.752
2023-05-29 00:00:00,12.602,66.39152,0.49110907,0.283,0.311,0.378,13.502,15.802,11.752
2023-05-29 01:00:00,13.102,63.37641,0.552952,0.283,0.311,0.378,13.602,15.652,11.752
2023-05-29 02:00:00,14.652,54.795025,0.7546943,0.283,0.311,0.378,14.452,15.502,11.752
2023-05-29 03:00:00,16.652,44.65896,1.0500016,0.283,0.311,0.378,15.852,15.502,11.752
2023-05-29 04:00:00,19.002,37.32364,1.3785493,0.282,0.311,0.378,17.752,15.552,11.802
2023-05-29 05:00:00,21.002,34.15131,1.6389401,0.282,0.311,0.377,19.652,15.652,11.802
2023-05-29 06:00:00,22.802,32.576523,1.872613,0.282,0.31,0.377,21.502,15.852,11.802
2023-05-29 07:00:00,25.352,32.404907,2.1872005,0.281,0.31,0.377,23.452,16.152,11.802
2023-05-29 08:00:00,26.602,30.819408,2.410018,0.28,0.31,0.377,25.152,16.502,11.802
2023-05-29 09:00:00,27.452,29.119963,2.5953536,0.28,0.309,0.377,26.252,16.902,11.802
2023-05-29 10:00:00,27.702,28.893034,2.6419215,0.279,0.309,0.376,26.502,17.252,11.852
2023-05-29 11:00:00,27.752,29.103788,2.6417656,0.279,0.309,0.376,26.402,17.602,11.852
2023-05-29 12:00:00,27.502,29.733437,2.5803795,0.278,0.309,0.376,25.952,17.902,11.852
2023-05-29 13:00:00,26.902,30.798466,2.453573,0.278,0.308,0.376,25.152,18.152,11.852
2023-05-29 14:00:00,25.752,34.911686,2.156479,0.278,0.308,0.376,24.002,18.302,11.902
2023-05-29 15:00:00,24.002,39.945786,1.7926944,0.278,0.308,0.376,22.552,18.402,11.902
2023-05-29 16:00:00,22.002,46.001987,1.4284165,0.278,0.308,0.376,21.052,18.452,11.902
2023-05-29 17:00:00,19.952,52.70478,1.1032151,0.278,0.308,0.376,19.702,18.402,11.952
2023-05-29 18:00:00,18.152,57.986614,0.87609375,0.278,0.308,0.376,18.552,18.302,11.952
2023-05-29 19:00:00,16.852,61.070503,0.74793553,0.278,0.308,0.376,17.602,18.202,11.952
2023-05-29 20:00:00,15.802,65.293274,0.62372375,0.278,0.308,0.376,16.802,18.052,12.002
2023-05-29 21:00:00,14.802,68.92198,0.523826,0.278,0.308,0.376,16.001999,17.852,12.002
2023-05-29 22:00:00,14.102,71.62631,0.45711732,0.278,0.308,0.376,15.352,17.652,12.002
2023-05-29 23:00:00,13.702,74.00658,0.40804875,0.278,0.308,0.376,14.802,17.452,12.002
2023-05-30 00:00:00,13.702,74.5065,0.4001993,0.278,0.308,0.376,14.602,17.202,12.052
2023-05-30 01:00:00,15.752,74.856316,0.4503833,0.278,0.308,0.376,15.552,17.052,12.052
2023-05-30 02:00:00,19.952,53.058414,1.0949614,0.278,0.308,0.376,17.902,17.052,12.052
2023-05-30 03:00:00,22.752,45.59682,1.5061345,0.277,0.308,0.376,19.902,17.102,12.052
2023-05-30 04:00:00,25.052,39.84145,1.9119481,0.277,0.308,0.375,21.952,17.252,12.052
2023-05-30 05:00:00,27.052,34.926624,2.3273785,0.277,0.308,0.375,23.902,17.452,12.102
2023-05-30 06:00:00,28.802,29.89133,2.7764804,0.276,0.308,0.375,25.802,17.752,12.102
2023-05-30 07:00:00,29.402,27.91609,2.955338,0.276,0.307,0.375,26.852,18.102,12.102
2023-05-30 08:00:00,30.002,23.458422,3.248416,0.276,0.307,0.375,27.652,18.452,12.152
2023-05-30 09:00:00,30.552,20.424725,3.4852927,0.275,0.307,0.374,28.352,18.802,12.152
2023-05-30 10:00:00,30.652,18.742853,3.5794518,0.275,0.306,0.374,28.502,19.152,12.152
2023-05-30 11:00:00,30.502,17.744883,3.5926175,0.274,0.306,0.374,28.252,19.452,12.202
2023-05-30 12:00:00,30.252,18.385693,3.5140235,0.274,0.306,0.374,27.852,19.752,12.202
2023-05-30 13:00:00,29.152,20.359716,3.2189956,0.275,0.306,0.373,27.002,19.952,12.252
2023-05-30 14:00:00,27.202,26.575296,2.649667,0.275,0.306,0.373,25.702,20.102,12.252
2023-05-30 15:00:00,25.352,30.785288,2.23967,0.275,0.306,0.373,24.252,20.202,12.302
2023-05-30 16:00:00,23.802,34.83229,1.922306,0.274,0.306,0.373,23.002,20.202,12.302
2023-05-30 17:00:00,22.202,39.30136,1.6254702,0.274,0.306,0.373,21.802,20.152,12.302
2023-05-30 18:00:00,20.852,43.56665,1.3915714,0.274,0.306,0.373,20.802,20.052,12.352
2023-05-30 19:00:00,19.552,45.631565,1.2372941,0.274,0.306,0.373,19.952,19.952,12.352
2023-05-30 20:00:00,17.802,54.67444,0.9246597,0.274,0.306,0.373,18.852,19.802,12.402
2023-05-30 21:00:00,16.602,59.386086,0.76804435,0.274,0.306,0.373,17.802,19.602,12.402
2023-05-30 22:00:00,15.552,64.14756,0.6341096,0.274,0.306,0.373,16.902,19.352,12.402
2023-05-30 23:00:00,14.552,70.04226,0.4968747,0.274,0.306,0.373,16.102,19.102,12.452
2023-05-31 00:00:00,14.152,72.36292,0.44668984,0.274,0.306,0.373,15.702,18.852,12.452
2023-05-31 01:00:00,16.302,72.03526,0.51879334,0.274,0.306,0.373,16.552,18.652,12.452
2023-05-31 02:00:00,20.852,47.890713,1.2848725,0.274,0.306,0.373,18.902,18.552,12.502
2023-05-31 03:00:00,24.002,38.885654,1.8243731,0.274,0.306,0.373,21.052,18.602,12.502
2023-05-31 04:00:00,26.452,32.603947,2.3271563,0.274,0.305,0.373,23.302,18.702,12.502
2023-05-31 05:00:00,27.952,27.80406,2.7217722,0.273,0.305,0.373,25.202,18.902,12.552
2023-05-31 06:00:00,28.752,26.0912,2.9187741,0.273,0.305,0.373,26.852,19.202,12.552
2023-05-31 07:00:00,29.052,22.891966,3.0985565,0.272,0.305,0.372,28.102,19.502,12.552
2023-05-31 08:00:00,29.502,21.246927,3.2478788,0.272,0.304,0.372,28.952,19.852,12.602
2023-05-31 09:00:00,29.752,20.296196,3.3347101,0.271,0.304,0.372,29.402,20.152,12.602
2023-05-31 10:00:00,29.852,20.109379,3.3617742,0.271,0.304,0.371,29.502,20.452,12.652
2023-05-31 11:00:00,29.752,20.509834,3.3257565,0.27,0.303,0.371,29.252,20.752,12.652
2023-05-31 12:00:00,29.352,21.58124,3.206275,0.27,0.303,0.371,28.652,21.002,12.652
2023-05-31 13:00:00,28.752,23.132528,3.0358083,0.27,0.303,0.371,27.752,21.202,12.702
2023-05-31 14:00:00,27.552,26.854025,2.6941252,0.27,0.303,0.371,26.502,21.302,12.702
2023-05-31 15:00:00,25.302,32.061012,2.1918302,0.27,0.303,0.371,24.902,21.352,12.752
2023-05-31 16:00:00,23.252,37.38224,1.7869159,0.269,0.303,0.371,23.352,21.302,12.752
2023-05-31 17:00:00,21.852,41.820206,1.5251397,0.269,0.303,0.371,22.202,21.202,12.802
2023-05-31 18:00:00,20.752,45.655754,1.3318167,0.269,0.303,0.371,21.202,21.102,12.802
2023-05-31 19:00:00,19.902,48.936214,1.1875018,0.269,0.303,0.371,20.402,20.952,12.852
2023-05-31 20:00:00,18.902,52.606064,1.0357791,0.269,0.303,0.371,19.702,20.752,12.852
2023-05-31 21:00:00,17.952,56.021046,0.9056685,0.269,0.303,0.371,19.002,20.552,12.902
2023-05-31 22:00:00,17.052,59.29472,0.79202425,0.269,0.303,0.371,18.352,20.352,12.902
2023-05-31 23:00:00,16.302,61.977905,0.7054435,0.269,0.303,0.371,17.702,20.102,12.952
2023-06-01 00:00:00,15.952,62.7387,0.67608714,0.269,0.303,0.371,17.352,19.902,12.952
2023-06-01 01:00:00,17.452,59.791656,0.802354,0.269,0.303,0.371,17.902,19.702,12.952
2023-06-01 02:00:00,20.452,45.882256,1.3020154,0.269,0.303,0.371,19.552,19.602,13.002
2023-06-01 03:00:00,23.102,37.722706,1.7611872,0.269,0.303,0.371,21.552,19.602,13.002
2023-06-01 04:00:00,25.752,31.322248,2.2755523,0.269,0.303,0.37,23.652,19.652,13.002
2023-06-01 05:00:00,27.902,25.951529,2.7836094,0.268,0.302,0.37,25.702,19.852,13.052
2023-06-01 06:00:00,28.902,23.251913,3.0574772,0.268,0.302,0.37,27.352,20.102,13.052
2023-06-01 07:00:00,30.002,21.006086,3.3526807,0.267,0.302,0.37,28.802,20.402,13.052
2023-06-01 08:00:00,30.652,19.682432,3.5379868,0.267,0.302,0.369,29.902,20.702,13.102
2023-06-01 09:00:00,31.052,18.839514,3.6575394,0.266,0.301,0.369,30.502,21.052,13.102
2023-06-01 10:00:00,31.252,18.36745,3.7208877,0.266,0.301,0.369,30.802,21.352,13.152
2023-06-01 11:00:00,31.252,18.175589,3.7296495,0.266,0.301,0.369,30.702,21.652,13.152
2023-06-01 12:00:00,31.052,18.127937,3.689668,0.265,0.3,0.368,30.152,21.902,13.202
2023-06-01 13:00:00,30.552,18.457762,3.5716023,0.265,0.3,0.368,29.152,22.102,13.202
2023-06-01 14:00:00,29.452,22.137863,3.2018511,0.265,0.3,0.368,27.802,22.252,13.252
2023-06-01 15:00:00,27.252,25.07258,2.7118921,0.265,0.3,0.368,26.152,22.302,13.252
2023-06-01 16:00:00,25.002,27.662512,2.292673,0.265,0.3,0.368,24.602,22.252,13.302
2023-06-01 17:00:00,23.602,28.85052,2.0738738,0.265,0.3,0.368,23.452,22.202,13.302
2023-06-01 18:00:00,22.852,28.640812,1.9880264,0.264,0.3,0.368,22.652,22.052,13.352
2023-06-01 19:00:00,22.152,27.551718,1.9345176,0.264,0.3,0.368,22.002,21.952,13.352
2023-06-01 20:00:00,21.302,28.006102,1.8252442,0.264,0.3,0.368,21.352,21.802,13.402
2023-06-01 21:00:00,20.552,28.706127,1.7261698,0.264,0.3,0.368,20.752,21.602,13.402
2023-06-01 22:00:00,19.802,29.7477,1.6239815,0.264,0.3,0.368,20.202,21.452,13.452
2023-06-01 23:00:00,19.102,31.182226,1.5231557,0.264,0.3,0.368,19.652,21.252,13.452
2023-06-02 00:00:00,18.702,32.431087,1.4586694,0.264,0.3,0.368,19.302,21.052,13.452
2023-06-02 01:00:00,19.602,33.39247,1.5207217,0.264,0.3,0.368,19.552,20.852,13.502
2023-06-02 02:00:00,21.652,29.430012,1.8278,0.264,0.3,0.368,20.702,20.752,13.502
2023-06-02 03:00:00,24.102,25.191837,2.2470458,0.264,0.3,0.368,22.452,20.702,13.502
2023-06-02 04:00:00,26.452,21.904552,2.6971192,0.263,0.3,0.368,24.402,20.752,13.552
2023-06-02 05:00:00,28.502,19.496479,3.1339574,0.263,0.3,0.367,26.402,20.902,13.552
2023-06-02 06:00:00,30.002,18.196754,3.4721265,0.263,0.299,0.367,28.202,21.152,13.602
2023-06-02 07:00:00,30.252,19.998617,3.4444547,0.263,0.299,0.367,28.902,21.402,13.602
2023-06-02 08:00:00,30.902,18.869112,3.6251407,0.262,0.299,0.367,29.952,21.652,13.602
2023-06-02 09:00:00,31.352,17.758406,3.7700346,0.262,0.299,0.366,30.702,21.952,13.652
2023-06-02 10:00:00,31.552,17.010757,3.847749,0.262,0.298,0.366,30.952,22.202,13.652
2023-06-02 11:00:00,31.402,16.620121,3.83317,0.261,0.298,0.366,30.552,22.452,13.702
2023-06-02 12:00:00,31.352,16.030369,3.8494017,0.261,0.298,0.366,30.302,22.702,13.702
2023-06-02 13:00:00,30.902,15.815342,3.761846,0.261,0.298,0.366,29.452,22.852,13.752
2023-06-02 14:00:00,29.652,18.56688,3.3876777,0.261,0.298,0.366,28.152,22.952,13.752
2023-06-02 15:00:00,27.352,20.55621,2.8924496,0.261,0.298,0.365,26.502,23.002,13.802
2023-06-02 16:00:00,24.952,22.37964,2.452989,0.26,0.298,0.365,24.852,22.952,13.802
2023-06-02 17:00:00,23.552,23.653442,2.2188218,0.26,0.298,0.365,23.652,22.852,13.852
2023-06-02 18:00:00,22.502,24.935726,2.0474765,0.26,0.298,0.365,22.702,22.702,13.902
2023-06-02 19:00:00,21.652,26.54514,1.9025738,0.26,0.298,0.365,21.952,22.552,13.902
2023-06-02 20:00:00,20.852,28.281557,1.7687814,0.26,0.298,0.365,21.252,22.352,13.902
2023-06-02 21:00:00,20.052,30.247515,1.6375473,0.26,0.298,0.365,20.602,22.152,13.952
2023-06-02 22:00:00,19.302,32.143536,1.5206679,0.26,0.298,0.365,20.002,21.952,13.952
2023-06-02 23:00:00,18.652,34.074467,1.4187393,0.26,0.298,0.365,19.452,21.702,14.002
2023-06-03 00:00:00,18.302,35.70539,1.3536654,0.26,0.298,0.365,19.052,21.502,14.002
2023-06-03 01:00:00,19.502,36.81885,1.4335306,0.26,0.298,0.365,19.502,21.302,14.002
2023-06-03 02:00:00,22.152,30.844574,1.8465233,0.26,0.298,0.365,20.902,21.152,14.052
2023-06-03 03:00:00,24.952,25.51176,2.3539033,0.26,0.298,0.365,22.902,21.152,14.052
2023-06-03 04:00:00,27.352,21.522749,2.8572116,0.26,0.298,0.365,25.002,21.202,14.052
2023-06-03 05:00:00,28.902,18.255577,3.2568464,0.259,0.297,0.365,26.952,21.352,14.102
2023-06-03 06:00:00,29.902,16.927923,3.5059187,0.259,0.297,0.365,28.602,21.552,14.102
2023-06-03 07:00:00,30.852,16.145666,3.7364078,0.259,0.297,0.364,30.002,21.852,14.152
2023-06-03 08:00:00,31.552,15.459474,3.9198124,0.258,0.297,0.364,31.052,22.152,14.152
2023-06-03 09:00:00,32.052,15.080895,4.050296,0.258,0.296,0.364,31.752,22.452,14.152
2023-06-03 10:00:00,32.351997,14.774542,4.1342654,0.258,0.296,0.363,32.052,22.752,14.202
2023-06-03 11:00:00,32.401997,14.785431,4.14539,0.258,0.296,0.363,31.902,23.052,14.202
2023-06-03 12:00:00,32.151997,14.995802,4.0772996,0.257,0.296,0.363,31.352,23.302,14.252
2023-06-03 13:00:00,31.602,15.581106,3.9252608,0.257,0.296,0.363,30.402,23.452,14.252
2023-06-03 14:00:00,30.352,18.088402,3.5470655,0.257,0.296,0.363,29.102,23.602,14.302
2023-06-03 15:00:00,28.002,21.088463,2.984011,0.257,0.296,0.363,27.402,23.602,14.302
2023-06-03 16:00:00,25.902,23.942327,2.5428417,0.257,0.296,0.363,25.802,23.602,14.352
2023-06-03 17:00:00,24.552,26.405361,2.2708468,0.257,0.296,0.363,24.602,23.502,14.352
2023-06-03 18:00:00,23.502,28.62146,2.068081,0.257,0.296,0.363,23.652,23.352,14.402
2023-06-03 19:00:00,22.752,29.949274,1.9397715,0.257,0.296,0.363,22.852,23.202,14.402
2023-06-03 20:00:00,21.802,31.95462,1.7785597,0.257,0.296,0.363,22.102,23.052,14.452
2023-06-03 21:00:00,20.952,34.01788,1.6372341,0.257,0.296,0.363,21.402,22.852,14.452
2023-06-03 22:00:00,20.102,36.099815,1.5047152,0.257,0.296,0.363,20.802,22.652,14.502
2023-06-03 23:00:00,19.402,38.49914,1.38675,0.257,0.296,0.363,20.202,22.402,14.502
2023-06-04 00:00:00,19.052,40.317524,1.316757,0.257,0.296,0.363,19.802,22.152,14.502
2023-06-04 01:00:00,20.452,41.851078,1.399071,0.257,0.296,0.363,20.302,21.952,14.552
2023-06-04 02:00:00,23.702,33.40158,1.9527915,0.257,0.295,0.362,21.902,21.852,14.552
2023-06-04 03:00:00,26.902,26.13022,2.6193223,0.256,0.295,0.362,24.152,21.852,14.602
2023-06-04 04:00:00,29.402,20.927778,3.2423563,0.256,0.295,0.362,26.352,21.952,14.602
2023-06-04 05:00:00,31.002,17.49004,3.707912,0.256,0.295,0.362,28.402,22.152,14.602
2023-06-04 06:00:00,31.902,16.67628,3.9405367,0.256,0.295,0.362,29.902,22.352,14.652
2023-06-04 07:00:00,32.702,16.451694,4.1332994,0.256,0.295,0.361,31.152,22.652,14.652
2023-06-04 08:00:00,33.302,16.07429,4.293984,0.255,0.294,0.361,32.151997,22.952,14.652
2023-06-04 09:00:00,33.702,15.884205,4.4009233,0.255,0.294,0.361,32.752,23.252,14.702
2023-06-04 10:00:00,33.901997,15.873377,4.450804,0.255,0.294,0.361,33.052,23.602,14.702
2023-06-04 11:00:00,33.802,16.130535,4.412527,0.255,0.294,0.36,32.901997,23.852,14.752
2023-06-04 12:00:00,33.452,16.564844,4.3047605,0.255,0.294,0.36,32.351997,24.102,14.752
2023-06-04 13:00:00,32.802,17.361452,4.1112113,0.254,0.293,0.36,31.452,24.302,14.802
2023-06-04 14:00:00,31.552,19.562258,3.7292209,0.254,0.293,0.36,30.202,24.402,14.802
2023-06-04 15:00:00,29.302,22.407845,3.1633024,0.254,0.293,0.36,28.602,24.452,14.852
2023-06-04 16:00:00,27.352,25.01258,2.7299795,0.254,0.293,0.36,27.052,24.452,14.852
2023-06-04 17:00:00,26.002,27.176025,2.4490197,0.254,0.293,0.36,25.852,24.352,14.902
2023-06-04 18:00:00,24.802,29.286608,2.2146177,0.254,0.293,0.36,24.852,24.252,14.952
2023-06-04 19:00:00,23.402,32.634212,1.9399965,0.254,0.293,0.36,23.902,24.102,14.952
2023-06-04 20:00:00,22.152,35.69239,1.7169764,0.254,0.293,0.36,23.002,23.902,14.952
2023-06-04 21:00:00,21.102,38.587234,1.5378516,0.254,0.293,0.36,22.202,23.702,15.002
2023-06-04 22:00:00,20.152,41.33763,1.3855677,0.254,0.293,0.36,21.502,23.502,15.002
2023-06-04 23:00:00,19.302,44.78871,1.2371411,0.254,0.293,0.36,20.802,23.252,15.052
2023-06-05 00:00:00,18.752,47.963913,1.1267034,0.254,0.293,0.36,20.352,23.002,15.052
2023-06-05 01:00:00,20.102,52.56807,1.1167052,0.254,0.293,0.36,20.802,22.802,15.102
2023-06-05 02:00:00,23.802,37.15901,1.8536042,0.254,0.293,0.36,22.652,22.652,15.102
2023-06-05 03:00:00,26.952,29.78325,2.4969246,0.254,0.293,0.359,24.852,22.652,15.102
2023-06-05 04:00:00,29.602,24.335823,3.1382613,0.254,0.293,0.359,27.202,22.752,15.152
2023-06-05 05:00:00,31.802,19.89658,3.7665954,0.254,0.293,0.359,29.502,22.952,15.152
2023-06-05 06:00:00,33.252,16.5771,4.256282,0.253,0.293,0.359,31.402,23.202,15.152
2023-06-05 07:00:00,34.151997,15.114519,4.5539265,0.253,0.293,0.358,32.851997,23.502,15.202
2023-06-05 08:00:00,34.752,14.0633545,4.766407,0.253,0.292,0.358,33.901997,23.852,15.202
2023-06-05 09:00:00,35.151997,13.371725,4.9122157,0.253,0.292,0.358,34.601997,24.202,15.252
2023-06-05 10:00:00,35.302,13.028463,4.9726834,0.253,0.292,0.358,34.901997,24.552,15.252
2023-06-05 11:00:00,35.302,12.799324,4.9858174,0.252,0.292,0.357,34.802,24.852,15.302
2023-06-05 12:00:00,35.101997,12.759001,4.9334173,0.252,0.292,0.357,34.202,25.152,15.302
2023-06-05 13:00:00,34.702,13.091646,4.807113,0.252,0.291,0.357,33.151997,25.352,15.352
2023-06-05 14:00:00,33.401997,17.200024,4.2599993,0.252,0.291,0.357,31.702,25.502,15.352
2023-06-05 15:00:00,30.852,20.007856,3.564005,0.252,0.291,0.357,29.752,25.552,15.402
2023-06-05 16:00:00,28.102,22.645227,2.9421098,0.252,0.291,0.357,27.952,25.502,15.452
2023-06-05 17:00:00,26.452,24.428003,2.6098604,0.252,0.291,0.357,26.602,25.402,15.452
2023-06-05 18:00:00,25.502,25.571243,2.4301126,0.252,0.291,0.357,25.602,25.252,15.502
2023-06-05 19:00:00,24.402,27.786663,2.2083077,0.252,0.291,0.357,24.702,25.102,15.502
2023-06-05 20:00:00,23.652,29.68164,2.0557942,0.252,0.291,0.357,23.952,24.902,15.552
2023-06-05 21:00:00,22.752,32.3371,1.8735924,0.252,0.291,0.357,23.252,24.702,15.552
2023-06-05 22:00:00,21.802,35.224834,1.6930162,0.252,0.291,0.357,22.602,24.452,15.602
2023-06-05 23:00:00,20.852,39.31967,1.4963756,0.252,0.291,0.357,21.952,24.252,15.602
2023-06-06 00:00:00,20.202,43.53188,1.3378284,0.252,0.291,0.357,21.452,24.002,15.602
2023-06-06 01:00:00,21.302,54.838303,1.1445812,0.252,0.291,0.357,21.952,23.752,15.652
2023-06-06 02:00:00,25.352,33.98396,2.1360464,0.252,0.291,0.357,23.952,23.652,15.652
2023-06-06 03:00:00,28.552,28.062948,2.8080983,0.252,0.291,0.356,26.152,23.652,15.702
2023-06-06 04:00:00,31.552,22.98792,3.5700908,0.252,0.291,0.356,28.552,23.752,15.702
2023-06-06 05:00:00,33.752,17.042965,4.35227,0.252,0.291,0.356,30.852,23.952,15.702
2023-06-06 06:00:00,34.601997,14.792478,4.6867933,0.252,0.291,0.356,32.502,24.202,15.752
2023-06-06 07:00:00,35.302,14.582895,4.883584,0.251,0.291,0.355,33.802,24.502,15.752
2023-06-06 08:00:00,35.752,14.07646,5.035737,0.251,0.29,0.355,34.901997,24.852,15.802
2023-06-06 09:00:00,36.101997,13.663407,5.158084,0.251,0.29,0.355,35.601997,25.202,15.802
2023-06-06 10:00:00,36.101997,13.5678425,5.163809,0.251,0.29,0.355,35.851997,25.552,15.852
2023-06-06 11:00:00,36.052,13.227782,5.1699986,0.251,0.29,0.354,35.552,25.852,15.852
2023-06-06 12:00:00,35.351997,13.224623,4.9751234,0.251,0.29,0.354,34.351997,26.052,15.902
2023-06-06 13:00:00,34.452,14.451764,4.666628,0.251,0.29,0.354,33.052,26.202,15.902
2023-06-06 14:00:00,32.851997,17.13247,4.1342072,0.252,0.29,0.354,31.602,26.302,15.952
2023-06-06 15:00:00,30.752,19.231941,3.5782042,0.252,0.29,0.354,29.902,26.302,15.952
2023-06-06 16:00:00,28.802,21.74248,3.0997438,0.252,0.29,0.354,28.452,26.252,16.001999
2023-06-06 17:00:00,27.102,25.032406,2.6896367,0.252,0.29,0.354,27.252,26.152,16.052
2023-06-06 18:00:00,25.452,29.467749,2.2959292,0.252,0.29,0.354,26.152,26.002,16.052
2023-06-06 19:00:00,23.902,32.776043,1.9949579,0.252,0.29,0.354,25.102,25.852,16.102
2023-06-06 20:00:00,22.752,35.8639,1.7758483,0.252,0.29,0.354,24.102,25.602,16.102
2023-06-06 21:00:00,21.802,38.25973,1.61363,0.252,0.29,0.354,23.302,25.352,16.152
2023-06-06 22:00:00,21.202,39.555157,1.5228944,0.252,0.29,0.354,22.652,25.102,16.152
2023-06-06 23:00:00,20.852,40.972427,1.4555892,0.252,0.29,0.354,22.152,24.852,16.152
2023-06-07 00:00:00,20.602,43.200924,1.3792452,0.252,0.29,0.354,21.852,24.602,16.202
2023-06-07 01:00:00,21.902,48.822865,1.3455245,0.252,0.29,0.354,22.352,24.402,16.202
2023-06-07 02:00:00,25.452,35.18133,2.1097302,0.252,0.29,0.354,24.102,24.252,16.252
2023-06-07 03:00:00,28.552,28.445807,2.7931297,0.252,0.29,0.354,26.252,24.202,16.252
2023-06-07 04:00:00,31.252,22.217047,3.5450854,0.252,0.29,0.353,28.452,24.302,16.252
2023-06-07 05:00:00,33.552,16.529892,4.3306785,0.252,0.289,0.353,30.652,24.452,16.302
2023-06-07 06:00:00,34.952,13.761744,4.8363543,0.251,0.289,0.353,32.502,24.702,16.302
2023-06-07 07:00:00,35.401997,14.604336,4.90932,0.251,0.289,0.353,33.752,25.002,16.302
2023-06-07 08:00:00,36.052,13.701022,5.1417274,0.251,0.289,0.352,34.901997,25.302,16.352
2023-06-07 09:00:00,36.502,13.134015,5.3046017,0.251,0.289,0.352,35.752,25.602,16.352
2023-06-07 10:00:00,36.452,12.849514,5.307504,0.251,0.289,0.352,35.651997,25.952,16.402
2023-06-07 11:00:00,35.851997,13.563787,5.0937495,0.253,0.288,0.352,35.202,26.202,16.402
2023-06-07 12:00:00,34.401997,14.390252,4.6570606,0.254,0.288,0.351,34.101997,26.402,16.452
2023-06-07 13:00:00,34.101997,14.892708,4.5531836,0.254,0.288,0.351,32.901997,26.552,16.452
2023-06-07 14:00:00,33.202,26.39805,3.7436771,0.254,0.288,0.351,31.752,26.652,16.502
2023-06-07 15:00:00,31.252,23.463152,3.488182,0.254,0.288,0.351,30.102,26.652,16.552
2023-06-07 16:00:00,28.452,22.578518,3.0050755,0.254,0.288,0.351,28.002,26.552,16.552
2023-06-07 17:00:00,26.752,24.16832,2.6654236,0.254,0.288,0.351,26.752,26.452,16.602
2023-06-07 18:00:00,26.152,25.038927,2.5433912,0.254,0.288,0.351,25.952,26.252,16.602
2023-06-07 19:00:00,25.452,24.590078,2.4548988,0.254,0.288,0.351,25.302,26.102,16.652
2023-06-07 20:00:00,24.602,25.416824,2.3082585,0.254,0.288,0.351,24.652,25.902,16.652
2023-06-07 21:00:00,23.702,27.112019,2.137405,0.253,0.288,0.351,24.052,25.652,16.652
2023-06-07 22:00:00,22.902,28.958504,1.9851598,0.253,0.288,0.351,23.452,25.452,16.702
2023-06-07 23:00:00,22.152,31.279728,1.8348947,0.253,0.288,0.351,22.852,25.202,16.702
2023-06-08 00:00:00,21.552,40.752834,1.5249845,0.253,0.288,0.351,22.602,24.952,16.752
2023-06-08 01:00:00,23.202,37.241055,1.7855587,0.253,0.288,0.351,23.052,24.752,16.752
2023-06-08 02:00:00,24.602,31.754566,2.111909,0.253,0.288,0.351,24.552,24.652,16.752
2023-06-08 03:00:00,25.702,32.725044,2.222433,0.253,0.288,0.351,25.502,24.552,16.802
2023-06-08 04:00:00,27.152,31.821249,2.4529152,0.253,0.288,0.351,26.802,24.552,16.802
2023-06-08 05:00:00,28.602,30.341892,2.726883,0.253,0.288,0.351,28.252,24.602,16.802
2023-06-08 06:00:00,29.652,28.94021,2.9554482,0.253,0.288,0.351,29.652,24.702,16.852
2023-06-08 07:00:00,28.452,39.614677,2.3429432,0.253,0.288,0.35,29.952,24.852,16.852
2023-06-08 08:00:00,28.202,40.194977,2.287002,0.253,0.288,0.35,29.702,24.952,16.852
2023-06-08 09:00:00,27.702,41.926765,2.1570554,0.26,0.288,0.35,30.252,25.052,16.902
2023-06-08 10:00:00,26.152,48.05883,1.7615571,0.262,0.288,0.35,29.502,25.152,16.902
2023-06-08 11:00:00,26.352,46.429844,1.83839,0.262,0.288,0.35,28.902,25.202,16.902
2023-06-08 12:00:00,25.002,51.78824,1.5273665,0.262,0.288,0.35,28.302,25.202,16.952
2023-06-08 13:00:00,24.102,55.36345,1.3400977,0.262,0.288,0.35,27.152,25.152,16.952
2023-06-08 14:00:00,24.002,54.45132,1.3593401,0.263,0.288,0.35,26.452,25.102,16.952
2023-06-08 15:00:00,21.702,66.97586,0.85749996,0.27,0.288,0.35,25.202,25.002,17.002
2023-06-08 16:00:00,19.802,79.239975,0.47960818,0.281,0.288,0.35,23.752,24.802,17.002
2023-06-08 17:00:00,19.102,81.45392,0.41024613,0.283,0.288,0.35,22.702,24.602,17.002
2023-06-08 18:00:00,18.752,79.856995,0.43597412,0.284,0.288,0.35,21.902,24.402,17.052
2023-06-08 19:00:00,19.152,73.975174,0.57752883,0.285,0.288,0.35,21.452,24.152,17.052
2023-06-08 20:00:00,18.852,74.403885,0.55750465,0.286,0.288,0.35,21.052,23.902,17.052
2023-06-08 21:00:00,18.652,73.88914,0.5616704,0.287,0.288,0.35,20.702,23.652,17.052
2023-06-08 22:00:00,18.552,72.44512,0.58905447,0.287,0.288,0.35,20.402,23.402,17.102
2023-06-08 23:00:00,18.552,70.58052,0.62892973,0.287,0.288,0.35,20.202,23.202,17.102
2023-06-09 00:00:00,18.602,68.54347,0.6745981,0.287,0.288,0.35,20.152,22.952,17.102
2023-06-09 01:00:00,18.702,65.270065,0.74949145,0.287,0.288,0.35,20.202,22.752,17.102
2023-06-09 02:00:00,18.752,62.334175,0.8154185,0.287,0.288,0.35,20.402,22.552,17.102
2023-06-09 03:00:00,19.052,59.973797,0.88289106,0.287,0.288,0.35,21.002,22.402,17.102
2023-06-09 04:00:00,19.552,56.42374,0.9915607,0.287,0.288,0.35,21.702,22.302,17.102
2023-06-09 05:00:00,19.902,53.045364,1.091886,0.287,0.288,0.35,22.152,22.202,17.102
2023-06-09 06:00:00,20.402,49.569103,1.2095262,0.287,0.288,0.35,22.552,22.152,17.102
2023-06-09 07:00:00,22.652,40.51301,1.6370704,0.286,0.288,0.349,24.302,22.202,17.152
2023-06-09 08:00:00,23.502,36.94789,1.8266134,0.286,0.288,0.349,25.552,22.252,17.152
2023-06-09 09:00:00,23.602,35.014103,1.8940465,0.285,0.288,0.349,25.752,22.352,17.152
2023-06-09 10:00:00,24.152,32.73434,2.0263252,0.285,0.288,0.349,26.452,22.452,17.152
2023-06-09 11:00:00,24.252,31.114904,2.087617,0.284,0.287,0.349,26.452,22.552,17.152
2023-06-09 12:00:00,24.502,29.10174,2.1810389,0.284,0.287,0.349,26.402,22.652,17.152
2023-06-09 13:00:00,23.952,28.447464,2.1299262,0.283,0.287,0.349,25.552,22.702,17.152
2023-06-09 14:00:00,23.502,28.322132,2.076762,0.283,0.287,0.349,24.652,22.752,17.152
2023-06-09 15:00:00,22.402,30.699823,1.8787012,0.283,0.287,0.349,23.602,22.702,17.152
2023-06-09 16:00:00,20.952,34.37624,1.6283355,0.283,0.287,0.349,22.452,22.602,17.152
2023-06-09 17:00:00,20.002,37.351406,1.4661384,0.283,0.287,0.349,21.552,22.452,17.202
2023-06-09 18:00:00,19.002,40.866917,1.3005733,0.283,0.287,0.349,20.752,22.302,17.202
2023-06-09 19:00:00,17.902,42.581783,1.1788728,0.283,0.287,0.349,19.952,22.152,17.202
2023-06-09 20:00:00,16.752,48.910065,0.9754781,0.282,0.287,0.349,19.152,21.952,17.202
2023-06-09 21:00:00,15.452,54.81385,0.79415375,0.282,0.287,0.349,18.202,21.702,17.202
2023-06-09 22:00:00,14.202,60.233288,0.6448756,0.282,0.287,0.349,17.302,21.452,17.202
2023-06-09 23:00:00,13.452,65.66966,0.5302712,0.282,0.287,0.349,16.552,21.152,17.202
2023-06-10 00:00:00,13.402,67.24874,0.5042329,0.282,0.287,0.349,16.252,20.852,17.202
2023-06-10 01:00:00,15.652,63.30891,0.6531098,0.282,0.287,0.349,17.252,20.652,17.202
2023-06-10 02:00:00,18.902,45.138912,1.1990697,0.282,0.287,0.349,19.502,20.552,17.202
2023-06-10 03:00:00,21.052,36.247337,1.5916057,0.282,0.287,0.349,21.302,20.552,17.202
2023-06-10 04:00:00,22.452,30.39303,1.8927574,0.282,0.287,0.348,23.352,20.602,17.202
2023-06-10 05:00:00,23.102,28.409756,2.0248199,0.281,0.287,0.348,24.652,20.752,17.152
2023-06-10 06:00:00,23.952,27.085716,2.1705027,0.281,0.287,0.348,26.202,20.952,17.152
2023-06-10 07:00:00,24.402,30.518734,2.1246722,0.28,0.287,0.348,27.352,21.202,17.152
2023-06-10 08:00:00,24.652,29.34628,2.1930504,0.28,0.287,0.348,27.702,21.402,17.152
2023-06-10 09:00:00,22.952,35.920998,1.79585,0.286,0.287,0.348,26.702,21.602,17.152
2023-06-10 10:00:00,21.152,46.231796,1.350418,0.298,0.287,0.348,25.952,21.752,17.152
2023-06-10 11:00:00,21.802,42.233356,1.5096942,0.298,0.287,0.348,25.002,21.802,17.152
2023-06-10 12:00:00,21.802,40.409153,1.557408,0.299,0.287,0.348,24.652,21.902,17.202
2023-06-10 13:00:00,21.352,42.249584,1.4683737,0.299,0.287,0.347,23.952,21.902,17.202
2023-06-10 14:00:00,21.002,43.757072,1.3996937,0.298,0.287,0.347,23.252,21.902,17.202
2023-06-10 15:00:00,20.252,47.72644,1.2422132,0.298,0.287,0.347,22.252,21.852,17.202
2023-06-10 16:00:00,19.002,53.525543,1.0220194,0.298,0.287,0.347,20.952,21.752,17.202
2023-06-10 17:00:00,17.852,59.288883,0.83309555,0.298,0.287,0.347,20.002,21.602,17.202
2023-06-10 18:00:00,16.702,65.70763,0.6525836,0.298,0.287,0.347,19.052,21.402,17.202
2023-06-10 19:00:00,15.352,69.49668,0.53261435,0.298,0.287,0.347,18.152,21.202,17.202
2023-06-10 20:00:00,14.702,73.19533,0.4488839,0.298,0.287,0.347,17.252,20.952,17.202
2023-06-10 21:00:00,14.702,73.19533,0.4488839,0.298,0.287,0.347,16.452,20.702,17.202
2023-06-10 22:00:00,14.302,75.868164,0.3938241,0.298,0.287,0.347,15.752,20.452,17.202
2023-06-10 23:00:00,13.402,80.70151,0.29708803,0.298,0.287,0.347,15.152,20.152,17.202
2023-06-11 00:00:00,12.802,85.05385,0.22125232,0.298,0.287,0.347,14.952,19.852,17.152
2023-06-11 01:00:00,14.402,85.22545,0.24265802,0.298,0.287,0.347,16.052,19.652,17.152
2023-06-11 02:00:00,18.102,60.147636,0.82841015,0.298,0.287,0.347,18.702,19.552,17.152
2023-06-11 03:00:00,20.452,47.942604,1.2524126,0.297,0.287,0.347,20.902,19.602,17.152
2023-06-11 04:00:00,22.352,34.41893,1.772407,0.296,0.287,0.347,22.952,19.702,17.152
2023-06-11 05:00:00,23.552,27.6483,2.1026185,0.296,0.287,0.347,24.652,19.902,17.152
2023-06-11 06:00:00,24.502,25.479362,2.2925954,0.295,0.287,0.347,26.202,20.152,17.152
2023-06-11 07:00:00,25.502,24.174412,2.4757729,0.293,0.287,0.347,27.502,20.452,17.152
2023-06-11 08:00:00,26.202,22.867645,2.624881,0.292,0.287,0.346,28.452,20.752,17.102
2023-06-11 09:00:00,26.752,21.904644,2.7450957,0.291,0.286,0.346,29.052,21.102,17.102
2023-06-11 10:00:00,27.052,21.370165,2.8129625,0.29,0.286,0.346,29.252,21.402,17.102
2023-06-11 11:00:00,27.202,21.108107,2.8472435,0.289,0.286,0.346,29.102,21.702,17.152
2023-06-11 12:00:00,27.102,21.157352,2.828857,0.288,0.286,0.346,28.602,21.952,17.152
2023-06-11 13:00:00,26.702,21.431911,2.7536366,0.288,0.286,0.346,27.702,22.152,17.152
2023-06-11 14:00:00,26.052,23.814274,2.56979,0.287,0.286,0.346,26.452,22.252,17.152
2023-06-11 15:00:00,24.802,31.162476,2.1558034,0.287,0.286,0.345,24.902,22.302,17.152
2023-06-11 16:00:00,22.802,34.428642,1.821126,0.287,0.286,0.345,22.902,22.252,17.152
2023-06-11 17:00:00,21.302,36.319126,1.6143409,0.287,0.286,0.345,21.252,22.152,17.152
2023-06-11 18:00:00,20.052,38.95522,1.433001,0.287,0.286,0.345,19.902,21.952,17.152
2023-06-11 19:00:00,17.802,44.51955,1.1319338,0.287,0.286,0.345,18.952,21.752,17.152
2023-06-11 20:00:00,16.852,47.767647,1.0036383,0.287,0.286,0.345,18.152,21.552,17.152
2023-06-11 21:00:00,16.602,48.868786,0.967024,0.287,0.286,0.345,17.452,21.302,17.152
2023-06-11 22:00:00,17.352,46.600914,1.0590105,0.287,0.286,0.345,16.802,21.002,17.152
2023-06-11 23:00:00,16.752,49.761387,0.95921695,0.287,0.286,0.345,16.202,20.752,17.152
2023-06-12 00:00:00,14.202,62.335022,0.6107842,0.287,0.286,0.345,16.052,20.502,17.152
2023-06-12 01:00:00,16.502,64.574814,0.66565,0.287,0.286,0.345,17.152,20.302,17.152
2023-06-12 02:00:00,20.952,37.754787,1.5444431,0.287,0.286,0.345,19.602,20.202,17.152
2023-06-12 03:00:00,23.752,28.791666,2.094383,0.287,0.286,0.345,21.752,20.252,17.152
2023-06-12 04:00:00,25.952,23.620886,2.5611546,0.286,0.286,0.345,23.902,20.352,17.152
2023-06-12 05:00:00,27.452,20.508703,2.9111392,0.285,0.286,0.345,25.852,20.552,17.152
2023-06-12 06:00:00,28.402,20.03033,3.0951514,0.284,0.286,0.345,27.452,20.802,17.152
2023-06-12 07:00:00,27.052,27.27541,2.6014261,0.284,0.286,0.345,28.052,21.102,17.152
2023-06-12 08:00:00,27.452,27.762167,2.645143,0.283,0.286,0.344,29.052,21.402,17.152
2023-06-12 09:00:00,27.402,28.420158,2.6133738,0.282,0.286,0.344,29.402,21.702,17.152
2023-06-12 10:00:00,27.152,30.763788,2.4910138,0.282,0.286,0.344,29.402,22.002,17.152
2023-06-12 11:00:00,26.702,33.117565,2.3435779,0.281,0.286,0.344,29.102,22.252,17.152
2023-06-12 12:00:00,26.202,34.57096,2.2261395,0.281,0.286,0.344,28.352,22.452,17.152
2023-06-12 13:00:00,25.702,35.370827,2.1349254,0.28,0.286,0.344,27.452,22.602,17.152
2023-06-12 14:00:00,24.802,37.695293,1.9509954,0.28,0.286,0.344,26.252,22.702,17.152
2023-06-12 15:00:00,23.352,41.81999,1.6701915,0.28,0.286,0.344,24.852,22.702,17.152
2023-06-12 16:00:00,21.502,46.640545,1.3691397,0.28,0.286,0.344,23.402,22.652,17.202
2023-06-12 17:00:00,20.052,49.976635,1.1741247,0.28,0.286,0.344,22.252,22.552,17.202
2023-06-12 18:00:00,18.902,51.900818,1.0512006,0.279,0.286,0.344,21.302,22.402,17.202
2023-06-12 19:00:00,17.502,52.236042,0.9562057,0.279,0.286,0.344,20.352,22.252,17.202
2023-06-12 20:00:00,16.702,53.2859,0.8890737,0.279,0.286,0.344,19.602,22.052,17.202
2023-06-12 21:00:00,16.052,54.22058,0.8360162,0.279,0.286,0.344,18.952,21.852,17.202
2023-06-12 22:00:00,15.652,54.677452,0.8068085,0.279,0.286,0.344,18.452,21.652,17.202
2023-06-12 23:00:00,15.102,56.252617,0.7517989,0.279,0.286,0.344,17.952,21.402,17.202
2023-06-13 00:00:00,15.102,56.252617,0.7517989,0.279,0.286,0.344,17.702,21.152,17.202
2023-06-13 01:00:00,16.102,53.127655,0.85871375,0.279,0.286,0.344,18.152,21.002,17.202
2023-06-13 02:00:00,17.302,48.89265,1.0103483,0.279,0.286,0.344,19.002,20.852,17.202
2023-06-13 03:00:00,18.702,44.619843,1.1954157,0.279,0.286,0.344,20.202,20.752,17.202
2023-06-13 04:00:00,19.802,41.095886,1.3615074,0.278,0.286,0.343,21.452,20.752,17.202
2023-06-13 05:00:00,20.852,37.466118,1.5421181,0.278,0.286,0.343,22.852,20.802,17.202
2023-06-13 06:00:00,21.552,34.189987,1.6940494,0.277,0.285,0.343,24.102,20.902,17.202
2023-06-13 07:00:00,19.402,37.57029,1.4077067,0.277,0.285,0.343,23.902,20.952,17.202
2023-06-13 08:00:00,17.902,41.4104,1.2029345,0.277,0.285,0.343,23.202,21.002,17.202
2023-06-13 09:00:00,15.702,49.646057,0.8992766,0.277,0.285,0.343,21.952,21.002,17.202
2023-06-13 10:00:00,14.952,53.006096,0.79986376,0.277,0.285,0.343,21.252,20.952,17.202
2023-06-13 11:00:00,15.702,49.81887,0.8961893,0.277,0.285,0.343,21.552,20.952,17.202
2023-06-13 12:00:00,16.001999,46.709045,0.97014797,0.276,0.285,0.343,21.552,20.902,17.202
2023-06-13 13:00:00,16.102,43.727665,1.0309927,0.276,0.285,0.343,21.102,20.852,17.202
2023-06-13 14:00:00,15.902,41.416344,1.0597526,0.276,0.285,0.343,20.252,20.802,17.202
2023-06-13 15:00:00,15.402,41.124798,1.0315174,0.276,0.285,0.343,19.202,20.652,17.202
2023-06-13 16:00:00,14.352,43.845196,0.9195817,0.276,0.285,0.343,18.002,20.502,17.202
2023-06-13 17:00:00,13.452,46.813908,0.8215957,0.276,0.285,0.343,17.002,20.302,17.152
2023-06-13 18:00:00,12.502,49.990044,0.7260552,0.276,0.285,0.343,16.052,20.052,17.152
2023-06-13 19:00:00,11.452,55.70231,0.60016763,0.276,0.285,0.343,15.252,19.802,17.152
2023-06-13 20:00:00,10.802,54.55188,0.58979416,0.276,0.285,0.343,14.602,19.502,17.152
2023-06-13 21:00:00,10.352,51.39237,0.6121815,0.276,0.285,0.343,14.102,19.252,17.152
2023-06-13 22:00:00,9.952,49.099495,0.62415504,0.275,0.285,0.343,13.602,18.952,17.152
2023-06-13 23:00:00,9.552,48.6306,0.6132423,0.275,0.285,0.343,13.202,18.652,17.152
2023-06-14 00:00:00,9.602,48.467655,0.6172553,0.275,0.285,0.343,13.002,18.402,17.102
2023-06-14 01:00:00,11.002,46.11466,0.7086363,0.275,0.285,0.343,13.652,18.152,17.102
2023-06-14 02:00:00,13.052,41.178215,0.8852834,0.275,0.285,0.343,15.152,18.002,17.102
2023-06-14 03:00:00,15.102,32.679646,1.1570232,0.275,0.285,0.343,16.902,17.952,17.102
2023-06-14 04:00:00,16.302,26.598848,1.3621287,0.275,0.285,0.342,18.602,17.952,17.052
2023-06-14 05:00:00,17.402,24.258944,1.5070131,0.274,0.285,0.342,20.252,18.052,17.052
2023-06-14 06:00:00,18.452,22.708574,1.6427476,0.274,0.285,0.342,21.802,18.202,17.052
2023-06-14 07:00:00,18.952,23.35658,1.6806464,0.274,0.285,0.342,23.102,18.402,17.052
2023-06-14 08:00:00,19.752,22.553572,1.7848177,0.273,0.285,0.342,24.052,18.652,17.002
2023-06-14 09:00:00,20.402,21.905771,1.8735101,0.273,0.285,0.342,24.752,18.902,17.002
2023-06-14 10:00:00,20.802,21.530588,1.9294308,0.272,0.285,0.342,25.052,19.152,17.002
2023-06-14 11:00:00,20.952,21.49068,1.9482766,0.272,0.285,0.342,24.902,19.352,17.002
2023-06-14 12:00:00,20.752,21.91749,1.9140236,0.272,0.285,0.341,24.402,19.552,17.002
2023-06-14 13:00:00,20.252,22.770815,1.8356904,0.272,0.285,0.341,23.452,19.702,17.002
2023-06-14 14:00:00,19.502,24.118536,1.721843,0.271,0.285,0.341,22.252,19.802,17.002
2023-06-14 15:00:00,18.152,27.722067,1.5075734,0.271,0.285,0.341,20.802,19.802,17.002
2023-06-14 16:00:00,16.502,31.678589,1.2840819,0.271,0.285,0.341,19.252,19.702,16.952
2023-06-14 17:00:00,15.202,35.437828,1.1167622,0.271,0.285,0.341,18.002,19.602,16.952
2023-06-14 18:00:00,14.102,38.87945,0.9848614,0.271,0.285,0.341,16.952,19.452,16.952
2023-06-14 19:00:00,13.152,40.467915,0.9018395,0.271,0.285,0.341,16.102,19.252,16.952
2023-06-14 20:00:00,12.352,43.42326,0.81335884,0.271,0.285,0.341,15.352,19.052,16.952
2023-06-14 21:00:00,11.702,45.81634,0.74633753,0.271,0.285,0.341,14.702,18.852,16.952
2023-06-14 22:00:00,11.052,48.176994,0.68377966,0.271,0.285,0.341,14.102,18.602,16.952
2023-06-14 23:00:00,10.352,52.514263,0.59805197,0.271,0.285,0.341,13.502,18.352,16.902
2023-06-15 00:00:00,10.052,55.534092,0.5489127,0.271,0.285,0.341,13.152,18.102,16.902
2023-06-15 01:00:00,12.152,53.377605,0.6614948,0.271,0.285,0.341,14.002,17.902,16.902
2023-06-15 02:00:00,15.402,38.425243,1.0788262,0.271,0.285,0.341,16.252,17.802,16.902
2023-06-15 03:00:00,17.852,31.046242,1.4113815,0.271,0.285,0.341,18.352,17.802,16.852
2023-06-15 04:00:00,19.352,26.479662,1.6527815,0.27,0.285,0.341,20.602,17.902,16.852
2023-06-15 05:00:00,20.502,24.480118,1.8229244,0.27,0.285,0.341,22.652,18.102,16.852
2023-06-15 06:00:00,21.652,22.728096,2.001502,0.27,0.285,0.341,24.552,18.402,16.852
2023-06-15 07:00:00,22.702,20.331696,2.1996422,0.269,0.285,0.34,26.152,18.702,16.852
2023-06-15 08:00:00,23.652,19.197136,2.3626018,0.269,0.285,0.34,27.352,19.052,16.802
2023-06-15 09:00:00,24.402,18.351624,2.4971247,0.268,0.285,0.34,28.102,19.452,16.802
2023-06-15 10:00:00,24.852,17.799149,2.582458,0.268,0.284,0.34,28.302,19.802,16.802
2023-06-15 11:00:00,25.002,17.576063,2.6127017,0.268,0.284,0.34,28.002,20.102,16.802
2023-06-15 12:00:00,24.852,17.734049,2.5845048,0.267,0.284,0.34,27.302,20.402,16.802
2023-06-15 13:00:00,24.402,18.351624,2.4971247,0.267,0.284,0.34,26.302,20.602,16.802
2023-06-15 14:00:00,23.602,20.48737,2.317871,0.267,0.284,0.339,24.952,20.752,16.802
2023-06-15 15:00:00,22.102,24.64896,2.0059755,0.267,0.284,0.339,23.402,20.802,16.802
2023-06-15 16:00:00,20.552,28.197157,1.7385004,0.267,0.284,0.339,21.802,20.802,16.802
2023-06-15 17:00:00,19.102,32.085968,1.5031435,0.267,0.284,0.339,20.502,20.702,16.802
2023-06-15 18:00:00,17.802,36.326214,1.2991796,0.267,0.284,0.339,19.452,20.602,16.802
2023-06-15 19:00:00,16.352,41.546482,1.0881468,0.267,0.284,0.339,18.402,20.452,16.802
2023-06-15 20:00:00,15.252,45.84848,0.93965596,0.267,0.284,0.339,17.452,20.252,16.802
2023-06-15 21:00:00,14.302,49.607563,0.8225366,0.266,0.284,0.339,16.502,20.052,16.802
2023-06-15 22:00:00,13.702,52.12132,0.751709,0.266,0.284,0.339,15.702,19.802,16.802
2023-06-15 23:00:00,13.602,54.14088,0.71533334,0.266,0.284,0.339,15.002,19.552,16.802
2023-06-16 00:00:00,13.952,52.924065,0.7511842,0.266,0.284,0.339,14.702,19.302,16.802
2023-06-16 01:00:00,15.452,53.138775,0.82360333,0.266,0.284,0.339,15.802,19.102,16.802
2023-06-16 02:00:00,18.802,39.275448,1.3190498,0.266,0.284,0.339,18.402,19.052,16.802
2023-06-16 03:00:00,21.702,30.287342,1.8110951,0.266,0.284,0.339,20.752,19.102,16.802
2023-06-16 04:00:00,23.902,25.677359,2.2058437,0.266,0.284,0.339,23.202,19.252,16.752
2023-06-16 05:00:00,25.202,23.422173,2.45625,0.266,0.284,0.339,25.252,19.452,16.752
2023-06-16 06:00:00,26.302,20.95322,2.7060113,0.265,0.284,0.339,27.002,19.752,16.752
2023-06-16 07:00:00,27.052,19.070286,2.895347,0.265,0.284,0.339,28.352,20.102,16.752
2023-06-16 08:00:00,27.552,18.387295,3.0064363,0.265,0.284,0.338,29.102,20.452,16.752
2023-06-16 09:00:00,28.052,17.352552,3.1345873,0.264,0.284,0.338,29.302,20.802,16.752
2023-06-16 10:00:00,28.102,17.36439,3.1432598,0.264,0.284,0.338,29.202,21.102,16.752
2023-06-16 11:00:00,28.152,17.25174,3.1567097,0.264,0.284,0.338,28.852,21.402,16.752
2023-06-16 12:00:00,27.902,17.442165,3.1039774,0.263,0.284,0.338,28.152,21.652,16.802
2023-06-16 13:00:00,27.502,18.113274,3.007752,0.263,0.284,0.338,27.352,21.802,16.802
2023-06-16 14:00:00,26.752,20.259832,2.8029857,0.263,0.284,0.338,26.402,21.952,16.802
2023-06-16 15:00:00,24.902,24.528976,2.3779073,0.263,0.284,0.338,25.052,22.002,16.802
2023-06-16 16:00:00,22.652,28.990246,1.9544835,0.263,0.284,0.338,23.352,22.002,16.802
2023-06-16 17:00:00,20.902,33.180183,1.652956,0.263,0.284,0.338,22.002,21.952,16.802
2023-06-16 18:00:00,19.552,36.704643,1.4405844,0.263,0.284,0.338,20.952,21.802,16.802
2023-06-16 19:00:00,18.552,39.616642,1.2913187,0.263,0.284,0.338,20.052,21.652,16.802
2023-06-16 20:00:00,17.302,43.76392,1.1117867,0.263,0.284,0.338,19.152,21.502,16.852
2023-06-16 21:00:00,16.052,49.398247,0.924115,0.263,0.284,0.338,18.302,21.252,16.852
2023-06-16 22:00:00,17.202,44.195236,1.0963125,0.263,0.284,0.338,17.402,21.052,16.852
2023-06-16 23:00:00,16.802,45.80535,1.0380666,0.263,0.284,0.338,16.602,20.802,16.852
2023-06-17 00:00:00,14.302,60.25737,0.6486634,0.263,0.284,0.338,16.252,20.552,16.852
2023-06-17 01:00:00,15.902,66.19834,0.6113421,0.263,0.284,0.338,17.202,20.352,16.852
2023-06-17 02:00:00,20.102,41.040104,1.3883078,0.263,0.284,0.338,19.602,20.252,16.852
2023-06-17 03:00:00,22.952,32.73232,1.8852999,0.262,0.284,0.338,21.552,20.252,16.852
2023-06-17 04:00:00,25.152,25.47644,2.3831968,0.262,0.284,0.337,23.602,20.352,16.852
2023-06-17 05:00:00,26.552,22.16418,2.704,0.262,0.284,0.337,25.502,20.552,16.852
2023-06-17 06:00:00,27.402,22.463398,2.8311772,0.262,0.284,0.337,26.952,20.752,16.852
2023-06-17 07:00:00,27.352,22.608414,2.8176305,0.262,0.284,0.337,27.452,21.002,16.852
2023-06-17 08:00:00,28.252,23.243181,2.944877,0.261,0.284,0.337,28.852,21.302,16.852
2023-06-17 09:00:00,29.252,21.706234,3.182773,0.261,0.284,0.337,29.602,21.602,16.852
2023-06-17 10:00:00,29.602,21.124802,3.2716763,0.261,0.283,0.336,29.852,21.902,16.852
2023-06-17 11:00:00,29.652,20.700344,3.2987761,0.26,0.283,0.336,29.552,22.152,16.852
2023-06-17 12:00:00,29.352,21.28293,3.2184923,0.26,0.283,0.336,29.002,22.402,16.852
2023-06-17 13:00:00,28.302,24.411076,2.9084277,0.26,0.283,0.336,28.002,22.552,16.852
2023-06-17 14:00:00,27.402,27.46493,2.6482995,0.26,0.283,0.336,27.002,22.702,16.902
2023-06-17 15:00:00,25.802,31.55067,2.2746902,0.26,0.283,0.336,25.802,22.752,16.902
2023-06-17 16:00:00,23.952,36.452522,1.8914057,0.26,0.283,0.336,24.502,22.752,16.902
2023-06-17 17:00:00,22.452,41.147022,1.6000988,0.26,0.283,0.336,23.302,22.652,16.902
2023-06-17 18:00:00,21.452,44.78156,1.4125546,0.26,0.283,0.336,22.402,22.602,16.902
2023-06-17 19:00:00,20.252,48.538307,1.2229075,0.26,0.283,0.336,21.552,22.452,16.952
2023-06-17 20:00:00,19.502,55.850296,1.0015069,0.265,0.283,0.336,21.002,22.302,16.952
2023-06-17 21:00:00,18.902,60.337288,0.8667363,0.266,0.283,0.336,20.202,22.152,16.952
2023-06-17 22:00:00,18.102,64.49698,0.7379638,0.268,0.283,0.336,19.602,21.952,16.952
2023-06-17 23:00:00,17.052,71.46298,0.5551894,0.27,0.283,0.336,18.902,21.752,16.952
2023-06-18 00:00:00,16.852,73.818565,0.50294614,0.27,0.283,0.336,18.602,21.552,16.952
2023-06-18 01:00:00,17.852,70.67867,0.5999423,0.27,0.283,0.336,19.252,21.352,16.952
2023-06-18 02:00:00,19.002,64.9068,0.77162683,0.27,0.283,0.336,19.702,21.252,16.952
2023-06-18 03:00:00,20.352,58.330906,0.99619377,0.27,0.283,0.336,21.102,21.152,16.952
2023-06-18 04:00:00,22.202,50.886703,1.314995,0.27,0.283,0.336,23.252,21.202,16.952
2023-06-18 05:00:00,23.552,45.66555,1.5785788,0.269,0.283,0.336,25.102,21.302,16.952
2023-06-18 06:00:00,24.852,40.99646,1.8530222,0.269,0.283,0.336,26.752,21.502,17.002
2023-06-18 07:00:00,26.252,37.72627,2.1249042,0.269,0.283,0.335,28.252,21.752,17.002
2023-06-18 08:00:00,26.652,36.117638,2.2317579,0.268,0.283,0.335,28.652,21.952,17.002
2023-06-18 09:00:00,27.802,33.649754,2.4793415,0.268,0.283,0.335,29.702,22.252,17.002
2023-06-18 10:00:00,28.902,31.354479,2.734195,0.268,0.283,0.335,30.702,22.552,17.002
2023-06-18 11:00:00,29.652,29.62652,2.9268558,0.267,0.283,0.335,30.952,22.852,17.002
2023-06-18 12:00:00,30.052,28.281946,3.052082,0.267,0.283,0.335,30.602,23.102,17.002
2023-06-18 13:00:00,30.252,27.218012,3.133088,0.267,0.283,0.335,29.952,23.352,17.052
2023-06-18 14:00:00,29.502,28.609425,2.9437473,0.267,0.283,0.335,28.802,23.502,17.052
2023-06-18 15:00:00,27.152,34.376,2.3608773,0.268,0.283,0.335,27.302,23.552,17.052
2023-06-18 16:00:00,24.702,42.479195,1.7903401,0.269,0.283,0.335,25.702,23.552,17.052
2023-06-18 17:00:00,24.002,43.42487,1.6887392,0.269,0.283,0.335,24.552,23.502,17.102
2023-06-18 18:00:00,23.502,43.430183,1.6386505,0.269,0.283,0.335,23.902,23.452,17.102
2023-06-18 19:00:00,22.902,42.97348,1.5932093,0.269,0.283,0.335,23.302,23.352,17.102
2023-06-18 20:00:00,22.702,43.061836,1.5716158,0.269,0.283,0.335,22.852,23.252,17.102
2023-06-18 21:00:00,22.702,42.486805,1.587502,0.269,0.283,0.335,22.552,23.102,17.152
2023-06-18 22:00:00,22.402,42.25969,1.5650691,0.269,0.283,0.334,22.202,23.002,17.152
2023-06-18 23:00:00,22.302,41.243984,1.582989,0.269,0.283,0.334,21.952,22.852,17.152
2023-06-19 00:00:00,22.852,37.779995,1.7331975,0.269,0.283,0.334,22.002,22.752,17.152
2023-06-19 01:00:00,24.002,32.579674,2.0128226,0.269,0.283,0.334,22.402,22.652,17.152
2023-06-19 02:00:00,25.952,26.69541,2.457935,0.268,0.283,0.334,23.602,22.602,17.152
2023-06-19 03:00:00,27.552,22.899477,2.8399959,0.268,0.283,0.334,25.102,22.652,17.202
2023-06-19 04:00:00,29.052,20.694153,3.1870208,0.268,0.283,0.334,26.452,22.752,17.202
2023-06-19 05:00:00,29.602,20.543913,3.2958121,0.268,0.283,0.334,27.502,22.902,17.202
2023-06-19 06:00:00,29.202,23.735641,3.0912197,0.268,0.283,0.334,28.202,23.052,17.202
2023-06-19 07:00:00,29.952,25.533543,3.1511528,0.267,0.283,0.334,29.252,23.252,17.202
2023-06-19 08:00:00,28.902,30.629274,2.7631264,0.268,0.283,0.334,29.502,23.452,17.252
2023-06-19 09:00:00,29.202,30.102207,2.8327537,0.268,0.283,0.334,29.502,23.602,17.252
2023-06-19 10:00:00,27.902,31.076824,2.590663,0.268,0.283,0.333,29.202,23.752,17.252
2023-06-19 11:00:00,27.802,31.895502,2.54499,0.268,0.283,0.333,28.552,23.902,17.252
2023-06-19 12:00:00,26.252,38.742107,2.0901995,0.27,0.283,0.333,28.252,24.002,17.302
2023-06-19 13:00:00,25.602,40.395992,1.9571236,0.27,0.283,0.333,27.052,24.052,17.302
2023-06-19 14:00:00,23.602,50.259075,1.449359,0.271,0.283,0.333,25.952,24.002,17.302
2023-06-19 15:00:00,18.452,77.78318,0.47195065,0.275,0.283,0.333,23.952,23.952,17.302
2023-06-19 16:00:00,15.202,81.21079,0.3249023,0.275,0.283,0.333,21.902,23.752,17.352
2023-06-19 17:00:00,13.502,74.472,0.3955692,0.275,0.283,0.333,20.302,23.502,17.352
2023-06-19 18:00:00,12.702,73.5804,0.38857877,0.275,0.283,0.333,19.202,23.202,17.352
2023-06-19 19:00:00,11.952,74.20244,0.36120903,0.275,0.283,0.333,18.352,22.902,17.352
2023-06-19 20:00:00,11.102,71.300835,0.3799076,0.275,0.283,0.333,17.602,22.602,17.352
2023-06-19 21:00:00,10.152,70.134865,0.37113386,0.275,0.283,0.333,16.852,22.252,17.352
2023-06-19 22:00:00,9.552,66.42429,0.40082252,0.275,0.283,0.333,16.202,21.952,17.352
2023-06-19 23:00:00,9.302,64.97798,0.4111268,0.275,0.283,0.333,15.702,21.602,17.352
2023-06-20 00:00:00,9.152,65.63737,0.3993352,0.275,0.283,0.333,15.252,21.252,17.402
2023-06-20 01:00:00,9.252,65.19695,0.40718466,0.275,0.283,0.333,15.102,20.902,17.402
2023-06-20 02:00:00,9.752,62.378098,0.4551921,0.275,0.283,0.333,15.352,20.602,17.352
2023-06-20 03:00:00,10.852,53.218227,0.60912216,0.275,0.283,0.333,15.952,20.352,17.352
2023-06-20 04:00:00,12.252,43.237286,0.81069165,0.275,0.283,0.333,16.652,20.152,17.352
2023-06-20 05:00:00,13.402,37.42552,0.9634974,0.275,0.283,0.333,17.552,20.002,17.352
2023-06-20 06:00:00,15.052,30.460285,1.1913337,0.275,0.283,0.333,18.852,19.902,17.352
2023-06-20 07:00:00,15.802,29.245186,1.2718215,0.274,0.283,0.333,19.652,19.852,17.352
2023-06-20 08:00:00,15.952,29.722923,1.2753901,0.274,0.283,0.333,19.802,19.802,17.352
2023-06-20 09:00:00,16.402,29.31014,1.3201847,0.275,0.283,0.333,20.052,19.802,17.352
2023-06-20 10:00:00,16.902,29.132252,1.366174,0.274,0.283,0.333,20.502,19.802,17.352
2023-06-20 11:00:00,16.702,30.826336,1.3167136,0.275,0.283,0.333,20.402,19.802,17.352
2023-06-20 12:00:00,16.552,32.15708,1.279143,0.275,0.283,0.333,20.202,19.752,17.302
2023-06-20 13:00:00,16.302,33.39128,1.2360692,0.275,0.283,0.333,19.752,19.752,17.302
2023-06-20 14:00:00,15.752,34.584236,1.1720932,0.274,0.283,0.333,19.152,19.652,17.302
2023-06-20 15:00:00,15.002,37.4887,1.0674815,0.274,0.283,0.333,18.302,19.552,17.302
2023-06-20 16:00:00,13.902,41.12965,0.9363878,0.274,0.283,0.333,17.252,19.452,17.302
2023-06-20 17:00:00,13.152,44.28707,0.8439798,0.274,0.283,0.333,16.402,19.252,17.302
2023-06-20 18:00:00,12.252,49.566048,0.7202983,0.274,0.283,0.333,15.652,19.102,17.302
2023-06-20 19:00:00,11.352,49.849068,0.674998,0.274,0.283,0.333,15.002,18.852,17.302
2023-06-20 20:00:00,10.752,52.62294,0.61278814,0.274,0.283,0.333,14.402,18.652,17.252
2023-06-20 21:00:00,10.302,54.614277,0.56969994,0.274,0.283,0.333,13.902,18.402,17.252
2023-06-20 22:00:00,9.652,57.246582,0.5138255,0.274,0.283,0.333,13.352,18.152,17.252
2023-06-20 23:00:00,9.252,58.595917,0.48441678,0.274,0.283,0.333,12.902,17.902,17.252
2023-06-21 00:00:00,9.502,57.20803,0.5091383,0.274,0.283,0.333,12.752,17.702,17.202
2023-06-21 01:00:00,10.752,52.62294,0.61278814,0.274,0.283,0.333,13.352,17.502,17.202
2023-06-21 02:00:00,12.202,45.794617,0.7716274,0.274,0.283,0.332,14.552,17.352,17.202
2023-06-21 03:00:00,13.302,42.30674,0.8825689,0.274,0.283,0.332,15.852,17.302,17.152
2023-06-21 04:00:00,14.302,38.657864,1.0013025,0.273,0.283,0.332,17.202,17.252,17.152
2023-06-21 05:00:00,15.152,34.53374,1.1287735,0.273,0.283,0.332,18.402,17.302,17.152
2023-06-21 06:00:00,15.902,32.08478,1.2285974,0.273,0.283,0.332,19.352,17.402,17.152
2023-06-21 07:00:00,17.002,31.593832,1.3270864,0.273,0.283,0.332,20.152,17.552,17.102
2023-06-21 08:00:00,17.502,31.396433,1.3736143,0.274,0.283,0.332,20.852,17.652,17.102
2023-06-21 09:00:00,18.102,30.894732,1.4368653,0.274,0.283,0.332,21.452,17.852,17.102
2023-06-21 10:00:00,18.152,31.812033,1.4222388,0.273,0.283,0.332,21.652,18.002,17.102
2023-06-21 11:00:00,17.902,32.78327,1.3801451,0.273,0.283,0.332,21.602,18.152,17.052
2023-06-21 12:00:00,16.952,34.067726,1.2750391,0.276,0.282,0.332,20.952,18.252,17.052
2023-06-21 13:00:00,16.252,34.232704,1.2165743,0.276,0.282,0.332,19.752,18.302,17.052
2023-06-21 14:00:00,15.652,34.80623,1.1606717,0.276,0.282,0.332,18.852,18.302,17.052
2023-06-21 15:00:00,14.752,37.280228,1.0539521,0.276,0.282,0.332,17.852,18.252,17.052
2023-06-21 16:00:00,13.552,40.585213,0.92381525,0.276,0.282,0.332,16.652,18.202,17.002
2023-06-21 17:00:00,12.652,43.667713,0.82593024,0.276,0.282,0.332,15.702,18.052,17.002
2023-06-21 18:00:00,11.752,47.34242,0.72771263,0.276,0.283,0.332,14.852,17.902,17.002
2023-06-21 19:00:00,10.952,47.4571,0.6886937,0.276,0.283,0.332,14.152,17.702,17.002
2023-06-21 20:00:00,10.202,50.432037,0.61805826,0.276,0.283,0.332,13.502,17.502,16.952
2023-06-21 21:00:00,9.602,52.88004,0.5644072,0.276,0.283,0.332,12.952,17.302,16.952
2023-06-21 22:00:00,9.052,55.470345,0.51401544,0.276,0.283,0.332,12.452,17.102,16.952
2023-06-21 23:00:00,8.552,58.208893,0.46638918,0.276,0.283,0.332,11.952,16.852,16.952
2023-06-22 00:00:00,8.552,59.693134,0.44982564,0.276,0.283,0.332,11.802,16.602,16.902
2023-06-22 01:00:00,10.002,57.132107,0.52741957,0.276,0.283,0.332,12.502,16.452,16.902
2023-06-22 02:00:00,11.902,53.310665,0.6516374,0.275,0.283,0.332,14.002,16.352,16.902
2023-06-22 03:00:00,13.602,48.034958,0.8105974,0.275,0.283,0.332,15.752,16.302,16.852
2023-06-22 04:00:00,15.102,42.374477,0.99037516,0.275,0.283,0.332,17.452,16.352,16.852
2023-06-22 05:00:00,16.302,37.06575,1.1678655,0.275,0.282,0.331,18.852,16.502,16.852
2023-06-22 06:00:00,17.352,32.389412,1.3409804,0.275,0.282,0.331,20.052,16.652,16.802
2023-06-22 07:00:00,18.052,28.306671,1.4860239,0.274,0.282,0.331,20.702,16.852,16.802
2023-06-22 08:00:00,18.452,27.106216,1.5492662,0.274,0.282,0.331,21.102,17.052,16.802
2023-06-22 09:00:00,18.552,26.54611,1.5709686,0.274,0.282,0.331,21.052,17.202,16.752
2023-06-22 10:00:00,18.952,25.607965,1.6312675,0.273,0.282,0.331,21.302,17.402,16.752
2023-06-22 11:00:00,18.352,27.177185,1.5380992,0.273,0.282,0.331,20.752,17.552,16.752
2023-06-22 12:00:00,18.152,28.960102,1.4817436,0.273,0.282,0.331,20.602,17.652,16.752
2023-06-22 13:00:00,17.402,32.403904,1.3449291,0.273,0.282,0.331,20.252,17.752,16.752
2023-06-22 14:00:00,16.302,37.33188,1.1629256,0.273,0.282,0.331,19.352,17.802,16.702
2023-06-22 15:00:00,14.902,42.618946,0.9735778,0.273,0.282,0.331,18.052,17.802,16.702
2023-06-22 16:00:00,13.352,47.964775,0.7986,0.272,0.282,0.331,16.652,17.752,16.702
2023-06-22 17:00:00,12.152,52.440334,0.67479485,0.272,0.282,0.331,15.552,17.652,16.702
2023-06-22 18:00:00,11.302,56.059116,0.589456,0.272,0.282,0.331,14.602,17.502,16.702
2023-06-22 19:00:00,10.802,61.10256,0.5047778,0.272,0.282,0.331,13.952,17.302,16.652
2023-06-22 20:00:00,10.152,64.25852,0.444166,0.272,0.282,0.331,13.352,17.102,16.652
2023-06-22 21:00:00,9.752,66.467804,0.40570724,0.272,0.282,0.331,12.902,16.952,16.652
2023-06-22 22:00:00,9.602,67.37627,0.39076602,0.272,0.282,0.331,12.602,16.752,16.652
2023-06-22 23:00:00,9.502,68.3083,0.3770628,0.272,0.282,0.331,12.402,16.552,16.602
2023-06-23 00:00:00,9.502,68.78943,0.371338,0.272,0.282,0.331,12.302,16.352,16.602
2023-06-23 01:00:00,10.352,66.1334,0.42651886,0.272,0.282,0.331,12.752,16.202,16.602
2023-06-23 02:00:00,11.902,59.25738,0.5686296,0.272,0.282,0.331,13.952,16.102,16.552
2023-06-23 03:00:00,13.652,52.290974,0.7466167,0.272,0.282,0.331,15.502,16.052,16.552
2023-06-23 04:00:00,14.902,47.723515,0.886948,0.272,0.282,0.331,16.952,16.102,16.552
2023-06-23 05:00:00,16.001999,44.162582,1.016522,0.272,0.282,0.331,18.252,16.202,16.502
2023-06-23 06:00:00,17.102,41.325077,1.145462,0.272,0.282,0.331,19.702,16.402,16.502
2023-06-23 07:00:00,16.652,44.65896,1.0500016,0.281,0.282,0.331,19.952,16.552,16.502
2023-06-23 08:00:00,16.902,45.19998,1.0563354,0.284,0.282,0.33,19.852,16.702,16.452
2023-06-23 09:00:00,16.652,44.65896,1.0500016,0.285,0.282,0.33,19.502,16.802,16.452
2023-06-23 10:00:00,17.452,40.70576,1.1834177,0.285,0.282,0.33,19.752,16.952,16.452
2023-06-23 11:00:00,18.252,38.032845,1.3005602,0.284,0.282,0.33,20.202,17.102,16.452
2023-06-23 12:00:00,18.052,37.048355,1.3047675,0.284,0.282,0.33,19.902,17.202,16.452
2023-06-23 13:00:00,17.552,36.38259,1.2777654,0.284,0.282,0.33,19.252,17.302,16.402
2023-06-23 14:00:00,16.852,36.96189,1.2113581,0.284,0.282,0.33,18.602,17.352,16.402
2023-06-23 15:00:00,15.452,40.557465,1.0448008,0.283,0.282,0.33,17.652,17.352,16.402
2023-06-23 16:00:00,13.852,45.127636,0.86996156,0.283,0.282,0.33,16.702,17.302,16.402
2023-06-23 17:00:00,12.802,48.49647,0.76257426,0.283,0.282,0.33,15.902,17.202,16.402
2023-06-23 18:00:00,12.202,49.906895,0.7130837,0.283,0.282,0.33,15.252,17.102,16.352
2023-06-23 19:00:00,12.102,50.057415,0.70628285,0.283,0.282,0.33,14.802,17.002,16.352
2023-06-23 20:00:00,11.602,51.367203,0.6654688,0.283,0.282,0.33,14.302,16.852,16.352
2023-06-23 21:00:00,10.852,54.177254,0.5966345,0.283,0.282,0.33,13.752,16.702,16.352
2023-06-23 22:00:00,10.002,57.953094,0.51731825,0.283,0.282,0.33,13.102,16.552,16.302
2023-06-23 23:00:00,9.302,61.39196,0.45322502,0.283,0.282,0.33,12.502,16.352,16.302
2023-06-24 00:00:00,9.002,63.76883,0.4168175,0.283,0.282,0.33,12.152,16.152,16.302
2023-06-24 01:00:00,10.252,59.68827,0.5043213,0.283,0.282,0.33,12.802,16.001999,16.302
2023-06-24 02:00:00,11.852,51.619194,0.673027,0.283,0.282,0.33,14.152,15.952,16.252
2023-06-24 03:00:00,13.202,42.277615,0.8772787,0.282,0.282,0.33,15.602,15.952,16.252
2023-06-24 04:00:00,14.252,37.133152,1.0228814,0.282,0.282,0.33,17.052,16.001999,16.252
2023-06-24 05:00:00,15.002,34.61553,1.1165516,0.282,0.282,0.33,18.002,16.102,16.202
2023-06-24 06:00:00,15.552,33.536526,1.1757336,0.281,0.282,0.33,18.852,16.202,16.202
2023-06-24 07:00:00,16.102,33.81967,1.2125771,0.281,0.282,0.33,19.552,16.352,16.202
2023-06-24 08:00:00,17.152,30.844236,1.3544192,0.281,0.282,0.33,20.802,16.552,16.202
2023-06-24 09:00:00,17.302,29.784994,1.3882613,0.281,0.282,0.33,20.952,16.752,16.152
2023-06-24 10:00:00,17.502,28.98542,1.4219007,0.28,0.282,0.33,20.852,16.902,16.152
2023-06-24 11:00:00,17.552,28.475182,1.4366391,0.28,0.282,0.33,20.652,17.102,16.152
2023-06-24 12:00:00,17.252,28.913918,1.4010565,0.28,0.282,0.33,19.852,17.202,16.152
2023-06-24 13:00:00,17.052,29.389368,1.3742017,0.28,0.282,0.33,19.302,17.252,16.152
2023-06-24 14:00:00,16.802,30.40879,1.3330886,0.28,0.282,0.329,18.552,17.302,16.152
2023-06-24 15:00:00,16.302,33.755802,1.2293034,0.279,0.282,0.329,17.802,17.302,16.102
2023-06-24 16:00:00,15.052,42.510914,0.98486185,0.279,0.282,0.329,16.602,17.252,16.102
2023-06-24 17:00:00,14.252,41.97755,0.94405085,0.279,0.282,0.329,15.502,17.202,16.102
2023-06-24 18:00:00,14.002,41.45582,0.9372533,0.279,0.282,0.329,14.352,17.052,16.102
2023-06-24 19:00:00,11.252,50.541576,0.6612858,0.279,0.282,0.329,13.602,16.852,16.102
2023-06-24 20:00:00,10.402,53.86392,0.58299404,0.279,0.282,0.329,12.902,16.702,16.102
2023-06-24 21:00:00,9.502,58.24108,0.4968469,0.279,0.282,0.329,12.202,16.452,16.052
2023-06-24 22:00:00,9.002,61.538788,0.44247317,0.279,0.282,0.329,11.702,16.252,16.052
2023-06-24 23:00:00,8.602,66.45187,0.37566632,0.279,0.282,0.329,11.302,16.001999,16.052
2023-06-25 00:00:00,8.752,68.87697,0.35206062,0.279,0.282,0.329,11.302,15.802,16.052
2023-06-25 01:00:00,11.202,61.413765,0.51420236,0.279,0.282,0.329,12.352,15.652,16.001999
2023-06-25 02:00:00,14.102,48.859375,0.82402503,0.279,0.282,0.329,14.502,15.602,16.001999
2023-06-25 03:00:00,16.352,40.96336,1.0990057,0.279,0.282,0.329,16.502,15.652,16.001999
2023-06-25 04:00:00,18.002,35.74494,1.3276218,0.279,0.282,0.329,18.702,15.802,15.952
2023-06-25 05:00:00,18.952,33.919945,1.4489329,0.278,0.282,0.329,20.252,16.001999,15.952
2023-06-25 06:00:00,19.252,33.056103,1.4955515,0.278,0.282,0.329,21.052,16.202,15.952
2023-06-25 07:00:00,20.102,33.18378,1.5734262,0.278,0.282,0.329,22.352,16.502,15.952
2023-06-25 08:00:00,20.902,32.48855,1.6700773,0.278,0.282,0.329,23.502,16.802,15.952
2023-06-25 09:00:00,21.052,32.190445,1.6929636,0.277,0.282,0.329,24.002,17.102,15.902
2023-06-25 10:00:00,21.102,31.421213,1.7174379,0.277,0.282,0.329,23.902,17.402,15.902
2023-06-25 11:00:00,21.202,30.252384,1.7574637,0.276,0.282,0.329,23.702,17.652,15.902
2023-06-25 12:00:00,21.002,29.770412,1.7480574,0.276,0.282,0.329,23.252,17.902,15.902
2023-06-25 13:00:00,20.602,30.189028,1.6954534,0.276,0.282,0.329,22.152,18.052,15.902
2023-06-25 14:00:00,20.102,32.603207,1.5871063,0.276,0.282,0.328,21.252,18.152,15.902
2023-06-25 15:00:00,19.252,37.26524,1.4014676,0.276,0.282,0.328,20.202,18.252,15.902
2023-06-25 16:00:00,17.652,42.80776,1.1559175,0.276,0.282,0.328,18.852,18.202,15.902
2023-06-25 17:00:00,16.102,48.393463,0.94547915,0.276,0.282,0.328,17.752,18.152,15.902
2023-06-25 18:00:00,15.102,53.045944,0.80692345,0.276,0.282,0.328,16.902,18.102,15.902
2023-06-25 19:00:00,15.052,49.12272,0.871564,0.275,0.282,0.328,16.452,18.002,15.902
2023-06-25 20:00:00,14.852,48.21478,0.8757892,0.275,0.282,0.328,16.102,17.852,15.902
2023-06-25 21:00:00,14.502,46.77913,0.8800063,0.275,0.282,0.328,15.752,17.752,15.852
2023-06-25 22:00:00,14.552,43.902737,0.93057525,0.275,0.282,0.328,15.502,17.602,15.852
2023-06-25 23:00:00,14.752,42.424133,0.9674988,0.275,0.282,0.328,15.502,17.502,15.852
2023-06-26 00:00:00,14.552,45.007473,0.9122452,0.276,0.282,0.328,15.402,17.402,15.852
2023-06-26 01:00:00,15.002,47.417366,0.89789736,0.276,0.282,0.328,15.602,17.302,15.852
2023-06-26 02:00:00,16.001999,47.036312,0.96418804,0.276,0.282,0.328,16.202,17.202,15.852
2023-06-26 03:00:00,17.502,43.51681,1.1308472,0.276,0.282,0.328,17.302,17.202,15.852
2023-06-26 04:00:00,19.052,39.76067,1.3290498,0.276,0.282,0.328,18.702,17.252,15.852
2023-06-26 05:00:00,19.952,38.390144,1.4373641,0.277,0.282,0.328,19.952,17.352,15.852
2023-06-26 06:00:00,19.802,41.522896,1.3516312,0.278,0.282,0.328,20.602,17.452,15.802
2023-06-26 07:00:00,19.552,44.24914,1.2687745,0.28,0.282,0.328,20.952,17.602,15.802
2023-06-26 08:00:00,18.102,55.122433,0.9329206,0.287,0.282,0.328,20.652,17.702,15.802
2023-06-26 09:00:00,18.652,55.262955,0.96255696,0.293,0.282,0.328,20.652,17.802,15.802
2023-06-26 10:00:00,19.602,54.04169,1.049041,0.295,0.282,0.328,20.752,17.902,15.802
2023-06-26 11:00:00,19.652,59.13118,0.9357021,0.3,0.282,0.328,20.852,18.052,15.802
2023-06-26 12:00:00,18.302,71.461105,0.6006359,0.307,0.282,0.328,19.952,18.102,15.802
2023-06-26 13:00:00,17.802,76.43332,0.4806521,0.315,0.282,0.328,19.202,18.102,15.802
2023-06-26 14:00:00,17.402,78.38562,0.4298674,0.337,0.282,0.328,18.502,18.102,15.802
2023-06-26 15:00:00,16.652,81.66577,0.34773743,0.344,0.282,0.328,17.852,18.052,15.802
2023-06-26 16:00:00,15.952,83.4632,0.299991,0.346,0.282,0.328,17.152,17.952,15.802
2023-06-26 17:00:00,15.452,86.176544,0.24288142,0.349,0.282,0.328,16.652,17.902,15.802
2023-06-26 18:00:00,15.002,87.83863,0.20759904,0.349,0.282,0.328,16.252,17.752,15.802
2023-06-26 19:00:00,16.202,62.795914,0.6858847,0.349,0.282,0.328,15.752,17.652,15.802
2023-06-26 20:00:00,15.452,66.5486,0.5878577,0.349,0.282,0.328,15.552,17.502,15.802
2023-06-26 21:00:00,14.852,74.20685,0.43612957,0.351,0.282,0.328,15.502,17.402,15.752
2023-06-26 22:00:00,14.102,80.528175,0.31368053,0.352,0.282,0.328,15.252,17.302,15.752
2023-06-26 23:00:00,13.502,84.00624,0.24781334,0.354,0.282,0.328,15.052,17.152,15.752
2023-06-27 00:00:00,13.152,83.68667,0.2470733,0.355,0.282,0.328,14.802,17.002,15.752
2023-06-27 01:00:00,13.052,81.46812,0.27885485,0.356,0.282,0.328,14.652,16.902,15.752
2023-06-27 02:00:00,13.202,77.491585,0.34202874,0.356,0.282,0.328,14.602,16.752,15.752
2023-06-27 03:00:00,13.302,74.68909,0.38713503,0.357,0.282,0.328,14.702,16.652,15.752
2023-06-27 04:00:00,13.502,74.472,0.3955692,0.359,0.282,0.328,15.102,16.552,15.702
2023-06-27 05:00:00,13.602,75.24515,0.38608694,0.36,0.283,0.328,15.252,16.502,15.702
2023-06-27 06:00:00,13.702,75.261986,0.3883376,0.361,0.283,0.328,15.352,16.402,15.702
2023-06-27 07:00:00,14.602,73.177414,0.4462998,0.363,0.283,0.328,15.652,16.402,15.702
2023-06-27 08:00:00,15.002,70.36584,0.5059469,0.363,0.283,0.328,15.852,16.352,15.702
2023-06-27 09:00:00,15.652,67.7179,0.57460606,0.363,0.283,0.328,16.402,16.352,15.702
2023-06-27 10:00:00,15.352,69.49668,0.53261435,0.365,0.283,0.328,16.652,16.352,15.652
2023-06-27 11:00:00,14.902,72.986755,0.4582355,0.367,0.283,0.328,16.452,16.352,15.652
2023-06-27 12:00:00,14.902,74.21551,0.43738687,0.368,0.283,0.328,16.402,16.352,15.652
2023-06-27 13:00:00,14.602,80.3298,0.32727122,0.368,0.283,0.328,16.152,16.302,15.652
2023-06-27 14:00:00,14.902,83.06573,0.2872362,0.368,0.283,0.328,16.102,16.302,15.652
2023-06-27 15:00:00,14.002,86.8865,0.20987761,0.377,0.283,0.328,15.652,16.252,15.602
2023-06-27 16:00:00,13.452,89.16084,0.16739428,0.378,0.283,0.328,15.102,16.202,15.602
2023-06-27 17:00:00,13.102,90.618515,0.14161718,0.382,0.283,0.328,14.752,16.102,15.602
2023-06-27 18:00:00,12.752,91.80128,0.12096584,0.384,0.283,0.328,14.452,16.001999,15.602
2023-06-27 19:00:00,12.552,90.2799,0.14155018,0.384,0.283,0.328,14.202,15.952,15.602
2023-06-27 20:00:00,12.302,90.56235,0.13520312,0.384,0.284,0.328,14.002,15.852,15.552
2023-06-27 21:00:00,12.152,89.651695,0.14679718,0.384,0.284,0.328,13.802,15.752,15.552
2023-06-27 22:00:00,12.202,87.00343,0.18497443,0.384,0.284,0.328,13.702,15.652,15.552
2023-06-27 23:00:00,12.302,84.715385,0.21897495,0.385,0.284,0.328,13.602,15.552,15.552
2023-06-28 00:00:00,12.502,81.944496,0.26209116,0.385,0.284,0.328,13.552,15.452,15.552
2023-06-28 01:00:00,12.602,80.05206,0.29146767,0.384,0.284,0.328,13.552,15.352,15.502
2023-06-28 02:00:00,13.252,75.950386,0.3666445,0.384,0.284,0.328,13.902,15.302,15.502
2023-06-28 03:00:00,14.452,66.78676,0.5473429,0.383,0.284,0.328,14.752,15.252,15.502
2023-06-28 04:00:00,15.652,58.953983,0.7306553,0.383,0.284,0.328,15.752,15.302,15.502
2023-06-28 05:00:00,16.902,52.255077,0.92028666,0.382,0.285,0.328,16.802,15.352,15.452
2023-06-28 06:00:00,18.252,47.336784,1.1051983,0.38,0.285,0.328,18.052,15.502,15.452
2023-06-28 07:00:00,19.752,44.91501,1.2692429,0.377,0.285,0.328,19.702,15.702,15.452
2023-06-28 08:00:00,19.952,42.431305,1.3430239,0.375,0.285,0.328,20.502,15.902,15.452
2023-06-28 09:00:00,20.352,38.372105,1.4737284,0.373,0.285,0.328,21.002,16.152,15.452
2023-06-28 10:00:00,20.852,35.196693,1.5981247,0.371,0.285,0.327,21.452,16.402,15.402
2023-06-28 11:00:00,21.002,33.559544,1.6536796,0.368,0.285,0.327,21.552,16.652,15.402
2023-06-28 12:00:00,20.702,33.827366,1.6169479,0.367,0.285,0.327,21.302,16.852,15.402
2023-06-28 13:00:00,19.552,39.628613,1.3739963,0.367,0.285,0.327,20.652,17.002,15.402
2023-06-28 14:00:00,18.602,43.829376,1.2049398,0.367,0.285,0.327,19.502,17.102,15.402
2023-06-28 15:00:00,17.502,48.77964,1.025434,0.366,0.285,0.327,18.452,17.152,15.402
2023-06-28 16:00:00,16.302,53.730602,0.8585225,0.366,0.285,0.327,17.402,17.152,15.402
2023-06-28 17:00:00,15.452,58.10558,0.7362827,0.366,0.285,0.327,16.552,17.102,15.402
2023-06-28 18:00:00,14.702,62.238358,0.6324297,0.365,0.285,0.327,15.902,17.002,15.402
2023-06-28 19:00:00,13.652,68.45634,0.49359238,0.365,0.285,0.327,15.202,16.902,15.402
2023-06-28 20:00:00,13.052,70.46302,0.44448555,0.365,0.285,0.327,14.652,16.752,15.402
2023-06-28 21:00:00,12.702,71.36175,0.42121673,0.365,0.285,0.327,14.202,16.602,15.352
2023-06-28 22:00:00,12.352,72.27557,0.39853024,0.364,0.285,0.327,13.802,16.452,15.352
2023-06-28 23:00:00,12.052,72.96422,0.38104713,0.364,0.285,0.327,13.452,16.302,15.352
2023-06-29 00:00:00,12.152,71.99192,0.3973565,0.364,0.285,0.327,13.352,16.152,15.352
2023-06-29 01:00:00,13.502,68.193085,0.49288583,0.364,0.286,0.327,14.002,16.052,15.352
2023-06-29 02:00:00,15.602,60.56885,0.69965994,0.363,0.286,0.327,15.402,16.001999,15.352
2023-06-29 03:00:00,17.852,53.225136,0.95724297,0.362,0.286,0.327,17.102,16.052,15.352
2023-06-29 04:00:00,20.002,46.698906,1.2472506,0.36,0.286,0.327,19.002,16.152,15.302
2023-06-29 05:00:00,21.802,38.52277,1.6067498,0.358,0.286,0.327,20.752,16.402,15.302
2023-06-29 06:00:00,22.652,35.103973,1.7860656,0.356,0.286,0.327,21.852,16.652,15.302
2023-06-29 07:00:00,23.752,36.768536,1.8595436,0.353,0.286,0.327,23.002,16.902,15.302
2023-06-29 08:00:00,24.402,34.76544,1.9946754,0.351,0.286,0.327,23.852,17.202,15.302
2023-06-29 09:00:00,24.852,34.073563,2.0706918,0.349,0.285,0.327,24.402,17.552,15.302
2023-06-29 10:00:00,25.152,34.158443,2.105252,0.346,0.285,0.327,24.702,17.852,15.302
2023-06-29 11:00:00,25.252,34.652935,2.1018662,0.344,0.285,0.326,24.752,18.152,15.302
2023-06-29 12:00:00,25.102,35.43989,2.0581074,0.343,0.285,0.326,24.502,18.402,15.302
2023-06-29 13:00:00,24.652,36.15927,1.9813564,0.341,0.285,0.326,23.902,18.602,15.302
2023-06-29 14:00:00,23.402,38.846725,1.7609227,0.341,0.285,0.326,22.852,18.752,15.302
2023-06-29 15:00:00,21.452,43.735207,1.4393425,0.341,0.285,0.326,21.552,18.852,15.302
2023-06-29 16:00:00,20.152,48.674923,1.2121578,0.34,0.285,0.326,20.352,18.902,15.302
2023-06-29 17:00:00,18.952,53.51254,1.0191274,0.34,0.285,0.326,19.402,18.852,15.352
2023-06-29 18:00:00,17.852,57.91275,0.86126924,0.34,0.285,0.326,18.552,18.802,15.352
2023-06-29 19:00:00,17.152,60.731857,0.7688931,0.34,0.285,0.326,17.902,18.702,15.352
2023-06-29 20:00:00,16.202,64.292274,0.6582891,0.34,0.285,0.326,17.202,18.602,15.352
2023-06-29 21:00:00,15.552,66.56981,0.59125555,0.34,0.286,0.326,16.652,18.452,15.352
2023-06-29 22:00:00,15.252,67.63517,0.561517,0.339,0.286,0.326,16.302,18.302,15.352
2023-06-29 23:00:00,14.702,70.07161,0.50120807,0.339,0.286,0.326,15.852,18.152,15.352
2023-06-30 00:00:00,14.652,70.77223,0.48789835,0.339,0.286,0.326,15.702,18.002,15.352
2023-06-30 01:00:00,15.902,68.45283,0.5705553,0.339,0.286,0.326,16.302,17.852,15.352
2023-06-30 02:00:00,17.702,62.093426,0.768402,0.339,0.286,0.326,17.502,17.802,15.352
2023-06-30 03:00:00,19.152,59.20698,0.9054291,0.339,0.286,0.326,19.002,17.852,15.352
2023-06-30 04:00:00,20.302,57.55419,1.0116519,0.338,0.286,0.326,20.402,17.902,15.352
2023-06-30 05:00:00,21.052,56.610573,1.0829352,0.338,0.286,0.326,21.752,18.052,15.352
2023-06-30 06:00:00,21.952,51.66795,1.2745414,0.337,0.286,0.326,22.802,18.252,15.352
2023-06-30 07:00:00,23.202,45.873016,1.539759,0.335,0.286,0.326,24.402,18.502,15.352
2023-06-30 08:00:00,23.802,44.096413,1.6487834,0.334,0.285,0.326,25.152,18.752,15.352
2023-06-30 09:00:00,24.302,42.508644,1.7472059,0.332,0.285,0.326,25.752,19.052,15.352
2023-06-30 10:00:00,24.502,42.282673,1.7751615,0.33,0.285,0.326,26.052,19.352,15.352
2023-06-30 11:00:00,24.052,42.86484,1.7105885,0.329,0.285,0.326,25.652,19.552,15.352
2023-06-30 12:00:00,23.252,43.36043,1.6161644,0.329,0.285,0.326,25.152,19.752,15.402
2023-06-30 13:00:00,22.502,42.573727,1.5660161,0.328,0.285,0.326,23.902,19.902,15.402
2023-06-30 14:00:00,21.952,41.99044,1.5299613,0.328,0.285,0.325,22.952,20.002,15.402
2023-06-30 15:00:00,20.652,45.16668,1.335578,0.327,0.285,0.325,21.752,20.002,15.402
2023-06-30 16:00:00,18.952,49.176147,1.1142476,0.327,0.285,0.325,20.302,19.952,15.402
2023-06-30 17:00:00,17.552,52.60652,0.9517783,0.327,0.285,0.325,19.202,19.852,15.452
2023-06-30 18:00:00,16.302,56.173046,0.8131865,0.327,0.285,0.325,18.202,19.702,15.452
2023-06-30 19:00:00,15.202,56.66628,0.74948245,0.327,0.285,0.325,17.352,19.552,15.452
2023-06-30 20:00:00,14.402,60.488594,0.64906645,0.327,0.285,0.325,16.652,19.352,15.452
2023-06-30 21:00:00,13.202,67.2066,0.4983498,0.327,0.285,0.325,15.852,19.152,15.452
2023-06-30 22:00:00,12.302,72.01999,0.4008876,0.327,0.285,0.325,15.152,18.902,15.452
2023-06-30 23:00:00,11.802,76.227936,0.3295735,0.326,0.285,0.325,14.552,18.652,15.452
2023-07-01 00:00:00,11.802,78.0642,0.30411243,0.326,0.285,0.325,14.402,18.402,15.452
2023-07-01 01:00:00,13.752,73.76654,0.41315567,0.326,0.285,0.325,15.202,18.202,15.452
2023-07-01 02:00:00,16.652,57.615566,0.80408597,0.326,0.285,0.325,17.302,18.152,15.452
2023-07-01 03:00:00,19.102,46.767563,1.1780337,0.325,0.285,0.325,19.252,18.152,15.452
2023-07-01 04:00:00,20.702,37.944595,1.5162733,0.324,0.285,0.325,21.252,18.252,15.452
2023-07-01 05:00:00,21.902,34.053074,1.7342014,0.323,0.285,0.325,23.252,18.452,15.452
2023-07-01 06:00:00,23.052,31.207882,1.9397452,0.321,0.285,0.325,25.002,18.702,15.452
2023-07-01 07:00:00,23.852,30.364145,2.0604186,0.319,0.285,0.325,26.352,19.002,15.502
2023-07-01 08:00:00,24.802,28.386662,2.242834,0.317,0.285,0.325,27.502,19.352,15.502
2023-07-01 09:00:00,25.502,27.038988,2.3821342,0.315,0.285,0.325,28.302,19.702,15.502
2023-07-01 10:00:00,26.002,26.340605,2.47715,0.313,0.285,0.325,28.552,20.052,15.502
2023-07-01 11:00:00,26.252,26.044472,2.5240655,0.311,0.285,0.324,28.452,20.402,15.502
2023-07-01 12:00:00,26.152,26.198828,2.503987,0.31,0.285,0.324,27.902,20.702,15.502
2023-07-01 13:00:00,25.902,26.405052,2.460406,0.309,0.285,0.324,27.052,20.902,15.552
2023-07-01 14:00:00,25.402,28.258217,2.3284366,0.309,0.285,0.324,25.802,21.052,15.552
2023-07-01 15:00:00,24.302,33.002235,2.0364401,0.308,0.285,0.324,24.252,21.102,15.552
2023-07-01 16:00:00,22.202,38.112583,1.6573324,0.308,0.285,0.324,22.502,21.102,15.552
2023-07-01 17:00:00,20.202,43.23547,1.3448555,0.308,0.285,0.324,21.102,21.052,15.602
2023-07-01 18:00:00,18.852,46.063118,1.17519,0.308,0.285,0.324,20.002,20.902,15.602
2023-07-01 19:00:00,18.052,44.74472,1.1451762,0.308,0.285,0.324,19.152,20.752,15.602
2023-07-01 20:00:00,17.302,47.07275,1.0463428,0.308,0.285,0.324,18.502,20.552,15.602
2023-07-01 21:00:00,16.702,49.06556,0.9694305,0.307,0.285,0.324,17.952,20.402,15.652
2023-07-01 22:00:00,16.302,50.678413,0.9151779,0.307,0.285,0.324,17.452,20.202,15.652
2023-07-01 23:00:00,15.902,52.710323,0.8553866,0.307,0.285,0.324,17.052,19.952,15.652
2023-07-02 00:00:00,15.902,53.81028,0.8354832,0.307,0.285,0.324,16.852,19.752,15.652
2023-07-02 01:00:00,17.252,52.169598,0.94255865,0.307,0.285,0.324,17.452,19.602,15.652
2023-07-02 02:00:00,19.752,45.068554,1.2657026,0.307,0.285,0.324,18.952,19.502,15.652
2023-07-02 03:00:00,22.302,38.011024,1.6701674,0.306,0.285,0.324,20.852,19.502,15.652
2023-07-02 04:00:00,24.752,32.346283,2.1123867,0.305,0.285,0.324,22.902,19.602,15.652
2023-07-02 05:00:00,26.752,26.361776,2.5882235,0.304,0.285,0.324,24.852,19.802,15.702
2023-07-02 06:00:00,28.102,22.803635,2.936076,0.302,0.285,0.324,26.502,20.052,15.702
2023-07-02 07:00:00,29.502,18.205656,3.3735173,0.301,0.284,0.324,28.002,20.352,15.702
2023-07-02 08:00:00,30.502,16.947048,3.627526,0.299,0.284,0.323,29.202,20.702,15.702
2023-07-02 09:00:00,31.152,16.621435,3.7791042,0.297,0.284,0.323,30.002,21.052,15.702
2023-07-02 10:00:00,31.502,17.059155,3.8346221,0.296,0.284,0.323,30.352,21.402,15.752
2023-07-02 11:00:00,31.702,17.778725,3.8445783,0.295,0.284,0.323,30.402,21.752,15.752
2023-07-02 12:00:00,31.552,18.63318,3.7723804,0.294,0.284,0.323,30.052,22.052,15.752
2023-07-02 13:00:00,31.202,19.612461,3.6536431,0.293,0.284,0.323,29.352,22.302,15.802
2023-07-02 14:00:00,30.152,22.627007,3.3120873,0.292,0.284,0.323,28.302,22.452,15.802
2023-07-02 15:00:00,27.902,27.134108,2.739088,0.292,0.284,0.323,26.752,22.552,15.802
2023-07-02 16:00:00,25.602,31.067118,2.263833,0.292,0.284,0.323,25.102,22.602,15.852
2023-07-02 17:00:00,24.452,33.844593,2.0289135,0.291,0.284,0.323,24.002,22.552,15.852
2023-07-02 18:00:00,23.752,35.659863,1.8921815,0.291,0.284,0.323,23.202,22.502,15.852
2023-07-02 19:00:00,23.302,33.2879,1.9096167,0.291,0.284,0.323,22.652,22.402,15.902
2023-07-02 20:00:00,22.652,32.988373,1.8443445,0.291,0.284,0.323,22.102,22.302,15.902
2023-07-02 21:00:00,22.052,32.36295,1.7949985,0.291,0.284,0.323,21.652,22.202,15.902
2023-07-02 22:00:00,21.552,31.99532,1.7505879,0.29,0.284,0.323,21.202,22.052,15.952
2023-07-02 23:00:00,21.202,32.460377,1.7017887,0.29,0.284,0.323,20.852,21.902,15.952
2023-07-03 00:00:00,21.202,33.616913,1.6726263,0.29,0.284,0.323,20.702,21.752,15.952
2023-07-03 01:00:00,22.052,34.452267,1.7395053,0.29,0.284,0.323,21.052,21.652,16.001999
2023-07-03 02:00:00,23.502,33.806488,1.9177115,0.29,0.284,0.323,21.852,21.602,16.001999
2023-07-03 03:00:00,25.402,30.588829,2.2527056,0.289,0.284,0.323,23.202,21.602,16.001999
2023-07-03 04:00:00,27.702,27.079699,2.7093952,0.289,0.284,0.322,25.102,21.652,16.001999
2023-07-03 05:00:00,30.002,23.538967,3.2449915,0.288,0.284,0.322,27.252,21.852,16.052
2023-07-03 06:00:00,31.402,20.77933,3.6415975,0.287,0.284,0.322,28.752,22.052,16.052
2023-07-03 07:00:00,32.802,15.794023,4.189359,0.286,0.284,0.322,30.402,22.352,16.052
2023-07-03 08:00:00,33.401997,14.379689,4.405433,0.285,0.284,0.322,31.402,22.702,16.102
2023-07-03 09:00:00,32.601997,15.860772,4.1392736,0.284,0.284,0.322,31.352,23.002,16.102
2023-07-03 10:00:00,31.202,19.817732,3.6442955,0.283,0.283,0.322,30.702,23.252,16.102
2023-07-03 11:00:00,29.402,22.511374,3.1773126,0.283,0.283,0.322,29.202,23.402,16.152
2023-07-03 12:00:00,28.302,24.835629,2.8920672,0.282,0.283,0.322,27.902,23.502,16.152
2023-07-03 13:00:00,27.902,26.673754,2.7564192,0.282,0.283,0.322,27.202,23.602,16.202
2023-07-03 14:00:00,27.052,29.810982,2.5106025,0.282,0.283,0.322,26.402,23.602,16.202
2023-07-03 15:00:00,25.952,32.79541,2.253153,0.282,0.283,0.321,25.502,23.602,16.202
2023-07-03 16:00:00,24.502,36.485134,1.9536693,0.282,0.283,0.321,24.452,23.502,16.252
2023-07-03 17:00:00,23.152,40.381268,1.6910275,0.282,0.283,0.321,23.502,23.402,16.252
2023-07-03 18:00:00,22.302,43.239887,1.5291709,0.281,0.283,0.321,22.802,23.302,16.302
2023-07-03 19:00:00,21.252,45.94904,1.3658608,0.281,0.283,0.321,22.002,23.152,16.302
2023-07-03 20:00:00,20.302,48.388603,1.2302539,0.281,0.283,0.321,21.252,22.952,16.302
2023-07-03 21:00:00,19.452,50.662933,1.1157838,0.281,0.283,0.321,20.552,22.752,16.352
2023-07-03 22:00:00,18.502,53.756767,0.98570144,0.281,0.283,0.321,19.952,22.552,16.352
2023-07-03 23:00:00,17.652,57.668976,0.85543597,0.281,0.283,0.321,19.352,22.302,16.352
2023-07-04 00:00:00,17.152,59.92087,0.7847793,0.281,0.283,0.321,18.902,22.052,16.352
2023-07-04 01:00:00,18.902,55.32666,0.9762906,0.281,0.283,0.321,19.552,21.852,16.402
2023-07-04 02:00:00,21.652,45.44485,1.4127192,0.281,0.283,0.321,21.202,21.752,16.402
2023-07-04 03:00:00,24.052,39.559425,1.8096526,0.281,0.283,0.321,22.852,21.752,16.402
2023-07-04 04:00:00,26.202,34.4549,2.2300935,0.281,0.283,0.321,24.552,21.802,16.402
2023-07-04 05:00:00,28.352,29.269093,2.7291288,0.28,0.283,0.321,26.402,21.902,16.452
2023-07-04 06:00:00,29.802,25.667429,3.118541,0.28,0.283,0.321,27.952,22.102,16.452
2023-07-04 07:00:00,30.502,25.9417,3.2339857,0.279,0.283,0.321,29.502,22.352,16.452
2023-07-04 08:00:00,31.602,21.853897,3.633037,0.279,0.283,0.321,31.002,22.702,16.452
2023-07-04 09:00:00,32.202,19.857721,3.8544786,0.279,0.283,0.321,31.652,23.002,16.502
2023-07-04 10:00:00,30.802,23.90988,3.380195,0.281,0.283,0.321,31.302,23.302,16.502
2023-07-04 11:00:00,29.252,28.54111,2.9044805,0.282,0.283,0.321,29.652,23.452,16.502
2023-07-04 12:00:00,29.852,25.68078,3.1269348,0.282,0.283,0.32,28.902,23.602,16.552
2023-07-04 13:00:00,29.652,26.692385,3.0491004,0.282,0.283,0.32,28.352,23.752,16.552
2023-07-04 14:00:00,29.002,27.995958,2.8847933,0.281,0.283,0.32,27.652,23.802,16.602
2023-07-04 15:00:00,26.102,37.80973,2.1033747,0.284,0.283,0.32,26.402,23.852,16.602
2023-07-04 16:00:00,24.552,43.004204,1.758186,0.284,0.283,0.32,24.902,23.802,16.602
2023-07-04 17:00:00,23.452,46.400593,1.5478674,0.285,0.283,0.32,23.852,23.702,16.652
2023-07-04 18:00:00,22.602,48.688072,1.4076478,0.285,0.283,0.32,23.002,23.552,16.652
2023-07-04 19:00:00,22.152,47.924572,1.3901398,0.285,0.283,0.32,22.402,23.402,16.652
2023-07-04 20:00:00,21.402,50.50618,1.2621466,0.284,0.283,0.32,21.852,23.252,16.702
2023-07-04 21:00:00,20.752,52.913612,1.1538352,0.284,0.283,0.32,21.352,23.052,16.702
2023-07-04 22:00:00,20.352,54.960052,1.0768313,0.284,0.283,0.32,21.002,22.902,16.702
2023-07-04 23:00:00,19.702,58.94798,0.9428134,0.284,0.283,0.32,20.552,22.702,16.752
2023-07-05 00:00:00,19.752,61.54224,0.8859408,0.284,0.283,0.32,20.402,22.502,16.752
2023-07-05 01:00:00,20.802,60.783066,0.9638442,0.284,0.283,0.32,20.902,22.352,16.752
2023-07-05 02:00:00,22.502,54.782574,1.232844,0.284,0.283,0.32,22.002,22.252,16.752
2023-07-05 03:00:00,24.452,46.98114,1.6256571,0.283,0.283,0.32,23.602,22.252,16.802
2023-07-05 04:00:00,26.352,39.417233,2.0793424,0.283,0.283,0.32,25.452,22.302,16.802
2023-07-05 05:00:00,27.702,33.28652,2.4784555,0.282,0.283,0.32,27.202,22.452,16.802
2023-07-05 06:00:00,28.452,28.903402,2.7592099,0.282,0.283,0.32,28.452,22.652,16.802
2023-07-05 07:00:00,28.952,29.138609,2.830758,0.281,0.283,0.32,29.402,22.852,16.852
2023-07-05 08:00:00,29.552,26.39565,3.0439248,0.28,0.283,0.32,30.452,23.102,16.852
2023-07-05 09:00:00,29.752,24.710724,3.1496997,0.28,0.283,0.32,30.902,23.402,16.852
2023-07-05 10:00:00,29.902,23.593647,3.2241364,0.279,0.283,0.319,31.202,23.652,16.902
2023-07-05 11:00:00,29.702,23.22001,3.202966,0.278,0.283,0.319,31.052,23.902,16.902
2023-07-05 12:00:00,29.202,23.410809,3.104408,0.278,0.282,0.319,30.502,24.102,16.902
2023-07-05 13:00:00,28.552,23.975986,2.9678943,0.278,0.282,0.319,29.602,24.252,16.952
2023-07-05 14:00:00,27.652,25.441864,2.762278,0.277,0.282,0.319,28.452,24.302,16.952
2023-07-05 15:00:00,26.102,28.25644,2.4269192,0.277,0.282,0.319,27.002,24.352,16.952
2023-07-05 16:00:00,24.202,31.641722,2.065446,0.277,0.282,0.319,25.452,24.302,17.002
2023-07-05 17:00:00,22.902,33.985607,1.8445606,0.277,0.282,0.319,24.202,24.202,17.002
2023-07-05 18:00:00,22.002,35.89623,1.695986,0.277,0.282,0.319,23.252,24.052,17.052
2023-07-05 19:00:00,21.402,38.014355,1.5809722,0.276,0.282,0.319,22.552,23.852,17.052
2023-07-05 20:00:00,20.602,40.761143,1.438533,0.276,0.282,0.319,21.952,23.702,17.052
2023-07-05 21:00:00,19.852,43.433064,1.3115029,0.276,0.282,0.319,21.352,23.502,17.102
2023-07-05 22:00:00,19.202,45.846287,1.2059112,0.276,0.282,0.319,20.802,23.302,17.102
2023-07-05 23:00:00,18.652,48.264755,1.1132156,0.276,0.282,0.319,20.302,23.052,17.102
2023-07-06 00:00:00,18.402,50.20954,1.0547371,0.276,0.282,0.319,20.002,22.852,17.102
2023-07-06 01:00:00,19.502,49.492695,1.1458142,0.276,0.282,0.319,20.452,22.652,17.152
2023-07-06 02:00:00,21.652,44.68652,1.432372,0.276,0.282,0.319,21.802,22.552,17.152
2023-07-06 03:00:00,23.852,40.037735,1.7739217,0.275,0.282,0.319,23.552,22.502,17.152
2023-07-06 04:00:00,25.902,34.602753,2.1860204,0.275,0.282,0.319,25.552,22.552,17.152
2023-07-06 05:00:00,27.352,29.191538,2.57763,0.275,0.282,0.319,27.402,22.702,17.152
2023-07-06 06:00:00,28.302,26.238361,2.8380117,0.274,0.282,0.319,28.702,22.902,17.202
2023-07-06 07:00:00,28.552,26.305779,2.8768,0.274,0.282,0.319,29.002,23.102,17.202
2023-07-06 08:00:00,28.402,27.456358,2.8073103,0.273,0.282,0.318,28.802,23.252,17.202
2023-07-06 09:00:00,28.702,27.819693,2.842174,0.273,0.282,0.318,29.002,23.452,17.202
2023-07-06 10:00:00,29.052,27.539791,2.911487,0.273,0.282,0.318,29.302,23.602,17.252
2023-07-06 11:00:00,29.152,27.754078,2.9196506,0.272,0.282,0.318,29.302,23.802,17.252
2023-07-06 12:00:00,29.202,27.955933,2.9198816,0.272,0.282,0.318,29.202,23.952,17.252
2023-07-06 13:00:00,28.952,28.459097,2.8579473,0.272,0.282,0.318,28.702,24.052,17.302
2023-07-06 14:00:00,28.002,31.314404,2.5967803,0.272,0.282,0.318,27.752,24.102,17.302
2023-07-06 15:00:00,26.502,35.477646,2.2343636,0.271,0.282,0.318,26.652,24.152,17.302
2023-07-06 16:00:00,24.752,40.426025,1.8598475,0.271,0.282,0.318,25.402,24.102,17.352
2023-07-06 17:00:00,23.652,44.201527,1.6309255,0.271,0.282,0.318,24.452,24.002,17.352
2023-07-06 18:00:00,22.552,48.19285,1.4169468,0.271,0.282,0.318,23.502,23.902,17.352
2023-07-06 19:00:00,21.352,50.15779,1.2671583,0.271,0.282,0.318,22.602,23.752,17.402
2023-07-06 20:00:00,20.402,53.888107,1.1058763,0.271,0.282,0.318,21.852,23.602,17.402
2023-07-06 21:00:00,19.602,57.19163,0.9771017,0.271,0.282,0.318,21.202,23.402,17.402
2023-07-06 22:00:00,18.902,60.337288,0.8667363,0.271,0.282,0.318,20.652,23.202,17.402
2023-07-06 23:00:00,18.452,62.47238,0.7973467,0.271,0.282,0.318,20.152,22.952,17.452
2023-07-07 00:00:00,18.252,64.10432,0.75317407,0.271,0.282,0.318,19.902,22.752,17.452
2023-07-07 01:00:00,19.852,60.760704,0.909564,0.271,0.282,0.318,20.552,22.602,17.452
2023-07-07 02:00:00,22.352,52.80512,1.2751502,0.271,0.282,0.318,22.202,22.502,17.452
2023-07-07 03:00:00,25.052,45.62558,1.7279316,0.27,0.282,0.318,24.302,22.502,17.452
2023-07-07 04:00:00,27.352,38.160862,2.2506986,0.27,0.282,0.318,26.502,22.602,17.502
2023-07-07 05:00:00,28.352,33.357132,2.5711598,0.27,0.282,0.318,27.952,22.802,17.502
2023-07-07 06:00:00,29.052,31.39606,2.7562954,0.269,0.282,0.318,29.102,23.002,17.502
2023-07-07 07:00:00,29.502,31.8363,2.8104725,0.269,0.282,0.317,30.102,23.252,17.502
2023-07-07 08:00:00,29.902,30.905483,2.9150858,0.269,0.282,0.317,30.952,23.502,17.502
2023-07-07 09:00:00,30.152,30.464798,2.9760108,0.268,0.282,0.317,31.352,23.752,17.552
2023-07-07 10:00:00,29.902,31.318478,2.8976321,0.268,0.282,0.317,31.552,24.002,17.552
2023-07-07 11:00:00,27.152,41.638187,2.0992913,0.281,0.282,0.317,30.652,24.202,17.552
2023-07-07 12:00:00,25.952,48.31715,1.7322321,0.281,0.282,0.317,28.802,24.352,17.602
2023-07-07 13:00:00,25.902,47.836575,1.7432036,0.281,0.282,0.317,27.852,24.402,17.602
2023-07-07 14:00:00,25.852,48.29042,1.7229261,0.281,0.282,0.317,27.202,24.452,17.602
2023-07-07 15:00:00,25.002,51.45447,1.5379503,0.28,0.282,0.317,26.102,24.402,17.652
2023-07-07 16:00:00,23.702,54.72917,1.3269527,0.28,0.282,0.317,24.902,24.352,17.652
2023-07-07 17:00:00,22.952,54.896236,1.263677,0.28,0.282,0.317,24.002,24.252,17.652
2023-07-07 18:00:00,22.302,54.73196,1.2193469,0.28,0.282,0.317,23.302,24.102,17.702
2023-07-07 19:00:00,21.502,55.251423,1.1480503,0.28,0.282,0.317,22.702,23.952,17.702
2023-07-07 20:00:00,20.952,56.02921,1.0907472,0.28,0.282,0.317,22.152,23.802,17.702
2023-07-07 21:00:00,20.152,59.446587,0.9576247,0.28,0.282,0.317,21.602,23.602,17.702
2023-07-07 22:00:00,19.352,63.925453,0.8106624,0.28,0.282,0.317,21.052,23.402,17.752
2023-07-07 23:00:00,18.502,68.29919,0.67560565,0.28,0.282,0.317,20.452,23.202,17.752
2023-07-08 00:00:00,17.952,71.39604,0.58894527,0.28,0.282,0.317,20.002,22.952,17.752
2023-07-08 01:00:00,18.952,68.83783,0.68302786,0.28,0.282,0.317,20.402,22.802,17.752
2023-07-08 02:00:00,21.102,59.867855,1.0046631,0.28,0.282,0.317,21.902,22.652,17.752
2023-07-08 03:00:00,22.852,52.76144,1.3155638,0.279,0.282,0.317,23.602,22.652,17.752
2023-07-08 04:00:00,24.202,45.844044,1.635931,0.279,0.282,0.317,25.302,22.702,17.802
2023-07-08 05:00:00,24.752,41.241974,1.8343474,0.279,0.282,0.317,26.252,22.802,17.802
2023-07-08 06:00:00,25.502,37.01564,2.0560398,0.278,0.282,0.317,27.352,22.952,17.802
2023-07-08 07:00:00,26.452,34.17918,2.2726943,0.278,0.282,0.317,28.302,23.102,17.802
2023-07-08 08:00:00,26.652,33.439575,2.3254418,0.277,0.282,0.316,28.852,23.302,17.802
2023-07-08 09:00:00,27.152,32.03655,2.4451585,0.277,0.282,0.316,29.702,23.502,17.852
2023-07-08 10:00:00,27.252,31.635149,2.4740486,0.276,0.282,0.316,29.852,23.702,17.852
2023-07-08 11:00:00,27.152,31.394478,2.4682908,0.276,0.281,0.316,29.602,23.902,17.852
2023-07-08 12:00:00,26.802,31.40294,2.4178896,0.275,0.281,0.316,28.952,24.052,17.852
2023-07-08 13:00:00,26.202,31.770565,2.3215435,0.275,0.281,0.316,28.052,24.102,17.902
2023-07-08 14:00:00,25.452,32.543682,2.1956854,0.275,0.281,0.316,27.052,24.152,17.902
2023-07-08 15:00:00,24.202,35.184685,1.9582844,0.275,0.281,0.316,25.802,24.152,17.902
2023-07-08 16:00:00,22.752,38.661987,1.6983039,0.275,0.281,0.316,24.502,24.102,17.902
2023-07-08 17:00:00,21.502,42.29196,1.4808086,0.275,0.281,0.316,23.352,23.952,17.952
2023-07-08 18:00:00,20.452,45.72705,1.305752,0.274,0.281,0.316,22.402,23.802,17.952
2023-07-08 19:00:00,19.452,48.156208,1.1725094,0.274,0.281,0.316,21.502,23.602,17.952
2023-07-08 20:00:00,18.802,50.317482,1.0790758,0.274,0.281,0.316,20.902,23.402,17.952
2023-07-08 21:00:00,18.052,53.09732,0.971987,0.274,0.281,0.316,20.302,23.202,18.002
2023-07-08 22:00:00,17.402,55.50434,0.8851516,0.274,0.281,0.316,19.702,22.952,18.002
2023-07-08 23:00:00,16.652,58.599987,0.785403,0.274,0.281,0.316,19.102,22.752,18.002
2023-07-09 00:00:00,16.402,60.349834,0.7403519,0.274,0.281,0.316,18.752,22.502,18.002
2023-07-09 01:00:00,17.602,59.427597,0.81730604,0.274,0.281,0.316,19.302,22.302,18.002
2023-07-09 02:00:00,20.252,50.53671,1.1753883,0.274,0.281,0.316,21.052,22.152,18.002
2023-07-09 03:00:00,22.902,43.262623,1.5851241,0.274,0.281,0.316,23.152,22.152,18.002
2023-07-09 04:00:00,25.202,33.826576,2.1221685,0.273,0.281,0.316,25.502,22.252,18.002
2023-07-09 05:00:00,26.302,29.501652,2.413022,0.273,0.281,0.316,27.352,22.402,18.002
2023-07-09 06:00:00,27.002,28.700119,2.542934,0.273,0.281,0.316,28.752,22.652,18.052
2023-07-09 07:00:00,27.702,27.925714,2.6779146,0.272,0.281,0.315,30.002,22.902,18.052
2023-07-09 08:00:00,28.152,26.378008,2.8080723,0.272,0.281,0.315,30.552,23.202,18.052
2023-07-09 09:00:00,28.252,25.779238,2.8474302,0.271,0.281,0.315,30.452,23.452,18.052
2023-07-09 10:00:00,28.252,25.956684,2.8406122,0.271,0.281,0.315,30.202,23.652,18.052
2023-07-09 11:00:00,28.202,26.572744,2.8087766,0.271,0.281,0.315,29.852,23.852,18.102
2023-07-09 12:00:00,27.952,27.427309,2.7359972,0.27,0.281,0.315,29.352,24.002,18.102
2023-07-09 13:00:00,27.302,29.577389,2.5560846,0.27,0.281,0.315,28.402,24.152,18.102
2023-07-09 14:00:00,26.602,33.31318,2.32303,0.27,0.281,0.315,27.502,24.202,18.102
2023-07-09 15:00:00,25.202,38.446445,1.9738457,0.27,0.281,0.315,26.302,24.202,18.152
2023-07-09 16:00:00,23.602,42.73912,1.6686898,0.27,0.281,0.315,24.802,24.152,18.152
2023-07-09 17:00:00,22.102,47.11899,1.407378,0.27,0.281,0.315,23.602,24.052,18.152
2023-07-09 18:00:00,21.102,49.92399,1.2537766,0.269,0.281,0.315,22.702,23.902,18.152
2023-07-09 19:00:00,19.952,55.224483,1.044406,0.269,0.281,0.315,21.902,23.752,18.152
2023-07-09 20:00:00,18.652,60.078075,0.8589071,0.269,0.281,0.315,20.952,23.552,18.202
2023-07-09 21:00:00,17.902,62.97212,0.7600752,0.269,0.281,0.315,20.152,23.302,18.202
2023-07-09 22:00:00,17.502,63.30218,0.7345847,0.269,0.281,0.315,19.602,23.052,18.202
2023-07-09 23:00:00,17.252,63.034893,0.7283654,0.269,0.281,0.315,19.102,22.852,18.202
2023-07-10 00:00:00,17.252,62.405876,0.7407645,0.269,0.281,0.315,18.902,22.602,18.202
2023-07-10 01:00:00,18.902,58.950405,0.89705837,0.269,0.281,0.315,19.652,22.402,18.202
2023-07-10 02:00:00,22.052,48.057194,1.3781929,0.269,0.281,0.315,21.652,22.302,18.202
2023-07-10 03:00:00,24.802,40.171295,1.8733796,0.269,0.281,0.315,23.852,22.302,18.202
2023-07-10 04:00:00,27.152,32.690178,2.42161,0.269,0.281,0.315,26.202,22.452,18.202
2023-07-10 05:00:00,28.752,28.212889,2.8348527,0.268,0.281,0.315,28.252,22.652,18.252
2023-07-10 06:00:00,29.802,26.64255,3.07756,0.268,0.281,0.314,30.102,22.902,18.252
2023-07-10 07:00:00,30.602,27.496246,3.1840892,0.267,0.281,0.314,31.702,23.252,18.252
2023-07-10 08:00:00,31.252,26.852238,3.3334303,0.267,0.281,0.314,32.901997,23.602,18.252
2023-07-10 09:00:00,31.802,26.288471,3.4654531,0.266,0.281,0.314,33.802,23.952,18.252
2023-07-10 10:00:00,32.101997,25.932024,3.5417225,0.266,0.281,0.314,34.202,24.352,18.302
2023-07-10 11:00:00,32.202,25.78576,3.568794,0.265,0.281,0.314,34.151997,24.702,18.302
2023-07-10 12:00:00,32.052,25.918755,3.532384,0.265,0.281,0.314,33.601997,25.002,18.302
2023-07-10 13:00:00,31.702,26.438034,3.438908,0.265,0.281,0.314,32.651997,25.252,18.302
2023-07-10 14:00:00,30.902,30.068632,3.1238418,0.265,0.281,0.314,31.302,25.452,18.352
2023-07-10 15:00:00,29.202,35.41225,2.6172237,0.265,0.281,0.314,29.552,25.502,18.352
2023-07-10 16:00:00,27.552,40.014053,2.208798,0.265,0.281,0.314,27.502,25.502,18.352
2023-07-10 17:00:00,24.952,48.04909,1.6410547,0.264,0.281,0.314,25.802,25.402,18.402
2023-07-10 18:00:00,23.302,52.36228,1.3631996,0.264,0.281,0.314,24.552,25.302,18.402
2023-07-10 19:00:00,22.302,53.490414,1.252814,0.264,0.281,0.314,23.602,25.102,18.402
2023-07-10 20:00:00,21.352,57.058163,1.091617,0.264,0.281,0.314,22.802,24.902,18.452
2023-07-10 21:00:00,20.602,59.553825,0.9819335,0.264,0.281,0.314,22.152,24.702,18.452
2023-07-10 22:00:00,20.202,59.85107,0.9509969,0.264,0.281,0.314,21.652,24.502,18.452
2023-07-10 23:00:00,19.802,60.549255,0.9116442,0.264,0.281,0.314,21.152,24.252,18.452
2023-07-11 00:00:00,19.652,61.316963,0.885633,0.264,0.281,0.314,20.902,24.002,18.502
2023-07-11 01:00:00,21.152,60.075485,1.0025269,0.264,0.281,0.314,21.602,23.852,18.502
2023-07-11 02:00:00,24.702,47.669094,1.628649,0.264,0.281,0.313,23.552,23.752,18.502
2023-07-11 03:00:00,27.702,39.534996,2.2460136,0.264,0.281,0.313,25.952,23.752,18.502
2023-07-11 04:00:00,30.102,33.2933,2.846596,0.264,0.281,0.313,28.352,23.902,18.502
2023-07-11 05:00:00,31.802,28.379192,3.3669684,0.263,0.281,0.313,30.552,24.102,18.552
2023-07-11 06:00:00,32.851997,25.360136,3.7228832,0.263,0.281,0.313,32.452,24.402,18.552
2023-07-11 07:00:00,33.601997,23.516172,3.9784923,0.263,0.281,0.313,34.002,24.752,18.552
2023-07-11 08:00:00,34.302,22.016546,4.2177777,0.262,0.281,0.313,35.151997,25.152,18.552
2023-07-11 09:00:00,34.802,20.915041,4.3976183,0.262,0.281,0.313,35.901997,25.502,18.602
2023-07-11 10:00:00,35.052,20.146132,4.502229,0.261,0.281,0.312,36.151997,25.902,18.602
2023-07-11 11:00:00,35.101997,19.820768,4.533108,0.261,0.281,0.312,36.052,26.252,18.602
2023-07-11 12:00:00,34.901997,19.70536,4.4898,0.261,0.281,0.312,35.502,26.552,18.652
2023-07-11 13:00:00,34.502,20.079798,4.3709927,0.26,0.28,0.312,34.502,26.802,18.652
2023-07-11 14:00:00,33.452,24.114267,3.9144077,0.26,0.28,0.312,33.151997,26.952,18.702
2023-07-11 15:00:00,31.652,28.432705,3.336031,0.26,0.28,0.312,31.402,27.052,18.702
2023-07-11 16:00:00,29.352,32.434174,2.7618484,0.26,0.28,0.312,29.602,27.052,18.752
2023-07-11 17:00:00,27.502,36.2363,2.3412552,0.26,0.28,0.312,28.152,26.952,18.752
2023-07-11 18:00:00,26.152,39.10114,2.0657258,0.26,0.28,0.312,27.002,26.852,18.752
2023-07-11 19:00:00,25.502,39.048195,1.9896138,0.26,0.28,0.312,26.152,26.702,18.802
2023-07-11 20:00:00,25.152,39.73699,1.926686,0.26,0.28,0.312,25.552,26.552,18.802
2023-07-11 21:00:00,24.852,40.58913,1.8658283,0.26,0.28,0.312,25.102,26.402,18.852
2023-07-11 22:00:00,24.452,41.571346,1.7917051,0.26,0.28,0.312,24.652,26.202,18.852
2023-07-11 23:00:00,24.002,42.708427,1.7101455,0.259,0.28,0.312,24.252,26.002,18.852
2023-07-12 00:00:00,24.052,42.58038,1.7191133,0.259,0.28,0.312,24.052,25.852,18.902
2023-07-12 01:00:00,25.252,40.70139,1.9071082,0.259,0.28,0.312,24.602,25.652,18.902
2023-07-12 02:00:00,27.602,36.384613,2.3494668,0.259,0.28,0.312,25.952,25.602,18.902
2023-07-12 03:00:00,30.002,31.242388,2.9175162,0.259,0.28,0.312,27.902,25.602,18.902
2023-07-12 04:00:00,32.202,27.37821,3.492062,0.259,0.28,0.312,29.952,25.702,18.952
2023-07-12 05:00:00,34.252,24.241213,4.0858197,0.259,0.28,0.312,32.002,25.902,18.952
2023-07-12 06:00:00,36.052,20.873404,4.713286,0.258,0.28,0.312,34.002,26.152,18.952
2023-07-12 07:00:00,37.052,16.750622,5.237826,0.258,0.28,0.311,35.452,26.452,19.002
2023-07-12 08:00:00,37.101997,16.089481,5.2939196,0.258,0.28,0.311,36.002,26.802,19.002
2023-07-12 09:00:00,37.151997,16.045637,5.311111,0.257,0.28,0.311,36.552,27.102,19.002
2023-07-12 10:00:00,37.202,16.111723,5.3213596,0.257,0.28,0.311,36.851997,27.402,19.052
2023-07-12 11:00:00,36.202,17.789322,4.9378934,0.257,0.28,0.311,36.651997,27.702,19.052
2023-07-12 12:00:00,35.302,18.885462,4.6369715,0.257,0.28,0.311,35.651997,27.952,19.102
2023-07-12 13:00:00,35.052,19.410221,4.5438266,0.256,0.28,0.311,35.052,28.152,19.102
2023-07-12 14:00:00,33.952,23.215332,4.072813,0.256,0.28,0.311,33.752,28.252,19.152
2023-07-12 15:00:00,31.902,26.757793,3.462853,0.256,0.28,0.311,32.002,28.302,19.152
2023-07-12 16:00:00,29.952,28.636234,3.0196323,0.256,0.28,0.311,30.352,28.252,19.202
2023-07-12 17:00:00,28.902,30.120369,2.7834294,0.256,0.28,0.311,29.252,28.152,19.202
2023-07-12 18:00:00,28.102,31.55327,2.6028185,0.256,0.28,0.311,28.352,28.052,19.252
2023-07-12 19:00:00,27.502,30.446808,2.5541449,0.256,0.28,0.311,27.602,27.902,19.252
2023-07-12 20:00:00,26.852,31.41692,2.4244967,0.256,0.28,0.311,26.952,27.752,19.302
2023-07-12 21:00:00,26.252,32.328087,2.3093438,0.256,0.28,0.311,26.402,27.602,19.302
2023-07-12 22:00:00,25.552,33.582466,2.17468,0.256,0.28,0.311,25.852,27.402,19.302
2023-07-12 23:00:00,24.802,35.47481,2.0206058,0.256,0.28,0.311,25.302,27.202,19.352
2023-07-13 00:00:00,24.352,37.315163,1.9109131,0.256,0.28,0.311,24.902,27.002,19.352
2023-07-13 01:00:00,25.302,37.963493,2.001193,0.256,0.28,0.311,25.302,26.802,19.402
2023-07-13 02:00:00,27.702,34.187115,2.44495,0.256,0.28,0.311,26.652,26.702,19.402
2023-07-13 03:00:00,29.702,30.747828,2.8884215,0.256,0.28,0.311,28.302,26.652,19.402
2023-07-13 04:00:00,31.752,26.986328,3.4228907,0.256,0.28,0.31,30.202,26.702,19.452
2023-07-13 05:00:00,32.252,27.210495,3.5100164,0.256,0.28,0.31,31.052,26.802,19.452
2023-07-13 06:00:00,33.702,25.583908,3.8923345,0.255,0.28,0.31,32.302,26.952,19.452
2023-07-13 07:00:00,34.452,23.814098,4.154743,0.255,0.28,0.31,34.052,27.152,19.502
2023-07-13 08:00:00,35.702,21.637539,4.5788913,0.255,0.28,0.31,35.901997,27.452,19.502
2023-07-13 09:00:00,36.552,19.639936,4.9196544,0.255,0.28,0.31,37.002,27.752,19.502
2023-07-13 10:00:00,36.901997,18.630772,5.0775766,0.255,0.28,0.31,37.252,28.052,19.552
2023-07-13 11:00:00,36.502,18.661987,4.9661164,0.256,0.28,0.31,36.702,28.302,19.552
2023-07-13 12:00:00,34.101997,24.771273,4.0235076,0.271,0.28,0.31,34.901997,28.502,19.602
2023-07-13 13:00:00,32.452,30.19468,3.4039316,0.271,0.28,0.31,33.151997,28.552,19.602
2023-07-13 14:00:00,31.352,32.347713,3.100078,0.271,0.28,0.31,31.852,28.602,19.652
2023-07-13 15:00:00,30.052,34.389904,2.7917233,0.271,0.28,0.31,30.602,28.552,19.652
2023-07-13 16:00:00,28.702,35.50587,2.5390782,0.271,0.28,0.31,29.402,28.452,19.702
2023-07-13 17:00:00,27.852,36.45471,2.381302,0.271,0.28,0.31,28.552,28.352,19.702
2023-07-13 18:00:00,27.302,36.541946,2.3029628,0.271,0.28,0.31,27.802,28.202,19.702
2023-07-13 19:00:00,26.002,44.996254,1.8491092,0.271,0.28,0.31,27.152,28.052,19.752
2023-07-13 20:00:00,25.452,45.734932,1.7658767,0.271,0.28,0.31,26.552,27.852,19.752
2023-07-13 21:00:00,24.302,49.305107,1.5404693,0.271,0.28,0.309,25.902,27.652,19.802
2023-07-13 22:00:00,22.952,56.526253,1.2179755,0.271,0.28,0.309,25.052,27.452,19.802
2023-07-13 23:00:00,21.802,61.81109,0.9977492,0.271,0.28,0.309,24.602,27.202,19.802
2023-07-14 00:00:00,20.802,66.35989,0.8267138,0.274,0.28,0.309,24.052,26.952,19.852
2023-07-14 01:00:00,20.652,68.28639,0.7722013,0.275,0.28,0.309,23.602,26.702,19.852
2023-07-14 02:00:00,21.702,61.988804,0.9870701,0.275,0.28,0.309,24.102,26.502,19.852
2023-07-14 03:00:00,22.752,55.38479,1.2349622,0.275,0.28,0.309,24.902,26.352,19.852
2023-07-14 04:00:00,24.902,43.24424,1.7876692,0.275,0.28,0.309,26.852,26.252,19.902
2023-07-14 05:00:00,26.802,31.616257,2.4103606,0.275,0.28,0.309,28.702,26.302,19.902
2023-07-14 06:00:00,28.252,26.677296,2.812924,0.274,0.28,0.309,30.402,26.402,19.902
2023-07-14 07:00:00,28.952,26.594042,2.9325762,0.273,0.28,0.309,31.752,26.552,19.902
2023-07-14 08:00:00,29.252,25.433613,3.0310016,0.273,0.28,0.309,32.252,26.702,19.952
2023-07-14 09:00:00,29.152,25.32026,3.0181735,0.273,0.28,0.309,32.101997,26.852,19.952
2023-07-14 10:00:00,28.902,24.654612,3.0015068,0.272,0.28,0.309,31.852,26.952,19.952
2023-07-14 11:00:00,28.102,25.738937,2.8242688,0.272,0.28,0.309,31.302,27.052,20.002
2023-07-14 12:00:00,27.452,26.734869,2.6828144,0.272,0.28,0.309,30.552,27.152,20.002
2023-07-14 13:00:00,26.902,27.140867,2.5834374,0.272,0.28,0.309,29.802,27.152,20.002
2023-07-14 14:00:00,26.052,28.535978,2.4103308,0.271,0.28,0.309,28.802,27.102,20.002
2023-07-14 15:00:00,24.752,31.471155,2.139742,0.271,0.28,0.309,27.452,27.052,20.052
2023-07-14 16:00:00,23.402,33.778046,1.9070246,0.271,0.28,0.309,26.102,26.902,20.052
2023-07-14 17:00:00,22.352,35.139225,1.7529233,0.271,0.28,0.309,25.102,26.702,20.052
2023-07-14 18:00:00,21.352,36.839245,1.6060498,0.271,0.28,0.309,24.402,26.552,20.102
2023-07-14 19:00:00,20.502,35.963676,1.545577,0.271,0.28,0.309,23.752,26.302,20.102
2023-07-14 20:00:00,19.952,36.564,1.479996,0.27,0.28,0.309,23.152,26.102,20.102
2023-07-14 21:00:00,19.252,37.65845,1.3926785,0.27,0.28,0.309,22.552,25.852,20.102
2023-07-14 22:00:00,18.452,39.587803,1.2838833,0.27,0.28,0.309,21.852,25.602,20.102
2023-07-14 23:00:00,17.702,41.497795,1.1861317,0.27,0.28,0.309,21.202,25.302,20.102
2023-07-15 00:00:00,17.552,41.89207,1.1670616,0.27,0.28,0.309,20.802,25.052,20.152
2023-07-15 01:00:00,17.102,47.837006,1.0182838,0.27,0.28,0.309,20.752,24.802,20.152
2023-07-15 02:00:00,16.202,58.48951,0.7653061,0.27,0.28,0.309,20.652,24.552,20.152
2023-07-15 03:00:00,16.102,65.35857,0.6345726,0.27,0.28,0.309,20.702,24.302,20.152
2023-07-15 04:00:00,17.452,63.290924,0.7324991,0.27,0.28,0.309,21.302,24.102,20.152
2023-07-15 05:00:00,19.402,56.38618,0.9832251,0.27,0.28,0.309,22.652,24.002,20.152
2023-07-15 06:00:00,21.052,48.592686,1.2831957,0.271,0.28,0.309,24.052,23.952,20.152
2023-07-15 07:00:00,22.202,41.636444,1.562886,0.271,0.28,0.308,24.552,23.902,20.152
2023-07-15 08:00:00,23.202,36.988285,1.792757,0.271,0.28,0.308,25.602,23.952,20.152
2023-07-15 09:00:00,21.852,44.89296,1.4445264,0.28,0.28,0.308,25.602,23.952,20.152
2023-07-15 10:00:00,20.602,51.14056,1.1863251,0.288,0.28,0.308,24.802,23.952,20.152
2023-07-15 11:00:00,18.902,63.406376,0.79963803,0.293,0.28,0.308,23.802,23.902,20.152
2023-07-15 12:00:00,16.852,81.426346,0.35677063,0.309,0.28,0.308,22.302,23.752,20.152
2023-07-15 13:00:00,16.302,84.59734,0.2857077,0.323,0.28,0.308,21.252,23.602,20.152
2023-07-15 14:00:00,16.152,86.24602,0.2526996,0.329,0.28,0.308,20.552,23.402,20.152
2023-07-15 15:00:00,16.052,85.67754,0.26147556,0.332,0.28,0.308,19.952,23.202,20.152
2023-07-15 16:00:00,15.902,85.66211,0.25926733,0.332,0.28,0.308,19.402,23.002,20.152
2023-07-15 17:00:00,15.752,85.646675,0.2570746,0.332,0.28,0.308,19.052,22.752,20.152
2023-07-15 18:00:00,15.752,85.09018,0.2670431,0.332,0.28,0.308,18.752,22.552,20.152
2023-07-15 19:00:00,16.001999,84.840225,0.2758845,0.332,0.28,0.308,18.602,22.302,20.102
2023-07-15 20:00:00,15.952,85.388985,0.2650504,0.333,0.28,0.308,18.452,22.102,20.102
2023-07-15 21:00:00,15.902,85.66211,0.25926733,0.333,0.28,0.308,18.302,21.902,20.102
2023-07-15 22:00:00,15.752,86.20637,0.24704862,0.333,0.28,0.308,18.102,21.702,20.102
2023-07-15 23:00:00,15.202,89.00929,0.19003665,0.333,0.28,0.308,17.802,21.502,20.102
2023-07-16 00:00:00,14.952,90.15738,0.16747499,0.333,0.28,0.308,17.552,21.302,20.102
2023-07-16 01:00:00,15.852,86.49718,0.24338794,0.333,0.28,0.308,17.902,21.102,20.052
2023-07-16 02:00:00,17.402,78.89685,0.41969717,0.332,0.28,0.308,18.902,21.002,20.052
2023-07-16 03:00:00,19.152,70.464836,0.65545857,0.332,0.28,0.308,20.252,20.952,20.052
2023-07-16 04:00:00,20.952,59.63697,1.0012,0.331,0.28,0.308,21.952,21.002,20.052
2023-07-16 05:00:00,22.602,50.99242,1.3443828,0.329,0.28,0.308,23.502,21.102,20.052
2023-07-16 06:00:00,23.752,45.26857,1.609343,0.328,0.28,0.308,24.502,21.252,20.002
2023-07-16 07:00:00,24.602,43.447624,1.7497039,0.326,0.28,0.308,25.652,21.402,20.002
2023-07-16 08:00:00,25.902,38.1327,2.0678856,0.324,0.28,0.308,26.752,21.652,20.002
2023-07-16 09:00:00,26.202,35.8706,2.1818657,0.322,0.28,0.308,26.902,21.852,20.002
2023-07-16 10:00:00,26.152,35.736588,2.1799974,0.321,0.28,0.308,26.652,22.052,20.002
2023-07-16 11:00:00,26.102,36.083267,2.161839,0.32,0.28,0.308,26.402,22.252,20.002
2023-07-16 12:00:00,26.052,36.433147,2.1436596,0.319,0.28,0.308,26.402,22.402,20.002
2023-07-16 13:00:00,25.702,38.331127,2.037022,0.318,0.28,0.308,26.202,22.552,19.952
2023-07-16 14:00:00,24.702,44.05384,1.7412792,0.317,0.28,0.308,25.352,22.652,19.952
2023-07-16 15:00:00,22.802,51.7206,1.3405157,0.317,0.28,0.308,24.052,22.652,19.952
2023-07-16 16:00:00,21.252,57.78668,1.0665437,0.317,0.28,0.308,22.802,22.652,19.952
2023-07-16 17:00:00,20.102,62.231873,0.8890716,0.317,0.28,0.308,21.802,22.552,19.952
2023-07-16 18:00:00,19.302,65.399055,0.7751225,0.317,0.28,0.308,21.052,22.452,19.952
2023-07-16 19:00:00,18.652,68.55347,0.67649186,0.316,0.28,0.308,20.452,22.352,19.952
2023-07-16 20:00:00,18.302,69.38771,0.6442894,0.316,0.28,0.308,19.952,22.202,19.952
2023-07-16 21:00:00,17.902,70.456635,0.6063875,0.316,0.28,0.308,19.502,22.052,19.952
2023-07-16 22:00:00,17.552,71.3214,0.57582176,0.316,0.28,0.308,19.152,21.852,19.952
2023-07-16 23:00:00,17.302,71.981476,0.55377126,0.316,0.28,0.308,18.852,21.702,19.902
2023-07-17 00:00:00,17.252,71.9723,0.5522082,0.316,0.28,0.308,18.652,21.552,19.902
2023-07-17 01:00:00,18.402,68.50339,0.66706884,0.316,0.28,0.308,19.152,21.402,19.902
2023-07-17 02:00:00,20.702,59.969387,0.9778298,0.315,0.28,0.308,20.552,21.352,19.902
2023-07-17 03:00:00,22.902,51.916798,1.3431567,0.315,0.28,0.308,22.202,21.352,19.902
2023-07-17 04:00:00,24.752,45.393917,1.7046001,0.314,0.28,0.308,23.752,21.452,19.902
2023-07-17 05:00:00,26.702,38.868435,2.141816,0.312,0.28,0.308,25.552,21.602,19.902
2023-07-17 06:00:00,28.552,33.63557,2.5902445,0.311,0.28,0.308,27.452,21.852,19.852
2023-07-17 07:00:00,31.052,29.51771,3.1754656,0.309,0.28,0.308,29.352,22.202,19.852
2023-07-17 08:00:00,31.802,28.473326,3.3625345,0.307,0.28,0.307,30.452,22.552,19.852
2023-07-17 09:00:00,32.002,28.433313,3.4026337,0.307,0.28,0.307,31.202,22.902,19.852
2023-07-17 10:00:00,29.402,37.861965,2.546963,0.319,0.28,0.307,30.152,23.202,19.852
2023-07-17 11:00:00,28.702,39.9429,2.3641508,0.319,0.28,0.307,28.802,23.402,19.852
2023-07-17 12:00:00,29.002,39.12723,2.4381897,0.318,0.28,0.307,28.402,23.602,19.852
2023-07-17 13:00:00,29.052,39.52416,2.4292645,0.317,0.28,0.307,28.202,23.752,19.852
2023-07-17 14:00:00,27.952,44.513195,2.0910707,0.317,0.28,0.307,27.352,23.852,19.852
2023-07-17 15:00:00,26.402,49.38263,1.7420692,0.317,0.28,0.307,26.152,23.902,19.852
2023-07-17 16:00:00,24.752,54.992786,1.4047065,0.317,0.28,0.307,24.952,23.902,19.852
2023-07-17 17:00:00,23.552,60.635277,1.1433665,0.316,0.28,0.307,23.952,23.852,19.902
2023-07-17 18:00:00,22.552,63.800266,0.9898261,0.316,0.28,0.307,23.152,23.752,19.902
2023-07-17 19:00:00,22.552,56.061035,1.2015967,0.316,0.28,0.307,22.652,23.652,19.902
2023-07-17 20:00:00,21.952,57.58023,1.118529,0.316,0.28,0.307,22.152,23.552,19.902
2023-07-17 21:00:00,21.402,58.968792,1.0462097,0.316,0.28,0.307,21.752,23.402,19.902
2023-07-17 22:00:00,21.002,59.453995,1.0088291,0.316,0.28,0.307,21.352,23.252,19.902
2023-07-17 23:00:00,20.902,58.656216,1.0224026,0.316,0.28,0.307,21.102,23.102,19.902
2023-07-18 00:00:00,21.002,57.34764,1.0612704,0.316,0.28,0.307,21.002,22.952,19.902
2023-07-18 01:00:00,22.152,53.98108,1.2283478,0.315,0.28,0.307,21.502,22.852,19.902
2023-07-18 02:00:00,24.002,49.064087,1.5202612,0.315,0.28,0.307,22.552,22.802,19.902
2023-07-18 03:00:00,26.252,41.935757,1.9811009,0.314,0.28,0.307,24.102,22.802,19.852
2023-07-18 04:00:00,28.202,36.43251,2.4310904,0.313,0.28,0.307,25.552,22.902,19.852
2023-07-18 05:00:00,30.302,30.810991,2.9866757,0.312,0.28,0.307,27.202,23.052,19.852
2023-07-18 06:00:00,31.902,26.491411,3.4754727,0.31,0.28,0.307,28.602,23.302,19.852
2023-07-18 07:00:00,32.952,24.389578,3.792602,0.308,0.28,0.307,29.402,23.502,19.852
2023-07-18 08:00:00,33.901997,22.138124,4.11861,0.307,0.28,0.307,30.352,23.752,19.902
2023-07-18 09:00:00,34.302,20.235826,4.314324,0.305,0.28,0.307,30.852,24.052,19.902
2023-07-18 10:00:00,34.002,20.368763,4.2359276,0.304,0.28,0.307,30.702,24.302,19.902
2023-07-18 11:00:00,30.302,30.003742,3.021584,0.303,0.28,0.307,29.502,24.452,19.902
2023-07-18 12:00:00,27.002,42.697624,2.043119,0.303,0.28,0.307,28.202,24.602,19.902
2023-07-18 13:00:00,26.502,43.68674,1.9497623,0.302,0.28,0.307,27.252,24.652,19.902
2023-07-18 14:00:00,26.552,41.335518,2.0372467,0.303,0.28,0.307,26.602,24.652,19.902
2023-07-18 15:00:00,25.752,43.479767,1.8722959,0.303,0.28,0.307,25.802,24.652,19.902
2023-07-18 16:00:00,24.402,48.8507,1.563604,0.306,0.28,0.307,24.702,24.602,19.902
2023-07-18 17:00:00,22.302,62.52656,1.0092638,0.31,0.28,0.307,23.802,24.502,19.902
2023-07-18 18:00:00,20.002,79.774475,0.47306728,0.321,0.28,0.307,22.752,24.352,19.952
2023-07-18 19:00:00,20.302,75.12718,0.5926707,0.324,0.28,0.307,22.052,24.152,19.952
2023-07-18 20:00:00,19.252,82.51917,0.39029825,0.326,0.28,0.307,21.552,24.002,19.952
2023-07-18 21:00:00,18.752,85.67777,0.3099661,0.326,0.28,0.307,21.152,23.802,19.952
2023-07-18 22:00:00,18.602,86.4853,0.28976202,0.326,0.28,0.307,20.852,23.602,19.952
2023-07-18 23:00:00,18.352,87.29222,0.26823533,0.326,0.28,0.307,20.602,23.402,19.952
2023-07-19 00:00:00,18.002,88.94748,0.22823322,0.326,0.28,0.307,20.302,23.252,19.952
2023-07-19 01:00:00,18.352,87.850174,0.25645638,0.326,0.28,0.307,20.402,23.052,19.952
2023-07-19 02:00:00,19.352,82.79452,0.38654137,0.326,0.28,0.307,20.952,22.902,19.952
2023-07-19 03:00:00,20.802,75.209305,0.60915756,0.326,0.28,0.307,22.052,22.852,19.952
2023-07-19 04:00:00,22.552,65.45617,0.94452214,0.325,0.28,0.307,23.752,22.852,19.952
2023-07-19 05:00:00,24.202,55.74657,1.336559,0.323,0.28,0.307,25.752,22.952,19.952
2023-07-19 06:00:00,25.602,46.985664,1.7405257,0.322,0.28,0.306,27.352,23.102,19.952
2023-07-19 07:00:00,26.702,40.03961,2.1007316,0.32,0.28,0.306,28.602,23.302,19.952
2023-07-19 08:00:00,27.152,37.35647,2.2535117,0.318,0.28,0.306,29.202,23.552,19.952
2023-07-19 09:00:00,27.702,35.225906,2.4063048,0.316,0.28,0.306,29.702,23.752,19.952
2023-07-19 10:00:00,27.952,33.691746,2.4994922,0.314,0.28,0.306,29.652,24.002,19.952
2023-07-19 11:00:00,28.252,31.91396,2.6117306,0.313,0.28,0.306,29.652,24.202,19.952
2023-07-19 12:00:00,28.102,31.872194,2.5906727,0.312,0.28,0.306,29.252,24.352,19.952
2023-07-19 13:00:00,27.652,32.610886,2.4963074,0.311,0.28,0.306,28.452,24.502,19.952
2023-07-19 14:00:00,26.702,36.252327,2.233594,0.31,0.28,0.306,27.602,24.552,19.952
2023-07-19 15:00:00,24.902,43.819157,1.7695419,0.31,0.28,0.306,26.202,24.602,19.952
2023-07-19 16:00:00,23.402,50.868797,1.4144632,0.31,0.28,0.306,24.952,24.552,19.952
2023-07-19 17:00:00,22.302,55.816273,1.1901191,0.309,0.28,0.306,23.952,24.452,19.952
2023-07-19 18:00:00,21.452,58.59679,1.0589308,0.309,0.28,0.306,23.102,24.352,20.002
2023-07-19 19:00:00,20.002,63.859703,0.8454963,0.309,0.28,0.306,22.252,24.152,20.002
2023-07-19 20:00:00,19.702,61.936768,0.87413764,0.309,0.28,0.306,21.652,24.002,20.002
2023-07-19 21:00:00,19.402,61.057148,0.8778714,0.309,0.28,0.306,21.202,23.802,20.002
2023-07-19 22:00:00,19.102,62.413994,0.83162344,0.309,0.28,0.306,20.852,23.602,20.002
2023-07-19 23:00:00,18.652,65.0447,0.75200653,0.309,0.28,0.306,20.502,23.452,20.002
2023-07-20 00:00:00,18.302,67.14623,0.69148386,0.309,0.28,0.306,20.202,23.252,20.002
2023-07-20 01:00:00,19.102,65.78627,0.7569765,0.308,0.28,0.306,20.502,23.052,20.002
2023-07-20 02:00:00,20.452,61.90545,0.9163159,0.308,0.28,0.306,21.502,22.952,20.002
2023-07-20 03:00:00,21.652,58.644886,1.0706905,0.308,0.28,0.306,22.802,22.902,20.002
2023-07-20 04:00:00,22.702,54.298656,1.2612294,0.307,0.28,0.306,24.102,22.902,20.002
2023-07-20 05:00:00,23.652,51.942505,1.4044789,0.307,0.28,0.306,25.352,23.002,20.002
2023-07-20 06:00:00,24.452,49.830246,1.5382184,0.307,0.28,0.306,26.202,23.102,20.002
2023-07-20 07:00:00,25.702,47.473473,1.734726,0.306,0.28,0.306,27.302,23.252,20.002
2023-07-20 08:00:00,26.552,43.700504,1.9550217,0.304,0.28,0.306,28.502,23.452,20.002
2023-07-20 09:00:00,26.952,40.639767,2.1103945,0.303,0.28,0.306,29.052,23.652,20.002
2023-07-20 10:00:00,26.852,39.039097,2.1547084,0.302,0.28,0.306,28.802,23.852,20.002
2023-07-20 11:00:00,27.102,37.590435,2.2385242,0.301,0.28,0.306,28.752,24.002,20.002
2023-07-20 12:00:00,26.852,37.396034,2.2128592,0.3,0.28,0.306,28.252,24.152,20.002
2023-07-20 13:00:00,26.552,38.062366,2.1510577,0.299,0.28,0.305,27.702,24.252,20.002
2023-07-20 14:00:00,26.052,39.857624,2.0280402,0.299,0.28,0.305,26.952,24.302,20.002
2023-07-20 15:00:00,24.652,44.185673,1.7320024,0.299,0.28,0.305,25.752,24.302,20.002
2023-07-20 16:00:00,23.702,47.398384,1.5420254,0.298,0.28,0.305,24.702,24.302,20.002
2023-07-20 17:00:00,22.852,50.55698,1.3770065,0.298,0.28,0.305,23.902,24.202,20.002
2023-07-20 18:00:00,21.902,54.27276,1.202139,0.298,0.28,0.305,23.102,24.102,20.002
2023-07-20 19:00:00,20.652,62.76476,0.90672123,0.298,0.28,0.305,22.402,23.952,20.002
2023-07-20 20:00:00,19.952,67.70516,0.7531625,0.298,0.28,0.305,21.802,23.802,20.002
2023-07-20 21:00:00,19.352,72.35441,0.62117875,0.298,0.28,0.305,21.302,23.652,20.002
2023-07-20 22:00:00,18.802,76.09849,0.5189637,0.298,0.28,0.305,20.852,23.452,20.002
2023-07-20 23:00:00,18.452,78.28695,0.46124625,0.298,0.28,0.305,20.452,23.302,20.002
2023-07-21 00:00:00,18.252,79.274734,0.4347837,0.298,0.28,0.305,20.152,23.102,20.002
2023-07-21 01:00:00,19.302,74.9618,0.5608293,0.298,0.28,0.305,20.552,22.952,20.002
2023-07-21 02:00:00,21.302,65.824486,0.86600375,0.297,0.28,0.305,21.852,22.852,20.002
2023-07-21 03:00:00,23.352,57.3618,1.2237073,0.297,0.28,0.305,23.502,22.852,20.002
2023-07-21 04:00:00,25.152,49.692097,1.6081055,0.296,0.28,0.305,25.352,22.902,20.002
2023-07-21 05:00:00,26.552,43.13358,1.9747318,0.295,0.28,0.305,26.902,23.052,20.002
2023-07-21 06:00:00,27.552,37.71662,2.293509,0.294,0.28,0.305,28.202,23.252,20.002
2023-07-21 07:00:00,27.752,38.02202,2.3090072,0.293,0.28,0.305,29.152,23.452,20.002
2023-07-21 08:00:00,28.052,34.628395,2.4785025,0.293,0.28,0.305,29.602,23.702,20.002
2023-07-21 09:00:00,28.352,31.306635,2.650392,0.292,0.28,0.305,29.952,23.952,20.002
2023-07-21 10:00:00,28.752,27.458254,2.8647008,0.291,0.28,0.305,30.352,24.152,20.002
2023-07-21 11:00:00,28.002,26.157427,2.7920527,0.29,0.28,0.305,29.702,24.352,20.052
2023-07-21 12:00:00,26.502,29.255507,2.4501276,0.289,0.28,0.305,28.452,24.502,20.052
2023-07-21 13:00:00,25.102,33.683655,2.11416,0.289,0.28,0.305,27.152,24.552,20.052
2023-07-21 14:00:00,24.102,37.496925,1.8770828,0.289,0.28,0.305,26.252,24.552,20.052
2023-07-21 15:00:00,22.752,42.215897,1.5998186,0.289,0.28,0.305,25.052,24.502,20.052
2023-07-21 16:00:00,21.702,45.91912,1.4047059,0.288,0.28,0.305,23.952,24.452,20.052
2023-07-21 17:00:00,20.652,49.636513,1.2266341,0.288,0.28,0.305,22.952,24.302,20.052
2023-07-21 18:00:00,19.852,52.151894,1.1092402,0.288,0.28,0.305,22.202,24.152,20.052
2023-07-21 19:00:00,18.602,55.064877,0.96380734,0.288,0.28,0.305,21.402,23.952,20.052
2023-07-21 20:00:00,17.902,58.31526,0.8557112,0.288,0.28,0.305,20.752,23.752,20.052
2023-07-21 21:00:00,17.352,61.187885,0.76961386,0.288,0.28,0.305,20.202,23.552,20.052
2023-07-21 22:00:00,16.752,63.98444,0.6875627,0.288,0.28,0.305,19.652,23.352,20.052
2023-07-21 23:00:00,16.252,66.49507,0.61963403,0.288,0.28,0.305,19.152,23.102,20.052
2023-07-22 00:00:00,15.902,67.99658,0.578809,0.288,0.28,0.305,18.752,22.852,20.052
2023-07-22 01:00:00,16.702,66.14764,0.64420736,0.288,0.28,0.305,19.052,22.652,20.052
2023-07-22 02:00:00,18.552,58.474133,0.8878701,0.287,0.28,0.305,20.352,22.502,20.052
2023-07-22 03:00:00,20.652,50.64357,1.2020903,0.287,0.28,0.305,22.052,22.452,20.052
2023-07-22 04:00:00,22.702,42.917442,1.5756052,0.287,0.28,0.305,24.002,22.502,20.052
2023-07-22 05:00:00,24.202,36.154015,1.9289672,0.286,0.28,0.305,25.902,22.602,20.052
2023-07-22 06:00:00,25.252,32.266464,2.178718,0.285,0.28,0.305,27.452,22.802,20.052
2023-07-22 07:00:00,26.152,30.485025,2.3583808,0.284,0.28,0.305,28.802,23.052,20.052
2023-07-22 08:00:00,26.902,28.477,2.5359964,0.284,0.28,0.304,29.852,23.302,20.052
2023-07-22 09:00:00,27.352,26.707705,2.6681802,0.283,0.28,0.304,30.302,23.552,20.052
2023-07-22 10:00:00,27.702,24.933287,2.7892654,0.282,0.28,0.304,30.452,23.852,20.052
2023-07-22 11:00:00,27.552,24.465649,2.782224,0.282,0.28,0.304,29.952,24.052,20.052
2023-07-22 12:00:00,27.352,24.412472,2.7518582,0.281,0.28,0.304,29.252,24.252,20.052
2023-07-22 13:00:00,26.752,26.453062,2.5850108,0.281,0.28,0.304,28.252,24.352,20.052
2023-07-22 14:00:00,25.952,30.953306,2.3149915,0.281,0.28,0.304,27.302,24.452,20.052
2023-07-22 15:00:00,24.452,36.594498,1.9444876,0.28,0.28,0.304,25.902,24.452,20.052
2023-07-22 16:00:00,22.652,42.18776,1.5909413,0.28,0.28,0.304,24.352,24.352,20.102
2023-07-22 17:00:00,21.152,47.492203,1.3187393,0.28,0.28,0.304,23.152,24.252,20.102
2023-07-22 18:00:00,20.002,51.669544,1.1308669,0.28,0.28,0.304,22.202,24.102,20.102
2023-07-22 19:00:00,19.002,53.16668,1.0299155,0.28,0.28,0.304,21.352,23.902,20.102
2023-07-22 20:00:00,18.302,55.359665,0.9396876,0.28,0.28,0.304,20.702,23.752,20.102
2023-07-22 21:00:00,17.952,55.83252,0.9095527,0.28,0.28,0.304,20.202,23.502,20.102
2023-07-22 22:00:00,17.802,55.23193,0.91328144,0.28,0.28,0.304,19.852,23.302,20.102
2023-07-22 23:00:00,17.552,55.167885,0.90031695,0.28,0.28,0.304,19.552,23.102,20.102
2023-07-23 00:00:00,17.352,55.49158,0.8826183,0.28,0.28,0.304,19.302,22.902,20.102
2023-07-23 01:00:00,18.102,54.936794,0.9367815,0.28,0.28,0.304,19.602,22.702,20.102
2023-07-23 02:00:00,20.002,50.469788,1.1589572,0.279,0.28,0.304,20.802,22.552,20.102
2023-07-23 03:00:00,21.852,46.114906,1.4124705,0.279,0.28,0.304,22.152,22.502,20.102
2023-07-23 04:00:00,22.502,44.32514,1.5182146,0.279,0.28,0.304,22.852,22.502,20.052
2023-07-23 05:00:00,23.052,42.44242,1.6226923,0.279,0.28,0.304,23.552,22.502,20.052
2023-07-23 06:00:00,24.052,39.95991,1.7976494,0.28,0.28,0.304,24.852,22.602,20.052
2023-07-23 07:00:00,26.952,35.01529,2.3106284,0.279,0.28,0.304,27.252,22.752,20.052
2023-07-23 08:00:00,28.502,31.453386,2.6678128,0.278,0.28,0.304,29.252,23.002,20.052
2023-07-23 09:00:00,28.852,30.513073,2.7597804,0.278,0.28,0.304,29.902,23.302,20.052
2023-07-23 10:00:00,29.352,29.248388,2.8922906,0.277,0.28,0.304,30.502,23.552,20.052
2023-07-23 11:00:00,29.102,28.404167,2.885007,0.277,0.28,0.304,30.302,23.802,20.052
2023-07-23 12:00:00,28.752,28.11757,2.8386228,0.277,0.28,0.304,29.752,24.052,20.052
2023-07-23 13:00:00,28.052,30.088032,2.650909,0.276,0.28,0.304,28.902,24.202,20.052
2023-07-23 14:00:00,26.952,35.1324,2.306459,0.276,0.28,0.304,27.852,24.302,20.102
2023-07-23 15:00:00,25.002,40.902363,1.8726188,0.276,0.28,0.304,26.352,24.352,20.102
2023-07-23 16:00:00,23.002,46.431217,1.5055906,0.276,0.28,0.304,24.852,24.302,20.102
2023-07-23 17:00:00,21.502,53.99225,1.1803772,0.276,0.28,0.304,23.702,24.202,20.102
2023-07-23 18:00:00,19.852,63.826588,0.83846235,0.276,0.28,0.304,22.652,24.102,20.102
2023-07-23 19:00:00,19.052,67.08128,0.72605014,0.276,0.28,0.304,21.852,23.952,20.102
2023-07-23 20:00:00,18.052,72.35476,0.5727805,0.276,0.28,0.304,21.102,23.752,20.102
2023-07-23 21:00:00,17.402,75.87287,0.47985482,0.276,0.28,0.304,20.502,23.552,20.102
2023-07-23 22:00:00,16.902,78.31161,0.4179343,0.276,0.28,0.304,19.952,23.352,20.102
2023-07-23 23:00:00,16.202,81.60799,0.3390069,0.276,0.28,0.304,19.402,23.152,20.102
2023-07-24 00:00:00,15.702,84.25581,0.2810911,0.275,0.28,0.304,18.902,22.902,20.102
2023-07-24 01:00:00,16.402,80.838585,0.35771,0.275,0.28,0.304,19.102,22.702,20.102
2023-07-24 02:00:00,18.102,70.72612,0.6084405,0.275,0.28,0.304,20.352,22.552,20.102
2023-07-24 03:00:00,19.902,59.386856,0.94434226,0.275,0.28,0.304,22.002,22.502,20.102
2023-07-24 04:00:00,21.552,47.601624,1.3485724,0.275,0.28,0.304,23.802,22.502,20.102
2023-07-24 05:00:00,22.852,41.539104,1.6283914,0.275,0.28,0.303,25.552,22.602,20.102
2023-07-24 06:00:00,23.952,37.964314,1.8463637,0.274,0.28,0.303,27.102,22.802,20.102
2023-07-24 07:00:00,24.702,34.1471,2.0499778,0.274,0.28,0.303,28.402,23.002,20.102
2023-07-24 08:00:00,25.402,31.438387,2.225101,0.273,0.28,0.303,29.252,23.252,20.102
2023-07-24 09:00:00,26.002,29.116877,2.383669,0.273,0.28,0.303,29.752,23.502,20.102
2023-07-24 10:00:00,26.202,27.705172,2.4600544,0.273,0.28,0.303,29.752,23.702,20.102
2023-07-24 11:00:00,26.102,27.39226,2.4561899,0.272,0.28,0.303,29.302,23.902,20.102
2023-07-24 12:00:00,25.902,27.6227,2.4196477,0.272,0.28,0.303,28.902,24.102,20.102
2023-07-24 13:00:00,25.202,29.095182,2.2740872,0.272,0.28,0.303,27.902,24.202,20.102
2023-07-24 14:00:00,24.302,32.55274,2.0501175,0.271,0.28,0.303,26.752,24.252,20.102
2023-07-24 15:00:00,22.902,36.65149,1.7700033,0.271,0.28,0.303,25.302,24.252,20.102
2023-07-24 16:00:00,21.502,40.87772,1.5171276,0.271,0.28,0.303,23.902,24.202,20.102
2023-07-24 17:00:00,20.452,44.502026,1.3352456,0.271,0.28,0.303,22.752,24.052,20.102
2023-07-24 18:00:00,19.352,48.456635,1.1584971,0.271,0.28,0.303,21.802,23.902,20.102
2023-07-24 19:00:00,18.202,52.067104,1.002733,0.271,0.28,0.303,20.852,23.702,20.102
2023-07-24 20:00:00,17.152,56.9641,0.8427,0.271,0.28,0.303,20.102,23.502,20.102
2023-07-24 21:00:00,16.252,61.342083,0.71496725,0.271,0.28,0.303,19.302,23.252,20.102
2023-07-24 22:00:00,15.502,65.00826,0.6169059,0.271,0.28,0.303,18.652,23.002,20.102
2023-07-24 23:00:00,15.052,67.82175,0.5511613,0.271,0.28,0.303,18.152,22.752,20.102
2023-07-25 00:00:00,15.152,68.3003,0.5464581,0.271,0.28,0.303,17.952,22.502,20.102
2023-07-25 01:00:00,15.802,72.66389,0.4912306,0.271,0.28,0.303,18.302,22.302,20.102
2023-07-25 02:00:00,18.402,56.893295,0.91308486,0.271,0.28,0.303,19.902,22.152,20.102
2023-07-25 03:00:00,21.152,47.333008,1.3227402,0.271,0.28,0.303,22.102,22.102,20.102
2023-07-25 04:00:00,23.652,36.12045,1.8673726,0.27,0.28,0.303,24.702,22.202,20.102
2023-07-25 05:00:00,25.052,30.701176,2.2027974,0.27,0.28,0.303,26.852,22.402,20.102
2023-07-25 06:00:00,25.952,28.606693,2.3937695,0.27,0.28,0.303,28.452,22.652,20.102
2023-07-25 07:00:00,26.802,27.965818,2.5392091,0.269,0.28,0.303,29.852,22.902,20.102
2023-07-25 08:00:00,27.402,26.356174,2.6888394,0.269,0.28,0.303,30.852,23.252,20.102
2023-07-25 09:00:00,27.752,25.381027,2.7806952,0.268,0.28,0.303,31.302,23.552,20.102
2023-07-25 10:00:00,28.052,24.76906,2.8529098,0.268,0.28,0.303,31.352,23.852,20.102
2023-07-25 11:00:00,28.052,24.59858,2.8593845,0.268,0.28,0.302,31.052,24.102,20.102
2023-07-25 12:00:00,27.952,24.657091,2.8405948,0.267,0.28,0.302,30.552,24.352,20.102
2023-07-25 13:00:00,27.602,25.079473,2.7676423,0.267,0.28,0.302,29.652,24.502,20.102
2023-07-25 14:00:00,26.852,29.05337,2.5081668,0.267,0.28,0.302,28.302,24.652,20.102
2023-07-25 15:00:00,25.752,32.297253,2.2432075,0.267,0.28,0.302,26.802,24.652,20.102
2023-07-25 16:00:00,23.502,38.22307,1.7896357,0.267,0.28,0.302,25.002,24.602,20.102
2023-07-25 17:00:00,21.552,43.17515,1.4625874,0.267,0.28,0.302,23.452,24.502,20.152
2023-07-25 18:00:00,20.252,47.40506,1.2498555,0.267,0.28,0.302,22.402,24.352,20.152
2023-07-25 19:00:00,19.802,49.573887,1.1654321,0.267,0.28,0.302,21.702,24.152,20.152
2023-07-25 20:00:00,19.152,51.097816,1.0855236,0.267,0.28,0.302,21.152,24.002,20.152
2023-07-25 21:00:00,18.302,53.88644,0.97071505,0.267,0.28,0.302,20.502,23.802,20.152
2023-07-25 22:00:00,17.702,55.9577,0.8928375,0.267,0.28,0.302,19.902,23.552,20.152
2023-07-25 23:00:00,17.202,57.557373,0.83370674,0.266,0.28,0.302,19.402,23.302,20.152
2023-07-26 00:00:00,16.852,58.451073,0.7982819,0.266,0.28,0.302,18.952,23.102,20.152
2023-07-26 01:00:00,17.902,59.699295,0.8272871,0.266,0.28,0.302,19.402,22.902,20.152
2023-07-26 02:00:00,20.852,48.051907,1.2808952,0.266,0.28,0.302,20.952,22.752,20.152
2023-07-26 03:00:00,23.252,40.81994,1.6887239,0.266,0.28,0.302,23.052,22.752,20.152
2023-07-26 04:00:00,24.552,38.391537,1.9006314,0.267,0.28,0.302,24.552,22.802,20.152
2023-07-26 05:00:00,24.652,38.29104,1.9151238,0.267,0.28,0.302,24.952,22.852,20.152
2023-07-26 06:00:00,24.952,37.485123,1.9751406,0.266,0.28,0.302,25.402,22.902,20.152
2023-07-26 07:00:00,23.102,50.78968,1.3913647,0.266,0.28,0.302,25.002,22.952,20.152
2023-07-26 08:00:00,23.302,50.17952,1.4257144,0.267,0.28,0.302,25.152,23.052,20.152
2023-07-26 09:00:00,23.702,47.711796,1.5328293,0.267,0.28,0.302,25.702,23.102,20.152
2023-07-26 10:00:00,22.852,51.90375,1.3394688,0.267,0.28,0.302,25.002,23.152,20.152
2023-07-26 11:00:00,22.952,49.921852,1.4031606,0.267,0.28,0.302,24.952,23.202,20.152
2023-07-26 12:00:00,21.352,60.910904,0.99361956,0.276,0.28,0.302,24.752,23.202,20.152
2023-07-26 13:00:00,20.552,70.27588,0.7193017,0.279,0.28,0.302,23.452,23.202,20.152
2023-07-26 14:00:00,20.052,71.552505,0.6675111,0.28,0.28,0.302,22.452,23.102,20.152
2023-07-26 15:00:00,19.452,70.52182,0.6664947,0.281,0.28,0.302,21.702,23.002,20.152
2023-07-26 16:00:00,18.852,71.09889,0.62951696,0.281,0.28,0.302,21.052,22.902,20.152
2023-07-26 17:00:00,18.552,71.740875,0.604115,0.282,0.28,0.302,20.602,22.752,20.152
2023-07-26 18:00:00,18.252,73.58014,0.55428624,0.283,0.28,0.302,20.252,22.602,20.102
2023-07-26 19:00:00,16.952,88.86289,0.21526575,0.294,0.28,0.302,19.902,22.452,20.102
2023-07-26 20:00:00,16.602,89.69705,0.1947757,0.305,0.28,0.302,19.352,22.252,20.102
2023-07-26 21:00:00,16.352,90.54962,0.17584443,0.311,0.28,0.302,19.052,22.102,20.102
2023-07-26 22:00:00,16.152,89.085396,0.20052612,0.312,0.28,0.302,18.652,21.902,20.102
2023-07-26 23:00:00,15.652,89.62505,0.18462956,0.312,0.28,0.302,18.302,21.702,20.102
2023-07-27 00:00:00,15.152,91.351944,0.14904797,0.312,0.28,0.302,17.902,21.502,20.102
2023-07-27 01:00:00,15.852,90.51476,0.170964,0.312,0.28,0.302,18.052,21.352,20.102
2023-07-27 02:00:00,17.652,83.93041,0.324641,0.312,0.28,0.302,19.002,21.202,20.102
2023-07-27 03:00:00,19.852,72.67814,0.63321567,0.312,0.28,0.302,20.352,21.152,20.052
2023-07-27 04:00:00,21.952,64.08017,0.94704103,0.311,0.28,0.302,22.402,21.202,20.052
2023-07-27 05:00:00,23.852,57.483326,1.2574294,0.31,0.28,0.302,24.552,21.352,20.052
2023-07-27 06:00:00,25.202,50.517082,1.5864124,0.31,0.28,0.302,26.102,21.552,20.052
2023-07-27 07:00:00,25.852,45.39769,1.8194149,0.309,0.28,0.302,26.752,21.752,20.052
2023-07-27 08:00:00,26.402,42.253716,1.9877139,0.308,0.28,0.302,27.502,22.002,20.052
2023-07-27 09:00:00,26.202,41.921864,1.975747,0.307,0.28,0.302,27.252,22.202,20.052
2023-07-27 10:00:00,26.352,40.739895,2.0338912,0.306,0.28,0.302,27.452,22.402,20.052
2023-07-27 11:00:00,26.702,38.48481,2.1552737,0.305,0.28,0.302,27.752,22.652,20.052
2023-07-27 12:00:00,26.702,36.616283,2.2208252,0.304,0.28,0.302,27.602,22.802,20.052
2023-07-27 13:00:00,26.152,37.69812,2.113376,0.303,0.28,0.302,26.852,22.952,20.052
2023-07-27 14:00:00,25.602,41.206486,1.9304805,0.303,0.28,0.302,26.052,23.052,20.052
2023-07-27 15:00:00,24.252,45.406185,1.6541101,0.303,0.28,0.302,24.852,23.102,20.052
2023-07-27 16:00:00,22.702,49.36372,1.3975317,0.302,0.28,0.302,23.602,23.102,20.052
2023-07-27 17:00:00,21.502,53.10839,1.2030694,0.302,0.28,0.302,22.652,23.052,20.052
2023-07-27 18:00:00,20.652,56.511143,1.0590981,0.302,0.28,0.302,21.952,22.952,20.052
2023-07-27 19:00:00,19.202,65.80755,0.7612237,0.302,0.28,0.302,21.152,22.802,20.052
2023-07-27 20:00:00,18.602,69.90194,0.6454543,0.302,0.28,0.302,20.602,22.702,20.052
2023-07-27 21:00:00,18.202,73.09358,0.5627333,0.302,0.28,0.302,20.202,22.552,20.052
2023-07-27 22:00:00,17.752,76.42537,0.47930574,0.302,0.28,0.302,19.802,22.352,20.002
2023-07-27 23:00:00,17.452,79.16076,0.4157554,0.302,0.28,0.302,19.452,22.202,20.002
2023-07-28 00:00:00,17.052,82.248665,0.34531176,0.302,0.28,0.302,19.102,22.052,20.002
2023-07-28 01:00:00,17.452,82.83173,0.3425027,0.302,0.28,0.302,19.252,21.902,20.002
2023-07-28 02:00:00,19.552,74.04372,0.59048724,0.301,0.28,0.302,20.652,21.802,20.002
2023-07-28 03:00:00,21.802,64.87808,0.91757464,0.301,0.28,0.302,22.502,21.802,20.002
2023-07-28 04:00:00,23.952,53.912373,1.3713236,0.3,0.28,0.302,24.552,21.902,20.002
2023-07-28 05:00:00,25.602,42.309425,1.8942255,0.299,0.28,0.302,26.452,22.102,20.002
2023-07-28 06:00:00,26.352,37.50417,2.1450858,0.298,0.28,0.302,27.602,22.302,20.002
2023-07-28 07:00:00,27.602,33.258526,2.465086,0.297,0.28,0.302,28.952,22.602,20.002
2023-07-28 08:00:00,28.452,30.40244,2.700944,0.296,0.28,0.301,30.052,22.902,20.002
2023-07-28 09:00:00,29.102,28.118036,2.8965557,0.294,0.28,0.301,30.652,23.202,20.002
2023-07-28 10:00:00,29.552,26.66544,3.0327482,0.293,0.28,0.301,30.802,23.502,20.002
2023-07-28 11:00:00,29.252,27.594131,2.9430351,0.293,0.28,0.301,29.952,23.752,20.002
2023-07-28 12:00:00,29.102,29.475428,2.8417692,0.292,0.28,0.301,29.452,23.952,20.002
2023-07-28 13:00:00,28.502,33.510147,2.587644,0.291,0.28,0.301,28.752,24.102,20.002
2023-07-28 14:00:00,27.352,39.050472,2.218278,0.291,0.28,0.301,27.752,24.202,20.002
2023-07-28 15:00:00,25.752,44.488964,1.8388287,0.291,0.28,0.301,26.452,24.252,20.002
2023-07-28 16:00:00,24.252,49.130905,1.5411538,0.291,0.28,0.301,25.152,24.252,20.002
2023-07-28 17:00:00,23.252,52.17846,1.364349,0.29,0.28,0.301,24.202,24.202,20.052
2023-07-28 18:00:00,22.752,53.430862,1.2890887,0.29,0.28,0.301,23.552,24.102,20.052
2023-07-28 19:00:00,22.302,52.273735,1.2856121,0.29,0.28,0.301,22.952,24.002,20.052
2023-07-28 20:00:00,21.702,53.688637,1.202761,0.29,0.28,0.301,22.402,23.852,20.052
2023-07-28 21:00:00,21.352,54.670517,1.1523539,0.29,0.28,0.301,22.002,23.752,20.052
2023-07-28 22:00:00,21.102,55.33256,1.1182733,0.29,0.28,0.301,21.702,23.602,20.052
2023-07-28 23:00:00,20.952,55.84477,1.0953252,0.29,0.28,0.301,21.502,23.452,20.052
2023-07-29 00:00:00,20.602,57.438248,1.0333253,0.29,0.28,0.301,21.252,23.302,20.052
2023-07-29 01:00:00,21.102,57.93985,1.0529584,0.29,0.28,0.301,21.502,23.152,20.052
2023-07-29 02:00:00,22.802,54.858383,1.2533278,0.289,0.28,0.301,22.652,23.102,20.052
2023-07-29 03:00:00,24.652,52.20203,1.4830229,0.289,0.28,0.301,24.402,23.102,20.052
2023-07-29 04:00:00,26.202,50.61612,1.6796814,0.288,0.28,0.301,26.052,23.202,20.052
2023-07-29 05:00:00,27.852,47.438316,1.9692171,0.288,0.28,0.301,27.952,23.402,20.052
2023-07-29 06:00:00,28.902,43.220215,2.260942,0.287,0.28,0.301,29.402,23.602,20.052
2023-07-29 07:00:00,29.802,39.86037,2.5222127,0.286,0.28,0.301,30.752,23.902,20.052
2023-07-29 08:00:00,29.952,38.38585,2.6064615,0.285,0.28,0.301,31.202,24.152,20.052
2023-07-29 09:00:00,30.602,36.742836,2.7773514,0.285,0.28,0.301,31.952,24.452,20.052
2023-07-29 10:00:00,30.552,36.25577,2.790804,0.284,0.28,0.301,32.101997,24.752,20.102
2023-07-29 11:00:00,30.152,36.61785,2.7122467,0.283,0.28,0.301,31.902,25.002,20.102
2023-07-29 12:00:00,29.352,38.095104,2.5301037,0.283,0.28,0.301,31.152,25.202,20.102
2023-07-29 13:00:00,28.302,40.485302,2.2891278,0.282,0.28,0.301,30.202,25.352,20.102
2023-07-29 14:00:00,27.052,44.41104,1.987765,0.282,0.28,0.301,28.902,25.452,20.102
2023-07-29 15:00:00,25.502,48.826466,1.670112,0.282,0.28,0.301,27.402,25.452,20.152
2023-07-29 16:00:00,24.352,51.451794,1.479594,0.282,0.28,0.301,26.152,25.402,20.152
2023-07-29 17:00:00,23.352,53.41043,1.3372021,0.281,0.28,0.301,25.152,25.352,20.152
2023-07-29 18:00:00,22.502,55.1417,1.2230455,0.281,0.28,0.301,24.352,25.202,20.152
2023-07-29 19:00:00,21.152,55.16298,1.1259639,0.281,0.28,0.301,23.452,25.052,20.152
2023-07-29 20:00:00,20.302,59.092243,0.97497344,0.281,0.28,0.301,22.702,24.902,20.152
2023-07-29 21:00:00,19.552,63.13553,0.83876383,0.281,0.28,0.301,22.102,24.702,20.202
2023-07-29 22:00:00,18.802,67.47029,0.7063817,0.281,0.28,0.301,21.502,24.502,20.202
2023-07-29 23:00:00,18.152,71.66713,0.59072316,0.281,0.28,0.301,20.952,24.302,20.202
2023-07-30 00:00:00,17.852,74.23358,0.5271834,0.281,0.28,0.301,20.552,24.052,20.202
2023-07-30 01:00:00,18.302,74.0692,0.54572797,0.281,0.28,0.301,20.652,23.852,20.202
2023-07-30 02:00:00,19.702,68.98619,0.71217716,0.281,0.28,0.301,21.752,23.702,20.202
2023-07-30 03:00:00,21.102,63.070274,0.92445004,0.281,0.28,0.301,23.202,23.652,20.202
2023-07-30 04:00:00,22.502,56.231544,1.1933103,0.28,0.28,0.301,24.952,23.652,20.202
2023-07-30 05:00:00,23.952,49.37316,1.506508,0.28,0.28,0.301,26.802,23.752,20.202
2023-07-30 06:00:00,25.202,43.184868,1.821737,0.279,0.28,0.301,28.202,23.902,20.202
2023-07-30 07:00:00,26.202,39.899673,2.0446222,0.279,0.28,0.3,29.702,24.102,20.202
2023-07-30 08:00:00,27.152,35.66053,2.314603,0.278,0.28,0.3,30.602,24.352,20.202
2023-07-30 09:00:00,27.602,33.258526,2.465086,0.278,0.28,0.3,30.852,24.602,20.202
2023-07-30 10:00:00,27.702,32.515724,2.5071325,0.277,0.28,0.3,30.602,24.802,20.252
2023-07-30 11:00:00,27.502,32.898266,2.463996,0.277,0.28,0.3,30.002,24.952,20.252
2023-07-30 12:00:00,27.202,34.16093,2.375563,0.277,0.28,0.3,29.402,25.102,20.252
2023-07-30 13:00:00,26.702,36.011463,2.2420442,0.276,0.28,0.3,28.602,25.202,20.252
2023-07-30 14:00:00,25.902,39.29092,2.0291274,0.276,0.279,0.3,27.602,25.202,20.252
2023-07-30 15:00:00,24.352,44.248833,1.6993387,0.276,0.279,0.3,26.252,25.202,20.252
2023-07-30 16:00:00,22.952,48.78238,1.4351149,0.276,0.279,0.3,24.952,25.102,20.302
2023-07-30 17:00:00,21.902,52.34181,1.2529396,0.276,0.28,0.3,23.952,25.002,20.302
2023-07-30 18:00:00,21.152,54.800194,1.1350805,0.276,0.28,0.3,23.202,24.852,20.302
2023-07-30 19:00:00,20.952,53.318233,1.1580409,0.276,0.28,0.3,22.702,24.702,20.302
2023-07-30 20:00:00,20.302,56.42391,1.0386071,0.275,0.28,0.3,22.152,24.502,20.302
2023-07-30 21:00:00,19.802,59.16721,0.9435985,0.275,0.28,0.3,21.752,24.352,20.302
2023-07-30 22:00:00,19.052,63.023174,0.8155974,0.275,0.28,0.3,21.202,24.152,20.302
2023-07-30 23:00:00,18.352,66.71614,0.7027352,0.275,0.28,0.3,20.652,23.952,20.302
2023-07-31 00:00:00,17.602,70.63111,0.59154487,0.275,0.28,0.3,20.102,23.702,20.302
2023-07-31 01:00:00,18.152,71.43324,0.59560144,0.275,0.28,0.3,20.302,23.502,20.302
2023-07-31 02:00:00,20.702,61.158398,0.9487697,0.275,0.279,0.3,21.852,23.402,20.302
2023-07-31 03:00:00,23.102,52.13944,1.3531712,0.275,0.279,0.3,23.802,23.352,20.302
2023-07-31 04:00:00,25.102,44.019238,1.7843261,0.275,0.279,0.3,26.102,23.452,20.302
2023-07-31 05:00:00,26.202,39.115185,2.071343,0.274,0.279,0.3,28.152,23.602,20.302
2023-07-31 06:00:00,26.652,36.846626,2.2062578,0.274,0.279,0.3,29.052,23.802,20.352
2023-07-31 07:00:00,27.652,33.720158,2.4551582,0.274,0.279,0.3,29.902,24.052,20.352
2023-07-31 08:00:00,28.402,31.320518,2.657549,0.273,0.279,0.3,31.152,24.302,20.352
2023-07-31 09:00:00,28.452,31.02099,2.6769023,0.273,0.279,0.3,31.202,24.552,20.352
2023-07-31 10:00:00,28.552,30.430098,2.7155528,0.272,0.279,0.3,30.952,24.802,20.352
2023-07-31 11:00:00,28.652,29.95051,2.7501745,0.272,0.279,0.3,30.802,25.002,20.352
2023-07-31 12:00:00,28.402,30.490921,2.6897,0.272,0.279,0.3,30.152,25.152,20.352
2023-07-31 13:00:00,28.102,31.55327,2.6028185,0.272,0.279,0.3,29.302,25.302,20.352
2023-07-31 14:00:00,27.152,36.01812,2.3017216,0.271,0.279,0.3,28.252,25.352,20.402
2023-07-31 15:00:00,25.652,40.678574,1.9536072,0.271,0.279,0.3,26.852,25.352,20.402
2023-07-31 16:00:00,24.102,44.917206,1.6540279,0.271,0.279,0.3,25.502,25.302,20.402
2023-07-31 17:00:00,22.852,48.43406,1.4361801,0.271,0.279,0.3,24.452,25.202,20.402
2023-07-31 18:00:00,21.802,51.62851,1.2639844,0.271,0.279,0.3,23.552,25.052,20.402
2023-07-31 19:00:00,21.352,52.545113,1.2064228,0.271,0.279,0.3,22.902,24.902,20.402
2023-07-31 20:00:00,20.552,55.193424,1.0845194,0.271,0.279,0.3,22.252,24.702,20.402
2023-07-31 21:00:00,19.902,57.07632,0.99809754,0.271,0.279,0.3,21.652,24.502,20.452
2023-07-31 22:00:00,19.252,59.231026,0.91053736,0.271,0.279,0.3,21.152,24.302,20.452
2023-07-31 23:00:00,18.502,62.483765,0.79959965,0.271,0.279,0.3,20.602,24.102,20.452
2023-08-01 00:00:00,17.802,65.7253,0.6991335,0.271,0.279,0.3,20.052,23.852,20.452
2023-08-01 01:00:00,18.252,70.52343,0.6184387,0.271,0.279,0.3,20.252,23.652,20.452
2023-08-01 02:00:00,21.552,55.628464,1.1418511,0.271,0.279,0.3,22.002,23.552,20.452
2023-08-01 03:00:00,24.402,46.3542,1.6399951,0.271,0.279,0.3,24.352,23.502,20.452
2023-08-01 04:00:00,26.852,39.16808,2.1501434,0.27,0.279,0.3,26.902,23.652,20.452
2023-08-01 05:00:00,28.802,32.49686,2.6731353,0.27,0.279,0.3,29.302,23.852,20.452
2023-08-01 06:00:00,29.852,26.927593,3.074385,0.27,0.279,0.299,31.352,24.152,20.452
2023-08-01 07:00:00,30.102,26.8136,3.1236086,0.269,0.279,0.299,32.651997,24.452,20.452
2023-08-01 08:00:00,30.802,25.414467,3.313231,0.269,0.279,0.299,33.851997,24.802,20.452
2023-08-01 09:00:00,31.252,24.60369,3.436101,0.268,0.279,0.299,34.401997,25.202,20.452
2023-08-01 10:00:00,31.602,24.200544,3.5237253,0.268,0.279,0.299,34.752,25.552,20.452
2023-08-01 11:00:00,31.602,24.282454,3.5199099,0.267,0.279,0.299,34.502,25.852,20.502
2023-08-01 12:00:00,31.402,24.726456,3.459807,0.267,0.279,0.299,33.851997,26.152,20.502
2023-08-01 13:00:00,30.652,26.42318,3.2405267,0.267,0.279,0.299,32.601997,26.352,20.502
2023-08-01 14:00:00,29.302,31.88665,2.7762647,0.267,0.279,0.299,31.052,26.502,20.502
2023-08-01 15:00:00,28.052,35.323997,2.4520912,0.267,0.279,0.299,29.202,26.552,20.552
2023-08-01 16:00:00,26.352,39.157288,2.0882754,0.266,0.279,0.299,27.602,26.502,20.552
2023-08-01 17:00:00,25.152,41.217087,1.8793141,0.266,0.279,0.299,26.502,26.402,20.552
2023-08-01 18:00:00,24.252,41.793037,1.7636951,0.266,0.279,0.299,25.602,26.302,20.552
2023-08-01 19:00:00,22.852,46.23605,1.4974505,0.266,0.279,0.299,24.702,26.152,20.602
2023-08-01 20:00:00,22.152,48.08436,1.3858709,0.266,0.279,0.299,24.052,26.002,20.602
2023-08-01 21:00:00,21.552,49.547276,1.2984605,0.266,0.279,0.299,23.402,25.802,20.602
2023-08-01 22:00:00,21.002,51.076195,1.2174246,0.266,0.279,0.299,22.902,25.602,20.602
2023-08-01 23:00:00,20.452,53.011726,1.1303821,0.266,0.279,0.299,22.402,25.402,20.602
2023-08-02 00:00:00,19.902,55.395782,1.0371977,0.266,0.279,0.299,21.952,25.152,20.602
2023-08-02 01:00:00,20.452,56.27496,1.0518327,0.266,0.279,0.299,22.152,24.952,20.652
2023-08-02 02:00:00,22.502,50.966007,1.336984,0.266,0.279,0.299,23.352,24.852,20.652
2023-08-02 03:00:00,24.752,45.693367,1.695243,0.266,0.279,0.299,25.052,24.802,20.652
2023-08-02 04:00:00,27.402,38.049248,2.2613606,0.266,0.279,0.299,27.352,24.852,20.652
2023-08-02 05:00:00,29.402,32.555725,2.764815,0.265,0.279,0.299,29.402,25.002,20.652
2023-08-02 06:00:00,30.852,28.215878,3.197647,0.265,0.279,0.299,31.352,25.202,20.652
2023-08-02 07:00:00,31.202,27.56615,3.2914798,0.265,0.279,0.299,32.552,25.452,20.652
2023-08-02 08:00:00,32.151997,25.429972,3.5758467,0.265,0.279,0.299,34.151997,25.802,20.652
2023-08-02 09:00:00,32.651997,24.311354,3.7331693,0.264,0.279,0.299,35.252,26.152,20.702
2023-08-02 10:00:00,31.852,25.607038,3.5074496,0.275,0.279,0.299,35.151997,26.452,20.702
2023-08-02 11:00:00,30.452,29.945307,3.0501304,0.288,0.279,0.299,33.302,26.702,20.702
2023-08-02 12:00:00,29.902,31.841558,2.8755264,0.29,0.279,0.299,32.101997,26.852,20.702
2023-08-02 13:00:00,29.102,36.684006,2.5508678,0.29,0.279,0.299,30.902,26.952,20.752
2023-08-02 14:00:00,27.452,44.954243,2.0148797,0.289,0.279,0.299,29.352,27.002,20.752
2023-08-02 15:00:00,26.152,47.90362,1.7668265,0.289,0.279,0.299,27.952,26.952,20.752
2023-08-02 16:00:00,24.702,51.044144,1.5235142,0.289,0.279,0.299,26.602,26.852,20.802
2023-08-02 17:00:00,23.952,51.68294,1.4377166,0.289,0.279,0.299,25.702,26.702,20.802
2023-08-02 18:00:00,23.152,52.152443,1.3568885,0.289,0.279,0.299,24.952,26.552,20.802
2023-08-02 19:00:00,22.302,49.093334,1.3713514,0.289,0.279,0.299,24.202,26.352,20.802
2023-08-02 20:00:00,21.352,52.371326,1.2108438,0.289,0.279,0.299,23.502,26.152,20.802
2023-08-02 21:00:00,20.602,55.206104,1.0875517,0.288,0.279,0.299,22.902,25.952,20.852
2023-08-02 22:00:00,20.102,57.50505,1.0004065,0.288,0.279,0.299,22.402,25.702,20.852
2023-08-02 23:00:00,19.552,60.69046,0.8944241,0.288,0.279,0.299,21.952,25.452,20.852
2023-08-03 00:00:00,19.152,63.46223,0.8109374,0.288,0.279,0.299,21.552,25.202,20.852
2023-08-03 01:00:00,19.702,64.00269,0.82667005,0.288,0.279,0.299,21.652,25.002,20.852
2023-08-03 02:00:00,21.552,59.390736,1.0449737,0.288,0.279,0.299,22.802,24.852,20.852
2023-08-03 03:00:00,23.852,53.019363,1.3895614,0.288,0.279,0.298,24.602,24.802,20.852
2023-08-03 04:00:00,26.052,46.954605,1.7884709,0.287,0.279,0.298,26.602,24.802,20.852
2023-08-03 05:00:00,28.052,41.07901,2.23361,0.286,0.279,0.298,28.552,24.902,20.852
2023-08-03 06:00:00,29.552,35.977657,2.647049,0.286,0.279,0.298,30.352,25.102,20.902
2023-08-03 07:00:00,30.302,31.741982,2.9464188,0.285,0.279,0.298,31.802,25.352,20.902
2023-08-03 08:00:00,30.752,29.435768,3.1253633,0.284,0.279,0.298,32.952,25.652,20.902
2023-08-03 09:00:00,30.802,29.060621,3.150968,0.283,0.279,0.298,33.351997,25.902,20.902
2023-08-03 10:00:00,31.152,28.486109,3.240386,0.282,0.279,0.298,33.901997,26.202,20.902
2023-08-03 11:00:00,31.052,28.553814,3.218974,0.281,0.279,0.298,33.651997,26.452,20.902
2023-08-03 12:00:00,30.852,27.106163,3.2471728,0.281,0.279,0.298,33.202,26.702,20.952
2023-08-03 13:00:00,30.102,29.258043,3.019098,0.28,0.279,0.298,32.002,26.852,20.952
2023-08-03 14:00:00,27.952,37.334232,2.3619983,0.28,0.279,0.298,30.202,26.952,20.952
2023-08-03 15:00:00,26.202,43.17803,1.9329647,0.28,0.279,0.298,28.552,26.902,20.952
2023-08-03 16:00:00,25.102,47.00358,1.689108,0.28,0.279,0.298,27.302,26.852,21.002
2023-08-03 17:00:00,23.902,51.50179,1.438794,0.28,0.279,0.298,26.252,26.752,21.002
2023-08-03 18:00:00,23.002,56.172775,1.231598,0.279,0.279,0.298,25.402,26.602,21.002
2023-08-03 19:00:00,22.702,49.200836,1.4020307,0.279,0.279,0.298,24.702,26.452,21.002
2023-08-03 20:00:00,22.052,52.901222,1.2495744,0.279,0.279,0.298,24.152,26.252,21.002
2023-08-03 21:00:00,21.402,57.445763,1.0850683,0.279,0.279,0.298,23.602,26.052,21.052
2023-08-03 22:00:00,20.752,62.37943,0.9217547,0.279,0.279,0.298,23.102,25.852,21.052
2023-08-03 23:00:00,20.202,67.10004,0.77921355,0.279,0.279,0.298,22.652,25.652,21.052
2023-08-04 00:00:00,19.852,70.597565,0.6814549,0.279,0.279,0.298,22.302,25.452,21.052
2023-08-04 01:00:00,20.152,71.80171,0.66575694,0.279,0.279,0.298,22.402,25.252,21.052
2023-08-04 02:00:00,21.252,68.84664,0.7869762,0.28,0.279,0.298,23.102,25.102,21.052
2023-08-04 03:00:00,22.402,64.798645,0.9538022,0.279,0.279,0.298,23.902,25.002,21.052
2023-08-04 04:00:00,24.352,56.86999,1.3143342,0.279,0.279,0.298,25.752,24.952,21.052
2023-08-04 05:00:00,26.002,50.239285,1.6726727,0.279,0.279,0.298,27.752,25.052,21.052
2023-08-04 06:00:00,26.802,47.461914,1.8512318,0.278,0.279,0.298,29.352,25.202,21.102
2023-08-04 07:00:00,27.252,45.337383,1.9776028,0.278,0.279,0.298,30.502,25.352,21.102
2023-08-04 08:00:00,27.852,43.915237,2.1013756,0.278,0.279,0.298,31.752,25.602,21.102
2023-08-04 09:00:00,28.452,42.407055,2.2344546,0.277,0.279,0.298,32.752,25.852,21.102
2023-08-04 10:00:00,28.702,42.202717,2.275072,0.277,0.279,0.298,33.002,26.102,21.102
2023-08-04 11:00:00,28.602,42.175186,2.2630305,0.277,0.279,0.298,32.702,26.352,21.102
2023-08-04 12:00:00,28.002,43.532593,2.1342683,0.277,0.279,0.298,31.752,26.502,21.102
2023-08-04 13:00:00,26.202,51.270287,1.6574086,0.288,0.279,0.298,30.352,26.602,21.152
2023-08-04 14:00:00,24.302,61.980232,1.1550409,0.29,0.279,0.298,28.352,26.602,21.152
2023-08-04 15:00:00,23.152,67.27177,0.9278859,0.29,0.279,0.298,26.702,26.552,21.152
2023-08-04 16:00:00,22.152,72.39267,0.73668313,0.29,0.279,0.298,25.402,26.402,21.152
2023-08-04 17:00:00,21.652,74.872406,0.65039206,0.29,0.279,0.298,24.552,26.252,21.152
2023-08-04 18:00:00,21.002,78.41037,0.5370208,0.29,0.279,0.298,23.852,26.052,21.202
2023-08-04 19:00:00,21.452,61.53108,0.9838393,0.29,0.279,0.298,23.302,25.902,21.202
2023-08-04 20:00:00,20.602,65.889694,0.82803917,0.29,0.279,0.298,22.802,25.702,21.202
2023-08-04 21:00:00,20.052,69.05509,0.72613764,0.29,0.279,0.298,22.352,25.452,21.202
2023-08-04 22:00:00,19.202,73.269844,0.59503317,0.29,0.279,0.298,21.752,25.252,21.202
2023-08-04 23:00:00,18.652,76.56773,0.50403416,0.29,0.279,0.298,21.252,25.002,21.202
2023-08-05 00:00:00,18.152,79.773865,0.4216609,0.29,0.279,0.298,20.802,24.752,21.202
2023-08-05 01:00:00,18.702,81.402504,0.40126193,0.29,0.279,0.298,21.002,24.552,21.202
2023-08-05 02:00:00,21.402,66.271194,0.8599181,0.29,0.279,0.298,22.652,24.402,21.202
2023-08-05 03:00:00,23.602,57.98041,1.2242088,0.289,0.279,0.298,24.102,24.352,21.202
2023-08-05 04:00:00,25.602,49.811123,1.6476707,0.289,0.279,0.298,26.202,24.402,21.202
2023-08-05 05:00:00,26.802,45.068417,1.9356672,0.288,0.279,0.298,28.052,24.502,21.202
2023-08-05 06:00:00,27.352,44.349323,2.0251913,0.288,0.279,0.297,29.352,24.702,21.202
2023-08-05 07:00:00,28.302,38.175762,2.378086,0.288,0.279,0.297,30.302,24.902,21.202
2023-08-05 08:00:00,28.652,36.678577,2.4856443,0.287,0.279,0.297,31.202,25.152,21.202
2023-08-05 09:00:00,29.152,35.28218,2.6149578,0.286,0.279,0.297,32.052,25.402,21.202
2023-08-05 10:00:00,29.102,35.037018,2.6173244,0.285,0.279,0.297,31.952,25.652,21.252
2023-08-05 11:00:00,29.202,34.720577,2.6452954,0.285,0.279,0.297,31.952,25.852,21.252
2023-08-05 12:00:00,29.052,34.564613,2.628797,0.284,0.279,0.297,31.452,26.052,21.252
2023-08-05 13:00:00,28.452,35.319195,2.5098557,0.284,0.279,0.297,30.452,26.202,21.252
2023-08-05 14:00:00,27.702,38.00803,2.3028111,0.284,0.279,0.297,29.202,26.252,21.252
2023-08-05 15:00:00,26.452,41.716698,2.0121298,0.284,0.279,0.297,27.652,26.252,21.252
2023-08-05 16:00:00,25.152,45.802773,1.7325579,0.284,0.279,0.297,26.402,26.202,21.252
2023-08-05 17:00:00,24.002,49.873577,1.4960793,0.284,0.279,0.297,25.452,26.102,21.302
2023-08-05 18:00:00,22.902,55.242275,1.2501938,0.284,0.279,0.297,24.702,25.952,21.302
2023-08-05 19:00:00,21.852,58.692944,1.0825602,0.284,0.279,0.297,23.952,25.802,21.302
2023-08-05 20:00:00,21.052,63.469902,0.9116446,0.284,0.279,0.297,23.302,25.602,21.302
2023-08-05 21:00:00,20.252,68.42736,0.75007164,0.283,0.279,0.297,22.752,25.452,21.302
2023-08-05 22:00:00,19.752,71.96049,0.6458471,0.283,0.279,0.297,22.252,25.252,21.302
2023-08-05 23:00:00,19.352,74.728935,0.5678066,0.283,0.279,0.297,21.852,25.052,21.302
2023-08-06 00:00:00,18.902,77.102455,0.5002661,0.283,0.279,0.297,21.402,24.802,21.302
2023-08-06 01:00:00,19.352,75.9417,0.54054856,0.283,0.279,0.297,21.402,24.602,21.302
2023-08-06 02:00:00,21.602,65.67599,0.8858516,0.283,0.279,0.297,22.702,24.502,21.302
2023-08-06 03:00:00,23.652,57.43476,1.243848,0.283,0.279,0.297,24.402,24.452,21.302
2023-08-06 04:00:00,25.452,49.771484,1.6343918,0.283,0.279,0.297,26.402,24.452,21.302
2023-08-06 05:00:00,26.652,45.3208,1.9098781,0.282,0.279,0.297,28.352,24.602,21.302
2023-08-06 06:00:00,27.502,43.819332,2.0624828,0.282,0.279,0.297,29.752,24.802,21.302
2023-08-06 07:00:00,27.952,43.518894,2.1285896,0.281,0.279,0.297,31.002,25.002,21.302
2023-08-06 08:00:00,28.402,42.530476,2.2232103,0.281,0.279,0.297,32.052,25.302,21.352
2023-08-06 09:00:00,28.402,42.806038,2.2125363,0.28,0.279,0.297,32.351997,25.552,21.352
2023-08-06 10:00:00,28.102,43.560017,2.1456602,0.28,0.279,0.297,31.952,25.802,21.352
2023-08-06 11:00:00,24.352,64.19152,1.0910718,0.318,0.279,0.297,31.002,25.952,21.352
2023-08-06 12:00:00,23.902,67.636444,0.9598496,0.323,0.279,0.297,28.852,26.052,21.352
2023-08-06 13:00:00,23.802,66.97877,0.9735124,0.323,0.279,0.297,27.352,26.002,21.352
2023-08-06 14:00:00,23.652,66.94818,0.96568227,0.323,0.279,0.297,26.502,26.002,21.352
2023-08-06 15:00:00,22.802,70.25354,0.8256775,0.323,0.279,0.297,25.402,25.902,21.352
2023-08-06 16:00:00,21.902,74.20615,0.67788947,0.323,0.279,0.297,24.452,25.752,21.352
2023-08-06 17:00:00,21.202,78.19197,0.54913926,0.323,0.279,0.297,23.752,25.602,21.402
2023-08-06 18:00:00,20.652,81.393745,0.45295966,0.323,0.279,0.297,23.202,25.452,21.402
2023-08-06 19:00:00,20.252,82.11893,0.42471707,0.323,0.279,0.297,22.702,25.252,21.402
2023-08-06 20:00:00,19.902,83.916695,0.3738438,0.322,0.279,0.297,22.352,25.052,21.402
2023-08-06 21:00:00,19.502,85.482605,0.32918668,0.322,0.279,0.297,21.952,24.852,21.402
2023-08-06 22:00:00,19.152,86.53813,0.29868793,0.322,0.279,0.297,21.602,24.652,21.402
2023-08-06 23:00:00,18.902,86.789406,0.2885883,0.322,0.279,0.297,21.252,24.452,21.402
2023-08-07 00:00:00,18.602,87.03765,0.2779174,0.322,0.279,0.297,20.952,24.252,21.402
2023-08-07 01:00:00,19.152,82.77053,0.38230217,0.322,0.279,0.297,21.102,24.102,21.402
2023-08-07 02:00:00,20.552,72.337234,0.66939855,0.322,0.279,0.297,22.002,23.952,21.402
2023-08-07 03:00:00,22.002,62.459118,0.9928211,0.321,0.279,0.297,23.252,23.902,21.402
2023-08-07 04:00:00,23.452,54.135925,1.324308,0.32,0.279,0.297,24.702,23.902,21.402
2023-08-07 05:00:00,24.752,45.393917,1.7046001,0.319,0.279,0.297,26.052,23.952,21.402
2023-08-07 06:00:00,25.902,38.772385,2.0464792,0.317,0.279,0.297,27.502,24.102,21.402
2023-08-07 07:00:00,26.652,38.983032,2.1315296,0.316,0.279,0.297,28.602,24.252,21.402
2023-08-07 08:00:00,27.052,36.714695,2.2633433,0.314,0.279,0.297,29.452,24.452,21.402
2023-08-07 09:00:00,27.452,34.922554,2.3825967,0.312,0.279,0.297,30.052,24.652,21.402
2023-08-07 10:00:00,27.302,34.303387,2.3843155,0.311,0.279,0.297,30.002,24.852,21.402
2023-08-07 11:00:00,27.252,33.04941,2.4227974,0.31,0.279,0.297,29.802,25.052,21.402
2023-08-07 12:00:00,26.902,32.07473,2.4082613,0.309,0.279,0.297,29.302,25.202,21.402
2023-08-07 13:00:00,26.152,32.081642,2.3041449,0.308,0.279,0.297,28.352,25.302,21.402
2023-08-07 14:00:00,24.952,34.56805,2.0674112,0.307,0.279,0.297,27.052,25.302,21.402
2023-08-07 15:00:00,23.102,38.630314,1.7354963,0.307,0.279,0.297,25.502,25.252,21.402
2023-08-07 16:00:00,21.652,42.191,1.497047,0.307,0.279,0.297,24.152,25.152,21.402
2023-08-07 17:00:00,20.502,45.740948,1.3094417,0.307,0.279,0.297,23.102,25.002,21.402
2023-08-07 18:00:00,19.552,49.172607,1.1566608,0.306,0.279,0.297,22.202,24.852,21.402
2023-08-07 19:00:00,18.452,51.60613,1.0283483,0.306,0.279,0.297,21.402,24.652,21.402
2023-08-07 20:00:00,17.752,53.925846,0.9369887,0.306,0.279,0.297,20.702,24.402,21.402
2023-08-07 21:00:00,17.152,55.817936,0.8651531,0.306,0.279,0.297,20.152,24.152,21.402
2023-08-07 22:00:00,16.652,57.420437,0.8077891,0.306,0.279,0.297,19.602,23.952,21.402
2023-08-07 23:00:00,16.252,58.501793,0.7675171,0.306,0.279,0.297,19.202,23.652,21.402
2023-08-08 00:00:00,15.852,60.01426,0.72092485,0.306,0.279,0.297,18.802,23.402,21.402
2023-08-08 01:00:00,16.252,60.110252,0.7377579,0.306,0.279,0.297,18.802,23.202,21.402
2023-08-08 02:00:00,18.152,54.764545,0.94331586,0.305,0.279,0.297,19.852,23.002,21.402
2023-08-08 03:00:00,20.452,47.620407,1.2601694,0.305,0.279,0.297,21.502,22.902,21.402
2023-08-08 04:00:00,22.752,41.37114,1.6232277,0.304,0.279,0.296,23.452,22.902,21.402
2023-08-08 05:00:00,24.602,35.059483,2.0095253,0.303,0.279,0.296,25.202,23.002,21.352
2023-08-08 06:00:00,25.602,31.17349,2.2603352,0.302,0.279,0.296,26.702,23.152,21.352
2023-08-08 07:00:00,25.952,29.203176,2.3737447,0.301,0.279,0.296,27.902,23.352,21.352
2023-08-08 08:00:00,26.652,27.733252,2.5250833,0.299,0.279,0.296,29.002,23.552,21.352
2023-08-08 09:00:00,27.252,26.588867,2.6569357,0.298,0.279,0.296,29.802,23.802,21.352
2023-08-08 10:00:00,27.502,26.112263,2.713556,0.297,0.279,0.296,30.102,24.102,21.352
2023-08-08 11:00:00,27.552,26.035975,2.7242997,0.296,0.279,0.296,30.102,24.302,21.352
2023-08-08 12:00:00,27.302,26.419926,2.6708555,0.295,0.279,0.296,29.602,24.502,21.352
2023-08-08 13:00:00,26.652,27.733252,2.5250833,0.294,0.279,0.296,28.552,24.652,21.352
2023-08-08 14:00:00,25.302,31.95174,2.1953595,0.294,0.279,0.296,27.102,24.702,21.352
2023-08-08 15:00:00,23.602,35.860973,1.8693396,0.294,0.279,0.296,25.552,24.702,21.352
2023-08-08 16:00:00,22.252,39.048637,1.6372086,0.294,0.279,0.296,24.252,24.652,21.352
2023-08-08 17:00:00,21.252,41.650326,1.4745741,0.293,0.279,0.296,23.252,24.552,21.352
2023-08-08 18:00:00,20.452,43.75118,1.353323,0.293,0.279,0.296,22.452,24.402,21.352
2023-08-08 19:00:00,19.502,45.15257,1.2443371,0.293,0.279,0.296,21.702,24.252,21.352
2023-08-08 20:00:00,18.902,46.55257,1.1681547,0.293,0.279,0.296,21.052,24.052,21.352
2023-08-08 21:00:00,18.452,47.55473,1.1144861,0.293,0.279,0.296,20.552,23.852,21.352
2023-08-08 22:00:00,18.152,47.96258,1.0852368,0.293,0.279,0.296,20.152,23.652,21.352
2023-08-08 23:00:00,18.052,48.099644,1.0756106,0.293,0.279,0.296,19.902,23.452,21.352
2023-08-09 00:00:00,17.952,48.569168,1.0592072,0.293,0.279,0.296,19.702,23.252,21.352
2023-08-09 01:00:00,18.202,49.139114,1.0640172,0.292,0.279,0.296,19.752,23.052,21.352
2023-08-09 02:00:00,19.602,47.065815,1.2083741,0.292,0.279,0.296,20.552,22.952,21.352
2023-08-09 03:00:00,21.952,41.005436,1.5559616,0.292,0.279,0.296,22.302,22.902,21.352
2023-08-09 04:00:00,23.952,37.20164,1.8690865,0.291,0.279,0.296,24.102,22.902,21.352
2023-08-09 05:00:00,25.802,35.161728,2.1545444,0.291,0.279,0.296,26.052,23.052,21.302
2023-08-09 06:00:00,27.152,34.03283,2.37324,0.29,0.279,0.296,27.652,23.202,21.302
2023-08-09 07:00:00,28.352,29.666971,2.7137532,0.289,0.279,0.296,28.702,23.452,21.302
2023-08-09 08:00:00,28.352,29.467438,2.7214642,0.288,0.279,0.296,28.902,23.652,21.302
2023-08-09 09:00:00,28.552,29.126915,2.766501,0.288,0.279,0.296,29.202,23.902,21.302
2023-08-09 10:00:00,28.802,28.418064,2.8349197,0.287,0.279,0.296,29.452,24.102,21.302
2023-08-09 11:00:00,28.952,27.512623,2.8958192,0.286,0.279,0.296,29.402,24.302,21.302
2023-08-09 12:00:00,28.702,27.258831,2.864294,0.286,0.279,0.296,28.852,24.452,21.302
2023-08-09 13:00:00,27.902,29.642908,2.6446416,0.286,0.279,0.296,28.002,24.602,21.302
2023-08-09 14:00:00,26.502,32.179825,2.3487172,0.285,0.279,0.296,27.002,24.652,21.302
2023-08-09 15:00:00,25.052,33.669518,2.1083364,0.285,0.279,0.296,25.852,24.652,21.302
2023-08-09 16:00:00,23.852,35.810024,1.8991251,0.285,0.279,0.296,24.802,24.602,21.302
2023-08-09 17:00:00,22.952,37.937374,1.7392881,0.285,0.279,0.296,24.052,24.552,21.302
2023-08-09 18:00:00,22.152,39.96162,1.6028966,0.285,0.279,0.296,23.352,24.452,21.302
2023-08-09 19:00:00,21.602,40.90613,1.525685,0.285,0.279,0.296,22.752,24.352,21.302
2023-08-09 20:00:00,21.152,43.35588,1.4227033,0.285,0.279,0.296,22.352,24.202,21.302
2023-08-09 21:00:00,20.702,46.107254,1.3166926,0.285,0.279,0.296,21.952,24.052,21.302
2023-08-09 22:00:00,20.252,49.362335,1.2033131,0.285,0.279,0.296,21.652,23.902,21.302
2023-08-09 23:00:00,19.702,52.99318,1.0796559,0.284,0.279,0.296,21.252,23.752,21.302
2023-08-10 00:00:00,19.102,56.499294,0.96256185,0.284,0.279,0.296,20.852,23.602,21.302
2023-08-10 01:00:00,19.302,57.690254,0.94790685,0.284,0.279,0.296,20.852,23.452,21.302
2023-08-10 02:00:00,20.352,55.87872,1.0548542,0.284,0.279,0.296,21.402,23.302,21.302
2023-08-10 03:00:00,22.002,50.833736,1.3005071,0.284,0.279,0.296,22.652,23.252,21.302
2023-08-10 04:00:00,22.802,48.260525,1.436668,0.284,0.279,0.296,23.252,23.252,21.302
2023-08-10 05:00:00,24.902,40.874306,1.8623973,0.284,0.279,0.296,24.952,23.302,21.302
2023-08-10 06:00:00,25.352,38.232437,1.9984257,0.284,0.279,0.296,25.852,23.352,21.302
2023-08-10 07:00:00,26.652,34.697697,2.2814293,0.283,0.279,0.296,26.902,23.502,21.302
2023-08-10 08:00:00,26.652,33.439575,2.3254418,0.284,0.279,0.296,27.502,23.652,21.302
2023-08-10 09:00:00,26.602,33.201164,2.3269372,0.284,0.279,0.296,27.352,23.802,21.302
2023-08-10 10:00:00,26.002,36.909405,2.1213112,0.286,0.279,0.296,27.452,23.902,21.302
2023-08-10 11:00:00,26.152,35.024563,2.2041817,0.286,0.279,0.296,26.802,24.002,21.302
2023-08-10 12:00:00,26.352,32.356163,2.3220186,0.285,0.279,0.296,26.952,24.102,21.302
2023-08-10 13:00:00,25.252,35.60224,2.0712967,0.285,0.279,0.296,26.252,24.152,21.302
2023-08-10 14:00:00,23.402,42.969532,1.6420968,0.285,0.279,0.296,25.302,24.202,21.302
2023-08-10 15:00:00,21.402,51.523163,1.2361944,0.285,0.279,0.296,24.052,24.152,21.302
2023-08-10 16:00:00,20.102,56.561115,1.0226414,0.285,0.279,0.296,23.002,24.052,21.302
2023-08-10 17:00:00,18.952,60.549522,0.8647851,0.284,0.279,0.296,22.052,23.902,21.302
2023-08-10 18:00:00,18.152,63.02866,0.7709093,0.284,0.279,0.296,21.402,23.752,21.302
2023-08-10 19:00:00,17.702,58.46235,0.84204054,0.284,0.279,0.296,20.902,23.602,21.302
2023-08-10 20:00:00,16.952,61.50589,0.7442626,0.284,0.279,0.296,20.352,23.402,21.302
2023-08-10 21:00:00,16.352,64.54173,0.6599541,0.284,0.279,0.296,19.902,23.252,21.252
2023-08-10 22:00:00,15.952,67.10262,0.5968822,0.284,0.279,0.296,19.552,23.052,21.252
2023-08-10 23:00:00,15.602,68.851555,0.55265296,0.284,0.279,0.296,19.252,22.852,21.252
2023-08-11 00:00:00,15.152,70.15937,0.51440215,0.284,0.279,0.296,18.902,22.652,21.252
2023-08-11 01:00:00,14.602,72.44546,0.45848143,0.285,0.279,0.296,18.602,22.452,21.252
2023-08-11 02:00:00,14.052,74.31685,0.4124261,0.286,0.279,0.296,18.302,22.252,21.252
2023-08-11 03:00:00,14.352,70.23955,0.4872738,0.288,0.279,0.296,18.402,22.052,21.252
2023-08-11 04:00:00,14.452,68.38784,0.5209514,0.288,0.279,0.296,18.402,21.902,21.252
2023-08-11 05:00:00,14.852,64.86527,0.5941299,0.288,0.279,0.296,18.902,21.752,21.202
2023-08-11 06:00:00,15.802,56.624092,0.779578,0.288,0.279,0.296,19.902,21.652,21.202
2023-08-11 07:00:00,17.202,47.044876,1.0403059,0.288,0.279,0.296,21.102,21.602,21.202
2023-08-11 08:00:00,18.202,39.7934,1.2596395,0.287,0.279,0.296,21.902,21.602,21.202
2023-08-11 09:00:00,18.652,37.091652,1.3537769,0.287,0.279,0.296,21.952,21.652,21.152
2023-08-11 10:00:00,19.052,37.732555,1.3738213,0.287,0.279,0.296,22.502,21.652,21.152
2023-08-11 11:00:00,18.252,44.033794,1.1745524,0.287,0.279,0.296,22.152,21.702,21.152
2023-08-11 12:00:00,16.602,58.192123,0.7906319,0.288,0.279,0.296,21.252,21.652,21.152
2023-08-11 13:00:00,16.152,66.25167,0.62017834,0.288,0.279,0.296,20.602,21.602,21.152
2023-08-11 14:00:00,15.202,72.79747,0.47042143,0.292,0.279,0.296,19.652,21.502,21.152
2023-08-11 15:00:00,13.802,81.56613,0.29124355,0.296,0.279,0.296,18.502,21.352,21.102
2023-08-11 16:00:00,13.652,82.91456,0.26732254,0.297,0.279,0.296,17.752,21.202,21.102
2023-08-11 17:00:00,13.552,83.17855,0.2614876,0.297,0.279,0.296,17.302,21.002,21.102
2023-08-11 18:00:00,13.502,82.896286,0.2650138,0.298,0.279,0.296,17.002,20.852,21.102
2023-08-11 19:00:00,13.752,79.413605,0.32420492,0.299,0.279,0.296,16.752,20.652,21.052
2023-08-11 20:00:00,13.352,82.05323,0.27537882,0.299,0.279,0.296,16.452,20.452,21.052
2023-08-11 21:00:00,12.952,84.78705,0.22741961,0.299,0.279,0.296,16.202,20.302,21.052
2023-08-11 22:00:00,12.652,86.18033,0.20257843,0.299,0.279,0.296,15.902,20.102,21.002
2023-08-11 23:00:00,12.802,84.77055,0.2254467,0.299,0.279,0.296,15.802,19.902,21.002
2023-08-12 00:00:00,12.802,83.64566,0.24210095,0.299,0.279,0.296,15.702,19.752,21.002
2023-08-12 01:00:00,12.952,81.72819,0.27315283,0.3,0.279,0.296,15.752,19.552,20.952
2023-08-12 02:00:00,13.202,77.491585,0.34202874,0.3,0.279,0.296,16.001999,19.402,20.952
2023-08-12 03:00:00,13.402,73.704704,0.40482032,0.301,0.279,0.296,16.202,19.302,20.952
2023-08-12 04:00:00,14.202,68.10568,0.5171844,0.302,0.279,0.296,17.002,19.202,20.902
2023-08-12 05:00:00,14.602,65.47354,0.57451963,0.302,0.279,0.296,17.702,19.152,20.902
2023-08-12 06:00:00,14.202,66.50744,0.5431073,0.304,0.279,0.296,18.002,19.152,20.902
2023-08-12 07:00:00,15.102,66.02693,0.58378315,0.305,0.279,0.296,18.552,19.152,20.852
2023-08-12 08:00:00,15.852,63.35425,0.6606871,0.305,0.279,0.296,19.552,19.152,20.852
2023-08-12 09:00:00,16.252,61.549534,0.71112907,0.306,0.279,0.295,20.002,19.252,20.852
2023-08-12 10:00:00,16.502,58.761974,0.77491784,0.306,0.279,0.295,20.352,19.302,20.802
2023-08-12 11:00:00,16.602,56.440907,0.82376266,0.307,0.279,0.295,20.452,19.402,20.802
2023-08-12 12:00:00,16.402,54.311794,0.8531405,0.307,0.279,0.295,20.252,19.452,20.752
2023-08-12 13:00:00,15.302,56.303593,0.7606186,0.311,0.279,0.295,19.502,19.452,20.752
2023-08-12 14:00:00,13.952,61.216946,0.6188263,0.312,0.279,0.295,18.152,19.402,20.752
2023-08-12 15:00:00,13.602,59.058704,0.6386062,0.312,0.279,0.295,17.102,19.352,20.752
2023-08-12 16:00:00,13.252,56.56154,0.6623122,0.312,0.279,0.295,16.402,19.202,20.702
2023-08-12 17:00:00,12.702,56.816998,0.6351916,0.312,0.279,0.295,15.752,19.052,20.702
2023-08-12 18:00:00,12.402,57.541412,0.6123792,0.312,0.279,0.295,15.402,18.952,20.652
2023-08-12 19:00:00,11.652,55.75439,0.6074325,0.311,0.279,0.295,14.852,18.752,20.652
2023-08-12 20:00:00,10.952,59.439915,0.53162485,0.311,0.279,0.295,14.302,18.602,20.652
2023-08-12 21:00:00,10.502,61.897293,0.48469436,0.312,0.279,0.295,13.902,18.402,20.602
2023-08-12 22:00:00,10.452,62.98472,0.46929473,0.311,0.279,0.295,13.702,18.202,20.602
2023-08-12 23:00:00,9.952,66.2782,0.4135008,0.311,0.279,0.295,13.352,18.002,20.552
2023-08-13 00:00:00,9.702,68.11076,0.3845374,0.311,0.279,0.295,13.052,17.802,20.552
2023-08-13 01:00:00,10.052,67.47196,0.40153724,0.311,0.279,0.295,13.102,17.652,20.552
2023-08-13 02:00:00,11.002,62.67178,0.49088573,0.311,0.279,0.295,13.752,17.502,20.502
2023-08-13 03:00:00,12.352,56.13301,0.6306238,0.311,0.279,0.295,15.002,17.452,20.502
2023-08-13 04:00:00,13.352,49.69501,0.772041,0.31,0.279,0.295,16.102,17.402,20.452
2023-08-13 05:00:00,14.452,43.40785,0.93274885,0.31,0.279,0.295,17.402,17.452,20.452
2023-08-13 06:00:00,15.252,37.833397,1.0787735,0.309,0.279,0.295,18.552,17.552,20.402
2023-08-13 07:00:00,15.802,36.26144,1.14569,0.308,0.279,0.295,18.952,17.652,20.402
2023-08-13 08:00:00,16.302,34.37118,1.2178812,0.308,0.279,0.295,19.252,17.752,20.352
2023-08-13 09:00:00,16.652,33.252247,1.2665038,0.307,0.279,0.295,19.402,17.852,20.352
2023-08-13 10:00:00,17.052,31.838179,1.3265343,0.306,0.279,0.295,19.552,17.952,20.352
2023-08-13 11:00:00,16.802,32.818275,1.2869234,0.306,0.279,0.295,19.152,18.052,20.302
2023-08-13 12:00:00,16.452,35.040337,1.2170131,0.305,0.279,0.295,18.852,18.152,20.302
2023-08-13 13:00:00,15.852,38.282043,1.1129096,0.305,0.279,0.295,18.252,18.152,20.252
2023-08-13 14:00:00,15.252,41.227875,1.0198569,0.305,0.279,0.295,17.602,18.152,20.252
2023-08-13 15:00:00,14.602,44.073437,0.93073887,0.305,0.279,0.295,16.902,18.152,20.252
2023-08-13 16:00:00,14.152,46.845768,0.8592531,0.304,0.279,0.295,16.402,18.102,20.202
2023-08-13 17:00:00,13.552,49.926258,0.77855563,0.304,0.279,0.295,15.852,18.002,20.202
2023-08-13 18:00:00,13.402,51.493862,0.7468556,0.304,0.279,0.295,15.552,17.952,20.152
2023-08-13 19:00:00,13.552,51.17329,0.7591626,0.304,0.279,0.295,15.352,17.852,20.152
2023-08-13 20:00:00,12.952,53.779785,0.6910778,0.304,0.279,0.295,14.952,17.752,20.152
2023-08-13 21:00:00,12.852,54.514362,0.6756636,0.304,0.279,0.295,14.752,17.652,20.102
2023-08-13 22:00:00,12.902,54.719254,0.67482084,0.304,0.28,0.295,14.652,17.552,20.102
2023-08-13 23:00:00,12.702,55.830505,0.6497049,0.304,0.28,0.295,14.502,17.452,20.052
2023-08-14 00:00:00,12.602,56.791435,0.6314206,0.304,0.28,0.295,14.402,17.302,20.052
2023-08-14 01:00:00,12.502,58.786728,0.5983252,0.304,0.28,0.295,14.302,17.202,20.052
2023-08-14 02:00:00,13.402,56.79731,0.6651817,0.303,0.28,0.295,14.902,17.152,20.002
2023-08-14 03:00:00,14.802,52.41691,0.8021188,0.303,0.28,0.295,16.302,17.152,20.002
2023-08-14 04:00:00,16.102,46.08876,0.98771906,0.303,0.28,0.295,17.802,17.202,19.952
2023-08-14 05:00:00,17.102,37.967445,1.2110364,0.302,0.28,0.295,19.402,17.352,19.952
2023-08-14 06:00:00,17.952,33.510193,1.3695087,0.301,0.28,0.295,20.702,17.552,19.902
2023-08-14 07:00:00,18.902,31.80031,1.4907794,0.3,0.28,0.295,22.002,17.802,19.902
2023-08-14 08:00:00,19.652,30.349709,1.5951664,0.299,0.28,0.295,23.002,18.052,19.902
2023-08-14 09:00:00,20.402,29.180744,1.6989043,0.298,0.28,0.295,23.752,18.352,19.852
2023-08-14 10:00:00,20.852,28.080109,1.7737528,0.297,0.279,0.295,24.002,18.602,19.852
2023-08-14 11:00:00,21.052,26.18979,1.8428813,0.297,0.279,0.295,23.802,18.852,19.852
2023-08-14 12:00:00,20.852,26.228813,1.8194382,0.296,0.279,0.295,22.952,19.052,19.852
2023-08-14 13:00:00,20.302,28.533144,1.7039115,0.296,0.279,0.295,21.902,19.202,19.802
2023-08-14 14:00:00,19.502,31.633364,1.5512543,0.295,0.279,0.295,20.852,19.302,19.802
2023-08-14 15:00:00,18.702,34.69897,1.409688,0.295,0.279,0.295,19.902,19.352,19.802
2023-08-14 16:00:00,17.402,39.562084,1.2024565,0.295,0.279,0.295,18.902,19.302,19.802
2023-08-14 17:00:00,16.602,42.95717,1.0788746,0.295,0.279,0.295,18.102,19.252,19.802
2023-08-14 18:00:00,16.552,46.21548,1.0140028,0.295,0.28,0.295,17.702,19.202,19.752
2023-08-14 19:00:00,16.402,50.70552,0.9205082,0.295,0.28,0.295,17.402,19.152,19.752
2023-08-14 20:00:00,15.902,57.428474,0.7700145,0.295,0.28,0.295,17.102,19.052,19.752
2023-08-14 21:00:00,15.252,64.29774,0.6194377,0.295,0.28,0.295,16.752,18.952,19.752
2023-08-14 22:00:00,14.652,70.53472,0.49186397,0.295,0.28,0.295,16.352,18.852,19.702
2023-08-14 23:00:00,13.952,77.09046,0.36550474,0.295,0.28,0.295,15.902,18.702,19.702
2023-08-15 00:00:00,13.352,82.60226,0.26695335,0.295,0.28,0.295,15.502,18.602,19.702
2023-08-15 01:00:00,13.352,84.830894,0.2327528,0.295,0.28,0.295,15.402,18.452,19.702
2023-08-15 02:00:00,14.752,79.03097,0.35227132,0.295,0.28,0.295,16.252,18.352,19.652
2023-08-15 03:00:00,16.502,69.72309,0.5688832,0.294,0.28,0.295,17.752,18.352,19.652
2023-08-15 04:00:00,18.002,59.52387,0.83612144,0.294,0.28,0.295,19.352,18.402,19.652
2023-08-15 05:00:00,19.702,48.224686,1.1892486,0.294,0.28,0.295,21.252,18.552,19.602
2023-08-15 06:00:00,20.852,40.276463,1.4727639,0.293,0.28,0.295,22.752,18.752,19.602
2023-08-15 07:00:00,21.352,39.597984,1.5358472,0.292,0.28,0.295,23.052,19.002,19.602
2023-08-15 08:00:00,21.602,37.810936,1.6056623,0.292,0.28,0.295,23.402,19.202,19.602
2023-08-15 09:00:00,21.652,36.54537,1.6433718,0.291,0.279,0.295,23.302,19.402,19.602
2023-08-15 10:00:00,21.752,35.70104,1.6754448,0.291,0.279,0.295,23.352,19.552,19.552
2023-08-15 11:00:00,21.852,35.483685,1.6913908,0.29,0.279,0.295,23.502,19.752,19.552
2023-08-15 12:00:00,20.852,37.987656,1.5292475,0.291,0.279,0.295,22.702,19.852,19.552
2023-08-15 13:00:00,19.752,43.40478,1.3040633,0.29,0.279,0.295,21.802,19.952,19.552
2023-08-15 14:00:00,18.452,50.910446,1.043139,0.29,0.279,0.295,20.752,20.002,19.552
2023-08-15 15:00:00,17.102,58.118683,0.8174962,0.29,0.279,0.295,19.652,19.952,19.552
2023-08-15 16:00:00,16.152,63.635906,0.66826344,0.29,0.279,0.295,18.702,19.902,19.502
2023-08-15 17:00:00,15.402,67.89389,0.5624062,0.29,0.279,0.295,17.902,19.802,19.502
2023-08-15 18:00:00,14.152,74.33416,0.41482294,0.29,0.279,0.295,17.002,19.652,19.502
2023-08-15 19:00:00,13.352,71.243004,0.441288,0.29,0.28,0.295,16.152,19.502,19.502
2023-08-15 20:00:00,12.602,75.58675,0.35672283,0.29,0.28,0.295,15.552,19.352,19.502
2023-08-15 21:00:00,11.852,79.94647,0.27893126,0.29,0.28,0.295,14.952,19.152,19.502
2023-08-15 22:00:00,11.202,83.739174,0.21667123,0.29,0.28,0.295,14.402,18.902,19.452
2023-08-15 23:00:00,10.752,86.27854,0.17745674,0.29,0.28,0.295,13.952,18.702,19.452
2023-08-16 00:00:00,10.402,88.3132,0.14766264,0.29,0.28,0.295,13.552,18.502,19.452
2023-08-16 01:00:00,10.502,88.3219,0.14853859,0.29,0.28,0.295,13.502,18.252,19.452
2023-08-16 02:00:00,13.052,75.40667,0.37007916,0.29,0.28,0.295,14.802,18.152,19.402
2023-08-16 03:00:00,15.352,63.670547,0.6343757,0.29,0.28,0.295,16.852,18.102,19.402
2023-08-16 04:00:00,17.102,53.20922,0.91336846,0.289,0.28,0.295,18.902,18.152,19.402
2023-08-16 05:00:00,18.352,46.879745,1.121797,0.289,0.28,0.295,20.702,18.252,19.402
2023-08-16 06:00:00,19.502,42.44929,1.305706,0.288,0.279,0.295,22.502,18.502,19.352
2023-08-16 07:00:00,20.852,39.050014,1.5030303,0.288,0.279,0.295,24.202,18.752,19.352
2023-08-16 08:00:00,21.652,36.92525,1.6335256,0.287,0.279,0.295,25.552,19.052,19.352
2023-08-16 09:00:00,22.402,35.032543,1.7611444,0.286,0.279,0.295,26.552,19.402,19.352
2023-08-16 10:00:00,22.902,33.63569,1.854347,0.285,0.279,0.295,26.952,19.752,19.352
2023-08-16 11:00:00,23.102,32.774967,1.9012456,0.285,0.279,0.295,26.802,20.052,19.352
2023-08-16 12:00:00,23.002,32.633392,1.8937864,0.284,0.279,0.295,26.152,20.352,19.302
2023-08-16 13:00:00,22.652,33.217735,1.838026,0.284,0.279,0.295,25.052,20.552,19.302
2023-08-16 14:00:00,21.852,37.237713,1.6453688,0.284,0.279,0.295,23.552,20.652,19.302
2023-08-16 15:00:00,20.802,39.98673,1.4753772,0.284,0.279,0.295,21.802,20.702,19.302
2023-08-16 16:00:00,18.452,47.55473,1.1144861,0.284,0.279,0.295,20.052,20.652,19.302
2023-08-16 17:00:00,16.402,54.497913,0.84966373,0.284,0.279,0.295,18.752,20.552,19.302
2023-08-16 18:00:00,15.252,59.66572,0.6998297,0.284,0.279,0.295,17.752,20.402,19.302
2023-08-16 19:00:00,14.302,62.145275,0.61784184,0.284,0.279,0.295,16.902,20.202,19.302
2023-08-16 20:00:00,13.752,64.1808,0.5641612,0.284,0.279,0.295,16.202,20.002,19.302
2023-08-16 21:00:00,13.302,65.86213,0.52217567,0.284,0.279,0.295,15.652,19.802,19.302
2023-08-16 22:00:00,12.902,68.06924,0.47583318,0.284,0.279,0.295,15.202,19.602,19.302
2023-08-16 23:00:00,12.702,69.20237,0.45298302,0.284,0.279,0.295,14.902,19.402,19.302
2023-08-17 00:00:00,12.452,70.82855,0.42209303,0.284,0.279,0.295,14.552,19.152,19.252
2023-08-17 01:00:00,12.902,71.157166,0.42980874,0.284,0.279,0.295,14.752,18.952,19.252
2023-08-17 02:00:00,16.102,59.264786,0.74624157,0.283,0.279,0.295,16.302,18.852,19.252
2023-08-17 03:00:00,18.752,50.646397,1.0685903,0.283,0.279,0.295,18.502,18.852,19.252
2023-08-17 04:00:00,21.302,42.958817,1.4458985,0.283,0.279,0.295,20.702,18.952,19.252
2023-08-17 05:00:00,23.152,37.353764,1.7769828,0.283,0.279,0.295,22.652,19.102,19.202
2023-08-17 06:00:00,24.502,33.51387,2.045165,0.282,0.279,0.295,24.402,19.352,19.202
2023-08-17 07:00:00,25.402,32.418987,2.1932387,0.282,0.279,0.295,25.852,19.652,19.202
2023-08-17 08:00:00,26.102,31.3136,2.3233733,0.281,0.279,0.295,26.902,19.952,19.202
2023-08-17 09:00:00,26.602,29.686111,2.449551,0.281,0.279,0.294,27.402,20.302,19.202
2023-08-17 10:00:00,26.252,30.512934,2.371368,0.28,0.279,0.294,26.702,20.552,19.202
2023-08-17 11:00:00,25.952,31.808475,2.286284,0.28,0.279,0.294,25.952,20.802,19.202
2023-08-17 12:00:00,25.802,32.864494,2.2309759,0.28,0.279,0.294,25.552,20.952,19.202
2023-08-17 13:00:00,25.402,36.61684,2.0568476,0.279,0.279,0.294,25.002,21.152,19.202
2023-08-17 14:00:00,24.452,41.157818,1.8043993,0.279,0.279,0.294,24.102,21.252,19.202
2023-08-17 15:00:00,22.902,45.79043,1.514442,0.279,0.279,0.294,22.902,21.302,19.202
2023-08-17 16:00:00,21.402,49.83807,1.2791965,0.279,0.279,0.294,21.852,21.302,19.202
2023-08-17 17:00:00,20.402,53.175533,1.1229763,0.279,0.279,0.294,21.052,21.252,19.202
2023-08-17 18:00:00,19.352,57.129692,0.96345925,0.279,0.279,0.294,20.302,21.152,19.202
2023-08-17 19:00:00,18.002,60.325005,0.81956494,0.279,0.279,0.294,19.402,21.052,19.202
2023-08-17 20:00:00,17.152,62.801838,0.7283462,0.279,0.279,0.294,18.752,20.952,19.202
2023-08-17 21:00:00,16.502,64.358795,0.66971064,0.279,0.279,0.294,18.202,20.802,19.202
2023-08-17 22:00:00,15.902,66.64392,0.6032808,0.279,0.279,0.294,17.752,20.652,19.202
2023-08-17 23:00:00,15.302,69.72001,0.5270225,0.279,0.279,0.294,17.302,20.452,19.202
2023-08-18 00:00:00,14.752,72.959755,0.45428944,0.279,0.279,0.294,16.902,20.302,19.202
2023-08-18 01:00:00,14.752,74.93613,0.4210782,0.279,0.279,0.294,16.752,20.102,19.202
2023-08-18 02:00:00,16.352,70.39173,0.5510415,0.279,0.279,0.294,17.652,20.002,19.202
2023-08-18 03:00:00,18.702,62.52933,0.80866504,0.278,0.279,0.294,19.402,19.952,19.202
2023-08-18 04:00:00,21.202,53.55986,1.1698244,0.278,0.279,0.294,21.502,20.002,19.202
2023-08-18 05:00:00,23.402,44.872723,1.5872475,0.278,0.279,0.294,23.702,20.152,19.152
2023-08-18 06:00:00,24.852,40.454147,1.8700721,0.277,0.279,0.294,25.652,20.402,19.152
2023-08-18 07:00:00,26.252,36.246532,2.1754596,0.277,0.279,0.294,27.452,20.702,19.152
2023-08-18 08:00:00,26.402,35.449474,2.222231,0.277,0.279,0.294,28.152,21.002,19.152
2023-08-18 09:00:00,26.702,34.134815,2.3078861,0.276,0.279,0.294,28.752,21.352,19.152
2023-08-18 10:00:00,27.002,32.75822,2.398007,0.276,0.279,0.294,29.252,21.652,19.152
2023-08-18 11:00:00,26.902,32.291916,2.4005504,0.275,0.279,0.294,29.002,21.952,19.202
2023-08-18 12:00:00,26.502,32.507946,2.337339,0.275,0.279,0.294,28.252,22.202,19.202
2023-08-18 13:00:00,25.902,33.4542,2.2244608,0.275,0.279,0.294,27.252,22.402,19.202
2023-08-18 14:00:00,24.402,38.47826,1.8810306,0.275,0.279,0.294,25.752,22.502,19.202
2023-08-18 15:00:00,22.252,42.935596,1.5327151,0.274,0.279,0.294,23.952,22.502,19.202
2023-08-18 16:00:00,20.802,45.824287,1.3317671,0.274,0.279,0.294,22.652,22.452,19.202
2023-08-18 17:00:00,19.752,48.401886,1.1888509,0.274,0.279,0.294,21.602,22.402,19.202
2023-08-18 18:00:00,18.702,52.199547,1.0317199,0.274,0.279,0.294,20.702,22.252,19.202
2023-08-18 19:00:00,17.802,54.12193,0.93593633,0.274,0.279,0.294,19.902,22.102,19.202
2023-08-18 20:00:00,17.052,57.910336,0.81897223,0.274,0.279,0.294,19.252,21.952,19.252
2023-08-18 21:00:00,16.402,61.17055,0.7250217,0.274,0.279,0.294,18.652,21.752,19.252
2023-08-18 22:00:00,15.652,64.82235,0.6261618,0.274,0.279,0.294,18.102,21.552,19.252
2023-08-18 23:00:00,14.802,68.92198,0.523826,0.274,0.279,0.294,17.502,21.352,19.252
2023-08-19 00:00:00,14.452,70.9723,0.47835112,0.274,0.279,0.294,16.852,21.102,19.252
2023-08-19 01:00:00,14.752,71.268295,0.48271358,0.274,0.279,0.294,16.602,20.902,19.252
2023-08-19 02:00:00,16.652,67.47293,0.61702013,0.274,0.279,0.294,17.902,20.752,19.252
2023-08-19 03:00:00,20.052,52.55495,1.1135709,0.274,0.279,0.294,20.652,20.702,19.252
2023-08-19 04:00:00,23.052,43.887863,1.5819056,0.274,0.279,0.294,23.352,20.802,19.252
2023-08-19 05:00:00,25.302,35.73665,2.0731118,0.273,0.279,0.294,25.802,21.002,19.252
2023-08-19 06:00:00,26.752,29.125095,2.4909697,0.273,0.279,0.294,27.902,21.302,19.252
2023-08-19 07:00:00,28.302,26.238361,2.8380117,0.273,0.279,0.294,29.652,21.652,19.252
2023-08-19 08:00:00,29.152,24.467886,3.05268,0.272,0.279,0.294,30.802,22.002,19.252
2023-08-19 09:00:00,29.652,23.367186,3.1876507,0.272,0.279,0.294,31.452,22.402,19.252
2023-08-19 10:00:00,29.952,22.575445,3.2765553,0.271,0.279,0.294,31.652,22.752,19.252
2023-08-19 11:00:00,29.902,22.1767,3.2840343,0.271,0.279,0.294,31.352,23.102,19.252
2023-08-19 12:00:00,29.552,22.317448,3.212877,0.27,0.279,0.294,30.602,23.402,19.252
2023-08-19 13:00:00,28.902,23.65696,3.041315,0.27,0.279,0.294,29.452,23.602,19.302
2023-08-19 14:00:00,27.502,28.062027,2.6418478,0.27,0.279,0.294,27.802,23.752,19.302
2023-08-19 15:00:00,25.652,31.61625,2.2524343,0.27,0.279,0.294,25.952,23.752,19.302
2023-08-19 16:00:00,23.702,35.88943,1.8797708,0.27,0.279,0.294,24.452,23.752,19.302
2023-08-19 17:00:00,22.002,40.328613,1.5786241,0.27,0.279,0.294,23.102,23.652,19.302
2023-08-19 18:00:00,20.602,44.24243,1.3539366,0.27,0.279,0.294,22.102,23.502,19.352
2023-08-19 19:00:00,19.502,46.719154,1.2087743,0.27,0.279,0.294,21.252,23.352,19.352
2023-08-19 20:00:00,18.752,50.13357,1.0796999,0.269,0.279,0.294,20.602,23.202,19.352
2023-08-19 21:00:00,18.002,54.173794,0.94669366,0.269,0.279,0.294,20.002,23.002,19.352
2023-08-19 22:00:00,17.252,58.54909,0.816792,0.269,0.279,0.294,19.452,22.802,19.352
2023-08-19 23:00:00,16.702,62.69918,0.7098557,0.269,0.279,0.294,18.952,22.552,19.352
2023-08-20 00:00:00,16.352,67.18617,0.6107197,0.269,0.279,0.294,18.502,22.352,19.352
2023-08-20 01:00:00,16.652,70.68309,0.5561067,0.269,0.279,0.294,18.502,22.152,19.402
2023-08-20 02:00:00,18.702,68.56348,0.6783898,0.269,0.279,0.294,19.502,21.952,19.402
2023-08-20 03:00:00,20.252,69.54221,0.72357476,0.271,0.279,0.294,21.052,21.902,19.402
2023-08-20 04:00:00,21.002,69.91129,0.74852383,0.273,0.279,0.294,21.952,21.852,19.402
2023-08-20 05:00:00,22.402,63.972496,0.9762008,0.273,0.279,0.294,23.052,21.902,19.402
2023-08-20 06:00:00,23.802,57.286457,1.2594743,0.273,0.279,0.294,24.802,22.002,19.402
2023-08-20 07:00:00,22.852,66.57219,0.9307277,0.283,0.279,0.294,26.252,22.152,19.402
2023-08-20 08:00:00,22.552,67.14976,0.89818966,0.286,0.279,0.294,25.552,22.252,19.402
2023-08-20 09:00:00,23.202,63.9422,1.0254275,0.287,0.279,0.294,25.402,22.352,19.402
2023-08-20 10:00:00,23.302,63.152527,1.0542301,0.288,0.279,0.294,25.802,22.452,19.402
2023-08-20 11:00:00,22.502,67.35399,0.8899032,0.291,0.279,0.294,25.302,22.552,19.402
2023-08-20 12:00:00,20.952,76.43923,0.5842755,0.31,0.279,0.294,24.102,22.602,19.402
2023-08-20 13:00:00,19.402,87.38741,0.28421974,0.352,0.279,0.294,22.902,22.552,19.452
2023-08-20 14:00:00,18.352,94.79409,0.10987568,0.368,0.279,0.294,21.852,22.502,19.452
2023-08-20 15:00:00,17.702,95.67405,0.08765626,0.375,0.279,0.294,21.002,22.352,19.452
2023-08-20 16:00:00,17.352,95.66266,0.08597219,0.379,0.28,0.294,20.402,22.252,19.452
2023-08-20 17:00:00,17.002,95.34704,0.090214014,0.38,0.28,0.294,19.902,22.102,19.452
2023-08-20 18:00:00,16.602,95.943985,0.07667279,0.38,0.28,0.294,19.502,21.902,19.452
2023-08-20 19:00:00,16.502,91.43795,0.16083753,0.38,0.28,0.294,19.052,21.752,19.452
2023-08-20 20:00:00,16.152,90.82822,0.1685034,0.38,0.28,0.294,18.652,21.552,19.452
2023-08-20 21:00:00,15.802,91.393524,0.15462911,0.38,0.28,0.294,18.352,21.402,19.452
2023-08-20 22:00:00,15.602,91.67695,0.14763916,0.38,0.28,0.294,18.052,21.202,19.452
2023-08-20 23:00:00,15.302,91.95606,0.13997495,0.379,0.28,0.294,17.802,21.002,19.452
2023-08-21 00:00:00,15.102,92.54282,0.12811029,0.379,0.28,0.294,17.602,20.802,19.452
2023-08-21 01:00:00,15.052,92.84079,0.12259698,0.379,0.28,0.294,17.452,20.652,19.452
2023-08-21 02:00:00,15.752,90.80111,0.16474736,0.378,0.281,0.294,17.802,20.502,19.452
2023-08-21 03:00:00,17.152,84.14498,0.31037033,0.378,0.281,0.294,18.752,20.402,19.452
2023-08-21 04:00:00,18.802,76.83883,0.50288415,0.377,0.281,0.294,19.952,20.352,19.452
2023-08-21 05:00:00,20.802,67.22325,0.8054863,0.376,0.281,0.294,21.902,20.402,19.452
2023-08-21 06:00:00,22.352,59.003803,1.1075588,0.374,0.281,0.294,23.702,20.552,19.402
2023-08-21 07:00:00,24.252,48.017704,1.5749115,0.372,0.281,0.294,25.202,20.752,19.402
2023-08-21 08:00:00,25.202,44.192,1.7894101,0.369,0.281,0.294,26.452,21.052,19.402
2023-08-21 09:00:00,25.552,41.740788,1.9072638,0.366,0.281,0.294,26.852,21.302,19.402
2023-08-21 10:00:00,26.002,39.58054,2.0313928,0.364,0.281,0.294,27.252,21.552,19.402
2023-08-21 11:00:00,26.152,38.076286,2.100532,0.362,0.281,0.294,27.202,21.802,19.402
2023-08-21 12:00:00,26.002,37.907623,2.0877073,0.36,0.281,0.294,26.802,22.002,19.452
2023-08-21 13:00:00,25.502,40.906746,1.9288783,0.359,0.281,0.294,25.902,22.152,19.452
2023-08-21 14:00:00,23.902,49.19835,1.5071913,0.359,0.281,0.294,24.552,22.202,19.452
2023-08-21 15:00:00,21.902,55.716225,1.1641651,0.359,0.281,0.294,23.002,22.202,19.452
2023-08-21 16:00:00,20.602,60.14259,0.9676317,0.358,0.281,0.294,21.902,22.152,19.452
2023-08-21 17:00:00,20.002,62.618176,0.8745564,0.358,0.281,0.294,21.202,22.102,19.452
2023-08-21 18:00:00,19.302,65.8288,0.7654916,0.358,0.281,0.294,20.602,21.952,19.452
2023-08-21 19:00:00,19.302,63.07941,0.82711184,0.357,0.282,0.294,20.202,21.852,19.452
2023-08-21 20:00:00,19.052,62.608852,0.8247403,0.357,0.282,0.294,19.852,21.752,19.452
2023-08-21 21:00:00,18.852,61.130978,0.8467412,0.357,0.282,0.294,19.552,21.602,19.452
2023-08-21 22:00:00,18.802,58.535027,0.90050983,0.357,0.282,0.294,19.302,21.452,19.452
2023-08-21 23:00:00,19.002,54.798447,0.994012,0.356,0.282,0.294,19.152,21.302,19.452
2023-08-22 00:00:00,19.252,51.644356,1.0800786,0.356,0.282,0.294,19.102,21.202,19.452
2023-08-22 01:00:00,19.252,52.52112,1.0604842,0.356,0.282,0.294,19.102,21.052,19.452
2023-08-22 02:00:00,20.252,54.209026,1.088071,0.355,0.282,0.294,19.702,21.002,19.452
2023-08-22 03:00:00,22.002,52.19544,1.2644619,0.354,0.282,0.294,21.102,20.952,19.452
2023-08-22 04:00:00,23.302,50.675987,1.4114949,0.353,0.282,0.294,22.802,21.052,19.452
2023-08-22 05:00:00,24.602,48.11198,1.605254,0.351,0.282,0.294,24.452,21.152,19.452
2023-08-22 06:00:00,25.802,43.067314,1.8915566,0.349,0.282,0.294,25.952,21.352,19.452
2023-08-22 07:00:00,26.902,36.55086,2.2493567,0.347,0.282,0.293,27.202,21.602,19.452
2023-08-22 08:00:00,27.352,35.716724,2.3397777,0.344,0.282,0.293,28.052,21.902,19.452
2023-08-22 09:00:00,27.552,36.010895,2.3564072,0.342,0.282,0.293,28.552,22.202,19.452
2023-08-22 10:00:00,27.502,36.35655,2.3368342,0.34,0.282,0.293,28.652,22.452,19.452
2023-08-22 11:00:00,27.252,36.89289,2.283526,0.338,0.282,0.293,28.402,22.702,19.452
2023-08-22 12:00:00,26.752,37.99253,2.1789289,0.337,0.282,0.293,27.802,22.902,19.502
2023-08-22 13:00:00,25.902,40.883385,1.9758394,0.336,0.282,0.293,26.802,23.002,19.502
2023-08-22 14:00:00,24.302,47.094852,1.6076964,0.335,0.282,0.293,25.402,23.102,19.502
2023-08-22 15:00:00,22.752,52.219296,1.3226527,0.335,0.282,0.293,23.952,23.102,19.502
2023-08-22 16:00:00,21.652,56.203968,1.1339287,0.335,0.282,0.293,22.852,23.002,19.502
2023-08-22 17:00:00,20.352,62.085354,0.9063878,0.335,0.282,0.293,21.902,22.902,19.502
2023-08-22 18:00:00,19.052,67.3011,0.7212,0.335,0.282,0.293,20.952,22.802,19.502
2023-08-22 19:00:00,18.302,66.26766,0.709983,0.334,0.282,0.293,20.202,22.602,19.502
2023-08-22 20:00:00,17.952,66.41265,0.69159174,0.334,0.282,0.293,19.752,22.452,19.552
2023-08-22 21:00:00,17.702,66.80039,0.67295194,0.334,0.282,0.293,19.402,22.252,19.552
2023-08-22 22:00:00,17.502,67.20202,0.6564932,0.334,0.282,0.293,19.102,22.052,19.552
2023-08-22 23:00:00,17.302,68.05619,0.6313801,0.334,0.282,0.293,18.902,21.902,19.552
2023-08-23 00:00:00,17.202,68.48785,0.6189275,0.334,0.282,0.293,18.702,21.702,19.552
2023-08-23 01:00:00,17.302,68.734856,0.61796117,0.334,0.282,0.293,18.602,21.552,19.552
2023-08-23 02:00:00,18.852,64.23669,0.7790551,0.333,0.282,0.293,19.302,21.402,19.552
2023-08-23 03:00:00,21.602,55.27666,1.1544274,0.333,0.282,0.293,20.952,21.352,19.552
2023-08-23 04:00:00,24.552,46.54775,1.6487705,0.332,0.282,0.293,22.952,21.402,19.552
2023-08-23 05:00:00,27.152,38.866287,2.1991274,0.33,0.282,0.293,25.102,21.552,19.552
2023-08-23 06:00:00,29.052,32.892204,2.6960907,0.328,0.282,0.293,26.952,21.752,19.552
2023-08-23 07:00:00,30.702,27.33946,3.2092295,0.326,0.282,0.293,28.602,22.052,19.552
2023-08-23 08:00:00,29.602,27.876455,2.9911633,0.33,0.282,0.293,28.952,22.352,19.552
2023-08-23 09:00:00,27.602,35.905743,2.367177,0.33,0.282,0.293,27.752,22.552,19.552
2023-08-23 10:00:00,27.352,37.660576,2.2689314,0.329,0.282,0.293,27.352,22.752,19.552
2023-08-23 11:00:00,28.102,33.287292,2.5367823,0.328,0.282,0.293,27.702,22.952,19.552
2023-08-23 12:00:00,28.602,30.44394,2.7228818,0.326,0.282,0.293,27.802,23.102,19.602
2023-08-23 13:00:00,28.102,31.872194,2.5906727,0.325,0.282,0.293,27.152,23.252,19.602
2023-08-23 14:00:00,26.402,36.167835,2.1974688,0.325,0.282,0.293,25.902,23.352,19.602
2023-08-23 15:00:00,24.302,40.434414,1.8103088,0.325,0.282,0.293,24.552,23.352,19.602
2023-08-23 16:00:00,23.252,46.039326,1.5396569,0.325,0.282,0.293,23.652,23.302,19.602
2023-08-23 17:00:00,22.302,53.31509,1.2575403,0.325,0.282,0.293,23.052,23.252,19.602
2023-08-23 18:00:00,20.802,59.992992,0.9832734,0.325,0.282,0.293,22.152,23.152,19.602
2023-08-23 19:00:00,20.602,52.87455,1.1441963,0.325,0.282,0.293,21.652,23.002,19.652
2023-08-23 20:00:00,20.152,54.36399,1.0777183,0.324,0.282,0.293,21.152,22.902,19.652
2023-08-23 21:00:00,19.902,55.580334,1.0329038,0.324,0.282,0.293,20.752,22.752,19.652
2023-08-23 22:00:00,19.902,56.8874,1.002493,0.324,0.282,0.293,20.602,22.602,19.652
2023-08-23 23:00:00,19.902,58.414303,0.96696854,0.324,0.282,0.293,20.452,22.452,19.652
2023-08-24 00:00:00,19.752,60.139698,0.9182677,0.324,0.282,0.293,20.252,22.302,19.652
2023-08-24 01:00:00,18.902,67.490814,0.7103492,0.326,0.282,0.293,20.102,22.152,19.652
2023-08-24 02:00:00,18.552,73.63239,0.56366515,0.328,0.282,0.293,20.052,22.052,19.652
2023-08-24 03:00:00,18.902,74.17193,0.5643134,0.332,0.282,0.293,20.452,21.952,19.652
2023-08-24 04:00:00,19.252,75.43819,0.54844975,0.341,0.282,0.293,20.802,21.852,19.652
2023-08-24 05:00:00,19.652,74.060814,0.59376526,0.345,0.282,0.293,21.452,21.802,19.652
2023-08-24 06:00:00,20.652,68.50704,0.76682615,0.345,0.282,0.293,22.102,21.802,19.652
2023-08-24 07:00:00,18.602,76.559875,0.50263226,0.379,0.282,0.293,22.402,21.802,19.652
2023-08-24 08:00:00,19.402,71.664314,0.6386696,0.378,0.282,0.293,22.252,21.802,19.652
2023-08-24 09:00:00,19.802,69.00589,0.716143,0.377,0.282,0.293,22.852,21.802,19.652
2023-08-24 10:00:00,18.902,72.27313,0.6058148,0.376,0.282,0.293,22.702,21.802,19.652
2023-08-24 11:00:00,17.902,75.46123,0.5036365,0.375,0.282,0.293,22.252,21.802,19.652
2023-08-24 12:00:00,16.952,77.3026,0.43876827,0.374,0.283,0.293,21.452,21.752,19.652
2023-08-24 13:00:00,16.252,77.95858,0.407583,0.374,0.283,0.293,20.652,21.702,19.652
2023-08-24 14:00:00,15.652,78.12498,0.38932693,0.373,0.283,0.293,19.802,21.552,19.652
2023-08-24 15:00:00,15.302,77.04598,0.3994875,0.373,0.283,0.293,19.102,21.402,19.652
2023-08-24 16:00:00,15.252,74.523445,0.44198096,0.373,0.283,0.293,18.652,21.252,19.652
2023-08-24 17:00:00,15.302,71.850395,0.48993385,0.372,0.283,0.293,18.402,21.102,19.652
2023-08-24 18:00:00,15.352,69.96372,0.5244572,0.372,0.283,0.293,18.202,20.952,19.652
2023-08-24 19:00:00,14.252,74.10262,0.42128015,0.372,0.283,0.293,17.702,20.752,19.652
2023-08-24 20:00:00,14.102,73.58061,0.42562604,0.371,0.283,0.293,17.352,20.602,19.652
2023-08-24 21:00:00,13.802,73.28014,0.42218447,0.371,0.283,0.293,16.952,20.402,19.652
2023-08-24 22:00:00,13.452,73.21738,0.41366708,0.371,0.283,0.293,16.602,20.202,19.652
2023-08-24 23:00:00,13.152,72.42347,0.4176935,0.37,0.283,0.293,16.252,20.002,19.652
2023-08-25 00:00:00,12.752,71.85898,0.4152578,0.37,0.283,0.293,15.902,19.802,19.652
2023-08-25 01:00:00,12.402,71.54856,0.41032624,0.37,0.283,0.293,15.552,19.602,19.652
2023-08-25 02:00:00,13.102,65.81863,0.5160713,0.369,0.284,0.293,15.902,19.402,19.602
2023-08-25 03:00:00,14.502,57.869064,0.69659084,0.369,0.284,0.293,17.102,19.302,19.602
2023-08-25 04:00:00,16.252,46.942493,0.9813998,0.367,0.284,0.293,18.702,19.302,19.602
2023-08-25 05:00:00,17.302,38.704414,1.2118573,0.366,0.284,0.293,20.152,19.352,19.602
2023-08-25 06:00:00,18.252,34.323364,1.3784515,0.364,0.284,0.293,21.352,19.452,19.602
2023-08-25 07:00:00,18.752,33.98255,1.4296167,0.362,0.284,0.293,22.052,19.552,19.602
2023-08-25 08:00:00,19.452,31.171263,1.5569056,0.36,0.284,0.293,22.652,19.702,19.552
2023-08-25 09:00:00,19.952,30.43536,1.6230707,0.358,0.284,0.293,22.902,19.852,19.552
2023-08-25 10:00:00,19.902,31.635643,1.5901256,0.357,0.284,0.293,22.602,20.002,19.552
2023-08-25 11:00:00,19.802,33.332184,1.5410763,0.355,0.284,0.293,22.102,20.102,19.552
2023-08-25 12:00:00,19.502,36.052906,1.4509196,0.354,0.284,0.293,21.402,20.152,19.552
2023-08-25 13:00:00,19.152,39.239437,1.3489251,0.354,0.284,0.293,20.752,20.152,19.552
2023-08-25 14:00:00,18.552,43.064423,1.2175485,0.353,0.284,0.293,20.052,20.152,19.552
2023-08-25 15:00:00,17.502,47.94777,1.0420959,0.353,0.284,0.293,19.152,20.102,19.552
2023-08-25 16:00:00,16.402,53.20685,0.8737813,0.353,0.284,0.293,18.352,20.002,19.552
2023-08-25 17:00:00,15.352,56.70428,0.7560606,0.353,0.284,0.293,17.552,19.902,19.502
2023-08-25 18:00:00,14.952,55.636013,0.7550879,0.353,0.284,0.293,16.902,19.752,19.502
2023-08-25 19:00:00,14.652,56.526535,0.7257787,0.353,0.284,0.293,16.552,19.602,19.502
2023-08-25 20:00:00,14.152,57.58218,0.68565804,0.352,0.284,0.293,16.001999,19.402,19.502
2023-08-25 21:00:00,13.902,58.725483,0.65646046,0.352,0.284,0.293,15.652,19.252,19.502
2023-08-25 22:00:00,13.802,59.723312,0.6364465,0.352,0.284,0.293,15.402,19.052,19.502
2023-08-25 23:00:00,13.652,60.725677,0.6145915,0.352,0.284,0.293,15.202,18.852,19.452
2023-08-26 00:00:00,13.752,60.124638,0.6280628,0.352,0.284,0.293,15.152,18.702,19.452
2023-08-26 01:00:00,14.102,58.774887,0.6642216,0.351,0.284,0.293,15.252,18.552,19.452
2023-08-26 02:00:00,15.302,54.39848,0.7937917,0.351,0.284,0.293,15.852,18.452,19.452
2023-08-26 03:00:00,16.852,48.937584,0.98114854,0.351,0.284,0.293,16.902,18.352,19.452
2023-08-26 04:00:00,18.402,44.53519,1.175007,0.35,0.284,0.293,18.202,18.352,19.402
2023-08-26 05:00:00,19.302,45.561707,1.21981,0.349,0.284,0.293,19.552,18.452,19.402
2023-08-26 06:00:00,19.102,51.084473,1.0824479,0.352,0.284,0.293,20.402,18.552,19.402
2023-08-26 07:00:00,18.802,55.486954,0.9667407,0.353,0.284,0.293,20.352,18.652,19.402
2023-08-26 08:00:00,18.852,57.196224,0.93250215,0.359,0.284,0.293,20.502,18.752,19.352
2023-08-26 09:00:00,18.752,60.50238,0.8550936,0.367,0.284,0.293,20.402,18.852,19.352
2023-08-26 10:00:00,19.052,56.486763,0.9598483,0.367,0.284,0.293,20.202,18.902,19.352
2023-08-26 11:00:00,18.802,58.340286,0.90474117,0.369,0.284,0.293,20.202,19.002,19.352
2023-08-26 12:00:00,18.502,61.252373,0.82585704,0.372,0.284,0.293,19.702,19.002,19.352
2023-08-26 13:00:00,18.502,60.042416,0.8516581,0.372,0.285,0.293,19.252,19.052,19.352
2023-08-26 14:00:00,17.802,64.43104,0.7255447,0.371,0.285,0.293,18.752,19.002,19.302
2023-08-26 15:00:00,16.752,71.40695,0.5458201,0.371,0.285,0.293,17.952,18.952,19.302
2023-08-26 16:00:00,16.152,73.452965,0.48780882,0.371,0.285,0.293,17.302,18.902,19.302
2023-08-26 17:00:00,14.952,80.64374,0.3293816,0.372,0.285,0.293,16.852,18.802,19.302
2023-08-26 18:00:00,14.502,83.01757,0.28073072,0.373,0.285,0.293,16.502,18.702,19.302
2023-08-26 19:00:00,14.202,80.008385,0.32414472,0.376,0.285,0.293,16.102,18.602,19.302
2023-08-26 20:00:00,13.852,83.21452,0.2660575,0.377,0.285,0.293,15.802,18.452,19.252
2023-08-26 21:00:00,13.652,85.14537,0.23241436,0.382,0.285,0.293,15.602,18.352,19.252
2023-08-26 22:00:00,13.252,88.26462,0.17889333,0.39,0.285,0.293,15.302,18.202,19.252
2023-08-26 23:00:00,12.952,87.65495,0.18454313,0.394,0.285,0.293,15.052,18.052,19.252
2023-08-27 00:00:00,12.952,87.65495,0.18454313,0.395,0.286,0.293,14.902,17.902,19.202
2023-08-27 01:00:00,12.552,91.48537,0.12399399,0.399,0.286,0.293,14.752,17.802,19.202
2023-08-27 02:00:00,12.952,92.727005,0.10871804,0.406,0.286,0.293,14.952,17.652,19.202
2023-08-27 03:00:00,13.802,89.1888,0.17079961,0.41,0.286,0.293,15.302,17.552,19.202
2023-08-27 04:00:00,15.402,82.31159,0.30980825,0.41,0.286,0.293,16.152,17.502,19.152
2023-08-27 05:00:00,17.102,72.4199,0.538265,0.409,0.287,0.293,17.252,17.552,19.152
2023-08-27 06:00:00,18.202,65.59396,0.7196485,0.412,0.287,0.293,18.702,17.602,19.152
2023-08-27 07:00:00,18.602,61.27568,0.83053255,0.41,0.287,0.293,19.002,17.702,19.152
2023-08-27 08:00:00,18.952,59.950035,0.877933,0.41,0.287,0.293,19.852,17.802,19.102
2023-08-27 09:00:00,19.502,57.54801,0.96297467,0.408,0.287,0.293,20.302,17.952,19.102
2023-08-27 10:00:00,19.552,58.522835,0.9437711,0.409,0.288,0.293,20.452,18.102,19.102
2023-08-27 11:00:00,19.252,60.4199,0.8839717,0.408,0.288,0.293,20.152,18.202,19.102
2023-08-27 12:00:00,17.802,72.7842,0.55510116,0.42,0.288,0.293,19.502,18.302,19.052
2023-08-27 13:00:00,16.702,80.35324,0.37381995,0.448,0.289,0.293,18.702,18.302,19.052
2023-08-27 14:00:00,15.552,84.51478,0.27382898,0.471,0.29,0.293,17.752,18.302,19.052
2023-08-27 15:00:00,14.652,87.233894,0.21307337,0.488,0.292,0.293,17.002,18.252,19.052
2023-08-27 16:00:00,14.052,88.62429,0.182652,0.495,0.296,0.293,16.402,18.152,19.052
2023-08-27 17:00:00,13.402,91.23856,0.13486564,0.484,0.301,0.293,15.952,18.052,19.002
2023-08-27 18:00:00,12.952,93.03325,0.10414004,0.476,0.304,0.293,15.552,17.952,19.002
2023-08-27 19:00:00,12.602,95.189186,0.07028508,0.471,0.306,0.293,15.252,17.802,19.002
2023-08-27 20:00:00,12.002,96.43528,0.050069094,0.466,0.307,0.293,14.852,17.702,19.002
2023-08-27 21:00:00,11.602,97.3881,0.035731792,0.462,0.309,0.293,14.552,17.552,18.952
2023-08-27 22:00:00,11.502,97.709496,0.031129003,0.459,0.31,0.293,14.402,17.402,18.952
2023-08-27 23:00:00,11.352,98.35723,0.022105575,0.456,0.311,0.293,14.252,17.252,18.952
2023-08-28 00:00:00,11.502,98.033844,0.026720762,0.454,0.312,0.293,14.202,17.102,18.952
2023-08-28 01:00:00,11.602,98.03538,0.026876807,0.452,0.312,0.293,14.202,17.002,18.902
2023-08-28 02:00:00,11.952,97.71748,0.03195429,0.454,0.313,0.293,14.352,16.902,18.902
2023-08-28 03:00:00,12.302,96.76215,0.046383023,0.455,0.314,0.293,14.602,16.802,18.902
2023-08-28 04:00:00,12.252,96.44214,0.050800562,0.455,0.315,0.293,14.552,16.702,18.852
2023-08-28 05:00:00,12.802,92.71877,0.1077801,0.454,0.316,0.293,14.852,16.652,18.852
2023-08-28 06:00:00,13.252,87.68208,0.18777418,0.452,0.317,0.293,15.052,16.602,18.852
2023-08-28 07:00:00,13.702,83.19657,0.26376402,0.45,0.317,0.293,15.452,16.552,18.802
2023-08-28 08:00:00,14.352,79.49947,0.33563375,0.448,0.318,0.293,15.952,16.552,18.802
2023-08-28 09:00:00,15.052,74.241455,0.4411775,0.446,0.319,0.293,16.452,16.602,18.802
2023-08-28 10:00:00,15.952,64.45326,0.6449673,0.443,0.319,0.293,17.052,16.652,18.802
2023-08-28 11:00:00,16.802,56.87627,0.82593155,0.441,0.32,0.293,17.552,16.702,18.752
2023-08-28 12:00:00,17.102,53.756348,0.902684,0.438,0.32,0.293,17.702,16.802,18.752
2023-08-28 13:00:00,16.802,54.601643,0.8695148,0.436,0.321,0.293,17.402,16.852,18.752
2023-08-28 14:00:00,15.602,58.14276,0.74272275,0.435,0.321,0.293,16.602,16.852,18.702
2023-08-28 15:00:00,14.902,60.60826,0.66828334,0.433,0.321,0.293,15.902,16.852,18.702
2023-08-28 16:00:00,14.202,63.19368,0.59685636,0.432,0.322,0.293,15.352,16.802,18.702
2023-08-28 17:00:00,13.652,65.042816,0.5470191,0.431,0.322,0.293,14.852,16.752,18.702
2023-08-28 18:00:00,13.252,65.851265,0.52064395,0.429,0.322,0.293,14.502,16.652,18.652
2023-08-28 19:00:00,12.802,67.12207,0.48675954,0.428,0.323,0.293,14.252,16.552,18.652
2023-08-28 20:00:00,12.602,71.34271,0.4187472,0.427,0.323,0.293,14.152,16.452,18.652
2023-08-28 21:00:00,12.552,73.055016,0.39243543,0.426,0.323,0.293,14.102,16.352,18.602
2023-08-28 22:00:00,12.752,71.85898,0.4152578,0.425,0.324,0.293,14.102,16.302,18.602
2023-08-28 23:00:00,12.802,69.69707,0.44862986,0.424,0.324,0.293,14.002,16.202,18.602
2023-08-29 00:00:00,12.902,64.431595,0.5300526,0.423,0.324,0.293,13.802,16.102,18.552
2023-08-29 01:00:00,13.602,57.443714,0.66380286,0.422,0.324,0.293,13.952,16.052,18.552
2023-08-29 02:00:00,13.902,55.945175,0.7006919,0.421,0.325,0.293,14.202,15.952,18.552
2023-08-29 03:00:00,13.302,64.07953,0.54944843,0.426,0.325,0.293,14.402,15.952,18.502
2023-08-29 04:00:00,14.052,65.130974,0.55997336,0.428,0.325,0.293,14.752,15.902,18.502
2023-08-29 05:00:00,15.452,55.002815,0.7908315,0.426,0.325,0.293,15.102,15.902,18.502
2023-08-29 06:00:00,16.102,50.79947,0.901383,0.424,0.326,0.293,15.652,15.902,18.452
2023-08-29 07:00:00,18.652,41.62552,1.2561591,0.422,0.326,0.293,17.202,16.001999,18.452
2023-08-29 08:00:00,18.802,44.956085,1.1955905,0.42,0.326,0.293,17.952,16.152,18.452
2023-08-29 09:00:00,17.852,51.797558,0.9864726,0.419,0.326,0.293,17.652,16.252,18.402
2023-08-29 10:00:00,16.852,58.648983,0.79447794,0.42,0.326,0.293,17.302,16.352,18.402
2023-08-29 11:00:00,16.102,61.931496,0.6973728,0.421,0.326,0.293,16.702,16.402,18.402
2023-08-29 12:00:00,16.502,56.223843,0.8226316,0.421,0.327,0.293,16.252,16.402,18.402
2023-08-29 13:00:00,17.502,47.291325,1.0552442,0.421,0.327,0.293,16.152,16.452,18.352
2023-08-29 14:00:00,18.852,39.289875,1.322855,0.419,0.327,0.293,16.352,16.452,18.352
2023-08-29 15:00:00,19.002,39.74628,1.3252349,0.418,0.327,0.293,16.602,16.502,18.352
2023-08-29 16:00:00,17.652,47.496326,1.0611136,0.417,0.328,0.293,16.452,16.502,18.302
2023-08-29 17:00:00,16.052,58.254086,0.76233137,0.417,0.328,0.293,16.001999,16.502,18.302
2023-08-29 18:00:00,14.952,68.489685,0.5362619,0.418,0.328,0.293,15.602,16.502,18.302
2023-08-29 19:00:00,13.202,80.94468,0.2895496,0.418,0.328,0.293,15.052,16.452,18.302
2023-08-29 20:00:00,12.902,81.17595,0.2804923,0.418,0.328,0.293,14.602,16.352,18.252
2023-08-29 21:00:00,12.552,81.40234,0.27084768,0.417,0.329,0.293,14.202,16.302,18.252
2023-08-29 22:00:00,12.602,80.05206,0.29146767,0.416,0.329,0.293,14.052,16.202,18.252
2023-08-29 23:00:00,12.552,80.04505,0.29061723,0.42,0.329,0.293,13.952,16.102,18.252
2023-08-30 00:00:00,12.202,84.988754,0.2136513,0.426,0.329,0.293,13.752,16.001999,18.202
2023-08-30 01:00:00,12.502,85.877975,0.20498776,0.432,0.33,0.293,13.652,15.952,18.202
2023-08-30 02:00:00,12.952,85.6386,0.21468842,0.433,0.33,0.293,13.702,15.852,18.202
2023-08-30 03:00:00,13.702,84.029175,0.25069296,0.433,0.33,0.293,14.002,15.802,18.152
2023-08-30 04:00:00,14.702,81.14477,0.31573677,0.435,0.331,0.293,14.652,15.752,18.152
2023-08-30 05:00:00,14.252,81.89556,0.29449093,0.457,0.331,0.293,14.902,15.752,18.152
2023-08-30 06:00:00,15.102,73.02271,0.46354198,0.458,0.332,0.293,15.302,15.752,18.102
2023-08-30 07:00:00,14.852,77.23142,0.38497746,0.455,0.333,0.293,15.402,15.802,18.102
2023-08-30 08:00:00,15.852,71.23795,0.5185139,0.453,0.333,0.293,16.502,15.852,18.102
2023-08-30 09:00:00,16.902,59.05873,0.78909576,0.449,0.334,0.293,17.352,15.952,18.102
2023-08-30 10:00:00,17.752,47.687828,1.0639129,0.446,0.334,0.293,18.152,16.102,18.052
2023-08-30 11:00:00,18.002,40.437756,1.2306173,0.442,0.335,0.293,18.452,16.252,18.052
2023-08-30 12:00:00,17.902,36.743767,1.2987934,0.439,0.335,0.293,18.202,16.352,18.052
2023-08-30 13:00:00,16.852,40.24727,1.1482035,0.437,0.335,0.293,17.452,16.452,18.052
2023-08-30 14:00:00,15.202,47.473427,0.9085329,0.436,0.336,0.293,16.452,16.452,18.002
2023-08-30 15:00:00,13.852,54.96775,0.7139234,0.434,0.336,0.293,15.502,16.452,18.002
2023-08-30 16:00:00,13.152,60.605675,0.59673685,0.433,0.336,0.293,14.802,16.402,18.002
2023-08-30 17:00:00,12.452,65.67677,0.49665034,0.432,0.337,0.293,14.252,16.302,18.002
2023-08-30 18:00:00,12.102,67.669624,0.45718354,0.431,0.337,0.293,13.902,16.202,17.952
2023-08-30 19:00:00,11.402,67.05605,0.44485193,0.43,0.337,0.293,13.452,16.102,17.952
2023-08-30 20:00:00,11.502,66.15351,0.46007133,0.429,0.338,0.293,13.252,15.952,17.952
2023-08-30 21:00:00,11.452,66.14264,0.45870137,0.428,0.338,0.293,13.102,15.852,17.952
2023-08-30 22:00:00,11.802,65.30734,0.4810019,0.427,0.338,0.293,13.152,15.752,17.902
2023-08-30 23:00:00,12.352,63.204304,0.5289526,0.426,0.338,0.293,13.402,15.652,17.902
2023-08-31 00:00:00,12.252,65.181046,0.49725682,0.425,0.339,0.293,13.402,15.552,17.902
2023-08-31 01:00:00,12.052,69.30889,0.43257457,0.425,0.339,0.293,13.352,15.502,17.852
2023-08-31 02:00:00,11.902,74.70171,0.35305357,0.425,0.339,0.293,13.352,15.402,17.852
2023-08-31 03:00:00,11.802,78.32969,0.30043137,0.427,0.339,0.293,13.552,15.352,17.852
2023-08-31 04:00:00,11.952,81.04889,0.26533675,0.428,0.34,0.293,13.902,15.302,17.802
2023-08-31 05:00:00,13.452,75.21991,0.3827318,0.427,0.34,0.293,14.702,15.302,17.802
2023-08-31 06:00:00,14.552,67.26176,0.5430038,0.426,0.34,0.293,15.902,15.352,17.802
2023-08-31 07:00:00,14.202,63.409973,0.59334815,0.424,0.34,0.293,16.202,15.452,17.802
2023-08-31 08:00:00,15.052,57.41205,0.7295222,0.423,0.34,0.293,17.052,15.552,17.752
2023-08-31 09:00:00,15.552,52.799324,0.8348972,0.421,0.34,0.293,17.652,15.702,17.752
2023-08-31 10:00:00,15.552,50.125103,0.882216,0.419,0.34,0.293,17.552,15.802,17.752
2023-08-31 11:00:00,15.652,46.61064,0.95046246,0.418,0.34,0.293,17.452,15.952,17.752
2023-08-31 12:00:00,15.802,44.10543,1.0046592,0.416,0.34,0.293,17.152,16.001999,17.702
2023-08-31 13:00:00,15.302,47.00443,0.92254484,0.415,0.34,0.293,16.602,16.102,17.702
2023-08-31 14:00:00,14.102,51.503044,0.78141797,0.414,0.34,0.293,15.652,16.102,17.702
2023-08-31 15:00:00,13.302,54.63261,0.69398564,0.413,0.341,0.293,14.852,16.052,17.702
2023-08-31 16:00:00,12.802,57.24128,0.63307714,0.413,0.341,0.293,14.302,15.952,17.652
2023-08-31 17:00:00,12.402,63.655163,0.5241868,0.412,0.341,0.293,13.902,15.902,17.652
2023-08-31 18:00:00,11.802,73.41938,0.36851668,0.412,0.341,0.293,13.502,15.802,17.652
2023-08-31 19:00:00,11.302,80.96123,0.25537443,0.412,0.341,0.293,13.252,15.702,17.652
2023-08-31 20:00:00,10.852,87.46255,0.16322339,0.415,0.341,0.293,13.002,15.602,17.602
2023-08-31 21:00:00,10.852,91.683075,0.10827434,0.418,0.342,0.293,12.952,15.452,17.602
2023-08-31 22:00:00,10.802,93.543724,0.083771825,0.421,0.342,0.293,12.852,15.352,17.602
2023-08-31 23:00:00,10.852,90.76386,0.12024188,0.423,0.342,0.293,12.752,15.252,17.602
2023-09-01 00:00:00,10.502,91.97004,0.10213435,0.425,0.342,0.293,12.602,15.152,17.552
2023-09-01 01:00:00,10.652,91.36272,0.11096096,0.425,0.342,0.293,12.552,15.052,17.552
2023-09-01 02:00:00,11.052,90.47357,0.12567711,0.425,0.343,0.293,12.652,14.952,17.552
2023-09-01 03:00:00,11.902,87.26661,0.17768896,0.425,0.343,0.293,13.002,14.902,17.502
2023-09-01 04:00:00,12.852,80.626595,0.28773785,0.425,0.343,0.293,13.702,14.902,17.502
2023-09-01 05:00:00,13.552,77.027405,0.3571236,0.425,0.343,0.293,14.402,14.902,17.502
2023-09-01 06:00:00,14.002,74.55811,0.40723097,0.425,0.343,0.293,15.052,14.952,17.452
2023-09-01 07:00:00,13.352,77.254944,0.34901738,0.431,0.344,0.293,15.302,15.002,17.452
2023-09-01 08:00:00,13.402,80.16384,0.3053664,0.434,0.344,0.293,14.952,15.002,17.452
2023-09-01 09:00:00,13.652,79.13436,0.32647812,0.435,0.344,0.293,14.802,15.052,17.452
2023-09-01 10:00:00,13.702,81.01171,0.29806495,0.437,0.344,0.293,14.702,15.052,17.402
2023-09-01 11:00:00,13.302,83.1485,0.2577306,0.449,0.345,0.293,14.552,15.052,17.402
2023-09-01 12:00:00,12.702,85.89851,0.20738685,0.463,0.346,0.293,14.202,15.052,17.402
2023-09-01 13:00:00,12.652,86.18033,0.20257843,0.461,0.346,0.293,14.002,15.052,17.352
2023-09-01 14:00:00,11.902,89.03573,0.15299976,0.459,0.347,0.293,13.602,15.002,17.352
2023-09-01 15:00:00,11.152,91.08952,0.118332386,0.457,0.348,0.293,13.102,14.952,17.352
2023-09-01 16:00:00,10.602,92.28583,0.098772526,0.455,0.349,0.293,12.652,14.852,17.352
2023-09-01 17:00:00,10.052,93.191925,0.08403242,0.453,0.349,0.293,12.252,14.752,17.302
2023-09-01 18:00:00,9.652,93.171074,0.08206391,0.451,0.35,0.293,11.852,14.652,17.302
2023-09-01 19:00:00,9.652,91.91805,0.09712207,0.449,0.351,0.293,11.652,14.502,17.302
2023-09-01 20:00:00,9.552,91.60075,0.100260854,0.448,0.351,0.293,11.502,14.402,17.252
2023-09-01 21:00:00,9.452,91.59437,0.09966576,0.446,0.352,0.293,11.402,14.252,17.252
2023-09-01 22:00:00,8.952,92.81805,0.082339644,0.445,0.352,0.293,11.102,14.152,17.252
2023-09-01 23:00:00,8.502,94.06836,0.06596935,0.444,0.352,0.293,10.852,14.002,17.202
2023-09-02 00:00:00,8.302,94.38086,0.061653376,0.442,0.353,0.293,10.652,13.902,17.202
2023-09-02 01:00:00,8.352,95.02906,0.054726243,0.441,0.353,0.293,10.602,13.752,17.202
2023-09-02 02:00:00,9.402,94.42841,0.065840244,0.44,0.354,0.293,11.052,13.652,17.152
2023-09-02 03:00:00,11.002,88.06806,0.15689313,0.439,0.354,0.293,12.202,13.652,17.152
2023-09-02 04:00:00,12.052,81.88656,0.2552805,0.438,0.354,0.293,12.902,13.652,17.102
2023-09-02 05:00:00,13.452,74.212685,0.39829147,0.436,0.354,0.293,14.102,13.752,17.102
2023-09-02 06:00:00,15.002,69.89518,0.51398456,0.434,0.355,0.293,15.752,13.902,17.102
2023-09-02 07:00:00,15.252,75.77161,0.42032266,0.434,0.355,0.293,16.452,14.052,17.052
2023-09-02 08:00:00,15.852,74.133354,0.46630335,0.433,0.355,0.293,16.902,14.252,17.052
2023-09-02 09:00:00,15.902,70.30488,0.5370499,0.434,0.355,0.293,16.852,14.452,17.052
2023-09-02 10:00:00,14.402,80.30229,0.32353044,0.448,0.355,0.293,16.252,14.552,17.052
2023-09-02 11:00:00,14.402,81.10497,0.3103441,0.451,0.356,0.293,15.702,14.652,17.002
2023-09-02 12:00:00,14.652,79.80625,0.33706737,0.45,0.356,0.293,15.452,14.752,17.002
2023-09-02 13:00:00,14.502,81.656975,0.30322587,0.449,0.357,0.293,15.202,14.802,17.002
2023-09-02 14:00:00,13.452,85.69057,0.2209934,0.448,0.357,0.293,14.552,14.802,16.952
2023-09-02 15:00:00,12.852,88.52338,0.17044353,0.448,0.358,0.293,14.002,14.802,16.952
2023-09-02 16:00:00,12.302,92.69122,0.10470319,0.454,0.358,0.293,13.702,14.752,16.952
2023-09-02 17:00:00,12.152,92.990974,0.0994252,0.462,0.359,0.293,13.452,14.752,16.952
2023-09-02 18:00:00,11.902,93.287186,0.09367049,0.473,0.36,0.293,13.252,14.702,16.902
2023-09-02 19:00:00,12.102,91.152885,0.12508893,0.486,0.361,0.293,13.102,14.652,16.902
2023-09-02 20:00:00,11.802,91.43728,0.11870158,0.495,0.363,0.293,12.952,14.602,16.902
2023-09-02 21:00:00,11.502,92.03058,0.10831213,0.507,0.367,0.293,12.802,14.502,16.902
2023-09-02 22:00:00,11.352,92.948326,0.09489322,0.519,0.374,0.293,12.702,14.452,16.852
2023-09-02 23:00:00,11.252,93.56585,0.08601236,0.481,0.396,0.293,12.602,14.402,16.852
2023-09-03 00:00:00,11.152,94.50287,0.073001266,0.495,0.397,0.293,12.552,14.302,16.852
2023-09-03 01:00:00,11.202,95.45488,0.06055832,0.493,0.4,0.293,12.552,14.252,16.852
2023-09-03 02:00:00,11.502,95.783134,0.057309866,0.488,0.402,0.293,12.702,14.202,16.802
2023-09-03 03:00:00,11.952,92.671875,0.10259426,0.484,0.403,0.293,12.952,14.202,16.802
2023-09-03 04:00:00,12.652,90.58698,0.13797808,0.48,0.405,0.293,13.402,14.202,16.802
2023-09-03 05:00:00,13.652,87.42892,0.19668257,0.478,0.406,0.293,14.202,14.202,16.752
2023-09-03 06:00:00,14.552,84.12606,0.2632512,0.477,0.406,0.293,15.152,14.302,16.752
2023-09-03 07:00:00,15.252,81.21737,0.32583094,0.477,0.407,0.293,16.152,14.452,16.752
2023-09-03 08:00:00,15.052,79.86241,0.34488738,0.489,0.408,0.293,16.402,14.602,16.752
2023-09-03 09:00:00,14.652,79.01642,0.3502537,0.496,0.41,0.293,16.152,14.702,16.702
2023-09-03 10:00:00,14.252,77.65392,0.36349952,0.502,0.412,0.293,15.802,14.802,16.702
2023-09-03 11:00:00,14.202,76.36069,0.3833003,0.495,0.415,0.293,15.752,14.852,16.702
2023-09-03 12:00:00,13.902,75.29555,0.3928727,0.491,0.417,0.293,15.302,14.952,16.702
2023-09-03 13:00:00,13.602,77.0353,0.35816216,0.486,0.418,0.293,15.102,14.952,16.702
2023-09-03 14:00:00,12.852,80.897545,0.2837131,0.483,0.42,0.293,14.352,14.952,16.652
2023-09-03 15:00:00,12.002,84.96696,0.21116745,0.48,0.42,0.293,13.652,14.902,16.652
2023-09-03 16:00:00,11.202,88.38245,0.1547966,0.477,0.421,0.293,13.052,14.852,16.652
2023-09-03 17:00:00,10.402,91.3464,0.109336376,0.475,0.422,0.293,12.502,14.752,16.652
2023-09-03 18:00:00,9.802,93.49416,0.07897067,0.473,0.422,0.293,12.102,14.602,16.602
2023-09-03 19:00:00,9.452,93.160614,0.081094146,0.472,0.423,0.293,11.752,14.502,16.602
2023-09-03 20:00:00,9.352,94.746376,0.061874628,0.47,0.423,0.293,11.552,14.352,16.602
2023-09-03 21:00:00,9.652,96.04565,0.047519207,0.469,0.424,0.293,11.552,14.252,16.602
2023-09-03 22:00:00,10.002,97.02919,0.036545992,0.468,0.424,0.293,11.702,14.152,16.552
2023-09-03 23:00:00,10.402,96.71419,0.041514277,0.468,0.424,0.293,11.852,14.052,16.552
2023-09-04 00:00:00,10.452,98.017685,0.025128722,0.472,0.425,0.293,11.952,13.952,16.552
2023-09-04 01:00:00,10.602,99.33612,0.008499861,0.474,0.425,0.294,12.052,13.902,16.552
2023-09-04 02:00:00,11.002,99.3382,0.008701205,0.476,0.426,0.294,12.252,13.852,16.502
2023-09-04 03:00:00,11.452,98.35851,0.022234917,0.475,0.426,0.294,12.502,13.802,16.502
2023-09-04 04:00:00,11.702,99.014175,0.013575673,0.475,0.427,0.294,12.702,13.802,16.502
2023-09-04 05:00:00,12.102,98.04299,0.027668595,0.474,0.427,0.294,12.952,13.802,16.452
2023-09-04 06:00:00,12.502,96.76714,0.046922803,0.476,0.427,0.294,13.202,13.802,16.452
2023-09-04 07:00:00,14.452,89.826614,0.16762125,0.475,0.428,0.294,14.052,13.852,16.452
2023-09-04 08:00:00,15.352,86.44837,0.23658538,0.476,0.428,0.294,14.952,13.952,16.452
2023-09-04 09:00:00,15.502,85.620895,0.25345516,0.482,0.429,0.294,15.402,14.052,16.402
2023-09-04 10:00:00,15.002,85.56911,0.24634612,0.503,0.43,0.294,15.402,14.152,16.402
2023-09-04 11:00:00,14.502,87.794205,0.201761,0.506,0.433,0.294,15.152,14.252,16.402
2023-09-04 12:00:00,14.352,85.50136,0.23735857,0.497,0.436,0.294,14.902,14.352,16.402
2023-09-04 13:00:00,13.302,87.10764,0.19717228,0.501,0.437,0.294,14.452,14.352,16.352
2023-09-04 14:00:00,12.802,88.22569,0.17429459,0.495,0.439,0.294,13.902,14.352,16.352
2023-09-04 15:00:00,12.202,89.65554,0.14722514,0.49,0.441,0.294,13.402,14.352,16.352
2023-09-04 16:00:00,11.602,91.11962,0.12149274,0.487,0.441,0.294,13.002,14.302,16.352
2023-09-04 17:00:00,11.402,91.71755,0.111825705,0.485,0.442,0.294,12.752,14.252,16.302
2023-09-04 18:00:00,11.152,92.31793,0.10201812,0.482,0.443,0.294,12.602,14.202,16.302
2023-09-04 19:00:00,10.852,90.15556,0.12816143,0.481,0.443,0.294,12.502,14.102,16.302
2023-09-04 20:00:00,10.602,89.2298,0.13790429,0.48,0.444,0.294,12.352,14.052,16.302
2023-09-04 21:00:00,10.352,86.82535,0.16590917,0.479,0.444,0.294,12.152,14.002,16.252
2023-09-04 22:00:00,10.102,85.920006,0.17437768,0.478,0.444,0.295,11.952,13.902,16.252
2023-09-04 23:00:00,9.602,88.24335,0.14081109,0.477,0.444,0.295,11.702,13.802,16.252
2023-09-05 00:00:00,9.352,88.2214,0.13872635,0.477,0.445,0.295,11.552,13.702,16.252
2023-09-05 01:00:00,8.902,89.09174,0.124642015,0.476,0.445,0.295,11.302,13.652,16.202
2023-09-05 02:00:00,8.752,88.774864,0.12697136,0.476,0.445,0.295,11.202,13.552,16.202
2023-09-05 03:00:00,8.802,84.90378,0.17133802,0.475,0.445,0.295,11.152,13.452,16.202
2023-09-05 04:00:00,9.002,76.82521,0.26660573,0.475,0.445,0.295,11.302,13.352,16.152
2023-09-05 05:00:00,9.402,68.76881,0.36909616,0.473,0.446,0.295,11.702,13.302,16.152
2023-09-05 06:00:00,9.902,62.413498,0.45935446,0.472,0.446,0.295,12.252,13.302,16.152
2023-09-05 07:00:00,9.852,59.80162,0.4896351,0.47,0.445,0.295,12.352,13.302,16.152
2023-09-05 08:00:00,10.202,57.183453,0.53387475,0.469,0.445,0.295,12.602,13.302,16.102
2023-09-05 09:00:00,10.452,56.237434,0.55484605,0.467,0.445,0.295,12.752,13.302,16.102
2023-09-05 10:00:00,10.652,55.6913,0.56930083,0.466,0.445,0.295,12.802,13.302,16.102
2023-09-05 11:00:00,10.652,56.28934,0.5616165,0.465,0.445,0.295,12.702,13.352,16.052
2023-09-05 12:00:00,10.602,58.105087,0.53649753,0.464,0.445,0.295,12.552,13.302,16.052
2023-09-05 13:00:00,10.452,59.73761,0.5104663,0.463,0.445,0.296,12.252,13.302,16.052
2023-09-05 14:00:00,10.152,62.4724,0.46636415,0.462,0.445,0.296,11.902,13.252,16.052
2023-09-05 15:00:00,9.752,66.001976,0.41134375,0.462,0.445,0.296,11.552,13.202,16.001999
2023-09-05 16:00:00,9.502,68.54849,0.3742048,0.461,0.444,0.296,11.302,13.152,16.001999
2023-09-05 17:00:00,9.252,70.943115,0.33995295,0.461,0.444,0.296,11.102,13.102,16.001999
2023-09-05 18:00:00,8.752,73.891365,0.29533595,0.46,0.444,0.296,10.752,13.002,15.952
2023-09-05 19:00:00,8.952,72.39171,0.31654382,0.46,0.444,0.296,10.702,12.902,15.952
2023-09-05 20:00:00,8.552,75.42327,0.27427357,0.459,0.444,0.296,10.502,12.852,15.952
2023-09-05 21:00:00,8.302,77.24957,0.2496301,0.459,0.444,0.296,10.352,12.752,15.902
2023-09-05 22:00:00,8.052,79.39896,0.22224313,0.459,0.444,0.296,10.152,12.652,15.902
2023-09-05 23:00:00,7.852,80.7674,0.20467865,0.459,0.444,0.296,10.002,12.552,15.902
2023-09-06 00:00:00,7.902,81.0564,0.20228958,0.459,0.444,0.296,9.952,12.452,15.852
2023-09-06 01:00:00,7.702,82.74213,0.18179685,0.459,0.444,0.296,9.802,12.352,15.852
2023-09-06 02:00:00,8.052,82.49899,0.18879896,0.459,0.444,0.296,9.902,12.302,15.852
2023-09-06 03:00:00,8.752,78.67761,0.24119228,0.458,0.444,0.296,10.352,12.252,15.802
2023-09-06 04:00:00,9.902,71.81576,0.34443957,0.458,0.443,0.296,11.202,12.202,15.802
2023-09-06 05:00:00,10.852,66.24241,0.43952793,0.458,0.443,0.297,12.002,12.252,15.802
2023-09-06 06:00:00,12.102,57.87016,0.5957829,0.457,0.443,0.297,13.052,12.352,15.752
2023-09-06 07:00:00,12.552,60.461037,0.5758974,0.456,0.442,0.297,13.302,12.452,15.752
2023-09-06 08:00:00,12.752,59.260063,0.6012128,0.455,0.442,0.297,13.402,12.552,15.752
2023-09-06 09:00:00,13.452,55.247887,0.69128805,0.454,0.442,0.297,13.802,12.702,15.702
2023-09-06 10:00:00,13.452,55.247887,0.69128805,0.453,0.441,0.297,13.602,12.752,15.702
2023-09-06 11:00:00,13.652,55.492916,0.69649756,0.452,0.441,0.297,13.652,12.852,15.702
2023-09-06 12:00:00,13.552,57.831215,0.6556237,0.452,0.441,0.297,13.552,12.952,15.702
2023-09-06 13:00:00,13.352,59.40745,0.62295467,0.451,0.441,0.297,13.352,13.002,15.652
2023-09-06 14:00:00,12.802,62.00793,0.5624904,0.451,0.441,0.297,13.002,13.052,15.652
2023-09-06 15:00:00,12.252,65.406654,0.49403423,0.45,0.441,0.297,12.602,13.052,15.652
2023-09-06 16:00:00,11.752,68.06464,0.44131058,0.45,0.44,0.297,12.252,13.052,15.602
2023-09-06 17:00:00,11.202,70.58568,0.39196354,0.45,0.44,0.297,11.902,13.052,15.602
2023-09-06 18:00:00,10.952,71.766,0.37005037,0.449,0.44,0.297,11.652,13.002,15.602
2023-09-06 19:00:00,10.252,74.41498,0.3200695,0.449,0.44,0.297,11.252,12.952,15.602
2023-09-06 20:00:00,9.852,76.168625,0.2902661,0.449,0.44,0.297,10.902,12.852,15.552
2023-09-06 21:00:00,9.702,76.938194,0.27808446,0.449,0.44,0.297,10.752,12.802,15.552
2023-09-06 22:00:00,9.152,79.83523,0.23433155,0.448,0.44,0.297,10.452,12.702,15.552
2023-09-06 23:00:00,8.752,82.01877,0.20339626,0.448,0.439,0.298,10.202,12.602,15.552
2023-09-07 00:00:00,8.252,85.1364,0.16253656,0.448,0.439,0.298,9.902,12.502,15.502
2023-09-07 01:00:00,8.352,85.73722,0.15702689,0.448,0.439,0.298,9.852,12.402,15.502
2023-09-07 02:00:00,9.052,85.810745,0.16378129,0.447,0.439,0.298,10.202,12.352,15.502
2023-09-07 03:00:00,11.252,75.35998,0.32942438,0.447,0.439,0.298,11.602,12.352,15.452
2023-09-07 04:00:00,13.202,67.2066,0.4983498,0.446,0.439,0.298,13.002,12.402,15.452
2023-09-07 05:00:00,14.752,55.584496,0.74630135,0.445,0.438,0.298,14.452,12.602,15.452
2023-09-07 06:00:00,15.802,48.14221,0.932078,0.443,0.438,0.298,15.802,12.802,15.452
2023-09-07 07:00:00,16.252,49.111675,0.9412619,0.442,0.437,0.298,16.652,13.052,15.402
2023-09-07 08:00:00,16.552,48.0162,0.9800405,0.44,0.436,0.298,16.952,13.302,15.402
2023-09-07 09:00:00,17.052,46.67847,1.0376246,0.439,0.436,0.298,17.352,13.552,15.402
2023-09-07 10:00:00,17.202,45.758923,1.0655799,0.437,0.435,0.298,17.352,13.802,15.402
2023-09-07 11:00:00,17.302,44.999348,1.0873516,0.436,0.435,0.298,17.302,14.002,15.402
2023-09-07 12:00:00,17.052,46.51694,1.0407693,0.436,0.434,0.298,16.852,14.152,15.352
2023-09-07 13:00:00,16.052,57.46599,0.7767284,0.435,0.434,0.298,16.102,14.302,15.352
2023-09-07 14:00:00,14.852,61.85015,0.64513075,0.435,0.434,0.298,15.102,14.352,15.352
2023-09-07 15:00:00,13.652,64.820694,0.55049586,0.435,0.434,0.298,14.252,14.352,15.352
2023-09-07 16:00:00,12.702,67.1009,0.4838981,0.435,0.434,0.298,13.552,14.352,15.352
2023-09-07 17:00:00,12.052,68.83395,0.4392696,0.435,0.433,0.298,13.002,14.302,15.352
2023-09-07 18:00:00,11.402,71.11301,0.39006287,0.434,0.433,0.298,12.502,14.202,15.352
2023-09-07 19:00:00,10.502,73.18437,0.34110254,0.434,0.433,0.298,12.002,14.102,15.352
2023-09-07 20:00:00,9.952,75.39917,0.30165023,0.434,0.433,0.298,11.552,14.002,15.352
2023-09-07 21:00:00,9.552,76.64821,0.27876347,0.434,0.433,0.299,11.202,13.852,15.302
2023-09-07 22:00:00,9.552,75.85556,0.28822654,0.434,0.433,0.299,11.052,13.702,15.302
2023-09-07 23:00:00,9.452,75.83882,0.28649688,0.434,0.433,0.299,10.902,13.602,15.302
2023-09-08 00:00:00,9.102,76.8414,0.26822037,0.434,0.432,0.299,10.652,13.452,15.302
2023-09-08 01:00:00,8.702,79.21859,0.23427993,0.434,0.432,0.299,10.352,13.302,15.302
2023-09-08 02:00:00,9.452,78.51112,0.25480717,0.434,0.432,0.299,10.652,13.202,15.302
2023-09-08 03:00:00,11.602,71.15147,0.39472342,0.433,0.432,0.299,11.852,13.152,15.252
2023-09-08 04:00:00,13.802,64.411995,0.5623399,0.433,0.432,0.299,13.552,13.202,15.252
2023-09-08 05:00:00,15.702,59.774582,0.7183348,0.432,0.431,0.299,15.202,13.352,15.252
2023-09-08 06:00:00,16.902,57.094597,0.8269677,0.43,0.431,0.299,16.402,13.552,15.252
2023-09-08 07:00:00,17.752,56.349358,0.88768065,0.429,0.43,0.299,17.702,13.802,15.252
2023-09-08 08:00:00,18.552,52.6917,1.0115716,0.427,0.429,0.299,18.552,14.052,15.252
2023-09-08 09:00:00,19.152,49.23055,1.1269972,0.426,0.429,0.299,19.202,14.352,15.252
2023-09-08 10:00:00,19.052,49.87544,1.1057718,0.425,0.428,0.299,18.952,14.602,15.202
2023-09-08 11:00:00,19.102,49.888966,1.1089183,0.424,0.428,0.299,18.802,14.852,15.202
2023-09-08 12:00:00,18.852,50.845192,1.0709414,0.424,0.427,0.299,18.402,15.052,15.202
2023-09-08 13:00:00,17.502,59.005672,0.820626,0.423,0.427,0.299,17.352,15.202,15.202
2023-09-08 14:00:00,16.001999,64.68149,0.6428708,0.423,0.427,0.299,16.252,15.252,15.202
2023-09-08 15:00:00,14.652,70.77223,0.48789835,0.423,0.427,0.299,15.302,15.252,15.202
2023-09-08 16:00:00,13.602,76.26354,0.37020075,0.423,0.427,0.299,14.602,15.202,15.202
2023-09-08 17:00:00,12.952,79.5651,0.3054943,0.423,0.426,0.299,14.102,15.152,15.202
2023-09-08 18:00:00,12.552,81.12928,0.27482498,0.423,0.426,0.299,13.702,15.052,15.202
2023-09-08 19:00:00,12.402,90.26903,0.14032269,0.423,0.426,0.299,13.402,15.002,15.202
2023-09-08 20:00:00,12.152,90.55176,0.13402843,0.423,0.426,0.299,13.152,14.902,15.202
2023-09-08 21:00:00,11.902,89.93209,0.14049089,0.423,0.426,0.299,12.952,14.802,15.202
2023-09-08 22:00:00,11.502,89.60147,0.14132833,0.423,0.426,0.299,12.652,14.702,15.202
2023-09-08 23:00:00,11.302,89.285904,0.14370549,0.423,0.426,0.299,12.452,14.552,15.202
2023-09-09 00:00:00,11.052,90.17031,0.12967801,0.423,0.426,0.299,12.252,14.452,15.202
2023-09-09 01:00:00,10.852,91.06936,0.11626458,0.423,0.426,0.299,12.102,14.352,15.202
2023-09-09 02:00:00,11.652,88.42113,0.1589371,0.423,0.425,0.3,12.402,14.252,15.202
2023-09-09 03:00:00,13.452,82.3399,0.272748,0.422,0.425,0.3,13.402,14.202,15.202
2023-09-09 04:00:00,15.752,73.87073,0.46804202,0.422,0.425,0.3,14.902,14.252,15.202
2023-09-09 05:00:00,17.852,66.391556,0.6876948,0.421,0.424,0.3,16.502,14.402,15.202
2023-09-09 06:00:00,19.252,60.220303,0.8884318,0.42,0.424,0.3,17.752,14.602,15.202
2023-09-09 07:00:00,20.752,54.698395,1.110072,0.418,0.423,0.3,18.852,14.852,15.202
2023-09-09 08:00:00,21.502,52.237305,1.2254342,0.416,0.423,0.3,19.652,15.102,15.202
2023-09-09 09:00:00,21.952,50.988995,1.2924592,0.415,0.422,0.3,20.102,15.352,15.202
2023-09-09 10:00:00,21.102,59.089977,1.024148,0.419,0.421,0.3,19.852,15.602,15.202
2023-09-09 11:00:00,21.102,58.704384,1.0338069,0.419,0.421,0.3,19.452,15.802,15.202
2023-09-09 12:00:00,20.102,62.028305,0.8938664,0.42,0.421,0.3,18.952,15.952,15.202
2023-09-09 13:00:00,18.252,71.920044,0.58912694,0.431,0.421,0.3,18.102,16.052,15.202
2023-09-09 14:00:00,16.702,77.26398,0.43261397,0.456,0.421,0.3,17.002,16.102,15.202
2023-09-09 15:00:00,15.952,80.77841,0.34870481,0.483,0.421,0.3,16.252,16.102,15.202
2023-09-09 16:00:00,15.502,82.054436,0.3163309,0.498,0.422,0.3,15.752,16.052,15.202
2023-09-09 17:00:00,15.052,83.63161,0.28032422,0.504,0.425,0.3,15.352,16.001999,15.202
2023-09-09 18:00:00,14.202,87.479324,0.20299768,0.502,0.428,0.3,14.902,15.952,15.202
2023-09-09 19:00:00,13.802,89.77762,0.16149628,0.504,0.431,0.3,14.652,15.852,15.202
2023-09-09 20:00:00,12.802,94.571686,0.080351114,0.501,0.434,0.3,14.202,15.752,15.202
2023-09-09 21:00:00,12.902,96.14359,0.05745673,0.499,0.436,0.3,14.202,15.652,15.202
2023-09-09 22:00:00,12.802,95.825035,0.061798334,0.497,0.438,0.3,14.102,15.552,15.202
2023-09-09 23:00:00,12.252,96.1243,0.05533886,0.493,0.439,0.3,13.852,15.452,15.202
2023-09-10 00:00:00,11.702,96.10786,0.05359912,0.489,0.44,0.3,13.602,15.352,15.202
2023-09-10 01:00:00,11.002,94.49654,0.072362185,0.486,0.441,0.3,13.202,15.252,15.202
2023-09-10 02:00:00,10.552,92.59364,0.094516516,0.484,0.442,0.3,12.952,15.102,15.202
2023-09-10 03:00:00,11.052,86.30872,0.18062615,0.481,0.442,0.3,13.152,15.002,15.202
2023-09-10 04:00:00,12.252,75.52823,0.34946668,0.479,0.442,0.3,13.952,14.952,15.202
2023-09-10 05:00:00,13.602,63.927578,0.56264454,0.476,0.443,0.3,15.152,14.952,15.202
2023-09-10 06:00:00,14.602,55.162746,0.7461454,0.474,0.442,0.301,16.252,15.052,15.202
2023-09-10 07:00:00,15.152,51.071724,0.8435649,0.471,0.442,0.301,17.102,15.152,15.202
2023-09-10 08:00:00,15.702,48.282513,0.9236366,0.468,0.442,0.301,17.702,15.302,15.202
2023-09-10 09:00:00,16.052,46.886444,0.9700038,0.465,0.441,0.301,18.102,15.452,15.202
2023-09-10 10:00:00,16.152,46.102844,0.9906107,0.463,0.441,0.301,18.102,15.602,15.202
2023-09-10 11:00:00,15.952,46.04644,0.979088,0.461,0.44,0.301,17.752,15.702,15.202
2023-09-10 12:00:00,15.502,47.391262,0.9276175,0.46,0.44,0.301,17.052,15.752,15.252
2023-09-10 13:00:00,14.702,53.308712,0.7820304,0.459,0.44,0.301,16.152,15.802,15.252
2023-09-10 14:00:00,13.752,56.689213,0.6821864,0.458,0.44,0.301,15.152,15.752,15.252
2023-09-10 15:00:00,12.952,59.93054,0.5990964,0.458,0.44,0.301,14.452,15.652,15.252
2023-09-10 16:00:00,12.252,62.744316,0.5320624,0.457,0.44,0.301,13.852,15.552,15.252
2023-09-10 17:00:00,11.452,66.14264,0.45870137,0.457,0.44,0.301,13.252,15.402,15.252
2023-09-10 18:00:00,10.702,69.75822,0.38984215,0.456,0.44,0.301,12.652,15.252,15.252
2023-09-10 19:00:00,11.352,65.207634,0.46826428,0.456,0.44,0.301,12.652,15.152,15.252
2023-09-10 20:00:00,11.152,66.770294,0.4413488,0.455,0.44,0.301,12.502,15.002,15.252
2023-09-10 21:00:00,9.902,73.07493,0.32905,0.455,0.44,0.301,11.902,14.802,15.252
2023-09-10 22:00:00,9.302,76.873726,0.27147454,0.454,0.439,0.301,11.502,14.652,15.252
2023-09-10 23:00:00,8.902,79.24808,0.23712724,0.454,0.439,0.301,11.152,14.452,15.202
2023-09-11 00:00:00,8.402,82.543396,0.19284314,0.454,0.439,0.301,10.802,14.252,15.202
2023-09-11 01:00:00,8.102,86.00762,0.15146035,0.453,0.439,0.301,10.552,14.102,15.202
2023-09-11 02:00:00,8.952,85.21281,0.16953725,0.453,0.439,0.302,10.852,13.902,15.202
2023-09-11 03:00:00,10.552,82.531136,0.22294092,0.452,0.439,0.302,11.802,13.802,15.202
2023-09-11 04:00:00,12.352,80.28715,0.28335226,0.452,0.439,0.302,13.002,13.802,15.202
2023-09-11 05:00:00,14.352,75.62324,0.3991084,0.451,0.439,0.302,14.352,13.852,15.202
2023-09-11 06:00:00,15.902,71.010704,0.52428114,0.45,0.438,0.302,15.452,13.952,15.202
2023-09-11 07:00:00,15.602,73.59973,0.46838748,0.449,0.438,0.302,15.602,14.052,15.202
2023-09-11 08:00:00,15.752,73.87073,0.46804202,0.448,0.438,0.302,15.602,14.152,15.152
2023-09-11 09:00:00,16.052,73.43531,0.48503494,0.448,0.437,0.302,15.702,14.252,15.152
2023-09-11 10:00:00,16.752,70.70217,0.5592779,0.448,0.437,0.302,16.001999,14.402,15.152
2023-09-11 11:00:00,16.652,73.29903,0.50647175,0.451,0.437,0.302,16.001999,14.502,15.152
2023-09-11 12:00:00,16.352,76.201485,0.44288945,0.46,0.437,0.302,15.602,14.552,15.152
2023-09-11 13:00:00,15.702,81.27649,0.33429277,0.469,0.437,0.302,15.202,14.602,15.152
2023-09-11 14:00:00,15.002,86.69733,0.22708392,0.48,0.437,0.302,14.852,14.602,15.152
2023-09-11 15:00:00,14.802,87.820885,0.20524669,0.488,0.438,0.302,14.552,14.602,15.152
2023-09-11 16:00:00,14.702,88.09999,0.19925678,0.496,0.439,0.302,14.352,14.602,15.152
2023-09-11 17:00:00,14.702,90.139206,0.16510856,0.515,0.441,0.302,14.302,14.602,15.152
2023-09-11 18:00:00,14.302,93.71287,0.10258806,0.517,0.45,0.302,14.252,14.602,15.152
2023-09-11 19:00:00,13.102,93.34793,0.10041344,0.469,0.469,0.302,13.852,14.552,15.152
2023-09-11 20:00:00,11.902,88.147255,0.16539884,0.468,0.469,0.303,13.302,14.502,15.152
2023-09-11 21:00:00,10.952,83.99398,0.20977128,0.467,0.469,0.303,12.702,14.402,15.152
2023-09-11 22:00:00,10.302,83.91835,0.20184588,0.466,0.469,0.303,12.252,14.302,15.152
2023-09-11 23:00:00,10.002,85.61756,0.17693794,0.465,0.468,0.303,11.952,14.202,15.152
2023-09-12 00:00:00,10.202,86.81075,0.16443956,0.465,0.468,0.303,11.902,14.052,15.102
2023-09-12 01:00:00,10.152,88.891914,0.13802946,0.464,0.468,0.303,11.802,13.952,15.102
2023-09-12 02:00:00,10.802,88.34789,0.15119362,0.464,0.467,0.303,12.002,13.852,15.102
2023-09-12 03:00:00,11.402,86.34382,0.18438518,0.464,0.467,0.304,12.452,13.802,15.102
2023-09-12 04:00:00,11.952,82.427605,0.24603105,0.464,0.467,0.304,12.852,13.752,15.102
2023-09-12 05:00:00,12.652,77.667656,0.32738233,0.464,0.466,0.304,13.702,13.802,15.102
2023-09-12 06:00:00,13.152,72.91602,0.41023147,0.464,0.466,0.304,14.052,13.802,15.102
2023-09-12 07:00:00,13.052,73.14538,0.40411294,0.464,0.465,0.304,14.302,13.852,15.102
2023-09-12 08:00:00,12.752,75.1016,0.367401,0.466,0.465,0.304,13.952,13.902,15.102
2023-09-12 09:00:00,12.252,79.733345,0.28940845,0.468,0.465,0.304,13.602,13.902,15.052
2023-09-12 10:00:00,11.302,88.09455,0.15968597,0.47,0.464,0.305,13.202,13.852,15.052
2023-09-12 11:00:00,10.502,91.97004,0.10213435,0.47,0.464,0.305,12.802,13.852,15.052
2023-09-12 12:00:00,10.002,92.87548,0.08764529,0.471,0.464,0.305,12.502,13.802,15.052
2023-09-12 13:00:00,9.652,91.607124,0.10085869,0.47,0.464,0.305,12.102,13.702,15.052
2023-09-12 14:00:00,9.552,89.448616,0.12595177,0.47,0.464,0.305,11.802,13.602,15.052
2023-09-12 15:00:00,9.702,85.00308,0.1808306,0.47,0.463,0.305,11.652,13.552,15.052
2023-09-12 16:00:00,9.852,82.442825,0.2138412,0.469,0.463,0.305,11.502,13.452,15.052
2023-09-12 17:00:00,10.002,80.784164,0.2364049,0.469,0.463,0.305,11.452,13.352,15.002
2023-09-12 18:00:00,10.052,80.238716,0.2439295,0.469,0.463,0.306,11.402,13.252,15.002
2023-09-12 19:00:00,9.102,80.381966,0.22721153,0.468,0.462,0.306,11.002,13.152,15.002
2023-09-12 20:00:00,8.752,78.1326,0.24735749,0.468,0.462,0.306,10.702,13.052,15.002
2023-09-12 21:00:00,8.902,74.17698,0.2950772,0.467,0.462,0.306,10.602,12.952,15.002
2023-09-12 22:00:00,9.052,72.66423,0.31553864,0.467,0.462,0.306,10.552,12.852,14.952
2023-09-12 23:00:00,8.752,76.78467,0.2626058,0.468,0.461,0.306,10.452,12.752,14.952
2023-09-13 00:00:00,8.102,82.21927,0.19246918,0.468,0.461,0.306,10.102,12.652,14.952
2023-09-13 01:00:00,7.902,85.097984,0.1591301,0.47,0.461,0.306,9.902,12.502,14.952
2023-09-13 02:00:00,8.202,86.01798,0.1523785,0.47,0.461,0.306,9.902,12.402,14.952
2023-09-13 03:00:00,9.352,83.806885,0.19072324,0.469,0.46,0.307,10.452,12.352,14.902
2023-09-13 04:00:00,10.952,76.08822,0.31339496,0.468,0.46,0.307,11.602,12.352,14.902
2023-09-13 05:00:00,12.452,67.27883,0.47346485,0.467,0.46,0.307,12.852,12.402,14.902
2023-09-13 06:00:00,13.652,58.66363,0.6468676,0.466,0.459,0.307,13.952,12.552,14.902
2023-09-13 07:00:00,14.252,61.498463,0.62637454,0.465,0.459,0.307,14.602,12.702,14.852
2023-09-13 08:00:00,14.652,61.592625,0.64117897,0.464,0.458,0.307,15.202,12.852,14.852
2023-09-13 09:00:00,14.852,60.183384,0.6733248,0.462,0.457,0.307,15.552,13.052,14.852
2023-09-13 10:00:00,14.702,59.32839,0.6811799,0.461,0.457,0.307,15.552,13.202,14.852
2023-09-13 11:00:00,14.402,58.848846,0.67601055,0.46,0.456,0.307,15.352,13.352,14.852
2023-09-13 12:00:00,13.802,59.1079,0.6461734,0.46,0.456,0.307,14.702,13.452,14.852
2023-09-13 13:00:00,13.252,60.003464,0.6098221,0.459,0.456,0.307,14.052,13.502,14.852
2023-09-13 14:00:00,12.252,62.96246,0.5289465,0.459,0.455,0.308,13.252,13.502,14.802
2023-09-13 15:00:00,11.752,65.29628,0.47957212,0.458,0.455,0.308,12.752,13.502,14.802
2023-09-13 16:00:00,11.352,67.278305,0.44039184,0.458,0.455,0.308,12.352,13.452,14.802
2023-09-13 17:00:00,10.902,69.316055,0.4008326,0.458,0.455,0.308,12.002,13.402,14.802
2023-09-13 18:00:00,10.552,71.19513,0.36763084,0.458,0.454,0.308,11.702,13.302,14.802
2023-09-13 19:00:00,10.002,73.34724,0.32790762,0.457,0.454,0.308,11.302,13.202,14.802
2023-09-13 20:00:00,9.352,76.61565,0.27542847,0.457,0.454,0.308,10.902,13.102,14.802
2023-09-13 21:00:00,8.852,79.240715,0.23641258,0.457,0.454,0.308,10.552,13.002,14.802
2023-09-13 22:00:00,8.652,80.31876,0.22112817,0.457,0.453,0.308,10.352,12.902,14.752
2023-09-13 23:00:00,8.152,82.79857,0.18683112,0.456,0.453,0.308,10.002,12.752,14.752
2023-09-14 00:00:00,8.102,82.79231,0.18626595,0.456,0.453,0.308,9.902,12.652,14.752
2023-09-14 01:00:00,7.452,86.23901,0.14250964,0.456,0.453,0.308,9.502,12.502,14.752
2023-09-14 02:00:00,8.152,84.83146,0.16475034,0.456,0.452,0.309,9.752,12.352,14.752
2023-09-14 03:00:00,9.802,77.75549,0.27003133,0.456,0.452,0.309,10.752,12.302,14.702
2023-09-14 04:00:00,11.352,71.84159,0.3789683,0.455,0.452,0.309,11.902,12.352,14.702
2023-09-14 05:00:00,12.552,67.9967,0.46612024,0.454,0.451,0.309,12.952,12.402,14.702
2023-09-14 06:00:00,13.752,63.52471,0.57449716,0.453,0.451,0.309,14.102,12.552,14.702
2023-09-14 07:00:00,14.002,65.78931,0.5476229,0.452,0.451,0.309,14.652,12.702,14.702
2023-09-14 08:00:00,14.902,59.98993,0.6787765,0.451,0.45,0.309,15.402,12.852,14.652
2023-09-14 09:00:00,15.152,58.8314,0.709743,0.45,0.449,0.309,15.552,13.052,14.652
2023-09-14 10:00:00,15.202,59.247433,0.7048261,0.45,0.449,0.309,15.452,13.202,14.652
2023-09-14 11:00:00,15.202,59.04526,0.70832396,0.45,0.449,0.309,15.402,13.352,14.652
2023-09-14 12:00:00,14.702,62.878067,0.6217129,0.449,0.448,0.309,14.902,13.452,14.652
2023-09-14 13:00:00,14.202,66.96067,0.535756,0.449,0.448,0.309,14.402,13.502,14.652
2023-09-14 14:00:00,13.452,71.02089,0.44759953,0.449,0.448,0.309,13.802,13.552,14.652
2023-09-14 15:00:00,12.752,75.1016,0.367401,0.449,0.448,0.309,13.302,13.552,14.652
2023-09-14 16:00:00,12.152,78.38253,0.3066802,0.449,0.447,0.309,12.852,13.552,14.652
2023-09-14 17:00:00,11.902,80.22447,0.27597106,0.449,0.447,0.31,12.602,13.502,14.652
2023-09-14 18:00:00,11.702,81.56513,0.2538923,0.449,0.447,0.31,12.402,13.452,14.602
2023-09-14 19:00:00,11.652,80.46171,0.26820493,0.449,0.447,0.31,12.302,13.402,14.602
2023-09-14 20:00:00,11.202,82.61255,0.23168445,0.448,0.447,0.31,12.102,13.352,14.602
2023-09-14 21:00:00,10.702,85.11233,0.19190145,0.448,0.446,0.31,11.802,13.302,14.602
2023-09-14 22:00:00,10.302,86.82048,0.16541791,0.448,0.446,0.31,11.552,13.202,14.602
2023-09-14 23:00:00,10.152,87.10121,0.16028214,0.448,0.446,0.31,11.402,13.152,14.602
2023-09-15 00:00:00,9.902,87.37406,0.15429235,0.448,0.446,0.31,11.202,13.052,14.602
2023-09-15 01:00:00,9.802,87.067764,0.15698159,0.448,0.446,0.31,11.102,12.952,14.602
2023-09-15 02:00:00,10.302,84.77986,0.19103193,0.448,0.445,0.31,11.252,12.902,14.552
2023-09-15 03:00:00,11.552,79.36339,0.28142023,0.447,0.445,0.31,11.902,12.852,14.552
2023-09-15 04:00:00,13.152,72.91602,0.41023147,0.447,0.445,0.31,12.952,12.902,14.552
2023-09-15 05:00:00,14.452,67.46884,0.5360998,0.446,0.445,0.31,13.952,13.002,14.552
2023-09-15 06:00:00,15.702,59.978195,0.7146976,0.445,0.444,0.31,15.102,13.102,14.552
2023-09-15 07:00:00,16.001999,60.86989,0.71227443,0.445,0.444,0.31,15.902,13.302,14.552
2023-09-15 08:00:00,17.002,51.218025,0.94625294,0.443,0.443,0.31,16.852,13.502,14.552
2023-09-15 09:00:00,16.952,50.33275,0.96038985,0.442,0.443,0.31,16.702,13.702,14.552
2023-09-15 10:00:00,17.252,49.726597,0.9907232,0.441,0.442,0.311,17.002,13.902,14.552
2023-09-15 11:00:00,17.202,50.227863,0.97774917,0.44,0.442,0.311,16.652,14.052,14.552
2023-09-15 12:00:00,16.802,55.350765,0.8551612,0.44,0.441,0.311,16.202,14.202,14.552
2023-09-15 13:00:00,16.102,60.68783,0.72016346,0.439,0.441,0.311,15.702,14.252,14.552
2023-09-15 14:00:00,15.002,64.89834,0.59932137,0.439,0.441,0.311,14.952,14.302,14.552
2023-09-15 15:00:00,14.002,69.46269,0.48880887,0.439,0.441,0.311,14.252,14.302,14.552
2023-09-15 16:00:00,13.052,73.8924,0.39286983,0.439,0.44,0.311,13.652,14.302,14.552
2023-09-15 17:00:00,12.652,75.85147,0.35401118,0.439,0.44,0.311,13.302,14.202,14.552
2023-09-15 18:00:00,12.152,78.1176,0.3104391,0.439,0.44,0.311,12.952,14.152,14.552
2023-09-15 19:00:00,10.852,80.07714,0.25938308,0.439,0.44,0.311,12.352,14.052,14.552
2023-09-15 20:00:00,10.052,83.88912,0.19886649,0.439,0.44,0.311,11.802,13.952,14.552
2023-09-15 21:00:00,9.252,87.91183,0.14141893,0.439,0.44,0.311,11.302,13.802,14.502
2023-09-15 22:00:00,8.752,89.69137,0.11660409,0.439,0.439,0.311,10.852,13.652,14.502
2023-09-15 23:00:00,8.652,89.99116,0.11245072,0.439,0.439,0.311,10.702,13.502,14.502
2023-09-16 00:00:00,8.552,90.29233,0.10833216,0.439,0.439,0.311,10.502,13.352,14.502
2023-09-16 01:00:00,8.552,89.6758,0.11521238,0.438,0.439,0.311,10.352,13.202,14.502
2023-09-16 02:00:00,9.102,88.80429,0.12966228,0.438,0.439,0.311,10.602,13.102,14.502
2023-09-16 03:00:00,11.302,79.5974,0.2736702,0.438,0.439,0.311,11.652,13.052,14.502
2023-09-16 04:00:00,13.852,69.43281,0.4845556,0.438,0.438,0.311,13.402,13.102,14.502
2023-09-16 05:00:00,15.652,61.617523,0.6832267,0.437,0.438,0.311,14.802,13.202,14.502
2023-09-16 06:00:00,16.902,54.25646,0.88169396,0.436,0.437,0.311,16.102,13.352,14.502
2023-09-16 07:00:00,17.452,53.120087,0.9355476,0.435,0.437,0.311,17.202,13.602,14.502
2023-09-16 08:00:00,17.852,49.889862,1.0255332,0.434,0.436,0.312,17.802,13.852,14.502
2023-09-16 09:00:00,18.052,49.266304,1.0514202,0.433,0.436,0.312,18.052,14.102,14.502
2023-09-16 10:00:00,18.102,48.278576,1.0752676,0.432,0.435,0.312,18.002,14.302,14.502
2023-09-16 11:00:00,18.052,47.770824,1.0824288,0.431,0.435,0.312,17.752,14.502,14.502
2023-09-16 12:00:00,17.652,51.920902,0.9716512,0.43,0.434,0.312,17.152,14.652,14.502
2023-09-16 13:00:00,17.002,57.119625,0.83173084,0.43,0.434,0.312,16.452,14.752,14.502
2023-09-16 14:00:00,15.252,66.05915,0.58886826,0.43,0.434,0.312,15.302,14.752,14.502
2023-09-16 15:00:00,13.952,74.0503,0.41401827,0.43,0.434,0.312,14.402,14.752,14.502
2023-09-16 16:00:00,12.902,77.70628,0.332201,0.43,0.434,0.312,13.652,14.652,14.502
2023-09-16 17:00:00,12.202,81.082436,0.26925564,0.43,0.434,0.312,13.202,14.602,14.502
2023-09-16 18:00:00,11.852,82.415016,0.24459171,0.43,0.433,0.312,12.852,14.502,14.502
2023-09-16 19:00:00,12.452,76.334015,0.34242105,0.43,0.433,0.312,12.452,14.402,14.502
2023-09-16 20:00:00,12.302,77.089554,0.32824278,0.43,0.433,0.312,12.202,14.252,14.502
2023-09-16 21:00:00,12.102,78.109985,0.30952835,0.43,0.433,0.312,11.852,14.152,14.502
2023-09-16 22:00:00,11.752,80.20353,0.2735473,0.43,0.433,0.312,11.602,14.002,14.502
2023-09-16 23:00:00,11.502,81.53885,0.250921,0.43,0.433,0.312,11.402,13.852,14.502
2023-09-17 00:00:00,11.102,83.72742,0.21539652,0.43,0.433,0.312,11.202,13.752,14.502
2023-09-17 01:00:00,10.202,87.69911,0.15336335,0.43,0.432,0.312,10.852,13.602,14.502
2023-09-17 02:00:00,9.802,91.307014,0.10552025,0.43,0.432,0.312,11.002,13.452,14.502
2023-09-17 03:00:00,11.952,84.9615,0.21055043,0.43,0.432,0.312,12.102,13.402,14.452
2023-09-17 04:00:00,13.902,73.54514,0.42071486,0.43,0.432,0.312,13.502,13.452,14.452
2023-09-17 05:00:00,15.852,63.783066,0.6529535,0.429,0.432,0.312,14.852,13.502,14.452
2023-09-17 06:00:00,16.802,58.044643,0.8035455,0.428,0.431,0.312,15.702,13.652,14.452
2023-09-17 07:00:00,18.002,49.084457,1.0518855,0.427,0.431,0.312,17.052,13.852,14.452
2023-09-17 08:00:00,18.102,43.839172,1.1676097,0.426,0.43,0.312,17.452,14.052,14.452
2023-09-17 09:00:00,18.202,42.372055,1.2056626,0.425,0.43,0.312,17.752,14.252,14.452
2023-09-17 10:00:00,18.102,42.343464,1.1987221,0.424,0.429,0.312,17.552,14.452,14.452
2023-09-17 11:00:00,17.852,44.998688,1.1256853,0.423,0.429,0.312,17.202,14.602,14.452
2023-09-17 12:00:00,17.152,54.878395,0.88355863,0.423,0.429,0.312,16.702,14.702,14.452
2023-09-17 13:00:00,16.001999,60.86989,0.71227443,0.423,0.429,0.312,15.802,14.752,14.452
2023-09-17 14:00:00,14.602,66.14301,0.56337667,0.423,0.428,0.313,14.852,14.752,14.452
2023-09-17 15:00:00,13.202,71.21444,0.43743265,0.423,0.428,0.313,13.902,14.702,14.452
2023-09-17 16:00:00,12.052,76.788765,0.32713604,0.423,0.428,0.313,13.202,14.602,14.452
2023-09-17 17:00:00,11.602,79.9111,0.2748561,0.423,0.428,0.313,12.802,14.502,14.502
2023-09-17 18:00:00,10.552,85.38529,0.18651295,0.423,0.428,0.313,12.152,14.402,14.502
2023-09-17 19:00:00,10.202,87.10599,0.1607585,0.423,0.428,0.313,11.652,14.252,14.502
2023-09-17 20:00:00,9.852,89.472336,0.12821984,0.423,0.428,0.313,11.452,14.102,14.502
2023-09-17 21:00:00,9.702,90.99148,0.10862064,0.423,0.428,0.313,11.302,13.952,14.452
2023-09-17 22:00:00,9.252,92.20617,0.09117806,0.423,0.427,0.313,10.952,13.802,14.452
2023-09-17 23:00:00,9.052,92.82355,0.08283305,0.423,0.427,0.313,10.752,13.652,14.452
2023-09-18 00:00:00,8.702,93.75776,0.07036865,0.423,0.427,0.313,10.452,13.502,14.452
2023-09-18 01:00:00,8.452,94.70967,0.058638215,0.423,0.427,0.313,10.252,13.352,14.452
2023-09-18 02:00:00,8.752,95.04447,0.056052446,0.423,0.427,0.313,10.352,13.202,14.452
2023-09-18 03:00:00,11.502,87.816925,0.1655842,0.423,0.427,0.313,11.702,13.102,14.452
2023-09-18 04:00:00,13.852,79.69329,0.32187974,0.423,0.427,0.313,13.552,13.152,14.452
2023-09-18 05:00:00,15.652,73.1212,0.47840595,0.422,0.426,0.313,15.002,13.302,14.452
2023-09-18 06:00:00,16.852,67.2902,0.6283995,0.421,0.426,0.313,16.302,13.452,14.452
2023-09-18 07:00:00,17.852,61.71517,0.78342414,0.421,0.425,0.313,17.552,13.702,14.452
2023-09-18 08:00:00,18.302,59.001892,0.86298275,0.42,0.425,0.313,18.502,13.952,14.452
2023-09-18 09:00:00,18.602,57.903397,0.90289474,0.42,0.424,0.313,18.952,14.252,14.452
2023-09-18 10:00:00,18.552,58.474133,0.8878701,0.419,0.424,0.313,18.952,14.502,14.452
2023-09-18 11:00:00,18.302,59.001892,0.86298275,0.418,0.424,0.313,18.552,14.702,14.452
2023-09-18 12:00:00,16.952,65.32445,0.6704068,0.422,0.423,0.313,17.802,14.902,14.452
2023-09-18 13:00:00,15.752,72.65484,0.4898274,0.423,0.423,0.313,16.502,14.952,14.452
2023-09-18 14:00:00,14.352,81.63755,0.30062366,0.427,0.423,0.313,15.302,14.952,14.452
2023-09-18 15:00:00,13.102,86.225525,0.20793808,0.43,0.423,0.313,14.352,14.952,14.452
2023-09-18 16:00:00,11.352,92.948326,0.09489322,0.434,0.423,0.313,13.452,14.852,14.452
2023-09-18 17:00:00,11.002,94.49654,0.072362185,0.434,0.423,0.313,13.052,14.752,14.452
2023-09-18 18:00:00,10.202,95.419685,0.057103395,0.433,0.423,0.313,12.452,14.602,14.452
2023-09-18 19:00:00,9.902,94.13199,0.071706295,0.433,0.423,0.313,12.002,14.452,14.452
2023-09-18 20:00:00,9.552,94.75449,0.062613964,0.433,0.423,0.313,11.702,14.302,14.452
2023-09-18 21:00:00,9.002,95.37695,0.053180695,0.433,0.423,0.313,11.352,14.152,14.452
2023-09-18 22:00:00,8.402,95.680664,0.047713757,0.433,0.423,0.313,10.852,14.002,14.452
2023-09-18 23:00:00,8.252,95.34993,0.050847888,0.433,0.423,0.313,10.452,13.802,14.452
2023-09-19 00:00:00,8.052,95.66888,0.046721935,0.433,0.423,0.313,10.202,13.602,14.452
2023-09-19 01:00:00,7.452,96.63758,0.034820378,0.433,0.423,0.313,9.852,13.452,14.452
2023-09-19 02:00:00,7.952,95.99291,0.042933583,0.433,0.423,0.313,10.052,13.252,14.452
2023-09-19 03:00:00,11.152,87.78537,0.162215,0.432,0.423,0.313,11.502,13.202,14.452
2023-09-19 04:00:00,14.102,75.83529,0.38929522,0.432,0.422,0.314,13.602,13.202,14.452
2023-09-19 05:00:00,16.252,64.95409,0.64814234,0.432,0.422,0.314,14.702,13.302,14.452
2023-09-19 06:00:00,17.702,56.146942,0.88899934,0.431,0.422,0.314,16.452,13.502,14.452
2023-09-19 07:00:00,18.752,50.646397,1.0685903,0.429,0.421,0.314,17.702,13.752,14.452
2023-09-19 08:00:00,19.102,46.60817,1.1815631,0.428,0.421,0.314,18.502,14.002,14.452
2023-09-19 09:00:00,19.102,44.57924,1.2264903,0.427,0.42,0.314,18.552,14.252,14.452
2023-09-19 10:00:00,18.902,44.522884,1.2125416,0.425,0.42,0.314,18.252,14.502,14.452
2023-09-19 11:00:00,18.502,46.921417,1.1314833,0.425,0.42,0.314,17.702,14.652,14.452
2023-09-19 12:00:00,17.852,53.95187,0.9423634,0.424,0.42,0.314,17.102,14.802,14.452
2023-09-19 13:00:00,16.752,65.938,0.65025496,0.424,0.419,0.314,16.252,14.852,14.452
2023-09-19 14:00:00,15.002,71.79461,0.48154747,0.424,0.419,0.314,15.152,14.852,14.452
2023-09-19 15:00:00,13.702,76.0242,0.37637007,0.424,0.419,0.314,14.302,14.852,14.452
2023-09-19 16:00:00,13.052,79.31276,0.31129193,0.424,0.419,0.314,13.802,14.752,14.452
2023-09-19 17:00:00,12.202,82.45896,0.2496612,0.424,0.419,0.314,13.202,14.702,14.452
2023-09-19 18:00:00,12.052,81.33624,0.26303732,0.425,0.419,0.314,12.702,14.552,14.452
2023-09-19 19:00:00,13.252,71.46609,0.4350226,0.425,0.419,0.314,12.302,14.452,14.452
2023-09-19 20:00:00,13.102,71.437675,0.4312197,0.425,0.419,0.314,12.102,14.302,14.452
2023-09-19 21:00:00,11.502,81.263145,0.2546686,0.425,0.419,0.314,12.052,14.202,14.452
2023-09-19 22:00:00,10.702,85.9819,0.18069184,0.425,0.419,0.314,11.802,14.052,14.452
2023-09-19 23:00:00,10.252,88.00147,0.15009308,0.425,0.419,0.314,11.502,13.952,14.452
2023-09-20 00:00:00,9.802,90.69047,0.113004446,0.425,0.419,0.314,11.252,13.802,14.452
2023-09-20 01:00:00,9.752,91.61349,0.10145962,0.425,0.419,0.314,11.152,13.652,14.452
2023-09-20 02:00:00,10.202,90.71853,0.11571646,0.425,0.419,0.314,11.352,13.552,14.452
2023-09-20 03:00:00,11.702,84.64881,0.21141863,0.425,0.419,0.314,12.002,13.502,14.452
2023-09-20 04:00:00,12.852,79.55079,0.30371833,0.425,0.419,0.314,12.752,13.452,14.452
2023-09-20 05:00:00,13.502,77.01951,0.35608768,0.425,0.418,0.314,13.202,13.452,14.452
2023-09-20 06:00:00,14.202,74.59245,0.41197717,0.425,0.418,0.314,13.852,13.502,14.452
2023-09-20 07:00:00,16.452,64.99786,0.6556138,0.424,0.418,0.314,15.752,13.652,14.452
2023-09-20 08:00:00,17.252,61.164425,0.76523626,0.423,0.418,0.314,17.002,13.852,14.402
2023-09-20 09:00:00,17.452,60.396477,0.79027975,0.422,0.417,0.314,17.502,14.052,14.402
2023-09-20 10:00:00,16.902,63.591015,0.7017096,0.424,0.417,0.314,17.302,14.202,14.402
2023-09-20 11:00:00,15.752,71.45663,0.51129675,0.442,0.417,0.314,16.752,14.352,14.402
2023-09-20 12:00:00,14.702,80.876915,0.32022262,0.451,0.417,0.314,15.902,14.452,14.402
2023-09-20 13:00:00,13.902,85.172134,0.23578727,0.451,0.417,0.314,15.002,14.452,14.452
2023-09-20 14:00:00,13.152,88.54872,0.17342865,0.451,0.417,0.314,14.352,14.452,14.452
2023-09-20 15:00:00,12.252,91.46619,0.12185335,0.45,0.417,0.314,13.702,14.402,14.452
2023-09-20 16:00:00,11.602,93.27188,0.09204626,0.45,0.417,0.314,13.152,14.352,14.452
2023-09-20 17:00:00,11.252,94.50707,0.073429585,0.449,0.418,0.314,12.802,14.252,14.452
2023-09-20 18:00:00,10.752,95.439095,0.058982253,0.449,0.418,0.314,12.452,14.152,14.452
2023-09-20 19:00:00,10.402,95.10728,0.06181717,0.448,0.418,0.314,12.102,14.052,14.452
2023-09-20 20:00:00,10.002,96.05637,0.04851353,0.447,0.418,0.314,11.802,13.952,14.452
2023-09-20 21:00:00,9.752,96.372635,0.04388261,0.447,0.418,0.314,11.552,13.802,14.452
2023-09-20 22:00:00,9.552,96.69239,0.03948152,0.447,0.418,0.314,11.352,13.702,14.402
2023-09-20 23:00:00,9.352,96.687225,0.03901589,0.446,0.418,0.314,11.152,13.552,14.402
2023-09-21 00:00:00,9.002,97.005905,0.034442067,0.446,0.418,0.314,10.952,13.452,14.402
2023-09-21 01:00:00,8.802,97.00121,0.034033775,0.446,0.418,0.314,10.752,13.302,14.402
2023-09-21 02:00:00,8.952,97.004745,0.034339547,0.445,0.418,0.314,10.752,13.202,14.402
2023-09-21 03:00:00,10.602,89.53132,0.13404334,0.445,0.418,0.314,11.452,13.102,14.402
2023-09-21 04:00:00,12.152,84.9833,0.21302807,0.444,0.418,0.314,12.302,13.102,14.402
2023-09-21 05:00:00,13.552,80.45287,0.30386448,0.444,0.418,0.314,13.702,13.152,14.402
2023-09-21 06:00:00,14.952,75.21999,0.42169714,0.442,0.418,0.314,15.152,13.252,14.402
2023-09-21 07:00:00,16.152,67.36926,0.5996345,0.441,0.418,0.314,16.152,13.452,14.402
2023-09-21 08:00:00,16.852,65.30277,0.6665945,0.439,0.418,0.314,17.052,13.652,14.402
2023-09-21 09:00:00,17.402,62.649174,0.74296474,0.438,0.417,0.314,17.652,13.902,14.402
2023-09-21 10:00:00,17.502,61.633945,0.7679918,0.437,0.417,0.315,17.802,14.102,14.402
2023-09-21 11:00:00,17.402,61.6107,0.76363015,0.436,0.417,0.315,17.502,14.302,14.402
2023-09-21 12:00:00,16.752,65.938,0.65025496,0.435,0.417,0.315,16.852,14.452,14.402
2023-09-21 13:00:00,15.702,71.44726,0.50983405,0.435,0.417,0.315,15.852,14.502,14.402
2023-09-21 14:00:00,14.252,77.39537,0.36770606,0.435,0.417,0.315,14.802,14.502,14.402
2023-09-21 15:00:00,13.302,81.50088,0.28293324,0.434,0.417,0.315,14.052,14.502,14.402
2023-09-21 16:00:00,12.252,86.71793,0.18965971,0.434,0.417,0.315,13.402,14.452,14.402
2023-09-21 17:00:00,11.352,90.192375,0.13198185,0.434,0.417,0.315,12.702,14.352,14.402
2023-09-21 18:00:00,11.902,86.974785,0.18176138,0.434,0.417,0.315,11.902,14.202,14.402
2023-09-21 19:00:00,9.252,93.15011,0.08013475,0.433,0.417,0.315,11.252,14.052,14.402
2023-09-21 20:00:00,8.702,94.398224,0.0631485,0.433,0.417,0.315,10.852,13.902,14.402
2023-09-21 21:00:00,8.152,94.37432,0.061100364,0.433,0.417,0.315,10.402,13.702,14.402
2023-09-21 22:00:00,7.752,93.71182,0.06646466,0.433,0.417,0.315,10.052,13.502,14.402
2023-09-21 23:00:00,7.302,92.407196,0.07782942,0.433,0.417,0.315,9.652,13.302,14.402
2023-09-22 00:00:00,6.902,91.42914,0.085482836,0.432,0.417,0.315,9.252,13.102,14.402
2023-09-22 01:00:00,6.652,89.83817,0.09962726,0.432,0.417,0.315,8.902,12.902,14.352
2023-09-22 02:00:00,7.002,87.706535,0.12345463,0.432,0.417,0.315,8.902,12.702,14.352
2023-09-22 03:00:00,9.402,78.77538,0.25082988,0.432,0.417,0.315,10.002,12.602,14.352
2023-09-22 04:00:00,11.902,68.33093,0.44197643,0.431,0.417,0.315,11.702,12.602,14.352
2023-09-22 05:00:00,13.802,61.18133,0.6134016,0.43,0.416,0.315,13.202,12.652,14.352
2023-09-22 06:00:00,15.152,55.68743,0.76396245,0.429,0.416,0.315,14.552,12.752,14.352
2023-09-22 07:00:00,16.302,51.5598,0.89881736,0.427,0.416,0.315,15.602,12.952,14.352
2023-09-22 08:00:00,17.252,47.38521,1.0368853,0.426,0.415,0.315,16.452,13.152,14.352
2023-09-22 09:00:00,17.802,45.29696,1.116065,0.424,0.415,0.315,16.952,13.352,14.302
2023-09-22 10:00:00,18.002,45.04098,1.1354649,0.423,0.414,0.315,17.052,13.602,14.302
2023-09-22 11:00:00,17.852,46.740536,1.0900185,0.422,0.414,0.315,16.902,13.752,14.302
2023-09-22 12:00:00,17.102,50.89474,0.95856786,0.421,0.414,0.315,16.302,13.902,14.302
2023-09-22 13:00:00,15.852,53.982483,0.82971597,0.42,0.414,0.315,15.452,14.002,14.302
2023-09-22 14:00:00,15.052,56.046562,0.7529201,0.42,0.413,0.315,14.702,14.052,14.302
2023-09-22 15:00:00,14.652,57.70757,0.70605606,0.42,0.413,0.315,14.202,14.052,14.302
2023-09-22 16:00:00,14.502,60.51257,0.65287143,0.42,0.413,0.315,14.002,14.052,14.302
2023-09-22 17:00:00,14.452,63.46683,0.60206914,0.42,0.413,0.315,13.902,14.052,14.302
2023-09-22 18:00:00,14.552,66.80794,0.5505328,0.42,0.413,0.315,13.902,14.052,14.302
2023-09-22 19:00:00,13.902,76.31218,0.3767022,0.421,0.413,0.315,13.702,14.052,14.302
2023-09-22 20:00:00,13.302,81.50088,0.28293324,0.422,0.413,0.315,13.352,14.002,14.302
2023-09-22 21:00:00,12.752,84.48248,0.2289617,0.422,0.413,0.315,13.052,13.952,14.302
2023-09-22 22:00:00,11.952,87.85732,0.17000353,0.423,0.413,0.315,12.702,13.902,14.302
2023-09-22 23:00:00,11.552,88.709435,0.15396035,0.424,0.413,0.315,12.552,13.852,14.302
2023-09-23 00:00:00,11.252,86.620186,0.17887032,0.424,0.413,0.315,12.352,13.752,14.302
2023-09-23 01:00:00,10.602,83.95332,0.2054714,0.423,0.413,0.315,12.002,13.652,14.302
2023-09-23 02:00:00,10.052,81.90571,0.22335088,0.423,0.413,0.315,11.702,13.552,14.302
2023-09-23 03:00:00,10.202,77.550476,0.2799055,0.423,0.413,0.315,11.752,13.502,14.302
2023-09-23 04:00:00,10.752,64.62042,0.45759887,0.423,0.413,0.315,12.352,13.452,14.302
2023-09-23 05:00:00,11.552,53.787285,0.63026637,0.422,0.413,0.315,13.252,13.452,14.302
2023-09-23 06:00:00,12.102,49.70144,0.71131754,0.421,0.412,0.315,14.052,13.502,14.302
2023-09-23 07:00:00,12.702,53.713367,0.6808519,0.419,0.412,0.315,14.752,13.552,14.302
2023-09-23 08:00:00,12.852,51.162777,0.72545826,0.418,0.412,0.315,15.102,13.652,14.302
2023-09-23 09:00:00,13.052,48.91277,0.7688648,0.417,0.411,0.315,15.402,13.752,14.302
2023-09-23 10:00:00,12.952,46.839035,0.7948724,0.416,0.411,0.315,15.352,13.852,14.302
2023-09-23 11:00:00,12.602,46.73958,0.7783349,0.415,0.411,0.315,14.952,13.902,14.302
2023-09-23 12:00:00,11.952,48.77923,0.717246,0.414,0.41,0.315,14.202,13.952,14.302
2023-09-23 13:00:00,10.902,53.231693,0.6109721,0.414,0.41,0.315,13.202,13.902,14.302
2023-09-23 14:00:00,9.702,57.67038,0.5104403,0.414,0.41,0.315,12.152,13.802,14.302
2023-09-23 15:00:00,8.852,61.064793,0.443417,0.414,0.41,0.315,11.352,13.702,14.302
2023-09-23 16:00:00,8.102,64.246056,0.387029,0.414,0.41,0.315,10.702,13.552,14.302
2023-09-23 17:00:00,7.402,67.142624,0.3391186,0.414,0.41,0.315,10.102,13.352,14.302
2023-09-23 18:00:00,6.702,70.18843,0.29328215,0.414,0.41,0.315,9.552,13.202,14.302
2023-09-23 19:00:00,6.252,72.136986,0.2657562,0.414,0.41,0.315,9.052,13.002,14.302
2023-09-23 20:00:00,5.802,74.147835,0.23903286,0.413,0.41,0.315,8.652,12.752,14.252
2023-09-23 21:00:00,5.402,75.959114,0.21620935,0.413,0.41,0.315,8.302,12.552,14.252
2023-09-23 22:00:00,5.202,76.746216,0.2062456,0.413,0.41,0.315,8.102,12.352,14.252
2023-09-23 23:00:00,5.002,77.82149,0.19399059,0.413,0.41,0.315,7.852,12.152,14.252
2023-09-24 00:00:00,4.902,78.08509,0.1903544,0.413,0.41,0.315,7.652,11.952,14.252
2023-09-24 01:00:00,5.052,77.55111,0.1970402,0.413,0.41,0.315,7.602,11.752,14.252
2023-09-24 02:00:00,5.602,76.265144,0.21643853,0.413,0.41,0.315,7.802,11.552,14.202
2023-09-24 03:00:00,7.152,70.2787,0.3015542,0.413,0.41,0.315,8.652,11.452,14.202
2023-09-24 04:00:00,9.002,63.092422,0.42459923,0.412,0.409,0.315,9.902,11.402,14.202
2023-09-24 05:00:00,10.702,56.704086,0.5581403,0.412,0.409,0.315,11.102,11.452,14.202
2023-09-24 06:00:00,12.352,50.30536,0.71441334,0.411,0.409,0.315,12.502,11.552,14.152
2023-09-24 07:00:00,13.652,48.562004,0.8049853,0.41,0.409,0.315,13.402,11.652,14.152
2023-09-24 08:00:00,14.602,46.31426,0.8934382,0.409,0.408,0.315,14.302,11.852,14.152
2023-09-24 09:00:00,15.352,45.235504,0.95640796,0.408,0.408,0.315,14.952,12.052,14.152
2023-09-24 10:00:00,15.602,45.786556,0.96205723,0.407,0.407,0.315,15.102,12.252,14.152
2023-09-24 11:00:00,15.502,47.723976,0.92174894,0.406,0.407,0.315,14.902,12.402,14.152
2023-09-24 12:00:00,14.852,52.612804,0.80138975,0.405,0.407,0.315,14.452,12.552,14.102
2023-09-24 13:00:00,13.702,56.676476,0.6801763,0.405,0.407,0.316,13.652,12.602,14.102
2023-09-24 14:00:00,12.852,59.491207,0.60172224,0.405,0.407,0.316,12.952,12.652,14.102
2023-09-24 15:00:00,12.052,62.697815,0.5257704,0.405,0.407,0.316,12.352,12.652,14.102
2023-09-24 16:00:00,11.602,64.81118,0.48148882,0.405,0.407,0.316,11.952,12.652,14.102
2023-09-24 17:00:00,11.002,67.908195,0.42201668,0.405,0.407,0.316,11.552,12.602,14.102
2023-09-24 18:00:00,10.602,70.7129,0.37503153,0.405,0.407,0.316,11.202,12.552,14.102
2023-09-24 19:00:00,11.252,66.79176,0.44399387,0.405,0.407,0.316,11.202,12.502,14.102
2023-09-24 20:00:00,11.452,67.06672,0.44618022,0.405,0.406,0.316,11.352,12.452,14.102
2023-09-24 21:00:00,11.452,68.71134,0.42389578,0.404,0.406,0.316,11.352,12.452,14.052
2023-09-24 22:00:00,11.752,69.2484,0.42495006,0.404,0.406,0.316,11.502,12.402,14.052
2023-09-24 23:00:00,11.552,71.87928,0.38349587,0.404,0.406,0.316,11.502,12.402,14.052
2023-09-25 00:00:00,11.202,75.35152,0.32844877,0.404,0.406,0.316,11.352,12.352,14.052
2023-09-25 01:00:00,10.702,79.783,0.2606032,0.404,0.406,0.316,11.102,12.302,14.052
2023-09-25 02:00:00,10.502,83.65661,0.20788312,0.404,0.406,0.316,11.002,12.302,14.052
2023-09-25 03:00:00,11.352,83.474144,0.22239876,0.404,0.406,0.316,11.452,12.252,14.052
2023-09-25 04:00:00,13.302,78.029434,0.33603573,0.404,0.406,0.316,12.852,12.302,14.052
2023-09-25 05:00:00,15.202,73.52919,0.45776463,0.403,0.406,0.316,14.302,12.452,14.002
2023-09-25 06:00:00,16.952,69.35051,0.59254324,0.402,0.405,0.316,15.802,12.652,14.002
2023-09-25 07:00:00,18.802,66.59125,0.7254783,0.401,0.405,0.316,17.152,12.902,14.002
2023-09-25 08:00:00,19.802,62.367924,0.8695967,0.4,0.405,0.316,18.102,13.202,14.002
2023-09-25 09:00:00,20.252,58.692307,0.9814812,0.4,0.404,0.316,18.502,13.502,14.002
2023-09-25 10:00:00,20.252,56.786064,1.0268006,0.4,0.404,0.316,18.302,13.752,14.002
2023-09-25 11:00:00,20.102,57.695496,0.99592066,0.399,0.404,0.316,18.002,14.002,14.002
2023-09-25 12:00:00,19.202,61.821957,0.8499981,0.399,0.403,0.316,17.402,14.152,14.002
2023-09-25 13:00:00,17.452,67.41444,0.6501887,0.399,0.403,0.316,16.402,14.252,14.002
2023-09-25 14:00:00,15.702,72.6458,0.48842776,0.398,0.403,0.316,15.302,14.302,14.002
2023-09-25 15:00:00,14.602,76.17086,0.39648187,0.398,0.403,0.316,14.502,14.352,14.002
2023-09-25 16:00:00,13.752,79.67911,0.32002306,0.398,0.403,0.316,13.852,14.302,14.052
2023-09-25 17:00:00,13.102,83.96025,0.24213862,0.398,0.403,0.316,13.352,14.252,14.052
2023-09-25 18:00:00,12.552,88.20398,0.17178357,0.398,0.403,0.316,12.952,14.152,14.052
2023-09-25 19:00:00,12.052,83.27674,0.23568606,0.398,0.403,0.316,12.552,14.102,14.052
2023-09-25 20:00:00,11.602,86.94606,0.17859614,0.398,0.403,0.316,12.202,14.002,14.052
2023-09-25 21:00:00,11.152,89.27391,0.14244545,0.398,0.403,0.316,11.852,13.852,14.052
2023-09-25 22:00:00,10.752,90.756905,0.11953604,0.398,0.403,0.316,11.602,13.752,14.052
2023-09-25 23:00:00,10.352,91.9609,0.1012342,0.398,0.403,0.316,11.352,13.652,14.052
2023-09-26 00:00:00,9.952,92.55973,0.09122431,0.398,0.403,0.316,11.052,13.502,14.052
2023-09-26 01:00:00,9.552,93.16585,0.0815779,0.398,0.403,0.316,10.752,13.352,14.052
2023-09-26 02:00:00,9.502,93.47918,0.077576995,0.399,0.403,0.316,10.652,13.252,14.052
2023-09-26 03:00:00,11.302,88.98673,0.14771843,0.398,0.403,0.316,11.502,13.152,14.052
2023-09-26 04:00:00,14.052,77.62312,0.35932362,0.398,0.402,0.316,13.302,13.202,14.052
2023-09-26 05:00:00,16.252,69.442635,0.56510615,0.398,0.402,0.316,14.852,13.302,14.002
2023-09-26 06:00:00,18.202,62.831142,0.77746177,0.397,0.402,0.316,16.452,13.452,14.002
2023-09-26 07:00:00,19.952,56.71149,1.0097014,0.396,0.402,0.316,17.852,13.702,14.002
2023-09-26 08:00:00,20.802,51.023106,1.2038836,0.394,0.401,0.316,18.752,13.952,14.052
2023-09-26 09:00:00,21.102,48.28167,1.2949258,0.393,0.401,0.316,19.252,14.252,14.052
2023-09-26 10:00:00,21.002,48.254433,1.2876921,0.392,0.4,0.316,19.302,14.502,14.052
2023-09-26 11:00:00,20.602,50.46113,1.202833,0.391,0.4,0.316,18.952,14.752,14.052
2023-09-26 12:00:00,19.452,57.5357,0.9602711,0.391,0.4,0.316,18.152,14.902,14.052
2023-09-26 13:00:00,17.752,63.569515,0.74079335,0.391,0.4,0.316,16.952,15.002,14.052
2023-09-26 14:00:00,16.152,69.42287,0.56188524,0.391,0.4,0.316,15.852,15.002,14.052
2023-09-26 15:00:00,14.802,75.19484,0.41807353,0.391,0.399,0.316,14.952,15.002,14.052
2023-09-26 16:00:00,13.552,80.721855,0.29968262,0.391,0.399,0.316,14.152,14.952,14.052
2023-09-26 17:00:00,12.602,84.74852,0.22283876,0.391,0.399,0.316,13.502,14.852,14.052
2023-09-26 18:00:00,11.902,86.974785,0.18176138,0.391,0.399,0.316,12.952,14.752,14.102
2023-09-26 19:00:00,11.302,85.46514,0.19495678,0.391,0.399,0.316,12.452,14.602,14.102
2023-09-26 20:00:00,10.852,87.167755,0.16706157,0.391,0.399,0.316,12.102,14.502,14.102
2023-09-26 21:00:00,10.552,88.028175,0.15278244,0.391,0.399,0.316,11.852,14.352,14.102
2023-09-26 22:00:00,10.402,88.912636,0.14008832,0.391,0.399,0.316,11.702,14.202,14.102
2023-09-26 23:00:00,10.402,88.612465,0.14388108,0.392,0.399,0.316,11.702,14.052,14.102
2023-09-27 00:00:00,10.252,89.50386,0.1312983,0.397,0.399,0.316,11.602,13.952,14.102
2023-09-27 01:00:00,9.902,90.39082,0.117424965,0.407,0.399,0.316,11.302,13.802,14.102
2023-09-27 02:00:00,9.902,92.244675,0.094770074,0.424,0.399,0.316,11.352,13.702,14.102
2023-09-27 03:00:00,10.352,94.15223,0.07363856,0.438,0.399,0.316,11.702,13.602,14.102
2023-09-27 04:00:00,11.102,93.558495,0.08526003,0.445,0.399,0.316,12.202,13.502,14.102
2023-09-27 05:00:00,11.802,92.04861,0.11022639,0.449,0.399,0.316,12.702,13.502,14.102
2023-09-27 06:00:00,12.502,89.678604,0.14981592,0.45,0.4,0.316,13.152,13.452,14.102
2023-09-27 07:00:00,12.552,94.87389,0.07464695,0.451,0.4,0.316,13.302,13.452,14.102
2023-09-27 08:00:00,12.752,92.41022,0.111981034,0.451,0.4,0.316,13.502,13.502,14.102
2023-09-27 09:00:00,13.002,88.82996,0.16752207,0.45,0.4,0.316,13.652,13.502,14.102
2023-09-27 10:00:00,13.452,84.00051,0.24709785,0.449,0.401,0.316,14.052,13.552,14.102
2023-09-27 11:00:00,13.552,80.18469,0.30803406,0.448,0.401,0.316,14.152,13.602,14.102
2023-09-27 12:00:00,13.252,78.02183,0.33505952,0.447,0.401,0.316,13.902,13.602,14.102
2023-09-27 13:00:00,12.552,78.97363,0.30622315,0.446,0.401,0.316,13.352,13.602,14.102
2023-09-27 14:00:00,11.952,79.42132,0.28812742,0.446,0.401,0.316,12.902,13.552,14.102
2023-09-27 15:00:00,11.502,79.35614,0.2805915,0.445,0.402,0.316,12.502,13.502,14.102
2023-09-27 16:00:00,11.152,79.03549,0.27843022,0.444,0.402,0.316,12.252,13.452,14.052
2023-09-27 17:00:00,10.602,80.04182,0.25556135,0.444,0.402,0.316,11.902,13.402,14.052
2023-09-27 18:00:00,10.052,81.62578,0.22680664,0.443,0.402,0.316,11.552,13.302,14.052
2023-09-27 19:00:00,8.552,86.64865,0.14899522,0.442,0.402,0.316,10.852,13.202,14.052
2023-09-27 20:00:00,8.102,88.11073,0.12869453,0.442,0.402,0.316,10.452,13.052,14.052
2023-09-27 21:00:00,7.402,91.46192,0.08811867,0.441,0.402,0.316,10.002,12.902,14.052
2023-09-27 22:00:00,6.802,93.34202,0.065950334,0.441,0.403,0.316,9.452,12.752,14.052
2023-09-27 23:00:00,7.452,90.83615,0.09490031,0.44,0.403,0.316,9.352,12.552,14.052
2023-09-28 00:00:00,7.252,92.404274,0.077593684,0.44,0.403,0.316,9.202,12.402,14.052
2023-09-28 01:00:00,6.602,94.96081,0.04923463,0.439,0.403,0.316,8.852,12.252,14.052
2023-09-28 02:00:00,6.202,96.604324,0.032276094,0.439,0.403,0.316,8.752,12.102,14.052
2023-09-28 03:00:00,8.052,91.81882,0.088255525,0.438,0.403,0.316,9.552,12.002,14.002
2023-09-28 04:00:00,10.252,81.37335,0.23301339,0.438,0.403,0.316,11.102,11.952,14.002
2023-09-28 05:00:00,11.702,72.40246,0.38010353,0.437,0.403,0.316,12.152,12.002,14.002
2023-09-28 06:00:00,12.952,61.615444,0.57389975,0.436,0.403,0.316,13.352,12.102,14.002
2023-09-28 07:00:00,13.302,60.015602,0.6116255,0.434,0.403,0.316,14.102,12.252,14.002
2023-09-28 08:00:00,13.552,55.466988,0.69239014,0.433,0.403,0.316,14.302,12.402,14.002
2023-09-28 09:00:00,13.902,51.629562,0.7693488,0.432,0.403,0.316,14.502,12.502,14.002
2023-09-28 10:00:00,13.952,50.56705,0.7888038,0.431,0.403,0.316,14.352,12.652,14.002
2023-09-28 11:00:00,13.802,51.96577,0.75906175,0.43,0.403,0.316,14.052,12.752,13.952
2023-09-28 12:00:00,13.402,56.40308,0.67125285,0.43,0.403,0.316,13.602,12.802,13.952
2023-09-28 13:00:00,12.602,60.89494,0.5714447,0.429,0.403,0.316,13.052,12.852,13.952
2023-09-28 14:00:00,11.802,64.855865,0.4872625,0.429,0.403,0.316,12.402,12.802,13.952
2023-09-28 15:00:00,11.352,67.51193,0.43724716,0.428,0.403,0.316,12.052,12.802,13.952
2023-09-28 16:00:00,10.902,70.040375,0.39136952,0.428,0.403,0.316,11.702,12.752,13.952
2023-09-28 17:00:00,10.452,72.67082,0.34648013,0.428,0.403,0.316,11.402,12.702,13.952
2023-09-28 18:00:00,10.402,73.67386,0.33265227,0.427,0.403,0.316,11.302,12.652,13.952
2023-09-28 19:00:00,9.502,80.43791,0.23273867,0.427,0.403,0.316,10.952,12.602,13.952
2023-09-28 20:00:00,9.452,81.82749,0.21548039,0.427,0.403,0.316,10.852,12.502,13.952
2023-09-28 21:00:00,9.102,84.64575,0.17782682,0.427,0.403,0.316,10.602,12.402,13.952
2023-09-28 22:00:00,8.752,87.26574,0.14404243,0.426,0.403,0.316,10.352,12.352,13.902
2023-09-28 23:00:00,8.452,89.05478,0.12131959,0.426,0.403,0.316,10.102,12.252,13.902
2023-09-29 00:00:00,8.152,90.884895,0.099000394,0.426,0.403,0.316,9.902,12.152,13.902
2023-09-29 01:00:00,7.652,93.06534,0.07280058,0.426,0.403,0.317,9.602,12.052,13.902
2023-09-29 02:00:00,7.202,94.65804,0.054383934,0.425,0.403,0.317,9.302,11.902,13.902
2023-09-29 03:00:00,7.952,91.812546,0.08772504,0.425,0.403,0.317,9.652,11.802,13.902
2023-09-29 04:00:00,9.902,81.32662,0.22819948,0.425,0.403,0.317,11.202,11.802,13.902
2023-09-29 05:00:00,11.302,73.07791,0.36113113,0.424,0.403,0.317,12.252,11.852,13.852
2023-09-29 06:00:00,12.602,63.70075,0.53043586,0.424,0.403,0.317,13.552,12.002,13.852
2023-09-29 07:00:00,13.252,59.795986,0.61298615,0.423,0.402,0.317,14.152,12.152,13.852
2023-09-29 08:00:00,13.852,56.127003,0.69554085,0.421,0.402,0.317,14.802,12.302,13.852
2023-09-29 09:00:00,13.902,54.599167,0.7221054,0.421,0.402,0.317,14.852,12.452,13.852
2023-09-29 10:00:00,13.852,53.829727,0.73196954,0.42,0.402,0.317,14.752,12.602,13.852
2023-09-29 11:00:00,13.652,54.15406,0.7174543,0.42,0.402,0.317,14.452,12.702,13.852
2023-09-29 12:00:00,13.052,59.128113,0.6150982,0.419,0.402,0.317,13.752,12.802,13.852
2023-09-29 13:00:00,12.252,63.400757,0.52268595,0.419,0.402,0.317,13.002,12.802,13.852
2023-09-29 14:00:00,11.102,69.83811,0.39927286,0.419,0.402,0.317,12.202,12.802,13.852
2023-09-29 15:00:00,10.602,74.99109,0.32024246,0.419,0.402,0.317,11.652,12.752,13.852
2023-09-29 16:00:00,10.852,70.03045,0.39020187,0.418,0.402,0.317,11.102,12.702,13.852
2023-09-29 17:00:00,10.302,73.147964,0.3370437,0.418,0.402,0.317,10.602,12.602,13.802
2023-09-29 18:00:00,9.902,76.44056,0.2879154,0.418,0.402,0.317,10.502,12.502,13.802
2023-09-29 19:00:00,9.602,78.805336,0.25386083,0.418,0.402,0.317,10.052,12.402,13.802
2023-09-29 20:00:00,9.302,80.68784,0.2266987,0.418,0.402,0.317,9.702,12.252,13.802
2023-09-29 21:00:00,8.902,82.892044,0.19548649,0.418,0.402,0.317,9.052,12.152,13.802
2023-09-29 22:00:00,8.602,84.88158,0.16928744,0.418,0.402,0.317,9.002,12.002,13.802
2023-09-29 23:00:00,8.202,87.514595,0.13606763,0.417,0.402,0.317,8.752,11.852,13.802
2023-09-30 00:00:00,7.902,89.62497,0.11078781,0.417,0.402,0.317,8.602,11.702,13.802
2023-09-30 01:00:00,7.652,91.163704,0.09276456,0.417,0.402,0.317,8.452,11.552,13.752
2023-09-30 02:00:00,7.202,92.72079,0.074106574,0.418,0.402,0.317,8.452,11.402,13.752
2023-09-30 03:00:00,7.602,94.674644,0.05571556,0.418,0.402,0.317,9.002,11.352,13.752
2023-09-30 04:00:00,9.552,82.6882,0.2066564,0.418,0.402,0.317,10.452,11.302,13.752
2023-09-30 05:00:00,11.002,72.2723,0.36462092,0.418,0.402,0.317,11.452,11.352,13.752
2023-09-30 06:00:00,11.552,68.73181,0.42642564,0.417,0.401,0.317,12.052,11.452,13.752
2023-09-30 07:00:00,12.652,65.947075,0.4992363,0.417,0.401,0.317,13.052,11.552,13.702
2023-09-30 08:00:00,13.102,63.595074,0.5496499,0.416,0.401,0.317,13.852,11.702,13.702
2023-09-30 09:00:00,13.502,61.958256,0.58952516,0.415,0.401,0.317,14.402,11.902,13.702
2023-09-30 10:00:00,13.502,61.958256,0.58952516,0.415,0.401,0.317,14.552,12.052,13.702
2023-09-30 11:00:00,13.302,62.12517,0.5793494,0.414,0.401,0.317,14.252,12.202,13.702
2023-09-30 12:00:00,11.752,71.67061,0.3914733,0.415,0.401,0.317,13.452,12.302,13.702
2023-09-30 13:00:00,11.402,74.360176,0.34621072,0.415,0.4,0.317,12.552,12.302,13.702
2023-09-30 14:00:00,10.802,80.070076,0.25861478,0.416,0.4,0.317,11.802,12.302,13.702
2023-09-30 15:00:00,9.902,83.30001,0.2040819,0.416,0.4,0.317,11.202,12.252,13.702
2023-09-30 16:00:00,9.602,84.701836,0.183231,0.417,0.4,0.317,10.902,12.202,13.652
2023-09-30 17:00:00,9.052,87.5935,0.14320266,0.418,0.4,0.317,10.452,12.152,13.652
2023-09-30 18:00:00,8.802,88.475525,0.1307981,0.418,0.401,0.317,10.252,12.052,13.652
2023-09-30 19:00:00,7.502,90.83965,0.09518838,0.418,0.401,0.317,9.602,11.952,13.652
2023-09-30 20:00:00,6.952,92.70673,0.07299006,0.418,0.401,0.317,9.252,11.852,13.652
2023-09-30 21:00:00,6.102,94.94106,0.047755122,0.418,0.401,0.317,8.752,11.702,13.652
2023-09-30 22:00:00,5.502,95.915085,0.036993206,0.418,0.401,0.317,8.352,11.552,13.652
2023-09-30 23:00:00,5.302,95.90862,0.036540985,0.418,0.401,0.317,8.102,11.402,13.652
2023-10-01 00:00:00,5.252,95.23945,0.04237026,0.417,0.401,0.317,7.902,11.252,13.602
2023-10-01 01:00:00,5.402,94.91321,0.045747817,0.417,0.401,0.317,7.802,11.102,13.602
2023-10-01 02:00:00,5.652,94.26379,0.052490115,0.417,0.401,0.317,7.752,10.952,13.602
2023-10-01 03:00:00,7.052,93.67764,0.06370795,0.417,0.401,0.317,8.352,10.852,13.602
2023-10-01 04:00:00,8.952,88.7917,0.12850296,0.417,0.401,0.317,9.452,10.852,13.602
2023-10-01 05:00:00,10.952,80.09124,0.2609253,0.417,0.4,0.317,10.702,10.852,13.552
2023-10-01 06:00:00,12.702,68.966034,0.45645976,0.416,0.4,0.317,12.102,11.002,13.552
2023-10-01 07:00:00,13.902,56.727417,0.68824726,0.415,0.4,0.317,13.352,11.152,13.552
2023-10-01 08:00:00,14.152,54.096985,0.7420092,0.414,0.4,0.317,13.652,11.302,13.552
2023-10-01 09:00:00,14.552,51.086895,0.8113725,0.414,0.4,0.317,14.052,11.502,13.552
2023-10-01 10:00:00,14.652,49.184227,0.848394,0.413,0.399,0.317,14.102,11.652,13.552
2023-10-01 11:00:00,14.352,50.49922,0.8105929,0.412,0.399,0.317,13.802,11.802,13.502
2023-10-01 12:00:00,13.602,54.330406,0.71237636,0.412,0.399,0.317,13.302,11.902,13.502
2023-10-01 13:00:00,12.702,57.416267,0.6263752,0.411,0.399,0.317,12.652,11.952,13.502
2023-10-01 14:00:00,11.852,61.56866,0.5346038,0.411,0.399,0.317,12.052,12.002,13.502
2023-10-01 15:00:00,11.302,65.88057,0.45768988,0.411,0.399,0.317,11.652,12.002,13.502
2023-10-01 16:00:00,10.602,71.20475,0.3687325,0.411,0.399,0.317,11.202,12.002,13.502
2023-10-01 17:00:00,9.802,76.95427,0.27975827,0.411,0.399,0.317,10.802,11.952,13.502
2023-10-01 18:00:00,8.852,82.88583,0.19489884,0.411,0.399,0.317,10.302,11.852,13.502
2023-10-01 19:00:00,8.452,86.93754,0.14478844,0.41,0.399,0.317,9.952,11.802,13.502
2023-10-01 20:00:00,8.052,89.63673,0.11179572,0.41,0.399,0.317,9.652,11.702,13.452
2023-10-01 21:00:00,7.602,92.10716,0.082578,0.41,0.399,0.317,9.352,11.602,13.452
2023-10-01 22:00:00,7.602,92.10716,0.082578,0.41,0.399,0.317,9.252,11.502,13.452
2023-10-01 23:00:00,7.152,94.006035,0.060813546,0.41,0.399,0.317,9.002,11.402,13.452
2023-10-02 00:00:00,6.802,94.64136,0.053079665,0.41,0.399,0.317,8.752,11.302,13.452
2023-10-02 01:00:00,6.302,95.609146,0.042023897,0.41,0.399,0.317,8.402,11.202,13.452
2023-10-02 02:00:00,6.302,95.609146,0.042023897,0.41,0.399,0.317,8.302,11.052,13.452
2023-10-02 03:00:00,7.102,92.715164,0.07365829,0.41,0.399,0.317,8.602,10.952,13.402
2023-10-02 04:00:00,8.952,84.628876,0.17623228,0.409,0.399,0.317,9.752,10.952,13.402
2023-10-02 05:00:00,10.702,77.62872,0.2883752,0.409,0.399,0.317,11.052,11.002,13.402
2023-10-02 06:00:00,12.202,68.62828,0.4465497,0.408,0.399,0.317,12.352,11.102,13.402
2023-10-02 07:00:00,12.402,60.846935,0.564696,0.407,0.398,0.317,13.202,11.252,13.402
2023-10-02 08:00:00,13.102,54.5801,0.6857909,0.406,0.398,0.317,13.952,11.402,13.402
2023-10-02 09:00:00,13.502,49.038155,0.78979516,0.405,0.398,0.317,14.352,11.602,13.352
2023-10-02 10:00:00,13.452,46.151794,0.8318254,0.404,0.397,0.317,14.302,11.752,13.352
2023-10-02 11:00:00,12.952,46.00923,0.8072812,0.404,0.397,0.317,13.802,11.902,13.352
2023-10-02 12:00:00,11.852,50.707294,0.6857135,0.403,0.397,0.317,12.902,11.952,13.352
2023-10-02 13:00:00,10.052,55.932987,0.54398847,0.403,0.397,0.317,11.702,12.002,13.352
2023-10-02 14:00:00,8.602,60.56849,0.44154793,0.403,0.397,0.317,10.602,11.952,13.352
2023-10-02 15:00:00,7.502,63.87822,0.3753628,0.403,0.397,0.317,9.752,11.852,13.352
2023-10-02 16:00:00,6.602,66.96914,0.32272655,0.403,0.397,0.317,9.052,11.702,13.352
2023-10-02 17:00:00,5.802,70.00675,0.27732003,0.403,0.397,0.317,8.402,11.552,13.352
2023-10-02 18:00:00,5.002,73.47177,0.2320345,0.403,0.397,0.317,7.802,11.402,13.352
2023-10-02 19:00:00,4.102,75.19079,0.20376909,0.402,0.397,0.317,7.202,11.202,13.302
2023-10-02 20:00:00,3.4520001,78.992805,0.16483188,0.402,0.397,0.317,6.702,11.002,13.302
2023-10-02 21:00:00,2.9520001,81.8329,0.13759899,0.402,0.397,0.317,6.252,10.802,13.302
2023-10-02 22:00:00,2.352,84.77583,0.11050099,0.402,0.397,0.317,5.852,10.552,13.302
2023-10-02 23:00:00,1.9020001,86.5914,0.09425038,0.402,0.397,0.317,5.402,10.352,13.302
2023-10-03 00:00:00,1.452,88.13422,0.080762565,0.402,0.397,0.317,5.052,10.102,13.252
2023-10-03 01:00:00,1.202,89.4034,0.07084179,0.402,0.397,0.317,4.702,9.852,13.252
2023-10-03 02:00:00,1.202,90.71223,0.062092185,0.402,0.397,0.317,4.552,9.652,13.252
2023-10-03 03:00:00,2.9520001,87.95374,0.09124094,0.402,0.397,0.317,5.352,9.452,13.252
2023-10-03 04:00:00,5.802,75.216415,0.22915292,0.402,0.397,0.317,7.202,9.402,13.202
2023-10-03 05:00:00,7.802,67.709625,0.34248,0.402,0.397,0.317,8.852,9.452,13.202
2023-10-03 06:00:00,8.952,61.08905,0.44614065,0.401,0.396,0.317,10.302,9.552,13.202
2023-10-03 07:00:00,9.502,61.658783,0.4561823,0.4,0.396,0.317,11.402,9.702,13.152
2023-10-03 08:00:00,10.352,59.712944,0.5073859,0.399,0.396,0.317,12.202,9.852,13.152
2023-10-03 09:00:00,10.952,58.39956,0.5452622,0.399,0.396,0.317,12.802,10.052,13.152
2023-10-03 10:00:00,11.102,58.23122,0.5529423,0.398,0.395,0.317,12.752,10.252,13.152
2023-10-03 11:00:00,11.052,58.218624,0.5512786,0.398,0.395,0.317,12.402,10.402,13.152
2023-10-03 12:00:00,10.502,62.33486,0.47912765,0.397,0.395,0.317,11.602,10.502,13.102
2023-10-03 13:00:00,9.252,67.5391,0.37978095,0.397,0.395,0.317,10.402,10.552,13.102
2023-10-03 14:00:00,7.502,76.580444,0.24336654,0.397,0.395,0.317,9.302,10.502,13.102
2023-10-03 15:00:00,5.902,84.27963,0.14636219,0.397,0.395,0.317,8.252,10.452,13.102
2023-10-03 16:00:00,4.852,88.12694,0.102772534,0.397,0.395,0.317,7.352,10.302,13.102
2023-10-03 17:00:00,4.302,89.653984,0.08617866,0.397,0.395,0.317,6.802,10.202,13.052
2023-10-03 18:00:00,3.752,91.21835,0.070378125,0.397,0.395,0.317,6.252,10.002,13.052
2023-10-03 19:00:00,3.4520001,90.8735,0.071612656,0.397,0.395,0.317,5.852,9.852,13.052
2023-10-03 20:00:00,2.9520001,93.13894,0.05196768,0.397,0.395,0.317,5.502,9.652,13.052
2023-10-03 21:00:00,2.652,94.12685,0.043548882,0.397,0.395,0.317,5.252,9.502,13.002
2023-10-03 22:00:00,2.552,94.45928,0.04079318,0.397,0.395,0.317,5.052,9.302,13.002
2023-10-03 23:00:00,2.402,94.45268,0.04040855,0.397,0.395,0.317,4.802,9.102,13.002
2023-10-04 00:00:00,2.102,95.11921,0.0348019,0.397,0.395,0.317,4.552,8.952,12.952
2023-10-04 01:00:00,1.952,95.45526,0.032060683,0.397,0.395,0.317,4.352,8.752,12.952
2023-10-04 02:00:00,2.002,95.45706,0.032162488,0.397,0.395,0.317,4.252,8.602,12.952
2023-10-04 03:00:00,3.752,94.17761,0.04666215,0.397,0.395,0.317,5.152,8.502,12.902
2023-10-04 04:00:00,7.302,80.127396,0.2037068,0.397,0.395,0.317,7.302,8.502,12.902
2023-10-04 05:00:00,9.752,70.79298,0.35337323,0.397,0.395,0.317,9.052,8.602,12.902
2023-10-04 06:00:00,11.702,63.274296,0.50584763,0.396,0.394,0.317,10.752,8.752,12.852
2023-10-04 07:00:00,12.902,58.071278,0.6248565,0.395,0.394,0.317,12.002,9.002,12.852
2023-10-04 08:00:00,13.652,55.492916,0.69649756,0.395,0.394,0.317,12.852,9.252,12.852
2023-10-04 09:00:00,14.002,54.43547,0.72941977,0.394,0.394,0.317,13.202,9.502,12.852
2023-10-04 10:00:00,13.952,54.802742,0.72119933,0.393,0.393,0.317,13.152,9.752,12.802
2023-10-04 11:00:00,13.502,59.034073,0.63485116,0.393,0.393,0.317,12.702,9.952,12.802
2023-10-04 12:00:00,12.702,64.38672,0.5238275,0.393,0.393,0.317,12.052,10.102,12.802
2023-10-04 13:00:00,11.602,69.69703,0.41462684,0.393,0.393,0.317,11.202,10.202,12.802
2023-10-04 14:00:00,10.302,78.101135,0.27486664,0.393,0.393,0.317,10.402,10.252,12.802
2023-10-04 15:00:00,9.452,80.98701,0.22544724,0.393,0.393,0.317,9.652,10.252,12.752
2023-10-04 16:00:00,8.902,83.4656,0.1889323,0.393,0.393,0.317,9.202,10.252,12.752
2023-10-04 17:00:00,8.202,86.913216,0.14262182,0.393,0.393,0.317,8.802,10.202,12.752
2023-10-04 18:00:00,7.302,90.51224,0.09725386,0.393,0.393,0.317,8.302,10.152,12.752
2023-10-04 19:00:00,7.652,82.44802,0.18426633,0.393,0.393,0.317,7.902,10.052,12.752
2023-10-04 20:00:00,6.752,85.26844,0.14542496,0.393,0.393,0.318,7.352,9.952,12.752
2023-10-04 21:00:00,7.102,82.3776,0.17818636,0.393,0.393,0.318,6.602,9.852,12.702
2023-10-04 22:00:00,6.502,84.34924,0.15186828,0.393,0.393,0.318,6.002,9.652,12.702
2023-10-04 23:00:00,6.452,84.9373,0.14566016,0.393,0.393,0.318,5.502,9.502,12.702
2023-10-05 00:00:00,5.952,86.996216,0.12148887,0.393,0.393,0.318,5.102,9.302,12.702
2023-10-05 01:00:00,5.602,88.194305,0.107656896,0.393,0.393,0.318,4.752,9.102,12.652
2023-10-05 02:00:00,5.352,89.10796,0.097617924,0.393,0.393,0.318,4.502,8.952,12.652
2023-10-05 03:00:00,5.552,88.812004,0.10167122,0.393,0.393,0.318,5.302,8.802,12.652
2023-10-05 04:00:00,8.102,81.93406,0.19555652,0.393,0.393,0.318,7.502,8.802,12.652
2023-10-05 05:00:00,10.952,65.57475,0.45120692,0.393,0.393,0.318,9.852,8.902,12.602
2023-10-05 06:00:00,12.852,53.3762,0.6925733,0.392,0.392,0.318,11.602,9.102,12.602
2023-10-05 07:00:00,14.202,44.27276,0.9037736,0.391,0.392,0.318,12.852,9.352,12.602
2023-10-05 08:00:00,14.952,40.411842,1.0142899,0.39,0.392,0.318,13.702,9.602,12.602
2023-10-05 09:00:00,15.302,39.796646,1.0480537,0.389,0.391,0.318,14.202,9.902,12.552
2023-10-05 10:00:00,15.302,40.94958,1.0279782,0.389,0.391,0.318,14.202,10.152,12.552
2023-10-05 11:00:00,14.902,44.789436,0.93674266,0.388,0.391,0.318,13.802,10.402,12.552
2023-10-05 12:00:00,13.952,51.102573,0.78025645,0.388,0.391,0.318,12.902,10.552,12.552
2023-10-05 13:00:00,12.902,52.64261,0.7057747,0.388,0.391,0.318,11.402,10.652,12.552
2023-10-05 14:00:00,11.852,55.60974,0.6175084,0.388,0.391,0.318,9.802,10.602,12.552
2023-10-05 15:00:00,10.602,59.98621,0.51240647,0.388,0.391,0.318,8.602,10.552,12.552
2023-10-05 16:00:00,7.652,73.17446,0.28162646,0.388,0.391,0.318,7.802,10.452,12.552
2023-10-05 17:00:00,5.902,81.64302,0.17091006,0.388,0.391,0.318,7.152,10.302,12.502
2023-10-05 18:00:00,4.952,85.67534,0.124860406,0.388,0.391,0.318,6.652,10.152,12.502
2023-10-05 19:00:00,4.602,85.030685,0.12733227,0.388,0.391,0.318,6.252,9.952,12.502
2023-10-05 20:00:00,4.152,86.81853,0.10864848,0.388,0.391,0.318,5.902,9.802,12.502
2023-10-05 21:00:00,3.752,88.34172,0.09343177,0.388,0.391,0.318,5.602,9.602,12.502
2023-10-05 22:00:00,3.552,89.275085,0.08475,0.388,0.391,0.318,5.402,9.452,12.502
2023-10-05 23:00:00,3.302,90.21645,0.07595992,0.388,0.391,0.318,5.202,9.252,12.452
2023-10-06 00:00:00,3.052,91.17048,0.067352176,0.388,0.39,0.318,5.002,9.102,12.452
2023-10-06 01:00:00,2.9520001,91.81789,0.06197357,0.388,0.39,0.318,4.852,8.902,12.452
2023-10-06 02:00:00,2.802,92.46747,0.056450248,0.388,0.39,0.318,4.702,8.752,12.452
2023-10-06 03:00:00,4.702,90.3215,0.08290464,0.388,0.39,0.318,5.502,8.652,12.402
2023-10-06 04:00:00,8.852,76.800896,0.26419955,0.388,0.39,0.318,7.552,8.652,12.402
2023-10-06 05:00:00,12.002,66.491325,0.4707423,0.388,0.39,0.318,9.852,8.752,12.402
2023-10-06 06:00:00,14.302,59.639423,0.65875196,0.387,0.39,0.318,11.652,8.952,12.402
2023-10-06 07:00:00,15.952,53.638714,0.8412663,0.386,0.39,0.318,13.252,9.252,12.352
2023-10-06 08:00:00,16.902,49.460365,0.9741783,0.385,0.389,0.318,14.352,9.552,12.352
2023-10-06 09:00:00,17.352,46.924274,1.0525947,0.385,0.389,0.318,14.952,9.852,12.352
2023-10-06 10:00:00,17.352,46.11957,1.0685608,0.384,0.389,0.318,15.052,10.152,12.352
2023-10-06 11:00:00,17.002,48.9788,0.9897077,0.383,0.389,0.318,14.702,10.452,12.352
2023-10-06 12:00:00,16.001999,54.02175,0.83697724,0.383,0.389,0.318,13.802,10.652,12.352
2023-10-06 13:00:00,13.852,61.193207,0.6152052,0.383,0.389,0.318,12.402,10.752,12.352
2023-10-06 14:00:00,11.652,69.94752,0.41255802,0.383,0.389,0.318,11.352,10.802,12.352
2023-10-06 15:00:00,10.552,73.19346,0.3421238,0.383,0.388,0.318,10.602,10.802,12.302
2023-10-06 16:00:00,9.752,75.88899,0.29171258,0.383,0.388,0.318,10.002,10.802,12.302
2023-10-06 17:00:00,9.152,77.92359,0.25654787,0.383,0.388,0.318,9.502,10.752,12.302
2023-10-06 18:00:00,8.802,79.233345,0.23569989,0.383,0.388,0.318,9.152,10.702,12.302
2023-10-06 19:00:00,8.102,77.75969,0.2407443,0.383,0.388,0.318,8.802,10.602,12.302
2023-10-06 20:00:00,7.652,79.618286,0.2139749,0.383,0.388,0.318,8.402,10.552,12.302
2023-10-06 21:00:00,7.402,80.42288,0.20205295,0.383,0.388,0.318,8.102,10.452,12.302
2023-10-06 22:00:00,7.302,80.691086,0.19792843,0.383,0.388,0.318,8.002,10.352,12.302
2023-10-06 23:00:00,6.902,82.06357,0.17889422,0.383,0.388,0.318,7.702,10.252,12.302
2023-10-07 00:00:00,6.552,83.47175,0.16093552,0.383,0.388,0.318,7.502,10.102,12.302
2023-10-07 01:00:00,6.552,83.179146,0.16378462,0.383,0.388,0.318,7.452,10.002,12.302
2023-10-07 02:00:00,6.302,84.326096,0.1500135,0.383,0.388,0.318,7.302,9.902,12.252
2023-10-07 03:00:00,7.552,79.88293,0.2097618,0.383,0.388,0.318,7.852,9.852,12.252
2023-10-07 04:00:00,9.402,72.72915,0.3222891,0.383,0.388,0.318,8.902,9.802,12.252
2023-10-07 05:00:00,11.252,65.86962,0.4563244,0.383,0.388,0.318,10.202,9.902,12.252
2023-10-07 06:00:00,12.902,60.966793,0.581697,0.382,0.388,0.318,11.452,10.002,12.252
2023-10-07 07:00:00,13.702,59.493122,0.6359449,0.382,0.388,0.318,12.452,10.152,12.252
2023-10-07 08:00:00,14.502,57.47156,0.70316494,0.381,0.387,0.318,13.352,10.352,12.252
2023-10-07 09:00:00,14.802,57.34923,0.71895033,0.38,0.387,0.318,13.902,10.552,12.252
2023-10-07 10:00:00,14.552,59.90534,0.6650549,0.38,0.387,0.318,13.852,10.752,12.202
2023-10-07 11:00:00,14.052,64.24809,0.57415533,0.38,0.387,0.318,13.502,10.902,12.202
2023-10-07 12:00:00,13.052,69.27275,0.46240067,0.379,0.387,0.318,12.902,11.052,12.202
2023-10-07 13:00:00,11.852,74.43861,0.35555315,0.379,0.387,0.318,12.102,11.102,12.202
2023-10-07 14:00:00,10.752,78.97644,0.27190316,0.379,0.387,0.318,11.352,11.152,12.202
2023-10-07 15:00:00,9.952,81.89271,0.22202241,0.379,0.387,0.318,10.802,11.152,12.202
2023-10-07 16:00:00,9.652,81.57297,0.22145039,0.379,0.387,0.318,10.402,11.102,12.202
2023-10-07 17:00:00,9.402,80.42394,0.23134613,0.379,0.387,0.318,10.102,11.102,12.202
2023-10-07 18:00:00,9.602,77.45606,0.27002317,0.379,0.387,0.318,10.002,11.052,12.202
2023-10-07 19:00:00,8.902,78.97373,0.24026233,0.379,0.386,0.318,9.752,11.002,12.202
2023-10-07 20:00:00,9.002,77.90028,0.2542373,0.379,0.386,0.318,9.702,10.952,12.202
2023-10-07 21:00:00,8.752,78.67761,0.24119228,0.379,0.386,0.318,9.552,10.902,12.202
2023-10-07 22:00:00,8.552,79.47222,0.2290858,0.379,0.386,0.318,9.452,10.852,12.202
2023-10-07 23:00:00,8.252,81.38642,0.20354539,0.379,0.386,0.318,9.252,10.802,12.202
2023-10-08 00:00:00,8.202,81.66299,0.19984227,0.379,0.386,0.318,9.102,10.702,12.202
2023-10-08 01:00:00,8.552,79.47222,0.2290858,0.379,0.386,0.318,9.202,10.652,12.202
2023-10-08 02:00:00,8.702,78.67006,0.24046409,0.38,0.386,0.318,9.202,10.602,12.202
2023-10-08 03:00:00,9.352,76.35031,0.27855396,0.38,0.386,0.318,9.502,10.552,12.202
2023-10-08 04:00:00,10.302,73.40156,0.33386028,0.38,0.386,0.318,10.002,10.552,12.202
2023-10-08 05:00:00,11.502,69.67705,0.41217,0.379,0.386,0.318,10.802,10.602,12.202
2023-10-08 06:00:00,12.552,65.472664,0.50288904,0.379,0.386,0.318,11.652,10.702,12.202
2023-10-08 07:00:00,12.152,67.44739,0.46184188,0.379,0.386,0.318,12.002,10.752,12.202
2023-10-08 08:00:00,13.302,62.554863,0.5727753,0.378,0.386,0.318,12.752,10.902,12.202
2023-10-08 09:00:00,13.952,60.172974,0.6354882,0.377,0.385,0.318,13.402,11.052,12.202
2023-10-08 10:00:00,13.952,60.79745,0.62552136,0.379,0.385,0.318,13.602,11.202,12.202
2023-10-08 11:00:00,12.602,70.135185,0.4363948,0.38,0.385,0.318,12.952,11.302,12.202
2023-10-08 12:00:00,11.802,74.684456,0.35097516,0.38,0.385,0.318,12.302,11.352,12.202
2023-10-08 13:00:00,11.152,76.90644,0.3067094,0.38,0.385,0.318,11.702,11.402,12.202
2023-10-08 14:00:00,10.552,80.03475,0.25480318,0.381,0.385,0.318,11.202,11.402,12.202
2023-10-08 15:00:00,10.452,79.74721,0.25675797,0.381,0.385,0.318,10.902,11.402,12.202
2023-10-08 16:00:00,10.402,78.65439,0.26971376,0.382,0.385,0.318,10.702,11.352,12.202
2023-10-08 17:00:00,10.202,77.817726,0.27657312,0.382,0.385,0.318,10.502,11.302,12.202
2023-10-08 18:00:00,9.802,76.68883,0.28298086,0.382,0.385,0.318,10.302,11.302,12.202
2023-10-08 19:00:00,9.502,70.74407,0.34808046,0.382,0.385,0.318,10.102,11.252,12.202
2023-10-08 20:00:00,9.102,70.665565,0.33975303,0.381,0.385,0.318,9.852,11.202,12.202
2023-10-08 21:00:00,8.852,68.89758,0.35421056,0.381,0.385,0.318,9.602,11.102,12.202
2023-10-08 22:00:00,8.902,65.81461,0.3906383,0.381,0.385,0.318,9.502,11.052,12.202
2023-10-08 23:00:00,8.802,63.94975,0.40917772,0.381,0.385,0.318,9.352,10.952,12.152
2023-10-09 00:00:00,8.652,63.23561,0.4130761,0.381,0.385,0.318,9.252,10.902,12.152
2023-10-09 01:00:00,8.502,63.200584,0.40929568,0.381,0.385,0.318,9.102,10.852,12.152
2023-10-09 02:00:00,8.352,63.618477,0.400558,0.381,0.385,0.318,9.002,10.752,12.152
2023-10-09 03:00:00,8.852,63.057343,0.42072457,0.381,0.385,0.318,9.202,10.702,12.152
2023-10-09 04:00:00,9.852,61.96153,0.46332514,0.38,0.384,0.318,9.802,10.652,12.152
2023-10-09 05:00:00,11.102,58.23122,0.5529423,0.38,0.384,0.318,10.752,10.702,12.152
2023-10-09 06:00:00,12.102,55.089012,0.63511854,0.379,0.384,0.318,11.502,10.752,12.152
2023-10-09 07:00:00,13.552,52.264034,0.74220026,0.379,0.384,0.318,12.302,10.852,12.152
2023-10-09 08:00:00,14.552,48.300667,0.85760313,0.378,0.384,0.318,12.952,11.002,12.152
2023-10-09 09:00:00,15.452,44.630688,0.9731881,0.377,0.384,0.318,13.602,11.152,12.152
2023-10-09 10:00:00,15.652,45.320747,0.9734334,0.377,0.383,0.318,13.902,11.302,12.152
2023-10-09 11:00:00,15.402,46.54024,0.936611,0.376,0.383,0.318,13.752,11.452,12.152
2023-10-09 12:00:00,14.652,50.40469,0.82801217,0.376,0.383,0.318,13.252,11.552,12.152
2023-10-09 13:00:00,13.802,55.14647,0.7087874,0.376,0.383,0.318,12.602,11.602,12.152
2023-10-09 14:00:00,13.252,59.17737,0.62242025,0.376,0.383,0.318,12.102,11.652,12.152
2023-10-09 15:00:00,12.752,62.643215,0.55127734,0.376,0.383,0.318,11.752,11.652,12.152
2023-10-09 16:00:00,12.352,64.97835,0.50344557,0.376,0.383,0.318,11.402,11.652,12.152
2023-10-09 17:00:00,11.952,66.25115,0.47255975,0.375,0.383,0.318,11.152,11.652,12.152
2023-10-09 18:00:00,11.702,65.739685,0.47188538,0.375,0.383,0.318,10.902,11.602,12.152
2023-10-09 19:00:00,10.752,65.074104,0.4517303,0.375,0.383,0.318,10.552,11.552,12.152
2023-10-09 20:00:00,10.602,64.58662,0.45348978,0.375,0.383,0.318,10.302,11.502,12.152
2023-10-09 21:00:00,10.502,63.664047,0.46221793,0.375,0.383,0.318,10.152,11.452,12.152
2023-10-09 22:00:00,10.352,63.183434,0.46367437,0.375,0.383,0.318,10.002,11.402,12.152
2023-10-09 23:00:00,10.252,62.938107,0.4636613,0.375,0.383,0.318,9.852,11.302,12.152
2023-10-10 00:00:00,10.352,62.519447,0.47203755,0.375,0.383,0.318,9.802,11.252,12.152
2023-10-10 01:00:00,10.652,62.37019,0.483481,0.375,0.383,0.318,9.852,11.202,12.152
2023-10-10 02:00:00,10.952,62.880157,0.48652875,0.375,0.383,0.318,9.952,11.152,12.152
2023-10-10 03:00:00,11.852,61.56866,0.5346038,0.375,0.383,0.318,10.402,11.102,12.152
2023-10-10 04:00:00,13.352,58.18388,0.64173657,0.374,0.382,0.318,11.302,11.152,12.152
2023-10-10 05:00:00,14.752,56.35731,0.7333123,0.374,0.382,0.318,12.452,11.202,12.152
2023-10-10 06:00:00,15.952,53.82341,0.8379137,0.373,0.382,0.318,13.502,11.352,12.152
2023-10-10 07:00:00,17.202,50.74745,0.96753746,0.372,0.382,0.318,14.552,11.552,12.152
2023-10-10 08:00:00,18.152,49.801064,1.0468761,0.372,0.382,0.318,15.402,11.752,12.152
2023-10-10 09:00:00,18.602,49.923077,1.0741544,0.371,0.381,0.318,15.852,11.952,12.152
2023-10-10 10:00:00,18.452,52.31019,1.0133798,0.37,0.381,0.318,15.902,12.152,12.152
2023-10-10 11:00:00,17.902,54.331425,0.93753195,0.37,0.381,0.318,15.602,12.352,12.202
2023-10-10 12:00:00,16.902,57.094597,0.8269677,0.37,0.381,0.318,15.002,12.452,12.202
2023-10-10 13:00:00,15.952,59.632076,0.73247516,0.37,0.381,0.318,14.352,12.552,12.202
2023-10-10 14:00:00,15.202,61.931885,0.6583843,0.37,0.381,0.318,13.852,12.602,12.202
2023-10-10 15:00:00,14.652,63.9459,0.6018826,0.37,0.381,0.318,13.452,12.652,12.202
2023-10-10 16:00:00,14.102,66.486084,0.5399504,0.37,0.381,0.318,13.152,12.702,12.202
2023-10-10 17:00:00,13.152,71.93384,0.42511106,0.37,0.381,0.318,12.752,12.652,12.202
2023-10-10 18:00:00,11.952,78.6184,0.29937053,0.37,0.381,0.318,12.302,12.652,12.202
2023-10-10 19:00:00,9.402,86.732506,0.15678883,0.37,0.381,0.318,11.302,12.552,12.252
2023-10-10 20:00:00,7.952,89.013466,0.11771703,0.37,0.381,0.318,10.652,12.452,12.252
2023-10-10 21:00:00,7.002,86.192825,0.13865602,0.37,0.381,0.318,10.202,12.352,12.252
2023-10-10 22:00:00,6.552,82.306786,0.17227894,0.37,0.381,0.318,9.852,12.202,12.252
2023-10-10 23:00:00,6.202,78.01051,0.20901388,0.37,0.38,0.318,9.452,12.102,12.252
2023-10-11 00:00:00,5.602,76.81206,0.21145147,0.37,0.38,0.318,8.952,11.902,12.252
2023-10-11 01:00:00,5.052,75.899704,0.21153444,0.369,0.38,0.318,8.502,11.752,12.252
2023-10-11 02:00:00,4.152,79.38419,0.16992366,0.369,0.38,0.318,7.852,11.552,12.252
2023-10-11 03:00:00,4.352,78.56202,0.17919362,0.369,0.38,0.318,7.752,11.352,12.252
2023-10-11 04:00:00,5.452,72.24348,0.25049168,0.369,0.38,0.318,8.352,11.252,12.252
2023-10-11 05:00:00,6.702,67.232185,0.32236403,0.369,0.38,0.318,9.252,11.152,12.252
2023-10-11 06:00:00,7.902,61.052902,0.41590154,0.369,0.38,0.318,10.252,11.102,12.252
2023-10-11 07:00:00,8.952,56.656803,0.4969586,0.369,0.38,0.318,11.002,11.152,12.252
2023-10-11 08:00:00,9.102,52.93557,0.54510653,0.369,0.38,0.318,11.052,11.152,12.252
2023-10-11 09:00:00,9.152,50.322098,0.5773143,0.369,0.38,0.318,11.052,11.152,12.252
2023-10-11 10:00:00,9.102,48.680748,0.59438115,0.368,0.379,0.318,10.952,11.152,12.252
2023-10-11 11:00:00,8.852,49.327595,0.57707816,0.368,0.379,0.318,10.602,11.152,12.252
2023-10-11 12:00:00,8.502,50.32403,0.5525029,0.368,0.379,0.318,10.202,11.102,12.252
2023-10-11 13:00:00,7.802,52.38785,0.5049742,0.368,0.379,0.318,9.552,11.052,12.252
2023-10-11 14:00:00,7.052,55.75009,0.44588727,0.368,0.379,0.318,8.952,10.952,12.252
2023-10-11 15:00:00,6.402,59.370792,0.39153367,0.368,0.379,0.318,8.402,10.852,12.252
2023-10-11 16:00:00,5.802,63.0206,0.34190798,0.368,0.379,0.318,7.952,10.702,12.252
2023-10-11 17:00:00,5.402,66.22321,0.3037613,0.368,0.379,0.318,7.552,10.602,12.202
2023-10-11 18:00:00,4.802,70.05713,0.25827342,0.368,0.379,0.318,7.152,10.452,12.202
2023-10-11 19:00:00,3.9520001,74.62098,0.20626533,0.368,0.379,0.318,6.702,10.252,12.202
2023-10-11 20:00:00,3.4520001,78.138725,0.17153281,0.368,0.379,0.318,6.302,10.102,12.202
2023-10-11 21:00:00,3.252,80.11544,0.15383643,0.368,0.379,0.318,6.102,9.902,12.202
2023-10-11 22:00:00,3.152,81.56421,0.1416241,0.368,0.379,0.318,5.952,9.752,12.202
2023-10-11 23:00:00,2.652,84.81019,0.11262822,0.368,0.379,0.318,5.552,9.552,12.202
2023-10-12 00:00:00,2.102,87.55773,0.08871585,0.368,0.379,0.318,5.102,9.402,12.152
2023-10-12 01:00:00,2.002,88.50392,0.081386685,0.368,0.379,0.318,4.852,9.202,12.152
2023-10-12 02:00:00,1.952,89.14203,0.076595604,0.368,0.379,0.318,4.652,9.002,12.152
2023-10-12 03:00:00,2.902,87.94913,0.09095305,0.368,0.379,0.318,5.102,8.852,12.152
2023-10-12 04:00:00,5.152,72.97157,0.23889041,0.368,0.379,0.318,6.752,8.802,12.152
2023-10-12 05:00:00,6.302,60.882313,0.37438154,0.368,0.379,0.318,7.702,8.802,12.102
2023-10-12 06:00:00,7.102,49.745045,0.50812113,0.367,0.379,0.318,8.752,8.852,12.102
2023-10-12 07:00:00,7.552,49.872383,0.52266586,0.367,0.378,0.318,9.452,8.902,12.102
2023-10-12 08:00:00,8.002,45.922718,0.5813845,0.366,0.378,0.318,10.052,9.002,12.102
2023-10-12 09:00:00,8.102,45.442577,0.5905447,0.366,0.378,0.318,10.202,9.102,12.102
2023-10-12 10:00:00,8.002,45.752377,0.58321536,0.365,0.378,0.318,10.102,9.202,12.052
2023-10-12 11:00:00,7.652,46.68152,0.55973154,0.365,0.378,0.318,9.652,9.302,12.052
2023-10-12 12:00:00,6.552,53.407684,0.45364642,0.365,0.378,0.318,8.752,9.302,12.052
2023-10-12 13:00:00,5.352,58.0246,0.3761716,0.365,0.378,0.318,7.602,9.252,12.052
2023-10-12 14:00:00,4.202,63.103317,0.30516624,0.365,0.378,0.318,6.702,9.152,12.052
2023-10-12 15:00:00,3.152,67.442665,0.25009042,0.365,0.378,0.318,5.902,9.052,12.002
2023-10-12 16:00:00,2.302,70.581245,0.21275574,0.365,0.378,0.318,5.252,8.902,12.002
2023-10-12 17:00:00,1.552,73.64009,0.18069184,0.365,0.378,0.318,4.652,8.702,12.002
2023-10-12 18:00:00,0.802,76.85574,0.15032494,0.365,0.378,0.318,4.102,8.552,12.002
2023-10-12 19:00:00,0.052,77.88359,0.13606364,0.365,0.377,0.318,3.552,8.352,12.002
2023-10-12 20:00:00,-0.448,79.567825,0.121214986,0.365,0.377,0.318,3.102,8.102,11.952
2023-10-12 21:00:00,-0.848,81.009224,0.10942283,0.365,0.377,0.318,2.752,7.902,11.952
2023-10-12 22:00:00,-1.048,81.28464,0.10626939,0.365,0.377,0.318,2.402,7.702,11.952
2023-10-12 23:00:00,-1.0979999,81.27764,0.105920434,0.365,0.377,0.318,2.152,7.452,11.902
2023-10-13 00:00:00,-1.0979999,80.973755,0.1076394,0.365,0.377,0.318,2.002,7.252,11.902
2023-10-13 01:00:00,-1.048,80.3763,0.111426294,0.365,0.377,0.318,1.852,7.052,11.902
2023-10-13 02:00:00,-0.948,79.19459,0.11900321,0.365,0.377,0.318,1.802,6.852,11.852
2023-10-13 03:00:00,0.15200001,74.48607,0.15810439,0.365,0.377,0.318,2.252,6.702,11.852
2023-10-13 04:00:00,2.2020001,67.23443,0.23527217,0.365,0.377,0.318,3.402,6.602,11.802
2023-10-13 05:00:00,4.352,60.175617,0.3328554,0.365,0.377,0.318,4.902,6.602,11.802
2023-10-13 06:00:00,6.202,55.524178,0.4227286,0.364,0.377,0.318,6.302,6.652,11.802
2023-10-13 07:00:00,7.852,50.14145,0.53059804,0.364,0.377,0.318,7.602,6.752,11.752
2023-10-13 08:00:00,8.752,44.464584,0.62819135,0.363,0.377,0.318,8.452,6.952,11.752
2023-10-13 09:00:00,9.252,41.57689,0.68350893,0.363,0.376,0.318,9.002,7.102,11.752
2023-10-13 10:00:00,9.352,41.298138,0.691405,0.362,0.376,0.318,9.102,7.302,11.702
2023-10-13 11:00:00,8.852,44.32932,0.6339888,0.362,0.376,0.318,8.802,7.402,11.702
2023-10-13 12:00:00,7.802,46.725002,0.5650204,0.362,0.376,0.318,8.102,7.502,11.702
2023-10-13 13:00:00,6.852,48.758892,0.50928605,0.362,0.376,0.318,7.352,7.552,11.652
2023-10-13 14:00:00,6.252,50.247845,0.47449797,0.362,0.376,0.318,6.802,7.602,11.652
2023-10-13 15:00:00,5.802,51.448536,0.4488765,0.362,0.376,0.318,6.352,7.602,11.652
2023-10-13 16:00:00,5.402,53.290398,0.42004246,0.362,0.376,0.318,6.052,7.552,11.652
2023-10-13 17:00:00,4.902,56.63253,0.37666202,0.361,0.376,0.318,5.702,7.552,11.602
2023-10-13 18:00:00,4.402,60.188156,0.33391768,0.361,0.376,0.318,5.402,7.502,11.602
2023-10-13 19:00:00,4.252,59.4842,0.33626872,0.361,0.376,0.318,5.202,7.452,11.602
2023-10-13 20:00:00,4.102,61.0122,0.32020348,0.361,0.376,0.318,5.102,7.402,11.552
2023-10-13 21:00:00,3.9520001,62.11675,0.30787414,0.361,0.376,0.318,4.952,7.302,11.552
2023-10-13 22:00:00,3.802,63.47629,0.29371393,0.361,0.376,0.318,4.852,7.252,11.552
2023-10-13 23:00:00,3.552,65.32389,0.27399272,0.361,0.376,0.318,4.702,7.202,11.502
2023-10-14 00:00:00,3.552,66.78727,0.2624321,0.361,0.376,0.318,4.652,7.102,11.502
2023-10-14 01:00:00,3.602,68.29034,0.25144184,0.361,0.376,0.318,4.652,7.052,11.502
2023-10-14 02:00:00,4.102,68.14679,0.2616176,0.361,0.376,0.318,4.802,7.002,11.502
2023-10-14 03:00:00,4.952,67.33998,0.28466916,0.361,0.376,0.318,5.252,7.002,11.452
2023-10-14 04:00:00,5.902,67.058586,0.3066907,0.361,0.376,0.318,5.902,7.002,11.452
2023-10-14 05:00:00,6.802,65.11061,0.34559906,0.361,0.375,0.318,6.702,7.052,11.452
2023-10-14 06:00:00,7.402,64.54727,0.3659042,0.361,0.375,0.318,7.352,7.152,11.402
2023-10-14 07:00:00,7.902,65.125374,0.3724143,0.36,0.375,0.318,7.752,7.202,11.402
2023-10-14 08:00:00,8.902,61.95532,0.4347396,0.36,0.375,0.318,8.652,7.352,11.402
2023-10-14 09:00:00,9.452,59.278164,0.48288333,0.36,0.375,0.318,9.202,7.502,11.402
2023-10-14 10:00:00,9.302,60.307854,0.4659518,0.359,0.375,0.318,9.202,7.652,11.352
2023-10-14 11:00:00,8.802,63.2706,0.4168864,0.359,0.375,0.318,8.852,7.752,11.352
2023-10-14 12:00:00,8.152,66.11755,0.3680176,0.359,0.375,0.318,8.402,7.852,11.352
2023-10-14 13:00:00,7.402,70.07895,0.3088134,0.36,0.375,0.318,7.952,7.902,11.352
2023-10-14 14:00:00,6.852,73.809616,0.2603243,0.362,0.375,0.318,7.552,7.952,11.302
2023-10-14 15:00:00,6.202,80.82227,0.18228781,0.365,0.375,0.318,7.152,7.952,11.302
2023-10-14 16:00:00,5.752,85.7608,0.13120383,0.371,0.375,0.318,6.852,7.952,11.302
2023-10-14 17:00:00,5.452,90.3771,0.08684409,0.376,0.375,0.318,6.652,7.952,11.302
2023-10-14 18:00:00,5.502,91.6569,0.07555562,0.381,0.375,0.318,6.552,7.902,11.302
2023-10-14 19:00:00,5.852,91.04102,0.08312327,0.383,0.375,0.318,6.552,7.902,11.252
2023-10-14 20:00:00,5.852,91.359726,0.08016628,0.385,0.375,0.318,6.552,7.852,11.252
2023-10-14 21:00:00,5.452,93.27184,0.06071973,0.385,0.375,0.318,6.402,7.852,11.252
2023-10-14 22:00:00,5.202,94.24355,0.051056325,0.385,0.375,0.318,6.252,7.802,11.252
2023-10-14 23:00:00,5.502,93.600975,0.05794996,0.385,0.375,0.318,6.352,7.802,11.202
2023-10-15 00:00:00,5.352,93.92139,0.054478347,0.387,0.375,0.318,6.352,7.752,11.202
2023-10-15 01:00:00,4.952,93.57345,0.056016922,0.388,0.375,0.318,6.202,7.752,11.202
2023-10-15 02:00:00,4.302,94.535355,0.045518696,0.388,0.375,0.318,5.902,7.702,11.202
2023-10-15 03:00:00,4.302,95.20365,0.03995198,0.388,0.375,0.318,5.852,7.652,11.202
2023-10-15 04:00:00,4.902,90.018425,0.08670163,0.388,0.375,0.318,6.102,7.602,11.152
2023-10-15 05:00:00,5.702,85.153015,0.13633162,0.388,0.375,0.318,6.602,7.602,11.152
2023-10-15 06:00:00,6.352,79.70889,0.19487447,0.389,0.375,0.318,7.202,7.652,11.152
2023-10-15 07:00:00,7.952,67.02212,0.35335904,0.39,0.375,0.318,8.052,7.702,11.152
2023-10-15 08:00:00,8.452,59.883102,0.44468552,0.39,0.374,0.318,8.402,7.802,11.152
2023-10-15 09:00:00,8.602,58.64222,0.4631173,0.39,0.374,0.318,8.702,7.902,11.102
2023-10-15 10:00:00,8.702,56.184566,0.4939648,0.39,0.374,0.318,8.752,8.002,11.102
2023-10-15 11:00:00,8.502,58.19617,0.46495527,0.39,0.374,0.318,8.652,8.102,11.102
2023-10-15 12:00:00,7.702,61.889862,0.40146136,0.389,0.374,0.318,8.152,8.102,11.102
2023-10-15 13:00:00,6.852,66.06665,0.33728462,0.389,0.374,0.318,7.552,8.152,11.102
2023-10-15 14:00:00,5.952,70.28962,0.2775687,0.389,0.374,0.318,6.852,8.102,11.052
2023-10-15 15:00:00,5.552,72.262535,0.25206167,0.389,0.374,0.318,6.452,8.102,11.052
2023-10-15 16:00:00,5.002,75.07699,0.21799493,0.389,0.374,0.318,6.052,8.002,11.052
2023-10-15 17:00:00,4.652,77.208824,0.19454247,0.389,0.374,0.318,5.702,7.952,11.052
2023-10-15 18:00:00,4.402,79.13664,0.17500216,0.389,0.374,0.318,5.452,7.852,11.052
2023-10-15 19:00:00,3.852,80.78214,0.15510023,0.389,0.374,0.318,5.152,7.752,11.052
2023-10-15 20:00:00,3.652,82.518326,0.13911748,0.389,0.374,0.318,4.952,7.652,11.002
2023-10-15 21:00:00,3.552,84.00266,0.12641215,0.389,0.374,0.318,4.752,7.552,11.002
2023-10-15 22:00:00,4.102,82.576355,0.14311099,0.388,0.374,0.318,4.902,7.502,11.002
2023-10-15 23:00:00,4.502,82.03914,0.15171432,0.388,0.374,0.318,5.052,7.402,11.002
2023-10-16 00:00:00,5.152,80.38851,0.17333812,0.388,0.374,0.318,5.302,7.352,11.002
2023-10-16 01:00:00,5.802,78.504456,0.1987518,0.388,0.374,0.318,5.602,7.302,10.952
2023-10-16 02:00:00,6.452,76.678566,0.22552454,0.388,0.374,0.318,5.952,7.302,10.952
2023-10-16 03:00:00,7.102,75.17427,0.2510233,0.388,0.374,0.318,6.352,7.302,10.952
2023-10-16 04:00:00,8.052,73.76552,0.28301877,0.388,0.374,0.318,7.002,7.352,10.952
2023-10-16 05:00:00,9.152,72.429146,0.32040268,0.388,0.374,0.318,7.802,7.402,10.902
2023-10-16 06:00:00,10.052,71.34635,0.35370666,0.388,0.374,0.318,8.602,7.552,10.902
2023-10-16 07:00:00,10.852,74.77647,0.32840252,0.389,0.374,0.318,9.302,7.702,10.902
2023-10-16 08:00:00,11.352,73.84336,0.3520242,0.388,0.374,0.318,9.702,7.852,10.902
2023-10-16 09:00:00,11.952,72.69701,0.38229084,0.388,0.374,0.318,10.202,8.002,10.902
2023-10-16 10:00:00,12.602,70.85751,0.42583823,0.388,0.374,0.318,10.652,8.202,10.902
2023-10-16 11:00:00,12.602,72.076,0.4080304,0.387,0.374,0.318,10.702,8.352,10.852
2023-10-16 12:00:00,11.802,75.71035,0.3367504,0.387,0.374,0.318,10.302,8.502,10.852
2023-10-16 13:00:00,10.652,81.149345,0.24218261,0.387,0.374,0.318,9.652,8.602,10.852
2023-10-16 14:00:00,9.852,85.31018,0.17891538,0.387,0.374,0.318,9.102,8.652,10.852
2023-10-16 15:00:00,9.202,88.2082,0.13748837,0.387,0.374,0.318,8.652,8.652,10.852
2023-10-16 16:00:00,8.702,89.99494,0.11278856,0.387,0.374,0.318,8.302,8.702,10.852
2023-10-16 17:00:00,8.252,91.20404,0.09618384,0.387,0.374,0.318,8.002,8.702,10.852
2023-10-16 18:00:00,7.802,92.43632,0.08021909,0.387,0.374,0.318,7.752,8.652,10.852
2023-10-16 19:00:00,7.552,88.061554,0.12448102,0.387,0.374,0.318,7.452,8.652,10.852
2023-10-16 20:00:00,7.002,89.55397,0.10490179,0.387,0.374,0.318,7.152,8.602,10.852
2023-10-16 21:00:00,6.552,90.457794,0.09291178,0.387,0.374,0.318,6.902,8.552,10.802
2023-10-16 22:00:00,6.052,91.69222,0.07815349,0.387,0.374,0.318,6.652,8.452,10.802
2023-10-16 23:00:00,5.652,92.63301,0.06741303,0.387,0.374,0.318,6.402,8.402,10.802
2023-10-17 00:00:00,5.252,93.58848,0.057064295,0.387,0.374,0.318,6.152,8.302,10.802
2023-10-17 01:00:00,4.902,94.23,0.05011916,0.387,0.374,0.318,5.902,8.252,10.802
2023-10-17 02:00:00,4.502,95.21122,0.04045093,0.386,0.374,0.318,5.702,8.152,10.802
2023-10-17 03:00:00,4.802,95.55697,0.038324893,0.386,0.374,0.318,5.852,8.052,10.802
2023-10-17 04:00:00,6.952,89.86134,0.101466954,0.386,0.374,0.318,6.852,8.052,10.802
2023-10-17 05:00:00,9.102,82.34751,0.20444572,0.386,0.374,0.318,8.402,8.102,10.802
2023-10-17 06:00:00,11.002,75.836075,0.31775194,0.386,0.374,0.318,9.752,8.202,10.752
2023-10-17 07:00:00,12.802,67.35264,0.48334533,0.385,0.374,0.318,11.152,8.402,10.752
2023-10-17 08:00:00,13.952,63.13648,0.5881907,0.385,0.374,0.318,12.202,8.652,10.752
2023-10-17 09:00:00,14.552,60.317516,0.6582162,0.384,0.373,0.318,12.802,8.902,10.752
2023-10-17 10:00:00,14.602,59.917442,0.66700035,0.384,0.373,0.318,12.852,9.102,10.752
2023-10-17 11:00:00,14.052,64.46781,0.5706259,0.383,0.373,0.318,12.402,9.302,10.752
2023-10-17 12:00:00,12.902,69.47941,0.4548149,0.383,0.373,0.318,11.452,9.452,10.752
2023-10-17 13:00:00,10.952,77.6677,0.2926916,0.383,0.373,0.318,10.302,9.502,10.752
2023-10-17 14:00:00,9.502,83.5376,0.195858,0.383,0.373,0.318,9.502,9.502,10.752
2023-10-17 15:00:00,8.652,86.36107,0.15323716,0.383,0.373,0.318,8.852,9.502,10.752
2023-10-17 16:00:00,8.152,87.812096,0.1323756,0.383,0.373,0.318,8.402,9.452,10.752
2023-10-17 17:00:00,7.902,88.70292,0.12063402,0.383,0.373,0.318,8.102,9.402,10.752
2023-10-17 18:00:00,7.702,89.300514,0.11270815,0.383,0.373,0.318,7.852,9.352,10.752
2023-10-17 19:00:00,7.502,85.945206,0.14604992,0.383,0.373,0.318,7.652,9.302,10.752
2023-10-17 20:00:00,7.252,87.12238,0.13155204,0.383,0.373,0.318,7.402,9.202,10.752
2023-10-17 21:00:00,6.952,88.00757,0.12001979,0.383,0.373,0.318,7.202,9.152,10.752
2023-10-17 22:00:00,6.652,88.905014,0.10877609,0.383,0.373,0.318,7.002,9.052,10.752
2023-10-17 23:00:00,6.352,89.81492,0.09781611,0.383,0.373,0.318,6.802,8.952,10.752
2023-10-18 00:00:00,6.102,90.4249,0.09038705,0.383,0.373,0.318,6.602,8.852,10.752
2023-10-18 01:00:00,5.852,91.04102,0.08312327,0.383,0.373,0.318,6.452,8.752,10.752
2023-10-18 02:00:00,5.552,91.98152,0.07286805,0.383,0.373,0.318,6.252,8.652,10.752
2023-10-18 03:00:00,5.952,92.00626,0.07468182,0.383,0.373,0.318,6.452,8.602,10.752
2023-10-18 04:00:00,7.602,87.15603,0.13438028,0.383,0.373,0.318,7.252,8.552,10.752
2023-10-18 05:00:00,9.702,78.548965,0.25866002,0.382,0.373,0.318,8.702,8.602,10.702
2023-10-18 06:00:00,11.452,70.87818,0.39453584,0.382,0.373,0.318,10.052,8.702,10.702
2023-10-18 07:00:00,13.102,59.75942,0.60757405,0.382,0.373,0.318,11.302,8.852,10.702
2023-10-18 08:00:00,14.002,55.006832,0.72027093,0.381,0.373,0.318,12.252,9.052,10.702
2023-10-18 09:00:00,14.402,52.675735,0.7774489,0.38,0.373,0.318,12.702,9.252,10.702
2023-10-18 10:00:00,14.202,53.54788,0.75331974,0.38,0.372,0.318,12.702,9.452,10.702
2023-10-18 11:00:00,13.202,59.165066,0.6205827,0.379,0.372,0.318,12.152,9.602,10.702
2023-10-18 12:00:00,11.402,64.99222,0.47272438,0.379,0.372,0.318,11.102,9.702,10.702
2023-10-18 13:00:00,9.752,70.300415,0.35933316,0.379,0.372,0.318,10.052,9.752,10.702
2023-10-18 14:00:00,8.752,72.60841,0.3098492,0.379,0.372,0.318,9.252,9.752,10.702
2023-10-18 15:00:00,7.952,74.00763,0.27850795,0.379,0.372,0.318,8.602,9.702,10.702
2023-10-18 16:00:00,7.402,74.96099,0.25842583,0.379,0.372,0.318,8.152,9.652,10.702
2023-10-18 17:00:00,6.902,75.942245,0.2399478,0.379,0.372,0.318,7.752,9.552,10.702
2023-10-18 18:00:00,6.302,78.30322,0.207658,0.379,0.372,0.318,7.302,9.452,10.702
2023-10-18 19:00:00,5.902,72.0701,0.26003528,0.379,0.372,0.318,6.952,9.352,10.702
2023-10-18 20:00:00,5.352,74.869,0.22522968,0.379,0.372,0.318,6.602,9.202,10.702
2023-10-18 21:00:00,4.952,77.53509,0.19581258,0.379,0.372,0.318,6.302,9.102,10.702
2023-10-18 22:00:00,4.452,81.15639,0.15861511,0.379,0.372,0.318,6.002,8.952,10.702
2023-10-18 23:00:00,3.902,84.64854,0.1243332,0.379,0.372,0.318,5.652,8.802,10.702
2023-10-19 00:00:00,3.402,87.68069,0.09632462,0.379,0.372,0.318,5.352,8.652,10.702
2023-10-19 01:00:00,2.902,88.90176,0.08376342,0.379,0.372,0.318,5.052,8.502,10.702
2023-10-19 02:00:00,2.352,89.82028,0.07388836,0.379,0.372,0.318,4.702,8.352,10.702
2023-10-19 03:00:00,2.4520001,88.54366,0.08374792,0.379,0.372,0.318,4.652,8.202,10.702
2023-10-19 04:00:00,3.802,80.19504,0.15927744,0.378,0.372,0.318,5.402,8.102,10.702
2023-10-19 05:00:00,5.052,70.873856,0.25564444,0.378,0.372,0.318,6.552,8.052,10.702
2023-10-19 06:00:00,6.252,63.35678,0.3494954,0.378,0.372,0.318,7.652,8.052,10.652
2023-10-19 07:00:00,7.152,51.824944,0.4887668,0.377,0.372,0.318,8.552,8.152,10.652
2023-10-19 08:00:00,7.702,46.69602,0.5614898,0.377,0.372,0.318,9.152,8.202,10.652
2023-10-19 09:00:00,7.952,44.064785,0.59931165,0.376,0.372,0.318,9.402,8.302,10.652
2023-10-19 10:00:00,7.802,43.52926,0.5989022,0.376,0.372,0.318,9.252,8.402,10.652
2023-10-19 11:00:00,7.252,47.089176,0.54048645,0.375,0.371,0.318,8.702,8.452,10.652
2023-10-19 12:00:00,6.102,52.110714,0.45203388,0.375,0.371,0.318,7.802,8.452,10.652
2023-10-19 13:00:00,4.952,56.64573,0.3778621,0.375,0.371,0.318,6.802,8.402,10.652
2023-10-19 14:00:00,3.852,62.32316,0.30405223,0.375,0.371,0.318,6.002,8.302,10.652
2023-10-19 15:00:00,2.752,69.12366,0.23055369,0.375,0.371,0.318,5.252,8.202,10.652
2023-10-19 16:00:00,2.402,70.60148,0.21412838,0.375,0.371,0.318,4.552,8.052,10.602
2023-10-19 17:00:00,3.152,65.96189,0.26146275,0.375,0.371,0.318,3.902,7.852,10.602
2023-10-19 18:00:00,2.052,71.31933,0.20375466,0.375,0.371,0.318,3.152,7.652,10.602
2023-10-19 19:00:00,0.352,75.08131,0.15667045,0.375,0.371,0.318,2.502,7.452,10.602
2023-10-19 20:00:00,-1.298,82.78634,0.095968276,0.375,0.371,0.318,2.002,7.202,10.602
2023-10-19 21:00:00,-1.4979999,82.45048,0.09641352,0.375,0.371,0.318,1.702,7.002,10.602
2023-10-19 22:00:00,-1.448,80.92392,0.105184704,0.375,0.371,0.318,1.452,6.752,10.552
2023-10-19 23:00:00,-0.848,77.15571,0.13162225,0.375,0.371,0.318,1.5020001,6.552,10.552
2023-10-20 00:00:00,0.302,69.90877,0.18849978,0.375,0.371,0.318,1.802,6.352,10.552
2023-10-20 01:00:00,0.95199996,65.95628,0.22350287,0.375,0.371,0.318,2.102,6.202,10.502
2023-10-20 02:00:00,1.852,62.06864,0.26563257,0.375,0.371,0.318,2.602,6.102,10.502
2023-10-20 03:00:00,2.802,59.56038,0.30301538,0.375,0.371,0.318,3.2020001,6.002,10.502
2023-10-20 04:00:00,3.802,59.36985,0.32672817,0.375,0.371,0.318,3.902,5.952,10.502
2023-10-20 05:00:00,5.352,57.597317,0.37999988,0.374,0.371,0.318,5.002,6.002,10.452
2023-10-20 06:00:00,6.752,58.171425,0.4129086,0.374,0.371,0.318,6.102,6.052,10.452
2023-10-20 07:00:00,9.352,57.995018,0.4947633,0.374,0.371,0.318,7.652,6.202,10.452
2023-10-20 08:00:00,10.502,58.493416,0.5279977,0.373,0.371,0.318,8.552,6.402,10.402
2023-10-20 09:00:00,10.902,60.271786,0.5189953,0.373,0.371,0.318,8.802,6.552,10.402
2023-10-20 10:00:00,11.202,61.84598,0.5084419,0.373,0.371,0.318,9.102,6.752,10.402
2023-10-20 11:00:00,10.952,65.34637,0.45420069,0.373,0.371,0.318,9.002,6.902,10.402
2023-10-20 12:00:00,9.852,75.382195,0.29984564,0.373,0.371,0.318,8.452,7.052,10.402
2023-10-20 13:00:00,8.652,75.440315,0.27594304,0.373,0.371,0.318,7.752,7.152,10.352
2023-10-20 14:00:00,7.852,78.81643,0.22544217,0.373,0.371,0.318,7.352,7.202,10.352
2023-10-20 15:00:00,7.302,81.829,0.1862638,0.376,0.371,0.318,7.152,7.252,10.352
2023-10-20 16:00:00,6.552,91.08903,0.08676541,0.384,0.371,0.318,6.902,7.252,10.352
2023-10-20 17:00:00,6.252,93.31357,0.063774645,0.393,0.371,0.318,6.752,7.302,10.352
2023-10-20 18:00:00,5.552,94.2593,0.052168548,0.396,0.371,0.318,6.502,7.302,10.352
2023-10-20 19:00:00,4.452,94.20959,0.04874116,0.396,0.371,0.318,6.152,7.252,10.302
2023-10-20 20:00:00,3.302,91.5134,0.06589049,0.396,0.371,0.318,5.652,7.252,10.302
2023-10-20 21:00:00,2.552,89.19221,0.07957065,0.396,0.371,0.318,5.202,7.202,10.302
2023-10-20 22:00:00,2.052,88.50836,0.081646204,0.396,0.371,0.318,4.802,7.102,10.302
2023-10-20 23:00:00,1.852,84.71835,0.10703224,0.396,0.371,0.318,4.552,7.002,10.302
2023-10-21 00:00:00,1.602,84.68949,0.10533333,0.396,0.371,0.318,4.302,6.952,10.302
2023-10-21 01:00:00,1.5020001,84.677925,0.10466027,0.395,0.371,0.318,4.102,6.852,10.252
2023-10-21 02:00:00,1.352,84.35168,0.10574472,0.395,0.371,0.318,3.852,6.752,10.252
2023-10-21 03:00:00,1.4020001,83.437225,0.11232597,0.395,0.371,0.318,3.752,6.602,10.252
2023-10-21 04:00:00,1.852,80.79327,0.13452113,0.395,0.371,0.318,4.052,6.552,10.252
2023-10-21 05:00:00,2.852,72.80366,0.20452476,0.395,0.371,0.318,4.752,6.502,10.252
2023-10-21 06:00:00,4.052,64.71858,0.28875434,0.394,0.371,0.318,5.652,6.502,10.202
2023-10-21 07:00:00,5.502,60.01992,0.36204368,0.394,0.371,0.318,6.602,6.602,10.202
2023-10-21 08:00:00,6.202,53.509727,0.4418707,0.393,0.371,0.318,7.202,6.652,10.202
2023-10-21 09:00:00,6.452,50.86886,0.47507876,0.392,0.371,0.318,7.502,6.752,10.202
2023-10-21 10:00:00,6.402,50.47783,0.4772129,0.392,0.37,0.318,7.402,6.852,10.202
2023-10-21 11:00:00,5.952,53.441326,0.43494707,0.392,0.37,0.318,7.002,6.902,10.152
2023-10-21 12:00:00,5.152,57.120495,0.3789664,0.391,0.37,0.318,6.352,6.902,10.152
2023-10-21 13:00:00,4.402,60.860683,0.32827818,0.391,0.37,0.318,5.752,6.902,10.152
2023-10-21 14:00:00,4.052,63.301113,0.300353,0.391,0.37,0.318,5.302,6.852,10.152
2023-10-21 15:00:00,3.802,65.86493,0.27450883,0.391,0.371,0.318,5.002,6.802,10.152
2023-10-21 16:00:00,3.252,69.7398,0.23409694,0.391,0.371,0.318,4.602,6.752,10.152
2023-10-21 17:00:00,3.2020001,71.54648,0.21934569,0.391,0.371,0.318,4.452,6.702,10.102
2023-10-21 18:00:00,3.252,72.87938,0.20981199,0.391,0.371,0.318,4.402,6.602,10.102
2023-10-21 19:00:00,3.152,76.40466,0.18125647,0.391,0.371,0.318,4.402,6.552,10.102
2023-10-21 20:00:00,3.2020001,76.69185,0.17968458,0.391,0.371,0.318,4.452,6.502,10.102
2023-10-21 21:00:00,3.2020001,77.533585,0.17319608,0.391,0.371,0.318,4.402,6.452,10.102
2023-10-21 22:00:00,3.2020001,77.533585,0.17319608,0.392,0.371,0.318,4.402,6.402,10.052
2023-10-21 23:00:00,3.152,77.24394,0.17480975,0.393,0.371,0.318,4.302,6.352,10.052
2023-10-22 00:00:00,3.052,77.227615,0.17370206,0.393,0.371,0.318,4.252,6.302,10.052
2023-10-22 01:00:00,2.9520001,77.49319,0.17046547,0.394,0.371,0.318,4.152,6.252,10.052
2023-10-22 02:00:00,2.802,78.32092,0.16246039,0.395,0.371,0.318,4.052,6.202,10.002
2023-10-22 03:00:00,3.002,77.219444,0.17315048,0.395,0.371,0.318,4.052,6.102,10.002
2023-10-22 04:00:00,3.602,74.01727,0.20603544,0.395,0.371,0.318,4.302,6.102,10.002
2023-10-22 05:00:00,4.152,71.732254,0.23298866,0.395,0.371,0.318,4.702,6.052,10.002
2023-10-22 06:00:00,4.552,72.07098,0.23673522,0.396,0.371,0.318,5.052,6.102,10.002
2023-10-22 07:00:00,5.252,75.66182,0.2166146,0.397,0.371,0.318,5.402,6.102,9.952
2023-10-22 08:00:00,5.352,78.15554,0.19577599,0.399,0.371,0.318,5.552,6.152,9.952
2023-10-22 09:00:00,4.852,85.05861,0.12933153,0.403,0.371,0.318,5.502,6.152,9.952
2023-10-22 10:00:00,4.252,90.92985,0.0752871,0.409,0.371,0.318,5.352,6.152,9.952
2023-10-22 11:00:00,3.852,92.85765,0.057644486,0.417,0.371,0.318,5.102,6.152,9.902
2023-10-22 12:00:00,3.352,95.50565,0.035017967,0.431,0.371,0.318,4.902,6.152,9.902
2023-10-22 13:00:00,2.852,98.94228,0.007954955,0.446,0.371,0.318,4.752,6.152,9.902
2023-10-22 14:00:00,2.7020001,99.29289,0.0052618384,0.456,0.372,0.318,4.602,6.102,9.902
2023-10-22 15:00:00,2.352,99.64488,0.0025776625,0.462,0.372,0.318,4.502,6.102,9.902
2023-10-22 16:00:00,1.602,98.9315,0.0073513985,0.467,0.373,0.318,4.202,6.052,9.852
2023-10-22 17:00:00,1.002,97.51054,0.016405702,0.467,0.374,0.318,3.852,6.002,9.852
2023-10-22 18:00:00,-0.398,86.67318,0.079354465,0.464,0.375,0.318,3.2020001,5.902,9.852
2023-10-22 19:00:00,-1.7479999,79.370285,0.11126608,0.462,0.375,0.318,2.502,5.752,9.852
2023-10-22 20:00:00,-1.798,75.55018,0.1313799,0.46,0.376,0.318,2.152,5.652,9.802
2023-10-22 21:00:00,-2.098,72.94935,0.14216813,0.458,0.377,0.318,1.802,5.502,9.802
2023-10-22 22:00:00,-2.098,70.47844,0.15514985,0.456,0.377,0.318,1.6520001,5.352,9.802
2023-10-22 23:00:00,-2.198,70.18773,0.15552291,0.455,0.378,0.318,1.4020001,5.202,9.802
2023-10-23 00:00:00,-1.9979999,67.84266,0.17025,0.453,0.378,0.318,1.302,5.052,9.752
2023-10-23 01:00:00,-2.098,66.013504,0.17860538,0.452,0.379,0.318,1.1520001,4.952,9.752
2023-10-23 02:00:00,-1.8479999,63.07631,0.19764856,0.451,0.379,0.318,1.1520001,4.802,9.752
2023-10-23 03:00:00,-1.798,62.601437,0.2009288,0.449,0.379,0.318,1.102,4.652,9.702
2023-10-23 04:00:00,-1.3479999,59.401707,0.22545439,0.448,0.38,0.318,1.352,4.552,9.702
2023-10-23 05:00:00,-0.598,52.832157,0.27669874,0.447,0.38,0.318,1.852,4.502,9.702
2023-10-23 06:00:00,0.052,50.394226,0.30509076,0.445,0.38,0.318,2.352,4.452,9.652
2023-10-23 07:00:00,0.752,56.379993,0.2822442,0.444,0.381,0.318,2.902,4.452,9.652
2023-10-23 08:00:00,1.102,52.900814,0.31252763,0.443,0.381,0.318,3.252,4.452,9.652
2023-10-23 09:00:00,1.302,51.94563,0.32348052,0.441,0.381,0.318,3.402,4.502,9.602
2023-10-23 10:00:00,1.052,56.029385,0.29073104,0.44,0.381,0.318,3.352,4.502,9.602
2023-10-23 11:00:00,0.70199996,58.795338,0.26566273,0.439,0.381,0.318,3.102,4.502,9.602
2023-10-23 12:00:00,-0.048,61.83557,0.23306015,0.439,0.382,0.318,2.552,4.502,9.552
2023-10-23 13:00:00,-0.198,62.03561,0.2293247,0.438,0.382,0.318,2.152,4.452,9.552
2023-10-23 14:00:00,-0.398,62.70343,0.22203583,0.437,0.382,0.318,1.9020001,4.352,9.552
2023-10-23 15:00:00,-0.54800004,63.14937,0.21699598,0.436,0.382,0.318,1.6520001,4.302,9.502
2023-10-23 16:00:00,-0.748,64.07692,0.2084696,0.436,0.382,0.318,1.452,4.252,9.502
2023-10-23 17:00:00,-0.948,65.01966,0.200053,0.435,0.383,0.318,1.2520001,4.152,9.502
2023-10-23 18:00:00,-1.2479999,66.46287,0.18763116,0.434,0.383,0.318,1.052,4.052,9.452
2023-10-23 19:00:00,-1.048,69.62646,0.1724481,0.434,0.383,0.318,0.95199996,4.002,9.452
2023-10-23 20:00:00,-1.2479999,71.73709,0.1581325,0.433,0.383,0.318,0.902,3.902,9.402
2023-10-23 21:00:00,-1.298,73.38084,0.14839259,0.432,0.383,0.318,0.902,3.802,9.402
2023-10-23 22:00:00,-1.3479999,75.059364,0.13852817,0.432,0.383,0.318,0.852,3.752,9.402
2023-10-23 23:00:00,-1.2479999,76.22105,0.13305032,0.431,0.383,0.319,0.852,3.7020001,9.352
2023-10-24 00:00:00,-0.898,76.28133,0.13616034,0.431,0.384,0.319,0.902,3.602,9.352
2023-10-24 01:00:00,-0.54800004,77.20557,0.13424432,0.43,0.384,0.319,0.95199996,3.552,9.352
2023-10-24 02:00:00,-0.29799998,78.410934,0.12948397,0.43,0.384,0.319,1.002,3.502,9.302
2023-10-24 03:00:00,0.15200001,77.61003,0.13874915,0.429,0.384,0.319,1.202,3.4520001,9.302
2023-10-24 04:00:00,0.802,76.57101,0.15217403,0.429,0.384,0.319,1.602,3.4520001,9.252
2023-10-24 05:00:00,1.6520001,74.48103,0.17618585,0.428,0.384,0.319,2.2020001,3.502,9.252
2023-10-24 06:00:00,2.7020001,70.14239,0.22215849,0.428,0.384,0.319,2.9520001,3.552,9.252
2023-10-24 07:00:00,3.102,75.28945,0.18915236,0.428,0.384,0.319,3.2020001,3.602,9.202
2023-10-24 08:00:00,3.302,74.504654,0.19793767,0.428,0.385,0.319,3.352,3.652,9.202
2023-10-24 09:00:00,3.652,76.2115,0.18930298,0.434,0.385,0.319,3.602,3.752,9.202
2023-10-24 10:00:00,4.252,75.7631,0.2011736,0.436,0.385,0.319,3.7020001,3.852,9.152
2023-10-24 11:00:00,4.702,73.949,0.22314388,0.437,0.385,0.319,3.852,3.902,9.152
2023-10-24 12:00:00,4.952,71.369026,0.24955463,0.437,0.385,0.319,3.9520001,4.002,9.152
2023-10-24 13:00:00,5.152,69.11879,0.27294028,0.438,0.385,0.319,4.052,4.052,9.102
2023-10-24 14:00:00,5.352,66.21208,0.30280823,0.438,0.386,0.319,4.052,4.152,9.102
2023-10-24 15:00:00,5.002,67.59654,0.28341854,0.439,0.386,0.319,4.002,4.202,9.102
2023-10-24 16:00:00,4.902,68.56628,0.27302867,0.446,0.386,0.319,3.9520001,4.252,9.052
2023-10-24 17:00:00,4.802,69.54989,0.26264817,0.446,0.386,0.319,3.852,4.302,9.052
2023-10-24 18:00:00,4.402,73.09544,0.22567225,0.447,0.387,0.319,3.852,4.352,9.052
2023-10-24 19:00:00,4.702,73.41643,0.22770536,0.447,0.387,0.319,3.902,4.402,9.002
2023-10-24 20:00:00,4.652,73.67311,0.22472084,0.448,0.387,0.319,3.9520001,4.452,9.002
2023-10-24 21:00:00,4.602,70.27156,0.2528683,0.448,0.387,0.319,3.902,4.502,9.002
2023-10-24 22:00:00,4.402,66.97456,0.27700704,0.447,0.388,0.319,3.852,4.502,9.002
2023-10-24 23:00:00,4.002,64.94606,0.28588754,0.446,0.388,0.319,3.7020001,4.552,8.952
2023-10-25 00:00:00,3.552,63.652645,0.28719515,0.446,0.388,0.319,3.552,4.552,8.952
2023-10-25 01:00:00,3.052,63.53427,0.2781311,0.445,0.388,0.319,3.302,4.552,8.952
2023-10-25 02:00:00,2.7020001,64.40517,0.26483703,0.444,0.389,0.319,3.102,4.552,8.952
2023-10-25 03:00:00,2.902,65.175026,0.2628125,0.443,0.389,0.319,3.102,4.552,8.902
2023-10-25 04:00:00,3.752,64.88856,0.28136748,0.442,0.389,0.319,3.602,4.552,8.902
2023-10-25 05:00:00,4.702,64.86818,0.3009174,0.441,0.389,0.319,4.252,4.602,8.902
2023-10-25 06:00:00,5.802,62.791145,0.3440292,0.441,0.389,0.319,5.102,4.702,8.902
2023-10-25 07:00:00,7.102,65.17845,0.35209322,0.441,0.39,0.319,6.002,4.802,8.902
2023-10-25 08:00:00,8.002,63.993744,0.38712138,0.44,0.39,0.319,6.702,5.002,8.852
2023-10-25 09:00:00,8.652,64.60129,0.39773148,0.44,0.39,0.319,7.152,5.152,8.852
2023-10-25 10:00:00,8.202,73.792564,0.28562045,0.443,0.39,0.319,7.102,5.302,8.852
2023-10-25 11:00:00,8.252,79.42831,0.2249589,0.444,0.39,0.319,6.852,5.452,8.852
2023-10-25 12:00:00,8.502,81.98625,0.20034963,0.444,0.39,0.319,6.752,5.552,8.852
2023-10-25 13:00:00,8.802,82.593956,0.19755524,0.445,0.391,0.319,6.852,5.702,8.802
2023-10-25 14:00:00,8.852,83.45958,0.18836462,0.445,0.391,0.319,6.902,5.802,8.802
2023-10-25 15:00:00,8.652,85.76881,0.15989178,0.445,0.391,0.319,6.952,5.902,8.802
2023-10-25 16:00:00,8.302,88.432236,0.12692422,0.445,0.391,0.319,6.902,6.002,8.802
2023-10-25 17:00:00,8.002,90.25176,0.10480422,0.445,0.392,0.319,6.852,6.102,8.802
2023-10-25 18:00:00,7.752,91.17045,0.093327105,0.445,0.392,0.319,6.802,6.152,8.802
2023-10-25 19:00:00,8.502,89.05889,0.12168491,0.445,0.392,0.319,7.002,6.252,8.802
2023-10-25 20:00:00,8.402,89.35691,0.11757201,0.445,0.392,0.319,7.052,6.352,8.802
2023-10-25 21:00:00,7.852,92.12228,0.08383471,0.448,0.393,0.319,7.002,6.402,8.802
2023-10-25 22:00:00,7.252,91.768524,0.084088266,0.449,0.393,0.319,6.802,6.452,8.802
2023-10-25 23:00:00,6.402,92.99802,0.06747776,0.449,0.393,0.319,6.552,6.502,8.802
2023-10-26 00:00:00,5.252,92.93522,0.06287855,0.449,0.393,0.319,6.152,6.502,8.802
2023-10-26 01:00:00,3.4520001,90.8735,0.071612656,0.448,0.394,0.319,5.552,6.502,8.802
2023-10-26 02:00:00,1.7520001,85.94895,0.09771258,0.448,0.394,0.319,4.852,6.452,8.752
2023-10-26 03:00:00,0.602,80.317566,0.12601066,0.447,0.394,0.319,4.202,6.352,8.752
2023-10-26 04:00:00,0.202,74.216866,0.16035244,0.446,0.394,0.319,3.852,6.252,8.752
2023-10-26 05:00:00,0.052,70.12081,0.18380979,0.445,0.395,0.319,3.7020001,6.152,8.752
2023-10-26 06:00:00,0.0020000003,67.25342,0.20071393,0.444,0.395,0.319,3.602,6.052,8.752
2023-10-26 07:00:00,-0.24800001,64.441376,0.21401843,0.443,0.395,0.319,3.552,5.952,8.752
2023-10-26 08:00:00,-0.24800001,64.441376,0.21401843,0.442,0.395,0.319,3.552,5.902,8.752
2023-10-26 09:00:00,-0.098000005,63.017063,0.22502902,0.442,0.395,0.319,3.7020001,5.802,8.752
2023-10-26 10:00:00,-0.198,60.15999,0.24064904,0.441,0.395,0.319,3.652,5.752,8.752
2023-10-26 11:00:00,-0.748,59.32737,0.23601827,0.44,0.396,0.319,3.2020001,5.652,8.752
2023-10-26 12:00:00,-1.3479999,56.68906,0.24050897,0.439,0.396,0.319,2.602,5.552,8.702
2023-10-26 13:00:00,-1.798,54.387924,0.24502659,0.438,0.396,0.319,2.002,5.402,8.702
2023-10-26 14:00:00,-2.148,54.07604,0.24040529,0.438,0.396,0.319,1.552,5.252,8.702
2023-10-26 15:00:00,-2.398,54.867073,0.23193431,0.437,0.396,0.319,1.1520001,5.052,8.702
2023-10-26 16:00:00,-2.648,56.782074,0.21801853,0.437,0.396,0.319,0.852,4.902,8.702
2023-10-26 17:00:00,-2.598,58.383,0.210729,0.436,0.396,0.319,0.802,4.752,8.702
2023-10-26 18:00:00,-2.7979999,60.430534,0.19741213,0.436,0.396,0.319,0.752,4.602,8.652
2023-10-26 19:00:00,-3.948,68.20374,0.14558569,0.435,0.397,0.319,0.652,4.452,8.652
2023-10-26 20:00:00,-4.248,70.02942,0.13416946,0.435,0.397,0.319,0.552,4.302,8.652
2023-10-26 21:00:00,-4.348,70.5577,0.13081658,0.434,0.397,0.319,0.502,4.152,8.652
2023-10-26 22:00:00,-4.398,70.272026,0.13158846,0.434,0.397,0.319,0.45200002,4.002,8.602
2023-10-26 23:00:00,-4.248,68.94265,0.13903236,0.433,0.397,0.319,0.402,3.902,8.602
2023-10-27 00:00:00,-4.398,68.91007,0.13761428,0.433,0.397,0.319,0.352,3.752,8.602
2023-10-27 01:00:00,-4.748,69.923645,0.12965831,0.432,0.397,0.319,0.302,3.652,8.552
2023-10-27 02:00:00,-5.048,71.24605,0.12117642,0.432,0.397,0.319,0.252,3.552,8.552
2023-10-27 03:00:00,-4.948,70.98752,0.12319538,0.431,0.397,0.319,0.202,3.402,8.552
2023-10-27 04:00:00,-3.9980001,67.133545,0.14991936,0.431,0.397,0.319,0.202,3.302,8.552
2023-10-27 05:00:00,-2.948,61.34765,0.19069892,0.43,0.397,0.319,0.252,3.2020001,8.502
2023-10-27 06:00:00,-2.0479999,54.31803,0.2409141,0.43,0.397,0.319,0.302,3.152,8.502
2023-10-27 07:00:00,-1.648,55.727467,0.24047959,0.429,0.397,0.319,0.402,3.052,8.502
2023-10-27 08:00:00,-1.198,52.249252,0.26808107,0.429,0.397,0.319,0.45200002,3.002,8.452
2023-10-27 09:00:00,-1.298,52.01536,0.26742283,0.428,0.397,0.319,0.502,2.9520001,8.452
2023-10-27 10:00:00,-1.3479999,51.592487,0.26878858,0.428,0.398,0.319,0.552,2.902,8.402
2023-10-27 11:00:00,-1.5979999,52.548027,0.25868684,0.427,0.398,0.319,0.552,2.852,8.402
2023-10-27 12:00:00,-2.198,55.139774,0.23397401,0.427,0.398,0.319,0.502,2.802,8.402
2023-10-27 13:00:00,-2.748,57.65771,0.21202308,0.426,0.398,0.319,0.45200002,2.752,8.352
2023-10-27 14:00:00,-3.148,59.86721,0.19506893,0.426,0.398,0.319,0.402,2.752,8.352
2023-10-27 15:00:00,-3.5479999,68.29183,0.14960182,0.426,0.398,0.319,0.352,2.7020001,8.352
2023-10-27 16:00:00,-3.198,60.09048,0.1932621,0.426,0.398,0.319,0.252,2.652,8.302
2023-10-27 17:00:00,-3.848,65.86513,0.15746558,0.425,0.398,0.319,0.202,2.602,8.302
2023-10-27 18:00:00,-4.748,72.14935,0.12006733,0.425,0.398,0.319,0.102,2.552,8.302
2023-10-27 19:00:00,-5.498,76.36276,0.09627381,0.425,0.398,0.319,0.052,2.502,8.252
2023-10-27 20:00:00,-5.648,76.93635,0.092871636,0.424,0.398,0.319,-0.048,2.4520001,8.252
2023-10-27 21:00:00,-5.648,76.33653,0.09528613,0.424,0.398,0.319,-0.098000005,2.352,8.252
2023-10-27 22:00:00,-5.398,75.48967,0.100590795,0.424,0.398,0.319,-0.098000005,2.302,8.202
2023-10-27 23:00:00,-5.348,75.49868,0.10093671,0.424,0.398,0.319,-0.148,2.252,8.202
2023-10-28 00:00:00,-5.148,75.24029,0.10356155,0.423,0.398,0.319,-0.198,2.2020001,8.152
2023-10-28 01:00:00,-4.948,74.98358,0.10623318,0.423,0.398,0.319,-0.198,2.152,8.152
2023-10-28 02:00:00,-4.548,73.61044,0.115502685,0.423,0.398,0.319,-0.24800001,2.102,8.152
2023-10-28 03:00:00,-3.9980001,71.18257,0.13145757,0.423,0.398,0.319,-0.24800001,2.052,8.102
2023-10-28 04:00:00,-2.748,65.86343,0.17095554,0.423,0.398,0.319,-0.24800001,2.002,8.102
2023-10-28 05:00:00,-1.398,59.158276,0.22597376,0.422,0.398,0.319,-0.198,2.002,8.052
2023-10-28 06:00:00,-0.198,53.77661,0.27918333,0.422,0.398,0.319,-0.098000005,1.952,8.052
2023-10-28 07:00:00,0.652,57.225887,0.27478263,0.422,0.398,0.319,0.0020000003,1.952,8.052
2023-10-28 08:00:00,1.1520001,56.704266,0.28833845,0.421,0.398,0.319,0.052,1.9020001,8.002
2023-10-28 09:00:00,1.602,56.177757,0.30142578,0.421,0.398,0.319,0.15200001,1.9020001,8.002
2023-10-28 10:00:00,1.302,59.175827,0.27483338,0.421,0.398,0.319,0.15200001,1.9020001,7.952
2023-10-28 11:00:00,0.902,62.0702,0.24811089,0.42,0.398,0.319,0.202,1.9020001,7.952
2023-10-28 12:00:00,0.302,65.80787,0.21418077,0.42,0.398,0.319,0.202,1.9020001,7.952
2023-10-28 13:00:00,0.102,68.04395,0.19729689,0.42,0.398,0.319,0.202,1.9020001,7.902
2023-10-28 14:00:00,0.0020000003,69.58311,0.18643868,0.42,0.398,0.319,0.252,1.9020001,7.902
2023-10-28 15:00:00,-0.098000005,71.9646,0.1706014,0.419,0.398,0.319,0.252,1.9020001,7.902
2023-10-28 16:00:00,-0.29799998,75.529854,0.14676037,0.419,0.398,0.319,0.252,1.9020001,7.852
2023-10-28 17:00:00,-0.54800004,79.850525,0.11866978,0.419,0.398,0.319,0.252,1.9020001,7.852
2023-10-28 18:00:00,-0.748,84.10091,0.09228304,0.419,0.398,0.319,0.252,1.9020001,7.802
2023-10-28 19:00:00,-0.748,88.583755,0.066265285,0.419,0.398,0.319,0.252,1.9020001,7.802
2023-10-28 20:00:00,-0.848,89.895,0.0582276,0.418,0.399,0.319,0.252,1.9020001,7.802
2023-10-28 21:00:00,-0.79800004,91.236046,0.050685525,0.418,0.399,0.319,0.302,1.9020001,7.752
2023-10-28 22:00:00,-0.748,92.25348,0.044965506,0.418,0.399,0.319,0.302,1.9020001,7.752
2023-10-28 23:00:00,-0.748,92.59369,0.042990804,0.418,0.399,0.319,0.302,1.9020001,7.752
2023-10-29 00:00:00,-0.748,92.59369,0.042990804,0.418,0.399,0.319,0.302,1.9020001,7.702
2023-10-29 01:00:00,-0.79800004,92.590744,0.04285109,0.418,0.399,0.32,0.302,1.9020001,7.702
2023-10-29 02:00:00,-0.848,92.24732,0.044673562,0.417,0.399,0.32,0.302,1.9020001,7.702
2023-10-29 03:00:00,-0.898,91.22912,0.05035615,0.417,0.399,0.32,0.302,1.9020001,7.652
2023-10-29 04:00:00,-0.698,88.5882,0.06648177,0.417,0.399,0.32,0.352,1.9020001,7.652
2023-10-29 05:00:00,-0.148,85.1125,0.09027386,0.417,0.399,0.32,0.402,1.9020001,7.602
2023-10-29 06:00:00,0.352,82.693085,0.10881883,0.417,0.399,0.32,0.45200002,1.9020001,7.602
2023-10-29 07:00:00,0.902,79.18292,0.13618976,0.417,0.399,0.32,0.602,1.952,7.602
2023-10-29 08:00:00,1.5020001,76.97234,0.15728837,0.417,0.399,0.32,0.752,1.952,7.552
2023-10-29 09:00:00,1.452,77.24857,0.15484565,0.417,0.399,0.32,0.852,1.952,7.552
2023-10-29 10:00:00,1.2520001,78.36459,0.14515215,0.417,0.399,0.32,1.002,2.002,7.552
2023-10-29 11:00:00,0.95199996,80.36837,0.12889874,0.416,0.399,0.32,1.052,2.052,7.502
2023-10-29 12:00:00,0.352,83.92299,0.1010865,0.417,0.399,0.32,1.002,2.052,7.502
2023-10-29 13:00:00,-0.098000005,88.64135,0.06912804,0.418,0.399,0.32,0.95199996,2.102,7.502
2023-10-29 14:00:00,-0.148,90.28133,0.058933318,0.424,0.399,0.32,0.902,2.102,7.502
2023-10-29 15:00:00,-0.348,95.02253,0.029747844,0.429,0.399,0.32,0.902,2.102,7.452
2023-10-29 16:00:00,-0.24800001,96.776985,0.01940316,0.434,0.399,0.32,0.902,2.152,7.452
2023-10-29 17:00:00,0.0020000003,97.84533,0.013209343,0.438,0.399,0.32,0.902,2.152,7.452
2023-10-29 18:00:00,0.45200002,98.564224,0.009093821,0.443,0.399,0.32,0.95199996,2.152,7.402
2023-10-29 19:00:00,2.4520001,98.587364,0.010326862,0.447,0.399,0.32,1.2520001,2.2020001,7.402
2023-10-29 20:00:00,3.7020001,98.601555,0.011168301,0.451,0.399,0.32,1.852,2.252,7.402
2023-10-29 21:00:00,5.002,98.96045,0.009092748,0.457,0.4,0.32,2.4520001,2.352,7.352
2023-10-29 22:00:00,6.302,98.63037,0.013108313,0.468,0.4,0.32,3.102,2.4520001,7.352
2023-10-29 23:00:00,7.352,97.6338,0.024337173,0.48,0.401,0.32,3.752,2.602,7.352
2023-10-30 00:00:00,8.002,96.98235,0.03244233,0.488,0.402,0.32,4.302,2.752,7.352
2023-10-30 01:00:00,8.452,96.33571,0.040614963,0.491,0.404,0.32,4.752,2.9520001,7.302
2023-10-30 02:00:00,8.502,95.68404,0.048000097,0.493,0.405,0.32,5.052,3.102,7.302
2023-10-30 03:00:00,8.002,95.015526,0.053587794,0.494,0.408,0.32,5.152,3.302,7.302
2023-10-30 04:00:00,7.702,95.00387,0.05262822,0.494,0.41,0.32,5.252,3.4520001,7.302
2023-10-30 05:00:00,7.652,89.60531,0.10912508,0.494,0.412,0.32,5.352,3.602,7.302
2023-10-30 06:00:00,7.802,87.47719,0.13281661,0.494,0.414,0.32,5.552,3.802,7.302
2023-10-30 07:00:00,8.002,87.7984,0.13118148,0.495,0.416,0.32,5.802,3.9520001,7.302
2023-10-30 08:00:00,7.802,88.08393,0.12638122,0.496,0.417,0.32,5.952,4.102,7.252
2023-10-30 09:00:00,7.602,87.15603,0.13438028,0.495,0.42,0.32,5.902,4.252,7.252
2023-10-30 10:00:00,7.202,87.42081,0.12806493,0.493,0.421,0.32,5.802,4.402,7.252
2023-10-30 11:00:00,6.702,88.2921,0.115180135,0.492,0.423,0.32,5.602,4.502,7.252
2023-10-30 12:00:00,6.102,90.4249,0.09038705,0.491,0.425,0.32,5.352,4.602,7.252
2023-10-30 13:00:00,5.652,91.02722,0.08210707,0.49,0.426,0.32,5.152,4.652,7.252
2023-10-30 14:00:00,5.252,91.31967,0.077257454,0.488,0.427,0.32,4.902,4.702,7.252
2023-10-30 15:00:00,4.902,90.97525,0.07839042,0.485,0.428,0.32,4.752,4.752,7.252
2023-10-30 16:00:00,4.552,90.63008,0.07942498,0.484,0.429,0.32,4.602,4.802,7.252
2023-10-30 17:00:00,4.152,91.245544,0.07215911,0.482,0.43,0.32,4.402,4.802,7.252
2023-10-30 18:00:00,3.802,91.87192,0.06536996,0.481,0.43,0.32,4.252,4.802,7.252
2023-10-30 19:00:00,3.602,92.186356,0.061962724,0.479,0.431,0.32,4.152,4.802,7.252
2023-10-30 20:00:00,3.352,92.1711,0.060999036,0.478,0.432,0.32,4.002,4.802,7.252
2023-10-30 21:00:00,3.002,93.14164,0.052131414,0.477,0.432,0.32,3.852,4.802,7.252
2023-10-30 22:00:00,2.752,93.795975,0.046329796,0.477,0.433,0.32,3.752,4.752,7.252
2023-10-30 23:00:00,2.402,94.115204,0.042866766,0.476,0.433,0.32,3.602,4.752,7.252
2023-10-31 00:00:00,2.052,95.117256,0.03469181,0.476,0.434,0.32,3.4520001,4.702,7.252
2023-10-31 01:00:00,1.802,95.449814,0.031756997,0.476,0.434,0.32,3.302,4.652,7.252
2023-10-31 02:00:00,1.4020001,96.81969,0.021569371,0.476,0.434,0.32,3.152,4.602,7.252
2023-10-31 03:00:00,1.1520001,96.46481,0.023549676,0.476,0.435,0.32,3.002,4.552,7.252
2023-10-31 04:00:00,1.002,95.76613,0.027901292,0.476,0.435,0.321,2.9520001,4.502,7.202
2023-10-31 05:00:00,1.002,88.4149,0.076343715,0.475,0.436,0.321,2.902,4.452,7.202
2023-10-31 06:00:00,1.102,81.88271,0.1202479,0.473,0.436,0.321,2.9520001,4.452,7.202
2023-10-31 07:00:00,1.1520001,81.589066,0.122636795,0.472,0.436,0.321,3.102,4.402,7.202
2023-10-31 08:00:00,0.852,81.84895,0.11832273,0.47,0.437,0.321,3.002,4.352,7.202
2023-10-31 09:00:00,0.70199996,79.7403,0.13064575,0.469,0.437,0.321,2.9520001,4.352,7.202
2023-10-31 10:00:00,0.70199996,77.124855,0.14750913,0.468,0.437,0.321,2.9520001,4.302,7.202
2023-10-31 11:00:00,0.502,76.805504,0.14742282,0.467,0.437,0.321,2.802,4.252,7.202
2023-10-31 12:00:00,0.202,78.48983,0.13378194,0.466,0.437,0.321,2.552,4.202,7.202
2023-10-31 13:00:00,-0.048,79.62805,0.124426425,0.465,0.437,0.321,2.252,4.152,7.202
2023-10-31 14:00:00,-0.148,79.91006,0.12181595,0.464,0.438,0.321,2.102,4.102,7.202
2023-10-31 15:00:00,-0.198,80.200745,0.11961797,0.463,0.438,0.321,2.002,4.002,7.202
2023-10-31 16:00:00,-0.198,80.799934,0.11599836,0.463,0.438,0.321,1.9020001,3.9520001,7.152
2023-10-31 17:00:00,-0.098000005,81.41698,0.11309004,0.462,0.438,0.321,1.9020001,3.902,7.152
2023-10-31 18:00:00,-0.048,82.94784,0.1041525,0.461,0.438,0.321,1.802,3.802,7.152
2023-10-31 19:00:00,0.15200001,88.014534,0.07427806,0.461,0.438,0.321,1.852,3.752,7.152
2023-10-31 20:00:00,0.302,90.64654,0.058600903,0.46,0.438,0.321,1.852,3.7020001,7.152
2023-10-31 21:00:00,0.252,92.991,0.04375422,0.459,0.438,0.321,1.852,3.652,7.152
2023-10-31 22:00:00,0.352,93.67677,0.039760172,0.459,0.438,0.321,1.852,3.602,7.152
2023-10-31 23:00:00,0.552,94.02807,0.038098335,0.458,0.438,0.321,1.9020001,3.602,7.152
2023-11-01 00:00:00,0.802,94.72438,0.034268975,0.458,0.438,0.321,2.002,3.552,7.102
2023-11-01 01:00:00,0.95199996,96.45912,0.023250759,0.459,0.438,0.321,2.052,3.502,7.102
2023-11-01 02:00:00,1.1520001,97.86537,0.01421988,0.461,0.438,0.321,2.152,3.502,7.102
2023-11-01 03:00:00,1.7520001,98.93281,0.007421732,0.466,0.438,0.322,2.302,3.502,7.102
2023-11-01 04:00:00,2.602,98.94015,0.007830858,0.476,0.438,0.322,2.652,3.502,7.102
2023-11-01 05:00:00,2.552,98.93972,0.0078063607,0.484,0.439,0.322,2.852,3.502,7.102
2023-11-01 06:00:00,1.952,96.48748,0.024779022,0.487,0.44,0.322,2.802,3.552,7.102
2023-11-01 07:00:00,2.4520001,87.90755,0.08839786,0.487,0.44,0.322,3.002,3.552,7.052
2023-11-01 08:00:00,2.7020001,83.29551,0.12429893,0.486,0.441,0.322,3.2020001,3.602,7.052
2023-11-01 09:00:00,2.4520001,81.46879,0.13546318,0.485,0.442,0.322,3.2020001,3.602,7.052
2023-11-01 10:00:00,2.052,80.821556,0.13625544,0.483,0.442,0.322,3.102,3.652,7.052
2023-11-01 11:00:00,1.5020001,82.2372,0.12133074,0.481,0.443,0.322,2.852,3.652,7.052
2023-11-01 12:00:00,1.002,83.38742,0.1094712,0.479,0.443,0.322,2.602,3.652,7.052
2023-11-01 13:00:00,0.652,83.959366,0.10306889,0.478,0.444,0.322,2.352,3.602,7.052
2023-11-01 14:00:00,0.352,82.99905,0.10689527,0.476,0.444,0.322,2.102,3.602,7.002
2023-11-01 15:00:00,0.15200001,81.451584,0.114946365,0.475,0.444,0.322,1.952,3.552,7.002
2023-11-01 16:00:00,0.0020000003,80.528755,0.11935848,0.473,0.444,0.322,1.852,3.502,7.002
2023-11-01 17:00:00,-0.148,79.91006,0.12181595,0.472,0.445,0.322,1.702,3.4520001,7.002
2023-11-01 18:00:00,-0.29799998,80.78566,0.11524323,0.471,0.445,0.322,1.602,3.402,7.002
2023-11-01 19:00:00,-0.348,83.217705,0.100292355,0.47,0.445,0.322,1.5020001,3.352,7.002
2023-11-01 20:00:00,-0.348,84.149124,0.09472668,0.469,0.445,0.322,1.452,3.302,7.002
2023-11-01 21:00:00,-0.24800001,84.47345,0.0934664,0.468,0.445,0.322,1.4020001,3.252,6.952
2023-11-01 22:00:00,-0.048,84.49702,0.09469116,0.468,0.445,0.323,1.452,3.2020001,6.952
2023-11-01 23:00:00,0.352,84.85603,0.09522027,0.467,0.445,0.323,1.5020001,3.2020001,6.952
2023-11-02 00:00:00,0.95199996,85.54936,0.09488368,0.466,0.445,0.323,1.6520001,3.152,6.952
2023-11-02 01:00:00,1.852,85.95962,0.09833896,0.466,0.445,0.323,1.952,3.152,6.952
2023-11-02 02:00:00,2.802,87.30942,0.095104575,0.467,0.445,0.323,2.302,3.152,6.952
2023-11-02 03:00:00,3.7020001,88.65299,0.090617955,0.469,0.445,0.323,2.7020001,3.2020001,6.902
2023-11-02 04:00:00,4.452,89.348885,0.089656234,0.471,0.446,0.323,3.152,3.252,6.902
2023-11-02 05:00:00,5.102,90.03372,0.08778256,0.474,0.446,0.323,3.602,3.352,6.902
2023-11-02 06:00:00,5.652,91.346405,0.07918644,0.477,0.446,0.323,4.002,3.402,6.902
2023-11-02 07:00:00,7.402,93.69476,0.06507379,0.482,0.446,0.323,4.652,3.552,6.902
2023-11-02 08:00:00,7.752,93.39077,0.06985825,0.484,0.447,0.323,5.052,3.652,6.902
2023-11-02 09:00:00,7.952,92.44502,0.08094823,0.485,0.447,0.323,5.352,3.802,6.902
2023-11-02 10:00:00,8.052,91.50425,0.091649115,0.486,0.448,0.323,5.602,3.9520001,6.902
2023-11-02 11:00:00,7.802,92.119255,0.083581984,0.486,0.448,0.323,5.652,4.102,6.902
2023-11-02 12:00:00,7.402,93.37287,0.06839603,0.486,0.449,0.323,5.602,4.252,6.902
2023-11-02 13:00:00,6.802,95.297005,0.046585083,0.485,0.449,0.323,5.502,4.352,6.852
2023-11-02 14:00:00,6.052,95.60052,0.04138702,0.484,0.45,0.323,5.302,4.452,6.852
2023-11-02 15:00:00,5.052,94.236786,0.050585806,0.483,0.45,0.324,5.002,4.502,6.852
2023-11-02 16:00:00,3.9520001,91.556175,0.06862885,0.482,0.451,0.324,4.652,4.552,6.852
2023-11-02 17:00:00,2.9520001,89.225464,0.08160889,0.48,0.451,0.324,4.202,4.552,6.852
2023-11-02 18:00:00,2.302,87.89364,0.08755994,0.479,0.451,0.324,3.852,4.552,6.852
2023-11-02 19:00:00,2.052,88.188866,0.08391601,0.478,0.451,0.324,3.652,4.552,6.852
2023-11-02 20:00:00,1.952,87.8611,0.08563131,0.477,0.451,0.324,3.4520001,4.502,6.852
2023-11-02 21:00:00,1.802,89.45258,0.07361168,0.477,0.452,0.324,3.352,4.502,6.852
2023-11-02 22:00:00,1.702,90.09433,0.06864029,0.476,0.452,0.324,3.252,4.452,6.852
2023-11-02 23:00:00,1.552,90.40965,0.06574547,0.476,0.452,0.324,3.102,4.402,6.852
2023-11-03 00:00:00,1.4020001,90.39842,0.06511825,0.475,0.452,0.324,3.002,4.402,6.852
2023-11-03 01:00:00,1.352,90.39468,0.06491035,0.474,0.452,0.324,2.9520001,4.352,6.852
2023-11-03 02:00:00,1.352,90.72311,0.06269103,0.473,0.452,0.324,2.852,4.302,6.852
2023-11-03 03:00:00,1.552,90.40965,0.06574547,0.472,0.452,0.324,2.902,4.252,6.852
2023-11-03 04:00:00,2.052,90.12123,0.07018739,0.472,0.452,0.324,3.102,4.252,6.852
2023-11-03 05:00:00,2.852,89.537865,0.07868326,0.471,0.452,0.324,3.4520001,4.252,6.852
2023-11-03 06:00:00,4.002,88.36396,0.09490639,0.471,0.452,0.325,4.002,4.252,6.852
2023-11-03 07:00:00,4.602,89.677765,0.08780354,0.471,0.452,0.325,4.552,4.302,6.852
2023-11-03 08:00:00,5.602,89.12869,0.09913617,0.471,0.452,0.325,5.152,4.402,6.852
2023-11-03 09:00:00,6.402,88.883965,0.10712516,0.47,0.452,0.325,5.702,4.502,6.852
2023-11-03 10:00:00,6.652,89.83817,0.09962726,0.47,0.452,0.325,5.952,4.652,6.852
2023-11-03 11:00:00,6.502,92.04011,0.0772388,0.47,0.452,0.325,5.852,4.752,6.852
2023-11-03 12:00:00,5.902,95.26372,0.04409617,0.469,0.452,0.325,5.552,4.802,6.852
2023-11-03 13:00:00,5.152,96.913666,0.02727896,0.469,0.452,0.325,5.002,4.852,6.852
2023-11-03 14:00:00,4.952,96.90877,0.026944697,0.468,0.452,0.325,4.802,4.902,6.852
2023-11-03 15:00:00,4.802,96.228935,0.03252858,0.468,0.452,0.325,4.652,4.902,6.852
2023-11-03 16:00:00,4.752,95.220665,0.041082263,0.468,0.452,0.325,4.502,4.902,6.852
2023-11-03 17:00:00,4.602,94.54824,0.046374083,0.467,0.452,0.325,4.352,4.902,6.852
2023-11-03 18:00:00,4.552,94.5461,0.046230614,0.467,0.452,0.325,4.252,4.902,6.852
2023-11-03 19:00:00,4.702,92.57844,0.06357211,0.466,0.452,0.325,4.252,4.902,6.852
2023-11-03 20:00:00,4.752,92.256004,0.06656587,0.466,0.452,0.326,4.202,4.902,6.852
2023-11-03 21:00:00,4.752,92.256004,0.06656587,0.466,0.452,0.326,4.202,4.852,6.852
2023-11-03 22:00:00,4.802,91.61164,0.07235658,0.465,0.452,0.326,4.252,4.852,6.852
2023-11-03 23:00:00,4.702,91.28273,0.07467097,0.465,0.452,0.326,4.202,4.852,6.852
2023-11-04 00:00:00,4.602,91.275986,0.07420874,0.465,0.451,0.326,4.202,4.852,6.852
2023-11-04 01:00:00,4.452,91.58887,0.0708012,0.464,0.451,0.326,4.152,4.852,6.852
2023-11-04 02:00:00,4.502,91.26923,0.073749065,0.464,0.451,0.326,4.152,4.852,6.852
2023-11-04 03:00:00,4.552,90.95084,0.07670605,0.464,0.451,0.326,4.202,4.852,6.852
2023-11-04 04:00:00,5.052,89.083015,0.095822394,0.463,0.451,0.326,4.452,4.852,6.852
2023-11-04 05:00:00,5.902,85.77675,0.13242352,0.463,0.451,0.326,5.002,4.902,6.852
2023-11-04 06:00:00,7.102,82.08965,0.18109798,0.463,0.451,0.326,5.802,4.952,6.852
2023-11-04 07:00:00,8.202,79.97632,0.21822482,0.462,0.451,0.326,6.652,5.102,6.852
2023-11-04 08:00:00,9.102,75.25432,0.2866029,0.462,0.451,0.326,7.402,5.252,6.852
2023-11-04 09:00:00,9.602,70.76364,0.35018945,0.461,0.45,0.326,7.752,5.402,6.852
2023-11-04 10:00:00,9.352,72.97405,0.3183235,0.461,0.45,0.326,7.752,5.552,6.852
2023-11-04 11:00:00,8.702,76.243,0.26782715,0.461,0.45,0.327,7.452,5.702,6.852
2023-11-04 12:00:00,8.002,80.50712,0.20957494,0.46,0.45,0.327,7.052,5.802,6.852
2023-11-04 13:00:00,7.502,84.464264,0.16143948,0.46,0.45,0.327,6.802,5.852,6.852
2023-11-04 14:00:00,7.202,87.11755,0.13115227,0.46,0.45,0.327,6.602,5.902,6.852
2023-11-04 15:00:00,6.802,89.22736,0.106708646,0.459,0.45,0.327,6.452,5.952,6.902
2023-11-04 16:00:00,6.402,89.506226,0.10112834,0.459,0.449,0.327,6.302,6.002,6.902
2023-11-04 17:00:00,5.702,87.58557,0.11399466,0.459,0.449,0.327,6.052,6.002,6.902
2023-11-04 18:00:00,4.752,84.14498,0.13628596,0.458,0.449,0.327,5.702,6.002,6.902
2023-11-04 19:00:00,3.352,83.676994,0.12717873,0.458,0.449,0.327,5.152,5.952,6.902
2023-11-04 20:00:00,2.552,82.07674,0.13195413,0.458,0.449,0.327,4.652,5.902,6.902
2023-11-04 21:00:00,1.802,82.57785,0.12158787,0.458,0.449,0.327,4.152,5.852,6.902
2023-11-04 22:00:00,1.202,82.4997,0.1169914,0.457,0.449,0.327,3.7020001,5.752,6.902
2023-11-04 23:00:00,0.302,83.60782,0.102695584,0.457,0.449,0.327,3.152,5.602,6.902
2023-11-05 00:00:00,0.15200001,81.75396,0.11307275,0.457,0.449,0.327,2.902,5.452,6.902
2023-11-05 01:00:00,-0.448,83.514694,0.09780276,0.456,0.448,0.327,2.4520001,5.352,6.902
2023-11-05 02:00:00,-0.99799997,85.65076,0.08177927,0.456,0.448,0.327,2.002,5.152,6.902
2023-11-05 03:00:00,-1.3479999,87.222565,0.07097718,0.456,0.448,0.328,1.702,5.002,6.902
2023-11-05 04:00:00,-0.698,84.10696,0.092585444,0.455,0.448,0.328,1.9020001,4.852,6.902
2023-11-05 05:00:00,0.45200002,70.203384,0.18869227,0.455,0.448,0.328,3.152,4.802,6.902
2023-11-05 06:00:00,0.70199996,66.39893,0.21665621,0.455,0.448,0.328,3.552,4.752,6.902
2023-11-05 07:00:00,0.552,68.91609,0.19827059,0.454,0.447,0.328,3.852,4.752,6.902
2023-11-05 08:00:00,0.70199996,66.90195,0.21341386,0.454,0.447,0.328,4.052,4.752,6.902
2023-11-05 09:00:00,0.752,65.6622,0.22220549,0.453,0.447,0.328,4.052,4.752,6.902
2023-11-05 10:00:00,0.652,64.898384,0.22551286,0.453,0.447,0.328,3.9520001,4.752,6.902
2023-11-05 11:00:00,0.45200002,64.361465,0.22567496,0.452,0.447,0.328,3.552,4.702,6.902
2023-11-05 12:00:00,-0.148,67.73211,0.19563687,0.452,0.447,0.328,2.802,4.652,6.902
2023-11-05 13:00:00,-0.54800004,69.46743,0.17980424,0.452,0.446,0.328,2.302,4.552,6.902
2023-11-05 14:00:00,-0.698,69.435776,0.17803052,0.452,0.446,0.328,2.002,4.452,6.902
2023-11-05 15:00:00,-0.898,69.3935,0.17568922,0.451,0.446,0.328,1.7520001,4.302,6.902
2023-11-05 16:00:00,-1.148,69.6054,0.1713075,0.451,0.446,0.328,1.5020001,4.202,6.902
2023-11-05 17:00:00,-1.548,71.40456,0.15650454,0.451,0.446,0.328,1.102,4.102,6.902
2023-11-05 18:00:00,-1.398,69.81881,0.16701224,0.451,0.446,0.328,1.102,3.9520001,6.902
2023-11-05 19:00:00,-2.2979999,79.58711,0.10571444,0.451,0.446,0.328,0.70199996,3.802,6.902
2023-11-05 20:00:00,-2.598,81.06578,0.09590167,0.45,0.445,0.328,0.652,3.7020001,6.902
2023-11-05 21:00:00,-2.998,82.87719,0.08418748,0.45,0.445,0.329,0.602,3.552,6.902
2023-11-05 22:00:00,-3.348,83.7823,0.07768369,0.45,0.445,0.329,0.502,3.4520001,6.852
2023-11-05 23:00:00,-3.698,84.37953,0.07288998,0.45,0.445,0.329,0.45200002,3.352,6.852
2023-11-06 00:00:00,-3.948,84.34941,0.07167405,0.45,0.445,0.329,0.402,3.252,6.852
2023-11-06 01:00:00,-4.098,84.009445,0.072410196,0.45,0.445,0.329,0.302,3.102,6.852
2023-11-06 02:00:00,-4.198,83.676125,0.07336545,0.449,0.445,0.329,0.252,3.002,6.852
2023-11-06 03:00:00,-4.248,83.66986,0.07311803,0.449,0.445,0.329,0.202,2.902,6.852
2023-11-06 04:00:00,-2.898,77.69668,0.110471785,0.449,0.444,0.329,0.252,2.852,6.802
2023-11-06 05:00:00,-1.4979999,72.51089,0.15100563,0.449,0.444,0.329,0.302,2.752,6.802
2023-11-06 06:00:00,-0.048,68.2693,0.19378424,0.448,0.444,0.329,0.45200002,2.7020001,6.802
2023-11-06 07:00:00,1.102,71.12978,0.1916039,0.448,0.444,0.329,0.602,2.652,6.802
2023-11-06 08:00:00,1.952,67.6825,0.22795242,0.448,0.444,0.329,0.802,2.602,6.802
2023-11-06 09:00:00,2.302,66.50921,0.24219802,0.447,0.443,0.329,1.002,2.552,6.752
2023-11-06 10:00:00,2.152,68.74143,0.2236548,0.447,0.443,0.329,1.302,2.552,6.752
2023-11-06 11:00:00,1.552,72.55553,0.18812498,0.447,0.443,0.329,1.2520001,2.552,6.752
2023-11-06 12:00:00,-0.148,82.62799,0.10533762,0.446,0.443,0.329,0.502,2.502,6.752
2023-11-06 13:00:00,-2.248,88.11849,0.061764926,0.446,0.443,0.329,0.352,2.4520001,6.752
2023-11-06 14:00:00,-2.948,88.71912,0.055674464,0.446,0.443,0.329,0.302,2.402,6.702
2023-11-06 15:00:00,-3.0479999,88.04382,0.058569163,0.446,0.442,0.329,0.202,2.352,6.702
2023-11-06 16:00:00,-3.148,88.03443,0.058179915,0.446,0.442,0.329,0.15200001,2.302,6.702
2023-11-06 17:00:00,-3.398,88.67907,0.054028332,0.446,0.442,0.33,0.102,2.252,6.702
2023-11-06 18:00:00,-3.648,88.99311,0.051556617,0.446,0.442,0.33,0.052,2.152,6.652
2023-11-06 19:00:00,-3.698,90.346146,0.04505056,0.446,0.442,0.33,0.0020000003,2.102,6.652
2023-11-06 20:00:00,-3.848,90.33461,0.0446001,0.446,0.442,0.33,-0.048,2.052,6.652
2023-11-06 21:00:00,-3.948,89.9852,0.045866817,0.445,0.442,0.33,-0.098000005,2.002,6.652
2023-11-06 22:00:00,-3.948,89.64464,0.047426373,0.445,0.442,0.33,-0.148,1.952,6.602
2023-11-06 23:00:00,-3.9980001,89.64053,0.047267407,0.445,0.441,0.33,-0.198,1.9020001,6.602
2023-11-07 00:00:00,-3.898,88.97134,0.05069962,0.445,0.441,0.33,-0.24800001,1.852,6.602
2023-11-07 01:00:00,-3.7979999,88.98006,0.051040918,0.445,0.441,0.33,-0.29799998,1.802,6.602
2023-11-07 02:00:00,-4.048,89.29675,0.048652768,0.445,0.441,0.33,-0.348,1.7520001,6.552
2023-11-07 03:00:00,-4.148,89.62818,0.04679337,0.445,0.441,0.33,-0.348,1.702,6.552
2023-11-07 04:00:00,-2.198,89.11818,0.056778133,0.445,0.441,0.33,-0.348,1.6520001,6.552
2023-11-07 05:00:00,1.002,75.7572,0.1597445,0.444,0.441,0.33,-0.24800001,1.602,6.552
2023-11-07 06:00:00,3.102,69.19701,0.23578131,0.444,0.441,0.33,-0.098000005,1.602,6.502
2023-11-07 07:00:00,4.502,67.24204,0.276693,0.444,0.441,0.33,0.0020000003,1.552,6.502
2023-11-07 08:00:00,5.602,64.36686,0.32493043,0.444,0.44,0.33,0.15200001,1.552,6.502
2023-11-07 09:00:00,6.052,62.167416,0.3558929,0.444,0.44,0.33,0.302,1.552,6.452
2023-11-07 10:00:00,5.752,66.541794,0.30828607,0.443,0.44,0.33,0.402,1.552,6.452
2023-11-07 11:00:00,4.352,72.29459,0.2315771,0.443,0.44,0.33,0.402,1.602,6.452
2023-11-07 12:00:00,2.2020001,80.254745,0.14179069,0.443,0.44,0.33,0.352,1.602,6.452
2023-11-07 13:00:00,0.752,84.59078,0.09972918,0.443,0.44,0.33,0.352,1.602,6.402
2023-11-07 14:00:00,0.052,85.135185,0.09145522,0.443,0.44,0.33,0.302,1.602,6.402
2023-11-07 15:00:00,-0.29799998,84.15514,0.09503609,0.443,0.439,0.331,0.252,1.602,6.402
2023-11-07 16:00:00,-0.54800004,83.19235,0.09899062,0.443,0.439,0.331,0.202,1.602,6.402
2023-11-07 17:00:00,-0.698,81.94274,0.10519147,0.443,0.439,0.331,0.202,1.602,6.352
2023-11-07 18:00:00,-0.79800004,80.714035,0.11153039,0.442,0.439,0.331,0.15200001,1.602,6.352
2023-11-07 19:00:00,-0.898,79.49975,0.11768776,0.442,0.439,0.331,0.102,1.552,6.352
2023-11-07 20:00:00,-1.048,78.291824,0.12326008,0.442,0.439,0.331,0.102,1.552,6.352
2023-11-07 21:00:00,-1.148,77.39677,0.12740421,0.442,0.439,0.331,0.052,1.552,6.302
2023-11-07 22:00:00,-1.148,75.95108,0.13555104,0.442,0.439,0.331,0.0020000003,1.552,6.302
2023-11-07 23:00:00,-1.048,73.98606,0.14770266,0.442,0.439,0.331,0.0020000003,1.5020001,6.302
2023-11-08 00:00:00,-0.948,72.3431,0.15818259,0.442,0.438,0.331,-0.048,1.5020001,6.302
2023-11-08 01:00:00,-0.848,70.467224,0.17014873,0.442,0.438,0.331,-0.048,1.5020001,6.252
2023-11-08 02:00:00,-0.898,69.129875,0.17720196,0.442,0.438,0.331,-0.098000005,1.452,6.252
2023-11-08 03:00:00,-0.79800004,67.58889,0.18741015,0.441,0.438,0.331,-0.098000005,1.452,6.252
2023-11-08 04:00:00,0.602,63.186436,0.23565468,0.441,0.438,0.331,-0.048,1.452,6.202
2023-11-08 05:00:00,2.652,57.972733,0.31157207,0.441,0.438,0.331,0.052,1.4020001,6.202
2023-11-08 06:00:00,4.452,52.829384,0.3970052,0.441,0.438,0.331,0.15200001,1.452,6.202
2023-11-08 07:00:00,6.302,49.70289,0.48135006,0.441,0.438,0.331,0.352,1.452,6.202
2023-11-08 08:00:00,7.152,48.30312,0.5244885,0.44,0.437,0.331,0.502,1.452,6.152
2023-11-08 09:00:00,7.452,49.476776,0.52320635,0.44,0.437,0.331,0.70199996,1.5020001,6.152
2023-11-08 10:00:00,6.952,54.110867,0.4592442,0.439,0.437,0.331,0.95199996,1.552,6.152
2023-11-08 11:00:00,5.502,58.709137,0.37391132,0.439,0.437,0.331,1.102,1.602,6.152
2023-11-08 12:00:00,3.752,63.464443,0.29277724,0.439,0.437,0.331,0.95199996,1.602,6.152
2023-11-08 13:00:00,2.852,66.13924,0.2546334,0.439,0.436,0.331,0.902,1.6520001,6.102
2023-11-08 14:00:00,2.302,67.75871,0.23316395,0.439,0.436,0.331,0.802,1.6520001,6.102
2023-11-08 15:00:00,2.002,68.70954,0.22149926,0.439,0.436,0.331,0.752,1.702,6.102
2023-11-08 16:00:00,1.7520001,69.68733,0.21077892,0.439,0.436,0.331,0.752,1.702,6.102
2023-11-08 17:00:00,1.602,70.177216,0.205158,0.439,0.436,0.332,0.70199996,1.702,6.052
2023-11-08 18:00:00,1.452,70.93515,0.1978066,0.438,0.436,0.332,0.652,1.702,6.052
2023-11-08 19:00:00,2.052,71.05554,0.20562828,0.438,0.436,0.332,0.70199996,1.7520001,6.052
2023-11-08 20:00:00,1.952,72.36391,0.19493818,0.438,0.436,0.332,0.70199996,1.7520001,6.052
2023-11-08 21:00:00,1.852,73.96866,0.1823129,0.438,0.436,0.332,0.70199996,1.7520001,6.052
2023-11-08 22:00:00,1.7520001,75.32912,0.1715551,0.438,0.436,0.332,0.70199996,1.7520001,6.002
2023-11-08 23:00:00,1.552,77.55029,0.15389186,0.438,0.435,0.332,0.652,1.7520001,6.002
2023-11-09 00:00:00,1.302,79.829475,0.13581228,0.438,0.435,0.332,0.652,1.7520001,6.002
2023-11-09 01:00:00,1.052,81.87598,0.11986071,0.438,0.435,0.332,0.602,1.7520001,6.002
2023-11-09 02:00:00,1.1520001,81.88946,0.120636106,0.438,0.435,0.332,0.602,1.7520001,6.002
2023-11-09 03:00:00,1.052,82.48009,0.115865886,0.438,0.435,0.332,0.602,1.7520001,5.952
2023-11-09 04:00:00,2.152,79.37236,0.14759952,0.438,0.435,0.332,0.70199996,1.802,5.952
2023-11-09 05:00:00,3.402,76.44669,0.18415725,0.438,0.435,0.332,1.052,1.802,5.952
2023-11-09 06:00:00,4.352,74.422356,0.21379352,0.439,0.435,0.332,1.452,1.852,5.952
2023-11-09 07:00:00,5.252,75.93367,0.21419513,0.44,0.435,0.332,1.9020001,1.9020001,5.952
2023-11-09 08:00:00,4.902,85.064186,0.12973464,0.445,0.434,0.332,2.152,2.002,5.952
2023-11-09 09:00:00,4.702,93.23238,0.057970524,0.454,0.434,0.332,2.552,2.102,5.902
2023-11-09 10:00:00,4.402,95.879395,0.034564257,0.457,0.434,0.332,2.7020001,2.152,5.902
2023-11-09 11:00:00,4.102,96.88777,0.025562882,0.458,0.435,0.332,2.802,2.252,5.902
2023-11-09 12:00:00,3.7020001,97.22042,0.02219814,0.458,0.435,0.332,2.802,2.352,5.902
2023-11-09 13:00:00,3.252,98.94571,0.008156896,0.459,0.435,0.332,2.752,2.402,5.902
2023-11-09 14:00:00,2.802,99.64618,0.0026516318,0.461,0.435,0.332,2.652,2.502,5.902
2023-11-09 15:00:00,2.402,99.64503,0.002585709,0.465,0.435,0.332,2.552,2.552,5.902
2023-11-09 16:00:00,2.102,99.644165,0.0025373101,0.468,0.435,0.332,2.4520001,2.602,5.902
2023-11-09 17:00:00,1.7520001,99.64314,0.0024817586,0.471,0.435,0.332,2.302,2.602,5.852
2023-11-09 18:00:00,1.5020001,99.64241,0.0024427176,0.474,0.436,0.332,2.2020001,2.652,5.852
2023-11-09 19:00:00,1.452,99.64227,0.002434969,0.476,0.436,0.332,2.152,2.652,5.852
2023-11-09 20:00:00,1.102,99.641235,0.0023813248,0.478,0.437,0.332,2.052,2.7020001,5.852
2023-11-09 21:00:00,0.902,99.28245,0.0046948195,0.478,0.437,0.333,1.9020001,2.7020001,5.852
2023-11-09 22:00:00,0.802,98.92452,0.006986141,0.478,0.437,0.333,1.852,2.7020001,5.852
2023-11-09 23:00:00,0.752,98.92409,0.0069637895,0.477,0.438,0.333,1.7520001,2.7020001,5.852
2023-11-10 00:00:00,0.752,98.56772,0.009270251,0.476,0.438,0.333,1.7520001,2.7020001,5.852
2023-11-10 01:00:00,0.802,98.213234,0.011606455,0.476,0.439,0.333,1.702,2.7020001,5.852
2023-11-10 02:00:00,0.802,98.213234,0.011606455,0.476,0.439,0.333,1.702,2.652,5.852
2023-11-10 03:00:00,0.802,98.213234,0.011606455,0.476,0.439,0.333,1.6520001,2.652,5.852
2023-11-10 04:00:00,0.902,98.21469,0.011680961,0.476,0.44,0.333,1.7520001,2.652,5.802
2023-11-10 05:00:00,1.052,97.86364,0.014129519,0.476,0.44,0.333,1.852,2.652,5.802
2023-11-10 06:00:00,1.052,98.57123,0.009449661,0.477,0.44,0.333,1.9020001,2.7020001,5.802
2023-11-10 07:00:00,1.202,98.57297,0.009540558,0.478,0.441,0.333,2.002,2.7020001,5.802
2023-11-10 08:00:00,1.452,94.75169,0.035722673,0.479,0.441,0.333,2.102,2.7020001,5.802
2023-11-10 09:00:00,1.552,94.41509,0.038287163,0.48,0.442,0.333,2.2020001,2.7020001,5.802
2023-11-10 10:00:00,1.5020001,94.41287,0.03816539,0.48,0.442,0.333,2.2020001,2.752,5.802
2023-11-10 11:00:00,1.352,94.06598,0.04010117,0.48,0.443,0.333,2.102,2.752,5.802
2023-11-10 12:00:00,1.2520001,93.38356,0.044392884,0.479,0.443,0.333,1.952,2.752,5.802
2023-11-10 13:00:00,1.102,93.038086,0.04620993,0.478,0.443,0.333,1.802,2.752,5.802
2023-11-10 14:00:00,0.902,92.35404,0.050024867,0.477,0.444,0.333,1.6520001,2.752,5.802
2023-11-10 15:00:00,0.852,92.35102,0.04986465,0.475,0.444,0.333,1.602,2.7020001,5.802
2023-11-10 16:00:00,0.70199996,92.34196,0.04938656,0.474,0.444,0.333,1.452,2.7020001,5.752
2023-11-10 17:00:00,0.602,92.67262,0.04691428,0.473,0.445,0.333,1.352,2.652,5.752
2023-11-10 18:00:00,0.252,92.991,0.04375422,0.472,0.445,0.333,1.102,2.652,5.752
2023-11-10 19:00:00,0.502,94.36815,0.035799205,0.471,0.445,0.333,1.052,2.602,5.752
2023-11-10 20:00:00,0.552,94.71384,0.033723593,0.47,0.445,0.334,1.052,2.552,5.752
2023-11-10 21:00:00,0.502,94.71171,0.03361541,0.469,0.445,0.334,1.002,2.502,5.752
2023-11-10 22:00:00,0.70199996,95.06431,0.03183055,0.468,0.445,0.334,1.002,2.502,5.752
2023-11-10 23:00:00,1.102,95.080086,0.03265637,0.468,0.445,0.334,1.102,2.4520001,5.752
2023-11-11 00:00:00,1.5020001,95.09578,0.033500493,0.467,0.445,0.334,1.2520001,2.4520001,5.752
2023-11-11 01:00:00,1.302,95.43157,0.030762255,0.466,0.445,0.334,1.2520001,2.4520001,5.752
2023-11-11 02:00:00,1.052,95.422424,0.030275047,0.466,0.445,0.334,1.202,2.402,5.702
2023-11-11 03:00:00,1.352,95.089905,0.033181727,0.465,0.446,0.334,1.302,2.402,5.702
2023-11-11 04:00:00,2.002,93.75908,0.044183433,0.465,0.446,0.334,1.552,2.402,5.702
2023-11-11 05:00:00,2.9520001,90.83801,0.069395304,0.465,0.446,0.334,2.152,2.4520001,5.702
2023-11-11 06:00:00,4.052,87.74151,0.100334704,0.467,0.446,0.334,2.852,2.502,5.702
2023-11-11 07:00:00,4.902,87.82037,0.10579413,0.468,0.446,0.334,3.402,2.602,5.702
2023-11-11 08:00:00,5.602,86.65624,0.121682644,0.469,0.446,0.334,3.9520001,2.752,5.702
2023-11-11 09:00:00,5.952,87.302124,0.118630886,0.47,0.446,0.334,4.302,2.852,5.702
2023-11-11 10:00:00,6.052,87.311676,0.11936307,0.471,0.446,0.334,4.452,3.002,5.702
2023-11-11 11:00:00,5.552,88.50043,0.10450256,0.471,0.446,0.334,4.302,3.102,5.702
2023-11-11 12:00:00,4.952,89.705414,0.08973259,0.471,0.446,0.334,3.9520001,3.2020001,5.702
2023-11-11 13:00:00,4.602,89.677765,0.08780354,0.471,0.446,0.334,3.7020001,3.252,5.702
2023-11-11 14:00:00,4.252,89.016075,0.09117222,0.471,0.447,0.334,3.502,3.302,5.702
2023-11-11 15:00:00,3.752,88.97394,0.08836514,0.472,0.447,0.335,3.2020001,3.352,5.702
2023-11-11 16:00:00,3.402,87.995094,0.09386641,0.475,0.447,0.335,3.002,3.352,5.702
2023-11-11 17:00:00,3.152,88.92306,0.08509499,0.476,0.447,0.335,2.852,3.352,5.702
2023-11-11 18:00:00,3.002,91.82108,0.062168956,0.48,0.447,0.335,2.852,3.402,5.702
2023-11-11 19:00:00,3.852,92.85765,0.057644486,0.486,0.448,0.335,3.102,3.402,5.702
2023-11-11 20:00:00,4.052,93.52801,0.052973032,0.492,0.448,0.335,3.252,3.402,5.702
2023-11-11 21:00:00,4.152,94.195915,0.047840595,0.498,0.449,0.335,3.352,3.4520001,5.702
2023-11-11 22:00:00,4.302,94.535355,0.045518696,0.5,0.451,0.335,3.4520001,3.502,5.702
2023-11-11 23:00:00,4.302,95.87614,0.034350395,0.503,0.452,0.335,3.552,3.552,5.702
2023-11-12 00:00:00,4.352,96.554184,0.02880317,0.502,0.454,0.335,3.652,3.552,5.702
2023-11-12 01:00:00,4.402,96.89521,0.026043534,0.499,0.456,0.335,3.7020001,3.602,5.702
2023-11-12 02:00:00,4.152,97.572845,0.020005941,0.496,0.457,0.335,3.7020001,3.652,5.702
2023-11-12 03:00:00,3.852,97.223755,0.022406518,0.493,0.458,0.335,3.652,3.7020001,5.702
2023-11-12 04:00:00,3.752,96.53768,0.02774793,0.491,0.459,0.335,3.7020001,3.7020001,5.702
2023-11-12 05:00:00,3.802,95.52167,0.03601706,0.49,0.459,0.335,3.752,3.752,5.702
2023-11-12 06:00:00,4.052,93.19788,0.05567497,0.488,0.46,0.336,3.9520001,3.802,5.702
2023-11-12 07:00:00,4.502,90.306595,0.08188039,0.487,0.46,0.336,4.302,3.852,5.702
2023-11-12 08:00:00,4.652,86.25373,0.11733794,0.486,0.46,0.336,4.502,3.902,5.702
2023-11-12 09:00:00,4.702,82.94858,0.14605916,0.485,0.461,0.336,4.602,4.002,5.702
2023-11-12 10:00:00,4.702,81.19078,0.16111565,0.484,0.461,0.336,4.602,4.052,5.702
2023-11-12 11:00:00,4.452,82.91707,0.14379507,0.484,0.461,0.336,4.402,4.102,5.702
2023-11-12 12:00:00,4.002,85.267624,0.12016034,0.484,0.461,0.336,4.102,4.102,5.702
2023-11-12 13:00:00,3.552,89.275085,0.08475,0.484,0.461,0.336,3.802,4.102,5.702
2023-11-12 14:00:00,3.152,94.485535,0.042363465,0.486,0.461,0.336,3.652,4.102,5.702
2023-11-12 15:00:00,2.852,97.54742,0.018445611,0.489,0.462,0.336,3.552,4.102,5.702
2023-11-12 16:00:00,2.402,99.64503,0.002585709,0.489,0.462,0.336,3.4520001,4.102,5.702
2023-11-12 17:00:00,2.152,98.93627,0.0076119304,0.489,0.462,0.337,3.302,4.102,5.702
2023-11-12 18:00:00,2.102,98.58336,0.010101318,0.488,0.463,0.337,3.2020001,4.052,5.702
2023-11-12 19:00:00,2.352,98.58621,0.0102620125,0.488,0.463,0.337,3.2020001,4.052,5.702
2023-11-12 20:00:00,2.402,99.29117,0.0051633716,0.488,0.463,0.337,3.2020001,4.002,5.702
2023-11-12 21:00:00,2.352,99.64488,0.0025776625,0.487,0.464,0.337,3.2020001,4.002,5.702
2023-11-12 22:00:00,2.252,98.93713,0.0076601505,0.486,0.464,0.337,3.152,3.9520001,5.702
2023-11-12 23:00:00,2.152,98.232704,0.0126466155,0.485,0.464,0.337,3.102,3.9520001,5.752
2023-11-13 00:00:00,2.002,97.880005,0.015008926,0.484,0.464,0.337,3.002,3.9520001,5.752
2023-11-13 01:00:00,1.9020001,97.52857,0.01737243,0.483,0.464,0.337,2.9520001,3.902,5.752
2023-11-13 02:00:00,1.852,96.8312,0.02219516,0.482,0.464,0.337,2.902,3.852,5.752
2023-11-13 03:00:00,1.702,96.82738,0.021984875,0.481,0.464,0.338,2.802,3.852,5.752
2023-11-13 04:00:00,1.602,94.41731,0.038409173,0.48,0.464,0.338,2.802,3.802,5.752
2023-11-13 05:00:00,1.602,94.07775,0.040745378,0.479,0.464,0.338,2.852,3.802,5.752
2023-11-13 06:00:00,1.702,93.07104,0.048014045,0.478,0.464,0.338,3.002,3.802,5.752
2023-11-13 07:00:00,2.302,90.46546,0.068959534,0.478,0.464,0.338,3.252,3.802,5.752
2023-11-13 08:00:00,2.502,88.229614,0.086349964,0.477,0.464,0.338,3.4520001,3.802,5.752
2023-11-13 09:00:00,2.652,86.044586,0.10347587,0.477,0.464,0.338,3.602,3.802,5.752
2023-11-13 10:00:00,2.4520001,85.7129,0.10444033,0.476,0.464,0.338,3.4520001,3.802,5.752
2023-11-13 11:00:00,2.352,86.01282,0.10152316,0.475,0.464,0.338,3.302,3.852,5.752
2023-11-13 12:00:00,2.2020001,87.567245,0.089282155,0.475,0.464,0.338,3.152,3.802,5.752
2023-11-13 13:00:00,2.052,89.15041,0.07708472,0.474,0.463,0.339,3.002,3.802,5.752
2023-11-13 14:00:00,1.952,90.113556,0.06974238,0.474,0.463,0.339,2.852,3.802,5.752
2023-11-13 15:00:00,1.802,91.743935,0.057620525,0.473,0.463,0.339,2.7020001,3.752,5.752
2023-11-13 16:00:00,2.002,90.770035,0.065344214,0.473,0.463,0.339,2.752,3.752,5.752
2023-11-13 17:00:00,1.852,91.74717,0.057804108,0.472,0.463,0.339,2.602,3.7020001,5.752
2023-11-13 18:00:00,1.952,91.75364,0.058173,0.472,0.463,0.339,2.602,3.652,5.752
2023-11-13 19:00:00,1.7520001,91.74069,0.05743736,0.471,0.463,0.339,2.502,3.652,5.752
2023-11-13 20:00:00,1.952,90.76645,0.06513679,0.471,0.462,0.339,2.552,3.602,5.752
2023-11-13 21:00:00,2.052,89.796585,0.07249385,0.471,0.462,0.339,2.552,3.602,5.752
2023-11-13 22:00:00,2.052,88.82887,0.07936913,0.47,0.462,0.339,2.552,3.552,5.752
2023-11-13 23:00:00,2.052,87.87041,0.08617854,0.47,0.462,0.339,2.502,3.552,5.752
2023-11-14 00:00:00,2.002,87.548195,0.08815259,0.47,0.462,0.34,2.4520001,3.502,5.752
2023-11-14 01:00:00,1.852,88.81161,0.07836443,0.469,0.462,0.34,2.352,3.502,5.752
2023-11-14 02:00:00,1.602,90.413376,0.06595564,0.469,0.461,0.34,2.2020001,3.4520001,5.752
2023-11-14 03:00:00,1.852,88.81161,0.07836443,0.468,0.461,0.34,2.252,3.402,5.752
2023-11-14 04:00:00,2.302,86.63219,0.096682966,0.468,0.461,0.34,2.4520001,3.402,5.752
2023-11-14 05:00:00,3.102,83.948814,0.12287116,0.468,0.461,0.34,2.902,3.402,5.752
2023-11-14 06:00:00,3.9520001,79.64084,0.16546947,0.467,0.461,0.34,3.552,3.4520001,5.752
2023-11-14 07:00:00,4.202,73.8579,0.21622694,0.467,0.46,0.34,4.002,3.502,5.752
2023-11-14 08:00:00,4.502,73.91261,0.22035462,0.467,0.46,0.34,4.202,3.602,5.752
2023-11-14 09:00:00,4.802,73.43489,0.2291407,0.466,0.46,0.34,4.352,3.652,5.752
2023-11-14 10:00:00,4.802,75.04196,0.21527958,0.466,0.46,0.34,4.402,3.752,5.752
2023-11-14 11:00:00,4.252,78.82986,0.17571998,0.466,0.459,0.341,4.152,3.802,5.752
2023-11-14 12:00:00,3.902,80.498856,0.1579405,0.465,0.459,0.341,3.852,3.852,5.752
2023-11-14 13:00:00,3.252,83.66482,0.12637812,0.465,0.459,0.341,3.4520001,3.852,5.752
2023-11-14 14:00:00,2.902,84.22846,0.11903328,0.465,0.459,0.341,3.102,3.852,5.752
2023-11-14 15:00:00,2.4520001,85.40338,0.106702864,0.464,0.459,0.341,2.802,3.802,5.752
2023-11-14 16:00:00,2.102,85.67498,0.10213947,0.464,0.459,0.341,2.502,3.752,5.752
2023-11-14 17:00:00,1.852,85.64781,0.10052276,0.464,0.458,0.341,2.302,3.7020001,5.752
2023-11-14 18:00:00,1.6520001,85.93827,0.09708947,0.464,0.458,0.341,2.102,3.652,5.752
2023-11-14 19:00:00,1.302,89.73701,0.06910616,0.463,0.458,0.341,1.9020001,3.602,5.752
2023-11-14 20:00:00,1.2520001,89.73301,0.06888527,0.463,0.458,0.341,1.802,3.502,5.752
2023-11-14 21:00:00,1.202,89.4034,0.07084179,0.463,0.458,0.341,1.702,3.4520001,5.752
2023-11-14 22:00:00,1.102,87.78152,0.081098795,0.462,0.458,0.341,1.602,3.402,5.752
2023-11-14 23:00:00,0.902,85.23097,0.09662545,0.462,0.457,0.341,1.5020001,3.302,5.752
2023-11-15 00:00:00,0.70199996,82.13093,0.115231395,0.462,0.457,0.342,1.352,3.252,5.752
2023-11-15 01:00:00,0.552,79.42321,0.13126081,0.462,0.457,0.342,1.2520001,3.2020001,5.752
2023-11-15 02:00:00,0.402,77.65071,0.14102787,0.461,0.457,0.342,1.1520001,3.102,5.752
2023-11-15 03:00:00,0.352,76.21023,0.1495738,0.461,0.457,0.342,1.052,3.052,5.702
2023-11-15 04:00:00,1.002,73.53759,0.17436758,0.461,0.456,0.342,1.2520001,2.9520001,5.702
2023-11-15 05:00:00,2.2020001,70.82282,0.20951074,0.46,0.456,0.342,1.802,2.9520001,5.702
2023-11-15 06:00:00,3.552,66.05199,0.26824087,0.46,0.456,0.342,2.802,3.002,5.702
2023-11-15 07:00:00,4.502,67.488365,0.2746126,0.459,0.456,0.342,3.652,3.052,5.702
2023-11-15 08:00:00,5.152,65.44745,0.3053853,0.459,0.455,0.342,4.202,3.152,5.702
2023-11-15 09:00:00,5.502,64.81457,0.3186314,0.459,0.455,0.342,4.502,3.302,5.702
2023-11-15 10:00:00,5.552,63.42295,0.33238244,0.458,0.455,0.342,4.502,3.402,5.702
2023-11-15 11:00:00,5.052,64.00473,0.31592822,0.458,0.455,0.342,4.202,3.4520001,5.702
2023-11-15 12:00:00,4.502,65.29992,0.29309475,0.458,0.455,0.342,3.852,3.552,5.702
2023-11-15 13:00:00,4.252,65.96622,0.28248018,0.457,0.454,0.342,3.552,3.552,5.702
2023-11-15 14:00:00,4.002,67.13276,0.26805663,0.457,0.454,0.342,3.352,3.602,5.702
2023-11-15 15:00:00,3.752,68.07184,0.2558624,0.457,0.454,0.343,3.2020001,3.602,5.702
2023-11-15 16:00:00,3.652,68.552475,0.25024348,0.457,0.454,0.343,3.102,3.602,5.702
2023-11-15 17:00:00,3.7020001,68.56308,0.2510414,0.457,0.454,0.343,3.102,3.602,5.702
2023-11-15 18:00:00,3.4520001,69.781006,0.23710275,0.456,0.453,0.343,3.002,3.602,5.702
2023-11-15 19:00:00,3.252,74.768135,0.1952017,0.456,0.453,0.343,2.902,3.602,5.702
2023-11-15 20:00:00,2.852,77.1949,0.17150474,0.456,0.453,0.343,2.752,3.602,5.702
2023-11-15 21:00:00,2.4520001,79.70767,0.14833587,0.456,0.453,0.343,2.502,3.552,5.702
2023-11-15 22:00:00,2.302,80.85683,0.13845038,0.456,0.453,0.343,2.402,3.552,5.702
2023-11-15 23:00:00,2.402,80.28369,0.14361376,0.456,0.453,0.343,2.402,3.502,5.702
2023-11-16 00:00:00,2.252,81.14511,0.13588089,0.456,0.452,0.343,2.352,3.4520001,5.702
2023-11-16 01:00:00,2.352,81.45509,0.13460219,0.456,0.452,0.343,2.352,3.4520001,5.702
2023-11-16 02:00:00,2.552,80.59821,0.14283836,0.456,0.452,0.343,2.4520001,3.402,5.702
2023-11-16 03:00:00,2.902,79.19638,0.15700936,0.456,0.452,0.343,2.602,3.402,5.702
2023-11-16 04:00:00,3.552,77.309105,0.17930156,0.455,0.452,0.343,2.902,3.402,5.702
2023-11-16 05:00:00,4.402,75.78879,0.20308238,0.455,0.452,0.343,3.4520001,3.4520001,5.702
2023-11-16 06:00:00,4.852,75.86565,0.20890218,0.455,0.451,0.344,3.902,3.502,5.702
2023-11-16 07:00:00,5.402,81.86619,0.16308576,0.455,0.451,0.344,4.352,3.602,5.702
2023-11-16 08:00:00,5.652,83.36189,0.15225041,0.455,0.451,0.344,4.752,3.7020001,5.702
2023-11-16 09:00:00,5.652,85.147484,0.1359111,0.455,0.451,0.344,4.902,3.802,5.702
2023-11-16 10:00:00,5.652,86.05291,0.12762576,0.454,0.451,0.344,4.952,3.902,5.702
2023-11-16 11:00:00,5.352,88.171906,0.10600716,0.454,0.451,0.344,4.802,3.9520001,5.702
2023-11-16 12:00:00,5.002,90.34379,0.08446157,0.454,0.45,0.344,4.602,4.052,5.702
2023-11-16 13:00:00,4.752,91.6084,0.07213259,0.454,0.45,0.344,4.452,4.102,5.702
2023-11-16 14:00:00,4.502,93.221794,0.057255745,0.454,0.45,0.344,4.302,4.102,5.702
2023-11-16 15:00:00,4.302,94.20276,0.04828906,0.454,0.45,0.344,4.202,4.152,5.702
2023-11-16 16:00:00,4.252,94.20048,0.048139215,0.454,0.45,0.344,4.152,4.152,5.702
2023-11-16 17:00:00,4.002,95.52876,0.036468863,0.454,0.45,0.344,4.052,4.202,5.702
2023-11-16 18:00:00,3.9520001,96.2034,0.030857682,0.455,0.45,0.344,4.002,4.202,5.702
2023-11-16 19:00:00,3.7020001,97.22042,0.02219814,0.455,0.449,0.344,3.902,4.202,5.702
2023-11-16 20:00:00,3.602,97.56213,0.019332528,0.455,0.449,0.344,3.802,4.202,5.702
2023-11-16 21:00:00,3.502,97.90547,0.01649332,0.455,0.449,0.344,3.7020001,4.202,5.702
2023-11-16 22:00:00,3.402,98.25043,0.0136801,0.456,0.449,0.344,3.652,4.202,5.752
2023-11-16 23:00:00,3.102,98.59476,0.010757327,0.456,0.449,0.344,3.502,4.202,5.752
2023-11-17 00:00:00,3.002,98.94357,0.008030117,0.456,0.449,0.345,3.4520001,4.152,5.752
2023-11-17 01:00:00,2.652,99.2926,0.005245328,0.456,0.449,0.345,3.252,4.152,5.752
2023-11-17 02:00:00,2.552,98.93972,0.0078063607,0.456,0.449,0.345,3.152,4.102,5.752
2023-11-17 03:00:00,2.652,98.94058,0.007855654,0.456,0.449,0.345,3.152,4.102,5.752
2023-11-17 04:00:00,3.302,98.24902,0.013594806,0.457,0.449,0.345,3.402,4.052,5.752
2023-11-17 05:00:00,4.052,97.57091,0.019882023,0.458,0.448,0.345,3.852,4.102,5.752
2023-11-17 06:00:00,4.602,95.885925,0.034995377,0.461,0.448,0.345,4.202,4.102,5.752
2023-11-17 07:00:00,4.902,96.90753,0.026861608,0.462,0.448,0.345,4.552,4.152,5.752
2023-11-17 08:00:00,5.302,95.574455,0.03952551,0.464,0.448,0.345,4.802,4.252,5.752
2023-11-17 09:00:00,5.552,95.25066,0.043159485,0.466,0.448,0.345,5.002,4.302,5.752
2023-11-17 10:00:00,5.552,95.916695,0.03710693,0.467,0.448,0.345,5.052,4.352,5.752
2023-11-17 11:00:00,5.102,97.25129,0.024210453,0.468,0.448,0.345,4.902,4.402,5.752
2023-11-17 12:00:00,4.302,98.26304,0.014468372,0.468,0.448,0.345,4.502,4.452,5.752
2023-11-17 13:00:00,4.052,98.60548,0.01141417,0.468,0.449,0.345,4.302,4.452,5.752
2023-11-17 14:00:00,3.802,98.60267,0.011238098,0.467,0.449,0.345,4.152,4.452,5.752
2023-11-17 15:00:00,3.652,98.60098,0.011133552,0.467,0.449,0.345,4.052,4.452,5.752
2023-11-17 16:00:00,3.552,98.59985,0.01106441,0.468,0.449,0.345,4.002,4.452,5.752
2023-11-17 17:00:00,3.602,98.253235,0.01385206,0.471,0.449,0.345,3.9520001,4.452,5.752
2023-11-17 18:00:00,3.602,98.253235,0.01385206,0.475,0.449,0.345,3.9520001,4.452,5.802
2023-11-17 19:00:00,3.752,96.53768,0.02774793,0.476,0.449,0.346,3.902,4.452,5.802
2023-11-17 20:00:00,3.902,95.86303,0.033506274,0.475,0.449,0.346,3.9520001,4.402,5.802
2023-11-17 21:00:00,4.052,95.53053,0.03658247,0.476,0.449,0.346,3.9520001,4.402,5.802
2023-11-17 22:00:00,4.202,94.1982,0.047989786,0.478,0.45,0.346,4.002,4.402,5.802
2023-11-17 23:00:00,4.052,94.524574,0.044816136,0.478,0.45,0.346,3.9520001,4.402,5.802
2023-11-18 00:00:00,3.9520001,94.85479,0.041818857,0.477,0.45,0.346,3.902,4.402,5.802
2023-11-18 01:00:00,3.752,94.84665,0.041300356,0.476,0.45,0.346,3.802,4.402,5.802
2023-11-18 02:00:00,3.552,94.8385,0.0407874,0.476,0.451,0.346,3.7020001,4.402,5.802
2023-11-18 03:00:00,3.602,93.505104,0.05150503,0.475,0.451,0.346,3.652,4.352,5.802
2023-11-18 04:00:00,4.102,92.543655,0.06124431,0.474,0.451,0.346,3.752,4.352,5.802
2023-11-18 05:00:00,5.202,90.04136,0.08832735,0.473,0.451,0.346,4.202,4.352,5.802
2023-11-18 06:00:00,6.552,87.054665,0.12604833,0.472,0.451,0.346,4.952,4.402,5.802
2023-11-18 07:00:00,8.452,77.814514,0.24591678,0.472,0.451,0.346,5.652,4.502,5.802
2023-11-18 08:00:00,8.952,75.49135,0.281003,0.473,0.451,0.346,6.152,4.602,5.802
2023-11-18 09:00:00,8.352,85.44183,0.1602791,0.478,0.451,0.346,6.252,4.752,5.802
2023-11-18 10:00:00,8.102,89.3328,0.11546594,0.479,0.452,0.346,6.202,4.852,5.852
2023-11-18 11:00:00,7.852,90.86405,0.09722501,0.481,0.452,0.346,6.152,4.902,5.852
2023-11-18 12:00:00,6.602,90.77645,0.09011799,0.483,0.452,0.346,5.852,5.002,5.852
2023-11-18 13:00:00,4.302,90.612,0.07819873,0.485,0.453,0.347,5.152,5.002,5.852
2023-11-18 14:00:00,2.402,96.50014,0.025494337,0.49,0.453,0.347,4.452,5.002,5.852
2023-11-18 15:00:00,1.602,99.6427,0.0024582148,0.496,0.454,0.347,3.9520001,4.952,5.852
2023-11-18 16:00:00,0.602,90.33824,0.061859787,0.493,0.455,0.347,3.352,4.852,5.852
2023-11-18 17:00:00,-0.648,82.87059,0.100151986,0.49,0.456,0.347,2.652,4.752,5.852
2023-11-18 18:00:00,-1.9979999,78.733795,0.11260271,0.488,0.456,0.347,2.002,4.602,5.852
2023-11-18 19:00:00,-2.998,75.91645,0.11840248,0.486,0.457,0.347,1.352,4.452,5.852
2023-11-18 20:00:00,-3.598,73.22253,0.12587488,0.484,0.457,0.347,0.852,4.302,5.852
2023-11-18 21:00:00,-4.048,72.2885,0.12594059,0.482,0.457,0.347,0.752,4.102,5.852
2023-11-18 22:00:00,-4.398,70.823494,0.12914854,0.481,0.458,0.347,0.652,3.9520001,5.852
2023-11-18 23:00:00,-4.598,69.4091,0.13337857,0.48,0.458,0.347,0.602,3.802,5.852
2023-11-19 00:00:00,-4.748,68.29473,0.13667709,0.478,0.458,0.347,0.552,3.652,5.852
2023-11-19 01:00:00,-4.848,66.41405,0.14368898,0.477,0.458,0.347,0.45200002,3.502,5.852
2023-11-19 02:00:00,-5.048,65.584404,0.14502266,0.476,0.458,0.347,0.402,3.352,5.852
2023-11-19 03:00:00,-5.348,64.99529,0.14418268,0.475,0.458,0.348,0.352,3.2020001,5.852
2023-11-19 04:00:00,-5.398,63.19698,0.1510098,0.474,0.458,0.348,0.302,3.102,5.852
2023-11-19 05:00:00,-5.348,61.96059,0.15667376,0.473,0.458,0.348,0.302,3.002,5.852
2023-11-19 06:00:00,-5.148,60.301365,0.1660049,0.473,0.458,0.348,0.302,2.852,5.852
2023-11-19 07:00:00,-5.248,60.759727,0.16284871,0.472,0.458,0.348,0.302,2.752,5.852
2023-11-19 08:00:00,-5.298,59.781315,0.16627327,0.471,0.458,0.348,0.302,2.652,5.852
2023-11-19 09:00:00,-5.348,58.816204,0.16961427,0.47,0.458,0.348,0.252,2.602,5.802
2023-11-19 10:00:00,-5.548,58.52678,0.16822594,0.469,0.458,0.348,0.252,2.502,5.802
2023-11-19 11:00:00,-5.998,60.322083,0.15551776,0.469,0.458,0.348,0.15200001,2.402,5.802
2023-11-19 12:00:00,-6.598,62.898773,0.13889045,0.468,0.457,0.348,0.052,2.352,5.802
2023-11-19 13:00:00,-7.048,64.58677,0.12806173,0.468,0.457,0.348,0.0020000003,2.252,5.802
2023-11-19 14:00:00,-7.348,65.83025,0.120738044,0.467,0.457,0.348,-0.098000005,2.152,5.802
2023-11-19 15:00:00,-7.448,66.07285,0.118957534,0.467,0.457,0.348,-0.198,2.102,5.802
2023-11-19 16:00:00,-7.448,65.54133,0.12081988,0.466,0.457,0.348,-0.24800001,2.002,5.752
2023-11-19 17:00:00,-7.648,66.025795,0.11729103,0.466,0.457,0.349,-0.29799998,1.9020001,5.752
2023-11-19 18:00:00,-7.748,66.269844,0.115549296,0.465,0.457,0.349,-0.398,1.852,5.752
2023-11-19 19:00:00,-8.198,67.51997,0.10744372,0.465,0.457,0.349,-0.448,1.7520001,5.752
2023-11-19 20:00:00,-8.598,69.93711,0.0963963,0.465,0.457,0.349,-0.49800003,1.702,5.752
2023-11-19 21:00:00,-8.998,72.44833,0.08562407,0.464,0.456,0.349,-0.54800004,1.602,5.702
2023-11-19 22:00:00,-9.248,74.17992,0.07868542,0.464,0.456,0.349,-0.648,1.552,5.702
2023-11-19 23:00:00,-9.598,76.55507,0.06950855,0.464,0.456,0.349,-0.698,1.452,5.702
2023-11-20 00:00:00,-9.798,78.08434,0.063959,0.463,0.456,0.349,-0.79800004,1.4020001,5.702
2023-11-20 01:00:00,-9.998,79.00461,0.060313135,0.463,0.456,0.349,-0.848,1.302,5.652
2023-11-20 02:00:00,-10.148,79.62265,0.057847247,0.463,0.456,0.349,-0.948,1.202,5.652
2023-11-20 03:00:00,-10.298,80.57213,0.054500863,0.462,0.456,0.349,-0.99799997,1.1520001,5.652
2023-11-20 04:00:00,-9.748,78.72625,0.06233208,0.462,0.456,0.349,-1.048,1.052,5.652
2023-11-20 05:00:00,-8.548,72.53872,0.0884036,0.462,0.455,0.349,-1.048,1.002,5.602
2023-11-20 06:00:00,-7.248,66.923485,0.11778456,0.461,0.455,0.349,-1.048,0.95199996,5.602
2023-11-20 07:00:00,-6.548,71.21898,0.10817477,0.461,0.455,0.349,-0.99799997,0.95199996,5.602
2023-11-20 08:00:00,-5.648,70.008156,0.120756865,0.461,0.455,0.35,-0.99799997,0.902,5.602
2023-11-20 09:00:00,-5.198,69.007256,0.12912908,0.461,0.455,0.35,-0.948,0.902,5.552
2023-11-20 10:00:00,-5.148,69.29067,0.1284352,0.46,0.455,0.35,-0.948,0.902,5.552
2023-11-20 11:00:00,-5.648,72.53818,0.11057466,0.46,0.455,0.35,-0.99799997,0.852,5.552
2023-11-20 12:00:00,-6.498,77.093315,0.0864352,0.46,0.454,0.35,-1.048,0.852,5.552
2023-11-20 13:00:00,-7.448,81.95877,0.0632751,0.46,0.454,0.35,-1.148,0.852,5.502
2023-11-20 14:00:00,-7.698,81.92393,0.062181324,0.459,0.454,0.35,-1.198,0.802,5.502
2023-11-20 15:00:00,-7.898,82.54672,0.059114695,0.459,0.454,0.35,-1.2479999,0.802,5.502
2023-11-20 16:00:00,-8.098,82.847176,0.05720088,0.459,0.454,0.35,-1.298,0.802,5.452
2023-11-20 17:00:00,-8.248,82.827156,0.056602657,0.459,0.454,0.35,-1.3479999,0.802,5.452
2023-11-20 18:00:00,-8.498,83.12335,0.054552406,0.459,0.454,0.35,-1.398,0.752,5.452
2023-11-20 19:00:00,-8.748,83.42176,0.05255094,0.458,0.454,0.35,-1.448,0.752,5.452
2023-11-20 20:00:00,-8.898,83.07054,0.053037226,0.458,0.453,0.35,-1.4979999,0.752,5.402
2023-11-20 21:00:00,-8.848,82.417435,0.055298924,0.458,0.453,0.35,-1.548,0.70199996,5.402
2023-11-20 22:00:00,-8.898,82.082375,0.05613208,0.458,0.453,0.35,-1.5979999,0.70199996,5.402
2023-11-20 23:00:00,-8.948,82.07542,0.05593428,0.457,0.453,0.35,-1.648,0.70199996,5.402
2023-11-21 00:00:00,-8.798,81.76946,0.05756122,0.457,0.453,0.351,-1.698,0.652,5.352
2023-11-21 01:00:00,-8.748,81.450966,0.058796167,0.457,0.453,0.351,-1.7479999,0.652,5.352
2023-11-21 02:00:00,-8.698,81.13384,0.060035467,0.457,0.453,0.351,-1.798,0.652,5.352
2023-11-21 03:00:00,-8.748,80.481224,0.061868966,0.457,0.452,0.351,-1.8479999,0.602,5.352
2023-11-21 04:00:00,-8.298,77.09064,0.07520956,0.456,0.452,0.351,-1.8479999,0.602,5.302
2023-11-21 05:00:00,-7.248,71.93116,0.09996182,0.456,0.452,0.351,-1.8479999,0.602,5.302
2023-11-21 06:00:00,-5.848,65.39554,0.13720873,0.456,0.452,0.351,-1.798,0.552,5.302
2023-11-21 07:00:00,-4.198,64.24785,0.16064093,0.456,0.452,0.351,-1.7479999,0.552,5.252
2023-11-21 08:00:00,-2.998,59.90615,0.19707105,0.456,0.452,0.351,-1.698,0.552,5.252
2023-11-21 09:00:00,-2.398,58.896362,0.2112422,0.456,0.452,0.351,-1.648,0.552,5.252
2023-11-21 10:00:00,-2.5479999,60.970047,0.19837233,0.455,0.451,0.351,-1.5979999,0.502,5.252
2023-11-21 11:00:00,-3.248,63.7234,0.1750254,0.455,0.451,0.351,-1.5979999,0.502,5.202
2023-11-21 12:00:00,-3.7979999,65.61907,0.15919602,0.455,0.451,0.351,-1.648,0.502,5.202
2023-11-21 13:00:00,-3.948,65.84185,0.15639451,0.455,0.451,0.351,-1.648,0.502,5.202
2023-11-21 14:00:00,-3.9980001,66.08906,0.15468127,0.455,0.451,0.351,-1.648,0.502,5.202
2023-11-21 15:00:00,-3.9980001,66.34881,0.15349704,0.455,0.451,0.351,-1.648,0.45200002,5.152
2023-11-21 16:00:00,-3.898,66.37183,0.15454832,0.454,0.451,0.351,-1.648,0.45200002,5.152
2023-11-21 17:00:00,-3.7979999,66.39484,0.15560576,0.454,0.45,0.352,-1.648,0.45200002,5.152
2023-11-21 18:00:00,-3.598,65.40926,0.16258547,0.454,0.45,0.352,-1.648,0.45200002,5.152
2023-11-21 19:00:00,-3.748,67.453125,0.15127397,0.454,0.45,0.352,-1.698,0.45200002,5.102
2023-11-21 20:00:00,-3.698,65.9,0.15908405,0.454,0.45,0.352,-1.698,0.45200002,5.102
2023-11-21 21:00:00,-3.648,64.12789,0.16797477,0.454,0.45,0.352,-1.698,0.402,5.102
2023-11-21 22:00:00,-3.698,62.62095,0.17437258,0.453,0.45,0.352,-1.698,0.402,5.052
2023-11-21 23:00:00,-3.748,61.14446,0.18057787,0.453,0.45,0.352,-1.698,0.402,5.052
2023-11-22 00:00:00,-3.5479999,58.36084,0.19642618,0.453,0.45,0.352,-1.698,0.402,5.052
2023-11-22 01:00:00,-2.898,53.864857,0.22843647,0.453,0.449,0.352,-1.698,0.402,5.052
2023-11-22 02:00:00,-2.348,50.091637,0.25740442,0.453,0.449,0.352,-1.698,0.402,5.002
2023-11-22 03:00:00,-1.948,49.02366,0.2708025,0.453,0.449,0.352,-1.648,0.352,5.002
2023-11-22 04:00:00,-1.198,49.440292,0.28383726,0.454,0.449,0.352,-1.5979999,0.352,5.002
2023-11-22 05:00:00,-0.098000005,47.84436,0.31728312,0.454,0.449,0.352,-1.548,0.352,5.002
2023-11-22 06:00:00,1.102,45.810432,0.35953912,0.454,0.449,0.352,-1.4979999,0.352,4.952
2023-11-22 07:00:00,0.252,87.37962,0.078781426,0.46,0.449,0.352,-1.448,0.352,4.952
2023-11-22 08:00:00,1.002,90.040184,0.06563383,0.465,0.449,0.352,-1.398,0.352,4.952
2023-11-22 09:00:00,1.952,89.464836,0.07431853,0.465,0.449,0.352,-1.3479999,0.352,4.952
2023-11-22 10:00:00,2.652,91.47031,0.06324661,0.466,0.449,0.352,-1.298,0.352,4.902
2023-11-22 11:00:00,3.152,93.48209,0.050072134,0.467,0.449,0.352,-1.2479999,0.302,4.902
2023-11-22 12:00:00,3.402,95.16937,0.037771165,0.468,0.449,0.352,-1.198,0.302,4.902
2023-11-22 13:00:00,3.652,95.51634,0.035681427,0.469,0.449,0.353,-1.0979999,0.302,4.902
2023-11-22 14:00:00,3.752,95.85809,0.033194363,0.47,0.449,0.353,-1.048,0.302,4.852
2023-11-22 15:00:00,3.802,95.52167,0.03601706,0.47,0.449,0.353,-0.99799997,0.302,4.852
2023-11-22 16:00:00,3.752,95.18274,0.038606763,0.471,0.449,0.353,-0.948,0.302,4.852
2023-11-22 17:00:00,3.602,94.505104,0.04357505,0.471,0.449,0.353,-0.898,0.302,4.852
2023-11-22 18:00:00,3.352,94.49425,0.042898297,0.472,0.449,0.353,-0.848,0.302,4.802
2023-11-22 19:00:00,2.4520001,96.15773,0.028088331,0.472,0.449,0.353,-0.848,0.302,4.802
2023-11-22 20:00:00,2.152,96.83883,0.022620857,0.472,0.449,0.353,-0.79800004,0.302,4.802
2023-11-22 21:00:00,2.052,97.18337,0.0200122,0.473,0.45,0.353,-0.79800004,0.302,4.802
2023-11-22 22:00:00,2.002,97.182236,0.0199489,0.473,0.45,0.353,-0.748,0.302,4.752
2023-11-22 23:00:00,1.9020001,96.832466,0.022265613,0.472,0.45,0.353,-0.698,0.302,4.752
2023-11-23 00:00:00,1.552,95.78476,0.028897524,0.472,0.45,0.353,-0.698,0.302,4.752
2023-11-23 01:00:00,1.602,94.41731,0.038409173,0.472,0.45,0.353,-0.648,0.302,4.752
2023-11-23 02:00:00,1.602,93.06556,0.047709167,0.472,0.45,0.353,-0.648,0.302,4.702
2023-11-23 03:00:00,1.302,92.37813,0.05132258,0.471,0.45,0.353,-0.648,0.302,4.702
2023-11-23 04:00:00,0.95199996,93.02981,0.0457682,0.472,0.45,0.353,-0.598,0.302,4.702
2023-11-23 05:00:00,0.95199996,92.35707,0.0501855,0.472,0.45,0.353,-0.598,0.302,4.702
2023-11-23 06:00:00,0.852,89.701004,0.067139685,0.472,0.45,0.353,-0.54800004,0.302,4.652
2023-11-23 07:00:00,1.052,84.3162,0.10372394,0.472,0.45,0.353,-0.49800003,0.302,4.652
2023-11-23 08:00:00,0.602,79.430756,0.1316874,0.471,0.451,0.353,-0.49800003,0.302,4.652
2023-11-23 09:00:00,0.652,73.472084,0.17044312,0.47,0.451,0.354,-0.49800003,0.302,4.652
2023-11-23 10:00:00,0.15200001,72.55674,0.17005733,0.469,0.451,0.354,-0.448,0.302,4.652
2023-11-23 11:00:00,-0.398,71.6345,0.16888267,0.469,0.451,0.354,-0.448,0.302,4.602
2023-11-23 12:00:00,-1.048,72.59833,0.15557986,0.468,0.451,0.354,-0.448,0.352,4.602
2023-11-23 13:00:00,-1.648,74.15561,0.14041483,0.467,0.451,0.354,-0.49800003,0.352,4.602
2023-11-23 14:00:00,-2.148,74.62999,0.13284573,0.467,0.451,0.354,-0.49800003,0.352,4.602
2023-11-23 15:00:00,-2.598,75.12022,0.1260081,0.466,0.451,0.354,-0.49800003,0.352,4.552
2023-11-23 16:00:00,-2.898,74.778725,0.124920696,0.466,0.451,0.354,-0.54800004,0.352,4.552
2023-11-23 17:00:00,-3.098,74.45548,0.12465069,0.465,0.451,0.354,-0.54800004,0.352,4.552
2023-11-23 18:00:00,-3.2979999,73.28012,0.12845325,0.465,0.451,0.354,-0.598,0.352,4.552
2023-11-23 19:00:00,-3.698,71.520836,0.13287234,0.464,0.451,0.354,-0.598,0.352,4.552
2023-11-23 20:00:00,-3.748,71.788795,0.13113031,0.464,0.451,0.354,-0.648,0.352,4.502
2023-11-23 21:00:00,-3.598,71.26416,0.13507724,0.463,0.451,0.354,-0.648,0.352,4.502
2023-11-23 22:00:00,-3.698,72.07779,0.1302748,0.463,0.451,0.354,-0.648,0.352,4.502
2023-11-23 23:00:00,-3.648,72.36758,0.12940696,0.463,0.45,0.354,-0.698,0.352,4.502
2023-11-24 00:00:00,-3.498,73.24174,0.12672934,0.462,0.45,0.354,-0.698,0.352,4.502
2023-11-24 01:00:00,-3.2979999,74.99362,0.12021834,0.462,0.45,0.354,-0.698,0.352,4.452
2023-11-24 02:00:00,-3.0479999,78.26815,0.106446415,0.461,0.45,0.354,-0.748,0.352,4.452
2023-11-24 03:00:00,-2.848,84.48133,0.07715815,0.461,0.45,0.354,-0.748,0.352,4.452
2023-11-24 04:00:00,-2.0479999,87.152954,0.06777829,0.461,0.45,0.355,-0.748,0.352,4.452
2023-11-24 05:00:00,-1.398,88.52573,0.06350523,0.46,0.45,0.355,-0.698,0.352,4.452
2023-11-24 06:00:00,-0.648,89.24959,0.062858045,0.46,0.45,0.355,-0.698,0.352,4.402
2023-11-24 07:00:00,1.552,91.396614,0.05897957,0.461,0.45,0.355,-0.648,0.352,4.402
2023-11-24 08:00:00,1.802,95.10751,0.03414589,0.472,0.45,0.355,-0.598,0.352,4.402
2023-11-24 09:00:00,2.4520001,93.78126,0.04546076,0.484,0.45,0.355,-0.54800004,0.352,4.402
2023-11-24 10:00:00,2.902,92.80429,0.054309726,0.49,0.451,0.355,-0.49800003,0.352,4.402
2023-11-24 11:00:00,2.802,90.82733,0.06874162,0.493,0.451,0.355,-0.49800003,0.352,4.352
2023-11-24 12:00:00,0.70199996,92.34196,0.04938656,0.491,0.452,0.355,-0.49800003,0.352,4.352
2023-11-24 13:00:00,-1.9979999,88.47178,0.061046094,0.488,0.453,0.355,-0.49800003,0.352,4.352
2023-11-24 14:00:00,-4.098,84.33129,0.07095301,0.486,0.453,0.355,-0.54800004,0.352,4.352
2023-11-24 15:00:00,-5.498,81.9089,0.073690236,0.484,0.454,0.355,-0.598,0.352,4.352
2023-11-24 16:00:00,-6.248,79.284294,0.079683095,0.483,0.454,0.355,-0.648,0.352,4.352
2023-11-24 17:00:00,-6.948,78.242966,0.079306304,0.481,0.454,0.355,-0.698,0.352,4.302
2023-11-24 18:00:00,-7.398,77.55182,0.07903096,0.48,0.455,0.355,-0.748,0.352,4.302
2023-11-24 19:00:00,-7.498,76.616585,0.08168766,0.479,0.455,0.355,-0.79800004,0.352,4.302
2023-11-24 20:00:00,-7.648,73.59596,0.09116942,0.478,0.455,0.355,-0.898,0.352,4.302
2023-11-24 21:00:00,-7.848,71.521355,0.09681475,0.477,0.455,0.355,-0.948,0.352,4.302
2023-11-24 22:00:00,-7.998,71.49047,0.09579645,0.476,0.455,0.356,-0.99799997,0.352,4.252
2023-11-24 23:00:00,-8.248,73.47962,0.087398425,0.475,0.455,0.356,-1.048,0.352,4.252
2023-11-25 00:00:00,-8.298,73.175125,0.08805753,0.474,0.455,0.356,-1.0979999,0.352,4.252
2023-11-25 01:00:00,-8.548,74.01478,0.083654195,0.473,0.455,0.356,-1.148,0.302,4.252
2023-11-25 02:00:00,-8.748,75.17799,0.0786711,0.473,0.455,0.356,-1.198,0.302,4.252
2023-11-25 03:00:00,-8.348,73.756065,0.08581619,0.472,0.455,0.356,-1.2479999,0.302,4.252
2023-11-25 04:00:00,-7.898,72.66853,0.09255673,0.471,0.455,0.356,-1.298,0.302,4.202
2023-11-25 05:00:00,-6.998,68.6124,0.11395162,0.471,0.455,0.356,-1.298,0.302,4.202
2023-11-25 06:00:00,-5.848,62.58218,0.14835605,0.47,0.455,0.356,-1.298,0.302,4.202
2023-11-25 07:00:00,-4.798,66.95181,0.14192542,0.469,0.455,0.356,-1.298,0.302,4.202
2023-11-25 08:00:00,-4.148,68.42689,0.14240777,0.469,0.455,0.356,-1.298,0.302,4.202
2023-11-25 09:00:00,-3.598,69.89401,0.14151514,0.468,0.455,0.356,-1.298,0.302,4.202
2023-11-25 10:00:00,-3.248,71.88889,0.13564444,0.468,0.455,0.356,-1.298,0.302,4.152
2023-11-25 11:00:00,-2.898,73.35664,0.13196206,0.467,0.455,0.356,-1.2479999,0.302,4.152
2023-11-25 12:00:00,-2.5479999,75.12922,0.12643078,0.467,0.455,0.356,-1.2479999,0.252,4.152
2023-11-25 13:00:00,-2.248,76.04765,0.12449998,0.467,0.455,0.356,-1.2479999,0.252,4.152
2023-11-25 14:00:00,-1.948,76.680016,0.12393138,0.466,0.455,0.357,-1.2479999,0.252,4.152
2023-11-25 15:00:00,-1.4979999,76.17787,0.13086662,0.466,0.455,0.357,-1.2479999,0.252,4.152
2023-11-25 16:00:00,-1.298,75.35293,0.13740155,0.465,0.455,0.357,-1.198,0.252,4.102
2023-11-25 17:00:00,-1.298,75.068344,0.13898763,0.465,0.455,0.357,-1.198,0.252,4.102
2023-11-25 18:00:00,-1.048,73.98606,0.14770266,0.465,0.455,0.357,-1.198,0.252,4.102
2023-11-25 19:00:00,-0.898,75.42391,0.1410814,0.464,0.455,0.357,-1.148,0.252,4.102
2023-11-25 20:00:00,-1.0979999,75.38845,0.13923097,0.464,0.454,0.357,-1.148,0.252,4.102
2023-11-25 21:00:00,-1.448,75.61202,0.13446772,0.464,0.454,0.357,-1.148,0.252,4.052
2023-11-25 22:00:00,-1.948,76.680016,0.12393138,0.463,0.454,0.357,-1.148,0.252,4.052
2023-11-25 23:00:00,-2.148,76.64594,0.1222921,0.463,0.454,0.357,-1.148,0.252,4.052
2023-11-26 00:00:00,-2.2979999,76.62035,0.121075064,0.463,0.454,0.357,-1.148,0.252,4.052
2023-11-26 01:00:00,-2.348,76.03022,0.12367165,0.462,0.454,0.357,-1.148,0.252,4.052
2023-11-26 02:00:00,-2.698,76.551895,0.11788046,0.462,0.454,0.357,-1.148,0.202,4.052
2023-11-26 03:00:00,-3.398,78.81331,0.10110167,0.462,0.454,0.357,-1.198,0.202,4.002
2023-11-26 04:00:00,-3.248,77.34208,0.10933846,0.461,0.454,0.357,-1.198,0.202,4.002
2023-11-26 05:00:00,-2.2979999,72.910774,0.14027998,0.461,0.454,0.357,-1.198,0.202,4.002
2023-11-26 06:00:00,-0.99799997,67.28707,0.18640688,0.461,0.453,0.357,-1.0979999,0.202,4.002
2023-11-26 07:00:00,0.352,66.823715,0.20857337,0.461,0.453,0.358,-1.048,0.202,4.002
2023-11-26 08:00:00,1.002,64.73495,0.23235369,0.46,0.453,0.358,-0.99799997,0.202,4.002
2023-11-26 09:00:00,1.4020001,63.61831,0.24670157,0.46,0.453,0.358,-0.898,0.202,4.002
2023-11-26 10:00:00,1.1520001,66.25062,0.22478369,0.46,0.453,0.358,-0.898,0.202,3.9520001
2023-11-26 11:00:00,0.202,71.484276,0.17734313,0.46,0.453,0.358,-0.898,0.202,3.9520001
2023-11-26 12:00:00,-1.148,78.27587,0.12245008,0.459,0.453,0.358,-0.898,0.202,3.9520001
2023-11-26 13:00:00,-1.698,81.193306,0.10180965,0.459,0.453,0.358,-0.898,0.202,3.9520001
2023-11-26 14:00:00,-2.148,83.300766,0.08745009,0.459,0.453,0.358,-0.948,0.202,3.9520001
2023-11-26 15:00:00,-2.498,84.20468,0.080601275,0.459,0.452,0.358,-0.948,0.202,3.9520001
2023-11-26 16:00:00,-2.448,82.948685,0.08733252,0.458,0.452,0.358,-0.948,0.202,3.902
2023-11-26 17:00:00,-2.2979999,80.80212,0.09942332,0.458,0.452,0.358,-0.99799997,0.202,3.902
2023-11-26 18:00:00,-2.0479999,78.42823,0.113799244,0.458,0.452,0.358,-0.99799997,0.202,3.902
2023-11-26 19:00:00,-1.448,77.05553,0.12651041,0.458,0.452,0.358,-0.99799997,0.202,3.902
2023-11-26 20:00:00,-1.198,75.65606,0.13671145,0.458,0.452,0.358,-0.99799997,0.202,3.902
2023-11-26 21:00:00,-0.848,73.744095,0.15127435,0.457,0.452,0.358,-0.948,0.202,3.902
2023-11-26 22:00:00,-0.54800004,72.14801,0.16402271,0.457,0.452,0.358,-0.948,0.202,3.902
2023-11-26 23:00:00,-0.49800003,71.07505,0.170962,0.457,0.451,0.358,-0.948,0.202,3.852
2023-11-27 00:00:00,-0.49800003,70.27247,0.17570427,0.457,0.451,0.358,-0.948,0.202,3.852
2023-11-27 01:00:00,-0.698,70.23114,0.17339906,0.457,0.451,0.359,-0.948,0.202,3.852
2023-11-27 02:00:00,-0.99799997,70.70462,0.16693896,0.456,0.451,0.359,-0.948,0.202,3.852
2023-11-27 03:00:00,-1.148,71.21361,0.16224623,0.456,0.451,0.359,-0.948,0.202,3.852
2023-11-27 04:00:00,-0.79800004,69.94428,0.1737949,0.456,0.451,0.359,-0.948,0.202,3.852
2023-11-27 05:00:00,0.202,66.285835,0.20966291,0.456,0.451,0.359,-0.898,0.202,3.802
2023-11-27 06:00:00,1.4020001,62.428505,0.25476676,0.456,0.451,0.359,-0.848,0.202,3.802
2023-11-27 07:00:00,2.302,60.10891,0.28846896,0.456,0.451,0.359,-0.79800004,0.202,3.802
2023-11-27 08:00:00,3.002,57.845966,0.32036653,0.455,0.45,0.359,-0.698,0.202,3.802
2023-11-27 09:00:00,3.352,56.220875,0.34105077,0.455,0.45,0.359,-0.648,0.202,3.802
2023-11-27 10:00:00,2.902,58.918045,0.3100173,0.455,0.45,0.359,-0.598,0.202,3.802
2023-11-27 11:00:00,2.002,64.0007,0.25482324,0.455,0.45,0.359,-0.598,0.202,3.802
2023-11-27 12:00:00,1.2520001,68.549446,0.21098787,0.455,0.45,0.359,-0.598,0.202,3.752
2023-11-27 13:00:00,0.902,71.355995,0.187385,0.454,0.45,0.359,-0.598,0.202,3.752
2023-11-27 14:00:00,0.802,72.140884,0.18094239,0.454,0.45,0.359,-0.598,0.202,3.752
2023-11-27 15:00:00,0.752,71.593544,0.18383226,0.454,0.45,0.359,-0.54800004,0.202,3.752
2023-11-27 16:00:00,0.752,70.79383,0.18900636,0.454,0.45,0.359,-0.54800004,0.202,3.752
2023-11-27 17:00:00,0.70199996,70.25483,0.19180027,0.454,0.449,0.359,-0.54800004,0.202,3.752
2023-11-27 18:00:00,0.602,69.97101,0.19223672,0.454,0.449,0.359,-0.54800004,0.202,3.752
2023-11-27 19:00:00,0.552,72.63386,0.174562,0.453,0.449,0.359,-0.54800004,0.202,3.7020001
2023-11-27 20:00:00,0.802,71.60345,0.18443221,0.453,0.449,0.359,-0.54800004,0.202,3.7020001
2023-11-27 21:00:00,1.2520001,69.8438,0.20230666,0.453,0.449,0.36,-0.49800003,0.202,3.7020001
2023-11-27 22:00:00,1.302,70.640945,0.19766879,0.453,0.449,0.36,-0.49800003,0.202,3.7020001
2023-11-27 23:00:00,1.102,73.55627,0.17550305,0.454,0.449,0.36,-0.49800003,0.202,3.7020001
2023-11-28 00:00:00,1.002,74.087006,0.17074797,0.453,0.449,0.36,-0.49800003,0.202,3.7020001
2023-11-28 01:00:00,1.002,74.36308,0.16892916,0.453,0.449,0.36,-0.448,0.202,3.7020001
2023-11-28 02:00:00,0.652,76.54565,0.15069866,0.453,0.448,0.36,-0.448,0.202,3.7020001
2023-11-28 03:00:00,0.202,79.37018,0.12830746,0.453,0.448,0.36,-0.448,0.202,3.652
2023-11-28 04:00:00,0.45200002,79.11413,0.13227236,0.453,0.448,0.36,-0.448,0.202,3.652
2023-11-28 05:00:00,1.352,76.380806,0.15960151,0.453,0.448,0.36,-0.398,0.202,3.652
2023-11-28 06:00:00,2.352,73.788185,0.19024289,0.452,0.448,0.36,-0.348,0.202,3.652
2023-11-28 07:00:00,2.852,75.5214,0.18408889,0.454,0.448,0.36,-0.29799998,0.202,3.652
2023-11-28 08:00:00,3.302,73.42394,0.20632702,0.455,0.448,0.36,-0.24800001,0.202,3.652
2023-11-28 09:00:00,3.302,73.42394,0.20632702,0.456,0.448,0.36,-0.148,0.202,3.652
2023-11-28 10:00:00,2.7020001,75.21929,0.18438822,0.457,0.448,0.36,-0.148,0.202,3.652
2023-11-28 11:00:00,1.302,80.12374,0.13383114,0.456,0.448,0.36,-0.148,0.202,3.652
2023-11-28 12:00:00,-0.198,85.42212,0.088075876,0.456,0.448,0.36,-0.148,0.202,3.602
2023-11-28 13:00:00,-0.99799997,87.58164,0.07077581,0.456,0.447,0.36,-0.198,0.202,3.602
2023-11-28 14:00:00,-1.398,88.19707,0.06532404,0.456,0.447,0.36,-0.198,0.202,3.602
2023-11-28 15:00:00,-1.548,87.85534,0.06647828,0.455,0.447,0.36,-0.24800001,0.202,3.602
2023-11-28 16:00:00,-1.7479999,88.4943,0.062060595,0.455,0.447,0.36,-0.24800001,0.202,3.602
2023-11-28 17:00:00,-1.798,88.16019,0.06362775,0.455,0.447,0.36,-0.29799998,0.202,3.602
2023-11-28 18:00:00,-1.898,88.15093,0.06320968,0.455,0.447,0.36,-0.29799998,0.252,3.602
2023-11-28 19:00:00,-2.198,89.45207,0.055036098,0.454,0.447,0.361,-0.348,0.252,3.602
2023-11-28 20:00:00,-2.148,89.45622,0.05521819,0.454,0.447,0.361,-0.398,0.252,3.552
2023-11-28 21:00:00,-2.098,89.12673,0.057154506,0.454,0.447,0.361,-0.398,0.252,3.552
2023-11-28 22:00:00,-2.0479999,89.13099,0.057343453,0.454,0.447,0.361,-0.398,0.252,3.552
2023-11-28 23:00:00,-2.0479999,89.13099,0.057343453,0.454,0.447,0.361,-0.448,0.252,3.552
2023-11-29 00:00:00,-1.9979999,89.13528,0.057532966,0.453,0.447,0.361,-0.448,0.252,3.552
2023-11-29 01:00:00,-1.9979999,89.468666,0.055767626,0.453,0.446,0.361,-0.49800003,0.252,3.552
2023-11-29 02:00:00,-1.898,89.1438,0.0579136,0.453,0.446,0.361,-0.49800003,0.252,3.552
2023-11-29 03:00:00,-1.898,89.1438,0.0579136,0.453,0.446,0.361,-0.49800003,0.252,3.552
2023-11-29 04:00:00,-1.398,87.86951,0.067136824,0.453,0.446,0.361,-0.54800004,0.252,3.552
2023-11-29 05:00:00,0.102,81.747154,0.11270559,0.452,0.446,0.361,-0.49800003,0.252,3.552
2023-11-29 06:00:00,1.702,75.32033,0.17100322,0.452,0.446,0.361,-0.448,0.252,3.502
2023-11-29 07:00:00,2.852,75.79806,0.1820085,0.453,0.446,0.361,-0.348,0.252,3.502
2023-11-29 08:00:00,3.752,73.24005,0.21445084,0.455,0.446,0.361,-0.29799998,0.252,3.502
2023-11-29 09:00:00,4.052,74.09906,0.21199012,0.455,0.446,0.361,-0.198,0.252,3.502
2023-11-29 10:00:00,3.2020001,78.954704,0.1622414,0.455,0.446,0.361,-0.198,0.252,3.502
2023-11-29 11:00:00,1.5020001,85.609634,0.09829652,0.455,0.446,0.361,-0.198,0.252,3.502
2023-11-29 12:00:00,0.402,88.68536,0.07140207,0.455,0.446,0.361,-0.198,0.252,3.502
2023-11-29 13:00:00,-0.048,89.95816,0.061336875,0.454,0.446,0.361,-0.198,0.252,3.502
2023-11-29 14:00:00,0.0020000003,89.96209,0.061535835,0.454,0.446,0.361,-0.24800001,0.252,3.502
2023-11-29 15:00:00,-0.098000005,89.95424,0.06113839,0.454,0.445,0.361,-0.24800001,0.252,3.502
2023-11-29 16:00:00,-0.148,90.61343,0.056919575,0.454,0.445,0.361,-0.24800001,0.252,3.4520001
2023-11-29 17:00:00,-0.048,91.62288,0.051169038,0.454,0.445,0.361,-0.24800001,0.252,3.4520001
2023-11-29 18:00:00,-0.148,93.30954,0.040571094,0.453,0.445,0.361,-0.24800001,0.252,3.4520001
2023-11-29 19:00:00,-0.098000005,93.65404,0.03862214,0.453,0.445,0.361,-0.29799998,0.252,3.4520001
2023-11-29 20:00:00,0.0020000003,95.03651,0.030428708,0.453,0.445,0.362,-0.29799998,0.252,3.4520001
2023-11-29 21:00:00,0.552,97.14906,0.01818806,0.453,0.445,0.362,-0.24800001,0.252,3.4520001
2023-11-29 22:00:00,1.2520001,98.57354,0.009570956,0.453,0.445,0.362,-0.24800001,0.252,3.4520001
2023-11-29 23:00:00,1.552,98.22409,0.012174845,0.454,0.445,0.362,-0.198,0.252,3.4520001
2023-11-30 00:00:00,1.202,96.46625,0.023625016,0.455,0.445,0.362,-0.198,0.252,3.4520001
2023-11-30 01:00:00,0.602,94.71594,0.033832073,0.455,0.445,0.362,-0.198,0.252,3.4520001
2023-11-30 02:00:00,0.202,92.98821,0.043613315,0.455,0.445,0.362,-0.198,0.252,3.402
2023-11-30 03:00:00,-0.148,91.61626,0.05083877,0.455,0.445,0.362,-0.198,0.302,3.402
2023-11-30 04:00:00,-0.398,89.9306,0.05995941,0.454,0.445,0.362,-0.198,0.302,3.402
2023-11-30 05:00:00,-0.49800003,88.279465,0.0692839,0.454,0.445,0.362,-0.198,0.302,3.402
2023-11-30 06:00:00,-0.49800003,83.81925,0.09564686,0.454,0.445,0.362,-0.148,0.302,3.402
2023-11-30 07:00:00,-0.648,76.899765,0.13505581,0.454,0.445,0.362,-0.148,0.302,3.402
2023-11-30 08:00:00,-0.748,76.020584,0.13917479,0.453,0.444,0.362,-0.148,0.302,3.402
2023-11-30 09:00:00,-0.848,74.584175,0.14643532,0.453,0.444,0.362,-0.148,0.302,3.402
2023-11-30 10:00:00,-0.848,72.0891,0.1608071,0.453,0.444,0.362,-0.148,0.302,3.402
2023-11-30 11:00:00,-1.198,72.29423,0.15558583,0.453,0.444,0.362,-0.148,0.302,3.402
2023-11-30 12:00:00,-1.5979999,71.94109,0.153005,0.452,0.444,0.362,-0.198,0.302,3.402
2023-11-30 13:00:00,-1.948,71.323975,0.15238672,0.452,0.444,0.362,-0.198,0.302,3.402
2023-11-30 14:00:00,-2.248,70.44742,0.15359935,0.452,0.444,0.362,-0.24800001,0.302,3.352
2023-11-30 15:00:00,-2.598,70.64642,0.1486586,0.452,0.444,0.362,-0.24800001,0.302,3.352
2023-11-30 16:00:00,-2.848,71.14151,0.14346221,0.452,0.444,0.362,-0.29799998,0.302,3.352
2023-11-30 17:00:00,-3.0479999,71.92881,0.13748732,0.451,0.444,0.362,-0.29799998,0.302,3.352
2023-11-30 18:00:00,-3.198,74.15112,0.12519827,0.451,0.444,0.362,-0.348,0.302,3.352
2023-11-30 19:00:00,-2.748,81.352684,0.093402594,0.451,0.444,0.362,-0.348,0.302,3.352
2023-11-30 20:00:00,-2.598,83.24348,0.08487347,0.451,0.444,0.362,-0.398,0.302,3.352
2023-11-30 21:00:00,-2.498,85.16272,0.07571322,0.451,0.444,0.362,-0.398,0.302,3.352
2023-11-30 22:00:00,-2.448,86.13581,0.07101098,0.45,0.444,0.363,-0.398,0.302,3.352
2023-11-30 23:00:00,-2.5479999,84.19862,0.08033371,0.45,0.443,0.363,-0.448,0.302,3.352
2023-12-01 00:00:00,-2.898,86.73982,0.06568563,0.45,0.443,0.363,-0.448,0.302,3.352
2023-12-01 01:00:00,-3.0479999,87.38185,0.061811507,0.45,0.443,0.363,-0.448,0.302,3.352
2023-12-01 02:00:00,-3.2979999,86.04414,0.06710088,0.45,0.443,0.363,-0.49800003,0.302,3.352
2023-12-01 03:00:00,-3.448,85.37727,0.069523394,0.45,0.443,0.363,-0.49800003,0.302,3.302
2023-12-01 04:00:00,-3.398,83.776085,0.07742372,0.449,0.443,0.363,-0.54800004,0.302,3.302
2023-12-01 05:00:00,-3.198,76.75975,0.11256695,0.449,0.443,0.363,-0.54800004,0.302,3.302
2023-12-01 06:00:00,-3.0479999,73.61071,0.1292524,0.449,0.443,0.363,-0.54800004,0.302,3.302
2023-12-01 07:00:00,-2.648,78.631226,0.107829124,0.449,0.443,0.363,-0.54800004,0.302,3.302
2023-12-01 08:00:00,-2.7979999,78.30833,0.108244985,0.449,0.443,0.363,-0.54800004,0.302,3.302
2023-12-01 09:00:00,-2.898,78.89192,0.104552895,0.449,0.443,0.363,-0.54800004,0.302,3.302
2023-12-01 10:00:00,-3.148,81.29634,0.09093642,0.448,0.443,0.363,-0.54800004,0.302,3.302
2023-12-01 11:00:00,-3.448,84.40957,0.07412362,0.448,0.443,0.363,-0.54800004,0.302,3.302
2023-12-01 12:00:00,-3.698,86.986664,0.060725898,0.448,0.443,0.363,-0.598,0.302,3.302
2023-12-01 13:00:00,-3.7979999,87.97319,0.05570382,0.448,0.442,0.363,-0.598,0.302,3.302
2023-12-01 14:00:00,-3.7979999,87.63983,0.05724761,0.448,0.442,0.363,-0.648,0.302,3.302
2023-12-01 15:00:00,-3.948,86.30158,0.06273505,0.448,0.442,0.363,-0.648,0.302,3.302
2023-12-01 16:00:00,-4.198,84.96666,0.067566335,0.448,0.442,0.363,-0.698,0.302,3.302
2023-12-01 17:00:00,-4.598,84.919975,0.06576344,0.447,0.442,0.363,-0.698,0.302,3.252
2023-12-01 18:00:00,-4.898,84.558945,0.06582788,0.447,0.442,0.363,-0.748,0.302,3.252
2023-12-01 19:00:00,-4.948,86.52582,0.057227075,0.447,0.442,0.363,-0.79800004,0.302,3.252
2023-12-01 20:00:00,-4.998,88.53499,0.04851079,0.447,0.442,0.363,-0.79800004,0.302,3.252
2023-12-01 21:00:00,-4.548,89.254196,0.047041535,0.447,0.442,0.363,-0.848,0.302,3.252
2023-12-01 22:00:00,-3.648,87.98737,0.056266993,0.447,0.442,0.363,-0.848,0.302,3.252
2023-12-01 23:00:00,-2.7979999,87.40647,0.06284934,0.447,0.442,0.363,-0.848,0.302,3.252
2023-12-02 00:00:00,-2.248,89.78304,0.053112537,0.446,0.442,0.363,-0.848,0.302,3.252
2023-12-02 01:00:00,-1.898,91.49918,0.04534933,0.446,0.442,0.363,-0.848,0.302,3.252
2023-12-02 02:00:00,-1.7479999,91.509315,0.045798898,0.446,0.441,0.363,-0.848,0.252,3.252
2023-12-02 03:00:00,-1.698,90.498085,0.051442206,0.446,0.441,0.364,-0.848,0.252,3.252
2023-12-02 04:00:00,-1.148,86.9186,0.07373953,0.446,0.441,0.364,-0.848,0.252,3.252
2023-12-02 05:00:00,-0.54800004,82.8835,0.100809425,0.446,0.441,0.364,-0.79800004,0.252,3.252
2023-12-02 06:00:00,-0.148,79.31696,0.1254116,0.446,0.441,0.364,-0.79800004,0.252,3.252
2023-12-02 07:00:00,0.352,79.98411,0.12584955,0.446,0.441,0.364,-0.748,0.252,3.2020001
2023-12-02 08:00:00,0.552,78.836655,0.1350019,0.446,0.441,0.364,-0.698,0.252,3.2020001
2023-12-02 09:00:00,0.602,78.55265,0.13730836,0.445,0.441,0.364,-0.648,0.252,3.2020001
2023-12-02 10:00:00,0.302,80.27387,0.12357974,0.445,0.441,0.364,-0.598,0.252,3.2020001
2023-12-02 11:00:00,0.102,82.05063,0.110831976,0.445,0.441,0.364,-0.598,0.252,3.2020001
2023-12-02 12:00:00,-0.29799998,83.53338,0.0987649,0.445,0.441,0.364,-0.598,0.252,3.2020001
2023-12-02 13:00:00,-0.49800003,84.7578,0.09009951,0.445,0.441,0.364,-0.598,0.252,3.2020001
2023-12-02 14:00:00,-0.198,85.106834,0.0899806,0.445,0.441,0.364,-0.598,0.252,3.2020001
2023-12-02 15:00:00,0.052,86.71924,0.0817101,0.445,0.441,0.364,-0.598,0.252,3.2020001
2023-12-02 16:00:00,0.302,89.98562,0.06274146,0.445,0.44,0.364,-0.54800004,0.252,3.2020001
2023-12-02 17:00:00,0.652,93.35199,0.04271865,0.445,0.44,0.364,-0.54800004,0.252,3.2020001
2023-12-02 18:00:00,0.902,95.41691,0.029985964,0.445,0.44,0.364,-0.49800003,0.252,3.2020001
2023-12-02 19:00:00,1.102,95.42425,0.030371964,0.449,0.44,0.364,-0.49800003,0.252,3.2020001
2023-12-02 20:00:00,1.1520001,96.11746,0.025863528,0.454,0.44,0.364,-0.448,0.252,3.2020001
2023-12-02 21:00:00,1.202,96.46625,0.023625016,0.46,0.44,0.364,-0.448,0.252,3.2020001
2023-12-02 22:00:00,1.1520001,96.81328,0.021228433,0.467,0.44,0.364,-0.398,0.252,3.152
2023-12-02 23:00:00,1.1520001,96.81328,0.021228433,0.474,0.441,0.364,-0.398,0.252,3.152
2023-12-03 00:00:00,1.1520001,96.46481,0.023549676,0.48,0.441,0.364,-0.398,0.252,3.152
2023-12-03 01:00:00,1.352,94.74751,0.03549558,0.486,0.441,0.364,-0.348,0.252,3.152
2023-12-03 02:00:00,1.702,93.07104,0.048014045,0.49,0.442,0.364,-0.348,0.252,3.152
2023-12-03 03:00:00,1.702,93.07104,0.048014045,0.493,0.443,0.364,-0.29799998,0.252,3.152
2023-12-03 04:00:00,1.002,92.02546,0.052551627,0.492,0.444,0.364,-0.29799998,0.252,3.152
2023-12-03 05:00:00,-0.29799998,88.95077,0.066274285,0.489,0.445,0.364,-0.29799998,0.252,3.152
2023-12-03 06:00:00,-1.4979999,86.88312,0.07206398,0.487,0.446,0.364,-0.29799998,0.252,3.152
2023-12-03 07:00:00,-1.648,88.503296,0.062470406,0.484,0.446,0.364,-0.29799998,0.252,3.152
2023-12-03 08:00:00,-1.8479999,87.82691,0.06517789,0.483,0.447,0.364,-0.29799998,0.252,3.152
2023-12-03 09:00:00,-1.898,85.55116,0.07707673,0.481,0.447,0.365,-0.348,0.252,3.152
2023-12-03 10:00:00,-2.348,83.59012,0.08467284,0.479,0.448,0.365,-0.348,0.252,3.152
2023-12-03 11:00:00,-2.7979999,82.27705,0.088443995,0.478,0.448,0.365,-0.398,0.252,3.152
2023-12-03 12:00:00,-3.348,82.20294,0.08524755,0.477,0.448,0.365,-0.398,0.252,3.152
2023-12-03 13:00:00,-4.698,81.3891,0.08054748,0.476,0.448,0.365,-0.448,0.252,3.152
2023-12-03 14:00:00,-6.698,77.669334,0.0829778,0.475,0.449,0.365,-0.54800004,0.252,3.102
2023-12-03 15:00:00,-7.998,76.22414,0.07989755,0.474,0.449,0.365,-0.598,0.252,3.102
2023-12-03 16:00:00,-8.498,75.526695,0.079097494,0.473,0.449,0.365,-0.698,0.252,3.102
2023-12-03 17:00:00,-8.748,74.57506,0.08058116,0.472,0.449,0.365,-0.79800004,0.252,3.102
2023-12-03 18:00:00,-9.148,73.89951,0.080166996,0.471,0.449,0.365,-0.848,0.252,3.102
2023-12-03 19:00:00,-9.248,74.48069,0.07776931,0.47,0.449,0.365,-0.948,0.252,3.102
2023-12-03 20:00:00,-9.748,74.08413,0.0759265,0.47,0.449,0.365,-0.99799997,0.252,3.102
2023-12-03 21:00:00,-10.298,74.584724,0.071288645,0.469,0.449,0.365,-1.0979999,0.252,3.102
2023-12-03 22:00:00,-10.848,74.7862,0.06769675,0.468,0.449,0.365,-1.148,0.252,3.102
2023-12-03 23:00:00,-11.398,74.68215,0.06505261,0.468,0.449,0.365,-1.2479999,0.252,3.102
2023-12-04 00:00:00,-11.948,75.19708,0.060976446,0.467,0.449,0.365,-1.3479999,0.252,3.102
2023-12-04 01:00:00,-12.448,75.72949,0.057308927,0.466,0.45,0.365,-1.448,0.252,3.102
2023-12-04 02:00:00,-12.948,75.953094,0.054526314,0.466,0.45,0.365,-1.548,0.202,3.102
2023-12-04 03:00:00,-13.548,76.161224,0.051476717,0.465,0.45,0.365,-1.648,0.202,3.102
2023-12-04 04:00:00,-14.098,75.74143,0.05007641,0.465,0.45,0.365,-1.7479999,0.202,3.102
2023-12-04 05:00:00,-14.298,73.81087,0.053178042,0.464,0.45,0.365,-1.8479999,0.202,3.102
2023-12-04 06:00:00,-13.798,72.3687,0.05845329,0.464,0.45,0.365,-1.898,0.202,3.052
2023-12-04 07:00:00,-12.148,70.61738,0.07107267,0.464,0.45,0.365,-1.948,0.202,3.052
2023-12-04 08:00:00,-11.048,68.54599,0.08310199,0.463,0.45,0.366,-1.948,0.15200001,3.052
2023-12-04 09:00:00,-10.198,67.614204,0.091549784,0.463,0.45,0.366,-1.9979999,0.15200001,3.052
2023-12-04 10:00:00,-9.848,69.38139,0.08898936,0.462,0.449,0.366,-1.9979999,0.15200001,3.052
2023-12-04 11:00:00,-10.448,73.94919,0.072205275,0.462,0.449,0.366,-2.098,0.15200001,3.052
2023-12-04 12:00:00,-11.348,74.38472,0.066080526,0.462,0.449,0.366,-2.198,0.102,3.052
2023-12-04 13:00:00,-10.798,74.79564,0.06794165,0.461,0.449,0.366,-2.248,0.102,3.052
2023-12-04 14:00:00,-8.898,76.063705,0.0749791,0.461,0.449,0.366,-2.2979999,0.102,3.052
2023-12-04 15:00:00,-7.198,78.51185,0.076830596,0.461,0.449,0.366,-2.2979999,0.102,3.052
2023-12-04 16:00:00,-6.148,81.18235,0.07294038,0.46,0.449,0.366,-2.248,0.102,3.052
2023-12-04 17:00:00,-5.048,80.40032,0.08260861,0.46,0.449,0.366,-2.248,0.052,3.052
2023-12-04 18:00:00,-3.898,82.44329,0.08070403,0.46,0.449,0.366,-2.198,0.052,3.052
2023-12-04 19:00:00,-2.2979999,84.546684,0.08003345,0.465,0.449,0.366,-2.148,0.052,3.002
2023-12-04 20:00:00,-1.048,84.378654,0.088703096,0.48,0.449,0.366,-2.098,0.052,3.002
2023-12-04 21:00:00,-0.198,85.106834,0.0899806,0.491,0.45,0.366,-2.0479999,0.052,3.002
2023-12-04 22:00:00,0.45200002,86.442,0.08586806,0.492,0.45,0.366,-1.9979999,0.0020000003,3.002
2023-12-04 23:00:00,1.052,89.06611,0.072312295,0.49,0.451,0.366,-1.948,0.0020000003,3.002
2023-12-05 00:00:00,1.602,91.73097,0.056890905,0.489,0.452,0.366,-1.898,0.0020000003,3.002
2023-12-05 01:00:00,2.002,94.09653,0.04179454,0.493,0.452,0.366,-1.898,0.0020000003,3.002
2023-12-05 02:00:00,2.402,95.130844,0.03546858,0.498,0.453,0.366,-1.8479999,0.0020000003,3.002
2023-12-05 03:00:00,2.7020001,95.48236,0.03361702,0.504,0.454,0.366,-1.798,0.0020000003,3.002
2023-12-05 04:00:00,2.902,95.15017,0.036604345,0.508,0.456,0.366,-1.7479999,0.0020000003,3.002
2023-12-05 05:00:00,3.052,94.81802,0.039528728,0.511,0.459,0.367,-1.648,0.0020000003,3.002
2023-12-05 06:00:00,3.102,95.15786,0.037067294,0.512,0.462,0.367,-1.5979999,-0.048,3.002
2023-12-05 07:00:00,3.2020001,94.48772,0.04249668,0.512,0.465,0.367,-1.4979999,-0.048,2.9520001
2023-12-05 08:00:00,3.052,94.81802,0.039528728,0.513,0.469,0.367,-1.448,-0.048,2.9520001
2023-12-05 09:00:00,2.802,95.82666,0.031276047,0.511,0.472,0.367,-1.398,-0.048,2.9520001
2023-12-05 10:00:00,2.552,96.50434,0.02573669,0.511,0.474,0.367,-1.3479999,-0.048,2.9520001
2023-12-05 11:00:00,2.302,96.842636,0.022836387,0.51,0.476,0.367,-1.298,-0.048,2.9520001
2023-12-05 12:00:00,2.052,97.88087,0.015056491,0.508,0.478,0.367,-1.2479999,-0.048,2.9520001
2023-12-05 13:00:00,1.802,97.87658,0.014820039,0.507,0.479,0.367,-1.198,-0.048,2.9520001
2023-12-05 14:00:00,1.602,98.5776,0.009786367,0.507,0.48,0.368,-1.148,-0.048,2.9520001
2023-12-05 15:00:00,1.452,98.57586,0.009693503,0.508,0.481,0.368,-1.148,-0.048,2.9520001
2023-12-05 16:00:00,1.302,98.57412,0.009601474,0.51,0.483,0.368,-1.0979999,-0.048,2.9520001
2023-12-05 17:00:00,1.202,98.57297,0.009540558,0.51,0.484,0.368,-1.048,-0.048,2.9520001
2023-12-05 18:00:00,1.1520001,98.927574,0.0071439743,0.509,0.485,0.368,-1.048,-0.048,2.902
2023-12-05 19:00:00,1.102,99.28362,0.0047550797,0.513,0.486,0.368,-0.99799997,-0.048,2.902
2023-12-05 20:00:00,1.102,99.28362,0.0047550797,0.514,0.488,0.369,-0.99799997,-0.048,2.902
2023-12-05 21:00:00,1.002,99.640945,0.0023661256,0.515,0.49,0.369,-0.948,-0.048,2.902
2023-12-05 22:00:00,0.70199996,99.64006,0.0023212433,0.513,0.492,0.369,-0.948,-0.048,2.902
2023-12-05 23:00:00,0.45200002,99.279816,0.004561484,0.509,0.493,0.369,-0.898,-0.048,2.902
2023-12-06 00:00:00,-0.048,97.489235,0.015336692,0.505,0.493,0.37,-0.898,-0.048,2.902
2023-12-06 01:00:00,-1.7479999,92.87835,0.038414657,0.503,0.493,0.37,-0.898,-0.048,2.902
2023-12-06 02:00:00,-4.048,88.28463,0.053252995,0.501,0.493,0.37,-0.948,-0.048,2.902
2023-12-06 03:00:00,-5.448,85.14838,0.060727894,0.499,0.492,0.371,-0.99799997,-0.048,2.902
2023-12-06 04:00:00,-6.398,83.07179,0.06437376,0.498,0.492,0.371,-1.048,-0.048,2.902
2023-12-06 05:00:00,-7.348,79.73926,0.07160872,0.496,0.491,0.371,-1.0979999,-0.048,2.852
2023-12-06 06:00:00,-8.248,76.17973,0.07850404,0.495,0.491,0.372,-1.148,-0.048,2.852
2023-12-06 07:00:00,-7.798,72.68843,0.09321043,0.494,0.49,0.372,-1.198,-0.098000005,2.852
2023-12-06 08:00:00,-8.098,70.6116,0.097982675,0.493,0.49,0.372,-1.198,-0.098000005,2.852
2023-12-06 09:00:00,-8.448,69.40531,0.09925678,0.493,0.489,0.372,-1.2479999,-0.098000005,2.852
2023-12-06 10:00:00,-8.798,68.21064,0.100345865,0.492,0.488,0.373,-1.3479999,-0.098000005,2.852
2023-12-06 11:00:00,-9.248,68.66753,0.0954732,0.491,0.488,0.373,-1.398,-0.098000005,2.852
2023-12-06 12:00:00,-9.948,69.64434,0.08753082,0.49,0.487,0.373,-1.448,-0.098000005,2.852
2023-12-06 13:00:00,-10.848,70.60312,0.0789205,0.49,0.487,0.373,-1.548,-0.098000005,2.852
2023-12-06 14:00:00,-11.848,70.38834,0.073378205,0.489,0.486,0.373,-1.648,-0.098000005,2.852
2023-12-06 15:00:00,-12.848,70.46651,0.06750381,0.488,0.486,0.374,-1.7479999,-0.098000005,2.852
2023-12-06 16:00:00,-13.848,69.95229,0.063301325,0.488,0.485,0.374,-1.898,-0.098000005,2.852
2023-12-06 17:00:00,-14.798,69.74207,0.05895315,0.487,0.485,0.374,-2.0479999,-0.098000005,2.802
2023-12-06 18:00:00,-15.698,69.841034,0.05453463,0.487,0.484,0.374,-2.198,-0.148,2.802
2023-12-06 19:00:00,-16.048,71.591064,0.049895093,0.486,0.484,0.374,-2.398,-0.148,2.802
2023-12-06 20:00:00,-16.948,70.78137,0.047585107,0.485,0.483,0.375,-2.648,-0.148,2.802
2023-12-06 21:00:00,-17.798,69.9793,0.045500264,0.485,0.483,0.375,-3.448,-0.148,2.802
2023-12-06 22:00:00,-18.648,69.1743,0.043455444,0.484,0.483,0.375,-4.348,-0.198,2.802
2023-12-06 23:00:00,-19.548,69.583954,0.039689258,0.484,0.482,0.375,-5.798,-0.198,2.802
2023-12-07 00:00:00,-20.398,69.70131,0.03673143,0.484,0.482,0.375,-6.798,-0.24800001,2.802
2023-12-07 01:00:00,-21.148,69.52954,0.03460052,0.483,0.481,0.375,-7.598,-0.29799998,2.802
2023-12-07 02:00:00,-21.898,69.9897,0.031906307,0.483,0.481,0.376,-8.148,-0.29799998,2.802
2023-12-07 03:00:00,-22.498,69.85249,0.03039676,0.482,0.48,0.376,-8.598,-0.348,2.752
2023-12-07 04:00:00,-22.948,69.74905,0.029306076,0.482,0.48,0.376,-8.848,-0.398,2.752
2023-12-07 05:00:00,-22.898,68.49177,0.030658588,0.482,0.48,0.376,-8.648,-0.448,2.752
2023-12-07 06:00:00,-22.498,66.7266,0.033544183,0.481,0.479,0.376,-8.198,-0.49800003,2.752
2023-12-07 07:00:00,-21.448,64.29502,0.03948407,0.481,0.479,0.376,-7.598,-0.49800003,2.752
2023-12-07 08:00:00,-20.748,63.028984,0.04346378,0.481,0.478,0.377,-7.148,-0.54800004,2.752
2023-12-07 09:00:00,-20.648,62.485214,0.044488147,0.48,0.478,0.377,-7.048,-0.54800004,2.752
2023-12-07 10:00:00,-20.948,62.97596,0.042772807,0.48,0.478,0.377,-7.298,-0.598,2.7020001
2023-12-07 11:00:00,-21.748,63.92388,0.03885573,0.48,0.477,0.377,-7.898,-0.648,2.7020001
2023-12-07 12:00:00,-22.798,65.13451,0.034223378,0.479,0.477,0.377,-8.548,-0.648,2.7020001
2023-12-07 13:00:00,-23.798,66.09516,0.030438904,0.479,0.477,0.377,-9.048,-0.698,2.7020001
2023-12-07 14:00:00,-24.748,66.47438,0.027629592,0.479,0.476,0.377,-9.448,-0.748,2.7020001
2023-12-07 15:00:00,-25.648,66.56078,0.025393814,0.479,0.476,0.377,-9.848,-0.79800004,2.7020001
2023-12-07 16:00:00,-26.548,66.3331,0.023541745,0.478,0.476,0.378,-10.198,-0.848,2.652
2023-12-07 17:00:00,-27.398,66.116104,0.021902855,0.478,0.475,0.378,-10.498,-0.898,2.652
2023-12-07 18:00:00,-28.198,65.91018,0.020453062,0.478,0.475,0.378,-10.798,-0.948,2.652
2023-12-07 19:00:00,-28.298,66.52499,0.019897774,0.478,0.475,0.378,-10.948,-0.948,2.652
2023-12-07 20:00:00,-28.948,66.358604,0.018812455,0.477,0.474,0.378,-11.098,-0.99799997,2.652
2023-12-07 21:00:00,-29.498,65.89373,0.018106543,0.477,0.474,0.378,-11.248,-1.048,2.602
2023-12-07 22:00:00,-30.048,65.7503,0.017257389,0.477,0.474,0.378,-11.398,-1.0979999,2.602
2023-12-07 23:00:00,-30.498,65.308716,0.01674489,0.477,0.473,0.378,-11.548,-1.148,2.602
2023-12-08 00:00:00,-30.898,64.87978,0.016314197,0.477,0.473,0.378,-11.698,-1.198,2.602
2023-12-08 01:00:00,-31.298,64.45046,0.01589,0.476,0.473,0.379,-11.848,-1.2479999,2.552
2023-12-08 02:00:00,-31.648,63.71456,0.015679477,0.476,0.472,0.379,-11.998,-1.298,2.552
2023-12-08 03:00:00,-31.998,63.618202,0.015197009,0.476,0.472,0.379,-12.098,-1.398,2.552
2023-12-08 04:00:00,-32.098003,62.95379,0.015324429,0.476,0.472,0.379,-12.148,-1.448,2.552
2023-12-08 05:00:00,-31.448,61.57299,0.016926615,0.476,0.471,0.379,-11.748,-1.4979999,2.502
2023-12-08 06:00:00,-30.198,59.812923,0.01995489,0.476,0.471,0.379,-11.098,-1.548,2.502
2023-12-08 07:00:00,-28.548,58.257965,0.02422608,0.476,0.471,0.379,-10.348,-1.5979999,2.502
2023-12-08 08:00:00,-27.498,57.16061,0.02742258,0.475,0.471,0.379,-9.798,-1.648,2.4520001
2023-12-08 09:00:00,-26.998,57.03332,0.028808601,0.475,0.47,0.379,-9.548,-1.698,2.4520001
2023-12-08 10:00:00,-26.998,57.869045,0.028249588,0.475,0.47,0.379,-9.748,-1.698,2.4520001
2023-12-08 11:00:00,-27.598,59.39958,0.025752157,0.475,0.47,0.38,-10.248,-1.798,2.402
2023-12-08 12:00:00,-28.348,60.64491,0.023276292,0.475,0.469,0.38,-10.748,-1.8479999,2.402
2023-12-08 13:00:00,-29.048,61.64301,0.021242764,0.475,0.469,0.38,-11.098,-1.898,2.402
2023-12-08 14:00:00,-29.698,62.068592,0.019754868,0.475,0.469,0.38,-11.298,-1.948,2.352
2023-12-08 15:00:00,-30.448,62.78528,0.01804633,0.475,0.468,0.38,-11.448,-1.9979999,2.352
2023-12-08 16:00:00,-30.798,62.066578,0.017787956,0.475,0.468,0.38,-11.598,-2.098,2.302
2023-12-08 17:00:00,-30.698,60.869595,0.018524645,0.475,0.468,0.38,-11.648,-2.148,2.302
2023-12-08 18:00:00,-30.348,59.176434,0.019982092,0.475,0.468,0.38,-11.698,-2.248,2.302
2023-12-08 19:00:00,-30.198,59.220757,0.02024821,0.475,0.467,0.38,-11.698,-2.348,2.252
2023-12-08 20:00:00,-29.148,56.380714,0.023922876,0.475,0.467,0.38,-11.698,-2.498,2.252
2023-12-08 21:00:00,-28.498,54.659805,0.026432432,0.474,0.467,0.38,-11.698,-2.698,2.2020001
2023-12-08 22:00:00,-28.248,54.200806,0.027332094,0.474,0.467,0.381,-11.798,-3.0479999,2.2020001
2023-12-08 23:00:00,-28.248,53.934086,0.02749081,0.474,0.466,0.381,-11.898,-3.348,2.152
2023-12-09 00:00:00,-28.298,53.918346,0.02737176,0.474,0.466,0.381,-12.048,-3.698,2.102
2023-12-09 01:00:00,-28.298,53.652775,0.027529053,0.474,0.466,0.381,-12.248,-4.098,2.102
2023-12-09 02:00:00,-28.148,53.172794,0.028206434,0.474,0.465,0.381,-12.498,-4.748,2.052
2023-12-09 03:00:00,-27.998,52.698017,0.02889372,0.474,0.465,0.381,-12.798,-5.448,2.002
2023-12-09 04:00:00,-27.698,51.763783,0.030298393,0.474,0.465,0.381,-13.048,-6.098,1.952
2023-12-09 05:00:00,-26.748,49.580204,0.034580253,0.474,0.465,0.381,-12.798,-6.598,1.9020001
2023-12-09 06:00:00,-25.398,46.728615,0.041342538,0.474,0.464,0.381,-12.098,-6.998,1.852
2023-12-09 07:00:00,-24.148,46.91634,0.046135545,0.474,0.464,0.381,-11.448,-7.248,1.802
2023-12-09 08:00:00,-24.098,56.542038,0.0379605,0.474,0.464,0.381,-11.048,-7.448,1.7520001
2023-12-09 09:00:00,-23.398,59.47576,0.03769677,0.474,0.464,0.381,-10.998,-7.598,1.6520001
2023-12-09 10:00:00,-23.548,58.878307,0.037741646,0.474,0.463,0.381,-11.398,-7.798,1.602
2023-12-09 11:00:00,-24.298,57.290787,0.03664195,0.474,0.463,0.381,-12.198,-8.048,1.552
2023-12-09 12:00:00,-24.448,55.111744,0.037989452,0.474,0.463,0.382,-13.048,-8.348,1.5020001
2023-12-09 13:00:00,-23.648,53.80603,0.04200816,0.474,0.463,0.382,-13.698,-8.698,1.4020001
2023-12-09 14:00:00,-24.098,56.542038,0.0379605,0.474,0.463,0.382,-14.198,-9.048,1.352
2023-12-09 15:00:00,-24.698,59.38342,0.033613812,0.474,0.462,0.382,-14.598,-9.398,1.302
2023-12-09 16:00:00,-25.198,62.118553,0.02996451,0.474,0.462,0.382,-14.998,-9.748,1.2520001
2023-12-09 17:00:00,-25.648,64.39352,0.02703683,0.474,0.462,0.382,-15.348,-10.098,1.1520001
2023-12-09 18:00:00,-26.098,66.13282,0.024681069,0.474,0.462,0.382,-15.698,-10.398,1.102
2023-12-09 19:00:00,-27.748,70.6154,0.018390488,0.474,0.461,0.382,-15.997999,-10.748,1.052
2023-12-09 20:00:00,-28.848,72.77814,0.015371624,0.474,0.461,0.382,-16.348,-11.048,1.002
2023-12-09 21:00:00,-29.948,74.68434,0.012883753,0.474,0.461,0.382,-16.698,-11.398,0.95199996
2023-12-09 22:00:00,-29.998,74.31211,0.013010938,0.474,0.461,0.382,-17.048,-11.698,0.902
2023-12-09 23:00:00,-30.798,75.240875,0.011618562,0.474,0.461,0.382,-17.348,-11.998,0.902
2023-12-10 00:00:00,-31.198,75.52913,0.011050571,0.474,0.46,0.382,-17.648,-12.298,0.852
2023-12-10 01:00:00,-31.498,75.840706,0.0105990805,0.474,0.46,0.382,-17.948,-12.598,0.852
2023-12-10 02:00:00,-31.648,75.81076,0.010459542,0.474,0.46,0.382,-18.098,-12.848,0.802
2023-12-10 03:00:00,-31.548,75.830765,0.010552369,0.474,0.46,0.382,-18.248,-13.098,0.802
2023-12-10 04:00:00,-31.298,75.88064,0.010787647,0.474,0.46,0.382,-18.398,-13.348,0.802
2023-12-10 05:00:00,-30.698,74.52909,0.012067217,0.474,0.459,0.383,-18.148,-13.548,0.752
2023-12-10 06:00:00,-29.448,71.94616,0.014968768,0.474,0.459,0.383,-17.448,-13.598,0.752
2023-12-10 07:00:00,-27.198,70.74165,0.01927121,0.474,0.459,0.383,-16.748,-13.598,0.70199996
2023-12-10 08:00:00,-25.448,68.19731,0.024597444,0.474,0.459,0.383,-16.248,-13.548,0.70199996
2023-12-10 09:00:00,-24.798,67.08733,0.02700271,0.474,0.459,0.383,-16.098,-13.498,0.70199996
2023-12-10 10:00:00,-24.898,67.37744,0.026523657,0.474,0.458,0.383,-16.348,-13.448,0.70199996
2023-12-10 11:00:00,-25.748,69.42017,0.023014314,0.474,0.458,0.383,-16.898,-13.498,0.652
2023-12-10 12:00:00,-27.098,71.10173,0.019211415,0.474,0.458,0.383,-17.448,-13.598,0.652
2023-12-10 13:00:00,-28.248,72.90831,0.016184155,0.474,0.458,0.383,-17.948,-13.698,0.652
2023-12-10 14:00:00,-28.998,74.87908,0.013987754,0.474,0.458,0.383,-18.298,-13.848,0.602
2023-12-10 15:00:00,-29.848,76.90764,0.011865787,0.474,0.457,0.383,-18.598,-14.048,0.602
2023-12-10 16:00:00,-30.648,78.645325,0.010167744,0.474,0.457,0.383,-18.848,-14.198,0.602
2023-12-10 17:00:00,-31.298,79.30023,0.009259764,0.474,0.457,0.383,-19.098,-14.398,0.602
2023-12-10 18:00:00,-31.898,79.58517,0.008618087,0.474,0.457,0.383,-19.298,-14.548,0.552
2023-12-10 19:00:00,-31.948,79.96851,0.008415539,0.474,0.457,0.383,-19.598,-14.748,0.552
2023-12-10 20:00:00,-32.398003,79.89169,0.008086365,0.474,0.457,0.383,-19.798,-14.898,0.552
2023-12-10 21:00:00,-32.798,80.219315,0.007650297,0.474,0.456,0.383,-20.048,-15.098,0.552
2023-12-10 22:00:00,-33.398003,78.92864,0.007683387,0.474,0.456,0.383,-20.198,-15.248,0.502
2023-12-10 23:00:00,-33.448,78.13576,0.00793306,0.474,0.456,0.383,-20.398,-15.448,0.502
2023-12-11 00:00:00,-33.348003,77.3779,0.008288806,0.474,0.456,0.383,-20.648,-15.598,0.502
2023-12-11 01:00:00,-33.098003,75.89635,0.009050367,0.474,0.456,0.384,-20.898,-15.798,0.502
2023-12-11 02:00:00,-32.548,74.5103,0.010098878,0.474,0.456,0.384,-21.048,-15.997999,0.45200002
2023-12-11 03:00:00,-32.298,73.095695,0.0109212585,0.474,0.455,0.384,-21.198,-16.148,0.45200002
2023-12-11 04:00:00,-32.148003,70.2753,0.01224149,0.474,0.455,0.384,-21.348,-16.298,0.45200002
2023-12-11 05:00:00,-31.748,67.96215,0.013714135,0.474,0.455,0.384,-21.248,-16.448,0.45200002
2023-12-11 06:00:00,-31.198,65.774,0.015447646,0.474,0.455,0.384,-20.998,-16.498,0.45200002
2023-12-11 07:00:00,-30.648,63.04209,0.017582439,0.474,0.455,0.384,-20.648,-16.548,0.402
2023-12-11 08:00:00,-30.348,61.27399,0.018957786,0.474,0.455,0.384,-20.398,-16.548,0.402
2023-12-11 09:00:00,-30.398,61.259674,0.018874409,0.474,0.454,0.384,-20.448,-16.598,0.402
2023-12-11 10:00:00,-30.798,62.376495,0.017642947,0.474,0.454,0.384,-20.748,-16.648,0.402
2023-12-11 11:00:00,-31.548,65.0294,0.015259242,0.474,0.454,0.384,-21.298,-16.698,0.352
2023-12-11 12:00:00,-32.098003,65.86581,0.014122313,0.474,0.454,0.384,-21.798,-16.848,0.352
2023-12-11 13:00:00,-32.398003,66.785774,0.013347279,0.474,0.454,0.384,-22.148,-16.998,0.352
2023-12-11 14:00:00,-32.448,67.10903,0.013153415,0.474,0.454,0.384,-22.348,-17.148,0.352
2023-12-11 15:00:00,-32.198,67.849045,0.0131747145,0.474,0.454,0.384,-22.398,-17.298,0.352
2023-12-11 16:00:00,-32.098003,68.21428,0.013152467,0.474,0.453,0.384,-22.498,-17.448,0.302
2023-12-11 17:00:00,-31.898,68.60534,0.013245478,0.474,0.453,0.384,-22.548,-17.548,0.302
2023-12-11 18:00:00,-31.848,68.96033,0.0131595675,0.474,0.453,0.384,-22.648,-17.698,0.302
2023-12-11 19:00:00,-31.348,70.116425,0.013297465,0.474,0.453,0.384,-22.598,-17.798,0.302
2023-12-11 20:00:00,-31.298,70.12827,0.013356395,0.474,0.453,0.384,-22.648,-17.848,0.302
2023-12-11 21:00:00,-31.248,70.48763,0.013259694,0.474,0.453,0.384,-22.648,-17.948,0.252
2023-12-11 22:00:00,-31.148,70.51114,0.013377313,0.474,0.453,0.384,-22.698,-17.998,0.252
2023-12-11 23:00:00,-31.048,70.18748,0.013654571,0.474,0.453,0.384,-22.748,-18.098,0.252
2023-12-12 00:00:00,-30.948,70.55798,0.013615318,0.474,0.452,0.384,-22.748,-18.148,0.252
2023-12-12 01:00:00,-30.948,70.9064,0.013454445,0.474,0.452,0.384,-22.748,-18.198,0.252
2023-12-12 02:00:00,-30.898,70.918015,0.013513807,0.474,0.452,0.385,-22.798,-18.248,0.202
2023-12-12 03:00:00,-30.948,70.9064,0.013454445,0.474,0.452,0.385,-22.848,-18.298,0.202
2023-12-12 04:00:00,-30.798,70.59309,0.013796281,0.474,0.452,0.385,-22.798,-18.348,0.202
2023-12-12 05:00:00,-29.898,69.09436,0.015799064,0.474,0.452,0.385,-22.298,-18.298,0.202
2023-12-12 06:00:00,-28.598,67.42156,0.018828701,0.474,0.452,0.385,-21.548,-18.198,0.202
2023-12-12 07:00:00,-27.748,66.344864,0.021058768,0.474,0.452,0.385,-20.848,-18.048,0.15200001
2023-12-12 08:00:00,-26.848,65.62671,0.023379158,0.474,0.451,0.385,-20.248,-17.848,0.15200001
2023-12-12 09:00:00,-26.298,65.76845,0.024492525,0.474,0.451,0.385,-19.948,-17.648,0.15200001
2023-12-12 10:00:00,-26.298,67.030045,0.023591321,0.474,0.451,0.385,-19.948,-17.498,0.15200001
2023-12-12 11:00:00,-27.048,69.11211,0.020627353,0.474,0.451,0.385,-20.348,-17.348,0.15200001
2023-12-12 12:00:00,-28.048,70.88542,0.017719071,0.474,0.451,0.385,-20.798,-17.298,0.102
2023-12-12 13:00:00,-28.898,71.37637,0.016086183,0.474,0.451,0.385,-21.148,-17.298,0.102
2023-12-12 14:00:00,-29.798,71.86775,0.014520671,0.474,0.451,0.385,-21.348,-17.298,0.102
2023-12-12 15:00:00,-30.798,72.704994,0.0128069,0.474,0.451,0.385,-21.598,-17.348,0.102
2023-12-12 16:00:00,-31.548,73.25931,0.011673503,0.474,0.45,0.385,-21.748,-17.398,0.102
2023-12-12 17:00:00,-31.698,73.953964,0.011207007,0.474,0.45,0.385,-21.948,-17.448,0.102
2023-12-12 18:00:00,-31.198,73.33519,0.012039952,0.474,0.45,0.385,-22.048,-17.548,0.052
2023-12-12 19:00:00,-30.498,72.770905,0.013148293,0.474,0.45,0.385,-22.148,-17.598,0.052
2023-12-12 20:00:00,-29.498,70.894646,0.015455689,0.474,0.45,0.385,-22.198,-17.648,0.052
2023-12-12 21:00:00,-29.298,70.25556,0.016096212,0.474,0.45,0.385,-22.248,-17.748,0.052
2023-12-12 22:00:00,-29.348,69.90339,0.0162097,0.474,0.45,0.385,-22.298,-17.798,0.052
2023-12-12 23:00:00,-29.548,70.539276,0.015570205,0.474,0.45,0.385,-22.348,-17.848,0.052
2023-12-13 00:00:00,-29.648,70.17344,0.015614554,0.474,0.45,0.385,-22.398,-17.898,0.0020000003
2023-12-13 01:00:00,-29.598,69.50479,0.016039897,0.474,0.449,0.385,-22.448,-17.948,0.0020000003
2023-12-13 02:00:00,-29.598,69.50479,0.016039897,0.474,0.449,0.385,-22.448,-17.998,0.0020000003
2023-12-13 03:00:00,-29.498,69.190895,0.016358994,0.474,0.449,0.385,-22.498,-18.048,0.0020000003
2023-12-13 04:00:00,-29.348,69.227,0.016573422,0.474,0.449,0.385,-22.398,-18.098,0.0020000003
2023-12-13 05:00:00,-28.148,66.563225,0.020155918,0.474,0.449,0.385,-21.748,-18.048,0.0020000003
2023-12-13 06:00:00,-26.398,63.282238,0.026027884,0.474,0.449,0.385,-20.598,-17.848,-0.048
2023-12-13 07:00:00,-24.698,61.38112,0.03196371,0.474,0.449,0.385,-19.448,-17.598,-0.048
2023-12-13 08:00:00,-23.998,63.32908,0.032332167,0.474,0.449,0.385,-18.498,-17.298,-0.048
2023-12-13 09:00:00,-23.048,62.995,0.035521023,0.474,0.449,0.385,-18.048,-16.948,-0.048
2023-12-13 10:00:00,-23.048,62.413097,0.036078632,0.474,0.449,0.385,-18.048,-16.648,-0.048
2023-12-13 11:00:00,-24.198,64.170296,0.031028371,0.474,0.448,0.386,-18.548,-16.448,-0.048
2023-12-13 12:00:00,-25.698,67.17954,0.024811123,0.474,0.448,0.386,-19.148,-16.348,-0.048
2023-12-13 13:00:00,-26.198,68.98715,0.022397641,0.474,0.448,0.386,-19.498,-16.298,-0.098000005
2023-12-13 14:00:00,-26.198,69.9719,0.021687448,0.474,0.448,0.386,-19.698,-16.248,-0.098000005
2023-12-13 15:00:00,-26.248,70.62401,0.021119978,0.474,0.448,0.386,-19.848,-16.248,-0.098000005
2023-12-13 16:00:00,-26.398,71.2597,0.020380788,0.474,0.448,0.386,-19.898,-16.248,-0.098000005
2023-12-13 17:00:00,-26.298,70.94667,0.02079263,0.474,0.448,0.386,-19.948,-16.248,-0.098000005
2023-12-13 18:00:00,-26.598,71.89124,0.01957003,0.474,0.448,0.386,-19.948,-16.248,-0.098000005
2023-12-13 19:00:00,-28.348,76.82391,0.013718557,0.474,0.448,0.386,-20.048,-16.248,-0.098000005
2023-12-13 20:00:00,-28.098,76.1428,0.014455378,0.474,0.448,0.386,-20.098,-16.298,-0.148
2023-12-13 21:00:00,-27.748,75.49011,0.015343145,0.474,0.447,0.386,-20.098,-16.298,-0.148
2023-12-13 22:00:00,-27.748,75.49011,0.015343145,0.474,0.447,0.386,-20.098,-16.298,-0.148
2023-12-13 23:00:00,-27.748,75.84964,0.015118338,0.474,0.447,0.386,-20.098,-16.298,-0.148
2023-12-14 00:00:00,-27.798,75.83985,0.015054196,0.474,0.447,0.386,-20.098,-16.348,-0.148
2023-12-14 01:00:00,-27.698,75.859436,0.0151827,0.474,0.447,0.386,-20.048,-16.348,-0.148
2023-12-14 02:00:00,-27.348,75.56935,0.015872788,0.474,0.447,0.386,-20.048,-16.348,-0.148
2023-12-14 03:00:00,-26.848,74.60499,0.01727986,0.474,0.447,0.386,-19.998,-16.348,-0.148
2023-12-14 04:00:00,-25.548,72.46023,0.02111109,0.474,0.447,0.386,-19.898,-16.298,-0.198
2023-12-14 05:00:00,-23.248,65.92798,0.032131795,0.474,0.447,0.386,-19.198,-16.248,-0.198
2023-12-14 06:00:00,-21.848,60.748856,0.041898943,0.474,0.447,0.386,-17.948,-16.048,-0.198
2023-12-14 07:00:00,-21.698,64.524536,0.03837827,0.474,0.447,0.386,-16.748,-15.698,-0.198
2023-12-14 08:00:00,-19.898,64.69386,0.044690013,0.474,0.447,0.386,-15.748,-15.348,-0.198
2023-12-14 09:00:00,-18.648,64.14892,0.050530583,0.474,0.446,0.386,-15.198,-14.948,-0.198
2023-12-14 10:00:00,-18.798,65.26327,0.0483374,0.474,0.446,0.386,-15.148,-14.648,-0.198
2023-12-14 11:00:00,-20.048,66.424545,0.041953817,0.474,0.446,0.386,-15.698,-14.398,-0.198
2023-12-14 12:00:00,-21.498,69.13495,0.03398908,0.474,0.446,0.386,-16.198,-14.248,-0.24800001
2023-12-14 13:00:00,-22.498,70.49323,0.029751502,0.474,0.446,0.386,-16.548,-14.148,-0.24800001
2023-12-14 14:00:00,-23.048,70.69227,0.028141752,0.474,0.446,0.386,-16.748,-14.098,-0.24800001
2023-12-14 15:00:00,-23.498,70.590836,0.027127236,0.474,0.446,0.386,-16.898,-14.048,-0.24800001
2023-12-14 16:00:00,-23.848,70.5116,0.026360497,0.474,0.446,0.386,-16.998,-13.998,-0.24800001
2023-12-14 17:00:00,-23.998,70.47755,0.026037779,0.474,0.446,0.386,-16.998,-13.998,-0.24800001
2023-12-14 18:00:00,-24.048,69.816765,0.026500408,0.474,0.446,0.386,-16.948,-13.998,-0.24800001
2023-12-14 19:00:00,-24.248,72.070114,0.024086911,0.474,0.446,0.386,-16.948,-13.948,-0.24800001
2023-12-14 20:00:00,-23.698,70.54558,0.026686743,0.474,0.446,0.386,-16.798,-13.948,-0.24800001
2023-12-14 21:00:00,-23.198,69.053185,0.029318973,0.474,0.445,0.386,-16.648,-13.898,-0.29799998
2023-12-14 22:00:00,-22.698,67.29269,0.032394424,0.474,0.445,0.386,-16.498,-13.848,-0.29799998
2023-12-14 23:00:00,-22.298,65.86411,0.035027236,0.474,0.445,0.386,-16.348,-13.748,-0.29799998
2023-12-15 00:00:00,-21.948,64.75586,0.037298024,0.474,0.445,0.386,-16.248,-13.698,-0.29799998
2023-12-15 01:00:00,-21.548,63.6844,0.03980723,0.474,0.445,0.386,-16.098,-13.648,-0.29799998
2023-12-15 02:00:00,-21.198,62.623055,0.042245924,0.474,0.445,0.386,-15.948,-13.548,-0.29799998
2023-12-15 03:00:00,-20.898,62.134537,0.0439348,0.474,0.445,0.386,-15.848,-13.448,-0.29799998
2023-12-15 04:00:00,-20.398,60.87097,0.047419846,0.474,0.445,0.386,-15.648,-13.398,-0.29799998
2023-12-15 05:00:00,-18.848,58.337994,0.057710655,0.474,0.445,0.386,-14.948,-13.198,-0.29799998
2023-12-15 06:00:00,-16.448,55.22574,0.076006025,0.474,0.445,0.386,-13.798,-12.948,-0.29799998
2023-12-15 07:00:00,-14.448,54.843624,0.09051344,0.474,0.445,0.387,-12.698,-12.648,-0.348
2023-12-15 08:00:00,-12.648,52.57793,0.110104464,0.474,0.445,0.387,-11.848,-12.248,-0.348
2023-12-15 09:00:00,-11.898,53.02811,0.11587216,0.474,0.445,0.387,-11.348,-11.848,-0.348
2023-12-15 10:00:00,-12.248,54.07365,0.11014433,0.474,0.444,0.387,-11.398,-11.548,-0.348
2023-12-15 11:00:00,-13.498,56.569122,0.09411355,0.474,0.444,0.387,-11.898,-11.298,-0.348
2023-12-15 12:00:00,-14.548,58.261127,0.08298683,0.474,0.444,0.387,-12.398,-11.148,-0.348
2023-12-15 13:00:00,-15.148,58.602234,0.0783276,0.474,0.444,0.387,-12.698,-11.048,-0.348
2023-12-15 14:00:00,-15.648,59.495293,0.073522754,0.474,0.444,0.387,-12.898,-10.998,-0.348
2023-12-15 15:00:00,-16.148,60.14425,0.06939064,0.474,0.444,0.387,-13.048,-10.948,-0.348
2023-12-15 16:00:00,-16.598,60.819054,0.06569321,0.474,0.444,0.387,-13.198,-10.898,-0.348
2023-12-15 17:00:00,-16.948,61.26231,0.06306725,0.474,0.444,0.387,-13.298,-10.898,-0.348
2023-12-15 18:00:00,-17.348,61.971302,0.059859805,0.474,0.444,0.387,-13.348,-10.898,-0.348
2023-12-15 19:00:00,-17.848,63.224396,0.05548898,0.474,0.444,0.387,-13.398,-10.898,-0.348
2023-12-15 20:00:00,-18.048,63.453133,0.054214895,0.474,0.444,0.387,-13.398,-10.898,-0.348
2023-12-15 21:00:00,-18.148,63.427155,0.053793594,0.474,0.444,0.387,-13.398,-10.898,-0.398
2023-12-15 22:00:00,-18.548,63.889584,0.051332593,0.474,0.444,0.387,-13.498,-10.948,-0.398
2023-12-15 23:00:00,-19.348,64.54433,0.047060646,0.474,0.444,0.387,-13.698,-10.948,-0.398
2023-12-16 00:00:00,-20.048,64.947395,0.043797046,0.474,0.443,0.387,-13.848,-10.998,-0.398
2023-12-16 01:00:00,-20.598,64.8072,0.0419207,0.474,0.443,0.387,-13.998,-11.048,-0.398
2023-12-16 02:00:00,-20.948,64.71758,0.0407637,0.474,0.443,0.387,-14.098,-11.098,-0.398
2023-12-16 03:00:00,-21.098,64.09334,0.040943414,0.474,0.443,0.387,-14.148,-11.148,-0.398
2023-12-16 04:00:00,-20.998,62.962696,0.042601578,0.474,0.443,0.387,-14.148,-11.198,-0.398
2023-12-16 05:00:00,-19.248,58.752674,0.055208243,0.474,0.443,0.387,-13.548,-11.198,-0.398
2023-12-16 06:00:00,-17.198,55.00458,0.07170975,0.474,0.443,0.387,-12.398,-11.048,-0.398
2023-12-16 07:00:00,-14.948,54.937256,0.08667416,0.474,0.443,0.387,-11.248,-10.798,-0.398
2023-12-16 08:00:00,-12.548,51.48369,0.11355697,0.474,0.443,0.387,-10.298,-10.498,-0.398
2023-12-16 09:00:00,-11.498,51.79943,0.122782424,0.474,0.443,0.387,-9.798,-10.198,-0.398
2023-12-16 10:00:00,-11.748,52.170376,0.119417146,0.474,0.443,0.387,-9.848,-9.898,-0.448
2023-12-16 11:00:00,-13.098,52.671253,0.10594498,0.474,0.443,0.387,-10.448,-9.748,-0.448
2023-12-16 12:00:00,-14.348,54.396072,0.09216462,0.474,0.443,0.387,-10.998,-9.648,-0.448
2023-12-16 13:00:00,-15.048,54.907932,0.08601563,0.474,0.443,0.387,-11.348,-9.598,-0.448
2023-12-16 14:00:00,-15.448,54.790398,0.083424985,0.474,0.443,0.387,-11.548,-9.548,-0.448
2023-12-16 15:00:00,-15.748,55.186985,0.08065561,0.474,0.443,0.387,-11.698,-9.548,-0.448
2023-12-16 16:00:00,-15.997999,55.6029,0.07825907,0.474,0.442,0.387,-11.748,-9.548,-0.448
2023-12-16 17:00:00,-16.198,55.54447,0.07706279,0.474,0.442,0.387,-11.848,-9.598,-0.448
2023-12-16 18:00:00,-16.498,55.950787,0.07446444,0.474,0.442,0.387,-11.898,-9.598,-0.448
2023-12-16 19:00:00,-16.448,55.71783,0.07517211,0.474,0.442,0.387,-11.948,-9.648,-0.448
2023-12-16 20:00:00,-16.448,55.22574,0.076006025,0.474,0.442,0.387,-11.948,-9.648,-0.448
2023-12-16 21:00:00,-16.498,54.9664,0.07612559,0.474,0.442,0.387,-11.998,-9.648,-0.448
2023-12-16 22:00:00,-16.398,54.50974,0.077543646,0.474,0.442,0.387,-11.998,-9.698,-0.448
2023-12-16 23:00:00,-16.148,53.862446,0.08030847,0.474,0.442,0.387,-11.998,-9.698,-0.448
2023-12-17 00:00:00,-15.997999,54.14656,0.08082161,0.474,0.442,0.387,-11.948,-9.698,-0.448
2023-12-17 01:00:00,-15.898,54.65771,0.080592245,0.474,0.442,0.387,-11.948,-9.698,-0.448
2023-12-17 02:00:00,-15.748,55.186985,0.08065561,0.474,0.442,0.387,-11.998,-9.748,-0.49800003
2023-12-17 03:00:00,-15.698,55.936222,0.0796404,0.474,0.442,0.387,-11.998,-9.748,-0.49800003
2023-12-17 04:00:00,-15.598,56.957905,0.07844708,0.474,0.442,0.387,-11.948,-9.748,-0.49800003
2023-12-17 05:00:00,-14.498,55.79443,0.08824642,0.474,0.442,0.387,-11.398,-9.698,-0.49800003
2023-12-17 06:00:00,-12.698,53.47853,0.1075799,0.474,0.442,0.387,-10.498,-9.548,-0.49800003
2023-12-17 07:00:00,-11.048,53.73414,0.122185156,0.474,0.442,0.387,-9.598,-9.348,-0.49800003
2023-12-17 08:00:00,-9.798,52.085163,0.13974732,0.474,0.441,0.387,-8.948,-9.048,-0.49800003
2023-12-17 09:00:00,-9.198,51.60798,0.14797208,0.474,0.441,0.387,-8.548,-8.798,-0.49800003
2023-12-17 10:00:00,-9.348,53.103268,0.14172392,0.474,0.441,0.387,-8.548,-8.548,-0.49800003
2023-12-17 11:00:00,-10.248,55.35005,0.12567882,0.474,0.441,0.387,-8.948,-8.398,-0.49800003
2023-12-17 12:00:00,-10.848,56.595562,0.11648324,0.474,0.441,0.387,-9.348,-8.298,-0.49800003
2023-12-17 13:00:00,-11.298,57.433205,0.11020298,0.474,0.441,0.387,-9.598,-8.248,-0.49800003
2023-12-17 14:00:00,-11.698,57.56527,0.10639253,0.474,0.441,0.387,-9.798,-8.248,-0.49800003
2023-12-17 15:00:00,-11.798,56.80829,0.10742089,0.474,0.441,0.387,-9.898,-8.198,-0.49800003
2023-12-17 16:00:00,-11.098,54.64052,0.11931713,0.474,0.441,0.387,-9.698,-8.198,-0.49800003
2023-12-17 17:00:00,-10.448,53.229168,0.12956609,0.474,0.441,0.387,-9.398,-8.098,-0.49800003
2023-12-17 18:00:00,-9.848,52.070335,0.13923912,0.474,0.441,0.387,-9.098,-8.048,-0.49800003
2023-12-17 19:00:00,-10.048,54.02559,0.13146964,0.474,0.441,0.387,-8.998,-7.948,-0.49800003
2023-12-17 20:00:00,-9.598,54.84179,0.13381459,0.474,0.441,0.387,-8.748,-7.848,-0.49800003
2023-12-17 21:00:00,-9.248,56.806507,0.13157724,0.474,0.441,0.387,-8.548,-7.748,-0.49800003
2023-12-17 22:00:00,-8.898,58.822117,0.12893891,0.474,0.441,0.387,-8.298,-7.598,-0.54800004
2023-12-17 23:00:00,-8.648,61.114002,0.12417665,0.474,0.441,0.388,-8.148,-7.498,-0.54800004
2023-12-18 00:00:00,-8.298,63.241528,0.120641604,0.474,0.441,0.388,-7.948,-7.348,-0.54800004
2023-12-18 01:00:00,-7.948,65.42216,0.11662534,0.474,0.441,0.388,-7.698,-7.248,-0.54800004
2023-12-18 02:00:00,-7.848,68.14795,0.10827573,0.474,0.44,0.388,-7.648,-7.098,-0.54800004
2023-12-18 03:00:00,-7.598,70.71693,0.1014975,0.474,0.44,0.388,-7.448,-6.998,-0.54800004
2023-12-18 04:00:00,-7.448,73.341324,0.093485266,0.474,0.44,0.388,-7.298,-6.848,-0.54800004
2023-12-18 05:00:00,-7.048,74.89229,0.09081206,0.474,0.44,0.388,-6.998,-6.698,-0.54800004
2023-12-18 06:00:00,-6.548,76.47942,0.088410795,0.474,0.44,0.388,-6.698,-6.548,-0.54800004
2023-12-18 07:00:00,-6.098,78.38149,0.0841147,0.474,0.44,0.388,-6.298,-6.398,-0.54800004
2023-12-18 08:00:00,-5.598,78.4624,0.0870595,0.474,0.44,0.388,-5.948,-6.198,-0.54800004
2023-12-18 09:00:00,-5.198,80.06685,0.08306351,0.474,0.44,0.388,-5.698,-5.998,-0.54800004
2023-12-18 10:00:00,-4.648,82.02597,0.07808611,0.474,0.44,0.388,-5.448,-5.798,-0.54800004
2023-12-18 11:00:00,-4.348,84.30103,0.06976515,0.474,0.44,0.388,-5.298,-5.648,-0.54800004
2023-12-18 12:00:00,-4.148,85.62412,0.06485531,0.474,0.44,0.388,-5.198,-5.448,-0.54800004
2023-12-18 13:00:00,-3.848,85.984375,0.0646711,0.474,0.44,0.388,-5.048,-5.298,-0.54800004
2023-12-18 14:00:00,-3.648,86.6621,0.062473685,0.474,0.44,0.388,-4.898,-5.148,-0.54800004
2023-12-18 15:00:00,-3.598,87.99209,0.05645579,0.474,0.44,0.388,-4.748,-4.998,-0.54800004
2023-12-18 16:00:00,-3.5479999,88.33068,0.055069745,0.474,0.44,0.388,-4.648,-4.848,-0.54800004
2023-12-18 17:00:00,-3.498,88.67015,0.05366826,0.474,0.44,0.388,-4.548,-4.698,-0.54800004
2023-12-18 18:00:00,-3.448,89.010475,0.05225128,0.474,0.44,0.388,-4.448,-4.598,-0.54800004
2023-12-18 19:00:00,-3.5479999,90.01699,0.047112435,0.474,0.44,0.388,-4.398,-4.448,-0.54800004
2023-12-18 20:00:00,-3.448,91.39346,0.040921926,0.474,0.44,0.388,-4.298,-4.348,-0.54800004
2023-12-18 21:00:00,-3.148,91.75831,0.040074795,0.474,0.439,0.388,-4.098,-4.248,-0.54800004
2023-12-18 22:00:00,-2.848,92.46836,0.03744957,0.474,0.439,0.388,-3.948,-4.098,-0.54800004
2023-12-18 23:00:00,-2.5479999,92.48645,0.038201362,0.474,0.439,0.388,-3.898,-3.9980001,-0.54800004
2023-12-19 00:00:00,-2.348,92.84403,0.036926687,0.474,0.439,0.388,-3.848,-3.898,-0.54800004
2023-12-19 01:00:00,-2.2979999,92.84691,0.037048727,0.474,0.439,0.388,-3.7979999,-3.7979999,-0.54800004
2023-12-19 02:00:00,-2.2979999,93.19346,0.035253882,0.474,0.439,0.388,-3.748,-3.698,-0.54800004
2023-12-19 03:00:00,-2.348,93.53857,0.033342898,0.474,0.439,0.388,-3.698,-3.648,-0.54800004
2023-12-19 04:00:00,-2.398,94.235374,0.029637367,0.474,0.439,0.388,-3.648,-3.5479999,-0.54800004
2023-12-19 05:00:00,-2.398,93.18798,0.03502196,0.474,0.439,0.388,-3.598,-3.498,-0.54800004
2023-12-19 06:00:00,-3.0479999,87.71229,0.06019306,0.474,0.439,0.388,-3.5479999,-3.448,-0.54800004
2023-12-19 07:00:00,-3.898,87.29765,0.058392704,0.474,0.439,0.388,-3.498,-3.348,-0.54800004
2023-12-19 08:00:00,-5.048,87.1824,0.054028034,0.474,0.439,0.388,-3.498,-3.2979999,-0.54800004
2023-12-19 09:00:00,-6.248,87.0605,0.04977718,0.474,0.439,0.388,-3.448,-3.248,-0.54800004
2023-12-19 10:00:00,-7.298,85.60077,0.051093668,0.474,0.439,0.388,-3.448,-3.198,-0.54800004
2023-12-19 11:00:00,-7.948,84.85484,0.051099986,0.474,0.439,0.388,-3.448,-3.148,-0.54800004
2023-12-19 12:00:00,-8.248,84.81905,0.050038815,0.474,0.439,0.388,-3.448,-3.148,-0.54800004
2023-12-19 13:00:00,-8.298,84.47805,0.05096361,0.474,0.439,0.388,-3.448,-3.098,-0.54800004
2023-12-19 14:00:00,-8.148,85.503914,0.048155546,0.474,0.439,0.388,-3.398,-3.098,-0.54800004
2023-12-19 15:00:00,-7.948,86.20346,0.04655069,0.474,0.439,0.388,-3.398,-3.0479999,-0.54800004
2023-12-19 16:00:00,-7.748,87.24776,0.0437012,0.474,0.439,0.388,-3.348,-2.998,-0.54800004
2023-12-19 17:00:00,-7.348,87.288284,0.044932842,0.474,0.438,0.388,-3.348,-2.998,-0.54800004
2023-12-19 18:00:00,-7.198,87.988235,0.04295394,0.474,0.438,0.388,-3.2979999,-2.948,-0.54800004
2023-12-19 19:00:00,-6.948,88.35573,0.042450666,0.474,0.438,0.388,-3.248,-2.948,-0.54800004
2023-12-19 20:00:00,-6.798,88.369675,0.042892247,0.474,0.438,0.388,-3.198,-2.898,-0.54800004
2023-12-19 21:00:00,-6.898,89.050835,0.04007092,0.474,0.438,0.388,-3.198,-2.898,-0.54800004
2023-12-19 22:00:00,-6.848,89.05521,0.040209353,0.474,0.438,0.388,-3.148,-2.848,-0.54800004
2023-12-19 23:00:00,-6.948,89.04643,0.039932966,0.474,0.438,0.388,-3.148,-2.848,-0.54800004
2023-12-20 00:00:00,-7.048,89.03765,0.03965813,0.474,0.438,0.388,-3.098,-2.848,-0.54800004
2023-12-20 01:00:00,-7.198,89.37227,0.03800541,0.474,0.438,0.388,-3.098,-2.848,-0.54800004
2023-12-20 02:00:00,-7.398,90.055466,0.035017252,0.474,0.438,0.388,-3.098,-2.7979999,-0.54800004
2023-12-20 03:00:00,-7.698,90.031334,0.034296095,0.474,0.438,0.388,-3.098,-2.7979999,-0.54800004
2023-12-20 04:00:00,-7.998,90.715576,0.031206936,0.474,0.438,0.388,-3.098,-2.7979999,-0.54800004
2023-12-20 05:00:00,-7.498,90.3997,0.03354472,0.474,0.438,0.388,-3.0479999,-2.7979999,-0.54800004
2023-12-20 06:00:00,-7.048,86.63924,0.048333228,0.474,0.438,0.388,-3.0479999,-2.7979999,-0.54800004
2023-12-20 07:00:00,-6.998,85.97016,0.050949156,0.474,0.438,0.388,-2.998,-2.748,-0.54800004
2023-12-20 08:00:00,-6.898,85.98119,0.05130282,0.474,0.438,0.388,-2.998,-2.748,-0.54800004
2023-12-20 09:00:00,-6.848,86.32295,0.050245404,0.474,0.438,0.388,-2.948,-2.748,-0.54800004
2023-12-20 10:00:00,-7.248,88.67332,0.04034841,0.474,0.438,0.388,-2.948,-2.748,-0.54800004
2023-12-20 11:00:00,-7.548,90.3958,0.0334287,0.474,0.438,0.388,-2.948,-2.748,-0.54800004
2023-12-20 12:00:00,-7.598,91.10067,0.030855864,0.474,0.438,0.388,-2.948,-2.698,-0.54800004
2023-12-20 13:00:00,-7.548,90.74942,0.032198012,0.474,0.438,0.388,-2.948,-2.698,-0.54800004
2023-12-20 14:00:00,-7.148,90.075516,0.03562814,0.474,0.438,0.388,-2.948,-2.698,-0.54800004
2023-12-20 15:00:00,-6.798,89.40636,0.039069563,0.474,0.438,0.388,-2.948,-2.698,-0.54800004
2023-12-20 16:00:00,-6.298,88.074036,0.04570341,0.474,0.437,0.388,-2.948,-2.698,-0.54800004
2023-12-20 17:00:00,-5.798,87.44356,0.049993843,0.474,0.437,0.388,-2.898,-2.698,-0.54800004
2023-12-20 18:00:00,-5.398,87.147026,0.052756935,0.474,0.437,0.388,-2.898,-2.698,-0.54800004
2023-12-20 19:00:00,-5.498,87.13689,0.052398533,0.474,0.437,0.388,-2.898,-2.648,-0.54800004
2023-12-20 20:00:00,-4.948,87.192474,0.054396033,0.474,0.437,0.388,-2.848,-2.648,-0.54800004
2023-12-20 21:00:00,-4.398,87.91625,0.05349958,0.474,0.437,0.388,-2.848,-2.648,-0.54800004
2023-12-20 22:00:00,-3.748,88.64778,0.05277717,0.474,0.437,0.388,-2.848,-2.648,-0.54800004
2023-12-20 23:00:00,-3.148,90.04864,0.0483872,0.474,0.437,0.388,-2.7979999,-2.648,-0.54800004
2023-12-21 00:00:00,-2.448,90.78052,0.04722303,0.474,0.437,0.388,-2.7979999,-2.648,-0.54800004
2023-12-21 01:00:00,-1.798,90.8279,0.049292237,0.474,0.437,0.388,-2.7979999,-2.648,-0.54800004
2023-12-21 02:00:00,-1.2479999,91.204796,0.04921758,0.474,0.437,0.388,-2.748,-2.598,-0.54800004
2023-12-21 03:00:00,-0.748,91.576385,0.048895538,0.474,0.437,0.388,-2.748,-2.598,-0.54800004
2023-12-21 04:00:00,-0.29799998,92.2811,0.046299577,0.474,0.437,0.388,-2.748,-2.598,-0.54800004
2023-12-21 05:00:00,0.15200001,92.64645,0.045573533,0.474,0.437,0.388,-2.698,-2.598,-0.54800004
2023-12-21 06:00:00,0.552,92.33288,0.048912525,0.474,0.437,0.388,-2.698,-2.598,-0.54800004
2023-12-21 07:00:00,0.852,93.70188,0.04105842,0.474,0.437,0.388,-2.698,-2.598,-0.54800004
2023-12-21 08:00:00,1.202,92.70733,0.048754632,0.474,0.437,0.388,-2.648,-2.598,-0.54800004
2023-12-21 09:00:00,1.5020001,92.72456,0.049697816,0.477,0.437,0.388,-2.648,-2.5479999,-0.54800004
2023-12-21 10:00:00,1.552,93.39927,0.045250952,0.481,0.437,0.388,-2.648,-2.5479999,-0.54800004
2023-12-21 11:00:00,1.552,94.41509,0.038287163,0.485,0.437,0.388,-2.598,-2.5479999,-0.54800004
2023-12-21 12:00:00,1.5020001,95.43889,0.031156838,0.489,0.437,0.388,-2.598,-2.5479999,-0.54800004
2023-12-21 13:00:00,1.5020001,95.78307,0.028805673,0.493,0.437,0.388,-2.598,-2.5479999,-0.54800004
2023-12-21 14:00:00,1.5020001,95.43889,0.031156838,0.497,0.437,0.388,-2.598,-2.5479999,-0.54800004
2023-12-21 15:00:00,1.5020001,94.75378,0.035836697,0.5,0.437,0.389,-2.598,-2.5479999,-0.54800004
2023-12-21 16:00:00,1.4020001,94.749596,0.035608947,0.503,0.437,0.389,-2.5479999,-2.498,-0.54800004
2023-12-21 17:00:00,1.302,95.43157,0.030762255,0.506,0.437,0.389,-2.5479999,-2.498,-0.54800004
2023-12-21 18:00:00,1.102,96.463394,0.023474634,0.509,0.437,0.389,-2.5479999,-2.498,-0.54800004
2023-12-21 19:00:00,0.652,95.407715,0.029509306,0.509,0.437,0.389,-2.5479999,-2.498,-0.54800004
2023-12-21 20:00:00,0.302,95.048454,0.031022847,0.508,0.437,0.389,-2.5479999,-2.498,-0.54800004
2023-12-21 21:00:00,-0.098000005,95.379944,0.028118372,0.508,0.437,0.389,-2.498,-2.498,-0.54800004
2023-12-21 22:00:00,-0.49800003,95.365036,0.027399898,0.507,0.437,0.389,-2.498,-2.498,-0.54800004
2023-12-21 23:00:00,-0.698,95.357544,0.02704668,0.507,0.437,0.389,-2.498,-2.498,-0.54800004
2023-12-22 00:00:00,-0.99799997,95.34628,0.026524127,0.507,0.437,0.389,-2.498,-2.448,-0.54800004
2023-12-22 01:00:00,-1.2479999,95.336876,0.026095271,0.506,0.437,0.389,-2.498,-2.448,-0.54800004
2023-12-22 02:00:00,-1.648,95.6746,0.023504376,0.506,0.438,0.389,-2.498,-2.448,-0.54800004
2023-12-22 03:00:00,-1.8479999,95.667564,0.023198307,0.506,0.438,0.389,-2.498,-2.448,-0.54800004
2023-12-22 04:00:00,-1.798,95.31606,0.025173008,0.505,0.438,0.389,-2.498,-2.448,-0.54800004
2023-12-22 05:00:00,-1.798,94.613014,0.028951228,0.505,0.438,0.389,-2.448,-2.448,-0.54800004
2023-12-22 06:00:00,-1.798,93.91458,0.03270471,0.504,0.438,0.389,-2.448,-2.448,-0.54800004
2023-12-22 07:00:00,-2.248,95.65346,0.022596389,0.504,0.438,0.389,-2.448,-2.448,-0.54800004
2023-12-22 08:00:00,-2.148,95.65699,0.02274549,0.504,0.438,0.389,-2.448,-2.398,-0.54800004
2023-12-22 09:00:00,-2.098,95.65875,0.022820473,0.503,0.438,0.389,-2.448,-2.398,-0.54800004
2023-12-22 10:00:00,-2.248,96.36602,0.01889205,0.503,0.438,0.389,-2.448,-2.398,-0.54800004
2023-12-22 11:00:00,-2.448,97.43951,0.013115764,0.503,0.438,0.389,-2.448,-2.398,-0.54800004
2023-12-22 12:00:00,-2.5479999,97.43739,0.013029635,0.502,0.438,0.389,-2.448,-2.398,-0.54800004
2023-12-22 13:00:00,-2.698,97.797165,0.01107645,0.502,0.438,0.389,-2.448,-2.398,-0.54800004
2023-12-22 14:00:00,-2.998,97.79171,0.010858864,0.502,0.438,0.389,-2.448,-2.398,-0.54800004
2023-12-22 15:00:00,-3.0479999,96.70254,0.016154319,0.501,0.438,0.389,-2.448,-2.398,-0.54800004
2023-12-22 16:00:00,-3.0479999,95.625046,0.021432787,0.501,0.439,0.389,-2.448,-2.398,-0.54800004
2023-12-22 17:00:00,-3.148,95.621475,0.021291018,0.501,0.439,0.389,-2.448,-2.398,-0.54800004
2023-12-22 18:00:00,-3.148,96.33919,0.017801195,0.5,0.439,0.389,-2.448,-2.348,-0.54800004
2023-12-22 19:00:00,-4.448,94.49588,0.02427885,0.5,0.439,0.389,-2.448,-2.348,-0.54800004
2023-12-22 20:00:00,-4.448,94.854256,0.022698104,0.5,0.439,0.389,-2.448,-2.348,-0.54800004
2023-12-22 21:00:00,-4.448,94.854256,0.022698104,0.499,0.439,0.389,-2.448,-2.348,-0.54800004
2023-12-22 22:00:00,-4.398,94.85636,0.022774547,0.499,0.439,0.389,-2.448,-2.348,-0.54800004
2023-12-22 23:00:00,-4.348,94.85846,0.02285114,0.499,0.439,0.389,-2.448,-2.348,-0.54800004
2023-12-23 00:00:00,-4.348,94.85846,0.02285114,0.498,0.439,0.389,-2.448,-2.348,-0.54800004
2023-12-23 01:00:00,-4.348,94.85846,0.02285114,0.498,0.439,0.389,-2.448,-2.348,-0.54800004
2023-12-23 02:00:00,-4.248,95.22167,0.021397412,0.498,0.439,0.389,-2.448,-2.348,-0.54800004
2023-12-23 03:00:00,-4.348,95.21776,0.02125436,0.497,0.439,0.389,-2.448,-2.348,-0.54800004
2023-12-23 04:00:00,-4.598,94.48914,0.024035096,0.497,0.439,0.389,-2.448,-2.348,-0.54800004
2023-12-23 05:00:00,-4.298,92.73079,0.032428563,0.497,0.439,0.389,-2.448,-2.348,-0.54800004
2023-12-23 06:00:00,-3.748,90.00111,0.04648605,0.497,0.439,0.389,-2.448,-2.348,-0.54800004
2023-12-23 07:00:00,-2.7979999,88.732414,0.05623269,0.496,0.439,0.389,-2.448,-2.2979999,-0.54800004
2023-12-23 08:00:00,-2.448,87.11293,0.06600681,0.496,0.439,0.389,-2.448,-2.2979999,-0.54800004
2023-12-23 09:00:00,-2.2979999,86.47616,0.070041776,0.496,0.439,0.389,-2.448,-2.2979999,-0.54800004
2023-12-23 10:00:00,-2.898,87.06768,0.06406173,0.495,0.44,0.389,-2.448,-2.2979999,-0.54800004
2023-12-23 11:00:00,-4.098,88.61636,0.051551133,0.495,0.44,0.389,-2.448,-2.2979999,-0.54800004
2023-12-23 12:00:00,-5.348,89.18559,0.04455939,0.495,0.44,0.389,-2.448,-2.2979999,-0.54800004
2023-12-23 13:00:00,-6.148,89.461395,0.04085383,0.495,0.44,0.389,-2.448,-2.2979999,-0.54800004
2023-12-23 14:00:00,-6.748,89.06398,0.040487498,0.494,0.44,0.389,-2.448,-2.2979999,-0.54800004
2023-12-23 15:00:00,-7.298,89.01564,0.03897831,0.494,0.44,0.389,-2.448,-2.2979999,-0.54800004
2023-12-23 16:00:00,-7.848,88.967,0.037518054,0.494,0.44,0.389,-2.498,-2.2979999,-0.54800004
2023-12-23 17:00:00,-8.298,88.92697,0.036358863,0.493,0.44,0.389,-2.498,-2.2979999,-0.54800004
2023-12-23 18:00:00,-8.598,88.54988,0.036726743,0.493,0.44,0.389,-2.498,-2.2979999,-0.54800004
2023-12-23 19:00:00,-9.198,89.19939,0.033052713,0.493,0.44,0.389,-2.498,-2.2979999,-0.54800004
2023-12-23 20:00:00,-9.048,89.212494,0.033403665,0.493,0.44,0.389,-2.5479999,-2.2979999,-0.54800004
2023-12-23 21:00:00,-8.598,88.200836,0.037846148,0.492,0.44,0.389,-2.5479999,-2.2979999,-0.54800004
2023-12-23 22:00:00,-7.898,87.5761,0.042083323,0.492,0.44,0.389,-2.5479999,-2.2979999,-0.54800004
2023-12-23 23:00:00,-6.698,86.676155,0.04951611,0.492,0.44,0.389,-2.5479999,-2.2979999,-0.54800004
2023-12-24 00:00:00,-5.548,85.46644,0.058977187,0.492,0.44,0.389,-2.5479999,-2.2979999,-0.54800004
2023-12-24 01:00:00,-5.448,85.14838,0.060727894,0.491,0.44,0.389,-2.5479999,-2.2979999,-0.54800004
2023-12-24 02:00:00,-5.498,85.14258,0.060520977,0.491,0.44,0.389,-2.5479999,-2.2979999,-0.54800004
2023-12-24 03:00:00,-5.798,85.43803,0.057977527,0.491,0.44,0.389,-2.5479999,-2.2979999,-0.54800004
2023-12-24 04:00:00,-5.998,85.08452,0.05848494,0.491,0.44,0.389,-2.5479999,-2.2979999,-0.54800004
2023-12-24 05:00:00,-5.548,84.48087,0.06297585,0.491,0.44,0.389,-2.5479999,-2.2979999,-0.54800004
2023-12-24 06:00:00,-4.648,82.66012,0.07533169,0.49,0.44,0.389,-2.5479999,-2.248,-0.54800004
2023-12-24 07:00:00,-3.848,84.68385,0.07067102,0.49,0.44,0.389,-2.5479999,-2.248,-0.54800004
2023-12-24 08:00:00,-3.0479999,84.77803,0.074564844,0.49,0.44,0.389,-2.498,-2.248,-0.54800004
2023-12-24 09:00:00,-2.498,85.16272,0.07571322,0.49,0.44,0.389,-2.498,-2.248,-0.54800004
2023-12-24 10:00:00,-2.348,86.470924,0.06981006,0.489,0.44,0.389,-2.498,-2.248,-0.54800004
2023-12-24 11:00:00,-2.398,88.104546,0.061154515,0.489,0.44,0.389,-2.498,-2.248,-0.54800004
2023-12-24 12:00:00,-2.7979999,89.06668,0.054564655,0.489,0.44,0.389,-2.498,-2.248,-0.54800004
2023-12-24 13:00:00,-2.7979999,89.06668,0.054564655,0.489,0.44,0.389,-2.498,-2.248,-0.54800004
2023-12-24 14:00:00,-2.898,89.3937,0.0525406,0.488,0.44,0.389,-2.498,-2.248,-0.54800004
2023-12-24 15:00:00,-2.748,89.07099,0.0547463,0.488,0.44,0.389,-2.448,-2.248,-0.54800004
2023-12-24 16:00:00,-2.448,88.431076,0.059255987,0.488,0.44,0.389,-2.448,-2.248,-0.54800004
2023-12-24 17:00:00,-1.9979999,87.48477,0.06627217,0.488,0.44,0.389,-2.448,-2.248,-0.54800004
2023-12-24 18:00:00,-1.548,85.59002,0.078877,0.488,0.44,0.389,-2.448,-2.248,-0.54800004
2023-12-24 19:00:00,-1.5979999,85.58447,0.0786176,0.487,0.441,0.389,-2.448,-2.248,-0.54800004
2023-12-24 20:00:00,-1.398,84.02212,0.08842784,0.487,0.441,0.389,-2.448,-2.248,-0.54800004
2023-12-24 21:00:00,-1.298,82.16857,0.099411935,0.487,0.441,0.389,-2.448,-2.248,-0.54800004
2023-12-24 22:00:00,-0.948,80.99505,0.108706504,0.487,0.441,0.389,-2.448,-2.248,-0.54800004
2023-12-24 23:00:00,-0.698,81.94274,0.10519147,0.487,0.441,0.389,-2.398,-2.248,-0.54800004
2023-12-25 00:00:00,-0.29799998,83.22404,0.10062015,0.486,0.441,0.389,-2.398,-2.248,-0.54800004
2023-12-25 01:00:00,-0.54800004,85.06702,0.08795071,0.486,0.441,0.389,-2.398,-2.248,-0.54800004
2023-12-25 02:00:00,-0.54800004,86.65779,0.078582406,0.486,0.441,0.389,-2.398,-2.248,-0.54800004
2023-12-25 03:00:00,-0.748,87.93063,0.07005602,0.486,0.441,0.389,-2.398,-2.248,-0.54800004
2023-12-25 04:00:00,-1.198,89.53465,0.058778107,0.486,0.441,0.389,-2.398,-2.248,-0.54800004
2023-12-25 05:00:00,-1.0979999,90.878555,0.05160749,0.485,0.441,0.389,-2.398,-2.248,-0.54800004
2023-12-25 06:00:00,-0.598,90.91447,0.053318083,0.485,0.441,0.389,-2.398,-2.198,-0.54800004
2023-12-25 07:00:00,0.552,92.33288,0.048912525,0.485,0.441,0.389,-2.348,-2.198,-0.54800004
2023-12-25 08:00:00,0.652,93.35199,0.04271865,0.485,0.441,0.39,-2.348,-2.198,-0.54800004
2023-12-25 09:00:00,0.552,93.68684,0.040275216,0.485,0.441,0.39,-2.348,-2.198,-0.54800004
2023-12-25 10:00:00,0.502,94.02568,0.037976086,0.484,0.441,0.39,-2.348,-2.198,-0.54800004
2023-12-25 11:00:00,0.15200001,95.38922,0.028575659,0.484,0.441,0.39,-2.348,-2.198,-0.54800004
2023-12-25 12:00:00,0.0020000003,95.731926,0.026165545,0.484,0.441,0.39,-2.2979999,-2.198,-0.54800004
2023-12-25 13:00:00,-0.198,95.37621,0.027937293,0.484,0.441,0.39,-2.2979999,-2.198,-0.54800004
2023-12-25 14:00:00,-0.048,93.99938,0.03665328,0.484,0.441,0.39,-2.2979999,-2.198,-0.54800004
2023-12-25 15:00:00,0.45200002,93.6818,0.04001695,0.484,0.441,0.39,-2.2979999,-2.198,-0.54800004
2023-12-25 16:00:00,1.052,92.69868,0.048288763,0.486,0.441,0.39,-2.2979999,-2.198,-0.54800004
2023-12-25 17:00:00,1.852,90.105865,0.0692997,0.496,0.441,0.39,-2.2979999,-2.198,-0.54800004
2023-12-25 18:00:00,2.602,87.29005,0.093907475,0.507,0.441,0.39,-2.248,-2.198,-0.54800004
2023-12-25 19:00:00,2.802,85.4419,0.10909939,0.511,0.441,0.39,-2.248,-2.198,-0.54800004
2023-12-25 20:00:00,3.302,82.1759,0.13838434,0.517,0.442,0.39,-2.248,-2.198,-0.54800004
2023-12-25 21:00:00,3.4520001,82.19565,0.13970226,0.516,0.446,0.39,-2.248,-2.198,-0.54800004
2023-12-25 22:00:00,3.552,84.00266,0.12641215,0.517,0.449,0.39,-2.248,-2.198,-0.54800004
2023-12-25 23:00:00,3.502,86.13404,0.10918492,0.52,0.453,0.39,-2.248,-2.198,-0.54800004
2023-12-26 00:00:00,2.7020001,91.473625,0.06344664,0.52,0.459,0.39,-2.248,-2.148,-0.54800004
2023-12-26 01:00:00,0.70199996,91.672264,0.053705275,0.509,0.464,0.39,-2.198,-2.148,-0.54800004
2023-12-26 02:00:00,-0.99799997,87.257164,0.07262489,0.508,0.464,0.39,-2.198,-2.148,-0.54800004
2023-12-26 03:00:00,-2.198,85.83963,0.07388264,0.507,0.464,0.39,-2.198,-2.148,-0.54800004
2023-12-26 04:00:00,-2.848,83.84429,0.08032498,0.506,0.464,0.39,-2.198,-2.148,-0.54800004
2023-12-26 05:00:00,-3.198,82.536606,0.08459133,0.506,0.465,0.39,-2.198,-2.148,-0.54800004
2023-12-26 06:00:00,-3.498,81.86965,0.08587551,0.505,0.465,0.39,-2.198,-2.148,-0.54800004
2023-12-26 07:00:00,-3.698,79.98386,0.09339711,0.505,0.465,0.39,-2.198,-2.148,-0.54800004
2023-12-26 08:00:00,-3.898,79.64734,0.093553394,0.504,0.465,0.39,-2.198,-2.148,-0.54800004
2023-12-26 09:00:00,-3.9980001,78.71842,0.09709048,0.503,0.465,0.39,-2.248,-2.148,-0.54800004
2023-12-26 10:00:00,-4.048,78.106384,0.09950751,0.503,0.465,0.39,-2.248,-2.148,-0.54800004
2023-12-26 11:00:00,-4.098,78.39988,0.09780565,0.502,0.465,0.39,-2.248,-2.148,-0.54800004
2023-12-26 12:00:00,-4.098,78.70254,0.09643555,0.502,0.465,0.39,-2.248,-2.148,-0.54800004
2023-12-26 13:00:00,-4.098,79.006256,0.095060706,0.501,0.465,0.39,-2.248,-2.148,-0.54800004
2023-12-26 14:00:00,-4.098,79.92363,0.09090778,0.501,0.465,0.39,-2.248,-2.148,-0.54800004
2023-12-26 15:00:00,-4.098,81.16155,0.085303605,0.501,0.465,0.39,-2.248,-2.148,-0.54800004
2023-12-26 16:00:00,-3.9980001,81.487724,0.084459156,0.5,0.465,0.39,-2.248,-2.148,-0.54800004
2023-12-26 17:00:00,-3.848,81.821434,0.083876014,0.5,0.465,0.39,-2.248,-2.148,-0.54800004
2023-12-26 18:00:00,-3.748,82.77901,0.08005661,0.499,0.465,0.39,-2.248,-2.098,-0.54800004
2023-12-26 19:00:00,-3.598,82.483376,0.08235067,0.499,0.465,0.391,-2.248,-2.098,-0.54800004
2023-12-26 20:00:00,-3.2979999,83.15377,0.08099568,0.498,0.465,0.391,-2.248,-2.098,-0.54800004
2023-12-26 21:00:00,-2.848,84.80145,0.07556671,0.498,0.465,0.391,-2.248,-2.098,-0.54800004
2023-12-26 22:00:00,-2.348,86.796394,0.06813079,0.498,0.465,0.391,-2.248,-2.098,-0.54800004
2023-12-26 23:00:00,-1.898,86.51799,0.07191983,0.497,0.465,0.391,-2.248,-2.098,-0.54800004
2023-12-27 00:00:00,-1.8479999,86.199974,0.07388803,0.497,0.465,0.391,-2.248,-2.098,-0.54800004
2023-12-27 01:00:00,-2.0479999,85.85602,0.07461986,0.497,0.465,0.391,-2.248,-2.098,-0.54800004
2023-12-27 02:00:00,-2.248,86.4814,0.070274204,0.496,0.465,0.391,-2.248,-2.098,-0.54800004
2023-12-27 03:00:00,-2.2979999,88.44467,0.059847623,0.496,0.464,0.391,-2.248,-2.098,-0.54800004
2023-12-27 04:00:00,-2.0479999,90.134895,0.052047372,0.496,0.464,0.391,-2.248,-2.098,-0.54800004
2023-12-27 05:00:00,-1.548,90.84604,0.05010864,0.495,0.464,0.391,-2.248,-2.098,-0.54800004
2023-12-27 06:00:00,-0.79800004,90.90013,0.0526281,0.495,0.464,0.391,-2.198,-2.098,-0.54800004
2023-12-27 07:00:00,0.352,90.65019,0.058790326,0.495,0.464,0.391,-2.198,-2.098,-0.54800004
2023-12-27 08:00:00,0.602,90.33824,0.061859787,0.494,0.464,0.391,-2.198,-2.098,-0.54800004
2023-12-27 09:00:00,0.652,90.67216,0.059938014,0.494,0.464,0.391,-2.198,-2.098,-0.54800004
2023-12-27 10:00:00,0.70199996,91.00689,0.057996094,0.494,0.464,0.391,-2.198,-2.098,-0.54800004
2023-12-27 11:00:00,0.552,91.66243,0.053189576,0.493,0.464,0.391,-2.198,-2.098,-0.54800004
2023-12-27 12:00:00,0.402,91.31858,0.05478561,0.493,0.464,0.391,-2.198,-2.098,-0.54800004
2023-12-27 13:00:00,0.102,91.298065,0.05373478,0.493,0.464,0.391,-2.148,-2.098,-0.54800004
2023-12-27 14:00:00,-0.198,91.27746,0.052701235,0.493,0.464,0.391,-2.148,-2.098,-0.54800004
2023-12-27 15:00:00,-0.348,90.93235,0.05419159,0.492,0.464,0.391,-2.148,-2.098,-0.54800004
2023-12-27 16:00:00,-0.54800004,90.58386,0.055460095,0.492,0.464,0.391,-2.148,-2.0479999,-0.54800004
2023-12-27 17:00:00,-0.698,90.57275,0.05492115,0.492,0.464,0.391,-2.148,-2.0479999,-0.54800004
2023-12-27 18:00:00,-0.898,90.557884,0.05420959,0.492,0.464,0.391,-2.148,-2.0479999,-0.54800004
2023-12-27 19:00:00,-0.848,91.232574,0.05052054,0.491,0.464,0.391,-2.148,-2.0479999,-0.54800004
2023-12-27 20:00:00,-1.0979999,90.20852,0.055398226,0.491,0.464,0.392,-2.148,-2.0479999,-0.54800004
2023-12-27 21:00:00,-1.448,89.5141,0.057822645,0.491,0.464,0.392,-2.148,-2.0479999,-0.54800004
2023-12-27 22:00:00,-1.798,89.48522,0.056507498,0.49,0.464,0.392,-2.148,-2.0479999,-0.54800004
2023-12-27 23:00:00,-1.948,89.139534,0.057723016,0.49,0.463,0.392,-2.148,-2.0479999,-0.54800004
2023-12-28 00:00:00,-1.798,89.15231,0.058296442,0.49,0.463,0.392,-2.148,-2.0479999,-0.54800004
2023-12-28 01:00:00,-1.448,90.18148,0.054142743,0.49,0.463,0.392,-2.098,-2.0479999,-0.54800004
2023-12-28 02:00:00,-1.048,90.212364,0.055579662,0.489,0.463,0.392,-2.098,-2.0479999,-0.54800004
2023-12-28 03:00:00,-0.99799997,89.22012,0.061438262,0.489,0.463,0.392,-2.098,-2.0479999,-0.54800004
2023-12-28 04:00:00,-1.198,89.203224,0.06063944,0.489,0.463,0.392,-2.098,-2.0479999,-0.54800004
2023-12-28 05:00:00,-1.048,88.885925,0.063111365,0.489,0.463,0.392,-2.098,-2.0479999,-0.54800004
2023-12-28 06:00:00,-0.79800004,88.9076,0.06415087,0.489,0.463,0.392,-2.098,-2.0479999,-0.54800004
2023-12-28 07:00:00,-0.098000005,89.95424,0.06113839,0.488,0.463,0.392,-2.098,-2.0479999,-0.54800004
2023-12-28 08:00:00,0.102,91.63279,0.05166787,0.488,0.463,0.392,-2.098,-2.0479999,-0.54800004
2023-12-28 09:00:00,0.352,91.98446,0.050400972,0.488,0.463,0.392,-2.098,-2.0479999,-0.54800004
2023-12-28 10:00:00,0.552,92.33288,0.048912525,0.488,0.463,0.392,-2.098,-2.0479999,-0.54800004
2023-12-28 11:00:00,0.602,92.67262,0.04691428,0.487,0.463,0.392,-2.098,-2.0479999,-0.54800004
2023-12-28 12:00:00,0.70199996,92.67842,0.047216773,0.487,0.463,0.392,-2.098,-2.0479999,-0.54800004
2023-12-28 13:00:00,0.752,93.018745,0.04518479,0.487,0.463,0.392,-2.098,-1.9979999,-0.54800004
2023-12-28 14:00:00,0.752,93.35727,0.042993844,0.487,0.463,0.392,-2.0479999,-1.9979999,-0.54800004
2023-12-28 15:00:00,0.802,94.03995,0.038714767,0.488,0.462,0.392,-2.0479999,-1.9979999,-0.54800004
2023-12-28 16:00:00,0.95199996,94.38835,0.03684795,0.491,0.462,0.392,-2.0479999,-1.9979999,-0.54800004
2023-12-28 17:00:00,1.102,95.080086,0.03265637,0.496,0.462,0.392,-2.0479999,-1.9979999,-0.54800004
2023-12-28 18:00:00,1.2520001,95.08597,0.032970726,0.502,0.462,0.392,-2.0479999,-1.9979999,-0.54800004
2023-12-28 19:00:00,1.7520001,88.481766,0.08009988,0.505,0.463,0.392,-2.0479999,-1.9979999,-0.54800004
2023-12-28 20:00:00,2.2020001,85.68582,0.10279232,0.509,0.463,0.392,-2.0479999,-1.9979999,-0.54800004
2023-12-28 21:00:00,2.602,82.681274,0.12795734,0.514,0.463,0.392,-2.0479999,-1.9979999,-0.54800004
2023-12-28 22:00:00,2.802,80.34139,0.14732039,0.517,0.464,0.392,-2.0479999,-1.9979999,-0.54800004
2023-12-28 23:00:00,2.902,78.90887,0.15917915,0.514,0.467,0.393,-2.0479999,-1.9979999,-0.54800004
2023-12-29 00:00:00,2.252,84.764366,0.10979962,0.519,0.469,0.393,-1.9979999,-1.9979999,-0.54800004
2023-12-29 01:00:00,1.452,93.73182,0.04266423,0.512,0.474,0.393,-1.9979999,-1.9979999,-0.54800004
2023-12-29 02:00:00,1.052,96.11434,0.0256989,0.51,0.477,0.393,-1.9979999,-1.9979999,-0.54800004
2023-12-29 03:00:00,0.45200002,91.99079,0.05072683,0.509,0.477,0.393,-1.9979999,-1.9979999,-0.54800004
2023-12-29 04:00:00,-0.49800003,88.605965,0.06735402,0.508,0.477,0.393,-1.9979999,-1.9979999,-0.54800004
2023-12-29 05:00:00,-1.448,86.242516,0.075861394,0.507,0.477,0.393,-1.9979999,-1.9979999,-0.54800004
2023-12-29 06:00:00,-1.698,83.98555,0.08669591,0.506,0.477,0.393,-1.9979999,-1.9979999,-0.54800004
2023-12-29 07:00:00,-1.2479999,86.26372,0.07686502,0.506,0.477,0.393,-1.9979999,-1.9979999,-0.54800004
2023-12-29 08:00:00,-1.5979999,85.26502,0.08035964,0.505,0.477,0.393,-1.9979999,-1.948,-0.54800004
2023-12-29 09:00:00,-2.598,83.87515,0.08167443,0.504,0.477,0.393,-1.9979999,-1.948,-0.54800004
2023-12-29 10:00:00,-3.448,82.189415,0.08467725,0.503,0.477,0.393,-1.9979999,-1.948,-0.54800004
2023-12-29 11:00:00,-4.148,82.40979,0.07935366,0.503,0.477,0.393,-1.9979999,-1.948,-0.54800004
2023-12-29 12:00:00,-4.598,83.30504,0.07280481,0.502,0.477,0.393,-1.9979999,-1.948,-0.54800004
2023-12-29 13:00:00,-4.898,83.91051,0.06859174,0.502,0.477,0.394,-1.9979999,-1.948,-0.54800004
2023-12-29 14:00:00,-5.598,83.82321,0.06539467,0.501,0.477,0.394,-1.9979999,-1.948,-0.54800004
2023-12-29 15:00:00,-6.548,82.4052,0.06614244,0.501,0.477,0.394,-1.9979999,-1.948,-0.54800004
2023-12-29 16:00:00,-7.498,81.62904,0.06418231,0.5,0.476,0.394,-2.0479999,-1.948,-0.54800004
2023-12-29 17:00:00,-8.298,80.86971,0.06280729,0.5,0.476,0.394,-2.0479999,-1.948,-0.54800004
2023-12-29 18:00:00,-8.848,80.46621,0.061433643,0.499,0.476,0.394,-2.0479999,-1.948,-0.54800004
2023-12-29 19:00:00,-7.898,80.60819,0.06567854,0.499,0.476,0.394,-2.0479999,-1.948,-0.54800004
2023-12-29 20:00:00,-7.848,80.93575,0.06482065,0.498,0.476,0.394,-2.0479999,-1.948,-0.54800004
2023-12-29 21:00:00,-7.948,81.56522,0.062196016,0.498,0.476,0.394,-2.0479999,-1.948,-0.54800004
2023-12-29 22:00:00,-7.998,81.88198,0.060890466,0.497,0.476,0.394,-2.098,-1.948,-0.54800004
2023-12-29 23:00:00,-8.198,82.17942,0.05896631,0.497,0.476,0.394,-2.098,-1.948,-0.54800004
2023-12-30 00:00:00,-8.398,81.82584,0.05920559,0.497,0.476,0.394,-2.098,-1.948,-0.54800004
2023-12-30 01:00:00,-8.398,81.17744,0.061317205,0.496,0.475,0.394,-2.098,-1.948,-0.54800004
2023-12-30 02:00:00,-8.198,81.20644,0.06218475,0.496,0.475,0.394,-2.098,-1.948,-0.54800004
2023-12-30 03:00:00,-7.798,82.234535,0.06064084,0.496,0.475,0.394,-2.098,-1.948,-0.54800004
2023-12-30 04:00:00,-7.298,83.280304,0.059325457,0.495,0.475,0.395,-2.098,-1.948,-0.54800004
2023-12-30 05:00:00,-6.498,82.73479,0.06515333,0.495,0.475,0.395,-2.098,-1.948,-0.54800004
2023-12-30 06:00:00,-5.798,81.86732,0.07219064,0.495,0.475,0.395,-2.148,-1.948,-0.54800004
2023-12-30 07:00:00,-4.398,82.69327,0.07661936,0.494,0.475,0.395,-2.148,-1.948,-0.54800004
2023-12-30 08:00:00,-3.898,83.39449,0.07633242,0.494,0.475,0.395,-2.148,-1.948,-0.54800004
2023-12-30 09:00:00,-3.498,84.72516,0.07235238,0.494,0.474,0.395,-2.098,-1.948,-0.54800004
2023-12-30 10:00:00,-3.148,86.38665,0.06619099,0.493,0.474,0.395,-2.098,-1.948,-0.54800004
2023-12-30 11:00:00,-2.898,87.7267,0.060797572,0.493,0.474,0.395,-2.098,-1.948,-0.54800004
2023-12-30 12:00:00,-2.7979999,88.732414,0.05623269,0.493,0.474,0.395,-2.098,-1.948,-0.54800004
2023-12-30 13:00:00,-2.648,89.4146,0.053420424,0.492,0.474,0.395,-2.098,-1.948,-0.54800004
2023-12-30 14:00:00,-2.498,89.76287,0.052241176,0.492,0.474,0.395,-2.098,-1.948,-0.54800004
2023-12-30 15:00:00,-2.448,90.44153,0.048959285,0.492,0.474,0.395,-2.098,-1.948,-0.54800004
2023-12-30 16:00:00,-2.348,89.10534,0.05621767,0.492,0.474,0.395,-2.098,-1.898,-0.54800004
2023-12-30 17:00:00,-2.498,91.80101,0.041841,0.491,0.473,0.395,-2.098,-1.898,-0.54800004
2023-12-30 18:00:00,-2.748,89.40624,0.05306703,0.491,0.473,0.395,-2.098,-1.898,-0.54800004
2023-12-30 19:00:00,-2.848,88.06255,0.059354365,0.491,0.473,0.395,-2.098,-1.898,-0.54800004
2023-12-30 20:00:00,-3.248,87.362114,0.060991913,0.491,0.473,0.396,-2.098,-1.898,-0.54800004
2023-12-30 21:00:00,-3.5479999,87.0019,0.061339676,0.49,0.473,0.396,-2.098,-1.898,-0.54800004
2023-12-30 22:00:00,-3.848,86.31226,0.06315836,0.49,0.473,0.396,-2.098,-1.898,-0.54800004
2023-12-30 23:00:00,-4.298,85.60735,0.06420219,0.49,0.473,0.396,-2.098,-1.898,-0.54800004
2023-12-31 00:00:00,-4.798,84.5709,0.06627643,0.49,0.473,0.396,-2.098,-1.898,-0.54800004
2023-12-31 01:00:00,-5.548,83.50544,0.066933274,0.489,0.472,0.396,-2.098,-1.898,-0.54800004
2023-12-31 02:00:00,-6.448,82.741455,0.06537855,0.489,0.472,0.396,-2.098,-1.898,-0.54800004
2023-12-31 03:00:00,-7.198,82.31676,0.06322998,0.489,0.472,0.396,-2.098,-1.898,-0.54800004
2023-12-31 04:00:00,-8.148,83.16933,0.05590886,0.489,0.472,0.396,-2.098,-1.898,-0.54800004
2023-12-31 05:00:00,-8.498,82.79372,0.05561763,0.488,0.472,0.396,-2.098,-1.898,-0.54800004
2023-12-31 06:00:00,-8.248,81.846924,0.059832603,0.488,0.472,0.396,-2.098,-1.898,-0.54800004
2023-12-31 07:00:00,-7.148,83.29977,0.059946835,0.488,0.472,0.396,-2.098,-1.898,-0.54800004
2023-12-31 08:00:00,-6.398,83.39663,0.06313881,0.488,0.472,0.396,-2.098,-1.898,-0.54800004
2023-12-31 09:00:00,-5.848,84.1177,0.06299251,0.487,0.471,0.396,-2.098,-1.898,-0.54800004
2023-12-31 10:00:00,-5.398,85.48347,0.05958405,0.487,0.471,0.396,-2.098,-1.898,-0.54800004
2023-12-31 11:00:00,-5.248,88.173004,0.049102545,0.487,0.471,0.396,-2.098,-1.898,-0.54800004
2023-12-31 12:00:00,-4.998,90.24546,0.04127422,0.487,0.471,0.396,-2.098,-1.898,-0.54800004
2023-12-31 13:00:00,-4.248,92.03359,0.035672665,0.487,0.471,0.396,-2.098,-1.898,-0.54800004
2023-12-31 14:00:00,-3.348,93.48624,0.031204104,0.486,0.471,0.397,-2.098,-1.898,-0.54800004
2023-12-31 15:00:00,-2.248,94.242355,0.029931962,0.486,0.471,0.397,-2.098,-1.898,-0.54800004
2023-12-31 16:00:00,-1.448,94.27937,0.031546354,0.486,0.471,0.397,-2.098,-1.898,-0.54800004
2023-12-31 17:00:00,-0.948,93.95599,0.03457421,0.486,0.47,0.397,-2.098,-1.898,-0.54800004
2023-12-31 18:00:00,-0.748,93.620995,0.037027895,0.486,0.47,0.397,-2.098,-1.898,-0.54800004
2023-12-31 19:00:00,-0.54800004,93.97534,0.035485387,0.485,0.47,0.397,-2.098,-1.898,-0.54800004
2023-12-31 20:00:00,-0.448,93.293526,0.039790094,0.485,0.47,0.397,-2.098,-1.898,-0.54800004
2023-12-31 21:00:00,-0.54800004,92.946266,0.041546404,0.485,0.47,0.397,-2.098,-1.898,-0.54800004
2023-12-31 22:00:00,-0.598,91.92399,0.047394037,0.485,0.47,0.397,-2.0479999,-1.898,-0.54800004
2023-12-31 23:00:00,-0.79800004,91.91118,0.046781123,0.485,0.47,0.397,-2.0479999,-1.898,-0.54800004
