date,temperature_2m,relative_humidity_2m,vapour_pressure_deficit,soil_moisture_0_to_7cm,soil_moisture_7_to_28cm,soil_moisture_28_to_100cm,soil_temperature_0_to_7cm,soil_temperature_7_to_28cm,soil_temperature_28_to_100cm
2019-01-01 00:00:00,-14.048,86.58379,0.027815834,0.421,0.409,0.375,-2.348,-1.948,0.252
2019-01-01 01:00:00,-13.948,86.59473,0.028021991,0.421,0.409,0.375,-2.348,-1.948,0.252
2019-01-01 02:00:00,-14.098,86.93824,0.026970342,0.421,0.409,0.375,-2.348,-1.948,0.252
2019-01-01 03:00:00,-13.998,86.94891,0.02717024,0.421,0.409,0.375,-2.348,-1.948,0.252
2019-01-01 04:00:00,-13.948,86.59473,0.028021991,0.421,0.409,0.375,-2.348,-1.948,0.252
2019-01-01 05:00:00,-13.448,84.878075,0.032928154,0.421,0.409,0.375,-2.348,-1.948,0.252
2019-01-01 06:00:00,-12.998,83.19971,0.037946567,0.421,0.409,0.375,-2.348,-1.948,0.252
2019-01-01 07:00:00,-12.798,82.20331,0.040854186,0.421,0.409,0.375,-2.348,-1.948,0.252
2019-01-01 08:00:00,-12.348,81.25779,0.044619992,0.421,0.409,0.375,-2.348,-1.948,0.252
2019-01-01 09:00:00,-12.248,81.27248,0.044946507,0.421,0.409,0.375,-2.348,-1.948,0.252
2019-01-01 10:00:00,-12.448,81.91476,0.04270993,0.421,0.409,0.375,-2.348,-1.948,0.252
2019-01-01 11:00:00,-13.048,83.19303,0.037807673,0.421,0.409,0.375,-2.348,-1.948,0.252
2019-01-01 12:00:00,-13.648,83.805084,0.034692556,0.421,0.409,0.375,-2.348,-1.948,0.252
2019-01-01 13:00:00,-14.548,83.68777,0.03245619,0.421,0.409,0.375,-2.348,-1.948,0.252
2019-01-01 14:00:00,-15.298,83.589035,0.030689567,0.421,0.409,0.376,-2.348,-1.948,0.252
2019-01-01 15:00:00,-15.698,83.88949,0.029142976,0.421,0.409,0.376,-2.348,-1.898,0.252
2019-01-01 16:00:00,-15.948,84.212364,0.027970284,0.421,0.409,0.376,-2.348,-1.898,0.252
2019-01-01 17:00:00,-16.198,85.25683,0.025580779,0.421,0.409,0.376,-2.348,-1.898,0.252
2019-01-01 18:00:00,-16.398,85.59483,0.024579614,0.421,0.409,0.376,-2.348,-1.898,0.252
2019-01-01 19:00:00,-16.598,85.20855,0.024818778,0.421,0.409,0.376,-2.348,-1.898,0.252
2019-01-01 20:00:00,-16.798,84.82251,0.025041968,0.421,0.409,0.376,-2.348,-1.898,0.252
2019-01-01 21:00:00,-16.648,85.2025,0.02472496,0.42,0.409,0.376,-2.348,-1.898,0.252
2019-01-01 22:00:00,-16.798,85.184326,0.024445236,0.42,0.409,0.376,-2.348,-1.898,0.252
2019-01-01 23:00:00,-16.648,85.2025,0.02472496,0.42,0.409,0.376,-2.348,-1.898,0.252
2019-01-02 00:00:00,-16.598,85.20855,0.024818778,0.42,0.409,0.376,-2.348,-1.898,0.252
2019-01-02 01:00:00,-16.598,85.20855,0.024818778,0.42,0.409,0.376,-2.348,-1.898,0.202
2019-01-02 02:00:00,-16.348,85.23875,0.02529268,0.42,0.409,0.376,-2.348,-1.898,0.202
2019-01-02 03:00:00,-16.198,85.25683,0.025580779,0.42,0.409,0.376,-2.348,-1.898,0.202
2019-01-02 04:00:00,-16.048,85.63603,0.025237426,0.42,0.409,0.376,-2.398,-1.898,0.202
2019-01-02 05:00:00,-15.698,85.31684,0.026561946,0.42,0.409,0.376,-2.398,-1.898,0.202
2019-01-02 06:00:00,-14.998,82.23503,0.03405638,0.42,0.409,0.376,-2.398,-1.898,0.202
2019-01-02 07:00:00,-13.998,80.33895,0.040924817,0.42,0.409,0.376,-2.398,-1.898,0.202
2019-01-02 08:00:00,-13.848,79.361595,0.04348941,0.42,0.409,0.376,-2.348,-1.898,0.202
2019-01-02 09:00:00,-13.748,78.71733,0.04521483,0.42,0.409,0.376,-2.348,-1.898,0.202
2019-01-02 10:00:00,-13.698,78.39737,0.046082273,0.42,0.409,0.376,-2.348,-1.898,0.202
2019-01-02 11:00:00,-13.798,79.038734,0.04435052,0.42,0.409,0.376,-2.348,-1.898,0.202
2019-01-02 12:00:00,-14.048,82.026215,0.037261203,0.42,0.409,0.376,-2.348,-1.898,0.202
2019-01-02 13:00:00,-14.198,83.038155,0.03473392,0.42,0.409,0.376,-2.348,-1.898,0.202
2019-01-02 14:00:00,-14.348,83.01781,0.03434947,0.42,0.409,0.376,-2.348,-1.898,0.202
2019-01-02 15:00:00,-14.598,83.33185,0.03302771,0.42,0.409,0.376,-2.348,-1.898,0.202
2019-01-02 16:00:00,-15.048,83.62203,0.03126888,0.42,0.409,0.376,-2.348,-1.898,0.202
2019-01-02 17:00:00,-15.248,83.94795,0.03014335,0.42,0.409,0.376,-2.348,-1.898,0.202
2019-01-02 18:00:00,-15.098,82.220856,0.033802643,0.42,0.409,0.376,-2.348,-1.898,0.202
2019-01-02 19:00:00,-14.148,82.35499,0.036280945,0.42,0.409,0.376,-2.348,-1.898,0.202
2019-01-02 20:00:00,-14.648,84.02542,0.031523705,0.42,0.409,0.376,-2.348,-1.898,0.202
2019-01-02 21:00:00,-14.848,84.70621,0.02968663,0.42,0.408,0.376,-2.348,-1.898,0.202
2019-01-02 22:00:00,-15.048,85.39434,0.02788639,0.42,0.408,0.376,-2.348,-1.898,0.202
2019-01-02 23:00:00,-15.398,86.07285,0.025831014,0.42,0.408,0.376,-2.348,-1.898,0.202
2019-01-03 00:00:00,-15.698,86.038635,0.025256678,0.42,0.408,0.376,-2.398,-1.898,0.202
2019-01-03 01:00:00,-15.648,86.04434,0.025351599,0.42,0.408,0.376,-2.398,-1.898,0.202
2019-01-03 02:00:00,-15.648,86.04434,0.025351599,0.42,0.408,0.376,-2.398,-1.898,0.202
2019-01-03 03:00:00,-15.748,86.032906,0.025162056,0.42,0.408,0.376,-2.398,-1.898,0.202
2019-01-03 04:00:00,-15.848,86.02148,0.02497372,0.42,0.408,0.376,-2.398,-1.898,0.202
2019-01-03 05:00:00,-15.148,85.74118,0.02699992,0.42,0.408,0.376,-2.398,-1.898,0.202
2019-01-03 06:00:00,-14.598,82.98381,0.033717036,0.42,0.408,0.376,-2.398,-1.898,0.202
2019-01-03 07:00:00,-14.198,82.34795,0.03614667,0.42,0.408,0.376,-2.398,-1.898,0.202
2019-01-03 08:00:00,-13.998,81.35181,0.03881751,0.42,0.408,0.376,-2.348,-1.898,0.202
2019-01-03 09:00:00,-13.798,80.36982,0.04153554,0.42,0.408,0.376,-2.348,-1.898,0.202
2019-01-03 10:00:00,-13.848,80.02737,0.042087182,0.42,0.408,0.376,-2.348,-1.898,0.202
2019-01-03 11:00:00,-13.948,80.682915,0.04037434,0.42,0.408,0.376,-2.348,-1.898,0.202
2019-01-03 12:00:00,-14.098,82.70621,0.035705328,0.42,0.408,0.376,-2.348,-1.898,0.202
2019-01-03 13:00:00,-14.298,83.0246,0.03447719,0.42,0.408,0.376,-2.348,-1.898,0.202
2019-01-03 14:00:00,-14.498,82.99744,0.033968776,0.42,0.408,0.376,-2.348,-1.898,0.202
2019-01-03 15:00:00,-14.898,83.29167,0.03229755,0.42,0.408,0.376,-2.348,-1.898,0.202
2019-01-03 16:00:00,-14.998,83.62861,0.0313859,0.42,0.408,0.376,-2.348,-1.898,0.202
2019-01-03 17:00:00,-15.198,83.95442,0.03025636,0.42,0.408,0.376,-2.348,-1.898,0.202
2019-01-03 18:00:00,-15.648,84.250694,0.02860865,0.42,0.408,0.376,-2.348,-1.898,0.202
2019-01-03 19:00:00,-15.648,84.250694,0.02860865,0.42,0.408,0.376,-2.348,-1.898,0.202
2019-01-03 20:00:00,-16.148,84.90278,0.026304588,0.42,0.408,0.376,-2.348,-1.898,0.202
2019-01-03 21:00:00,-16.448,85.22667,0.025102153,0.42,0.408,0.376,-2.348,-1.898,0.202
2019-01-03 22:00:00,-16.798,85.184326,0.024445236,0.42,0.408,0.376,-2.348,-1.898,0.202
2019-01-03 23:00:00,-16.948,84.80388,0.024758264,0.42,0.408,0.376,-2.348,-1.898,0.202
2019-01-04 00:00:00,-17.198,84.77279,0.024291635,0.42,0.408,0.376,-2.398,-1.898,0.202
2019-01-04 01:00:00,-17.398,84.38581,0.024491519,0.42,0.408,0.376,-2.398,-1.898,0.202
2019-01-04 02:00:00,-17.398,84.38581,0.024491519,0.42,0.408,0.376,-2.398,-1.898,0.202
2019-01-04 03:00:00,-17.948,84.31542,0.023481429,0.42,0.408,0.376,-2.398,-1.898,0.202
2019-01-04 04:00:00,-18.548,83.512,0.023453616,0.42,0.408,0.376,-2.398,-1.898,0.202
2019-01-04 05:00:00,-18.248,83.55233,0.024002813,0.42,0.408,0.376,-2.398,-1.898,0.202
2019-01-04 06:00:00,-16.798,84.103,0.026228651,0.42,0.408,0.376,-2.398,-1.898,0.202
2019-01-04 07:00:00,-15.448,81.13626,0.034837782,0.42,0.408,0.376,-2.398,-1.898,0.202
2019-01-04 08:00:00,-14.898,79.862045,0.038923785,0.42,0.408,0.376,-2.398,-1.898,0.202
2019-01-04 09:00:00,-14.398,79.27274,0.041748673,0.42,0.408,0.376,-2.398,-1.898,0.202
2019-01-04 10:00:00,-14.248,79.29703,0.04221727,0.42,0.408,0.376,-2.398,-1.898,0.202
2019-01-04 11:00:00,-14.498,81.96183,0.036036864,0.42,0.408,0.376,-2.398,-1.898,0.202
2019-01-04 12:00:00,-15.248,83.59563,0.030804679,0.42,0.408,0.376,-2.398,-1.898,0.202
2019-01-04 13:00:00,-15.948,84.569176,0.0273384,0.42,0.408,0.376,-2.398,-1.898,0.202
2019-01-04 14:00:00,-16.098,85.26886,0.025774434,0.42,0.408,0.376,-2.398,-1.898,0.202
2019-01-04 15:00:00,-16.198,84.896614,0.026205525,0.42,0.408,0.376,-2.398,-1.898,0.202
2019-01-04 16:00:00,-15.948,84.212364,0.027970284,0.419,0.408,0.376,-2.398,-1.898,0.202
2019-01-04 17:00:00,-15.498,84.625465,0.028278694,0.419,0.408,0.376,-2.398,-1.898,0.202
2019-01-04 18:00:00,-15.048,84.32696,0.029923543,0.419,0.408,0.376,-2.398,-1.898,0.202
2019-01-04 19:00:00,-15.298,85.00682,0.028039217,0.419,0.408,0.376,-2.398,-1.898,0.202
2019-01-04 20:00:00,-15.898,84.57543,0.027441517,0.419,0.408,0.376,-2.398,-1.898,0.202
2019-01-04 21:00:00,-16.498,84.49999,0.026226282,0.419,0.408,0.376,-2.398,-1.898,0.202
2019-01-04 22:00:00,-16.798,84.46206,0.02563645,0.419,0.408,0.376,-2.398,-1.898,0.202
2019-01-04 23:00:00,-16.848,85.17826,0.02435264,0.419,0.408,0.376,-2.398,-1.898,0.202
2019-01-05 00:00:00,-16.848,85.17826,0.02435264,0.419,0.408,0.376,-2.398,-1.898,0.202
2019-01-05 01:00:00,-16.648,85.5653,0.024118975,0.419,0.408,0.376,-2.398,-1.898,0.202
2019-01-05 02:00:00,-16.548,85.577095,0.024302348,0.419,0.408,0.376,-2.398,-1.898,0.202
2019-01-05 03:00:00,-16.848,85.54159,0.023755908,0.419,0.408,0.376,-2.398,-1.898,0.202
2019-01-05 04:00:00,-16.548,85.577095,0.024302348,0.419,0.408,0.376,-2.398,-1.898,0.202
2019-01-05 05:00:00,-15.448,86.067154,0.025734529,0.419,0.408,0.376,-2.398,-1.898,0.202
2019-01-05 06:00:00,-14.498,86.53446,0.026904523,0.419,0.408,0.376,-2.398,-1.898,0.202
2019-01-05 07:00:00,-13.048,86.69251,0.029937774,0.419,0.408,0.376,-2.398,-1.898,0.202
2019-01-05 08:00:00,-12.298,86.06693,0.033308312,0.419,0.408,0.376,-2.398,-1.898,0.202
2019-01-05 09:00:00,-11.548,85.4536,0.03693767,0.419,0.408,0.376,-2.398,-1.898,0.202
2019-01-05 10:00:00,-11.248,85.14253,0.03864497,0.419,0.408,0.376,-2.398,-1.898,0.202
2019-01-05 11:00:00,-11.298,85.830055,0.03671001,0.419,0.408,0.376,-2.398,-1.898,0.202
2019-01-05 12:00:00,-12.048,86.799934,0.032199234,0.419,0.408,0.376,-2.398,-1.898,0.202
2019-01-05 13:00:00,-12.298,86.77319,0.031620383,0.419,0.408,0.376,-2.398,-1.898,0.15200001
2019-01-05 14:00:00,-12.598,86.38644,0.031764805,0.419,0.408,0.376,-2.348,-1.898,0.15200001
2019-01-05 15:00:00,-13.148,85.970924,0.03130506,0.419,0.408,0.376,-2.348,-1.898,0.15200001
2019-01-05 16:00:00,-13.648,86.27005,0.029413745,0.419,0.408,0.376,-2.348,-1.898,0.15200001
2019-01-05 17:00:00,-14.248,85.84524,0.02886869,0.419,0.408,0.376,-2.348,-1.898,0.15200001
2019-01-05 18:00:00,-14.848,85.06146,0.028997302,0.419,0.408,0.376,-2.348,-1.898,0.15200001
2019-01-05 19:00:00,-15.198,86.095604,0.026220202,0.419,0.408,0.376,-2.348,-1.898,0.15200001
2019-01-05 20:00:00,-16.148,84.90278,0.026304588,0.419,0.408,0.376,-2.348,-1.898,0.15200001
2019-01-05 21:00:00,-17.098,82.992744,0.027359784,0.419,0.408,0.376,-2.398,-1.898,0.15200001
2019-01-05 22:00:00,-17.898,80.76387,0.028918102,0.419,0.408,0.376,-2.398,-1.898,0.15200001
2019-01-05 23:00:00,-18.598,78.2339,0.030824669,0.419,0.408,0.376,-2.398,-1.898,0.15200001
2019-01-06 00:00:00,-19.048,76.46144,0.03207258,0.419,0.407,0.376,-2.398,-1.898,0.15200001
2019-01-06 01:00:00,-19.148,75.77391,0.032726407,0.419,0.407,0.376,-2.398,-1.898,0.15200001
2019-01-06 02:00:00,-19.198,76.77037,0.031246796,0.419,0.407,0.376,-2.398,-1.898,0.15200001
2019-01-06 03:00:00,-18.898,78.18215,0.030114628,0.419,0.407,0.376,-2.398,-1.898,0.15200001
2019-01-06 04:00:00,-18.598,79.26365,0.029367298,0.419,0.407,0.376,-2.398,-1.898,0.15200001
2019-01-06 05:00:00,-17.398,78.778305,0.033281848,0.419,0.407,0.376,-2.398,-1.898,0.15200001
2019-01-06 06:00:00,-15.798,78.708626,0.038190275,0.419,0.407,0.376,-2.398,-1.898,0.15200001
2019-01-06 07:00:00,-14.798,77.55445,0.0437413,0.419,0.407,0.376,-2.398,-1.898,0.15200001
2019-01-06 08:00:00,-13.498,76.81017,0.050281033,0.419,0.407,0.376,-2.398,-1.898,0.15200001
2019-01-06 09:00:00,-12.848,77.2457,0.0520176,0.419,0.407,0.376,-2.398,-1.898,0.15200001
2019-01-06 10:00:00,-12.648,78.247505,0.05054152,0.419,0.407,0.376,-2.398,-1.898,0.15200001
2019-01-06 11:00:00,-13.298,80.11319,0.04383184,0.419,0.407,0.376,-2.398,-1.898,0.15200001
2019-01-06 12:00:00,-13.998,81.012924,0.03952259,0.419,0.407,0.376,-2.398,-1.898,0.15200001
2019-01-06 13:00:00,-14.248,81.314896,0.03810434,0.419,0.407,0.376,-2.398,-1.898,0.15200001
2019-01-06 14:00:00,-14.248,81.65563,0.037409782,0.419,0.407,0.376,-2.398,-1.898,0.15200001
2019-01-06 15:00:00,-14.198,82.00478,0.036849096,0.419,0.407,0.376,-2.398,-1.898,0.15200001
2019-01-06 16:00:00,-14.098,82.70621,0.035705328,0.419,0.407,0.376,-2.398,-1.898,0.15200001
2019-01-06 17:00:00,-13.798,83.43832,0.035045445,0.419,0.407,0.376,-2.398,-1.898,0.15200001
2019-01-06 18:00:00,-13.498,83.82454,0.03507799,0.419,0.407,0.376,-2.398,-1.898,0.15200001
2019-01-06 19:00:00,-13.598,83.81159,0.034820616,0.419,0.407,0.376,-2.398,-1.898,0.15200001
2019-01-06 20:00:00,-13.348,84.54019,0.033939287,0.419,0.407,0.376,-2.398,-1.898,0.15200001
2019-01-06 21:00:00,-13.298,84.54639,0.03406416,0.419,0.407,0.376,-2.398,-1.898,0.15200001
2019-01-06 22:00:00,-13.198,84.908455,0.03353831,0.419,0.407,0.376,-2.398,-1.898,0.15200001
2019-01-06 23:00:00,-13.098,84.92061,0.03378512,0.419,0.407,0.376,-2.398,-1.898,0.15200001
2019-01-07 00:00:00,-12.948,84.938774,0.034158304,0.419,0.407,0.376,-2.398,-1.898,0.15200001
2019-01-07 01:00:00,-12.898,84.595924,0.035077766,0.419,0.407,0.376,-2.398,-1.898,0.15200001
2019-01-07 02:00:00,-12.748,84.96296,0.034661427,0.419,0.407,0.376,-2.398,-1.898,0.15200001
2019-01-07 03:00:00,-12.598,84.98106,0.035043,0.419,0.407,0.376,-2.398,-1.898,0.15200001
2019-01-07 04:00:00,-12.098,84.348694,0.038023233,0.419,0.407,0.376,-2.398,-1.898,0.15200001
2019-01-07 05:00:00,-11.448,84.08683,0.04073246,0.419,0.407,0.376,-2.398,-1.898,0.15200001
2019-01-07 06:00:00,-10.498,82.52268,0.048258364,0.419,0.407,0.376,-2.398,-1.898,0.15200001
2019-01-07 07:00:00,-9.748,82.62504,0.050912336,0.419,0.407,0.376,-2.348,-1.898,0.15200001
2019-01-07 08:00:00,-8.848,81.7624,0.057358444,0.419,0.407,0.376,-2.348,-1.898,0.15200001
2019-01-07 09:00:00,-8.498,83.12335,0.054552406,0.419,0.407,0.376,-2.348,-1.898,0.15200001
2019-01-07 10:00:00,-8.348,83.47354,0.05404976,0.419,0.407,0.376,-2.348,-1.898,0.15200001
2019-01-07 11:00:00,-8.248,83.817825,0.05333817,0.419,0.407,0.376,-2.348,-1.898,0.15200001
2019-01-07 12:00:00,-8.398,86.15413,0.045108557,0.419,0.407,0.376,-2.348,-1.898,0.15200001
2019-01-07 13:00:00,-8.548,87.16614,0.04132539,0.419,0.407,0.376,-2.348,-1.898,0.15200001
2019-01-07 14:00:00,-8.548,87.51139,0.040213883,0.419,0.407,0.376,-2.348,-1.898,0.15200001
2019-01-07 15:00:00,-8.648,87.848114,0.038825184,0.419,0.407,0.376,-2.2979999,-1.898,0.15200001
2019-01-07 16:00:00,-8.648,88.196075,0.037713677,0.419,0.407,0.376,-2.2979999,-1.898,0.15200001
2019-01-07 17:00:00,-8.798,88.531425,0.036214918,0.419,0.407,0.376,-2.2979999,-1.898,0.15200001
2019-01-07 18:00:00,-8.898,88.52217,0.03596133,0.419,0.407,0.376,-2.2979999,-1.898,0.15200001
2019-01-07 19:00:00,-9.348,88.832726,0.03377399,0.418,0.407,0.376,-2.2979999,-1.898,0.15200001
2019-01-07 20:00:00,-9.698,89.51125,0.03085941,0.418,0.407,0.376,-2.2979999,-1.898,0.15200001
2019-01-07 21:00:00,-10.048,90.19855,0.02805093,0.418,0.407,0.376,-2.2979999,-1.898,0.15200001
2019-01-07 22:00:00,-10.348,89.814415,0.028465226,0.418,0.407,0.376,-2.2979999,-1.898,0.15200001
2019-01-07 23:00:00,-10.448,89.447014,0.02925855,0.418,0.407,0.376,-2.2979999,-1.898,0.15200001
2019-01-08 00:00:00,-10.498,89.44272,0.02915442,0.418,0.407,0.376,-2.2979999,-1.898,0.15200001
2019-01-08 01:00:00,-10.448,88.73272,0.03123857,0.418,0.407,0.376,-2.2979999,-1.898,0.15200001
2019-01-08 02:00:00,-10.198,88.401,0.032802314,0.418,0.407,0.376,-2.2979999,-1.898,0.15200001
2019-01-08 03:00:00,-10.248,88.3963,0.032685757,0.418,0.407,0.376,-2.2979999,-1.898,0.15200001
2019-01-08 04:00:00,-10.048,87.71056,0.035169855,0.418,0.407,0.376,-2.2979999,-1.898,0.15200001
2019-01-08 05:00:00,-9.348,86.04917,0.04219055,0.418,0.407,0.376,-2.2979999,-1.898,0.15200001
2019-01-08 06:00:00,-8.598,84.10682,0.05097449,0.418,0.407,0.376,-2.2979999,-1.898,0.15200001
2019-01-08 07:00:00,-8.248,81.52249,0.060901612,0.418,0.407,0.376,-2.248,-1.898,0.15200001
2019-01-08 08:00:00,-7.648,80.32673,0.06793678,0.418,0.407,0.376,-2.248,-1.898,0.15200001
2019-01-08 09:00:00,-7.298,79.74697,0.071858674,0.418,0.407,0.376,-2.248,-1.898,0.15200001
2019-01-08 10:00:00,-7.198,80.07774,0.07123354,0.418,0.407,0.376,-2.248,-1.898,0.15200001
2019-01-08 11:00:00,-7.348,82.62096,0.06142652,0.418,0.407,0.376,-2.248,-1.898,0.15200001
2019-01-08 12:00:00,-7.648,85.561005,0.049865544,0.418,0.407,0.376,-2.248,-1.898,0.15200001
2019-01-08 13:00:00,-7.648,87.25791,0.044006348,0.418,0.407,0.376,-2.248,-1.898,0.15200001
2019-01-08 14:00:00,-7.648,88.290375,0.040441185,0.418,0.407,0.376,-2.248,-1.898,0.15200001
2019-01-08 15:00:00,-7.698,88.98031,0.037911534,0.418,0.407,0.376,-2.248,-1.898,0.15200001
2019-01-08 16:00:00,-7.698,88.98031,0.037911534,0.418,0.407,0.376,-2.248,-1.898,0.15200001
2019-01-08 17:00:00,-8.498,89.26037,0.034718335,0.418,0.407,0.376,-2.248,-1.898,0.15200001
2019-01-08 18:00:00,-8.948,89.57492,0.03253579,0.418,0.407,0.376,-2.248,-1.898,0.15200001
2019-01-08 19:00:00,-8.248,87.88702,0.039928228,0.418,0.407,0.376,-2.198,-1.898,0.15200001
2019-01-08 20:00:00,-8.048,88.2528,0.039330274,0.418,0.407,0.376,-2.198,-1.898,0.15200001
2019-01-08 21:00:00,-8.248,89.28201,0.035330623,0.418,0.407,0.376,-2.198,-1.898,0.15200001
2019-01-08 22:00:00,-8.148,89.6422,0.034410417,0.418,0.407,0.376,-2.198,-1.898,0.15200001
2019-01-08 23:00:00,-7.998,90.007126,0.033587873,0.418,0.407,0.376,-2.198,-1.898,0.15200001
2019-01-09 00:00:00,-7.998,90.36073,0.032399505,0.418,0.407,0.376,-2.198,-1.898,0.15200001
2019-01-09 01:00:00,-8.148,90.34901,0.03206262,0.418,0.407,0.376,-2.198,-1.898,0.15200001
2019-01-09 02:00:00,-8.698,90.3058,0.030853212,0.418,0.407,0.376,-2.198,-1.898,0.15200001
2019-01-09 03:00:00,-9.448,90.60527,0.028191239,0.418,0.407,0.376,-2.198,-1.898,0.15200001
2019-01-09 04:00:00,-10.348,90.174484,0.027459115,0.418,0.407,0.376,-2.198,-1.898,0.15200001
2019-01-09 05:00:00,-11.048,87.96519,0.031809166,0.418,0.407,0.376,-2.198,-1.898,0.15200001
2019-01-09 06:00:00,-11.398,86.167534,0.035550117,0.418,0.407,0.376,-2.198,-1.898,0.15200001
2019-01-09 07:00:00,-11.048,83.119484,0.044612736,0.418,0.407,0.376,-2.198,-1.898,0.102
2019-01-09 08:00:00,-11.048,82.11267,0.047272697,0.418,0.407,0.376,-2.198,-1.898,0.102
2019-01-09 09:00:00,-11.198,81.42577,0.048502415,0.418,0.407,0.376,-2.198,-1.898,0.102
2019-01-09 10:00:00,-11.548,81.37488,0.047290847,0.418,0.406,0.376,-2.198,-1.898,0.102
2019-01-09 11:00:00,-12.048,82.64636,0.042327553,0.418,0.406,0.376,-2.198,-1.898,0.102
2019-01-09 12:00:00,-12.598,83.59613,0.03827326,0.418,0.406,0.376,-2.198,-1.898,0.102
2019-01-09 13:00:00,-13.248,84.20409,0.034960553,0.418,0.406,0.376,-2.198,-1.898,0.102
2019-01-09 14:00:00,-13.748,84.49039,0.032954484,0.418,0.406,0.376,-2.198,-1.8479999,0.102
2019-01-09 15:00:00,-14.298,84.421555,0.03164099,0.418,0.406,0.376,-2.198,-1.8479999,0.102
2019-01-09 16:00:00,-14.648,84.37751,0.030829147,0.418,0.406,0.376,-2.198,-1.8479999,0.102
2019-01-09 17:00:00,-14.948,84.69382,0.029466137,0.418,0.406,0.376,-2.198,-1.8479999,0.102
2019-01-09 18:00:00,-15.198,84.6628,0.028921098,0.418,0.406,0.376,-2.198,-1.8479999,0.102
2019-01-09 19:00:00,-15.698,85.31684,0.026561946,0.418,0.406,0.376,-2.198,-1.8479999,0.102
2019-01-09 20:00:00,-15.948,85.286865,0.026067331,0.418,0.406,0.376,-2.198,-1.8479999,0.102
2019-01-09 21:00:00,-16.548,85.577095,0.024302348,0.418,0.406,0.376,-2.198,-1.8479999,0.102
2019-01-09 22:00:00,-17.148,84.77902,0.02438432,0.418,0.406,0.376,-2.248,-1.8479999,0.102
2019-01-09 23:00:00,-17.648,84.35387,0.02402778,0.418,0.406,0.376,-2.248,-1.8479999,0.102
2019-01-10 00:00:00,-18.298,83.9073,0.023385145,0.418,0.406,0.376,-2.248,-1.8479999,0.102
2019-01-10 01:00:00,-18.898,83.10289,0.023326166,0.418,0.406,0.376,-2.248,-1.8479999,0.102
2019-01-10 02:00:00,-19.448,82.66485,0.022825979,0.418,0.406,0.376,-2.248,-1.8479999,0.102
2019-01-10 03:00:00,-19.498,82.657776,0.02273713,0.418,0.406,0.376,-2.248,-1.8479999,0.102
2019-01-10 04:00:00,-19.398,82.67193,0.022915132,0.418,0.406,0.376,-2.248,-1.8479999,0.102
2019-01-10 05:00:00,-18.748,82.76347,0.024102136,0.418,0.406,0.376,-2.248,-1.8479999,0.102
2019-01-10 06:00:00,-17.898,81.464516,0.027865387,0.418,0.406,0.376,-2.2979999,-1.8479999,0.102
2019-01-10 07:00:00,-16.898,80.22678,0.032347366,0.418,0.406,0.376,-2.2979999,-1.8479999,0.102
2019-01-10 08:00:00,-16.048,79.67875,0.0356988,0.418,0.406,0.376,-2.2979999,-1.8479999,0.102
2019-01-10 09:00:00,-15.348,79.11795,0.03888467,0.418,0.406,0.376,-2.2979999,-1.8479999,0.102
2019-01-10 10:00:00,-15.098,78.82501,0.040255547,0.418,0.406,0.376,-2.2979999,-1.8479999,0.102
2019-01-10 11:00:00,-15.048,78.833275,0.040406704,0.418,0.406,0.376,-2.2979999,-1.8479999,0.102
2019-01-10 12:00:00,-15.448,82.17106,0.032927558,0.417,0.406,0.376,-2.2979999,-1.8479999,0.102
2019-01-10 13:00:00,-15.948,82.448395,0.03109403,0.417,0.406,0.376,-2.2979999,-1.8479999,0.102
2019-01-10 14:00:00,-16.398,83.797966,0.027644336,0.417,0.406,0.376,-2.2979999,-1.8479999,0.102
2019-01-10 15:00:00,-16.348,84.5189,0.026525602,0.417,0.406,0.376,-2.2979999,-1.8479999,0.102
2019-01-10 16:00:00,-16.248,84.89045,0.02610682,0.417,0.406,0.376,-2.2979999,-1.8479999,0.102
2019-01-10 17:00:00,-16.248,84.53149,0.026726782,0.417,0.406,0.376,-2.2979999,-1.8479999,0.102
2019-01-10 18:00:00,-16.448,84.14817,0.026933953,0.417,0.406,0.376,-2.2979999,-1.8479999,0.102
2019-01-10 19:00:00,-17.198,84.41128,0.024868116,0.417,0.406,0.376,-2.2979999,-1.8479999,0.102
2019-01-10 20:00:00,-17.598,84.36026,0.024119899,0.417,0.406,0.376,-2.2979999,-1.8479999,0.102
2019-01-10 21:00:00,-17.298,84.398544,0.024679184,0.417,0.406,0.376,-2.2979999,-1.8479999,0.102
2019-01-10 22:00:00,-17.748,84.341064,0.023844436,0.417,0.406,0.376,-2.2979999,-1.8479999,0.102
2019-01-10 23:00:00,-17.598,84.36026,0.024119899,0.417,0.406,0.376,-2.2979999,-1.8479999,0.102
2019-01-11 00:00:00,-17.398,84.38581,0.024491519,0.417,0.406,0.376,-2.2979999,-1.8479999,0.102
2019-01-11 01:00:00,-17.298,84.398544,0.024679184,0.417,0.406,0.376,-2.2979999,-1.8479999,0.102
2019-01-11 02:00:00,-17.298,84.76035,0.024107113,0.417,0.406,0.376,-2.2979999,-1.8479999,0.102
2019-01-11 03:00:00,-17.098,84.78523,0.024477363,0.417,0.406,0.376,-2.2979999,-1.8479999,0.102
2019-01-11 04:00:00,-16.698,84.83488,0.025232762,0.417,0.406,0.376,-2.2979999,-1.8479999,0.102
2019-01-11 05:00:00,-16.148,84.90278,0.026304588,0.417,0.406,0.376,-2.348,-1.8479999,0.102
2019-01-11 06:00:00,-15.248,83.59563,0.030804679,0.417,0.406,0.376,-2.348,-1.8479999,0.102
2019-01-11 07:00:00,-13.948,81.35916,0.03896159,0.417,0.406,0.376,-2.2979999,-1.8479999,0.102
2019-01-11 08:00:00,-13.348,80.10539,0.0436707,0.417,0.406,0.376,-2.2979999,-1.8479999,0.102
2019-01-11 09:00:00,-12.898,78.85723,0.048139572,0.417,0.406,0.376,-2.2979999,-1.8479999,0.102
2019-01-11 10:00:00,-12.698,77.59306,0.05185081,0.417,0.406,0.376,-2.2979999,-1.8479999,0.102
2019-01-11 11:00:00,-12.848,79.52178,0.046816796,0.417,0.406,0.376,-2.2979999,-1.8479999,0.102
2019-01-11 12:00:00,-13.398,82.45984,0.038347885,0.417,0.406,0.376,-2.2979999,-1.8479999,0.102
2019-01-11 13:00:00,-14.348,84.06395,0.032234296,0.417,0.406,0.376,-2.2979999,-1.8479999,0.102
2019-01-11 14:00:00,-15.298,85.00682,0.028039217,0.417,0.406,0.376,-2.2979999,-1.8479999,0.102
2019-01-11 15:00:00,-15.997999,85.28085,0.025969371,0.417,0.406,0.376,-2.2979999,-1.8479999,0.102
2019-01-11 16:00:00,-16.448,84.86579,0.025715098,0.417,0.406,0.376,-2.2979999,-1.8479999,0.102
2019-01-11 17:00:00,-16.548,84.13527,0.02673082,0.417,0.406,0.376,-2.2979999,-1.8479999,0.102
2019-01-11 18:00:00,-16.498,83.7848,0.027435899,0.417,0.406,0.376,-2.2979999,-1.8479999,0.102
2019-01-11 19:00:00,-17.148,85.141785,0.023803413,0.417,0.406,0.376,-2.2979999,-1.8479999,0.102
2019-01-11 20:00:00,-17.798,84.69781,0.023202851,0.417,0.406,0.376,-2.348,-1.8479999,0.102
2019-01-11 21:00:00,-17.798,84.69781,0.023202851,0.417,0.406,0.376,-2.348,-1.8479999,0.102
2019-01-11 22:00:00,-17.348,84.75408,0.024015352,0.417,0.406,0.376,-2.348,-1.8479999,0.102
2019-01-11 23:00:00,-16.998,84.797676,0.024664342,0.417,0.406,0.376,-2.348,-1.8479999,0.102
2019-01-12 00:00:00,-16.798,85.184326,0.024445236,0.417,0.406,0.376,-2.348,-1.8479999,0.102
2019-01-12 01:00:00,-16.598,85.20855,0.024818778,0.417,0.406,0.376,-2.348,-1.8479999,0.102
2019-01-12 02:00:00,-16.298,85.6066,0.024766058,0.417,0.406,0.376,-2.348,-1.8479999,0.102
2019-01-12 03:00:00,-16.048,85.63603,0.025237426,0.417,0.406,0.376,-2.348,-1.8479999,0.102
2019-01-12 04:00:00,-15.848,85.6595,0.025620192,0.417,0.406,0.376,-2.348,-1.8479999,0.102
2019-01-12 05:00:00,-15.298,85.00682,0.028039217,0.417,0.406,0.376,-2.348,-1.8479999,0.102
2019-01-12 06:00:00,-14.648,84.02542,0.031523705,0.417,0.406,0.376,-2.348,-1.8479999,0.102
2019-01-12 07:00:00,-13.898,83.42504,0.034787476,0.417,0.406,0.376,-2.348,-1.8479999,0.102
2019-01-12 08:00:00,-13.198,82.14692,0.039672986,0.417,0.406,0.376,-2.348,-1.8479999,0.102
2019-01-12 09:00:00,-12.598,81.893364,0.0422446,0.417,0.406,0.376,-2.348,-1.8479999,0.102
2019-01-12 10:00:00,-12.198,81.95033,0.043495387,0.417,0.406,0.376,-2.348,-1.8479999,0.102
2019-01-12 11:00:00,-12.098,83.31943,0.04052286,0.417,0.406,0.376,-2.348,-1.8479999,0.102
2019-01-12 12:00:00,-12.248,84.32993,0.037610978,0.417,0.406,0.376,-2.348,-1.8479999,0.102
2019-01-12 13:00:00,-12.398,84.65751,0.036381572,0.417,0.406,0.376,-2.2979999,-1.8479999,0.102
2019-01-12 14:00:00,-12.498,84.9931,0.035299435,0.417,0.406,0.376,-2.2979999,-1.8479999,0.102
2019-01-12 15:00:00,-12.848,85.30093,0.03360893,0.417,0.406,0.376,-2.2979999,-1.8479999,0.102
2019-01-12 16:00:00,-13.048,85.62912,0.032329366,0.417,0.406,0.376,-2.2979999,-1.8479999,0.102
2019-01-12 17:00:00,-13.198,86.32011,0.030402124,0.417,0.406,0.376,-2.2979999,-1.8479999,0.102
2019-01-12 18:00:00,-13.148,86.68169,0.029719457,0.417,0.406,0.376,-2.2979999,-1.8479999,0.102
2019-01-12 19:00:00,-13.398,87.732635,0.026823148,0.417,0.406,0.376,-2.2979999,-1.8479999,0.102
2019-01-12 20:00:00,-13.148,87.75769,0.027319014,0.417,0.406,0.376,-2.2979999,-1.8479999,0.102
2019-01-12 21:00:00,-12.798,87.79264,0.02802661,0.417,0.406,0.376,-2.2979999,-1.8479999,0.102
2019-01-12 22:00:00,-12.648,87.09163,0.029998124,0.417,0.406,0.376,-2.2979999,-1.8479999,0.102
2019-01-12 23:00:00,-12.548,86.0388,0.03270784,0.417,0.406,0.376,-2.2979999,-1.8479999,0.102
2019-01-13 00:00:00,-12.598,85.68117,0.033409953,0.417,0.406,0.376,-2.2979999,-1.8479999,0.102
2019-01-13 01:00:00,-12.498,84.64522,0.036117464,0.417,0.406,0.376,-2.2979999,-1.8479999,0.102
2019-01-13 02:00:00,-12.598,84.63292,0.035855025,0.417,0.406,0.376,-2.2979999,-1.8479999,0.102
2019-01-13 03:00:00,-12.748,84.61443,0.03546454,0.417,0.406,0.376,-2.2979999,-1.8479999,0.102
2019-01-13 04:00:00,-12.798,84.95692,0.034535065,0.417,0.406,0.376,-2.2979999,-1.8479999,0.102
2019-01-13 05:00:00,-12.348,82.945114,0.040604427,0.417,0.406,0.376,-2.2979999,-1.8479999,0.102
2019-01-13 06:00:00,-11.598,82.707886,0.04373166,0.417,0.406,0.376,-2.2979999,-1.8479999,0.102
2019-01-13 07:00:00,-10.448,81.204765,0.052102655,0.417,0.406,0.376,-2.2979999,-1.8479999,0.102
2019-01-13 08:00:00,-9.498,81.01687,0.056730524,0.417,0.405,0.376,-2.2979999,-1.8479999,0.102
2019-01-13 09:00:00,-8.798,81.119286,0.059613407,0.417,0.405,0.376,-2.2979999,-1.8479999,0.102
2019-01-13 10:00:00,-8.148,81.21368,0.06240329,0.417,0.405,0.376,-2.2979999,-1.8479999,0.052
2019-01-13 11:00:00,-8.098,81.54387,0.06154588,0.417,0.405,0.376,-2.248,-1.8479999,0.052
2019-01-13 12:00:00,-7.998,81.558105,0.06197861,0.416,0.405,0.376,-2.248,-1.8479999,0.052
2019-01-13 13:00:00,-7.798,81.26424,0.06395188,0.416,0.405,0.376,-2.248,-1.8479999,0.052
2019-01-13 14:00:00,-7.598,80.97231,0.06596321,0.416,0.405,0.377,-2.248,-1.8479999,0.052
2019-01-13 15:00:00,-7.398,81.32176,0.06576249,0.416,0.405,0.377,-2.248,-1.8479999,0.052
2019-01-13 16:00:00,-7.198,81.67141,0.06553689,0.416,0.405,0.377,-2.248,-1.8479999,0.052
2019-01-13 17:00:00,-7.198,81.67141,0.06553689,0.416,0.405,0.377,-2.248,-1.8479999,0.052
2019-01-13 18:00:00,-7.198,81.67141,0.06553689,0.416,0.405,0.377,-2.248,-1.8479999,0.052
2019-01-13 19:00:00,-7.548,80.97961,0.06619385,0.416,0.405,0.377,-2.248,-1.8479999,0.052
2019-01-13 20:00:00,-7.648,80.32673,0.06793678,0.416,0.405,0.377,-2.248,-1.8479999,0.052
2019-01-13 21:00:00,-7.748,79.677475,0.06963596,0.416,0.405,0.377,-2.248,-1.8479999,0.052
2019-01-13 22:00:00,-7.948,79.01589,0.070794076,0.416,0.405,0.377,-2.248,-1.8479999,0.052
2019-01-13 23:00:00,-8.148,78.66995,0.070849895,0.416,0.405,0.377,-2.198,-1.8479999,0.052
2019-01-14 00:00:00,-8.248,78.02863,0.07241303,0.416,0.405,0.377,-2.198,-1.8479999,0.052
2019-01-14 01:00:00,-8.198,77.726135,0.07369617,0.416,0.405,0.377,-2.198,-1.8479999,0.052
2019-01-14 02:00:00,-8.048,77.751305,0.074477404,0.416,0.405,0.377,-2.198,-1.8479999,0.052
2019-01-14 03:00:00,-7.798,78.10317,0.07473788,0.416,0.405,0.377,-2.198,-1.8479999,0.052
2019-01-14 04:00:00,-7.398,78.169106,0.07685852,0.416,0.405,0.377,-2.198,-1.8479999,0.052
2019-01-14 05:00:00,-6.598,77.99256,0.08240801,0.416,0.405,0.377,-2.198,-1.8479999,0.052
2019-01-14 06:00:00,-5.748,77.22092,0.09102973,0.416,0.405,0.377,-2.198,-1.8479999,0.052
2019-01-14 07:00:00,-4.548,76.23159,0.104034126,0.416,0.405,0.377,-2.198,-1.8479999,0.052
2019-01-14 08:00:00,-3.748,76.66568,0.1084685,0.416,0.405,0.377,-2.198,-1.8479999,0.052
2019-01-14 09:00:00,-3.248,76.75121,0.112188905,0.416,0.405,0.377,-2.198,-1.8479999,0.052
2019-01-14 10:00:00,-3.0479999,76.19922,0.116577685,0.416,0.405,0.377,-2.198,-1.8479999,0.052
2019-01-14 11:00:00,-2.948,76.50897,0.11592099,0.416,0.405,0.377,-2.198,-1.8479999,0.052
2019-01-14 12:00:00,-3.348,77.6225,0.107182354,0.416,0.405,0.377,-2.148,-1.8479999,0.052
2019-01-14 13:00:00,-3.648,79.07666,0.09799534,0.416,0.405,0.377,-2.148,-1.8479999,0.052
2019-01-14 14:00:00,-3.7979999,80.58444,0.08991882,0.416,0.405,0.377,-2.148,-1.8479999,0.052
2019-01-14 15:00:00,-4.298,82.7065,0.077139676,0.416,0.405,0.377,-2.148,-1.8479999,0.052
2019-01-14 16:00:00,-4.598,83.947716,0.070002705,0.416,0.405,0.377,-2.148,-1.8479999,0.052
2019-01-14 17:00:00,-4.548,84.92583,0.06598657,0.416,0.405,0.377,-2.148,-1.8479999,0.052
2019-01-14 18:00:00,-4.498,85.91325,0.061897874,0.416,0.405,0.377,-2.148,-1.8479999,0.052
2019-01-14 19:00:00,-4.348,85.92971,0.06252858,0.416,0.405,0.377,-2.148,-1.8479999,0.052
2019-01-14 20:00:00,-4.248,86.59946,0.060002714,0.416,0.405,0.377,-2.148,-1.8479999,0.052
2019-01-14 21:00:00,-4.248,87.93053,0.054043442,0.416,0.405,0.377,-2.148,-1.8479999,0.052
2019-01-14 22:00:00,-4.198,88.94511,0.049687505,0.416,0.405,0.377,-2.098,-1.8479999,0.052
2019-01-14 23:00:00,-4.448,90.288246,0.042837113,0.416,0.405,0.377,-2.098,-1.8479999,0.052
2019-01-15 00:00:00,-4.398,91.327705,0.038397044,0.416,0.405,0.377,-2.098,-1.8479999,0.052
2019-01-15 01:00:00,-4.498,92.01753,0.03507763,0.416,0.405,0.377,-2.098,-1.8479999,0.052
2019-01-15 02:00:00,-4.648,92.35843,0.033201694,0.416,0.405,0.377,-2.098,-1.8479999,0.052
2019-01-15 03:00:00,-4.998,92.68949,0.030933619,0.416,0.405,0.377,-2.098,-1.8479999,0.052
2019-01-15 04:00:00,-4.948,92.69245,0.031038463,0.416,0.405,0.377,-2.098,-1.8479999,0.052
2019-01-15 05:00:00,-4.298,91.68193,0.03710723,0.416,0.405,0.377,-2.098,-1.8479999,0.052
2019-01-15 06:00:00,-3.598,88.99746,0.0517295,0.416,0.405,0.377,-2.098,-1.8479999,0.052
2019-01-15 07:00:00,-3.598,87.659225,0.05802062,0.416,0.405,0.377,-2.098,-1.8479999,0.052
2019-01-15 08:00:00,-3.648,86.991745,0.060929894,0.416,0.405,0.377,-2.098,-1.8479999,0.052
2019-01-15 09:00:00,-3.648,86.33358,0.06401229,0.416,0.405,0.377,-2.098,-1.8479999,0.052
2019-01-15 10:00:00,-3.848,86.641266,0.06164044,0.416,0.405,0.377,-2.098,-1.8479999,0.052
2019-01-15 11:00:00,-4.198,87.60094,0.055728316,0.416,0.405,0.377,-2.0479999,-1.8479999,0.052
2019-01-15 12:00:00,-4.748,88.89681,0.047877252,0.416,0.405,0.377,-2.0479999,-1.798,0.052
2019-01-15 13:00:00,-5.198,89.1985,0.04501596,0.416,0.405,0.377,-2.0479999,-1.798,0.052
2019-01-15 14:00:00,-5.698,89.499275,0.042129993,0.416,0.405,0.377,-2.0479999,-1.798,0.052
2019-01-15 15:00:00,-6.148,89.807655,0.03951168,0.416,0.405,0.377,-2.0479999,-1.798,0.052
2019-01-15 16:00:00,-6.598,90.11941,0.03700468,0.416,0.405,0.377,-2.0479999,-1.798,0.052
2019-01-15 17:00:00,-6.948,90.09151,0.036123484,0.416,0.405,0.377,-2.0479999,-1.798,0.052
2019-01-15 18:00:00,-7.298,90.415215,0.034012526,0.416,0.405,0.377,-2.0479999,-1.798,0.052
2019-01-15 19:00:00,-8.198,90.345085,0.03195104,0.416,0.405,0.377,-2.0479999,-1.798,0.052
2019-01-15 20:00:00,-8.448,90.32548,0.03139794,0.416,0.405,0.377,-2.0479999,-1.798,0.052
2019-01-15 21:00:00,-8.798,90.65496,0.02951029,0.416,0.405,0.377,-2.0479999,-1.798,0.052
2019-01-15 22:00:00,-8.898,90.64734,0.029303908,0.416,0.405,0.377,-2.0479999,-1.798,0.052
2019-01-15 23:00:00,-9.398,91.33033,0.026118368,0.416,0.405,0.377,-2.0479999,-1.798,0.052
2019-01-16 00:00:00,-9.648,92.040306,0.023512125,0.416,0.405,0.377,-2.0479999,-1.798,0.052
2019-01-16 01:00:00,-9.898,92.023895,0.023100048,0.416,0.405,0.377,-2.0479999,-1.798,0.052
2019-01-16 02:00:00,-10.298,91.99753,0.022453874,0.416,0.405,0.377,-2.0479999,-1.798,0.052
2019-01-16 03:00:00,-10.448,91.62076,0.023232639,0.416,0.405,0.377,-2.0479999,-1.798,0.052
2019-01-16 04:00:00,-10.648,91.60692,0.02290392,0.416,0.405,0.377,-2.0479999,-1.798,0.052
2019-01-16 05:00:00,-10.398,91.25882,0.024332404,0.416,0.405,0.377,-2.0479999,-1.798,0.052
2019-01-16 06:00:00,-9.398,88.47579,0.034716427,0.416,0.405,0.377,-2.0479999,-1.798,0.052
2019-01-16 07:00:00,-8.648,83.76707,0.05186078,0.416,0.405,0.377,-2.0479999,-1.798,0.052
2019-01-16 08:00:00,-8.048,80.90644,0.06391901,0.416,0.405,0.377,-2.0479999,-1.798,0.052
2019-01-16 09:00:00,-7.748,79.677475,0.06963596,0.416,0.405,0.377,-2.0479999,-1.798,0.052
2019-01-16 10:00:00,-7.698,79.05567,0.07204476,0.416,0.405,0.377,-2.0479999,-1.798,0.052
2019-01-16 11:00:00,-7.798,80.94307,0.06504777,0.415,0.405,0.377,-2.0479999,-1.798,0.052
2019-01-16 12:00:00,-8.248,80.87706,0.063028276,0.415,0.405,0.377,-2.0479999,-1.798,0.052
2019-01-16 13:00:00,-8.648,83.10356,0.053979903,0.415,0.405,0.377,-2.0479999,-1.798,0.052
2019-01-16 14:00:00,-9.098,85.73511,0.043996036,0.415,0.405,0.377,-2.0479999,-1.798,0.052
2019-01-16 15:00:00,-9.548,87.75996,0.03643948,0.415,0.405,0.377,-2.0479999,-1.798,0.052
2019-01-16 16:00:00,-10.148,89.47277,0.02989006,0.415,0.405,0.377,-2.0479999,-1.798,0.052
2019-01-16 17:00:00,-11.948,90.4105,0.023582667,0.415,0.405,0.377,-2.098,-1.798,0.052
2019-01-16 18:00:00,-12.298,90.01587,0.023869872,0.415,0.405,0.377,-2.098,-1.798,0.052
2019-01-16 19:00:00,-12.848,89.60332,0.023773775,0.415,0.405,0.377,-2.098,-1.798,0.052
2019-01-16 20:00:00,-13.348,89.193115,0.02372697,0.415,0.405,0.377,-2.098,-1.798,0.052
2019-01-16 21:00:00,-13.898,88.41043,0.02432686,0.415,0.405,0.377,-2.098,-1.798,0.052
2019-01-16 22:00:00,-13.848,88.05062,0.02518487,0.415,0.405,0.377,-2.098,-1.798,0.052
2019-01-16 23:00:00,-13.848,88.4152,0.024416655,0.415,0.405,0.377,-2.098,-1.798,0.052
2019-01-17 00:00:00,-13.198,88.84102,0.024800956,0.415,0.405,0.377,-2.098,-1.798,0.052
2019-01-17 01:00:00,-13.148,88.845604,0.024891868,0.415,0.405,0.377,-2.098,-1.798,0.052
2019-01-17 02:00:00,-13.098,88.12388,0.026610062,0.415,0.405,0.377,-2.098,-1.798,0.052
2019-01-17 03:00:00,-12.448,87.46935,0.029595658,0.415,0.405,0.377,-2.098,-1.798,0.052
2019-01-17 04:00:00,-11.698,87.545456,0.031248584,0.415,0.405,0.377,-2.098,-1.798,0.052
2019-01-17 05:00:00,-10.198,87.3449,0.035788327,0.415,0.405,0.377,-2.098,-1.798,0.052
2019-01-17 06:00:00,-8.598,86.81685,0.0422844,0.415,0.405,0.377,-2.098,-1.798,0.052
2019-01-17 07:00:00,-7.798,85.88129,0.04819569,0.415,0.405,0.377,-2.098,-1.798,0.052
2019-01-17 08:00:00,-6.698,84.01242,0.059413284,0.415,0.405,0.377,-2.098,-1.798,0.052
2019-01-17 09:00:00,-6.248,83.09143,0.065042466,0.415,0.405,0.377,-2.098,-1.798,0.052
2019-01-17 10:00:00,-5.948,82.80787,0.06766775,0.415,0.405,0.377,-2.098,-1.798,0.052
2019-01-17 11:00:00,-6.348,84.05589,0.060865164,0.415,0.405,0.377,-2.098,-1.798,0.052
2019-01-17 12:00:00,-6.948,85.306244,0.05356568,0.415,0.405,0.377,-2.098,-1.798,0.052
2019-01-17 13:00:00,-7.398,85.589424,0.050740153,0.415,0.405,0.377,-2.098,-1.798,0.052
2019-01-17 14:00:00,-7.848,85.875694,0.048027962,0.415,0.405,0.377,-2.098,-1.798,0.052
2019-01-17 15:00:00,-8.048,85.17856,0.049620718,0.415,0.405,0.377,-2.098,-1.798,0.052
2019-01-17 16:00:00,-8.298,85.149315,0.048760146,0.415,0.404,0.377,-2.098,-1.798,0.052
2019-01-17 17:00:00,-8.098,84.836975,0.05056697,0.415,0.404,0.377,-2.098,-1.798,0.052
2019-01-17 18:00:00,-7.948,85.86453,0.047694027,0.415,0.404,0.377,-2.098,-1.798,0.052
2019-01-17 19:00:00,-8.048,87.21723,0.04279676,0.415,0.404,0.377,-2.098,-1.7479999,0.052
2019-01-17 20:00:00,-7.848,87.237595,0.043397874,0.415,0.404,0.377,-2.098,-1.7479999,0.0020000003
2019-01-17 21:00:00,-7.698,87.595924,0.04267344,0.415,0.404,0.377,-2.098,-1.7479999,0.0020000003
2019-01-17 22:00:00,-7.648,87.60086,0.042822123,0.415,0.404,0.377,-2.098,-1.7479999,0.0020000003
2019-01-17 23:00:00,-7.648,88.290375,0.040441185,0.415,0.404,0.377,-2.098,-1.7479999,0.0020000003
2019-01-18 00:00:00,-7.498,88.6506,0.039655328,0.415,0.404,0.377,-2.098,-1.7479999,0.0020000003
2019-01-18 01:00:00,-7.548,88.64606,0.03951797,0.415,0.404,0.377,-2.098,-1.7479999,0.0020000003
2019-01-18 02:00:00,-7.848,88.6187,0.03870228,0.415,0.404,0.377,-2.098,-1.7479999,0.0020000003
2019-01-18 03:00:00,-8.248,88.233925,0.03878489,0.415,0.404,0.377,-2.098,-1.7479999,0.0020000003
2019-01-18 04:00:00,-8.398,88.21975,0.038380176,0.415,0.404,0.377,-2.098,-1.7479999,0.0020000003
2019-01-18 05:00:00,-8.298,87.88218,0.039788872,0.415,0.404,0.377,-2.098,-1.7479999,0.0020000003
2019-01-18 06:00:00,-7.848,86.89533,0.044561476,0.415,0.404,0.377,-2.098,-1.7479999,0.0020000003
2019-01-18 07:00:00,-6.848,84.65345,0.05637732,0.415,0.404,0.377,-2.098,-1.7479999,0.0020000003
2019-01-18 08:00:00,-6.198,84.73115,0.05896151,0.415,0.404,0.377,-2.098,-1.7479999,0.0020000003
2019-01-18 09:00:00,-5.748,84.78461,0.06081,0.415,0.404,0.377,-2.098,-1.7479999,0.0020000003
2019-01-18 10:00:00,-5.348,84.83188,0.062495023,0.415,0.404,0.377,-2.098,-1.7479999,0.0020000003
2019-01-18 11:00:00,-5.598,86.45691,0.054749727,0.415,0.404,0.377,-2.0479999,-1.7479999,0.0020000003
2019-01-18 12:00:00,-6.098,87.41371,0.048977584,0.415,0.404,0.377,-2.0479999,-1.7479999,0.0020000003
2019-01-18 13:00:00,-6.298,87.0554,0.049606502,0.415,0.404,0.377,-2.0479999,-1.7479999,0.0020000003
2019-01-18 14:00:00,-6.548,87.36877,0.047486603,0.415,0.404,0.377,-2.0479999,-1.7479999,0.0020000003
2019-01-18 15:00:00,-6.998,87.6649,0.04479578,0.415,0.404,0.377,-2.0479999,-1.7479999,0.0020000003
2019-01-18 16:00:00,-7.148,87.650154,0.044333518,0.415,0.404,0.377,-2.0479999,-1.7479999,0.0020000003
2019-01-18 17:00:00,-7.548,87.95465,0.04192406,0.415,0.404,0.377,-2.0479999,-1.7479999,0.0020000003
2019-01-18 18:00:00,-7.848,87.581055,0.04223016,0.415,0.404,0.377,-2.0479999,-1.7479999,0.0020000003
2019-01-18 19:00:00,-7.898,86.89012,0.044406503,0.415,0.404,0.377,-2.0479999,-1.7479999,0.0020000003
2019-01-18 20:00:00,-7.848,86.55427,0.045721054,0.415,0.404,0.377,-2.0479999,-1.7479999,0.0020000003
2019-01-18 21:00:00,-7.998,86.19799,0.046388477,0.415,0.404,0.377,-2.0479999,-1.7479999,0.0020000003
2019-01-18 22:00:00,-8.648,85.78596,0.045412302,0.415,0.404,0.377,-2.0479999,-1.7479999,0.0020000003
2019-01-18 23:00:00,-9.098,85.055176,0.0460926,0.415,0.404,0.377,-2.0479999,-1.7479999,0.0020000003
2019-01-19 00:00:00,-9.598,83.981316,0.047498047,0.415,0.404,0.377,-2.0479999,-1.7479999,0.0020000003
2019-01-19 01:00:00,-10.048,82.91744,0.048882604,0.415,0.404,0.377,-2.0479999,-1.7479999,0.0020000003
2019-01-19 02:00:00,-10.748,82.15468,0.04830374,0.415,0.404,0.377,-2.0479999,-1.7479999,0.0020000003
2019-01-19 03:00:00,-11.698,81.353,0.046779796,0.415,0.404,0.377,-2.0479999,-1.7479999,0.0020000003
2019-01-19 04:00:00,-12.948,81.84331,0.041175917,0.415,0.404,0.377,-2.098,-1.7479999,0.0020000003
2019-01-19 05:00:00,-12.348,79.93009,0.047779486,0.415,0.404,0.377,-2.098,-1.7479999,0.0020000003
2019-01-19 06:00:00,-10.598,77.95035,0.060395822,0.415,0.404,0.377,-2.098,-1.7479999,0.0020000003
2019-01-19 07:00:00,-8.398,74.94109,0.081624016,0.415,0.404,0.377,-2.098,-1.7479999,0.0020000003
2019-01-19 08:00:00,-6.998,73.72122,0.09541297,0.415,0.404,0.377,-2.098,-1.7479999,0.0020000003
2019-01-19 09:00:00,-6.148,74.76287,0.09781402,0.415,0.404,0.377,-2.098,-1.7479999,0.0020000003
2019-01-19 10:00:00,-6.148,78.99001,0.08143574,0.415,0.404,0.377,-2.098,-1.7479999,0.0020000003
2019-01-19 11:00:00,-6.548,82.4052,0.06614244,0.415,0.404,0.377,-2.098,-1.7479999,0.0020000003
2019-01-19 12:00:00,-7.448,85.58375,0.05056417,0.415,0.404,0.377,-2.098,-1.7479999,0.0020000003
2019-01-19 13:00:00,-7.748,87.24776,0.0437012,0.415,0.404,0.377,-2.098,-1.7479999,0.0020000003
2019-01-19 14:00:00,-7.198,89.02445,0.039249003,0.415,0.404,0.377,-2.098,-1.7479999,0.0020000003
2019-01-19 15:00:00,-6.498,90.8277,0.034617007,0.415,0.404,0.377,-2.0479999,-1.7479999,0.0020000003
2019-01-19 16:00:00,-5.598,92.29946,0.031132609,0.415,0.404,0.377,-2.0479999,-1.7479999,0.0020000003
2019-01-19 17:00:00,-4.048,94.15775,0.026557803,0.415,0.404,0.377,-2.0479999,-1.7479999,0.0020000003
2019-01-19 18:00:00,-2.2979999,94.94354,0.026189864,0.415,0.404,0.377,-2.0479999,-1.7479999,0.0020000003
2019-01-19 19:00:00,-1.198,94.98832,0.02814883,0.415,0.404,0.377,-2.0479999,-1.7479999,0.0020000003
2019-01-19 20:00:00,-0.698,94.31376,0.033127487,0.415,0.404,0.377,-2.0479999,-1.7479999,0.0020000003
2019-01-19 21:00:00,-0.54800004,93.6312,0.037512302,0.415,0.404,0.377,-2.0479999,-1.7479999,0.0020000003
2019-01-19 22:00:00,-0.54800004,93.28817,0.03953266,0.415,0.404,0.377,-2.0479999,-1.7479999,0.0020000003
2019-01-19 23:00:00,-0.598,92.2627,0.0454064,0.415,0.404,0.377,-2.0479999,-1.7479999,0.0020000003
2019-01-20 00:00:00,-0.79800004,91.91118,0.046781123,0.415,0.404,0.377,-2.0479999,-1.7479999,0.0020000003
2019-01-20 01:00:00,-1.0979999,92.2319,0.043950915,0.414,0.404,0.377,-1.9979999,-1.7479999,0.0020000003
2019-01-20 02:00:00,-1.4979999,92.89258,0.039049745,0.414,0.404,0.377,-1.9979999,-1.7479999,0.0020000003
2019-01-20 03:00:00,-1.7479999,93.223434,0.036553323,0.414,0.404,0.377,-1.9979999,-1.7479999,0.0020000003
2019-01-20 04:00:00,-1.7479999,92.87835,0.038414657,0.414,0.404,0.377,-1.9979999,-1.7479999,0.0020000003
2019-01-20 05:00:00,-1.398,91.53288,0.0468629,0.414,0.404,0.377,-1.9979999,-1.7479999,0.0020000003
2019-01-20 06:00:00,-0.848,89.56334,0.060138583,0.414,0.404,0.377,-1.9979999,-1.7479999,0.0020000003
2019-01-20 07:00:00,-0.348,88.29311,0.069963634,0.414,0.404,0.377,-1.9979999,-1.7479999,0.0020000003
2019-01-20 08:00:00,0.102,85.14084,0.09175259,0.414,0.404,0.377,-1.9979999,-1.7479999,0.0020000003
2019-01-20 09:00:00,0.252,85.4721,0.09068793,0.414,0.404,0.377,-1.9979999,-1.7479999,0.0020000003
2019-01-20 10:00:00,0.252,87.70119,0.07677424,0.414,0.404,0.377,-1.948,-1.7479999,0.0020000003
2019-01-20 11:00:00,0.0020000003,91.62619,0.0513348,0.414,0.404,0.377,-1.948,-1.7479999,0.0020000003
2019-01-20 12:00:00,-0.598,94.31832,0.033343375,0.414,0.404,0.377,-1.948,-1.7479999,0.0020000003
2019-01-20 13:00:00,-0.948,94.99841,0.028611302,0.414,0.404,0.377,-1.948,-1.7479999,0.0020000003
2019-01-20 14:00:00,-1.0979999,95.34253,0.02635187,0.414,0.404,0.377,-1.948,-1.7479999,0.0020000003
2019-01-20 15:00:00,-1.148,94.64118,0.030209005,0.414,0.404,0.377,-1.948,-1.7479999,0.0020000003
2019-01-20 16:00:00,-1.398,94.98022,0.027783513,0.414,0.404,0.377,-1.948,-1.7479999,0.0020000003
2019-01-20 17:00:00,-1.4979999,94.976166,0.027602434,0.414,0.404,0.377,-1.948,-1.7479999,0.0020000003
2019-01-20 18:00:00,-1.7479999,95.67108,0.023350894,0.414,0.404,0.377,-1.948,-1.698,0.0020000003
2019-01-20 19:00:00,-2.198,95.30084,0.02451995,0.414,0.404,0.377,-1.898,-1.698,0.0020000003
2019-01-20 20:00:00,-2.698,95.63752,0.021935314,0.414,0.404,0.377,-1.898,-1.698,0.0020000003
2019-01-20 21:00:00,-2.998,95.27018,0.023257583,0.414,0.404,0.377,-1.898,-1.698,0.0020000003
2019-01-20 22:00:00,-3.148,95.621475,0.021291018,0.414,0.404,0.377,-1.898,-1.698,0.0020000003
2019-01-20 23:00:00,-2.698,95.63752,0.021935314,0.414,0.404,0.377,-1.898,-1.698,0.0020000003
2019-01-21 00:00:00,-2.198,95.65523,0.022670865,0.414,0.404,0.377,-1.898,-1.698,0.0020000003
2019-01-21 01:00:00,-2.198,96.3675,0.018954277,0.414,0.404,0.377,-1.898,-1.698,0.0020000003
2019-01-21 02:00:00,-2.148,96.36899,0.019016683,0.414,0.404,0.377,-1.898,-1.698,0.0020000003
2019-01-21 03:00:00,-2.148,96.0124,0.020884156,0.414,0.404,0.377,-1.898,-1.698,0.0020000003
2019-01-21 04:00:00,-2.398,95.64816,0.022374153,0.414,0.404,0.377,-1.898,-1.698,0.0020000003
2019-01-21 05:00:00,-2.398,91.807556,0.04211861,0.414,0.404,0.377,-1.898,-1.698,0.0020000003
2019-01-21 06:00:00,-2.098,87.80317,0.064111024,0.414,0.404,0.377,-1.898,-1.698,0.0020000003
2019-01-21 07:00:00,-1.9979999,86.50755,0.07144627,0.414,0.404,0.377,-1.898,-1.698,0.0020000003
2019-01-21 08:00:00,-1.948,85.86692,0.075114906,0.414,0.404,0.377,-1.898,-1.698,0.0020000003
2019-01-21 09:00:00,-2.198,84.8772,0.078903556,0.414,0.404,0.377,-1.898,-1.698,0.0020000003
2019-01-21 10:00:00,-2.698,81.97919,0.09060103,0.414,0.404,0.377,-1.898,-1.698,0.0020000003
2019-01-21 11:00:00,-3.398,82.510025,0.08346453,0.414,0.404,0.377,-1.8479999,-1.698,0.0020000003
2019-01-21 12:00:00,-4.148,83.04393,0.07649344,0.414,0.404,0.377,-1.8479999,-1.698,0.0020000003
2019-01-21 13:00:00,-4.798,82.95922,0.07319805,0.414,0.404,0.377,-1.8479999,-1.698,0.0020000003
2019-01-21 14:00:00,-5.348,82.88707,0.070506245,0.414,0.404,0.377,-1.8479999,-1.698,0.0020000003
2019-01-21 15:00:00,-5.748,82.834335,0.06860274,0.414,0.404,0.377,-1.8479999,-1.698,0.0020000003
2019-01-21 16:00:00,-6.548,85.02026,0.05631399,0.414,0.404,0.377,-1.8479999,-1.698,0.0020000003
2019-01-21 17:00:00,-7.098,86.29593,0.049384087,0.414,0.404,0.377,-1.8479999,-1.698,0.0020000003
2019-01-21 18:00:00,-7.948,87.22743,0.043096423,0.414,0.404,0.377,-1.8479999,-1.698,0.0020000003
2019-01-21 19:00:00,-9.348,87.083755,0.03906241,0.414,0.404,0.377,-1.898,-1.698,0.0020000003
2019-01-21 20:00:00,-10.198,86.99537,0.036776587,0.414,0.404,0.377,-1.898,-1.698,0.0020000003
2019-01-21 21:00:00,-10.798,87.283554,0.034287363,0.414,0.404,0.377,-1.898,-1.698,0.0020000003
2019-01-21 22:00:00,-11.698,88.25884,0.029459104,0.414,0.404,0.377,-1.898,-1.698,0.0020000003
2019-01-21 23:00:00,-12.198,88.57091,0.027545094,0.414,0.404,0.377,-1.898,-1.698,0.0020000003
2019-01-22 00:00:00,-12.798,88.15298,0.027199537,0.414,0.404,0.377,-1.898,-1.698,0.0020000003
2019-01-22 01:00:00,-13.048,87.76771,0.027519539,0.414,0.404,0.377,-1.898,-1.698,0.0020000003
2019-01-22 02:00:00,-13.298,87.0232,0.028606102,0.414,0.404,0.377,-1.898,-1.698,0.0020000003
2019-01-22 03:00:00,-13.598,85.91972,0.030287534,0.414,0.404,0.377,-1.898,-1.698,0.0020000003
2019-01-22 04:00:00,-12.998,85.6349,0.032447934,0.414,0.404,0.377,-1.948,-1.698,0.0020000003
2019-01-22 05:00:00,-11.848,85.071075,0.037006214,0.414,0.404,0.377,-1.948,-1.698,0.0020000003
2019-01-22 06:00:00,-10.248,82.8906,0.048189715,0.414,0.404,0.377,-1.948,-1.698,0.0020000003
2019-01-22 07:00:00,-10.198,81.57009,0.052113906,0.414,0.404,0.377,-1.948,-1.698,0.0020000003
2019-01-22 08:00:00,-9.698,81.31395,0.054969266,0.414,0.404,0.377,-1.948,-1.698,0.0020000003
2019-01-22 09:00:00,-9.198,80.41352,0.059930906,0.414,0.404,0.377,-1.948,-1.698,0.0020000003
2019-01-22 10:00:00,-8.948,80.45119,0.061001018,0.414,0.404,0.377,-1.948,-1.698,0.0020000003
2019-01-22 11:00:00,-9.048,82.390045,0.05452341,0.414,0.404,0.377,-1.948,-1.698,0.0020000003
2019-01-22 12:00:00,-9.148,83.36976,0.051088303,0.414,0.404,0.377,-1.948,-1.648,0.0020000003
2019-01-22 13:00:00,-9.148,84.03797,0.049036115,0.414,0.404,0.377,-1.948,-1.698,0.0020000003
2019-01-22 14:00:00,-9.348,84.68678,0.04630968,0.414,0.404,0.377,-1.948,-1.648,0.0020000003
2019-01-22 15:00:00,-9.248,85.37716,0.04457149,0.414,0.404,0.377,-1.948,-1.648,0.0020000003
2019-01-22 16:00:00,-8.998,86.08799,0.04324597,0.414,0.404,0.377,-1.948,-1.648,0.0020000003
2019-01-22 17:00:00,-8.598,86.81685,0.0422844,0.414,0.404,0.377,-1.948,-1.648,0.0020000003
2019-01-22 18:00:00,-8.048,87.56122,0.04164532,0.413,0.404,0.377,-1.948,-1.648,0.0020000003
2019-01-22 19:00:00,-8.348,88.57288,0.03737533,0.413,0.404,0.377,-1.948,-1.648,0.0020000003
2019-01-22 20:00:00,-7.848,88.27161,0.039882362,0.413,0.404,0.377,-1.948,-1.648,0.0020000003
2019-01-22 21:00:00,-7.398,87.28322,0.044777304,0.413,0.404,0.377,-1.948,-1.648,0.0020000003
2019-01-22 22:00:00,-6.948,86.31215,0.0498994,0.413,0.404,0.377,-1.948,-1.648,0.0020000003
2019-01-22 23:00:00,-6.598,86.01428,0.05237633,0.413,0.403,0.377,-1.948,-1.648,0.0020000003
2019-01-23 00:00:00,-6.298,86.04725,0.05346921,0.413,0.403,0.377,-1.948,-1.648,0.0020000003
2019-01-23 01:00:00,-6.248,87.398766,0.04847616,0.413,0.403,0.377,-1.948,-1.648,0.0020000003
2019-01-23 02:00:00,-6.398,88.40671,0.044089615,0.413,0.403,0.377,-1.948,-1.648,-0.048
2019-01-23 03:00:00,-6.598,89.42333,0.03961125,0.413,0.403,0.377,-1.948,-1.648,-0.048
2019-01-23 04:00:00,-6.448,89.78309,0.038707167,0.413,0.403,0.377,-1.948,-1.648,-0.048
2019-01-23 05:00:00,-6.148,89.11634,0.042191297,0.413,0.403,0.377,-1.948,-1.648,-0.048
2019-01-23 06:00:00,-5.748,88.46653,0.04609689,0.413,0.403,0.377,-1.948,-1.648,-0.048
2019-01-23 07:00:00,-5.498,86.46756,0.05512464,0.413,0.403,0.377,-1.948,-1.648,-0.048
2019-01-23 08:00:00,-5.198,85.506096,0.060401708,0.413,0.403,0.377,-1.948,-1.648,-0.048
2019-01-23 09:00:00,-5.048,84.86722,0.063785136,0.413,0.403,0.377,-1.948,-1.648,-0.048
2019-01-23 10:00:00,-4.998,84.546974,0.065381914,0.413,0.403,0.377,-1.948,-1.648,-0.048
2019-01-23 11:00:00,-5.148,86.17256,0.057843745,0.413,0.403,0.377,-1.948,-1.648,-0.048
2019-01-23 12:00:00,-5.648,88.13543,0.04778272,0.413,0.403,0.377,-1.948,-1.648,-0.048
2019-01-23 13:00:00,-5.948,88.44817,0.045470953,0.413,0.403,0.377,-1.948,-1.648,-0.048
2019-01-23 14:00:00,-6.198,88.425156,0.044699013,0.413,0.403,0.377,-1.948,-1.648,-0.048
2019-01-23 15:00:00,-6.548,88.05031,0.044924796,0.413,0.403,0.377,-1.948,-1.648,-0.048
2019-01-23 16:00:00,-6.998,87.6649,0.04479578,0.413,0.403,0.377,-1.948,-1.648,-0.048
2019-01-23 17:00:00,-6.898,85.98119,0.05130282,0.413,0.403,0.377,-1.948,-1.648,-0.048
2019-01-23 18:00:00,-7.198,84.28012,0.056211203,0.413,0.403,0.377,-1.948,-1.648,-0.048
2019-01-23 19:00:00,-7.548,84.902374,0.05254516,0.413,0.403,0.377,-1.948,-1.648,-0.048
2019-01-23 20:00:00,-7.698,85.55531,0.049692214,0.413,0.403,0.377,-1.948,-1.648,-0.048
2019-01-23 21:00:00,-7.848,86.89533,0.044561476,0.413,0.403,0.377,-1.948,-1.648,-0.048
2019-01-23 22:00:00,-7.898,87.92089,0.04091561,0.413,0.403,0.377,-1.948,-1.648,-0.048
2019-01-23 23:00:00,-7.598,87.94984,0.041778654,0.413,0.403,0.377,-1.948,-1.648,-0.048
2019-01-24 00:00:00,-7.248,87.98347,0.042805463,0.413,0.403,0.377,-1.948,-1.648,-0.048
2019-01-24 01:00:00,-6.948,88.35573,0.042450666,0.413,0.403,0.377,-1.948,-1.648,-0.048
2019-01-24 02:00:00,-6.598,88.388214,0.04348734,0.413,0.403,0.377,-1.948,-1.648,-0.048
2019-01-24 03:00:00,-6.398,88.75004,0.042784065,0.413,0.403,0.377,-1.948,-1.648,-0.048
2019-01-24 04:00:00,-6.148,88.77246,0.043524206,0.413,0.403,0.377,-1.948,-1.648,-0.048
2019-01-24 05:00:00,-5.648,89.15969,0.043658197,0.413,0.403,0.377,-1.948,-1.648,-0.048
2019-01-24 06:00:00,-4.998,88.53499,0.04851079,0.413,0.403,0.377,-1.948,-1.648,-0.048
2019-01-24 07:00:00,-4.948,86.1942,0.058635294,0.413,0.403,0.377,-1.948,-1.648,-0.048
2019-01-24 08:00:00,-5.448,80.34087,0.08038068,0.413,0.403,0.377,-1.948,-1.648,-0.048
2019-01-24 09:00:00,-7.148,79.77005,0.07261312,0.413,0.403,0.377,-1.948,-1.648,-0.048
2019-01-24 10:00:00,-9.048,79.79409,0.062558085,0.413,0.403,0.377,-1.898,-1.648,-0.048
2019-01-24 11:00:00,-10.848,79.83685,0.05414194,0.413,0.403,0.377,-1.898,-1.648,-0.048
2019-01-24 12:00:00,-12.498,79.577415,0.04803264,0.413,0.403,0.377,-1.948,-1.648,-0.048
2019-01-24 13:00:00,-14.098,79.654106,0.04200372,0.413,0.403,0.377,-1.948,-1.648,-0.048
2019-01-24 14:00:00,-15.448,79.10157,0.03859341,0.413,0.403,0.377,-1.948,-1.648,-0.048
2019-01-24 15:00:00,-16.548,79.258514,0.03494315,0.413,0.403,0.377,-1.948,-1.648,-0.048
2019-01-24 16:00:00,-17.398,79.46049,0.032212645,0.413,0.403,0.377,-1.948,-1.648,-0.048
2019-01-24 17:00:00,-18.048,79.69882,0.03013172,0.413,0.403,0.377,-1.948,-1.648,-0.048
2019-01-24 18:00:00,-18.748,79.93281,0.028057903,0.413,0.403,0.377,-1.948,-1.648,-0.048
2019-01-24 19:00:00,-19.398,80.178665,0.026210248,0.413,0.403,0.377,-1.9979999,-1.648,-0.048
2019-01-24 20:00:00,-19.998,80.43624,0.024563864,0.413,0.403,0.377,-1.9979999,-1.648,-0.048
2019-01-24 21:00:00,-20.598,79.98616,0.023853153,0.413,0.403,0.377,-1.9979999,-1.648,-0.048
2019-01-24 22:00:00,-21.348,80.22139,0.022078007,0.413,0.403,0.377,-1.9979999,-1.648,-0.048
2019-01-24 23:00:00,-22.448,79.68412,0.020582505,0.413,0.403,0.377,-1.9979999,-1.648,-0.048
2019-01-25 00:00:00,-23.548,79.50141,0.018830284,0.413,0.403,0.377,-2.0479999,-1.648,-0.048
2019-01-25 01:00:00,-24.648,78.59007,0.017814182,0.413,0.403,0.377,-2.0479999,-1.648,-0.048
2019-01-25 02:00:00,-25.648,78.05116,0.016676467,0.413,0.403,0.377,-2.0479999,-1.648,-0.048
2019-01-25 03:00:00,-26.548,77.52494,0.015723847,0.413,0.403,0.377,-2.0479999,-1.648,-0.048
2019-01-25 04:00:00,-27.148,77.05026,0.015190534,0.413,0.403,0.377,-2.098,-1.648,-0.048
2019-01-25 05:00:00,-25.948,77.27351,0.01679976,0.413,0.403,0.377,-2.098,-1.648,-0.048
2019-01-25 06:00:00,-23.348,77.39346,0.021139622,0.413,0.403,0.377,-2.098,-1.648,-0.048
2019-01-25 07:00:00,-21.498,74.985916,0.027552046,0.412,0.403,0.377,-2.148,-1.648,-0.048
2019-01-25 08:00:00,-19.598,73.381355,0.03458927,0.412,0.403,0.377,-2.148,-1.648,-0.048
2019-01-25 09:00:00,-18.298,73.32416,0.038751587,0.412,0.403,0.377,-2.148,-1.648,-0.048
2019-01-25 10:00:00,-17.298,73.84694,0.0413576,0.412,0.403,0.377,-2.148,-1.648,-0.048
2019-01-25 11:00:00,-16.898,75.54013,0.040008932,0.412,0.403,0.377,-2.148,-1.648,-0.048
2019-01-25 12:00:00,-16.648,76.24034,0.0396899,0.412,0.403,0.377,-2.148,-1.648,-0.048
2019-01-25 13:00:00,-16.398,76.61417,0.039893657,0.412,0.403,0.377,-2.148,-1.648,-0.048
2019-01-25 14:00:00,-15.948,75.39535,0.043580696,0.412,0.403,0.377,-2.148,-1.648,-0.048
2019-01-25 15:00:00,-15.298,72.67574,0.05108325,0.412,0.403,0.377,-2.198,-1.648,-0.048
2019-01-25 16:00:00,-14.548,69.20502,0.061248943,0.412,0.403,0.377,-2.198,-1.648,-0.048
2019-01-25 17:00:00,-13.898,67.606384,0.067959994,0.412,0.403,0.377,-2.198,-1.648,-0.048
2019-01-25 18:00:00,-13.198,68.344086,0.07032134,0.412,0.403,0.377,-2.198,-1.648,-0.048
2019-01-25 19:00:00,-11.998,72.434586,0.067491144,0.412,0.403,0.377,-2.198,-1.648,-0.048
2019-01-25 20:00:00,-10.748,77.9251,0.059747264,0.412,0.403,0.377,-2.198,-1.648,-0.048
2019-01-25 21:00:00,-9.398,82.672485,0.05219364,0.412,0.403,0.377,-2.198,-1.648,-0.048
2019-01-25 22:00:00,-7.998,84.84889,0.05092174,0.412,0.403,0.377,-2.198,-1.648,-0.048
2019-01-25 23:00:00,-6.748,85.997765,0.051837146,0.412,0.403,0.377,-2.148,-1.648,-0.048
2019-01-26 00:00:00,-5.798,86.77044,0.05267346,0.412,0.403,0.377,-2.148,-1.648,-0.048
2019-01-26 01:00:00,-4.848,87.87329,0.051896185,0.412,0.403,0.377,-2.148,-1.648,-0.048
2019-01-26 02:00:00,-4.098,88.95387,0.05002293,0.412,0.403,0.377,-2.148,-1.648,-0.048
2019-01-26 03:00:00,-3.698,90.0051,0.046642005,0.412,0.403,0.377,-2.148,-1.648,-0.048
2019-01-26 04:00:00,-3.5479999,90.35766,0.045504868,0.412,0.403,0.377,-2.148,-1.648,-0.048
2019-01-26 05:00:00,-3.648,89.66927,0.048389792,0.412,0.403,0.377,-2.148,-1.648,-0.048
2019-01-26 06:00:00,-3.9980001,84.6661,0.0699608,0.412,0.403,0.377,-2.098,-1.648,-0.048
2019-01-26 07:00:00,-5.948,78.405815,0.08498892,0.412,0.403,0.377,-2.098,-1.648,-0.048
2019-01-26 08:00:00,-6.598,74.09068,0.09701276,0.412,0.403,0.377,-2.098,-1.648,-0.048
2019-01-26 09:00:00,-7.348,72.48774,0.09722629,0.412,0.403,0.377,-2.098,-1.648,-0.048
2019-01-26 10:00:00,-8.198,72.026886,0.092543185,0.412,0.403,0.377,-2.098,-1.648,-0.048
2019-01-26 11:00:00,-9.148,74.19902,0.079247534,0.412,0.403,0.377,-2.098,-1.648,-0.048
2019-01-26 12:00:00,-10.498,74.852104,0.069427595,0.412,0.403,0.377,-2.098,-1.648,-0.048
2019-01-26 13:00:00,-11.948,75.19708,0.060976446,0.412,0.403,0.377,-2.098,-1.648,-0.048
2019-01-26 14:00:00,-13.398,75.87058,0.052745685,0.412,0.403,0.377,-2.098,-1.648,-0.048
2019-01-26 15:00:00,-14.798,76.57737,0.045644253,0.412,0.403,0.377,-2.098,-1.648,-0.048
2019-01-26 16:00:00,-16.048,77.33557,0.039812535,0.412,0.403,0.377,-2.098,-1.648,-0.048
2019-01-26 17:00:00,-17.298,77.78232,0.035138495,0.412,0.403,0.377,-2.098,-1.648,-0.048
2019-01-26 18:00:00,-18.398,78.26831,0.031306118,0.412,0.403,0.377,-2.098,-1.648,-0.048
2019-01-26 19:00:00,-19.748,78.37914,0.027738139,0.412,0.403,0.377,-2.098,-1.648,-0.048
2019-01-26 20:00:00,-20.698,78.21477,0.02573765,0.412,0.403,0.377,-2.098,-1.648,-0.048
2019-01-26 21:00:00,-21.498,78.074936,0.024152257,0.412,0.403,0.377,-2.148,-1.648,-0.048
2019-01-26 22:00:00,-22.098,77.61903,0.023385629,0.412,0.403,0.377,-2.148,-1.648,-0.048
2019-01-26 23:00:00,-22.548,76.83986,0.023254693,0.412,0.403,0.377,-2.148,-1.648,-0.048
2019-01-27 00:00:00,-22.998,76.40833,0.02275931,0.412,0.403,0.377,-2.148,-1.648,-0.048
2019-01-27 01:00:00,-23.448,76.67261,0.021619044,0.412,0.403,0.377,-2.148,-1.648,-0.048
2019-01-27 02:00:00,-23.798,77.311485,0.020378694,0.412,0.403,0.377,-2.198,-1.648,-0.048
2019-01-27 03:00:00,-24.048,77.265724,0.019966438,0.412,0.403,0.377,-2.198,-1.648,-0.048
2019-01-27 04:00:00,-24.048,77.265724,0.019966438,0.412,0.403,0.377,-2.198,-1.648,-0.048
2019-01-27 05:00:00,-22.998,75.716354,0.023426272,0.412,0.403,0.377,-2.198,-1.648,-0.048
2019-01-27 06:00:00,-21.398,72.354034,0.030716337,0.412,0.403,0.377,-2.248,-1.698,-0.048
2019-01-27 07:00:00,-20.398,69.07866,0.037485376,0.412,0.403,0.377,-2.248,-1.698,-0.048
2019-01-27 08:00:00,-19.748,67.39755,0.041810766,0.412,0.403,0.377,-2.248,-1.698,-0.048
2019-01-27 09:00:00,-19.298,66.9064,0.044118777,0.412,0.403,0.377,-2.248,-1.698,-0.048
2019-01-27 10:00:00,-19.148,67.241554,0.044239447,0.412,0.403,0.377,-2.248,-1.698,-0.048
2019-01-27 11:00:00,-19.698,71.115555,0.03720802,0.412,0.403,0.377,-2.248,-1.698,-0.048
2019-01-27 12:00:00,-21.198,73.70997,0.029727764,0.412,0.403,0.377,-2.248,-1.698,-0.048
2019-01-27 13:00:00,-22.748,75.421196,0.024243712,0.412,0.403,0.377,-2.248,-1.698,-0.048
2019-01-27 14:00:00,-23.998,76.56959,0.020669952,0.412,0.403,0.377,-2.2979999,-1.698,-0.048
2019-01-27 15:00:00,-24.948,78.175995,0.01767186,0.412,0.403,0.377,-2.2979999,-1.698,-0.048
2019-01-27 16:00:00,-25.398,79.18882,0.0161773,0.412,0.403,0.377,-2.2979999,-1.698,-0.048
2019-01-27 17:00:00,-25.248,78.12262,0.01723903,0.412,0.403,0.377,-2.2979999,-1.698,-0.048
2019-01-27 18:00:00,-25.848,77.65288,0.01667139,0.412,0.403,0.377,-2.348,-1.698,-0.048
2019-01-27 19:00:00,-27.598,77.69799,0.014158614,0.412,0.403,0.377,-2.348,-1.698,-0.048
2019-01-27 20:00:00,-28.898,77.08781,0.012879953,0.412,0.403,0.377,-2.348,-1.698,-0.048
2019-01-27 21:00:00,-29.698,76.56549,0.012214102,0.412,0.403,0.377,-2.398,-1.698,-0.048
2019-01-27 22:00:00,-30.298,75.70958,0.011957265,0.412,0.403,0.377,-2.398,-1.698,-0.048
2019-01-27 23:00:00,-30.798,75.240875,0.011618562,0.412,0.403,0.377,-2.398,-1.698,-0.048
2019-01-28 00:00:00,-31.398,74.74999,0.011184376,0.412,0.403,0.377,-2.448,-1.698,-0.048
2019-01-28 01:00:00,-31.748,74.309525,0.011000887,0.412,0.403,0.377,-2.448,-1.698,-0.048
2019-01-28 02:00:00,-31.898,73.91137,0.011010047,0.412,0.403,0.377,-2.498,-1.698,-0.048
2019-01-28 03:00:00,-32.098003,73.86868,0.0108161345,0.412,0.403,0.377,-2.498,-1.698,-0.048
2019-01-28 04:00:00,-31.548,74.35155,0.011197336,0.411,0.403,0.377,-2.498,-1.698,-0.048
2019-01-28 05:00:00,-28.748,76.01592,0.01367341,0.411,0.403,0.377,-2.5479999,-1.698,-0.048
2019-01-28 06:00:00,-25.798,75.87306,0.018080287,0.411,0.403,0.377,-2.5479999,-1.698,-0.048
2019-01-28 07:00:00,-22.998,74.688965,0.024416417,0.411,0.403,0.377,-2.5479999,-1.698,-0.048
2019-01-28 08:00:00,-20.898,72.46027,0.03196702,0.411,0.403,0.377,-2.5479999,-1.698,-0.048
2019-01-28 09:00:00,-19.548,71.148384,0.03764999,0.411,0.403,0.377,-2.5479999,-1.698,-0.048
2019-01-28 10:00:00,-18.898,70.97586,0.04005175,0.411,0.403,0.377,-2.5479999,-1.7479999,-0.048
2019-01-28 11:00:00,-19.348,73.108635,0.035704285,0.411,0.403,0.377,-2.5479999,-1.7479999,-0.048
2019-01-28 12:00:00,-20.648,74.81751,0.029877655,0.411,0.403,0.377,-2.5479999,-1.7479999,-0.048
2019-01-28 13:00:00,-21.548,75.31394,0.027071923,0.411,0.403,0.377,-2.5479999,-1.7479999,-0.048
2019-01-28 14:00:00,-22.048,75.21656,0.026008204,0.411,0.403,0.377,-2.5479999,-1.7479999,-0.048
2019-01-28 15:00:00,-22.248,74.50004,0.026290886,0.411,0.403,0.377,-2.5479999,-1.7479999,-0.048
2019-01-28 16:00:00,-22.348,73.47355,0.027107298,0.411,0.403,0.377,-2.5479999,-1.7479999,-0.048
2019-01-28 17:00:00,-22.498,72.4473,0.027783379,0.411,0.403,0.377,-2.5479999,-1.7479999,-0.048
2019-01-28 18:00:00,-22.748,72.06431,0.027551226,0.411,0.403,0.377,-2.598,-1.7479999,-0.048
2019-01-28 19:00:00,-23.548,72.22187,0.025510095,0.411,0.402,0.377,-2.598,-1.7479999,-0.048
2019-01-28 20:00:00,-23.898,71.48369,0.025378413,0.411,0.402,0.377,-2.598,-1.7479999,-0.048
2019-01-28 21:00:00,-24.198,70.75911,0.025329914,0.411,0.402,0.377,-2.598,-1.7479999,-0.098000005
2019-01-28 22:00:00,-24.348,70.07193,0.025576428,0.411,0.402,0.377,-2.598,-1.7479999,-0.048
2019-01-28 23:00:00,-24.448,69.72408,0.025640935,0.411,0.402,0.377,-2.598,-1.7479999,-0.098000005
2019-01-29 00:00:00,-24.498,69.06669,0.02607895,0.411,0.402,0.377,-2.648,-1.7479999,-0.098000005
2019-01-29 01:00:00,-24.448,67.803474,0.027265195,0.411,0.402,0.377,-2.648,-1.7479999,-0.098000005
2019-01-29 02:00:00,-24.298,66.58724,0.028679002,0.411,0.402,0.377,-2.648,-1.7479999,-0.098000005
2019-01-29 03:00:00,-24.098,65.71236,0.029963534,0.411,0.402,0.377,-2.648,-1.798,-0.098000005
2019-01-29 04:00:00,-23.298,64.406075,0.033415273,0.411,0.402,0.377,-2.648,-1.798,-0.098000005
2019-01-29 05:00:00,-21.298,62.31083,0.042226687,0.411,0.402,0.377,-2.648,-1.798,-0.098000005
2019-01-29 06:00:00,-18.848,61.84582,0.05285903,0.411,0.402,0.377,-2.648,-1.798,-0.098000005
2019-01-29 07:00:00,-16.948,59.924923,0.06524139,0.411,0.402,0.377,-2.648,-1.798,-0.098000005
2019-01-29 08:00:00,-14.948,58.65794,0.07952839,0.411,0.402,0.377,-2.648,-1.798,-0.098000005
2019-01-29 09:00:00,-13.698,60.286377,0.084673524,0.411,0.402,0.377,-2.648,-1.798,-0.098000005
2019-01-29 10:00:00,-13.148,61.21378,0.08649437,0.411,0.402,0.377,-2.598,-1.798,-0.098000005
2019-01-29 11:00:00,-13.598,63.76377,0.077902004,0.411,0.402,0.377,-2.598,-1.798,-0.098000005
2019-01-29 12:00:00,-14.898,66.50976,0.06470767,0.411,0.402,0.377,-2.598,-1.798,-0.098000005
2019-01-29 13:00:00,-15.748,67.7536,0.058063142,0.411,0.402,0.377,-2.598,-1.798,-0.098000005
2019-01-29 14:00:00,-16.048,68.27165,0.055719323,0.411,0.402,0.377,-2.598,-1.798,-0.098000005
2019-01-29 15:00:00,-16.348,68.49841,0.053950578,0.411,0.402,0.377,-2.598,-1.798,-0.098000005
2019-01-29 16:00:00,-16.848,69.28152,0.050448187,0.411,0.402,0.377,-2.598,-1.798,-0.098000005
2019-01-29 17:00:00,-17.148,69.51581,0.04881428,0.411,0.402,0.377,-2.598,-1.798,-0.098000005
2019-01-29 18:00:00,-17.198,69.50452,0.048626788,0.411,0.402,0.377,-2.598,-1.798,-0.098000005
2019-01-29 19:00:00,-17.398,67.95646,0.050236613,0.411,0.402,0.377,-2.598,-1.798,-0.098000005
2019-01-29 20:00:00,-17.648,67.00876,0.050637566,0.411,0.402,0.377,-2.5479999,-1.798,-0.098000005
2019-01-29 21:00:00,-17.948,66.34878,0.050350912,0.411,0.402,0.377,-2.598,-1.8479999,-0.098000005
2019-01-29 22:00:00,-18.198,65.99509,0.049808644,0.411,0.402,0.377,-2.598,-1.8479999,-0.098000005
2019-01-29 23:00:00,-18.348,66.25081,0.048806526,0.411,0.402,0.377,-2.598,-1.8479999,-0.098000005
2019-01-30 00:00:00,-18.498,66.21396,0.04823816,0.411,0.402,0.377,-2.598,-1.8479999,-0.098000005
2019-01-30 01:00:00,-18.598,65.89623,0.048276916,0.411,0.402,0.377,-2.598,-1.8479999,-0.098000005
2019-01-30 02:00:00,-18.848,66.1278,0.04693441,0.411,0.402,0.377,-2.598,-1.8479999,-0.098000005
2019-01-30 03:00:00,-18.748,66.15244,0.047303736,0.411,0.402,0.377,-2.598,-1.8479999,-0.098000005
2019-01-30 04:00:00,-17.798,65.8028,0.051822834,0.411,0.402,0.377,-2.598,-1.8479999,-0.098000005
2019-01-30 05:00:00,-15.898,64.845924,0.06250631,0.411,0.402,0.377,-2.598,-1.8479999,-0.098000005
2019-01-30 06:00:00,-13.848,64.79844,0.07414791,0.411,0.402,0.377,-2.598,-1.8479999,-0.098000005
2019-01-30 07:00:00,-11.748,61.842358,0.09529725,0.411,0.402,0.377,-2.598,-1.8479999,-0.098000005
2019-01-30 08:00:00,-10.098,60.481827,0.11258082,0.411,0.402,0.377,-2.5479999,-1.8479999,-0.098000005
2019-01-30 09:00:00,-9.098,61.2489,0.119457975,0.411,0.402,0.377,-2.5479999,-1.8479999,-0.098000005
2019-01-30 10:00:00,-9.048,65.42547,0.107012674,0.411,0.402,0.377,-2.5479999,-1.8479999,-0.098000005
2019-01-30 11:00:00,-9.448,68.34284,0.09495562,0.411,0.402,0.377,-2.498,-1.8479999,-0.098000005
2019-01-30 12:00:00,-10.548,71.250595,0.07904938,0.411,0.402,0.377,-2.498,-1.8479999,-0.098000005
2019-01-30 13:00:00,-11.548,74.04019,0.06590375,0.411,0.402,0.377,-2.498,-1.8479999,-0.098000005
2019-01-30 14:00:00,-12.398,75.112755,0.059002444,0.411,0.402,0.377,-2.498,-1.8479999,-0.098000005
2019-01-30 15:00:00,-12.898,76.59723,0.0532825,0.411,0.402,0.377,-2.498,-1.8479999,-0.098000005
2019-01-30 16:00:00,-12.998,77.21949,0.05144693,0.411,0.402,0.377,-2.498,-1.8479999,-0.098000005
2019-01-30 17:00:00,-12.648,76.64186,0.054270178,0.411,0.402,0.377,-2.498,-1.8479999,-0.098000005
2019-01-30 18:00:00,-12.548,77.29796,0.053175464,0.411,0.402,0.377,-2.498,-1.8479999,-0.098000005
2019-01-30 19:00:00,-11.898,78.05087,0.05418171,0.411,0.402,0.377,-2.448,-1.8479999,-0.098000005
2019-01-30 20:00:00,-11.548,77.78974,0.056389555,0.411,0.402,0.377,-2.448,-1.8479999,-0.098000005
2019-01-30 21:00:00,-11.348,77.823685,0.057213247,0.411,0.402,0.377,-2.448,-1.8479999,-0.098000005
2019-01-30 22:00:00,-11.248,78.15999,0.05679886,0.411,0.402,0.377,-2.448,-1.8479999,-0.098000005
2019-01-30 23:00:00,-11.398,78.45572,0.055361226,0.411,0.402,0.377,-2.448,-1.8479999,-0.098000005
2019-01-31 00:00:00,-11.948,78.68767,0.05239919,0.411,0.402,0.377,-2.448,-1.8479999,-0.098000005
2019-01-31 01:00:00,-13.098,78.17185,0.048898116,0.411,0.402,0.377,-2.448,-1.8479999,-0.098000005
2019-01-31 02:00:00,-14.498,77.93407,0.044079155,0.411,0.402,0.377,-2.448,-1.898,-0.098000005
2019-01-31 03:00:00,-15.548,78.08438,0.04013583,0.411,0.402,0.377,-2.448,-1.898,-0.098000005
2019-01-31 04:00:00,-16.098,77.326744,0.039662033,0.411,0.402,0.377,-2.448,-1.898,-0.098000005
2019-01-31 05:00:00,-16.198,76.6504,0.04050435,0.411,0.402,0.377,-2.448,-1.898,-0.098000005
2019-01-31 06:00:00,-15.798,76.07066,0.042918846,0.411,0.402,0.377,-2.448,-1.898,-0.098000005
2019-01-31 07:00:00,-14.998,75.25392,0.047430933,0.411,0.402,0.377,-2.448,-1.898,-0.098000005
2019-01-31 08:00:00,-14.698,74.99237,0.04913482,0.411,0.402,0.377,-2.448,-1.898,-0.098000005
2019-01-31 09:00:00,-14.598,75.011406,0.04950404,0.411,0.402,0.377,-2.398,-1.898,-0.098000005
2019-01-31 10:00:00,-14.798,75.2917,0.048148036,0.411,0.402,0.377,-2.398,-1.898,-0.098000005
2019-01-31 11:00:00,-15.398,76.79453,0.043029502,0.411,0.402,0.377,-2.398,-1.898,-0.098000005
2019-01-31 12:00:00,-16.198,78.30665,0.037633017,0.411,0.402,0.377,-2.398,-1.898,-0.098000005
2019-01-31 13:00:00,-16.998,77.8345,0.035954475,0.411,0.402,0.377,-2.398,-1.898,-0.098000005
2019-01-31 14:00:00,-18.048,77.65105,0.033169053,0.411,0.402,0.377,-2.398,-1.898,-0.098000005
2019-01-31 15:00:00,-19.098,76.78861,0.031491674,0.411,0.402,0.377,-2.448,-1.898,-0.098000005
2019-01-31 16:00:00,-20.098,76.26656,0.029538125,0.411,0.402,0.377,-2.448,-1.898,-0.098000005
2019-01-31 17:00:00,-20.798,75.79652,0.02834408,0.411,0.402,0.377,-2.448,-1.898,-0.098000005
2019-01-31 18:00:00,-21.998,76.25107,0.025033697,0.411,0.402,0.377,-2.448,-1.898,-0.098000005
2019-01-31 19:00:00,-23.348,74.960815,0.023412198,0.411,0.402,0.377,-2.448,-1.898,-0.098000005
2019-01-31 20:00:00,-24.348,74.41749,0.021866724,0.411,0.402,0.377,-2.448,-1.898,-0.098000005
2019-01-31 21:00:00,-25.348,74.90796,0.01959049,0.411,0.402,0.377,-2.498,-1.898,-0.098000005
2019-01-31 22:00:00,-26.248,75.078186,0.017921217,0.411,0.402,0.377,-2.498,-1.898,-0.098000005
2019-01-31 23:00:00,-27.098,75.61871,0.016211908,0.411,0.402,0.377,-2.498,-1.898,-0.098000005
2019-02-01 00:00:00,-27.848,76.19134,0.014766447,0.411,0.402,0.377,-2.5479999,-1.898,-0.098000005
2019-02-01 01:00:00,-28.598,76.04531,0.01385048,0.411,0.402,0.377,-2.5479999,-1.898,-0.098000005
2019-02-01 02:00:00,-29.148,75.572845,0.013410874,0.41,0.402,0.377,-2.5479999,-1.898,-0.098000005
2019-02-01 03:00:00,-29.398,75.159355,0.01331928,0.41,0.402,0.377,-2.598,-1.898,-0.098000005
2019-02-01 04:00:00,-28.398,73.93155,0.01535647,0.41,0.402,0.377,-2.598,-1.898,-0.098000005
2019-02-01 05:00:00,-25.998,72.02345,0.02058154,0.41,0.402,0.377,-2.598,-1.898,-0.098000005
2019-02-01 06:00:00,-23.698,68.93547,0.028143626,0.41,0.402,0.377,-2.648,-1.898,-0.098000005
2019-02-01 07:00:00,-21.948,66.25424,0.03571458,0.41,0.402,0.377,-2.648,-1.898,-0.098000005
2019-02-01 08:00:00,-20.498,65.12647,0.041904077,0.41,0.402,0.377,-2.648,-1.898,-0.098000005
2019-02-01 09:00:00,-19.248,65.14998,0.046657547,0.41,0.402,0.377,-2.648,-1.898,-0.098000005
2019-02-01 10:00:00,-18.448,65.35103,0.049680337,0.41,0.402,0.377,-2.648,-1.898,-0.098000005
2019-02-01 11:00:00,-17.948,66.05667,0.05078748,0.41,0.402,0.377,-2.648,-1.898,-0.098000005
2019-02-01 12:00:00,-18.248,71.430695,0.041676827,0.41,0.402,0.377,-2.648,-1.898,-0.098000005
2019-02-01 13:00:00,-18.848,73.85859,0.03623216,0.41,0.402,0.377,-2.648,-1.898,-0.098000005
2019-02-01 14:00:00,-18.848,74.51075,0.03532903,0.41,0.402,0.377,-2.648,-1.948,-0.098000005
2019-02-01 15:00:00,-18.898,74.82901,0.034739137,0.41,0.402,0.377,-2.598,-1.948,-0.098000005
2019-02-01 16:00:00,-18.748,74.85823,0.035147548,0.41,0.402,0.377,-2.598,-1.948,-0.098000005
2019-02-01 17:00:00,-18.698,75.196945,0.034823067,0.41,0.402,0.377,-2.598,-1.948,-0.098000005
2019-02-01 18:00:00,-18.648,75.20658,0.034958735,0.41,0.402,0.377,-2.598,-1.948,-0.098000005
2019-02-01 19:00:00,-17.748,75.3789,0.0374816,0.41,0.402,0.377,-2.598,-1.948,-0.098000005
2019-02-01 20:00:00,-17.498,75.10004,0.038717233,0.41,0.402,0.377,-2.598,-1.948,-0.098000005
2019-02-01 21:00:00,-17.348,75.454956,0.03865301,0.41,0.402,0.377,-2.598,-1.948,-0.098000005
2019-02-01 22:00:00,-17.248,75.8011,0.038431562,0.41,0.402,0.378,-2.598,-1.948,-0.098000005
2019-02-01 23:00:00,-17.248,76.45926,0.03738703,0.41,0.402,0.378,-2.598,-1.948,-0.098000005
2019-02-02 00:00:00,-17.548,77.06888,0.035507403,0.41,0.402,0.378,-2.598,-1.948,-0.098000005
2019-02-02 01:00:00,-18.198,77.62464,0.032786928,0.41,0.402,0.378,-2.598,-1.948,-0.098000005
2019-02-02 02:00:00,-18.598,77.55406,0.031786755,0.41,0.402,0.378,-2.598,-1.948,-0.098000005
2019-02-02 03:00:00,-18.848,77.509796,0.031175256,0.41,0.402,0.378,-2.598,-1.948,-0.098000005
2019-02-02 04:00:00,-18.548,76.88861,0.032868586,0.41,0.402,0.378,-2.598,-1.948,-0.098000005
2019-02-02 05:00:00,-17.048,74.539085,0.04112228,0.41,0.402,0.378,-2.598,-1.948,-0.098000005
2019-02-02 06:00:00,-15.248,72.37632,0.05185719,0.41,0.402,0.378,-2.598,-1.948,-0.098000005
2019-02-02 07:00:00,-12.748,70.78416,0.06732227,0.41,0.402,0.378,-2.598,-1.948,-0.098000005
2019-02-02 08:00:00,-11.448,70.76723,0.074804574,0.41,0.402,0.378,-2.598,-1.948,-0.098000005
2019-02-02 09:00:00,-10.398,70.69905,0.08153103,0.41,0.402,0.378,-2.5479999,-1.948,-0.148
2019-02-02 10:00:00,-9.898,72.26635,0.08029166,0.41,0.402,0.378,-2.5479999,-1.948,-0.098000005
2019-02-02 11:00:00,-9.998,74.945816,0.0719669,0.41,0.402,0.378,-2.5479999,-1.948,-0.098000005
2019-02-02 12:00:00,-10.598,77.31782,0.062127575,0.41,0.402,0.378,-2.5479999,-1.948,-0.148
2019-02-02 13:00:00,-11.298,79.11706,0.054094046,0.41,0.402,0.378,-2.5479999,-1.948,-0.148
2019-02-02 14:00:00,-11.998,80.31394,0.048208013,0.41,0.402,0.378,-2.498,-1.948,-0.148
2019-02-02 15:00:00,-12.948,81.50566,0.0419413,0.41,0.402,0.378,-2.498,-1.948,-0.148
2019-02-02 16:00:00,-13.998,82.37603,0.03668639,0.41,0.402,0.378,-2.498,-1.948,-0.148
2019-02-02 17:00:00,-14.848,82.949715,0.033094734,0.41,0.402,0.378,-2.498,-1.948,-0.148
2019-02-02 18:00:00,-15.698,84.244316,0.028501391,0.41,0.402,0.378,-2.498,-1.948,-0.148
2019-02-02 19:00:00,-16.748,85.55343,0.023936868,0.41,0.402,0.378,-2.498,-1.948,-0.148
2019-02-02 20:00:00,-17.648,85.44626,0.022350878,0.41,0.402,0.378,-2.498,-1.948,-0.148
2019-02-02 21:00:00,-18.248,84.64119,0.02241449,0.41,0.402,0.378,-2.5479999,-1.948,-0.148
2019-02-02 22:00:00,-18.098,83.93359,0.023748033,0.41,0.402,0.378,-2.5479999,-1.948,-0.148
2019-02-02 23:00:00,-18.398,83.5322,0.023726813,0.41,0.402,0.378,-2.5479999,-1.948,-0.148
2019-02-03 00:00:00,-19.398,83.033714,0.022436932,0.41,0.402,0.378,-2.5479999,-1.948,-0.148
2019-02-03 01:00:00,-20.798,82.47237,0.020530783,0.41,0.402,0.378,-2.5479999,-1.9979999,-0.148
2019-02-03 02:00:00,-20.998,81.71575,0.021045841,0.41,0.402,0.378,-2.5479999,-1.9979999,-0.148
2019-02-03 03:00:00,-21.648,81.25484,0.020381287,0.41,0.401,0.378,-2.598,-1.9979999,-0.148
2019-02-03 04:00:00,-21.148,81.33121,0.02120819,0.41,0.401,0.378,-2.598,-1.9979999,-0.148
2019-02-03 05:00:00,-18.598,83.144196,0.02387435,0.41,0.401,0.378,-2.598,-1.9979999,-0.148
2019-02-03 06:00:00,-16.298,83.45604,0.028464854,0.41,0.401,0.378,-2.598,-1.9979999,-0.148
2019-02-03 07:00:00,-14.548,85.81068,0.028233662,0.41,0.401,0.378,-2.598,-1.9979999,-0.148
2019-02-03 08:00:00,-13.298,83.8504,0.035597757,0.41,0.401,0.378,-2.598,-1.9979999,-0.148
2019-02-03 09:00:00,-12.398,81.921875,0.042866066,0.41,0.401,0.378,-2.598,-1.9979999,-0.148
2019-02-03 10:00:00,-11.948,81.31647,0.04593855,0.41,0.401,0.378,-2.5479999,-1.9979999,-0.148
2019-02-03 11:00:00,-11.998,81.309135,0.045771897,0.41,0.401,0.378,-2.5479999,-1.9979999,-0.148
2019-02-03 12:00:00,-12.598,83.25307,0.039073408,0.41,0.401,0.378,-2.5479999,-1.9979999,-0.148
2019-02-03 13:00:00,-13.398,83.83746,0.035337105,0.41,0.401,0.378,-2.5479999,-1.9979999,-0.148
2019-02-03 14:00:00,-13.948,84.115105,0.033203438,0.41,0.401,0.378,-2.5479999,-1.9979999,-0.148
2019-02-03 15:00:00,-14.398,84.76174,0.03069684,0.41,0.401,0.378,-2.5479999,-1.9979999,-0.148
2019-02-03 16:00:00,-15.048,84.32696,0.029923543,0.41,0.401,0.378,-2.5479999,-1.9979999,-0.148
2019-02-03 17:00:00,-15.548,83.20417,0.03076367,0.41,0.401,0.378,-2.5479999,-1.9979999,-0.148
2019-02-03 18:00:00,-16.148,82.4202,0.03062813,0.41,0.401,0.378,-2.5479999,-1.9979999,-0.148
2019-02-03 19:00:00,-17.448,81.882675,0.02829592,0.41,0.401,0.378,-2.5479999,-1.9979999,-0.148
2019-02-03 20:00:00,-18.298,81.75808,0.026506655,0.41,0.401,0.378,-2.5479999,-1.9979999,-0.148
2019-02-03 21:00:00,-19.248,81.61735,0.024624698,0.41,0.401,0.378,-2.5479999,-1.9979999,-0.148
2019-02-03 22:00:00,-19.948,80.798904,0.024213351,0.41,0.401,0.378,-2.5479999,-1.9979999,-0.148
2019-02-03 23:00:00,-20.498,80.71321,0.023188092,0.41,0.401,0.378,-2.5479999,-1.9979999,-0.148
2019-02-04 00:00:00,-20.798,79.95384,0.023478895,0.41,0.401,0.378,-2.5479999,-1.9979999,-0.148
2019-02-04 01:00:00,-20.948,79.22198,0.024018958,0.41,0.401,0.378,-2.5479999,-1.9979999,-0.148
2019-02-04 02:00:00,-20.998,78.51147,0.02473142,0.41,0.401,0.378,-2.598,-1.9979999,-0.148
2019-02-04 03:00:00,-20.798,77.850266,0.02594082,0.41,0.401,0.378,-2.598,-1.9979999,-0.148
2019-02-04 04:00:00,-20.398,76.89049,0.028023109,0.41,0.401,0.378,-2.598,-1.9979999,-0.148
2019-02-04 05:00:00,-19.698,75.66956,0.031346627,0.41,0.401,0.378,-2.598,-1.9979999,-0.148
2019-02-04 06:00:00,-19.148,75.11011,0.0336224,0.41,0.401,0.378,-2.598,-1.9979999,-0.148
2019-02-04 07:00:00,-18.048,74.34269,0.038075186,0.41,0.401,0.378,-2.598,-1.9979999,-0.148
2019-02-04 08:00:00,-17.698,74.73597,0.03862302,0.41,0.401,0.378,-2.598,-1.9979999,-0.148
2019-02-04 09:00:00,-17.598,74.75543,0.03892172,0.41,0.401,0.378,-2.598,-1.9979999,-0.148
2019-02-04 10:00:00,-17.698,75.388435,0.03762632,0.41,0.401,0.378,-2.598,-1.9979999,-0.148
2019-02-04 11:00:00,-17.898,75.67886,0.036556922,0.41,0.401,0.378,-2.598,-1.9979999,-0.148
2019-02-04 12:00:00,-18.348,77.260864,0.0328964,0.41,0.401,0.378,-2.598,-1.9979999,-0.148
2019-02-04 13:00:00,-18.948,77.83211,0.030466564,0.41,0.401,0.378,-2.598,-1.9979999,-0.148
2019-02-04 14:00:00,-19.248,78.12152,0.02930437,0.41,0.401,0.378,-2.598,-1.9979999,-0.148
2019-02-04 15:00:00,-19.498,78.078094,0.028737336,0.41,0.401,0.378,-2.598,-1.9979999,-0.148
2019-02-04 16:00:00,-19.698,77.70013,0.028732449,0.41,0.401,0.378,-2.598,-1.9979999,-0.148
2019-02-04 17:00:00,-19.848,77.33146,0.02883102,0.41,0.401,0.378,-2.598,-1.9979999,-0.148
2019-02-04 18:00:00,-20.098,77.62929,0.027843393,0.41,0.401,0.378,-2.598,-1.9979999,-0.148
2019-02-04 19:00:00,-19.598,78.404945,0.028066136,0.41,0.401,0.378,-2.598,-1.9979999,-0.148
2019-02-04 20:00:00,-19.898,78.00838,0.027850062,0.41,0.401,0.378,-2.5479999,-1.9979999,-0.148
2019-02-04 21:00:00,-20.198,77.95582,0.027200438,0.41,0.401,0.378,-2.5479999,-1.9979999,-0.148
2019-02-04 22:00:00,-20.548,77.54921,0.026872091,0.41,0.401,0.378,-2.5479999,-1.9979999,-0.148
2019-02-04 23:00:00,-21.098,77.450775,0.025725357,0.41,0.401,0.378,-2.5479999,-1.9979999,-0.148
2019-02-05 00:00:00,-21.948,76.950386,0.02440454,0.41,0.401,0.378,-2.5479999,-1.9979999,-0.148
2019-02-05 01:00:00,-22.998,76.06163,0.023093492,0.41,0.401,0.378,-2.5479999,-1.9979999,-0.148
2019-02-05 02:00:00,-24.148,75.49322,0.021328956,0.41,0.401,0.378,-2.5479999,-2.0479999,-0.148
2019-02-05 03:00:00,-25.098,74.264885,0.020553853,0.41,0.401,0.378,-2.5479999,-2.0479999,-0.148
2019-02-05 04:00:00,-25.748,73.78576,0.019732635,0.41,0.401,0.378,-2.5479999,-2.0479999,-0.148
2019-02-05 05:00:00,-25.998,72.70323,0.020082071,0.41,0.401,0.378,-2.5479999,-2.0479999,-0.148
2019-02-05 06:00:00,-26.248,71.968475,0.02015461,0.41,0.401,0.378,-2.498,-2.0479999,-0.148
2019-02-05 07:00:00,-25.348,71.49442,0.022252306,0.41,0.401,0.378,-2.498,-2.0479999,-0.148
2019-02-05 08:00:00,-25.448,71.13842,0.022325639,0.41,0.401,0.378,-2.498,-2.0479999,-0.148
2019-02-05 09:00:00,-25.448,70.1456,0.023092605,0.41,0.401,0.378,-2.498,-2.0479999,-0.148
2019-02-05 10:00:00,-25.448,69.1653,0.02384983,0.41,0.401,0.378,-2.498,-2.0479999,-0.148
2019-02-05 11:00:00,-25.498,68.506584,0.024247847,0.41,0.401,0.378,-2.498,-2.0479999,-0.148
2019-02-05 12:00:00,-25.648,69.44372,0.023207627,0.41,0.401,0.378,-2.498,-2.0479999,-0.148
2019-02-05 13:00:00,-25.748,69.74754,0.022768293,0.41,0.401,0.378,-2.498,-2.0479999,-0.148
2019-02-05 14:00:00,-25.798,67.791794,0.024127517,0.41,0.401,0.378,-2.498,-2.0479999,-0.148
2019-02-05 15:00:00,-25.848,66.82563,0.024736803,0.41,0.401,0.378,-2.498,-2.0479999,-0.148
2019-02-05 16:00:00,-26.198,65.794136,0.0246999,0.41,0.401,0.378,-2.498,-2.0479999,-0.148
2019-02-05 17:00:00,-26.798,65.326744,0.023691941,0.41,0.401,0.378,-2.498,-2.0479999,-0.148
2019-02-05 18:00:00,-27.448,65.4712,0.022215642,0.41,0.401,0.378,-2.448,-2.0479999,-0.148
2019-02-05 19:00:00,-27.848,65.683044,0.021273013,0.41,0.401,0.378,-2.448,-2.0479999,-0.148
2019-02-05 20:00:00,-28.498,65.51393,0.020117112,0.41,0.401,0.378,-2.448,-2.0479999,-0.148
2019-02-05 21:00:00,-29.198,65.97167,0.018585052,0.41,0.401,0.378,-2.448,-2.0479999,-0.148
2019-02-05 22:00:00,-29.848,66.451675,0.017229259,0.41,0.401,0.378,-2.448,-2.0479999,-0.148
2019-02-05 23:00:00,-30.348,66.650345,0.016330875,0.41,0.401,0.378,-2.448,-2.0479999,-0.148
2019-02-06 00:00:00,-30.798,66.86449,0.015542384,0.41,0.401,0.378,-2.448,-2.0479999,-0.148
2019-02-06 01:00:00,-31.298,67.06851,0.0147220045,0.41,0.401,0.378,-2.498,-2.0479999,-0.148
2019-02-06 02:00:00,-31.898,67.24977,0.013816332,0.41,0.401,0.378,-2.498,-2.0479999,-0.148
2019-02-06 03:00:00,-32.498,67.433975,0.012960397,0.41,0.401,0.378,-2.498,-2.0479999,-0.148
2019-02-06 04:00:00,-32.498,67.09618,0.0130945705,0.41,0.401,0.378,-2.498,-2.0479999,-0.148
2019-02-06 05:00:00,-31.448,65.38144,0.015252495,0.41,0.401,0.378,-2.498,-2.0479999,-0.148
2019-02-06 06:00:00,-29.948,63.235317,0.018699072,0.41,0.401,0.378,-2.498,-2.0479999,-0.148
2019-02-06 07:00:00,-28.548,61.783726,0.022184283,0.41,0.401,0.378,-2.498,-2.0479999,-0.148
2019-02-06 08:00:00,-27.298,60.649868,0.025666013,0.41,0.401,0.378,-2.498,-2.0479999,-0.148
2019-02-06 09:00:00,-26.398,60.613613,0.027915716,0.41,0.401,0.378,-2.498,-2.0479999,-0.148
2019-02-06 10:00:00,-25.948,61.911705,0.028135438,0.41,0.401,0.378,-2.498,-2.0479999,-0.148
2019-02-06 11:00:00,-26.198,64.86253,0.02537144,0.409,0.401,0.378,-2.498,-2.0479999,-0.148
2019-02-06 12:00:00,-27.248,67.757126,0.021135777,0.409,0.401,0.378,-2.498,-2.0479999,-0.198
2019-02-06 13:00:00,-28.648,69.394714,0.017607242,0.409,0.401,0.378,-2.498,-2.0479999,-0.198
2019-02-06 14:00:00,-29.748,71.18279,0.0149444565,0.409,0.401,0.378,-2.498,-2.0479999,-0.198
2019-02-06 15:00:00,-30.698,73.08423,0.012750804,0.409,0.401,0.378,-2.498,-2.0479999,-0.198
2019-02-06 16:00:00,-31.398,74.38302,0.011346694,0.409,0.401,0.378,-2.498,-2.0479999,-0.198
2019-02-06 17:00:00,-31.248,74.04942,0.011661619,0.409,0.401,0.378,-2.498,-2.0479999,-0.198
2019-02-06 18:00:00,-31.548,73.25931,0.011673503,0.409,0.401,0.378,-2.498,-2.0479999,-0.198
2019-02-06 19:00:00,-32.748,72.27105,0.010772325,0.409,0.401,0.378,-2.5479999,-2.0479999,-0.198
2019-02-06 20:00:00,-33.198,72.16956,0.010345548,0.409,0.401,0.378,-2.5479999,-2.0479999,-0.198
2019-02-06 21:00:00,-33.598003,71.71642,0.010108154,0.409,0.401,0.378,-2.5479999,-2.0479999,-0.198
2019-02-06 22:00:00,-33.798,71.67048,0.0099268,0.409,0.401,0.378,-2.5479999,-2.0479999,-0.198
2019-02-06 23:00:00,-34.298,71.19266,0.009606577,0.409,0.401,0.378,-2.5479999,-2.0479999,-0.198
2019-02-07 00:00:00,-34.848003,71.06376,0.009135662,0.409,0.401,0.378,-2.5479999,-2.0479999,-0.198
2019-02-07 01:00:00,-35.198,70.61842,0.008957194,0.409,0.401,0.378,-2.598,-2.0479999,-0.198
2019-02-07 02:00:00,-35.498,70.54677,0.008712959,0.409,0.401,0.378,-2.598,-2.0479999,-0.198
2019-02-07 03:00:00,-35.748,70.486885,0.008513952,0.409,0.401,0.378,-2.598,-2.0479999,-0.198
2019-02-07 04:00:00,-35.848003,70.46288,0.00843548,0.409,0.401,0.378,-2.598,-2.0479999,-0.198
2019-02-07 05:00:00,-34.048,70.17527,0.010194723,0.409,0.401,0.378,-2.598,-2.0479999,-0.198
2019-02-07 06:00:00,-30.998,66.8132,0.015270421,0.409,0.401,0.378,-2.648,-2.0479999,-0.198
2019-02-07 07:00:00,-29.098,65.35685,0.019099634,0.409,0.401,0.378,-2.648,-2.0479999,-0.198
2019-02-07 08:00:00,-27.298,63.647865,0.02371436,0.409,0.401,0.378,-2.648,-2.0479999,-0.198
2019-02-07 09:00:00,-26.098,62.762157,0.027132954,0.409,0.401,0.378,-2.648,-2.0479999,-0.198
2019-02-07 10:00:00,-25.398,61.76977,0.029694553,0.409,0.401,0.378,-2.648,-2.0479999,-0.198
2019-02-07 11:00:00,-25.098,61.56061,0.030682515,0.409,0.401,0.378,-2.648,-2.0479999,-0.198
2019-02-07 12:00:00,-25.348,62.965935,0.028898422,0.409,0.401,0.378,-2.648,-2.0479999,-0.198
2019-02-07 13:00:00,-26.198,65.794136,0.0246999,0.409,0.401,0.378,-2.648,-2.0479999,-0.198
2019-02-07 14:00:00,-28.748,71.41035,0.01629546,0.409,0.401,0.378,-2.648,-2.0479999,-0.198
2019-02-07 15:00:00,-31.598,76.19482,0.010343537,0.409,0.401,0.378,-2.648,-2.0479999,-0.198
2019-02-07 16:00:00,-32.798,75.20373,0.009587582,0.409,0.401,0.378,-2.648,-2.0479999,-0.198
2019-02-07 17:00:00,-33.048,74.777855,0.009516289,0.409,0.401,0.378,-2.648,-2.0479999,-0.198
2019-02-07 18:00:00,-33.398003,74.70472,0.009221485,0.409,0.401,0.378,-2.648,-2.0479999,-0.198
2019-02-07 19:00:00,-34.048,73.819176,0.008951055,0.409,0.401,0.378,-2.648,-2.0479999,-0.198
2019-02-07 20:00:00,-34.398003,73.74343,0.008670749,0.409,0.401,0.378,-2.648,-2.0479999,-0.198
2019-02-07 21:00:00,-34.498,73.72174,0.008592101,0.409,0.401,0.378,-2.698,-2.0479999,-0.198
2019-02-07 22:00:00,-34.748,73.66737,0.008398255,0.409,0.401,0.378,-2.698,-2.0479999,-0.198
2019-02-07 23:00:00,-35.498,73.503334,0.007839732,0.409,0.401,0.378,-2.698,-2.0479999,-0.198
2019-02-08 00:00:00,-35.748,73.07208,0.0077693965,0.409,0.401,0.378,-2.698,-2.0479999,-0.198
2019-02-08 01:00:00,-35.148003,73.9565,0.0079809595,0.409,0.401,0.378,-2.698,-2.0479999,-0.198
2019-02-08 02:00:00,-34.698,74.43058,0.008195942,0.409,0.401,0.378,-2.698,-2.0479999,-0.198
2019-02-08 03:00:00,-34.448,75.241554,0.008136215,0.409,0.401,0.378,-2.698,-2.0479999,-0.198
2019-02-08 04:00:00,-32.948,74.05533,0.009884855,0.409,0.401,0.378,-2.748,-2.098,-0.198
2019-02-08 05:00:00,-30.298,71.755196,0.013901062,0.409,0.401,0.378,-2.748,-2.098,-0.198
2019-02-08 06:00:00,-27.598,69.977806,0.01905302,0.409,0.401,0.378,-2.748,-2.098,-0.198
2019-02-08 07:00:00,-25.048,67.97484,0.025686804,0.409,0.401,0.378,-2.698,-2.098,-0.198
2019-02-08 08:00:00,-22.798,66.65227,0.03273572,0.409,0.401,0.378,-2.698,-2.098,-0.198
2019-02-08 09:00:00,-21.248,65.528885,0.038796008,0.409,0.4,0.378,-2.698,-2.098,-0.198
2019-02-08 10:00:00,-20.548,65.40881,0.041384816,0.409,0.4,0.378,-2.698,-2.098,-0.198
2019-02-08 11:00:00,-20.698,68.390335,0.037331253,0.409,0.4,0.378,-2.698,-2.098,-0.198
2019-02-08 12:00:00,-21.598,71.015884,0.03164094,0.409,0.4,0.378,-2.698,-2.098,-0.198
2019-02-08 13:00:00,-22.298,72.16137,0.028572857,0.409,0.4,0.378,-2.648,-2.098,-0.198
2019-02-08 14:00:00,-22.498,71.46427,0.028773524,0.409,0.4,0.378,-2.648,-2.098,-0.198
2019-02-08 15:00:00,-22.848,71.387276,0.027968578,0.409,0.4,0.378,-2.648,-2.098,-0.198
2019-02-08 16:00:00,-22.648,70.78205,0.029071353,0.409,0.4,0.378,-2.648,-2.098,-0.198
2019-02-08 17:00:00,-22.148,69.93264,0.031269535,0.409,0.4,0.378,-2.648,-2.098,-0.198
2019-02-08 18:00:00,-21.748,69.07674,0.03331294,0.409,0.4,0.378,-2.648,-2.098,-0.198
2019-02-08 19:00:00,-21.248,68.56984,0.035377845,0.409,0.4,0.378,-2.648,-2.098,-0.198
2019-02-08 20:00:00,-20.648,68.40212,0.037480272,0.409,0.4,0.378,-2.648,-2.098,-0.198
2019-02-08 21:00:00,-20.048,68.8508,0.038925678,0.409,0.4,0.378,-2.598,-2.098,-0.198
2019-02-08 22:00:00,-19.348,69.62949,0.040318668,0.409,0.4,0.378,-2.598,-2.098,-0.198
2019-02-08 23:00:00,-18.698,71.648415,0.03980045,0.409,0.4,0.378,-2.598,-2.098,-0.198
2019-02-09 00:00:00,-18.248,71.744865,0.041218966,0.409,0.4,0.378,-2.598,-2.098,-0.198
2019-02-09 01:00:00,-17.798,73.425934,0.040280968,0.409,0.4,0.378,-2.598,-2.098,-0.198
2019-02-09 02:00:00,-17.548,74.44115,0.03957311,0.409,0.4,0.378,-2.598,-2.098,-0.198
2019-02-09 03:00:00,-17.298,75.46445,0.038801648,0.409,0.4,0.378,-2.598,-2.098,-0.198
2019-02-09 04:00:00,-16.798,75.234024,0.040851496,0.409,0.4,0.378,-2.598,-2.098,-0.198
2019-02-09 05:00:00,-16.198,75.34806,0.042761907,0.409,0.4,0.378,-2.5479999,-2.098,-0.198
2019-02-09 06:00:00,-15.398,75.17814,0.046024695,0.409,0.4,0.378,-2.5479999,-2.098,-0.198
2019-02-09 07:00:00,-14.498,75.348206,0.04924135,0.409,0.4,0.378,-2.5479999,-2.098,-0.198
2019-02-09 08:00:00,-13.848,76.42656,0.049670547,0.409,0.4,0.378,-2.5479999,-2.098,-0.198
2019-02-09 09:00:00,-13.248,76.53457,0.051926002,0.409,0.4,0.378,-2.5479999,-2.098,-0.198
2019-02-09 10:00:00,-12.898,77.23695,0.05182679,0.409,0.4,0.378,-2.498,-2.098,-0.198
2019-02-09 11:00:00,-12.748,78.8818,0.048672408,0.409,0.4,0.378,-2.498,-2.098,-0.198
2019-02-09 12:00:00,-12.748,80.53071,0.044873744,0.409,0.4,0.378,-2.498,-2.098,-0.198
2019-02-09 13:00:00,-13.048,83.88265,0.036256894,0.409,0.4,0.378,-2.498,-2.098,-0.198
2019-02-09 14:00:00,-13.398,84.884155,0.03304942,0.409,0.4,0.378,-2.498,-2.098,-0.198
2019-02-09 15:00:00,-13.998,85.87395,0.029407397,0.409,0.4,0.378,-2.498,-2.098,-0.198
2019-02-09 16:00:00,-14.598,86.523445,0.026705578,0.409,0.4,0.378,-2.498,-2.098,-0.198
2019-02-09 17:00:00,-14.998,87.205414,0.024530813,0.409,0.4,0.378,-2.448,-2.098,-0.198
2019-02-09 18:00:00,-14.848,86.135254,0.026913598,0.409,0.4,0.378,-2.448,-2.098,-0.198
2019-02-09 19:00:00,-15.248,86.45163,0.02544336,0.409,0.4,0.378,-2.448,-2.098,-0.198
2019-02-09 20:00:00,-15.798,85.30487,0.02636312,0.409,0.4,0.378,-2.448,-2.098,-0.198
2019-02-09 21:00:00,-16.548,84.493675,0.02612719,0.409,0.4,0.378,-2.448,-2.098,-0.198
2019-02-09 22:00:00,-16.998,84.43671,0.025249735,0.409,0.4,0.378,-2.448,-2.098,-0.198
2019-02-09 23:00:00,-17.248,84.404915,0.024773479,0.409,0.4,0.378,-2.448,-2.098,-0.198
2019-02-10 00:00:00,-17.048,83.71226,0.026313454,0.409,0.4,0.378,-2.448,-2.098,-0.198
2019-02-10 01:00:00,-16.998,82.29957,0.028715342,0.409,0.4,0.378,-2.448,-2.098,-0.198
2019-02-10 02:00:00,-17.098,80.88663,0.030746132,0.409,0.4,0.378,-2.448,-2.098,-0.198
2019-02-10 03:00:00,-17.348,80.501434,0.030710474,0.409,0.4,0.378,-2.448,-2.098,-0.198
2019-02-10 04:00:00,-17.248,79.1435,0.033126593,0.409,0.4,0.378,-2.448,-2.098,-0.198
2019-02-10 05:00:00,-16.948,75.85722,0.03932476,0.409,0.4,0.378,-2.448,-2.098,-0.198
2019-02-10 06:00:00,-16.398,74.02603,0.044305414,0.409,0.4,0.378,-2.448,-2.098,-0.198
2019-02-10 07:00:00,-15.748,72.89493,0.048813254,0.409,0.4,0.378,-2.448,-2.098,-0.198
2019-02-10 08:00:00,-15.298,72.36596,0.051661953,0.409,0.4,0.378,-2.448,-2.098,-0.198
2019-02-10 09:00:00,-14.848,71.844666,0.05463375,0.409,0.4,0.378,-2.448,-2.098,-0.198
2019-02-10 10:00:00,-14.498,71.91806,0.056087762,0.409,0.4,0.378,-2.448,-2.098,-0.198
2019-02-10 11:00:00,-14.398,72.859764,0.05465649,0.409,0.4,0.378,-2.398,-2.098,-0.198
2019-02-10 12:00:00,-14.648,76.28145,0.046796277,0.409,0.4,0.378,-2.398,-2.098,-0.198
2019-02-10 13:00:00,-15.148,79.15067,0.039472967,0.409,0.4,0.378,-2.398,-2.098,-0.24800001
2019-02-10 14:00:00,-15.298,80.13668,0.03714247,0.409,0.4,0.378,-2.398,-2.098,-0.24800001
2019-02-10 15:00:00,-15.198,80.83195,0.03614144,0.409,0.4,0.378,-2.398,-2.098,-0.24800001
2019-02-10 16:00:00,-15.598,81.45775,0.03381999,0.409,0.4,0.378,-2.398,-2.098,-0.24800001
2019-02-10 17:00:00,-16.048,81.73754,0.03208384,0.409,0.4,0.378,-2.398,-2.098,-0.24800001
2019-02-10 18:00:00,-16.948,82.30672,0.028824866,0.409,0.4,0.378,-2.398,-2.098,-0.24800001
2019-02-10 19:00:00,-18.098,82.854324,0.025342517,0.409,0.4,0.378,-2.398,-2.098,-0.24800001
2019-02-10 20:00:00,-18.548,82.79152,0.024477981,0.409,0.4,0.378,-2.398,-2.098,-0.24800001
2019-02-10 21:00:00,-18.798,83.11668,0.023507655,0.409,0.4,0.378,-2.398,-2.098,-0.24800001
2019-02-10 22:00:00,-19.148,83.06836,0.022877783,0.409,0.4,0.378,-2.398,-2.0479999,-0.24800001
2019-02-10 23:00:00,-19.248,83.0545,0.022700518,0.409,0.4,0.378,-2.398,-2.0479999,-0.24800001
2019-02-11 00:00:00,-19.098,82.71427,0.023456484,0.409,0.4,0.378,-2.398,-2.0479999,-0.24800001
2019-02-11 01:00:00,-18.548,82.43334,0.024987191,0.409,0.4,0.378,-2.398,-2.0479999,-0.24800001
2019-02-11 02:00:00,-18.098,82.49734,0.025869898,0.409,0.4,0.378,-2.398,-2.0479999,-0.24800001
2019-02-11 03:00:00,-17.648,82.20657,0.027323753,0.409,0.4,0.378,-2.398,-2.0479999,-0.24800001
2019-02-11 04:00:00,-17.148,80.87899,0.030628994,0.409,0.4,0.378,-2.398,-2.0479999,-0.24800001
2019-02-11 05:00:00,-16.498,79.60634,0.034501895,0.409,0.4,0.378,-2.398,-2.0479999,-0.24800001
2019-02-11 06:00:00,-15.898,78.35753,0.038497373,0.409,0.4,0.378,-2.398,-2.0479999,-0.24800001
2019-02-11 07:00:00,-15.348,77.130394,0.042583466,0.409,0.4,0.378,-2.398,-2.0479999,-0.24800001
2019-02-11 08:00:00,-14.598,75.648575,0.04824263,0.409,0.4,0.378,-2.398,-2.0479999,-0.24800001
2019-02-11 09:00:00,-14.098,74.79054,0.05203806,0.409,0.4,0.378,-2.398,-2.0479999,-0.24800001
2019-02-11 10:00:00,-13.598,74.57231,0.054681778,0.409,0.4,0.378,-2.398,-2.0479999,-0.24800001
2019-02-11 11:00:00,-13.298,74.94289,0.05522062,0.409,0.4,0.378,-2.398,-2.0479999,-0.24800001
2019-02-11 12:00:00,-13.598,78.41413,0.046424463,0.409,0.4,0.378,-2.398,-2.0479999,-0.24800001
2019-02-11 13:00:00,-14.198,80.644844,0.039632604,0.409,0.4,0.378,-2.398,-2.0479999,-0.24800001
2019-02-11 14:00:00,-14.248,81.65563,0.037409782,0.409,0.4,0.378,-2.398,-2.0479999,-0.24800001
2019-02-11 15:00:00,-14.598,81.94748,0.03576958,0.409,0.4,0.378,-2.398,-2.0479999,-0.24800001
2019-02-11 16:00:00,-14.548,82.29869,0.035218835,0.409,0.4,0.378,-2.398,-2.0479999,-0.24800001
2019-02-11 17:00:00,-14.648,82.63013,0.034275964,0.409,0.4,0.378,-2.348,-2.0479999,-0.24800001
2019-02-11 18:00:00,-14.698,83.318474,0.03278272,0.409,0.4,0.378,-2.348,-2.0479999,-0.24800001
2019-02-11 19:00:00,-14.998,84.33329,0.030035466,0.409,0.4,0.378,-2.348,-2.0479999,-0.24800001
2019-02-11 20:00:00,-14.948,85.04934,0.028781965,0.409,0.4,0.378,-2.348,-2.0479999,-0.24800001
2019-02-11 21:00:00,-15.248,86.08991,0.026122436,0.409,0.4,0.378,-2.348,-2.0479999,-0.24800001
2019-02-11 22:00:00,-14.898,86.129616,0.026813582,0.409,0.4,0.378,-2.348,-2.0479999,-0.24800001
2019-02-11 23:00:00,-14.598,86.523445,0.026705578,0.409,0.4,0.378,-2.348,-2.0479999,-0.24800001
2019-02-12 00:00:00,-14.448,86.90081,0.026280671,0.409,0.4,0.378,-2.348,-2.0479999,-0.24800001
2019-02-12 01:00:00,-13.848,86.964874,0.027472556,0.409,0.4,0.378,-2.348,-2.0479999,-0.24800001
2019-02-12 02:00:00,-13.498,87.00204,0.028189242,0.409,0.4,0.378,-2.348,-2.0479999,-0.24800001
2019-02-12 03:00:00,-13.348,87.37713,0.027713016,0.409,0.4,0.378,-2.348,-2.0479999,-0.24800001
2019-02-12 04:00:00,-12.498,86.75175,0.031163871,0.409,0.4,0.378,-2.348,-2.0479999,-0.24800001
2019-02-12 05:00:00,-11.548,86.15086,0.035167575,0.409,0.4,0.378,-2.348,-2.0479999,-0.24800001
2019-02-12 06:00:00,-9.698,85.324844,0.043173417,0.409,0.4,0.378,-2.348,-2.0479999,-0.24800001
2019-02-12 07:00:00,-8.848,84.07557,0.050085306,0.409,0.4,0.378,-2.348,-2.0479999,-0.24800001
2019-02-12 08:00:00,-7.748,82.89378,0.058618158,0.409,0.4,0.378,-2.348,-2.0479999,-0.24800001
2019-02-12 09:00:00,-7.048,82.661255,0.06272018,0.409,0.4,0.378,-2.348,-2.0479999,-0.24800001
2019-02-12 10:00:00,-6.848,83.01276,0.062403142,0.409,0.4,0.378,-2.348,-2.0479999,-0.24800001
2019-02-12 11:00:00,-6.848,83.993744,0.05880031,0.409,0.4,0.378,-2.348,-2.0479999,-0.24800001
2019-02-12 12:00:00,-7.548,86.58622,0.046685964,0.409,0.4,0.378,-2.2979999,-2.0479999,-0.24800001
2019-02-12 13:00:00,-8.548,87.85787,0.03909841,0.409,0.4,0.378,-2.2979999,-2.0479999,-0.24800001
2019-02-12 14:00:00,-9.148,88.85077,0.034253657,0.409,0.4,0.378,-2.2979999,-2.0479999,-0.24800001
2019-02-12 15:00:00,-9.648,88.80559,0.03306541,0.409,0.4,0.378,-2.2979999,-2.0479999,-0.24800001
2019-02-12 16:00:00,-9.848,88.78743,0.032600224,0.409,0.4,0.378,-2.2979999,-2.0479999,-0.24800001
2019-02-12 17:00:00,-10.498,89.08479,0.03014268,0.409,0.4,0.378,-2.2979999,-2.0479999,-0.24800001
2019-02-12 18:00:00,-11.048,89.035774,0.028980076,0.409,0.4,0.378,-2.2979999,-2.0479999,-0.24800001
2019-02-12 19:00:00,-11.198,89.382195,0.027730241,0.409,0.4,0.378,-2.2979999,-2.0479999,-0.24800001
2019-02-12 20:00:00,-11.398,89.72651,0.02640514,0.409,0.4,0.378,-2.2979999,-2.0479999,-0.24800001
2019-02-12 21:00:00,-11.648,89.70542,0.025934175,0.409,0.4,0.378,-2.2979999,-2.0479999,-0.24800001
2019-02-12 22:00:00,-12.148,90.0282,0.024130717,0.409,0.4,0.378,-2.2979999,-2.0479999,-0.24800001
2019-02-12 23:00:00,-11.998,89.6758,0.025287092,0.409,0.4,0.378,-2.2979999,-2.0479999,-0.24800001
2019-02-13 00:00:00,-12.098,89.30365,0.025988266,0.409,0.4,0.378,-2.2979999,-1.9979999,-0.24800001
2019-02-13 01:00:00,-11.948,89.316795,0.026271775,0.409,0.4,0.378,-2.2979999,-1.9979999,-0.24800001
2019-02-13 02:00:00,-12.348,89.64606,0.024654135,0.409,0.4,0.378,-2.2979999,-1.9979999,-0.24800001
2019-02-13 03:00:00,-12.798,89.24195,0.024699911,0.409,0.4,0.378,-2.2979999,-1.9979999,-0.24800001
2019-02-13 04:00:00,-12.048,88.945816,0.026965886,0.409,0.4,0.378,-2.2979999,-1.9979999,-0.24800001
2019-02-13 05:00:00,-10.848,87.63091,0.033218354,0.409,0.4,0.378,-2.2979999,-1.9979999,-0.24800001
2019-02-13 06:00:00,-9.598,86.71112,0.039405584,0.409,0.4,0.378,-2.2979999,-1.9979999,-0.24800001
2019-02-13 07:00:00,-9.398,84.680725,0.046146065,0.409,0.4,0.378,-2.2979999,-1.9979999,-0.24800001
2019-02-13 08:00:00,-8.748,83.75433,0.051497012,0.409,0.4,0.378,-2.248,-1.9979999,-0.24800001
2019-02-13 09:00:00,-7.998,82.53318,0.05870253,0.409,0.4,0.378,-2.248,-1.9979999,-0.24800001
2019-02-13 10:00:00,-7.598,82.26201,0.061493456,0.409,0.4,0.378,-2.248,-1.9979999,-0.24800001
2019-02-13 11:00:00,-7.448,82.28257,0.06213978,0.409,0.4,0.378,-2.248,-1.9979999,-0.24800001
2019-02-13 12:00:00,-7.648,84.55702,0.05333203,0.409,0.4,0.378,-2.248,-1.9979999,-0.24800001
2019-02-13 13:00:00,-8.598,87.16101,0.0411807,0.409,0.4,0.378,-2.248,-1.9979999,-0.24800001
2019-02-13 14:00:00,-9.148,87.79925,0.037483603,0.409,0.4,0.378,-2.248,-1.9979999,-0.24800001
2019-02-13 15:00:00,-9.448,88.47114,0.03459403,0.409,0.4,0.378,-2.248,-1.9979999,-0.24800001
2019-02-13 16:00:00,-9.548,88.81464,0.03330016,0.409,0.4,0.378,-2.248,-1.9979999,-0.24800001
2019-02-13 17:00:00,-9.698,89.15553,0.03190583,0.409,0.4,0.378,-2.248,-1.9979999,-0.24800001
2019-02-13 18:00:00,-10.098,90.19454,0.027951539,0.409,0.4,0.378,-2.248,-1.9979999,-0.24800001
2019-02-13 19:00:00,-10.098,91.644905,0.023817718,0.409,0.4,0.378,-2.248,-1.9979999,-0.24800001
2019-02-13 20:00:00,-9.948,91.655205,0.02407235,0.409,0.4,0.378,-2.248,-1.9979999,-0.24800001
2019-02-13 21:00:00,-9.948,92.3873,0.021960735,0.409,0.4,0.378,-2.248,-1.9979999,-0.24800001
2019-02-13 22:00:00,-9.898,92.758286,0.020973384,0.409,0.4,0.378,-2.248,-1.9979999,-0.24800001
2019-02-13 23:00:00,-9.998,92.0173,0.02293703,0.409,0.4,0.378,-2.248,-1.9979999,-0.24800001
2019-02-14 00:00:00,-10.198,92.00413,0.022613913,0.409,0.4,0.378,-2.248,-1.9979999,-0.24800001
2019-02-14 01:00:00,-10.398,91.990906,0.02229479,0.409,0.4,0.378,-2.248,-1.9979999,-0.24800001
2019-02-14 02:00:00,-10.348,91.994225,0.022374213,0.409,0.4,0.378,-2.248,-1.9979999,-0.24800001
2019-02-14 03:00:00,-10.298,91.99753,0.022453874,0.409,0.4,0.378,-2.248,-1.9979999,-0.24800001
2019-02-14 04:00:00,-10.098,92.010735,0.022774965,0.409,0.4,0.378,-2.248,-1.9979999,-0.24800001
2019-02-14 05:00:00,-9.598,92.043594,0.023595214,0.409,0.4,0.378,-2.198,-1.9979999,-0.24800001
2019-02-14 06:00:00,-8.748,91.737045,0.026195943,0.409,0.4,0.378,-2.198,-1.9979999,-0.24800001
2019-02-14 07:00:00,-8.248,89.98688,0.033007443,0.409,0.4,0.378,-2.198,-1.9979999,-0.24800001
2019-02-14 08:00:00,-7.298,87.97867,0.042657435,0.409,0.4,0.378,-2.198,-1.9979999,-0.24800001
2019-02-14 09:00:00,-6.498,86.025276,0.052738458,0.409,0.399,0.378,-2.198,-1.9979999,-0.24800001
2019-02-14 10:00:00,-5.798,83.79814,0.06450525,0.409,0.399,0.378,-2.198,-1.9979999,-0.24800001
2019-02-14 11:00:00,-5.848,83.79186,0.06428453,0.409,0.399,0.378,-2.198,-1.9979999,-0.24800001
2019-02-14 12:00:00,-7.048,86.301346,0.0495553,0.409,0.399,0.378,-2.198,-1.9979999,-0.24800001
2019-02-14 13:00:00,-8.598,87.853,0.03896162,0.408,0.399,0.378,-2.198,-1.9979999,-0.24800001
2019-02-14 14:00:00,-10.298,89.10254,0.030575335,0.408,0.399,0.378,-2.198,-1.9979999,-0.24800001
2019-02-14 15:00:00,-11.548,88.99093,0.027957186,0.408,0.399,0.378,-2.198,-1.9979999,-0.24800001
2019-02-14 16:00:00,-12.598,88.172325,0.027598754,0.408,0.399,0.378,-2.198,-1.948,-0.24800001
2019-02-14 17:00:00,-13.198,87.03376,0.028816521,0.408,0.399,0.378,-2.198,-1.948,-0.24800001
2019-02-14 18:00:00,-13.548,85.57094,0.031164527,0.408,0.399,0.378,-2.198,-1.948,-0.29799998
2019-02-14 19:00:00,-13.148,83.17964,0.03753133,0.408,0.399,0.378,-2.198,-1.948,-0.29799998
2019-02-14 20:00:00,-12.948,81.16926,0.042703867,0.408,0.399,0.378,-2.198,-1.948,-0.24800001
2019-02-14 21:00:00,-12.998,79.497856,0.046304002,0.408,0.399,0.378,-2.198,-1.948,-0.29799998
2019-02-14 22:00:00,-12.998,78.51416,0.048524573,0.408,0.399,0.378,-2.198,-1.948,-0.29799998
2019-02-14 23:00:00,-13.048,78.505875,0.048346445,0.408,0.399,0.378,-2.198,-1.948,-0.29799998
2019-02-15 00:00:00,-13.198,78.80801,0.04708901,0.408,0.399,0.378,-2.198,-1.948,-0.29799998
2019-02-15 01:00:00,-13.398,79.43388,0.04496035,0.408,0.399,0.378,-2.198,-1.948,-0.29799998
2019-02-15 02:00:00,-13.898,79.6859,0.042631403,0.408,0.399,0.378,-2.198,-1.948,-0.29799998
2019-02-15 03:00:00,-14.498,80.2615,0.03943214,0.408,0.399,0.378,-2.198,-1.948,-0.29799998
2019-02-15 04:00:00,-13.948,80.01169,0.041776568,0.408,0.399,0.378,-2.198,-1.948,-0.29799998
2019-02-15 05:00:00,-12.448,78.28101,0.05128719,0.408,0.399,0.378,-2.198,-1.948,-0.29799998
2019-02-15 06:00:00,-10.548,76.38654,0.064934835,0.408,0.399,0.378,-2.198,-1.948,-0.29799998
2019-02-15 07:00:00,-8.548,74.61267,0.08173035,0.408,0.399,0.378,-2.198,-1.948,-0.29799998
2019-02-15 08:00:00,-7.048,72.547554,0.09928873,0.408,0.399,0.378,-2.198,-1.948,-0.29799998
2019-02-15 09:00:00,-6.098,71.31161,0.11161029,0.408,0.399,0.378,-2.198,-1.948,-0.29799998
2019-02-15 10:00:00,-5.748,72.23315,0.11095342,0.408,0.399,0.378,-2.198,-1.948,-0.29799998
2019-02-15 11:00:00,-6.048,74.781364,0.09849283,0.408,0.399,0.378,-2.198,-1.948,-0.29799998
2019-02-15 12:00:00,-7.048,77.91809,0.07987201,0.408,0.399,0.378,-2.198,-1.948,-0.29799998
2019-02-15 13:00:00,-8.548,81.15568,0.060673356,0.408,0.399,0.378,-2.198,-1.948,-0.29799998
2019-02-15 14:00:00,-9.448,83.33059,0.050014645,0.408,0.399,0.378,-2.198,-1.948,-0.29799998
2019-02-15 15:00:00,-9.848,85.64978,0.0417206,0.408,0.399,0.378,-2.198,-1.948,-0.29799998
2019-02-15 16:00:00,-9.298,87.78454,0.03708902,0.408,0.399,0.378,-2.198,-1.948,-0.29799998
2019-02-15 17:00:00,-8.598,89.25168,0.03447607,0.408,0.399,0.378,-2.198,-1.948,-0.29799998
2019-02-15 18:00:00,-7.748,90.38024,0.032967806,0.408,0.399,0.378,-2.198,-1.948,-0.29799998
2019-02-15 19:00:00,-6.998,91.14391,0.032162994,0.408,0.399,0.378,-2.198,-1.948,-0.29799998
2019-02-15 20:00:00,-6.848,91.50883,0.031196207,0.408,0.399,0.378,-2.198,-1.948,-0.29799998
2019-02-15 21:00:00,-6.798,91.51227,0.031303763,0.408,0.399,0.378,-2.198,-1.948,-0.29799998
2019-02-15 22:00:00,-6.948,91.50193,0.030982107,0.408,0.399,0.378,-2.198,-1.948,-0.29799998
2019-02-15 23:00:00,-6.948,90.79428,0.033561677,0.408,0.399,0.378,-2.198,-1.948,-0.29799998
2019-02-16 00:00:00,-6.748,90.107475,0.03662479,0.408,0.399,0.378,-2.198,-1.948,-0.29799998
2019-02-16 01:00:00,-6.598,89.07711,0.04090777,0.408,0.399,0.378,-2.148,-1.948,-0.29799998
2019-02-16 02:00:00,-6.798,89.059586,0.04034823,0.408,0.399,0.378,-2.148,-1.948,-0.29799998
2019-02-16 03:00:00,-6.998,88.69597,0.041051984,0.408,0.399,0.378,-2.148,-1.948,-0.29799998
2019-02-16 04:00:00,-6.798,87.3437,0.046675414,0.408,0.399,0.378,-2.148,-1.948,-0.29799998
2019-02-16 05:00:00,-6.348,83.07835,0.064596,0.408,0.399,0.378,-2.148,-1.948,-0.29799998
2019-02-16 06:00:00,-5.898,81.21824,0.07420573,0.408,0.399,0.378,-2.148,-1.948,-0.29799998
2019-02-16 07:00:00,-4.748,79.209984,0.08963686,0.408,0.399,0.378,-2.148,-1.948,-0.29799998
2019-02-16 08:00:00,-4.198,78.3838,0.09714508,0.408,0.399,0.378,-2.148,-1.948,-0.29799998
2019-02-16 09:00:00,-3.748,76.96153,0.10709366,0.408,0.399,0.378,-2.148,-1.948,-0.29799998
2019-02-16 10:00:00,-3.498,76.41413,0.11170903,0.408,0.399,0.378,-2.148,-1.948,-0.29799998
2019-02-16 11:00:00,-3.448,78.80542,0.10076207,0.408,0.399,0.378,-2.148,-1.898,-0.29799998
2019-02-16 12:00:00,-3.698,81.52978,0.08618519,0.408,0.399,0.378,-2.148,-1.898,-0.29799998
2019-02-16 13:00:00,-3.9980001,84.343376,0.07143301,0.408,0.399,0.378,-2.148,-1.898,-0.29799998
2019-02-16 14:00:00,-3.9980001,86.29625,0.06252435,0.408,0.399,0.378,-2.148,-1.898,-0.29799998
2019-02-16 15:00:00,-3.948,88.62984,0.05207351,0.408,0.399,0.378,-2.148,-1.898,-0.29799998
2019-02-16 16:00:00,-4.048,90.662315,0.042446077,0.408,0.399,0.378,-2.148,-1.898,-0.29799998
2019-02-16 17:00:00,-3.7979999,92.41063,0.035152644,0.408,0.399,0.378,-2.098,-1.898,-0.29799998
2019-02-16 18:00:00,-3.448,93.480965,0.030996919,0.408,0.399,0.378,-2.098,-1.898,-0.29799998
2019-02-16 19:00:00,-2.7979999,95.27788,0.023567736,0.408,0.399,0.378,-2.098,-1.898,-0.29799998
2019-02-16 20:00:00,-2.748,95.99285,0.02007398,0.408,0.399,0.378,-2.098,-1.898,-0.29799998
2019-02-16 21:00:00,-2.998,95.984665,0.019744456,0.408,0.399,0.378,-2.098,-1.898,-0.29799998
2019-02-16 22:00:00,-3.2979999,95.258606,0.022798896,0.408,0.399,0.378,-2.098,-1.898,-0.29799998
2019-02-16 23:00:00,-3.898,94.16488,0.026825845,0.408,0.399,0.378,-2.098,-1.898,-0.29799998
2019-02-17 00:00:00,-4.548,93.06875,0.03034389,0.408,0.399,0.378,-2.098,-1.898,-0.29799998
2019-02-17 01:00:00,-5.148,92.68059,0.030621171,0.408,0.399,0.378,-2.098,-1.898,-0.29799998
2019-02-17 02:00:00,-5.948,92.98944,0.027596831,0.408,0.399,0.378,-2.098,-1.898,-0.29799998
2019-02-17 03:00:00,-6.398,93.32269,0.025395453,0.408,0.399,0.378,-2.098,-1.898,-0.29799998
2019-02-17 04:00:00,-6.198,91.90704,0.031254202,0.408,0.399,0.378,-2.098,-1.898,-0.29799998
2019-02-17 05:00:00,-5.448,87.14195,0.052577496,0.408,0.399,0.378,-2.098,-1.898,-0.29799998
2019-02-17 06:00:00,-4.948,84.552956,0.0656046,0.408,0.399,0.378,-2.098,-1.898,-0.29799998
2019-02-17 07:00:00,-3.698,82.47003,0.08179864,0.408,0.399,0.378,-2.098,-1.898,-0.29799998
2019-02-17 08:00:00,-2.998,80.39426,0.09639281,0.408,0.399,0.378,-2.098,-1.898,-0.29799998
2019-02-17 09:00:00,-2.398,79.57191,0.105012566,0.408,0.399,0.378,-2.098,-1.898,-0.29799998
2019-02-17 10:00:00,-2.148,79.9118,0.10519406,0.408,0.399,0.378,-2.0479999,-1.898,-0.29799998
2019-02-17 11:00:00,-2.0479999,80.2295,0.10429865,0.408,0.399,0.378,-2.0479999,-1.898,-0.29799998
2019-02-17 12:00:00,-2.2979999,85.185555,0.076725215,0.408,0.399,0.378,-2.0479999,-1.898,-0.29799998
2019-02-17 13:00:00,-2.848,88.06255,0.059354365,0.408,0.399,0.378,-2.0479999,-1.898,-0.29799998
2019-02-17 14:00:00,-3.098,90.732765,0.045229226,0.408,0.399,0.378,-2.0479999,-1.898,-0.29799998
2019-02-17 15:00:00,-3.148,92.45021,0.03671065,0.408,0.399,0.378,-2.0479999,-1.898,-0.29799998
2019-02-17 16:00:00,-2.948,93.50724,0.032044977,0.408,0.399,0.378,-2.0479999,-1.898,-0.29799998
2019-02-17 17:00:00,-2.698,94.573654,0.027284324,0.408,0.399,0.378,-2.0479999,-1.898,-0.29799998
2019-02-17 18:00:00,-2.498,95.6446,0.02222702,0.408,0.399,0.378,-2.0479999,-1.898,-0.29799998
2019-02-17 19:00:00,-2.498,96.3586,0.018583417,0.408,0.399,0.378,-2.0479999,-1.898,-0.29799998
2019-02-17 20:00:00,-2.2979999,96.00753,0.020679086,0.408,0.399,0.378,-2.0479999,-1.898,-0.29799998
2019-02-17 21:00:00,-2.248,96.36602,0.01889205,0.408,0.399,0.378,-2.0479999,-1.898,-0.29799998
2019-02-17 22:00:00,-2.2979999,96.00753,0.020679086,0.408,0.399,0.378,-2.0479999,-1.898,-0.29799998
2019-02-17 23:00:00,-2.448,96.00265,0.020475626,0.408,0.399,0.378,-2.0479999,-1.8479999,-0.29799998
2019-02-18 00:00:00,-2.648,95.99612,0.020207137,0.408,0.399,0.378,-2.0479999,-1.8479999,-0.29799998
2019-02-18 01:00:00,-2.848,95.98957,0.019941598,0.408,0.399,0.378,-1.9979999,-1.8479999,-0.29799998
2019-02-18 02:00:00,-3.098,95.98138,0.019613981,0.408,0.399,0.378,-1.9979999,-1.8479999,-0.29799998
2019-02-18 03:00:00,-3.448,95.610725,0.020870626,0.408,0.399,0.378,-1.9979999,-1.8479999,-0.29799998
2019-02-18 04:00:00,-3.748,93.817955,0.028742075,0.408,0.399,0.378,-1.9979999,-1.8479999,-0.29799998
2019-02-18 05:00:00,-4.298,89.6158,0.04632336,0.408,0.399,0.378,-1.9979999,-1.8479999,-0.29799998
2019-02-18 06:00:00,-4.648,86.88949,0.056960315,0.408,0.399,0.378,-1.9979999,-1.8479999,-0.29799998
2019-02-18 07:00:00,-5.398,86.47817,0.05550188,0.408,0.399,0.378,-1.9979999,-1.8479999,-0.29799998
2019-02-18 08:00:00,-5.048,81.97101,0.07598999,0.408,0.399,0.378,-1.9979999,-1.8479999,-0.29799998
2019-02-18 09:00:00,-4.798,79.20219,0.08933213,0.408,0.399,0.378,-1.9979999,-1.8479999,-0.29799998
2019-02-18 10:00:00,-4.548,77.12358,0.100131035,0.408,0.399,0.378,-1.9979999,-1.8479999,-0.29799998
2019-02-18 11:00:00,-4.398,76.85086,0.10247716,0.408,0.399,0.378,-1.9979999,-1.8479999,-0.29799998
2019-02-18 12:00:00,-4.698,78.911835,0.091266185,0.408,0.399,0.378,-1.9979999,-1.8479999,-0.29799998
2019-02-18 13:00:00,-5.298,81.6197,0.07601488,0.408,0.399,0.378,-1.9979999,-1.8479999,-0.29799998
2019-02-18 14:00:00,-5.798,83.47355,0.06579727,0.408,0.399,0.378,-1.9979999,-1.8479999,-0.29799998
2019-02-18 15:00:00,-6.298,84.71922,0.05855736,0.408,0.399,0.378,-1.9979999,-1.8479999,-0.29799998
2019-02-18 16:00:00,-6.748,85.997765,0.051837146,0.408,0.399,0.378,-1.9979999,-1.8479999,-0.29799998
2019-02-18 17:00:00,-6.948,86.98862,0.047433764,0.408,0.399,0.378,-1.9979999,-1.8479999,-0.29799998
2019-02-18 18:00:00,-6.848,87.33867,0.04651457,0.408,0.399,0.378,-1.9979999,-1.8479999,-0.29799998
2019-02-18 19:00:00,-6.598,87.02465,0.048593163,0.408,0.399,0.378,-1.9979999,-1.8479999,-0.29799998
2019-02-18 20:00:00,-6.148,86.733894,0.051425546,0.408,0.399,0.378,-1.9979999,-1.8479999,-0.29799998
2019-02-18 21:00:00,-5.848,86.76522,0.05249363,0.408,0.399,0.378,-1.9979999,-1.8479999,-0.29799998
2019-02-18 22:00:00,-5.698,87.453476,0.05033669,0.408,0.399,0.378,-1.9979999,-1.8479999,-0.29799998
2019-02-18 23:00:00,-5.448,87.14195,0.052577496,0.408,0.399,0.378,-1.9979999,-1.8479999,-0.29799998
2019-02-19 00:00:00,-5.148,85.18303,0.061982453,0.408,0.399,0.378,-1.9979999,-1.8479999,-0.29799998
2019-02-19 01:00:00,-5.348,84.179146,0.06518388,0.408,0.399,0.378,-1.9979999,-1.8479999,-0.29799998
2019-02-19 02:00:00,-5.398,84.17302,0.06496179,0.408,0.399,0.378,-1.9979999,-1.8479999,-0.29799998
2019-02-19 03:00:00,-4.898,85.86922,0.06024286,0.408,0.399,0.378,-1.9979999,-1.8479999,-0.29799998
2019-02-19 04:00:00,-3.698,86.986664,0.060725898,0.408,0.399,0.378,-1.9979999,-1.8479999,-0.29799998
2019-02-19 05:00:00,-2.598,87.75546,0.06202233,0.408,0.399,0.378,-1.9979999,-1.8479999,-0.29799998
2019-02-19 06:00:00,-1.5979999,87.85061,0.06626004,0.408,0.399,0.378,-1.9979999,-1.8479999,-0.29799998
2019-02-19 07:00:00,-0.398,87.63924,0.07360262,0.408,0.399,0.378,-1.9979999,-1.8479999,-0.29799998
2019-02-19 08:00:00,-0.098000005,81.41698,0.11309004,0.408,0.399,0.378,-1.9979999,-1.8479999,-0.29799998
2019-02-19 09:00:00,-0.54800004,79.850525,0.11866978,0.408,0.399,0.378,-1.9979999,-1.798,-0.29799998
2019-02-19 10:00:00,-1.0979999,81.88846,0.1024653,0.408,0.399,0.378,-1.948,-1.798,-0.29799998
2019-02-19 11:00:00,-1.5979999,81.82026,0.099143416,0.408,0.399,0.378,-1.948,-1.798,-0.29799998
2019-02-19 12:00:00,-2.0479999,82.68838,0.09132898,0.408,0.399,0.378,-1.948,-1.798,-0.29799998
2019-02-19 13:00:00,-2.498,83.57132,0.08383274,0.408,0.399,0.378,-1.948,-1.798,-0.29799998
2019-02-19 14:00:00,-2.698,83.546234,0.082723826,0.408,0.399,0.378,-1.948,-1.798,-0.29799998
2019-02-19 15:00:00,-2.748,83.22432,0.08402932,0.408,0.399,0.378,-1.948,-1.798,-0.29799998
2019-02-19 16:00:00,-3.0479999,84.13796,0.07769978,0.408,0.399,0.378,-1.948,-1.798,-0.29799998
2019-02-19 17:00:00,-3.398,86.36015,0.065093756,0.408,0.399,0.378,-1.948,-1.798,-0.29799998
2019-02-19 18:00:00,-3.748,88.64778,0.05277717,0.408,0.399,0.378,-1.948,-1.798,-0.29799998
2019-02-19 19:00:00,-3.848,89.65286,0.047745645,0.408,0.399,0.378,-1.948,-1.798,-0.29799998
2019-02-19 20:00:00,-4.048,90.31919,0.044005632,0.408,0.399,0.378,-1.948,-1.798,-0.29799998
2019-02-19 21:00:00,-4.248,90.99217,0.040335566,0.408,0.399,0.378,-1.948,-1.798,-0.29799998
2019-02-19 22:00:00,-4.448,91.6719,0.03673452,0.408,0.399,0.378,-1.948,-1.798,-0.348
2019-02-19 23:00:00,-4.498,91.66856,0.03661105,0.408,0.399,0.378,-1.948,-1.798,-0.29799998
2019-02-20 00:00:00,-4.748,91.65176,0.03599885,0.408,0.399,0.378,-1.948,-1.798,-0.348
2019-02-20 01:00:00,-5.248,91.96906,0.033343732,0.408,0.399,0.378,-1.948,-1.798,-0.348
2019-02-20 02:00:00,-5.748,92.29008,0.030816317,0.408,0.399,0.378,-1.948,-1.798,-0.348
2019-02-20 03:00:00,-6.098,91.913605,0.03146866,0.408,0.399,0.378,-1.948,-1.798,-0.348
2019-02-20 04:00:00,-5.748,90.88301,0.036439747,0.408,0.399,0.378,-1.948,-1.798,-0.348
2019-02-20 05:00:00,-4.948,88.20104,0.050113052,0.408,0.399,0.378,-1.948,-1.798,-0.348
2019-02-20 06:00:00,-4.148,84.648315,0.06925687,0.408,0.399,0.378,-1.948,-1.798,-0.348
2019-02-20 07:00:00,-3.448,78.50403,0.10219461,0.407,0.399,0.378,-1.948,-1.798,-0.348
2019-02-20 08:00:00,-3.148,74.44626,0.124231756,0.407,0.399,0.378,-1.948,-1.798,-0.348
2019-02-20 09:00:00,-2.848,71.968636,0.13935184,0.407,0.399,0.378,-1.948,-1.798,-0.348
2019-02-20 10:00:00,-2.898,73.075134,0.13335592,0.407,0.399,0.378,-1.948,-1.798,-0.348
2019-02-20 11:00:00,-3.2979999,77.9288,0.10611108,0.407,0.399,0.378,-1.948,-1.798,-0.348
2019-02-20 12:00:00,-4.098,81.78687,0.08247256,0.407,0.399,0.378,-1.948,-1.798,-0.348
2019-02-20 13:00:00,-5.448,85.80834,0.05802977,0.407,0.399,0.378,-1.948,-1.798,-0.348
2019-02-20 14:00:00,-6.648,87.69917,0.045890838,0.407,0.399,0.378,-1.948,-1.798,-0.348
2019-02-20 15:00:00,-7.298,88.66878,0.040208995,0.407,0.399,0.378,-1.948,-1.798,-0.348
2019-02-20 16:00:00,-7.898,88.96256,0.03738773,0.407,0.399,0.378,-1.948,-1.798,-0.348
2019-02-20 17:00:00,-8.148,89.29066,0.03557813,0.407,0.399,0.378,-1.948,-1.798,-0.348
2019-02-20 18:00:00,-8.348,88.92251,0.036231995,0.407,0.399,0.378,-1.948,-1.798,-0.348
2019-02-20 19:00:00,-8.598,88.200836,0.037846148,0.407,0.399,0.378,-1.948,-1.798,-0.348
2019-02-20 20:00:00,-9.148,88.14851,0.03641078,0.407,0.399,0.378,-1.948,-1.798,-0.348
2019-02-20 21:00:00,-9.598,88.45718,0.03422901,0.407,0.399,0.378,-1.948,-1.798,-0.348
2019-02-20 22:00:00,-9.548,88.46183,0.034350306,0.407,0.399,0.378,-1.948,-1.798,-0.348
2019-02-20 23:00:00,-9.648,89.15991,0.03201899,0.407,0.399,0.378,-1.948,-1.7479999,-0.348
2019-02-21 00:00:00,-9.798,90.218544,0.028552502,0.407,0.399,0.378,-1.948,-1.7479999,-0.348
2019-02-21 01:00:00,-9.848,90.93574,0.026354998,0.407,0.399,0.378,-1.948,-1.7479999,-0.348
2019-02-21 02:00:00,-9.648,90.58991,0.027795792,0.407,0.399,0.378,-1.948,-1.7479999,-0.348
2019-02-21 03:00:00,-9.448,89.53254,0.03140968,0.407,0.399,0.378,-1.948,-1.7479999,-0.348
2019-02-21 04:00:00,-8.848,87.828606,0.038283587,0.407,0.399,0.378,-1.948,-1.7479999,-0.348
2019-02-21 05:00:00,-7.898,85.19606,0.05014342,0.407,0.399,0.378,-1.948,-1.7479999,-0.348
2019-02-21 06:00:00,-7.098,82.65454,0.06250295,0.407,0.399,0.378,-1.948,-1.7479999,-0.348
2019-02-21 07:00:00,-7.348,76.94749,0.08147216,0.407,0.399,0.378,-1.948,-1.7479999,-0.348
2019-02-21 08:00:00,-7.248,76.05426,0.08528429,0.407,0.399,0.378,-1.948,-1.7479999,-0.348
2019-02-21 09:00:00,-6.948,75.80676,0.088182986,0.407,0.399,0.378,-1.948,-1.7479999,-0.348
2019-02-21 10:00:00,-6.698,75.25406,0.091949075,0.407,0.399,0.378,-1.948,-1.7479999,-0.348
2019-02-21 11:00:00,-6.598,75.869385,0.09035534,0.407,0.399,0.378,-1.948,-1.7479999,-0.348
2019-02-21 12:00:00,-6.948,79.17438,0.07591236,0.407,0.399,0.378,-1.948,-1.7479999,-0.348
2019-02-21 13:00:00,-7.448,81.31459,0.06553373,0.407,0.399,0.378,-1.948,-1.7479999,-0.348
2019-02-21 14:00:00,-7.798,82.234535,0.06064084,0.407,0.399,0.378,-1.948,-1.7479999,-0.348
2019-02-21 15:00:00,-8.248,82.49925,0.05768317,0.407,0.399,0.378,-1.948,-1.7479999,-0.348
2019-02-21 16:00:00,-8.548,82.13099,0.05753404,0.407,0.399,0.378,-1.948,-1.7479999,-0.348
2019-02-21 17:00:00,-9.098,81.07548,0.058362722,0.407,0.399,0.378,-1.948,-1.7479999,-0.348
2019-02-21 18:00:00,-9.798,80.64715,0.056482434,0.407,0.399,0.378,-1.948,-1.7479999,-0.348
2019-02-21 19:00:00,-10.748,81.160835,0.050992846,0.407,0.399,0.378,-1.948,-1.7479999,-0.348
2019-02-21 20:00:00,-11.248,81.750946,0.047463447,0.407,0.399,0.378,-1.948,-1.7479999,-0.348
2019-02-21 21:00:00,-11.398,81.729485,0.046952024,0.407,0.399,0.378,-1.948,-1.7479999,-0.348
2019-02-21 22:00:00,-11.648,82.02822,0.045267835,0.407,0.399,0.378,-1.948,-1.7479999,-0.348
2019-02-21 23:00:00,-11.698,81.68647,0.045943514,0.407,0.399,0.378,-1.948,-1.7479999,-0.348
2019-02-22 00:00:00,-11.998,81.64332,0.044953868,0.407,0.399,0.378,-1.948,-1.7479999,-0.348
2019-02-22 01:00:00,-12.148,81.95743,0.043654025,0.407,0.399,0.378,-1.948,-1.7479999,-0.348
2019-02-22 02:00:00,-12.348,81.929,0.043022662,0.407,0.399,0.378,-1.948,-1.7479999,-0.348
2019-02-22 03:00:00,-12.198,81.27982,0.04511051,0.407,0.399,0.378,-1.948,-1.7479999,-0.348
2019-02-22 04:00:00,-11.598,79.71953,0.051286027,0.407,0.399,0.378,-1.948,-1.7479999,-0.348
2019-02-22 05:00:00,-10.548,77.01199,0.06321572,0.407,0.399,0.378,-1.948,-1.7479999,-0.348
2019-02-22 06:00:00,-9.248,73.880226,0.07959825,0.407,0.399,0.378,-1.948,-1.7479999,-0.348
2019-02-22 07:00:00,-8.598,73.411415,0.08526185,0.407,0.399,0.378,-1.948,-1.7479999,-0.348
2019-02-22 08:00:00,-7.448,71.89056,0.09857017,0.407,0.399,0.378,-1.948,-1.7479999,-0.348
2019-02-22 09:00:00,-6.498,71.51275,0.10748291,0.407,0.399,0.378,-1.948,-1.7479999,-0.348
2019-02-22 10:00:00,-6.148,73.01383,0.10459006,0.407,0.399,0.378,-1.948,-1.7479999,-0.348
2019-02-22 11:00:00,-6.248,75.03965,0.09600395,0.407,0.399,0.378,-1.948,-1.7479999,-0.348
2019-02-22 12:00:00,-7.048,77.91809,0.07987201,0.407,0.399,0.378,-1.948,-1.7479999,-0.348
2019-02-22 13:00:00,-8.148,81.21368,0.06240329,0.407,0.399,0.378,-1.948,-1.7479999,-0.348
2019-02-22 14:00:00,-8.998,82.3969,0.054716438,0.407,0.398,0.378,-1.948,-1.7479999,-0.348
2019-02-22 15:00:00,-9.648,82.30747,0.052253276,0.407,0.398,0.378,-1.948,-1.7479999,-0.348
2019-02-22 16:00:00,-10.148,81.907166,0.0513642,0.407,0.398,0.378,-1.948,-1.7479999,-0.348
2019-02-22 17:00:00,-10.448,81.86476,0.050273716,0.407,0.398,0.378,-1.948,-1.7479999,-0.348
2019-02-22 18:00:00,-10.648,82.16864,0.048651755,0.407,0.398,0.378,-1.948,-1.7479999,-0.348
2019-02-22 19:00:00,-11.448,82.72832,0.04420863,0.407,0.398,0.378,-1.948,-1.7479999,-0.348
2019-02-22 20:00:00,-11.698,83.03261,0.042567596,0.407,0.398,0.378,-1.948,-1.7479999,-0.348
2019-02-22 21:00:00,-11.898,83.00575,0.041954964,0.407,0.398,0.378,-1.948,-1.7479999,-0.348
2019-02-22 22:00:00,-12.098,82.97885,0.041349933,0.407,0.398,0.378,-1.948,-1.7479999,-0.348
2019-02-22 23:00:00,-12.398,82.93833,0.040456757,0.407,0.398,0.378,-1.948,-1.7479999,-0.348
2019-02-23 00:00:00,-12.648,82.56382,0.040516585,0.407,0.398,0.378,-1.948,-1.7479999,-0.348
2019-02-23 01:00:00,-13.048,82.50849,0.039346978,0.407,0.398,0.378,-1.948,-1.7479999,-0.348
2019-02-23 02:00:00,-13.498,82.445915,0.038066447,0.407,0.398,0.378,-1.948,-1.7479999,-0.348
2019-02-23 03:00:00,-13.648,82.08314,0.038379773,0.407,0.398,0.378,-1.9979999,-1.7479999,-0.348
2019-02-23 04:00:00,-12.948,80.16752,0.04497458,0.407,0.398,0.378,-1.9979999,-1.7479999,-0.348
2019-02-23 05:00:00,-11.698,77.44508,0.056578815,0.407,0.398,0.378,-1.9979999,-1.7479999,-0.348
2019-02-23 06:00:00,-10.248,74.29047,0.07240015,0.407,0.398,0.378,-1.9979999,-1.7479999,-0.348
2019-02-23 07:00:00,-8.998,71.57306,0.08834265,0.407,0.398,0.378,-1.9979999,-1.7479999,-0.348
2019-02-23 08:00:00,-7.798,69.82725,0.10296965,0.407,0.398,0.378,-1.9979999,-1.7479999,-0.348
2019-02-23 09:00:00,-6.948,68.8987,0.11334886,0.407,0.398,0.378,-1.9979999,-1.7479999,-0.348
2019-02-23 10:00:00,-6.598,69.52781,0.114088655,0.407,0.398,0.378,-1.9979999,-1.698,-0.348
2019-02-23 11:00:00,-6.848,72.01212,0.102796346,0.407,0.398,0.378,-1.9979999,-1.7479999,-0.348
2019-02-23 12:00:00,-7.848,75.34329,0.083827734,0.407,0.398,0.378,-1.9979999,-1.698,-0.348
2019-02-23 13:00:00,-9.098,78.515495,0.06625457,0.407,0.398,0.378,-1.9979999,-1.698,-0.348
2019-02-23 14:00:00,-9.948,80.62468,0.055881515,0.407,0.398,0.378,-1.9979999,-1.698,-0.348
2019-02-23 15:00:00,-10.648,81.836395,0.049557924,0.407,0.398,0.378,-1.9979999,-1.698,-0.348
2019-02-23 16:00:00,-11.198,82.76231,0.04501356,0.407,0.398,0.378,-1.9979999,-1.698,-0.348
2019-02-23 17:00:00,-11.698,83.37222,0.041715845,0.407,0.398,0.378,-1.9979999,-1.698,-0.348
2019-02-23 18:00:00,-12.048,84.01072,0.039000854,0.407,0.398,0.378,-1.9979999,-1.698,-0.348
2019-02-23 19:00:00,-12.348,83.97246,0.038159356,0.407,0.398,0.378,-1.9979999,-1.698,-0.348
2019-02-23 20:00:00,-12.298,84.669785,0.03664729,0.407,0.398,0.378,-1.9979999,-1.698,-0.348
2019-02-23 21:00:00,-11.798,85.42442,0.036276132,0.407,0.398,0.378,-1.9979999,-1.698,-0.348
2019-02-23 22:00:00,-10.898,86.92191,0.03498222,0.407,0.398,0.378,-1.9979999,-1.698,-0.348
2019-02-23 23:00:00,-10.348,88.38691,0.032453775,0.407,0.398,0.378,-1.9979999,-1.698,-0.348
2019-02-24 00:00:00,-9.848,89.855865,0.029494315,0.407,0.398,0.378,-1.9979999,-1.698,-0.348
2019-02-24 01:00:00,-9.498,90.242455,0.029164702,0.407,0.398,0.378,-1.9979999,-1.698,-0.348
2019-02-24 02:00:00,-9.098,90.2742,0.02999866,0.407,0.398,0.378,-1.9979999,-1.698,-0.348
2019-02-24 03:00:00,-8.998,90.28211,0.030210376,0.407,0.398,0.378,-1.9979999,-1.698,-0.348
2019-02-24 04:00:00,-8.398,88.56828,0.037244856,0.407,0.398,0.378,-1.9979999,-1.698,-0.348
2019-02-24 05:00:00,-7.848,78.71841,0.07235727,0.407,0.398,0.378,-1.9979999,-1.698,-0.348
2019-02-24 06:00:00,-7.648,73.89063,0.09015241,0.407,0.398,0.378,-1.9979999,-1.698,-0.348
2019-02-24 07:00:00,-7.698,73.58629,0.09084982,0.407,0.398,0.378,-1.9979999,-1.698,-0.348
2019-02-24 08:00:00,-7.398,72.188705,0.09790322,0.407,0.398,0.378,-1.9979999,-1.698,-0.348
2019-02-24 09:00:00,-7.098,70.5393,0.10613814,0.407,0.398,0.378,-1.9979999,-1.698,-0.348
2019-02-24 10:00:00,-6.948,69.73031,0.11031973,0.407,0.398,0.378,-1.9979999,-1.698,-0.348
2019-02-24 11:00:00,-6.898,70.58139,0.10763335,0.407,0.398,0.378,-1.9979999,-1.698,-0.348
2019-02-24 12:00:00,-7.248,75.45264,0.087426126,0.407,0.398,0.378,-1.9979999,-1.698,-0.348
2019-02-24 13:00:00,-8.298,79.90979,0.065957785,0.407,0.398,0.378,-1.9979999,-1.698,-0.348
2019-02-24 14:00:00,-9.348,83.01088,0.051376417,0.407,0.398,0.378,-1.9979999,-1.698,-0.348
2019-02-24 15:00:00,-9.798,84.632195,0.04485506,0.407,0.398,0.378,-1.9979999,-1.698,-0.348
2019-02-24 16:00:00,-10.048,84.94223,0.043090135,0.407,0.398,0.378,-1.9979999,-1.698,-0.348
2019-02-24 17:00:00,-10.148,85.95987,0.039861843,0.407,0.398,0.378,-1.9979999,-1.698,-0.348
2019-02-24 18:00:00,-10.498,87.31428,0.035030916,0.407,0.398,0.378,-1.948,-1.698,-0.348
2019-02-24 19:00:00,-10.798,87.98955,0.032384187,0.407,0.398,0.378,-1.9979999,-1.698,-0.348
2019-02-24 20:00:00,-11.248,88.659164,0.029499993,0.407,0.398,0.378,-1.9979999,-1.698,-0.348
2019-02-24 21:00:00,-11.448,88.282715,0.0299948,0.406,0.398,0.378,-1.9979999,-1.698,-0.348
2019-02-24 22:00:00,-11.798,87.891685,0.030137002,0.406,0.398,0.378,-1.9979999,-1.698,-0.348
2019-02-24 23:00:00,-11.948,87.520164,0.030688912,0.406,0.398,0.378,-1.9979999,-1.698,-0.348
2019-02-25 00:00:00,-12.048,86.799934,0.032199234,0.406,0.398,0.378,-1.9979999,-1.698,-0.348
2019-02-25 01:00:00,-12.098,86.089386,0.033795565,0.406,0.398,0.378,-1.9979999,-1.698,-0.348
2019-02-25 02:00:00,-12.098,85.7387,0.034647316,0.406,0.398,0.378,-1.9979999,-1.698,-0.348
2019-02-25 03:00:00,-11.998,85.05313,0.036606103,0.406,0.398,0.378,-1.9979999,-1.698,-0.348
2019-02-25 04:00:00,-11.698,83.37222,0.041715845,0.406,0.398,0.378,-1.9979999,-1.698,-0.348
2019-02-25 05:00:00,-11.148,79.79002,0.052983433,0.406,0.398,0.378,-1.9979999,-1.698,-0.348
2019-02-25 06:00:00,-10.798,76.030396,0.06461495,0.406,0.398,0.378,-1.9979999,-1.698,-0.348
2019-02-25 07:00:00,-10.498,76.395454,0.06516887,0.406,0.398,0.378,-1.9979999,-1.698,-0.348
2019-02-25 08:00:00,-10.048,75.54871,0.06995858,0.406,0.398,0.378,-1.9979999,-1.698,-0.348
2019-02-25 09:00:00,-9.698,75.30672,0.07263252,0.406,0.398,0.378,-1.9979999,-1.698,-0.348
2019-02-25 10:00:00,-9.498,75.34357,0.07367703,0.406,0.398,0.378,-1.9979999,-1.698,-0.348
2019-02-25 11:00:00,-9.648,76.546234,0.06926106,0.406,0.398,0.378,-1.9979999,-1.698,-0.348
2019-02-25 12:00:00,-9.948,79.65397,0.058680102,0.406,0.398,0.378,-1.9979999,-1.698,-0.348
2019-02-25 13:00:00,-10.398,82.2035,0.049531266,0.406,0.398,0.378,-1.9979999,-1.698,-0.348
2019-02-25 14:00:00,-10.648,83.17262,0.04591334,0.406,0.398,0.378,-1.9979999,-1.698,-0.348
2019-02-25 15:00:00,-10.848,84.162445,0.042530492,0.406,0.398,0.378,-1.9979999,-1.698,-0.348
2019-02-25 16:00:00,-11.148,84.80991,0.039827064,0.406,0.398,0.378,-1.9979999,-1.698,-0.348
2019-02-25 17:00:00,-11.398,85.471054,0.037339598,0.406,0.398,0.378,-1.9979999,-1.698,-0.348
2019-02-25 18:00:00,-11.548,85.8016,0.036054224,0.406,0.398,0.378,-1.9979999,-1.698,-0.348
2019-02-25 19:00:00,-12.198,86.7839,0.0318508,0.406,0.398,0.378,-1.9979999,-1.698,-0.348
2019-02-25 20:00:00,-12.798,86.71948,0.030489787,0.406,0.398,0.378,-1.9979999,-1.698,-0.348
2019-02-25 21:00:00,-12.598,87.09688,0.030107588,0.406,0.398,0.378,-1.9979999,-1.698,-0.348
2019-02-25 22:00:00,-12.348,87.12304,0.030660227,0.406,0.398,0.378,-1.9979999,-1.698,-0.348
2019-02-25 23:00:00,-11.898,87.16993,0.03167717,0.406,0.398,0.378,-1.9979999,-1.698,-0.348
2019-02-26 00:00:00,-11.598,86.84787,0.0332644,0.406,0.398,0.378,-1.9979999,-1.698,-0.348
2019-02-26 01:00:00,-11.498,86.50681,0.034401625,0.406,0.398,0.378,-1.9979999,-1.698,-0.348
2019-02-26 02:00:00,-11.498,86.85849,0.03350523,0.406,0.398,0.378,-1.9979999,-1.698,-0.348
2019-02-26 03:00:00,-11.548,86.85318,0.03338462,0.406,0.398,0.378,-1.9979999,-1.698,-0.348
2019-02-26 04:00:00,-10.398,85.931786,0.039157376,0.406,0.398,0.378,-1.9979999,-1.698,-0.348
2019-02-26 05:00:00,-8.748,84.42303,0.04937789,0.406,0.398,0.378,-1.9979999,-1.698,-0.348
2019-02-26 06:00:00,-7.298,84.26783,0.055822313,0.406,0.398,0.378,-1.9979999,-1.698,-0.348
2019-02-26 07:00:00,-6.248,85.38666,0.056215078,0.406,0.398,0.378,-1.9979999,-1.698,-0.348
2019-02-26 08:00:00,-5.448,85.14838,0.060727894,0.406,0.398,0.378,-1.9979999,-1.698,-0.348
2019-02-26 09:00:00,-4.798,84.24636,0.067670286,0.406,0.398,0.378,-1.9979999,-1.698,-0.398
2019-02-26 10:00:00,-4.298,83.02443,0.07572174,0.406,0.398,0.378,-1.9979999,-1.698,-0.398
2019-02-26 11:00:00,-4.098,85.62971,0.065074265,0.406,0.398,0.378,-1.9979999,-1.698,-0.398
2019-02-26 12:00:00,-4.098,84.33129,0.07095301,0.406,0.398,0.378,-1.948,-1.698,-0.398
2019-02-26 13:00:00,-5.098,88.18703,0.04960555,0.406,0.398,0.378,-1.948,-1.698,-0.398
2019-02-26 14:00:00,-6.248,89.45296,0.04057482,0.406,0.398,0.378,-1.948,-1.698,-0.348
2019-02-26 15:00:00,-6.648,90.115425,0.03687769,0.406,0.398,0.378,-1.948,-1.698,-0.398
2019-02-26 16:00:00,-6.648,90.115425,0.03687769,0.406,0.398,0.378,-1.948,-1.698,-0.398
2019-02-26 17:00:00,-6.998,90.43842,0.0347248,0.406,0.398,0.378,-1.948,-1.698,-0.398
2019-02-26 18:00:00,-7.448,90.40357,0.033661187,0.406,0.398,0.378,-1.948,-1.698,-0.398
2019-02-26 19:00:00,-7.548,90.3958,0.0334287,0.406,0.398,0.378,-1.948,-1.698,-0.398
2019-02-26 20:00:00,-7.798,90.730644,0.031644106,0.406,0.398,0.378,-1.948,-1.698,-0.398
2019-02-26 21:00:00,-8.098,89.99904,0.03335464,0.406,0.398,0.378,-1.948,-1.698,-0.398
2019-02-26 22:00:00,-8.248,90.34116,0.03183973,0.406,0.398,0.378,-1.948,-1.698,-0.398
2019-02-26 23:00:00,-8.448,90.32548,0.03139794,0.406,0.398,0.378,-1.948,-1.698,-0.398
2019-02-27 00:00:00,-8.748,91.01694,0.028478593,0.406,0.398,0.378,-1.948,-1.698,-0.398
2019-02-27 01:00:00,-8.998,91.3587,0.026863992,0.406,0.398,0.378,-1.948,-1.698,-0.398
2019-02-27 02:00:00,-9.248,92.431145,0.023073047,0.406,0.398,0.378,-1.948,-1.698,-0.398
2019-02-27 03:00:00,-9.148,93.169975,0.020985186,0.406,0.398,0.378,-1.948,-1.698,-0.398
2019-02-27 04:00:00,-8.448,88.91358,0.03597939,0.406,0.398,0.378,-1.948,-1.698,-0.398
2019-02-27 05:00:00,-7.798,85.88129,0.04819569,0.406,0.398,0.378,-1.948,-1.698,-0.398
2019-02-27 06:00:00,-7.048,83.64018,0.059179902,0.406,0.398,0.378,-1.948,-1.698,-0.398
2019-02-27 07:00:00,-6.548,82.72813,0.0649288,0.406,0.398,0.378,-1.948,-1.698,-0.398
2019-02-27 08:00:00,-5.848,79.65713,0.08067912,0.406,0.398,0.378,-1.948,-1.698,-0.398
2019-02-27 09:00:00,-5.298,74.91948,0.10371518,0.406,0.398,0.378,-1.948,-1.698,-0.398
2019-02-27 10:00:00,-4.948,70.15632,0.12672326,0.406,0.398,0.378,-1.948,-1.698,-0.398
2019-02-27 11:00:00,-4.798,69.6391,0.13039047,0.406,0.398,0.378,-1.948,-1.698,-0.398
2019-02-27 12:00:00,-5.098,74.66394,0.106373996,0.406,0.398,0.378,-1.948,-1.698,-0.398
2019-02-27 13:00:00,-6.148,79.923035,0.0778203,0.406,0.398,0.378,-1.948,-1.698,-0.398
2019-02-27 14:00:00,-7.398,83.267296,0.058914393,0.406,0.398,0.378,-1.948,-1.698,-0.398
2019-02-27 15:00:00,-8.548,85.45801,0.046824366,0.406,0.398,0.378,-1.948,-1.698,-0.398
2019-02-27 16:00:00,-9.448,87.42099,0.037744522,0.406,0.398,0.378,-1.948,-1.698,-0.398
2019-02-27 17:00:00,-9.998,88.41977,0.033272058,0.406,0.398,0.378,-1.948,-1.698,-0.398
2019-02-27 18:00:00,-10.198,88.75557,0.03179978,0.406,0.398,0.378,-1.948,-1.698,-0.398
2019-02-27 19:00:00,-10.698,89.785225,0.02776353,0.406,0.398,0.378,-1.948,-1.698,-0.398
2019-02-27 20:00:00,-11.048,90.84594,0.024196312,0.406,0.398,0.378,-1.948,-1.698,-0.398
2019-02-27 21:00:00,-11.548,90.80813,0.02334325,0.406,0.398,0.378,-1.948,-1.698,-0.398
2019-02-27 22:00:00,-12.048,90.036415,0.024305925,0.406,0.398,0.378,-1.948,-1.698,-0.398
2019-02-27 23:00:00,-12.498,89.633255,0.024387076,0.406,0.398,0.378,-1.948,-1.698,-0.398
2019-02-28 00:00:00,-13.098,89.21536,0.02416499,0.406,0.398,0.378,-1.948,-1.698,-0.398
2019-02-28 01:00:00,-13.398,88.82263,0.024440363,0.406,0.398,0.378,-1.948,-1.698,-0.398
2019-02-28 02:00:00,-14.098,88.02605,0.024724811,0.406,0.398,0.378,-1.948,-1.698,-0.398
2019-02-28 03:00:00,-14.148,88.02112,0.024633676,0.406,0.398,0.378,-1.948,-1.698,-0.398
2019-02-28 04:00:00,-13.148,86.68169,0.029719457,0.406,0.398,0.378,-1.948,-1.698,-0.398
2019-02-28 05:00:00,-11.598,87.55557,0.031474918,0.406,0.398,0.378,-1.948,-1.698,-0.398
2019-02-28 06:00:00,-9.798,87.03707,0.037837386,0.406,0.398,0.378,-1.948,-1.698,-0.398
2019-02-28 07:00:00,-8.648,82.773575,0.055033833,0.406,0.398,0.378,-1.948,-1.698,-0.398
2019-02-28 08:00:00,-7.548,78.455,0.07497677,0.406,0.398,0.378,-1.948,-1.698,-0.398
2019-02-28 09:00:00,-6.848,74.92924,0.09208667,0.406,0.398,0.378,-1.948,-1.698,-0.398
2019-02-28 10:00:00,-6.598,73.50609,0.099200696,0.406,0.398,0.378,-1.948,-1.698,-0.398
2019-02-28 11:00:00,-6.998,75.797806,0.08787635,0.406,0.398,0.378,-1.948,-1.698,-0.398
2019-02-28 12:00:00,-7.798,75.65374,0.083094716,0.406,0.398,0.378,-1.948,-1.698,-0.398
2019-02-28 13:00:00,-8.098,75.29754,0.08236675,0.406,0.398,0.378,-1.948,-1.698,-0.398
2019-02-28 14:00:00,-9.048,79.15659,0.06453103,0.406,0.398,0.378,-1.948,-1.698,-0.398
2019-02-28 15:00:00,-11.098,84.81597,0.039970547,0.406,0.398,0.378,-1.948,-1.698,-0.398
2019-02-28 16:00:00,-13.848,89.51708,0.022094786,0.406,0.398,0.378,-1.948,-1.698,-0.398
2019-02-28 17:00:00,-14.648,89.81966,0.020092204,0.406,0.398,0.378,-1.948,-1.698,-0.398
2019-02-28 18:00:00,-14.398,89.4692,0.021216124,0.406,0.398,0.378,-1.948,-1.698,-0.398
2019-02-28 19:00:00,-12.398,88.191635,0.028003097,0.406,0.398,0.378,-1.948,-1.698,-0.398
2019-02-28 20:00:00,-11.798,88.24928,0.029247135,0.406,0.398,0.378,-1.948,-1.698,-0.398
2019-02-28 21:00:00,-11.198,88.30652,0.030538961,0.406,0.398,0.378,-1.948,-1.698,-0.398
2019-02-28 22:00:00,-10.998,88.3255,0.030980453,0.406,0.398,0.378,-1.948,-1.698,-0.398
2019-02-28 23:00:00,-11.098,88.67301,0.029819414,0.406,0.398,0.378,-1.948,-1.698,-0.398
2019-03-01 00:00:00,-11.248,89.01786,0.02856712,0.406,0.398,0.378,-1.948,-1.698,-0.398
2019-03-01 01:00:00,-11.348,89.36916,0.027433053,0.406,0.398,0.378,-1.948,-1.698,-0.398
2019-03-01 02:00:00,-10.998,89.760124,0.027174085,0.406,0.398,0.378,-1.948,-1.698,-0.398
2019-03-01 03:00:00,-10.798,90.500824,0.025614098,0.406,0.398,0.378,-1.948,-1.698,-0.398
2019-03-01 04:00:00,-10.998,87.6159,0.032863095,0.406,0.398,0.378,-1.948,-1.698,-0.398
2019-03-01 05:00:00,-10.998,84.1436,0.04207462,0.406,0.398,0.378,-1.948,-1.698,-0.398
2019-03-01 06:00:00,-10.698,80.83939,0.052069455,0.406,0.398,0.378,-1.948,-1.698,-0.398
2019-03-01 07:00:00,-10.198,81.241264,0.05304338,0.406,0.398,0.378,-1.948,-1.698,-0.398
2019-03-01 08:00:00,-9.698,80.014885,0.058789343,0.406,0.398,0.378,-1.948,-1.698,-0.398
2019-03-01 09:00:00,-9.198,79.132706,0.06384848,0.406,0.398,0.378,-1.948,-1.698,-0.398
2019-03-01 10:00:00,-8.898,79.18044,0.06521988,0.406,0.398,0.378,-1.948,-1.698,-0.398
2019-03-01 11:00:00,-8.698,79.21219,0.06614828,0.405,0.398,0.378,-1.948,-1.648,-0.398
2019-03-01 12:00:00,-8.798,80.79593,0.060634017,0.405,0.398,0.378,-1.948,-1.698,-0.398
2019-03-01 13:00:00,-9.348,83.67765,0.049360603,0.405,0.398,0.378,-1.948,-1.648,-0.398
2019-03-01 14:00:00,-9.648,84.98994,0.044332996,0.405,0.398,0.378,-1.948,-1.648,-0.398
2019-03-01 15:00:00,-9.998,85.2898,0.042262673,0.405,0.398,0.378,-1.948,-1.648,-0.398
2019-03-01 16:00:00,-10.148,85.61543,0.040839463,0.405,0.398,0.378,-1.948,-1.648,-0.398
2019-03-01 17:00:00,-10.298,85.94305,0.039437845,0.405,0.398,0.378,-1.948,-1.648,-0.398
2019-03-01 18:00:00,-10.448,86.2726,0.03805761,0.405,0.398,0.378,-1.948,-1.648,-0.398
2019-03-01 19:00:00,-11.198,87.95053,0.031468436,0.405,0.398,0.378,-1.948,-1.648,-0.398
2019-03-01 20:00:00,-11.948,89.316795,0.026271775,0.405,0.398,0.378,-1.948,-1.648,-0.398
2019-03-01 21:00:00,-12.398,90.00763,0.023697391,0.405,0.398,0.378,-1.948,-1.648,-0.398
2019-03-01 22:00:00,-13.048,89.586174,0.02342932,0.405,0.398,0.378,-1.948,-1.648,-0.398
2019-03-01 23:00:00,-13.148,89.2109,0.02407685,0.405,0.398,0.378,-1.948,-1.648,-0.398
2019-03-02 00:00:00,-13.498,88.813446,0.024261713,0.405,0.398,0.378,-1.948,-1.648,-0.398
2019-03-02 01:00:00,-12.948,88.5005,0.026082367,0.405,0.398,0.378,-1.948,-1.648,-0.398
2019-03-02 02:00:00,-12.098,89.30365,0.025988266,0.405,0.398,0.378,-1.948,-1.648,-0.398
2019-03-02 03:00:00,-11.348,89.73073,0.02650018,0.405,0.398,0.378,-1.948,-1.648,-0.398
2019-03-02 04:00:00,-9.848,88.08146,0.034652412,0.405,0.398,0.378,-1.948,-1.648,-0.398
2019-03-02 05:00:00,-8.048,84.5085,0.05186349,0.405,0.398,0.378,-1.948,-1.648,-0.398
2019-03-02 06:00:00,-6.398,80.82937,0.072898865,0.405,0.398,0.378,-1.948,-1.648,-0.398
2019-03-02 07:00:00,-4.748,79.209984,0.08963686,0.405,0.398,0.378,-1.948,-1.648,-0.398
2019-03-02 08:00:00,-3.9980001,81.487724,0.084459156,0.405,0.398,0.378,-1.948,-1.648,-0.398
2019-03-02 09:00:00,-3.198,84.11969,0.076924264,0.405,0.398,0.378,-1.948,-1.648,-0.398
2019-03-02 10:00:00,-2.398,86.465675,0.069578946,0.405,0.398,0.378,-1.948,-1.648,-0.398
2019-03-02 11:00:00,-1.648,87.84587,0.06604236,0.405,0.398,0.378,-1.948,-1.648,-0.398
2019-03-02 12:00:00,-0.698,88.26123,0.068386495,0.405,0.398,0.378,-1.948,-1.648,-0.398
2019-03-02 13:00:00,0.052,88.98085,0.06779641,0.406,0.398,0.378,-1.948,-1.648,-0.398
2019-03-02 14:00:00,0.652,89.358,0.068381906,0.406,0.398,0.378,-1.948,-1.648,-0.398
2019-03-02 15:00:00,0.852,90.02853,0.06500465,0.411,0.398,0.378,-1.948,-1.648,-0.398
2019-03-02 16:00:00,1.202,90.38344,0.064290166,0.412,0.398,0.378,-1.898,-1.648,-0.398
2019-03-02 17:00:00,1.352,90.06731,0.06712258,0.412,0.398,0.378,-1.898,-1.648,-0.398
2019-03-02 18:00:00,1.452,89.099945,0.07418984,0.412,0.398,0.378,-1.898,-1.648,-0.398
2019-03-02 19:00:00,1.202,88.75528,0.07517439,0.412,0.398,0.378,-1.898,-1.648,-0.398
2019-03-02 20:00:00,1.302,87.16303,0.086437106,0.412,0.398,0.378,-1.898,-1.648,-0.398
2019-03-02 21:00:00,1.052,89.06611,0.072312295,0.413,0.398,0.378,-1.898,-1.648,-0.398
2019-03-02 22:00:00,0.902,93.02704,0.045621812,0.413,0.398,0.378,-1.898,-1.648,-0.398
2019-03-02 23:00:00,1.2520001,94.06126,0.039846003,0.415,0.398,0.378,-1.898,-1.648,-0.398
2019-03-03 00:00:00,1.702,92.402115,0.05264914,0.42,0.398,0.378,-1.898,-1.648,-0.398
2019-03-03 01:00:00,0.552,90.00516,0.06376159,0.42,0.398,0.378,-1.8479999,-1.648,-0.398
2019-03-03 02:00:00,-0.79800004,88.9076,0.06415087,0.42,0.398,0.378,-1.8479999,-1.648,-0.398
2019-03-03 03:00:00,-1.698,87.84114,0.06582528,0.42,0.398,0.378,-1.8479999,-1.648,-0.398
2019-03-03 04:00:00,-2.348,86.470924,0.06981006,0.42,0.398,0.378,-1.8479999,-1.648,-0.398
2019-03-03 05:00:00,-2.448,84.52889,0.07924026,0.42,0.398,0.378,-1.8479999,-1.648,-0.398
2019-03-03 06:00:00,-1.898,83.01974,0.090578556,0.42,0.398,0.378,-1.8479999,-1.648,-0.398
2019-03-03 07:00:00,-1.298,83.72073,0.090759546,0.42,0.398,0.378,-1.8479999,-1.648,-0.398
2019-03-03 08:00:00,-0.698,82.55599,0.10161951,0.42,0.398,0.378,-1.8479999,-1.648,-0.398
2019-03-03 09:00:00,-0.098000005,76.132904,0.14524147,0.42,0.398,0.378,-1.8479999,-1.648,-0.398
2019-03-03 10:00:00,-0.24800001,79.59797,0.122811615,0.42,0.398,0.378,-1.8479999,-1.648,-0.398
2019-03-03 11:00:00,-0.49800003,80.75705,0.11374545,0.42,0.398,0.378,-1.8479999,-1.648,-0.398
2019-03-03 12:00:00,-0.948,81.29864,0.10697025,0.42,0.398,0.378,-1.8479999,-1.648,-0.398
2019-03-03 13:00:00,-1.298,82.16857,0.099411935,0.42,0.398,0.378,-1.798,-1.648,-0.398
2019-03-03 14:00:00,-1.448,83.07756,0.09331128,0.42,0.398,0.378,-1.798,-1.648,-0.398
2019-03-03 15:00:00,-1.448,84.01603,0.08813718,0.42,0.398,0.378,-1.798,-1.648,-0.398
2019-03-03 16:00:00,-1.4979999,84.958145,0.08263853,0.42,0.398,0.378,-1.798,-1.648,-0.398
2019-03-03 17:00:00,-1.4979999,85.59555,0.07913712,0.42,0.398,0.378,-1.798,-1.648,-0.398
2019-03-03 18:00:00,-1.548,85.59002,0.078877,0.419,0.398,0.378,-1.798,-1.648,-0.398
2019-03-03 19:00:00,-1.948,86.83731,0.069958,0.419,0.398,0.378,-1.798,-1.648,-0.398
2019-03-03 20:00:00,-2.0479999,86.8271,0.06949726,0.419,0.398,0.378,-1.798,-1.648,-0.398
2019-03-03 21:00:00,-2.2979999,87.12796,0.066666365,0.419,0.398,0.378,-1.798,-1.648,-0.398
2019-03-03 22:00:00,-2.398,86.79127,0.06790534,0.419,0.398,0.378,-1.798,-1.648,-0.398
2019-03-03 23:00:00,-2.5479999,87.10289,0.065570235,0.419,0.398,0.378,-1.798,-1.648,-0.398
2019-03-04 00:00:00,-2.848,88.06255,0.059354365,0.419,0.398,0.378,-1.798,-1.648,-0.398
2019-03-04 01:00:00,-3.098,88.705795,0.055121034,0.419,0.398,0.378,-1.798,-1.648,-0.398
2019-03-04 02:00:00,-3.148,88.36733,0.05656147,0.419,0.398,0.378,-1.798,-1.648,-0.398
2019-03-04 03:00:00,-3.248,87.69302,0.059395134,0.419,0.398,0.378,-1.798,-1.648,-0.398
2019-03-04 04:00:00,-3.098,85.74076,0.06958985,0.419,0.398,0.378,-1.798,-1.648,-0.398
2019-03-04 05:00:00,-3.248,76.75121,0.112188905,0.419,0.398,0.378,-1.798,-1.648,-0.398
2019-03-04 06:00:00,-3.248,75.00269,0.120624125,0.419,0.398,0.378,-1.798,-1.648,-0.398
2019-03-04 07:00:00,-2.948,71.94873,0.13841689,0.419,0.398,0.378,-1.798,-1.648,-0.398
2019-03-04 08:00:00,-2.848,69.24438,0.15288961,0.419,0.398,0.378,-1.798,-1.648,-0.398
2019-03-04 09:00:00,-3.348,69.675934,0.1452299,0.419,0.398,0.378,-1.7479999,-1.648,-0.398
2019-03-04 10:00:00,-4.198,72.540474,0.12339607,0.419,0.398,0.378,-1.7479999,-1.648,-0.398
2019-03-04 11:00:00,-5.298,75.507675,0.1012837,0.419,0.398,0.378,-1.7479999,-1.648,-0.398
2019-03-04 12:00:00,-6.448,78.94244,0.0797655,0.419,0.398,0.378,-1.7479999,-1.648,-0.398
2019-03-04 13:00:00,-7.448,81.31459,0.06553373,0.419,0.398,0.378,-1.7479999,-1.648,-0.398
2019-03-04 14:00:00,-8.048,82.20012,0.059589446,0.419,0.398,0.378,-1.7479999,-1.648,-0.398
2019-03-04 15:00:00,-8.448,81.49393,0.06005174,0.419,0.398,0.378,-1.7479999,-1.648,-0.398
2019-03-04 16:00:00,-9.198,81.71281,0.055956632,0.419,0.398,0.378,-1.7479999,-1.648,-0.398
2019-03-04 17:00:00,-9.498,81.34292,0.05575642,0.419,0.398,0.378,-1.798,-1.648,-0.398
2019-03-04 18:00:00,-9.698,80.337906,0.057839483,0.419,0.398,0.378,-1.798,-1.648,-0.398
2019-03-04 19:00:00,-10.148,79.62265,0.057847247,0.418,0.398,0.378,-1.798,-1.648,-0.398
2019-03-04 20:00:00,-10.498,77.967155,0.06083159,0.418,0.398,0.378,-1.798,-1.648,-0.398
2019-03-04 21:00:00,-10.848,77.27467,0.06101866,0.418,0.398,0.378,-1.798,-1.648,-0.398
2019-03-04 22:00:00,-11.048,77.5567,0.059307665,0.418,0.398,0.378,-1.798,-1.648,-0.398
2019-03-04 23:00:00,-10.998,79.48877,0.054421082,0.418,0.398,0.378,-1.798,-1.648,-0.398
2019-03-05 00:00:00,-10.448,81.204765,0.052102655,0.418,0.398,0.378,-1.798,-1.648,-0.398
2019-03-05 01:00:00,-9.898,82.937515,0.049407974,0.418,0.398,0.378,-1.798,-1.5979999,-0.398
2019-03-05 02:00:00,-9.598,83.645546,0.048493385,0.418,0.398,0.378,-1.798,-1.5979999,-0.398
2019-03-05 03:00:00,-8.948,83.06393,0.052850485,0.418,0.398,0.378,-1.798,-1.5979999,-0.398
2019-03-05 04:00:00,-7.998,82.53318,0.05870253,0.418,0.398,0.378,-1.798,-1.5979999,-0.398
2019-03-05 05:00:00,-7.048,80.41668,0.07083717,0.418,0.398,0.378,-1.798,-1.5979999,-0.398
2019-03-05 06:00:00,-6.148,78.68115,0.08263248,0.418,0.398,0.378,-1.798,-1.5979999,-0.398
2019-03-05 07:00:00,-5.198,79.44764,0.08564308,0.418,0.398,0.378,-1.798,-1.5979999,-0.398
2019-03-05 08:00:00,-4.398,79.264465,0.091795355,0.418,0.398,0.378,-1.798,-1.5979999,-0.398
2019-03-05 09:00:00,-3.898,79.34194,0.094956815,0.418,0.398,0.378,-1.798,-1.5979999,-0.398
2019-03-05 10:00:00,-3.598,80.61366,0.09113887,0.418,0.398,0.378,-1.798,-1.5979999,-0.398
2019-03-05 11:00:00,-3.5479999,83.75741,0.076648355,0.418,0.398,0.378,-1.798,-1.5979999,-0.398
2019-03-05 12:00:00,-3.698,85.67428,0.06684917,0.418,0.398,0.378,-1.798,-1.5979999,-0.398
2019-03-05 13:00:00,-4.048,87.94952,0.054776043,0.418,0.398,0.378,-1.798,-1.5979999,-0.398
2019-03-05 14:00:00,-4.198,88.27075,0.052718163,0.418,0.398,0.378,-1.798,-1.5979999,-0.398
2019-03-05 15:00:00,-4.298,88.936356,0.049354017,0.418,0.398,0.378,-1.798,-1.5979999,-0.398
2019-03-05 16:00:00,-4.348,89.27125,0.047680408,0.418,0.398,0.378,-1.798,-1.5979999,-0.398
2019-03-05 17:00:00,-4.398,89.26698,0.04751998,0.418,0.398,0.378,-1.798,-1.5979999,-0.398
2019-03-05 18:00:00,-4.348,89.27125,0.047680408,0.418,0.398,0.378,-1.798,-1.5979999,-0.448
2019-03-05 19:00:00,-4.098,89.63229,0.046950907,0.418,0.398,0.378,-1.798,-1.5979999,-0.398
2019-03-05 20:00:00,-4.098,90.31533,0.04385805,0.418,0.398,0.378,-1.798,-1.5979999,-0.448
2019-03-05 21:00:00,-4.148,90.999374,0.04060763,0.417,0.398,0.378,-1.798,-1.5979999,-0.398
2019-03-05 22:00:00,-4.098,91.34855,0.039179385,0.417,0.398,0.378,-1.798,-1.5979999,-0.448
2019-03-05 23:00:00,-4.048,91.69863,0.0377357,0.417,0.398,0.378,-1.798,-1.5979999,-0.448
2019-03-06 00:00:00,-4.098,92.0432,0.03603384,0.417,0.398,0.378,-1.798,-1.5979999,-0.448
2019-03-06 01:00:00,-3.898,92.055984,0.036520362,0.417,0.398,0.378,-1.798,-1.5979999,-0.448
2019-03-06 02:00:00,-3.7979999,92.41063,0.035152644,0.417,0.398,0.378,-1.798,-1.5979999,-0.448
2019-03-06 03:00:00,-3.598,92.07512,0.03726068,0.417,0.398,0.378,-1.798,-1.5979999,-0.448
2019-03-06 04:00:00,-3.098,90.732765,0.045229226,0.417,0.398,0.378,-1.798,-1.5979999,-0.448
2019-03-06 05:00:00,-2.198,87.79365,0.06368849,0.417,0.398,0.378,-1.798,-1.5979999,-0.448
2019-03-06 06:00:00,-1.2479999,85.30453,0.08223182,0.417,0.398,0.378,-1.798,-1.5979999,-0.448
2019-03-06 07:00:00,-0.598,86.01297,0.08207989,0.417,0.398,0.378,-1.798,-1.5979999,-0.448
2019-03-06 08:00:00,-0.148,85.42769,0.08836287,0.417,0.398,0.378,-1.798,-1.5979999,-0.448
2019-03-06 09:00:00,0.102,85.455475,0.089810014,0.417,0.398,0.378,-1.7479999,-1.5979999,-0.448
2019-03-06 10:00:00,0.352,85.1691,0.09325206,0.417,0.398,0.378,-1.7479999,-1.5979999,-0.448
2019-03-06 11:00:00,0.302,85.477646,0.09098226,0.417,0.398,0.378,-1.7479999,-1.5979999,-0.448
2019-03-06 12:00:00,0.102,86.72434,0.08197558,0.417,0.398,0.378,-1.7479999,-1.5979999,-0.448
2019-03-06 13:00:00,-0.348,88.946465,0.06605923,0.417,0.398,0.378,-1.7479999,-1.5979999,-0.448
2019-03-06 14:00:00,-0.398,90.262245,0.05798471,0.417,0.398,0.378,-1.7479999,-1.5979999,-0.448
2019-03-06 15:00:00,-0.348,90.26607,0.05817336,0.417,0.398,0.378,-1.7479999,-1.5979999,-0.448
2019-03-06 16:00:00,-0.398,89.9306,0.05995941,0.417,0.398,0.378,-1.7479999,-1.5979999,-0.448
2019-03-06 17:00:00,-0.398,89.60004,0.061927617,0.417,0.398,0.378,-1.7479999,-1.5979999,-0.448
2019-03-06 18:00:00,-0.398,88.942154,0.065844834,0.417,0.398,0.378,-1.7479999,-1.5979999,-0.448
2019-03-06 19:00:00,-0.848,88.24752,0.067720056,0.417,0.398,0.378,-1.7479999,-1.5979999,-0.448
2019-03-06 20:00:00,-1.198,86.913536,0.07349816,0.417,0.398,0.378,-1.7479999,-1.5979999,-0.448
2019-03-06 21:00:00,-1.398,85.28762,0.08142489,0.417,0.398,0.378,-1.7479999,-1.5979999,-0.448
2019-03-06 22:00:00,-1.898,83.64628,0.08723691,0.417,0.398,0.378,-1.7479999,-1.5979999,-0.448
2019-03-06 23:00:00,-2.248,82.04037,0.09335649,0.417,0.398,0.378,-1.7479999,-1.5979999,-0.448
2019-03-07 00:00:00,-2.848,81.03016,0.09431407,0.416,0.398,0.378,-1.7479999,-1.5979999,-0.448
2019-03-07 01:00:00,-3.148,79.761284,0.09839824,0.416,0.398,0.378,-1.7479999,-1.5979999,-0.448
2019-03-07 02:00:00,-3.5479999,79.09227,0.098658025,0.416,0.398,0.378,-1.698,-1.5979999,-0.448
2019-03-07 03:00:00,-3.748,78.758026,0.09874478,0.416,0.398,0.378,-1.698,-1.5979999,-0.448
2019-03-07 04:00:00,-3.398,77.61423,0.1068221,0.416,0.398,0.378,-1.698,-1.5979999,-0.448
2019-03-07 05:00:00,-2.698,76.84481,0.11640826,0.416,0.398,0.378,-1.698,-1.5979999,-0.448
2019-03-07 06:00:00,-1.898,74.96028,0.13356027,0.416,0.398,0.378,-1.698,-1.5979999,-0.448
2019-03-07 07:00:00,-1.5979999,73.32388,0.14546677,0.416,0.398,0.378,-1.698,-1.5979999,-0.448
2019-03-07 08:00:00,-1.048,71.504845,0.16178656,0.416,0.398,0.378,-1.698,-1.5979999,-0.448
2019-03-07 09:00:00,-0.698,69.96512,0.17494813,0.416,0.398,0.378,-1.698,-1.5979999,-0.448
2019-03-07 10:00:00,-0.698,69.7,0.17649192,0.416,0.398,0.378,-1.698,-1.5979999,-0.448
2019-03-07 11:00:00,-0.948,70.983925,0.16595411,0.416,0.398,0.378,-1.698,-1.5979999,-0.448
2019-03-07 12:00:00,-1.798,72.72925,0.14653376,0.416,0.398,0.378,-1.698,-1.5979999,-0.448
2019-03-07 13:00:00,-3.148,75.89008,0.11721447,0.416,0.398,0.378,-1.698,-1.5979999,-0.448
2019-03-07 14:00:00,-4.248,78.37575,0.09681627,0.416,0.398,0.378,-1.698,-1.5979999,-0.448
2019-03-07 15:00:00,-5.098,80.39291,0.08232725,0.416,0.398,0.378,-1.698,-1.5979999,-0.448
2019-03-07 16:00:00,-5.598,81.89505,0.07318741,0.416,0.398,0.378,-1.698,-1.5979999,-0.448
2019-03-07 17:00:00,-5.798,83.15008,0.06708482,0.416,0.398,0.378,-1.698,-1.5979999,-0.448
2019-03-07 18:00:00,-5.848,83.79186,0.06428453,0.416,0.398,0.378,-1.698,-1.5979999,-0.448
2019-03-07 19:00:00,-6.548,84.03107,0.06003183,0.416,0.398,0.378,-1.698,-1.5979999,-0.448
2019-03-07 20:00:00,-6.348,84.05589,0.060865164,0.416,0.398,0.378,-1.698,-1.548,-0.448
2019-03-07 21:00:00,-5.798,84.45071,0.06190771,0.416,0.398,0.378,-1.698,-1.548,-0.448
2019-03-07 22:00:00,-5.348,85.48913,0.05978754,0.416,0.398,0.378,-1.698,-1.548,-0.448
2019-03-07 23:00:00,-5.048,86.84826,0.055436254,0.416,0.398,0.378,-1.698,-1.548,-0.448
2019-03-08 00:00:00,-4.748,87.88286,0.052248865,0.416,0.398,0.378,-1.698,-1.548,-0.448
2019-03-08 01:00:00,-4.548,89.254196,0.047041535,0.416,0.398,0.378,-1.698,-1.548,-0.448
2019-03-08 02:00:00,-4.698,90.26883,0.042120486,0.416,0.398,0.378,-1.698,-1.548,-0.448
2019-03-08 03:00:00,-4.498,90.97411,0.0396623,0.416,0.398,0.378,-1.698,-1.548,-0.448
2019-03-08 04:00:00,-3.598,89.334854,0.05014342,0.416,0.398,0.378,-1.698,-1.548,-0.448
2019-03-08 05:00:00,-2.648,87.42121,0.063479275,0.415,0.398,0.378,-1.698,-1.548,-0.448
2019-03-08 06:00:00,-1.798,85.56228,0.077587426,0.415,0.398,0.378,-1.698,-1.548,-0.448
2019-03-08 07:00:00,-1.2479999,83.72692,0.09105858,0.415,0.398,0.378,-1.698,-1.548,-0.448
2019-03-08 08:00:00,-1.048,81.58944,0.10453895,0.415,0.398,0.378,-1.698,-1.548,-0.448
2019-03-08 09:00:00,-0.948,80.090324,0.113880605,0.415,0.398,0.378,-1.698,-1.548,-0.448
2019-03-08 10:00:00,-0.948,79.19459,0.11900321,0.415,0.398,0.378,-1.698,-1.548,-0.448
2019-03-08 11:00:00,-1.2479999,79.74575,0.11333218,0.415,0.398,0.378,-1.698,-1.548,-0.448
2019-03-08 12:00:00,-1.5979999,81.207405,0.10248506,0.415,0.398,0.378,-1.698,-1.548,-0.448
2019-03-08 13:00:00,-2.598,85.1513,0.075211495,0.415,0.398,0.378,-1.698,-1.548,-0.448
2019-03-08 14:00:00,-4.048,86.95098,0.05931431,0.415,0.398,0.378,-1.698,-1.548,-0.448
2019-03-08 15:00:00,-5.448,86.80683,0.053947598,0.415,0.398,0.378,-1.698,-1.548,-0.448
2019-03-08 16:00:00,-7.198,86.623344,0.04783386,0.415,0.398,0.378,-1.698,-1.548,-0.448
2019-03-08 17:00:00,-8.798,86.11009,0.043859273,0.415,0.398,0.378,-1.698,-1.548,-0.448
2019-03-08 18:00:00,-10.298,86.2891,0.038467184,0.415,0.398,0.378,-1.698,-1.548,-0.448
2019-03-08 19:00:00,-11.598,88.26841,0.029672354,0.415,0.398,0.378,-1.698,-1.548,-0.448
2019-03-08 20:00:00,-12.898,88.14328,0.027001828,0.415,0.398,0.378,-1.698,-1.548,-0.448
2019-03-08 21:00:00,-14.148,88.38655,0.023882374,0.415,0.398,0.378,-1.698,-1.548,-0.448
2019-03-08 22:00:00,-15.098,87.927025,0.022956923,0.415,0.398,0.378,-1.698,-1.548,-0.448
2019-03-08 23:00:00,-15.798,87.48829,0.022447243,0.415,0.399,0.378,-1.698,-1.548,-0.448
2019-03-09 00:00:00,-15.448,86.79301,0.024394244,0.415,0.399,0.378,-1.698,-1.548,-0.448
2019-03-09 01:00:00,-15.598,86.776726,0.024121687,0.415,0.399,0.378,-1.7479999,-1.548,-0.448
2019-03-09 02:00:00,-16.098,85.992805,0.024508223,0.415,0.399,0.378,-1.7479999,-1.548,-0.448
2019-03-09 03:00:00,-17.948,85.77802,0.021292627,0.415,0.399,0.378,-1.7479999,-1.548,-0.448
2019-03-09 04:00:00,-16.398,82.38486,0.030054301,0.415,0.399,0.378,-1.7479999,-1.548,-0.448
2019-03-09 05:00:00,-12.648,76.0079,0.055742323,0.415,0.399,0.378,-1.7479999,-1.548,-0.448
2019-03-09 06:00:00,-9.748,68.837234,0.091288164,0.415,0.399,0.378,-1.7479999,-1.548,-0.448
2019-03-09 07:00:00,-8.348,65.59292,0.112490654,0.415,0.399,0.378,-1.7479999,-1.548,-0.448
2019-03-09 08:00:00,-6.748,61.10798,0.1439196,0.415,0.399,0.378,-1.7479999,-1.548,-0.448
2019-03-09 09:00:00,-5.698,58.01668,0.16835798,0.415,0.399,0.378,-1.7479999,-1.548,-0.448
2019-03-09 10:00:00,-5.148,57.007458,0.17976701,0.415,0.399,0.378,-1.798,-1.548,-0.448
2019-03-09 11:00:00,-5.198,59.092724,0.17040707,0.415,0.399,0.378,-1.798,-1.548,-0.448
2019-03-09 12:00:00,-6.198,67.164314,0.12676212,0.415,0.399,0.378,-1.798,-1.548,-0.448
2019-03-09 13:00:00,-8.498,71.09943,0.09339844,0.414,0.399,0.378,-1.798,-1.548,-0.448
2019-03-09 14:00:00,-9.998,71.36559,0.082244694,0.414,0.399,0.378,-1.798,-1.548,-0.448
2019-03-09 15:00:00,-11.098,72.61732,0.07206401,0.414,0.399,0.378,-1.798,-1.548,-0.448
2019-03-09 16:00:00,-12.248,74.829956,0.060399905,0.414,0.399,0.378,-1.798,-1.548,-0.448
2019-03-09 17:00:00,-13.598,77.437454,0.04852386,0.414,0.399,0.378,-1.798,-1.548,-0.448
2019-03-09 18:00:00,-14.748,79.215904,0.04067284,0.414,0.399,0.378,-1.798,-1.548,-0.448
2019-03-09 19:00:00,-16.448,81.678986,0.031127334,0.414,0.399,0.378,-1.798,-1.548,-0.448
2019-03-09 20:00:00,-16.998,82.652374,0.028143272,0.414,0.399,0.378,-1.798,-1.548,-0.448
2019-03-09 21:00:00,-17.548,83.6459,0.0253281,0.414,0.399,0.378,-1.798,-1.548,-0.448
2019-03-09 22:00:00,-17.848,84.69152,0.023114085,0.414,0.399,0.378,-1.8479999,-1.548,-0.448
2019-03-09 23:00:00,-17.898,85.05005,0.022477344,0.414,0.399,0.378,-1.8479999,-1.548,-0.448
2019-03-10 00:00:00,-17.698,85.07459,0.022824496,0.414,0.399,0.378,-1.8479999,-1.548,-0.448
2019-03-10 01:00:00,-17.298,85.12352,0.023532853,0.414,0.399,0.378,-1.8479999,-1.548,-0.448
2019-03-10 02:00:00,-16.948,85.52971,0.02357617,0.414,0.399,0.378,-1.8479999,-1.548,-0.448
2019-03-10 03:00:00,-15.748,84.59422,0.027752891,0.414,0.399,0.378,-1.8479999,-1.548,-0.448
2019-03-10 04:00:00,-12.898,82.189224,0.040556073,0.414,0.399,0.378,-1.898,-1.548,-0.448
2019-03-10 05:00:00,-9.348,79.10876,0.063172266,0.414,0.399,0.378,-1.898,-1.548,-0.448
2019-03-10 06:00:00,-6.548,77.08478,0.08613616,0.414,0.399,0.378,-1.898,-1.548,-0.448
2019-03-10 07:00:00,-5.848,74.232254,0.102185845,0.414,0.399,0.378,-1.898,-1.548,-0.448
2019-03-10 08:00:00,-5.148,70.94622,0.12151441,0.414,0.399,0.378,-1.898,-1.548,-0.448
2019-03-10 09:00:00,-4.448,69.71375,0.13355407,0.414,0.399,0.378,-1.898,-1.548,-0.448
2019-03-10 10:00:00,-3.9980001,69.537575,0.13895836,0.414,0.399,0.378,-1.898,-1.548,-0.448
2019-03-10 11:00:00,-3.848,70.387115,0.13661447,0.414,0.399,0.378,-1.898,-1.548,-0.448
2019-03-10 12:00:00,-4.198,74.829544,0.113113135,0.414,0.399,0.378,-1.898,-1.548,-0.448
2019-03-10 13:00:00,-5.098,78.84856,0.08880991,0.414,0.399,0.378,-1.898,-1.548,-0.448
2019-03-10 14:00:00,-5.498,81.59162,0.074982256,0.414,0.399,0.378,-1.898,-1.548,-0.448
2019-03-10 15:00:00,-5.598,83.49907,0.06670475,0.414,0.399,0.378,-1.8479999,-1.548,-0.448
2019-03-10 16:00:00,-5.398,85.15416,0.060935467,0.414,0.399,0.378,-1.8479999,-1.548,-0.448
2019-03-10 17:00:00,-5.298,86.822395,0.054501742,0.414,0.399,0.378,-1.8479999,-1.548,-0.448
2019-03-10 18:00:00,-5.098,88.86592,0.046755105,0.414,0.399,0.378,-1.8479999,-1.548,-0.448
2019-03-10 19:00:00,-5.348,90.56461,0.038877904,0.414,0.399,0.378,-1.8479999,-1.548,-0.448
2019-03-10 20:00:00,-4.998,90.59106,0.03981206,0.414,0.399,0.378,-1.8479999,-1.548,-0.448
2019-03-10 21:00:00,-4.748,90.609886,0.040491164,0.414,0.399,0.378,-1.8479999,-1.548,-0.448
2019-03-10 22:00:00,-4.698,90.26883,0.042120486,0.414,0.399,0.378,-1.8479999,-1.548,-0.448
2019-03-10 23:00:00,-5.098,90.23765,0.04099545,0.414,0.399,0.378,-1.8479999,-1.548,-0.448
2019-03-11 00:00:00,-5.448,89.86465,0.041445553,0.414,0.399,0.378,-1.8479999,-1.548,-0.448
2019-03-11 01:00:00,-5.248,89.53694,0.04344052,0.413,0.399,0.378,-1.8479999,-1.548,-0.448
2019-03-11 02:00:00,-5.198,89.1985,0.04501596,0.413,0.399,0.378,-1.8479999,-1.548,-0.448
2019-03-11 03:00:00,-4.798,88.553154,0.0491727,0.413,0.399,0.378,-1.8479999,-1.548,-0.448
2019-03-11 04:00:00,-4.348,87.5863,0.055167615,0.413,0.399,0.378,-1.8479999,-1.548,-0.448
2019-03-11 05:00:00,-3.698,85.67428,0.06684917,0.413,0.399,0.378,-1.8479999,-1.548,-0.448
2019-03-11 06:00:00,-2.7979999,83.21791,0.0837495,0.413,0.399,0.378,-1.8479999,-1.548,-0.448
2019-03-11 07:00:00,-2.0479999,82.3774,0.0929693,0.413,0.399,0.378,-1.8479999,-1.548,-0.448
2019-03-11 08:00:00,-1.0979999,81.58254,0.104195744,0.413,0.399,0.378,-1.8479999,-1.548,-0.448
2019-03-11 09:00:00,-0.448,81.67197,0.10873374,0.413,0.399,0.378,-1.8479999,-1.548,-0.448
2019-03-11 10:00:00,-0.048,81.423904,0.11345926,0.413,0.399,0.378,-1.798,-1.548,-0.448
2019-03-11 11:00:00,0.202,82.06405,0.11155492,0.413,0.399,0.378,-1.798,-1.548,-0.448
2019-03-11 12:00:00,-0.098000005,84.80414,0.09247893,0.413,0.399,0.378,-1.798,-1.548,-0.448
2019-03-11 13:00:00,-0.99799997,87.257164,0.07262489,0.413,0.399,0.378,-1.798,-1.548,-0.448
2019-03-11 14:00:00,-2.098,89.460365,0.05540088,0.413,0.399,0.378,-1.798,-1.548,-0.448
2019-03-11 15:00:00,-3.0479999,90.056526,0.048710555,0.413,0.399,0.378,-1.798,-1.548,-0.448
2019-03-11 16:00:00,-3.7979999,90.68093,0.043163717,0.413,0.399,0.378,-1.798,-1.548,-0.448
2019-03-11 17:00:00,-4.398,91.327705,0.038397044,0.413,0.399,0.378,-1.798,-1.548,-0.448
2019-03-11 18:00:00,-5.048,91.63156,0.035275877,0.413,0.399,0.378,-1.798,-1.548,-0.448
2019-03-11 19:00:00,-5.398,92.31193,0.031558692,0.413,0.399,0.378,-1.798,-1.548,-0.448
2019-03-11 20:00:00,-5.848,92.99515,0.027785659,0.413,0.399,0.378,-1.798,-1.548,-0.448
2019-03-11 21:00:00,-6.448,94.40495,0.021198243,0.413,0.399,0.378,-1.798,-1.548,-0.448
2019-03-11 22:00:00,-6.698,95.12443,0.018121272,0.413,0.399,0.378,-1.798,-1.548,-0.448
2019-03-11 23:00:00,-6.898,95.116356,0.017874122,0.413,0.399,0.378,-1.798,-1.548,-0.448
2019-03-12 00:00:00,-7.248,93.63876,0.022661805,0.413,0.399,0.378,-1.798,-1.548,-0.448
2019-03-12 01:00:00,-7.448,91.46731,0.029930353,0.413,0.399,0.378,-1.798,-1.548,-0.448
2019-03-12 02:00:00,-7.998,89.303604,0.03595218,0.413,0.399,0.378,-1.798,-1.548,-0.448
2019-03-12 03:00:00,-7.898,86.89012,0.044406503,0.413,0.399,0.378,-1.798,-1.548,-0.448
2019-03-12 04:00:00,-7.198,85.948006,0.050248355,0.413,0.399,0.378,-1.798,-1.548,-0.448
2019-03-12 05:00:00,-5.898,84.43861,0.061484903,0.413,0.399,0.378,-1.798,-1.548,-0.448
2019-03-12 06:00:00,-4.148,81.77996,0.08219436,0.413,0.399,0.378,-1.798,-1.548,-0.448
2019-03-12 07:00:00,-1.798,75.26378,0.1329185,0.413,0.399,0.378,-1.798,-1.548,-0.448
2019-03-12 08:00:00,-0.29799998,72.19696,0.16674465,0.413,0.399,0.378,-1.798,-1.548,-0.448
2019-03-12 09:00:00,0.602,70.23427,0.19055185,0.413,0.399,0.378,-1.7479999,-1.548,-0.448
2019-03-12 10:00:00,1.102,69.81268,0.2003431,0.413,0.399,0.378,-1.7479999,-1.548,-0.448
2019-03-12 11:00:00,1.052,71.65289,0.18745723,0.413,0.399,0.378,-1.7479999,-1.548,-0.448
2019-03-12 12:00:00,0.302,74.23521,0.1614036,0.413,0.399,0.378,-1.7479999,-1.548,-0.448
2019-03-12 13:00:00,-0.99799997,78.2998,0.12366685,0.413,0.399,0.378,-1.7479999,-1.548,-0.448
2019-03-12 14:00:00,-2.098,81.44372,0.097533226,0.413,0.399,0.378,-1.7479999,-1.548,-0.448
2019-03-12 15:00:00,-2.748,83.85665,0.08086249,0.412,0.399,0.378,-1.7479999,-1.548,-0.448
2019-03-12 16:00:00,-3.148,84.76632,0.07406819,0.412,0.399,0.378,-1.7479999,-1.548,-0.448
2019-03-12 17:00:00,-3.498,85.69649,0.06775215,0.412,0.399,0.378,-1.7479999,-1.548,-0.448
2019-03-12 18:00:00,-3.848,85.657585,0.06617871,0.412,0.399,0.378,-1.7479999,-1.548,-0.448
2019-03-12 19:00:00,-4.598,84.919975,0.06576344,0.412,0.399,0.378,-1.7479999,-1.548,-0.448
2019-03-12 20:00:00,-4.798,84.89656,0.06487775,0.412,0.399,0.378,-1.7479999,-1.548,-0.448
2019-03-12 21:00:00,-5.048,85.194565,0.062405556,0.412,0.399,0.378,-1.7479999,-1.548,-0.448
2019-03-12 22:00:00,-5.298,85.49479,0.059991688,0.412,0.399,0.378,-1.7479999,-1.548,-0.448
2019-03-12 23:00:00,-5.598,86.123726,0.056096435,0.412,0.399,0.378,-1.7479999,-1.548,-0.448
2019-03-13 00:00:00,-5.898,86.76,0.05231431,0.412,0.399,0.378,-1.7479999,-1.548,-0.448
2019-03-13 01:00:00,-6.198,87.06563,0.049948364,0.412,0.399,0.378,-1.7479999,-1.548,-0.448
2019-03-13 02:00:00,-6.348,87.38878,0.04814434,0.412,0.399,0.378,-1.7479999,-1.548,-0.448
2019-03-13 03:00:00,-5.298,86.15631,0.057256162,0.412,0.399,0.378,-1.7479999,-1.548,-0.448
2019-03-13 04:00:00,-3.348,83.7823,0.07768369,0.412,0.399,0.378,-1.7479999,-1.548,-0.448
2019-03-13 05:00:00,-1.198,80.959526,0.10693306,0.412,0.399,0.378,-1.7479999,-1.548,-0.448
2019-03-13 06:00:00,0.652,78.5605,0.13775474,0.412,0.399,0.378,-1.7479999,-1.548,-0.448
2019-03-13 07:00:00,1.802,76.73908,0.1623314,0.412,0.399,0.378,-1.7479999,-1.548,-0.448
2019-03-13 08:00:00,3.152,74.75032,0.19396353,0.414,0.399,0.378,-1.7479999,-1.548,-0.448
2019-03-13 09:00:00,3.902,73.80303,0.21216583,0.419,0.399,0.378,-1.7479999,-1.548,-0.448
2019-03-13 10:00:00,4.202,74.39545,0.21178114,0.431,0.399,0.378,-1.698,-1.548,-0.448
2019-03-13 11:00:00,3.902,76.25374,0.19231945,0.44,0.399,0.378,-1.698,-1.548,-0.448
2019-03-13 12:00:00,3.2020001,79.24168,0.16002917,0.444,0.399,0.378,-1.698,-1.548,-0.448
2019-03-13 13:00:00,2.102,83.52389,0.117476165,0.444,0.399,0.378,-1.698,-1.548,-0.448
2019-03-13 14:00:00,1.002,86.8157,0.08688152,0.444,0.399,0.378,-1.698,-1.548,-0.448
2019-03-13 15:00:00,0.15200001,88.33844,0.07227087,0.444,0.399,0.378,-1.698,-1.548,-0.448
2019-03-13 16:00:00,-0.54800004,89.918755,0.059377313,0.443,0.399,0.378,-1.698,-1.548,-0.448
2019-03-13 17:00:00,-1.148,91.21175,0.04954058,0.443,0.399,0.378,-1.698,-1.548,-0.448
2019-03-13 18:00:00,-1.5979999,91.859604,0.044397116,0.443,0.399,0.378,-1.698,-1.548,-0.448
2019-03-13 19:00:00,-2.448,92.14781,0.04022008,0.443,0.399,0.378,-1.698,-1.548,-0.448
2019-03-13 20:00:00,-2.848,92.122635,0.039168537,0.443,0.399,0.378,-1.698,-1.548,-0.448
2019-03-13 21:00:00,-3.198,92.10051,0.03826797,0.443,0.399,0.378,-1.698,-1.548,-0.448
2019-03-13 22:00:00,-3.5479999,92.42589,0.035745025,0.442,0.399,0.378,-1.698,-1.548,-0.448
2019-03-13 23:00:00,-3.948,92.40145,0.034801394,0.442,0.399,0.378,-1.648,-1.548,-0.448
2019-03-14 00:00:00,-4.498,92.719025,0.031995237,0.442,0.4,0.378,-1.648,-1.548,-0.448
2019-03-14 01:00:00,-5.048,92.68652,0.030829191,0.442,0.4,0.378,-1.648,-1.548,-0.448
2019-03-14 02:00:00,-5.298,92.31815,0.031773627,0.442,0.4,0.378,-1.648,-1.548,-0.448
2019-03-14 03:00:00,-4.398,91.327705,0.038397044,0.442,0.4,0.378,-1.648,-1.548,-0.448
2019-03-14 04:00:00,-2.498,88.42654,0.059059918,0.441,0.4,0.378,-1.648,-1.548,-0.448
2019-03-14 05:00:00,-0.398,84.76941,0.09068942,0.441,0.4,0.378,-1.648,-1.548,-0.448
2019-03-14 06:00:00,1.4020001,81.02637,0.12867445,0.441,0.4,0.378,-1.648,-1.548,-0.448
2019-03-14 07:00:00,2.602,77.71989,0.16461062,0.441,0.4,0.378,-1.648,-1.548,-0.448
2019-03-14 08:00:00,3.752,75.12945,0.19931084,0.446,0.4,0.378,-1.648,-1.548,-0.448
2019-03-14 09:00:00,4.452,74.17146,0.21740675,0.463,0.4,0.378,-1.648,-1.548,-0.49800003
2019-03-14 10:00:00,4.602,74.46712,0.21718395,0.478,0.4,0.378,-1.648,-1.4979999,-0.448
2019-03-14 11:00:00,4.252,76.03745,0.19889653,0.488,0.401,0.378,-1.648,-1.548,-0.448
2019-03-14 12:00:00,3.502,78.43028,0.16984302,0.492,0.401,0.378,-1.648,-1.4979999,-0.448
2019-03-14 13:00:00,2.552,81.77911,0.13414508,0.49,0.402,0.378,-1.648,-1.4979999,-0.448
2019-03-14 14:00:00,1.852,84.1037,0.11133695,0.488,0.402,0.378,-1.648,-1.4979999,-0.448
2019-03-14 15:00:00,1.552,85.303635,0.10074699,0.487,0.403,0.378,-1.648,-1.4979999,-0.49800003
2019-03-14 16:00:00,1.452,85.91686,0.095853806,0.486,0.403,0.378,-1.648,-1.4979999,-0.448
2019-03-14 17:00:00,1.5020001,85.609634,0.09829652,0.484,0.404,0.378,-1.648,-1.4979999,-0.49800003
2019-03-14 18:00:00,1.7520001,85.015854,0.10420108,0.483,0.404,0.378,-1.5979999,-1.4979999,-0.49800003
2019-03-14 19:00:00,1.952,83.201706,0.11849779,0.482,0.404,0.378,-1.5979999,-1.4979999,-0.49800003
2019-03-14 20:00:00,2.352,81.45509,0.13460219,0.481,0.405,0.378,-1.5979999,-1.4979999,-0.49800003
2019-03-14 21:00:00,2.752,80.042656,0.14902943,0.481,0.405,0.378,-1.5979999,-1.4979999,-0.49800003
2019-03-14 22:00:00,3.052,78.9318,0.16070408,0.481,0.405,0.378,-1.5979999,-1.4979999,-0.49800003
2019-03-14 23:00:00,3.352,78.40691,0.16823715,0.482,0.406,0.378,-1.5979999,-1.4979999,-0.49800003
2019-03-15 00:00:00,3.552,78.72258,0.16813326,0.484,0.406,0.378,-1.5979999,-1.4979999,-0.49800003
2019-03-15 01:00:00,3.602,80.74696,0.15267444,0.486,0.406,0.378,-1.5979999,-1.4979999,-0.49800003
2019-03-15 02:00:00,3.402,83.98474,0.12522215,0.49,0.407,0.378,-1.5979999,-1.4979999,-0.49800003
2019-03-15 03:00:00,3.102,87.338394,0.0969249,0.495,0.408,0.378,-1.5979999,-1.4979999,-0.49800003
2019-03-15 04:00:00,2.652,90.16711,0.072909296,0.501,0.409,0.378,-1.5979999,-1.4979999,-0.49800003
2019-03-15 05:00:00,1.702,89.44442,0.07314366,0.504,0.41,0.378,-1.5979999,-1.4979999,-0.49800003
2019-03-15 06:00:00,0.502,84.56157,0.098130584,0.503,0.411,0.378,-1.5979999,-1.4979999,-0.49800003
2019-03-15 07:00:00,-0.448,80.46362,0.11590135,0.501,0.413,0.378,-1.5979999,-1.4979999,-0.49800003
2019-03-15 08:00:00,-0.54800004,76.62848,0.13764232,0.5,0.413,0.378,-1.5979999,-1.4979999,-0.49800003
2019-03-15 09:00:00,-0.54800004,74.63873,0.14935806,0.499,0.414,0.378,-1.5979999,-1.4979999,-0.49800003
2019-03-15 10:00:00,-0.698,71.57477,0.16557485,0.497,0.415,0.378,-1.548,-1.4979999,-0.49800003
2019-03-15 11:00:00,-0.898,70.45694,0.16958663,0.495,0.416,0.378,-1.548,-1.4979999,-0.49800003
2019-03-15 12:00:00,-1.048,72.87401,0.15401503,0.493,0.416,0.378,-1.548,-1.4979999,-0.49800003
2019-03-15 13:00:00,-1.448,74.19261,0.14229193,0.492,0.417,0.378,-1.548,-1.4979999,-0.49800003
2019-03-15 14:00:00,-1.9979999,76.09118,0.1265918,0.49,0.417,0.378,-1.548,-1.4979999,-0.49800003
2019-03-15 15:00:00,-2.598,78.34039,0.109702736,0.489,0.418,0.378,-1.548,-1.4979999,-0.49800003
2019-03-15 16:00:00,-2.898,79.49566,0.101563126,0.488,0.418,0.378,-1.548,-1.4979999,-0.49800003
2019-03-15 17:00:00,-3.148,79.15451,0.101347625,0.487,0.418,0.378,-1.548,-1.4979999,-0.49800003
2019-03-15 18:00:00,-3.448,78.80542,0.10076207,0.486,0.419,0.378,-1.548,-1.4979999,-0.49800003
2019-03-15 19:00:00,-4.698,82.9723,0.07369685,0.485,0.419,0.378,-1.548,-1.4979999,-0.49800003
2019-03-15 20:00:00,-5.198,83.87317,0.0672054,0.484,0.419,0.378,-1.548,-1.4979999,-0.49800003
2019-03-15 21:00:00,-5.898,84.76681,0.060188383,0.483,0.42,0.378,-1.548,-1.4979999,-0.49800003
2019-03-15 22:00:00,-6.298,85.04952,0.057291895,0.482,0.42,0.378,-1.548,-1.4979999,-0.49800003
2019-03-15 23:00:00,-7.248,85.60644,0.0512712,0.481,0.42,0.378,-1.548,-1.4979999,-0.49800003
2019-03-16 00:00:00,-8.148,85.84214,0.047032177,0.48,0.42,0.378,-1.548,-1.4979999,-0.49800003
2019-03-16 01:00:00,-8.898,86.44153,0.04247883,0.479,0.421,0.378,-1.5979999,-1.4979999,-0.49800003
2019-03-16 02:00:00,-9.348,86.392815,0.041151583,0.479,0.421,0.378,-1.5979999,-1.4979999,-0.49800003
2019-03-16 03:00:00,-8.798,85.429214,0.046008706,0.478,0.421,0.378,-1.5979999,-1.4979999,-0.49800003
2019-03-16 04:00:00,-7.648,82.90705,0.059028685,0.477,0.421,0.378,-1.5979999,-1.4979999,-0.49800003
2019-03-16 05:00:00,-6.448,78.63297,0.080937326,0.477,0.421,0.378,-1.5979999,-1.4979999,-0.49800003
2019-03-16 06:00:00,-5.398,75.7855,0.099377155,0.476,0.422,0.378,-1.5979999,-1.4979999,-0.49800003
2019-03-16 07:00:00,-4.498,73.04869,0.118406296,0.475,0.422,0.378,-1.5979999,-1.4979999,-0.49800003
2019-03-16 08:00:00,-3.698,70.4184,0.13801372,0.475,0.422,0.378,-1.5979999,-1.4979999,-0.49800003
2019-03-16 09:00:00,-3.148,68.114624,0.1550009,0.474,0.422,0.378,-1.5979999,-1.4979999,-0.49800003
2019-03-16 10:00:00,-2.7979999,66.10824,0.16910028,0.474,0.422,0.378,-1.5979999,-1.4979999,-0.49800003
2019-03-16 11:00:00,-2.7979999,66.10824,0.16910028,0.473,0.422,0.378,-1.5979999,-1.4979999,-0.49800003
2019-03-16 12:00:00,-3.248,69.96781,0.1449106,0.473,0.422,0.378,-1.5979999,-1.4979999,-0.49800003
2019-03-16 13:00:00,-4.498,73.61998,0.11589739,0.472,0.423,0.378,-1.5979999,-1.4979999,-0.49800003
2019-03-16 14:00:00,-6.048,77.77767,0.086794555,0.472,0.423,0.378,-1.5979999,-1.4979999,-0.49800003
2019-03-16 15:00:00,-7.048,79.78544,0.07311982,0.471,0.423,0.378,-1.5979999,-1.4979999,-0.49800003
2019-03-16 16:00:00,-7.898,80.92843,0.06459424,0.471,0.423,0.378,-1.5979999,-1.4979999,-0.49800003
2019-03-16 17:00:00,-8.648,81.14111,0.06024745,0.47,0.423,0.378,-1.5979999,-1.4979999,-0.49800003
2019-03-16 18:00:00,-9.448,81.024185,0.05693239,0.47,0.423,0.378,-1.648,-1.4979999,-0.49800003
2019-03-16 19:00:00,-10.448,81.534164,0.051189825,0.469,0.423,0.379,-1.648,-1.4979999,-0.49800003
2019-03-16 20:00:00,-11.348,81.73664,0.047121927,0.469,0.423,0.379,-1.648,-1.4979999,-0.49800003
2019-03-16 21:00:00,-12.248,82.61891,0.041716248,0.468,0.424,0.379,-1.648,-1.4979999,-0.49800003
2019-03-16 22:00:00,-13.098,83.53063,0.036898196,0.468,0.424,0.379,-1.648,-1.4979999,-0.49800003
2019-03-16 23:00:00,-13.798,84.134254,0.0335733,0.468,0.424,0.379,-1.648,-1.4979999,-0.49800003
2019-03-17 00:00:00,-14.298,84.77406,0.030925274,0.467,0.424,0.379,-1.698,-1.4979999,-0.49800003
2019-03-17 01:00:00,-14.748,85.787575,0.027817056,0.467,0.424,0.379,-1.698,-1.4979999,-0.49800003
2019-03-17 02:00:00,-15.448,86.42941,0.02506563,0.467,0.424,0.379,-1.698,-1.4979999,-0.49800003
2019-03-17 03:00:00,-14.348,84.41526,0.031523913,0.466,0.424,0.379,-1.698,-1.4979999,-0.49800003
2019-03-17 04:00:00,-11.298,80.09311,0.051566765,0.466,0.424,0.379,-1.698,-1.4979999,-0.49800003
2019-03-17 05:00:00,-7.698,71.26574,0.09882712,0.465,0.424,0.379,-1.7479999,-1.4979999,-0.49800003
2019-03-17 06:00:00,-5.348,66.82608,0.13664606,0.465,0.424,0.379,-1.7479999,-1.4979999,-0.49800003
2019-03-17 07:00:00,-3.648,63.876617,0.16915074,0.465,0.425,0.379,-1.7479999,-1.4979999,-0.49800003
2019-03-17 08:00:00,-2.2979999,59.618954,0.20907414,0.464,0.425,0.379,-1.7479999,-1.4979999,-0.49800003
2019-03-17 09:00:00,-1.5979999,55.96008,0.24009934,0.464,0.425,0.379,-1.7479999,-1.4979999,-0.49800003
2019-03-17 10:00:00,-1.0979999,53.105804,0.265214,0.464,0.425,0.379,-1.7479999,-1.4979999,-0.49800003
2019-03-17 11:00:00,-1.048,53.53823,0.26373497,0.464,0.425,0.379,-1.698,-1.4979999,-0.49800003
2019-03-17 12:00:00,-1.4979999,60.762775,0.21551087,0.463,0.425,0.379,-1.698,-1.4979999,-0.49800003
2019-03-17 13:00:00,-2.998,68.41243,0.15528017,0.463,0.425,0.379,-1.698,-1.4979999,-0.49800003
2019-03-17 14:00:00,-5.348,75.7944,0.09971887,0.463,0.425,0.379,-1.698,-1.4979999,-0.49800003
2019-03-17 15:00:00,-6.698,78.90267,0.07839635,0.462,0.425,0.379,-1.698,-1.4979999,-0.49800003
2019-03-17 16:00:00,-7.698,81.600716,0.06329283,0.462,0.425,0.379,-1.698,-1.4979999,-0.49800003
2019-03-17 17:00:00,-8.348,83.80517,0.052965462,0.462,0.425,0.379,-1.698,-1.4979999,-0.49800003
2019-03-17 18:00:00,-8.898,85.41766,0.045685887,0.462,0.425,0.379,-1.698,-1.4979999,-0.49800003
2019-03-17 19:00:00,-8.698,86.46311,0.04308057,0.461,0.425,0.379,-1.698,-1.4979999,-0.49800003
2019-03-17 20:00:00,-8.298,87.19173,0.042055517,0.461,0.425,0.379,-1.7479999,-1.4979999,-0.49800003
2019-03-17 21:00:00,-8.048,87.21723,0.04279676,0.461,0.425,0.379,-1.7479999,-1.4979999,-0.49800003
2019-03-17 22:00:00,-7.498,86.59154,0.046848446,0.46,0.425,0.379,-1.7479999,-1.4979999,-0.49800003
2019-03-17 23:00:00,-7.598,86.24165,0.04769987,0.46,0.426,0.379,-1.7479999,-1.4979999,-0.49800003
2019-03-18 00:00:00,-7.598,85.230995,0.051203012,0.46,0.426,0.379,-1.7479999,-1.4979999,-0.49800003
2019-03-18 01:00:00,-7.898,85.19606,0.05014342,0.46,0.426,0.379,-1.7479999,-1.4979999,-0.49800003
2019-03-18 02:00:00,-7.998,85.18438,0.049794436,0.459,0.426,0.379,-1.7479999,-1.4979999,-0.49800003
2019-03-18 03:00:00,-7.598,84.56309,0.053518057,0.459,0.426,0.379,-1.7479999,-1.4979999,-0.49800003
2019-03-18 04:00:00,-6.798,77.95951,0.08127242,0.459,0.426,0.379,-1.7479999,-1.4979999,-0.49800003
2019-03-18 05:00:00,-6.148,76.549164,0.09089324,0.459,0.426,0.379,-1.7479999,-1.4979999,-0.49800003
2019-03-18 06:00:00,-5.348,75.7944,0.09971887,0.459,0.426,0.379,-1.7479999,-1.4979999,-0.49800003
2019-03-18 07:00:00,-4.348,74.51218,0.11325249,0.458,0.426,0.379,-1.7479999,-1.4979999,-0.49800003
2019-03-18 08:00:00,-3.898,74.595314,0.11676833,0.458,0.426,0.379,-1.7479999,-1.4979999,-0.49800003
2019-03-18 09:00:00,-3.5479999,74.65973,0.11956766,0.458,0.426,0.379,-1.7479999,-1.4979999,-0.49800003
2019-03-18 10:00:00,-3.398,74.97547,0.11941025,0.458,0.426,0.379,-1.7479999,-1.4979999,-0.49800003
2019-03-18 11:00:00,-3.598,75.519196,0.115082055,0.457,0.426,0.379,-1.7479999,-1.4979999,-0.49800003
2019-03-18 12:00:00,-4.098,77.79766,0.10053176,0.457,0.426,0.379,-1.7479999,-1.4979999,-0.49800003
2019-03-18 13:00:00,-4.848,80.42995,0.08374253,0.457,0.426,0.379,-1.7479999,-1.4979999,-0.49800003
2019-03-18 14:00:00,-5.798,82.82772,0.06836796,0.457,0.426,0.379,-1.7479999,-1.4979999,-0.49800003
2019-03-18 15:00:00,-6.098,83.43515,0.064456165,0.457,0.426,0.379,-1.7479999,-1.4979999,-0.49800003
2019-03-18 16:00:00,-6.698,84.01242,0.059413284,0.456,0.426,0.379,-1.7479999,-1.4979999,-0.49800003
2019-03-18 17:00:00,-7.198,84.61137,0.05502698,0.456,0.426,0.379,-1.7479999,-1.4979999,-0.49800003
2019-03-18 18:00:00,-7.398,83.924965,0.05659935,0.456,0.426,0.379,-1.7479999,-1.4979999,-0.49800003
2019-03-18 19:00:00,-9.098,84.044235,0.049209654,0.456,0.426,0.379,-1.7479999,-1.4979999,-0.49800003
2019-03-18 20:00:00,-10.048,84.26246,0.0450349,0.456,0.426,0.379,-1.7479999,-1.4979999,-0.49800003
2019-03-18 21:00:00,-10.998,84.485214,0.04116845,0.455,0.426,0.379,-1.7479999,-1.4979999,-0.49800003
2019-03-18 22:00:00,-11.948,84.71263,0.037590787,0.455,0.426,0.379,-1.7479999,-1.4979999,-0.49800003
2019-03-18 23:00:00,-12.648,84.27977,0.03653054,0.455,0.426,0.379,-1.7479999,-1.4979999,-0.49800003
2019-03-19 00:00:00,-12.998,83.88909,0.036390007,0.455,0.426,0.379,-1.7479999,-1.4979999,-0.49800003
2019-03-19 01:00:00,-13.098,82.84332,0.0384375,0.455,0.426,0.379,-1.798,-1.4979999,-0.49800003
2019-03-19 02:00:00,-12.998,82.17515,0.04025981,0.455,0.427,0.379,-1.798,-1.4979999,-0.49800003
2019-03-19 03:00:00,-11.498,80.71977,0.049150288,0.454,0.427,0.379,-1.798,-1.4979999,-0.49800003
2019-03-19 04:00:00,-8.998,77.591194,0.06964822,0.454,0.427,0.379,-1.798,-1.4979999,-0.49800003
2019-03-19 05:00:00,-6.848,73.74999,0.096416235,0.454,0.427,0.379,-1.798,-1.4979999,-0.49800003
2019-03-19 06:00:00,-4.998,70.42194,0.125121,0.454,0.427,0.379,-1.798,-1.4979999,-0.49800003
2019-03-19 07:00:00,-3.748,68.51458,0.14634266,0.454,0.427,0.379,-1.798,-1.4979999,-0.49800003
2019-03-19 08:00:00,-2.598,66.92803,0.16748208,0.454,0.427,0.379,-1.798,-1.4979999,-0.49800003
2019-03-19 09:00:00,-1.698,66.10544,0.18345848,0.453,0.427,0.379,-1.798,-1.4979999,-0.49800003
2019-03-19 10:00:00,-1.298,66.70685,0.18558434,0.453,0.427,0.379,-1.798,-1.4979999,-0.49800003
2019-03-19 11:00:00,-1.0979999,68.30088,0.17931345,0.453,0.427,0.379,-1.798,-1.4979999,-0.49800003
2019-03-19 12:00:00,-1.648,74.15561,0.14041483,0.453,0.427,0.379,-1.798,-1.4979999,-0.49800003
2019-03-19 13:00:00,-3.148,79.761284,0.09839824,0.453,0.427,0.379,-1.798,-1.4979999,-0.49800003
2019-03-19 14:00:00,-4.948,83.90429,0.06835902,0.453,0.427,0.379,-1.798,-1.4979999,-0.49800003
2019-03-19 15:00:00,-5.948,85.75267,0.05607927,0.452,0.427,0.379,-1.798,-1.4979999,-0.49800003
2019-03-19 16:00:00,-6.598,86.3499,0.051119685,0.452,0.427,0.379,-1.798,-1.4979999,-0.49800003
2019-03-19 17:00:00,-7.098,86.29593,0.049384087,0.452,0.427,0.379,-1.798,-1.4979999,-0.49800003
2019-03-19 18:00:00,-7.548,85.90914,0.049042016,0.452,0.427,0.379,-1.798,-1.4979999,-0.49800003
2019-03-19 19:00:00,-7.748,83.221695,0.05749479,0.452,0.427,0.379,-1.798,-1.4979999,-0.49800003
2019-03-19 20:00:00,-8.148,82.186325,0.059173346,0.452,0.427,0.379,-1.798,-1.4979999,-0.49800003
2019-03-19 21:00:00,-8.648,81.465294,0.05921212,0.452,0.427,0.379,-1.798,-1.4979999,-0.49800003
2019-03-19 22:00:00,-9.098,81.07548,0.058362722,0.451,0.427,0.379,-1.798,-1.4979999,-0.49800003
2019-03-19 23:00:00,-9.498,80.3682,0.0586683,0.451,0.427,0.379,-1.798,-1.4979999,-0.49800003
2019-03-20 00:00:00,-9.848,80.31515,0.057224557,0.451,0.427,0.379,-1.798,-1.4979999,-0.49800003
2019-03-20 01:00:00,-10.148,79.62265,0.057847247,0.451,0.427,0.379,-1.798,-1.4979999,-0.49800003
2019-03-20 02:00:00,-10.198,79.6148,0.05764067,0.451,0.427,0.379,-1.798,-1.4979999,-0.49800003
2019-03-20 03:00:00,-8.798,77.93706,0.06965695,0.451,0.427,0.379,-1.798,-1.4979999,-0.49800003
2019-03-20 04:00:00,-6.448,74.707275,0.09580186,0.451,0.427,0.379,-1.8479999,-1.4979999,-0.49800003
2019-03-20 05:00:00,-4.198,70.58889,0.13216233,0.45,0.427,0.379,-1.8479999,-1.4979999,-0.49800003
2019-03-20 06:00:00,-2.198,67.53751,0.16934285,0.45,0.427,0.379,-1.8479999,-1.4979999,-0.49800003
2019-03-20 07:00:00,-0.54800004,63.87951,0.21269831,0.45,0.427,0.379,-1.798,-1.4979999,-0.49800003
2019-03-20 08:00:00,0.552,63.17438,0.23488164,0.45,0.427,0.379,-1.798,-1.4979999,-0.49800003
2019-03-20 09:00:00,1.5020001,62.452885,0.25643462,0.453,0.427,0.379,-1.798,-1.4979999,-0.49800003
2019-03-20 10:00:00,1.9020001,64.21768,0.2514847,0.457,0.427,0.379,-1.798,-1.4979999,-0.49800003
2019-03-20 11:00:00,1.852,68.42211,0.22115058,0.46,0.427,0.379,-1.798,-1.4979999,-0.49800003
2019-03-20 12:00:00,1.302,74.14203,0.17410105,0.459,0.427,0.379,-1.798,-1.4979999,-0.49800003
2019-03-20 13:00:00,0.102,78.766754,0.1311059,0.459,0.427,0.379,-1.7479999,-1.4979999,-0.49800003
2019-03-20 14:00:00,-1.198,82.181984,0.10006866,0.459,0.427,0.379,-1.7479999,-1.4979999,-0.49800003
2019-03-20 15:00:00,-1.798,83.97334,0.086125135,0.459,0.427,0.379,-1.7479999,-1.4979999,-0.49800003
2019-03-20 16:00:00,-2.248,84.87139,0.07864252,0.458,0.427,0.379,-1.7479999,-1.4979999,-0.49800003
2019-03-20 17:00:00,-2.648,85.46741,0.07333788,0.458,0.427,0.379,-1.7479999,-1.4979999,-0.49800003
2019-03-20 18:00:00,-3.198,85.40553,0.07069653,0.458,0.427,0.379,-1.7479999,-1.4979999,-0.49800003
2019-03-20 19:00:00,-3.7979999,83.08929,0.078320354,0.458,0.427,0.379,-1.7479999,-1.4979999,-0.49800003
2019-03-20 20:00:00,-4.348,82.69988,0.07687917,0.458,0.428,0.379,-1.7479999,-1.4979999,-0.49800003
2019-03-20 21:00:00,-4.898,82.30873,0.07541886,0.457,0.428,0.379,-1.7479999,-1.4979999,-0.49800003
2019-03-20 22:00:00,-5.448,81.59865,0.0752393,0.457,0.428,0.379,-1.7479999,-1.4979999,-0.49800003
2019-03-20 23:00:00,-5.898,81.85342,0.07169682,0.457,0.428,0.379,-1.7479999,-1.4979999,-0.49800003
2019-03-21 00:00:00,-6.398,82.104065,0.06805289,0.457,0.428,0.379,-1.7479999,-1.4979999,-0.49800003
2019-03-21 01:00:00,-6.948,82.02817,0.06551272,0.456,0.428,0.379,-1.7479999,-1.4979999,-0.49800003
2019-03-21 02:00:00,-7.198,82.64113,0.0620704,0.456,0.428,0.379,-1.7479999,-1.4979999,-0.49800003
2019-03-21 03:00:00,-5.848,81.54233,0.07320443,0.456,0.428,0.379,-1.7479999,-1.4979999,-0.49800003
2019-03-21 04:00:00,-3.5479999,78.18748,0.1029264,0.456,0.428,0.379,-1.7479999,-1.4979999,-0.49800003
2019-03-21 05:00:00,-1.3479999,74.21109,0.14323854,0.456,0.428,0.379,-1.7479999,-1.4979999,-0.49800003
2019-03-21 06:00:00,0.402,71.52407,0.17967957,0.455,0.428,0.379,-1.7479999,-1.4979999,-0.49800003
2019-03-21 07:00:00,1.552,68.87038,0.21338022,0.459,0.428,0.379,-1.7479999,-1.4979999,-0.49800003
2019-03-21 08:00:00,2.752,67.10587,0.24561745,0.475,0.428,0.379,-1.698,-1.4979999,-0.49800003
2019-03-21 09:00:00,3.552,66.29628,0.266311,0.492,0.428,0.379,-1.698,-1.4979999,-0.49800003
2019-03-21 10:00:00,3.902,66.619095,0.2703392,0.505,0.429,0.379,-1.698,-1.4979999,-0.49800003
2019-03-21 11:00:00,3.752,70.356064,0.23755991,0.512,0.43,0.379,-1.698,-1.4979999,-0.49800003
2019-03-21 12:00:00,3.052,73.91683,0.19895315,0.51,0.432,0.379,-1.698,-1.4979999,-0.49800003
2019-03-21 13:00:00,1.602,78.419624,0.1484642,0.505,0.434,0.379,-1.698,-1.4979999,-0.49800003
2019-03-21 14:00:00,0.0020000003,81.73351,0.11197424,0.503,0.434,0.379,-1.698,-1.4979999,-0.49800003
2019-03-21 15:00:00,-1.298,84.98116,0.08373329,0.5,0.435,0.379,-1.698,-1.4979999,-0.49800003
2019-03-21 16:00:00,-2.148,86.491875,0.07074097,0.498,0.436,0.379,-1.698,-1.4979999,-0.49800003
2019-03-21 17:00:00,-2.848,87.40156,0.06264058,0.497,0.436,0.379,-1.648,-1.4979999,-0.49800003
2019-03-21 18:00:00,-3.448,88.006226,0.05702558,0.495,0.437,0.379,-1.648,-1.4979999,-0.49800003
2019-03-21 19:00:00,-4.348,87.92101,0.05368033,0.494,0.437,0.38,-1.648,-1.4979999,-0.49800003
2019-03-21 20:00:00,-5.198,88.857056,0.046438724,0.492,0.437,0.38,-1.648,-1.4979999,-0.49800003
2019-03-21 21:00:00,-5.998,89.47405,0.04127541,0.491,0.438,0.38,-1.648,-1.4979999,-0.49800003
2019-03-21 22:00:00,-6.698,89.76255,0.038047552,0.49,0.438,0.38,-1.698,-1.4979999,-0.49800003
2019-03-21 23:00:00,-7.298,89.713,0.03650406,0.489,0.438,0.38,-1.698,-1.4979999,-0.49800003
2019-03-22 00:00:00,-7.898,90.015205,0.033822566,0.488,0.439,0.38,-1.698,-1.4979999,-0.49800003
2019-03-22 01:00:00,-8.498,90.32155,0.031288326,0.487,0.439,0.38,-1.698,-1.4979999,-0.49800003
2019-03-22 02:00:00,-8.748,89.94621,0.03187254,0.487,0.439,0.38,-1.698,-1.4979999,-0.49800003
2019-03-22 03:00:00,-6.948,89.04643,0.039932966,0.486,0.439,0.38,-1.698,-1.4979999,-0.49800003
2019-03-22 04:00:00,-3.5479999,84.71926,0.07211009,0.485,0.44,0.38,-1.698,-1.4979999,-0.49800003
2019-03-22 05:00:00,-1.0979999,79.4694,0.11614868,0.484,0.44,0.38,-1.698,-1.4979999,-0.49800003
2019-03-22 06:00:00,0.70199996,75.9871,0.1548447,0.484,0.44,0.38,-1.698,-1.4979999,-0.49800003
2019-03-22 07:00:00,2.752,70.41195,0.22093564,0.486,0.44,0.38,-1.698,-1.4979999,-0.49800003
2019-03-22 08:00:00,4.002,67.87603,0.2619956,0.505,0.44,0.38,-1.698,-1.4979999,-0.49800003
2019-03-22 09:00:00,4.702,67.28562,0.2802139,0.519,0.441,0.38,-1.698,-1.4979999,-0.49800003
2019-03-22 10:00:00,4.952,68.07968,0.27822244,0.498,0.454,0.38,-1.648,-1.4979999,-0.49800003
2019-03-22 11:00:00,4.752,71.329796,0.24643576,0.497,0.459,0.38,-1.648,-1.4979999,-0.49800003
2019-03-22 12:00:00,3.9520001,74.89232,0.20406026,0.503,0.46,0.38,-1.648,-1.4979999,-0.49800003
2019-03-22 13:00:00,2.852,78.90121,0.15867364,0.501,0.46,0.38,-1.648,-1.4979999,-0.49800003
2019-03-22 14:00:00,1.702,82.564865,0.120811105,0.5,0.461,0.38,-1.648,-1.4979999,-0.49800003
2019-03-22 15:00:00,1.052,85.56035,0.095496476,0.498,0.461,0.38,-1.648,-1.4979999,-0.49800003
2019-03-22 16:00:00,0.202,88.01917,0.07451892,0.497,0.461,0.38,-1.648,-1.4979999,-0.49800003
2019-03-22 17:00:00,-0.49800003,89.92271,0.05957073,0.496,0.461,0.38,-1.648,-1.4979999,-0.49800003
2019-03-22 18:00:00,-0.99799997,90.88575,0.051945806,0.495,0.462,0.38,-1.648,-1.4979999,-0.49800003
2019-03-22 19:00:00,-1.448,91.529526,0.046709597,0.494,0.462,0.38,-1.648,-1.4979999,-0.49800003
2019-03-22 20:00:00,-1.798,92.18845,0.041980863,0.493,0.462,0.38,-1.5979999,-1.4979999,-0.49800003
2019-03-22 21:00:00,-2.248,93.19619,0.03537038,0.492,0.462,0.38,-1.5979999,-1.4979999,-0.49800003
2019-03-22 22:00:00,-2.0479999,93.55414,0.034008622,0.492,0.462,0.38,-1.5979999,-1.4979999,-0.49800003
2019-03-22 23:00:00,-2.598,93.52554,0.03279665,0.491,0.462,0.38,-1.5979999,-1.4979999,-0.49800003
2019-03-23 00:00:00,-2.848,94.21436,0.02876836,0.49,0.462,0.38,-1.5979999,-1.4979999,-0.49800003
2019-03-23 01:00:00,-2.7979999,94.21669,0.028863817,0.49,0.462,0.38,-1.5979999,-1.4979999,-0.49800003
2019-03-23 02:00:00,-2.498,93.88015,0.031231225,0.489,0.462,0.38,-1.5979999,-1.4979999,-0.49800003
2019-03-23 03:00:00,-0.99799997,91.89833,0.046175063,0.488,0.462,0.38,-1.5979999,-1.4979999,-0.49800003
2019-03-23 04:00:00,0.252,88.99797,0.06867969,0.488,0.462,0.38,-1.5979999,-1.4979999,-0.49800003
2019-03-23 05:00:00,1.1520001,87.14826,0.0856089,0.487,0.462,0.381,-1.5979999,-1.4979999,-0.49800003
2019-03-23 06:00:00,2.302,85.69667,0.10344887,0.496,0.463,0.381,-1.5979999,-1.4979999,-0.49800003
2019-03-23 07:00:00,2.802,84.521484,0.11599672,0.512,0.463,0.381,-1.5979999,-1.4979999,-0.49800003
2019-03-23 08:00:00,3.502,84.90687,0.11884761,0.52,0.465,0.381,-1.5979999,-1.4979999,-0.49800003
2019-03-23 09:00:00,4.752,71.329796,0.24643576,0.494,0.48,0.381,-1.5979999,-1.448,-0.49800003
2019-03-23 10:00:00,5.352,69.16034,0.27638847,0.513,0.48,0.381,-1.5979999,-1.4979999,-0.49800003
2019-03-23 11:00:00,5.552,68.70301,0.28440624,0.52,0.481,0.381,-1.548,-1.448,-0.49800003
2019-03-23 12:00:00,4.902,72.66175,0.23745894,0.486,0.495,0.381,-1.548,-1.448,-0.49800003
2019-03-23 13:00:00,3.052,82.73906,0.13166481,0.487,0.494,0.381,-1.548,-1.448,-0.49800003
2019-03-23 14:00:00,1.952,87.54343,0.08787209,0.487,0.493,0.381,-1.548,-1.448,-0.49800003
2019-03-23 15:00:00,1.602,89.43622,0.07267815,0.487,0.493,0.382,-1.548,-1.448,-0.49800003
2019-03-23 16:00:00,1.2520001,91.708206,0.055633247,0.487,0.492,0.382,-1.548,-1.448,-0.49800003
2019-03-23 17:00:00,1.052,93.37307,0.043828607,0.487,0.492,0.382,-1.548,-1.448,-0.49800003
2019-03-23 18:00:00,0.852,94.38385,0.03661263,0.487,0.491,0.382,-1.548,-1.448,-0.49800003
2019-03-23 19:00:00,0.752,94.72228,0.034159243,0.487,0.49,0.382,-1.548,-1.448,-0.49800003
2019-03-23 20:00:00,0.602,96.100235,0.024968982,0.487,0.49,0.382,-1.548,-1.448,-0.49800003
2019-03-23 21:00:00,0.552,95.75079,0.027108312,0.487,0.49,0.383,-1.4979999,-1.448,-0.49800003
2019-03-23 22:00:00,0.552,96.09868,0.024888992,0.486,0.489,0.383,-1.4979999,-1.448,-0.49800003
2019-03-23 23:00:00,0.352,96.44194,0.022373259,0.486,0.489,0.383,-1.4979999,-1.448,-0.49800003
2019-03-24 00:00:00,0.352,96.79262,0.020168185,0.486,0.488,0.383,-1.4979999,-1.448,-0.49800003
2019-03-24 01:00:00,0.15200001,97.139786,0.017726481,0.486,0.488,0.383,-1.4979999,-1.448,-0.49800003
2019-03-24 02:00:00,0.45200002,96.79522,0.020298123,0.486,0.487,0.383,-1.4979999,-1.448,-0.49800003
2019-03-24 03:00:00,0.802,95.06826,0.03203529,0.486,0.487,0.383,-1.4979999,-1.448,-0.49800003
2019-03-24 04:00:00,1.202,93.719376,0.04198873,0.491,0.486,0.384,-1.4979999,-1.448,-0.49800003
2019-03-24 05:00:00,2.052,90.773636,0.065552294,0.504,0.486,0.384,-1.4979999,-1.448,-0.49800003
2019-03-24 06:00:00,2.7020001,88.24766,0.08745098,0.52,0.486,0.384,-1.4979999,-1.448,-0.49800003
2019-03-24 07:00:00,2.502,86.65252,0.097919345,0.493,0.5,0.384,-1.4979999,-1.448,-0.49800003
2019-03-24 08:00:00,3.002,84.5447,0.11747563,0.509,0.499,0.384,-1.4979999,-1.448,-0.49800003
2019-03-24 09:00:00,3.152,83.65263,0.12558162,0.52,0.499,0.385,-1.4979999,-1.448,-0.49800003
2019-03-24 10:00:00,3.102,83.64653,0.12518501,0.494,0.511,0.385,-1.448,-1.448,-0.49800003
2019-03-24 11:00:00,2.802,85.13411,0.11140585,0.503,0.509,0.385,-1.448,-1.448,-0.54800004
2019-03-24 12:00:00,2.302,87.260895,0.092136085,0.508,0.508,0.386,-1.448,-1.448,-0.54800004
2019-03-24 13:00:00,1.552,90.08276,0.06798625,0.507,0.506,0.386,-1.448,-1.448,-0.54800004
2019-03-24 14:00:00,0.652,92.33893,0.04922813,0.507,0.505,0.387,-1.448,-1.448,-0.54800004
2019-03-24 15:00:00,0.15200001,93.66669,0.03925085,0.506,0.504,0.387,-1.448,-1.448,-0.54800004
2019-03-24 16:00:00,-0.49800003,94.66913,0.03151363,0.505,0.503,0.388,-1.448,-1.448,-0.54800004
2019-03-24 17:00:00,-0.948,95.34817,0.026610613,0.505,0.502,0.388,-1.448,-1.448,-0.54800004
2019-03-24 18:00:00,-1.448,95.6816,0.023814023,0.504,0.501,0.388,-1.448,-1.448,-0.54800004
2019-03-24 19:00:00,-1.8479999,95.31417,0.025090516,0.503,0.501,0.389,-1.448,-1.448,-0.54800004
2019-03-24 20:00:00,-2.098,95.65875,0.022820473,0.503,0.5,0.389,-1.448,-1.448,-0.54800004
2019-03-24 21:00:00,-2.698,96.35264,0.018339664,0.502,0.499,0.389,-1.448,-1.448,-0.54800004
2019-03-24 22:00:00,-2.748,96.71063,0.01647833,0.502,0.498,0.389,-1.448,-1.448,-0.54800004
2019-03-24 23:00:00,-2.648,96.354126,0.018400311,0.501,0.498,0.39,-1.448,-1.448,-0.54800004
2019-03-25 00:00:00,-2.598,96.714676,0.016642332,0.5,0.497,0.39,-1.448,-1.448,-0.54800004
2019-03-25 01:00:00,-2.398,96.361565,0.018706381,0.5,0.497,0.39,-1.448,-1.448,-0.54800004
2019-03-25 02:00:00,-1.9979999,96.37343,0.019205093,0.499,0.496,0.39,-1.448,-1.448,-0.54800004
2019-03-25 03:00:00,-1.048,95.69557,0.024443746,0.499,0.495,0.39,-1.448,-1.448,-0.54800004
2019-03-25 04:00:00,0.0020000003,94.34557,0.034664333,0.498,0.495,0.391,-1.448,-1.448,-0.54800004
2019-03-25 05:00:00,0.752,93.018745,0.04518479,0.498,0.494,0.391,-1.448,-1.448,-0.54800004
2019-03-25 06:00:00,1.852,91.08749,0.06242442,0.509,0.494,0.391,-1.448,-1.448,-0.54800004
2019-03-25 07:00:00,2.102,88.833176,0.07962203,0.52,0.494,0.391,-1.448,-1.448,-0.54800004
2019-03-25 08:00:00,2.852,87.00062,0.09776455,0.495,0.508,0.391,-1.448,-1.448,-0.54800004
2019-03-25 09:00:00,3.252,86.10782,0.10747838,0.509,0.506,0.392,-1.448,-1.398,-0.54800004
2019-03-25 10:00:00,3.7020001,85.234406,0.11791825,0.52,0.505,0.392,-1.398,-1.398,-0.54800004
2019-03-25 11:00:00,3.802,85.55116,0.11620337,0.494,0.518,0.393,-1.3479999,-1.398,-0.54800004
2019-03-25 12:00:00,3.4520001,87.372086,0.099086404,0.502,0.513,0.394,-1.298,-1.398,-0.54800004
2019-03-25 13:00:00,2.552,90.48397,0.07006055,0.503,0.51,0.395,-1.298,-1.398,-0.54800004
2019-03-25 14:00:00,1.852,92.74461,0.050817966,0.503,0.509,0.396,-1.298,-1.398,-0.54800004
2019-03-25 15:00:00,1.5020001,94.07305,0.040486634,0.502,0.507,0.396,-1.298,-1.398,-0.54800004
2019-03-25 16:00:00,1.1520001,94.73911,0.035045266,0.501,0.506,0.396,-1.298,-1.398,-0.54800004
2019-03-25 17:00:00,0.802,95.41324,0.029794514,0.501,0.505,0.397,-1.2479999,-1.398,-0.54800004
2019-03-25 18:00:00,0.552,95.75079,0.027108312,0.5,0.504,0.397,-1.2479999,-1.398,-0.54800004
2019-03-25 19:00:00,-0.098000005,95.379944,0.028118372,0.5,0.503,0.397,-1.2479999,-1.398,-0.54800004
2019-03-25 20:00:00,-0.698,95.357544,0.02704668,0.499,0.502,0.398,-1.2479999,-1.398,-0.54800004
2019-03-25 21:00:00,-0.848,95.35192,0.0267843,0.499,0.501,0.398,-1.298,-1.398,-0.54800004
2019-03-25 22:00:00,-0.898,95.7008,0.024683595,0.498,0.5,0.398,-1.298,-1.398,-0.54800004
2019-03-25 23:00:00,-1.198,94.98832,0.02814883,0.498,0.5,0.399,-1.298,-1.398,-0.54800004
2019-03-26 00:00:00,-1.2479999,94.28858,0.0319615,0.498,0.499,0.399,-1.298,-1.398,-0.54800004
2019-03-26 01:00:00,-1.148,93.60054,0.036075234,0.497,0.498,0.399,-1.298,-1.398,-0.54800004
2019-03-26 02:00:00,-0.49800003,92.608406,0.04369521,0.497,0.498,0.399,-1.298,-1.398,-0.54800004
2019-03-26 03:00:00,0.902,90.36087,0.06306499,0.496,0.497,0.4,-1.298,-1.398,-0.54800004
2019-03-26 04:00:00,2.7020001,87.61471,0.09216076,0.496,0.497,0.4,-1.2479999,-1.398,-0.54800004
2019-03-26 05:00:00,4.152,85.28419,0.121295094,0.51,0.496,0.4,-1.198,-1.398,-0.54800004
2019-03-26 06:00:00,5.202,83.30657,0.1480608,0.52,0.496,0.4,-1.148,-1.398,-0.54800004
2019-03-26 07:00:00,7.102,76.514565,0.23747087,0.492,0.513,0.4,-1.048,-1.398,-0.54800004
2019-03-26 08:00:00,8.402,71.02669,0.3200752,0.513,0.511,0.401,-0.99799997,-1.398,-0.54800004
2019-03-26 09:00:00,9.152,67.51783,0.37748092,0.515,0.515,0.402,-0.898,-1.398,-0.54800004
2019-03-26 10:00:00,8.352,72.53373,0.30239993,0.487,0.51,0.407,-0.79800004,-1.3479999,-0.54800004
2019-03-26 11:00:00,7.202,79.83239,0.20532238,0.474,0.5,0.413,-0.698,-1.3479999,-0.54800004
2019-03-26 12:00:00,5.502,89.748634,0.092837155,0.483,0.501,0.413,-0.698,-1.3479999,-0.54800004
2019-03-26 13:00:00,4.402,92.56107,0.06239891,0.477,0.507,0.414,-0.648,-1.3479999,-0.54800004
2019-03-26 14:00:00,3.502,94.16612,0.045938313,0.49,0.505,0.415,-0.648,-1.3479999,-0.54800004
2019-03-26 15:00:00,2.802,95.82666,0.031276047,0.499,0.504,0.415,-0.598,-1.3479999,-0.54800004
2019-03-26 16:00:00,2.252,96.495926,0.025253952,0.505,0.503,0.415,-0.598,-1.3479999,-0.54800004
2019-03-26 17:00:00,1.602,95.786446,0.028989613,0.508,0.503,0.416,-0.598,-1.3479999,-0.54800004
2019-03-26 18:00:00,0.902,93.70439,0.041190267,0.506,0.503,0.416,-0.598,-1.3479999,-0.54800004
2019-03-26 19:00:00,0.052,93.32019,0.04109907,0.504,0.502,0.416,-0.598,-1.3479999,-0.54800004
2019-03-26 20:00:00,-0.898,92.92655,0.04061103,0.503,0.501,0.416,-0.648,-1.3479999,-0.54800004
2019-03-26 21:00:00,-2.198,92.85263,0.03729394,0.502,0.501,0.417,-0.698,-1.3479999,-0.54800004
2019-03-26 22:00:00,-3.248,92.79209,0.034787893,0.501,0.5,0.417,-0.748,-1.298,-0.54800004
2019-03-26 23:00:00,-4.348,92.37691,0.03387934,0.5,0.5,0.417,-0.79800004,-1.298,-0.54800004
2019-03-27 00:00:00,-5.398,92.31193,0.031558692,0.499,0.499,0.417,-0.898,-1.298,-0.54800004
2019-03-27 01:00:00,-6.398,92.24926,0.029477626,0.499,0.499,0.418,-0.948,-1.298,-0.54800004
2019-03-27 02:00:00,-6.148,91.55686,0.032731384,0.498,0.498,0.418,-1.048,-1.298,-0.54800004
2019-03-27 03:00:00,-3.598,87.99209,0.05645579,0.498,0.498,0.418,-0.99799997,-1.298,-0.54800004
2019-03-27 04:00:00,-0.29799998,80.18607,0.11883888,0.498,0.497,0.418,-0.948,-1.298,-0.54800004
2019-03-27 05:00:00,2.102,72.66089,0.19491965,0.501,0.497,0.418,-0.848,-1.298,-0.54800004
2019-03-27 06:00:00,3.4520001,63.393276,0.2872114,0.509,0.497,0.419,-0.698,-1.298,-0.54800004
2019-03-27 07:00:00,4.452,56.93663,0.36244822,0.514,0.497,0.419,-0.54800004,-1.298,-0.54800004
2019-03-27 08:00:00,5.602,49.689457,0.4587346,0.498,0.506,0.419,-0.398,-1.298,-0.54800004
2019-03-27 09:00:00,6.202,46.960266,0.50409925,0.481,0.498,0.424,-0.24800001,-1.298,-0.54800004
2019-03-27 10:00:00,6.452,45.98531,0.52228355,0.486,0.498,0.424,-0.098000005,-1.298,-0.54800004
2019-03-27 11:00:00,6.252,46.099934,0.5140424,0.489,0.499,0.424,0.0020000003,-1.2479999,-0.54800004
2019-03-27 12:00:00,5.402,50.383385,0.446175,0.489,0.499,0.424,0.102,-1.2479999,-0.54800004
2019-03-27 13:00:00,3.252,59.00798,0.31709772,0.487,0.498,0.424,0.102,-1.2479999,-0.54800004
2019-03-27 14:00:00,0.752,68.95862,0.20087978,0.487,0.498,0.425,0.0020000003,-1.2479999,-0.54800004
2019-03-27 15:00:00,-0.49800003,72.704666,0.16133249,0.486,0.498,0.425,-0.048,-1.2479999,-0.54800004
2019-03-27 16:00:00,-1.148,73.40924,0.14987448,0.486,0.497,0.425,-0.148,-1.2479999,-0.54800004
2019-03-27 17:00:00,-1.4979999,73.06461,0.14796466,0.485,0.497,0.425,-0.198,-1.2479999,-0.54800004
2019-03-27 18:00:00,-1.798,73.28582,0.14354399,0.485,0.496,0.425,-0.24800001,-1.2479999,-0.54800004
2019-03-27 19:00:00,-2.398,78.07504,0.11270565,0.485,0.496,0.425,-0.29799998,-1.2479999,-0.54800004
2019-03-27 20:00:00,-2.398,78.372406,0.111177444,0.484,0.495,0.426,-0.348,-1.2479999,-0.54800004
2019-03-27 21:00:00,-2.398,79.27051,0.10656163,0.484,0.495,0.426,-0.398,-1.198,-0.54800004
2019-03-27 22:00:00,-2.198,79.00129,0.109555304,0.484,0.494,0.426,-0.448,-1.198,-0.54800004
2019-03-27 23:00:00,-1.9979999,78.733795,0.11260271,0.483,0.494,0.426,-0.49800003,-1.198,-0.54800004
2019-03-28 00:00:00,-1.948,78.44415,0.1145581,0.483,0.494,0.426,-0.54800004,-1.198,-0.54800004
2019-03-28 01:00:00,-1.698,77.30568,0.122850865,0.483,0.493,0.426,-0.54800004,-1.198,-0.54800004
2019-03-28 02:00:00,-1.148,74.529465,0.14356211,0.483,0.493,0.426,-0.598,-1.198,-0.54800004
2019-03-28 03:00:00,0.102,69.341866,0.18928581,0.482,0.492,0.427,-0.54800004,-1.198,-0.54800004
2019-03-28 04:00:00,1.702,62.03186,0.2630518,0.482,0.492,0.427,-0.49800003,-1.198,-0.54800004
2019-03-28 05:00:00,3.552,55.017616,0.3554014,0.482,0.492,0.427,-0.398,-1.198,-0.54800004
2019-03-28 06:00:00,5.002,49.892635,0.43822265,0.486,0.491,0.427,-0.29799998,-1.198,-0.54800004
2019-03-28 07:00:00,6.902,46.289917,0.5356512,0.493,0.491,0.427,-0.198,-1.198,-0.54800004
2019-03-28 08:00:00,7.402,45.237736,0.5651579,0.497,0.491,0.427,-0.048,-1.148,-0.54800004
2019-03-28 09:00:00,7.402,45.577137,0.5616565,0.501,0.491,0.427,0.052,-1.148,-0.54800004
2019-03-28 10:00:00,6.602,49.97372,0.48874977,0.503,0.491,0.427,0.102,-1.148,-0.54800004
2019-03-28 11:00:00,5.152,60.59828,0.34823638,0.504,0.492,0.427,0.15200001,-1.148,-0.54800004
2019-03-28 12:00:00,4.252,69.436325,0.25368214,0.513,0.493,0.428,0.15200001,-1.148,-0.54800004
2019-03-28 13:00:00,3.052,84.24617,0.12016922,0.514,0.495,0.428,0.15200001,-1.148,-0.54800004
2019-03-28 14:00:00,2.302,88.211525,0.08526081,0.512,0.497,0.428,0.15200001,-1.148,-0.54800004
2019-03-28 15:00:00,2.402,87.58625,0.09042418,0.511,0.498,0.428,0.15200001,-1.148,-0.54800004
2019-03-28 16:00:00,2.652,88.88039,0.08244985,0.509,0.499,0.428,0.15200001,-1.148,-0.54800004
2019-03-28 17:00:00,2.852,90.18233,0.073836565,0.508,0.499,0.428,0.15200001,-1.0979999,-0.54800004
2019-03-28 18:00:00,3.002,91.82108,0.062168956,0.508,0.5,0.429,0.15200001,-1.0979999,-0.54800004
2019-03-28 19:00:00,3.102,93.47952,0.049915016,0.508,0.5,0.429,0.15200001,-1.0979999,-0.54800004
2019-03-28 20:00:00,3.152,94.82213,0.039777756,0.507,0.5,0.429,0.15200001,-1.0979999,-0.54800004
2019-03-28 21:00:00,3.2020001,96.18066,0.029444993,0.507,0.501,0.429,0.202,-1.0979999,-0.54800004
2019-03-28 22:00:00,3.2020001,97.209274,0.021515012,0.507,0.501,0.429,0.202,-1.0979999,-0.54800004
2019-03-28 23:00:00,3.052,97.55135,0.018678665,0.508,0.501,0.429,0.202,-1.0979999,-0.54800004
2019-03-29 00:00:00,3.002,97.55036,0.018620074,0.512,0.501,0.43,0.202,-1.0979999,-0.54800004
2019-03-29 01:00:00,3.302,97.21151,0.021650195,0.52,0.503,0.43,0.252,-1.0979999,-0.54800004
2019-03-29 02:00:00,3.752,96.87907,0.025011957,0.489,0.513,0.43,0.252,-1.048,-0.54800004
2019-03-29 03:00:00,4.052,96.886536,0.025483608,0.472,0.505,0.435,0.302,-1.048,-0.54800004
2019-03-29 04:00:00,4.452,96.55693,0.028982341,0.478,0.505,0.435,0.352,-1.048,-0.54800004
2019-03-29 05:00:00,5.052,96.2364,0.033034503,0.482,0.505,0.436,0.402,-1.048,-0.54800004
2019-03-29 06:00:00,6.002,92.330666,0.07189888,0.486,0.504,0.436,0.502,-1.048,-0.54800004
2019-03-29 07:00:00,6.152,93.308365,0.063385665,0.49,0.504,0.436,0.652,-1.048,-0.54800004
2019-03-29 08:00:00,6.452,92.03705,0.07700324,0.493,0.504,0.436,0.802,-1.048,-0.54800004
2019-03-29 09:00:00,7.402,81.84218,0.18740427,0.497,0.504,0.437,1.2520001,-0.99799997,-0.54800004
2019-03-29 10:00:00,7.252,81.53651,0.18861634,0.499,0.503,0.437,1.6520001,-0.99799997,-0.54800004
2019-03-29 11:00:00,6.402,85.829704,0.13655955,0.499,0.503,0.437,1.802,-0.99799997,-0.54800004
2019-03-29 12:00:00,5.502,89.748634,0.092837155,0.499,0.503,0.438,1.7520001,-0.99799997,-0.54800004
2019-03-29 13:00:00,4.552,92.56976,0.062983096,0.499,0.502,0.438,1.5020001,-0.99799997,-0.54800004
2019-03-29 14:00:00,3.752,94.17761,0.04666215,0.499,0.502,0.438,1.202,-0.948,-0.54800004
2019-03-29 15:00:00,3.302,95.165535,0.03753531,0.499,0.502,0.438,1.002,-0.948,-0.54800004
2019-03-29 16:00:00,2.9520001,96.859055,0.023790717,0.499,0.501,0.439,0.902,-0.948,-0.54800004
2019-03-29 17:00:00,2.552,98.58851,0.01039207,0.499,0.501,0.439,0.852,-0.948,-0.54800004
2019-03-29 18:00:00,2.2020001,99.64445,0.0025533438,0.498,0.501,0.439,0.802,-0.948,-0.54800004
2019-03-29 19:00:00,1.952,99.64373,0.0025134087,0.498,0.5,0.439,0.752,-0.948,-0.54800004
2019-03-29 20:00:00,1.7520001,99.64314,0.0024817586,0.497,0.5,0.439,0.70199996,-0.948,-0.54800004
2019-03-29 21:00:00,1.602,99.28654,0.004908681,0.497,0.5,0.44,0.652,-0.948,-0.54800004
2019-03-29 22:00:00,1.4020001,99.64211,0.0024272203,0.496,0.499,0.44,0.652,-0.898,-0.54800004
2019-03-29 23:00:00,1.2520001,99.28451,0.004800737,0.496,0.499,0.44,0.602,-0.898,-0.54800004
2019-03-30 00:00:00,1.202,99.28422,0.004785478,0.495,0.499,0.44,0.552,-0.898,-0.54800004
2019-03-30 01:00:00,1.052,98.92671,0.007098496,0.495,0.498,0.44,0.502,-0.898,-0.54800004
2019-03-30 02:00:00,1.102,98.2176,0.011830986,0.494,0.498,0.44,0.502,-0.898,-0.54800004
2019-03-30 03:00:00,1.702,95.789825,0.029174507,0.494,0.498,0.441,0.552,-0.898,-0.54800004
2019-03-30 04:00:00,2.9520001,89.225464,0.08160889,0.495,0.497,0.441,0.602,-0.898,-0.54800004
2019-03-30 05:00:00,4.752,79.75857,0.17398936,0.496,0.497,0.441,0.852,-0.898,-0.54800004
2019-03-30 06:00:00,7.102,64.71116,0.35681796,0.497,0.497,0.441,1.452,-0.848,-0.54800004
2019-03-30 07:00:00,8.852,53.44654,0.5301749,0.498,0.497,0.441,3.802,-0.848,-0.54800004
2019-03-30 08:00:00,9.902,46.813965,0.6499995,0.498,0.497,0.441,5.352,-0.848,-0.54800004
2019-03-30 09:00:00,10.502,43.837406,0.7144327,0.498,0.497,0.441,6.202,-0.79800004,-0.54800004
2019-03-30 10:00:00,10.802,42.65683,0.7441566,0.498,0.497,0.442,6.552,-0.79800004,-0.54800004
2019-03-30 11:00:00,10.602,43.06992,0.72903323,0.498,0.497,0.442,6.402,-0.748,-0.54800004
2019-03-30 12:00:00,9.802,45.26751,0.66443205,0.497,0.497,0.442,5.802,-0.748,-0.54800004
2019-03-30 13:00:00,7.452,52.67726,0.49006975,0.496,0.497,0.442,4.552,-0.698,-0.54800004
2019-03-30 14:00:00,4.352,65.98866,0.28427833,0.495,0.496,0.442,2.902,-0.698,-0.54800004
2019-03-30 15:00:00,2.802,76.34564,0.17726135,0.494,0.496,0.442,1.702,-0.698,-0.54800004
2019-03-30 16:00:00,1.9020001,83.80394,0.11384237,0.493,0.496,0.442,0.902,-0.698,-0.54800004
2019-03-30 17:00:00,1.452,87.81438,0.082939446,0.492,0.496,0.442,0.70199996,-0.698,-0.54800004
2019-03-30 18:00:00,1.6520001,87.19741,0.08839619,0.491,0.496,0.442,0.652,-0.648,-0.54800004
2019-03-30 19:00:00,2.252,82.33599,0.12729913,0.491,0.495,0.443,0.652,-0.648,-0.54800004
2019-03-30 20:00:00,3.052,76.94678,0.17584407,0.49,0.495,0.443,0.652,-0.648,-0.54800004
2019-03-30 21:00:00,3.502,76.186104,0.18751252,0.49,0.495,0.443,0.652,-0.648,-0.54800004
2019-03-30 22:00:00,3.352,79.55191,0.1593169,0.491,0.495,0.443,0.652,-0.648,-0.54800004
2019-03-30 23:00:00,3.152,83.65263,0.12558162,0.492,0.494,0.443,0.652,-0.648,-0.54800004
2019-03-31 00:00:00,2.802,87.9399,0.090379834,0.493,0.494,0.443,0.652,-0.648,-0.54800004
2019-03-31 01:00:00,2.352,93.10646,0.05003643,0.497,0.494,0.443,0.652,-0.648,-0.54800004
2019-03-31 02:00:00,1.802,96.483246,0.024544418,0.502,0.494,0.443,0.602,-0.648,-0.54800004
2019-03-31 03:00:00,1.1520001,98.218315,0.011868715,0.503,0.495,0.443,0.602,-0.648,-0.54800004
2019-03-31 04:00:00,1.052,94.392815,0.03708446,0.502,0.495,0.443,0.602,-0.648,-0.54800004
2019-03-31 05:00:00,1.452,88.777,0.07638782,0.501,0.495,0.444,0.652,-0.598,-0.54800004
2019-03-31 06:00:00,1.852,84.1037,0.11133695,0.5,0.495,0.444,0.70199996,-0.598,-0.54800004
2019-03-31 07:00:00,1.602,82.85427,0.11795831,0.499,0.496,0.444,0.70199996,-0.598,-0.54800004
2019-03-31 08:00:00,2.502,74.0877,0.19008702,0.499,0.496,0.444,0.902,-0.598,-0.54800004
2019-03-31 09:00:00,3.502,65.0713,0.2750169,0.498,0.496,0.444,1.302,-0.598,-0.54800004
2019-03-31 10:00:00,4.402,55.247417,0.37534526,0.498,0.496,0.444,2.552,-0.598,-0.54800004
2019-03-31 11:00:00,4.852,48.00075,0.45003006,0.497,0.495,0.444,3.102,-0.598,-0.54800004
2019-03-31 12:00:00,4.752,45.83304,0.46552047,0.495,0.495,0.444,3.052,-0.54800004,-0.54800004
2019-03-31 13:00:00,3.4520001,50.208126,0.39061752,0.494,0.495,0.444,2.302,-0.54800004,-0.54800004
2019-03-31 14:00:00,1.002,59.5508,0.26649714,0.493,0.495,0.445,1.002,-0.54800004,-0.54800004
2019-03-31 15:00:00,-0.398,65.39714,0.20600575,0.492,0.495,0.445,0.402,-0.54800004,-0.54800004
2019-03-31 16:00:00,-1.2479999,68.791985,0.17460501,0.492,0.495,0.445,0.302,-0.54800004,-0.54800004
2019-03-31 17:00:00,-1.798,71.082016,0.155382,0.491,0.494,0.445,0.202,-0.54800004,-0.54800004
2019-03-31 18:00:00,-2.348,73.46138,0.1369217,0.49,0.494,0.445,0.102,-0.54800004,-0.54800004
2019-03-31 19:00:00,-2.498,80.7733,0.09810799,0.49,0.494,0.445,0.052,-0.54800004,-0.54800004
2019-03-31 20:00:00,-2.848,82.27034,0.08814919,0.489,0.494,0.445,-0.048,-0.54800004,-0.54800004
2019-03-31 21:00:00,-3.248,83.16021,0.081267476,0.489,0.494,0.445,-0.098000005,-0.54800004,-0.54800004
2019-03-31 22:00:00,-3.7979999,84.36749,0.072401464,0.488,0.493,0.445,-0.198,-0.54800004,-0.54800004
2019-03-31 23:00:00,-2.7979999,78.60745,0.106752634,0.488,0.493,0.445,-0.24800001,-0.54800004,-0.54800004
2019-04-01 00:00:00,-2.498,76.8787,0.11797619,0.488,0.493,0.445,-0.348,-0.54800004,-0.54800004
2019-04-01 01:00:00,-3.198,79.753716,0.098068595,0.487,0.493,0.446,-0.448,-0.54800004,-0.54800004
2019-04-01 02:00:00,-2.498,77.76232,0.11346862,0.487,0.492,0.446,-0.448,-0.54800004,-0.54800004
2019-04-01 03:00:00,-0.24800001,67.71014,0.19435129,0.487,0.492,0.446,-0.398,-0.54800004,-0.54800004
2019-04-01 04:00:00,2.502,55.78105,0.32433698,0.487,0.492,0.446,-0.24800001,-0.54800004,-0.54800004
2019-04-01 05:00:00,5.002,47.143124,0.46225774,0.488,0.492,0.446,-0.048,-0.54800004,-0.54800004
2019-04-01 06:00:00,6.802,42.26332,0.57185245,0.489,0.491,0.446,0.202,-0.49800003,-0.54800004
2019-04-01 07:00:00,7.602,41.866936,0.60817814,0.489,0.491,0.446,0.45200002,-0.49800003,-0.54800004
2019-04-01 08:00:00,8.552,37.940136,0.69253314,0.49,0.491,0.446,0.802,-0.49800003,-0.54800004
2019-04-01 09:00:00,9.102,35.60098,0.74582046,0.49,0.491,0.446,1.452,-0.49800003,-0.54800004
2019-04-01 10:00:00,9.302,34.203655,0.7723262,0.489,0.49,0.446,3.102,-0.49800003,-0.54800004
2019-04-01 11:00:00,9.102,34.01381,0.76419127,0.488,0.49,0.446,4.202,-0.49800003,-0.54800004
2019-04-01 12:00:00,8.602,35.315845,0.72424835,0.488,0.49,0.446,4.302,-0.448,-0.54800004
2019-04-01 13:00:00,7.202,40.196415,0.60877883,0.487,0.49,0.446,3.502,-0.448,-0.54800004
2019-04-01 14:00:00,4.502,47.536343,0.44307977,0.486,0.49,0.446,2.102,-0.448,-0.54800004
2019-04-01 15:00:00,2.102,56.526573,0.3099128,0.486,0.49,0.447,0.902,-0.448,-0.54800004
2019-04-01 16:00:00,0.052,64.75815,0.21678829,0.485,0.489,0.447,0.352,-0.448,-0.54800004
2019-04-01 17:00:00,-0.99799997,67.80309,0.18346748,0.485,0.489,0.447,0.202,-0.448,-0.54800004
2019-04-01 18:00:00,-1.2479999,68.791985,0.17460501,0.484,0.489,0.447,0.102,-0.448,-0.54800004
2019-04-01 19:00:00,-1.0979999,69.88163,0.17037445,0.484,0.489,0.447,0.052,-0.398,-0.54800004
2019-04-01 20:00:00,-0.99799997,70.16899,0.16999021,0.484,0.489,0.447,0.0020000003,-0.398,-0.54800004
2019-04-01 21:00:00,-1.048,71.504845,0.16178656,0.483,0.488,0.447,-0.048,-0.398,-0.54800004
2019-04-01 22:00:00,-1.198,74.520325,0.14308801,0.483,0.488,0.447,-0.098000005,-0.398,-0.54800004
2019-04-01 23:00:00,-1.398,78.235916,0.12044507,0.483,0.488,0.447,-0.148,-0.398,-0.54800004
2019-04-02 00:00:00,-1.548,81.827095,0.09947133,0.482,0.488,0.447,-0.198,-0.398,-0.54800004
2019-04-02 01:00:00,-1.648,84.623405,0.083550334,0.482,0.488,0.447,-0.24800001,-0.398,-0.54800004
2019-04-02 02:00:00,-0.748,83.78856,0.094095826,0.482,0.487,0.447,-0.24800001,-0.398,-0.54800004
2019-04-02 03:00:00,2.102,71.85928,0.20063388,0.482,0.487,0.447,-0.148,-0.398,-0.54800004
2019-04-02 04:00:00,4.702,63.454983,0.3130198,0.482,0.487,0.447,0.0020000003,-0.398,-0.54800004
2019-04-02 05:00:00,6.952,58.64869,0.4138378,0.482,0.487,0.447,0.202,-0.398,-0.54800004
2019-04-02 06:00:00,8.752,54.594837,0.5136183,0.482,0.487,0.447,0.45200002,-0.398,-0.54800004
2019-04-02 07:00:00,10.302,51.009335,0.6149509,0.482,0.486,0.447,0.802,-0.398,-0.54800004
2019-04-02 08:00:00,11.252,47.886887,0.6967814,0.482,0.486,0.448,1.5020001,-0.398,-0.54800004
2019-04-02 09:00:00,11.802,46.177216,0.7462723,0.481,0.486,0.448,4.202,-0.398,-0.54800004
2019-04-02 10:00:00,12.002,45.40837,0.7669709,0.481,0.485,0.448,5.852,-0.348,-0.54800004
2019-04-02 11:00:00,11.852,45.529404,0.75774765,0.48,0.485,0.448,6.502,-0.348,-0.54800004
2019-04-02 12:00:00,11.302,47.385254,0.705821,0.479,0.485,0.448,6.202,-0.29799998,-0.54800004
2019-04-02 13:00:00,9.902,52.770927,0.57720244,0.479,0.485,0.448,5.202,-0.29799998,-0.54800004
2019-04-02 14:00:00,6.802,63.485764,0.36169297,0.479,0.485,0.448,3.602,-0.29799998,-0.54800004
2019-04-02 15:00:00,3.852,74.87463,0.20277393,0.479,0.484,0.448,2.102,-0.24800001,-0.54800004
2019-04-02 16:00:00,2.552,81.48247,0.13632888,0.478,0.484,0.448,1.302,-0.24800001,-0.54800004
2019-04-02 17:00:00,2.102,83.82822,0.11530638,0.478,0.484,0.448,0.752,-0.24800001,-0.54800004
2019-04-02 18:00:00,1.552,85.303635,0.10074699,0.478,0.484,0.448,0.552,-0.24800001,-0.54800004
2019-04-02 19:00:00,1.5020001,86.23581,0.09401947,0.478,0.484,0.448,0.552,-0.24800001,-0.54800004
2019-04-02 20:00:00,1.802,85.64236,0.1002022,0.477,0.484,0.448,0.502,-0.24800001,-0.54800004
2019-04-02 21:00:00,2.002,85.04413,0.10587907,0.477,0.483,0.448,0.502,-0.24800001,-0.54800004
2019-04-02 22:00:00,2.102,84.74715,0.108754754,0.477,0.483,0.448,0.45200002,-0.24800001,-0.54800004
2019-04-02 23:00:00,2.402,83.25807,0.12194979,0.477,0.483,0.448,0.45200002,-0.24800001,-0.54800004
2019-04-03 00:00:00,2.602,82.083374,0.13237464,0.477,0.483,0.448,0.45200002,-0.24800001,-0.54800004
2019-04-03 01:00:00,2.652,80.90607,0.1415742,0.476,0.483,0.448,0.502,-0.24800001,-0.54800004
2019-04-03 02:00:00,2.9520001,78.63001,0.16185594,0.476,0.483,0.448,0.502,-0.24800001,-0.54800004
2019-04-03 03:00:00,4.152,73.314514,0.21994853,0.476,0.482,0.448,0.602,-0.24800001,-0.54800004
2019-04-03 04:00:00,6.002,67.08035,0.3086133,0.476,0.482,0.448,0.802,-0.24800001,-0.54800004
2019-04-03 05:00:00,8.802,59.328182,0.46163362,0.476,0.482,0.448,1.452,-0.24800001,-0.54800004
2019-04-03 06:00:00,10.652,53.355026,0.5993199,0.475,0.482,0.448,3.302,-0.198,-0.54800004
2019-04-03 07:00:00,13.002,49.59805,0.75607806,0.475,0.481,0.448,5.802,-0.198,-0.54800004
2019-04-03 08:00:00,14.252,46.7085,0.86706185,0.474,0.481,0.448,7.452,-0.148,-0.54800004
2019-04-03 09:00:00,13.602,51.186924,0.7614208,0.475,0.481,0.448,7.802,-0.148,-0.54800004
2019-04-03 10:00:00,13.252,52.92232,0.7178117,0.476,0.48,0.448,7.602,-0.098000005,-0.54800004
2019-04-03 11:00:00,13.652,49.953846,0.7831992,0.476,0.48,0.449,7.702,-0.048,-0.54800004
2019-04-03 12:00:00,13.452,51.689014,0.74627405,0.475,0.48,0.449,7.402,-0.048,-0.49800003
2019-04-03 13:00:00,12.252,57.3021,0.6097983,0.475,0.48,0.449,6.652,0.0020000003,-0.49800003
2019-04-03 14:00:00,10.802,63.509945,0.47353375,0.474,0.479,0.449,5.602,0.0020000003,-0.54800004
2019-04-03 15:00:00,8.902,73.40308,0.30392087,0.474,0.479,0.449,4.602,0.0020000003,-0.49800003
2019-04-03 16:00:00,7.902,77.728264,0.2378304,0.474,0.479,0.449,3.802,0.052,-0.49800003
2019-04-03 17:00:00,6.652,82.31969,0.17334038,0.474,0.479,0.449,2.9520001,0.052,-0.49800003
2019-04-03 18:00:00,5.652,84.54856,0.14139158,0.474,0.479,0.449,2.352,0.052,-0.49800003
2019-04-03 19:00:00,4.852,86.58074,0.11615622,0.474,0.479,0.449,1.852,0.052,-0.49800003
2019-04-03 20:00:00,4.152,89.64205,0.085375905,0.473,0.479,0.449,1.452,0.052,-0.49800003
2019-04-03 21:00:00,3.602,92.186356,0.061962724,0.473,0.479,0.449,1.1520001,0.052,-0.49800003
2019-04-03 22:00:00,3.152,94.15,0.044941127,0.473,0.478,0.449,1.052,0.102,-0.49800003
2019-04-03 23:00:00,2.502,95.47516,0.033195794,0.473,0.478,0.449,0.902,0.102,-0.49800003
2019-04-04 00:00:00,1.852,96.8312,0.02219516,0.473,0.478,0.449,0.752,0.102,-0.49800003
2019-04-04 01:00:00,1.002,97.51054,0.016405702,0.473,0.478,0.449,0.652,0.102,-0.49800003
2019-04-04 02:00:00,1.302,98.22048,0.011982799,0.472,0.478,0.449,0.652,0.102,-0.49800003
2019-04-04 03:00:00,4.802,90.64812,0.080667794,0.472,0.478,0.449,0.95199996,0.102,-0.49800003
2019-04-04 04:00:00,7.352,81.54988,0.18977201,0.472,0.478,0.449,1.9020001,0.102,-0.49800003
2019-04-04 05:00:00,9.302,69.72044,0.35545182,0.472,0.477,0.449,3.852,0.102,-0.49800003
2019-04-04 06:00:00,9.502,70.25086,0.353949,0.472,0.477,0.449,4.652,0.15200001,-0.49800003
2019-04-04 07:00:00,10.252,72.131905,0.3486337,0.474,0.477,0.449,5.252,0.15200001,-0.49800003
2019-04-04 08:00:00,10.402,75.47538,0.30988646,0.478,0.477,0.449,5.552,0.15200001,-0.49800003
2019-04-04 09:00:00,10.052,82.75062,0.2129209,0.482,0.477,0.449,5.502,0.202,-0.49800003
2019-04-04 10:00:00,10.102,81.07518,0.23438501,0.485,0.477,0.449,5.502,0.202,-0.49800003
2019-04-04 11:00:00,9.952,83.30607,0.20469129,0.486,0.477,0.449,5.452,0.252,-0.49800003
2019-04-04 12:00:00,9.652,84.99759,0.18029189,0.486,0.477,0.449,5.302,0.252,-0.49800003
2019-04-04 13:00:00,8.952,86.986,0.14920634,0.487,0.477,0.449,4.902,0.302,-0.49800003
2019-04-04 14:00:00,7.802,91.173805,0.09360939,0.487,0.477,0.449,4.202,0.302,-0.49800003
2019-04-04 15:00:00,6.152,95.93596,0.038496077,0.49,0.478,0.449,3.4520001,0.352,-0.49800003
2019-04-04 16:00:00,5.152,94.57175,0.04797846,0.495,0.478,0.449,2.902,0.352,-0.49800003
2019-04-04 17:00:00,4.402,95.879395,0.034564257,0.5,0.479,0.449,2.4520001,0.352,-0.49800003
2019-04-04 18:00:00,4.352,96.89397,0.02596289,0.504,0.48,0.449,2.302,0.352,-0.49800003
2019-04-04 19:00:00,4.502,97.922195,0.017551303,0.504,0.481,0.449,2.2020001,0.352,-0.49800003
2019-04-04 20:00:00,4.302,97.91887,0.017335176,0.503,0.482,0.449,2.102,0.352,-0.49800003
2019-04-04 21:00:00,4.052,97.57091,0.019882023,0.501,0.483,0.449,2.002,0.402,-0.49800003
2019-04-04 22:00:00,3.7020001,97.56409,0.019453645,0.5,0.483,0.45,1.9020001,0.402,-0.49800003
2019-04-04 23:00:00,3.602,97.56213,0.019332528,0.499,0.484,0.45,1.852,0.402,-0.49800003
2019-04-05 00:00:00,3.502,97.21597,0.021922708,0.497,0.485,0.45,1.802,0.402,-0.49800003
2019-04-05 01:00:00,3.352,97.90295,0.016339302,0.496,0.485,0.45,1.802,0.402,-0.49800003
2019-04-05 02:00:00,3.402,98.25043,0.0136801,0.495,0.485,0.45,1.852,0.402,-0.49800003
2019-04-05 03:00:00,3.652,97.56311,0.019393027,0.495,0.485,0.45,2.002,0.402,-0.49800003
2019-04-05 04:00:00,3.7020001,97.90883,0.016700447,0.494,0.486,0.45,2.152,0.45200002,-0.49800003
2019-04-05 05:00:00,3.652,98.25395,0.013895333,0.494,0.486,0.45,2.252,0.45200002,-0.49800003
2019-04-05 06:00:00,3.7020001,95.85646,0.03309101,0.493,0.486,0.45,2.502,0.45200002,-0.49800003
2019-04-05 07:00:00,3.902,91.552895,0.06841475,0.492,0.486,0.45,2.7020001,0.45200002,-0.49800003
2019-04-05 08:00:00,4.352,85.61074,0.12027705,0.492,0.486,0.45,2.902,0.502,-0.49800003
2019-04-05 09:00:00,4.652,83.238594,0.14307463,0.491,0.486,0.45,3.052,0.502,-0.49800003
2019-04-05 10:00:00,4.652,82.942276,0.14560395,0.491,0.486,0.45,3.102,0.502,-0.49800003
2019-04-05 11:00:00,4.402,82.31994,0.1483016,0.491,0.486,0.45,3.002,0.502,-0.49800003
2019-04-05 12:00:00,3.852,82.24813,0.14326924,0.49,0.486,0.45,2.7020001,0.552,-0.49800003
2019-04-05 13:00:00,3.252,82.16932,0.1379475,0.489,0.486,0.451,2.402,0.552,-0.49800003
2019-04-05 14:00:00,2.402,83.560814,0.11974472,0.489,0.486,0.451,1.952,0.552,-0.49800003
2019-04-05 15:00:00,1.702,85.63146,0.09956342,0.488,0.486,0.451,1.5020001,0.552,-0.49800003
2019-04-05 16:00:00,1.102,87.461914,0.083220005,0.487,0.486,0.451,1.102,0.552,-0.49800003
2019-04-05 17:00:00,0.552,89.67692,0.0658555,0.487,0.485,0.451,0.802,0.552,-0.49800003
2019-04-05 18:00:00,-0.24800001,91.94635,0.04848337,0.486,0.485,0.451,0.652,0.552,-0.49800003
2019-04-05 19:00:00,-0.648,92.259636,0.045259,0.485,0.485,0.451,0.602,0.552,-0.49800003
2019-04-05 20:00:00,-1.048,92.23499,0.04409468,0.485,0.485,0.451,0.502,0.552,-0.49800003
2019-04-05 21:00:00,-1.398,91.87254,0.04498303,0.484,0.485,0.451,0.45200002,0.552,-0.49800003
2019-04-05 22:00:00,-1.448,91.19084,0.04857707,0.484,0.485,0.451,0.402,0.552,-0.49800003
2019-04-05 23:00:00,-1.5979999,90.50559,0.051781356,0.483,0.485,0.451,0.352,0.552,-0.49800003
2019-04-06 00:00:00,-1.698,89.493484,0.056880623,0.483,0.484,0.451,0.302,0.552,-0.49800003
2019-04-06 01:00:00,-2.148,89.45622,0.05521819,0.483,0.484,0.451,0.252,0.552,-0.49800003
2019-04-06 02:00:00,-1.298,85.617676,0.080184996,0.482,0.484,0.451,0.202,0.502,-0.49800003
2019-04-06 03:00:00,0.70199996,74.30838,0.16566771,0.482,0.484,0.451,0.302,0.502,-0.49800003
2019-04-06 04:00:00,2.7020001,61.350216,0.28756022,0.481,0.484,0.451,0.45200002,0.502,-0.49800003
2019-04-06 05:00:00,4.652,47.39971,0.4489167,0.48,0.483,0.451,0.70199996,0.502,-0.49800003
2019-04-06 06:00:00,6.352,39.334003,0.58253443,0.479,0.483,0.452,1.202,0.502,-0.49800003
2019-04-06 07:00:00,7.702,35.99716,0.67413265,0.477,0.482,0.452,3.852,0.552,-0.49800003
2019-04-06 08:00:00,8.602,33.34882,0.746258,0.476,0.482,0.452,5.852,0.552,-0.49800003
2019-04-06 09:00:00,9.202,31.90293,0.7939521,0.474,0.481,0.452,7.152,0.602,-0.49800003
2019-04-06 10:00:00,9.452,31.250898,0.8151444,0.473,0.48,0.452,7.802,0.70199996,-0.49800003
2019-04-06 11:00:00,9.402,30.997082,0.81540644,0.472,0.48,0.452,7.802,0.752,-0.49800003
2019-04-06 12:00:00,9.052,31.614323,0.78929585,0.471,0.479,0.452,7.202,0.802,-0.49800003
2019-04-06 13:00:00,8.052,36.102837,0.6892469,0.47,0.479,0.452,6.052,0.852,-0.49800003
2019-04-06 14:00:00,5.852,42.461754,0.53376687,0.47,0.479,0.452,4.352,0.902,-0.49800003
2019-04-06 15:00:00,3.252,53.5002,0.35968646,0.47,0.479,0.452,2.802,0.95199996,-0.49800003
2019-04-06 16:00:00,1.302,61.93355,0.25627512,0.47,0.478,0.452,1.552,0.95199996,-0.49800003
2019-04-06 17:00:00,-0.048,66.48111,0.2047013,0.47,0.478,0.452,0.552,0.95199996,-0.49800003
2019-04-06 18:00:00,-0.99799997,69.10857,0.17603102,0.47,0.478,0.452,0.252,0.902,-0.49800003
2019-04-06 19:00:00,-2.098,75.210075,0.13028973,0.47,0.478,0.452,0.15200001,0.852,-0.49800003
2019-04-06 20:00:00,-2.398,76.31188,0.121766925,0.47,0.478,0.452,0.102,0.852,-0.49800003
2019-04-06 21:00:00,-2.848,78.599525,0.1063959,0.47,0.477,0.452,0.0020000003,0.802,-0.49800003
2019-04-06 22:00:00,-2.648,77.1471,0.11531633,0.47,0.477,0.452,-0.048,0.802,-0.49800003
2019-04-06 23:00:00,-2.098,74.3551,0.13478205,0.47,0.477,0.452,-0.098000005,0.802,-0.49800003
2019-04-07 00:00:00,-1.898,73.54663,0.1410985,0.469,0.477,0.452,-0.198,0.752,-0.49800003
2019-04-07 01:00:00,-2.498,76.2946,0.120955825,0.469,0.477,0.452,-0.24800001,0.752,-0.49800003
2019-04-07 02:00:00,-0.948,72.3431,0.15818259,0.469,0.477,0.452,-0.24800001,0.752,-0.49800003
2019-04-07 03:00:00,2.602,59.958862,0.2958002,0.469,0.476,0.452,-0.098000005,0.70199996,-0.49800003
2019-04-07 04:00:00,5.552,51.763912,0.43830386,0.469,0.476,0.452,0.102,0.70199996,-0.49800003
2019-04-07 05:00:00,7.402,46.608955,0.55101144,0.468,0.476,0.452,0.352,0.70199996,-0.49800003
2019-04-07 06:00:00,8.602,42.32216,0.6458347,0.467,0.475,0.452,0.652,0.70199996,-0.49800003
2019-04-07 07:00:00,9.652,40.323948,0.71718264,0.466,0.475,0.452,1.352,0.70199996,-0.49800003
2019-04-07 08:00:00,10.452,37.79853,0.78860337,0.465,0.474,0.452,3.2020001,0.752,-0.49800003
2019-04-07 09:00:00,10.952,36.02023,0.8385765,0.464,0.474,0.452,5.452,0.752,-0.49800003
2019-04-07 10:00:00,11.202,34.7718,0.86922884,0.462,0.473,0.452,6.752,0.852,-0.49800003
2019-04-07 11:00:00,11.152,34.11171,0.8751173,0.461,0.472,0.452,7.252,0.95199996,-0.49800003
2019-04-07 12:00:00,10.702,34.492775,0.8444416,0.461,0.472,0.452,7.052,1.1520001,-0.49800003
2019-04-07 13:00:00,9.352,39.935226,0.70745254,0.46,0.472,0.452,6.202,1.302,-0.49800003
2019-04-07 14:00:00,6.452,48.462852,0.49833634,0.46,0.472,0.452,4.752,1.4020001,-0.49800003
2019-04-07 15:00:00,4.202,55.400703,0.36885473,0.46,0.471,0.452,3.402,1.452,-0.49800003
2019-04-07 16:00:00,2.752,59.771862,0.30036375,0.46,0.471,0.452,2.4520001,1.452,-0.49800003
2019-04-07 17:00:00,1.602,63.18808,0.25322378,0.46,0.471,0.452,1.6520001,1.452,-0.49800003
2019-04-07 18:00:00,0.70199996,66.39893,0.21665621,0.46,0.471,0.452,0.95199996,1.4020001,-0.49800003
2019-04-07 19:00:00,0.202,67.80888,0.20019427,0.46,0.471,0.452,0.652,1.352,-0.49800003
2019-04-07 20:00:00,-0.448,72.1676,0.16510683,0.46,0.471,0.452,0.45200002,1.2520001,-0.49800003
2019-04-07 21:00:00,-0.99799997,76.26412,0.13526547,0.46,0.47,0.452,0.402,1.202,-0.49800003
2019-04-07 22:00:00,-1.448,79.11756,0.115143,0.46,0.47,0.452,0.352,1.1520001,-0.49800003
2019-04-07 23:00:00,-1.7479999,80.27371,0.10639441,0.46,0.47,0.452,0.252,1.102,-0.448
2019-04-08 00:00:00,-1.948,80.244255,0.104993224,0.46,0.47,0.452,0.202,1.052,-0.448
2019-04-08 01:00:00,-2.0479999,79.625046,0.107486874,0.46,0.47,0.452,0.15200001,1.002,-0.448
2019-04-08 02:00:00,-0.348,71.37443,0.17105246,0.46,0.47,0.452,0.202,0.95199996,-0.448
2019-04-08 03:00:00,3.102,57.0073,0.3290593,0.46,0.47,0.452,0.352,0.902,-0.448
2019-04-08 04:00:00,5.702,48.428577,0.4734968,0.46,0.469,0.452,0.552,0.902,-0.448
2019-04-08 05:00:00,7.552,41.22557,0.6127909,0.459,0.469,0.452,0.95199996,0.852,-0.448
2019-04-08 06:00:00,8.852,37.60226,0.710569,0.458,0.468,0.452,2.4520001,0.902,-0.448
2019-04-08 07:00:00,10.302,35.691746,0.8071876,0.457,0.468,0.452,5.102,1.002,-0.448
2019-04-08 08:00:00,11.302,34.542217,0.8780838,0.455,0.467,0.452,7.152,1.2520001,-0.448
2019-04-08 09:00:00,12.052,33.87073,0.93211156,0.454,0.467,0.452,8.502,1.452,-0.448
2019-04-08 10:00:00,12.452,33.737507,0.95886207,0.453,0.466,0.452,9.252,1.7520001,-0.448
2019-04-08 11:00:00,12.452,34.242874,0.95155066,0.452,0.465,0.452,9.352,2.102,-0.448
2019-04-08 12:00:00,12.052,35.41706,0.9103209,0.451,0.465,0.452,8.902,2.4520001,-0.448
2019-04-08 13:00:00,10.752,40.95141,0.7637422,0.451,0.465,0.452,7.952,2.7020001,-0.448
2019-04-08 14:00:00,7.902,49.421696,0.5400905,0.451,0.465,0.452,6.402,2.852,-0.448
2019-04-08 15:00:00,5.902,55.855404,0.41097718,0.451,0.464,0.452,5.102,2.902,-0.448
2019-04-08 16:00:00,4.602,59.793922,0.34197402,0.451,0.464,0.452,4.152,2.902,-0.448
2019-04-08 17:00:00,3.552,62.48225,0.29644072,0.451,0.464,0.452,3.352,2.852,-0.448
2019-04-08 18:00:00,2.602,65.10603,0.25778624,0.451,0.464,0.452,2.7020001,2.802,-0.448
2019-04-08 19:00:00,2.002,64.72459,0.24970064,0.451,0.464,0.452,2.102,2.7020001,-0.448
2019-04-08 20:00:00,1.102,68.00515,0.21233594,0.451,0.464,0.452,1.552,2.602,-0.448
2019-04-08 21:00:00,0.15200001,72.01372,0.17342147,0.451,0.464,0.452,1.052,2.4520001,-0.448
2019-04-08 22:00:00,-0.748,76.020584,0.13917479,0.451,0.463,0.452,0.752,2.302,-0.448
2019-04-08 23:00:00,-1.4979999,79.408485,0.11312264,0.451,0.463,0.452,0.552,2.152,-0.448
2019-04-09 00:00:00,-2.0479999,81.14385,0.0994758,0.451,0.463,0.452,0.45200002,2.002,-0.448
2019-04-09 01:00:00,-2.348,82.33737,0.09113577,0.451,0.463,0.452,0.402,1.852,-0.448
2019-04-09 02:00:00,-0.598,79.545166,0.12002918,0.452,0.463,0.452,0.402,1.7520001,-0.448
2019-04-09 03:00:00,3.352,61.51057,0.299855,0.452,0.463,0.452,0.652,1.6520001,-0.448
2019-04-09 04:00:00,6.252,52.152363,0.4563394,0.451,0.463,0.452,1.052,1.552,-0.448
2019-04-09 05:00:00,8.752,45.12841,0.6206844,0.45,0.462,0.452,2.602,1.602,-0.448
2019-04-09 06:00:00,10.502,39.538307,0.76911044,0.449,0.462,0.452,5.302,1.7520001,-0.448
2019-04-09 07:00:00,12.202,35.069267,0.924296,0.448,0.461,0.452,7.552,2.052,-0.448
2019-04-09 08:00:00,13.052,33.169216,1.0058138,0.447,0.46,0.452,9.102,2.352,-0.448
2019-04-09 09:00:00,13.702,31.676123,1.072741,0.445,0.46,0.452,10.252,2.752,-0.448
2019-04-09 10:00:00,13.952,31.050642,1.1002648,0.444,0.459,0.452,10.802,3.152,-0.448
2019-04-09 11:00:00,13.852,30.906265,1.0954411,0.443,0.459,0.452,10.802,3.502,-0.448
2019-04-09 12:00:00,13.302,31.676422,1.0451807,0.442,0.458,0.452,10.252,3.802,-0.448
2019-04-09 13:00:00,11.652,38.865738,0.8392966,0.442,0.458,0.452,9.202,4.002,-0.448
2019-04-09 14:00:00,8.902,45.844585,0.61882186,0.442,0.458,0.452,7.652,4.102,-0.448
2019-04-09 15:00:00,6.902,51.18429,0.48685366,0.442,0.458,0.452,6.352,4.152,-0.448
2019-04-09 16:00:00,5.402,55.515915,0.4000348,0.442,0.458,0.452,5.302,4.152,-0.448
2019-04-09 17:00:00,3.9520001,60.748974,0.3189872,0.442,0.457,0.452,4.352,4.052,-0.448
2019-04-09 18:00:00,2.652,66.0942,0.251379,0.442,0.457,0.452,3.502,3.9520001,-0.448
2019-04-09 19:00:00,2.152,67.97866,0.2291112,0.442,0.457,0.452,2.902,3.802,-0.448
2019-04-09 20:00:00,1.1520001,72.74896,0.18151155,0.442,0.457,0.452,2.252,3.652,-0.448
2019-04-09 21:00:00,0.302,77.058495,0.14372021,0.442,0.457,0.452,1.702,3.4520001,-0.448
2019-04-09 22:00:00,-0.24800001,79.30172,0.12459463,0.442,0.457,0.452,1.202,3.252,-0.448
2019-04-09 23:00:00,-0.698,81.03048,0.110505104,0.443,0.457,0.452,0.902,3.052,-0.448
2019-04-10 00:00:00,-0.99799997,81.29164,0.10661933,0.443,0.457,0.452,0.752,2.902,-0.448
2019-04-10 01:00:00,-1.148,81.57563,0.103853524,0.443,0.457,0.452,0.652,2.7020001,-0.398
2019-04-10 02:00:00,0.70199996,76.270134,0.1530199,0.443,0.456,0.451,0.752,2.552,-0.398
2019-04-10 03:00:00,4.652,60.473946,0.33736795,0.443,0.456,0.451,1.202,2.402,-0.398
2019-04-10 04:00:00,7.752,50.85708,0.519435,0.442,0.456,0.451,2.652,2.352,-0.398
2019-04-10 05:00:00,10.002,44.175884,0.6868162,0.442,0.456,0.451,5.352,2.502,-0.398
2019-04-10 06:00:00,11.502,39.108517,0.8277221,0.441,0.455,0.451,7.502,2.7020001,-0.398
2019-04-10 07:00:00,12.352,37.2517,0.90207857,0.439,0.455,0.451,9.002,3.002,-0.398
2019-04-10 08:00:00,13.002,35.96256,0.9606375,0.438,0.454,0.451,10.102,3.302,-0.398
2019-04-10 09:00:00,13.502,34.29998,1.0182256,0.436,0.453,0.451,10.902,3.652,-0.398
2019-04-10 10:00:00,13.702,33.115505,1.0501447,0.435,0.453,0.451,11.152,4.002,-0.398
2019-04-10 11:00:00,13.402,32.783287,1.034971,0.434,0.452,0.451,10.902,4.302,-0.398
2019-04-10 12:00:00,13.052,33.292503,1.0039586,0.434,0.452,0.451,10.452,4.552,-0.398
2019-04-10 13:00:00,11.702,39.167797,0.83791083,0.433,0.452,0.451,9.552,4.702,-0.398
2019-04-10 14:00:00,9.002,46.89868,0.6108863,0.433,0.451,0.451,8.052,4.802,-0.398
2019-04-10 15:00:00,6.902,53.898647,0.45978844,0.433,0.451,0.451,6.702,4.802,-0.398
2019-04-10 16:00:00,5.552,59.373962,0.36917013,0.433,0.451,0.451,5.702,4.752,-0.398
2019-04-10 17:00:00,4.552,64.12318,0.30409372,0.433,0.451,0.451,4.902,4.702,-0.398
2019-04-10 18:00:00,3.652,68.804756,0.2482363,0.434,0.451,0.451,4.202,4.552,-0.398
2019-04-10 19:00:00,3.152,70.23422,0.22865051,0.434,0.451,0.451,3.652,4.402,-0.398
2019-04-10 20:00:00,2.402,73.7974,0.1908539,0.434,0.451,0.451,3.152,4.252,-0.398
2019-04-10 21:00:00,1.802,76.73908,0.1623314,0.434,0.451,0.451,2.7020001,4.102,-0.398
2019-04-10 22:00:00,1.202,79.22862,0.13885641,0.434,0.451,0.451,2.252,3.902,-0.398
2019-04-10 23:00:00,0.802,80.64378,0.1257242,0.434,0.451,0.451,1.852,3.7020001,-0.398
2019-04-11 00:00:00,0.352,82.084145,0.112647116,0.435,0.45,0.451,1.5020001,3.502,-0.398
2019-04-11 01:00:00,0.102,82.66058,0.107066095,0.435,0.45,0.451,1.202,3.302,-0.398
2019-04-11 02:00:00,1.602,77.84454,0.15242004,0.435,0.45,0.451,1.5020001,3.152,-0.398
2019-04-11 03:00:00,5.002,65.17481,0.3045975,0.435,0.45,0.451,3.2020001,3.102,-0.398
2019-04-11 04:00:00,8.002,55.797756,0.47523534,0.434,0.45,0.451,5.402,3.152,-0.398
2019-04-11 05:00:00,10.502,47.50106,0.66783214,0.434,0.449,0.451,7.502,3.352,-0.398
2019-04-11 06:00:00,11.952,38.10425,0.86672556,0.432,0.449,0.451,9.252,3.602,-0.398
2019-04-11 07:00:00,13.002,35.567616,0.96656156,0.431,0.448,0.451,10.502,3.902,-0.398
2019-04-11 08:00:00,13.652,34.470863,1.0255299,0.43,0.448,0.451,11.452,4.202,-0.398
2019-04-11 09:00:00,14.102,33.72587,1.067906,0.428,0.447,0.451,12.102,4.552,-0.398
2019-04-11 10:00:00,14.302,33.29205,1.088894,0.427,0.446,0.45,12.352,4.902,-0.398
2019-04-11 11:00:00,14.152,33.49346,1.075125,0.426,0.446,0.45,12.152,5.202,-0.398
2019-04-11 12:00:00,13.702,34.485626,1.0286344,0.425,0.445,0.45,11.602,5.452,-0.348
2019-04-11 13:00:00,12.252,41.242905,0.83917534,0.425,0.445,0.45,10.552,5.602,-0.348
2019-04-11 14:00:00,9.502,49.151344,0.6049921,0.425,0.445,0.45,8.952,5.702,-0.348
2019-04-11 15:00:00,7.352,55.422924,0.45849794,0.425,0.445,0.45,7.502,5.652,-0.348
2019-04-11 16:00:00,6.002,59.70589,0.3777383,0.425,0.445,0.45,6.402,5.602,-0.348
2019-04-11 17:00:00,5.052,62.842293,0.32612926,0.425,0.445,0.45,5.552,5.502,-0.348
2019-04-11 18:00:00,4.302,65.25436,0.28939968,0.425,0.445,0.45,4.902,5.352,-0.348
2019-04-11 19:00:00,4.202,64.27793,0.29545307,0.425,0.445,0.45,4.402,5.202,-0.348
2019-04-11 20:00:00,3.552,66.78727,0.2624321,0.426,0.445,0.45,3.9520001,5.002,-0.348
2019-04-11 21:00:00,2.852,69.14464,0.23203701,0.426,0.444,0.45,3.502,4.852,-0.348
2019-04-11 22:00:00,2.252,71.35901,0.2063955,0.426,0.444,0.45,3.052,4.652,-0.348
2019-04-11 23:00:00,1.7520001,73.13378,0.1868183,0.426,0.444,0.45,2.652,4.452,-0.348
2019-04-12 00:00:00,1.4020001,73.8858,0.1770925,0.426,0.444,0.45,2.352,4.252,-0.348
2019-04-12 01:00:00,1.352,74.15118,0.17466527,0.426,0.444,0.45,2.102,4.052,-0.348
2019-04-12 02:00:00,2.9520001,69.4213,0.23159236,0.426,0.444,0.45,2.652,3.902,-0.348
2019-04-12 03:00:00,6.102,59.730984,0.38011914,0.426,0.444,0.45,4.302,3.852,-0.348
2019-04-12 04:00:00,9.152,51.060627,0.56873256,0.426,0.444,0.45,6.352,3.902,-0.348
2019-04-12 05:00:00,11.652,45.80197,0.7440763,0.425,0.443,0.45,8.352,4.052,-0.348
2019-04-12 06:00:00,13.752,42.285534,0.9091104,0.424,0.443,0.45,10.252,4.302,-0.348
2019-04-12 07:00:00,14.802,43.04719,0.9601123,0.423,0.442,0.45,11.602,4.602,-0.348
2019-04-12 08:00:00,16.001999,43.545483,1.0277601,0.422,0.441,0.45,12.802,4.952,-0.348
2019-04-12 09:00:00,16.702,44.517387,1.0560322,0.42,0.441,0.45,13.552,5.352,-0.348
2019-04-12 10:00:00,16.902,46.153233,1.0379529,0.419,0.44,0.45,13.902,5.702,-0.348
2019-04-12 11:00:00,16.802,46.770584,1.0195706,0.419,0.44,0.45,13.752,6.002,-0.348
2019-04-12 12:00:00,16.302,48.78609,0.9503043,0.419,0.44,0.45,13.152,6.302,-0.348
2019-04-12 13:00:00,14.902,55.815357,0.749621,0.419,0.439,0.45,12.152,6.502,-0.348
2019-04-12 14:00:00,12.652,64.59795,0.51901907,0.419,0.439,0.45,10.802,6.602,-0.348
2019-04-12 15:00:00,10.902,73.005005,0.35263765,0.419,0.439,0.449,9.652,6.652,-0.29799998
2019-04-12 16:00:00,9.852,78.842705,0.25769335,0.419,0.439,0.449,8.802,6.602,-0.29799998
2019-04-12 17:00:00,9.202,82.64432,0.20236546,0.419,0.439,0.449,8.202,6.602,-0.29799998
2019-04-12 18:00:00,8.552,85.16922,0.16550589,0.419,0.439,0.449,7.652,6.502,-0.29799998
2019-04-12 19:00:00,8.252,81.38642,0.20354539,0.42,0.439,0.449,7.202,6.452,-0.29799998
2019-04-12 20:00:00,7.802,81.89476,0.19202614,0.42,0.439,0.449,6.802,6.302,-0.29799998
2019-04-12 21:00:00,7.102,82.95619,0.17233598,0.42,0.439,0.449,6.302,6.202,-0.29799998
2019-04-12 22:00:00,6.152,84.90373,0.14299864,0.42,0.439,0.449,5.802,6.052,-0.29799998
2019-04-12 23:00:00,5.352,86.631134,0.119816065,0.42,0.439,0.449,5.302,5.902,-0.29799998
2019-04-13 00:00:00,4.802,87.500824,0.10781568,0.42,0.439,0.449,4.952,5.752,-0.29799998
2019-04-13 01:00:00,4.452,88.40383,0.09761119,0.42,0.438,0.449,4.752,5.602,-0.29799998
2019-04-13 02:00:00,5.702,84.85318,0.13908482,0.421,0.438,0.449,5.202,5.452,-0.29799998
2019-04-13 03:00:00,8.502,74.105865,0.28800058,0.421,0.438,0.449,6.852,5.402,-0.29799998
2019-04-13 04:00:00,11.402,66.59249,0.4511125,0.42,0.438,0.449,8.802,5.502,-0.29799998
2019-04-13 05:00:00,13.802,61.81576,0.6033742,0.42,0.438,0.449,10.752,5.702,-0.29799998
2019-04-13 06:00:00,16.052,56.68731,0.79095316,0.419,0.437,0.449,12.702,5.952,-0.29799998
2019-04-13 07:00:00,17.752,44.65994,1.1255242,0.417,0.437,0.449,14.202,6.302,-0.29799998
2019-04-13 08:00:00,17.802,41.963814,1.1841023,0.416,0.436,0.449,14.452,6.602,-0.29799998
2019-04-13 09:00:00,17.902,41.266003,1.2059007,0.415,0.435,0.449,14.602,6.902,-0.29799998
2019-04-13 10:00:00,18.102,40.893044,1.2288926,0.414,0.435,0.449,14.852,7.202,-0.29799998
2019-04-13 11:00:00,17.702,41.643124,1.1831838,0.414,0.435,0.449,14.552,7.452,-0.29799998
2019-04-13 12:00:00,17.352,42.27623,1.1448175,0.413,0.434,0.449,14.152,7.702,-0.29799998
2019-04-13 13:00:00,16.102,49.24093,0.9299472,0.413,0.434,0.449,13.302,7.852,-0.29799998
2019-04-13 14:00:00,14.102,57.370876,0.68684894,0.413,0.434,0.449,11.952,7.902,-0.24800001
2019-04-13 15:00:00,11.802,67.60667,0.44911784,0.413,0.434,0.449,10.552,7.902,-0.24800001
2019-04-13 16:00:00,10.152,75.433075,0.30528754,0.413,0.434,0.449,9.452,7.852,-0.24800001
2019-04-13 17:00:00,8.652,82.57502,0.19577676,0.413,0.434,0.449,8.502,7.752,-0.24800001
2019-04-13 18:00:00,7.102,88.021095,0.12112206,0.413,0.434,0.449,7.452,7.552,-0.24800001
2019-04-13 19:00:00,9.502,68.06885,0.3799119,0.414,0.434,0.449,6.652,7.402,-0.24800001
2019-04-13 20:00:00,9.302,68.50699,0.36969733,0.414,0.433,0.448,6.002,7.152,-0.24800001
2019-04-13 21:00:00,8.002,74.01659,0.27935964,0.414,0.433,0.448,5.402,6.952,-0.24800001
2019-04-13 22:00:00,5.852,82.79939,0.15959126,0.414,0.433,0.448,4.902,6.702,-0.24800001
2019-04-13 23:00:00,5.752,83.37415,0.15319514,0.414,0.433,0.448,4.352,6.452,-0.24800001
2019-04-14 00:00:00,5.902,83.09865,0.15735763,0.414,0.433,0.448,3.852,6.202,-0.24800001
2019-04-14 01:00:00,5.252,85.40483,0.12990123,0.415,0.433,0.448,3.602,5.952,-0.24800001
2019-04-14 02:00:00,5.702,86.97174,0.11963117,0.415,0.433,0.448,4.502,5.752,-0.24800001
2019-04-14 03:00:00,9.402,77.42447,0.26679593,0.415,0.433,0.448,7.002,5.702,-0.24800001
2019-04-14 04:00:00,12.952,65.56041,0.5149061,0.415,0.433,0.448,9.452,5.802,-0.24800001
2019-04-14 05:00:00,15.402,55.369583,0.7818759,0.414,0.432,0.448,11.452,6.002,-0.24800001
2019-04-14 06:00:00,17.352,44.70181,1.0966909,0.413,0.432,0.448,13.202,6.302,-0.24800001
2019-04-14 07:00:00,18.402,36.371784,1.3480417,0.411,0.431,0.448,14.552,6.602,-0.24800001
2019-04-14 08:00:00,18.702,33.607784,1.4332554,0.41,0.431,0.448,15.052,6.952,-0.24800001
2019-04-14 09:00:00,18.702,32.200172,1.4636564,0.409,0.43,0.448,15.052,7.252,-0.24800001
2019-04-14 10:00:00,18.452,31.444159,1.4570388,0.408,0.43,0.448,14.602,7.502,-0.24800001
2019-04-14 11:00:00,17.802,33.827965,1.3501737,0.407,0.43,0.448,14.002,7.702,-0.198
2019-04-14 12:00:00,16.302,39.103363,1.1300428,0.407,0.429,0.448,13.052,7.852,-0.198
2019-04-14 13:00:00,14.902,45.749207,0.92045426,0.407,0.429,0.448,12.252,7.952,-0.198
2019-04-14 14:00:00,13.102,53.630917,0.7001252,0.407,0.429,0.448,11.302,7.952,-0.198
2019-04-14 15:00:00,11.152,66.0773,0.4505542,0.409,0.429,0.448,10.352,7.952,-0.198
2019-04-14 16:00:00,9.502,77.440285,0.26840544,0.411,0.429,0.448,9.552,7.902,-0.198
2019-04-14 17:00:00,7.802,91.173805,0.09360939,0.418,0.429,0.448,8.752,7.802,-0.198
2019-04-14 18:00:00,6.452,93.97333,0.05827886,0.426,0.429,0.448,8.002,7.652,-0.198
2019-04-14 19:00:00,4.202,93.535614,0.053470254,0.438,0.429,0.448,7.052,7.502,-0.198
2019-04-14 20:00:00,3.052,95.15594,0.036951065,0.452,0.429,0.448,6.252,7.302,-0.198
2019-04-14 21:00:00,2.2020001,95.806625,0.030114174,0.466,0.429,0.448,5.552,7.052,-0.198
2019-04-14 22:00:00,1.552,96.47617,0.024157643,0.476,0.43,0.447,5.002,6.802,-0.198
2019-04-14 23:00:00,1.052,96.810715,0.021093309,0.483,0.431,0.447,4.552,6.552,-0.198
2019-04-15 00:00:00,0.70199996,94.0352,0.03846717,0.486,0.432,0.447,4.152,6.302,-0.198
2019-04-15 01:00:00,0.402,96.09395,0.024650335,0.489,0.433,0.447,3.802,6.052,-0.198
2019-04-15 02:00:00,0.15200001,95.737076,0.026419759,0.493,0.434,0.447,3.502,5.802,-0.198
2019-04-15 03:00:00,0.0020000003,95.03651,0.030428708,0.494,0.435,0.447,3.252,5.552,-0.198
2019-04-15 04:00:00,0.0020000003,93.659096,0.0388726,0.493,0.437,0.447,3.152,5.352,-0.198
2019-04-15 05:00:00,0.052,91.29464,0.05356127,0.491,0.438,0.447,3.052,5.102,-0.198
2019-04-15 06:00:00,0.052,86.71924,0.0817101,0.488,0.439,0.447,2.9520001,4.902,-0.198
2019-04-15 07:00:00,0.052,87.682175,0.075786054,0.485,0.44,0.447,2.852,4.702,-0.198
2019-04-15 08:00:00,-0.198,84.167145,0.09565735,0.482,0.441,0.447,2.802,4.502,-0.148
2019-04-15 09:00:00,-0.048,79.62805,0.124426425,0.48,0.442,0.447,2.852,4.302,-0.148
2019-04-15 10:00:00,-0.048,77.00018,0.14047399,0.478,0.442,0.447,2.852,4.152,-0.148
2019-04-15 11:00:00,0.102,73.644356,0.16272801,0.477,0.443,0.447,2.9520001,4.002,-0.148
2019-04-15 12:00:00,0.102,71.46435,0.17618486,0.475,0.443,0.447,2.9520001,3.902,-0.148
2019-04-15 13:00:00,-0.198,71.67423,0.17111939,0.474,0.444,0.447,2.652,3.752,-0.148
2019-04-15 14:00:00,-0.598,73.513054,0.15541777,0.472,0.444,0.447,2.2020001,3.602,-0.148
2019-04-15 15:00:00,-1.048,76.83246,0.13154477,0.471,0.444,0.447,1.702,3.402,-0.148
2019-04-15 16:00:00,-1.398,78.53138,0.11881024,0.47,0.444,0.447,1.2520001,3.252,-0.148
2019-04-15 17:00:00,-1.7479999,79.370285,0.11126608,0.469,0.445,0.447,0.852,3.052,-0.148
2019-04-15 18:00:00,-1.9979999,79.934235,0.10624766,0.468,0.445,0.447,0.752,2.852,-0.148
2019-04-15 19:00:00,-2.848,79.20102,0.10340613,0.468,0.445,0.447,0.602,2.7020001,-0.148
2019-04-15 20:00:00,-3.2979999,80.65738,0.09299576,0.467,0.445,0.447,0.45200002,2.502,-0.148
2019-04-15 21:00:00,-3.7979999,82.456665,0.081249714,0.466,0.446,0.447,0.352,2.352,-0.148
2019-04-15 22:00:00,-3.9980001,83.06339,0.07727182,0.466,0.446,0.447,0.252,2.2020001,-0.148
2019-04-15 23:00:00,-4.098,83.369,0.07530975,0.465,0.446,0.447,0.202,2.052,-0.148
2019-04-16 00:00:00,-4.198,83.997116,0.07192308,0.464,0.446,0.447,0.102,1.9020001,-0.148
2019-04-16 01:00:00,-3.748,82.46335,0.081523806,0.464,0.446,0.447,0.052,1.7520001,-0.148
2019-04-16 02:00:00,-2.098,76.36363,0.12422842,0.463,0.447,0.447,0.102,1.602,-0.148
2019-04-16 03:00:00,-0.24800001,69.00608,0.18655345,0.462,0.447,0.447,0.202,1.5020001,-0.148
2019-04-16 04:00:00,1.202,53.95805,0.30772212,0.462,0.447,0.447,0.352,1.4020001,-0.148
2019-04-16 05:00:00,2.252,49.4807,0.36398557,0.461,0.447,0.447,0.502,1.302,-0.148
2019-04-16 06:00:00,3.2020001,46.974552,0.40868735,0.46,0.447,0.447,0.752,1.2520001,-0.148
2019-04-16 07:00:00,3.852,44.356663,0.44896975,0.46,0.446,0.447,1.2520001,1.2520001,-0.148
2019-04-16 08:00:00,4.802,41.6628,0.50308967,0.459,0.446,0.447,3.302,1.352,-0.148
2019-04-16 09:00:00,5.602,39.713615,0.5496424,0.459,0.446,0.447,4.852,1.5020001,-0.148
2019-04-16 10:00:00,6.152,38.824047,0.5793799,0.459,0.446,0.447,5.702,1.702,-0.148
2019-04-16 11:00:00,6.252,39.757816,0.574493,0.459,0.446,0.447,6.002,1.9020001,-0.148
2019-04-16 12:00:00,6.102,41.734737,0.54992926,0.458,0.446,0.447,5.802,2.102,-0.148
2019-04-16 13:00:00,5.252,46.682922,0.47446516,0.458,0.446,0.447,5.152,2.2020001,-0.148
2019-04-16 14:00:00,3.052,54.88176,0.34410134,0.457,0.446,0.446,3.902,2.252,-0.148
2019-04-16 15:00:00,1.302,62.168434,0.25469437,0.457,0.446,0.446,2.652,2.252,-0.148
2019-04-16 16:00:00,0.502,65.85362,0.21701267,0.456,0.446,0.446,1.7520001,2.152,-0.148
2019-04-16 17:00:00,0.15200001,67.2867,0.20270449,0.456,0.446,0.446,1.102,2.052,-0.148
2019-04-16 18:00:00,-0.048,67.754074,0.19692978,0.456,0.446,0.446,0.752,1.952,-0.148
2019-04-16 19:00:00,0.15200001,70.14147,0.18502009,0.455,0.446,0.446,0.70199996,1.852,-0.148
2019-04-16 20:00:00,0.102,69.60408,0.18766737,0.455,0.446,0.446,0.652,1.7520001,-0.148
2019-04-16 21:00:00,0.15200001,67.541885,0.20112374,0.455,0.446,0.446,0.602,1.6520001,-0.148
2019-04-16 22:00:00,0.302,65.06321,0.21884367,0.454,0.446,0.446,0.602,1.552,-0.148
2019-04-16 23:00:00,0.302,63.838764,0.22651073,0.454,0.446,0.446,0.552,1.452,-0.148
2019-04-17 00:00:00,0.0020000003,64.50034,0.21758217,0.454,0.447,0.446,0.552,1.4020001,-0.148
2019-04-17 01:00:00,0.052,65.5012,0.21221912,0.454,0.447,0.446,0.502,1.302,-0.148
2019-04-17 02:00:00,1.2520001,63.82304,0.24268538,0.453,0.447,0.446,0.552,1.2520001,-0.148
2019-04-17 03:00:00,2.752,59.54763,0.30203736,0.453,0.447,0.446,0.70199996,1.202,-0.148
2019-04-17 04:00:00,4.202,56.87072,0.35670093,0.453,0.446,0.446,0.95199996,1.1520001,-0.148
2019-04-17 05:00:00,5.452,54.71078,0.40868926,0.455,0.446,0.446,1.852,1.1520001,-0.148
2019-04-17 06:00:00,6.202,54.107136,0.43619394,0.457,0.446,0.446,3.302,1.2520001,-0.148
2019-04-17 07:00:00,8.052,51.693806,0.5211203,0.46,0.446,0.446,4.902,1.452,-0.148
2019-04-17 08:00:00,8.402,53.324505,0.51563156,0.463,0.446,0.446,5.952,1.6520001,-0.148
2019-04-17 09:00:00,6.052,70.56287,0.27692223,0.474,0.446,0.446,6.252,1.9020001,-0.148
2019-04-17 10:00:00,4.052,73.83049,0.2141881,0.478,0.447,0.446,5.252,2.052,-0.148
2019-04-17 11:00:00,2.152,74.84635,0.17998087,0.477,0.447,0.446,4.452,2.152,-0.148
2019-04-17 12:00:00,0.052,69.06992,0.19027272,0.476,0.447,0.446,3.352,2.152,-0.148
2019-04-17 13:00:00,-1.4979999,63.897545,0.19830135,0.475,0.448,0.446,2.2020001,2.102,-0.148
2019-04-17 14:00:00,-2.5479999,61.208973,0.1971587,0.473,0.448,0.446,1.1520001,2.052,-0.148
2019-04-17 15:00:00,-3.498,56.550446,0.20572814,0.472,0.448,0.446,0.352,1.9020001,-0.148
2019-04-17 16:00:00,-4.098,51.205196,0.22084536,0.471,0.449,0.446,0.252,1.7520001,-0.148
2019-04-17 17:00:00,-4.548,46.12697,0.23567109,0.47,0.449,0.446,0.15200001,1.6520001,-0.148
2019-04-17 18:00:00,-5.098,44.10093,0.23455034,0.47,0.449,0.446,0.102,1.5020001,-0.148
2019-04-17 19:00:00,-6.348,45.384182,0.20833097,0.469,0.449,0.446,0.0020000003,1.4020001,-0.098000005
2019-04-17 20:00:00,-6.798,46.199333,0.19825104,0.468,0.45,0.446,-0.098000005,1.302,-0.098000005
2019-04-17 21:00:00,-7.098,46.49383,0.19265968,0.467,0.45,0.446,-0.148,1.1520001,-0.098000005
2019-04-17 22:00:00,-7.198,47.049286,0.189196,0.467,0.45,0.446,-0.24800001,1.052,-0.098000005
2019-04-17 23:00:00,-7.348,49.415955,0.17866802,0.466,0.45,0.446,-0.29799998,0.95199996,-0.098000005
2019-04-18 00:00:00,-7.548,52.31178,0.16586469,0.465,0.45,0.446,-0.398,0.95199996,-0.098000005
2019-04-18 01:00:00,-7.548,53.626408,0.16129781,0.465,0.45,0.446,-0.448,0.902,-0.098000005
2019-04-18 02:00:00,-7.048,51.599007,0.17497598,0.464,0.45,0.446,-0.49800003,0.852,-0.098000005
2019-04-18 03:00:00,-5.998,44.928993,0.21577097,0.464,0.451,0.446,-0.49800003,0.852,-0.098000005
2019-04-18 04:00:00,-4.648,38.74156,0.2659073,0.463,0.451,0.446,-0.398,0.802,-0.098000005
2019-04-18 05:00:00,-3.0479999,32.409737,0.33077383,0.463,0.451,0.446,-0.29799998,0.802,-0.098000005
2019-04-18 06:00:00,-1.398,27.276142,0.4020816,0.462,0.451,0.446,-0.198,0.802,-0.098000005
2019-04-18 07:00:00,-0.098000005,25.551237,0.45265067,0.461,0.451,0.446,0.0020000003,0.752,-0.098000005
2019-04-18 08:00:00,1.102,27.121164,0.48333597,0.461,0.451,0.446,0.15200001,0.752,-0.098000005
2019-04-18 09:00:00,1.7520001,25.56629,0.5172128,0.46,0.451,0.446,0.302,0.752,-0.098000005
2019-04-18 10:00:00,2.052,24.61186,0.53519166,0.459,0.451,0.446,0.502,0.752,-0.098000005
2019-04-18 11:00:00,2.052,24.20531,0.5380707,0.458,0.45,0.446,0.652,0.752,-0.098000005
2019-04-18 12:00:00,1.6520001,24.4947,0.52089465,0.457,0.45,0.446,0.752,0.752,-0.098000005
2019-04-18 13:00:00,0.902,25.84918,0.48471427,0.456,0.45,0.446,0.752,0.752,-0.098000005
2019-04-18 14:00:00,-1.0979999,31.029491,0.38987458,0.456,0.45,0.446,0.552,0.752,-0.098000005
2019-04-18 15:00:00,-2.7979999,34.879566,0.32470313,0.456,0.45,0.445,0.402,0.70199996,-0.098000005
2019-04-18 16:00:00,-3.598,37.02058,0.2958393,0.455,0.45,0.445,0.302,0.70199996,-0.098000005
2019-04-18 17:00:00,-3.698,36.988995,0.29377735,0.455,0.45,0.445,0.202,0.70199996,-0.098000005
2019-04-18 18:00:00,-3.7979999,36.957386,0.29172784,0.455,0.45,0.445,0.102,0.70199996,-0.098000005
2019-04-18 19:00:00,-3.7979999,37.892387,0.2874093,0.455,0.45,0.445,0.052,0.70199996,-0.098000005
2019-04-18 20:00:00,-3.7979999,37.892387,0.2874093,0.454,0.45,0.445,0.0020000003,0.70199996,-0.098000005
2019-04-18 21:00:00,-3.748,37.75089,0.28914553,0.454,0.45,0.445,-0.048,0.652,-0.098000005
2019-04-18 22:00:00,-3.748,37.75089,0.28914553,0.454,0.45,0.445,-0.098000005,0.652,-0.098000005
2019-04-18 23:00:00,-3.698,37.609978,0.2908876,0.454,0.45,0.445,-0.148,0.652,-0.098000005
2019-04-19 00:00:00,-3.7979999,37.892387,0.2874093,0.453,0.45,0.445,-0.148,0.652,-0.098000005
2019-04-19 01:00:00,-3.648,37.93973,0.29043952,0.453,0.45,0.445,-0.198,0.652,-0.098000005
2019-04-19 02:00:00,-3.198,36.68714,0.3064339,0.453,0.45,0.445,-0.198,0.652,-0.098000005
2019-04-19 03:00:00,-2.448,34.556553,0.3349074,0.453,0.45,0.445,-0.198,0.602,-0.098000005
2019-04-19 04:00:00,-1.698,32.6965,0.3640492,0.453,0.45,0.445,-0.148,0.602,-0.098000005
2019-04-19 05:00:00,-0.99799997,31.319569,0.39109534,0.452,0.45,0.445,-0.148,0.602,-0.098000005
2019-04-19 06:00:00,-0.24800001,30.907394,0.41559613,0.452,0.45,0.445,-0.098000005,0.602,-0.098000005
2019-04-19 07:00:00,-0.098000005,39.05068,0.37071502,0.452,0.45,0.445,0.0020000003,0.602,-0.098000005
2019-04-19 08:00:00,0.302,41.26625,0.36778173,0.451,0.45,0.445,0.052,0.602,-0.098000005
2019-04-19 09:00:00,0.45200002,43.502502,0.35765812,0.451,0.45,0.445,0.102,0.602,-0.098000005
2019-04-19 10:00:00,0.202,46.815155,0.33066365,0.451,0.45,0.445,0.15200001,0.552,-0.098000005
2019-04-19 11:00:00,0.052,49.223732,0.31228387,0.45,0.45,0.445,0.15200001,0.552,-0.098000005
2019-04-19 12:00:00,-0.098000005,50.548317,0.30084723,0.45,0.45,0.445,0.202,0.552,-0.098000005
2019-04-19 13:00:00,-0.698,53.4273,0.27122194,0.45,0.45,0.445,0.202,0.552,-0.098000005
2019-04-19 14:00:00,-1.3479999,56.46808,0.24173534,0.45,0.45,0.445,0.15200001,0.552,-0.098000005
2019-04-19 15:00:00,-1.948,58.09866,0.22262818,0.45,0.45,0.445,0.102,0.552,-0.098000005
2019-04-19 16:00:00,-2.198,58.71853,0.2153211,0.449,0.45,0.445,0.102,0.552,-0.098000005
2019-04-19 17:00:00,-2.348,59.14085,0.21076599,0.449,0.45,0.445,0.052,0.552,-0.098000005
2019-04-19 18:00:00,-2.398,59.592957,0.20766452,0.449,0.45,0.445,0.0020000003,0.552,-0.098000005
2019-04-19 19:00:00,-1.798,56.567116,0.23332831,0.449,0.45,0.445,0.0020000003,0.552,-0.098000005
2019-04-19 20:00:00,-1.948,58.55498,0.22020519,0.449,0.45,0.445,0.0020000003,0.502,-0.098000005
2019-04-19 21:00:00,-2.148,60.833954,0.20505068,0.449,0.45,0.445,-0.048,0.502,-0.098000005
2019-04-19 22:00:00,-2.2979999,62.235188,0.19553614,0.449,0.45,0.445,-0.048,0.502,-0.098000005
2019-04-19 23:00:00,-2.398,62.9417,0.19046378,0.449,0.45,0.445,-0.098000005,0.502,-0.098000005
2019-04-20 00:00:00,-2.498,63.162754,0.18792969,0.449,0.45,0.445,-0.098000005,0.502,-0.098000005
2019-04-20 01:00:00,-2.448,62.684734,0.19107416,0.448,0.45,0.445,-0.148,0.502,-0.098000005
2019-04-20 02:00:00,-1.948,59.245445,0.2165389,0.448,0.45,0.445,-0.148,0.502,-0.098000005
2019-04-20 03:00:00,-0.848,53.385082,0.26850688,0.448,0.45,0.445,-0.098000005,0.502,-0.098000005
2019-04-20 04:00:00,0.652,45.85555,0.3477697,0.448,0.45,0.445,0.0020000003,0.502,-0.098000005
2019-04-20 05:00:00,1.802,42.72259,0.3995855,0.448,0.45,0.445,0.102,0.502,-0.098000005
2019-04-20 06:00:00,3.2020001,39.44396,0.4666789,0.448,0.45,0.445,0.252,0.502,-0.098000005
2019-04-20 07:00:00,4.502,38.62179,0.5183114,0.448,0.449,0.445,0.502,0.45200002,-0.098000005
2019-04-20 08:00:00,5.102,36.75195,0.55693144,0.448,0.449,0.445,0.752,0.45200002,-0.098000005
2019-04-20 09:00:00,5.602,35.36007,0.5893005,0.448,0.449,0.445,1.052,0.502,-0.098000005
2019-04-20 10:00:00,5.902,33.964825,0.6146487,0.448,0.449,0.445,2.102,0.502,-0.098000005
2019-04-20 11:00:00,6.202,32.624905,0.64024305,0.449,0.449,0.445,3.052,0.502,-0.098000005
2019-04-20 12:00:00,6.202,31.742378,0.64862037,0.449,0.448,0.445,3.4520001,0.502,-0.098000005
2019-04-20 13:00:00,5.402,37.419727,0.5626748,0.448,0.448,0.445,3.2020001,0.552,-0.098000005
2019-04-20 14:00:00,4.552,40.95004,0.5004137,0.448,0.448,0.445,2.652,0.552,-0.098000005
2019-04-20 15:00:00,2.752,55.008263,0.3359167,0.448,0.448,0.445,1.702,0.552,-0.098000005
2019-04-20 16:00:00,2.002,51.94396,0.34012684,0.448,0.448,0.445,0.602,0.552,-0.098000005
2019-04-20 17:00:00,-0.49800003,62.199738,0.2233986,0.448,0.448,0.445,0.45200002,0.552,-0.098000005
2019-04-20 18:00:00,-1.898,67.08576,0.1755468,0.448,0.448,0.445,0.302,0.552,-0.098000005
2019-04-20 19:00:00,-2.5479999,68.77567,0.158717,0.447,0.448,0.445,0.202,0.552,-0.098000005
2019-04-20 20:00:00,-2.7979999,68.72152,0.15606698,0.447,0.448,0.445,0.102,0.552,-0.098000005
2019-04-20 21:00:00,-2.998,68.41243,0.15528017,0.447,0.448,0.445,0.052,0.552,-0.098000005
2019-04-20 22:00:00,-3.148,68.64551,0.15242133,0.447,0.448,0.445,-0.048,0.552,-0.098000005
2019-04-20 23:00:00,-3.398,70.20805,0.14215037,0.447,0.448,0.445,-0.098000005,0.502,-0.098000005
2019-04-21 00:00:00,-3.748,72.34783,0.12853277,0.447,0.448,0.445,-0.148,0.502,-0.098000005
2019-04-21 01:00:00,-3.0479999,70.28118,0.14555404,0.447,0.448,0.445,-0.198,0.502,-0.098000005
2019-04-21 02:00:00,-0.24800001,60.61143,0.23705941,0.447,0.448,0.445,-0.148,0.502,-0.098000005
2019-04-21 03:00:00,2.552,52.099255,0.3525801,0.447,0.448,0.444,0.0020000003,0.502,-0.098000005
2019-04-21 04:00:00,5.002,49.51799,0.4414978,0.449,0.448,0.444,0.202,0.502,-0.098000005
2019-04-21 05:00:00,6.852,43.90479,0.55751234,0.45,0.448,0.444,0.45200002,0.502,-0.098000005
2019-04-21 06:00:00,7.702,38.407547,0.6487597,0.452,0.448,0.444,0.752,0.502,-0.098000005
2019-04-21 07:00:00,7.902,38.322147,0.6585684,0.453,0.447,0.444,1.1520001,0.502,-0.098000005
2019-04-21 08:00:00,8.152,37.533882,0.6784133,0.454,0.447,0.444,2.9520001,0.502,-0.098000005
2019-04-21 09:00:00,8.502,36.653767,0.7044914,0.456,0.447,0.444,4.402,0.552,-0.098000005
2019-04-21 10:00:00,8.302,37.436832,0.6864195,0.456,0.447,0.444,4.902,0.552,-0.098000005
2019-04-21 11:00:00,8.102,39.412113,0.655794,0.457,0.447,0.444,5.252,0.602,-0.098000005
2019-04-21 12:00:00,7.952,40.421444,0.63833183,0.457,0.447,0.444,5.302,0.652,-0.098000005
2019-04-21 13:00:00,7.502,43.27772,0.5893893,0.457,0.447,0.444,4.852,0.652,-0.098000005
2019-04-21 14:00:00,6.552,49.037518,0.4961844,0.456,0.447,0.444,4.102,0.70199996,-0.098000005
2019-04-21 15:00:00,4.902,55.588634,0.38572603,0.456,0.447,0.444,3.102,0.70199996,-0.098000005
2019-04-21 16:00:00,3.402,62.21407,0.29541677,0.455,0.447,0.444,2.252,0.70199996,-0.098000005
2019-04-21 17:00:00,2.352,67.017586,0.2393732,0.455,0.447,0.444,1.6520001,0.752,-0.098000005
2019-04-21 18:00:00,1.552,70.69163,0.20089898,0.455,0.447,0.444,1.102,0.752,-0.098000005
2019-04-21 19:00:00,1.602,71.22976,0.19791877,0.455,0.447,0.444,0.95199996,0.752,-0.098000005
2019-04-21 20:00:00,1.202,72.75853,0.18210131,0.454,0.447,0.444,0.802,0.752,-0.098000005
2019-04-21 21:00:00,0.95199996,73.80258,0.17200145,0.454,0.447,0.444,0.752,0.70199996,-0.098000005
2019-04-21 22:00:00,0.45200002,76.22737,0.1505515,0.454,0.447,0.444,0.652,0.70199996,-0.098000005
2019-04-21 23:00:00,0.15200001,78.19035,0.1351535,0.454,0.447,0.444,0.602,0.70199996,-0.098000005
2019-04-22 00:00:00,-0.348,81.382286,0.11125952,0.453,0.447,0.444,0.552,0.70199996,-0.098000005
2019-04-22 01:00:00,-0.048,85.123856,0.09086287,0.453,0.447,0.444,0.552,0.70199996,-0.098000005
2019-04-22 02:00:00,1.9020001,76.19291,0.16733426,0.453,0.447,0.444,0.602,0.70199996,-0.098000005
2019-04-22 03:00:00,3.752,66.83147,0.2658007,0.453,0.447,0.444,0.852,0.70199996,-0.098000005
2019-04-22 04:00:00,5.502,60.46259,0.3580358,0.454,0.447,0.444,1.302,0.70199996,-0.098000005
2019-04-22 05:00:00,6.952,53.912216,0.46123183,0.456,0.447,0.444,3.502,0.752,-0.098000005
2019-04-22 06:00:00,8.002,45.244698,0.58867174,0.458,0.447,0.444,5.552,0.752,-0.098000005
2019-04-22 07:00:00,8.702,40.040554,0.6759288,0.459,0.447,0.444,6.852,0.852,-0.098000005
2019-04-22 08:00:00,9.252,37.86449,0.7269254,0.46,0.447,0.444,7.702,0.95199996,-0.098000005
2019-04-22 09:00:00,9.552,37.10859,0.7507546,0.46,0.446,0.444,8.302,1.052,-0.098000005
2019-04-22 10:00:00,9.652,36.584057,0.76211166,0.46,0.446,0.444,8.302,1.4020001,-0.098000005
2019-04-22 11:00:00,9.652,37.13856,0.7554506,0.46,0.446,0.444,8.402,1.7520001,-0.098000005
2019-04-22 12:00:00,9.452,36.800407,0.749381,0.46,0.446,0.444,8.102,2.052,-0.098000005
2019-04-22 13:00:00,9.002,38.652634,0.70572084,0.459,0.446,0.444,7.202,2.302,-0.098000005
2019-04-22 14:00:00,7.952,45.737793,0.581392,0.459,0.446,0.444,6.102,2.4520001,-0.098000005
2019-04-22 15:00:00,5.652,58.963993,0.37548852,0.458,0.446,0.444,4.752,2.552,-0.098000005
2019-04-22 16:00:00,3.752,65.12865,0.27944392,0.458,0.446,0.443,3.402,2.552,-0.098000005
2019-04-22 17:00:00,2.652,69.61572,0.22527534,0.458,0.446,0.443,2.352,2.502,-0.098000005
2019-04-22 18:00:00,2.002,69.99875,0.2123751,0.457,0.446,0.443,1.352,2.402,-0.098000005
2019-04-22 19:00:00,-0.448,80.76421,0.11411834,0.457,0.446,0.443,0.602,2.252,-0.098000005
2019-04-22 20:00:00,-1.0979999,81.88846,0.1024653,0.457,0.447,0.443,0.502,2.102,-0.098000005
2019-04-22 21:00:00,-1.4979999,83.38304,0.09129092,0.456,0.447,0.443,0.402,1.952,-0.048
2019-04-22 22:00:00,-1.698,83.04547,0.09178445,0.456,0.447,0.443,0.352,1.852,-0.098000005
2019-04-22 23:00:00,-1.148,81.27063,0.10557249,0.456,0.447,0.443,0.302,1.7520001,-0.048
2019-04-23 00:00:00,-0.748,78.33958,0.12571794,0.456,0.447,0.443,0.252,1.602,-0.048
2019-04-23 01:00:00,-0.848,81.009224,0.10942283,0.455,0.447,0.443,0.252,1.5020001,-0.048
2019-04-23 02:00:00,1.802,77.590836,0.15638793,0.455,0.447,0.443,0.352,1.4020001,-0.048
2019-04-23 03:00:00,5.252,62.659924,0.33232135,0.455,0.447,0.443,0.652,1.352,-0.048
2019-04-23 04:00:00,7.802,50.68422,0.5230395,0.455,0.447,0.443,1.052,1.302,-0.048
2019-04-23 05:00:00,9.102,44.40256,0.64392173,0.456,0.447,0.443,2.752,1.352,-0.048
2019-04-23 06:00:00,9.702,41.71027,0.70287955,0.456,0.446,0.443,4.752,1.5020001,-0.048
2019-04-23 07:00:00,10.802,36.92802,0.81848484,0.456,0.446,0.443,6.652,1.7520001,-0.048
2019-04-23 08:00:00,11.452,36.034992,0.86662376,0.456,0.446,0.443,8.002,2.102,-0.048
2019-04-23 09:00:00,11.902,35.636196,0.8983158,0.455,0.445,0.443,8.802,2.402,-0.048
2019-04-23 10:00:00,12.452,34.115906,0.95338756,0.455,0.445,0.443,9.552,2.752,-0.048
2019-04-23 11:00:00,12.402,34.22805,0.9486479,0.455,0.445,0.443,9.602,3.102,-0.048
2019-04-23 12:00:00,12.252,34.183563,0.9399848,0.455,0.445,0.443,9.152,3.352,-0.048
2019-04-23 13:00:00,11.752,38.32654,0.85230374,0.454,0.445,0.443,8.652,3.602,-0.048
2019-04-23 14:00:00,10.202,44.396866,0.6933038,0.454,0.445,0.443,7.602,3.752,-0.048
2019-04-23 15:00:00,8.102,51.142128,0.52886426,0.453,0.445,0.443,6.302,3.802,-0.048
2019-04-23 16:00:00,6.052,58.849358,0.38710123,0.453,0.445,0.443,5.152,3.802,-0.048
2019-04-23 17:00:00,4.452,64.810745,0.29618818,0.453,0.445,0.443,4.102,3.752,-0.048
2019-04-23 18:00:00,3.102,70.22403,0.22792119,0.453,0.445,0.443,3.302,3.7020001,-0.048
2019-04-23 19:00:00,2.602,71.42828,0.21108788,0.452,0.445,0.443,2.7020001,3.552,-0.048
2019-04-23 20:00:00,2.052,72.920364,0.19238234,0.452,0.445,0.443,2.2020001,3.402,-0.048
2019-04-23 21:00:00,1.452,74.99823,0.17015916,0.452,0.445,0.443,1.7520001,3.252,-0.048
2019-04-23 22:00:00,0.902,76.872444,0.15130317,0.452,0.445,0.443,1.352,3.102,-0.048
2019-04-23 23:00:00,0.502,77.95601,0.14011145,0.451,0.445,0.443,1.052,2.9520001,-0.048
2019-04-24 00:00:00,0.202,78.48983,0.13378194,0.451,0.445,0.443,0.852,2.752,-0.048
2019-04-24 01:00:00,0.552,78.54482,0.13686323,0.451,0.445,0.443,0.852,2.602,-0.048
2019-04-24 02:00:00,3.602,71.363365,0.2270776,0.451,0.445,0.443,1.352,2.502,-0.048
2019-04-24 03:00:00,7.352,56.444286,0.44799417,0.451,0.445,0.443,2.652,2.4520001,-0.048
2019-04-24 04:00:00,10.252,47.950092,0.65117383,0.45,0.445,0.443,5.102,2.552,-0.048
2019-04-24 05:00:00,12.852,40.67429,0.8812778,0.449,0.444,0.443,7.602,2.802,-0.048
2019-04-24 06:00:00,14.702,33.04417,1.1215223,0.448,0.444,0.442,9.602,3.102,-0.048
2019-04-24 07:00:00,15.752,26.148754,1.3232411,0.447,0.443,0.442,10.852,3.502,-0.048
2019-04-24 08:00:00,15.902,25.135082,1.3543153,0.445,0.443,0.442,11.302,3.852,-0.048
2019-04-24 09:00:00,15.752,25.568207,1.3336413,0.444,0.442,0.442,11.352,4.202,-0.048
2019-04-24 10:00:00,15.552,26.288342,1.3039515,0.443,0.442,0.442,11.352,4.502,-0.048
2019-04-24 11:00:00,15.602,26.008913,1.3130894,0.442,0.441,0.442,11.502,4.802,-0.048
2019-04-24 12:00:00,15.252,27.000172,1.2667693,0.441,0.441,0.442,11.202,5.052,-0.048
2019-04-24 13:00:00,14.152,32.401157,1.0927818,0.44,0.441,0.442,10.552,5.302,-0.048
2019-04-24 14:00:00,11.752,40.055603,0.8284118,0.44,0.441,0.442,9.352,5.402,-0.048
2019-04-24 15:00:00,9.752,46.09076,0.6522504,0.44,0.441,0.442,8.102,5.452,-0.048
2019-04-24 16:00:00,8.102,52.66253,0.51240903,0.44,0.441,0.442,7.002,5.452,0.0020000003
2019-04-24 17:00:00,6.452,59.166817,0.39485592,0.439,0.441,0.442,5.952,5.402,0.0020000003
2019-04-24 18:00:00,4.902,65.630356,0.29852635,0.439,0.441,0.442,5.052,5.252,0.0020000003
2019-04-24 19:00:00,4.302,68.18953,0.26495594,0.439,0.441,0.442,4.452,5.152,0.0020000003
2019-04-24 20:00:00,3.602,71.88729,0.22292358,0.439,0.441,0.442,3.852,5.002,0.0020000003
2019-04-24 21:00:00,2.902,74.70572,0.19089776,0.439,0.441,0.442,3.252,4.802,0.0020000003
2019-04-24 22:00:00,2.552,75.74633,0.17855471,0.439,0.441,0.442,2.902,4.602,0.0020000003
2019-04-24 23:00:00,2.052,77.91662,0.15689176,0.439,0.441,0.442,2.552,4.402,0.0020000003
2019-04-25 00:00:00,1.6520001,80.76492,0.13280582,0.44,0.441,0.442,2.302,4.252,0.0020000003
2019-04-25 01:00:00,1.7520001,84.09175,0.110626936,0.441,0.441,0.442,2.352,4.052,0.0020000003
2019-04-25 02:00:00,3.752,81.35206,0.14944619,0.444,0.441,0.442,3.302,3.9520001,0.0020000003
2019-04-25 03:00:00,5.802,77.119286,0.21155912,0.452,0.441,0.442,4.602,3.902,0.0020000003
2019-04-25 04:00:00,6.752,78.92786,0.20801818,0.462,0.441,0.442,5.302,3.902,0.0020000003
2019-04-25 05:00:00,7.752,73.45168,0.28062093,0.479,0.441,0.442,6.052,3.9520001,0.0020000003
2019-04-25 06:00:00,7.452,79.03289,0.21713912,0.484,0.442,0.442,6.402,4.052,0.0020000003
2019-04-25 07:00:00,7.902,75.04777,0.26645535,0.484,0.443,0.442,6.552,4.102,0.0020000003
2019-04-25 08:00:00,8.402,73.828545,0.28912133,0.484,0.443,0.442,6.952,4.202,0.0020000003
2019-04-25 09:00:00,9.002,70.645905,0.33769798,0.483,0.444,0.442,7.652,4.302,0.0020000003
2019-04-25 10:00:00,9.102,66.796326,0.38456917,0.482,0.445,0.442,7.952,4.452,0.0020000003
2019-04-25 11:00:00,9.402,61.85429,0.4508177,0.48,0.445,0.442,8.152,4.552,0.0020000003
2019-04-25 12:00:00,9.252,61.16168,0.45439774,0.478,0.445,0.442,8.052,4.702,0.0020000003
2019-04-25 13:00:00,8.752,61.259216,0.43823385,0.477,0.446,0.442,7.752,4.752,0.0020000003
2019-04-25 14:00:00,7.602,64.36169,0.3728736,0.476,0.446,0.442,7.002,4.802,0.0020000003
2019-04-25 15:00:00,6.202,71.35646,0.2722605,0.475,0.447,0.442,6.052,4.802,0.0020000003
2019-04-25 16:00:00,5.152,77.845245,0.19581634,0.474,0.447,0.442,5.352,4.752,0.0020000003
2019-04-25 17:00:00,4.302,82.60205,0.14491725,0.473,0.447,0.442,4.752,4.652,0.0020000003
2019-04-25 18:00:00,3.352,87.675995,0.09602189,0.472,0.447,0.442,4.102,4.552,0.0020000003
2019-04-25 19:00:00,2.4520001,90.15185,0.07199216,0.471,0.448,0.442,3.552,4.402,0.0020000003
2019-04-25 20:00:00,1.6520001,92.73318,0.05017519,0.47,0.448,0.442,3.002,4.252,0.0020000003
2019-04-25 21:00:00,1.102,94.39504,0.037203252,0.469,0.448,0.442,2.602,4.102,0.0020000003
2019-04-25 22:00:00,0.652,95.062325,0.031728625,0.468,0.448,0.442,2.2020001,3.902,0.052
2019-04-25 23:00:00,0.352,95.39664,0.028945982,0.468,0.449,0.441,1.9020001,3.752,0.052
2019-04-26 00:00:00,-0.048,95.3818,0.028209388,0.467,0.449,0.441,1.552,3.552,0.052
2019-04-26 01:00:00,0.052,94.34785,0.03477639,0.467,0.449,0.441,1.5020001,3.402,0.052
2019-04-26 02:00:00,1.6520001,85.626015,0.09924537,0.466,0.449,0.441,2.302,3.252,0.052
2019-04-26 03:00:00,3.252,69.7398,0.23409694,0.465,0.449,0.441,3.502,3.2020001,0.052
2019-04-26 04:00:00,4.452,59.534893,0.3405853,0.464,0.449,0.441,4.752,3.252,0.052
2019-04-26 05:00:00,5.752,51.62683,0.4456833,0.463,0.449,0.441,6.102,3.352,0.052
2019-04-26 06:00:00,6.702,46.405186,0.52721316,0.462,0.449,0.441,7.302,3.502,0.052
2019-04-26 07:00:00,7.752,47.93952,0.5502661,0.461,0.449,0.441,8.352,3.7020001,0.052
2019-04-26 08:00:00,8.452,44.376595,0.61654496,0.46,0.448,0.441,9.502,3.9520001,0.052
2019-04-26 09:00:00,8.752,41.273758,0.66427314,0.459,0.448,0.441,9.652,4.202,0.052
2019-04-26 10:00:00,9.002,38.652634,0.70572084,0.458,0.448,0.441,9.552,4.452,0.052
2019-04-26 11:00:00,8.802,37.58724,0.70834386,0.457,0.448,0.441,8.952,4.602,0.052
2019-04-26 12:00:00,8.852,36.48178,0.7233224,0.456,0.448,0.441,8.802,4.752,0.052
2019-04-26 13:00:00,8.552,36.80818,0.7051581,0.455,0.447,0.441,8.202,4.852,0.052
2019-04-26 14:00:00,7.452,45.2524,0.5669396,0.454,0.447,0.441,7.152,4.902,0.052
2019-04-26 15:00:00,5.452,54.10395,0.41416374,0.454,0.447,0.441,5.852,4.902,0.052
2019-04-26 16:00:00,4.252,64.7647,0.29245096,0.454,0.447,0.441,4.952,4.802,0.052
2019-04-26 17:00:00,3.4520001,76.45509,0.18474215,0.454,0.447,0.441,4.302,4.702,0.052
2019-04-26 18:00:00,2.852,85.75606,0.10712427,0.453,0.448,0.441,3.752,4.552,0.052
2019-04-26 19:00:00,2.252,92.76743,0.05212474,0.454,0.448,0.441,3.352,4.402,0.052
2019-04-26 20:00:00,1.5020001,94.41287,0.03816539,0.455,0.448,0.441,2.852,4.252,0.052
2019-04-26 21:00:00,1.052,95.07812,0.032552123,0.458,0.448,0.441,2.502,4.102,0.052
2019-04-26 22:00:00,0.70199996,96.451965,0.022881567,0.461,0.448,0.441,2.252,3.902,0.052
2019-04-26 23:00:00,0.45200002,97.14674,0.018071651,0.462,0.448,0.441,2.052,3.752,0.052
2019-04-27 00:00:00,0.402,98.20741,0.011312783,0.462,0.448,0.441,1.9020001,3.602,0.052
2019-04-27 01:00:00,0.652,98.56656,0.009211183,0.461,0.448,0.441,1.952,3.4520001,0.052
2019-04-27 02:00:00,2.352,93.44087,0.04760921,0.461,0.448,0.441,2.752,3.352,0.052
2019-04-27 03:00:00,4.352,82.60847,0.14537185,0.461,0.448,0.441,3.802,3.302,0.052
2019-04-27 04:00:00,5.952,67.556206,0.30310386,0.46,0.448,0.441,5.102,3.352,0.052
2019-04-27 05:00:00,7.202,60.22366,0.4049511,0.459,0.448,0.441,6.652,3.4520001,0.052
2019-04-27 06:00:00,8.152,53.25654,0.50770074,0.457,0.448,0.441,7.902,3.652,0.052
2019-04-27 07:00:00,8.502,48.510105,0.5726741,0.456,0.448,0.441,8.702,3.852,0.052
2019-04-27 08:00:00,9.452,39.965054,0.7118707,0.455,0.447,0.441,9.602,4.102,0.102
2019-04-27 09:00:00,9.902,34.6445,0.7986815,0.453,0.447,0.441,9.902,4.352,0.102
2019-04-27 10:00:00,10.202,32.943295,0.8360684,0.452,0.446,0.441,9.952,4.602,0.102
2019-04-27 11:00:00,10.402,31.895248,0.8605399,0.451,0.446,0.441,9.552,4.802,0.102
2019-04-27 12:00:00,10.202,33.700558,0.82663167,0.451,0.446,0.44,9.052,4.952,0.102
2019-04-27 13:00:00,9.802,36.76694,0.76759636,0.45,0.446,0.44,8.452,5.052,0.102
2019-04-27 14:00:00,8.952,39.370296,0.6951199,0.449,0.446,0.44,7.702,5.102,0.102
2019-04-27 15:00:00,6.952,45.616005,0.5442326,0.449,0.446,0.44,6.552,5.102,0.102
2019-04-27 16:00:00,5.402,51.915756,0.43240002,0.449,0.446,0.44,5.502,5.052,0.102
2019-04-27 17:00:00,4.102,57.700127,0.3473977,0.449,0.446,0.44,4.602,4.952,0.102
2019-04-27 18:00:00,2.902,63.498657,0.2754603,0.448,0.446,0.44,3.802,4.802,0.102
2019-04-27 19:00:00,2.102,65.969894,0.24261346,0.448,0.446,0.44,3.052,4.602,0.102
2019-04-27 20:00:00,1.202,70.35737,0.19814888,0.448,0.446,0.44,2.4520001,4.402,0.102
2019-04-27 21:00:00,0.652,72.3819,0.17744607,0.448,0.446,0.44,1.9020001,4.202,0.102
2019-04-27 22:00:00,0.602,72.37221,0.17686847,0.448,0.446,0.44,1.552,4.002,0.102
2019-04-27 23:00:00,0.802,71.069565,0.1878989,0.448,0.446,0.44,1.352,3.802,0.102
2019-04-28 00:00:00,1.1520001,69.82306,0.20099574,0.448,0.446,0.44,1.302,3.602,0.102
2019-04-28 01:00:00,2.302,67.00653,0.23860237,0.447,0.446,0.44,1.552,3.402,0.102
2019-04-28 02:00:00,4.902,60.3132,0.3447014,0.447,0.446,0.44,2.652,3.302,0.102
2019-04-28 03:00:00,7.752,51.61064,0.5114714,0.446,0.445,0.44,4.502,3.302,0.102
2019-04-28 04:00:00,10.352,45.261253,0.6893944,0.445,0.445,0.44,6.402,3.4520001,0.102
2019-04-28 05:00:00,12.602,40.600822,0.8680497,0.444,0.445,0.44,8.102,3.652,0.102
2019-04-28 06:00:00,14.502,37.072094,1.0405437,0.442,0.444,0.44,9.702,3.902,0.102
2019-04-28 07:00:00,15.752,33.963017,1.1832256,0.441,0.444,0.44,10.952,4.202,0.102
2019-04-28 08:00:00,16.552,31.924343,1.2835319,0.438,0.443,0.44,11.902,4.552,0.102
2019-04-28 09:00:00,16.702,30.714191,1.3188486,0.437,0.442,0.44,12.252,4.902,0.102
2019-04-28 10:00:00,16.202,32.407097,1.2463775,0.435,0.442,0.44,12.102,5.202,0.102
2019-04-28 11:00:00,15.152,36.995132,1.0863284,0.434,0.442,0.44,11.552,5.452,0.102
2019-04-28 12:00:00,14.202,40.92216,0.9581223,0.434,0.441,0.44,10.902,5.702,0.15200001
2019-04-28 13:00:00,13.652,42.714336,0.89651465,0.433,0.441,0.44,10.352,5.852,0.15200001
2019-04-28 14:00:00,12.602,45.091892,0.80241585,0.433,0.441,0.44,9.652,5.952,0.15200001
2019-04-28 15:00:00,11.952,47.912605,0.7293822,0.433,0.441,0.44,9.152,6.002,0.15200001
2019-04-28 16:00:00,11.652,50.111572,0.68490833,0.433,0.441,0.44,8.802,6.052,0.15200001
2019-04-28 17:00:00,11.052,55.00818,0.59364206,0.433,0.441,0.44,8.452,6.102,0.15200001
2019-04-28 18:00:00,10.552,58.92212,0.52428657,0.433,0.441,0.44,8.102,6.102,0.15200001
2019-04-28 19:00:00,10.252,65.64971,0.42973524,0.432,0.441,0.439,7.952,6.102,0.15200001
2019-04-28 20:00:00,10.202,67.74018,0.40223598,0.433,0.441,0.439,7.752,6.102,0.15200001
2019-04-28 21:00:00,10.252,70.89048,0.36416566,0.433,0.441,0.439,7.602,6.052,0.15200001
2019-04-28 22:00:00,10.102,74.90506,0.3108099,0.433,0.441,0.439,7.502,6.052,0.15200001
2019-04-28 23:00:00,10.002,77.51907,0.2765776,0.433,0.441,0.439,7.452,6.002,0.15200001
2019-04-29 00:00:00,9.652,80.1824,0.23816293,0.433,0.441,0.439,7.252,6.002,0.15200001
2019-04-29 01:00:00,10.152,77.80995,0.27574807,0.433,0.441,0.439,7.402,5.952,0.15200001
2019-04-29 02:00:00,11.652,70.67343,0.40259117,0.433,0.44,0.439,8.102,6.002,0.15200001
2019-04-29 03:00:00,13.452,62.80536,0.57452375,0.432,0.44,0.439,9.302,6.052,0.15200001
2019-04-29 04:00:00,15.402,52.759426,0.8276184,0.431,0.44,0.439,10.752,6.202,0.15200001
2019-04-29 05:00:00,17.252,45.298866,1.0780199,0.43,0.439,0.439,12.252,6.452,0.15200001
2019-04-29 06:00:00,18.902,39.30428,1.32667,0.428,0.439,0.439,13.652,6.702,0.15200001
2019-04-29 07:00:00,19.852,33.34659,1.545518,0.426,0.438,0.439,14.702,7.052,0.15200001
2019-04-29 08:00:00,20.152,31.483276,1.6184847,0.424,0.437,0.439,15.252,7.352,0.15200001
2019-04-29 09:00:00,20.602,31.057852,1.6743394,0.422,0.436,0.439,15.802,7.702,0.202
2019-04-29 10:00:00,20.352,31.764591,1.6318461,0.42,0.436,0.439,15.802,8.002,0.202
2019-04-29 11:00:00,19.802,35.017036,1.5021065,0.419,0.435,0.439,15.752,8.302,0.202
2019-04-29 12:00:00,19.702,33.77726,1.5213308,0.418,0.435,0.438,15.452,8.552,0.202
2019-04-29 13:00:00,18.602,35.9191,1.3747224,0.417,0.434,0.438,14.752,8.752,0.202
2019-04-29 14:00:00,16.852,42.280823,1.1091121,0.418,0.434,0.438,13.802,8.852,0.202
2019-04-29 15:00:00,15.102,46.455627,0.92021686,0.418,0.434,0.438,12.652,8.902,0.202
2019-04-29 16:00:00,13.852,51.075317,0.7756474,0.418,0.434,0.438,11.702,8.902,0.202
2019-04-29 17:00:00,13.102,54.96391,0.6799946,0.417,0.434,0.438,11.052,8.902,0.202
2019-04-29 18:00:00,12.602,58.60671,0.60488886,0.417,0.434,0.438,10.602,8.852,0.202
2019-04-29 19:00:00,12.202,62.29832,0.5366677,0.417,0.434,0.438,10.302,8.752,0.202
2019-04-29 20:00:00,11.552,66.39422,0.4583097,0.417,0.434,0.438,9.852,8.652,0.202
2019-04-29 21:00:00,10.902,70.52697,0.3850124,0.418,0.434,0.438,9.502,8.552,0.202
2019-04-29 22:00:00,10.002,75.93069,0.29612082,0.419,0.434,0.438,9.102,8.452,0.202
2019-04-29 23:00:00,8.852,83.45958,0.18836462,0.426,0.434,0.438,8.652,8.352,0.252
2019-04-30 00:00:00,6.752,91.10268,0.08783072,0.437,0.434,0.438,7.852,8.152,0.252
2019-04-30 01:00:00,4.552,94.87908,0.043407917,0.439,0.434,0.438,7.202,8.002,0.252
2019-04-30 02:00:00,2.152,90.45434,0.06830621,0.44,0.434,0.438,6.452,7.752,0.252
2019-04-30 03:00:00,0.352,83.61399,0.10302907,0.44,0.434,0.438,5.602,7.502,0.252
2019-04-30 04:00:00,-0.448,78.68088,0.1264759,0.44,0.434,0.438,4.902,7.252,0.252
2019-04-30 05:00:00,-0.49800003,74.647804,0.14984998,0.44,0.434,0.438,4.602,7.002,0.252
2019-04-30 06:00:00,-0.848,73.18871,0.1544734,0.439,0.434,0.438,4.302,6.752,0.252
2019-04-30 07:00:00,-0.24800001,64.195854,0.21549562,0.439,0.434,0.438,4.552,6.502,0.252
2019-04-30 08:00:00,0.70199996,56.15021,0.28270805,0.438,0.434,0.438,5.102,6.302,0.252
2019-04-30 09:00:00,1.352,50.769108,0.3325875,0.438,0.433,0.438,5.652,6.202,0.252
2019-04-30 10:00:00,1.302,48.63444,0.34575424,0.437,0.433,0.438,5.852,6.052,0.252
2019-04-30 11:00:00,0.802,47.735622,0.33935973,0.436,0.433,0.438,5.502,5.952,0.252
2019-04-30 12:00:00,0.302,46.84499,0.3328827,0.436,0.433,0.438,4.902,5.802,0.252
2019-04-30 13:00:00,0.202,42.741425,0.35596472,0.435,0.433,0.438,4.352,5.602,0.252
2019-04-30 14:00:00,-0.048,42.835274,0.34898967,0.435,0.433,0.438,3.7020001,5.402,0.252
2019-04-30 15:00:00,-0.448,46.620773,0.31654912,0.435,0.433,0.438,3.052,5.202,0.252
2019-04-30 16:00:00,-0.948,49.513664,0.28866753,0.435,0.433,0.438,2.402,4.952,0.252
2019-04-30 17:00:00,-1.4979999,52.36964,0.26157644,0.435,0.433,0.438,1.852,4.702,0.252
2019-04-30 18:00:00,-2.2979999,56.209335,0.22671518,0.434,0.433,0.438,1.1520001,4.452,0.302
2019-04-30 19:00:00,-3.098,60.35335,0.19342744,0.434,0.433,0.438,0.402,4.152,0.302
2019-04-30 20:00:00,-3.648,63.12805,0.17265388,0.434,0.433,0.438,0.352,3.902,0.302
2019-04-30 21:00:00,-4.048,65.04723,0.15883297,0.434,0.433,0.438,0.302,3.652,0.302
2019-04-30 22:00:00,-4.348,66.79124,0.14754307,0.434,0.433,0.438,0.202,3.402,0.302
2019-04-30 23:00:00,-4.598,68.05988,0.13925838,0.434,0.433,0.438,0.15200001,3.152,0.302
2019-05-01 00:00:00,-4.848,68.812096,0.13343474,0.434,0.433,0.438,0.102,2.9520001,0.302
2019-05-01 01:00:00,-4.048,67.385704,0.14821187,0.434,0.433,0.438,0.052,2.7020001,0.302
2019-05-01 02:00:00,-1.7479999,57.249317,0.23051405,0.434,0.433,0.438,0.15200001,2.552,0.302
2019-05-01 03:00:00,0.102,47.903618,0.32156098,0.433,0.433,0.438,0.252,2.352,0.302
2019-05-01 04:00:00,1.352,39.972813,0.4054534,0.433,0.433,0.438,0.45200002,2.252,0.302
2019-05-01 05:00:00,2.402,38.128876,0.45048523,0.432,0.433,0.438,0.752,2.102,0.302
2019-05-01 06:00:00,3.4520001,36.67849,0.49666545,0.432,0.432,0.437,1.302,2.052,0.302
2019-05-01 07:00:00,3.9520001,37.70885,0.5061084,0.432,0.432,0.437,3.9520001,2.102,0.302
2019-05-01 08:00:00,5.152,31.799961,0.602582,0.431,0.432,0.437,5.952,2.302,0.302
2019-05-01 09:00:00,5.752,30.503517,0.6401471,0.431,0.431,0.437,7.102,2.502,0.302
2019-05-01 10:00:00,5.952,29.146257,0.6617305,0.431,0.431,0.437,7.502,2.752,0.302
2019-05-01 11:00:00,5.952,28.234129,0.6702374,0.431,0.431,0.437,7.252,2.9520001,0.302
2019-05-01 12:00:00,5.852,27.758034,0.670025,0.43,0.43,0.437,6.902,3.102,0.302
2019-05-01 13:00:00,5.502,27.654213,0.6549022,0.429,0.43,0.437,6.152,3.252,0.302
2019-05-01 14:00:00,4.902,32.486366,0.5862222,0.429,0.43,0.437,5.252,3.302,0.302
2019-05-01 15:00:00,3.902,49.201893,0.41134143,0.429,0.43,0.437,4.252,3.302,0.302
2019-05-01 16:00:00,1.802,49.733192,0.3507138,0.429,0.43,0.437,2.602,3.2020001,0.302
2019-05-01 17:00:00,-0.098000005,55.50167,0.27073243,0.429,0.43,0.437,1.352,3.052,0.302
2019-05-01 18:00:00,-1.148,57.41022,0.24000436,0.429,0.43,0.437,0.202,2.852,0.302
2019-05-01 19:00:00,-3.248,63.474354,0.17622635,0.429,0.43,0.437,0.15200001,2.652,0.302
2019-05-01 20:00:00,-3.698,62.867924,0.17322114,0.429,0.43,0.437,0.052,2.502,0.302
2019-05-01 21:00:00,-3.848,61.11896,0.17934605,0.429,0.43,0.437,0.0020000003,2.302,0.302
2019-05-01 22:00:00,-3.348,58.877842,0.19691235,0.429,0.43,0.437,-0.048,2.152,0.302
2019-05-01 23:00:00,-1.898,53.298355,0.249031,0.429,0.43,0.437,-0.148,1.952,0.302
2019-05-02 00:00:00,-2.2979999,55.76811,0.22899783,0.429,0.43,0.437,-0.198,1.802,0.302
2019-05-02 01:00:00,-2.198,58.71853,0.2153211,0.429,0.43,0.437,-0.198,1.702,0.302
2019-05-02 02:00:00,0.352,52.078842,0.3012193,0.429,0.43,0.437,-0.098000005,1.552,0.302
2019-05-02 03:00:00,3.602,42.437355,0.45633942,0.429,0.43,0.437,0.102,1.452,0.302
2019-05-02 04:00:00,5.452,33.170948,0.60292846,0.429,0.43,0.437,0.302,1.352,0.302
2019-05-02 05:00:00,6.452,29.644693,0.68015337,0.429,0.43,0.437,0.602,1.302,0.302
2019-05-02 06:00:00,7.452,26.397621,0.76202506,0.429,0.429,0.437,1.052,1.2520001,0.302
2019-05-02 07:00:00,8.152,27.34482,0.7889736,0.429,0.429,0.437,3.152,1.352,0.302
2019-05-02 08:00:00,8.602,27.155596,0.8155352,0.429,0.429,0.436,5.302,1.552,0.302
2019-05-02 09:00:00,9.002,26.225288,0.8485683,0.429,0.428,0.436,6.802,1.802,0.302
2019-05-02 10:00:00,9.052,25.830992,0.8559804,0.429,0.428,0.436,7.302,2.102,0.302
2019-05-02 11:00:00,9.002,25.918213,0.8520962,0.429,0.428,0.436,7.452,2.352,0.302
2019-05-02 12:00:00,8.652,26.642492,0.8240566,0.428,0.427,0.436,7.052,2.552,0.302
2019-05-02 13:00:00,8.152,30.74359,0.75210345,0.428,0.427,0.436,6.502,2.752,0.302
2019-05-02 14:00:00,7.102,36.650627,0.6404505,0.428,0.427,0.436,5.602,2.852,0.302
2019-05-02 15:00:00,4.802,44.98208,0.4744828,0.428,0.427,0.436,4.152,2.902,0.302
2019-05-02 16:00:00,2.252,55.291344,0.32214212,0.428,0.427,0.436,2.652,2.802,0.302
2019-05-02 17:00:00,0.402,62.421005,0.23709843,0.427,0.427,0.436,1.5020001,2.7020001,0.302
2019-05-02 18:00:00,-0.898,67.56677,0.18617138,0.427,0.427,0.436,0.602,2.552,0.302
2019-05-02 19:00:00,-1.448,64.40425,0.19623953,0.427,0.427,0.436,0.302,2.402,0.352
2019-05-02 20:00:00,-2.0479999,66.025024,0.1792058,0.427,0.427,0.436,0.202,2.252,0.352
2019-05-02 21:00:00,-2.398,65.68935,0.17634878,0.427,0.427,0.436,0.15200001,2.102,0.352
2019-05-02 22:00:00,-2.648,65.63125,0.1734012,0.427,0.427,0.436,0.102,1.952,0.352
2019-05-02 23:00:00,-2.648,64.11773,0.18103355,0.427,0.427,0.436,0.0020000003,1.802,0.352
2019-05-03 00:00:00,-2.398,60.770256,0.2016176,0.427,0.427,0.436,-0.048,1.702,0.352
2019-05-03 01:00:00,-1.048,57.660797,0.2403486,0.427,0.427,0.436,-0.048,1.552,0.352
2019-05-03 02:00:00,2.302,54.677017,0.32773197,0.427,0.427,0.436,0.102,1.452,0.352
2019-05-03 03:00:00,5.552,43.51835,0.5131927,0.427,0.427,0.436,0.352,1.4020001,0.352
2019-05-03 04:00:00,7.902,36.057564,0.682734,0.427,0.427,0.436,0.602,1.302,0.352
2019-05-03 05:00:00,9.302,28.777645,0.8359693,0.428,0.427,0.436,1.1520001,1.302,0.352
2019-05-03 06:00:00,10.202,27.836735,0.8996927,0.427,0.426,0.436,3.352,1.4020001,0.352
2019-05-03 07:00:00,11.352,27.11214,0.98094267,0.427,0.426,0.436,6.302,1.6520001,0.352
2019-05-03 08:00:00,12.052,26.899797,1.0303235,0.427,0.425,0.435,8.502,2.002,0.352
2019-05-03 09:00:00,12.602,26.852585,1.068913,0.427,0.425,0.435,9.852,2.352,0.352
2019-05-03 10:00:00,12.952,26.748848,1.0952297,0.426,0.424,0.435,10.602,2.802,0.352
2019-05-03 11:00:00,13.052,26.777493,1.101977,0.425,0.424,0.435,10.752,3.152,0.352
2019-05-03 12:00:00,12.902,26.938683,1.0888283,0.425,0.424,0.435,10.452,3.502,0.352
2019-05-03 13:00:00,12.452,28.817505,1.0300326,0.424,0.423,0.435,9.652,3.802,0.352
2019-05-03 14:00:00,11.202,39.0195,0.81263804,0.424,0.423,0.435,8.402,4.002,0.352
2019-05-03 15:00:00,8.352,41.154575,0.6478411,0.424,0.423,0.435,6.552,4.052,0.352
2019-05-03 16:00:00,6.502,45.827385,0.52561593,0.423,0.423,0.435,5.452,4.052,0.352
2019-05-03 17:00:00,5.402,49.446182,0.45459944,0.423,0.423,0.435,4.652,4.052,0.352
2019-05-03 18:00:00,4.502,53.24172,0.3949153,0.423,0.423,0.435,3.9520001,3.9520001,0.352
2019-05-03 19:00:00,3.602,55.65624,0.3515946,0.423,0.423,0.435,3.252,3.852,0.352
2019-05-03 20:00:00,2.552,59.496613,0.29815248,0.423,0.423,0.435,2.552,3.752,0.352
2019-05-03 21:00:00,1.602,63.906097,0.24828622,0.423,0.423,0.435,1.952,3.602,0.352
2019-05-03 22:00:00,0.70199996,68.1743,0.20521215,0.423,0.423,0.435,1.352,3.402,0.352
2019-05-03 23:00:00,0.0020000003,71.713875,0.1733816,0.423,0.423,0.435,1.002,3.252,0.352
2019-05-04 00:00:00,-0.49800003,73.80945,0.15480411,0.423,0.423,0.435,0.752,3.052,0.352
2019-05-04 01:00:00,0.502,75.388596,0.15642703,0.423,0.423,0.435,0.852,2.902,0.352
2019-05-04 02:00:00,4.402,64.08819,0.30121297,0.423,0.423,0.435,1.5020001,2.752,0.352
2019-05-04 03:00:00,8.102,50.211765,0.53893316,0.423,0.423,0.435,2.752,2.752,0.352
2019-05-04 04:00:00,10.902,41.756615,0.7608756,0.423,0.423,0.435,5.452,2.852,0.352
2019-05-04 05:00:00,12.902,32.514576,1.0057601,0.422,0.423,0.435,7.802,3.052,0.352
2019-05-04 06:00:00,14.052,30.39468,1.1179515,0.422,0.422,0.435,9.602,3.352,0.352
2019-05-04 07:00:00,15.052,27.45178,1.2428683,0.421,0.422,0.434,11.052,3.7020001,0.352
2019-05-04 08:00:00,15.902,26.683931,1.3263009,0.42,0.421,0.434,12.152,4.102,0.352
2019-05-04 09:00:00,16.552,25.792574,1.399152,0.418,0.42,0.434,12.902,4.552,0.352
2019-05-04 10:00:00,16.952,25.239758,1.4457871,0.417,0.42,0.434,13.302,4.952,0.352
2019-05-04 11:00:00,17.002,25.159922,1.4519194,0.416,0.419,0.434,13.252,5.302,0.402
2019-05-04 12:00:00,16.602,25.902758,1.4015174,0.415,0.419,0.434,12.902,5.602,0.402
2019-05-04 13:00:00,15.702,30.201733,1.246635,0.414,0.419,0.434,12.102,5.902,0.402
2019-05-04 14:00:00,13.602,35.745052,1.0023274,0.414,0.418,0.434,10.852,6.052,0.402
2019-05-04 15:00:00,11.102,40.754,0.7843117,0.414,0.418,0.434,9.302,6.152,0.402
2019-05-04 16:00:00,9.402,45.1512,0.6482085,0.414,0.418,0.434,8.102,6.152,0.402
2019-05-04 17:00:00,8.152,49.12937,0.55252004,0.414,0.418,0.434,7.152,6.102,0.402
2019-05-04 18:00:00,7.352,51.689636,0.4968897,0.413,0.418,0.434,6.352,6.002,0.402
2019-05-04 19:00:00,6.952,52.346176,0.476901,0.413,0.418,0.434,5.852,5.902,0.402
2019-05-04 20:00:00,6.452,53.97531,0.44504803,0.413,0.418,0.434,5.352,5.802,0.402
2019-05-04 21:00:00,6.002,55.881973,0.4135787,0.413,0.418,0.434,4.952,5.652,0.402
2019-05-04 22:00:00,5.452,58.91309,0.37077624,0.413,0.418,0.434,4.552,5.502,0.402
2019-05-04 23:00:00,4.952,61.674255,0.33404434,0.413,0.418,0.434,4.202,5.352,0.402
2019-05-05 00:00:00,4.552,64.12318,0.30409372,0.413,0.418,0.434,3.9520001,5.202,0.402
2019-05-05 01:00:00,5.252,66.67356,0.296605,0.413,0.418,0.434,4.252,5.052,0.402
2019-05-05 02:00:00,7.152,64.72256,0.35792547,0.414,0.418,0.434,5.202,5.002,0.402
2019-05-05 03:00:00,9.202,57.33631,0.49747705,0.414,0.418,0.433,6.552,5.002,0.402
2019-05-05 04:00:00,11.552,49.7262,0.6856573,0.413,0.418,0.433,8.102,5.102,0.402
2019-05-05 05:00:00,14.252,42.582756,0.9342022,0.413,0.418,0.433,10.202,5.302,0.402
2019-05-05 06:00:00,16.302,38.004623,1.150438,0.412,0.417,0.433,12.052,5.552,0.45200002
2019-05-05 07:00:00,17.502,35.220684,1.2970186,0.41,0.417,0.433,13.402,5.902,0.45200002
2019-05-05 08:00:00,18.552,31.360231,1.4679749,0.409,0.416,0.433,14.252,6.252,0.45200002
2019-05-05 09:00:00,19.502,28.718166,1.617434,0.407,0.416,0.433,15.202,6.652,0.45200002
2019-05-05 10:00:00,20.002,27.541872,1.6958516,0.405,0.415,0.433,15.702,7.002,0.45200002
2019-05-05 11:00:00,20.152,26.896448,1.7268946,0.404,0.414,0.433,15.802,7.352,0.45200002
2019-05-05 12:00:00,20.002,27.049364,1.707384,0.403,0.414,0.432,15.502,7.702,0.45200002
2019-05-05 13:00:00,19.302,32.95337,1.5025102,0.402,0.414,0.432,14.752,7.952,0.45200002
2019-05-05 14:00:00,17.452,43.959362,1.118453,0.402,0.413,0.432,13.502,8.102,0.45200002
2019-05-05 15:00:00,14.452,48.956585,0.841275,0.402,0.413,0.432,11.602,8.152,0.45200002
2019-05-05 16:00:00,11.802,54.045162,0.63717294,0.402,0.413,0.432,9.852,8.152,0.45200002
2019-05-05 17:00:00,10.052,58.17262,0.5163403,0.402,0.413,0.432,8.652,8.052,0.45200002
2019-05-05 18:00:00,8.902,61.295483,0.4422797,0.402,0.413,0.432,7.802,7.902,0.45200002
2019-05-05 19:00:00,8.002,62.184734,0.40657043,0.402,0.413,0.432,7.102,7.752,0.45200002
2019-05-05 20:00:00,7.252,64.281334,0.36488932,0.402,0.413,0.432,6.352,7.552,0.502
2019-05-05 21:00:00,6.602,66.24948,0.32975757,0.402,0.413,0.432,5.702,7.352,0.502
2019-05-05 22:00:00,7.602,60.104923,0.41740853,0.402,0.413,0.432,5.152,7.102,0.502
2019-05-05 23:00:00,9.102,52.93557,0.54510653,0.402,0.413,0.432,4.652,6.852,0.502
2019-05-06 00:00:00,8.752,53.80873,0.52251,0.402,0.413,0.432,4.202,6.602,0.502
2019-05-06 01:00:00,8.702,54.581474,0.51203644,0.402,0.413,0.432,4.602,6.402,0.502
2019-05-06 02:00:00,9.302,76.34208,0.27771592,0.402,0.413,0.432,6.652,6.302,0.502
2019-05-06 03:00:00,14.302,47.22068,0.86150634,0.402,0.413,0.432,10.152,6.452,0.502
2019-05-06 04:00:00,17.352,37.63797,1.2368464,0.402,0.413,0.432,12.252,6.652,0.502
2019-05-06 05:00:00,19.502,30.853462,1.5689597,0.4,0.412,0.432,14.202,6.952,0.502
2019-05-06 06:00:00,20.802,28.267488,1.7637036,0.399,0.412,0.432,15.902,7.302,0.502
2019-05-06 07:00:00,21.852,27.176191,1.9093655,0.397,0.411,0.432,17.202,7.702,0.502
2019-05-06 08:00:00,22.402,26.943634,1.980616,0.395,0.41,0.431,18.102,8.152,0.502
2019-05-06 09:00:00,22.752,26.56519,2.0335622,0.393,0.41,0.431,18.702,8.552,0.552
2019-05-06 10:00:00,22.902,26.231472,2.0614302,0.391,0.409,0.431,18.952,9.002,0.552
2019-05-06 11:00:00,22.902,26.045687,2.066626,0.39,0.408,0.431,18.802,9.352,0.552
2019-05-06 12:00:00,22.602,26.148973,2.0266058,0.389,0.408,0.431,18.202,9.702,0.552
2019-05-06 13:00:00,22.002,31.346733,1.8164545,0.388,0.408,0.431,17.302,9.952,0.552
2019-05-06 14:00:00,19.802,48.744045,1.1846232,0.388,0.407,0.431,15.902,10.102,0.552
2019-05-06 15:00:00,16.902,48.614532,0.9904892,0.388,0.407,0.431,13.802,10.152,0.552
2019-05-06 16:00:00,14.152,55.237408,0.72357005,0.388,0.407,0.431,12.152,10.102,0.552
2019-05-06 17:00:00,12.152,60.786827,0.5563559,0.388,0.407,0.431,10.952,9.952,0.552
2019-05-06 18:00:00,10.902,65.10754,0.4558164,0.388,0.407,0.431,10.102,9.802,0.552
2019-05-06 19:00:00,10.502,68.04011,0.40654647,0.388,0.407,0.431,9.552,9.652,0.602
2019-05-06 20:00:00,9.702,70.53648,0.35528457,0.388,0.407,0.431,8.902,9.452,0.602
2019-05-06 21:00:00,9.002,72.654945,0.3145842,0.388,0.407,0.431,8.352,9.252,0.602
2019-05-06 22:00:00,8.652,73.87343,0.2935487,0.388,0.407,0.431,7.802,9.052,0.602
2019-05-06 23:00:00,9.452,68.77912,0.37021548,0.389,0.407,0.431,7.252,8.802,0.602
2019-05-07 00:00:00,11.152,60.972176,0.518368,0.389,0.407,0.431,6.802,8.602,0.602
2019-05-07 01:00:00,11.302,60.581573,0.5287821,0.389,0.407,0.431,7.152,8.352,0.602
2019-05-07 02:00:00,12.252,76.04294,0.3421154,0.389,0.407,0.431,9.152,8.302,0.602
2019-05-07 03:00:00,16.902,49.631084,0.9708863,0.389,0.407,0.431,12.752,8.402,0.602
2019-05-07 04:00:00,20.302,39.43349,1.4438725,0.388,0.407,0.43,14.752,8.602,0.652
2019-05-07 05:00:00,22.552,30.957947,1.8888004,0.387,0.406,0.43,16.652,8.902,0.652
2019-05-07 06:00:00,23.652,27.098206,2.131397,0.385,0.406,0.43,18.352,9.252,0.652
2019-05-07 07:00:00,24.452,26.193272,2.2638385,0.383,0.405,0.43,19.552,9.652,0.652
2019-05-07 08:00:00,24.902,25.949839,2.3330913,0.381,0.404,0.43,20.502,10.052,0.652
2019-05-07 09:00:00,25.302,25.786648,2.3945007,0.38,0.403,0.43,21.052,10.502,0.652
2019-05-07 10:00:00,25.502,25.750769,2.4242442,0.378,0.403,0.429,21.252,10.902,0.652
2019-05-07 11:00:00,25.452,25.827381,2.4145732,0.376,0.402,0.429,21.002,11.252,0.70199996
2019-05-07 12:00:00,25.202,25.94057,2.375383,0.375,0.401,0.429,20.402,11.552,0.70199996
2019-05-07 13:00:00,24.602,26.980324,2.259819,0.375,0.401,0.429,19.452,11.802,0.70199996
2019-05-07 14:00:00,23.102,31.769024,1.9297225,0.374,0.401,0.429,18.002,11.952,0.70199996
2019-05-07 15:00:00,21.552,35.520508,1.6597729,0.374,0.401,0.429,15.902,11.952,0.70199996
2019-05-07 16:00:00,18.502,45.026463,1.1719005,0.375,0.401,0.429,14.152,11.902,0.70199996
2019-05-07 17:00:00,15.052,56.628216,0.74295324,0.375,0.401,0.429,12.902,11.752,0.752
2019-05-07 18:00:00,13.052,64.0231,0.5414172,0.375,0.401,0.429,11.902,11.602,0.752
2019-05-07 19:00:00,12.252,69.34913,0.4377222,0.375,0.401,0.429,11.102,11.402,0.752
2019-05-07 20:00:00,12.452,67.27883,0.47346485,0.375,0.401,0.429,10.352,11.152,0.752
2019-05-07 21:00:00,12.302,67.01601,0.47259587,0.375,0.401,0.429,9.602,10.902,0.752
2019-05-07 22:00:00,11.702,68.76251,0.43024462,0.375,0.401,0.429,9.002,10.652,0.752
2019-05-07 23:00:00,11.502,69.19785,0.4186843,0.375,0.401,0.429,8.502,10.402,0.802
2019-05-08 00:00:00,11.852,67.38412,0.45369583,0.375,0.401,0.429,8.052,10.102,0.802
2019-05-08 01:00:00,12.452,65.00056,0.50643677,0.376,0.401,0.429,8.502,9.852,0.802
2019-05-08 02:00:00,13.702,75.76937,0.38037097,0.376,0.401,0.429,10.502,9.752,0.802
2019-05-08 03:00:00,18.852,48.649876,1.1187983,0.376,0.401,0.429,14.152,9.852,0.802
2019-05-08 04:00:00,22.102,38.608425,1.63408,0.375,0.4,0.429,16.302,10.052,0.852
2019-05-08 05:00:00,24.302,31.77912,2.0736578,0.374,0.4,0.428,18.252,10.302,0.852
2019-05-08 06:00:00,25.502,28.188187,2.3445692,0.372,0.399,0.428,19.752,10.652,0.852
2019-05-08 07:00:00,26.202,25.315968,2.54146,0.37,0.398,0.428,21.002,11.002,0.852
2019-05-08 08:00:00,26.652,24.141743,2.6507463,0.368,0.398,0.428,21.952,11.402,0.902
2019-05-08 09:00:00,27.002,23.321224,2.735048,0.367,0.397,0.428,22.502,11.802,0.902
2019-05-08 10:00:00,27.152,22.875088,2.7752554,0.365,0.396,0.427,22.652,12.202,0.902
2019-05-08 11:00:00,27.102,22.543333,2.7790623,0.364,0.395,0.427,22.402,12.552,0.95199996
2019-05-08 12:00:00,26.852,22.39927,2.7437413,0.362,0.395,0.427,21.802,12.852,0.95199996
2019-05-08 13:00:00,26.352,21.647272,2.6901333,0.362,0.395,0.427,20.802,13.052,1.002
2019-05-08 14:00:00,24.802,26.10519,2.3143668,0.362,0.394,0.427,19.302,13.202,1.002
2019-05-08 15:00:00,22.402,32.575764,1.8278022,0.362,0.394,0.427,17.202,13.202,1.052
2019-05-08 16:00:00,17.302,49.911293,0.9902018,0.362,0.394,0.427,15.352,13.102,1.102
2019-05-08 17:00:00,15.102,55.674595,0.7617355,0.362,0.394,0.427,14.052,12.952,1.102
2019-05-08 18:00:00,13.752,60.540657,0.6215086,0.362,0.394,0.427,13.102,12.802,1.1520001
2019-05-08 19:00:00,13.502,61.74522,0.59282726,0.362,0.394,0.427,12.402,12.602,1.202
2019-05-08 20:00:00,12.802,63.74627,0.5367485,0.362,0.394,0.427,11.602,12.352,1.2520001
2019-05-08 21:00:00,11.802,68.31029,0.43936116,0.362,0.394,0.427,10.902,12.102,1.302
2019-05-08 22:00:00,11.052,71.78493,0.3722629,0.362,0.394,0.427,10.402,11.852,1.352
2019-05-08 23:00:00,10.952,72.512596,0.36026394,0.362,0.394,0.427,9.952,11.602,1.4020001
2019-05-09 00:00:00,12.202,66.53436,0.4763599,0.363,0.394,0.427,9.502,11.302,1.452
2019-05-09 01:00:00,13.252,62.75913,0.5677982,0.363,0.394,0.427,9.902,11.102,1.5020001
2019-05-09 02:00:00,15.152,61.920204,0.65647674,0.363,0.394,0.427,11.652,10.952,1.552
2019-05-09 03:00:00,19.352,46.360374,1.2056419,0.363,0.394,0.427,15.002,11.002,1.602
2019-05-09 04:00:00,22.552,36.4265,1.7390685,0.362,0.394,0.427,16.702,11.152,1.6520001
2019-05-09 05:00:00,24.952,30.673138,2.190621,0.361,0.393,0.426,18.602,11.402,1.702
2019-05-09 06:00:00,26.502,26.385128,2.5496728,0.359,0.392,0.426,20.152,11.702,1.7520001
2019-05-09 07:00:00,27.552,23.38419,2.822116,0.358,0.392,0.426,21.502,12.052,1.802
2019-05-09 08:00:00,27.802,22.964752,2.8792467,0.356,0.391,0.426,22.152,12.402,1.852
2019-05-09 09:00:00,28.202,22.90926,2.9491343,0.354,0.39,0.426,22.702,12.752,1.9020001
2019-05-09 10:00:00,28.402,23.04126,2.9784417,0.353,0.389,0.425,23.002,13.102,1.952
2019-05-09 11:00:00,27.952,24.150454,2.8597248,0.352,0.389,0.425,22.752,13.402,2.002
2019-05-09 12:00:00,26.302,27.92446,2.4670773,0.351,0.388,0.425,22.002,13.652,2.052
2019-05-09 13:00:00,25.252,32.156532,2.1822581,0.35,0.388,0.425,20.952,13.852,2.102
2019-05-09 14:00:00,23.452,37.439163,1.8069229,0.35,0.388,0.425,19.752,13.952,2.152
2019-05-09 15:00:00,21.202,43.22308,1.4304137,0.35,0.388,0.425,18.302,14.002,2.2020001
2019-05-09 16:00:00,19.052,49.706665,1.1094972,0.35,0.388,0.425,16.902,13.952,2.302
2019-05-09 17:00:00,17.552,53.691097,0.92998743,0.35,0.388,0.425,15.852,13.852,2.352
2019-05-09 18:00:00,16.252,57.125687,0.79297817,0.35,0.388,0.425,14.952,13.752,2.402
2019-05-09 19:00:00,15.552,53.90383,0.815354,0.35,0.388,0.425,14.202,13.602,2.4520001
2019-05-09 20:00:00,14.352,58.63431,0.6773456,0.35,0.388,0.425,13.452,13.402,2.502
2019-05-09 21:00:00,13.302,63.20432,0.56283873,0.35,0.388,0.425,12.752,13.202,2.552
2019-05-09 22:00:00,12.352,67.257706,0.47067374,0.35,0.388,0.425,12.102,12.952,2.602
2019-05-09 23:00:00,11.602,70.42094,0.4047205,0.35,0.388,0.425,11.552,12.702,2.652
2019-05-10 00:00:00,11.052,72.781364,0.3591146,0.35,0.388,0.425,11.052,12.502,2.7020001
2019-05-10 01:00:00,12.002,72.955124,0.37992382,0.35,0.388,0.425,11.352,12.252,2.752
2019-05-10 02:00:00,16.102,56.314194,0.8003148,0.35,0.388,0.425,12.952,12.152,2.752
2019-05-10 03:00:00,20.102,40.758537,1.3949423,0.35,0.387,0.425,15.252,12.152,2.802
2019-05-10 04:00:00,22.752,33.709213,1.8355641,0.349,0.387,0.424,17.102,12.252,2.852
2019-05-10 05:00:00,24.902,28.61228,2.249114,0.348,0.386,0.424,18.852,12.452,2.902
2019-05-10 06:00:00,26.402,24.844818,2.5878217,0.346,0.386,0.424,20.402,12.702,2.9520001
2019-05-10 07:00:00,27.102,23.75906,2.7353845,0.345,0.385,0.424,21.502,13.002,3.002
2019-05-10 08:00:00,25.902,27.910645,2.4100094,0.349,0.384,0.424,22.002,13.302,3.052
2019-05-10 09:00:00,26.052,26.630157,2.4746926,0.348,0.384,0.423,22.202,13.602,3.102
2019-05-10 10:00:00,25.752,27.201727,2.4122546,0.347,0.383,0.423,21.652,13.802,3.152
2019-05-10 11:00:00,25.452,27.979906,2.3444192,0.346,0.383,0.423,21.252,14.002,3.2020001
2019-05-10 12:00:00,25.002,29.039532,2.2489805,0.346,0.383,0.423,20.802,14.202,3.252
2019-05-10 13:00:00,24.202,31.424374,2.07202,0.345,0.382,0.423,20.102,14.302,3.302
2019-05-10 14:00:00,22.552,34.47606,1.7924718,0.345,0.382,0.423,19.102,14.402,3.352
2019-05-10 15:00:00,20.202,39.133392,1.4421093,0.344,0.382,0.423,17.802,14.402,3.402
2019-05-10 16:00:00,18.652,42.061012,1.2467825,0.344,0.382,0.423,16.702,14.352,3.4520001
2019-05-10 17:00:00,17.502,43.06425,1.1399121,0.344,0.382,0.423,15.852,14.252,3.502
2019-05-10 18:00:00,16.502,43.535595,1.0611724,0.344,0.382,0.423,15.152,14.102,3.552
2019-05-10 19:00:00,15.602,38.072205,1.098995,0.344,0.382,0.423,14.502,13.952,3.602
2019-05-10 20:00:00,14.602,37.371197,1.042299,0.344,0.382,0.423,13.852,13.802,3.602
2019-05-10 21:00:00,13.702,37.106125,0.9874912,0.344,0.382,0.423,13.252,13.602,3.652
2019-05-10 22:00:00,12.902,37.005245,0.93884337,0.344,0.382,0.423,12.702,13.402,3.7020001
2019-05-10 23:00:00,12.102,37.591034,0.88258183,0.344,0.382,0.423,12.152,13.202,3.752
2019-05-11 00:00:00,11.352,38.491295,0.8278572,0.344,0.382,0.423,11.652,12.952,3.802
2019-05-11 01:00:00,11.802,42.17468,0.80176836,0.344,0.382,0.423,11.652,12.752,3.852
2019-05-11 02:00:00,13.952,35.717587,1.0257969,0.344,0.382,0.423,12.602,12.602,3.852
2019-05-11 03:00:00,16.452,30.197044,1.3077698,0.343,0.381,0.422,14.152,12.552,3.902
2019-05-11 04:00:00,19.102,26.217949,1.6330762,0.342,0.381,0.422,16.001999,12.602,3.9520001
2019-05-11 05:00:00,21.252,22.954487,1.9474244,0.341,0.38,0.422,17.702,12.702,4.002
2019-05-11 06:00:00,22.852,21.672087,2.1823325,0.34,0.38,0.422,19.352,12.902,4.002
2019-05-11 07:00:00,24.202,25.850159,2.2406278,0.339,0.379,0.422,20.852,13.152,4.052
2019-05-11 08:00:00,24.952,26.51483,2.3221705,0.337,0.378,0.421,22.002,13.452,4.102
2019-05-11 09:00:00,25.552,26.586174,2.4040477,0.336,0.378,0.421,22.702,13.752,4.152
2019-05-11 10:00:00,25.802,26.10371,2.4559348,0.334,0.377,0.421,23.002,14.102,4.202
2019-05-11 11:00:00,25.702,25.985746,2.4453526,0.333,0.376,0.421,22.752,14.352,4.252
2019-05-11 12:00:00,25.352,25.981365,2.3953068,0.332,0.376,0.421,22.152,14.602,4.252
2019-05-11 13:00:00,24.602,26.326517,2.2800748,0.331,0.376,0.421,21.252,14.752,4.302
2019-05-11 14:00:00,22.802,28.526222,1.985209,0.331,0.376,0.42,19.952,14.852,4.352
2019-05-11 15:00:00,20.102,30.915056,1.6268841,0.331,0.375,0.42,18.302,14.852,4.402
2019-05-11 16:00:00,18.102,33.077206,1.39147,0.331,0.375,0.42,16.952,14.802,4.452
2019-05-11 17:00:00,16.502,35.818604,1.2062542,0.331,0.375,0.42,15.852,14.702,4.502
2019-05-11 18:00:00,15.052,39.298706,1.0399034,0.331,0.375,0.42,14.852,14.552,4.552
2019-05-11 19:00:00,13.952,44.043404,0.8929243,0.331,0.375,0.42,14.002,14.352,4.602
2019-05-11 20:00:00,12.702,49.338997,0.74520665,0.331,0.375,0.42,13.102,14.152,4.602
2019-05-11 21:00:00,11.852,52.92024,0.65492624,0.331,0.375,0.42,12.252,13.902,4.652
2019-05-11 22:00:00,12.052,51.3075,0.6863416,0.331,0.375,0.42,11.402,13.602,4.702
2019-05-11 23:00:00,12.902,46.992397,0.7899941,0.331,0.375,0.42,10.702,13.352,4.752
2019-05-12 00:00:00,12.502,49.107994,0.7388625,0.331,0.375,0.42,10.152,13.052,4.752
2019-05-12 01:00:00,12.552,50.539745,0.7204303,0.331,0.375,0.42,10.602,12.802,4.802
2019-05-12 02:00:00,14.752,57.53433,0.7135295,0.331,0.375,0.42,12.752,12.652,4.852
2019-05-12 03:00:00,18.902,33.308678,1.4577926,0.331,0.375,0.42,15.852,12.702,4.852
2019-05-12 04:00:00,21.852,27.079489,1.9119029,0.331,0.375,0.42,17.502,12.802,4.902
2019-05-12 05:00:00,23.852,26.679888,2.1695416,0.33,0.374,0.42,19.302,13.002,4.952
2019-05-12 06:00:00,24.702,29.36024,2.1991632,0.328,0.374,0.42,20.702,13.252,4.952
2019-05-12 07:00:00,25.002,33.427124,2.1097677,0.327,0.373,0.419,21.602,13.552,5.002
2019-05-12 08:00:00,25.202,31.706064,2.1902537,0.326,0.372,0.419,22.102,13.852,5.052
2019-05-12 09:00:00,25.402,29.251503,2.2961605,0.325,0.372,0.419,22.602,14.152,5.052
2019-05-12 10:00:00,25.202,27.239897,2.333661,0.323,0.371,0.419,22.652,14.402,5.102
2019-05-12 11:00:00,24.902,25.858948,2.335958,0.322,0.371,0.419,22.352,14.652,5.152
2019-05-12 12:00:00,24.252,25.321848,2.2633705,0.322,0.37,0.418,21.752,14.852,5.202
2019-05-12 13:00:00,23.152,25.746002,2.1065745,0.321,0.37,0.418,20.802,15.002,5.252
2019-05-12 14:00:00,21.502,27.46843,1.8615128,0.321,0.37,0.418,19.552,15.102,5.252
2019-05-12 15:00:00,19.102,31.182226,1.5231557,0.32,0.37,0.418,18.052,15.052,5.302
2019-05-12 16:00:00,17.302,34.662907,1.2917914,0.32,0.369,0.418,16.752,15.002,5.352
2019-05-12 17:00:00,16.001999,37.377907,1.1400769,0.32,0.369,0.418,15.752,14.902,5.402
2019-05-12 18:00:00,14.802,39.793186,1.0149801,0.32,0.369,0.418,14.852,14.752,5.452
2019-05-12 19:00:00,13.702,44.924133,0.86473024,0.32,0.369,0.418,14.102,14.552,5.452
2019-05-12 20:00:00,12.452,50.154305,0.7213016,0.32,0.369,0.418,13.302,14.352,5.502
2019-05-12 21:00:00,11.252,56.845596,0.5769919,0.32,0.369,0.418,12.502,14.152,5.552
2019-05-12 22:00:00,10.252,60.96993,0.48828596,0.32,0.369,0.418,11.702,13.852,5.552
2019-05-12 23:00:00,9.552,63.444874,0.4363925,0.32,0.369,0.418,11.052,13.602,5.602
2019-05-13 00:00:00,9.352,63.1741,0.4337594,0.32,0.369,0.418,10.652,13.352,5.652
2019-05-13 01:00:00,10.502,60.174057,0.50661707,0.32,0.369,0.418,10.952,13.102,5.652
2019-05-13 02:00:00,12.552,50.003883,0.7282367,0.32,0.369,0.418,12.152,12.952,5.702
2019-05-13 03:00:00,14.102,42.539265,0.9258818,0.32,0.369,0.418,13.552,12.852,5.702
2019-05-13 04:00:00,15.402,36.40615,1.1142087,0.32,0.369,0.418,15.002,12.852,5.752
2019-05-13 05:00:00,16.452,33.556175,1.2448254,0.319,0.368,0.418,16.352,12.902,5.752
2019-05-13 06:00:00,17.402,30.804546,1.3767596,0.318,0.368,0.417,17.552,13.002,5.802
2019-05-13 07:00:00,18.702,31.742714,1.4735365,0.317,0.367,0.417,18.652,13.202,5.802
2019-05-13 08:00:00,19.352,30.155739,1.5701072,0.316,0.367,0.417,19.552,13.402,5.852
2019-05-13 09:00:00,19.802,28.803156,1.6458272,0.315,0.366,0.417,20.052,13.602,5.852
2019-05-13 10:00:00,19.902,27.913435,1.6767497,0.314,0.366,0.417,20.202,13.802,5.902
2019-05-13 11:00:00,19.702,27.457642,1.6665905,0.314,0.365,0.417,20.002,13.952,5.952
2019-05-13 12:00:00,19.252,27.232225,1.625721,0.313,0.365,0.416,19.402,14.102,5.952
2019-05-13 13:00:00,18.502,27.12028,1.5538199,0.312,0.365,0.416,18.502,14.202,6.002
2019-05-13 14:00:00,17.252,28.079153,1.4175118,0.312,0.365,0.416,17.302,14.202,6.052
2019-05-13 15:00:00,15.202,31.07097,1.192303,0.312,0.365,0.416,15.802,14.152,6.052
2019-05-13 16:00:00,13.402,34.52404,1.008171,0.312,0.364,0.416,14.452,14.052,6.102
2019-05-13 17:00:00,11.902,38.229996,0.86212087,0.312,0.364,0.416,13.302,13.902,6.102
2019-05-13 18:00:00,10.452,47.659622,0.6636008,0.312,0.364,0.416,12.302,13.702,6.152
2019-05-13 19:00:00,10.152,47.574104,0.6515122,0.312,0.364,0.416,11.302,13.452,6.152
2019-05-13 20:00:00,10.402,44.455143,0.70188206,0.312,0.364,0.416,10.402,13.202,6.202
2019-05-13 21:00:00,9.302,52.417248,0.55857885,0.312,0.364,0.416,10.102,12.952,6.202
2019-05-13 22:00:00,8.652,59.50399,0.45500338,0.312,0.364,0.416,10.202,12.702,6.252
2019-05-13 23:00:00,9.052,51.219044,0.5630856,0.313,0.364,0.416,10.052,12.452,6.252
2019-05-14 00:00:00,9.402,47.533424,0.62005967,0.313,0.364,0.416,10.002,12.252,6.302
2019-05-14 01:00:00,10.552,47.515316,0.669878,0.313,0.364,0.416,10.352,12.052,6.302
2019-05-14 02:00:00,12.852,43.725677,0.83594775,0.312,0.364,0.416,11.402,11.952,6.302
2019-05-14 03:00:00,15.652,41.051224,1.0494655,0.313,0.364,0.416,13.102,11.902,6.352
2019-05-14 04:00:00,18.152,39.63986,1.2589014,0.312,0.364,0.416,14.752,11.952,6.352
2019-05-14 05:00:00,20.152,41.622627,1.3788317,0.312,0.364,0.416,16.352,12.102,6.352
2019-05-14 06:00:00,21.102,45.139336,1.3736626,0.312,0.363,0.415,17.402,12.252,6.402
2019-05-14 07:00:00,23.502,38.613117,1.7783251,0.311,0.363,0.415,18.852,12.502,6.402
2019-05-14 08:00:00,24.552,37.1207,1.9398795,0.313,0.362,0.415,20.152,12.752,6.452
2019-05-14 09:00:00,20.952,54.208755,1.1359353,0.328,0.362,0.415,19.702,13.002,6.452
2019-05-14 10:00:00,17.552,56.48936,0.8737674,0.329,0.362,0.415,18.402,13.152,6.502
2019-05-14 11:00:00,15.302,53.467457,0.81000334,0.329,0.362,0.415,17.252,13.252,6.502
2019-05-14 12:00:00,13.802,53.816498,0.7298089,0.329,0.362,0.415,16.602,13.352,6.502
2019-05-14 13:00:00,11.902,59.25738,0.5686296,0.329,0.362,0.415,15.502,13.352,6.552
2019-05-14 14:00:00,9.802,64.633064,0.42934304,0.328,0.362,0.415,14.002,13.252,6.552
2019-05-14 15:00:00,8.102,65.17042,0.3770231,0.328,0.362,0.415,12.652,13.102,6.602
2019-05-14 16:00:00,7.152,60.64949,0.39924788,0.328,0.362,0.415,11.552,12.952,6.602
2019-05-14 17:00:00,6.402,56.19434,0.4221391,0.328,0.362,0.415,10.652,12.752,6.652
2019-05-14 18:00:00,5.852,52.235363,0.44313475,0.328,0.362,0.415,9.852,12.502,6.652
2019-05-14 19:00:00,5.402,48.16013,0.46615928,0.328,0.362,0.415,9.252,12.252,6.652
2019-05-14 20:00:00,4.302,47.29744,0.43890658,0.328,0.362,0.415,8.502,11.952,6.702
2019-05-14 21:00:00,2.9520001,49.30371,0.38389176,0.328,0.362,0.415,7.652,11.652,6.702
2019-05-14 22:00:00,1.6520001,50.659245,0.3405796,0.328,0.362,0.415,6.802,11.352,6.702
2019-05-14 23:00:00,0.70199996,50.38565,0.31984848,0.328,0.362,0.415,6.052,11.002,6.702
2019-05-15 00:00:00,0.052,49.417118,0.3110955,0.328,0.362,0.415,5.402,10.702,6.752
2019-05-15 01:00:00,0.202,46.63109,0.331807,0.328,0.362,0.415,5.302,10.352,6.752
2019-05-15 02:00:00,1.002,41.811462,0.383275,0.328,0.362,0.415,5.802,10.052,6.752
2019-05-15 03:00:00,2.152,37.901165,0.444155,0.327,0.362,0.415,6.802,9.852,6.752
2019-05-15 04:00:00,3.552,34.050823,0.5209136,0.327,0.361,0.414,8.152,9.752,6.752
2019-05-15 05:00:00,5.002,30.64081,0.6064404,0.327,0.361,0.414,9.602,9.652,6.752
2019-05-15 06:00:00,6.452,27.82511,0.69772077,0.326,0.361,0.414,11.052,9.702,6.752
2019-05-15 07:00:00,7.602,28.387465,0.7490824,0.325,0.361,0.414,12.402,9.802,6.752
2019-05-15 08:00:00,8.702,26.552588,0.8278606,0.324,0.36,0.414,13.402,9.902,6.752
2019-05-15 09:00:00,9.402,25.528471,0.8799665,0.324,0.36,0.414,14.102,10.052,6.802
2019-05-15 10:00:00,9.852,24.964226,0.9138173,0.323,0.36,0.414,14.402,10.252,6.802
2019-05-15 11:00:00,10.002,24.521725,0.92848,0.322,0.359,0.414,14.252,10.402,6.802
2019-05-15 12:00:00,9.752,24.838041,0.9092369,0.322,0.359,0.413,13.652,10.502,6.802
2019-05-15 13:00:00,9.152,25.456648,0.86611456,0.321,0.359,0.413,12.702,10.552,6.802
2019-05-15 14:00:00,8.252,27.481804,0.79285324,0.321,0.359,0.413,11.402,10.502,6.802
2019-05-15 15:00:00,6.652,32.00302,0.66649044,0.321,0.359,0.413,9.952,10.452,6.802
2019-05-15 16:00:00,5.202,36.63961,0.56181675,0.321,0.359,0.413,8.602,10.302,6.852
2019-05-15 17:00:00,4.102,40.498055,0.48858833,0.321,0.359,0.413,7.552,10.102,6.852
2019-05-15 18:00:00,3.2020001,44.333282,0.42903003,0.321,0.359,0.413,6.702,9.902,6.852
2019-05-15 19:00:00,2.402,48.020515,0.37852213,0.321,0.359,0.413,5.952,9.652,6.852
2019-05-15 20:00:00,1.6520001,52.24547,0.3296372,0.321,0.359,0.413,5.252,9.402,6.852
2019-05-15 21:00:00,0.95199996,56.65068,0.2845684,0.321,0.359,0.413,4.652,9.102,6.852
2019-05-15 22:00:00,0.202,62.134342,0.23547015,0.321,0.359,0.413,4.052,8.852,6.852
2019-05-15 23:00:00,-0.54800004,67.901924,0.18902037,0.321,0.359,0.413,3.4520001,8.552,6.852
2019-05-16 00:00:00,-0.99799997,70.70462,0.16693896,0.321,0.359,0.413,2.9520001,8.252,6.852
2019-05-16 01:00:00,0.45200002,69.67732,0.19202283,0.321,0.359,0.413,3.502,8.002,6.852
2019-05-16 02:00:00,3.602,50.63478,0.39139074,0.321,0.359,0.413,5.402,7.852,6.852
2019-05-16 03:00:00,6.102,39.5606,0.57043636,0.321,0.359,0.413,7.252,7.802,6.802
2019-05-16 04:00:00,7.802,30.758444,0.73425126,0.32,0.358,0.413,9.252,7.852,6.802
2019-05-16 05:00:00,8.902,28.327188,0.8188721,0.32,0.358,0.413,10.902,8.002,6.802
2019-05-16 06:00:00,9.952,26.500135,0.9011474,0.319,0.358,0.413,12.402,8.202,6.802
2019-05-16 07:00:00,11.202,25.348999,0.99471986,0.318,0.357,0.413,13.752,8.452,6.802
2019-05-16 08:00:00,12.002,24.13745,1.0657138,0.317,0.357,0.412,14.902,8.702,6.802
2019-05-16 09:00:00,12.652,23.30836,1.1243459,0.316,0.357,0.412,15.702,9.052,6.802
2019-05-16 10:00:00,13.052,22.444073,1.1671484,0.316,0.356,0.412,16.001999,9.352,6.802
2019-05-16 11:00:00,13.202,21.968332,1.185855,0.315,0.356,0.412,15.852,9.602,6.802
2019-05-16 12:00:00,13.052,21.757786,1.177467,0.314,0.356,0.412,15.302,9.852,6.802
2019-05-16 13:00:00,12.602,21.805346,1.1426103,0.314,0.355,0.412,14.302,10.002,6.852
2019-05-16 14:00:00,11.702,25.688782,1.0234921,0.314,0.355,0.412,12.952,10.102,6.852
2019-05-16 15:00:00,10.002,30.119516,0.85968065,0.314,0.355,0.412,11.302,10.102,6.852
2019-05-16 16:00:00,8.002,35.000732,0.6987479,0.314,0.355,0.412,9.852,10.052,6.852
2019-05-16 17:00:00,6.502,38.92999,0.5925013,0.314,0.355,0.412,8.702,9.952,6.852
2019-05-16 18:00:00,5.452,42.341812,0.52025354,0.314,0.355,0.412,7.802,9.802,6.852
2019-05-16 19:00:00,4.702,45.643925,0.46551648,0.314,0.355,0.412,7.052,9.602,6.852
2019-05-16 20:00:00,4.102,47.600704,0.43030372,0.314,0.355,0.411,6.452,9.402,6.852
2019-05-16 21:00:00,3.602,49.302975,0.40194437,0.314,0.355,0.411,6.002,9.202,6.852
2019-05-16 22:00:00,3.2020001,50.520668,0.38137162,0.314,0.355,0.411,5.552,9.002,6.852
2019-05-16 23:00:00,2.802,52.16964,0.35836932,0.314,0.355,0.411,5.152,8.752,6.852
2019-05-17 00:00:00,2.602,53.117153,0.34632015,0.314,0.355,0.411,4.852,8.552,6.852
2019-05-17 01:00:00,3.852,52.265957,0.38518462,0.314,0.355,0.411,5.252,8.352,6.852
2019-05-17 02:00:00,6.502,44.467445,0.5388051,0.314,0.355,0.411,6.602,8.252,6.852
2019-05-17 03:00:00,9.302,36.894268,0.7407593,0.313,0.355,0.411,8.402,8.252,6.852
2019-05-17 04:00:00,11.902,30.449331,0.97068346,0.313,0.355,0.411,10.402,8.302,6.852
2019-05-17 05:00:00,13.752,24.534067,1.1886905,0.312,0.355,0.411,12.252,8.502,6.852
2019-05-17 06:00:00,15.152,21.65384,1.3508092,0.312,0.354,0.411,13.802,8.702,6.852
2019-05-17 07:00:00,16.552,20.106155,1.5063386,0.311,0.354,0.411,15.202,9.002,6.852
2019-05-17 08:00:00,17.702,18.48134,1.652902,0.31,0.353,0.411,16.352,9.352,6.852
2019-05-17 09:00:00,18.552,17.587887,1.7625564,0.309,0.353,0.41,17.102,9.652,6.852
2019-05-17 10:00:00,19.152,17.202295,1.8383515,0.308,0.352,0.41,17.502,10.002,6.852
2019-05-17 11:00:00,19.352,17.582996,1.8528078,0.307,0.352,0.41,17.452,10.302,6.852
2019-05-17 12:00:00,19.102,18.83401,1.7965299,0.307,0.352,0.41,17.002,10.602,6.852
2019-05-17 13:00:00,18.502,21.24376,1.6791252,0.306,0.352,0.41,16.302,10.802,6.852
2019-05-17 14:00:00,17.252,23.76978,1.5024499,0.306,0.351,0.41,15.302,10.952,6.902
2019-05-17 15:00:00,15.902,25.899225,1.3404944,0.306,0.351,0.41,14.252,11.052,6.902
2019-05-17 16:00:00,14.952,27.732346,1.2301283,0.306,0.351,0.41,13.402,11.102,6.902
2019-05-17 17:00:00,14.452,28.855642,1.1726115,0.306,0.351,0.41,12.802,11.102,6.902
2019-05-17 18:00:00,14.052,29.83396,1.1269557,0.305,0.351,0.41,12.402,11.102,6.902
2019-05-17 19:00:00,13.802,30.321747,1.1011281,0.305,0.351,0.41,12.102,11.102,6.952
2019-05-17 20:00:00,13.602,31.295755,1.0717252,0.305,0.351,0.41,11.952,11.102,6.952
2019-05-17 21:00:00,12.902,35.800865,0.95679116,0.306,0.351,0.409,11.702,11.052,6.952
2019-05-17 22:00:00,11.802,44.86126,0.7645188,0.307,0.351,0.409,11.302,11.002,6.952
2019-05-17 23:00:00,10.802,53.586613,0.6023213,0.309,0.351,0.409,10.852,10.902,6.952
2019-05-18 00:00:00,10.252,54.211136,0.57284623,0.31,0.351,0.409,10.252,10.852,7.002
2019-05-18 01:00:00,10.052,55.932987,0.54398847,0.313,0.351,0.409,10.002,10.752,7.002
2019-05-18 02:00:00,8.952,70.88454,0.33382535,0.335,0.351,0.409,9.652,10.602,7.002
2019-05-18 03:00:00,8.252,81.95366,0.19734216,0.357,0.351,0.409,9.452,10.502,7.002
2019-05-18 04:00:00,7.852,87.784676,0.12999684,0.369,0.351,0.409,9.302,10.402,7.002
2019-05-18 05:00:00,8.202,88.42356,0.12616128,0.393,0.352,0.409,9.452,10.302,7.002
2019-05-18 06:00:00,9.102,86.406425,0.15743428,0.401,0.352,0.409,9.802,10.202,7.002
2019-05-18 07:00:00,11.202,72.309586,0.3689887,0.403,0.352,0.409,10.602,10.202,7.002
2019-05-18 08:00:00,11.752,73.41039,0.36742854,0.406,0.352,0.409,11.302,10.202,7.002
2019-05-18 09:00:00,12.702,71.36175,0.42121673,0.408,0.352,0.409,11.902,10.252,7.052
2019-05-18 10:00:00,13.952,64.666,0.56377995,0.407,0.352,0.409,12.302,10.302,7.052
2019-05-18 11:00:00,13.952,68.51759,0.5023116,0.407,0.352,0.409,12.452,10.352,7.052
2019-05-18 12:00:00,13.752,73.02461,0.42484272,0.407,0.352,0.409,12.502,10.402,7.052
2019-05-18 13:00:00,12.402,79.754684,0.29196274,0.408,0.352,0.409,12.152,10.452,7.052
2019-05-18 14:00:00,9.902,84.735344,0.18654037,0.409,0.352,0.409,11.302,10.452,7.052
2019-05-18 15:00:00,8.102,85.119965,0.16106927,0.41,0.353,0.409,10.352,10.402,7.052
2019-05-18 16:00:00,7.552,83.30191,0.17411101,0.409,0.353,0.409,9.652,10.302,7.052
2019-05-18 17:00:00,7.302,83.27135,0.17147857,0.409,0.353,0.409,9.252,10.202,7.102
2019-05-18 18:00:00,7.002,85.29573,0.14766508,0.409,0.353,0.409,8.852,10.052,7.102
2019-05-18 19:00:00,6.852,88.30534,0.116240084,0.408,0.353,0.409,8.352,9.952,7.102
2019-05-18 20:00:00,5.802,93.29014,0.06204045,0.408,0.353,0.409,7.752,9.802,7.102
2019-05-18 21:00:00,4.952,95.562225,0.038681746,0.408,0.353,0.409,7.152,9.602,7.102
2019-05-18 22:00:00,4.352,96.554184,0.02880317,0.407,0.354,0.409,6.652,9.402,7.102
2019-05-18 23:00:00,3.802,97.22265,0.02233696,0.407,0.354,0.409,6.202,9.202,7.102
2019-05-19 00:00:00,3.502,97.21597,0.021922708,0.407,0.354,0.409,5.902,9.002,7.102
2019-05-19 01:00:00,4.752,94.887146,0.043949068,0.406,0.354,0.409,6.352,8.852,7.102
2019-05-19 02:00:00,7.302,84.44135,0.15948498,0.406,0.354,0.409,7.652,8.752,7.102
2019-05-19 03:00:00,10.002,70.34988,0.36478734,0.405,0.354,0.409,9.302,8.752,7.102
2019-05-19 04:00:00,12.352,54.000168,0.6612898,0.404,0.354,0.409,11.052,8.852,7.102
2019-05-19 05:00:00,14.202,38.768436,0.99305576,0.402,0.354,0.409,12.652,9.002,7.102
2019-05-19 06:00:00,15.702,31.909647,1.2161291,0.4,0.354,0.409,14.102,9.252,7.102
2019-05-19 07:00:00,17.052,28.751194,1.3866235,0.398,0.353,0.408,15.252,9.502,7.102
2019-05-19 08:00:00,17.102,28.243069,1.4009372,0.396,0.353,0.408,15.252,9.752,7.102
2019-05-19 09:00:00,17.302,27.684038,1.4298077,0.395,0.353,0.408,15.302,10.002,7.102
2019-05-19 10:00:00,17.452,27.523863,1.4466026,0.393,0.353,0.408,15.302,10.252,7.102
2019-05-19 11:00:00,17.252,29.554363,1.3884315,0.392,0.353,0.408,15.302,10.452,7.102
2019-05-19 12:00:00,16.802,30.519867,1.3309605,0.391,0.353,0.408,15.052,10.652,7.102
2019-05-19 13:00:00,14.502,43.888363,0.9278162,0.39,0.352,0.408,14.202,10.752,7.102
2019-05-19 14:00:00,11.952,61.807518,0.5347909,0.391,0.353,0.408,13.102,10.802,7.102
2019-05-19 15:00:00,10.652,71.46137,0.36666363,0.392,0.353,0.408,11.952,10.802,7.102
2019-05-19 16:00:00,9.602,76.39139,0.28277642,0.392,0.353,0.408,10.952,10.752,7.152
2019-05-19 17:00:00,8.452,78.63226,0.23685199,0.391,0.353,0.408,10.152,10.702,7.152
2019-05-19 18:00:00,7.152,80.10596,0.20184565,0.391,0.353,0.408,9.302,10.552,7.152
2019-05-19 19:00:00,5.852,85.169586,0.13759995,0.391,0.353,0.408,8.452,10.402,7.152
2019-05-19 20:00:00,5.202,85.39938,0.1294989,0.391,0.353,0.408,7.852,10.202,7.152
2019-05-19 21:00:00,4.352,86.83845,0.110015035,0.391,0.353,0.408,7.152,10.002,7.152
2019-05-19 22:00:00,3.652,88.01798,0.09535295,0.391,0.353,0.408,6.552,9.802,7.152
2019-05-19 23:00:00,3.152,88.60508,0.087537706,0.39,0.353,0.408,6.052,9.552,7.152
2019-05-20 00:00:00,2.902,88.5832,0.086167574,0.39,0.353,0.408,5.702,9.302,7.152
2019-05-20 01:00:00,4.202,87.44385,0.103857815,0.39,0.353,0.408,6.152,9.152,7.152
2019-05-20 02:00:00,7.102,77.32885,0.2292372,0.39,0.353,0.408,7.852,9.052,7.152
2019-05-20 03:00:00,9.752,61.500126,0.46581537,0.389,0.353,0.408,9.702,9.052,7.152
2019-05-20 04:00:00,11.852,43.75172,0.7824773,0.388,0.353,0.407,11.502,9.152,7.152
2019-05-20 05:00:00,13.352,33.381073,1.0224333,0.387,0.353,0.407,13.152,9.302,7.152
2019-05-20 06:00:00,14.602,29.441896,1.1742623,0.385,0.353,0.407,14.752,9.552,7.152
2019-05-20 07:00:00,14.602,34.62418,1.08802,0.384,0.353,0.407,15.002,9.802,7.152
2019-05-20 08:00:00,15.052,36.567085,1.0867082,0.383,0.352,0.407,15.502,10.052,7.152
2019-05-20 09:00:00,15.252,39.498344,1.049876,0.383,0.352,0.407,15.752,10.302,7.152
2019-05-20 10:00:00,16.052,40.300404,1.0903263,0.381,0.352,0.407,16.252,10.552,7.152
2019-05-20 11:00:00,16.302,42.122517,1.0739992,0.38,0.352,0.407,16.402,10.802,7.202
2019-05-20 12:00:00,16.102,42.66292,1.050507,0.38,0.352,0.407,15.802,11.002,7.202
2019-05-20 13:00:00,11.702,69.716995,0.41709632,0.399,0.352,0.406,14.252,11.102,7.202
2019-05-20 14:00:00,8.502,83.70619,0.18121952,0.408,0.352,0.406,12.402,11.102,7.202
2019-05-20 15:00:00,7.502,83.878235,0.16752928,0.409,0.352,0.406,11.002,11.052,7.202
2019-05-20 16:00:00,6.202,88.8671,0.10581982,0.408,0.352,0.406,9.802,10.902,7.202
2019-05-20 17:00:00,5.702,90.7126,0.085280776,0.408,0.352,0.406,9.002,10.752,7.252
2019-05-20 18:00:00,5.302,91.32302,0.07749629,0.408,0.352,0.406,8.402,10.602,7.252
2019-05-20 19:00:00,4.152,89.96073,0.08274907,0.407,0.352,0.406,7.652,10.402,7.252
2019-05-20 20:00:00,3.402,91.52,0.06630558,0.407,0.353,0.406,7.052,10.152,7.252
2019-05-20 21:00:00,2.802,92.46747,0.056450248,0.407,0.353,0.406,6.452,9.902,7.252
2019-05-20 22:00:00,2.302,93.10375,0.04987824,0.406,0.353,0.406,5.952,9.702,7.252
2019-05-20 23:00:00,1.802,93.412315,0.045976877,0.406,0.353,0.406,5.502,9.452,7.252
2019-05-21 00:00:00,1.552,93.73679,0.0429371,0.406,0.353,0.406,5.152,9.152,7.252
2019-05-21 01:00:00,2.7020001,91.1464,0.06588161,0.405,0.353,0.406,5.502,8.952,7.252
2019-05-21 02:00:00,4.852,81.79304,0.15759754,0.405,0.353,0.406,6.752,8.802,7.252
2019-05-21 03:00:00,7.152,70.028625,0.3040915,0.405,0.353,0.406,8.202,8.752,7.252
2019-05-21 04:00:00,9.202,52.011044,0.55956924,0.404,0.353,0.406,9.952,8.802,7.252
2019-05-21 05:00:00,10.452,42.710785,0.72633815,0.402,0.353,0.406,11.352,8.902,7.252
2019-05-21 06:00:00,11.502,36.725727,0.8601061,0.401,0.353,0.406,12.452,9.052,7.252
2019-05-21 07:00:00,11.852,34.448174,0.91188294,0.399,0.353,0.406,12.902,9.252,7.252
2019-05-21 08:00:00,12.352,31.990948,0.9776913,0.398,0.353,0.406,13.252,9.402,7.202
2019-05-21 09:00:00,12.702,30.915455,1.016202,0.396,0.353,0.406,13.502,9.602,7.252
2019-05-21 10:00:00,12.652,30.212156,1.0231879,0.395,0.353,0.406,13.302,9.752,7.252
2019-05-21 11:00:00,12.852,30.384575,1.0341091,0.394,0.352,0.406,13.452,9.902,7.252
2019-05-21 12:00:00,12.902,29.277647,1.0539863,0.393,0.352,0.405,13.252,10.002,7.252
2019-05-21 13:00:00,12.452,30.958076,0.99907035,0.392,0.352,0.405,12.752,10.102,7.252
2019-05-21 14:00:00,11.402,37.383038,0.84556323,0.392,0.352,0.405,11.902,10.152,7.252
2019-05-21 15:00:00,9.902,42.54891,0.7021152,0.391,0.352,0.405,10.652,10.152,7.252
2019-05-21 16:00:00,8.202,48.96293,0.55621207,0.391,0.352,0.405,9.402,10.052,7.252
2019-05-21 17:00:00,6.602,56.04096,0.42948675,0.391,0.352,0.405,8.352,9.902,7.252
2019-05-21 18:00:00,5.252,62.43065,0.33436155,0.391,0.352,0.405,7.402,9.752,7.252
2019-05-21 19:00:00,4.202,66.930626,0.27351654,0.39,0.353,0.405,6.652,9.552,7.252
2019-05-21 20:00:00,3.352,71.314026,0.22349322,0.39,0.353,0.405,5.952,9.352,7.252
2019-05-21 21:00:00,2.652,74.93531,0.18584025,0.39,0.353,0.405,5.402,9.102,7.252
2019-05-21 22:00:00,1.952,79.05202,0.14776742,0.39,0.353,0.405,4.852,8.852,7.252
2019-05-21 23:00:00,1.352,82.822205,0.11607939,0.39,0.353,0.405,4.352,8.602,7.252
2019-05-22 00:00:00,1.1520001,85.57131,0.09611267,0.39,0.353,0.405,4.102,8.352,7.252
2019-05-22 01:00:00,2.9520001,80.94811,0.14429992,0.39,0.353,0.405,4.852,8.152,7.252
2019-05-22 02:00:00,5.202,74.306435,0.22788382,0.39,0.353,0.405,6.252,8.052,7.252
2019-05-22 03:00:00,6.902,68.737946,0.3118013,0.39,0.353,0.405,7.702,8.002,7.202
2019-05-22 04:00:00,8.302,59.63093,0.44295573,0.389,0.353,0.405,9.252,8.052,7.202
2019-05-22 05:00:00,9.202,56.5181,0.5070176,0.388,0.353,0.405,10.552,8.202,7.202
2019-05-22 06:00:00,10.002,54.92724,0.55454737,0.387,0.353,0.405,11.752,8.352,7.202
2019-05-22 07:00:00,10.502,55.65207,0.564144,0.387,0.353,0.405,12.602,8.552,7.202
2019-05-22 08:00:00,11.002,54.995007,0.59184986,0.387,0.352,0.405,13.302,8.752,7.202
2019-05-22 09:00:00,11.352,53.733875,0.6227079,0.386,0.352,0.405,13.752,9.002,7.202
2019-05-22 10:00:00,11.352,52.785385,0.63547486,0.386,0.352,0.405,13.752,9.202,7.202
2019-05-22 11:00:00,11.252,51.824448,0.64413226,0.385,0.352,0.404,13.552,9.402,7.202
2019-05-22 12:00:00,10.502,53.89069,0.58655113,0.386,0.352,0.404,12.952,9.552,7.202
2019-05-22 13:00:00,10.002,52.60821,0.58307916,0.386,0.352,0.404,12.152,9.652,7.202
2019-05-22 14:00:00,9.152,54.899372,0.52412474,0.386,0.352,0.404,11.152,9.702,7.202
2019-05-22 15:00:00,8.102,58.51565,0.44905722,0.385,0.352,0.404,10.052,9.652,7.202
2019-05-22 16:00:00,6.802,64.17767,0.35483974,0.385,0.352,0.404,8.952,9.602,7.202
2019-05-22 17:00:00,5.852,69.014465,0.28748673,0.385,0.352,0.404,8.102,9.452,7.202
2019-05-22 18:00:00,5.152,72.97157,0.23889041,0.385,0.352,0.404,7.352,9.352,7.202
2019-05-22 19:00:00,4.752,73.958084,0.2238459,0.385,0.352,0.404,6.852,9.152,7.202
2019-05-22 20:00:00,3.852,78.484665,0.1736412,0.385,0.352,0.404,6.202,9.002,7.202
2019-05-22 21:00:00,3.052,81.55062,0.14072955,0.385,0.352,0.404,5.552,8.802,7.202
2019-05-22 22:00:00,2.652,82.09,0.1327964,0.384,0.352,0.404,5.102,8.602,7.202
2019-05-22 23:00:00,2.502,81.47562,0.13589543,0.384,0.352,0.404,4.852,8.352,7.202
2019-05-23 00:00:00,2.602,79.43996,0.15190357,0.384,0.352,0.404,4.752,8.152,7.202
2019-05-23 01:00:00,3.802,75.41157,0.19774461,0.384,0.353,0.404,5.302,8.002,7.202
2019-05-23 02:00:00,6.302,64.762245,0.3372519,0.384,0.353,0.404,6.752,7.952,7.152
2019-05-23 03:00:00,8.702,56.184566,0.4939648,0.383,0.352,0.404,8.452,7.952,7.152
2019-05-23 04:00:00,11.002,47.12889,0.69529873,0.382,0.352,0.404,10.552,8.052,7.152
2019-05-23 05:00:00,12.202,42.44571,0.8193011,0.382,0.352,0.404,11.952,8.252,7.152
2019-05-23 06:00:00,13.152,37.488544,0.94697356,0.381,0.352,0.404,12.752,8.452,7.152
2019-05-23 07:00:00,14.352,32.579655,1.1040841,0.38,0.352,0.404,13.652,8.702,7.152
2019-05-23 08:00:00,15.552,28.638266,1.2623866,0.379,0.351,0.404,14.652,9.002,7.152
2019-05-23 09:00:00,16.152,26.163885,1.3571749,0.377,0.351,0.403,15.002,9.252,7.152
2019-05-23 10:00:00,16.402,24.899664,1.4025517,0.376,0.351,0.403,14.902,9.502,7.152
2019-05-23 11:00:00,16.952,23.68762,1.4758012,0.375,0.351,0.403,15.152,9.752,7.152
2019-05-23 12:00:00,17.252,22.896036,1.5196688,0.373,0.351,0.403,15.152,10.002,7.152
2019-05-23 13:00:00,17.102,26.236515,1.4401151,0.372,0.35,0.403,14.752,10.202,7.152
2019-05-23 14:00:00,15.602,36.464798,1.1275268,0.372,0.35,0.403,14.102,10.352,7.152
2019-05-23 15:00:00,12.902,41.583874,0.8706066,0.372,0.35,0.403,12.652,10.402,7.152
2019-05-23 16:00:00,11.152,44.187714,0.74131316,0.372,0.35,0.403,11.402,10.402,7.202
2019-05-23 17:00:00,10.252,46.74372,0.6662651,0.372,0.35,0.403,10.552,10.352,7.202
2019-05-23 18:00:00,9.852,49.789677,0.6115849,0.371,0.35,0.403,9.952,10.302,7.202
2019-05-23 19:00:00,10.302,54.614277,0.56969994,0.371,0.35,0.403,9.652,10.202,7.202
2019-05-23 20:00:00,10.152,59.452198,0.50389946,0.372,0.351,0.403,9.502,10.152,7.202
2019-05-23 21:00:00,10.002,68.89223,0.3827225,0.374,0.351,0.403,9.552,10.052,7.202
2019-05-23 22:00:00,9.502,79.062874,0.2490992,0.377,0.351,0.403,9.352,9.952,7.202
2019-05-23 23:00:00,9.452,82.10936,0.21213794,0.378,0.351,0.403,9.152,9.902,7.202
2019-05-24 00:00:00,9.652,82.13513,0.21469408,0.377,0.351,0.403,9.052,9.802,7.202
2019-05-24 01:00:00,10.702,77.62872,0.2883752,0.377,0.351,0.403,9.352,9.752,7.202
2019-05-24 02:00:00,12.902,68.3025,0.47235644,0.377,0.351,0.403,10.402,9.752,7.202
2019-05-24 03:00:00,15.402,53.49385,0.81474775,0.376,0.351,0.403,12.102,9.802,7.202
2019-05-24 04:00:00,17.752,43.285954,1.1534822,0.375,0.35,0.403,13.952,10.002,7.202
2019-05-24 05:00:00,19.952,37.077744,1.4680024,0.374,0.35,0.402,15.752,10.252,7.252
2019-05-24 06:00:00,21.852,32.08088,1.7806747,0.372,0.35,0.402,17.452,10.552,7.252
2019-05-24 07:00:00,23.302,25.878702,2.1219127,0.369,0.349,0.402,18.702,10.902,7.252
2019-05-24 08:00:00,23.902,23.831863,2.2606688,0.367,0.349,0.402,19.652,11.302,7.252
2019-05-24 09:00:00,24.152,23.061306,2.318035,0.365,0.348,0.402,20.202,11.652,7.252
2019-05-24 10:00:00,24.252,23.005465,2.3336453,0.362,0.348,0.402,20.452,12.052,7.252
2019-05-24 11:00:00,24.002,22.939325,2.3009405,0.361,0.347,0.401,20.202,12.402,7.302
2019-05-24 12:00:00,23.452,24.926636,2.1686978,0.359,0.347,0.401,19.702,12.652,7.302
2019-05-24 13:00:00,22.202,28.158287,1.9241475,0.358,0.347,0.401,18.802,12.902,7.302
2019-05-24 14:00:00,20.552,31.821842,1.6506864,0.358,0.347,0.401,17.802,13.052,7.352
2019-05-24 15:00:00,18.752,35.084087,1.4057513,0.357,0.347,0.401,16.652,13.152,7.352
2019-05-24 16:00:00,17.152,38.11691,1.2119415,0.357,0.347,0.401,15.552,13.152,7.352
2019-05-24 17:00:00,16.552,39.73586,1.1362115,0.357,0.347,0.401,14.852,13.152,7.402
2019-05-24 18:00:00,16.302,40.804226,1.0984702,0.357,0.347,0.401,14.402,13.152,7.402
2019-05-24 19:00:00,15.852,41.844284,1.0486571,0.356,0.347,0.401,14.052,13.102,7.402
2019-05-24 20:00:00,15.252,43.33015,0.9833675,0.356,0.347,0.401,13.702,13.052,7.452
2019-05-24 21:00:00,14.552,45.327595,0.9069336,0.356,0.347,0.401,13.302,12.952,7.452
2019-05-24 22:00:00,14.002,46.969494,0.84896857,0.356,0.347,0.401,12.952,12.902,7.452
2019-05-24 23:00:00,13.602,48.376472,0.8052691,0.356,0.347,0.401,12.652,12.802,7.502
2019-05-25 00:00:00,13.452,49.37237,0.782067,0.355,0.347,0.401,12.452,12.702,7.502
2019-05-25 01:00:00,14.102,49.902073,0.8072202,0.355,0.347,0.401,12.702,12.602,7.502
2019-05-25 02:00:00,15.452,48.550972,0.90426344,0.355,0.347,0.401,13.452,12.552,7.552
2019-05-25 03:00:00,17.202,43.735435,1.1053494,0.354,0.347,0.401,14.702,12.602,7.552
2019-05-25 04:00:00,18.702,40.077007,1.2935318,0.353,0.347,0.401,15.852,12.702,7.552
2019-05-25 05:00:00,20.402,36.060368,1.5337666,0.352,0.346,0.4,17.352,12.852,7.552
2019-05-25 06:00:00,21.202,33.734543,1.6696601,0.35,0.346,0.4,18.402,13.052,7.602
2019-05-25 07:00:00,19.952,34.32921,1.5321681,0.351,0.346,0.4,18.802,13.252,7.602
2019-05-25 08:00:00,18.852,39.289875,1.322855,0.35,0.345,0.4,18.702,13.402,7.602
2019-05-25 09:00:00,15.152,60.050194,0.68872476,0.35,0.345,0.4,17.552,13.552,7.652
2019-05-25 10:00:00,11.452,77.21727,0.3086456,0.355,0.345,0.4,15.952,13.552,7.652
2019-05-25 11:00:00,8.752,78.1326,0.24735749,0.356,0.345,0.4,14.352,13.502,7.702
2019-05-25 12:00:00,7.502,67.887535,0.33370066,0.356,0.345,0.4,13.102,13.402,7.702
2019-05-25 13:00:00,8.002,57.858906,0.45307702,0.356,0.345,0.4,12.402,13.252,7.702
2019-05-25 14:00:00,8.352,51.024532,0.5392062,0.355,0.345,0.4,11.802,13.102,7.702
2019-05-25 15:00:00,7.852,51.449123,0.51668435,0.355,0.345,0.4,11.052,12.952,7.752
2019-05-25 16:00:00,6.852,54.885174,0.44841063,0.355,0.345,0.4,10.102,12.702,7.752
2019-05-25 17:00:00,5.952,58.82391,0.38467377,0.355,0.345,0.4,9.302,12.452,7.752
2019-05-25 18:00:00,5.252,61.747284,0.34044236,0.355,0.345,0.4,8.652,12.202,7.802
2019-05-25 19:00:00,4.052,64.00636,0.29458225,0.355,0.345,0.4,7.902,11.902,7.802
2019-05-25 20:00:00,3.402,66.018234,0.2656815,0.355,0.345,0.4,7.302,11.652,7.802
2019-05-25 21:00:00,2.852,67.3771,0.24532664,0.355,0.345,0.4,6.752,11.352,7.802
2019-05-25 22:00:00,2.352,68.52904,0.22840604,0.354,0.346,0.4,6.252,11.002,7.802
2019-05-25 23:00:00,1.852,70.48994,0.2066719,0.354,0.346,0.4,5.802,10.702,7.802
2019-05-26 00:00:00,1.602,71.76126,0.1942631,0.354,0.346,0.4,5.452,10.402,7.802
2019-05-26 01:00:00,2.9520001,69.1656,0.23352867,0.354,0.346,0.4,6.002,10.152,7.802
2019-05-26 02:00:00,5.352,57.597317,0.37999988,0.354,0.346,0.4,7.552,10.002,7.802
2019-05-26 03:00:00,7.652,45.820694,0.56876564,0.353,0.345,0.4,9.302,9.902,7.802
2019-05-26 04:00:00,9.202,33.02093,0.780926,0.353,0.345,0.4,11.052,9.952,7.802
2019-05-26 05:00:00,10.052,32.15652,0.8374337,0.352,0.345,0.399,12.352,10.002,7.802
2019-05-26 06:00:00,11.102,30.213818,0.92379606,0.35,0.345,0.399,13.652,10.152,7.802
2019-05-26 07:00:00,11.852,29.97756,0.9740493,0.349,0.344,0.399,14.802,10.352,7.802
2019-05-26 08:00:00,12.652,29.426039,1.034709,0.348,0.344,0.399,15.852,10.602,7.802
2019-05-26 09:00:00,13.302,28.415665,1.0950472,0.346,0.344,0.399,16.502,10.852,7.802
2019-05-26 10:00:00,13.752,28.01443,1.1338941,0.345,0.343,0.399,16.852,11.102,7.802
2019-05-26 11:00:00,14.052,27.371195,1.1665001,0.344,0.343,0.399,16.802,11.352,7.852
2019-05-26 12:00:00,14.102,26.976131,1.1766474,0.343,0.343,0.399,16.352,11.502,7.852
2019-05-26 13:00:00,14.052,26.759214,1.1763258,0.342,0.343,0.398,15.552,11.652,7.852
2019-05-26 14:00:00,13.202,33.336803,1.0131598,0.342,0.343,0.398,14.402,11.752,7.852
2019-05-26 15:00:00,11.252,38.31956,0.8246906,0.342,0.343,0.398,12.852,11.752,7.852
2019-05-26 16:00:00,9.502,41.189243,0.69970566,0.342,0.343,0.398,11.452,11.652,7.852
2019-05-26 17:00:00,8.402,43.381863,0.6254452,0.341,0.343,0.398,10.452,11.552,7.852
2019-05-26 18:00:00,7.402,46.090485,0.5563604,0.341,0.343,0.398,9.552,11.402,7.902
2019-05-26 19:00:00,7.002,47.36902,0.5285043,0.341,0.343,0.398,8.852,11.202,7.902
2019-05-26 20:00:00,6.352,48.79764,0.49170187,0.341,0.343,0.398,8.252,11.002,7.902
2019-05-26 21:00:00,5.752,50.671654,0.4544808,0.341,0.343,0.398,7.702,10.802,7.902
2019-05-26 22:00:00,5.152,52.825275,0.41691568,0.341,0.343,0.398,7.202,10.602,7.902
2019-05-26 23:00:00,4.602,55.508217,0.37841588,0.341,0.343,0.398,6.752,10.352,7.902
2019-05-27 00:00:00,4.302,58.1841,0.34827444,0.341,0.343,0.398,6.452,10.102,7.902
2019-05-27 01:00:00,5.852,59.88744,0.37215757,0.341,0.343,0.398,7.052,9.952,7.902
2019-05-27 02:00:00,9.102,50.124947,0.57765645,0.341,0.343,0.398,8.802,9.852,7.902
2019-05-27 03:00:00,12.102,42.109108,0.8186924,0.34,0.343,0.398,10.902,9.852,7.902
2019-05-27 04:00:00,14.452,33.5817,1.0947232,0.339,0.342,0.398,12.952,10.002,7.902
2019-05-27 05:00:00,15.802,28.49851,1.2852428,0.338,0.342,0.398,14.702,10.202,7.902
2019-05-27 06:00:00,16.802,26.9386,1.3995705,0.337,0.342,0.398,16.202,10.452,7.902
2019-05-27 07:00:00,18.052,25.829805,1.5373738,0.335,0.341,0.398,17.552,10.752,7.902
2019-05-27 08:00:00,18.802,25.101444,1.6270845,0.334,0.341,0.397,18.652,11.102,7.902
2019-05-27 09:00:00,19.402,24.35822,1.7057788,0.332,0.341,0.397,19.302,11.452,7.902
2019-05-27 10:00:00,19.802,23.848003,1.760422,0.331,0.34,0.397,19.652,11.802,7.902
2019-05-27 11:00:00,20.002,23.554316,1.789218,0.33,0.34,0.397,19.602,12.102,7.902
2019-05-27 12:00:00,19.852,23.600288,1.7716253,0.329,0.34,0.397,19.152,12.402,7.952
2019-05-27 13:00:00,19.402,25.639027,1.676887,0.328,0.339,0.397,18.352,12.602,7.952
2019-05-27 14:00:00,17.952,33.630257,1.3670348,0.328,0.339,0.396,17.152,12.752,7.952
2019-05-27 15:00:00,15.552,39.44475,1.0711988,0.327,0.339,0.396,15.552,12.852,7.952
2019-05-27 16:00:00,13.402,43.414913,0.87126994,0.327,0.339,0.396,14.002,12.802,8.002
2019-05-27 17:00:00,12.002,45.737232,0.76235056,0.327,0.339,0.396,12.902,12.752,8.002
2019-05-27 18:00:00,11.102,46.647964,0.706292,0.327,0.339,0.396,12.002,12.652,8.002
2019-05-27 19:00:00,10.702,46.028343,0.69576627,0.327,0.339,0.396,11.302,12.502,8.002
2019-05-27 20:00:00,10.152,46.375244,0.6664094,0.327,0.339,0.396,10.752,12.352,8.052
2019-05-27 21:00:00,9.752,46.60001,0.64608985,0.327,0.339,0.396,10.252,12.202,8.052
2019-05-27 22:00:00,9.402,47.186417,0.62416005,0.327,0.339,0.396,9.902,12.002,8.052
2019-05-27 23:00:00,9.102,48.14876,0.6005417,0.327,0.339,0.396,9.552,11.802,8.052
2019-05-28 00:00:00,9.052,49.38406,0.5842646,0.327,0.339,0.396,9.402,11.652,8.052
2019-05-28 01:00:00,10.452,50.319595,0.6298772,0.326,0.339,0.396,9.952,11.502,8.052
2019-05-28 02:00:00,13.202,46.909943,0.80686784,0.326,0.339,0.396,11.452,11.452,8.052
2019-05-28 03:00:00,16.152,42.07927,1.0645893,0.326,0.339,0.396,13.452,11.502,8.052
2019-05-28 04:00:00,18.752,39.674286,1.3063005,0.325,0.339,0.396,15.502,11.652,8.102
2019-05-28 05:00:00,21.052,37.653305,1.5564792,0.324,0.338,0.396,17.502,11.852,8.102
2019-05-28 06:00:00,22.952,35.55365,1.8061547,0.323,0.338,0.396,19.302,12.152,8.102
2019-05-28 07:00:00,24.852,30.330061,2.1884089,0.321,0.338,0.396,20.802,12.552,8.102
2019-05-28 08:00:00,25.702,27.47235,2.3961778,0.32,0.337,0.395,21.752,12.902,8.102
2019-05-28 09:00:00,26.052,25.990215,2.4963045,0.318,0.337,0.395,22.202,13.302,8.152
2019-05-28 10:00:00,26.152,25.479553,2.5284224,0.317,0.336,0.395,22.352,13.652,8.152
2019-05-28 11:00:00,26.302,25.079247,2.5645943,0.316,0.336,0.395,22.452,14.002,8.152
2019-05-28 12:00:00,26.102,25.466059,2.5214334,0.315,0.336,0.395,22.252,14.302,8.202
2019-05-28 13:00:00,25.102,29.88125,2.2355251,0.314,0.335,0.394,21.502,14.552,8.202
2019-05-28 14:00:00,22.952,33.99987,1.8497417,0.314,0.335,0.394,20.302,14.702,8.202
2019-05-28 15:00:00,20.952,34.980934,1.6133204,0.314,0.335,0.394,18.952,14.852,8.252
2019-05-28 16:00:00,19.452,34.670773,1.477705,0.314,0.335,0.394,17.802,14.852,8.252
2019-05-28 17:00:00,18.402,34.002037,1.3982712,0.314,0.335,0.394,16.952,14.852,8.302
2019-05-28 18:00:00,17.402,33.590927,1.3213041,0.313,0.335,0.394,16.152,14.852,8.302
2019-05-28 19:00:00,16.652,30.92437,1.310683,0.313,0.335,0.394,15.502,14.752,8.302
2019-05-28 20:00:00,16.102,31.677763,1.251828,0.313,0.335,0.394,15.002,14.702,8.352
2019-05-28 21:00:00,15.652,32.840496,1.1956732,0.313,0.335,0.394,14.602,14.602,8.352
2019-05-28 22:00:00,15.152,34.659573,1.1266036,0.313,0.335,0.394,14.252,14.452,8.402
2019-05-28 23:00:00,14.652,37.25083,1.0476742,0.313,0.335,0.394,13.902,14.352,8.402
2019-05-29 00:00:00,14.202,40.92216,0.9581223,0.313,0.335,0.394,13.602,14.252,8.402
2019-05-29 01:00:00,15.002,44.97668,0.93958604,0.312,0.335,0.394,13.952,14.102,8.452
2019-05-29 02:00:00,16.102,47.064323,0.96983916,0.312,0.335,0.394,14.602,14.052,8.452
2019-05-29 03:00:00,17.752,44.505394,1.1286688,0.312,0.335,0.394,15.752,14.052,8.452
2019-05-29 04:00:00,19.252,42.818672,1.2773366,0.311,0.335,0.394,16.902,14.102,8.452
2019-05-29 05:00:00,20.502,42.587227,1.3856055,0.311,0.335,0.394,18.002,14.202,8.502
2019-05-29 06:00:00,20.202,49.51512,1.1959863,0.313,0.335,0.394,18.552,14.352,8.502
2019-05-29 07:00:00,22.902,45.943096,1.5101731,0.312,0.334,0.394,20.002,14.502,8.502
2019-05-29 08:00:00,23.302,46.66774,1.5263007,0.312,0.334,0.394,21.352,14.752,8.552
2019-05-29 09:00:00,23.452,47.018692,1.5300016,0.311,0.334,0.393,21.752,15.002,8.552
2019-05-29 10:00:00,24.152,45.67934,1.63601,0.31,0.333,0.393,22.652,15.252,8.602
2019-05-29 11:00:00,23.052,52.64072,1.3349545,0.313,0.333,0.393,22.452,15.502,8.602
2019-05-29 12:00:00,21.302,62.09915,0.96045756,0.315,0.333,0.393,21.202,15.652,8.602
2019-05-29 13:00:00,20.302,66.903336,0.7887217,0.315,0.333,0.393,20.152,15.802,8.652
2019-05-29 14:00:00,19.202,72.56198,0.61079633,0.315,0.333,0.393,19.202,15.852,8.652
2019-05-29 15:00:00,18.102,77.228455,0.4732561,0.315,0.333,0.393,18.252,15.852,8.702
2019-05-29 16:00:00,17.002,81.71055,0.35465944,0.315,0.333,0.393,17.252,15.802,8.702
2019-05-29 17:00:00,15.702,89.33875,0.1903323,0.315,0.333,0.393,16.352,15.702,8.752
2019-05-29 18:00:00,14.702,92.52051,0.1252333,0.315,0.333,0.393,15.502,15.602,8.752
2019-05-29 19:00:00,15.402,86.453255,0.2372582,0.315,0.333,0.393,15.052,15.452,8.802
2019-05-29 20:00:00,13.752,93.07514,0.10904372,0.316,0.333,0.393,14.402,15.302,8.802
2019-05-29 21:00:00,13.402,93.97791,0.09269643,0.316,0.333,0.393,14.102,15.152,8.802
2019-05-29 22:00:00,13.052,94.27152,0.08618963,0.316,0.333,0.393,13.902,15.002,8.852
2019-05-29 23:00:00,12.552,94.56134,0.0791986,0.316,0.333,0.393,13.602,14.852,8.852
2019-05-30 00:00:00,12.052,94.85427,0.072514534,0.316,0.333,0.393,13.302,14.702,8.852
2019-05-30 01:00:00,12.752,92.41022,0.111981034,0.316,0.333,0.393,13.552,14.552,8.902
2019-05-30 02:00:00,14.602,83.855,0.26861084,0.316,0.333,0.393,14.602,14.452,8.902
2019-05-30 03:00:00,16.552,72.559166,0.5172187,0.316,0.333,0.393,16.001999,14.452,8.902
2019-05-30 04:00:00,18.552,57.505245,0.90859616,0.315,0.333,0.393,17.652,14.502,8.902
2019-05-30 05:00:00,20.052,42.459682,1.3506823,0.315,0.333,0.393,19.252,14.652,8.952
2019-05-30 06:00:00,20.702,37.683018,1.5226694,0.313,0.332,0.392,20.352,14.852,8.952
2019-05-30 07:00:00,21.602,34.682964,1.6864898,0.312,0.332,0.392,21.352,15.052,8.952
2019-05-30 08:00:00,21.852,32.989468,1.7568346,0.311,0.332,0.392,21.952,15.302,9.002
2019-05-30 09:00:00,22.152,31.831293,1.8201551,0.31,0.331,0.392,22.502,15.552,9.002
2019-05-30 10:00:00,22.002,31.677628,1.8076925,0.309,0.331,0.392,22.552,15.802,9.052
2019-05-30 11:00:00,21.752,31.717419,1.7793322,0.308,0.331,0.392,22.302,16.001999,9.052
2019-05-30 12:00:00,21.202,32.460377,1.7017887,0.308,0.33,0.391,21.752,16.152,9.052
2019-05-30 13:00:00,20.452,33.8742,1.5911367,0.307,0.33,0.391,20.902,16.302,9.102
2019-05-30 14:00:00,19.202,38.710598,1.3649106,0.307,0.33,0.391,19.752,16.352,9.102
2019-05-30 15:00:00,17.202,44.50414,1.0902414,0.306,0.33,0.391,18.302,16.302,9.152
2019-05-30 16:00:00,15.252,50.217644,0.8638187,0.306,0.33,0.391,16.802,16.252,9.152
2019-05-30 17:00:00,13.902,54.78968,0.7190744,0.306,0.33,0.391,15.652,16.102,9.202
2019-05-30 18:00:00,12.802,59.066437,0.60604924,0.306,0.33,0.391,14.652,15.952,9.202
2019-05-30 19:00:00,11.652,63.483513,0.50130934,0.306,0.33,0.391,13.752,15.702,9.202
2019-05-30 20:00:00,10.452,70.19437,0.37788004,0.306,0.33,0.391,12.902,15.502,9.252
2019-05-30 21:00:00,9.502,74.8013,0.29980534,0.306,0.33,0.391,12.102,15.252,9.252
2019-05-30 22:00:00,8.902,76.809006,0.2649997,0.306,0.33,0.391,11.402,14.952,9.252
2019-05-30 23:00:00,8.652,76.23471,0.26701695,0.306,0.33,0.391,10.902,14.702,9.302
2019-05-31 00:00:00,8.902,73.91822,0.2980342,0.306,0.33,0.391,10.752,14.402,9.302
2019-05-31 01:00:00,10.802,69.05575,0.40155828,0.306,0.33,0.391,11.502,14.202,9.302
2019-05-31 02:00:00,13.952,56.54372,0.69341236,0.306,0.33,0.391,13.352,14.102,9.302
2019-05-31 03:00:00,16.702,47.06838,1.0074587,0.306,0.33,0.391,15.302,14.052,9.302
2019-05-31 04:00:00,19.002,38.518116,1.3522627,0.305,0.33,0.391,17.302,14.152,9.352
2019-05-31 05:00:00,20.552,34.261265,1.591586,0.304,0.329,0.391,19.002,14.302,9.352
2019-05-31 06:00:00,21.902,31.318304,1.8061769,0.303,0.329,0.39,20.602,14.552,9.352
2019-05-31 07:00:00,23.402,29.20052,2.0389779,0.302,0.329,0.39,22.002,14.802,9.352
2019-05-31 08:00:00,24.402,27.88386,2.2053323,0.301,0.328,0.39,23.152,15.102,9.402
2019-05-31 09:00:00,25.302,26.984144,2.355819,0.3,0.328,0.39,23.902,15.452,9.402
2019-05-31 10:00:00,25.752,26.73357,2.4277864,0.299,0.327,0.39,24.152,15.752,9.402
2019-05-31 11:00:00,26.102,26.459534,2.4877827,0.298,0.327,0.389,24.202,16.102,9.452
2019-05-31 12:00:00,26.052,26.722704,2.4715672,0.298,0.327,0.389,23.902,16.352,9.452
2019-05-31 13:00:00,25.652,28.523668,2.3544257,0.297,0.326,0.389,23.202,16.552,9.502
2019-05-31 14:00:00,24.152,34.576374,1.9707776,0.297,0.326,0.389,22.152,16.702,9.502
2019-05-31 15:00:00,22.152,39.421207,1.6173368,0.296,0.326,0.389,20.652,16.802,9.502
2019-05-31 16:00:00,20.202,43.979862,1.3272079,0.296,0.326,0.389,19.252,16.802,9.552
2019-05-31 17:00:00,18.802,47.48898,1.1405442,0.296,0.326,0.389,18.202,16.752,9.552
2019-05-31 18:00:00,17.802,50.39036,1.0121001,0.296,0.326,0.389,17.352,16.702,9.602
2019-05-31 19:00:00,17.102,53.20922,0.91336846,0.296,0.326,0.389,16.702,16.552,9.602
2019-05-31 20:00:00,16.202,58.291115,0.76896524,0.296,0.326,0.389,16.102,16.452,9.602
2019-05-31 21:00:00,15.252,63.432682,0.6344509,0.296,0.326,0.389,15.502,16.302,9.652
2019-05-31 22:00:00,14.452,67.69756,0.5323297,0.296,0.326,0.389,15.002,16.152,9.652
2019-05-31 23:00:00,14.002,70.40885,0.47366047,0.296,0.326,0.389,14.602,15.952,9.702
2019-06-01 00:00:00,14.202,70.44767,0.4791993,0.296,0.326,0.389,14.502,15.802,9.702
2019-06-01 01:00:00,15.652,68.63151,0.5583397,0.296,0.326,0.389,15.052,15.652,9.702
2019-06-01 02:00:00,18.352,61.625732,0.8102598,0.296,0.326,0.389,16.552,15.652,9.702
2019-06-01 03:00:00,20.552,58.3794,1.0073599,0.296,0.326,0.389,18.352,15.652,9.752
2019-06-01 04:00:00,22.602,55.34716,1.2248367,0.295,0.326,0.389,20.302,15.802,9.752
2019-06-01 05:00:00,24.002,51.69596,1.4416413,0.295,0.326,0.388,21.952,16.001999,9.752
2019-06-01 06:00:00,24.952,47.580917,1.6558584,0.294,0.325,0.388,23.202,16.252,9.802
2019-06-01 07:00:00,25.852,43.507416,1.8824717,0.293,0.325,0.388,24.252,16.502,9.802
2019-06-01 08:00:00,26.502,41.730587,2.0175729,0.293,0.325,0.388,25.202,16.852,9.852
2019-06-01 09:00:00,25.602,43.581245,1.8524204,0.295,0.324,0.388,25.152,17.102,9.852
2019-06-01 10:00:00,25.052,42.436134,1.8293965,0.296,0.324,0.388,24.752,17.352,9.852
2019-06-01 11:00:00,24.752,43.92243,1.7505819,0.296,0.324,0.387,24.402,17.602,9.902
2019-06-01 12:00:00,24.252,46.465958,1.6219699,0.296,0.324,0.387,23.852,17.752,9.902
2019-06-01 13:00:00,23.352,50.35778,1.4248925,0.296,0.324,0.387,23.002,17.902,9.952
2019-06-01 14:00:00,22.152,55.778778,1.1803297,0.296,0.324,0.387,21.952,17.952,9.952
2019-06-01 15:00:00,20.702,61.35857,0.9438776,0.295,0.324,0.387,20.802,17.952,10.002
2019-06-01 16:00:00,18.902,68.82789,0.68112147,0.295,0.324,0.387,19.502,17.902,10.002
2019-06-01 17:00:00,17.402,75.378914,0.48968172,0.295,0.324,0.387,18.402,17.852,10.052
2019-06-01 18:00:00,16.302,80.29863,0.36546266,0.295,0.324,0.387,17.552,17.702,10.052
2019-06-01 19:00:00,15.002,85.28907,0.25112712,0.295,0.324,0.387,16.702,17.552,10.102
2019-06-01 20:00:00,14.152,90.09901,0.16000319,0.295,0.324,0.387,16.001999,17.352,10.102
2019-06-01 21:00:00,13.452,93.36551,0.10245609,0.295,0.324,0.387,15.402,17.152,10.102
2019-06-01 22:00:00,12.752,95.823425,0.061620235,0.295,0.324,0.387,14.852,16.952,10.152
2019-06-01 23:00:00,12.202,97.07947,0.04156363,0.295,0.324,0.387,14.352,16.702,10.152
2019-06-02 00:00:00,12.052,98.04224,0.027588487,0.295,0.324,0.387,14.152,16.502,10.152
2019-06-02 01:00:00,13.502,93.67479,0.09799743,0.295,0.324,0.387,14.702,16.302,10.202
2019-06-02 02:00:00,15.002,87.55207,0.21249115,0.295,0.324,0.387,15.802,16.202,10.202
2019-06-02 03:00:00,16.602,78.780716,0.40119576,0.295,0.324,0.387,17.052,16.152,10.202
2019-06-02 04:00:00,18.152,66.45478,0.6994412,0.295,0.323,0.387,18.502,16.152,10.252
2019-06-02 05:00:00,19.302,57.117283,0.9607508,0.295,0.323,0.387,19.902,16.252,10.252
2019-06-02 06:00:00,20.602,49.291267,1.2312572,0.294,0.323,0.387,21.602,16.402,10.252
2019-06-02 07:00:00,21.802,45.94675,1.4125721,0.293,0.323,0.387,22.652,16.602,10.302
2019-06-02 08:00:00,22.552,41.59463,1.5975729,0.293,0.322,0.386,23.202,16.852,10.302
2019-06-02 09:00:00,23.502,37.45338,1.8119549,0.292,0.322,0.386,23.902,17.052,10.302
2019-06-02 10:00:00,24.252,35.31878,1.9600835,0.291,0.322,0.386,24.452,17.302,10.352
2019-06-02 11:00:00,24.752,34.27762,2.052017,0.291,0.322,0.386,24.652,17.552,10.352
2019-06-02 12:00:00,25.052,33.669518,2.1083364,0.29,0.321,0.386,24.452,17.752,10.352
2019-06-02 13:00:00,25.052,33.784157,2.1046882,0.29,0.321,0.386,23.752,17.952,10.402
2019-06-02 14:00:00,24.252,38.956417,1.8497365,0.29,0.321,0.385,22.802,18.052,10.402
2019-06-02 15:00:00,22.202,44.390392,1.4890791,0.289,0.321,0.385,21.402,18.102,10.452
2019-06-02 16:00:00,20.152,48.839283,1.2082736,0.289,0.321,0.385,20.052,18.052,10.452
2019-06-02 17:00:00,19.352,49.61969,1.1323409,0.289,0.321,0.385,19.202,18.002,10.502
2019-06-02 18:00:00,18.852,50.845192,1.0709414,0.289,0.321,0.385,18.602,17.902,10.502
2019-06-02 19:00:00,18.452,56.525467,0.9237642,0.289,0.321,0.385,18.202,17.802,10.552
2019-06-02 20:00:00,17.602,63.535923,0.734514,0.29,0.321,0.385,17.602,17.702,10.552
2019-06-02 21:00:00,16.852,75.28794,0.47471178,0.29,0.321,0.385,17.052,17.552,10.552
2019-06-02 22:00:00,16.502,87.97051,0.22598219,0.29,0.321,0.385,16.852,17.452,10.602
2019-06-02 23:00:00,15.852,91.39671,0.1550659,0.29,0.321,0.385,16.602,17.302,10.602
2019-06-03 00:00:00,15.402,85.89064,0.24711335,0.29,0.321,0.385,16.402,17.152,10.602
2019-06-03 01:00:00,15.052,77.77649,0.38061917,0.289,0.321,0.385,16.402,17.002,10.652
2019-06-03 02:00:00,15.152,69.92457,0.51845074,0.289,0.321,0.385,16.702,16.902,10.652
2019-06-03 03:00:00,16.152,62.1525,0.6955335,0.289,0.321,0.385,17.602,16.852,10.652
2019-06-03 04:00:00,17.552,52.427654,0.9553721,0.289,0.321,0.385,18.902,16.852,10.702
2019-06-03 05:00:00,18.852,42.852726,1.2451794,0.288,0.32,0.385,20.302,16.902,10.702
2019-06-03 06:00:00,20.002,36.070972,1.4961232,0.288,0.32,0.385,21.602,17.052,10.702
2019-06-03 07:00:00,20.752,33.96043,1.6186609,0.287,0.32,0.385,22.752,17.202,10.702
2019-06-03 08:00:00,21.602,31.014175,1.7812939,0.287,0.32,0.384,23.702,17.402,10.752
2019-06-03 09:00:00,22.152,29.157032,1.8916194,0.286,0.319,0.384,24.352,17.652,10.752
2019-06-03 10:00:00,22.452,27.63527,1.9678102,0.285,0.319,0.384,24.552,17.852,10.802
2019-06-03 11:00:00,22.452,27.053404,1.9836454,0.285,0.319,0.384,24.402,18.052,10.802
2019-06-03 12:00:00,22.202,26.984085,1.9556208,0.284,0.318,0.384,23.802,18.202,10.802
2019-06-03 13:00:00,21.602,27.594532,1.8696591,0.284,0.318,0.383,22.902,18.302,10.852
2019-06-03 14:00:00,20.652,30.526516,1.6924496,0.284,0.318,0.383,21.702,18.352,10.852
2019-06-03 15:00:00,18.902,36.00602,1.3988026,0.284,0.318,0.383,20.152,18.352,10.902
2019-06-03 16:00:00,17.202,40.920357,1.1606772,0.284,0.318,0.383,18.652,18.252,10.902
2019-06-03 17:00:00,15.652,46.44765,0.9533651,0.283,0.318,0.383,17.402,18.102,10.902
2019-06-03 18:00:00,14.302,52.10057,0.7818341,0.283,0.318,0.383,16.302,17.902,10.952
2019-06-03 19:00:00,13.102,57.31733,0.64445376,0.283,0.318,0.383,15.352,17.702,10.952
2019-06-03 20:00:00,12.152,61.63988,0.5442509,0.283,0.318,0.383,14.552,17.452,10.952
2019-06-03 21:00:00,11.302,65.42384,0.46381742,0.283,0.318,0.383,13.802,17.152,11.002
2019-06-03 22:00:00,10.802,66.695015,0.43219662,0.283,0.318,0.383,13.202,16.902,11.002
2019-06-03 23:00:00,10.652,66.19885,0.4342842,0.283,0.318,0.383,12.802,16.602,11.002
2019-06-04 00:00:00,11.002,64.00215,0.4733886,0.283,0.318,0.383,12.752,16.352,11.002
2019-06-04 01:00:00,12.502,60.87095,0.5680617,0.283,0.318,0.383,13.352,16.152,11.052
2019-06-04 02:00:00,15.152,50.89435,0.84662396,0.283,0.318,0.383,14.752,16.001999,11.052
2019-06-04 03:00:00,17.802,42.110477,1.1811086,0.283,0.318,0.383,16.602,15.952,11.052
2019-06-04 04:00:00,20.252,34.17493,1.5644897,0.283,0.318,0.383,18.652,16.001999,11.052
2019-06-04 05:00:00,22.002,29.947918,1.8534949,0.282,0.317,0.383,20.552,16.152,11.052
2019-06-04 06:00:00,23.352,27.69013,2.0762553,0.282,0.317,0.383,22.052,16.352,11.102
2019-06-04 07:00:00,24.852,26.954725,2.2945538,0.281,0.317,0.382,23.752,16.602,11.102
2019-06-04 08:00:00,26.002,24.998604,2.5223377,0.281,0.316,0.382,24.952,16.902,11.102
2019-06-04 09:00:00,26.802,23.597029,2.6934233,0.28,0.316,0.382,25.652,17.202,11.102
2019-06-04 10:00:00,27.452,22.713839,2.8302722,0.279,0.316,0.382,25.952,17.552,11.152
2019-06-04 11:00:00,27.752,22.792004,2.8773198,0.279,0.315,0.382,25.752,17.802,11.152
2019-06-04 12:00:00,27.952,23.407747,2.8877687,0.279,0.315,0.381,25.452,18.052,11.152
2019-06-04 13:00:00,27.352,26.61602,2.6715226,0.278,0.315,0.381,24.752,18.302,11.202
2019-06-04 14:00:00,26.152,29.76426,2.382865,0.278,0.315,0.381,23.852,18.452,11.202
2019-06-04 15:00:00,23.852,35.205116,1.9170402,0.278,0.315,0.381,22.552,18.502,11.202
2019-06-04 16:00:00,22.002,44.334625,1.4725595,0.278,0.315,0.381,21.452,18.552,11.252
2019-06-04 17:00:00,20.752,51.867558,1.1794853,0.279,0.315,0.381,20.552,18.502,11.252
2019-06-04 18:00:00,19.102,63.242455,0.8132844,0.283,0.315,0.381,19.552,18.452,11.302
2019-06-04 19:00:00,16.502,82.98618,0.3196336,0.308,0.315,0.381,18.452,18.352,11.302
2019-06-04 20:00:00,15.802,89.05745,0.19660568,0.329,0.315,0.381,17.702,18.202,11.302
2019-06-04 21:00:00,14.952,91.93508,0.13722432,0.329,0.315,0.381,17.002,18.052,11.352
2019-06-04 22:00:00,13.952,94.00293,0.09566522,0.329,0.315,0.381,16.352,17.852,11.352
2019-06-04 23:00:00,13.002,93.95963,0.09058654,0.329,0.315,0.381,15.702,17.652,11.352
2019-06-05 00:00:00,12.352,92.081505,0.113811016,0.329,0.315,0.381,15.152,17.452,11.352
2019-06-05 01:00:00,12.102,86.70332,0.18800688,0.329,0.315,0.381,14.952,17.252,11.402
2019-06-05 02:00:00,12.102,77.3197,0.32070482,0.329,0.315,0.381,15.152,17.052,11.402
2019-06-05 03:00:00,12.752,69.44941,0.45082057,0.328,0.315,0.381,15.852,16.902,11.402
2019-06-05 04:00:00,13.502,62.386272,0.5828907,0.328,0.315,0.381,16.652,16.802,11.402
2019-06-05 05:00:00,14.052,57.956425,0.6752235,0.327,0.315,0.381,17.302,16.752,11.452
2019-06-05 06:00:00,14.502,55.328117,0.73861474,0.327,0.315,0.381,17.952,16.752,11.452
2019-06-05 07:00:00,12.552,59.83302,0.58504623,0.326,0.315,0.381,17.102,16.702,11.452
2019-06-05 08:00:00,12.452,57.9583,0.60835683,0.326,0.314,0.381,16.652,16.602,11.452
2019-06-05 09:00:00,11.952,58.03576,0.5876132,0.326,0.314,0.381,16.152,16.502,11.452
2019-06-05 10:00:00,11.852,56.79893,0.60096353,0.325,0.314,0.381,15.752,16.402,11.452
2019-06-05 11:00:00,11.802,56.58633,0.60193497,0.325,0.314,0.38,15.552,16.252,11.502
2019-06-05 12:00:00,12.102,54.316444,0.64604545,0.325,0.314,0.38,15.752,16.202,11.502
2019-06-05 13:00:00,11.902,53.121883,0.6542724,0.325,0.314,0.38,15.352,16.052,11.502
2019-06-05 14:00:00,11.652,52.304913,0.65479416,0.324,0.314,0.38,14.852,15.952,11.502
2019-06-05 15:00:00,11.202,54.46377,0.6068284,0.324,0.314,0.38,14.102,15.802,11.502
2019-06-05 16:00:00,10.702,59.16847,0.5263689,0.324,0.314,0.38,13.402,15.602,11.502
2019-06-05 17:00:00,9.652,67.861755,0.3862434,0.324,0.314,0.38,12.602,15.402,11.502
2019-06-05 18:00:00,9.002,71.64419,0.32621276,0.324,0.314,0.38,11.902,15.202,11.502
2019-06-05 19:00:00,8.952,66.76386,0.3810736,0.324,0.314,0.38,11.702,14.952,11.502
2019-06-05 20:00:00,8.752,69.85505,0.3409962,0.324,0.314,0.38,11.602,14.752,11.502
2019-06-05 21:00:00,8.352,74.33951,0.2825179,0.325,0.314,0.38,11.452,14.552,11.502
2019-06-05 22:00:00,7.952,77.73612,0.23855597,0.326,0.314,0.38,11.202,14.352,11.502
2019-06-05 23:00:00,7.752,79.077675,0.22115177,0.327,0.314,0.38,10.952,14.152,11.502
2019-06-06 00:00:00,7.452,81.56324,0.1909337,0.328,0.314,0.38,10.652,13.952,11.502
2019-06-06 01:00:00,7.502,80.436966,0.2032904,0.329,0.314,0.38,10.652,13.752,11.502
2019-06-06 02:00:00,8.002,76.93157,0.24801838,0.329,0.315,0.38,11.052,13.602,11.502
2019-06-06 03:00:00,8.652,70.576904,0.33058906,0.33,0.315,0.38,11.552,13.452,11.502
2019-06-06 04:00:00,9.652,62.133858,0.4550869,0.33,0.314,0.38,12.402,13.352,11.502
2019-06-06 05:00:00,10.302,57.41315,0.53456604,0.331,0.314,0.38,13.002,13.302,11.502
2019-06-06 06:00:00,11.552,51.353493,0.66346216,0.331,0.314,0.38,14.002,13.352,11.502
2019-06-06 07:00:00,11.852,51.988,0.667896,0.331,0.314,0.38,14.602,13.352,11.452
2019-06-06 08:00:00,12.152,52.069523,0.6800567,0.331,0.314,0.38,14.802,13.402,11.452
2019-06-06 09:00:00,12.352,53.80988,0.6640258,0.33,0.314,0.38,15.052,13.452,11.452
2019-06-06 10:00:00,12.602,55.609055,0.64870214,0.33,0.314,0.38,15.052,13.502,11.452
2019-06-06 11:00:00,12.502,58.581814,0.6013006,0.331,0.314,0.38,14.652,13.502,11.452
2019-06-06 12:00:00,12.602,60.6837,0.57453203,0.33,0.314,0.38,14.402,13.552,11.452
2019-06-06 13:00:00,12.602,61.96089,0.555865,0.33,0.314,0.38,14.152,13.552,11.452
2019-06-06 14:00:00,12.552,63.031776,0.5384472,0.33,0.314,0.38,13.852,13.502,11.452
2019-06-06 15:00:00,11.952,67.405235,0.4563974,0.33,0.314,0.38,13.252,13.452,11.452
2019-06-06 16:00:00,11.302,72.57734,0.3678466,0.33,0.314,0.38,12.652,13.402,11.452
2019-06-06 17:00:00,10.752,79.51809,0.2648971,0.33,0.314,0.38,12.152,13.302,11.402
2019-06-06 18:00:00,10.952,85.13944,0.19475806,0.33,0.314,0.38,12.052,13.202,11.402
2019-06-06 19:00:00,10.602,89.53132,0.13404334,0.33,0.314,0.38,11.802,13.152,11.402
2019-06-06 20:00:00,10.602,93.22046,0.086804986,0.33,0.314,0.38,11.652,13.052,11.402
2019-06-06 21:00:00,10.902,93.23595,0.08835018,0.331,0.314,0.38,11.752,12.952,11.402
2019-06-06 22:00:00,10.752,95.75869,0.054849267,0.343,0.314,0.38,11.702,12.852,11.402
2019-06-06 23:00:00,10.852,96.72565,0.042626023,0.349,0.314,0.38,11.702,12.802,11.402
2019-06-07 00:00:00,11.102,96.0898,0.051754594,0.35,0.314,0.38,11.702,12.702,11.352
2019-06-07 01:00:00,11.302,95.458374,0.060913444,0.35,0.314,0.38,11.802,12.652,11.352
2019-06-07 02:00:00,11.652,93.27444,0.092315555,0.351,0.314,0.38,11.952,12.602,11.352
2019-06-07 03:00:00,12.352,91.7766,0.11819363,0.351,0.314,0.38,12.352,12.552,11.352
2019-06-07 04:00:00,12.952,89.713036,0.15377498,0.351,0.314,0.38,12.852,12.552,11.352
2019-06-07 05:00:00,14.402,84.66562,0.25185418,0.351,0.314,0.38,13.952,12.602,11.352
2019-06-07 06:00:00,15.702,78.64893,0.38121557,0.351,0.314,0.38,15.202,12.702,11.302
2019-06-07 07:00:00,16.652,69.521484,0.578148,0.351,0.314,0.379,16.302,12.852,11.302
2019-06-07 08:00:00,17.802,64.21752,0.7299017,0.35,0.314,0.379,17.552,13.052,11.302
2019-06-07 09:00:00,18.452,61.03755,0.82784665,0.349,0.314,0.379,18.352,13.302,11.302
2019-06-07 10:00:00,18.902,58.754597,0.90133953,0.349,0.314,0.379,18.902,13.552,11.302
2019-06-07 11:00:00,18.502,58.853577,0.87700915,0.348,0.314,0.379,18.752,13.752,11.302
2019-06-07 12:00:00,17.352,58.37662,0.8253832,0.349,0.314,0.379,18.102,13.952,11.302
2019-06-07 13:00:00,16.602,63.523582,0.6897732,0.349,0.314,0.379,17.352,14.052,11.302
2019-06-07 14:00:00,16.052,66.23036,0.61663055,0.348,0.314,0.379,16.602,14.152,11.302
2019-06-07 15:00:00,15.252,70.650276,0.5091928,0.348,0.314,0.379,15.802,14.202,11.302
2019-06-07 16:00:00,14.252,77.13758,0.37190044,0.349,0.314,0.379,15.052,14.202,11.302
2019-06-07 17:00:00,13.752,81.01839,0.29892802,0.351,0.314,0.379,14.552,14.152,11.302
2019-06-07 18:00:00,13.152,87.96408,0.18228364,0.357,0.314,0.379,14.102,14.102,11.302
2019-06-07 19:00:00,12.352,93.61945,0.09170544,0.364,0.314,0.379,13.652,14.052,11.302
2019-06-07 20:00:00,11.952,95.79771,0.058831096,0.368,0.314,0.379,13.302,13.952,11.302
2019-06-07 21:00:00,11.802,94.21675,0.08016932,0.368,0.314,0.379,13.002,13.902,11.302
2019-06-07 22:00:00,11.652,95.154076,0.06651449,0.368,0.314,0.379,12.802,13.802,11.302
2019-06-07 23:00:00,11.602,95.786385,0.057644963,0.368,0.314,0.379,12.702,13.702,11.302
2019-06-08 00:00:00,11.702,96.10786,0.05359912,0.369,0.314,0.379,12.652,13.602,11.302
2019-06-08 01:00:00,12.002,94.8523,0.07230401,0.369,0.314,0.379,12.702,13.552,11.302
2019-06-08 02:00:00,12.352,92.693985,0.10500729,0.371,0.314,0.379,12.802,13.452,11.302
2019-06-08 03:00:00,12.452,93.00687,0.101171374,0.376,0.314,0.379,12.902,13.402,11.252
2019-06-08 04:00:00,12.952,89.713036,0.15377498,0.378,0.315,0.379,13.102,13.352,11.252
2019-06-08 05:00:00,13.352,85.39626,0.22407687,0.378,0.315,0.379,13.402,13.352,11.252
2019-06-08 06:00:00,14.102,80.528175,0.31368053,0.378,0.315,0.379,14.102,13.352,11.252
2019-06-08 07:00:00,14.852,79.30768,0.34986508,0.379,0.315,0.379,14.802,13.402,11.252
2019-06-08 08:00:00,15.802,74.617355,0.45611823,0.379,0.315,0.379,15.852,13.452,11.252
2019-06-08 09:00:00,16.202,72.255936,0.5114354,0.379,0.315,0.379,16.302,13.552,11.252
2019-06-08 10:00:00,16.802,69.32086,0.5875124,0.379,0.315,0.379,17.002,13.702,11.252
2019-06-08 11:00:00,16.852,67.73903,0.6197741,0.379,0.315,0.379,17.102,13.852,11.252
2019-06-08 12:00:00,16.902,65.53179,0.66429186,0.378,0.315,0.379,17.202,13.952,11.252
2019-06-08 13:00:00,16.202,66.93075,0.60963213,0.378,0.315,0.378,16.752,14.052,11.252
2019-06-08 14:00:00,15.452,68.36144,0.5559908,0.378,0.315,0.378,16.052,14.102,11.252
2019-06-08 15:00:00,14.452,70.73383,0.48228168,0.377,0.315,0.378,15.202,14.152,11.252
2019-06-08 16:00:00,13.702,73.26224,0.4197358,0.377,0.315,0.378,14.502,14.102,11.252
2019-06-08 17:00:00,12.852,76.91648,0.3428501,0.377,0.315,0.378,13.802,14.052,11.252
2019-06-08 18:00:00,12.002,80.7824,0.26995468,0.377,0.315,0.378,13.202,13.952,11.252
2019-06-08 19:00:00,11.552,83.49795,0.22503221,0.377,0.315,0.378,12.802,13.852,11.252
2019-06-08 20:00:00,11.502,83.21048,0.22819817,0.376,0.315,0.378,12.602,13.752,11.252
2019-06-08 21:00:00,11.702,82.11832,0.2462728,0.376,0.315,0.378,12.552,13.652,11.252
2019-06-08 22:00:00,11.752,82.681015,0.23930979,0.376,0.315,0.378,12.502,13.552,11.252
2019-06-08 23:00:00,11.752,83.80363,0.22379637,0.376,0.315,0.378,12.502,13.502,11.252
2019-06-09 00:00:00,11.602,86.94606,0.17859614,0.38,0.316,0.378,12.452,13.402,11.252
2019-06-09 01:00:00,11.602,90.21071,0.13392854,0.381,0.316,0.378,12.402,13.302,11.202
2019-06-09 02:00:00,11.852,90.53053,0.13170505,0.382,0.316,0.378,12.502,13.252,11.202
2019-06-09 03:00:00,12.202,87.58673,0.17667162,0.382,0.316,0.378,12.652,13.202,11.202
2019-06-09 04:00:00,12.502,84.73749,0.22154427,0.382,0.316,0.378,12.802,13.152,11.202
2019-06-09 05:00:00,12.652,82.51524,0.25631046,0.381,0.316,0.378,13.002,13.102,11.202
2019-06-09 06:00:00,13.352,76.99579,0.35299468,0.381,0.316,0.378,13.652,13.102,11.202
2019-06-09 07:00:00,14.252,69.27793,0.49978387,0.381,0.316,0.378,14.402,13.152,11.202
2019-06-09 08:00:00,15.152,62.131126,0.65283954,0.381,0.316,0.378,14.902,13.202,11.202
2019-06-09 09:00:00,15.702,58.167545,0.74704254,0.38,0.316,0.378,15.352,13.252,11.202
2019-06-09 10:00:00,15.852,56.44341,0.7853291,0.38,0.316,0.378,15.452,13.352,11.202
2019-06-09 11:00:00,15.902,56.45608,0.7876092,0.379,0.316,0.378,15.352,13.402,11.202
2019-06-09 12:00:00,15.852,56.63675,0.781842,0.379,0.316,0.378,15.302,13.502,11.202
2019-06-09 13:00:00,15.402,58.691948,0.72365344,0.378,0.316,0.378,14.902,13.502,11.202
2019-06-09 14:00:00,15.252,59.66572,0.6998297,0.378,0.316,0.378,14.652,13.552,11.152
2019-06-09 15:00:00,14.652,62.65264,0.62347806,0.377,0.316,0.378,14.302,13.552,11.152
2019-06-09 16:00:00,13.802,67.104065,0.5197922,0.377,0.316,0.378,13.752,13.502,11.152
2019-06-09 17:00:00,13.102,72.16901,0.4201764,0.377,0.316,0.378,13.302,13.452,11.152
2019-06-09 18:00:00,12.352,78.41264,0.31030023,0.377,0.316,0.378,12.902,13.402,11.152
2019-06-09 19:00:00,11.602,79.640465,0.2785592,0.377,0.316,0.378,12.302,13.302,11.152
2019-06-09 20:00:00,11.402,80.4271,0.2642814,0.376,0.317,0.378,12.052,13.202,11.152
2019-06-09 21:00:00,11.302,80.41324,0.2627257,0.376,0.317,0.378,11.902,13.152,11.152
2019-06-09 22:00:00,11.202,80.126434,0.2648152,0.376,0.317,0.378,11.752,13.052,11.152
2019-06-09 23:00:00,10.852,80.9002,0.24866629,0.376,0.317,0.378,11.552,12.952,11.152
2019-06-10 00:00:00,11.002,78.47579,0.28303647,0.376,0.317,0.378,11.552,12.852,11.152
2019-06-10 01:00:00,11.702,74.158585,0.35591304,0.375,0.317,0.378,11.902,12.752,11.152
2019-06-10 02:00:00,13.152,65.1555,0.5278035,0.375,0.317,0.378,12.752,12.752,11.152
2019-06-10 03:00:00,14.552,58.081177,0.69532126,0.374,0.317,0.378,13.752,12.752,11.102
2019-06-10 04:00:00,16.402,47.642517,0.97772866,0.373,0.317,0.378,15.402,12.852,11.102
2019-06-10 05:00:00,17.552,41.45466,1.1758506,0.371,0.317,0.378,16.952,13.052,11.102
2019-06-10 06:00:00,18.302,38.315754,1.2986809,0.369,0.317,0.378,18.002,13.252,11.102
2019-06-10 07:00:00,19.402,36.661312,1.428215,0.367,0.316,0.377,19.152,13.502,11.102
2019-06-10 08:00:00,19.802,34.528133,1.5134146,0.365,0.316,0.377,19.602,13.802,11.102
2019-06-10 09:00:00,19.602,33.987583,1.5071268,0.364,0.316,0.377,19.202,14.002,11.102
2019-06-10 10:00:00,19.402,34.77873,1.4706898,0.363,0.316,0.377,18.852,14.202,11.102
2019-06-10 11:00:00,19.752,35.497627,1.486382,0.362,0.316,0.377,18.902,14.402,11.102
2019-06-10 12:00:00,20.152,36.367153,1.5030488,0.36,0.316,0.377,19.002,14.552,11.102
2019-06-10 13:00:00,20.402,37.85839,1.4906071,0.359,0.316,0.377,18.902,14.702,11.102
2019-06-10 14:00:00,20.052,43.63845,1.322994,0.359,0.316,0.377,18.402,14.852,11.102
2019-06-10 15:00:00,18.902,47.35471,1.1506132,0.358,0.316,0.377,17.452,14.902,11.152
2019-06-10 16:00:00,16.852,53.690952,0.88977766,0.358,0.316,0.377,16.302,14.952,11.152
2019-06-10 17:00:00,15.702,57.182636,0.76463723,0.358,0.316,0.377,15.452,14.902,11.152
2019-06-10 18:00:00,15.102,60.65601,0.67610466,0.358,0.316,0.377,14.802,14.852,11.152
2019-06-10 19:00:00,14.302,61.72129,0.6247637,0.358,0.316,0.377,14.252,14.752,11.152
2019-06-10 20:00:00,13.752,65.510956,0.5432062,0.357,0.316,0.377,13.752,14.652,11.152
2019-06-10 21:00:00,13.302,70.751526,0.4473728,0.357,0.316,0.377,13.352,14.552,11.152
2019-06-10 22:00:00,12.802,76.39085,0.3495146,0.357,0.316,0.377,12.952,14.402,11.152
2019-06-10 23:00:00,12.402,80.8367,0.27635682,0.357,0.316,0.377,12.602,14.252,11.152
2019-06-11 00:00:00,12.402,82.484,0.25259793,0.357,0.316,0.377,12.552,14.152,11.152
2019-06-11 01:00:00,14.152,79.206825,0.33605564,0.357,0.316,0.377,13.352,14.052,11.152
2019-06-11 02:00:00,17.052,67.33167,0.63559246,0.357,0.316,0.377,15.202,14.052,11.152
2019-06-11 03:00:00,19.402,60.255753,0.895946,0.356,0.316,0.377,17.002,14.152,11.152
2019-06-11 04:00:00,21.652,54.566948,1.1763421,0.355,0.316,0.376,18.852,14.352,11.152
2019-06-11 05:00:00,23.902,48.71672,1.5214931,0.353,0.316,0.376,20.852,14.652,11.152
2019-06-11 06:00:00,25.452,43.396767,1.8420478,0.351,0.315,0.376,22.402,14.952,11.152
2019-06-11 07:00:00,26.402,38.655968,2.111708,0.349,0.315,0.376,23.502,15.302,11.152
2019-06-11 08:00:00,26.602,37.69944,2.1700442,0.347,0.315,0.376,23.952,15.652,11.202
2019-06-11 09:00:00,26.752,37.616665,2.1921535,0.345,0.315,0.376,24.352,16.001999,11.202
2019-06-11 10:00:00,26.902,37.16279,2.227635,0.343,0.314,0.375,24.652,16.352,11.202
2019-06-11 11:00:00,26.902,37.16279,2.227635,0.342,0.314,0.375,24.602,16.702,11.202
2019-06-11 12:00:00,26.502,37.79661,2.1539593,0.341,0.314,0.375,24.152,16.952,11.252
2019-06-11 13:00:00,25.852,41.549587,1.9477866,0.34,0.314,0.375,23.402,17.202,11.252
2019-06-11 14:00:00,24.252,50.266766,1.5067103,0.339,0.314,0.375,22.352,17.352,11.252
2019-06-11 15:00:00,22.552,57.7263,1.1560253,0.339,0.314,0.375,21.202,17.452,11.252
2019-06-11 16:00:00,20.852,65.093895,0.8604789,0.339,0.314,0.375,20.052,17.502,11.302
2019-06-11 17:00:00,19.602,71.23877,0.65635335,0.339,0.314,0.375,19.102,17.452,11.302
2019-06-11 18:00:00,18.452,77.032875,0.48789382,0.339,0.314,0.375,18.252,17.402,11.302
2019-06-11 19:00:00,18.152,72.13695,0.58092463,0.339,0.314,0.375,17.702,17.352,11.352
2019-06-11 20:00:00,17.352,78.889656,0.4185195,0.343,0.314,0.375,17.202,17.252,11.352
2019-06-11 21:00:00,16.302,87.669,0.2287234,0.346,0.314,0.375,16.702,17.152,11.352
2019-06-11 22:00:00,15.702,91.38718,0.15375924,0.346,0.314,0.375,16.302,17.002,11.402
2019-06-11 23:00:00,15.102,94.05473,0.1021353,0.346,0.314,0.375,15.902,16.852,11.402
2019-06-12 00:00:00,15.152,94.97414,0.086616874,0.346,0.314,0.375,15.802,16.752,11.402
2019-06-12 01:00:00,16.352,92.909935,0.131922,0.346,0.314,0.375,16.252,16.652,11.402
2019-06-12 02:00:00,17.902,88.09173,0.24436915,0.349,0.314,0.375,17.352,16.602,11.402
2019-06-12 03:00:00,18.602,87.59311,0.26600635,0.365,0.314,0.375,18.052,16.602,11.452
2019-06-12 04:00:00,19.602,86.581215,0.30616236,0.384,0.314,0.375,19.152,16.652,11.452
2019-06-12 05:00:00,20.102,86.0849,0.32745457,0.392,0.314,0.375,19.752,16.702,11.452
2019-06-12 06:00:00,21.152,78.68049,0.5351939,0.392,0.314,0.375,20.352,16.802,11.452
2019-06-12 07:00:00,23.952,65.95908,1.0126569,0.393,0.314,0.375,21.902,17.002,11.502
2019-06-12 08:00:00,24.102,65.16112,1.0457611,0.394,0.314,0.375,22.302,17.152,11.502
2019-06-12 09:00:00,24.802,60.345234,1.241217,0.394,0.314,0.375,23.052,17.402,11.502
2019-06-12 10:00:00,25.252,55.29439,1.4373782,0.393,0.314,0.375,23.252,17.602,11.502
2019-06-12 11:00:00,26.102,49.30327,1.7142489,0.391,0.314,0.374,23.752,17.802,11.552
2019-06-12 12:00:00,25.752,45.81677,1.7947973,0.389,0.314,0.374,23.552,18.002,11.552
2019-06-12 13:00:00,25.502,45.45039,1.780412,0.388,0.314,0.374,23.102,18.152,11.552
2019-06-12 14:00:00,24.452,49.506336,1.5481585,0.387,0.314,0.374,22.352,18.252,11.602
2019-06-12 15:00:00,22.902,53.995914,1.2850345,0.386,0.314,0.374,21.302,18.302,11.602
2019-06-12 16:00:00,21.402,58.39354,1.0608865,0.386,0.314,0.374,20.152,18.302,11.602
2019-06-12 17:00:00,20.002,63.443474,0.8552389,0.385,0.314,0.374,19.202,18.252,11.652
2019-06-12 18:00:00,18.702,69.01347,0.6686753,0.385,0.314,0.374,18.402,18.152,11.652
2019-06-12 19:00:00,17.602,70.63111,0.59154487,0.385,0.315,0.374,17.552,18.052,11.652
2019-06-12 20:00:00,16.752,74.77842,0.48144388,0.384,0.315,0.374,17.002,17.902,11.702
2019-06-12 21:00:00,15.952,78.427444,0.39136398,0.384,0.315,0.374,16.402,17.702,11.702
2019-06-12 22:00:00,15.302,80.95709,0.33140695,0.384,0.315,0.374,15.852,17.552,11.702
2019-06-12 23:00:00,14.702,83.590775,0.27477145,0.384,0.315,0.374,15.402,17.352,11.752
2019-06-13 00:00:00,14.352,86.6345,0.21880579,0.383,0.315,0.374,15.202,17.152,11.752
2019-06-13 01:00:00,16.202,85.13808,0.27392876,0.383,0.315,0.374,16.152,17.052,11.752
2019-06-13 02:00:00,19.352,68.4698,0.7085,0.383,0.315,0.374,18.452,17.002,11.752
2019-06-13 03:00:00,21.602,59.790813,1.0378337,0.382,0.315,0.374,20.052,17.102,11.752
2019-06-13 04:00:00,23.352,53.759464,1.3271761,0.38,0.315,0.374,21.752,17.252,11.802
2019-06-13 05:00:00,24.652,49.883232,1.5550352,0.378,0.315,0.374,23.252,17.452,11.802
2019-06-13 06:00:00,25.802,46.58297,1.7746273,0.375,0.315,0.374,24.652,17.752,11.802
2019-06-13 07:00:00,26.402,44.522087,1.9095442,0.372,0.314,0.373,25.552,18.052,11.802
2019-06-13 08:00:00,26.552,42.43403,1.9990531,0.37,0.314,0.373,25.502,18.302,11.852
2019-06-13 09:00:00,26.152,40.81843,2.0074055,0.368,0.314,0.373,25.802,18.602,11.852
2019-06-13 10:00:00,25.552,36.90589,2.0657363,0.367,0.314,0.373,25.452,18.802,11.852
2019-06-13 11:00:00,25.302,35.496483,2.0808687,0.365,0.314,0.373,25.002,19.002,11.902
2019-06-13 12:00:00,24.102,38.913975,1.8344826,0.364,0.313,0.373,24.252,19.152,11.902
2019-06-13 13:00:00,22.002,46.466213,1.4161264,0.362,0.313,0.373,23.152,19.252,11.952
2019-06-13 14:00:00,19.502,55.664413,1.0057259,0.362,0.313,0.373,21.702,19.252,11.952
2019-06-13 15:00:00,17.302,65.400185,0.6838964,0.362,0.313,0.373,20.252,19.202,11.952
2019-06-13 16:00:00,15.802,73.87945,0.46938145,0.365,0.313,0.373,19.002,19.102,12.002
2019-06-13 17:00:00,14.802,81.157974,0.3175521,0.37,0.313,0.373,17.952,18.952,12.002
2019-06-13 18:00:00,13.702,91.55839,0.13249934,0.386,0.314,0.373,17.152,18.752,12.052
2019-06-13 19:00:00,12.952,92.727005,0.10871804,0.408,0.314,0.373,16.452,18.552,12.052
2019-06-13 20:00:00,12.552,93.012146,0.101759076,0.433,0.314,0.373,15.952,18.302,12.052
2019-06-13 21:00:00,12.202,92.68571,0.10409701,0.449,0.314,0.373,15.502,18.052,12.052
2019-06-13 22:00:00,11.552,92.95903,0.09600937,0.453,0.315,0.373,15.002,17.802,12.102
2019-06-13 23:00:00,10.902,89.55477,0.13643527,0.454,0.316,0.373,14.452,17.552,12.102
2019-06-14 00:00:00,10.352,86.23814,0.17330432,0.451,0.317,0.373,13.952,17.302,12.102
2019-06-14 01:00:00,10.452,81.95758,0.2287333,0.449,0.318,0.373,13.802,17.052,12.102
2019-06-14 02:00:00,11.002,74.545876,0.33471996,0.447,0.318,0.373,14.102,16.802,12.102
2019-06-14 03:00:00,12.202,66.07679,0.4828742,0.444,0.319,0.372,15.002,16.652,12.152
2019-06-14 04:00:00,13.452,57.206642,0.6610246,0.441,0.319,0.372,16.202,16.552,12.152
2019-06-14 05:00:00,14.302,51.197784,0.7965737,0.438,0.32,0.372,17.202,16.552,12.152
2019-06-14 06:00:00,14.902,46.562874,0.90664536,0.434,0.32,0.372,18.002,16.552,12.152
2019-06-14 07:00:00,15.252,44.416443,0.96451247,0.431,0.32,0.372,18.552,16.602,12.152
2019-06-14 08:00:00,15.652,42.08378,1.0310779,0.428,0.321,0.372,18.802,16.652,12.152
2019-06-14 09:00:00,15.802,41.094734,1.058791,0.426,0.321,0.372,18.702,16.652,12.152
2019-06-14 10:00:00,15.852,39.956917,1.0826999,0.423,0.321,0.372,18.702,16.702,12.202
2019-06-14 11:00:00,15.552,40.442234,1.0535493,0.421,0.321,0.372,18.152,16.702,12.202
2019-06-14 12:00:00,15.202,40.774784,1.0244299,0.419,0.321,0.372,17.652,16.702,12.202
2019-06-14 13:00:00,14.652,41.645008,0.97429687,0.417,0.321,0.372,17.102,16.652,12.202
2019-06-14 14:00:00,14.002,44.53168,0.88800323,0.416,0.322,0.372,16.352,16.552,12.202
2019-06-14 15:00:00,13.152,47.908554,0.78911203,0.415,0.322,0.372,15.552,16.452,12.202
2019-06-14 16:00:00,11.952,52.015198,0.67192876,0.414,0.322,0.372,14.602,16.302,12.202
2019-06-14 17:00:00,11.252,54.86561,0.60346764,0.413,0.322,0.372,13.852,16.102,12.202
2019-06-14 18:00:00,10.502,58.28628,0.5306327,0.413,0.322,0.372,13.152,15.902,12.202
2019-06-14 19:00:00,9.402,62.074463,0.44821566,0.412,0.323,0.372,12.502,15.652,12.202
2019-06-14 20:00:00,9.152,63.8034,0.42064887,0.411,0.323,0.372,12.102,15.452,12.252
2019-06-14 21:00:00,8.902,65.58184,0.39329827,0.411,0.323,0.372,11.802,15.202,12.252
2019-06-14 22:00:00,8.702,66.94632,0.37263978,0.41,0.323,0.372,11.502,15.002,12.202
2019-06-14 23:00:00,8.452,68.57204,0.34837067,0.41,0.323,0.372,11.252,14.752,12.202
2019-06-15 00:00:00,8.852,67.453926,0.37065244,0.409,0.324,0.372,11.302,14.552,12.202
2019-06-15 01:00:00,9.652,65.28635,0.4171973,0.408,0.324,0.372,11.702,14.352,12.202
2019-06-15 02:00:00,10.552,61.474403,0.49170858,0.407,0.324,0.372,12.302,14.202,12.202
2019-06-15 03:00:00,11.252,58.888573,0.5496737,0.406,0.324,0.372,12.902,14.152,12.202
2019-06-15 04:00:00,11.952,55.43981,0.6239686,0.405,0.324,0.372,13.552,14.052,12.202
2019-06-15 05:00:00,12.652,50.567276,0.72476083,0.404,0.324,0.371,14.352,14.052,12.202
2019-06-15 06:00:00,13.152,48.250427,0.7839323,0.403,0.324,0.371,14.952,14.052,12.202
2019-06-15 07:00:00,13.102,50.69093,0.74452436,0.402,0.324,0.371,15.702,14.152,12.202
2019-06-15 08:00:00,13.352,49.17023,0.7800964,0.401,0.324,0.371,15.652,14.202,12.202
2019-06-15 09:00:00,13.602,48.20545,0.80793744,0.4,0.324,0.371,15.802,14.252,12.202
2019-06-15 10:00:00,13.852,46.92711,0.84142715,0.399,0.324,0.371,15.902,14.302,12.152
2019-06-15 11:00:00,14.002,46.637775,0.8542802,0.398,0.324,0.371,16.052,14.352,12.152
2019-06-15 12:00:00,13.902,46.775085,0.8465782,0.397,0.324,0.371,15.852,14.402,12.152
2019-06-15 13:00:00,13.302,49.68117,0.7697432,0.396,0.324,0.371,15.202,14.402,12.152
2019-06-15 14:00:00,12.502,54.806705,0.6561163,0.396,0.324,0.371,14.502,14.352,12.152
2019-06-15 15:00:00,11.902,59.050076,0.5715233,0.396,0.324,0.371,13.852,14.302,12.152
2019-06-15 16:00:00,11.352,63.858685,0.48642194,0.397,0.324,0.371,13.302,14.202,12.152
2019-06-15 17:00:00,10.702,70.24382,0.38358158,0.399,0.325,0.371,12.752,14.102,12.152
2019-06-15 18:00:00,10.252,76.23462,0.29730368,0.401,0.325,0.371,12.302,14.002,12.152
2019-06-15 19:00:00,10.002,68.17347,0.39156616,0.401,0.325,0.371,11.652,13.852,12.152
2019-06-15 20:00:00,9.402,71.221,0.34011382,0.402,0.325,0.371,11.202,13.702,12.152
2019-06-15 21:00:00,8.852,73.65123,0.30007112,0.402,0.325,0.371,10.752,13.502,12.102
2019-06-15 22:00:00,8.252,75.37204,0.26931763,0.401,0.325,0.371,10.252,13.352,12.102
2019-06-15 23:00:00,7.602,78.77873,0.22203124,0.401,0.325,0.371,9.802,13.152,12.102
2019-06-16 00:00:00,6.952,84.106606,0.1590612,0.4,0.326,0.371,9.452,12.952,12.102
2019-06-16 01:00:00,8.652,79.486824,0.23047596,0.4,0.326,0.371,10.402,12.802,12.102
2019-06-16 02:00:00,10.302,71.64257,0.35594106,0.4,0.326,0.371,11.502,12.702,12.102
2019-06-16 03:00:00,12.152,60.999104,0.55334365,0.399,0.326,0.371,13.052,12.752,12.052
2019-06-16 04:00:00,13.202,51.621147,0.7352552,0.398,0.326,0.371,14.252,12.802,12.052
2019-06-16 05:00:00,14.152,46.023193,0.87255317,0.397,0.326,0.371,15.452,12.902,12.052
2019-06-16 06:00:00,14.702,44.25894,0.9336485,0.396,0.326,0.371,16.152,13.052,12.052
2019-06-16 07:00:00,16.102,42.66292,1.050507,0.394,0.326,0.371,17.402,13.252,12.052
2019-06-16 08:00:00,16.652,41.486652,1.1102144,0.392,0.325,0.371,18.052,13.502,12.052
2019-06-16 09:00:00,17.552,40.449696,1.1960438,0.389,0.325,0.37,18.902,13.752,12.002
2019-06-16 10:00:00,18.002,39.73565,1.2451305,0.387,0.325,0.37,19.252,14.002,12.002
2019-06-16 11:00:00,18.252,38.84317,1.283545,0.385,0.325,0.37,19.252,14.202,12.002
2019-06-16 12:00:00,18.202,37.751595,1.3023791,0.384,0.325,0.37,19.002,14.452,12.002
2019-06-16 13:00:00,17.802,35.81389,1.3096372,0.382,0.325,0.37,18.302,14.602,12.002
2019-06-16 14:00:00,17.052,37.818382,1.2101157,0.381,0.325,0.37,17.402,14.702,12.002
2019-06-16 15:00:00,15.852,40.963604,1.0645422,0.381,0.325,0.37,16.302,14.752,12.002
2019-06-16 16:00:00,14.302,44.77662,0.90140903,0.38,0.325,0.37,15.102,14.702,12.002
2019-06-16 17:00:00,13.102,48.236404,0.78159165,0.38,0.325,0.37,14.102,14.652,12.002
2019-06-16 18:00:00,12.502,50.168125,0.7234695,0.38,0.325,0.37,13.452,14.552,12.002
2019-06-16 19:00:00,11.452,54.918297,0.6107909,0.38,0.325,0.37,12.752,14.402,12.002
2019-06-16 20:00:00,10.902,58.18082,0.5463135,0.379,0.325,0.37,12.252,14.252,12.002
2019-06-16 21:00:00,10.252,62.056522,0.47469115,0.379,0.325,0.37,11.752,14.102,12.002
2019-06-16 22:00:00,9.952,64.66695,0.4332596,0.379,0.325,0.37,11.352,13.952,12.002
2019-06-16 23:00:00,9.852,66.72343,0.40531957,0.379,0.325,0.37,11.102,13.752,12.002
2019-06-17 00:00:00,10.352,66.36529,0.42359823,0.378,0.325,0.37,11.152,13.602,12.002
2019-06-17 01:00:00,11.652,64.37332,0.489092,0.378,0.325,0.37,11.702,13.502,12.002
2019-06-17 02:00:00,13.602,58.448433,0.6481274,0.377,0.325,0.37,12.902,13.452,11.952
2019-06-17 03:00:00,15.302,52.368843,0.82913345,0.376,0.325,0.37,14.202,13.452,11.952
2019-06-17 04:00:00,16.802,47.588623,1.003895,0.375,0.325,0.37,15.402,13.552,11.952
2019-06-17 05:00:00,18.652,42.20707,1.2436379,0.374,0.325,0.37,17.052,13.702,11.952
2019-06-17 06:00:00,20.052,36.72067,1.4854913,0.372,0.325,0.37,18.452,13.902,11.952
2019-06-17 07:00:00,19.202,41.638588,1.2996671,0.373,0.324,0.369,18.852,14.102,11.952
2019-06-17 08:00:00,18.702,43.55608,1.2183905,0.373,0.324,0.369,18.502,14.302,11.952
2019-06-17 09:00:00,17.802,46.565792,1.0901656,0.372,0.324,0.369,17.752,14.452,11.952
2019-06-17 10:00:00,16.902,53.52099,0.89587593,0.373,0.324,0.369,17.052,14.502,11.952
2019-06-17 11:00:00,17.352,51.664112,0.9585537,0.373,0.324,0.369,17.502,14.652,11.952
2019-06-17 12:00:00,16.702,55.89308,0.83943367,0.372,0.324,0.369,17.152,14.702,11.952
2019-06-17 13:00:00,15.902,62.939377,0.67030406,0.371,0.324,0.369,16.552,14.752,11.952
2019-06-17 14:00:00,15.252,69.01236,0.53761697,0.371,0.324,0.369,16.001999,14.802,11.952
2019-06-17 15:00:00,14.652,73.431725,0.44349372,0.371,0.324,0.369,15.452,14.802,11.952
2019-06-17 16:00:00,13.702,79.67201,0.319098,0.374,0.324,0.369,14.752,14.752,11.952
2019-06-17 17:00:00,12.752,85.90364,0.20799041,0.386,0.324,0.369,14.102,14.652,11.952
2019-06-17 18:00:00,12.002,92.06059,0.1115185,0.396,0.324,0.369,13.652,14.552,11.952
2019-06-17 19:00:00,10.702,95.43734,0.058809042,0.4,0.325,0.369,13.002,14.452,11.952
2019-06-17 20:00:00,10.352,95.10539,0.061635375,0.403,0.325,0.369,12.602,14.302,11.952
2019-06-17 21:00:00,9.952,94.77065,0.06411576,0.402,0.325,0.369,12.202,14.202,11.952
2019-06-17 22:00:00,9.752,93.807976,0.074910045,0.403,0.325,0.369,11.952,14.052,11.952
2019-06-17 23:00:00,9.352,94.10712,0.06940365,0.404,0.325,0.369,11.602,13.902,11.952
2019-06-18 00:00:00,9.052,94.09348,0.06817448,0.404,0.325,0.369,11.352,13.702,11.952
2019-06-18 01:00:00,9.552,91.9119,0.09654641,0.404,0.325,0.369,11.452,13.602,11.902
2019-06-18 02:00:00,10.652,83.67434,0.20974028,0.403,0.326,0.369,12.052,13.502,11.902
2019-06-18 03:00:00,12.302,69.8364,0.43217856,0.403,0.326,0.369,13.102,13.452,11.902
2019-06-18 04:00:00,13.752,56.689213,0.6821864,0.401,0.326,0.369,14.552,13.452,11.902
2019-06-18 05:00:00,14.852,48.21478,0.8757892,0.4,0.326,0.369,15.602,13.552,11.902
2019-06-18 06:00:00,15.902,41.710804,1.0544243,0.397,0.325,0.369,16.702,13.702,11.902
2019-06-18 07:00:00,16.202,42.093697,1.0677179,0.396,0.325,0.369,17.202,13.852,11.902
2019-06-18 08:00:00,16.852,40.105385,1.150931,0.394,0.325,0.369,17.752,14.002,11.902
2019-06-18 09:00:00,16.952,39.851936,1.1631442,0.392,0.325,0.369,17.852,14.152,11.902
2019-06-18 10:00:00,17.352,38.855976,1.2126799,0.39,0.325,0.368,18.152,14.352,11.902
2019-06-18 11:00:00,17.052,41.310646,1.1421272,0.39,0.325,0.368,17.802,14.452,11.902
2019-06-18 12:00:00,16.452,46.51031,1.0020585,0.392,0.325,0.368,17.402,14.602,11.902
2019-06-18 13:00:00,15.902,50.394974,0.89728254,0.393,0.325,0.368,16.702,14.652,11.902
2019-06-18 14:00:00,14.802,60.999874,0.6573955,0.395,0.325,0.368,15.902,14.652,11.902
2019-06-18 15:00:00,13.852,66.20664,0.5357096,0.395,0.325,0.368,14.952,14.652,11.902
2019-06-18 16:00:00,13.202,68.59778,0.47720432,0.394,0.325,0.368,14.252,14.602,11.902
2019-06-18 17:00:00,12.352,75.544975,0.35152674,0.394,0.325,0.368,13.602,14.502,11.902
2019-06-18 18:00:00,11.652,76.72454,0.3195125,0.394,0.325,0.368,12.652,14.352,11.902
2019-06-18 19:00:00,10.402,86.53627,0.17011571,0.394,0.326,0.368,12.052,14.202,11.902
2019-06-18 20:00:00,9.252,91.27068,0.102122545,0.393,0.326,0.368,11.352,14.052,11.902
2019-06-18 21:00:00,8.702,92.80427,0.08111775,0.393,0.326,0.368,10.852,13.852,11.902
2019-06-18 22:00:00,8.102,94.69528,0.0574193,0.393,0.326,0.368,10.452,13.652,11.852
2019-06-18 23:00:00,7.652,95.65533,0.04561031,0.392,0.326,0.368,10.102,13.452,11.852
2019-06-19 00:00:00,7.752,95.98666,0.04241991,0.392,0.326,0.368,10.002,13.252,11.852
2019-06-19 01:00:00,9.302,92.83726,0.08407688,0.392,0.326,0.368,10.752,13.102,11.852
2019-06-19 02:00:00,11.352,84.32461,0.21095252,0.391,0.326,0.368,12.152,13.052,11.852
2019-06-19 03:00:00,13.252,73.429405,0.40508485,0.391,0.326,0.368,13.652,13.052,11.852
2019-06-19 04:00:00,14.952,61.244045,0.65961087,0.389,0.326,0.368,15.352,13.152,11.852
2019-06-19 05:00:00,15.952,55.132072,0.81415826,0.388,0.326,0.368,16.502,13.302,11.852
2019-06-19 06:00:00,16.352,51.57324,0.90142924,0.387,0.326,0.368,16.602,13.452,11.802
2019-06-19 07:00:00,16.852,50.65285,0.9481766,0.386,0.326,0.368,17.202,13.602,11.802
2019-06-19 08:00:00,17.152,49.528717,0.98836285,0.386,0.326,0.368,17.302,13.752,11.802
2019-06-19 09:00:00,17.702,47.02181,1.0740819,0.384,0.326,0.368,17.702,13.952,11.802
2019-06-19 10:00:00,17.902,45.639362,1.1160667,0.383,0.326,0.368,17.852,14.102,11.802
2019-06-19 11:00:00,18.302,43.8959,1.1811409,0.382,0.325,0.368,18.152,14.252,11.802
2019-06-19 12:00:00,18.002,45.04098,1.1354649,0.381,0.325,0.368,17.752,14.402,11.802
2019-06-19 13:00:00,17.702,47.184113,1.0707898,0.381,0.325,0.368,17.302,14.502,11.802
2019-06-19 14:00:00,17.302,50.25498,0.9834043,0.38,0.325,0.368,16.902,14.602,11.802
2019-06-19 15:00:00,16.052,57.270435,0.7803006,0.38,0.325,0.368,16.052,14.602,11.802
2019-06-19 16:00:00,14.802,62.687206,0.62894547,0.379,0.325,0.368,15.152,14.602,11.802
2019-06-19 17:00:00,13.752,67.78203,0.50742877,0.379,0.326,0.368,14.352,14.552,11.802
2019-06-19 18:00:00,12.952,71.896454,0.42015982,0.379,0.326,0.368,13.702,14.452,11.802
2019-06-19 19:00:00,12.452,74.289825,0.37200308,0.379,0.326,0.368,13.252,14.352,11.802
2019-06-19 20:00:00,11.902,77.5512,0.3132819,0.378,0.326,0.368,12.852,14.252,11.802
2019-06-19 21:00:00,11.102,81.486115,0.245067,0.378,0.326,0.368,12.302,14.102,11.802
2019-06-19 22:00:00,10.402,84.79097,0.19216943,0.378,0.326,0.367,11.802,13.952,11.802
2019-06-19 23:00:00,10.052,87.091675,0.15933311,0.378,0.326,0.367,11.502,13.802,11.802
2019-06-20 00:00:00,9.852,88.56566,0.13926315,0.378,0.326,0.367,11.302,13.652,11.802
2019-06-20 01:00:00,11.552,83.78023,0.22118247,0.378,0.326,0.367,12.052,13.552,11.802
2019-06-20 02:00:00,14.202,70.92449,0.4714657,0.377,0.326,0.367,13.752,13.552,11.802
2019-06-20 03:00:00,16.202,60.711563,0.72432506,0.377,0.326,0.367,15.202,13.602,11.802
2019-06-20 04:00:00,17.702,51.93422,0.97444224,0.375,0.326,0.367,16.752,13.702,11.802
2019-06-20 05:00:00,18.752,46.510834,1.1581838,0.374,0.326,0.367,18.302,13.902,11.802
2019-06-20 06:00:00,19.602,41.180664,1.3428078,0.372,0.325,0.367,19.452,14.152,11.802
2019-06-20 07:00:00,20.502,38.548195,1.4831548,0.37,0.325,0.367,20.252,14.452,11.802
2019-06-20 08:00:00,20.702,37.683018,1.5226694,0.368,0.325,0.367,20.252,14.702,11.802
2019-06-20 09:00:00,21.002,37.37979,1.5585272,0.367,0.325,0.367,20.452,14.902,11.802
2019-06-20 10:00:00,21.152,36.90926,1.5847495,0.365,0.325,0.367,20.452,15.152,11.802
2019-06-20 11:00:00,21.052,37.00836,1.5725923,0.364,0.324,0.367,20.102,15.352,11.802
2019-06-20 12:00:00,21.252,36.054188,1.6161096,0.363,0.324,0.367,20.202,15.552,11.802
2019-06-20 13:00:00,20.852,38.38301,1.5194907,0.362,0.324,0.367,19.652,15.702,11.802
2019-06-20 14:00:00,20.402,44.0361,1.3423234,0.362,0.324,0.366,19.052,15.802,11.802
2019-06-20 15:00:00,19.202,57.47404,0.94685197,0.361,0.324,0.366,18.152,15.852,11.802
2019-06-20 16:00:00,17.452,55.51712,0.8876908,0.361,0.324,0.366,16.902,15.852,11.852
2019-06-20 17:00:00,15.502,60.339397,0.6992456,0.361,0.324,0.366,15.652,15.752,11.852
2019-06-20 18:00:00,14.402,61.533817,0.6318917,0.361,0.324,0.366,14.852,15.652,11.852
2019-06-20 19:00:00,13.752,63.96145,0.56761694,0.361,0.324,0.366,14.302,15.552,11.852
2019-06-20 20:00:00,13.202,64.49879,0.5395083,0.361,0.324,0.366,13.752,15.402,11.852
2019-06-20 21:00:00,12.752,65.51657,0.5088672,0.36,0.324,0.366,13.302,15.252,11.852
2019-06-20 22:00:00,12.252,66.774895,0.474491,0.36,0.324,0.366,12.902,15.102,11.852
2019-06-20 23:00:00,11.802,68.78294,0.43280697,0.36,0.324,0.366,12.502,14.902,11.852
2019-06-21 00:00:00,11.552,71.14186,0.3935538,0.36,0.324,0.366,12.352,14.752,11.852
2019-06-21 01:00:00,12.952,73.12735,0.40175426,0.36,0.324,0.366,13.002,14.602,11.852
2019-06-21 02:00:00,16.001999,58.639435,0.7528894,0.36,0.324,0.366,15.002,14.602,11.852
2019-06-21 03:00:00,18.102,52.21755,0.9933382,0.359,0.324,0.366,16.652,14.652,11.852
2019-06-21 04:00:00,20.052,47.671555,1.2282639,0.357,0.324,0.366,18.652,14.802,11.852
2019-06-21 05:00:00,21.852,43.25946,1.4873805,0.356,0.324,0.366,20.552,15.052,11.852
2019-06-21 06:00:00,23.202,38.1378,1.7600211,0.354,0.323,0.366,22.302,15.352,11.852
2019-06-21 07:00:00,24.102,34.680286,1.9617621,0.351,0.323,0.366,23.652,15.702,11.852
2019-06-21 08:00:00,24.702,33.800102,2.0607917,0.349,0.322,0.366,24.652,16.102,11.902
2019-06-21 09:00:00,25.102,33.115566,2.1322918,0.347,0.322,0.365,25.302,16.452,11.902
2019-06-21 10:00:00,25.402,32.418987,2.1932387,0.345,0.322,0.365,25.502,16.852,11.902
2019-06-21 11:00:00,25.602,31.602217,2.2462382,0.343,0.321,0.365,25.402,17.202,11.902
2019-06-21 12:00:00,25.602,31.280188,2.2568269,0.341,0.321,0.365,24.902,17.502,11.952
2019-06-21 13:00:00,25.352,31.748245,2.2084737,0.34,0.321,0.365,24.052,17.702,11.952
2019-06-21 14:00:00,24.552,36.871037,1.9475902,0.339,0.321,0.365,22.902,17.902,11.952
2019-06-21 15:00:00,23.652,40.38661,1.742542,0.339,0.321,0.365,21.552,17.952,11.952
2019-06-21 16:00:00,21.802,46.101093,1.4085356,0.339,0.321,0.365,19.752,17.952,12.002
2019-06-21 17:00:00,18.852,57.771812,0.9199563,0.339,0.321,0.365,18.302,17.902,12.002
2019-06-21 18:00:00,16.702,66.14764,0.64420736,0.339,0.321,0.365,17.302,17.802,12.002
2019-06-21 19:00:00,16.001999,65.77696,0.6229247,0.339,0.321,0.365,16.502,17.652,12.052
2019-06-21 20:00:00,15.752,67.51195,0.5819789,0.339,0.321,0.365,16.001999,17.452,12.052
2019-06-21 21:00:00,15.352,72.582275,0.478724,0.339,0.321,0.365,15.652,17.302,12.052
2019-06-21 22:00:00,14.702,79.023705,0.35126126,0.339,0.321,0.365,15.302,17.152,12.052
2019-06-21 23:00:00,13.952,84.896324,0.24095237,0.339,0.321,0.365,14.902,16.952,12.102
2019-06-22 00:00:00,13.602,88.00378,0.18707931,0.339,0.321,0.365,14.702,16.752,12.102
2019-06-22 01:00:00,15.102,83.912476,0.2763989,0.339,0.321,0.365,15.352,16.652,12.102
2019-06-22 02:00:00,17.202,74.60946,0.4986595,0.338,0.321,0.365,16.852,16.552,12.102
2019-06-22 03:00:00,19.202,67.112305,0.73216355,0.338,0.321,0.365,18.452,16.602,12.102
2019-06-22 04:00:00,21.102,53.00464,1.1765934,0.337,0.32,0.365,20.202,16.702,12.102
2019-06-22 05:00:00,22.352,37.766285,1.6818638,0.335,0.32,0.364,21.452,16.852,12.152
2019-06-22 06:00:00,22.502,35.91568,1.74775,0.334,0.32,0.364,21.952,17.052,12.152
2019-06-22 07:00:00,22.552,36.92908,1.7253081,0.333,0.32,0.364,22.402,17.252,12.152
2019-06-22 08:00:00,21.402,41.55119,1.4906952,0.334,0.319,0.364,22.202,17.402,12.152
2019-06-22 09:00:00,20.552,46.37833,1.2980373,0.334,0.319,0.364,22.052,17.552,12.202
2019-06-22 10:00:00,20.402,45.25026,1.3131813,0.334,0.319,0.364,22.052,17.702,12.202
2019-06-22 11:00:00,19.852,42.54874,1.3320193,0.333,0.319,0.364,21.752,17.802,12.202
2019-06-22 12:00:00,19.402,36.150677,1.4397359,0.332,0.319,0.364,21.502,17.902,12.202
2019-06-22 13:00:00,18.602,31.48736,1.4698412,0.331,0.319,0.364,20.752,17.952,12.252
2019-06-22 14:00:00,17.802,30.365633,1.4208434,0.33,0.318,0.364,19.702,17.952,12.252
2019-06-22 15:00:00,16.502,32.968975,1.259825,0.33,0.318,0.363,18.452,17.902,12.252
2019-06-22 16:00:00,14.902,36.390965,1.0792675,0.33,0.318,0.363,17.102,17.752,12.252
2019-06-22 17:00:00,13.602,40.016937,0.93568796,0.33,0.318,0.363,16.001999,17.602,12.302
2019-06-22 18:00:00,12.502,43.62419,0.81848454,0.33,0.318,0.363,15.052,17.402,12.302
2019-06-22 19:00:00,11.152,47.514008,0.6971339,0.329,0.318,0.363,14.102,17.152,12.302
2019-06-22 20:00:00,10.202,52.096916,0.59729946,0.329,0.318,0.363,13.352,16.902,12.302
2019-06-22 21:00:00,9.302,56.341236,0.51251656,0.329,0.318,0.363,12.602,16.652,12.302
2019-06-22 22:00:00,8.702,59.090614,0.46120393,0.329,0.318,0.363,12.002,16.352,12.352
2019-06-22 23:00:00,8.152,63.572044,0.39566576,0.329,0.318,0.363,11.502,16.052,12.352
2019-06-23 00:00:00,8.002,66.084465,0.36464316,0.329,0.318,0.363,11.252,15.752,12.352
2019-06-23 01:00:00,9.752,62.378098,0.4551921,0.329,0.318,0.363,11.952,15.552,12.352
2019-06-23 02:00:00,11.952,51.6465,0.67709213,0.329,0.318,0.363,13.452,15.402,12.352
2019-06-23 03:00:00,13.802,42.452183,0.9094313,0.328,0.318,0.363,14.852,15.302,12.352
2019-06-23 04:00:00,15.052,37.233715,1.075286,0.327,0.318,0.363,16.102,15.302,12.352
2019-06-23 05:00:00,16.202,35.09351,1.196832,0.326,0.318,0.363,17.352,15.352,12.352
2019-06-23 06:00:00,17.302,34.16966,1.3015468,0.325,0.318,0.363,18.552,15.452,12.352
2019-06-23 07:00:00,19.302,34.383755,1.4704384,0.324,0.317,0.363,20.102,15.652,12.352
2019-06-23 08:00:00,19.902,35.916245,1.4905026,0.323,0.317,0.363,20.852,15.852,12.352
2019-06-23 09:00:00,20.452,38.268208,1.4853374,0.321,0.317,0.363,21.352,16.052,12.352
2019-06-23 10:00:00,20.302,40.535835,1.4175754,0.32,0.317,0.363,21.402,16.252,12.352
2019-06-23 11:00:00,19.652,43.227955,1.3000633,0.32,0.317,0.362,20.702,16.402,12.352
2019-06-23 12:00:00,19.552,43.497223,1.2858974,0.319,0.316,0.362,20.202,16.552,12.352
2019-06-23 13:00:00,19.452,43.61844,1.2752018,0.319,0.316,0.362,19.552,16.602,12.402
2019-06-23 14:00:00,18.652,49.261826,1.0917497,0.319,0.316,0.362,18.752,16.652,12.402
2019-06-23 15:00:00,18.102,49.787495,1.043882,0.318,0.316,0.362,18.102,16.652,12.402
2019-06-23 16:00:00,17.952,49.239017,1.045405,0.318,0.316,0.362,17.652,16.652,12.402
2019-06-23 17:00:00,17.502,52.236042,0.9562057,0.32,0.316,0.362,17.252,16.602,12.402
2019-06-23 18:00:00,16.402,62.001102,0.7095083,0.321,0.316,0.362,16.652,16.552,12.402
2019-06-23 19:00:00,15.452,77.32472,0.3984443,0.331,0.316,0.362,16.152,16.452,12.402
2019-06-23 20:00:00,14.502,86.081406,0.23007715,0.35,0.316,0.362,15.652,16.352,12.452
2019-06-23 21:00:00,13.952,91.27445,0.1391933,0.363,0.316,0.362,15.252,16.252,12.452
2019-06-23 22:00:00,13.952,90.677666,0.14871407,0.365,0.316,0.362,15.052,16.152,12.452
2019-06-23 23:00:00,14.252,83.2623,0.27225602,0.366,0.316,0.362,14.802,16.052,12.452
2019-06-24 00:00:00,14.302,78.70313,0.34754992,0.372,0.317,0.362,14.552,15.902,12.452
2019-06-24 01:00:00,14.602,76.680115,0.3880067,0.384,0.317,0.362,14.552,15.802,12.452
2019-06-24 02:00:00,14.602,79.27174,0.34487855,0.39,0.317,0.362,14.752,15.702,12.452
2019-06-24 03:00:00,15.852,78.930084,0.37981367,0.401,0.317,0.362,15.252,15.602,12.452
2019-06-24 04:00:00,18.852,63.604664,0.7928293,0.401,0.317,0.362,16.452,15.602,12.452
2019-06-24 05:00:00,21.202,55.723698,1.1152823,0.4,0.317,0.362,18.202,15.702,12.452
2019-06-24 06:00:00,23.002,54.908825,1.2671435,0.399,0.317,0.362,19.852,15.852,12.452
2019-06-24 07:00:00,24.652,56.761063,1.3414553,0.397,0.317,0.362,21.552,16.102,12.452
2019-06-24 08:00:00,24.152,61.553314,1.1575911,0.396,0.317,0.362,22.052,16.352,12.452
2019-06-24 09:00:00,22.552,73.38451,0.7276437,0.436,0.317,0.362,22.202,16.552,12.502
2019-06-24 10:00:00,23.652,70.192215,0.8708503,0.434,0.317,0.362,22.252,16.802,12.502
2019-06-24 11:00:00,24.452,67.32214,1.0015867,0.431,0.318,0.362,22.952,17.052,12.502
2019-06-24 12:00:00,22.952,71.62607,0.79472995,0.431,0.318,0.362,22.452,17.252,12.502
2019-06-24 13:00:00,22.702,72.03427,0.7715477,0.429,0.318,0.362,21.752,17.402,12.502
2019-06-24 14:00:00,22.302,73.573364,0.7116138,0.428,0.318,0.362,21.202,17.552,12.502
2019-06-24 15:00:00,21.202,78.43948,0.5429044,0.426,0.319,0.362,20.402,17.602,12.552
2019-06-24 16:00:00,19.952,83.6572,0.38105214,0.425,0.319,0.362,19.402,17.602,12.552
2019-06-24 17:00:00,18.402,90.97853,0.19101238,0.424,0.319,0.362,18.502,17.602,12.552
2019-06-24 18:00:00,18.302,90.109795,0.2081027,0.423,0.32,0.362,17.602,17.502,12.552
2019-06-24 19:00:00,17.102,95.350525,0.0907172,0.423,0.32,0.362,16.952,17.402,12.552
2019-06-24 20:00:00,15.652,98.095856,0.0338825,0.422,0.32,0.362,16.252,17.302,12.602
2019-06-24 21:00:00,15.252,98.72308,0.022147298,0.421,0.321,0.362,15.902,17.152,12.602
2019-06-24 22:00:00,14.952,98.72013,0.021775603,0.42,0.321,0.362,15.552,17.002,12.602
2019-06-24 23:00:00,14.652,99.03649,0.016079545,0.419,0.321,0.362,15.252,16.852,12.602
2019-06-25 00:00:00,14.752,98.718155,0.021530509,0.419,0.321,0.362,15.252,16.702,12.602
2019-06-25 01:00:00,16.952,95.954704,0.07818389,0.418,0.322,0.362,16.202,16.602,12.602
2019-06-25 02:00:00,19.652,87.1345,0.29444647,0.417,0.322,0.362,18.102,16.652,12.602
2019-06-25 03:00:00,21.802,78.526375,0.56088567,0.416,0.322,0.362,19.602,16.702,12.652
2019-06-25 04:00:00,23.452,69.49424,0.8806057,0.414,0.322,0.362,21.052,16.902,12.652
2019-06-25 05:00:00,24.702,63.86252,1.1243325,0.411,0.322,0.361,22.602,17.102,12.652
2019-06-25 06:00:00,25.802,60.575546,1.309396,0.408,0.322,0.361,24.052,17.402,12.652
2019-06-25 07:00:00,26.802,58.92768,1.4468706,0.405,0.322,0.361,25.352,17.752,12.652
2019-06-25 08:00:00,27.352,56.697937,1.5753846,0.402,0.322,0.361,26.152,18.052,12.702
2019-06-25 09:00:00,27.802,54.706425,1.691711,0.399,0.321,0.361,26.702,18.452,12.702
2019-06-25 10:00:00,27.652,54.49719,1.6847541,0.397,0.321,0.361,26.552,18.752,12.702
2019-06-25 11:00:00,27.602,53.801434,1.7055649,0.395,0.321,0.361,26.402,19.052,12.752
2019-06-25 12:00:00,27.352,53.9088,1.6769593,0.393,0.321,0.361,25.852,19.302,12.752
2019-06-25 13:00:00,27.352,53.73856,1.6831598,0.391,0.321,0.361,25.302,19.502,12.752
2019-06-25 14:00:00,26.802,57.64462,1.4921105,0.39,0.321,0.36,24.602,19.652,12.802
2019-06-25 15:00:00,25.002,64.53417,1.1232951,0.39,0.321,0.36,23.502,19.752,12.802
2019-06-25 16:00:00,23.252,69.018234,0.88365364,0.389,0.321,0.36,22.302,19.752,12.802
2019-06-25 17:00:00,22.452,69.30145,0.8342587,0.389,0.321,0.36,21.452,19.752,12.852
2019-06-25 18:00:00,22.252,66.874435,0.8893969,0.389,0.321,0.36,20.952,19.702,12.852
2019-06-25 19:00:00,21.652,66.96557,0.8551562,0.388,0.321,0.36,20.452,19.652,12.852
2019-06-25 20:00:00,21.252,66.88327,0.83659863,0.388,0.321,0.36,20.052,19.552,12.902
2019-06-25 21:00:00,20.752,67.213005,0.80326855,0.387,0.321,0.36,19.652,19.452,12.902
2019-06-25 22:00:00,20.352,66.4811,0.80125296,0.387,0.322,0.36,19.302,19.352,12.952
2019-06-25 23:00:00,20.302,64.34393,0.8497453,0.387,0.322,0.36,19.052,19.252,12.952
2019-06-26 00:00:00,20.302,63.30322,0.87456,0.386,0.322,0.36,18.952,19.152,12.952
2019-06-26 01:00:00,21.102,62.458584,0.9397708,0.386,0.322,0.36,19.302,19.052,12.952
2019-06-26 02:00:00,22.552,60.014286,1.0934163,0.385,0.322,0.36,20.252,19.052,13.002
2019-06-26 03:00:00,24.202,54.501816,1.3741845,0.383,0.322,0.36,21.802,19.102,13.002
2019-06-26 04:00:00,25.252,55.29439,1.4373782,0.381,0.321,0.36,23.202,19.202,13.002
2019-06-26 05:00:00,25.952,57.07735,1.4383645,0.379,0.321,0.36,24.452,19.352,13.052
2019-06-26 06:00:00,26.552,56.32515,1.5162251,0.377,0.321,0.36,25.552,19.602,13.052
2019-06-26 07:00:00,27.052,51.984833,1.7166588,0.374,0.321,0.36,26.452,19.802,13.052
2019-06-26 08:00:00,26.202,52.2655,1.6235261,0.375,0.32,0.36,26.802,20.052,13.102
2019-06-26 09:00:00,26.152,52.085575,1.6248585,0.373,0.32,0.36,26.702,20.302,13.102
2019-06-26 10:00:00,25.402,54.2793,1.4831792,0.372,0.32,0.359,26.102,20.452,13.152
2019-06-26 11:00:00,25.052,55.2446,1.4219934,0.371,0.32,0.359,25.852,20.652,13.152
2019-06-26 12:00:00,24.352,57.23617,1.3031663,0.369,0.32,0.359,25.202,20.752,13.152
2019-06-26 13:00:00,23.502,59.467606,1.1737739,0.368,0.32,0.359,24.302,20.802,13.202
2019-06-26 14:00:00,22.552,62.181305,1.0341218,0.368,0.32,0.359,23.402,20.852,13.202
2019-06-26 15:00:00,21.202,65.591286,0.8665985,0.367,0.32,0.359,22.352,20.802,13.252
2019-06-26 16:00:00,19.852,67.24624,0.75916314,0.367,0.32,0.359,21.302,20.702,13.252
2019-06-26 17:00:00,18.602,67.42923,0.69850314,0.367,0.32,0.359,20.402,20.602,13.302
2019-06-26 18:00:00,17.452,67.63788,0.6457286,0.366,0.32,0.359,19.552,20.402,13.302
2019-06-26 19:00:00,15.302,78.849945,0.36808538,0.388,0.32,0.359,18.652,20.252,13.302
2019-06-26 20:00:00,14.002,86.8865,0.20987761,0.428,0.32,0.359,17.752,20.002,13.352
2019-06-26 21:00:00,13.352,91.536255,0.12985969,0.469,0.32,0.359,17.102,19.752,13.352
2019-06-26 22:00:00,13.002,92.12013,0.11817503,0.488,0.322,0.359,16.652,19.502,13.352
2019-06-26 23:00:00,12.752,90.8945,0.13434577,0.488,0.325,0.359,16.252,19.252,13.402
2019-06-27 00:00:00,12.502,89.977005,0.14548421,0.485,0.328,0.359,15.902,19.002,13.402
2019-06-27 01:00:00,12.252,91.46619,0.12185335,0.484,0.331,0.359,15.652,18.752,13.402
2019-06-27 02:00:00,12.152,90.250854,0.13829732,0.481,0.333,0.359,15.502,18.502,13.402
2019-06-27 03:00:00,12.252,87.88414,0.17300546,0.476,0.335,0.359,15.352,18.252,13.402
2019-06-27 04:00:00,12.602,84.74852,0.22283876,0.471,0.337,0.359,15.452,18.052,13.452
2019-06-27 05:00:00,13.252,78.81138,0.32302094,0.467,0.338,0.359,15.902,17.852,13.452
2019-06-27 06:00:00,13.852,71.57932,0.45052183,0.463,0.339,0.359,16.452,17.702,13.452
2019-06-27 07:00:00,15.302,63.229404,0.6400269,0.459,0.34,0.359,17.402,17.652,13.452
2019-06-27 08:00:00,16.652,55.501053,0.84421706,0.455,0.34,0.359,18.752,17.602,13.452
2019-06-27 09:00:00,17.452,50.46821,0.9884939,0.451,0.341,0.359,19.552,17.652,13.452
2019-06-27 10:00:00,17.852,47.879757,1.0666916,0.447,0.341,0.359,20.052,17.702,13.452
2019-06-27 11:00:00,17.602,48.140755,1.0447896,0.443,0.341,0.359,20.102,17.802,13.502
2019-06-27 12:00:00,16.952,50.33275,0.96038985,0.44,0.342,0.359,19.802,17.802,13.502
2019-06-27 13:00:00,15.802,53.41504,0.83727413,0.437,0.342,0.359,19.002,17.802,13.502
2019-06-27 14:00:00,14.752,55.776814,0.743069,0.435,0.342,0.359,18.052,17.752,13.502
2019-06-27 15:00:00,13.802,58.094677,0.66218835,0.434,0.342,0.359,17.002,17.652,13.502
2019-06-27 16:00:00,12.902,60.335808,0.59110224,0.433,0.343,0.359,16.052,17.502,13.502
2019-06-27 17:00:00,12.052,64.01794,0.5071606,0.432,0.343,0.359,15.152,17.352,13.502
2019-06-27 18:00:00,11.202,67.95002,0.42709,0.431,0.343,0.359,14.352,17.102,13.502
2019-06-27 19:00:00,10.302,71.1469,0.36216336,0.43,0.344,0.359,13.652,16.902,13.502
2019-06-27 20:00:00,9.752,73.81294,0.31683224,0.429,0.344,0.359,13.102,16.652,13.502
2019-06-27 21:00:00,9.702,74.57678,0.30656135,0.428,0.344,0.359,12.802,16.402,13.502
2019-06-27 22:00:00,9.352,76.881805,0.2722934,0.427,0.344,0.359,12.452,16.152,13.502
2019-06-27 23:00:00,9.002,79.2628,0.23856181,0.427,0.345,0.359,12.102,15.902,13.502
2019-06-28 00:00:00,8.802,81.460014,0.21042591,0.426,0.345,0.359,11.852,15.652,13.502
2019-06-28 01:00:00,10.002,78.32423,0.26667124,0.425,0.345,0.359,12.352,15.452,13.502
2019-06-28 02:00:00,11.552,69.927666,0.41011477,0.424,0.345,0.359,13.552,15.352,13.502
2019-06-28 03:00:00,12.802,60.102493,0.5907069,0.422,0.345,0.359,14.752,15.252,13.502
2019-06-28 04:00:00,13.702,57.07149,0.6739731,0.42,0.345,0.358,15.752,15.252,13.502
2019-06-28 05:00:00,14.852,52.066963,0.81062347,0.418,0.345,0.358,16.852,15.302,13.502
2019-06-28 06:00:00,15.952,49.029057,0.92494434,0.416,0.345,0.358,18.002,15.452,13.502
2019-06-28 07:00:00,16.402,51.056366,0.913954,0.413,0.345,0.358,18.652,15.552,13.502
2019-06-28 08:00:00,17.302,48.39025,1.0202849,0.411,0.345,0.358,19.302,15.752,13.502
2019-06-28 09:00:00,18.152,45.709553,1.1322482,0.408,0.345,0.358,19.902,15.902,13.502
2019-06-28 10:00:00,18.502,44.56342,1.1817768,0.406,0.344,0.358,20.102,16.102,13.452
2019-06-28 11:00:00,18.752,43.57025,1.2218918,0.403,0.344,0.358,20.152,16.252,13.452
2019-06-28 12:00:00,18.202,45.097343,1.1486169,0.402,0.344,0.358,19.452,16.352,13.452
2019-06-28 13:00:00,17.752,46.87393,1.0804739,0.401,0.344,0.358,18.852,16.452,13.452
2019-06-28 14:00:00,17.102,50.54668,0.96536535,0.4,0.344,0.358,18.102,16.502,13.502
2019-06-28 15:00:00,16.252,53.902008,0.8526247,0.399,0.344,0.358,17.302,16.502,13.502
2019-06-28 16:00:00,15.002,58.593433,0.7070047,0.398,0.344,0.358,16.302,16.452,13.502
2019-06-28 17:00:00,14.152,62.3234,0.60900056,0.398,0.344,0.358,15.552,16.352,13.502
2019-06-28 18:00:00,13.102,66.955956,0.4988966,0.398,0.344,0.358,14.752,16.202,13.502
2019-06-28 19:00:00,12.402,68.90516,0.44845593,0.397,0.344,0.358,14.152,16.102,13.452
2019-06-28 20:00:00,11.702,71.66115,0.39031523,0.397,0.344,0.358,13.602,15.902,13.452
2019-06-28 21:00:00,11.152,73.807816,0.3478679,0.397,0.344,0.358,13.102,15.752,13.452
2019-06-28 22:00:00,10.702,75.526,0.3154832,0.397,0.344,0.358,12.652,15.552,13.452
2019-06-28 23:00:00,10.302,77.566154,0.28158212,0.396,0.345,0.358,12.302,15.352,13.452
2019-06-29 00:00:00,10.352,77.840996,0.27906102,0.396,0.345,0.358,12.152,15.152,13.452
2019-06-29 01:00:00,11.552,75.9274,0.32828295,0.396,0.345,0.358,12.702,15.002,13.452
2019-06-29 02:00:00,13.652,67.530945,0.50807595,0.395,0.345,0.358,14.002,14.952,13.452
2019-06-29 03:00:00,15.552,60.969936,0.6903297,0.394,0.345,0.358,15.502,14.952,13.452
2019-06-29 04:00:00,17.152,52.680237,0.92662144,0.392,0.344,0.358,16.952,15.002,13.452
2019-06-29 05:00:00,18.152,45.55226,1.1355302,0.39,0.344,0.357,18.202,15.152,13.452
2019-06-29 06:00:00,19.052,43.057816,1.2562644,0.388,0.344,0.357,19.302,15.352,13.402
2019-06-29 07:00:00,19.752,42.520336,1.3244557,0.385,0.343,0.357,20.402,15.552,13.402
2019-06-29 08:00:00,20.352,41.39462,1.4014014,0.383,0.343,0.357,21.202,15.802,13.402
2019-06-29 09:00:00,20.852,40.276463,1.4727639,0.38,0.342,0.357,21.752,16.102,13.402
2019-06-29 10:00:00,21.052,39.78437,1.5032381,0.378,0.342,0.357,22.002,16.352,13.402
2019-06-29 11:00:00,21.052,39.512295,1.5100355,0.376,0.342,0.357,21.902,16.552,13.402
2019-06-29 12:00:00,20.802,39.712936,1.4821131,0.374,0.341,0.357,21.502,16.752,13.402
2019-06-29 13:00:00,20.252,40.66124,1.410229,0.373,0.341,0.357,20.802,16.952,13.452
2019-06-29 14:00:00,19.302,45.406174,1.2232971,0.372,0.341,0.357,19.852,17.002,13.452
2019-06-29 15:00:00,17.852,49.549755,1.032497,0.371,0.341,0.357,18.652,17.052,13.452
2019-06-29 16:00:00,16.102,54.60679,0.83160573,0.371,0.341,0.357,17.352,17.002,13.452
2019-06-29 17:00:00,14.902,58.368183,0.706298,0.371,0.341,0.357,16.252,16.902,13.452
2019-06-29 18:00:00,14.002,60.600643,0.6307016,0.371,0.341,0.357,15.452,16.802,13.452
2019-06-29 19:00:00,13.202,59.576927,0.6143221,0.371,0.341,0.357,14.752,16.652,13.452
2019-06-29 20:00:00,12.602,60.6837,0.57453203,0.37,0.341,0.357,14.202,16.452,13.452
2019-06-29 21:00:00,12.052,62.480152,0.52883893,0.37,0.341,0.357,13.702,16.302,13.452
2019-06-29 22:00:00,11.452,65.22983,0.4710698,0.37,0.341,0.357,13.252,16.102,13.452
2019-06-29 23:00:00,10.852,68.58808,0.40898377,0.37,0.341,0.357,12.852,15.902,13.452
2019-06-30 00:00:00,10.702,70.73241,0.37728256,0.37,0.341,0.357,12.602,15.702,13.452
2019-06-30 01:00:00,11.852,70.22815,0.41412896,0.369,0.341,0.357,13.102,15.552,13.452
2019-06-30 02:00:00,13.902,63.558823,0.5795698,0.369,0.341,0.356,14.302,15.452,13.452
2019-06-30 03:00:00,16.001999,56.674686,0.78866684,0.368,0.341,0.356,15.902,15.452,13.452
2019-06-30 04:00:00,17.652,49.495224,1.0206964,0.367,0.341,0.356,17.502,15.502,13.452
2019-06-30 05:00:00,18.752,44.02334,1.2120755,0.365,0.34,0.356,18.852,15.652,13.452
2019-06-30 06:00:00,19.652,42.055653,1.3269258,0.363,0.34,0.356,20.002,15.802,13.452
2019-06-30 07:00:00,20.802,38.501255,1.5119233,0.361,0.339,0.356,21.052,16.052,13.452
2019-06-30 08:00:00,21.452,37.638226,1.5954416,0.359,0.339,0.356,21.852,16.302,13.452
2019-06-30 09:00:00,22.002,37.152855,1.662712,0.357,0.338,0.356,22.452,16.552,13.452
2019-06-30 10:00:00,22.252,37.096962,1.6896782,0.355,0.338,0.356,22.702,16.802,13.452
2019-06-30 11:00:00,22.352,37.252926,1.6957495,0.353,0.338,0.356,22.652,17.052,13.452
2019-06-30 12:00:00,22.102,38.21454,1.6445732,0.351,0.337,0.355,22.302,17.252,13.452
2019-06-30 13:00:00,21.502,40.32382,1.5313524,0.35,0.337,0.355,21.602,17.402,13.452
2019-06-30 14:00:00,20.502,45.27816,1.3206182,0.349,0.337,0.355,20.702,17.502,13.452
2019-06-30 15:00:00,19.102,48.552963,1.1385003,0.349,0.337,0.355,19.502,17.552,13.452
2019-06-30 16:00:00,17.752,51.244186,0.99155104,0.349,0.337,0.355,18.352,17.552,13.452
2019-06-30 17:00:00,16.752,53.66474,0.88465965,0.349,0.337,0.355,17.452,17.452,13.452
2019-06-30 18:00:00,16.001999,55.334183,0.81307757,0.348,0.337,0.355,16.702,17.352,13.502
2019-06-30 19:00:00,15.152,57.04417,0.7405646,0.348,0.337,0.355,16.052,17.252,13.502
2019-06-30 20:00:00,14.452,59.471294,0.6679346,0.348,0.337,0.355,15.502,17.102,13.502
2019-06-30 21:00:00,13.902,61.415825,0.6136612,0.348,0.337,0.355,15.052,16.952,13.502
2019-06-30 22:00:00,13.502,62.60126,0.5795583,0.348,0.337,0.355,14.602,16.802,13.502
2019-06-30 23:00:00,13.202,63.617847,0.5528986,0.348,0.337,0.355,14.302,16.602,13.502
2019-07-01 00:00:00,13.252,63.848408,0.5511868,0.348,0.337,0.355,14.152,16.452,13.502
2019-07-01 01:00:00,14.202,62.763058,0.6038413,0.347,0.337,0.355,14.602,16.302,13.502
2019-07-01 02:00:00,15.802,59.39347,0.7297884,0.347,0.337,0.355,15.602,16.252,13.502
2019-07-01 03:00:00,17.652,53.899815,0.93164015,0.346,0.336,0.355,17.002,16.252,13.502
2019-07-01 04:00:00,19.402,48.800087,1.1543512,0.345,0.336,0.355,18.552,16.302,13.502
2019-07-01 05:00:00,20.852,43.71493,1.3879123,0.343,0.336,0.355,20.002,16.452,13.502
2019-07-01 06:00:00,22.102,40.357025,1.5874983,0.342,0.335,0.355,21.302,16.652,13.502
2019-07-01 07:00:00,23.552,37.34066,1.82069,0.34,0.335,0.355,22.552,16.902,13.502
2019-07-01 08:00:00,24.452,35.255657,1.9855912,0.338,0.334,0.355,23.502,17.152,13.502
2019-07-01 09:00:00,25.102,33.4554,2.1214452,0.336,0.334,0.354,24.152,17.452,13.502
2019-07-01 10:00:00,25.552,32.24099,2.218657,0.334,0.333,0.354,24.502,17.752,13.502
2019-07-01 11:00:00,25.652,31.508575,2.2559853,0.332,0.333,0.354,24.552,18.002,13.552
2019-07-01 12:00:00,25.402,31.438387,2.225101,0.331,0.332,0.354,24.202,18.252,13.552
2019-07-01 13:00:00,24.702,33.91542,2.057198,0.33,0.332,0.354,23.552,18.402,13.552
2019-07-01 14:00:00,23.402,37.679974,1.7945524,0.329,0.332,0.354,22.602,18.552,13.552
2019-07-01 15:00:00,21.752,41.088192,1.5349619,0.329,0.332,0.354,21.402,18.602,13.552
2019-07-01 16:00:00,20.402,44.639538,1.3278399,0.329,0.332,0.354,20.352,18.602,13.602
2019-07-01 17:00:00,19.552,47.05199,1.2049491,0.33,0.332,0.354,19.502,18.602,13.602
2019-07-01 18:00:00,19.002,47.869366,1.1464782,0.329,0.332,0.354,18.902,18.552,13.602
2019-07-01 19:00:00,19.102,45.661823,1.2025181,0.329,0.332,0.354,18.602,18.452,13.602
2019-07-01 20:00:00,18.452,46.74696,1.1316608,0.329,0.332,0.354,18.252,18.402,13.602
2019-07-01 21:00:00,17.952,47.57949,1.0795996,0.329,0.332,0.354,17.902,18.302,13.602
2019-07-01 22:00:00,17.252,50.58724,0.9737552,0.33,0.332,0.354,17.552,18.202,13.652
2019-07-01 23:00:00,16.752,53.66474,0.88465965,0.332,0.332,0.354,17.102,18.052,13.652
2019-07-02 00:00:00,16.102,59.063915,0.74992263,0.335,0.332,0.354,16.752,17.952,13.652
2019-07-02 01:00:00,14.902,72.986755,0.4582355,0.343,0.332,0.354,16.352,17.802,13.652
2019-07-02 02:00:00,14.652,79.27893,0.3458711,0.352,0.332,0.354,16.152,17.652,13.652
2019-07-02 03:00:00,14.902,82.52049,0.29648566,0.365,0.332,0.354,16.202,17.502,13.652
2019-07-02 04:00:00,16.352,77.20977,0.42412102,0.366,0.332,0.354,16.602,17.402,13.652
2019-07-02 05:00:00,17.652,70.87311,0.5885178,0.366,0.332,0.354,17.252,17.352,13.652
2019-07-02 06:00:00,19.052,68.18672,0.70165884,0.381,0.332,0.354,18.452,17.352,13.702
2019-07-02 07:00:00,22.702,49.690903,1.3884944,0.378,0.332,0.354,19.102,17.402,13.702
2019-07-02 08:00:00,23.152,51.642696,1.3713559,0.379,0.331,0.354,20.252,17.452,13.702
2019-07-02 09:00:00,21.352,67.11948,0.8357227,0.388,0.331,0.354,19.902,17.552,13.702
2019-07-02 10:00:00,21.002,73.34869,0.6629764,0.398,0.332,0.354,19.802,17.602,13.702
2019-07-02 11:00:00,19.902,82.59796,0.4045043,0.402,0.332,0.354,19.252,17.602,13.702
2019-07-02 12:00:00,18.802,89.57692,0.22627223,0.411,0.332,0.354,18.702,17.602,13.702
2019-07-02 13:00:00,18.502,89.8388,0.21649551,0.421,0.332,0.354,18.302,17.602,13.702
2019-07-02 14:00:00,18.502,87.305855,0.27047133,0.432,0.332,0.354,18.052,17.552,13.702
2019-07-02 15:00:00,18.152,86.44178,0.28262877,0.439,0.333,0.354,17.702,17.502,13.702
2019-07-02 16:00:00,17.902,85.86572,0.2900566,0.444,0.333,0.354,17.402,17.452,13.752
2019-07-02 17:00:00,17.602,86.66599,0.2685212,0.446,0.334,0.354,17.152,17.402,13.752
2019-07-02 18:00:00,17.552,86.9397,0.26218235,0.444,0.334,0.354,17.002,17.302,13.752
2019-07-02 19:00:00,17.002,82.50954,0.33916306,0.443,0.335,0.354,16.752,17.252,13.752
2019-07-02 20:00:00,16.402,84.334015,0.29244542,0.441,0.335,0.354,16.502,17.152,13.752
2019-07-02 21:00:00,15.752,87.61971,0.22173166,0.44,0.336,0.354,16.202,17.052,13.752
2019-07-02 22:00:00,15.152,91.05565,0.1541549,0.439,0.336,0.354,15.902,16.952,13.752
2019-07-02 23:00:00,14.402,94.63723,0.08807099,0.437,0.337,0.354,15.452,16.802,13.752
2019-07-03 00:00:00,14.202,95.55804,0.072012305,0.436,0.337,0.354,15.202,16.702,13.752
2019-07-03 01:00:00,15.252,93.454735,0.11352992,0.435,0.337,0.354,15.602,16.602,13.752
2019-07-03 02:00:00,17.202,83.069855,0.332469,0.434,0.338,0.354,16.702,16.552,13.752
2019-07-03 03:00:00,18.452,71.0239,0.6155895,0.432,0.338,0.354,17.602,16.552,13.752
2019-07-03 04:00:00,19.502,61.68739,0.8690312,0.43,0.338,0.353,18.702,16.652,13.752
2019-07-03 05:00:00,19.252,61.22411,0.86600184,0.436,0.338,0.353,19.802,16.752,13.752
2019-07-03 06:00:00,20.052,54.51957,1.0674326,0.434,0.338,0.353,19.952,16.852,13.752
2019-07-03 07:00:00,20.902,52.080036,1.1851379,0.431,0.338,0.353,21.202,17.052,13.752
2019-07-03 08:00:00,21.202,51.4704,1.2224945,0.432,0.338,0.353,21.802,17.252,13.752
2019-07-03 09:00:00,17.102,72.4199,0.538265,0.473,0.339,0.353,21.052,17.402,13.752
2019-07-03 10:00:00,16.752,78.80255,0.40461135,0.473,0.34,0.353,19.802,17.452,13.752
2019-07-03 11:00:00,17.152,74.35684,0.5020348,0.472,0.342,0.353,19.102,17.502,13.752
2019-07-03 12:00:00,15.302,81.223946,0.32676196,0.478,0.343,0.353,18.352,17.502,13.752
2019-07-03 13:00:00,14.702,91.62111,0.14029384,0.485,0.345,0.353,17.502,17.452,13.802
2019-07-03 14:00:00,14.602,93.11924,0.11446798,0.494,0.347,0.353,16.902,17.352,13.802
2019-07-03 15:00:00,14.452,92.80857,0.118486166,0.511,0.351,0.353,16.402,17.252,13.802
2019-07-03 16:00:00,14.502,93.41777,0.108798146,0.509,0.362,0.353,16.102,17.152,13.802
2019-07-03 17:00:00,14.652,93.12182,0.114794254,0.473,0.376,0.353,15.902,17.002,13.802
2019-07-03 18:00:00,14.452,93.415306,0.1084888,0.471,0.377,0.353,15.702,16.902,13.802
2019-07-03 19:00:00,14.252,94.0165,0.09731865,0.468,0.378,0.353,15.502,16.752,13.802
2019-07-03 20:00:00,14.202,94.93787,0.08206689,0.465,0.379,0.353,15.402,16.652,13.802
2019-07-03 21:00:00,14.102,95.55464,0.0716027,0.463,0.38,0.353,15.252,16.552,13.802
2019-07-03 22:00:00,14.102,95.55464,0.0716027,0.461,0.381,0.353,15.152,16.402,13.802
2019-07-03 23:00:00,13.902,96.17301,0.060849905,0.459,0.381,0.353,15.002,16.302,13.802
2019-07-04 00:00:00,13.702,96.16717,0.060157657,0.457,0.382,0.353,14.852,16.202,13.802
2019-07-04 01:00:00,14.302,94.94169,0.0825361,0.456,0.382,0.353,15.102,16.102,13.802
2019-07-04 02:00:00,14.852,93.132126,0.11610651,0.457,0.383,0.353,15.502,16.052,13.802
2019-07-04 03:00:00,15.802,89.05745,0.19660568,0.456,0.383,0.353,16.102,16.001999,13.802
2019-07-04 04:00:00,17.552,83.11145,0.33904934,0.454,0.384,0.353,17.452,16.052,13.802
2019-07-04 05:00:00,18.952,77.11018,0.5016568,0.452,0.384,0.353,18.902,16.152,13.802
2019-07-04 06:00:00,20.352,65.19807,0.83193874,0.449,0.384,0.353,20.002,16.352,13.802
2019-07-04 07:00:00,20.552,69.37644,0.7410773,0.447,0.384,0.353,20.702,16.502,13.802
2019-07-04 08:00:00,21.502,64.81355,0.90259695,0.444,0.384,0.353,21.552,16.752,13.802
2019-07-04 09:00:00,22.102,61.480736,1.0249238,0.442,0.383,0.353,22.002,17.002,13.802
2019-07-04 10:00:00,22.552,59.051445,1.1197633,0.439,0.383,0.353,22.252,17.202,13.802
2019-07-04 11:00:00,22.552,58.29097,1.1405731,0.437,0.383,0.353,22.102,17.402,13.802
2019-07-04 12:00:00,22.402,55.841232,1.1966836,0.435,0.383,0.353,21.602,17.602,13.802
2019-07-04 13:00:00,21.052,64.298584,0.89095306,0.435,0.383,0.353,20.802,17.702,13.802
2019-07-04 14:00:00,19.802,75.044685,0.57656384,0.437,0.383,0.353,20.152,17.752,13.802
2019-07-04 15:00:00,18.452,82.15759,0.37900412,0.437,0.383,0.353,19.152,17.802,13.802
2019-07-04 16:00:00,17.452,85.820305,0.28287137,0.436,0.383,0.353,18.202,17.752,13.852
2019-07-04 17:00:00,16.902,87.15903,0.24742019,0.436,0.384,0.353,17.552,17.652,13.852
2019-07-04 18:00:00,16.652,86.85489,0.24930322,0.435,0.384,0.353,17.102,17.602,13.852
2019-07-04 19:00:00,16.752,79.83789,0.38484466,0.434,0.384,0.353,16.702,17.502,13.852
2019-07-04 20:00:00,16.202,80.81188,0.3536837,0.434,0.384,0.353,16.302,17.352,13.852
2019-07-04 21:00:00,15.452,82.31783,0.31069183,0.433,0.384,0.353,15.852,17.252,13.852
2019-07-04 22:00:00,14.702,84.69859,0.25621867,0.433,0.384,0.353,15.402,17.102,13.852
2019-07-04 23:00:00,14.052,86.891266,0.21048129,0.432,0.385,0.353,15.002,16.902,13.852
2019-07-05 00:00:00,13.702,88.30337,0.1835947,0.432,0.385,0.353,14.752,16.752,13.852
2019-07-05 01:00:00,14.952,85.84486,0.24086368,0.431,0.385,0.353,15.252,16.652,13.852
2019-07-05 02:00:00,17.202,78.35607,0.42505968,0.43,0.385,0.353,16.652,16.602,13.852
2019-07-05 03:00:00,19.402,70.97115,0.65429926,0.429,0.385,0.353,18.102,16.652,13.852
2019-07-05 04:00:00,21.402,62.526226,0.9554509,0.427,0.385,0.353,19.752,16.752,13.852
2019-07-05 05:00:00,22.902,52.77437,1.3191828,0.425,0.384,0.353,21.252,16.952,13.852
2019-07-05 06:00:00,23.852,48.384506,1.5267731,0.422,0.384,0.352,22.502,17.202,13.852
2019-07-05 07:00:00,24.652,46.27022,1.6672522,0.419,0.383,0.352,23.102,17.452,13.852
2019-07-05 08:00:00,25.252,43.198727,1.8267051,0.416,0.382,0.352,23.702,17.752,13.902
2019-07-05 09:00:00,25.952,39.566513,2.025877,0.412,0.382,0.352,24.352,18.002,13.902
2019-07-05 10:00:00,25.902,38.25989,2.0636296,0.41,0.381,0.352,24.152,18.252,13.902
2019-07-05 11:00:00,26.152,37.075188,2.1345325,0.407,0.381,0.352,24.152,18.502,13.902
2019-07-05 12:00:00,25.952,38.14679,2.073527,0.406,0.38,0.352,23.702,18.702,13.902
2019-07-05 13:00:00,25.552,43.424442,1.8520849,0.404,0.38,0.352,23.252,18.902,13.902
2019-07-05 14:00:00,24.552,50.01935,1.5415881,0.403,0.38,0.352,22.602,19.002,13.952
2019-07-05 15:00:00,22.552,54.26048,1.2508731,0.403,0.38,0.352,21.452,19.052,13.952
2019-07-05 16:00:00,20.702,56.523594,1.0620526,0.402,0.38,0.352,20.202,19.052,13.952
2019-07-05 17:00:00,19.552,57.56032,0.9656843,0.402,0.38,0.352,19.302,18.952,13.952
2019-07-05 18:00:00,18.552,59.457386,0.866837,0.402,0.38,0.352,18.502,18.852,14.002
2019-07-05 19:00:00,17.852,61.100536,0.7960069,0.402,0.38,0.352,17.852,18.752,14.002
2019-07-05 20:00:00,17.302,62.417343,0.7428787,0.401,0.38,0.352,17.352,18.602,14.002
2019-07-05 21:00:00,16.902,63.591015,0.7017096,0.401,0.38,0.352,16.952,18.452,14.002
2019-07-05 22:00:00,16.552,64.80245,0.66347337,0.401,0.38,0.352,16.602,18.302,14.002
2019-07-05 23:00:00,16.202,66.48448,0.61786175,0.401,0.38,0.352,16.302,18.102,14.002
2019-07-06 00:00:00,16.052,68.02731,0.5838083,0.401,0.38,0.352,16.102,17.952,14.052
2019-07-06 01:00:00,16.952,70.27432,0.57467747,0.4,0.38,0.352,16.552,17.802,14.052
2019-07-06 02:00:00,19.202,65.80755,0.7612237,0.4,0.38,0.352,17.902,17.752,14.052
2019-07-06 03:00:00,21.652,59.221256,1.055759,0.399,0.379,0.352,19.702,17.802,14.052
2019-07-06 04:00:00,23.852,53.712418,1.3690459,0.397,0.379,0.352,21.452,17.952,14.052
2019-07-06 05:00:00,25.702,47.627956,1.729619,0.395,0.378,0.352,23.202,18.152,14.052
2019-07-06 06:00:00,26.952,41.582672,2.0768304,0.392,0.378,0.351,24.552,18.402,14.052
2019-07-06 07:00:00,28.202,39.933907,2.2969995,0.389,0.377,0.351,25.852,18.752,14.052
2019-07-06 08:00:00,28.752,37.069252,2.4846115,0.387,0.376,0.351,26.502,19.052,14.102
2019-07-06 09:00:00,28.502,37.611057,2.4278169,0.385,0.375,0.351,26.552,19.402,14.102
2019-07-06 10:00:00,28.252,39.55901,2.3180718,0.383,0.375,0.351,26.352,19.652,14.102
2019-07-06 11:00:00,25.452,53.60023,1.509694,0.392,0.374,0.351,25.552,19.902,14.102
2019-07-06 12:00:00,23.952,62.296997,1.1216719,0.393,0.374,0.351,24.302,20.002,14.152
2019-07-06 13:00:00,24.052,60.750618,1.1747247,0.393,0.374,0.351,23.452,20.102,14.152
2019-07-06 14:00:00,23.702,62.042595,1.1124412,0.392,0.374,0.351,22.952,20.152,14.152
2019-07-06 15:00:00,21.802,66.56792,0.8734039,0.392,0.374,0.351,21.902,20.152,14.202
2019-07-06 16:00:00,19.852,72.91261,0.6277795,0.392,0.374,0.351,20.802,20.102,14.202
2019-07-06 17:00:00,18.402,77.025116,0.4865353,0.392,0.374,0.351,19.802,20.002,14.202
2019-07-06 18:00:00,17.352,78.889656,0.4185195,0.392,0.374,0.351,18.952,19.852,14.252
2019-07-06 19:00:00,15.402,82.85351,0.30031502,0.391,0.374,0.351,18.002,19.702,14.252
2019-07-06 20:00:00,14.452,84.671135,0.25257707,0.391,0.374,0.351,17.252,19.452,14.252
2019-07-06 21:00:00,13.602,86.848236,0.20510149,0.391,0.374,0.351,16.552,19.252,14.252
2019-07-06 22:00:00,12.902,88.5276,0.17093801,0.391,0.374,0.351,15.902,19.002,14.302
2019-07-06 23:00:00,12.252,90.558815,0.13481045,0.391,0.374,0.351,15.252,18.752,14.302
2019-07-07 00:00:00,11.902,91.1396,0.1236397,0.391,0.374,0.351,14.852,18.452,14.302
2019-07-07 01:00:00,13.152,86.23054,0.20854104,0.391,0.374,0.351,15.302,18.252,14.302
2019-07-07 02:00:00,15.152,73.76574,0.45221984,0.39,0.374,0.351,16.702,18.102,14.302
2019-07-07 03:00:00,16.902,62.74485,0.7180239,0.389,0.374,0.351,18.002,18.052,14.302
2019-07-07 04:00:00,18.502,52.856907,1.0048926,0.388,0.373,0.351,19.452,18.052,14.302
2019-07-07 05:00:00,19.702,47.2536,1.2115678,0.386,0.373,0.351,20.852,18.152,14.302
2019-07-07 06:00:00,20.702,45.0278,1.3430841,0.384,0.372,0.351,22.152,18.302,14.302
2019-07-07 07:00:00,21.802,43.538467,1.4755589,0.381,0.371,0.35,23.252,18.502,14.352
2019-07-07 08:00:00,22.502,41.721138,1.5892864,0.379,0.371,0.35,24.052,18.702,14.352
2019-07-07 09:00:00,23.102,40.231125,1.6901845,0.376,0.37,0.35,24.602,18.952,14.352
2019-07-07 10:00:00,23.502,39.00668,1.7669128,0.374,0.369,0.35,24.852,19.152,14.352
2019-07-07 11:00:00,23.602,38.381104,1.7958186,0.372,0.369,0.35,24.702,19.402,14.352
2019-07-07 12:00:00,23.652,37.751045,1.8196589,0.37,0.368,0.35,24.352,19.552,14.402
2019-07-07 13:00:00,23.352,38.051197,1.7784901,0.369,0.368,0.35,23.602,19.702,14.402
2019-07-07 14:00:00,22.652,44.66482,1.5227166,0.368,0.368,0.35,22.652,19.752,14.402
2019-07-07 15:00:00,21.002,53.508205,1.1568663,0.368,0.367,0.35,21.352,19.752,14.402
2019-07-07 16:00:00,19.202,58.243908,0.9297017,0.368,0.367,0.35,19.952,19.702,14.452
2019-07-07 17:00:00,18.252,58.4009,0.8729023,0.367,0.367,0.35,19.102,19.602,14.452
2019-07-07 18:00:00,17.702,58.266235,0.84601784,0.367,0.367,0.35,18.452,19.452,14.452
2019-07-07 19:00:00,17.102,60.924347,0.76270986,0.367,0.367,0.35,17.952,19.302,14.452
2019-07-07 20:00:00,16.502,63.501057,0.68583345,0.367,0.367,0.35,17.452,19.102,14.452
2019-07-07 21:00:00,16.152,64.93217,0.6444342,0.367,0.367,0.35,17.052,18.952,14.452
2019-07-07 22:00:00,15.952,65.32594,0.62912834,0.367,0.367,0.35,16.802,18.752,14.502
2019-07-07 23:00:00,15.852,65.30418,0.62552094,0.367,0.367,0.35,16.552,18.602,14.502
2019-07-08 00:00:00,15.802,65.51322,0.6197698,0.367,0.367,0.35,16.402,18.402,14.502
2019-07-08 01:00:00,16.502,67.44188,0.61175966,0.367,0.367,0.35,16.702,18.302,14.502
2019-07-08 02:00:00,18.752,60.703545,0.8507366,0.366,0.367,0.35,18.002,18.202,14.502
2019-07-08 03:00:00,20.852,53.29234,1.1515977,0.365,0.367,0.35,19.602,18.202,14.502
2019-07-08 04:00:00,22.552,47.87403,1.4256736,0.364,0.366,0.35,21.202,18.302,14.502
2019-07-08 05:00:00,24.052,41.73696,1.7443902,0.362,0.366,0.35,22.752,18.502,14.502
2019-07-08 06:00:00,25.052,35.78651,2.0409708,0.36,0.365,0.349,24.152,18.702,14.502
2019-07-08 07:00:00,25.152,37.04095,2.0129814,0.358,0.364,0.349,25.302,19.002,14.552
2019-07-08 08:00:00,25.852,35.532387,2.1485522,0.355,0.363,0.349,26.202,19.252,14.552
2019-07-08 09:00:00,26.302,34.25197,2.2502248,0.353,0.363,0.349,26.752,19.602,14.552
2019-07-08 10:00:00,26.552,33.52415,2.308877,0.351,0.362,0.349,26.802,19.852,14.552
2019-07-08 11:00:00,26.752,32.798496,2.3616948,0.349,0.361,0.349,26.652,20.152,14.602
2019-07-08 12:00:00,26.702,32.34496,2.3706863,0.347,0.36,0.349,26.202,20.352,14.602
2019-07-08 13:00:00,26.352,33.92196,2.2682004,0.346,0.36,0.349,25.452,20.502,14.602
2019-07-08 14:00:00,25.252,43.62782,1.812891,0.345,0.36,0.349,24.402,20.602,14.602
2019-07-08 15:00:00,23.402,47.945915,1.498686,0.345,0.36,0.349,23.002,20.652,14.652
2019-07-08 16:00:00,21.602,47.456253,1.3564497,0.345,0.36,0.349,21.652,20.602,14.652
2019-07-08 17:00:00,20.752,46.27714,1.3165777,0.344,0.36,0.349,20.702,20.502,14.652
2019-07-08 18:00:00,20.102,46.410812,1.2617657,0.344,0.36,0.349,20.002,20.402,14.702
2019-07-08 19:00:00,18.252,55.533573,0.93309915,0.344,0.36,0.349,19.202,20.252,14.702
2019-07-08 20:00:00,17.502,63.0915,0.7388036,0.344,0.36,0.349,18.552,20.102,14.702
2019-07-08 21:00:00,17.102,67.565865,0.63303185,0.344,0.36,0.348,18.202,19.902,14.702
2019-07-08 22:00:00,16.402,71.341385,0.535059,0.344,0.359,0.348,17.702,19.752,14.752
2019-07-08 23:00:00,15.602,75.32849,0.4377091,0.344,0.359,0.348,17.202,19.552,14.752
2019-07-09 00:00:00,14.752,83.32175,0.280177,0.344,0.359,0.348,16.802,19.302,14.752
2019-07-09 01:00:00,15.852,81.830315,0.3275236,0.344,0.359,0.348,17.252,19.152,14.752
2019-07-09 02:00:00,18.052,70.25463,0.61630857,0.344,0.359,0.348,18.852,19.052,14.752
2019-07-09 03:00:00,20.202,59.263103,0.9649317,0.343,0.359,0.348,20.202,19.052,14.752
2019-07-09 04:00:00,22.002,46.62187,1.4120057,0.342,0.359,0.348,21.602,19.102,14.752
2019-07-09 05:00:00,23.252,38.28166,1.761225,0.34,0.358,0.348,22.852,19.252,14.802
2019-07-09 06:00:00,24.052,36.978836,1.8869991,0.339,0.357,0.348,24.052,19.402,14.802
2019-07-09 07:00:00,24.252,36.910583,1.9117951,0.337,0.357,0.348,24.852,19.602,14.802
2019-07-09 08:00:00,24.702,34.380173,2.0427144,0.335,0.356,0.348,25.302,19.802,14.802
2019-07-09 09:00:00,24.302,34.855534,1.9800484,0.334,0.355,0.348,24.652,20.002,14.802
2019-07-09 10:00:00,25.002,32.97472,2.1241212,0.332,0.355,0.348,24.902,20.152,14.852
2019-07-09 11:00:00,25.502,31.252127,2.244417,0.331,0.354,0.348,25.002,20.302,14.852
2019-07-09 12:00:00,24.352,36.44258,1.937542,0.331,0.354,0.347,24.652,20.452,14.852
2019-07-09 13:00:00,22.752,44.99223,1.5228869,0.33,0.354,0.347,23.802,20.502,14.852
2019-07-09 14:00:00,21.352,51.509987,1.232757,0.329,0.353,0.347,22.752,20.552,14.902
2019-07-09 15:00:00,19.902,55.951054,1.0242784,0.329,0.353,0.347,21.552,20.502,14.902
2019-07-09 16:00:00,18.352,60.40792,0.8359852,0.329,0.353,0.347,20.252,20.402,14.902
2019-07-09 17:00:00,17.152,64.287605,0.6992439,0.329,0.353,0.347,19.152,20.252,14.902
2019-07-09 18:00:00,16.152,67.14442,0.6037675,0.329,0.353,0.347,18.302,20.102,14.952
2019-07-09 19:00:00,14.902,69.17442,0.5229223,0.329,0.353,0.347,17.452,19.902,14.952
2019-07-09 20:00:00,14.152,72.1198,0.4506204,0.329,0.353,0.347,16.752,19.652,14.952
2019-07-09 21:00:00,13.452,75.21991,0.3827318,0.329,0.353,0.347,16.152,19.402,14.952
2019-07-09 22:00:00,12.652,79.52212,0.30019307,0.329,0.353,0.347,15.552,19.152,14.952
2019-07-09 23:00:00,12.002,83.27073,0.23499668,0.329,0.353,0.347,14.952,18.902,14.952
2019-07-10 00:00:00,11.652,85.50218,0.19900763,0.329,0.353,0.347,14.602,18.602,14.952
2019-07-10 01:00:00,13.352,81.507416,0.28375506,0.329,0.353,0.347,15.302,18.402,14.952
2019-07-10 02:00:00,16.052,69.63477,0.55444825,0.329,0.353,0.347,17.102,18.302,14.952
2019-07-10 03:00:00,18.102,61.56777,0.79887724,0.328,0.353,0.347,18.702,18.252,15.002
2019-07-10 04:00:00,19.452,55.46641,1.0070915,0.327,0.352,0.347,20.352,18.302,15.002
2019-07-10 05:00:00,20.602,51.655415,1.1738162,0.326,0.352,0.347,21.952,18.452,15.002
2019-07-10 06:00:00,21.652,48.592953,1.3311378,0.325,0.351,0.347,23.502,18.652,15.002
2019-07-10 07:00:00,22.752,44.99223,1.5228869,0.323,0.351,0.347,24.802,18.902,15.002
2019-07-10 08:00:00,23.652,42.3268,1.6857748,0.322,0.35,0.347,25.802,19.152,15.002
2019-07-10 09:00:00,24.302,40.70572,1.8020551,0.32,0.349,0.347,26.402,19.452,15.002
2019-07-10 10:00:00,24.752,39.492096,1.8890357,0.319,0.348,0.346,26.652,19.752,15.002
2019-07-10 11:00:00,25.052,38.53284,1.9535848,0.317,0.348,0.346,26.502,20.002,15.002
2019-07-10 12:00:00,25.002,38.26159,1.9563906,0.316,0.347,0.346,26.052,20.202,15.052
2019-07-10 13:00:00,24.752,38.577244,1.9176282,0.316,0.347,0.346,25.252,20.402,15.052
2019-07-10 14:00:00,23.902,44.565563,1.64477,0.315,0.347,0.346,24.152,20.502,15.052
2019-07-10 15:00:00,22.202,50.55138,1.3239799,0.315,0.347,0.346,22.702,20.502,15.052
2019-07-10 16:00:00,20.302,54.947315,1.0738221,0.315,0.347,0.346,21.252,20.452,15.102
2019-07-10 17:00:00,19.202,57.09248,0.9553518,0.315,0.347,0.346,20.202,20.352,15.102
2019-07-10 18:00:00,18.402,58.437542,0.8803594,0.315,0.346,0.346,19.402,20.252,15.102
2019-07-10 19:00:00,17.602,59.827602,0.80924475,0.315,0.346,0.346,18.702,20.102,15.102
2019-07-10 20:00:00,17.102,60.924347,0.76270986,0.315,0.346,0.346,18.152,19.952,15.102
2019-07-10 21:00:00,16.652,62.477535,0.71181536,0.314,0.346,0.346,17.702,19.752,15.152
2019-07-10 22:00:00,16.402,63.478523,0.68191266,0.314,0.346,0.346,17.352,19.552,15.152
2019-07-10 23:00:00,16.102,64.70353,0.6465758,0.314,0.346,0.346,17.052,19.352,15.152
2019-07-11 00:00:00,16.001999,65.556564,0.6269376,0.314,0.346,0.346,16.852,19.202,15.152
2019-07-11 01:00:00,16.902,64.66287,0.6810442,0.314,0.346,0.346,17.202,19.052,15.152
2019-07-11 02:00:00,19.002,59.367775,0.8934802,0.314,0.346,0.346,18.352,18.952,15.152
2019-07-11 03:00:00,21.302,52.012157,1.2162575,0.313,0.346,0.346,20.002,18.952,15.152
2019-07-11 04:00:00,23.402,46.386894,1.543612,0.313,0.345,0.346,21.752,19.002,15.152
2019-07-11 05:00:00,25.302,40.986443,1.9035705,0.312,0.345,0.346,23.402,19.152,15.152
2019-07-11 06:00:00,26.802,34.27764,2.31643,0.31,0.344,0.346,24.952,19.402,15.152
2019-07-11 07:00:00,28.202,30.23124,2.668621,0.309,0.343,0.345,26.252,19.652,15.202
2019-07-11 08:00:00,29.052,28.009584,2.8925798,0.307,0.343,0.345,27.252,19.952,15.202
2019-07-11 09:00:00,29.652,26.692385,3.0491004,0.306,0.342,0.345,27.802,20.252,15.202
2019-07-11 10:00:00,30.052,25.73416,3.1607027,0.304,0.341,0.345,28.102,20.552,15.202
2019-07-11 11:00:00,30.302,25.110752,3.2331953,0.303,0.34,0.345,28.102,20.852,15.202
2019-07-11 12:00:00,30.202,25.513529,3.1974401,0.302,0.34,0.345,27.752,21.102,15.252
2019-07-11 13:00:00,29.102,32.580334,2.7164612,0.302,0.339,0.345,26.902,21.302,15.252
2019-07-11 14:00:00,27.152,37.480286,2.2490516,0.301,0.339,0.345,25.652,21.402,15.252
2019-07-11 15:00:00,25.502,39.703236,1.9682075,0.301,0.339,0.345,24.452,21.452,15.302
2019-07-11 16:00:00,24.302,40.841972,1.7979097,0.301,0.339,0.345,23.452,21.452,15.302
2019-07-11 17:00:00,23.352,41.81999,1.6701915,0.301,0.339,0.345,22.652,21.452,15.302
2019-07-11 18:00:00,22.552,42.731354,1.5664531,0.301,0.339,0.345,21.952,21.352,15.352
2019-07-11 19:00:00,21.802,45.181847,1.4325774,0.3,0.339,0.345,21.352,21.252,15.352
2019-07-11 20:00:00,21.152,46.700947,1.3386264,0.3,0.339,0.345,20.802,21.152,15.352
2019-07-11 21:00:00,20.502,48.770092,1.2362905,0.3,0.339,0.345,20.352,21.052,15.352
2019-07-11 22:00:00,19.802,51.09907,1.1301613,0.3,0.339,0.345,19.852,20.902,15.402
2019-07-11 23:00:00,19.102,53.73174,1.0238348,0.3,0.339,0.345,19.402,20.752,15.402
2019-07-12 00:00:00,18.752,55.8475,0.95592105,0.3,0.339,0.345,19.102,20.602,15.402
2019-07-12 01:00:00,19.252,57.486374,0.9495232,0.3,0.339,0.345,19.302,20.452,15.402
2019-07-12 02:00:00,20.752,55.061653,1.101165,0.3,0.339,0.345,20.102,20.352,15.402
2019-07-12 03:00:00,22.852,49.241085,1.413685,0.299,0.338,0.344,21.602,20.352,15.452
2019-07-12 04:00:00,25.152,44.178185,1.7845472,0.299,0.338,0.344,23.352,20.402,15.452
2019-07-12 05:00:00,27.102,39.109104,2.1839821,0.298,0.337,0.344,25.102,20.552,15.452
2019-07-12 06:00:00,28.502,33.733395,2.5789428,0.297,0.337,0.344,26.702,20.802,15.452
2019-07-12 07:00:00,29.752,29.55505,2.9467,0.296,0.336,0.344,27.952,21.052,15.452
2019-07-12 08:00:00,30.402,27.999855,3.1260507,0.294,0.335,0.344,28.952,21.352,15.502
2019-07-12 09:00:00,30.802,26.911556,3.246604,0.293,0.334,0.344,29.602,21.652,15.502
2019-07-12 10:00:00,30.952,26.149626,3.3086362,0.292,0.334,0.343,29.852,21.952,15.502
2019-07-12 11:00:00,30.752,26.008427,3.2774508,0.291,0.333,0.343,29.702,22.202,15.552
2019-07-12 12:00:00,30.202,26.57036,3.1519933,0.29,0.332,0.343,29.202,22.452,15.552
2019-07-12 13:00:00,29.352,28.955256,2.9042938,0.29,0.332,0.343,28.352,22.602,15.552
2019-07-12 14:00:00,27.752,34.429604,2.4430356,0.289,0.332,0.343,27.152,22.752,15.602
2019-07-12 15:00:00,25.552,39.84945,1.969253,0.289,0.332,0.343,25.652,22.752,15.602
2019-07-12 16:00:00,23.552,44.914204,1.600428,0.289,0.332,0.343,24.152,22.702,15.602
2019-07-12 17:00:00,22.152,48.890335,1.3643388,0.289,0.332,0.343,23.002,22.652,15.652
2019-07-12 18:00:00,21.052,51.77408,1.2037302,0.289,0.332,0.343,22.052,22.502,15.652
2019-07-12 19:00:00,20.052,52.379486,1.1176916,0.289,0.332,0.343,21.252,22.352,15.702
2019-07-12 20:00:00,19.252,53.410984,1.0405971,0.289,0.332,0.343,20.552,22.152,15.702
2019-07-12 21:00:00,18.552,53.769768,0.98850787,0.289,0.332,0.343,19.952,21.952,15.702
2019-07-12 22:00:00,17.852,54.502644,0.9310868,0.289,0.332,0.343,19.402,21.752,15.702
2019-07-12 23:00:00,17.152,56.00754,0.86143863,0.289,0.332,0.343,18.852,21.502,15.752
2019-07-13 00:00:00,16.652,57.811275,0.8003715,0.289,0.331,0.343,18.402,21.302,15.752
2019-07-13 01:00:00,17.402,58.192528,0.8316531,0.288,0.331,0.343,18.652,21.102,15.752
2019-07-13 02:00:00,19.302,52.71116,1.0595233,0.288,0.331,0.343,19.752,20.952,15.752
2019-07-13 03:00:00,21.352,47.38783,1.337633,0.288,0.331,0.343,21.352,20.902,15.752
2019-07-13 04:00:00,23.302,42.65513,1.6412445,0.288,0.331,0.343,23.052,20.902,15.802
2019-07-13 05:00:00,24.702,37.54049,1.944229,0.287,0.33,0.343,24.602,21.002,15.802
2019-07-13 06:00:00,25.752,34.44402,2.1719923,0.286,0.33,0.342,25.952,21.152,15.802
2019-07-13 07:00:00,26.802,32.812527,2.3681388,0.286,0.329,0.342,27.152,21.352,15.802
2019-07-13 08:00:00,27.602,30.889015,2.5527315,0.285,0.328,0.342,28.052,21.602,15.852
2019-07-13 09:00:00,28.202,29.625586,2.6918225,0.284,0.328,0.342,28.702,21.852,15.852
2019-07-13 10:00:00,28.502,29.31038,2.7513494,0.283,0.327,0.342,28.952,22.102,15.852
2019-07-13 11:00:00,28.552,29.423195,2.7549176,0.283,0.326,0.342,28.852,22.302,15.852
2019-07-13 12:00:00,28.252,30.449375,2.667997,0.282,0.326,0.341,28.402,22.502,15.902
2019-07-13 13:00:00,27.702,31.867617,2.5312455,0.282,0.326,0.341,27.652,22.652,15.902
2019-07-13 14:00:00,26.652,35.638733,2.2485104,0.282,0.325,0.341,26.602,22.752,15.902
2019-07-13 15:00:00,24.952,39.946316,1.8972955,0.281,0.325,0.341,25.252,22.752,15.952
2019-07-13 16:00:00,23.202,44.37155,1.5825102,0.281,0.325,0.341,23.902,22.702,15.952
2019-07-13 17:00:00,22.052,47.738026,1.3866681,0.281,0.325,0.341,22.802,22.602,15.952
2019-07-13 18:00:00,21.152,50.439526,1.2446655,0.281,0.325,0.341,21.952,22.502,16.001999
2019-07-13 19:00:00,20.002,52.894382,1.10219,0.281,0.325,0.341,21.152,22.302,16.001999
2019-07-13 20:00:00,19.402,54.534878,1.0249842,0.281,0.325,0.341,20.552,22.152,16.001999
2019-07-13 21:00:00,18.852,56.24814,0.95316756,0.281,0.325,0.341,20.052,21.952,16.001999
2019-07-13 22:00:00,18.202,58.388695,0.87042844,0.281,0.325,0.341,19.552,21.752,16.052
2019-07-13 23:00:00,17.602,60.83803,0.7888819,0.281,0.325,0.341,19.052,21.552,16.052
2019-07-14 00:00:00,17.102,63.42361,0.71390927,0.281,0.325,0.341,18.652,21.352,16.052
2019-07-14 01:00:00,17.902,63.392143,0.7514498,0.281,0.325,0.341,18.952,21.152,16.052
2019-07-14 02:00:00,19.852,57.634125,0.98207855,0.281,0.325,0.341,20.102,21.052,16.052
2019-07-14 03:00:00,22.002,51.68108,1.2780771,0.281,0.325,0.341,21.702,21.002,16.102
2019-07-14 04:00:00,23.902,46.98612,1.5728849,0.28,0.324,0.341,23.402,21.002,16.102
2019-07-14 05:00:00,25.452,41.575203,1.9013934,0.28,0.324,0.341,25.002,21.152,16.102
2019-07-14 06:00:00,26.802,37.381973,2.2068758,0.279,0.324,0.341,26.452,21.302,16.102
2019-07-14 07:00:00,28.152,35.704407,2.4518492,0.279,0.323,0.341,27.802,21.552,16.102
2019-07-14 08:00:00,29.152,32.920033,2.7105536,0.278,0.322,0.34,28.852,21.802,16.152
2019-07-14 09:00:00,30.002,30.830555,2.935021,0.278,0.322,0.34,29.652,22.102,16.152
2019-07-14 10:00:00,30.452,29.451645,3.0716624,0.277,0.321,0.34,30.002,22.352,16.152
2019-07-14 11:00:00,30.552,29.08918,3.1051407,0.277,0.321,0.34,30.002,22.602,16.152
2019-07-14 12:00:00,30.252,29.593452,3.030652,0.276,0.32,0.34,29.552,22.852,16.202
2019-07-14 13:00:00,29.602,31.235569,2.851622,0.276,0.32,0.34,28.802,23.052,16.202
2019-07-14 14:00:00,28.402,35.072643,2.5121481,0.276,0.32,0.34,27.752,23.152,16.202
2019-07-14 15:00:00,26.552,39.083992,2.115533,0.275,0.32,0.34,26.352,23.202,16.252
2019-07-14 16:00:00,24.702,43.475388,1.7593014,0.275,0.319,0.34,24.952,23.152,16.252
2019-07-14 17:00:00,23.402,47.16073,1.5213122,0.275,0.319,0.34,23.852,23.102,16.252
2019-07-14 18:00:00,22.402,50.105373,1.3522465,0.275,0.319,0.34,22.902,23.002,16.302
2019-07-14 19:00:00,21.352,51.853016,1.2240301,0.275,0.319,0.34,22.102,22.852,16.302
2019-07-14 20:00:00,20.652,54.6729,1.1038935,0.275,0.319,0.34,21.502,22.702,16.302
2019-07-14 21:00:00,20.052,57.492744,0.99761224,0.275,0.319,0.34,20.952,22.502,16.352
2019-07-14 22:00:00,19.552,60.49052,0.89897573,0.275,0.319,0.34,20.502,22.352,16.352
2019-07-14 23:00:00,19.102,63.45108,0.80866647,0.275,0.319,0.34,20.052,22.152,16.352
2019-07-15 00:00:00,18.802,66.155525,0.7349442,0.275,0.319,0.34,19.752,21.952,16.352
2019-07-15 01:00:00,19.802,65.29263,0.80198133,0.275,0.319,0.34,20.152,21.802,16.402
2019-07-15 02:00:00,21.902,59.473804,1.0653206,0.275,0.319,0.339,21.352,21.702,16.402
2019-07-15 03:00:00,24.202,52.76603,1.4266557,0.275,0.319,0.339,23.052,21.702,16.402
2019-07-15 04:00:00,26.152,47.748856,1.7720809,0.274,0.319,0.339,24.902,21.752,16.402
2019-07-15 05:00:00,27.702,42.063293,2.1519775,0.274,0.318,0.339,26.652,21.902,16.402
2019-07-15 06:00:00,28.802,38.6918,2.427463,0.274,0.318,0.339,28.202,22.102,16.452
2019-07-15 07:00:00,29.852,36.297142,2.679562,0.273,0.317,0.339,29.452,22.352,16.452
2019-07-15 08:00:00,30.552,34.30408,2.8763976,0.273,0.317,0.339,30.402,22.652,16.452
2019-07-15 09:00:00,31.102,32.81152,3.0354142,0.272,0.316,0.338,31.052,22.952,16.452
2019-07-15 10:00:00,31.402,31.628244,3.1420007,0.272,0.316,0.338,31.352,23.252,16.502
2019-07-15 11:00:00,31.502,31.038889,3.1871414,0.271,0.315,0.338,31.302,23.502,16.502
2019-07-15 12:00:00,31.252,31.174635,3.1360934,0.271,0.315,0.338,30.852,23.752,16.502
2019-07-15 13:00:00,30.752,31.761536,3.0221703,0.271,0.314,0.338,30.052,23.952,16.552
2019-07-15 14:00:00,29.552,34.93258,2.6903272,0.27,0.314,0.338,28.902,24.052,16.552
2019-07-15 15:00:00,27.652,38.244865,2.287328,0.27,0.314,0.338,27.502,24.102,16.552
2019-07-15 16:00:00,25.952,40.76253,1.9857368,0.27,0.314,0.338,26.052,24.102,16.602
2019-07-15 17:00:00,24.752,41.655373,1.8214281,0.27,0.314,0.338,24.952,24.002,16.602
2019-07-15 18:00:00,23.802,41.52762,1.7246207,0.27,0.314,0.338,24.102,23.902,16.652
2019-07-15 19:00:00,23.052,41.03914,1.6622912,0.27,0.314,0.338,23.352,23.802,16.652
2019-07-15 20:00:00,22.402,40.855347,1.6031675,0.27,0.314,0.338,22.752,23.652,16.652
2019-07-15 21:00:00,21.802,41.24226,1.5356171,0.27,0.314,0.338,22.252,23.452,16.702
2019-07-15 22:00:00,21.252,42.07791,1.4637601,0.27,0.314,0.338,21.752,23.302,16.702
2019-07-15 23:00:00,20.702,43.672745,1.3762149,0.27,0.314,0.338,21.302,23.102,16.702
2019-07-16 00:00:00,20.302,45.530525,1.2984284,0.27,0.314,0.338,20.952,22.902,16.702
2019-07-16 01:00:00,20.952,46.961044,1.3158604,0.27,0.314,0.338,21.202,22.752,16.752
2019-07-16 02:00:00,22.802,44.55733,1.5395868,0.269,0.314,0.338,22.202,22.652,16.752
2019-07-16 03:00:00,25.052,39.576637,1.9203736,0.269,0.313,0.338,23.852,22.602,16.752
2019-07-16 04:00:00,27.352,34.778393,2.3739781,0.269,0.313,0.338,25.702,22.652,16.752
2019-07-16 05:00:00,29.502,30.285816,2.8745077,0.269,0.313,0.337,27.652,22.802,16.802
2019-07-16 06:00:00,31.252,26.054197,3.3698683,0.268,0.312,0.337,29.452,23.002,16.802
2019-07-16 07:00:00,32.702,24.324389,3.743019,0.268,0.312,0.337,30.952,23.302,16.802
2019-07-16 08:00:00,33.502,22.945396,3.9859495,0.267,0.311,0.337,32.101997,23.602,16.802
2019-07-16 09:00:00,34.101997,21.89239,4.17785,0.267,0.311,0.337,32.952,23.902,16.852
2019-07-16 10:00:00,34.452,21.325733,4.290777,0.266,0.31,0.336,33.401997,24.252,16.852
2019-07-16 11:00:00,34.651997,20.877914,4.363332,0.266,0.309,0.336,33.502,24.552,16.902
2019-07-16 12:00:00,34.502,20.911213,4.32541,0.265,0.309,0.336,33.052,24.852,16.902
2019-07-16 13:00:00,34.052,22.176044,4.1510897,0.265,0.309,0.336,32.151997,25.052,16.902
2019-07-16 14:00:00,32.401997,27.98184,3.5021946,0.265,0.309,0.336,30.802,25.202,16.952
2019-07-16 15:00:00,30.052,30.336254,2.9645076,0.265,0.309,0.336,29.202,25.252,16.952
2019-07-16 16:00:00,28.352,31.517109,2.6422591,0.265,0.309,0.336,27.802,25.252,17.002
2019-07-16 17:00:00,26.252,42.62955,1.9574019,0.265,0.309,0.336,26.552,25.202,17.002
2019-07-16 18:00:00,24.652,44.03999,1.7365277,0.265,0.309,0.336,25.152,25.102,17.052
2019-07-16 19:00:00,22.852,54.514343,1.2667099,0.265,0.308,0.336,24.352,24.952,17.052
2019-07-16 20:00:00,21.902,57.00688,1.1302129,0.265,0.308,0.336,23.702,24.752,17.052
2019-07-16 21:00:00,21.252,56.47431,1.0997227,0.265,0.308,0.336,23.152,24.602,17.102
2019-07-16 22:00:00,20.752,55.42703,1.0922062,0.265,0.308,0.336,22.602,24.402,17.102
2019-07-16 23:00:00,20.152,55.828407,1.043115,0.265,0.308,0.336,22.102,24.202,17.102
2019-07-17 00:00:00,19.602,57.19163,0.9771017,0.264,0.308,0.336,21.702,23.952,17.152
2019-07-17 01:00:00,19.652,58.16055,0.957937,0.264,0.308,0.336,21.652,23.752,17.152
2019-07-17 02:00:00,20.202,56.026436,1.041644,0.264,0.308,0.336,22.252,23.602,17.152
2019-07-17 03:00:00,21.152,53.36998,1.1710209,0.264,0.308,0.336,23.202,23.502,17.202
2019-07-17 04:00:00,22.352,49.926655,1.3529842,0.264,0.308,0.336,24.452,23.452,17.202
2019-07-17 05:00:00,23.752,45.872074,1.5915811,0.264,0.308,0.335,25.852,23.452,17.202
2019-07-17 06:00:00,25.152,41.767223,1.8617067,0.264,0.307,0.335,27.352,23.552,17.202
2019-07-17 07:00:00,25.902,42.25361,1.9299906,0.263,0.307,0.335,28.652,23.702,17.252
2019-07-17 08:00:00,27.002,39.21007,2.167628,0.263,0.307,0.335,29.702,23.852,17.252
2019-07-17 09:00:00,27.752,36.789497,2.354989,0.263,0.306,0.335,30.402,24.052,17.252
2019-07-17 10:00:00,28.152,34.77148,2.4874773,0.263,0.306,0.335,30.702,24.252,17.252
2019-07-17 11:00:00,28.152,33.635586,2.5308585,0.262,0.306,0.335,30.502,24.452,17.302
2019-07-17 12:00:00,27.752,33.523674,2.4768374,0.262,0.305,0.334,29.952,24.602,17.302
2019-07-17 13:00:00,27.002,34.33386,2.3417406,0.262,0.305,0.334,29.002,24.702,17.352
2019-07-17 14:00:00,25.902,37.252785,2.097332,0.262,0.305,0.334,27.752,24.702,17.352
2019-07-17 15:00:00,24.302,41.11568,1.7895827,0.262,0.305,0.334,26.302,24.702,17.352
2019-07-17 16:00:00,22.552,45.99989,1.4769756,0.262,0.305,0.334,24.802,24.602,17.402
2019-07-17 17:00:00,21.202,50.45288,1.2481446,0.262,0.305,0.334,23.552,24.452,17.402
2019-07-17 18:00:00,20.152,54.36399,1.0777183,0.262,0.305,0.334,22.552,24.252,17.402
2019-07-17 19:00:00,18.652,58.498505,0.89290774,0.262,0.305,0.334,21.502,24.052,17.402
2019-07-17 20:00:00,17.702,62.717556,0.7557452,0.262,0.305,0.334,20.702,23.802,17.452
2019-07-17 21:00:00,16.902,66.63241,0.64307284,0.262,0.305,0.334,20.002,23.502,17.452
2019-07-17 22:00:00,16.202,70.12928,0.5506499,0.262,0.305,0.334,19.352,23.252,17.452
2019-07-17 23:00:00,15.502,74.3191,0.4527173,0.262,0.305,0.334,18.752,22.952,17.452
2019-07-18 00:00:00,14.852,78.78405,0.35872006,0.262,0.305,0.334,18.202,22.652,17.452
2019-07-18 01:00:00,16.102,77.17093,0.4181416,0.262,0.305,0.334,18.652,22.402,17.502
2019-07-18 02:00:00,18.752,62.747807,0.80645967,0.262,0.305,0.334,20.452,22.252,17.502
2019-07-18 03:00:00,20.902,52.95265,1.1635426,0.261,0.305,0.334,22.202,22.202,17.502
2019-07-18 04:00:00,22.302,45.320526,1.4730705,0.261,0.305,0.334,24.002,22.202,17.502
2019-07-18 05:00:00,23.502,41.16605,1.7042989,0.261,0.304,0.334,25.652,22.302,17.502
2019-07-18 06:00:00,24.652,37.52632,1.9388827,0.261,0.304,0.334,27.152,22.452,17.502
2019-07-18 07:00:00,25.802,36.2409,2.118641,0.261,0.304,0.334,28.502,22.652,17.502
2019-07-18 08:00:00,26.702,33.341278,2.3357282,0.26,0.303,0.334,29.502,22.852,17.502
2019-07-18 09:00:00,27.452,31.266623,2.5166402,0.26,0.303,0.333,30.202,23.102,17.552
2019-07-18 10:00:00,27.802,30.22242,2.607604,0.26,0.303,0.333,30.502,23.352,17.552
2019-07-18 11:00:00,27.902,29.642908,2.6446416,0.26,0.302,0.333,30.352,23.602,17.552
2019-07-18 12:00:00,27.702,29.788788,2.608592,0.259,0.302,0.333,29.802,23.802,17.552
2019-07-18 13:00:00,27.202,30.67369,2.5015664,0.259,0.302,0.333,28.902,23.952,17.602
2019-07-18 14:00:00,26.252,33.779785,2.2597408,0.259,0.302,0.333,27.702,24.002,17.602
2019-07-18 15:00:00,24.652,38.808453,1.8990487,0.259,0.302,0.333,26.152,24.002,17.602
2019-07-18 16:00:00,23.002,43.290585,1.5939407,0.259,0.302,0.333,24.652,23.952,17.602
2019-07-18 17:00:00,21.702,47.48359,1.3640392,0.259,0.302,0.333,23.402,23.852,17.652
2019-07-18 18:00:00,20.502,52.148544,1.154709,0.259,0.302,0.333,22.402,23.702,17.652
2019-07-18 19:00:00,19.302,56.73809,0.9692507,0.259,0.302,0.333,21.452,23.502,17.652
2019-07-18 20:00:00,18.202,62.208332,0.7904947,0.259,0.302,0.333,20.702,23.302,17.652
2019-07-18 21:00:00,17.202,68.035835,0.62780833,0.259,0.302,0.333,19.952,23.052,17.652
2019-07-18 22:00:00,16.302,73.47942,0.49199462,0.259,0.302,0.333,19.302,22.802,17.702
2019-07-18 23:00:00,15.602,78.11746,0.38821816,0.259,0.302,0.333,18.652,22.552,17.702
2019-07-19 00:00:00,15.202,80.67754,0.33412492,0.259,0.302,0.333,18.202,22.302,17.702
2019-07-19 01:00:00,16.702,81.67219,0.34871912,0.259,0.302,0.333,18.802,22.052,17.702
2019-07-19 02:00:00,20.202,60.44416,0.9369408,0.259,0.302,0.333,20.952,21.952,17.702
2019-07-19 03:00:00,23.102,47.70662,1.47861,0.259,0.302,0.333,23.102,21.952,17.702
2019-07-19 04:00:00,25.252,39.63293,1.9415095,0.259,0.301,0.333,25.352,22.052,17.702
2019-07-19 05:00:00,26.602,36.832565,2.2002776,0.259,0.301,0.332,27.152,22.202,17.702
2019-07-19 06:00:00,27.702,35.109127,2.4106493,0.258,0.301,0.332,28.752,22.452,17.702
2019-07-19 07:00:00,28.702,34.239704,2.5890024,0.258,0.3,0.332,30.052,22.702,17.702
2019-07-19 08:00:00,29.552,33.140533,2.7645435,0.258,0.3,0.332,31.102,23.002,17.702
2019-07-19 09:00:00,30.302,31.221752,2.9689138,0.258,0.3,0.332,31.752,23.352,17.752
2019-07-19 10:00:00,30.452,31.159966,2.997152,0.257,0.3,0.332,31.852,23.652,17.752
2019-07-19 11:00:00,30.352,31.132406,2.9812806,0.257,0.299,0.331,31.402,23.902,17.752
2019-07-19 12:00:00,30.302,30.709051,2.991084,0.257,0.299,0.331,30.852,24.102,17.752
2019-07-19 13:00:00,30.152,30.871904,2.9585571,0.257,0.299,0.331,30.202,24.302,17.802
2019-07-19 14:00:00,29.052,35.486835,2.591691,0.257,0.299,0.331,29.052,24.402,17.802
2019-07-19 15:00:00,27.602,39.89721,2.2195678,0.257,0.299,0.331,27.652,24.452,17.802
2019-07-19 16:00:00,25.952,44.39855,1.863717,0.257,0.299,0.331,26.302,24.452,17.802
2019-07-19 17:00:00,24.552,48.572533,1.5862557,0.257,0.299,0.331,25.202,24.402,17.852
2019-07-19 18:00:00,23.102,53.346287,1.319023,0.257,0.299,0.331,24.202,24.302,17.852
2019-07-19 19:00:00,22.102,55.040863,1.1963986,0.257,0.299,0.331,23.402,24.152,17.852
2019-07-19 20:00:00,21.302,55.74879,1.1214906,0.257,0.299,0.331,22.802,24.002,17.852
2019-07-19 21:00:00,20.352,56.623375,1.0370402,0.257,0.299,0.331,22.102,23.852,17.902
2019-07-19 22:00:00,19.502,58.317036,0.945521,0.257,0.299,0.331,21.502,23.652,17.902
2019-07-19 23:00:00,18.752,60.703545,0.8507366,0.257,0.299,0.331,20.952,23.452,17.902
2019-07-20 00:00:00,18.202,63.459442,0.7643138,0.257,0.299,0.331,20.452,23.202,17.902
2019-07-20 01:00:00,18.852,63.604664,0.7928293,0.257,0.299,0.331,20.652,23.052,17.902
2019-07-20 02:00:00,20.652,57.450516,1.0362074,0.257,0.299,0.331,21.802,22.902,17.902
2019-07-20 03:00:00,22.802,50.211838,1.3824416,0.256,0.299,0.331,23.502,22.852,17.952
2019-07-20 04:00:00,24.652,42.46524,1.7854458,0.256,0.298,0.331,25.402,22.902,17.952
2019-07-20 05:00:00,25.902,38.38745,2.0593607,0.256,0.298,0.331,27.152,23.002,17.952
2019-07-20 06:00:00,26.852,35.104275,2.2939737,0.256,0.298,0.331,28.702,23.202,17.952
2019-07-20 07:00:00,28.202,31.370026,2.6249976,0.256,0.298,0.331,30.102,23.452,17.952
2019-07-20 08:00:00,29.002,29.746166,2.81456,0.256,0.297,0.33,31.252,23.702,17.952
2019-07-20 09:00:00,29.602,28.733059,2.9555774,0.255,0.297,0.33,31.952,24.002,18.002
2019-07-20 10:00:00,29.902,28.241125,3.0276918,0.255,0.297,0.33,32.252,24.252,18.002
2019-07-20 11:00:00,29.952,28.254742,3.0358028,0.255,0.297,0.33,32.101997,24.552,18.002
2019-07-20 12:00:00,29.752,28.677708,2.983462,0.255,0.296,0.33,31.552,24.752,18.002
2019-07-20 13:00:00,29.202,29.901258,2.840911,0.255,0.296,0.33,30.652,24.902,18.052
2019-07-20 14:00:00,28.202,33.64957,2.5376801,0.255,0.296,0.33,29.352,25.002,18.052
2019-07-20 15:00:00,26.402,39.041912,2.098406,0.255,0.296,0.33,27.702,25.052,18.052
2019-07-20 16:00:00,24.652,43.7499,1.7455387,0.255,0.296,0.33,26.152,25.002,18.102
2019-07-20 17:00:00,23.402,47.945915,1.498686,0.255,0.296,0.33,25.002,24.902,18.102
2019-07-20 18:00:00,22.352,52.114998,1.2938106,0.255,0.296,0.33,24.002,24.752,18.102
2019-07-20 19:00:00,21.502,58.03708,1.0765375,0.255,0.296,0.33,23.202,24.602,18.102
2019-07-20 20:00:00,20.902,61.60525,0.9494343,0.255,0.296,0.33,22.652,24.402,18.152
2019-07-20 21:00:00,20.202,65.37832,0.8200115,0.255,0.296,0.33,22.002,24.202,18.152
2019-07-20 22:00:00,19.652,68.30736,0.72552264,0.255,0.296,0.33,21.502,24.002,18.152
2019-07-20 23:00:00,19.152,70.6942,0.6503663,0.255,0.296,0.33,21.002,23.802,18.152
2019-07-21 00:00:00,18.802,72.490135,0.59733796,0.255,0.296,0.33,20.602,23.552,18.152
2019-07-21 01:00:00,19.752,71.96049,0.6458471,0.255,0.296,0.33,21.002,23.402,18.152
2019-07-21 02:00:00,22.452,60.37999,1.0768651,0.255,0.296,0.33,22.602,23.252,18.202
2019-07-21 03:00:00,24.852,52.08512,1.5044692,0.255,0.296,0.329,24.552,23.252,18.202
2019-07-21 04:00:00,26.702,44.315155,1.9507625,0.254,0.296,0.329,26.552,23.352,18.202
2019-07-21 05:00:00,27.702,40.05586,2.2266402,0.254,0.296,0.329,28.152,23.452,18.202
2019-07-21 06:00:00,28.752,36.466423,2.508448,0.254,0.295,0.329,29.952,23.702,18.202
2019-07-21 07:00:00,30.502,31.902197,2.9732537,0.254,0.295,0.329,31.602,23.952,18.202
2019-07-21 08:00:00,31.302,29.68394,3.2132494,0.254,0.295,0.329,32.851997,24.252,18.252
2019-07-21 09:00:00,31.652,28.432705,3.336031,0.254,0.295,0.329,33.252,24.602,18.252
2019-07-21 10:00:00,32.101997,27.533506,3.4649906,0.254,0.294,0.328,33.702,24.902,18.252
2019-07-21 11:00:00,32.151997,27.364786,3.48288,0.254,0.294,0.328,33.651997,25.202,18.252
2019-07-21 12:00:00,32.052,27.42887,3.4602332,0.253,0.294,0.328,33.052,25.452,18.302
2019-07-21 13:00:00,31.952,27.401997,3.442037,0.253,0.294,0.328,32.252,25.652,18.302
2019-07-21 14:00:00,30.752,30.832853,3.063374,0.253,0.294,0.328,30.902,25.752,18.302
2019-07-21 15:00:00,29.002,34.21032,2.6354394,0.253,0.294,0.328,29.352,25.802,18.352
2019-07-21 16:00:00,27.252,37.26109,2.270185,0.253,0.294,0.328,27.902,25.802,18.352
2019-07-21 17:00:00,26.252,40.178223,2.0411386,0.254,0.294,0.328,26.952,25.752,18.352
2019-07-21 18:00:00,25.252,42.632393,1.8449379,0.254,0.294,0.328,26.002,25.652,18.402
2019-07-21 19:00:00,24.402,43.536087,1.726234,0.254,0.294,0.328,25.152,25.552,18.402
2019-07-21 20:00:00,23.852,44.997066,1.627068,0.254,0.294,0.328,24.552,25.402,18.402
2019-07-21 21:00:00,23.302,47.133495,1.5129597,0.255,0.294,0.328,24.102,25.252,18.452
2019-07-21 22:00:00,21.952,55.002964,1.1865343,0.257,0.294,0.328,23.502,25.052,18.452
2019-07-21 23:00:00,20.202,68.4174,0.7479992,0.266,0.294,0.328,22.602,24.852,18.452
2019-07-22 00:00:00,19.402,75.705864,0.5475457,0.267,0.294,0.328,21.902,24.652,18.452
2019-07-22 01:00:00,19.652,76.47893,0.53839517,0.267,0.294,0.328,21.652,24.402,18.452
2019-07-22 02:00:00,21.002,72.18675,0.6918931,0.267,0.294,0.328,22.302,24.252,18.502
2019-07-22 03:00:00,22.052,67.69408,0.8569052,0.268,0.294,0.328,23.152,24.102,18.502
2019-07-22 04:00:00,23.602,61.23206,1.1294093,0.269,0.294,0.328,24.652,24.052,18.502
2019-07-22 05:00:00,24.552,57.284744,1.3173188,0.269,0.293,0.328,25.852,24.052,18.502
2019-07-22 06:00:00,25.702,53.66365,1.5301025,0.27,0.293,0.328,27.702,24.152,18.502
2019-07-22 07:00:00,24.452,56.894413,1.3214563,0.272,0.293,0.328,27.902,24.252,18.502
2019-07-22 08:00:00,24.652,54.7912,1.4026208,0.274,0.293,0.328,28.002,24.302,18.552
2019-07-22 09:00:00,24.402,54.905117,1.3783709,0.275,0.293,0.328,27.552,24.402,18.552
2019-07-22 10:00:00,24.402,52.817493,1.4422368,0.275,0.293,0.327,27.052,24.402,18.552
2019-07-22 11:00:00,25.302,46.751606,1.7174178,0.275,0.293,0.327,27.552,24.502,18.552
2019-07-22 12:00:00,25.502,43.84078,1.8330044,0.275,0.293,0.327,27.652,24.552,18.552
2019-07-22 13:00:00,25.102,44.16439,1.7796946,0.274,0.293,0.327,27.102,24.552,18.602
2019-07-22 14:00:00,24.302,46.479603,1.6264108,0.274,0.293,0.327,26.152,24.552,18.602
2019-07-22 15:00:00,23.302,49.524223,1.4444828,0.274,0.293,0.327,25.102,24.502,18.602
2019-07-22 16:00:00,22.152,52.75324,1.2611458,0.274,0.293,0.327,24.002,24.402,18.602
2019-07-22 17:00:00,21.252,55.736237,1.1183832,0.274,0.293,0.327,23.152,24.252,18.602
2019-07-22 18:00:00,20.602,58.77672,1.0008107,0.274,0.293,0.327,22.502,24.102,18.652
2019-07-22 19:00:00,19.402,63.101868,0.8317561,0.274,0.293,0.327,21.752,23.902,18.652
2019-07-22 20:00:00,18.752,66.36255,0.72817314,0.274,0.293,0.327,21.152,23.702,18.652
2019-07-22 21:00:00,18.052,70.4853,0.61152756,0.274,0.293,0.327,20.552,23.502,18.652
2019-07-22 22:00:00,17.502,74.173584,0.5169077,0.274,0.293,0.327,20.052,23.252,18.652
2019-07-22 23:00:00,16.952,77.80936,0.42896974,0.274,0.293,0.327,19.552,23.052,18.652
2019-07-23 00:00:00,16.652,80.0848,0.37772954,0.274,0.293,0.327,19.152,22.802,18.652
2019-07-23 01:00:00,17.552,76.64282,0.46894705,0.274,0.293,0.327,19.502,22.602,18.652
2019-07-23 02:00:00,19.502,68.27725,0.71949303,0.273,0.293,0.327,20.752,22.452,18.652
2019-07-23 03:00:00,21.302,61.296963,0.980798,0.273,0.293,0.327,22.402,22.402,18.652
2019-07-23 04:00:00,22.802,53.443707,1.2926357,0.273,0.292,0.327,24.052,22.402,18.652
2019-07-23 05:00:00,23.652,48.489872,1.5054722,0.273,0.292,0.327,25.102,22.502,18.652
2019-07-23 06:00:00,23.502,47.65759,1.5160884,0.273,0.292,0.327,24.902,22.552,18.652
2019-07-23 07:00:00,25.252,43.48437,1.8175089,0.273,0.292,0.327,26.202,22.652,18.652
2019-07-23 08:00:00,25.802,40.185047,1.9874306,0.273,0.292,0.327,26.752,22.802,18.652
2019-07-23 09:00:00,22.602,52.869843,1.292842,0.283,0.292,0.327,26.252,22.902,18.652
2019-07-23 10:00:00,19.702,74.78743,0.57891583,0.289,0.292,0.327,24.402,22.902,18.652
2019-07-23 11:00:00,19.302,79.9328,0.44945407,0.293,0.292,0.327,23.152,22.852,18.652
2019-07-23 12:00:00,19.752,75.0364,0.57497334,0.294,0.292,0.327,22.402,22.752,18.652
2019-07-23 13:00:00,20.252,71.819954,0.66944146,0.295,0.292,0.327,22.352,22.702,18.652
2019-07-23 14:00:00,20.252,71.819954,0.66944146,0.295,0.292,0.327,22.052,22.602,18.652
2019-07-23 15:00:00,19.902,71.75602,0.65662193,0.295,0.292,0.327,21.502,22.502,18.652
2019-07-23 16:00:00,19.352,72.82394,0.610625,0.295,0.292,0.327,20.902,22.352,18.652
2019-07-23 17:00:00,18.552,75.32334,0.52750635,0.295,0.292,0.327,20.302,22.202,18.652
2019-07-23 18:00:00,17.802,78.69925,0.43442583,0.295,0.292,0.327,19.702,22.052,18.652
2019-07-23 19:00:00,16.302,86.540886,0.24965167,0.295,0.292,0.327,19.052,21.852,18.652
2019-07-23 20:00:00,15.852,88.77328,0.20235682,0.295,0.292,0.327,18.602,21.652,18.652
2019-07-23 21:00:00,15.402,91.072205,0.15635455,0.295,0.292,0.327,18.152,21.452,18.652
2019-07-23 22:00:00,15.002,92.53725,0.12738597,0.295,0.292,0.327,17.752,21.252,18.652
2019-07-23 23:00:00,14.702,93.42767,0.11004317,0.295,0.292,0.327,17.402,21.052,18.652
2019-07-24 00:00:00,14.702,93.42767,0.11004317,0.295,0.292,0.327,17.202,20.852,18.652
2019-07-24 01:00:00,15.402,92.26035,0.13554466,0.295,0.292,0.327,17.502,20.652,18.652
2019-07-24 02:00:00,17.202,84.9693,0.29516196,0.295,0.292,0.327,18.902,20.552,18.652
2019-07-24 03:00:00,19.002,76.62278,0.5139389,0.295,0.292,0.327,20.502,20.502,18.602
2019-07-24 04:00:00,20.502,69.59066,0.7336308,0.295,0.292,0.327,22.102,20.552,18.602
2019-07-24 05:00:00,21.602,64.83508,0.90756583,0.295,0.292,0.327,23.352,20.652,18.602
2019-07-24 06:00:00,22.452,57.514786,1.1547948,0.295,0.292,0.326,24.152,20.802,18.602
2019-07-24 07:00:00,22.052,57.230175,1.1346463,0.303,0.292,0.326,24.252,20.902,18.602
2019-07-24 08:00:00,19.452,74.0266,0.5872245,0.327,0.292,0.326,23.252,21.002,18.602
2019-07-24 09:00:00,18.652,80.1002,0.4280311,0.338,0.292,0.326,22.252,21.002,18.602
2019-07-24 10:00:00,19.402,78.17573,0.49186265,0.34,0.292,0.326,21.802,21.002,18.602
2019-07-24 11:00:00,20.502,73.49657,0.63936377,0.34,0.292,0.326,22.302,21.052,18.602
2019-07-24 12:00:00,20.902,70.56838,0.7276951,0.34,0.292,0.326,22.652,21.102,18.552
2019-07-24 13:00:00,21.252,66.453705,0.8474556,0.34,0.292,0.326,22.702,21.152,18.552
2019-07-24 14:00:00,20.902,66.166565,0.8365848,0.339,0.292,0.326,22.252,21.152,18.552
2019-07-24 15:00:00,19.902,71.064644,0.6727015,0.339,0.292,0.326,21.352,21.102,18.552
2019-07-24 16:00:00,18.902,75.380844,0.5378915,0.339,0.292,0.326,20.452,21.052,18.552
2019-07-24 17:00:00,18.352,78.01978,0.46401227,0.339,0.292,0.326,19.852,20.952,18.552
2019-07-24 18:00:00,17.652,81.26656,0.37846863,0.339,0.292,0.326,19.252,20.852,18.552
2019-07-24 19:00:00,16.602,83.26825,0.3163339,0.339,0.292,0.326,18.602,20.702,18.552
2019-07-24 20:00:00,16.102,85.961494,0.25710857,0.339,0.292,0.326,18.152,20.552,18.552
2019-07-24 21:00:00,15.802,87.624214,0.22235966,0.339,0.292,0.326,17.852,20.402,18.502
2019-07-24 22:00:00,15.152,90.46563,0.16432512,0.339,0.292,0.326,17.352,20.202,18.502
2019-07-24 23:00:00,14.802,91.92605,0.13605964,0.338,0.292,0.326,17.002,20.052,18.502
2019-07-25 00:00:00,14.402,93.717606,0.10317445,0.338,0.292,0.326,16.702,19.852,18.502
2019-07-25 01:00:00,15.202,91.652214,0.14433515,0.338,0.292,0.326,17.002,19.702,18.502
2019-07-25 02:00:00,17.302,82.2797,0.350191,0.338,0.292,0.326,18.502,19.652,18.502
2019-07-25 03:00:00,19.302,73.76238,0.58770454,0.337,0.292,0.326,20.102,19.652,18.452
2019-07-25 04:00:00,20.902,64.684044,0.8732619,0.337,0.292,0.326,21.802,19.752,18.452
2019-07-25 05:00:00,22.102,58.562195,1.102632,0.335,0.292,0.326,23.202,19.852,18.452
2019-07-25 06:00:00,22.752,52.04821,1.3273923,0.334,0.292,0.326,24.202,20.052,18.452
2019-07-25 07:00:00,24.002,46.55093,1.5953411,0.332,0.292,0.326,25.452,20.302,18.452
2019-07-25 08:00:00,24.452,43.405952,1.7353907,0.331,0.292,0.326,26.152,20.552,18.452
2019-07-25 09:00:00,24.652,41.90503,1.8028486,0.329,0.291,0.326,26.352,20.802,18.402
2019-07-25 10:00:00,24.702,41.503174,1.8207508,0.328,0.291,0.326,26.352,21.002,18.402
2019-07-25 11:00:00,23.952,44.43185,1.65369,0.329,0.291,0.326,25.902,21.202,18.402
2019-07-25 12:00:00,23.152,50.13969,1.414015,0.33,0.291,0.326,25.102,21.352,18.402
2019-07-25 13:00:00,22.452,53.880974,1.2536393,0.33,0.291,0.326,24.202,21.452,18.402
2019-07-25 14:00:00,21.702,56.957645,1.1178052,0.329,0.291,0.326,23.252,21.502,18.402
2019-07-25 15:00:00,20.702,60.759777,0.9585123,0.329,0.291,0.326,22.202,21.502,18.402
2019-07-25 16:00:00,19.502,65.01505,0.7935165,0.329,0.291,0.326,21.152,21.402,18.402
2019-07-25 17:00:00,18.652,66.3415,0.72409666,0.329,0.291,0.326,20.352,21.352,18.402
2019-07-25 18:00:00,17.802,65.94323,0.69468665,0.329,0.291,0.326,19.652,21.202,18.402
2019-07-25 19:00:00,16.402,66.74943,0.6208199,0.329,0.291,0.326,18.902,21.052,18.402
2019-07-25 20:00:00,15.502,69.99303,0.5290009,0.329,0.291,0.326,18.252,20.902,18.402
2019-07-25 21:00:00,14.852,73.713036,0.44448102,0.329,0.291,0.326,17.702,20.702,18.402
2019-07-25 22:00:00,14.202,77.905624,0.35824513,0.328,0.291,0.326,17.202,20.502,18.402
2019-07-25 23:00:00,13.702,81.01171,0.29806495,0.328,0.291,0.326,16.752,20.302,18.352
2019-07-26 00:00:00,13.652,81.5466,0.28872883,0.328,0.291,0.326,16.502,20.102,18.352
2019-07-26 01:00:00,14.152,79.4709,0.33178675,0.328,0.291,0.326,16.702,19.902,18.352
2019-07-26 02:00:00,15.252,73.29346,0.4633248,0.328,0.291,0.326,17.452,19.752,18.352
2019-07-26 03:00:00,16.252,68.98179,0.57363105,0.327,0.291,0.325,18.302,19.702,18.352
2019-07-26 04:00:00,17.652,62.91548,0.74937105,0.327,0.291,0.325,19.652,19.652,18.352
2019-07-26 05:00:00,18.952,54.785652,0.9912026,0.326,0.291,0.325,20.852,19.702,18.302
2019-07-26 06:00:00,19.902,50.612907,1.1484859,0.326,0.291,0.325,21.952,19.802,18.302
2019-07-26 07:00:00,19.602,55.50443,1.015634,0.326,0.291,0.325,21.952,19.852,18.302
2019-07-26 08:00:00,19.702,55.160954,1.029838,0.326,0.291,0.325,21.902,19.952,18.302
2019-07-26 09:00:00,20.702,50.996536,1.1971606,0.326,0.291,0.325,22.652,20.052,18.302
2019-07-26 10:00:00,21.002,49.069725,1.2673892,0.325,0.291,0.325,22.752,20.152,18.302
2019-07-26 11:00:00,21.302,47.05726,1.3419346,0.325,0.291,0.325,22.952,20.252,18.302
2019-07-26 12:00:00,21.252,46.415318,1.3540692,0.324,0.291,0.325,22.752,20.352,18.252
2019-07-26 13:00:00,21.202,45.780685,1.3659313,0.323,0.291,0.325,22.552,20.402,18.252
2019-07-26 14:00:00,20.502,48.60636,1.2402444,0.323,0.291,0.325,21.802,20.452,18.252
2019-07-26 15:00:00,19.352,53.25804,1.0505202,0.322,0.291,0.325,20.802,20.452,18.252
2019-07-26 16:00:00,18.252,58.011204,0.8810835,0.322,0.291,0.325,19.902,20.402,18.252
2019-07-26 17:00:00,17.402,62.85871,0.73879516,0.322,0.291,0.325,19.152,20.302,18.252
2019-07-26 18:00:00,16.502,68.11923,0.59902847,0.322,0.291,0.325,18.452,20.152,18.252
2019-07-26 19:00:00,15.052,75.73875,0.41552734,0.322,0.291,0.325,17.652,20.052,18.252
2019-07-26 20:00:00,14.402,80.036285,0.3279003,0.322,0.291,0.325,17.002,19.852,18.202
2019-07-26 21:00:00,13.952,83.50276,0.2631873,0.322,0.291,0.325,16.552,19.702,18.202
2019-07-26 22:00:00,13.702,86.00056,0.21974468,0.322,0.291,0.325,16.202,19.502,18.202
2019-07-26 23:00:00,13.452,88.28187,0.18096995,0.322,0.291,0.325,15.902,19.302,18.202
2019-07-27 00:00:00,13.252,90.33043,0.14739978,0.322,0.291,0.325,15.702,19.152,18.202
2019-07-27 01:00:00,14.452,86.35988,0.22474778,0.322,0.291,0.325,16.202,19.002,18.202
2019-07-27 02:00:00,15.952,79.464775,0.37254107,0.321,0.291,0.325,17.352,18.902,18.152
2019-07-27 03:00:00,17.652,71.57459,0.5743395,0.321,0.291,0.325,18.802,18.852,18.152
2019-07-27 04:00:00,18.602,66.11323,0.7267375,0.321,0.291,0.325,19.902,18.902,18.152
2019-07-27 05:00:00,19.852,56.874996,0.9996859,0.32,0.291,0.325,21.602,19.052,18.152
2019-07-27 06:00:00,20.502,52.848465,1.1378083,0.319,0.291,0.325,22.702,19.202,18.102
2019-07-27 07:00:00,21.652,50.572742,1.2798358,0.318,0.291,0.325,24.002,19.402,18.102
2019-07-27 08:00:00,22.352,45.638676,1.4689429,0.317,0.291,0.325,24.552,19.602,18.102
2019-07-27 09:00:00,22.752,43.51157,1.5639151,0.316,0.291,0.325,24.602,19.852,18.102
2019-07-27 10:00:00,23.502,40.48019,1.724186,0.314,0.291,0.325,25.352,20.052,18.102
2019-07-27 11:00:00,23.852,38.322433,1.8247187,0.313,0.29,0.324,25.452,20.302,18.102
2019-07-27 12:00:00,23.902,37.950115,1.8412592,0.313,0.29,0.324,25.252,20.502,18.102
2019-07-27 13:00:00,23.752,38.294052,1.814636,0.312,0.29,0.324,24.802,20.652,18.102
2019-07-27 14:00:00,23.052,42.7281,1.614631,0.311,0.29,0.324,23.852,20.752,18.102
2019-07-27 15:00:00,21.552,48.728233,1.3195555,0.311,0.29,0.324,22.402,20.802,18.102
2019-07-27 16:00:00,19.602,53.681366,1.0572706,0.311,0.29,0.324,20.952,20.752,18.052
2019-07-27 17:00:00,18.502,55.7842,0.942464,0.311,0.29,0.324,19.952,20.702,18.052
2019-07-27 18:00:00,17.652,58.058384,0.84756327,0.311,0.29,0.324,19.152,20.602,18.052
2019-07-27 19:00:00,17.002,61.105755,0.7543843,0.311,0.29,0.324,18.502,20.452,18.052
2019-07-27 20:00:00,16.652,61.229294,0.7355038,0.311,0.29,0.324,18.052,20.302,18.052
2019-07-27 21:00:00,16.452,60.770817,0.7348187,0.311,0.29,0.324,17.702,20.152,18.052
2019-07-27 22:00:00,16.001999,61.491043,0.70096385,0.31,0.29,0.324,17.302,20.002,18.052
2019-07-27 23:00:00,15.652,62.24706,0.6720171,0.31,0.29,0.324,16.952,19.802,18.052
2019-07-28 00:00:00,15.602,61.815083,0.67753994,0.31,0.29,0.324,16.702,19.652,18.052
2019-07-28 01:00:00,16.452,60.158154,0.74629915,0.31,0.29,0.324,17.002,19.502,18.052
2019-07-28 02:00:00,18.602,54.695835,0.9717269,0.31,0.29,0.324,18.152,19.402,18.002
2019-07-28 03:00:00,21.102,47.002308,1.3269818,0.309,0.29,0.324,20.002,19.452,18.002
2019-07-28 04:00:00,23.452,40.876392,1.7075534,0.309,0.29,0.324,21.902,19.502,18.002
2019-07-28 05:00:00,25.552,35.927963,2.0977921,0.307,0.29,0.324,23.802,19.702,18.002
2019-07-28 06:00:00,26.802,30.562317,2.44756,0.306,0.29,0.324,25.052,19.902,18.002
2019-07-28 07:00:00,27.152,32.47101,2.4295063,0.305,0.29,0.324,25.452,20.152,18.002
2019-07-28 08:00:00,27.402,31.783897,2.4903927,0.304,0.29,0.324,25.652,20.352,18.002
2019-07-28 09:00:00,27.352,33.523693,2.4197116,0.304,0.29,0.324,25.552,20.602,18.002
2019-07-28 10:00:00,27.252,35.807476,2.322855,0.303,0.29,0.324,25.352,20.752,18.002
2019-07-28 11:00:00,28.402,31.425606,2.6534765,0.302,0.29,0.324,25.952,20.952,18.002
2019-07-28 12:00:00,29.102,29.673988,2.8337555,0.301,0.29,0.324,26.402,21.202,18.002
2019-07-28 13:00:00,28.902,30.834951,2.754921,0.3,0.29,0.324,26.352,21.352,18.002
2019-07-28 14:00:00,27.502,33.79086,2.4311736,0.3,0.289,0.323,25.552,21.502,18.002
2019-07-28 15:00:00,25.702,36.82475,2.0868402,0.3,0.289,0.323,24.452,21.602,18.002
2019-07-28 16:00:00,24.952,37.35938,1.9791179,0.299,0.289,0.323,23.652,21.652,18.002
2019-07-28 17:00:00,24.352,38.46412,1.8758512,0.299,0.289,0.323,23.102,21.652,18.002
2019-07-28 18:00:00,23.502,41.304447,1.7002859,0.299,0.289,0.323,22.552,21.652,18.002
2019-07-28 19:00:00,23.902,37.950115,1.8412592,0.299,0.289,0.323,22.152,21.602,18.002
2019-07-28 20:00:00,23.952,40.880165,1.7594938,0.299,0.289,0.323,22.202,21.602,18.002
2019-07-28 21:00:00,22.952,46.263515,1.5057548,0.299,0.289,0.323,21.952,21.552,18.002
2019-07-28 22:00:00,21.752,50.09797,1.3000413,0.299,0.289,0.323,21.202,21.502,18.002
2019-07-28 23:00:00,20.852,52.58902,1.1689497,0.299,0.289,0.323,20.702,21.402,18.002
2019-07-29 00:00:00,20.652,51.153828,1.1896545,0.299,0.289,0.323,20.552,21.302,18.002
2019-07-29 01:00:00,20.702,51.854397,1.1761893,0.299,0.289,0.323,20.502,21.252,18.002
2019-07-29 02:00:00,21.602,51.57588,1.2500234,0.299,0.289,0.323,20.902,21.202,18.002
2019-07-29 03:00:00,23.302,48.236202,1.4813746,0.299,0.289,0.323,22.002,21.152,18.002
2019-07-29 04:00:00,24.952,42.548885,1.814985,0.299,0.289,0.323,23.302,21.202,18.002
2019-07-29 05:00:00,26.352,39.417233,2.0793424,0.298,0.289,0.323,24.602,21.352,18.002
2019-07-29 06:00:00,27.452,38.82243,2.2396276,0.297,0.289,0.323,26.002,21.502,18.002
2019-07-29 07:00:00,28.152,40.443645,2.2708793,0.296,0.289,0.323,27.752,21.752,18.002
2019-07-29 08:00:00,28.802,39.71195,2.3870132,0.295,0.289,0.323,28.652,22.002,18.002
2019-07-29 09:00:00,29.202,39.055878,2.4693599,0.294,0.289,0.323,29.102,22.252,18.002
2019-07-29 10:00:00,29.602,38.28866,2.5586915,0.293,0.289,0.323,29.652,22.552,18.002
2019-07-29 11:00:00,28.802,40.492527,2.356064,0.297,0.289,0.323,29.202,22.802,18.052
2019-07-29 12:00:00,24.302,61.783516,1.1610214,0.299,0.289,0.323,27.202,22.902,18.052
2019-07-29 13:00:00,23.752,65.08689,1.0262389,0.299,0.289,0.323,25.852,23.002,18.052
2019-07-29 14:00:00,23.702,65.69843,1.0052321,0.299,0.289,0.323,25.052,23.002,18.052
2019-07-29 15:00:00,23.252,66.86646,0.94506085,0.299,0.289,0.323,24.202,23.002,18.052
2019-07-29 16:00:00,22.552,67.36412,0.89232504,0.298,0.289,0.323,23.302,22.952,18.052
2019-07-29 17:00:00,22.002,65.971725,0.89987457,0.298,0.289,0.323,22.652,22.852,18.052
2019-07-29 18:00:00,21.302,66.2503,0.85520804,0.298,0.289,0.323,22.102,22.752,18.102
2019-07-29 19:00:00,20.102,72.95679,0.63650894,0.298,0.289,0.323,21.502,22.652,18.102
2019-07-29 20:00:00,19.752,72.66028,0.6297221,0.298,0.289,0.323,21.052,22.502,18.102
2019-07-29 21:00:00,19.502,72.615654,0.6210588,0.298,0.289,0.323,20.752,22.352,18.102
2019-07-29 22:00:00,18.802,75.60842,0.5296074,0.298,0.289,0.323,20.252,22.202,18.102
2019-07-29 23:00:00,18.052,80.79603,0.39784503,0.298,0.289,0.323,19.802,22.052,18.102
2019-07-30 00:00:00,17.302,86.916214,0.25854945,0.298,0.289,0.323,19.352,21.852,18.102
2019-07-30 01:00:00,17.652,87.78876,0.24668264,0.298,0.289,0.323,19.452,21.702,18.102
2019-07-30 02:00:00,19.052,80.154785,0.4376284,0.298,0.289,0.323,20.652,21.602,18.102
2019-07-30 03:00:00,20.402,68.6788,0.7510034,0.297,0.289,0.323,21.902,21.552,18.102
2019-07-30 04:00:00,22.052,56.48773,1.1543564,0.297,0.289,0.322,23.502,21.602,18.102
2019-07-30 05:00:00,23.852,45.596954,1.6093061,0.296,0.289,0.322,25.352,21.702,18.102
2019-07-30 06:00:00,24.852,39.38846,1.9035776,0.295,0.288,0.322,26.452,21.902,18.102
2019-07-30 07:00:00,25.702,36.57883,2.094973,0.294,0.288,0.322,27.252,22.102,18.102
2019-07-30 08:00:00,26.052,35.469635,2.1761925,0.294,0.288,0.322,27.552,22.302,18.152
2019-07-30 09:00:00,26.602,33.878284,2.303319,0.293,0.288,0.322,27.952,22.502,18.152
2019-07-30 10:00:00,27.052,31.900782,2.43575,0.292,0.288,0.322,28.052,22.652,18.152
2019-07-30 11:00:00,27.602,29.260569,2.6129692,0.291,0.288,0.322,28.052,22.852,18.152
2019-07-30 12:00:00,27.602,28.963821,2.6239467,0.291,0.288,0.322,27.602,23.002,18.152
2019-07-30 13:00:00,27.152,31.821249,2.4529152,0.29,0.288,0.322,27.052,23.102,18.152
2019-07-30 14:00:00,26.202,36.719902,2.1529343,0.29,0.288,0.322,26.152,23.202,18.152
2019-07-30 15:00:00,24.852,40.58913,1.8658283,0.29,0.288,0.322,24.902,23.202,18.202
2019-07-30 16:00:00,23.152,44.357662,1.5781409,0.289,0.288,0.322,23.802,23.152,18.202
2019-07-30 17:00:00,22.102,46.029587,1.4363948,0.289,0.288,0.322,22.852,23.052,18.202
2019-07-30 18:00:00,21.452,47.09844,1.353242,0.289,0.288,0.322,22.152,22.952,18.202
2019-07-30 19:00:00,20.752,49.002075,1.2497528,0.289,0.288,0.322,21.652,22.852,18.202
2019-07-30 20:00:00,20.802,48.687897,1.2613246,0.289,0.288,0.322,21.402,22.702,18.202
2019-07-30 21:00:00,20.302,50.212105,1.1867595,0.289,0.288,0.322,21.002,22.552,18.202
2019-07-30 22:00:00,19.802,52.138702,1.1061195,0.289,0.288,0.322,20.602,22.402,18.202
2019-07-30 23:00:00,19.602,52.96706,1.0735849,0.289,0.288,0.322,20.302,22.252,18.202
2019-07-31 00:00:00,19.352,54.158234,1.0302773,0.289,0.288,0.322,20.002,22.102,18.252
2019-07-31 01:00:00,19.852,54.65021,1.0512892,0.289,0.288,0.322,20.152,21.952,18.252
2019-07-31 02:00:00,21.652,51.248287,1.2623309,0.288,0.288,0.322,21.102,21.852,18.252
2019-07-31 03:00:00,23.802,45.282352,1.6137733,0.288,0.288,0.322,22.652,21.852,18.252
2019-07-31 04:00:00,26.102,39.216908,2.0557246,0.288,0.288,0.322,24.502,21.902,18.252
2019-07-31 05:00:00,27.852,34.918648,2.4389472,0.287,0.288,0.321,26.252,22.052,18.252
2019-07-31 06:00:00,28.852,31.974201,2.7016587,0.286,0.288,0.321,27.552,22.252,18.252
2019-07-31 07:00:00,30.452,29.845995,3.054462,0.286,0.288,0.321,29.002,22.502,18.252
2019-07-31 08:00:00,31.202,28.029493,3.2703848,0.285,0.287,0.321,30.202,22.802,18.252
2019-07-31 09:00:00,31.702,26.97293,3.413853,0.284,0.287,0.321,31.152,23.102,18.252
2019-07-31 10:00:00,30.752,29.63187,3.116662,0.286,0.287,0.321,31.202,23.402,18.252
2019-07-31 11:00:00,29.702,34.067917,2.7497213,0.286,0.287,0.321,30.102,23.652,18.302
2019-07-31 12:00:00,28.902,37.59967,2.4850817,0.286,0.287,0.321,29.202,23.802,18.302
2019-07-31 13:00:00,28.252,43.320747,2.1736119,0.285,0.287,0.321,28.402,23.952,18.302
2019-07-31 14:00:00,27.002,50.50111,1.7645898,0.285,0.287,0.321,27.352,24.052,18.302
2019-07-31 15:00:00,25.652,55.04126,1.4801875,0.285,0.287,0.321,26.102,24.052,18.302
2019-07-31 16:00:00,24.052,59.40656,1.214982,0.285,0.287,0.321,24.852,24.002,18.352
2019-07-31 17:00:00,23.002,61.29115,1.0876716,0.285,0.287,0.321,23.902,23.902,18.352
2019-07-31 18:00:00,22.202,62.7059,0.9983517,0.285,0.287,0.321,23.152,23.802,18.352
2019-07-31 19:00:00,21.302,60.503906,1.0009074,0.285,0.287,0.321,22.452,23.652,18.352
2019-07-31 20:00:00,20.852,60.39863,0.97628987,0.285,0.287,0.321,21.902,23.502,18.352
2019-07-31 21:00:00,20.402,60.68976,0.94266784,0.285,0.287,0.321,21.452,23.352,18.402
2019-07-31 22:00:00,19.902,61.57683,0.89339435,0.285,0.287,0.321,21.002,23.152,18.402
2019-07-31 23:00:00,19.652,61.316963,0.885633,0.285,0.287,0.321,20.652,23.002,18.402
2019-08-01 00:00:00,19.752,59.94165,0.9228326,0.285,0.287,0.321,20.552,22.802,18.402
2019-08-01 01:00:00,20.202,59.85107,0.9509969,0.284,0.287,0.321,20.652,22.652,18.402
2019-08-01 02:00:00,22.652,52.882767,1.2964052,0.284,0.287,0.321,21.902,22.552,18.402
2019-08-01 03:00:00,25.452,43.396767,1.8420478,0.284,0.287,0.321,23.952,22.552,18.402
2019-08-01 04:00:00,27.702,36.65419,2.353172,0.284,0.287,0.321,25.802,22.652,18.402
2019-08-01 05:00:00,29.352,32.649826,2.753019,0.283,0.287,0.32,27.352,22.802,18.402
2019-08-01 06:00:00,30.952,29.686563,3.1498857,0.282,0.287,0.32,29.152,23.052,18.452
2019-08-01 07:00:00,31.452,30.31893,3.211369,0.282,0.287,0.32,30.452,23.302,18.452
2019-08-01 08:00:00,31.352,29.307356,3.2396636,0.282,0.287,0.32,31.202,23.602,18.452
2019-08-01 09:00:00,31.302,27.963308,3.2920287,0.281,0.286,0.32,31.052,23.852,18.452
2019-08-01 10:00:00,30.352,29.81858,3.0382571,0.281,0.286,0.32,30.502,24.102,18.452
2019-08-01 11:00:00,30.052,31.152779,2.9297013,0.28,0.286,0.32,30.352,24.302,18.502
2019-08-01 12:00:00,29.952,32.493275,2.8561568,0.28,0.286,0.32,30.102,24.452,18.502
2019-08-01 13:00:00,29.852,33.44341,2.7997987,0.279,0.286,0.32,29.552,24.602,18.502
2019-08-01 14:00:00,28.802,36.360867,2.5198932,0.279,0.286,0.32,28.552,24.702,18.502
2019-08-01 15:00:00,27.202,39.39537,2.1864555,0.279,0.286,0.32,27.302,24.752,18.552
2019-08-01 16:00:00,26.002,42.281403,1.9404821,0.279,0.286,0.32,26.252,24.702,18.552
2019-08-01 17:00:00,25.252,43.771683,1.8082595,0.279,0.286,0.32,25.352,24.652,18.552
2019-08-01 18:00:00,24.802,44.081486,1.7508174,0.279,0.286,0.32,24.752,24.552,18.552
2019-08-01 19:00:00,23.802,47.581963,1.5458903,0.279,0.286,0.32,24.202,24.452,18.602
2019-08-01 20:00:00,23.552,49.10471,1.4785746,0.279,0.286,0.32,23.852,24.352,18.602
2019-08-01 21:00:00,23.102,51.629627,1.367597,0.279,0.286,0.32,23.402,24.252,18.602
2019-08-01 22:00:00,22.602,54.807877,1.2396404,0.279,0.286,0.32,23.002,24.102,18.602
2019-08-01 23:00:00,22.102,57.99334,1.1177788,0.279,0.286,0.32,22.652,23.952,18.602
2019-08-02 00:00:00,20.702,67.85708,0.7850671,0.281,0.286,0.32,22.202,23.802,18.652
2019-08-02 01:00:00,18.352,85.0915,0.3146975,0.31,0.286,0.32,21.502,23.652,18.652
2019-08-02 02:00:00,17.952,86.422424,0.27950668,0.323,0.286,0.32,21.152,23.452,18.652
2019-08-02 03:00:00,18.352,75.29039,0.5216485,0.323,0.286,0.32,21.152,23.252,18.652
2019-08-02 04:00:00,19.552,57.751705,0.9613273,0.322,0.286,0.32,22.402,23.152,18.652
2019-08-02 05:00:00,20.502,44.516026,1.3390237,0.321,0.286,0.32,23.752,23.152,18.652
2019-08-02 06:00:00,21.252,33.985237,1.6684388,0.319,0.286,0.319,24.852,23.152,18.652
2019-08-02 07:00:00,20.452,32.473946,1.6248524,0.318,0.286,0.319,25.402,23.202,18.652
2019-08-02 08:00:00,21.202,30.574865,1.7493323,0.317,0.286,0.319,25.752,23.252,18.702
2019-08-02 09:00:00,21.502,29.387665,1.8122219,0.315,0.286,0.319,25.502,23.302,18.702
2019-08-02 10:00:00,22.002,27.509935,1.9180516,0.314,0.286,0.319,25.502,23.302,18.702
2019-08-02 11:00:00,22.252,27.48187,1.948188,0.313,0.286,0.319,25.552,23.352,18.702
2019-08-02 12:00:00,21.452,29.897902,1.7936282,0.312,0.286,0.319,24.852,23.352,18.702
2019-08-02 13:00:00,20.402,33.85981,1.586589,0.311,0.286,0.319,24.002,23.352,18.702
2019-08-02 14:00:00,19.552,36.321087,1.4493194,0.311,0.286,0.319,23.052,23.252,18.702
2019-08-02 15:00:00,18.502,37.97166,1.3223759,0.311,0.286,0.319,21.852,23.102,18.702
2019-08-02 16:00:00,17.752,39.663387,1.2271954,0.31,0.286,0.319,20.802,22.952,18.702
2019-08-02 17:00:00,17.002,41.733925,1.1303068,0.31,0.286,0.319,20.002,22.752,18.702
2019-08-02 18:00:00,16.402,43.50699,1.0549861,0.31,0.286,0.319,19.302,22.552,18.752
2019-08-02 19:00:00,15.952,42.921654,1.0358126,0.31,0.286,0.319,18.702,22.302,18.752
2019-08-02 20:00:00,15.902,42.00712,1.0490625,0.31,0.286,0.319,18.302,22.102,18.752
2019-08-02 21:00:00,15.852,41.255325,1.0592804,0.31,0.286,0.319,18.002,21.852,18.752
2019-08-02 22:00:00,15.652,41.490967,1.0416347,0.309,0.286,0.319,17.702,21.602,18.752
2019-08-02 23:00:00,15.452,42.4756,1.0110776,0.309,0.286,0.319,17.502,21.402,18.752
2019-08-03 00:00:00,15.052,44.202526,0.9558751,0.309,0.286,0.319,17.202,21.152,18.702
2019-08-03 01:00:00,15.152,46.797573,0.91727805,0.309,0.286,0.319,17.252,20.952,18.702
2019-08-03 02:00:00,16.152,47.738716,0.9605332,0.309,0.286,0.319,18.002,20.752,18.702
2019-08-03 03:00:00,17.252,48.71092,1.0107479,0.308,0.286,0.319,19.252,20.652,18.702
2019-08-03 04:00:00,18.352,48.512867,1.0872905,0.307,0.286,0.319,20.552,20.652,18.702
2019-08-03 05:00:00,19.552,45.321106,1.2443638,0.307,0.286,0.319,21.852,20.652,18.702
2019-08-03 06:00:00,21.002,39.906754,1.4955887,0.306,0.286,0.319,23.052,20.752,18.702
2019-08-03 07:00:00,22.702,35.604362,1.7776545,0.305,0.286,0.319,24.302,20.902,18.702
2019-08-03 08:00:00,23.702,32.945374,1.9661818,0.303,0.286,0.319,25.202,21.052,18.702
2019-08-03 09:00:00,23.952,32.23103,2.017187,0.302,0.286,0.319,25.502,21.202,18.702
2019-08-03 10:00:00,24.102,31.287992,2.0637534,0.302,0.286,0.318,25.452,21.402,18.702
2019-08-03 11:00:00,24.302,30.702127,2.1064296,0.301,0.285,0.318,25.352,21.502,18.702
2019-08-03 12:00:00,24.252,30.476591,2.106982,0.3,0.285,0.318,25.102,21.652,18.702
2019-08-03 13:00:00,23.802,32.860546,1.9805284,0.299,0.285,0.318,24.602,21.752,18.702
2019-08-03 14:00:00,22.802,37.000443,1.7496346,0.299,0.285,0.318,23.752,21.802,18.702
2019-08-03 15:00:00,21.302,41.6645,1.4787327,0.299,0.285,0.318,22.602,21.802,18.702
2019-08-03 16:00:00,20.302,44.76354,1.3167242,0.299,0.285,0.318,21.502,21.752,18.702
2019-08-03 17:00:00,18.952,51.914078,1.0541893,0.299,0.285,0.318,20.602,21.652,18.702
2019-08-03 18:00:00,19.002,49.022957,1.1210935,0.299,0.285,0.318,19.552,21.502,18.652
2019-08-03 19:00:00,17.752,52.83867,0.9591087,0.299,0.285,0.318,18.602,21.302,18.652
2019-08-03 20:00:00,15.852,60.834347,0.7061342,0.299,0.285,0.318,18.002,21.152,18.652
2019-08-03 21:00:00,15.802,61.652607,0.68917346,0.299,0.285,0.318,17.752,20.952,18.652
2019-08-03 22:00:00,15.852,61.45588,0.6949246,0.298,0.285,0.318,17.602,20.752,18.652
2019-08-03 23:00:00,15.652,62.458164,0.6682582,0.298,0.285,0.318,17.352,20.552,18.652
2019-08-04 00:00:00,15.652,62.669895,0.6644881,0.298,0.285,0.318,17.252,20.402,18.652
2019-08-04 01:00:00,16.052,64.04312,0.6565826,0.298,0.285,0.318,17.402,20.252,18.652
2019-08-04 02:00:00,17.852,58.69562,0.8452413,0.298,0.285,0.318,18.302,20.102,18.652
2019-08-04 03:00:00,19.252,54.679134,1.0122565,0.298,0.285,0.318,19.352,20.052,18.652
2019-08-04 04:00:00,21.352,47.38783,1.337633,0.298,0.285,0.318,20.902,20.102,18.602
2019-08-04 05:00:00,23.202,38.921547,1.7377019,0.297,0.285,0.318,22.902,20.202,18.602
2019-08-04 06:00:00,23.752,35.417538,1.8993152,0.296,0.285,0.318,24.152,20.352,18.602
2019-08-04 07:00:00,23.002,43.435776,1.589856,0.3,0.285,0.318,25.702,20.552,18.602
2019-08-04 08:00:00,23.502,41.722095,1.688176,0.3,0.285,0.318,25.752,20.802,18.602
2019-08-04 09:00:00,24.752,37.554634,1.9495895,0.299,0.285,0.318,27.002,21.052,18.602
2019-08-04 10:00:00,25.602,35.105247,2.1310604,0.298,0.285,0.318,27.752,21.302,18.602
2019-08-04 11:00:00,24.702,40.411976,1.8547515,0.299,0.285,0.318,27.152,21.552,18.602
2019-08-04 12:00:00,21.602,55.64102,1.1450161,0.31,0.285,0.318,25.402,21.652,18.602
2019-08-04 13:00:00,21.102,56.996517,1.0765892,0.309,0.285,0.318,23.802,21.752,18.602
2019-08-04 14:00:00,20.602,59.945766,0.9724127,0.309,0.285,0.318,22.902,21.752,18.602
2019-08-04 15:00:00,19.652,65.26043,0.79530704,0.309,0.285,0.318,21.752,21.702,18.602
2019-08-04 16:00:00,18.502,71.03327,0.617316,0.309,0.285,0.318,20.702,21.602,18.602
2019-08-04 17:00:00,17.552,75.65006,0.48888457,0.309,0.285,0.318,19.802,21.502,18.602
2019-08-04 18:00:00,16.652,80.34641,0.3727665,0.309,0.285,0.318,19.052,21.352,18.602
2019-08-04 19:00:00,15.852,77.38663,0.40764296,0.309,0.285,0.318,18.302,21.152,18.602
2019-08-04 20:00:00,15.052,80.923744,0.32670724,0.309,0.285,0.318,17.602,20.952,18.602
2019-08-04 21:00:00,14.352,83.82616,0.26478755,0.309,0.285,0.318,17.052,20.752,18.602
2019-08-04 22:00:00,13.752,86.86261,0.20688176,0.309,0.285,0.318,16.502,20.502,18.602
2019-08-04 23:00:00,13.102,89.724464,0.15511405,0.309,0.285,0.318,16.001999,20.252,18.552
2019-08-05 00:00:00,12.602,91.48856,0.124354005,0.309,0.285,0.318,15.502,20.052,18.552
2019-08-05 01:00:00,13.252,91.52993,0.1291138,0.309,0.285,0.318,15.752,19.802,18.552
2019-08-05 02:00:00,16.102,79.747055,0.37094712,0.309,0.285,0.318,17.402,19.702,18.552
2019-08-05 03:00:00,18.402,70.09214,0.6334083,0.308,0.285,0.318,19.252,19.652,18.552
2019-08-05 04:00:00,20.202,59.458527,0.9603002,0.308,0.285,0.318,21.202,19.702,18.552
2019-08-05 05:00:00,21.652,51.931774,1.2446208,0.307,0.285,0.318,23.102,19.852,18.552
2019-08-05 06:00:00,22.852,46.54457,1.4888502,0.306,0.285,0.318,24.802,20.052,18.502
2019-08-05 07:00:00,24.152,40.936436,1.7790022,0.304,0.285,0.317,26.352,20.302,18.502
2019-08-05 08:00:00,25.002,38.38997,1.9523182,0.303,0.285,0.317,27.452,20.602,18.502
2019-08-05 09:00:00,25.602,36.796513,2.0754561,0.302,0.285,0.317,28.102,20.952,18.502
2019-08-05 10:00:00,26.002,35.814175,2.1581821,0.301,0.285,0.317,28.402,21.252,18.502
2019-08-05 11:00:00,26.202,35.3931,2.198132,0.3,0.285,0.317,28.252,21.552,18.502
2019-08-05 12:00:00,26.102,35.483746,2.182142,0.299,0.285,0.317,27.752,21.752,18.502
2019-08-05 13:00:00,25.752,36.71572,2.096637,0.298,0.285,0.317,26.852,21.952,18.502
2019-08-05 14:00:00,24.352,43.666687,1.7171006,0.298,0.285,0.317,25.502,22.052,18.502
2019-08-05 15:00:00,22.302,49.25637,1.3669559,0.298,0.285,0.317,23.852,22.102,18.502
2019-08-05 16:00:00,20.852,53.115734,1.1559547,0.297,0.285,0.317,22.502,22.052,18.502
2019-08-05 17:00:00,19.902,56.13723,1.0199467,0.297,0.285,0.317,21.502,22.002,18.502
2019-08-05 18:00:00,19.202,58.63224,0.9210509,0.297,0.285,0.317,20.702,21.902,18.502
2019-08-05 19:00:00,18.302,62.02494,0.7993218,0.297,0.285,0.317,20.002,21.752,18.502
2019-08-05 20:00:00,17.902,64.2396,0.73404706,0.297,0.285,0.317,19.552,21.602,18.502
2019-08-05 21:00:00,17.552,65.88987,0.68492043,0.297,0.285,0.317,19.152,21.452,18.502
2019-08-05 22:00:00,17.202,67.1397,0.64541566,0.297,0.285,0.317,18.752,21.302,18.502
2019-08-05 23:00:00,16.752,68.85264,0.594596,0.297,0.285,0.317,18.352,21.102,18.502
2019-08-06 00:00:00,16.302,70.61619,0.5451275,0.297,0.285,0.317,18.052,20.952,18.502
2019-08-06 01:00:00,16.602,69.97437,0.56775117,0.297,0.285,0.317,18.052,20.752,18.502
2019-08-06 02:00:00,18.502,63.316776,0.7818377,0.297,0.285,0.317,19.002,20.652,18.502
2019-08-06 03:00:00,21.502,51.72072,1.2386974,0.296,0.285,0.317,20.952,20.652,18.502
2019-08-06 04:00:00,24.552,41.877052,1.7929922,0.296,0.285,0.317,23.202,20.752,18.502
2019-08-06 05:00:00,27.152,35.54203,2.318872,0.295,0.285,0.317,25.452,20.902,18.502
2019-08-06 06:00:00,29.552,30.502413,2.873809,0.294,0.285,0.317,27.602,21.202,18.502
2019-08-06 07:00:00,32.101997,25.932024,3.5417225,0.292,0.284,0.316,29.652,21.552,18.502
2019-08-06 08:00:00,33.752,21.584623,4.113454,0.291,0.284,0.316,31.152,21.952,18.502
2019-08-06 09:00:00,34.702,18.050552,4.5321684,0.29,0.284,0.316,32.151997,22.352,18.502
2019-08-06 10:00:00,35.052,16.412388,4.7132907,0.289,0.284,0.316,32.552,22.752,18.502
2019-08-06 11:00:00,35.101997,15.809696,4.760478,0.288,0.284,0.316,32.452,23.152,18.502
2019-08-06 12:00:00,34.702,17.084421,4.5857344,0.287,0.284,0.316,32.002,23.502,18.552
2019-08-06 13:00:00,33.651997,21.559525,4.0919027,0.286,0.284,0.316,31.152,23.752,18.552
2019-08-06 14:00:00,31.952,26.153181,3.5013664,0.286,0.284,0.316,29.752,23.952,18.552
2019-08-06 15:00:00,29.202,31.96501,2.7571392,0.286,0.284,0.316,27.852,24.052,18.552
2019-08-06 16:00:00,26.052,39.857624,2.0280402,0.286,0.284,0.316,26.002,24.052,18.552
2019-08-06 17:00:00,24.552,45.33901,1.6860917,0.285,0.284,0.316,24.702,24.002,18.602
2019-08-06 18:00:00,23.852,49.99711,1.4790308,0.285,0.284,0.316,24.102,23.952,18.602
2019-08-06 19:00:00,22.252,53.829773,1.2398969,0.285,0.284,0.316,23.352,23.852,18.602
2019-08-06 20:00:00,21.402,58.01279,1.070601,0.285,0.284,0.316,22.702,23.702,18.602
2019-08-06 21:00:00,20.652,63.58777,0.8866693,0.286,0.284,0.316,22.202,23.602,18.602
2019-08-06 22:00:00,19.952,68.36745,0.73771036,0.286,0.284,0.316,21.602,23.402,18.602
2019-08-06 23:00:00,19.402,72.12971,0.62817585,0.287,0.284,0.316,21.252,23.252,18.652
2019-08-07 00:00:00,18.852,75.61658,0.53108275,0.289,0.284,0.316,20.852,23.102,18.652
2019-08-07 01:00:00,18.652,78.569115,0.46097255,0.292,0.284,0.316,20.652,22.902,18.652
2019-08-07 02:00:00,19.102,79.64973,0.45016634,0.292,0.284,0.316,21.252,22.752,18.652
2019-08-07 03:00:00,20.302,73.226616,0.6379746,0.292,0.284,0.316,21.652,22.652,18.652
2019-08-07 04:00:00,21.552,65.877174,0.8779743,0.292,0.284,0.316,22.952,22.602,18.652
2019-08-07 05:00:00,22.952,58.3872,1.165802,0.292,0.284,0.316,24.752,22.652,18.652
2019-08-07 06:00:00,24.002,53.057903,1.4009598,0.291,0.284,0.316,26.202,22.752,18.652
2019-08-07 07:00:00,25.002,41.587143,1.850897,0.29,0.284,0.316,27.402,22.902,18.652
2019-08-07 08:00:00,25.552,33.810772,2.1671958,0.29,0.284,0.315,28.502,23.102,18.702
2019-08-07 09:00:00,25.902,27.71839,2.4164448,0.289,0.284,0.315,29.102,23.352,18.702
2019-08-07 10:00:00,25.702,24.313147,2.5006804,0.288,0.284,0.315,29.152,23.502,18.702
2019-08-07 11:00:00,25.302,22.874027,2.4885845,0.287,0.284,0.315,28.802,23.702,18.702
2019-08-07 12:00:00,24.552,23.499462,2.3606062,0.287,0.284,0.315,27.952,23.802,18.702
2019-08-07 13:00:00,23.752,24.830908,2.2109919,0.286,0.284,0.315,26.852,23.902,18.702
2019-08-07 14:00:00,22.752,28.411968,1.9823786,0.286,0.284,0.315,25.502,23.902,18.752
2019-08-07 15:00:00,21.552,31.883347,1.7534726,0.286,0.284,0.315,23.902,23.802,18.752
2019-08-07 16:00:00,19.802,37.034485,1.4554441,0.286,0.284,0.315,22.352,23.702,18.752
2019-08-07 17:00:00,18.002,45.19688,1.1322422,0.285,0.284,0.315,21.102,23.502,18.752
2019-08-07 18:00:00,17.402,46.13359,1.071657,0.285,0.284,0.315,20.002,23.252,18.752
2019-08-07 19:00:00,15.202,53.44105,0.8052829,0.285,0.284,0.315,18.902,23.002,18.752
2019-08-07 20:00:00,14.252,58.206844,0.67994016,0.285,0.284,0.315,18.052,22.702,18.752
2019-08-07 21:00:00,13.552,61.332947,0.60116816,0.285,0.284,0.315,17.302,22.402,18.752
2019-08-07 22:00:00,13.202,62.53164,0.56940925,0.285,0.284,0.315,16.702,22.102,18.752
2019-08-07 23:00:00,12.752,64.84335,0.5188038,0.285,0.284,0.315,16.252,21.802,18.752
2019-08-08 00:00:00,12.152,68.382484,0.44857293,0.285,0.284,0.315,15.752,21.502,18.752
2019-08-08 01:00:00,12.702,73.83064,0.3848977,0.285,0.284,0.315,15.852,21.202,18.752
2019-08-08 02:00:00,16.102,56.50678,0.79678535,0.285,0.284,0.315,17.652,21.002,18.752
2019-08-08 03:00:00,19.002,43.641098,1.2395236,0.285,0.284,0.315,20.002,20.902,18.752
2019-08-08 04:00:00,20.652,34.410206,1.5977771,0.285,0.284,0.315,21.902,20.952,18.752
2019-08-08 05:00:00,21.602,31.897608,1.7584653,0.284,0.284,0.315,23.652,21.052,18.752
2019-08-08 06:00:00,22.502,30.513819,1.8952079,0.283,0.284,0.315,25.302,21.202,18.752
2019-08-08 07:00:00,22.502,30.513819,1.8952079,0.283,0.283,0.315,26.102,21.402,18.752
2019-08-08 08:00:00,22.702,29.830465,1.9371934,0.282,0.283,0.315,26.252,21.552,18.752
2019-08-08 09:00:00,22.802,29.03233,1.9711396,0.282,0.283,0.315,26.352,21.752,18.752
2019-08-08 10:00:00,23.152,27.537334,2.0557106,0.281,0.283,0.315,26.652,21.902,18.752
2019-08-08 11:00:00,23.052,26.272707,2.079033,0.281,0.283,0.314,26.402,22.102,18.752
2019-08-08 12:00:00,22.702,26.083485,2.0407271,0.281,0.283,0.314,25.752,22.202,18.752
2019-08-08 13:00:00,22.052,27.231796,1.9312844,0.28,0.283,0.314,24.852,22.252,18.752
2019-08-08 14:00:00,20.952,30.829205,1.7164125,0.28,0.283,0.314,23.602,22.302,18.752
2019-08-08 15:00:00,19.652,34.72853,1.4948266,0.28,0.283,0.314,22.302,22.252,18.752
2019-08-08 16:00:00,18.502,38.915443,1.3022453,0.28,0.283,0.314,21.152,22.152,18.752
2019-08-08 17:00:00,17.202,46.88241,1.0434991,0.28,0.283,0.314,20.052,22.002,18.752
2019-08-08 18:00:00,15.652,50.326862,0.8842833,0.28,0.283,0.314,18.752,21.802,18.752
2019-08-08 19:00:00,14.402,54.92006,0.7405692,0.28,0.283,0.314,17.752,21.602,18.752
2019-08-08 20:00:00,13.752,57.481537,0.66970354,0.28,0.283,0.314,17.002,21.352,18.752
2019-08-08 21:00:00,13.402,57.593082,0.6529267,0.279,0.283,0.314,16.452,21.102,18.752
2019-08-08 22:00:00,13.252,57.75586,0.6440986,0.279,0.283,0.314,16.152,20.802,18.752
2019-08-08 23:00:00,13.302,57.56788,0.6490757,0.279,0.283,0.314,16.052,20.602,18.752
2019-08-09 00:00:00,13.052,59.333847,0.61200136,0.279,0.283,0.314,15.802,20.352,18.752
2019-08-09 01:00:00,13.152,62.304703,0.570995,0.279,0.283,0.314,15.852,20.102,18.752
2019-08-09 02:00:00,14.502,59.688053,0.66650766,0.279,0.283,0.314,16.852,19.952,18.752
2019-08-09 03:00:00,16.001999,54.393894,0.83020043,0.279,0.283,0.314,18.352,19.852,18.702
2019-08-09 04:00:00,17.352,47.08669,1.0493722,0.279,0.283,0.314,20.002,19.852,18.702
2019-08-09 05:00:00,18.552,42.472004,1.230224,0.278,0.283,0.314,21.652,19.902,18.702
2019-08-09 06:00:00,19.802,36.52072,1.4673272,0.278,0.283,0.314,23.002,20.052,18.702
2019-08-09 07:00:00,20.052,35.70891,1.5092578,0.278,0.283,0.314,23.552,20.202,18.702
2019-08-09 08:00:00,20.202,34.280704,1.5571629,0.277,0.283,0.314,23.452,20.302,18.702
2019-08-09 09:00:00,20.002,34.70747,1.5280534,0.277,0.283,0.314,22.952,20.402,18.702
2019-08-09 10:00:00,20.352,34.083927,1.5763443,0.277,0.283,0.314,23.102,20.502,18.702
2019-08-09 11:00:00,20.352,33.845436,1.5820514,0.277,0.283,0.314,22.952,20.602,18.702
2019-08-09 12:00:00,19.802,36.39327,1.4702752,0.276,0.283,0.314,22.252,20.652,18.652
2019-08-09 13:00:00,19.402,39.038982,1.3745701,0.276,0.283,0.314,21.752,20.652,18.652
2019-08-09 14:00:00,18.702,42.81003,1.2345035,0.276,0.283,0.314,21.002,20.652,18.652
2019-08-09 15:00:00,17.452,47.604687,1.0456676,0.276,0.283,0.314,19.902,20.602,18.652
2019-08-09 16:00:00,16.702,50.961735,0.9333263,0.276,0.283,0.314,18.952,20.502,18.652
2019-08-09 17:00:00,15.802,56.237923,0.78652084,0.276,0.283,0.314,18.002,20.352,18.652
2019-08-09 18:00:00,14.002,63.58154,0.5829723,0.276,0.283,0.314,16.902,20.152,18.652
2019-08-09 19:00:00,13.302,64.74294,0.53929853,0.276,0.283,0.314,16.052,19.952,18.652
2019-08-09 20:00:00,12.552,68.230354,0.46271634,0.276,0.283,0.314,15.502,19.752,18.652
2019-08-09 21:00:00,12.052,69.54745,0.42921168,0.276,0.283,0.314,14.952,19.502,18.602
2019-08-09 22:00:00,11.702,69.957436,0.4137841,0.276,0.283,0.314,14.452,19.252,18.602
2019-08-09 23:00:00,11.552,69.687035,0.41339684,0.276,0.283,0.314,14.202,19.052,18.602
2019-08-10 00:00:00,11.102,71.54723,0.3766455,0.276,0.283,0.314,13.802,18.802,18.602
2019-08-10 01:00:00,11.352,74.35144,0.34518546,0.276,0.283,0.314,13.902,18.552,18.602
2019-08-10 02:00:00,14.352,61.10196,0.63692826,0.276,0.283,0.314,15.452,18.452,18.552
2019-08-10 03:00:00,17.452,49.102257,1.0157666,0.276,0.283,0.314,17.902,18.402,18.552
2019-08-10 04:00:00,19.952,39.88106,1.4025586,0.275,0.283,0.314,20.152,18.502,18.552
2019-08-10 05:00:00,21.752,34.01014,1.719541,0.275,0.283,0.314,22.452,18.652,18.552
2019-08-10 06:00:00,23.152,30.911991,1.9598882,0.275,0.283,0.314,24.452,18.902,18.502
2019-08-10 07:00:00,24.552,32.069073,2.0959039,0.274,0.283,0.314,25.852,19.252,18.502
2019-08-10 08:00:00,25.202,31.274904,2.2040977,0.274,0.283,0.313,26.602,19.552,18.502
2019-08-10 09:00:00,26.202,30.498985,2.3648658,0.273,0.283,0.313,27.602,19.902,18.502
2019-08-10 10:00:00,26.802,30.355293,2.4548674,0.273,0.283,0.313,28.102,20.252,18.502
2019-08-10 11:00:00,27.152,30.556057,2.498498,0.273,0.283,0.313,28.202,20.552,18.502
2019-08-10 12:00:00,27.202,31.09167,2.486463,0.272,0.283,0.313,27.852,20.852,18.502
2019-08-10 13:00:00,26.852,33.15967,2.3628058,0.272,0.283,0.313,27.002,21.102,18.502
2019-08-10 14:00:00,25.602,38.946507,2.0047739,0.272,0.283,0.313,25.652,21.302,18.502
2019-08-10 15:00:00,24.152,42.750313,1.7243139,0.272,0.283,0.313,24.152,21.352,18.502
2019-08-10 16:00:00,22.502,47.07145,1.4432635,0.272,0.283,0.313,22.902,21.402,18.502
2019-08-10 17:00:00,21.452,49.191257,1.299668,0.272,0.283,0.313,22.002,21.402,18.502
2019-08-10 18:00:00,20.652,50.474487,1.206211,0.272,0.283,0.313,21.202,21.352,18.502
2019-08-10 19:00:00,19.902,50.44299,1.1524398,0.272,0.283,0.313,20.552,21.252,18.502
2019-08-10 20:00:00,19.402,51.164536,1.1010118,0.271,0.283,0.313,20.052,21.152,18.502
2019-08-10 21:00:00,18.802,52.57975,1.0299143,0.271,0.283,0.313,19.552,21.052,18.502
2019-08-10 22:00:00,18.402,53.549664,0.9839463,0.271,0.283,0.313,19.102,20.952,18.502
2019-08-10 23:00:00,18.202,54.04276,0.961383,0.271,0.283,0.313,18.802,20.802,18.502
2019-08-11 00:00:00,17.752,55.78172,0.8992295,0.271,0.283,0.313,18.452,20.652,18.502
2019-08-11 01:00:00,17.802,57.900414,0.8588195,0.271,0.283,0.313,18.402,20.552,18.502
2019-08-11 02:00:00,19.952,54.312664,1.0656873,0.271,0.283,0.313,19.452,20.452,18.452
2019-08-11 03:00:00,22.752,46.517136,1.4806343,0.271,0.283,0.313,21.602,20.502,18.452
2019-08-11 04:00:00,25.202,39.883656,1.9277074,0.271,0.283,0.313,23.802,20.602,18.452
2019-08-11 05:00:00,27.402,34.67667,2.3846402,0.27,0.283,0.313,26.002,20.802,18.452
2019-08-11 06:00:00,29.302,29.728996,2.8643556,0.27,0.283,0.313,28.102,21.102,18.452
2019-08-11 07:00:00,30.852,25.599989,3.314395,0.27,0.283,0.313,30.002,21.452,18.452
2019-08-11 08:00:00,31.752,20.652729,3.720435,0.269,0.283,0.313,31.302,21.852,18.452
2019-08-11 09:00:00,31.452,19.810537,3.696682,0.269,0.282,0.313,31.002,22.252,18.452
2019-08-11 10:00:00,31.452,19.67375,3.7030005,0.268,0.282,0.312,30.952,22.552,18.502
2019-08-11 11:00:00,31.352,19.85464,3.6737564,0.268,0.282,0.312,30.802,22.852,18.502
2019-08-11 12:00:00,30.952,21.172457,3.5320628,0.268,0.282,0.312,30.152,23.152,18.502
2019-08-11 13:00:00,30.152,26.917645,3.1280982,0.268,0.282,0.312,29.402,23.352,18.502
2019-08-11 14:00:00,28.302,32.90192,2.581254,0.267,0.282,0.312,28.002,23.502,18.502
2019-08-11 15:00:00,26.002,36.05505,2.1500728,0.267,0.282,0.312,26.402,23.552,18.502
2019-08-11 16:00:00,24.852,36.831787,1.9839631,0.267,0.282,0.312,25.202,23.552,18.552
2019-08-11 17:00:00,24.202,37.779495,1.8798057,0.267,0.282,0.312,24.352,23.502,18.552
2019-08-11 18:00:00,23.352,39.89634,1.7254676,0.267,0.282,0.312,23.552,23.452,18.552
2019-08-11 19:00:00,22.652,40.9261,1.6256921,0.267,0.282,0.312,23.002,23.352,18.552
2019-08-11 20:00:00,22.252,41.93316,1.559663,0.267,0.282,0.312,22.552,23.252,18.552
2019-08-11 21:00:00,22.202,42.34614,1.5438654,0.267,0.282,0.312,22.302,23.152,18.602
2019-08-11 22:00:00,21.952,43.287525,1.4957238,0.267,0.282,0.312,22.052,23.052,18.602
2019-08-11 23:00:00,21.402,45.070625,1.4008673,0.267,0.282,0.312,21.702,22.902,18.602
2019-08-12 00:00:00,20.902,46.789425,1.3160788,0.267,0.282,0.312,21.352,22.802,18.602
2019-08-12 01:00:00,21.002,47.451107,1.3076973,0.266,0.282,0.312,21.302,22.652,18.602
2019-08-12 02:00:00,22.002,46.466213,1.4161264,0.266,0.282,0.312,21.852,22.552,18.602
2019-08-12 03:00:00,24.052,42.01645,1.736014,0.266,0.282,0.312,23.202,22.552,18.602
2019-08-12 04:00:00,26.502,36.075397,2.2136374,0.266,0.282,0.312,25.202,22.602,18.602
2019-08-12 05:00:00,28.852,31.027998,2.7392972,0.266,0.282,0.312,27.402,22.752,18.602
2019-08-12 06:00:00,30.652,26.069502,3.2561326,0.265,0.282,0.312,29.352,23.002,18.652
2019-08-12 07:00:00,31.452,21.965681,3.5971365,0.265,0.282,0.312,30.502,23.252,18.652
2019-08-12 08:00:00,31.252,21.990025,3.5554528,0.265,0.282,0.312,30.502,23.552,18.652
2019-08-12 09:00:00,31.502,21.679523,3.6205974,0.264,0.282,0.312,30.752,23.802,18.652
2019-08-12 10:00:00,31.902,21.485117,3.712668,0.264,0.282,0.312,31.152,24.052,18.652
2019-08-12 11:00:00,31.802,21.533464,3.6894708,0.264,0.282,0.312,31.002,24.252,18.702
2019-08-12 12:00:00,31.152,22.574345,3.5087912,0.264,0.282,0.312,30.402,24.452,18.702
2019-08-12 13:00:00,30.352,24.367044,3.274704,0.263,0.282,0.311,29.552,24.602,18.702
2019-08-12 14:00:00,28.752,26.904026,2.886623,0.263,0.282,0.311,28.352,24.702,18.702
2019-08-12 15:00:00,27.152,29.235727,2.546069,0.263,0.282,0.311,27.052,24.702,18.752
2019-08-12 16:00:00,26.052,30.981281,2.3277526,0.263,0.282,0.311,26.052,24.702,18.752
2019-08-12 17:00:00,25.452,31.66806,2.224221,0.263,0.282,0.311,25.352,24.652,18.752
2019-08-12 18:00:00,25.252,29.513636,2.2673721,0.263,0.282,0.311,24.852,24.552,18.752
2019-08-12 19:00:00,24.652,28.542837,2.2180166,0.263,0.282,0.311,24.452,24.502,18.802
2019-08-12 20:00:00,24.352,28.858528,2.169004,0.263,0.282,0.311,24.152,24.402,18.802
2019-08-12 21:00:00,23.652,30.413368,2.0343807,0.263,0.282,0.311,23.752,24.302,18.802
2019-08-12 22:00:00,22.852,32.59075,1.8778874,0.263,0.282,0.311,23.252,24.152,18.802
2019-08-12 23:00:00,22.202,34.495174,1.7542913,0.263,0.282,0.311,22.802,24.052,18.852
2019-08-13 00:00:00,21.102,37.9284,1.5543623,0.263,0.282,0.311,22.252,23.902,18.852
2019-08-13 01:00:00,20.352,41.966206,1.3877239,0.262,0.282,0.311,21.802,23.702,18.852
2019-08-13 02:00:00,20.852,43.863663,1.384242,0.262,0.282,0.311,22.202,23.602,18.852
2019-08-13 03:00:00,21.702,43.217327,1.4749393,0.262,0.282,0.311,23.052,23.502,18.852
2019-08-13 04:00:00,22.802,41.665154,1.6199723,0.262,0.282,0.311,24.202,23.452,18.852
2019-08-13 05:00:00,24.052,38.508728,1.8411438,0.262,0.282,0.311,25.652,23.502,18.902
2019-08-13 06:00:00,25.202,34.056908,2.1147733,0.262,0.282,0.311,27.152,23.602,18.902
2019-08-13 07:00:00,25.652,33.27076,2.1978722,0.262,0.282,0.311,28.102,23.702,18.902
2019-08-13 08:00:00,25.552,32.905693,2.1968663,0.261,0.282,0.311,28.302,23.852,18.902
2019-08-13 09:00:00,25.852,31.888748,2.27014,0.261,0.282,0.311,28.802,24.002,18.902
2019-08-13 10:00:00,26.052,31.087067,2.3241806,0.261,0.282,0.311,28.902,24.152,18.952
2019-08-13 11:00:00,26.102,30.784649,2.3412886,0.261,0.282,0.311,28.852,24.302,18.952
2019-08-13 12:00:00,26.002,30.75669,2.328456,0.261,0.282,0.311,28.502,24.402,18.952
2019-08-13 13:00:00,25.302,32.50141,2.1776052,0.261,0.282,0.311,27.602,24.452,18.952
2019-08-13 14:00:00,23.952,37.58127,1.8577759,0.261,0.282,0.311,26.352,24.502,18.952
2019-08-13 15:00:00,22.352,44.58144,1.4975353,0.261,0.282,0.311,24.952,24.402,19.002
2019-08-13 16:00:00,21.352,49.328655,1.2882533,0.261,0.282,0.311,23.852,24.302,19.002
2019-08-13 17:00:00,20.402,53.709175,1.1101702,0.261,0.282,0.311,22.852,24.202,19.002
2019-08-13 18:00:00,19.652,57.203995,0.9798502,0.261,0.282,0.311,22.102,24.002,19.002
2019-08-13 19:00:00,18.402,61.637302,0.81255305,0.261,0.282,0.311,21.302,23.852,19.002
2019-08-13 20:00:00,17.602,65.682434,0.69125926,0.261,0.282,0.311,20.652,23.602,19.052
2019-08-13 21:00:00,16.852,69.79156,0.58033,0.261,0.282,0.311,19.952,23.402,19.052
2019-08-13 22:00:00,16.202,73.4618,0.48920047,0.261,0.282,0.311,19.402,23.152,19.052
2019-08-13 23:00:00,15.602,77.09293,0.4063983,0.261,0.282,0.311,18.852,22.902,19.052
2019-08-14 00:00:00,15.002,80.65049,0.33032572,0.261,0.282,0.311,18.302,22.652,19.052
2019-08-14 01:00:00,14.952,82.79882,0.29270315,0.261,0.282,0.311,18.152,22.402,19.052
2019-08-14 02:00:00,17.102,71.94473,0.5475415,0.261,0.282,0.311,19.302,22.202,19.052
2019-08-14 03:00:00,19.302,60.832535,0.87747264,0.26,0.282,0.311,21.152,22.152,19.052
2019-08-14 04:00:00,21.102,52.305943,1.1940984,0.26,0.282,0.311,23.202,22.152,19.052
2019-08-14 05:00:00,22.452,45.6663,1.4771276,0.26,0.282,0.311,25.002,22.202,19.052
2019-08-14 06:00:00,23.552,40.76742,1.7210243,0.26,0.282,0.311,26.602,22.352,19.052
2019-08-14 07:00:00,24.202,38.16364,1.8681879,0.26,0.282,0.311,28.052,22.552,19.052
2019-08-14 08:00:00,24.552,36.00884,1.9742191,0.26,0.282,0.31,28.702,22.802,19.052
2019-08-14 09:00:00,24.402,36.210785,1.9504342,0.26,0.282,0.31,28.602,23.002,19.052
2019-08-14 10:00:00,24.652,36.404503,1.9737369,0.26,0.282,0.31,28.602,23.202,19.052
2019-08-14 11:00:00,24.402,37.203564,1.9200464,0.26,0.282,0.31,28.202,23.352,19.102
2019-08-14 12:00:00,23.252,42.498528,1.6407807,0.261,0.282,0.31,27.352,23.452,19.102
2019-08-14 13:00:00,23.002,41.44166,1.6459564,0.261,0.282,0.31,26.252,23.552,19.102
2019-08-14 14:00:00,22.302,45.017986,1.4812276,0.261,0.282,0.31,25.052,23.552,19.102
2019-08-14 15:00:00,21.102,49.591644,1.2621036,0.261,0.282,0.31,23.652,23.502,19.102
2019-08-14 16:00:00,20.052,53.61868,1.0885893,0.261,0.282,0.31,22.502,23.402,19.102
2019-08-14 17:00:00,19.102,57.44934,0.9415288,0.261,0.282,0.31,21.602,23.252,19.102
2019-08-14 18:00:00,18.302,60.79972,0.82512283,0.261,0.282,0.31,20.852,23.102,19.102
2019-08-14 19:00:00,16.902,65.750626,0.6600729,0.261,0.282,0.31,19.952,22.902,19.152
2019-08-14 20:00:00,16.001999,70.32423,0.54013264,0.261,0.282,0.31,19.252,22.652,19.152
2019-08-14 21:00:00,14.902,76.47329,0.39907992,0.261,0.282,0.31,18.502,22.452,19.152
2019-08-14 22:00:00,14.752,77.9892,0.36977625,0.261,0.282,0.31,17.802,22.202,19.152
2019-08-14 23:00:00,14.102,81.876366,0.2919587,0.261,0.282,0.31,17.152,21.902,19.152
2019-08-15 00:00:00,13.452,86.260544,0.21218967,0.261,0.282,0.31,16.652,21.652,19.152
2019-08-15 01:00:00,13.702,86.857834,0.2062869,0.261,0.282,0.31,16.602,21.402,19.152
2019-08-15 02:00:00,16.001999,76.648735,0.4249928,0.261,0.282,0.31,18.052,21.202,19.152
2019-08-15 03:00:00,18.652,64.192635,0.77034557,0.261,0.282,0.31,20.052,21.152,19.102
2019-08-15 04:00:00,20.902,51.734566,1.1936879,0.261,0.282,0.31,22.452,21.152,19.102
2019-08-15 05:00:00,22.352,44.28337,1.5055966,0.26,0.282,0.31,24.552,21.302,19.102
2019-08-15 06:00:00,23.252,40.137974,1.7082025,0.26,0.281,0.31,26.202,21.452,19.102
2019-08-15 07:00:00,23.002,43.873928,1.5775299,0.26,0.281,0.31,27.202,21.702,19.102
2019-08-15 08:00:00,23.002,43.145817,1.5980132,0.26,0.281,0.31,27.252,21.902,19.102
2019-08-15 09:00:00,22.852,42.815544,1.5928055,0.26,0.281,0.31,26.852,22.102,19.102
2019-08-15 10:00:00,23.352,41.81999,1.6701915,0.26,0.281,0.31,27.602,22.302,19.102
2019-08-15 11:00:00,22.852,41.9608,1.6166347,0.261,0.281,0.31,26.852,22.452,19.102
2019-08-15 12:00:00,21.902,45.514164,1.4325855,0.264,0.281,0.31,26.352,22.552,19.102
2019-08-15 13:00:00,20.802,52.40137,1.1699826,0.265,0.281,0.31,24.652,22.602,19.102
2019-08-15 14:00:00,19.152,64.091606,0.79696226,0.272,0.281,0.31,23.202,22.602,19.152
2019-08-15 15:00:00,18.052,71.1813,0.5971018,0.274,0.281,0.31,21.702,22.502,19.152
2019-08-15 16:00:00,17.202,76.337776,0.46470726,0.276,0.281,0.31,20.652,22.352,19.152
2019-08-15 17:00:00,16.552,80.858574,0.36075532,0.28,0.281,0.31,19.752,22.202,19.152
2019-08-15 18:00:00,16.102,81.06328,0.34683478,0.28,0.281,0.31,18.952,22.002,19.152
2019-08-15 19:00:00,16.052,72.950455,0.49388993,0.28,0.281,0.31,18.202,21.802,19.152
2019-08-15 20:00:00,15.902,74.38782,0.46318972,0.28,0.281,0.31,17.802,21.602,19.152
2019-08-15 21:00:00,15.252,78.3233,0.3760457,0.28,0.281,0.31,17.352,21.352,19.152
2019-08-15 22:00:00,14.702,82.22398,0.29766214,0.28,0.281,0.31,16.952,21.152,19.102
2019-08-15 23:00:00,14.302,84.934296,0.24584842,0.28,0.281,0.31,16.552,20.902,19.102
2019-08-16 00:00:00,13.502,89.459435,0.16331232,0.28,0.281,0.31,16.052,20.652,19.102
2019-08-16 01:00:00,13.252,93.35548,0.101284504,0.28,0.281,0.31,16.152,20.452,19.102
2019-08-16 02:00:00,15.202,85.03134,0.25882804,0.28,0.281,0.31,17.502,20.302,19.102
2019-08-16 03:00:00,17.152,77.83958,0.4338336,0.28,0.281,0.31,18.302,20.202,19.102
2019-08-16 04:00:00,19.102,68.41976,0.69868684,0.28,0.281,0.31,20.202,20.152,19.102
2019-08-16 05:00:00,20.752,60.375164,0.9708898,0.28,0.281,0.31,22.352,20.252,19.102
2019-08-16 06:00:00,22.052,56.119694,1.1641268,0.28,0.281,0.31,24.202,20.402,19.052
2019-08-16 07:00:00,23.302,48.55541,1.4722317,0.28,0.281,0.31,25.752,20.652,19.052
2019-08-16 08:00:00,23.952,45.024662,1.6360313,0.279,0.281,0.31,26.802,20.902,19.052
2019-08-16 09:00:00,24.002,44.005627,1.6713872,0.279,0.281,0.31,26.952,21.152,19.052
2019-08-16 10:00:00,22.702,50.185257,1.3748395,0.287,0.281,0.309,26.102,21.352,19.052
2019-08-16 11:00:00,22.452,52.831017,1.2822019,0.287,0.281,0.309,25.202,21.452,19.052
2019-08-16 12:00:00,21.202,60.08727,1.0053027,0.295,0.281,0.309,24.452,21.552,19.052
2019-08-16 13:00:00,20.402,64.997116,0.8393254,0.308,0.281,0.309,23.102,21.602,19.052
2019-08-16 14:00:00,19.002,75.15422,0.54623497,0.313,0.281,0.309,21.852,21.602,19.052
2019-08-16 15:00:00,17.852,81.29258,0.38272333,0.314,0.281,0.309,20.652,21.502,19.052
2019-08-16 16:00:00,17.252,83.88495,0.31745923,0.314,0.281,0.309,19.802,21.402,19.052
2019-08-16 17:00:00,16.652,86.01677,0.26520133,0.314,0.281,0.309,19.152,21.252,19.052
2019-08-16 18:00:00,16.302,87.10334,0.23921716,0.314,0.281,0.309,18.702,21.102,19.052
2019-08-16 19:00:00,17.002,75.3128,0.4787556,0.314,0.281,0.309,18.402,20.952,19.052
2019-08-16 20:00:00,16.402,77.217514,0.4253254,0.314,0.281,0.309,17.952,20.802,19.052
2019-08-16 21:00:00,15.952,78.68565,0.3866787,0.314,0.281,0.309,17.602,20.602,19.052
2019-08-16 22:00:00,15.852,78.41262,0.38914382,0.314,0.281,0.309,17.402,20.452,19.052
2019-08-16 23:00:00,15.502,79.40071,0.36311805,0.314,0.281,0.309,17.102,20.252,19.002
2019-08-17 00:00:00,14.902,81.97843,0.30568182,0.314,0.281,0.309,16.752,20.102,19.002
2019-08-17 01:00:00,15.052,81.45905,0.31753778,0.314,0.281,0.309,16.702,19.902,19.002
2019-08-17 02:00:00,16.552,74.74464,0.47601497,0.313,0.281,0.309,17.452,19.802,19.002
2019-08-17 03:00:00,18.602,65.67961,0.73604083,0.313,0.281,0.309,18.952,19.752,19.002
2019-08-17 04:00:00,20.452,58.54759,0.99713206,0.313,0.281,0.309,20.602,19.752,19.002
2019-08-17 05:00:00,21.852,51.30111,1.276428,0.312,0.281,0.309,22.502,19.902,18.952
2019-08-17 06:00:00,22.652,47.11244,1.4553074,0.312,0.281,0.309,23.652,20.052,18.952
2019-08-17 07:00:00,23.202,43.929646,1.595093,0.311,0.281,0.309,24.202,20.252,18.952
2019-08-17 08:00:00,23.802,41.52762,1.7246207,0.31,0.281,0.309,25.102,20.452,18.952
2019-08-17 09:00:00,23.552,42.868073,1.6599315,0.31,0.281,0.309,24.702,20.602,18.952
2019-08-17 10:00:00,23.452,43.852818,1.621512,0.309,0.281,0.309,24.502,20.752,18.952
2019-08-17 11:00:00,24.102,41.890522,1.745005,0.308,0.281,0.309,25.102,20.952,18.952
2019-08-17 12:00:00,23.702,42.48249,1.6862763,0.308,0.281,0.309,24.552,21.102,18.952
2019-08-17 13:00:00,22.902,45.943096,1.5101731,0.307,0.281,0.309,23.802,21.152,18.952
2019-08-17 14:00:00,21.952,50.151363,1.3145648,0.307,0.281,0.309,22.852,21.202,18.952
2019-08-17 15:00:00,20.502,55.916393,1.0637319,0.307,0.281,0.309,21.702,21.202,18.952
2019-08-17 16:00:00,19.602,60.302975,0.9060489,0.307,0.281,0.309,20.902,21.152,18.952
2019-08-17 17:00:00,18.652,64.830765,0.7566112,0.307,0.281,0.309,20.102,21.102,18.952
2019-08-17 18:00:00,18.002,68.42304,0.65222347,0.307,0.281,0.309,19.502,21.002,18.952
2019-08-17 19:00:00,17.302,72.694496,0.53967464,0.306,0.281,0.309,18.952,20.852,18.952
2019-08-17 20:00:00,16.752,75.7671,0.4625666,0.306,0.281,0.309,18.502,20.702,18.902
2019-08-17 21:00:00,16.102,79.48608,0.37572813,0.306,0.281,0.309,18.052,20.602,18.902
2019-08-17 22:00:00,15.452,83.131645,0.29639006,0.306,0.281,0.309,17.552,20.402,18.902
2019-08-17 23:00:00,14.902,85.83974,0.24017775,0.306,0.281,0.309,17.052,20.252,18.902
2019-08-18 00:00:00,14.452,87.50213,0.20592487,0.306,0.281,0.309,16.652,20.052,18.902
2019-08-18 01:00:00,14.552,87.2246,0.21185935,0.306,0.281,0.309,16.552,19.902,18.902
2019-08-18 02:00:00,16.602,77.50204,0.4253776,0.306,0.281,0.309,17.502,19.752,18.902
2019-08-18 03:00:00,19.352,65.839424,0.7676325,0.306,0.281,0.309,19.402,19.752,18.902
2019-08-18 04:00:00,21.602,56.191525,1.1307966,0.305,0.281,0.309,21.302,19.802,18.852
2019-08-18 05:00:00,23.602,43.313435,1.6519375,0.305,0.281,0.309,23.452,19.952,18.852
2019-08-18 06:00:00,24.252,40.964565,1.7888238,0.304,0.281,0.309,24.552,20.152,18.852
2019-08-18 07:00:00,24.202,45.693073,1.6404959,0.303,0.281,0.309,25.052,20.352,18.852
2019-08-18 08:00:00,25.352,43.6555,1.8227814,0.302,0.281,0.309,26.552,20.602,18.852
2019-08-18 09:00:00,26.052,43.136536,1.917348,0.301,0.281,0.309,27.302,20.902,18.852
2019-08-18 10:00:00,26.752,41.800053,2.0449715,0.3,0.281,0.309,27.852,21.202,18.852
2019-08-18 11:00:00,27.152,40.42962,2.1428194,0.299,0.281,0.309,27.952,21.452,18.852
2019-08-18 12:00:00,26.752,41.25567,2.0641232,0.298,0.281,0.309,27.052,21.702,18.852
2019-08-18 13:00:00,26.502,42.6988,1.9840088,0.298,0.281,0.309,26.302,21.852,18.852
2019-08-18 14:00:00,25.402,47.70219,1.6967591,0.298,0.281,0.309,25.252,21.952,18.852
2019-08-18 15:00:00,23.952,52.53062,1.4124719,0.298,0.281,0.309,23.852,22.002,18.852
2019-08-18 16:00:00,22.352,58.622208,1.117875,0.298,0.281,0.309,22.702,22.002,18.852
2019-08-18 17:00:00,20.952,64.69486,0.8756745,0.298,0.281,0.309,21.702,21.952,18.852
2019-08-18 18:00:00,19.902,69.92539,0.69919837,0.297,0.281,0.309,20.952,21.852,18.852
2019-08-18 19:00:00,19.302,71.87841,0.62992,0.297,0.281,0.309,20.352,21.752,18.852
2019-08-18 20:00:00,18.752,73.90638,0.5648129,0.297,0.281,0.309,19.902,21.602,18.852
2019-08-18 21:00:00,18.052,76.7215,0.48228037,0.297,0.281,0.309,19.402,21.502,18.852
2019-08-18 22:00:00,17.502,79.16789,0.41692388,0.297,0.281,0.309,19.002,21.352,18.852
2019-08-18 23:00:00,16.852,82.75923,0.3311628,0.297,0.281,0.309,18.602,21.152,18.852
2019-08-19 00:00:00,16.552,84.899574,0.28458297,0.297,0.281,0.309,18.302,21.002,18.852
2019-08-19 01:00:00,16.752,85.74917,0.2719952,0.299,0.281,0.309,18.302,20.852,18.852
2019-08-19 02:00:00,18.202,82.12649,0.3737731,0.301,0.281,0.309,19.252,20.752,18.852
2019-08-19 03:00:00,19.952,76.526085,0.54737806,0.301,0.281,0.309,20.202,20.702,18.852
2019-08-19 04:00:00,21.702,68.05814,0.8293835,0.301,0.281,0.309,21.902,20.752,18.852
2019-08-19 05:00:00,23.002,61.884415,1.0709907,0.301,0.281,0.309,23.152,20.802,18.852
2019-08-19 06:00:00,23.952,57.878464,1.2532247,0.301,0.281,0.309,24.352,20.952,18.852
2019-08-19 07:00:00,27.552,44.981476,2.0256662,0.3,0.281,0.308,27.102,21.202,18.852
2019-08-19 08:00:00,28.752,41.139454,2.3236904,0.298,0.281,0.308,29.052,21.502,18.852
2019-08-19 09:00:00,25.852,49.71639,1.6753659,0.32,0.281,0.308,28.502,21.802,18.852
2019-08-19 10:00:00,24.652,56.21775,1.3583251,0.32,0.281,0.308,26.852,22.002,18.852
2019-08-19 11:00:00,24.452,56.530422,1.3326242,0.32,0.281,0.308,26.302,22.152,18.852
2019-08-19 12:00:00,23.852,57.854332,1.2464489,0.32,0.281,0.308,25.652,22.252,18.852
2019-08-19 13:00:00,23.202,58.825417,1.1710441,0.319,0.281,0.308,24.852,22.352,18.852
2019-08-19 14:00:00,22.302,61.328175,1.0415598,0.319,0.281,0.308,23.852,22.352,18.852
2019-08-19 15:00:00,21.352,64.15612,0.91108346,0.319,0.281,0.308,22.902,22.352,18.852
2019-08-19 16:00:00,20.402,67.35897,0.78266466,0.318,0.281,0.308,22.002,22.302,18.852
2019-08-19 17:00:00,19.402,71.432594,0.64389443,0.318,0.281,0.308,21.252,22.202,18.852
2019-08-19 18:00:00,18.702,74.137764,0.55805945,0.318,0.281,0.308,20.602,22.052,18.902
2019-08-19 19:00:00,17.502,77.38722,0.4525708,0.318,0.281,0.308,20.002,21.902,18.902
2019-08-19 20:00:00,16.752,79.83789,0.38484466,0.318,0.281,0.308,19.402,21.752,18.902
2019-08-19 21:00:00,16.402,80.05029,0.372429,0.318,0.281,0.308,18.952,21.602,18.902
2019-08-19 22:00:00,15.702,81.81119,0.32474458,0.318,0.281,0.308,18.452,21.402,18.902
2019-08-19 23:00:00,15.052,83.08374,0.2897085,0.318,0.281,0.308,17.902,21.202,18.902
2019-08-20 00:00:00,14.552,83.57322,0.27242064,0.318,0.281,0.308,17.452,21.002,18.902
2019-08-20 01:00:00,14.352,83.274216,0.27382493,0.318,0.281,0.308,17.202,20.802,18.852
2019-08-20 02:00:00,15.602,75.578354,0.4332751,0.318,0.281,0.308,17.802,20.652,18.852
2019-08-20 03:00:00,17.202,64.94471,0.6885438,0.317,0.281,0.308,19.102,20.552,18.852
2019-08-20 04:00:00,18.902,52.428967,1.0396518,0.317,0.281,0.308,20.702,20.502,18.852
2019-08-20 05:00:00,20.002,45.446857,1.2765677,0.316,0.281,0.308,22.402,20.602,18.852
2019-08-20 06:00:00,20.702,42.643837,1.4013718,0.315,0.281,0.308,23.602,20.702,18.852
2019-08-20 07:00:00,21.802,39.9982,1.5681571,0.313,0.281,0.308,25.052,20.902,18.852
2019-08-20 08:00:00,22.702,36.71987,1.746833,0.312,0.281,0.308,26.302,21.102,18.852
2019-08-20 09:00:00,23.302,34.334656,1.8796247,0.31,0.281,0.308,27.052,21.352,18.852
2019-08-20 10:00:00,23.702,32.494686,1.9794104,0.309,0.281,0.308,27.302,21.602,18.852
2019-08-20 11:00:00,23.802,31.747343,2.0134003,0.308,0.281,0.308,27.102,21.802,18.852
2019-08-20 12:00:00,23.552,31.7864,1.9822471,0.307,0.281,0.308,26.402,21.952,18.852
2019-08-20 13:00:00,23.002,33.08802,1.8809941,0.307,0.281,0.308,25.252,22.102,18.852
2019-08-20 14:00:00,21.952,37.911053,1.6376448,0.306,0.281,0.308,23.852,22.102,18.852
2019-08-20 15:00:00,20.902,42.122234,1.4316016,0.306,0.281,0.308,22.502,22.102,18.852
2019-08-20 16:00:00,19.852,46.657394,1.2367,0.306,0.281,0.308,21.352,22.002,18.852
2019-08-20 17:00:00,18.402,50.552254,1.0474737,0.306,0.281,0.308,20.252,21.902,18.852
2019-08-20 18:00:00,17.402,54.571186,0.90372324,0.306,0.281,0.308,19.452,21.752,18.852
2019-08-20 19:00:00,17.552,56.108974,0.88140965,0.306,0.281,0.308,19.202,21.552,18.852
2019-08-20 20:00:00,17.452,57.03921,0.857303,0.306,0.281,0.308,19.052,21.402,18.852
2019-08-20 21:00:00,17.402,59.579197,0.8040575,0.307,0.281,0.308,19.002,21.252,18.852
2019-08-20 22:00:00,17.002,64.254395,0.69329154,0.307,0.281,0.308,18.752,21.102,18.852
2019-08-20 23:00:00,16.602,69.05163,0.58520484,0.309,0.281,0.308,18.552,21.002,18.852
2019-08-21 00:00:00,16.152,75.41979,0.45165884,0.316,0.281,0.308,18.352,20.802,18.852
2019-08-21 01:00:00,15.952,79.72598,0.36780143,0.317,0.281,0.308,18.052,20.652,18.852
2019-08-21 02:00:00,16.001999,82.11744,0.32544422,0.317,0.281,0.308,18.202,20.552,18.852
2019-08-21 03:00:00,16.052,83.4749,0.30169475,0.324,0.281,0.308,18.152,20.402,18.852
2019-08-21 04:00:00,16.702,77.26398,0.43261397,0.331,0.281,0.308,18.602,20.302,18.852
2019-08-21 05:00:00,17.002,74.087555,0.5025233,0.331,0.281,0.308,18.702,20.202,18.852
2019-08-21 06:00:00,17.752,70.89201,0.5918453,0.332,0.281,0.308,19.552,20.152,18.852
2019-08-21 07:00:00,19.602,68.96647,0.70823073,0.334,0.281,0.308,20.502,20.152,18.852
2019-08-21 08:00:00,18.702,77.3206,0.48935962,0.345,0.281,0.308,20.452,20.152,18.852
2019-08-21 09:00:00,18.352,81.88181,0.3824644,0.358,0.281,0.308,20.202,20.152,18.852
2019-08-21 10:00:00,17.902,87.810715,0.25013638,0.375,0.282,0.308,19.802,20.102,18.802
2019-08-21 11:00:00,17.902,88.37349,0.23858607,0.39,0.282,0.308,19.752,20.052,18.802
2019-08-21 12:00:00,17.452,90.33655,0.19276619,0.4,0.282,0.308,19.402,20.002,18.802
2019-08-21 13:00:00,16.752,91.45374,0.16310549,0.406,0.282,0.308,18.852,19.952,18.802
2019-08-21 14:00:00,16.302,91.4253,0.1590426,0.41,0.282,0.308,18.402,19.852,18.802
2019-08-21 15:00:00,15.852,91.98889,0.14439178,0.415,0.283,0.308,18.002,19.752,18.802
2019-08-21 16:00:00,15.502,91.07884,0.15724146,0.422,0.283,0.308,17.602,19.602,18.802
2019-08-21 17:00:00,14.702,91.32303,0.14528525,0.436,0.283,0.308,17.152,19.502,18.802
2019-08-21 18:00:00,14.002,87.46101,0.20068145,0.446,0.284,0.308,16.652,19.352,18.752
2019-08-21 19:00:00,13.602,80.191635,0.30892777,0.444,0.285,0.308,16.102,19.152,18.752
2019-08-21 20:00:00,13.302,78.029434,0.33603573,0.441,0.286,0.308,15.852,19.002,18.752
2019-08-21 21:00:00,12.752,77.42149,0.3331635,0.439,0.286,0.308,15.452,18.802,18.752
2019-08-21 22:00:00,12.402,76.58493,0.3376814,0.437,0.287,0.308,15.152,18.652,18.752
2019-08-21 23:00:00,12.052,76.268814,0.33446538,0.435,0.287,0.308,14.852,18.452,18.702
2019-08-22 00:00:00,11.852,76.49601,0.32693136,0.434,0.288,0.308,14.602,18.252,18.702
2019-08-22 01:00:00,12.102,75.5031,0.34639573,0.432,0.289,0.308,14.552,18.052,18.702
2019-08-22 02:00:00,12.902,72.87059,0.40427113,0.43,0.289,0.308,14.952,17.902,18.702
2019-08-22 03:00:00,13.852,67.80279,0.510401,0.428,0.289,0.308,15.752,17.852,18.652
2019-08-22 04:00:00,15.252,56.87387,0.7482863,0.426,0.29,0.308,16.952,17.802,18.652
2019-08-22 05:00:00,16.052,50.610588,0.9019665,0.423,0.29,0.308,17.852,17.802,18.652
2019-08-22 06:00:00,16.402,48.81367,0.95584995,0.421,0.291,0.308,18.252,17.852,18.602
2019-08-22 07:00:00,16.202,54.445942,0.83988416,0.418,0.291,0.308,18.502,17.902,18.602
2019-08-22 08:00:00,16.352,57.9333,0.78299904,0.416,0.291,0.308,18.752,17.952,18.602
2019-08-22 09:00:00,16.001999,63.174885,0.67030334,0.415,0.291,0.308,18.402,17.952,18.602
2019-08-22 10:00:00,15.702,68.41227,0.56404245,0.414,0.292,0.308,18.002,18.002,18.552
2019-08-22 11:00:00,15.902,68.91175,0.5622525,0.413,0.292,0.308,17.802,18.002,18.552
2019-08-22 12:00:00,16.102,68.72225,0.57293725,0.412,0.292,0.308,17.652,17.952,18.552
2019-08-22 13:00:00,16.202,68.285446,0.5846505,0.411,0.292,0.308,17.502,17.952,18.552
2019-08-22 14:00:00,15.902,69.83777,0.54550016,0.41,0.293,0.308,17.202,17.902,18.502
2019-08-22 15:00:00,15.102,74.00318,0.4466908,0.41,0.293,0.308,16.602,17.852,18.502
2019-08-22 16:00:00,14.502,77.69234,0.3687774,0.409,0.293,0.308,16.102,17.802,18.502
2019-08-22 17:00:00,14.002,80.51451,0.31187594,0.408,0.293,0.308,15.652,17.702,18.502
2019-08-22 18:00:00,13.352,83.989006,0.2456721,0.408,0.294,0.308,15.252,17.602,18.452
2019-08-22 19:00:00,12.702,87.92422,0.17759275,0.407,0.294,0.308,14.802,17.452,18.452
2019-08-22 20:00:00,12.252,89.06416,0.15615427,0.406,0.294,0.308,14.402,17.302,18.452
2019-08-22 21:00:00,11.802,89.6247,0.1438303,0.406,0.294,0.308,14.052,17.152,18.452
2019-08-22 22:00:00,11.352,90.192375,0.13198185,0.405,0.294,0.308,13.652,17.002,18.402
2019-08-22 23:00:00,10.852,91.06936,0.11626458,0.404,0.295,0.308,13.302,16.852,18.402
2019-08-23 00:00:00,10.502,91.04576,0.113891006,0.404,0.295,0.308,12.952,16.702,18.352
2019-08-23 01:00:00,10.202,91.95174,0.10034084,0.403,0.295,0.308,12.702,16.502,18.352
2019-08-23 02:00:00,12.052,85.83161,0.19967616,0.403,0.295,0.308,13.602,16.402,18.352
2019-08-23 03:00:00,14.602,74.411835,0.42575598,0.402,0.295,0.308,15.502,16.352,18.302
2019-08-23 04:00:00,16.902,64.87914,0.67687464,0.4,0.295,0.308,17.352,16.452,18.302
2019-08-23 05:00:00,18.802,52.402596,1.033764,0.398,0.295,0.308,19.252,16.602,18.302
2019-08-23 06:00:00,20.252,43.39756,1.3451552,0.396,0.296,0.308,20.802,16.852,18.252
2019-08-23 07:00:00,21.052,43.771126,1.40364,0.393,0.296,0.308,21.652,17.102,18.252
2019-08-23 08:00:00,21.502,42.435734,1.4771166,0.391,0.296,0.308,22.052,17.352,18.252
2019-08-23 09:00:00,21.752,41.933933,1.5129082,0.389,0.296,0.307,22.152,17.602,18.252
2019-08-23 10:00:00,22.152,40.50856,1.5882819,0.387,0.296,0.307,22.502,17.852,18.202
2019-08-23 11:00:00,22.102,40.632153,1.580169,0.385,0.296,0.307,22.102,18.052,18.202
2019-08-23 12:00:00,21.952,41.84846,1.5337089,0.384,0.296,0.307,21.802,18.252,18.202
2019-08-23 13:00:00,21.552,45.570156,1.4008965,0.383,0.296,0.307,21.302,18.402,18.202
2019-08-23 14:00:00,20.552,50.447754,1.1994632,0.382,0.296,0.307,20.302,18.502,18.202
2019-08-23 15:00:00,18.502,61.252373,0.82585704,0.382,0.296,0.307,19.002,18.502,18.202
2019-08-23 16:00:00,16.752,66.823,0.6333543,0.382,0.296,0.307,17.802,18.452,18.152
2019-08-23 17:00:00,15.552,69.53622,0.5387764,0.381,0.296,0.307,16.802,18.402,18.152
2019-08-23 18:00:00,14.802,71.757324,0.4760245,0.381,0.296,0.307,16.152,18.252,18.152
2019-08-23 19:00:00,14.402,75.3792,0.40440786,0.381,0.296,0.307,15.652,18.152,18.152
2019-08-23 20:00:00,13.902,75.80235,0.3848114,0.38,0.296,0.307,15.202,18.002,18.152
2019-08-23 21:00:00,13.452,75.21991,0.3827318,0.38,0.296,0.307,14.752,17.852,18.102
2019-08-23 22:00:00,13.202,73.91882,0.39632905,0.38,0.296,0.307,14.452,17.702,18.102
2019-08-23 23:00:00,13.002,72.64193,0.4103495,0.379,0.297,0.307,14.202,17.502,18.102
2019-08-24 00:00:00,12.852,72.12257,0.41406536,0.379,0.297,0.307,13.952,17.352,18.102
2019-08-24 01:00:00,12.852,72.36813,0.4104172,0.379,0.297,0.307,13.902,17.202,18.052
2019-08-24 02:00:00,14.652,67.51052,0.5423603,0.378,0.297,0.307,14.752,17.102,18.052
2019-08-24 03:00:00,17.502,57.826336,0.84424436,0.378,0.297,0.307,16.602,17.102,18.052
2019-08-24 04:00:00,20.002,50.469788,1.1589572,0.376,0.297,0.307,18.552,17.152,18.052
2019-08-24 05:00:00,22.102,44.962463,1.464819,0.375,0.297,0.307,20.452,17.352,18.002
2019-08-24 06:00:00,23.752,39.74123,1.7720357,0.372,0.297,0.307,22.102,17.602,18.002
2019-08-24 07:00:00,25.102,35.921654,2.0427318,0.37,0.297,0.307,23.452,17.852,18.002
2019-08-24 08:00:00,25.852,33.78109,2.2069914,0.367,0.297,0.307,24.452,18.202,18.002
2019-08-24 09:00:00,26.352,32.575867,2.314467,0.364,0.296,0.307,25.102,18.502,18.002
2019-08-24 10:00:00,26.602,31.882647,2.3729293,0.362,0.296,0.307,25.402,18.852,18.002
2019-08-24 11:00:00,26.652,31.681433,2.3869495,0.36,0.296,0.307,25.352,19.152,18.002
2019-08-24 12:00:00,26.352,32.686214,2.3106742,0.358,0.296,0.307,24.902,19.402,18.002
2019-08-24 13:00:00,25.252,38.332184,1.9833918,0.357,0.296,0.307,24.052,19.602,17.952
2019-08-24 14:00:00,23.252,43.943554,1.5995102,0.357,0.296,0.307,22.702,19.752,17.952
2019-08-24 15:00:00,21.602,47.139584,1.3646309,0.356,0.296,0.307,21.402,19.802,17.952
2019-08-24 16:00:00,20.202,51.03421,1.1599764,0.356,0.296,0.307,20.352,19.802,17.952
2019-08-24 17:00:00,18.802,56.235546,0.9504744,0.356,0.296,0.307,19.452,19.752,17.952
2019-08-24 18:00:00,17.452,63.502277,0.7282802,0.356,0.296,0.307,18.652,19.702,17.952
2019-08-24 19:00:00,17.502,64.79441,0.7047032,0.356,0.296,0.307,17.952,19.552,17.952
2019-08-24 20:00:00,16.802,67.72874,0.6180123,0.356,0.296,0.307,17.152,19.452,17.952
2019-08-24 21:00:00,16.052,71.750656,0.5158031,0.355,0.296,0.307,16.552,19.252,17.952
2019-08-24 22:00:00,14.202,82.707085,0.28038156,0.355,0.296,0.307,16.152,19.102,17.952
2019-08-24 23:00:00,14.102,84.353294,0.2520516,0.355,0.296,0.307,15.902,18.952,17.952
2019-08-25 00:00:00,14.002,86.030945,0.22357213,0.355,0.296,0.307,15.652,18.752,17.952
2019-08-25 01:00:00,14.302,85.49614,0.23667896,0.355,0.296,0.307,15.652,18.602,17.952
2019-08-25 02:00:00,15.652,80.209435,0.3522209,0.355,0.296,0.307,16.352,18.502,17.952
2019-08-25 03:00:00,17.602,72.03649,0.5632287,0.354,0.296,0.307,17.752,18.452,17.952
2019-08-25 04:00:00,19.352,65.40979,0.7772914,0.354,0.296,0.307,19.252,18.452,17.902
2019-08-25 05:00:00,21.052,59.078007,1.021315,0.353,0.296,0.307,21.002,18.602,17.902
2019-08-25 06:00:00,22.502,53.71752,1.2619041,0.351,0.296,0.307,22.652,18.752,17.902
2019-08-25 07:00:00,22.852,54.69242,1.2617469,0.35,0.296,0.307,23.402,19.002,17.902
2019-08-25 08:00:00,23.902,51.66989,1.4338026,0.348,0.296,0.307,24.502,19.252,17.902
2019-08-25 09:00:00,24.652,48.91754,1.5850273,0.347,0.296,0.307,25.252,19.502,17.902
2019-08-25 10:00:00,25.352,46.309326,1.7368399,0.345,0.296,0.307,26.052,19.802,17.902
2019-08-25 11:00:00,25.702,44.621075,1.8290318,0.344,0.296,0.307,26.252,20.052,17.902
2019-08-25 12:00:00,25.552,44.14343,1.8285223,0.342,0.296,0.307,25.652,20.302,17.902
2019-08-25 13:00:00,25.102,46.85024,1.6940001,0.342,0.296,0.307,24.752,20.502,17.902
2019-08-25 14:00:00,24.102,51.219437,1.4646202,0.341,0.296,0.307,23.452,20.602,17.902
2019-08-25 15:00:00,21.752,60.216385,1.0362773,0.341,0.296,0.307,21.852,20.602,17.902
2019-08-25 16:00:00,20.202,64.95401,0.8300661,0.341,0.296,0.307,20.702,20.602,17.902
2019-08-25 17:00:00,18.952,68.83783,0.68302786,0.341,0.296,0.307,19.902,20.502,17.902
2019-08-25 18:00:00,18.252,68.69846,0.65674233,0.341,0.296,0.307,19.202,20.402,17.902
2019-08-25 19:00:00,17.952,62.56597,0.77083194,0.341,0.296,0.307,18.702,20.302,17.902
2019-08-25 20:00:00,17.652,59.240566,0.82366323,0.341,0.296,0.307,18.202,20.152,17.902
2019-08-25 21:00:00,17.452,56.27363,0.87258744,0.341,0.296,0.307,17.852,20.002,17.952
2019-08-25 22:00:00,17.552,53.691097,0.92998743,0.34,0.296,0.307,17.602,19.852,17.952
2019-08-25 23:00:00,17.452,53.120087,0.9355476,0.34,0.296,0.307,17.402,19.752,17.902
2019-08-26 00:00:00,17.502,52.5933,0.9490504,0.34,0.296,0.307,17.302,19.602,17.902
2019-08-26 01:00:00,17.652,52.99221,0.94999075,0.34,0.296,0.307,17.302,19.452,17.902
2019-08-26 02:00:00,18.802,51.874294,1.0452445,0.34,0.296,0.307,17.902,19.352,17.902
2019-08-26 03:00:00,20.952,48.402935,1.2800629,0.339,0.296,0.307,19.302,19.352,17.902
2019-08-26 04:00:00,23.402,41.974514,1.6707736,0.338,0.296,0.307,21.152,19.402,17.902
2019-08-26 05:00:00,25.802,35.877975,2.130715,0.337,0.296,0.307,23.102,19.552,17.902
2019-08-26 06:00:00,27.802,30.633259,2.5922284,0.335,0.296,0.307,24.902,19.802,17.902
2019-08-26 07:00:00,29.102,26.454033,2.9637203,0.333,0.295,0.307,26.402,20.102,17.902
2019-08-26 08:00:00,29.852,21.783947,3.2911875,0.331,0.295,0.306,27.202,20.402,17.902
2019-08-26 09:00:00,30.252,20.068455,3.4414425,0.328,0.295,0.306,27.752,20.702,17.902
2019-08-26 10:00:00,30.452,19.49665,3.5059466,0.326,0.295,0.306,28.102,21.002,17.902
2019-08-26 11:00:00,30.502,18.904406,3.5418832,0.325,0.295,0.306,28.102,21.302,17.952
2019-08-26 12:00:00,29.802,20.308664,3.3437686,0.323,0.295,0.306,27.502,21.552,17.952
2019-08-26 13:00:00,27.702,24.168024,2.8177423,0.323,0.295,0.306,26.202,21.702,17.952
2019-08-26 14:00:00,25.552,29.495588,2.308662,0.322,0.295,0.306,24.852,21.802,17.952
2019-08-26 15:00:00,23.102,37.212566,1.7756274,0.322,0.295,0.306,23.402,21.852,17.952
2019-08-26 16:00:00,21.802,44.72831,1.444439,0.322,0.295,0.306,22.352,21.802,17.952
2019-08-26 17:00:00,20.602,55.206104,1.0875517,0.322,0.295,0.306,21.652,21.752,18.002
2019-08-26 18:00:00,19.302,66.26101,0.755805,0.322,0.295,0.306,21.002,21.652,18.002
2019-08-26 19:00:00,17.902,73.27934,0.54843223,0.323,0.295,0.306,20.302,21.552,18.002
2019-08-26 20:00:00,17.102,74.348305,0.5006187,0.323,0.295,0.306,19.602,21.402,18.002
2019-08-26 21:00:00,16.252,74.94061,0.46340466,0.322,0.295,0.306,18.902,21.252,18.002
2019-08-26 22:00:00,15.352,75.03735,0.43584752,0.322,0.295,0.306,18.252,21.052,18.002
2019-08-26 23:00:00,14.302,76.37681,0.3855213,0.322,0.295,0.306,17.502,20.852,18.002
2019-08-27 00:00:00,13.302,78.55486,0.32799804,0.322,0.295,0.306,16.802,20.602,18.002
2019-08-27 01:00:00,12.802,80.0801,0.29489088,0.322,0.295,0.306,16.352,20.352,18.002
2019-08-27 02:00:00,13.152,76.9641,0.34890687,0.322,0.295,0.306,16.602,20.152,18.002
2019-08-27 03:00:00,13.852,72.55196,0.43510032,0.322,0.295,0.306,17.302,20.002,18.002
2019-08-27 04:00:00,14.552,68.17757,0.52781,0.321,0.295,0.306,18.152,19.902,18.002
2019-08-27 05:00:00,15.452,61.570683,0.67536557,0.321,0.295,0.306,19.202,19.852,18.002
2019-08-27 06:00:00,16.001999,55.52395,0.8096218,0.32,0.294,0.306,19.902,19.802,18.002
2019-08-27 07:00:00,15.702,54.315685,0.81585366,0.32,0.294,0.306,20.052,19.802,18.002
2019-08-27 08:00:00,16.102,50.624172,0.9045958,0.319,0.294,0.306,20.502,19.802,18.002
2019-08-27 09:00:00,16.202,48.421158,0.95100826,0.318,0.294,0.306,20.652,19.802,18.002
2019-08-27 10:00:00,16.452,46.18735,1.008111,0.318,0.294,0.306,20.802,19.852,18.002
2019-08-27 11:00:00,16.352,45.04421,1.0230119,0.317,0.294,0.306,20.452,19.852,18.002
2019-08-27 12:00:00,16.102,45.289497,1.0023677,0.316,0.294,0.306,20.102,19.802,18.002
2019-08-27 13:00:00,15.402,46.703823,0.9337442,0.316,0.294,0.306,19.302,19.752,18.002
2019-08-27 14:00:00,14.502,49.488853,0.8351902,0.316,0.294,0.306,18.252,19.702,18.002
2019-08-27 15:00:00,13.602,52.830467,0.73577833,0.316,0.294,0.306,17.252,19.552,18.002
2019-08-27 16:00:00,12.902,55.6869,0.6603973,0.316,0.294,0.306,16.402,19.352,18.002
2019-08-27 17:00:00,12.302,58.123726,0.60002893,0.316,0.294,0.306,15.702,19.202,18.002
2019-08-27 18:00:00,11.802,60.490555,0.54779553,0.315,0.294,0.306,15.152,18.952,18.002
2019-08-27 19:00:00,11.152,64.03631,0.47766554,0.315,0.294,0.306,14.602,18.752,18.002
2019-08-27 20:00:00,10.802,66.92783,0.42917502,0.315,0.294,0.306,14.052,18.552,18.002
2019-08-27 21:00:00,11.352,63.414555,0.49240023,0.315,0.294,0.306,13.702,18.302,18.002
2019-08-27 22:00:00,10.502,68.99456,0.3944041,0.315,0.294,0.306,13.302,18.052,17.952
2019-08-27 23:00:00,9.302,76.6075,0.27460003,0.315,0.294,0.306,12.902,17.802,17.952
2019-08-28 00:00:00,8.702,78.94391,0.23737675,0.315,0.294,0.306,12.352,17.552,17.952
2019-08-28 01:00:00,8.352,81.39983,0.20478201,0.315,0.294,0.306,11.952,17.302,17.952
2019-08-28 02:00:00,10.152,74.14052,0.3213514,0.315,0.294,0.306,12.702,17.102,17.952
2019-08-28 03:00:00,12.902,58.071278,0.6248565,0.315,0.294,0.306,14.802,17.002,17.902
2019-08-28 04:00:00,14.552,48.98431,0.8462597,0.314,0.294,0.306,16.602,17.002,17.902
2019-08-28 05:00:00,15.652,43.90745,0.9986017,0.314,0.294,0.306,18.302,17.052,17.902
2019-08-28 06:00:00,16.802,40.232773,1.1448501,0.313,0.294,0.306,20.052,17.202,17.902
2019-08-28 07:00:00,17.652,39.080414,1.2312863,0.312,0.294,0.306,21.752,17.452,17.852
2019-08-28 08:00:00,18.502,36.788013,1.3476226,0.311,0.294,0.306,22.902,17.702,17.852
2019-08-28 09:00:00,19.202,34.72092,1.453812,0.31,0.294,0.306,23.702,18.002,17.852
2019-08-28 10:00:00,19.602,33.39247,1.5207217,0.309,0.293,0.306,23.902,18.252,17.852
2019-08-28 11:00:00,19.752,32.617958,1.5527806,0.308,0.293,0.306,23.602,18.502,17.852
2019-08-28 12:00:00,19.652,32.47384,1.546493,0.307,0.293,0.306,22.802,18.702,17.852
2019-08-28 13:00:00,19.152,34.462032,1.4550483,0.307,0.293,0.306,21.552,18.802,17.852
2019-08-28 14:00:00,17.752,40.507412,1.2100208,0.307,0.293,0.306,19.952,18.852,17.852
2019-08-28 15:00:00,15.902,46.032314,0.97622555,0.306,0.293,0.306,18.402,18.802,17.852
2019-08-28 16:00:00,14.702,50.067017,0.83634114,0.306,0.293,0.306,17.252,18.702,17.802
2019-08-28 17:00:00,13.952,53.29517,0.7452611,0.306,0.293,0.306,16.402,18.602,17.802
2019-08-28 18:00:00,13.502,55.45402,0.69034433,0.306,0.293,0.306,15.752,18.452,17.802
2019-08-28 19:00:00,12.852,57.25396,0.6349611,0.306,0.293,0.306,15.202,18.302,17.802
2019-08-28 20:00:00,12.552,60.041714,0.58200604,0.306,0.293,0.306,14.852,18.152,17.802
2019-08-28 21:00:00,12.452,63.8872,0.5225498,0.306,0.293,0.306,14.602,17.952,17.802
2019-08-28 22:00:00,12.552,67.06909,0.47963303,0.306,0.293,0.306,14.452,17.802,17.802
2019-08-28 23:00:00,12.652,69.19229,0.45165133,0.306,0.293,0.306,14.352,17.652,17.752
2019-08-29 00:00:00,12.752,70.16467,0.440264,0.306,0.293,0.306,14.302,17.502,17.752
2019-08-29 01:00:00,13.052,69.74671,0.45526695,0.306,0.293,0.306,14.402,17.352,17.752
2019-08-29 02:00:00,13.752,67.322334,0.5146706,0.305,0.293,0.306,14.752,17.252,17.752
2019-08-29 03:00:00,15.252,62.365814,0.652967,0.305,0.293,0.306,15.652,17.152,17.752
2019-08-29 04:00:00,17.052,57.132133,0.83412063,0.305,0.293,0.306,17.152,17.152,17.702
2019-08-29 05:00:00,18.202,55.14803,0.93825054,0.305,0.293,0.306,18.502,17.252,17.702
2019-08-29 06:00:00,19.552,52.072765,1.0906248,0.304,0.293,0.306,19.752,17.352,17.702
2019-08-29 07:00:00,21.902,44.45609,1.4604276,0.304,0.293,0.306,21.652,17.552,17.702
2019-08-29 08:00:00,23.052,41.455757,1.6505345,0.303,0.293,0.306,22.852,17.802,17.702
2019-08-29 09:00:00,24.452,38.363243,1.8901873,0.302,0.293,0.306,24.102,18.102,17.702
2019-08-29 10:00:00,25.252,33.726044,2.1317143,0.301,0.293,0.305,24.702,18.402,17.702
2019-08-29 11:00:00,24.852,27.911161,2.2644763,0.302,0.293,0.305,24.352,18.652,17.702
2019-08-29 12:00:00,24.802,24.329487,2.3700418,0.301,0.293,0.305,23.902,18.902,17.652
2019-08-29 13:00:00,23.852,26.86842,2.1639576,0.301,0.292,0.305,23.002,19.052,17.652
2019-08-29 14:00:00,22.252,30.981224,1.854104,0.301,0.292,0.305,21.752,19.152,17.652
2019-08-29 15:00:00,18.202,52.957085,0.9841058,0.307,0.292,0.305,20.252,19.202,17.652
2019-08-29 16:00:00,16.001999,69.16217,0.5612893,0.31,0.292,0.305,18.852,19.152,17.652
2019-08-29 17:00:00,15.652,72.15507,0.49560642,0.31,0.292,0.305,18.002,19.102,17.652
2019-08-29 18:00:00,14.902,74.96148,0.42473006,0.31,0.292,0.305,17.102,19.002,17.652
2019-08-29 19:00:00,14.452,76.65622,0.38466704,0.31,0.292,0.305,16.552,18.852,17.652
2019-08-29 20:00:00,13.702,79.40643,0.32326758,0.31,0.292,0.305,15.952,18.702,17.652
2019-08-29 21:00:00,13.302,80.41852,0.29948974,0.31,0.292,0.305,15.552,18.552,17.652
2019-08-29 22:00:00,13.252,77.49936,0.34302616,0.31,0.292,0.305,15.252,18.352,17.652
2019-08-29 23:00:00,13.052,74.39414,0.38531816,0.311,0.292,0.305,15.052,18.202,17.652
2019-08-30 00:00:00,12.402,77.89189,0.3188305,0.313,0.292,0.305,14.752,18.052,17.652
2019-08-30 01:00:00,11.952,82.15021,0.24991524,0.315,0.293,0.305,14.552,17.852,17.652
2019-08-30 02:00:00,11.352,86.04851,0.18775117,0.317,0.293,0.305,14.302,17.702,17.652
2019-08-30 03:00:00,11.952,86.39872,0.1904267,0.318,0.293,0.305,14.402,17.552,17.602
2019-08-30 04:00:00,11.852,86.388756,0.18931568,0.326,0.293,0.305,14.552,17.402,17.602
2019-08-30 05:00:00,11.352,92.32957,0.103220224,0.342,0.293,0.305,14.452,17.252,17.602
2019-08-30 06:00:00,11.202,91.398506,0.11460757,0.352,0.293,0.305,14.252,17.152,17.602
2019-08-30 07:00:00,11.902,92.0546,0.11087096,0.359,0.293,0.305,14.252,17.002,17.602
2019-08-30 08:00:00,12.002,89.9396,0.1413126,0.375,0.293,0.305,14.452,16.902,17.552
2019-08-30 09:00:00,11.402,91.411446,0.11595869,0.39,0.293,0.305,14.302,16.752,17.552
2019-08-30 10:00:00,12.202,89.35739,0.15146899,0.392,0.293,0.305,14.402,16.652,17.552
2019-08-30 11:00:00,13.152,82.302185,0.2680446,0.392,0.293,0.305,14.652,16.552,17.552
2019-08-30 12:00:00,14.002,76.32836,0.3788904,0.393,0.293,0.305,15.102,16.502,17.502
2019-08-30 13:00:00,13.602,75.24515,0.38608694,0.393,0.293,0.305,15.102,16.452,17.502
2019-08-30 14:00:00,12.802,77.168526,0.33799994,0.393,0.293,0.305,14.652,16.402,17.502
2019-08-30 15:00:00,12.152,78.64824,0.3029101,0.393,0.293,0.305,14.152,16.302,17.502
2019-08-30 16:00:00,11.752,78.85565,0.29217446,0.392,0.294,0.305,13.802,16.202,17.452
2019-08-30 17:00:00,11.452,79.61895,0.27610564,0.392,0.294,0.305,13.502,16.052,17.452
2019-08-30 18:00:00,11.202,79.85431,0.26844144,0.392,0.294,0.305,13.352,15.952,17.452
2019-08-30 19:00:00,10.902,75.30069,0.32264566,0.391,0.294,0.305,13.102,15.852,17.452
2019-08-30 20:00:00,10.602,75.50914,0.313608,0.391,0.294,0.305,12.852,15.702,17.402
2019-08-30 21:00:00,10.302,75.1986,0.31130183,0.39,0.294,0.305,12.602,15.602,17.402
2019-08-30 22:00:00,10.052,73.86654,0.32259423,0.39,0.294,0.305,12.452,15.452,17.402
2019-08-30 23:00:00,9.652,72.775406,0.3271863,0.39,0.294,0.305,12.152,15.302,17.352
2019-08-31 00:00:00,9.302,71.952644,0.3292464,0.39,0.295,0.305,11.852,15.152,17.352
2019-08-31 01:00:00,9.152,70.42795,0.34366024,0.389,0.295,0.305,11.652,15.052,17.352
2019-08-31 02:00:00,9.452,68.29787,0.37592256,0.389,0.295,0.305,11.852,14.902,17.302
2019-08-31 03:00:00,9.202,72.94645,0.31545055,0.392,0.295,0.305,12.052,14.802,17.302
2019-08-31 04:00:00,8.902,77.614555,0.2557943,0.394,0.295,0.305,11.902,14.702,17.302
2019-08-31 05:00:00,8.952,79.8065,0.23152512,0.401,0.295,0.305,11.952,14.602,17.252
2019-08-31 06:00:00,9.202,83.21501,0.19571084,0.407,0.295,0.305,11.852,14.502,17.252
2019-08-31 07:00:00,10.452,70.6836,0.3716768,0.407,0.296,0.305,12.002,14.402,17.252
2019-08-31 08:00:00,10.552,71.69013,0.36131245,0.406,0.296,0.305,12.352,14.352,17.202
2019-08-31 09:00:00,11.302,68.20674,0.4264819,0.406,0.296,0.305,13.002,14.302,17.202
2019-08-31 10:00:00,11.202,71.32,0.3821771,0.406,0.296,0.305,13.202,14.302,17.152
2019-08-31 11:00:00,10.702,76.308556,0.30539465,0.406,0.296,0.305,12.952,14.302,17.152
2019-08-31 12:00:00,10.252,79.44561,0.25713098,0.405,0.297,0.305,12.652,14.252,17.152
2019-08-31 13:00:00,9.952,79.12938,0.2559077,0.406,0.297,0.305,12.302,14.202,17.102
2019-08-31 14:00:00,9.602,78.26315,0.2603554,0.405,0.297,0.305,11.952,14.102,17.102
2019-08-31 15:00:00,9.402,77.962364,0.2604388,0.405,0.297,0.305,11.702,14.052,17.052
2019-08-31 16:00:00,9.252,77.9391,0.2580983,0.405,0.297,0.305,11.502,13.952,17.052
2019-08-31 17:00:00,9.002,78.715294,0.24486083,0.404,0.298,0.305,11.302,13.852,17.052
2019-08-31 18:00:00,8.852,79.240715,0.23641258,0.403,0.298,0.305,11.102,13.752,17.002
2019-08-31 19:00:00,8.252,79.152,0.2279805,0.403,0.298,0.305,10.802,13.652,17.002
2019-08-31 20:00:00,8.102,79.96198,0.21690428,0.402,0.298,0.305,10.552,13.552,16.952
2019-08-31 21:00:00,8.152,79.413635,0.22359759,0.402,0.298,0.305,10.452,13.452,16.952
2019-08-31 22:00:00,8.152,79.13716,0.22660065,0.401,0.298,0.305,10.352,13.352,16.952
2019-08-31 23:00:00,8.102,78.85404,0.22889787,0.401,0.299,0.305,10.252,13.252,16.902
2019-09-01 00:00:00,8.302,76.98009,0.25258708,0.4,0.299,0.305,10.302,13.152,16.902
2019-09-01 01:00:00,8.252,76.97201,0.2518205,0.4,0.299,0.305,10.252,13.052,16.852
2019-09-01 02:00:00,8.502,75.94399,0.2675556,0.399,0.299,0.305,10.352,13.002,16.852
2019-09-01 03:00:00,9.202,71.933685,0.32726038,0.398,0.299,0.305,10.902,12.952,16.802
2019-09-01 04:00:00,9.702,69.557175,0.3670944,0.398,0.299,0.305,11.552,12.902,16.802
2019-09-01 05:00:00,10.402,65.453125,0.43653965,0.399,0.299,0.305,12.302,12.952,16.752
2019-09-01 06:00:00,11.252,59.93422,0.53569156,0.398,0.3,0.305,13.052,13.002,16.752
2019-09-01 07:00:00,11.502,58.331776,0.5664067,0.397,0.3,0.305,13.652,13.102,16.702
2019-09-01 08:00:00,11.952,54.08501,0.642942,0.396,0.3,0.305,14.052,13.202,16.702
2019-09-01 09:00:00,12.702,48.815014,0.7529153,0.395,0.3,0.305,14.502,13.302,16.702
2019-09-01 10:00:00,13.102,46.382286,0.8095914,0.394,0.3,0.305,14.652,13.402,16.652
2019-09-01 11:00:00,13.452,44.214928,0.8617496,0.393,0.3,0.305,14.752,13.502,16.652
2019-09-01 12:00:00,13.652,42.408592,0.90130013,0.392,0.3,0.305,14.602,13.602,16.602
2019-09-01 13:00:00,13.502,43.443863,0.87650853,0.391,0.3,0.305,14.302,13.702,16.602
2019-09-01 14:00:00,12.202,49.024178,0.72565055,0.39,0.3,0.305,13.302,13.702,16.602
2019-09-01 15:00:00,10.502,55.05936,0.5716841,0.39,0.3,0.305,12.202,13.702,16.552
2019-09-01 16:00:00,10.052,55.932987,0.54398847,0.39,0.3,0.305,11.702,13.602,16.552
2019-09-01 17:00:00,10.052,55.33559,0.55136317,0.389,0.301,0.305,11.402,13.552,16.552
2019-09-01 18:00:00,9.602,59.527355,0.4847852,0.39,0.301,0.305,11.152,13.502,16.502
2019-09-01 19:00:00,8.852,63.734203,0.4130159,0.391,0.301,0.305,10.702,13.402,16.502
2019-09-01 20:00:00,8.702,65.77032,0.38589805,0.391,0.301,0.305,10.452,13.302,16.452
2019-09-01 21:00:00,8.302,70.25914,0.32633615,0.394,0.301,0.305,10.202,13.152,16.452
2019-09-01 22:00:00,7.152,87.41609,0.12767553,0.407,0.301,0.305,9.952,13.052,16.452
2019-09-01 23:00:00,7.152,91.44555,0.08679217,0.42,0.301,0.305,9.852,12.952,16.402
2019-09-02 00:00:00,7.302,93.04659,0.071275234,0.428,0.302,0.305,9.852,12.852,16.402
2019-09-02 01:00:00,7.552,93.70208,0.065666854,0.43,0.302,0.305,9.902,12.752,16.352
2019-09-02 02:00:00,8.002,92.76549,0.07777828,0.431,0.303,0.305,10.052,12.652,16.352
2019-09-02 03:00:00,8.752,89.69137,0.11660409,0.43,0.303,0.305,10.452,12.602,16.352
2019-09-02 04:00:00,9.502,87.634995,0.14710784,0.429,0.303,0.305,10.952,12.552,16.302
2019-09-02 05:00:00,10.652,82.82507,0.22065187,0.429,0.304,0.305,11.902,12.602,16.302
2019-09-02 06:00:00,11.652,74.914085,0.3443687,0.428,0.304,0.305,13.102,12.652,16.252
2019-09-02 07:00:00,11.802,66.21865,0.46836513,0.426,0.304,0.305,14.002,12.802,16.252
2019-09-02 08:00:00,12.102,65.82721,0.48324138,0.424,0.305,0.305,14.602,12.902,16.202
2019-09-02 09:00:00,12.352,65.88177,0.49045652,0.423,0.305,0.305,14.952,13.052,16.202
2019-09-02 10:00:00,12.702,65.73143,0.5040447,0.422,0.305,0.305,15.202,13.202,16.202
2019-09-02 11:00:00,12.602,66.163506,0.49444145,0.421,0.306,0.305,15.002,13.352,16.152
2019-09-02 12:00:00,11.752,69.96735,0.4150135,0.423,0.306,0.305,14.302,13.452,16.152
2019-09-02 13:00:00,10.252,77.825485,0.27740026,0.427,0.306,0.305,13.302,13.452,16.152
2019-09-02 14:00:00,9.852,79.38736,0.25105888,0.426,0.307,0.305,12.402,13.452,16.102
2019-09-02 15:00:00,9.352,81.53322,0.21750432,0.425,0.307,0.305,11.752,13.402,16.102
2019-09-02 16:00:00,8.852,83.747765,0.18508255,0.424,0.307,0.305,11.152,13.352,16.102
2019-09-02 17:00:00,8.352,85.73722,0.15702689,0.423,0.308,0.305,10.702,13.252,16.052
2019-09-02 18:00:00,7.752,87.77553,0.12921208,0.422,0.308,0.305,10.202,13.102,16.052
2019-09-02 19:00:00,7.002,83.23456,0.16836458,0.421,0.308,0.305,9.702,13.002,16.052
2019-09-02 20:00:00,6.602,85.55096,0.14117432,0.421,0.308,0.305,9.302,12.852,16.001999
2019-09-02 21:00:00,6.202,87.63229,0.11755687,0.42,0.309,0.305,8.952,12.702,16.001999
2019-09-02 22:00:00,5.702,90.07942,0.09109503,0.419,0.309,0.305,8.552,12.552,16.001999
2019-09-02 23:00:00,5.302,91.644005,0.074629486,0.418,0.309,0.305,8.202,12.352,15.952
2019-09-03 00:00:00,5.102,92.60149,0.06516576,0.417,0.31,0.305,7.952,12.202,15.952
2019-09-03 01:00:00,4.902,93.24292,0.05869305,0.416,0.31,0.305,7.702,12.002,15.902
2019-09-03 02:00:00,6.202,91.38295,0.08190608,0.416,0.31,0.305,8.252,11.902,15.902
2019-09-03 03:00:00,9.052,78.99606,0.242446,0.415,0.31,0.305,10.152,11.852,15.852
2019-09-03 04:00:00,10.952,70.781105,0.3829605,0.414,0.311,0.305,11.502,11.902,15.852
2019-09-03 05:00:00,11.652,68.75228,0.42896843,0.415,0.311,0.305,12.252,11.952,15.802
2019-09-03 06:00:00,13.002,61.414433,0.57879186,0.414,0.311,0.305,13.452,12.102,15.802
2019-09-03 07:00:00,12.502,63.238815,0.53368,0.413,0.311,0.305,14.252,12.252,15.802
2019-09-03 08:00:00,13.252,57.3553,0.6502072,0.412,0.311,0.305,15.102,12.452,15.752
2019-09-03 09:00:00,14.052,52.582043,0.7615596,0.411,0.311,0.305,15.702,12.652,15.752
2019-09-03 10:00:00,14.152,52.06018,0.774942,0.41,0.311,0.305,15.602,12.852,15.752
2019-09-03 11:00:00,14.102,50.964417,0.79009897,0.408,0.312,0.305,15.402,13.002,15.702
2019-09-03 12:00:00,13.902,51.088947,0.77794933,0.407,0.312,0.305,15.102,13.152,15.702
2019-09-03 13:00:00,13.352,54.454865,0.69897705,0.406,0.312,0.305,14.502,13.252,15.702
2019-09-03 14:00:00,12.202,59.747444,0.57298446,0.406,0.312,0.305,13.352,13.302,15.652
2019-09-03 15:00:00,10.952,68.608665,0.4114374,0.405,0.312,0.305,12.352,13.302,15.652
2019-09-03 16:00:00,9.302,75.81368,0.28391916,0.405,0.312,0.305,11.302,13.202,15.652
2019-09-03 17:00:00,8.502,79.74163,0.22531569,0.404,0.312,0.305,10.602,13.102,15.652
2019-09-03 18:00:00,7.952,83.06164,0.18149167,0.404,0.313,0.305,10.102,13.002,15.602
2019-09-03 19:00:00,7.052,85.00408,0.15111047,0.404,0.313,0.305,9.502,12.852,15.602
2019-09-03 20:00:00,6.802,86.47352,0.1339876,0.403,0.313,0.305,9.152,12.702,15.602
2019-09-03 21:00:00,6.402,88.57428,0.11010969,0.403,0.313,0.305,8.802,12.552,15.552
2019-09-03 22:00:00,6.252,89.1823,0.10317874,0.402,0.313,0.305,8.552,12.402,15.552
2019-09-03 23:00:00,6.052,90.42123,0.09011024,0.402,0.313,0.305,8.302,12.252,15.502
2019-09-04 00:00:00,5.852,91.04102,0.08312327,0.402,0.313,0.305,8.102,12.102,15.502
2019-09-04 01:00:00,5.652,92.30987,0.07037002,0.401,0.314,0.305,7.902,11.902,15.502
2019-09-04 02:00:00,6.852,90.794075,0.091502726,0.401,0.314,0.305,8.502,11.802,15.452
2019-09-04 03:00:00,10.002,77.51907,0.2765776,0.4,0.314,0.305,10.502,11.802,15.452
2019-09-04 04:00:00,12.352,66.5666,0.4806103,0.399,0.314,0.305,12.202,11.852,15.452
2019-09-04 05:00:00,14.002,56.752865,0.69231284,0.398,0.314,0.305,14.052,12.002,15.402
2019-09-04 06:00:00,15.202,48.821823,0.88520324,0.397,0.314,0.305,15.602,12.252,15.402
2019-09-04 07:00:00,15.152,50.365494,0.8557447,0.396,0.314,0.305,16.502,12.502,15.352
2019-09-04 08:00:00,15.602,46.924107,0.9418641,0.394,0.314,0.305,16.752,12.752,15.352
2019-09-04 09:00:00,15.852,45.21857,0.9877935,0.393,0.314,0.305,16.602,13.002,15.352
2019-09-04 10:00:00,15.852,45.21857,0.9877935,0.392,0.314,0.305,16.402,13.202,15.352
2019-09-04 11:00:00,15.752,45.508595,0.97630745,0.39,0.314,0.305,16.052,13.352,15.302
2019-09-04 12:00:00,15.402,47.197628,0.9250901,0.39,0.314,0.305,15.602,13.502,15.302
2019-09-04 13:00:00,14.702,49.89215,0.8392709,0.389,0.314,0.305,15.002,13.602,15.302
2019-09-04 14:00:00,13.752,51.952267,0.7568159,0.388,0.314,0.305,14.252,13.652,15.302
2019-09-04 15:00:00,13.002,53.79306,0.6931386,0.388,0.314,0.305,13.602,13.652,15.302
2019-09-04 16:00:00,12.302,55.726784,0.6343793,0.388,0.314,0.305,13.052,13.652,15.252
2019-09-04 17:00:00,11.852,56.999302,0.5981759,0.387,0.314,0.305,12.652,13.652,15.252
2019-09-04 18:00:00,11.402,58.71885,0.5574479,0.387,0.314,0.305,12.302,13.602,15.252
2019-09-04 19:00:00,11.302,57.464523,0.570601,0.387,0.315,0.305,12.102,13.552,15.252
2019-09-04 20:00:00,10.852,59.836063,0.5229489,0.386,0.315,0.305,11.802,13.502,15.202
2019-09-04 21:00:00,10.702,61.72718,0.49338108,0.387,0.315,0.305,11.702,13.402,15.202
2019-09-04 22:00:00,10.202,66.798935,0.41397303,0.387,0.315,0.305,11.452,13.352,15.202
2019-09-04 23:00:00,9.402,75.567604,0.2887419,0.392,0.315,0.305,11.152,13.252,15.202
2019-09-05 00:00:00,8.752,81.73562,0.20659918,0.398,0.315,0.305,10.752,13.152,15.202
2019-09-05 01:00:00,8.302,86.92294,0.14348519,0.402,0.315,0.305,10.452,13.052,15.152
2019-09-05 02:00:00,8.552,87.24676,0.1423204,0.403,0.315,0.305,10.402,12.952,15.152
2019-09-05 03:00:00,9.002,85.80552,0.16329068,0.404,0.315,0.305,10.502,12.852,15.152
2019-09-05 04:00:00,9.602,84.12396,0.19015288,0.404,0.316,0.305,10.802,12.802,15.102
2019-09-05 05:00:00,10.602,77.34731,0.2900678,0.404,0.316,0.305,11.402,12.752,15.102
2019-09-05 06:00:00,11.802,70.70261,0.40618807,0.403,0.316,0.305,12.152,12.752,15.102
2019-09-05 07:00:00,12.902,69.00651,0.46186328,0.403,0.316,0.305,13.302,12.802,15.102
2019-09-05 08:00:00,12.802,72.11326,0.4128524,0.407,0.316,0.305,13.402,12.902,15.052
2019-09-05 09:00:00,13.552,70.321266,0.4613974,0.408,0.316,0.305,13.752,12.952,15.052
2019-09-05 10:00:00,13.952,68.28554,0.5060147,0.409,0.316,0.305,14.152,13.052,15.052
2019-09-05 11:00:00,14.102,66.03535,0.5472138,0.408,0.316,0.305,14.352,13.152,15.052
2019-09-05 12:00:00,13.302,68.85237,0.47642767,0.408,0.317,0.305,14.002,13.202,15.002
2019-09-05 13:00:00,12.102,78.90738,0.29825175,0.419,0.317,0.305,13.402,13.252,15.002
2019-09-05 14:00:00,11.202,83.45626,0.22044134,0.437,0.317,0.305,12.702,13.252,15.002
2019-09-05 15:00:00,10.452,88.31755,0.14810002,0.453,0.318,0.305,12.152,13.202,15.002
2019-09-05 16:00:00,10.202,89.49992,0.13091028,0.466,0.318,0.305,11.752,13.152,15.002
2019-09-05 17:00:00,9.902,92.556885,0.09095454,0.469,0.32,0.305,11.502,13.102,14.952
2019-09-05 18:00:00,9.952,91.62621,0.10267055,0.467,0.321,0.305,11.402,13.052,14.952
2019-09-05 19:00:00,10.052,94.456245,0.06842649,0.468,0.322,0.305,11.352,13.002,14.952
2019-09-05 20:00:00,9.752,95.725746,0.0517087,0.473,0.324,0.305,11.252,12.902,14.952
2019-09-05 21:00:00,9.352,96.361336,0.04285407,0.483,0.326,0.305,11.052,12.852,14.902
2019-09-05 22:00:00,9.152,96.68205,0.038554788,0.487,0.328,0.305,10.902,12.752,14.902
2019-09-05 23:00:00,9.002,97.33463,0.03066051,0.482,0.331,0.305,10.802,12.702,14.902
2019-09-06 00:00:00,8.652,97.32731,0.03002739,0.476,0.333,0.305,10.602,12.602,14.902
2019-09-06 01:00:00,8.202,97.98237,0.021987796,0.471,0.335,0.305,10.352,12.552,14.852
2019-09-06 02:00:00,8.702,96.01631,0.04490757,0.467,0.336,0.305,10.502,12.452,14.852
2019-09-06 03:00:00,9.652,90.98806,0.10829854,0.464,0.338,0.305,11.002,12.402,14.852
2019-09-06 04:00:00,10.802,85.99217,0.18176305,0.461,0.339,0.305,11.702,12.402,14.852
2019-09-06 05:00:00,12.202,80.26629,0.28087342,0.458,0.339,0.305,12.802,12.452,14.802
2019-09-06 06:00:00,13.252,76.72141,0.35488784,0.455,0.34,0.305,14.052,12.602,14.802
2019-09-06 07:00:00,13.552,78.06742,0.3409531,0.454,0.341,0.305,14.652,12.752,14.802
2019-09-06 08:00:00,14.702,74.18086,0.4323759,0.453,0.341,0.305,15.702,12.902,14.802
2019-09-06 09:00:00,15.102,65.14036,0.59902215,0.452,0.342,0.305,15.852,13.102,14.752
2019-09-06 10:00:00,14.502,69.09435,0.51095057,0.455,0.342,0.305,15.502,13.252,14.752
2019-09-06 11:00:00,13.052,76.6894,0.35077345,0.48,0.343,0.305,14.852,13.352,14.752
2019-09-06 12:00:00,12.202,81.35612,0.26536,0.489,0.345,0.305,14.202,13.402,14.752
2019-09-06 13:00:00,11.602,84.92324,0.20627391,0.482,0.348,0.305,13.352,13.452,14.752
2019-09-06 14:00:00,11.052,88.3695,0.1534369,0.477,0.35,0.305,12.752,13.402,14.752
2019-09-06 15:00:00,10.552,90.43773,0.1220305,0.473,0.351,0.305,12.202,13.352,14.702
2019-09-06 16:00:00,10.752,91.06262,0.11558211,0.469,0.353,0.305,12.052,13.302,14.702
2019-09-06 17:00:00,10.602,90.44133,0.12239087,0.467,0.354,0.305,11.852,13.252,14.702
2019-09-06 18:00:00,10.402,91.96394,0.10153353,0.465,0.355,0.305,11.702,13.202,14.702
2019-09-06 19:00:00,9.652,93.48668,0.07827115,0.463,0.355,0.305,11.402,13.102,14.702
2019-09-06 20:00:00,9.402,95.06936,0.058265924,0.461,0.356,0.305,11.152,13.052,14.652
2019-09-06 21:00:00,9.202,96.357086,0.042473674,0.46,0.357,0.305,10.952,12.952,14.652
2019-09-06 22:00:00,9.502,96.69109,0.039364815,0.458,0.358,0.305,11.002,12.902,14.652
2019-09-06 23:00:00,9.652,96.69496,0.039716363,0.458,0.358,0.305,11.052,12.802,14.652
2019-09-07 00:00:00,9.702,96.69625,0.039834023,0.457,0.359,0.305,11.052,12.752,14.652
2019-09-07 01:00:00,9.702,96.69625,0.039834023,0.455,0.36,0.305,11.052,12.702,14.602
2019-09-07 02:00:00,9.852,96.700096,0.040189028,0.454,0.36,0.305,11.102,12.652,14.602
2019-09-07 03:00:00,10.252,95.74226,0.053259134,0.453,0.361,0.305,11.352,12.602,14.602
2019-09-07 04:00:00,11.152,88.97444,0.14642274,0.451,0.361,0.305,11.852,12.602,14.602
2019-09-07 05:00:00,12.002,79.96767,0.28140092,0.45,0.362,0.305,12.352,12.602,14.602
2019-09-07 06:00:00,13.102,70.47275,0.4457904,0.448,0.362,0.305,13.302,12.652,14.552
2019-09-07 07:00:00,13.402,72.96135,0.41626656,0.447,0.363,0.305,13.902,12.752,14.552
2019-09-07 08:00:00,14.202,68.80095,0.5059078,0.446,0.363,0.305,14.602,12.852,14.552
2019-09-07 09:00:00,14.752,67.759735,0.54167557,0.445,0.363,0.305,15.202,13.002,14.552
2019-09-07 10:00:00,14.752,69.84609,0.5066136,0.444,0.363,0.305,15.352,13.152,14.552
2019-09-07 11:00:00,13.902,73.298035,0.42464542,0.456,0.364,0.305,14.952,13.302,14.502
2019-09-07 12:00:00,12.852,81.16929,0.27967656,0.464,0.364,0.305,14.302,13.352,14.502
2019-09-07 13:00:00,12.652,83.90829,0.23588729,0.462,0.365,0.305,13.752,13.402,14.502
2019-09-07 14:00:00,11.852,88.142876,0.16491628,0.46,0.366,0.305,13.152,13.402,14.502
2019-09-07 15:00:00,10.752,92.29461,0.09964895,0.458,0.367,0.305,12.452,13.352,14.502
2019-09-07 16:00:00,10.052,94.456245,0.06842649,0.456,0.367,0.305,11.852,13.302,14.502
2019-09-07 17:00:00,9.752,95.725746,0.0517087,0.454,0.368,0.305,11.552,13.202,14.502
2019-09-07 18:00:00,9.752,97.02339,0.036009908,0.453,0.368,0.305,11.402,13.152,14.452
2019-09-07 19:00:00,9.502,97.67348,0.027677774,0.451,0.369,0.305,11.202,13.052,14.452
2019-09-07 20:00:00,9.652,98.005226,0.023970842,0.45,0.369,0.305,11.152,13.002,14.452
2019-09-07 21:00:00,9.752,98.00679,0.024113059,0.449,0.37,0.305,11.102,12.902,14.452
2019-09-07 22:00:00,10.102,98.01224,0.024616241,0.448,0.37,0.305,11.252,12.852,14.452
2019-09-07 23:00:00,10.202,98.0138,0.024761915,0.447,0.37,0.305,11.302,12.802,14.402
2019-09-08 00:00:00,10.202,97.03381,0.036979675,0.448,0.371,0.305,11.302,12.702,14.402
2019-09-08 01:00:00,9.652,94.43915,0.06682491,0.45,0.371,0.305,11.052,12.652,14.402
2019-09-08 02:00:00,9.802,95.7274,0.05186212,0.45,0.372,0.305,11.052,12.602,14.402
2019-09-08 03:00:00,10.502,93.84347,0.078305125,0.45,0.372,0.305,11.552,12.552,14.402
2019-09-08 04:00:00,11.052,94.18351,0.07673204,0.45,0.372,0.305,11.952,12.552,14.352
2019-09-08 05:00:00,11.802,93.28209,0.093126416,0.453,0.373,0.305,12.552,12.602,14.352
2019-09-08 06:00:00,12.152,91.76422,0.116827965,0.461,0.373,0.305,13.052,12.652,14.352
2019-09-08 07:00:00,12.252,91.16284,0.12618506,0.464,0.374,0.305,13.452,12.702,14.352
2019-09-08 08:00:00,12.552,89.08845,0.15890217,0.47,0.375,0.305,14.002,12.802,14.352
2019-09-08 09:00:00,12.802,87.060425,0.1915456,0.478,0.376,0.305,14.252,12.902,14.352
2019-09-08 10:00:00,13.102,86.225525,0.20793808,0.48,0.377,0.305,14.552,13.002,14.302
2019-09-08 11:00:00,12.852,85.628174,0.21344566,0.481,0.378,0.305,14.402,13.102,14.302
2019-09-08 12:00:00,12.252,86.42851,0.1937927,0.481,0.38,0.305,13.802,13.152,14.302
2019-09-08 13:00:00,11.702,88.42542,0.15940297,0.479,0.381,0.305,13.202,13.202,14.302
2019-09-08 14:00:00,10.602,91.97612,0.10273814,0.475,0.382,0.305,12.452,13.152,14.302
2019-09-08 15:00:00,9.802,94.12749,0.071282744,0.472,0.383,0.305,11.802,13.102,14.302
2019-09-08 16:00:00,9.252,95.385895,0.053978562,0.47,0.384,0.305,11.352,13.002,14.302
2019-09-08 17:00:00,9.002,96.02562,0.04571867,0.467,0.385,0.305,11.052,12.952,14.252
2019-09-08 18:00:00,8.402,97.32205,0.029582024,0.465,0.386,0.305,10.602,12.802,14.252
2019-09-08 19:00:00,7.902,97.31151,0.028707743,0.463,0.386,0.305,10.252,12.702,14.252
2019-09-08 20:00:00,8.052,96.98353,0.032539964,0.461,0.387,0.305,10.152,12.602,14.252
2019-09-08 21:00:00,7.902,97.64405,0.025156975,0.46,0.387,0.305,10.052,12.502,14.252
2019-09-08 22:00:00,7.652,97.97357,0.021273136,0.458,0.388,0.305,9.852,12.352,14.202
2019-09-08 23:00:00,7.552,98.30743,0.017647624,0.457,0.388,0.305,9.752,12.252,14.202
2019-09-09 00:00:00,7.652,98.64498,0.014224768,0.455,0.389,0.305,9.702,12.152,14.202
2019-09-09 01:00:00,7.952,98.98463,0.01087904,0.454,0.389,0.305,9.802,12.052,14.202
2019-09-09 02:00:00,8.702,94.71991,0.05952227,0.453,0.39,0.305,10.052,11.952,14.202
2019-09-09 03:00:00,9.502,91.59756,0.09996307,0.452,0.39,0.305,10.452,11.952,14.152
2019-09-09 04:00:00,10.702,85.691185,0.18443942,0.451,0.39,0.305,11.152,11.902,14.152
2019-09-09 05:00:00,11.802,80.21052,0.27435327,0.45,0.391,0.305,12.002,11.952,14.152
2019-09-09 06:00:00,12.402,77.62894,0.32262325,0.45,0.391,0.305,12.702,12.002,14.152
2019-09-09 07:00:00,13.852,75.54027,0.38772166,0.448,0.391,0.305,13.852,12.152,14.102
2019-09-09 08:00:00,14.802,74.695045,0.426499,0.447,0.391,0.305,15.202,12.352,14.102
2019-09-09 09:00:00,15.152,75.50394,0.42225063,0.447,0.391,0.305,15.752,12.552,14.102
2019-09-09 10:00:00,15.102,75.74697,0.41672158,0.447,0.391,0.305,15.652,12.752,14.102
2019-09-09 11:00:00,14.252,77.91324,0.3592806,0.452,0.391,0.305,15.202,12.902,14.102
2019-09-09 12:00:00,13.052,81.46812,0.27885485,0.463,0.392,0.305,14.402,13.002,14.102
2019-09-09 13:00:00,12.552,84.743,0.22219074,0.462,0.392,0.305,13.652,13.052,14.052
2019-09-09 14:00:00,11.652,88.717804,0.15486467,0.461,0.393,0.305,12.902,13.052,14.052
2019-09-09 15:00:00,11.202,92.32085,0.10231745,0.461,0.393,0.305,12.452,13.052,14.052
2019-09-09 16:00:00,10.852,94.1746,0.075837255,0.461,0.394,0.305,12.102,13.002,14.052
2019-09-09 17:00:00,10.702,94.80075,0.067014456,0.46,0.394,0.305,11.902,12.952,14.052
2019-09-09 18:00:00,10.452,95.428535,0.057950974,0.458,0.395,0.305,11.702,12.902,14.052
2019-09-09 19:00:00,9.452,96.03949,0.046958804,0.457,0.395,0.305,11.202,12.852,14.052
2019-09-09 20:00:00,9.352,96.036415,0.046680808,0.456,0.396,0.305,11.002,12.752,14.052
2019-09-09 21:00:00,9.052,96.02715,0.045855284,0.455,0.396,0.305,10.702,12.652,14.002
2019-09-09 22:00:00,9.002,95.70079,0.049455285,0.454,0.396,0.305,10.602,12.552,14.002
2019-09-09 23:00:00,9.002,95.37695,0.053180695,0.452,0.397,0.305,10.502,12.452,14.002
2019-09-10 00:00:00,8.652,95.364365,0.052081108,0.452,0.397,0.305,10.302,12.402,14.002
2019-09-10 01:00:00,8.552,95.360756,0.05177021,0.451,0.397,0.305,10.152,12.302,14.002
2019-09-10 02:00:00,8.902,94.08665,0.06756711,0.45,0.397,0.305,10.302,12.202,14.002
2019-09-10 03:00:00,9.902,90.08506,0.12116158,0.449,0.398,0.305,10.802,12.152,13.952
2019-09-10 04:00:00,11.252,82.33932,0.23610544,0.449,0.398,0.305,11.602,12.152,13.952
2019-09-10 05:00:00,12.402,78.42016,0.311211,0.447,0.398,0.305,12.552,12.202,13.952
2019-09-10 06:00:00,14.102,70.66644,0.47258484,0.446,0.398,0.305,14.102,12.352,13.952
2019-09-10 07:00:00,15.452,65.65819,0.60351,0.444,0.398,0.305,15.352,12.502,13.952
2019-09-10 08:00:00,16.052,63.827946,0.66051316,0.442,0.398,0.305,16.302,12.752,13.902
2019-09-10 09:00:00,16.302,62.818745,0.6898376,0.44,0.398,0.305,16.902,13.002,13.902
2019-09-10 10:00:00,16.202,61.954716,0.70139813,0.439,0.397,0.305,16.952,13.202,13.902
2019-09-10 11:00:00,15.402,61.978455,0.6660613,0.44,0.397,0.305,16.452,13.402,13.902
2019-09-10 12:00:00,14.802,62.687206,0.62894547,0.439,0.398,0.305,15.602,13.502,13.902
2019-09-10 13:00:00,14.052,64.6882,0.5670856,0.438,0.398,0.305,14.802,13.602,13.902
2019-09-10 14:00:00,12.852,68.76096,0.464005,0.438,0.398,0.305,13.852,13.602,13.902
2019-09-10 15:00:00,11.902,72.43948,0.384629,0.437,0.398,0.306,13.002,13.602,13.902
2019-09-10 16:00:00,10.902,76.3413,0.30905074,0.437,0.398,0.306,12.302,13.502,13.902
2019-09-10 17:00:00,10.102,80.24573,0.24465859,0.436,0.398,0.306,11.702,13.452,13.902
2019-09-10 18:00:00,9.252,84.66261,0.17943358,0.436,0.398,0.306,11.152,13.302,13.902
2019-09-10 19:00:00,8.702,86.663506,0.1503461,0.435,0.398,0.306,10.652,13.202,13.902
2019-09-10 20:00:00,8.152,89.95323,0.109119594,0.435,0.398,0.306,10.252,13.052,13.902
2019-09-10 21:00:00,7.752,91.80001,0.086672485,0.434,0.398,0.306,9.902,12.902,13.902
2019-09-10 22:00:00,7.452,93.37543,0.06860322,0.434,0.399,0.306,9.652,12.702,13.852
2019-09-10 23:00:00,7.602,94.02692,0.06249237,0.433,0.399,0.306,9.552,12.552,13.852
2019-09-11 00:00:00,7.952,94.04308,0.06382537,0.433,0.399,0.306,9.652,12.452,13.852
2019-09-11 01:00:00,8.052,94.04769,0.06421077,0.433,0.399,0.306,9.602,12.302,13.852
2019-09-11 02:00:00,8.602,92.16739,0.08770299,0.432,0.399,0.306,9.852,12.202,13.852
2019-09-11 03:00:00,10.102,84.18166,0.19590843,0.432,0.399,0.306,10.802,12.152,13.852
2019-09-11 04:00:00,11.702,71.17068,0.39707154,0.431,0.399,0.306,12.052,12.152,13.802
2019-09-11 05:00:00,12.952,61.615444,0.57389975,0.43,0.399,0.306,13.202,12.252,13.802
2019-09-11 06:00:00,14.152,56.59471,0.7016241,0.428,0.398,0.306,14.352,12.402,13.802
2019-09-11 07:00:00,15.802,48.478836,0.92602545,0.426,0.398,0.306,15.602,12.552,13.802
2019-09-11 08:00:00,16.052,48.3796,0.9427248,0.425,0.398,0.306,15.852,12.752,13.802
2019-09-11 09:00:00,15.652,51.741768,0.85908663,0.424,0.398,0.306,15.402,12.902,13.802
2019-09-11 10:00:00,15.302,55.343792,0.7773312,0.423,0.398,0.306,15.002,13.052,13.802
2019-09-11 11:00:00,15.102,57.820023,0.7248548,0.423,0.398,0.306,14.802,13.152,13.802
2019-09-11 12:00:00,14.752,60.572414,0.66246784,0.422,0.397,0.306,14.602,13.252,13.802
2019-09-11 13:00:00,14.152,64.05152,0.5810604,0.422,0.397,0.306,14.202,13.302,13.752
2019-09-11 14:00:00,12.952,69.4894,0.45615292,0.421,0.397,0.306,13.452,13.302,13.752
2019-09-11 15:00:00,12.052,73.96729,0.36690772,0.421,0.397,0.306,12.852,13.302,13.752
2019-09-11 16:00:00,11.502,76.7004,0.31669295,0.421,0.397,0.306,12.402,13.252,13.752
2019-09-11 17:00:00,11.002,79.01336,0.27596676,0.42,0.397,0.306,12.002,13.202,13.752
2019-09-11 18:00:00,10.252,82.49337,0.2190013,0.42,0.398,0.306,11.502,13.102,13.752
2019-09-11 19:00:00,9.402,87.029366,0.15328062,0.42,0.398,0.306,11.052,13.002,13.752
2019-09-11 20:00:00,8.552,91.53659,0.09444642,0.42,0.398,0.306,10.602,12.902,13.752
2019-09-11 21:00:00,8.452,92.158394,0.0869174,0.42,0.398,0.306,10.402,12.752,13.752
2019-09-11 22:00:00,8.052,93.72639,0.0676769,0.419,0.398,0.306,10.102,12.652,13.752
2019-09-11 23:00:00,7.602,95.32632,0.048897445,0.419,0.398,0.306,9.802,12.502,13.752
2019-09-12 00:00:00,7.152,96.298195,0.037557542,0.419,0.398,0.306,9.452,12.352,13.702
2019-09-12 01:00:00,6.802,97.28809,0.026862442,0.419,0.398,0.306,9.152,12.202,13.702
2019-09-12 02:00:00,7.402,95.97564,0.04153359,0.419,0.398,0.306,9.352,12.102,13.702
2019-09-12 03:00:00,9.852,85.31018,0.17891538,0.419,0.398,0.306,10.452,12.002,13.702
2019-09-12 04:00:00,12.552,68.699814,0.4558776,0.418,0.398,0.306,12.302,12.052,13.702
2019-09-12 05:00:00,13.402,59.83252,0.61843944,0.417,0.397,0.306,13.102,12.152,13.702
2019-09-12 06:00:00,14.452,54.55332,0.749009,0.416,0.397,0.306,14.202,12.252,13.702
2019-09-12 07:00:00,15.502,49.591133,0.8888162,0.415,0.397,0.306,15.102,12.452,13.652
2019-09-12 08:00:00,16.052,46.886444,0.9700038,0.414,0.396,0.306,15.702,12.652,13.652
2019-09-12 09:00:00,16.502,44.92945,1.034967,0.413,0.396,0.306,16.202,12.852,13.652
2019-09-12 10:00:00,16.202,46.60237,0.9845555,0.412,0.396,0.306,15.802,13.002,13.652
2019-09-12 11:00:00,16.001999,48.703255,0.9338312,0.411,0.396,0.306,15.502,13.152,13.652
2019-09-12 12:00:00,15.602,52.81261,0.837336,0.41,0.396,0.306,15.152,13.252,13.652
2019-09-12 13:00:00,14.852,55.995354,0.7441693,0.41,0.396,0.306,14.602,13.352,13.652
2019-09-12 14:00:00,14.002,58.75019,0.6603311,0.41,0.396,0.306,14.002,13.402,13.652
2019-09-12 15:00:00,13.552,60.91148,0.60772234,0.41,0.396,0.306,13.552,13.402,13.652
2019-09-12 16:00:00,13.102,64.69842,0.532988,0.409,0.395,0.306,13.152,13.402,13.652
2019-09-12 17:00:00,12.652,69.19229,0.45165133,0.409,0.395,0.306,12.852,13.352,13.652
2019-09-12 18:00:00,11.852,75.46112,0.34132838,0.409,0.395,0.306,12.402,13.302,13.652
2019-09-12 19:00:00,11.702,75.43589,0.33831835,0.409,0.395,0.306,12.102,13.252,13.652
2019-09-12 20:00:00,11.652,76.9863,0.31591868,0.409,0.395,0.306,11.952,13.202,13.652
2019-09-12 21:00:00,11.452,78.54351,0.29067636,0.409,0.395,0.306,11.852,13.102,13.652
2019-09-12 22:00:00,11.052,80.92735,0.25162888,0.408,0.395,0.306,11.652,13.052,13.652
2019-09-12 23:00:00,10.452,83.93585,0.20365179,0.408,0.395,0.306,11.352,12.952,13.602
2019-09-13 00:00:00,9.952,86.49153,0.1656307,0.408,0.395,0.306,11.052,12.902,13.602
2019-09-13 01:00:00,9.402,89.43671,0.1248306,0.408,0.395,0.306,10.702,12.802,13.602
2019-09-13 02:00:00,9.852,88.86698,0.13559294,0.408,0.395,0.306,10.852,12.702,13.602
2019-09-13 03:00:00,11.502,83.77437,0.22053325,0.408,0.395,0.306,11.802,12.652,13.602
2019-09-13 04:00:00,12.852,77.17639,0.33898914,0.407,0.395,0.306,12.952,12.702,13.602
2019-09-13 05:00:00,14.002,70.647156,0.46984494,0.407,0.395,0.306,14.052,12.752,13.602
2019-09-13 06:00:00,15.052,64.47123,0.608567,0.406,0.395,0.306,15.052,12.902,13.602
2019-09-13 07:00:00,15.902,61.67597,0.6931628,0.405,0.394,0.306,15.652,13.052,13.602
2019-09-13 08:00:00,16.302,60.12223,0.73988557,0.405,0.394,0.306,15.952,13.202,13.602
2019-09-13 09:00:00,16.652,58.204453,0.7929095,0.405,0.394,0.306,16.252,13.402,13.602
2019-09-13 10:00:00,16.852,56.312588,0.8393855,0.404,0.394,0.306,16.352,13.552,13.602
2019-09-13 11:00:00,16.852,55.741493,0.850363,0.404,0.394,0.306,16.252,13.702,13.602
2019-09-13 12:00:00,16.552,58.179787,0.78836036,0.403,0.393,0.306,16.001999,13.802,13.602
2019-09-13 13:00:00,15.602,63.942467,0.63978076,0.403,0.393,0.306,15.302,13.902,13.602
2019-09-13 14:00:00,14.402,69.07428,0.5079948,0.403,0.393,0.306,14.402,13.902,13.602
2019-09-13 15:00:00,13.502,73.97151,0.40332603,0.403,0.393,0.306,13.802,13.902,13.602
2019-09-13 16:00:00,12.502,80.03804,0.28976893,0.403,0.393,0.306,13.152,13.852,13.602
2019-09-13 17:00:00,11.602,84.92324,0.20627391,0.403,0.393,0.306,12.502,13.802,13.602
2019-09-13 18:00:00,11.802,82.40874,0.24387467,0.402,0.393,0.306,11.852,13.652,13.602
2019-09-13 19:00:00,10.452,88.01927,0.15188158,0.402,0.393,0.306,11.152,13.552,13.602
2019-09-13 20:00:00,9.052,92.50843,0.08647025,0.402,0.393,0.306,10.552,13.402,13.602
2019-09-13 21:00:00,8.002,95.015526,0.053587794,0.402,0.393,0.306,10.002,13.202,13.602
2019-09-13 22:00:00,8.052,95.017456,0.053749084,0.402,0.393,0.306,9.802,13.052,13.602
2019-09-13 23:00:00,8.402,94.063774,0.06557512,0.402,0.393,0.306,9.802,12.852,13.602
2019-09-14 00:00:00,9.252,91.8934,0.09483719,0.402,0.393,0.306,10.002,12.752,13.552
2019-09-14 01:00:00,9.652,90.06638,0.11937475,0.402,0.393,0.306,10.152,12.602,13.552
2019-09-14 02:00:00,10.602,85.97161,0.17962599,0.402,0.393,0.306,10.652,12.502,13.552
2019-09-14 03:00:00,12.102,79.44297,0.29067743,0.402,0.393,0.306,11.602,12.502,13.552
2019-09-14 04:00:00,14.102,71.38527,0.46100152,0.402,0.393,0.306,13.052,12.552,13.552
2019-09-14 05:00:00,16.202,65.599815,0.634176,0.401,0.393,0.306,14.752,12.652,13.552
2019-09-14 06:00:00,17.802,62.740307,0.76004696,0.4,0.392,0.306,16.302,12.852,13.552
2019-09-14 07:00:00,19.502,57.9314,0.95427346,0.398,0.392,0.306,17.802,13.152,13.552
2019-09-14 08:00:00,20.002,54.32549,1.0686846,0.398,0.391,0.306,18.452,13.402,13.552
2019-09-14 09:00:00,20.202,52.069626,1.1354325,0.397,0.391,0.306,18.702,13.702,13.552
2019-09-14 10:00:00,20.302,50.719826,1.1746496,0.396,0.391,0.306,18.852,13.952,13.552
2019-09-14 11:00:00,20.202,50.354057,1.1760992,0.395,0.39,0.306,18.652,14.202,13.552
2019-09-14 12:00:00,19.252,56.725624,0.9665233,0.394,0.39,0.306,17.952,14.402,13.552
2019-09-14 13:00:00,17.902,62.97212,0.7600752,0.394,0.39,0.306,17.052,14.502,13.552
2019-09-14 14:00:00,16.252,68.98179,0.57363105,0.394,0.39,0.306,15.902,14.552,13.552
2019-09-14 15:00:00,15.252,72.80649,0.47177505,0.394,0.39,0.306,15.152,14.602,13.552
2019-09-14 16:00:00,14.302,76.632256,0.3813517,0.394,0.39,0.306,14.452,14.552,13.552
2019-09-14 17:00:00,13.552,79.38485,0.32046986,0.394,0.39,0.306,13.852,14.502,13.552
2019-09-14 18:00:00,12.602,83.06392,0.247455,0.394,0.39,0.306,13.252,14.452,13.552
2019-09-14 19:00:00,12.502,83.051796,0.24601603,0.394,0.39,0.306,13.052,14.352,13.552
2019-09-14 20:00:00,11.802,86.09434,0.19277537,0.394,0.39,0.306,12.552,14.252,13.602
2019-09-14 21:00:00,10.802,89.546974,0.13563395,0.394,0.39,0.306,12.002,14.102,13.602
2019-09-14 22:00:00,10.152,91.33002,0.107732296,0.394,0.39,0.306,11.552,13.952,13.602
2019-09-14 23:00:00,9.602,92.226944,0.09309733,0.394,0.39,0.306,11.102,13.802,13.602
2019-09-15 00:00:00,9.002,93.454094,0.07530069,0.394,0.39,0.306,10.652,13.652,13.602
2019-09-15 01:00:00,8.552,94.070656,0.066167235,0.394,0.39,0.306,10.302,13.452,13.602
2019-09-15 02:00:00,8.952,94.73012,0.060417652,0.394,0.39,0.306,10.502,13.302,13.602
2019-09-15 03:00:00,12.352,84.720924,0.21961486,0.394,0.39,0.306,12.052,13.252,13.552
2019-09-15 04:00:00,15.252,72.80649,0.47177505,0.393,0.39,0.306,14.252,13.302,13.552
2019-09-15 05:00:00,17.402,64.98831,0.6964183,0.393,0.389,0.306,15.852,13.452,13.552
2019-09-15 06:00:00,19.452,56.398716,0.9859965,0.391,0.389,0.306,17.652,13.652,13.552
2019-09-15 07:00:00,21.002,47.61082,1.30372,0.39,0.389,0.306,19.102,13.952,13.552
2019-09-15 08:00:00,21.102,44.382534,1.3926265,0.389,0.388,0.306,19.252,14.202,13.602
2019-09-15 09:00:00,21.552,40.063614,1.5427387,0.387,0.388,0.306,19.752,14.502,13.602
2019-09-15 10:00:00,21.652,38.744553,1.5863714,0.386,0.387,0.306,20.002,14.752,13.602
2019-09-15 11:00:00,21.352,39.733788,1.5323914,0.385,0.387,0.306,19.602,15.002,13.602
2019-09-15 12:00:00,20.702,46.57682,1.3052121,0.385,0.387,0.306,18.952,15.202,13.602
2019-09-15 13:00:00,19.552,52.953976,1.0705603,0.384,0.387,0.306,18.002,15.302,13.602
2019-09-15 14:00:00,17.252,61.989613,0.7489699,0.384,0.387,0.306,16.652,15.352,13.602
2019-09-15 15:00:00,15.352,69.03239,0.54072356,0.384,0.387,0.306,15.452,15.352,13.602
2019-09-15 16:00:00,13.802,75.02633,0.39458883,0.384,0.387,0.306,14.402,15.252,13.652
2019-09-15 17:00:00,12.502,80.307976,0.28585005,0.384,0.386,0.306,13.502,15.152,13.652
2019-09-15 18:00:00,11.852,82.97263,0.23683488,0.384,0.386,0.306,12.952,15.002,13.652
2019-09-15 19:00:00,11.602,81.001755,0.25993204,0.384,0.386,0.306,12.352,14.852,13.652
2019-09-15 20:00:00,10.852,84.267654,0.20482075,0.384,0.386,0.306,11.902,14.702,13.652
2019-09-15 21:00:00,10.152,86.51143,0.16761148,0.384,0.386,0.306,11.502,14.502,13.652
2019-09-15 22:00:00,9.702,87.65336,0.14887238,0.384,0.386,0.306,11.152,14.302,13.652
2019-09-15 23:00:00,9.402,87.62577,0.14623225,0.384,0.386,0.306,10.852,14.152,13.652
2019-09-16 00:00:00,9.202,87.60735,0.14449441,0.384,0.386,0.306,10.652,13.952,13.652
2019-09-16 01:00:00,9.052,86.99564,0.1501038,0.384,0.386,0.306,10.402,13.752,13.652
2019-09-16 02:00:00,9.802,85.59642,0.17484295,0.384,0.386,0.306,10.752,13.602,13.652
2019-09-16 03:00:00,13.002,74.385475,0.3841933,0.384,0.386,0.306,12.202,13.502,13.652
2019-09-16 04:00:00,16.252,62.17562,0.69954574,0.384,0.386,0.306,14.502,13.602,13.652
2019-09-16 05:00:00,18.802,53.653805,1.0065747,0.383,0.386,0.306,16.452,13.752,13.652
2019-09-16 06:00:00,20.502,46.521538,1.2905908,0.382,0.385,0.306,18.152,13.952,13.652
2019-09-16 07:00:00,21.152,44.24651,1.4003172,0.38,0.385,0.306,19.302,14.202,13.652
2019-09-16 08:00:00,21.952,40.451786,1.5705763,0.379,0.384,0.306,20.252,14.552,13.652
2019-09-16 09:00:00,22.202,37.594513,1.6712182,0.377,0.384,0.306,20.552,14.852,13.652
2019-09-16 10:00:00,22.002,35.03908,1.7186825,0.376,0.383,0.306,20.352,15.102,13.652
2019-09-16 11:00:00,21.552,36.01556,1.6470196,0.375,0.383,0.306,19.802,15.302,13.702
2019-09-16 12:00:00,20.602,41.323982,1.4248555,0.375,0.383,0.306,19.052,15.502,13.702
2019-09-16 13:00:00,19.152,46.146774,1.1954927,0.374,0.383,0.306,18.052,15.602,13.702
2019-09-16 14:00:00,17.402,49.938484,0.99592614,0.374,0.383,0.306,16.902,15.602,13.702
2019-09-16 15:00:00,16.052,52.932022,0.8595564,0.374,0.383,0.306,15.952,15.602,13.702
2019-09-16 16:00:00,15.102,55.10182,0.7715817,0.374,0.383,0.306,15.202,15.552,13.702
2019-09-16 17:00:00,14.452,57.063835,0.707622,0.374,0.382,0.306,14.602,15.502,13.702
2019-09-16 18:00:00,13.902,59.33691,0.6467335,0.374,0.382,0.306,14.152,15.402,13.752
2019-09-16 19:00:00,13.252,59.589153,0.6161405,0.374,0.382,0.306,13.702,15.302,13.752
2019-09-16 20:00:00,13.052,59.128113,0.6150982,0.374,0.382,0.306,13.352,15.152,13.752
2019-09-16 21:00:00,13.002,57.894325,0.63160527,0.374,0.382,0.306,13.102,15.052,13.752
2019-09-16 22:00:00,12.702,58.427475,0.61149836,0.374,0.382,0.306,12.902,14.902,13.752
2019-09-16 23:00:00,12.552,58.799133,0.60010785,0.373,0.382,0.306,12.902,14.802,13.752
2019-09-17 00:00:00,12.052,59.710705,0.56788033,0.373,0.382,0.306,12.752,14.652,13.752
2019-09-17 01:00:00,11.252,62.0749,0.5070666,0.373,0.382,0.306,12.352,14.552,13.752
2019-09-17 02:00:00,11.402,62.327892,0.50870675,0.373,0.382,0.306,12.352,14.402,13.752
2019-09-17 03:00:00,12.752,59.260063,0.6012128,0.373,0.382,0.306,13.052,14.352,13.752
2019-09-17 04:00:00,14.002,55.390682,0.71412456,0.372,0.382,0.306,13.902,14.302,13.752
2019-09-17 05:00:00,15.102,52.679527,0.81322247,0.372,0.382,0.306,14.752,14.302,13.752
2019-09-17 06:00:00,16.852,46.784588,1.0225356,0.371,0.381,0.306,16.152,14.402,13.752
2019-09-17 07:00:00,17.652,41.920784,1.1738527,0.37,0.381,0.306,16.952,14.502,13.752
2019-09-17 08:00:00,18.502,38.239227,1.3166687,0.369,0.381,0.306,17.752,14.702,13.802
2019-09-17 09:00:00,18.702,36.845978,1.3633165,0.368,0.38,0.306,17.952,14.852,13.802
2019-09-17 10:00:00,18.802,36.616394,1.3768411,0.367,0.38,0.306,17.952,14.952,13.802
2019-09-17 11:00:00,18.702,38.1631,1.3348689,0.366,0.38,0.306,17.752,15.102,13.802
2019-09-17 12:00:00,17.952,41.714905,1.2004436,0.366,0.379,0.306,17.202,15.202,13.802
2019-09-17 13:00:00,17.052,44.92861,1.0716913,0.365,0.379,0.306,16.552,15.252,13.802
2019-09-17 14:00:00,15.852,49.343285,0.91339403,0.365,0.379,0.306,15.752,15.252,13.802
2019-09-17 15:00:00,15.152,52.875744,0.8124525,0.365,0.379,0.306,15.152,15.202,13.802
2019-09-17 16:00:00,14.402,57.051178,0.70555,0.365,0.379,0.306,14.602,15.152,13.802
2019-09-17 17:00:00,14.002,60.185043,0.6373562,0.365,0.379,0.306,14.202,15.102,13.802
2019-09-17 18:00:00,13.802,62.670708,0.5898614,0.365,0.379,0.306,13.952,15.002,13.852
2019-09-17 19:00:00,13.252,64.28878,0.5444713,0.365,0.379,0.306,13.602,14.902,13.852
2019-09-17 20:00:00,12.952,67.1538,0.49107873,0.365,0.379,0.306,13.302,14.802,13.852
2019-09-17 21:00:00,12.652,69.4294,0.4481746,0.365,0.379,0.306,13.002,14.702,13.852
2019-09-17 22:00:00,12.502,70.11552,0.43383157,0.365,0.379,0.306,12.752,14.602,13.852
2019-09-17 23:00:00,12.502,69.87606,0.4373083,0.365,0.379,0.306,12.602,14.502,13.852
2019-09-18 00:00:00,12.702,68.26131,0.46682703,0.365,0.379,0.306,12.602,14.402,13.852
2019-09-18 01:00:00,13.402,64.76518,0.5424778,0.365,0.379,0.306,12.802,14.302,13.852
2019-09-18 02:00:00,13.952,63.13648,0.5881907,0.365,0.379,0.306,13.102,14.252,13.852
2019-09-18 03:00:00,15.502,59.320534,0.7172148,0.364,0.379,0.306,13.952,14.202,13.852
2019-09-18 04:00:00,17.152,54.3214,0.8944702,0.364,0.378,0.306,15.102,14.252,13.852
2019-09-18 05:00:00,18.502,49.89598,1.0680411,0.363,0.378,0.306,16.152,14.352,13.852
2019-09-18 06:00:00,20.302,44.459953,1.323966,0.362,0.378,0.306,17.552,14.502,13.852
2019-09-18 07:00:00,22.202,40.52276,1.5927342,0.361,0.377,0.306,19.052,14.702,13.852
2019-09-18 08:00:00,23.302,37.908104,1.7772411,0.36,0.377,0.306,20.052,14.952,13.852
2019-09-18 09:00:00,23.652,36.243637,1.8637681,0.359,0.376,0.306,20.402,15.252,13.852
2019-09-18 10:00:00,23.402,36.668938,1.8236946,0.358,0.376,0.306,20.302,15.452,13.852
2019-09-18 11:00:00,22.652,38.371395,1.6960608,0.357,0.376,0.306,19.902,15.652,13.902
2019-09-18 12:00:00,21.602,39.6693,1.5576432,0.356,0.376,0.306,19.252,15.852,13.902
2019-09-18 13:00:00,19.252,49.091053,1.1371435,0.356,0.376,0.306,18.402,15.952,13.902
2019-09-18 14:00:00,17.452,58.00912,0.83793986,0.356,0.376,0.306,17.502,16.001999,13.902
2019-09-18 15:00:00,16.852,59.24628,0.7829975,0.356,0.375,0.306,16.902,16.001999,13.902
2019-09-18 16:00:00,16.602,59.587166,0.7642404,0.356,0.375,0.306,16.452,16.001999,13.902
2019-09-18 17:00:00,16.552,59.173443,0.76962173,0.356,0.375,0.306,16.202,15.952,13.952
2019-09-18 18:00:00,16.402,59.136982,0.7630068,0.356,0.375,0.306,15.952,15.952,13.952
2019-09-18 19:00:00,15.802,58.19228,0.7513839,0.355,0.375,0.306,15.652,15.902,13.952
2019-09-18 20:00:00,15.652,58.953983,0.7306553,0.355,0.375,0.306,15.452,15.852,13.952
2019-09-18 21:00:00,15.602,59.143,0.72496855,0.355,0.375,0.306,15.302,15.802,13.952
2019-09-18 22:00:00,15.302,59.88177,0.69831467,0.355,0.375,0.306,15.052,15.702,13.952
2019-09-18 23:00:00,14.802,60.7918,0.6609037,0.355,0.375,0.306,14.702,15.652,13.952
2019-09-19 00:00:00,13.952,62.705376,0.5950709,0.355,0.375,0.306,14.152,15.552,14.002
2019-09-19 01:00:00,13.702,62.00513,0.59649825,0.355,0.375,0.306,13.802,15.452,14.002
2019-09-19 02:00:00,14.002,60.185043,0.6373562,0.355,0.375,0.306,13.802,15.352,14.002
2019-09-19 03:00:00,15.652,55.81569,0.7865392,0.355,0.375,0.306,14.602,15.252,14.002
2019-09-19 04:00:00,18.102,49.279957,1.0544386,0.354,0.375,0.306,16.052,15.302,14.002
2019-09-19 05:00:00,20.452,43.01154,1.3711308,0.354,0.374,0.306,17.752,15.402,14.002
2019-09-19 06:00:00,22.302,38.533787,1.6560706,0.352,0.374,0.306,19.252,15.552,14.002
2019-09-19 07:00:00,24.102,34.91757,1.9546283,0.351,0.373,0.306,20.652,15.802,14.002
2019-09-19 08:00:00,25.102,32.55595,2.1501532,0.35,0.373,0.306,21.652,16.052,14.052
2019-09-19 09:00:00,25.702,30.359365,2.3006814,0.348,0.372,0.306,22.302,16.352,14.052
2019-09-19 10:00:00,25.852,29.175417,2.36069,0.347,0.372,0.306,22.502,16.652,14.052
2019-09-19 11:00:00,25.502,29.992952,2.2855754,0.346,0.371,0.306,22.252,16.902,14.052
2019-09-19 12:00:00,24.552,30.87867,2.1326728,0.345,0.371,0.306,21.652,17.102,14.052
2019-09-19 13:00:00,23.052,32.310246,1.9086328,0.345,0.371,0.306,20.652,17.202,14.102
2019-09-19 14:00:00,21.502,34.534077,1.6800462,0.344,0.371,0.306,19.602,17.302,14.102
2019-09-19 15:00:00,20.452,37.35115,1.5074182,0.344,0.371,0.306,18.852,17.302,14.102
2019-09-19 16:00:00,19.752,40.378494,1.3738406,0.344,0.371,0.306,18.302,17.302,14.102
2019-09-19 17:00:00,19.502,42.15794,1.3123202,0.344,0.371,0.306,18.002,17.302,14.152
2019-09-19 18:00:00,19.602,43.51137,1.2895666,0.344,0.37,0.306,17.902,17.302,14.152
2019-09-19 19:00:00,18.702,51.498085,1.0468683,0.343,0.37,0.306,17.652,17.252,14.152
2019-09-19 20:00:00,18.002,57.949696,0.8686545,0.343,0.37,0.306,17.352,17.202,14.202
2019-09-19 21:00:00,16.952,55.577824,0.8589281,0.343,0.37,0.306,16.952,17.152,14.202
2019-09-19 22:00:00,15.552,45.29235,0.9677295,0.343,0.37,0.306,16.302,17.052,14.202
2019-09-19 23:00:00,14.052,39.716698,0.96822953,0.343,0.37,0.306,15.552,16.952,14.202
2019-09-20 00:00:00,12.702,40.335682,0.87765294,0.343,0.37,0.306,14.802,16.802,14.202
2019-09-20 01:00:00,11.502,44.612286,0.75291324,0.342,0.37,0.306,14.052,16.652,14.252
2019-09-20 02:00:00,10.902,49.36649,0.6614679,0.342,0.37,0.306,13.602,16.452,14.252
2019-09-20 03:00:00,11.152,51.427574,0.6451517,0.342,0.37,0.306,13.752,16.302,14.252
2019-09-20 04:00:00,11.752,51.225285,0.6740494,0.342,0.37,0.306,14.402,16.152,14.252
2019-09-20 05:00:00,12.652,49.500866,0.7403982,0.341,0.37,0.306,15.302,16.102,14.252
2019-09-20 06:00:00,13.702,46.71847,0.8365533,0.341,0.369,0.306,16.352,16.052,14.252
2019-09-20 07:00:00,14.802,43.508698,0.9523305,0.34,0.369,0.306,17.302,16.102,14.252
2019-09-20 08:00:00,15.602,40.312935,1.0592206,0.339,0.369,0.306,18.002,16.202,14.302
2019-09-20 09:00:00,16.152,37.690437,1.145282,0.338,0.368,0.306,18.402,16.252,14.302
2019-09-20 10:00:00,16.252,36.132854,1.1814169,0.337,0.368,0.306,18.402,16.352,14.302
2019-09-20 11:00:00,16.152,35.46009,1.1862875,0.337,0.368,0.306,18.102,16.402,14.302
2019-09-20 12:00:00,15.652,36.61107,1.1285336,0.336,0.367,0.306,17.402,16.402,14.302
2019-09-20 13:00:00,14.452,40.410797,0.9821553,0.336,0.367,0.306,16.302,16.402,14.302
2019-09-20 14:00:00,12.952,45.354797,0.81706756,0.336,0.367,0.306,15.152,16.302,14.352
2019-09-20 15:00:00,11.952,49.4825,0.70739734,0.336,0.367,0.306,14.152,16.152,14.352
2019-09-20 16:00:00,11.102,52.90643,0.6234387,0.336,0.367,0.306,13.352,16.001999,14.352
2019-09-20 17:00:00,10.452,55.440754,0.56494737,0.336,0.367,0.306,12.752,15.802,14.352
2019-09-20 18:00:00,9.952,57.528522,0.52079725,0.336,0.367,0.306,12.252,15.602,14.352
2019-09-20 19:00:00,8.902,59.566235,0.4620399,0.336,0.367,0.306,11.602,15.402,14.352
2019-09-20 20:00:00,8.552,61.210804,0.4328887,0.336,0.367,0.306,11.202,15.152,14.352
2019-09-20 21:00:00,8.252,62.916588,0.40552694,0.336,0.367,0.306,10.902,14.952,14.352
2019-09-20 22:00:00,7.852,65.3473,0.36878806,0.336,0.367,0.306,10.552,14.702,14.352
2019-09-20 23:00:00,7.352,68.34208,0.32562542,0.336,0.367,0.306,10.152,14.502,14.352
2019-09-21 00:00:00,6.902,71.4926,0.28432757,0.336,0.367,0.306,9.752,14.252,14.352
2019-09-21 01:00:00,6.402,75.85775,0.23266,0.336,0.367,0.306,9.352,14.002,14.352
2019-09-21 02:00:00,6.552,78.34185,0.2108857,0.336,0.367,0.306,9.302,13.752,14.352
2019-09-21 03:00:00,9.152,67.75622,0.37471056,0.336,0.367,0.306,10.452,13.602,14.352
2019-09-21 04:00:00,12.052,54.68836,0.63868153,0.336,0.367,0.306,12.452,13.552,14.352
2019-09-21 05:00:00,14.152,46.350674,0.8672582,0.335,0.366,0.306,14.102,13.602,14.352
2019-09-21 06:00:00,15.652,39.89868,1.0699899,0.335,0.366,0.306,15.502,13.702,14.302
2019-09-21 07:00:00,16.052,36.860218,1.1531742,0.334,0.366,0.306,16.502,13.852,14.302
2019-09-21 08:00:00,16.752,33.887104,1.2624364,0.333,0.365,0.306,17.402,14.052,14.302
2019-09-21 09:00:00,17.252,32.127525,1.3377048,0.332,0.365,0.306,18.002,14.252,14.302
2019-09-21 10:00:00,17.402,31.254202,1.3678107,0.332,0.365,0.306,18.002,14.452,14.302
2019-09-21 11:00:00,17.352,31.01422,1.3682632,0.331,0.364,0.306,17.552,14.602,14.302
2019-09-21 12:00:00,16.702,33.75061,1.2610388,0.331,0.364,0.306,16.852,14.702,14.302
2019-09-21 13:00:00,15.252,37.15823,1.0904918,0.331,0.364,0.306,15.752,14.752,14.302
2019-09-21 14:00:00,13.752,40.06094,0.9441557,0.331,0.364,0.306,14.652,14.752,14.302
2019-09-21 15:00:00,12.902,41.734703,0.86835855,0.33,0.364,0.306,13.852,14.652,14.302
2019-09-21 16:00:00,12.452,42.21151,0.8362484,0.33,0.364,0.306,13.252,14.602,14.302
2019-09-21 17:00:00,12.202,41.681095,0.83018535,0.33,0.364,0.306,12.852,14.502,14.302
2019-09-21 18:00:00,12.152,40.468376,0.8446673,0.33,0.364,0.306,12.552,14.402,14.302
2019-09-21 19:00:00,13.652,34.98142,1.0175402,0.33,0.364,0.306,12.602,14.302,14.302
2019-09-21 20:00:00,14.352,34.17319,1.0779889,0.33,0.364,0.306,12.802,14.252,14.302
2019-09-21 21:00:00,15.402,34.48166,1.1479323,0.33,0.364,0.306,13.202,14.202,14.302
2019-09-21 22:00:00,16.802,35.77792,1.2302136,0.33,0.364,0.306,13.752,14.152,14.302
2019-09-21 23:00:00,18.002,37.428448,1.2928225,0.33,0.364,0.306,14.352,14.202,14.302
2019-09-22 00:00:00,18.552,38.929893,1.3060126,0.329,0.364,0.306,14.802,14.202,14.302
2019-09-22 01:00:00,18.852,39.289875,1.322855,0.329,0.364,0.306,15.152,14.252,14.302
2019-09-22 02:00:00,19.102,39.36191,1.3420227,0.329,0.363,0.306,15.452,14.302,14.302
2019-09-22 03:00:00,19.852,38.62874,1.422966,0.329,0.363,0.306,16.102,14.402,14.302
2019-09-22 04:00:00,21.202,37.43719,1.5762976,0.328,0.363,0.306,17.152,14.552,14.302
2019-09-22 05:00:00,22.652,34.863136,1.7927,0.327,0.363,0.306,18.502,14.752,14.302
2019-09-22 06:00:00,24.202,31.75089,2.0621438,0.326,0.362,0.306,19.852,15.002,14.302
2019-09-22 07:00:00,25.752,27.965858,2.386903,0.325,0.362,0.306,21.002,15.252,14.302
2019-09-22 08:00:00,26.452,27.299274,2.5105748,0.324,0.361,0.306,21.852,15.602,14.302
2019-09-22 09:00:00,26.252,28.200594,2.4503846,0.323,0.361,0.306,22.102,15.902,14.302
2019-09-22 10:00:00,25.452,31.13142,2.2417097,0.323,0.36,0.306,21.752,16.152,14.302
2019-09-22 11:00:00,24.552,33.186245,2.0613976,0.322,0.36,0.306,21.252,16.352,14.352
2019-09-22 12:00:00,21.002,45.26421,1.3621593,0.322,0.36,0.306,20.252,16.552,14.352
2019-09-22 13:00:00,16.102,68.265114,0.5813135,0.323,0.36,0.306,18.502,16.602,14.352
2019-09-22 14:00:00,13.202,83.69252,0.24779046,0.331,0.36,0.306,16.852,16.552,14.352
2019-09-22 15:00:00,11.602,92.0366,0.10894692,0.35,0.36,0.306,15.552,16.502,14.352
2019-09-22 16:00:00,10.552,93.53139,0.082548976,0.371,0.36,0.306,14.602,16.352,14.352
2019-09-22 17:00:00,9.752,94.44343,0.06722212,0.378,0.36,0.306,13.852,16.202,14.352
2019-09-22 18:00:00,9.102,89.41286,0.12261391,0.379,0.36,0.306,13.152,16.052,14.402
2019-09-22 19:00:00,8.352,80.556015,0.21407259,0.379,0.36,0.306,12.452,15.802,14.402
2019-09-22 20:00:00,8.002,75.59423,0.2623973,0.379,0.36,0.306,12.002,15.602,14.402
2019-09-22 21:00:00,7.652,73.43344,0.27890754,0.379,0.36,0.306,11.552,15.402,14.402
2019-09-22 22:00:00,7.452,73.3969,0.2755077,0.378,0.36,0.306,11.152,15.152,14.402
2019-09-22 23:00:00,6.952,75.68238,0.24337232,0.378,0.36,0.306,10.702,14.902,14.402
2019-09-23 00:00:00,6.552,77.514565,0.21894109,0.378,0.36,0.306,10.302,14.652,14.402
2019-09-23 01:00:00,6.602,76.703224,0.22762197,0.378,0.36,0.306,10.002,14.452,14.402
2019-09-23 02:00:00,7.152,74.38898,0.25985122,0.378,0.36,0.306,10.052,14.202,14.402
2019-09-23 03:00:00,8.502,68.582436,0.34943599,0.378,0.36,0.306,10.652,14.052,14.402
2019-09-23 04:00:00,9.802,61.077335,0.472511,0.377,0.36,0.306,11.702,13.902,14.402
2019-09-23 05:00:00,11.052,52.704243,0.62404317,0.377,0.36,0.306,12.802,13.852,14.402
2019-09-23 06:00:00,12.152,46.444126,0.7598797,0.376,0.36,0.306,13.802,13.852,14.352
2019-09-23 07:00:00,12.952,39.97102,0.89757204,0.375,0.359,0.306,14.402,13.902,14.352
2019-09-23 08:00:00,13.352,38.378273,0.9457431,0.374,0.359,0.306,14.602,13.952,14.352
2019-09-23 09:00:00,13.752,36.583084,0.9989413,0.373,0.359,0.306,14.702,14.002,14.352
2019-09-23 10:00:00,14.252,35.030117,1.0571005,0.372,0.359,0.306,14.802,14.052,14.352
2019-09-23 11:00:00,14.452,34.580048,1.078268,0.371,0.359,0.306,14.652,14.052,14.352
2019-09-23 12:00:00,14.552,34.86314,1.0805528,0.371,0.359,0.306,14.552,14.102,14.352
2019-09-23 13:00:00,14.252,36.068043,1.0402124,0.37,0.359,0.306,14.252,14.102,14.352
2019-09-23 14:00:00,14.002,37.330112,1.0033096,0.37,0.359,0.306,13.902,14.102,14.352
2019-09-23 15:00:00,14.102,38.181934,0.99610174,0.37,0.359,0.306,13.752,14.102,14.352
2019-09-23 16:00:00,14.202,39.19096,0.98620254,0.369,0.359,0.306,13.652,14.052,14.352
2019-09-23 17:00:00,14.202,40.77535,0.96050364,0.369,0.359,0.306,13.652,14.052,14.352
2019-09-23 18:00:00,13.902,43.09445,0.90513164,0.369,0.359,0.306,13.552,14.052,14.352
2019-09-23 19:00:00,12.952,51.73555,0.72164845,0.369,0.359,0.306,13.302,14.002,14.352
2019-09-23 20:00:00,11.602,68.74205,0.42769533,0.373,0.359,0.306,12.952,13.952,14.352
2019-09-23 21:00:00,9.902,88.56992,0.13967764,0.381,0.359,0.306,12.352,13.852,14.352
2019-09-23 22:00:00,8.752,88.16847,0.13383073,0.386,0.359,0.306,11.652,13.752,14.302
2019-09-23 23:00:00,7.802,81.60987,0.19504774,0.387,0.359,0.306,10.952,13.652,14.302
2019-09-24 00:00:00,7.102,76.78514,0.2347349,0.387,0.359,0.306,10.402,13.502,14.302
2019-09-24 01:00:00,6.452,74.00029,0.25142395,0.387,0.359,0.306,9.952,13.302,14.302
2019-09-24 02:00:00,6.052,72.35764,0.2600391,0.387,0.359,0.306,9.602,13.152,14.302
2019-09-24 03:00:00,6.202,69.33605,0.29146373,0.386,0.359,0.306,9.652,13.002,14.302
2019-09-24 04:00:00,6.702,65.32317,0.3411435,0.386,0.359,0.306,10.102,12.852,14.302
2019-09-24 05:00:00,7.602,57.546818,0.4441707,0.385,0.359,0.306,10.902,12.752,14.302
2019-09-24 06:00:00,8.752,47.521614,0.59361917,0.384,0.358,0.306,11.752,12.752,14.252
2019-09-24 07:00:00,9.902,42.079697,0.7078482,0.383,0.358,0.306,12.502,12.752,14.252
2019-09-24 08:00:00,10.402,37.783604,0.78616744,0.382,0.358,0.306,12.902,12.802,14.252
2019-09-24 09:00:00,10.752,34.767906,0.8436978,0.381,0.358,0.306,13.102,12.802,14.252
2019-09-24 10:00:00,10.852,33.513893,0.8656456,0.381,0.358,0.306,13.152,12.852,14.252
2019-09-24 11:00:00,10.652,33.32825,0.85659194,0.38,0.358,0.306,12.952,12.902,14.252
2019-09-24 12:00:00,10.102,34.184048,0.8151406,0.379,0.358,0.306,12.402,12.902,14.202
2019-09-24 13:00:00,9.052,36.819195,0.7292571,0.379,0.358,0.306,11.502,12.852,14.202
2019-09-24 14:00:00,7.852,40.239326,0.6359401,0.379,0.358,0.306,10.552,12.752,14.202
2019-09-24 15:00:00,6.802,44.22191,0.5524626,0.378,0.358,0.306,9.702,12.602,14.202
2019-09-24 16:00:00,5.852,48.290115,0.47972345,0.378,0.358,0.306,8.952,12.452,14.202
2019-09-24 17:00:00,5.102,51.637962,0.4259203,0.378,0.358,0.306,8.302,12.252,14.202
2019-09-24 18:00:00,4.452,54.643875,0.3817392,0.378,0.358,0.306,7.702,12.052,14.152
2019-09-24 19:00:00,3.4520001,58.399563,0.32637993,0.378,0.358,0.306,7.102,11.852,14.152
2019-09-24 20:00:00,2.9520001,60.954105,0.29570338,0.378,0.358,0.306,6.652,11.602,14.152
2019-09-24 21:00:00,2.752,62.52172,0.27983794,0.378,0.358,0.306,6.352,11.352,14.152
2019-09-24 22:00:00,2.502,64.35842,0.26144302,0.377,0.358,0.306,6.002,11.152,14.102
2019-09-24 23:00:00,2.2020001,66.7352,0.23885596,0.377,0.358,0.306,5.702,10.902,14.102
2019-09-25 00:00:00,2.002,68.45425,0.22330609,0.377,0.358,0.306,5.452,10.652,14.102
2019-09-25 01:00:00,1.7520001,70.20798,0.20715931,0.377,0.358,0.306,5.152,10.452,14.052
2019-09-25 02:00:00,2.002,70.52042,0.20868301,0.377,0.358,0.306,5.102,10.202,14.052
2019-09-25 03:00:00,3.902,63.735207,0.2936901,0.377,0.358,0.306,5.952,10.052,14.052
2019-09-25 04:00:00,6.202,53.509727,0.4418707,0.376,0.358,0.306,7.452,10.002,14.002
2019-09-25 05:00:00,8.202,44.80068,0.6015614,0.376,0.357,0.306,9.002,10.002,14.002
2019-09-25 06:00:00,9.752,32.06709,0.82185924,0.375,0.357,0.306,10.502,10.102,13.952
2019-09-25 07:00:00,9.702,32.174767,0.81781065,0.374,0.357,0.306,11.002,10.202,13.952
2019-09-25 08:00:00,10.052,29.675264,0.8680407,0.374,0.357,0.306,11.252,10.302,13.952
2019-09-25 09:00:00,10.302,29.635191,0.88316584,0.373,0.357,0.306,11.452,10.402,13.902
2019-09-25 10:00:00,10.202,31.234877,0.85735667,0.372,0.357,0.306,11.502,10.502,13.902
2019-09-25 11:00:00,9.702,34.453865,0.79034567,0.372,0.357,0.306,11.102,10.602,13.902
2019-09-25 12:00:00,9.152,38.263874,0.7174079,0.371,0.357,0.306,10.702,10.652,13.852
2019-09-25 13:00:00,8.052,42.955883,0.6153581,0.371,0.356,0.306,9.852,10.652,13.852
2019-09-25 14:00:00,6.952,47.887466,0.5215094,0.371,0.356,0.306,9.002,10.602,13.852
2019-09-25 15:00:00,6.052,52.29087,0.44878167,0.371,0.356,0.306,8.252,10.552,13.802
2019-09-25 16:00:00,5.052,58.593964,0.36340863,0.371,0.356,0.306,7.552,10.452,13.802
2019-09-25 17:00:00,3.802,64.90007,0.28226662,0.37,0.356,0.306,6.702,10.302,13.802
2019-09-25 18:00:00,3.252,68.21549,0.24588722,0.37,0.356,0.306,6.202,10.152,13.752
2019-09-25 19:00:00,1.802,73.68649,0.18363118,0.37,0.356,0.306,5.352,9.952,13.752
2019-09-25 20:00:00,1.102,77.19096,0.15138382,0.37,0.356,0.306,4.702,9.752,13.752
2019-09-25 21:00:00,0.45200002,80.59358,0.12290406,0.37,0.356,0.306,4.102,9.502,13.702
2019-09-25 22:00:00,0.102,82.3551,0.108952105,0.37,0.357,0.306,3.652,9.302,13.702
2019-09-25 23:00:00,-0.148,82.93499,0.103476286,0.37,0.357,0.306,3.2020001,9.052,13.652
2019-09-26 00:00:00,-0.448,84.1371,0.09411067,0.37,0.357,0.306,2.852,8.802,13.652
2019-09-26 01:00:00,-0.748,85.04419,0.08680856,0.37,0.357,0.306,2.552,8.552,13.652
2019-09-26 02:00:00,-0.698,86.00223,0.08154553,0.37,0.357,0.306,2.502,8.302,13.602
2019-09-26 03:00:00,1.702,81.96336,0.12497866,0.37,0.357,0.306,3.802,8.152,13.602
2019-09-26 04:00:00,5.152,60.153522,0.3521664,0.37,0.356,0.306,6.402,8.152,13.552
2019-09-26 05:00:00,7.302,47.103657,0.5421894,0.369,0.356,0.306,8.252,8.252,13.552
2019-09-26 06:00:00,8.552,39.102924,0.67956346,0.369,0.356,0.306,9.752,8.402,13.502
2019-09-26 07:00:00,9.552,34.539627,0.78140634,0.368,0.356,0.306,10.902,8.602,13.502
2019-09-26 08:00:00,10.152,32.30894,0.84115833,0.367,0.356,0.306,11.602,8.802,13.452
2019-09-26 09:00:00,10.302,31.865503,0.8551903,0.366,0.356,0.306,11.952,9.052,13.452
2019-09-26 10:00:00,10.552,30.51413,0.88680315,0.365,0.355,0.306,11.902,9.252,13.402
2019-09-26 11:00:00,10.352,30.571554,0.8743341,0.365,0.355,0.306,11.552,9.402,13.402
2019-09-26 12:00:00,9.752,33.438755,0.8052745,0.364,0.355,0.306,10.852,9.552,13.402
2019-09-26 13:00:00,8.602,38.824303,0.68498534,0.364,0.355,0.306,9.752,9.602,13.352
2019-09-26 14:00:00,7.052,46.333652,0.54074717,0.364,0.355,0.306,8.652,9.602,13.352
2019-09-26 15:00:00,5.352,53.276646,0.41870958,0.364,0.355,0.306,7.502,9.552,13.352
2019-09-26 16:00:00,4.252,57.73923,0.3507474,0.364,0.355,0.306,6.702,9.502,13.302
2019-09-26 17:00:00,3.552,59.974403,0.3162507,0.364,0.355,0.306,6.052,9.352,13.302
2019-09-26 18:00:00,3.352,59.477283,0.31569085,0.364,0.355,0.306,5.652,9.252,13.302
2019-09-26 19:00:00,3.302,59.02081,0.31812045,0.364,0.355,0.306,5.502,9.102,13.252
2019-09-26 20:00:00,3.402,56.872417,0.33716518,0.364,0.355,0.306,5.402,9.002,13.252
2019-09-26 21:00:00,3.852,53.86849,0.37225848,0.363,0.355,0.306,5.452,8.852,13.252
2019-09-26 22:00:00,4.452,50.493416,0.4166573,0.363,0.355,0.306,5.702,8.752,13.202
2019-09-26 23:00:00,4.602,49.77835,0.42713058,0.363,0.355,0.306,5.802,8.702,13.202
2019-09-27 00:00:00,4.752,51.733887,0.4148299,0.364,0.355,0.306,5.952,8.602,13.152
2019-09-27 01:00:00,4.452,59.978027,0.33685648,0.365,0.355,0.306,6.002,8.552,13.152
2019-09-27 02:00:00,3.902,76.25374,0.19231945,0.369,0.355,0.306,5.952,8.502,13.152
2019-09-27 03:00:00,3.852,87.72284,0.09908581,0.375,0.355,0.306,6.002,8.402,13.102
2019-09-27 04:00:00,4.152,89.007675,0.09060472,0.38,0.355,0.306,6.252,8.402,13.102
2019-09-27 05:00:00,4.802,86.8831,0.11314398,0.382,0.355,0.306,6.652,8.352,13.052
2019-09-27 06:00:00,5.852,83.09244,0.15687233,0.382,0.355,0.306,7.402,8.402,13.052
2019-09-27 07:00:00,6.802,73.27765,0.26470214,0.382,0.355,0.306,7.702,8.402,13.002
2019-09-27 08:00:00,7.902,65.5924,0.36742723,0.382,0.355,0.306,8.752,8.502,13.002
2019-09-27 09:00:00,8.802,57.64699,0.48071492,0.382,0.355,0.306,9.402,8.602,13.002
2019-09-27 10:00:00,9.202,51.634613,0.56395817,0.381,0.355,0.306,9.602,8.702,12.952
2019-09-27 11:00:00,9.652,45.057972,0.66030204,0.381,0.355,0.306,9.952,8.852,12.952
2019-09-27 12:00:00,9.302,45.12208,0.64420617,0.38,0.355,0.306,9.602,8.952,12.952
2019-09-27 13:00:00,8.102,47.68615,0.5662658,0.38,0.355,0.306,8.752,9.002,12.902
2019-09-27 14:00:00,6.752,50.57648,0.4878655,0.38,0.355,0.306,7.902,9.002,12.902
2019-09-27 15:00:00,5.702,54.373394,0.41893214,0.38,0.355,0.306,7.202,8.952,12.902
2019-09-27 16:00:00,4.952,58.13614,0.36487544,0.38,0.355,0.306,6.652,8.902,12.852
2019-09-27 17:00:00,4.402,60.860683,0.32827818,0.38,0.355,0.306,6.202,8.802,12.852
2019-09-27 18:00:00,3.9520001,62.81083,0.30223465,0.379,0.355,0.306,5.802,8.702,12.852
2019-09-27 19:00:00,2.902,66.64307,0.25173604,0.379,0.355,0.306,5.252,8.602,12.802
2019-09-27 20:00:00,2.302,70.060425,0.21652162,0.379,0.355,0.306,4.852,8.502,12.802
2019-09-27 21:00:00,1.602,73.922676,0.17939657,0.379,0.355,0.306,4.402,8.352,12.752
2019-09-27 22:00:00,1.052,77.18272,0.1508947,0.379,0.355,0.306,4.002,8.202,12.752
2019-09-27 23:00:00,0.652,79.73285,0.13022304,0.379,0.355,0.306,3.602,8.002,12.752
2019-09-28 00:00:00,0.252,81.76758,0.11381024,0.379,0.355,0.306,3.252,7.852,12.702
2019-09-28 01:00:00,0.0020000003,82.95425,0.10449195,0.379,0.355,0.306,3.002,7.652,12.702
2019-09-28 02:00:00,0.302,81.17122,0.117958784,0.379,0.355,0.306,2.9520001,7.502,12.652
2019-09-28 03:00:00,2.652,70.13216,0.22144705,0.378,0.355,0.306,4.052,7.402,12.652
2019-09-28 04:00:00,4.302,62.431847,0.31290406,0.378,0.355,0.306,5.252,7.352,12.602
2019-09-28 05:00:00,6.002,56.92173,0.40383357,0.378,0.355,0.306,6.652,7.402,12.602
2019-09-28 06:00:00,7.402,52.085644,0.49450392,0.377,0.355,0.306,7.952,7.502,12.602
2019-09-28 07:00:00,8.752,45.801014,0.61307794,0.376,0.355,0.306,9.252,7.652,12.552
2019-09-28 08:00:00,9.652,42.79067,0.6875453,0.375,0.355,0.306,10.152,7.852,12.552
2019-09-28 09:00:00,10.252,40.054333,0.7499387,0.375,0.355,0.306,10.602,8.052,12.502
2019-09-28 10:00:00,10.452,39.670284,0.7648791,0.374,0.354,0.306,10.552,8.252,12.502
2019-09-28 11:00:00,10.302,41.27351,0.73714584,0.373,0.354,0.306,10.352,8.452,12.502
2019-09-28 12:00:00,9.902,43.50128,0.69047844,0.373,0.354,0.306,9.902,8.552,12.452
2019-09-28 13:00:00,9.002,46.21307,0.61877215,0.373,0.354,0.306,9.202,8.652,12.452
2019-09-28 14:00:00,8.252,49.157745,0.5559723,0.373,0.354,0.306,8.602,8.702,12.452
2019-09-28 15:00:00,7.952,49.61839,0.5398233,0.373,0.354,0.306,8.152,8.752,12.402
2019-09-28 16:00:00,7.852,50.14145,0.53059804,0.372,0.354,0.306,7.952,8.752,12.402
2019-09-28 17:00:00,7.452,54.047607,0.47588098,0.372,0.354,0.306,7.802,8.752,12.402
2019-09-28 18:00:00,6.552,65.05394,0.3402661,0.373,0.354,0.306,7.552,8.752,12.352
2019-09-28 19:00:00,5.402,79.8535,0.1811865,0.376,0.354,0.306,7.202,8.702,12.352
2019-09-28 20:00:00,4.902,86.279564,0.11917782,0.378,0.354,0.306,6.852,8.652,12.352
2019-09-28 21:00:00,4.402,90.299126,0.08137232,0.382,0.354,0.306,6.552,8.602,12.352
2019-09-28 22:00:00,3.9520001,89.62612,0.08431554,0.383,0.354,0.306,6.202,8.552,12.302
2019-09-28 23:00:00,3.302,91.5134,0.06589049,0.384,0.354,0.306,5.902,8.452,12.302
2019-09-29 00:00:00,2.852,89.537865,0.07868326,0.385,0.354,0.306,5.602,8.402,12.302
2019-09-29 01:00:00,2.152,90.78082,0.06597,0.386,0.354,0.306,5.252,8.302,12.252
2019-09-29 02:00:00,1.852,90.105865,0.0692997,0.386,0.354,0.306,5.002,8.152,12.252
2019-09-29 03:00:00,2.002,87.865746,0.08590454,0.386,0.355,0.306,5.002,8.052,12.252
2019-09-29 04:00:00,2.802,84.521484,0.11599672,0.387,0.355,0.306,5.452,8.002,12.202
2019-09-29 05:00:00,3.502,78.14658,0.1720767,0.387,0.355,0.306,6.052,7.952,12.202
2019-09-29 06:00:00,4.302,68.94137,0.25869447,0.387,0.355,0.306,6.952,7.952,12.202
2019-09-29 07:00:00,5.252,56.724815,0.3851316,0.387,0.354,0.306,7.902,8.002,12.152
2019-09-29 08:00:00,5.902,48.668472,0.4778647,0.386,0.354,0.306,8.652,8.102,12.152
2019-09-29 09:00:00,6.402,42.464867,0.55439496,0.385,0.354,0.306,8.952,8.202,12.152
2019-09-29 10:00:00,6.352,41.49288,0.56181675,0.385,0.354,0.306,8.902,8.302,12.102
2019-09-29 11:00:00,6.052,42.36016,0.54215413,0.384,0.354,0.306,8.652,8.402,12.102
2019-09-29 12:00:00,5.352,45.662125,0.48691717,0.384,0.354,0.306,7.952,8.402,12.102
2019-09-29 13:00:00,4.252,50.627712,0.40974697,0.383,0.354,0.306,7.052,8.402,12.052
2019-09-29 14:00:00,3.152,55.535015,0.3415296,0.383,0.354,0.306,6.102,8.352,12.052
2019-09-29 15:00:00,2.302,59.882755,0.2901038,0.383,0.354,0.306,5.352,8.252,12.052
2019-09-29 16:00:00,1.552,63.89425,0.24747935,0.383,0.354,0.306,4.702,8.102,12.002
2019-09-29 17:00:00,0.802,68.45286,0.2048896,0.383,0.354,0.306,4.152,7.952,12.002
2019-09-29 18:00:00,0.202,72.02353,0.17399025,0.383,0.354,0.306,3.602,7.802,12.002
2019-09-29 19:00:00,-0.448,74.097206,0.15366277,0.382,0.354,0.306,3.152,7.652,11.952
2019-09-29 20:00:00,-0.898,76.569046,0.134509,0.382,0.354,0.306,2.7020001,7.452,11.952
2019-09-29 21:00:00,-1.398,79.42374,0.11387268,0.382,0.354,0.306,2.302,7.252,11.952
2019-09-29 22:00:00,-1.8479999,82.094505,0.09586617,0.382,0.354,0.306,1.9020001,7.052,11.902
2019-09-29 23:00:00,-2.248,83.602615,0.08523697,0.382,0.354,0.306,1.5020001,6.852,11.902
2019-09-30 00:00:00,-2.5479999,84.83648,0.077091366,0.382,0.354,0.306,1.1520001,6.602,11.852
2019-09-30 01:00:00,-2.748,85.45618,0.07285142,0.382,0.354,0.306,1.002,6.402,11.852
2019-09-30 02:00:00,-2.498,85.806786,0.072427005,0.382,0.354,0.306,0.95199996,6.202,11.852
2019-09-30 03:00:00,-0.598,79.24825,0.12177122,0.382,0.354,0.306,1.352,6.052,11.802
2019-09-30 04:00:00,1.4020001,71.45543,0.19357082,0.381,0.354,0.306,2.752,5.952,11.802
2019-09-30 05:00:00,3.152,64.990814,0.26892042,0.381,0.354,0.306,4.502,5.952,11.752
2019-09-30 06:00:00,4.602,53.06982,0.39914793,0.381,0.354,0.306,6.152,6.052,11.752
2019-09-30 07:00:00,5.402,44.47845,0.4992492,0.38,0.354,0.306,6.752,6.202,11.702
2019-09-30 08:00:00,5.902,41.357635,0.54588836,0.38,0.354,0.306,7.252,6.302,11.702
2019-09-30 09:00:00,6.002,40.60459,0.55672985,0.379,0.354,0.306,7.252,6.452,11.652
2019-09-30 10:00:00,6.102,40.479717,0.5617672,0.379,0.354,0.306,7.252,6.552,11.652
2019-09-30 11:00:00,6.152,40.961414,0.5591506,0.378,0.354,0.306,7.152,6.652,11.652
2019-09-30 12:00:00,6.152,41.749744,0.5516888,0.378,0.354,0.306,6.952,6.752,11.602
2019-09-30 13:00:00,5.452,45.8651,0.48847988,0.378,0.354,0.306,6.402,6.802,11.602
2019-09-30 14:00:00,4.552,49.764046,0.4257612,0.377,0.354,0.306,5.802,6.802,11.552
2019-09-30 15:00:00,3.602,53.19325,0.37111518,0.377,0.354,0.306,5.152,6.802,11.552
2019-09-30 16:00:00,3.102,54.895367,0.3452172,0.377,0.354,0.306,4.702,6.752,11.552
2019-09-30 17:00:00,2.602,56.445927,0.32174158,0.377,0.354,0.306,4.302,6.702,11.502
2019-09-30 18:00:00,2.2020001,58.29469,0.2994416,0.377,0.354,0.306,4.002,6.652,11.502
2019-09-30 19:00:00,1.852,60.679146,0.27535966,0.377,0.354,0.306,3.752,6.552,11.502
2019-09-30 20:00:00,1.9020001,60.462875,0.27786508,0.377,0.354,0.306,3.7020001,6.502,11.452
2019-09-30 21:00:00,2.002,60.260094,0.2812922,0.377,0.354,0.306,3.7020001,6.402,11.452
2019-09-30 22:00:00,2.102,60.058254,0.2847458,0.376,0.354,0.306,3.7020001,6.352,11.402
2019-09-30 23:00:00,2.152,60.297985,0.28404877,0.376,0.354,0.306,3.752,6.302,11.402
2019-10-01 00:00:00,2.052,61.651752,0.2724158,0.376,0.354,0.306,3.7020001,6.252,11.402
2019-10-01 01:00:00,2.002,63.28401,0.2598948,0.376,0.354,0.306,3.652,6.202,11.352
2019-10-01 02:00:00,2.002,66.690636,0.23578733,0.376,0.354,0.306,3.602,6.152,11.352
2019-10-01 03:00:00,3.052,61.897415,0.29061234,0.376,0.354,0.306,4.252,6.102,11.302
2019-10-01 04:00:00,4.302,58.837242,0.34283602,0.376,0.354,0.306,5.152,6.152,11.302
2019-10-01 05:00:00,5.752,55.19924,0.41277802,0.375,0.354,0.306,6.402,6.202,11.302
2019-10-01 06:00:00,7.102,51.811066,0.48723698,0.375,0.354,0.306,7.752,6.352,11.252
2019-10-01 07:00:00,8.602,48.89658,0.5722361,0.374,0.354,0.306,9.352,6.602,11.252
2019-10-01 08:00:00,9.302,43.808693,0.6596205,0.373,0.354,0.306,10.452,6.852,11.202
2019-10-01 09:00:00,9.602,42.77593,0.6854191,0.373,0.353,0.306,10.902,7.102,11.202
2019-10-01 10:00:00,9.652,42.005814,0.6969755,0.372,0.353,0.306,10.852,7.352,11.202
2019-10-01 11:00:00,9.402,42.087814,0.6844034,0.371,0.353,0.306,10.252,7.552,11.202
2019-10-01 12:00:00,9.102,43.9123,0.6495985,0.371,0.353,0.306,9.602,7.752,11.152
2019-10-01 13:00:00,8.452,47.435444,0.58264804,0.371,0.353,0.306,8.702,7.852,11.152
2019-10-01 14:00:00,7.252,53.206123,0.47801602,0.371,0.353,0.306,7.802,7.852,11.152
2019-10-01 15:00:00,5.702,59.849854,0.36865884,0.371,0.353,0.306,6.852,7.852,11.152
2019-10-01 16:00:00,4.652,64.38245,0.30401367,0.371,0.353,0.306,6.052,7.802,11.102
2019-10-01 17:00:00,3.752,68.57367,0.2518415,0.371,0.353,0.306,5.402,7.752,11.102
2019-10-01 18:00:00,2.852,72.53671,0.20653194,0.371,0.353,0.306,4.752,7.652,11.102
2019-10-01 19:00:00,1.952,77.90063,0.15588844,0.371,0.353,0.306,4.152,7.502,11.102
2019-10-01 20:00:00,1.2520001,80.708046,0.12943166,0.37,0.353,0.306,3.552,7.352,11.052
2019-10-01 21:00:00,0.602,82.72549,0.1105963,0.37,0.353,0.306,3.052,7.202,11.052
2019-10-01 22:00:00,0.15200001,83.89867,0.09978312,0.37,0.353,0.306,2.652,7.052,11.052
2019-10-01 23:00:00,-0.048,83.25564,0.10227263,0.37,0.353,0.306,2.302,6.852,11.052
2019-10-02 00:00:00,-0.098000005,82.94142,0.10381389,0.37,0.353,0.306,2.052,6.652,11.002
2019-10-02 01:00:00,-0.098000005,82.32863,0.10754269,0.37,0.353,0.306,1.852,6.502,11.002
2019-10-02 02:00:00,0.052,81.74033,0.11233938,0.37,0.353,0.306,1.802,6.302,11.002
2019-10-02 03:00:00,1.852,75.34668,0.17266327,0.37,0.353,0.306,2.652,6.202,10.952
2019-10-02 04:00:00,5.052,59.68647,0.35382217,0.37,0.353,0.306,4.602,6.202,10.952
2019-10-02 05:00:00,7.402,50.385612,0.5120454,0.369,0.353,0.306,6.452,6.252,10.902
2019-10-02 06:00:00,9.252,43.63224,0.6594691,0.369,0.353,0.306,8.202,6.452,10.902
2019-10-02 07:00:00,10.552,37.687706,0.79528964,0.368,0.353,0.306,9.602,6.652,10.902
2019-10-02 08:00:00,11.252,35.178993,0.86667013,0.367,0.353,0.306,10.552,6.902,10.902
2019-10-02 09:00:00,11.652,34.26051,0.90250623,0.366,0.352,0.306,11.102,7.202,10.852
2019-10-02 10:00:00,11.752,33.908173,0.91334987,0.366,0.352,0.306,11.252,7.452,10.852
2019-10-02 11:00:00,11.502,34.731247,0.8872104,0.365,0.352,0.306,10.902,7.652,10.852
2019-10-02 12:00:00,10.402,41.303093,0.7417059,0.365,0.352,0.306,10.102,7.852,10.852
2019-10-02 13:00:00,8.852,45.99957,0.6149721,0.365,0.352,0.306,8.802,7.902,10.852
2019-10-02 14:00:00,7.002,52.553474,0.47645694,0.364,0.352,0.306,7.602,7.952,10.802
2019-10-02 15:00:00,5.302,59.310703,0.36338383,0.364,0.352,0.306,6.602,7.902,10.802
2019-10-02 16:00:00,4.052,64.71858,0.28875434,0.364,0.352,0.306,5.752,7.852,10.802
2019-10-02 17:00:00,3.102,68.43551,0.24160922,0.364,0.352,0.306,5.002,7.752,10.802
2019-10-02 18:00:00,2.4520001,70.611595,0.21481764,0.364,0.352,0.306,4.402,7.652,10.802
2019-10-02 19:00:00,1.852,72.61306,0.19180536,0.364,0.352,0.306,3.902,7.502,10.752
2019-10-02 20:00:00,1.352,74.42668,0.17280394,0.364,0.352,0.306,3.502,7.352,10.752
2019-10-02 21:00:00,0.802,76.85574,0.15032494,0.364,0.352,0.306,3.052,7.152,10.752
2019-10-02 22:00:00,0.302,79.09112,0.13098842,0.364,0.352,0.306,2.602,7.002,10.752
2019-10-02 23:00:00,-0.148,80.807076,0.11637753,0.364,0.352,0.306,2.2020001,6.802,10.702
2019-10-03 00:00:00,-0.698,83.1733,0.09802386,0.364,0.352,0.306,1.802,6.602,10.702
2019-10-03 01:00:00,-1.2479999,84.986916,0.08400887,0.364,0.352,0.306,1.452,6.402,10.702
2019-10-03 02:00:00,-1.3479999,86.25311,0.076361775,0.364,0.352,0.306,1.302,6.202,10.652
2019-10-03 03:00:00,0.802,84.28657,0.102065384,0.364,0.352,0.306,2.2020001,6.102,10.652
2019-10-03 04:00:00,4.752,67.05128,0.28320765,0.364,0.352,0.306,4.502,6.052,10.652
2019-10-03 05:00:00,7.752,56.754955,0.4571036,0.363,0.352,0.306,6.652,6.152,10.602
2019-10-03 06:00:00,10.152,47.74759,0.6493563,0.363,0.352,0.306,8.752,6.352,10.602
2019-10-03 07:00:00,12.202,37.07027,0.8958164,0.362,0.352,0.306,10.402,6.602,10.602
2019-10-03 08:00:00,13.052,34.547974,0.98506653,0.361,0.351,0.306,11.552,6.952,10.602
2019-10-03 09:00:00,13.502,33.673183,1.0279387,0.361,0.351,0.306,12.152,7.252,10.552
2019-10-03 10:00:00,13.552,33.563797,1.0329876,0.36,0.351,0.306,12.202,7.552,10.552
2019-10-03 11:00:00,13.152,35.74323,0.97341144,0.359,0.351,0.306,11.802,7.802,10.552
2019-10-03 12:00:00,12.052,42.09446,0.8162102,0.359,0.351,0.306,10.902,8.002,10.552
2019-10-03 13:00:00,10.202,47.935867,0.6491811,0.359,0.351,0.306,9.602,8.102,10.552
2019-10-03 14:00:00,8.052,56.01405,0.47451973,0.359,0.351,0.306,8.252,8.152,10.552
2019-10-03 15:00:00,6.252,62.898056,0.35387015,0.359,0.351,0.306,7.102,8.152,10.502
2019-10-03 16:00:00,5.002,68.090355,0.27909982,0.359,0.351,0.306,6.252,8.052,10.502
2019-10-03 17:00:00,4.302,70.98236,0.2416966,0.359,0.351,0.306,5.652,8.002,10.502
2019-10-03 18:00:00,4.202,71.22147,0.23803115,0.359,0.351,0.306,5.402,7.902,10.502
2019-10-03 19:00:00,4.502,68.48172,0.26622325,0.359,0.351,0.306,5.302,7.802,10.502
2019-10-03 20:00:00,4.102,69.40525,0.25128293,0.359,0.351,0.306,5.052,7.702,10.502
2019-10-03 21:00:00,3.502,71.0828,0.22769153,0.359,0.351,0.306,4.652,7.602,10.502
2019-10-03 22:00:00,2.602,74.652054,0.18727386,0.359,0.351,0.306,4.152,7.452,10.452
2019-10-03 23:00:00,2.002,76.49076,0.16642547,0.358,0.351,0.306,3.7020001,7.302,10.452
2019-10-04 00:00:00,1.6520001,77.28141,0.15685427,0.358,0.351,0.306,3.402,7.152,10.452
2019-10-04 01:00:00,1.602,76.705605,0.16025448,0.358,0.351,0.306,3.252,7.002,10.452
2019-10-04 02:00:00,1.702,76.4401,0.16324544,0.358,0.351,0.306,3.2020001,6.852,10.452
2019-10-04 03:00:00,3.402,71.585724,0.22215939,0.358,0.351,0.306,3.9520001,6.802,10.402
2019-10-04 04:00:00,6.752,55.670517,0.4375922,0.358,0.351,0.306,5.802,6.802,10.402
2019-10-04 05:00:00,9.402,45.98954,0.6383027,0.358,0.351,0.306,7.652,6.902,10.402
2019-10-04 06:00:00,11.702,39.167797,0.83791083,0.357,0.351,0.306,9.452,7.052,10.402
2019-10-04 07:00:00,13.802,33.761654,1.0467746,0.356,0.35,0.306,11.002,7.302,10.352
2019-10-04 08:00:00,14.952,31.458418,1.1667099,0.356,0.35,0.306,12.152,7.602,10.352
2019-10-04 09:00:00,15.452,31.143742,1.2102909,0.355,0.35,0.306,12.752,7.902,10.352
2019-10-04 10:00:00,15.652,31.662516,1.2166474,0.354,0.35,0.306,13.002,8.202,10.352
2019-10-04 11:00:00,15.202,35.054203,1.1233988,0.354,0.35,0.306,12.752,8.452,10.352
2019-10-04 12:00:00,13.752,41.08583,0.92801017,0.353,0.35,0.306,11.952,8.652,10.352
2019-10-04 13:00:00,12.002,46.401287,0.75302076,0.353,0.35,0.306,10.752,8.752,10.352
2019-10-04 14:00:00,10.502,51.805073,0.6130825,0.353,0.35,0.306,9.752,8.852,10.352
2019-10-04 15:00:00,9.152,57.736565,0.49115402,0.353,0.35,0.306,8.952,8.852,10.352
2019-10-04 16:00:00,7.852,64.18867,0.38111848,0.353,0.35,0.306,8.152,8.852,10.352
2019-10-04 17:00:00,6.902,68.98443,0.3093431,0.353,0.35,0.306,7.452,8.802,10.352
2019-10-04 18:00:00,6.352,71.385704,0.27480853,0.353,0.35,0.306,6.802,8.752,10.352
2019-10-04 19:00:00,6.302,69.356636,0.29328275,0.353,0.35,0.306,6.202,8.652,10.352
2019-10-04 20:00:00,6.102,69.816,0.2849295,0.353,0.35,0.306,5.752,8.502,10.302
2019-10-04 21:00:00,5.652,71.505806,0.26073867,0.353,0.35,0.306,5.402,8.402,10.302
2019-10-04 22:00:00,4.952,74.26155,0.22434437,0.353,0.35,0.306,5.052,8.252,10.302
2019-10-04 23:00:00,4.402,76.3379,0.19847679,0.353,0.35,0.306,4.752,8.102,10.302
2019-10-05 00:00:00,3.852,78.484665,0.1736412,0.353,0.349,0.306,4.502,7.952,10.302
2019-10-05 01:00:00,3.252,80.69756,0.14933306,0.353,0.349,0.306,4.302,7.802,10.302
2019-10-05 02:00:00,2.902,83.01962,0.1281563,0.353,0.349,0.306,4.152,7.652,10.302
2019-10-05 03:00:00,4.652,79.743904,0.17290425,0.353,0.349,0.306,5.002,7.552,10.302
2019-10-05 04:00:00,8.802,59.115685,0.46404546,0.353,0.349,0.306,7.102,7.602,10.252
2019-10-05 05:00:00,12.002,47.413383,0.7388009,0.352,0.349,0.306,9.302,7.702,10.252
2019-10-05 06:00:00,14.402,39.962788,0.9863511,0.352,0.349,0.306,11.202,7.902,10.252
2019-10-05 07:00:00,16.352,34.138462,1.2260942,0.351,0.349,0.306,12.852,8.202,10.252
2019-10-05 08:00:00,17.302,32.258274,1.3393488,0.35,0.349,0.306,14.052,8.502,10.252
2019-10-05 09:00:00,17.752,31.925745,1.3846393,0.349,0.348,0.306,14.702,8.852,10.252
2019-10-05 10:00:00,17.702,32.490875,1.3688277,0.349,0.348,0.306,14.852,9.152,10.252
2019-10-05 11:00:00,17.302,34.4155,1.2966845,0.348,0.348,0.306,14.452,9.452,10.252
2019-10-05 12:00:00,16.152,44.205387,1.0254979,0.348,0.348,0.306,13.502,9.652,10.252
2019-10-05 13:00:00,15.202,40.629517,1.0269433,0.348,0.348,0.306,11.852,9.752,10.252
2019-10-05 14:00:00,14.202,43.027267,0.9239764,0.348,0.348,0.306,10.202,9.802,10.252
2019-10-05 15:00:00,13.352,45.307182,0.8393932,0.348,0.348,0.306,9.002,9.752,10.252
2019-10-05 16:00:00,12.352,48.370167,0.7422368,0.348,0.348,0.306,8.102,9.702,10.252
2019-10-05 17:00:00,9.452,59.278164,0.48288333,0.348,0.348,0.306,7.452,9.602,10.252
2019-10-05 18:00:00,7.402,68.35258,0.32663095,0.348,0.348,0.306,6.902,9.452,10.252
2019-10-05 19:00:00,6.602,70.67233,0.28654617,0.348,0.348,0.306,6.452,9.352,10.252
2019-10-05 20:00:00,5.602,75.99298,0.21892029,0.348,0.348,0.306,6.052,9.202,10.252
2019-10-05 21:00:00,4.902,80.06625,0.17314631,0.348,0.348,0.306,5.652,9.002,10.252
2019-10-05 22:00:00,4.302,83.19513,0.13997728,0.348,0.348,0.306,5.352,8.852,10.252
2019-10-05 23:00:00,3.752,85.545715,0.115838885,0.348,0.348,0.306,5.052,8.702,10.252
2019-10-06 00:00:00,3.402,86.43301,0.106079996,0.348,0.348,0.306,4.802,8.502,10.252
2019-10-06 01:00:00,3.102,87.338394,0.0969249,0.348,0.348,0.306,4.552,8.352,10.252
2019-10-06 02:00:00,3.102,87.338394,0.0969249,0.348,0.348,0.306,4.452,8.202,10.252
2019-10-06 03:00:00,5.002,83.2819,0.14623064,0.348,0.348,0.306,5.202,8.052,10.252
2019-10-06 04:00:00,9.552,66.42429,0.40082252,0.348,0.348,0.306,7.302,8.052,10.252
2019-10-06 05:00:00,13.302,52.01327,0.7340618,0.348,0.348,0.306,9.902,8.202,10.252
2019-10-06 06:00:00,15.902,43.824448,1.0161775,0.347,0.348,0.306,11.952,8.402,10.252
2019-10-06 07:00:00,18.202,36.185474,1.3351614,0.346,0.347,0.306,13.752,8.702,10.202
2019-10-06 08:00:00,19.052,34.311478,1.4493432,0.345,0.347,0.306,14.952,9.002,10.202
2019-10-06 09:00:00,19.452,33.58613,1.5022529,0.345,0.347,0.306,15.602,9.352,10.252
2019-10-06 10:00:00,19.452,33.467487,1.5049379,0.344,0.347,0.306,15.702,9.702,10.252
2019-10-06 11:00:00,18.852,35.991547,1.3947642,0.344,0.347,0.306,15.302,9.952,10.252
2019-10-06 12:00:00,16.952,41.86635,1.1241745,0.343,0.347,0.306,14.252,10.202,10.252
2019-10-06 13:00:00,14.252,49.943367,0.8144181,0.343,0.347,0.306,12.852,10.302,10.252
2019-10-06 14:00:00,12.402,56.740276,0.62393594,0.343,0.347,0.306,11.702,10.402,10.252
2019-10-06 15:00:00,11.152,62.269123,0.50114,0.343,0.347,0.306,10.802,10.402,10.252
2019-10-06 16:00:00,10.152,66.788155,0.41272724,0.343,0.347,0.306,10.102,10.402,10.252
2019-10-06 17:00:00,9.352,69.486374,0.35940576,0.343,0.347,0.306,9.452,10.352,10.252
2019-10-06 18:00:00,8.602,70.56704,0.32958394,0.343,0.347,0.306,8.902,10.252,10.252
2019-10-06 19:00:00,8.002,67.752174,0.34671283,0.343,0.347,0.306,8.402,10.202,10.252
2019-10-06 20:00:00,7.402,65.71575,0.35384494,0.343,0.346,0.306,7.952,10.052,10.252
2019-10-06 21:00:00,6.852,63.727306,0.36053538,0.343,0.346,0.306,7.552,9.952,10.302
2019-10-06 22:00:00,6.352,63.61064,0.34947425,0.343,0.346,0.306,7.202,9.802,10.302
2019-10-06 23:00:00,5.952,64.68214,0.32995218,0.343,0.346,0.306,6.852,9.702,10.302
2019-10-07 00:00:00,5.702,66.77249,0.30510265,0.343,0.346,0.306,6.552,9.552,10.302
2019-10-07 01:00:00,5.602,69.714035,0.27617502,0.343,0.346,0.306,6.352,9.402,10.302
2019-10-07 02:00:00,5.652,72.802925,0.24886996,0.343,0.346,0.306,6.202,9.252,10.302
2019-10-07 03:00:00,7.252,69.30364,0.3135847,0.343,0.346,0.306,6.802,9.152,10.302
2019-10-07 04:00:00,10.352,60.350506,0.4993558,0.342,0.346,0.306,8.302,9.102,10.302
2019-10-07 05:00:00,13.552,51.353676,0.7563575,0.342,0.346,0.306,10.352,9.202,10.302
2019-10-07 06:00:00,16.152,44.830048,1.0140127,0.342,0.346,0.306,12.302,9.352,10.302
2019-10-07 07:00:00,18.152,39.087738,1.2704222,0.341,0.346,0.306,13.902,9.602,10.302
2019-10-07 08:00:00,19.252,37.26524,1.4014676,0.34,0.346,0.306,15.102,9.902,10.302
2019-10-07 09:00:00,19.852,37.048912,1.4596196,0.339,0.345,0.306,15.802,10.202,10.302
2019-10-07 10:00:00,19.852,38.2283,1.4322566,0.339,0.345,0.306,16.052,10.452,10.302
2019-10-07 11:00:00,19.202,41.20868,1.3092468,0.338,0.345,0.306,15.752,10.702,10.302
2019-10-07 12:00:00,17.352,47.08669,1.0493722,0.338,0.345,0.306,14.852,10.902,10.302
2019-10-07 13:00:00,15.202,54.560345,0.78591764,0.338,0.345,0.306,13.652,11.052,10.302
2019-10-07 14:00:00,13.852,59.735485,0.6383204,0.338,0.345,0.306,12.702,11.102,10.302
2019-10-07 15:00:00,12.902,63.330616,0.546463,0.338,0.345,0.306,12.002,11.152,10.352
2019-10-07 16:00:00,12.202,65.849045,0.4861166,0.338,0.345,0.306,11.452,11.152,10.352
2019-10-07 17:00:00,11.552,68.49483,0.429658,0.338,0.345,0.306,10.952,11.152,10.352
2019-10-07 18:00:00,10.952,71.02621,0.3797477,0.337,0.345,0.306,10.502,11.102,10.352
2019-10-07 19:00:00,10.652,71.21438,0.36983734,0.337,0.345,0.306,10.152,11.052,10.352
2019-10-07 20:00:00,10.052,74.37992,0.31625646,0.337,0.345,0.306,9.802,10.952,10.352
2019-10-07 21:00:00,9.452,77.43239,0.26759952,0.337,0.345,0.306,9.452,10.902,10.352
2019-10-07 22:00:00,8.852,80.90508,0.2174573,0.337,0.345,0.306,9.052,10.802,10.402
2019-10-07 23:00:00,8.302,84.26349,0.17266673,0.337,0.345,0.306,8.702,10.652,10.402
2019-10-08 00:00:00,7.852,86.579,0.14282835,0.337,0.345,0.306,8.402,10.552,10.402
2019-10-08 01:00:00,7.602,87.45844,0.13121623,0.337,0.345,0.306,8.152,10.452,10.402
2019-10-08 02:00:00,7.552,88.061554,0.12448102,0.337,0.345,0.306,8.002,10.302,10.402
2019-10-08 03:00:00,8.702,82.86718,0.19314533,0.337,0.345,0.306,8.402,10.202,10.402
2019-10-08 04:00:00,11.452,70.63448,0.39783794,0.337,0.345,0.306,9.802,10.202,10.402
2019-10-08 05:00:00,14.352,59.039368,0.6707111,0.337,0.345,0.306,11.652,10.302,10.402
2019-10-08 06:00:00,16.902,50.31917,0.95761734,0.336,0.345,0.306,13.452,10.452,10.402
2019-10-08 07:00:00,19.252,38.995785,1.3627858,0.336,0.344,0.306,15.102,10.652,10.402
2019-10-08 08:00:00,20.702,35.153553,1.5845197,0.335,0.344,0.306,16.302,10.952,10.452
2019-10-08 09:00:00,21.452,33.22158,1.7085266,0.334,0.344,0.306,17.052,11.252,10.452
2019-10-08 10:00:00,21.552,33.018852,1.7242198,0.333,0.344,0.306,17.252,11.502,10.452
2019-10-08 11:00:00,20.802,35.551884,1.5844862,0.333,0.343,0.306,16.902,11.752,10.452
2019-10-08 12:00:00,18.752,41.36606,1.2696469,0.333,0.343,0.306,15.902,11.952,10.452
2019-10-08 13:00:00,16.352,49.652046,0.9372049,0.333,0.343,0.306,14.602,12.052,10.452
2019-10-08 14:00:00,14.902,56.395546,0.73977476,0.333,0.343,0.306,13.652,12.102,10.502
2019-10-08 15:00:00,13.852,61.404,0.6118628,0.333,0.343,0.306,12.852,12.152,10.502
2019-10-08 16:00:00,13.102,64.69842,0.532988,0.332,0.343,0.306,12.252,12.102,10.502
2019-10-08 17:00:00,12.502,67.05849,0.47821844,0.332,0.343,0.306,11.802,12.052,10.502
2019-10-08 18:00:00,11.952,69.52743,0.4266777,0.332,0.343,0.306,11.352,12.002,10.552
2019-10-08 19:00:00,11.602,68.74205,0.42769533,0.332,0.343,0.306,11.002,11.952,10.552
2019-10-08 20:00:00,11.102,71.54723,0.3766455,0.332,0.343,0.306,10.652,11.852,10.552
2019-10-08 21:00:00,10.702,73.72756,0.3386687,0.332,0.343,0.306,10.352,11.752,10.552
2019-10-08 22:00:00,10.352,75.20713,0.3122341,0.332,0.343,0.306,10.102,11.652,10.552
2019-10-08 23:00:00,10.002,76.98638,0.28313178,0.332,0.343,0.306,9.852,11.552,10.552
2019-10-09 00:00:00,9.602,78.805336,0.25386083,0.332,0.343,0.306,9.602,11.452,10.602
2019-10-09 01:00:00,9.052,81.49334,0.21361858,0.332,0.343,0.306,9.302,11.352,10.602
2019-10-09 02:00:00,8.652,83.43545,0.186109,0.332,0.343,0.306,9.002,11.202,10.602
2019-10-09 03:00:00,9.552,79.070274,0.24984789,0.332,0.343,0.306,9.352,11.102,10.602
2019-10-09 04:00:00,12.352,66.5666,0.4806103,0.332,0.343,0.306,10.652,11.102,10.602
2019-10-09 05:00:00,15.252,54.761883,0.7849436,0.332,0.343,0.306,12.552,11.152,10.602
2019-10-09 06:00:00,17.602,46.67077,1.074419,0.331,0.343,0.306,14.302,11.302,10.602
2019-10-09 07:00:00,19.852,37.83153,1.441462,0.331,0.343,0.306,15.852,11.502,10.652
2019-10-09 08:00:00,21.102,33.942215,1.654259,0.33,0.342,0.305,17.052,11.752,10.652
2019-10-09 09:00:00,21.752,31.49585,1.7851105,0.329,0.342,0.305,17.652,12.052,10.652
2019-10-09 10:00:00,21.852,30.543993,1.8210003,0.329,0.342,0.305,17.802,12.302,10.652
2019-10-09 11:00:00,21.152,32.332375,1.699803,0.328,0.342,0.305,17.402,12.502,10.652
2019-10-09 12:00:00,19.202,36.732162,1.4089959,0.328,0.342,0.305,16.352,12.702,10.702
2019-10-09 13:00:00,16.752,43.00016,1.0883665,0.328,0.342,0.305,15.002,12.752,10.702
2019-10-09 14:00:00,14.752,48.868107,0.8591897,0.328,0.342,0.305,13.852,12.802,10.702
2019-10-09 15:00:00,13.402,52.962467,0.7242388,0.328,0.342,0.305,12.952,12.752,10.702
2019-10-09 16:00:00,12.352,55.73977,0.63627785,0.328,0.342,0.305,12.202,12.702,10.752
2019-10-09 17:00:00,11.502,57.71852,0.5747438,0.328,0.342,0.305,11.602,12.652,10.752
2019-10-09 18:00:00,10.752,59.811485,0.519804,0.328,0.342,0.305,11.052,12.502,10.752
2019-10-09 19:00:00,9.802,61.077335,0.472511,0.328,0.342,0.305,10.502,12.402,10.752
2019-10-09 20:00:00,9.102,63.11578,0.42719936,0.327,0.342,0.305,10.002,12.252,10.802
2019-10-09 21:00:00,8.452,65.48158,0.38262814,0.327,0.342,0.305,9.552,12.102,10.802
2019-10-09 22:00:00,7.952,67.26117,0.35079753,0.327,0.342,0.305,9.152,11.952,10.802
2019-10-09 23:00:00,7.502,68.86268,0.32356745,0.327,0.342,0.305,8.752,11.752,10.802
2019-10-10 00:00:00,7.152,70.2787,0.3015542,0.327,0.342,0.305,8.452,11.602,10.802
2019-10-10 01:00:00,6.802,71.9847,0.27750945,0.327,0.342,0.305,8.152,11.402,10.802
2019-10-10 02:00:00,6.752,73.00815,0.2664557,0.327,0.342,0.305,8.002,11.252,10.802
2019-10-10 03:00:00,7.902,69.19066,0.32900262,0.327,0.342,0.305,8.402,11.102,10.852
2019-10-10 04:00:00,10.902,56.7556,0.5649336,0.327,0.342,0.305,9.752,11.052,10.852
2019-10-10 05:00:00,13.852,45.937862,0.85711384,0.327,0.341,0.305,11.552,11.052,10.852
2019-10-10 06:00:00,15.802,39.658775,1.0846089,0.327,0.341,0.305,12.952,11.152,10.852
2019-10-10 07:00:00,17.352,35.55585,1.2781575,0.326,0.341,0.305,14.052,11.302,10.852
2019-10-10 08:00:00,18.102,32.723778,1.3988214,0.326,0.341,0.305,14.802,11.452,10.852
2019-10-10 09:00:00,18.502,31.121462,1.4684854,0.325,0.341,0.305,15.252,11.602,10.852
2019-10-10 10:00:00,18.452,30.662636,1.4736552,0.325,0.341,0.305,15.352,11.802,10.852
2019-10-10 11:00:00,17.652,32.59341,1.3624536,0.325,0.341,0.305,15.002,11.952,10.852
2019-10-10 12:00:00,16.452,34.415012,1.2287315,0.324,0.341,0.305,14.352,12.052,10.902
2019-10-10 13:00:00,15.052,36.43504,1.0889707,0.324,0.341,0.305,13.552,12.102,10.902
2019-10-10 14:00:00,14.202,36.983784,1.0220017,0.324,0.341,0.305,13.002,12.102,10.902
2019-10-10 15:00:00,13.402,37.69972,0.9592754,0.324,0.341,0.305,12.502,12.102,10.902
2019-10-10 16:00:00,12.702,38.891197,0.8989006,0.324,0.341,0.305,12.102,12.102,10.902
2019-10-10 17:00:00,12.102,40.30605,0.84419006,0.324,0.341,0.305,11.752,12.052,10.952
2019-10-10 18:00:00,11.502,42.55034,0.78094095,0.324,0.34,0.305,11.402,12.002,10.952
2019-10-10 19:00:00,10.952,51.742424,0.63252443,0.325,0.34,0.305,11.152,11.952,10.952
2019-10-10 20:00:00,10.402,62.092064,0.47901446,0.326,0.34,0.305,10.852,11.902,10.952
2019-10-10 21:00:00,9.902,71.31749,0.35052937,0.328,0.34,0.305,10.602,11.802,10.952
2019-10-10 22:00:00,9.302,83.22719,0.1968885,0.331,0.34,0.305,10.452,11.752,10.952
2019-10-10 23:00:00,8.952,89.7069,0.118009806,0.335,0.34,0.305,10.202,11.652,10.952
2019-10-11 00:00:00,8.902,91.55912,0.096447945,0.339,0.34,0.305,10.052,11.552,11.002
2019-10-11 01:00:00,8.852,93.12907,0.07824457,0.34,0.34,0.305,9.952,11.502,11.002
2019-10-11 02:00:00,9.102,90.33262,0.111961365,0.34,0.34,0.305,9.902,11.402,11.002
2019-10-11 03:00:00,9.652,89.15298,0.13035226,0.34,0.34,0.305,10.002,11.302,11.002
2019-10-11 04:00:00,10.852,85.1286,0.19361115,0.34,0.34,0.305,10.552,11.252,11.002
2019-10-11 05:00:00,12.202,77.59789,0.3188585,0.34,0.34,0.305,11.402,11.302,11.002
2019-10-11 06:00:00,13.302,69.79625,0.4619875,0.34,0.34,0.305,12.102,11.302,11.002
2019-10-11 07:00:00,14.302,62.145275,0.61784184,0.34,0.34,0.305,12.802,11.402,11.002
2019-10-11 08:00:00,14.602,58.898064,0.68396837,0.34,0.34,0.305,13.302,11.452,11.002
2019-10-11 09:00:00,14.652,58.10606,0.69940144,0.339,0.34,0.305,13.502,11.552,11.002
2019-10-11 10:00:00,14.352,59.24282,0.6673787,0.339,0.34,0.305,13.552,11.652,11.002
2019-10-11 11:00:00,13.552,63.04469,0.57454926,0.339,0.34,0.305,13.252,11.702,11.052
2019-10-11 12:00:00,12.352,68.18904,0.45728344,0.339,0.34,0.305,12.702,11.752,11.052
2019-10-11 13:00:00,11.002,74.03524,0.34143543,0.339,0.34,0.305,12.052,11.752,11.052
2019-10-11 14:00:00,9.902,78.308975,0.26508015,0.339,0.34,0.305,11.452,11.752,11.052
2019-10-11 15:00:00,9.102,80.93927,0.22075659,0.339,0.34,0.305,10.852,11.702,11.052
2019-10-11 16:00:00,8.802,81.1787,0.21361911,0.339,0.34,0.305,10.502,11.602,11.052
2019-10-11 17:00:00,8.552,81.70925,0.20411974,0.338,0.34,0.305,10.252,11.552,11.052
2019-10-11 18:00:00,8.252,82.23859,0.19422626,0.338,0.34,0.305,9.952,11.452,11.052
2019-10-11 19:00:00,8.102,83.6585,0.17688948,0.338,0.34,0.305,9.702,11.352,11.052
2019-10-11 20:00:00,8.002,83.646545,0.17582071,0.338,0.34,0.305,9.552,11.252,11.102
2019-10-11 21:00:00,7.902,83.055466,0.18094182,0.338,0.34,0.305,9.452,11.202,11.102
2019-10-11 22:00:00,7.752,82.46079,0.18539065,0.338,0.34,0.305,9.302,11.102,11.102
2019-10-11 23:00:00,7.502,82.42886,0.1825909,0.338,0.34,0.305,9.202,11.002,11.102
2019-10-12 00:00:00,7.252,82.97487,0.1739223,0.338,0.34,0.305,9.052,10.902,11.102
2019-10-12 01:00:00,7.102,83.246826,0.16939718,0.338,0.34,0.305,8.902,10.802,11.102
2019-10-12 02:00:00,6.952,83.52024,0.16492975,0.338,0.34,0.305,8.852,10.702,11.102
2019-10-12 03:00:00,7.052,82.37118,0.17764223,0.338,0.34,0.305,8.952,10.652,11.102
2019-10-12 04:00:00,7.352,80.41585,0.20143664,0.338,0.34,0.305,9.302,10.552,11.102
2019-10-12 05:00:00,8.052,76.4024,0.2545712,0.338,0.34,0.305,10.052,10.552,11.102
2019-10-12 06:00:00,8.952,71.8862,0.32234013,0.338,0.34,0.305,11.052,10.602,11.102
2019-10-12 07:00:00,9.852,67.66629,0.39383435,0.337,0.34,0.305,12.102,10.652,11.102
2019-10-12 08:00:00,10.602,64.13543,0.45926815,0.337,0.34,0.305,12.752,10.802,11.102
2019-10-12 09:00:00,11.302,61.00828,0.52305734,0.337,0.34,0.305,13.302,10.902,11.102
2019-10-12 10:00:00,11.452,60.405663,0.5364373,0.336,0.339,0.305,13.202,11.002,11.102
2019-10-12 11:00:00,11.352,60.381367,0.533229,0.336,0.339,0.305,12.702,11.102,11.102
2019-10-12 12:00:00,11.002,62.015816,0.49951297,0.336,0.339,0.305,11.952,11.152,11.102
2019-10-12 13:00:00,9.702,71.0307,0.34932464,0.336,0.339,0.305,10.902,11.152,11.102
2019-10-12 14:00:00,8.952,72.645645,0.3136322,0.336,0.339,0.305,9.852,11.052,11.102
2019-10-12 15:00:00,7.452,80.711945,0.19975013,0.336,0.339,0.305,9.152,10.952,11.102
2019-10-12 16:00:00,7.052,83.53232,0.16594142,0.336,0.339,0.305,8.752,10.852,11.102
2019-10-12 17:00:00,6.552,86.75098,0.12900531,0.336,0.339,0.305,8.252,10.752,11.102
2019-10-12 18:00:00,5.802,90.087006,0.0916574,0.336,0.339,0.305,7.702,10.602,11.102
2019-10-12 19:00:00,5.002,92.921455,0.0619151,0.336,0.339,0.305,7.202,10.452,11.102
2019-10-12 20:00:00,4.702,93.56088,0.055156708,0.336,0.339,0.305,6.852,10.252,11.102
2019-10-12 21:00:00,4.402,94.53964,0.045802355,0.336,0.339,0.305,6.552,10.102,11.102
2019-10-12 22:00:00,4.302,94.20276,0.04828906,0.336,0.339,0.305,6.302,9.952,11.102
2019-10-12 23:00:00,4.502,94.21185,0.048892558,0.336,0.339,0.305,6.252,9.752,11.102
2019-10-13 00:00:00,4.802,93.56591,0.055499494,0.336,0.339,0.305,6.302,9.602,11.102
2019-10-13 01:00:00,5.052,92.92422,0.06210673,0.336,0.339,0.305,6.352,9.502,11.102
2019-10-13 02:00:00,5.302,91.966,0.07175374,0.336,0.339,0.305,6.402,9.352,11.102
2019-10-13 03:00:00,6.252,87.33074,0.12083894,0.336,0.339,0.305,6.802,9.252,11.102
2019-10-13 04:00:00,8.202,77.50406,0.24516952,0.336,0.339,0.305,7.852,9.202,11.102
2019-10-13 05:00:00,9.802,70.310326,0.36041838,0.336,0.339,0.305,8.952,9.202,11.102
2019-10-13 06:00:00,11.452,63.216618,0.49834877,0.336,0.339,0.305,10.152,9.302,11.052
2019-10-13 07:00:00,12.402,62.34514,0.54308414,0.336,0.339,0.305,11.202,9.402,11.052
2019-10-13 08:00:00,13.402,58.398697,0.6405202,0.336,0.339,0.305,11.902,9.552,11.052
2019-10-13 09:00:00,13.902,56.139835,0.69759506,0.336,0.339,0.305,12.402,9.702,11.052
2019-10-13 10:00:00,14.102,55.032867,0.7245294,0.335,0.339,0.305,12.602,9.902,11.052
2019-10-13 11:00:00,13.802,55.338818,0.7057472,0.335,0.339,0.305,12.452,10.002,11.052
2019-10-13 12:00:00,12.702,58.427475,0.61149836,0.335,0.339,0.305,11.852,10.152,11.052
2019-10-13 13:00:00,11.552,61.49727,0.52510333,0.335,0.339,0.305,11.102,10.202,11.052
2019-10-13 14:00:00,10.552,63.675545,0.46361268,0.335,0.339,0.305,10.452,10.202,11.052
2019-10-13 15:00:00,10.002,64.45096,0.4373685,0.335,0.339,0.305,9.952,10.202,11.052
2019-10-13 16:00:00,9.452,65.472404,0.40942883,0.335,0.339,0.305,9.552,10.202,11.052
2019-10-13 17:00:00,9.002,67.24809,0.37678933,0.335,0.339,0.305,9.202,10.152,11.052
2019-10-13 18:00:00,8.702,69.11009,0.34824508,0.335,0.339,0.305,8.952,10.102,11.052
2019-10-13 19:00:00,8.252,72.00598,0.30612838,0.334,0.339,0.305,8.652,10.052,11.052
2019-10-13 20:00:00,8.052,73.76552,0.28301877,0.334,0.339,0.305,8.502,10.002,11.052
2019-10-13 21:00:00,8.052,74.28636,0.27739984,0.335,0.339,0.305,8.402,9.952,11.052
2019-10-13 22:00:00,7.902,76.37762,0.25225395,0.336,0.339,0.305,8.352,9.852,11.052
2019-10-13 23:00:00,7.652,79.89734,0.21104515,0.337,0.339,0.305,8.202,9.802,11.052
2019-10-14 00:00:00,7.702,80.74663,0.2028184,0.337,0.339,0.305,8.152,9.752,11.052
2019-10-14 01:00:00,7.552,82.14814,0.18614167,0.337,0.339,0.305,8.102,9.702,11.052
2019-10-14 02:00:00,7.552,83.30191,0.17411101,0.338,0.339,0.305,8.152,9.602,11.052
2019-10-14 03:00:00,7.552,86.84965,0.1371178,0.34,0.339,0.305,8.202,9.552,11.052
2019-10-14 04:00:00,7.852,88.39307,0.1235221,0.342,0.339,0.305,8.352,9.552,11.002
2019-10-14 05:00:00,8.402,87.23249,0.14104086,0.342,0.339,0.305,8.652,9.502,11.002
2019-10-14 06:00:00,9.402,80.980194,0.22477204,0.342,0.339,0.305,9.202,9.502,11.002
2019-10-14 07:00:00,10.252,78.09347,0.27404767,0.342,0.339,0.305,9.802,9.552,11.002
2019-10-14 08:00:00,11.402,67.28891,0.44170725,0.342,0.339,0.305,10.652,9.652,11.002
2019-10-14 09:00:00,12.152,60.364227,0.5623527,0.342,0.338,0.305,11.252,9.752,11.002
2019-10-14 10:00:00,12.152,59.11198,0.5801225,0.342,0.338,0.305,11.452,9.852,11.002
2019-10-14 11:00:00,10.902,68.83687,0.40709317,0.343,0.338,0.305,11.052,9.902,11.002
2019-10-14 12:00:00,9.552,82.4048,0.21003962,0.347,0.338,0.305,10.402,9.952,11.002
2019-10-14 13:00:00,8.802,90.92981,0.10294199,0.356,0.338,0.305,9.802,9.952,11.002
2019-10-14 14:00:00,8.652,92.17037,0.08796632,0.373,0.338,0.305,9.502,9.952,11.002
2019-10-14 15:00:00,8.252,93.73605,0.06849551,0.391,0.338,0.305,9.252,9.952,11.002
2019-10-14 16:00:00,7.752,95.33179,0.049341798,0.4,0.338,0.305,9.002,9.902,11.002
2019-10-14 17:00:00,7.602,94.99998,0.05231166,0.402,0.339,0.305,8.802,9.852,11.002
2019-10-14 18:00:00,7.652,93.38566,0.06943768,0.403,0.339,0.305,8.702,9.802,11.002
2019-10-14 19:00:00,7.502,94.022285,0.062116086,0.403,0.339,0.305,8.552,9.752,11.002
2019-10-14 20:00:00,7.352,94.01533,0.06155485,0.402,0.339,0.305,8.402,9.702,11.002
2019-10-14 21:00:00,7.202,94.3327,0.057696164,0.402,0.339,0.305,8.302,9.652,11.002
2019-10-14 22:00:00,7.102,94.653885,0.054055393,0.402,0.339,0.305,8.202,9.602,11.002
2019-10-14 23:00:00,6.802,95.297005,0.046585083,0.402,0.339,0.305,8.002,9.552,10.952
2019-10-15 00:00:00,6.252,96.271904,0.035558164,0.401,0.339,0.305,7.752,9.452,10.952
2019-10-15 01:00:00,5.802,96.25865,0.034593105,0.401,0.339,0.305,7.502,9.402,10.952
2019-10-15 02:00:00,5.352,95.243195,0.042631924,0.401,0.339,0.305,7.252,9.302,10.952
2019-10-15 03:00:00,5.302,93.59099,0.057240486,0.4,0.34,0.305,7.152,9.202,10.952
2019-10-15 04:00:00,5.802,90.087006,0.0916574,0.4,0.34,0.305,7.402,9.152,10.952
2019-10-15 05:00:00,6.652,81.743,0.17899442,0.4,0.34,0.305,7.952,9.102,10.952
2019-10-15 06:00:00,7.702,72.66827,0.28792,0.399,0.34,0.305,8.652,9.102,10.952
2019-10-15 07:00:00,8.752,64.85403,0.39756924,0.398,0.34,0.305,9.252,9.152,10.952
2019-10-15 08:00:00,9.502,58.033157,0.49932086,0.398,0.34,0.305,9.752,9.202,10.952
2019-10-15 09:00:00,10.052,53.770073,0.570689,0.397,0.34,0.305,10.052,9.302,10.952
2019-10-15 10:00:00,10.202,54.39245,0.56867665,0.396,0.34,0.305,10.052,9.352,10.902
2019-10-15 11:00:00,9.852,59.58934,0.49222082,0.396,0.34,0.305,9.902,9.402,10.902
2019-10-15 12:00:00,9.102,67.03254,0.3818332,0.396,0.34,0.305,9.552,9.402,10.902
2019-10-15 13:00:00,8.152,75.090996,0.2705497,0.397,0.34,0.305,9.002,9.402,10.902
2019-10-15 14:00:00,7.702,79.625565,0.21462822,0.398,0.34,0.305,8.602,9.402,10.902
2019-10-15 15:00:00,7.602,81.298874,0.1956631,0.399,0.34,0.305,8.302,9.352,10.902
2019-10-15 16:00:00,7.502,83.58657,0.17056024,0.404,0.34,0.305,8.152,9.352,10.902
2019-10-15 17:00:00,7.352,86.52893,0.13855809,0.407,0.34,0.305,8.002,9.302,10.902
2019-10-15 18:00:00,7.302,87.73421,0.12573075,0.411,0.341,0.305,7.902,9.252,10.902
2019-10-15 19:00:00,7.152,90.501396,0.09637171,0.417,0.341,0.305,7.852,9.202,10.902
2019-10-15 20:00:00,7.352,90.829155,0.094326675,0.425,0.341,0.305,7.902,9.152,10.902
2019-10-15 21:00:00,7.902,89.93419,0.10748571,0.431,0.341,0.305,7.952,9.102,10.902
2019-10-15 22:00:00,8.252,89.65238,0.11315185,0.438,0.342,0.305,8.102,9.102,10.852
2019-10-15 23:00:00,8.502,88.449585,0.12846172,0.446,0.342,0.305,8.202,9.052,10.852
2019-10-16 00:00:00,9.002,90.32532,0.11129379,0.445,0.343,0.305,8.352,9.052,10.852
2019-10-16 01:00:00,9.402,90.662285,0.11034703,0.445,0.343,0.305,8.552,9.052,10.852
2019-10-16 02:00:00,9.502,90.97782,0.10733616,0.447,0.344,0.305,8.702,9.052,10.852
2019-10-16 03:00:00,9.652,92.2299,0.09337449,0.449,0.344,0.305,8.852,9.102,10.852
2019-10-16 04:00:00,9.552,90.98124,0.107656,0.454,0.345,0.305,9.002,9.102,10.852
2019-10-16 05:00:00,9.152,88.808495,0.13005054,0.462,0.345,0.305,9.052,9.102,10.852
2019-10-16 06:00:00,9.252,84.66261,0.17943358,0.462,0.346,0.305,9.252,9.152,10.852
2019-10-16 07:00:00,8.902,80.6325,0.22130704,0.461,0.347,0.305,9.352,9.202,10.852
2019-10-16 08:00:00,8.352,78.6171,0.23542035,0.462,0.348,0.305,9.402,9.202,10.802
2019-10-16 09:00:00,7.702,81.31238,0.19685847,0.459,0.349,0.305,9.202,9.252,10.802
2019-10-16 10:00:00,7.502,78.763626,0.2206794,0.457,0.35,0.305,9.102,9.252,10.802
2019-10-16 11:00:00,7.352,76.28644,0.24391145,0.455,0.351,0.305,8.902,9.252,10.802
2019-10-16 12:00:00,6.702,75.63981,0.23965293,0.454,0.351,0.305,8.402,9.252,10.802
2019-10-16 13:00:00,6.102,78.550514,0.20247966,0.453,0.352,0.305,7.852,9.202,10.802
2019-10-16 14:00:00,5.252,81.26613,0.16673636,0.451,0.352,0.305,7.302,9.102,10.802
2019-10-16 15:00:00,4.602,82.05234,0.15266609,0.449,0.353,0.305,6.802,9.002,10.802
2019-10-16 16:00:00,3.902,83.444,0.13408858,0.448,0.353,0.305,6.352,8.902,10.802
2019-10-16 17:00:00,3.402,83.98474,0.12522215,0.446,0.354,0.305,5.952,8.802,10.802
2019-10-16 18:00:00,2.752,85.4364,0.10875422,0.445,0.354,0.305,5.502,8.652,10.802
2019-10-16 19:00:00,2.152,88.197945,0.084451735,0.444,0.355,0.305,5.052,8.452,10.752
2019-10-16 20:00:00,1.702,89.768845,0.07089561,0.443,0.355,0.305,4.702,8.302,10.752
2019-10-16 21:00:00,1.6520001,88.472885,0.07958996,0.442,0.356,0.305,4.502,8.152,10.752
2019-10-16 22:00:00,1.302,88.12049,0.07999039,0.442,0.356,0.305,4.352,8.002,10.752
2019-10-16 23:00:00,0.802,90.68311,0.06051898,0.442,0.356,0.305,4.102,7.802,10.752
2019-10-17 00:00:00,0.802,91.34584,0.056214273,0.441,0.357,0.305,4.002,7.652,10.702
2019-10-17 01:00:00,0.95199996,92.022316,0.052383482,0.441,0.357,0.305,3.9520001,7.502,10.702
2019-10-17 02:00:00,1.4020001,92.38413,0.05165142,0.44,0.357,0.305,4.052,7.402,10.702
2019-10-17 03:00:00,1.7520001,91.08053,0.06202823,0.44,0.358,0.305,4.152,7.252,10.702
2019-10-17 04:00:00,2.102,87.24141,0.09097117,0.44,0.358,0.305,4.352,7.152,10.702
2019-10-17 05:00:00,2.552,80.89202,0.14067554,0.44,0.358,0.305,4.752,7.102,10.652
2019-10-17 06:00:00,3.4520001,68.25829,0.24904823,0.439,0.359,0.305,5.252,7.052,10.652
2019-10-17 07:00:00,3.9520001,67.86526,0.26116455,0.44,0.359,0.305,5.902,7.052,10.652
2019-10-17 08:00:00,4.502,61.564358,0.3246411,0.439,0.359,0.305,6.252,7.052,10.602
2019-10-17 09:00:00,4.652,60.697887,0.33545697,0.439,0.36,0.305,6.502,7.052,10.602
2019-10-17 10:00:00,4.502,60.885452,0.33037412,0.439,0.36,0.305,6.402,7.102,10.602
2019-10-17 11:00:00,4.102,63.079487,0.30322874,0.438,0.36,0.305,6.102,7.102,10.602
2019-10-17 12:00:00,3.502,66.04073,0.26738536,0.437,0.36,0.305,5.602,7.052,10.552
2019-10-17 13:00:00,2.552,71.418396,0.21041197,0.436,0.361,0.305,4.952,7.002,10.552
2019-10-17 14:00:00,1.852,76.18438,0.16679704,0.435,0.361,0.305,4.352,6.902,10.552
2019-10-17 15:00:00,1.5020001,79.27416,0.14156789,0.434,0.361,0.305,4.002,6.802,10.552
2019-10-17 16:00:00,1.2520001,81.90292,0.12141591,0.433,0.362,0.305,3.7020001,6.702,10.502
2019-10-17 17:00:00,1.202,82.4997,0.1169914,0.433,0.362,0.305,3.602,6.602,10.502
2019-10-17 18:00:00,1.1520001,82.79649,0.11459482,0.432,0.362,0.305,3.502,6.502,10.502
2019-10-17 19:00:00,1.002,83.0818,0.111484945,0.431,0.362,0.305,3.302,6.402,10.502
2019-10-17 20:00:00,0.252,86.42119,0.084763885,0.43,0.362,0.305,2.902,6.252,10.452
2019-10-17 21:00:00,0.102,86.08783,0.08590561,0.43,0.363,0.305,2.7020001,6.152,10.452
2019-10-17 22:00:00,0.15200001,84.52054,0.09592968,0.429,0.363,0.305,2.602,6.002,10.452
2019-10-17 23:00:00,0.652,80.32483,0.12641978,0.428,0.363,0.305,2.752,5.902,10.402
2019-10-18 00:00:00,0.95199996,76.880806,0.15179431,0.428,0.363,0.305,2.852,5.802,10.402
2019-10-18 01:00:00,1.1520001,74.11453,0.17241746,0.427,0.363,0.305,2.9520001,5.702,10.402
2019-10-18 02:00:00,1.2520001,71.69237,0.18990794,0.426,0.364,0.305,3.002,5.652,10.352
2019-10-18 03:00:00,1.552,68.87038,0.21338022,0.426,0.364,0.305,3.152,5.602,10.352
2019-10-18 04:00:00,1.952,65.444275,0.2437357,0.425,0.364,0.305,3.4520001,5.552,10.302
2019-10-18 05:00:00,2.352,63.843906,0.26240048,0.424,0.364,0.305,3.802,5.502,10.302
2019-10-18 06:00:00,3.102,61.219822,0.2968274,0.424,0.364,0.305,4.252,5.502,10.302
2019-10-18 07:00:00,4.052,63.301113,0.300353,0.423,0.364,0.305,4.602,5.552,10.252
2019-10-18 08:00:00,4.752,63.00194,0.3180077,0.424,0.364,0.305,5.052,5.602,10.252
2019-10-18 09:00:00,4.302,73.87615,0.2175954,0.427,0.365,0.305,5.052,5.652,10.252
2019-10-18 10:00:00,3.352,88.940056,0.08617324,0.434,0.365,0.305,4.752,5.652,10.202
2019-10-18 11:00:00,3.102,91.50017,0.06506705,0.44,0.365,0.305,4.552,5.652,10.202
2019-10-18 12:00:00,3.102,92.155785,0.060048223,0.444,0.365,0.305,4.402,5.652,10.202
2019-10-18 13:00:00,3.252,91.83702,0.06315452,0.448,0.366,0.305,4.302,5.652,10.152
2019-10-18 14:00:00,3.402,91.84656,0.063752234,0.451,0.366,0.305,4.302,5.652,10.152
2019-10-18 15:00:00,3.552,91.85609,0.06435478,0.452,0.367,0.306,4.302,5.652,10.152
2019-10-18 16:00:00,3.652,92.51742,0.05954683,0.453,0.367,0.306,4.302,5.652,10.102
2019-10-18 17:00:00,3.752,92.85206,0.057285428,0.453,0.368,0.306,4.352,5.652,10.102
2019-10-18 18:00:00,3.752,93.18189,0.05464208,0.453,0.368,0.306,4.352,5.652,10.102
2019-10-18 19:00:00,3.752,94.17761,0.04666215,0.453,0.369,0.306,4.402,5.652,10.052
2019-10-18 20:00:00,3.652,94.17303,0.04637152,0.453,0.369,0.306,4.352,5.652,10.052
2019-10-18 21:00:00,3.402,93.82769,0.04826182,0.452,0.37,0.306,4.302,5.602,10.052
2019-10-18 22:00:00,3.302,92.16804,0.060807884,0.451,0.37,0.306,4.202,5.602,10.002
2019-10-18 23:00:00,3.402,87.05487,0.10121781,0.45,0.371,0.306,4.102,5.602,10.002
2019-10-19 00:00:00,3.402,85.815094,0.11091131,0.449,0.371,0.306,4.052,5.602,10.002
2019-10-19 01:00:00,3.102,90.524475,0.07253587,0.451,0.371,0.306,4.002,5.552,10.002
2019-10-19 02:00:00,3.052,91.17048,0.067352176,0.453,0.372,0.306,3.9520001,5.552,9.952
2019-10-19 03:00:00,3.152,91.83065,0.062758684,0.453,0.372,0.306,4.002,5.502,9.952
2019-10-19 04:00:00,3.552,89.594154,0.08222872,0.453,0.373,0.306,4.152,5.502,9.952
2019-10-19 05:00:00,4.302,86.52499,0.112241566,0.452,0.373,0.306,4.552,5.552,9.902
2019-10-19 06:00:00,4.952,81.51527,0.16112077,0.451,0.374,0.306,4.952,5.552,9.902
2019-10-19 07:00:00,5.802,73.09273,0.24878824,0.45,0.374,0.306,5.402,5.602,9.902
2019-10-19 08:00:00,6.252,68.355545,0.3018217,0.449,0.375,0.306,5.852,5.702,9.852
2019-10-19 09:00:00,6.702,64.38681,0.35035467,0.448,0.375,0.306,6.352,5.802,9.852
2019-10-19 10:00:00,6.552,64.585434,0.3448276,0.447,0.375,0.306,6.552,5.902,9.852
2019-10-19 11:00:00,5.002,74.80731,0.22035354,0.446,0.376,0.306,6.102,5.952,9.852
2019-10-19 12:00:00,2.752,85.4364,0.10875422,0.446,0.376,0.306,5.302,6.002,9.802
2019-10-19 13:00:00,0.652,90.342026,0.062059224,0.446,0.376,0.306,4.402,5.952,9.802
2019-10-19 14:00:00,-0.49800003,86.98411,0.07694048,0.445,0.377,0.306,3.652,5.902,9.802
2019-10-19 15:00:00,-1.298,84.03428,0.08901176,0.444,0.377,0.306,3.052,5.802,9.752
2019-10-19 16:00:00,-1.8479999,81.786026,0.09751752,0.443,0.377,0.306,2.552,5.652,9.752
2019-10-19 17:00:00,-2.348,79.881836,0.103803456,0.442,0.378,0.306,2.102,5.552,9.752
2019-10-19 18:00:00,-2.948,77.09671,0.11302143,0.441,0.378,0.306,1.6520001,5.402,9.752
2019-10-19 19:00:00,-3.398,75.55486,0.11664638,0.44,0.378,0.306,1.2520001,5.252,9.702
2019-10-19 20:00:00,-3.848,71.768715,0.13024318,0.439,0.378,0.306,0.852,5.102,9.702
2019-10-19 21:00:00,-4.298,68.93179,0.13855824,0.438,0.378,0.306,0.70199996,4.902,9.702
2019-10-19 22:00:00,-4.598,66.47169,0.14617917,0.438,0.379,0.306,0.652,4.752,9.652
2019-10-19 23:00:00,-4.948,65.348755,0.14712581,0.437,0.379,0.306,0.552,4.602,9.652
2019-10-20 00:00:00,-5.148,64.27284,0.14940858,0.436,0.379,0.306,0.502,4.452,9.602
2019-10-20 01:00:00,-5.348,64.224434,0.14735574,0.435,0.379,0.306,0.45200002,4.302,9.602
2019-10-20 02:00:00,-5.698,65.431076,0.13864538,0.435,0.38,0.306,0.352,4.202,9.602
2019-10-20 03:00:00,-5.648,64.92365,0.14121634,0.434,0.38,0.306,0.302,4.052,9.552
2019-10-20 04:00:00,-5.048,61.29871,0.1630696,0.433,0.38,0.306,0.302,3.9520001,9.552
2019-10-20 05:00:00,-4.198,54.36262,0.20502008,0.433,0.38,0.306,0.352,3.802,9.502
2019-10-20 06:00:00,-3.448,49.567642,0.23965251,0.432,0.38,0.306,0.402,3.7020001,9.502
2019-10-20 07:00:00,-3.398,51.409252,0.23177513,0.431,0.38,0.306,0.502,3.602,9.502
2019-10-20 08:00:00,-3.098,50.27305,0.24256235,0.43,0.38,0.306,0.552,3.552,9.452
2019-10-20 09:00:00,-2.998,49.501534,0.24816474,0.429,0.38,0.306,0.602,3.4520001,9.452
2019-10-20 10:00:00,-3.198,50.243664,0.24090153,0.429,0.38,0.306,0.652,3.402,9.402
2019-10-20 11:00:00,-3.648,52.37792,0.22294837,0.428,0.381,0.306,0.602,3.352,9.402
2019-10-20 12:00:00,-4.348,56.769802,0.19203356,0.427,0.381,0.306,0.502,3.302,9.352
2019-10-20 13:00:00,-4.948,60.35333,0.16832083,0.427,0.381,0.306,0.402,3.2020001,9.352
2019-10-20 14:00:00,-5.298,62.97022,0.15309885,0.426,0.381,0.306,0.302,3.152,9.302
2019-10-20 15:00:00,-5.448,64.71343,0.1442419,0.426,0.381,0.306,0.202,3.102,9.302
2019-10-20 16:00:00,-5.548,65.98922,0.13797599,0.426,0.381,0.306,0.15200001,3.002,9.252
2019-10-20 17:00:00,-5.648,67.55708,0.1306203,0.425,0.381,0.306,0.102,2.9520001,9.252
2019-10-20 18:00:00,-5.748,68.61485,0.12540424,0.425,0.381,0.306,0.0020000003,2.902,9.202
2019-10-20 19:00:00,-6.198,72.429016,0.10644743,0.424,0.381,0.306,-0.048,2.802,9.202
2019-10-20 20:00:00,-6.548,75.28142,0.0929122,0.424,0.381,0.306,-0.098000005,2.752,9.202
2019-10-20 21:00:00,-6.898,77.94295,0.080709726,0.424,0.382,0.306,-0.148,2.652,9.152
2019-10-20 22:00:00,-7.248,80.70448,0.068727374,0.423,0.382,0.306,-0.24800001,2.602,9.152
2019-10-20 23:00:00,-7.548,82.92033,0.059441656,0.423,0.382,0.306,-0.29799998,2.552,9.102
2019-10-21 00:00:00,-7.798,84.8727,0.05163783,0.422,0.382,0.306,-0.348,2.4520001,9.102
2019-10-21 01:00:00,-7.848,85.875694,0.048027962,0.422,0.382,0.306,-0.398,2.402,9.052
2019-10-21 02:00:00,-8.048,87.21723,0.04279676,0.422,0.382,0.306,-0.448,2.302,9.052
2019-10-21 03:00:00,-7.848,86.214386,0.04687652,0.421,0.382,0.306,-0.49800003,2.252,9.002
2019-10-21 04:00:00,-6.298,76.824715,0.088799834,0.421,0.382,0.306,-0.49800003,2.2020001,9.002
2019-10-21 05:00:00,-4.298,64.732315,0.15727678,0.421,0.382,0.306,-0.448,2.152,8.952
2019-10-21 06:00:00,-2.948,55.80966,0.21800151,0.42,0.382,0.306,-0.348,2.102,8.902
2019-10-21 07:00:00,-2.2979999,52.764957,0.24453294,0.42,0.382,0.306,-0.29799998,2.052,8.902
2019-10-21 08:00:00,-1.448,49.366795,0.2790771,0.42,0.382,0.306,-0.198,2.002,8.852
2019-10-21 09:00:00,-0.948,47.5917,0.29964644,0.419,0.383,0.306,-0.148,2.002,8.852
2019-10-21 10:00:00,-0.79800004,47.073116,0.30594862,0.419,0.383,0.306,-0.098000005,2.002,8.802
2019-10-21 11:00:00,-1.298,49.410908,0.2819248,0.419,0.383,0.306,-0.098000005,1.952,8.802
2019-10-21 12:00:00,-2.2979999,54.248005,0.23686153,0.418,0.383,0.306,-0.098000005,1.952,8.752
2019-10-21 13:00:00,-3.348,58.877842,0.19691235,0.418,0.383,0.306,-0.148,1.952,8.752
2019-10-21 14:00:00,-3.748,60.185432,0.18503183,0.418,0.383,0.306,-0.198,1.9020001,8.702
2019-10-21 15:00:00,-3.948,60.61182,0.18032494,0.417,0.383,0.306,-0.24800001,1.9020001,8.702
2019-10-21 16:00:00,-4.098,60.813732,0.17739028,0.417,0.383,0.306,-0.29799998,1.852,8.652
2019-10-21 17:00:00,-3.9980001,60.120613,0.18188778,0.417,0.383,0.306,-0.29799998,1.852,8.652
2019-10-21 18:00:00,-4.098,60.094643,0.18064323,0.417,0.383,0.306,-0.348,1.802,8.602
2019-10-21 19:00:00,-4.148,60.560303,0.17786658,0.416,0.383,0.306,-0.348,1.802,8.602
2019-10-21 20:00:00,-4.198,60.5474,0.17725655,0.416,0.383,0.306,-0.398,1.7520001,8.552
2019-10-21 21:00:00,-4.348,60.991154,0.17329541,0.416,0.383,0.306,-0.398,1.7520001,8.552
2019-10-21 22:00:00,-4.648,62.137062,0.16444322,0.416,0.383,0.306,-0.448,1.702,8.502
2019-10-21 23:00:00,-4.998,63.80059,0.15311387,0.415,0.383,0.306,-0.49800003,1.6520001,8.502
2019-10-22 00:00:00,-5.348,65.25406,0.14311746,0.415,0.383,0.306,-0.54800004,1.6520001,8.452
2019-10-22 01:00:00,-5.398,65.762634,0.1404889,0.415,0.383,0.306,-0.598,1.602,8.452
2019-10-22 02:00:00,-5.598,67.03433,0.13323033,0.415,0.384,0.306,-0.598,1.602,8.402
2019-10-22 03:00:00,-5.098,65.57265,0.14452326,0.414,0.384,0.306,-0.648,1.552,8.402
2019-10-22 04:00:00,-3.598,59.750103,0.18916771,0.414,0.384,0.306,-0.598,1.5020001,8.352
2019-10-22 05:00:00,-1.8479999,52.893124,0.25211862,0.414,0.384,0.306,-0.54800004,1.5020001,8.352
2019-10-22 06:00:00,-0.098000005,45.99267,0.32853705,0.414,0.384,0.306,-0.49800003,1.452,8.302
2019-10-22 07:00:00,1.352,43.09213,0.3844057,0.414,0.384,0.306,-0.398,1.452,8.302
2019-10-22 08:00:00,2.4520001,38.905704,0.4464218,0.413,0.384,0.306,-0.29799998,1.452,8.252
2019-10-22 09:00:00,3.052,36.555546,0.48375082,0.413,0.384,0.306,-0.198,1.452,8.252
2019-10-22 10:00:00,3.052,36.41114,0.4848506,0.413,0.384,0.306,-0.148,1.5020001,8.202
2019-10-22 11:00:00,2.152,39.588573,0.4320995,0.412,0.384,0.306,-0.098000005,1.5020001,8.202
2019-10-22 12:00:00,0.602,44.417458,0.3557101,0.412,0.384,0.306,-0.098000005,1.5020001,8.152
2019-10-22 13:00:00,-0.49800003,48.104214,0.3066399,0.412,0.384,0.306,-0.098000005,1.5020001,8.152
2019-10-22 14:00:00,-0.79800004,48.974136,0.2949697,0.412,0.384,0.306,-0.148,1.5020001,8.152
2019-10-22 15:00:00,-0.948,48.929935,0.29200208,0.411,0.384,0.306,-0.148,1.5020001,8.102
2019-10-22 16:00:00,-0.898,48.176014,0.29739535,0.411,0.384,0.306,-0.148,1.5020001,8.102
2019-10-22 17:00:00,-0.698,47.103016,0.30801943,0.411,0.384,0.306,-0.148,1.5020001,8.052
2019-10-22 18:00:00,-0.598,46.946537,0.31119445,0.411,0.384,0.306,-0.148,1.5020001,8.052
2019-10-22 19:00:00,-0.348,46.466446,0.31978583,0.411,0.384,0.306,-0.148,1.5020001,8.002
2019-10-22 20:00:00,-0.348,47.021255,0.3164748,0.41,0.384,0.306,-0.148,1.5020001,8.002
2019-10-22 21:00:00,-0.29799998,47.222416,0.3164247,0.41,0.384,0.306,-0.148,1.5020001,7.952
2019-10-22 22:00:00,-0.24800001,47.42418,0.31636572,0.41,0.384,0.306,-0.148,1.5020001,7.952
2019-10-22 23:00:00,-0.148,47.45393,0.31849602,0.41,0.384,0.306,-0.148,1.552,7.902
2019-10-23 00:00:00,0.0020000003,47.49852,0.32171467,0.41,0.384,0.306,-0.098000005,1.552,7.902
2019-10-23 01:00:00,0.0020000003,48.25212,0.31710082,0.409,0.384,0.306,-0.098000005,1.552,7.902
2019-10-23 02:00:00,0.052,49.223732,0.31228387,0.409,0.384,0.306,-0.098000005,1.552,7.852
2019-10-23 03:00:00,0.352,49.893215,0.31494737,0.409,0.384,0.306,-0.048,1.552,7.852
2019-10-23 04:00:00,0.652,52.16406,0.30727986,0.409,0.384,0.306,-0.048,1.552,7.802
2019-10-23 05:00:00,0.902,54.501366,0.29759553,0.409,0.384,0.306,0.0020000003,1.552,7.802
2019-10-23 06:00:00,0.95199996,58.412342,0.27300945,0.41,0.384,0.306,0.052,1.552,7.752
2019-10-23 07:00:00,1.602,57.259396,0.29398933,0.41,0.384,0.306,0.102,1.552,7.752
2019-10-23 08:00:00,1.7520001,61.11429,0.2703726,0.411,0.384,0.306,0.102,1.602,7.752
2019-10-23 09:00:00,1.9020001,64.21768,0.2514847,0.411,0.384,0.306,0.15200001,1.602,7.702
2019-10-23 10:00:00,2.002,67.94618,0.22690174,0.411,0.384,0.306,0.202,1.602,7.702
2019-10-23 11:00:00,1.9020001,72.086754,0.19619066,0.412,0.385,0.306,0.252,1.602,7.652
2019-10-23 12:00:00,1.7520001,73.13378,0.1868183,0.412,0.385,0.306,0.302,1.6520001,7.652
2019-10-23 13:00:00,1.852,72.077034,0.19555885,0.411,0.385,0.306,0.302,1.6520001,7.652
2019-10-23 14:00:00,2.002,71.839714,0.19934547,0.411,0.385,0.306,0.352,1.6520001,7.602
2019-10-23 15:00:00,2.102,71.593834,0.20252609,0.411,0.385,0.306,0.402,1.702,7.602
2019-10-23 16:00:00,2.352,70.07068,0.21721941,0.411,0.385,0.306,0.45200002,1.702,7.552
2019-10-23 17:00:00,2.502,68.81566,0.22875464,0.411,0.385,0.306,0.502,1.7520001,7.552
2019-10-23 18:00:00,2.652,67.58357,0.2403391,0.411,0.385,0.306,0.552,1.7520001,7.552
2019-10-23 19:00:00,2.9520001,66.161736,0.25627416,0.411,0.385,0.306,0.602,1.802,7.502
2019-10-23 20:00:00,2.9520001,66.407555,0.25441283,0.411,0.385,0.306,0.652,1.802,7.502
2019-10-23 21:00:00,2.802,67.61624,0.24266666,0.411,0.385,0.306,0.70199996,1.852,7.452
2019-10-23 22:00:00,2.9520001,67.39897,0.24690586,0.411,0.385,0.306,0.802,1.852,7.452
2019-10-23 23:00:00,3.052,66.676414,0.25417048,0.411,0.385,0.306,0.902,1.9020001,7.452
2019-10-24 00:00:00,3.402,66.75407,0.25992966,0.411,0.385,0.306,1.102,1.952,7.402
2019-10-24 01:00:00,3.802,68.082565,0.25667793,0.411,0.385,0.306,1.452,2.002,7.402
2019-10-24 02:00:00,4.002,71.44207,0.2329154,0.411,0.385,0.306,1.802,2.052,7.402
2019-10-24 03:00:00,4.302,74.954094,0.20861757,0.412,0.385,0.306,2.252,2.152,7.352
2019-10-24 04:00:00,4.752,77.503006,0.19337678,0.413,0.385,0.306,2.752,2.252,7.352
2019-10-24 05:00:00,5.452,76.51326,0.21196014,0.414,0.385,0.306,3.402,2.402,7.352
2019-10-24 06:00:00,6.152,73.419655,0.25178027,0.415,0.385,0.306,4.052,2.552,7.352
2019-10-24 07:00:00,7.302,65.929474,0.349245,0.416,0.385,0.306,4.702,2.752,7.302
2019-10-24 08:00:00,7.902,63.513905,0.3896224,0.416,0.385,0.306,5.302,2.9520001,7.302
2019-10-24 09:00:00,7.902,65.5924,0.36742723,0.417,0.385,0.306,5.502,3.152,7.302
2019-10-24 10:00:00,7.702,68.41549,0.33272016,0.418,0.385,0.306,5.552,3.302,7.302
2019-10-24 11:00:00,7.302,72.85128,0.27829283,0.418,0.385,0.306,5.452,3.502,7.252
2019-10-24 12:00:00,6.852,77.56231,0.22302365,0.419,0.385,0.306,5.252,3.652,7.252
2019-10-24 13:00:00,6.602,80.87773,0.18683457,0.42,0.385,0.306,5.102,3.752,7.252
2019-10-24 14:00:00,6.352,83.447426,0.15896964,0.42,0.385,0.306,4.952,3.902,7.252
2019-10-24 15:00:00,6.152,85.50248,0.13732702,0.42,0.385,0.306,4.902,4.002,7.252
2019-10-24 16:00:00,6.052,87.00598,0.122238815,0.421,0.385,0.307,4.852,4.102,7.252
2019-10-24 17:00:00,5.702,89.76429,0.09398872,0.421,0.385,0.307,4.702,4.152,7.252
2019-10-24 18:00:00,5.602,91.02377,0.08185464,0.421,0.385,0.307,4.652,4.252,7.202
2019-10-24 19:00:00,4.802,93.89517,0.052659214,0.421,0.385,0.307,4.352,4.302,7.202
2019-10-24 20:00:00,4.602,94.8811,0.043542743,0.421,0.386,0.307,4.152,4.302,7.202
2019-10-24 21:00:00,4.802,94.88916,0.044085324,0.421,0.386,0.307,4.152,4.352,7.202
2019-10-24 22:00:00,4.952,94.89519,0.044496,0.421,0.386,0.307,4.202,4.402,7.202
2019-10-24 23:00:00,5.002,95.230064,0.04172194,0.421,0.386,0.307,4.252,4.402,7.202
2019-10-25 00:00:00,4.902,95.56047,0.038562417,0.421,0.386,0.307,4.252,4.452,7.202
2019-10-25 01:00:00,4.702,96.225945,0.03232807,0.42,0.386,0.307,4.202,4.502,7.202
2019-10-25 02:00:00,4.302,96.89274,0.025882542,0.42,0.386,0.307,4.052,4.502,7.202
2019-10-25 03:00:00,4.552,96.898926,0.026286662,0.42,0.386,0.307,4.152,4.502,7.202
2019-10-25 04:00:00,4.952,95.562225,0.038681746,0.42,0.386,0.307,4.402,4.552,7.202
2019-10-25 05:00:00,5.902,85.47545,0.13522863,0.42,0.386,0.307,5.152,4.602,7.152
2019-10-25 06:00:00,6.352,75.04408,0.23967463,0.42,0.386,0.307,5.702,4.702,7.152
2019-10-25 07:00:00,7.452,62.954136,0.38365352,0.419,0.386,0.307,6.552,4.852,7.152
2019-10-25 08:00:00,7.802,58.864098,0.4362945,0.419,0.386,0.307,7.152,5.002,7.152
2019-10-25 09:00:00,7.952,57.013508,0.46059716,0.419,0.386,0.307,7.352,5.152,7.152
2019-10-25 10:00:00,7.702,57.99196,0.44251978,0.418,0.386,0.307,7.202,5.302,7.152
2019-10-25 11:00:00,7.402,60.49169,0.4077589,0.418,0.386,0.307,6.902,5.402,7.152
2019-10-25 12:00:00,6.652,64.8421,0.34468985,0.418,0.386,0.307,6.402,5.502,7.152
2019-10-25 13:00:00,5.752,70.757286,0.26944697,0.417,0.386,0.307,5.802,5.552,7.152
2019-10-25 14:00:00,5.552,73.83742,0.23775083,0.417,0.386,0.307,5.552,5.552,7.152
2019-10-25 15:00:00,5.152,77.845245,0.19581634,0.417,0.386,0.307,5.252,5.552,7.152
2019-10-25 16:00:00,5.002,80.654495,0.16921157,0.417,0.386,0.307,5.102,5.552,7.152
2019-10-25 17:00:00,4.802,83.852036,0.13928902,0.417,0.386,0.307,4.952,5.552,7.152
2019-10-25 18:00:00,4.502,87.472374,0.105820894,0.417,0.386,0.307,4.752,5.552,7.152
2019-10-25 19:00:00,4.352,90.295395,0.08111936,0.417,0.386,0.307,4.552,5.502,7.152
2019-10-25 20:00:00,4.402,91.5856,0.07058132,0.417,0.386,0.307,4.502,5.502,7.152
2019-10-25 21:00:00,4.852,89.69752,0.08917773,0.417,0.386,0.307,4.702,5.452,7.152
2019-10-25 22:00:00,4.352,91.9066,0.06765157,0.417,0.387,0.307,4.502,5.452,7.152
2019-10-25 23:00:00,3.602,93.17386,0.054131866,0.417,0.387,0.307,4.152,5.402,7.152
2019-10-26 00:00:00,2.852,93.800865,0.046622574,0.417,0.387,0.307,3.752,5.352,7.152
2019-10-26 01:00:00,2.552,93.78617,0.04574889,0.416,0.387,0.307,3.502,5.252,7.152
2019-10-26 02:00:00,2.152,93.766495,0.044605732,0.416,0.387,0.307,3.252,5.202,7.152
2019-10-26 03:00:00,2.2020001,93.76896,0.044747233,0.416,0.387,0.307,3.2020001,5.102,7.152
2019-10-26 04:00:00,3.602,89.59816,0.08248705,0.416,0.387,0.307,3.752,5.052,7.152
2019-10-26 05:00:00,5.702,81.905914,0.16614783,0.415,0.387,0.307,5.002,5.102,7.152
2019-10-26 06:00:00,7.202,78.718216,0.2166658,0.415,0.387,0.307,6.052,5.202,7.152
2019-10-26 07:00:00,9.252,72.447845,0.32234728,0.415,0.387,0.307,7.252,5.302,7.152
2019-10-26 08:00:00,10.202,68.45379,0.39333743,0.415,0.387,0.307,8.102,5.502,7.152
2019-10-26 09:00:00,10.752,65.5306,0.44582546,0.414,0.387,0.307,8.702,5.702,7.152
2019-10-26 10:00:00,10.702,64.15817,0.46203983,0.414,0.387,0.307,8.752,5.852,7.152
2019-10-26 11:00:00,10.002,67.93536,0.3944959,0.413,0.387,0.307,8.452,6.002,7.152
2019-10-26 12:00:00,8.502,74.36603,0.2851069,0.413,0.387,0.307,7.652,6.102,7.152
2019-10-26 13:00:00,7.202,80.113106,0.2024644,0.413,0.387,0.307,6.852,6.152,7.152
2019-10-26 14:00:00,6.352,83.447426,0.15896964,0.413,0.387,0.307,6.252,6.202,7.202
2019-10-26 15:00:00,5.752,84.85882,0.13951504,0.413,0.387,0.307,5.752,6.202,7.202
2019-10-26 16:00:00,5.152,86.61102,0.11834049,0.413,0.387,0.307,5.302,6.152,7.202
2019-10-26 17:00:00,4.752,87.49609,0.10748094,0.412,0.387,0.307,4.952,6.102,7.202
2019-10-26 18:00:00,4.502,88.09531,0.100559056,0.412,0.387,0.307,4.702,6.052,7.202
2019-10-26 19:00:00,4.452,87.46763,0.10549152,0.412,0.387,0.307,4.552,6.002,7.202
2019-10-26 20:00:00,4.502,88.40824,0.09791571,0.412,0.387,0.307,4.502,5.952,7.202
2019-10-26 21:00:00,4.652,89.04962,0.09347254,0.412,0.387,0.307,4.452,5.852,7.202
2019-10-26 22:00:00,4.702,90.0031,0.085632145,0.412,0.387,0.307,4.452,5.802,7.202
2019-10-26 23:00:00,4.702,90.64091,0.080168664,0.412,0.387,0.307,4.452,5.752,7.202
2019-10-27 00:00:00,4.652,90.6373,0.07992011,0.411,0.387,0.307,4.452,5.702,7.202
2019-10-27 01:00:00,4.602,91.275986,0.07420874,0.411,0.387,0.307,4.402,5.652,7.202
2019-10-27 02:00:00,4.602,91.59863,0.07146424,0.411,0.387,0.307,4.402,5.652,7.202
2019-10-27 03:00:00,4.952,91.299545,0.075837255,0.411,0.387,0.307,4.552,5.602,7.202
2019-10-27 04:00:00,6.052,87.61831,0.11647838,0.411,0.387,0.307,5.052,5.602,7.202
2019-10-27 05:00:00,7.502,82.42886,0.1825909,0.411,0.387,0.307,6.052,5.652,7.202
2019-10-27 06:00:00,9.052,75.24576,0.28573823,0.41,0.387,0.307,7.202,5.752,7.202
2019-10-27 07:00:00,10.902,63.755814,0.4734766,0.41,0.387,0.307,8.302,5.902,7.202
2019-10-27 08:00:00,11.902,57.61684,0.59152925,0.409,0.387,0.307,9.152,6.102,7.202
2019-10-27 09:00:00,12.502,53.660145,0.67276484,0.408,0.386,0.307,9.652,6.302,7.202
2019-10-27 10:00:00,12.552,52.36287,0.6938713,0.408,0.386,0.307,9.752,6.502,7.202
2019-10-27 11:00:00,12.052,52.41329,0.67075336,0.407,0.386,0.307,9.502,6.652,7.202
2019-10-27 12:00:00,11.202,53.502785,0.6196357,0.407,0.386,0.307,9.002,6.802,7.252
2019-10-27 13:00:00,10.602,53.15083,0.5999442,0.407,0.386,0.307,8.552,6.902,7.252
2019-10-27 14:00:00,10.252,50.995506,0.6130755,0.406,0.386,0.307,8.252,6.952,7.252
2019-10-27 15:00:00,9.852,49.071293,0.6203345,0.406,0.386,0.307,8.002,7.002,7.252
2019-10-27 16:00:00,9.452,47.896957,0.61783624,0.406,0.386,0.307,7.802,7.052,7.252
2019-10-27 17:00:00,9.302,46.812885,0.6243615,0.405,0.386,0.307,7.702,7.102,7.252
2019-10-27 18:00:00,9.502,46.187767,0.6402477,0.405,0.386,0.307,7.752,7.152,7.252
2019-10-27 19:00:00,9.602,46.89918,0.63604015,0.405,0.386,0.307,7.802,7.152,7.302
2019-10-27 20:00:00,9.252,54.334496,0.5342733,0.405,0.386,0.307,7.802,7.202,7.302
2019-10-27 21:00:00,8.152,69.73402,0.32873648,0.406,0.386,0.307,7.602,7.252,7.302
2019-10-27 22:00:00,7.652,79.618286,0.2139749,0.409,0.386,0.307,7.352,7.252,7.302
2019-10-27 23:00:00,7.502,84.75864,0.15838045,0.411,0.386,0.307,7.152,7.252,7.302
2019-10-28 00:00:00,7.602,85.65783,0.15005577,0.412,0.386,0.307,7.102,7.252,7.302
2019-10-28 01:00:00,7.852,85.68436,0.15234953,0.413,0.386,0.307,7.102,7.202,7.302
2019-10-28 02:00:00,8.002,85.40417,0.15692335,0.413,0.386,0.307,7.152,7.202,7.352
2019-10-28 03:00:00,8.202,83.960754,0.1747995,0.413,0.386,0.307,7.252,7.202,7.352
2019-10-28 04:00:00,8.602,81.71585,0.20473725,0.412,0.386,0.307,7.502,7.252,7.352
2019-10-28 05:00:00,9.052,79.5451,0.23610824,0.412,0.386,0.307,7.852,7.252,7.352
2019-10-28 06:00:00,9.602,77.72427,0.26681036,0.412,0.386,0.307,8.302,7.352,7.352
2019-10-28 07:00:00,10.302,77.566154,0.28158212,0.411,0.386,0.307,8.802,7.402,7.352
2019-10-28 08:00:00,10.802,73.999855,0.33739275,0.411,0.386,0.307,9.202,7.502,7.352
2019-10-28 09:00:00,10.902,73.005005,0.35263765,0.411,0.386,0.307,9.302,7.602,7.402
2019-10-28 10:00:00,10.702,73.22072,0.34520292,0.41,0.386,0.307,9.252,7.702,7.402
2019-10-28 11:00:00,10.602,72.44765,0.3528152,0.41,0.386,0.307,9.202,7.752,7.402
2019-10-28 12:00:00,10.702,69.27558,0.39606446,0.41,0.386,0.307,9.152,7.802,7.402
2019-10-28 13:00:00,11.052,64.46241,0.46888745,0.409,0.386,0.307,9.202,7.902,7.402
2019-10-28 14:00:00,10.902,62.6484,0.48794496,0.409,0.386,0.307,9.102,7.952,7.452
2019-10-28 15:00:00,10.502,63.440796,0.4650582,0.409,0.386,0.307,8.802,8.002,7.452
2019-10-28 16:00:00,10.402,64.08986,0.45376766,0.409,0.386,0.307,8.652,8.002,7.452
2019-10-28 17:00:00,10.502,63.664047,0.46221793,0.408,0.386,0.307,8.652,8.052,7.452
2019-10-28 18:00:00,10.702,62.60158,0.48210812,0.408,0.387,0.307,8.652,8.052,7.452
2019-10-28 19:00:00,11.552,58.756275,0.5624903,0.408,0.387,0.307,8.852,8.102,7.502
2019-10-28 20:00:00,11.502,56.30973,0.59389615,0.407,0.387,0.307,8.952,8.152,7.502
2019-10-28 21:00:00,11.352,54.310184,0.61495054,0.407,0.387,0.307,8.952,8.152,7.502
2019-10-28 22:00:00,11.102,52.90643,0.6234387,0.407,0.387,0.307,8.902,8.202,7.502
2019-10-28 23:00:00,10.852,51.715042,0.6286952,0.406,0.387,0.307,8.852,8.202,7.502
2019-10-29 00:00:00,10.502,51.248833,0.62015843,0.406,0.387,0.307,8.752,8.252,7.552
2019-10-29 01:00:00,10.202,51.166065,0.6089059,0.406,0.387,0.307,8.602,8.252,7.552
2019-10-29 02:00:00,9.902,51.827267,0.58873487,0.406,0.387,0.307,8.502,8.252,7.552
2019-10-29 03:00:00,9.902,52.39165,0.58183753,0.405,0.387,0.307,8.502,8.252,7.552
2019-10-29 04:00:00,10.352,52.514263,0.59805197,0.405,0.386,0.307,8.802,8.252,7.552
2019-10-29 05:00:00,11.302,51.838104,0.6460845,0.404,0.386,0.307,9.452,8.302,7.602
2019-10-29 06:00:00,11.802,50.693516,0.68364894,0.404,0.386,0.307,10.052,8.402,7.602
2019-10-29 07:00:00,12.252,53.593517,0.66277134,0.403,0.386,0.307,10.502,8.502,7.602
2019-10-29 08:00:00,12.702,52.03434,0.70555365,0.402,0.386,0.307,11.002,8.602,7.602
2019-10-29 09:00:00,12.652,52.575306,0.69531584,0.402,0.386,0.307,11.052,8.752,7.652
2019-10-29 10:00:00,12.352,54.19105,0.6585453,0.401,0.386,0.307,10.902,8.802,7.652
2019-10-29 11:00:00,12.002,56.042522,0.6175567,0.401,0.386,0.307,10.702,8.902,7.652
2019-10-29 12:00:00,11.502,58.331776,0.5664067,0.401,0.386,0.307,10.352,8.952,7.652
2019-10-29 13:00:00,10.652,61.93289,0.48909992,0.4,0.386,0.307,9.852,9.002,7.702
2019-10-29 14:00:00,10.002,64.45096,0.4373685,0.4,0.386,0.307,9.452,9.002,7.702
2019-10-29 15:00:00,9.502,65.714905,0.40792048,0.4,0.386,0.307,9.152,9.002,7.702
2019-10-29 16:00:00,9.052,66.31518,0.38883042,0.4,0.386,0.307,8.852,8.952,7.702
2019-10-29 17:00:00,8.602,66.45187,0.37566632,0.4,0.386,0.307,8.602,8.902,7.752
2019-10-29 18:00:00,8.352,66.161606,0.37255824,0.4,0.386,0.307,8.352,8.852,7.752
2019-10-29 19:00:00,8.352,65.2266,0.3828526,0.399,0.386,0.307,8.202,8.802,7.752
2019-10-29 20:00:00,7.852,66.76208,0.35373157,0.399,0.386,0.307,7.952,8.752,7.752
2019-10-29 21:00:00,7.452,68.363075,0.3276391,0.399,0.386,0.307,7.702,8.702,7.802
2019-10-29 22:00:00,6.802,70.45986,0.29261363,0.399,0.386,0.307,7.302,8.602,7.802
2019-10-29 23:00:00,6.302,71.37596,0.2739569,0.399,0.386,0.307,6.902,8.502,7.802
2019-10-30 00:00:00,5.952,71.307625,0.2680586,0.399,0.386,0.307,6.602,8.402,7.802
2019-10-30 01:00:00,5.502,71.99337,0.25362676,0.399,0.386,0.307,6.252,8.302,7.802
2019-10-30 02:00:00,5.152,72.44711,0.2435255,0.399,0.386,0.307,6.002,8.152,7.802
2019-10-30 03:00:00,5.202,71.93562,0.24890983,0.399,0.386,0.307,5.852,8.052,7.852
2019-10-30 04:00:00,6.502,67.43121,0.31603152,0.398,0.386,0.307,6.402,7.952,7.852
2019-10-30 05:00:00,8.452,61.406235,0.42780238,0.398,0.385,0.307,7.502,7.902,7.852
2019-10-30 06:00:00,10.152,55.959095,0.5473111,0.397,0.385,0.307,8.752,7.952,7.852
2019-10-30 07:00:00,11.452,51.879044,0.65197194,0.397,0.385,0.307,9.802,8.052,7.852
2019-10-30 08:00:00,12.352,49.593864,0.724643,0.396,0.385,0.307,10.552,8.202,7.852
2019-10-30 09:00:00,12.752,49.00308,0.7526068,0.395,0.385,0.307,10.952,8.302,7.902
2019-10-30 10:00:00,12.552,51.262142,0.70990664,0.395,0.385,0.307,10.902,8.452,7.902
2019-10-30 11:00:00,11.502,54.93146,0.6126334,0.395,0.385,0.307,10.402,8.552,7.902
2019-10-30 12:00:00,9.802,60.430275,0.48036665,0.395,0.385,0.307,9.452,8.602,7.902
2019-10-30 13:00:00,8.502,65.02851,0.3889647,0.394,0.385,0.307,8.602,8.552,7.902
2019-10-30 14:00:00,7.552,68.384056,0.32966352,0.394,0.385,0.307,7.902,8.552,7.902
2019-10-30 15:00:00,6.752,71.4635,0.28170377,0.394,0.385,0.307,7.352,8.452,7.952
2019-10-30 16:00:00,6.252,73.43802,0.2533474,0.394,0.385,0.307,6.952,8.352,7.952
2019-10-30 17:00:00,5.952,74.44044,0.23879123,0.394,0.385,0.308,6.652,8.302,7.952
2019-10-30 18:00:00,5.202,78.13209,0.19395423,0.394,0.385,0.308,6.202,8.152,7.952
2019-10-30 19:00:00,4.502,81.746254,0.15418828,0.394,0.385,0.308,5.752,8.052,7.952
2019-10-30 20:00:00,3.652,85.22887,0.11754811,0.394,0.385,0.308,5.152,7.902,7.952
2019-10-30 21:00:00,2.7020001,88.56565,0.085084856,0.394,0.385,0.308,4.552,7.702,7.952
2019-10-30 22:00:00,2.252,89.48926,0.075749755,0.394,0.385,0.308,4.102,7.552,8.002
2019-10-30 23:00:00,2.302,89.81633,0.07365435,0.394,0.385,0.308,3.9520001,7.352,8.002
2019-10-31 00:00:00,2.552,89.5136,0.077204525,0.394,0.385,0.308,3.852,7.202,8.002
2019-10-31 01:00:00,3.252,87.6666,0.09541911,0.394,0.384,0.308,4.052,7.052,8.002
2019-10-31 02:00:00,4.002,84.66001,0.12511605,0.394,0.384,0.308,4.402,6.902,8.002
2019-10-31 03:00:00,4.652,82.35245,0.15063864,0.393,0.384,0.308,4.752,6.802,8.002
2019-10-31 04:00:00,5.702,78.48907,0.19752234,0.393,0.384,0.308,5.402,6.752,8.002
2019-10-31 05:00:00,7.202,72.06106,0.2844419,0.393,0.384,0.308,6.352,6.752,8.002
2019-10-31 06:00:00,8.902,63.51947,0.41686565,0.393,0.384,0.308,7.552,6.802,8.002
2019-10-31 07:00:00,10.652,55.890022,0.5667475,0.392,0.384,0.308,8.702,6.902,8.002
2019-10-31 08:00:00,11.552,53.02777,0.6406258,0.392,0.384,0.308,9.552,7.102,8.002
2019-10-31 09:00:00,12.002,52.58612,0.66612184,0.391,0.384,0.308,10.002,7.252,8.002
2019-10-31 10:00:00,11.802,55.010323,0.62378925,0.391,0.384,0.308,10.002,7.402,8.002
2019-10-31 11:00:00,10.902,58.386986,0.54361993,0.39,0.384,0.308,9.552,7.502,8.002
2019-10-31 12:00:00,9.502,62.762627,0.4430483,0.39,0.384,0.308,8.752,7.602,8.002
2019-10-31 13:00:00,8.552,65.27147,0.38757145,0.39,0.384,0.308,8.102,7.602,8.002
2019-10-31 14:00:00,7.902,66.06238,0.3624084,0.39,0.384,0.308,7.552,7.602,8.002
2019-10-31 15:00:00,7.602,65.760315,0.35824054,0.39,0.384,0.308,7.152,7.602,8.002
2019-10-31 16:00:00,7.502,64.57012,0.36817318,0.39,0.384,0.308,6.902,7.602,8.002
2019-10-31 17:00:00,7.652,62.549732,0.3931685,0.39,0.383,0.308,6.852,7.552,8.052
2019-10-31 18:00:00,7.802,63.49061,0.38722724,0.39,0.383,0.308,6.952,7.502,8.052
2019-10-31 19:00:00,6.752,79.76715,0.19973284,0.391,0.383,0.308,6.802,7.502,8.052
2019-10-31 20:00:00,6.652,85.55633,0.14160746,0.392,0.383,0.308,6.802,7.452,8.052
2019-10-31 21:00:00,6.502,87.966835,0.11676431,0.392,0.383,0.308,6.702,7.452,8.052
2019-10-31 22:00:00,6.452,87.96229,0.116407335,0.393,0.383,0.308,6.702,7.402,8.052
2019-10-31 23:00:00,6.102,84.30289,0.14817816,0.393,0.383,0.308,6.552,7.352,8.052
2019-11-01 00:00:00,4.552,84.42166,0.13205045,0.394,0.383,0.308,6.152,7.302,8.052
2019-11-01 01:00:00,2.802,79.75945,0.15168107,0.394,0.383,0.308,5.452,7.252,8.052
2019-11-01 02:00:00,1.4020001,68.8385,0.21131298,0.394,0.383,0.308,4.802,7.102,8.052
2019-11-01 03:00:00,0.802,64.93333,0.22774073,0.394,0.383,0.308,4.302,7.002,8.052
2019-11-01 04:00:00,0.852,61.35421,0.251883,0.393,0.383,0.308,4.102,6.852,8.052
2019-11-01 05:00:00,1.202,58.255,0.27901733,0.393,0.383,0.308,4.302,6.752,8.052
2019-11-01 06:00:00,1.352,56.110394,0.2965232,0.393,0.383,0.308,4.352,6.652,8.052
2019-11-01 07:00:00,1.602,53.245193,0.32158616,0.392,0.383,0.308,4.552,6.552,8.052
2019-11-01 08:00:00,1.6520001,52.64886,0.3268543,0.392,0.383,0.308,4.652,6.452,8.052
2019-11-01 09:00:00,1.552,52.418636,0.32609725,0.392,0.383,0.308,4.602,6.402,8.052
2019-11-01 10:00:00,1.302,51.745445,0.32482722,0.391,0.383,0.308,4.402,6.302,8.052
2019-11-01 11:00:00,1.102,50.501064,0.32844064,0.391,0.383,0.308,4.102,6.252,8.052
2019-11-01 12:00:00,0.652,51.96209,0.30857638,0.391,0.383,0.308,3.652,6.102,8.052
2019-11-01 13:00:00,0.402,51.89093,0.3034964,0.391,0.383,0.308,3.302,6.002,8.052
2019-11-01 14:00:00,0.15200001,52.021923,0.29723656,0.391,0.383,0.308,2.9520001,5.852,8.052
2019-11-01 15:00:00,-0.048,52.16804,0.2920601,0.391,0.383,0.308,2.752,5.752,8.052
2019-11-01 16:00:00,-0.198,52.945244,0.28420123,0.39,0.383,0.308,2.502,5.602,8.052
2019-11-01 17:00:00,-0.198,53.98627,0.27791786,0.39,0.383,0.308,2.402,5.502,8.002
2019-11-01 18:00:00,-0.348,55.86528,0.26368085,0.39,0.383,0.308,2.252,5.352,8.002
2019-11-01 19:00:00,-1.198,58.980957,0.23031184,0.39,0.383,0.308,1.9020001,5.202,8.002
2019-11-01 20:00:00,-1.7479999,62.130123,0.20421097,0.39,0.383,0.308,1.5020001,5.052,8.002
2019-11-01 21:00:00,-2.0479999,64.26138,0.18850404,0.39,0.383,0.308,1.202,4.902,8.002
2019-11-01 22:00:00,-2.398,66.9732,0.16975299,0.39,0.383,0.308,0.852,4.752,8.002
2019-11-01 23:00:00,-2.648,69.020134,0.15631023,0.39,0.383,0.308,0.752,4.602,7.952
2019-11-02 00:00:00,-2.848,71.14151,0.14346221,0.39,0.383,0.308,0.70199996,4.452,7.952
2019-11-02 01:00:00,-3.148,73.59175,0.12838468,0.39,0.383,0.308,0.652,4.302,7.952
2019-11-02 02:00:00,-3.2979999,75.282646,0.11882928,0.39,0.383,0.308,0.602,4.152,7.952
2019-11-02 03:00:00,-3.348,76.73415,0.11143616,0.39,0.383,0.308,0.552,4.002,7.952
2019-11-02 04:00:00,-2.398,72.61268,0.14077663,0.389,0.383,0.308,0.552,3.902,7.902
2019-11-02 05:00:00,-1.548,63.63934,0.19898573,0.389,0.383,0.308,0.652,3.802,7.902
2019-11-02 06:00:00,-1.048,57.660797,0.2403486,0.389,0.382,0.308,0.802,3.7020001,7.902
2019-11-02 07:00:00,-0.79800004,52.982666,0.2718154,0.389,0.382,0.308,0.95199996,3.602,7.902
2019-11-02 08:00:00,-0.49800003,51.02991,0.2893669,0.388,0.382,0.308,1.202,3.552,7.852
2019-11-02 09:00:00,-0.598,51.605038,0.28389186,0.388,0.382,0.308,1.602,3.502,7.852
2019-11-02 10:00:00,-0.748,52.583263,0.27512655,0.388,0.382,0.308,1.702,3.4520001,7.852
2019-11-02 11:00:00,-1.3479999,55.80969,0.2453889,0.388,0.382,0.308,1.352,3.4520001,7.802
2019-11-02 12:00:00,-2.748,61.639034,0.19209939,0.388,0.382,0.308,0.502,3.352,7.802
2019-11-02 13:00:00,-3.448,64.17604,0.17027923,0.388,0.382,0.308,0.402,3.252,7.802
2019-11-02 14:00:00,-3.848,65.350525,0.15983817,0.387,0.382,0.308,0.352,3.152,7.802
2019-11-02 15:00:00,-4.198,66.56363,0.15024129,0.387,0.382,0.308,0.252,3.102,7.752
2019-11-02 16:00:00,-4.598,68.59673,0.13691884,0.387,0.382,0.308,0.202,3.002,7.752
2019-11-02 17:00:00,-4.998,70.9772,0.1227732,0.387,0.382,0.308,0.15200001,2.902,7.752
2019-11-02 18:00:00,-5.248,71.76694,0.11719051,0.387,0.382,0.308,0.052,2.852,7.702
2019-11-02 19:00:00,-5.598,75.453636,0.099217236,0.387,0.382,0.308,0.0020000003,2.752,7.702
2019-11-02 20:00:00,-5.698,76.3278,0.09495887,0.387,0.382,0.308,-0.048,2.652,7.702
2019-11-02 21:00:00,-5.798,76.910675,0.0919179,0.387,0.382,0.308,-0.148,2.602,7.652
2019-11-02 22:00:00,-5.998,78.09132,0.085897595,0.387,0.382,0.308,-0.198,2.502,7.652
2019-11-02 23:00:00,-6.148,78.68115,0.08263248,0.387,0.382,0.308,-0.24800001,2.4520001,7.652
2019-11-03 00:00:00,-6.248,79.284294,0.079683095,0.387,0.382,0.308,-0.29799998,2.352,7.602
2019-11-03 01:00:00,-6.148,79.299934,0.080234796,0.387,0.382,0.308,-0.29799998,2.302,7.602
2019-11-03 02:00:00,-5.698,77.53201,0.09012979,0.387,0.382,0.308,-0.348,2.2020001,7.602
2019-11-03 03:00:00,-5.498,76.96203,0.09383389,0.387,0.382,0.308,-0.348,2.152,7.552
2019-11-03 04:00:00,-4.098,70.88542,0.13181818,0.387,0.382,0.308,-0.348,2.102,7.552
2019-11-03 05:00:00,-2.648,65.37681,0.17468435,0.387,0.382,0.308,-0.29799998,2.002,7.502
2019-11-03 06:00:00,-1.548,60.986294,0.21349713,0.387,0.382,0.308,-0.24800001,1.952,7.502
2019-11-03 07:00:00,-1.2479999,62.254055,0.2111673,0.387,0.382,0.308,-0.24800001,1.952,7.502
2019-11-03 08:00:00,-0.748,58.870106,0.23867026,0.387,0.382,0.308,-0.198,1.9020001,7.452
2019-11-03 09:00:00,-0.54800004,58.017925,0.24719664,0.387,0.382,0.308,-0.148,1.852,7.452
2019-11-03 10:00:00,-0.648,59.353306,0.23759723,0.387,0.382,0.308,-0.148,1.852,7.452
2019-11-03 11:00:00,-1.048,62.303474,0.21400672,0.387,0.382,0.308,-0.098000005,1.802,7.402
2019-11-03 12:00:00,-1.448,64.90238,0.19349459,0.386,0.382,0.308,-0.098000005,1.802,7.402
2019-11-03 13:00:00,-1.5979999,66.638954,0.18190652,0.386,0.382,0.308,-0.098000005,1.7520001,7.352
2019-11-03 14:00:00,-1.648,67.65961,0.17569551,0.386,0.382,0.308,-0.098000005,1.7520001,7.352
2019-11-03 15:00:00,-1.698,68.43202,0.17087033,0.386,0.382,0.308,-0.098000005,1.702,7.352
2019-11-03 16:00:00,-1.7479999,69.47865,0.16459972,0.386,0.382,0.308,-0.098000005,1.702,7.302
2019-11-03 17:00:00,-1.798,70.81074,0.15683919,0.386,0.382,0.308,-0.098000005,1.702,7.302
2019-11-03 18:00:00,-1.948,72.70017,0.14507571,0.386,0.382,0.308,-0.148,1.6520001,7.302
2019-11-03 19:00:00,-1.698,71.92127,0.15198982,0.386,0.382,0.308,-0.098000005,1.6520001,7.252
2019-11-03 20:00:00,-1.8479999,73.836815,0.14006674,0.386,0.382,0.308,-0.098000005,1.6520001,7.252
2019-11-03 21:00:00,-1.9979999,75.51475,0.12964305,0.386,0.382,0.308,-0.148,1.602,7.202
2019-11-03 22:00:00,-2.198,77.22242,0.11883402,0.386,0.382,0.308,-0.148,1.602,7.202
2019-11-03 23:00:00,-2.398,78.372406,0.111177444,0.386,0.382,0.308,-0.148,1.602,7.202
2019-11-04 00:00:00,-2.598,78.93889,0.10667208,0.386,0.382,0.308,-0.148,1.552,7.152
2019-11-04 01:00:00,-2.848,78.599525,0.1063959,0.386,0.381,0.308,-0.148,1.552,7.152
2019-11-04 02:00:00,-2.998,79.17779,0.10237241,0.386,0.381,0.308,-0.198,1.552,7.152
2019-11-04 03:00:00,-3.198,81.910835,0.08762199,0.386,0.381,0.308,-0.198,1.552,7.102
2019-11-04 04:00:00,-3.348,83.7823,0.07768369,0.386,0.381,0.308,-0.198,1.5020001,7.102
2019-11-04 05:00:00,-3.398,85.05939,0.07130045,0.386,0.381,0.308,-0.24800001,1.5020001,7.052
2019-11-04 06:00:00,-3.448,85.70203,0.067979604,0.386,0.381,0.308,-0.24800001,1.5020001,7.052
2019-11-04 07:00:00,-2.998,81.00871,0.093372464,0.386,0.381,0.308,-0.24800001,1.452,7.052
2019-11-04 08:00:00,-2.848,80.416306,0.09736532,0.386,0.381,0.308,-0.24800001,1.452,7.002
2019-11-04 09:00:00,-2.698,80.43832,0.09834632,0.386,0.381,0.308,-0.24800001,1.452,7.002
2019-11-04 10:00:00,-2.648,80.75163,0.0971314,0.386,0.381,0.308,-0.24800001,1.452,7.002
2019-11-04 11:00:00,-2.748,82.283775,0.08873969,0.386,0.381,0.308,-0.24800001,1.4020001,6.952
2019-11-04 12:00:00,-2.848,83.52737,0.08190042,0.386,0.381,0.308,-0.24800001,1.4020001,6.952
2019-11-04 13:00:00,-2.998,84.783905,0.0748142,0.386,0.381,0.308,-0.24800001,1.4020001,6.952
2019-11-04 14:00:00,-3.0479999,85.0997,0.072989404,0.386,0.381,0.308,-0.24800001,1.4020001,6.902
2019-11-04 15:00:00,-3.098,85.09395,0.07274604,0.386,0.381,0.308,-0.29799998,1.352,6.902
2019-11-04 16:00:00,-3.148,85.0882,0.07250336,0.385,0.381,0.308,-0.29799998,1.352,6.852
2019-11-04 17:00:00,-3.148,84.76632,0.07406819,0.385,0.381,0.308,-0.29799998,1.352,6.852
2019-11-04 18:00:00,-3.148,84.4455,0.075627744,0.385,0.381,0.308,-0.348,1.352,6.852
2019-11-04 19:00:00,-3.148,85.41117,0.07093325,0.385,0.381,0.308,-0.348,1.302,6.802
2019-11-04 20:00:00,-3.148,85.73524,0.06935781,0.385,0.381,0.308,-0.348,1.302,6.802
2019-11-04 21:00:00,-3.198,86.054985,0.06755099,0.385,0.381,0.308,-0.348,1.302,6.802
2019-11-04 22:00:00,-3.198,86.38135,0.06597024,0.385,0.381,0.308,-0.348,1.302,6.752
2019-11-04 23:00:00,-3.248,86.37605,0.06575018,0.385,0.381,0.308,-0.398,1.2520001,6.752
2019-11-05 00:00:00,-3.2979999,87.02726,0.06237459,0.385,0.381,0.308,-0.398,1.2520001,6.752
2019-11-05 01:00:00,-3.2979999,87.02726,0.06237459,0.385,0.381,0.308,-0.398,1.2520001,6.702
2019-11-05 02:00:00,-3.448,88.006226,0.05702558,0.385,0.381,0.308,-0.448,1.202,6.702
2019-11-05 03:00:00,-3.5479999,87.664055,0.05821529,0.385,0.381,0.308,-0.448,1.202,6.702
2019-11-05 04:00:00,-3.398,85.382935,0.06975666,0.385,0.381,0.308,-0.448,1.202,6.652
2019-11-05 05:00:00,-3.148,83.48956,0.08027488,0.385,0.381,0.308,-0.398,1.202,6.652
2019-11-05 06:00:00,-2.748,82.59623,0.08717486,0.385,0.381,0.308,-0.348,1.1520001,6.652
2019-11-05 07:00:00,-1.9979999,79.632614,0.10784444,0.385,0.381,0.308,-0.29799998,1.1520001,6.602
2019-11-05 08:00:00,-1.798,78.7652,0.11410779,0.385,0.381,0.308,-0.24800001,1.1520001,6.602
2019-11-05 09:00:00,-1.5979999,76.73947,0.12684569,0.385,0.381,0.308,-0.198,1.1520001,6.602
2019-11-05 10:00:00,-1.648,77.021996,0.124845,0.385,0.381,0.308,-0.198,1.1520001,6.552
2019-11-05 11:00:00,-2.148,78.71018,0.11148518,0.385,0.381,0.308,-0.198,1.1520001,6.552
2019-11-05 12:00:00,-3.248,81.90398,0.08732879,0.385,0.381,0.308,-0.198,1.202,6.552
2019-11-05 13:00:00,-4.198,83.35624,0.074802905,0.385,0.381,0.308,-0.24800001,1.202,6.502
2019-11-05 14:00:00,-5.048,83.89185,0.0678955,0.385,0.381,0.308,-0.29799998,1.1520001,6.502
2019-11-05 15:00:00,-5.248,83.22136,0.06965628,0.385,0.381,0.308,-0.348,1.1520001,6.502
2019-11-05 16:00:00,-3.848,79.961296,0.09245676,0.385,0.381,0.308,-0.348,1.1520001,6.452
2019-11-05 17:00:00,-3.0479999,77.96957,0.10790858,0.385,0.381,0.308,-0.348,1.1520001,6.452
2019-11-05 18:00:00,-2.748,77.130325,0.114546925,0.385,0.381,0.308,-0.348,1.1520001,6.452
2019-11-05 19:00:00,-2.748,77.72133,0.111587524,0.385,0.381,0.308,-0.348,1.1520001,6.402
2019-11-05 20:00:00,-2.748,77.42532,0.11306974,0.385,0.381,0.308,-0.348,1.1520001,6.402
2019-11-05 21:00:00,-3.0479999,78.26815,0.106446415,0.385,0.381,0.308,-0.398,1.102,6.402
2019-11-05 22:00:00,-2.898,77.10512,0.113401145,0.385,0.381,0.308,-0.398,1.102,6.352
2019-11-05 23:00:00,-2.7979999,76.242645,0.11855042,0.385,0.381,0.308,-0.398,1.102,6.352
2019-11-06 00:00:00,-2.748,75.381226,0.12330523,0.385,0.381,0.308,-0.398,1.102,6.352
2019-11-06 01:00:00,-2.648,74.53835,0.12847641,0.385,0.381,0.309,-0.398,1.102,6.302
2019-11-06 02:00:00,-2.598,74.54755,0.12890765,0.385,0.381,0.309,-0.398,1.102,6.302
2019-11-06 03:00:00,-2.498,74.28119,0.13122624,0.385,0.381,0.309,-0.398,1.052,6.302
2019-11-06 04:00:00,-2.198,71.54721,0.14843321,0.385,0.381,0.309,-0.398,1.052,6.252
2019-11-06 05:00:00,-1.898,68.388504,0.16860133,0.385,0.381,0.309,-0.398,1.052,6.252
2019-11-06 06:00:00,-1.448,64.90238,0.19349459,0.385,0.381,0.309,-0.348,1.052,6.252
2019-11-06 07:00:00,-0.748,64.32304,0.20704192,0.385,0.381,0.309,-0.29799998,1.052,6.202
2019-11-06 08:00:00,-0.148,61.574364,0.23295522,0.385,0.381,0.309,-0.24800001,1.052,6.202
2019-11-06 09:00:00,0.052,60.6874,0.24181831,0.385,0.381,0.309,-0.24800001,1.052,6.202
2019-11-06 10:00:00,0.052,61.154182,0.23894832,0.385,0.381,0.309,-0.198,1.052,6.202
2019-11-06 11:00:00,-0.148,62.52482,0.22719556,0.385,0.381,0.309,-0.198,1.052,6.152
2019-11-06 12:00:00,-0.748,65.06643,0.20272955,0.385,0.38,0.309,-0.198,1.052,6.152
2019-11-06 13:00:00,-1.648,69.49983,0.16570166,0.385,0.38,0.309,-0.198,1.052,6.152
2019-11-06 14:00:00,-2.0479999,73.238144,0.1411713,0.385,0.38,0.309,-0.24800001,1.052,6.102
2019-11-06 15:00:00,-2.498,78.3564,0.11043796,0.385,0.38,0.309,-0.24800001,1.052,6.102
2019-11-06 16:00:00,-2.498,81.69658,0.09339762,0.385,0.38,0.309,-0.29799998,1.052,6.102
2019-11-06 17:00:00,-2.598,83.87515,0.08167443,0.385,0.38,0.309,-0.29799998,1.052,6.052
2019-11-06 18:00:00,-2.398,83.89979,0.08276811,0.385,0.38,0.309,-0.29799998,1.052,6.052
2019-11-06 19:00:00,-1.298,82.78634,0.095968276,0.385,0.38,0.309,-0.29799998,1.052,6.052
2019-11-06 20:00:00,-0.79800004,78.921295,0.12189603,0.384,0.38,0.309,-0.29799998,1.052,6.052
2019-11-06 21:00:00,-0.448,73.264694,0.15860033,0.384,0.38,0.309,-0.29799998,1.052,6.002
2019-11-06 22:00:00,-0.54800004,68.68072,0.1844357,0.384,0.38,0.309,-0.29799998,1.052,6.002
2019-11-06 23:00:00,-0.848,65.79446,0.19706029,0.384,0.38,0.309,-0.29799998,1.052,6.002
2019-11-07 00:00:00,-1.4979999,65.14103,0.19147423,0.384,0.38,0.309,-0.29799998,1.052,6.002
2019-11-07 01:00:00,-1.648,63.615204,0.19765747,0.384,0.38,0.309,-0.29799998,1.052,5.952
2019-11-07 02:00:00,-1.548,61.6999,0.20959404,0.384,0.38,0.309,-0.29799998,1.052,5.952
2019-11-07 03:00:00,-1.7479999,60.69916,0.2119231,0.384,0.38,0.309,-0.29799998,1.052,5.952
2019-11-07 04:00:00,-1.7479999,59.994743,0.2157194,0.384,0.38,0.309,-0.29799998,1.052,5.902
2019-11-07 05:00:00,-1.2479999,57.16024,0.23964748,0.384,0.38,0.309,-0.24800001,1.052,5.902
2019-11-07 06:00:00,-0.398,54.35222,0.27172297,0.384,0.38,0.309,-0.198,1.052,5.902
2019-11-07 07:00:00,0.652,53.184444,0.30072948,0.384,0.38,0.309,-0.148,1.052,5.902
2019-11-07 08:00:00,1.102,51.68854,0.32056656,0.384,0.38,0.309,-0.048,1.052,5.852
2019-11-07 09:00:00,1.2520001,51.73122,0.32375753,0.384,0.38,0.309,0.0020000003,1.052,5.852
2019-11-07 10:00:00,1.002,53.48848,0.30641648,0.384,0.38,0.309,0.052,1.052,5.852
2019-11-07 11:00:00,0.202,56.88613,0.26808977,0.384,0.38,0.309,0.052,1.102,5.852
2019-11-07 12:00:00,-0.648,60.743546,0.22947478,0.384,0.38,0.309,0.052,1.102,5.802
2019-11-07 13:00:00,-1.0979999,63.25883,0.20782271,0.384,0.38,0.309,0.0020000003,1.102,5.802
2019-11-07 14:00:00,-1.0979999,63.015656,0.20919755,0.384,0.38,0.309,0.0020000003,1.102,5.802
2019-11-07 15:00:00,-0.848,61.399372,0.2223689,0.384,0.38,0.309,0.0020000003,1.102,5.802
2019-11-07 16:00:00,-0.49800003,59.621754,0.23862675,0.384,0.38,0.309,0.0020000003,1.1520001,5.752
2019-11-07 17:00:00,-0.49800003,58.708145,0.24402308,0.384,0.38,0.309,0.0020000003,1.1520001,5.752
2019-11-07 18:00:00,-0.398,57.610287,0.25234047,0.384,0.38,0.309,0.0020000003,1.1520001,5.752
2019-11-07 19:00:00,0.15200001,55.355457,0.2765974,0.384,0.38,0.309,0.0020000003,1.1520001,5.752
2019-11-07 20:00:00,0.45200002,53.749428,0.29283747,0.384,0.38,0.309,0.052,1.1520001,5.702
2019-11-07 21:00:00,0.45200002,53.9579,0.2915183,0.384,0.38,0.309,0.052,1.1520001,5.702
2019-11-07 22:00:00,0.45200002,54.58765,0.2875334,0.384,0.38,0.309,0.052,1.1520001,5.702
2019-11-07 23:00:00,0.302,56.25857,0.2739683,0.384,0.38,0.309,0.052,1.202,5.702
2019-11-08 00:00:00,0.15200001,58.20257,0.2589675,0.384,0.38,0.309,0.052,1.202,5.652
2019-11-08 01:00:00,0.102,60.23652,0.24547967,0.383,0.38,0.309,0.102,1.202,5.652
2019-11-08 02:00:00,0.252,61.67388,0.23919767,0.383,0.38,0.309,0.102,1.202,5.652
2019-11-08 03:00:00,0.352,65.32216,0.21801013,0.384,0.38,0.309,0.102,1.202,5.652
2019-11-08 04:00:00,0.15200001,77.3213,0.1405381,0.387,0.38,0.309,0.15200001,1.202,5.602
2019-11-08 05:00:00,0.102,86.72434,0.08197558,0.394,0.38,0.309,0.15200001,1.202,5.602
2019-11-08 06:00:00,0.402,87.3942,0.07954955,0.394,0.38,0.309,0.15200001,1.2520001,5.602
2019-11-08 07:00:00,1.052,88.09758,0.07871747,0.394,0.38,0.309,0.202,1.2520001,5.602
2019-11-08 08:00:00,1.1520001,88.10675,0.07922453,0.395,0.38,0.309,0.202,1.2520001,5.602
2019-11-08 09:00:00,1.352,87.48597,0.08456576,0.397,0.38,0.309,0.252,1.2520001,5.552
2019-11-08 10:00:00,1.352,89.415726,0.07152563,0.4,0.38,0.309,0.302,1.2520001,5.552
2019-11-08 11:00:00,1.302,91.04909,0.06027156,0.402,0.38,0.309,0.302,1.302,5.552
2019-11-08 12:00:00,1.202,92.038,0.053229094,0.403,0.38,0.309,0.352,1.302,5.552
2019-11-08 13:00:00,1.002,93.03257,0.045915008,0.403,0.38,0.309,0.352,1.302,5.552
2019-11-08 14:00:00,0.852,93.70188,0.04105842,0.404,0.38,0.309,0.352,1.302,5.502
2019-11-08 15:00:00,0.902,93.365166,0.043409586,0.405,0.38,0.309,0.402,1.352,5.502
2019-11-08 16:00:00,0.902,94.044685,0.038963795,0.406,0.38,0.309,0.402,1.352,5.502
2019-11-08 17:00:00,0.902,95.0722,0.032241285,0.409,0.38,0.309,0.45200002,1.352,5.502
2019-11-08 18:00:00,0.802,97.15482,0.018481731,0.413,0.38,0.309,0.45200002,1.352,5.502
2019-11-08 19:00:00,0.752,98.56772,0.009270251,0.416,0.38,0.309,0.45200002,1.4020001,5.452
2019-11-08 20:00:00,0.502,99.63947,0.002291739,0.418,0.38,0.309,0.502,1.4020001,5.452
2019-11-08 21:00:00,0.352,99.63903,0.0022698045,0.419,0.38,0.309,0.502,1.4020001,5.452
2019-11-08 22:00:00,0.15200001,99.638435,0.002240777,0.419,0.38,0.309,0.502,1.4020001,5.452
2019-11-08 23:00:00,-0.048,98.91702,0.006615281,0.419,0.38,0.309,0.502,1.4020001,5.452
2019-11-09 00:00:00,-0.29799998,97.484116,0.01509124,0.418,0.38,0.309,0.502,1.452,5.402
2019-11-09 01:00:00,-0.698,96.05908,0.02295965,0.418,0.381,0.309,0.502,1.452,5.402
2019-11-09 02:00:00,-1.2479999,94.9863,0.028057098,0.418,0.381,0.309,0.45200002,1.452,5.402
2019-11-09 03:00:00,-1.7479999,93.91703,0.032812238,0.418,0.381,0.309,0.402,1.452,5.402
2019-11-09 04:00:00,-2.148,93.201645,0.03560421,0.417,0.381,0.309,0.402,1.452,5.402
2019-11-09 05:00:00,-2.448,92.14781,0.04022008,0.417,0.381,0.309,0.352,1.452,5.402
2019-11-09 06:00:00,-2.698,91.44486,0.04301524,0.417,0.381,0.309,0.302,1.452,5.352
2019-11-09 07:00:00,-2.598,91.45168,0.043301195,0.416,0.381,0.309,0.302,1.452,5.352
2019-11-09 08:00:00,-2.698,91.44486,0.04301524,0.416,0.381,0.309,0.252,1.452,5.352
2019-11-09 09:00:00,-2.948,91.771484,0.040611237,0.416,0.381,0.309,0.302,1.452,5.352
2019-11-09 10:00:00,-3.198,91.41065,0.041609615,0.416,0.381,0.309,0.302,1.452,5.352
2019-11-09 11:00:00,-3.698,91.7219,0.038630933,0.415,0.381,0.309,0.302,1.452,5.352
2019-11-09 12:00:00,-4.298,90.98856,0.040200084,0.415,0.381,0.309,0.302,1.4020001,5.302
2019-11-09 13:00:00,-4.898,90.25326,0.04155469,0.415,0.381,0.309,0.302,1.4020001,5.302
2019-11-09 14:00:00,-5.498,89.17265,0.04410681,0.415,0.381,0.309,0.352,1.4020001,5.302
2019-11-09 15:00:00,-5.898,87.43362,0.049653113,0.415,0.381,0.309,0.352,1.4020001,5.302
2019-11-09 16:00:00,-6.198,86.39286,0.052545905,0.414,0.381,0.309,0.352,1.4020001,5.302
2019-11-09 17:00:00,-6.448,85.69668,0.054185748,0.414,0.382,0.309,0.352,1.4020001,5.252
2019-11-09 18:00:00,-6.648,85.008514,0.05592689,0.414,0.382,0.309,0.352,1.4020001,5.252
2019-11-09 19:00:00,-6.448,85.03196,0.05670345,0.414,0.382,0.309,0.352,1.4020001,5.252
2019-11-09 20:00:00,-6.748,83.67829,0.060422003,0.413,0.382,0.309,0.352,1.4020001,5.252
2019-11-09 21:00:00,-7.248,82.30993,0.0630106,0.413,0.382,0.309,0.402,1.4020001,5.252
2019-11-09 22:00:00,-7.898,81.24981,0.0635061,0.413,0.382,0.309,0.402,1.4020001,5.252
2019-11-09 23:00:00,-8.798,80.473724,0.06165102,0.413,0.382,0.309,0.402,1.4020001,5.252
2019-11-10 00:00:00,-9.848,80.96535,0.055335075,0.413,0.382,0.309,0.402,1.4020001,5.202
2019-11-10 01:00:00,-10.798,81.15352,0.05080989,0.412,0.382,0.309,0.402,1.4020001,5.202
2019-11-10 02:00:00,-11.748,81.6793,0.04577726,0.412,0.382,0.309,0.402,1.4020001,5.202
2019-11-10 03:00:00,-12.498,81.90763,0.042554334,0.412,0.382,0.309,0.402,1.4020001,5.202
2019-11-10 04:00:00,-12.648,81.5493,0.042873055,0.412,0.382,0.309,0.402,1.452,5.202
2019-11-10 05:00:00,-12.348,80.260185,0.046994,0.412,0.382,0.309,0.402,1.4020001,5.202
2019-11-10 06:00:00,-11.798,78.71229,0.052974105,0.411,0.382,0.309,0.402,1.452,5.152
2019-11-10 07:00:00,-11.148,78.818504,0.05552931,0.411,0.382,0.309,0.402,1.452,5.152
2019-11-10 08:00:00,-10.748,77.607956,0.060605273,0.411,0.382,0.309,0.402,1.452,5.152
2019-11-10 09:00:00,-10.698,77.93352,0.059962764,0.411,0.382,0.309,0.402,1.4020001,5.152
2019-11-10 10:00:00,-11.348,79.758736,0.052223086,0.411,0.382,0.309,0.402,1.4020001,5.152
2019-11-10 11:00:00,-12.898,82.52925,0.039782137,0.41,0.382,0.309,0.402,1.4020001,5.152
2019-11-10 12:00:00,-14.098,84.095955,0.032837078,0.41,0.382,0.309,0.402,1.4020001,5.152
2019-11-10 13:00:00,-15.148,86.825485,0.024947375,0.41,0.382,0.309,0.402,1.4020001,5.102
2019-11-10 14:00:00,-15.798,88.971565,0.01978682,0.41,0.382,0.309,0.352,1.4020001,5.102
2019-11-10 15:00:00,-17.248,88.08438,0.018930301,0.41,0.382,0.309,0.352,1.4020001,5.102
2019-11-10 16:00:00,-17.798,87.279205,0.019290015,0.41,0.382,0.309,0.352,1.4020001,5.102
2019-11-10 17:00:00,-17.448,86.20432,0.021548867,0.409,0.382,0.309,0.352,1.4020001,5.102
2019-11-10 18:00:00,-17.198,86.23276,0.021963447,0.409,0.383,0.309,0.352,1.4020001,5.102
2019-11-10 19:00:00,-17.148,86.238434,0.022047162,0.409,0.383,0.309,0.352,1.4020001,5.102
2019-11-10 20:00:00,-17.398,86.21003,0.021631211,0.409,0.383,0.309,0.302,1.4020001,5.052
2019-11-10 21:00:00,-17.498,85.83068,0.022038817,0.409,0.383,0.309,0.302,1.4020001,5.052
2019-11-10 22:00:00,-17.748,85.80146,0.02162148,0.409,0.383,0.309,0.302,1.4020001,5.052
2019-11-10 23:00:00,-18.348,84.99462,0.021713056,0.408,0.383,0.309,0.302,1.4020001,5.052
2019-11-11 00:00:00,-18.298,84.634895,0.02232831,0.408,0.383,0.309,0.302,1.4020001,5.052
2019-11-11 01:00:00,-18.998,83.81477,0.022153102,0.408,0.383,0.309,0.302,1.352,5.052
2019-11-11 02:00:00,-19.648,83.3629,0.021532796,0.408,0.383,0.309,0.252,1.352,5.002
2019-11-11 03:00:00,-20.148,82.92921,0.021158665,0.408,0.383,0.309,0.252,1.352,5.002
2019-11-11 04:00:00,-19.448,83.02678,0.022349663,0.408,0.383,0.309,0.252,1.352,5.002
2019-11-11 05:00:00,-17.648,82.91683,0.026233599,0.408,0.383,0.309,0.252,1.352,5.002
2019-11-11 06:00:00,-15.498,85.340744,0.026963487,0.407,0.383,0.309,0.252,1.352,5.002
2019-11-11 07:00:00,-13.098,84.5712,0.0345677,0.407,0.383,0.309,0.252,1.352,5.002
2019-11-11 08:00:00,-11.648,81.69364,0.046110272,0.407,0.383,0.309,0.252,1.352,5.002
2019-11-11 09:00:00,-10.548,80.208405,0.054429322,0.407,0.383,0.309,0.252,1.352,4.952
2019-11-11 10:00:00,-10.098,80.92842,0.05435668,0.407,0.383,0.309,0.252,1.352,4.952
2019-11-11 11:00:00,-10.098,81.58444,0.052487567,0.407,0.383,0.309,0.252,1.302,4.952
2019-11-11 12:00:00,-9.898,81.613075,0.05324188,0.407,0.383,0.309,0.252,1.302,4.952
2019-11-11 13:00:00,-9.798,81.29946,0.054579258,0.406,0.383,0.309,0.252,1.302,4.952
2019-11-11 14:00:00,-9.548,81.00951,0.056529358,0.406,0.383,0.309,0.252,1.302,4.952
2019-11-11 15:00:00,-8.998,80.44365,0.06078571,0.406,0.383,0.309,0.252,1.302,4.952
2019-11-11 16:00:00,-8.748,79.84046,0.06389928,0.406,0.383,0.309,0.252,1.302,4.952
2019-11-11 17:00:00,-8.448,79.251785,0.06732488,0.406,0.383,0.309,0.252,1.302,4.902
2019-11-11 18:00:00,-8.348,78.32424,0.07088441,0.406,0.383,0.309,0.252,1.302,4.902
2019-11-11 19:00:00,-7.848,76.86109,0.07866964,0.406,0.383,0.309,0.252,1.302,4.902
2019-11-11 20:00:00,-7.648,77.50964,0.077661335,0.406,0.383,0.309,0.302,1.302,4.902
2019-11-11 21:00:00,-7.448,78.782745,0.07441041,0.405,0.383,0.309,0.302,1.302,4.902
2019-11-11 22:00:00,-7.148,80.08534,0.071481794,0.405,0.383,0.309,0.302,1.302,4.902
2019-11-11 23:00:00,-6.948,81.38619,0.06785226,0.405,0.383,0.309,0.302,1.302,4.902
2019-11-12 00:00:00,-6.698,82.7081,0.06425926,0.405,0.383,0.309,0.302,1.302,4.852
2019-11-12 01:00:00,-6.448,84.04349,0.060447246,0.405,0.383,0.309,0.302,1.302,4.852
2019-11-12 02:00:00,-6.148,85.06703,0.057885796,0.405,0.383,0.309,0.302,1.302,4.852
2019-11-12 03:00:00,-5.948,86.08556,0.05476919,0.405,0.383,0.309,0.302,1.302,4.852
2019-11-12 04:00:00,-5.398,86.14546,0.0568673,0.405,0.383,0.309,0.302,1.302,4.852
2019-11-12 05:00:00,-4.548,85.25203,0.06455889,0.404,0.383,0.309,0.302,1.302,4.852
2019-11-12 06:00:00,-3.648,84.385544,0.07313523,0.404,0.383,0.309,0.352,1.302,4.852
2019-11-12 07:00:00,-2.598,83.24348,0.08487347,0.404,0.383,0.309,0.352,1.302,4.852
2019-11-12 08:00:00,-2.098,82.99394,0.0893864,0.404,0.383,0.309,0.352,1.302,4.802
2019-11-12 09:00:00,-1.8479999,83.02618,0.090878725,0.404,0.383,0.31,0.352,1.302,4.802
2019-11-12 10:00:00,-1.898,83.33248,0.08891052,0.404,0.383,0.31,0.352,1.302,4.802
2019-11-12 11:00:00,-2.248,84.5526,0.08029941,0.404,0.383,0.31,0.402,1.302,4.802
2019-11-12 12:00:00,-2.748,85.45618,0.07285142,0.404,0.383,0.31,0.402,1.302,4.802
2019-11-12 13:00:00,-3.098,85.41682,0.0711706,0.403,0.383,0.31,0.402,1.302,4.802
2019-11-12 14:00:00,-3.448,85.37727,0.069523394,0.403,0.383,0.31,0.402,1.302,4.802
2019-11-12 15:00:00,-3.7979999,85.01313,0.069411695,0.403,0.383,0.31,0.402,1.302,4.802
2019-11-12 16:00:00,-4.098,83.688675,0.07386246,0.403,0.383,0.31,0.402,1.302,4.752
2019-11-12 17:00:00,-4.398,82.060196,0.07942146,0.403,0.383,0.31,0.402,1.302,4.752
2019-11-12 18:00:00,-4.798,80.748795,0.0826906,0.403,0.383,0.31,0.402,1.302,4.752
2019-11-12 19:00:00,-4.948,78.872314,0.0897243,0.403,0.383,0.31,0.45200002,1.302,4.752
2019-11-12 20:00:00,-5.298,77.29699,0.09388673,0.403,0.383,0.31,0.45200002,1.352,4.752
2019-11-12 21:00:00,-5.498,76.66187,0.09505597,0.403,0.383,0.31,0.45200002,1.352,4.752
2019-11-12 22:00:00,-5.798,76.910675,0.0919179,0.403,0.383,0.31,0.45200002,1.352,4.752
2019-11-12 23:00:00,-5.998,77.1785,0.089475274,0.402,0.383,0.31,0.45200002,1.352,4.752
2019-11-13 00:00:00,-6.248,78.35715,0.08324826,0.402,0.383,0.31,0.45200002,1.352,4.702
2019-11-13 01:00:00,-6.448,78.94244,0.0797655,0.402,0.383,0.31,0.45200002,1.352,4.702
2019-11-13 02:00:00,-6.698,79.83911,0.074917704,0.402,0.383,0.31,0.45200002,1.352,4.702
2019-11-13 03:00:00,-6.948,80.7487,0.07017544,0.402,0.383,0.31,0.45200002,1.352,4.702
2019-11-13 04:00:00,-6.748,80.46143,0.07232723,0.402,0.383,0.31,0.45200002,1.352,4.702
2019-11-13 05:00:00,-5.998,79.63406,0.07985067,0.402,0.383,0.31,0.45200002,1.352,4.702
2019-11-13 06:00:00,-4.998,79.478546,0.08682102,0.402,0.383,0.31,0.45200002,1.352,4.702
2019-11-13 07:00:00,-3.7979999,80.2761,0.0913465,0.402,0.383,0.31,0.45200002,1.352,4.702
2019-11-13 08:00:00,-3.248,80.357445,0.09479061,0.402,0.383,0.31,0.502,1.352,4.702
2019-11-13 09:00:00,-3.198,81.910835,0.08762199,0.401,0.383,0.31,0.502,1.352,4.652
2019-11-13 10:00:00,-3.2979999,83.47061,0.07947263,0.401,0.383,0.31,0.502,1.352,4.652
2019-11-13 11:00:00,-4.048,86.62039,0.060816854,0.401,0.383,0.31,0.502,1.352,4.652
2019-11-13 12:00:00,-4.548,88.57578,0.05001104,0.401,0.384,0.31,0.502,1.352,4.652
2019-11-13 13:00:00,-4.998,89.90105,0.042731404,0.401,0.384,0.31,0.502,1.352,4.652
2019-11-13 14:00:00,-4.998,91.2858,0.036872655,0.401,0.384,0.31,0.502,1.4020001,4.652
2019-11-13 15:00:00,-4.798,92.34917,0.032867342,0.401,0.384,0.31,0.552,1.4020001,4.652
2019-11-13 16:00:00,-4.448,93.074356,0.030548781,0.401,0.384,0.31,0.552,1.4020001,4.652
2019-11-13 17:00:00,-4.398,93.43061,0.029086918,0.401,0.384,0.31,0.552,1.4020001,4.652
2019-11-13 18:00:00,-4.148,93.44392,0.02957943,0.401,0.384,0.31,0.552,1.4020001,4.652
2019-11-13 19:00:00,-3.598,93.12182,0.032339633,0.401,0.384,0.31,0.552,1.4020001,4.602
2019-11-13 20:00:00,-3.448,93.130135,0.032664955,0.4,0.384,0.31,0.552,1.4020001,4.602
2019-11-13 21:00:00,-3.2979999,93.48887,0.031308174,0.4,0.384,0.31,0.602,1.4020001,4.602
2019-11-13 22:00:00,-3.2979999,94.19323,0.027921498,0.4,0.384,0.31,0.602,1.4020001,4.602
2019-11-13 23:00:00,-3.248,94.54938,0.026306987,0.4,0.384,0.31,0.602,1.4020001,4.602
2019-11-14 00:00:00,-3.348,93.837975,0.02951923,0.4,0.384,0.31,0.602,1.4020001,4.602
2019-11-14 01:00:00,-3.448,93.130135,0.032664955,0.4,0.384,0.31,0.602,1.4020001,4.602
2019-11-14 02:00:00,-3.598,92.07512,0.03726068,0.4,0.384,0.31,0.652,1.452,4.602
2019-11-14 03:00:00,-4.098,90.65857,0.04230377,0.4,0.384,0.31,0.652,1.452,4.602
2019-11-14 04:00:00,-4.898,88.88359,0.0473935,0.4,0.384,0.31,0.652,1.452,4.602
2019-11-14 05:00:00,-5.648,86.45159,0.054563016,0.4,0.384,0.31,0.652,1.452,4.552
2019-11-14 06:00:00,-6.148,85.06703,0.057885796,0.4,0.384,0.31,0.652,1.452,4.552
2019-11-14 07:00:00,-5.848,84.77274,0.060394973,0.4,0.384,0.31,0.652,1.452,4.552
2019-11-14 08:00:00,-6.148,83.42874,0.064235,0.399,0.384,0.31,0.652,1.452,4.552
2019-11-14 09:00:00,-6.448,82.41876,0.06660062,0.399,0.384,0.31,0.652,1.452,4.552
2019-11-14 10:00:00,-6.748,82.37806,0.065234184,0.399,0.384,0.31,0.652,1.452,4.552
2019-11-14 11:00:00,-7.248,82.96004,0.06069556,0.399,0.384,0.31,0.70199996,1.452,4.552
2019-11-14 12:00:00,-7.948,82.53996,0.058908314,0.399,0.384,0.31,0.70199996,1.5020001,4.552
2019-11-14 13:00:00,-8.548,81.47964,0.059630603,0.399,0.384,0.31,0.70199996,1.5020001,4.552
2019-11-14 14:00:00,-9.148,80.09924,0.06113185,0.399,0.384,0.31,0.652,1.5020001,4.552
2019-11-14 15:00:00,-9.848,79.02871,0.06096275,0.399,0.384,0.31,0.652,1.5020001,4.552
2019-11-14 16:00:00,-10.648,78.26003,0.059311524,0.399,0.384,0.31,0.652,1.5020001,4.552
2019-11-14 17:00:00,-11.698,77.76421,0.055778667,0.399,0.384,0.31,0.652,1.5020001,4.502
2019-11-14 18:00:00,-12.698,77.59306,0.05185081,0.399,0.384,0.31,0.652,1.5020001,4.502
2019-11-14 19:00:00,-13.298,76.845695,0.051029608,0.399,0.384,0.31,0.652,1.5020001,4.502
2019-11-14 20:00:00,-14.148,76.69417,0.04791382,0.399,0.384,0.31,0.602,1.5020001,4.502
2019-11-14 21:00:00,-14.848,76.244995,0.046100765,0.399,0.384,0.31,0.602,1.5020001,4.502
2019-11-14 22:00:00,-15.548,76.116714,0.04373701,0.398,0.384,0.31,0.602,1.5020001,4.502
2019-11-14 23:00:00,-16.198,75.996735,0.041637495,0.398,0.384,0.31,0.602,1.5020001,4.502
2019-11-15 00:00:00,-16.848,75.8759,0.03962651,0.398,0.384,0.31,0.552,1.5020001,4.502
2019-11-15 01:00:00,-17.448,75.10963,0.03886643,0.398,0.384,0.31,0.552,1.5020001,4.502
2019-11-15 02:00:00,-18.148,75.30254,0.036341347,0.398,0.384,0.31,0.552,1.452,4.502
2019-11-15 03:00:00,-18.848,74.838745,0.034874775,0.398,0.384,0.31,0.502,1.452,4.502
2019-11-15 04:00:00,-19.198,75.10043,0.03349124,0.398,0.384,0.31,0.502,1.452,4.502
2019-11-15 05:00:00,-18.598,73.26282,0.03785854,0.398,0.384,0.31,0.502,1.452,4.502
2019-11-15 06:00:00,-17.398,70.99179,0.04548247,0.398,0.384,0.31,0.45200002,1.452,4.452
2019-11-15 07:00:00,-16.498,72.42767,0.04663699,0.398,0.384,0.31,0.45200002,1.452,4.452
2019-11-15 08:00:00,-15.548,71.39039,0.05238515,0.398,0.384,0.31,0.45200002,1.452,4.452
2019-11-15 09:00:00,-14.798,70.34007,0.057789057,0.398,0.384,0.31,0.45200002,1.4020001,4.452
2019-11-15 10:00:00,-14.348,69.545395,0.061578214,0.398,0.384,0.31,0.45200002,1.4020001,4.452
2019-11-15 11:00:00,-14.698,71.267006,0.05644858,0.398,0.384,0.31,0.45200002,1.4020001,4.452
2019-11-15 12:00:00,-16.398,74.98725,0.042667,0.397,0.384,0.31,0.402,1.4020001,4.452
2019-11-15 13:00:00,-17.948,77.33215,0.033929184,0.397,0.384,0.31,0.402,1.4020001,4.452
2019-11-15 14:00:00,-19.348,79.13925,0.027702793,0.397,0.384,0.31,0.402,1.4020001,4.452
2019-11-15 15:00:00,-20.298,79.33024,0.02528534,0.397,0.384,0.31,0.402,1.4020001,4.452
2019-11-15 16:00:00,-20.848,78.53727,0.025027432,0.397,0.384,0.31,0.352,1.352,4.452
2019-11-15 17:00:00,-21.048,77.11483,0.026222736,0.397,0.384,0.31,0.352,1.352,4.452
2019-11-15 18:00:00,-21.148,76.06943,0.027180798,0.397,0.384,0.31,0.352,1.352,4.402
2019-11-15 19:00:00,-20.948,74.758415,0.029174209,0.397,0.384,0.31,0.302,1.352,4.402
2019-11-15 20:00:00,-20.698,73.81184,0.03093464,0.397,0.383,0.31,0.302,1.352,4.402
2019-11-15 21:00:00,-20.398,73.21672,0.032473832,0.397,0.384,0.31,0.302,1.302,4.402
2019-11-15 22:00:00,-19.948,72.016785,0.0352775,0.397,0.383,0.31,0.252,1.302,4.402
2019-11-15 23:00:00,-19.548,71.46502,0.037237212,0.397,0.383,0.31,0.252,1.302,4.402
2019-11-16 00:00:00,-19.248,70.89905,0.038968816,0.397,0.383,0.31,0.252,1.302,4.402
2019-11-16 01:00:00,-18.948,70.6519,0.040325105,0.397,0.383,0.31,0.252,1.302,4.402
2019-11-16 02:00:00,-18.548,70.429115,0.042046234,0.397,0.383,0.31,0.202,1.2520001,4.402
2019-11-16 03:00:00,-17.598,69.71836,0.04668024,0.397,0.383,0.31,0.202,1.2520001,4.402
2019-11-16 04:00:00,-15.598,67.49695,0.059260182,0.396,0.383,0.31,0.202,1.2520001,4.402
2019-11-16 05:00:00,-13.248,65.50058,0.076320484,0.396,0.383,0.31,0.202,1.2520001,4.352
2019-11-16 06:00:00,-11.448,64.30259,0.09133218,0.396,0.383,0.31,0.202,1.2520001,4.352
2019-11-16 07:00:00,-9.348,64.81865,0.10635197,0.396,0.383,0.31,0.202,1.202,4.352
2019-11-16 08:00:00,-8.198,66.164154,0.11192563,0.396,0.383,0.31,0.202,1.202,4.352
2019-11-16 09:00:00,-7.248,67.193306,0.1168244,0.396,0.383,0.31,0.202,1.202,4.352
2019-11-16 10:00:00,-6.548,68.438095,0.11862096,0.396,0.383,0.31,0.202,1.202,4.352
2019-11-16 11:00:00,-6.148,69.62475,0.1177184,0.396,0.383,0.31,0.202,1.202,4.352
2019-11-16 12:00:00,-5.848,70.243126,0.117997736,0.396,0.383,0.31,0.202,1.202,4.352
2019-11-16 13:00:00,-5.148,70.3905,0.12383759,0.396,0.383,0.31,0.252,1.202,4.352
2019-11-16 14:00:00,-4.948,71.266525,0.122011155,0.396,0.383,0.31,0.252,1.202,4.352
2019-11-16 15:00:00,-5.148,72.92216,0.11325365,0.396,0.383,0.31,0.252,1.1520001,4.352
2019-11-16 16:00:00,-5.798,75.12201,0.09903586,0.396,0.383,0.31,0.252,1.1520001,4.302
2019-11-16 17:00:00,-6.598,77.38061,0.08469871,0.396,0.383,0.31,0.252,1.1520001,4.302
2019-11-16 18:00:00,-7.398,79.103264,0.07357082,0.396,0.383,0.31,0.252,1.1520001,4.302
2019-11-16 19:00:00,-8.048,79.948135,0.067126065,0.396,0.383,0.31,0.252,1.1520001,4.302
2019-11-16 20:00:00,-8.648,81.14111,0.06024745,0.396,0.383,0.31,0.252,1.1520001,4.302
2019-11-16 21:00:00,-9.098,82.38318,0.054331064,0.395,0.383,0.31,0.252,1.1520001,4.302
2019-11-16 22:00:00,-9.398,83.337135,0.050192192,0.395,0.383,0.31,0.252,1.1520001,4.302
2019-11-16 23:00:00,-9.248,83.69047,0.049711227,0.395,0.383,0.31,0.252,1.1520001,4.302
2019-11-17 00:00:00,-9.248,84.36156,0.04766634,0.395,0.383,0.31,0.252,1.1520001,4.302
2019-11-17 01:00:00,-9.048,84.723045,0.047301948,0.395,0.383,0.31,0.252,1.1520001,4.302
2019-11-17 02:00:00,-8.748,85.09646,0.047243655,0.395,0.383,0.31,0.252,1.1520001,4.302
2019-11-17 03:00:00,-8.348,85.48099,0.047485918,0.395,0.383,0.31,0.252,1.1520001,4.252
2019-11-17 04:00:00,-7.848,85.5382,0.049175322,0.395,0.383,0.31,0.252,1.1520001,4.252
2019-11-17 05:00:00,-7.048,85.2947,0.053196132,0.395,0.383,0.31,0.252,1.1520001,4.252
2019-11-17 06:00:00,-5.998,84.426506,0.06106451,0.395,0.383,0.31,0.252,1.1520001,4.252
2019-11-17 07:00:00,-5.198,85.17726,0.06177181,0.395,0.383,0.31,0.252,1.1520001,4.252
2019-11-17 08:00:00,-4.548,84.60074,0.06740934,0.395,0.383,0.31,0.252,1.1520001,4.252
2019-11-17 09:00:00,-3.848,83.400856,0.07658991,0.395,0.383,0.31,0.252,1.1520001,4.252
2019-11-17 10:00:00,-3.598,82.483376,0.08235067,0.395,0.383,0.31,0.302,1.1520001,4.252
2019-11-17 11:00:00,-3.748,83.09575,0.0785844,0.395,0.383,0.31,0.302,1.1520001,4.252
2019-11-17 12:00:00,-3.9980001,83.70121,0.07436237,0.395,0.383,0.31,0.302,1.1520001,4.252
2019-11-17 13:00:00,-4.248,84.960846,0.067338645,0.395,0.383,0.31,0.302,1.1520001,4.252
2019-11-17 14:00:00,-4.548,85.907745,0.0616889,0.395,0.383,0.31,0.302,1.1520001,4.252
2019-11-17 15:00:00,-4.748,87.21261,0.05513853,0.395,0.383,0.31,0.302,1.1520001,4.202
2019-11-17 16:00:00,-4.948,87.863716,0.05154559,0.394,0.383,0.31,0.302,1.1520001,4.202
2019-11-17 17:00:00,-5.148,88.86149,0.046596706,0.394,0.383,0.31,0.302,1.1520001,4.202
2019-11-17 18:00:00,-5.348,88.84377,0.04596761,0.394,0.383,0.31,0.302,1.1520001,4.202
2019-11-17 19:00:00,-5.548,89.51184,0.04256302,0.394,0.383,0.31,0.302,1.1520001,4.202
2019-11-17 20:00:00,-5.848,90.178795,0.038955867,0.394,0.383,0.31,0.302,1.1520001,4.202
2019-11-17 21:00:00,-6.098,90.50756,0.03693971,0.394,0.383,0.31,0.302,1.1520001,4.202
2019-11-17 22:00:00,-6.198,90.84989,0.035336375,0.394,0.383,0.31,0.302,1.1520001,4.202
2019-11-17 23:00:00,-6.298,91.19395,0.03374839,0.394,0.383,0.31,0.302,1.1520001,4.202
2019-11-18 00:00:00,-6.248,91.55003,0.032508105,0.394,0.383,0.31,0.302,1.1520001,4.202
2019-11-18 01:00:00,-5.648,91.24004,0.035280675,0.394,0.383,0.31,0.352,1.1520001,4.202
2019-11-18 02:00:00,-5.498,91.25064,0.035642684,0.394,0.383,0.31,0.352,1.1520001,4.202
2019-11-18 03:00:00,-5.348,91.61129,0.03456554,0.394,0.383,0.31,0.352,1.1520001,4.202
2019-11-18 04:00:00,-4.848,91.645035,0.03575647,0.394,0.383,0.31,0.352,1.1520001,4.152
2019-11-18 05:00:00,-4.048,90.662315,0.042446077,0.394,0.383,0.31,0.352,1.1520001,4.152
2019-11-18 06:00:00,-3.248,89.02782,0.05295384,0.394,0.383,0.311,0.352,1.1520001,4.152
2019-11-18 07:00:00,-2.948,89.38951,0.052366227,0.394,0.383,0.311,0.352,1.1520001,4.152
2019-11-18 08:00:00,-2.398,86.465675,0.069578946,0.394,0.383,0.311,0.352,1.1520001,4.152
2019-11-18 09:00:00,-2.248,85.51217,0.07531196,0.394,0.383,0.311,0.352,1.1520001,4.152
2019-11-18 10:00:00,-2.398,85.17414,0.07621774,0.394,0.383,0.311,0.402,1.1520001,4.152
2019-11-18 11:00:00,-2.698,85.78483,0.07147041,0.394,0.383,0.311,0.402,1.1520001,4.152
2019-11-18 12:00:00,-3.148,86.71399,0.064599544,0.394,0.383,0.311,0.402,1.1520001,4.152
2019-11-18 13:00:00,-3.498,87.668884,0.058410525,0.394,0.383,0.311,0.402,1.1520001,4.152
2019-11-18 14:00:00,-3.7979999,87.97319,0.05570382,0.393,0.383,0.311,0.402,1.202,4.152
2019-11-18 15:00:00,-4.298,88.936356,0.049354017,0.393,0.383,0.311,0.402,1.202,4.152
2019-11-18 16:00:00,-4.998,89.21569,0.04563096,0.393,0.383,0.311,0.402,1.202,4.152
2019-11-18 17:00:00,-5.698,89.844345,0.040745705,0.393,0.383,0.311,0.402,1.202,4.102
2019-11-18 18:00:00,-6.248,89.79948,0.03924191,0.393,0.383,0.311,0.402,1.202,4.102
2019-11-18 19:00:00,-6.298,88.074036,0.04570341,0.393,0.383,0.311,0.402,1.202,4.102
2019-11-18 20:00:00,-6.498,87.03489,0.048928976,0.393,0.383,0.311,0.402,1.202,4.102
2019-11-18 21:00:00,-6.848,86.32295,0.050245404,0.393,0.383,0.311,0.402,1.202,4.102
2019-11-18 22:00:00,-7.248,85.271576,0.05246377,0.393,0.383,0.311,0.402,1.202,4.102
2019-11-18 23:00:00,-8.098,82.51962,0.058292925,0.393,0.383,0.311,0.402,1.202,4.102
2019-11-19 00:00:00,-9.898,79.984085,0.057957068,0.393,0.383,0.311,0.402,1.202,4.102
2019-11-19 01:00:00,-11.948,77.401955,0.05555868,0.393,0.383,0.311,0.402,1.202,4.102
2019-11-19 02:00:00,-13.798,75.79689,0.051205605,0.393,0.383,0.311,0.402,1.202,4.102
2019-11-19 03:00:00,-15.148,74.271904,0.048703283,0.393,0.383,0.311,0.402,1.202,4.102
2019-11-19 04:00:00,-16.398,73.708084,0.044847324,0.393,0.383,0.311,0.402,1.202,4.102
2019-11-19 05:00:00,-17.248,71.64528,0.045025848,0.393,0.383,0.311,0.352,1.202,4.102
2019-11-19 06:00:00,-17.848,70.27542,0.044861108,0.393,0.383,0.311,0.352,1.202,4.102
2019-11-19 07:00:00,-17.898,69.04191,0.046522833,0.393,0.383,0.311,0.352,1.202,4.052
2019-11-19 08:00:00,-17.998,68.1142,0.047509998,0.393,0.383,0.311,0.352,1.202,4.052
2019-11-19 09:00:00,-18.148,68.07897,0.04695928,0.393,0.383,0.311,0.302,1.202,4.052
2019-11-19 10:00:00,-18.548,70.11931,0.042486273,0.393,0.383,0.311,0.302,1.202,4.052
2019-11-19 11:00:00,-19.648,72.7234,0.035290852,0.393,0.383,0.311,0.302,1.202,4.052
2019-11-19 12:00:00,-21.098,73.73039,0.02996578,0.393,0.383,0.311,0.302,1.1520001,4.052
2019-11-19 13:00:00,-22.248,73.828125,0.026982918,0.392,0.383,0.311,0.252,1.1520001,4.052
2019-11-19 14:00:00,-23.298,73.612175,0.0247823,0.392,0.383,0.311,0.252,1.1520001,4.052
2019-11-19 15:00:00,-24.298,73.743904,0.02254323,0.392,0.383,0.311,0.202,1.1520001,4.052
2019-11-19 16:00:00,-25.298,73.87918,0.020485803,0.392,0.383,0.311,0.202,1.1520001,4.052
2019-11-19 17:00:00,-26.198,74.38709,0.01850231,0.392,0.383,0.311,0.202,1.1520001,4.052
2019-11-19 18:00:00,-26.848,74.957794,0.017040081,0.392,0.383,0.311,0.15200001,1.1520001,4.052
2019-11-19 19:00:00,-27.548,76.249405,0.015147541,0.392,0.383,0.311,0.15200001,1.102,4.052
2019-11-19 20:00:00,-28.148,76.86188,0.013954785,0.392,0.383,0.311,0.102,1.102,4.052
2019-11-19 21:00:00,-28.748,77.48592,0.0128362365,0.392,0.383,0.311,0.102,1.102,4.052
2019-11-19 22:00:00,-29.198,77.4022,0.012349185,0.392,0.383,0.311,0.052,1.102,4.002
2019-11-19 23:00:00,-29.398,76.623245,0.012535218,0.392,0.383,0.311,0.052,1.052,4.002
2019-11-20 00:00:00,-29.448,76.24515,0.012677625,0.392,0.383,0.311,0.052,1.052,4.002
2019-11-20 01:00:00,-29.348,76.63287,0.012589466,0.392,0.383,0.311,0.0020000003,1.052,4.002
2019-11-20 02:00:00,-29.448,76.61364,0.012481183,0.392,0.383,0.311,0.0020000003,1.052,4.002
2019-11-20 03:00:00,-29.648,76.5751,0.012267105,0.392,0.383,0.311,-0.048,1.052,4.002
2019-11-20 04:00:00,-28.948,75.250206,0.013846416,0.392,0.383,0.311,-0.048,1.002,4.002
2019-11-20 05:00:00,-26.898,71.14697,0.019539341,0.392,0.383,0.311,-0.048,1.002,4.002
2019-11-20 06:00:00,-25.198,69.22435,0.02435194,0.392,0.383,0.311,-0.098000005,1.002,4.002
2019-11-20 07:00:00,-23.798,67.961205,0.028765988,0.392,0.383,0.311,-0.098000005,1.002,4.002
2019-11-20 08:00:00,-22.398,66.1418,0.034436606,0.392,0.383,0.311,-0.098000005,1.002,4.002
2019-11-20 09:00:00,-21.598,64.84582,0.03836707,0.392,0.383,0.311,-0.098000005,0.95199996,4.002
2019-11-20 10:00:00,-21.548,67.87987,0.03521447,0.392,0.383,0.311,-0.098000005,0.95199996,4.002
2019-11-20 11:00:00,-22.298,70.53832,0.030236803,0.392,0.383,0.311,-0.148,0.95199996,3.9520001
2019-11-20 12:00:00,-23.648,71.53884,0.025903672,0.392,0.383,0.311,-0.148,0.95199996,3.9520001
2019-11-20 13:00:00,-24.798,73.2993,0.021912176,0.392,0.383,0.311,-0.148,0.95199996,3.9520001
2019-11-20 14:00:00,-25.648,74.49925,0.01937227,0.392,0.383,0.311,-0.148,0.95199996,3.9520001
2019-11-20 15:00:00,-26.348,75.0582,0.017771639,0.391,0.383,0.311,-0.198,0.95199996,3.9520001
2019-11-20 16:00:00,-26.698,74.635506,0.017499633,0.391,0.383,0.311,-0.198,0.902,3.9520001
2019-11-20 17:00:00,-26.898,74.5948,0.017207183,0.391,0.383,0.311,-0.198,0.902,3.9520001
2019-11-20 18:00:00,-26.398,73.99737,0.018441688,0.391,0.383,0.311,-0.24800001,0.902,3.9520001
2019-11-20 19:00:00,-26.998,75.638405,0.01634932,0.391,0.383,0.311,-0.24800001,0.902,3.9520001
2019-11-20 20:00:00,-27.298,76.29764,0.015471671,0.391,0.382,0.311,-0.24800001,0.902,3.9520001
2019-11-20 21:00:00,-27.748,77.30322,0.014209304,0.391,0.382,0.311,-0.24800001,0.902,3.9520001
2019-11-20 22:00:00,-28.398,77.92135,0.013008554,0.391,0.382,0.311,-0.29799998,0.902,3.9520001
2019-11-20 23:00:00,-28.798,78.2215,0.012359031,0.391,0.382,0.311,-0.29799998,0.902,3.9520001
2019-11-21 00:00:00,-28.898,77.82996,0.012463197,0.391,0.382,0.311,-0.29799998,0.852,3.902
2019-11-21 01:00:00,-29.098,78.16726,0.012044646,0.391,0.382,0.311,-0.348,0.852,3.902
2019-11-21 02:00:00,-29.098,77.79324,0.012250766,0.391,0.382,0.311,-0.348,0.852,3.902
2019-11-21 03:00:00,-29.148,77.78405,0.012198158,0.391,0.382,0.311,-0.348,0.852,3.902
2019-11-21 04:00:00,-28.648,77.50449,0.012946729,0.391,0.382,0.311,-0.348,0.852,3.902
2019-11-21 05:00:00,-26.848,74.60499,0.01727986,0.391,0.382,0.311,-0.398,0.852,3.902
2019-11-21 06:00:00,-25.248,73.204414,0.021110162,0.391,0.382,0.311,-0.398,0.852,3.902
2019-11-21 07:00:00,-23.048,71.67059,0.027203426,0.391,0.382,0.311,-0.398,0.852,3.902
2019-11-21 08:00:00,-21.598,71.33778,0.03128992,0.391,0.382,0.311,-0.398,0.802,3.902
2019-11-21 09:00:00,-20.798,71.51265,0.033355623,0.391,0.382,0.311,-0.398,0.802,3.902
2019-11-21 10:00:00,-20.648,73.49283,0.03144782,0.391,0.382,0.311,-0.398,0.802,3.902
2019-11-21 11:00:00,-21.048,75.41078,0.028173603,0.391,0.382,0.311,-0.398,0.802,3.902
2019-11-21 12:00:00,-21.548,76.33564,0.025952429,0.391,0.382,0.311,-0.448,0.802,3.852
2019-11-21 13:00:00,-21.798,76.97793,0.024699658,0.391,0.382,0.311,-0.448,0.802,3.852
2019-11-21 14:00:00,-21.898,76.959564,0.024502546,0.391,0.382,0.311,-0.448,0.802,3.852
2019-11-21 15:00:00,-21.948,76.950386,0.02440454,0.391,0.382,0.311,-0.448,0.802,3.852
2019-11-21 16:00:00,-22.048,77.628,0.02347967,0.391,0.382,0.311,-0.448,0.802,3.852
2019-11-21 17:00:00,-22.148,78.31218,0.022562124,0.391,0.382,0.311,-0.448,0.752,3.852
2019-11-21 18:00:00,-22.248,78.29473,0.022381626,0.391,0.382,0.311,-0.448,0.752,3.852
2019-11-21 19:00:00,-22.498,78.251,0.02193591,0.391,0.382,0.311,-0.49800003,0.752,3.852
2019-11-21 20:00:00,-22.598,78.23349,0.021759816,0.391,0.382,0.311,-0.49800003,0.752,3.852
2019-11-21 21:00:00,-22.648,78.224724,0.021672234,0.391,0.382,0.311,-0.49800003,0.752,3.852
2019-11-21 22:00:00,-22.598,77.88062,0.022112273,0.39,0.382,0.311,-0.49800003,0.752,3.852
2019-11-21 23:00:00,-22.598,77.88062,0.022112273,0.39,0.382,0.311,-0.49800003,0.752,3.852
2019-11-22 00:00:00,-22.648,77.520195,0.02237285,0.39,0.382,0.311,-0.49800003,0.752,3.802
2019-11-22 01:00:00,-22.698,77.86284,0.021934547,0.39,0.382,0.311,-0.49800003,0.752,3.802
2019-11-22 02:00:00,-22.898,77.8272,0.021582834,0.39,0.382,0.311,-0.54800004,0.752,3.802
2019-11-22 03:00:00,-23.098,77.79147,0.021236114,0.39,0.382,0.311,-0.54800004,0.70199996,3.802
2019-11-22 04:00:00,-22.898,77.8272,0.021582834,0.39,0.382,0.311,-0.54800004,0.70199996,3.802
2019-11-22 05:00:00,-21.748,76.64189,0.025170393,0.39,0.382,0.311,-0.54800004,0.70199996,3.802
2019-11-22 06:00:00,-20.048,75.26832,0.03091313,0.39,0.382,0.311,-0.54800004,0.70199996,3.802
2019-11-22 07:00:00,-18.848,74.838745,0.034874775,0.39,0.382,0.311,-0.54800004,0.70199996,3.802
2019-11-22 08:00:00,-17.798,74.71651,0.038326293,0.39,0.382,0.311,-0.54800004,0.70199996,3.802
2019-11-22 09:00:00,-17.148,75.167175,0.039771847,0.39,0.382,0.311,-0.54800004,0.70199996,3.802
2019-11-22 10:00:00,-16.948,76.51411,0.038255557,0.39,0.382,0.311,-0.54800004,0.70199996,3.802
2019-11-22 11:00:00,-17.448,78.76991,0.03315451,0.39,0.382,0.311,-0.54800004,0.70199996,3.752
2019-11-22 12:00:00,-17.548,79.77945,0.031312764,0.39,0.382,0.311,-0.54800004,0.70199996,3.752
2019-11-22 13:00:00,-16.898,79.883575,0.032908484,0.39,0.382,0.311,-0.54800004,0.70199996,3.752
2019-11-22 14:00:00,-15.948,80.0344,0.035368368,0.39,0.382,0.311,-0.54800004,0.652,3.752
2019-11-22 15:00:00,-15.248,80.1445,0.03728208,0.39,0.382,0.311,-0.54800004,0.652,3.752
2019-11-22 16:00:00,-14.748,79.215904,0.04067284,0.39,0.382,0.311,-0.54800004,0.652,3.752
2019-11-22 17:00:00,-14.498,80.2615,0.03943214,0.39,0.382,0.311,-0.54800004,0.652,3.752
2019-11-22 18:00:00,-14.648,82.28457,0.034957558,0.39,0.382,0.311,-0.54800004,0.652,3.752
2019-11-22 19:00:00,-14.298,81.99049,0.036576584,0.39,0.382,0.311,-0.54800004,0.652,3.752
2019-11-22 20:00:00,-14.548,82.64401,0.034532055,0.39,0.382,0.311,-0.54800004,0.652,3.752
2019-11-22 21:00:00,-14.598,82.98381,0.033717036,0.39,0.382,0.311,-0.54800004,0.652,3.752
2019-11-22 22:00:00,-14.398,81.63378,0.036995232,0.39,0.382,0.311,-0.54800004,0.652,3.752
2019-11-22 23:00:00,-14.198,82.00478,0.036849096,0.39,0.382,0.311,-0.54800004,0.652,3.7020001
2019-11-23 00:00:00,-14.048,82.71311,0.035837755,0.39,0.382,0.311,-0.54800004,0.652,3.7020001
2019-11-23 01:00:00,-13.948,83.41841,0.034659147,0.39,0.382,0.311,-0.54800004,0.652,3.7020001
2019-11-23 02:00:00,-13.948,83.76611,0.03393264,0.39,0.382,0.311,-0.54800004,0.652,3.7020001
2019-11-23 03:00:00,-13.798,83.43832,0.035045445,0.39,0.382,0.311,-0.54800004,0.602,3.7020001
2019-11-23 04:00:00,-13.598,82.77497,0.037049472,0.39,0.382,0.311,-0.54800004,0.602,3.7020001
2019-11-23 05:00:00,-13.148,82.49459,0.03905928,0.39,0.382,0.311,-0.54800004,0.602,3.7020001
2019-11-23 06:00:00,-12.498,81.57106,0.043345675,0.389,0.382,0.311,-0.54800004,0.602,3.7020001
2019-11-23 07:00:00,-12.398,80.58391,0.046037257,0.389,0.382,0.311,-0.54800004,0.602,3.7020001
2019-11-23 08:00:00,-11.948,80.32162,0.048383623,0.389,0.382,0.311,-0.54800004,0.602,3.7020001
2019-11-23 09:00:00,-11.648,80.69721,0.048619106,0.389,0.382,0.311,-0.54800004,0.602,3.7020001
2019-11-23 10:00:00,-11.498,81.38216,0.04746236,0.389,0.382,0.311,-0.49800003,0.602,3.7020001
2019-11-23 11:00:00,-11.548,83.39197,0.042171016,0.389,0.382,0.311,-0.49800003,0.602,3.652
2019-11-23 12:00:00,-11.598,84.75532,0.038555324,0.389,0.382,0.311,-0.49800003,0.602,3.652
2019-11-23 13:00:00,-11.598,85.44777,0.036804542,0.389,0.382,0.311,-0.49800003,0.602,3.652
2019-11-23 14:00:00,-11.498,85.807304,0.03618458,0.389,0.382,0.311,-0.49800003,0.602,3.652
2019-11-23 15:00:00,-11.348,85.82436,0.03657803,0.389,0.382,0.311,-0.49800003,0.602,3.652
2019-11-23 16:00:00,-11.348,86.1731,0.0356784,0.389,0.382,0.311,-0.49800003,0.602,3.652
2019-11-23 17:00:00,-11.148,85.84706,0.03710848,0.389,0.382,0.311,-0.49800003,0.602,3.652
2019-11-23 18:00:00,-10.898,85.87539,0.037780806,0.389,0.382,0.311,-0.49800003,0.602,3.652
2019-11-23 19:00:00,-10.998,85.86409,0.037510574,0.389,0.382,0.311,-0.49800003,0.602,3.652
2019-11-23 20:00:00,-10.998,86.21193,0.03658782,0.389,0.382,0.311,-0.49800003,0.602,3.652
2019-11-23 21:00:00,-10.898,86.571815,0.03591846,0.389,0.382,0.311,-0.49800003,0.552,3.652
2019-11-23 22:00:00,-10.698,86.59339,0.036436796,0.389,0.382,0.311,-0.49800003,0.552,3.602
2019-11-23 23:00:00,-10.748,87.28868,0.034410328,0.389,0.382,0.311,-0.49800003,0.552,3.602
2019-11-24 00:00:00,-10.548,87.309166,0.034905985,0.389,0.382,0.311,-0.49800003,0.552,3.602
2019-11-24 01:00:00,-10.348,86.979675,0.036385506,0.389,0.382,0.311,-0.49800003,0.552,3.602
2019-11-24 02:00:00,-10.198,86.99537,0.036776587,0.389,0.382,0.311,-0.448,0.552,3.602
2019-11-24 03:00:00,-10.148,87.34999,0.03591597,0.389,0.382,0.311,-0.448,0.552,3.602
2019-11-24 04:00:00,-9.998,87.36526,0.03630118,0.389,0.382,0.311,-0.448,0.552,3.602
2019-11-24 05:00:00,-9.348,84.68678,0.04630968,0.389,0.382,0.311,-0.448,0.552,3.602
2019-11-24 06:00:00,-8.798,85.090576,0.047077715,0.389,0.382,0.311,-0.448,0.552,3.602
2019-11-24 07:00:00,-7.948,85.19023,0.04996866,0.389,0.382,0.311,-0.448,0.552,3.602
2019-11-24 08:00:00,-7.498,84.9083,0.052728266,0.389,0.382,0.311,-0.448,0.552,3.602
2019-11-24 09:00:00,-7.198,84.28012,0.056211203,0.389,0.382,0.311,-0.448,0.552,3.602
2019-11-24 10:00:00,-7.198,85.27735,0.05264604,0.389,0.382,0.311,-0.448,0.552,3.602
2019-11-24 11:00:00,-7.498,86.59154,0.046848446,0.389,0.381,0.311,-0.448,0.552,3.552
2019-11-24 12:00:00,-7.898,87.92089,0.04091561,0.389,0.381,0.311,-0.448,0.552,3.552
2019-11-24 13:00:00,-8.098,88.595825,0.038033754,0.389,0.381,0.312,-0.448,0.552,3.552
2019-11-24 14:00:00,-8.148,89.29066,0.03557813,0.389,0.381,0.312,-0.398,0.552,3.552
2019-11-24 15:00:00,-8.498,89.966576,0.032435685,0.389,0.381,0.312,-0.398,0.552,3.552
2019-11-24 16:00:00,-8.798,90.29792,0.030637592,0.389,0.381,0.312,-0.398,0.552,3.552
2019-11-24 17:00:00,-8.948,90.64353,0.02920124,0.389,0.381,0.312,-0.398,0.552,3.552
2019-11-24 18:00:00,-9.098,91.351616,0.02667588,0.389,0.381,0.312,-0.398,0.552,3.552
2019-11-24 19:00:00,-9.598,90.59376,0.02789417,0.388,0.381,0.312,-0.398,0.552,3.552
2019-11-24 20:00:00,-9.798,91.30185,0.025390744,0.388,0.381,0.312,-0.398,0.552,3.552
2019-11-24 21:00:00,-10.248,92.000824,0.022533774,0.388,0.381,0.312,-0.398,0.552,3.552
2019-11-24 22:00:00,-10.248,92.000824,0.022533774,0.388,0.381,0.312,-0.398,0.552,3.552
2019-11-24 23:00:00,-10.498,91.61731,0.023150057,0.388,0.381,0.312,-0.398,0.552,3.502
2019-11-25 00:00:00,-10.698,91.603455,0.02282232,0.388,0.381,0.312,-0.398,0.552,3.502
2019-11-25 01:00:00,-10.498,91.25164,0.02415976,0.388,0.381,0.312,-0.398,0.552,3.502
2019-11-25 02:00:00,-10.598,91.6104,0.022985682,0.388,0.381,0.312,-0.398,0.552,3.502
2019-11-25 03:00:00,-10.598,91.24442,0.023988217,0.388,0.381,0.312,-0.398,0.552,3.502
2019-11-25 04:00:00,-10.448,90.528076,0.026261762,0.388,0.381,0.312,-0.398,0.552,3.502
2019-11-25 05:00:00,-9.948,89.4899,0.030317575,0.388,0.381,0.312,-0.398,0.552,3.502
2019-11-25 06:00:00,-9.348,86.73768,0.04010883,0.388,0.381,0.312,-0.398,0.552,3.502
2019-11-25 07:00:00,-8.698,84.429146,0.049551964,0.388,0.381,0.312,-0.348,0.552,3.502
2019-11-25 08:00:00,-8.448,83.79248,0.05259502,0.388,0.381,0.312,-0.348,0.502,3.502
2019-11-25 09:00:00,-8.198,83.49288,0.05462131,0.388,0.381,0.312,-0.348,0.502,3.502
2019-11-25 10:00:00,-8.098,83.50577,0.055005223,0.388,0.381,0.312,-0.348,0.502,3.502
2019-11-25 11:00:00,-8.198,85.83654,0.046867996,0.388,0.381,0.312,-0.348,0.502,3.502
2019-11-25 12:00:00,-8.698,88.891205,0.035354614,0.388,0.381,0.312,-0.348,0.502,3.4520001
2019-11-25 13:00:00,-8.648,87.848114,0.038825184,0.388,0.381,0.312,-0.348,0.502,3.4520001
2019-11-25 14:00:00,-9.448,89.53254,0.03140968,0.388,0.381,0.312,-0.348,0.502,3.4520001
2019-11-25 15:00:00,-10.198,90.186516,0.027753651,0.388,0.381,0.312,-0.348,0.502,3.4520001
2019-11-25 16:00:00,-10.798,90.500824,0.025614098,0.388,0.381,0.312,-0.348,0.502,3.4520001
2019-11-25 17:00:00,-11.298,90.82707,0.023766458,0.388,0.381,0.312,-0.348,0.502,3.4520001
2019-11-25 18:00:00,-11.798,90.78915,0.022926614,0.388,0.381,0.312,-0.348,0.502,3.4520001
2019-11-25 19:00:00,-12.248,89.65456,0.02483356,0.388,0.381,0.312,-0.348,0.502,3.4520001
2019-11-25 20:00:00,-12.148,88.936745,0.026771337,0.388,0.381,0.312,-0.348,0.502,3.4520001
2019-11-25 21:00:00,-12.198,88.93223,0.026674464,0.388,0.381,0.312,-0.348,0.502,3.4520001
2019-11-25 22:00:00,-12.098,88.941284,0.026868448,0.388,0.381,0.312,-0.348,0.502,3.4520001
2019-11-25 23:00:00,-12.148,88.936745,0.026771337,0.388,0.381,0.312,-0.348,0.502,3.4520001
2019-11-26 00:00:00,-12.298,90.38276,0.02299288,0.388,0.381,0.312,-0.348,0.502,3.4520001
2019-11-26 01:00:00,-11.748,90.79295,0.02300942,0.388,0.381,0.312,-0.348,0.502,3.4520001
2019-11-26 02:00:00,-11.548,90.442055,0.024272725,0.388,0.381,0.312,-0.348,0.502,3.402
2019-11-26 03:00:00,-11.548,90.80813,0.02334325,0.388,0.381,0.312,-0.348,0.502,3.402
2019-11-26 04:00:00,-11.898,90.41445,0.023667991,0.388,0.381,0.312,-0.348,0.502,3.402
2019-11-26 05:00:00,-10.998,89.39954,0.02813083,0.388,0.381,0.312,-0.348,0.502,3.402
2019-11-26 06:00:00,-9.998,88.067,0.034285367,0.388,0.381,0.312,-0.348,0.502,3.402
2019-11-26 07:00:00,-9.198,86.409065,0.041589946,0.388,0.381,0.312,-0.348,0.502,3.402
2019-11-26 08:00:00,-8.798,85.76905,0.044935882,0.388,0.381,0.312,-0.348,0.502,3.402
2019-11-26 09:00:00,-8.548,85.45801,0.046824366,0.388,0.381,0.312,-0.348,0.502,3.402
2019-11-26 10:00:00,-8.548,86.13765,0.04463643,0.388,0.381,0.312,-0.348,0.502,3.402
2019-11-26 11:00:00,-8.698,87.84325,0.038689166,0.388,0.381,0.312,-0.29799998,0.502,3.402
2019-11-26 12:00:00,-9.198,88.49438,0.035209835,0.387,0.381,0.312,-0.29799998,0.502,3.402
2019-11-26 13:00:00,-9.348,89.18626,0.03270498,0.387,0.381,0.312,-0.29799998,0.502,3.402
2019-11-26 14:00:00,-9.298,89.54528,0.031743914,0.387,0.381,0.312,-0.29799998,0.502,3.402
2019-11-26 15:00:00,-9.498,89.88474,0.030233711,0.387,0.381,0.312,-0.29799998,0.502,3.402
2019-11-26 16:00:00,-9.548,90.5976,0.027992874,0.387,0.381,0.312,-0.29799998,0.502,3.352
2019-11-26 17:00:00,-9.548,91.31967,0.025843441,0.387,0.381,0.312,-0.29799998,0.502,3.352
2019-11-26 18:00:00,-9.798,92.03048,0.02326408,0.387,0.381,0.312,-0.29799998,0.502,3.352
2019-11-26 19:00:00,-10.698,91.603455,0.02282232,0.387,0.381,0.312,-0.29799998,0.502,3.352
2019-11-26 20:00:00,-11.098,91.20826,0.023146167,0.387,0.381,0.312,-0.29799998,0.502,3.352
2019-11-26 21:00:00,-11.398,90.81949,0.02359642,0.387,0.381,0.312,-0.29799998,0.502,3.352
2019-11-26 22:00:00,-11.798,90.42235,0.023839444,0.387,0.381,0.312,-0.29799998,0.502,3.352
2019-11-26 23:00:00,-12.298,90.01587,0.023869872,0.387,0.381,0.312,-0.29799998,0.502,3.352
2019-11-27 00:00:00,-12.798,89.24195,0.024699911,0.387,0.381,0.312,-0.29799998,0.502,3.352
2019-11-27 01:00:00,-13.148,88.481636,0.025703892,0.387,0.381,0.312,-0.29799998,0.502,3.352
2019-11-27 02:00:00,-13.698,88.0653,0.02546449,0.387,0.381,0.312,-0.29799998,0.502,3.352
2019-11-27 03:00:00,-13.848,88.4152,0.024416655,0.387,0.381,0.312,-0.29799998,0.502,3.352
2019-11-27 04:00:00,-13.848,88.4152,0.024416655,0.387,0.381,0.312,-0.29799998,0.502,3.352
2019-11-27 05:00:00,-12.998,87.05485,0.029241443,0.387,0.381,0.312,-0.29799998,0.502,3.352
2019-11-27 06:00:00,-11.948,84.71263,0.037590787,0.387,0.381,0.312,-0.29799998,0.502,3.352
2019-11-27 07:00:00,-10.448,85.23703,0.040927827,0.387,0.381,0.312,-0.29799998,0.502,3.302
2019-11-27 08:00:00,-9.448,84.67467,0.045982987,0.387,0.381,0.312,-0.29799998,0.502,3.302
2019-11-27 09:00:00,-8.698,83.428246,0.052736312,0.387,0.381,0.312,-0.29799998,0.502,3.302
2019-11-27 10:00:00,-8.398,83.467064,0.053860486,0.387,0.381,0.312,-0.29799998,0.502,3.302
2019-11-27 11:00:00,-8.198,83.16277,0.055713356,0.387,0.381,0.312,-0.29799998,0.502,3.302
2019-11-27 12:00:00,-8.448,83.79248,0.05259502,0.387,0.381,0.312,-0.29799998,0.502,3.302
2019-11-27 13:00:00,-8.598,84.44139,0.049901664,0.387,0.381,0.312,-0.29799998,0.502,3.302
2019-11-27 14:00:00,-8.748,85.09646,0.047243655,0.387,0.381,0.312,-0.29799998,0.502,3.302
2019-11-27 15:00:00,-9.098,86.076904,0.042942107,0.387,0.381,0.312,-0.29799998,0.502,3.302
2019-11-27 16:00:00,-9.198,86.06582,0.04264009,0.387,0.38,0.312,-0.29799998,0.502,3.302
2019-11-27 17:00:00,-9.298,86.05473,0.04233995,0.387,0.38,0.312,-0.29799998,0.502,3.302
2019-11-27 18:00:00,-9.498,86.37651,0.040717214,0.387,0.38,0.312,-0.29799998,0.502,3.302
2019-11-27 19:00:00,-10.198,87.3449,0.035788327,0.387,0.38,0.312,-0.29799998,0.502,3.302
2019-11-27 20:00:00,-10.198,87.3449,0.035788327,0.387,0.38,0.312,-0.29799998,0.502,3.302
2019-11-27 21:00:00,-10.298,87.68575,0.03454961,0.387,0.38,0.312,-0.29799998,0.502,3.302
2019-11-27 22:00:00,-10.398,87.6758,0.034304187,0.387,0.38,0.312,-0.29799998,0.502,3.302
2019-11-27 23:00:00,-10.448,87.67082,0.034182042,0.387,0.38,0.312,-0.24800001,0.502,3.252
2019-11-28 00:00:00,-10.448,88.02352,0.03320442,0.387,0.38,0.312,-0.24800001,0.502,3.252
2019-11-28 01:00:00,-10.498,88.01868,0.03308615,0.387,0.38,0.312,-0.24800001,0.502,3.252
2019-11-28 02:00:00,-10.548,87.660866,0.03393887,0.387,0.38,0.312,-0.24800001,0.502,3.252
2019-11-28 03:00:00,-10.898,87.6259,0.033099577,0.387,0.38,0.312,-0.24800001,0.502,3.252
2019-11-28 04:00:00,-11.398,86.86908,0.033747554,0.387,0.38,0.312,-0.24800001,0.502,3.252
2019-11-28 05:00:00,-11.598,85.44777,0.036804542,0.387,0.38,0.312,-0.24800001,0.502,3.252
2019-11-28 06:00:00,-11.448,84.08683,0.04073246,0.387,0.38,0.312,-0.24800001,0.502,3.252
2019-11-28 07:00:00,-11.348,82.741936,0.044529065,0.387,0.38,0.312,-0.24800001,0.502,3.252
2019-11-28 08:00:00,-11.098,81.77236,0.047979727,0.387,0.38,0.312,-0.24800001,0.502,3.252
2019-11-28 09:00:00,-10.948,81.462006,0.04938431,0.387,0.38,0.312,-0.24800001,0.502,3.252
2019-11-28 10:00:00,-11.148,81.76522,0.047807097,0.387,0.38,0.312,-0.24800001,0.502,3.252
2019-11-28 11:00:00,-11.798,83.35905,0.041414782,0.387,0.38,0.312,-0.24800001,0.502,3.252
2019-11-28 12:00:00,-12.298,83.63526,0.03911951,0.387,0.38,0.312,-0.24800001,0.502,3.252
2019-11-28 13:00:00,-12.698,83.927635,0.03719756,0.386,0.38,0.312,-0.24800001,0.502,3.252
2019-11-28 14:00:00,-13.148,83.86975,0.035992026,0.386,0.38,0.312,-0.24800001,0.502,3.252
2019-11-28 15:00:00,-13.598,84.5091,0.033320814,0.386,0.38,0.312,-0.24800001,0.502,3.252
2019-11-28 16:00:00,-13.998,84.45915,0.032351688,0.386,0.38,0.312,-0.24800001,0.502,3.2020001
2019-11-28 17:00:00,-14.248,84.78022,0.031040087,0.386,0.38,0.312,-0.29799998,0.502,3.2020001
2019-11-28 18:00:00,-14.848,85.06146,0.028997302,0.386,0.38,0.312,-0.29799998,0.502,3.2020001
2019-11-28 19:00:00,-15.348,85.35866,0.027268127,0.386,0.38,0.312,-0.29799998,0.502,3.2020001
2019-11-28 20:00:00,-15.698,85.67705,0.025910556,0.386,0.38,0.312,-0.29799998,0.502,3.2020001
2019-11-28 21:00:00,-15.848,86.02148,0.02497372,0.386,0.38,0.312,-0.29799998,0.502,3.2020001
2019-11-28 22:00:00,-16.148,85.987076,0.024416044,0.386,0.38,0.312,-0.29799998,0.502,3.2020001
2019-11-28 23:00:00,-16.348,85.96405,0.02405034,0.386,0.38,0.312,-0.29799998,0.502,3.2020001
2019-11-29 00:00:00,-16.648,85.92947,0.02351071,0.386,0.38,0.312,-0.29799998,0.502,3.2020001
2019-11-29 01:00:00,-16.998,85.52377,0.023486778,0.386,0.38,0.312,-0.29799998,0.502,3.2020001
2019-11-29 02:00:00,-17.448,85.10518,0.023265019,0.386,0.38,0.312,-0.29799998,0.502,3.2020001
2019-11-29 03:00:00,-17.948,85.04391,0.022391275,0.386,0.38,0.312,-0.29799998,0.502,3.2020001
2019-11-29 04:00:00,-17.898,84.68525,0.023025602,0.386,0.38,0.312,-0.29799998,0.502,3.2020001
2019-11-29 05:00:00,-16.898,84.8101,0.024852544,0.386,0.38,0.312,-0.29799998,0.502,3.2020001
2019-11-29 06:00:00,-15.448,84.98851,0.027726054,0.386,0.38,0.312,-0.29799998,0.502,3.2020001
2019-11-29 07:00:00,-14.098,82.36201,0.03641571,0.386,0.38,0.312,-0.29799998,0.502,3.2020001
2019-11-29 08:00:00,-13.298,81.117355,0.041619495,0.386,0.38,0.312,-0.29799998,0.502,3.2020001
2019-11-29 09:00:00,-12.748,80.86415,0.04410553,0.386,0.38,0.312,-0.29799998,0.502,3.2020001
2019-11-29 10:00:00,-12.848,81.85762,0.041478828,0.386,0.38,0.312,-0.29799998,0.502,3.2020001
2019-11-29 11:00:00,-13.448,83.1394,0.036712736,0.386,0.38,0.312,-0.29799998,0.502,3.152
2019-11-29 12:00:00,-14.248,83.72699,0.033187255,0.386,0.38,0.312,-0.348,0.502,3.152
2019-11-29 13:00:00,-14.898,83.99321,0.030941993,0.386,0.38,0.312,-0.348,0.502,3.152
2019-11-29 14:00:00,-15.648,84.60671,0.027962178,0.386,0.38,0.312,-0.348,0.502,3.152
2019-11-29 15:00:00,-16.448,85.22667,0.025102153,0.386,0.38,0.312,-0.348,0.502,3.152
2019-11-29 16:00:00,-17.298,85.488075,0.022956371,0.386,0.38,0.312,-0.348,0.502,3.152
2019-11-29 17:00:00,-18.198,85.38017,0.021427512,0.386,0.38,0.312,-0.348,0.502,3.152
2019-11-29 18:00:00,-18.948,84.55253,0.021234632,0.386,0.38,0.312,-0.348,0.45200002,3.152
2019-11-29 19:00:00,-19.548,84.10804,0.02074705,0.386,0.38,0.312,-0.348,0.45200002,3.152
2019-11-29 20:00:00,-20.098,83.66784,0.02033154,0.386,0.38,0.312,-0.348,0.45200002,3.152
2019-11-29 21:00:00,-20.598,83.23252,0.019986153,0.386,0.38,0.312,-0.348,0.45200002,3.152
2019-11-29 22:00:00,-21.098,83.163315,0.019211873,0.386,0.38,0.312,-0.348,0.45200002,3.152
2019-11-29 23:00:00,-21.548,82.36408,0.019345164,0.386,0.38,0.312,-0.348,0.45200002,3.152
2019-11-30 00:00:00,-21.948,81.93874,0.019126326,0.386,0.38,0.312,-0.398,0.45200002,3.152
2019-11-30 01:00:00,-22.148,81.54279,0.019203484,0.386,0.38,0.312,-0.398,0.45200002,3.152
2019-11-30 02:00:00,-21.898,81.21649,0.019978508,0.386,0.38,0.312,-0.398,0.45200002,3.152
2019-11-30 03:00:00,-21.848,81.22415,0.020058505,0.386,0.38,0.312,-0.398,0.45200002,3.152
2019-11-30 04:00:00,-20.898,81.369225,0.021632582,0.386,0.38,0.312,-0.398,0.45200002,3.152
2019-11-30 05:00:00,-19.598,81.9232,0.02349624,0.386,0.38,0.312,-0.398,0.45200002,3.102
2019-11-30 06:00:00,-17.848,82.53277,0.026371986,0.386,0.38,0.312,-0.398,0.45200002,3.102
2019-11-30 07:00:00,-16.598,84.48736,0.026028395,0.386,0.38,0.312,-0.398,0.45200002,3.102
2019-11-30 08:00:00,-15.648,84.964096,0.027313247,0.386,0.38,0.312,-0.398,0.45200002,3.102
2019-11-30 09:00:00,-15.098,85.747,0.027100906,0.386,0.38,0.312,-0.398,0.45200002,3.102
2019-11-30 10:00:00,-14.948,86.123955,0.026713878,0.386,0.38,0.312,-0.398,0.45200002,3.102
2019-11-30 11:00:00,-15.348,86.80386,0.024577409,0.386,0.38,0.312,-0.398,0.45200002,3.102
2019-11-30 12:00:00,-15.948,86.010025,0.024786592,0.386,0.38,0.312,-0.398,0.45200002,3.102
2019-11-30 13:00:00,-16.248,85.975555,0.024232566,0.386,0.38,0.312,-0.398,0.45200002,3.102
2019-11-30 14:00:00,-16.548,85.577095,0.024302348,0.386,0.38,0.312,-0.398,0.45200002,3.102
2019-11-30 15:00:00,-16.848,85.17826,0.02435264,0.386,0.38,0.312,-0.398,0.45200002,3.102
2019-11-30 16:00:00,-16.948,84.80388,0.024758264,0.386,0.38,0.312,-0.398,0.45200002,3.102
2019-11-30 17:00:00,-17.198,84.77279,0.024291635,0.386,0.38,0.312,-0.448,0.45200002,3.102
2019-11-30 18:00:00,-17.598,84.36026,0.024119899,0.386,0.38,0.312,-0.448,0.45200002,3.102
2019-11-30 19:00:00,-18.498,83.51872,0.023544408,0.386,0.38,0.312,-0.448,0.45200002,3.102
2019-11-30 20:00:00,-18.598,83.144196,0.02387435,0.386,0.38,0.312,-0.448,0.45200002,3.102
2019-11-30 21:00:00,-18.898,82.02567,0.024812445,0.386,0.38,0.312,-0.448,0.45200002,3.102
2019-11-30 22:00:00,-18.698,82.77048,0.024195611,0.386,0.38,0.312,-0.448,0.45200002,3.102
2019-11-30 23:00:00,-18.598,82.42622,0.024890743,0.386,0.38,0.312,-0.448,0.45200002,3.102
2019-12-01 00:00:00,-18.398,81.38971,0.026812032,0.386,0.379,0.312,-0.448,0.45200002,3.102
2019-12-01 01:00:00,-18.298,79.31311,0.03005717,0.386,0.379,0.312,-0.448,0.45200002,3.052
2019-12-01 02:00:00,-18.298,77.60704,0.032534316,0.386,0.379,0.312,-0.448,0.45200002,3.052
2019-12-01 03:00:00,-18.248,76.942894,0.033641636,0.386,0.379,0.312,-0.448,0.45200002,3.052
2019-12-01 04:00:00,-17.798,75.042305,0.03783282,0.386,0.379,0.312,-0.448,0.45200002,3.052
2019-12-01 05:00:00,-16.298,72.78213,0.046815947,0.386,0.379,0.312,-0.448,0.45200002,3.052
2019-12-01 06:00:00,-14.148,70.48187,0.060675427,0.386,0.379,0.312,-0.448,0.45200002,3.052
2019-12-01 07:00:00,-12.148,69.44834,0.073898226,0.386,0.379,0.312,-0.448,0.45200002,3.052
2019-12-01 08:00:00,-10.448,68.68086,0.08679725,0.386,0.379,0.313,-0.448,0.45200002,3.052
2019-12-01 09:00:00,-9.598,68.87059,0.092276394,0.386,0.379,0.313,-0.448,0.45200002,3.052
2019-12-01 10:00:00,-9.698,69.98443,0.08827758,0.386,0.379,0.313,-0.448,0.45200002,3.052
2019-12-01 11:00:00,-10.598,72.12365,0.076346114,0.385,0.379,0.313,-0.448,0.45200002,3.052
2019-12-01 12:00:00,-11.498,74.35597,0.0653642,0.385,0.379,0.313,-0.448,0.45200002,3.052
2019-12-01 13:00:00,-11.848,74.9056,0.062191084,0.385,0.379,0.313,-0.448,0.402,3.052
2019-12-01 14:00:00,-11.898,75.20642,0.061199322,0.385,0.379,0.313,-0.448,0.402,3.052
2019-12-01 15:00:00,-11.898,75.517815,0.060431108,0.385,0.379,0.313,-0.448,0.402,3.052
2019-12-01 16:00:00,-11.948,75.821236,0.059442848,0.385,0.379,0.313,-0.448,0.402,3.052
2019-12-01 17:00:00,-12.198,76.40523,0.056850776,0.385,0.379,0.313,-0.448,0.402,3.052
2019-12-01 18:00:00,-12.548,76.978226,0.053923965,0.385,0.379,0.313,-0.448,0.402,3.052
2019-12-01 19:00:00,-12.798,77.25442,0.052209035,0.385,0.379,0.313,-0.448,0.402,3.052
2019-12-01 20:00:00,-13.098,77.524086,0.05034843,0.385,0.379,0.313,-0.448,0.402,3.052
2019-12-01 21:00:00,-13.398,78.44753,0.047115535,0.385,0.379,0.313,-0.448,0.402,3.002
2019-12-01 22:00:00,-13.648,79.39377,0.044137925,0.385,0.379,0.313,-0.448,0.402,3.002
2019-12-01 23:00:00,-13.798,79.7018,0.04294829,0.385,0.379,0.313,-0.448,0.402,3.002
2019-12-02 00:00:00,-13.948,80.34668,0.041076764,0.385,0.379,0.313,-0.448,0.402,3.002
2019-12-02 01:00:00,-14.048,80.6677,0.04007618,0.385,0.379,0.313,-0.448,0.402,3.002
2019-12-02 02:00:00,-14.248,80.63722,0.03948565,0.385,0.379,0.313,-0.448,0.402,3.002
2019-12-02 03:00:00,-13.998,80.33895,0.040924817,0.385,0.379,0.313,-0.49800003,0.402,3.002
2019-12-02 04:00:00,-13.298,79.78092,0.044563785,0.385,0.379,0.313,-0.49800003,0.402,3.002
2019-12-02 05:00:00,-12.298,77.98333,0.05262381,0.385,0.379,0.313,-0.49800003,0.402,3.002
2019-12-02 06:00:00,-10.598,75.7565,0.066401914,0.385,0.379,0.313,-0.49800003,0.402,3.002
2019-12-02 07:00:00,-8.698,73.688416,0.083716765,0.385,0.379,0.313,-0.49800003,0.402,3.002
2019-12-02 08:00:00,-7.548,73.029434,0.09384903,0.385,0.379,0.313,-0.49800003,0.402,3.002
2019-12-02 09:00:00,-7.098,73.40933,0.09580311,0.385,0.379,0.313,-0.448,0.402,3.002
2019-12-02 10:00:00,-6.998,74.30928,0.093278736,0.385,0.379,0.313,-0.448,0.402,3.002
2019-12-02 11:00:00,-7.348,76.33906,0.08362159,0.385,0.379,0.313,-0.448,0.402,3.002
2019-12-02 12:00:00,-7.598,78.13618,0.07579175,0.385,0.379,0.313,-0.448,0.402,3.002
2019-12-02 13:00:00,-7.498,79.08741,0.07305899,0.385,0.379,0.313,-0.448,0.402,3.002
2019-12-02 14:00:00,-7.148,79.45588,0.07374042,0.385,0.379,0.313,-0.448,0.402,3.002
2019-12-02 15:00:00,-6.798,80.13834,0.07324061,0.385,0.379,0.313,-0.448,0.402,3.002
2019-12-02 16:00:00,-6.448,80.50604,0.073844284,0.385,0.379,0.313,-0.448,0.402,3.002
2019-12-02 17:00:00,-6.998,81.37906,0.06761718,0.385,0.379,0.313,-0.448,0.402,3.002
2019-12-02 18:00:00,-7.098,82.00739,0.06483427,0.385,0.379,0.313,-0.448,0.402,2.9520001
2019-12-02 19:00:00,-7.798,82.234535,0.06064084,0.385,0.379,0.313,-0.448,0.402,2.9520001
2019-12-02 20:00:00,-7.798,83.215164,0.05729446,0.385,0.379,0.313,-0.448,0.402,2.9520001
2019-12-02 21:00:00,-7.748,84.21237,0.05410084,0.385,0.379,0.313,-0.448,0.402,2.9520001
2019-12-02 22:00:00,-7.698,84.884575,0.051999122,0.385,0.379,0.313,-0.448,0.402,2.9520001
2019-12-02 23:00:00,-7.298,85.60077,0.051093668,0.385,0.379,0.313,-0.448,0.402,2.9520001
2019-12-03 00:00:00,-6.748,85.66294,0.053076446,0.385,0.379,0.313,-0.448,0.402,2.9520001
2019-12-03 01:00:00,-6.098,85.735916,0.055505306,0.385,0.379,0.313,-0.448,0.402,2.9520001
2019-12-03 02:00:00,-5.548,85.79723,0.05763504,0.385,0.379,0.313,-0.398,0.402,2.9520001
2019-12-03 03:00:00,-5.198,86.499374,0.056263,0.385,0.379,0.313,-0.398,0.402,2.9520001
2019-12-03 04:00:00,-4.748,86.879196,0.056575984,0.385,0.379,0.313,-0.398,0.402,2.9520001
2019-12-03 05:00:00,-4.048,87.94952,0.054776043,0.385,0.379,0.313,-0.398,0.402,2.9520001
2019-12-03 06:00:00,-3.098,87.70747,0.0599927,0.385,0.379,0.313,-0.398,0.402,2.9520001
2019-12-03 07:00:00,-3.348,89.01916,0.052601516,0.385,0.379,0.313,-0.398,0.402,2.9520001
2019-12-03 08:00:00,-2.848,89.73451,0.05104196,0.385,0.379,0.313,-0.398,0.402,2.9520001
2019-12-03 09:00:00,-2.5479999,91.11358,0.045181066,0.385,0.379,0.313,-0.398,0.402,2.9520001
2019-12-03 10:00:00,-2.398,92.49548,0.038582027,0.385,0.379,0.313,-0.398,0.402,2.9520001
2019-12-03 11:00:00,-2.348,93.88756,0.031542093,0.385,0.379,0.313,-0.348,0.352,2.9520001
2019-12-03 12:00:00,-2.648,94.57584,0.027374744,0.385,0.379,0.313,-0.348,0.402,2.9520001
2019-12-03 13:00:00,-2.898,94.918846,0.025171727,0.385,0.379,0.313,-0.348,0.352,2.9520001
2019-12-03 14:00:00,-2.948,95.2721,0.023334831,0.385,0.379,0.313,-0.348,0.352,2.9520001
2019-12-03 15:00:00,-2.998,95.62682,0.021503955,0.385,0.379,0.313,-0.348,0.352,2.9520001
2019-12-03 16:00:00,-3.098,95.62326,0.021361768,0.385,0.379,0.313,-0.348,0.352,2.902
2019-12-03 17:00:00,-3.098,95.62326,0.021361768,0.385,0.379,0.313,-0.348,0.352,2.902
2019-12-03 18:00:00,-3.248,95.26054,0.022874773,0.385,0.379,0.313,-0.348,0.352,2.902
2019-12-03 19:00:00,-2.948,93.85788,0.030314535,0.384,0.379,0.313,-0.348,0.352,2.902
2019-12-03 20:00:00,-2.898,93.509865,0.03215143,0.384,0.379,0.313,-0.348,0.352,2.902
2019-12-03 21:00:00,-3.0479999,93.852905,0.030113995,0.384,0.379,0.313,-0.29799998,0.352,2.902
2019-12-03 22:00:00,-3.098,94.20264,0.02829519,0.384,0.379,0.313,-0.29799998,0.352,2.902
2019-12-03 23:00:00,-3.2979999,94.19323,0.027921498,0.384,0.379,0.313,-0.29799998,0.352,2.902
2019-12-04 00:00:00,-3.348,94.19088,0.027828693,0.384,0.379,0.313,-0.29799998,0.352,2.902
2019-12-04 01:00:00,-3.198,93.845436,0.029815286,0.384,0.379,0.313,-0.29799998,0.352,2.902
2019-12-04 02:00:00,-3.098,93.499374,0.031727403,0.384,0.379,0.313,-0.29799998,0.352,2.902
2019-12-04 03:00:00,-2.998,93.50462,0.03193879,0.384,0.379,0.313,-0.29799998,0.352,2.902
2019-12-04 04:00:00,-2.7979999,93.16603,0.034107268,0.384,0.379,0.313,-0.29799998,0.352,2.902
2019-12-04 05:00:00,-2.398,92.15095,0.04035327,0.384,0.379,0.313,-0.29799998,0.352,2.902
2019-12-04 06:00:00,-1.948,91.83689,0.043387502,0.384,0.379,0.313,-0.29799998,0.352,2.902
2019-12-04 07:00:00,-1.198,91.88545,0.04557568,0.384,0.379,0.313,-0.24800001,0.352,2.902
2019-12-04 08:00:00,-0.698,91.917595,0.047086716,0.384,0.379,0.313,-0.24800001,0.352,2.902
2019-12-04 09:00:00,0.102,91.298065,0.05373478,0.384,0.378,0.313,-0.24800001,0.352,2.902
2019-12-04 10:00:00,0.45200002,91.65586,0.05284804,0.384,0.378,0.313,-0.24800001,0.352,2.902
2019-12-04 11:00:00,0.502,92.666824,0.046613395,0.384,0.378,0.313,-0.24800001,0.352,2.902
2019-12-04 12:00:00,0.652,93.01321,0.04489553,0.384,0.378,0.313,-0.24800001,0.352,2.902
2019-12-04 13:00:00,0.802,92.68422,0.047520995,0.384,0.378,0.313,-0.24800001,0.352,2.902
2019-12-04 14:00:00,0.95199996,92.022316,0.052383482,0.384,0.378,0.313,-0.24800001,0.352,2.852
2019-12-04 15:00:00,0.95199996,91.68864,0.05457443,0.384,0.378,0.313,-0.198,0.352,2.852
2019-12-04 16:00:00,1.052,90.701324,0.061498106,0.384,0.378,0.313,-0.198,0.402,2.852
2019-12-04 17:00:00,1.202,90.38344,0.064290166,0.384,0.378,0.313,-0.198,0.352,2.852
2019-12-04 18:00:00,1.202,90.71223,0.062092185,0.384,0.378,0.313,-0.198,0.402,2.852
2019-12-04 19:00:00,1.552,89.75692,0.070219934,0.384,0.378,0.313,-0.198,0.402,2.852
2019-12-04 20:00:00,1.452,90.40216,0.06532675,0.385,0.378,0.313,-0.198,0.402,2.852
2019-12-04 21:00:00,1.302,91.04909,0.06027156,0.385,0.378,0.313,-0.198,0.402,2.852
2019-12-04 22:00:00,0.852,91.68209,0.054225326,0.385,0.378,0.313,-0.198,0.402,2.852
2019-12-04 23:00:00,0.352,91.64928,0.052508533,0.385,0.378,0.313,-0.198,0.402,2.852
2019-12-05 00:00:00,0.052,91.96544,0.049434185,0.387,0.378,0.313,-0.148,0.402,2.852
2019-12-05 01:00:00,-0.398,93.29619,0.039919376,0.387,0.378,0.313,-0.148,0.402,2.852
2019-12-05 02:00:00,-0.848,93.96084,0.034800053,0.387,0.378,0.313,-0.148,0.402,2.852
2019-12-05 03:00:00,-1.0979999,94.99237,0.028333008,0.387,0.378,0.313,-0.148,0.402,2.852
2019-12-05 04:00:00,-1.0979999,95.34253,0.02635187,0.387,0.378,0.313,-0.148,0.402,2.852
2019-12-05 05:00:00,-0.898,95.35005,0.026697338,0.387,0.378,0.313,-0.148,0.402,2.852
2019-12-05 06:00:00,-0.648,94.31605,0.033235252,0.387,0.378,0.313,-0.148,0.402,2.852
2019-12-05 07:00:00,-0.348,93.98498,0.035948575,0.387,0.378,0.313,-0.148,0.402,2.852
2019-12-05 08:00:00,-0.448,92.27192,0.04585111,0.387,0.378,0.313,-0.148,0.402,2.852
2019-12-05 09:00:00,-0.698,91.242966,0.051016748,0.387,0.378,0.313,-0.098000005,0.402,2.852
2019-12-05 10:00:00,-0.948,92.58189,0.042434335,0.387,0.378,0.313,-0.098000005,0.402,2.852
2019-12-05 11:00:00,-1.198,92.9096,0.03982383,0.387,0.378,0.313,-0.098000005,0.402,2.852
2019-12-05 12:00:00,-1.4979999,93.58255,0.03525901,0.387,0.378,0.313,-0.098000005,0.402,2.852
2019-12-05 13:00:00,-1.698,93.91947,0.032920003,0.387,0.378,0.313,-0.098000005,0.402,2.852
2019-12-05 14:00:00,-1.8479999,94.26092,0.03073001,0.387,0.378,0.313,-0.098000005,0.402,2.852
2019-12-05 15:00:00,-2.0479999,94.25164,0.03032872,0.387,0.378,0.313,-0.098000005,0.402,2.852
2019-12-05 16:00:00,-2.248,93.54376,0.033563554,0.387,0.378,0.313,-0.098000005,0.402,2.802
2019-12-05 17:00:00,-2.5479999,92.83254,0.036441863,0.387,0.378,0.313,-0.098000005,0.402,2.802
2019-12-05 18:00:00,-2.898,91.774765,0.04074627,0.387,0.378,0.313,-0.098000005,0.402,2.802
2019-12-05 19:00:00,-3.848,89.31371,0.049310476,0.387,0.378,0.313,-0.098000005,0.402,2.802
2019-12-05 20:00:00,-4.398,87.91625,0.05349958,0.387,0.378,0.313,-0.098000005,0.402,2.802
2019-12-05 21:00:00,-5.098,86.84309,0.05524823,0.387,0.378,0.313,-0.098000005,0.402,2.802
2019-12-05 22:00:00,-5.898,86.09103,0.05495718,0.386,0.378,0.313,-0.098000005,0.402,2.802
2019-12-05 23:00:00,-6.598,85.679825,0.053628594,0.386,0.378,0.313,-0.098000005,0.402,2.802
2019-12-06 00:00:00,-6.998,86.30676,0.049727082,0.386,0.378,0.313,-0.098000005,0.402,2.802
2019-12-06 01:00:00,-7.248,87.298386,0.04524538,0.386,0.378,0.313,-0.098000005,0.402,2.802
2019-12-06 02:00:00,-7.398,87.969055,0.04236281,0.386,0.378,0.313,-0.098000005,0.402,2.802
2019-12-06 03:00:00,-7.498,87.95946,0.042069823,0.386,0.378,0.313,-0.098000005,0.402,2.802
2019-12-06 04:00:00,-7.548,87.61074,0.0431208,0.386,0.378,0.313,-0.098000005,0.402,2.802
2019-12-06 05:00:00,-7.398,86.26339,0.04836756,0.386,0.378,0.313,-0.098000005,0.402,2.802
2019-12-06 06:00:00,-7.148,80.40173,0.070346475,0.386,0.378,0.313,-0.098000005,0.402,2.802
2019-12-06 07:00:00,-6.698,82.7081,0.06425926,0.386,0.378,0.313,-0.098000005,0.402,2.802
2019-12-06 08:00:00,-6.348,82.43229,0.06706163,0.386,0.378,0.313,-0.098000005,0.402,2.802
2019-12-06 09:00:00,-6.248,81.804665,0.06999099,0.386,0.378,0.313,-0.098000005,0.402,2.802
2019-12-06 10:00:00,-6.248,81.804665,0.06999099,0.386,0.378,0.313,-0.098000005,0.402,2.802
2019-12-06 11:00:00,-6.348,82.43229,0.06706163,0.386,0.378,0.313,-0.098000005,0.402,2.802
2019-12-06 12:00:00,-6.098,83.43515,0.064456165,0.386,0.378,0.313,-0.098000005,0.402,2.802
2019-12-06 13:00:00,-5.548,84.48087,0.06297585,0.386,0.378,0.313,-0.098000005,0.402,2.802
2019-12-06 14:00:00,-4.948,85.53432,0.0614374,0.386,0.378,0.313,-0.098000005,0.402,2.802
2019-12-06 15:00:00,-4.498,86.242676,0.060450584,0.386,0.378,0.313,-0.098000005,0.402,2.802
2019-12-06 16:00:00,-4.148,85.95161,0.063378125,0.386,0.378,0.313,-0.098000005,0.402,2.802
2019-12-06 17:00:00,-3.898,85.97892,0.06445402,0.386,0.378,0.313,-0.098000005,0.402,2.802
2019-12-06 18:00:00,-3.748,86.6517,0.062055886,0.386,0.378,0.313,-0.048,0.402,2.802
2019-12-06 19:00:00,-3.0479999,87.052536,0.06342453,0.386,0.378,0.313,-0.048,0.402,2.802
2019-12-06 20:00:00,-2.948,87.39172,0.062224835,0.386,0.378,0.313,-0.048,0.402,2.802
2019-12-06 21:00:00,-2.7979999,87.07775,0.06448966,0.386,0.378,0.313,-0.048,0.402,2.752
2019-12-06 22:00:00,-2.698,87.416306,0.06326869,0.386,0.378,0.313,-0.048,0.402,2.752
2019-12-06 23:00:00,-2.598,87.75546,0.06202233,0.386,0.378,0.313,-0.048,0.402,2.752
2019-12-07 00:00:00,-2.498,88.42654,0.059059918,0.386,0.378,0.313,-0.048,0.402,2.752
2019-12-07 01:00:00,-2.2979999,88.44467,0.059847623,0.386,0.378,0.313,-0.048,0.402,2.752
2019-12-07 02:00:00,-2.098,88.46275,0.06064433,0.386,0.378,0.313,-0.048,0.402,2.752
2019-12-07 03:00:00,-1.898,88.811745,0.059684843,0.386,0.378,0.313,-0.048,0.402,2.752
2019-12-07 04:00:00,-1.698,88.82927,0.060476273,0.386,0.378,0.313,-0.048,0.402,2.752
2019-12-07 05:00:00,-1.398,88.85547,0.061680436,0.386,0.378,0.313,-0.048,0.45200002,2.752
2019-12-07 06:00:00,-1.148,88.87723,0.062699616,0.386,0.378,0.313,-0.048,0.45200002,2.752
2019-12-07 07:00:00,-0.99799997,89.55106,0.059552252,0.386,0.378,0.313,-0.048,0.45200002,2.752
2019-12-07 08:00:00,-0.948,89.55515,0.05974722,0.386,0.378,0.313,-0.048,0.45200002,2.752
2019-12-07 09:00:00,-0.748,89.24117,0.062449574,0.386,0.378,0.313,-0.048,0.45200002,2.752
2019-12-07 10:00:00,-0.698,89.90689,0.05880004,0.386,0.378,0.313,0.0020000003,0.45200002,2.752
2019-12-07 11:00:00,-0.648,90.24311,0.057049274,0.385,0.378,0.313,0.0020000003,0.45200002,2.752
2019-12-07 12:00:00,-0.598,90.580154,0.05527991,0.385,0.378,0.313,0.0020000003,0.45200002,2.752
2019-12-07 13:00:00,-0.54800004,90.58386,0.055460095,0.385,0.378,0.313,0.0020000003,0.45200002,2.752
2019-12-07 14:00:00,-0.54800004,91.25334,0.05151719,0.385,0.378,0.313,0.0020000003,0.45200002,2.752
2019-12-07 15:00:00,-0.54800004,91.25334,0.05151719,0.385,0.378,0.313,0.0020000003,0.45200002,2.752
2019-12-07 16:00:00,-0.598,91.58639,0.049375176,0.385,0.378,0.313,0.0020000003,0.45200002,2.752
2019-12-07 17:00:00,-0.598,91.58639,0.049375176,0.385,0.378,0.313,0.0020000003,0.45200002,2.752
2019-12-07 18:00:00,-0.648,91.9208,0.047240138,0.385,0.378,0.313,0.0020000003,0.45200002,2.752
2019-12-07 19:00:00,-0.54800004,92.26577,0.04555428,0.385,0.378,0.313,0.0020000003,0.45200002,2.752
2019-12-07 20:00:00,-0.648,91.9208,0.047240138,0.385,0.378,0.313,0.0020000003,0.45200002,2.752
2019-12-07 21:00:00,-0.698,92.25656,0.045112014,0.385,0.378,0.313,0.0020000003,0.45200002,2.752
2019-12-07 22:00:00,-0.848,92.58779,0.042711735,0.385,0.378,0.313,0.0020000003,0.45200002,2.752
2019-12-07 23:00:00,-0.898,92.58484,0.042572856,0.385,0.378,0.313,0.052,0.45200002,2.752
2019-12-08 00:00:00,-0.99799997,92.57893,0.04229617,0.385,0.378,0.313,0.052,0.45200002,2.752
2019-12-08 01:00:00,-1.148,92.228806,0.043807566,0.385,0.378,0.313,0.052,0.45200002,2.752
2019-12-08 02:00:00,-1.298,91.879,0.04527855,0.385,0.378,0.313,0.052,0.45200002,2.752
2019-12-08 03:00:00,-1.448,91.869316,0.044835985,0.385,0.378,0.313,0.052,0.45200002,2.752
2019-12-08 04:00:00,-1.5979999,92.200905,0.04253578,0.385,0.378,0.313,0.052,0.45200002,2.752
2019-12-08 05:00:00,-1.4979999,92.20712,0.042815626,0.385,0.378,0.313,0.052,0.45200002,2.752
2019-12-08 06:00:00,-1.398,92.213326,0.04309702,0.385,0.378,0.313,0.052,0.45200002,2.752
2019-12-08 07:00:00,-1.3479999,92.5582,0.041339815,0.385,0.378,0.313,0.052,0.45200002,2.752
2019-12-08 08:00:00,-1.3479999,92.21642,0.04323834,0.385,0.378,0.313,0.052,0.45200002,2.7020001
2019-12-08 09:00:00,-1.398,92.213326,0.04309702,0.385,0.378,0.313,0.052,0.45200002,2.7020001
2019-12-08 10:00:00,-1.4979999,92.549286,0.040935755,0.385,0.378,0.313,0.052,0.45200002,2.7020001
2019-12-08 11:00:00,-1.7479999,93.569664,0.03468585,0.385,0.378,0.313,0.052,0.45200002,2.7020001
2019-12-08 12:00:00,-1.948,93.907234,0.032384038,0.385,0.378,0.313,0.052,0.45200002,2.7020001
2019-12-08 13:00:00,-2.198,93.89494,0.031855524,0.385,0.378,0.313,0.052,0.45200002,2.7020001
2019-12-08 14:00:00,-2.398,94.235374,0.029637367,0.385,0.378,0.313,0.102,0.45200002,2.7020001
2019-12-08 15:00:00,-2.648,94.57584,0.027374744,0.385,0.378,0.313,0.102,0.45200002,2.7020001
2019-12-08 16:00:00,-2.7979999,94.56926,0.027104318,0.385,0.378,0.313,0.102,0.45200002,2.7020001
2019-12-08 17:00:00,-2.998,94.56044,0.026747406,0.385,0.378,0.313,0.102,0.45200002,2.7020001
2019-12-08 18:00:00,-3.098,94.91059,0.024840057,0.385,0.378,0.313,0.102,0.45200002,2.7020001
2019-12-08 19:00:00,-3.2979999,95.616104,0.021079928,0.385,0.377,0.313,0.102,0.45200002,2.7020001
2019-12-08 20:00:00,-3.498,95.60894,0.020801246,0.385,0.377,0.313,0.102,0.45200002,2.7020001
2019-12-08 21:00:00,-3.5479999,95.60714,0.020732045,0.385,0.377,0.313,0.102,0.45200002,2.7020001
2019-12-08 22:00:00,-3.898,95.59455,0.02025345,0.385,0.377,0.313,0.102,0.502,2.7020001
2019-12-08 23:00:00,-3.9980001,95.590935,0.020118475,0.385,0.377,0.314,0.102,0.502,2.7020001
2019-12-09 00:00:00,-4.348,95.21776,0.02125436,0.385,0.377,0.314,0.102,0.502,2.7020001
2019-12-09 01:00:00,-4.498,94.852165,0.02262196,0.385,0.377,0.314,0.102,0.502,2.7020001
2019-12-09 02:00:00,-4.598,94.847946,0.022470266,0.385,0.377,0.314,0.102,0.502,2.7020001
2019-12-09 03:00:00,-4.848,94.83739,0.022094965,0.385,0.377,0.314,0.102,0.502,2.7020001
2019-12-09 04:00:00,-4.948,94.83317,0.0219464,0.385,0.377,0.314,0.102,0.502,2.7020001
2019-12-09 05:00:00,-4.998,93.75483,0.026426047,0.384,0.377,0.314,0.102,0.502,2.7020001
2019-12-09 06:00:00,-4.848,93.05187,0.029736161,0.384,0.377,0.314,0.102,0.502,2.7020001
2019-12-09 07:00:00,-4.048,91.006584,0.040881246,0.384,0.377,0.314,0.102,0.502,2.7020001
2019-12-09 08:00:00,-3.948,91.01378,0.04115644,0.384,0.377,0.314,0.102,0.502,2.7020001
2019-12-09 09:00:00,-3.948,91.01378,0.04115644,0.384,0.377,0.314,0.102,0.502,2.7020001
2019-12-09 10:00:00,-4.098,91.69528,0.03760928,0.384,0.377,0.314,0.102,0.502,2.7020001
2019-12-09 11:00:00,-4.348,93.07997,0.030754954,0.384,0.377,0.314,0.102,0.502,2.7020001
2019-12-09 12:00:00,-4.598,94.13153,0.025594652,0.384,0.377,0.314,0.102,0.502,2.7020001
2019-12-09 13:00:00,-4.998,94.83105,0.021872342,0.384,0.377,0.314,0.102,0.502,2.7020001
2019-12-09 14:00:00,-5.198,95.18431,0.020071,0.384,0.377,0.314,0.102,0.502,2.7020001
2019-12-09 15:00:00,-5.748,95.89289,0.016416669,0.384,0.377,0.314,0.102,0.502,2.7020001
2019-12-09 16:00:00,-5.898,95.887794,0.016250014,0.384,0.377,0.314,0.102,0.502,2.7020001
2019-12-09 17:00:00,-6.198,95.87757,0.015921116,0.384,0.377,0.314,0.102,0.502,2.7020001
2019-12-09 18:00:00,-6.298,95.87417,0.015812755,0.384,0.377,0.314,0.102,0.502,2.7020001
2019-12-09 19:00:00,-6.498,95.49927,0.016987085,0.384,0.377,0.314,0.102,0.502,2.7020001
2019-12-09 20:00:00,-6.598,95.49555,0.016871125,0.384,0.377,0.314,0.102,0.502,2.7020001
2019-12-09 21:00:00,-6.848,95.48621,0.016584218,0.384,0.377,0.314,0.102,0.502,2.7020001
2019-12-09 22:00:00,-6.898,95.48433,0.016527414,0.384,0.377,0.314,0.102,0.502,2.7020001
2019-12-09 23:00:00,-6.798,95.48808,0.01664126,0.384,0.377,0.314,0.102,0.502,2.7020001
2019-12-10 00:00:00,-6.948,95.114334,0.017812848,0.384,0.377,0.314,0.102,0.502,2.7020001
2019-12-10 01:00:00,-6.898,95.48433,0.016527414,0.384,0.377,0.314,0.102,0.502,2.7020001
2019-12-10 02:00:00,-6.998,94.74531,0.019084543,0.384,0.377,0.314,0.102,0.502,2.7020001
2019-12-10 03:00:00,-6.998,94.37955,0.020412832,0.384,0.377,0.314,0.102,0.502,2.7020001
2019-12-10 04:00:00,-6.898,93.65701,0.023214936,0.384,0.377,0.314,0.102,0.502,2.7020001
2019-12-10 05:00:00,-6.548,92.23979,0.029175967,0.384,0.377,0.314,0.102,0.502,2.7020001
2019-12-10 06:00:00,-6.098,90.15906,0.038295776,0.384,0.377,0.314,0.102,0.502,2.7020001
2019-12-10 07:00:00,-6.248,90.84619,0.035215586,0.384,0.377,0.314,0.102,0.502,2.7020001
2019-12-10 08:00:00,-6.198,90.84989,0.035336375,0.384,0.377,0.314,0.102,0.502,2.7020001
2019-12-10 09:00:00,-6.048,90.51138,0.03706631,0.384,0.377,0.314,0.102,0.502,2.7020001
2019-12-10 10:00:00,-6.048,90.86095,0.035700887,0.384,0.377,0.314,0.102,0.502,2.652
2019-12-10 11:00:00,-6.098,91.56028,0.0328435,0.384,0.377,0.314,0.102,0.502,2.652
2019-12-10 12:00:00,-6.298,93.32816,0.025569856,0.384,0.377,0.314,0.102,0.502,2.652
2019-12-10 13:00:00,-6.398,93.32269,0.025395453,0.384,0.377,0.314,0.102,0.502,2.652
2019-12-10 14:00:00,-6.648,93.67001,0.023617119,0.384,0.377,0.314,0.102,0.502,2.652
2019-12-10 15:00:00,-6.848,92.93774,0.025946856,0.384,0.377,0.314,0.052,0.502,2.652
2019-12-10 16:00:00,-7.048,92.926186,0.02559203,0.384,0.377,0.314,0.052,0.552,2.652
2019-12-10 17:00:00,-7.348,92.908775,0.025067657,0.384,0.377,0.314,0.052,0.552,2.652
2019-12-10 18:00:00,-7.698,94.34697,0.01944974,0.384,0.377,0.314,0.052,0.552,2.652
2019-12-10 19:00:00,-7.598,95.087975,0.017031968,0.384,0.377,0.314,0.052,0.552,2.652
2019-12-10 20:00:00,-8.048,94.33058,0.018983126,0.384,0.377,0.314,0.052,0.552,2.652
2019-12-10 21:00:00,-8.198,94.69284,0.017564088,0.384,0.377,0.314,0.052,0.552,2.652
2019-12-10 22:00:00,-8.448,93.94301,0.019658536,0.384,0.377,0.314,0.052,0.552,2.652
2019-12-10 23:00:00,-8.848,93.92292,0.019116461,0.384,0.377,0.314,0.052,0.552,2.652
2019-12-11 00:00:00,-9.298,93.161514,0.020765007,0.384,0.377,0.314,0.052,0.552,2.652
2019-12-11 01:00:00,-9.798,92.76428,0.021122247,0.384,0.377,0.314,0.052,0.552,2.652
2019-12-11 02:00:00,-10.098,92.37785,0.021728545,0.384,0.377,0.314,0.052,0.552,2.652
2019-12-11 03:00:00,-10.298,91.99753,0.022453874,0.384,0.377,0.314,0.052,0.552,2.652
2019-12-11 04:00:00,-10.548,92.34942,0.021044701,0.384,0.377,0.314,0.052,0.552,2.652
2019-12-11 05:00:00,-10.448,91.255226,0.024245948,0.384,0.377,0.314,0.052,0.552,2.652
2019-12-11 06:00:00,-10.248,91.26962,0.024593294,0.384,0.377,0.314,0.052,0.552,2.652
2019-12-11 07:00:00,-10.198,91.2732,0.024680853,0.384,0.377,0.314,0.052,0.552,2.652
2019-12-11 08:00:00,-9.748,91.668945,0.024415523,0.384,0.377,0.314,0.052,0.552,2.652
2019-12-11 09:00:00,-9.448,92.41865,0.022750348,0.384,0.377,0.314,0.052,0.552,2.652
2019-12-11 10:00:00,-9.398,92.421776,0.022830665,0.384,0.377,0.314,0.052,0.552,2.652
2019-12-11 11:00:00,-9.498,92.05014,0.023762316,0.384,0.377,0.314,0.052,0.552,2.652
2019-12-11 12:00:00,-9.548,92.046875,0.02367863,0.384,0.377,0.314,0.0020000003,0.552,2.652
2019-12-11 13:00:00,-9.598,92.043594,0.023595214,0.384,0.377,0.314,0.0020000003,0.552,2.652
2019-12-11 14:00:00,-9.398,92.05668,0.02393043,0.384,0.377,0.314,0.0020000003,0.552,2.652
2019-12-11 15:00:00,-9.248,92.431145,0.023073047,0.384,0.377,0.314,0.0020000003,0.552,2.652
2019-12-11 16:00:00,-8.998,92.082756,0.02461332,0.384,0.377,0.314,0.0020000003,0.552,2.652
2019-12-11 17:00:00,-8.798,92.45913,0.023813635,0.384,0.377,0.314,0.0020000003,0.552,2.652
2019-12-11 18:00:00,-8.498,92.47771,0.024318695,0.383,0.377,0.314,0.0020000003,0.552,2.652
2019-12-11 19:00:00,-7.948,93.23725,0.022820383,0.383,0.377,0.314,0.0020000003,0.552,2.652
2019-12-11 20:00:00,-7.598,93.620415,0.022120118,0.383,0.377,0.314,0.0020000003,0.552,2.652
2019-12-11 21:00:00,-6.998,92.92908,0.025680333,0.383,0.377,0.314,0.0020000003,0.552,2.652
2019-12-11 22:00:00,-6.348,91.897194,0.03093481,0.383,0.377,0.314,0.0020000003,0.552,2.652
2019-12-11 23:00:00,-5.648,91.590935,0.033867568,0.383,0.377,0.314,0.0020000003,0.552,2.652
2019-12-12 00:00:00,-4.698,91.65512,0.036120564,0.383,0.377,0.314,0.0020000003,0.552,2.652
2019-12-12 01:00:00,-4.048,93.096756,0.031380653,0.383,0.377,0.314,0.0020000003,0.552,2.652
2019-12-12 02:00:00,-3.2979999,94.547165,0.026219636,0.383,0.377,0.314,0.0020000003,0.552,2.652
2019-12-12 03:00:00,-2.448,96.36008,0.01864475,0.383,0.377,0.314,0.0020000003,0.552,2.652
2019-12-12 04:00:00,-1.698,97.4552,0.013777912,0.383,0.377,0.314,0.0020000003,0.552,2.652
2019-12-12 05:00:00,-0.79800004,97.473854,0.0146102905,0.383,0.377,0.314,0.0020000003,0.552,2.652
2019-12-12 06:00:00,-0.048,97.13515,0.017499506,0.383,0.377,0.314,0.0020000003,0.552,2.652
2019-12-12 07:00:00,0.402,97.14559,0.018013716,0.383,0.377,0.314,0.052,0.552,2.652
2019-12-12 08:00:00,0.652,97.503456,0.016042471,0.383,0.377,0.314,0.052,0.552,2.652
2019-12-12 09:00:00,1.052,97.16057,0.018779457,0.383,0.377,0.314,0.052,0.552,2.652
2019-12-12 10:00:00,1.102,97.51254,0.016510844,0.384,0.377,0.314,0.052,0.552,2.652
2019-12-12 11:00:00,1.002,98.21614,0.0117557645,0.387,0.377,0.314,0.052,0.552,2.652
2019-12-12 12:00:00,0.852,99.28216,0.0046798587,0.391,0.377,0.314,0.052,0.552,2.652
2019-12-12 13:00:00,0.752,99.28158,0.004649937,0.394,0.377,0.314,0.052,0.552,2.652
2019-12-12 14:00:00,0.752,99.28158,0.004649937,0.396,0.377,0.314,0.052,0.552,2.652
2019-12-12 15:00:00,0.70199996,98.92363,0.006941557,0.398,0.377,0.314,0.052,0.552,2.652
2019-12-12 16:00:00,0.602,98.92276,0.0068973303,0.398,0.377,0.314,0.102,0.552,2.652
2019-12-12 17:00:00,0.45200002,98.92144,0.0068312883,0.399,0.377,0.314,0.102,0.552,2.652
2019-12-12 18:00:00,0.402,98.56363,0.009064734,0.4,0.377,0.314,0.102,0.552,2.652
2019-12-12 19:00:00,0.252,97.49534,0.015635848,0.4,0.377,0.314,0.102,0.552,2.652
2019-12-12 20:00:00,0.202,97.49433,0.015585601,0.4,0.377,0.314,0.102,0.552,2.652
2019-12-12 21:00:00,0.202,97.84884,0.0133805275,0.4,0.377,0.314,0.102,0.552,2.652
2019-12-12 22:00:00,0.15200001,98.20375,0.011132479,0.4,0.377,0.314,0.102,0.552,2.652
2019-12-12 23:00:00,0.102,98.203026,0.0110967755,0.4,0.377,0.314,0.102,0.552,2.652
2019-12-13 00:00:00,-0.098000005,98.91657,0.0065940022,0.4,0.377,0.314,0.102,0.552,2.652
2019-12-13 01:00:00,-0.048,98.91702,0.006615281,0.4,0.377,0.314,0.15200001,0.552,2.602
2019-12-13 02:00:00,-0.24800001,98.555984,0.008693278,0.399,0.377,0.314,0.15200001,0.552,2.602
2019-12-13 03:00:00,-0.79800004,97.473854,0.0146102905,0.399,0.377,0.314,0.15200001,0.552,2.602
2019-12-13 04:00:00,-1.5979999,94.27246,0.03123808,0.399,0.377,0.314,0.15200001,0.552,2.602
2019-12-13 05:00:00,-2.598,90.43015,0.048475295,0.399,0.377,0.314,0.15200001,0.552,2.602
2019-12-13 06:00:00,-3.398,88.344444,0.05562511,0.399,0.377,0.314,0.15200001,0.552,2.602
2019-12-13 07:00:00,-4.098,87.27771,0.05761245,0.399,0.377,0.314,0.15200001,0.552,2.602
2019-12-13 08:00:00,-4.898,86.19959,0.058834642,0.399,0.377,0.314,0.15200001,0.552,2.602
2019-12-13 09:00:00,-5.648,85.45508,0.05857554,0.399,0.377,0.314,0.15200001,0.552,2.602
2019-12-13 10:00:00,-6.348,85.37522,0.055829734,0.399,0.377,0.314,0.15200001,0.552,2.602
2019-12-13 11:00:00,-6.998,85.97016,0.050949156,0.398,0.377,0.314,0.15200001,0.552,2.602
2019-12-13 12:00:00,-7.598,86.24165,0.04769987,0.398,0.377,0.314,0.15200001,0.552,2.602
2019-12-13 13:00:00,-8.098,86.18705,0.04606557,0.398,0.377,0.314,0.15200001,0.552,2.602
2019-12-13 14:00:00,-8.448,85.80848,0.046054363,0.398,0.377,0.314,0.15200001,0.552,2.602
2019-12-13 15:00:00,-8.748,85.77469,0.04509422,0.398,0.377,0.314,0.15200001,0.552,2.602
2019-12-13 16:00:00,-9.048,85.74079,0.044151455,0.398,0.377,0.314,0.15200001,0.552,2.602
2019-12-13 17:00:00,-9.398,86.38737,0.041006327,0.398,0.377,0.314,0.15200001,0.552,2.602
2019-12-13 18:00:00,-9.698,86.35472,0.040144295,0.398,0.377,0.314,0.15200001,0.552,2.602
2019-12-13 19:00:00,-10.348,86.63103,0.03735961,0.398,0.377,0.314,0.15200001,0.552,2.602
2019-12-13 20:00:00,-10.598,86.95347,0.035741687,0.398,0.377,0.314,0.15200001,0.552,2.602
2019-12-13 21:00:00,-10.848,87.63091,0.033218354,0.398,0.377,0.314,0.15200001,0.602,2.602
2019-12-13 22:00:00,-10.998,87.6159,0.032863095,0.397,0.377,0.314,0.102,0.552,2.602
2019-12-13 23:00:00,-11.198,87.95053,0.031468436,0.397,0.377,0.314,0.102,0.602,2.602
2019-12-14 00:00:00,-11.398,87.930954,0.031019077,0.397,0.377,0.314,0.102,0.602,2.602
2019-12-14 01:00:00,-11.498,88.27795,0.02988702,0.397,0.377,0.314,0.102,0.602,2.602
2019-12-14 02:00:00,-11.648,88.622116,0.028662652,0.397,0.377,0.314,0.102,0.602,2.602
2019-12-14 03:00:00,-11.898,88.959366,0.027260035,0.397,0.377,0.314,0.102,0.602,2.602
2019-12-14 04:00:00,-12.248,89.290474,0.02570735,0.397,0.377,0.314,0.102,0.602,2.602
2019-12-14 05:00:00,-11.898,90.0487,0.024570927,0.397,0.377,0.314,0.102,0.602,2.602
2019-12-14 06:00:00,-11.648,90.069145,0.025018066,0.397,0.377,0.314,0.102,0.602,2.602
2019-12-14 07:00:00,-10.998,89.39954,0.02813083,0.397,0.377,0.314,0.052,0.602,2.602
2019-12-14 08:00:00,-10.898,89.04916,0.02929321,0.397,0.377,0.314,0.052,0.602,2.602
2019-12-14 09:00:00,-10.898,89.40818,0.028333053,0.396,0.377,0.314,0.052,0.602,2.602
2019-12-14 10:00:00,-11.098,89.031296,0.02887638,0.396,0.377,0.314,0.052,0.602,2.602
2019-12-14 11:00:00,-11.448,90.08546,0.025380865,0.396,0.377,0.314,0.052,0.602,2.602
2019-12-14 12:00:00,-11.748,89.69698,0.025747836,0.396,0.377,0.314,0.052,0.602,2.602
2019-12-14 13:00:00,-12.048,90.036415,0.024305925,0.396,0.377,0.314,0.052,0.602,2.602
2019-12-14 14:00:00,-12.348,90.011765,0.023783505,0.396,0.377,0.314,0.052,0.602,2.602
2019-12-14 15:00:00,-12.598,89.99113,0.023355603,0.396,0.377,0.314,0.052,0.602,2.602
2019-12-14 16:00:00,-12.698,89.61615,0.024034977,0.396,0.377,0.314,0.052,0.602,2.602
2019-12-14 17:00:00,-12.398,88.91407,0.026290253,0.396,0.377,0.314,0.052,0.602,2.602
2019-12-14 18:00:00,-12.348,89.28168,0.025521576,0.396,0.377,0.314,0.0020000003,0.602,2.602
2019-12-14 19:00:00,-12.548,89.62899,0.024298638,0.396,0.377,0.314,0.0020000003,0.602,2.602
2019-12-14 20:00:00,-12.648,89.2552,0.024971217,0.396,0.377,0.314,0.0020000003,0.602,2.602
2019-12-14 21:00:00,-12.498,88.54282,0.02695167,0.396,0.377,0.314,0.0020000003,0.602,2.602
2019-12-14 22:00:00,-12.498,88.54282,0.02695167,0.395,0.377,0.314,0.0020000003,0.602,2.602
2019-12-14 23:00:00,-12.398,88.191635,0.028003097,0.395,0.377,0.314,0.0020000003,0.602,2.602
2019-12-15 00:00:00,-12.198,88.2109,0.028412536,0.395,0.377,0.314,0.0020000003,0.602,2.602
2019-12-15 01:00:00,-12.298,88.20128,0.028207153,0.395,0.377,0.314,0.0020000003,0.602,2.602
2019-12-15 02:00:00,-11.998,87.515114,0.030578017,0.395,0.377,0.314,0.0020000003,0.602,2.602
2019-12-15 03:00:00,-12.048,87.867035,0.02959685,0.395,0.377,0.314,0.0020000003,0.602,2.602
2019-12-15 04:00:00,-11.898,87.16993,0.03167717,0.395,0.377,0.314,0.0020000003,0.602,2.602
2019-12-15 05:00:00,-11.598,86.49595,0.034154266,0.395,0.377,0.314,-0.048,0.602,2.602
2019-12-15 06:00:00,-11.048,84.82202,0.040114522,0.395,0.377,0.314,-0.048,0.602,2.602
2019-12-15 07:00:00,-11.098,83.45099,0.04356259,0.395,0.377,0.314,-0.048,0.602,2.602
2019-12-15 08:00:00,-10.898,83.139435,0.04509668,0.395,0.377,0.314,-0.048,0.602,2.602
2019-12-15 09:00:00,-10.748,82.82326,0.046494633,0.395,0.377,0.314,-0.048,0.602,2.602
2019-12-15 10:00:00,-10.698,83.16599,0.045748934,0.395,0.378,0.314,-0.048,0.602,2.602
2019-12-15 11:00:00,-11.248,85.835724,0.036842406,0.395,0.378,0.314,-0.048,0.602,2.602
2019-12-15 12:00:00,-11.648,86.490486,0.034031212,0.394,0.378,0.314,-0.048,0.552,2.602
2019-12-15 13:00:00,-11.798,86.82659,0.03278728,0.394,0.378,0.314,-0.048,0.602,2.602
2019-12-15 14:00:00,-12.548,86.74638,0.031050622,0.394,0.378,0.314,-0.048,0.552,2.602
2019-12-15 15:00:00,-12.948,86.34779,0.0309636,0.394,0.378,0.314,-0.048,0.552,2.602
2019-12-15 16:00:00,-13.148,86.32565,0.030513719,0.394,0.378,0.314,-0.048,0.552,2.602
2019-12-15 17:00:00,-13.748,86.61654,0.02843824,0.394,0.378,0.314,-0.048,0.552,2.602
2019-12-15 18:00:00,-14.198,86.56737,0.027509123,0.394,0.378,0.314,-0.048,0.552,2.602
2019-12-15 19:00:00,-14.198,88.01619,0.024542823,0.394,0.378,0.314,-0.098000005,0.552,2.602
2019-12-15 20:00:00,-14.598,87.611336,0.024550393,0.394,0.378,0.314,-0.098000005,0.552,2.602
2019-12-15 21:00:00,-14.348,87.63676,0.025009498,0.394,0.378,0.314,-0.098000005,0.552,2.602
2019-12-15 22:00:00,-14.248,87.2839,0.025935397,0.394,0.378,0.314,-0.098000005,0.552,2.602
2019-12-15 23:00:00,-14.198,87.65196,0.025288552,0.394,0.378,0.314,-0.098000005,0.552,2.602
2019-12-16 00:00:00,-14.048,87.66717,0.025570303,0.394,0.378,0.314,-0.098000005,0.552,2.602
2019-12-16 01:00:00,-14.098,87.6621,0.025476113,0.394,0.378,0.314,-0.098000005,0.552,2.602
2019-12-16 02:00:00,-14.148,87.29429,0.026127905,0.394,0.378,0.314,-0.098000005,0.552,2.602
2019-12-16 03:00:00,-14.148,87.29429,0.026127905,0.393,0.378,0.314,-0.098000005,0.552,2.602
2019-12-16 04:00:00,-14.198,87.289085,0.02603148,0.393,0.378,0.314,-0.098000005,0.552,2.602
2019-12-16 05:00:00,-13.948,87.31509,0.026516616,0.393,0.378,0.314,-0.148,0.552,2.552
2019-12-16 06:00:00,-13.348,85.94819,0.030849203,0.393,0.378,0.314,-0.148,0.552,2.552
2019-12-16 07:00:00,-13.048,86.33675,0.030737922,0.393,0.378,0.314,-0.148,0.552,2.552
2019-12-16 08:00:00,-12.848,86.358864,0.031190693,0.393,0.378,0.314,-0.148,0.552,2.552
2019-12-16 09:00:00,-12.598,86.03316,0.032588914,0.393,0.378,0.314,-0.148,0.552,2.552
2019-12-16 10:00:00,-12.598,86.03316,0.032588914,0.393,0.378,0.314,-0.148,0.552,2.552
2019-12-16 11:00:00,-12.698,86.021866,0.032352135,0.393,0.378,0.314,-0.148,0.552,2.552
2019-12-16 12:00:00,-12.998,86.69791,0.030047491,0.393,0.378,0.314,-0.148,0.552,2.552
2019-12-16 13:00:00,-13.298,86.66545,0.029394507,0.393,0.378,0.314,-0.148,0.552,2.552
2019-12-16 14:00:00,-13.698,86.62199,0.028543115,0.393,0.378,0.314,-0.148,0.552,2.552
2019-12-16 15:00:00,-13.948,86.95424,0.02727069,0.393,0.378,0.314,-0.148,0.552,2.552
2019-12-16 16:00:00,-14.348,86.911514,0.026476145,0.393,0.378,0.314,-0.148,0.552,2.552
2019-12-16 17:00:00,-14.498,86.17478,0.027622908,0.393,0.378,0.314,-0.148,0.552,2.552
2019-12-16 18:00:00,-14.648,86.51792,0.02660662,0.393,0.378,0.314,-0.148,0.552,2.552
2019-12-16 19:00:00,-15.548,85.334785,0.026862577,0.392,0.378,0.314,-0.198,0.552,2.552
2019-12-16 20:00:00,-15.648,85.68291,0.02600798,0.392,0.378,0.314,-0.198,0.552,2.552
2019-12-16 21:00:00,-15.997999,86.00427,0.024693474,0.392,0.378,0.314,-0.198,0.552,2.552
2019-12-16 22:00:00,-15.848,86.02148,0.02497372,0.392,0.378,0.314,-0.198,0.552,2.552
2019-12-16 23:00:00,-15.748,86.395996,0.024508178,0.392,0.378,0.314,-0.198,0.552,2.552
2019-12-17 00:00:00,-15.348,86.07854,0.025927842,0.392,0.378,0.314,-0.198,0.552,2.552
2019-12-17 01:00:00,-15.048,86.47378,0.025826111,0.392,0.378,0.314,-0.198,0.552,2.552
2019-12-17 02:00:00,-14.648,86.87935,0.025893554,0.392,0.378,0.314,-0.198,0.552,2.552
2019-12-17 03:00:00,-14.248,87.6469,0.025195196,0.392,0.378,0.314,-0.198,0.552,2.552
2019-12-17 04:00:00,-13.848,87.68737,0.025950253,0.392,0.378,0.314,-0.198,0.552,2.552
2019-12-17 05:00:00,-12.948,88.13843,0.026903406,0.392,0.378,0.315,-0.198,0.552,2.552
2019-12-17 06:00:00,-11.848,87.88676,0.030028313,0.392,0.378,0.315,-0.198,0.552,2.552
2019-12-17 07:00:00,-10.998,86.911385,0.034732208,0.392,0.378,0.315,-0.24800001,0.552,2.552
2019-12-17 08:00:00,-10.248,86.64173,0.037626967,0.392,0.378,0.315,-0.24800001,0.502,2.552
2019-12-17 09:00:00,-9.648,86.36017,0.04028687,0.392,0.378,0.315,-0.24800001,0.502,2.552
2019-12-17 10:00:00,-9.448,86.72705,0.039826244,0.392,0.378,0.315,-0.24800001,0.502,2.552
2019-12-17 11:00:00,-9.598,88.10547,0.035271764,0.392,0.378,0.315,-0.24800001,0.502,2.552
2019-12-17 12:00:00,-9.798,89.14672,0.031680644,0.392,0.378,0.315,-0.24800001,0.502,2.552
2019-12-17 13:00:00,-10.048,90.19855,0.02805093,0.392,0.378,0.315,-0.24800001,0.502,2.552
2019-12-17 14:00:00,-10.248,90.90596,0.02561757,0.391,0.378,0.315,-0.24800001,0.502,2.552
2019-12-17 15:00:00,-10.398,90.89474,0.025345713,0.391,0.378,0.315,-0.24800001,0.502,2.552
2019-12-17 16:00:00,-10.448,90.528076,0.026261762,0.391,0.378,0.315,-0.24800001,0.502,2.552
2019-12-17 17:00:00,-10.448,89.806076,0.028263211,0.391,0.378,0.315,-0.24800001,0.502,2.552
2019-12-17 18:00:00,-10.648,89.07144,0.029821664,0.391,0.378,0.315,-0.24800001,0.502,2.552
2019-12-17 19:00:00,-11.048,87.96519,0.031809166,0.391,0.378,0.315,-0.24800001,0.502,2.552
2019-12-17 20:00:00,-11.198,87.59583,0.032394573,0.391,0.378,0.315,-0.24800001,0.502,2.552
2019-12-17 21:00:00,-11.548,87.20625,0.032488227,0.391,0.378,0.315,-0.24800001,0.502,2.552
2019-12-17 22:00:00,-11.848,86.82126,0.032668933,0.391,0.378,0.315,-0.24800001,0.502,2.552
2019-12-17 23:00:00,-12.348,85.35993,0.03485699,0.391,0.378,0.315,-0.24800001,0.502,2.552
2019-12-18 00:00:00,-12.498,84.298615,0.036932483,0.391,0.378,0.315,-0.24800001,0.502,2.552
2019-12-18 01:00:00,-12.698,83.23976,0.038789004,0.391,0.378,0.315,-0.24800001,0.502,2.552
2019-12-18 02:00:00,-12.848,82.19627,0.04070489,0.391,0.378,0.315,-0.24800001,0.502,2.552
2019-12-18 03:00:00,-13.048,81.49109,0.041634664,0.391,0.378,0.315,-0.24800001,0.502,2.552
2019-12-18 04:00:00,-13.148,81.13963,0.042081296,0.391,0.378,0.315,-0.24800001,0.502,2.552
2019-12-18 05:00:00,-12.548,80.22936,0.046312258,0.391,0.378,0.315,-0.24800001,0.502,2.552
2019-12-18 06:00:00,-11.498,79.08483,0.05331634,0.391,0.378,0.315,-0.24800001,0.502,2.552
2019-12-18 07:00:00,-10.948,78.52998,0.05719161,0.391,0.378,0.315,-0.24800001,0.502,2.552
2019-12-18 08:00:00,-10.198,78.01748,0.062155277,0.391,0.378,0.315,-0.24800001,0.502,2.552
2019-12-18 09:00:00,-9.748,78.092674,0.06418769,0.391,0.378,0.315,-0.24800001,0.502,2.552
2019-12-18 10:00:00,-10.148,79.62265,0.057847247,0.391,0.378,0.315,-0.24800001,0.502,2.552
2019-12-18 11:00:00,-10.748,81.49092,0.05009976,0.39,0.378,0.315,-0.24800001,0.502,2.502
2019-12-18 12:00:00,-10.898,82.80297,0.04599631,0.39,0.378,0.315,-0.29799998,0.502,2.502
2019-12-18 13:00:00,-10.798,83.828835,0.0435995,0.39,0.378,0.315,-0.29799998,0.502,2.502
2019-12-18 14:00:00,-10.398,84.55895,0.042977452,0.39,0.378,0.315,-0.29799998,0.502,2.502
2019-12-18 15:00:00,-10.148,85.272255,0.041813567,0.39,0.378,0.315,-0.29799998,0.502,2.502
2019-12-18 16:00:00,-10.548,86.261604,0.037786573,0.39,0.378,0.315,-0.29799998,0.502,2.502
2019-12-18 17:00:00,-11.098,87.25271,0.03355761,0.39,0.378,0.315,-0.29799998,0.502,2.502
2019-12-18 18:00:00,-10.998,87.263,0.033799335,0.39,0.378,0.315,-0.29799998,0.502,2.502
2019-12-18 19:00:00,-10.648,87.65088,0.033697233,0.39,0.378,0.315,-0.29799998,0.502,2.502
2019-12-18 20:00:00,-10.148,88.40571,0.032919183,0.39,0.378,0.315,-0.29799998,0.45200002,2.502
2019-12-18 21:00:00,-9.398,88.82821,0.033654988,0.39,0.378,0.315,-0.29799998,0.45200002,2.502
2019-12-18 22:00:00,-8.848,89.229935,0.033876657,0.39,0.378,0.315,-0.29799998,0.45200002,2.502
2019-12-18 23:00:00,-8.148,89.29066,0.03557813,0.39,0.378,0.315,-0.29799998,0.45200002,2.502
2019-12-19 00:00:00,-7.498,90.04743,0.034775406,0.39,0.378,0.315,-0.29799998,0.45200002,2.502
2019-12-19 01:00:00,-6.698,90.11144,0.036751032,0.39,0.378,0.315,-0.29799998,0.45200002,2.502
2019-12-19 02:00:00,-6.148,90.503746,0.036813557,0.39,0.378,0.315,-0.29799998,0.45200002,2.502
2019-12-19 03:00:00,-5.848,91.2259,0.034802943,0.39,0.378,0.315,-0.29799998,0.45200002,2.502
2019-12-19 04:00:00,-5.448,91.254166,0.03576407,0.39,0.378,0.315,-0.29799998,0.45200002,2.502
2019-12-19 05:00:00,-5.048,91.63156,0.035275877,0.39,0.378,0.315,-0.29799998,0.45200002,2.502
2019-12-19 06:00:00,-4.448,88.923195,0.04885742,0.39,0.378,0.315,-0.24800001,0.45200002,2.502
2019-12-19 07:00:00,-4.048,85.96255,0.06380662,0.39,0.378,0.315,-0.24800001,0.45200002,2.502
2019-12-19 08:00:00,-4.148,84.648315,0.06925687,0.39,0.378,0.315,-0.24800001,0.45200002,2.502
2019-12-19 09:00:00,-4.698,83.93531,0.06952965,0.39,0.378,0.315,-0.24800001,0.45200002,2.502
2019-12-19 10:00:00,-5.448,84.49292,0.06340751,0.389,0.378,0.315,-0.24800001,0.45200002,2.502
2019-12-19 11:00:00,-6.348,85.37522,0.055829734,0.389,0.378,0.315,-0.24800001,0.45200002,2.502
2019-12-19 12:00:00,-7.098,85.95908,0.050597727,0.389,0.378,0.315,-0.24800001,0.45200002,2.502
2019-12-19 13:00:00,-7.698,85.89244,0.048532635,0.389,0.378,0.315,-0.24800001,0.45200002,2.502
2019-12-19 14:00:00,-8.048,85.85335,0.04736209,0.389,0.378,0.315,-0.24800001,0.45200002,2.502
2019-12-19 15:00:00,-8.248,86.17061,0.045584857,0.389,0.378,0.315,-0.24800001,0.45200002,2.502
2019-12-19 16:00:00,-8.348,87.186615,0.041908592,0.389,0.378,0.315,-0.24800001,0.45200002,2.502
2019-12-19 17:00:00,-8.448,88.91358,0.03597939,0.389,0.378,0.315,-0.24800001,0.45200002,2.502
2019-12-19 18:00:00,-8.648,89.60021,0.03322813,0.389,0.378,0.315,-0.24800001,0.45200002,2.502
2019-12-19 19:00:00,-8.098,90.35292,0.032174557,0.389,0.378,0.315,-0.24800001,0.45200002,2.502
2019-12-19 20:00:00,-7.898,90.36855,0.032625824,0.389,0.378,0.315,-0.24800001,0.45200002,2.502
2019-12-19 21:00:00,-7.848,90.372444,0.03273943,0.389,0.378,0.315,-0.24800001,0.45200002,2.502
2019-12-19 22:00:00,-7.698,90.031334,0.034296095,0.389,0.378,0.315,-0.24800001,0.45200002,2.502
2019-12-19 23:00:00,-7.748,90.02732,0.034177154,0.389,0.378,0.315,-0.24800001,0.45200002,2.502
2019-12-20 00:00:00,-7.398,90.055466,0.035017252,0.389,0.378,0.315,-0.24800001,0.45200002,2.502
2019-12-20 01:00:00,-6.998,90.087524,0.03599903,0.389,0.378,0.315,-0.24800001,0.45200002,2.502
2019-12-20 02:00:00,-6.448,90.131325,0.037387997,0.389,0.378,0.315,-0.24800001,0.45200002,2.502
2019-12-20 03:00:00,-6.048,90.16302,0.038426995,0.389,0.378,0.315,-0.24800001,0.45200002,2.502
2019-12-20 04:00:00,-5.698,90.190605,0.03935665,0.389,0.378,0.315,-0.24800001,0.45200002,2.4520001
2019-12-20 05:00:00,-5.148,89.888916,0.042299032,0.389,0.377,0.315,-0.24800001,0.45200002,2.4520001
2019-12-20 06:00:00,-4.598,88.91002,0.048365146,0.389,0.377,0.315,-0.24800001,0.45200002,2.4520001
2019-12-20 07:00:00,-4.098,87.61068,0.05610484,0.389,0.377,0.315,-0.24800001,0.45200002,2.4520001
2019-12-20 08:00:00,-3.948,87.95901,0.055145532,0.389,0.377,0.315,-0.198,0.45200002,2.4520001
2019-12-20 09:00:00,-3.748,88.64778,0.05277717,0.389,0.377,0.315,-0.198,0.45200002,2.4520001
2019-12-20 10:00:00,-3.5479999,89.33906,0.050311476,0.389,0.377,0.315,-0.198,0.45200002,2.4520001
2019-12-20 11:00:00,-3.148,90.04864,0.0483872,0.388,0.377,0.315,-0.198,0.45200002,2.4520001
2019-12-20 12:00:00,-2.5479999,91.11358,0.045181066,0.388,0.377,0.315,-0.198,0.45200002,2.4520001
2019-12-20 13:00:00,-1.7479999,92.5344,0.04026991,0.388,0.377,0.315,-0.198,0.45200002,2.4520001
2019-12-20 14:00:00,-0.748,93.620995,0.037027895,0.388,0.377,0.315,-0.198,0.45200002,2.4520001
2019-12-20 15:00:00,0.052,93.32019,0.04109907,0.388,0.377,0.315,-0.198,0.45200002,2.4520001
2019-12-20 16:00:00,0.352,92.32074,0.048286557,0.388,0.377,0.315,-0.198,0.45200002,2.4520001
2019-12-20 17:00:00,0.252,89.32481,0.06663948,0.388,0.377,0.315,-0.198,0.45200002,2.4520001
2019-12-20 18:00:00,-0.698,86.642365,0.077816725,0.388,0.377,0.315,-0.198,0.45200002,2.4520001
2019-12-20 19:00:00,-1.798,87.17788,0.06890622,0.388,0.377,0.315,-0.148,0.45200002,2.4520001
2019-12-20 20:00:00,-1.8479999,86.84751,0.07042134,0.388,0.377,0.315,-0.148,0.45200002,2.4520001
2019-12-20 21:00:00,-1.898,87.167915,0.06845313,0.388,0.377,0.315,-0.148,0.45200002,2.4520001
2019-12-20 22:00:00,-1.9979999,86.83221,0.0697273,0.388,0.377,0.315,-0.148,0.45200002,2.4520001
2019-12-20 23:00:00,-2.098,86.82198,0.06926793,0.388,0.377,0.315,-0.148,0.45200002,2.4520001
2019-12-21 00:00:00,-2.448,87.44081,0.06432754,0.388,0.377,0.315,-0.148,0.45200002,2.4520001
2019-12-21 01:00:00,-2.748,88.73685,0.05641991,0.388,0.377,0.315,-0.148,0.45200002,2.4520001
2019-12-21 02:00:00,-2.7979999,89.40206,0.052891046,0.388,0.377,0.315,-0.148,0.45200002,2.4520001
2019-12-21 03:00:00,-2.7979999,89.06668,0.054564655,0.388,0.377,0.315,-0.148,0.45200002,2.4520001
2019-12-21 04:00:00,-2.848,88.72799,0.05604613,0.388,0.377,0.315,-0.148,0.45200002,2.4520001
2019-12-21 05:00:00,-2.7979999,88.39927,0.057895213,0.388,0.377,0.315,-0.148,0.45200002,2.4520001
2019-12-21 06:00:00,-2.698,87.74589,0.0616118,0.388,0.377,0.315,-0.098000005,0.45200002,2.4520001
2019-12-21 07:00:00,-2.448,86.46043,0.069348454,0.388,0.377,0.315,-0.098000005,0.45200002,2.4520001
2019-12-21 08:00:00,-2.5479999,86.12507,0.070540994,0.388,0.377,0.315,-0.098000005,0.45200002,2.4520001
2019-12-21 09:00:00,-2.598,86.444664,0.06866112,0.388,0.377,0.315,-0.098000005,0.45200002,2.4520001
2019-12-21 10:00:00,-2.848,86.74498,0.06590474,0.388,0.377,0.315,-0.098000005,0.45200002,2.4520001
2019-12-21 11:00:00,-3.098,88.03914,0.058374256,0.388,0.377,0.315,-0.098000005,0.45200002,2.4520001
2019-12-21 12:00:00,-3.2979999,88.68798,0.05439046,0.388,0.377,0.315,-0.098000005,0.45200002,2.4520001
2019-12-21 13:00:00,-3.448,89.347496,0.050649017,0.388,0.377,0.315,-0.098000005,0.45200002,2.4520001
2019-12-21 14:00:00,-3.648,90.009056,0.04679835,0.388,0.377,0.315,-0.098000005,0.45200002,2.4520001
2019-12-21 15:00:00,-3.948,90.669754,0.04273188,0.387,0.377,0.315,-0.098000005,0.45200002,2.4520001
2019-12-21 16:00:00,-4.298,90.98856,0.040200084,0.387,0.377,0.315,-0.098000005,0.45200002,2.4520001
2019-12-21 17:00:00,-4.948,90.24936,0.04141432,0.387,0.377,0.315,-0.098000005,0.45200002,2.4520001
2019-12-21 18:00:00,-6.048,89.46983,0.041134477,0.387,0.377,0.315,-0.098000005,0.45200002,2.4520001
2019-12-21 19:00:00,-7.148,88.68238,0.040628582,0.387,0.377,0.315,-0.098000005,0.45200002,2.402
2019-12-21 20:00:00,-8.248,87.88702,0.039928228,0.387,0.377,0.315,-0.098000005,0.45200002,2.402
2019-12-21 21:00:00,-8.998,88.16282,0.036797494,0.387,0.377,0.315,-0.098000005,0.45200002,2.402
2019-12-21 22:00:00,-9.498,89.5283,0.031298935,0.387,0.377,0.315,-0.098000005,0.45200002,2.402
2019-12-21 23:00:00,-9.798,90.218544,0.028552502,0.387,0.377,0.315,-0.098000005,0.45200002,2.402
2019-12-22 00:00:00,-9.998,90.56293,0.027115315,0.387,0.377,0.315,-0.098000005,0.45200002,2.402
2019-12-22 01:00:00,-9.948,90.92832,0.026168913,0.387,0.377,0.315,-0.098000005,0.45200002,2.402
2019-12-22 02:00:00,-9.848,90.93574,0.026354998,0.387,0.377,0.315,-0.098000005,0.45200002,2.402
2019-12-22 03:00:00,-9.448,90.96539,0.027110726,0.387,0.377,0.315,-0.098000005,0.45200002,2.402
2019-12-22 04:00:00,-8.998,90.63971,0.029098868,0.387,0.377,0.315,-0.098000005,0.45200002,2.402
2019-12-22 05:00:00,-8.198,89.638016,0.034290582,0.387,0.377,0.315,-0.098000005,0.45200002,2.402
2019-12-22 06:00:00,-7.098,87.997826,0.04325217,0.387,0.377,0.315,-0.098000005,0.45200002,2.402
2019-12-22 07:00:00,-6.298,86.38214,0.052186072,0.387,0.377,0.315,-0.098000005,0.45200002,2.402
2019-12-22 08:00:00,-5.848,85.10197,0.059089422,0.387,0.377,0.315,-0.098000005,0.45200002,2.402
2019-12-22 09:00:00,-5.648,85.12518,0.05990383,0.387,0.377,0.315,-0.098000005,0.45200002,2.402
2019-12-22 10:00:00,-5.798,86.10193,0.055334657,0.387,0.377,0.315,-0.098000005,0.45200002,2.402
2019-12-22 11:00:00,-6.198,87.06563,0.049948364,0.387,0.377,0.315,-0.098000005,0.45200002,2.402
2019-12-22 12:00:00,-6.648,87.35876,0.047160625,0.387,0.377,0.315,-0.098000005,0.45200002,2.402
2019-12-22 13:00:00,-6.948,87.32862,0.046194464,0.387,0.377,0.315,-0.098000005,0.45200002,2.402
2019-12-22 14:00:00,-7.498,87.61569,0.043270767,0.387,0.377,0.315,-0.098000005,0.45200002,2.402
2019-12-22 15:00:00,-7.948,87.22743,0.043096423,0.387,0.377,0.315,-0.098000005,0.45200002,2.402
2019-12-22 16:00:00,-8.498,86.82735,0.042582035,0.387,0.377,0.315,-0.048,0.45200002,2.402
2019-12-22 17:00:00,-8.998,86.43073,0.042180747,0.387,0.377,0.315,-0.098000005,0.45200002,2.402
2019-12-22 18:00:00,-9.498,86.37651,0.040717214,0.387,0.377,0.315,-0.098000005,0.45200002,2.402
2019-12-22 19:00:00,-10.648,85.90363,0.038463756,0.387,0.377,0.315,-0.098000005,0.45200002,2.402
2019-12-22 20:00:00,-10.948,85.523285,0.03856826,0.387,0.377,0.315,-0.098000005,0.45200002,2.402
2019-12-22 21:00:00,-11.098,85.16032,0.039064378,0.386,0.377,0.315,-0.098000005,0.45200002,2.402
2019-12-22 22:00:00,-11.298,84.79175,0.039399117,0.386,0.377,0.315,-0.098000005,0.45200002,2.402
2019-12-22 23:00:00,-11.498,84.42336,0.039711848,0.386,0.377,0.315,-0.098000005,0.45200002,2.402
2019-12-23 00:00:00,-11.798,84.3861,0.03885956,0.386,0.377,0.315,-0.098000005,0.45200002,2.402
2019-12-23 01:00:00,-12.148,84.34243,0.037885413,0.386,0.377,0.315,-0.098000005,0.45200002,2.402
2019-12-23 02:00:00,-12.448,84.65137,0.036249295,0.386,0.377,0.315,-0.098000005,0.45200002,2.402
2019-12-23 03:00:00,-12.698,84.6206,0.0355943,0.386,0.377,0.315,-0.098000005,0.45200002,2.402
2019-12-23 04:00:00,-12.898,84.2483,0.035869107,0.386,0.377,0.315,-0.098000005,0.45200002,2.402
2019-12-23 05:00:00,-12.998,83.543755,0.037169725,0.386,0.377,0.315,-0.098000005,0.45200002,2.402
2019-12-23 06:00:00,-12.998,82.5154,0.039491594,0.386,0.377,0.315,-0.098000005,0.45200002,2.402
2019-12-23 07:00:00,-12.348,80.924034,0.045414254,0.386,0.377,0.315,-0.098000005,0.45200002,2.402
2019-12-23 08:00:00,-12.198,80.9464,0.04591362,0.386,0.377,0.315,-0.098000005,0.45200002,2.402
2019-12-23 09:00:00,-12.198,81.27982,0.04511051,0.386,0.377,0.315,-0.098000005,0.45200002,2.402
2019-12-23 10:00:00,-12.348,82.605156,0.0414135,0.386,0.377,0.315,-0.098000005,0.45200002,2.402
2019-12-23 11:00:00,-12.748,83.92123,0.03706187,0.386,0.377,0.315,-0.098000005,0.45200002,2.402
2019-12-23 12:00:00,-12.948,84.58974,0.034949645,0.386,0.377,0.315,-0.098000005,0.45200002,2.402
2019-12-23 13:00:00,-13.198,85.61169,0.031976014,0.386,0.377,0.315,-0.098000005,0.45200002,2.402
2019-12-23 14:00:00,-13.398,85.5884,0.031510115,0.386,0.377,0.315,-0.098000005,0.45200002,2.352
2019-12-23 15:00:00,-13.398,85.23563,0.032281205,0.386,0.377,0.315,-0.098000005,0.45200002,2.352
2019-12-23 16:00:00,-13.348,83.84393,0.035467237,0.386,0.377,0.315,-0.098000005,0.45200002,2.352
2019-12-23 17:00:00,-13.148,83.524055,0.036763117,0.386,0.377,0.315,-0.098000005,0.45200002,2.352
2019-12-23 18:00:00,-12.998,82.85692,0.038720503,0.386,0.377,0.315,-0.098000005,0.45200002,2.352
2019-12-23 19:00:00,-12.648,81.5493,0.042873055,0.386,0.377,0.315,-0.098000005,0.45200002,2.352
2019-12-23 20:00:00,-12.398,80.58391,0.046037257,0.386,0.377,0.315,-0.098000005,0.45200002,2.352
2019-12-23 21:00:00,-12.398,79.92228,0.04760532,0.386,0.377,0.315,-0.098000005,0.45200002,2.352
2019-12-23 22:00:00,-12.148,79.30562,0.050067216,0.386,0.377,0.315,-0.148,0.45200002,2.352
2019-12-23 23:00:00,-11.798,78.71229,0.052974105,0.386,0.377,0.315,-0.148,0.45200002,2.352
2019-12-24 00:00:00,-11.498,77.79824,0.056594536,0.386,0.377,0.315,-0.148,0.45200002,2.352
2019-12-24 01:00:00,-11.248,77.205414,0.059280187,0.386,0.377,0.315,-0.148,0.45200002,2.352
2019-12-24 02:00:00,-11.048,77.5567,0.059307665,0.386,0.377,0.315,-0.148,0.45200002,2.352
2019-12-24 03:00:00,-10.848,78.54643,0.05760543,0.386,0.377,0.315,-0.148,0.45200002,2.352
2019-12-24 04:00:00,-10.648,79.544044,0.05580993,0.386,0.377,0.315,-0.148,0.45200002,2.352
2019-12-24 05:00:00,-10.298,80.57213,0.054500863,0.386,0.377,0.315,-0.148,0.45200002,2.352
2019-12-24 06:00:00,-10.048,80.935814,0.05455111,0.386,0.377,0.315,-0.148,0.45200002,2.352
2019-12-24 07:00:00,-9.148,81.71991,0.05615504,0.385,0.377,0.315,-0.148,0.45200002,2.352
2019-12-24 08:00:00,-8.898,81.75532,0.057156354,0.385,0.377,0.315,-0.148,0.45200002,2.352
2019-12-24 09:00:00,-8.748,82.431114,0.05569026,0.385,0.377,0.315,-0.148,0.45200002,2.352
2019-12-24 10:00:00,-8.798,82.75345,0.05445531,0.385,0.377,0.315,-0.148,0.45200002,2.352
2019-12-24 11:00:00,-9.098,83.70966,0.05024126,0.385,0.377,0.315,-0.148,0.45200002,2.352
2019-12-24 12:00:00,-9.348,84.349205,0.04733029,0.385,0.377,0.315,-0.148,0.45200002,2.352
2019-12-24 13:00:00,-9.498,83.99395,0.04783614,0.385,0.377,0.315,-0.148,0.45200002,2.352
2019-12-24 14:00:00,-9.848,83.27819,0.048613533,0.385,0.377,0.315,-0.148,0.45200002,2.352
2019-12-24 15:00:00,-9.798,82.28676,0.05169867,0.385,0.377,0.315,-0.148,0.45200002,2.352
2019-12-24 16:00:00,-9.598,81.00215,0.05632876,0.385,0.377,0.315,-0.148,0.45200002,2.352
2019-12-24 17:00:00,-9.898,80.30754,0.057020828,0.385,0.377,0.315,-0.148,0.45200002,2.352
2019-12-24 18:00:00,-10.248,79.930016,0.0565252,0.385,0.377,0.315,-0.148,0.402,2.352
2019-12-24 19:00:00,-9.798,79.03674,0.061180636,0.385,0.377,0.315,-0.148,0.45200002,2.352
2019-12-24 20:00:00,-10.198,78.65295,0.060359254,0.385,0.377,0.315,-0.148,0.402,2.352
2019-12-24 21:00:00,-10.798,77.91668,0.05953245,0.385,0.377,0.315,-0.148,0.45200002,2.352
2019-12-24 22:00:00,-11.148,76.592575,0.06136191,0.385,0.377,0.315,-0.148,0.402,2.352
2019-12-24 23:00:00,-11.448,75.290306,0.063237,0.385,0.377,0.315,-0.148,0.402,2.352
2019-12-25 00:00:00,-11.548,74.04019,0.06590375,0.385,0.377,0.315,-0.148,0.402,2.352
2019-12-25 01:00:00,-11.748,73.39167,0.06647302,0.385,0.377,0.315,-0.148,0.402,2.352
2019-12-25 02:00:00,-11.948,73.04849,0.06625526,0.385,0.377,0.315,-0.148,0.402,2.352
2019-12-25 03:00:00,-12.198,72.99837,0.06505424,0.385,0.377,0.315,-0.148,0.402,2.352
2019-12-25 04:00:00,-12.398,73.56806,0.062662244,0.385,0.377,0.315,-0.148,0.402,2.352
2019-12-25 05:00:00,-12.148,73.31232,0.06455825,0.385,0.377,0.315,-0.148,0.402,2.352
2019-12-25 06:00:00,-11.548,73.12843,0.068216994,0.385,0.377,0.315,-0.148,0.402,2.352
2019-12-25 07:00:00,-11.148,73.51008,0.06943785,0.385,0.377,0.315,-0.148,0.402,2.352
2019-12-25 08:00:00,-10.648,73.60819,0.071995705,0.385,0.377,0.315,-0.148,0.402,2.352
2019-12-25 09:00:00,-10.498,73.336655,0.07360901,0.385,0.377,0.315,-0.148,0.402,2.352
2019-12-25 10:00:00,-10.648,74.518295,0.06951438,0.385,0.377,0.315,-0.148,0.402,2.352
2019-12-25 11:00:00,-11.348,76.24329,0.06128843,0.385,0.377,0.316,-0.148,0.402,2.352
2019-12-25 12:00:00,-11.698,77.76421,0.055778667,0.385,0.377,0.316,-0.148,0.402,2.352
2019-12-25 13:00:00,-12.298,79.28158,0.04952222,0.385,0.377,0.316,-0.148,0.402,2.302
2019-12-25 14:00:00,-12.698,78.88997,0.048851207,0.385,0.377,0.316,-0.148,0.402,2.302
2019-12-25 15:00:00,-12.948,79.17683,0.04722011,0.385,0.377,0.316,-0.148,0.402,2.302
2019-12-25 16:00:00,-13.198,78.80801,0.04708901,0.385,0.377,0.316,-0.148,0.402,2.302
2019-12-25 17:00:00,-13.398,78.44753,0.047115535,0.385,0.377,0.316,-0.148,0.402,2.302
2019-12-25 18:00:00,-13.648,78.40575,0.0462531,0.385,0.377,0.316,-0.148,0.402,2.302
2019-12-25 19:00:00,-14.098,78.00237,0.045411825,0.385,0.377,0.316,-0.148,0.402,2.302
2019-12-25 20:00:00,-14.548,77.92551,0.043915004,0.385,0.377,0.316,-0.148,0.402,2.302
2019-12-25 21:00:00,-15.198,78.47563,0.040581793,0.384,0.377,0.316,-0.148,0.402,2.302
2019-12-25 22:00:00,-15.848,78.033005,0.039237574,0.384,0.377,0.316,-0.198,0.402,2.302
2019-12-25 23:00:00,-16.598,78.23853,0.03650698,0.384,0.377,0.316,-0.198,0.402,2.302
2019-12-26 00:00:00,-17.448,78.76991,0.03315451,0.384,0.377,0.316,-0.198,0.402,2.302
2019-12-26 01:00:00,-18.198,79.329544,0.03029026,0.384,0.377,0.316,-0.198,0.402,2.302
2019-12-26 02:00:00,-18.648,79.601456,0.028765962,0.384,0.377,0.316,-0.198,0.402,2.302
2019-12-26 03:00:00,-18.998,78.507675,0.0294123,0.384,0.377,0.316,-0.198,0.402,2.302
2019-12-26 04:00:00,-18.898,77.50093,0.031054236,0.384,0.377,0.316,-0.198,0.402,2.302
2019-12-26 05:00:00,-17.898,76.00872,0.036061496,0.384,0.377,0.316,-0.198,0.402,2.302
2019-12-26 06:00:00,-16.448,74.01612,0.04413694,0.384,0.377,0.316,-0.198,0.402,2.302
2019-12-26 07:00:00,-14.998,72.737274,0.052250966,0.384,0.377,0.316,-0.198,0.402,2.302
2019-12-26 08:00:00,-13.798,72.3687,0.05845329,0.384,0.377,0.316,-0.198,0.402,2.302
2019-12-26 09:00:00,-12.748,73.49885,0.06107098,0.384,0.377,0.316,-0.198,0.402,2.302
2019-12-26 10:00:00,-12.348,74.81101,0.059959188,0.384,0.377,0.316,-0.198,0.402,2.302
2019-12-26 11:00:00,-12.298,76.70413,0.05567971,0.384,0.377,0.316,-0.24800001,0.402,2.302
2019-12-26 12:00:00,-12.598,78.58049,0.04997015,0.384,0.377,0.316,-0.24800001,0.402,2.302
2019-12-26 13:00:00,-12.548,79.56949,0.047857285,0.384,0.377,0.316,-0.24800001,0.402,2.302
2019-12-26 14:00:00,-12.648,80.21392,0.045974642,0.384,0.377,0.316,-0.24800001,0.402,2.302
2019-12-26 15:00:00,-12.698,80.53831,0.045038402,0.384,0.376,0.316,-0.24800001,0.402,2.302
2019-12-26 16:00:00,-13.198,81.46919,0.04117836,0.384,0.376,0.316,-0.24800001,0.402,2.302
2019-12-26 17:00:00,-13.598,82.43198,0.037786916,0.384,0.376,0.316,-0.24800001,0.402,2.302
2019-12-26 18:00:00,-14.198,83.385185,0.03402354,0.384,0.376,0.316,-0.24800001,0.402,2.302
2019-12-26 19:00:00,-14.598,82.98381,0.033717036,0.384,0.376,0.316,-0.24800001,0.402,2.302
2019-12-26 20:00:00,-14.898,82.94287,0.0329715,0.384,0.376,0.316,-0.24800001,0.402,2.302
2019-12-26 21:00:00,-15.148,82.908646,0.03236124,0.384,0.376,0.316,-0.24800001,0.402,2.302
2019-12-26 22:00:00,-15.348,83.23116,0.031228736,0.384,0.376,0.316,-0.24800001,0.402,2.302
2019-12-26 23:00:00,-15.498,83.56255,0.030232891,0.384,0.376,0.316,-0.24800001,0.402,2.302
2019-12-27 00:00:00,-15.398,84.28254,0.029150262,0.384,0.376,0.316,-0.24800001,0.402,2.302
2019-12-27 01:00:00,-15.048,84.32696,0.029923543,0.384,0.376,0.316,-0.24800001,0.402,2.302
2019-12-27 02:00:00,-14.448,83.35187,0.03339809,0.384,0.376,0.316,-0.24800001,0.402,2.302
2019-12-27 03:00:00,-13.848,82.74064,0.03637199,0.384,0.376,0.316,-0.24800001,0.402,2.302
2019-12-27 04:00:00,-13.198,81.80743,0.04042706,0.384,0.376,0.316,-0.24800001,0.402,2.302
2019-12-27 05:00:00,-12.298,79.9379,0.047954157,0.384,0.376,0.316,-0.24800001,0.402,2.302
2019-12-27 06:00:00,-11.298,77.51387,0.058244854,0.384,0.376,0.316,-0.29799998,0.402,2.302
2019-12-27 07:00:00,-10.698,75.42921,0.066764385,0.384,0.376,0.316,-0.29799998,0.402,2.302
2019-12-27 08:00:00,-10.098,74.92712,0.07145269,0.384,0.376,0.316,-0.29799998,0.402,2.302
2019-12-27 09:00:00,-9.898,75.26979,0.071600914,0.384,0.376,0.316,-0.29799998,0.402,2.302
2019-12-27 10:00:00,-10.198,76.760284,0.065708324,0.384,0.376,0.316,-0.29799998,0.402,2.302
2019-12-27 11:00:00,-10.748,78.88351,0.057154402,0.384,0.376,0.316,-0.29799998,0.402,2.252
2019-12-27 12:00:00,-11.398,80.73477,0.049507245,0.384,0.376,0.316,-0.29799998,0.402,2.252
2019-12-27 13:00:00,-11.648,81.69364,0.046110272,0.384,0.376,0.316,-0.29799998,0.402,2.252
2019-12-27 14:00:00,-11.798,82.34319,0.043942064,0.384,0.376,0.316,-0.29799998,0.402,2.252
2019-12-27 15:00:00,-11.648,83.03931,0.042721957,0.384,0.376,0.316,-0.29799998,0.402,2.252
2019-12-27 16:00:00,-11.498,83.39855,0.04232371,0.384,0.376,0.316,-0.29799998,0.402,2.252
2019-12-27 17:00:00,-11.298,83.08615,0.043816254,0.384,0.376,0.316,-0.29799998,0.402,2.252
2019-12-27 18:00:00,-11.148,82.76909,0.045176134,0.384,0.376,0.316,-0.29799998,0.402,2.252
2019-12-27 19:00:00,-10.948,82.7962,0.045831263,0.383,0.376,0.316,-0.29799998,0.402,2.252
2019-12-27 20:00:00,-10.748,82.82326,0.046494633,0.383,0.376,0.316,-0.29799998,0.402,2.252
2019-12-27 21:00:00,-10.948,82.7962,0.045831263,0.383,0.376,0.316,-0.29799998,0.402,2.252
2019-12-27 22:00:00,-10.998,82.78944,0.045666665,0.383,0.376,0.316,-0.29799998,0.402,2.252
2019-12-27 23:00:00,-10.848,82.140686,0.047957927,0.383,0.376,0.316,-0.29799998,0.402,2.252
2019-12-28 00:00:00,-10.648,81.50535,0.05046086,0.383,0.376,0.316,-0.29799998,0.402,2.252
2019-12-28 01:00:00,-10.398,80.88397,0.05320242,0.383,0.376,0.316,-0.29799998,0.352,2.252
2019-12-28 02:00:00,-10.198,80.26187,0.055811733,0.383,0.376,0.316,-0.29799998,0.352,2.252
2019-12-28 03:00:00,-10.098,80.277115,0.05621229,0.383,0.376,0.316,-0.29799998,0.352,2.252
2019-12-28 04:00:00,-10.048,80.28473,0.056413457,0.383,0.376,0.316,-0.29799998,0.352,2.252
2019-12-28 05:00:00,-9.348,79.427574,0.062208578,0.383,0.376,0.316,-0.29799998,0.352,2.252
2019-12-28 06:00:00,-8.448,78.936005,0.06834915,0.383,0.376,0.316,-0.29799998,0.352,2.252
2019-12-28 07:00:00,-7.448,77.54338,0.07875541,0.383,0.376,0.316,-0.29799998,0.352,2.252
2019-12-28 08:00:00,-6.598,77.07624,0.08583802,0.383,0.376,0.316,-0.29799998,0.352,2.252
2019-12-28 09:00:00,-6.048,77.77767,0.086794555,0.383,0.376,0.316,-0.29799998,0.352,2.252
2019-12-28 10:00:00,-5.698,79.37009,0.082758576,0.383,0.376,0.316,-0.29799998,0.352,2.252
2019-12-28 11:00:00,-5.598,81.57756,0.07447055,0.383,0.376,0.316,-0.24800001,0.352,2.252
2019-12-28 12:00:00,-5.298,83.8607,0.06674871,0.383,0.376,0.316,-0.24800001,0.352,2.252
2019-12-28 13:00:00,-4.598,85.57372,0.062913,0.383,0.376,0.316,-0.24800001,0.352,2.252
2019-12-28 14:00:00,-4.198,87.93527,0.054225773,0.383,0.376,0.316,-0.24800001,0.352,2.252
2019-12-28 15:00:00,-3.7979999,90.338455,0.044749796,0.383,0.376,0.316,-0.24800001,0.352,2.252
2019-12-28 16:00:00,-3.648,91.72523,0.038760275,0.383,0.376,0.316,-0.24800001,0.352,2.252
2019-12-28 17:00:00,-3.698,92.41675,0.03538859,0.383,0.376,0.316,-0.24800001,0.352,2.252
2019-12-28 18:00:00,-3.9980001,93.09955,0.031485885,0.383,0.376,0.316,-0.24800001,0.352,2.252
2019-12-28 19:00:00,-4.698,92.00464,0.034607828,0.383,0.376,0.316,-0.24800001,0.352,2.252
2019-12-28 20:00:00,-4.998,91.98526,0.033913255,0.383,0.376,0.316,-0.24800001,0.352,2.252
2019-12-28 21:00:00,-4.998,91.63493,0.035395473,0.383,0.376,0.316,-0.24800001,0.352,2.252
2019-12-28 22:00:00,-5.048,91.98202,0.033798695,0.383,0.376,0.316,-0.24800001,0.352,2.252
2019-12-28 23:00:00,-5.098,92.330574,0.03220725,0.383,0.376,0.316,-0.24800001,0.352,2.252
2019-12-29 00:00:00,-4.948,92.339874,0.03253588,0.383,0.376,0.316,-0.24800001,0.352,2.252
2019-12-29 01:00:00,-4.748,92.70428,0.031460583,0.383,0.376,0.316,-0.24800001,0.352,2.252
2019-12-29 02:00:00,-4.698,93.060326,0.030038655,0.383,0.376,0.316,-0.24800001,0.352,2.252
2019-12-29 03:00:00,-4.548,93.06875,0.03034389,0.383,0.376,0.316,-0.24800001,0.352,2.252
2019-12-29 04:00:00,-4.448,92.72197,0.03210306,0.383,0.376,0.316,-0.198,0.352,2.252
2019-12-29 05:00:00,-4.248,92.03359,0.035672665,0.383,0.376,0.316,-0.198,0.352,2.2020001
2019-12-29 06:00:00,-3.9980001,91.35549,0.039443195,0.383,0.376,0.316,-0.198,0.352,2.2020001
2019-12-29 07:00:00,-3.598,89.67336,0.048551977,0.383,0.376,0.316,-0.198,0.352,2.2020001
2019-12-29 08:00:00,-3.398,89.35171,0.050818503,0.383,0.376,0.316,-0.198,0.352,2.2020001
2019-12-29 09:00:00,-3.248,89.701965,0.049700618,0.383,0.376,0.316,-0.198,0.352,2.2020001
2019-12-29 10:00:00,-3.248,91.06388,0.043128222,0.383,0.376,0.316,-0.198,0.352,2.2020001
2019-12-29 11:00:00,-3.348,92.09101,0.037887543,0.383,0.376,0.316,-0.198,0.352,2.2020001
2019-12-29 12:00:00,-3.748,93.465126,0.030382395,0.383,0.376,0.316,-0.198,0.352,2.2020001
2019-12-29 13:00:00,-3.898,94.16488,0.026825845,0.383,0.376,0.316,-0.198,0.352,2.2020001
2019-12-29 14:00:00,-4.198,94.15061,0.026292115,0.383,0.376,0.316,-0.198,0.352,2.2020001
2019-12-29 15:00:00,-4.498,94.136314,0.025767505,0.383,0.376,0.316,-0.198,0.352,2.2020001
2019-12-29 16:00:00,-5.148,94.464294,0.023159355,0.383,0.376,0.316,-0.198,0.352,2.2020001
2019-12-29 17:00:00,-6.248,95.14251,0.018688172,0.383,0.376,0.316,-0.198,0.352,2.2020001
2019-12-29 18:00:00,-7.898,93.97048,0.020425528,0.383,0.376,0.316,-0.198,0.352,2.2020001
2019-12-29 19:00:00,-8.348,93.94802,0.019796103,0.383,0.376,0.316,-0.198,0.352,2.2020001
2019-12-29 20:00:00,-10.148,89.11581,0.03090337,0.382,0.376,0.316,-0.198,0.352,2.2020001
2019-12-29 21:00:00,-11.698,85.08898,0.03741014,0.382,0.376,0.316,-0.198,0.352,2.2020001
2019-12-29 22:00:00,-12.898,82.52925,0.039782137,0.382,0.376,0.316,-0.198,0.352,2.2020001
2019-12-29 23:00:00,-13.748,81.3886,0.039542302,0.382,0.376,0.316,-0.198,0.352,2.2020001
2019-12-30 00:00:00,-14.298,81.30749,0.037963122,0.382,0.376,0.316,-0.198,0.352,2.2020001
2019-12-30 01:00:00,-14.698,81.24819,0.03684938,0.382,0.376,0.316,-0.198,0.352,2.2020001
2019-12-30 02:00:00,-15.048,81.196075,0.035898387,0.382,0.376,0.316,-0.198,0.352,2.2020001
2019-12-30 03:00:00,-15.298,81.15872,0.035232246,0.382,0.376,0.316,-0.198,0.352,2.2020001
2019-12-30 04:00:00,-15.398,79.78263,0.03749171,0.382,0.376,0.316,-0.198,0.352,2.2020001
2019-12-30 05:00:00,-15.348,77.78789,0.04135993,0.382,0.376,0.316,-0.198,0.352,2.2020001
2019-12-30 06:00:00,-15.198,76.18098,0.044905335,0.382,0.376,0.316,-0.198,0.352,2.2020001
2019-12-30 07:00:00,-14.848,74.96378,0.04858552,0.382,0.376,0.316,-0.198,0.352,2.2020001
2019-12-30 08:00:00,-14.598,73.751495,0.051998258,0.382,0.376,0.316,-0.198,0.352,2.2020001
2019-12-30 09:00:00,-14.498,73.148865,0.053631306,0.382,0.376,0.316,-0.198,0.352,2.2020001
2019-12-30 10:00:00,-14.448,73.15894,0.053832382,0.382,0.376,0.316,-0.198,0.352,2.2020001
2019-12-30 11:00:00,-14.548,75.33881,0.049057648,0.382,0.376,0.316,-0.198,0.352,2.2020001
2019-12-30 12:00:00,-14.598,76.93743,0.04569082,0.382,0.376,0.316,-0.198,0.352,2.2020001
2019-12-30 13:00:00,-14.648,77.58051,0.044234753,0.382,0.376,0.316,-0.198,0.352,2.2020001
2019-12-30 14:00:00,-14.748,79.215904,0.04067284,0.382,0.376,0.316,-0.198,0.352,2.2020001
2019-12-30 15:00:00,-14.848,80.20704,0.0384157,0.382,0.376,0.316,-0.198,0.352,2.2020001
2019-12-30 16:00:00,-14.948,80.86985,0.036824256,0.382,0.376,0.316,-0.198,0.352,2.2020001
2019-12-30 17:00:00,-15.148,81.52405,0.034981713,0.382,0.376,0.316,-0.198,0.352,2.2020001
2019-12-30 18:00:00,-15.098,81.87549,0.034459025,0.382,0.376,0.316,-0.198,0.352,2.2020001
2019-12-30 19:00:00,-15.548,82.5046,0.03204441,0.382,0.376,0.316,-0.198,0.352,2.2020001
2019-12-30 20:00:00,-15.698,83.18386,0.030418873,0.382,0.376,0.316,-0.24800001,0.352,2.2020001
2019-12-30 21:00:00,-16.198,84.18031,0.027447864,0.382,0.376,0.316,-0.24800001,0.352,2.2020001
2019-12-30 22:00:00,-16.598,84.48736,0.026028395,0.382,0.376,0.316,-0.24800001,0.352,2.2020001
2019-12-30 23:00:00,-17.048,84.79148,0.024570659,0.382,0.376,0.316,-0.24800001,0.352,2.152
2019-12-31 00:00:00,-17.598,83.99905,0.02467671,0.382,0.376,0.316,-0.24800001,0.352,2.152
2019-12-31 01:00:00,-18.298,83.545616,0.023910478,0.382,0.376,0.316,-0.24800001,0.352,2.152
2019-12-31 02:00:00,-18.898,83.10289,0.023326166,0.382,0.376,0.316,-0.24800001,0.352,2.152
2019-12-31 03:00:00,-19.148,82.70722,0.023365468,0.382,0.376,0.316,-0.24800001,0.352,2.152
2019-12-31 04:00:00,-19.548,82.28993,0.023119316,0.382,0.376,0.316,-0.24800001,0.352,2.152
2019-12-31 05:00:00,-19.448,81.23124,0.0247126,0.382,0.376,0.316,-0.24800001,0.352,2.152
2019-12-31 06:00:00,-18.648,78.56732,0.030223332,0.382,0.376,0.316,-0.24800001,0.352,2.152
2019-12-31 07:00:00,-17.948,77.33215,0.033929184,0.382,0.376,0.316,-0.24800001,0.352,2.152
2019-12-31 08:00:00,-17.048,76.49586,0.03796409,0.382,0.376,0.316,-0.24800001,0.352,2.152
2019-12-31 09:00:00,-16.448,76.27709,0.040299058,0.382,0.376,0.316,-0.29799998,0.352,2.152
2019-12-31 10:00:00,-16.298,77.955635,0.037922993,0.382,0.375,0.316,-0.29799998,0.352,2.152
2019-12-31 11:00:00,-16.148,79.32385,0.036019668,0.382,0.375,0.316,-0.29799998,0.352,2.152
2019-12-31 12:00:00,-16.048,80.35979,0.034503058,0.382,0.375,0.316,-0.29799998,0.352,2.152
2019-12-31 13:00:00,-15.698,80.755806,0.03480883,0.382,0.375,0.316,-0.29799998,0.352,2.152
2019-12-31 14:00:00,-15.548,81.810326,0.03331548,0.382,0.375,0.316,-0.29799998,0.352,2.152
2019-12-31 15:00:00,-14.998,82.929214,0.032726184,0.382,0.375,0.316,-0.29799998,0.352,2.152
2019-12-31 16:00:00,-14.098,84.095955,0.032837078,0.382,0.375,0.316,-0.29799998,0.352,2.152
2019-12-31 17:00:00,-13.148,84.56498,0.034441248,0.382,0.375,0.316,-0.29799998,0.352,2.152
2019-12-31 18:00:00,-11.798,85.07705,0.037140444,0.382,0.375,0.316,-0.29799998,0.352,2.152
2019-12-31 19:00:00,-11.198,85.14846,0.03878431,0.382,0.375,0.316,-0.29799998,0.352,2.152
2019-12-31 20:00:00,-10.048,85.28396,0.042112514,0.382,0.375,0.316,-0.29799998,0.352,2.152
2019-12-31 21:00:00,-8.948,86.09351,0.04339859,0.382,0.375,0.316,-0.29799998,0.352,2.152
2019-12-31 22:00:00,-7.798,85.88129,0.04819569,0.382,0.375,0.316,-0.29799998,0.352,2.152
2019-12-31 23:00:00,-6.898,85.98119,0.05130282,0.382,0.375,0.316,-0.29799998,0.352,2.152
