date,temperature_2m,relative_humidity_2m,vapour_pressure_deficit,soil_moisture_0_to_7cm,soil_moisture_7_to_28cm,soil_moisture_28_to_100cm,soil_temperature_0_to_7cm,soil_temperature_7_to_28cm,soil_temperature_28_to_100cm
2018-01-01 00:00:00,-14.198,84.78634,0.031155288,0.415,0.389,0.327,-2.648,-2.2979999,-0.54800004
2018-01-01 01:00:00,-14.548,84.39012,0.03105922,0.415,0.389,0.327,-2.648,-2.2979999,-0.54800004
2018-01-01 02:00:00,-14.848,83.64837,0.031739175,0.415,0.389,0.327,-2.698,-2.2979999,-0.54800004
2018-01-01 03:00:00,-14.998,83.27826,0.032057285,0.415,0.389,0.327,-2.698,-2.2979999,-0.54800004
2018-01-01 04:00:00,-15.148,82.21375,0.033676445,0.415,0.389,0.327,-2.698,-2.2979999,-0.54800004
2018-01-01 05:00:00,-14.698,80.90765,0.037518278,0.415,0.389,0.327,-2.748,-2.2979999,-0.54800004
2018-01-01 06:00:00,-13.798,78.70908,0.045047686,0.415,0.389,0.327,-2.748,-2.2979999,-0.54800004
2018-01-01 07:00:00,-12.848,77.2457,0.0520176,0.415,0.389,0.327,-2.748,-2.2979999,-0.54800004
2018-01-01 08:00:00,-11.998,75.812096,0.05922638,0.415,0.389,0.327,-2.748,-2.2979999,-0.54800004
2018-01-01 09:00:00,-11.398,74.37513,0.06584102,0.415,0.389,0.327,-2.748,-2.2979999,-0.54800004
2018-01-01 10:00:00,-11.498,74.97152,0.06379613,0.415,0.389,0.327,-2.748,-2.2979999,-0.54800004
2018-01-01 11:00:00,-12.298,76.70413,0.05567971,0.415,0.389,0.328,-2.748,-2.2979999,-0.54800004
2018-01-01 12:00:00,-13.148,77.19326,0.05088173,0.415,0.389,0.328,-2.748,-2.2979999,-0.54800004
2018-01-01 13:00:00,-13.348,77.158226,0.05013652,0.415,0.389,0.328,-2.748,-2.2979999,-0.54800004
2018-01-01 14:00:00,-13.698,76.77455,0.049542084,0.415,0.389,0.328,-2.7979999,-2.2979999,-0.54800004
2018-01-01 15:00:00,-13.848,76.10651,0.050344497,0.415,0.389,0.328,-2.7979999,-2.2979999,-0.54800004
2018-01-01 16:00:00,-13.998,75.44197,0.051111713,0.415,0.389,0.328,-2.7979999,-2.2979999,-0.54800004
2018-01-01 17:00:00,-14.148,74.152794,0.053135067,0.415,0.389,0.328,-2.7979999,-2.2979999,-0.54800004
2018-01-01 18:00:00,-14.348,73.179115,0.05423644,0.415,0.389,0.328,-2.848,-2.2979999,-0.54800004
2018-01-01 19:00:00,-14.898,72.75775,0.052645355,0.415,0.389,0.328,-2.848,-2.2979999,-0.54800004
2018-01-01 20:00:00,-15.198,72.078255,0.05263403,0.415,0.389,0.328,-2.848,-2.2979999,-0.54800004
2018-01-01 21:00:00,-15.548,72.005,0.05126074,0.415,0.389,0.328,-2.898,-2.2979999,-0.54800004
2018-01-01 22:00:00,-15.748,71.34767,0.051597327,0.415,0.389,0.328,-2.898,-2.2979999,-0.54800004
2018-01-01 23:00:00,-15.848,70.7153,0.052297473,0.415,0.389,0.328,-2.948,-2.2979999,-0.54800004
2018-01-02 00:00:00,-15.898,70.09794,0.05317676,0.415,0.389,0.328,-2.948,-2.348,-0.54800004
2018-01-02 01:00:00,-15.898,69.196976,0.05477745,0.415,0.389,0.328,-2.948,-2.348,-0.54800004
2018-01-02 02:00:00,-15.898,68.30639,0.05635962,0.415,0.389,0.328,-2.998,-2.348,-0.54800004
2018-01-02 03:00:00,-15.848,67.730156,0.057623103,0.415,0.389,0.328,-2.998,-2.348,-0.54800004
2018-01-02 04:00:00,-15.698,66.8928,0.05986026,0.415,0.389,0.328,-2.998,-2.348,-0.54800004
2018-01-02 05:00:00,-14.798,65.682045,0.066855386,0.415,0.389,0.328,-2.998,-2.348,-0.54800004
2018-01-02 06:00:00,-13.348,64.37252,0.07817376,0.415,0.389,0.328,-2.998,-2.348,-0.54800004
2018-01-02 07:00:00,-12.148,63.858715,0.0874054,0.415,0.389,0.328,-2.948,-2.348,-0.54800004
2018-01-02 08:00:00,-10.898,63.108906,0.09862739,0.415,0.389,0.328,-2.898,-2.348,-0.54800004
2018-01-02 09:00:00,-10.198,63.812878,0.102286115,0.415,0.389,0.328,-2.898,-2.348,-0.54800004
2018-01-02 10:00:00,-10.098,65.172226,0.09923042,0.415,0.389,0.328,-2.848,-2.348,-0.54800004
2018-01-02 11:00:00,-10.598,67.801865,0.08817355,0.415,0.389,0.328,-2.848,-2.348,-0.54800004
2018-01-02 12:00:00,-11.098,69.39186,0.08054647,0.415,0.389,0.328,-2.848,-2.348,-0.54800004
2018-01-02 13:00:00,-11.298,70.21536,0.07713707,0.415,0.389,0.328,-2.848,-2.348,-0.54800004
2018-01-02 14:00:00,-11.498,70.75656,0.074532464,0.415,0.389,0.328,-2.848,-2.348,-0.54800004
2018-01-02 15:00:00,-11.648,70.724525,0.073721305,0.415,0.389,0.328,-2.848,-2.348,-0.54800004
2018-01-02 16:00:00,-11.798,70.69244,0.072917834,0.415,0.389,0.328,-2.848,-2.348,-0.54800004
2018-01-02 17:00:00,-11.898,70.96559,0.07165994,0.415,0.389,0.328,-2.848,-2.348,-0.54800004
2018-01-02 18:00:00,-12.098,70.92305,0.07061799,0.415,0.389,0.328,-2.848,-2.348,-0.54800004
2018-01-02 19:00:00,-12.398,70.56362,0.069779664,0.415,0.389,0.328,-2.848,-2.348,-0.54800004
2018-01-02 20:00:00,-12.698,71.09192,0.06688419,0.415,0.389,0.328,-2.848,-2.348,-0.54800004
2018-01-02 21:00:00,-13.148,70.99605,0.06469761,0.415,0.389,0.328,-2.898,-2.348,-0.54800004
2018-01-02 22:00:00,-13.548,71.21013,0.062159985,0.415,0.389,0.328,-2.898,-2.348,-0.54800004
2018-01-02 23:00:00,-13.898,71.13558,0.06056191,0.415,0.389,0.328,-2.898,-2.348,-0.54800004
2018-01-03 00:00:00,-14.248,71.06075,0.05899979,0.415,0.389,0.328,-2.898,-2.348,-0.54800004
2018-01-03 01:00:00,-14.698,70.964165,0.05704306,0.415,0.389,0.328,-2.948,-2.348,-0.54800004
2018-01-03 02:00:00,-15.048,70.586426,0.056136996,0.415,0.389,0.328,-2.948,-2.348,-0.54800004
2018-01-03 03:00:00,-15.398,69.907715,0.05578862,0.415,0.389,0.328,-2.948,-2.348,-0.54800004
2018-01-03 04:00:00,-15.798,69.818756,0.05412215,0.415,0.389,0.328,-2.998,-2.348,-0.54800004
2018-01-03 05:00:00,-15.748,69.52984,0.05486788,0.415,0.389,0.328,-2.998,-2.348,-0.54800004
2018-01-03 06:00:00,-15.148,68.18609,0.06021309,0.415,0.389,0.328,-2.998,-2.398,-0.54800004
2018-01-03 07:00:00,-15.048,67.62625,0.061781153,0.415,0.389,0.328,-2.998,-2.398,-0.54800004
2018-01-03 08:00:00,-14.448,66.90325,0.06636694,0.415,0.389,0.328,-2.998,-2.398,-0.54800004
2018-01-03 09:00:00,-14.148,66.689384,0.068463564,0.415,0.389,0.328,-2.998,-2.398,-0.54800004
2018-01-03 10:00:00,-14.448,68.05649,0.06405659,0.415,0.389,0.328,-2.998,-2.398,-0.54800004
2018-01-03 11:00:00,-15.398,69.907715,0.05578862,0.415,0.389,0.328,-2.998,-2.398,-0.54800004
2018-01-03 12:00:00,-16.348,71.218956,0.049295492,0.415,0.389,0.328,-2.998,-2.398,-0.54800004
2018-01-03 13:00:00,-16.898,71.71986,0.04625234,0.415,0.389,0.328,-3.0479999,-2.398,-0.54800004
2018-01-03 14:00:00,-17.498,72.21855,0.043193787,0.415,0.389,0.328,-3.0479999,-2.398,-0.54800004
2018-01-03 15:00:00,-17.798,72.155396,0.042205147,0.415,0.389,0.328,-3.098,-2.398,-0.54800004
2018-01-03 16:00:00,-17.998,72.11317,0.041557103,0.414,0.389,0.328,-3.148,-2.398,-0.54800004
2018-01-03 17:00:00,-18.498,72.32436,0.03952241,0.414,0.389,0.328,-3.148,-2.398,-0.54800004
2018-01-03 18:00:00,-19.098,72.517235,0.037281513,0.414,0.389,0.328,-3.198,-2.398,-0.54800004
2018-01-03 19:00:00,-20.098,72.629074,0.03406097,0.414,0.389,0.328,-3.198,-2.398,-0.54800004
2018-01-03 20:00:00,-20.698,72.82793,0.032095723,0.414,0.389,0.328,-3.248,-2.398,-0.54800004
2018-01-03 21:00:00,-21.148,73.061066,0.030594401,0.414,0.389,0.328,-3.2979999,-2.398,-0.54800004
2018-01-03 22:00:00,-21.348,72.691345,0.030475274,0.414,0.389,0.328,-3.2979999,-2.448,-0.54800004
2018-01-03 23:00:00,-21.398,72.028595,0.031077549,0.414,0.389,0.328,-3.348,-2.448,-0.54800004
2018-01-04 00:00:00,-21.498,71.68274,0.031186514,0.414,0.389,0.328,-3.348,-2.448,-0.54800004
2018-01-04 01:00:00,-21.598,71.015884,0.03164094,0.414,0.389,0.328,-3.398,-2.448,-0.54800004
2018-01-04 02:00:00,-21.598,70.05797,0.032685444,0.414,0.389,0.328,-3.398,-2.448,-0.54800004
2018-01-04 03:00:00,-21.648,69.4143,0.033240862,0.414,0.389,0.328,-3.448,-2.448,-0.54800004
2018-01-04 04:00:00,-21.598,68.79883,0.034058265,0.414,0.389,0.328,-3.448,-2.448,-0.54800004
2018-01-04 05:00:00,-20.498,67.5198,0.039031915,0.414,0.389,0.328,-3.448,-2.498,-0.54800004
2018-01-04 06:00:00,-18.598,65.60426,0.048689693,0.414,0.389,0.328,-3.398,-2.498,-0.54800004
2018-01-04 07:00:00,-17.148,65.10063,0.055875994,0.414,0.389,0.328,-3.348,-2.498,-0.54800004
2018-01-04 08:00:00,-15.598,64.92086,0.06395171,0.414,0.388,0.328,-3.2979999,-2.498,-0.54800004
2018-01-04 09:00:00,-14.848,65.9527,0.06605524,0.414,0.388,0.328,-3.248,-2.498,-0.54800004
2018-01-04 10:00:00,-14.998,67.348236,0.06256956,0.414,0.388,0.328,-3.248,-2.498,-0.54800004
2018-01-04 11:00:00,-16.098,69.75179,0.052900992,0.414,0.388,0.328,-3.248,-2.498,-0.54800004
2018-01-04 12:00:00,-17.498,72.21855,0.043193787,0.414,0.388,0.328,-3.248,-2.498,-0.54800004
2018-01-04 13:00:00,-18.498,73.28328,0.038154244,0.414,0.388,0.328,-3.248,-2.498,-0.54800004
2018-01-04 14:00:00,-19.298,73.44274,0.03541308,0.414,0.388,0.328,-3.2979999,-2.498,-0.54800004
2018-01-04 15:00:00,-19.948,72.984375,0.03405887,0.414,0.388,0.328,-3.348,-2.5479999,-0.54800004
2018-01-04 16:00:00,-20.598,72.52375,0.032738633,0.414,0.388,0.328,-3.348,-2.5479999,-0.54800004
2018-01-04 17:00:00,-21.198,72.07155,0.03157851,0.414,0.388,0.328,-3.398,-2.5479999,-0.54800004
2018-01-04 18:00:00,-21.698,71.63924,0.030690178,0.414,0.388,0.328,-3.448,-2.5479999,-0.54800004
2018-01-04 19:00:00,-22.698,71.42032,0.028311081,0.414,0.388,0.328,-3.448,-2.5479999,-0.54800004
2018-01-04 20:00:00,-23.198,71.309975,0.027183436,0.414,0.388,0.328,-3.498,-2.5479999,-0.54800004
2018-01-04 21:00:00,-23.698,71.52782,0.025797874,0.414,0.388,0.328,-3.5479999,-2.5479999,-0.54800004
2018-01-04 22:00:00,-24.198,71.4173,0.024760462,0.414,0.388,0.328,-3.598,-2.598,-0.54800004
2018-01-04 23:00:00,-24.698,71.63839,0.02348515,0.414,0.388,0.328,-3.598,-2.598,-0.54800004
2018-01-05 00:00:00,-25.098,71.54993,0.022719566,0.414,0.388,0.328,-3.648,-2.598,-0.54800004
2018-01-05 01:00:00,-25.498,72.13295,0.021459278,0.414,0.388,0.328,-3.698,-2.598,-0.54800004
2018-01-05 02:00:00,-25.648,71.76321,0.021448206,0.414,0.388,0.328,-3.698,-2.598,-0.54800004
2018-01-05 03:00:00,-25.748,71.40531,0.021522254,0.414,0.388,0.328,-3.748,-2.648,-0.54800004
2018-01-05 04:00:00,-25.598,71.10471,0.0220481,0.414,0.388,0.328,-3.748,-2.648,-0.54800004
2018-01-05 05:00:00,-23.948,69.51737,0.027004536,0.414,0.388,0.328,-3.748,-2.648,-0.54800004
2018-01-05 06:00:00,-21.498,66.366196,0.037033983,0.414,0.388,0.328,-3.748,-2.648,-0.54800004
2018-01-05 07:00:00,-19.798,66.48605,0.042792924,0.414,0.388,0.328,-3.698,-2.698,-0.54800004
2018-01-05 08:00:00,-17.798,65.22481,0.052697703,0.414,0.388,0.328,-3.598,-2.698,-0.54800004
2018-01-05 09:00:00,-16.698,64.92846,0.05831971,0.414,0.388,0.328,-3.5479999,-2.698,-0.54800004
2018-01-05 10:00:00,-16.648,65.79771,0.057115346,0.414,0.388,0.328,-3.498,-2.698,-0.54800004
2018-01-05 11:00:00,-17.598,67.909386,0.04946585,0.414,0.388,0.328,-3.498,-2.698,-0.54800004
2018-01-05 12:00:00,-19.148,70.921036,0.039275594,0.414,0.388,0.328,-3.498,-2.698,-0.54800004
2018-01-05 13:00:00,-20.148,71.974,0.034724496,0.414,0.388,0.328,-3.5479999,-2.748,-0.54800004
2018-01-05 14:00:00,-20.998,72.439064,0.031713367,0.414,0.388,0.328,-3.5479999,-2.748,-0.598
2018-01-05 15:00:00,-21.698,72.290016,0.029986702,0.414,0.388,0.328,-3.598,-2.748,-0.54800004
2018-01-05 16:00:00,-22.348,72.47932,0.028122209,0.414,0.388,0.328,-3.648,-2.748,-0.54800004
2018-01-05 17:00:00,-22.848,72.37246,0.027006619,0.414,0.388,0.328,-3.698,-2.748,-0.598
2018-01-05 18:00:00,-23.248,72.28653,0.026142336,0.414,0.388,0.328,-3.698,-2.7979999,-0.598
2018-01-05 19:00:00,-24.048,72.447205,0.024193615,0.414,0.388,0.328,-3.748,-2.7979999,-0.598
2018-01-05 20:00:00,-24.348,72.38259,0.023604065,0.414,0.388,0.328,-3.7979999,-2.7979999,-0.598
2018-01-05 21:00:00,-24.698,72.64332,0.02265397,0.414,0.388,0.328,-3.7979999,-2.848,-0.598
2018-01-05 22:00:00,-25.098,73.2361,0.021374583,0.414,0.388,0.328,-3.848,-2.848,-0.598
2018-01-05 23:00:00,-25.348,73.18329,0.020935472,0.414,0.388,0.328,-3.898,-2.898,-0.598
2018-01-06 00:00:00,-25.398,72.83197,0.021113105,0.414,0.388,0.328,-3.948,-2.898,-0.598
2018-01-06 01:00:00,-25.198,72.1984,0.02200156,0.414,0.388,0.328,-3.948,-2.948,-0.598
2018-01-06 02:00:00,-24.848,71.27276,0.023466725,0.414,0.388,0.328,-3.9980001,-2.998,-0.598
2018-01-06 03:00:00,-24.448,70.37508,0.025090314,0.414,0.388,0.328,-4.048,-2.998,-0.598
2018-01-06 04:00:00,-23.948,69.83986,0.02671922,0.414,0.388,0.328,-4.048,-3.0479999,-0.598
2018-01-06 05:00:00,-22.148,68.04555,0.033229537,0.414,0.388,0.328,-4.048,-3.098,-0.598
2018-01-06 06:00:00,-19.448,65.09949,0.045927502,0.414,0.388,0.328,-4.048,-3.148,-0.598
2018-01-06 07:00:00,-17.298,64.21019,0.05657877,0.414,0.388,0.328,-3.9980001,-3.148,-0.598
2018-01-06 08:00:00,-15.348,64.145325,0.06673614,0.414,0.388,0.328,-3.948,-3.148,-0.598
2018-01-06 09:00:00,-14.098,64.459885,0.07334143,0.414,0.388,0.328,-3.898,-3.198,-0.598
2018-01-06 10:00:00,-13.798,64.53483,0.07500902,0.414,0.388,0.328,-3.848,-3.198,-0.598
2018-01-06 11:00:00,-14.598,66.58176,0.06618789,0.414,0.388,0.328,-3.848,-3.198,-0.598
2018-01-06 12:00:00,-15.948,69.185646,0.05456946,0.414,0.388,0.328,-3.848,-3.198,-0.598
2018-01-06 13:00:00,-17.048,70.452446,0.047716565,0.414,0.388,0.328,-3.848,-3.198,-0.598
2018-01-06 14:00:00,-17.948,71.182945,0.043124884,0.414,0.388,0.328,-3.898,-3.198,-0.598
2018-01-06 15:00:00,-18.798,71.943405,0.03905104,0.414,0.388,0.328,-3.898,-3.198,-0.598
2018-01-06 16:00:00,-19.398,71.49751,0.03767872,0.414,0.388,0.328,-3.948,-3.248,-0.598
2018-01-06 17:00:00,-19.848,71.39989,0.036367655,0.414,0.388,0.328,-3.9980001,-3.248,-0.598
2018-01-06 18:00:00,-20.198,71.00575,0.03576748,0.414,0.388,0.328,-4.048,-3.248,-0.598
2018-01-06 19:00:00,-21.298,71.72615,0.031689815,0.414,0.388,0.328,-4.098,-3.2979999,-0.598
2018-01-06 20:00:00,-21.898,72.24723,0.029508762,0.414,0.388,0.328,-4.098,-3.2979999,-0.598
2018-01-06 21:00:00,-22.548,72.76711,0.027339816,0.414,0.388,0.328,-4.148,-3.2979999,-0.598
2018-01-06 22:00:00,-23.048,72.993935,0.025934063,0.414,0.388,0.328,-4.198,-3.348,-0.598
2018-01-06 23:00:00,-23.348,72.93065,0.025308423,0.414,0.388,0.328,-4.248,-3.348,-0.598
2018-01-07 00:00:00,-23.448,72.24343,0.025719352,0.414,0.388,0.328,-4.298,-3.398,-0.598
2018-01-07 01:00:00,-23.548,71.890686,0.025813885,0.414,0.388,0.328,-4.348,-3.448,-0.598
2018-01-07 02:00:00,-23.548,71.23238,0.026417717,0.414,0.388,0.328,-4.398,-3.448,-0.598
2018-01-07 03:00:00,-23.698,71.19905,0.026095398,0.414,0.388,0.328,-4.398,-3.498,-0.598
2018-01-07 04:00:00,-23.798,71.50578,0.02558738,0.414,0.388,0.328,-4.448,-3.498,-0.598
2018-01-07 05:00:00,-22.548,70.48199,0.029631227,0.414,0.388,0.328,-4.448,-3.5479999,-0.598
2018-01-07 06:00:00,-20.248,68.18959,0.039067544,0.414,0.388,0.328,-4.448,-3.5479999,-0.598
2018-01-07 07:00:00,-18.298,66.8519,0.048143104,0.414,0.388,0.328,-4.398,-3.598,-0.598
2018-01-07 08:00:00,-16.548,66.68868,0.05609812,0.414,0.388,0.328,-4.348,-3.598,-0.598
2018-01-07 09:00:00,-15.498,66.07904,0.06235899,0.414,0.388,0.328,-4.298,-3.598,-0.598
2018-01-07 10:00:00,-15.498,66.6523,0.061306275,0.414,0.388,0.328,-4.298,-3.598,-0.598
2018-01-07 11:00:00,-16.598,68.14374,0.053425595,0.414,0.387,0.328,-4.248,-3.598,-0.598
2018-01-07 12:00:00,-18.248,70.49559,0.043039612,0.414,0.387,0.328,-4.298,-3.598,-0.598
2018-01-07 13:00:00,-19.498,71.79366,0.036967754,0.414,0.387,0.328,-4.298,-3.598,-0.598
2018-01-07 14:00:00,-20.398,71.92038,0.034043998,0.414,0.387,0.328,-4.348,-3.598,-0.598
2018-01-07 15:00:00,-21.198,72.07155,0.03157851,0.414,0.387,0.328,-4.398,-3.598,-0.598
2018-01-07 16:00:00,-21.798,71.94238,0.030096471,0.414,0.387,0.328,-4.448,-3.598,-0.598
2018-01-07 17:00:00,-22.248,71.84494,0.029025339,0.414,0.387,0.328,-4.498,-3.648,-0.598
2018-01-07 18:00:00,-22.648,71.75796,0.028101444,0.414,0.387,0.328,-4.548,-3.648,-0.598
2018-01-07 19:00:00,-22.798,70.74842,0.028719641,0.414,0.387,0.328,-4.548,-3.648,-0.598
2018-01-07 20:00:00,-23.098,71.65962,0.027092986,0.414,0.387,0.328,-4.598,-3.698,-0.598
2018-01-07 21:00:00,-23.248,72.28653,0.026142336,0.414,0.387,0.328,-4.648,-3.698,-0.598
2018-01-07 22:00:00,-23.398,73.25509,0.024893962,0.414,0.387,0.328,-4.698,-3.748,-0.598
2018-01-07 23:00:00,-23.398,74.26841,0.023951724,0.414,0.387,0.328,-4.698,-3.748,-0.598
2018-01-08 00:00:00,-23.048,75.362755,0.023661487,0.414,0.387,0.328,-4.748,-3.7979999,-0.598
2018-01-08 01:00:00,-22.998,75.716354,0.023426272,0.414,0.387,0.328,-4.748,-3.7979999,-0.598
2018-01-08 02:00:00,-22.998,76.06163,0.023093492,0.414,0.387,0.328,-4.798,-3.848,-0.598
2018-01-08 03:00:00,-22.798,76.0997,0.023470588,0.414,0.387,0.328,-4.798,-3.848,-0.598
2018-01-08 04:00:00,-22.598,76.13767,0.023853108,0.414,0.387,0.328,-4.798,-3.848,-0.598
2018-01-08 05:00:00,-21.148,74.71891,0.028713346,0.414,0.387,0.328,-4.798,-3.898,-0.598
2018-01-08 06:00:00,-19.398,73.4223,0.03513661,0.414,0.387,0.328,-4.748,-3.898,-0.598
2018-01-08 07:00:00,-17.648,71.55972,0.043659046,0.414,0.387,0.328,-4.698,-3.898,-0.598
2018-01-08 08:00:00,-16.398,70.90113,0.049631044,0.414,0.387,0.328,-4.648,-3.898,-0.598
2018-01-08 09:00:00,-15.498,71.09562,0.053144887,0.414,0.387,0.328,-4.598,-3.898,-0.598
2018-01-08 10:00:00,-15.198,71.77102,0.053212732,0.414,0.387,0.328,-4.548,-3.898,-0.598
2018-01-08 11:00:00,-15.498,73.88723,0.048015997,0.414,0.387,0.328,-4.548,-3.848,-0.598
2018-01-08 12:00:00,-15.898,75.72788,0.043171808,0.414,0.387,0.328,-4.498,-3.848,-0.598
2018-01-08 13:00:00,-15.798,77.050476,0.041162595,0.414,0.387,0.328,-4.498,-3.848,-0.598
2018-01-08 14:00:00,-15.548,78.4167,0.039527565,0.414,0.387,0.328,-4.498,-3.848,-0.598
2018-01-08 15:00:00,-15.298,79.79856,0.037774354,0.414,0.387,0.328,-4.448,-3.7979999,-0.598
2018-01-08 16:00:00,-15.048,80.854706,0.036549777,0.414,0.387,0.328,-4.448,-3.7979999,-0.598
2018-01-08 17:00:00,-14.748,81.5827,0.03604333,0.414,0.387,0.328,-4.448,-3.7979999,-0.598
2018-01-08 18:00:00,-14.598,81.26303,0.03712514,0.414,0.387,0.328,-4.398,-3.7979999,-0.598
2018-01-08 19:00:00,-13.548,79.741425,0.04374954,0.414,0.387,0.328,-4.398,-3.748,-0.598
2018-01-08 20:00:00,-12.348,80.5915,0.046205595,0.414,0.387,0.328,-4.348,-3.748,-0.598
2018-01-08 21:00:00,-11.098,83.11284,0.04445246,0.414,0.387,0.328,-4.298,-3.748,-0.598
2018-01-08 22:00:00,-9.898,85.3015,0.042564362,0.414,0.387,0.328,-4.198,-3.698,-0.598
2018-01-08 23:00:00,-9.098,86.076904,0.042942107,0.414,0.387,0.328,-4.148,-3.648,-0.598
2018-01-09 00:00:00,-8.448,86.49001,0.04384309,0.414,0.387,0.328,-4.098,-3.648,-0.598
2018-01-09 01:00:00,-7.998,86.19799,0.046388477,0.414,0.387,0.328,-3.9980001,-3.598,-0.598
2018-01-09 02:00:00,-7.748,86.56493,0.046040744,0.414,0.387,0.328,-3.948,-3.5479999,-0.598
2018-01-09 03:00:00,-7.498,86.59154,0.046848446,0.414,0.387,0.328,-3.898,-3.5479999,-0.598
2018-01-09 04:00:00,-7.198,86.623344,0.04783386,0.414,0.387,0.328,-3.848,-3.498,-0.598
2018-01-09 05:00:00,-6.848,86.66035,0.049006104,0.414,0.387,0.328,-3.7979999,-3.448,-0.598
2018-01-09 06:00:00,-6.348,85.37522,0.055829734,0.414,0.387,0.328,-3.698,-3.398,-0.648
2018-01-09 07:00:00,-6.048,85.07869,0.05828461,0.414,0.387,0.328,-3.648,-3.398,-0.648
2018-01-09 08:00:00,-5.648,84.46881,0.0625467,0.414,0.387,0.328,-3.598,-3.348,-0.648
2018-01-09 09:00:00,-5.348,83.85446,0.06652135,0.414,0.387,0.328,-3.5479999,-3.2979999,-0.648
2018-01-09 10:00:00,-5.148,85.51175,0.060607612,0.414,0.387,0.328,-3.498,-3.248,-0.648
2018-01-09 11:00:00,-5.148,86.837906,0.055060834,0.414,0.387,0.328,-3.448,-3.198,-0.648
2018-01-09 12:00:00,-5.248,87.49798,0.05190465,0.414,0.387,0.328,-3.398,-3.148,-0.648
2018-01-09 13:00:00,-5.298,88.16831,0.04893586,0.414,0.387,0.328,-3.348,-3.148,-0.648
2018-01-09 14:00:00,-5.448,88.49398,0.04704973,0.414,0.387,0.328,-3.2979999,-3.098,-0.648
2018-01-09 15:00:00,-5.298,88.50768,0.04753244,0.414,0.387,0.328,-3.2979999,-3.0479999,-0.648
2018-01-09 16:00:00,-5.348,88.84377,0.04596761,0.414,0.387,0.328,-3.248,-2.998,-0.648
2018-01-09 17:00:00,-5.298,88.848206,0.04612422,0.414,0.387,0.328,-3.198,-2.998,-0.648
2018-01-09 18:00:00,-5.248,89.53694,0.04344052,0.414,0.387,0.328,-3.148,-2.948,-0.648
2018-01-09 19:00:00,-5.198,90.57596,0.039275914,0.414,0.387,0.328,-3.148,-2.898,-0.648
2018-01-09 20:00:00,-5.048,90.93419,0.03821528,0.414,0.387,0.328,-3.098,-2.898,-0.648
2018-01-09 21:00:00,-4.948,90.594826,0.039947122,0.414,0.387,0.328,-3.0479999,-2.848,-0.648
2018-01-09 22:00:00,-4.748,90.956,0.038998812,0.414,0.387,0.328,-3.0479999,-2.848,-0.648
2018-01-09 23:00:00,-4.448,90.6324,0.04131919,0.414,0.387,0.328,-2.998,-2.848,-0.648
2018-01-10 00:00:00,-4.148,90.65485,0.04216191,0.414,0.387,0.328,-2.998,-2.7979999,-0.648
2018-01-10 01:00:00,-3.948,90.3269,0.044301987,0.414,0.387,0.328,-2.948,-2.7979999,-0.648
2018-01-10 02:00:00,-3.648,90.34998,0.04520157,0.414,0.387,0.328,-2.948,-2.7979999,-0.648
2018-01-10 03:00:00,-3.498,90.70319,0.044038743,0.414,0.387,0.328,-2.898,-2.748,-0.648
2018-01-10 04:00:00,-3.198,90.38447,0.046580374,0.414,0.387,0.328,-2.898,-2.748,-0.648
2018-01-10 05:00:00,-2.7979999,90.0762,0.0495269,0.414,0.387,0.328,-2.848,-2.748,-0.648
2018-01-10 06:00:00,-2.448,90.10365,0.050689727,0.414,0.387,0.328,-2.848,-2.748,-0.648
2018-01-10 07:00:00,-1.9979999,89.468666,0.055767626,0.414,0.387,0.328,-2.848,-2.748,-0.648
2018-01-10 08:00:00,-1.648,88.83364,0.06067556,0.414,0.387,0.328,-2.7979999,-2.698,-0.648
2018-01-10 09:00:00,-1.398,89.851234,0.05616966,0.414,0.387,0.328,-2.7979999,-2.698,-0.648
2018-01-10 10:00:00,-1.2479999,91.204796,0.04921758,0.414,0.387,0.328,-2.7979999,-2.698,-0.648
2018-01-10 11:00:00,-1.2479999,92.22262,0.04352212,0.414,0.387,0.328,-2.748,-2.698,-0.648
2018-01-10 12:00:00,-1.198,93.25322,0.03789395,0.414,0.387,0.328,-2.748,-2.698,-0.648
2018-01-10 13:00:00,-0.948,93.26669,0.038517118,0.414,0.387,0.328,-2.748,-2.648,-0.648
2018-01-10 14:00:00,-0.698,92.596634,0.043130875,0.414,0.387,0.328,-2.748,-2.648,-0.648
2018-01-10 15:00:00,-0.54800004,92.26577,0.04555428,0.414,0.387,0.328,-2.748,-2.648,-0.648
2018-01-10 16:00:00,-0.448,92.61134,0.04383737,0.414,0.387,0.328,-2.698,-2.648,-0.648
2018-01-10 17:00:00,-0.29799998,92.96028,0.042225838,0.414,0.387,0.328,-2.698,-2.648,-0.648
2018-01-10 18:00:00,-0.098000005,92.97147,0.042776167,0.414,0.386,0.328,-2.698,-2.648,-0.648
2018-01-10 19:00:00,0.302,92.99378,0.043895543,0.414,0.386,0.328,-2.698,-2.598,-0.648
2018-01-10 20:00:00,0.352,93.33611,0.041902184,0.414,0.386,0.328,-2.698,-2.598,-0.648
2018-01-10 21:00:00,0.352,93.33611,0.041902184,0.414,0.386,0.328,-2.648,-2.598,-0.648
2018-01-10 22:00:00,0.102,92.982635,0.043332756,0.414,0.386,0.328,-2.648,-2.598,-0.648
2018-01-10 23:00:00,-0.49800003,88.93353,0.06541771,0.414,0.386,0.328,-2.648,-2.598,-0.648
2018-01-11 00:00:00,-4.598,83.30504,0.07280481,0.414,0.386,0.328,-2.648,-2.598,-0.648
2018-01-11 01:00:00,-7.548,79.7084,0.070616394,0.414,0.386,0.328,-2.648,-2.598,-0.648
2018-01-11 02:00:00,-8.298,80.22862,0.064911366,0.414,0.386,0.328,-2.648,-2.5479999,-0.648
2018-01-11 03:00:00,-8.648,81.79063,0.05817315,0.414,0.386,0.328,-2.648,-2.5479999,-0.648
2018-01-11 04:00:00,-8.798,84.08183,0.050262064,0.414,0.386,0.328,-2.648,-2.5479999,-0.648
2018-01-11 05:00:00,-8.648,85.446495,0.0464966,0.414,0.386,0.328,-2.648,-2.5479999,-0.648
2018-01-11 06:00:00,-8.898,83.07054,0.053037226,0.414,0.386,0.328,-2.648,-2.5479999,-0.648
2018-01-11 07:00:00,-9.648,80.99479,0.056128845,0.414,0.386,0.328,-2.698,-2.5479999,-0.648
2018-01-11 08:00:00,-9.748,80.65462,0.056684017,0.414,0.386,0.328,-2.698,-2.5479999,-0.648
2018-01-11 09:00:00,-9.798,79.999504,0.058371916,0.414,0.386,0.328,-2.698,-2.5479999,-0.648
2018-01-11 10:00:00,-9.998,80.61718,0.055682436,0.414,0.386,0.328,-2.698,-2.5479999,-0.648
2018-01-11 11:00:00,-10.298,81.22669,0.052665293,0.414,0.386,0.328,-2.698,-2.498,-0.648
2018-01-11 12:00:00,-10.648,81.836395,0.049557924,0.414,0.386,0.328,-2.698,-2.498,-0.648
2018-01-11 13:00:00,-10.948,81.79375,0.048500866,0.414,0.386,0.328,-2.698,-2.498,-0.648
2018-01-11 14:00:00,-11.098,81.440285,0.048853517,0.414,0.386,0.328,-2.748,-2.498,-0.648
2018-01-11 15:00:00,-11.248,81.4185,0.04832776,0.414,0.386,0.328,-2.748,-2.498,-0.648
2018-01-11 16:00:00,-11.498,81.38216,0.04746236,0.414,0.386,0.328,-2.748,-2.498,-0.648
2018-01-11 17:00:00,-11.748,82.35014,0.044101626,0.414,0.386,0.328,-2.748,-2.498,-0.648
2018-01-11 18:00:00,-11.698,83.03261,0.042567596,0.414,0.386,0.328,-2.748,-2.498,-0.648
2018-01-11 19:00:00,-11.348,83.418236,0.042784646,0.414,0.386,0.328,-2.748,-2.498,-0.648
2018-01-11 20:00:00,-11.198,83.77755,0.042363286,0.414,0.386,0.328,-2.748,-2.498,-0.648
2018-01-11 21:00:00,-11.198,84.46051,0.040580332,0.414,0.386,0.328,-2.748,-2.498,-0.648
2018-01-11 22:00:00,-11.148,84.80991,0.039827064,0.414,0.386,0.328,-2.748,-2.498,-0.648
2018-01-11 23:00:00,-11.048,85.16623,0.039205045,0.414,0.386,0.328,-2.748,-2.498,-0.648
2018-01-12 00:00:00,-11.098,85.5059,0.0381549,0.414,0.386,0.328,-2.7979999,-2.498,-0.648
2018-01-12 01:00:00,-11.098,85.85275,0.03724207,0.414,0.386,0.329,-2.7979999,-2.498,-0.648
2018-01-12 02:00:00,-11.148,85.84706,0.03710848,0.414,0.386,0.329,-2.7979999,-2.498,-0.648
2018-01-12 03:00:00,-11.348,85.82436,0.03657803,0.414,0.386,0.329,-2.7979999,-2.498,-0.648
2018-01-12 04:00:00,-11.448,86.512245,0.03452584,0.414,0.386,0.329,-2.7979999,-2.498,-0.648
2018-01-12 05:00:00,-11.498,86.15642,0.03529471,0.414,0.386,0.329,-2.7979999,-2.498,-0.648
2018-01-12 06:00:00,-11.298,82.412544,0.045560673,0.414,0.386,0.329,-2.7979999,-2.448,-0.648
2018-01-12 07:00:00,-11.648,80.36749,0.04944925,0.414,0.386,0.329,-2.7979999,-2.448,-0.648
2018-01-12 08:00:00,-11.748,77.43648,0.056373462,0.414,0.386,0.329,-2.7979999,-2.448,-0.648
2018-01-12 09:00:00,-11.898,76.45897,0.05810924,0.414,0.386,0.329,-2.7979999,-2.448,-0.648
2018-01-12 10:00:00,-12.498,78.27264,0.051099896,0.414,0.386,0.329,-2.7979999,-2.448,-0.648
2018-01-12 11:00:00,-13.448,80.08982,0.043349892,0.414,0.386,0.329,-2.7979999,-2.448,-0.648
2018-01-12 12:00:00,-14.598,81.26303,0.03712514,0.414,0.386,0.329,-2.7979999,-2.448,-0.648
2018-01-12 13:00:00,-15.698,81.09874,0.034188867,0.414,0.386,0.329,-2.7979999,-2.448,-0.648
2018-01-12 14:00:00,-16.798,81.279305,0.030885145,0.414,0.386,0.329,-2.7979999,-2.448,-0.648
2018-01-12 15:00:00,-17.798,80.77929,0.029141285,0.414,0.386,0.329,-2.848,-2.448,-0.648
2018-01-12 16:00:00,-18.898,80.96099,0.026281327,0.414,0.386,0.329,-2.848,-2.448,-0.648
2018-01-12 17:00:00,-19.748,80.829926,0.024595879,0.414,0.386,0.329,-2.898,-2.448,-0.648
2018-01-12 18:00:00,-20.448,81.07848,0.022848316,0.414,0.386,0.329,-2.898,-2.448,-0.648
2018-01-12 19:00:00,-20.498,81.42979,0.022327065,0.414,0.386,0.329,-2.948,-2.448,-0.648
2018-01-12 20:00:00,-20.798,81.02463,0.022225514,0.414,0.386,0.329,-2.948,-2.448,-0.648
2018-01-12 21:00:00,-21.398,80.57183,0.021592215,0.414,0.386,0.329,-2.998,-2.448,-0.648
2018-01-12 22:00:00,-21.798,80.14901,0.021299869,0.414,0.386,0.329,-2.998,-2.448,-0.648
2018-01-12 23:00:00,-22.148,80.09247,0.020711377,0.414,0.386,0.329,-3.0479999,-2.448,-0.648
2018-01-13 00:00:00,-22.048,80.10866,0.02087804,0.414,0.386,0.329,-3.0479999,-2.448,-0.648
2018-01-13 01:00:00,-22.098,80.460815,0.020418353,0.414,0.386,0.329,-3.098,-2.448,-0.648
2018-01-13 02:00:00,-22.048,80.10866,0.02087804,0.414,0.386,0.329,-3.098,-2.448,-0.648
2018-01-13 03:00:00,-21.998,79.75817,0.021339566,0.414,0.386,0.329,-3.098,-2.498,-0.648
2018-01-13 04:00:00,-22.048,79.03694,0.022002086,0.414,0.386,0.329,-3.098,-2.498,-0.648
2018-01-13 05:00:00,-21.948,77.99576,0.023298606,0.414,0.386,0.329,-3.098,-2.498,-0.648
2018-01-13 06:00:00,-21.548,75.9937,0.02632711,0.414,0.386,0.329,-3.098,-2.498,-0.648
2018-01-13 07:00:00,-20.848,75.11305,0.02901689,0.414,0.386,0.329,-3.098,-2.498,-0.648
2018-01-13 08:00:00,-20.348,73.554276,0.032204516,0.414,0.386,0.329,-3.098,-2.498,-0.648
2018-01-13 09:00:00,-20.098,72.95319,0.033658013,0.414,0.386,0.329,-3.098,-2.498,-0.648
2018-01-13 10:00:00,-20.348,73.88282,0.0318048,0.414,0.386,0.329,-3.098,-2.498,-0.648
2018-01-13 11:00:00,-21.148,75.39144,0.027950168,0.414,0.386,0.329,-3.098,-2.498,-0.648
2018-01-13 12:00:00,-22.348,76.18502,0.024338953,0.414,0.386,0.329,-3.098,-2.498,-0.648
2018-01-13 13:00:00,-23.248,76.70993,0.021973535,0.414,0.386,0.329,-3.148,-2.498,-0.648
2018-01-13 14:00:00,-23.998,76.92149,0.020359784,0.414,0.386,0.329,-3.148,-2.498,-0.648
2018-01-13 15:00:00,-24.848,77.833855,0.018112056,0.414,0.386,0.329,-3.148,-2.498,-0.648
2018-01-13 16:00:00,-25.398,78.095856,0.017026145,0.414,0.386,0.329,-3.198,-2.498,-0.648
2018-01-13 17:00:00,-25.798,78.753456,0.015923686,0.414,0.386,0.329,-3.198,-2.498,-0.648
2018-01-13 18:00:00,-26.248,79.0429,0.015072748,0.414,0.386,0.329,-3.248,-2.498,-0.648
2018-01-13 19:00:00,-26.648,78.97373,0.014576301,0.414,0.386,0.329,-3.248,-2.5479999,-0.648
2018-01-13 20:00:00,-27.098,78.52523,0.014281079,0.414,0.386,0.329,-3.2979999,-2.5479999,-0.648
2018-01-13 21:00:00,-27.398,78.10255,0.014162689,0.414,0.386,0.329,-3.2979999,-2.5479999,-0.648
2018-01-13 22:00:00,-27.748,78.03937,0.013748903,0.414,0.386,0.329,-3.348,-2.5479999,-0.648
2018-01-13 23:00:00,-27.998,77.99407,0.013459876,0.414,0.386,0.329,-3.348,-2.5479999,-0.648
2018-01-14 00:00:00,-28.098,77.97595,0.013345763,0.414,0.386,0.329,-3.398,-2.5479999,-0.648
2018-01-14 01:00:00,-28.148,77.966835,0.013289019,0.414,0.386,0.329,-3.398,-2.5479999,-0.648
2018-01-14 02:00:00,-28.048,77.61538,0.013627522,0.414,0.386,0.329,-3.398,-2.5479999,-0.648
2018-01-14 03:00:00,-27.948,77.26596,0.013969801,0.414,0.386,0.329,-3.398,-2.5479999,-0.648
2018-01-14 04:00:00,-27.698,77.67969,0.0140390545,0.414,0.386,0.329,-3.448,-2.598,-0.648
2018-01-14 05:00:00,-26.648,77.14367,0.015843756,0.414,0.386,0.329,-3.448,-2.598,-0.648
2018-01-14 06:00:00,-25.248,75.27703,0.019479033,0.414,0.386,0.329,-3.398,-2.598,-0.648
2018-01-14 07:00:00,-23.848,74.51851,0.022782378,0.414,0.386,0.329,-3.398,-2.598,-0.648
2018-01-14 08:00:00,-22.748,73.725586,0.025914513,0.414,0.386,0.329,-3.398,-2.598,-0.648
2018-01-14 09:00:00,-21.948,72.89364,0.02869542,0.414,0.386,0.329,-3.348,-2.598,-0.648
2018-01-14 10:00:00,-21.698,73.27615,0.028920613,0.414,0.386,0.329,-3.348,-2.598,-0.648
2018-01-14 11:00:00,-22.098,75.206764,0.025903873,0.414,0.386,0.329,-3.2979999,-2.598,-0.648
2018-01-14 12:00:00,-22.748,76.109184,0.02356571,0.414,0.386,0.329,-3.2979999,-2.598,-0.648
2018-01-14 13:00:00,-23.198,76.71924,0.02206295,0.414,0.386,0.329,-3.2979999,-2.648,-0.648
2018-01-14 14:00:00,-23.648,77.33885,0.020629615,0.414,0.386,0.329,-3.2979999,-2.648,-0.648
2018-01-14 15:00:00,-24.148,77.60262,0.019494705,0.414,0.386,0.329,-3.348,-2.648,-0.648
2018-01-14 16:00:00,-24.498,77.53912,0.01894281,0.414,0.386,0.329,-3.348,-2.648,-0.648
2018-01-14 17:00:00,-24.848,77.47543,0.018404655,0.414,0.386,0.329,-3.348,-2.648,-0.648
2018-01-14 18:00:00,-25.248,77.7617,0.017523166,0.414,0.385,0.329,-3.348,-2.648,-0.648
2018-01-14 19:00:00,-25.648,77.68925,0.016951196,0.414,0.385,0.329,-3.398,-2.648,-0.648
2018-01-14 20:00:00,-26.098,77.970375,0.016062893,0.414,0.385,0.329,-3.398,-2.648,-0.648
2018-01-14 21:00:00,-26.348,77.9253,0.015730683,0.414,0.385,0.329,-3.398,-2.648,-0.648
2018-01-14 22:00:00,-26.548,77.88918,0.015469264,0.414,0.385,0.329,-3.448,-2.648,-0.648
2018-01-14 23:00:00,-26.498,77.53413,0.015789922,0.414,0.385,0.329,-3.448,-2.698,-0.648
2018-01-15 00:00:00,-26.198,77.22725,0.016452648,0.414,0.385,0.329,-3.448,-2.698,-0.648
2018-01-15 01:00:00,-25.698,76.96058,0.017424572,0.414,0.385,0.329,-3.448,-2.698,-0.648
2018-01-15 02:00:00,-25.198,77.053665,0.018162932,0.414,0.385,0.329,-3.448,-2.698,-0.648
2018-01-15 03:00:00,-25.348,77.02578,0.01793858,0.414,0.385,0.329,-3.448,-2.698,-0.648
2018-01-15 04:00:00,-26.048,77.25502,0.016660146,0.414,0.385,0.329,-3.448,-2.698,-0.648
2018-01-15 05:00:00,-25.548,76.275734,0.01818923,0.414,0.385,0.329,-3.448,-2.698,-0.648
2018-01-15 06:00:00,-24.448,74.74154,0.021396145,0.414,0.385,0.329,-3.448,-2.748,-0.648
2018-01-15 07:00:00,-22.998,73.6741,0.025394395,0.414,0.385,0.329,-3.448,-2.748,-0.648
2018-01-15 08:00:00,-22.098,73.19296,0.028005771,0.414,0.385,0.329,-3.448,-2.748,-0.648
2018-01-15 09:00:00,-21.398,73.008896,0.029989481,0.414,0.385,0.329,-3.398,-2.748,-0.648
2018-01-15 10:00:00,-21.198,74.04163,0.029353082,0.414,0.385,0.329,-3.398,-2.748,-0.648
2018-01-15 11:00:00,-21.598,75.9842,0.026222073,0.414,0.385,0.329,-3.398,-2.748,-0.648
2018-01-15 12:00:00,-22.398,77.5652,0.022828333,0.414,0.385,0.329,-3.398,-2.748,-0.648
2018-01-15 13:00:00,-22.598,78.23349,0.021759816,0.414,0.385,0.329,-3.398,-2.748,-0.648
2018-01-15 14:00:00,-22.548,78.596436,0.021492347,0.414,0.385,0.329,-3.398,-2.748,-0.648
2018-01-15 15:00:00,-22.498,78.96053,0.021220818,0.414,0.385,0.329,-3.398,-2.7979999,-0.648
2018-01-15 16:00:00,-21.898,79.41774,0.02189032,0.414,0.385,0.329,-3.398,-2.7979999,-0.648
2018-01-15 17:00:00,-20.998,79.21361,0.023923881,0.414,0.385,0.329,-3.398,-2.7979999,-0.648
2018-01-15 18:00:00,-20.148,79.70621,0.025150903,0.414,0.385,0.329,-3.398,-2.7979999,-0.648
2018-01-15 19:00:00,-19.748,80.47567,0.025050133,0.414,0.385,0.329,-3.398,-2.7979999,-0.648
2018-01-15 20:00:00,-19.198,80.91487,0.025675274,0.414,0.385,0.329,-3.398,-2.7979999,-0.648
2018-01-15 21:00:00,-18.698,80.991615,0.026692279,0.414,0.385,0.329,-3.398,-2.7979999,-0.648
2018-01-15 22:00:00,-18.548,81.7212,0.02599959,0.414,0.385,0.329,-3.348,-2.7979999,-0.648
2018-01-15 23:00:00,-18.598,82.06932,0.02539596,0.414,0.385,0.329,-3.348,-2.7979999,-0.648
2018-01-16 00:00:00,-18.448,82.44759,0.025181048,0.414,0.385,0.329,-3.348,-2.7979999,-0.648
2018-01-16 01:00:00,-18.248,82.12005,0.02609194,0.414,0.385,0.329,-3.348,-2.7979999,-0.648
2018-01-16 02:00:00,-17.998,81.802185,0.027126558,0.414,0.385,0.329,-3.348,-2.7979999,-0.648
2018-01-16 03:00:00,-17.798,81.83153,0.0275468,0.414,0.385,0.329,-3.348,-2.7979999,-0.648
2018-01-16 04:00:00,-17.398,81.889984,0.028404355,0.414,0.385,0.329,-3.2979999,-2.7979999,-0.648
2018-01-16 05:00:00,-16.798,81.279305,0.030885145,0.414,0.385,0.329,-3.2979999,-2.7979999,-0.648
2018-01-16 06:00:00,-16.148,81.03093,0.03304735,0.414,0.385,0.329,-3.2979999,-2.7979999,-0.648
2018-01-16 07:00:00,-16.298,80.320786,0.033856392,0.414,0.385,0.329,-3.248,-2.7979999,-0.648
2018-01-16 08:00:00,-15.948,80.0344,0.035368368,0.414,0.385,0.329,-3.248,-2.7979999,-0.648
2018-01-16 09:00:00,-15.498,80.10528,0.036588505,0.414,0.385,0.329,-3.248,-2.7979999,-0.648
2018-01-16 10:00:00,-15.348,80.12884,0.037003264,0.414,0.385,0.329,-3.248,-2.7979999,-0.648
2018-01-16 11:00:00,-15.498,81.47253,0.034075215,0.414,0.385,0.329,-3.198,-2.7979999,-0.648
2018-01-16 12:00:00,-15.648,82.49058,0.031804502,0.414,0.385,0.329,-3.198,-2.7979999,-0.648
2018-01-16 13:00:00,-15.798,82.469505,0.031447515,0.414,0.385,0.329,-3.198,-2.7979999,-0.648
2018-01-16 14:00:00,-15.848,82.46246,0.031329334,0.414,0.385,0.329,-3.198,-2.7979999,-0.648
2018-01-16 15:00:00,-15.848,82.81235,0.030704588,0.414,0.385,0.329,-3.198,-2.7979999,-0.648
2018-01-16 16:00:00,-16.048,83.48944,0.02900742,0.414,0.385,0.329,-3.198,-2.7979999,-0.648
2018-01-16 17:00:00,-16.298,83.102356,0.02907312,0.414,0.385,0.329,-3.198,-2.7979999,-0.648
2018-01-16 18:00:00,-16.298,83.102356,0.02907312,0.414,0.385,0.329,-3.198,-2.748,-0.698
2018-01-16 19:00:00,-17.348,82.60327,0.0274017,0.414,0.385,0.329,-3.198,-2.748,-0.698
2018-01-16 20:00:00,-17.498,82.93757,0.026536644,0.414,0.385,0.329,-3.198,-2.748,-0.648
2018-01-16 21:00:00,-17.598,82.92374,0.02633427,0.414,0.385,0.329,-3.198,-2.748,-0.698
2018-01-16 22:00:00,-17.698,82.90988,0.02613327,0.414,0.385,0.329,-3.198,-2.748,-0.698
2018-01-16 23:00:00,-17.748,82.90297,0.026033238,0.414,0.385,0.329,-3.198,-2.748,-0.698
2018-01-17 00:00:00,-17.998,82.86824,0.025538236,0.414,0.385,0.329,-3.198,-2.748,-0.698
2018-01-17 01:00:00,-18.098,83.2127,0.024813063,0.414,0.385,0.329,-3.198,-2.748,-0.698
2018-01-17 02:00:00,-17.948,82.51861,0.02617012,0.414,0.385,0.329,-3.198,-2.748,-0.698
2018-01-17 03:00:00,-18.098,82.49734,0.025869898,0.414,0.385,0.329,-3.198,-2.748,-0.698
2018-01-17 04:00:00,-18.098,82.14173,0.026395231,0.414,0.385,0.329,-3.248,-2.748,-0.698
2018-01-17 05:00:00,-17.548,81.16651,0.029165983,0.414,0.385,0.329,-3.198,-2.748,-0.698
2018-01-17 06:00:00,-16.748,79.56596,0.03385216,0.414,0.385,0.329,-3.198,-2.748,-0.698
2018-01-17 07:00:00,-17.148,77.473785,0.036080115,0.414,0.385,0.329,-3.198,-2.748,-0.698
2018-01-17 08:00:00,-16.548,76.916405,0.03888631,0.414,0.385,0.329,-3.198,-2.748,-0.698
2018-01-17 09:00:00,-15.948,76.69557,0.04127918,0.414,0.385,0.329,-3.198,-2.748,-0.698
2018-01-17 10:00:00,-15.798,77.709946,0.0399805,0.414,0.385,0.329,-3.148,-2.748,-0.698
2018-01-17 11:00:00,-15.798,79.04407,0.03758894,0.414,0.385,0.329,-3.148,-2.748,-0.698
2018-01-17 12:00:00,-16.198,81.023384,0.03292255,0.414,0.385,0.329,-3.148,-2.748,-0.698
2018-01-17 13:00:00,-16.348,81.69366,0.0313641,0.414,0.385,0.329,-3.148,-2.748,-0.698
2018-01-17 14:00:00,-16.498,82.37066,0.02982746,0.414,0.385,0.329,-3.148,-2.748,-0.698
2018-01-17 15:00:00,-16.398,82.38486,0.030054301,0.414,0.385,0.329,-3.148,-2.748,-0.698
2018-01-17 16:00:00,-16.348,82.74305,0.029567018,0.414,0.385,0.329,-3.148,-2.748,-0.698
2018-01-17 17:00:00,-16.548,83.068214,0.0285279,0.414,0.385,0.329,-3.148,-2.748,-0.698
2018-01-17 18:00:00,-16.348,83.09553,0.028963387,0.414,0.385,0.329,-3.148,-2.748,-0.698
2018-01-17 19:00:00,-18.298,83.545616,0.023910478,0.414,0.385,0.329,-3.148,-2.748,-0.698
2018-01-17 20:00:00,-18.848,83.10979,0.023416735,0.414,0.385,0.329,-3.198,-2.748,-0.698
2018-01-17 21:00:00,-18.848,83.10979,0.023416735,0.414,0.385,0.329,-3.198,-2.748,-0.698
2018-01-17 22:00:00,-18.898,83.10289,0.023326166,0.414,0.385,0.329,-3.198,-2.748,-0.698
2018-01-17 23:00:00,-18.548,83.15106,0.023966797,0.414,0.385,0.329,-3.198,-2.748,-0.698
2018-01-18 00:00:00,-18.398,83.17163,0.024246074,0.414,0.385,0.329,-3.198,-2.748,-0.698
2018-01-18 01:00:00,-18.248,82.47606,0.02557268,0.414,0.385,0.329,-3.198,-2.748,-0.698
2018-01-18 02:00:00,-18.148,82.13453,0.02629377,0.414,0.385,0.329,-3.198,-2.748,-0.698
2018-01-18 03:00:00,-18.248,81.76544,0.02660913,0.414,0.385,0.329,-3.198,-2.748,-0.698
2018-01-18 04:00:00,-17.998,80.74846,0.028696425,0.414,0.385,0.329,-3.198,-2.748,-0.698
2018-01-18 05:00:00,-17.348,78.44767,0.033943176,0.414,0.385,0.329,-3.198,-2.748,-0.698
2018-01-18 06:00:00,-16.448,74.977646,0.042504877,0.414,0.385,0.329,-3.198,-2.748,-0.698
2018-01-18 07:00:00,-16.048,71.89988,0.049353182,0.414,0.385,0.329,-3.198,-2.748,-0.698
2018-01-18 08:00:00,-15.498,69.88553,0.055367842,0.414,0.385,0.329,-3.148,-2.748,-0.698
2018-01-18 09:00:00,-15.048,67.62625,0.061781153,0.414,0.385,0.329,-3.148,-2.748,-0.698
2018-01-18 10:00:00,-14.998,68.808105,0.059774697,0.414,0.385,0.329,-3.148,-2.698,-0.698
2018-01-18 11:00:00,-15.448,67.82385,0.05940096,0.414,0.385,0.329,-3.148,-2.698,-0.698
2018-01-18 12:00:00,-15.798,67.44976,0.05836603,0.414,0.385,0.329,-3.148,-2.698,-0.698
2018-01-18 13:00:00,-16.598,70.24634,0.049902745,0.414,0.385,0.329,-3.148,-2.698,-0.698
2018-01-18 14:00:00,-17.998,74.02886,0.038704716,0.414,0.385,0.329,-3.198,-2.698,-0.698
2018-01-18 15:00:00,-20.148,78.31016,0.026879825,0.414,0.384,0.329,-3.248,-2.698,-0.698
2018-01-18 16:00:00,-21.748,80.516426,0.020998113,0.414,0.384,0.329,-3.248,-2.698,-0.698
2018-01-18 17:00:00,-22.598,81.10848,0.018887654,0.414,0.384,0.329,-3.2979999,-2.698,-0.698
2018-01-18 18:00:00,-23.248,81.007385,0.017921858,0.414,0.384,0.329,-3.2979999,-2.748,-0.698
2018-01-18 19:00:00,-24.048,80.88192,0.016792834,0.414,0.384,0.329,-3.348,-2.748,-0.698
2018-01-18 20:00:00,-24.598,79.690094,0.016976185,0.414,0.384,0.329,-3.398,-2.748,-0.698
2018-01-18 21:00:00,-25.298,78.84031,0.016598359,0.414,0.384,0.329,-3.398,-2.748,-0.698
2018-01-18 22:00:00,-26.148,77.59817,0.016259324,0.414,0.384,0.329,-3.448,-2.748,-0.698
2018-01-18 23:00:00,-26.698,77.13434,0.015777346,0.414,0.384,0.329,-3.448,-2.748,-0.698
2018-01-19 00:00:00,-26.698,77.49741,0.0155270845,0.414,0.384,0.329,-3.448,-2.748,-0.698
2018-01-19 01:00:00,-26.398,77.91629,0.01566495,0.414,0.384,0.329,-3.498,-2.748,-0.698
2018-01-19 02:00:00,-25.898,78.00633,0.01633308,0.414,0.384,0.329,-3.498,-2.7979999,-0.698
2018-01-19 03:00:00,-25.148,77.77976,0.017668806,0.414,0.384,0.329,-3.498,-2.7979999,-0.698
2018-01-19 04:00:00,-24.248,76.87506,0.019947,0.414,0.384,0.329,-3.5479999,-2.7979999,-0.698
2018-01-19 05:00:00,-22.548,76.492805,0.02360288,0.414,0.384,0.329,-3.5479999,-2.7979999,-0.698
2018-01-19 06:00:00,-20.198,75.910355,0.029722303,0.414,0.384,0.329,-3.498,-2.7979999,-0.698
2018-01-19 07:00:00,-18.298,75.93394,0.034963302,0.414,0.384,0.329,-3.498,-2.848,-0.698
2018-01-19 08:00:00,-16.398,75.31014,0.042116612,0.414,0.384,0.329,-3.448,-2.848,-0.698
2018-01-19 09:00:00,-15.348,76.47787,0.043797716,0.414,0.384,0.329,-3.398,-2.848,-0.698
2018-01-19 10:00:00,-14.898,78.85809,0.04086323,0.414,0.384,0.329,-3.348,-2.848,-0.698
2018-01-19 11:00:00,-15.198,81.5167,0.034850925,0.414,0.384,0.329,-3.348,-2.848,-0.698
2018-01-19 12:00:00,-15.648,84.250694,0.02860865,0.414,0.384,0.329,-3.348,-2.848,-0.698
2018-01-19 13:00:00,-15.748,84.95186,0.027108848,0.414,0.384,0.329,-3.2979999,-2.848,-0.698
2018-01-19 14:00:00,-15.698,85.31684,0.026561946,0.414,0.384,0.329,-3.2979999,-2.848,-0.698
2018-01-19 15:00:00,-15.448,85.34671,0.027064726,0.414,0.384,0.329,-3.2979999,-2.7979999,-0.698
2018-01-19 16:00:00,-15.298,84.65036,0.028705582,0.414,0.384,0.329,-3.248,-2.7979999,-0.698
2018-01-19 17:00:00,-15.198,84.30795,0.029589996,0.414,0.384,0.329,-3.248,-2.7979999,-0.698
2018-01-19 18:00:00,-15.148,83.60882,0.031036079,0.414,0.384,0.329,-3.248,-2.7979999,-0.698
2018-01-19 19:00:00,-15.748,83.17709,0.0303047,0.414,0.384,0.329,-3.248,-2.7979999,-0.698
2018-01-19 20:00:00,-15.898,82.45542,0.03121151,0.414,0.384,0.329,-3.248,-2.7979999,-0.698
2018-01-19 21:00:00,-16.048,82.08526,0.03147325,0.414,0.384,0.329,-3.248,-2.7979999,-0.698
2018-01-19 22:00:00,-16.048,81.73754,0.03208384,0.414,0.384,0.329,-3.198,-2.7979999,-0.698
2018-01-19 23:00:00,-16.098,82.07808,0.031354636,0.414,0.384,0.329,-3.198,-2.7979999,-0.698
2018-01-20 00:00:00,-16.198,82.063705,0.031118572,0.414,0.384,0.329,-3.198,-2.7979999,-0.698
2018-01-20 01:00:00,-16.298,82.04932,0.030884072,0.414,0.384,0.329,-3.198,-2.7979999,-0.698
2018-01-20 02:00:00,-16.398,81.686325,0.031245515,0.414,0.384,0.329,-3.198,-2.7979999,-0.698
2018-01-20 03:00:00,-16.548,81.664314,0.030892149,0.414,0.384,0.329,-3.198,-2.7979999,-0.698
2018-01-20 04:00:00,-16.598,81.656975,0.030775115,0.414,0.384,0.329,-3.198,-2.7979999,-0.698
2018-01-20 05:00:00,-16.348,80.656166,0.033140674,0.414,0.384,0.329,-3.198,-2.7979999,-0.698
2018-01-20 06:00:00,-15.948,79.694756,0.035969704,0.414,0.384,0.329,-3.198,-2.748,-0.698
2018-01-20 07:00:00,-16.098,77.99006,0.038502425,0.414,0.384,0.329,-3.198,-2.748,-0.698
2018-01-20 08:00:00,-15.548,77.753296,0.040741816,0.414,0.384,0.329,-3.198,-2.748,-0.698
2018-01-20 09:00:00,-15.098,77.174614,0.043391213,0.414,0.384,0.329,-3.198,-2.748,-0.698
2018-01-20 10:00:00,-15.198,78.47563,0.040581793,0.414,0.384,0.329,-3.148,-2.748,-0.698
2018-01-20 11:00:00,-15.598,79.75073,0.036931872,0.414,0.384,0.329,-3.148,-2.748,-0.698
2018-01-20 12:00:00,-16.248,80.67154,0.033392683,0.414,0.384,0.329,-3.148,-2.748,-0.698
2018-01-20 13:00:00,-16.948,80.90951,0.0310999,0.414,0.384,0.329,-3.148,-2.748,-0.698
2018-01-20 14:00:00,-17.748,81.136246,0.028721929,0.414,0.384,0.329,-3.198,-2.748,-0.698
2018-01-20 15:00:00,-18.298,80.70207,0.02804023,0.414,0.384,0.329,-3.198,-2.748,-0.698
2018-01-20 16:00:00,-18.548,79.96489,0.028496258,0.414,0.384,0.329,-3.198,-2.748,-0.698
2018-01-20 17:00:00,-18.748,79.585144,0.028543696,0.414,0.384,0.329,-3.198,-2.748,-0.698
2018-01-20 18:00:00,-18.848,79.568855,0.028322868,0.414,0.384,0.329,-3.198,-2.748,-0.698
2018-01-20 19:00:00,-18.448,79.9809,0.028717704,0.414,0.384,0.329,-3.248,-2.748,-0.698
2018-01-20 20:00:00,-18.448,80.32919,0.028218381,0.414,0.384,0.329,-3.248,-2.748,-0.698
2018-01-20 21:00:00,-18.498,79.97289,0.028606817,0.414,0.384,0.329,-3.248,-2.748,-0.698
2018-01-20 22:00:00,-18.748,79.93281,0.028057903,0.414,0.384,0.329,-3.248,-2.748,-0.698
2018-01-20 23:00:00,-18.898,79.56068,0.028213099,0.414,0.384,0.329,-3.248,-2.748,-0.698
2018-01-21 00:00:00,-18.998,79.19743,0.028468996,0.414,0.384,0.329,-3.248,-2.748,-0.698
2018-01-21 01:00:00,-19.448,79.12259,0.027487196,0.414,0.384,0.329,-3.248,-2.748,-0.698
2018-01-21 02:00:00,-20.048,78.67413,0.026659116,0.414,0.384,0.329,-3.248,-2.748,-0.698
2018-01-21 03:00:00,-21.248,77.77059,0.025029987,0.414,0.384,0.329,-3.2979999,-2.748,-0.698
2018-01-21 04:00:00,-22.098,75.88902,0.025191702,0.414,0.384,0.329,-3.2979999,-2.748,-0.698
2018-01-21 05:00:00,-22.598,73.08846,0.026898012,0.414,0.384,0.329,-3.2979999,-2.748,-0.698
2018-01-21 06:00:00,-22.398,69.87542,0.030643925,0.414,0.384,0.329,-3.348,-2.748,-0.698
2018-01-21 07:00:00,-22.348,65.85151,0.034885496,0.414,0.384,0.329,-3.348,-2.748,-0.698
2018-01-21 08:00:00,-21.998,64.446915,0.037458926,0.414,0.384,0.329,-3.348,-2.748,-0.698
2018-01-21 09:00:00,-21.898,63.88463,0.038387425,0.414,0.384,0.329,-3.348,-2.748,-0.698
2018-01-21 10:00:00,-22.298,64.963394,0.035950094,0.414,0.384,0.329,-3.348,-2.7979999,-0.698
2018-01-21 11:00:00,-23.148,66.56529,0.031814173,0.414,0.384,0.329,-3.348,-2.7979999,-0.698
2018-01-21 12:00:00,-24.198,65.68687,0.02971711,0.414,0.384,0.329,-3.398,-2.7979999,-0.698
2018-01-21 13:00:00,-25.198,65.12306,0.027591944,0.414,0.384,0.329,-3.398,-2.7979999,-0.698
2018-01-21 14:00:00,-25.948,64.620445,0.026138056,0.414,0.384,0.329,-3.448,-2.7979999,-0.698
2018-01-21 15:00:00,-26.848,64.691826,0.024013907,0.414,0.384,0.329,-3.448,-2.7979999,-0.698
2018-01-21 16:00:00,-27.548,64.196594,0.022821203,0.414,0.384,0.329,-3.498,-2.7979999,-0.698
2018-01-21 17:00:00,-28.348,64.60637,0.020937841,0.414,0.384,0.329,-3.498,-2.848,-0.698
2018-01-21 18:00:00,-29.098,64.72173,0.019449122,0.414,0.384,0.329,-3.5479999,-2.848,-0.698
2018-01-21 19:00:00,-29.998,65.1194,0.017658494,0.414,0.384,0.329,-3.598,-2.848,-0.698
2018-01-21 20:00:00,-30.598,65.282234,0.016598072,0.414,0.384,0.329,-3.648,-2.848,-0.698
2018-01-21 21:00:00,-31.098,65.14947,0.01588104,0.414,0.384,0.329,-3.648,-2.898,-0.698
2018-01-21 22:00:00,-31.648,65.655464,0.014842486,0.414,0.384,0.329,-3.698,-2.898,-0.698
2018-01-21 23:00:00,-32.148003,65.52307,0.014194716,0.414,0.384,0.329,-3.748,-2.898,-0.698
2018-01-22 00:00:00,-32.648003,65.72051,0.013442757,0.414,0.384,0.329,-3.748,-2.948,-0.698
2018-01-22 01:00:00,-33.048,65.94705,0.012841642,0.414,0.384,0.329,-3.7979999,-2.948,-0.698
2018-01-22 02:00:00,-33.398003,65.854416,0.012441512,0.414,0.384,0.329,-3.848,-2.998,-0.698
2018-01-22 03:00:00,-33.798,66.421165,0.011762513,0.414,0.384,0.329,-3.848,-2.998,-0.698
2018-01-22 04:00:00,-33.998,66.368614,0.011550281,0.414,0.384,0.329,-3.898,-3.0479999,-0.698
2018-01-22 05:00:00,-33.648003,65.788055,0.012162492,0.414,0.384,0.329,-3.948,-3.0479999,-0.698
2018-01-22 06:00:00,-32.748,65.03414,0.013578074,0.414,0.384,0.329,-3.948,-3.0479999,-0.698
2018-01-22 07:00:00,-31.848,63.979748,0.0152667295,0.414,0.384,0.329,-3.9980001,-3.098,-0.698
2018-01-22 08:00:00,-31.048,64.51797,0.016246144,0.414,0.384,0.329,-3.9980001,-3.098,-0.698
2018-01-22 09:00:00,-30.548,64.97324,0.016825818,0.414,0.384,0.329,-3.9980001,-3.148,-0.698
2018-01-22 10:00:00,-30.548,65.94428,0.016360257,0.414,0.384,0.329,-3.9980001,-3.148,-0.698
2018-01-22 11:00:00,-31.248,67.415085,0.014637694,0.414,0.384,0.329,-3.9980001,-3.198,-0.698
2018-01-22 12:00:00,-32.398003,67.798546,0.012941053,0.414,0.384,0.329,-4.048,-3.198,-0.698
2018-01-22 13:00:00,-33.298,67.57015,0.011934329,0.414,0.384,0.329,-4.048,-3.198,-0.698
2018-01-22 14:00:00,-34.098003,67.3653,0.011098262,0.414,0.384,0.329,-4.098,-3.248,-0.748
2018-01-22 15:00:00,-34.748,67.19753,0.0104576,0.414,0.384,0.329,-4.148,-3.248,-0.748
2018-01-22 16:00:00,-35.298,66.366264,0.0101486035,0.414,0.384,0.329,-4.198,-3.2979999,-0.748
2018-01-22 17:00:00,-35.748,66.24696,0.009734467,0.414,0.383,0.329,-4.248,-3.2979999,-0.748
2018-01-22 18:00:00,-36.048,66.16707,0.00946678,0.414,0.383,0.329,-4.298,-3.348,-0.748
2018-01-22 19:00:00,-36.548,66.37931,0.008943286,0.414,0.383,0.329,-4.348,-3.398,-0.748
2018-01-22 20:00:00,-36.598003,66.02002,0.00899289,0.414,0.383,0.329,-4.348,-3.398,-0.748
2018-01-22 21:00:00,-36.598003,66.02002,0.00899289,0.414,0.383,0.329,-4.398,-3.448,-0.748
2018-01-22 22:00:00,-36.598003,66.02002,0.00899289,0.414,0.383,0.329,-4.448,-3.498,-0.748
2018-01-22 23:00:00,-36.598003,66.366,0.008901525,0.414,0.383,0.329,-4.498,-3.5479999,-0.748
2018-01-23 00:00:00,-36.548,66.37931,0.008943286,0.414,0.383,0.329,-4.548,-3.5479999,-0.748
2018-01-23 01:00:00,-36.348003,67.12842,0.008923534,0.414,0.383,0.329,-4.598,-3.598,-0.748
2018-01-23 02:00:00,-35.998,67.5694,0.00912114,0.414,0.383,0.329,-4.598,-3.648,-0.748
2018-01-23 03:00:00,-35.548,67.68536,0.009509837,0.414,0.383,0.329,-4.648,-3.648,-0.748
2018-01-23 04:00:00,-34.798,67.877365,0.010190396,0.414,0.383,0.329,-4.698,-3.698,-0.748
2018-01-23 05:00:00,-33.198,66.57809,0.012420049,0.414,0.383,0.329,-4.698,-3.698,-0.748
2018-01-23 06:00:00,-31.198,64.79943,0.015886618,0.414,0.383,0.329,-4.698,-3.748,-0.748
2018-01-23 07:00:00,-29.348,64.02474,0.019369803,0.414,0.383,0.329,-4.698,-3.748,-0.748
2018-01-23 08:00:00,-27.748,62.91476,0.0232009,0.414,0.383,0.329,-4.698,-3.7979999,-0.748
2018-01-23 09:00:00,-26.698,63.200996,0.025374737,0.414,0.383,0.329,-4.648,-3.7979999,-0.748
2018-01-23 10:00:00,-26.298,65.14572,0.024937317,0.414,0.383,0.329,-4.648,-3.7979999,-0.748
2018-01-23 11:00:00,-26.598,67.27427,0.022779532,0.414,0.383,0.329,-4.598,-3.7979999,-0.748
2018-01-23 12:00:00,-27.548,69.989525,0.019134331,0.414,0.383,0.329,-4.598,-3.7979999,-0.748
2018-01-23 13:00:00,-28.348,71.500694,0.016865276,0.414,0.383,0.329,-4.598,-3.848,-0.748
2018-01-23 14:00:00,-29.098,72.02429,0.015429039,0.414,0.383,0.329,-4.648,-3.848,-0.748
2018-01-23 15:00:00,-29.698,72.240456,0.014465228,0.414,0.383,0.329,-4.648,-3.848,-0.748
2018-01-23 16:00:00,-30.148,71.789024,0.014084455,0.414,0.383,0.329,-4.648,-3.848,-0.748
2018-01-23 17:00:00,-30.398,71.73258,0.013779987,0.414,0.383,0.329,-4.698,-3.848,-0.748
2018-01-23 18:00:00,-30.498,72.062065,0.013490088,0.414,0.383,0.329,-4.698,-3.848,-0.748
2018-01-23 19:00:00,-30.648,71.67602,0.013481345,0.414,0.383,0.329,-4.698,-3.898,-0.748
2018-01-23 20:00:00,-30.698,72.017204,0.013255555,0.414,0.383,0.329,-4.748,-3.898,-0.748
2018-01-23 21:00:00,-30.748,72.00601,0.013197485,0.414,0.383,0.329,-4.748,-3.898,-0.748
2018-01-23 22:00:00,-30.698,71.6647,0.013422292,0.414,0.383,0.329,-4.748,-3.898,-0.748
2018-01-23 23:00:00,-30.698,72.017204,0.013255555,0.414,0.383,0.329,-4.748,-3.898,-0.748
2018-01-24 00:00:00,-30.648,72.02847,0.013313837,0.414,0.383,0.329,-4.798,-3.948,-0.748
2018-01-24 01:00:00,-30.648,72.02847,0.013313837,0.414,0.383,0.329,-4.798,-3.948,-0.748
2018-01-24 02:00:00,-30.748,72.00601,0.013197485,0.414,0.383,0.329,-4.798,-3.948,-0.748
2018-01-24 03:00:00,-30.948,71.961006,0.012967467,0.414,0.383,0.329,-4.848,-3.948,-0.748
2018-01-24 04:00:00,-30.998,71.949776,0.012910515,0.414,0.383,0.329,-4.848,-3.948,-0.748
2018-01-24 05:00:00,-29.948,70.446014,0.015037511,0.414,0.383,0.329,-4.848,-3.9980001,-0.748
2018-01-24 06:00:00,-28.198,67.84798,0.01929235,0.414,0.383,0.329,-4.848,-3.9980001,-0.748
2018-01-24 07:00:00,-26.248,63.322758,0.026359975,0.414,0.383,0.329,-4.798,-3.9980001,-0.748
2018-01-24 08:00:00,-24.898,61.03619,0.03166981,0.414,0.383,0.329,-4.798,-3.9980001,-0.748
2018-01-24 09:00:00,-23.948,60.16088,0.035278346,0.414,0.383,0.329,-4.748,-3.9980001,-0.748
2018-01-24 10:00:00,-23.598,60.826256,0.035796594,0.414,0.383,0.329,-4.748,-3.9980001,-0.748
2018-01-24 11:00:00,-24.098,64.19661,0.031285953,0.414,0.383,0.329,-4.698,-3.9980001,-0.748
2018-01-24 12:00:00,-25.448,66.611084,0.025822379,0.414,0.383,0.329,-4.698,-3.9980001,-0.748
2018-01-24 13:00:00,-26.648,67.58261,0.022461548,0.414,0.383,0.329,-4.698,-3.9980001,-0.748
2018-01-24 14:00:00,-27.598,67.99594,0.020308815,0.414,0.383,0.329,-4.698,-3.948,-0.748
2018-01-24 15:00:00,-28.248,67.509,0.019404445,0.414,0.383,0.329,-4.748,-3.948,-0.748
2018-01-24 16:00:00,-28.948,67.99106,0.017901126,0.414,0.383,0.329,-4.748,-3.948,-0.748
2018-01-24 17:00:00,-29.698,68.805984,0.016252022,0.414,0.383,0.329,-4.748,-3.948,-0.748
2018-01-24 18:00:00,-30.498,69.972755,0.014497325,0.414,0.383,0.329,-4.798,-3.9980001,-0.748
2018-01-24 19:00:00,-31.098,69.829994,0.013751771,0.414,0.383,0.329,-4.798,-3.9980001,-0.748
2018-01-24 20:00:00,-31.798,70.70843,0.012479931,0.414,0.383,0.329,-4.848,-3.9980001,-0.748
2018-01-24 21:00:00,-32.348003,70.93243,0.011740716,0.414,0.383,0.329,-4.848,-3.9980001,-0.748
2018-01-24 22:00:00,-32.798,71.182945,0.011139771,0.414,0.383,0.329,-4.898,-3.9980001,-0.748
2018-01-24 23:00:00,-33.248,71.79659,0.010432653,0.414,0.383,0.329,-4.898,-3.9980001,-0.748
2018-01-25 00:00:00,-33.598003,72.0789,0.009978825,0.414,0.383,0.329,-4.948,-4.048,-0.748
2018-01-25 01:00:00,-33.898003,72.01063,0.00971139,0.414,0.383,0.329,-4.948,-4.048,-0.748
2018-01-25 02:00:00,-34.198,71.94214,0.009450322,0.414,0.383,0.329,-4.998,-4.048,-0.748
2018-01-25 03:00:00,-34.498,72.23968,0.009075908,0.414,0.383,0.329,-4.998,-4.098,-0.748
2018-01-25 04:00:00,-34.398003,72.262375,0.00915906,0.414,0.383,0.329,-5.048,-4.098,-0.748
2018-01-25 05:00:00,-33.048,70.76856,0.011026535,0.414,0.383,0.329,-5.048,-4.098,-0.748
2018-01-25 06:00:00,-31.048,69.1554,0.01412648,0.414,0.383,0.329,-5.048,-4.098,-0.748
2018-01-25 07:00:00,-29.298,67.90431,0.01736648,0.414,0.383,0.33,-5.048,-4.148,-0.79800004
2018-01-25 08:00:00,-28.048,67.23406,0.019937646,0.414,0.383,0.33,-4.998,-4.148,-0.79800004
2018-01-25 09:00:00,-27.098,66.82926,0.02204717,0.414,0.383,0.33,-4.998,-4.148,-0.79800004
2018-01-25 10:00:00,-26.498,66.34578,0.02364143,0.414,0.383,0.33,-4.948,-4.148,-0.79800004
2018-01-25 11:00:00,-26.848,69.15975,0.020979755,0.414,0.383,0.33,-4.948,-4.148,-0.79800004
2018-01-25 12:00:00,-28.048,71.91177,0.017095283,0.414,0.383,0.33,-4.948,-4.148,-0.79800004
2018-01-25 13:00:00,-29.098,72.373215,0.015236862,0.414,0.383,0.33,-4.948,-4.148,-0.79800004
2018-01-25 14:00:00,-29.948,72.53727,0.013974939,0.414,0.383,0.33,-4.948,-4.148,-0.79800004
2018-01-25 15:00:00,-30.748,72.716,0.012863241,0.414,0.383,0.33,-4.998,-4.148,-0.79800004
2018-01-25 16:00:00,-31.548,72.5392,0.011987396,0.414,0.383,0.33,-4.998,-4.148,-0.79800004
2018-01-25 17:00:00,-32.348003,72.72198,0.011018982,0.414,0.383,0.33,-4.998,-4.148,-0.79800004
2018-01-25 18:00:00,-32.998,72.941734,0.010258157,0.414,0.383,0.33,-5.048,-4.148,-0.79800004
2018-01-25 19:00:00,-33.498,73.19822,0.009674221,0.414,0.383,0.33,-5.048,-4.148,-0.79800004
2018-01-25 20:00:00,-33.798,73.13219,0.009415388,0.414,0.383,0.33,-5.098,-4.198,-0.79800004
2018-01-25 21:00:00,-33.998,73.45817,0.0091193,0.414,0.383,0.33,-5.148,-4.198,-0.79800004
2018-01-25 22:00:00,-34.098003,73.436356,0.009036889,0.414,0.383,0.33,-5.148,-4.198,-0.79800004
2018-01-25 23:00:00,-34.148003,73.79757,0.008870153,0.414,0.383,0.33,-5.148,-4.198,-0.79800004
2018-01-26 00:00:00,-34.098003,73.808426,0.008910503,0.414,0.383,0.33,-5.198,-4.248,-0.79800004
2018-01-26 01:00:00,-33.948,73.84079,0.009032585,0.414,0.383,0.33,-5.198,-4.248,-0.79800004
2018-01-26 02:00:00,-33.848003,74.23549,0.008984847,0.414,0.383,0.33,-5.248,-4.248,-0.79800004
2018-01-26 03:00:00,-33.698,74.26741,0.009107592,0.414,0.383,0.33,-5.248,-4.298,-0.79800004
2018-01-26 04:00:00,-33.098003,74.02333,0.009752644,0.414,0.383,0.33,-5.298,-4.298,-0.79800004
2018-01-26 05:00:00,-31.298,72.59462,0.012255259,0.414,0.383,0.33,-5.298,-4.298,-0.79800004
2018-01-26 06:00:00,-28.998,72.04653,0.015562806,0.414,0.383,0.33,-5.248,-4.298,-0.79800004
2018-01-26 07:00:00,-26.448,71.585686,0.0200575,0.414,0.383,0.33,-5.248,-4.348,-0.79800004
2018-01-26 08:00:00,-24.648,71.64944,0.023582421,0.414,0.383,0.33,-5.198,-4.348,-0.79800004
2018-01-26 09:00:00,-23.498,71.90157,0.025919609,0.414,0.383,0.33,-5.148,-4.298,-0.79800004
2018-01-26 10:00:00,-22.948,73.01499,0.026145592,0.414,0.383,0.33,-5.098,-4.298,-0.79800004
2018-01-26 11:00:00,-23.148,75.000404,0.023796141,0.414,0.383,0.33,-5.048,-4.298,-0.79800004
2018-01-26 12:00:00,-23.998,76.56959,0.020669952,0.414,0.383,0.33,-5.048,-4.298,-0.79800004
2018-01-26 13:00:00,-24.798,77.127754,0.018773295,0.414,0.383,0.33,-5.048,-4.298,-0.79800004
2018-01-26 14:00:00,-25.348,77.38395,0.017659195,0.414,0.383,0.33,-4.998,-4.248,-0.79800004
2018-01-26 15:00:00,-25.898,77.28272,0.016869944,0.414,0.383,0.33,-4.998,-4.248,-0.79800004
2018-01-26 16:00:00,-26.148,76.87637,0.016782701,0.414,0.383,0.33,-4.998,-4.248,-0.79800004
2018-01-26 17:00:00,-26.848,76.3841,0.016070563,0.414,0.383,0.33,-4.998,-4.248,-0.79800004
2018-01-26 18:00:00,-27.498,76.25904,0.015211888,0.414,0.383,0.33,-4.998,-4.248,-0.79800004
2018-01-26 19:00:00,-28.348,75.37056,0.014577858,0.414,0.383,0.33,-4.998,-4.248,-0.79800004
2018-01-26 20:00:00,-28.998,75.24012,0.01378696,0.414,0.383,0.33,-5.048,-4.248,-0.79800004
2018-01-26 21:00:00,-29.598,75.11883,0.013090722,0.414,0.383,0.33,-5.048,-4.248,-0.79800004
2018-01-26 22:00:00,-30.348,75.33204,0.012085058,0.414,0.383,0.33,-5.048,-4.248,-0.79800004
2018-01-26 23:00:00,-30.798,75.240875,0.011618562,0.414,0.383,0.33,-5.048,-4.248,-0.79800004
2018-01-27 00:00:00,-31.198,74.79133,0.011383306,0.414,0.383,0.33,-5.098,-4.248,-0.79800004
2018-01-27 01:00:00,-31.648,74.69814,0.010940015,0.414,0.383,0.33,-5.098,-4.248,-0.79800004
2018-01-27 02:00:00,-32.048,74.98512,0.010405023,0.414,0.382,0.33,-5.148,-4.248,-0.79800004
2018-01-27 03:00:00,-32.198,74.95422,0.010267215,0.414,0.382,0.33,-5.148,-4.248,-0.79800004
2018-01-27 04:00:00,-31.898,74.27793,0.010855563,0.414,0.382,0.33,-5.148,-4.248,-0.79800004
2018-01-27 05:00:00,-29.648,71.55277,0.014893506,0.414,0.382,0.33,-5.198,-4.248,-0.79800004
2018-01-27 06:00:00,-27.448,69.679306,0.019512262,0.414,0.382,0.33,-5.148,-4.298,-0.79800004
2018-01-27 07:00:00,-25.598,71.43878,0.021793518,0.414,0.382,0.33,-5.148,-4.298,-0.79800004
2018-01-27 08:00:00,-23.698,70.87165,0.026391692,0.414,0.382,0.33,-5.098,-4.298,-0.79800004
2018-01-27 09:00:00,-22.448,70.82677,0.029546194,0.414,0.382,0.33,-5.048,-4.248,-0.79800004
2018-01-27 10:00:00,-21.848,70.319565,0.03169533,0.414,0.382,0.33,-4.998,-4.248,-0.79800004
2018-01-27 11:00:00,-21.548,68.81058,0.03419538,0.414,0.382,0.33,-4.948,-4.248,-0.79800004
2018-01-27 12:00:00,-21.898,70.30827,0.031568,0.414,0.382,0.33,-4.948,-4.248,-0.79800004
2018-01-27 13:00:00,-23.448,73.58111,0.024481185,0.414,0.382,0.33,-4.948,-4.248,-0.848
2018-01-27 14:00:00,-25.248,77.04437,0.018087875,0.414,0.382,0.33,-4.948,-4.198,-0.848
2018-01-27 15:00:00,-25.098,77.07222,0.018313851,0.414,0.382,0.33,-4.998,-4.198,-0.848
2018-01-27 16:00:00,-27.298,78.86065,0.013800226,0.414,0.382,0.33,-4.998,-4.198,-0.848
2018-01-27 17:00:00,-28.698,78.23953,0.012465455,0.414,0.382,0.33,-4.998,-4.198,-0.848
2018-01-27 18:00:00,-29.498,78.09463,0.011636421,0.414,0.382,0.33,-5.048,-4.198,-0.848
2018-01-27 19:00:00,-30.348,76.439606,0.011543091,0.414,0.382,0.33,-5.048,-4.198,-0.848
2018-01-27 20:00:00,-30.298,76.07865,0.011775799,0.414,0.382,0.33,-5.098,-4.198,-0.848
2018-01-27 21:00:00,-30.298,75.70958,0.011957265,0.414,0.382,0.33,-5.098,-4.248,-0.848
2018-01-27 22:00:00,-30.098,75.749405,0.012167435,0.414,0.382,0.33,-5.098,-4.248,-0.848
2018-01-27 23:00:00,-30.048,75.75936,0.012220494,0.414,0.382,0.33,-5.098,-4.248,-0.848
2018-01-28 00:00:00,-29.448,75.878235,0.012873221,0.414,0.382,0.33,-5.148,-4.248,-0.848
2018-01-28 01:00:00,-28.798,75.64248,0.013820946,0.414,0.382,0.33,-5.148,-4.248,-0.848
2018-01-28 02:00:00,-27.948,76.53502,0.014418457,0.414,0.382,0.33,-5.098,-4.248,-0.848
2018-01-28 03:00:00,-27.548,76.61152,0.014916837,0.414,0.382,0.33,-5.098,-4.248,-0.848
2018-01-28 04:00:00,-26.798,76.75393,0.01589233,0.414,0.382,0.33,-5.098,-4.248,-0.848
2018-01-28 05:00:00,-24.898,76.04697,0.019482248,0.414,0.382,0.33,-5.098,-4.248,-0.848
2018-01-28 06:00:00,-22.648,74.75871,0.025118582,0.414,0.382,0.33,-5.048,-4.248,-0.848
2018-01-28 07:00:00,-20.748,73.4723,0.031199075,0.414,0.382,0.33,-4.998,-4.248,-0.848
2018-01-28 08:00:00,-19.348,71.82584,0.037405796,0.414,0.382,0.33,-4.948,-4.248,-0.848
2018-01-28 09:00:00,-18.348,71.096,0.04180669,0.414,0.382,0.33,-4.898,-4.198,-0.848
2018-01-28 10:00:00,-17.898,71.506065,0.042823315,0.414,0.382,0.33,-4.848,-4.198,-0.848
2018-01-28 11:00:00,-18.048,72.41887,0.040927574,0.414,0.382,0.33,-4.798,-4.198,-0.848
2018-01-28 12:00:00,-18.798,73.868645,0.036373712,0.414,0.382,0.33,-4.748,-4.148,-0.848
2018-01-28 13:00:00,-19.398,74.73122,0.03340769,0.414,0.382,0.33,-4.748,-4.148,-0.848
2018-01-28 14:00:00,-19.748,74.66241,0.03250245,0.414,0.382,0.33,-4.698,-4.098,-0.848
2018-01-28 15:00:00,-20.098,74.59337,0.031618744,0.414,0.382,0.33,-4.698,-4.098,-0.848
2018-01-28 16:00:00,-20.598,74.16256,0.030787766,0.414,0.382,0.33,-4.698,-4.048,-0.848
2018-01-28 17:00:00,-21.098,74.39465,0.029208772,0.414,0.382,0.33,-4.698,-4.048,-0.848
2018-01-28 18:00:00,-21.448,74.324554,0.028404154,0.414,0.382,0.33,-4.648,-4.048,-0.848
2018-01-28 19:00:00,-21.748,73.59725,0.028448045,0.414,0.382,0.33,-4.648,-3.9980001,-0.848
2018-01-28 20:00:00,-21.998,73.54582,0.02788248,0.414,0.382,0.33,-4.648,-3.9980001,-0.848
2018-01-28 21:00:00,-22.298,73.15124,0.027557947,0.414,0.382,0.33,-4.648,-3.9980001,-0.848
2018-01-28 22:00:00,-22.648,73.077995,0.026789382,0.414,0.382,0.33,-4.648,-3.9980001,-0.848
2018-01-28 23:00:00,-23.048,72.661064,0.026253395,0.414,0.382,0.33,-4.648,-3.9980001,-0.848
2018-01-29 00:00:00,-23.498,72.5651,0.025308229,0.414,0.382,0.33,-4.648,-3.948,-0.848
2018-01-29 01:00:00,-23.948,72.13528,0.024688065,0.414,0.382,0.33,-4.648,-3.948,-0.848
2018-01-29 02:00:00,-24.398,71.70451,0.024074104,0.414,0.382,0.33,-4.698,-3.948,-0.848
2018-01-29 03:00:00,-24.898,71.92821,0.022828296,0.414,0.382,0.33,-4.698,-3.948,-0.848
2018-01-29 04:00:00,-24.898,71.5942,0.023099575,0.414,0.382,0.33,-4.698,-3.948,-0.848
2018-01-29 05:00:00,-23.548,69.61032,0.027905375,0.414,0.382,0.33,-4.698,-3.948,-0.848
2018-01-29 06:00:00,-21.448,66.68117,0.036848985,0.414,0.382,0.33,-4.698,-3.948,-0.848
2018-01-29 07:00:00,-19.098,63.462658,0.049548075,0.414,0.382,0.33,-4.648,-3.948,-0.848
2018-01-29 08:00:00,-17.598,61.9047,0.058709167,0.414,0.382,0.33,-4.598,-3.948,-0.848
2018-01-29 09:00:00,-16.648,61.884556,0.063641384,0.414,0.382,0.33,-4.548,-3.898,-0.848
2018-01-29 10:00:00,-16.398,63.32216,0.06254224,0.414,0.382,0.33,-4.498,-3.898,-0.848
2018-01-29 11:00:00,-17.048,65.41182,0.055847354,0.414,0.382,0.33,-4.498,-3.898,-0.848
2018-01-29 12:00:00,-18.698,68.55363,0.044140242,0.414,0.382,0.33,-4.448,-3.848,-0.848
2018-01-29 13:00:00,-20.248,70.99474,0.035626166,0.414,0.382,0.33,-4.448,-3.848,-0.848
2018-01-29 14:00:00,-21.648,71.32681,0.031164624,0.414,0.382,0.33,-4.448,-3.848,-0.848
2018-01-29 15:00:00,-23.048,72.661064,0.026253395,0.414,0.382,0.33,-4.448,-3.848,-0.848
2018-01-29 16:00:00,-24.248,73.75423,0.022636093,0.414,0.382,0.33,-4.498,-3.848,-0.848
2018-01-29 17:00:00,-25.348,75.25726,0.019318052,0.414,0.382,0.33,-4.498,-3.848,-0.848
2018-01-29 18:00:00,-26.198,75.44094,0.01774184,0.414,0.382,0.33,-4.548,-3.7979999,-0.848
2018-01-29 19:00:00,-26.998,75.638405,0.01634932,0.414,0.382,0.33,-4.548,-3.848,-0.848
2018-01-29 20:00:00,-27.698,76.94694,0.014499456,0.414,0.382,0.33,-4.598,-3.848,-0.848
2018-01-29 21:00:00,-28.048,77.98502,0.013402715,0.414,0.382,0.33,-4.598,-3.848,-0.848
2018-01-29 22:00:00,-27.648,78.057434,0.013866015,0.414,0.382,0.33,-4.648,-3.848,-0.848
2018-01-29 23:00:00,-26.848,76.3841,0.016070563,0.414,0.382,0.33,-4.698,-3.848,-0.848
2018-01-30 00:00:00,-26.798,76.75393,0.01589233,0.414,0.382,0.33,-4.748,-3.848,-0.848
2018-01-30 01:00:00,-26.598,76.79171,0.01616174,0.414,0.382,0.33,-4.748,-3.898,-0.898
2018-01-30 02:00:00,-27.098,76.33611,0.01573537,0.414,0.382,0.33,-4.798,-3.898,-0.898
2018-01-30 03:00:00,-27.698,75.859436,0.0151827,0.414,0.382,0.33,-4.848,-3.948,-0.898
2018-01-30 04:00:00,-28.098,75.42048,0.014892548,0.414,0.382,0.33,-4.898,-3.948,-0.898
2018-01-30 05:00:00,-27.598,74.80615,0.015992459,0.414,0.382,0.33,-4.898,-3.9980001,-0.898
2018-01-30 06:00:00,-25.048,64.24785,0.02867116,0.414,0.382,0.33,-4.898,-3.9980001,-0.898
2018-01-30 07:00:00,-22.798,61.904312,0.037388694,0.414,0.382,0.33,-4.898,-3.9980001,-0.898
2018-01-30 08:00:00,-20.348,59.786926,0.04894355,0.414,0.382,0.33,-4.848,-3.9980001,-0.898
2018-01-30 09:00:00,-18.698,57.338478,0.059856765,0.414,0.382,0.33,-4.748,-3.9980001,-0.898
2018-01-30 10:00:00,-17.848,58.360016,0.06281694,0.414,0.382,0.33,-4.698,-3.9980001,-0.898
2018-01-30 11:00:00,-18.548,62.4816,0.05333127,0.414,0.382,0.33,-4.698,-3.9980001,-0.898
2018-01-30 12:00:00,-20.398,66.33819,0.040803306,0.414,0.382,0.33,-4.648,-3.9980001,-0.898
2018-01-30 13:00:00,-21.998,70.285645,0.031314716,0.414,0.382,0.33,-4.648,-3.9980001,-0.898
2018-01-30 14:00:00,-22.498,71.13926,0.029100873,0.414,0.382,0.33,-4.648,-3.948,-0.898
2018-01-30 15:00:00,-22.498,71.46427,0.028773524,0.414,0.382,0.33,-4.648,-3.948,-0.898
2018-01-30 16:00:00,-22.448,72.12907,0.0282287,0.414,0.382,0.33,-4.648,-3.948,-0.898
2018-01-30 17:00:00,-22.398,72.13984,0.028343022,0.414,0.382,0.33,-4.648,-3.948,-0.898
2018-01-30 18:00:00,-22.398,71.48624,0.029007211,0.414,0.382,0.33,-4.648,-3.948,-0.898
2018-01-30 19:00:00,-23.298,72.275764,0.026036002,0.414,0.382,0.33,-4.648,-3.948,-0.898
2018-01-30 20:00:00,-23.098,71.65962,0.027092986,0.414,0.382,0.33,-4.698,-3.948,-0.898
2018-01-30 21:00:00,-22.748,71.409294,0.028196484,0.414,0.382,0.33,-4.698,-3.948,-0.898
2018-01-30 22:00:00,-22.348,71.49719,0.029124692,0.414,0.382,0.33,-4.698,-3.948,-0.898
2018-01-30 23:00:00,-22.048,72.543175,0.02881077,0.414,0.382,0.33,-4.698,-3.948,-0.898
2018-01-31 00:00:00,-21.648,73.28654,0.029036783,0.414,0.382,0.33,-4.648,-3.948,-0.898
2018-01-31 01:00:00,-21.098,73.07147,0.030716665,0.414,0.382,0.33,-4.648,-3.948,-0.898
2018-01-31 02:00:00,-20.548,73.185684,0.03209003,0.414,0.382,0.33,-4.648,-3.948,-0.898
2018-01-31 03:00:00,-20.048,72.63958,0.03419575,0.414,0.382,0.33,-4.648,-3.948,-0.898
2018-01-31 04:00:00,-19.098,71.24655,0.03900353,0.414,0.382,0.33,-4.648,-3.948,-0.898
2018-01-31 05:00:00,-17.048,69.5384,0.049191236,0.414,0.382,0.33,-4.598,-3.898,-0.898
2018-01-31 06:00:00,-14.698,68.87636,0.061141014,0.414,0.382,0.33,-4.548,-3.898,-0.898
2018-01-31 07:00:00,-12.698,68.45814,0.07297289,0.414,0.382,0.33,-4.498,-3.898,-0.898
2018-01-31 08:00:00,-11.098,68.2511,0.08354607,0.414,0.382,0.33,-4.398,-3.848,-0.898
2018-01-31 09:00:00,-10.048,68.77035,0.08933936,0.414,0.382,0.33,-4.348,-3.848,-0.898
2018-01-31 10:00:00,-9.648,70.28177,0.08774923,0.414,0.382,0.33,-4.298,-3.7979999,-0.898
2018-01-31 11:00:00,-10.048,72.23586,0.07943158,0.414,0.382,0.33,-4.248,-3.7979999,-0.898
2018-01-31 12:00:00,-11.248,75.32745,0.06416142,0.414,0.382,0.33,-4.198,-3.748,-0.898
2018-01-31 13:00:00,-12.198,77.03971,0.055322826,0.414,0.382,0.33,-4.148,-3.748,-0.898
2018-01-31 14:00:00,-12.898,77.88146,0.050360143,0.414,0.382,0.33,-4.148,-3.698,-0.898
2018-01-31 15:00:00,-13.398,78.44753,0.047115535,0.414,0.382,0.33,-4.098,-3.698,-0.898
2018-01-31 16:00:00,-13.898,78.69251,0.044715106,0.414,0.382,0.33,-4.098,-3.648,-0.898
2018-01-31 17:00:00,-14.748,78.88286,0.041324228,0.414,0.382,0.33,-4.098,-3.648,-0.898
2018-01-31 18:00:00,-15.498,79.09337,0.038448513,0.414,0.382,0.33,-4.048,-3.598,-0.898
2018-01-31 19:00:00,-15.748,79.726776,0.036516786,0.414,0.382,0.33,-4.048,-3.598,-0.898
2018-01-31 20:00:00,-16.648,79.58214,0.03411074,0.414,0.382,0.33,-4.048,-3.5479999,-0.898
2018-01-31 21:00:00,-17.748,80.09247,0.03031025,0.414,0.382,0.33,-4.048,-3.5479999,-0.898
2018-01-31 22:00:00,-18.498,79.97289,0.028606817,0.414,0.382,0.33,-4.048,-3.5479999,-0.898
2018-01-31 23:00:00,-19.398,80.178665,0.026210248,0.414,0.382,0.33,-4.098,-3.5479999,-0.898
2018-02-01 00:00:00,-20.398,80.72885,0.0233716,0.414,0.381,0.33,-4.098,-3.498,-0.898
2018-02-01 01:00:00,-21.248,80.954994,0.021446735,0.414,0.381,0.33,-4.098,-3.498,-0.898
2018-02-01 02:00:00,-22.148,81.54279,0.019203484,0.414,0.381,0.33,-4.148,-3.498,-0.898
2018-02-01 03:00:00,-22.798,81.44397,0.018225998,0.414,0.381,0.33,-4.148,-3.498,-0.898
2018-02-01 04:00:00,-22.498,81.48964,0.018671587,0.414,0.381,0.33,-4.148,-3.498,-0.898
2018-02-01 05:00:00,-20.648,79.624374,0.024178557,0.414,0.381,0.33,-4.148,-3.498,-0.898
2018-02-01 06:00:00,-18.248,77.27872,0.033151984,0.414,0.381,0.33,-4.148,-3.498,-0.898
2018-02-01 07:00:00,-16.548,74.315765,0.04326403,0.414,0.381,0.33,-4.098,-3.498,-0.898
2018-02-01 08:00:00,-14.948,70.9103,0.055980653,0.414,0.381,0.33,-4.048,-3.498,-0.898
2018-02-01 09:00:00,-13.848,69.36208,0.064543664,0.414,0.381,0.33,-3.9980001,-3.498,-0.898
2018-02-01 10:00:00,-13.198,68.923325,0.06903571,0.414,0.381,0.33,-3.9980001,-3.498,-0.898
2018-02-01 11:00:00,-13.448,72.13661,0.060654208,0.414,0.381,0.33,-3.948,-3.448,-0.898
2018-02-01 12:00:00,-14.748,74.66578,0.04957111,0.414,0.381,0.33,-3.898,-3.448,-0.898
2018-02-01 13:00:00,-16.298,76.96123,0.03963256,0.414,0.381,0.33,-3.898,-3.448,-0.898
2018-02-01 14:00:00,-17.248,78.12717,0.03473983,0.414,0.381,0.33,-3.898,-3.398,-0.898
2018-02-01 15:00:00,-18.048,79.010895,0.031152114,0.414,0.381,0.33,-3.948,-3.398,-0.898
2018-02-01 16:00:00,-18.698,79.940834,0.02816695,0.414,0.381,0.33,-3.948,-3.398,-0.898
2018-02-01 17:00:00,-19.148,80.218445,0.026726201,0.414,0.381,0.33,-3.948,-3.398,-0.898
2018-02-01 18:00:00,-19.548,80.154755,0.025904924,0.414,0.381,0.33,-3.948,-3.398,-0.898
2018-02-01 19:00:00,-20.348,81.09387,0.023029037,0.414,0.381,0.33,-3.9980001,-3.398,-0.898
2018-02-01 20:00:00,-20.698,81.04002,0.022401944,0.414,0.381,0.33,-3.9980001,-3.398,-0.898
2018-02-01 21:00:00,-21.048,80.986,0.021789871,0.414,0.381,0.33,-3.9980001,-3.398,-0.898
2018-02-01 22:00:00,-21.498,80.916176,0.021024473,0.414,0.381,0.33,-4.048,-3.398,-0.898
2018-02-01 23:00:00,-22.098,81.185715,0.019661345,0.414,0.381,0.33,-4.048,-3.398,-0.898
2018-02-02 00:00:00,-22.548,81.11623,0.018963814,0.414,0.381,0.33,-4.048,-3.398,-0.898
2018-02-02 01:00:00,-22.848,81.43633,0.018152647,0.414,0.381,0.33,-4.098,-3.398,-0.898
2018-02-02 02:00:00,-23.048,81.40577,0.017861828,0.414,0.381,0.33,-4.098,-3.398,-0.948
2018-02-02 03:00:00,-23.248,81.3751,0.017575137,0.414,0.381,0.33,-4.148,-3.448,-0.948
2018-02-02 04:00:00,-22.448,80.76759,0.019485548,0.414,0.381,0.33,-4.148,-3.448,-0.948
2018-02-02 05:00:00,-19.898,79.04738,0.026535153,0.414,0.381,0.33,-4.148,-3.448,-0.948
2018-02-02 06:00:00,-17.248,77.12256,0.036334313,0.414,0.381,0.33,-4.098,-3.448,-0.948
2018-02-02 07:00:00,-15.048,76.208435,0.04541433,0.414,0.381,0.33,-4.048,-3.448,-0.948
2018-02-02 08:00:00,-12.898,74.08541,0.05899769,0.414,0.381,0.33,-3.9980001,-3.448,-0.948
2018-02-02 09:00:00,-11.548,72.826744,0.06898238,0.414,0.381,0.33,-3.948,-3.448,-0.948
2018-02-02 10:00:00,-10.898,73.25759,0.07151276,0.414,0.381,0.33,-3.898,-3.398,-0.948
2018-02-02 11:00:00,-11.048,75.985146,0.06345847,0.414,0.381,0.33,-3.848,-3.398,-0.948
2018-02-02 12:00:00,-11.898,77.41059,0.055761456,0.414,0.381,0.33,-3.848,-3.398,-0.948
2018-02-02 13:00:00,-12.648,79.553604,0.04750824,0.414,0.381,0.33,-3.7979999,-3.348,-0.948
2018-02-02 14:00:00,-13.348,80.77384,0.042204052,0.414,0.381,0.33,-3.7979999,-3.348,-0.948
2018-02-02 15:00:00,-13.948,81.02042,0.03966926,0.414,0.381,0.33,-3.748,-3.348,-0.948
2018-02-02 16:00:00,-14.348,80.621956,0.039193258,0.414,0.381,0.33,-3.748,-3.2979999,-0.948
2018-02-02 17:00:00,-14.648,80.57605,0.03832735,0.414,0.381,0.33,-3.748,-3.2979999,-0.948
2018-02-02 18:00:00,-14.948,80.86985,0.036824256,0.414,0.381,0.33,-3.748,-3.2979999,-0.948
2018-02-02 19:00:00,-16.198,82.76389,0.02990432,0.414,0.381,0.33,-3.748,-3.2979999,-0.948
2018-02-02 20:00:00,-16.648,82.70129,0.028902248,0.414,0.381,0.33,-3.748,-3.248,-0.948
2018-02-02 21:00:00,-16.798,82.68034,0.028574795,0.414,0.381,0.33,-3.748,-3.248,-0.948
2018-02-02 22:00:00,-16.598,82.35648,0.02960205,0.414,0.381,0.33,-3.748,-3.248,-0.948
2018-02-02 23:00:00,-16.248,82.40605,0.03039749,0.414,0.381,0.33,-3.748,-3.248,-0.948
2018-02-03 00:00:00,-15.848,82.11393,0.03195171,0.414,0.381,0.33,-3.748,-3.248,-0.948
2018-02-03 01:00:00,-15.498,82.16394,0.032804146,0.414,0.381,0.33,-3.748,-3.248,-0.948
2018-02-03 02:00:00,-14.948,82.24211,0.03418389,0.414,0.381,0.33,-3.698,-3.248,-0.948
2018-02-03 03:00:00,-14.348,82.32687,0.03574644,0.414,0.381,0.33,-3.698,-3.198,-0.948
2018-02-03 04:00:00,-13.548,82.43896,0.037926465,0.414,0.381,0.33,-3.698,-3.198,-0.948
2018-02-03 05:00:00,-12.198,80.9464,0.04591362,0.414,0.381,0.33,-3.648,-3.198,-0.948
2018-02-03 06:00:00,-10.898,79.829056,0.053947344,0.414,0.381,0.33,-3.598,-3.198,-0.948
2018-02-03 07:00:00,-9.798,77.4551,0.06579457,0.414,0.381,0.33,-3.5479999,-3.148,-0.948
2018-02-03 08:00:00,-8.798,76.3881,0.07454519,0.414,0.381,0.33,-3.498,-3.148,-0.948
2018-02-03 09:00:00,-8.048,75.60847,0.081647456,0.414,0.381,0.33,-3.448,-3.098,-0.948
2018-02-03 10:00:00,-7.748,76.26844,0.08131251,0.414,0.381,0.33,-3.398,-3.098,-0.948
2018-02-03 11:00:00,-7.698,77.80989,0.07632843,0.414,0.381,0.33,-3.348,-3.0479999,-0.948
2018-02-03 12:00:00,-8.148,82.51284,0.058089048,0.414,0.381,0.33,-3.2979999,-3.0479999,-0.948
2018-02-03 13:00:00,-9.148,85.04925,0.045930207,0.414,0.381,0.33,-3.2979999,-2.998,-0.948
2018-02-03 14:00:00,-10.448,86.2726,0.03805761,0.414,0.381,0.33,-3.2979999,-2.998,-0.948
2018-02-03 15:00:00,-11.198,86.18975,0.036065727,0.414,0.381,0.33,-3.248,-2.948,-0.948
2018-02-03 16:00:00,-11.348,86.52311,0.034775466,0.414,0.381,0.33,-3.248,-2.948,-0.948
2018-02-03 17:00:00,-11.298,86.87968,0.033991426,0.414,0.381,0.33,-3.248,-2.948,-0.948
2018-02-03 18:00:00,-11.548,87.20625,0.032488227,0.414,0.381,0.33,-3.248,-2.898,-0.948
2018-02-03 19:00:00,-11.598,88.98642,0.027856708,0.414,0.381,0.33,-3.248,-2.898,-0.948
2018-02-03 20:00:00,-12.198,90.02409,0.0240435,0.414,0.381,0.33,-3.248,-2.898,-0.948
2018-02-03 21:00:00,-12.948,89.594734,0.02360104,0.414,0.381,0.33,-3.198,-2.898,-0.948
2018-02-03 22:00:00,-13.448,89.1842,0.023553714,0.414,0.381,0.33,-3.248,-2.898,-0.948
2018-02-03 23:00:00,-12.848,89.60332,0.023773775,0.414,0.381,0.33,-3.248,-2.848,-0.948
2018-02-04 00:00:00,-12.048,90.036415,0.024305925,0.414,0.381,0.33,-3.198,-2.848,-0.948
2018-02-04 01:00:00,-11.248,90.46563,0.02480179,0.414,0.381,0.33,-3.198,-2.848,-0.948
2018-02-04 02:00:00,-11.198,90.46955,0.0248909,0.414,0.381,0.33,-3.198,-2.848,-0.948
2018-02-04 03:00:00,-11.198,90.46955,0.0248909,0.414,0.381,0.33,-3.198,-2.848,-0.948
2018-02-04 04:00:00,-10.498,90.1624,0.02716732,0.414,0.381,0.33,-3.148,-2.848,-0.948
2018-02-04 05:00:00,-9.198,90.26627,0.029788226,0.414,0.381,0.33,-3.148,-2.848,-0.948
2018-02-04 06:00:00,-7.898,86.54892,0.04556197,0.414,0.381,0.33,-3.098,-2.848,-0.948
2018-02-04 07:00:00,-7.698,81.92393,0.062181324,0.414,0.381,0.33,-3.098,-2.7979999,-0.948
2018-02-04 08:00:00,-6.948,77.627464,0.08154908,0.414,0.381,0.33,-3.0479999,-2.7979999,-0.948
2018-02-04 09:00:00,-6.448,77.10185,0.08673513,0.414,0.381,0.33,-2.998,-2.7979999,-0.948
2018-02-04 10:00:00,-5.998,76.57525,0.09183958,0.414,0.381,0.33,-2.998,-2.7979999,-0.948
2018-02-04 11:00:00,-5.898,79.649445,0.080402195,0.414,0.381,0.33,-2.948,-2.7979999,-0.948
2018-02-04 12:00:00,-6.448,84.37184,0.059203655,0.414,0.381,0.33,-2.948,-2.748,-0.948
2018-02-04 13:00:00,-7.398,87.62555,0.043572158,0.414,0.381,0.33,-2.948,-2.748,-0.948
2018-02-04 14:00:00,-7.848,90.01925,0.033940375,0.414,0.381,0.33,-2.948,-2.748,-0.948
2018-02-04 15:00:00,-7.998,90.715576,0.031206936,0.414,0.381,0.33,-2.948,-2.748,-0.948
2018-02-04 16:00:00,-8.148,91.41851,0.028509945,0.414,0.381,0.33,-2.948,-2.748,-0.948
2018-02-04 17:00:00,-8.348,90.333336,0.031618148,0.414,0.381,0.33,-2.948,-2.748,-0.948
2018-02-04 18:00:00,-8.548,89.60865,0.03346169,0.414,0.381,0.33,-2.898,-2.748,-0.948
2018-02-04 19:00:00,-9.098,89.91759,0.031098425,0.414,0.381,0.33,-2.898,-2.698,-0.948
2018-02-04 20:00:00,-9.548,88.46183,0.034350306,0.414,0.381,0.33,-2.898,-2.698,-0.948
2018-02-04 21:00:00,-9.848,88.08146,0.034652412,0.414,0.381,0.33,-2.948,-2.698,-0.948
2018-02-04 22:00:00,-10.198,87.69567,0.034796566,0.414,0.381,0.33,-2.948,-2.698,-0.948
2018-02-04 23:00:00,-10.648,87.29892,0.03465739,0.414,0.381,0.33,-2.948,-2.698,-0.948
2018-02-05 00:00:00,-11.048,86.906105,0.034607753,0.414,0.381,0.33,-2.948,-2.698,-0.948
2018-02-05 01:00:00,-11.598,86.49595,0.034154266,0.414,0.381,0.33,-2.948,-2.698,-0.948
2018-02-05 02:00:00,-11.798,86.47414,0.03366427,0.414,0.381,0.33,-2.948,-2.698,-0.948
2018-02-05 03:00:00,-12.398,86.40843,0.032230765,0.414,0.381,0.33,-2.948,-2.698,-0.948
2018-02-05 04:00:00,-12.348,85.709984,0.03402379,0.414,0.381,0.33,-2.998,-2.698,-0.948
2018-02-05 05:00:00,-11.498,84.42336,0.039711848,0.414,0.381,0.33,-2.998,-2.698,-0.948
2018-02-05 06:00:00,-10.748,83.159355,0.045585155,0.414,0.381,0.33,-2.948,-2.698,-0.948
2018-02-05 07:00:00,-10.298,81.55575,0.05174254,0.414,0.381,0.33,-2.948,-2.648,-0.948
2018-02-05 08:00:00,-9.698,80.987434,0.055929422,0.414,0.381,0.33,-2.948,-2.648,-0.948
2018-02-05 09:00:00,-9.298,80.72173,0.058526278,0.414,0.381,0.33,-2.898,-2.648,-0.948
2018-02-05 10:00:00,-9.148,80.42107,0.06014359,0.414,0.381,0.33,-2.898,-2.648,-0.948
2018-02-05 11:00:00,-9.248,81.053535,0.057745904,0.414,0.381,0.33,-2.898,-2.648,-0.948
2018-02-05 12:00:00,-9.848,83.94973,0.04666181,0.414,0.381,0.33,-2.898,-2.648,-0.948
2018-02-05 13:00:00,-10.698,85.55218,0.039265886,0.414,0.381,0.33,-2.898,-2.648,-0.948
2018-02-05 14:00:00,-11.398,85.818665,0.03644651,0.414,0.381,0.33,-2.898,-2.648,-0.948
2018-02-05 15:00:00,-12.298,85.71574,0.034147665,0.414,0.381,0.33,-2.898,-2.648,-0.948
2018-02-05 16:00:00,-13.148,85.970924,0.03130506,0.414,0.381,0.33,-2.948,-2.648,-0.948
2018-02-05 17:00:00,-13.798,85.896866,0.029844642,0.414,0.381,0.33,-2.948,-2.648,-0.948
2018-02-05 18:00:00,-14.198,86.20852,0.028243825,0.414,0.381,0.33,-2.948,-2.648,-0.948
2018-02-05 19:00:00,-14.398,87.99646,0.024182424,0.414,0.381,0.33,-2.998,-2.648,-0.948
2018-02-05 20:00:00,-14.498,87.62151,0.024733126,0.414,0.381,0.33,-2.998,-2.648,-0.948
2018-02-05 21:00:00,-14.648,87.606255,0.024459451,0.414,0.381,0.33,-2.998,-2.648,-0.948
2018-02-05 22:00:00,-14.798,87.22642,0.024898767,0.414,0.381,0.33,-2.998,-2.648,-0.948
2018-02-05 23:00:00,-14.798,86.86324,0.025606439,0.414,0.381,0.33,-3.0479999,-2.648,-0.948
2018-02-06 00:00:00,-14.848,85.776,0.027610764,0.414,0.381,0.33,-3.0479999,-2.648,-0.948
2018-02-06 01:00:00,-14.598,85.44765,0.028836697,0.414,0.381,0.33,-3.0479999,-2.648,-0.948
2018-02-06 02:00:00,-14.498,85.45944,0.029051691,0.414,0.381,0.33,-3.0479999,-2.648,-0.948
2018-02-06 03:00:00,-14.598,85.44765,0.028836697,0.414,0.381,0.33,-3.0479999,-2.648,-0.948
2018-02-06 04:00:00,-14.198,83.73353,0.033310473,0.414,0.381,0.33,-3.0479999,-2.648,-0.948
2018-02-06 05:00:00,-13.498,82.78866,0.03732352,0.414,0.381,0.33,-3.0479999,-2.648,-0.948
2018-02-06 06:00:00,-12.798,83.569984,0.037717998,0.414,0.381,0.33,-2.998,-2.648,-0.948
2018-02-06 07:00:00,-12.748,83.92123,0.03706187,0.414,0.381,0.33,-2.998,-2.648,-0.948
2018-02-06 08:00:00,-12.198,83.99159,0.038578093,0.414,0.381,0.33,-2.998,-2.648,-0.948
2018-02-06 09:00:00,-11.698,84.055176,0.040003,0.414,0.381,0.33,-2.948,-2.648,-0.948
2018-02-06 10:00:00,-11.448,85.11877,0.03809184,0.414,0.381,0.33,-2.948,-2.648,-0.948
2018-02-06 11:00:00,-11.348,85.82436,0.03657803,0.414,0.381,0.33,-2.948,-2.648,-0.948
2018-02-06 12:00:00,-11.448,86.863785,0.033626214,0.414,0.381,0.33,-2.898,-2.598,-0.948
2018-02-06 13:00:00,-11.598,87.55557,0.031474918,0.414,0.381,0.33,-2.898,-2.598,-0.948
2018-02-06 14:00:00,-11.648,87.55051,0.03136161,0.414,0.381,0.33,-2.898,-2.598,-0.948
2018-02-06 15:00:00,-11.848,87.5303,0.030911759,0.414,0.381,0.33,-2.948,-2.598,-0.948
2018-02-06 16:00:00,-12.198,87.85219,0.029276848,0.414,0.381,0.33,-2.948,-2.598,-0.948
2018-02-06 17:00:00,-12.448,87.46935,0.029595658,0.414,0.38,0.33,-2.948,-2.598,-0.948
2018-02-06 18:00:00,-12.648,87.09163,0.029998124,0.414,0.38,0.33,-2.948,-2.598,-0.948
2018-02-06 19:00:00,-13.498,87.00204,0.028189242,0.414,0.38,0.33,-2.948,-2.598,-0.948
2018-02-06 20:00:00,-13.548,87.35649,0.02730906,0.414,0.38,0.33,-2.948,-2.598,-0.948
2018-02-06 21:00:00,-14.098,87.29951,0.026224613,0.414,0.38,0.33,-2.948,-2.598,-0.948
2018-02-06 22:00:00,-14.398,86.545425,0.02710478,0.414,0.38,0.33,-2.998,-2.598,-0.948
2018-02-06 23:00:00,-14.298,85.48302,0.029485807,0.414,0.38,0.33,-2.998,-2.598,-0.948
2018-02-07 00:00:00,-14.198,85.1399,0.03043148,0.414,0.38,0.33,-2.998,-2.598,-0.948
2018-02-07 01:00:00,-13.948,84.115105,0.033203438,0.414,0.38,0.33,-2.998,-2.598,-0.948
2018-02-07 02:00:00,-13.748,83.099014,0.035909757,0.414,0.38,0.33,-2.998,-2.598,-0.948
2018-02-07 03:00:00,-13.548,82.78181,0.037186265,0.414,0.38,0.33,-2.998,-2.598,-0.948
2018-02-07 04:00:00,-12.948,82.52232,0.039636612,0.414,0.38,0.33,-2.998,-2.598,-0.948
2018-02-07 05:00:00,-11.848,80.6671,0.047918573,0.414,0.38,0.33,-2.998,-2.598,-0.948
2018-02-07 06:00:00,-10.748,78.56288,0.058021843,0.414,0.38,0.33,-2.948,-2.598,-0.948
2018-02-07 07:00:00,-9.648,77.79443,0.0655766,0.414,0.38,0.33,-2.948,-2.598,-0.948
2018-02-07 08:00:00,-9.098,76.027855,0.07392256,0.414,0.38,0.33,-2.898,-2.598,-0.948
2018-02-07 09:00:00,-8.748,74.87599,0.07962784,0.414,0.38,0.33,-2.898,-2.598,-0.948
2018-02-07 10:00:00,-8.648,73.99561,0.08306405,0.414,0.38,0.33,-2.848,-2.598,-0.948
2018-02-07 11:00:00,-8.748,74.87599,0.07962784,0.414,0.38,0.33,-2.848,-2.598,-0.948
2018-02-07 12:00:00,-9.148,78.82343,0.065049425,0.414,0.38,0.33,-2.848,-2.598,-0.948
2018-02-07 13:00:00,-9.848,82.61143,0.05055131,0.414,0.38,0.33,-2.848,-2.598,-0.948
2018-02-07 14:00:00,-10.248,83.56165,0.046300232,0.414,0.38,0.33,-2.848,-2.598,-0.948
2018-02-07 15:00:00,-10.648,84.52828,0.04221551,0.414,0.38,0.33,-2.848,-2.598,-0.99799997
2018-02-07 16:00:00,-10.798,84.85221,0.040841177,0.414,0.38,0.33,-2.848,-2.598,-0.99799997
2018-02-07 17:00:00,-10.948,84.8341,0.040403828,0.414,0.38,0.33,-2.848,-2.598,-0.99799997
2018-02-07 18:00:00,-10.948,85.17807,0.03948772,0.414,0.38,0.33,-2.848,-2.598,-0.99799997
2018-02-07 19:00:00,-11.898,86.11178,0.034289032,0.414,0.38,0.33,-2.848,-2.598,-0.99799997
2018-02-07 20:00:00,-11.948,86.457756,0.033300772,0.414,0.38,0.33,-2.848,-2.598,-0.99799997
2018-02-07 21:00:00,-12.048,86.44682,0.033060342,0.414,0.38,0.33,-2.848,-2.598,-0.99799997
2018-02-07 22:00:00,-12.198,86.7839,0.0318508,0.414,0.38,0.33,-2.848,-2.5479999,-0.99799997
2018-02-07 23:00:00,-12.148,87.143906,0.031108618,0.414,0.38,0.33,-2.848,-2.5479999,-0.99799997
2018-02-08 00:00:00,-12.148,87.143906,0.031108618,0.414,0.38,0.33,-2.848,-2.5479999,-0.99799997
2018-02-08 01:00:00,-12.298,87.12827,0.030771747,0.414,0.38,0.33,-2.898,-2.5479999,-0.99799997
2018-02-08 02:00:00,-12.298,87.84231,0.029065162,0.414,0.38,0.33,-2.898,-2.5479999,-0.99799997
2018-02-08 03:00:00,-12.398,87.83239,0.028854847,0.414,0.38,0.33,-2.898,-2.5479999,-0.99799997
2018-02-08 04:00:00,-11.848,87.5303,0.030911759,0.414,0.38,0.33,-2.898,-2.5479999,-0.99799997
2018-02-08 05:00:00,-11.298,86.52854,0.034900904,0.414,0.38,0.33,-2.898,-2.5479999,-0.99799997
2018-02-08 06:00:00,-10.448,84.89432,0.041877687,0.414,0.38,0.33,-2.848,-2.5479999,-0.99799997
2018-02-08 07:00:00,-9.648,82.97091,0.05029449,0.414,0.38,0.33,-2.848,-2.5479999,-0.99799997
2018-02-08 08:00:00,-9.148,80.42107,0.06014359,0.414,0.38,0.33,-2.848,-2.5479999,-0.99799997
2018-02-08 09:00:00,-8.598,77.658806,0.071647376,0.414,0.38,0.33,-2.848,-2.5479999,-0.99799997
2018-02-08 10:00:00,-8.448,77.3739,0.07341589,0.414,0.38,0.33,-2.7979999,-2.5479999,-0.99799997
2018-02-08 11:00:00,-8.498,78.29959,0.07013902,0.414,0.38,0.33,-2.7979999,-2.5479999,-0.99799997
2018-02-08 12:00:00,-8.798,81.4438,0.05858913,0.414,0.38,0.33,-2.7979999,-2.5479999,-0.99799997
2018-02-08 13:00:00,-9.148,83.36976,0.051088303,0.414,0.38,0.33,-2.7979999,-2.5479999,-0.99799997
2018-02-08 14:00:00,-9.448,84.67467,0.045982987,0.414,0.38,0.33,-2.7979999,-2.5479999,-0.99799997
2018-02-08 15:00:00,-9.798,85.31317,0.04286796,0.414,0.38,0.33,-2.7979999,-2.5479999,-0.99799997
2018-02-08 16:00:00,-10.048,86.316505,0.039158404,0.414,0.38,0.33,-2.7979999,-2.5479999,-0.99799997
2018-02-08 17:00:00,-10.548,86.609535,0.03682983,0.414,0.38,0.33,-2.7979999,-2.5479999,-0.99799997
2018-02-08 18:00:00,-10.898,86.92191,0.03498222,0.414,0.38,0.33,-2.7979999,-2.5479999,-0.99799997
2018-02-08 19:00:00,-11.798,87.180336,0.031907097,0.414,0.38,0.33,-2.7979999,-2.5479999,-0.99799997
2018-02-08 20:00:00,-11.998,86.805275,0.03231609,0.414,0.38,0.33,-2.7979999,-2.5479999,-0.99799997
2018-02-08 21:00:00,-12.348,86.767845,0.03150572,0.414,0.38,0.33,-2.7979999,-2.5479999,-0.99799997
2018-02-08 22:00:00,-12.998,87.05485,0.029241443,0.414,0.38,0.33,-2.7979999,-2.5479999,-0.99799997
2018-02-08 23:00:00,-13.348,87.017914,0.028501421,0.414,0.38,0.33,-2.848,-2.5479999,-0.99799997
2018-02-09 00:00:00,-13.548,87.71758,0.026529342,0.414,0.38,0.33,-2.848,-2.5479999,-0.99799997
2018-02-09 01:00:00,-13.698,88.0653,0.02546449,0.414,0.38,0.33,-2.848,-2.5479999,-0.99799997
2018-02-09 02:00:00,-13.698,88.795006,0.02390793,0.414,0.38,0.33,-2.848,-2.5479999,-0.99799997
2018-02-09 03:00:00,-13.648,88.79961,0.02399598,0.414,0.38,0.33,-2.848,-2.5479999,-0.99799997
2018-02-09 04:00:00,-12.998,87.77269,0.027620345,0.414,0.38,0.33,-2.848,-2.5479999,-0.99799997
2018-02-09 05:00:00,-12.098,86.089386,0.033795565,0.413,0.38,0.33,-2.848,-2.5479999,-0.99799997
2018-02-09 06:00:00,-10.798,83.152725,0.04542181,0.413,0.38,0.33,-2.848,-2.5479999,-0.99799997
2018-02-09 07:00:00,-9.098,79.78632,0.062336996,0.413,0.38,0.33,-2.848,-2.498,-0.99799997
2018-02-09 08:00:00,-7.898,77.77643,0.075265914,0.413,0.38,0.33,-2.848,-2.498,-0.99799997
2018-02-09 09:00:00,-7.298,78.806816,0.07519323,0.413,0.38,0.33,-2.7979999,-2.498,-0.99799997
2018-02-09 10:00:00,-6.998,79.79311,0.07337436,0.413,0.38,0.33,-2.7979999,-2.498,-0.99799997
2018-02-09 11:00:00,-7.098,81.68552,0.065993845,0.413,0.38,0.33,-2.7979999,-2.498,-0.99799997
2018-02-09 12:00:00,-7.498,83.25429,0.058505714,0.413,0.38,0.33,-2.7979999,-2.498,-0.99799997
2018-02-09 13:00:00,-8.048,84.175224,0.052978963,0.413,0.38,0.33,-2.748,-2.498,-0.99799997
2018-02-09 14:00:00,-8.498,83.454155,0.053483397,0.413,0.38,0.33,-2.748,-2.498,-0.99799997
2018-02-09 15:00:00,-8.798,82.42428,0.05549428,0.413,0.38,0.33,-2.748,-2.498,-0.99799997
2018-02-09 16:00:00,-9.148,81.71991,0.05615504,0.413,0.38,0.33,-2.748,-2.498,-0.99799997
2018-02-09 17:00:00,-9.548,81.66304,0.054584593,0.413,0.38,0.33,-2.748,-2.498,-0.99799997
2018-02-09 18:00:00,-10.248,82.224365,0.050065562,0.413,0.38,0.33,-2.748,-2.498,-0.99799997
2018-02-09 19:00:00,-10.898,83.47712,0.044193745,0.413,0.38,0.33,-2.748,-2.498,-0.99799997
2018-02-09 20:00:00,-11.648,84.06151,0.040148005,0.413,0.38,0.33,-2.748,-2.498,-0.99799997
2018-02-09 21:00:00,-12.298,84.669785,0.03664729,0.413,0.38,0.33,-2.7979999,-2.498,-0.99799997
2018-02-09 22:00:00,-12.598,85.33047,0.034227982,0.413,0.38,0.33,-2.7979999,-2.498,-0.99799997
2018-02-09 23:00:00,-12.998,85.6349,0.032447934,0.413,0.38,0.33,-2.7979999,-2.498,-0.99799997
2018-02-10 00:00:00,-13.248,85.25349,0.032638684,0.413,0.38,0.33,-2.7979999,-2.498,-0.99799997
2018-02-10 01:00:00,-13.298,85.247536,0.032519132,0.413,0.38,0.33,-2.7979999,-2.498,-0.99799997
2018-02-10 02:00:00,-13.698,86.264465,0.029305682,0.413,0.38,0.33,-2.7979999,-2.498,-0.99799997
2018-02-10 03:00:00,-13.898,86.60018,0.028125525,0.413,0.38,0.33,-2.848,-2.498,-0.99799997
2018-02-10 04:00:00,-13.448,86.64917,0.029072687,0.413,0.38,0.33,-2.848,-2.498,-0.99799997
2018-02-10 05:00:00,-12.598,86.38644,0.031764805,0.413,0.38,0.33,-2.848,-2.498,-0.99799997
2018-02-10 06:00:00,-11.598,86.14529,0.035040915,0.413,0.38,0.33,-2.848,-2.498,-0.99799997
2018-02-10 07:00:00,-11.148,83.44445,0.04340604,0.413,0.38,0.33,-2.848,-2.498,-0.99799997
2018-02-10 08:00:00,-10.248,82.556885,0.049129322,0.413,0.38,0.33,-2.7979999,-2.498,-0.99799997
2018-02-10 09:00:00,-9.798,82.61823,0.050731555,0.413,0.38,0.33,-2.7979999,-2.498,-0.99799997
2018-02-10 10:00:00,-9.498,82.65896,0.05182469,0.413,0.38,0.33,-2.7979999,-2.498,-0.99799997
2018-02-10 11:00:00,-9.548,83.31752,0.0496611,0.413,0.38,0.33,-2.7979999,-2.498,-0.99799997
2018-02-10 12:00:00,-9.848,84.62611,0.04469596,0.413,0.38,0.33,-2.7979999,-2.498,-0.99799997
2018-02-10 13:00:00,-10.348,85.937416,0.039297387,0.413,0.38,0.33,-2.7979999,-2.498,-0.99799997
2018-02-10 14:00:00,-10.648,86.25058,0.03751731,0.413,0.38,0.33,-2.7979999,-2.498,-0.99799997
2018-02-10 15:00:00,-10.948,86.217445,0.036719367,0.413,0.38,0.33,-2.7979999,-2.498,-0.99799997
2018-02-10 16:00:00,-11.198,86.539375,0.035152897,0.413,0.38,0.33,-2.7979999,-2.498,-0.99799997
2018-02-10 17:00:00,-11.348,86.52311,0.034775466,0.413,0.38,0.33,-2.7979999,-2.498,-0.99799997
2018-02-10 18:00:00,-11.698,86.837234,0.0330251,0.413,0.38,0.33,-2.7979999,-2.498,-0.99799997
2018-02-10 19:00:00,-12.248,87.133484,0.030883685,0.413,0.38,0.33,-2.7979999,-2.498,-0.99799997
2018-02-10 20:00:00,-12.498,86.75175,0.031163871,0.413,0.38,0.33,-2.7979999,-2.498,-0.99799997
2018-02-10 21:00:00,-12.798,87.0759,0.029671758,0.413,0.38,0.33,-2.7979999,-2.498,-0.99799997
2018-02-10 22:00:00,-13.098,86.33121,0.030625626,0.413,0.38,0.33,-2.7979999,-2.498,-0.99799997
2018-02-10 23:00:00,-13.048,85.62912,0.032329366,0.413,0.38,0.33,-2.7979999,-2.498,-0.99799997
2018-02-11 00:00:00,-13.298,85.60005,0.03174229,0.413,0.38,0.33,-2.7979999,-2.498,-0.99799997
2018-02-11 01:00:00,-13.398,85.23563,0.032281205,0.413,0.38,0.33,-2.7979999,-2.498,-0.99799997
2018-02-11 02:00:00,-13.498,85.223724,0.03204471,0.413,0.38,0.33,-2.7979999,-2.498,-0.99799997
2018-02-11 03:00:00,-13.548,84.86588,0.03268683,0.413,0.38,0.33,-2.848,-2.498,-0.99799997
2018-02-11 04:00:00,-13.248,82.82284,0.038016453,0.413,0.38,0.33,-2.848,-2.498,-0.99799997
2018-02-11 05:00:00,-12.698,80.53831,0.045038402,0.413,0.38,0.33,-2.848,-2.498,-0.99799997
2018-02-11 06:00:00,-12.048,79.32165,0.050433338,0.413,0.38,0.33,-2.848,-2.498,-0.99799997
2018-02-11 07:00:00,-11.848,78.059296,0.05437921,0.413,0.38,0.33,-2.7979999,-2.498,-0.99799997
2018-02-11 08:00:00,-11.248,77.522446,0.05845608,0.413,0.38,0.33,-2.7979999,-2.498,-0.99799997
2018-02-11 09:00:00,-10.798,77.283325,0.061239034,0.413,0.38,0.33,-2.7979999,-2.498,-0.99799997
2018-02-11 10:00:00,-10.548,77.32644,0.062351406,0.413,0.38,0.33,-2.7979999,-2.498,-0.99799997
2018-02-11 11:00:00,-10.448,77.65903,0.061927482,0.413,0.38,0.33,-2.7979999,-2.498,-0.99799997
2018-02-11 12:00:00,-10.648,80.19309,0.054039836,0.413,0.38,0.33,-2.7979999,-2.498,-0.99799997
2018-02-11 13:00:00,-11.098,83.11284,0.04445246,0.413,0.38,0.33,-2.7979999,-2.448,-0.99799997
2018-02-11 14:00:00,-11.548,84.074196,0.040439263,0.413,0.38,0.33,-2.7979999,-2.448,-0.99799997
2018-02-11 15:00:00,-11.698,84.743126,0.03827758,0.413,0.38,0.33,-2.7979999,-2.448,-0.99799997
2018-02-11 16:00:00,-11.998,85.40101,0.035754353,0.413,0.38,0.33,-2.7979999,-2.448,-0.99799997
2018-02-11 17:00:00,-12.448,85.69846,0.033777073,0.413,0.38,0.33,-2.7979999,-2.448,-0.99799997
2018-02-11 18:00:00,-13.048,85.62912,0.032329366,0.413,0.38,0.33,-2.7979999,-2.448,-0.99799997
2018-02-11 19:00:00,-13.148,87.03903,0.028922275,0.413,0.38,0.33,-2.7979999,-2.448,-0.99799997
2018-02-11 20:00:00,-13.848,88.05062,0.02518487,0.413,0.38,0.33,-2.7979999,-2.448,-0.99799997
2018-02-11 21:00:00,-14.548,87.61644,0.024641603,0.413,0.38,0.33,-2.7979999,-2.448,-0.99799997
2018-02-11 22:00:00,-14.848,87.22118,0.02480629,0.413,0.38,0.33,-2.848,-2.448,-0.99799997
2018-02-11 23:00:00,-15.198,86.82009,0.024854437,0.413,0.38,0.33,-2.848,-2.448,-0.99799997
2018-02-12 00:00:00,-15.248,86.8147,0.024761766,0.413,0.38,0.33,-2.848,-2.448,-0.99799997
2018-02-12 01:00:00,-15.298,86.80929,0.024669424,0.413,0.38,0.33,-2.848,-2.448,-0.99799997
2018-02-12 02:00:00,-15.098,87.19492,0.024348646,0.413,0.38,0.33,-2.898,-2.448,-0.99799997
2018-02-12 03:00:00,-14.998,87.205414,0.024530813,0.413,0.38,0.33,-2.898,-2.448,-0.99799997
2018-02-12 04:00:00,-14.498,86.895454,0.026183441,0.413,0.38,0.33,-2.898,-2.448,-0.99799997
2018-02-12 05:00:00,-13.998,87.3099,0.02641894,0.413,0.38,0.33,-2.898,-2.498,-0.99799997
2018-02-12 06:00:00,-13.298,87.38228,0.02781476,0.413,0.38,0.33,-2.848,-2.498,-0.99799997
2018-02-12 07:00:00,-13.148,87.3977,0.028122127,0.413,0.38,0.33,-2.848,-2.498,-0.99799997
2018-02-12 08:00:00,-12.448,86.40294,0.03211373,0.413,0.38,0.33,-2.848,-2.498,-0.99799997
2018-02-12 09:00:00,-11.798,85.773056,0.03540869,0.413,0.38,0.33,-2.848,-2.498,-0.99799997
2018-02-12 10:00:00,-11.398,85.12472,0.038229465,0.413,0.38,0.33,-2.7979999,-2.498,-0.99799997
2018-02-12 11:00:00,-11.198,85.14846,0.03878431,0.413,0.38,0.33,-2.7979999,-2.498,-0.99799997
2018-02-12 12:00:00,-11.248,86.53394,0.03502676,0.413,0.38,0.33,-2.7979999,-2.448,-0.99799997
2018-02-12 13:00:00,-11.498,88.27795,0.02988702,0.413,0.38,0.33,-2.7979999,-2.448,-0.99799997
2018-02-12 14:00:00,-11.398,88.28748,0.030102968,0.413,0.38,0.33,-2.7979999,-2.498,-0.99799997
2018-02-12 15:00:00,-11.598,88.98642,0.027856708,0.413,0.38,0.331,-2.7979999,-2.448,-0.99799997
2018-02-12 16:00:00,-11.648,90.43418,0.024098605,0.413,0.38,0.331,-2.7979999,-2.448,-0.99799997
2018-02-12 17:00:00,-11.998,90.40655,0.023497611,0.413,0.38,0.331,-2.7979999,-2.448,-0.99799997
2018-02-12 18:00:00,-12.098,90.032326,0.024218172,0.413,0.38,0.331,-2.7979999,-2.448,-0.99799997
2018-02-12 19:00:00,-12.598,89.99113,0.023355603,0.413,0.38,0.331,-2.7979999,-2.448,-0.99799997
2018-02-12 20:00:00,-12.848,89.237526,0.024610057,0.413,0.38,0.331,-2.7979999,-2.448,-0.99799997
2018-02-12 21:00:00,-12.998,89.59045,0.023515075,0.413,0.38,0.331,-2.7979999,-2.448,-0.99799997
2018-02-12 22:00:00,-12.798,89.24195,0.024699911,0.413,0.38,0.331,-2.7979999,-2.448,-0.99799997
2018-02-12 23:00:00,-12.848,88.50993,0.0262734,0.413,0.38,0.331,-2.7979999,-2.448,-0.99799997
2018-02-13 00:00:00,-12.898,87.78266,0.027822867,0.413,0.38,0.331,-2.7979999,-2.448,-0.99799997
2018-02-13 01:00:00,-13.148,87.3977,0.028122127,0.413,0.38,0.331,-2.7979999,-2.448,-0.99799997
2018-02-13 02:00:00,-13.348,87.017914,0.028501421,0.413,0.38,0.331,-2.848,-2.448,-0.99799997
2018-02-13 03:00:00,-13.398,86.29788,0.029959336,0.413,0.38,0.331,-2.848,-2.448,-0.99799997
2018-02-13 04:00:00,-13.148,85.61749,0.032093465,0.413,0.38,0.331,-2.848,-2.448,-0.99799997
2018-02-13 05:00:00,-12.598,85.33047,0.034227982,0.413,0.38,0.331,-2.848,-2.448,-0.99799997
2018-02-13 06:00:00,-11.848,85.071075,0.037006214,0.413,0.38,0.331,-2.848,-2.448,-0.99799997
2018-02-13 07:00:00,-11.498,83.39855,0.04232371,0.413,0.38,0.331,-2.7979999,-2.448,-0.99799997
2018-02-13 08:00:00,-10.998,82.78944,0.045666665,0.413,0.38,0.331,-2.7979999,-2.448,-0.99799997
2018-02-13 09:00:00,-10.598,82.17561,0.048826575,0.413,0.38,0.331,-2.7979999,-2.448,-0.99799997
2018-02-13 10:00:00,-10.598,82.50896,0.047913745,0.413,0.38,0.331,-2.7979999,-2.448,-0.99799997
2018-02-13 11:00:00,-10.798,82.48149,0.047230914,0.413,0.38,0.331,-2.7979999,-2.448,-0.99799997
2018-02-13 12:00:00,-11.148,83.44445,0.04340604,0.413,0.38,0.331,-2.7979999,-2.448,-0.99799997
2018-02-13 13:00:00,-11.598,84.75532,0.038555324,0.413,0.38,0.331,-2.7979999,-2.448,-0.99799997
2018-02-13 14:00:00,-11.998,85.05313,0.036606103,0.413,0.38,0.331,-2.7979999,-2.448,-0.99799997
2018-02-13 15:00:00,-12.198,85.72722,0.03439668,0.413,0.38,0.331,-2.7979999,-2.448,-0.99799997
2018-02-13 16:00:00,-12.598,86.38644,0.031764805,0.413,0.38,0.331,-2.7979999,-2.448,-0.99799997
2018-02-13 17:00:00,-12.848,86.714096,0.03037867,0.413,0.38,0.331,-2.7979999,-2.448,-0.99799997
2018-02-13 18:00:00,-13.148,87.03903,0.028922275,0.413,0.38,0.331,-2.7979999,-2.448,-0.99799997
2018-02-13 19:00:00,-13.298,87.74267,0.0270205,0.413,0.38,0.331,-2.7979999,-2.448,-0.99799997
2018-02-13 20:00:00,-13.398,88.094635,0.026031807,0.413,0.38,0.331,-2.7979999,-2.448,-0.99799997
2018-02-13 21:00:00,-13.348,87.73766,0.026921675,0.413,0.38,0.331,-2.7979999,-2.448,-0.99799997
2018-02-13 22:00:00,-13.398,87.732635,0.026823148,0.413,0.38,0.331,-2.848,-2.448,-0.99799997
2018-02-13 23:00:00,-13.548,88.80884,0.024172872,0.413,0.38,0.331,-2.848,-2.448,-0.99799997
2018-02-14 00:00:00,-13.548,88.44374,0.024961278,0.413,0.38,0.331,-2.848,-2.448,-0.99799997
2018-02-14 01:00:00,-13.498,88.08488,0.02584146,0.413,0.38,0.331,-2.848,-2.448,-0.99799997
2018-02-14 02:00:00,-13.448,88.08976,0.0259365,0.413,0.38,0.331,-2.848,-2.448,-0.99799997
2018-02-14 03:00:00,-13.498,88.08488,0.02584146,0.413,0.38,0.331,-2.848,-2.448,-0.99799997
2018-02-14 04:00:00,-13.248,86.31457,0.030290902,0.413,0.38,0.331,-2.848,-2.448,-0.99799997
2018-02-14 05:00:00,-12.748,82.55001,0.040221363,0.413,0.38,0.331,-2.848,-2.448,-0.99799997
2018-02-14 06:00:00,-11.998,79.00395,0.051414505,0.413,0.38,0.331,-2.848,-2.448,-0.99799997
2018-02-14 07:00:00,-12.348,78.94707,0.050118625,0.413,0.38,0.331,-2.7979999,-2.448,-0.99799997
2018-02-14 08:00:00,-11.848,77.73868,0.05517347,0.413,0.38,0.331,-2.7979999,-2.448,-0.99799997
2018-02-14 09:00:00,-11.648,76.18926,0.05996771,0.413,0.38,0.331,-2.7979999,-2.448,-0.99799997
2018-02-14 10:00:00,-11.648,74.327156,0.06465468,0.413,0.38,0.331,-2.7979999,-2.448,-0.99799997
2018-02-14 11:00:00,-11.748,73.39167,0.06647302,0.413,0.38,0.331,-2.7979999,-2.448,-0.99799997
2018-02-14 12:00:00,-12.148,76.73075,0.056293488,0.413,0.38,0.331,-2.7979999,-2.448,-0.99799997
2018-02-14 13:00:00,-12.848,79.85178,0.046062723,0.413,0.38,0.331,-2.7979999,-2.448,-0.99799997
2018-02-14 14:00:00,-13.348,81.44726,0.04072641,0.413,0.38,0.331,-2.7979999,-2.448,-0.99799997
2018-02-14 15:00:00,-13.498,82.104454,0.038806647,0.413,0.38,0.331,-2.7979999,-2.448,-0.99799997
2018-02-14 16:00:00,-13.798,83.092255,0.03577739,0.413,0.38,0.331,-2.7979999,-2.448,-0.99799997
2018-02-14 17:00:00,-14.048,83.40516,0.034403652,0.413,0.38,0.331,-2.7979999,-2.448,-0.99799997
2018-02-14 18:00:00,-14.198,83.73353,0.033310473,0.413,0.38,0.331,-2.848,-2.448,-0.99799997
2018-02-14 19:00:00,-15.648,83.54265,0.029894277,0.413,0.38,0.331,-2.848,-2.448,-0.99799997
2018-02-14 20:00:00,-16.548,83.77822,0.027332157,0.413,0.38,0.331,-2.848,-2.448,-0.99799997
2018-02-14 21:00:00,-17.198,84.05115,0.025442377,0.413,0.38,0.331,-2.848,-2.448,-0.99799997
2018-02-14 22:00:00,-17.648,84.35387,0.02402778,0.413,0.38,0.331,-2.898,-2.448,-0.99799997
2018-02-14 23:00:00,-17.898,84.32183,0.023571745,0.413,0.38,0.331,-2.898,-2.448,-0.99799997
2018-02-15 00:00:00,-18.248,83.91388,0.02347543,0.413,0.38,0.331,-2.898,-2.448,-0.99799997
2018-02-15 01:00:00,-18.698,83.13043,0.023690395,0.413,0.38,0.331,-2.948,-2.448,-0.99799997
2018-02-15 02:00:00,-18.898,83.10289,0.023326166,0.413,0.38,0.331,-2.948,-2.448,-0.99799997
2018-02-15 03:00:00,-19.198,82.70016,0.02327478,0.413,0.38,0.331,-2.948,-2.448,-0.99799997
2018-02-15 04:00:00,-18.648,83.49854,0.023273014,0.413,0.38,0.331,-2.948,-2.498,-0.99799997
2018-02-15 05:00:00,-17.348,82.24958,0.027958512,0.413,0.38,0.331,-2.998,-2.498,-0.99799997
2018-02-15 06:00:00,-15.698,78.7253,0.038479537,0.413,0.38,0.331,-2.948,-2.498,-0.99799997
2018-02-15 07:00:00,-14.148,75.4139,0.050544232,0.413,0.38,0.331,-2.948,-2.498,-0.99799997
2018-02-15 08:00:00,-13.048,73.4393,0.059735224,0.413,0.38,0.331,-2.948,-2.498,-0.99799997
2018-02-15 09:00:00,-12.098,71.8144,0.06845471,0.413,0.38,0.331,-2.898,-2.498,-0.99799997
2018-02-15 10:00:00,-11.298,70.21536,0.07713707,0.413,0.38,0.331,-2.898,-2.498,-0.99799997
2018-02-15 11:00:00,-10.998,71.45016,0.07573615,0.412,0.38,0.331,-2.848,-2.498,-0.99799997
2018-02-15 12:00:00,-11.498,74.97152,0.06379613,0.412,0.379,0.331,-2.848,-2.498,-0.99799997
2018-02-15 13:00:00,-11.998,77.393326,0.055356577,0.412,0.379,0.331,-2.848,-2.498,-0.99799997
2018-02-15 14:00:00,-12.348,79.27354,0.049341783,0.412,0.379,0.331,-2.848,-2.498,-0.99799997
2018-02-15 15:00:00,-12.548,80.89414,0.044755697,0.412,0.379,0.331,-2.848,-2.498,-0.99799997
2018-02-15 16:00:00,-12.648,81.88622,0.042090476,0.412,0.379,0.331,-2.848,-2.498,-0.99799997
2018-02-15 17:00:00,-12.748,82.89092,0.03943588,0.412,0.379,0.331,-2.848,-2.498,-0.99799997
2018-02-15 18:00:00,-13.098,83.53063,0.036898196,0.412,0.379,0.331,-2.848,-2.498,-0.99799997
2018-02-15 19:00:00,-14.248,84.07677,0.03247419,0.412,0.379,0.331,-2.848,-2.498,-0.99799997
2018-02-15 20:00:00,-14.798,84.35859,0.030486777,0.412,0.379,0.331,-2.848,-2.498,-0.99799997
2018-02-15 21:00:00,-15.548,84.26345,0.028824225,0.412,0.379,0.331,-2.848,-2.498,-0.99799997
2018-02-15 22:00:00,-16.298,84.16745,0.02724132,0.412,0.379,0.331,-2.898,-2.498,-0.99799997
2018-02-15 23:00:00,-17.098,84.06413,0.025636971,0.412,0.379,0.331,-2.898,-2.498,-0.99799997
2018-02-16 00:00:00,-17.798,83.253624,0.025391653,0.412,0.379,0.331,-2.898,-2.498,-1.048
2018-02-16 01:00:00,-18.398,83.17163,0.024246074,0.412,0.379,0.331,-2.948,-2.498,-1.048
2018-02-16 02:00:00,-19.098,82.354675,0.02394417,0.412,0.379,0.331,-2.948,-2.498,-0.99799997
2018-02-16 03:00:00,-19.848,82.24656,0.02258332,0.412,0.379,0.331,-2.998,-2.498,-0.99799997
2018-02-16 04:00:00,-19.548,81.57261,0.024055213,0.412,0.379,0.331,-2.998,-2.498,-0.99799997
2018-02-16 05:00:00,-17.798,79.39518,0.031238534,0.412,0.379,0.331,-2.998,-2.498,-1.048
2018-02-16 06:00:00,-16.098,77.65776,0.03908333,0.412,0.379,0.331,-2.998,-2.498,-1.048
2018-02-16 07:00:00,-15.048,77.18343,0.04355432,0.412,0.379,0.331,-2.998,-2.498,-1.048
2018-02-16 08:00:00,-14.048,76.06995,0.04960175,0.412,0.379,0.331,-2.948,-2.498,-1.048
2018-02-16 09:00:00,-13.298,74.94289,0.05522062,0.412,0.379,0.331,-2.948,-2.498,-1.048
2018-02-16 10:00:00,-12.698,73.508736,0.06129618,0.412,0.379,0.331,-2.898,-2.498,-1.048
2018-02-16 11:00:00,-12.348,72.66511,0.06506388,0.412,0.379,0.331,-2.898,-2.498,-1.048
2018-02-16 12:00:00,-12.998,76.57936,0.05289182,0.412,0.379,0.331,-2.898,-2.498,-1.048
2018-02-16 13:00:00,-14.348,79.614235,0.04123041,0.412,0.379,0.331,-2.898,-2.498,-1.048
2018-02-16 14:00:00,-15.548,81.46516,0.033947363,0.412,0.379,0.331,-2.898,-2.498,-1.048
2018-02-16 15:00:00,-16.348,83.09553,0.028963387,0.412,0.379,0.331,-2.898,-2.498,-1.048
2018-02-16 16:00:00,-16.998,84.797676,0.024664342,0.412,0.379,0.331,-2.948,-2.498,-1.048
2018-02-16 17:00:00,-17.648,85.81319,0.021787584,0.412,0.379,0.331,-2.948,-2.498,-1.048
2018-02-16 18:00:00,-17.848,85.78976,0.021456525,0.412,0.379,0.331,-2.948,-2.498,-1.048
2018-02-16 19:00:00,-17.698,86.54571,0.020575643,0.412,0.379,0.331,-2.998,-2.498,-1.048
2018-02-16 20:00:00,-17.598,85.81902,0.021871045,0.412,0.379,0.331,-2.998,-2.498,-1.048
2018-02-16 21:00:00,-17.798,85.06233,0.022650346,0.412,0.379,0.331,-2.998,-2.498,-1.048
2018-02-16 22:00:00,-17.548,85.092964,0.023087904,0.412,0.379,0.331,-3.0479999,-2.498,-1.048
2018-02-16 23:00:00,-17.348,84.75408,0.024015352,0.412,0.379,0.331,-3.0479999,-2.498,-1.048
2018-02-17 00:00:00,-17.098,84.78523,0.024477363,0.412,0.379,0.331,-3.0479999,-2.498,-1.048
2018-02-17 01:00:00,-16.948,85.16611,0.024168372,0.412,0.379,0.331,-3.0479999,-2.498,-1.048
2018-02-17 02:00:00,-16.898,85.17218,0.024260342,0.412,0.379,0.331,-3.0479999,-2.5479999,-1.048
2018-02-17 03:00:00,-16.698,85.196434,0.024631426,0.412,0.379,0.331,-3.0479999,-2.5479999,-1.048
2018-02-17 04:00:00,-16.098,85.63015,0.02514255,0.412,0.379,0.331,-3.0479999,-2.5479999,-1.048
2018-02-17 05:00:00,-14.148,85.500656,0.029815122,0.412,0.379,0.331,-2.998,-2.5479999,-1.048
2018-02-17 06:00:00,-12.048,86.09499,0.03391835,0.412,0.379,0.331,-2.998,-2.5479999,-1.048
2018-02-17 07:00:00,-11.548,84.76138,0.038694844,0.412,0.379,0.331,-2.948,-2.5479999,-1.048
2018-02-17 08:00:00,-10.148,83.57459,0.046631932,0.412,0.379,0.331,-2.898,-2.5479999,-1.048
2018-02-17 09:00:00,-9.048,79.47477,0.063546345,0.412,0.379,0.331,-2.848,-2.5479999,-1.048
2018-02-17 10:00:00,-8.548,76.73937,0.07488674,0.412,0.379,0.331,-2.848,-2.5479999,-1.048
2018-02-17 11:00:00,-8.248,73.18493,0.08836909,0.412,0.379,0.331,-2.848,-2.5479999,-1.048
2018-02-17 12:00:00,-8.598,76.11736,0.076588586,0.412,0.379,0.331,-2.7979999,-2.5479999,-1.048
2018-02-17 13:00:00,-9.698,80.66209,0.056886166,0.412,0.379,0.331,-2.7979999,-2.5479999,-1.048
2018-02-17 14:00:00,-10.298,79.92229,0.05632317,0.412,0.379,0.331,-2.7979999,-2.5479999,-1.048
2018-02-17 15:00:00,-11.148,81.76522,0.047807097,0.412,0.379,0.331,-2.7979999,-2.5479999,-1.048
2018-02-17 16:00:00,-11.898,83.34585,0.04111561,0.412,0.379,0.331,-2.848,-2.5479999,-1.048
2018-02-17 17:00:00,-12.148,84.688156,0.03704913,0.412,0.379,0.331,-2.848,-2.498,-1.048
2018-02-17 18:00:00,-12.648,86.38092,0.031649306,0.412,0.379,0.331,-2.848,-2.498,-1.048
2018-02-17 19:00:00,-13.998,89.50405,0.021852061,0.412,0.379,0.331,-2.898,-2.498,-1.048
2018-02-17 20:00:00,-14.598,89.0809,0.02163893,0.412,0.379,0.331,-2.898,-2.498,-1.048
2018-02-17 21:00:00,-14.548,87.98164,0.023915097,0.412,0.379,0.331,-2.898,-2.498,-1.048
2018-02-17 22:00:00,-14.798,87.95686,0.02347532,0.412,0.379,0.331,-2.898,-2.5479999,-1.048
2018-02-17 23:00:00,-15.198,87.55004,0.02347833,0.412,0.379,0.331,-2.948,-2.5479999,-1.048
2018-02-18 00:00:00,-15.698,87.498604,0.022616312,0.412,0.379,0.331,-2.948,-2.5479999,-1.048
2018-02-18 01:00:00,-15.448,87.158005,0.023720294,0.412,0.379,0.331,-2.948,-2.5479999,-1.048
2018-02-18 02:00:00,-15.448,87.52436,0.023043811,0.412,0.379,0.331,-2.948,-2.5479999,-1.048
2018-02-18 03:00:00,-15.348,87.16858,0.023898333,0.412,0.379,0.331,-2.948,-2.5479999,-1.048
2018-02-18 04:00:00,-13.998,86.58927,0.027918741,0.412,0.379,0.331,-2.948,-2.5479999,-1.048
2018-02-18 05:00:00,-12.198,85.37755,0.035239115,0.412,0.379,0.331,-2.948,-2.5479999,-1.048
2018-02-18 06:00:00,-9.998,79.64616,0.05847092,0.412,0.379,0.331,-2.898,-2.5479999,-1.048
2018-02-18 07:00:00,-9.598,72.622116,0.08116232,0.412,0.379,0.331,-2.898,-2.5479999,-1.048
2018-02-18 08:00:00,-9.248,70.94229,0.08854608,0.412,0.379,0.331,-2.848,-2.5479999,-1.048
2018-02-18 09:00:00,-8.748,71.04717,0.091755986,0.412,0.379,0.331,-2.848,-2.5479999,-1.048
2018-02-18 10:00:00,-8.448,71.68629,0.091860905,0.412,0.379,0.331,-2.848,-2.5479999,-1.048
2018-02-18 11:00:00,-8.398,72.86158,0.088394105,0.412,0.379,0.331,-2.7979999,-2.5479999,-1.048
2018-02-18 12:00:00,-8.848,77.30558,0.07136974,0.412,0.379,0.331,-2.7979999,-2.5479999,-1.048
2018-02-18 13:00:00,-9.598,80.67702,0.057292446,0.412,0.379,0.331,-2.7979999,-2.498,-1.048
2018-02-18 14:00:00,-10.148,82.90402,0.04853511,0.412,0.379,0.331,-2.7979999,-2.498,-1.048
2018-02-18 15:00:00,-10.898,83.816025,0.043287575,0.412,0.379,0.331,-2.7979999,-2.498,-1.048
2018-02-18 16:00:00,-11.598,84.75532,0.038555324,0.412,0.379,0.331,-2.7979999,-2.498,-1.048
2018-02-18 17:00:00,-12.198,85.02916,0.036078468,0.412,0.379,0.331,-2.7979999,-2.498,-1.048
2018-02-18 18:00:00,-12.648,85.67539,0.033288375,0.412,0.379,0.331,-2.7979999,-2.498,-1.048
2018-02-18 19:00:00,-13.548,85.92542,0.030399144,0.412,0.379,0.331,-2.848,-2.498,-1.048
2018-02-18 20:00:00,-14.048,85.86823,0.029298961,0.412,0.379,0.331,-2.848,-2.498,-1.048
2018-02-18 21:00:00,-14.798,86.14092,0.027013943,0.412,0.379,0.331,-2.848,-2.498,-1.048
2018-02-18 22:00:00,-15.098,86.10694,0.026416734,0.412,0.379,0.331,-2.848,-2.498,-1.048
2018-02-18 23:00:00,-15.398,86.07285,0.025831014,0.412,0.379,0.331,-2.898,-2.498,-1.048
2018-02-19 00:00:00,-15.498,85.700424,0.026302159,0.412,0.379,0.331,-2.898,-2.498,-1.048
2018-02-19 01:00:00,-15.598,86.05003,0.025446847,0.412,0.379,0.331,-2.898,-2.498,-1.048
2018-02-19 02:00:00,-15.698,86.038635,0.025256678,0.412,0.379,0.331,-2.898,-2.498,-1.048
2018-02-19 03:00:00,-15.498,86.061455,0.025638327,0.412,0.379,0.331,-2.948,-2.498,-1.048
2018-02-19 04:00:00,-14.748,86.146576,0.02711463,0.412,0.379,0.331,-2.948,-2.498,-1.048
2018-02-19 05:00:00,-13.048,84.577385,0.034694597,0.412,0.379,0.331,-2.898,-2.498,-1.048
2018-02-19 06:00:00,-12.248,81.94322,0.043337345,0.412,0.379,0.331,-2.898,-2.498,-1.048
2018-02-19 07:00:00,-11.948,81.31647,0.04593855,0.412,0.379,0.331,-2.898,-2.498,-1.048
2018-02-19 08:00:00,-11.298,80.74978,0.04986638,0.412,0.379,0.331,-2.898,-2.498,-1.048
2018-02-19 09:00:00,-10.798,79.52039,0.055210948,0.412,0.379,0.331,-2.848,-2.498,-1.048
2018-02-19 10:00:00,-10.448,78.612076,0.059286863,0.412,0.379,0.331,-2.848,-2.498,-1.048
2018-02-19 11:00:00,-10.248,78.00911,0.06193289,0.412,0.379,0.331,-2.848,-2.498,-1.048
2018-02-19 12:00:00,-10.448,79.25322,0.057510346,0.412,0.379,0.331,-2.7979999,-2.498,-1.048
2018-02-19 13:00:00,-11.098,82.44016,0.046222553,0.412,0.379,0.331,-2.7979999,-2.498,-1.048
2018-02-19 14:00:00,-11.748,82.687416,0.04325919,0.412,0.379,0.331,-2.7979999,-2.498,-1.048
2018-02-19 15:00:00,-12.298,83.29293,0.03993754,0.412,0.379,0.331,-2.848,-2.498,-1.048
2018-02-19 16:00:00,-12.548,83.25973,0.039216295,0.412,0.379,0.331,-2.848,-2.498,-1.048
2018-02-19 17:00:00,-13.248,83.856865,0.035728768,0.412,0.379,0.331,-2.848,-2.498,-1.048
2018-02-19 18:00:00,-14.098,83.74659,0.03355816,0.412,0.379,0.331,-2.848,-2.498,-1.048
2018-02-19 19:00:00,-14.948,85.406204,0.028095186,0.412,0.379,0.331,-2.848,-2.498,-1.048
2018-02-19 20:00:00,-15.898,84.57543,0.027441517,0.412,0.379,0.331,-2.898,-2.498,-1.048
2018-02-19 21:00:00,-16.798,83.74529,0.026818544,0.412,0.379,0.331,-2.898,-2.498,-1.048
2018-02-19 22:00:00,-17.848,83.24682,0.025294408,0.412,0.379,0.331,-2.898,-2.498,-1.048
2018-02-19 23:00:00,-18.948,83.09598,0.023235872,0.412,0.379,0.331,-2.948,-2.498,-1.048
2018-02-20 00:00:00,-19.748,81.90112,0.023222283,0.412,0.379,0.331,-2.948,-2.498,-1.048
2018-02-20 01:00:00,-20.298,81.101524,0.023119852,0.412,0.379,0.331,-2.998,-2.498,-1.048
2018-02-20 02:00:00,-20.798,80.666275,0.022644982,0.412,0.379,0.331,-3.0479999,-2.498,-1.048
2018-02-20 03:00:00,-20.998,80.63486,0.022289194,0.412,0.379,0.331,-3.0479999,-2.498,-1.048
2018-02-20 04:00:00,-19.548,80.154755,0.025904924,0.412,0.379,0.331,-3.098,-2.5479999,-1.048
2018-02-20 05:00:00,-16.398,76.94333,0.03933254,0.412,0.379,0.331,-3.098,-2.5479999,-1.048
2018-02-20 06:00:00,-13.448,72.44064,0.05999288,0.412,0.379,0.331,-3.0479999,-2.5479999,-1.048
2018-02-20 07:00:00,-11.248,69.07169,0.08041793,0.412,0.379,0.331,-2.998,-2.5479999,-1.048
2018-02-20 08:00:00,-9.248,66.73078,0.10137035,0.412,0.379,0.331,-2.948,-2.5479999,-1.048
2018-02-20 09:00:00,-7.748,64.9414,0.12009682,0.412,0.379,0.331,-2.948,-2.5479999,-1.048
2018-02-20 10:00:00,-6.798,64.38754,0.13128635,0.412,0.379,0.331,-2.898,-2.5479999,-1.048
2018-02-20 11:00:00,-6.548,67.893684,0.12066585,0.412,0.379,0.331,-2.848,-2.5479999,-1.048
2018-02-20 12:00:00,-7.248,72.79749,0.09687802,0.412,0.379,0.331,-2.848,-2.5479999,-1.048
2018-02-20 13:00:00,-8.148,75.89338,0.08006862,0.412,0.379,0.331,-2.848,-2.5479999,-1.048
2018-02-20 14:00:00,-8.748,77.322685,0.071876585,0.412,0.379,0.331,-2.848,-2.5479999,-1.048
2018-02-20 15:00:00,-9.148,77.87848,0.06795089,0.412,0.379,0.331,-2.848,-2.5479999,-1.048
2018-02-20 16:00:00,-9.598,77.17672,0.06766634,0.412,0.379,0.331,-2.7979999,-2.5479999,-1.048
2018-02-20 17:00:00,-9.848,75.89273,0.07007465,0.412,0.379,0.331,-2.7979999,-2.5479999,-1.048
2018-02-20 18:00:00,-9.948,74.34774,0.07397601,0.412,0.379,0.331,-2.848,-2.5479999,-1.048
2018-02-20 19:00:00,-10.198,73.69606,0.074367374,0.412,0.379,0.331,-2.848,-2.5479999,-1.048
2018-02-20 20:00:00,-10.198,73.0965,0.0760615,0.412,0.379,0.331,-2.848,-2.5479999,-1.048
2018-02-20 21:00:00,-9.898,73.454636,0.076853395,0.412,0.379,0.331,-2.848,-2.498,-1.048
2018-02-20 22:00:00,-9.498,74.73564,0.07549268,0.412,0.379,0.331,-2.848,-2.498,-1.048
2018-02-20 23:00:00,-9.198,76.317154,0.072459504,0.412,0.379,0.331,-2.848,-2.498,-1.048
2018-02-21 00:00:00,-8.798,76.69569,0.07357453,0.412,0.379,0.331,-2.848,-2.498,-1.048
2018-02-21 01:00:00,-8.648,77.03027,0.07337479,0.412,0.379,0.331,-2.848,-2.498,-1.048
2018-02-21 02:00:00,-8.248,76.79163,0.07648823,0.412,0.379,0.331,-2.7979999,-2.498,-1.048
2018-02-21 03:00:00,-7.798,76.25958,0.081027776,0.412,0.379,0.331,-2.7979999,-2.498,-1.048
2018-02-21 04:00:00,-6.748,75.54323,0.09052631,0.412,0.379,0.331,-2.7979999,-2.498,-1.048
2018-02-21 05:00:00,-5.448,74.89195,0.10265195,0.412,0.379,0.331,-2.7979999,-2.498,-1.048
2018-02-21 06:00:00,-4.398,73.35306,0.117955744,0.412,0.379,0.331,-2.7979999,-2.498,-1.048
2018-02-21 07:00:00,-3.648,75.219635,0.116054535,0.412,0.379,0.331,-2.748,-2.498,-1.048
2018-02-21 08:00:00,-3.148,77.35876,0.1100761,0.412,0.379,0.331,-2.748,-2.498,-1.048
2018-02-21 09:00:00,-2.598,77.45021,0.11421031,0.412,0.379,0.331,-2.748,-2.498,-1.048
2018-02-21 10:00:00,-2.5479999,81.38077,0.09465715,0.412,0.379,0.331,-2.698,-2.498,-1.048
2018-02-21 11:00:00,-2.498,82.3173,0.09023079,0.412,0.379,0.331,-2.698,-2.498,-1.048
2018-02-21 12:00:00,-2.7979999,84.48728,0.077415794,0.412,0.379,0.331,-2.698,-2.498,-1.048
2018-02-21 13:00:00,-3.498,86.349525,0.0646593,0.412,0.379,0.331,-2.698,-2.498,-1.048
2018-02-21 14:00:00,-3.7979999,87.63983,0.05724761,0.412,0.379,0.331,-2.648,-2.498,-1.048
2018-02-21 15:00:00,-3.7979999,88.643295,0.052600473,0.412,0.379,0.331,-2.648,-2.498,-1.048
2018-02-21 16:00:00,-4.048,89.63642,0.047108978,0.412,0.379,0.331,-2.648,-2.498,-1.048
2018-02-21 17:00:00,-4.598,88.91002,0.048365146,0.412,0.379,0.331,-2.648,-2.498,-1.048
2018-02-21 18:00:00,-5.798,87.44356,0.049993843,0.412,0.379,0.331,-2.648,-2.498,-1.048
2018-02-21 19:00:00,-7.698,85.55531,0.049692214,0.412,0.379,0.331,-2.648,-2.498,-1.048
2018-02-21 20:00:00,-8.548,84.11305,0.051153928,0.412,0.379,0.331,-2.648,-2.498,-1.048
2018-02-21 21:00:00,-8.898,83.735214,0.050955504,0.412,0.379,0.331,-2.648,-2.498,-1.048
2018-02-21 22:00:00,-9.098,83.70966,0.05024126,0.412,0.379,0.331,-2.648,-2.448,-1.048
2018-02-21 23:00:00,-9.198,83.69687,0.04988736,0.412,0.379,0.331,-2.648,-2.448,-1.048
2018-02-22 00:00:00,-9.348,84.012825,0.048347294,0.412,0.379,0.331,-2.648,-2.448,-1.048
2018-02-22 01:00:00,-9.598,84.3183,0.046499133,0.412,0.379,0.331,-2.648,-2.448,-1.048
2018-02-22 02:00:00,-9.648,84.650406,0.04533553,0.412,0.379,0.331,-2.698,-2.448,-1.048
2018-02-22 03:00:00,-9.698,84.64433,0.045174867,0.412,0.379,0.331,-2.698,-2.448,-1.048
2018-02-22 04:00:00,-9.148,83.70327,0.050064027,0.412,0.379,0.331,-2.698,-2.448,-1.048
2018-02-22 05:00:00,-8.448,77.0648,0.074418426,0.412,0.379,0.331,-2.698,-2.448,-1.048
2018-02-22 06:00:00,-7.748,75.06143,0.08544633,0.412,0.379,0.331,-2.698,-2.448,-1.048
2018-02-22 07:00:00,-6.848,76.42692,0.0865877,0.412,0.379,0.331,-2.698,-2.448,-1.048
2018-02-22 08:00:00,-6.648,77.37215,0.08440548,0.412,0.379,0.331,-2.648,-2.448,-1.048
2018-02-22 09:00:00,-6.548,77.08478,0.08613616,0.412,0.379,0.331,-2.648,-2.448,-1.048
2018-02-22 10:00:00,-6.598,76.77293,0.08697334,0.412,0.379,0.331,-2.648,-2.448,-1.048
2018-02-22 11:00:00,-6.698,77.36369,0.08411312,0.412,0.379,0.331,-2.648,-2.448,-1.048
2018-02-22 12:00:00,-7.048,80.41668,0.07083717,0.412,0.379,0.331,-2.648,-2.448,-1.048
2018-02-22 13:00:00,-7.648,83.23474,0.05789736,0.412,0.379,0.331,-2.648,-2.448,-1.048
2018-02-22 14:00:00,-7.998,84.51457,0.052045107,0.412,0.379,0.331,-2.648,-2.448,-1.048
2018-02-22 15:00:00,-8.198,85.16101,0.049102873,0.412,0.379,0.331,-2.648,-2.448,-1.048
2018-02-22 16:00:00,-8.548,85.45801,0.046824366,0.412,0.379,0.331,-2.648,-2.448,-1.048
2018-02-22 17:00:00,-8.898,86.44153,0.04247883,0.412,0.379,0.331,-2.648,-2.448,-1.048
2018-02-22 18:00:00,-9.148,86.4145,0.04173696,0.412,0.379,0.331,-2.648,-2.448,-1.048
2018-02-22 19:00:00,-10.048,86.66315,0.038166642,0.412,0.379,0.331,-2.648,-2.448,-1.048
2018-02-22 20:00:00,-10.348,86.2836,0.03833027,0.412,0.379,0.331,-2.648,-2.448,-1.048
2018-02-22 21:00:00,-10.698,86.59339,0.036436796,0.412,0.379,0.331,-2.648,-2.448,-1.048
2018-02-22 22:00:00,-10.848,86.57722,0.036047444,0.412,0.379,0.331,-2.648,-2.448,-1.048
2018-02-22 23:00:00,-11.098,86.55022,0.0354065,0.412,0.379,0.331,-2.698,-2.448,-1.048
2018-02-23 00:00:00,-11.248,87.23725,0.03319782,0.412,0.379,0.331,-2.698,-2.448,-1.048
2018-02-23 01:00:00,-11.398,87.57571,0.031931907,0.412,0.379,0.331,-2.698,-2.448,-1.048
2018-02-23 02:00:00,-11.798,87.891685,0.030137002,0.412,0.379,0.331,-2.698,-2.448,-1.048
2018-02-23 03:00:00,-12.048,88.22531,0.028723061,0.412,0.379,0.331,-2.698,-2.448,-1.048
2018-02-23 04:00:00,-11.698,87.545456,0.031248584,0.411,0.379,0.331,-2.698,-2.448,-1.048
2018-02-23 05:00:00,-10.648,84.87026,0.04128264,0.411,0.379,0.331,-2.698,-2.448,-1.048
2018-02-23 06:00:00,-9.648,81.977554,0.05322738,0.411,0.379,0.331,-2.698,-2.448,-1.048
2018-02-23 07:00:00,-9.348,77.844925,0.06699234,0.411,0.379,0.331,-2.698,-2.398,-1.048
2018-02-23 08:00:00,-8.598,73.11611,0.0862083,0.411,0.379,0.331,-2.698,-2.398,-1.048
2018-02-23 09:00:00,-8.198,70.30628,0.098232195,0.411,0.379,0.331,-2.698,-2.398,-1.048
2018-02-23 10:00:00,-8.048,68.65577,0.10490687,0.411,0.379,0.331,-2.698,-2.398,-1.048
2018-02-23 11:00:00,-8.048,68.103004,0.10675576,0.411,0.379,0.331,-2.698,-2.398,-1.048
2018-02-23 12:00:00,-8.348,71.7068,0.09251352,0.411,0.379,0.331,-2.648,-2.398,-1.048
2018-02-23 13:00:00,-8.948,76.36152,0.07375702,0.411,0.379,0.331,-2.648,-2.398,-1.048
2018-02-23 14:00:00,-9.398,79.739746,0.061024353,0.411,0.379,0.331,-2.648,-2.398,-1.048
2018-02-23 15:00:00,-9.848,81.2922,0.054385215,0.411,0.379,0.331,-2.648,-2.398,-1.048
2018-02-23 16:00:00,-10.098,82.24519,0.050604925,0.411,0.379,0.331,-2.698,-2.398,-1.048
2018-02-23 17:00:00,-10.198,82.56371,0.049305186,0.411,0.379,0.331,-2.698,-2.398,-1.048
2018-02-23 18:00:00,-10.448,83.199104,0.04657589,0.411,0.379,0.331,-2.698,-2.398,-1.048
2018-02-23 19:00:00,-10.848,83.14608,0.04525897,0.411,0.379,0.331,-2.698,-2.398,-1.0979999
2018-02-23 20:00:00,-11.298,84.448166,0.040288985,0.411,0.379,0.331,-2.698,-2.398,-1.048
2018-02-23 21:00:00,-11.748,85.43027,0.036407605,0.411,0.379,0.331,-2.698,-2.398,-1.048
2018-02-23 22:00:00,-12.348,86.41393,0.032348156,0.411,0.379,0.331,-2.698,-2.398,-1.048
2018-02-23 23:00:00,-12.998,87.05485,0.029241443,0.411,0.379,0.331,-2.698,-2.398,-1.0979999
2018-02-24 00:00:00,-13.948,88.40567,0.02423741,0.411,0.379,0.331,-2.698,-2.398,-1.0979999
2018-02-24 01:00:00,-14.848,87.58585,0.02409862,0.411,0.379,0.331,-2.748,-2.398,-1.0979999
2018-02-24 02:00:00,-15.748,86.76044,0.023851797,0.411,0.379,0.331,-2.748,-2.398,-1.0979999
2018-02-24 03:00:00,-16.098,85.992805,0.024508223,0.411,0.379,0.331,-2.748,-2.398,-1.0979999
2018-02-24 04:00:00,-14.198,86.92757,0.02677168,0.411,0.379,0.331,-2.748,-2.398,-1.0979999
2018-02-24 05:00:00,-12.248,86.4249,0.03258407,0.411,0.379,0.331,-2.748,-2.398,-1.0979999
2018-02-24 06:00:00,-10.648,83.50971,0.044993877,0.411,0.379,0.331,-2.748,-2.398,-1.0979999
2018-02-24 07:00:00,-10.148,82.23826,0.05042459,0.411,0.379,0.331,-2.748,-2.398,-1.0979999
2018-02-24 08:00:00,-8.998,78.53182,0.066725835,0.411,0.379,0.331,-2.748,-2.398,-1.0979999
2018-02-24 09:00:00,-8.498,69.3944,0.098905206,0.411,0.379,0.331,-2.748,-2.398,-1.0979999
2018-02-24 10:00:00,-8.548,69.102806,0.09945767,0.411,0.379,0.331,-2.698,-2.398,-1.0979999
2018-02-24 11:00:00,-8.748,69.33974,0.09716368,0.411,0.379,0.331,-2.698,-2.398,-1.0979999
2018-02-24 12:00:00,-9.148,72.712265,0.08381158,0.411,0.379,0.331,-2.698,-2.398,-1.0979999
2018-02-24 13:00:00,-9.748,76.83913,0.067858845,0.411,0.379,0.331,-2.698,-2.398,-1.0979999
2018-02-24 14:00:00,-10.848,80.16239,0.05326815,0.411,0.379,0.331,-2.698,-2.398,-1.0979999
2018-02-24 15:00:00,-11.448,81.72233,0.046782583,0.411,0.379,0.331,-2.698,-2.398,-1.0979999
2018-02-24 16:00:00,-11.848,82.336235,0.04378301,0.411,0.379,0.331,-2.698,-2.398,-1.0979999
2018-02-24 17:00:00,-12.248,82.61891,0.041716248,0.411,0.379,0.331,-2.698,-2.398,-1.0979999
2018-02-24 18:00:00,-12.998,83.543755,0.037169725,0.411,0.379,0.331,-2.698,-2.398,-1.0979999
2018-02-24 19:00:00,-13.448,83.83101,0.03520736,0.411,0.379,0.331,-2.748,-2.398,-1.0979999
2018-02-24 20:00:00,-13.748,83.444916,0.035175055,0.411,0.379,0.331,-2.748,-2.398,-1.0979999
2018-02-24 21:00:00,-13.548,82.43896,0.037926465,0.411,0.379,0.331,-2.748,-2.398,-1.0979999
2018-02-24 22:00:00,-13.848,83.08551,0.035645485,0.411,0.379,0.331,-2.748,-2.398,-1.0979999
2018-02-24 23:00:00,-15.498,84.625465,0.028278694,0.411,0.379,0.331,-2.7979999,-2.398,-1.0979999
2018-02-25 00:00:00,-15.398,84.63789,0.028491437,0.411,0.379,0.331,-2.7979999,-2.398,-1.0979999
2018-02-25 01:00:00,-15.698,84.244316,0.028501391,0.411,0.379,0.331,-2.7979999,-2.398,-1.0979999
2018-02-25 02:00:00,-16.348,84.16102,0.027138546,0.411,0.379,0.331,-2.7979999,-2.398,-1.0979999
2018-02-25 03:00:00,-15.798,83.52273,0.029558972,0.411,0.379,0.331,-2.848,-2.398,-1.0979999
2018-02-25 04:00:00,-13.748,81.050316,0.040260687,0.411,0.379,0.331,-2.848,-2.398,-1.0979999
2018-02-25 05:00:00,-11.748,78.39771,0.05397302,0.411,0.379,0.331,-2.7979999,-2.398,-1.0979999
2018-02-25 06:00:00,-10.048,77.09891,0.06552535,0.411,0.379,0.331,-2.7979999,-2.398,-1.0979999
2018-02-25 07:00:00,-8.498,75.22407,0.080075115,0.411,0.379,0.331,-2.7979999,-2.398,-1.0979999
2018-02-25 08:00:00,-7.298,71.6342,0.10062933,0.411,0.379,0.331,-2.748,-2.398,-1.0979999
2018-02-25 09:00:00,-6.548,69.81619,0.11344439,0.411,0.379,0.331,-2.748,-2.398,-1.0979999
2018-02-25 10:00:00,-6.098,70.190254,0.11597067,0.411,0.379,0.331,-2.748,-2.398,-1.0979999
2018-02-25 11:00:00,-5.948,71.62498,0.1116648,0.411,0.379,0.331,-2.698,-2.398,-1.0979999
2018-02-25 12:00:00,-6.198,76.54047,0.09057966,0.411,0.379,0.331,-2.698,-2.398,-1.0979999
2018-02-25 13:00:00,-7.048,81.37191,0.0673829,0.411,0.379,0.331,-2.698,-2.398,-1.0979999
2018-02-25 14:00:00,-7.798,83.87468,0.055043787,0.411,0.379,0.331,-2.698,-2.398,-1.0979999
2018-02-25 15:00:00,-8.398,85.13758,0.048419595,0.411,0.379,0.331,-2.698,-2.398,-1.0979999
2018-02-25 16:00:00,-9.148,85.72945,0.043841034,0.411,0.379,0.331,-2.698,-2.398,-1.0979999
2018-02-25 17:00:00,-9.798,85.999054,0.04086651,0.411,0.379,0.331,-2.698,-2.398,-1.0979999
2018-02-25 18:00:00,-10.248,86.29457,0.038604587,0.411,0.379,0.331,-2.698,-2.398,-1.0979999
2018-02-25 19:00:00,-10.548,86.261604,0.037786573,0.411,0.379,0.331,-2.698,-2.398,-1.0979999
2018-02-25 20:00:00,-10.598,86.60416,0.03669843,0.411,0.379,0.331,-2.698,-2.398,-1.0979999
2018-02-25 21:00:00,-10.698,86.94297,0.035486937,0.411,0.379,0.331,-2.698,-2.398,-1.0979999
2018-02-25 22:00:00,-11.148,86.89554,0.03436008,0.411,0.379,0.331,-2.698,-2.398,-1.0979999
2018-02-25 23:00:00,-11.848,87.17513,0.03179194,0.411,0.379,0.331,-2.698,-2.398,-1.0979999
2018-02-26 00:00:00,-12.148,87.143906,0.031108618,0.411,0.379,0.331,-2.698,-2.398,-1.0979999
2018-02-26 01:00:00,-12.298,87.12827,0.030771747,0.411,0.378,0.331,-2.698,-2.398,-1.0979999
2018-02-26 02:00:00,-12.198,86.7839,0.0318508,0.411,0.378,0.331,-2.698,-2.398,-1.0979999
2018-02-26 03:00:00,-12.298,86.77319,0.031620383,0.411,0.378,0.331,-2.698,-2.398,-1.0979999
2018-02-26 04:00:00,-10.648,85.213486,0.0403464,0.411,0.378,0.331,-2.698,-2.398,-1.0979999
2018-02-26 05:00:00,-8.898,83.07054,0.053037226,0.411,0.378,0.331,-2.698,-2.398,-1.0979999
2018-02-26 06:00:00,-7.248,81.66437,0.065309405,0.411,0.378,0.331,-2.698,-2.398,-1.0979999
2018-02-26 07:00:00,-5.798,81.23256,0.074717164,0.411,0.378,0.331,-2.698,-2.398,-1.0979999
2018-02-26 08:00:00,-4.298,79.893425,0.089684725,0.411,0.378,0.331,-2.698,-2.398,-1.0979999
2018-02-26 09:00:00,-3.348,79.73099,0.097085565,0.411,0.378,0.331,-2.648,-2.398,-1.0979999
2018-02-26 10:00:00,-2.848,79.80661,0.10039598,0.411,0.378,0.331,-2.648,-2.398,-1.0979999
2018-02-26 11:00:00,-3.198,82.2232,0.08610925,0.411,0.378,0.331,-2.648,-2.398,-1.0979999
2018-02-26 12:00:00,-4.348,86.25877,0.06106642,0.411,0.378,0.331,-2.598,-2.398,-1.0979999
2018-02-26 13:00:00,-6.148,89.461395,0.04085383,0.411,0.378,0.331,-2.598,-2.398,-1.0979999
2018-02-26 14:00:00,-7.398,90.407455,0.033777952,0.411,0.378,0.331,-2.598,-2.398,-1.0979999
2018-02-26 15:00:00,-8.448,90.681564,0.030242473,0.411,0.378,0.331,-2.598,-2.398,-1.0979999
2018-02-26 16:00:00,-9.148,90.987526,0.027689815,0.411,0.378,0.331,-2.598,-2.398,-1.0979999
2018-02-26 17:00:00,-9.648,90.950584,0.026730567,0.411,0.378,0.331,-2.598,-2.398,-1.0979999
2018-02-26 18:00:00,-10.048,90.92087,0.02598399,0.411,0.378,0.331,-2.598,-2.398,-1.0979999
2018-02-26 19:00:00,-10.298,91.99753,0.022453874,0.411,0.378,0.331,-2.598,-2.398,-1.0979999
2018-02-26 20:00:00,-10.648,91.97435,0.021901384,0.411,0.378,0.331,-2.598,-2.398,-1.0979999
2018-02-26 21:00:00,-10.848,91.59305,0.022579238,0.411,0.378,0.331,-2.598,-2.398,-1.0979999
2018-02-26 22:00:00,-10.998,91.21552,0.023312464,0.411,0.378,0.331,-2.648,-2.398,-1.0979999
2018-02-26 23:00:00,-11.198,90.83462,0.023937583,0.411,0.378,0.331,-2.648,-2.398,-1.0979999
2018-02-27 00:00:00,-11.348,90.82327,0.023681298,0.411,0.378,0.331,-2.648,-2.398,-1.0979999
2018-02-27 01:00:00,-11.498,90.08138,0.02528973,0.411,0.378,0.331,-2.648,-2.398,-1.0979999
2018-02-27 02:00:00,-11.598,88.62677,0.028766185,0.411,0.378,0.331,-2.648,-2.398,-1.0979999
2018-02-27 03:00:00,-11.698,87.901505,0.030355498,0.411,0.378,0.331,-2.648,-2.398,-1.0979999
2018-02-27 04:00:00,-11.398,87.221756,0.032841384,0.411,0.378,0.331,-2.648,-2.398,-1.0979999
2018-02-27 05:00:00,-10.748,85.5464,0.039125517,0.411,0.378,0.331,-2.648,-2.398,-1.0979999
2018-02-27 06:00:00,-9.798,83.6198,0.04780917,0.411,0.378,0.331,-2.648,-2.398,-1.0979999
2018-02-27 07:00:00,-7.848,79.66197,0.06915021,0.411,0.378,0.331,-2.648,-2.398,-1.0979999
2018-02-27 08:00:00,-6.998,78.85482,0.07678032,0.411,0.378,0.331,-2.648,-2.398,-1.0979999
2018-02-27 09:00:00,-6.598,79.22945,0.07777792,0.411,0.378,0.331,-2.648,-2.398,-1.0979999
2018-02-27 10:00:00,-6.398,79.57233,0.07767749,0.411,0.378,0.331,-2.648,-2.398,-1.0979999
2018-02-27 11:00:00,-6.748,81.414734,0.06879935,0.411,0.378,0.331,-2.648,-2.398,-1.0979999
2018-02-27 12:00:00,-7.348,83.27381,0.059119612,0.411,0.378,0.331,-2.648,-2.398,-1.0979999
2018-02-27 13:00:00,-7.998,83.51863,0.05539149,0.411,0.378,0.331,-2.598,-2.398,-1.0979999
2018-02-27 14:00:00,-8.348,83.143074,0.055130273,0.411,0.378,0.331,-2.598,-2.398,-1.0979999
2018-02-27 15:00:00,-8.498,83.454155,0.053483397,0.411,0.378,0.331,-2.598,-2.348,-1.0979999
2018-02-27 16:00:00,-8.498,83.12335,0.054552406,0.411,0.378,0.331,-2.598,-2.348,-1.0979999
2018-02-27 17:00:00,-8.398,83.13649,0.054937094,0.411,0.378,0.331,-2.598,-2.348,-1.0979999
2018-02-27 18:00:00,-8.298,83.479996,0.05423969,0.411,0.378,0.331,-2.598,-2.348,-1.0979999
2018-02-27 19:00:00,-7.998,83.51863,0.05539149,0.411,0.378,0.331,-2.598,-2.348,-1.0979999
2018-02-27 20:00:00,-7.998,84.18143,0.053164512,0.411,0.378,0.331,-2.598,-2.348,-1.0979999
2018-02-27 21:00:00,-8.148,84.496315,0.05150193,0.411,0.378,0.331,-2.598,-2.348,-1.0979999
2018-02-27 22:00:00,-8.498,85.125854,0.04808101,0.411,0.378,0.331,-2.598,-2.348,-1.0979999
2018-02-27 23:00:00,-8.798,85.76905,0.044935882,0.411,0.378,0.331,-2.598,-2.348,-1.0979999
2018-02-28 00:00:00,-8.948,86.09351,0.04339859,0.411,0.378,0.331,-2.598,-2.348,-1.0979999
2018-02-28 01:00:00,-9.248,86.40366,0.041443348,0.41,0.378,0.331,-2.598,-2.348,-1.0979999
2018-02-28 02:00:00,-9.448,86.72705,0.039826244,0.41,0.378,0.331,-2.598,-2.348,-1.0979999
2018-02-28 03:00:00,-9.498,86.0325,0.041745126,0.41,0.378,0.331,-2.598,-2.348,-1.0979999
2018-02-28 04:00:00,-9.348,85.02557,0.045285404,0.41,0.378,0.331,-2.598,-2.348,-1.0979999
2018-02-28 05:00:00,-8.698,83.7607,0.051678628,0.41,0.378,0.331,-2.598,-2.348,-1.0979999
2018-02-28 06:00:00,-7.898,82.54672,0.059114695,0.41,0.378,0.331,-2.598,-2.348,-1.0979999
2018-02-28 07:00:00,-5.998,82.479546,0.06869686,0.41,0.378,0.331,-2.598,-2.348,-1.0979999
2018-02-28 08:00:00,-4.848,81.36787,0.079730004,0.41,0.378,0.331,-2.598,-2.348,-1.0979999
2018-02-28 09:00:00,-3.9980001,80.864944,0.08729985,0.41,0.378,0.331,-2.598,-2.348,-1.0979999
2018-02-28 10:00:00,-3.5479999,80.620964,0.0914461,0.41,0.378,0.331,-2.598,-2.348,-1.0979999
2018-02-28 11:00:00,-3.448,80.63554,0.09206334,0.41,0.378,0.331,-2.5479999,-2.348,-1.0979999
2018-02-28 12:00:00,-3.898,82.12838,0.08215132,0.41,0.378,0.331,-2.5479999,-2.348,-1.0979999
2018-02-28 13:00:00,-4.948,83.58162,0.06972912,0.41,0.378,0.331,-2.5479999,-2.348,-1.0979999
2018-02-28 14:00:00,-6.348,83.72892,0.062113106,0.41,0.378,0.331,-2.5479999,-2.348,-1.0979999
2018-02-28 15:00:00,-7.548,82.92033,0.059441656,0.41,0.378,0.331,-2.5479999,-2.348,-1.0979999
2018-02-28 16:00:00,-8.698,81.78357,0.057968527,0.41,0.378,0.331,-2.5479999,-2.348,-1.0979999
2018-02-28 17:00:00,-9.648,80.99479,0.056128845,0.41,0.378,0.331,-2.5479999,-2.348,-1.0979999
2018-02-28 18:00:00,-10.698,80.511826,0.052959323,0.41,0.378,0.331,-2.5479999,-2.348,-1.0979999
2018-02-28 19:00:00,-11.298,80.42085,0.05071813,0.41,0.378,0.331,-2.5479999,-2.348,-1.0979999
2018-02-28 20:00:00,-11.848,80.6671,0.047918573,0.41,0.378,0.331,-2.5479999,-2.348,-1.0979999
2018-02-28 21:00:00,-12.798,81.86478,0.041631028,0.41,0.378,0.331,-2.598,-2.348,-1.0979999
2018-02-28 22:00:00,-13.398,83.1461,0.036848083,0.41,0.378,0.331,-2.598,-2.348,-1.0979999
2018-02-28 23:00:00,-14.048,83.40516,0.034403652,0.41,0.378,0.331,-2.598,-2.348,-1.0979999
2018-03-01 00:00:00,-14.998,82.58146,0.03339255,0.41,0.378,0.331,-2.598,-2.348,-1.0979999
2018-03-01 01:00:00,-16.148,81.03093,0.03304735,0.41,0.378,0.331,-2.598,-2.348,-1.0979999
2018-03-01 02:00:00,-17.298,79.8196,0.031918317,0.41,0.378,0.331,-2.648,-2.348,-1.0979999
2018-03-01 03:00:00,-17.898,78.69426,0.03202746,0.41,0.378,0.331,-2.648,-2.348,-1.0979999
2018-03-01 04:00:00,-17.398,76.10175,0.037476487,0.41,0.378,0.331,-2.648,-2.348,-1.0979999
2018-03-01 05:00:00,-16.448,72.75126,0.046283722,0.41,0.378,0.331,-2.698,-2.348,-1.0979999
2018-03-01 06:00:00,-15.448,69.29868,0.0566808,0.41,0.378,0.331,-2.698,-2.348,-1.0979999
2018-03-01 07:00:00,-14.748,66.831795,0.064885154,0.41,0.378,0.331,-2.698,-2.348,-1.0979999
2018-03-01 08:00:00,-14.048,65.58424,0.07131559,0.41,0.378,0.331,-2.698,-2.348,-1.0979999
2018-03-01 09:00:00,-13.498,65.16181,0.075513795,0.41,0.378,0.331,-2.698,-2.348,-1.0979999
2018-03-01 10:00:00,-13.248,64.946945,0.07754402,0.41,0.378,0.331,-2.698,-2.348,-1.0979999
2018-03-01 11:00:00,-13.198,65.2355,0.07722011,0.41,0.378,0.331,-2.698,-2.348,-1.0979999
2018-03-01 12:00:00,-13.448,67.425,0.0709016,0.41,0.378,0.331,-2.698,-2.348,-1.0979999
2018-03-01 13:00:00,-14.048,72.317154,0.057374805,0.41,0.378,0.331,-2.698,-2.348,-1.0979999
2018-03-01 14:00:00,-14.898,75.59262,0.04717067,0.41,0.378,0.331,-2.748,-2.348,-1.0979999
2018-03-01 15:00:00,-16.198,77.309105,0.03936246,0.41,0.378,0.331,-2.748,-2.348,-1.0979999
2018-03-01 16:00:00,-17.498,78.76151,0.033027582,0.41,0.378,0.331,-2.748,-2.348,-1.0979999
2018-03-01 17:00:00,-18.848,79.568855,0.028322868,0.41,0.378,0.331,-2.7979999,-2.348,-1.0979999
2018-03-01 18:00:00,-19.898,80.45204,0.024757363,0.41,0.378,0.331,-2.7979999,-2.348,-1.0979999
2018-03-01 19:00:00,-21.148,80.97051,0.021617703,0.41,0.378,0.331,-2.848,-2.348,-1.0979999
2018-03-01 20:00:00,-21.798,80.50853,0.020914406,0.41,0.378,0.331,-2.848,-2.348,-1.0979999
2018-03-01 21:00:00,-22.448,80.04381,0.020218343,0.41,0.378,0.331,-2.898,-2.348,-1.0979999
2018-03-01 22:00:00,-22.948,79.96236,0.019419461,0.41,0.378,0.331,-2.948,-2.348,-1.0979999
2018-03-01 23:00:00,-23.298,79.90503,0.01887688,0.41,0.378,0.331,-2.998,-2.348,-1.0979999
2018-03-02 00:00:00,-23.648,79.484695,0.018677697,0.41,0.378,0.331,-2.998,-2.348,-1.0979999
2018-03-02 01:00:00,-23.648,79.484695,0.018677697,0.41,0.378,0.331,-3.0479999,-2.398,-1.0979999
2018-03-02 02:00:00,-23.798,79.09786,0.018775463,0.41,0.378,0.331,-3.098,-2.398,-1.0979999
2018-03-02 03:00:00,-23.198,79.19962,0.019714147,0.41,0.378,0.331,-3.098,-2.398,-1.0979999
2018-03-02 04:00:00,-21.448,78.785255,0.023473136,0.41,0.378,0.331,-3.148,-2.398,-1.0979999
2018-03-02 05:00:00,-19.298,76.752106,0.031003594,0.41,0.378,0.331,-3.098,-2.398,-1.0979999
2018-03-02 06:00:00,-17.348,76.11101,0.037620626,0.41,0.378,0.331,-3.098,-2.398,-1.0979999
2018-03-02 07:00:00,-15.848,75.73723,0.043335527,0.41,0.378,0.331,-3.0479999,-2.398,-1.0979999
2018-03-02 08:00:00,-14.398,75.685776,0.048969015,0.41,0.378,0.331,-2.998,-2.398,-1.0979999
2018-03-02 09:00:00,-13.298,75.572426,0.05383408,0.41,0.378,0.331,-2.948,-2.398,-1.0979999
2018-03-02 10:00:00,-12.498,75.09396,0.058571413,0.41,0.378,0.331,-2.948,-2.398,-1.0979999
2018-03-02 11:00:00,-12.098,75.16902,0.06031218,0.41,0.378,0.331,-2.898,-2.398,-1.0979999
2018-03-02 12:00:00,-11.998,76.126,0.058458164,0.41,0.378,0.331,-2.898,-2.398,-1.0979999
2018-03-02 13:00:00,-12.398,79.92228,0.04760532,0.41,0.378,0.331,-2.898,-2.398,-1.0979999
2018-03-02 14:00:00,-12.948,82.18218,0.040407702,0.41,0.378,0.331,-2.848,-2.398,-1.0979999
2018-03-02 15:00:00,-13.598,83.11922,0.036309272,0.41,0.378,0.331,-2.848,-2.448,-1.0979999
2018-03-02 16:00:00,-14.498,83.34522,0.03327422,0.41,0.378,0.331,-2.898,-2.448,-1.0979999
2018-03-02 17:00:00,-15.248,83.94795,0.03014335,0.41,0.378,0.331,-2.898,-2.448,-1.0979999
2018-03-02 18:00:00,-16.098,84.19312,0.02765584,0.41,0.378,0.331,-2.898,-2.448,-1.0979999
2018-03-02 19:00:00,-16.648,84.48105,0.025929928,0.41,0.378,0.331,-2.898,-2.448,-1.0979999
2018-03-02 20:00:00,-17.198,84.77279,0.024291635,0.41,0.378,0.331,-2.948,-2.448,-1.0979999
2018-03-02 21:00:00,-17.198,84.05115,0.025442377,0.41,0.378,0.331,-2.948,-2.448,-1.0979999
2018-03-02 22:00:00,-17.548,84.00559,0.024771288,0.41,0.378,0.331,-2.948,-2.448,-1.0979999
2018-03-02 23:00:00,-16.748,83.75187,0.026920632,0.41,0.378,0.331,-2.948,-2.448,-1.0979999
2018-03-03 00:00:00,-16.598,83.41584,0.027825475,0.41,0.378,0.331,-2.948,-2.448,-1.0979999
2018-03-03 01:00:00,-16.198,83.115974,0.02929373,0.41,0.378,0.331,-2.998,-2.448,-1.0979999
2018-03-03 02:00:00,-15.898,83.15675,0.029964387,0.41,0.378,0.331,-2.998,-2.448,-1.0979999
2018-03-03 03:00:00,-15.398,82.52561,0.032407314,0.41,0.378,0.331,-2.998,-2.448,-1.0979999
2018-03-03 04:00:00,-14.598,81.26303,0.03712514,0.41,0.378,0.331,-2.948,-2.448,-1.0979999
2018-03-03 05:00:00,-13.548,79.40984,0.04446526,0.41,0.378,0.331,-2.948,-2.448,-1.0979999
2018-03-03 06:00:00,-12.598,77.93249,0.051481128,0.41,0.378,0.331,-2.948,-2.448,-1.0979999
2018-03-03 07:00:00,-11.398,76.2343,0.061066568,0.41,0.378,0.331,-2.898,-2.448,-1.0979999
2018-03-03 08:00:00,-10.748,75.11196,0.06735726,0.41,0.378,0.331,-2.898,-2.448,-1.0979999
2018-03-03 09:00:00,-9.898,73.75442,0.07598595,0.41,0.378,0.331,-2.848,-2.448,-1.0979999
2018-03-03 10:00:00,-9.398,72.66225,0.082330644,0.41,0.378,0.331,-2.848,-2.448,-1.0979999
2018-03-03 11:00:00,-9.098,71.843285,0.08681929,0.41,0.378,0.331,-2.7979999,-2.448,-1.0979999
2018-03-03 12:00:00,-9.148,71.54207,0.087403625,0.41,0.378,0.331,-2.7979999,-2.448,-1.0979999
2018-03-03 13:00:00,-9.898,78.06764,0.06350388,0.41,0.378,0.331,-2.7979999,-2.448,-1.0979999
2018-03-03 14:00:00,-11.598,80.70474,0.04879561,0.41,0.378,0.331,-2.7979999,-2.448,-1.0979999
2018-03-03 15:00:00,-13.048,82.50849,0.039346978,0.41,0.378,0.331,-2.7979999,-2.448,-1.0979999
2018-03-03 16:00:00,-14.248,84.07677,0.03247419,0.41,0.378,0.331,-2.848,-2.448,-1.0979999
2018-03-03 17:00:00,-15.398,84.63789,0.028491437,0.41,0.378,0.331,-2.848,-2.448,-1.0979999
2018-03-03 18:00:00,-16.298,84.88431,0.026008397,0.41,0.378,0.331,-2.848,-2.448,-1.0979999
2018-03-03 19:00:00,-16.448,85.58891,0.0244869,0.41,0.378,0.331,-2.898,-2.448,-1.0979999
2018-03-03 20:00:00,-17.298,84.76035,0.024107113,0.41,0.378,0.331,-2.898,-2.448,-1.0979999
2018-03-03 21:00:00,-17.148,84.41765,0.024963021,0.41,0.378,0.331,-2.948,-2.448,-1.0979999
2018-03-03 22:00:00,-16.798,84.46206,0.02563645,0.41,0.378,0.331,-2.948,-2.448,-1.0979999
2018-03-03 23:00:00,-16.298,84.88431,0.026008397,0.41,0.378,0.331,-2.948,-2.448,-1.0979999
2018-03-04 00:00:00,-16.048,85.27488,0.025871754,0.41,0.378,0.331,-2.998,-2.498,-1.0979999
2018-03-04 01:00:00,-15.948,85.286865,0.026067331,0.41,0.378,0.331,-2.998,-2.498,-1.0979999
2018-03-04 02:00:00,-16.048,85.27488,0.025871754,0.41,0.378,0.331,-2.998,-2.498,-1.0979999
2018-03-04 03:00:00,-15.898,85.29286,0.02616562,0.41,0.378,0.331,-2.998,-2.498,-1.0979999
2018-03-04 04:00:00,-14.048,83.40516,0.034403652,0.41,0.378,0.331,-2.998,-2.498,-1.0979999
2018-03-04 05:00:00,-11.898,80.00019,0.049371883,0.41,0.378,0.331,-2.998,-2.498,-1.0979999
2018-03-04 06:00:00,-9.848,76.20125,0.06917825,0.41,0.378,0.331,-2.948,-2.498,-1.0979999
2018-03-04 07:00:00,-8.498,74.62206,0.08201988,0.41,0.378,0.331,-2.898,-2.498,-1.148
2018-03-04 08:00:00,-7.098,73.11772,0.096853256,0.41,0.378,0.331,-2.848,-2.498,-1.148
2018-03-04 09:00:00,-6.148,72.438965,0.10681704,0.41,0.378,0.331,-2.848,-2.498,-1.148
2018-03-04 10:00:00,-5.698,73.10163,0.10789502,0.41,0.378,0.331,-2.7979999,-2.498,-1.148
2018-03-04 11:00:00,-5.798,74.53408,0.1013754,0.41,0.378,0.331,-2.7979999,-2.498,-1.148
2018-03-04 12:00:00,-6.398,78.95037,0.080041796,0.41,0.378,0.331,-2.748,-2.498,-1.148
2018-03-04 13:00:00,-7.698,83.55717,0.05656445,0.41,0.378,0.331,-2.748,-2.498,-1.148
2018-03-04 14:00:00,-8.848,85.7634,0.04477802,0.41,0.378,0.331,-2.748,-2.498,-1.148
2018-03-04 15:00:00,-9.598,86.71112,0.039405584,0.41,0.378,0.331,-2.748,-2.498,-1.148
2018-03-04 16:00:00,-10.098,87.00581,0.03703934,0.41,0.378,0.331,-2.748,-2.498,-1.148
2018-03-04 17:00:00,-10.598,87.30404,0.03478153,0.41,0.378,0.331,-2.748,-2.498,-1.148
2018-03-04 18:00:00,-11.248,87.59081,0.03227836,0.41,0.378,0.331,-2.7979999,-2.498,-1.148
2018-03-04 19:00:00,-12.148,87.49987,0.03024751,0.41,0.378,0.331,-2.7979999,-2.498,-1.148
2018-03-04 20:00:00,-13.098,87.76269,0.027419135,0.41,0.378,0.331,-2.7979999,-2.498,-1.148
2018-03-04 21:00:00,-14.298,88.00633,0.024361998,0.41,0.378,0.331,-2.7979999,-2.498,-1.148
2018-03-04 22:00:00,-15.748,87.12624,0.023192972,0.41,0.378,0.331,-2.848,-2.498,-1.148
2018-03-04 23:00:00,-16.948,85.894714,0.022981688,0.41,0.378,0.331,-2.848,-2.498,-1.148
2018-03-05 00:00:00,-18.148,84.28972,0.023123287,0.41,0.378,0.331,-2.898,-2.498,-1.148
2018-03-05 01:00:00,-18.998,83.089066,0.023145907,0.41,0.378,0.331,-2.948,-2.498,-1.148
2018-03-05 02:00:00,-19.698,82.62943,0.022384763,0.41,0.378,0.331,-2.948,-2.498,-1.148
2018-03-05 03:00:00,-19.398,82.67193,0.022915132,0.41,0.378,0.331,-2.998,-2.498,-1.148
2018-03-05 04:00:00,-16.298,83.102356,0.02907312,0.41,0.378,0.331,-2.998,-2.498,-1.148
2018-03-05 05:00:00,-12.448,87.46935,0.029595658,0.41,0.378,0.331,-2.998,-2.498,-1.148
2018-03-05 06:00:00,-8.998,85.746445,0.04430741,0.41,0.378,0.331,-2.948,-2.498,-1.148
2018-03-05 07:00:00,-6.998,83.97503,0.05819282,0.41,0.378,0.331,-2.898,-2.498,-1.148
2018-03-05 08:00:00,-4.948,82.30195,0.07516271,0.41,0.378,0.331,-2.848,-2.498,-1.148
2018-03-05 09:00:00,-3.9980001,81.1758,0.08588192,0.41,0.378,0.331,-2.7979999,-2.498,-1.148
2018-03-05 10:00:00,-3.498,80.32054,0.09321144,0.41,0.378,0.331,-2.7979999,-2.498,-1.148
2018-03-05 11:00:00,-3.348,80.95857,0.09120682,0.41,0.378,0.331,-2.748,-2.498,-1.148
2018-03-05 12:00:00,-3.498,84.08306,0.07539335,0.41,0.378,0.331,-2.748,-2.498,-1.148
2018-03-05 13:00:00,-3.7979999,86.646484,0.061847836,0.41,0.378,0.331,-2.748,-2.498,-1.148
2018-03-05 14:00:00,-3.848,87.96846,0.055517167,0.41,0.378,0.331,-2.698,-2.498,-1.148
2018-03-05 15:00:00,-3.698,88.316895,0.054519206,0.41,0.378,0.331,-2.698,-2.498,-1.148
2018-03-05 16:00:00,-3.348,88.34902,0.055811346,0.41,0.378,0.331,-2.698,-2.498,-1.148
2018-03-05 17:00:00,-2.998,88.04851,0.058764637,0.41,0.378,0.331,-2.698,-2.498,-1.148
2018-03-05 18:00:00,-2.748,88.403824,0.058087945,0.41,0.378,0.331,-2.698,-2.498,-1.148
2018-03-05 19:00:00,-2.7979999,88.732414,0.05623269,0.41,0.378,0.331,-2.648,-2.498,-1.148
2018-03-05 20:00:00,-2.648,89.07959,0.05511096,0.41,0.378,0.331,-2.648,-2.498,-1.148
2018-03-05 21:00:00,-2.498,89.42711,0.053954422,0.41,0.378,0.331,-2.648,-2.498,-1.148
2018-03-05 22:00:00,-2.648,89.07959,0.05511096,0.41,0.378,0.331,-2.648,-2.448,-1.148
2018-03-05 23:00:00,-3.0479999,89.38113,0.05201879,0.41,0.378,0.331,-2.648,-2.448,-1.148
2018-03-06 00:00:00,-3.448,89.010475,0.05225128,0.41,0.378,0.331,-2.648,-2.448,-1.148
2018-03-06 01:00:00,-3.598,87.99209,0.05645579,0.41,0.378,0.331,-2.648,-2.448,-1.148
2018-03-06 02:00:00,-3.5479999,86.6725,0.06289396,0.41,0.378,0.331,-2.648,-2.448,-1.148
2018-03-06 03:00:00,-2.998,85.105446,0.073233455,0.41,0.378,0.331,-2.598,-2.448,-1.148
2018-03-06 04:00:00,-1.448,83.07756,0.09331128,0.41,0.378,0.331,-2.598,-2.448,-1.148
2018-03-06 05:00:00,0.15200001,83.28085,0.10361141,0.41,0.378,0.331,-2.598,-2.448,-1.148
2018-03-06 06:00:00,1.7520001,81.37265,0.12953407,0.41,0.378,0.331,-2.598,-2.448,-1.148
2018-03-06 07:00:00,3.402,79.8478,0.15756673,0.414,0.378,0.331,-2.598,-2.448,-1.148
2018-03-06 08:00:00,4.152,80.24546,0.16282517,0.432,0.378,0.331,-2.5479999,-2.448,-1.148
2018-03-06 09:00:00,4.902,81.50851,0.16061914,0.46,0.378,0.331,-2.5479999,-2.448,-1.148
2018-03-06 10:00:00,5.102,82.70431,0.15233928,0.495,0.378,0.331,-2.5479999,-2.448,-1.148
2018-03-06 11:00:00,4.752,86.87816,0.11279255,0.519,0.378,0.331,-2.5479999,-2.448,-1.148
2018-03-06 12:00:00,3.652,89.283325,0.08528352,0.52,0.38,0.331,-2.498,-2.448,-1.148
2018-03-06 13:00:00,1.852,90.105865,0.0692997,0.513,0.384,0.331,-2.498,-2.448,-1.148
2018-03-06 14:00:00,1.002,89.71303,0.06778973,0.512,0.384,0.331,-2.498,-2.448,-1.148
2018-03-06 15:00:00,0.652,88.70728,0.07256299,0.511,0.385,0.331,-2.498,-2.448,-1.148
2018-03-06 16:00:00,0.0020000003,88.32486,0.071571946,0.51,0.385,0.331,-2.498,-2.398,-1.148
2018-03-06 17:00:00,-1.7479999,87.8364,0.06560889,0.509,0.385,0.331,-2.448,-2.398,-1.148
2018-03-06 18:00:00,-3.898,85.97892,0.06445402,0.508,0.386,0.331,-2.448,-2.398,-1.148
2018-03-06 19:00:00,-6.048,84.749,0.05957216,0.507,0.386,0.331,-2.448,-2.398,-1.148
2018-03-06 20:00:00,-6.648,84.67741,0.057161838,0.507,0.386,0.331,-2.448,-2.398,-1.148
2018-03-06 21:00:00,-7.248,83.94376,0.057192415,0.506,0.386,0.331,-2.448,-2.398,-1.148
2018-03-06 22:00:00,-8.048,82.85385,0.057401508,0.505,0.387,0.331,-2.448,-2.398,-1.148
2018-03-06 23:00:00,-8.848,82.417435,0.055298924,0.504,0.387,0.331,-2.498,-2.398,-1.148
2018-03-07 00:00:00,-9.598,81.98455,0.053416878,0.504,0.387,0.331,-2.498,-2.398,-1.148
2018-03-07 01:00:00,-10.298,81.55575,0.05174254,0.503,0.387,0.331,-2.498,-2.398,-1.148
2018-03-07 02:00:00,-10.648,81.1755,0.051360488,0.503,0.387,0.331,-2.498,-2.398,-1.148
2018-03-07 03:00:00,-10.748,80.504265,0.052769363,0.502,0.388,0.331,-2.5479999,-2.398,-1.148
2018-03-07 04:00:00,-10.448,76.716324,0.06453934,0.501,0.388,0.331,-2.5479999,-2.398,-1.148
2018-03-07 05:00:00,-10.148,73.10641,0.076335415,0.501,0.388,0.331,-2.5479999,-2.398,-1.148
2018-03-07 06:00:00,-9.698,68.286514,0.09326774,0.5,0.388,0.331,-2.5479999,-2.398,-1.148
2018-03-07 07:00:00,-9.798,65.244835,0.101402,0.5,0.388,0.331,-2.5479999,-2.398,-1.148
2018-03-07 08:00:00,-10.048,65.18434,0.09958951,0.499,0.388,0.331,-2.598,-2.398,-1.148
2018-03-07 09:00:00,-10.548,65.6049,0.09456016,0.499,0.389,0.331,-2.598,-2.398,-1.148
2018-03-07 10:00:00,-10.898,64.97761,0.093636006,0.498,0.389,0.331,-2.598,-2.398,-1.148
2018-03-07 11:00:00,-11.148,65.46011,0.090521574,0.498,0.389,0.331,-2.598,-2.398,-1.148
2018-03-07 12:00:00,-11.698,68.11442,0.07996705,0.497,0.389,0.331,-2.598,-2.398,-1.148
2018-03-07 13:00:00,-12.598,69.9323,0.07013099,0.497,0.389,0.331,-2.648,-2.398,-1.148
2018-03-07 14:00:00,-13.548,72.11592,0.060205787,0.497,0.389,0.331,-2.648,-2.398,-1.148
2018-03-07 15:00:00,-14.098,73.53929,0.05461909,0.496,0.389,0.331,-2.648,-2.398,-1.148
2018-03-07 16:00:00,-14.598,74.37906,0.050755918,0.496,0.389,0.331,-2.698,-2.398,-1.148
2018-03-07 17:00:00,-14.998,74.61758,0.048649788,0.495,0.39,0.331,-2.698,-2.398,-1.148
2018-03-07 18:00:00,-15.248,74.887314,0.047146723,0.495,0.39,0.331,-2.748,-2.398,-1.148
2018-03-07 19:00:00,-15.098,75.55522,0.046467632,0.495,0.39,0.331,-2.7979999,-2.398,-1.148
2018-03-07 20:00:00,-15.598,76.43244,0.042980105,0.494,0.39,0.331,-2.7979999,-2.398,-1.148
2018-03-07 21:00:00,-16.448,77.92975,0.037493393,0.494,0.39,0.331,-2.848,-2.398,-1.148
2018-03-07 22:00:00,-17.048,78.49852,0.034731388,0.494,0.39,0.331,-2.848,-2.398,-1.148
2018-03-07 23:00:00,-17.648,78.73634,0.032649383,0.493,0.39,0.331,-2.898,-2.398,-1.148
2018-03-08 00:00:00,-18.148,78.99425,0.030912638,0.493,0.39,0.331,-2.898,-2.398,-1.148
2018-03-08 01:00:00,-18.648,79.25539,0.029253647,0.493,0.39,0.331,-2.948,-2.398,-1.148
2018-03-08 02:00:00,-19.148,79.17254,0.028138377,0.492,0.391,0.331,-2.998,-2.398,-1.148
2018-03-08 03:00:00,-18.798,78.54179,0.029873393,0.492,0.391,0.331,-3.0479999,-2.398,-1.148
2018-03-08 04:00:00,-17.398,76.43179,0.036959298,0.492,0.391,0.332,-3.0479999,-2.398,-1.148
2018-03-08 05:00:00,-15.698,73.84755,0.047295496,0.491,0.391,0.332,-3.0479999,-2.398,-1.148
2018-03-08 06:00:00,-13.998,71.71856,0.058855325,0.491,0.391,0.332,-2.998,-2.398,-1.148
2018-03-08 07:00:00,-12.348,68.825356,0.07419622,0.491,0.391,0.332,-2.998,-2.398,-1.148
2018-03-08 08:00:00,-11.098,66.01976,0.08941281,0.491,0.391,0.332,-2.948,-2.448,-1.148
2018-03-08 09:00:00,-10.148,63.298306,0.10415125,0.49,0.391,0.332,-2.898,-2.448,-1.148
2018-03-08 10:00:00,-9.598,61.882607,0.112972155,0.49,0.391,0.332,-2.898,-2.448,-1.148
2018-03-08 11:00:00,-9.398,61.934116,0.11461185,0.49,0.391,0.332,-2.848,-2.448,-1.148
2018-03-08 12:00:00,-9.748,66.61377,0.09779662,0.49,0.391,0.332,-2.848,-2.448,-1.148
2018-03-08 13:00:00,-11.048,71.14549,0.07623878,0.489,0.391,0.332,-2.848,-2.448,-1.148
2018-03-08 14:00:00,-12.398,74.49144,0.06047459,0.489,0.391,0.332,-2.848,-2.448,-1.148
2018-03-08 15:00:00,-13.348,75.879776,0.052940995,0.489,0.392,0.332,-2.898,-2.448,-1.148
2018-03-08 16:00:00,-13.498,77.4548,0.048884064,0.489,0.392,0.332,-2.898,-2.448,-1.148
2018-03-08 17:00:00,-13.598,78.74214,0.045719385,0.489,0.392,0.332,-2.898,-2.448,-1.148
2018-03-08 18:00:00,-13.548,79.741425,0.04374954,0.488,0.392,0.332,-2.948,-2.448,-1.148
2018-03-08 19:00:00,-13.598,80.73603,0.04143308,0.488,0.392,0.332,-2.948,-2.448,-1.148
2018-03-08 20:00:00,-13.698,82.07604,0.038238347,0.488,0.392,0.332,-2.948,-2.448,-1.148
2018-03-08 21:00:00,-13.498,82.78866,0.03732352,0.488,0.392,0.332,-2.948,-2.448,-1.148
2018-03-08 22:00:00,-13.198,83.517494,0.036628395,0.488,0.392,0.332,-2.948,-2.448,-1.148
2018-03-08 23:00:00,-12.948,83.895515,0.036523536,0.487,0.392,0.332,-2.948,-2.448,-1.148
2018-03-09 00:00:00,-12.748,83.92123,0.03706187,0.487,0.392,0.332,-2.948,-2.448,-1.148
2018-03-09 01:00:00,-12.648,83.5896,0.0381338,0.487,0.392,0.332,-2.948,-2.448,-1.148
2018-03-09 02:00:00,-12.598,83.25307,0.039073408,0.487,0.392,0.332,-2.948,-2.448,-1.148
2018-03-09 03:00:00,-11.848,81.66491,0.04544635,0.487,0.392,0.332,-2.948,-2.448,-1.148
2018-03-09 04:00:00,-10.298,76.43107,0.06611231,0.487,0.392,0.332,-2.948,-2.448,-1.148
2018-03-09 05:00:00,-8.448,69.40531,0.09925678,0.486,0.392,0.332,-2.898,-2.448,-1.148
2018-03-09 06:00:00,-6.898,64.10433,0.13131465,0.486,0.392,0.332,-2.848,-2.498,-1.148
2018-03-09 07:00:00,-5.898,62.820934,0.14684844,0.486,0.392,0.332,-2.7979999,-2.498,-1.148
2018-03-09 08:00:00,-4.898,61.33702,0.1647703,0.486,0.392,0.332,-2.7979999,-2.498,-1.148
2018-03-09 09:00:00,-4.098,60.333496,0.17956272,0.486,0.392,0.332,-2.748,-2.448,-1.148
2018-03-09 10:00:00,-3.698,60.198383,0.1856663,0.486,0.393,0.332,-2.748,-2.448,-1.148
2018-03-09 11:00:00,-3.498,60.488354,0.1870955,0.485,0.393,0.332,-2.698,-2.448,-1.148
2018-03-09 12:00:00,-3.748,64.35606,0.16566092,0.485,0.393,0.332,-2.698,-2.448,-1.148
2018-03-09 13:00:00,-4.848,71.00814,0.124043375,0.485,0.393,0.332,-2.698,-2.448,-1.148
2018-03-09 14:00:00,-6.898,76.11641,0.08739075,0.485,0.393,0.332,-2.698,-2.448,-1.148
2018-03-09 15:00:00,-8.848,79.82503,0.06344946,0.485,0.393,0.332,-2.698,-2.448,-1.148
2018-03-09 16:00:00,-10.398,82.2035,0.049531266,0.485,0.393,0.332,-2.698,-2.448,-1.148
2018-03-09 17:00:00,-11.798,84.3861,0.03885956,0.485,0.393,0.332,-2.748,-2.448,-1.148
2018-03-09 18:00:00,-12.798,85.658066,0.032925904,0.484,0.393,0.332,-2.748,-2.448,-1.148
2018-03-09 19:00:00,-13.948,87.67726,0.025759712,0.484,0.393,0.332,-2.7979999,-2.448,-1.148
2018-03-09 20:00:00,-14.748,87.59606,0.024278432,0.484,0.393,0.332,-2.7979999,-2.448,-1.148
2018-03-09 21:00:00,-15.198,87.18439,0.024167657,0.484,0.393,0.332,-2.848,-2.448,-1.148
2018-03-09 22:00:00,-15.598,86.776726,0.024121687,0.484,0.393,0.332,-2.898,-2.448,-1.148
2018-03-09 23:00:00,-15.448,87.158005,0.023720294,0.484,0.393,0.332,-2.898,-2.448,-1.148
2018-03-10 00:00:00,-14.948,87.21067,0.02462235,0.484,0.393,0.332,-2.948,-2.448,-1.148
2018-03-10 01:00:00,-14.198,87.289085,0.02603148,0.483,0.393,0.332,-2.948,-2.498,-1.148
2018-03-10 02:00:00,-13.498,86.643745,0.028966084,0.483,0.393,0.332,-2.948,-2.498,-1.148
2018-03-10 03:00:00,-12.498,86.044426,0.032827213,0.483,0.393,0.332,-2.948,-2.498,-1.148
2018-03-10 04:00:00,-10.948,84.14988,0.042226136,0.483,0.393,0.332,-2.948,-2.498,-1.148
2018-03-10 05:00:00,-9.548,80.03794,0.059420317,0.483,0.393,0.332,-2.898,-2.498,-1.148
2018-03-10 06:00:00,-8.598,78.28315,0.06964593,0.483,0.393,0.332,-2.898,-2.498,-1.148
2018-03-10 07:00:00,-7.698,77.50118,0.077389866,0.483,0.393,0.332,-2.848,-2.498,-1.148
2018-03-10 08:00:00,-6.948,76.107544,0.087087095,0.483,0.393,0.332,-2.7979999,-2.498,-1.148
2018-03-10 09:00:00,-6.548,75.28142,0.0929122,0.482,0.393,0.332,-2.7979999,-2.498,-1.148
2018-03-10 10:00:00,-6.548,75.28142,0.0929122,0.482,0.393,0.332,-2.7979999,-2.498,-1.148
2018-03-10 11:00:00,-6.748,75.54323,0.09052631,0.482,0.393,0.332,-2.748,-2.498,-1.148
2018-03-10 12:00:00,-7.148,77.90149,0.07931775,0.482,0.393,0.332,-2.748,-2.498,-1.148
2018-03-10 13:00:00,-7.948,81.56522,0.062196016,0.482,0.393,0.332,-2.748,-2.498,-1.148
2018-03-10 14:00:00,-8.898,83.735214,0.050955504,0.482,0.394,0.332,-2.748,-2.498,-1.148
2018-03-10 15:00:00,-9.748,84.63827,0.04501474,0.482,0.394,0.332,-2.748,-2.498,-1.148
2018-03-10 16:00:00,-10.548,85.56947,0.03968975,0.482,0.394,0.332,-2.748,-2.498,-1.148
2018-03-10 17:00:00,-11.098,85.85275,0.03724207,0.481,0.394,0.332,-2.7979999,-2.498,-1.148
2018-03-10 18:00:00,-11.198,85.8414,0.036975205,0.481,0.394,0.332,-2.7979999,-2.498,-1.148
2018-03-10 19:00:00,-11.548,85.8016,0.036054224,0.481,0.394,0.332,-2.7979999,-2.498,-1.148
2018-03-10 20:00:00,-12.348,86.41393,0.032348156,0.481,0.394,0.332,-2.848,-2.498,-1.148
2018-03-10 21:00:00,-12.448,86.05006,0.03294693,0.481,0.394,0.332,-2.848,-2.498,-1.148
2018-03-10 22:00:00,-12.698,86.37541,0.031534106,0.481,0.394,0.332,-2.848,-2.498,-1.148
2018-03-10 23:00:00,-12.848,86.358864,0.031190693,0.481,0.394,0.332,-2.848,-2.498,-1.148
2018-03-11 00:00:00,-12.798,86.36439,0.031304806,0.481,0.394,0.332,-2.848,-2.498,-1.148
2018-03-11 01:00:00,-12.798,86.71948,0.030489787,0.48,0.394,0.332,-2.898,-2.498,-1.148
2018-03-11 02:00:00,-12.898,86.35332,0.031077012,0.48,0.394,0.332,-2.898,-2.498,-1.148
2018-03-11 03:00:00,-12.598,86.03316,0.032588914,0.48,0.394,0.332,-2.898,-2.498,-1.148
2018-03-11 04:00:00,-11.798,82.68058,0.04310271,0.48,0.394,0.332,-2.898,-2.498,-1.148
2018-03-11 05:00:00,-10.698,78.57108,0.05823101,0.48,0.394,0.332,-2.898,-2.498,-1.148
2018-03-11 06:00:00,-9.848,74.66977,0.073627695,0.48,0.394,0.332,-2.848,-2.498,-1.148
2018-03-11 07:00:00,-9.348,73.26444,0.08083552,0.48,0.394,0.332,-2.848,-2.498,-1.148
2018-03-11 08:00:00,-8.948,71.29381,0.089560494,0.48,0.394,0.332,-2.848,-2.498,-1.148
2018-03-11 09:00:00,-8.548,69.38348,0.09855473,0.48,0.394,0.332,-2.7979999,-2.498,-1.148
2018-03-11 10:00:00,-8.598,68.812065,0.100001425,0.48,0.394,0.332,-2.7979999,-2.498,-1.148
2018-03-11 11:00:00,-8.748,68.49984,0.09982364,0.479,0.394,0.332,-2.7979999,-2.498,-1.198
2018-03-11 12:00:00,-9.248,70.94229,0.08854608,0.479,0.394,0.332,-2.7979999,-2.498,-1.148
2018-03-11 13:00:00,-9.898,74.66033,0.07336454,0.479,0.394,0.332,-2.7979999,-2.498,-1.198
2018-03-11 14:00:00,-10.648,77.3092,0.061904386,0.479,0.394,0.332,-2.7979999,-2.498,-1.198
2018-03-11 15:00:00,-11.598,79.06869,0.052931175,0.479,0.394,0.332,-2.7979999,-2.498,-1.198
2018-03-11 16:00:00,-12.698,81.206215,0.043493375,0.479,0.394,0.332,-2.848,-2.498,-1.198
2018-03-11 17:00:00,-13.748,82.754364,0.036641702,0.479,0.394,0.332,-2.848,-2.498,-1.198
2018-03-11 18:00:00,-14.898,83.64178,0.03162107,0.479,0.394,0.332,-2.898,-2.498,-1.198
2018-03-11 19:00:00,-16.398,84.15461,0.02703607,0.479,0.394,0.332,-2.898,-2.498,-1.198
2018-03-11 20:00:00,-17.148,84.41765,0.024963021,0.479,0.394,0.332,-2.948,-2.498,-1.198
2018-03-11 21:00:00,-17.848,84.32826,0.023662344,0.478,0.394,0.332,-2.998,-2.498,-1.198
2018-03-11 22:00:00,-18.298,83.9073,0.023385145,0.478,0.394,0.332,-3.0479999,-2.498,-1.198
2018-03-11 23:00:00,-18.648,83.86115,0.02276183,0.478,0.394,0.332,-3.0479999,-2.498,-1.198
2018-03-12 00:00:00,-18.648,83.86115,0.02276183,0.478,0.394,0.332,-3.098,-2.498,-1.198
2018-03-12 01:00:00,-18.948,83.821434,0.022239171,0.478,0.394,0.332,-3.148,-2.498,-1.198
2018-03-12 02:00:00,-18.648,84.22518,0.022248648,0.478,0.394,0.332,-3.148,-2.5479999,-1.198
2018-03-12 03:00:00,-17.548,83.6459,0.0253281,0.478,0.394,0.332,-3.198,-2.5479999,-1.198
2018-03-12 04:00:00,-15.748,82.47652,0.031566113,0.478,0.394,0.332,-3.198,-2.5479999,-1.198
2018-03-12 05:00:00,-13.498,77.4548,0.048884064,0.478,0.394,0.332,-3.148,-2.5479999,-1.198
2018-03-12 06:00:00,-11.848,72.46516,0.06823528,0.478,0.394,0.332,-3.098,-2.5479999,-1.198
2018-03-12 07:00:00,-11.248,69.93594,0.0781724,0.478,0.394,0.332,-3.0479999,-2.5479999,-1.198
2018-03-12 08:00:00,-10.648,68.07123,0.087089255,0.478,0.395,0.332,-2.998,-2.5479999,-1.198
2018-03-12 09:00:00,-10.198,67.33611,0.09233527,0.478,0.395,0.332,-2.998,-2.5479999,-1.198
2018-03-12 10:00:00,-10.148,67.07069,0.093454674,0.477,0.395,0.332,-2.948,-2.5479999,-1.198
2018-03-12 11:00:00,-10.198,67.05907,0.09311785,0.477,0.395,0.332,-2.948,-2.5479999,-1.198
2018-03-12 12:00:00,-10.448,68.39828,0.08757983,0.477,0.395,0.332,-2.948,-2.5479999,-1.198
2018-03-12 13:00:00,-10.898,73.25759,0.07151276,0.477,0.395,0.332,-2.948,-2.5479999,-1.198
2018-03-12 14:00:00,-11.498,76.2163,0.060624942,0.477,0.395,0.332,-2.948,-2.5479999,-1.198
2018-03-12 15:00:00,-12.198,79.62495,0.049096555,0.477,0.395,0.332,-2.948,-2.5479999,-1.198
2018-03-12 16:00:00,-12.748,82.55001,0.040221363,0.477,0.395,0.332,-2.948,-2.5479999,-1.198
2018-03-12 17:00:00,-13.448,83.83101,0.03520736,0.477,0.395,0.332,-2.998,-2.5479999,-1.198
2018-03-12 18:00:00,-14.148,83.74005,0.033434108,0.477,0.395,0.332,-2.998,-2.5479999,-1.198
2018-03-12 19:00:00,-15.048,82.5745,0.033267975,0.477,0.395,0.332,-3.0479999,-2.5479999,-1.198
2018-03-12 20:00:00,-15.448,82.17106,0.032927558,0.477,0.395,0.332,-3.0479999,-2.5479999,-1.198
2018-03-12 21:00:00,-15.997999,82.092415,0.03159225,0.477,0.395,0.332,-3.098,-2.598,-1.198
2018-03-12 22:00:00,-15.548,81.46516,0.033947363,0.477,0.395,0.332,-3.098,-2.598,-1.198
2018-03-12 23:00:00,-14.848,81.225876,0.036439165,0.477,0.395,0.332,-3.148,-2.598,-1.198
2018-03-13 00:00:00,-14.298,80.96791,0.03865245,0.477,0.395,0.332,-3.148,-2.598,-1.198
2018-03-13 01:00:00,-14.148,80.99044,0.039085418,0.477,0.395,0.332,-3.148,-2.598,-1.198
2018-03-13 02:00:00,-14.198,81.32228,0.038246065,0.476,0.395,0.332,-3.148,-2.598,-1.198
2018-03-13 03:00:00,-13.598,79.73351,0.043588266,0.476,0.395,0.332,-3.148,-2.598,-1.198
2018-03-13 04:00:00,-12.898,79.843925,0.04589404,0.476,0.395,0.332,-3.098,-2.598,-1.198
2018-03-13 05:00:00,-11.548,78.430885,0.054762512,0.476,0.395,0.332,-3.098,-2.598,-1.198
2018-03-13 06:00:00,-10.198,76.44882,0.066588506,0.476,0.395,0.332,-3.0479999,-2.598,-1.198
2018-03-13 07:00:00,-8.998,75.43537,0.07634555,0.476,0.395,0.332,-2.998,-2.598,-1.198
2018-03-13 08:00:00,-7.848,74.445496,0.08687866,0.476,0.395,0.332,-2.998,-2.598,-1.198
2018-03-13 09:00:00,-7.198,73.976616,0.093039244,0.476,0.395,0.332,-2.948,-2.598,-1.198
2018-03-13 10:00:00,-7.048,74.29986,0.09295389,0.476,0.395,0.332,-2.898,-2.598,-1.198
2018-03-13 11:00:00,-7.298,75.14424,0.08818269,0.476,0.395,0.332,-2.898,-2.598,-1.198
2018-03-13 12:00:00,-7.948,77.45887,0.07604501,0.476,0.395,0.332,-2.898,-2.598,-1.198
2018-03-13 13:00:00,-8.998,80.766304,0.059783176,0.476,0.395,0.332,-2.898,-2.598,-1.198
2018-03-13 14:00:00,-9.948,82.26599,0.05114925,0.476,0.395,0.332,-2.898,-2.598,-1.198
2018-03-13 15:00:00,-10.798,82.816505,0.04632798,0.476,0.395,0.332,-2.898,-2.598,-1.198
2018-03-13 16:00:00,-11.698,83.03261,0.042567596,0.476,0.395,0.332,-2.948,-2.598,-1.198
2018-03-13 17:00:00,-12.348,82.945114,0.040604427,0.476,0.395,0.332,-2.948,-2.598,-1.198
2018-03-13 18:00:00,-12.598,82.57072,0.04066485,0.476,0.395,0.332,-2.948,-2.598,-1.198
2018-03-13 19:00:00,-11.648,81.028145,0.047785908,0.476,0.395,0.332,-2.998,-2.598,-1.198
2018-03-13 20:00:00,-11.298,81.07992,0.049011543,0.476,0.395,0.332,-2.998,-2.598,-1.198
2018-03-13 21:00:00,-11.048,81.447525,0.04902987,0.475,0.395,0.332,-2.998,-2.598,-1.198
2018-03-13 22:00:00,-10.898,81.800865,0.048675656,0.475,0.395,0.332,-2.998,-2.598,-1.198
2018-03-13 23:00:00,-10.798,82.48149,0.047230914,0.475,0.395,0.332,-2.998,-2.598,-1.198
2018-03-14 00:00:00,-10.698,83.16599,0.045748934,0.475,0.395,0.332,-2.998,-2.598,-1.198
2018-03-14 01:00:00,-10.598,83.51621,0.04515542,0.475,0.395,0.332,-2.948,-2.598,-1.198
2018-03-14 02:00:00,-10.448,83.87353,0.044706777,0.475,0.395,0.332,-2.948,-2.598,-1.198
2018-03-14 03:00:00,-10.148,83.57459,0.046631932,0.475,0.395,0.332,-2.948,-2.598,-1.198
2018-03-14 04:00:00,-9.348,82.67926,0.052378953,0.475,0.395,0.332,-2.948,-2.598,-1.198
2018-03-14 05:00:00,-8.248,82.17251,0.05875978,0.475,0.395,0.332,-2.898,-2.598,-1.198
2018-03-14 06:00:00,-6.798,81.7277,0.06738141,0.475,0.395,0.332,-2.898,-2.598,-1.198
2018-03-14 07:00:00,-6.348,81.15358,0.071941555,0.475,0.395,0.332,-2.848,-2.598,-1.198
2018-03-14 08:00:00,-5.348,80.35577,0.08093271,0.475,0.395,0.332,-2.848,-2.598,-1.198
2018-03-14 09:00:00,-4.698,79.832825,0.08728129,0.475,0.395,0.332,-2.7979999,-2.598,-1.198
2018-03-14 10:00:00,-3.948,78.72635,0.09741944,0.475,0.395,0.332,-2.7979999,-2.598,-1.198
2018-03-14 11:00:00,-3.598,77.58114,0.10539165,0.475,0.395,0.332,-2.748,-2.598,-1.198
2018-03-14 12:00:00,-3.498,76.7085,0.110315174,0.475,0.395,0.332,-2.748,-2.598,-1.198
2018-03-14 13:00:00,-3.698,79.06886,0.09766549,0.475,0.395,0.332,-2.748,-2.598,-1.198
2018-03-14 14:00:00,-4.398,83.972435,0.07095733,0.475,0.395,0.332,-2.748,-2.5479999,-1.198
2018-03-14 15:00:00,-4.848,85.87473,0.060447663,0.475,0.395,0.332,-2.748,-2.5479999,-1.198
2018-03-14 16:00:00,-5.698,86.78085,0.053034812,0.475,0.395,0.332,-2.748,-2.5479999,-1.198
2018-03-14 17:00:00,-5.948,87.42864,0.049483478,0.475,0.395,0.332,-2.698,-2.5479999,-1.198
2018-03-14 18:00:00,-6.248,87.73818,0.04717061,0.474,0.395,0.332,-2.698,-2.5479999,-1.198
2018-03-14 19:00:00,-7.348,86.94728,0.04613799,0.474,0.395,0.332,-2.748,-2.5479999,-1.198
2018-03-14 20:00:00,-7.698,87.25284,0.04385352,0.474,0.395,0.332,-2.748,-2.5479999,-1.198
2018-03-14 21:00:00,-8.448,87.17639,0.041616112,0.474,0.395,0.332,-2.748,-2.5479999,-1.198
2018-03-14 22:00:00,-8.598,86.81685,0.0422844,0.474,0.395,0.332,-2.748,-2.5479999,-1.198
2018-03-14 23:00:00,-8.998,86.43073,0.042180747,0.474,0.395,0.332,-2.748,-2.5479999,-1.198
2018-03-15 00:00:00,-9.048,85.40032,0.045205384,0.474,0.395,0.332,-2.748,-2.5479999,-1.198
2018-03-15 01:00:00,-9.398,85.01963,0.045125455,0.474,0.395,0.332,-2.748,-2.5479999,-1.198
2018-03-15 02:00:00,-9.298,84.01912,0.048518658,0.474,0.395,0.332,-2.748,-2.5479999,-1.198
2018-03-15 03:00:00,-9.098,82.71303,0.05331406,0.474,0.395,0.332,-2.748,-2.5479999,-1.198
2018-03-15 04:00:00,-7.998,79.322754,0.069488525,0.474,0.395,0.332,-2.748,-2.5479999,-1.198
2018-03-15 05:00:00,-7.248,74.26209,0.0916644,0.474,0.395,0.332,-2.748,-2.5479999,-1.198
2018-03-15 06:00:00,-6.348,74.43139,0.09759191,0.474,0.395,0.332,-2.748,-2.5479999,-1.198
2018-03-15 07:00:00,-5.148,72.63691,0.11444622,0.474,0.395,0.332,-2.748,-2.5479999,-1.198
2018-03-15 08:00:00,-4.398,73.06808,0.1192168,0.474,0.395,0.332,-2.698,-2.5479999,-1.198
2018-03-15 09:00:00,-3.7979999,73.18403,0.12418088,0.474,0.395,0.332,-2.698,-2.5479999,-1.198
2018-03-15 10:00:00,-3.498,73.525215,0.12538719,0.473,0.395,0.332,-2.698,-2.498,-1.198
2018-03-15 11:00:00,-3.398,74.11379,0.12352061,0.473,0.395,0.332,-2.698,-2.498,-1.198
2018-03-15 12:00:00,-3.698,76.67426,0.1088357,0.473,0.395,0.332,-2.648,-2.498,-1.198
2018-03-15 13:00:00,-4.648,80.4595,0.0848898,0.473,0.395,0.332,-2.648,-2.498,-1.198
2018-03-15 14:00:00,-5.698,83.16307,0.06754622,0.473,0.395,0.332,-2.648,-2.498,-1.198
2018-03-15 15:00:00,-6.598,84.35355,0.058594376,0.473,0.395,0.332,-2.648,-2.498,-1.198
2018-03-15 16:00:00,-7.648,85.561005,0.049865544,0.473,0.395,0.332,-2.648,-2.498,-1.198
2018-03-15 17:00:00,-8.448,85.469505,0.04715413,0.473,0.395,0.332,-2.698,-2.498,-1.198
2018-03-15 18:00:00,-9.248,85.71812,0.04353252,0.473,0.395,0.332,-2.698,-2.498,-1.198
2018-03-15 19:00:00,-10.348,84.90632,0.042177975,0.473,0.395,0.332,-2.698,-2.498,-1.198
2018-03-15 20:00:00,-11.298,85.1366,0.03850603,0.473,0.395,0.332,-2.698,-2.498,-1.198
2018-03-15 21:00:00,-11.948,85.75589,0.035026193,0.473,0.395,0.332,-2.698,-2.498,-1.198
2018-03-15 22:00:00,-12.448,86.40294,0.03211373,0.473,0.395,0.332,-2.748,-2.498,-1.198
2018-03-15 23:00:00,-13.248,86.670876,0.029502496,0.473,0.395,0.332,-2.748,-2.498,-1.198
2018-03-16 00:00:00,-13.948,86.59473,0.028021991,0.473,0.395,0.332,-2.7979999,-2.498,-1.198
2018-03-16 01:00:00,-14.598,86.523445,0.026705578,0.472,0.395,0.332,-2.7979999,-2.498,-1.198
2018-03-16 02:00:00,-15.248,86.45163,0.02544336,0.472,0.395,0.332,-2.848,-2.498,-1.198
2018-03-16 03:00:00,-14.448,85.46535,0.029159665,0.472,0.395,0.332,-2.848,-2.498,-1.198
2018-03-16 04:00:00,-11.998,82.653206,0.042481646,0.472,0.395,0.332,-2.848,-2.498,-1.198
2018-03-16 05:00:00,-9.648,79.70082,0.05994892,0.472,0.395,0.332,-2.848,-2.498,-1.198
2018-03-16 06:00:00,-7.548,76.91299,0.08034095,0.472,0.395,0.332,-2.7979999,-2.498,-1.198
2018-03-16 07:00:00,-5.998,74.79061,0.09883374,0.472,0.395,0.332,-2.7979999,-2.498,-1.198
2018-03-16 08:00:00,-4.548,73.32422,0.11675495,0.472,0.395,0.332,-2.748,-2.498,-1.198
2018-03-16 09:00:00,-3.5479999,72.10761,0.13160554,0.472,0.395,0.332,-2.748,-2.498,-1.198
2018-03-16 10:00:00,-3.0479999,72.206726,0.13612664,0.472,0.395,0.332,-2.698,-2.498,-1.198
2018-03-16 11:00:00,-2.898,72.515,0.13612926,0.472,0.395,0.332,-2.698,-2.498,-1.198
2018-03-16 12:00:00,-3.348,76.73415,0.11143616,0.472,0.395,0.332,-2.698,-2.498,-1.198
2018-03-16 13:00:00,-4.948,81.35368,0.07918903,0.472,0.395,0.332,-2.698,-2.498,-1.198
2018-03-16 14:00:00,-6.948,83.98127,0.05839476,0.471,0.395,0.332,-2.698,-2.498,-1.198
2018-03-16 15:00:00,-8.498,86.14315,0.044793308,0.471,0.395,0.332,-2.698,-2.498,-1.198
2018-03-16 16:00:00,-9.898,88.07664,0.034529686,0.471,0.395,0.332,-2.698,-2.498,-1.198
2018-03-16 17:00:00,-11.198,90.46955,0.0248909,0.471,0.395,0.332,-2.698,-2.498,-1.198
2018-03-16 18:00:00,-12.448,90.370834,0.022744074,0.471,0.396,0.332,-2.698,-2.498,-1.198
2018-03-16 19:00:00,-14.098,88.75798,0.023213834,0.471,0.396,0.332,-2.748,-2.498,-1.198
2018-03-16 20:00:00,-15.498,87.152725,0.023631677,0.471,0.396,0.332,-2.748,-2.498,-1.198
2018-03-16 21:00:00,-17.048,85.88311,0.022807702,0.471,0.396,0.332,-2.7979999,-2.498,-1.198
2018-03-16 22:00:00,-18.098,84.29615,0.023212373,0.471,0.396,0.332,-2.848,-2.498,-1.198
2018-03-16 23:00:00,-18.948,83.45799,0.022738494,0.471,0.396,0.332,-2.898,-2.498,-1.198
2018-03-17 00:00:00,-19.198,82.70016,0.02327478,0.471,0.396,0.332,-2.898,-2.498,-1.198
2018-03-17 01:00:00,-19.448,82.66485,0.022825979,0.471,0.396,0.332,-2.948,-2.498,-1.198
2018-03-17 02:00:00,-19.648,82.27549,0.022939429,0.471,0.396,0.332,-2.998,-2.498,-1.198
2018-03-17 03:00:00,-18.048,81.44213,0.027545646,0.471,0.396,0.332,-2.998,-2.498,-1.198
2018-03-17 04:00:00,-15.748,83.529366,0.029670373,0.471,0.396,0.332,-2.998,-2.498,-1.198
2018-03-17 05:00:00,-12.848,86.714096,0.03037867,0.47,0.396,0.332,-2.998,-2.498,-1.198
2018-03-17 06:00:00,-9.748,86.34927,0.040002137,0.47,0.396,0.332,-2.948,-2.498,-1.198
2018-03-17 07:00:00,-7.098,81.68552,0.065993845,0.47,0.396,0.332,-2.898,-2.498,-1.198
2018-03-17 08:00:00,-4.648,76.214096,0.10332748,0.47,0.396,0.332,-2.848,-2.498,-1.198
2018-03-17 09:00:00,-2.748,71.161865,0.14443102,0.47,0.396,0.332,-2.7979999,-2.498,-1.198
2018-03-17 10:00:00,-1.5979999,67.67067,0.17628309,0.47,0.396,0.332,-2.748,-2.498,-1.198
2018-03-17 11:00:00,-1.2479999,67.74801,0.18044382,0.47,0.396,0.332,-2.748,-2.498,-1.198
2018-03-17 12:00:00,-1.648,72.48165,0.1495069,0.47,0.396,0.332,-2.698,-2.498,-1.198
2018-03-17 13:00:00,-2.998,76.79383,0.114090115,0.47,0.396,0.332,-2.698,-2.498,-1.198
2018-03-17 14:00:00,-3.948,79.94624,0.091834426,0.47,0.396,0.332,-2.698,-2.498,-1.198
2018-03-17 15:00:00,-4.548,82.03968,0.0786179,0.47,0.396,0.332,-2.698,-2.498,-1.198
2018-03-17 16:00:00,-4.848,83.27293,0.071579605,0.47,0.396,0.332,-2.698,-2.498,-1.198
2018-03-17 17:00:00,-5.198,84.197525,0.06585398,0.47,0.396,0.332,-2.698,-2.498,-1.198
2018-03-17 18:00:00,-5.448,85.14838,0.060727894,0.47,0.396,0.332,-2.698,-2.498,-1.198
2018-03-17 19:00:00,-6.448,85.69668,0.054185748,0.47,0.396,0.332,-2.698,-2.498,-1.198
2018-03-17 20:00:00,-7.248,86.27968,0.048873514,0.47,0.396,0.332,-2.698,-2.498,-1.198
2018-03-17 21:00:00,-8.048,86.874466,0.04394412,0.469,0.396,0.332,-2.698,-2.498,-1.2479999
2018-03-17 22:00:00,-8.648,87.50139,0.039932758,0.469,0.396,0.332,-2.698,-2.498,-1.2479999
2018-03-17 23:00:00,-9.448,88.47114,0.03459403,0.469,0.396,0.332,-2.698,-2.498,-1.2479999
2018-03-18 00:00:00,-9.898,89.13789,0.031456888,0.469,0.396,0.332,-2.698,-2.498,-1.2479999
2018-03-18 01:00:00,-10.248,89.82271,0.028668493,0.469,0.396,0.332,-2.748,-2.498,-1.2479999
2018-03-18 02:00:00,-10.498,90.524185,0.026168406,0.469,0.396,0.332,-2.748,-2.448,-1.2479999
2018-03-18 03:00:00,-9.398,89.89296,0.03044793,0.469,0.396,0.332,-2.748,-2.448,-1.2479999
2018-03-18 04:00:00,-6.548,87.36877,0.047486603,0.469,0.396,0.332,-2.748,-2.448,-1.2479999
2018-03-18 05:00:00,-2.898,83.52108,0.08162752,0.469,0.396,0.332,-2.748,-2.448,-1.2479999
2018-03-18 06:00:00,-0.54800004,80.44911,0.11514494,0.469,0.396,0.332,-2.698,-2.448,-1.2479999
2018-03-18 07:00:00,0.802,77.428024,0.14660835,0.469,0.396,0.332,-2.698,-2.448,-1.2479999
2018-03-18 08:00:00,1.7520001,75.32912,0.1715551,0.47,0.396,0.332,-2.648,-2.448,-1.2479999
2018-03-18 09:00:00,2.4520001,73.53555,0.19344789,0.48,0.396,0.332,-2.648,-2.448,-1.2479999
2018-03-18 10:00:00,2.802,73.33082,0.19985104,0.489,0.396,0.332,-2.598,-2.448,-1.2479999
2018-03-18 11:00:00,2.752,75.22808,0.18497801,0.495,0.396,0.332,-2.598,-2.448,-1.2479999
2018-03-18 12:00:00,2.2020001,77.655495,0.16045398,0.495,0.396,0.332,-2.598,-2.448,-1.2479999
2018-03-18 13:00:00,1.002,80.97012,0.12539864,0.495,0.396,0.332,-2.598,-2.448,-1.2479999
2018-03-18 14:00:00,-0.49800003,84.443924,0.09195477,0.495,0.396,0.332,-2.5479999,-2.448,-1.2479999
2018-03-18 15:00:00,-1.298,86.25842,0.07661304,0.495,0.396,0.332,-2.5479999,-2.448,-1.2479999
2018-03-18 16:00:00,-1.7479999,87.182846,0.06913373,0.494,0.396,0.332,-2.5479999,-2.448,-1.2479999
2018-03-18 17:00:00,-2.198,88.12313,0.06196952,0.494,0.397,0.332,-2.5479999,-2.448,-1.2479999
2018-03-18 18:00:00,-2.398,88.104546,0.061154515,0.494,0.397,0.332,-2.5479999,-2.448,-1.2479999
2018-03-18 19:00:00,-2.948,88.05319,0.058960676,0.494,0.397,0.332,-2.5479999,-2.448,-1.2479999
2018-03-18 20:00:00,-3.098,87.37693,0.06160572,0.493,0.397,0.332,-2.5479999,-2.448,-1.2479999
2018-03-18 21:00:00,-3.198,87.037384,0.06279272,0.493,0.397,0.332,-2.5479999,-2.448,-1.2479999
2018-03-18 22:00:00,-3.398,86.68809,0.063528925,0.493,0.397,0.332,-2.5479999,-2.448,-1.2479999
2018-03-18 23:00:00,-3.398,85.70757,0.06820759,0.493,0.397,0.332,-2.5479999,-2.448,-1.2479999
2018-03-19 00:00:00,-3.098,84.131874,0.07744053,0.492,0.397,0.332,-2.5479999,-2.398,-1.2479999
2018-03-19 01:00:00,-3.148,82.54325,0.08487511,0.492,0.397,0.332,-2.5479999,-2.398,-1.2479999
2018-03-19 02:00:00,-2.998,81.00871,0.093372464,0.492,0.397,0.332,-2.5479999,-2.398,-1.2479999
2018-03-19 03:00:00,-2.0479999,78.42823,0.113799244,0.492,0.397,0.332,-2.5479999,-2.398,-1.2479999
2018-03-19 04:00:00,-0.598,77.19727,0.13380417,0.491,0.397,0.332,-2.498,-2.398,-1.2479999
2018-03-19 05:00:00,1.002,76.889145,0.15228683,0.491,0.397,0.332,-2.498,-2.398,-1.2479999
2018-03-19 06:00:00,1.6520001,81.06141,0.130759,0.491,0.398,0.332,-2.498,-2.398,-1.2479999
2018-03-19 07:00:00,1.702,87.83777,0.08427614,0.491,0.398,0.332,-2.498,-2.398,-1.2479999
2018-03-19 08:00:00,1.352,93.05184,0.046954393,0.498,0.398,0.332,-2.498,-2.398,-1.2479999
2018-03-19 09:00:00,1.202,93.38095,0.044251263,0.504,0.398,0.332,-2.498,-2.398,-1.2479999
2018-03-19 10:00:00,0.252,89.32481,0.06663948,0.505,0.398,0.332,-2.448,-2.398,-1.2479999
2018-03-19 11:00:00,-2.598,73.13282,0.13607046,0.504,0.398,0.332,-2.448,-2.398,-1.2479999
2018-03-19 12:00:00,-4.598,68.05988,0.13925838,0.503,0.398,0.332,-2.448,-2.398,-1.2479999
2018-03-19 13:00:00,-6.248,68.77775,0.1200763,0.503,0.399,0.332,-2.448,-2.398,-1.2479999
2018-03-19 14:00:00,-7.948,70.92806,0.09806569,0.502,0.399,0.332,-2.448,-2.398,-1.2479999
2018-03-19 15:00:00,-9.448,72.94796,0.08115056,0.502,0.399,0.332,-2.448,-2.398,-1.2479999
2018-03-19 16:00:00,-10.598,73.92014,0.07142882,0.501,0.399,0.332,-2.498,-2.398,-1.2479999
2018-03-19 17:00:00,-11.698,75.24374,0.062097788,0.501,0.399,0.332,-2.498,-2.398,-1.2479999
2018-03-19 18:00:00,-12.898,76.59723,0.0532825,0.5,0.399,0.332,-2.498,-2.398,-1.2479999
2018-03-19 19:00:00,-13.848,76.74781,0.048994064,0.5,0.4,0.332,-2.5479999,-2.398,-1.2479999
2018-03-19 20:00:00,-15.048,77.83963,0.042302445,0.499,0.4,0.332,-2.5479999,-2.398,-1.2479999
2018-03-19 21:00:00,-16.198,78.97809,0.036468923,0.499,0.4,0.332,-2.598,-2.398,-1.2479999
2018-03-19 22:00:00,-17.248,80.51699,0.03094627,0.498,0.4,0.332,-2.598,-2.348,-1.2479999
2018-03-19 23:00:00,-18.398,82.09834,0.025791638,0.498,0.4,0.332,-2.648,-2.348,-1.2479999
2018-03-20 00:00:00,-19.598,84.10149,0.020666279,0.497,0.4,0.332,-2.698,-2.398,-1.2479999
2018-03-20 01:00:00,-20.448,82.887146,0.020665511,0.497,0.4,0.332,-2.748,-2.398,-1.2479999
2018-03-20 02:00:00,-21.048,82.0716,0.020546518,0.497,0.4,0.332,-2.7979999,-2.398,-1.2479999
2018-03-20 03:00:00,-18.948,80.9533,0.026179448,0.496,0.401,0.332,-2.848,-2.398,-1.2479999
2018-03-20 04:00:00,-14.848,77.87403,0.042941153,0.496,0.401,0.332,-2.848,-2.398,-1.2479999
2018-03-20 05:00:00,-11.298,71.97992,0.07257019,0.496,0.401,0.332,-2.848,-2.398,-1.2479999
2018-03-20 06:00:00,-8.498,65.55712,0.11129673,0.495,0.401,0.332,-2.848,-2.398,-1.2479999
2018-03-20 07:00:00,-7.498,63.957314,0.1258814,0.495,0.401,0.332,-2.7979999,-2.398,-1.2479999
2018-03-20 08:00:00,-6.048,61.783043,0.14922439,0.495,0.401,0.332,-2.7979999,-2.398,-1.2479999
2018-03-20 09:00:00,-4.998,60.824192,0.1656943,0.494,0.401,0.332,-2.748,-2.398,-1.2479999
2018-03-20 10:00:00,-4.398,61.708645,0.16947025,0.494,0.401,0.332,-2.748,-2.398,-1.2479999
2018-03-20 11:00:00,-3.9980001,64.803825,0.16054046,0.494,0.401,0.332,-2.698,-2.398,-1.2479999
2018-03-20 12:00:00,-3.848,70.387115,0.13661447,0.493,0.401,0.332,-2.698,-2.398,-1.2479999
2018-03-20 13:00:00,-3.848,73.74349,0.12113589,0.493,0.402,0.332,-2.698,-2.398,-1.2479999
2018-03-20 14:00:00,-3.948,76.63134,0.107010424,0.493,0.402,0.332,-2.698,-2.398,-1.2479999
2018-03-20 15:00:00,-3.898,78.734276,0.09774935,0.492,0.402,0.332,-2.648,-2.398,-1.2479999
2018-03-20 16:00:00,-4.048,81.480705,0.084174424,0.492,0.402,0.332,-2.648,-2.398,-1.2479999
2018-03-20 17:00:00,-3.898,83.39449,0.07633242,0.492,0.402,0.332,-2.648,-2.398,-1.2479999
2018-03-20 18:00:00,-3.598,84.39156,0.073381245,0.492,0.402,0.332,-2.648,-2.398,-1.2479999
2018-03-20 19:00:00,-3.248,86.04956,0.06732562,0.491,0.402,0.332,-2.598,-2.398,-1.2479999
2018-03-20 20:00:00,-2.448,87.44081,0.06432754,0.491,0.402,0.332,-2.598,-2.398,-1.2479999
2018-03-20 21:00:00,-1.448,88.192474,0.06510991,0.491,0.402,0.332,-2.598,-2.398,-1.2479999
2018-03-20 22:00:00,-0.598,88.27035,0.06883395,0.492,0.402,0.332,-2.598,-2.398,-1.2479999
2018-03-20 23:00:00,0.45200002,88.36551,0.07368648,0.493,0.402,0.332,-2.5479999,-2.398,-1.2479999
2018-03-21 00:00:00,1.1520001,89.07457,0.07277781,0.494,0.402,0.332,-2.5479999,-2.398,-1.2479999
2018-03-21 01:00:00,1.452,90.40216,0.06532675,0.494,0.402,0.332,-2.5479999,-2.398,-1.2479999
2018-03-21 02:00:00,1.552,91.72773,0.056709766,0.497,0.403,0.332,-2.498,-2.398,-1.2479999
2018-03-21 03:00:00,1.602,93.06556,0.047709167,0.501,0.403,0.333,-2.498,-2.398,-1.2479999
2018-03-21 04:00:00,1.552,94.07541,0.040615857,0.507,0.403,0.333,-2.498,-2.398,-1.2479999
2018-03-21 05:00:00,1.702,94.082466,0.041005492,0.513,0.403,0.333,-2.498,-2.398,-1.2479999
2018-03-21 06:00:00,1.802,94.08715,0.041267097,0.517,0.404,0.333,-2.448,-2.398,-1.2479999
2018-03-21 07:00:00,2.252,92.434906,0.054521322,0.52,0.407,0.333,-2.448,-2.348,-1.2479999
2018-03-21 08:00:00,2.302,92.43787,0.054694235,0.518,0.41,0.333,-2.448,-2.348,-1.2479999
2018-03-21 09:00:00,2.752,89.52978,0.078187644,0.52,0.412,0.333,-2.448,-2.348,-1.2479999
2018-03-21 10:00:00,3.402,84.59097,0.120482266,0.517,0.416,0.333,-2.448,-2.348,-1.2479999
2018-03-21 11:00:00,3.252,86.417595,0.1050818,0.518,0.418,0.333,-2.398,-2.348,-1.2479999
2018-03-21 12:00:00,2.602,90.1633,0.07267904,0.518,0.419,0.333,-2.398,-2.348,-1.2479999
2018-03-21 13:00:00,1.852,93.41491,0.046123147,0.514,0.421,0.333,-2.398,-2.348,-1.2479999
2018-03-21 14:00:00,1.452,95.09382,0.03339398,0.513,0.421,0.333,-2.398,-2.348,-1.2479999
2018-03-21 15:00:00,1.102,96.463394,0.023474634,0.513,0.422,0.333,-2.398,-2.348,-1.2479999
2018-03-21 16:00:00,0.902,97.15711,0.018600404,0.513,0.422,0.333,-2.398,-2.348,-1.2479999
2018-03-21 17:00:00,0.852,97.5075,0.01624924,0.513,0.422,0.333,-2.348,-2.348,-1.2479999
2018-03-21 18:00:00,0.752,97.85843,0.01386112,0.512,0.423,0.333,-2.348,-2.348,-1.2479999
2018-03-21 19:00:00,0.302,98.20595,0.011240363,0.512,0.423,0.333,-2.348,-2.348,-1.2479999
2018-03-21 20:00:00,0.252,97.8497,0.013423622,0.512,0.424,0.333,-2.348,-2.348,-1.2479999
2018-03-21 21:00:00,0.252,98.20522,0.011204302,0.511,0.424,0.333,-2.348,-2.348,-1.2479999
2018-03-21 22:00:00,0.352,97.851456,0.013510168,0.51,0.424,0.333,-2.348,-2.348,-1.2479999
2018-03-21 23:00:00,0.502,97.50043,0.01588893,0.509,0.425,0.333,-2.348,-2.348,-1.2479999
2018-03-22 00:00:00,0.602,97.85581,0.013728619,0.509,0.425,0.333,-2.348,-2.2979999,-1.2479999
2018-03-22 01:00:00,0.802,97.5065,0.016197324,0.51,0.425,0.333,-2.2979999,-2.2979999,-1.2479999
2018-03-22 02:00:00,1.102,97.51254,0.016510844,0.512,0.425,0.333,-2.2979999,-2.2979999,-1.2479999
2018-03-22 03:00:00,1.702,97.17543,0.019573033,0.516,0.426,0.333,-2.2979999,-2.2979999,-1.2479999
2018-03-22 04:00:00,2.402,96.84516,0.022980928,0.518,0.427,0.333,-2.2979999,-2.2979999,-1.2479999
2018-03-22 05:00:00,3.7020001,95.18084,0.03848654,0.52,0.43,0.333,-2.2979999,-2.2979999,-1.2479999
2018-03-22 06:00:00,4.952,92.59286,0.06456429,0.52,0.435,0.333,-2.2979999,-2.2979999,-1.2479999
2018-03-22 07:00:00,6.452,85.53483,0.13988179,0.52,0.44,0.333,-2.2979999,-2.2979999,-1.2479999
2018-03-22 08:00:00,7.552,78.77119,0.22135442,0.52,0.445,0.333,-2.2979999,-2.2979999,-1.2479999
2018-03-22 09:00:00,8.352,73.81956,0.2882427,0.52,0.449,0.333,-2.2979999,-2.2979999,-1.2479999
2018-03-22 10:00:00,7.852,76.637886,0.24862772,0.52,0.454,0.333,-2.248,-2.2979999,-1.2479999
2018-03-22 11:00:00,6.152,86.71121,0.12587738,0.52,0.459,0.333,-2.198,-2.2979999,-1.2479999
2018-03-22 12:00:00,5.502,90.69834,0.08423662,0.52,0.464,0.333,-2.148,-2.2979999,-1.2479999
2018-03-22 13:00:00,4.602,92.89937,0.06039983,0.514,0.47,0.333,-2.148,-2.2979999,-1.2479999
2018-03-22 14:00:00,3.552,94.168434,0.046082377,0.518,0.47,0.333,-2.098,-2.2979999,-1.2479999
2018-03-22 15:00:00,3.4520001,94.49859,0.04316795,0.514,0.474,0.333,-2.098,-2.248,-1.2479999
2018-03-22 16:00:00,3.602,95.51456,0.035569966,0.52,0.474,0.333,-2.0479999,-2.248,-1.2479999
2018-03-22 17:00:00,3.002,97.55036,0.018620074,0.508,0.481,0.333,-1.9979999,-2.248,-1.2479999
2018-03-22 18:00:00,2.252,98.585075,0.010197461,0.513,0.481,0.333,-1.9979999,-2.248,-1.2479999
2018-03-22 19:00:00,1.352,97.86883,0.01440227,0.509,0.483,0.333,-1.948,-2.248,-1.2479999
2018-03-22 20:00:00,0.852,97.5075,0.01624924,0.509,0.483,0.333,-1.948,-2.248,-1.2479999
2018-03-22 21:00:00,0.502,97.1479,0.018129706,0.509,0.484,0.333,-1.948,-2.248,-1.2479999
2018-03-22 22:00:00,0.302,96.4405,0.022301435,0.508,0.484,0.334,-1.948,-2.248,-1.2479999
2018-03-22 23:00:00,0.052,95.73365,0.026250005,0.507,0.484,0.334,-1.948,-2.248,-1.2479999
2018-03-23 00:00:00,-0.24800001,95.026535,0.029940963,0.506,0.483,0.334,-1.948,-2.198,-1.2479999
2018-03-23 01:00:00,-0.598,93.97292,0.03537029,0.505,0.483,0.334,-1.948,-2.198,-1.2479999
2018-03-23 02:00:00,-0.99799997,93.60822,0.03642994,0.505,0.483,0.334,-1.948,-2.198,-1.2479999
2018-03-23 03:00:00,-1.198,91.88545,0.04557568,0.504,0.483,0.334,-1.948,-2.198,-1.2479999
2018-03-23 04:00:00,-1.298,85.937515,0.07840198,0.504,0.483,0.334,-1.948,-2.198,-1.2479999
2018-03-23 05:00:00,-1.0979999,78.87465,0.119512826,0.503,0.483,0.334,-1.898,-2.198,-1.2479999
2018-03-23 06:00:00,-0.648,73.78147,0.15328273,0.502,0.483,0.334,-1.898,-2.198,-1.2479999
2018-03-23 07:00:00,-0.198,71.944916,0.16948456,0.502,0.483,0.334,-1.898,-2.198,-1.2479999
2018-03-23 08:00:00,0.402,68.884125,0.19633287,0.501,0.483,0.334,-1.8479999,-2.198,-1.2479999
2018-03-23 09:00:00,1.002,67.47442,0.21430916,0.501,0.483,0.334,-1.798,-2.148,-1.2479999
2018-03-23 10:00:00,1.702,67.12411,0.22778136,0.5,0.482,0.335,-1.798,-2.148,-1.2479999
2018-03-23 11:00:00,1.4020001,73.8858,0.1770925,0.5,0.482,0.335,-1.7479999,-2.148,-1.2479999
2018-03-23 12:00:00,0.602,84.26278,0.100755036,0.5,0.482,0.335,-1.7479999,-2.148,-1.2479999
2018-03-23 13:00:00,0.752,89.692986,0.06670916,0.499,0.482,0.335,-1.7479999,-2.148,-1.2479999
2018-03-23 14:00:00,1.202,93.04359,0.046506584,0.501,0.482,0.335,-1.698,-2.148,-1.2479999
2018-03-23 15:00:00,1.7520001,93.409706,0.045830905,0.511,0.482,0.335,-1.698,-2.148,-1.2479999
2018-03-23 16:00:00,2.402,92.77596,0.05262214,0.52,0.483,0.335,-1.698,-2.148,-1.2479999
2018-03-23 17:00:00,1.5020001,97.17086,0.019325852,0.503,0.494,0.335,-1.698,-2.148,-1.2479999
2018-03-23 18:00:00,0.45200002,93.6818,0.04001695,0.497,0.496,0.335,-1.698,-2.098,-1.2479999
2018-03-23 19:00:00,-1.898,89.1438,0.0579136,0.497,0.495,0.335,-1.698,-2.098,-1.2479999
2018-03-23 20:00:00,-3.248,87.69302,0.059395134,0.497,0.495,0.336,-1.7479999,-2.098,-1.2479999
2018-03-23 21:00:00,-4.448,86.578476,0.059198022,0.496,0.494,0.336,-1.7479999,-2.098,-1.2479999
2018-03-23 22:00:00,-5.248,85.1715,0.061561793,0.496,0.494,0.336,-1.798,-2.098,-1.2479999
2018-03-23 23:00:00,-5.848,84.44465,0.061695993,0.496,0.494,0.336,-1.8479999,-2.098,-1.2479999
2018-03-24 00:00:00,-6.098,84.08684,0.06192091,0.496,0.493,0.336,-1.898,-2.098,-1.2479999
2018-03-24 01:00:00,-6.198,83.09795,0.06526673,0.496,0.493,0.336,-1.948,-2.098,-1.2479999
2018-03-24 02:00:00,-6.248,82.76806,0.06628606,0.495,0.492,0.336,-1.9979999,-2.098,-1.2479999
2018-03-24 03:00:00,-6.298,83.40949,0.06357527,0.495,0.492,0.337,-1.9979999,-2.098,-1.2479999
2018-03-24 04:00:00,-5.998,81.2039,0.0736973,0.495,0.492,0.337,-2.0479999,-2.098,-1.2479999
2018-03-24 05:00:00,-5.448,78.181274,0.08920807,0.495,0.491,0.337,-2.0479999,-2.098,-1.2479999
2018-03-24 06:00:00,-4.748,74.43794,0.11020458,0.495,0.491,0.337,-2.0479999,-2.098,-1.2479999
2018-03-24 07:00:00,-4.398,72.21905,0.12297365,0.494,0.49,0.337,-2.0479999,-2.098,-1.2479999
2018-03-24 08:00:00,-3.898,70.65117,0.13488978,0.494,0.49,0.337,-2.0479999,-2.098,-1.2479999
2018-03-24 09:00:00,-3.698,69.872894,0.14055774,0.494,0.49,0.337,-2.0479999,-2.0479999,-1.2479999
2018-03-24 10:00:00,-3.5479999,69.094025,0.14581865,0.494,0.489,0.337,-2.0479999,-2.0479999,-1.2479999
2018-03-24 11:00:00,-3.598,69.89401,0.14151514,0.494,0.489,0.338,-2.0479999,-2.0479999,-1.2479999
2018-03-24 12:00:00,-3.748,70.68223,0.13627169,0.494,0.489,0.338,-2.0479999,-2.0479999,-1.2479999
2018-03-24 13:00:00,-3.948,74.87526,0.11504936,0.493,0.488,0.338,-2.0479999,-2.0479999,-1.2479999
2018-03-24 14:00:00,-4.398,78.35156,0.095835626,0.493,0.488,0.338,-2.098,-2.0479999,-1.2479999
2018-03-24 15:00:00,-4.698,81.0757,0.08190355,0.493,0.488,0.338,-2.098,-2.0479999,-1.2479999
2018-03-24 16:00:00,-4.848,81.998535,0.07703188,0.493,0.488,0.338,-2.148,-2.0479999,-1.2479999
2018-03-24 17:00:00,-4.998,81.6617,0.07758677,0.493,0.487,0.338,-2.148,-2.0479999,-1.2479999
2018-03-24 18:00:00,-5.148,82.27484,0.07414538,0.493,0.487,0.338,-2.198,-2.0479999,-1.2479999
2018-03-24 19:00:00,-5.498,82.227264,0.072393715,0.493,0.487,0.338,-2.248,-2.0479999,-1.2479999
2018-03-24 20:00:00,-5.548,82.54003,0.070849925,0.492,0.486,0.339,-2.248,-2.0479999,-1.2479999
2018-03-24 21:00:00,-5.648,83.49269,0.06647688,0.492,0.486,0.339,-2.2979999,-2.0479999,-1.2479999
2018-03-24 22:00:00,-5.598,84.80235,0.06143725,0.492,0.486,0.339,-2.348,-2.0479999,-1.2479999
2018-03-24 23:00:00,-5.548,86.796455,0.05358085,0.492,0.486,0.339,-2.398,-2.0479999,-1.2479999
2018-03-25 00:00:00,-5.448,88.49398,0.04704973,0.492,0.485,0.339,-2.398,-2.0479999,-1.2479999
2018-03-25 01:00:00,-5.448,89.86465,0.041445553,0.492,0.485,0.339,-2.448,-2.0479999,-1.2479999
2018-03-25 02:00:00,-5.198,89.88488,0.042155743,0.491,0.485,0.339,-2.498,-2.0479999,-1.2479999
2018-03-25 03:00:00,-4.698,88.901215,0.048039377,0.491,0.484,0.339,-2.448,-2.0479999,-1.2479999
2018-03-25 04:00:00,-3.9980001,86.62561,0.061021805,0.491,0.484,0.339,-2.448,-2.0479999,-1.2479999
2018-03-25 05:00:00,-3.448,86.027885,0.06643054,0.491,0.484,0.339,-2.398,-2.0479999,-1.2479999
2018-03-25 06:00:00,-2.698,84.81898,0.076325774,0.491,0.484,0.339,-2.348,-2.0479999,-1.2479999
2018-03-25 07:00:00,-1.548,83.376724,0.090990424,0.491,0.483,0.339,-2.348,-2.0479999,-1.2479999
2018-03-25 08:00:00,-1.648,85.57894,0.07835895,0.491,0.483,0.34,-2.348,-2.0479999,-1.2479999
2018-03-25 09:00:00,-1.398,86.89328,0.0725393,0.49,0.483,0.34,-2.2979999,-2.0479999,-1.2479999
2018-03-25 10:00:00,-1.4979999,88.51676,0.06308955,0.49,0.483,0.34,-2.2979999,-2.0479999,-1.2479999
2018-03-25 11:00:00,-1.548,89.83926,0.05561942,0.49,0.483,0.34,-2.2979999,-2.0479999,-1.2479999
2018-03-25 12:00:00,-1.698,92.53738,0.040402293,0.49,0.482,0.34,-2.2979999,-2.0479999,-1.2479999
2018-03-25 13:00:00,-1.8479999,92.87264,0.038163155,0.49,0.482,0.34,-2.2979999,-2.0479999,-1.2479999
2018-03-25 14:00:00,-1.9979999,92.51947,0.039613307,0.49,0.482,0.34,-2.2979999,-2.0479999,-1.2479999
2018-03-25 15:00:00,-2.248,92.50449,0.03896603,0.49,0.482,0.34,-2.248,-2.098,-1.2479999
2018-03-25 16:00:00,-2.2979999,92.15721,0.040620685,0.49,0.481,0.34,-2.248,-2.098,-1.2479999
2018-03-25 17:00:00,-2.448,92.49248,0.03845474,0.489,0.481,0.34,-2.248,-2.0479999,-1.2479999
2018-03-25 18:00:00,-2.648,92.48043,0.037949294,0.489,0.481,0.34,-2.248,-2.0479999,-1.2479999
2018-03-25 19:00:00,-3.448,91.04961,0.042556763,0.489,0.481,0.34,-2.248,-2.0479999,-1.2479999
2018-03-25 20:00:00,-3.948,90.669754,0.04273188,0.489,0.481,0.341,-2.248,-2.0479999,-1.2479999
2018-03-25 21:00:00,-4.398,90.63615,0.041458666,0.489,0.48,0.341,-2.248,-2.0479999,-1.2479999
2018-03-25 22:00:00,-4.748,89.921165,0.043460667,0.489,0.48,0.341,-2.248,-2.0479999,-1.2479999
2018-03-25 23:00:00,-5.198,89.541115,0.04358828,0.489,0.48,0.341,-2.248,-2.0479999,-1.2479999
2018-03-26 00:00:00,-5.848,89.486664,0.04170081,0.489,0.48,0.341,-2.248,-2.0479999,-1.2479999
2018-03-26 01:00:00,-6.598,89.42333,0.03961125,0.488,0.48,0.341,-2.248,-2.0479999,-1.2479999
2018-03-26 02:00:00,-7.698,89.67978,0.035505444,0.488,0.479,0.341,-2.248,-2.0479999,-1.2479999
2018-03-26 03:00:00,-7.798,87.930565,0.041201532,0.488,0.479,0.341,-2.248,-2.0479999,-1.2479999
2018-03-26 04:00:00,-6.498,84.365746,0.058999956,0.488,0.479,0.341,-2.248,-2.0479999,-1.2479999
2018-03-26 05:00:00,-5.048,81.339485,0.07865119,0.488,0.479,0.341,-2.248,-2.0479999,-1.2479999
2018-03-26 06:00:00,-3.5479999,76.69995,0.10994369,0.488,0.479,0.341,-2.248,-2.0479999,-1.2479999
2018-03-26 07:00:00,-3.148,74.73305,0.1228379,0.488,0.478,0.341,-2.248,-2.0479999,-1.2479999
2018-03-26 08:00:00,-2.398,70.959816,0.14926976,0.488,0.478,0.341,-2.248,-2.0479999,-1.2479999
2018-03-26 09:00:00,-1.8479999,69.99193,0.16064388,0.487,0.478,0.341,-2.248,-2.0479999,-1.2479999
2018-03-26 10:00:00,-1.448,70.343445,0.16350815,0.487,0.478,0.341,-2.248,-2.0479999,-1.2479999
2018-03-26 11:00:00,-1.4979999,74.18336,0.14182064,0.487,0.478,0.342,-2.198,-2.0479999,-1.2479999
2018-03-26 12:00:00,-2.098,78.123474,0.114981055,0.487,0.477,0.342,-2.198,-2.0479999,-1.2479999
2018-03-26 13:00:00,-3.148,80.98725,0.092438966,0.487,0.477,0.342,-2.198,-2.0479999,-1.2479999
2018-03-26 14:00:00,-4.248,83.030945,0.07597825,0.487,0.477,0.342,-2.198,-2.0479999,-1.2479999
2018-03-26 15:00:00,-4.898,84.23417,0.067212164,0.487,0.477,0.342,-2.198,-2.0479999,-1.2479999
2018-03-26 16:00:00,-5.248,85.1715,0.061561793,0.487,0.477,0.342,-2.198,-2.0479999,-1.2479999
2018-03-26 17:00:00,-5.498,86.134605,0.056480706,0.486,0.477,0.342,-2.198,-2.0479999,-1.2479999
2018-03-26 18:00:00,-5.648,87.45843,0.050508827,0.486,0.476,0.342,-2.198,-2.0479999,-1.2479999
2018-03-26 19:00:00,-6.198,88.425156,0.044699013,0.486,0.476,0.342,-2.198,-2.0479999,-1.2479999
2018-03-26 20:00:00,-6.298,89.10328,0.04175961,0.486,0.476,0.342,-2.248,-2.0479999,-1.2479999
2018-03-26 21:00:00,-6.298,89.44873,0.04043591,0.486,0.476,0.342,-2.248,-2.0479999,-1.2479999
2018-03-26 22:00:00,-6.398,89.44028,0.040159434,0.486,0.476,0.342,-2.248,-2.0479999,-1.2479999
2018-03-26 23:00:00,-6.398,88.75004,0.042784065,0.486,0.476,0.342,-2.248,-2.0479999,-1.2479999
2018-03-27 00:00:00,-6.748,88.37431,0.043040395,0.486,0.475,0.342,-2.248,-2.0479999,-1.2479999
2018-03-27 01:00:00,-7.098,87.997826,0.04325217,0.486,0.475,0.342,-2.248,-2.0479999,-1.2479999
2018-03-27 02:00:00,-7.298,87.63541,0.043875277,0.485,0.475,0.342,-2.248,-2.0479999,-1.2479999
2018-03-27 03:00:00,-6.848,85.31777,0.053937405,0.485,0.475,0.343,-2.248,-2.0479999,-1.2479999
2018-03-27 04:00:00,-6.048,82.79461,0.067204505,0.485,0.475,0.343,-2.248,-2.0479999,-1.2479999
2018-03-27 05:00:00,-5.148,78.23012,0.09105986,0.485,0.475,0.343,-2.248,-2.0479999,-1.2479999
2018-03-27 06:00:00,-4.198,75.70438,0.109182954,0.485,0.475,0.343,-2.248,-2.0479999,-1.2479999
2018-03-27 07:00:00,-2.898,73.35664,0.13196206,0.485,0.474,0.343,-2.248,-2.0479999,-1.2479999
2018-03-27 08:00:00,-2.348,72.067856,0.14410904,0.485,0.474,0.343,-2.248,-2.0479999,-1.2479999
2018-03-27 09:00:00,-1.898,71.33407,0.15289629,0.485,0.474,0.343,-2.248,-2.0479999,-1.2479999
2018-03-27 10:00:00,-1.648,71.65736,0.15398395,0.485,0.474,0.343,-2.248,-2.0479999,-1.2479999
2018-03-27 11:00:00,-1.698,73.584404,0.14298987,0.484,0.474,0.343,-2.198,-2.0479999,-1.2479999
2018-03-27 12:00:00,-2.098,76.07378,0.12575147,0.484,0.474,0.343,-2.198,-2.0479999,-1.2479999
2018-03-27 13:00:00,-2.948,78.88408,0.104203284,0.484,0.473,0.343,-2.198,-2.0479999,-1.2479999
2018-03-27 14:00:00,-3.948,82.12157,0.08187473,0.484,0.473,0.343,-2.198,-2.0479999,-1.2479999
2018-03-27 15:00:00,-4.648,83.619514,0.07116449,0.484,0.473,0.343,-2.198,-2.0479999,-1.2479999
2018-03-27 16:00:00,-5.348,85.15994,0.061143607,0.484,0.473,0.343,-2.198,-2.0479999,-1.2479999
2018-03-27 17:00:00,-6.098,86.403564,0.052907765,0.484,0.473,0.343,-2.198,-2.0479999,-1.2479999
2018-03-27 18:00:00,-6.748,86.6709,0.049345613,0.484,0.473,0.343,-2.198,-2.0479999,-1.2479999
2018-03-27 19:00:00,-7.348,86.94728,0.04613799,0.484,0.473,0.343,-2.248,-2.0479999,-1.2479999
2018-03-27 20:00:00,-7.998,87.22233,0.04294634,0.483,0.472,0.343,-2.248,-2.0479999,-1.2479999
2018-03-27 21:00:00,-8.648,87.50139,0.039932758,0.483,0.472,0.343,-2.248,-2.0479999,-1.2479999
2018-03-27 22:00:00,-9.248,87.44116,0.03828159,0.483,0.472,0.344,-2.248,-2.0479999,-1.2479999
2018-03-27 23:00:00,-9.848,87.73035,0.035673022,0.483,0.472,0.344,-2.248,-2.0479999,-1.2479999
2018-03-28 00:00:00,-10.398,88.02836,0.03332302,0.483,0.472,0.344,-2.248,-2.0479999,-1.2479999
2018-03-28 01:00:00,-10.748,87.9944,0.032500267,0.483,0.472,0.344,-2.248,-2.0479999,-1.2479999
2018-03-28 02:00:00,-10.648,87.65088,0.033697233,0.483,0.472,0.344,-2.2979999,-2.0479999,-1.2479999
2018-03-28 03:00:00,-9.548,85.684006,0.042618185,0.483,0.472,0.344,-2.2979999,-2.0479999,-1.2479999
2018-03-28 04:00:00,-7.848,83.208626,0.057094693,0.483,0.471,0.344,-2.2979999,-2.0479999,-1.2479999
2018-03-28 05:00:00,-6.048,81.83256,0.070961356,0.482,0.471,0.344,-2.2979999,-2.0479999,-1.2479999
2018-03-28 06:00:00,-4.348,80.50374,0.086636275,0.482,0.471,0.344,-2.2979999,-2.0479999,-1.2479999
2018-03-28 07:00:00,-2.398,78.97012,0.10810542,0.482,0.471,0.344,-2.2979999,-2.0479999,-1.2479999
2018-03-28 08:00:00,-1.0979999,77.40503,0.12782523,0.482,0.471,0.344,-2.248,-2.0479999,-1.2479999
2018-03-28 09:00:00,-0.098000005,76.132904,0.14524147,0.482,0.471,0.344,-2.248,-2.0479999,-1.2479999
2018-03-28 10:00:00,0.45200002,75.66138,0.15413529,0.482,0.471,0.344,-2.248,-2.0479999,-1.2479999
2018-03-28 11:00:00,0.802,75.72242,0.1576848,0.482,0.471,0.344,-2.248,-2.0479999,-1.2479999
2018-03-28 12:00:00,0.45200002,78.52913,0.1359767,0.482,0.47,0.344,-2.248,-2.0479999,-1.2479999
2018-03-28 13:00:00,-0.348,81.382286,0.11125952,0.482,0.47,0.344,-2.248,-2.0479999,-1.2479999
2018-03-28 14:00:00,-1.648,85.57894,0.07835895,0.482,0.47,0.344,-2.198,-2.0479999,-1.2479999
2018-03-28 15:00:00,-2.198,87.79365,0.06368849,0.481,0.47,0.344,-2.198,-2.0479999,-1.2479999
2018-03-28 16:00:00,-1.798,89.15231,0.058296442,0.481,0.47,0.344,-2.198,-2.0479999,-1.2479999
2018-03-28 17:00:00,-1.548,89.83926,0.05561942,0.481,0.47,0.344,-2.198,-2.0479999,-1.2479999
2018-03-28 18:00:00,-1.7479999,89.48936,0.056693792,0.481,0.47,0.344,-2.198,-2.0479999,-1.2479999
2018-03-28 19:00:00,-1.648,89.831245,0.055255145,0.481,0.47,0.345,-2.198,-2.0479999,-1.2479999
2018-03-28 20:00:00,-1.3479999,87.54786,0.069170356,0.481,0.469,0.345,-2.198,-2.0479999,-1.2479999
2018-03-28 21:00:00,-0.99799997,84.07067,0.09078348,0.481,0.469,0.345,-2.198,-2.0479999,-1.2479999
2018-03-28 22:00:00,-0.698,79.23294,0.12097475,0.481,0.469,0.345,-2.198,-2.0479999,-1.2479999
2018-03-28 23:00:00,-0.648,76.03791,0.14009356,0.481,0.469,0.345,-2.198,-2.0479999,-1.2479999
2018-03-29 00:00:00,-0.948,75.69998,0.13898748,0.481,0.469,0.345,-2.198,-2.0479999,-1.2479999
2018-03-29 01:00:00,-1.798,76.1259,0.12828705,0.48,0.469,0.345,-2.198,-2.0479999,-1.2479999
2018-03-29 02:00:00,-2.098,74.3551,0.13478205,0.48,0.469,0.345,-2.198,-2.0479999,-1.2479999
2018-03-29 03:00:00,-1.398,71.16309,0.15957579,0.48,0.469,0.345,-2.198,-2.0479999,-1.2479999
2018-03-29 04:00:00,-0.29799998,69.25731,0.18436965,0.48,0.468,0.345,-2.198,-2.0479999,-1.2479999
2018-03-29 05:00:00,0.602,69.97101,0.19223672,0.48,0.468,0.345,-2.148,-2.0479999,-1.2479999
2018-03-29 06:00:00,1.1520001,74.11453,0.17241746,0.48,0.468,0.345,-2.148,-2.0479999,-1.2479999
2018-03-29 07:00:00,1.302,78.372475,0.14562142,0.48,0.468,0.345,-2.148,-2.0479999,-1.2479999
2018-03-29 08:00:00,1.4020001,83.437225,0.11232597,0.481,0.468,0.345,-2.148,-2.0479999,-1.2479999
2018-03-29 09:00:00,2.052,85.04979,0.106217444,0.487,0.468,0.345,-2.148,-2.0479999,-1.298
2018-03-29 10:00:00,2.752,86.36601,0.10181266,0.497,0.468,0.345,-2.148,-2.0479999,-1.298
2018-03-29 11:00:00,3.002,88.27465,0.089125216,0.507,0.468,0.345,-2.148,-2.0479999,-1.298
2018-03-29 12:00:00,2.652,88.561264,0.08481598,0.515,0.468,0.345,-2.148,-2.0479999,-1.298
2018-03-29 13:00:00,2.002,89.4689,0.0745554,0.513,0.47,0.345,-2.098,-2.0479999,-1.298
2018-03-29 14:00:00,1.6520001,89.764885,0.07066971,0.514,0.471,0.345,-2.098,-2.0479999,-1.298
2018-03-29 15:00:00,1.352,90.39468,0.06491035,0.514,0.471,0.345,-2.098,-2.0479999,-1.298
2018-03-29 16:00:00,1.002,90.69768,0.06130123,0.512,0.472,0.345,-2.098,-2.0479999,-1.298
2018-03-29 17:00:00,0.752,90.67946,0.060324788,0.511,0.472,0.345,-2.098,-2.0479999,-1.298
2018-03-29 18:00:00,0.402,90.65386,0.058980227,0.51,0.472,0.346,-2.098,-2.0479999,-1.298
2018-03-29 19:00:00,-0.098000005,89.624405,0.06314558,0.509,0.472,0.346,-2.098,-2.0479999,-1.298
2018-03-29 20:00:00,-0.648,87.29163,0.074305356,0.508,0.473,0.346,-2.098,-2.0479999,-1.298
2018-03-29 21:00:00,-1.298,85.617676,0.080184996,0.507,0.473,0.346,-2.098,-2.0479999,-1.298
2018-03-29 22:00:00,-2.098,83.621346,0.086089164,0.506,0.473,0.346,-2.098,-2.0479999,-1.298
2018-03-29 23:00:00,-3.0479999,82.55652,0.085445076,0.505,0.473,0.346,-2.098,-2.0479999,-1.298
2018-03-30 00:00:00,-3.9980001,83.38177,0.07581955,0.505,0.473,0.346,-2.098,-2.0479999,-1.298
2018-03-30 01:00:00,-4.948,84.22807,0.06698418,0.504,0.473,0.346,-2.098,-2.0479999,-1.298
2018-03-30 02:00:00,-5.598,83.49907,0.06670475,0.503,0.473,0.346,-2.098,-2.0479999,-1.298
2018-03-30 03:00:00,-5.848,76.902084,0.09160191,0.503,0.473,0.346,-2.098,-2.0479999,-1.298
2018-03-30 04:00:00,-6.098,71.87825,0.10940683,0.502,0.473,0.346,-2.098,-2.0479999,-1.298
2018-03-30 05:00:00,-6.148,67.444,0.126165,0.502,0.473,0.346,-2.098,-2.0479999,-1.298
2018-03-30 06:00:00,-5.998,63.04828,0.14484024,0.501,0.473,0.346,-2.098,-2.0479999,-1.298
2018-03-30 07:00:00,-6.148,60.04023,0.15483485,0.501,0.473,0.346,-2.098,-1.9979999,-1.298
2018-03-30 08:00:00,-6.098,58.143326,0.16280012,0.5,0.473,0.346,-2.098,-2.0479999,-1.298
2018-03-30 09:00:00,-6.148,57.660778,0.16404638,0.5,0.473,0.346,-2.098,-1.9979999,-1.298
2018-03-30 10:00:00,-6.198,58.8264,0.15892461,0.499,0.473,0.346,-2.098,-1.9979999,-1.298
2018-03-30 11:00:00,-6.298,59.75889,0.15414299,0.499,0.473,0.346,-2.098,-1.9979999,-1.298
2018-03-30 12:00:00,-6.548,63.675587,0.13650782,0.499,0.473,0.346,-2.098,-1.9979999,-1.298
2018-03-30 13:00:00,-7.048,67.50958,0.11749898,0.498,0.473,0.346,-2.148,-1.9979999,-1.298
2018-03-30 14:00:00,-8.398,71.40789,0.09312637,0.498,0.473,0.347,-2.148,-1.9979999,-1.298
2018-03-30 15:00:00,-10.198,73.69606,0.074367374,0.497,0.473,0.347,-2.148,-1.9979999,-1.298
2018-03-30 16:00:00,-11.648,74.02079,0.06542577,0.497,0.473,0.347,-2.148,-1.9979999,-1.298
2018-03-30 17:00:00,-13.048,74.677734,0.056951717,0.497,0.473,0.347,-2.198,-1.9979999,-1.298
2018-03-30 18:00:00,-14.448,75.99657,0.048144907,0.496,0.473,0.347,-2.198,-1.9979999,-1.298
2018-03-30 19:00:00,-15.598,74.50132,0.046499357,0.496,0.473,0.347,-2.198,-1.9979999,-1.298
2018-03-30 20:00:00,-16.898,76.19427,0.03893973,0.496,0.472,0.347,-2.248,-1.9979999,-1.298
2018-03-30 21:00:00,-18.098,77.30545,0.033538625,0.495,0.472,0.347,-2.248,-1.9979999,-1.298
2018-03-30 22:00:00,-19.248,78.80975,0.028383158,0.495,0.472,0.347,-2.2979999,-1.9979999,-1.298
2018-03-30 23:00:00,-20.198,80.050644,0.024617359,0.495,0.472,0.347,-2.2979999,-1.9979999,-1.298
2018-03-31 00:00:00,-20.698,81.04002,0.022401944,0.494,0.472,0.347,-2.348,-1.9979999,-1.298
2018-03-31 01:00:00,-20.698,81.760506,0.021551177,0.494,0.472,0.347,-2.398,-1.9979999,-1.298
2018-03-31 02:00:00,-20.148,81.1245,0.02339419,0.494,0.472,0.347,-2.398,-2.0479999,-1.298
2018-03-31 03:00:00,-17.548,69.425255,0.04733163,0.494,0.472,0.347,-2.448,-2.0479999,-1.298
2018-03-31 04:00:00,-13.898,61.277237,0.08122265,0.493,0.472,0.347,-2.448,-2.0479999,-1.298
2018-03-31 05:00:00,-10.498,64.80569,0.09714086,0.493,0.472,0.347,-2.448,-2.0479999,-1.298
2018-03-31 06:00:00,-7.098,59.305347,0.1465774,0.493,0.472,0.347,-2.448,-2.0479999,-1.298
2018-03-31 07:00:00,-5.148,54.53305,0.1901035,0.493,0.472,0.347,-2.448,-2.0479999,-1.298
2018-03-31 08:00:00,-4.498,52.132286,0.21022196,0.492,0.472,0.347,-2.448,-2.0479999,-1.298
2018-03-31 09:00:00,-4.098,50.998867,0.22177823,0.492,0.471,0.347,-2.398,-2.0479999,-1.298
2018-03-31 10:00:00,-3.948,50.2252,0.2278303,0.492,0.471,0.348,-2.398,-2.0479999,-1.298
2018-03-31 11:00:00,-3.9980001,51.028145,0.22331847,0.492,0.471,0.348,-2.398,-2.0479999,-1.298
2018-03-31 12:00:00,-4.448,57.888508,0.18566298,0.491,0.471,0.348,-2.398,-2.0479999,-1.298
2018-03-31 13:00:00,-5.798,64.371826,0.14180526,0.491,0.471,0.348,-2.398,-2.0479999,-1.298
2018-03-31 14:00:00,-7.848,70.38069,0.10069032,0.491,0.471,0.348,-2.398,-2.0479999,-1.298
2018-03-31 15:00:00,-8.898,73.35275,0.083466694,0.491,0.471,0.348,-2.398,-2.0479999,-1.298
2018-03-31 16:00:00,-9.548,75.946915,0.071592376,0.49,0.471,0.348,-2.398,-2.0479999,-1.298
2018-03-31 17:00:00,-10.148,78.025856,0.062378287,0.49,0.471,0.348,-2.398,-2.0479999,-1.298
2018-03-31 18:00:00,-10.698,78.89162,0.05736038,0.49,0.471,0.348,-2.448,-2.0479999,-1.298
2018-03-31 19:00:00,-11.198,78.16835,0.05700463,0.49,0.471,0.348,-2.448,-2.0479999,-1.298
2018-03-31 20:00:00,-11.598,78.42261,0.054564223,0.49,0.471,0.348,-2.448,-2.0479999,-1.298
2018-03-31 21:00:00,-12.048,79.32165,0.050433338,0.489,0.47,0.348,-2.448,-2.0479999,-1.298
2018-03-31 22:00:00,-12.448,80.24479,0.046652004,0.489,0.47,0.348,-2.448,-2.0479999,-1.298
2018-03-31 23:00:00,-12.848,81.52022,0.042249918,0.489,0.47,0.348,-2.498,-2.0479999,-1.298
2018-04-01 00:00:00,-13.198,82.48765,0.03891608,0.489,0.47,0.348,-2.498,-2.0479999,-1.298
2018-04-01 01:00:00,-13.598,83.46476,0.035566345,0.489,0.47,0.348,-2.498,-2.0479999,-1.298
2018-04-01 02:00:00,-13.398,83.49115,0.03609401,0.489,0.47,0.348,-2.5479999,-2.0479999,-1.298
2018-04-01 03:00:00,-11.898,81.657715,0.045281664,0.488,0.47,0.348,-2.5479999,-2.0479999,-1.298
2018-04-01 04:00:00,-9.548,78.44177,0.06416972,0.488,0.47,0.348,-2.5479999,-2.0479999,-1.298
2018-04-01 05:00:00,-7.398,75.72592,0.08545658,0.488,0.47,0.348,-2.498,-2.0479999,-1.298
2018-04-01 06:00:00,-5.548,73.41873,0.10784888,0.488,0.47,0.348,-2.498,-2.098,-1.298
2018-04-01 07:00:00,-4.148,72.5503,0.12381682,0.488,0.47,0.348,-2.498,-2.098,-1.298
2018-04-01 08:00:00,-2.898,70.85744,0.14433596,0.488,0.469,0.348,-2.448,-2.098,-1.298
2018-04-01 09:00:00,-1.9979999,69.15954,0.1632807,0.487,0.469,0.349,-2.448,-2.098,-1.298
2018-04-01 10:00:00,-1.4979999,68.213684,0.1746031,0.487,0.469,0.349,-2.448,-2.098,-1.298
2018-04-01 11:00:00,-1.448,68.74892,0.17229635,0.487,0.469,0.349,-2.398,-2.098,-1.298
2018-04-01 12:00:00,-1.798,72.45238,0.14802104,0.487,0.469,0.349,-2.398,-2.098,-1.298
2018-04-01 13:00:00,-2.848,76.23396,0.1181536,0.487,0.469,0.349,-2.398,-2.098,-1.298
2018-04-01 14:00:00,-4.848,80.42995,0.08374253,0.487,0.469,0.349,-2.398,-2.098,-1.298
2018-04-01 15:00:00,-6.248,82.12468,0.068760306,0.486,0.469,0.349,-2.398,-2.098,-1.298
2018-04-01 16:00:00,-7.298,83.60833,0.058161855,0.486,0.469,0.349,-2.398,-2.098,-1.298
2018-04-01 17:00:00,-8.198,85.16101,0.049102873,0.486,0.469,0.349,-2.398,-2.098,-1.298
2018-04-01 18:00:00,-8.998,85.746445,0.04430741,0.486,0.469,0.349,-2.398,-2.098,-1.298
2018-04-01 19:00:00,-10.198,86.30005,0.038742438,0.486,0.468,0.349,-2.448,-2.098,-1.298
2018-04-01 20:00:00,-10.598,85.90928,0.038601607,0.486,0.468,0.349,-2.448,-2.098,-1.298
2018-04-01 21:00:00,-10.398,84.900314,0.042027593,0.486,0.468,0.349,-2.448,-2.098,-1.298
2018-04-01 22:00:00,-10.048,83.587524,0.046965703,0.485,0.468,0.349,-2.448,-2.098,-1.298
2018-04-01 23:00:00,-9.648,81.977554,0.05322738,0.485,0.468,0.349,-2.448,-2.098,-1.298
2018-04-02 00:00:00,-9.398,81.357376,0.056153685,0.485,0.468,0.349,-2.448,-2.098,-1.298
2018-04-02 01:00:00,-9.148,81.39345,0.057157576,0.485,0.468,0.349,-2.448,-2.098,-1.298
2018-04-02 02:00:00,-8.798,80.79593,0.060634017,0.485,0.468,0.349,-2.448,-2.098,-1.298
2018-04-02 03:00:00,-7.798,78.10317,0.07473788,0.485,0.468,0.349,-2.448,-2.098,-1.298
2018-04-02 04:00:00,-6.398,73.25425,0.10169238,0.485,0.468,0.349,-2.448,-2.098,-1.298
2018-04-02 05:00:00,-5.198,70.103516,0.12456375,0.485,0.468,0.349,-2.448,-2.098,-1.298
2018-04-02 06:00:00,-3.948,67.408195,0.14922652,0.484,0.467,0.349,-2.448,-2.098,-1.298
2018-04-02 07:00:00,-2.848,68.71068,0.1555416,0.484,0.467,0.349,-2.448,-2.098,-1.298
2018-04-02 08:00:00,-2.0479999,71.03119,0.15280944,0.484,0.467,0.349,-2.398,-2.098,-1.298
2018-04-02 09:00:00,-1.5979999,73.32388,0.14546677,0.484,0.467,0.35,-2.398,-2.098,-1.298
2018-04-02 10:00:00,-1.548,76.45809,0.12885287,0.484,0.467,0.35,-2.398,-2.098,-1.298
2018-04-02 11:00:00,-1.648,79.685524,0.11037618,0.484,0.467,0.35,-2.398,-2.098,-1.298
2018-04-02 12:00:00,-1.698,82.42396,0.09514859,0.484,0.467,0.35,-2.348,-2.098,-1.298
2018-04-02 13:00:00,-2.0479999,86.50232,0.0712105,0.484,0.467,0.35,-2.348,-2.098,-1.298
2018-04-02 14:00:00,-2.698,89.41043,0.053243488,0.483,0.467,0.35,-2.348,-2.098,-1.298
2018-04-02 15:00:00,-2.898,90.7475,0.04583481,0.483,0.467,0.35,-2.348,-2.098,-1.298
2018-04-02 16:00:00,-3.348,91.7451,0.039544433,0.483,0.467,0.35,-2.348,-2.098,-1.298
2018-04-02 17:00:00,-3.398,91.74179,0.039412767,0.483,0.466,0.35,-2.348,-2.098,-1.298
2018-04-02 18:00:00,-3.698,91.7219,0.038630933,0.483,0.466,0.35,-2.348,-2.098,-1.298
2018-04-02 19:00:00,-4.098,91.69528,0.03760928,0.483,0.466,0.35,-2.348,-2.098,-1.298
2018-04-02 20:00:00,-5.048,91.98202,0.033798695,0.483,0.466,0.35,-2.348,-2.098,-1.298
2018-04-02 21:00:00,-6.598,92.59378,0.027738512,0.483,0.466,0.35,-2.348,-2.098,-1.298
2018-04-02 22:00:00,-7.598,92.17308,0.027138025,0.483,0.466,0.35,-2.348,-2.098,-1.298
2018-04-02 23:00:00,-8.598,91.38693,0.027627975,0.482,0.466,0.35,-2.348,-2.098,-1.298
2018-04-03 00:00:00,-9.498,91.68604,0.024850458,0.482,0.466,0.35,-2.348,-2.098,-1.298
2018-04-03 01:00:00,-10.848,92.701004,0.019603878,0.482,0.466,0.35,-2.348,-2.098,-1.298
2018-04-03 02:00:00,-10.948,91.219124,0.023396045,0.482,0.466,0.35,-2.398,-2.098,-1.298
2018-04-03 03:00:00,-8.348,87.53135,0.04078129,0.482,0.466,0.35,-2.398,-2.098,-1.298
2018-04-03 04:00:00,-4.898,84.884834,0.06443882,0.482,0.465,0.35,-2.398,-2.098,-1.298
2018-04-03 05:00:00,-2.198,80.20735,0.10326418,0.482,0.465,0.35,-2.348,-2.098,-1.298
2018-04-03 06:00:00,-0.848,68.0952,0.18381023,0.482,0.465,0.35,-2.348,-2.098,-1.298
2018-04-03 07:00:00,-0.49800003,64.13645,0.21195745,0.482,0.465,0.35,-2.348,-2.098,-1.298
2018-04-03 08:00:00,-0.148,62.285988,0.22864285,0.483,0.465,0.35,-2.348,-2.098,-1.298
2018-04-03 09:00:00,0.302,60.28743,0.2487463,0.487,0.465,0.35,-2.2979999,-2.098,-1.298
2018-04-03 10:00:00,0.502,59.19511,0.2593117,0.49,0.465,0.35,-2.2979999,-2.098,-1.298
2018-04-03 11:00:00,0.70199996,58.346928,0.2685524,0.492,0.465,0.35,-2.2979999,-2.098,-1.298
2018-04-03 12:00:00,0.552,61.748314,0.2439737,0.492,0.465,0.35,-2.2979999,-2.098,-1.298
2018-04-03 13:00:00,-0.148,71.68415,0.17168254,0.491,0.465,0.351,-2.2979999,-2.098,-1.298
2018-04-03 14:00:00,-2.7979999,73.09438,0.13425547,0.491,0.465,0.351,-2.248,-2.098,-1.298
2018-04-03 15:00:00,-4.948,75.5705,0.103741646,0.491,0.465,0.351,-2.2979999,-2.098,-1.298
2018-04-03 16:00:00,-6.448,78.01731,0.08326864,0.49,0.465,0.351,-2.2979999,-2.098,-1.298
2018-04-03 17:00:00,-7.298,78.185555,0.07739669,0.49,0.465,0.351,-2.2979999,-2.098,-1.298
2018-04-03 18:00:00,-7.948,79.01589,0.070794076,0.49,0.465,0.351,-2.2979999,-2.098,-1.298
2018-04-03 19:00:00,-8.798,80.473724,0.06165102,0.49,0.465,0.351,-2.2979999,-2.098,-1.298
2018-04-03 20:00:00,-9.248,80.72918,0.058734164,0.49,0.465,0.351,-2.348,-2.098,-1.298
2018-04-03 21:00:00,-9.498,80.69195,0.057701185,0.489,0.465,0.351,-2.348,-2.098,-1.298
2018-04-03 22:00:00,-9.698,80.66209,0.056886166,0.489,0.465,0.351,-2.348,-2.098,-1.298
2018-04-03 23:00:00,-9.898,80.30754,0.057020828,0.489,0.465,0.351,-2.398,-2.098,-1.298
2018-04-04 00:00:00,-10.048,79.638336,0.05826235,0.489,0.465,0.351,-2.398,-2.098,-1.298
2018-04-04 01:00:00,-10.148,79.30097,0.058760077,0.488,0.464,0.351,-2.398,-2.098,-1.298
2018-04-04 02:00:00,-9.298,77.853325,0.06723085,0.488,0.464,0.351,-2.448,-2.098,-1.298
2018-04-04 03:00:00,-6.648,74.37513,0.09558022,0.488,0.464,0.351,-2.448,-2.098,-1.298
2018-04-04 04:00:00,-2.748,66.376976,0.16838485,0.488,0.464,0.351,-2.398,-2.098,-1.298
2018-04-04 05:00:00,-0.24800001,60.14722,0.23985195,0.488,0.464,0.351,-2.398,-2.098,-1.298
2018-04-04 06:00:00,1.4020001,55.909584,0.29895043,0.488,0.464,0.351,-2.398,-2.098,-1.298
2018-04-04 07:00:00,2.502,53.69999,0.33959392,0.49,0.464,0.351,-2.398,-2.098,-1.298
2018-04-04 08:00:00,3.4520001,50.592026,0.38760737,0.494,0.464,0.351,-2.348,-2.098,-1.298
2018-04-04 09:00:00,4.252,48.191635,0.42995414,0.502,0.464,0.351,-2.348,-2.098,-1.298
2018-04-04 10:00:00,4.702,47.594658,0.44881883,0.506,0.466,0.351,-2.348,-2.098,-1.298
2018-04-04 11:00:00,4.652,50.359886,0.4236647,0.511,0.466,0.351,-2.2979999,-2.098,-1.298
2018-04-04 12:00:00,4.152,53.546555,0.38283864,0.511,0.466,0.351,-2.2979999,-2.098,-1.298
2018-04-04 13:00:00,2.852,57.589233,0.3189088,0.509,0.467,0.351,-2.2979999,-2.098,-1.298
2018-04-04 14:00:00,1.002,62.094795,0.24974278,0.508,0.467,0.351,-2.2979999,-2.098,-1.298
2018-04-04 15:00:00,-0.29799998,64.67599,0.21183464,0.507,0.467,0.351,-2.2979999,-2.098,-1.298
2018-04-04 16:00:00,-1.148,65.473625,0.19458559,0.506,0.467,0.351,-2.2979999,-2.098,-1.298
2018-04-04 17:00:00,-1.798,65.57488,0.18496075,0.505,0.468,0.352,-2.2979999,-2.098,-1.298
2018-04-04 18:00:00,-2.348,65.70096,0.17694342,0.505,0.468,0.352,-2.2979999,-2.098,-1.298
2018-04-04 19:00:00,-2.998,67.35881,0.16045728,0.504,0.468,0.352,-2.2979999,-2.098,-1.298
2018-04-04 20:00:00,-3.498,68.569214,0.14884946,0.503,0.468,0.352,-2.2979999,-2.098,-1.298
2018-04-04 21:00:00,-3.898,69.55893,0.13990769,0.503,0.468,0.352,-2.2979999,-2.098,-1.298
2018-04-04 22:00:00,-4.248,70.5785,0.1317124,0.502,0.468,0.352,-2.2979999,-2.098,-1.298
2018-04-04 23:00:00,-4.648,71.607346,0.12333149,0.502,0.468,0.352,-2.348,-2.098,-1.298
2018-04-05 00:00:00,-5.098,72.64676,0.11483973,0.501,0.468,0.352,-2.348,-2.098,-1.298
2018-04-05 01:00:00,-5.498,72.8537,0.11056039,0.501,0.468,0.352,-2.398,-2.098,-1.298
2018-04-05 02:00:00,-5.048,71.80731,0.118812114,0.5,0.468,0.352,-2.448,-2.098,-1.298
2018-04-05 03:00:00,-3.098,68.12564,0.15552613,0.5,0.468,0.352,-2.398,-2.098,-1.298
2018-04-05 04:00:00,-0.398,60.10887,0.23747441,0.499,0.468,0.352,-2.2979999,-2.098,-1.298
2018-04-05 05:00:00,1.9020001,54.359184,0.32074156,0.499,0.468,0.352,-2.248,-2.098,-1.298
2018-04-05 06:00:00,3.852,49.563244,0.40698323,0.503,0.468,0.352,-2.198,-2.098,-1.298
2018-04-05 07:00:00,5.252,45.980373,0.48071393,0.513,0.468,0.352,-2.0479999,-2.098,-1.298
2018-04-05 08:00:00,6.502,42.333923,0.5594953,0.516,0.471,0.352,-1.948,-2.098,-1.298
2018-04-05 09:00:00,7.452,39.665703,0.6247661,0.519,0.474,0.352,-1.8479999,-2.098,-1.298
2018-04-05 10:00:00,8.052,37.646465,0.67260575,0.503,0.482,0.352,-1.7479999,-2.098,-1.298
2018-04-05 11:00:00,7.852,39.785896,0.6407629,0.504,0.485,0.352,-1.648,-2.098,-1.298
2018-04-05 12:00:00,6.652,45.18701,0.5373419,0.508,0.485,0.352,-1.548,-2.098,-1.298
2018-04-05 13:00:00,5.502,45.361084,0.49473935,0.506,0.485,0.352,-1.548,-2.098,-1.298
2018-04-05 14:00:00,3.9520001,48.657528,0.41721088,0.505,0.485,0.353,-1.548,-2.098,-1.298
2018-04-05 15:00:00,2.502,54.11059,0.33658376,0.504,0.485,0.353,-1.548,-2.0479999,-1.298
2018-04-05 16:00:00,1.452,57.877815,0.28663793,0.503,0.485,0.353,-1.548,-2.0479999,-1.298
2018-04-05 17:00:00,1.202,60.285995,0.2654482,0.502,0.485,0.353,-1.548,-2.0479999,-1.298
2018-04-05 18:00:00,0.902,63.258705,0.24033937,0.501,0.485,0.353,-1.548,-2.0479999,-1.298
2018-04-05 19:00:00,1.202,66.013145,0.22718027,0.501,0.485,0.353,-1.548,-2.0479999,-1.298
2018-04-05 20:00:00,1.452,69.88523,0.20495045,0.5,0.485,0.353,-1.548,-2.0479999,-1.298
2018-04-05 21:00:00,1.452,73.62149,0.17952746,0.499,0.485,0.353,-1.548,-2.0479999,-1.298
2018-04-05 22:00:00,1.4020001,77.81241,0.15046811,0.499,0.485,0.353,-1.548,-2.0479999,-1.298
2018-04-05 23:00:00,1.302,82.81578,0.11570674,0.498,0.485,0.353,-1.548,-2.0479999,-1.298
2018-04-06 00:00:00,1.002,89.71303,0.06778973,0.498,0.485,0.353,-1.548,-1.9979999,-1.298
2018-04-06 01:00:00,0.902,95.0722,0.032241285,0.497,0.485,0.353,-1.548,-1.9979999,-1.298
2018-04-06 02:00:00,1.2520001,97.16515,0.019020617,0.497,0.485,0.354,-1.548,-1.9979999,-1.298
2018-04-06 03:00:00,1.2520001,94.40174,0.037561595,0.498,0.484,0.354,-1.4979999,-1.9979999,-1.298
2018-04-06 04:00:00,1.7520001,89.12523,0.07562542,0.504,0.484,0.354,-1.4979999,-1.9979999,-1.298
2018-04-06 05:00:00,2.902,82.42098,0.13267416,0.512,0.485,0.354,-1.448,-1.9979999,-1.298
2018-04-06 06:00:00,4.352,75.23447,0.20700586,0.515,0.488,0.354,-1.2479999,-1.9979999,-1.298
2018-04-06 07:00:00,6.452,62.037613,0.36709875,0.519,0.49,0.354,-1.0979999,-1.9979999,-1.298
2018-04-06 08:00:00,7.552,55.273884,0.46635556,0.511,0.497,0.354,-0.898,-1.9979999,-1.298
2018-04-06 09:00:00,7.702,53.720722,0.48750818,0.518,0.498,0.354,-0.79800004,-1.948,-1.298
2018-04-06 10:00:00,8.152,49.85795,0.54460835,0.505,0.505,0.354,-0.648,-1.948,-1.298
2018-04-06 11:00:00,7.602,51.759007,0.5047171,0.509,0.505,0.355,-0.54800004,-1.948,-1.298
2018-04-06 12:00:00,6.652,56.882668,0.4227149,0.51,0.505,0.355,-0.448,-1.948,-1.298
2018-04-06 13:00:00,5.052,65.664185,0.30136532,0.509,0.505,0.355,-0.448,-1.898,-1.298
2018-04-06 14:00:00,3.4520001,75.35062,0.19340754,0.508,0.505,0.356,-0.448,-1.898,-1.298
2018-04-06 15:00:00,2.602,81.193695,0.13894737,0.506,0.505,0.356,-0.448,-1.898,-1.298
2018-04-06 16:00:00,2.302,83.548515,0.1189844,0.505,0.505,0.356,-0.448,-1.898,-1.298
2018-04-06 17:00:00,1.952,85.97029,0.09896886,0.505,0.504,0.356,-0.448,-1.898,-1.298
2018-04-06 18:00:00,1.6520001,87.83311,0.08400726,0.504,0.504,0.357,-0.49800003,-1.898,-1.298
2018-04-06 19:00:00,1.952,84.42227,0.109888256,0.504,0.503,0.357,-0.49800003,-1.8479999,-1.298
2018-04-06 20:00:00,1.6520001,85.93827,0.09708947,0.503,0.503,0.357,-0.49800003,-1.8479999,-1.298
2018-04-06 21:00:00,1.2520001,88.43725,0.077578545,0.502,0.503,0.357,-0.49800003,-1.8479999,-1.298
2018-04-06 22:00:00,0.95199996,90.36464,0.06326771,0.501,0.502,0.358,-0.54800004,-1.8479999,-1.298
2018-04-06 23:00:00,0.602,92.3359,0.04907018,0.5,0.502,0.358,-0.54800004,-1.8479999,-1.298
2018-04-07 00:00:00,0.502,93.344055,0.04230869,0.499,0.501,0.358,-0.54800004,-1.798,-1.298
2018-04-07 01:00:00,0.302,94.70323,0.03318566,0.498,0.501,0.358,-0.598,-1.798,-1.298
2018-04-07 02:00:00,0.752,93.69688,0.040795863,0.498,0.5,0.358,-0.598,-1.798,-1.298
2018-04-07 03:00:00,1.102,92.36611,0.050670087,0.498,0.5,0.359,-0.598,-1.798,-1.298
2018-04-07 04:00:00,1.802,88.807304,0.078115046,0.501,0.5,0.359,-0.54800004,-1.798,-1.298
2018-04-07 05:00:00,2.152,85.99157,0.10023898,0.503,0.5,0.359,-0.49800003,-1.798,-1.298
2018-04-07 06:00:00,2.852,80.05724,0.14998037,0.506,0.499,0.359,-0.49800003,-1.7479999,-1.298
2018-04-07 07:00:00,3.2020001,77.81599,0.1710192,0.508,0.5,0.359,-0.448,-1.7479999,-1.298
2018-04-07 08:00:00,3.902,72.736435,0.22080314,0.511,0.5,0.359,-0.348,-1.7479999,-1.298
2018-04-07 09:00:00,4.302,68.94137,0.25869447,0.512,0.501,0.36,-0.29799998,-1.7479999,-1.298
2018-04-07 10:00:00,4.602,66.77381,0.28261614,0.512,0.502,0.36,-0.198,-1.7479999,-1.298
2018-04-07 11:00:00,4.302,67.69235,0.2690965,0.511,0.503,0.36,-0.148,-1.7479999,-1.298
2018-04-07 12:00:00,3.352,73.97168,0.20278972,0.51,0.503,0.36,-0.098000005,-1.698,-1.298
2018-04-07 13:00:00,2.252,79.96952,0.1443522,0.508,0.504,0.36,-0.148,-1.698,-1.298
2018-04-07 14:00:00,1.002,87.77211,0.08057934,0.506,0.504,0.361,-0.148,-1.698,-1.298
2018-04-07 15:00:00,0.052,91.96544,0.049434185,0.504,0.503,0.361,-0.198,-1.698,-1.298
2018-04-07 16:00:00,-0.29799998,93.30153,0.040179014,0.503,0.503,0.361,-0.24800001,-1.698,-1.298
2018-04-07 17:00:00,-0.848,94.30691,0.03280592,0.502,0.503,0.361,-0.29799998,-1.698,-1.298
2018-04-07 18:00:00,-0.898,94.30463,0.032699347,0.501,0.502,0.362,-0.29799998,-1.648,-1.298
2018-04-07 19:00:00,-0.99799997,93.953575,0.034461737,0.5,0.502,0.362,-0.348,-1.648,-1.298
2018-04-07 20:00:00,-0.948,93.61078,0.036548913,0.499,0.502,0.362,-0.398,-1.648,-1.298
2018-04-07 21:00:00,-0.948,93.61078,0.036548913,0.498,0.501,0.362,-0.398,-1.648,-1.298
2018-04-07 22:00:00,-0.99799997,93.60822,0.03642994,0.497,0.501,0.362,-0.448,-1.648,-1.298
2018-04-07 23:00:00,-1.548,93.9268,0.033245265,0.496,0.5,0.363,-0.49800003,-1.648,-1.298
2018-04-08 00:00:00,-2.0479999,93.20711,0.035839498,0.496,0.5,0.363,-0.54800004,-1.648,-1.298
2018-04-08 01:00:00,-2.198,92.16348,0.04088959,0.495,0.5,0.363,-0.598,-1.648,-1.298
2018-04-08 02:00:00,-1.7479999,89.48936,0.056693792,0.495,0.499,0.363,-0.598,-1.5979999,-1.298
2018-04-08 03:00:00,-0.24800001,82.30873,0.106496036,0.494,0.499,0.363,-0.54800004,-1.5979999,-1.298
2018-04-08 04:00:00,1.602,73.922676,0.17939657,0.494,0.498,0.363,-0.49800003,-1.5979999,-1.298
2018-04-08 05:00:00,3.902,60.51115,0.31979376,0.497,0.498,0.364,-0.398,-1.5979999,-1.298
2018-04-08 06:00:00,5.452,53.30415,0.421379,0.5,0.498,0.364,-0.24800001,-1.5979999,-1.298
2018-04-08 07:00:00,6.902,48.591976,0.5127003,0.504,0.498,0.364,-0.098000005,-1.5979999,-1.298
2018-04-08 08:00:00,8.002,43.263645,0.60996276,0.506,0.498,0.364,0.052,-1.5979999,-1.298
2018-04-08 09:00:00,8.202,41.10982,0.6417697,0.507,0.499,0.364,0.202,-1.548,-1.298
2018-04-08 10:00:00,7.302,46.23361,0.55110455,0.506,0.499,0.364,0.302,-1.548,-1.298
2018-04-08 11:00:00,6.652,54.229084,0.44872516,0.505,0.5,0.364,0.402,-1.548,-1.298
2018-04-08 12:00:00,6.152,59.090904,0.38749498,0.505,0.5,0.365,0.45200002,-1.548,-1.298
2018-04-08 13:00:00,5.752,61.193344,0.3575607,0.504,0.5,0.365,0.502,-1.548,-1.298
2018-04-08 14:00:00,4.402,65.99988,0.28518116,0.502,0.5,0.365,0.45200002,-1.4979999,-1.298
2018-04-08 15:00:00,3.7020001,68.56308,0.2510414,0.501,0.5,0.365,0.402,-1.4979999,-1.298
2018-04-08 16:00:00,2.9520001,74.98847,0.18943399,0.504,0.5,0.365,0.352,-1.4979999,-1.298
2018-04-08 17:00:00,2.7020001,80.61957,0.1442092,0.503,0.5,0.366,0.352,-1.4979999,-1.298
2018-04-08 18:00:00,2.752,86.05515,0.104133904,0.505,0.5,0.366,0.302,-1.4979999,-1.298
2018-04-08 19:00:00,2.352,91.12221,0.0644387,0.505,0.5,0.366,0.302,-1.4979999,-1.298
2018-04-08 20:00:00,1.702,93.74424,0.043349147,0.504,0.501,0.366,0.252,-1.448,-1.298
2018-04-08 21:00:00,1.352,94.74751,0.03549558,0.502,0.501,0.366,0.202,-1.448,-1.298
2018-04-08 22:00:00,0.802,95.41324,0.029794514,0.501,0.5,0.366,0.202,-1.448,-1.298
2018-04-08 23:00:00,0.202,95.73881,0.026504993,0.5,0.5,0.367,0.15200001,-1.448,-1.298
2018-04-09 00:00:00,-0.29799998,94.67769,0.031924725,0.499,0.5,0.367,0.052,-1.448,-1.298
2018-04-09 01:00:00,-0.99799997,93.953575,0.034461737,0.498,0.5,0.367,0.0020000003,-1.448,-1.298
2018-04-09 02:00:00,-0.49800003,92.949066,0.04168147,0.497,0.499,0.367,0.0020000003,-1.448,-1.298
2018-04-09 03:00:00,0.652,84.5791,0.09908712,0.496,0.499,0.367,0.0020000003,-1.398,-1.298
2018-04-09 04:00:00,1.9020001,74.25157,0.18097746,0.495,0.499,0.367,0.052,-1.398,-1.298
2018-04-09 05:00:00,3.352,62.666645,0.2908508,0.496,0.499,0.368,0.15200001,-1.398,-1.298
2018-04-09 06:00:00,4.202,56.447224,0.36020234,0.496,0.498,0.368,0.252,-1.398,-1.298
2018-04-09 07:00:00,5.152,49.935425,0.44244567,0.497,0.498,0.368,0.402,-1.398,-1.298
2018-04-09 08:00:00,5.252,51.102234,0.43515402,0.498,0.498,0.368,0.502,-1.398,-1.298
2018-04-09 09:00:00,4.852,57.04181,0.37180954,0.499,0.498,0.368,0.652,-1.398,-1.298
2018-04-09 10:00:00,4.452,60.200684,0.33498287,0.499,0.498,0.368,0.802,-1.3479999,-1.298
2018-04-09 11:00:00,4.402,64.56145,0.2972442,0.499,0.498,0.369,1.002,-1.3479999,-1.298
2018-04-09 12:00:00,3.802,68.83636,0.2506169,0.5,0.498,0.369,1.052,-1.3479999,-1.298
2018-04-09 13:00:00,2.7020001,73.852615,0.19455606,0.5,0.498,0.369,0.802,-1.3479999,-1.298
2018-04-09 14:00:00,1.602,73.922676,0.17939657,0.498,0.498,0.369,0.502,-1.3479999,-1.298
2018-04-09 15:00:00,0.402,76.2188,0.15006194,0.497,0.498,0.369,0.402,-1.3479999,-1.298
2018-04-09 16:00:00,-0.54800004,78.96007,0.12391323,0.496,0.497,0.369,0.302,-1.298,-1.298
2018-04-09 17:00:00,-1.298,81.249596,0.10453454,0.495,0.497,0.369,0.202,-1.298,-1.298
2018-04-09 18:00:00,-1.7479999,81.799736,0.098165125,0.494,0.497,0.37,0.15200001,-1.298,-1.298
2018-04-09 19:00:00,-1.4979999,81.83393,0.0998002,0.494,0.497,0.37,0.052,-1.298,-1.298
2018-04-09 20:00:00,-1.648,83.36411,0.090391904,0.493,0.496,0.37,0.0020000003,-1.298,-1.298
2018-04-09 21:00:00,-1.798,84.289024,0.084428996,0.492,0.496,0.37,-0.048,-1.298,-1.298
2018-04-09 22:00:00,-2.0479999,85.214005,0.078006536,0.492,0.496,0.37,-0.148,-1.298,-1.298
2018-04-09 23:00:00,-2.348,86.14653,0.07148367,0.491,0.495,0.37,-0.198,-1.298,-1.298
2018-04-10 00:00:00,-2.648,86.76558,0.06678751,0.491,0.495,0.37,-0.24800001,-1.298,-1.298
2018-04-10 01:00:00,-2.748,87.08279,0.0647046,0.49,0.495,0.371,-0.29799998,-1.2479999,-1.298
2018-04-10 02:00:00,-1.4979999,81.83393,0.0998002,0.49,0.495,0.371,-0.29799998,-1.2479999,-1.298
2018-04-10 03:00:00,0.15200001,75.04561,0.1546377,0.489,0.494,0.371,-0.29799998,-1.2479999,-1.298
2018-04-10 04:00:00,1.7520001,65.398384,0.24059421,0.489,0.494,0.371,-0.198,-1.2479999,-1.298
2018-04-10 05:00:00,3.002,57.411953,0.32366377,0.489,0.494,0.371,-0.098000005,-1.2479999,-1.298
2018-04-10 06:00:00,4.252,50.245953,0.4129138,0.49,0.493,0.371,0.0020000003,-1.2479999,-1.298
2018-04-10 07:00:00,4.852,45.16886,0.47452554,0.49,0.493,0.371,0.15200001,-1.2479999,-1.298
2018-04-10 08:00:00,4.752,46.713627,0.4579566,0.49,0.493,0.371,0.252,-1.2479999,-1.298
2018-04-10 09:00:00,5.102,44.22032,0.49121422,0.49,0.493,0.372,0.352,-1.2479999,-1.298
2018-04-10 10:00:00,5.202,43.413837,0.5017922,0.49,0.493,0.372,0.502,-1.2479999,-1.298
2018-04-10 11:00:00,4.902,45.183674,0.4760548,0.49,0.492,0.372,0.602,-1.198,-1.298
2018-04-10 12:00:00,4.352,48.588448,0.42966312,0.489,0.492,0.372,0.652,-1.198,-1.298
2018-04-10 13:00:00,3.402,53.13776,0.36635002,0.489,0.492,0.372,0.652,-1.198,-1.298
2018-04-10 14:00:00,1.452,61.503357,0.26197603,0.488,0.492,0.372,0.552,-1.198,-1.298
2018-04-10 15:00:00,-0.49800003,71.07505,0.170962,0.487,0.492,0.372,0.402,-1.198,-1.298
2018-04-10 16:00:00,-1.448,75.89878,0.13288698,0.487,0.491,0.372,0.252,-1.198,-1.298
2018-04-10 17:00:00,-2.198,79.00129,0.109555304,0.486,0.491,0.373,0.15200001,-1.198,-1.298
2018-04-10 18:00:00,-2.7979999,80.423645,0.09769136,0.486,0.491,0.373,0.052,-1.198,-1.298
2018-04-10 19:00:00,-2.848,79.503296,0.10190359,0.486,0.491,0.373,0.0020000003,-1.148,-1.298
2018-04-10 20:00:00,-2.998,78.2762,0.10680401,0.485,0.49,0.373,-0.098000005,-1.148,-1.298
2018-04-10 21:00:00,-2.598,73.97876,0.13178748,0.485,0.49,0.373,-0.148,-1.148,-1.298
2018-04-10 22:00:00,-2.2979999,69.897606,0.155878,0.484,0.49,0.373,-0.198,-1.148,-1.298
2018-04-10 23:00:00,-1.448,63.663452,0.2003217,0.484,0.49,0.373,-0.24800001,-1.148,-1.298
2018-04-11 00:00:00,-0.79800004,58.85704,0.23787501,0.484,0.489,0.373,-0.24800001,-1.148,-1.298
2018-04-11 01:00:00,-0.648,57.321026,0.24946997,0.483,0.489,0.373,-0.29799998,-1.148,-1.298
2018-04-11 02:00:00,0.252,59.357677,0.25364658,0.484,0.489,0.373,-0.29799998,-1.148,-1.298
2018-04-11 03:00:00,1.702,59.504032,0.28055853,0.483,0.489,0.374,-0.24800001,-1.148,-1.298
2018-04-11 04:00:00,3.902,55.31986,0.36182088,0.483,0.488,0.374,-0.148,-1.148,-1.298
2018-04-11 05:00:00,6.352,50.840736,0.4720879,0.485,0.488,0.374,0.052,-1.148,-1.298
2018-04-11 06:00:00,8.252,48.260548,0.5657814,0.486,0.488,0.374,0.252,-1.148,-1.298
2018-04-11 07:00:00,10.352,47.458275,0.66172695,0.487,0.488,0.374,0.502,-1.0979999,-1.298
2018-04-11 08:00:00,11.702,44.026733,0.77098787,0.487,0.488,0.374,0.852,-1.0979999,-1.298
2018-04-11 09:00:00,12.752,41.239693,0.86718816,0.487,0.487,0.374,1.6520001,-1.0979999,-1.298
2018-04-11 10:00:00,13.552,39.141747,0.9462605,0.487,0.487,0.374,3.902,-1.0979999,-1.298
2018-04-11 11:00:00,13.802,38.650833,0.9695103,0.486,0.487,0.374,5.152,-1.048,-1.298
2018-04-11 12:00:00,13.152,40.91024,0.89513856,0.486,0.487,0.374,5.452,-1.048,-1.298
2018-04-11 13:00:00,11.302,46.3684,0.71946186,0.485,0.487,0.375,4.902,-0.99799997,-1.298
2018-04-11 14:00:00,8.802,54.410748,0.517445,0.485,0.487,0.375,3.802,-0.99799997,-1.298
2018-04-11 15:00:00,7.252,60.89416,0.39948922,0.484,0.487,0.375,2.852,-0.99799997,-1.298
2018-04-11 16:00:00,6.452,64.79649,0.34042257,0.484,0.486,0.375,2.252,-0.99799997,-1.298
2018-04-11 17:00:00,5.852,67.04769,0.3057332,0.484,0.486,0.375,1.802,-0.948,-1.298
2018-04-11 18:00:00,5.352,68.66102,0.28086293,0.483,0.486,0.375,1.5020001,-0.948,-1.298
2018-04-11 19:00:00,4.652,71.56932,0.2426768,0.483,0.486,0.375,1.202,-0.948,-1.298
2018-04-11 20:00:00,4.152,73.581215,0.21775055,0.483,0.486,0.375,1.002,-0.948,-1.298
2018-04-11 21:00:00,3.602,76.75834,0.18430144,0.482,0.485,0.375,0.852,-0.948,-1.298
2018-04-11 22:00:00,3.152,79.52213,0.15731025,0.482,0.485,0.375,0.752,-0.948,-1.298
2018-04-11 23:00:00,2.752,81.509766,0.13807476,0.482,0.485,0.376,0.70199996,-0.948,-1.298
2018-04-12 00:00:00,2.502,81.77238,0.13371855,0.481,0.485,0.376,0.652,-0.898,-1.298
2018-04-12 01:00:00,2.352,81.159004,0.136751,0.481,0.485,0.376,0.602,-0.898,-1.298
2018-04-12 02:00:00,3.552,73.47034,0.20963216,0.481,0.484,0.376,0.652,-0.898,-1.298
2018-04-12 03:00:00,5.352,64.544235,0.31775373,0.48,0.484,0.376,0.802,-0.898,-1.2479999
2018-04-12 04:00:00,7.752,52.759563,0.49932945,0.48,0.484,0.376,1.302,-0.898,-1.2479999
2018-04-12 05:00:00,9.702,44.90712,0.6643386,0.479,0.484,0.376,3.2020001,-0.898,-1.2479999
2018-04-12 06:00:00,11.352,39.35321,0.81625855,0.478,0.483,0.376,5.002,-0.848,-1.2479999
2018-04-12 07:00:00,13.052,36.242813,0.95956147,0.477,0.483,0.376,6.602,-0.848,-1.2479999
2018-04-12 08:00:00,14.002,33.696426,1.0614829,0.475,0.483,0.376,7.702,-0.79800004,-1.2479999
2018-04-12 09:00:00,14.602,32.652992,1.1208259,0.474,0.483,0.376,8.352,-0.79800004,-1.2479999
2018-04-12 10:00:00,14.902,32.382545,1.1472838,0.472,0.482,0.377,8.602,-0.748,-1.2479999
2018-04-12 11:00:00,15.002,32.411816,1.1541859,0.471,0.482,0.377,8.502,-0.698,-1.2479999
2018-04-12 12:00:00,14.602,33.749165,1.1025829,0.47,0.482,0.377,8.002,-0.698,-1.2479999
2018-04-12 13:00:00,13.402,37.837482,0.9571542,0.47,0.481,0.377,7.102,-0.648,-1.2479999
2018-04-12 14:00:00,11.352,44.24585,0.7504137,0.469,0.481,0.377,5.802,-0.648,-1.2479999
2018-04-12 15:00:00,10.002,50.01267,0.61501193,0.469,0.481,0.377,4.752,-0.598,-1.2479999
2018-04-12 16:00:00,9.402,53.59516,0.54842675,0.469,0.48,0.377,4.152,-0.598,-1.2479999
2018-04-12 17:00:00,8.802,56.210724,0.4970162,0.469,0.48,0.377,3.652,-0.598,-1.2479999
2018-04-12 18:00:00,8.152,58.528328,0.45044655,0.469,0.48,0.377,3.252,-0.598,-1.2479999
2018-04-12 19:00:00,7.402,62.715973,0.38480395,0.469,0.479,0.377,2.9520001,-0.54800004,-1.2479999
2018-04-12 20:00:00,6.752,64.63121,0.34914702,0.469,0.479,0.378,2.552,-0.54800004,-1.2479999
2018-04-12 21:00:00,5.902,67.30162,0.30442816,0.469,0.479,0.378,2.2020001,-0.54800004,-1.2479999
2018-04-12 22:00:00,4.902,70.84403,0.2532462,0.469,0.478,0.378,1.7520001,-0.54800004,-1.2479999
2018-04-12 23:00:00,4.202,73.32381,0.22064424,0.469,0.478,0.378,1.4020001,-0.54800004,-1.2479999
2018-04-13 00:00:00,3.302,76.7085,0.18082935,0.469,0.478,0.378,0.95199996,-0.54800004,-1.2479999
2018-04-13 01:00:00,2.802,78.60677,0.16031837,0.469,0.477,0.378,0.752,-0.54800004,-1.2479999
2018-04-13 02:00:00,4.002,73.02056,0.2200427,0.469,0.477,0.378,0.852,-0.49800003,-1.2479999
2018-04-13 03:00:00,6.252,64.28314,0.3406608,0.468,0.477,0.378,1.2520001,-0.49800003,-1.2479999
2018-04-13 04:00:00,7.652,59.68417,0.42325056,0.468,0.476,0.378,2.7020001,-0.49800003,-1.2479999
2018-04-13 05:00:00,8.152,59.59355,0.43887717,0.468,0.476,0.378,4.252,-0.49800003,-1.2479999
2018-04-13 06:00:00,7.652,61.21236,0.40720809,0.467,0.476,0.378,5.052,-0.448,-1.2479999
2018-04-13 07:00:00,7.352,62.029205,0.39055526,0.466,0.475,0.379,5.702,-0.448,-1.2479999
2018-04-13 08:00:00,6.502,58.107285,0.4064964,0.465,0.475,0.379,5.952,-0.448,-1.2479999
2018-04-13 09:00:00,5.852,53.612633,0.43036076,0.464,0.475,0.379,5.902,-0.398,-1.2479999
2018-04-13 10:00:00,5.102,50.48771,0.4360466,0.463,0.474,0.379,5.602,-0.398,-1.2479999
2018-04-13 11:00:00,4.402,48.418743,0.43259287,0.462,0.474,0.379,4.952,-0.348,-1.2479999
2018-04-13 12:00:00,3.7020001,45.87338,0.43215302,0.462,0.474,0.379,4.202,-0.348,-1.2479999
2018-04-13 13:00:00,2.9520001,42.90384,0.43231785,0.462,0.473,0.379,3.2020001,-0.348,-1.2479999
2018-04-13 14:00:00,1.5020001,45.572453,0.37164658,0.461,0.473,0.379,1.9020001,-0.348,-1.2479999
2018-04-13 15:00:00,0.0020000003,49.596584,0.30886903,0.461,0.473,0.379,0.552,-0.348,-1.2479999
2018-04-13 16:00:00,-1.5979999,57.51392,0.2316336,0.461,0.472,0.379,0.402,-0.348,-1.2479999
2018-04-13 17:00:00,-1.9979999,57.858356,0.22307888,0.461,0.472,0.379,0.252,-0.348,-1.2479999
2018-04-13 18:00:00,-1.4979999,54.47163,0.25004148,0.461,0.472,0.379,0.102,-0.348,-1.2479999
2018-04-13 19:00:00,-1.648,54.003277,0.24983805,0.462,0.471,0.379,0.0020000003,-0.348,-1.2479999
2018-04-13 20:00:00,-1.948,54.992107,0.23912185,0.462,0.471,0.38,-0.098000005,-0.348,-1.2479999
2018-04-13 21:00:00,-2.248,56.444736,0.22633368,0.462,0.471,0.38,-0.198,-0.348,-1.2479999
2018-04-13 22:00:00,-2.448,57.51149,0.21754667,0.462,0.471,0.38,-0.24800001,-0.348,-1.2479999
2018-04-13 23:00:00,-2.448,57.51149,0.21754667,0.462,0.47,0.38,-0.348,-0.348,-1.2479999
2018-04-14 00:00:00,-2.498,57.272175,0.21796137,0.462,0.47,0.38,-0.398,-0.348,-1.2479999
2018-04-14 01:00:00,-2.398,56.40385,0.2240428,0.462,0.47,0.38,-0.448,-0.348,-1.2479999
2018-04-14 02:00:00,-1.398,52.812576,0.2610584,0.462,0.47,0.38,-0.448,-0.348,-1.2479999
2018-04-14 03:00:00,1.7520001,39.62231,0.41968635,0.462,0.47,0.38,-0.29799998,-0.348,-1.2479999
2018-04-14 04:00:00,3.852,32.944378,0.54095507,0.461,0.469,0.38,-0.148,-0.348,-1.2479999
2018-04-14 05:00:00,5.152,32.17917,0.5992356,0.461,0.469,0.38,0.052,-0.348,-1.2479999
2018-04-14 06:00:00,6.702,27.569048,0.7123424,0.461,0.469,0.38,0.252,-0.348,-1.2479999
2018-04-14 07:00:00,6.802,29.749365,0.69569004,0.46,0.468,0.38,0.45200002,-0.348,-1.2479999
2018-04-14 08:00:00,7.252,28.172617,0.7335708,0.459,0.468,0.38,0.70199996,-0.348,-1.2479999
2018-04-14 09:00:00,7.752,26.485096,0.77686286,0.457,0.468,0.38,1.102,-0.348,-1.2479999
2018-04-14 10:00:00,7.902,25.702112,0.7931888,0.456,0.467,0.38,2.4520001,-0.29799998,-1.2479999
2018-04-14 11:00:00,7.552,25.90781,0.772346,0.455,0.467,0.38,3.352,-0.29799998,-1.2479999
2018-04-14 12:00:00,7.002,26.793863,0.7349385,0.455,0.467,0.381,3.602,-0.29799998,-1.2479999
2018-04-14 13:00:00,5.752,31.482098,0.63114405,0.454,0.466,0.381,3.2020001,-0.29799998,-1.2479999
2018-04-14 14:00:00,3.352,38.270096,0.48078734,0.454,0.466,0.381,2.052,-0.29799998,-1.2479999
2018-04-14 15:00:00,1.2520001,45.67612,0.36433944,0.454,0.466,0.381,0.852,-0.29799998,-1.2479999
2018-04-14 16:00:00,0.0020000003,51.173904,0.29921073,0.454,0.466,0.381,0.602,-0.29799998,-1.2479999
2018-04-14 17:00:00,-1.298,57.370075,0.23760065,0.454,0.465,0.381,0.45200002,-0.24800001,-1.2479999
2018-04-14 18:00:00,-2.498,64.65437,0.18032384,0.454,0.465,0.381,0.302,-0.24800001,-1.2479999
2018-04-14 19:00:00,-3.2979999,71.049675,0.13917196,0.454,0.465,0.381,0.202,-0.24800001,-1.2479999
2018-04-14 20:00:00,-3.598,72.93985,0.12720317,0.454,0.465,0.381,0.102,-0.24800001,-1.2479999
2018-04-14 21:00:00,-3.748,74.62294,0.11796105,0.454,0.464,0.381,0.0020000003,-0.24800001,-1.2479999
2018-04-14 22:00:00,-3.698,75.21062,0.11566281,0.454,0.464,0.381,-0.098000005,-0.24800001,-1.2479999
2018-04-14 23:00:00,-3.598,74.9391,0.11780816,0.454,0.464,0.381,-0.198,-0.29799998,-1.2479999
2018-04-15 00:00:00,-3.5479999,74.9482,0.11820698,0.454,0.464,0.381,-0.24800001,-0.29799998,-1.2479999
2018-04-15 01:00:00,-3.498,75.8284,0.11448237,0.455,0.464,0.381,-0.29799998,-0.29799998,-1.2479999
2018-04-15 02:00:00,-1.648,68.96956,0.16858149,0.455,0.463,0.381,-0.29799998,-0.29799998,-1.2479999
2018-04-15 03:00:00,1.702,55.141617,0.31076732,0.455,0.463,0.381,-0.148,-0.29799998,-1.2479999
2018-04-15 04:00:00,3.802,44.856808,0.44337454,0.454,0.463,0.381,0.0020000003,-0.29799998,-1.2479999
2018-04-15 05:00:00,5.052,39.85345,0.52780235,0.454,0.463,0.381,0.202,-0.29799998,-1.2479999
2018-04-15 06:00:00,6.102,34.82946,0.61505294,0.453,0.463,0.382,0.45200002,-0.29799998,-1.2479999
2018-04-15 07:00:00,7.202,35.298744,0.65860194,0.452,0.462,0.382,0.752,-0.29799998,-1.2479999
2018-04-15 08:00:00,8.102,31.819061,0.7379235,0.451,0.462,0.382,1.2520001,-0.24800001,-1.2479999
2018-04-15 09:00:00,8.702,30.082155,0.7881168,0.449,0.461,0.382,3.7020001,-0.24800001,-1.2479999
2018-04-15 10:00:00,9.052,29.493813,0.81375027,0.448,0.461,0.382,5.152,-0.24800001,-1.2479999
2018-04-15 11:00:00,9.102,29.853008,0.8123418,0.447,0.461,0.382,5.752,-0.198,-1.2479999
2018-04-15 12:00:00,8.802,31.057167,0.7824067,0.446,0.46,0.382,5.652,-0.198,-1.2479999
2018-04-15 13:00:00,7.702,36.691727,0.6668216,0.446,0.46,0.382,4.902,-0.198,-1.2479999
2018-04-15 14:00:00,5.452,43.488514,0.5099129,0.446,0.46,0.382,3.4520001,-0.148,-1.2479999
2018-04-15 15:00:00,2.902,51.999214,0.36220527,0.446,0.459,0.382,2.002,-0.148,-1.2479999
2018-04-15 16:00:00,1.602,56.82454,0.2969791,0.446,0.459,0.382,1.002,-0.148,-1.2479999
2018-04-15 17:00:00,0.752,60.632397,0.25474137,0.446,0.459,0.382,0.602,-0.148,-1.2479999
2018-04-15 18:00:00,0.052,64.26695,0.21980864,0.446,0.459,0.382,0.502,-0.148,-1.2479999
2018-04-15 19:00:00,-0.148,64.71123,0.21394551,0.446,0.459,0.382,0.402,-0.148,-1.2479999
2018-04-15 20:00:00,-0.648,68.138855,0.18626124,0.446,0.458,0.382,0.302,-0.148,-1.2479999
2018-04-15 21:00:00,-0.898,70.45694,0.16958663,0.446,0.458,0.382,0.252,-0.148,-1.2479999
2018-04-15 22:00:00,-0.99799997,71.786766,0.16077408,0.446,0.458,0.382,0.202,-0.148,-1.2479999
2018-04-15 23:00:00,-0.99799997,72.059586,0.1592198,0.446,0.458,0.382,0.15200001,-0.148,-1.2479999
2018-04-16 00:00:00,-0.948,71.52485,0.16286126,0.447,0.458,0.382,0.102,-0.148,-1.2479999
2018-04-16 01:00:00,-0.598,69.45688,0.17921129,0.447,0.458,0.382,0.052,-0.148,-1.2479999
2018-04-16 02:00:00,1.2520001,62.865746,0.249105,0.447,0.457,0.382,0.102,-0.148,-1.2479999
2018-04-16 03:00:00,3.502,53.97579,0.36234942,0.446,0.457,0.382,0.202,-0.148,-1.2479999
2018-04-16 04:00:00,5.802,47.1981,0.4881581,0.446,0.457,0.382,0.402,-0.148,-1.2479999
2018-04-16 05:00:00,7.702,43.33697,0.5968608,0.445,0.457,0.383,0.652,-0.148,-1.2479999
2018-04-16 06:00:00,9.152,40.476368,0.691707,0.444,0.456,0.383,1.052,-0.148,-1.198
2018-04-16 07:00:00,10.452,39.23119,0.77044475,0.443,0.456,0.383,3.4520001,-0.148,-1.198
2018-04-16 08:00:00,11.102,35.796852,0.84992063,0.441,0.455,0.383,5.352,-0.098000005,-1.198
2018-04-16 09:00:00,11.752,30.98518,0.95372856,0.44,0.455,0.383,6.452,-0.098000005,-1.198
2018-04-16 10:00:00,11.952,29.55589,0.98639107,0.439,0.454,0.383,7.052,-0.048,-1.198
2018-04-16 11:00:00,11.652,28.912981,0.97588754,0.438,0.454,0.383,7.002,-0.048,-1.198
2018-04-16 12:00:00,10.852,31.071785,0.897426,0.437,0.454,0.383,6.402,0.0020000003,-1.198
2018-04-16 13:00:00,9.952,34.010193,0.80913305,0.437,0.453,0.383,5.802,0.0020000003,-1.198
2018-04-16 14:00:00,8.152,39.13044,0.6610826,0.437,0.453,0.383,4.802,0.0020000003,-1.198
2018-04-16 15:00:00,6.102,46.404297,0.5058775,0.437,0.453,0.383,3.652,0.052,-1.198
2018-04-16 16:00:00,4.452,52.829384,0.3970052,0.437,0.453,0.383,2.602,0.052,-1.198
2018-04-16 17:00:00,3.152,58.541256,0.31844732,0.437,0.453,0.383,1.7520001,0.052,-1.198
2018-04-16 18:00:00,2.2020001,62.85847,0.26668465,0.437,0.452,0.383,1.102,0.052,-1.198
2018-04-16 19:00:00,1.702,65.3869,0.23981431,0.437,0.452,0.383,0.802,0.052,-1.198
2018-04-16 20:00:00,0.502,71.81267,0.17915022,0.437,0.452,0.383,0.652,0.052,-1.198
2018-04-16 21:00:00,-0.24800001,77.25527,0.13691121,0.437,0.452,0.383,0.552,0.052,-1.198
2018-04-16 22:00:00,-0.54800004,81.96305,0.10622984,0.438,0.452,0.383,0.45200002,0.052,-1.198
2018-04-16 23:00:00,-0.948,86.61658,0.07655507,0.438,0.452,0.383,0.402,0.052,-1.198
2018-04-17 00:00:00,-1.398,88.52573,0.06350523,0.438,0.451,0.383,0.302,0.052,-1.198
2018-04-17 01:00:00,-1.7479999,89.15658,0.058488637,0.438,0.451,0.383,0.252,0.052,-1.198
2018-04-17 02:00:00,-0.398,80.47088,0.11628115,0.438,0.451,0.383,0.302,0.052,-1.198
2018-04-17 03:00:00,1.302,66.2845,0.2269921,0.438,0.451,0.383,0.402,0.052,-1.198
2018-04-17 04:00:00,2.9520001,53.41712,0.35275915,0.437,0.451,0.383,0.602,0.052,-1.198
2018-04-17 05:00:00,4.252,43.462433,0.4691768,0.437,0.45,0.383,0.902,0.052,-1.198
2018-04-17 06:00:00,5.202,38.09051,0.54896283,0.436,0.45,0.383,1.702,0.052,-1.198
2018-04-17 07:00:00,6.802,38.135777,0.61270905,0.435,0.449,0.383,4.202,0.052,-1.198
2018-04-17 08:00:00,7.602,34.21552,0.68817556,0.434,0.449,0.383,5.602,0.102,-1.198
2018-04-17 09:00:00,8.102,32.565006,0.72985685,0.433,0.449,0.383,6.452,0.102,-1.198
2018-04-17 10:00:00,8.102,31.08837,0.7458249,0.432,0.448,0.384,6.402,0.15200001,-1.198
2018-04-17 11:00:00,8.102,29.55622,0.7623912,0.431,0.448,0.384,6.202,0.15200001,-1.198
2018-04-17 12:00:00,7.652,29.88623,0.7359281,0.431,0.448,0.384,5.602,0.202,-1.198
2018-04-17 13:00:00,7.102,31.889425,0.68854386,0.43,0.447,0.384,4.952,0.202,-1.198
2018-04-17 14:00:00,4.902,39.196644,0.52801204,0.43,0.447,0.384,3.652,0.202,-1.198
2018-04-17 15:00:00,2.4520001,46.572506,0.3904465,0.43,0.447,0.384,2.2020001,0.202,-1.198
2018-04-17 16:00:00,0.802,53.02112,0.30506364,0.431,0.447,0.384,1.052,0.252,-1.198
2018-04-17 17:00:00,-0.49800003,59.621754,0.23862675,0.431,0.447,0.384,0.45200002,0.202,-1.198
2018-04-17 18:00:00,-1.5979999,66.638954,0.18190652,0.431,0.446,0.384,0.352,0.202,-1.198
2018-04-17 19:00:00,-2.498,57.498055,0.21680993,0.431,0.446,0.384,0.252,0.202,-1.198
2018-04-17 20:00:00,-2.898,58.073883,0.20761105,0.431,0.446,0.384,0.15200001,0.202,-1.198
2018-04-17 21:00:00,-3.0479999,58.724968,0.20211849,0.431,0.446,0.384,0.102,0.202,-1.198
2018-04-17 22:00:00,-3.2979999,61.018375,0.18736765,0.431,0.446,0.384,0.0020000003,0.202,-1.198
2018-04-17 23:00:00,-3.698,62.374847,0.17551994,0.431,0.446,0.384,-0.048,0.202,-1.198
2018-04-18 00:00:00,-3.9980001,64.54947,0.16170004,0.431,0.446,0.384,-0.148,0.202,-1.198
2018-04-18 01:00:00,-3.848,64.83951,0.16219422,0.432,0.445,0.384,-0.198,0.202,-1.198
2018-04-18 02:00:00,-1.148,55.864403,0.24870974,0.432,0.445,0.384,-0.148,0.202,-1.198
2018-04-18 03:00:00,1.2520001,49.959923,0.33563027,0.432,0.445,0.384,0.0020000003,0.202,-1.198
2018-04-18 04:00:00,3.2020001,47.15551,0.4072935,0.432,0.445,0.384,0.15200001,0.202,-1.198
2018-04-18 05:00:00,4.852,43.143486,0.4920429,0.431,0.445,0.384,0.402,0.202,-1.198
2018-04-18 06:00:00,6.002,37.602226,0.5848514,0.43,0.444,0.384,0.70199996,0.202,-1.198
2018-04-18 07:00:00,6.052,38.644936,0.57707596,0.43,0.444,0.384,1.052,0.202,-1.198
2018-04-18 08:00:00,6.252,38.11543,0.59014446,0.429,0.444,0.384,2.252,0.202,-1.198
2018-04-18 09:00:00,6.652,37.654636,0.6111399,0.428,0.443,0.384,3.9520001,0.202,-1.198
2018-04-18 10:00:00,7.002,37.329357,0.6292664,0.428,0.443,0.384,4.902,0.252,-1.198
2018-04-18 11:00:00,6.852,38.297134,0.6132134,0.427,0.443,0.384,5.002,0.252,-1.198
2018-04-18 12:00:00,6.052,43.172985,0.53451294,0.427,0.442,0.384,4.452,0.252,-1.198
2018-04-18 13:00:00,4.302,52.58939,0.3948548,0.428,0.442,0.384,3.552,0.302,-1.198
2018-04-18 14:00:00,2.802,60.00949,0.29965124,0.428,0.442,0.384,2.552,0.302,-1.198
2018-04-18 15:00:00,1.6520001,63.43858,0.2524036,0.429,0.442,0.384,1.7520001,0.302,-1.198
2018-04-18 16:00:00,0.502,68.90544,0.1976228,0.429,0.442,0.384,1.102,0.302,-1.198
2018-04-18 17:00:00,-0.29799998,74.68406,0.15183192,0.429,0.442,0.384,0.602,0.302,-1.198
2018-04-18 18:00:00,-0.848,79.20993,0.11978847,0.429,0.442,0.384,0.552,0.302,-1.198
2018-04-18 19:00:00,-1.798,81.48553,0.09949222,0.429,0.441,0.384,0.45200002,0.302,-1.198
2018-04-18 20:00:00,-2.0479999,82.68838,0.09132898,0.429,0.441,0.384,0.402,0.302,-1.198
2018-04-18 21:00:00,-2.198,78.7023,0.11111486,0.429,0.441,0.384,0.352,0.302,-1.198
2018-04-18 22:00:00,-2.198,71.54721,0.14843321,0.429,0.441,0.384,0.302,0.302,-1.198
2018-04-18 23:00:00,-2.5479999,66.16578,0.17197758,0.429,0.441,0.384,0.252,0.302,-1.198
2018-04-19 00:00:00,-3.148,63.003445,0.17983398,0.43,0.441,0.384,0.15200001,0.302,-1.198
2018-04-19 01:00:00,-3.648,61.16993,0.18181702,0.43,0.441,0.385,0.102,0.252,-1.198
2018-04-19 02:00:00,-2.748,54.987022,0.22538576,0.43,0.441,0.385,0.052,0.252,-1.198
2018-04-19 03:00:00,-1.298,45.630684,0.30296952,0.429,0.44,0.385,0.102,0.252,-1.198
2018-04-19 04:00:00,0.15200001,38.34923,0.3818475,0.429,0.44,0.385,0.252,0.252,-1.198
2018-04-19 05:00:00,1.452,34.780304,0.4436531,0.429,0.44,0.385,0.402,0.252,-1.198
2018-04-19 06:00:00,2.7020001,32.72322,0.50035393,0.43,0.44,0.385,0.652,0.252,-1.198
2018-04-19 07:00:00,2.852,34.794353,0.4901638,0.432,0.439,0.385,1.102,0.252,-1.198
2018-04-19 08:00:00,3.602,33.130882,0.5300361,0.436,0.439,0.385,3.052,0.252,-1.198
2018-04-19 09:00:00,4.202,32.017445,0.5620773,0.44,0.439,0.385,4.802,0.302,-1.198
2018-04-19 10:00:00,4.702,31.412903,0.58727336,0.443,0.439,0.385,5.802,0.302,-1.198
2018-04-19 11:00:00,4.852,31.583447,0.5919835,0.444,0.438,0.385,5.902,0.352,-1.198
2018-04-19 12:00:00,4.702,32.812668,0.575303,0.443,0.438,0.385,5.402,0.352,-1.148
2018-04-19 13:00:00,4.002,37.576725,0.50896645,0.442,0.438,0.385,4.402,0.402,-1.148
2018-04-19 14:00:00,2.402,42.904697,0.41574597,0.442,0.438,0.385,3.002,0.402,-1.148
2018-04-19 15:00:00,0.202,50.635044,0.30693334,0.442,0.438,0.385,1.352,0.402,-1.148
2018-04-19 16:00:00,-1.148,54.355774,0.2572051,0.442,0.438,0.385,0.252,0.402,-1.148
2018-04-19 17:00:00,-1.898,57.65888,0.22579515,0.442,0.438,0.385,0.15200001,0.402,-1.148
2018-04-19 18:00:00,-2.248,61.764565,0.1987057,0.442,0.438,0.385,0.102,0.402,-1.148
2018-04-19 19:00:00,-2.398,64.42746,0.18283144,0.441,0.438,0.385,0.052,0.402,-1.148
2018-04-19 20:00:00,-2.448,67.221405,0.16785446,0.441,0.438,0.385,0.0020000003,0.352,-1.148
2018-04-19 21:00:00,-2.348,69.08458,0.15949479,0.441,0.438,0.385,-0.048,0.352,-1.148
2018-04-19 22:00:00,-2.198,70.18773,0.15552291,0.441,0.438,0.385,-0.098000005,0.352,-1.148
2018-04-19 23:00:00,-2.0479999,71.03119,0.15280944,0.441,0.438,0.385,-0.148,0.352,-1.148
2018-04-20 00:00:00,-1.798,72.17644,0.14950326,0.441,0.438,0.385,-0.148,0.352,-1.148
2018-04-20 01:00:00,-0.79800004,72.372375,0.15975848,0.441,0.438,0.385,-0.148,0.352,-1.148
2018-04-20 02:00:00,1.2520001,69.8438,0.20230666,0.441,0.438,0.385,-0.098000005,0.352,-1.148
2018-04-20 03:00:00,3.502,66.28509,0.2654618,0.442,0.437,0.385,0.0020000003,0.352,-1.148
2018-04-20 04:00:00,5.852,63.262596,0.34084773,0.446,0.437,0.385,0.202,0.352,-1.148
2018-04-20 05:00:00,8.052,62.420235,0.40541357,0.451,0.437,0.385,0.402,0.352,-1.148
2018-04-20 06:00:00,9.252,64.28041,0.41790837,0.456,0.437,0.385,0.652,0.352,-1.148
2018-04-20 07:00:00,9.902,73.329094,0.3259436,0.462,0.437,0.385,1.052,0.352,-1.148
2018-04-20 08:00:00,11.202,66.78104,0.4426697,0.467,0.437,0.385,2.552,0.352,-1.148
2018-04-20 09:00:00,12.502,52.34936,0.69179773,0.47,0.437,0.385,4.652,0.352,-1.148
2018-04-20 10:00:00,13.502,42.67077,0.88849133,0.472,0.437,0.385,6.102,0.402,-1.148
2018-04-20 11:00:00,13.352,43.556564,0.866264,0.473,0.438,0.385,6.452,0.402,-1.148
2018-04-20 12:00:00,13.502,43.59996,0.87408906,0.473,0.438,0.385,6.802,0.45200002,-1.148
2018-04-20 13:00:00,12.652,45.268684,0.8024556,0.472,0.438,0.385,6.552,0.502,-1.148
2018-04-20 14:00:00,10.802,49.51676,0.6551384,0.471,0.438,0.385,5.752,0.502,-1.148
2018-04-20 15:00:00,9.302,52.417248,0.55857885,0.47,0.439,0.385,4.902,0.552,-1.148
2018-04-20 16:00:00,8.502,54.13335,0.51014006,0.47,0.439,0.385,4.302,0.552,-1.148
2018-04-20 17:00:00,7.802,56.356785,0.46288502,0.469,0.439,0.385,3.852,0.602,-1.148
2018-04-20 18:00:00,7.402,57.7048,0.4365192,0.468,0.439,0.385,3.552,0.602,-1.148
2018-04-20 19:00:00,6.902,58.63597,0.4125483,0.468,0.44,0.385,3.252,0.602,-1.148
2018-04-20 20:00:00,6.502,60.049774,0.3876505,0.467,0.44,0.385,3.002,0.652,-1.148
2018-04-20 21:00:00,6.002,61.031147,0.36531645,0.466,0.44,0.385,2.7020001,0.652,-1.148
2018-04-20 22:00:00,5.502,61.808002,0.34585422,0.466,0.44,0.385,2.402,0.652,-1.148
2018-04-20 23:00:00,5.002,63.06139,0.32307965,0.465,0.44,0.385,2.102,0.652,-1.148
2018-04-21 00:00:00,5.102,63.085136,0.32512784,0.464,0.441,0.385,2.052,0.652,-1.148
2018-04-21 01:00:00,5.802,62.107212,0.35035187,0.464,0.441,0.385,2.302,0.652,-1.148
2018-04-21 02:00:00,7.102,59.115345,0.41339445,0.464,0.441,0.385,3.002,0.70199996,-1.148
2018-04-21 03:00:00,8.752,56.4009,0.49318945,0.463,0.441,0.385,4.052,0.70199996,-1.148
2018-04-21 04:00:00,9.952,53.9368,0.56484073,0.463,0.441,0.385,5.102,0.752,-1.148
2018-04-21 05:00:00,11.152,50.877625,0.6524566,0.463,0.441,0.386,6.102,0.802,-1.148
2018-04-21 06:00:00,12.352,48.19755,0.74471855,0.462,0.441,0.386,7.002,0.902,-1.148
2018-04-21 07:00:00,13.352,47.11983,0.81156975,0.462,0.44,0.386,7.952,1.052,-1.148
2018-04-21 08:00:00,14.552,42.366203,0.9560696,0.461,0.44,0.386,8.952,1.202,-1.148
2018-04-21 09:00:00,15.502,37.6353,1.09969,0.459,0.44,0.386,9.752,1.5020001,-1.148
2018-04-21 10:00:00,15.802,35.4855,1.1596401,0.458,0.439,0.386,10.152,1.802,-1.148
2018-04-21 11:00:00,16.302,34.24732,1.2201803,0.456,0.439,0.386,10.552,2.252,-1.148
2018-04-21 12:00:00,15.752,36.377567,1.139955,0.455,0.439,0.386,10.252,2.602,-1.148
2018-04-21 13:00:00,14.602,40.021282,0.9981891,0.454,0.439,0.386,9.552,2.902,-1.148
2018-04-21 14:00:00,12.602,49.663322,0.7356034,0.455,0.439,0.386,8.652,3.152,-1.148
2018-04-21 15:00:00,10.052,63.560448,0.4498263,0.458,0.439,0.386,7.452,3.302,-1.148
2018-04-21 16:00:00,8.552,75.15995,0.27721238,0.461,0.439,0.386,6.502,3.402,-1.148
2018-04-21 17:00:00,8.102,77.48821,0.2436831,0.461,0.439,0.386,5.802,3.402,-1.148
2018-04-21 18:00:00,8.252,76.97201,0.2518205,0.46,0.439,0.386,5.502,3.4520001,-1.148
2018-04-21 19:00:00,9.702,60.40583,0.47745347,0.459,0.439,0.386,5.502,3.4520001,-1.148
2018-04-21 20:00:00,9.252,60.511086,0.46200967,0.459,0.439,0.386,5.452,3.502,-1.148
2018-04-21 21:00:00,8.602,62.774334,0.41684735,0.458,0.439,0.386,5.252,3.502,-1.0979999
2018-04-21 22:00:00,8.102,65.403336,0.37450182,0.458,0.439,0.386,5.102,3.502,-1.0979999
2018-04-21 23:00:00,7.652,69.13928,0.32398993,0.457,0.439,0.386,4.952,3.502,-1.0979999
2018-04-22 00:00:00,7.102,73.593376,0.26700836,0.457,0.439,0.386,4.802,3.4520001,-1.0979999
2018-04-22 01:00:00,6.602,78.626976,0.20882589,0.456,0.44,0.386,4.652,3.4520001,-1.0979999
2018-04-22 02:00:00,7.252,79.280975,0.2116586,0.456,0.44,0.386,5.052,3.4520001,-1.0979999
2018-04-22 03:00:00,8.502,76.47652,0.26163244,0.457,0.44,0.386,6.152,3.502,-1.0979999
2018-04-22 04:00:00,9.302,75.81368,0.28391916,0.459,0.44,0.386,7.152,3.602,-1.0979999
2018-04-22 05:00:00,9.802,76.95427,0.27975827,0.464,0.44,0.386,7.702,3.752,-1.0979999
2018-04-22 06:00:00,9.902,79.39465,0.2518112,0.478,0.44,0.386,7.952,3.852,-1.0979999
2018-04-22 07:00:00,10.952,77.93375,0.28920448,0.49,0.44,0.386,8.502,4.052,-1.0979999
2018-04-22 08:00:00,12.302,69.12165,0.4424212,0.487,0.441,0.386,9.802,4.252,-1.0979999
2018-04-22 09:00:00,12.302,69.59743,0.43560308,0.485,0.442,0.386,9.752,4.452,-1.0979999
2018-04-22 10:00:00,12.602,67.77417,0.47090125,0.482,0.443,0.386,9.952,4.652,-1.0979999
2018-04-22 11:00:00,12.652,67.552475,0.4756961,0.48,0.443,0.386,9.952,4.802,-1.0979999
2018-04-22 12:00:00,12.552,68.935616,0.45244277,0.478,0.443,0.386,9.902,5.002,-1.0979999
2018-04-22 13:00:00,11.952,73.6976,0.36827874,0.477,0.444,0.386,9.452,5.102,-1.0979999
2018-04-22 14:00:00,10.752,78.97644,0.27190316,0.475,0.444,0.386,8.752,5.202,-1.0979999
2018-04-22 15:00:00,8.802,86.37622,0.15462548,0.474,0.445,0.386,7.752,5.202,-1.0979999
2018-04-22 16:00:00,8.252,89.65238,0.11315185,0.475,0.445,0.386,7.152,5.202,-1.0979999
2018-04-22 17:00:00,7.552,93.70208,0.065666854,0.48,0.445,0.386,6.702,5.152,-1.0979999
2018-04-22 18:00:00,7.252,95.64172,0.04452139,0.487,0.446,0.386,6.402,5.102,-1.0979999
2018-04-22 19:00:00,5.752,96.59223,0.031399906,0.486,0.446,0.386,5.802,5.002,-1.0979999
2018-04-22 20:00:00,5.452,97.25893,0.024737358,0.485,0.447,0.386,5.452,4.902,-1.0979999
2018-04-22 21:00:00,5.202,97.93378,0.018326163,0.484,0.448,0.386,5.102,4.802,-1.0979999
2018-04-22 22:00:00,4.652,98.612175,0.011846423,0.482,0.448,0.386,4.752,4.702,-1.0979999
2018-04-22 23:00:00,3.9520001,99.64945,0.002849102,0.481,0.449,0.387,4.402,4.552,-1.0979999
2018-04-23 00:00:00,3.652,99.29832,0.0055841208,0.479,0.449,0.387,4.152,4.452,-1.0979999
2018-04-23 01:00:00,3.602,98.94868,0.0083370805,0.478,0.449,0.387,4.052,4.302,-1.048
2018-04-23 02:00:00,4.952,98.27205,0.015061617,0.477,0.45,0.387,4.602,4.202,-1.048
2018-04-23 03:00:00,6.852,93.344604,0.06615132,0.475,0.45,0.387,5.602,4.202,-1.048
2018-04-23 04:00:00,8.652,88.76643,0.12621123,0.474,0.45,0.387,6.652,4.202,-1.048
2018-04-23 05:00:00,10.402,78.116486,0.27651125,0.473,0.45,0.387,7.952,4.302,-1.048
2018-04-23 06:00:00,11.852,62.869766,0.51650196,0.471,0.45,0.387,9.302,4.502,-1.048
2018-04-23 07:00:00,14.002,47.47099,0.84093845,0.469,0.45,0.387,11.052,4.752,-1.048
2018-04-23 08:00:00,14.952,41.73213,0.9918117,0.466,0.449,0.387,12.402,5.052,-1.048
2018-04-23 09:00:00,15.752,37.438904,1.1209345,0.463,0.449,0.387,13.202,5.402,-1.048
2018-04-23 10:00:00,16.302,34.37118,1.2178812,0.461,0.448,0.387,13.302,5.702,-1.048
2018-04-23 11:00:00,15.952,35.91555,1.1629914,0.459,0.448,0.387,12.952,5.952,-1.048
2018-04-23 12:00:00,15.402,40.25471,1.0467654,0.458,0.447,0.387,12.302,6.152,-1.048
2018-04-23 13:00:00,14.352,46.24342,0.8803006,0.457,0.447,0.387,11.552,6.352,-1.048
2018-04-23 14:00:00,12.952,51.009422,0.7325073,0.457,0.447,0.387,10.502,6.402,-1.048
2018-04-23 15:00:00,10.952,56.76848,0.5666428,0.456,0.447,0.387,9.302,6.452,-1.048
2018-04-23 16:00:00,9.902,60.02687,0.48852378,0.456,0.447,0.387,8.502,6.402,-1.048
2018-04-23 17:00:00,9.302,63.16244,0.43244046,0.455,0.447,0.387,7.902,6.352,-1.048
2018-04-23 18:00:00,9.052,65.615166,0.39691097,0.455,0.447,0.387,7.552,6.252,-1.048
2018-04-23 19:00:00,8.152,68.02511,0.34729838,0.455,0.447,0.387,6.952,6.152,-1.048
2018-04-23 20:00:00,8.052,69.221436,0.33204192,0.454,0.447,0.387,6.702,6.052,-1.048
2018-04-23 21:00:00,8.302,68.54081,0.34519118,0.454,0.447,0.387,6.602,5.952,-1.048
2018-04-23 22:00:00,8.052,70.45812,0.3187002,0.454,0.447,0.387,6.452,5.852,-1.048
2018-04-23 23:00:00,7.552,73.41518,0.2772032,0.454,0.447,0.387,6.202,5.702,-1.048
2018-04-24 00:00:00,7.152,75.98434,0.2436645,0.453,0.447,0.387,6.002,5.602,-0.99799997
2018-04-24 01:00:00,7.202,76.801476,0.23618007,0.453,0.447,0.387,5.952,5.502,-0.99799997
2018-04-24 02:00:00,8.652,72.58977,0.30797225,0.453,0.447,0.387,6.502,5.402,-0.99799997
2018-04-24 03:00:00,10.952,64.66543,0.46312678,0.452,0.446,0.387,7.802,5.452,-0.99799997
2018-04-24 04:00:00,12.802,57.84404,0.62415105,0.451,0.446,0.387,9.202,5.502,-0.99799997
2018-04-24 05:00:00,14.152,53.16259,0.7571173,0.45,0.446,0.387,10.402,5.652,-0.99799997
2018-04-24 06:00:00,14.752,50.785538,0.82696146,0.449,0.445,0.388,11.152,5.802,-0.99799997
2018-04-24 07:00:00,14.402,55.87987,0.7247973,0.449,0.445,0.388,11.552,6.002,-0.99799997
2018-04-24 08:00:00,14.252,57.408665,0.6929292,0.449,0.445,0.388,11.752,6.202,-0.99799997
2018-04-24 09:00:00,13.202,64.49879,0.5395083,0.452,0.444,0.388,11.552,6.352,-0.99799997
2018-04-24 10:00:00,12.602,71.34271,0.4187472,0.453,0.444,0.388,11.052,6.452,-0.99799997
2018-04-24 11:00:00,12.202,77.07371,0.32632053,0.455,0.444,0.388,10.552,6.552,-0.99799997
2018-04-24 12:00:00,11.652,81.0085,0.26069844,0.46,0.444,0.388,10.052,6.602,-0.99799997
2018-04-24 13:00:00,11.102,85.733,0.18884695,0.462,0.444,0.388,9.602,6.602,-0.99799997
2018-04-24 14:00:00,10.252,88.30016,0.14635646,0.463,0.445,0.388,8.952,6.602,-0.99799997
2018-04-24 15:00:00,8.952,93.76978,0.07142806,0.463,0.445,0.388,8.252,6.502,-0.99799997
2018-04-24 16:00:00,8.252,94.701454,0.057938933,0.464,0.445,0.388,7.702,6.452,-0.99799997
2018-04-24 17:00:00,7.802,95.98822,0.042547703,0.467,0.445,0.388,7.352,6.352,-0.99799997
2018-04-24 18:00:00,7.402,96.63627,0.034715474,0.467,0.445,0.388,7.052,6.252,-0.99799997
2018-04-24 19:00:00,6.602,96.9489,0.02981019,0.467,0.445,0.388,6.602,6.152,-0.99799997
2018-04-24 20:00:00,6.052,96.266014,0.035126448,0.466,0.445,0.388,6.152,6.002,-0.99799997
2018-04-24 21:00:00,5.452,94.91521,0.04588878,0.466,0.445,0.388,5.702,5.852,-0.99799997
2018-04-24 22:00:00,5.052,94.567474,0.04768318,0.465,0.446,0.388,5.352,5.702,-0.948
2018-04-24 23:00:00,4.652,93.888,0.052172184,0.465,0.446,0.388,5.002,5.502,-0.948
2018-04-25 00:00:00,4.152,92.21978,0.064128995,0.464,0.446,0.388,4.652,5.352,-0.948
2018-04-25 01:00:00,4.252,90.60838,0.077955425,0.464,0.446,0.388,4.502,5.202,-0.948
2018-04-25 02:00:00,5.002,86.90287,0.114558876,0.463,0.446,0.388,4.802,5.052,-0.948
2018-04-25 03:00:00,5.552,78.46596,0.1956904,0.462,0.446,0.388,5.452,4.952,-0.948
2018-04-25 04:00:00,6.202,70.84653,0.27710718,0.461,0.446,0.388,6.352,4.902,-0.948
2018-04-25 05:00:00,6.752,64.86488,0.34684056,0.46,0.446,0.388,7.202,4.902,-0.948
2018-04-25 06:00:00,7.452,57.29925,0.44221145,0.459,0.445,0.388,8.102,5.002,-0.948
2018-04-25 07:00:00,7.552,43.130337,0.5929401,0.457,0.445,0.388,8.702,5.052,-0.948
2018-04-25 08:00:00,7.652,41.881844,0.61009896,0.457,0.445,0.388,8.802,5.152,-0.948
2018-04-25 09:00:00,8.002,39.98153,0.6452332,0.456,0.445,0.388,8.902,5.252,-0.948
2018-04-25 10:00:00,7.852,40.087677,0.6375531,0.455,0.444,0.388,8.652,5.302,-0.948
2018-04-25 11:00:00,7.802,38.877598,0.64821273,0.454,0.444,0.388,8.502,5.352,-0.948
2018-04-25 12:00:00,7.602,39.410988,0.6338591,0.453,0.444,0.388,8.152,5.402,-0.948
2018-04-25 13:00:00,6.952,40.121223,0.5991931,0.452,0.444,0.388,7.552,5.402,-0.948
2018-04-25 14:00:00,5.902,41.674667,0.54293895,0.452,0.444,0.388,6.652,5.352,-0.948
2018-04-25 15:00:00,4.602,44.580387,0.47131425,0.451,0.443,0.388,5.552,5.252,-0.948
2018-04-25 16:00:00,3.7020001,48.031578,0.41493204,0.451,0.443,0.388,4.702,5.102,-0.948
2018-04-25 17:00:00,3.002,51.829563,0.36606964,0.451,0.443,0.388,4.002,4.902,-0.948
2018-04-25 18:00:00,2.402,55.754074,0.3222338,0.45,0.443,0.388,3.4520001,4.702,-0.948
2018-04-25 19:00:00,1.202,60.057255,0.26697642,0.45,0.443,0.389,2.802,4.502,-0.948
2018-04-25 20:00:00,1.052,60.93925,0.2582814,0.45,0.443,0.389,2.402,4.302,-0.948
2018-04-25 21:00:00,0.902,62.5432,0.24501804,0.45,0.443,0.389,2.152,4.052,-0.948
2018-04-25 22:00:00,0.752,65.6622,0.22220549,0.449,0.443,0.389,1.9020001,3.852,-0.948
2018-04-25 23:00:00,0.15200001,70.9385,0.18008253,0.449,0.443,0.389,1.552,3.652,-0.948
2018-04-26 00:00:00,-0.29799998,75.81366,0.14505851,0.449,0.443,0.389,1.202,3.402,-0.898
2018-04-26 01:00:00,0.052,77.88359,0.13606364,0.449,0.443,0.389,1.202,3.2020001,-0.898
2018-04-26 02:00:00,1.602,74.47198,0.17561835,0.448,0.443,0.389,2.002,3.052,-0.898
2018-04-26 03:00:00,3.352,68.741425,0.24353325,0.448,0.443,0.389,3.402,3.002,-0.898
2018-04-26 04:00:00,5.052,58.377605,0.36530715,0.447,0.443,0.389,4.902,3.052,-0.898
2018-04-26 05:00:00,6.052,49.446476,0.47552907,0.447,0.442,0.389,5.952,3.102,-0.898
2018-04-26 06:00:00,7.002,42.805172,0.5743143,0.447,0.442,0.389,7.002,3.252,-0.898
2018-04-26 07:00:00,7.652,40.791176,0.62154305,0.447,0.442,0.389,7.652,3.402,-0.898
2018-04-26 08:00:00,8.702,36.298702,0.71809065,0.446,0.441,0.389,8.402,3.602,-0.898
2018-04-26 09:00:00,8.802,35.24176,0.7349491,0.444,0.441,0.389,8.452,3.802,-0.898
2018-04-26 10:00:00,8.752,35.902664,0.72499907,0.443,0.441,0.389,8.302,3.9520001,-0.898
2018-04-26 11:00:00,8.502,36.93296,0.701388,0.442,0.44,0.389,7.902,4.052,-0.898
2018-04-26 12:00:00,8.552,36.52993,0.7082615,0.441,0.44,0.389,7.702,4.152,-0.898
2018-04-26 13:00:00,8.202,39.44213,0.65993565,0.441,0.44,0.389,7.202,4.252,-0.898
2018-04-26 14:00:00,7.152,44.659264,0.56144404,0.441,0.44,0.389,6.502,4.252,-0.898
2018-04-26 15:00:00,6.152,49.660206,0.47679994,0.44,0.44,0.389,5.602,4.252,-0.898
2018-04-26 16:00:00,5.952,49.60324,0.4707906,0.44,0.439,0.389,4.802,4.152,-0.898
2018-04-26 17:00:00,4.152,63.32485,0.30227256,0.44,0.439,0.389,4.152,4.052,-0.898
2018-04-26 18:00:00,3.652,61.81368,0.30385572,0.44,0.439,0.389,3.652,3.9520001,-0.898
2018-04-26 19:00:00,2.4520001,66.04907,0.24816054,0.44,0.439,0.389,3.002,3.802,-0.898
2018-04-26 20:00:00,1.952,67.17933,0.23150072,0.44,0.439,0.389,2.502,3.652,-0.898
2018-04-26 21:00:00,1.802,67.39757,0.22750929,0.44,0.439,0.389,2.252,3.502,-0.898
2018-04-26 22:00:00,1.4020001,69.6145,0.20605206,0.44,0.439,0.389,1.852,3.302,-0.898
2018-04-26 23:00:00,1.052,74.372185,0.16947812,0.44,0.439,0.389,1.5020001,3.152,-0.898
2018-04-27 00:00:00,1.5020001,80.44781,0.13355213,0.439,0.439,0.389,1.552,2.9520001,-0.898
2018-04-27 01:00:00,2.102,87.24141,0.09097117,0.44,0.439,0.389,1.802,2.852,-0.898
2018-04-27 02:00:00,3.552,87.69476,0.09723765,0.441,0.439,0.389,2.552,2.752,-0.898
2018-04-27 03:00:00,4.952,85.97955,0.122208774,0.442,0.439,0.389,3.502,2.7020001,-0.898
2018-04-27 04:00:00,5.702,88.82475,0.10261595,0.446,0.439,0.389,4.152,2.752,-0.898
2018-04-27 05:00:00,5.852,92.32176,0.07124019,0.456,0.439,0.389,4.402,2.752,-0.898
2018-04-27 06:00:00,6.052,92.655815,0.0690887,0.466,0.439,0.389,4.552,2.802,-0.898
2018-04-27 07:00:00,6.752,88.91341,0.10944259,0.475,0.439,0.389,4.702,2.802,-0.898
2018-04-27 08:00:00,7.002,87.706535,0.12345463,0.484,0.44,0.389,4.852,2.852,-0.898
2018-04-27 09:00:00,7.102,88.021095,0.12112206,0.501,0.441,0.389,4.902,2.902,-0.898
2018-04-27 10:00:00,6.702,89.21919,0.10605937,0.52,0.444,0.389,4.802,2.9520001,-0.898
2018-04-27 11:00:00,6.552,89.83043,0.09902042,0.454,0.47,0.389,4.702,2.9520001,-0.898
2018-04-27 12:00:00,7.252,86.21851,0.14078575,0.457,0.47,0.389,4.802,3.002,-0.848
2018-04-27 13:00:00,8.202,82.232155,0.19363904,0.462,0.47,0.39,5.052,3.052,-0.848
2018-04-27 14:00:00,8.752,80.33283,0.2224679,0.471,0.47,0.39,5.202,3.102,-0.848
2018-04-27 15:00:00,9.052,79.27016,0.23928195,0.471,0.47,0.39,5.252,3.152,-0.848
2018-04-27 16:00:00,8.552,84.292305,0.17529231,0.474,0.47,0.39,5.202,3.152,-0.848
2018-04-27 17:00:00,8.102,89.025894,0.11878818,0.477,0.47,0.39,5.102,3.2020001,-0.848
2018-04-27 18:00:00,7.902,92.1253,0.08408785,0.477,0.47,0.39,5.102,3.2020001,-0.848
2018-04-27 19:00:00,8.302,91.20738,0.09647375,0.476,0.47,0.39,5.152,3.252,-0.848
2018-04-27 20:00:00,8.102,90.569824,0.10207564,0.475,0.47,0.39,5.152,3.302,-0.848
2018-04-27 21:00:00,7.352,91.77484,0.08459973,0.475,0.47,0.39,5.002,3.302,-0.848
2018-04-27 22:00:00,6.652,93.01155,0.068514824,0.474,0.47,0.39,4.852,3.302,-0.848
2018-04-27 23:00:00,5.802,93.61592,0.05902821,0.474,0.47,0.391,4.652,3.302,-0.848
2018-04-28 00:00:00,5.102,93.9095,0.053644836,0.473,0.47,0.391,4.352,3.302,-0.848
2018-04-28 01:00:00,4.702,93.23238,0.057970524,0.473,0.469,0.391,4.202,3.252,-0.848
2018-04-28 02:00:00,4.702,91.28273,0.07467097,0.472,0.469,0.391,4.152,3.2020001,-0.848
2018-04-28 03:00:00,5.052,84.47953,0.13622856,0.472,0.469,0.391,4.302,3.2020001,-0.848
2018-04-28 04:00:00,5.702,78.21011,0.20008385,0.471,0.469,0.391,4.702,3.2020001,-0.848
2018-04-28 05:00:00,6.352,74.77737,0.24223614,0.471,0.469,0.391,5.252,3.252,-0.848
2018-04-28 06:00:00,7.152,70.78124,0.29645556,0.47,0.468,0.391,5.852,3.302,-0.848
2018-04-28 07:00:00,8.502,66.19459,0.37599498,0.469,0.468,0.391,6.602,3.402,-0.848
2018-04-28 08:00:00,9.452,63.19739,0.43640733,0.468,0.468,0.391,7.452,3.552,-0.848
2018-04-28 09:00:00,10.452,60.16181,0.5050877,0.467,0.467,0.391,8.302,3.752,-0.848
2018-04-28 10:00:00,11.052,59.04669,0.5403517,0.466,0.467,0.391,8.802,3.9520001,-0.848
2018-04-28 11:00:00,11.202,59.292503,0.5424736,0.465,0.466,0.391,8.852,4.102,-0.848
2018-04-28 12:00:00,11.302,59.526333,0.54293936,0.464,0.466,0.392,8.752,4.302,-0.848
2018-04-28 13:00:00,11.202,60.55734,0.5256165,0.464,0.466,0.392,8.552,4.402,-0.848
2018-04-28 14:00:00,10.402,65.453125,0.43653965,0.463,0.465,0.392,8.002,4.502,-0.848
2018-04-28 15:00:00,9.402,76.09408,0.28251958,0.463,0.465,0.392,7.252,4.552,-0.848
2018-04-28 16:00:00,8.352,78.07077,0.24143565,0.463,0.465,0.392,6.452,4.552,-0.848
2018-04-28 17:00:00,7.052,81.22434,0.18919897,0.463,0.465,0.392,5.502,4.502,-0.848
2018-04-28 18:00:00,5.652,86.966835,0.119262576,0.463,0.465,0.392,4.802,4.452,-0.848
2018-04-28 19:00:00,5.052,87.52445,0.109502494,0.462,0.464,0.392,4.152,4.302,-0.848
2018-04-28 20:00:00,4.652,88.10888,0.10150266,0.462,0.464,0.392,3.752,4.202,-0.848
2018-04-28 21:00:00,4.502,88.40824,0.09791571,0.462,0.464,0.392,3.4520001,4.052,-0.848
2018-04-28 22:00:00,4.402,88.71355,0.09467238,0.462,0.464,0.392,3.302,3.902,-0.848
2018-04-28 23:00:00,4.302,89.02028,0.09145701,0.462,0.464,0.392,3.152,3.802,-0.79800004
2018-04-29 00:00:00,4.152,89.32436,0.0879944,0.462,0.463,0.392,3.052,3.652,-0.79800004
2018-04-29 01:00:00,4.752,88.4303,0.09945083,0.462,0.463,0.392,3.252,3.552,-0.79800004
2018-04-29 02:00:00,6.802,81.762886,0.18065,0.461,0.463,0.392,4.252,3.502,-0.79800004
2018-04-29 03:00:00,9.352,71.96212,0.33024335,0.461,0.463,0.392,5.852,3.552,-0.79800004
2018-04-29 04:00:00,11.652,63.483513,0.50130934,0.46,0.462,0.393,7.452,3.7020001,-0.79800004
2018-04-29 05:00:00,13.952,55.76401,0.705857,0.459,0.462,0.393,9.202,3.902,-0.79800004
2018-04-29 06:00:00,16.052,50.261555,0.90834314,0.457,0.461,0.393,10.852,4.202,-0.79800004
2018-04-29 07:00:00,18.452,45.63645,1.1552725,0.455,0.46,0.393,12.502,4.552,-0.79800004
2018-04-29 08:00:00,19.752,43.40478,1.3040633,0.453,0.459,0.393,13.602,4.952,-0.79800004
2018-04-29 09:00:00,20.652,42.629684,1.3974165,0.451,0.459,0.393,14.352,5.352,-0.79800004
2018-04-29 10:00:00,21.252,42.944725,1.4418381,0.449,0.458,0.393,14.852,5.752,-0.79800004
2018-04-29 11:00:00,21.302,44.89103,1.3968836,0.447,0.457,0.393,14.952,6.152,-0.79800004
2018-04-29 12:00:00,21.002,48.416523,1.2836555,0.446,0.456,0.393,14.752,6.502,-0.79800004
2018-04-29 13:00:00,20.052,52.0301,1.125897,0.446,0.456,0.393,14.202,6.802,-0.79800004
2018-04-29 14:00:00,18.602,56.1852,0.9397656,0.446,0.456,0.393,13.352,7.002,-0.79800004
2018-04-29 15:00:00,16.602,65.248474,0.6571442,0.447,0.456,0.393,12.352,7.152,-0.79800004
2018-04-29 16:00:00,15.702,68.87166,0.55583704,0.447,0.455,0.393,11.652,7.252,-0.79800004
2018-04-29 17:00:00,15.302,68.33089,0.5512068,0.447,0.455,0.393,11.152,7.302,-0.79800004
2018-04-29 18:00:00,14.602,70.762634,0.48648882,0.447,0.455,0.393,10.852,7.352,-0.79800004
2018-04-29 19:00:00,13.252,72.44188,0.420143,0.449,0.455,0.393,10.302,7.352,-0.79800004
2018-04-29 20:00:00,10.802,78.1777,0.28317332,0.452,0.455,0.393,9.502,7.302,-0.79800004
2018-04-29 21:00:00,8.602,81.4333,0.2079013,0.454,0.455,0.393,8.552,7.252,-0.79800004
2018-04-29 22:00:00,7.452,81.84876,0.18797672,0.455,0.455,0.393,7.852,7.102,-0.79800004
2018-04-29 23:00:00,7.002,83.81892,0.16249603,0.456,0.454,0.393,7.352,7.002,-0.748
2018-04-30 00:00:00,6.652,83.777214,0.15905046,0.459,0.454,0.393,6.952,6.852,-0.748
2018-04-30 01:00:00,6.602,86.755936,0.12940091,0.46,0.454,0.393,6.752,6.702,-0.748
2018-04-30 02:00:00,7.302,84.73613,0.15646338,0.46,0.454,0.394,7.202,6.552,-0.748
2018-04-30 03:00:00,8.752,73.11921,0.30407083,0.459,0.454,0.394,8.052,6.502,-0.748
2018-04-30 04:00:00,10.502,60.600834,0.5011877,0.459,0.454,0.394,9.552,6.552,-0.748
2018-04-30 05:00:00,12.402,48.039577,0.74944484,0.457,0.454,0.394,11.252,6.652,-0.748
2018-04-30 06:00:00,13.852,41.861183,0.9217569,0.455,0.453,0.394,12.802,6.852,-0.748
2018-04-30 07:00:00,15.402,32.64791,1.1800642,0.453,0.452,0.394,13.852,7.102,-0.748
2018-04-30 08:00:00,15.802,30.565668,1.2480853,0.451,0.451,0.394,14.152,7.352,-0.748
2018-04-30 09:00:00,15.652,30.634539,1.2349498,0.449,0.451,0.394,13.902,7.552,-0.748
2018-04-30 10:00:00,15.202,31.880611,1.178298,0.448,0.45,0.394,13.452,7.702,-0.748
2018-04-30 11:00:00,14.752,34.29084,1.1041908,0.446,0.45,0.394,13.352,7.852,-0.748
2018-04-30 12:00:00,14.252,35.287083,1.0529194,0.445,0.449,0.394,12.902,8.002,-0.748
2018-04-30 13:00:00,13.502,38.562496,0.9521663,0.444,0.449,0.394,12.252,8.052,-0.748
2018-04-30 14:00:00,12.052,43.33597,0.7987107,0.444,0.448,0.394,11.152,8.052,-0.748
2018-04-30 15:00:00,10.102,48.786247,0.6343267,0.444,0.448,0.394,9.802,8.002,-0.748
2018-04-30 16:00:00,8.652,53.198586,0.52584517,0.443,0.448,0.394,8.702,7.852,-0.748
2018-04-30 17:00:00,7.552,57.117016,0.44713968,0.443,0.448,0.394,7.852,7.702,-0.748
2018-04-30 18:00:00,6.402,63.853386,0.3483407,0.443,0.448,0.394,7.102,7.502,-0.748
2018-04-30 19:00:00,5.252,68.14364,0.28352278,0.443,0.448,0.394,6.352,7.302,-0.698
2018-04-30 20:00:00,4.402,72.56706,0.23010379,0.443,0.448,0.394,5.702,7.052,-0.698
2018-04-30 21:00:00,3.7020001,76.219955,0.18990302,0.443,0.448,0.394,5.102,6.802,-0.698
2018-04-30 22:00:00,3.052,79.79633,0.15411007,0.443,0.448,0.394,4.602,6.552,-0.698
2018-04-30 23:00:00,2.4520001,83.87058,0.11790717,0.443,0.447,0.394,4.152,6.302,-0.698
2018-05-01 00:00:00,1.9020001,87.85644,0.08535868,0.443,0.447,0.394,3.7020001,6.002,-0.698
2018-05-01 01:00:00,2.302,86.63219,0.096682966,0.443,0.447,0.394,3.7020001,5.752,-0.698
2018-05-01 02:00:00,3.902,78.492424,0.17418975,0.443,0.447,0.394,4.552,5.552,-0.698
2018-05-01 03:00:00,5.552,64.3553,0.32391113,0.442,0.447,0.394,5.952,5.452,-0.698
2018-05-01 04:00:00,7.152,53.571327,0.47105217,0.441,0.446,0.394,7.302,5.452,-0.698
2018-05-01 05:00:00,8.802,42.381435,0.65395343,0.44,0.446,0.394,8.602,5.502,-0.698
2018-05-01 06:00:00,10.302,36.367672,0.7987067,0.439,0.445,0.394,9.852,5.652,-0.698
2018-05-01 07:00:00,11.002,34.323788,0.8636655,0.437,0.445,0.394,10.702,5.802,-0.698
2018-05-01 08:00:00,11.552,32.971985,0.914132,0.436,0.444,0.394,11.252,5.952,-0.698
2018-05-01 09:00:00,11.902,32.219097,0.94599366,0.434,0.443,0.394,11.502,6.152,-0.698
2018-05-01 10:00:00,11.952,33.214684,0.9351787,0.433,0.443,0.394,11.352,6.302,-0.698
2018-05-01 11:00:00,11.752,36.393276,0.8790158,0.432,0.442,0.394,11.252,6.452,-0.698
2018-05-01 12:00:00,10.952,41.010525,0.7731834,0.431,0.442,0.395,10.552,6.552,-0.698
2018-05-01 13:00:00,9.402,52.065952,0.5664984,0.432,0.442,0.395,9.602,6.552,-0.698
2018-05-01 14:00:00,7.952,64.67267,0.37853324,0.434,0.442,0.395,8.552,6.552,-0.698
2018-05-01 15:00:00,6.802,74.06325,0.2569204,0.436,0.442,0.395,7.502,6.452,-0.698
2018-05-01 16:00:00,6.002,80.508934,0.1827268,0.436,0.442,0.395,6.752,6.352,-0.698
2018-05-01 17:00:00,5.602,83.35577,0.15177995,0.437,0.442,0.395,6.202,6.202,-0.698
2018-05-01 18:00:00,5.152,85.39393,0.12909782,0.439,0.441,0.395,5.802,6.052,-0.698
2018-05-01 19:00:00,4.802,89.69358,0.08890146,0.452,0.441,0.395,5.502,5.902,-0.648
2018-05-01 20:00:00,4.602,89.995415,0.085101604,0.466,0.442,0.395,5.252,5.752,-0.648
2018-05-01 21:00:00,4.452,91.58887,0.0708012,0.479,0.442,0.395,5.052,5.602,-0.648
2018-05-01 22:00:00,4.402,93.216484,0.056901217,0.491,0.443,0.395,4.952,5.452,-0.648
2018-05-01 23:00:00,4.152,95.19797,0.03958112,0.497,0.444,0.395,4.802,5.302,-0.648
2018-05-02 00:00:00,3.852,94.51593,0.0442608,0.499,0.446,0.395,4.652,5.152,-0.648
2018-05-02 01:00:00,3.602,97.2182,0.022060037,0.497,0.447,0.395,4.552,5.002,-0.648
2018-05-02 02:00:00,3.602,97.56213,0.019332528,0.495,0.449,0.395,4.502,4.852,-0.648
2018-05-02 03:00:00,3.602,96.53355,0.027489424,0.492,0.45,0.395,4.502,4.752,-0.648
2018-05-02 04:00:00,3.9520001,91.556175,0.06862885,0.49,0.451,0.395,4.852,4.652,-0.648
2018-05-02 05:00:00,4.702,79.18179,0.17832375,0.487,0.452,0.395,5.302,4.602,-0.648
2018-05-02 06:00:00,6.202,67.123825,0.31248975,0.484,0.452,0.395,6.402,4.602,-0.648
2018-05-02 07:00:00,7.602,62.31314,0.39430606,0.481,0.452,0.395,7.152,4.652,-0.648
2018-05-02 08:00:00,8.302,57.31108,0.46840936,0.479,0.452,0.395,7.852,4.702,-0.648
2018-05-02 09:00:00,8.702,53.405903,0.52528846,0.478,0.452,0.395,8.102,4.802,-0.648
2018-05-02 10:00:00,9.302,49.998463,0.58697087,0.476,0.452,0.395,8.602,4.902,-0.648
2018-05-02 11:00:00,9.402,49.66338,0.5948904,0.475,0.452,0.395,8.752,5.052,-0.648
2018-05-02 12:00:00,9.902,49.623245,0.6156696,0.473,0.452,0.395,8.952,5.152,-0.648
2018-05-02 13:00:00,9.702,51.398857,0.5860657,0.472,0.452,0.395,8.652,5.252,-0.648
2018-05-02 14:00:00,8.552,56.96282,0.48029476,0.471,0.452,0.395,7.802,5.252,-0.648
2018-05-02 15:00:00,7.102,61.299976,0.3913073,0.47,0.452,0.395,6.702,5.252,-0.648
2018-05-02 16:00:00,6.152,64.493614,0.33632594,0.47,0.452,0.395,5.852,5.152,-0.648
2018-05-02 17:00:00,5.452,66.47557,0.30254012,0.469,0.452,0.395,5.252,5.052,-0.648
2018-05-02 18:00:00,4.202,70.190506,0.24655753,0.468,0.453,0.395,4.452,4.902,-0.648
2018-05-02 19:00:00,3.302,68.47811,0.24471879,0.468,0.453,0.395,3.752,4.752,-0.648
2018-05-02 20:00:00,2.402,71.388725,0.20839536,0.467,0.453,0.395,3.152,4.552,-0.648
2018-05-02 21:00:00,1.552,75.016014,0.17126161,0.466,0.453,0.395,2.552,4.352,-0.648
2018-05-02 22:00:00,0.852,78.30147,0.14144504,0.466,0.453,0.395,2.002,4.152,-0.648
2018-05-02 23:00:00,0.252,80.86402,0.119449735,0.465,0.453,0.396,1.5020001,3.902,-0.648
2018-05-03 00:00:00,-0.348,82.60186,0.103972256,0.465,0.453,0.396,1.052,3.652,-0.598
2018-05-03 01:00:00,0.302,84.22702,0.09881669,0.464,0.453,0.396,1.102,3.4520001,-0.598
2018-05-03 02:00:00,3.552,73.738815,0.20751095,0.464,0.453,0.396,1.852,3.302,-0.598
2018-05-03 03:00:00,6.302,62.909904,0.35497838,0.463,0.453,0.396,3.7020001,3.252,-0.598
2018-05-03 04:00:00,8.702,54.77962,0.50980276,0.462,0.453,0.396,5.652,3.302,-0.598
2018-05-03 05:00:00,10.752,47.918232,0.67364043,0.461,0.452,0.396,7.552,3.4520001,-0.598
2018-05-03 06:00:00,11.252,43.10253,0.76074874,0.46,0.452,0.396,8.452,3.652,-0.598
2018-05-03 07:00:00,10.352,53.850525,0.5812225,0.459,0.451,0.396,8.452,3.852,-0.598
2018-05-03 08:00:00,10.952,50.27737,0.6517277,0.457,0.451,0.396,9.052,4.052,-0.598
2018-05-03 09:00:00,10.252,52.298523,0.5967742,0.456,0.451,0.396,8.552,4.202,-0.598
2018-05-03 10:00:00,10.202,51.909554,0.59963566,0.456,0.451,0.396,8.302,4.352,-0.598
2018-05-03 11:00:00,9.952,53.9368,0.56484073,0.455,0.451,0.396,8.052,4.452,-0.598
2018-05-03 12:00:00,9.852,55.48153,0.54225725,0.454,0.45,0.396,7.852,4.552,-0.598
2018-05-03 13:00:00,9.502,58.24108,0.4968469,0.454,0.45,0.396,7.552,4.602,-0.598
2018-05-03 14:00:00,8.952,60.654087,0.4511277,0.454,0.45,0.396,7.152,4.652,-0.598
2018-05-03 15:00:00,8.352,62.715393,0.41050076,0.453,0.45,0.396,6.702,4.652,-0.598
2018-05-03 16:00:00,8.002,63.993744,0.38712138,0.453,0.45,0.396,6.352,4.652,-0.598
2018-05-03 17:00:00,7.852,64.41892,0.378668,0.453,0.45,0.396,6.152,4.652,-0.598
2018-05-03 18:00:00,7.352,66.41481,0.34544832,0.453,0.45,0.396,5.852,4.602,-0.598
2018-05-03 19:00:00,6.902,70.731804,0.29191548,0.452,0.45,0.396,5.552,4.602,-0.598
2018-05-03 20:00:00,6.052,75.52863,0.23020947,0.452,0.45,0.396,5.102,4.502,-0.598
2018-05-03 21:00:00,5.402,79.8535,0.1811865,0.454,0.45,0.396,4.702,4.452,-0.598
2018-05-03 22:00:00,4.802,84.15086,0.13671136,0.456,0.45,0.396,4.302,4.352,-0.598
2018-05-03 23:00:00,4.902,88.44349,0.10038173,0.458,0.45,0.396,4.252,4.252,-0.598
2018-05-04 00:00:00,5.352,90.369705,0.08630979,0.461,0.45,0.396,4.302,4.152,-0.598
2018-05-04 01:00:00,5.752,94.59721,0.049782455,0.463,0.45,0.396,4.552,4.102,-0.598
2018-05-04 02:00:00,7.702,92.430504,0.07973623,0.463,0.45,0.396,5.402,4.052,-0.598
2018-05-04 03:00:00,10.202,87.99701,0.1496489,0.462,0.45,0.396,6.702,4.152,-0.598
2018-05-04 04:00:00,12.952,82.27699,0.2649474,0.469,0.45,0.396,8.402,4.302,-0.598
2018-05-04 05:00:00,15.052,75.23671,0.42412758,0.468,0.45,0.396,9.652,4.502,-0.598
2018-05-04 06:00:00,17.452,61.62234,0.765808,0.466,0.449,0.396,11.402,4.802,-0.598
2018-05-04 07:00:00,19.802,53.91294,1.0650913,0.463,0.449,0.396,13.352,5.152,-0.598
2018-05-04 08:00:00,21.202,46.40153,1.350279,0.46,0.448,0.397,14.602,5.552,-0.598
2018-05-04 09:00:00,22.102,39.40698,1.6128069,0.458,0.447,0.397,15.302,6.002,-0.54800004
2018-05-04 10:00:00,23.002,34.72363,1.8349721,0.455,0.447,0.397,15.902,6.402,-0.54800004
2018-05-04 11:00:00,22.702,32.888466,1.8526968,0.453,0.446,0.397,15.902,6.802,-0.54800004
2018-05-04 12:00:00,20.502,41.4373,1.4133775,0.452,0.445,0.397,15.102,7.152,-0.54800004
2018-05-04 13:00:00,18.802,48.636177,1.1156131,0.451,0.445,0.397,14.202,7.402,-0.54800004
2018-05-04 14:00:00,17.352,54.188847,0.9084637,0.45,0.445,0.397,13.302,7.552,-0.54800004
2018-05-04 15:00:00,15.402,58.691948,0.72365344,0.45,0.445,0.397,12.202,7.652,-0.54800004
2018-05-04 16:00:00,13.802,56.899086,0.6810857,0.45,0.445,0.397,11.202,7.702,-0.54800004
2018-05-04 17:00:00,12.402,52.88074,0.6796109,0.449,0.445,0.397,10.302,7.702,-0.54800004
2018-05-04 18:00:00,11.152,53.680393,0.61522746,0.449,0.445,0.397,9.552,7.652,-0.54800004
2018-05-04 19:00:00,9.152,59.8419,0.46668738,0.449,0.445,0.397,8.702,7.552,-0.54800004
2018-05-04 20:00:00,7.102,66.59836,0.33773667,0.448,0.445,0.397,7.752,7.402,-0.54800004
2018-05-04 21:00:00,5.352,71.18992,0.2582004,0.448,0.445,0.397,6.952,7.252,-0.54800004
2018-05-04 22:00:00,4.302,73.60883,0.21982187,0.448,0.445,0.397,6.352,7.052,-0.54800004
2018-05-04 23:00:00,3.752,73.24005,0.21445084,0.448,0.445,0.397,5.952,6.852,-0.54800004
2018-05-05 00:00:00,3.2020001,73.13721,0.20708448,0.447,0.445,0.397,5.502,6.652,-0.54800004
2018-05-05 01:00:00,3.152,74.477715,0.19605744,0.447,0.444,0.397,5.302,6.452,-0.54800004
2018-05-05 02:00:00,3.402,74.25127,0.20132095,0.447,0.444,0.397,5.302,6.252,-0.54800004
2018-05-05 03:00:00,3.852,72.9924,0.21796286,0.447,0.444,0.397,5.502,6.102,-0.54800004
2018-05-05 04:00:00,4.402,70.231064,0.24969578,0.447,0.444,0.397,5.902,5.952,-0.54800004
2018-05-05 05:00:00,4.552,70.517456,0.24990213,0.447,0.444,0.397,6.102,5.852,-0.54800004
2018-05-05 06:00:00,4.852,68.306625,0.2743258,0.447,0.444,0.397,6.402,5.752,-0.54800004
2018-05-05 07:00:00,6.302,59.999916,0.38282543,0.447,0.444,0.397,7.252,5.752,-0.49800003
2018-05-05 08:00:00,6.402,59.588104,0.38943976,0.447,0.443,0.397,7.602,5.702,-0.49800003
2018-05-05 09:00:00,6.502,59.179443,0.39609438,0.447,0.443,0.397,7.702,5.702,-0.49800003
2018-05-05 10:00:00,6.152,61.9653,0.36027217,0.447,0.443,0.397,7.552,5.702,-0.49800003
2018-05-05 11:00:00,5.402,68.423134,0.28397882,0.448,0.443,0.397,7.102,5.652,-0.49800003
2018-05-05 12:00:00,4.902,71.35923,0.24877173,0.448,0.443,0.397,6.802,5.602,-0.49800003
2018-05-05 13:00:00,4.202,71.74198,0.23372644,0.448,0.443,0.397,6.302,5.552,-0.49800003
2018-05-05 14:00:00,3.552,70.57375,0.23251742,0.448,0.443,0.397,5.602,5.452,-0.49800003
2018-05-05 15:00:00,2.802,71.205055,0.21577847,0.448,0.442,0.397,4.802,5.302,-0.49800003
2018-05-05 16:00:00,2.552,69.33789,0.22572547,0.448,0.442,0.397,4.302,5.152,-0.49800003
2018-05-05 17:00:00,2.2020001,66.7352,0.23885596,0.447,0.442,0.397,3.802,4.952,-0.49800003
2018-05-05 18:00:00,1.7520001,63.2241,0.25570795,0.447,0.442,0.397,3.302,4.752,-0.49800003
2018-05-05 19:00:00,1.1520001,59.81652,0.2676208,0.447,0.442,0.397,2.852,4.552,-0.49800003
2018-05-05 20:00:00,0.502,58.743282,0.2621817,0.447,0.442,0.397,2.4520001,4.352,-0.49800003
2018-05-05 21:00:00,-0.148,61.103962,0.23580566,0.447,0.442,0.397,2.052,4.152,-0.49800003
2018-05-05 22:00:00,-0.79800004,64.31117,0.20635518,0.446,0.442,0.397,1.602,3.9520001,-0.49800003
2018-05-05 23:00:00,-1.298,66.963066,0.18415666,0.446,0.442,0.397,1.1520001,3.7020001,-0.49800003
2018-05-06 00:00:00,-1.548,68.20277,0.1740219,0.446,0.442,0.397,0.802,3.4520001,-0.49800003
2018-05-06 01:00:00,-1.0979999,67.52249,0.18371502,0.446,0.442,0.397,0.852,3.252,-0.49800003
2018-05-06 02:00:00,-0.49800003,54.53648,0.2686609,0.445,0.442,0.397,0.95199996,3.052,-0.49800003
2018-05-06 03:00:00,-0.24800001,52.725044,0.28449318,0.445,0.442,0.397,1.202,2.902,-0.49800003
2018-05-06 04:00:00,0.0020000003,50.974323,0.3004328,0.444,0.442,0.397,1.702,2.752,-0.49800003
2018-05-06 05:00:00,0.45200002,48.765182,0.32437176,0.444,0.442,0.397,2.152,2.652,-0.49800003
2018-05-06 06:00:00,1.852,45.32225,0.38283214,0.443,0.441,0.397,3.4520001,2.652,-0.49800003
2018-05-06 07:00:00,3.002,44.617775,0.42083883,0.442,0.441,0.398,4.502,2.7020001,-0.49800003
2018-05-06 08:00:00,4.402,40.275936,0.50083625,0.441,0.441,0.398,5.752,2.802,-0.49800003
2018-05-06 09:00:00,5.252,38.105736,0.55074006,0.44,0.44,0.398,6.302,2.9520001,-0.49800003
2018-05-06 10:00:00,5.552,38.196995,0.56150836,0.439,0.44,0.398,6.352,3.052,-0.49800003
2018-05-06 11:00:00,5.852,37.99404,0.57518363,0.438,0.44,0.398,6.302,3.152,-0.49800003
2018-05-06 12:00:00,5.852,38.584282,0.56971264,0.438,0.439,0.398,6.002,3.252,-0.49800003
2018-05-06 13:00:00,5.802,39.621727,0.5581608,0.437,0.439,0.398,5.602,3.302,-0.49800003
2018-05-06 14:00:00,5.452,43.488514,0.5099129,0.437,0.439,0.398,5.152,3.352,-0.49800003
2018-05-06 15:00:00,4.052,49.62071,0.41227412,0.437,0.439,0.398,4.152,3.352,-0.49800003
2018-05-06 16:00:00,2.902,52.79745,0.35618496,0.436,0.439,0.398,3.302,3.252,-0.49800003
2018-05-06 17:00:00,2.2020001,54.23442,0.32858056,0.436,0.439,0.398,2.652,3.152,-0.448
2018-05-06 18:00:00,1.552,56.164295,0.30043977,0.436,0.439,0.398,2.052,3.052,-0.448
2018-05-06 19:00:00,1.452,54.86272,0.30714506,0.436,0.439,0.398,1.702,2.902,-0.448
2018-05-06 20:00:00,1.2520001,55.869003,0.29601902,0.436,0.439,0.398,1.452,2.752,-0.448
2018-05-06 21:00:00,1.202,56.28509,0.2921774,0.436,0.438,0.398,1.302,2.602,-0.448
2018-05-06 22:00:00,1.202,56.28509,0.2921774,0.436,0.438,0.398,1.202,2.502,-0.448
2018-05-06 23:00:00,1.2520001,55.869003,0.29601902,0.436,0.438,0.398,1.1520001,2.352,-0.448
2018-05-07 00:00:00,1.302,55.668896,0.29843086,0.436,0.438,0.398,1.1520001,2.252,-0.448
2018-05-07 01:00:00,2.002,55.01313,0.31841528,0.435,0.438,0.398,1.4020001,2.152,-0.448
2018-05-07 02:00:00,3.052,54.88176,0.34410134,0.435,0.438,0.398,2.052,2.102,-0.448
2018-05-07 03:00:00,4.652,49.792656,0.42850372,0.435,0.438,0.398,3.152,2.102,-0.448
2018-05-07 04:00:00,6.302,45.42519,0.522272,0.434,0.438,0.398,4.352,2.2020001,-0.448
2018-05-07 05:00:00,7.302,43.05614,0.5836607,0.433,0.437,0.398,5.152,2.302,-0.448
2018-05-07 06:00:00,7.902,41.95635,0.6197819,0.432,0.437,0.398,5.752,2.4520001,-0.448
2018-05-07 07:00:00,9.152,39.43012,0.7038609,0.431,0.437,0.398,6.452,2.602,-0.448
2018-05-07 08:00:00,10.402,37.362957,0.7914811,0.43,0.436,0.398,7.452,2.802,-0.448
2018-05-07 09:00:00,11.402,35.886265,0.86577034,0.429,0.436,0.398,8.302,3.052,-0.448
2018-05-07 10:00:00,11.652,35.69435,0.8828271,0.428,0.435,0.398,8.652,3.302,-0.448
2018-05-07 11:00:00,11.402,36.559887,0.8566763,0.427,0.435,0.398,8.502,3.502,-0.448
2018-05-07 12:00:00,10.902,39.21963,0.7940122,0.426,0.435,0.398,8.102,3.652,-0.448
2018-05-07 13:00:00,10.852,40.084145,0.7801254,0.426,0.434,0.398,7.852,3.852,-0.448
2018-05-07 14:00:00,10.402,40.84781,0.74745774,0.425,0.434,0.398,7.452,3.9520001,-0.448
2018-05-07 15:00:00,9.952,41.169865,0.7213749,0.425,0.434,0.398,7.052,4.052,-0.448
2018-05-07 16:00:00,9.252,46.798492,0.6224331,0.427,0.434,0.398,6.702,4.102,-0.448
2018-05-07 17:00:00,8.752,48.048855,0.58765626,0.427,0.434,0.398,6.202,4.152,-0.448
2018-05-07 18:00:00,8.302,50.267937,0.54568183,0.427,0.434,0.398,5.952,4.152,-0.448
2018-05-07 19:00:00,8.002,54.19598,0.4924547,0.426,0.434,0.398,5.802,4.152,-0.448
2018-05-07 20:00:00,7.552,55.273884,0.46635556,0.426,0.434,0.398,5.552,4.152,-0.448
2018-05-07 21:00:00,7.202,55.78981,0.45008516,0.426,0.434,0.398,5.352,4.152,-0.448
2018-05-07 22:00:00,7.002,55.329784,0.44858247,0.426,0.434,0.398,5.202,4.102,-0.448
2018-05-07 23:00:00,6.052,61.490833,0.36225665,0.428,0.433,0.398,4.852,4.052,-0.448
2018-05-08 00:00:00,4.752,67.78934,0.27686447,0.428,0.433,0.398,4.152,4.002,-0.448
2018-05-08 01:00:00,4.952,72.671196,0.23820549,0.428,0.433,0.398,4.102,3.902,-0.448
2018-05-08 02:00:00,6.502,73.48384,0.25730163,0.428,0.433,0.398,5.002,3.902,-0.448
2018-05-08 03:00:00,7.802,69.66311,0.32176077,0.427,0.433,0.398,6.402,3.9520001,-0.448
2018-05-08 04:00:00,8.952,62.188553,0.4335339,0.427,0.433,0.398,7.752,4.102,-0.448
2018-05-08 05:00:00,10.102,54.365807,0.56522053,0.426,0.432,0.398,9.102,4.252,-0.448
2018-05-08 06:00:00,11.102,48.191135,0.68586314,0.424,0.432,0.398,10.102,4.502,-0.448
2018-05-08 07:00:00,11.952,45.0672,0.7692282,0.423,0.431,0.398,11.052,4.752,-0.448
2018-05-08 08:00:00,12.002,43.63685,0.79185987,0.421,0.431,0.398,11.252,5.002,-0.448
2018-05-08 09:00:00,12.102,43.665913,0.7966762,0.42,0.43,0.398,11.352,5.252,-0.398
2018-05-08 10:00:00,11.702,45.982185,0.7440531,0.419,0.43,0.398,11.152,5.502,-0.398
2018-05-08 11:00:00,10.802,51.147343,0.6339776,0.419,0.43,0.398,10.552,5.652,-0.398
2018-05-08 12:00:00,9.902,55.89378,0.53903705,0.418,0.429,0.398,9.852,5.752,-0.398
2018-05-08 13:00:00,9.002,60.23417,0.4574821,0.418,0.429,0.398,9.002,5.852,-0.398
2018-05-08 14:00:00,8.152,64.949524,0.38070416,0.418,0.429,0.398,8.202,5.852,-0.398
2018-05-08 15:00:00,7.302,70.05883,0.30691725,0.418,0.429,0.398,7.452,5.802,-0.398
2018-05-08 16:00:00,6.302,76.92661,0.2208333,0.418,0.429,0.398,6.702,5.752,-0.398
2018-05-08 17:00:00,5.552,81.5961,0.16724569,0.419,0.429,0.398,6.102,5.652,-0.398
2018-05-08 18:00:00,5.102,84.485306,0.13665259,0.42,0.429,0.398,5.652,5.552,-0.398
2018-05-08 19:00:00,5.352,84.813705,0.13610446,0.42,0.429,0.398,5.452,5.452,-0.398
2018-05-08 20:00:00,4.902,87.51028,0.108487725,0.421,0.429,0.398,5.202,5.302,-0.398
2018-05-08 21:00:00,4.752,88.4303,0.09945083,0.421,0.429,0.398,5.002,5.202,-0.398
2018-05-08 22:00:00,4.352,90.295395,0.08111936,0.422,0.429,0.398,4.752,5.102,-0.398
2018-05-08 23:00:00,4.052,91.23876,0.07171029,0.422,0.429,0.398,4.552,4.952,-0.398
2018-05-09 00:00:00,3.752,91.86875,0.06516576,0.422,0.428,0.398,4.352,4.852,-0.398
2018-05-09 01:00:00,3.802,90.89822,0.07320082,0.422,0.428,0.398,4.302,4.702,-0.398
2018-05-09 02:00:00,4.202,87.44385,0.103857815,0.422,0.428,0.398,4.552,4.602,-0.398
2018-05-09 03:00:00,5.302,77.868965,0.19765663,0.422,0.428,0.398,5.202,4.552,-0.398
2018-05-09 04:00:00,6.502,66.7066,0.32306254,0.422,0.428,0.398,6.052,4.552,-0.398
2018-05-09 05:00:00,7.152,58.699505,0.41903037,0.422,0.428,0.398,6.652,4.552,-0.398
2018-05-09 06:00:00,7.802,55.948235,0.46721762,0.422,0.428,0.398,7.552,4.652,-0.398
2018-05-09 07:00:00,9.402,46.49915,0.63228106,0.421,0.427,0.398,8.902,4.802,-0.398
2018-05-09 08:00:00,9.852,43.808273,0.6844319,0.42,0.427,0.398,9.602,4.952,-0.398
2018-05-09 09:00:00,10.152,43.25515,0.7051782,0.419,0.427,0.398,10.102,5.152,-0.398
2018-05-09 10:00:00,10.202,42.79463,0.71327853,0.418,0.426,0.398,10.152,5.302,-0.398
2018-05-09 11:00:00,10.252,42.495132,0.71940994,0.418,0.426,0.398,10.052,5.452,-0.398
2018-05-09 12:00:00,10.252,42.182987,0.72331434,0.417,0.426,0.398,9.952,5.602,-0.398
2018-05-09 13:00:00,10.152,42.30933,0.7169299,0.417,0.425,0.398,9.552,5.702,-0.348
2018-05-09 14:00:00,9.352,48.93003,0.60153115,0.416,0.425,0.398,8.652,5.752,-0.348
2018-05-09 15:00:00,7.752,55.327065,0.47219485,0.416,0.425,0.398,7.452,5.752,-0.348
2018-05-09 16:00:00,6.252,60.87002,0.37321073,0.416,0.425,0.398,6.302,5.652,-0.348
2018-05-09 17:00:00,5.152,65.92675,0.30114967,0.416,0.425,0.398,5.452,5.552,-0.348
2018-05-09 18:00:00,4.302,69.95526,0.25025058,0.416,0.425,0.398,4.752,5.402,-0.348
2018-05-09 19:00:00,4.252,68.42872,0.2620443,0.416,0.425,0.398,4.252,5.252,-0.348
2018-05-09 20:00:00,3.902,70.38641,0.2398333,0.416,0.425,0.398,3.902,5.052,-0.348
2018-05-09 21:00:00,3.502,72.66059,0.21526968,0.416,0.425,0.398,3.602,4.902,-0.348
2018-05-09 22:00:00,3.2020001,74.75923,0.19458175,0.416,0.425,0.398,3.352,4.702,-0.348
2018-05-09 23:00:00,3.002,76.379395,0.17953485,0.416,0.425,0.398,3.102,4.552,-0.348
2018-05-10 00:00:00,2.802,78.32092,0.16246039,0.416,0.425,0.398,2.9520001,4.352,-0.348
2018-05-10 01:00:00,3.7020001,76.496994,0.1876908,0.416,0.425,0.398,3.252,4.202,-0.348
2018-05-10 02:00:00,5.902,69.77527,0.28139955,0.416,0.425,0.398,4.452,4.152,-0.348
2018-05-10 03:00:00,8.352,62.268127,0.415425,0.416,0.424,0.398,6.202,4.202,-0.348
2018-05-10 04:00:00,10.752,55.32202,0.5778759,0.415,0.424,0.398,8.052,4.302,-0.348
2018-05-10 05:00:00,12.702,47.952652,0.7656019,0.414,0.424,0.398,9.902,4.552,-0.348
2018-05-10 06:00:00,14.102,44.24401,0.89840806,0.412,0.423,0.398,11.402,4.802,-0.348
2018-05-10 07:00:00,14.902,41.866653,0.98634475,0.411,0.422,0.398,12.502,5.102,-0.348
2018-05-10 08:00:00,15.752,40.07028,1.0737753,0.409,0.422,0.398,13.352,5.452,-0.348
2018-05-10 09:00:00,16.352,38.979073,1.1359568,0.407,0.421,0.398,13.952,5.802,-0.348
2018-05-10 10:00:00,17.052,37.4174,1.217922,0.406,0.42,0.398,14.502,6.152,-0.348
2018-05-10 11:00:00,17.252,36.68499,1.247853,0.404,0.42,0.398,14.552,6.502,-0.348
2018-05-10 12:00:00,17.052,36.757454,1.2307696,0.403,0.419,0.398,14.152,6.802,-0.348
2018-05-10 13:00:00,16.352,40.674526,1.1043842,0.402,0.419,0.398,13.402,7.002,-0.348
2018-05-10 14:00:00,14.652,47.989975,0.8683379,0.402,0.419,0.398,12.202,7.152,-0.348
2018-05-10 15:00:00,12.802,53.175198,0.6932899,0.402,0.419,0.398,10.952,7.252,-0.348
2018-05-10 16:00:00,11.602,56.73479,0.5920143,0.402,0.419,0.398,10.002,7.252,-0.348
2018-05-10 17:00:00,10.802,59.612965,0.5241103,0.402,0.419,0.398,9.302,7.202,-0.29799998
2018-05-10 18:00:00,10.102,62.903088,0.45947427,0.402,0.418,0.398,8.752,7.152,-0.29799998
2018-05-10 19:00:00,10.102,62.240444,0.46768224,0.402,0.418,0.398,8.402,7.102,-0.29799998
2018-05-10 20:00:00,9.502,66.17985,0.40238833,0.402,0.418,0.398,8.002,7.002,-0.29799998
2018-05-10 21:00:00,8.852,69.629616,0.34587348,0.402,0.418,0.398,7.602,6.902,-0.29799998
2018-05-10 22:00:00,8.102,73.77454,0.28388387,0.402,0.418,0.398,7.152,6.802,-0.29799998
2018-05-10 23:00:00,7.502,77.392784,0.23492491,0.402,0.418,0.398,6.752,6.652,-0.29799998
2018-05-11 00:00:00,7.302,79.28838,0.21230733,0.402,0.418,0.398,6.552,6.552,-0.29799998
2018-05-11 01:00:00,7.652,82.1611,0.18727857,0.403,0.418,0.398,6.702,6.452,-0.29799998
2018-05-11 02:00:00,9.502,76.640076,0.27792662,0.403,0.418,0.398,7.502,6.352,-0.29799998
2018-05-11 03:00:00,11.452,68.00219,0.4335047,0.403,0.418,0.398,8.852,6.402,-0.29799998
2018-05-11 04:00:00,12.452,65.00056,0.50643677,0.402,0.418,0.398,9.702,6.452,-0.29799998
2018-05-11 05:00:00,12.652,66.40229,0.49256146,0.403,0.418,0.398,10.052,6.502,-0.29799998
2018-05-11 06:00:00,13.152,66.28227,0.5107324,0.405,0.417,0.398,10.502,6.602,-0.29799998
2018-05-11 07:00:00,13.052,78.51757,0.32325947,0.409,0.417,0.398,10.452,6.702,-0.29799998
2018-05-11 08:00:00,13.152,79.06152,0.31713414,0.418,0.417,0.398,10.452,6.752,-0.29799998
2018-05-11 09:00:00,13.502,71.51334,0.4414245,0.418,0.417,0.398,10.452,6.852,-0.29799998
2018-05-11 10:00:00,13.552,72.00843,0.43516278,0.418,0.417,0.398,10.602,6.902,-0.29799998
2018-05-11 11:00:00,12.702,75.859726,0.3550495,0.418,0.417,0.398,10.252,6.952,-0.29799998
2018-05-11 12:00:00,12.452,75.5617,0.35359752,0.418,0.417,0.398,10.152,7.002,-0.29799998
2018-05-11 13:00:00,11.902,74.193665,0.36014462,0.418,0.417,0.398,10.002,7.052,-0.29799998
2018-05-11 14:00:00,10.802,73.74542,0.34069484,0.418,0.417,0.398,9.502,7.052,-0.29799998
2018-05-11 15:00:00,9.652,72.775406,0.3271863,0.418,0.417,0.398,8.852,7.002,-0.24800001
2018-05-11 16:00:00,8.602,72.32601,0.30988657,0.418,0.417,0.398,8.102,6.952,-0.24800001
2018-05-11 17:00:00,7.552,73.156044,0.27990514,0.418,0.417,0.398,7.402,6.852,-0.24800001
2018-05-11 18:00:00,6.602,75.62275,0.23817879,0.418,0.417,0.398,6.702,6.702,-0.24800001
2018-05-11 19:00:00,5.952,74.974266,0.23380417,0.417,0.417,0.398,6.052,6.552,-0.24800001
2018-05-11 20:00:00,5.352,78.435104,0.19327056,0.417,0.417,0.398,5.652,6.402,-0.24800001
2018-05-11 21:00:00,4.602,82.93598,0.14514983,0.417,0.417,0.398,5.202,6.202,-0.24800001
2018-05-11 22:00:00,3.802,87.71817,0.098775744,0.417,0.417,0.398,4.752,6.052,-0.24800001
2018-05-11 23:00:00,3.152,90.852234,0.07027495,0.417,0.417,0.398,4.352,5.852,-0.24800001
2018-05-12 00:00:00,2.4520001,92.77882,0.052788913,0.417,0.417,0.398,3.852,5.602,-0.24800001
2018-05-12 01:00:00,3.2020001,90.53182,0.072993875,0.417,0.417,0.398,4.052,5.452,-0.24800001
2018-05-12 02:00:00,4.852,80.05903,0.17260647,0.417,0.417,0.398,5.102,5.302,-0.24800001
2018-05-12 03:00:00,5.802,66.55281,0.3092528,0.417,0.417,0.398,6.102,5.252,-0.24800001
2018-05-12 04:00:00,6.552,60.501545,0.38458776,0.416,0.416,0.398,7.152,5.252,-0.24800001
2018-05-12 05:00:00,7.252,57.876537,0.43031293,0.415,0.416,0.398,8.102,5.302,-0.24800001
2018-05-12 06:00:00,8.052,55.20553,0.48324114,0.414,0.416,0.398,9.002,5.402,-0.24800001
2018-05-12 07:00:00,10.602,44.676357,0.7084639,0.413,0.415,0.398,10.352,5.602,-0.24800001
2018-05-12 08:00:00,12.102,40.453644,0.8421029,0.411,0.415,0.398,11.652,5.802,-0.24800001
2018-05-12 09:00:00,12.952,39.82591,0.8997418,0.41,0.414,0.398,12.402,6.052,-0.24800001
2018-05-12 10:00:00,14.252,36.464237,1.0337656,0.408,0.414,0.398,12.902,6.302,-0.24800001
2018-05-12 11:00:00,14.852,34.32022,1.1108258,0.407,0.413,0.398,12.952,6.552,-0.24800001
2018-05-12 12:00:00,14.502,34.84843,1.0773156,0.406,0.413,0.398,12.452,6.752,-0.24800001
2018-05-12 13:00:00,13.952,38.554996,0.9805167,0.405,0.413,0.398,11.752,6.902,-0.24800001
2018-05-12 14:00:00,12.852,42.9444,0.8475542,0.405,0.413,0.398,10.902,6.952,-0.24800001
2018-05-12 15:00:00,11.402,47.41369,0.71012235,0.405,0.413,0.398,9.902,7.002,-0.198
2018-05-12 16:00:00,10.502,50.33351,0.6318021,0.405,0.413,0.398,9.102,7.002,-0.198
2018-05-12 17:00:00,9.852,52.757336,0.575439,0.405,0.413,0.398,8.502,6.952,-0.198
2018-05-12 18:00:00,8.702,57.621357,0.47776747,0.405,0.412,0.398,7.802,6.852,-0.198
2018-05-12 19:00:00,6.652,64.8421,0.34468985,0.404,0.412,0.398,7.102,6.752,-0.198
2018-05-12 20:00:00,4.752,68.036964,0.27473634,0.405,0.412,0.398,6.302,6.602,-0.198
2018-05-12 21:00:00,3.652,64.86552,0.27957684,0.405,0.412,0.398,5.552,6.452,-0.198
2018-05-12 22:00:00,2.652,61.568233,0.28492522,0.405,0.412,0.398,4.852,6.252,-0.198
2018-05-12 23:00:00,1.6520001,59.717224,0.27808458,0.405,0.412,0.398,4.152,6.002,-0.198
2018-05-13 00:00:00,0.95199996,59.537968,0.26562336,0.405,0.412,0.398,3.602,5.802,-0.198
2018-05-13 01:00:00,0.70199996,61.316807,0.24941272,0.404,0.412,0.398,3.402,5.552,-0.198
2018-05-13 02:00:00,1.2520001,60.069977,0.26785237,0.404,0.412,0.398,3.852,5.352,-0.198
2018-05-13 03:00:00,2.502,53.292164,0.3425837,0.404,0.412,0.398,4.752,5.252,-0.198
2018-05-13 04:00:00,3.752,48.414455,0.41332927,0.403,0.412,0.398,5.752,5.152,-0.198
2018-05-13 05:00:00,4.852,45.514526,0.47153577,0.402,0.411,0.398,6.652,5.152,-0.198
2018-05-13 06:00:00,5.952,44.304592,0.52026665,0.401,0.411,0.398,7.602,5.202,-0.198
2018-05-13 07:00:00,6.902,44.585567,0.55264187,0.4,0.411,0.398,8.552,5.302,-0.198
2018-05-13 08:00:00,7.352,46.075905,0.55461276,0.4,0.41,0.398,8.902,5.352,-0.198
2018-05-13 09:00:00,8.152,45.120487,0.59605056,0.399,0.41,0.398,9.352,5.502,-0.198
2018-05-13 10:00:00,8.652,43.13336,0.6389115,0.398,0.41,0.398,9.402,5.602,-0.198
2018-05-13 11:00:00,8.702,42.036945,0.6534314,0.397,0.409,0.398,9.252,5.702,-0.198
2018-05-13 12:00:00,8.502,43.089046,0.6329517,0.396,0.409,0.398,8.902,5.752,-0.198
2018-05-13 13:00:00,8.002,44.575573,0.59586316,0.396,0.409,0.398,8.402,5.802,-0.198
2018-05-13 14:00:00,7.352,47.64705,0.5384584,0.396,0.409,0.398,7.702,5.802,-0.198
2018-05-13 15:00:00,6.252,52.931946,0.44890624,0.395,0.409,0.398,6.852,5.752,-0.198
2018-05-13 16:00:00,5.252,58.645203,0.3680448,0.395,0.409,0.398,6.002,5.652,-0.148
2018-05-13 17:00:00,4.052,65.19729,0.28483713,0.395,0.409,0.398,5.152,5.552,-0.148
2018-05-13 18:00:00,3.102,70.482895,0.22594005,0.395,0.409,0.398,4.352,5.352,-0.148
2018-05-13 19:00:00,2.802,67.86715,0.24078679,0.395,0.409,0.398,3.752,5.202,-0.148
2018-05-13 20:00:00,1.852,72.61306,0.19180536,0.396,0.409,0.398,3.102,5.002,-0.148
2018-05-13 21:00:00,0.902,77.15795,0.1494357,0.396,0.409,0.398,2.4520001,4.752,-0.148
2018-05-13 22:00:00,0.102,80.54318,0.120138735,0.396,0.409,0.398,1.852,4.552,-0.148
2018-05-13 23:00:00,-0.49800003,82.275505,0.10477102,0.396,0.409,0.398,1.302,4.302,-0.148
2018-05-14 00:00:00,-0.748,82.857666,0.0994983,0.396,0.409,0.398,0.95199996,4.052,-0.148
2018-05-14 01:00:00,0.802,79.16767,0.13531065,0.396,0.408,0.398,1.1520001,3.802,-0.148
2018-05-14 02:00:00,4.202,65.231544,0.2875672,0.396,0.408,0.398,1.952,3.652,-0.148
2018-05-14 03:00:00,7.052,54.137917,0.4621296,0.395,0.408,0.398,4.252,3.602,-0.148
2018-05-14 04:00:00,9.102,43.749954,0.65147835,0.395,0.408,0.398,6.352,3.7020001,-0.148
2018-05-14 05:00:00,10.452,37.79853,0.78860337,0.393,0.407,0.398,8.102,3.852,-0.148
2018-05-14 06:00:00,11.602,35.546955,0.8819334,0.392,0.407,0.398,9.652,4.102,-0.148
2018-05-14 07:00:00,13.002,33.031567,1.0045996,0.391,0.406,0.398,11.002,4.402,-0.148
2018-05-14 08:00:00,13.902,31.50033,1.0895523,0.389,0.406,0.398,12.002,4.702,-0.148
2018-05-14 09:00:00,14.652,30.008379,1.1685975,0.387,0.405,0.398,12.702,5.052,-0.148
2018-05-14 10:00:00,15.152,28.8429,1.2268959,0.386,0.405,0.398,13.052,5.352,-0.148
2018-05-14 11:00:00,15.402,28.278503,1.2566192,0.384,0.404,0.398,13.102,5.702,-0.148
2018-05-14 12:00:00,15.302,28.354988,1.2472568,0.383,0.404,0.398,12.752,5.952,-0.148
2018-05-14 13:00:00,14.802,30.954426,1.1639984,0.383,0.403,0.398,12.102,6.152,-0.148
2018-05-14 14:00:00,13.652,34.470863,1.0255299,0.382,0.403,0.398,11.202,6.302,-0.148
2018-05-14 15:00:00,12.102,38.008625,0.8766771,0.382,0.403,0.398,10.052,6.402,-0.148
2018-05-14 16:00:00,10.952,41.925007,0.7611989,0.382,0.403,0.398,9.152,6.452,-0.148
2018-05-14 17:00:00,10.102,44.858723,0.6829675,0.382,0.403,0.398,8.402,6.452,-0.148
2018-05-14 18:00:00,9.452,47.200768,0.6260905,0.382,0.403,0.398,7.852,6.402,-0.148
2018-05-14 19:00:00,8.852,57.45269,0.4845531,0.384,0.403,0.398,7.452,6.352,-0.148
2018-05-14 20:00:00,8.202,59.177975,0.4448979,0.384,0.403,0.398,6.902,6.252,-0.148
2018-05-14 21:00:00,7.102,63.785446,0.36617768,0.384,0.403,0.398,6.352,6.152,-0.098000005
2018-05-14 22:00:00,5.902,72.0701,0.26003528,0.384,0.403,0.398,5.752,6.052,-0.098000005
2018-05-14 23:00:00,4.752,78.34213,0.1861642,0.385,0.403,0.398,5.252,5.902,-0.098000005
2018-05-15 00:00:00,3.602,79.30186,0.16413325,0.385,0.403,0.398,4.702,5.702,-0.098000005
2018-05-15 01:00:00,3.4520001,74.8037,0.19769835,0.385,0.402,0.398,4.602,5.552,-0.098000005
2018-05-15 02:00:00,3.9520001,63.982944,0.2927109,0.385,0.402,0.398,5.052,5.452,-0.098000005
2018-05-15 03:00:00,4.952,54.779385,0.3941238,0.384,0.402,0.398,5.952,5.352,-0.098000005
2018-05-15 04:00:00,6.102,46.579327,0.5042261,0.383,0.402,0.398,7.202,5.352,-0.098000005
2018-05-15 05:00:00,7.352,41.010384,0.6066896,0.383,0.402,0.398,8.552,5.452,-0.098000005
2018-05-15 06:00:00,8.602,37.38539,0.701089,0.381,0.401,0.398,9.902,5.602,-0.098000005
2018-05-15 07:00:00,10.002,31.655272,0.84080017,0.38,0.401,0.398,11.202,5.802,-0.098000005
2018-05-15 08:00:00,10.802,29.782492,0.9111688,0.379,0.4,0.398,12.052,6.002,-0.098000005
2018-05-15 09:00:00,11.502,29.200968,0.9623512,0.377,0.399,0.397,12.752,6.252,-0.098000005
2018-05-15 10:00:00,11.952,29.000593,0.99416256,0.376,0.399,0.397,13.102,6.502,-0.098000005
2018-05-15 11:00:00,12.202,28.963573,1.0111804,0.375,0.398,0.397,13.002,6.752,-0.098000005
2018-05-15 12:00:00,12.202,29.18391,1.0080456,0.374,0.398,0.397,12.602,6.902,-0.098000005
2018-05-15 13:00:00,11.952,29.444082,0.98795587,0.373,0.398,0.397,11.802,7.052,-0.098000005
2018-05-15 14:00:00,10.952,35.08954,0.85077083,0.373,0.397,0.397,10.652,7.102,-0.098000005
2018-05-15 15:00:00,9.302,39.771362,0.707,0.373,0.397,0.397,9.302,7.102,-0.098000005
2018-05-15 16:00:00,7.802,43.52926,0.5989022,0.373,0.397,0.397,8.052,7.052,-0.098000005
2018-05-15 17:00:00,6.502,47.401382,0.5103499,0.373,0.397,0.397,7.002,6.902,-0.098000005
2018-05-15 18:00:00,5.502,50.7909,0.445594,0.373,0.397,0.397,6.152,6.752,-0.098000005
2018-05-15 19:00:00,5.402,50.006626,0.4495617,0.373,0.397,0.397,5.552,6.602,-0.098000005
2018-05-15 20:00:00,5.102,50.868572,0.43269372,0.373,0.397,0.397,5.102,6.402,-0.098000005
2018-05-15 21:00:00,4.952,51.595894,0.42186,0.373,0.397,0.397,4.802,6.202,-0.048
2018-05-15 22:00:00,4.852,52.74218,0.40901142,0.373,0.397,0.397,4.602,6.002,-0.048
2018-05-15 23:00:00,4.802,54.73879,0.39037263,0.373,0.397,0.397,4.402,5.852,-0.048
2018-05-16 00:00:00,4.952,56.64573,0.3778621,0.373,0.397,0.397,4.352,5.652,-0.048
2018-05-16 01:00:00,6.202,56.76489,0.41093832,0.373,0.397,0.397,4.852,5.502,-0.048
2018-05-16 02:00:00,8.452,53.144203,0.51937914,0.373,0.397,0.397,6.102,5.452,-0.048
2018-05-16 03:00:00,10.802,46.56201,0.6934823,0.372,0.397,0.397,7.752,5.502,-0.048
2018-05-16 04:00:00,13.052,40.00043,0.9030099,0.371,0.396,0.397,9.602,5.602,-0.048
2018-05-16 05:00:00,14.502,36.141674,1.0559299,0.37,0.396,0.397,11.252,5.802,-0.048
2018-05-16 06:00:00,15.552,35.15688,1.1470659,0.369,0.395,0.397,12.752,6.052,-0.048
2018-05-16 07:00:00,17.152,33.518215,1.3020358,0.367,0.394,0.397,14.252,6.402,-0.048
2018-05-16 08:00:00,17.502,33.49958,1.3314912,0.366,0.394,0.397,15.302,6.752,-0.048
2018-05-16 09:00:00,17.052,35.21546,1.2607887,0.365,0.393,0.397,15.402,7.052,-0.048
2018-05-16 10:00:00,16.052,39.030525,1.1135256,0.363,0.393,0.397,15.152,7.352,-0.048
2018-05-16 11:00:00,13.952,47.122032,0.8437883,0.363,0.392,0.397,14.202,7.602,-0.048
2018-05-16 12:00:00,11.352,57.072624,0.5777668,0.363,0.392,0.397,12.652,7.702,-0.048
2018-05-16 13:00:00,9.602,64.36013,0.4268955,0.363,0.392,0.397,11.302,7.752,-0.048
2018-05-16 14:00:00,8.252,71.24835,0.31441373,0.364,0.392,0.397,10.052,7.752,-0.048
2018-05-16 15:00:00,7.152,76.52281,0.23820102,0.367,0.392,0.397,8.952,7.702,-0.048
2018-05-16 16:00:00,6.202,81.97185,0.17136091,0.37,0.392,0.397,8.002,7.552,-0.048
2018-05-16 17:00:00,5.352,83.32505,0.14944619,0.374,0.392,0.397,7.152,7.402,-0.048
2018-05-16 18:00:00,4.902,80.35288,0.17065668,0.375,0.392,0.397,6.502,7.252,-0.048
2018-05-16 19:00:00,4.152,76.29587,0.19537729,0.375,0.392,0.397,5.852,7.052,0.0020000003
2018-05-16 20:00:00,3.602,73.47959,0.2102986,0.375,0.392,0.397,5.302,6.852,0.0020000003
2018-05-16 21:00:00,3.102,71.264565,0.21995759,0.375,0.392,0.397,4.802,6.652,0.0020000003
2018-05-16 22:00:00,2.4520001,71.13542,0.21098936,0.375,0.392,0.397,4.302,6.402,0.0020000003
2018-05-16 23:00:00,1.952,71.29945,0.20244515,0.375,0.392,0.397,3.852,6.152,0.0020000003
2018-05-17 00:00:00,1.602,71.76126,0.1942631,0.375,0.392,0.397,3.552,5.902,0.0020000003
2018-05-17 01:00:00,2.102,69.24367,0.21927863,0.375,0.392,0.397,3.7020001,5.702,0.0020000003
2018-05-17 02:00:00,2.9520001,61.642082,0.29049465,0.375,0.392,0.397,4.502,5.552,0.0020000003
2018-05-17 03:00:00,3.802,56.129887,0.35277385,0.375,0.392,0.397,5.452,5.452,0.0020000003
2018-05-17 04:00:00,4.952,46.59501,0.46542424,0.374,0.391,0.397,6.852,5.452,0.0020000003
2018-05-17 05:00:00,5.352,44.973793,0.49308205,0.373,0.391,0.397,7.452,5.452,0.0020000003
2018-05-17 06:00:00,6.002,43.48709,0.52972674,0.373,0.391,0.397,8.202,5.502,0.0020000003
2018-05-17 07:00:00,7.102,40.780586,0.59872216,0.372,0.39,0.397,9.302,5.602,0.0020000003
2018-05-17 08:00:00,8.052,39.1004,0.65693045,0.371,0.39,0.397,10.502,5.752,0.0020000003
2018-05-17 09:00:00,8.902,36.22138,0.72874224,0.37,0.39,0.397,11.202,5.952,0.0020000003
2018-05-17 10:00:00,9.802,33.2005,0.8108685,0.369,0.389,0.397,11.702,6.152,0.0020000003
2018-05-17 11:00:00,10.452,30.718142,0.87832797,0.368,0.389,0.396,11.802,6.352,0.0020000003
2018-05-17 12:00:00,10.752,28.64982,0.9227836,0.367,0.389,0.396,11.452,6.502,0.0020000003
2018-05-17 13:00:00,10.852,26.96759,0.95082426,0.367,0.388,0.396,10.852,6.602,0.0020000003
2018-05-17 14:00:00,10.252,31.488867,0.8570492,0.366,0.388,0.396,9.852,6.652,0.0020000003
2018-05-17 15:00:00,8.652,42.4952,0.6460791,0.366,0.388,0.396,8.352,6.652,0.0020000003
2018-05-17 16:00:00,7.102,44.64453,0.5596741,0.366,0.388,0.396,6.652,6.552,0.0020000003
2018-05-17 17:00:00,6.352,46.652275,0.5122962,0.367,0.388,0.396,5.602,6.352,0.0020000003
2018-05-17 18:00:00,5.452,49.833443,0.45268717,0.367,0.388,0.396,4.452,6.152,0.0020000003
2018-05-17 19:00:00,1.602,65.85638,0.23487434,0.367,0.388,0.396,3.402,5.952,0.052
2018-05-17 20:00:00,1.4020001,66.80663,0.22508797,0.367,0.388,0.396,2.7020001,5.652,0.052
2018-05-17 21:00:00,1.002,68.753334,0.20588472,0.367,0.388,0.396,2.002,5.402,0.052
2018-05-17 22:00:00,-0.398,76.94168,0.1372911,0.367,0.388,0.396,1.4020001,5.102,0.052
2018-05-17 23:00:00,-0.648,77.188965,0.13336527,0.367,0.388,0.396,0.95199996,4.802,0.052
2018-05-18 00:00:00,-0.24800001,73.856,0.1573686,0.367,0.388,0.396,0.852,4.502,0.052
2018-05-18 01:00:00,2.252,65.02531,0.25202724,0.367,0.388,0.396,1.102,4.252,0.052
2018-05-18 02:00:00,5.802,52.416313,0.43993184,0.367,0.388,0.396,3.152,4.152,0.052
2018-05-18 03:00:00,8.652,43.45562,0.63529193,0.366,0.388,0.396,5.452,4.152,0.052
2018-05-18 04:00:00,10.802,37.482346,0.8112934,0.366,0.387,0.396,7.402,4.252,0.052
2018-05-18 05:00:00,12.752,34.331764,0.96912843,0.365,0.387,0.396,9.252,4.402,0.052
2018-05-18 06:00:00,14.202,33.50818,1.0783702,0.364,0.386,0.396,10.752,4.652,0.052
2018-05-18 07:00:00,15.952,30.609158,1.259306,0.362,0.386,0.396,12.252,5.002,0.052
2018-05-18 08:00:00,17.502,25.866928,1.4843504,0.361,0.385,0.396,13.452,5.352,0.052
2018-05-18 09:00:00,18.002,25.81586,1.5328435,0.359,0.385,0.396,14.002,5.702,0.052
2018-05-18 10:00:00,18.102,25.559818,1.5478201,0.358,0.384,0.396,13.902,6.002,0.052
2018-05-18 11:00:00,17.902,26.267185,1.5139761,0.357,0.384,0.396,13.552,6.302,0.052
2018-05-18 12:00:00,17.902,27.149723,1.4958518,0.356,0.384,0.396,13.352,6.552,0.052
2018-05-18 13:00:00,17.352,29.475452,1.3987904,0.356,0.383,0.396,12.952,6.752,0.052
2018-05-18 14:00:00,15.852,33.624306,1.1969168,0.355,0.383,0.396,12.202,6.952,0.052
2018-05-18 15:00:00,12.452,44.404037,0.8045198,0.355,0.383,0.396,10.952,7.052,0.052
2018-05-18 16:00:00,8.652,58.234318,0.46926868,0.355,0.383,0.396,9.502,7.052,0.052
2018-05-18 17:00:00,6.602,62.98092,0.36169034,0.355,0.383,0.396,8.302,7.002,0.052
2018-05-18 18:00:00,5.102,61.258617,0.34121203,0.355,0.383,0.396,7.202,6.902,0.052
2018-05-18 19:00:00,4.052,58.336544,0.34097368,0.355,0.383,0.396,6.202,6.752,0.052
2018-05-18 20:00:00,2.902,56.525967,0.32806182,0.355,0.383,0.396,5.302,6.552,0.102
2018-05-18 21:00:00,1.852,56.031048,0.30789554,0.355,0.383,0.396,4.452,6.352,0.102
2018-05-18 22:00:00,0.852,56.62385,0.28269932,0.355,0.383,0.396,3.652,6.102,0.102
2018-05-18 23:00:00,-0.048,58.14992,0.25555605,0.355,0.383,0.396,2.902,5.852,0.102
2018-05-19 00:00:00,-0.698,59.57011,0.2354691,0.355,0.383,0.396,2.302,5.552,0.102
2018-05-19 01:00:00,0.0020000003,57.716503,0.2591408,0.355,0.383,0.396,2.4520001,5.302,0.102
2018-05-19 02:00:00,1.302,47.511475,0.3533074,0.355,0.383,0.396,3.4520001,5.152,0.102
2018-05-19 03:00:00,2.652,41.332943,0.43484458,0.355,0.382,0.396,4.752,5.052,0.102
2018-05-19 04:00:00,4.252,36.923767,0.52338994,0.354,0.382,0.396,6.352,5.002,0.102
2018-05-19 05:00:00,5.952,32.805275,0.62759733,0.354,0.382,0.396,8.052,5.102,0.102
2018-05-19 06:00:00,7.602,29.63863,0.7360095,0.353,0.381,0.396,9.802,5.252,0.102
2018-05-19 07:00:00,9.302,27.573935,0.8500843,0.351,0.381,0.395,11.402,5.502,0.102
2018-05-19 08:00:00,10.552,25.858604,0.94617116,0.35,0.38,0.395,12.752,5.752,0.102
2018-05-19 09:00:00,11.552,24.672783,1.027245,0.349,0.38,0.395,13.652,6.052,0.102
2018-05-19 10:00:00,12.202,23.914303,1.0830059,0.348,0.379,0.395,14.202,6.402,0.102
2018-05-19 11:00:00,12.652,23.03912,1.1282897,0.347,0.379,0.395,14.202,6.652,0.102
2018-05-19 12:00:00,12.802,22.63772,1.1453636,0.346,0.378,0.395,13.702,6.902,0.102
2018-05-19 13:00:00,12.652,22.508938,1.1360555,0.345,0.378,0.395,12.752,7.102,0.102
2018-05-19 14:00:00,11.702,27.633144,0.99673116,0.345,0.378,0.395,11.402,7.202,0.102
2018-05-19 15:00:00,9.952,32.126717,0.83221424,0.345,0.378,0.395,9.752,7.202,0.102
2018-05-19 16:00:00,8.002,36.78228,0.67960817,0.345,0.378,0.395,8.352,7.152,0.102
2018-05-19 17:00:00,6.902,39.65082,0.6018299,0.345,0.378,0.395,7.352,7.052,0.102
2018-05-19 18:00:00,6.252,41.621033,0.5567354,0.345,0.378,0.395,6.652,6.902,0.15200001
2018-05-19 19:00:00,6.452,40.276833,0.57745117,0.345,0.378,0.395,6.302,6.752,0.15200001
2018-05-19 20:00:00,6.152,41.749744,0.5516888,0.345,0.378,0.395,5.952,6.602,0.15200001
2018-05-19 21:00:00,5.952,42.97946,0.53263843,0.345,0.378,0.395,5.652,6.452,0.15200001
2018-05-19 22:00:00,6.002,43.652435,0.52817774,0.345,0.378,0.395,5.502,6.302,0.15200001
2018-05-19 23:00:00,6.252,44.059013,0.5334976,0.345,0.378,0.395,5.552,6.202,0.15200001
2018-05-20 00:00:00,6.602,44.329586,0.5438708,0.345,0.378,0.395,5.652,6.052,0.15200001
2018-05-20 01:00:00,7.302,44.703426,0.5667832,0.345,0.378,0.395,6.002,5.952,0.15200001
2018-05-20 02:00:00,8.452,44.04777,0.6201886,0.345,0.377,0.395,6.602,5.902,0.15200001
2018-05-20 03:00:00,9.852,40.5338,0.72430676,0.344,0.377,0.395,7.502,5.902,0.15200001
2018-05-20 04:00:00,11.302,36.93965,0.8459324,0.344,0.377,0.395,8.552,5.902,0.15200001
2018-05-20 05:00:00,11.952,36.318027,0.8917339,0.344,0.377,0.395,9.102,6.002,0.15200001
2018-05-20 06:00:00,13.302,33.61415,1.0155433,0.343,0.377,0.395,9.952,6.102,0.15200001
2018-05-20 07:00:00,15.252,30.971355,1.1978631,0.343,0.376,0.395,11.002,6.252,0.15200001
2018-05-20 08:00:00,16.452,29.324522,1.3241183,0.342,0.376,0.395,11.802,6.402,0.15200001
2018-05-20 09:00:00,18.052,26.309198,1.5274355,0.341,0.376,0.395,12.802,6.652,0.15200001
2018-05-20 10:00:00,20.502,20.748808,1.913024,0.34,0.375,0.395,14.702,6.952,0.15200001
2018-05-20 11:00:00,21.302,19.103119,2.0510795,0.339,0.375,0.394,15.302,7.252,0.15200001
2018-05-20 12:00:00,21.852,19.099316,2.12126,0.338,0.374,0.394,15.652,7.552,0.15200001
2018-05-20 13:00:00,21.402,21.4506,2.003764,0.337,0.374,0.394,15.452,7.802,0.15200001
2018-05-20 14:00:00,19.652,24.606148,1.7267675,0.336,0.373,0.394,14.602,8.052,0.15200001
2018-05-20 15:00:00,17.152,28.153835,1.4071205,0.336,0.373,0.394,13.302,8.152,0.202
2018-05-20 16:00:00,15.502,30.816807,1.2199378,0.336,0.373,0.394,12.202,8.252,0.202
2018-05-20 17:00:00,14.302,33.41462,1.0868933,0.336,0.373,0.394,11.352,8.252,0.202
2018-05-20 18:00:00,13.302,36.316772,0.9742035,0.336,0.373,0.394,10.602,8.252,0.202
2018-05-20 19:00:00,13.002,37.99625,0.9301316,0.336,0.373,0.394,10.102,8.202,0.202
2018-05-20 20:00:00,12.352,40.23264,0.8592275,0.336,0.373,0.394,9.652,8.152,0.202
2018-05-20 21:00:00,11.802,42.32867,0.7996333,0.336,0.373,0.394,9.302,8.102,0.202
2018-05-20 22:00:00,11.452,43.79442,0.7615096,0.336,0.373,0.394,9.002,8.002,0.202
2018-05-20 23:00:00,11.102,45.643673,0.71958673,0.336,0.373,0.394,8.702,7.902,0.202
2018-05-21 00:00:00,10.952,46.605003,0.699862,0.336,0.373,0.394,8.552,7.802,0.202
2018-05-21 01:00:00,12.252,45.644344,0.7763127,0.336,0.373,0.394,9.052,7.752,0.202
2018-05-21 02:00:00,14.502,41.900105,0.9606991,0.335,0.373,0.394,10.202,7.752,0.202
2018-05-21 03:00:00,17.302,35.16245,1.2819114,0.335,0.372,0.394,12.002,7.852,0.202
2018-05-21 04:00:00,19.652,31.228592,1.5750275,0.334,0.372,0.394,13.702,8.002,0.202
2018-05-21 05:00:00,22.002,28.402767,1.8944099,0.333,0.372,0.394,15.502,8.252,0.202
2018-05-21 06:00:00,24.252,26.230762,2.235795,0.332,0.371,0.394,17.352,8.602,0.202
2018-05-21 07:00:00,26.552,23.613691,2.6535804,0.33,0.37,0.394,19.152,8.952,0.202
2018-05-21 08:00:00,27.752,22.31881,2.89498,0.328,0.369,0.394,20.452,9.402,0.252
2018-05-21 09:00:00,28.302,21.090546,3.0363913,0.327,0.368,0.393,21.102,9.852,0.252
2018-05-21 10:00:00,28.302,21.388573,3.0249062,0.325,0.368,0.393,21.352,10.252,0.252
2018-05-21 11:00:00,28.002,21.841995,2.9554749,0.324,0.367,0.393,21.152,10.602,0.252
2018-05-21 12:00:00,27.552,23.30278,2.825119,0.323,0.367,0.393,20.752,10.952,0.252
2018-05-21 13:00:00,26.952,24.390923,2.6889508,0.322,0.366,0.393,20.302,11.252,0.252
2018-05-21 14:00:00,25.102,27.883259,2.2992997,0.322,0.366,0.393,19.302,11.452,0.252
2018-05-21 15:00:00,22.902,32.267643,1.8926086,0.321,0.366,0.393,18.102,11.602,0.252
2018-05-21 16:00:00,21.052,36.626102,1.5821426,0.321,0.366,0.393,16.952,11.702,0.252
2018-05-21 17:00:00,19.652,44.42903,1.2725418,0.321,0.366,0.393,16.152,11.752,0.252
2018-05-21 18:00:00,18.452,55.584454,0.94376945,0.321,0.366,0.393,15.302,11.702,0.252
2018-05-21 19:00:00,15.852,66.18767,0.6095878,0.321,0.366,0.393,14.052,11.652,0.302
2018-05-21 20:00:00,15.202,68.081276,0.5520029,0.322,0.366,0.393,13.402,11.552,0.302
2018-05-21 21:00:00,14.402,70.486404,0.48479342,0.322,0.366,0.393,12.752,11.452,0.302
2018-05-21 22:00:00,13.852,71.57932,0.45052183,0.322,0.366,0.393,12.302,11.302,0.302
2018-05-21 23:00:00,13.402,72.96135,0.41626656,0.322,0.366,0.393,11.952,11.152,0.302
2018-05-22 00:00:00,12.702,77.6754,0.328341,0.322,0.366,0.393,11.652,11.002,0.302
2018-05-22 01:00:00,13.602,76.520035,0.36619985,0.322,0.365,0.393,11.952,10.902,0.302
2018-05-22 02:00:00,16.352,60.337917,0.7382252,0.322,0.365,0.393,13.352,10.852,0.302
2018-05-22 03:00:00,18.002,50.6167,1.0202147,0.322,0.365,0.393,14.602,10.852,0.302
2018-05-22 04:00:00,18.052,52.20428,0.9905031,0.322,0.365,0.393,15.402,10.902,0.302
2018-05-22 05:00:00,16.402,66.97268,0.61665034,0.323,0.365,0.393,15.852,11.002,0.302
2018-05-22 06:00:00,14.452,75.13606,0.4097222,0.324,0.365,0.393,15.552,11.052,0.352
2018-05-22 07:00:00,12.452,77.374596,0.3273629,0.328,0.364,0.393,14.952,11.052,0.352
2018-05-22 08:00:00,10.952,81.18962,0.24652827,0.332,0.364,0.393,13.652,11.002,0.352
2018-05-22 09:00:00,10.602,81.69802,0.23435223,0.335,0.364,0.393,12.702,10.952,0.352
2018-05-22 10:00:00,10.552,77.60529,0.28581178,0.335,0.364,0.393,12.102,10.802,0.352
2018-05-22 11:00:00,10.452,74.449974,0.32392168,0.335,0.364,0.393,11.702,10.702,0.352
2018-05-22 12:00:00,10.802,65.7709,0.4441902,0.335,0.364,0.393,11.552,10.552,0.352
2018-05-22 13:00:00,11.152,58.86365,0.5463766,0.335,0.364,0.393,11.452,10.452,0.352
2018-05-22 14:00:00,11.352,54.891956,0.6071197,0.335,0.364,0.393,11.302,10.352,0.352
2018-05-22 15:00:00,10.952,53.81857,0.60531044,0.335,0.364,0.393,10.802,10.202,0.352
2018-05-22 16:00:00,9.302,59.02933,0.48096073,0.335,0.364,0.393,9.802,10.052,0.352
2018-05-22 17:00:00,8.452,60.314827,0.43990004,0.335,0.364,0.393,9.052,9.852,0.402
2018-05-22 18:00:00,8.202,58.75265,0.449533,0.335,0.364,0.393,8.552,9.602,0.402
2018-05-22 19:00:00,10.252,49.721355,0.6290155,0.335,0.364,0.392,8.802,9.452,0.402
2018-05-22 20:00:00,10.602,63.019627,0.47355807,0.335,0.364,0.392,9.152,9.252,0.402
2018-05-22 21:00:00,8.452,71.03645,0.32105243,0.335,0.364,0.392,8.802,9.102,0.402
2018-05-22 22:00:00,6.402,67.40966,0.3140717,0.335,0.364,0.392,8.052,8.902,0.402
2018-05-22 23:00:00,5.452,66.71758,0.30035633,0.335,0.364,0.392,7.402,8.702,0.402
2018-05-23 00:00:00,4.952,68.32786,0.27605963,0.335,0.364,0.392,6.902,8.502,0.402
2018-05-23 01:00:00,5.352,67.426704,0.291924,0.335,0.364,0.392,6.902,8.302,0.402
2018-05-23 02:00:00,6.052,62.622128,0.35161585,0.335,0.364,0.392,7.402,8.102,0.402
2018-05-23 03:00:00,6.652,57.933556,0.41241378,0.335,0.364,0.392,7.952,8.002,0.402
2018-05-23 04:00:00,7.352,53.038254,0.48302138,0.334,0.364,0.392,8.702,7.902,0.402
2018-05-23 05:00:00,7.952,47.64303,0.5609838,0.334,0.363,0.392,9.402,7.852,0.402
2018-05-23 06:00:00,8.902,40.40181,0.68099654,0.333,0.363,0.392,10.252,7.852,0.45200002
2018-05-23 07:00:00,11.052,27.025421,0.96277475,0.332,0.363,0.392,11.452,7.902,0.45200002
2018-05-23 08:00:00,12.352,23.135273,1.1049223,0.331,0.362,0.392,12.302,8.002,0.45200002
2018-05-23 09:00:00,13.452,20.788984,1.2235334,0.33,0.362,0.392,13.052,8.152,0.45200002
2018-05-23 10:00:00,13.752,20.54675,1.2514484,0.329,0.362,0.392,13.402,8.302,0.45200002
2018-05-23 11:00:00,13.752,21.443693,1.2373334,0.329,0.361,0.392,13.552,8.402,0.45200002
2018-05-23 12:00:00,13.652,21.75136,1.2245096,0.328,0.361,0.392,13.252,8.552,0.45200002
2018-05-23 13:00:00,12.752,25.398214,1.1009159,0.327,0.361,0.392,12.652,8.602,0.45200002
2018-05-23 14:00:00,11.752,29.27414,0.97736216,0.327,0.361,0.392,11.752,8.652,0.45200002
2018-05-23 15:00:00,10.302,33.09828,0.8397254,0.327,0.361,0.392,10.552,8.602,0.45200002
2018-05-23 16:00:00,8.652,38.547653,0.69041294,0.327,0.36,0.392,9.302,8.502,0.45200002
2018-05-23 17:00:00,7.402,43.90248,0.5789329,0.327,0.36,0.392,8.252,8.352,0.45200002
2018-05-23 18:00:00,6.302,49.33323,0.48488665,0.327,0.36,0.392,7.352,8.202,0.45200002
2018-05-23 19:00:00,5.002,57.71979,0.36978924,0.327,0.36,0.392,6.452,8.002,0.502
2018-05-23 20:00:00,3.752,64.41073,0.28519577,0.327,0.36,0.392,5.502,7.752,0.502
2018-05-23 21:00:00,2.852,69.14464,0.23203701,0.327,0.36,0.392,4.752,7.502,0.502
2018-05-23 22:00:00,2.352,71.378815,0.20772696,0.327,0.36,0.392,4.202,7.202,0.502
2018-05-23 23:00:00,2.4520001,70.611595,0.21481764,0.327,0.36,0.392,3.852,6.952,0.502
2018-05-24 00:00:00,3.302,65.75192,0.26587927,0.327,0.36,0.392,3.9520001,6.702,0.502
2018-05-24 01:00:00,5.402,58.467518,0.37349772,0.327,0.36,0.392,4.752,6.502,0.502
2018-05-24 02:00:00,8.102,49.47833,0.54687077,0.327,0.36,0.391,6.152,6.402,0.502
2018-05-24 03:00:00,11.202,39.45404,0.8068483,0.327,0.36,0.391,8.202,6.402,0.502
2018-05-24 04:00:00,13.902,32.089394,1.080184,0.326,0.36,0.391,10.302,6.502,0.502
2018-05-24 05:00:00,15.602,27.404194,1.2883317,0.325,0.359,0.391,11.902,6.652,0.502
2018-05-24 06:00:00,16.001999,26.317205,1.3414671,0.324,0.359,0.391,12.352,6.852,0.502
2018-05-24 07:00:00,15.702,31.909647,1.2161291,0.324,0.359,0.391,12.152,7.002,0.502
2018-05-24 08:00:00,16.952,30.011278,1.353504,0.324,0.359,0.391,12.752,7.202,0.502
2018-05-24 09:00:00,15.802,41.681885,1.0482342,0.325,0.359,0.391,12.752,7.352,0.502
2018-05-24 10:00:00,15.952,45.088535,0.996477,0.325,0.358,0.391,13.052,7.552,0.552
2018-05-24 11:00:00,16.402,44.276676,1.0406072,0.325,0.358,0.391,13.202,7.702,0.552
2018-05-24 12:00:00,17.452,41.42589,1.1690388,0.324,0.358,0.391,13.602,7.852,0.552
2018-05-24 13:00:00,18.502,39.18888,1.296413,0.324,0.358,0.391,13.902,8.052,0.552
2018-05-24 14:00:00,18.102,41.036087,1.2259171,0.323,0.358,0.391,13.652,8.202,0.552
2018-05-24 15:00:00,16.302,46.14511,0.9993282,0.323,0.357,0.391,12.752,8.302,0.552
2018-05-24 16:00:00,14.652,51.292778,0.8131812,0.323,0.357,0.391,11.802,8.352,0.552
2018-05-24 17:00:00,14.002,53.86936,0.73848456,0.323,0.357,0.391,11.202,8.402,0.552
2018-05-24 18:00:00,14.052,55.403633,0.71623236,0.323,0.357,0.391,10.952,8.402,0.552
2018-05-24 19:00:00,14.602,58.293816,0.6940263,0.323,0.357,0.391,10.802,8.402,0.552
2018-05-24 20:00:00,13.752,62.23029,0.5948897,0.323,0.357,0.391,10.502,8.352,0.552
2018-05-24 21:00:00,12.852,65.990524,0.5051635,0.323,0.357,0.391,10.102,8.352,0.602
2018-05-24 22:00:00,11.902,69.997055,0.41872042,0.323,0.357,0.391,9.602,8.252,0.602
2018-05-24 23:00:00,11.452,71.36782,0.38790137,0.323,0.357,0.391,9.302,8.202,0.602
2018-05-25 00:00:00,11.902,68.56679,0.4386844,0.323,0.357,0.391,9.352,8.152,0.602
2018-05-25 01:00:00,12.702,65.73143,0.5040447,0.323,0.357,0.391,9.752,8.102,0.602
2018-05-25 02:00:00,13.102,65.36851,0.5228688,0.323,0.357,0.391,10.102,8.102,0.602
2018-05-25 03:00:00,13.802,63.754074,0.5727385,0.323,0.357,0.391,10.552,8.102,0.602
2018-05-25 04:00:00,16.102,55.73989,0.8108398,0.323,0.357,0.391,11.952,8.152,0.602
2018-05-25 05:00:00,19.002,48.360794,1.1356642,0.322,0.357,0.39,14.102,8.352,0.602
2018-05-25 06:00:00,21.802,42.090492,1.5134308,0.322,0.356,0.39,16.252,8.602,0.602
2018-05-25 07:00:00,23.452,38.992504,1.7620153,0.32,0.356,0.39,17.752,8.902,0.602
2018-05-25 08:00:00,25.152,34.158443,2.105252,0.319,0.355,0.39,19.102,9.302,0.652
2018-05-25 09:00:00,26.202,31.235163,2.3397844,0.318,0.355,0.39,19.952,9.702,0.652
2018-05-25 10:00:00,26.902,29.668152,2.493704,0.317,0.354,0.39,20.552,10.052,0.652
2018-05-25 11:00:00,27.052,28.713905,2.5498986,0.316,0.354,0.39,20.802,10.452,0.652
2018-05-25 12:00:00,26.502,28.660318,2.4707685,0.315,0.353,0.389,20.402,10.752,0.652
2018-05-25 13:00:00,25.302,32.061012,2.1918302,0.315,0.353,0.389,19.702,11.052,0.652
2018-05-25 14:00:00,24.052,34.54797,1.9598621,0.315,0.353,0.389,18.802,11.252,0.652
2018-05-25 15:00:00,21.202,43.66504,1.4192708,0.315,0.353,0.389,17.452,11.402,0.70199996
2018-05-25 16:00:00,18.402,56.702824,0.9171214,0.315,0.353,0.389,16.001999,11.452,0.70199996
2018-05-25 17:00:00,16.152,70.58745,0.54047894,0.315,0.353,0.389,14.802,11.452,0.70199996
2018-05-25 18:00:00,15.052,75.73875,0.41552734,0.315,0.353,0.389,13.952,11.402,0.70199996
2018-05-25 19:00:00,13.652,90.35914,0.15083385,0.315,0.353,0.389,13.152,11.352,0.70199996
2018-05-25 20:00:00,12.502,93.62671,0.09250605,0.315,0.353,0.389,12.302,11.202,0.70199996
2018-05-25 21:00:00,12.152,89.651695,0.14679718,0.315,0.353,0.389,11.652,11.052,0.70199996
2018-05-25 22:00:00,12.352,75.033646,0.35887802,0.315,0.353,0.389,10.952,10.902,0.752
2018-05-25 23:00:00,13.202,58.96008,0.6236986,0.315,0.353,0.389,10.752,10.752,0.752
2018-05-26 00:00:00,13.852,49.657917,0.79812384,0.315,0.353,0.389,10.902,10.602,0.752
2018-05-26 01:00:00,15.252,45.207054,0.9507895,0.315,0.353,0.389,11.502,10.502,0.752
2018-05-26 02:00:00,17.552,39.466347,1.2158027,0.314,0.352,0.389,12.752,10.452,0.752
2018-05-26 03:00:00,19.902,35.045895,1.5107584,0.314,0.352,0.389,14.452,10.502,0.752
2018-05-26 04:00:00,22.202,29.274137,1.8942378,0.313,0.352,0.389,16.252,10.602,0.802
2018-05-26 05:00:00,24.152,24.85091,2.2640665,0.312,0.351,0.389,18.002,10.852,0.802
2018-05-26 06:00:00,25.652,21.77507,2.5769992,0.311,0.351,0.389,19.502,11.102,0.802
2018-05-26 07:00:00,26.852,19.71436,2.8387952,0.31,0.35,0.388,20.752,11.402,0.802
2018-05-26 08:00:00,27.702,17.45751,3.0674522,0.308,0.349,0.388,21.752,11.752,0.852
2018-05-26 09:00:00,28.152,16.049738,3.2026248,0.307,0.349,0.388,22.252,12.102,0.852
2018-05-26 10:00:00,28.302,15.010574,3.2706845,0.306,0.348,0.388,22.452,12.402,0.852
2018-05-26 11:00:00,28.502,14.462246,3.3302171,0.305,0.348,0.388,22.452,12.702,0.852
2018-05-26 12:00:00,26.702,20.10332,2.800259,0.304,0.347,0.387,21.902,13.002,0.902
2018-05-26 13:00:00,20.252,44.597504,1.3166196,0.304,0.347,0.387,20.202,13.152,0.902
2018-05-26 14:00:00,13.852,73.53626,0.4194944,0.304,0.347,0.387,17.602,13.152,0.95199996
2018-05-26 15:00:00,10.902,81.182915,0.24579966,0.304,0.347,0.387,15.402,13.102,0.95199996
2018-05-26 16:00:00,9.052,80.09749,0.22973162,0.304,0.347,0.387,13.702,12.952,1.002
2018-05-26 17:00:00,7.652,79.34009,0.21689552,0.304,0.347,0.387,12.352,12.702,1.002
2018-05-26 18:00:00,6.602,79.1844,0.20337945,0.304,0.347,0.387,11.302,12.452,1.052
2018-05-26 19:00:00,5.202,79.2567,0.18397999,0.304,0.347,0.387,10.252,12.202,1.052
2018-05-26 20:00:00,4.552,79.729225,0.17182487,0.305,0.347,0.387,9.452,11.902,1.102
2018-05-26 21:00:00,3.902,81.66567,0.14849085,0.306,0.347,0.387,8.752,11.552,1.1520001
2018-05-26 22:00:00,3.302,83.972786,0.12443423,0.308,0.347,0.387,8.102,11.252,1.202
2018-05-26 23:00:00,2.7020001,86.98577,0.09684062,0.31,0.347,0.387,7.452,10.902,1.202
2018-05-27 00:00:00,2.2020001,89.48519,0.07550949,0.313,0.347,0.387,6.902,10.552,1.2520001
2018-05-27 01:00:00,1.6520001,95.10166,0.03382176,0.318,0.347,0.387,6.452,10.252,1.2520001
2018-05-27 02:00:00,1.552,95.09775,0.033607304,0.322,0.347,0.387,6.102,9.902,1.302
2018-05-27 03:00:00,1.5020001,93.396645,0.045106947,0.325,0.347,0.387,5.852,9.552,1.352
2018-05-27 04:00:00,1.5020001,91.39325,0.058791637,0.326,0.347,0.387,5.602,9.252,1.352
2018-05-27 05:00:00,1.5020001,90.73397,0.06329501,0.327,0.347,0.387,5.402,8.952,1.4020001
2018-05-27 06:00:00,1.452,90.07504,0.06755322,0.329,0.347,0.387,5.152,8.652,1.4020001
2018-05-27 07:00:00,2.352,77.39579,0.16406226,0.33,0.347,0.387,5.402,8.352,1.452
2018-05-27 08:00:00,2.9520001,72.82262,0.20583576,0.333,0.347,0.387,5.752,8.152,1.452
2018-05-27 09:00:00,3.7020001,68.56308,0.2510414,0.336,0.347,0.387,6.152,7.952,1.5020001
2018-05-27 10:00:00,4.352,68.449936,0.263709,0.34,0.347,0.387,6.452,7.752,1.5020001
2018-05-27 11:00:00,4.902,64.91404,0.30474728,0.344,0.347,0.387,6.502,7.602,1.552
2018-05-27 12:00:00,5.702,60.51222,0.36257803,0.347,0.347,0.387,6.902,7.502,1.552
2018-05-27 13:00:00,6.152,56.543266,0.41162205,0.35,0.347,0.387,7.052,7.352,1.602
2018-05-27 14:00:00,6.202,55.524178,0.4227286,0.352,0.347,0.387,6.952,7.252,1.602
2018-05-27 15:00:00,5.552,57.01406,0.39061004,0.352,0.347,0.387,6.452,7.152,1.6520001
2018-05-27 16:00:00,4.352,61.527634,0.3215577,0.352,0.347,0.387,5.502,6.952,1.6520001
2018-05-27 17:00:00,2.902,67.38804,0.24611509,0.352,0.347,0.387,4.452,6.752,1.702
2018-05-27 18:00:00,1.7520001,71.52475,0.19800493,0.352,0.347,0.387,3.552,6.552,1.702
2018-05-27 19:00:00,0.70199996,75.70499,0.1566635,0.352,0.347,0.387,2.802,6.252,1.702
2018-05-27 20:00:00,-0.048,78.45044,0.13161784,0.352,0.347,0.387,2.2020001,6.002,1.7520001
2018-05-27 21:00:00,-0.698,80.12723,0.11576602,0.352,0.347,0.387,1.602,5.702,1.7520001
2018-05-27 22:00:00,-1.148,80.361694,0.110695094,0.352,0.347,0.387,1.052,5.402,1.7520001
2018-05-27 23:00:00,-1.148,78.86685,0.119119525,0.352,0.347,0.387,0.902,5.152,1.802
2018-05-28 00:00:00,-0.49800003,75.77876,0.14316654,0.352,0.347,0.387,0.95199996,4.902,1.802
2018-05-28 01:00:00,1.952,67.17933,0.23150072,0.351,0.347,0.387,1.4020001,4.652,1.802
2018-05-28 02:00:00,4.802,58.097374,0.36141306,0.352,0.347,0.387,2.502,4.502,1.802
2018-05-28 03:00:00,7.852,49.407524,0.53840685,0.353,0.347,0.387,4.602,4.452,1.852
2018-05-28 04:00:00,10.302,43.618496,0.7077163,0.356,0.347,0.387,6.852,4.552,1.852
2018-05-28 05:00:00,12.202,41.07823,0.8387671,0.361,0.346,0.387,8.752,4.702,1.852
2018-05-28 06:00:00,14.302,39.50422,0.98748565,0.367,0.346,0.387,10.602,4.952,1.852
2018-05-28 07:00:00,17.252,37.74251,1.2270031,0.373,0.346,0.387,12.602,5.302,1.9020001
2018-05-28 08:00:00,18.902,34.26808,1.436811,0.378,0.346,0.386,14.102,5.702,1.9020001
2018-05-28 09:00:00,19.652,32.01603,1.5569837,0.382,0.345,0.386,14.952,6.102,1.9020001
2018-05-28 10:00:00,20.052,29.925503,1.6451112,0.384,0.345,0.386,15.402,6.502,1.952
2018-05-28 11:00:00,20.002,29.486668,1.6503115,0.386,0.345,0.386,15.452,6.902,1.952
2018-05-28 12:00:00,19.102,31.182226,1.5231557,0.387,0.345,0.386,14.802,7.202,2.002
2018-05-28 13:00:00,18.052,33.419506,1.3800138,0.388,0.345,0.386,14.152,7.502,2.002
2018-05-28 14:00:00,16.952,33.945404,1.2774053,0.389,0.345,0.386,13.402,7.702,2.052
2018-05-28 15:00:00,15.902,34.13036,1.1915872,0.389,0.345,0.386,12.552,7.852,2.052
2018-05-28 16:00:00,15.202,34.800495,1.1277877,0.389,0.345,0.386,11.902,8.002,2.102
2018-05-28 17:00:00,14.302,36.879013,1.0303417,0.39,0.345,0.386,11.302,8.052,2.102
2018-05-28 18:00:00,14.002,38.01434,0.9923549,0.39,0.345,0.386,10.952,8.102,2.152
2018-05-28 19:00:00,13.252,40.64422,0.9050501,0.39,0.345,0.386,10.652,8.152,2.152
2018-05-28 20:00:00,13.052,40.146004,0.90081894,0.39,0.345,0.386,10.402,8.152,2.2020001
2018-05-28 21:00:00,12.602,39.867954,0.87875956,0.39,0.345,0.386,10.102,8.202,2.2020001
2018-05-28 22:00:00,12.352,38.64582,0.88203853,0.39,0.345,0.386,9.902,8.202,2.252
2018-05-28 23:00:00,11.752,41.701,0.8056748,0.39,0.345,0.386,9.702,8.152,2.252
2018-05-29 00:00:00,9.952,60.4669,0.48476464,0.39,0.345,0.386,9.202,8.152,2.302
2018-05-29 01:00:00,8.052,77.20955,0.24586326,0.39,0.345,0.386,8.802,8.052,2.302
2018-05-29 02:00:00,7.452,76.57223,0.24262273,0.39,0.345,0.386,8.702,8.002,2.352
2018-05-29 03:00:00,7.652,71.89164,0.29509425,0.389,0.345,0.386,8.952,8.002,2.352
2018-05-29 04:00:00,8.552,62.093304,0.42304003,0.389,0.345,0.386,9.402,7.952,2.352
2018-05-29 05:00:00,9.802,54.285774,0.55496085,0.388,0.345,0.386,10.252,8.002,2.402
2018-05-29 06:00:00,10.802,49.695633,0.65281713,0.387,0.345,0.386,11.152,8.052,2.402
2018-05-29 07:00:00,11.152,48.379486,0.6856383,0.387,0.345,0.386,11.652,8.152,2.4520001
2018-05-29 08:00:00,11.652,47.655956,0.7186227,0.386,0.345,0.386,12.252,8.302,2.4520001
2018-05-29 09:00:00,11.652,49.221992,0.6971219,0.386,0.345,0.385,12.302,8.402,2.502
2018-05-29 10:00:00,11.102,54.243782,0.60573334,0.386,0.345,0.385,12.152,8.502,2.502
2018-05-29 11:00:00,10.852,56.944458,0.5606019,0.387,0.345,0.385,12.052,8.602,2.552
2018-05-29 12:00:00,10.302,61.41452,0.4843365,0.388,0.345,0.385,11.302,8.652,2.552
2018-05-29 13:00:00,9.452,74.01636,0.30810875,0.394,0.345,0.385,10.552,8.652,2.602
2018-05-29 14:00:00,8.752,81.73562,0.20659918,0.406,0.345,0.385,9.802,8.602,2.602
2018-05-29 15:00:00,7.802,86.27477,0.14556986,0.434,0.345,0.385,9.002,8.552,2.652
2018-05-29 16:00:00,6.952,88.314156,0.11695129,0.442,0.345,0.385,8.302,8.452,2.652
2018-05-29 17:00:00,6.452,89.51022,0.10143834,0.448,0.346,0.385,7.802,8.302,2.7020001
2018-05-29 18:00:00,6.052,89.7916,0.096033394,0.454,0.346,0.385,7.352,8.202,2.7020001
2018-05-29 19:00:00,5.952,87.916794,0.112888336,0.453,0.347,0.385,7.052,8.052,2.752
2018-05-29 20:00:00,5.552,87.88019,0.11013907,0.452,0.348,0.385,6.752,7.902,2.752
2018-05-29 21:00:00,5.202,88.46982,0.10226601,0.451,0.348,0.385,6.452,7.752,2.802
2018-05-29 22:00:00,4.852,89.066345,0.09464121,0.45,0.349,0.385,6.152,7.602,2.802
2018-05-29 23:00:00,4.552,89.99156,0.08483738,0.45,0.35,0.385,5.952,7.402,2.802
2018-05-30 00:00:00,4.402,90.61923,0.07868731,0.45,0.35,0.385,5.752,7.252,2.852
2018-05-30 01:00:00,4.502,90.306595,0.08188039,0.45,0.351,0.385,5.752,7.102,2.852
2018-05-30 02:00:00,4.602,89.995415,0.085101604,0.452,0.351,0.385,5.752,7.002,2.852
2018-05-30 03:00:00,4.452,91.91289,0.06807369,0.455,0.352,0.385,5.752,6.852,2.902
2018-05-30 04:00:00,4.402,92.88827,0.059654415,0.46,0.353,0.385,5.752,6.752,2.902
2018-05-30 05:00:00,4.402,92.88827,0.059654415,0.467,0.353,0.385,5.702,6.602,2.902
2018-05-30 06:00:00,4.852,91.61488,0.07258117,0.473,0.355,0.385,5.852,6.502,2.902
2018-05-30 07:00:00,5.902,89.779915,0.0951525,0.474,0.356,0.385,6.252,6.452,2.9520001
2018-05-30 08:00:00,6.152,87.01574,0.122992694,0.475,0.357,0.385,6.502,6.402,2.9520001
2018-05-30 09:00:00,6.502,83.46567,0.16044217,0.475,0.358,0.385,6.602,6.352,2.9520001
2018-05-30 10:00:00,7.402,74.96099,0.25842583,0.473,0.36,0.385,6.852,6.352,2.9520001
2018-05-30 11:00:00,9.152,60.271034,0.46170032,0.47,0.361,0.385,7.452,6.352,3.002
2018-05-30 12:00:00,10.502,49.076405,0.64779323,0.466,0.362,0.385,8.252,6.402,3.002
2018-05-30 13:00:00,11.152,43.073284,0.7561141,0.463,0.363,0.385,8.752,6.452,3.002
2018-05-30 14:00:00,10.502,45.139557,0.69787014,0.46,0.363,0.385,8.502,6.502,3.002
2018-05-30 15:00:00,9.102,48.502842,0.5964413,0.458,0.364,0.385,7.902,6.552,3.052
2018-05-30 16:00:00,7.402,53.051933,0.48453313,0.456,0.365,0.385,6.952,6.502,3.052
2018-05-30 17:00:00,6.102,57.36843,0.40241647,0.454,0.365,0.385,6.152,6.452,3.052
2018-05-30 18:00:00,5.052,62.382587,0.33016336,0.452,0.366,0.385,5.502,6.352,3.052
2018-05-30 19:00:00,4.002,66.64125,0.2720645,0.451,0.366,0.385,4.802,6.202,3.102
2018-05-30 20:00:00,3.802,67.58411,0.2606858,0.449,0.367,0.385,4.402,6.052,3.102
2018-05-30 21:00:00,4.052,65.43782,0.28286892,0.448,0.367,0.385,4.252,5.902,3.102
2018-05-30 22:00:00,4.602,61.588818,0.32671082,0.447,0.368,0.385,4.202,5.802,3.102
2018-05-30 23:00:00,4.952,59.00334,0.35731882,0.445,0.368,0.385,4.252,5.652,3.102
2018-05-31 00:00:00,5.452,57.836517,0.3804894,0.444,0.368,0.385,4.452,5.552,3.102
2018-05-31 01:00:00,6.902,54.496643,0.45382553,0.443,0.369,0.385,5.152,5.502,3.152
2018-05-31 02:00:00,8.352,51.399445,0.5350791,0.441,0.369,0.385,6.002,5.502,3.152
2018-05-31 03:00:00,9.052,49.74632,0.5800835,0.44,0.369,0.385,6.502,5.502,3.152
2018-05-31 04:00:00,10.652,50.01329,0.642257,0.438,0.369,0.385,7.452,5.602,3.152
2018-05-31 05:00:00,13.752,43.98577,0.8823248,0.436,0.369,0.385,9.402,5.752,3.152
2018-05-31 06:00:00,16.102,41.03608,1.0803232,0.434,0.369,0.385,11.302,6.002,3.152
2018-05-31 07:00:00,17.652,41.920784,1.1738527,0.431,0.369,0.385,12.902,6.302,3.2020001
2018-05-31 08:00:00,18.902,40.134544,1.3085124,0.428,0.369,0.385,14.052,6.652,3.2020001
2018-05-31 09:00:00,20.002,37.09215,1.4722095,0.425,0.369,0.384,14.952,7.052,3.2020001
2018-05-31 10:00:00,20.452,32.934895,1.6137536,0.423,0.368,0.384,15.152,7.402,3.2020001
2018-05-31 11:00:00,19.652,35.468758,1.4778641,0.421,0.368,0.384,14.652,7.752,3.252
2018-05-31 12:00:00,19.202,37.381462,1.3945274,0.419,0.368,0.384,14.252,8.002,3.252
2018-05-31 13:00:00,19.202,38.307537,1.3738918,0.418,0.368,0.384,14.252,8.252,3.302
2018-05-31 14:00:00,18.352,39.697598,1.2735543,0.417,0.368,0.384,13.802,8.452,3.302
2018-05-31 15:00:00,16.952,41.573174,1.1298461,0.416,0.368,0.384,13.052,8.602,3.302
2018-05-31 16:00:00,15.952,42.4695,1.0440207,0.415,0.368,0.384,12.352,8.752,3.352
2018-05-31 17:00:00,15.152,43.1481,0.9802175,0.415,0.368,0.384,11.802,8.802,3.352
2018-05-31 18:00:00,14.752,42.72749,0.96240014,0.414,0.368,0.384,11.402,8.852,3.402
2018-05-31 19:00:00,14.352,43.37899,0.92721766,0.413,0.369,0.384,11.102,8.902,3.402
2018-05-31 20:00:00,14.052,43.602802,0.9058051,0.413,0.369,0.384,10.852,8.902,3.4520001
2018-05-31 21:00:00,13.702,44.445484,0.8722465,0.412,0.369,0.384,10.652,8.902,3.4520001
2018-05-31 22:00:00,13.252,45.930527,0.8244376,0.412,0.369,0.384,10.452,8.902,3.4520001
2018-05-31 23:00:00,12.702,47.781815,0.7681153,0.411,0.369,0.384,10.202,8.902,3.502
2018-06-01 00:00:00,12.402,49.255413,0.7319066,0.411,0.369,0.384,10.002,8.852,3.502
2018-06-01 01:00:00,13.152,49.289055,0.7681963,0.41,0.369,0.384,10.302,8.852,3.552
2018-06-01 02:00:00,14.802,46.53463,0.9013069,0.409,0.369,0.384,11.202,8.902,3.552
2018-06-01 03:00:00,16.402,43.354477,1.0578352,0.408,0.369,0.384,12.402,9.002,3.602
2018-06-01 04:00:00,18.252,38.707066,1.2864031,0.406,0.368,0.384,13.802,9.152,3.602
2018-06-01 05:00:00,20.102,34.493355,1.5425686,0.404,0.368,0.384,15.252,9.402,3.602
2018-06-01 06:00:00,21.702,31.042603,1.791459,0.401,0.368,0.384,16.652,9.702,3.652
2018-06-01 07:00:00,23.052,27.802221,2.0358648,0.398,0.367,0.383,17.852,10.002,3.652
2018-06-01 08:00:00,23.902,25.768312,2.2031417,0.395,0.366,0.383,18.802,10.352,3.7020001
2018-06-01 09:00:00,24.452,24.581621,2.3133235,0.392,0.366,0.383,19.452,10.752,3.7020001
2018-06-01 10:00:00,24.702,24.131182,2.3621373,0.389,0.365,0.383,19.802,11.102,3.752
2018-06-01 11:00:00,24.702,24.045834,2.3647974,0.387,0.365,0.383,19.852,11.452,3.802
2018-06-01 12:00:00,24.302,25.068201,2.2778687,0.385,0.364,0.383,19.602,11.752,3.802
2018-06-01 13:00:00,23.452,27.426838,2.0964084,0.383,0.364,0.383,19.002,12.002,3.852
2018-06-01 14:00:00,21.952,28.7937,1.878332,0.382,0.364,0.382,18.052,12.152,3.902
2018-06-01 15:00:00,20.302,28.738262,1.6990185,0.381,0.364,0.382,16.902,12.302,3.902
2018-06-01 16:00:00,19.102,28.708271,1.5779364,0.381,0.364,0.382,15.952,12.352,3.9520001
2018-06-01 17:00:00,18.402,29.561731,1.4923847,0.38,0.364,0.382,15.302,12.352,4.002
2018-06-01 18:00:00,17.852,30.711527,1.4182348,0.38,0.364,0.382,14.802,12.352,4.002
2018-06-01 19:00:00,16.552,33.706863,1.2499166,0.38,0.364,0.382,14.202,12.352,4.052
2018-06-01 20:00:00,16.202,35.474724,1.189801,0.379,0.364,0.382,13.802,12.252,4.102
2018-06-01 21:00:00,16.001999,36.450775,1.15696,0.379,0.364,0.382,13.502,12.202,4.102
2018-06-01 22:00:00,16.001999,36.97804,1.1473584,0.379,0.364,0.382,13.452,12.152,4.152
2018-06-01 23:00:00,15.352,39.95376,1.0486742,0.378,0.364,0.382,13.252,12.102,4.202
2018-06-02 00:00:00,15.352,40.964115,1.0310247,0.378,0.364,0.382,13.152,12.002,4.202
2018-06-02 01:00:00,15.552,43.724186,0.99547744,0.378,0.363,0.382,13.152,11.952,4.252
2018-06-02 02:00:00,17.002,43.374138,1.0984755,0.377,0.363,0.382,13.802,11.952,4.302
2018-06-02 03:00:00,18.802,40.667915,1.2887864,0.376,0.363,0.382,14.852,11.952,4.302
2018-06-02 04:00:00,18.602,42.192795,1.2400663,0.376,0.363,0.382,15.452,12.002,4.352
2018-06-02 05:00:00,16.652,55.501053,0.84421706,0.376,0.363,0.382,15.252,12.052,4.352
2018-06-02 06:00:00,15.602,68.16315,0.5648707,0.378,0.363,0.382,15.002,12.102,4.402
2018-06-02 07:00:00,16.752,74.533035,0.48612916,0.38,0.363,0.382,15.502,12.152,4.452
2018-06-02 08:00:00,16.502,79.28307,0.38921833,0.386,0.363,0.382,15.502,12.202,4.452
2018-06-02 09:00:00,16.802,79.067474,0.4008205,0.389,0.363,0.382,15.502,12.252,4.502
2018-06-02 10:00:00,17.102,77.83204,0.43261337,0.399,0.363,0.382,15.702,12.302,4.502
2018-06-02 11:00:00,14.402,78.98002,0.34525228,0.438,0.363,0.382,15.402,12.352,4.552
2018-06-02 12:00:00,12.752,81.428696,0.2740265,0.437,0.363,0.382,14.602,12.352,4.602
2018-06-02 13:00:00,11.152,80.94092,0.2531216,0.436,0.363,0.382,13.702,12.302,4.602
2018-06-02 14:00:00,9.652,79.358154,0.24806929,0.435,0.364,0.382,12.702,12.202,4.652
2018-06-02 15:00:00,8.502,76.744026,0.25865704,0.434,0.364,0.382,11.752,12.052,4.652
2018-06-02 16:00:00,7.802,74.76679,0.2676289,0.433,0.364,0.382,10.952,11.902,4.702
2018-06-02 17:00:00,7.302,74.67918,0.25955558,0.432,0.364,0.382,10.302,11.702,4.752
2018-06-02 18:00:00,6.952,75.414925,0.2460491,0.432,0.365,0.382,9.802,11.502,4.752
2018-06-02 19:00:00,6.702,76.71964,0.22902966,0.431,0.365,0.382,9.452,11.302,4.802
2018-06-02 20:00:00,6.202,78.28774,0.20637888,0.43,0.365,0.382,9.102,11.052,4.802
2018-06-02 21:00:00,5.452,77.33827,0.2045148,0.43,0.365,0.382,8.602,10.852,4.802
2018-06-02 22:00:00,4.902,75.33018,0.2142824,0.43,0.365,0.382,8.102,10.602,4.852
2018-06-02 23:00:00,4.402,74.70107,0.21220541,0.43,0.366,0.382,7.502,10.352,4.852
2018-06-03 00:00:00,4.202,73.05804,0.22284222,0.429,0.366,0.382,7.102,10.102,4.902
2018-06-03 01:00:00,4.902,69.3182,0.2664982,0.428,0.366,0.382,7.302,9.902,4.902
2018-06-03 02:00:00,6.052,59.71844,0.3789271,0.427,0.366,0.382,8.002,9.702,4.902
2018-06-03 03:00:00,7.452,52.099464,0.4960522,0.426,0.366,0.382,8.952,9.602,4.952
2018-06-03 04:00:00,8.802,47.711117,0.59347713,0.424,0.366,0.382,9.952,9.552,4.952
2018-06-03 05:00:00,9.802,44.117428,0.6783913,0.423,0.366,0.382,10.652,9.552,4.952
2018-06-03 06:00:00,10.452,43.18426,0.72033614,0.422,0.366,0.382,11.152,9.552,4.952
2018-06-03 07:00:00,11.752,38.610035,0.8483865,0.421,0.366,0.382,12.052,9.602,5.002
2018-06-03 08:00:00,12.202,36.392292,0.905466,0.419,0.366,0.382,12.352,9.652,5.002
2018-06-03 09:00:00,12.702,36.54061,0.93347484,0.417,0.366,0.381,12.552,9.752,5.002
2018-06-03 10:00:00,13.852,34.912186,1.0319359,0.415,0.366,0.381,12.952,9.852,5.052
2018-06-03 11:00:00,14.002,37.330112,1.0033096,0.414,0.365,0.381,12.802,9.902,5.052
2018-06-03 12:00:00,13.052,46.202652,0.809658,0.414,0.365,0.381,12.352,10.002,5.052
2018-06-03 13:00:00,12.102,53.175568,0.66218156,0.415,0.366,0.381,11.752,10.002,5.102
2018-06-03 14:00:00,12.152,52.626617,0.6721515,0.415,0.366,0.381,11.302,10.002,5.102
2018-06-03 15:00:00,11.552,60.007618,0.5454221,0.416,0.366,0.381,10.952,9.952,5.102
2018-06-03 16:00:00,9.802,83.57343,0.1994015,0.425,0.366,0.381,10.402,9.902,5.152
2018-06-03 17:00:00,9.702,89.157036,0.13074064,0.437,0.366,0.381,10.002,9.852,5.152
2018-06-03 18:00:00,9.452,90.9744,0.10701704,0.439,0.366,0.381,9.702,9.752,5.152
2018-06-03 19:00:00,8.402,88.13743,0.13104379,0.439,0.367,0.381,9.252,9.652,5.152
2018-06-03 20:00:00,7.352,85.63122,0.1477918,0.438,0.367,0.381,8.652,9.552,5.202
2018-06-03 21:00:00,6.602,86.45329,0.1323579,0.437,0.367,0.381,8.152,9.402,5.202
2018-06-03 22:00:00,6.102,87.93046,0.11393428,0.436,0.367,0.381,7.752,9.252,5.202
2018-06-03 23:00:00,5.752,89.1411,0.10005683,0.435,0.368,0.381,7.452,9.102,5.202
2018-06-04 00:00:00,5.402,90.373405,0.08657658,0.434,0.368,0.381,7.152,8.952,5.252
2018-06-04 01:00:00,6.052,88.54395,0.10777044,0.434,0.368,0.381,7.402,8.802,5.252
2018-06-04 02:00:00,7.452,80.711945,0.19975013,0.433,0.368,0.381,8.302,8.702,5.252
2018-06-04 03:00:00,9.052,72.41044,0.3184684,0.431,0.369,0.381,9.452,8.702,5.252
2018-06-04 04:00:00,10.802,61.968464,0.4935397,0.43,0.369,0.381,10.902,8.752,5.252
2018-06-04 05:00:00,12.602,51.457798,0.70937604,0.428,0.368,0.381,12.402,8.902,5.302
2018-06-04 06:00:00,14.152,44.893074,0.89082557,0.425,0.368,0.381,13.752,9.102,5.302
2018-06-04 07:00:00,16.152,40.61653,1.0914834,0.422,0.368,0.381,15.102,9.352,5.302
2018-06-04 08:00:00,17.252,38.417088,1.2137029,0.42,0.368,0.381,16.052,9.652,5.302
2018-06-04 09:00:00,18.152,33.929546,1.3780555,0.417,0.367,0.381,16.452,9.952,5.302
2018-06-04 10:00:00,18.752,33.74197,1.4348291,0.415,0.367,0.381,16.502,10.202,5.352
2018-06-04 11:00:00,19.302,34.021103,1.4785697,0.413,0.367,0.38,16.552,10.452,5.352
2018-06-04 12:00:00,19.402,36.405205,1.4339933,0.411,0.367,0.38,16.302,10.702,5.352
2018-06-04 13:00:00,19.252,39.68007,1.3474907,0.409,0.366,0.38,16.001999,10.902,5.402
2018-06-04 14:00:00,18.352,43.910084,1.1845443,0.408,0.366,0.38,15.452,11.052,5.402
2018-06-04 15:00:00,16.952,49.64475,0.97369915,0.408,0.366,0.38,14.552,11.152,5.452
2018-06-04 16:00:00,15.802,56.045715,0.7899766,0.407,0.366,0.38,13.702,11.152,5.452
2018-06-04 17:00:00,15.452,59.714153,0.7080035,0.407,0.367,0.38,13.252,11.202,5.452
2018-06-04 18:00:00,15.102,60.65601,0.67610466,0.406,0.367,0.38,12.802,11.202,5.502
2018-06-04 19:00:00,14.402,61.113827,0.6387929,0.406,0.367,0.38,12.452,11.152,5.502
2018-06-04 20:00:00,14.102,56.38625,0.70271766,0.406,0.367,0.38,12.102,11.152,5.552
2018-06-04 21:00:00,13.652,54.724316,0.7085282,0.405,0.367,0.38,11.752,11.052,5.552
2018-06-04 22:00:00,13.202,54.606365,0.68987775,0.405,0.367,0.38,11.452,11.002,5.552
2018-06-04 23:00:00,12.552,55.98782,0.64106315,0.405,0.367,0.38,11.102,10.952,5.602
2018-06-05 00:00:00,12.302,56.71467,0.6202221,0.404,0.367,0.38,10.902,10.852,5.602
2018-06-05 01:00:00,13.352,55.998386,0.6752838,0.404,0.367,0.38,11.302,10.802,5.602
2018-06-05 02:00:00,15.352,52.92892,0.82201093,0.403,0.367,0.38,12.402,10.802,5.652
2018-06-05 03:00:00,17.602,45.71296,1.0937253,0.402,0.367,0.38,14.002,10.902,5.652
2018-06-05 04:00:00,19.502,41.437275,1.3286808,0.4,0.366,0.38,15.552,11.052,5.652
2018-06-05 05:00:00,21.202,38.748833,1.5432253,0.398,0.366,0.38,17.052,11.252,5.702
2018-06-05 06:00:00,22.852,36.01565,1.7823908,0.395,0.365,0.38,18.552,11.552,5.702
2018-06-05 07:00:00,24.252,30.476591,2.106982,0.392,0.365,0.38,19.752,11.902,5.702
2018-06-05 08:00:00,24.952,26.51483,2.3221705,0.389,0.364,0.379,20.602,12.252,5.752
2018-06-05 09:00:00,25.302,24.98539,2.4203835,0.386,0.364,0.379,21.102,12.602,5.752
2018-06-05 10:00:00,25.452,24.161068,2.4688811,0.384,0.363,0.379,21.352,12.952,5.802
2018-06-05 11:00:00,25.402,23.725403,2.4757295,0.381,0.362,0.379,21.302,13.252,5.802
2018-06-05 12:00:00,25.002,24.72964,2.3857336,0.379,0.362,0.379,20.952,13.552,5.852
2018-06-05 13:00:00,24.052,29.280447,2.1177614,0.378,0.362,0.379,20.302,13.752,5.902
2018-06-05 14:00:00,22.152,36.312138,1.7004154,0.377,0.361,0.379,19.152,13.902,5.902
2018-06-05 15:00:00,20.352,40.272034,1.4282639,0.376,0.361,0.379,17.902,14.002,5.952
2018-06-05 16:00:00,18.352,44.062138,1.1813316,0.376,0.361,0.379,16.652,14.002,5.952
2018-06-05 17:00:00,17.402,44.56084,1.1029608,0.376,0.361,0.379,15.802,14.002,6.002
2018-06-05 18:00:00,16.552,45.416897,1.0290644,0.376,0.361,0.379,15.052,13.902,6.052
2018-06-05 19:00:00,15.902,45.07432,0.99356073,0.376,0.361,0.379,14.452,13.802,6.052
2018-06-05 20:00:00,15.302,46.34894,0.933959,0.375,0.361,0.379,13.952,13.702,6.102
2018-06-05 21:00:00,14.752,47.84946,0.87631094,0.375,0.361,0.379,13.502,13.602,6.102
2018-06-05 22:00:00,14.052,49.888298,0.80483323,0.375,0.361,0.379,13.052,13.452,6.152
2018-06-05 23:00:00,13.352,52.763477,0.72493994,0.375,0.361,0.379,12.602,13.302,6.152
2018-06-06 00:00:00,13.052,55.337097,0.6721625,0.375,0.361,0.379,12.302,13.152,6.202
2018-06-06 01:00:00,14.252,58.206844,0.67994016,0.374,0.361,0.379,12.752,13.002,6.202
2018-06-06 02:00:00,17.002,54.09781,0.89036906,0.374,0.361,0.378,14.202,12.952,6.252
2018-06-06 03:00:00,20.102,46.726578,1.2543259,0.373,0.361,0.378,16.152,13.002,6.252
2018-06-06 04:00:00,22.852,40.296356,1.663039,0.372,0.361,0.378,18.152,13.152,6.252
2018-06-06 05:00:00,25.152,34.390846,2.0978122,0.37,0.36,0.378,20.002,13.402,6.302
2018-06-06 06:00:00,26.802,28.35213,2.525573,0.367,0.359,0.378,21.602,13.702,6.302
2018-06-06 07:00:00,27.852,24.46062,2.8314872,0.365,0.359,0.378,22.802,14.052,6.352
2018-06-06 08:00:00,28.502,21.364668,3.0611205,0.362,0.358,0.378,23.552,14.402,6.402
2018-06-06 09:00:00,29.002,19.345161,3.231979,0.359,0.357,0.377,24.152,14.802,6.402
2018-06-06 10:00:00,29.002,18.409927,3.269514,0.357,0.357,0.377,24.152,15.152,6.452
2018-06-06 11:00:00,28.852,18.50474,3.2375367,0.355,0.356,0.377,23.902,15.452,6.452
2018-06-06 12:00:00,28.352,21.93195,3.0126915,0.353,0.355,0.377,23.502,15.702,6.502
2018-06-06 13:00:00,27.002,29.69588,2.5073712,0.352,0.355,0.377,22.652,15.902,6.552
2018-06-06 14:00:00,25.502,35.4335,2.1077485,0.352,0.355,0.377,21.602,16.052,6.602
2018-06-06 15:00:00,23.352,36.158222,1.8328887,0.351,0.355,0.377,20.152,16.102,6.602
2018-06-06 16:00:00,20.952,40.721264,1.4707848,0.351,0.355,0.377,18.952,16.102,6.652
2018-06-06 17:00:00,19.902,41.408657,1.362678,0.351,0.355,0.377,18.102,16.052,6.702
2018-06-06 18:00:00,19.252,42.08671,1.2936971,0.351,0.355,0.377,17.552,16.001999,6.702
2018-06-06 19:00:00,18.402,41.843876,1.2320527,0.35,0.355,0.377,16.902,15.902,6.752
2018-06-06 20:00:00,17.452,44.57502,1.1061602,0.35,0.355,0.377,16.302,15.802,6.802
2018-06-06 21:00:00,16.702,47.06838,1.0074587,0.35,0.355,0.377,15.802,15.652,6.802
2018-06-06 22:00:00,16.252,49.28214,0.93810755,0.35,0.355,0.377,15.402,15.502,6.852
2018-06-06 23:00:00,15.852,51.261143,0.8788009,0.35,0.355,0.377,15.052,15.352,6.902
2018-06-07 00:00:00,15.952,51.82234,0.8742382,0.35,0.355,0.377,14.952,15.202,6.902
2018-06-07 01:00:00,16.602,53.259575,0.8839508,0.349,0.355,0.377,15.202,15.052,6.952
2018-06-07 02:00:00,18.252,51.02998,1.0276539,0.349,0.355,0.377,16.001999,15.002,6.952
2018-06-07 03:00:00,20.552,44.37899,1.3464702,0.348,0.354,0.377,17.452,15.002,7.002
2018-06-07 04:00:00,22.852,38.559208,1.7114719,0.347,0.354,0.376,19.102,15.102,7.002
2018-06-07 05:00:00,24.802,34.87887,2.0392888,0.346,0.354,0.376,20.752,15.252,7.052
2018-06-07 06:00:00,26.652,31.467505,2.3944337,0.344,0.353,0.376,22.402,15.452,7.052
2018-06-07 07:00:00,28.502,26.563082,2.85845,0.342,0.352,0.376,23.902,15.752,7.102
2018-06-07 08:00:00,29.552,23.991486,3.1435227,0.34,0.352,0.376,24.902,16.102,7.152
2018-06-07 09:00:00,30.102,21.999144,3.3294702,0.337,0.351,0.376,25.602,16.402,7.152
2018-06-07 10:00:00,30.202,21.424345,3.3733,0.335,0.35,0.375,25.852,16.752,7.202
2018-06-07 11:00:00,30.202,21.722694,3.3604686,0.333,0.349,0.375,25.852,17.052,7.252
2018-06-07 12:00:00,29.852,23.020418,3.2390683,0.332,0.349,0.375,25.452,17.302,7.252
2018-06-07 13:00:00,29.102,28.886768,2.865528,0.331,0.349,0.375,24.802,17.502,7.302
2018-06-07 14:00:00,27.502,42.282284,2.118982,0.33,0.348,0.375,23.702,17.652,7.352
2018-06-07 15:00:00,25.702,44.040176,1.8482386,0.33,0.348,0.375,22.152,17.752,7.402
2018-06-07 16:00:00,22.352,47.18736,1.4270606,0.33,0.348,0.375,20.302,17.702,7.402
2018-06-07 17:00:00,20.902,47.105618,1.3082527,0.33,0.348,0.375,19.152,17.602,7.452
2018-06-07 18:00:00,20.102,46.096928,1.2691609,0.33,0.348,0.375,18.552,17.502,7.502
2018-06-07 19:00:00,19.152,54.83686,1.0024805,0.33,0.348,0.375,17.952,17.402,7.552
2018-06-07 20:00:00,17.802,58.68343,0.842839,0.33,0.348,0.375,17.102,17.202,7.552
2018-06-07 21:00:00,17.302,64.10678,0.7094716,0.33,0.348,0.375,16.702,17.052,7.602
2018-06-07 22:00:00,17.052,69.83055,0.5869585,0.33,0.348,0.375,16.502,16.902,7.652
2018-06-07 23:00:00,16.602,74.753105,0.47736692,0.33,0.348,0.375,16.252,16.702,7.652
2018-06-08 00:00:00,16.252,78.47184,0.39808977,0.33,0.348,0.375,16.052,16.552,7.702
2018-06-08 01:00:00,17.102,77.83204,0.43261337,0.33,0.348,0.375,16.452,16.402,7.702
2018-06-08 02:00:00,18.252,75.76406,0.5084537,0.33,0.348,0.375,17.352,16.302,7.752
2018-06-08 03:00:00,18.952,75.145966,0.5447184,0.33,0.348,0.375,18.302,16.302,7.802
2018-06-08 04:00:00,19.052,74.19753,0.5690427,0.33,0.348,0.375,19.102,16.302,7.802
2018-06-08 05:00:00,19.552,70.769684,0.66499877,0.33,0.348,0.375,20.052,16.352,7.852
2018-06-08 06:00:00,20.402,64.786064,0.8443887,0.33,0.347,0.374,20.752,16.452,7.852
2018-06-08 07:00:00,21.852,58.311733,1.0925575,0.329,0.347,0.374,21.702,16.552,7.902
2018-06-08 08:00:00,22.752,54.667114,1.2548423,0.327,0.347,0.374,22.952,16.752,7.902
2018-06-08 09:00:00,22.702,52.72261,1.3047575,0.326,0.346,0.374,23.202,16.952,7.952
2018-06-08 10:00:00,21.502,52.064606,1.2298682,0.326,0.346,0.374,22.452,17.052,8.002
2018-06-08 11:00:00,21.052,49.74413,1.2544341,0.326,0.346,0.374,21.852,17.152,8.002
2018-06-08 12:00:00,20.102,49.488102,1.1892647,0.325,0.345,0.374,20.952,17.202,8.052
2018-06-08 13:00:00,19.502,47.68196,1.1869178,0.325,0.345,0.374,20.252,17.202,8.052
2018-06-08 14:00:00,18.752,47.475155,1.137292,0.325,0.345,0.374,19.452,17.202,8.102
2018-06-08 15:00:00,17.652,48.48668,1.0410888,0.324,0.345,0.374,18.502,17.102,8.152
2018-06-08 16:00:00,16.452,50.023846,0.9362121,0.324,0.345,0.374,17.552,17.002,8.152
2018-06-08 17:00:00,15.302,51.82706,0.83856755,0.324,0.345,0.374,16.652,16.852,8.202
2018-06-08 18:00:00,14.152,53.908955,0.7450494,0.324,0.345,0.374,15.852,16.652,8.202
2018-06-08 19:00:00,13.202,53.469482,0.7071593,0.324,0.345,0.374,15.102,16.452,8.252
2018-06-08 20:00:00,12.202,56.88853,0.6136869,0.324,0.345,0.374,14.402,16.252,8.252
2018-06-08 21:00:00,11.402,60.181896,0.5376891,0.324,0.345,0.374,13.752,16.001999,8.302
2018-06-08 22:00:00,10.502,64.56406,0.4507683,0.324,0.345,0.374,13.102,15.752,8.302
2018-06-08 23:00:00,9.752,68.60024,0.379905,0.324,0.345,0.374,12.552,15.452,8.352
2018-06-09 00:00:00,9.352,71.211334,0.339087,0.324,0.345,0.374,12.102,15.202,8.352
2018-06-09 01:00:00,10.202,69.4156,0.38134384,0.323,0.345,0.374,12.402,14.952,8.352
2018-06-09 02:00:00,11.702,63.274296,0.50584763,0.323,0.345,0.374,13.302,14.802,8.402
2018-06-09 03:00:00,13.402,56.59989,0.6682219,0.323,0.345,0.374,14.602,14.702,8.402
2018-06-09 04:00:00,14.952,46.576992,0.90932465,0.322,0.344,0.374,16.052,14.652,8.452
2018-06-09 05:00:00,16.202,41.210613,1.0840063,0.321,0.344,0.373,17.452,14.702,8.452
2018-06-09 06:00:00,17.202,37.862045,1.2207854,0.32,0.344,0.373,18.802,14.802,8.452
2018-06-09 07:00:00,17.802,36.58481,1.2939012,0.319,0.343,0.373,19.452,14.902,8.452
2018-06-09 08:00:00,18.452,34.749664,1.3867563,0.318,0.343,0.373,20.002,15.052,8.502
2018-06-09 09:00:00,18.602,34.05999,1.414625,0.317,0.343,0.373,20.052,15.202,8.502
2018-06-09 10:00:00,18.702,33.369465,1.4384025,0.317,0.342,0.373,19.902,15.352,8.552
2018-06-09 11:00:00,18.352,33.746246,1.3993064,0.316,0.342,0.373,19.252,15.452,8.552
2018-06-09 12:00:00,18.102,34.40221,1.3639092,0.315,0.342,0.373,18.702,15.502,8.552
2018-06-09 13:00:00,17.802,35.81389,1.3096372,0.315,0.342,0.373,18.102,15.502,8.602
2018-06-09 14:00:00,16.952,40.276222,1.1549363,0.315,0.342,0.373,17.352,15.502,8.602
2018-06-09 15:00:00,15.752,44.246677,0.99892426,0.315,0.342,0.373,16.402,15.452,8.652
2018-06-09 16:00:00,14.452,47.93405,0.85813206,0.315,0.342,0.373,15.402,15.352,8.652
2018-06-09 17:00:00,13.252,51.816956,0.7346688,0.314,0.342,0.373,14.502,15.202,8.652
2018-06-09 18:00:00,12.302,54.94747,0.6455476,0.314,0.341,0.373,13.702,15.002,8.702
2018-06-09 19:00:00,11.702,57.769142,0.5816849,0.314,0.341,0.373,13.152,14.852,8.702
2018-06-09 20:00:00,10.402,64.768326,0.44519377,0.314,0.341,0.373,12.302,14.602,8.702
2018-06-09 21:00:00,9.052,71.153206,0.33298165,0.314,0.341,0.373,11.402,14.402,8.702
2018-06-09 22:00:00,8.202,74.57437,0.27709973,0.314,0.341,0.373,10.552,14.102,8.752
2018-06-09 23:00:00,9.002,69.17153,0.35466033,0.314,0.341,0.373,9.802,13.802,8.752
2018-06-10 00:00:00,9.252,68.49661,0.3685779,0.314,0.341,0.373,9.502,13.552,8.752
2018-06-10 01:00:00,9.202,81.79476,0.21227181,0.314,0.341,0.373,10.602,13.302,8.752
2018-06-10 02:00:00,12.852,59.07878,0.6078498,0.314,0.341,0.373,13.252,13.252,8.752
2018-06-10 03:00:00,15.752,45.82901,0.9705649,0.314,0.341,0.372,15.052,13.252,8.802
2018-06-10 04:00:00,17.702,36.815956,1.2810996,0.313,0.341,0.372,16.952,13.352,8.802
2018-06-10 05:00:00,19.002,32.866825,1.4766288,0.312,0.341,0.372,18.552,13.552,8.802
2018-06-10 06:00:00,20.102,30.261772,1.6422771,0.311,0.34,0.372,20.102,13.802,8.802
2018-06-10 07:00:00,20.452,29.932585,1.6860431,0.31,0.339,0.372,21.402,14.102,8.802
2018-06-10 08:00:00,21.152,28.978252,1.7841185,0.309,0.339,0.372,22.502,14.402,8.852
2018-06-10 09:00:00,21.602,28.290619,1.851672,0.308,0.338,0.372,22.952,14.752,8.852
2018-06-10 10:00:00,21.852,27.468142,1.9017054,0.307,0.338,0.371,22.952,15.052,8.852
2018-06-10 11:00:00,21.752,27.245363,1.895957,0.306,0.338,0.371,22.252,15.302,8.852
2018-06-10 12:00:00,21.702,27.0378,1.8955795,0.306,0.337,0.371,21.602,15.502,8.902
2018-06-10 13:00:00,21.502,27.665089,1.8564622,0.305,0.337,0.371,20.852,15.652,8.902
2018-06-10 14:00:00,20.502,33.651546,1.601421,0.305,0.337,0.371,19.852,15.752,8.952
2018-06-10 15:00:00,18.452,38.629253,1.304265,0.305,0.337,0.371,18.452,15.802,8.952
2018-06-10 16:00:00,16.602,42.060658,1.0958369,0.304,0.337,0.371,17.102,15.752,8.952
2018-06-10 17:00:00,15.302,44.274105,0.9700885,0.304,0.337,0.371,15.952,15.652,9.002
2018-06-10 18:00:00,14.302,46.72263,0.86963767,0.304,0.337,0.371,15.052,15.502,9.002
2018-06-10 19:00:00,13.302,52.380527,0.72844285,0.304,0.337,0.371,14.302,15.352,9.002
2018-06-10 20:00:00,12.402,57.3402,0.6152818,0.304,0.337,0.371,13.602,15.202,9.052
2018-06-10 21:00:00,11.602,61.94067,0.52077174,0.304,0.337,0.371,12.902,15.002,9.052
2018-06-10 22:00:00,10.702,66.906395,0.42660862,0.304,0.337,0.371,12.252,14.752,9.052
2018-06-10 23:00:00,10.002,71.08888,0.3556946,0.304,0.337,0.371,11.602,14.552,9.052
2018-06-11 00:00:00,9.802,72.8031,0.3301549,0.304,0.337,0.371,11.352,14.302,9.102
2018-06-11 01:00:00,11.652,71.8981,0.38577694,0.304,0.337,0.371,12.102,14.102,9.102
2018-06-11 02:00:00,15.352,54.59942,0.7928294,0.304,0.337,0.371,14.202,14.052,9.102
2018-06-11 03:00:00,17.952,45.3392,1.1257617,0.304,0.337,0.371,16.152,14.052,9.102
2018-06-11 04:00:00,19.752,37.02006,1.451278,0.303,0.336,0.371,18.002,14.202,9.102
2018-06-11 05:00:00,20.852,33.399258,1.6424835,0.302,0.336,0.371,19.602,14.352,9.152
2018-06-11 06:00:00,21.902,31.428251,1.8032832,0.301,0.335,0.37,21.102,14.602,9.152
2018-06-11 07:00:00,23.002,30.977303,1.9403853,0.3,0.335,0.37,22.452,14.902,9.152
2018-06-11 08:00:00,23.602,29.461449,2.0560489,0.299,0.334,0.37,23.302,15.202,9.152
2018-06-11 09:00:00,24.052,28.27709,2.1478388,0.298,0.334,0.37,23.902,15.552,9.202
2018-06-11 10:00:00,24.402,27.400883,2.2201176,0.297,0.333,0.37,24.352,15.852,9.202
2018-06-11 11:00:00,24.602,26.886051,2.2627397,0.297,0.333,0.37,24.352,16.152,9.202
2018-06-11 12:00:00,24.502,26.764608,2.2530143,0.296,0.332,0.369,23.902,16.402,9.252
2018-06-11 13:00:00,24.102,27.318073,2.1831164,0.295,0.332,0.369,23.002,16.652,9.252
2018-06-11 14:00:00,23.152,32.004356,1.928871,0.295,0.332,0.369,21.902,16.752,9.302
2018-06-11 15:00:00,20.902,38.002,1.5335929,0.295,0.332,0.369,20.402,16.852,9.302
2018-06-11 16:00:00,18.952,42.00113,1.2716466,0.295,0.332,0.369,18.902,16.802,9.302
2018-06-11 17:00:00,17.802,44.829086,1.1256154,0.295,0.332,0.369,17.852,16.752,9.352
2018-06-11 18:00:00,16.952,47.630337,1.012668,0.295,0.332,0.369,16.952,16.652,9.352
2018-06-11 19:00:00,16.502,48.504124,0.967761,0.295,0.332,0.369,16.352,16.502,9.402
2018-06-11 20:00:00,15.902,50.56983,0.8941185,0.295,0.332,0.369,15.752,16.402,9.402
2018-06-11 21:00:00,15.252,52.902348,0.8172197,0.294,0.332,0.369,15.252,16.202,9.402
2018-06-11 22:00:00,14.802,54.455914,0.7677371,0.294,0.332,0.369,14.802,16.052,9.452
2018-06-11 23:00:00,14.752,54.82107,0.75913286,0.294,0.332,0.369,14.552,15.902,9.452
2018-06-12 00:00:00,14.752,55.201614,0.75273675,0.294,0.332,0.369,14.452,15.702,9.452
2018-06-12 01:00:00,15.752,54.703434,0.81151444,0.294,0.332,0.369,14.952,15.602,9.452
2018-06-12 02:00:00,16.952,52.988373,0.90901804,0.294,0.332,0.369,16.052,15.502,9.502
2018-06-12 03:00:00,18.402,50.89702,1.0401664,0.294,0.331,0.369,17.502,15.502,9.502
2018-06-12 04:00:00,19.852,46.816074,1.233019,0.293,0.331,0.369,19.052,15.602,9.502
2018-06-12 05:00:00,20.602,41.750607,1.4144882,0.293,0.331,0.369,20.452,15.752,9.552
2018-06-12 06:00:00,20.952,38.54426,1.5248401,0.292,0.33,0.369,21.452,15.902,9.552
2018-06-12 07:00:00,19.852,39.032875,1.4135895,0.292,0.33,0.368,21.902,16.102,9.552
2018-06-12 08:00:00,20.152,36.494205,1.5000458,0.291,0.33,0.368,22.302,16.302,9.602
2018-06-12 09:00:00,20.402,34.458828,1.5722101,0.291,0.329,0.368,22.452,16.502,9.602
2018-06-12 10:00:00,20.702,32.890854,1.6398475,0.29,0.329,0.368,22.552,16.652,9.602
2018-06-12 11:00:00,20.652,31.738222,1.662912,0.289,0.329,0.368,22.402,16.852,9.652
2018-06-12 12:00:00,20.202,31.386103,1.6257918,0.289,0.328,0.368,21.852,16.952,9.652
2018-06-12 13:00:00,19.602,31.214268,1.57048,0.289,0.328,0.368,21.002,17.052,9.652
2018-06-12 14:00:00,18.802,31.658041,1.4846027,0.288,0.328,0.368,20.002,17.052,9.702
2018-06-12 15:00:00,17.302,36.05201,1.2643176,0.288,0.328,0.368,18.652,17.052,9.702
2018-06-12 16:00:00,15.602,40.745834,1.0515361,0.288,0.328,0.368,17.202,16.952,9.702
2018-06-12 17:00:00,14.152,45.535805,0.8804335,0.288,0.328,0.368,15.952,16.802,9.752
2018-06-12 18:00:00,12.902,50.815594,0.7330076,0.288,0.328,0.368,14.902,16.602,9.752
2018-06-12 19:00:00,11.652,55.36142,0.612828,0.288,0.328,0.368,14.002,16.352,9.802
2018-06-12 20:00:00,10.452,61.6676,0.48599517,0.288,0.328,0.368,13.052,16.102,9.802
2018-06-12 21:00:00,9.552,66.65852,0.39802605,0.288,0.328,0.368,12.202,15.852,9.802
2018-06-12 22:00:00,8.752,71.59627,0.32129884,0.288,0.328,0.368,11.402,15.552,9.802
2018-06-12 23:00:00,8.952,71.8862,0.32234013,0.288,0.328,0.368,10.802,15.202,9.802
2018-06-13 00:00:00,8.352,76.98816,0.2533555,0.288,0.328,0.368,10.502,14.902,9.852
2018-06-13 01:00:00,10.052,72.84918,0.33515382,0.288,0.328,0.368,11.652,14.702,9.852
2018-06-13 02:00:00,12.802,58.65646,0.6121204,0.288,0.328,0.368,13.452,14.552,9.852
2018-06-13 03:00:00,14.552,51.265656,0.80840635,0.289,0.328,0.367,15.002,14.502,9.852
2018-06-13 04:00:00,15.702,46.788208,0.95033294,0.289,0.327,0.367,16.502,14.552,9.852
2018-06-13 05:00:00,16.802,41.529922,1.1199937,0.288,0.327,0.367,17.952,14.652,9.852
2018-06-13 06:00:00,17.552,39.05143,1.2241397,0.288,0.327,0.367,19.152,14.752,9.852
2018-06-13 07:00:00,18.052,39.472286,1.2545049,0.288,0.326,0.367,20.352,14.952,9.902
2018-06-13 08:00:00,18.302,38.99416,1.2843909,0.288,0.326,0.367,20.902,15.152,9.902
2018-06-13 09:00:00,18.452,37.55895,1.3270228,0.288,0.326,0.367,21.002,15.352,9.902
2018-06-13 10:00:00,18.552,35.904594,1.3707436,0.289,0.326,0.367,21.252,15.552,9.902
2018-06-13 11:00:00,17.452,36.873962,1.2599268,0.289,0.325,0.367,20.602,15.702,9.952
2018-06-13 12:00:00,17.002,36.74288,1.2271663,0.29,0.325,0.366,20.002,15.802,9.952
2018-06-13 13:00:00,16.802,37.211708,1.2027398,0.29,0.325,0.366,19.052,15.902,9.952
2018-06-13 14:00:00,16.302,38.826073,1.1351899,0.29,0.325,0.366,18.052,15.902,9.952
2018-06-13 15:00:00,15.302,41.389496,1.020318,0.29,0.325,0.366,16.902,15.852,9.952
2018-06-13 16:00:00,13.802,45.76054,0.8571412,0.29,0.325,0.366,15.602,15.752,10.002
2018-06-13 17:00:00,12.552,49.82638,0.7308224,0.29,0.325,0.366,14.552,15.602,10.002
2018-06-13 18:00:00,11.602,53.230186,0.6399745,0.29,0.325,0.366,13.652,15.452,10.002
2018-06-13 19:00:00,10.602,56.880203,0.5521842,0.29,0.325,0.366,12.852,15.252,10.002
2018-06-13 20:00:00,9.802,60.430275,0.48036665,0.29,0.325,0.366,12.152,15.002,10.002
2018-06-13 21:00:00,8.902,65.81461,0.3906383,0.29,0.325,0.366,11.452,14.752,10.052
2018-06-13 22:00:00,7.852,72.43999,0.29330456,0.29,0.325,0.366,10.752,14.502,10.052
2018-06-13 23:00:00,7.052,77.86811,0.22301966,0.29,0.325,0.366,10.002,14.252,10.052
2018-06-14 00:00:00,7.002,79.24391,0.20844072,0.29,0.325,0.366,9.752,13.952,10.052
2018-06-14 01:00:00,9.502,71.489624,0.33920944,0.29,0.325,0.366,10.752,13.752,10.052
2018-06-14 02:00:00,12.852,56.06529,0.6526213,0.29,0.325,0.366,12.852,13.652,10.052
2018-06-14 03:00:00,15.352,45.555157,0.95082384,0.29,0.325,0.366,14.752,13.652,10.052
2018-06-14 04:00:00,16.602,39.46965,1.14486,0.289,0.324,0.366,16.052,13.702,10.052
2018-06-14 05:00:00,17.902,36.35528,1.3067734,0.289,0.324,0.366,17.552,13.852,10.052
2018-06-14 06:00:00,19.302,33.90097,1.4812633,0.288,0.324,0.366,19.102,14.052,10.052
2018-06-14 07:00:00,20.702,32.890854,1.6398475,0.288,0.323,0.366,20.402,14.252,10.052
2018-06-14 08:00:00,21.802,31.731659,1.784392,0.287,0.323,0.366,21.502,14.552,10.052
2018-06-14 09:00:00,22.352,30.901285,1.8675594,0.287,0.323,0.365,22.052,14.852,10.052
2018-06-14 10:00:00,22.752,29.740139,1.9455678,0.286,0.322,0.365,22.302,15.102,10.102
2018-06-14 11:00:00,23.352,27.495832,2.0818393,0.286,0.322,0.365,22.352,15.352,10.102
2018-06-14 12:00:00,23.102,26.661726,2.0743046,0.285,0.322,0.365,21.752,15.602,10.102
2018-06-14 13:00:00,22.252,29.703602,1.8884544,0.285,0.322,0.365,20.802,15.752,10.102
2018-06-14 14:00:00,21.352,33.542625,1.6899421,0.285,0.322,0.365,19.952,15.852,10.102
2018-06-14 15:00:00,20.002,36.578407,1.48424,0.285,0.322,0.365,18.952,15.902,10.152
2018-06-14 16:00:00,18.902,38.759247,1.3385899,0.285,0.322,0.365,18.102,15.952,10.152
2018-06-14 17:00:00,17.852,41.97816,1.1875356,0.284,0.322,0.365,17.252,15.902,10.152
2018-06-14 18:00:00,16.702,46.097,1.0259547,0.284,0.322,0.365,16.502,15.852,10.152
2018-06-14 19:00:00,16.502,42.928482,1.0725865,0.284,0.322,0.365,15.902,15.752,10.152
2018-06-14 20:00:00,16.102,44.50252,1.0167913,0.284,0.322,0.365,15.602,15.702,10.202
2018-06-14 21:00:00,15.902,45.55109,0.9849335,0.284,0.322,0.365,15.352,15.602,10.202
2018-06-14 22:00:00,16.152,45.145298,1.0082164,0.284,0.322,0.365,15.302,15.502,10.202
2018-06-14 23:00:00,16.452,44.758457,1.0348898,0.284,0.322,0.365,15.302,15.402,10.202
2018-06-15 00:00:00,16.752,44.68735,1.0561383,0.284,0.321,0.365,15.402,15.352,10.202
2018-06-15 01:00:00,17.452,45.19828,1.0937157,0.284,0.321,0.365,15.752,15.252,10.202
2018-06-15 02:00:00,18.952,43.029415,1.2490882,0.284,0.321,0.365,16.702,15.252,10.252
2018-06-15 03:00:00,20.802,34.694824,1.6055725,0.283,0.321,0.365,18.202,15.302,10.252
2018-06-15 04:00:00,22.152,29.26006,1.8888662,0.283,0.321,0.365,19.652,15.452,10.252
2018-06-15 05:00:00,23.102,29.321205,1.9990176,0.283,0.321,0.364,20.852,15.602,10.252
2018-06-15 06:00:00,24.202,30.357304,2.1042962,0.282,0.32,0.364,22.252,15.852,10.252
2018-06-15 07:00:00,24.552,30.560867,2.142489,0.282,0.32,0.364,23.102,16.102,10.302
2018-06-15 08:00:00,24.552,30.772411,2.1359549,0.282,0.319,0.364,23.252,16.352,10.302
2018-06-15 09:00:00,24.902,30.344065,2.1944919,0.282,0.319,0.364,23.502,16.602,10.302
2018-06-15 10:00:00,25.152,29.485758,2.254839,0.281,0.319,0.364,23.752,16.852,10.302
2018-06-15 11:00:00,25.352,28.936438,2.299568,0.281,0.319,0.363,23.952,17.052,10.352
2018-06-15 12:00:00,25.102,29.268972,2.2550683,0.28,0.318,0.363,23.702,17.252,10.352
2018-06-15 13:00:00,24.002,32.917244,2.0027342,0.28,0.318,0.363,22.902,17.452,10.352
2018-06-15 14:00:00,22.502,38.459522,1.6783124,0.28,0.318,0.363,21.802,17.552,10.402
2018-06-15 15:00:00,20.852,43.418816,1.3952196,0.28,0.318,0.363,20.602,17.552,10.402
2018-06-15 16:00:00,19.402,47.816635,1.1765375,0.28,0.318,0.363,19.502,17.552,10.402
2018-06-15 17:00:00,18.302,52.09362,1.0084742,0.28,0.318,0.363,18.602,17.502,10.452
2018-06-15 18:00:00,17.152,56.57976,0.850229,0.28,0.318,0.363,17.752,17.402,10.452
2018-06-15 19:00:00,16.102,61.099915,0.7126118,0.28,0.318,0.363,16.952,17.302,10.452
2018-06-15 20:00:00,15.602,63.726856,0.6436075,0.28,0.318,0.363,16.502,17.152,10.502
2018-06-15 21:00:00,14.902,66.2074,0.57326865,0.28,0.318,0.363,16.052,17.002,10.502
2018-06-15 22:00:00,14.302,68.126236,0.5202017,0.28,0.318,0.363,15.602,16.852,10.502
2018-06-15 23:00:00,13.802,71.08778,0.45683205,0.28,0.318,0.363,15.202,16.652,10.502
2018-06-16 00:00:00,13.302,74.18655,0.39482296,0.28,0.318,0.363,14.852,16.502,10.552
2018-06-16 01:00:00,14.102,70.42827,0.47642303,0.28,0.318,0.363,15.152,16.352,10.552
2018-06-16 02:00:00,15.152,61.709915,0.66010296,0.279,0.318,0.363,15.952,16.252,10.552
2018-06-16 03:00:00,16.152,53.32376,0.8578469,0.279,0.318,0.363,16.802,16.202,10.552
2018-06-16 04:00:00,17.102,45.88983,1.056312,0.279,0.318,0.363,17.852,16.152,10.552
2018-06-16 05:00:00,18.102,40.184456,1.2436321,0.279,0.317,0.363,19.202,16.252,10.602
2018-06-16 06:00:00,19.002,36.803356,1.389999,0.279,0.317,0.363,20.502,16.352,10.602
2018-06-16 07:00:00,17.302,62.20895,0.7469994,0.284,0.317,0.363,20.802,16.452,10.602
2018-06-16 08:00:00,16.902,67.30057,0.63019145,0.29,0.317,0.363,19.802,16.552,10.602
2018-06-16 09:00:00,15.852,82.6374,0.31297266,0.302,0.317,0.363,18.602,16.552,10.652
2018-06-16 10:00:00,15.552,86.46792,0.23928666,0.314,0.317,0.363,17.702,16.502,10.652
2018-06-16 11:00:00,15.452,86.176544,0.24288142,0.325,0.317,0.363,17.252,16.452,10.652
2018-06-16 12:00:00,15.452,84.50373,0.2722777,0.329,0.317,0.363,16.852,16.402,10.652
2018-06-16 13:00:00,15.752,79.17557,0.37299943,0.331,0.317,0.363,16.702,16.302,10.652
2018-06-16 14:00:00,15.602,78.8937,0.374444,0.331,0.317,0.363,16.302,16.252,10.702
2018-06-16 15:00:00,15.352,78.33823,0.37820256,0.33,0.317,0.363,16.001999,16.152,10.702
2018-06-16 16:00:00,14.252,82.439865,0.28563595,0.33,0.317,0.363,15.252,16.001999,10.702
2018-06-16 17:00:00,13.152,86.805016,0.19983983,0.33,0.317,0.363,14.552,15.852,10.702
2018-06-16 18:00:00,12.302,89.96205,0.14380336,0.33,0.317,0.363,13.902,15.702,10.702
2018-06-16 19:00:00,11.002,93.86696,0.080640554,0.33,0.317,0.363,13.152,15.502,10.702
2018-06-16 20:00:00,9.852,96.05177,0.048085093,0.33,0.317,0.363,12.302,15.302,10.702
2018-06-16 21:00:00,9.002,97.33463,0.03066051,0.33,0.317,0.363,11.652,15.052,10.702
2018-06-16 22:00:00,8.702,97.65882,0.026391506,0.33,0.317,0.363,11.202,14.802,10.752
2018-06-16 23:00:00,8.452,97.986336,0.022319198,0.33,0.317,0.363,10.802,14.552,10.752
2018-06-17 00:00:00,9.052,97.66525,0.026947975,0.33,0.317,0.363,10.852,14.302,10.752
2018-06-17 01:00:00,10.952,96.40625,0.047095418,0.33,0.317,0.363,11.852,14.152,10.752
2018-06-17 02:00:00,12.302,91.77351,0.11785114,0.33,0.317,0.363,12.802,14.002,10.702
2018-06-17 03:00:00,13.352,87.98175,0.18440175,0.331,0.317,0.363,13.602,13.952,10.702
2018-06-17 04:00:00,13.752,88.01697,0.18870163,0.344,0.317,0.363,14.202,13.902,10.702
2018-06-17 05:00:00,14.152,88.05202,0.1930865,0.375,0.317,0.363,14.352,13.902,10.702
2018-06-17 06:00:00,14.652,79.542206,0.3414756,0.377,0.317,0.363,14.652,13.902,10.702
2018-06-17 07:00:00,15.902,61.25984,0.7006918,0.377,0.317,0.363,15.252,13.902,10.702
2018-06-17 08:00:00,16.652,57.2259,0.8114811,0.376,0.317,0.363,16.352,13.952,10.702
2018-06-17 09:00:00,17.602,50.68177,0.9935732,0.375,0.317,0.362,17.352,14.102,10.702
2018-06-17 10:00:00,18.252,44.646755,1.1616819,0.373,0.317,0.362,17.952,14.252,10.702
2018-06-17 11:00:00,18.852,41.251354,1.2800918,0.372,0.317,0.362,18.402,14.402,10.702
2018-06-17 12:00:00,19.102,39.77506,1.3328738,0.371,0.317,0.362,18.552,14.552,10.702
2018-06-17 13:00:00,19.002,39.059757,1.3403429,0.37,0.317,0.362,18.352,14.652,10.702
2018-06-17 14:00:00,18.302,43.744312,1.1843342,0.369,0.317,0.362,17.652,14.752,10.702
2018-06-17 15:00:00,16.802,62.302494,0.7219676,0.368,0.317,0.362,16.552,14.802,10.702
2018-06-17 16:00:00,15.252,56.87387,0.7482863,0.368,0.317,0.362,15.052,14.752,10.752
2018-06-17 17:00:00,13.352,63.651966,0.55780274,0.368,0.317,0.362,13.752,14.652,10.752
2018-06-17 18:00:00,11.502,69.19785,0.4186843,0.368,0.317,0.362,12.902,14.502,10.752
2018-06-17 19:00:00,10.552,67.813835,0.41079032,0.368,0.317,0.362,12.102,14.302,10.752
2018-06-17 20:00:00,9.952,66.2782,0.4135008,0.368,0.317,0.362,11.602,14.152,10.752
2018-06-17 21:00:00,9.402,65.92499,0.40270704,0.367,0.317,0.362,11.152,13.952,10.752
2018-06-17 22:00:00,9.002,66.070114,0.39034176,0.367,0.317,0.362,10.802,13.752,10.752
2018-06-17 23:00:00,8.752,66.957115,0.37377852,0.367,0.317,0.362,10.502,13.552,10.702
2018-06-18 00:00:00,8.752,67.91104,0.36298752,0.367,0.317,0.362,10.402,13.352,10.702
2018-06-18 01:00:00,10.052,66.3,0.4160056,0.367,0.317,0.362,11.002,13.202,10.702
2018-06-18 02:00:00,12.502,58.992268,0.59534067,0.366,0.317,0.362,12.502,13.102,10.702
2018-06-18 03:00:00,14.902,53.732857,0.7849627,0.365,0.317,0.362,14.302,13.152,10.702
2018-06-18 04:00:00,16.852,49.617435,0.96808004,0.364,0.317,0.362,16.152,13.252,10.702
2018-06-18 05:00:00,18.402,45.779644,1.1486297,0.362,0.317,0.362,17.902,13.452,10.702
2018-06-18 06:00:00,19.452,42.435078,1.3019829,0.36,0.317,0.362,19.302,13.702,10.702
2018-06-18 07:00:00,20.102,39.512493,1.4243023,0.358,0.317,0.362,20.502,13.952,10.702
2018-06-18 08:00:00,20.952,35.225433,1.6072493,0.356,0.316,0.361,21.552,14.302,10.702
2018-06-18 09:00:00,20.952,33.899162,1.640182,0.354,0.316,0.361,21.402,14.602,10.702
2018-06-18 10:00:00,20.952,33.78081,1.6431208,0.353,0.316,0.361,21.002,14.852,10.702
2018-06-18 11:00:00,21.002,33.677166,1.6507499,0.351,0.316,0.361,20.802,15.052,10.702
2018-06-18 12:00:00,21.002,33.20885,1.6624146,0.35,0.316,0.361,20.452,15.252,10.702
2018-06-18 13:00:00,20.602,33.917328,1.6048486,0.349,0.315,0.361,19.752,15.402,10.702
2018-06-18 14:00:00,20.002,37.874725,1.4538833,0.349,0.315,0.361,19.102,15.552,10.702
2018-06-18 15:00:00,18.552,43.96674,1.1982422,0.348,0.315,0.361,18.002,15.602,10.752
2018-06-18 16:00:00,16.952,48.460716,0.99660414,0.348,0.315,0.361,16.902,15.552,10.752
2018-06-18 17:00:00,15.652,51.207104,0.8686078,0.348,0.315,0.361,16.001999,15.502,10.752
2018-06-18 18:00:00,14.252,53.0041,0.76460797,0.348,0.315,0.361,15.052,15.452,10.752
2018-06-18 19:00:00,13.852,50.00896,0.7925571,0.348,0.315,0.361,14.352,15.302,10.752
2018-06-18 20:00:00,13.002,51.023106,0.73469746,0.347,0.316,0.361,13.802,15.152,10.752
2018-06-18 21:00:00,12.102,55.871296,0.62405413,0.347,0.316,0.361,13.252,15.002,10.752
2018-06-18 22:00:00,11.052,61.593803,0.5067408,0.347,0.316,0.361,12.602,14.802,10.752
2018-06-18 23:00:00,10.202,67.2681,0.40812266,0.347,0.316,0.361,11.952,14.652,10.752
2018-06-19 00:00:00,10.152,70.87101,0.36198503,0.347,0.316,0.361,11.752,14.452,10.752
2018-06-19 01:00:00,11.652,70.18875,0.4092458,0.347,0.316,0.361,12.352,14.302,10.752
2018-06-19 02:00:00,13.252,68.60797,0.47860587,0.348,0.316,0.361,13.652,14.202,10.752
2018-06-19 03:00:00,14.102,71.62631,0.45711732,0.349,0.316,0.361,14.652,14.152,10.752
2018-06-19 04:00:00,15.152,69.69047,0.5224873,0.349,0.316,0.361,15.352,14.152,10.752
2018-06-19 05:00:00,16.302,64.53068,0.65806484,0.349,0.315,0.361,16.652,14.252,10.752
2018-06-19 06:00:00,17.402,57.801598,0.83943295,0.349,0.315,0.361,17.552,14.352,10.752
2018-06-19 07:00:00,19.352,48.29247,1.1621891,0.347,0.315,0.36,19.102,14.552,10.752
2018-06-19 08:00:00,20.302,41.808437,1.387217,0.345,0.315,0.36,20.402,14.752,10.752
2018-06-19 09:00:00,20.952,37.88537,1.5412006,0.344,0.315,0.36,20.952,15.002,10.752
2018-06-19 10:00:00,21.302,35.08145,1.6457407,0.342,0.314,0.36,21.102,15.252,10.752
2018-06-19 11:00:00,21.402,32.86081,1.7125218,0.341,0.314,0.36,20.852,15.452,10.802
2018-06-19 12:00:00,21.352,31.492502,1.7421143,0.34,0.314,0.36,20.502,15.602,10.802
2018-06-19 13:00:00,20.802,34.33314,1.6144711,0.339,0.314,0.36,19.802,15.752,10.802
2018-06-19 14:00:00,20.002,38.671864,1.4352162,0.338,0.314,0.36,19.102,15.852,10.802
2018-06-19 15:00:00,18.652,44.45237,1.1952956,0.338,0.314,0.36,18.152,15.852,10.802
2018-06-19 16:00:00,16.902,50.492508,0.9542749,0.338,0.314,0.36,16.952,15.852,10.802
2018-06-19 17:00:00,15.902,55.11916,0.8117997,0.338,0.314,0.36,16.102,15.802,10.802
2018-06-19 18:00:00,15.102,59.223026,0.70073724,0.338,0.314,0.36,15.452,15.702,10.852
2018-06-19 19:00:00,14.302,63.43272,0.5968236,0.338,0.314,0.36,14.852,15.602,10.852
2018-06-19 20:00:00,13.652,65.713234,0.53652596,0.337,0.314,0.36,14.352,15.452,10.852
2018-06-19 21:00:00,12.852,68.76096,0.464005,0.337,0.314,0.36,13.802,15.302,10.852
2018-06-19 22:00:00,11.902,73.18674,0.37419903,0.337,0.314,0.36,13.152,15.152,10.852
2018-06-19 23:00:00,11.252,77.18562,0.30501366,0.337,0.314,0.36,12.652,14.952,10.852
2018-06-20 00:00:00,10.902,79.81157,0.2637148,0.337,0.314,0.36,12.302,14.752,10.852
2018-06-20 01:00:00,12.452,76.59299,0.33867347,0.337,0.314,0.36,12.952,14.602,10.852
2018-06-20 02:00:00,15.352,64.32002,0.62303126,0.337,0.314,0.36,14.702,14.552,10.852
2018-06-20 03:00:00,17.852,55.244736,0.91589296,0.336,0.314,0.36,16.502,14.602,10.852
2018-06-20 04:00:00,19.552,46.41594,1.2194327,0.335,0.314,0.36,18.252,14.752,10.852
2018-06-20 05:00:00,20.902,38.93012,1.5106182,0.334,0.314,0.359,19.702,14.902,10.852
2018-06-20 06:00:00,21.452,35.61502,1.6472437,0.332,0.313,0.359,20.152,15.102,10.852
2018-06-20 07:00:00,22.452,36.024967,1.7394853,0.331,0.313,0.359,21.052,15.352,10.852
2018-06-20 08:00:00,23.102,35.963783,1.8109767,0.33,0.313,0.359,21.852,15.552,10.852
2018-06-20 09:00:00,23.552,35.481594,1.8747633,0.328,0.313,0.359,22.352,15.852,10.902
2018-06-20 10:00:00,24.252,35.559654,1.9527762,0.327,0.312,0.359,23.002,16.102,10.902
2018-06-20 11:00:00,23.902,37.313595,1.8601665,0.327,0.312,0.359,22.802,16.352,10.902
2018-06-20 12:00:00,22.352,43.10858,1.5373694,0.335,0.312,0.359,22.052,16.552,10.902
2018-06-20 13:00:00,21.552,48.40397,1.327907,0.335,0.312,0.359,21.052,16.652,10.902
2018-06-20 14:00:00,21.352,51.339226,1.2371012,0.334,0.312,0.359,20.452,16.752,10.952
2018-06-20 15:00:00,20.402,57.768974,1.0127499,0.334,0.312,0.359,19.502,16.802,10.952
2018-06-20 16:00:00,18.602,61.888424,0.8173846,0.334,0.312,0.359,18.202,16.802,10.952
2018-06-20 17:00:00,17.102,64.92288,0.68463516,0.334,0.312,0.359,17.102,16.702,10.952
2018-06-20 18:00:00,16.352,64.54173,0.6599541,0.334,0.312,0.359,16.402,16.602,10.952
2018-06-20 19:00:00,15.502,63.061096,0.6512455,0.334,0.312,0.359,15.752,16.502,11.002
2018-06-20 20:00:00,14.452,66.78676,0.5473429,0.334,0.312,0.359,14.952,16.352,11.002
2018-06-20 21:00:00,14.002,67.60397,0.51856804,0.334,0.312,0.358,14.502,16.202,11.002
2018-06-20 22:00:00,13.702,67.5414,0.5095637,0.334,0.312,0.358,14.052,16.001999,11.002
2018-06-20 23:00:00,13.402,69.579124,0.46834767,0.334,0.312,0.358,13.702,15.802,11.002
2018-06-21 00:00:00,13.352,71.72772,0.43384814,0.334,0.312,0.358,13.552,15.652,11.002
2018-06-21 01:00:00,15.252,68.55057,0.5456308,0.333,0.312,0.358,14.352,15.502,11.002
2018-06-21 02:00:00,18.252,58.011204,0.8810835,0.333,0.312,0.358,16.052,15.452,11.002
2018-06-21 03:00:00,21.152,46.858257,1.3346725,0.332,0.312,0.358,18.052,15.502,11.052
2018-06-21 04:00:00,23.802,38.829,1.8042961,0.331,0.312,0.358,20.052,15.702,11.052
2018-06-21 05:00:00,26.102,32.615963,2.279264,0.329,0.311,0.358,22.002,15.902,11.052
2018-06-21 06:00:00,27.802,25.13297,2.79809,0.328,0.311,0.358,23.502,16.202,11.052
2018-06-21 07:00:00,27.702,24.168024,2.8177423,0.326,0.311,0.358,23.752,16.502,11.052
2018-06-21 08:00:00,28.452,22.50007,3.008125,0.324,0.311,0.358,24.402,16.802,11.052
2018-06-21 09:00:00,28.652,22.24025,3.05339,0.322,0.31,0.357,24.602,17.052,11.102
2018-06-21 10:00:00,28.452,23.538927,2.9677398,0.321,0.31,0.357,24.402,17.352,11.102
2018-06-21 11:00:00,27.902,24.986689,2.819934,0.32,0.31,0.357,23.952,17.552,11.102
2018-06-21 12:00:00,28.002,24.670387,2.8483648,0.319,0.31,0.357,23.802,17.752,11.102
2018-06-21 13:00:00,27.352,25.981983,2.6946378,0.318,0.31,0.357,23.402,17.952,11.152
2018-06-21 14:00:00,25.752,32.18761,2.2468448,0.318,0.31,0.357,22.702,18.052,11.152
2018-06-21 15:00:00,23.002,43.581394,1.5857595,0.317,0.309,0.357,21.602,18.102,11.152
2018-06-21 16:00:00,20.652,55.21876,1.0905917,0.317,0.309,0.357,20.352,18.152,11.202
2018-06-21 17:00:00,19.502,62.71079,0.8458066,0.317,0.309,0.357,19.402,18.102,11.202
2018-06-21 18:00:00,18.102,71.42396,0.59393144,0.318,0.309,0.357,18.452,18.002,11.202
2018-06-21 19:00:00,18.102,68.21849,0.6605799,0.318,0.31,0.357,17.752,17.902,11.202
2018-06-21 20:00:00,17.302,71.981476,0.55377126,0.318,0.31,0.357,17.152,17.752,11.252
2018-06-21 21:00:00,16.402,77.217514,0.4253254,0.318,0.31,0.357,16.602,17.602,11.252
2018-06-21 22:00:00,15.252,83.10771,0.29303288,0.318,0.31,0.357,16.052,17.452,11.252
2018-06-21 23:00:00,14.802,85.5483,0.2435503,0.318,0.31,0.357,15.602,17.252,11.252
2018-06-22 00:00:00,14.902,84.72049,0.25916445,0.318,0.31,0.357,15.452,17.102,11.302
2018-06-22 01:00:00,16.302,78.73691,0.39443934,0.318,0.31,0.357,16.052,16.952,11.302
2018-06-22 02:00:00,18.602,68.095856,0.68420136,0.318,0.31,0.357,17.302,16.902,11.302
2018-06-22 03:00:00,20.602,60.14259,0.9676317,0.317,0.309,0.357,18.452,16.902,11.302
2018-06-22 04:00:00,22.702,50.683937,1.3610654,0.317,0.309,0.357,20.002,16.952,11.302
2018-06-22 05:00:00,24.352,41.543312,1.7818903,0.316,0.309,0.357,21.552,17.102,11.352
2018-06-22 06:00:00,25.252,32.709507,2.1644504,0.314,0.309,0.357,22.752,17.252,11.352
2018-06-22 07:00:00,24.352,30.504696,2.1187615,0.313,0.309,0.356,23.302,17.452,11.352
2018-06-22 08:00:00,25.202,27.050825,2.3397322,0.312,0.308,0.356,24.202,17.702,11.352
2018-06-22 09:00:00,25.852,24.524763,2.5159009,0.31,0.308,0.356,24.852,17.952,11.402
2018-06-22 10:00:00,25.702,23.30652,2.5339785,0.309,0.308,0.356,24.852,18.152,11.402
2018-06-22 11:00:00,24.752,24.488682,2.3580143,0.308,0.308,0.356,24.252,18.352,11.402
2018-06-22 12:00:00,23.902,26.787764,2.1728559,0.307,0.307,0.356,23.702,18.502,11.402
2018-06-22 13:00:00,23.252,28.153343,2.0505486,0.306,0.307,0.356,23.052,18.602,11.452
2018-06-22 14:00:00,21.902,32.20748,1.7827749,0.306,0.307,0.355,22.102,18.652,11.452
2018-06-22 15:00:00,19.902,37.845932,1.4455926,0.305,0.307,0.355,20.752,18.652,11.452
2018-06-22 16:00:00,18.002,43.507908,1.1671546,0.305,0.307,0.355,19.352,18.602,11.502
2018-06-22 17:00:00,16.552,48.855015,0.9642203,0.305,0.307,0.355,18.152,18.452,11.502
2018-06-22 18:00:00,15.502,52.786037,0.832465,0.305,0.307,0.355,17.152,18.302,11.502
2018-06-22 19:00:00,14.852,54.84708,0.76359373,0.305,0.307,0.355,16.352,18.102,11.552
2018-06-22 20:00:00,13.952,57.931427,0.6712639,0.305,0.307,0.355,15.602,17.902,11.552
2018-06-22 21:00:00,13.252,60.003464,0.6098221,0.305,0.307,0.355,15.002,17.652,11.552
2018-06-22 22:00:00,12.852,61.1665,0.57683265,0.305,0.307,0.355,14.502,17.452,11.552
2018-06-22 23:00:00,12.402,62.99714,0.5336789,0.305,0.307,0.355,14.102,17.202,11.602
2018-06-23 00:00:00,12.352,64.08591,0.5162771,0.305,0.307,0.355,13.902,16.952,11.602
2018-06-23 01:00:00,13.752,62.659153,0.5881334,0.305,0.307,0.355,14.502,16.752,11.602
2018-06-23 02:00:00,16.252,53.167267,0.86621964,0.304,0.307,0.355,16.102,16.652,11.602
2018-06-23 03:00:00,18.152,47.96258,1.0852368,0.304,0.307,0.355,17.802,16.652,11.602
2018-06-23 04:00:00,19.802,44.017498,1.2939351,0.303,0.307,0.355,19.552,16.702,11.602
2018-06-23 05:00:00,20.952,41.849945,1.4427601,0.302,0.307,0.355,21.052,16.852,11.602
2018-06-23 06:00:00,21.852,39.470264,1.5867931,0.302,0.306,0.355,22.152,17.002,11.652
2018-06-23 07:00:00,21.602,41.891525,1.5002239,0.301,0.306,0.355,21.702,17.152,11.652
2018-06-23 08:00:00,22.052,41.173218,1.5610027,0.301,0.306,0.355,22.202,17.302,11.652
2018-06-23 09:00:00,22.202,40.38541,1.5964153,0.3,0.306,0.355,22.352,17.452,11.652
2018-06-23 10:00:00,22.702,38.779408,1.6899295,0.3,0.306,0.355,23.002,17.652,11.652
2018-06-23 11:00:00,22.452,39.506573,1.644739,0.299,0.306,0.354,22.802,17.802,11.702
2018-06-23 12:00:00,22.052,40.617954,1.5757492,0.299,0.306,0.354,22.302,17.902,11.702
2018-06-23 13:00:00,21.652,42.76684,1.4821229,0.298,0.305,0.354,21.602,18.002,11.702
2018-06-23 14:00:00,21.202,46.090187,1.3581284,0.298,0.305,0.354,21.002,18.052,11.702
2018-06-23 15:00:00,20.002,51.49662,1.1349155,0.298,0.305,0.354,20.052,18.052,11.702
2018-06-23 16:00:00,18.602,56.563084,0.93165636,0.298,0.305,0.354,18.952,18.002,11.752
2018-06-23 17:00:00,17.452,61.41652,0.7699169,0.298,0.305,0.354,18.102,17.902,11.752
2018-06-23 18:00:00,16.402,66.52684,0.62497735,0.298,0.305,0.354,17.302,17.802,11.752
2018-06-23 19:00:00,16.152,67.14442,0.6037675,0.298,0.305,0.354,16.902,17.652,11.752
2018-06-23 20:00:00,15.302,71.372086,0.49826086,0.298,0.305,0.354,16.252,17.502,11.802
2018-06-23 21:00:00,14.552,75.65632,0.40374207,0.298,0.305,0.354,15.752,17.352,11.802
2018-06-23 22:00:00,13.802,80.21938,0.3125248,0.298,0.305,0.354,15.202,17.152,11.802
2018-06-23 23:00:00,13.052,85.93434,0.21164298,0.298,0.305,0.354,14.702,16.952,11.802
2018-06-24 00:00:00,12.702,89.69393,0.1515646,0.298,0.305,0.354,14.402,16.752,11.802
2018-06-24 01:00:00,14.302,84.6546,0.2504133,0.298,0.305,0.354,15.152,16.602,11.802
2018-06-24 02:00:00,16.302,77.20199,0.4229194,0.298,0.305,0.354,16.752,16.552,11.802
2018-06-24 03:00:00,18.202,67.34686,0.68297005,0.297,0.305,0.354,18.502,16.602,11.802
2018-06-24 04:00:00,19.702,56.273865,1.0042628,0.297,0.305,0.354,20.202,16.702,11.852
2018-06-24 05:00:00,20.752,48.83795,1.2537775,0.296,0.305,0.354,21.452,16.852,11.852
2018-06-24 06:00:00,21.552,46.032043,1.3889997,0.296,0.305,0.354,22.702,17.052,11.852
2018-06-24 07:00:00,22.602,44.501747,1.5225917,0.295,0.305,0.354,23.902,17.252,11.852
2018-06-24 08:00:00,23.252,43.36043,1.6161644,0.295,0.304,0.353,24.852,17.552,11.852
2018-06-24 09:00:00,23.552,42.157494,1.680597,0.294,0.304,0.353,25.152,17.802,11.852
2018-06-24 10:00:00,24.052,40.771618,1.7733217,0.293,0.304,0.353,25.652,18.102,11.902
2018-06-24 11:00:00,22.252,48.27172,1.3892783,0.303,0.304,0.353,24.902,18.302,11.902
2018-06-24 12:00:00,19.252,71.17359,0.64371145,0.307,0.304,0.353,22.902,18.452,11.902
2018-06-24 13:00:00,19.302,68.45979,0.70652866,0.307,0.304,0.353,21.602,18.502,11.902
2018-06-24 14:00:00,19.302,66.695724,0.7460624,0.307,0.304,0.353,20.852,18.502,11.952
2018-06-24 15:00:00,18.702,69.466064,0.6589049,0.307,0.304,0.353,20.002,18.502,11.952
2018-06-24 16:00:00,17.202,75.09972,0.48902857,0.307,0.304,0.353,18.802,18.402,11.952
2018-06-24 17:00:00,16.152,78.71495,0.39109755,0.307,0.304,0.353,17.852,18.302,11.952
2018-06-24 18:00:00,15.402,81.2371,0.32863116,0.307,0.304,0.353,17.152,18.152,12.002
2018-06-24 19:00:00,14.602,84.13172,0.26400614,0.307,0.304,0.353,16.502,17.952,12.002
2018-06-24 20:00:00,14.002,85.74741,0.22811043,0.307,0.304,0.353,15.952,17.802,12.002
2018-06-24 21:00:00,13.452,87.99057,0.18546891,0.307,0.304,0.353,15.452,17.602,12.002
2018-06-24 22:00:00,12.952,90.30883,0.14486802,0.307,0.304,0.353,15.002,17.402,12.002
2018-06-24 23:00:00,12.602,92.401634,0.111013055,0.307,0.304,0.353,14.652,17.202,12.002
2018-06-25 00:00:00,12.702,93.02008,0.10264647,0.307,0.304,0.353,14.552,17.002,12.052
2018-06-25 01:00:00,13.552,89.463326,0.1637832,0.307,0.304,0.353,14.952,16.802,12.052
2018-06-25 02:00:00,14.802,83.05369,0.2855978,0.307,0.304,0.353,15.802,16.702,12.052
2018-06-25 03:00:00,15.802,77.63435,0.40189183,0.307,0.304,0.353,16.702,16.652,12.052
2018-06-25 04:00:00,17.102,73.137825,0.52424955,0.307,0.304,0.353,18.052,16.652,12.052
2018-06-25 05:00:00,17.752,72.300354,0.5632006,0.307,0.304,0.353,18.852,16.652,12.052
2018-06-25 06:00:00,18.902,66.830894,0.72477496,0.308,0.303,0.353,19.952,16.752,12.052
2018-06-25 07:00:00,18.802,70.62796,0.6377878,0.309,0.303,0.353,20.302,16.852,12.052
2018-06-25 08:00:00,19.502,62.71079,0.8458066,0.309,0.303,0.353,20.602,16.952,12.052
2018-06-25 09:00:00,19.952,61.588364,0.89589036,0.309,0.303,0.353,21.002,17.102,12.102
2018-06-25 10:00:00,20.152,60.6313,0.92963374,0.309,0.303,0.353,20.952,17.202,12.102
2018-06-25 11:00:00,20.702,56.523594,1.0620526,0.309,0.303,0.352,21.452,17.302,12.102
2018-06-25 12:00:00,20.352,57.566483,1.0144798,0.319,0.303,0.352,21.252,17.402,12.102
2018-06-25 13:00:00,18.002,73.53648,0.54657185,0.351,0.303,0.352,20.202,17.502,12.102
2018-06-25 14:00:00,17.202,78.35607,0.42505968,0.354,0.303,0.352,19.002,17.452,12.102
2018-06-25 15:00:00,16.852,79.074684,0.40195286,0.354,0.303,0.352,18.102,17.402,12.102
2018-06-25 16:00:00,15.902,81.83667,0.32845438,0.354,0.303,0.352,17.202,17.352,12.102
2018-06-25 17:00:00,15.052,83.35728,0.2850232,0.354,0.303,0.352,16.402,17.202,12.152
2018-06-25 18:00:00,14.252,83.8146,0.2632712,0.354,0.303,0.352,15.702,17.052,12.152
2018-06-25 19:00:00,13.802,89.48278,0.16615462,0.354,0.303,0.352,15.252,16.902,12.152
2018-06-25 20:00:00,13.352,89.152824,0.1664319,0.354,0.303,0.352,14.852,16.752,12.152
2018-06-25 21:00:00,12.802,89.10863,0.16122353,0.354,0.303,0.352,14.402,16.552,12.152
2018-06-25 22:00:00,12.502,88.78861,0.16273522,0.354,0.303,0.352,14.102,16.402,12.152
2018-06-25 23:00:00,12.202,89.35739,0.15146899,0.354,0.303,0.352,13.802,16.202,12.152
2018-06-26 00:00:00,12.302,89.068214,0.15660942,0.355,0.303,0.352,13.752,16.001999,12.152
2018-06-26 01:00:00,13.002,89.12473,0.16310108,0.368,0.303,0.352,14.102,15.852,12.152
2018-06-26 02:00:00,13.902,87.74058,0.1949408,0.376,0.303,0.352,14.652,15.752,12.152
2018-06-26 03:00:00,14.102,90.68805,0.14999735,0.385,0.304,0.352,14.952,15.652,12.152
2018-06-26 04:00:00,14.102,94.316925,0.09154022,0.394,0.304,0.352,15.102,15.602,12.152
2018-06-26 05:00:00,14.202,92.79507,0.11680806,0.4,0.304,0.352,15.052,15.502,12.152
2018-06-26 06:00:00,14.752,89.556206,0.17543459,0.402,0.304,0.352,15.152,15.452,12.152
2018-06-26 07:00:00,16.302,83.23275,0.31102467,0.402,0.304,0.352,15.852,15.402,12.152
2018-06-26 08:00:00,17.052,80.92501,0.37106574,0.401,0.305,0.352,16.652,15.452,12.152
2018-06-26 09:00:00,17.952,78.46665,0.44332635,0.401,0.305,0.352,17.402,15.502,12.152
2018-06-26 10:00:00,19.452,70.52182,0.6664947,0.399,0.305,0.352,18.602,15.602,12.152
2018-06-26 11:00:00,20.202,65.165855,0.82504606,0.398,0.305,0.352,19.152,15.702,12.152
2018-06-26 12:00:00,20.552,63.565617,0.88177073,0.397,0.305,0.352,19.552,15.852,12.152
2018-06-26 13:00:00,20.352,64.56476,0.8470855,0.395,0.305,0.352,19.302,15.952,12.152
2018-06-26 14:00:00,19.552,70.08491,0.68058383,0.395,0.305,0.352,18.852,16.052,12.152
2018-06-26 15:00:00,18.252,76.0102,0.5032886,0.397,0.305,0.352,18.002,16.102,12.152
2018-06-26 16:00:00,16.752,84.37291,0.29826748,0.404,0.306,0.352,17.102,16.102,12.152
2018-06-26 17:00:00,16.152,87.655594,0.22679842,0.405,0.306,0.352,16.502,16.052,12.152
2018-06-26 18:00:00,15.452,91.07554,0.15679753,0.404,0.306,0.352,16.001999,16.001999,12.152
2018-06-26 19:00:00,14.902,94.96463,0.08539939,0.404,0.306,0.352,15.602,15.902,12.152
2018-06-26 20:00:00,14.802,96.51099,0.05879295,0.403,0.306,0.352,15.402,15.852,12.152
2018-06-26 21:00:00,14.902,96.82612,0.053827643,0.403,0.307,0.352,15.252,15.752,12.152
2018-06-26 22:00:00,15.002,97.141655,0.048788548,0.402,0.307,0.352,15.252,15.702,12.152
2018-06-26 23:00:00,15.052,97.456635,0.043551803,0.402,0.307,0.352,15.252,15.602,12.152
2018-06-27 00:00:00,15.102,97.457596,0.043674946,0.401,0.307,0.352,15.252,15.552,12.152
2018-06-27 01:00:00,15.302,96.83579,0.0550586,0.406,0.307,0.352,15.352,15.502,12.152
2018-06-27 02:00:00,15.452,97.151474,0.05004394,0.417,0.308,0.352,15.502,15.452,12.152
2018-06-27 03:00:00,15.752,96.53613,0.062031984,0.419,0.308,0.352,15.752,15.402,12.152
2018-06-27 04:00:00,16.152,94.40406,0.1028043,0.42,0.308,0.352,16.052,15.402,12.152
2018-06-27 05:00:00,16.902,88.85884,0.2146641,0.419,0.309,0.352,16.402,15.402,12.152
2018-06-27 06:00:00,18.202,83.18835,0.3515631,0.419,0.309,0.352,17.252,15.452,12.152
2018-06-27 07:00:00,19.752,72.19309,0.64048743,0.42,0.309,0.352,18.402,15.552,12.152
2018-06-27 08:00:00,19.502,74.75402,0.5725455,0.425,0.309,0.352,18.352,15.652,12.152
2018-06-27 09:00:00,20.102,73.19163,0.6309799,0.427,0.31,0.352,18.752,15.752,12.152
2018-06-27 10:00:00,19.402,77.42744,0.50873244,0.464,0.31,0.352,18.752,15.852,12.152
2018-06-27 11:00:00,17.852,90.94212,0.18528724,0.483,0.312,0.352,18.102,15.902,12.152
2018-06-27 12:00:00,17.502,93.266624,0.13473606,0.49,0.316,0.352,17.602,15.952,12.152
2018-06-27 13:00:00,17.002,93.24156,0.13103902,0.496,0.32,0.352,17.252,15.952,12.152
2018-06-27 14:00:00,16.752,95.03438,0.09476519,0.488,0.325,0.352,16.952,15.952,12.152
2018-06-27 15:00:00,16.502,94.418755,0.10483992,0.482,0.328,0.352,16.652,15.902,12.152
2018-06-27 16:00:00,15.802,96.53745,0.062206745,0.48,0.33,0.352,16.202,15.902,12.152
2018-06-27 17:00:00,15.552,97.466354,0.04479742,0.48,0.332,0.352,15.952,15.852,12.152
2018-06-27 18:00:00,15.352,97.462456,0.04429567,0.482,0.334,0.352,15.802,15.752,12.152
2018-06-27 19:00:00,14.902,95.891396,0.06968081,0.477,0.336,0.352,15.502,15.702,12.152
2018-06-27 20:00:00,14.652,96.506996,0.05829501,0.472,0.338,0.352,15.252,15.652,12.152
2018-06-27 21:00:00,14.402,97.12849,0.04715681,0.468,0.339,0.352,15.052,15.552,12.152
2018-06-27 22:00:00,14.152,97.75595,0.036262035,0.465,0.34,0.352,14.852,15.452,12.152
2018-06-27 23:00:00,14.152,98.073784,0.031126022,0.462,0.341,0.352,14.752,15.352,12.152
2018-06-28 00:00:00,14.202,98.39316,0.026049256,0.459,0.342,0.352,14.702,15.302,12.152
2018-06-28 01:00:00,14.902,94.96463,0.08539939,0.457,0.343,0.352,14.952,15.252,12.152
2018-06-28 02:00:00,15.652,91.38395,0.15332592,0.455,0.344,0.352,15.302,15.202,12.152
2018-06-28 03:00:00,16.402,85.991684,0.2614963,0.454,0.344,0.352,16.102,15.202,12.152
2018-06-28 04:00:00,17.102,80.93166,0.37211037,0.453,0.345,0.352,16.502,15.202,12.152
2018-06-28 05:00:00,18.402,76.03434,0.5075233,0.451,0.345,0.352,18.302,15.352,12.152
2018-06-28 06:00:00,19.602,74.05229,0.5921242,0.449,0.346,0.352,19.552,15.502,12.152
2018-06-28 07:00:00,19.902,78.75036,0.49396718,0.448,0.346,0.352,20.152,15.702,12.152
2018-06-28 08:00:00,20.202,72.97442,0.64002943,0.447,0.347,0.352,20.152,15.852,12.152
2018-06-28 09:00:00,20.502,71.63511,0.68428755,0.445,0.347,0.352,20.252,16.052,12.152
2018-06-28 10:00:00,21.202,66.87298,0.8343024,0.442,0.347,0.352,20.852,16.252,12.152
2018-06-28 11:00:00,21.202,68.61613,0.79038,0.441,0.347,0.352,21.102,16.452,12.152
2018-06-28 12:00:00,20.952,70.57781,0.7296953,0.439,0.348,0.352,20.752,16.602,12.152
2018-06-28 13:00:00,20.652,71.66258,0.68995917,0.438,0.348,0.352,20.252,16.702,12.152
2018-06-28 14:00:00,19.802,75.52789,0.56539595,0.438,0.348,0.352,19.502,16.802,12.152
2018-06-28 15:00:00,18.452,78.53992,0.4558711,0.437,0.348,0.352,18.552,16.802,12.152
2018-06-28 16:00:00,17.352,83.62604,0.3246013,0.436,0.349,0.352,17.652,16.802,12.202
2018-06-28 17:00:00,16.502,87.97051,0.22598219,0.435,0.349,0.352,16.952,16.752,12.202
2018-06-28 18:00:00,15.702,91.68314,0.14847493,0.434,0.349,0.352,16.352,16.652,12.202
2018-06-28 19:00:00,15.302,94.97983,0.08735466,0.433,0.35,0.352,16.001999,16.552,12.202
2018-06-28 20:00:00,15.002,95.89452,0.070076466,0.432,0.35,0.352,15.702,16.452,12.202
2018-06-28 21:00:00,14.702,96.50836,0.058460355,0.431,0.35,0.352,15.452,16.302,12.202
2018-06-28 22:00:00,14.252,97.44099,0.041619778,0.43,0.351,0.352,15.102,16.202,12.202
2018-06-28 23:00:00,14.102,97.75508,0.0361588,0.43,0.351,0.352,14.952,16.052,12.202
2018-06-29 00:00:00,14.152,98.392525,0.025974989,0.429,0.351,0.352,14.902,15.952,12.202
2018-06-29 01:00:00,15.352,94.3703,0.0982759,0.428,0.351,0.352,15.402,15.852,12.202
2018-06-29 02:00:00,16.402,89.68194,0.19260144,0.427,0.352,0.352,16.052,15.802,12.202
2018-06-29 03:00:00,17.302,84.43377,0.30761456,0.427,0.352,0.352,16.802,15.802,12.202
2018-06-29 04:00:00,19.052,72.77054,0.60052466,0.427,0.352,0.351,18.002,15.902,12.202
2018-06-29 05:00:00,20.502,63.55453,0.87933016,0.425,0.352,0.351,19.202,16.001999,12.202
2018-06-29 06:00:00,21.602,57.68307,1.0922717,0.422,0.352,0.351,20.202,16.152,12.202
2018-06-29 07:00:00,22.802,64.264984,0.99200344,0.42,0.351,0.351,21.352,16.352,12.202
2018-06-29 08:00:00,23.752,58.390812,1.2232106,0.418,0.351,0.351,22.152,16.602,12.202
2018-06-29 09:00:00,22.052,70.11158,0.7927501,0.46,0.351,0.351,22.002,16.802,12.252
2018-06-29 10:00:00,22.102,71.926186,0.7468643,0.458,0.352,0.351,21.552,17.002,12.252
2018-06-29 11:00:00,22.502,70.419846,0.80628896,0.455,0.353,0.351,21.552,17.152,12.252
2018-06-29 12:00:00,23.152,67.699905,0.9157407,0.453,0.353,0.351,21.802,17.352,12.252
2018-06-29 13:00:00,22.752,70.9141,0.8048966,0.458,0.354,0.351,21.502,17.502,12.252
2018-06-29 14:00:00,21.852,77.06423,0.6009171,0.461,0.354,0.351,20.802,17.552,12.252
2018-06-29 15:00:00,20.002,85.53379,0.33833122,0.467,0.355,0.351,19.852,17.602,12.302
2018-06-29 16:00:00,18.952,89.30534,0.23434806,0.467,0.356,0.351,19.002,17.602,12.302
2018-06-29 17:00:00,18.152,94.48719,0.11490607,0.464,0.357,0.351,18.352,17.552,12.302
2018-06-29 18:00:00,16.852,96.87286,0.060056686,0.462,0.358,0.351,17.452,17.502,12.302
2018-06-29 19:00:00,16.302,96.24223,0.06969476,0.46,0.359,0.351,16.802,17.352,12.302
2018-06-29 20:00:00,15.402,97.777374,0.038922668,0.458,0.359,0.351,16.352,17.252,12.302
2018-06-29 21:00:00,14.952,97.769714,0.037946463,0.456,0.36,0.351,15.952,17.102,12.302
2018-06-29 22:00:00,14.352,98.07677,0.03148198,0.454,0.361,0.351,15.502,16.952,12.352
2018-06-29 23:00:00,13.902,98.070076,0.030685782,0.452,0.361,0.351,15.152,16.802,12.352
2018-06-30 00:00:00,14.402,97.12849,0.04715681,0.451,0.362,0.351,15.052,16.602,12.352
2018-06-30 01:00:00,15.952,93.18846,0.12355459,0.449,0.362,0.351,15.802,16.502,12.352
2018-06-30 02:00:00,18.202,83.72378,0.34036374,0.448,0.363,0.351,17.252,16.502,12.352
2018-06-30 03:00:00,20.052,75.56853,0.5732441,0.447,0.363,0.351,18.152,16.502,12.352
2018-06-30 04:00:00,21.902,64.27595,0.9390149,0.444,0.363,0.351,19.852,16.652,12.352
2018-06-30 05:00:00,23.152,56.575565,1.231363,0.441,0.363,0.351,21.502,16.802,12.352
2018-06-30 06:00:00,24.052,52.21601,1.4303845,0.437,0.363,0.351,22.852,17.052,12.352
2018-06-30 07:00:00,24.802,50.085438,1.5626578,0.433,0.363,0.351,23.552,17.352,12.352
2018-06-30 08:00:00,25.052,48.07596,1.6499861,0.43,0.362,0.351,24.002,17.602,12.402
2018-06-30 09:00:00,25.252,46.890896,1.707846,0.427,0.362,0.351,24.202,17.902,12.402
2018-06-30 10:00:00,25.152,47.634842,1.6739326,0.424,0.362,0.35,24.052,18.102,12.402
2018-06-30 11:00:00,25.102,48.403664,1.6444404,0.421,0.362,0.35,24.052,18.352,12.402
2018-06-30 12:00:00,24.602,51.684322,1.4946382,0.419,0.361,0.35,23.602,18.502,12.452
2018-06-30 13:00:00,23.952,57.32295,1.2697651,0.417,0.361,0.35,23.052,18.652,12.452
2018-06-30 14:00:00,23.002,63.898613,1.01436,0.416,0.361,0.35,22.302,18.752,12.452
2018-06-30 15:00:00,21.502,70.681114,0.7520145,0.416,0.361,0.35,21.202,18.802,12.452
2018-06-30 16:00:00,20.152,77.0479,0.5418545,0.415,0.361,0.35,20.252,18.752,12.502
2018-06-30 17:00:00,19.052,83.2881,0.36851656,0.415,0.362,0.35,19.402,18.702,12.502
2018-06-30 18:00:00,18.252,88.12176,0.24915934,0.414,0.362,0.35,18.752,18.602,12.502
2018-06-30 19:00:00,17.952,89.512405,0.21588814,0.414,0.362,0.35,18.302,18.502,12.502
2018-06-30 20:00:00,17.452,91.79007,0.16376841,0.414,0.362,0.35,17.902,18.402,12.552
2018-06-30 21:00:00,16.902,93.53498,0.124558926,0.413,0.362,0.35,17.502,18.252,12.552
2018-06-30 22:00:00,16.552,94.72344,0.09943092,0.413,0.362,0.35,17.202,18.102,12.552
2018-06-30 23:00:00,16.452,95.63314,0.08176792,0.413,0.362,0.35,17.052,18.002,12.552
2018-07-01 00:00:00,16.752,94.73138,0.10054827,0.412,0.362,0.35,17.052,17.852,12.552
2018-07-01 01:00:00,17.502,90.34009,0.19330347,0.412,0.362,0.35,17.452,17.752,12.602
2018-07-01 02:00:00,18.252,85.080894,0.31295633,0.411,0.362,0.35,18.002,17.702,12.602
2018-07-01 03:00:00,18.902,80.39165,0.4283849,0.411,0.362,0.35,18.702,17.652,12.602
2018-07-01 04:00:00,19.752,74.555786,0.5860472,0.41,0.362,0.35,19.352,17.652,12.602
2018-07-01 05:00:00,20.652,69.17274,0.75060964,0.41,0.362,0.35,20.202,17.702,12.602
2018-07-01 06:00:00,21.352,65.200966,0.88451123,0.408,0.362,0.35,20.952,17.802,12.602
2018-07-01 07:00:00,21.452,64.802795,0.90012026,0.407,0.362,0.35,21.402,17.902,12.652
2018-07-01 08:00:00,22.302,61.328175,1.0415598,0.406,0.361,0.35,22.302,18.052,12.652
2018-07-01 09:00:00,23.002,57.648575,1.1900966,0.404,0.361,0.35,22.902,18.252,12.652
2018-07-01 10:00:00,23.152,56.575565,1.231363,0.403,0.361,0.35,22.952,18.402,12.652
2018-07-01 11:00:00,23.102,56.93101,1.2175996,0.402,0.361,0.35,22.752,18.552,12.652
2018-07-01 12:00:00,22.952,57.26428,1.197284,0.401,0.36,0.35,22.552,18.652,12.702
2018-07-01 13:00:00,22.302,60.933228,1.0522035,0.4,0.36,0.35,22.052,18.752,12.702
2018-07-01 14:00:00,21.702,64.232445,0.9287751,0.399,0.36,0.35,21.402,18.802,12.702
2018-07-01 15:00:00,20.702,68.07642,0.77970743,0.399,0.36,0.35,20.602,18.802,12.702
2018-07-01 16:00:00,19.552,72.859436,0.61743855,0.399,0.36,0.35,19.702,18.752,12.752
2018-07-01 17:00:00,18.602,77.55517,0.48128414,0.398,0.36,0.35,18.952,18.652,12.752
2018-07-01 18:00:00,17.852,81.030655,0.38808298,0.398,0.36,0.35,18.352,18.552,12.752
2018-07-01 19:00:00,17.702,81.0109,0.38484275,0.398,0.36,0.35,17.952,18.452,12.752
2018-07-01 20:00:00,17.252,83.07578,0.3334024,0.398,0.36,0.35,17.552,18.302,12.752
2018-07-01 21:00:00,17.002,84.40061,0.30248594,0.397,0.361,0.35,17.252,18.152,12.802
2018-07-01 22:00:00,16.702,86.30028,0.26064813,0.397,0.361,0.35,17.002,18.052,12.802
2018-07-01 23:00:00,16.252,89.38157,0.19632876,0.397,0.361,0.35,16.702,17.902,12.802
2018-07-02 00:00:00,16.252,90.251144,0.18024921,0.397,0.361,0.35,16.552,17.752,12.802
2018-07-02 01:00:00,17.252,87.19135,0.25231457,0.397,0.361,0.35,17.052,17.652,12.802
2018-07-02 02:00:00,18.952,80.14116,0.43521178,0.396,0.361,0.35,18.152,17.602,12.802
2018-07-02 03:00:00,20.752,72.37309,0.6767969,0.395,0.361,0.35,19.502,17.602,12.802
2018-07-02 04:00:00,22.452,64.80939,0.95640504,0.393,0.36,0.35,20.952,17.702,12.852
2018-07-02 05:00:00,24.002,54.099987,1.3698338,0.391,0.36,0.349,22.302,17.852,12.852
2018-07-02 06:00:00,24.752,47.526897,1.6379516,0.389,0.359,0.349,23.052,18.052,12.852
2018-07-02 07:00:00,25.102,47.311592,1.6792811,0.387,0.359,0.349,23.602,18.252,12.852
2018-07-02 08:00:00,25.602,44.73989,1.8143371,0.384,0.358,0.349,24.252,18.502,12.852
2018-07-02 09:00:00,25.502,44.859154,1.7997295,0.382,0.358,0.349,24.252,18.702,12.902
2018-07-02 10:00:00,25.702,43.752228,1.8577594,0.38,0.357,0.349,24.352,18.902,12.902
2018-07-02 11:00:00,25.552,43.56741,1.8473996,0.378,0.357,0.349,24.102,19.052,12.902
2018-07-02 12:00:00,25.352,44.233368,1.804067,0.376,0.356,0.349,23.802,19.202,12.902
2018-07-02 13:00:00,24.752,47.99528,1.6233169,0.375,0.356,0.349,23.352,19.352,12.952
2018-07-02 14:00:00,23.902,50.66846,1.4635378,0.374,0.356,0.349,22.702,19.402,12.952
2018-07-02 15:00:00,22.202,54.527668,1.2174398,0.373,0.356,0.349,21.652,19.452,12.952
2018-07-02 16:00:00,20.552,57.42595,1.0304505,0.373,0.356,0.349,20.502,19.402,12.952
2018-07-02 17:00:00,19.352,59.846657,0.90236783,0.373,0.356,0.349,19.502,19.302,13.002
2018-07-02 18:00:00,18.252,62.842464,0.77966225,0.373,0.356,0.349,18.702,19.152,13.002
2018-07-02 19:00:00,17.552,63.10281,0.74090636,0.373,0.356,0.349,18.002,19.002,13.002
2018-07-02 20:00:00,16.702,67.035446,0.6273067,0.373,0.356,0.349,17.402,18.852,13.002
2018-07-02 21:00:00,15.902,71.24735,0.52,0.372,0.356,0.349,16.802,18.652,13.052
2018-07-02 22:00:00,15.202,75.26181,0.4277954,0.372,0.356,0.349,16.302,18.452,13.052
2018-07-02 23:00:00,14.602,79.27174,0.34487855,0.372,0.356,0.349,15.852,18.252,13.052
2018-07-03 00:00:00,14.452,81.650505,0.3023566,0.372,0.356,0.349,15.602,18.052,13.052
2018-07-03 01:00:00,16.001999,79.47188,0.37360096,0.372,0.356,0.349,16.202,17.852,13.052
2018-07-03 02:00:00,18.702,70.3791,0.63919485,0.372,0.356,0.349,17.802,17.802,13.052
2018-07-03 03:00:00,20.852,64.67322,0.87085426,0.371,0.356,0.349,19.452,17.802,13.052
2018-07-03 04:00:00,22.652,61.210888,1.0671153,0.369,0.355,0.349,21.152,17.902,13.102
2018-07-03 05:00:00,24.052,57.902542,1.2600324,0.368,0.355,0.348,22.702,18.052,13.102
2018-07-03 06:00:00,24.652,51.36322,1.5090722,0.367,0.354,0.348,23.652,18.252,13.102
2018-07-03 07:00:00,22.902,69.16892,0.8609853,0.372,0.354,0.348,23.802,18.452,13.102
2018-07-03 08:00:00,23.002,68.100624,0.896229,0.372,0.354,0.348,23.402,18.652,13.102
2018-07-03 09:00:00,23.352,66.46392,0.96232593,0.372,0.354,0.348,23.752,18.802,13.102
2018-07-03 10:00:00,23.452,65.230156,1.0037719,0.371,0.353,0.348,23.902,19.002,13.152
2018-07-03 11:00:00,23.302,63.557095,1.0426475,0.369,0.353,0.348,23.952,19.152,13.152
2018-07-03 12:00:00,22.702,61.6178,1.0591128,0.368,0.353,0.348,23.652,19.302,13.152
2018-07-03 13:00:00,21.652,60.782684,1.0153091,0.367,0.352,0.348,22.802,19.352,13.152
2018-07-03 14:00:00,20.652,60.15435,0.9703237,0.366,0.352,0.348,21.852,19.402,13.202
2018-07-03 15:00:00,19.452,60.467007,0.8939502,0.366,0.352,0.348,20.702,19.402,13.202
2018-07-03 16:00:00,18.052,62.7971,0.77089167,0.366,0.352,0.348,19.502,19.302,13.202
2018-07-03 17:00:00,16.902,65.53179,0.66429186,0.366,0.352,0.348,18.552,19.152,13.202
2018-07-03 18:00:00,16.001999,67.56375,0.59039164,0.365,0.352,0.348,17.752,19.002,13.252
2018-07-03 19:00:00,14.452,72.90565,0.4464842,0.365,0.352,0.348,16.852,18.802,13.252
2018-07-03 20:00:00,13.552,75.23674,0.38496578,0.365,0.352,0.348,16.152,18.602,13.252
2018-07-03 21:00:00,12.752,77.42149,0.3331635,0.365,0.352,0.348,15.502,18.352,13.252
2018-07-03 22:00:00,12.002,80.51001,0.27378142,0.365,0.352,0.348,14.852,18.102,13.252
2018-07-03 23:00:00,11.352,83.474144,0.22239876,0.365,0.352,0.348,14.302,17.852,13.252
2018-07-04 00:00:00,11.102,85.44392,0.19267368,0.365,0.352,0.348,13.952,17.602,13.252
2018-07-04 01:00:00,12.252,82.18838,0.2543465,0.365,0.352,0.348,14.452,17.352,13.252
2018-07-04 02:00:00,14.052,74.31685,0.4124261,0.365,0.352,0.348,15.752,17.202,13.252
2018-07-04 03:00:00,15.752,66.61219,0.59810174,0.364,0.352,0.348,17.202,17.152,13.302
2018-07-04 04:00:00,17.002,59.88492,0.7780727,0.363,0.352,0.348,18.752,17.202,13.302
2018-07-04 05:00:00,18.202,55.33417,0.9343549,0.361,0.351,0.348,20.152,17.252,13.302
2018-07-04 06:00:00,19.452,50.49231,1.1196448,0.359,0.351,0.348,21.452,17.402,13.302
2018-07-04 07:00:00,20.202,48.52469,1.2194649,0.357,0.35,0.347,22.502,17.602,13.302
2018-07-04 08:00:00,21.152,45.30595,1.3736883,0.355,0.35,0.347,23.352,17.852,13.302
2018-07-04 09:00:00,21.852,43.25946,1.4873805,0.353,0.349,0.347,23.952,18.052,13.302
2018-07-04 10:00:00,22.352,41.678818,1.5760391,0.351,0.348,0.347,24.252,18.302,13.302
2018-07-04 11:00:00,22.602,41.328793,1.6097195,0.35,0.348,0.347,24.202,18.502,13.302
2018-07-04 12:00:00,22.502,41.862186,1.5854367,0.348,0.348,0.347,23.802,18.702,13.302
2018-07-04 13:00:00,22.102,43.32961,1.5083134,0.347,0.347,0.347,23.052,18.852,13.352
2018-07-04 14:00:00,21.252,49.631966,1.2727282,0.346,0.347,0.347,22.052,18.902,13.352
2018-07-04 15:00:00,19.802,56.48625,1.0055877,0.346,0.347,0.347,20.752,18.952,13.352
2018-07-04 16:00:00,18.152,62.196846,0.7882613,0.346,0.347,0.347,19.352,18.852,13.352
2018-07-04 17:00:00,16.802,67.50394,0.6223186,0.346,0.347,0.347,18.202,18.752,13.352
2018-07-04 18:00:00,15.602,72.8696,0.48134458,0.346,0.347,0.347,17.252,18.602,13.352
2018-07-04 19:00:00,14.602,75.91734,0.4007008,0.346,0.347,0.347,16.402,18.402,13.402
2018-07-04 20:00:00,13.802,79.15613,0.3293265,0.346,0.347,0.347,15.702,18.202,13.402
2018-07-04 21:00:00,13.152,81.20918,0.2846011,0.346,0.347,0.347,15.102,18.002,13.402
2018-07-04 22:00:00,12.702,81.97017,0.26516747,0.346,0.347,0.347,14.652,17.752,13.402
2018-07-04 23:00:00,12.202,83.29475,0.23776436,0.346,0.347,0.347,14.202,17.502,13.402
2018-07-05 00:00:00,12.002,84.3982,0.2191577,0.346,0.347,0.347,13.952,17.252,13.402
2018-07-05 01:00:00,13.652,81.27541,0.29297268,0.346,0.347,0.347,14.652,17.102,13.402
2018-07-05 02:00:00,16.602,68.82262,0.58953655,0.345,0.347,0.347,16.502,17.002,13.402
2018-07-05 03:00:00,18.852,61.537277,0.8378862,0.345,0.347,0.347,18.252,17.002,13.402
2018-07-05 04:00:00,20.802,53.10274,1.1527315,0.344,0.346,0.347,20.052,17.102,13.402
2018-07-05 05:00:00,22.102,46.961983,1.4115598,0.342,0.346,0.347,21.752,17.252,13.402
2018-07-05 06:00:00,23.252,43.07143,1.6244181,0.34,0.345,0.346,23.252,17.502,13.402
2018-07-05 07:00:00,24.252,40.28527,1.8094283,0.339,0.345,0.346,24.452,17.802,13.402
2018-07-05 08:00:00,25.052,38.404087,1.9576813,0.336,0.344,0.346,25.402,18.102,13.402
2018-07-05 09:00:00,25.752,36.962364,2.0884557,0.334,0.343,0.346,26.052,18.402,13.402
2018-07-05 10:00:00,26.202,35.99086,2.1777692,0.333,0.343,0.346,26.352,18.752,13.452
2018-07-05 11:00:00,26.352,35.67343,2.2080035,0.331,0.342,0.346,26.252,19.052,13.452
2018-07-05 12:00:00,26.252,35.645237,2.1960034,0.33,0.342,0.346,25.802,19.252,13.452
2018-07-05 13:00:00,25.852,37.739292,2.0749135,0.329,0.341,0.346,24.952,19.452,13.452
2018-07-05 14:00:00,24.602,46.714424,1.6485325,0.328,0.341,0.346,23.802,19.602,13.502
2018-07-05 15:00:00,22.702,52.72261,1.3047575,0.328,0.341,0.346,22.452,19.652,13.502
2018-07-05 16:00:00,21.052,56.239132,1.0922117,0.328,0.341,0.346,21.202,19.602,13.502
2018-07-05 17:00:00,20.002,58.24583,0.97690654,0.328,0.341,0.346,20.252,19.552,13.502
2018-07-05 18:00:00,19.202,60.009434,0.8903725,0.328,0.341,0.346,19.452,19.452,13.502
2018-07-05 19:00:00,18.402,62.460968,0.7950994,0.328,0.341,0.346,18.852,19.352,13.552
2018-07-05 20:00:00,17.852,63.591915,0.74500465,0.327,0.341,0.346,18.302,19.202,13.552
2018-07-05 21:00:00,17.302,65.400185,0.6838964,0.327,0.341,0.346,17.802,19.052,13.552
2018-07-05 22:00:00,17.002,66.21149,0.65532017,0.327,0.341,0.346,17.452,18.902,13.552
2018-07-05 23:00:00,16.552,68.129425,0.6007401,0.327,0.341,0.346,17.102,18.752,13.552
2018-07-06 00:00:00,16.302,69.4525,0.56672275,0.327,0.341,0.346,16.802,18.552,13.552
2018-07-06 01:00:00,17.252,68.72484,0.6162121,0.327,0.341,0.346,17.202,18.402,13.602
2018-07-06 02:00:00,19.052,64.06956,0.7925068,0.327,0.341,0.346,18.252,18.352,13.602
2018-07-06 03:00:00,20.952,57.52413,1.0536412,0.326,0.341,0.345,19.702,18.352,13.602
2018-07-06 04:00:00,22.752,52.73555,1.3083509,0.325,0.34,0.345,21.302,18.402,13.602
2018-07-06 05:00:00,24.602,48.427498,1.5954837,0.324,0.34,0.345,23.052,18.552,13.602
2018-07-06 06:00:00,26.302,43.631622,1.9288443,0.323,0.339,0.345,24.702,18.802,13.602
2018-07-06 07:00:00,26.302,47.022083,1.812702,0.322,0.339,0.345,24.952,19.002,13.602
2018-07-06 08:00:00,26.752,45.054768,1.9304787,0.322,0.338,0.345,25.752,19.252,13.652
2018-07-06 09:00:00,26.802,41.813942,2.0504885,0.322,0.338,0.345,25.802,19.502,13.652
2018-07-06 10:00:00,27.402,36.812984,2.3065488,0.321,0.338,0.345,25.652,19.702,13.652
2018-07-06 11:00:00,27.702,36.052986,2.375537,0.32,0.337,0.345,25.602,19.902,13.652
2018-07-06 12:00:00,26.952,42.683815,2.0376353,0.32,0.337,0.345,25.102,20.052,13.702
2018-07-06 13:00:00,26.502,46.020798,1.8688587,0.319,0.337,0.345,24.652,20.202,13.702
2018-07-06 14:00:00,25.552,49.959183,1.6379509,0.319,0.337,0.345,23.952,20.252,13.702
2018-07-06 15:00:00,24.252,53.81428,1.3991451,0.318,0.337,0.345,23.102,20.302,13.702
2018-07-06 16:00:00,23.402,53.772224,1.3308088,0.318,0.337,0.345,22.252,20.302,13.752
2018-07-06 17:00:00,23.002,51.94291,1.3505582,0.318,0.337,0.345,21.702,20.302,13.752
2018-07-06 18:00:00,22.552,50.311134,1.358965,0.318,0.337,0.345,21.302,20.252,13.752
2018-07-06 19:00:00,21.002,61.628185,0.9547026,0.318,0.337,0.345,20.652,20.152,13.752
2018-07-06 20:00:00,20.052,64.49946,0.83309054,0.318,0.337,0.345,20.002,20.052,13.802
2018-07-06 21:00:00,19.252,68.00485,0.7145015,0.318,0.337,0.345,19.452,19.952,13.802
2018-07-06 22:00:00,18.252,72.627426,0.57428074,0.318,0.337,0.345,18.852,19.802,13.802
2018-07-06 23:00:00,17.302,78.116165,0.43249226,0.318,0.337,0.345,18.202,19.602,13.802
2018-07-07 00:00:00,17.002,78.8389,0.4103583,0.318,0.337,0.345,17.752,19.452,13.852
2018-07-07 01:00:00,18.802,74.63661,0.55071497,0.318,0.336,0.345,18.402,19.302,13.852
2018-07-07 02:00:00,20.952,68.34628,0.7850654,0.317,0.336,0.344,19.802,19.252,13.852
2018-07-07 03:00:00,22.602,65.466774,0.94709563,0.317,0.336,0.344,21.352,19.302,13.852
2018-07-07 04:00:00,24.052,61.923897,1.1395845,0.316,0.336,0.344,22.852,19.352,13.852
2018-07-07 05:00:00,25.352,55.49643,1.4393888,0.315,0.335,0.344,24.402,19.552,13.852
2018-07-07 06:00:00,26.302,52.124184,1.6379547,0.314,0.335,0.344,25.652,19.752,13.902
2018-07-07 07:00:00,26.302,51.132057,1.6719325,0.313,0.334,0.344,26.302,19.952,13.902
2018-07-07 08:00:00,26.452,51.17106,1.6854044,0.311,0.334,0.344,26.752,20.202,13.902
2018-07-07 09:00:00,26.152,52.085575,1.6248585,0.311,0.333,0.344,26.752,20.402,13.902
2018-07-07 10:00:00,25.552,54.665714,1.4837573,0.311,0.333,0.344,26.602,20.602,13.952
2018-07-07 11:00:00,25.202,56.35296,1.3991574,0.311,0.333,0.344,25.852,20.802,13.952
2018-07-07 12:00:00,25.202,55.815197,1.4164107,0.31,0.333,0.344,25.552,20.902,13.952
2018-07-07 13:00:00,25.002,56.303825,1.384191,0.31,0.332,0.344,25.002,21.002,14.002
2018-07-07 14:00:00,23.852,61.09377,1.1505765,0.31,0.332,0.344,24.102,21.052,14.002
2018-07-07 15:00:00,22.802,66.13897,0.93995225,0.31,0.332,0.344,23.102,21.052,14.002
2018-07-07 16:00:00,21.852,70.52167,0.77241325,0.31,0.332,0.344,22.202,21.002,14.052
2018-07-07 17:00:00,20.802,75.44923,0.6032598,0.31,0.332,0.344,21.352,20.902,14.052
2018-07-07 18:00:00,20.252,78.80072,0.5035564,0.31,0.332,0.343,20.802,20.802,14.052
2018-07-07 19:00:00,20.052,80.29034,0.46242368,0.31,0.332,0.343,20.452,20.702,14.052
2018-07-07 20:00:00,19.452,84.400154,0.35264218,0.31,0.332,0.343,20.002,20.552,14.102
2018-07-07 21:00:00,18.852,88.73371,0.24534297,0.31,0.332,0.343,19.552,20.402,14.102
2018-07-07 22:00:00,18.302,92.71793,0.15321887,0.31,0.332,0.343,19.202,20.252,14.102
2018-07-07 23:00:00,17.852,95.075226,0.10073626,0.31,0.332,0.343,18.802,20.102,14.102
2018-07-08 00:00:00,17.802,96.28458,0.07575917,0.31,0.332,0.343,18.702,19.952,14.102
2018-07-08 01:00:00,18.802,93.33116,0.14476466,0.31,0.332,0.343,19.102,19.802,14.152
2018-07-08 02:00:00,20.302,86.37576,0.32458544,0.31,0.332,0.343,20.152,19.752,14.152
2018-07-08 03:00:00,21.752,80.01396,0.5204308,0.309,0.332,0.343,21.402,19.752,14.152
2018-07-08 04:00:00,23.252,72.1328,0.79477715,0.309,0.332,0.343,22.752,19.802,14.152
2018-07-08 05:00:00,24.702,63.86252,1.1243325,0.308,0.331,0.343,24.052,19.952,14.152
2018-07-08 06:00:00,25.752,58.680176,1.3683501,0.308,0.331,0.343,25.102,20.102,14.202
2018-07-08 07:00:00,27.402,51.909626,1.754889,0.306,0.331,0.343,26.602,20.302,14.202
2018-07-08 08:00:00,27.802,50.06881,1.8651203,0.305,0.33,0.343,27.052,20.552,14.202
2018-07-08 09:00:00,28.152,48.591026,1.9598546,0.304,0.33,0.343,27.352,20.752,14.202
2018-07-08 10:00:00,28.652,46.749878,2.089807,0.303,0.329,0.343,27.802,21.002,14.252
2018-07-08 11:00:00,28.802,46.050243,2.135737,0.303,0.329,0.343,27.902,21.252,14.252
2018-07-08 12:00:00,28.602,46.736477,2.0842962,0.302,0.328,0.343,27.652,21.452,14.252
2018-07-08 13:00:00,28.102,49.67174,1.9130453,0.301,0.328,0.342,27.152,21.602,14.302
2018-07-08 14:00:00,27.052,56.269375,1.5633316,0.301,0.328,0.342,26.352,21.702,14.302
2018-07-08 15:00:00,25.352,63.40237,1.1835012,0.301,0.328,0.342,25.102,21.752,14.302
2018-07-08 16:00:00,23.652,69.97171,0.8772955,0.301,0.328,0.342,23.752,21.752,14.352
2018-07-08 17:00:00,22.352,75.69932,0.6563306,0.301,0.328,0.342,22.702,21.702,14.352
2018-07-08 18:00:00,21.252,80.45124,0.49373984,0.301,0.328,0.342,21.852,21.602,14.352
2018-07-08 19:00:00,20.452,78.330154,0.5211171,0.301,0.328,0.342,21.102,21.452,14.402
2018-07-08 20:00:00,19.852,76.7557,0.5386827,0.3,0.328,0.342,20.502,21.302,14.402
2018-07-08 21:00:00,19.402,73.54193,0.5963342,0.3,0.328,0.342,20.002,21.152,14.402
2018-07-08 22:00:00,18.902,70.417244,0.6463803,0.3,0.328,0.342,19.552,20.952,14.402
2018-07-08 23:00:00,18.452,68.28912,0.67371166,0.3,0.328,0.342,19.152,20.802,14.452
2018-07-09 00:00:00,18.202,66.68475,0.6968242,0.3,0.328,0.342,18.902,20.602,14.452
2018-07-09 01:00:00,19.002,64.9068,0.77162683,0.3,0.328,0.342,19.252,20.452,14.452
2018-07-09 02:00:00,20.752,59.200016,0.9997002,0.3,0.328,0.342,20.352,20.352,14.452
2018-07-09 03:00:00,22.752,53.256283,1.2939252,0.3,0.327,0.342,21.902,20.352,14.452
2018-07-09 04:00:00,24.502,49.51962,1.5523772,0.299,0.327,0.342,23.652,20.402,14.502
2018-07-09 05:00:00,26.252,45.35904,1.8641716,0.298,0.327,0.342,25.552,20.602,14.502
2018-07-09 06:00:00,27.852,40.890133,2.2148702,0.297,0.326,0.342,27.352,20.802,14.502
2018-07-09 07:00:00,28.952,38.859795,2.4418616,0.296,0.325,0.342,28.552,21.102,14.502
2018-07-09 08:00:00,29.452,38.122913,2.5435536,0.295,0.325,0.342,29.252,21.352,14.552
2018-07-09 09:00:00,29.702,37.577526,2.6031253,0.294,0.324,0.341,29.452,21.652,14.552
2018-07-09 10:00:00,29.602,37.79462,2.5792072,0.293,0.324,0.341,29.152,21.902,14.552
2018-07-09 11:00:00,29.502,38.26086,2.5451813,0.293,0.324,0.341,28.952,22.102,14.602
2018-07-09 12:00:00,29.102,39.538048,2.4357176,0.292,0.323,0.341,28.302,22.302,14.602
2018-07-09 13:00:00,28.502,43.810234,2.1862655,0.292,0.323,0.341,27.602,22.452,14.602
2018-07-09 14:00:00,27.302,49.30369,1.8393164,0.292,0.323,0.341,26.702,22.502,14.652
2018-07-09 15:00:00,25.852,53.70164,1.5424602,0.291,0.323,0.341,25.552,22.552,14.652
2018-07-09 16:00:00,24.252,56.84555,1.307244,0.291,0.323,0.341,24.302,22.502,14.702
2018-07-09 17:00:00,23.352,56.441864,1.2501292,0.291,0.323,0.341,23.452,22.452,14.702
2018-07-09 18:00:00,22.652,55.179443,1.233167,0.291,0.323,0.341,22.752,22.352,14.702
2018-07-09 19:00:00,22.252,54.719288,1.2159919,0.291,0.323,0.341,22.302,22.252,14.752
2018-07-09 20:00:00,21.702,54.759445,1.1749318,0.291,0.323,0.341,21.802,22.102,14.752
2018-07-09 21:00:00,21.202,56.4619,1.0966756,0.291,0.323,0.341,21.402,21.952,14.752
2018-07-09 22:00:00,20.102,63.46574,0.86001146,0.293,0.323,0.341,20.852,21.802,14.752
2018-07-09 23:00:00,19.152,70.23612,0.6605365,0.293,0.323,0.341,20.302,21.652,14.802
2018-07-10 00:00:00,18.952,71.34918,0.62796247,0.293,0.323,0.341,19.952,21.452,14.802
2018-07-10 01:00:00,19.602,72.633545,0.6245117,0.293,0.323,0.341,20.252,21.302,14.802
2018-07-10 02:00:00,20.802,68.536835,0.77319026,0.293,0.323,0.341,21.052,21.202,14.852
2018-07-10 03:00:00,22.202,63.72355,0.97109365,0.293,0.323,0.341,22.002,21.152,14.852
2018-07-10 04:00:00,23.252,60.17793,1.1359682,0.293,0.322,0.341,23.202,21.152,14.852
2018-07-10 05:00:00,24.802,54.302376,1.4305258,0.292,0.322,0.341,24.652,21.202,14.852
2018-07-10 06:00:00,26.402,50.021877,1.7200464,0.292,0.322,0.341,26.252,21.352,14.852
2018-07-10 07:00:00,28.052,45.117455,2.080327,0.291,0.321,0.34,27.752,21.552,14.902
2018-07-10 08:00:00,27.902,46.548473,2.0084286,0.29,0.321,0.34,28.552,21.802,14.902
2018-07-10 09:00:00,28.452,45.516747,2.1136541,0.289,0.32,0.34,29.052,22.052,14.902
2018-07-10 10:00:00,28.552,45.543777,2.1248715,0.289,0.32,0.34,29.102,22.252,14.952
2018-07-10 11:00:00,27.152,52.010532,1.7258073,0.295,0.319,0.34,28.702,22.452,14.952
2018-07-10 12:00:00,25.152,61.390038,1.2338984,0.302,0.319,0.34,27.302,22.552,14.952
2018-07-10 13:00:00,25.052,62.345215,1.1962246,0.303,0.319,0.34,26.202,22.652,15.002
2018-07-10 14:00:00,24.802,64.491394,1.1113517,0.303,0.319,0.34,25.302,22.652,15.002
2018-07-10 15:00:00,24.202,67.06012,0.9946561,0.303,0.319,0.34,24.402,22.602,15.002
2018-07-10 16:00:00,23.052,75.337814,0.6949034,0.303,0.319,0.34,23.452,22.552,15.052
2018-07-10 17:00:00,21.652,78.75225,0.54993415,0.305,0.319,0.34,22.552,22.452,15.052
2018-07-10 18:00:00,20.852,82.97293,0.419626,0.305,0.319,0.34,21.852,22.302,15.052
2018-07-10 19:00:00,20.052,83.6686,0.38314486,0.305,0.319,0.34,21.252,22.152,15.102
2018-07-10 20:00:00,19.702,85.2331,0.33901954,0.305,0.319,0.34,20.852,22.002,15.102
2018-07-10 21:00:00,19.352,86.28365,0.3081391,0.306,0.319,0.34,20.502,21.802,15.102
2018-07-10 22:00:00,18.952,86.79413,0.2893846,0.306,0.319,0.34,20.152,21.652,15.102
2018-07-10 23:00:00,18.402,88.13458,0.25123668,0.306,0.319,0.34,19.702,21.452,15.102
2018-07-11 00:00:00,18.052,89.23535,0.22298598,0.306,0.319,0.34,19.402,21.252,15.152
2018-07-11 01:00:00,18.802,86.50454,0.2929815,0.306,0.319,0.34,19.752,21.102,15.152
2018-07-11 02:00:00,20.052,79.02328,0.49215984,0.306,0.319,0.34,20.802,21.002,15.152
2018-07-11 03:00:00,21.702,69.821785,0.7835678,0.306,0.319,0.34,21.902,20.952,15.152
2018-07-11 04:00:00,23.102,61.117474,1.0991657,0.305,0.319,0.34,23.302,21.002,15.152
2018-07-11 05:00:00,24.352,53.839714,1.4067565,0.304,0.319,0.34,24.852,21.102,15.202
2018-07-11 06:00:00,25.302,49.090862,1.6418957,0.303,0.318,0.34,26.252,21.252,15.202
2018-07-11 07:00:00,26.702,45.77756,1.899473,0.302,0.318,0.339,27.402,21.452,15.202
2018-07-11 08:00:00,27.152,43.158447,2.0445404,0.301,0.317,0.339,28.102,21.652,15.202
2018-07-11 09:00:00,27.252,42.213142,2.0907745,0.3,0.317,0.339,28.402,21.902,15.252
2018-07-11 10:00:00,27.502,41.32905,2.1540232,0.299,0.317,0.339,28.552,22.102,15.252
2018-07-11 11:00:00,27.452,40.912457,2.1630163,0.298,0.316,0.339,28.402,22.302,15.252
2018-07-11 12:00:00,27.402,40.631977,2.1669633,0.297,0.316,0.339,28.052,22.452,15.252
2018-07-11 13:00:00,26.952,41.582672,2.0768304,0.297,0.316,0.339,27.352,22.602,15.302
2018-07-11 14:00:00,26.102,48.513783,1.7409722,0.297,0.316,0.339,26.252,22.652,15.302
2018-07-11 15:00:00,25.002,53.831142,1.4625895,0.296,0.316,0.339,25.052,22.652,15.302
2018-07-11 16:00:00,23.552,61.22061,1.1263537,0.296,0.316,0.339,23.852,22.602,15.352
2018-07-11 17:00:00,21.852,66.36501,0.88138735,0.296,0.316,0.339,22.652,22.502,15.352
2018-07-11 18:00:00,20.902,68.33632,0.7829094,0.296,0.316,0.339,21.802,22.352,15.352
2018-07-11 19:00:00,20.052,75.56853,0.5732441,0.296,0.316,0.339,21.252,22.202,15.352
2018-07-11 20:00:00,19.752,75.51976,0.5638372,0.297,0.316,0.339,20.502,22.052,15.402
2018-07-11 21:00:00,19.002,79.38078,0.45328844,0.299,0.316,0.339,19.852,21.852,15.402
2018-07-11 22:00:00,17.702,86.95376,0.26438272,0.299,0.316,0.339,19.352,21.652,15.402
2018-07-11 23:00:00,17.102,90.601555,0.18338656,0.299,0.316,0.339,18.952,21.402,15.402
2018-07-12 00:00:00,16.702,92.63115,0.1401881,0.299,0.316,0.339,18.602,21.202,15.402
2018-07-12 01:00:00,18.052,89.23535,0.22298598,0.299,0.316,0.339,19.202,21.002,15.452
2018-07-12 02:00:00,19.602,82.82445,0.39189684,0.302,0.316,0.339,20.752,20.902,15.452
2018-07-12 03:00:00,20.652,78.60838,0.5207894,0.303,0.316,0.339,21.452,20.852,15.452
2018-07-12 04:00:00,22.402,69.73361,0.82001984,0.303,0.315,0.339,22.702,20.902,15.452
2018-07-12 05:00:00,24.252,62.364124,1.139958,0.302,0.315,0.339,24.852,21.002,15.452
2018-07-12 06:00:00,25.152,57.430042,1.360557,0.302,0.315,0.338,26.152,21.152,15.452
2018-07-12 07:00:00,25.552,53.97036,1.5065366,0.301,0.315,0.338,27.202,21.352,15.452
2018-07-12 08:00:00,26.302,51.79162,1.6493442,0.3,0.314,0.338,28.152,21.602,15.502
2018-07-12 09:00:00,26.752,51.085373,1.7183766,0.299,0.314,0.338,28.752,21.852,15.502
2018-07-12 10:00:00,27.002,50.179264,1.7760758,0.298,0.313,0.338,29.002,22.052,15.502
2018-07-12 11:00:00,26.802,48.387897,1.8185682,0.298,0.313,0.338,28.702,22.302,15.502
2018-07-12 12:00:00,23.902,64.09422,1.0649741,0.318,0.313,0.338,27.602,22.452,15.552
2018-07-12 13:00:00,21.852,78.78088,0.55592585,0.329,0.313,0.338,25.702,22.502,15.552
2018-07-12 14:00:00,21.852,77.30743,0.594543,0.329,0.313,0.338,24.402,22.502,15.552
2018-07-12 15:00:00,21.302,80.71152,0.48865557,0.329,0.313,0.338,23.302,22.402,15.552
2018-07-12 16:00:00,20.652,84.53088,0.37657,0.329,0.313,0.338,22.302,22.302,15.602
2018-07-12 17:00:00,19.502,91.05069,0.20291328,0.329,0.313,0.338,21.352,22.152,15.602
2018-07-12 18:00:00,18.752,94.51173,0.11876488,0.329,0.313,0.338,20.702,22.002,15.602
2018-07-12 19:00:00,18.502,94.501526,0.11714411,0.329,0.313,0.338,20.152,21.802,15.602
2018-07-12 20:00:00,18.402,94.19969,0.12280512,0.329,0.313,0.338,19.652,21.652,15.652
2018-07-12 21:00:00,17.752,95.37317,0.09404826,0.329,0.313,0.338,19.102,21.402,15.652
2018-07-12 22:00:00,16.802,97.490364,0.04804516,0.329,0.313,0.338,18.602,21.202,15.652
2018-07-12 23:00:00,16.352,98.10604,0.035238385,0.329,0.313,0.338,18.252,21.002,15.652
2018-07-13 00:00:00,16.202,98.41767,0.029160738,0.33,0.313,0.338,18.002,20.752,15.652
2018-07-13 01:00:00,17.902,96.28737,0.07617879,0.334,0.313,0.338,18.852,20.602,15.652
2018-07-13 02:00:00,19.402,92.485985,0.16931367,0.34,0.313,0.338,20.302,20.502,15.652
2018-07-13 03:00:00,21.102,84.31486,0.39251447,0.34,0.313,0.338,21.102,20.452,15.652
2018-07-13 04:00:00,23.102,69.2077,0.8703432,0.34,0.313,0.338,22.602,20.502,15.652
2018-07-13 05:00:00,24.302,59.84631,1.2199172,0.34,0.313,0.338,24.452,20.602,15.702
2018-07-13 06:00:00,25.402,52.733734,1.5333642,0.339,0.312,0.337,25.702,20.802,15.702
2018-07-13 07:00:00,26.202,54.828186,1.536284,0.338,0.312,0.337,26.952,21.002,15.702
2018-07-13 08:00:00,26.252,53.802776,1.5758251,0.337,0.312,0.337,27.252,21.252,15.702
2018-07-13 09:00:00,26.402,53.498676,1.6002725,0.337,0.312,0.337,27.552,21.452,15.702
2018-07-13 10:00:00,26.402,52.820503,1.6236337,0.336,0.311,0.337,27.652,21.702,15.702
2018-07-13 11:00:00,26.502,51.512695,1.6785264,0.335,0.311,0.337,27.502,21.852,15.702
2018-07-13 12:00:00,26.602,49.594536,1.7552817,0.334,0.311,0.337,27.252,22.052,15.752
2018-07-13 13:00:00,26.352,48.42394,1.7698851,0.333,0.311,0.337,26.652,22.152,15.752
2018-07-13 14:00:00,24.902,55.56256,1.3993471,0.334,0.311,0.337,25.552,22.252,15.752
2018-07-13 15:00:00,23.502,62.59456,1.0831608,0.335,0.311,0.337,24.252,22.252,15.752
2018-07-13 16:00:00,21.802,72.560356,0.7167847,0.336,0.311,0.337,23.002,22.202,15.802
2018-07-13 17:00:00,20.802,77.88574,0.54337,0.336,0.311,0.337,22.002,22.102,15.802
2018-07-13 18:00:00,20.102,79.53494,0.4816352,0.336,0.311,0.337,21.202,21.952,15.802
2018-07-13 19:00:00,19.302,77.6611,0.5003499,0.336,0.311,0.337,20.502,21.802,15.802
2018-07-13 20:00:00,18.702,80.88212,0.41249263,0.336,0.311,0.337,19.952,21.602,15.802
2018-07-13 21:00:00,18.202,84.26222,0.32910144,0.336,0.311,0.337,19.552,21.452,15.802
2018-07-13 22:00:00,17.802,86.963135,0.2658584,0.336,0.311,0.337,19.202,21.252,15.852
2018-07-13 23:00:00,17.402,89.47033,0.20938694,0.336,0.311,0.337,18.852,21.052,15.852
2018-07-14 00:00:00,17.252,91.19327,0.17347383,0.336,0.311,0.337,18.652,20.852,15.852
2018-07-14 01:00:00,18.152,89.24313,0.2242248,0.336,0.311,0.337,19.052,20.702,15.852
2018-07-14 02:00:00,19.752,83.10562,0.38907552,0.336,0.311,0.337,20.052,20.602,15.852
2018-07-14 03:00:00,21.402,76.26786,0.6049589,0.335,0.311,0.337,21.402,20.552,15.852
2018-07-14 04:00:00,22.952,68.52404,0.88166165,0.335,0.311,0.337,23.052,20.602,15.852
2018-07-14 05:00:00,24.002,64.72858,1.0524328,0.334,0.31,0.337,24.452,20.752,15.852
2018-07-14 06:00:00,24.252,64.577385,1.0728767,0.334,0.31,0.337,25.102,20.902,15.852
2018-07-14 07:00:00,25.602,54.853287,1.481991,0.333,0.31,0.336,25.902,21.052,15.852
2018-07-14 08:00:00,24.452,62.211136,1.1583508,0.346,0.31,0.336,26.002,21.202,15.852
2018-07-14 09:00:00,25.352,60.66371,1.2721326,0.346,0.31,0.336,26.302,21.402,15.902
2018-07-14 10:00:00,25.602,58.089336,1.3756756,0.345,0.31,0.336,26.452,21.552,15.902
2018-07-14 11:00:00,25.002,59.819122,1.272749,0.351,0.31,0.336,26.202,21.702,15.902
2018-07-14 12:00:00,21.902,77.071846,0.6025481,0.389,0.309,0.336,25.152,21.752,15.902
2018-07-14 13:00:00,21.502,78.97922,0.5391023,0.389,0.31,0.336,23.852,21.802,15.902
2018-07-14 14:00:00,21.752,78.27241,0.5657954,0.388,0.31,0.336,23.152,21.752,15.902
2018-07-14 15:00:00,21.252,81.47025,0.46799517,0.388,0.31,0.336,22.402,21.702,15.952
2018-07-14 16:00:00,20.552,84.25446,0.38095188,0.388,0.31,0.336,21.602,21.652,15.952
2018-07-14 17:00:00,19.702,86.86453,0.30155778,0.388,0.31,0.336,20.952,21.502,15.952
2018-07-14 18:00:00,19.052,89.031105,0.241858,0.388,0.31,0.336,20.452,21.402,15.952
2018-07-14 19:00:00,18.802,87.61087,0.26895928,0.388,0.31,0.336,20.002,21.252,15.952
2018-07-14 20:00:00,18.402,89.831406,0.21530342,0.388,0.31,0.336,19.652,21.102,15.952
2018-07-14 21:00:00,18.152,91.251274,0.18236089,0.389,0.31,0.336,19.452,20.952,15.952
2018-07-14 22:00:00,17.902,92.99107,0.14382088,0.389,0.31,0.336,19.252,20.752,15.952
2018-07-14 23:00:00,17.652,94.46659,0.111772895,0.389,0.311,0.336,19.102,20.602,15.952
2018-07-15 00:00:00,17.452,95.36274,0.0924983,0.39,0.311,0.336,18.902,20.452,15.952
2018-07-15 01:00:00,17.752,94.17156,0.11847472,0.393,0.311,0.336,19.002,20.352,16.001999
2018-07-15 02:00:00,18.352,92.42771,0.1598252,0.393,0.311,0.336,19.202,20.202,16.001999
2018-07-15 03:00:00,18.602,92.73408,0.15577257,0.394,0.311,0.336,19.502,20.102,16.001999
2018-07-15 04:00:00,19.352,89.901306,0.22685695,0.395,0.311,0.336,19.952,20.052,16.001999
2018-07-15 05:00:00,20.102,86.0849,0.32745457,0.396,0.311,0.336,20.502,20.002,16.001999
2018-07-15 06:00:00,21.002,84.03977,0.39696074,0.397,0.311,0.336,21.202,20.002,16.001999
2018-07-15 07:00:00,22.202,82.10128,0.478992,0.4,0.311,0.336,22.152,20.052,16.001999
2018-07-15 08:00:00,22.202,82.35772,0.47212744,0.402,0.311,0.336,22.452,20.102,16.001999
2018-07-15 09:00:00,22.452,81.62196,0.49933624,0.403,0.311,0.336,22.902,20.202,16.001999
2018-07-15 10:00:00,22.852,78.43211,0.6003921,0.402,0.312,0.336,23.202,20.302,16.001999
2018-07-15 11:00:00,23.252,73.27469,0.7621951,0.401,0.312,0.336,23.452,20.402,16.001999
2018-07-15 12:00:00,23.752,67.8201,0.9458525,0.399,0.312,0.336,23.652,20.502,16.001999
2018-07-15 13:00:00,23.502,65.86517,0.9883956,0.398,0.312,0.336,23.352,20.552,16.001999
2018-07-15 14:00:00,22.602,67.80473,0.88294053,0.398,0.312,0.336,22.602,20.602,16.001999
2018-07-15 15:00:00,21.902,67.66381,0.8499181,0.397,0.312,0.336,21.902,20.602,16.001999
2018-07-15 16:00:00,21.302,68.19661,0.8058648,0.396,0.312,0.336,21.252,20.552,16.001999
2018-07-15 17:00:00,20.652,69.17274,0.75060964,0.396,0.312,0.336,20.702,20.502,16.001999
2018-07-15 18:00:00,20.052,70.1806,0.69971573,0.395,0.312,0.336,20.202,20.402,16.001999
2018-07-15 19:00:00,19.302,67.57269,0.7264087,0.395,0.312,0.336,19.702,20.302,16.001999
2018-07-15 20:00:00,18.802,66.59125,0.7254783,0.394,0.312,0.336,19.302,20.202,16.001999
2018-07-15 21:00:00,18.452,65.64753,0.7298571,0.394,0.313,0.336,19.002,20.102,16.001999
2018-07-15 22:00:00,17.802,66.1618,0.69022655,0.393,0.313,0.336,18.602,19.952,16.001999
2018-07-15 23:00:00,17.202,66.9173,0.6497855,0.393,0.313,0.336,18.202,19.802,16.001999
2018-07-16 00:00:00,16.702,68.15997,0.6059004,0.392,0.313,0.336,17.852,19.652,16.001999
2018-07-16 01:00:00,17.052,68.00524,0.622483,0.392,0.313,0.336,18.002,19.552,16.001999
2018-07-16 02:00:00,18.052,64.914406,0.7270007,0.391,0.313,0.336,18.652,19.452,16.001999
2018-07-16 03:00:00,19.502,60.67874,0.8919219,0.389,0.313,0.336,19.802,19.402,16.001999
2018-07-16 04:00:00,20.952,57.903305,1.0442299,0.387,0.313,0.336,21.102,19.452,16.001999
2018-07-16 05:00:00,22.252,55.440197,1.1966184,0.385,0.313,0.336,22.302,19.552,16.001999
2018-07-16 06:00:00,23.702,51.78637,1.4132832,0.382,0.313,0.336,23.702,19.702,16.001999
2018-07-16 07:00:00,24.552,51.337124,1.5009066,0.38,0.312,0.335,24.802,19.902,16.001999
2018-07-16 08:00:00,25.102,49.037617,1.6242157,0.377,0.312,0.335,25.452,20.102,16.001999
2018-07-16 09:00:00,25.202,48.273132,1.6584247,0.375,0.312,0.335,25.402,20.302,16.001999
2018-07-16 10:00:00,25.352,47.224968,1.7071897,0.373,0.312,0.335,25.452,20.502,16.001999
2018-07-16 11:00:00,25.352,46.61279,1.727013,0.371,0.312,0.335,25.252,20.652,16.001999
2018-07-16 12:00:00,25.052,47.143818,1.6796364,0.369,0.312,0.335,24.902,20.802,16.001999
2018-07-16 13:00:00,24.552,47.628574,1.6153995,0.368,0.311,0.335,24.402,20.902,16.001999
2018-07-16 14:00:00,23.652,50.10791,1.4581412,0.367,0.311,0.335,23.652,21.002,16.001999
2018-07-16 15:00:00,22.202,52.42001,1.2739108,0.366,0.311,0.335,22.552,21.002,16.001999
2018-07-16 16:00:00,20.802,54.711136,1.1131723,0.366,0.311,0.335,21.452,20.952,16.052
2018-07-16 17:00:00,19.702,56.837715,0.9913057,0.366,0.311,0.335,20.502,20.852,16.052
2018-07-16 18:00:00,18.652,59.28365,0.8760071,0.365,0.311,0.335,19.702,20.702,16.052
2018-07-16 19:00:00,17.802,59.87547,0.81851137,0.365,0.312,0.335,19.002,20.552,16.052
2018-07-16 20:00:00,16.952,62.54633,0.72413886,0.365,0.312,0.335,18.352,20.402,16.052
2018-07-16 21:00:00,16.152,65.809235,0.6283114,0.365,0.312,0.335,17.802,20.202,16.052
2018-07-16 22:00:00,15.502,68.601204,0.55354476,0.365,0.312,0.335,17.252,20.002,16.052
2018-07-16 23:00:00,14.952,71.54535,0.48424625,0.364,0.312,0.335,16.802,19.802,16.052
2018-07-17 00:00:00,14.652,73.431725,0.44349372,0.364,0.312,0.335,16.452,19.552,16.052
2018-07-17 01:00:00,15.552,72.61858,0.48424852,0.364,0.312,0.335,16.802,19.402,16.052
2018-07-17 02:00:00,17.502,66.5377,0.66979504,0.363,0.312,0.335,17.952,19.252,16.052
2018-07-17 03:00:00,19.602,59.119175,0.93308234,0.362,0.312,0.335,19.552,19.252,16.052
2018-07-17 04:00:00,21.552,52.077713,1.233291,0.361,0.311,0.335,21.252,19.302,16.052
2018-07-17 05:00:00,23.102,42.031124,1.6392363,0.359,0.311,0.335,22.802,19.402,16.052
2018-07-17 06:00:00,23.952,39.266125,1.8075789,0.356,0.311,0.335,24.052,19.602,16.001999
2018-07-17 07:00:00,24.502,39.289684,1.867313,0.354,0.311,0.334,25.052,19.802,16.052
2018-07-17 08:00:00,25.102,38.161858,1.9712377,0.351,0.31,0.334,25.902,20.052,16.052
2018-07-17 09:00:00,25.552,37.278618,2.0535183,0.349,0.31,0.334,26.452,20.302,16.052
2018-07-17 10:00:00,25.752,36.83886,2.0925522,0.346,0.31,0.334,26.702,20.552,16.052
2018-07-17 11:00:00,25.752,36.59294,2.1007094,0.344,0.309,0.334,26.602,20.752,16.052
2018-07-17 12:00:00,25.502,36.89176,2.0600886,0.343,0.309,0.334,26.152,20.952,16.052
2018-07-17 13:00:00,24.952,38.119473,1.9550761,0.341,0.309,0.334,25.352,21.102,16.052
2018-07-17 14:00:00,23.852,43.527695,1.6705765,0.34,0.309,0.334,24.302,21.202,16.052
2018-07-17 15:00:00,22.102,49.366203,1.3475246,0.34,0.309,0.334,22.952,21.202,16.052
2018-07-17 16:00:00,20.352,54.59633,1.0855325,0.34,0.309,0.334,21.552,21.152,16.052
2018-07-17 17:00:00,19.152,58.425606,0.9227811,0.34,0.309,0.334,20.452,21.052,16.052
2018-07-17 18:00:00,18.102,62.185383,0.7860333,0.34,0.309,0.334,19.602,20.902,16.052
2018-07-17 19:00:00,17.202,64.94471,0.6885438,0.339,0.309,0.334,18.802,20.702,16.052
2018-07-17 20:00:00,16.352,68.54387,0.5854428,0.339,0.309,0.334,18.102,20.552,16.102
2018-07-17 21:00:00,15.552,72.37727,0.4885174,0.339,0.309,0.334,17.502,20.302,16.102
2018-07-17 22:00:00,14.952,75.21999,0.42169714,0.339,0.309,0.334,16.952,20.102,16.102
2018-07-17 23:00:00,14.352,78.18838,0.3571031,0.339,0.309,0.334,16.452,19.852,16.102
2018-07-18 00:00:00,13.852,81.572655,0.29208565,0.339,0.309,0.334,16.052,19.652,16.102
2018-07-18 01:00:00,15.002,82.53286,0.2981856,0.339,0.309,0.334,16.552,19.452,16.052
2018-07-18 02:00:00,18.252,67.5791,0.68023705,0.339,0.309,0.334,18.452,19.352,16.052
2018-07-18 03:00:00,20.902,58.081562,1.0366222,0.338,0.309,0.334,20.202,19.352,16.052
2018-07-18 04:00:00,23.152,48.036716,1.473706,0.337,0.309,0.334,22.202,19.402,16.052
2018-07-18 05:00:00,24.502,39.81954,1.8509988,0.335,0.309,0.334,23.852,19.602,16.052
2018-07-18 06:00:00,25.352,37.85077,2.0107884,0.333,0.308,0.333,25.302,19.802,16.052
2018-07-18 07:00:00,26.252,36.73399,2.1588054,0.331,0.308,0.333,26.552,20.052,16.052
2018-07-18 08:00:00,26.802,35.80015,2.262698,0.329,0.308,0.333,27.552,20.352,16.052
2018-07-18 09:00:00,27.202,34.968784,2.3463748,0.327,0.307,0.333,28.252,20.702,16.052
2018-07-18 10:00:00,27.352,34.31743,2.39078,0.325,0.307,0.333,28.352,21.002,16.102
2018-07-18 11:00:00,27.352,34.20303,2.3949494,0.323,0.307,0.333,28.102,21.252,16.102
2018-07-18 12:00:00,27.152,34.60647,2.3525743,0.322,0.306,0.333,27.502,21.452,16.102
2018-07-18 13:00:00,26.602,36.832565,2.2002776,0.321,0.306,0.333,26.552,21.652,16.102
2018-07-18 14:00:00,25.452,43.396767,1.8420478,0.32,0.306,0.333,25.452,21.752,16.102
2018-07-18 15:00:00,23.902,49.19835,1.5071913,0.32,0.306,0.333,24.102,21.752,16.102
2018-07-18 16:00:00,22.202,54.706623,1.2126449,0.32,0.306,0.333,22.802,21.752,16.102
2018-07-18 17:00:00,20.902,59.0421,1.0128545,0.32,0.306,0.333,21.752,21.652,16.152
2018-07-18 18:00:00,19.752,62.9735,0.85295284,0.32,0.306,0.333,20.852,21.552,16.152
2018-07-18 19:00:00,18.702,65.70098,0.7401881,0.32,0.306,0.333,20.052,21.402,16.152
2018-07-18 20:00:00,18.102,67.10478,0.6837374,0.32,0.306,0.333,19.452,21.202,16.152
2018-07-18 21:00:00,17.652,67.23313,0.662092,0.319,0.306,0.333,18.902,21.052,16.152
2018-07-18 22:00:00,17.202,67.58646,0.63663757,0.319,0.306,0.333,18.452,20.852,16.152
2018-07-18 23:00:00,16.652,68.83263,0.59121907,0.319,0.306,0.333,18.002,20.652,16.152
2018-07-19 00:00:00,16.302,70.14867,0.55380344,0.319,0.306,0.333,17.652,20.452,16.152
2018-07-19 01:00:00,17.352,68.74489,0.61971414,0.319,0.306,0.333,18.052,20.252,16.152
2018-07-19 02:00:00,19.602,62.322437,0.8599336,0.319,0.306,0.333,19.252,20.152,16.152
2018-07-19 03:00:00,21.952,55.002964,1.1865343,0.318,0.306,0.332,20.902,20.152,16.152
2018-07-19 04:00:00,23.902,48.71672,1.5214931,0.318,0.306,0.332,22.502,20.202,16.152
2018-07-19 05:00:00,25.402,43.525913,1.8324028,0.316,0.306,0.332,23.952,20.302,16.152
2018-07-19 06:00:00,26.602,37.07843,2.1917024,0.315,0.305,0.332,25.252,20.502,16.152
2018-07-19 07:00:00,27.652,34.059364,2.4425755,0.314,0.305,0.332,26.452,20.702,16.152
2018-07-19 08:00:00,28.052,32.94193,2.5425377,0.312,0.305,0.332,27.302,20.952,16.202
2018-07-19 09:00:00,28.102,32.627434,2.561911,0.311,0.305,0.332,27.402,21.202,16.202
2018-07-19 10:00:00,28.302,32.142113,2.610528,0.31,0.304,0.332,27.652,21.402,16.202
2018-07-19 11:00:00,28.202,32.114254,2.5964894,0.309,0.304,0.332,27.502,21.652,16.202
2018-07-19 12:00:00,27.802,33.2034,2.4960449,0.308,0.304,0.332,26.852,21.802,16.202
2018-07-19 13:00:00,27.452,36.102383,2.339342,0.307,0.304,0.332,26.352,21.952,16.202
2018-07-19 14:00:00,26.252,42.769516,1.9526209,0.307,0.304,0.332,25.452,22.002,16.202
2018-07-19 15:00:00,24.602,47.642094,1.619805,0.307,0.304,0.331,24.352,22.052,16.252
2018-07-19 16:00:00,23.002,51.097866,1.3743259,0.306,0.304,0.331,23.202,22.002,16.252
2018-07-19 17:00:00,21.852,53.374523,1.2220438,0.306,0.304,0.331,22.252,21.952,16.252
2018-07-19 18:00:00,20.952,54.568615,1.1270022,0.306,0.304,0.331,21.452,21.852,16.252
2018-07-19 19:00:00,20.802,54.17029,1.1264741,0.306,0.304,0.331,21.002,21.702,16.252
2018-07-19 20:00:00,19.852,56.498745,1.0084127,0.306,0.304,0.331,20.352,21.552,16.252
2018-07-19 21:00:00,19.052,58.790943,0.9089955,0.306,0.304,0.331,19.752,21.402,16.252
2018-07-19 22:00:00,18.852,59.529346,0.8816494,0.306,0.304,0.331,19.452,21.252,16.302
2018-07-19 23:00:00,18.652,60.478794,0.8502817,0.306,0.304,0.331,19.202,21.102,16.302
2018-07-20 00:00:00,18.502,61.252373,0.82585704,0.305,0.304,0.331,19.052,20.902,16.302
2018-07-20 01:00:00,19.002,64.26967,0.78564227,0.306,0.304,0.331,19.302,20.752,16.302
2018-07-20 02:00:00,21.002,58.29678,1.0376395,0.306,0.304,0.331,20.502,20.702,16.302
2018-07-20 03:00:00,23.252,52.0081,1.3692133,0.305,0.304,0.331,22.052,20.702,16.302
2018-07-20 04:00:00,25.102,46.85024,1.6940001,0.304,0.303,0.331,23.602,20.752,16.302
2018-07-20 05:00:00,27.002,40.255413,2.1303067,0.303,0.303,0.331,25.452,20.902,16.302
2018-07-20 06:00:00,28.402,34.611584,2.530014,0.302,0.303,0.331,27.052,21.152,16.302
2018-07-20 07:00:00,29.302,31.152578,2.806234,0.301,0.303,0.331,28.402,21.402,16.302
2018-07-20 08:00:00,29.702,29.541332,2.9388287,0.3,0.302,0.331,29.202,21.702,16.302
2018-07-20 09:00:00,30.052,28.952644,3.0234897,0.298,0.302,0.331,29.752,22.002,16.352
2018-07-20 10:00:00,30.102,28.86964,3.0357034,0.297,0.302,0.331,29.952,22.302,16.352
2018-07-20 11:00:00,30.002,28.938984,3.0154252,0.296,0.301,0.33,29.802,22.552,16.352
2018-07-20 12:00:00,29.302,29.234661,2.8845391,0.296,0.301,0.33,28.952,22.752,16.352
2018-07-20 13:00:00,28.502,32.957718,2.6091762,0.295,0.301,0.33,28.152,22.902,16.352
2018-07-20 14:00:00,26.502,42.83872,1.9791586,0.295,0.301,0.33,26.852,23.002,16.402
2018-07-20 15:00:00,24.552,51.83911,1.4854102,0.295,0.301,0.33,25.452,23.002,16.402
2018-07-20 16:00:00,23.152,56.759148,1.2261534,0.294,0.301,0.33,24.252,23.002,16.402
2018-07-20 17:00:00,22.002,60.274918,1.0506216,0.294,0.301,0.33,23.202,22.902,16.402
2018-07-20 18:00:00,21.352,62.31246,0.95797265,0.294,0.301,0.33,22.502,22.802,16.452
2018-07-20 19:00:00,21.052,62.44728,0.9371793,0.294,0.301,0.33,22.002,22.652,16.452
2018-07-20 20:00:00,20.302,66.04043,0.8092954,0.294,0.301,0.33,21.402,22.502,16.452
2018-07-20 21:00:00,19.502,69.848305,0.6838461,0.294,0.301,0.33,20.852,22.352,16.452
2018-07-20 22:00:00,19.052,72.066124,0.61606514,0.294,0.301,0.33,20.402,22.202,16.452
2018-07-20 23:00:00,18.552,74.112076,0.55340755,0.294,0.301,0.33,19.952,22.002,16.502
2018-07-21 00:00:00,18.302,75.5268,0.5150422,0.294,0.301,0.33,19.702,21.802,16.502
2018-07-21 01:00:00,18.902,74.65344,0.5537896,0.294,0.301,0.33,19.952,21.652,16.502
2018-07-21 02:00:00,20.252,69.76709,0.71823,0.294,0.301,0.33,20.802,21.552,16.502
2018-07-21 03:00:00,21.902,64.069244,0.9444511,0.294,0.301,0.33,22.052,21.502,16.502
2018-07-21 04:00:00,23.752,57.644356,1.2451713,0.293,0.301,0.33,23.652,21.502,16.502
2018-07-21 05:00:00,24.852,53.79311,1.4507937,0.293,0.301,0.33,24.752,21.602,16.502
2018-07-21 06:00:00,26.202,48.22785,1.7609988,0.292,0.3,0.33,26.052,21.752,16.502
2018-07-21 07:00:00,26.352,50.8181,1.6876429,0.292,0.3,0.33,26.552,21.902,16.502
2018-07-21 08:00:00,26.902,47.795593,1.850277,0.291,0.3,0.33,27.052,22.052,16.552
2018-07-21 09:00:00,27.602,43.988873,2.0682778,0.29,0.3,0.33,27.652,22.202,16.552
2018-07-21 10:00:00,27.552,42.849403,2.1042638,0.29,0.3,0.329,27.902,22.402,16.552
2018-07-21 11:00:00,26.302,47.9438,1.7811302,0.291,0.3,0.329,27.452,22.552,16.552
2018-07-21 12:00:00,23.102,69.867294,0.85169005,0.312,0.3,0.329,26.002,22.602,16.552
2018-07-21 13:00:00,21.602,79.49214,0.52916265,0.316,0.3,0.329,24.602,22.652,16.602
2018-07-21 14:00:00,20.302,81.34892,0.44437838,0.317,0.3,0.329,23.302,22.602,16.602
2018-07-21 15:00:00,19.152,82.24423,0.393983,0.318,0.3,0.329,22.202,22.452,16.602
2018-07-21 16:00:00,17.802,85.580734,0.29405415,0.323,0.3,0.329,21.202,22.352,16.602
2018-07-21 17:00:00,16.502,89.6895,0.19368613,0.335,0.3,0.329,20.302,22.152,16.602
2018-07-21 18:00:00,15.502,94.987404,0.0883466,0.349,0.3,0.329,19.552,21.952,16.602
2018-07-21 19:00:00,15.152,92.846146,0.123293996,0.354,0.3,0.329,18.902,21.702,16.602
2018-07-21 20:00:00,14.852,95.579926,0.074722886,0.362,0.3,0.329,18.502,21.502,16.652
2018-07-21 21:00:00,14.252,94.631134,0.08732128,0.375,0.3,0.329,18.052,21.252,16.652
2018-07-21 22:00:00,13.502,94.29105,0.08844924,0.389,0.3,0.329,17.552,21.002,16.652
2018-07-21 23:00:00,12.852,91.50451,0.12616658,0.392,0.3,0.329,17.002,20.752,16.652
2018-07-22 00:00:00,12.402,89.37318,0.15324199,0.393,0.3,0.329,16.552,20.502,16.652
2018-07-22 01:00:00,12.252,86.13995,0.19791341,0.393,0.3,0.329,16.202,20.202,16.652
2018-07-22 02:00:00,12.452,79.493385,0.29670238,0.392,0.3,0.329,16.052,19.952,16.652
2018-07-22 03:00:00,13.152,69.76653,0.45794523,0.391,0.3,0.329,16.302,19.752,16.652
2018-07-22 04:00:00,14.302,61.72129,0.6247637,0.39,0.301,0.329,17.052,19.552,16.652
2018-07-22 05:00:00,15.452,55.764458,0.7774412,0.389,0.301,0.329,18.002,19.452,16.602
2018-07-22 06:00:00,16.001999,52.01489,0.8735234,0.387,0.301,0.329,18.702,19.352,16.602
2018-07-22 07:00:00,16.402,55.816566,0.82503116,0.385,0.301,0.329,19.302,19.302,16.602
2018-07-22 08:00:00,16.252,55.39844,0.8249364,0.384,0.301,0.329,19.402,19.302,16.602
2018-07-22 09:00:00,16.552,53.429077,0.8779539,0.382,0.301,0.329,19.802,19.252,16.602
2018-07-22 10:00:00,16.552,51.62691,0.9119421,0.381,0.301,0.329,19.752,19.252,16.602
2018-07-22 11:00:00,16.802,49.09303,0.9750677,0.379,0.301,0.329,19.902,19.252,16.602
2018-07-22 12:00:00,16.752,47.24596,1.0072649,0.378,0.301,0.329,19.702,19.252,16.602
2018-07-22 13:00:00,16.502,45.72074,1.0200901,0.376,0.301,0.329,19.252,19.202,16.602
2018-07-22 14:00:00,16.152,44.205387,1.0254979,0.375,0.301,0.329,18.652,19.152,16.602
2018-07-22 15:00:00,15.152,45.338223,0.94244635,0.375,0.301,0.329,17.752,19.052,16.552
2018-07-22 16:00:00,14.102,46.83164,0.85670507,0.374,0.301,0.329,16.752,18.902,16.552
2018-07-22 17:00:00,13.152,50.8841,0.74402964,0.374,0.301,0.329,15.952,18.702,16.552
2018-07-22 18:00:00,12.252,59.75969,0.57469434,0.374,0.301,0.329,15.302,18.502,16.552
2018-07-22 19:00:00,10.752,75.01682,0.32311958,0.373,0.301,0.329,14.652,18.302,16.552
2018-07-22 20:00:00,10.302,79.45287,0.25789863,0.373,0.301,0.329,14.202,18.052,16.552
2018-07-22 21:00:00,10.202,79.98514,0.24954718,0.373,0.301,0.329,13.952,17.852,16.502
2018-07-22 22:00:00,10.302,79.725685,0.2544741,0.373,0.301,0.329,13.802,17.652,16.502
2018-07-22 23:00:00,10.152,80.252754,0.24538976,0.372,0.301,0.329,13.552,17.402,16.502
2018-07-23 00:00:00,10.452,78.661896,0.27051848,0.372,0.301,0.329,13.552,17.202,16.502
2018-07-23 01:00:00,10.802,76.063446,0.31061167,0.373,0.301,0.329,13.652,17.052,16.452
2018-07-23 02:00:00,11.502,70.159164,0.4056158,0.373,0.302,0.329,13.952,16.852,16.452
2018-07-23 03:00:00,12.702,62.63161,0.54964805,0.372,0.302,0.329,14.702,16.752,16.452
2018-07-23 04:00:00,14.302,53.01742,0.76686513,0.372,0.302,0.329,16.152,16.702,16.402
2018-07-23 05:00:00,15.302,47.835308,0.90807647,0.371,0.302,0.329,17.252,16.752,16.402
2018-07-23 06:00:00,15.352,47.68208,0.91366833,0.371,0.301,0.329,17.402,16.752,16.402
2018-07-23 07:00:00,16.001999,49.900978,0.9120195,0.37,0.301,0.329,18.152,16.852,16.402
2018-07-23 08:00:00,16.252,50.664852,0.9125225,0.369,0.301,0.329,18.402,16.902,16.352
2018-07-23 09:00:00,16.202,51.710873,0.89033043,0.369,0.301,0.329,18.452,16.952,16.352
2018-07-23 10:00:00,15.302,52.55055,0.8259694,0.369,0.301,0.329,18.152,17.002,16.352
2018-07-23 11:00:00,14.552,56.112034,0.7279934,0.369,0.301,0.329,17.352,17.002,16.302
2018-07-23 12:00:00,14.102,58.16949,0.67397827,0.369,0.301,0.329,16.902,17.002,16.302
2018-07-23 13:00:00,13.302,63.422127,0.55950636,0.37,0.302,0.329,16.302,16.952,16.302
2018-07-23 14:00:00,12.452,71.07098,0.41858482,0.373,0.302,0.329,15.602,16.902,16.302
2018-07-23 15:00:00,11.352,82.91138,0.22997308,0.38,0.302,0.329,14.752,16.752,16.252
2018-07-23 16:00:00,10.802,91.98827,0.10395527,0.393,0.302,0.329,14.202,16.652,16.252
2018-07-23 17:00:00,10.902,92.30335,0.10053182,0.395,0.302,0.329,13.852,16.502,16.252
2018-07-23 18:00:00,10.852,93.23337,0.0880909,0.399,0.302,0.329,13.652,16.352,16.252
2018-07-23 19:00:00,10.352,91.9609,0.1012342,0.402,0.302,0.329,13.352,16.202,16.202
2018-07-23 20:00:00,10.452,90.12598,0.12517309,0.403,0.302,0.329,13.102,16.052,16.202
2018-07-23 21:00:00,10.452,91.65787,0.10575247,0.403,0.303,0.329,13.002,15.902,16.202
2018-07-23 22:00:00,10.502,91.352936,0.1099838,0.402,0.303,0.329,12.902,15.752,16.152
2018-07-23 23:00:00,10.602,92.28583,0.098772526,0.402,0.303,0.329,12.852,15.602,16.152
2018-07-24 00:00:00,10.902,92.613304,0.09648323,0.402,0.303,0.329,12.852,15.502,16.102
2018-07-24 01:00:00,11.302,92.32667,0.102918744,0.405,0.303,0.329,12.952,15.352,16.102
2018-07-24 02:00:00,11.602,93.27188,0.09204626,0.413,0.304,0.329,13.052,15.252,16.102
2018-07-24 03:00:00,12.052,93.29483,0.09449172,0.426,0.304,0.329,13.152,15.152,16.052
2018-07-24 04:00:00,12.202,93.612175,0.09091067,0.43,0.304,0.329,13.252,15.102,16.052
2018-07-24 05:00:00,12.652,90.58698,0.13797808,0.43,0.305,0.329,13.402,15.002,16.001999
2018-07-24 06:00:00,13.402,86.25555,0.21157789,0.429,0.305,0.329,13.652,14.952,16.001999
2018-07-24 07:00:00,13.552,85.417366,0.22668135,0.428,0.306,0.329,13.902,14.902,16.001999
2018-07-24 08:00:00,14.252,80.54864,0.3164041,0.427,0.306,0.329,14.252,14.902,15.952
2018-07-24 09:00:00,15.302,74.28462,0.44755697,0.425,0.306,0.329,14.752,14.902,15.952
2018-07-24 10:00:00,15.752,74.11605,0.46364653,0.424,0.307,0.329,15.152,14.952,15.902
2018-07-24 11:00:00,16.302,73.23697,0.49649358,0.422,0.307,0.329,15.752,15.002,15.902
2018-07-24 12:00:00,16.652,72.81715,0.5156146,0.42,0.307,0.329,16.102,15.052,15.902
2018-07-24 13:00:00,16.702,74.2798,0.4894117,0.419,0.308,0.329,16.252,15.152,15.852
2018-07-24 14:00:00,16.652,75.007774,0.474051,0.418,0.308,0.329,16.202,15.202,15.852
2018-07-24 15:00:00,16.001999,77.66494,0.40649366,0.417,0.308,0.329,15.752,15.252,15.852
2018-07-24 16:00:00,15.002,82.2616,0.3028171,0.416,0.309,0.329,15.102,15.252,15.802
2018-07-24 17:00:00,14.252,85.20949,0.24057901,0.415,0.309,0.329,14.502,15.202,15.802
2018-07-24 18:00:00,13.752,87.72711,0.19326651,0.414,0.309,0.329,14.052,15.152,15.802
2018-07-24 19:00:00,13.852,85.166794,0.23510921,0.414,0.309,0.329,13.752,15.102,15.752
2018-07-24 20:00:00,13.952,84.616,0.24542534,0.413,0.31,0.329,13.602,15.002,15.752
2018-07-24 21:00:00,14.052,84.06916,0.25580072,0.412,0.31,0.329,13.552,14.952,15.702
2018-07-24 22:00:00,13.952,84.057755,0.2543323,0.411,0.31,0.329,13.502,14.902,15.702
2018-07-24 23:00:00,13.902,84.33084,0.2491672,0.411,0.31,0.329,13.452,14.852,15.702
2018-07-25 00:00:00,13.602,85.99039,0.21848142,0.41,0.31,0.329,13.352,14.752,15.652
2018-07-25 01:00:00,14.602,83.30395,0.2777803,0.409,0.311,0.329,13.802,14.752,15.652
2018-07-25 02:00:00,16.602,77.24851,0.43017244,0.408,0.311,0.329,15.002,14.752,15.652
2018-07-25 03:00:00,18.202,71.676384,0.5923835,0.407,0.311,0.329,16.302,14.852,15.602
2018-07-25 04:00:00,20.052,65.346214,0.8132105,0.406,0.311,0.328,17.952,15.002,15.602
2018-07-25 05:00:00,21.452,60.53893,1.0092286,0.403,0.311,0.328,19.352,15.252,15.602
2018-07-25 06:00:00,22.952,54.008675,1.288563,0.401,0.311,0.328,21.002,15.552,15.552
2018-07-25 07:00:00,24.002,49.386486,1.5106302,0.398,0.311,0.328,22.102,15.852,15.552
2018-07-25 08:00:00,24.502,45.62486,1.6722684,0.395,0.311,0.328,22.952,16.202,15.552
2018-07-25 09:00:00,24.402,44.99988,1.6814386,0.392,0.311,0.328,23.152,16.552,15.552
2018-07-25 10:00:00,24.052,45.35119,1.6360781,0.389,0.311,0.328,23.002,16.852,15.502
2018-07-25 11:00:00,24.102,44.473354,1.6673689,0.387,0.31,0.328,23.202,17.152,15.502
2018-07-25 12:00:00,23.602,43.313435,1.6519375,0.385,0.31,0.328,22.852,17.402,15.502
2018-07-25 13:00:00,22.902,44.288174,1.5564473,0.383,0.31,0.328,22.252,17.602,15.502
2018-07-25 14:00:00,21.602,49.067905,1.314813,0.382,0.31,0.328,21.252,17.752,15.502
2018-07-25 15:00:00,19.702,54.61181,1.0424578,0.381,0.31,0.328,19.952,17.852,15.502
2018-07-25 16:00:00,17.952,60.11195,0.8213873,0.381,0.31,0.328,18.652,17.852,15.502
2018-07-25 17:00:00,16.702,64.40305,0.6774186,0.381,0.311,0.328,17.652,17.802,15.502
2018-07-25 18:00:00,15.652,67.945305,0.5705575,0.38,0.311,0.328,16.802,17.702,15.502
2018-07-25 19:00:00,14.852,71.76665,0.47740006,0.38,0.311,0.328,16.102,17.602,15.502
2018-07-25 20:00:00,14.052,74.566696,0.40841317,0.38,0.311,0.328,15.552,17.502,15.452
2018-07-25 21:00:00,13.352,77.51487,0.34502804,0.38,0.311,0.328,15.002,17.302,15.452
2018-07-25 22:00:00,12.752,80.0731,0.29403174,0.379,0.311,0.328,14.502,17.152,15.452
2018-07-25 23:00:00,12.202,82.73673,0.24570727,0.379,0.311,0.328,14.052,17.002,15.452
2018-07-26 00:00:00,11.802,84.659935,0.21266246,0.379,0.311,0.328,13.702,16.802,15.452
2018-07-26 01:00:00,12.702,81.69574,0.26920402,0.379,0.311,0.328,14.002,16.652,15.452
2018-07-26 02:00:00,14.902,72.986755,0.4582355,0.378,0.311,0.328,15.252,16.552,15.452
2018-07-26 03:00:00,17.252,63.66949,0.71585655,0.377,0.311,0.328,16.952,16.552,15.402
2018-07-26 04:00:00,19.302,55.059055,1.0068891,0.376,0.311,0.328,18.702,16.652,15.402
2018-07-26 05:00:00,20.952,46.02097,1.3391999,0.374,0.311,0.328,20.352,16.802,15.402
2018-07-26 06:00:00,22.252,42.21744,1.5520208,0.371,0.311,0.328,21.802,17.052,15.402
2018-07-26 07:00:00,23.552,42.440468,1.6723673,0.369,0.31,0.328,23.102,17.302,15.402
2018-07-26 08:00:00,24.552,42.156372,1.7843668,0.366,0.31,0.327,24.152,17.602,15.402
2018-07-26 09:00:00,25.202,41.919735,1.8623471,0.363,0.31,0.327,24.752,17.952,15.402
2018-07-26 10:00:00,25.152,42.46399,1.839407,0.361,0.31,0.327,24.652,18.252,15.402
2018-07-26 11:00:00,25.252,42.491833,1.8494632,0.359,0.309,0.327,24.702,18.502,15.402
2018-07-26 12:00:00,24.752,44.800186,1.7231529,0.358,0.309,0.327,24.052,18.752,15.402
2018-07-26 13:00:00,24.502,47.14912,1.6253456,0.357,0.309,0.327,23.502,18.902,15.402
2018-07-26 14:00:00,23.602,52.611244,1.3807652,0.356,0.309,0.327,22.752,19.052,15.402
2018-07-26 15:00:00,21.952,59.1002,1.0784247,0.356,0.309,0.327,21.552,19.102,15.402
2018-07-26 16:00:00,20.402,64.36575,0.85447216,0.356,0.309,0.327,20.402,19.102,15.402
2018-07-26 17:00:00,19.602,67.19481,0.7486806,0.355,0.309,0.327,19.602,19.102,15.402
2018-07-26 18:00:00,19.152,68.65329,0.69567776,0.355,0.309,0.327,19.052,19.052,15.402
2018-07-26 19:00:00,18.702,67.22896,0.70720017,0.355,0.309,0.327,18.602,18.952,15.402
2018-07-26 20:00:00,18.202,68.463264,0.6596106,0.355,0.309,0.327,18.152,18.852,15.402
2018-07-26 21:00:00,17.652,70.40882,0.59790206,0.355,0.309,0.327,17.802,18.752,15.402
2018-07-26 22:00:00,17.252,72.209335,0.5475364,0.355,0.309,0.327,17.502,18.652,15.402
2018-07-26 23:00:00,16.852,74.06169,0.49827433,0.354,0.309,0.327,17.202,18.552,15.402
2018-07-27 00:00:00,16.202,77.18647,0.42052472,0.354,0.309,0.327,16.802,18.402,15.402
2018-07-27 01:00:00,16.752,76.767265,0.44347,0.354,0.309,0.327,16.952,18.302,15.402
2018-07-27 02:00:00,18.802,70.169044,0.64775634,0.354,0.309,0.327,18.102,18.252,15.402
2018-07-27 03:00:00,20.752,63.817036,0.88651264,0.353,0.309,0.327,19.602,18.252,15.402
2018-07-27 04:00:00,22.752,58.717987,1.142635,0.352,0.309,0.327,21.352,18.402,15.402
2018-07-27 05:00:00,24.452,53.34553,1.430346,0.35,0.309,0.327,22.952,18.552,15.402
2018-07-27 06:00:00,25.702,45.20871,1.8096026,0.348,0.309,0.327,24.502,18.802,15.402
2018-07-27 07:00:00,26.002,43.835003,1.888192,0.346,0.309,0.327,25.102,19.052,15.402
2018-07-27 08:00:00,26.402,41.023014,2.0301275,0.344,0.308,0.327,25.802,19.352,15.402
2018-07-27 09:00:00,26.702,39.515305,2.1191237,0.342,0.308,0.327,26.252,19.602,15.402
2018-07-27 10:00:00,26.802,38.640358,2.1624696,0.34,0.308,0.326,26.552,19.902,15.402
2018-07-27 11:00:00,26.802,38.51286,2.1669686,0.338,0.307,0.326,26.602,20.152,15.402
2018-07-27 12:00:00,26.352,39.809998,2.0658455,0.336,0.307,0.326,26.152,20.352,15.452
2018-07-27 13:00:00,25.602,42.309425,1.8942255,0.335,0.307,0.326,25.402,20.552,15.452
2018-07-27 14:00:00,24.352,47.41871,1.6026274,0.335,0.307,0.326,24.302,20.652,15.452
2018-07-27 15:00:00,22.452,53.35372,1.2679824,0.334,0.307,0.326,22.952,20.702,15.452
2018-07-27 16:00:00,20.652,58.982147,0.9988862,0.334,0.307,0.326,21.552,20.652,15.452
2018-07-27 17:00:00,19.552,61.90236,0.8668356,0.334,0.307,0.326,20.602,20.552,15.502
2018-07-27 18:00:00,18.302,65.83218,0.71915245,0.334,0.307,0.326,19.652,20.452,15.502
2018-07-27 19:00:00,16.952,68.66468,0.60580647,0.334,0.307,0.326,18.752,20.302,15.502
2018-07-27 20:00:00,16.052,71.98922,0.5114461,0.334,0.307,0.326,18.052,20.102,15.502
2018-07-27 21:00:00,15.252,75.02052,0.43335557,0.334,0.307,0.326,17.402,19.952,15.502
2018-07-27 22:00:00,14.502,78.210945,0.3602023,0.333,0.307,0.326,16.802,19.702,15.502
2018-07-27 23:00:00,13.852,81.301796,0.29637957,0.333,0.307,0.326,16.302,19.502,15.502
2018-07-28 00:00:00,13.302,83.98328,0.24496186,0.333,0.307,0.326,15.802,19.252,15.502
2018-07-28 01:00:00,14.002,82.95707,0.27277577,0.333,0.307,0.326,16.001999,19.052,15.502
2018-07-28 02:00:00,16.352,72.52294,0.51136637,0.333,0.307,0.326,17.402,18.902,15.502
2018-07-28 03:00:00,18.502,64.159546,0.76386786,0.332,0.307,0.326,19.102,18.902,15.502
2018-07-28 04:00:00,20.202,54.921867,1.0678248,0.332,0.307,0.326,20.852,18.952,15.502
2018-07-28 05:00:00,21.352,48.51162,1.3090405,0.33,0.307,0.326,22.402,19.052,15.552
2018-07-28 06:00:00,22.252,44.553604,1.4892206,0.329,0.306,0.326,23.702,19.202,15.552
2018-07-28 07:00:00,23.252,42.214603,1.6488899,0.327,0.306,0.326,24.852,19.452,15.552
2018-07-28 08:00:00,23.852,40.307552,1.7659315,0.325,0.306,0.326,25.802,19.702,15.552
2018-07-28 09:00:00,24.302,39.36508,1.8428419,0.323,0.306,0.326,26.402,19.952,15.552
2018-07-28 10:00:00,24.552,38.391537,1.9006314,0.322,0.305,0.326,26.602,20.202,15.552
2018-07-28 11:00:00,24.552,37.87867,1.9164704,0.32,0.305,0.325,26.252,20.402,15.552
2018-07-28 12:00:00,24.302,37.80784,1.8902205,0.319,0.305,0.325,25.602,20.602,15.552
2018-07-28 13:00:00,23.652,40.25107,1.7465076,0.319,0.305,0.325,24.652,20.702,15.552
2018-07-28 14:00:00,22.602,45.86047,1.485284,0.318,0.305,0.325,23.552,20.752,15.602
2018-07-28 15:00:00,21.002,51.760902,1.2003747,0.318,0.305,0.325,22.302,20.752,15.602
2018-07-28 16:00:00,19.602,56.62427,0.9900588,0.318,0.305,0.325,21.052,20.702,15.602
2018-07-28 17:00:00,18.502,60.846687,0.8345078,0.318,0.305,0.325,20.002,20.602,15.602
2018-07-28 18:00:00,17.502,65.44337,0.6917082,0.318,0.305,0.325,19.152,20.452,15.602
2018-07-28 19:00:00,16.952,70.74028,0.56566644,0.318,0.305,0.325,18.502,20.302,15.602
2018-07-28 20:00:00,16.702,72.10876,0.53073514,0.318,0.305,0.325,18.202,20.152,15.652
2018-07-28 21:00:00,16.052,75.15473,0.45363283,0.318,0.305,0.325,17.702,19.952,15.652
2018-07-28 22:00:00,15.502,77.58838,0.39507234,0.318,0.305,0.325,17.202,19.752,15.652
2018-07-28 23:00:00,15.002,79.59192,0.34840035,0.318,0.305,0.325,16.752,19.552,15.652
2018-07-29 00:00:00,14.352,82.179924,0.2917428,0.317,0.305,0.325,16.252,19.352,15.652
2018-07-29 01:00:00,15.102,83.637436,0.2811252,0.317,0.305,0.325,16.552,19.152,15.652
2018-07-29 02:00:00,18.302,65.61539,0.72371733,0.317,0.305,0.325,18.352,19.052,15.652
2018-07-29 03:00:00,20.702,54.867054,1.1025447,0.317,0.305,0.325,20.202,19.102,15.652
2018-07-29 04:00:00,22.402,48.47299,1.3965235,0.316,0.305,0.325,21.852,19.152,15.652
2018-07-29 05:00:00,23.952,43.266823,1.6883947,0.315,0.304,0.325,23.852,19.352,15.652
2018-07-29 06:00:00,24.552,42.01651,1.7886859,0.314,0.304,0.325,25.402,19.552,15.652
2018-07-29 07:00:00,25.152,41.62908,1.8661277,0.313,0.304,0.325,26.102,19.802,15.652
2018-07-29 08:00:00,25.452,40.353924,1.9411845,0.312,0.304,0.325,26.602,20.052,15.652
2018-07-29 09:00:00,26.052,38.814568,2.0632553,0.311,0.303,0.325,27.452,20.352,15.652
2018-07-29 10:00:00,26.352,37.75442,2.1364856,0.31,0.303,0.325,27.752,20.652,15.702
2018-07-29 11:00:00,26.502,37.05028,2.1798356,0.308,0.303,0.325,27.802,20.902,15.702
2018-07-29 12:00:00,26.502,36.68201,2.1926043,0.307,0.303,0.324,27.402,21.152,15.702
2018-07-29 13:00:00,26.152,37.32326,2.1261072,0.307,0.303,0.324,26.602,21.302,15.702
2018-07-29 14:00:00,25.552,41.465847,1.9162748,0.306,0.302,0.324,25.552,21.452,15.702
2018-07-29 15:00:00,23.952,48.73015,1.5256594,0.306,0.302,0.324,24.052,21.452,15.752
2018-07-29 16:00:00,22.252,55.98635,1.1819416,0.306,0.302,0.324,22.802,21.452,15.752
2018-07-29 17:00:00,20.652,63.58777,0.8866693,0.306,0.302,0.324,21.702,21.402,15.752
2018-07-29 18:00:00,19.402,70.05612,0.67493165,0.306,0.302,0.324,20.802,21.302,15.752
2018-07-29 19:00:00,18.702,71.76846,0.60920274,0.306,0.302,0.324,20.052,21.152,15.802
2018-07-29 20:00:00,18.002,75.96992,0.49629736,0.306,0.302,0.324,19.502,21.002,15.802
2018-07-29 21:00:00,17.352,80.70276,0.38256633,0.306,0.302,0.324,18.952,20.802,15.802
2018-07-29 22:00:00,17.052,84.40614,0.3033352,0.306,0.302,0.324,18.602,20.652,15.802
2018-07-29 23:00:00,16.452,89.68574,0.19314313,0.306,0.302,0.324,18.152,20.452,15.802
2018-07-30 00:00:00,16.152,93.1986,0.1249516,0.306,0.302,0.324,17.852,20.252,15.802
2018-07-30 01:00:00,16.952,91.17381,0.1705941,0.306,0.302,0.324,18.152,20.102,15.802
2018-07-30 02:00:00,18.252,85.90093,0.29575157,0.306,0.302,0.324,19.002,20.002,15.852
2018-07-30 03:00:00,19.902,78.00004,0.51141465,0.305,0.302,0.324,20.252,19.952,15.852
2018-07-30 04:00:00,21.502,69.338356,0.7864723,0.305,0.302,0.324,21.702,19.952,15.852
2018-07-30 05:00:00,22.802,62.638603,1.0371805,0.304,0.302,0.324,23.102,20.052,15.852
2018-07-30 06:00:00,24.202,55.74657,1.336559,0.304,0.302,0.324,24.702,20.202,15.852
2018-07-30 07:00:00,24.052,58.462585,1.243257,0.303,0.302,0.324,25.452,20.402,15.852
2018-07-30 08:00:00,24.602,58.034813,1.2980325,0.302,0.302,0.324,26.252,20.602,15.852
2018-07-30 09:00:00,23.952,61.507893,1.1451641,0.316,0.301,0.324,26.402,20.802,15.852
2018-07-30 10:00:00,22.352,70.16851,0.80578446,0.36,0.301,0.324,25.902,21.002,15.902
2018-07-30 11:00:00,22.052,71.917145,0.7448386,0.367,0.301,0.324,24.852,21.102,15.902
2018-07-30 12:00:00,21.702,72.31237,0.7188724,0.367,0.301,0.324,23.602,21.152,15.902
2018-07-30 13:00:00,20.402,78.82225,0.5077144,0.37,0.301,0.324,22.702,21.152,15.902
2018-07-30 14:00:00,19.502,80.47233,0.44282734,0.371,0.302,0.324,21.602,21.102,15.902
2018-07-30 15:00:00,18.352,82.145164,0.37690425,0.373,0.302,0.324,20.652,21.002,15.902
2018-07-30 16:00:00,17.352,84.43928,0.30847633,0.378,0.302,0.324,19.802,20.852,15.952
2018-07-30 17:00:00,16.502,86.84069,0.24720967,0.388,0.302,0.324,19.102,20.702,15.952
2018-07-30 18:00:00,15.502,92.56506,0.13104379,0.407,0.302,0.324,18.502,20.552,15.952
2018-07-30 19:00:00,14.752,92.5233,0.12558997,0.419,0.302,0.324,17.952,20.352,15.952
2018-07-30 20:00:00,14.102,94.93401,0.08160007,0.432,0.302,0.324,17.452,20.152,15.952
2018-07-30 21:00:00,13.552,95.53597,0.06938577,0.45,0.303,0.324,17.052,19.902,15.952
2018-07-30 22:00:00,13.102,95.8346,0.06287575,0.463,0.304,0.324,16.652,19.702,15.952
2018-07-30 23:00:00,12.702,95.82183,0.061442733,0.472,0.305,0.324,16.302,19.452,15.952
2018-07-31 00:00:00,12.352,96.12727,0.055660248,0.482,0.307,0.324,15.952,19.252,15.952
2018-07-31 01:00:00,12.202,96.122795,0.05517888,0.488,0.311,0.324,15.752,19.002,15.952
2018-07-31 02:00:00,12.352,96.12727,0.055660248,0.491,0.314,0.324,15.702,18.802,15.952
2018-07-31 03:00:00,12.352,96.44488,0.051095366,0.49,0.318,0.324,15.652,18.602,15.952
2018-07-31 04:00:00,12.652,95.19105,0.07048845,0.486,0.321,0.324,15.752,18.402,15.952
2018-07-31 05:00:00,12.902,93.95504,0.0900656,0.483,0.324,0.324,15.802,18.252,15.952
2018-07-31 06:00:00,13.102,89.724464,0.15511405,0.478,0.326,0.324,15.752,18.052,15.952
2018-07-31 07:00:00,13.902,89.49055,0.16711152,0.476,0.328,0.324,16.102,17.952,15.952
2018-07-31 08:00:00,13.952,86.59562,0.21384025,0.472,0.33,0.324,16.052,17.802,15.952
2018-07-31 09:00:00,14.452,81.921135,0.2978965,0.469,0.331,0.324,16.302,17.702,15.952
2018-07-31 10:00:00,14.752,77.9892,0.36977625,0.465,0.333,0.324,16.502,17.602,15.902
2018-07-31 11:00:00,14.552,75.90916,0.3995477,0.462,0.334,0.324,16.402,17.552,15.902
2018-07-31 12:00:00,14.552,72.92369,0.4490732,0.458,0.334,0.324,16.402,17.452,15.902
2018-07-31 13:00:00,14.752,68.44899,0.53009224,0.455,0.335,0.324,16.402,17.352,15.902
2018-07-31 14:00:00,14.652,67.055565,0.54995704,0.453,0.336,0.324,16.202,17.302,15.902
2018-07-31 15:00:00,14.352,66.76555,0.54416895,0.45,0.337,0.324,15.902,17.202,15.902
2018-07-31 16:00:00,14.102,66.486084,0.5399504,0.448,0.337,0.324,15.552,17.102,15.902
2018-07-31 17:00:00,13.802,66.648605,0.52699053,0.446,0.338,0.324,15.302,17.002,15.852
2018-07-31 18:00:00,13.652,66.61662,0.52238655,0.445,0.338,0.324,15.052,16.852,15.852
2018-07-31 19:00:00,13.452,67.950874,0.49502814,0.443,0.339,0.324,14.902,16.752,15.852
2018-07-31 20:00:00,13.452,67.03013,0.5092529,0.441,0.339,0.324,14.852,16.652,15.852
2018-07-31 21:00:00,13.502,66.35755,0.52133584,0.44,0.34,0.324,14.752,16.552,15.852
2018-07-31 22:00:00,13.502,66.1312,0.52484405,0.439,0.34,0.324,14.702,16.402,15.802
2018-07-31 23:00:00,13.402,67.47864,0.5006926,0.438,0.34,0.324,14.652,16.302,15.802
2018-08-01 00:00:00,13.252,69.312874,0.46785676,0.437,0.341,0.324,14.452,16.202,15.802
2018-08-01 01:00:00,13.302,70.99214,0.44369173,0.436,0.341,0.324,14.452,16.102,15.802
2018-08-01 02:00:00,13.752,71.07824,0.45550323,0.434,0.341,0.324,14.752,16.052,15.752
2018-08-01 03:00:00,14.852,66.87138,0.5601975,0.433,0.342,0.324,15.452,16.001999,15.752
2018-08-01 04:00:00,16.202,61.745975,0.7052479,0.431,0.342,0.324,16.452,16.052,15.752
2018-08-01 05:00:00,17.402,56.260975,0.87009346,0.428,0.342,0.324,17.452,16.102,15.752
2018-08-01 06:00:00,18.852,50.330967,1.082151,0.426,0.342,0.324,18.902,16.252,15.752
2018-08-01 07:00:00,20.052,48.320377,1.2130249,0.422,0.342,0.324,20.302,16.452,15.702
2018-08-01 08:00:00,20.702,46.892204,1.2975014,0.419,0.342,0.324,21.152,16.652,15.702
2018-08-01 09:00:00,21.452,44.93283,1.408682,0.416,0.341,0.324,21.952,16.952,15.702
2018-08-01 10:00:00,21.552,44.50829,1.4282478,0.413,0.341,0.324,22.052,17.152,15.702
2018-08-01 11:00:00,21.752,43.524445,1.4714346,0.41,0.341,0.323,22.052,17.402,15.702
2018-08-01 12:00:00,21.652,43.20326,1.4708123,0.408,0.341,0.323,21.702,17.602,15.702
2018-08-01 13:00:00,21.352,44.15299,1.4199407,0.406,0.341,0.323,21.102,17.752,15.702
2018-08-01 14:00:00,20.302,50.55008,1.1786982,0.405,0.341,0.323,20.252,17.852,15.702
2018-08-01 15:00:00,18.702,57.350372,0.92049074,0.405,0.341,0.323,19.052,17.852,15.652
2018-08-01 16:00:00,17.102,64.49136,0.69306064,0.404,0.341,0.323,17.852,17.852,15.652
2018-08-01 17:00:00,15.802,71.465996,0.5127628,0.404,0.341,0.323,16.952,17.752,15.652
2018-08-01 18:00:00,14.902,77.23922,0.3860849,0.403,0.341,0.323,16.252,17.652,15.652
2018-08-01 19:00:00,14.352,81.367546,0.30504465,0.403,0.341,0.323,15.702,17.502,15.652
2018-08-01 20:00:00,13.752,86.29045,0.21589279,0.403,0.341,0.323,15.202,17.402,15.652
2018-08-01 21:00:00,13.252,90.03274,0.15193808,0.402,0.341,0.323,14.802,17.202,15.652
2018-08-01 22:00:00,12.752,92.41022,0.111981034,0.402,0.341,0.323,14.452,17.052,15.652
2018-08-01 23:00:00,12.352,93.92975,0.087245345,0.402,0.342,0.323,14.102,16.902,15.652
2018-08-02 00:00:00,12.102,95.17075,0.06827867,0.402,0.342,0.323,13.852,16.702,15.652
2018-08-02 01:00:00,12.952,94.577896,0.08104944,0.401,0.342,0.323,14.152,16.552,15.602
2018-08-02 02:00:00,15.602,86.19146,0.2449578,0.401,0.342,0.323,15.552,16.502,15.602
2018-08-02 03:00:00,17.702,78.940216,0.42681932,0.4,0.342,0.323,17.152,16.502,15.602
2018-08-02 04:00:00,19.602,70.77912,0.6668471,0.399,0.342,0.323,18.952,16.652,15.602
2018-08-02 05:00:00,20.902,65.10461,0.8628571,0.397,0.341,0.323,20.552,16.802,15.602
2018-08-02 06:00:00,21.802,63.8412,0.944679,0.395,0.341,0.323,21.802,17.052,15.602
2018-08-02 07:00:00,22.502,64.1999,0.9759321,0.393,0.341,0.323,22.752,17.302,15.552
2018-08-02 08:00:00,22.702,65.27902,0.9580271,0.392,0.341,0.323,23.152,17.602,15.552
2018-08-02 09:00:00,23.052,64.52475,0.99976766,0.39,0.34,0.323,23.702,17.852,15.552
2018-08-02 10:00:00,23.102,63.71653,1.0256476,0.389,0.34,0.323,23.802,18.152,15.552
2018-08-02 11:00:00,21.802,65.29696,0.9066253,0.397,0.34,0.323,23.402,18.352,15.552
2018-08-02 12:00:00,21.052,66.198,0.8435279,0.398,0.34,0.323,22.202,18.502,15.552
2018-08-02 13:00:00,20.602,66.965294,0.80191576,0.398,0.34,0.323,21.402,18.602,15.552
2018-08-02 14:00:00,20.052,68.83191,0.731377,0.397,0.34,0.323,20.652,18.702,15.552
2018-08-02 15:00:00,18.752,73.90638,0.5648129,0.397,0.34,0.323,19.652,18.702,15.552
2018-08-02 16:00:00,17.702,78.68467,0.43199956,0.396,0.34,0.323,18.752,18.652,15.552
2018-08-02 17:00:00,16.602,83.53909,0.3112123,0.396,0.34,0.323,17.952,18.552,15.552
2018-08-02 18:00:00,15.752,86.769295,0.23696518,0.396,0.34,0.323,17.252,18.452,15.552
2018-08-02 19:00:00,15.052,83.63161,0.28032422,0.395,0.34,0.323,16.652,18.302,15.552
2018-08-02 20:00:00,14.352,84.38132,0.2556976,0.395,0.34,0.323,16.152,18.152,15.552
2018-08-02 21:00:00,13.752,84.03489,0.25141728,0.395,0.34,0.323,15.652,18.002,15.552
2018-08-02 22:00:00,13.202,83.13647,0.25624073,0.395,0.341,0.323,15.202,17.802,15.552
2018-08-02 23:00:00,12.702,81.69574,0.26920402,0.394,0.341,0.323,14.802,17.652,15.552
2018-08-03 00:00:00,12.402,80.02399,0.28807855,0.394,0.341,0.323,14.502,17.452,15.552
2018-08-03 01:00:00,12.802,77.69084,0.33026636,0.394,0.341,0.323,14.552,17.252,15.552
2018-08-03 02:00:00,14.402,71.201965,0.47303677,0.393,0.341,0.323,15.452,17.152,15.552
2018-08-03 03:00:00,16.402,65.42365,0.64558184,0.392,0.341,0.323,16.902,17.102,15.552
2018-08-03 04:00:00,18.402,61.842316,0.8082088,0.391,0.341,0.323,18.652,17.202,15.552
2018-08-03 05:00:00,20.052,59.42271,0.9522928,0.389,0.34,0.323,20.252,17.302,15.552
2018-08-03 06:00:00,21.502,56.722084,1.1102952,0.387,0.34,0.323,21.902,17.502,15.552
2018-08-03 07:00:00,22.602,53.56748,1.2736906,0.384,0.34,0.323,23.252,17.752,15.552
2018-08-03 08:00:00,23.352,49.86424,1.4390708,0.382,0.339,0.323,24.202,18.052,15.552
2018-08-03 09:00:00,23.902,47.296684,1.5636623,0.379,0.339,0.323,24.852,18.352,15.552
2018-08-03 10:00:00,24.302,45.569996,1.6540794,0.377,0.338,0.323,25.202,18.652,15.552
2018-08-03 11:00:00,24.452,44.423077,1.704171,0.375,0.338,0.323,25.152,18.952,15.552
2018-08-03 12:00:00,24.402,43.970757,1.7129321,0.373,0.338,0.322,24.852,19.202,15.552
2018-08-03 13:00:00,24.052,44.459515,1.6627989,0.372,0.337,0.322,24.052,19.402,15.552
2018-08-03 14:00:00,23.152,50.969864,1.3904525,0.372,0.337,0.322,22.902,19.502,15.552
2018-08-03 15:00:00,21.502,58.227108,1.0716592,0.371,0.337,0.322,21.452,19.552,15.552
2018-08-03 16:00:00,19.602,65.677605,0.7833222,0.371,0.337,0.322,20.052,19.502,15.552
2018-08-03 17:00:00,18.502,69.65442,0.6467123,0.371,0.337,0.322,19.202,19.452,15.552
2018-08-03 18:00:00,17.652,72.51942,0.5552429,0.371,0.337,0.322,18.452,19.352,15.552
2018-08-03 19:00:00,17.002,73.12005,0.52129173,0.371,0.337,0.322,17.852,19.202,15.552
2018-08-03 20:00:00,16.452,74.974236,0.4687022,0.371,0.337,0.322,17.302,19.052,15.552
2018-08-03 21:00:00,16.001999,75.89428,0.43872714,0.371,0.337,0.322,16.902,18.902,15.552
2018-08-03 22:00:00,15.752,75.603096,0.43700337,0.37,0.337,0.322,16.552,18.752,15.602
2018-08-03 23:00:00,15.552,74.82248,0.44526267,0.37,0.337,0.322,16.252,18.552,15.602
2018-08-04 00:00:00,15.302,74.03797,0.4518509,0.37,0.338,0.322,15.952,18.402,15.602
2018-08-04 01:00:00,15.952,72.45024,0.49983084,0.37,0.338,0.322,16.152,18.252,15.602
2018-08-04 02:00:00,18.352,65.626114,0.7257588,0.37,0.337,0.322,17.252,18.152,15.602
2018-08-04 03:00:00,21.252,55.55305,1.1230147,0.369,0.337,0.322,19.152,18.152,15.602
2018-08-04 04:00:00,22.852,50.72363,1.3723615,0.368,0.337,0.322,20.652,18.252,15.552
2018-08-04 05:00:00,24.302,47.094852,1.6076964,0.366,0.337,0.322,22.152,18.402,15.602
2018-08-04 06:00:00,25.302,45.544586,1.7563885,0.364,0.336,0.322,23.352,18.602,15.602
2018-08-04 07:00:00,26.252,45.655113,1.8540595,0.362,0.336,0.322,24.752,18.852,15.602
2018-08-04 08:00:00,26.602,47.255363,1.8368295,0.36,0.335,0.322,25.552,19.152,15.602
2018-08-04 09:00:00,26.852,48.557064,1.8179228,0.358,0.335,0.322,26.152,19.452,15.602
2018-08-04 10:00:00,24.802,55.895195,1.3806226,0.362,0.335,0.322,25.802,19.702,15.602
2018-08-04 11:00:00,23.352,64.17909,1.0279304,0.361,0.335,0.322,24.702,19.902,15.602
2018-08-04 12:00:00,23.402,64.18993,1.0307164,0.361,0.334,0.322,24.252,20.052,15.602
2018-08-04 13:00:00,23.302,63.76025,1.0368317,0.36,0.334,0.322,23.852,20.152,15.602
2018-08-04 14:00:00,22.902,65.53013,0.9626614,0.359,0.334,0.322,23.102,20.252,15.652
2018-08-04 15:00:00,21.702,70.94435,0.75440705,0.359,0.334,0.322,21.902,20.252,15.652
2018-08-04 16:00:00,19.952,79.009026,0.48946226,0.359,0.334,0.322,20.652,20.202,15.652
2018-08-04 17:00:00,18.552,85.112564,0.31820452,0.359,0.334,0.322,19.652,20.102,15.652
2018-08-04 18:00:00,17.502,88.62318,0.22766495,0.359,0.334,0.322,18.902,20.002,15.652
2018-08-04 19:00:00,16.552,88.25925,0.22125828,0.359,0.334,0.322,18.352,19.852,15.652
2018-08-04 20:00:00,15.752,87.05196,0.23190188,0.359,0.334,0.322,17.802,19.702,15.652
2018-08-04 21:00:00,15.002,84.73143,0.2606479,0.359,0.334,0.322,17.302,19.502,15.652
2018-08-04 22:00:00,14.352,81.90835,0.29618967,0.359,0.334,0.322,16.752,19.302,15.702
2018-08-04 23:00:00,13.902,79.17064,0.33123732,0.359,0.334,0.322,16.352,19.102,15.702
2018-08-05 00:00:00,13.402,78.04465,0.3379954,0.359,0.334,0.322,15.902,18.902,15.702
2018-08-05 01:00:00,13.852,74.78319,0.39972484,0.358,0.334,0.322,15.952,18.702,15.702
2018-08-05 02:00:00,15.152,68.76095,0.5385152,0.358,0.334,0.322,16.702,18.552,15.702
2018-08-05 03:00:00,16.802,64.21005,0.6854216,0.357,0.334,0.322,17.902,18.502,15.702
2018-08-05 04:00:00,18.802,60.313637,0.8618647,0.356,0.334,0.322,19.552,18.502,15.702
2018-08-05 05:00:00,20.602,57.62779,1.0287206,0.355,0.334,0.322,21.302,18.602,15.702
2018-08-05 06:00:00,21.902,55.352226,1.173741,0.353,0.333,0.322,22.702,18.752,15.702
2018-08-05 07:00:00,22.552,55.334602,1.2214768,0.352,0.333,0.322,23.602,18.952,15.702
2018-08-05 08:00:00,23.402,53.2495,1.3458693,0.35,0.333,0.322,24.452,19.202,15.702
2018-08-05 09:00:00,24.102,51.554024,1.4545656,0.348,0.332,0.322,25.002,19.402,15.702
2018-08-05 10:00:00,24.652,50.5363,1.5347528,0.347,0.332,0.321,25.402,19.652,15.702
2018-08-05 11:00:00,24.852,50.425037,1.5566427,0.345,0.332,0.321,25.302,19.902,15.702
2018-08-05 12:00:00,24.802,50.904984,1.5369772,0.344,0.331,0.321,25.002,20.052,15.702
2018-08-05 13:00:00,24.102,54.125355,1.377299,0.344,0.331,0.321,24.152,20.202,15.702
2018-08-05 14:00:00,22.652,60.426556,1.088707,0.343,0.331,0.321,23.102,20.302,15.752
2018-08-05 15:00:00,20.902,66.166565,0.8365848,0.343,0.331,0.321,21.852,20.302,15.752
2018-08-05 16:00:00,19.452,70.52182,0.6664947,0.343,0.331,0.321,20.752,20.252,15.752
2018-08-05 17:00:00,18.602,71.98409,0.6007867,0.343,0.331,0.321,19.952,20.152,15.752
2018-08-05 18:00:00,17.802,73.74198,0.53556,0.343,0.331,0.321,19.252,20.052,15.752
2018-08-05 19:00:00,17.252,72.209335,0.5475364,0.342,0.331,0.321,18.652,19.952,15.752
2018-08-05 20:00:00,16.652,73.541016,0.5018803,0.342,0.331,0.321,18.152,19.802,15.752
2018-08-05 21:00:00,16.252,74.44776,0.4725212,0.342,0.331,0.321,17.752,19.602,15.802
2018-08-05 22:00:00,15.852,75.619576,0.43950462,0.342,0.331,0.321,17.352,19.452,15.802
2018-08-05 23:00:00,15.502,77.33248,0.3995844,0.342,0.331,0.321,17.052,19.302,15.802
2018-08-06 00:00:00,15.352,78.07986,0.38271463,0.342,0.331,0.321,16.802,19.102,15.802
2018-08-06 01:00:00,15.902,77.394325,0.4088055,0.342,0.331,0.321,16.952,18.952,15.802
2018-08-06 02:00:00,17.502,73.448875,0.5314168,0.342,0.331,0.321,17.802,18.852,15.802
2018-08-06 03:00:00,19.302,68.68316,0.7015227,0.342,0.331,0.321,19.002,18.802,15.802
2018-08-06 04:00:00,20.602,66.74895,0.80717015,0.344,0.331,0.321,20.002,18.852,15.802
2018-08-06 05:00:00,21.802,65.92975,0.89008486,0.347,0.331,0.321,20.802,18.902,15.802
2018-08-06 06:00:00,23.402,62.37257,1.0830598,0.35,0.33,0.321,21.952,19.002,15.802
2018-08-06 07:00:00,25.152,53.86917,1.4744662,0.348,0.33,0.321,22.802,19.152,15.802
2018-08-06 08:00:00,25.952,50.87706,1.6463475,0.347,0.33,0.321,24.102,19.352,15.802
2018-08-06 09:00:00,25.552,54.317062,1.4951787,0.347,0.33,0.321,24.452,19.552,15.802
2018-08-06 10:00:00,25.502,56.96818,1.404171,0.348,0.33,0.321,24.452,19.702,15.802
2018-08-06 11:00:00,24.302,64.384125,1.0819626,0.352,0.329,0.321,23.952,19.852,15.802
2018-08-06 12:00:00,24.002,66.597725,0.9966272,0.353,0.329,0.321,23.352,20.002,15.802
2018-08-06 13:00:00,23.702,66.74694,0.9744866,0.352,0.329,0.321,22.902,20.052,15.852
2018-08-06 14:00:00,22.902,68.29715,0.8853437,0.352,0.329,0.321,22.252,20.102,15.852
2018-08-06 15:00:00,21.652,68.26646,0.8214637,0.354,0.329,0.321,21.452,20.102,15.852
2018-08-06 16:00:00,20.652,69.17274,0.75060964,0.354,0.329,0.321,20.552,20.052,15.852
2018-08-06 17:00:00,19.852,71.05532,0.6708411,0.354,0.329,0.321,20.002,20.002,15.852
2018-08-06 18:00:00,19.102,74.20607,0.5706264,0.354,0.329,0.321,19.552,19.902,15.852
2018-08-06 19:00:00,18.052,80.79603,0.39784503,0.354,0.329,0.321,19.052,19.802,15.852
2018-08-06 20:00:00,17.452,83.90771,0.321033,0.353,0.329,0.321,18.552,19.702,15.852
2018-08-06 21:00:00,16.952,86.88326,0.25353515,0.353,0.329,0.321,18.152,19.552,15.902
2018-08-06 22:00:00,16.202,90.8316,0.16897786,0.353,0.329,0.321,17.652,19.402,15.902
2018-08-06 23:00:00,15.652,93.17315,0.12148428,0.353,0.329,0.321,17.152,19.252,15.902
2018-08-07 00:00:00,15.352,94.06589,0.10359025,0.353,0.329,0.321,16.902,19.102,15.902
2018-08-07 01:00:00,15.752,93.479195,0.11678076,0.353,0.329,0.321,16.952,18.952,15.902
2018-08-07 02:00:00,17.752,85.57561,0.29323637,0.353,0.329,0.321,18.102,18.852,15.902
2018-08-07 03:00:00,19.452,77.1871,0.51574767,0.353,0.329,0.321,19.452,18.852,15.902
2018-08-07 04:00:00,20.952,68.5666,0.7795985,0.352,0.329,0.321,21.052,18.902,15.902
2018-08-07 05:00:00,22.352,61.339653,1.0444136,0.351,0.329,0.321,22.502,19.052,15.902
2018-08-07 06:00:00,23.252,57.523064,1.2117566,0.35,0.329,0.321,23.502,19.202,15.902
2018-08-07 07:00:00,24.302,54.351273,1.3870035,0.349,0.328,0.321,24.402,19.402,15.902
2018-08-07 08:00:00,24.852,52.7625,1.4831812,0.347,0.328,0.321,25.152,19.652,15.902
2018-08-07 09:00:00,25.352,51.37951,1.5726697,0.346,0.328,0.321,25.502,19.902,15.902
2018-08-07 10:00:00,25.602,50.949627,1.6102579,0.344,0.327,0.321,25.652,20.102,15.902
2018-08-07 11:00:00,25.902,50.375065,1.6582873,0.343,0.327,0.321,25.852,20.352,15.902
2018-08-07 12:00:00,25.702,51.1402,1.6135125,0.342,0.327,0.321,25.552,20.502,15.952
2018-08-07 13:00:00,25.252,53.2063,1.5045758,0.341,0.327,0.321,24.902,20.652,15.952
2018-08-07 14:00:00,24.202,59.822975,1.2133514,0.341,0.327,0.321,24.002,20.752,15.952
2018-08-07 15:00:00,22.502,67.35399,0.8899032,0.34,0.327,0.321,22.652,20.802,15.952
2018-08-07 16:00:00,20.952,74.75642,0.6260228,0.34,0.327,0.321,21.502,20.752,15.952
2018-08-07 17:00:00,19.652,81.52428,0.42287803,0.34,0.327,0.321,20.552,20.652,15.952
2018-08-07 18:00:00,18.502,87.305855,0.27047133,0.34,0.327,0.321,19.702,20.552,16.001999
2018-08-07 19:00:00,17.752,89.78318,0.20768893,0.34,0.327,0.321,19.052,20.402,16.001999
2018-08-07 20:00:00,17.152,91.77189,0.16105556,0.34,0.327,0.321,18.502,20.252,16.001999
2018-08-07 21:00:00,16.752,93.22896,0.12922299,0.34,0.327,0.321,18.102,20.102,16.001999
2018-08-07 22:00:00,16.402,94.41455,0.10425484,0.34,0.327,0.321,17.752,19.902,16.001999
2018-08-07 23:00:00,16.102,95.31539,0.08578777,0.34,0.327,0.321,17.502,19.752,16.001999
2018-08-08 00:00:00,15.752,96.84662,0.056471825,0.34,0.327,0.321,17.252,19.552,16.001999
2018-08-08 01:00:00,16.302,96.550575,0.06397605,0.34,0.327,0.321,17.402,19.402,16.001999
2018-08-08 02:00:00,18.502,88.70518,0.2406522,0.34,0.327,0.321,18.452,19.302,16.001999
2018-08-08 03:00:00,21.252,77.216286,0.5754732,0.34,0.326,0.321,20.302,19.302,16.001999
2018-08-08 04:00:00,23.802,64.89138,1.0350902,0.339,0.326,0.32,22.202,19.402,16.052
2018-08-08 05:00:00,25.952,54.940617,1.5100332,0.337,0.326,0.32,24.102,19.602,16.052
2018-08-08 06:00:00,27.552,48.123005,1.9098687,0.336,0.326,0.32,25.602,19.852,16.052
2018-08-08 07:00:00,28.752,43.179127,2.2430604,0.334,0.325,0.32,26.652,20.102,16.052
2018-08-08 08:00:00,29.402,39.87837,2.4641914,0.332,0.325,0.32,27.252,20.402,16.052
2018-08-08 09:00:00,30.352,36.55463,2.7461715,0.33,0.324,0.32,28.152,20.702,16.052
2018-08-08 10:00:00,29.352,39.607403,2.4682035,0.331,0.324,0.32,27.902,21.002,16.052
2018-08-08 11:00:00,27.102,50.52721,1.7740115,0.351,0.324,0.32,26.952,21.202,16.102
2018-08-08 12:00:00,26.402,52.820503,1.6236337,0.35,0.324,0.32,26.052,21.352,16.102
2018-08-08 13:00:00,25.652,57.91721,1.3854223,0.35,0.324,0.32,25.352,21.502,16.102
2018-08-08 14:00:00,24.352,64.598816,1.0786536,0.349,0.323,0.32,24.352,21.552,16.102
2018-08-08 15:00:00,22.952,67.8749,0.8998544,0.349,0.323,0.32,23.252,21.552,16.102
2018-08-08 16:00:00,22.002,69.656876,0.8023735,0.349,0.323,0.32,22.302,21.502,16.152
2018-08-08 17:00:00,21.052,72.89076,0.67644155,0.349,0.324,0.32,21.502,21.452,16.152
2018-08-08 18:00:00,20.352,75.85903,0.5770005,0.349,0.324,0.32,20.852,21.352,16.152
2018-08-08 19:00:00,20.702,64.64073,0.8636645,0.349,0.324,0.32,20.452,21.202,16.152
2018-08-08 20:00:00,19.652,66.7686,0.7607647,0.349,0.324,0.32,19.702,21.052,16.202
2018-08-08 21:00:00,19.252,65.60294,0.7681638,0.349,0.324,0.32,19.202,20.902,16.202
2018-08-08 22:00:00,18.902,65.0988,0.7626393,0.348,0.324,0.32,18.902,20.752,16.202
2018-08-08 23:00:00,18.502,65.6582,0.73191357,0.348,0.324,0.32,18.552,20.552,16.202
2018-08-09 00:00:00,18.352,66.27822,0.71198463,0.348,0.324,0.32,18.352,20.402,16.202
2018-08-09 01:00:00,18.752,68.12617,0.6899797,0.348,0.324,0.32,18.552,20.252,16.202
2018-08-09 02:00:00,20.952,63.03676,0.9168228,0.348,0.324,0.32,19.702,20.152,16.202
2018-08-09 03:00:00,23.102,57.11569,1.2123748,0.347,0.323,0.32,21.252,20.152,16.202
2018-08-09 04:00:00,25.602,50.296284,1.6317276,0.346,0.323,0.32,23.152,20.252,16.252
2018-08-09 05:00:00,27.702,44.588696,2.0580592,0.344,0.323,0.32,24.852,20.402,16.252
2018-08-09 06:00:00,29.702,37.822433,2.592897,0.342,0.322,0.32,26.652,20.652,16.252
2018-08-09 07:00:00,30.052,36.471245,2.7030199,0.34,0.322,0.32,27.952,20.952,16.252
2018-08-09 08:00:00,30.802,34.038754,2.9294698,0.338,0.321,0.32,28.752,21.252,16.252
2018-08-09 09:00:00,31.452,32.48124,3.1115332,0.336,0.321,0.319,29.402,21.602,16.252
2018-08-09 10:00:00,31.802,31.634647,3.2136378,0.334,0.321,0.319,29.652,21.902,16.302
2018-08-09 11:00:00,32.002,31.38057,3.2622385,0.332,0.32,0.319,29.652,22.202,16.302
2018-08-09 12:00:00,31.702,31.918795,3.1822143,0.331,0.32,0.319,29.202,22.452,16.302
2018-08-09 13:00:00,31.052,35.579315,2.901903,0.33,0.32,0.319,28.452,22.652,16.302
2018-08-09 14:00:00,29.752,41.150116,2.4609747,0.335,0.319,0.319,27.302,22.802,16.352
2018-08-09 15:00:00,27.552,42.849403,2.1042638,0.335,0.319,0.319,25.552,22.802,16.352
2018-08-09 16:00:00,25.802,47.3464,1.749238,0.335,0.319,0.319,24.302,22.802,16.352
2018-08-09 17:00:00,24.702,53.581947,1.444469,0.336,0.319,0.319,23.452,22.752,16.402
2018-08-09 18:00:00,23.702,53.50006,1.3630087,0.336,0.319,0.319,22.752,22.652,16.402
2018-08-09 19:00:00,21.902,57.56803,1.1154513,0.335,0.319,0.319,21.852,22.502,16.402
2018-08-09 20:00:00,21.802,54.425907,1.1908357,0.335,0.319,0.319,21.302,22.352,16.452
2018-08-09 21:00:00,21.702,52.81043,1.2255853,0.335,0.319,0.319,21.052,22.202,16.452
2018-08-09 22:00:00,21.352,53.069523,1.1930819,0.335,0.319,0.319,20.752,22.052,16.452
2018-08-09 23:00:00,21.102,53.357063,1.1677642,0.335,0.319,0.319,20.502,21.902,16.452
2018-08-10 00:00:00,21.002,54.221558,1.1391044,0.335,0.319,0.319,20.402,21.752,16.502
2018-08-10 01:00:00,20.952,57.14715,1.0629983,0.335,0.319,0.319,20.402,21.602,16.502
2018-08-10 02:00:00,21.252,59.319344,1.0277966,0.335,0.319,0.319,20.652,21.502,16.502
2018-08-10 03:00:00,21.102,63.070274,0.92445004,0.335,0.319,0.319,20.902,21.402,16.502
2018-08-10 04:00:00,20.002,72.47121,0.6439545,0.337,0.319,0.319,20.702,21.302,16.502
2018-08-10 05:00:00,19.752,77.48059,0.51866007,0.34,0.319,0.319,20.702,21.202,16.502
2018-08-10 06:00:00,19.702,82.5738,0.40008664,0.347,0.319,0.319,20.952,21.102,16.552
2018-08-10 07:00:00,20.102,80.80873,0.4516492,0.354,0.319,0.319,21.052,21.052,16.552
2018-08-10 08:00:00,20.852,74.26473,0.6343194,0.356,0.319,0.319,21.302,21.002,16.552
2018-08-10 09:00:00,22.602,62.79532,1.0204073,0.354,0.319,0.319,22.502,21.002,16.552
2018-08-10 10:00:00,23.302,57.53521,1.2150632,0.353,0.319,0.319,23.352,21.052,16.552
2018-08-10 11:00:00,23.752,54.564693,1.3357804,0.352,0.319,0.319,23.752,21.102,16.552
2018-08-10 12:00:00,23.852,53.191895,1.3844545,0.351,0.319,0.319,23.802,21.202,16.602
2018-08-10 13:00:00,23.702,52.125195,1.4033431,0.35,0.319,0.319,23.402,21.252,16.602
2018-08-10 14:00:00,22.702,54.298656,1.2612294,0.35,0.319,0.319,22.652,21.252,16.602
2018-08-10 15:00:00,21.502,57.658653,1.086252,0.35,0.319,0.319,21.752,21.202,16.602
2018-08-10 16:00:00,20.252,63.085667,0.8770405,0.35,0.319,0.319,20.952,21.102,16.602
2018-08-10 17:00:00,19.102,70.68478,0.6485561,0.349,0.319,0.319,20.252,21.002,16.602
2018-08-10 18:00:00,17.752,79.71816,0.4123423,0.349,0.319,0.319,19.552,20.852,16.602
2018-08-10 19:00:00,16.102,80.00877,0.3661523,0.349,0.319,0.319,18.752,20.702,16.602
2018-08-10 20:00:00,15.152,85.30489,0.25328326,0.349,0.319,0.319,18.002,20.502,16.652
2018-08-10 21:00:00,14.552,87.511215,0.20710576,0.349,0.319,0.319,17.452,20.302,16.652
2018-08-10 22:00:00,14.352,86.6345,0.21880579,0.349,0.319,0.319,17.102,20.102,16.652
2018-08-10 23:00:00,14.202,84.64359,0.24897945,0.349,0.319,0.319,16.902,19.902,16.652
2018-08-11 00:00:00,13.952,82.40248,0.28074348,0.349,0.319,0.319,16.702,19.702,16.652
2018-08-11 01:00:00,13.952,75.30393,0.39401305,0.349,0.319,0.319,16.702,19.502,16.652
2018-08-11 02:00:00,14.002,71.36636,0.45833027,0.349,0.319,0.319,16.802,19.352,16.652
2018-08-11 03:00:00,14.252,67.19881,0.53361523,0.348,0.319,0.319,16.902,19.202,16.652
2018-08-11 04:00:00,14.652,63.512222,0.6091244,0.348,0.319,0.319,17.102,19.052,16.652
2018-08-11 05:00:00,15.552,57.932083,0.74407876,0.347,0.319,0.319,17.752,18.952,16.652
2018-08-11 06:00:00,16.602,51.640327,0.9145865,0.347,0.319,0.319,18.552,18.902,16.652
2018-08-11 07:00:00,18.052,44.590252,1.1483791,0.346,0.318,0.319,19.352,18.902,16.602
2018-08-11 08:00:00,19.152,40.346237,1.3243394,0.345,0.318,0.319,20.102,18.902,16.602
2018-08-11 09:00:00,20.202,38.46203,1.4580266,0.343,0.318,0.319,20.902,18.952,16.602
2018-08-11 10:00:00,20.952,38.94443,1.5149035,0.342,0.318,0.319,21.302,19.052,16.602
2018-08-11 11:00:00,21.102,40.903553,1.479805,0.341,0.318,0.319,21.202,19.102,16.602
2018-08-11 12:00:00,18.002,64.475,0.733804,0.355,0.318,0.319,20.252,19.152,16.602
2018-08-11 13:00:00,16.852,73.57614,0.5076045,0.357,0.318,0.319,19.202,19.102,16.602
2018-08-11 14:00:00,15.952,81.309204,0.3390739,0.364,0.318,0.319,18.352,19.052,16.602
2018-08-11 15:00:00,15.352,86.166565,0.24150586,0.368,0.318,0.319,17.602,18.952,16.602
2018-08-11 16:00:00,14.902,87.25708,0.21613455,0.37,0.318,0.319,17.052,18.802,16.602
2018-08-11 17:00:00,14.402,90.117294,0.1623069,0.37,0.318,0.319,16.652,18.652,16.602
2018-08-11 18:00:00,14.002,90.97898,0.14437354,0.37,0.318,0.319,16.252,18.502,16.602
2018-08-11 19:00:00,14.002,90.088005,0.15863395,0.371,0.318,0.319,15.902,18.352,16.602
2018-08-11 20:00:00,13.402,93.05686,0.106874704,0.371,0.318,0.319,15.602,18.202,16.602
2018-08-11 21:00:00,12.952,93.648415,0.09494388,0.371,0.318,0.319,15.252,18.052,16.602
2018-08-11 22:00:00,12.402,91.47579,0.12291992,0.371,0.318,0.319,14.902,17.852,16.552
2018-08-11 23:00:00,11.552,87.82143,0.16607022,0.371,0.318,0.319,14.452,17.652,16.552
2018-08-12 00:00:00,10.802,83.12559,0.21896255,0.371,0.318,0.319,14.002,17.452,16.552
2018-08-12 01:00:00,10.352,79.73286,0.25523365,0.371,0.318,0.319,13.602,17.252,16.552
2018-08-12 02:00:00,11.002,71.77547,0.37115514,0.37,0.318,0.319,13.852,17.102,16.552
2018-08-12 03:00:00,12.402,61.69911,0.5524033,0.37,0.318,0.319,14.752,16.952,16.552
2018-08-12 04:00:00,14.102,51.1434,0.7872143,0.369,0.318,0.319,16.052,16.902,16.502
2018-08-12 05:00:00,14.652,48.66922,0.8569945,0.368,0.318,0.319,16.502,16.902,16.502
2018-08-12 06:00:00,15.202,46.976334,0.91713345,0.367,0.318,0.319,17.002,16.902,16.502
2018-08-12 07:00:00,15.702,45.81487,0.96772194,0.365,0.318,0.319,17.852,16.952,16.502
2018-08-12 08:00:00,16.502,42.777878,1.0754179,0.364,0.318,0.319,18.902,17.002,16.502
2018-08-12 09:00:00,17.102,39.335915,1.1843104,0.362,0.318,0.318,19.502,17.152,16.452
2018-08-12 10:00:00,17.852,34.82293,1.3340513,0.361,0.317,0.318,19.852,17.252,16.452
2018-08-12 11:00:00,18.002,33.524693,1.3735152,0.359,0.317,0.318,19.852,17.352,16.452
2018-08-12 12:00:00,17.652,35.013767,1.3135151,0.358,0.317,0.318,19.402,17.452,16.452
2018-08-12 13:00:00,17.152,37.84749,1.2172198,0.357,0.317,0.318,18.852,17.502,16.452
2018-08-12 14:00:00,16.402,42.003036,1.083082,0.357,0.317,0.318,18.002,17.502,16.452
2018-08-12 15:00:00,15.252,46.49795,0.928383,0.356,0.317,0.318,17.002,17.502,16.402
2018-08-12 16:00:00,14.202,51.710762,0.78312016,0.356,0.317,0.318,16.052,17.402,16.402
2018-08-12 17:00:00,12.952,61.828964,0.57070655,0.356,0.317,0.318,15.102,17.252,16.402
2018-08-12 18:00:00,11.702,66.88812,0.45606518,0.356,0.317,0.318,14.152,17.102,16.402
2018-08-12 19:00:00,11.002,72.023506,0.36789304,0.356,0.317,0.318,13.402,16.902,16.402
2018-08-12 20:00:00,10.952,72.512596,0.36026394,0.356,0.317,0.318,12.852,16.702,16.352
2018-08-12 21:00:00,10.552,74.98251,0.31928855,0.356,0.317,0.318,12.352,16.502,16.352
2018-08-12 22:00:00,9.302,82.09001,0.21023816,0.356,0.317,0.318,11.852,16.252,16.352
2018-08-12 23:00:00,8.602,85.76355,0.15941125,0.355,0.317,0.318,11.402,16.001999,16.352
2018-08-13 00:00:00,8.402,85.74249,0.1575014,0.355,0.317,0.318,11.052,15.802,16.302
2018-08-13 01:00:00,9.002,84.34396,0.18010491,0.355,0.317,0.318,11.252,15.552,16.302
2018-08-13 02:00:00,12.452,69.86616,0.43602085,0.355,0.317,0.318,12.802,15.452,16.302
2018-08-13 03:00:00,15.302,57.869877,0.73334587,0.355,0.317,0.318,15.102,15.452,16.252
2018-08-13 04:00:00,17.552,49.979256,1.0045655,0.354,0.317,0.318,17.002,15.552,16.252
2018-08-13 05:00:00,19.202,45.846287,1.2059112,0.352,0.317,0.318,18.902,15.702,16.252
2018-08-13 06:00:00,20.452,43.01154,1.3711308,0.351,0.317,0.318,20.552,15.952,16.252
2018-08-13 07:00:00,22.202,39.435444,1.6218764,0.349,0.316,0.318,22.052,16.252,16.202
2018-08-13 08:00:00,23.002,37.43837,1.7585886,0.347,0.316,0.318,23.302,16.602,16.202
2018-08-13 09:00:00,23.652,35.875195,1.8745495,0.345,0.316,0.318,24.102,16.952,16.202
2018-08-13 10:00:00,24.002,35.00832,1.9402417,0.343,0.315,0.318,24.552,17.302,16.202
2018-08-13 11:00:00,24.152,34.93176,1.9600608,0.341,0.315,0.318,24.552,17.652,16.202
2018-08-13 12:00:00,24.052,35.261963,1.9384605,0.34,0.315,0.318,24.102,17.952,16.202
2018-08-13 13:00:00,23.652,36.74009,1.8492409,0.339,0.315,0.318,23.252,18.152,16.202
2018-08-13 14:00:00,22.552,43.895393,1.5345862,0.339,0.315,0.318,22.002,18.302,16.202
2018-08-13 15:00:00,20.402,51.775272,1.1565802,0.338,0.315,0.318,20.402,18.402,16.202
2018-08-13 16:00:00,18.452,58.060337,0.8911352,0.338,0.315,0.318,19.152,18.402,16.202
2018-08-13 17:00:00,17.252,61.5758,0.75712705,0.338,0.315,0.318,18.202,18.352,16.152
2018-08-13 18:00:00,16.402,64.121155,0.6699095,0.338,0.315,0.318,17.452,18.302,16.152
2018-08-13 19:00:00,16.052,64.04312,0.6565826,0.338,0.315,0.318,16.852,18.202,16.152
2018-08-13 20:00:00,15.552,65.01922,0.6186881,0.338,0.315,0.318,16.402,18.052,16.152
2018-08-13 21:00:00,15.002,66.452896,0.5727718,0.338,0.315,0.318,15.902,17.952,16.152
2018-08-13 22:00:00,14.402,68.377625,0.519441,0.338,0.315,0.318,15.502,17.802,16.152
2018-08-13 23:00:00,13.802,70.60852,0.46440637,0.338,0.315,0.318,15.052,17.652,16.152
2018-08-14 00:00:00,13.252,72.68765,0.41639543,0.337,0.315,0.318,14.652,17.452,16.152
2018-08-14 01:00:00,13.252,76.72141,0.35488784,0.337,0.315,0.318,14.552,17.302,16.152
2018-08-14 02:00:00,15.952,66.878235,0.60095465,0.337,0.315,0.318,15.802,17.202,16.152
2018-08-14 03:00:00,19.052,55.7366,0.9764048,0.337,0.315,0.318,18.002,17.252,16.152
2018-08-14 04:00:00,21.702,47.325058,1.3681599,0.336,0.314,0.318,20.052,17.352,16.102
2018-08-14 05:00:00,23.952,39.931675,1.7877506,0.335,0.314,0.318,22.102,17.552,16.102
2018-08-14 06:00:00,25.552,34.1558,2.1558852,0.333,0.314,0.318,23.952,17.852,16.102
2018-08-14 07:00:00,26.852,31.73739,2.4131522,0.331,0.314,0.317,25.452,18.202,16.102
2018-08-14 08:00:00,27.602,30.681181,2.5604193,0.329,0.313,0.317,26.452,18.552,16.102
2018-08-14 09:00:00,28.102,30.101873,2.6580944,0.327,0.313,0.317,27.152,18.952,16.102
2018-08-14 10:00:00,28.352,29.767183,2.7098808,0.325,0.312,0.317,27.502,19.302,16.102
2018-08-14 11:00:00,28.402,29.58084,2.7249708,0.324,0.312,0.317,27.452,19.652,16.102
2018-08-14 12:00:00,28.152,29.812447,2.6768813,0.322,0.312,0.317,26.902,19.952,16.102
2018-08-14 13:00:00,27.402,33.31391,2.4344583,0.321,0.312,0.317,26.002,20.202,16.152
2018-08-14 14:00:00,25.452,40.48804,1.9368147,0.321,0.312,0.317,24.552,20.352,16.152
2018-08-14 15:00:00,23.052,46.13743,1.518431,0.321,0.312,0.317,22.952,20.402,16.152
2018-08-14 16:00:00,21.602,49.56072,1.3020818,0.321,0.312,0.317,21.702,20.402,16.152
2018-08-14 17:00:00,20.702,51.167103,1.192991,0.32,0.312,0.317,20.802,20.352,16.152
2018-08-14 18:00:00,20.052,51.856186,1.1299818,0.32,0.312,0.317,20.152,20.302,16.152
2018-08-14 19:00:00,19.102,54.275486,1.0117962,0.32,0.312,0.317,19.502,20.202,16.152
2018-08-14 20:00:00,18.502,55.22468,0.95439625,0.32,0.312,0.317,18.952,20.052,16.202
2018-08-14 21:00:00,17.902,56.008366,0.9030899,0.32,0.312,0.317,18.452,19.952,16.202
2018-08-14 22:00:00,17.352,56.630135,0.8600308,0.32,0.312,0.317,18.002,19.802,16.202
2018-08-14 23:00:00,16.802,57.457836,0.8147886,0.32,0.312,0.317,17.552,19.652,16.202
2018-08-15 00:00:00,16.202,58.688507,0.7616359,0.32,0.312,0.317,17.152,19.452,16.202
2018-08-15 01:00:00,16.152,60.290134,0.729771,0.32,0.312,0.317,16.952,19.302,16.202
2018-08-15 02:00:00,17.802,56.934605,0.8785306,0.319,0.312,0.317,17.752,19.202,16.202
2018-08-15 03:00:00,20.252,49.528614,1.1993592,0.319,0.311,0.317,19.402,19.152,16.202
2018-08-15 04:00:00,22.302,44.121033,1.505412,0.318,0.311,0.317,21.052,19.202,16.202
2018-08-15 05:00:00,24.102,39.706657,1.8106533,0.317,0.311,0.317,22.652,19.302,16.202
2018-08-15 06:00:00,25.152,36.7928,2.0209243,0.316,0.311,0.317,23.702,19.502,16.202
2018-08-15 07:00:00,25.402,37.111633,2.0407724,0.315,0.311,0.317,24.202,19.652,16.202
2018-08-15 08:00:00,25.902,35.666046,2.1504345,0.314,0.31,0.317,25.002,19.852,16.202
2018-08-15 09:00:00,26.952,32.965317,2.383618,0.313,0.31,0.317,26.302,20.102,16.202
2018-08-15 10:00:00,27.902,30.148172,2.625621,0.311,0.31,0.317,27.302,20.402,16.252
2018-08-15 11:00:00,28.352,28.103556,2.7741709,0.31,0.309,0.317,27.452,20.702,16.252
2018-08-15 12:00:00,28.602,26.409277,2.8810816,0.309,0.309,0.316,27.102,20.902,16.252
2018-08-15 13:00:00,28.002,28.779732,2.692754,0.309,0.309,0.316,26.302,21.102,16.252
2018-08-15 14:00:00,26.652,32.440323,2.3604,0.308,0.309,0.316,25.052,21.202,16.252
2018-08-15 15:00:00,24.502,37.231915,1.9306742,0.308,0.309,0.316,23.652,21.252,16.302
2018-08-15 16:00:00,22.352,44.58144,1.4975353,0.308,0.309,0.316,22.402,21.252,16.302
2018-08-15 17:00:00,20.752,52.04062,1.1752415,0.308,0.309,0.316,21.402,21.202,16.302
2018-08-15 18:00:00,19.452,58.692837,0.93409026,0.308,0.309,0.316,20.502,21.102,16.302
2018-08-15 19:00:00,18.152,63.87025,0.7533531,0.308,0.309,0.316,19.602,20.952,16.302
2018-08-15 20:00:00,17.202,68.9425,0.6099944,0.308,0.309,0.316,18.852,20.802,16.302
2018-08-15 21:00:00,16.452,73.02205,0.5052744,0.308,0.309,0.316,18.152,20.602,16.352
2018-08-15 22:00:00,15.902,77.649635,0.40418756,0.307,0.309,0.316,17.702,20.402,16.352
2018-08-15 23:00:00,15.202,83.923935,0.2779795,0.307,0.309,0.316,17.252,20.202,16.352
2018-08-16 00:00:00,14.752,89.26416,0.180341,0.307,0.309,0.316,16.902,20.002,16.352
2018-08-16 01:00:00,14.752,91.92304,0.1356734,0.307,0.309,0.316,16.802,19.802,16.352
2018-08-16 02:00:00,15.902,87.34918,0.22875643,0.309,0.309,0.316,17.552,19.652,16.352
2018-08-16 03:00:00,16.702,85.46716,0.2765013,0.321,0.309,0.316,18.602,19.552,16.352
2018-08-16 04:00:00,17.452,83.90771,0.321033,0.33,0.309,0.316,19.552,19.502,16.352
2018-08-16 05:00:00,18.352,79.28892,0.43721318,0.333,0.309,0.316,20.452,19.502,16.352
2018-08-16 06:00:00,19.652,68.7527,0.71532345,0.332,0.309,0.316,21.752,19.552,16.352
2018-08-16 07:00:00,20.502,66.7282,0.8027215,0.332,0.309,0.316,22.902,19.652,16.352
2018-08-16 08:00:00,21.352,64.15612,0.91108346,0.331,0.309,0.316,23.852,19.802,16.352
2018-08-16 09:00:00,21.902,61.63409,1.0084984,0.331,0.308,0.316,24.502,20.002,16.402
2018-08-16 10:00:00,22.352,57.677696,1.1434097,0.332,0.308,0.316,24.852,20.152,16.402
2018-08-16 11:00:00,20.152,71.11124,0.6820656,0.359,0.308,0.316,23.852,20.302,16.402
2018-08-16 12:00:00,19.302,75.68966,0.5445206,0.392,0.308,0.316,22.502,20.352,16.402
2018-08-16 13:00:00,19.052,77.125565,0.50444865,0.395,0.308,0.316,21.452,20.352,16.402
2018-08-16 14:00:00,18.852,78.598274,0.46612203,0.395,0.308,0.316,20.552,20.302,16.402
2018-08-16 15:00:00,17.952,82.36008,0.3631518,0.395,0.309,0.316,19.702,20.202,16.402
2018-08-16 16:00:00,17.302,85.254234,0.29139805,0.395,0.309,0.316,19.052,20.102,16.402
2018-08-16 17:00:00,16.802,84.92643,0.2886132,0.394,0.309,0.316,18.452,19.952,16.402
2018-08-16 18:00:00,16.552,81.65295,0.34578085,0.394,0.309,0.316,18.002,19.802,16.402
2018-08-16 19:00:00,15.752,79.17557,0.37299943,0.393,0.309,0.316,17.452,19.652,16.452
2018-08-16 20:00:00,15.352,78.59737,0.37367725,0.393,0.309,0.316,17.052,19.502,16.452
2018-08-16 21:00:00,14.802,79.56354,0.3444289,0.392,0.309,0.316,16.652,19.302,16.452
2018-08-16 22:00:00,14.252,81.624596,0.29889917,0.392,0.31,0.316,16.252,19.102,16.452
2018-08-16 23:00:00,13.902,83.77405,0.2580222,0.392,0.31,0.316,15.952,18.902,16.452
2018-08-17 00:00:00,13.452,86.260544,0.21218967,0.391,0.31,0.316,15.602,18.702,16.452
2018-08-17 01:00:00,13.302,87.97733,0.18387043,0.391,0.31,0.316,15.452,18.502,16.402
2018-08-17 02:00:00,14.652,83.309875,0.27857745,0.39,0.31,0.316,16.152,18.352,16.402
2018-08-17 03:00:00,16.452,76.46841,0.44071126,0.39,0.31,0.316,17.602,18.302,16.402
2018-08-17 04:00:00,18.302,68.258865,0.6680571,0.388,0.31,0.316,19.202,18.302,16.402
2018-08-17 05:00:00,19.902,59.19121,0.9488939,0.386,0.31,0.316,20.902,18.402,16.402
2018-08-17 06:00:00,21.002,52.80315,1.1744225,0.384,0.31,0.316,21.952,18.552,16.402
2018-08-17 07:00:00,21.202,50.959404,1.2353759,0.382,0.31,0.316,22.352,18.752,16.402
2018-08-17 08:00:00,22.202,47.146343,1.4152234,0.38,0.31,0.316,23.202,18.902,16.402
2018-08-17 09:00:00,22.802,45.610622,1.5103127,0.378,0.31,0.316,23.702,19.102,16.402
2018-08-17 10:00:00,23.402,44.427055,1.6000915,0.376,0.31,0.316,24.452,19.352,16.402
2018-08-17 11:00:00,23.652,43.183163,1.6607196,0.374,0.309,0.316,24.552,19.552,16.402
2018-08-17 12:00:00,23.552,43.01145,1.655762,0.372,0.309,0.316,24.152,19.752,16.402
2018-08-17 13:00:00,23.202,44.37155,1.5825102,0.371,0.309,0.316,23.402,19.852,16.402
2018-08-17 14:00:00,22.152,49.543667,1.3468851,0.37,0.309,0.316,22.302,19.952,16.452
2018-08-17 15:00:00,20.752,53.62127,1.1364832,0.37,0.309,0.316,20.952,19.952,16.452
2018-08-17 16:00:00,19.302,58.656483,0.92624855,0.37,0.309,0.316,19.802,19.902,16.452
2018-08-17 17:00:00,18.202,62.62293,0.78181875,0.369,0.309,0.316,18.952,19.802,16.452
2018-08-17 18:00:00,17.402,65.20473,0.69211197,0.369,0.309,0.316,18.252,19.652,16.452
2018-08-17 19:00:00,16.852,66.84401,0.6369746,0.369,0.309,0.316,17.752,19.502,16.452
2018-08-17 20:00:00,16.552,67.004074,0.6219591,0.369,0.31,0.316,17.402,19.352,16.452
2018-08-17 21:00:00,16.202,68.05801,0.5888449,0.368,0.31,0.316,17.052,19.202,16.452
2018-08-17 22:00:00,15.902,68.91175,0.5622525,0.368,0.31,0.316,16.752,19.052,16.452
2018-08-17 23:00:00,15.552,70.23711,0.5263773,0.368,0.31,0.316,16.452,18.902,16.452
2018-08-18 00:00:00,15.202,71.83184,0.48712468,0.368,0.31,0.316,16.202,18.752,16.452
2018-08-18 01:00:00,15.202,73.52919,0.45776463,0.368,0.31,0.316,16.102,18.552,16.452
2018-08-18 02:00:00,17.002,69.13115,0.5986756,0.367,0.31,0.316,16.952,18.452,16.452
2018-08-18 03:00:00,19.852,58.402172,0.96426463,0.366,0.31,0.316,18.802,18.452,16.452
2018-08-18 04:00:00,22.202,50.718796,1.319494,0.365,0.31,0.316,20.602,18.502,16.452
2018-08-18 05:00:00,23.952,45.473835,1.6226513,0.364,0.309,0.316,22.202,18.652,16.452
2018-08-18 06:00:00,25.552,41.1925,1.9252336,0.362,0.309,0.316,23.952,18.902,16.452
2018-08-18 07:00:00,26.402,38.78424,2.107287,0.359,0.309,0.316,25.402,19.202,16.452
2018-08-18 08:00:00,26.752,36.38735,2.2354083,0.357,0.309,0.315,26.152,19.502,16.452
2018-08-18 09:00:00,26.752,35.076126,2.2815466,0.355,0.309,0.315,26.302,19.752,16.452
2018-08-18 10:00:00,26.702,34.364574,2.2998247,0.353,0.308,0.315,26.302,20.052,16.452
2018-08-18 11:00:00,26.452,34.991676,2.244604,0.352,0.308,0.315,25.852,20.252,16.452
2018-08-18 12:00:00,26.202,35.99086,2.1777692,0.351,0.308,0.315,25.402,20.452,16.452
2018-08-18 13:00:00,25.452,41.71289,1.8969076,0.35,0.308,0.315,24.602,20.602,16.452
2018-08-18 14:00:00,23.752,48.997177,1.4996095,0.349,0.308,0.315,23.452,20.702,16.452
2018-08-18 15:00:00,21.852,56.253757,1.1465291,0.349,0.308,0.315,22.202,20.702,16.502
2018-08-18 16:00:00,20.702,61.96256,0.929116,0.349,0.308,0.315,21.252,20.652,16.502
2018-08-18 17:00:00,19.702,66.345085,0.77285314,0.349,0.308,0.315,20.502,20.602,16.502
2018-08-18 18:00:00,18.952,67.9441,0.70262516,0.349,0.308,0.315,19.952,20.502,16.502
2018-08-18 19:00:00,17.552,66.990364,0.66281486,0.348,0.308,0.315,19.302,20.402,16.502
2018-08-18 20:00:00,16.752,65.49939,0.6586312,0.348,0.308,0.315,18.702,20.252,16.502
2018-08-18 21:00:00,16.102,64.70353,0.6465758,0.348,0.308,0.315,18.202,20.102,16.502
2018-08-18 22:00:00,15.352,65.41548,0.6038971,0.348,0.308,0.315,17.652,19.952,16.502
2018-08-18 23:00:00,14.852,66.420906,0.567817,0.348,0.308,0.315,17.202,19.752,16.502
2018-08-19 00:00:00,14.402,67.68718,0.53078544,0.347,0.308,0.315,16.852,19.552,16.502
2018-08-19 01:00:00,14.302,68.58883,0.51265,0.347,0.308,0.315,16.652,19.402,16.502
2018-08-19 02:00:00,14.602,67.9579,0.5331696,0.347,0.308,0.315,16.852,19.202,16.502
2018-08-19 03:00:00,15.252,65.83668,0.5927292,0.346,0.308,0.315,17.452,19.102,16.502
2018-08-19 04:00:00,16.302,63.03052,0.685907,0.346,0.308,0.315,18.352,19.002,16.502
2018-08-19 05:00:00,17.252,61.369816,0.7611877,0.345,0.308,0.315,19.252,19.002,16.502
2018-08-19 06:00:00,18.452,59.433376,0.86194706,0.344,0.308,0.315,20.452,19.052,16.502
2018-08-19 07:00:00,20.052,57.68322,0.99313927,0.343,0.308,0.315,21.752,19.152,16.502
2018-08-19 08:00:00,21.002,56.412132,1.0845623,0.342,0.308,0.315,22.802,19.252,16.502
2018-08-19 09:00:00,21.752,55.49628,1.1593107,0.34,0.308,0.315,23.502,19.452,16.502
2018-08-19 10:00:00,22.052,55.208824,1.1883086,0.339,0.307,0.315,23.752,19.602,16.552
2018-08-19 11:00:00,21.802,56.241302,1.1433681,0.338,0.307,0.315,23.552,19.752,16.552
2018-08-19 12:00:00,20.952,58.860893,1.0204622,0.337,0.307,0.315,22.952,19.852,16.552
2018-08-19 13:00:00,19.552,63.55136,0.8292979,0.337,0.307,0.315,21.852,19.902,16.552
2018-08-19 14:00:00,18.302,68.48333,0.6633308,0.336,0.307,0.315,20.752,19.902,16.552
2018-08-19 15:00:00,17.102,73.137825,0.52424955,0.336,0.307,0.315,19.702,19.852,16.552
2018-08-19 16:00:00,16.202,77.18647,0.42052472,0.341,0.307,0.315,18.902,19.752,16.552
2018-08-19 17:00:00,15.052,84.45937,0.26614594,0.366,0.307,0.315,18.002,19.602,16.552
2018-08-19 18:00:00,14.302,88.936424,0.18053353,0.384,0.307,0.315,17.402,19.452,16.552
2018-08-19 19:00:00,13.852,91.86859,0.12887716,0.395,0.307,0.315,16.952,19.302,16.552
2018-08-19 20:00:00,13.502,93.368,0.10275102,0.396,0.307,0.315,16.502,19.102,16.552
2018-08-19 21:00:00,13.352,94.284546,0.08769047,0.396,0.308,0.315,16.252,18.952,16.552
2018-08-19 22:00:00,13.202,95.52404,0.06800532,0.396,0.308,0.315,16.001999,18.752,16.552
2018-08-19 23:00:00,13.102,95.8346,0.06287575,0.396,0.308,0.315,15.852,18.602,16.552
2018-08-20 00:00:00,13.152,95.8362,0.06305683,0.396,0.308,0.315,15.752,18.402,16.552
2018-08-20 01:00:00,13.202,95.83781,0.063238144,0.395,0.308,0.315,15.702,18.252,16.552
2018-08-20 02:00:00,13.502,94.910866,0.07884598,0.4,0.308,0.315,15.752,18.102,16.552
2018-08-20 03:00:00,13.902,96.80174,0.050852537,0.414,0.308,0.315,16.001999,18.002,16.552
2018-08-20 04:00:00,14.202,98.07453,0.031214356,0.432,0.309,0.315,16.202,17.852,16.552
2018-08-20 05:00:00,14.302,98.3944,0.026197672,0.446,0.309,0.315,16.252,17.752,16.502
2018-08-20 06:00:00,14.452,98.39626,0.026421905,0.453,0.31,0.315,16.352,17.702,16.502
2018-08-20 07:00:00,14.652,99.03649,0.016079545,0.46,0.311,0.315,16.552,17.602,16.502
2018-08-20 08:00:00,15.002,98.40302,0.027258039,0.465,0.312,0.315,16.952,17.552,16.502
2018-08-20 09:00:00,15.452,98.09297,0.033503532,0.482,0.313,0.315,17.152,17.502,16.502
2018-08-20 10:00:00,15.202,98.7226,0.02208519,0.496,0.316,0.315,17.052,17.502,16.502
2018-08-20 11:00:00,14.852,99.35774,0.010856986,0.498,0.32,0.315,16.852,17.452,16.502
2018-08-20 12:00:00,14.302,99.355,0.010523796,0.498,0.325,0.315,16.552,17.352,16.452
2018-08-20 13:00:00,13.652,99.675415,0.005077958,0.494,0.33,0.315,16.202,17.302,16.452
2018-08-20 14:00:00,13.152,99.34923,0.009855151,0.489,0.334,0.315,15.802,17.202,16.452
2018-08-20 15:00:00,12.602,99.02105,0.014301777,0.485,0.336,0.315,15.402,17.102,16.452
2018-08-20 16:00:00,12.302,98.69359,0.018714428,0.481,0.339,0.315,15.102,17.002,16.452
2018-08-20 17:00:00,11.952,99.67109,0.004604697,0.483,0.341,0.315,14.802,16.852,16.452
2018-08-20 18:00:00,11.652,99.01377,0.013536334,0.484,0.343,0.315,14.552,16.752,16.402
2018-08-20 19:00:00,11.452,99.66979,0.004472971,0.494,0.345,0.315,14.352,16.602,16.402
2018-08-20 20:00:00,11.202,99.66914,0.0044082403,0.499,0.349,0.315,14.152,16.452,16.402
2018-08-20 21:00:00,11.002,99.3382,0.008701205,0.5,0.353,0.315,13.952,16.352,16.402
2018-08-20 22:00:00,10.852,99.007576,0.012919307,0.502,0.358,0.315,13.752,16.202,16.402
2018-08-20 23:00:00,10.652,99.00602,0.012768745,0.506,0.363,0.315,13.552,16.052,16.352
2018-08-21 00:00:00,10.452,98.67457,0.016801715,0.508,0.369,0.315,13.402,15.902,16.352
2018-08-21 01:00:00,10.202,98.67197,0.016556501,0.505,0.376,0.315,13.202,15.752,16.352
2018-08-21 02:00:00,9.902,98.33849,0.020302892,0.503,0.381,0.315,13.002,15.652,16.352
2018-08-21 03:00:00,9.752,97.35022,0.032055974,0.496,0.385,0.315,12.802,15.502,16.302
2018-08-21 04:00:00,9.652,94.75854,0.06298673,0.494,0.388,0.315,12.652,15.352,16.302
2018-08-21 05:00:00,9.452,93.79369,0.073587656,0.499,0.39,0.315,12.552,15.202,16.302
2018-08-21 06:00:00,9.002,93.454094,0.07530069,0.507,0.394,0.315,12.302,15.052,16.252
2018-08-21 07:00:00,8.252,95.0252,0.054398656,0.513,0.4,0.315,12.002,14.902,16.252
2018-08-21 08:00:00,8.152,94.05229,0.0645982,0.515,0.409,0.315,11.752,14.752,16.252
2018-08-21 09:00:00,8.352,94.38303,0.061838508,0.518,0.419,0.315,11.652,14.602,16.202
2018-08-21 10:00:00,8.602,94.71581,0.059167385,0.506,0.436,0.315,11.602,14.452,16.202
2018-08-21 11:00:00,8.952,94.40904,0.064098716,0.52,0.441,0.315,11.602,14.352,16.202
2018-08-21 12:00:00,9.502,91.90882,0.09625995,0.441,0.478,0.315,11.652,14.202,16.152
2018-08-21 13:00:00,10.102,89.795555,0.12637758,0.464,0.477,0.315,11.702,14.102,16.152
2018-08-21 14:00:00,10.452,88.91677,0.14050329,0.481,0.477,0.316,11.752,14.002,16.102
2018-08-21 15:00:00,10.702,88.33924,0.15030408,0.493,0.477,0.316,11.752,13.902,16.102
2018-08-21 16:00:00,11.052,85.15028,0.19591057,0.498,0.477,0.316,11.752,13.802,16.052
2018-08-21 17:00:00,11.352,82.631256,0.23374319,0.504,0.478,0.316,11.802,13.752,16.052
2018-08-21 18:00:00,11.802,76.74866,0.32235336,0.499,0.479,0.316,11.802,13.652,16.052
2018-08-21 19:00:00,13.152,65.82951,0.5175918,0.496,0.479,0.317,12.002,13.602,16.001999
2018-08-21 20:00:00,13.252,63.848408,0.5511868,0.494,0.479,0.317,12.352,13.552,16.001999
2018-08-21 21:00:00,13.002,64.01181,0.539823,0.492,0.479,0.317,12.452,13.552,15.952
2018-08-21 22:00:00,12.752,64.39794,0.52537787,0.49,0.479,0.317,12.452,13.502,15.952
2018-08-21 23:00:00,12.302,66.32683,0.48247206,0.489,0.479,0.318,12.352,13.502,15.902
2018-08-22 00:00:00,11.802,68.78294,0.43280697,0.488,0.478,0.318,12.152,13.452,15.902
2018-08-22 01:00:00,11.602,71.15147,0.39472342,0.486,0.478,0.318,12.102,13.402,15.902
2018-08-22 02:00:00,12.052,71.7273,0.39848316,0.485,0.477,0.318,12.352,13.402,15.852
2018-08-22 03:00:00,13.052,69.50937,0.45883918,0.484,0.477,0.318,13.102,13.402,15.852
2018-08-22 04:00:00,14.402,64.3264,0.5860057,0.482,0.476,0.319,14.202,13.502,15.802
2018-08-22 05:00:00,15.802,57.59977,0.76203644,0.48,0.475,0.319,15.402,13.652,15.802
2018-08-22 06:00:00,17.152,51.610603,0.9475764,0.478,0.474,0.319,16.602,13.852,15.802
2018-08-22 07:00:00,18.702,48.608814,1.1092654,0.475,0.473,0.319,17.702,14.102,15.752
2018-08-22 08:00:00,19.852,42.841724,1.3252219,0.472,0.472,0.319,18.502,14.352,15.752
2018-08-22 09:00:00,19.902,45.57384,1.2657464,0.47,0.47,0.319,18.502,14.602,15.752
2018-08-22 10:00:00,19.652,51.231144,1.1166875,0.469,0.47,0.319,18.452,14.852,15.702
2018-08-22 11:00:00,19.402,54.900795,1.0167305,0.468,0.469,0.32,18.252,15.052,15.702
2018-08-22 12:00:00,18.952,59.553288,0.88663423,0.467,0.468,0.32,17.852,15.202,15.702
2018-08-22 13:00:00,18.452,62.059433,0.8061248,0.466,0.468,0.32,17.352,15.352,15.702
2018-08-22 14:00:00,17.752,64.84903,0.7147652,0.466,0.467,0.32,16.852,15.452,15.652
2018-08-22 15:00:00,17.052,68.00524,0.622483,0.465,0.467,0.32,16.352,15.502,15.652
2018-08-22 16:00:00,16.302,72.03526,0.51879334,0.465,0.466,0.32,15.852,15.502,15.652
2018-08-22 17:00:00,15.402,77.06165,0.4017799,0.465,0.466,0.32,15.352,15.502,15.652
2018-08-22 18:00:00,14.902,79.841385,0.34193683,0.465,0.466,0.32,14.952,15.452,15.652
2018-08-22 19:00:00,13.952,83.50276,0.2631873,0.465,0.465,0.321,14.452,15.402,15.602
2018-08-22 20:00:00,13.252,86.52718,0.20538151,0.465,0.465,0.321,13.952,15.352,15.602
2018-08-22 21:00:00,13.052,87.95524,0.18123221,0.464,0.464,0.321,13.752,15.252,15.602
2018-08-22 22:00:00,12.602,89.68626,0.15068817,0.464,0.464,0.321,13.402,15.152,15.602
2018-08-22 23:00:00,12.202,90.856964,0.13012516,0.464,0.464,0.321,13.102,15.052,15.552
2018-08-23 00:00:00,12.102,91.45656,0.12079501,0.464,0.463,0.321,12.952,14.952,15.552
2018-08-23 01:00:00,12.652,91.49177,0.12471485,0.464,0.463,0.321,13.052,14.852,15.552
2018-08-23 02:00:00,14.102,88.62847,0.1831764,0.463,0.463,0.321,13.752,14.802,15.552
2018-08-23 03:00:00,15.852,83.998116,0.2884407,0.463,0.462,0.321,14.902,14.802,15.502
2018-08-23 04:00:00,18.302,76.51252,0.49429202,0.462,0.462,0.322,16.652,14.902,15.502
2018-08-23 05:00:00,20.602,69.61004,0.73768663,0.461,0.461,0.322,18.452,15.152,15.502
2018-08-23 06:00:00,22.502,63.177795,1.0038124,0.459,0.46,0.322,20.102,15.402,15.502
2018-08-23 07:00:00,23.852,59.54998,1.1962639,0.456,0.459,0.322,21.402,15.752,15.502
2018-08-23 08:00:00,24.952,53.129665,1.4804238,0.454,0.458,0.322,22.402,16.102,15.452
2018-08-23 09:00:00,25.502,46.805824,1.736127,0.451,0.457,0.322,22.702,16.452,15.452
2018-08-23 10:00:00,25.652,42.884445,1.8808817,0.449,0.456,0.322,22.602,16.802,15.452
2018-08-23 11:00:00,25.602,40.934746,1.9394135,0.447,0.455,0.322,22.452,17.052,15.452
2018-08-23 12:00:00,25.002,45.761772,1.7184838,0.445,0.454,0.322,22.002,17.302,15.452
2018-08-23 13:00:00,24.052,53.58949,1.3892362,0.445,0.453,0.322,21.352,17.502,15.452
2018-08-23 14:00:00,22.252,61.51505,1.0333823,0.444,0.453,0.322,20.252,17.652,15.452
2018-08-23 15:00:00,19.902,62.186306,0.8792161,0.444,0.453,0.322,18.552,17.652,15.452
2018-08-23 16:00:00,18.002,67.084,0.67989206,0.444,0.452,0.322,17.502,17.602,15.452
2018-08-23 17:00:00,17.452,64.78348,0.702705,0.444,0.452,0.322,16.902,17.552,15.452
2018-08-23 18:00:00,17.152,62.17441,0.74063635,0.444,0.452,0.322,16.452,17.452,15.452
2018-08-23 19:00:00,16.752,59.222008,0.77851725,0.444,0.452,0.323,16.152,17.352,15.452
2018-08-23 20:00:00,16.402,59.136982,0.7630068,0.444,0.451,0.323,15.952,17.252,15.452
2018-08-23 21:00:00,15.752,60.19439,0.713109,0.444,0.451,0.323,15.602,17.102,15.452
2018-08-23 22:00:00,15.252,60.89881,0.67842805,0.444,0.451,0.323,15.252,17.002,15.452
2018-08-23 23:00:00,14.852,61.85015,0.64513075,0.444,0.45,0.323,15.002,16.852,15.452
2018-08-24 00:00:00,14.802,62.049686,0.6396946,0.443,0.45,0.323,14.852,16.752,15.452
2018-08-24 01:00:00,14.952,63.149677,0.62716854,0.443,0.45,0.323,14.902,16.602,15.452
2018-08-24 02:00:00,15.502,65.669014,0.60525346,0.443,0.45,0.323,15.252,16.502,15.452
2018-08-24 03:00:00,16.752,65.718376,0.65444934,0.443,0.449,0.323,16.001999,16.452,15.452
2018-08-24 04:00:00,17.652,66.3493,0.67995775,0.443,0.449,0.323,16.652,16.452,15.452
2018-08-24 05:00:00,18.952,60.952114,0.85595584,0.442,0.448,0.323,17.602,16.502,15.452
2018-08-24 06:00:00,19.652,58.547108,0.949082,0.441,0.448,0.323,18.452,16.602,15.452
2018-08-24 07:00:00,21.502,52.410507,1.2209873,0.439,0.447,0.323,20.102,16.752,15.452
2018-08-24 08:00:00,22.052,51.523773,1.2861466,0.437,0.446,0.323,21.252,17.002,15.452
2018-08-24 09:00:00,20.552,56.860485,1.044145,0.439,0.445,0.323,21.652,17.252,15.452
2018-08-24 10:00:00,18.202,71.91089,0.5874771,0.449,0.445,0.323,20.602,17.402,15.452
2018-08-24 11:00:00,17.052,75.32107,0.48010945,0.449,0.444,0.323,19.502,17.452,15.452
2018-08-24 12:00:00,16.602,75.99178,0.45394015,0.449,0.444,0.323,18.802,17.502,15.452
2018-08-24 13:00:00,16.202,76.93309,0.42519653,0.449,0.444,0.323,18.252,17.502,15.452
2018-08-24 14:00:00,14.902,81.70857,0.31025982,0.449,0.444,0.324,17.352,17.502,15.452
2018-08-24 15:00:00,13.502,87.99498,0.18600452,0.453,0.444,0.324,16.402,17.402,15.452
2018-08-24 16:00:00,12.652,91.79513,0.12026799,0.46,0.444,0.324,15.752,17.252,15.452
2018-08-24 17:00:00,12.052,93.29483,0.09449172,0.467,0.444,0.324,15.252,17.152,15.452
2018-08-24 18:00:00,11.652,91.427605,0.1176666,0.471,0.444,0.324,14.802,17.002,15.452
2018-08-24 19:00:00,10.902,86.29364,0.17903554,0.47,0.444,0.324,14.152,16.802,15.452
2018-08-24 20:00:00,10.452,86.83507,0.1668948,0.469,0.444,0.324,13.702,16.602,15.452
2018-08-24 21:00:00,10.002,88.27836,0.144202,0.469,0.444,0.324,13.302,16.402,15.452
2018-08-24 22:00:00,9.602,89.452576,0.12632751,0.468,0.444,0.324,12.952,16.202,15.452
2018-08-24 23:00:00,9.252,90.65169,0.10936439,0.467,0.444,0.324,12.602,16.001999,15.402
2018-08-25 00:00:00,8.802,92.179344,0.08876002,0.466,0.444,0.324,12.252,15.802,15.402
2018-08-25 01:00:00,8.752,92.49121,0.08493328,0.465,0.444,0.324,12.052,15.552,15.402
2018-08-25 02:00:00,9.402,88.82943,0.13200748,0.465,0.444,0.324,12.352,15.402,15.402
2018-08-25 03:00:00,10.702,81.98989,0.23215318,0.464,0.444,0.324,13.302,15.252,15.402
2018-08-25 04:00:00,11.652,78.04127,0.3014351,0.463,0.444,0.324,14.152,15.202,15.402
2018-08-25 05:00:00,12.352,77.097466,0.32920754,0.463,0.444,0.324,14.952,15.202,15.352
2018-08-25 06:00:00,13.452,74.714806,0.39053464,0.463,0.444,0.324,16.152,15.252,15.352
2018-08-25 07:00:00,13.752,75.77762,0.381477,0.463,0.444,0.324,16.852,15.352,15.352
2018-08-25 08:00:00,14.102,74.57529,0.4095981,0.464,0.443,0.324,17.302,15.452,15.352
2018-08-25 09:00:00,14.352,72.88756,0.4439081,0.465,0.443,0.324,17.502,15.552,15.352
2018-08-25 10:00:00,14.252,68.81106,0.5073806,0.469,0.443,0.324,17.402,15.652,15.352
2018-08-25 11:00:00,14.502,65.67434,0.56750727,0.468,0.443,0.325,17.052,15.752,15.302
2018-08-25 12:00:00,14.102,67.85461,0.51789665,0.473,0.443,0.325,16.752,15.802,15.302
2018-08-25 13:00:00,12.602,74.06407,0.3789755,0.5,0.443,0.325,15.802,15.752,15.302
2018-08-25 14:00:00,11.852,80.48933,0.2713796,0.495,0.445,0.325,14.802,15.702,15.302
2018-08-25 15:00:00,11.102,83.72742,0.21539652,0.492,0.446,0.325,13.852,15.602,15.302
2018-08-25 16:00:00,10.452,86.24826,0.17433465,0.489,0.447,0.325,13.102,15.452,15.302
2018-08-25 17:00:00,9.902,89.47629,0.12860143,0.486,0.448,0.325,12.702,15.302,15.302
2018-08-25 18:00:00,9.402,91.2806,0.10303974,0.484,0.448,0.325,12.252,15.152,15.252
2018-08-25 19:00:00,9.552,89.448616,0.12595177,0.482,0.449,0.325,12.152,14.952,15.252
2018-08-25 20:00:00,9.052,90.947,0.1044935,0.48,0.449,0.325,11.752,14.802,15.252
2018-08-25 21:00:00,8.502,93.11056,0.07662189,0.479,0.449,0.325,11.352,14.602,15.252
2018-08-25 22:00:00,8.302,94.38086,0.061653376,0.478,0.45,0.325,11.152,14.452,15.252
2018-08-25 23:00:00,8.002,95.99449,0.043062806,0.48,0.45,0.325,10.952,14.252,15.202
2018-08-26 00:00:00,7.852,97.64311,0.025081515,0.479,0.45,0.325,10.952,14.102,15.202
2018-08-26 01:00:00,8.152,97.98156,0.021921992,0.478,0.45,0.325,11.052,13.952,15.202
2018-08-26 02:00:00,8.902,97.33254,0.030478597,0.478,0.451,0.325,11.452,13.802,15.152
2018-08-26 03:00:00,10.352,93.52148,0.08158147,0.477,0.451,0.325,12.302,13.752,15.152
2018-08-26 04:00:00,11.952,81.32299,0.26149857,0.476,0.451,0.326,13.252,13.752,15.152
2018-08-26 05:00:00,12.902,68.53646,0.46886933,0.475,0.451,0.326,14.252,13.802,15.152
2018-08-26 06:00:00,13.852,60.773544,0.62185985,0.472,0.451,0.326,15.252,13.902,15.102
2018-08-26 07:00:00,14.352,66.314,0.5515641,0.471,0.45,0.326,16.402,14.052,15.102
2018-08-26 08:00:00,14.552,63.489532,0.60558796,0.47,0.45,0.326,16.702,14.202,15.102
2018-08-26 09:00:00,14.652,61.592625,0.64117897,0.468,0.45,0.326,16.752,14.352,15.102
2018-08-26 10:00:00,14.802,59.760834,0.67828727,0.467,0.449,0.326,16.652,14.502,15.052
2018-08-26 11:00:00,15.052,56.82328,0.7396108,0.465,0.449,0.326,16.602,14.652,15.052
2018-08-26 12:00:00,14.702,57.521793,0.7114462,0.464,0.449,0.326,16.102,14.702,15.052
2018-08-26 13:00:00,14.452,59.063927,0.6746501,0.463,0.448,0.326,15.602,14.752,15.052
2018-08-26 14:00:00,13.352,64.0908,0.55106676,0.462,0.448,0.326,14.752,14.752,15.052
2018-08-26 15:00:00,12.352,68.895004,0.44713354,0.461,0.448,0.326,13.902,14.752,15.002
2018-08-26 16:00:00,11.352,73.59048,0.3554281,0.461,0.448,0.326,13.152,14.652,15.002
2018-08-26 17:00:00,10.702,77.09825,0.29521394,0.46,0.448,0.326,12.652,14.552,15.002
2018-08-26 18:00:00,10.352,79.188225,0.262093,0.46,0.448,0.326,12.352,14.452,15.002
2018-08-26 19:00:00,9.752,84.42952,0.18837702,0.46,0.448,0.326,11.952,14.302,15.002
2018-08-26 20:00:00,8.852,88.78329,0.12773514,0.459,0.448,0.326,11.352,14.152,14.952
2018-08-26 21:00:00,8.402,90.90221,0.10050094,0.459,0.448,0.326,10.952,14.002,14.952
2018-08-26 22:00:00,7.902,92.44213,0.08070463,0.459,0.448,0.326,10.552,13.802,14.952
2018-08-26 23:00:00,7.602,93.70452,0.06586546,0.458,0.448,0.327,10.252,13.652,14.952
2018-08-27 00:00:00,7.802,93.07335,0.073462784,0.458,0.447,0.327,10.152,13.452,14.902
2018-08-27 01:00:00,8.052,92.768265,0.07801288,0.458,0.447,0.327,10.152,13.302,14.902
2018-08-27 02:00:00,9.252,88.51428,0.13437057,0.457,0.447,0.327,10.702,13.202,14.902
2018-08-27 03:00:00,10.852,82.56877,0.22694075,0.458,0.447,0.327,11.902,13.152,14.852
2018-08-27 04:00:00,11.602,81.27647,0.25617313,0.457,0.447,0.327,12.602,13.152,14.852
2018-08-27 05:00:00,12.152,81.34949,0.26458383,0.457,0.447,0.327,13.202,13.152,14.852
2018-08-27 06:00:00,12.902,80.094086,0.29661512,0.456,0.446,0.327,13.702,13.202,14.802
2018-08-27 07:00:00,13.752,78.097755,0.344931,0.456,0.446,0.327,14.352,13.302,14.802
2018-08-27 08:00:00,13.702,80.742195,0.30229628,0.457,0.446,0.327,14.352,13.402,14.802
2018-08-27 09:00:00,14.102,80.260895,0.31798685,0.457,0.446,0.327,14.502,13.452,14.752
2018-08-27 10:00:00,14.552,79.527985,0.3395189,0.456,0.446,0.327,14.852,13.552,14.752
2018-08-27 11:00:00,15.202,76.01531,0.4147625,0.456,0.445,0.327,15.302,13.702,14.752
2018-08-27 12:00:00,15.252,76.02344,0.4159528,0.456,0.445,0.327,15.402,13.802,14.752
2018-08-27 13:00:00,14.902,76.98316,0.39042914,0.456,0.445,0.327,15.202,13.902,14.702
2018-08-27 14:00:00,13.902,82.94495,0.27120852,0.455,0.445,0.327,14.502,13.902,14.702
2018-08-27 15:00:00,12.752,89.1046,0.16075695,0.455,0.445,0.327,13.752,13.952,14.702
2018-08-27 16:00:00,11.952,92.980354,0.098275185,0.455,0.445,0.327,13.152,13.902,14.702
2018-08-27 17:00:00,11.502,95.465355,0.061628938,0.454,0.445,0.327,12.752,13.852,14.702
2018-08-27 18:00:00,11.302,95.77664,0.05664456,0.454,0.444,0.328,12.502,13.802,14.652
2018-08-27 19:00:00,11.502,95.465355,0.061628938,0.454,0.444,0.328,12.402,13.702,14.652
2018-08-27 20:00:00,11.552,95.78476,0.057477117,0.454,0.444,0.328,12.352,13.652,14.652
2018-08-27 21:00:00,11.752,95.1578,0.06690323,0.453,0.444,0.328,12.402,13.602,14.652
2018-08-27 22:00:00,11.902,94.22115,0.080637574,0.453,0.444,0.328,12.502,13.552,14.602
2018-08-27 23:00:00,11.952,93.911255,0.08524227,0.453,0.444,0.328,12.552,13.502,14.602
2018-08-28 00:00:00,12.002,93.60248,0.0898602,0.453,0.444,0.328,12.602,13.502,14.602
2018-08-28 01:00:00,12.002,93.91357,0.085490346,0.452,0.444,0.328,12.602,13.452,14.602
2018-08-28 02:00:00,12.152,92.990974,0.0994252,0.452,0.444,0.328,12.702,13.452,14.552
2018-08-28 03:00:00,12.302,92.07852,0.11348128,0.453,0.444,0.328,12.852,13.402,14.552
2018-08-28 04:00:00,12.652,89.6901,0.15112603,0.453,0.443,0.328,13.152,13.402,14.552
2018-08-28 05:00:00,13.052,86.50752,0.20301759,0.454,0.443,0.328,13.552,13.452,14.552
2018-08-28 06:00:00,14.302,75.362495,0.4020778,0.453,0.443,0.328,14.302,13.502,14.502
2018-08-28 07:00:00,15.552,70.002785,0.5305227,0.453,0.443,0.328,15.202,13.602,14.502
2018-08-28 08:00:00,16.552,67.67729,0.60926497,0.452,0.442,0.328,16.252,13.752,14.502
2018-08-28 09:00:00,17.102,68.241234,0.6198455,0.451,0.442,0.328,17.202,13.952,14.502
2018-08-28 10:00:00,16.752,71.17133,0.5503191,0.46,0.441,0.328,17.302,14.152,14.502
2018-08-28 11:00:00,15.152,77.022446,0.39606977,0.475,0.441,0.328,16.752,14.302,14.452
2018-08-28 12:00:00,14.602,80.59626,0.32283723,0.477,0.442,0.328,16.052,14.402,14.452
2018-08-28 13:00:00,14.202,84.364525,0.25350475,0.476,0.442,0.328,15.302,14.452,14.452
2018-08-28 14:00:00,13.552,86.55656,0.20897126,0.474,0.442,0.328,14.652,14.452,14.452
2018-08-28 15:00:00,12.652,89.98819,0.14675617,0.473,0.443,0.328,13.952,14.452,14.452
2018-08-28 16:00:00,12.002,92.674644,0.102893114,0.472,0.443,0.329,13.402,14.402,14.452
2018-08-28 17:00:00,11.502,94.20349,0.07877922,0.471,0.443,0.329,13.002,14.302,14.452
2018-08-28 18:00:00,10.952,94.81073,0.068005204,0.47,0.443,0.329,12.602,14.202,14.452
2018-08-28 19:00:00,11.602,94.20791,0.0792402,0.469,0.443,0.329,12.552,14.102,14.402
2018-08-28 20:00:00,11.002,94.812706,0.06820476,0.468,0.444,0.329,12.252,14.052,14.402
2018-08-28 21:00:00,10.452,94.47327,0.07006085,0.467,0.444,0.329,11.902,13.902,14.402
2018-08-28 22:00:00,10.052,94.77467,0.06449592,0.466,0.444,0.329,11.652,13.802,14.402
2018-08-28 23:00:00,9.852,94.76661,0.06373739,0.466,0.444,0.329,11.502,13.702,14.402
2018-08-29 00:00:00,9.702,95.08078,0.059312582,0.465,0.444,0.329,11.352,13.552,14.352
2018-08-29 01:00:00,9.452,96.03949,0.046958804,0.464,0.444,0.329,11.202,13.452,14.352
2018-08-29 02:00:00,10.202,94.780716,0.06507003,0.464,0.444,0.329,11.502,13.352,14.352
2018-08-29 03:00:00,11.552,88.412544,0.15800893,0.463,0.444,0.329,12.302,13.302,14.352
2018-08-29 04:00:00,12.952,81.18261,0.28130996,0.462,0.444,0.329,13.202,13.302,14.302
2018-08-29 05:00:00,13.852,77.333115,0.3592975,0.462,0.444,0.329,14.052,13.352,14.302
2018-08-29 06:00:00,14.652,75.67283,0.40607595,0.461,0.443,0.329,15.002,13.452,14.302
2018-08-29 07:00:00,15.402,77.06165,0.4017799,0.46,0.443,0.329,16.001999,13.652,14.302
2018-08-29 08:00:00,15.952,75.138016,0.45105493,0.459,0.443,0.329,16.802,13.802,14.302
2018-08-29 09:00:00,16.452,72.54106,0.51428545,0.457,0.442,0.329,17.302,14.002,14.252
2018-08-29 10:00:00,16.352,72.04448,0.5202733,0.456,0.442,0.329,17.202,14.202,14.252
2018-08-29 11:00:00,16.552,70.4302,0.55735874,0.456,0.442,0.329,17.302,14.352,14.252
2018-08-29 12:00:00,16.402,69.24165,0.57427347,0.455,0.442,0.329,17.052,14.502,14.252
2018-08-29 13:00:00,15.502,70.698235,0.5165651,0.455,0.441,0.329,16.152,14.602,14.252
2018-08-29 14:00:00,14.452,76.146515,0.39306796,0.454,0.441,0.329,15.252,14.602,14.252
2018-08-29 15:00:00,13.502,81.52702,0.28623283,0.454,0.441,0.329,14.452,14.602,14.252
2018-08-29 16:00:00,12.652,86.18033,0.20257843,0.454,0.441,0.33,13.752,14.552,14.252
2018-08-29 17:00:00,11.852,89.92833,0.14008129,0.453,0.441,0.33,13.152,14.452,14.252
2018-08-29 18:00:00,11.402,92.02455,0.10768032,0.453,0.441,0.33,12.802,14.402,14.252
2018-08-29 19:00:00,10.402,92.89717,0.089741945,0.453,0.441,0.33,12.152,14.252,14.202
2018-08-29 20:00:00,9.952,94.134254,0.07191861,0.452,0.441,0.33,11.802,14.102,14.202
2018-08-29 21:00:00,9.352,95.06745,0.05809307,0.452,0.441,0.33,11.402,13.952,14.202
2018-08-29 22:00:00,8.802,96.01941,0.045176744,0.452,0.441,0.33,11.002,13.802,14.202
2018-08-29 23:00:00,8.652,96.341415,0.0411036,0.452,0.441,0.33,10.802,13.652,14.202
2018-08-30 00:00:00,8.202,97.31785,0.029229641,0.451,0.441,0.33,10.452,13.502,14.202
2018-08-30 01:00:00,7.902,97.97757,0.021595478,0.451,0.441,0.33,10.202,13.302,14.152
2018-08-30 02:00:00,9.402,96.03796,0.046819687,0.451,0.441,0.33,10.902,13.202,14.152
2018-08-30 03:00:00,12.052,87.57302,0.17513227,0.45,0.44,0.33,12.802,13.202,14.152
2018-08-30 04:00:00,14.302,78.70313,0.34754992,0.45,0.44,0.33,14.252,13.252,14.152
2018-08-30 05:00:00,15.702,67.72825,0.5762602,0.45,0.44,0.33,15.552,13.402,14.152
2018-08-30 06:00:00,16.452,62.641983,0.69975674,0.449,0.44,0.33,16.252,13.552,14.102
2018-08-30 07:00:00,17.402,58.585777,0.823827,0.448,0.439,0.33,16.802,13.752,14.102
2018-08-30 08:00:00,18.002,54.54135,0.9390969,0.446,0.439,0.33,17.352,13.952,14.102
2018-08-30 09:00:00,18.252,51.90398,1.0093033,0.445,0.438,0.33,17.452,14.152,14.102
2018-08-30 10:00:00,18.602,49.923077,1.0741544,0.444,0.438,0.33,17.702,14.352,14.102
2018-08-30 11:00:00,18.702,49.44336,1.0912422,0.442,0.437,0.33,17.652,14.502,14.102
2018-08-30 12:00:00,18.402,53.912407,0.9762584,0.442,0.437,0.33,17.252,14.652,14.102
2018-08-30 13:00:00,18.052,58.54785,0.85898256,0.441,0.437,0.33,16.902,14.752,14.102
2018-08-30 14:00:00,17.102,62.162903,0.7385255,0.441,0.436,0.33,16.102,14.852,14.102
2018-08-30 15:00:00,15.352,69.2642,0.536675,0.441,0.436,0.33,15.002,14.852,14.102
2018-08-30 16:00:00,13.852,75.54027,0.38772166,0.44,0.436,0.33,14.102,14.802,14.102
2018-08-30 17:00:00,12.702,79.797295,0.2971288,0.44,0.436,0.33,13.352,14.702,14.052
2018-08-30 18:00:00,11.852,82.693405,0.24071908,0.44,0.436,0.33,12.752,14.602,14.052
2018-08-30 19:00:00,11.352,83.75678,0.21859479,0.44,0.436,0.33,12.252,14.452,14.052
2018-08-30 20:00:00,11.102,84.58182,0.20408595,0.44,0.436,0.331,11.952,14.302,14.052
2018-08-30 21:00:00,10.702,86.56597,0.17316282,0.44,0.436,0.331,11.652,14.152,14.052
2018-08-30 22:00:00,10.902,88.65478,0.14819193,0.44,0.436,0.331,11.652,14.002,14.052
2018-08-30 23:00:00,11.352,92.63849,0.0990628,0.442,0.436,0.331,11.802,13.902,14.052
2018-08-31 00:00:00,11.902,97.394165,0.03636062,0.45,0.436,0.331,12.152,13.802,14.052
2018-08-31 01:00:00,12.302,99.671974,0.004698992,0.459,0.436,0.331,12.552,13.752,14.052
2018-08-31 02:00:00,12.052,99.34361,0.009249449,0.463,0.436,0.331,12.702,13.702,14.002
2018-08-31 03:00:00,10.902,96.08375,0.05115211,0.463,0.436,0.331,12.452,13.602,14.002
2018-08-31 04:00:00,10.252,91.02884,0.11222112,0.462,0.436,0.331,12.152,13.552,14.002
2018-08-31 05:00:00,10.152,87.10121,0.16028214,0.461,0.436,0.331,12.052,13.452,14.002
2018-08-31 06:00:00,10.302,82.499664,0.21965373,0.46,0.436,0.331,12.152,13.402,14.002
2018-08-31 07:00:00,10.852,78.99121,0.2735225,0.46,0.436,0.331,12.402,13.352,14.002
2018-08-31 08:00:00,11.102,75.334595,0.3265044,0.459,0.436,0.331,12.702,13.352,13.952
2018-08-31 09:00:00,10.952,73.77218,0.34375328,0.459,0.436,0.331,12.652,13.302,13.952
2018-08-31 10:00:00,10.952,70.53676,0.3861634,0.458,0.436,0.331,12.752,13.302,13.952
2018-08-31 11:00:00,10.802,67.16137,0.42614406,0.457,0.436,0.331,12.802,13.252,13.952
2018-08-31 12:00:00,10.252,65.19072,0.4354778,0.456,0.436,0.331,12.402,13.252,13.952
2018-08-31 13:00:00,9.802,63.502724,0.443066,0.455,0.436,0.331,12.052,13.202,13.902
2018-08-31 14:00:00,9.352,62.505085,0.44163972,0.454,0.436,0.331,11.652,13.102,13.902
2018-08-31 15:00:00,8.952,63.757294,0.4155469,0.454,0.436,0.331,11.302,13.002,13.902
2018-08-31 16:00:00,8.602,65.98199,0.38092816,0.453,0.436,0.331,11.002,12.902,13.902
2018-08-31 17:00:00,8.202,69.25217,0.3351053,0.453,0.436,0.331,10.702,12.802,13.902
2018-08-31 18:00:00,7.852,71.42285,0.30412948,0.452,0.436,0.331,10.402,12.702,13.852
2018-08-31 19:00:00,8.052,72.47754,0.2969141,0.452,0.436,0.331,10.302,12.602,13.852
2018-08-31 20:00:00,7.702,73.962814,0.27428263,0.451,0.436,0.331,10.102,12.452,13.852
2018-08-31 21:00:00,7.352,75.21745,0.2549069,0.451,0.436,0.331,9.852,12.352,13.852
2018-08-31 22:00:00,7.052,75.967514,0.242172,0.451,0.436,0.331,9.652,12.202,13.802
2018-08-31 23:00:00,6.952,73.8277,0.26193422,0.45,0.436,0.331,9.502,12.102,13.802
2018-09-01 00:00:00,6.752,70.95509,0.2867226,0.45,0.436,0.332,9.352,11.952,13.802
2018-09-01 01:00:00,6.552,73.23158,0.26064408,0.45,0.436,0.332,9.202,11.852,13.802
2018-09-01 02:00:00,6.602,69.667496,0.2963636,0.45,0.436,0.332,9.202,11.752,13.752
2018-09-01 03:00:00,6.752,69.69805,0.2991314,0.45,0.435,0.332,9.352,11.652,13.752
2018-09-01 04:00:00,7.002,71.00426,0.29118693,0.451,0.435,0.332,9.752,11.552,13.752
2018-09-01 05:00:00,7.302,70.55939,0.30178624,0.452,0.435,0.332,10.152,11.502,13.702
2018-09-01 06:00:00,7.452,70.840416,0.30198342,0.452,0.435,0.332,10.502,11.502,13.702
2018-09-01 07:00:00,7.652,69.63265,0.31881022,0.454,0.435,0.332,11.002,11.502,13.702
2018-09-01 08:00:00,8.252,68.0462,0.3494317,0.454,0.435,0.332,11.302,11.552,13.652
2018-09-01 09:00:00,9.052,68.21428,0.36690772,0.454,0.435,0.332,12.052,11.602,13.652
2018-09-01 10:00:00,9.452,66.87193,0.39283228,0.454,0.434,0.332,12.452,11.652,13.652
2018-09-01 11:00:00,9.302,67.31226,0.38372308,0.455,0.434,0.332,12.452,11.752,13.652
2018-09-01 12:00:00,7.952,70.438255,0.3167547,0.463,0.434,0.332,11.752,11.752,13.602
2018-09-01 13:00:00,6.702,73.520424,0.260503,0.465,0.434,0.332,10.702,11.752,13.602
2018-09-01 14:00:00,6.002,80.508934,0.1827268,0.465,0.435,0.332,9.802,11.652,13.602
2018-09-01 15:00:00,5.552,83.05507,0.15398741,0.465,0.435,0.332,9.052,11.552,13.552
2018-09-01 16:00:00,5.202,82.13118,0.15848565,0.464,0.435,0.332,8.552,11.402,13.552
2018-09-01 17:00:00,4.952,83.27573,0.14577615,0.464,0.435,0.332,8.152,11.252,13.552
2018-09-01 18:00:00,4.302,86.83347,0.10967207,0.463,0.435,0.332,7.702,11.102,13.502
2018-09-01 19:00:00,4.152,88.37727,0.09580076,0.462,0.435,0.332,7.352,10.952,13.502
2018-09-01 20:00:00,4.052,88.05446,0.097773194,0.462,0.436,0.332,7.152,10.752,13.502
2018-09-01 21:00:00,4.302,85.91092,0.11735642,0.461,0.436,0.332,7.052,10.602,13.452
2018-09-01 22:00:00,4.502,84.11547,0.13417608,0.46,0.436,0.332,7.002,10.452,13.452
2018-09-01 23:00:00,4.852,82.08525,0.15506822,0.46,0.436,0.332,7.052,10.302,13.452
2018-09-02 00:00:00,4.952,80.935814,0.16617137,0.459,0.436,0.332,7.052,10.202,13.402
2018-09-02 01:00:00,5.102,80.09512,0.17532021,0.459,0.436,0.332,7.052,10.052,13.402
2018-09-02 02:00:00,5.652,79.32379,0.18920147,0.458,0.436,0.332,7.352,9.952,13.352
2018-09-02 03:00:00,6.802,73.27765,0.26470214,0.458,0.436,0.332,8.102,9.902,13.352
2018-09-02 04:00:00,8.052,68.004,0.34517592,0.457,0.436,0.332,9.002,9.902,13.302
2018-09-02 05:00:00,9.402,59.903675,0.47387135,0.457,0.436,0.332,10.252,10.002,13.302
2018-09-02 06:00:00,10.552,50.529285,0.63141084,0.455,0.436,0.332,11.052,10.102,13.302
2018-09-02 07:00:00,10.902,49.54474,0.6591392,0.454,0.435,0.332,11.452,10.202,13.252
2018-09-02 08:00:00,11.652,47.655956,0.7186227,0.452,0.435,0.333,11.952,10.352,13.252
2018-09-02 09:00:00,11.752,49.42671,0.69890696,0.452,0.435,0.333,12.102,10.502,13.252
2018-09-02 10:00:00,11.952,49.4825,0.70739734,0.451,0.435,0.333,12.202,10.652,13.202
2018-09-02 11:00:00,12.152,48.487156,0.7308901,0.45,0.434,0.333,12.252,10.752,13.202
2018-09-02 12:00:00,11.802,51.974396,0.6658875,0.449,0.434,0.333,11.902,10.852,13.202
2018-09-02 13:00:00,11.502,53.965347,0.6257674,0.448,0.434,0.333,11.602,10.952,13.152
2018-09-02 14:00:00,10.652,57.09557,0.5512571,0.448,0.434,0.333,11.002,10.952,13.152
2018-09-02 15:00:00,9.902,61.101498,0.47538978,0.447,0.434,0.333,10.452,11.002,13.152
2018-09-02 16:00:00,9.502,63.883923,0.42970657,0.447,0.434,0.333,10.152,10.952,13.102
2018-09-02 17:00:00,8.852,67.453926,0.37065244,0.447,0.434,0.333,9.702,10.952,13.102
2018-09-02 18:00:00,8.602,69.089584,0.34612882,0.446,0.434,0.333,9.452,10.902,13.102
2018-09-02 19:00:00,7.602,76.596886,0.24485987,0.446,0.434,0.333,9.002,10.802,13.102
2018-09-02 20:00:00,7.202,78.99546,0.2138431,0.446,0.434,0.333,8.752,10.752,13.052
2018-09-02 21:00:00,6.652,82.31969,0.17334038,0.445,0.434,0.333,8.402,10.652,13.052
2018-09-02 22:00:00,6.052,85.491684,0.13648432,0.445,0.434,0.333,8.002,10.552,13.052
2018-09-02 23:00:00,5.552,87.88019,0.11013907,0.445,0.434,0.333,7.652,10.402,13.002
2018-09-03 00:00:00,5.052,89.713295,0.09029025,0.445,0.434,0.333,7.302,10.302,13.002
2018-09-03 01:00:00,5.002,90.34379,0.08446157,0.444,0.434,0.333,7.152,10.152,13.002
2018-09-03 02:00:00,6.052,87.92591,0.1135847,0.444,0.433,0.333,7.602,10.052,12.952
2018-09-03 03:00:00,8.302,78.33585,0.23771024,0.444,0.433,0.333,9.002,10.052,12.952
2018-09-03 04:00:00,10.452,70.19437,0.37788004,0.443,0.433,0.333,10.552,10.102,12.902
2018-09-03 05:00:00,11.952,62.239697,0.5287383,0.442,0.433,0.333,12.002,10.252,12.902
2018-09-03 06:00:00,12.902,53.766514,0.68902224,0.441,0.432,0.333,13.102,10.452,12.902
2018-09-03 07:00:00,13.802,50.52595,0.7818195,0.439,0.432,0.333,13.802,10.702,12.902
2018-09-03 08:00:00,14.152,49.740723,0.81244504,0.438,0.432,0.333,14.152,10.902,12.852
2018-09-03 09:00:00,14.402,49.115013,0.8359606,0.437,0.431,0.333,14.302,11.102,12.852
2018-09-03 10:00:00,14.402,49.461235,0.83027124,0.436,0.431,0.333,14.202,11.302,12.852
2018-09-03 11:00:00,14.202,50.813282,0.7976785,0.435,0.43,0.333,13.952,11.452,12.852
2018-09-03 12:00:00,13.802,53.628845,0.7327751,0.434,0.43,0.333,13.602,11.602,12.802
2018-09-03 13:00:00,13.102,58.730927,0.623106,0.434,0.43,0.333,13.052,11.702,12.802
2018-09-03 14:00:00,12.252,62.52684,0.5351688,0.434,0.43,0.333,12.452,11.752,12.802
2018-09-03 15:00:00,11.702,65.739685,0.47188538,0.434,0.43,0.333,12.002,11.802,12.802
2018-09-03 16:00:00,11.102,69.11676,0.4088232,0.433,0.43,0.333,11.552,11.802,12.802
2018-09-03 17:00:00,10.352,73.15707,0.33805466,0.433,0.43,0.333,11.002,11.752,12.802
2018-09-03 18:00:00,9.902,75.91402,0.2943508,0.433,0.43,0.333,10.702,11.702,12.752
2018-09-03 19:00:00,8.702,82.581345,0.19636792,0.433,0.43,0.333,10.102,11.652,12.752
2018-09-03 20:00:00,8.302,85.73194,0.15655369,0.433,0.429,0.333,9.802,11.552,12.752
2018-09-03 21:00:00,8.052,88.10628,0.12830639,0.433,0.429,0.333,9.602,11.502,12.752
2018-09-03 22:00:00,8.002,89.01762,0.118073165,0.433,0.429,0.333,9.502,11.402,12.752
2018-09-03 23:00:00,7.902,89.93419,0.10748571,0.433,0.429,0.333,9.352,11.302,12.702
2018-09-04 00:00:00,8.002,89.94181,0.108136594,0.433,0.429,0.334,9.302,11.202,12.702
2018-09-04 01:00:00,8.252,88.73262,0.123209774,0.433,0.429,0.334,9.352,11.152,12.702
2018-09-04 02:00:00,9.102,85.229095,0.17107052,0.433,0.429,0.334,9.702,11.102,12.702
2018-09-04 03:00:00,10.402,78.924576,0.26629955,0.433,0.429,0.334,10.502,11.052,12.702
2018-09-04 04:00:00,11.102,75.59326,0.32307988,0.433,0.429,0.334,11.002,11.102,12.652
2018-09-04 05:00:00,12.052,70.75114,0.41224366,0.432,0.429,0.334,11.752,11.152,12.652
2018-09-04 06:00:00,12.602,67.310486,0.47767806,0.432,0.428,0.334,12.252,11.252,12.652
2018-09-04 07:00:00,14.452,57.657482,0.69783556,0.431,0.428,0.334,13.602,11.402,12.652
2018-09-04 08:00:00,15.052,53.21674,0.80141014,0.43,0.428,0.334,14.402,11.552,12.652
2018-09-04 09:00:00,15.052,51.58015,0.82945406,0.429,0.427,0.334,14.452,11.752,12.602
2018-09-04 10:00:00,14.952,51.55316,0.8246011,0.429,0.427,0.334,14.252,11.902,12.602
2018-09-04 11:00:00,14.952,51.195477,0.8306909,0.428,0.427,0.334,14.102,12.002,12.602
2018-09-04 12:00:00,14.702,53.494125,0.778924,0.427,0.427,0.334,13.952,12.152,12.602
2018-09-04 13:00:00,14.002,57.743893,0.6764441,0.427,0.426,0.334,13.502,12.202,12.602
2018-09-04 14:00:00,13.202,60.199474,0.60485905,0.427,0.426,0.334,13.002,12.252,12.602
2018-09-04 15:00:00,12.602,62.176052,0.5527203,0.427,0.426,0.334,12.502,12.302,12.602
2018-09-04 16:00:00,11.952,65.11456,0.48847705,0.427,0.426,0.334,12.102,12.252,12.602
2018-09-04 17:00:00,11.302,68.20674,0.4264819,0.427,0.426,0.334,11.652,12.252,12.602
2018-09-04 18:00:00,10.802,70.9972,0.3763616,0.426,0.426,0.334,11.302,12.202,12.552
2018-09-04 19:00:00,10.452,73.17527,0.34008402,0.426,0.426,0.334,11.052,12.152,12.552
2018-09-04 20:00:00,9.902,76.97033,0.28144068,0.426,0.426,0.334,10.702,12.052,12.552
2018-09-04 21:00:00,10.002,77.25233,0.27985966,0.426,0.426,0.334,10.652,12.002,12.552
2018-09-04 22:00:00,9.502,79.88538,0.23931277,0.426,0.426,0.334,10.352,11.952,12.552
2018-09-04 23:00:00,9.252,80.959755,0.22275656,0.426,0.426,0.334,10.152,11.852,12.552
2018-09-05 00:00:00,9.602,78.53383,0.25711304,0.426,0.425,0.334,10.252,11.752,12.552
2018-09-05 01:00:00,9.552,78.52627,0.25634247,0.426,0.425,0.334,10.252,11.702,12.552
2018-09-05 02:00:00,9.902,77.77107,0.27165425,0.426,0.425,0.334,10.402,11.652,12.502
2018-09-05 03:00:00,10.952,74.026405,0.3404209,0.425,0.425,0.334,11.052,11.602,12.502
2018-09-05 04:00:00,11.902,70.47964,0.41198444,0.425,0.425,0.334,11.752,11.652,12.502
2018-09-05 05:00:00,12.352,69.84632,0.43345606,0.425,0.425,0.334,12.202,11.702,12.502
2018-09-05 06:00:00,13.602,64.36725,0.5557852,0.424,0.424,0.334,13.302,11.802,12.502
2018-09-05 07:00:00,14.702,55.763966,0.7408958,0.423,0.424,0.334,14.152,11.902,12.502
2018-09-05 08:00:00,15.302,50.40644,0.8633049,0.422,0.424,0.334,14.852,12.102,12.502
2018-09-05 09:00:00,15.102,48.96506,0.8770773,0.421,0.423,0.334,14.802,12.252,12.502
2018-09-05 10:00:00,15.102,47.445404,0.90320164,0.42,0.423,0.334,14.902,12.402,12.452
2018-09-05 11:00:00,14.852,46.71303,0.9011937,0.419,0.422,0.334,14.702,12.502,12.452
2018-09-05 12:00:00,14.402,48.428986,0.8472336,0.418,0.422,0.334,14.302,12.602,12.452
2018-09-05 13:00:00,13.802,50.17156,0.7874211,0.418,0.422,0.334,13.802,12.652,12.452
2018-09-05 14:00:00,13.052,51.945602,0.7232133,0.418,0.422,0.334,13.252,12.702,12.452
2018-09-05 15:00:00,12.402,54.780437,0.6522072,0.417,0.422,0.334,12.702,12.702,12.452
2018-09-05 16:00:00,11.852,58.830986,0.5726923,0.417,0.422,0.334,12.302,12.652,12.452
2018-09-05 17:00:00,11.352,63.636276,0.4894157,0.417,0.422,0.334,11.952,12.602,12.452
2018-09-05 18:00:00,11.202,66.78104,0.4426697,0.417,0.422,0.334,11.802,12.602,12.452
2018-09-05 19:00:00,10.402,69.940895,0.3798263,0.417,0.421,0.334,11.352,12.502,12.452
2018-09-05 20:00:00,10.052,71.844215,0.3475603,0.417,0.421,0.334,11.102,12.452,12.452
2018-09-05 21:00:00,9.902,72.06605,0.34138054,0.417,0.421,0.334,10.902,12.352,12.452
2018-09-05 22:00:00,9.852,71.80626,0.34340447,0.417,0.421,0.334,10.802,12.252,12.452
2018-09-05 23:00:00,9.502,72.49451,0.3272527,0.417,0.421,0.334,10.602,12.202,12.452
2018-09-06 00:00:00,9.302,72.71063,0.32034785,0.417,0.421,0.334,10.452,12.102,12.452
2018-09-06 01:00:00,9.152,72.93724,0.31449783,0.417,0.421,0.334,10.302,12.002,12.452
2018-09-06 02:00:00,9.302,72.96485,0.31736332,0.417,0.421,0.334,10.352,11.902,12.402
2018-09-06 03:00:00,10.052,70.115,0.36890805,0.416,0.421,0.334,10.852,11.852,12.402
2018-09-06 04:00:00,10.902,67.18267,0.42870504,0.416,0.421,0.334,11.502,11.852,12.402
2018-09-06 05:00:00,11.702,64.16117,0.4936303,0.416,0.42,0.334,12.202,11.902,12.402
2018-09-06 06:00:00,12.552,58.799133,0.60010785,0.415,0.42,0.334,13.002,11.952,12.402
2018-09-06 07:00:00,13.102,54.77171,0.6828972,0.414,0.42,0.334,13.602,12.052,12.402
2018-09-06 08:00:00,13.502,50.979824,0.75969785,0.413,0.419,0.334,14.052,12.152,12.402
2018-09-06 09:00:00,13.752,48.76196,0.8070785,0.412,0.419,0.334,14.402,12.302,12.402
2018-09-06 10:00:00,13.502,49.038155,0.78979516,0.411,0.418,0.334,14.302,12.402,12.402
2018-09-06 11:00:00,13.202,50.006226,0.75980306,0.411,0.418,0.334,13.852,12.452,12.402
2018-09-06 12:00:00,12.852,52.074966,0.71190584,0.41,0.418,0.334,13.452,12.502,12.402
2018-09-06 13:00:00,12.402,55.557068,0.64100415,0.41,0.418,0.334,13.052,12.552,12.402
2018-09-06 14:00:00,11.902,58.43202,0.58015054,0.41,0.418,0.334,12.552,12.552,12.402
2018-09-06 15:00:00,11.252,62.730164,0.4983046,0.41,0.418,0.334,12.052,12.502,12.352
2018-09-06 16:00:00,10.902,66.02271,0.44385964,0.41,0.418,0.335,11.702,12.452,12.352
2018-09-06 17:00:00,10.302,70.164635,0.3744939,0.41,0.418,0.335,11.302,12.402,12.352
2018-09-06 18:00:00,9.902,73.329094,0.3259436,0.41,0.417,0.335,11.002,12.352,12.352
2018-09-06 19:00:00,9.602,73.52993,0.3170529,0.41,0.417,0.335,10.702,12.252,12.352
2018-09-06 20:00:00,9.352,74.77525,0.2971068,0.41,0.417,0.335,10.452,12.152,12.352
2018-09-06 21:00:00,8.802,77.32931,0.25731176,0.41,0.417,0.335,10.102,12.052,12.352
2018-09-06 22:00:00,8.602,78.381775,0.24207276,0.41,0.417,0.335,9.902,11.952,12.352
2018-09-06 23:00:00,8.452,79.18163,0.23076218,0.411,0.417,0.335,9.752,11.852,12.352
2018-09-07 00:00:00,8.402,80.00491,0.22088706,0.411,0.417,0.335,9.652,11.702,12.352
2018-09-07 01:00:00,8.352,81.39983,0.20478201,0.412,0.417,0.335,9.552,11.602,12.352
2018-09-07 02:00:00,8.752,82.8734,0.1937285,0.413,0.417,0.335,9.752,11.502,12.352
2018-09-07 03:00:00,9.852,80.76358,0.23429549,0.413,0.417,0.335,10.402,11.452,12.302
2018-09-07 04:00:00,10.502,78.66939,0.2713253,0.413,0.417,0.335,10.902,11.452,12.302
2018-09-07 05:00:00,10.952,77.6677,0.2926916,0.414,0.417,0.335,11.302,11.452,12.302
2018-09-07 06:00:00,11.152,78.76654,0.28200245,0.414,0.416,0.335,11.602,11.502,12.302
2018-09-07 07:00:00,11.502,75.66026,0.33083236,0.414,0.416,0.335,11.802,11.502,12.302
2018-09-07 08:00:00,11.602,75.935684,0.32925475,0.414,0.416,0.335,11.952,11.552,12.302
2018-09-07 09:00:00,12.352,70.326324,0.42655492,0.414,0.416,0.335,12.552,11.602,12.302
2018-09-07 10:00:00,12.802,65.52754,0.51037127,0.413,0.416,0.335,12.952,11.702,12.302
2018-09-07 11:00:00,12.752,64.39794,0.52537787,0.413,0.416,0.335,13.002,11.752,12.252
2018-09-07 12:00:00,12.452,65.90356,0.49336827,0.412,0.415,0.335,12.802,11.852,12.252
2018-09-07 13:00:00,12.152,68.147644,0.4519053,0.412,0.415,0.335,12.552,11.852,12.252
2018-09-07 14:00:00,11.402,72.595795,0.3700381,0.412,0.415,0.335,12.002,11.902,12.252
2018-09-07 15:00:00,10.602,76.81813,0.2968446,0.412,0.415,0.335,11.402,11.852,12.252
2018-09-07 16:00:00,10.052,79.96382,0.2473231,0.412,0.415,0.335,10.952,11.802,12.252
2018-09-07 17:00:00,9.302,83.80098,0.19015253,0.412,0.415,0.335,10.402,11.752,12.252
2018-09-07 18:00:00,8.552,87.54717,0.13896781,0.412,0.415,0.335,9.902,11.652,12.252
2018-09-07 19:00:00,8.052,89.32877,0.11511797,0.412,0.415,0.335,9.502,11.552,12.252
2018-09-07 20:00:00,7.702,90.54109,0.099639654,0.412,0.415,0.335,9.202,11.452,12.252
2018-09-07 21:00:00,7.552,90.53029,0.09873915,0.412,0.415,0.335,9.052,11.352,12.202
2018-09-07 22:00:00,6.952,91.432434,0.08574331,0.412,0.415,0.335,8.652,11.202,12.202
2018-09-07 23:00:00,6.852,91.10948,0.08836764,0.412,0.415,0.335,8.502,11.052,12.202
2018-09-08 00:00:00,6.702,90.1549,0.09685397,0.412,0.415,0.335,8.352,10.952,12.202
2018-09-08 01:00:00,6.552,90.14363,0.09597081,0.412,0.415,0.335,8.202,10.802,12.202
2018-09-08 02:00:00,7.202,87.42081,0.12806493,0.412,0.414,0.335,8.452,10.702,12.202
2018-09-08 03:00:00,8.752,82.30278,0.20018345,0.412,0.414,0.335,9.352,10.652,12.152
2018-09-08 04:00:00,10.052,80.79102,0.23711139,0.412,0.414,0.335,10.402,10.652,12.152
2018-09-08 05:00:00,11.002,80.371544,0.2581054,0.411,0.414,0.335,11.302,10.702,12.152
2018-09-08 06:00:00,12.002,76.780754,0.32617474,0.412,0.414,0.335,12.302,10.852,12.152
2018-09-08 07:00:00,12.502,72.55017,0.3984822,0.412,0.414,0.335,12.452,10.952,12.152
2018-09-08 08:00:00,13.052,70.703224,0.44086993,0.413,0.413,0.335,13.052,11.052,12.152
2018-09-08 09:00:00,14.002,64.456665,0.5689602,0.414,0.413,0.335,13.602,11.202,12.102
2018-09-08 10:00:00,14.752,59.34059,0.6831712,0.413,0.413,0.335,14.102,11.402,12.102
2018-09-08 11:00:00,15.152,55.87949,0.7606502,0.412,0.413,0.335,14.302,11.552,12.102
2018-09-08 12:00:00,15.052,56.82328,0.7396108,0.412,0.413,0.335,14.102,11.702,12.102
2018-09-08 13:00:00,14.152,61.897846,0.6158808,0.411,0.412,0.335,13.502,11.802,12.102
2018-09-08 14:00:00,12.452,69.15195,0.44635683,0.411,0.412,0.335,12.552,11.852,12.102
2018-09-08 15:00:00,11.402,74.87119,0.33930957,0.411,0.412,0.335,11.752,11.852,12.102
2018-09-08 16:00:00,10.652,81.70457,0.23504889,0.411,0.412,0.335,11.202,11.802,12.102
2018-09-08 17:00:00,10.052,89.18542,0.1334877,0.411,0.412,0.335,10.752,11.752,12.102
2018-09-08 18:00:00,9.902,93.49914,0.07943988,0.411,0.412,0.335,10.552,11.702,12.102
2018-09-08 19:00:00,9.552,94.75449,0.062613964,0.411,0.412,0.335,10.252,11.652,12.102
2018-09-08 20:00:00,9.302,96.35992,0.042726874,0.411,0.412,0.335,10.102,11.552,12.052
2018-09-08 21:00:00,9.052,97.00707,0.034544706,0.411,0.412,0.335,9.902,11.452,12.052
2018-09-08 22:00:00,8.752,97.65975,0.026470423,0.411,0.412,0.335,9.702,11.402,12.052
2018-09-08 23:00:00,8.452,97.986336,0.022319198,0.411,0.412,0.335,9.502,11.302,12.052
2018-09-09 00:00:00,8.102,98.31479,0.018240929,0.411,0.412,0.335,9.302,11.202,12.052
2018-09-09 01:00:00,7.802,98.31079,0.01791513,0.411,0.412,0.335,9.102,11.102,12.052
2018-09-09 02:00:00,8.502,97.32416,0.029759169,0.411,0.412,0.335,9.352,11.002,12.052
2018-09-09 03:00:00,10.452,91.34967,0.10965967,0.411,0.412,0.335,10.452,11.002,12.052
2018-09-09 04:00:00,12.502,83.61038,0.23790681,0.411,0.412,0.335,11.902,11.052,12.002
2018-09-09 05:00:00,14.552,75.15286,0.41209352,0.41,0.411,0.335,13.452,11.202,12.002
2018-09-09 06:00:00,16.552,63.93982,0.6797397,0.409,0.411,0.335,15.152,11.452,12.002
2018-09-09 07:00:00,17.502,57.63181,0.84814,0.408,0.41,0.335,16.152,11.702,12.002
2018-09-09 08:00:00,18.052,52.738503,0.97942686,0.407,0.41,0.335,16.852,11.952,12.002
2018-09-09 09:00:00,18.052,50.457886,1.0267133,0.407,0.41,0.335,16.752,12.202,12.002
2018-09-09 10:00:00,18.252,48.651493,1.0775936,0.406,0.409,0.335,16.752,12.452,12.002
2018-09-09 11:00:00,18.002,49.25266,1.0484087,0.405,0.409,0.335,16.452,12.652,12.002
2018-09-09 12:00:00,17.552,52.965878,0.94455814,0.405,0.409,0.335,16.001999,12.852,12.002
2018-09-09 13:00:00,16.602,57.0194,0.81281817,0.404,0.409,0.335,15.402,12.952,12.002
2018-09-09 14:00:00,15.102,61.698223,0.65818954,0.404,0.409,0.335,14.452,13.002,12.002
2018-09-09 15:00:00,14.252,64.5124,0.5773294,0.404,0.408,0.335,13.752,13.052,12.002
2018-09-09 16:00:00,13.302,67.68838,0.49423552,0.404,0.408,0.335,13.052,13.052,12.002
2018-09-09 17:00:00,12.752,68.74059,0.46128225,0.404,0.408,0.335,12.552,13.002,12.002
2018-09-09 18:00:00,12.452,68.20972,0.45999306,0.404,0.408,0.335,12.202,12.952,12.002
2018-09-09 19:00:00,12.402,65.66583,0.4951828,0.404,0.408,0.335,11.952,12.852,12.002
2018-09-09 20:00:00,11.902,66.01155,0.47435117,0.404,0.408,0.335,11.602,12.802,12.002
2018-09-09 21:00:00,11.652,66.415825,0.46104807,0.404,0.408,0.335,11.452,12.702,12.052
2018-09-09 22:00:00,11.152,69.12692,0.41004497,0.404,0.408,0.335,11.202,12.602,12.002
2018-09-09 23:00:00,10.702,73.473755,0.34194082,0.404,0.408,0.335,10.952,12.502,12.052
2018-09-10 00:00:00,10.702,78.43048,0.27803922,0.404,0.408,0.335,10.902,12.452,12.052
2018-09-10 01:00:00,10.752,85.11775,0.19246995,0.404,0.408,0.335,10.902,12.352,12.002
2018-09-10 02:00:00,11.602,88.12094,0.162521,0.404,0.408,0.335,11.302,12.302,12.002
2018-09-10 03:00:00,12.302,88.182205,0.16930354,0.404,0.408,0.335,11.902,12.252,12.002
2018-09-10 04:00:00,12.152,85.55487,0.20491886,0.404,0.408,0.335,12.302,12.252,12.002
2018-09-10 05:00:00,11.602,77.50439,0.30778885,0.404,0.408,0.335,12.352,12.252,12.002
2018-09-10 06:00:00,11.002,73.023254,0.35474473,0.404,0.408,0.335,12.252,12.252,12.002
2018-09-10 07:00:00,10.802,71.73759,0.36675268,0.404,0.407,0.335,12.302,12.252,12.002
2018-09-10 08:00:00,10.302,68.23601,0.39870435,0.404,0.407,0.335,12.252,12.252,12.002
2018-09-10 09:00:00,10.002,64.22439,0.44015616,0.403,0.407,0.335,12.202,12.252,12.002
2018-09-10 10:00:00,9.702,60.191406,0.48003918,0.403,0.407,0.335,12.152,12.252,12.002
2018-09-10 11:00:00,9.402,56.97757,0.5084533,0.402,0.407,0.335,11.902,12.202,12.002
2018-09-10 12:00:00,9.052,54.872795,0.52091277,0.402,0.407,0.335,11.502,12.152,12.002
2018-09-10 13:00:00,8.852,53.44654,0.5301749,0.402,0.407,0.335,11.102,12.102,12.002
2018-09-10 14:00:00,8.602,54.160236,0.5133028,0.402,0.406,0.335,10.652,12.052,12.002
2018-09-10 15:00:00,8.102,57.259445,0.4626544,0.402,0.406,0.335,10.152,11.952,12.002
2018-09-10 16:00:00,8.102,58.304604,0.45134163,0.402,0.406,0.335,9.902,11.852,12.002
2018-09-10 17:00:00,7.752,61.016346,0.41206372,0.401,0.406,0.335,9.602,11.702,12.002
2018-09-10 18:00:00,7.352,64.073524,0.36952925,0.401,0.406,0.335,9.302,11.602,12.002
2018-09-10 19:00:00,6.502,68.65443,0.3041628,0.401,0.406,0.335,8.952,11.452,12.002
2018-09-10 20:00:00,6.052,71.583565,0.26732075,0.401,0.406,0.335,8.602,11.302,12.002
2018-09-10 21:00:00,5.602,73.84651,0.23849332,0.401,0.406,0.335,8.252,11.152,12.002
2018-09-10 22:00:00,5.702,72.812294,0.24964708,0.401,0.406,0.335,8.152,11.002,11.952
2018-09-10 23:00:00,5.252,74.3154,0.2285974,0.401,0.406,0.335,7.852,10.852,11.952
2018-09-11 00:00:00,4.702,76.38819,0.20225173,0.401,0.406,0.335,7.452,10.702,11.952
2018-09-11 01:00:00,4.202,79.10648,0.17281735,0.401,0.406,0.335,7.052,10.552,11.952
2018-09-11 02:00:00,4.402,80.28136,0.16540068,0.401,0.406,0.336,7.052,10.352,11.952
2018-09-11 03:00:00,6.002,72.089226,0.2616589,0.401,0.406,0.336,8.152,10.252,11.952
2018-09-11 04:00:00,7.302,65.223595,0.35648048,0.4,0.406,0.336,9.352,10.252,11.902
2018-09-11 05:00:00,8.302,57.51862,0.46613228,0.4,0.405,0.335,10.552,10.302,11.902
2018-09-11 06:00:00,8.752,53.419456,0.52691305,0.4,0.405,0.335,11.152,10.352,11.902
2018-09-11 07:00:00,9.552,49.70552,0.60041124,0.399,0.405,0.335,11.802,10.452,11.902
2018-09-11 08:00:00,9.952,46.657547,0.654096,0.398,0.404,0.335,12.402,10.602,11.902
2018-09-11 09:00:00,10.302,43.14026,0.7137183,0.397,0.404,0.335,12.902,10.752,11.902
2018-09-11 10:00:00,10.352,40.832993,0.74515593,0.396,0.404,0.335,13.002,10.852,11.852
2018-09-11 11:00:00,9.952,40.263325,0.732488,0.395,0.403,0.335,12.502,10.952,11.852
2018-09-11 12:00:00,9.552,39.84595,0.71808964,0.395,0.403,0.335,11.902,11.052,11.852
2018-09-11 13:00:00,8.952,40.720215,0.67964876,0.395,0.403,0.335,11.102,11.052,11.852
2018-09-11 14:00:00,7.902,44.879704,0.5885778,0.394,0.403,0.335,10.102,11.002,11.852
2018-09-11 15:00:00,6.952,49.3347,0.5070307,0.394,0.403,0.335,9.202,10.952,11.852
2018-09-11 16:00:00,5.552,60.032433,0.36318767,0.394,0.403,0.335,8.302,10.802,11.852
2018-09-11 17:00:00,5.902,54.83218,0.42050093,0.394,0.403,0.335,7.352,10.652,11.852
2018-09-11 18:00:00,5.602,55.98247,0.40137082,0.394,0.403,0.335,6.402,10.452,11.802
2018-09-11 19:00:00,2.302,74.051155,0.18766522,0.394,0.403,0.335,5.652,10.202,11.802
2018-09-11 20:00:00,1.952,74.53521,0.17962468,0.394,0.403,0.335,5.202,9.952,11.802
2018-09-11 21:00:00,2.052,71.58398,0.2018748,0.394,0.403,0.335,4.852,9.702,11.802
2018-09-11 22:00:00,2.052,70.53057,0.20935708,0.394,0.403,0.335,4.602,9.502,11.752
2018-09-11 23:00:00,2.2020001,69.5222,0.21884829,0.394,0.402,0.336,4.502,9.252,11.752
2018-09-12 00:00:00,2.552,68.571686,0.23136497,0.394,0.402,0.336,4.552,9.052,11.752
2018-09-12 01:00:00,2.802,69.13415,0.23129433,0.394,0.402,0.336,4.602,8.852,11.752
2018-09-12 02:00:00,3.802,68.584274,0.25264382,0.394,0.402,0.336,5.102,8.702,11.702
2018-09-12 03:00:00,6.152,62.418346,0.35598135,0.394,0.402,0.336,6.452,8.652,11.702
2018-09-12 04:00:00,8.402,55.90311,0.48714787,0.394,0.402,0.336,8.052,8.652,11.702
2018-09-12 05:00:00,10.102,51.882145,0.5959828,0.393,0.402,0.336,9.402,8.752,11.652
2018-09-12 06:00:00,11.502,50.069935,0.6787234,0.392,0.402,0.336,10.702,8.902,11.652
2018-09-12 07:00:00,12.502,50.88609,0.71304464,0.392,0.401,0.336,11.602,9.052,11.652
2018-09-12 08:00:00,13.552,45.852375,0.8419088,0.391,0.401,0.335,12.602,9.302,11.652
2018-09-12 09:00:00,13.602,45.37874,0.85203874,0.39,0.401,0.335,12.652,9.502,11.602
2018-09-12 10:00:00,13.602,46.030296,0.84187347,0.389,0.4,0.335,12.652,9.702,11.602
2018-09-12 11:00:00,13.302,48.29248,0.7909901,0.389,0.4,0.335,12.352,9.852,11.602
2018-09-12 12:00:00,13.052,50.498264,0.7449994,0.389,0.4,0.335,12.102,10.002,11.602
2018-09-12 13:00:00,12.452,52.894184,0.6816486,0.388,0.4,0.335,11.702,10.102,11.602
2018-09-12 14:00:00,11.452,57.098198,0.5812534,0.388,0.4,0.335,11.052,10.202,11.552
2018-09-12 15:00:00,10.502,61.462437,0.4902265,0.388,0.4,0.335,10.352,10.202,11.552
2018-09-12 16:00:00,9.552,65.72596,0.4091596,0.388,0.4,0.335,9.702,10.202,11.552
2018-09-12 17:00:00,8.402,71.02669,0.3200752,0.388,0.4,0.335,9.052,10.202,11.552
2018-09-12 18:00:00,7.702,73.70228,0.27702713,0.388,0.4,0.335,8.502,10.102,11.552
2018-09-12 19:00:00,7.402,73.90888,0.26928467,0.388,0.4,0.336,8.202,10.052,11.552
2018-09-12 20:00:00,7.352,73.3786,0.27382112,0.388,0.399,0.336,8.002,9.952,11.502
2018-09-12 21:00:00,7.052,74.37122,0.25825763,0.388,0.399,0.336,7.802,9.852,11.502
2018-09-12 22:00:00,6.652,76.16967,0.2336365,0.388,0.399,0.336,7.552,9.752,11.502
2018-09-12 23:00:00,6.252,78.573494,0.20436597,0.388,0.399,0.336,7.302,9.652,11.502
2018-09-13 00:00:00,5.752,81.33425,0.17199123,0.388,0.399,0.336,7.052,9.552,11.502
2018-09-13 01:00:00,5.202,84.79674,0.134844,0.388,0.399,0.336,6.702,9.452,11.452
2018-09-13 02:00:00,5.702,84.25634,0.14456528,0.388,0.399,0.336,6.852,9.352,11.452
2018-09-13 03:00:00,8.352,74.33951,0.2825179,0.388,0.399,0.336,8.202,9.302,11.452
2018-09-13 04:00:00,11.252,63.613346,0.48649478,0.388,0.399,0.336,10.052,9.352,11.452
2018-09-13 05:00:00,13.802,55.14647,0.7087874,0.387,0.399,0.336,11.952,9.552,11.452
2018-09-13 06:00:00,15.852,47.988594,0.93782914,0.386,0.398,0.336,13.602,9.802,11.402
2018-09-13 07:00:00,17.452,40.137653,1.194761,0.385,0.398,0.335,15.002,10.102,11.402
2018-09-13 08:00:00,18.452,34.749664,1.3867563,0.383,0.397,0.335,15.952,10.402,11.402
2018-09-13 09:00:00,18.902,32.721203,1.4706404,0.382,0.397,0.335,16.502,10.752,11.402
2018-09-13 10:00:00,19.002,32.517635,1.4843132,0.381,0.396,0.335,16.702,11.052,11.402
2018-09-13 11:00:00,18.852,32.94065,1.4612782,0.38,0.396,0.335,16.502,11.352,11.402
2018-09-13 12:00:00,18.052,36.917645,1.307478,0.379,0.395,0.335,15.952,11.602,11.402
2018-09-13 13:00:00,16.252,41.3711,1.084492,0.378,0.395,0.335,14.852,11.752,11.402
2018-09-13 14:00:00,14.252,45.241993,0.89092726,0.378,0.395,0.335,13.552,11.852,11.402
2018-09-13 15:00:00,13.152,47.23123,0.79937404,0.378,0.395,0.335,12.602,11.852,11.402
2018-09-13 16:00:00,12.402,48.211624,0.7469631,0.378,0.395,0.335,11.952,11.852,11.402
2018-09-13 17:00:00,11.952,48.257603,0.7245509,0.378,0.395,0.335,11.452,11.852,11.402
2018-09-13 18:00:00,11.602,47.8136,0.7140974,0.378,0.395,0.335,11.102,11.802,11.402
2018-09-13 19:00:00,10.802,47.932415,0.6756987,0.378,0.395,0.335,10.702,11.752,11.402
2018-09-13 20:00:00,10.352,47.80454,0.6573663,0.378,0.395,0.335,10.302,11.652,11.402
2018-09-13 21:00:00,10.102,47.214493,0.6537927,0.378,0.395,0.335,10.052,11.552,11.402
2018-09-13 22:00:00,9.952,46.487316,0.6561832,0.378,0.395,0.335,9.852,11.452,11.402
2018-09-13 23:00:00,10.002,45.49195,0.67062676,0.378,0.395,0.335,9.702,11.402,11.402
2018-09-14 00:00:00,10.052,44.679962,0.68289495,0.378,0.395,0.335,9.652,11.302,11.402
2018-09-14 01:00:00,10.152,44.382286,0.6911733,0.377,0.395,0.335,9.652,11.202,11.402
2018-09-14 02:00:00,10.802,44.40908,0.7214196,0.377,0.394,0.335,9.902,11.152,11.402
2018-09-14 03:00:00,12.352,43.42326,0.81335884,0.377,0.394,0.335,10.752,11.152,11.402
2018-09-14 04:00:00,14.152,40.90756,0.9552643,0.376,0.394,0.335,12.052,11.202,11.402
2018-09-14 05:00:00,16.001999,36.581966,1.154571,0.375,0.394,0.335,13.502,11.302,11.402
2018-09-14 06:00:00,17.702,33.079777,1.356883,0.374,0.393,0.335,14.902,11.502,11.402
2018-09-14 07:00:00,19.502,29.344563,1.6032141,0.373,0.393,0.335,16.152,11.752,11.402
2018-09-14 08:00:00,20.552,27.6962,1.7506366,0.371,0.392,0.335,17.102,12.002,11.402
2018-09-14 09:00:00,21.302,26.638636,1.859936,0.37,0.391,0.335,17.752,12.302,11.402
2018-09-14 10:00:00,21.752,26.101494,1.9257865,0.368,0.391,0.335,18.152,12.602,11.402
2018-09-14 11:00:00,21.652,27.412388,1.8800957,0.367,0.39,0.335,18.152,12.852,11.402
2018-09-14 12:00:00,20.902,29.114338,1.753605,0.366,0.39,0.335,17.702,13.052,11.402
2018-09-14 13:00:00,19.802,29.961287,1.6190416,0.366,0.39,0.335,16.952,13.252,11.402
2018-09-14 14:00:00,18.652,30.390347,1.4980582,0.365,0.39,0.335,16.152,13.352,11.452
2018-09-14 15:00:00,17.652,31.21345,1.3903549,0.365,0.39,0.335,15.402,13.452,11.452
2018-09-14 16:00:00,16.752,32.215206,1.2943692,0.365,0.39,0.335,14.802,13.502,11.452
2018-09-14 17:00:00,16.052,33.197582,1.2200824,0.365,0.39,0.335,14.352,13.502,11.452
2018-09-14 18:00:00,15.352,34.718273,1.1401268,0.365,0.39,0.335,13.902,13.502,11.452
2018-09-14 19:00:00,14.702,41.215137,0.98464274,0.365,0.389,0.335,13.502,13.452,11.452
2018-09-14 20:00:00,14.102,45.360092,0.88042104,0.364,0.389,0.335,13.152,13.402,11.502
2018-09-14 21:00:00,13.452,50.786858,0.7602127,0.365,0.389,0.335,12.802,13.352,11.502
2018-09-14 22:00:00,13.052,56.510334,0.6545023,0.365,0.389,0.335,12.502,13.302,11.502
2018-09-14 23:00:00,12.852,61.591778,0.57051426,0.365,0.389,0.335,12.402,13.202,11.502
2018-09-15 00:00:00,12.702,66.64164,0.4906544,0.365,0.389,0.335,12.302,13.152,11.502
2018-09-15 01:00:00,12.202,73.24094,0.38088286,0.365,0.389,0.335,12.052,13.052,11.502
2018-09-15 02:00:00,12.352,76.836784,0.33295512,0.365,0.389,0.335,12.102,13.002,11.502
2018-09-15 03:00:00,13.502,75.736305,0.37597477,0.365,0.389,0.335,12.752,12.952,11.502
2018-09-15 04:00:00,14.902,71.53596,0.48285174,0.364,0.389,0.335,13.852,13.002,11.552
2018-09-15 05:00:00,16.602,64.380936,0.673555,0.364,0.389,0.335,15.302,13.052,11.552
2018-09-15 06:00:00,18.152,54.949604,0.9394549,0.363,0.388,0.335,16.752,13.252,11.552
2018-09-15 07:00:00,19.402,46.69143,1.2019222,0.362,0.388,0.335,18.002,13.452,11.552
2018-09-15 08:00:00,20.152,41.622627,1.3788317,0.361,0.387,0.335,18.952,13.702,11.552
2018-09-15 09:00:00,20.452,37.87277,1.4948585,0.36,0.387,0.335,19.302,13.952,11.552
2018-09-15 10:00:00,20.402,36.43917,1.5246739,0.358,0.386,0.335,19.302,14.202,11.602
2018-09-15 11:00:00,20.002,36.70625,1.4812464,0.358,0.386,0.335,18.952,14.402,11.602
2018-09-15 12:00:00,19.202,39.80382,1.3405505,0.357,0.385,0.335,18.252,14.552,11.602
2018-09-15 13:00:00,17.452,45.041748,1.0968411,0.357,0.385,0.335,17.102,14.652,11.602
2018-09-15 14:00:00,15.352,50.948666,0.85660404,0.357,0.385,0.335,15.702,14.652,11.652
2018-09-15 15:00:00,13.952,55.76401,0.705857,0.357,0.385,0.335,14.602,14.602,11.652
2018-09-15 16:00:00,12.802,60.52139,0.58450365,0.357,0.385,0.335,13.702,14.502,11.652
2018-09-15 17:00:00,11.752,65.29628,0.47957212,0.357,0.385,0.335,12.902,14.402,11.652
2018-09-15 18:00:00,10.752,70.2537,0.38473082,0.357,0.385,0.335,12.202,14.252,11.702
2018-09-15 19:00:00,9.902,74.61166,0.3102681,0.357,0.385,0.335,11.602,14.052,11.702
2018-09-15 20:00:00,9.202,78.74538,0.24782997,0.357,0.385,0.335,11.102,13.852,11.702
2018-09-15 21:00:00,8.852,81.185455,0.2142641,0.357,0.385,0.335,10.802,13.702,11.702
2018-09-15 22:00:00,8.302,84.55539,0.16946381,0.357,0.385,0.335,10.402,13.502,11.702
2018-09-15 23:00:00,7.802,87.1752,0.13601953,0.357,0.385,0.335,10.002,13.302,11.702
2018-09-16 00:00:00,7.602,88.67735,0.11846298,0.357,0.385,0.335,9.702,13.052,11.702
2018-09-16 01:00:00,7.652,88.98857,0.11559981,0.357,0.385,0.335,9.552,12.902,11.702
2018-09-16 02:00:00,8.552,86.94725,0.14566284,0.357,0.385,0.335,9.902,12.702,11.752
2018-09-16 03:00:00,10.702,77.89517,0.28494036,0.357,0.385,0.335,11.002,12.602,11.752
2018-09-16 04:00:00,12.752,69.44941,0.45082057,0.357,0.384,0.335,12.452,12.602,11.752
2018-09-16 05:00:00,14.502,60.305504,0.65629596,0.357,0.384,0.335,13.952,12.652,11.752
2018-09-16 06:00:00,15.252,52.537205,0.82355744,0.356,0.384,0.335,14.902,12.752,11.752
2018-09-16 07:00:00,16.252,48.099747,0.95998627,0.355,0.384,0.335,16.001999,12.902,11.752
2018-09-16 08:00:00,16.652,44.97199,1.04406,0.354,0.383,0.335,16.802,13.052,11.752
2018-09-16 09:00:00,16.952,41.281815,1.1354825,0.353,0.383,0.335,17.102,13.252,11.752
2018-09-16 10:00:00,17.252,38.964405,1.202912,0.353,0.382,0.335,17.252,13.452,11.752
2018-09-16 11:00:00,17.002,38.891804,1.1854633,0.352,0.382,0.335,16.902,13.602,11.752
2018-09-16 12:00:00,16.302,43.022186,1.0572987,0.352,0.382,0.335,16.202,13.702,11.752
2018-09-16 13:00:00,14.902,49.947067,0.8492117,0.352,0.382,0.335,15.202,13.752,11.802
2018-09-16 14:00:00,13.302,56.771816,0.6612555,0.352,0.382,0.335,14.102,13.752,11.802
2018-09-16 15:00:00,12.402,61.48508,0.5554906,0.352,0.382,0.335,13.352,13.702,11.802
2018-09-16 16:00:00,11.602,66.17524,0.46282178,0.352,0.382,0.335,12.702,13.602,11.802
2018-09-16 17:00:00,11.002,70.06023,0.3937136,0.352,0.382,0.335,12.202,13.502,11.802
2018-09-16 18:00:00,10.552,72.940994,0.3453464,0.352,0.382,0.335,11.802,13.402,11.802
2018-09-16 19:00:00,9.552,75.59296,0.29136163,0.352,0.382,0.335,11.152,13.252,11.802
2018-09-16 20:00:00,9.302,77.140785,0.26833946,0.352,0.382,0.335,10.902,13.102,11.802
2018-09-16 21:00:00,8.652,80.877655,0.2148484,0.352,0.381,0.335,10.502,12.952,11.852
2018-09-16 22:00:00,8.002,84.81469,0.16326112,0.352,0.381,0.335,10.052,12.802,11.852
2018-09-16 23:00:00,7.302,88.34494,0.11947018,0.352,0.381,0.335,9.602,12.602,11.852
2018-09-17 00:00:00,6.652,90.77998,0.09039354,0.352,0.381,0.335,9.102,12.452,11.852
2018-09-17 01:00:00,6.302,92.027824,0.07630038,0.352,0.381,0.335,8.752,12.252,11.852
2018-09-17 02:00:00,6.502,92.36024,0.07413238,0.352,0.381,0.335,8.702,12.052,11.852
2018-09-17 03:00:00,8.902,82.606575,0.19874859,0.352,0.381,0.335,9.852,11.952,11.852
2018-09-17 04:00:00,11.152,72.54962,0.36458045,0.352,0.381,0.335,11.502,11.902,11.852
2018-09-17 05:00:00,13.002,59.735023,0.6039885,0.352,0.381,0.335,13.102,11.952,11.852
2018-09-17 06:00:00,13.902,50.022728,0.7949117,0.351,0.38,0.335,14.402,12.102,11.852
2018-09-17 07:00:00,14.602,48.484703,0.85730875,0.35,0.38,0.335,15.452,12.252,11.852
2018-09-17 08:00:00,14.952,45.281315,0.9313847,0.349,0.38,0.335,16.102,12.452,11.852
2018-09-17 09:00:00,15.302,43.65245,0.9809134,0.348,0.379,0.335,16.552,12.652,11.852
2018-09-17 10:00:00,15.252,43.176903,0.9860275,0.348,0.379,0.335,16.452,12.802,11.852
2018-09-17 11:00:00,15.002,43.566246,0.9636771,0.347,0.379,0.334,16.152,13.002,11.852
2018-09-17 12:00:00,14.302,45.740467,0.885673,0.347,0.379,0.334,15.452,13.102,11.852
2018-09-17 13:00:00,12.852,51.891384,0.71463335,0.347,0.378,0.334,14.252,13.152,11.852
2018-09-17 14:00:00,11.152,57.42633,0.5654691,0.347,0.378,0.334,12.952,13.102,11.852
2018-09-17 15:00:00,10.052,60.921555,0.4824043,0.347,0.378,0.334,11.952,13.002,11.852
2018-09-17 16:00:00,9.202,63.363678,0.4271946,0.347,0.378,0.334,11.152,12.902,11.852
2018-09-17 17:00:00,8.552,65.27147,0.38757145,0.347,0.378,0.334,10.552,12.752,11.852
2018-09-17 18:00:00,8.002,66.79469,0.3570072,0.347,0.378,0.334,10.002,12.602,11.852
2018-09-17 19:00:00,7.502,66.92464,0.34370655,0.347,0.378,0.334,9.552,12.452,11.852
2018-09-17 20:00:00,7.102,68.7796,0.31568187,0.347,0.378,0.334,9.152,12.302,11.852
2018-09-17 21:00:00,6.752,70.70209,0.28922004,0.347,0.378,0.334,8.802,12.102,11.852
2018-09-17 22:00:00,6.402,72.683105,0.26325375,0.347,0.378,0.334,8.502,11.902,11.852
2018-09-17 23:00:00,6.102,74.2017,0.24353111,0.347,0.378,0.335,8.202,11.752,11.852
2018-09-18 00:00:00,5.852,75.2251,0.2298662,0.347,0.378,0.335,7.952,11.552,11.852
2018-09-18 01:00:00,5.652,76.27351,0.21711296,0.347,0.378,0.335,7.702,11.352,11.852
2018-09-18 02:00:00,6.202,74.48488,0.24252522,0.347,0.378,0.335,7.802,11.202,11.852
2018-09-18 03:00:00,8.102,67.77342,0.34884614,0.347,0.378,0.335,8.752,11.052,11.852
2018-09-18 04:00:00,10.402,58.676125,0.5221824,0.347,0.378,0.334,10.302,11.052,11.852
2018-09-18 05:00:00,12.502,51.24847,0.7077828,0.346,0.377,0.334,11.952,11.102,11.852
2018-09-18 06:00:00,14.152,45.21343,0.88564587,0.346,0.377,0.334,13.452,11.252,11.852
2018-09-18 07:00:00,15.252,41.819107,1.0095949,0.345,0.377,0.334,14.752,11.402,11.802
2018-09-18 08:00:00,16.102,39.32419,1.1116977,0.344,0.376,0.334,15.652,11.652,11.802
2018-09-18 09:00:00,16.602,37.41947,1.1836498,0.343,0.376,0.334,16.152,11.852,11.802
2018-09-18 10:00:00,16.752,36.66996,1.2092823,0.343,0.376,0.334,16.252,12.102,11.802
2018-09-18 11:00:00,16.552,36.611572,1.1951357,0.342,0.375,0.334,15.952,12.252,11.802
2018-09-18 12:00:00,15.852,40.099377,1.0801303,0.342,0.375,0.334,15.252,12.402,11.802
2018-09-18 13:00:00,14.452,44.187195,0.91990113,0.341,0.375,0.334,14.302,12.502,11.802
2018-09-18 14:00:00,12.702,48.64145,0.75546867,0.341,0.375,0.334,13.102,12.502,11.852
2018-09-18 15:00:00,11.702,51.211563,0.672019,0.341,0.375,0.334,12.252,12.502,11.852
2018-09-18 16:00:00,10.952,53.24516,0.6128267,0.341,0.375,0.334,11.552,12.452,11.852
2018-09-18 17:00:00,10.452,54.654076,0.5749216,0.341,0.375,0.334,11.002,12.352,11.852
2018-09-18 18:00:00,10.002,56.321426,0.5373938,0.341,0.375,0.334,10.602,12.252,11.852
2018-09-18 19:00:00,9.252,59.86663,0.46954978,0.341,0.375,0.334,10.152,12.152,11.852
2018-09-18 20:00:00,8.902,61.734676,0.43726087,0.341,0.375,0.334,9.852,12.052,11.852
2018-09-18 21:00:00,8.602,63.6764,0.40674603,0.341,0.375,0.334,9.552,11.902,11.852
2018-09-18 22:00:00,8.302,65.21537,0.38168055,0.341,0.375,0.334,9.352,11.752,11.802
2018-09-18 23:00:00,8.102,66.342415,0.36433655,0.341,0.375,0.334,9.152,11.652,11.802
2018-09-19 00:00:00,8.002,66.557205,0.35956055,0.341,0.375,0.334,9.002,11.502,11.802
2018-09-19 01:00:00,7.802,66.98967,0.35011595,0.341,0.375,0.334,8.802,11.402,11.802
2018-09-19 02:00:00,8.152,65.41453,0.37565356,0.341,0.374,0.334,8.852,11.252,11.802
2018-09-19 03:00:00,9.852,59.166782,0.49736798,0.341,0.374,0.334,9.652,11.202,11.802
2018-09-19 04:00:00,12.052,49.333755,0.71416503,0.341,0.374,0.334,11.152,11.202,11.802
2018-09-19 05:00:00,14.202,42.113613,0.93879646,0.341,0.374,0.334,12.702,11.302,11.802
2018-09-19 06:00:00,16.052,36.99266,1.1507547,0.34,0.374,0.334,14.252,11.452,11.802
2018-09-19 07:00:00,17.152,35.11874,1.27068,0.339,0.373,0.334,15.452,11.652,11.802
2018-09-19 08:00:00,18.102,31.91209,1.4157045,0.338,0.373,0.334,16.352,11.902,11.802
2018-09-19 09:00:00,18.652,29.633173,1.5143595,0.337,0.372,0.334,16.902,12.152,11.802
2018-09-19 10:00:00,18.852,28.43073,1.5595961,0.336,0.372,0.334,17.052,12.352,11.802
2018-09-19 11:00:00,18.702,28.491282,1.5437564,0.336,0.372,0.334,16.902,12.602,11.802
2018-09-19 12:00:00,17.852,31.611288,1.3998122,0.335,0.371,0.334,16.302,12.752,11.802
2018-09-19 13:00:00,16.152,34.826763,1.1979312,0.335,0.371,0.334,15.302,12.852,11.802
2018-09-19 14:00:00,14.602,37.64263,1.0377812,0.335,0.371,0.334,14.152,12.902,11.802
2018-09-19 15:00:00,13.802,38.791264,0.967291,0.335,0.371,0.334,13.452,12.952,11.802
2018-09-19 16:00:00,13.202,39.466995,0.91999733,0.335,0.371,0.334,12.852,12.902,11.802
2018-09-19 17:00:00,12.652,39.73754,0.8835544,0.335,0.371,0.334,12.352,12.852,11.802
2018-09-19 18:00:00,12.502,39.117313,0.88391674,0.335,0.371,0.334,12.052,12.802,11.802
2018-09-19 19:00:00,12.302,39.201527,0.8711856,0.334,0.371,0.334,11.752,12.752,11.802
2018-09-19 20:00:00,12.052,40.438908,0.8395451,0.334,0.371,0.334,11.552,12.652,11.802
2018-09-19 21:00:00,11.652,42.749783,0.7859785,0.334,0.371,0.334,11.252,12.602,11.802
2018-09-19 22:00:00,11.152,45.4926,0.7239822,0.334,0.371,0.334,11.002,12.502,11.852
2018-09-19 23:00:00,10.602,48.927277,0.65403056,0.334,0.371,0.334,10.702,12.402,11.852
2018-09-20 00:00:00,10.152,51.89585,0.59780693,0.334,0.371,0.334,10.452,12.302,11.852
2018-09-20 01:00:00,9.652,55.628304,0.53327453,0.334,0.371,0.334,10.152,12.202,11.852
2018-09-20 02:00:00,10.052,57.349186,0.5265056,0.334,0.371,0.334,10.302,12.102,11.852
2018-09-20 03:00:00,11.302,56.258003,0.5867877,0.334,0.371,0.334,10.902,12.002,11.852
2018-09-20 04:00:00,13.402,49.884853,0.7716346,0.334,0.37,0.334,12.252,12.052,11.852
2018-09-20 05:00:00,15.252,46.334824,0.93121433,0.334,0.37,0.334,13.652,12.102,11.852
2018-09-20 06:00:00,17.152,43.114655,1.1140257,0.333,0.37,0.334,15.252,12.252,11.852
2018-09-20 07:00:00,18.202,39.23959,1.2712321,0.333,0.37,0.334,16.302,12.452,11.852
2018-09-20 08:00:00,19.102,38.54698,1.3600688,0.332,0.369,0.334,17.102,12.652,11.852
2018-09-20 09:00:00,19.952,38.657497,1.4311228,0.331,0.369,0.334,17.802,12.902,11.852
2018-09-20 10:00:00,20.152,39.119038,1.4380052,0.331,0.369,0.334,17.852,13.152,11.852
2018-09-20 11:00:00,19.702,41.494377,1.3439434,0.33,0.368,0.334,17.552,13.352,11.852
2018-09-20 12:00:00,18.302,47.839886,1.0980678,0.33,0.368,0.334,16.852,13.502,11.852
2018-09-20 13:00:00,16.452,57.175846,0.8021842,0.33,0.368,0.334,15.952,13.602,11.852
2018-09-20 14:00:00,15.152,63.84143,0.623346,0.33,0.368,0.334,15.102,13.652,11.852
2018-09-20 15:00:00,14.102,68.54815,0.5067202,0.33,0.368,0.334,14.252,13.652,11.852
2018-09-20 16:00:00,13.202,71.69954,0.43005955,0.33,0.368,0.334,13.502,13.602,11.902
2018-09-20 17:00:00,13.052,71.67131,0.4262992,0.33,0.368,0.334,13.052,13.552,11.902
2018-09-20 18:00:00,12.602,74.82199,0.3678993,0.33,0.368,0.334,12.802,13.502,11.902
2018-09-20 19:00:00,11.052,83.72153,0.2147615,0.331,0.368,0.334,12.252,13.402,11.902
2018-09-20 20:00:00,10.602,84.525665,0.19814205,0.331,0.368,0.334,11.902,13.302,11.902
2018-09-20 21:00:00,10.102,85.04691,0.18519163,0.331,0.368,0.334,11.552,13.202,11.902
2018-09-20 22:00:00,9.552,84.11817,0.18958533,0.331,0.368,0.334,11.152,13.102,11.902
2018-09-20 23:00:00,9.052,84.349686,0.18064666,0.331,0.368,0.334,10.802,12.952,11.902
2018-09-21 00:00:00,8.552,85.4633,0.16222382,0.331,0.368,0.334,10.452,12.802,11.902
2018-09-21 01:00:00,8.252,85.431076,0.15931398,0.331,0.368,0.334,10.152,12.652,11.902
2018-09-21 02:00:00,8.252,83.38707,0.18166667,0.331,0.368,0.334,10.052,12.552,11.902
2018-09-21 03:00:00,9.052,78.99606,0.242446,0.332,0.368,0.334,10.502,12.402,11.902
2018-09-21 04:00:00,9.852,72.05662,0.34035486,0.332,0.368,0.334,11.052,12.352,11.902
2018-09-21 05:00:00,10.702,66.20976,0.43558997,0.333,0.367,0.334,11.752,12.302,11.902
2018-09-21 06:00:00,10.352,72.65233,0.3444118,0.337,0.367,0.334,11.752,12.252,11.902
2018-09-21 07:00:00,9.452,87.92984,0.1431185,0.344,0.367,0.334,11.552,12.252,11.902
2018-09-21 08:00:00,9.802,90.69047,0.113004446,0.354,0.367,0.334,11.502,12.202,11.902
2018-09-21 09:00:00,10.102,90.09996,0.12260747,0.357,0.367,0.334,11.402,12.152,11.902
2018-09-21 10:00:00,11.602,84.35297,0.21407676,0.358,0.367,0.334,11.902,12.152,11.902
2018-09-21 11:00:00,12.402,78.951584,0.30354607,0.361,0.367,0.334,12.452,12.152,11.902
2018-09-21 12:00:00,11.102,82.60006,0.23032057,0.375,0.367,0.334,12.052,12.152,11.902
2018-09-21 13:00:00,10.902,83.13776,0.22026205,0.377,0.367,0.334,11.602,12.102,11.902
2018-09-21 14:00:00,10.102,87.09644,0.15980697,0.38,0.367,0.334,11.152,12.052,11.902
2018-09-21 15:00:00,9.752,88.85865,0.13478923,0.381,0.367,0.334,10.852,12.002,11.902
2018-09-21 16:00:00,9.552,88.84197,0.13319361,0.381,0.367,0.334,10.552,11.902,11.902
2018-09-21 17:00:00,9.402,88.82943,0.13200748,0.382,0.367,0.334,10.352,11.852,11.902
2018-09-21 18:00:00,9.302,89.42878,0.12408793,0.383,0.367,0.334,10.252,11.752,11.902
2018-09-21 19:00:00,9.852,85.894104,0.17180312,0.383,0.367,0.334,10.252,11.702,11.902
2018-09-21 20:00:00,9.602,86.16192,0.16574216,0.384,0.367,0.334,10.152,11.602,11.902
2018-09-21 21:00:00,9.302,88.216995,0.1383127,0.386,0.367,0.334,10.052,11.552,11.902
2018-09-21 22:00:00,9.202,89.116295,0.12689972,0.392,0.367,0.334,9.952,11.452,11.902
2018-09-21 23:00:00,9.152,89.722404,0.119430065,0.401,0.367,0.334,9.902,11.402,11.902
2018-09-22 00:00:00,8.902,91.87176,0.09287572,0.414,0.367,0.334,9.852,11.302,11.902
2018-09-22 01:00:00,8.852,92.49696,0.0854429,0.423,0.368,0.334,9.752,11.252,11.902
2018-09-22 02:00:00,8.952,92.1883,0.08955979,0.43,0.368,0.334,9.752,11.152,11.852
2018-09-22 03:00:00,9.002,94.73215,0.060598254,0.437,0.368,0.334,9.802,11.102,11.852
2018-09-22 04:00:00,9.252,95.06363,0.057748675,0.444,0.368,0.334,9.902,11.052,11.852
2018-09-22 05:00:00,9.652,95.40017,0.055276036,0.45,0.369,0.334,10.102,11.002,11.852
2018-09-22 06:00:00,10.152,95.09784,0.06091261,0.453,0.369,0.334,10.302,11.002,11.852
2018-09-22 07:00:00,10.452,95.10916,0.06199956,0.458,0.37,0.334,10.502,11.002,11.852
2018-09-22 08:00:00,10.552,93.84583,0.07853603,0.468,0.37,0.334,10.502,10.952,11.852
2018-09-22 09:00:00,10.752,90.148186,0.12740874,0.473,0.371,0.334,10.552,10.952,11.852
2018-09-22 10:00:00,10.802,89.24587,0.13954115,0.473,0.373,0.334,10.602,10.952,11.852
2018-09-22 11:00:00,10.852,91.683075,0.10827434,0.472,0.374,0.334,10.652,10.952,11.802
2018-09-22 12:00:00,11.052,90.47357,0.12567711,0.47,0.375,0.334,10.752,10.952,11.802
2018-09-22 13:00:00,10.952,88.958,0.14471006,0.468,0.376,0.334,10.702,10.952,11.802
2018-09-22 14:00:00,10.502,88.62095,0.14473462,0.466,0.377,0.334,10.452,10.952,11.802
2018-09-22 15:00:00,10.402,89.213684,0.13628435,0.464,0.378,0.334,10.352,10.902,11.802
2018-09-22 16:00:00,10.102,89.795555,0.12637758,0.462,0.378,0.334,10.202,10.902,11.802
2018-09-22 17:00:00,9.802,90.69047,0.113004446,0.46,0.379,0.334,10.002,10.852,11.802
2018-09-22 18:00:00,9.152,92.51415,0.086987734,0.458,0.379,0.334,9.702,10.802,11.802
2018-09-22 19:00:00,9.402,93.7913,0.073369265,0.457,0.38,0.334,9.702,10.752,11.802
2018-09-22 20:00:00,9.402,93.474174,0.07711685,0.457,0.381,0.334,9.652,10.702,11.752
2018-09-22 21:00:00,9.502,94.11392,0.070025325,0.461,0.381,0.334,9.702,10.702,11.752
2018-09-22 22:00:00,9.652,94.75854,0.06298673,0.469,0.382,0.334,9.802,10.652,11.752
2018-09-22 23:00:00,9.652,95.07888,0.059136987,0.476,0.383,0.334,9.802,10.602,11.752
2018-09-23 00:00:00,9.702,95.401955,0.05543995,0.482,0.384,0.334,9.852,10.602,11.752
2018-09-23 01:00:00,9.552,95.396614,0.054949045,0.484,0.385,0.334,9.852,10.552,11.752
2018-09-23 02:00:00,9.402,95.06936,0.058265924,0.483,0.387,0.334,9.802,10.552,11.752
2018-09-23 03:00:00,9.802,93.81035,0.07513249,0.481,0.388,0.334,9.952,10.552,11.702
2018-09-23 04:00:00,10.302,92.268234,0.09703982,0.479,0.39,0.334,10.352,10.552,11.702
2018-09-23 05:00:00,11.052,88.96622,0.1455642,0.478,0.391,0.334,10.852,10.602,11.702
2018-09-23 06:00:00,10.852,85.70687,0.18608212,0.486,0.392,0.334,11.102,10.602,11.702
2018-09-23 07:00:00,10.452,83.93585,0.20365179,0.483,0.394,0.334,11.052,10.652,11.702
2018-09-23 08:00:00,11.152,78.23107,0.2891147,0.479,0.395,0.334,11.402,10.702,11.702
2018-09-23 09:00:00,11.702,73.90543,0.35940015,0.476,0.396,0.334,12.002,10.802,11.702
2018-09-23 10:00:00,12.002,72.210526,0.3903855,0.473,0.397,0.334,12.552,10.902,11.702
2018-09-23 11:00:00,11.552,72.12659,0.38012278,0.471,0.397,0.334,12.252,11.002,11.652
2018-09-23 12:00:00,11.102,75.59326,0.32307988,0.469,0.398,0.334,11.852,11.052,11.652
2018-09-23 13:00:00,10.152,80.80471,0.2385304,0.467,0.399,0.334,11.152,11.052,11.652
2018-09-23 14:00:00,9.502,84.9811,0.17868328,0.465,0.399,0.334,10.552,11.052,11.652
2018-09-23 15:00:00,9.302,86.42652,0.15933096,0.463,0.4,0.334,10.252,11.002,11.652
2018-09-23 16:00:00,8.952,87.88476,0.13890159,0.462,0.4,0.334,9.902,10.952,11.652
2018-09-23 17:00:00,9.002,86.99082,0.14965445,0.46,0.401,0.334,9.802,10.902,11.652
2018-09-23 18:00:00,9.002,86.1005,0.15989709,0.459,0.401,0.334,9.752,10.852,11.652
2018-09-23 19:00:00,8.802,86.07993,0.15798837,0.458,0.401,0.334,9.602,10.802,11.652
2018-09-23 20:00:00,8.352,87.528564,0.13730425,0.456,0.402,0.334,9.352,10.752,11.652
2018-09-23 21:00:00,8.502,85.75303,0.1584537,0.455,0.402,0.334,9.402,10.702,11.652
2018-09-23 22:00:00,8.452,84.572395,0.17100567,0.454,0.402,0.334,9.352,10.602,11.602
2018-09-23 23:00:00,8.302,83.97249,0.17585993,0.453,0.403,0.334,9.252,10.552,11.602
2018-09-24 00:00:00,8.002,83.646545,0.17582071,0.452,0.403,0.334,9.052,10.502,11.602
2018-09-24 01:00:00,8.102,81.64973,0.19863439,0.452,0.403,0.334,9.052,10.452,11.602
2018-09-24 02:00:00,8.252,80.54206,0.2127791,0.451,0.403,0.334,9.102,10.402,11.602
2018-09-24 03:00:00,8.702,77.31339,0.2557593,0.45,0.404,0.334,9.352,10.352,11.602
2018-09-24 04:00:00,9.452,70.48722,0.34995967,0.449,0.404,0.334,9.952,10.352,11.602
2018-09-24 05:00:00,10.052,65.83628,0.4217304,0.448,0.404,0.334,10.502,10.352,11.552
2018-09-24 06:00:00,10.652,63.25297,0.47213757,0.447,0.404,0.334,10.902,10.402,11.552
2018-09-24 07:00:00,11.252,63.391533,0.48946095,0.445,0.404,0.334,11.452,10.502,11.552
2018-09-24 08:00:00,11.852,60.291428,0.5523735,0.444,0.404,0.334,11.802,10.602,11.552
2018-09-24 09:00:00,12.702,56.618473,0.63811225,0.443,0.404,0.334,12.352,10.702,11.552
2018-09-24 10:00:00,13.202,54.415417,0.6927804,0.442,0.404,0.334,12.652,10.802,11.552
2018-09-24 11:00:00,13.452,53.535965,0.7177379,0.441,0.404,0.334,12.702,10.902,11.552
2018-09-24 12:00:00,13.252,56.364624,0.6653153,0.44,0.404,0.334,12.452,11.002,11.552
2018-09-24 13:00:00,12.452,60.64758,0.56943566,0.439,0.404,0.334,11.902,11.052,11.552
2018-09-24 14:00:00,11.202,65.62985,0.45801204,0.439,0.404,0.334,11.052,11.052,11.552
2018-09-24 15:00:00,10.052,70.35976,0.36588645,0.438,0.404,0.334,10.352,11.052,11.552
2018-09-24 16:00:00,8.852,75.47435,0.2793076,0.438,0.405,0.334,9.602,10.952,11.552
2018-09-24 17:00:00,8.052,79.122314,0.22522765,0.437,0.405,0.334,9.002,10.852,11.502
2018-09-24 18:00:00,7.502,81.85534,0.18855083,0.437,0.405,0.334,8.552,10.752,11.502
2018-09-24 19:00:00,7.102,84.4184,0.15755075,0.437,0.405,0.334,8.202,10.652,11.502
2018-09-24 20:00:00,6.652,86.156746,0.13572079,0.436,0.405,0.334,7.852,10.502,11.502
2018-09-24 21:00:00,6.302,87.33552,0.12121034,0.436,0.405,0.334,7.552,10.352,11.502
2018-09-24 22:00:00,6.002,88.23,0.110342324,0.435,0.405,0.334,7.252,10.202,11.502
2018-09-24 23:00:00,5.802,88.83325,0.10325003,0.435,0.405,0.334,7.052,10.052,11.502
2018-09-25 00:00:00,5.652,89.44611,0.09657544,0.435,0.405,0.334,6.852,9.902,11.502
2018-09-25 01:00:00,5.552,89.752556,0.09312385,0.434,0.405,0.334,6.702,9.752,11.452
2018-09-25 02:00:00,5.802,89.45818,0.097471654,0.434,0.405,0.334,6.752,9.652,11.452
2018-09-25 03:00:00,7.902,82.767235,0.18401968,0.434,0.405,0.334,7.752,9.552,11.452
2018-09-25 04:00:00,10.752,71.233635,0.3720553,0.433,0.405,0.334,9.602,9.602,11.452
2018-09-25 05:00:00,13.152,62.95261,0.5611787,0.432,0.405,0.334,11.252,9.702,11.452
2018-09-25 06:00:00,15.102,56.83594,0.7417715,0.431,0.405,0.334,12.902,9.902,11.402
2018-09-25 07:00:00,16.702,51.667133,0.9198953,0.429,0.405,0.334,14.252,10.152,11.402
2018-09-25 08:00:00,17.702,47.184113,1.0707898,0.428,0.405,0.334,15.252,10.452,11.402
2018-09-25 09:00:00,18.302,44.660873,1.1650279,0.426,0.404,0.334,15.852,10.752,11.402
2018-09-25 10:00:00,18.452,43.786865,1.1945994,0.425,0.404,0.334,16.052,11.052,11.402
2018-09-25 11:00:00,18.202,45.409515,1.1420827,0.423,0.404,0.334,15.802,11.302,11.402
2018-09-25 12:00:00,17.102,52.487366,0.9274653,0.423,0.404,0.334,15.102,11.502,11.402
2018-09-25 13:00:00,15.502,57.524815,0.74888563,0.422,0.404,0.334,14.002,11.652,11.402
2018-09-25 14:00:00,13.802,63.754074,0.5727385,0.422,0.404,0.334,12.852,11.702,11.402
2018-09-25 15:00:00,12.002,72.45798,0.38690877,0.422,0.404,0.334,11.852,11.702,11.402
2018-09-25 16:00:00,10.702,77.36309,0.29179972,0.422,0.404,0.334,10.902,11.652,11.402
2018-09-25 17:00:00,9.502,82.115814,0.2127747,0.422,0.404,0.334,10.052,11.552,11.402
2018-09-25 18:00:00,8.752,84.3153,0.17741764,0.421,0.404,0.334,9.402,11.452,11.402
2018-09-25 19:00:00,8.252,83.96663,0.17532891,0.421,0.404,0.334,9.002,11.302,11.402
2018-09-25 20:00:00,7.702,85.66845,0.15096968,0.421,0.404,0.334,8.602,11.152,11.402
2018-09-25 21:00:00,7.402,85.93476,0.14516437,0.421,0.404,0.334,8.202,11.002,11.402
2018-09-25 22:00:00,7.402,84.74738,0.15741938,0.421,0.404,0.334,7.852,10.852,11.402
2018-09-25 23:00:00,7.502,83.58657,0.17056024,0.421,0.404,0.334,7.502,10.702,11.402
2018-09-26 00:00:00,7.752,81.8882,0.1914432,0.421,0.404,0.334,7.252,10.502,11.402
2018-09-26 01:00:00,9.052,76.56667,0.27048993,0.42,0.404,0.334,7.002,10.352,11.402
2018-09-26 02:00:00,8.952,76.817116,0.2658016,0.42,0.404,0.334,7.002,10.202,11.352
2018-09-26 03:00:00,9.702,77.47184,0.27164906,0.42,0.404,0.334,8.252,10.102,11.352
2018-09-26 04:00:00,12.602,69.41937,0.4468565,0.42,0.404,0.334,10.852,10.152,11.352
2018-09-26 05:00:00,15.152,60.46139,0.6816337,0.419,0.403,0.334,12.802,10.302,11.352
2018-09-26 06:00:00,17.102,53.573418,0.9062562,0.418,0.403,0.334,14.552,10.552,11.352
2018-09-26 07:00:00,18.402,49.868885,1.0619572,0.417,0.403,0.334,15.902,10.852,11.352
2018-09-26 08:00:00,19.352,47.47896,1.1804849,0.415,0.402,0.334,16.902,11.152,11.352
2018-09-26 09:00:00,19.902,46.198097,1.2512192,0.414,0.402,0.334,17.502,11.502,11.352
2018-09-26 10:00:00,20.052,46.083027,1.2655747,0.413,0.402,0.334,17.652,11.852,11.352
2018-09-26 11:00:00,19.852,46.975224,1.229327,0.412,0.401,0.334,17.352,12.102,11.352
2018-09-26 12:00:00,18.752,55.474247,0.9640062,0.412,0.401,0.334,16.502,12.352,11.352
2018-09-26 13:00:00,16.652,67.47293,0.61702013,0.412,0.401,0.334,15.052,12.452,11.352
2018-09-26 14:00:00,13.902,74.79172,0.40088654,0.411,0.401,0.334,13.402,12.502,11.352
2018-09-26 15:00:00,12.252,80.81637,0.27394092,0.411,0.401,0.334,12.302,12.452,11.352
2018-09-26 16:00:00,11.102,83.72742,0.21539652,0.411,0.401,0.334,11.552,12.402,11.352
2018-09-26 17:00:00,10.452,84.508766,0.19638836,0.411,0.401,0.334,10.952,12.302,11.352
2018-09-26 18:00:00,9.902,85.60699,0.17588782,0.411,0.401,0.334,10.452,12.202,11.402
2018-09-26 19:00:00,9.402,85.26161,0.1741724,0.411,0.401,0.334,10.052,12.052,11.402
2018-09-26 20:00:00,8.902,86.38631,0.1555571,0.411,0.401,0.334,9.652,11.952,11.402
2018-09-26 21:00:00,8.452,87.53788,0.13813382,0.411,0.401,0.334,9.252,11.802,11.402
2018-09-26 22:00:00,8.002,88.71142,0.12136519,0.411,0.401,0.334,8.902,11.602,11.402
2018-09-26 23:00:00,7.552,89.59743,0.10846609,0.411,0.401,0.334,8.552,11.452,11.402
2018-09-27 00:00:00,7.152,90.18858,0.09954542,0.411,0.401,0.334,8.252,11.302,11.402
2018-09-27 01:00:00,6.702,91.099266,0.087563396,0.411,0.401,0.334,7.902,11.102,11.402
2018-09-27 02:00:00,6.802,91.42257,0.08496374,0.411,0.401,0.334,7.852,10.952,11.402
2018-09-27 03:00:00,9.052,88.49708,0.13277268,0.41,0.401,0.334,8.902,10.852,11.352
2018-09-27 04:00:00,13.302,71.47555,0.43629658,0.41,0.401,0.334,11.302,10.852,11.352
2018-09-27 05:00:00,15.902,62.304848,0.6817845,0.41,0.401,0.334,13.102,11.002,11.352
2018-09-27 06:00:00,17.902,54.700203,0.9299576,0.409,0.401,0.334,14.802,11.202,11.352
2018-09-27 07:00:00,19.502,46.086853,1.223128,0.407,0.4,0.334,16.202,11.452,11.352
2018-09-27 08:00:00,20.252,42.371094,1.369566,0.406,0.4,0.334,17.102,11.752,11.352
2018-09-27 09:00:00,20.652,40.21936,1.4561696,0.405,0.399,0.334,17.652,12.052,11.352
2018-09-27 10:00:00,20.602,39.65574,1.4653955,0.403,0.399,0.334,17.702,12.352,11.352
2018-09-27 11:00:00,20.102,42.328537,1.3579495,0.402,0.399,0.334,17.352,12.602,11.402
2018-09-27 12:00:00,18.502,49.053463,1.0860103,0.402,0.399,0.334,16.452,12.802,11.402
2018-09-27 13:00:00,16.252,55.77824,0.81790924,0.402,0.398,0.334,15.152,12.902,11.402
2018-09-27 14:00:00,14.602,60.95237,0.6497737,0.402,0.398,0.334,14.052,12.952,11.402
2018-09-27 15:00:00,13.502,64.56579,0.54910785,0.401,0.398,0.334,13.202,12.902,11.402
2018-09-27 16:00:00,12.702,67.1009,0.4838981,0.401,0.398,0.334,12.552,12.852,11.402
2018-09-27 17:00:00,12.152,68.85432,0.4418779,0.401,0.398,0.334,12.002,12.802,11.402
2018-09-27 18:00:00,11.652,71.406,0.39253324,0.401,0.398,0.334,11.602,12.702,11.402
2018-09-27 19:00:00,11.302,71.09375,0.38775003,0.401,0.398,0.334,11.252,12.652,11.402
2018-09-27 20:00:00,10.902,74.52847,0.33273423,0.401,0.398,0.334,10.952,12.502,11.452
2018-09-27 21:00:00,10.552,77.339424,0.28920537,0.401,0.398,0.334,10.702,12.402,11.452
2018-09-27 22:00:00,10.152,79.97802,0.24880397,0.401,0.398,0.334,10.452,12.302,11.452
2018-09-27 23:00:00,9.752,81.86666,0.21938562,0.401,0.398,0.334,10.202,12.152,11.452
2018-09-28 00:00:00,9.452,82.67568,0.20542246,0.401,0.398,0.334,9.952,12.052,11.452
2018-09-28 01:00:00,9.252,82.93542,0.1996414,0.401,0.398,0.334,9.752,11.902,11.452
2018-09-28 02:00:00,9.552,80.444885,0.23343748,0.401,0.398,0.334,9.802,11.802,11.452
2018-09-28 03:00:00,10.952,73.77218,0.34375328,0.401,0.398,0.334,10.402,11.702,11.452
2018-09-28 04:00:00,13.052,65.35752,0.52133155,0.4,0.398,0.334,11.552,11.702,11.452
2018-09-28 05:00:00,15.252,56.484604,0.7550426,0.4,0.398,0.334,13.002,11.752,11.452
2018-09-28 06:00:00,17.552,48.459145,1.0351083,0.399,0.397,0.334,14.602,11.902,11.452
2018-09-28 07:00:00,19.302,42.9806,1.2776811,0.398,0.397,0.334,15.852,12.102,11.452
2018-09-28 08:00:00,19.652,41.05302,1.3499005,0.396,0.397,0.334,16.452,12.302,11.452
2018-09-28 09:00:00,19.252,41.365833,1.3098102,0.395,0.396,0.334,16.552,12.552,11.452
2018-09-28 10:00:00,18.102,44.604397,1.1516924,0.395,0.396,0.334,16.352,12.702,11.452
2018-09-28 11:00:00,16.052,52.932022,0.8595564,0.394,0.396,0.334,15.552,12.852,11.452
2018-09-28 12:00:00,14.502,59.893246,0.6631141,0.394,0.396,0.334,14.702,12.902,11.452
2018-09-28 13:00:00,13.502,63.250156,0.5695004,0.394,0.396,0.334,13.952,12.952,11.502
2018-09-28 14:00:00,12.852,62.450188,0.557761,0.394,0.396,0.334,13.302,12.952,11.502
2018-09-28 15:00:00,11.702,59.416046,0.55899775,0.394,0.396,0.334,12.552,12.902,11.502
2018-09-28 16:00:00,10.502,56.25042,0.5565321,0.393,0.396,0.334,11.802,12.802,11.502
2018-09-28 17:00:00,9.552,55.20371,0.5347774,0.393,0.396,0.334,11.102,12.702,11.502
2018-09-28 18:00:00,8.752,56.4009,0.49318945,0.393,0.396,0.334,10.452,12.552,11.502
2018-09-28 19:00:00,7.902,57.41557,0.45474064,0.393,0.396,0.334,9.902,12.402,11.502
2018-09-28 20:00:00,7.202,62.217598,0.38465297,0.393,0.396,0.334,9.402,12.252,11.502
2018-09-28 21:00:00,6.752,66.28264,0.33284575,0.393,0.396,0.334,8.952,12.052,11.502
2018-09-28 22:00:00,6.402,69.626686,0.29270744,0.393,0.396,0.334,8.602,11.902,11.502
2018-09-28 23:00:00,6.202,72.12744,0.26493233,0.393,0.395,0.334,8.302,11.702,11.502
2018-09-29 00:00:00,6.002,74.18376,0.24202359,0.393,0.395,0.334,8.052,11.502,11.502
2018-09-29 01:00:00,5.702,76.55475,0.21528381,0.393,0.395,0.334,7.802,11.302,11.502
2018-09-29 02:00:00,5.702,77.37851,0.2077198,0.393,0.395,0.334,7.652,11.102,11.502
2018-09-29 03:00:00,6.952,73.566055,0.2645527,0.393,0.395,0.334,8.202,10.952,11.502
2018-09-29 04:00:00,8.952,64.66936,0.4050892,0.392,0.395,0.334,9.502,10.902,11.502
2018-09-29 05:00:00,10.752,57.32428,0.5519765,0.392,0.395,0.334,10.902,10.902,11.502
2018-09-29 06:00:00,12.352,49.593864,0.724643,0.391,0.395,0.334,12.152,11.002,11.502
2018-09-29 07:00:00,13.002,44.723015,0.8292182,0.39,0.394,0.334,13.102,11.102,11.502
2018-09-29 08:00:00,13.752,41.382896,0.9233303,0.389,0.394,0.334,13.752,11.252,11.502
2018-09-29 09:00:00,14.302,39.64686,0.98515695,0.388,0.394,0.334,14.152,11.402,11.502
2018-09-29 10:00:00,14.502,38.716583,1.0133482,0.387,0.393,0.334,14.252,11.552,11.502
2018-09-29 11:00:00,14.502,38.29951,1.0202456,0.386,0.393,0.334,14.002,11.652,11.502
2018-09-29 12:00:00,13.752,40.79066,0.9326601,0.386,0.393,0.334,13.402,11.752,11.502
2018-09-29 13:00:00,12.402,43.75303,0.8112757,0.386,0.393,0.334,12.452,11.802,11.502
2018-09-29 14:00:00,11.152,47.514008,0.6971339,0.385,0.393,0.334,11.602,11.802,11.502
2018-09-29 15:00:00,10.352,50.110382,0.628327,0.385,0.393,0.334,10.902,11.752,11.502
2018-09-29 16:00:00,9.802,52.175568,0.58057773,0.385,0.393,0.334,10.352,11.652,11.502
2018-09-29 17:00:00,9.402,53.59516,0.54842675,0.385,0.393,0.334,9.952,11.552,11.502
2018-09-29 18:00:00,9.102,54.68821,0.5248084,0.385,0.393,0.334,9.602,11.452,11.502
2018-09-29 19:00:00,8.352,54.88522,0.496706,0.385,0.393,0.334,9.252,11.352,11.502
2018-09-29 20:00:00,7.902,56.79402,0.46137726,0.385,0.393,0.334,8.902,11.202,11.502
2018-09-29 21:00:00,7.452,58.989204,0.42471194,0.385,0.393,0.334,8.552,11.102,11.502
2018-09-29 22:00:00,7.002,61.49808,0.38664693,0.385,0.393,0.334,8.252,10.952,11.502
2018-09-29 23:00:00,6.502,64.57397,0.34375495,0.385,0.393,0.334,7.902,10.802,11.452
2018-09-30 00:00:00,6.002,67.81144,0.30176008,0.385,0.393,0.334,7.552,10.652,11.452
2018-09-30 01:00:00,5.502,71.47657,0.25830662,0.385,0.393,0.334,7.202,10.452,11.452
2018-09-30 02:00:00,5.302,74.8602,0.22452742,0.385,0.392,0.334,7.002,10.302,11.452
2018-09-30 03:00:00,6.802,73.017426,0.2672798,0.385,0.392,0.334,7.652,10.202,11.452
2018-09-30 04:00:00,9.752,61.500126,0.46581537,0.384,0.392,0.334,9.302,10.152,11.452
2018-09-30 05:00:00,12.252,53.593517,0.66277134,0.384,0.392,0.334,11.052,10.202,11.452
2018-09-30 06:00:00,14.352,47.40179,0.8613272,0.383,0.392,0.334,12.702,10.352,11.452
2018-09-30 07:00:00,16.052,40.300404,1.0903263,0.382,0.391,0.334,14.052,10.602,11.402
2018-09-30 08:00:00,16.902,36.582973,1.2225069,0.381,0.391,0.334,14.952,10.802,11.402
2018-09-30 09:00:00,17.302,35.288326,1.2794218,0.38,0.391,0.334,15.402,11.052,11.402
2018-09-30 10:00:00,17.402,34.692017,1.299389,0.379,0.39,0.334,15.552,11.302,11.402
2018-09-30 11:00:00,17.102,36.122425,1.2470691,0.378,0.39,0.334,15.202,11.502,11.402
2018-09-30 12:00:00,15.752,41.96379,1.0398393,0.378,0.39,0.334,14.402,11.652,11.402
2018-09-30 13:00:00,13.752,46.732624,0.8390499,0.378,0.39,0.334,13.152,11.702,11.402
2018-09-30 14:00:00,12.202,50.443256,0.70544773,0.378,0.39,0.334,12.102,11.752,11.402
2018-09-30 15:00:00,11.452,51.694134,0.65447736,0.378,0.39,0.334,11.402,11.702,11.402
2018-09-30 16:00:00,10.852,52.65006,0.61652035,0.378,0.39,0.334,10.852,11.652,11.402
2018-09-30 17:00:00,10.452,53.30116,0.59207517,0.378,0.39,0.334,10.452,11.602,11.402
2018-09-30 18:00:00,9.952,54.914005,0.55285794,0.378,0.39,0.334,10.052,11.502,11.402
2018-09-30 19:00:00,9.602,55.018738,0.53879035,0.378,0.39,0.334,9.802,11.452,11.402
2018-09-30 20:00:00,9.402,56.57006,0.5132693,0.378,0.39,0.334,9.652,11.352,11.402
2018-09-30 21:00:00,9.202,59.004276,0.478028,0.377,0.39,0.334,9.502,11.252,11.402
2018-09-30 22:00:00,9.352,60.53553,0.4648391,0.377,0.389,0.334,9.502,11.152,11.402
2018-09-30 23:00:00,9.502,62.098232,0.45095348,0.377,0.389,0.334,9.502,11.052,11.402
2018-10-01 00:00:00,9.802,62.832943,0.45119733,0.377,0.389,0.334,9.602,11.002,11.402
2018-10-01 01:00:00,10.002,63.77337,0.4457056,0.377,0.389,0.334,9.702,10.952,11.402
2018-10-01 02:00:00,10.302,64.74583,0.44251764,0.377,0.389,0.334,9.802,10.902,11.402
2018-10-01 03:00:00,11.102,63.801586,0.4791932,0.377,0.389,0.334,10.202,10.852,11.402
2018-10-01 04:00:00,12.252,61.449425,0.5505584,0.377,0.389,0.334,10.952,10.852,11.402
2018-10-01 05:00:00,13.302,57.16862,0.6551843,0.377,0.389,0.334,11.802,10.952,11.402
2018-10-01 06:00:00,13.752,56.49265,0.68528324,0.376,0.389,0.334,12.502,11.002,11.402
2018-10-01 07:00:00,12.602,68.94576,0.4537784,0.377,0.389,0.334,12.452,11.102,11.402
2018-10-01 08:00:00,12.052,75.23822,0.3489926,0.378,0.389,0.334,12.402,11.152,11.402
2018-10-01 09:00:00,11.452,79.34888,0.27976477,0.38,0.389,0.334,12.052,11.202,11.402
2018-10-01 10:00:00,10.902,82.29493,0.23127246,0.382,0.389,0.334,11.752,11.252,11.402
2018-10-01 11:00:00,10.252,86.81563,0.16492808,0.383,0.389,0.334,11.402,11.252,11.402
2018-10-01 12:00:00,9.602,88.84614,0.13359094,0.384,0.389,0.334,11.002,11.252,11.402
2018-10-01 13:00:00,9.002,90.32532,0.11129379,0.385,0.389,0.334,10.552,11.202,11.402
2018-10-01 14:00:00,8.502,91.220764,0.09764016,0.385,0.388,0.334,10.152,11.152,11.402
2018-10-01 15:00:00,7.602,93.3831,0.06922835,0.385,0.388,0.334,9.602,11.102,11.402
2018-10-01 16:00:00,7.302,92.7264,0.074557304,0.385,0.388,0.334,9.302,11.002,11.352
2018-10-01 17:00:00,6.802,92.058464,0.07866472,0.385,0.388,0.334,8.952,10.902,11.352
2018-10-01 18:00:00,6.202,91.38295,0.08190608,0.385,0.388,0.334,8.552,10.802,11.352
2018-10-01 19:00:00,5.002,92.921455,0.0619151,0.385,0.388,0.334,8.052,10.652,11.352
2018-10-01 20:00:00,4.352,92.88549,0.059469163,0.385,0.388,0.334,7.552,10.502,11.352
2018-10-01 21:00:00,3.502,93.16851,0.053793967,0.385,0.388,0.334,7.002,10.352,11.352
2018-10-01 22:00:00,2.802,93.130844,0.051478863,0.385,0.388,0.334,6.502,10.152,11.352
2018-10-01 23:00:00,2.052,94.09887,0.041927278,0.385,0.388,0.334,5.952,9.952,11.352
2018-10-02 00:00:00,1.452,94.75169,0.035722673,0.385,0.388,0.334,5.452,9.752,11.352
2018-10-02 01:00:00,0.902,95.41691,0.029985964,0.385,0.388,0.334,4.952,9.502,11.302
2018-10-02 02:00:00,0.70199996,95.06431,0.03183055,0.385,0.388,0.334,4.652,9.302,11.302
2018-10-02 03:00:00,2.602,92.45566,0.055742085,0.385,0.388,0.334,5.302,9.102,11.302
2018-10-02 04:00:00,5.452,82.74878,0.15568757,0.385,0.388,0.334,7.052,9.052,11.302
2018-10-02 05:00:00,7.602,70.86993,0.3047803,0.385,0.388,0.334,8.252,9.052,11.302
2018-10-02 06:00:00,9.502,55.78903,0.5260214,0.384,0.388,0.334,9.702,9.102,11.252
2018-10-02 07:00:00,10.502,46.4759,0.68087226,0.384,0.388,0.334,10.952,9.202,11.252
2018-10-02 08:00:00,11.302,41.874355,0.77974564,0.383,0.387,0.334,11.752,9.402,11.252
2018-10-02 09:00:00,11.852,39.938465,0.83552116,0.382,0.387,0.334,12.152,9.552,11.252
2018-10-02 10:00:00,11.952,39.821827,0.8426771,0.381,0.387,0.334,12.152,9.702,11.252
2018-10-02 11:00:00,11.702,40.78149,0.81568605,0.381,0.387,0.334,11.852,9.852,11.252
2018-10-02 12:00:00,10.752,45.211983,0.70864195,0.38,0.387,0.334,11.152,9.952,11.202
2018-10-02 13:00:00,9.102,51.794983,0.5583159,0.38,0.387,0.334,10.102,9.952,11.202
2018-10-02 14:00:00,8.202,56.461437,0.47450197,0.38,0.387,0.334,9.302,9.952,11.202
2018-10-02 15:00:00,7.252,61.558655,0.39270157,0.38,0.387,0.334,8.552,9.902,11.202
2018-10-02 16:00:00,6.152,67.3557,0.30921763,0.38,0.386,0.334,7.802,9.802,11.202
2018-10-02 17:00:00,5.052,73.48099,0.23276287,0.38,0.386,0.334,7.052,9.702,11.202
2018-10-02 18:00:00,4.302,77.99064,0.18332642,0.38,0.386,0.334,6.552,9.552,11.202
2018-10-02 19:00:00,3.502,80.732864,0.15171331,0.38,0.386,0.334,5.952,9.402,11.152
2018-10-02 20:00:00,2.902,83.9248,0.121325016,0.38,0.386,0.334,5.402,9.202,11.152
2018-10-02 21:00:00,4.002,77.6622,0.18218857,0.38,0.386,0.334,4.852,9.002,11.152
2018-10-02 22:00:00,3.752,79.324356,0.16569543,0.38,0.386,0.334,4.402,8.802,11.152
2018-10-02 23:00:00,3.252,82.16932,0.1379475,0.38,0.386,0.334,4.102,8.602,11.152
2018-10-03 00:00:00,1.602,89.7609,0.070444465,0.38,0.386,0.334,3.9520001,8.402,11.102
2018-10-03 01:00:00,1.302,91.71147,0.055811405,0.38,0.386,0.334,3.852,8.202,11.102
2018-10-03 02:00:00,1.452,92.38714,0.051816583,0.38,0.386,0.334,3.902,8.002,11.102
2018-10-03 03:00:00,3.4520001,87.68539,0.09662819,0.38,0.386,0.334,4.802,7.902,11.052
2018-10-03 04:00:00,6.702,69.68787,0.2982064,0.38,0.386,0.334,6.752,7.902,11.052
2018-10-03 05:00:00,9.402,58.63372,0.48888028,0.38,0.386,0.334,8.502,7.952,11.052
2018-10-03 06:00:00,11.202,50.166363,0.6641003,0.379,0.386,0.334,10.102,8.102,11.002
2018-10-03 07:00:00,12.252,45.644344,0.7763127,0.378,0.386,0.334,11.402,8.352,11.002
2018-10-03 08:00:00,13.002,42.679058,0.8598825,0.378,0.385,0.334,12.352,8.602,11.002
2018-10-03 09:00:00,13.502,40.570564,0.92104346,0.377,0.385,0.334,12.852,8.852,11.002
2018-10-03 10:00:00,13.702,39.328125,0.9526023,0.376,0.385,0.334,12.952,9.102,11.002
2018-10-03 11:00:00,13.552,39.426746,0.94182897,0.376,0.385,0.334,12.552,9.302,10.952
2018-10-03 12:00:00,12.602,45.091892,0.80241585,0.375,0.384,0.334,11.752,9.452,10.952
2018-10-03 13:00:00,10.752,50.950043,0.63442636,0.375,0.384,0.334,10.552,9.502,10.952
2018-10-03 14:00:00,9.252,55.32339,0.52270395,0.375,0.384,0.334,9.552,9.552,10.952
2018-10-03 15:00:00,8.252,58.132492,0.4578417,0.375,0.384,0.334,8.802,9.552,10.952
2018-10-03 16:00:00,7.602,59.241245,0.42644423,0.375,0.384,0.334,8.252,9.502,10.952
2018-10-03 17:00:00,7.052,60.186478,0.4011891,0.375,0.384,0.334,7.752,9.402,10.952
2018-10-03 18:00:00,6.652,60.968227,0.38266593,0.375,0.384,0.334,7.302,9.352,10.902
2018-10-03 19:00:00,6.252,60.87002,0.37321073,0.375,0.384,0.334,6.952,9.252,10.902
2018-10-03 20:00:00,5.952,61.691372,0.35788947,0.375,0.384,0.334,6.702,9.102,10.902
2018-10-03 21:00:00,5.702,62.31044,0.34606916,0.375,0.384,0.334,6.452,9.002,10.902
2018-10-03 22:00:00,5.402,62.92564,0.333413,0.375,0.384,0.334,6.202,8.902,10.902
2018-10-03 23:00:00,5.102,63.085136,0.32512784,0.375,0.384,0.334,5.952,8.802,10.902
2018-10-04 00:00:00,4.852,63.257675,0.318021,0.375,0.384,0.334,5.752,8.652,10.852
2018-10-04 01:00:00,4.602,63.43137,0.31104165,0.375,0.384,0.334,5.552,8.502,10.852
2018-10-04 02:00:00,4.502,64.11152,0.30313087,0.375,0.384,0.334,5.402,8.402,10.852
2018-10-04 03:00:00,5.852,60.328026,0.36807054,0.375,0.384,0.334,5.952,8.302,10.852
2018-10-04 04:00:00,8.502,52.00775,0.53377885,0.375,0.384,0.334,7.352,8.302,10.802
2018-10-04 05:00:00,11.202,44.202255,0.7435794,0.374,0.384,0.334,9.152,8.402,10.802
2018-10-04 06:00:00,13.552,39.569927,0.9396025,0.373,0.383,0.334,10.852,8.552,10.802
2018-10-04 07:00:00,16.102,34.43698,1.2012643,0.372,0.383,0.334,12.452,8.802,10.802
2018-10-04 08:00:00,17.702,32.490875,1.3688277,0.371,0.383,0.334,13.702,9.052,10.802
2018-10-04 09:00:00,18.802,31.096048,1.4968164,0.37,0.382,0.334,14.502,9.352,10.802
2018-10-04 10:00:00,19.202,30.657555,1.5443535,0.37,0.382,0.334,14.852,9.652,10.752
2018-10-04 11:00:00,18.652,32.88286,1.444395,0.369,0.382,0.334,14.652,9.952,10.752
2018-10-04 12:00:00,17.052,34.71435,1.270544,0.368,0.382,0.334,13.902,10.152,10.752
2018-10-04 13:00:00,15.202,36.085484,1.1055579,0.368,0.382,0.334,12.902,10.302,10.752
2018-10-04 14:00:00,14.102,36.15547,1.0287569,0.368,0.382,0.334,12.102,10.402,10.752
2018-10-04 15:00:00,13.352,35.802387,0.98527575,0.368,0.382,0.334,11.502,10.452,10.752
2018-10-04 16:00:00,12.802,34.98778,0.96259254,0.368,0.382,0.334,11.052,10.502,10.752
2018-10-04 17:00:00,12.352,33.959713,0.94939613,0.368,0.381,0.334,10.702,10.502,10.752
2018-10-04 18:00:00,11.952,32.843826,0.9403701,0.368,0.381,0.334,10.402,10.502,10.752
2018-10-04 19:00:00,11.852,31.367386,0.9547246,0.367,0.381,0.334,10.202,10.502,10.752
2018-10-04 20:00:00,11.452,31.48627,0.92822945,0.367,0.381,0.334,10.002,10.502,10.752
2018-10-04 21:00:00,11.002,32.194977,0.8916482,0.367,0.381,0.334,9.802,10.452,10.752
2018-10-04 22:00:00,10.502,33.535988,0.8454362,0.367,0.381,0.334,9.552,10.402,10.752
2018-10-04 23:00:00,9.702,35.91627,0.77272063,0.367,0.381,0.334,9.202,10.352,10.752
2018-10-05 00:00:00,9.002,38.362995,0.7090514,0.367,0.381,0.334,8.802,10.302,10.752
2018-10-05 01:00:00,8.702,40.19108,0.6742326,0.367,0.381,0.334,8.602,10.202,10.752
2018-10-05 02:00:00,8.002,44.575573,0.59586316,0.367,0.381,0.334,8.202,10.102,10.752
2018-10-05 03:00:00,9.002,46.043064,0.62072754,0.367,0.381,0.334,8.552,10.052,10.752
2018-10-05 04:00:00,11.552,41.18753,0.8021104,0.366,0.381,0.334,9.802,10.052,10.752
2018-10-05 05:00:00,14.152,35.77656,1.0382173,0.366,0.381,0.334,11.502,10.152,10.752
2018-10-05 06:00:00,16.452,32.244926,1.2693967,0.365,0.38,0.334,13.152,10.302,10.752
2018-10-05 07:00:00,18.702,28.285418,1.5482022,0.364,0.38,0.334,14.652,10.502,10.752
2018-10-05 08:00:00,19.902,25.871347,1.7242707,0.363,0.38,0.334,15.752,10.802,10.752
2018-10-05 09:00:00,20.552,24.583044,1.8260522,0.362,0.379,0.334,16.352,11.052,10.752
2018-10-05 10:00:00,20.552,24.762482,1.8217056,0.361,0.379,0.334,16.502,11.352,10.752
2018-10-05 11:00:00,19.752,28.174204,1.65524,0.361,0.379,0.334,16.102,11.552,10.752
2018-10-05 12:00:00,17.702,31.911283,1.3805835,0.36,0.379,0.334,15.102,11.752,10.752
2018-10-05 13:00:00,15.602,34.791573,1.1572258,0.36,0.378,0.334,13.902,11.852,10.752
2018-10-05 14:00:00,14.602,35.13317,1.0795486,0.36,0.378,0.334,13.002,11.902,10.752
2018-10-05 15:00:00,13.952,35.198643,1.0340779,0.36,0.378,0.334,12.402,11.902,10.752
2018-10-05 16:00:00,13.502,35.71551,0.996289,0.36,0.378,0.334,11.952,11.852,10.752
2018-10-05 17:00:00,13.102,36.928852,0.95234,0.359,0.378,0.334,11.602,11.852,10.802
2018-10-05 18:00:00,12.752,38.341152,0.9099643,0.359,0.378,0.334,11.302,11.802,10.802
2018-10-05 19:00:00,12.602,40.453304,0.8702056,0.359,0.378,0.334,11.102,11.752,10.802
2018-10-05 20:00:00,12.202,41.985462,0.82585275,0.359,0.378,0.334,10.902,11.702,10.802
2018-10-05 21:00:00,11.652,43.85261,0.7708385,0.359,0.378,0.334,10.652,11.652,10.802
2018-10-05 22:00:00,11.152,44.83595,0.7327036,0.359,0.378,0.334,10.352,11.552,10.802
2018-10-05 23:00:00,10.652,45.34813,0.702195,0.359,0.378,0.334,10.052,11.452,10.802
2018-10-06 00:00:00,10.302,44.916866,0.691421,0.359,0.378,0.334,9.802,11.352,10.802
2018-10-06 01:00:00,10.002,44.175884,0.6868162,0.359,0.378,0.334,9.602,11.252,10.802
2018-10-06 02:00:00,9.852,43.64718,0.68639374,0.359,0.378,0.334,9.452,11.152,10.802
2018-10-06 03:00:00,10.802,41.269085,0.7621631,0.358,0.378,0.334,9.802,11.102,10.802
2018-10-06 04:00:00,12.652,37.61578,0.9146615,0.358,0.378,0.334,10.802,11.102,10.802
2018-10-06 05:00:00,14.752,32.577137,1.1329889,0.358,0.377,0.334,12.202,11.152,10.802
2018-10-06 06:00:00,16.552,29.786758,1.3238411,0.357,0.377,0.334,13.602,11.252,10.802
2018-10-06 07:00:00,18.452,27.106216,1.5492662,0.356,0.377,0.334,14.902,11.452,10.802
2018-10-06 08:00:00,19.502,26.138544,1.675992,0.355,0.376,0.334,15.902,11.652,10.852
2018-10-06 09:00:00,20.102,25.832872,1.7466288,0.354,0.376,0.334,16.502,11.902,10.852
2018-10-06 10:00:00,20.102,26.210272,1.7377372,0.353,0.376,0.334,16.652,12.102,10.852
2018-10-06 11:00:00,19.302,28.661476,1.5987389,0.352,0.375,0.334,16.302,12.302,10.852
2018-10-06 12:00:00,16.852,35.28341,1.2436225,0.352,0.375,0.334,15.252,12.452,10.852
2018-10-06 13:00:00,13.952,51.46237,0.7745139,0.353,0.375,0.334,14.102,12.502,10.852
2018-10-06 14:00:00,11.952,70.9748,0.40640843,0.354,0.375,0.334,13.152,12.502,10.852
2018-10-06 15:00:00,11.202,83.17418,0.22420025,0.357,0.375,0.334,12.502,12.452,10.902
2018-10-06 16:00:00,10.752,90.148186,0.12740874,0.361,0.375,0.334,12.052,12.452,10.902
2018-10-06 17:00:00,10.502,93.52891,0.08230603,0.363,0.375,0.334,11.702,12.352,10.902
2018-10-06 18:00:00,10.402,93.83875,0.0778451,0.363,0.375,0.334,11.452,12.302,10.902
2018-10-06 19:00:00,9.202,91.89033,0.09455478,0.363,0.375,0.334,10.852,12.202,10.902
2018-10-06 20:00:00,8.502,86.3459,0.15185958,0.363,0.375,0.334,10.352,12.102,10.902
2018-10-06 21:00:00,7.802,79.36219,0.21888775,0.363,0.375,0.334,9.852,11.952,10.902
2018-10-06 22:00:00,7.502,73.14684,0.27904797,0.363,0.375,0.334,9.452,11.802,10.902
2018-10-06 23:00:00,7.402,68.84194,0.32158035,0.363,0.375,0.334,9.252,11.652,10.902
2018-10-07 00:00:00,7.202,65.90726,0.34709138,0.363,0.375,0.334,9.002,11.552,10.902
2018-10-07 01:00:00,7.002,63.992634,0.36159778,0.363,0.375,0.334,8.802,11.402,10.952
2018-10-07 02:00:00,6.802,63.485764,0.36169297,0.363,0.375,0.334,8.602,11.252,10.952
2018-10-07 03:00:00,6.852,63.49746,0.3628198,0.363,0.375,0.334,8.602,11.102,10.952
2018-10-07 04:00:00,6.952,64.676926,0.353513,0.362,0.375,0.334,8.902,11.002,10.952
2018-10-07 05:00:00,7.652,61.21236,0.40720809,0.362,0.375,0.334,9.452,10.902,10.952
2018-10-07 06:00:00,8.352,55.889954,0.48564494,0.362,0.375,0.334,10.052,10.852,10.952
2018-10-07 07:00:00,8.152,54.831867,0.49059242,0.361,0.375,0.334,10.202,10.852,10.952
2018-10-07 08:00:00,8.452,51.993977,0.5321275,0.361,0.374,0.334,10.352,10.802,10.952
2018-10-07 09:00:00,8.652,50.36606,0.55766666,0.361,0.374,0.334,10.452,10.802,10.952
2018-10-07 10:00:00,8.552,50.33805,0.5542194,0.361,0.374,0.334,10.352,10.752,10.952
2018-10-07 11:00:00,8.402,50.295994,0.5490834,0.361,0.374,0.334,10.152,10.752,10.902
2018-10-07 12:00:00,8.002,51.49078,0.5215349,0.361,0.374,0.334,9.702,10.702,10.902
2018-10-07 13:00:00,7.652,51.58288,0.50828934,0.361,0.374,0.334,9.302,10.652,10.902
2018-10-07 14:00:00,7.352,50.745064,0.5066029,0.36,0.374,0.334,8.952,10.552,10.902
2018-10-07 15:00:00,6.602,51.672016,0.47216225,0.36,0.374,0.334,8.402,10.452,10.902
2018-10-07 16:00:00,6.052,51.71064,0.45423806,0.36,0.374,0.334,7.852,10.302,10.902
2018-10-07 17:00:00,5.652,51.21477,0.44637588,0.36,0.374,0.334,7.452,10.202,10.902
2018-10-07 18:00:00,5.502,50.223087,0.45073372,0.36,0.374,0.334,7.202,10.052,10.902
2018-10-07 19:00:00,5.702,48.61094,0.4718232,0.36,0.374,0.334,7.152,9.902,10.902
2018-10-07 20:00:00,5.802,47.376205,0.4865122,0.36,0.374,0.334,7.152,9.802,10.902
2018-10-07 21:00:00,5.802,46.491642,0.49468648,0.36,0.374,0.334,7.102,9.652,10.902
2018-10-07 22:00:00,5.852,46.506268,0.4962655,0.36,0.374,0.334,7.052,9.552,10.902
2018-10-07 23:00:00,6.352,46.47734,0.5139755,0.36,0.374,0.334,7.202,9.452,10.902
2018-10-08 00:00:00,6.852,48.037502,0.5164537,0.359,0.374,0.334,7.452,9.352,10.852
2018-10-08 01:00:00,7.102,50.6749,0.49872196,0.359,0.374,0.334,7.602,9.302,10.852
2018-10-08 02:00:00,7.352,53.625725,0.4769801,0.359,0.374,0.334,7.752,9.252,10.852
2018-10-08 03:00:00,7.702,56.53592,0.45785648,0.359,0.374,0.334,7.952,9.202,10.852
2018-10-08 04:00:00,8.202,58.541,0.45183945,0.359,0.374,0.334,8.352,9.202,10.852
2018-10-08 05:00:00,8.852,60.197258,0.45329696,0.359,0.374,0.334,8.902,9.202,10.852
2018-10-08 06:00:00,9.502,60.356884,0.4716727,0.359,0.373,0.334,9.402,9.252,10.852
2018-10-08 07:00:00,10.952,59.649944,0.52887166,0.358,0.373,0.334,10.252,9.302,10.802
2018-10-08 08:00:00,11.852,57.80706,0.5869378,0.358,0.373,0.334,10.952,9.402,10.802
2018-10-08 09:00:00,12.502,56.369156,0.63342917,0.357,0.373,0.334,11.502,9.552,10.802
2018-10-08 10:00:00,12.852,55.28502,0.66421396,0.357,0.373,0.334,11.752,9.652,10.802
2018-10-08 11:00:00,12.852,55.28502,0.66421396,0.357,0.373,0.333,11.752,9.802,10.802
2018-10-08 12:00:00,12.102,58.277435,0.59002244,0.357,0.373,0.333,11.302,9.902,10.802
2018-10-08 13:00:00,11.252,61.641434,0.5128629,0.356,0.373,0.333,10.702,9.952,10.802
2018-10-08 14:00:00,10.552,64.80203,0.44923377,0.356,0.373,0.334,10.152,9.952,10.802
2018-10-08 15:00:00,10.102,67.01171,0.40858185,0.356,0.373,0.334,9.752,9.952,10.802
2018-10-08 16:00:00,9.702,69.072044,0.37294477,0.356,0.373,0.334,9.402,9.952,10.802
2018-10-08 17:00:00,9.352,70.962616,0.34201676,0.356,0.373,0.334,9.152,9.902,10.802
2018-10-08 18:00:00,8.952,72.90037,0.31071156,0.356,0.373,0.334,8.902,9.902,10.752
2018-10-08 19:00:00,8.602,74.123665,0.28975594,0.356,0.373,0.334,8.652,9.852,10.752
2018-10-08 20:00:00,8.202,75.89368,0.26272082,0.356,0.373,0.334,8.402,9.752,10.752
2018-10-08 21:00:00,7.852,77.177475,0.24288517,0.356,0.372,0.334,8.202,9.702,10.752
2018-10-08 22:00:00,7.602,77.95418,0.23065847,0.356,0.372,0.334,8.002,9.652,10.752
2018-10-08 23:00:00,7.402,78.47246,0.22218359,0.356,0.372,0.334,7.802,9.552,10.752
2018-10-09 00:00:00,7.202,78.99546,0.2138431,0.356,0.372,0.334,7.652,9.502,10.752
2018-10-09 01:00:00,6.952,80.07735,0.19938695,0.356,0.372,0.334,7.502,9.402,10.752
2018-10-09 02:00:00,6.902,80.070175,0.19877625,0.356,0.372,0.334,7.402,9.302,10.752
2018-10-09 03:00:00,7.652,76.60509,0.2456094,0.356,0.372,0.334,7.702,9.252,10.752
2018-10-09 04:00:00,9.202,69.94538,0.35044593,0.356,0.372,0.334,8.602,9.252,10.702
2018-10-09 05:00:00,10.952,62.22201,0.495156,0.356,0.372,0.334,9.852,9.302,10.702
2018-10-09 06:00:00,12.602,55.609055,0.64870214,0.355,0.372,0.333,11.052,9.402,10.702
2018-10-09 07:00:00,14.352,46.736763,0.87222004,0.355,0.372,0.333,12.252,9.552,10.702
2018-10-09 08:00:00,15.352,42.296352,1.0077522,0.354,0.371,0.333,13.102,9.752,10.702
2018-10-09 09:00:00,15.902,39.40612,1.0961273,0.353,0.371,0.333,13.602,9.952,10.702
2018-10-09 10:00:00,16.001999,38.052868,1.1277854,0.353,0.371,0.333,13.752,10.152,10.702
2018-10-09 11:00:00,15.602,38.621788,1.0892396,0.352,0.371,0.333,13.502,10.352,10.702
2018-10-09 12:00:00,14.502,40.57077,0.98268396,0.352,0.371,0.333,12.852,10.502,10.702
2018-10-09 13:00:00,13.002,43.769115,0.84352905,0.352,0.371,0.333,11.952,10.552,10.702
2018-10-09 14:00:00,11.852,46.862183,0.7392067,0.352,0.371,0.333,11.202,10.602,10.702
2018-10-09 15:00:00,10.802,49.875076,0.65048844,0.352,0.371,0.333,10.502,10.602,10.702
2018-10-09 16:00:00,9.852,52.947914,0.57311773,0.352,0.371,0.333,9.902,10.552,10.702
2018-10-09 17:00:00,9.152,55.097855,0.5218183,0.352,0.371,0.333,9.402,10.502,10.702
2018-10-09 18:00:00,8.402,57.961254,0.46441257,0.352,0.371,0.333,8.952,10.402,10.702
2018-10-09 19:00:00,7.652,56.72888,0.4542734,0.351,0.371,0.333,8.452,10.352,10.702
2018-10-09 20:00:00,6.852,61.461674,0.38305283,0.351,0.371,0.333,8.002,10.202,10.702
2018-10-09 21:00:00,6.152,67.3557,0.30921763,0.351,0.37,0.333,7.602,10.102,10.702
2018-10-09 22:00:00,5.402,73.81013,0.2355352,0.351,0.37,0.333,7.152,9.952,10.702
2018-10-09 23:00:00,4.902,78.365425,0.18791944,0.351,0.37,0.333,6.802,9.802,10.702
2018-10-10 00:00:00,4.302,81.135704,0.15713084,0.352,0.37,0.333,6.352,9.652,10.652
2018-10-10 01:00:00,4.002,80.51308,0.15893781,0.352,0.37,0.333,6.152,9.502,10.652
2018-10-10 02:00:00,3.9520001,78.50016,0.17473972,0.352,0.37,0.333,6.052,9.352,10.652
2018-10-10 03:00:00,4.252,75.48962,0.20344341,0.352,0.37,0.333,6.152,9.202,10.652
2018-10-10 04:00:00,5.602,62.51458,0.34181857,0.351,0.37,0.333,7.202,9.102,10.652
2018-10-10 05:00:00,6.552,56.440784,0.42412043,0.351,0.37,0.333,8.202,9.102,10.652
2018-10-10 06:00:00,7.502,51.351753,0.5055165,0.351,0.37,0.333,9.302,9.102,10.652
2018-10-10 07:00:00,8.302,49.534878,0.5537238,0.35,0.37,0.333,10.352,9.202,10.652
2018-10-10 08:00:00,8.852,46.85545,0.605227,0.35,0.37,0.333,11.052,9.302,10.602
2018-10-10 09:00:00,9.202,44.926857,0.64216137,0.349,0.369,0.333,11.352,9.452,10.602
2018-10-10 10:00:00,9.202,44.43183,0.6479321,0.349,0.369,0.333,11.252,9.552,10.602
2018-10-10 11:00:00,8.952,44.688248,0.6341678,0.349,0.369,0.333,10.702,9.602,10.602
2018-10-10 12:00:00,8.252,48.260548,0.5657814,0.349,0.369,0.333,9.752,9.652,10.602
2018-10-10 13:00:00,7.252,52.81627,0.4819978,0.349,0.369,0.333,8.502,9.602,10.602
2018-10-10 14:00:00,6.652,54.429234,0.44676334,0.349,0.369,0.333,7.052,9.502,10.602
2018-10-10 15:00:00,3.652,69.82213,0.24014175,0.349,0.369,0.333,6.002,9.352,10.602
2018-10-10 16:00:00,2.352,76.83079,0.16816264,0.349,0.369,0.333,5.302,9.152,10.602
2018-10-10 17:00:00,2.252,76.53286,0.16911614,0.349,0.369,0.333,4.902,8.952,10.602
2018-10-10 18:00:00,2.552,72.74668,0.20063496,0.349,0.369,0.333,4.652,8.752,10.552
2018-10-10 19:00:00,2.852,69.91467,0.22624725,0.349,0.369,0.333,4.552,8.602,10.552
2018-10-10 20:00:00,3.802,63.71164,0.29182172,0.349,0.369,0.333,4.852,8.402,10.552
2018-10-10 21:00:00,4.752,59.17109,0.3509277,0.349,0.369,0.333,5.202,8.302,10.552
2018-10-10 22:00:00,5.302,58.011677,0.37498248,0.349,0.369,0.333,5.452,8.202,10.552
2018-10-10 23:00:00,5.702,59.630505,0.37067258,0.349,0.369,0.333,5.702,8.102,10.502
2018-10-11 00:00:00,5.202,67.39421,0.28918505,0.349,0.369,0.333,5.502,8.002,10.502
2018-10-11 01:00:00,5.102,74.556305,0.22410357,0.349,0.369,0.333,5.452,7.902,10.502
2018-10-11 02:00:00,5.452,78.45055,0.19447726,0.349,0.369,0.333,5.552,7.852,10.502
2018-10-11 03:00:00,6.902,74.60876,0.25324786,0.349,0.369,0.333,6.152,7.802,10.502
2018-10-11 04:00:00,8.802,67.68205,0.36681426,0.349,0.369,0.333,7.202,7.802,10.452
2018-10-11 05:00:00,10.752,59.811485,0.519804,0.348,0.369,0.333,8.552,7.852,10.452
2018-10-11 06:00:00,12.502,52.534863,0.68910414,0.348,0.368,0.333,9.852,8.002,10.452
2018-10-11 07:00:00,14.202,44.747982,0.89606494,0.347,0.368,0.333,11.052,8.202,10.452
2018-10-11 08:00:00,15.152,37.532707,1.0770581,0.347,0.368,0.333,12.102,8.452,10.452
2018-10-11 09:00:00,15.402,34.232002,1.152307,0.346,0.368,0.333,12.502,8.652,10.402
2018-10-11 10:00:00,15.452,32.30633,1.189855,0.346,0.368,0.333,12.702,8.902,10.402
2018-10-11 11:00:00,14.952,32.635727,1.1466699,0.345,0.367,0.333,12.452,9.102,10.402
2018-10-11 12:00:00,13.952,33.6817,1.0582838,0.345,0.367,0.333,11.852,9.252,10.402
2018-10-11 13:00:00,13.052,35.191322,0.9753852,0.345,0.367,0.333,11.252,9.352,10.402
2018-10-11 14:00:00,12.752,36.28735,0.94027203,0.344,0.367,0.333,10.852,9.452,10.402
2018-10-11 15:00:00,12.702,37.35542,0.9214903,0.344,0.367,0.333,10.702,9.552,10.402
2018-10-11 16:00:00,12.552,38.002308,0.90305877,0.344,0.367,0.333,10.602,9.602,10.402
2018-10-11 17:00:00,12.402,38.51915,0.8867648,0.344,0.367,0.333,10.502,9.652,10.402
2018-10-11 18:00:00,12.202,39.02863,0.8679419,0.344,0.367,0.333,10.402,9.702,10.402
2018-10-11 19:00:00,11.702,39.45691,0.83392906,0.344,0.367,0.333,10.252,9.752,10.402
2018-10-11 20:00:00,11.402,40.543827,0.80288774,0.344,0.367,0.333,10.102,9.752,10.402
2018-10-11 21:00:00,11.152,41.524487,0.77668345,0.343,0.367,0.333,10.002,9.802,10.402
2018-10-11 22:00:00,10.452,45.788975,0.6873161,0.344,0.367,0.333,9.802,9.802,10.352
2018-10-11 23:00:00,9.302,54.544353,0.53360987,0.344,0.367,0.333,9.402,9.802,10.352
2018-10-12 00:00:00,8.152,66.82726,0.36030895,0.346,0.367,0.333,8.952,9.752,10.352
2018-10-12 01:00:00,7.152,80.387634,0.19898766,0.349,0.367,0.333,8.552,9.702,10.352
2018-10-12 02:00:00,6.502,89.51421,0.10174912,0.357,0.367,0.333,8.202,9.652,10.352
2018-10-12 03:00:00,6.402,91.078766,0.08597374,0.368,0.367,0.333,8.002,9.552,10.352
2018-10-12 04:00:00,6.302,92.34842,0.073231876,0.379,0.367,0.333,7.902,9.502,10.352
2018-10-12 05:00:00,6.252,92.989876,0.06686199,0.39,0.367,0.333,7.852,9.402,10.352
2018-10-12 06:00:00,6.402,91.714584,0.0798462,0.399,0.367,0.333,8.002,9.352,10.352
2018-10-12 07:00:00,6.252,92.02475,0.07606739,0.408,0.367,0.333,8.002,9.302,10.352
2018-10-12 08:00:00,6.252,92.02475,0.07606739,0.414,0.367,0.333,8.102,9.252,10.352
2018-10-12 09:00:00,6.252,88.87132,0.106144905,0.416,0.367,0.333,8.152,9.202,10.352
2018-10-12 10:00:00,6.102,81.95869,0.17030716,0.417,0.367,0.333,8.002,9.202,10.352
2018-10-12 11:00:00,5.902,76.861244,0.21542954,0.417,0.367,0.333,7.802,9.102,10.352
2018-10-12 12:00:00,5.202,74.039635,0.23024994,0.417,0.368,0.333,7.352,9.052,10.352
2018-10-12 13:00:00,4.402,74.162415,0.21672326,0.417,0.368,0.333,6.752,8.952,10.302
2018-10-12 14:00:00,3.852,74.06275,0.20932555,0.416,0.368,0.333,6.252,8.802,10.302
2018-10-12 15:00:00,3.4520001,73.45179,0.2083047,0.416,0.368,0.333,5.852,8.702,10.302
2018-10-12 16:00:00,3.052,73.6467,0.20101333,0.415,0.368,0.333,5.552,8.552,10.302
2018-10-12 17:00:00,2.502,75.46045,0.18001813,0.415,0.368,0.333,5.152,8.402,10.302
2018-10-12 18:00:00,2.152,77.07989,0.16400129,0.415,0.368,0.333,4.902,8.252,10.302
2018-10-12 19:00:00,1.602,79.289314,0.14248174,0.414,0.368,0.333,4.602,8.102,10.302
2018-10-12 20:00:00,1.202,81.8962,0.1210255,0.414,0.368,0.333,4.302,7.902,10.252
2018-10-12 21:00:00,1.052,83.39366,0.1098246,0.414,0.369,0.333,4.102,7.752,10.252
2018-10-12 22:00:00,1.052,83.39366,0.1098246,0.413,0.369,0.333,4.052,7.602,10.252
2018-10-12 23:00:00,0.902,83.37493,0.10876739,0.413,0.369,0.333,3.902,7.452,10.252
2018-10-13 00:00:00,0.652,83.65102,0.10505003,0.412,0.369,0.333,3.7020001,7.302,10.202
2018-10-13 01:00:00,0.502,83.0182,0.10793972,0.412,0.369,0.333,3.602,7.152,10.202
2018-10-13 02:00:00,0.402,83.62017,0.10336357,0.412,0.369,0.333,3.502,7.002,10.202
2018-10-13 03:00:00,0.552,81.80834,0.11604762,0.411,0.369,0.333,3.7020001,6.902,10.202
2018-10-13 04:00:00,0.902,78.30937,0.141904,0.411,0.369,0.333,4.302,6.802,10.152
2018-10-13 05:00:00,1.5020001,70.15668,0.2038331,0.411,0.369,0.333,5.102,6.752,10.152
2018-10-13 06:00:00,2.2020001,63.331856,0.26328665,0.41,0.369,0.333,5.652,6.752,10.152
2018-10-13 07:00:00,2.552,66.56508,0.24613369,0.411,0.369,0.333,6.102,6.752,10.102
2018-10-13 08:00:00,2.402,68.28578,0.23099175,0.411,0.369,0.333,5.802,6.752,10.102
2018-10-13 09:00:00,2.152,70.289795,0.21257836,0.411,0.369,0.333,5.502,6.752,10.102
2018-10-13 10:00:00,2.002,73.9962,0.18408227,0.411,0.369,0.333,5.302,6.702,10.102
2018-10-13 11:00:00,2.052,75.10468,0.17686647,0.411,0.37,0.333,5.102,6.702,10.052
2018-10-13 12:00:00,1.352,77.23214,0.15384966,0.411,0.37,0.333,4.602,6.652,10.052
2018-10-13 13:00:00,0.752,75.71371,0.1571734,0.411,0.37,0.333,3.9520001,6.552,10.052
2018-10-13 14:00:00,0.202,73.11289,0.16721684,0.411,0.37,0.333,3.352,6.452,10.002
2018-10-13 15:00:00,-0.29799998,72.19696,0.16674465,0.41,0.37,0.333,2.902,6.302,10.002
2018-10-13 16:00:00,-0.898,72.90283,0.15555021,0.41,0.37,0.333,2.402,6.152,10.002
2018-10-13 17:00:00,-1.448,73.35238,0.1469234,0.41,0.37,0.333,1.9020001,6.002,9.952
2018-10-13 18:00:00,-1.948,72.978226,0.14359853,0.41,0.37,0.333,1.4020001,5.802,9.952
2018-10-13 19:00:00,-2.898,72.794586,0.13474497,0.409,0.37,0.333,0.902,5.602,9.952
2018-10-13 20:00:00,-3.098,73.31843,0.13019747,0.409,0.37,0.333,0.752,5.452,9.902
2018-10-13 21:00:00,-3.098,74.45548,0.12465069,0.409,0.37,0.333,0.70199996,5.252,9.902
2018-10-13 22:00:00,-2.948,76.50897,0.11592099,0.408,0.37,0.333,0.652,5.102,9.852
2018-10-13 23:00:00,-2.7979999,79.20875,0.10375267,0.408,0.37,0.333,0.652,4.902,9.852
2018-10-14 00:00:00,-2.648,80.44563,0.09867519,0.408,0.371,0.333,0.652,4.752,9.852
2018-10-14 01:00:00,-2.648,81.98599,0.09090367,0.408,0.371,0.333,0.602,4.602,9.802
2018-10-14 02:00:00,-2.698,84.180466,0.0795356,0.408,0.371,0.333,0.602,4.502,9.802
2018-10-14 03:00:00,-2.0479999,83.000404,0.089683086,0.407,0.371,0.333,0.652,4.352,9.752
2018-10-14 04:00:00,-1.148,77.68882,0.12575832,0.407,0.371,0.333,0.752,4.252,9.752
2018-10-14 05:00:00,0.052,71.45438,0.17560807,0.407,0.371,0.333,0.902,4.152,9.702
2018-10-14 06:00:00,1.002,61.15875,0.25590765,0.406,0.371,0.333,1.352,4.102,9.702
2018-10-14 07:00:00,1.7520001,55.578236,0.30884752,0.406,0.371,0.333,2.602,4.102,9.652
2018-10-14 08:00:00,2.4520001,55.556244,0.3248278,0.405,0.371,0.333,3.502,4.152,9.652
2018-10-14 09:00:00,2.802,55.440445,0.33387384,0.405,0.371,0.333,4.052,4.252,9.602
2018-10-14 10:00:00,2.752,56.272736,0.32647994,0.405,0.371,0.333,4.202,4.302,9.602
2018-10-14 11:00:00,2.252,58.972794,0.29562655,0.404,0.371,0.333,3.9520001,4.352,9.552
2018-10-14 12:00:00,0.902,65.94489,0.22277358,0.404,0.371,0.333,3.252,4.402,9.552
2018-10-14 13:00:00,-0.49800003,74.36742,0.15150687,0.404,0.371,0.333,2.402,4.352,9.552
2018-10-14 14:00:00,-1.198,78.85906,0.118727386,0.404,0.371,0.333,1.7520001,4.302,9.502
2018-10-14 15:00:00,-1.5979999,81.51332,0.100817025,0.404,0.371,0.333,1.2520001,4.252,9.502
2018-10-14 16:00:00,-1.5979999,81.51332,0.100817025,0.404,0.371,0.333,1.002,4.152,9.452
2018-10-14 17:00:00,-1.798,82.72112,0.09285343,0.403,0.371,0.333,0.852,4.052,9.452
2018-10-14 18:00:00,-2.198,84.8772,0.078903556,0.403,0.371,0.333,0.752,3.9520001,9.402
2018-10-14 19:00:00,-2.2979999,84.86558,0.078382105,0.403,0.371,0.333,0.70199996,3.852,9.402
2018-10-14 20:00:00,-2.398,86.465675,0.069578946,0.403,0.371,0.333,0.652,3.802,9.352
2018-10-14 21:00:00,-2.648,87.75067,0.061816752,0.403,0.371,0.333,0.602,3.7020001,9.352
2018-10-14 22:00:00,-2.7979999,88.39927,0.057895213,0.403,0.371,0.333,0.502,3.602,9.302
2018-10-14 23:00:00,-2.848,88.72799,0.05604613,0.402,0.371,0.333,0.502,3.552,9.302
2018-10-15 00:00:00,-2.898,88.39016,0.05751136,0.402,0.371,0.333,0.45200002,3.4520001,9.252
2018-10-15 01:00:00,-3.098,88.705795,0.055121034,0.402,0.371,0.333,0.402,3.402,9.252
2018-10-15 02:00:00,-3.2979999,88.68798,0.05439046,0.402,0.371,0.333,0.352,3.302,9.202
2018-10-15 03:00:00,-2.748,86.10356,0.069609076,0.402,0.372,0.333,0.352,3.252,9.202
2018-10-15 04:00:00,-1.148,76.52646,0.13230869,0.401,0.372,0.333,0.402,3.2020001,9.152
2018-10-15 05:00:00,0.402,67.85263,0.20283937,0.401,0.372,0.333,0.552,3.152,9.152
2018-10-15 06:00:00,1.852,60.450268,0.27696192,0.401,0.372,0.333,0.752,3.102,9.102
2018-10-15 07:00:00,2.352,59.6701,0.29268146,0.4,0.372,0.333,1.102,3.102,9.102
2018-10-15 08:00:00,3.002,55.704716,0.33663344,0.4,0.371,0.333,2.252,3.152,9.052
2018-10-15 09:00:00,3.302,53.514023,0.36085233,0.399,0.371,0.333,3.102,3.2020001,9.052
2018-10-15 10:00:00,3.302,53.109997,0.36398727,0.399,0.371,0.333,3.552,3.302,9.002
2018-10-15 11:00:00,2.602,57.306553,0.31538653,0.399,0.371,0.333,3.402,3.402,9.002
2018-10-15 12:00:00,1.1520001,65.260216,0.23137814,0.398,0.371,0.333,2.752,3.4520001,9.002
2018-10-15 13:00:00,0.0020000003,73.07486,0.16504127,0.398,0.371,0.333,2.052,3.4520001,8.952
2018-10-15 14:00:00,-0.49800003,77.794624,0.13125342,0.398,0.371,0.333,1.552,3.4520001,8.952
2018-10-15 15:00:00,-0.748,81.023384,0.11014339,0.398,0.372,0.333,1.2520001,3.402,8.902
2018-10-15 16:00:00,-0.79800004,82.851204,0.09917283,0.398,0.372,0.333,1.1520001,3.402,8.902
2018-10-15 17:00:00,-0.748,83.78856,0.094095826,0.398,0.372,0.333,1.1520001,3.352,8.852
2018-10-15 18:00:00,-0.698,83.7947,0.09440425,0.397,0.372,0.333,1.1520001,3.302,8.852
2018-10-15 19:00:00,-0.348,83.83763,0.096588016,0.397,0.372,0.333,1.202,3.302,8.802
2018-10-15 20:00:00,-0.448,84.7636,0.09039408,0.397,0.372,0.333,1.202,3.252,8.802
2018-10-15 21:00:00,-0.49800003,86.0237,0.08261722,0.397,0.372,0.333,1.202,3.252,8.752
2018-10-15 22:00:00,-0.598,87.29654,0.074548185,0.397,0.372,0.333,1.1520001,3.2020001,8.752
2018-10-15 23:00:00,-0.698,87.93532,0.07028502,0.397,0.372,0.333,1.102,3.2020001,8.752
2018-10-16 00:00:00,-0.79800004,88.2521,0.067941606,0.397,0.372,0.333,1.052,3.152,8.702
2018-10-16 01:00:00,-0.79800004,87.92595,0.069827616,0.396,0.372,0.333,1.002,3.152,8.702
2018-10-16 02:00:00,-0.898,87.91658,0.06937283,0.396,0.372,0.333,1.002,3.102,8.652
2018-10-16 03:00:00,-0.79800004,87.27688,0.0735811,0.396,0.372,0.333,1.002,3.102,8.652
2018-10-16 04:00:00,-0.898,89.228546,0.06184113,0.396,0.372,0.333,1.102,3.052,8.602
2018-10-16 05:00:00,-0.398,84.76941,0.09068942,0.396,0.372,0.333,1.452,3.052,8.602
2018-10-16 06:00:00,0.302,80.27387,0.12357974,0.396,0.372,0.333,2.002,3.102,8.552
2018-10-16 07:00:00,0.402,81.1852,0.118727446,0.395,0.372,0.333,2.252,3.152,8.552
2018-10-16 08:00:00,1.002,76.60476,0.15416044,0.395,0.372,0.333,2.602,3.2020001,8.552
2018-10-16 09:00:00,1.552,72.286606,0.18996799,0.395,0.372,0.333,2.9520001,3.252,8.502
2018-10-16 10:00:00,1.852,70.75227,0.204835,0.395,0.372,0.333,3.252,3.302,8.502
2018-10-16 11:00:00,1.4020001,73.33946,0.18079683,0.395,0.372,0.333,3.052,3.402,8.452
2018-10-16 12:00:00,0.652,76.54565,0.15069866,0.395,0.372,0.333,2.602,3.402,8.452
2018-10-16 13:00:00,-0.29799998,79.88776,0.12062782,0.395,0.372,0.333,1.952,3.402,8.452
2018-10-16 14:00:00,-0.948,81.603226,0.105228215,0.395,0.372,0.333,1.452,3.402,8.402
2018-10-16 15:00:00,-1.5979999,82.74725,0.09408873,0.394,0.372,0.333,0.902,3.352,8.402
2018-10-16 16:00:00,-2.448,84.84813,0.07760543,0.394,0.372,0.333,0.70199996,3.302,8.352
2018-10-16 17:00:00,-3.198,86.054985,0.06755099,0.394,0.372,0.333,0.602,3.2020001,8.352
2018-10-16 18:00:00,-3.948,86.63083,0.06122744,0.394,0.372,0.333,0.502,3.152,8.352
2018-10-16 19:00:00,-4.548,87.56676,0.054427624,0.394,0.372,0.333,0.45200002,3.102,8.302
2018-10-16 20:00:00,-5.548,88.14485,0.0481098,0.394,0.372,0.333,0.352,3.002,8.302
2018-10-16 21:00:00,-6.598,89.07711,0.04090777,0.394,0.372,0.333,0.252,2.9520001,8.252
2018-10-16 22:00:00,-7.298,89.713,0.03650406,0.394,0.372,0.333,0.202,2.902,8.252
2018-10-16 23:00:00,-7.848,90.72689,0.031534284,0.394,0.372,0.333,0.15200001,2.802,8.252
2018-10-17 00:00:00,-8.448,91.39748,0.027919292,0.394,0.372,0.333,0.052,2.752,8.202
2018-10-17 01:00:00,-8.798,91.37284,0.027243644,0.393,0.372,0.333,0.0020000003,2.7020001,8.202
2018-10-17 02:00:00,-8.048,88.60041,0.038166672,0.393,0.372,0.333,-0.048,2.602,8.152
2018-10-17 03:00:00,-6.498,83.058716,0.06393126,0.393,0.372,0.333,-0.048,2.552,8.152
2018-10-17 04:00:00,-4.298,75.98041,0.10713336,0.393,0.372,0.333,0.0020000003,2.502,8.102
2018-10-17 05:00:00,-1.9979999,68.10424,0.16886571,0.393,0.372,0.333,0.052,2.4520001,8.102
2018-10-17 06:00:00,-0.29799998,62.249058,0.2263825,0.393,0.372,0.333,0.15200001,2.402,8.102
2018-10-17 07:00:00,0.802,61.81019,0.2480163,0.393,0.372,0.333,0.252,2.352,8.052
2018-10-17 08:00:00,1.202,63.57058,0.24350181,0.392,0.372,0.333,0.402,2.352,8.052
2018-10-17 09:00:00,0.70199996,70.78369,0.18839091,0.392,0.372,0.333,0.45200002,2.352,8.002
2018-10-17 10:00:00,0.352,76.21023,0.1495738,0.392,0.372,0.333,0.45200002,2.302,8.002
2018-10-17 11:00:00,0.102,80.54318,0.120138735,0.392,0.372,0.333,0.502,2.302,7.952
2018-10-17 12:00:00,-0.098000005,84.179146,0.096282184,0.392,0.372,0.333,0.502,2.302,7.952
2018-10-17 13:00:00,-0.24800001,86.68857,0.08013308,0.392,0.372,0.333,0.552,2.302,7.902
2018-10-17 14:00:00,-0.198,87.98201,0.072610855,0.392,0.372,0.333,0.552,2.302,7.902
2018-10-17 15:00:00,-0.098000005,89.29565,0.06514627,0.392,0.372,0.333,0.552,2.302,7.902
2018-10-17 16:00:00,0.0020000003,90.95729,0.05543518,0.392,0.372,0.333,0.602,2.252,7.852
2018-10-17 17:00:00,0.202,91.63939,0.05200267,0.391,0.372,0.333,0.602,2.252,7.852
2018-10-17 18:00:00,0.402,92.32377,0.048442423,0.391,0.372,0.333,0.652,2.252,7.802
2018-10-17 19:00:00,1.002,93.7094,0.04145485,0.391,0.372,0.333,0.70199996,2.252,7.802
2018-10-17 20:00:00,1.702,94.082466,0.041005492,0.396,0.372,0.333,0.752,2.252,7.752
2018-10-17 21:00:00,2.652,93.791084,0.04603851,0.403,0.372,0.333,0.902,2.302,7.752
2018-10-17 22:00:00,3.502,93.16851,0.053793967,0.413,0.372,0.333,1.102,2.302,7.752
2018-10-17 23:00:00,4.002,93.19523,0.05550176,0.424,0.373,0.333,1.602,2.352,7.702
2018-10-18 00:00:00,4.252,94.533195,0.045377433,0.439,0.373,0.333,2.102,2.402,7.702
2018-10-18 01:00:00,4.402,95.879395,0.034564257,0.462,0.373,0.333,2.4520001,2.502,7.652
2018-10-18 02:00:00,3.7020001,97.90883,0.016700447,0.485,0.374,0.333,2.552,2.552,7.652
2018-10-18 03:00:00,1.802,98.93324,0.0074453354,0.494,0.376,0.333,2.302,2.652,7.652
2018-10-18 04:00:00,1.1520001,96.46481,0.023549676,0.489,0.379,0.333,2.052,2.7020001,7.602
2018-10-18 05:00:00,1.6520001,88.472885,0.07958996,0.485,0.381,0.333,2.302,2.752,7.602
2018-10-18 06:00:00,1.852,84.1037,0.11133695,0.483,0.382,0.333,2.552,2.802,7.602
2018-10-18 07:00:00,2.052,77.34687,0.16093904,0.48,0.384,0.333,2.902,2.852,7.552
2018-10-18 08:00:00,2.352,74.0603,0.18826818,0.479,0.385,0.333,3.2020001,2.9520001,7.552
2018-10-18 09:00:00,2.502,70.88311,0.2135914,0.477,0.386,0.333,3.4520001,3.052,7.552
2018-10-18 10:00:00,2.602,69.60535,0.22455323,0.474,0.387,0.333,3.502,3.152,7.502
2018-10-18 11:00:00,2.2020001,72.412056,0.19810098,0.472,0.388,0.333,3.352,3.252,7.502
2018-10-18 12:00:00,1.5020001,74.73005,0.17260188,0.469,0.389,0.333,2.852,3.252,7.502
2018-10-18 13:00:00,0.652,77.11658,0.14703089,0.467,0.39,0.333,2.2020001,3.302,7.452
2018-10-18 14:00:00,0.402,77.65071,0.14102787,0.465,0.391,0.333,1.852,3.252,7.452
2018-10-18 15:00:00,0.352,77.35422,0.14238238,0.463,0.391,0.333,1.702,3.252,7.452
2018-10-18 16:00:00,0.052,78.75897,0.13067904,0.461,0.392,0.333,1.5020001,3.2020001,7.452
2018-10-18 17:00:00,-0.29799998,80.18607,0.11883888,0.46,0.392,0.333,1.302,3.152,7.402
2018-10-18 18:00:00,-0.448,80.76421,0.11411834,0.458,0.393,0.333,1.1520001,3.152,7.402
2018-10-18 19:00:00,-0.948,82.83178,0.09820196,0.457,0.393,0.333,0.95199996,3.052,7.402
2018-10-18 20:00:00,-1.148,82.49675,0.09866214,0.455,0.393,0.333,0.902,3.002,7.352
2018-10-18 21:00:00,-1.3479999,83.09037,0.09392807,0.454,0.394,0.333,0.852,2.9520001,7.352
2018-10-18 22:00:00,-1.448,83.38934,0.09159231,0.453,0.394,0.333,0.852,2.902,7.352
2018-10-18 23:00:00,-1.5979999,83.99776,0.08726999,0.452,0.394,0.333,0.802,2.852,7.302
2018-10-19 00:00:00,-1.698,84.61752,0.08327517,0.451,0.395,0.333,0.752,2.852,7.302
2018-10-19 01:00:00,-1.698,83.98555,0.08669591,0.45,0.395,0.334,0.752,2.802,7.302
2018-10-19 02:00:00,-1.698,83.67116,0.08839777,0.449,0.395,0.334,0.70199996,2.752,7.302
2018-10-19 03:00:00,-1.548,82.753784,0.09439978,0.448,0.396,0.334,0.70199996,2.7020001,7.252
2018-10-19 04:00:00,-1.048,78.88243,0.1199072,0.447,0.396,0.334,0.752,2.652,7.252
2018-10-19 05:00:00,-0.54800004,76.34138,0.13933286,0.446,0.396,0.334,0.852,2.652,7.252
2018-10-19 06:00:00,-0.148,74.431404,0.15502924,0.445,0.396,0.334,0.95199996,2.602,7.202
2018-10-19 07:00:00,0.252,73.67237,0.16433245,0.445,0.396,0.334,1.1520001,2.602,7.202
2018-10-19 08:00:00,0.602,70.76342,0.18716517,0.444,0.397,0.334,1.7520001,2.652,7.202
2018-10-19 09:00:00,0.652,71.03939,0.18606967,0.443,0.397,0.334,2.102,2.652,7.152
2018-10-19 10:00:00,0.402,73.15084,0.16941717,0.442,0.397,0.334,2.102,2.7020001,7.152
2018-10-19 11:00:00,0.102,75.036674,0.15413317,0.441,0.397,0.334,1.952,2.752,7.152
2018-10-19 12:00:00,-0.398,76.36704,0.14071184,0.441,0.397,0.334,1.6520001,2.752,7.102
2018-10-19 13:00:00,-0.948,76.84931,0.13241509,0.44,0.397,0.334,1.202,2.7020001,7.102
2018-10-19 14:00:00,-1.4979999,77.04714,0.12609231,0.44,0.398,0.334,0.70199996,2.7020001,7.102
2018-10-19 15:00:00,-1.948,78.14764,0.11613354,0.439,0.398,0.334,0.652,2.652,7.052
2018-10-19 16:00:00,-2.198,79.60229,0.10642037,0.439,0.398,0.334,0.552,2.602,7.052
2018-10-19 17:00:00,-1.9979999,82.074234,0.09491831,0.438,0.398,0.334,0.552,2.552,7.052
2018-10-19 18:00:00,-1.8479999,85.877815,0.075612724,0.437,0.398,0.334,0.552,2.502,7.052
2018-10-19 19:00:00,-0.698,91.242966,0.051016748,0.437,0.398,0.334,0.552,2.4520001,7.002
2018-10-19 20:00:00,-0.098000005,93.31221,0.04070252,0.437,0.398,0.334,0.602,2.4520001,7.002
2018-10-19 21:00:00,0.202,95.04448,0.030823708,0.436,0.399,0.334,0.652,2.402,7.002
2018-10-19 22:00:00,0.45200002,95.747375,0.026934743,0.436,0.399,0.334,0.70199996,2.402,6.952
2018-10-19 23:00:00,0.552,96.797806,0.020428836,0.436,0.399,0.334,0.70199996,2.352,6.952
2018-10-20 00:00:00,0.752,96.45341,0.02295494,0.435,0.399,0.334,0.752,2.352,6.952
2018-10-20 01:00:00,0.902,96.80684,0.020892143,0.436,0.399,0.334,0.802,2.352,6.902
2018-10-20 02:00:00,0.95199996,97.158264,0.01865989,0.436,0.399,0.334,0.852,2.352,6.902
2018-10-20 03:00:00,1.302,96.12214,0.026112318,0.437,0.399,0.334,0.95199996,2.302,6.902
2018-10-20 04:00:00,1.952,94.43284,0.039273262,0.439,0.399,0.334,1.2520001,2.352,6.852
2018-10-20 05:00:00,2.902,91.48691,0.064252496,0.444,0.4,0.334,1.952,2.402,6.852
2018-10-20 06:00:00,3.602,89.91812,0.07994974,0.45,0.4,0.334,2.752,2.4520001,6.852
2018-10-20 07:00:00,4.502,87.78335,0.10319406,0.457,0.4,0.334,3.652,2.602,6.852
2018-10-20 08:00:00,5.002,87.210815,0.11186528,0.463,0.4,0.334,4.052,2.752,6.802
2018-10-20 09:00:00,6.852,81.19714,0.18689418,0.469,0.401,0.334,4.802,2.902,6.802
2018-10-20 10:00:00,7.302,80.4088,0.20082211,0.475,0.402,0.334,5.152,3.102,6.802
2018-10-20 11:00:00,7.202,81.8158,0.18512923,0.478,0.402,0.334,5.202,3.252,6.802
2018-10-20 12:00:00,6.302,85.51867,0.13859934,0.479,0.403,0.334,4.752,3.402,6.752
2018-10-20 13:00:00,6.052,85.19164,0.13930702,0.48,0.404,0.334,4.452,3.502,6.752
2018-10-20 14:00:00,5.952,82.81202,0.16058022,0.481,0.405,0.334,4.302,3.602,6.752
2018-10-20 15:00:00,5.852,79.91885,0.18631732,0.482,0.406,0.334,4.152,3.7020001,6.752
2018-10-20 16:00:00,5.752,77.11117,0.21090323,0.482,0.408,0.334,4.102,3.752,6.752
2018-10-20 17:00:00,5.752,74.67159,0.23338145,0.482,0.409,0.334,4.052,3.802,6.752
2018-10-20 18:00:00,6.002,71.83114,0.26407838,0.482,0.41,0.334,4.102,3.852,6.702
2018-10-20 19:00:00,6.702,69.68787,0.2982064,0.482,0.411,0.334,4.302,3.9520001,6.702
2018-10-20 20:00:00,7.002,66.57645,0.33565152,0.482,0.412,0.334,4.402,4.002,6.702
2018-10-20 21:00:00,6.902,64.899,0.35008848,0.481,0.413,0.334,4.452,4.052,6.702
2018-10-20 22:00:00,6.602,63.899883,0.3527125,0.481,0.414,0.334,4.402,4.152,6.702
2018-10-20 23:00:00,6.052,63.079784,0.34731114,0.479,0.415,0.334,4.252,4.152,6.702
2018-10-21 00:00:00,5.552,61.368835,0.35104573,0.477,0.415,0.334,4.052,4.202,6.702
2018-10-21 01:00:00,5.402,58.037514,0.37736392,0.476,0.416,0.334,4.002,4.252,6.702
2018-10-21 02:00:00,5.002,55.822723,0.38637677,0.474,0.417,0.334,3.902,4.252,6.652
2018-10-21 03:00:00,5.052,52.995495,0.41253018,0.472,0.417,0.334,3.902,4.252,6.652
2018-10-21 04:00:00,5.752,49.360786,0.46655393,0.471,0.418,0.334,4.352,4.302,6.652
2018-10-21 05:00:00,6.352,47.893314,0.5003831,0.471,0.418,0.334,4.852,4.352,6.652
2018-10-21 06:00:00,6.902,44.921906,0.549289,0.47,0.419,0.334,5.352,4.452,6.652
2018-10-21 07:00:00,6.752,48.188198,0.51143324,0.47,0.419,0.334,5.452,4.552,6.652
2018-10-21 08:00:00,6.402,52.193974,0.46068007,0.471,0.42,0.334,5.452,4.652,6.652
2018-10-21 09:00:00,5.552,63.42295,0.33238244,0.472,0.42,0.334,5.252,4.702,6.652
2018-10-21 10:00:00,4.852,75.3215,0.21361196,0.472,0.421,0.334,4.952,4.752,6.652
2018-10-21 11:00:00,4.802,78.3499,0.18674779,0.472,0.421,0.334,4.852,4.752,6.652
2018-10-21 12:00:00,4.452,81.73956,0.15370643,0.471,0.422,0.334,4.602,4.802,6.652
2018-10-21 13:00:00,3.552,87.38169,0.0997116,0.47,0.422,0.334,4.102,4.802,6.652
2018-10-21 14:00:00,3.002,90.84157,0.06961429,0.469,0.422,0.334,3.7020001,4.752,6.652
2018-10-21 15:00:00,2.802,92.46747,0.056450248,0.467,0.423,0.334,3.4520001,4.702,6.652
2018-10-21 16:00:00,2.4520001,93.1119,0.050353944,0.466,0.423,0.334,3.152,4.652,6.652
2018-10-21 17:00:00,2.4520001,93.1119,0.050353944,0.466,0.423,0.334,3.052,4.602,6.602
2018-10-21 18:00:00,2.4520001,93.44605,0.047911227,0.465,0.424,0.334,2.9520001,4.552,6.602
2018-10-21 19:00:00,2.152,93.430504,0.047009885,0.464,0.424,0.334,2.802,4.452,6.602
2018-10-21 20:00:00,1.702,93.4071,0.04568535,0.463,0.424,0.334,2.652,4.402,6.602
2018-10-21 21:00:00,1.102,93.375694,0.043969154,0.462,0.425,0.334,2.352,4.352,6.602
2018-10-21 22:00:00,0.752,93.018745,0.04518479,0.461,0.425,0.334,2.2020001,4.252,6.602
2018-10-21 23:00:00,0.802,88.720406,0.07326734,0.46,0.425,0.334,2.152,4.152,6.602
2018-10-22 00:00:00,0.752,84.90195,0.09771544,0.459,0.425,0.334,2.152,4.102,6.602
2018-10-22 01:00:00,0.602,81.21315,0.12027764,0.458,0.425,0.334,2.102,4.052,6.602
2018-10-22 02:00:00,0.402,79.4005,0.12998796,0.457,0.425,0.335,1.952,3.9520001,6.602
2018-10-22 03:00:00,0.552,77.67507,0.14241058,0.457,0.426,0.335,2.002,3.902,6.552
2018-10-22 04:00:00,0.802,66.672455,0.21644944,0.456,0.426,0.335,2.152,3.852,6.552
2018-10-22 05:00:00,1.002,59.5508,0.26649714,0.455,0.426,0.335,2.402,3.802,6.552
2018-10-22 06:00:00,1.352,56.32546,0.29507095,0.454,0.426,0.335,2.752,3.802,6.552
2018-10-22 07:00:00,1.7520001,56.864536,0.29990852,0.454,0.426,0.335,3.152,3.802,6.552
2018-10-22 08:00:00,1.9020001,54.776237,0.3178122,0.453,0.426,0.335,3.302,3.802,6.552
2018-10-22 09:00:00,1.9020001,53.124928,0.32941067,0.453,0.426,0.335,3.352,3.802,6.552
2018-10-22 10:00:00,1.6520001,51.84483,0.33240107,0.452,0.426,0.335,3.152,3.852,6.552
2018-10-22 11:00:00,1.352,50.96586,0.33125922,0.451,0.426,0.335,2.9520001,3.802,6.502
2018-10-22 12:00:00,0.95199996,51.24709,0.3200184,0.451,0.426,0.335,2.602,3.802,6.502
2018-10-22 13:00:00,0.602,51.94787,0.30755454,0.45,0.426,0.335,2.252,3.752,6.502
2018-10-22 14:00:00,0.202,53.471703,0.28930807,0.45,0.426,0.335,1.9020001,3.7020001,6.502
2018-10-22 15:00:00,-0.24800001,55.46063,0.26804152,0.449,0.426,0.335,1.552,3.602,6.502
2018-10-22 16:00:00,-0.698,57.30766,0.24863836,0.449,0.426,0.335,1.2520001,3.552,6.502
2018-10-22 17:00:00,-1.0979999,58.778515,0.23315138,0.448,0.426,0.335,1.002,3.4520001,6.502
2018-10-22 18:00:00,-1.4979999,60.52741,0.2168029,0.448,0.426,0.335,0.802,3.352,6.452
2018-10-22 19:00:00,-1.798,60.215897,0.21373826,0.447,0.426,0.335,0.752,3.252,6.452
2018-10-22 20:00:00,-2.098,62.284836,0.19819024,0.447,0.426,0.335,0.652,3.152,6.452
2018-10-22 21:00:00,-2.248,64.71364,0.18338734,0.446,0.426,0.335,0.602,3.052,6.452
2018-10-22 22:00:00,-2.498,65.92126,0.17386359,0.446,0.426,0.335,0.552,3.002,6.452
2018-10-22 23:00:00,-2.998,70.8369,0.1433663,0.446,0.427,0.335,0.45200002,2.902,6.402
2018-10-23 00:00:00,-3.0479999,69.20152,0.15083975,0.445,0.427,0.335,0.402,2.802,6.402
2018-10-23 01:00:00,-3.5479999,71.55113,0.13423017,0.445,0.427,0.335,0.352,2.752,6.402
2018-10-23 02:00:00,-3.898,74.30723,0.11809203,0.445,0.427,0.335,0.252,2.652,6.402
2018-10-23 03:00:00,-3.498,74.66891,0.11997232,0.444,0.427,0.335,0.202,2.552,6.352
2018-10-23 04:00:00,-1.648,63.861523,0.19632,0.444,0.427,0.335,0.252,2.502,6.352
2018-10-23 05:00:00,-0.49800003,57.361107,0.25197917,0.444,0.427,0.335,0.352,2.4520001,6.352
2018-10-23 06:00:00,0.352,54.34932,0.28695682,0.443,0.426,0.335,0.45200002,2.402,6.352
2018-10-23 07:00:00,0.752,55.519337,0.2878101,0.442,0.426,0.335,0.552,2.352,6.352
2018-10-23 08:00:00,1.452,53.203274,0.31843072,0.442,0.426,0.335,0.70199996,2.302,6.302
2018-10-23 09:00:00,1.9020001,51.518047,0.34069633,0.441,0.426,0.335,0.852,2.302,6.302
2018-10-23 10:00:00,2.102,50.593235,0.3521867,0.441,0.426,0.335,1.002,2.302,6.302
2018-10-23 11:00:00,1.552,53.43612,0.31912795,0.44,0.426,0.335,1.1520001,2.302,6.302
2018-10-23 12:00:00,0.402,57.82238,0.26609868,0.44,0.426,0.335,0.852,2.252,6.252
2018-10-23 13:00:00,-0.398,61.748646,0.22771731,0.44,0.426,0.335,0.70199996,2.252,6.252
2018-10-23 14:00:00,-0.848,64.2993,0.20567039,0.439,0.426,0.335,0.652,2.2020001,6.252
2018-10-23 15:00:00,-1.148,66.48557,0.18888468,0.439,0.426,0.335,0.552,2.2020001,6.202
2018-10-23 16:00:00,-1.448,68.74892,0.17229635,0.439,0.426,0.335,0.502,2.152,6.202
2018-10-23 17:00:00,-1.698,70.29167,0.16080797,0.439,0.426,0.335,0.45200002,2.152,6.202
2018-10-23 18:00:00,-1.8479999,71.344154,0.1534073,0.438,0.426,0.335,0.402,2.102,6.202
2018-10-23 19:00:00,-1.8479999,70.8005,0.15631676,0.438,0.426,0.336,0.352,2.052,6.202
2018-10-23 20:00:00,-1.9979999,71.587326,0.15043133,0.438,0.426,0.336,0.302,2.052,6.152
2018-10-23 21:00:00,-2.098,72.67105,0.1436303,0.438,0.426,0.336,0.252,2.002,6.152
2018-10-23 22:00:00,-2.248,73.76175,0.13637838,0.438,0.426,0.336,0.202,1.952,6.152
2018-10-23 23:00:00,-2.348,75.1652,0.1281335,0.437,0.426,0.336,0.202,1.9020001,6.102
2018-10-24 00:00:00,-2.448,76.303246,0.12136075,0.437,0.426,0.336,0.15200001,1.9020001,6.102
2018-10-24 01:00:00,-2.5479999,77.75413,0.11309022,0.437,0.426,0.336,0.102,1.852,6.102
2018-10-24 02:00:00,-2.5479999,78.348404,0.11006987,0.437,0.426,0.336,0.052,1.802,6.102
2018-10-24 03:00:00,-1.948,76.09987,0.12701377,0.437,0.426,0.336,0.052,1.802,6.052
2018-10-24 04:00:00,-0.29799998,68.99542,0.18593976,0.436,0.425,0.336,0.102,1.7520001,6.052
2018-10-24 05:00:00,1.802,60.896286,0.27286223,0.436,0.425,0.336,0.202,1.7520001,6.052
2018-10-24 06:00:00,3.602,54.207466,0.3630771,0.436,0.425,0.336,0.352,1.702,6.052
2018-10-24 07:00:00,4.952,51.402493,0.42354488,0.436,0.425,0.336,0.502,1.702,6.002
2018-10-24 08:00:00,5.802,48.457397,0.47652054,0.436,0.425,0.336,0.70199996,1.7520001,6.002
2018-10-24 09:00:00,6.252,46.62311,0.50905496,0.437,0.425,0.336,1.002,1.7520001,6.002
2018-10-24 10:00:00,6.102,48.181194,0.48911238,0.436,0.425,0.336,1.552,1.802,5.952
2018-10-24 11:00:00,4.952,53.967575,0.40119693,0.436,0.425,0.336,1.852,1.852,5.952
2018-10-24 12:00:00,3.102,60.310688,0.30378392,0.436,0.425,0.336,1.452,1.9020001,5.952
2018-10-24 13:00:00,1.802,66.14906,0.23621944,0.436,0.424,0.336,0.902,1.9020001,5.952
2018-10-24 14:00:00,1.002,70.844406,0.19210973,0.435,0.424,0.336,0.752,1.9020001,5.952
2018-10-24 15:00:00,0.402,74.53149,0.16070703,0.435,0.424,0.336,0.602,1.9020001,5.902
2018-10-24 16:00:00,0.15200001,76.17591,0.14763474,0.435,0.424,0.336,0.552,1.9020001,5.902
2018-10-24 17:00:00,0.15200001,75.60888,0.15114787,0.435,0.424,0.336,0.502,1.9020001,5.902
2018-10-24 18:00:00,0.102,74.756355,0.15586361,0.435,0.424,0.336,0.502,1.852,5.902
2018-10-24 19:00:00,0.252,69.89837,0.18788314,0.435,0.424,0.336,0.45200002,1.852,5.852
2018-10-24 20:00:00,0.0020000003,69.58311,0.18643868,0.434,0.424,0.336,0.402,1.852,5.852
2018-10-24 21:00:00,-0.048,68.788,0.19061741,0.434,0.424,0.336,0.402,1.802,5.852
2018-10-24 22:00:00,-0.048,68.2693,0.19378424,0.434,0.424,0.336,0.352,1.802,5.852
2018-10-24 23:00:00,0.052,68.03306,0.19664928,0.434,0.424,0.336,0.352,1.802,5.802
2018-10-25 00:00:00,-0.048,69.04866,0.18902597,0.434,0.424,0.336,0.352,1.7520001,5.802
2018-10-25 01:00:00,-0.24800001,71.66431,0.17055777,0.434,0.424,0.336,0.302,1.7520001,5.802
2018-10-25 02:00:00,-0.54800004,75.770035,0.142697,0.433,0.424,0.336,0.302,1.7520001,5.802
2018-10-25 03:00:00,-0.198,77.263535,0.13736013,0.433,0.424,0.336,0.302,1.702,5.752
2018-10-25 04:00:00,1.452,73.348854,0.18138272,0.433,0.424,0.336,0.352,1.702,5.752
2018-10-25 05:00:00,3.252,67.21578,0.25361955,0.433,0.424,0.336,0.502,1.702,5.752
2018-10-25 06:00:00,4.852,62.33443,0.32601064,0.434,0.424,0.336,0.70199996,1.702,5.752
2018-10-25 07:00:00,6.302,57.63154,0.40548867,0.434,0.424,0.336,1.4020001,1.7520001,5.702
2018-10-25 08:00:00,7.052,55.54626,0.44794083,0.435,0.423,0.336,2.002,1.802,5.702
2018-10-25 09:00:00,7.802,53.3561,0.4947065,0.436,0.423,0.336,2.852,1.952,5.702
2018-10-25 10:00:00,7.752,55.1257,0.47432297,0.436,0.423,0.336,3.502,2.102,5.702
2018-10-25 11:00:00,7.052,58.24823,0.420718,0.436,0.423,0.336,3.7020001,2.2020001,5.702
2018-10-25 12:00:00,5.502,62.262352,0.3417405,0.435,0.423,0.336,3.2020001,2.302,5.652
2018-10-25 13:00:00,4.152,65.70175,0.28268588,0.435,0.423,0.336,2.602,2.402,5.652
2018-10-25 14:00:00,3.402,66.018234,0.2656815,0.435,0.423,0.336,2.2020001,2.4520001,5.652
2018-10-25 15:00:00,2.902,65.66115,0.25914472,0.435,0.423,0.336,1.852,2.4520001,5.652
2018-10-25 16:00:00,2.502,65.32612,0.25434637,0.435,0.423,0.336,1.602,2.4520001,5.652
2018-10-25 17:00:00,2.102,65.47864,0.24611488,0.434,0.423,0.337,1.4020001,2.4520001,5.652
2018-10-25 18:00:00,1.702,66.374626,0.23297274,0.434,0.423,0.337,1.2520001,2.4520001,5.602
2018-10-25 19:00:00,1.4020001,65.07264,0.23684296,0.434,0.423,0.337,1.102,2.402,5.602
2018-10-25 20:00:00,0.95199996,66.4553,0.22022772,0.434,0.423,0.337,1.002,2.402,5.602
2018-10-25 21:00:00,0.652,67.143616,0.21109262,0.434,0.423,0.337,0.902,2.352,5.602
2018-10-25 22:00:00,0.502,67.11029,0.20902854,0.433,0.423,0.337,0.802,2.302,5.602
2018-10-25 23:00:00,0.402,67.08805,0.20766222,0.433,0.423,0.337,0.70199996,2.302,5.602
2018-10-26 00:00:00,0.252,67.30886,0.20404103,0.433,0.423,0.337,0.652,2.252,5.552
2018-10-26 01:00:00,0.15200001,67.541885,0.20112374,0.433,0.423,0.337,0.602,2.2020001,5.552
2018-10-26 02:00:00,0.052,68.29098,0.1950632,0.433,0.423,0.337,0.552,2.152,5.552
2018-10-26 03:00:00,0.45200002,68.63569,0.19861728,0.432,0.423,0.337,0.552,2.102,5.552
2018-10-26 04:00:00,2.252,65.02531,0.25202724,0.432,0.423,0.337,0.652,2.102,5.552
2018-10-26 05:00:00,4.752,58.084446,0.36026525,0.432,0.423,0.337,1.1520001,2.102,5.552
2018-10-26 06:00:00,7.052,52.95607,0.4740361,0.432,0.422,0.337,1.952,2.152,5.502
2018-10-26 07:00:00,9.202,47.825565,0.6083678,0.433,0.422,0.337,3.252,2.252,5.502
2018-10-26 08:00:00,10.502,45.470406,0.69366187,0.433,0.422,0.337,4.902,2.4520001,5.502
2018-10-26 09:00:00,11.052,44.80696,0.72824425,0.434,0.422,0.337,5.902,2.7020001,5.502
2018-10-26 10:00:00,10.802,47.759186,0.67794675,0.434,0.422,0.337,6.252,2.902,5.502
2018-10-26 11:00:00,9.452,51.516354,0.5749215,0.434,0.422,0.337,5.902,3.102,5.502
2018-10-26 12:00:00,7.752,54.924995,0.47644418,0.433,0.422,0.337,5.202,3.252,5.502
2018-10-26 13:00:00,6.702,57.104507,0.4219876,0.433,0.422,0.337,4.552,3.352,5.502
2018-10-26 14:00:00,6.302,57.209953,0.40952277,0.433,0.422,0.337,4.152,3.4520001,5.502
2018-10-26 15:00:00,6.052,57.566765,0.39916426,0.433,0.421,0.337,3.902,3.502,5.502
2018-10-26 16:00:00,5.902,57.739986,0.39343572,0.433,0.421,0.337,3.7020001,3.552,5.502
2018-10-26 17:00:00,5.952,57.11868,0.4006012,0.433,0.421,0.337,3.652,3.552,5.502
2018-10-26 18:00:00,6.002,56.712418,0.4057954,0.433,0.421,0.337,3.602,3.602,5.502
2018-10-26 19:00:00,6.352,56.181133,0.4208145,0.433,0.421,0.337,3.7020001,3.652,5.502
2018-10-26 20:00:00,6.302,57.209953,0.40952277,0.433,0.421,0.337,3.7020001,3.652,5.502
2018-10-26 21:00:00,6.352,57.644474,0.40676385,0.433,0.421,0.337,3.752,3.7020001,5.502
2018-10-26 22:00:00,6.352,57.85626,0.40473032,0.433,0.421,0.337,3.802,3.752,5.452
2018-10-26 23:00:00,6.552,56.856533,0.42007315,0.433,0.421,0.337,3.9520001,3.752,5.452
2018-10-27 00:00:00,6.852,55.087154,0.44640344,0.433,0.421,0.337,4.152,3.802,5.452
2018-10-27 01:00:00,7.002,54.124393,0.4606849,0.433,0.421,0.337,4.302,3.852,5.452
2018-10-27 02:00:00,7.052,54.137917,0.4621296,0.433,0.421,0.337,4.452,3.9520001,5.452
2018-10-27 03:00:00,6.702,62.09773,0.3728721,0.438,0.421,0.337,4.552,4.002,5.502
2018-10-27 04:00:00,6.952,71.50229,0.2852068,0.441,0.421,0.337,4.802,4.052,5.502
2018-10-27 05:00:00,7.852,71.67594,0.3014359,0.442,0.421,0.337,5.202,4.152,5.502
2018-10-27 06:00:00,8.302,73.29368,0.293038,0.445,0.421,0.337,5.552,4.252,5.502
2018-10-27 07:00:00,10.052,87.68542,0.15200377,0.461,0.421,0.337,6.452,4.352,5.502
2018-10-27 08:00:00,11.302,90.79505,0.12346256,0.47,0.422,0.337,7.102,4.552,5.502
2018-10-27 09:00:00,11.852,88.43826,0.16080737,0.471,0.422,0.337,7.402,4.702,5.502
2018-10-27 10:00:00,11.852,85.81093,0.19735336,0.471,0.423,0.337,7.702,4.902,5.502
2018-10-27 11:00:00,11.352,79.87563,0.2708317,0.469,0.423,0.337,7.652,5.052,5.502
2018-10-27 12:00:00,10.702,75.526,0.3154832,0.468,0.424,0.337,7.452,5.202,5.502
2018-10-27 13:00:00,10.052,74.637794,0.31307304,0.467,0.424,0.337,7.152,5.302,5.502
2018-10-27 14:00:00,10.002,72.83997,0.334149,0.466,0.424,0.337,7.052,5.402,5.502
2018-10-27 15:00:00,9.602,76.922104,0.27641928,0.473,0.425,0.337,7.052,5.502,5.552
2018-10-27 16:00:00,9.152,84.36113,0.18173403,0.495,0.425,0.337,6.902,5.552,5.552
2018-10-27 17:00:00,8.802,91.240776,0.09941256,0.502,0.427,0.337,6.852,5.652,5.552
2018-10-27 18:00:00,8.802,92.494095,0.08518779,0.505,0.43,0.337,6.902,5.702,5.552
2018-10-27 19:00:00,8.552,92.47971,0.08392143,0.499,0.433,0.338,6.802,5.752,5.552
2018-10-27 20:00:00,8.352,92.78491,0.0794332,0.495,0.435,0.338,6.752,5.802,5.552
2018-10-27 21:00:00,8.002,93.72397,0.06747353,0.497,0.436,0.338,6.652,5.852,5.602
2018-10-27 22:00:00,7.652,94.35248,0.059287786,0.498,0.438,0.338,6.502,5.902,5.602
2018-10-27 23:00:00,8.202,89.03416,0.11950666,0.498,0.44,0.338,6.402,5.902,5.602
2018-10-28 00:00:00,7.352,94.01533,0.06155485,0.501,0.442,0.338,6.302,5.952,5.602
2018-10-28 01:00:00,5.852,97.60552,0.02221632,0.504,0.444,0.338,6.102,5.952,5.602
2018-10-28 02:00:00,3.302,97.55627,0.01897341,0.505,0.446,0.338,5.352,5.902,5.602
2018-10-28 03:00:00,1.852,99.64343,0.0024974346,0.507,0.449,0.338,4.702,5.852,5.652
2018-10-28 04:00:00,1.602,99.28654,0.004908681,0.504,0.452,0.338,4.302,5.752,5.652
2018-10-28 05:00:00,1.452,97.87056,0.01449424,0.502,0.454,0.338,4.052,5.652,5.652
2018-10-28 06:00:00,1.352,96.81841,0.021500766,0.5,0.456,0.338,3.852,5.552,5.652
2018-10-28 07:00:00,1.4020001,93.72933,0.04252839,0.498,0.457,0.338,3.752,5.452,5.652
2018-10-28 08:00:00,1.7520001,91.41009,0.05973649,0.496,0.458,0.338,3.852,5.352,5.652
2018-10-28 09:00:00,2.4520001,85.7129,0.10444033,0.495,0.459,0.338,4.052,5.302,5.652
2018-10-28 10:00:00,2.652,80.90607,0.1415742,0.494,0.46,0.338,4.102,5.252,5.652
2018-10-28 11:00:00,2.302,80.85683,0.13845038,0.491,0.46,0.338,3.852,5.152,5.702
2018-10-28 12:00:00,1.602,78.131615,0.15044534,0.489,0.461,0.339,3.402,5.052,5.702
2018-10-28 13:00:00,1.102,74.93583,0.16634867,0.487,0.461,0.339,3.002,4.952,5.702
2018-10-28 14:00:00,1.102,72.199295,0.18450725,0.485,0.462,0.339,2.852,4.852,5.702
2018-10-28 15:00:00,1.302,68.817245,0.20994458,0.484,0.462,0.339,2.752,4.752,5.702
2018-10-28 16:00:00,0.802,67.93991,0.20822015,0.482,0.462,0.339,2.4520001,4.652,5.702
2018-10-28 17:00:00,0.652,67.143616,0.21109262,0.481,0.462,0.339,2.252,4.502,5.702
2018-10-28 18:00:00,0.502,67.11029,0.20902854,0.48,0.462,0.339,2.102,4.402,5.702
2018-10-28 19:00:00,0.202,67.29778,0.2033718,0.479,0.462,0.339,1.9020001,4.302,5.702
2018-10-28 20:00:00,0.252,65.051575,0.21812493,0.478,0.462,0.339,1.802,4.152,5.702
2018-10-28 21:00:00,0.402,62.89829,0.23408827,0.477,0.462,0.339,1.7520001,4.052,5.702
2018-10-28 22:00:00,0.752,62.744457,0.24107987,0.476,0.462,0.339,1.852,3.9520001,5.702
2018-10-28 23:00:00,1.052,65.23712,0.22987208,0.475,0.462,0.34,1.952,3.852,5.702
2018-10-29 00:00:00,1.052,72.72983,0.18033698,0.474,0.462,0.34,2.052,3.802,5.702
2018-10-29 01:00:00,1.1520001,79.807236,0.13450444,0.474,0.462,0.34,2.152,3.752,5.702
2018-10-29 02:00:00,1.4020001,83.13244,0.11439288,0.473,0.461,0.34,2.252,3.7020001,5.702
2018-10-29 03:00:00,1.552,87.505165,0.08565575,0.473,0.461,0.34,2.352,3.652,5.702
2018-10-29 04:00:00,1.452,93.73182,0.04266423,0.476,0.461,0.34,2.402,3.602,5.702
2018-10-29 05:00:00,1.5020001,96.82225,0.021707177,0.482,0.461,0.34,2.4520001,3.552,5.652
2018-10-29 06:00:00,1.7520001,97.17656,0.01963532,0.49,0.461,0.34,2.502,3.552,5.652
2018-10-29 07:00:00,3.102,92.81557,0.054997623,0.496,0.462,0.34,2.902,3.552,5.652
2018-10-29 08:00:00,3.752,92.19549,0.06254727,0.499,0.463,0.34,3.252,3.552,5.652
2018-10-29 09:00:00,4.452,90.94386,0.076230586,0.502,0.464,0.34,3.602,3.602,5.652
2018-10-29 10:00:00,4.852,89.38144,0.0919137,0.504,0.465,0.341,3.852,3.652,5.652
2018-10-29 11:00:00,4.902,87.82037,0.10579413,0.505,0.467,0.341,3.902,3.7020001,5.652
2018-10-29 12:00:00,4.652,88.42147,0.098834336,0.504,0.469,0.341,3.802,3.7020001,5.652
2018-10-29 13:00:00,4.352,91.582344,0.07036203,0.505,0.47,0.341,3.7020001,3.752,5.652
2018-10-29 14:00:00,4.002,91.88456,0.06619185,0.506,0.472,0.341,3.602,3.752,5.652
2018-10-29 15:00:00,3.352,94.15923,0.045508623,0.504,0.473,0.341,3.402,3.802,5.652
2018-10-29 16:00:00,2.852,95.82832,0.031374514,0.501,0.474,0.341,3.152,3.752,5.652
2018-10-29 17:00:00,2.552,96.84897,0.02319938,0.499,0.475,0.342,3.002,3.752,5.652
2018-10-29 18:00:00,2.302,98.23484,0.012766957,0.497,0.475,0.342,2.852,3.752,5.652
2018-10-29 19:00:00,2.302,99.290596,0.0051310062,0.496,0.476,0.342,2.802,3.7020001,5.652
2018-10-29 20:00:00,2.152,99.6443,0.0025452971,0.496,0.476,0.342,2.7020001,3.7020001,5.652
2018-10-29 21:00:00,2.102,99.644165,0.0025373101,0.496,0.476,0.342,2.652,3.652,5.652
2018-10-29 22:00:00,2.302,99.64474,0.0025694966,0.498,0.476,0.342,2.7020001,3.652,5.652
2018-10-29 23:00:00,2.402,99.29117,0.0051633716,0.499,0.477,0.342,2.7020001,3.602,5.652
2018-10-30 00:00:00,2.502,98.58794,0.0103594065,0.502,0.477,0.343,2.802,3.602,5.652
2018-10-30 01:00:00,2.502,96.847694,0.023126364,0.501,0.478,0.343,2.802,3.602,5.602
2018-10-30 02:00:00,1.1520001,96.81328,0.021228433,0.499,0.478,0.343,2.502,3.552,5.602
2018-10-30 03:00:00,-0.598,92.602516,0.04341227,0.497,0.479,0.343,2.002,3.502,5.602
2018-10-30 04:00:00,-0.948,90.22006,0.055943966,0.494,0.479,0.343,1.6520001,3.4520001,5.602
2018-10-30 05:00:00,-0.748,86.95898,0.075695515,0.493,0.479,0.344,1.702,3.352,5.602
2018-10-30 06:00:00,-0.54800004,83.813126,0.09533495,0.491,0.479,0.344,2.002,3.302,5.602
2018-10-30 07:00:00,0.15200001,75.891914,0.14939424,0.49,0.479,0.344,2.402,3.302,5.602
2018-10-30 08:00:00,0.352,71.78309,0.1774025,0.488,0.478,0.344,2.7020001,3.302,5.602
2018-10-30 09:00:00,0.052,71.723785,0.17395118,0.487,0.478,0.344,2.7020001,3.302,5.602
2018-10-30 10:00:00,-0.49800003,70.80662,0.17254809,0.486,0.478,0.344,2.4520001,3.302,5.602
2018-10-30 11:00:00,-1.3479999,69.56323,0.16904578,0.485,0.477,0.345,1.852,3.252,5.602
2018-10-30 12:00:00,-2.0479999,71.85176,0.14848232,0.484,0.477,0.345,1.102,3.152,5.602
2018-10-30 13:00:00,-2.598,74.262665,0.13035002,0.483,0.477,0.345,0.45200002,3.052,5.552
2018-10-30 14:00:00,-2.898,75.06607,0.12349793,0.482,0.476,0.345,0.402,2.9520001,5.552
2018-10-30 15:00:00,-3.098,74.16976,0.12604454,0.482,0.476,0.345,0.352,2.852,5.552
2018-10-30 16:00:00,-3.098,71.09054,0.14106485,0.481,0.476,0.345,0.302,2.752,5.552
2018-10-30 17:00:00,-3.348,69.406044,0.14652193,0.48,0.475,0.346,0.252,2.652,5.552
2018-10-30 18:00:00,-3.448,68.0484,0.15188175,0.48,0.475,0.346,0.252,2.552,5.552
2018-10-30 19:00:00,-3.598,65.153625,0.16378641,0.479,0.475,0.346,0.202,2.4520001,5.552
2018-10-30 20:00:00,-3.598,61.42438,0.18130401,0.479,0.474,0.346,0.202,2.352,5.502
2018-10-30 21:00:00,-3.7979999,59.93478,0.18549904,0.478,0.474,0.346,0.15200001,2.302,5.502
2018-10-30 22:00:00,-3.898,59.200367,0.1874848,0.477,0.474,0.346,0.102,2.2020001,5.502
2018-10-30 23:00:00,-4.198,61.029556,0.17509174,0.477,0.473,0.346,0.052,2.152,5.502
2018-10-31 00:00:00,-4.398,62.943142,0.16401011,0.477,0.473,0.347,0.0020000003,2.052,5.502
2018-10-31 01:00:00,-4.348,65.23265,0.15446386,0.476,0.473,0.347,-0.048,2.002,5.452
2018-10-31 02:00:00,-4.448,68.89921,0.13714433,0.476,0.472,0.347,-0.048,1.9020001,5.452
2018-10-31 03:00:00,-4.448,71.09041,0.12748602,0.475,0.472,0.347,-0.098000005,1.852,5.452
2018-10-31 04:00:00,-4.148,70.0505,0.13508782,0.475,0.472,0.347,-0.098000005,1.802,5.452
2018-10-31 05:00:00,-3.7979999,66.655235,0.15440062,0.474,0.471,0.347,-0.098000005,1.7520001,5.452
2018-10-31 06:00:00,-3.448,59.55351,0.19223681,0.474,0.471,0.347,-0.048,1.702,5.402
2018-10-31 07:00:00,-3.898,53.366924,0.21426716,0.473,0.471,0.347,-0.048,1.6520001,5.402
2018-10-31 08:00:00,-3.948,51.663715,0.22125277,0.473,0.47,0.348,0.0020000003,1.602,5.402
2018-10-31 09:00:00,-4.048,49.79121,0.22809403,0.472,0.47,0.348,0.0020000003,1.552,5.402
2018-10-31 10:00:00,-4.298,48.12701,0.23125279,0.472,0.47,0.348,-0.048,1.552,5.402
2018-10-31 11:00:00,-4.698,48.20294,0.22404742,0.472,0.47,0.348,-0.098000005,1.5020001,5.352
2018-10-31 12:00:00,-5.398,51.87054,0.19743791,0.471,0.469,0.348,-0.148,1.452,5.352
2018-10-31 13:00:00,-5.848,54.5561,0.18014799,0.471,0.469,0.348,-0.198,1.4020001,5.352
2018-10-31 14:00:00,-6.148,56.045624,0.17029838,0.471,0.469,0.348,-0.29799998,1.4020001,5.352
2018-10-31 15:00:00,-6.198,56.25998,0.1688212,0.47,0.468,0.348,-0.348,1.352,5.302
2018-10-31 16:00:00,-6.198,56.031696,0.16970138,0.47,0.468,0.349,-0.398,1.302,5.302
2018-10-31 17:00:00,-6.248,55.790287,0.16997996,0.47,0.468,0.349,-0.49800003,1.2520001,5.302
2018-10-31 18:00:00,-6.198,55.12684,0.17319024,0.469,0.467,0.349,-0.54800004,1.202,5.302
2018-10-31 19:00:00,-6.748,58.678978,0.15290008,0.469,0.467,0.349,-0.598,1.1520001,5.252
2018-10-31 20:00:00,-7.098,60.033783,0.14395599,0.469,0.467,0.349,-0.648,1.102,5.252
2018-10-31 21:00:00,-7.248,60.484634,0.14069428,0.469,0.467,0.349,-0.698,1.052,5.252
2018-10-31 22:00:00,-7.098,59.54728,0.14570677,0.468,0.466,0.349,-0.748,1.002,5.252
2018-10-31 23:00:00,-6.948,59.104378,0.14901458,0.468,0.466,0.349,-0.79800004,1.002,5.202
2018-11-01 00:00:00,-6.798,58.904545,0.15148215,0.468,0.466,0.349,-0.848,0.95199996,5.202
2018-11-01 01:00:00,-6.548,58.494766,0.15596056,0.468,0.466,0.349,-0.898,0.95199996,5.202
2018-11-01 02:00:00,-6.348,59.024815,0.15635198,0.467,0.465,0.35,-0.898,0.902,5.152
2018-11-01 03:00:00,-6.148,62.25625,0.14625488,0.467,0.465,0.35,-0.948,0.902,5.152
2018-11-01 04:00:00,-5.598,65.71566,0.13855651,0.467,0.465,0.35,-0.948,0.852,5.152
2018-11-01 05:00:00,-4.898,67.72573,0.13755864,0.467,0.465,0.35,-0.948,0.852,5.152
2018-11-01 06:00:00,-4.048,67.91543,0.14580578,0.466,0.464,0.35,-0.948,0.852,5.102
2018-11-01 07:00:00,-3.598,67.22389,0.15406036,0.466,0.464,0.35,-0.898,0.852,5.102
2018-11-01 08:00:00,-2.7979999,63.832317,0.18044993,0.466,0.464,0.35,-0.848,0.802,5.102
2018-11-01 09:00:00,-2.2979999,60.795746,0.20298487,0.466,0.464,0.35,-0.848,0.802,5.102
2018-11-01 10:00:00,-2.0479999,59.21933,0.21508294,0.465,0.463,0.35,-0.848,0.802,5.052
2018-11-01 11:00:00,-2.198,62.502754,0.19559383,0.465,0.463,0.35,-0.79800004,0.802,5.052
2018-11-01 12:00:00,-2.648,66.657845,0.1682241,0.465,0.463,0.35,-0.848,0.802,5.052
2018-11-01 13:00:00,-2.7979999,68.456116,0.15739068,0.465,0.463,0.351,-0.848,0.802,5.052
2018-11-01 14:00:00,-2.898,70.04136,0.14837623,0.465,0.462,0.351,-0.848,0.752,5.002
2018-11-01 15:00:00,-2.848,71.416275,0.14209679,0.464,0.462,0.351,-0.848,0.752,5.002
2018-11-01 16:00:00,-3.148,74.73305,0.1228379,0.464,0.462,0.351,-0.848,0.752,5.002
2018-11-01 17:00:00,-3.398,77.61423,0.1068221,0.464,0.462,0.351,-0.898,0.752,4.952
2018-11-01 18:00:00,-3.598,80.30574,0.09258616,0.464,0.462,0.351,-0.898,0.752,4.952
2018-11-01 19:00:00,-3.848,78.74219,0.09808019,0.463,0.461,0.351,-0.948,0.752,4.952
2018-11-01 20:00:00,-3.748,79.06104,0.09733656,0.463,0.461,0.351,-0.948,0.70199996,4.952
2018-11-01 21:00:00,-3.498,78.79754,0.100423366,0.463,0.461,0.351,-0.948,0.70199996,4.902
2018-11-01 22:00:00,-3.248,78.836945,0.10212654,0.463,0.461,0.351,-0.948,0.70199996,4.902
2018-11-01 23:00:00,-3.398,80.95139,0.09090099,0.463,0.461,0.351,-0.99799997,0.70199996,4.902
2018-11-02 00:00:00,-3.5479999,82.17587,0.08411017,0.462,0.46,0.352,-0.99799997,0.70199996,4.902
2018-11-02 01:00:00,-3.098,77.367096,0.11044651,0.462,0.46,0.352,-0.99799997,0.70199996,4.852
2018-11-02 02:00:00,-3.098,73.31843,0.13019747,0.462,0.46,0.352,-0.99799997,0.652,4.852
2018-11-02 03:00:00,-2.898,68.69983,0.15501776,0.462,0.46,0.352,-0.99799997,0.652,4.852
2018-11-02 04:00:00,-2.398,63.680717,0.18666747,0.462,0.459,0.352,-0.99799997,0.652,4.852
2018-11-02 05:00:00,-1.9979999,62.309635,0.19952893,0.461,0.459,0.352,-0.948,0.652,4.802
2018-11-02 06:00:00,-1.698,62.86906,0.2009674,0.461,0.459,0.352,-0.948,0.652,4.802
2018-11-02 07:00:00,-1.398,64.1684,0.19826645,0.461,0.459,0.352,-0.898,0.652,4.802
2018-11-02 08:00:00,-1.298,63.94549,0.20097008,0.461,0.459,0.352,-0.898,0.652,4.802
2018-11-02 09:00:00,-1.198,63.23456,0.20644057,0.461,0.458,0.352,-0.848,0.652,4.752
2018-11-02 10:00:00,-1.298,64.68832,0.19683138,0.461,0.458,0.352,-0.848,0.652,4.752
2018-11-02 11:00:00,-1.398,65.41556,0.19136858,0.46,0.458,0.352,-0.848,0.602,4.752
2018-11-02 12:00:00,-1.398,64.91413,0.19414192,0.46,0.458,0.352,-0.848,0.602,4.752
2018-11-02 13:00:00,-1.298,64.93762,0.19544232,0.46,0.458,0.352,-0.848,0.602,4.702
2018-11-02 14:00:00,-1.2479999,66.20845,0.18905392,0.46,0.458,0.353,-0.79800004,0.602,4.702
2018-11-02 15:00:00,-1.298,69.3087,0.17108598,0.46,0.457,0.353,-0.79800004,0.602,4.702
2018-11-02 16:00:00,-1.398,71.98067,0.1550529,0.459,0.457,0.353,-0.79800004,0.602,4.702
2018-11-02 17:00:00,-1.398,73.92091,0.14431885,0.459,0.457,0.353,-0.79800004,0.602,4.652
2018-11-02 18:00:00,-1.3479999,76.49231,0.13057086,0.459,0.457,0.353,-0.79800004,0.602,4.652
2018-11-02 19:00:00,-0.948,77.42976,0.12909567,0.459,0.457,0.353,-0.79800004,0.602,4.652
2018-11-02 20:00:00,-0.99799997,80.68527,0.11007446,0.459,0.456,0.353,-0.748,0.602,4.652
2018-11-02 21:00:00,-1.0979999,85.004135,0.08484051,0.459,0.456,0.353,-0.748,0.602,4.602
2018-11-02 22:00:00,-1.048,87.57682,0.07054451,0.458,0.456,0.353,-0.748,0.602,4.602
2018-11-02 23:00:00,-1.048,90.212364,0.055579662,0.458,0.456,0.353,-0.748,0.602,4.602
2018-11-03 00:00:00,-0.898,91.56638,0.048419833,0.458,0.456,0.353,-0.748,0.552,4.602
2018-11-03 01:00:00,-0.898,92.92655,0.04061103,0.458,0.456,0.353,-0.698,0.552,4.602
2018-11-03 02:00:00,-0.948,94.30233,0.03259307,0.458,0.455,0.353,-0.698,0.552,4.552
2018-11-03 03:00:00,-0.748,93.965675,0.035027206,0.458,0.455,0.353,-0.698,0.552,4.552
2018-11-03 04:00:00,-0.198,91.94953,0.048640788,0.457,0.455,0.353,-0.648,0.552,4.552
2018-11-03 05:00:00,0.45200002,88.36551,0.07368648,0.457,0.455,0.354,-0.648,0.552,4.552
2018-11-03 06:00:00,1.002,85.55486,0.09518963,0.457,0.455,0.354,-0.54800004,0.552,4.502
2018-11-03 07:00:00,1.4020001,82.525795,0.11850661,0.458,0.455,0.354,-0.49800003,0.552,4.502
2018-11-03 08:00:00,1.602,81.650475,0.12623942,0.46,0.454,0.354,-0.448,0.552,4.502
2018-11-03 09:00:00,1.6520001,81.358864,0.12870544,0.46,0.454,0.354,-0.398,0.552,4.502
2018-11-03 10:00:00,1.552,82.54535,0.11965412,0.461,0.454,0.354,-0.348,0.552,4.452
2018-11-03 11:00:00,1.1520001,85.25899,0.09819305,0.461,0.454,0.354,-0.348,0.552,4.452
2018-11-03 12:00:00,0.45200002,88.689766,0.07163292,0.46,0.454,0.354,-0.348,0.552,4.452
2018-11-03 13:00:00,-0.29799998,90.93592,0.05436778,0.46,0.454,0.354,-0.348,0.552,4.452
2018-11-03 14:00:00,-0.848,92.58779,0.042711735,0.46,0.454,0.354,-0.348,0.552,4.452
2018-11-03 15:00:00,-1.198,93.59797,0.035957634,0.46,0.454,0.354,-0.348,0.552,4.402
2018-11-03 16:00:00,-1.398,94.28168,0.03164971,0.459,0.454,0.354,-0.398,0.552,4.402
2018-11-03 17:00:00,-1.5979999,94.621704,0.029333353,0.459,0.453,0.354,-0.398,0.552,4.402
2018-11-03 18:00:00,-2.148,94.94967,0.02644983,0.459,0.453,0.354,-0.398,0.552,4.402
2018-11-03 19:00:00,-2.098,94.95172,0.02653706,0.459,0.453,0.354,-0.398,0.552,4.402
2018-11-03 20:00:00,-1.948,94.25628,0.030528784,0.459,0.453,0.354,-0.448,0.552,4.352
2018-11-03 21:00:00,-2.248,94.59339,0.028107166,0.458,0.453,0.355,-0.448,0.552,4.352
2018-11-03 22:00:00,-2.748,94.92504,0.02542299,0.458,0.453,0.355,-0.49800003,0.552,4.352
2018-11-03 23:00:00,-3.248,95.26054,0.022874773,0.458,0.453,0.355,-0.54800004,0.552,4.352
2018-11-04 00:00:00,-3.948,95.59274,0.020185828,0.458,0.453,0.355,-0.54800004,0.552,4.352
2018-11-04 01:00:00,-4.048,94.871056,0.02331546,0.457,0.452,0.355,-0.598,0.552,4.302
2018-11-04 02:00:00,-3.498,93.47833,0.030893713,0.457,0.452,0.355,-0.598,0.552,4.302
2018-11-04 03:00:00,-4.048,94.5138,0.024939358,0.457,0.452,0.355,-0.648,0.552,4.302
2018-11-04 04:00:00,-3.5479999,92.07829,0.037385345,0.457,0.452,0.355,-0.598,0.552,4.302
2018-11-04 05:00:00,-1.4979999,84.00994,0.08784726,0.457,0.452,0.355,-0.54800004,0.552,4.302
2018-11-04 06:00:00,0.052,71.185875,0.17725942,0.456,0.452,0.355,-0.49800003,0.552,4.252
2018-11-04 07:00:00,1.202,58.255,0.27901733,0.456,0.452,0.355,-0.448,0.552,4.252
2018-11-04 08:00:00,1.552,58.34647,0.2854903,0.456,0.451,0.355,-0.348,0.552,4.252
2018-11-04 09:00:00,1.852,59.994827,0.28015015,0.456,0.451,0.355,-0.29799998,0.552,4.252
2018-11-04 10:00:00,2.252,58.972794,0.29562655,0.456,0.451,0.355,-0.24800001,0.552,4.252
2018-11-04 11:00:00,1.802,65.65545,0.2396631,0.455,0.451,0.355,-0.24800001,0.552,4.202
2018-11-04 12:00:00,1.352,72.517075,0.18570518,0.455,0.451,0.355,-0.24800001,0.552,4.202
2018-11-04 13:00:00,1.1520001,77.1992,0.15187418,0.455,0.451,0.355,-0.198,0.552,4.202
2018-11-04 14:00:00,0.652,81.22012,0.120667934,0.455,0.451,0.355,-0.198,0.552,4.202
2018-11-04 15:00:00,0.502,81.19919,0.11950034,0.455,0.451,0.355,-0.198,0.552,4.202
2018-11-04 16:00:00,0.352,80.28117,0.12398207,0.454,0.45,0.356,-0.198,0.552,4.152
2018-11-04 17:00:00,0.15200001,80.25197,0.12237951,0.454,0.45,0.356,-0.198,0.552,4.152
2018-11-04 18:00:00,0.15200001,79.95453,0.12422252,0.454,0.45,0.356,-0.198,0.552,4.152
2018-11-04 19:00:00,0.252,79.083435,0.13056278,0.454,0.45,0.356,-0.198,0.552,4.152
2018-11-04 20:00:00,0.302,79.385345,0.12914541,0.454,0.45,0.356,-0.148,0.552,4.152
2018-11-04 21:00:00,0.45200002,79.702995,0.12854356,0.454,0.45,0.356,-0.148,0.552,4.152
2018-11-04 22:00:00,0.552,80.310295,0.12560272,0.453,0.45,0.356,-0.148,0.552,4.102
2018-11-04 23:00:00,0.652,80.920715,0.122591496,0.453,0.45,0.356,-0.148,0.552,4.102
2018-11-05 00:00:00,0.70199996,81.82867,0.11718041,0.453,0.449,0.356,-0.098000005,0.602,4.102
2018-11-05 01:00:00,0.752,82.137596,0.1156047,0.453,0.449,0.356,-0.098000005,0.602,4.102
2018-11-05 02:00:00,0.802,82.144264,0.115979075,0.453,0.449,0.356,-0.098000005,0.602,4.102
2018-11-05 03:00:00,0.752,83.05004,0.109699965,0.453,0.449,0.356,-0.098000005,0.602,4.102
2018-11-05 04:00:00,1.202,81.59592,0.12303269,0.452,0.449,0.356,-0.048,0.602,4.052
2018-11-05 05:00:00,1.802,79.610985,0.14229137,0.452,0.449,0.356,0.0020000003,0.602,4.052
2018-11-05 06:00:00,2.652,74.661,0.18787378,0.454,0.449,0.356,0.052,0.602,4.052
2018-11-05 07:00:00,3.252,73.41466,0.20567143,0.456,0.449,0.356,0.102,0.602,4.052
2018-11-05 08:00:00,3.9520001,67.61663,0.2631849,0.459,0.449,0.356,0.202,0.602,4.052
2018-11-05 09:00:00,4.202,66.44121,0.2775638,0.461,0.448,0.356,0.302,0.602,4.052
2018-11-05 10:00:00,3.9520001,69.12061,0.2509635,0.463,0.448,0.356,0.352,0.602,4.002
2018-11-05 11:00:00,3.4520001,71.595535,0.22286761,0.464,0.448,0.356,0.402,0.602,4.002
2018-11-05 12:00:00,2.852,74.42368,0.19234318,0.464,0.448,0.357,0.402,0.602,4.002
2018-11-05 13:00:00,2.4520001,76.28641,0.17334235,0.463,0.448,0.357,0.45200002,0.602,4.002
2018-11-05 14:00:00,2.402,76.27793,0.17278856,0.463,0.448,0.357,0.45200002,0.652,4.002
2018-11-05 15:00:00,2.302,76.82247,0.16762519,0.463,0.448,0.357,0.45200002,0.652,4.002
2018-11-05 16:00:00,2.2020001,77.655495,0.16045398,0.463,0.448,0.357,0.502,0.652,3.9520001
2018-11-05 17:00:00,2.052,79.3573,0.14665747,0.463,0.448,0.357,0.502,0.652,3.9520001
2018-11-05 18:00:00,1.7520001,82.270226,0.12329286,0.463,0.448,0.357,0.502,0.652,3.9520001
2018-11-05 19:00:00,1.452,84.67214,0.104325116,0.463,0.448,0.357,0.502,0.652,3.9520001
2018-11-05 20:00:00,1.202,87.47155,0.08375615,0.463,0.448,0.357,0.502,0.652,3.9520001
2018-11-05 21:00:00,1.102,89.07034,0.07254481,0.463,0.448,0.357,0.502,0.70199996,3.9520001
2018-11-05 22:00:00,0.802,91.34584,0.056214273,0.463,0.448,0.357,0.502,0.70199996,3.9520001
2018-11-05 23:00:00,0.652,92.67554,0.047065318,0.463,0.448,0.357,0.502,0.70199996,3.902
2018-11-06 00:00:00,0.45200002,94.36589,0.035684347,0.462,0.448,0.357,0.502,0.70199996,3.902
2018-11-06 01:00:00,0.402,94.707466,0.03339994,0.462,0.448,0.357,0.45200002,0.70199996,3.902
2018-11-06 02:00:00,0.252,95.39293,0.028760314,0.461,0.448,0.357,0.45200002,0.70199996,3.902
2018-11-06 03:00:00,0.302,95.048454,0.031022847,0.461,0.448,0.357,0.45200002,0.70199996,3.902
2018-11-06 04:00:00,0.752,90.67946,0.060324788,0.461,0.448,0.357,0.502,0.70199996,3.902
2018-11-06 05:00:00,1.1520001,84.94766,0.100266695,0.461,0.448,0.357,0.502,0.752,3.902
2018-11-06 06:00:00,1.352,81.31739,0.12624723,0.461,0.448,0.357,0.552,0.752,3.902
2018-11-06 07:00:00,1.552,78.12368,0.14996183,0.462,0.448,0.357,0.652,0.752,3.852
2018-11-06 08:00:00,1.452,78.396065,0.14703685,0.463,0.448,0.357,0.70199996,0.752,3.852
2018-11-06 09:00:00,1.202,80.10912,0.13297099,0.463,0.448,0.357,0.802,0.752,3.852
2018-11-06 10:00:00,0.902,80.956024,0.12459111,0.462,0.448,0.358,0.802,0.802,3.852
2018-11-06 11:00:00,0.402,83.00543,0.107242465,0.462,0.448,0.358,0.752,0.802,3.852
2018-11-06 12:00:00,-0.29799998,85.72753,0.08560586,0.461,0.448,0.358,0.70199996,0.802,3.852
2018-11-06 13:00:00,-0.748,86.3165,0.07942432,0.461,0.448,0.358,0.602,0.802,3.852
2018-11-06 14:00:00,-1.048,86.28487,0.077880085,0.46,0.448,0.358,0.552,0.802,3.852
2018-11-06 15:00:00,-1.2479999,85.94293,0.07865986,0.46,0.448,0.358,0.502,0.802,3.802
2018-11-06 16:00:00,-1.398,85.92669,0.07788831,0.46,0.448,0.358,0.45200002,0.802,3.802
2018-11-06 17:00:00,-1.4979999,85.59555,0.07913712,0.459,0.448,0.358,0.45200002,0.852,3.802
2018-11-06 18:00:00,-1.548,85.910416,0.077123374,0.459,0.448,0.358,0.402,0.852,3.802
2018-11-06 19:00:00,-1.698,86.53883,0.07287499,0.458,0.448,0.358,0.352,0.852,3.802
2018-11-06 20:00:00,-1.798,87.831665,0.06539309,0.458,0.448,0.358,0.302,0.852,3.802
2018-11-06 21:00:00,-1.8479999,89.148056,0.058104753,0.458,0.448,0.358,0.252,0.852,3.802
2018-11-06 22:00:00,-1.9979999,91.152336,0.04685253,0.457,0.448,0.358,0.252,0.852,3.802
2018-11-06 23:00:00,-1.948,92.179115,0.041568696,0.457,0.448,0.358,0.202,0.852,3.802
2018-11-07 00:00:00,-2.198,93.89494,0.031855524,0.457,0.447,0.358,0.15200001,0.852,3.752
2018-11-07 01:00:00,-1.948,93.212555,0.03607613,0.457,0.447,0.358,0.15200001,0.852,3.752
2018-11-07 02:00:00,-1.8479999,91.8434,0.043673933,0.456,0.447,0.358,0.15200001,0.852,3.752
2018-11-07 03:00:00,-1.798,89.15231,0.058296442,0.456,0.447,0.358,0.102,0.852,3.752
2018-11-07 04:00:00,-1.5979999,83.05833,0.09239259,0.456,0.447,0.358,0.102,0.852,3.752
2018-11-07 05:00:00,-1.398,76.773346,0.12853733,0.455,0.447,0.358,0.102,0.852,3.752
2018-11-07 06:00:00,-0.948,69.38291,0.17510805,0.455,0.447,0.358,0.15200001,0.852,3.752
2018-11-07 07:00:00,-0.198,66.70027,0.20115805,0.455,0.447,0.358,0.202,0.852,3.752
2018-11-07 08:00:00,0.15200001,64.04638,0.22277549,0.454,0.447,0.359,0.252,0.852,3.752
2018-11-07 09:00:00,0.15200001,63.077667,0.22877541,0.454,0.447,0.359,0.252,0.852,3.752
2018-11-07 10:00:00,-0.098000005,65.21785,0.21164301,0.454,0.447,0.359,0.252,0.852,3.7020001
2018-11-07 11:00:00,-0.348,67.431435,0.19460642,0.453,0.446,0.359,0.252,0.852,3.7020001
2018-11-07 12:00:00,-0.79800004,70.21044,0.17225629,0.453,0.446,0.359,0.252,0.852,3.7020001
2018-11-07 13:00:00,-0.99799997,72.60802,0.15609542,0.453,0.446,0.359,0.202,0.902,3.7020001
2018-11-07 14:00:00,-0.948,74.28482,0.14707974,0.453,0.446,0.359,0.202,0.902,3.7020001
2018-11-07 15:00:00,-0.948,75.98587,0.13735265,0.452,0.446,0.359,0.202,0.902,3.7020001
2018-11-07 16:00:00,-1.048,77.99799,0.12492812,0.452,0.446,0.359,0.202,0.902,3.7020001
2018-11-07 17:00:00,-1.0979999,79.76827,0.11445814,0.452,0.446,0.359,0.15200001,0.902,3.7020001
2018-11-07 18:00:00,-1.198,81.568726,0.10351232,0.452,0.446,0.359,0.15200001,0.902,3.7020001
2018-11-07 19:00:00,-1.048,80.98085,0.10799408,0.452,0.446,0.359,0.15200001,0.902,3.7020001
2018-11-07 20:00:00,-1.048,81.58944,0.10453895,0.451,0.446,0.359,0.102,0.902,3.7020001
2018-11-07 21:00:00,-1.2479999,83.10317,0.094548404,0.451,0.446,0.359,0.102,0.902,3.652
2018-11-07 22:00:00,-1.148,82.80583,0.0969201,0.451,0.446,0.359,0.102,0.902,3.652
2018-11-07 23:00:00,-1.148,83.115944,0.095172316,0.451,0.445,0.359,0.102,0.902,3.652
2018-11-08 00:00:00,-1.0979999,83.12233,0.0954856,0.451,0.445,0.359,0.052,0.902,3.652
2018-11-08 01:00:00,-0.99799997,82.82531,0.097880125,0.45,0.445,0.359,0.052,0.902,3.652
2018-11-08 02:00:00,-0.848,82.53628,0.100625336,0.45,0.445,0.359,0.052,0.902,3.652
2018-11-08 03:00:00,-0.79800004,82.54285,0.100955844,0.45,0.445,0.359,0.052,0.852,3.652
2018-11-08 04:00:00,-0.49800003,81.05874,0.11196244,0.45,0.445,0.359,0.052,0.852,3.652
2018-11-08 05:00:00,-0.148,79.02188,0.12720054,0.45,0.445,0.359,0.102,0.852,3.652
2018-11-08 06:00:00,0.15200001,78.19035,0.1351535,0.449,0.445,0.359,0.102,0.852,3.652
2018-11-08 07:00:00,0.15200001,77.89971,0.13695431,0.449,0.445,0.359,0.15200001,0.852,3.652
2018-11-08 08:00:00,0.552,79.129456,0.13313442,0.449,0.445,0.359,0.15200001,0.852,3.602
2018-11-08 09:00:00,0.652,81.82189,0.11680174,0.449,0.444,0.36,0.202,0.902,3.602
2018-11-08 10:00:00,0.902,82.76427,0.11276221,0.449,0.444,0.36,0.202,0.902,3.602
2018-11-08 11:00:00,0.70199996,85.521835,0.093366385,0.448,0.444,0.36,0.252,0.902,3.602
2018-11-08 12:00:00,0.552,87.08893,0.08236438,0.448,0.444,0.36,0.252,0.902,3.602
2018-11-08 13:00:00,0.45200002,88.042305,0.075733304,0.448,0.444,0.36,0.252,0.902,3.602
2018-11-08 14:00:00,0.252,90.97505,0.05633837,0.448,0.444,0.36,0.252,0.902,3.602
2018-11-08 15:00:00,0.15200001,92.98543,0.043472826,0.448,0.444,0.36,0.252,0.902,3.602
2018-11-08 16:00:00,0.202,93.32816,0.0414989,0.448,0.444,0.36,0.252,0.902,3.602
2018-11-08 17:00:00,0.252,94.01374,0.037369847,0.448,0.444,0.36,0.252,0.902,3.602
2018-11-08 18:00:00,0.252,94.01374,0.037369847,0.447,0.444,0.36,0.252,0.902,3.602
2018-11-08 19:00:00,0.252,94.01374,0.037369847,0.447,0.444,0.36,0.302,0.902,3.602
2018-11-08 20:00:00,0.0020000003,91.962265,0.049274623,0.447,0.443,0.36,0.302,0.902,3.602
2018-11-08 21:00:00,-0.948,86.938805,0.07471207,0.447,0.443,0.36,0.252,0.902,3.552
2018-11-08 22:00:00,-2.648,80.44563,0.09867519,0.447,0.443,0.36,0.202,0.902,3.552
2018-11-08 23:00:00,-4.248,75.111084,0.11142826,0.447,0.443,0.36,0.15200001,0.902,3.552
2018-11-09 00:00:00,-5.448,70.32746,0.12130487,0.447,0.443,0.36,0.052,0.902,3.552
2018-11-09 01:00:00,-6.348,65.01581,0.13350788,0.447,0.443,0.36,-0.048,0.902,3.552
2018-11-09 02:00:00,-7.098,62.015507,0.1368238,0.446,0.443,0.36,-0.098000005,0.902,3.552
2018-11-09 03:00:00,-7.848,59.835667,0.13650747,0.446,0.443,0.36,-0.198,0.902,3.552
2018-11-09 04:00:00,-8.248,56.61491,0.1429237,0.446,0.443,0.36,-0.24800001,0.852,3.552
2018-11-09 05:00:00,-8.498,55.155994,0.14487003,0.446,0.443,0.36,-0.29799998,0.852,3.552
2018-11-09 06:00:00,-8.548,53.114773,0.15086524,0.446,0.443,0.36,-0.348,0.852,3.552
2018-11-09 07:00:00,-9.098,54.300365,0.1408526,0.446,0.442,0.36,-0.398,0.852,3.552
2018-11-09 08:00:00,-9.248,53.804752,0.14070958,0.446,0.442,0.36,-0.398,0.852,3.552
2018-11-09 09:00:00,-9.648,53.688522,0.13668714,0.445,0.442,0.36,-0.448,0.852,3.502
2018-11-09 10:00:00,-10.248,54.42486,0.12827949,0.445,0.442,0.36,-0.49800003,0.802,3.502
2018-11-09 11:00:00,-11.148,57.962563,0.1101484,0.445,0.442,0.36,-0.598,0.802,3.502
2018-11-09 12:00:00,-12.398,60.37797,0.09389864,0.445,0.442,0.361,-0.698,0.802,3.502
2018-11-09 13:00:00,-13.498,61.9107,0.082552716,0.445,0.442,0.361,-0.848,0.802,3.502
2018-11-09 14:00:00,-14.348,62.22088,0.07637124,0.445,0.442,0.361,-0.948,0.752,3.502
2018-11-09 15:00:00,-15.148,62.82235,0.07035292,0.445,0.442,0.361,-1.048,0.752,3.502
2018-11-09 16:00:00,-16.048,63.689457,0.063756704,0.445,0.442,0.361,-1.148,0.752,3.502
2018-11-09 17:00:00,-16.398,63.04574,0.06301297,0.445,0.442,0.361,-1.2479999,0.70199996,3.502
2018-11-09 18:00:00,-15.398,58.532475,0.07684885,0.444,0.442,0.361,-1.3479999,0.70199996,3.502
2018-11-09 19:00:00,-18.848,67.61315,0.04487869,0.444,0.441,0.361,-1.4979999,0.70199996,3.502
2018-11-09 20:00:00,-18.198,66.58125,0.048951082,0.444,0.441,0.361,-1.648,0.652,3.502
2018-11-09 21:00:00,-17.248,64.79024,0.055898495,0.444,0.441,0.361,-1.7479999,0.652,3.4520001
2018-11-09 22:00:00,-16.798,64.61981,0.058339804,0.444,0.441,0.361,-1.898,0.602,3.4520001
2018-11-09 23:00:00,-16.448,64.426025,0.060408525,0.444,0.441,0.361,-2.0479999,0.602,3.4520001
2018-11-10 00:00:00,-16.548,65.53576,0.058037452,0.444,0.441,0.361,-2.248,0.602,3.4520001
2018-11-10 01:00:00,-16.548,66.109955,0.057071596,0.444,0.441,0.361,-2.398,0.552,3.4520001
2018-11-10 02:00:00,-16.698,67.82453,0.05350907,0.444,0.441,0.361,-2.648,0.552,3.4520001
2018-11-10 03:00:00,-16.598,68.44061,0.052928217,0.444,0.441,0.361,-2.998,0.502,3.4520001
2018-11-10 04:00:00,-15.898,67.13495,0.058440603,0.444,0.441,0.361,-3.5479999,0.45200002,3.4520001
2018-11-10 05:00:00,-16.948,69.864265,0.049077235,0.443,0.441,0.361,-3.398,0.45200002,3.4520001
2018-11-10 06:00:00,-15.248,70.54285,0.055296198,0.443,0.441,0.361,-2.7979999,0.402,3.4520001
2018-11-10 07:00:00,-12.248,66.29834,0.08085562,0.443,0.44,0.361,-2.5479999,0.402,3.402
2018-11-10 08:00:00,-11.248,59.170506,0.10613458,0.443,0.44,0.361,-2.498,0.352,3.402
2018-11-10 09:00:00,-10.998,55.604214,0.11772241,0.443,0.44,0.361,-2.498,0.352,3.402
2018-11-10 10:00:00,-11.148,54.394424,0.11948496,0.443,0.44,0.361,-2.5479999,0.352,3.402
2018-11-10 11:00:00,-11.798,57.782257,0.10500167,0.443,0.44,0.361,-2.698,0.302,3.402
2018-11-10 12:00:00,-12.898,60.759872,0.08930217,0.443,0.44,0.361,-3.148,0.302,3.402
2018-11-10 13:00:00,-14.498,62.719837,0.074438855,0.443,0.44,0.361,-3.648,0.252,3.402
2018-11-10 14:00:00,-16.098,63.676632,0.063513294,0.443,0.44,0.361,-4.448,0.252,3.402
2018-11-10 15:00:00,-17.148,63.966553,0.05768943,0.443,0.44,0.361,-5.198,0.202,3.352
2018-11-10 16:00:00,-17.598,64.13359,0.055278733,0.442,0.44,0.361,-5.798,0.15200001,3.352
2018-11-10 17:00:00,-17.048,62.051025,0.06126654,0.442,0.44,0.361,-6.198,0.15200001,3.352
2018-11-10 18:00:00,-15.348,58.03679,0.07808963,0.442,0.439,0.362,-6.548,0.102,3.352
2018-11-10 19:00:00,-16.298,62.24936,0.06491063,0.442,0.439,0.362,-6.848,0.052,3.352
2018-11-10 20:00:00,-16.498,63.57391,0.06159492,0.442,0.439,0.362,-7.048,0.0020000003,3.352
2018-11-10 21:00:00,-17.798,67.862236,0.048705466,0.442,0.439,0.362,-7.198,0.0020000003,3.302
2018-11-10 22:00:00,-18.848,70.98682,0.040208563,0.442,0.439,0.362,-7.298,-0.048,3.302
2018-11-10 23:00:00,-19.448,73.087975,0.035425298,0.442,0.439,0.362,-7.348,-0.098000005,3.302
2018-11-11 00:00:00,-20.148,74.58349,0.031494208,0.442,0.439,0.362,-7.348,-0.148,3.302
2018-11-11 01:00:00,-20.748,75.80601,0.028456755,0.442,0.439,0.362,-7.398,-0.148,3.302
2018-11-11 02:00:00,-21.498,76.688225,0.025678605,0.442,0.439,0.362,-7.398,-0.198,3.302
2018-11-11 03:00:00,-21.548,75.9937,0.02632711,0.442,0.439,0.362,-7.348,-0.24800001,3.252
2018-11-11 04:00:00,-20.498,71.89889,0.033775084,0.442,0.439,0.362,-6.798,-0.24800001,3.252
2018-11-11 05:00:00,-17.698,66.118095,0.051783055,0.441,0.439,0.362,-5.748,-0.29799998,3.252
2018-11-11 06:00:00,-14.148,62.006,0.07807815,0.441,0.438,0.362,-4.498,-0.29799998,3.252
2018-11-11 07:00:00,-12.248,63.8336,0.086763024,0.441,0.438,0.362,-3.598,-0.348,3.252
2018-11-11 08:00:00,-11.148,63.30979,0.096151724,0.441,0.438,0.362,-3.098,-0.348,3.2020001
2018-11-11 09:00:00,-10.548,62.15307,0.104040876,0.441,0.438,0.362,-2.998,-0.348,3.2020001
2018-11-11 10:00:00,-10.398,62.19169,0.10518141,0.441,0.438,0.362,-3.098,-0.348,3.2020001
2018-11-11 11:00:00,-10.448,64.01587,0.0997144,0.441,0.438,0.362,-3.398,-0.348,3.2020001
2018-11-11 12:00:00,-10.798,66.09138,0.09138663,0.441,0.438,0.362,-3.898,-0.398,3.2020001
2018-11-11 13:00:00,-11.548,68.14868,0.08084901,0.441,0.438,0.362,-4.498,-0.398,3.152
2018-11-11 14:00:00,-12.398,69.392914,0.072552696,0.441,0.438,0.362,-4.948,-0.398,3.152
2018-11-11 15:00:00,-13.548,70.91048,0.06280646,0.441,0.438,0.362,-5.348,-0.448,3.152
2018-11-11 16:00:00,-14.548,72.82922,0.0540462,0.441,0.438,0.362,-5.698,-0.448,3.152
2018-11-11 17:00:00,-15.398,74.858536,0.046616897,0.441,0.438,0.362,-5.898,-0.49800003,3.152
2018-11-11 18:00:00,-16.148,76.332085,0.04122816,0.441,0.438,0.362,-6.098,-0.49800003,3.102
2018-11-11 19:00:00,-16.898,75.21495,0.04054042,0.441,0.437,0.362,-6.298,-0.54800004,3.102
2018-11-11 20:00:00,-17.348,75.12884,0.03916619,0.441,0.437,0.362,-6.398,-0.54800004,3.102
2018-11-11 21:00:00,-17.848,75.35984,0.037193663,0.44,0.437,0.362,-6.548,-0.598,3.102
2018-11-11 22:00:00,-18.298,76.26595,0.03448134,0.44,0.437,0.362,-6.598,-0.598,3.102
2018-11-11 23:00:00,-18.448,77.243,0.03264255,0.44,0.437,0.362,-6.648,-0.648,3.052
2018-11-12 00:00:00,-18.148,77.63345,0.03291388,0.44,0.437,0.362,-6.598,-0.648,3.052
2018-11-12 01:00:00,-17.648,78.39665,0.033170633,0.44,0.437,0.362,-6.548,-0.698,3.052
2018-11-12 02:00:00,-17.098,79.16822,0.033508763,0.44,0.437,0.362,-6.498,-0.698,3.052
2018-11-12 03:00:00,-16.498,80.289505,0.033346713,0.44,0.437,0.362,-6.398,-0.748,3.002
2018-11-12 04:00:00,-14.848,78.53433,0.041660413,0.44,0.437,0.362,-5.848,-0.748,3.002
2018-11-12 05:00:00,-12.248,74.829956,0.060399905,0.44,0.437,0.363,-4.798,-0.748,3.002
2018-11-12 06:00:00,-10.098,70.47339,0.08413687,0.44,0.437,0.363,-3.748,-0.79800004,3.002
2018-11-12 07:00:00,-9.148,69.53464,0.09356518,0.44,0.436,0.363,-2.998,-0.79800004,2.9520001
2018-11-12 08:00:00,-8.348,66.94001,0.108089596,0.44,0.436,0.363,-2.698,-0.79800004,2.9520001
2018-11-12 09:00:00,-7.698,64.16804,0.12322113,0.44,0.436,0.363,-2.598,-0.79800004,2.9520001
2018-11-12 10:00:00,-7.598,64.45325,0.12319255,0.44,0.436,0.363,-2.648,-0.79800004,2.9520001
2018-11-12 11:00:00,-7.998,66.75,0.11171466,0.44,0.436,0.363,-2.698,-0.79800004,2.902
2018-11-12 12:00:00,-8.498,68.55566,0.10161394,0.44,0.436,0.363,-2.948,-0.79800004,2.902
2018-11-12 13:00:00,-8.948,69.86158,0.09402612,0.44,0.436,0.363,-3.248,-0.848,2.902
2018-11-12 14:00:00,-9.298,70.93177,0.088230506,0.44,0.436,0.363,-3.7979999,-0.848,2.902
2018-11-12 15:00:00,-9.648,71.43844,0.084336,0.44,0.436,0.363,-4.198,-0.848,2.852
2018-11-12 16:00:00,-9.948,71.668335,0.081698224,0.439,0.436,0.363,-4.498,-0.848,2.852
2018-11-12 17:00:00,-10.298,72.48109,0.077185795,0.439,0.436,0.363,-4.748,-0.898,2.852
2018-11-12 18:00:00,-10.398,72.46085,0.07663174,0.439,0.436,0.363,-4.848,-0.898,2.852
2018-11-12 19:00:00,-10.548,71.83838,0.07743426,0.439,0.436,0.363,-4.948,-0.898,2.852
2018-11-12 20:00:00,-10.698,72.10318,0.075796425,0.439,0.435,0.363,-5.048,-0.948,2.802
2018-11-12 21:00:00,-10.598,71.53354,0.077961236,0.439,0.435,0.363,-4.998,-0.948,2.802
2018-11-12 22:00:00,-10.598,70.94775,0.0795645,0.439,0.435,0.363,-4.998,-0.948,2.802
2018-11-12 23:00:00,-10.598,70.65646,0.08036168,0.439,0.435,0.363,-4.998,-0.948,2.802
2018-11-13 00:00:00,-10.498,69.52395,0.08412747,0.439,0.435,0.363,-4.948,-0.99799997,2.752
2018-11-13 01:00:00,-10.148,68.748,0.08869785,0.439,0.435,0.363,-4.798,-0.99799997,2.752
2018-11-13 02:00:00,-9.448,68.06384,0.095791906,0.439,0.435,0.363,-4.498,-0.99799997,2.752
2018-11-13 03:00:00,-9.048,68.432686,0.09771143,0.439,0.435,0.363,-4.248,-1.048,2.752
2018-11-13 04:00:00,-8.348,68.0354,0.10451062,0.439,0.435,0.363,-3.898,-1.048,2.7020001
2018-11-13 05:00:00,-7.498,66.0611,0.11853899,0.439,0.435,0.363,-3.248,-1.048,2.7020001
2018-11-13 06:00:00,-6.548,63.9322,0.13554414,0.439,0.435,0.363,-2.448,-1.048,2.7020001
2018-11-13 07:00:00,-5.948,65.89557,0.13419858,0.439,0.435,0.363,-2.348,-1.048,2.7020001
2018-11-13 08:00:00,-5.498,65.478355,0.14058122,0.439,0.435,0.363,-2.2979999,-1.048,2.652
2018-11-13 09:00:00,-5.248,65.53733,0.14303395,0.439,0.434,0.363,-2.248,-1.048,2.652
2018-11-13 10:00:00,-5.248,67.11412,0.1364933,0.439,0.434,0.363,-2.198,-1.048,2.652
2018-11-13 11:00:00,-5.748,71.10213,0.11547074,0.439,0.434,0.363,-2.248,-1.048,2.652
2018-11-13 12:00:00,-6.348,73.84562,0.09982678,0.439,0.434,0.363,-2.2979999,-1.048,2.602
2018-11-13 13:00:00,-6.998,76.40062,0.08568841,0.439,0.434,0.363,-2.348,-1.048,2.602
2018-11-13 14:00:00,-7.148,77.90149,0.07931775,0.439,0.434,0.363,-2.398,-1.048,2.602
2018-11-13 15:00:00,-7.848,79.97873,0.0680736,0.438,0.434,0.363,-2.448,-1.048,2.602
2018-11-13 16:00:00,-8.098,81.22092,0.06262249,0.438,0.434,0.363,-2.498,-1.048,2.552
2018-11-13 17:00:00,-8.398,81.17744,0.061317205,0.438,0.434,0.363,-2.598,-1.0979999,2.552
2018-11-13 18:00:00,-8.648,80.81809,0.06127906,0.438,0.434,0.363,-2.748,-1.0979999,2.552
2018-11-13 19:00:00,-9.398,80.70684,0.058112472,0.438,0.434,0.363,-2.898,-1.0979999,2.552
2018-11-13 20:00:00,-9.698,81.31395,0.054969266,0.438,0.434,0.364,-2.998,-1.0979999,2.502
2018-11-13 21:00:00,-10.048,81.591606,0.052675262,0.438,0.434,0.364,-3.198,-1.0979999,2.502
2018-11-13 22:00:00,-9.848,80.639656,0.056281522,0.438,0.434,0.364,-3.398,-1.0979999,2.502
2018-11-13 23:00:00,-9.148,79.140656,0.06407532,0.438,0.434,0.364,-3.398,-1.0979999,2.502
2018-11-14 00:00:00,-8.248,77.40793,0.07445791,0.438,0.433,0.364,-3.2979999,-1.0979999,2.4520001
2018-11-14 01:00:00,-7.198,75.761894,0.08665913,0.438,0.433,0.364,-3.148,-1.148,2.4520001
2018-11-14 02:00:00,-6.548,74.393906,0.09624675,0.438,0.433,0.364,-2.998,-1.148,2.4520001
2018-11-14 03:00:00,-6.348,73.84562,0.09982678,0.438,0.433,0.364,-2.998,-1.148,2.4520001
2018-11-14 04:00:00,-5.848,71.645325,0.11244008,0.438,0.433,0.364,-2.848,-1.148,2.4520001
2018-11-14 05:00:00,-5.148,67.40278,0.1363267,0.438,0.433,0.364,-2.598,-1.148,2.402
2018-11-14 06:00:00,-4.348,61.477055,0.17113829,0.438,0.433,0.364,-2.448,-1.148,2.402
2018-11-14 07:00:00,-3.7979999,60.17248,0.18439928,0.438,0.433,0.364,-2.348,-1.148,2.402
2018-11-14 08:00:00,-3.248,56.84367,0.20819476,0.438,0.433,0.364,-2.248,-1.148,2.402
2018-11-14 09:00:00,-2.898,54.510796,0.2252408,0.438,0.433,0.364,-2.148,-1.148,2.352
2018-11-14 10:00:00,-3.198,55.962437,0.21323699,0.438,0.433,0.364,-2.098,-1.148,2.352
2018-11-14 11:00:00,-4.298,58.625977,0.18448845,0.438,0.433,0.364,-2.148,-1.148,2.352
2018-11-14 12:00:00,-5.598,61.157837,0.15696314,0.438,0.433,0.364,-2.198,-1.148,2.352
2018-11-14 13:00:00,-6.448,61.930317,0.14416401,0.438,0.433,0.364,-2.2979999,-1.148,2.302
2018-11-14 14:00:00,-7.098,62.26728,0.13591763,0.438,0.432,0.364,-2.348,-1.148,2.302
2018-11-14 15:00:00,-7.598,62.14035,0.13120173,0.437,0.432,0.364,-2.448,-1.148,2.302
2018-11-14 16:00:00,-8.148,62.50884,0.12449096,0.437,0.432,0.364,-2.5479999,-1.148,2.302
2018-11-14 17:00:00,-8.798,63.116253,0.11641353,0.437,0.432,0.364,-2.698,-1.148,2.302
2018-11-14 18:00:00,-9.398,63.486427,0.1099422,0.437,0.432,0.364,-2.898,-1.198,2.252
2018-11-14 19:00:00,-10.048,64.91555,0.100357726,0.437,0.432,0.364,-3.448,-1.198,2.252
2018-11-14 20:00:00,-10.348,64.84237,0.09820306,0.437,0.432,0.364,-4.048,-1.198,2.252
2018-11-14 21:00:00,-10.548,64.52499,0.09752646,0.437,0.432,0.364,-4.398,-1.198,2.252
2018-11-14 22:00:00,-10.648,64.23274,0.09754987,0.437,0.432,0.364,-4.648,-1.198,2.2020001
2018-11-14 23:00:00,-10.748,63.675457,0.09828253,0.437,0.432,0.364,-4.848,-1.2479999,2.2020001
2018-11-15 00:00:00,-10.898,63.37289,0.09792231,0.437,0.432,0.364,-4.948,-1.2479999,2.2020001
2018-11-15 01:00:00,-11.048,63.070885,0.09755373,0.437,0.432,0.364,-5.048,-1.2479999,2.2020001
2018-11-15 02:00:00,-11.298,62.743874,0.09646852,0.437,0.432,0.364,-5.148,-1.298,2.2020001
2018-11-15 03:00:00,-11.498,62.16815,0.096400276,0.437,0.432,0.364,-5.198,-1.298,2.152
2018-11-15 04:00:00,-10.748,60.057087,0.10806225,0.437,0.432,0.364,-4.798,-1.298,2.152
2018-11-15 05:00:00,-8.848,55.51654,0.13982445,0.437,0.431,0.364,-3.848,-1.3479999,2.152
2018-11-15 06:00:00,-6.648,50.03828,0.18626164,0.437,0.431,0.364,-2.698,-1.3479999,2.152
2018-11-15 07:00:00,-5.198,50.67549,0.20543326,0.437,0.431,0.364,-2.448,-1.3479999,2.102
2018-11-15 08:00:00,-3.9980001,48.413277,0.23522896,0.437,0.431,0.364,-2.2979999,-1.3479999,2.102
2018-11-15 09:00:00,-3.398,48.00749,0.24798338,0.437,0.431,0.364,-2.248,-1.3479999,2.102
2018-11-15 10:00:00,-3.498,50.155396,0.2359781,0.437,0.431,0.364,-2.198,-1.3479999,2.102
2018-11-15 11:00:00,-4.398,52.372288,0.21075289,0.437,0.431,0.364,-2.198,-1.3479999,2.102
2018-11-15 12:00:00,-5.498,54.87716,0.18371353,0.437,0.431,0.364,-2.2979999,-1.3479999,2.052
2018-11-15 13:00:00,-6.248,56.475246,0.167349,0.437,0.431,0.364,-2.348,-1.3479999,2.052
2018-11-15 14:00:00,-6.798,57.9537,0.15498374,0.437,0.431,0.364,-2.448,-1.3479999,2.052
2018-11-15 15:00:00,-7.348,59.480858,0.14315404,0.437,0.431,0.364,-2.5479999,-1.3479999,2.052
2018-11-15 16:00:00,-7.948,61.045616,0.131374,0.437,0.431,0.365,-2.648,-1.3479999,2.052
2018-11-15 17:00:00,-8.598,62.39464,0.12056129,0.436,0.431,0.365,-2.7979999,-1.3479999,2.002
2018-11-15 18:00:00,-9.298,63.25044,0.111526385,0.436,0.431,0.365,-3.098,-1.3479999,2.002
2018-11-15 19:00:00,-10.148,65.70095,0.09733884,0.436,0.431,0.365,-3.7979999,-1.3479999,2.002
2018-11-15 20:00:00,-10.698,66.38992,0.09130721,0.436,0.431,0.365,-4.248,-1.398,2.002
2018-11-15 21:00:00,-11.298,67.08046,0.085249335,0.436,0.43,0.365,-4.598,-1.398,1.952
2018-11-15 22:00:00,-12.048,67.75031,0.07863346,0.436,0.43,0.365,-4.848,-1.398,1.952
2018-11-15 23:00:00,-12.798,68.43537,0.07243571,0.436,0.43,0.365,-5.048,-1.398,1.952
2018-11-16 00:00:00,-13.298,68.900764,0.068525314,0.436,0.43,0.365,-5.248,-1.448,1.952
2018-11-16 01:00:00,-13.548,68.55356,0.06789085,0.436,0.43,0.365,-5.348,-1.448,1.952
2018-11-16 02:00:00,-13.848,68.77631,0.06577659,0.436,0.43,0.365,-5.448,-1.4979999,1.9020001
2018-11-16 03:00:00,-13.448,67.71119,0.070279226,0.436,0.43,0.365,-5.348,-1.4979999,1.9020001
2018-11-16 04:00:00,-11.998,64.16576,0.087717816,0.436,0.43,0.365,-4.798,-1.4979999,1.9020001
2018-11-16 05:00:00,-10.748,65.556725,0.0931969,0.436,0.43,0.365,-3.748,-1.4979999,1.9020001
2018-11-16 06:00:00,-7.698,61.610863,0.13200752,0.436,0.43,0.365,-2.598,-1.4979999,1.852
2018-11-16 07:00:00,-5.948,57.24986,0.16819,0.436,0.43,0.365,-2.448,-1.4979999,1.852
2018-11-16 08:00:00,-4.948,55.477375,0.1890035,0.436,0.43,0.365,-2.2979999,-1.4979999,1.852
2018-11-16 09:00:00,-4.548,56.48819,0.19038942,0.436,0.43,0.365,-2.248,-1.4979999,1.852
2018-11-16 10:00:00,-4.598,58.31255,0.18172586,0.436,0.43,0.365,-2.248,-1.4979999,1.852
2018-11-16 11:00:00,-5.248,62.732105,0.15466896,0.436,0.43,0.365,-2.248,-1.4979999,1.802
2018-11-16 12:00:00,-6.048,63.54328,0.14235613,0.436,0.43,0.365,-2.2979999,-1.4979999,1.802
2018-11-16 13:00:00,-6.698,64.15316,0.1331703,0.436,0.43,0.365,-2.348,-1.4979999,1.802
2018-11-16 14:00:00,-6.548,63.9322,0.13554414,0.436,0.429,0.365,-2.398,-1.4979999,1.802
2018-11-16 15:00:00,-6.098,63.786106,0.14086884,0.436,0.429,0.365,-2.448,-1.4979999,1.802
2018-11-16 16:00:00,-5.698,63.883972,0.14484623,0.436,0.429,0.365,-2.448,-1.4979999,1.7520001
2018-11-16 17:00:00,-5.848,64.617294,0.14029253,0.436,0.429,0.365,-2.498,-1.4979999,1.7520001
2018-11-16 18:00:00,-5.848,65.656815,0.1361734,0.436,0.429,0.365,-2.498,-1.548,1.7520001
2018-11-16 19:00:00,-6.048,67.19855,0.12809175,0.436,0.429,0.365,-2.5479999,-1.548,1.7520001
2018-11-16 20:00:00,-6.098,67.45534,0.12660447,0.436,0.429,0.365,-2.598,-1.548,1.7520001
2018-11-16 21:00:00,-6.598,68.700745,0.11718351,0.436,0.429,0.365,-2.698,-1.548,1.702
2018-11-16 22:00:00,-7.198,69.39789,0.10940018,0.436,0.429,0.365,-2.848,-1.548,1.702
2018-11-16 23:00:00,-7.498,69.89175,0.10516752,0.436,0.429,0.365,-3.0479999,-1.548,1.702
2018-11-17 00:00:00,-7.848,70.098076,0.10165048,0.436,0.429,0.365,-3.398,-1.548,1.702
2018-11-17 01:00:00,-8.298,70.85472,0.09567039,0.435,0.429,0.365,-3.7979999,-1.548,1.6520001
2018-11-17 02:00:00,-8.498,71.09943,0.09339844,0.435,0.429,0.365,-3.9980001,-1.548,1.6520001
2018-11-17 03:00:00,-8.298,70.85472,0.09567039,0.435,0.429,0.365,-4.048,-1.5979999,1.6520001
2018-11-17 04:00:00,-7.648,70.140816,0.103092924,0.435,0.429,0.365,-3.748,-1.5979999,1.6520001
2018-11-17 05:00:00,-6.748,68.39369,0.116975725,0.435,0.429,0.365,-3.248,-1.5979999,1.6520001
2018-11-17 06:00:00,-5.898,67.2327,0.12943357,0.435,0.429,0.365,-2.748,-1.5979999,1.602
2018-11-17 07:00:00,-5.248,69.26908,0.12755364,0.435,0.428,0.365,-2.598,-1.5979999,1.602
2018-11-17 08:00:00,-4.648,69.12655,0.13410255,0.435,0.428,0.365,-2.498,-1.5979999,1.602
2018-11-17 09:00:00,-4.198,68.95348,0.13950789,0.435,0.428,0.365,-2.448,-1.5979999,1.602
2018-11-17 10:00:00,-4.048,69.79877,0.13725087,0.435,0.428,0.365,-2.448,-1.5979999,1.602
2018-11-17 11:00:00,-4.248,70.85448,0.13047746,0.435,0.428,0.365,-2.448,-1.5979999,1.552
2018-11-17 12:00:00,-4.548,71.06987,0.1266177,0.435,0.428,0.365,-2.448,-1.5979999,1.552
2018-11-17 13:00:00,-4.698,71.59721,0.12291029,0.435,0.428,0.365,-2.498,-1.5979999,1.552
2018-11-17 14:00:00,-4.798,73.27605,0.11477715,0.435,0.428,0.365,-2.498,-1.5979999,1.552
2018-11-17 15:00:00,-4.798,76.18783,0.10227546,0.435,0.428,0.365,-2.498,-1.5979999,1.552
2018-11-17 16:00:00,-4.748,79.517075,0.08831316,0.435,0.428,0.365,-2.5479999,-1.5979999,1.552
2018-11-17 17:00:00,-4.748,82.96577,0.07344711,0.435,0.428,0.365,-2.5479999,-1.5979999,1.5020001
2018-11-17 18:00:00,-4.698,86.552185,0.058205307,0.435,0.428,0.365,-2.598,-1.5979999,1.5020001
2018-11-17 19:00:00,-4.698,88.5622,0.049506575,0.435,0.428,0.365,-2.598,-1.5979999,1.5020001
2018-11-17 20:00:00,-4.598,90.2766,0.042405874,0.435,0.428,0.366,-2.598,-1.5979999,1.5020001
2018-11-17 21:00:00,-4.498,90.28437,0.04269296,0.435,0.428,0.366,-2.648,-1.5979999,1.5020001
2018-11-17 22:00:00,-4.448,89.262726,0.047360003,0.435,0.428,0.366,-2.648,-1.5979999,1.452
2018-11-17 23:00:00,-4.398,87.91625,0.05349958,0.435,0.428,0.366,-2.648,-1.5979999,1.452
2018-11-18 00:00:00,-4.498,87.90673,0.053139567,0.435,0.428,0.366,-2.648,-1.5979999,1.452
2018-11-18 01:00:00,-4.448,86.91003,0.05773586,0.435,0.427,0.366,-2.648,-1.648,1.452
2018-11-18 02:00:00,-4.498,86.573235,0.058998317,0.435,0.427,0.366,-2.698,-1.648,1.452
2018-11-18 03:00:00,-4.598,86.56271,0.058600634,0.435,0.427,0.366,-2.698,-1.648,1.4020001
2018-11-18 04:00:00,-4.398,85.26919,0.06521729,0.435,0.427,0.366,-2.648,-1.648,1.4020001
2018-11-18 05:00:00,-4.098,84.009445,0.072410196,0.435,0.427,0.366,-2.598,-1.648,1.4020001
2018-11-18 06:00:00,-3.5479999,76.40549,0.111332744,0.435,0.427,0.366,-2.448,-1.648,1.4020001
2018-11-18 07:00:00,-3.598,73.79078,0.1232045,0.435,0.427,0.366,-2.398,-1.648,1.4020001
2018-11-18 08:00:00,-3.648,73.2129,0.12544954,0.435,0.427,0.366,-2.348,-1.648,1.4020001
2018-11-18 09:00:00,-3.648,73.2129,0.12544954,0.435,0.427,0.366,-2.2979999,-1.648,1.352
2018-11-18 10:00:00,-3.7979999,75.19256,0.11488265,0.435,0.427,0.366,-2.248,-1.648,1.352
2018-11-18 11:00:00,-4.198,78.3838,0.09714508,0.435,0.427,0.366,-2.2979999,-1.648,1.352
2018-11-18 12:00:00,-5.148,82.27484,0.07414538,0.435,0.427,0.366,-2.348,-1.648,1.352
2018-11-18 13:00:00,-5.998,84.0992,0.06234765,0.434,0.427,0.366,-2.398,-1.648,1.352
2018-11-18 14:00:00,-6.798,84.32913,0.05779043,0.434,0.427,0.366,-2.448,-1.648,1.352
2018-11-18 15:00:00,-7.598,84.89646,0.05236259,0.434,0.427,0.366,-2.5479999,-1.648,1.302
2018-11-18 16:00:00,-8.098,85.84774,0.047196895,0.434,0.427,0.366,-2.648,-1.648,1.302
2018-11-18 17:00:00,-8.898,87.13019,0.040321708,0.434,0.427,0.366,-2.748,-1.648,1.302
2018-11-18 18:00:00,-9.248,87.78946,0.03722015,0.434,0.427,0.366,-2.898,-1.648,1.302
2018-11-18 19:00:00,-8.798,86.79581,0.041694462,0.434,0.426,0.366,-3.098,-1.648,1.302
2018-11-18 20:00:00,-8.398,86.83784,0.04288158,0.434,0.426,0.366,-3.2979999,-1.648,1.302
2018-11-18 21:00:00,-8.148,86.86402,0.04363823,0.434,0.426,0.366,-3.448,-1.648,1.2520001
2018-11-18 22:00:00,-7.848,86.89533,0.044561476,0.434,0.426,0.366,-3.498,-1.648,1.2520001
2018-11-18 23:00:00,-7.648,86.916145,0.04518643,0.434,0.426,0.366,-3.5479999,-1.698,1.2520001
2018-11-19 00:00:00,-7.698,86.91094,0.04502949,0.434,0.426,0.366,-3.698,-1.698,1.2520001
2018-11-19 01:00:00,-7.848,86.89533,0.044561476,0.434,0.426,0.366,-3.848,-1.698,1.2520001
2018-11-19 02:00:00,-7.948,87.22743,0.043096423,0.434,0.426,0.366,-3.948,-1.698,1.2520001
2018-11-19 03:00:00,-7.998,87.22233,0.04294634,0.434,0.426,0.366,-4.048,-1.698,1.202
2018-11-19 04:00:00,-7.098,85.62342,0.051807076,0.434,0.426,0.366,-3.698,-1.7479999,1.202
2018-11-19 05:00:00,-6.148,84.080666,0.06170848,0.434,0.426,0.366,-3.098,-1.7479999,1.202
2018-11-19 06:00:00,-4.698,81.3891,0.08054748,0.434,0.426,0.366,-2.248,-1.7479999,1.202
2018-11-19 07:00:00,-3.698,79.37281,0.096247554,0.434,0.426,0.366,-2.148,-1.7479999,1.202
2018-11-19 08:00:00,-3.248,75.87248,0.11642817,0.434,0.426,0.366,-2.098,-1.7479999,1.202
2018-11-19 09:00:00,-3.098,75.318565,0.120440364,0.434,0.426,0.366,-2.0479999,-1.7479999,1.202
2018-11-19 10:00:00,-3.348,77.32537,0.10860512,0.434,0.426,0.366,-2.0479999,-1.7479999,1.1520001
2018-11-19 11:00:00,-4.098,79.61679,0.09229684,0.434,0.426,0.366,-2.098,-1.7479999,1.1520001
2018-11-19 12:00:00,-5.248,82.26128,0.07364118,0.434,0.426,0.366,-2.148,-1.698,1.1520001
2018-11-19 13:00:00,-5.948,83.130554,0.066397965,0.434,0.426,0.366,-2.198,-1.698,1.1520001
2018-11-19 14:00:00,-6.698,83.68464,0.060631126,0.434,0.426,0.366,-2.2979999,-1.698,1.1520001
2018-11-19 15:00:00,-7.198,84.28012,0.056211203,0.434,0.425,0.366,-2.398,-1.698,1.1520001
2018-11-19 16:00:00,-7.348,84.59329,0.05445689,0.434,0.425,0.366,-2.498,-1.698,1.102
2018-11-19 17:00:00,-7.448,84.581215,0.05407968,0.434,0.425,0.366,-2.598,-1.7479999,1.102
2018-11-19 18:00:00,-7.698,84.55097,0.05314648,0.434,0.425,0.366,-2.748,-1.7479999,1.102
2018-11-19 19:00:00,-7.048,83.64018,0.059179902,0.434,0.425,0.366,-2.898,-1.7479999,1.102
2018-11-19 20:00:00,-6.998,84.304665,0.056996077,0.434,0.425,0.366,-3.0479999,-1.7479999,1.102
2018-11-19 21:00:00,-7.298,84.59933,0.054646343,0.434,0.425,0.366,-3.348,-1.7479999,1.102
2018-11-19 22:00:00,-7.798,85.20772,0.050494492,0.434,0.425,0.366,-3.598,-1.7479999,1.102
2018-11-19 23:00:00,-8.148,85.16687,0.04927495,0.434,0.425,0.366,-3.898,-1.7479999,1.052
2018-11-20 00:00:00,-8.098,85.172714,0.049447566,0.434,0.425,0.366,-3.9980001,-1.7479999,1.052
2018-11-20 01:00:00,-8.348,85.48099,0.047485918,0.434,0.425,0.366,-4.098,-1.798,1.052
2018-11-20 02:00:00,-8.598,85.452255,0.046660244,0.434,0.425,0.366,-4.198,-1.798,1.052
2018-11-20 03:00:00,-8.698,85.440735,0.04633352,0.434,0.425,0.366,-4.298,-1.798,1.052
2018-11-20 04:00:00,-8.048,84.5085,0.05186349,0.433,0.425,0.366,-3.9980001,-1.798,1.052
2018-11-20 05:00:00,-6.998,82.99303,0.06175798,0.433,0.425,0.366,-3.398,-1.8479999,1.052
2018-11-20 06:00:00,-5.848,81.54233,0.07320443,0.433,0.425,0.366,-2.748,-1.8479999,1.052
2018-11-20 07:00:00,-4.848,81.68265,0.0783833,0.433,0.425,0.366,-2.498,-1.8479999,1.052
2018-11-20 08:00:00,-4.148,81.15442,0.085015684,0.433,0.425,0.367,-2.398,-1.8479999,1.002
2018-11-20 09:00:00,-3.7979999,82.141975,0.0827069,0.433,0.425,0.367,-2.348,-1.8479999,1.002
2018-11-20 10:00:00,-3.698,83.41992,0.07736704,0.433,0.425,0.367,-2.348,-1.8479999,1.002
2018-11-20 11:00:00,-3.898,86.30693,0.06294641,0.433,0.425,0.367,-2.348,-1.8479999,1.002
2018-11-20 12:00:00,-4.448,88.24758,0.051837057,0.433,0.424,0.367,-2.398,-1.8479999,1.002
2018-11-20 13:00:00,-4.898,89.22427,0.045941234,0.433,0.424,0.367,-2.448,-1.8479999,1.002
2018-11-20 14:00:00,-5.248,89.53694,0.04344052,0.433,0.424,0.367,-2.498,-1.8479999,1.002
2018-11-20 15:00:00,-5.298,90.222015,0.040442735,0.433,0.424,0.367,-2.498,-1.8479999,1.002
2018-11-20 16:00:00,-5.298,90.91596,0.03757274,0.433,0.424,0.367,-2.5479999,-1.8479999,1.002
2018-11-20 17:00:00,-4.998,91.63493,0.035395473,0.433,0.424,0.367,-2.5479999,-1.8479999,1.002
2018-11-20 18:00:00,-4.798,92.34917,0.032867342,0.433,0.424,0.367,-2.598,-1.8479999,1.002
2018-11-20 19:00:00,-4.748,92.70428,0.031460583,0.433,0.424,0.367,-2.598,-1.8479999,0.95199996
2018-11-20 20:00:00,-4.698,93.060326,0.030038655,0.433,0.424,0.367,-2.598,-1.8479999,0.95199996
2018-11-20 21:00:00,-4.848,93.40656,0.02821824,0.433,0.424,0.367,-2.648,-1.8479999,0.95199996
2018-11-20 22:00:00,-4.948,93.75738,0.026515573,0.433,0.424,0.367,-2.698,-1.8479999,0.95199996
2018-11-20 23:00:00,-4.598,93.77514,0.027148932,0.433,0.424,0.367,-2.698,-1.8479999,0.95199996
2018-11-21 00:00:00,-4.148,93.79786,0.027982652,0.433,0.424,0.367,-2.698,-1.8479999,0.95199996
2018-11-21 01:00:00,-3.898,93.81045,0.028455168,0.433,0.424,0.367,-2.698,-1.8479999,0.95199996
2018-11-21 02:00:00,-3.748,93.465126,0.030382395,0.433,0.424,0.367,-2.648,-1.8479999,0.95199996
2018-11-21 03:00:00,-3.9980001,92.74838,0.033088148,0.433,0.424,0.367,-2.698,-1.8479999,0.95199996
2018-11-21 04:00:00,-3.848,91.36587,0.03984183,0.433,0.424,0.367,-2.648,-1.8479999,0.95199996
2018-11-21 05:00:00,-3.5479999,89.00181,0.05190292,0.433,0.424,0.367,-2.598,-1.8479999,0.95199996
2018-11-21 06:00:00,-3.198,86.70882,0.06438416,0.433,0.424,0.367,-2.498,-1.8479999,0.95199996
2018-11-21 07:00:00,-2.748,81.97236,0.09029925,0.433,0.424,0.367,-2.398,-1.8479999,0.95199996
2018-11-21 08:00:00,-2.598,82.3039,0.08963174,0.433,0.424,0.367,-2.2979999,-1.8479999,0.95199996
2018-11-21 09:00:00,-2.498,81.69658,0.09339762,0.433,0.423,0.367,-2.248,-1.8479999,0.95199996
2018-11-21 10:00:00,-2.848,81.95872,0.089698255,0.433,0.423,0.367,-2.248,-1.8479999,0.95199996
2018-11-21 11:00:00,-3.498,83.76364,0.076906085,0.433,0.423,0.367,-2.248,-1.8479999,0.95199996
2018-11-21 12:00:00,-4.198,85.94614,0.06316477,0.433,0.423,0.367,-2.2979999,-1.8479999,0.95199996
2018-11-21 13:00:00,-4.448,87.91148,0.053319275,0.433,0.423,0.367,-2.348,-1.8479999,0.902
2018-11-21 14:00:00,-4.398,89.26698,0.04751998,0.433,0.423,0.367,-2.398,-1.8479999,0.902
2018-11-21 15:00:00,-4.098,90.31533,0.04385805,0.433,0.423,0.367,-2.448,-1.8479999,0.902
2018-11-21 16:00:00,-3.848,91.36587,0.03984183,0.433,0.423,0.367,-2.448,-1.8479999,0.902
2018-11-21 17:00:00,-3.448,92.08465,0.037635714,0.433,0.423,0.367,-2.448,-1.8479999,0.902
2018-11-21 18:00:00,-2.998,92.11317,0.03878036,0.433,0.423,0.367,-2.448,-1.8479999,0.902
2018-11-21 19:00:00,-2.648,92.826775,0.036201507,0.433,0.423,0.367,-2.398,-1.8479999,0.902
2018-11-21 20:00:00,-2.398,92.841156,0.036804974,0.433,0.423,0.367,-2.398,-1.8479999,0.902
2018-11-21 21:00:00,-2.2979999,92.84691,0.037048727,0.433,0.423,0.367,-2.348,-1.8479999,0.902
2018-11-21 22:00:00,-2.2979999,92.84691,0.037048727,0.433,0.423,0.367,-2.348,-1.8479999,0.902
2018-11-21 23:00:00,-2.398,92.841156,0.036804974,0.433,0.423,0.367,-2.348,-1.8479999,0.902
2018-11-22 00:00:00,-2.498,92.83541,0.036562532,0.432,0.423,0.367,-2.2979999,-1.8479999,0.902
2018-11-22 01:00:00,-2.498,92.14466,0.040087372,0.432,0.423,0.367,-2.2979999,-1.8479999,0.902
2018-11-22 02:00:00,-2.498,92.14466,0.040087372,0.432,0.423,0.367,-2.2979999,-1.8479999,0.902
2018-11-22 03:00:00,-2.448,91.804276,0.04197958,0.432,0.423,0.367,-2.2979999,-1.8479999,0.902
2018-11-22 04:00:00,-2.348,91.81082,0.042257994,0.432,0.423,0.367,-2.2979999,-1.8479999,0.902
2018-11-22 05:00:00,-2.0479999,91.489044,0.044903517,0.432,0.423,0.367,-2.248,-1.8479999,0.902
2018-11-22 06:00:00,-1.698,90.1621,0.05326101,0.432,0.423,0.367,-2.248,-1.8479999,0.902
2018-11-22 07:00:00,-1.5979999,92.200905,0.04253578,0.432,0.423,0.367,-2.248,-1.8479999,0.902
2018-11-22 08:00:00,-1.3479999,90.86052,0.050770044,0.432,0.422,0.367,-2.198,-1.798,0.902
2018-11-22 09:00:00,-1.048,90.88216,0.05177641,0.432,0.422,0.367,-2.198,-1.798,0.902
2018-11-22 10:00:00,-0.99799997,91.5597,0.04810494,0.432,0.422,0.367,-2.198,-1.798,0.902
2018-11-22 11:00:00,-1.2479999,91.204796,0.04921758,0.432,0.422,0.367,-2.198,-1.798,0.902
2018-11-22 12:00:00,-1.548,89.83926,0.05561942,0.432,0.422,0.367,-2.198,-1.798,0.902
2018-11-22 13:00:00,-2.0479999,88.13705,0.0625869,0.432,0.422,0.367,-2.148,-1.798,0.852
2018-11-22 14:00:00,-2.698,87.74589,0.0616118,0.432,0.422,0.367,-2.148,-1.798,0.852
2018-11-22 15:00:00,-3.348,88.01565,0.057408124,0.432,0.422,0.367,-2.148,-1.798,0.852
2018-11-22 16:00:00,-3.7979999,87.97319,0.05570382,0.432,0.422,0.367,-2.148,-1.798,0.852
2018-11-22 17:00:00,-4.198,88.27075,0.052718163,0.432,0.422,0.367,-2.148,-1.798,0.852
2018-11-22 18:00:00,-4.548,88.2383,0.05148822,0.432,0.422,0.367,-2.148,-1.798,0.852
2018-11-22 19:00:00,-5.148,86.837906,0.055060834,0.432,0.422,0.367,-2.148,-1.798,0.852
2018-11-22 20:00:00,-5.398,87.147026,0.052756935,0.432,0.422,0.367,-2.148,-1.798,0.852
2018-11-22 21:00:00,-5.798,87.781845,0.048647135,0.432,0.422,0.367,-2.148,-1.798,0.852
2018-11-22 22:00:00,-5.948,88.44817,0.045470953,0.432,0.422,0.367,-2.148,-1.798,0.852
2018-11-22 23:00:00,-6.148,89.11634,0.042191297,0.432,0.422,0.367,-2.148,-1.798,0.852
2018-11-23 00:00:00,-6.498,89.43181,0.039884508,0.432,0.422,0.367,-2.148,-1.798,0.852
2018-11-23 01:00:00,-6.698,89.76255,0.038047552,0.432,0.422,0.367,-2.148,-1.798,0.852
2018-11-23 02:00:00,-7.048,90.08353,0.035874963,0.432,0.422,0.367,-2.148,-1.798,0.852
2018-11-23 03:00:00,-7.398,90.407455,0.033777952,0.432,0.422,0.367,-2.148,-1.798,0.852
2018-11-23 04:00:00,-7.048,90.08353,0.035874963,0.432,0.422,0.367,-2.148,-1.798,0.852
2018-11-23 05:00:00,-6.298,88.75902,0.04307878,0.432,0.422,0.367,-2.148,-1.798,0.852
2018-11-23 06:00:00,-5.648,86.78604,0.05321631,0.432,0.422,0.367,-2.148,-1.798,0.852
2018-11-23 07:00:00,-5.348,82.566826,0.071825415,0.432,0.422,0.367,-2.148,-1.798,0.852
2018-11-23 08:00:00,-5.048,81.02535,0.07997489,0.432,0.422,0.367,-2.098,-1.798,0.852
2018-11-23 09:00:00,-5.098,80.704994,0.08101717,0.432,0.421,0.368,-2.098,-1.798,0.852
2018-11-23 10:00:00,-5.148,81.01093,0.07943109,0.432,0.421,0.368,-2.098,-1.798,0.852
2018-11-23 11:00:00,-5.948,82.80787,0.06766775,0.432,0.421,0.368,-2.098,-1.798,0.852
2018-11-23 12:00:00,-6.798,84.99091,0.055350512,0.432,0.421,0.368,-2.098,-1.798,0.852
2018-11-23 13:00:00,-7.048,86.978294,0.047106862,0.432,0.421,0.368,-2.098,-1.798,0.852
2018-11-23 14:00:00,-6.698,88.37894,0.04318893,0.432,0.421,0.368,-2.098,-1.798,0.852
2018-11-23 15:00:00,-6.398,89.09457,0.041473985,0.432,0.421,0.368,-2.098,-1.7479999,0.852
2018-11-23 16:00:00,-6.098,88.77694,0.043673515,0.432,0.421,0.368,-2.098,-1.7479999,0.852
2018-11-23 17:00:00,-5.598,89.50766,0.04241827,0.431,0.421,0.368,-2.098,-1.7479999,0.852
2018-11-23 18:00:00,-5.148,89.202805,0.045169026,0.431,0.421,0.368,-2.098,-1.7479999,0.852
2018-11-23 19:00:00,-4.548,88.91441,0.04852882,0.431,0.421,0.368,-2.098,-1.7479999,0.852
2018-11-23 20:00:00,-4.748,89.23711,0.046410054,0.431,0.421,0.368,-2.098,-1.7479999,0.852
2018-11-23 21:00:00,-4.898,90.5986,0.040082484,0.431,0.421,0.368,-2.098,-1.7479999,0.802
2018-11-23 22:00:00,-4.798,91.2998,0.037374914,0.431,0.421,0.368,-2.098,-1.7479999,0.802
2018-11-23 23:00:00,-4.348,92.02716,0.03543362,0.431,0.421,0.368,-2.098,-1.7479999,0.802
2018-11-24 00:00:00,-4.048,91.69863,0.0377357,0.431,0.421,0.368,-2.098,-1.7479999,0.802
2018-11-24 01:00:00,-4.598,91.313774,0.037882984,0.431,0.421,0.368,-2.098,-1.7479999,0.802
2018-11-24 02:00:00,-5.198,92.32436,0.031989813,0.431,0.421,0.368,-2.098,-1.7479999,0.802
2018-11-24 03:00:00,-5.798,92.64187,0.029298395,0.431,0.421,0.368,-2.098,-1.7479999,0.802
2018-11-24 04:00:00,-5.848,91.577324,0.03340909,0.431,0.421,0.368,-2.098,-1.7479999,0.802
2018-11-24 05:00:00,-5.498,87.81084,0.04965359,0.431,0.421,0.368,-2.0479999,-1.7479999,0.802
2018-11-24 06:00:00,-5.298,88.848206,0.04612422,0.431,0.421,0.368,-2.0479999,-1.7479999,0.802
2018-11-24 07:00:00,-5.798,88.80374,0.04457897,0.431,0.421,0.368,-2.0479999,-1.7479999,0.802
2018-11-24 08:00:00,-5.698,86.446266,0.05437696,0.431,0.421,0.368,-2.0479999,-1.7479999,0.802
2018-11-24 09:00:00,-6.048,81.514084,0.07220495,0.431,0.421,0.368,-2.0479999,-1.7479999,0.802
2018-11-24 10:00:00,-6.598,79.22945,0.07777792,0.431,0.421,0.368,-2.0479999,-1.7479999,0.802
2018-11-24 11:00:00,-7.548,79.07948,0.07280433,0.431,0.42,0.368,-2.0479999,-1.7479999,0.802
2018-11-24 12:00:00,-8.848,79.506134,0.06445199,0.431,0.42,0.368,-2.0479999,-1.7479999,0.802
2018-11-24 13:00:00,-10.048,78.996574,0.060097918,0.431,0.42,0.368,-2.0479999,-1.7479999,0.802
2018-11-24 14:00:00,-10.998,76.93339,0.061197877,0.431,0.42,0.368,-2.0479999,-1.7479999,0.802
2018-11-24 15:00:00,-11.898,73.66653,0.064997986,0.431,0.42,0.368,-2.0479999,-1.7479999,0.802
2018-11-24 16:00:00,-12.648,72.000114,0.0650474,0.431,0.42,0.368,-2.098,-1.7479999,0.802
2018-11-24 17:00:00,-12.898,70.45567,0.067255005,0.431,0.42,0.368,-2.098,-1.7479999,0.802
2018-11-24 18:00:00,-12.698,69.326195,0.070966244,0.431,0.42,0.368,-2.098,-1.7479999,0.802
2018-11-24 19:00:00,-12.398,68.814095,0.07392365,0.431,0.42,0.368,-2.098,-1.7479999,0.802
2018-11-24 20:00:00,-11.798,70.986855,0.07218589,0.431,0.42,0.368,-2.098,-1.7479999,0.802
2018-11-24 21:00:00,-11.398,74.06924,0.066626504,0.431,0.42,0.368,-2.098,-1.7479999,0.802
2018-11-24 22:00:00,-11.198,77.214096,0.059495047,0.431,0.42,0.368,-2.098,-1.7479999,0.802
2018-11-24 23:00:00,-10.998,79.48877,0.054421082,0.431,0.42,0.368,-2.098,-1.7479999,0.802
2018-11-25 00:00:00,-10.898,80.481544,0.052202925,0.431,0.42,0.368,-2.098,-1.7479999,0.802
2018-11-25 01:00:00,-10.598,80.85428,0.052444786,0.431,0.42,0.368,-2.098,-1.7479999,0.802
2018-11-25 02:00:00,-10.248,80.25425,0.05561237,0.431,0.42,0.368,-2.098,-1.7479999,0.802
2018-11-25 03:00:00,-9.848,80.639656,0.056281522,0.431,0.42,0.368,-2.098,-1.698,0.802
2018-11-25 04:00:00,-9.398,80.38333,0.059086576,0.431,0.42,0.368,-2.098,-1.698,0.802
2018-11-25 05:00:00,-8.898,80.458694,0.06121698,0.431,0.42,0.368,-2.098,-1.698,0.802
2018-11-25 06:00:00,-8.398,80.53365,0.06341377,0.43,0.42,0.368,-2.098,-1.698,0.802
2018-11-25 07:00:00,-7.848,81.90298,0.061532944,0.43,0.42,0.368,-2.098,-1.698,0.802
2018-11-25 08:00:00,-7.648,81.93091,0.06239876,0.43,0.42,0.368,-2.098,-1.698,0.802
2018-11-25 09:00:00,-7.398,81.32176,0.06576249,0.43,0.42,0.368,-2.098,-1.698,0.802
2018-11-25 10:00:00,-7.448,83.589165,0.057558328,0.43,0.42,0.368,-2.098,-1.698,0.802
2018-11-25 11:00:00,-7.548,83.90613,0.056011647,0.43,0.42,0.368,-2.098,-1.698,0.802
2018-11-25 12:00:00,-7.748,84.21237,0.05410084,0.43,0.42,0.368,-2.098,-1.698,0.802
2018-11-25 13:00:00,-7.998,84.51457,0.052045107,0.43,0.42,0.368,-2.098,-1.698,0.802
2018-11-25 14:00:00,-8.298,84.813095,0.049863845,0.43,0.42,0.368,-2.098,-1.698,0.802
2018-11-25 15:00:00,-8.548,84.78316,0.048996806,0.43,0.42,0.368,-2.098,-1.698,0.802
2018-11-25 16:00:00,-8.898,85.41766,0.045685887,0.43,0.419,0.368,-2.098,-1.698,0.752
2018-11-25 17:00:00,-8.948,85.752106,0.044463813,0.43,0.419,0.368,-2.098,-1.698,0.802
2018-11-25 18:00:00,-8.898,86.44153,0.04247883,0.43,0.419,0.368,-2.098,-1.698,0.752
2018-11-25 19:00:00,-8.798,86.79581,0.041694462,0.43,0.419,0.368,-2.098,-1.698,0.752
2018-11-25 20:00:00,-8.648,87.155876,0.041036457,0.43,0.419,0.368,-2.098,-1.698,0.752
2018-11-25 21:00:00,-8.298,87.19173,0.042055517,0.43,0.419,0.368,-2.098,-1.698,0.752
2018-11-25 22:00:00,-7.948,86.88491,0.04425189,0.43,0.419,0.368,-2.098,-1.698,0.752
2018-11-25 23:00:00,-7.548,86.92653,0.04550174,0.43,0.419,0.368,-2.098,-1.698,0.752
2018-11-26 00:00:00,-7.248,86.27968,0.048873514,0.43,0.419,0.368,-2.0479999,-1.698,0.752
2018-11-26 01:00:00,-7.198,86.623344,0.04783386,0.43,0.419,0.368,-2.0479999,-1.698,0.752
2018-11-26 02:00:00,-7.198,86.9628,0.04662022,0.43,0.419,0.368,-2.0479999,-1.698,0.752
2018-11-26 03:00:00,-7.198,86.9628,0.04662022,0.43,0.419,0.368,-2.0479999,-1.698,0.752
2018-11-26 04:00:00,-7.098,86.63395,0.048166245,0.43,0.419,0.368,-2.0479999,-1.698,0.752
2018-11-26 05:00:00,-6.998,85.634735,0.052167,0.43,0.419,0.368,-2.0479999,-1.698,0.752
2018-11-26 06:00:00,-6.948,84.64145,0.05598867,0.43,0.419,0.368,-2.0479999,-1.698,0.752
2018-11-26 07:00:00,-6.898,79.18225,0.076176465,0.43,0.419,0.368,-2.0479999,-1.698,0.752
2018-11-26 08:00:00,-6.898,78.25114,0.07958242,0.43,0.419,0.368,-2.0479999,-1.698,0.752
2018-11-26 09:00:00,-6.698,77.36369,0.08411312,0.43,0.419,0.368,-2.0479999,-1.698,0.752
2018-11-26 10:00:00,-6.548,76.17834,0.08954212,0.43,0.419,0.368,-2.0479999,-1.698,0.752
2018-11-26 11:00:00,-6.698,77.05912,0.08524445,0.43,0.419,0.368,-2.0479999,-1.698,0.752
2018-11-26 12:00:00,-6.798,77.95951,0.08127242,0.43,0.419,0.368,-2.0479999,-1.698,0.752
2018-11-26 13:00:00,-7.048,78.84683,0.07651377,0.43,0.419,0.368,-2.0479999,-1.698,0.752
2018-11-26 14:00:00,-7.398,79.731544,0.071359545,0.43,0.419,0.368,-2.0479999,-1.698,0.752
2018-11-26 15:00:00,-7.548,80.02452,0.06951663,0.43,0.419,0.368,-2.0479999,-1.698,0.752
2018-11-26 16:00:00,-7.598,80.01691,0.06927425,0.43,0.419,0.368,-2.0479999,-1.698,0.752
2018-11-26 17:00:00,-7.798,80.30415,0.06722796,0.429,0.419,0.368,-2.0479999,-1.698,0.752
2018-11-26 18:00:00,-8.048,80.90644,0.06391901,0.429,0.419,0.368,-2.0479999,-1.698,0.752
2018-11-26 19:00:00,-9.498,80.3682,0.0586683,0.429,0.419,0.368,-2.0479999,-1.698,0.752
2018-11-26 20:00:00,-10.348,80.5646,0.05430612,0.429,0.419,0.368,-2.0479999,-1.698,0.752
2018-11-26 21:00:00,-10.798,79.19731,0.056081578,0.429,0.419,0.368,-2.0479999,-1.698,0.752
2018-11-26 22:00:00,-10.948,78.21009,0.05804336,0.429,0.419,0.369,-2.0479999,-1.698,0.752
2018-11-26 23:00:00,-11.048,76.92463,0.060977146,0.429,0.419,0.369,-2.0479999,-1.648,0.752
2018-11-27 00:00:00,-10.948,75.69258,0.06474598,0.429,0.418,0.369,-2.0479999,-1.698,0.752
2018-11-27 01:00:00,-10.598,73.92014,0.07142882,0.429,0.418,0.369,-2.0479999,-1.648,0.752
2018-11-27 02:00:00,-10.398,72.16452,0.07745585,0.429,0.418,0.369,-2.0479999,-1.648,0.752
2018-11-27 03:00:00,-10.548,70.66712,0.08065264,0.429,0.418,0.369,-2.0479999,-1.648,0.752
2018-11-27 04:00:00,-10.298,68.15078,0.089322805,0.429,0.418,0.369,-2.0479999,-1.648,0.752
2018-11-27 05:00:00,-9.848,65.50226,0.10025464,0.429,0.418,0.369,-2.0479999,-1.648,0.752
2018-11-27 06:00:00,-9.148,62.25442,0.11590505,0.429,0.418,0.369,-2.0479999,-1.648,0.752
2018-11-27 07:00:00,-7.798,57.91829,0.14357407,0.429,0.418,0.369,-2.0479999,-1.648,0.752
2018-11-27 08:00:00,-7.098,57.872093,0.15173486,0.429,0.418,0.369,-2.0479999,-1.648,0.752
2018-11-27 09:00:00,-6.498,57.33182,0.16094308,0.429,0.418,0.369,-2.0479999,-1.648,0.752
2018-11-27 10:00:00,-6.198,58.8264,0.15892461,0.429,0.418,0.369,-2.0479999,-1.648,0.752
2018-11-27 11:00:00,-6.148,63.01097,0.1433325,0.429,0.418,0.369,-2.0479999,-1.648,0.752
2018-11-27 12:00:00,-6.298,67.409966,0.124854326,0.429,0.418,0.369,-2.0479999,-1.648,0.752
2018-11-27 13:00:00,-6.598,70.92602,0.10885644,0.429,0.418,0.369,-2.0479999,-1.648,0.752
2018-11-27 14:00:00,-6.898,73.15684,0.09821507,0.429,0.418,0.369,-2.0479999,-1.648,0.752
2018-11-27 15:00:00,-6.748,74.94769,0.09272978,0.429,0.418,0.369,-2.0479999,-1.648,0.752
2018-11-27 16:00:00,-6.298,78.042015,0.08413711,0.429,0.418,0.369,-2.0479999,-1.648,0.752
2018-11-27 17:00:00,-5.998,80.57268,0.07617155,0.429,0.418,0.369,-2.0479999,-1.648,0.752
2018-11-27 18:00:00,-5.848,82.82109,0.06813389,0.429,0.418,0.369,-2.0479999,-1.648,0.752
2018-11-27 19:00:00,-5.548,83.182526,0.068243355,0.429,0.418,0.369,-2.0479999,-1.648,0.752
2018-11-27 20:00:00,-5.398,84.49894,0.06362432,0.429,0.418,0.369,-1.9979999,-1.648,0.752
2018-11-27 21:00:00,-5.248,85.50044,0.06019637,0.429,0.418,0.369,-1.9979999,-1.648,0.752
2018-11-27 22:00:00,-4.948,86.1942,0.058635294,0.429,0.418,0.369,-1.9979999,-1.648,0.752
2018-11-27 23:00:00,-4.748,86.879196,0.056575984,0.429,0.418,0.369,-1.9979999,-1.648,0.752
2018-11-28 00:00:00,-4.498,87.90673,0.053139567,0.429,0.418,0.369,-1.9979999,-1.648,0.70199996
2018-11-28 01:00:00,-4.298,88.59835,0.050861627,0.429,0.418,0.369,-1.9979999,-1.648,0.752
2018-11-28 02:00:00,-4.248,89.619934,0.046479583,0.429,0.418,0.369,-1.9979999,-1.648,0.70199996
2018-11-28 03:00:00,-4.298,90.29988,0.043272108,0.428,0.418,0.369,-1.9979999,-1.648,0.70199996
2018-11-28 04:00:00,-4.248,89.96127,0.04495138,0.428,0.418,0.369,-1.9979999,-1.648,0.70199996
2018-11-28 05:00:00,-3.948,88.62984,0.05207351,0.428,0.418,0.369,-1.9979999,-1.648,0.70199996
2018-11-28 06:00:00,-3.7979999,88.307686,0.054154754,0.428,0.418,0.369,-1.9979999,-1.648,0.70199996
2018-11-28 07:00:00,-3.448,87.34232,0.060181767,0.428,0.418,0.369,-1.948,-1.648,0.70199996
2018-11-28 08:00:00,-3.198,87.037384,0.06279272,0.428,0.418,0.369,-1.948,-1.648,0.70199996
2018-11-28 09:00:00,-2.948,86.407776,0.0670802,0.428,0.417,0.369,-1.948,-1.648,0.70199996
2018-11-28 10:00:00,-2.998,87.38679,0.062017858,0.428,0.417,0.369,-1.948,-1.648,0.70199996
2018-11-28 11:00:00,-3.348,89.69381,0.04937005,0.428,0.417,0.369,-1.948,-1.648,0.70199996
2018-11-28 12:00:00,-3.848,91.020966,0.041433275,0.428,0.417,0.369,-1.948,-1.648,0.70199996
2018-11-28 13:00:00,-4.048,91.69863,0.0377357,0.428,0.417,0.369,-1.948,-1.648,0.70199996
2018-11-28 14:00:00,-3.848,91.71194,0.038245052,0.428,0.417,0.369,-1.948,-1.648,0.70199996
2018-11-28 15:00:00,-3.7979999,92.06236,0.036765665,0.428,0.417,0.369,-1.948,-1.648,0.70199996
2018-11-28 16:00:00,-3.698,92.41675,0.03538859,0.428,0.417,0.369,-1.948,-1.648,0.70199996
2018-11-28 17:00:00,-3.498,92.08147,0.037510365,0.428,0.417,0.369,-1.948,-1.648,0.70199996
2018-11-28 18:00:00,-3.448,91.39346,0.040921926,0.428,0.417,0.369,-1.898,-1.648,0.70199996
2018-11-28 19:00:00,-3.498,88.67015,0.05366826,0.428,0.417,0.369,-1.898,-1.648,0.70199996
2018-11-28 20:00:00,-3.7979999,84.36749,0.072401464,0.428,0.417,0.369,-1.898,-1.648,0.70199996
2018-11-28 21:00:00,-4.248,81.76611,0.08164027,0.428,0.417,0.369,-1.898,-1.5979999,0.70199996
2018-11-28 22:00:00,-4.598,83.30504,0.07280481,0.428,0.417,0.369,-1.898,-1.5979999,0.70199996
2018-11-28 23:00:00,-4.148,87.605804,0.05591631,0.428,0.417,0.369,-1.898,-1.5979999,0.70199996
2018-11-29 00:00:00,-3.198,90.38447,0.046580374,0.428,0.417,0.369,-1.898,-1.5979999,0.70199996
2018-11-29 01:00:00,-2.148,91.48226,0.044608414,0.428,0.417,0.369,-1.898,-1.5979999,0.70199996
2018-11-29 02:00:00,-1.0979999,91.8919,0.045874476,0.428,0.417,0.369,-1.898,-1.5979999,0.70199996
2018-11-29 03:00:00,-0.098000005,92.293335,0.046903253,0.428,0.417,0.369,-1.898,-1.5979999,0.70199996
2018-11-29 04:00:00,0.70199996,93.35462,0.042856097,0.428,0.417,0.369,-1.898,-1.5979999,0.70199996
2018-11-29 05:00:00,1.102,94.737015,0.034933448,0.428,0.417,0.369,-1.898,-1.5979999,0.70199996
2018-11-29 06:00:00,1.2520001,95.77461,0.028350413,0.428,0.417,0.369,-1.8479999,-1.5979999,0.70199996
2018-11-29 07:00:00,1.352,96.123695,0.026195586,0.437,0.417,0.369,-1.8479999,-1.5979999,0.70199996
2018-11-29 08:00:00,1.302,96.12214,0.026112318,0.448,0.417,0.369,-1.8479999,-1.5979999,0.70199996
2018-11-29 09:00:00,1.2520001,95.77461,0.028350413,0.456,0.417,0.369,-1.8479999,-1.5979999,0.70199996
2018-11-29 10:00:00,1.2520001,94.74331,0.035269856,0.464,0.417,0.369,-1.8479999,-1.5979999,0.70199996
2018-11-29 11:00:00,1.1520001,94.73911,0.035045266,0.469,0.417,0.369,-1.8479999,-1.5979999,0.70199996
2018-11-29 12:00:00,0.652,93.69185,0.040534854,0.471,0.417,0.369,-1.8479999,-1.5979999,0.70199996
2018-11-29 13:00:00,-1.5979999,85.905,0.076869816,0.471,0.417,0.369,-1.798,-1.5979999,0.70199996
2018-11-29 14:00:00,-4.898,83.91051,0.06859174,0.471,0.417,0.369,-1.798,-1.5979999,0.70199996
2018-11-29 15:00:00,-7.398,82.289406,0.06235653,0.47,0.417,0.369,-1.798,-1.5979999,0.70199996
2018-11-29 16:00:00,-8.648,81.465294,0.05921212,0.47,0.418,0.369,-1.798,-1.5979999,0.70199996
2018-11-29 17:00:00,-9.348,80.714294,0.058319077,0.469,0.418,0.369,-1.798,-1.5979999,0.70199996
2018-11-29 18:00:00,-9.998,80.292336,0.056615308,0.469,0.418,0.369,-1.798,-1.5979999,0.70199996
2018-11-29 19:00:00,-10.598,80.20074,0.054234266,0.468,0.418,0.369,-1.798,-1.5979999,0.70199996
2018-11-29 20:00:00,-11.198,80.108536,0.05194068,0.468,0.418,0.369,-1.798,-1.5979999,0.70199996
2018-11-29 21:00:00,-11.998,79.65654,0.049817175,0.468,0.418,0.369,-1.8479999,-1.5979999,0.70199996
2018-11-29 22:00:00,-13.048,79.48989,0.0461341,0.467,0.418,0.369,-1.8479999,-1.5979999,0.70199996
2018-11-29 23:00:00,-13.898,79.353546,0.04332857,0.467,0.418,0.369,-1.8479999,-1.5979999,0.70199996
2018-11-30 00:00:00,-14.498,79.256516,0.04143879,0.467,0.418,0.369,-1.8479999,-1.5979999,0.70199996
2018-11-30 01:00:00,-15.048,78.833275,0.040406704,0.466,0.418,0.369,-1.8479999,-1.5979999,0.70199996
2018-11-30 02:00:00,-15.348,78.45041,0.04012701,0.466,0.418,0.369,-1.8479999,-1.5979999,0.70199996
2018-11-30 03:00:00,-15.848,78.36601,0.038643092,0.466,0.419,0.369,-1.8479999,-1.5979999,0.70199996
2018-11-30 04:00:00,-16.148,77.649055,0.038935527,0.465,0.419,0.369,-1.898,-1.5979999,0.70199996
2018-11-30 05:00:00,-16.148,76.006,0.041795835,0.465,0.419,0.369,-1.898,-1.5979999,0.70199996
2018-11-30 06:00:00,-16.048,72.83349,0.04771477,0.465,0.419,0.369,-1.898,-1.5979999,0.70199996
2018-11-30 07:00:00,-15.898,71.62292,0.05046712,0.464,0.419,0.369,-1.898,-1.548,0.70199996
2018-11-30 08:00:00,-15.997999,70.98778,0.051166877,0.464,0.419,0.369,-1.898,-1.548,0.70199996
2018-11-30 09:00:00,-16.198,70.94451,0.050393842,0.464,0.419,0.369,-1.898,-1.548,0.70199996
2018-11-30 10:00:00,-16.348,72.14709,0.04770717,0.463,0.419,0.369,-1.898,-1.548,0.70199996
2018-11-30 11:00:00,-16.648,73.65801,0.04400023,0.463,0.419,0.369,-1.898,-1.548,0.70199996
2018-11-30 12:00:00,-16.798,74.58785,0.041916527,0.463,0.419,0.369,-1.948,-1.548,0.70199996
2018-11-30 13:00:00,-16.548,74.958435,0.04218228,0.462,0.419,0.369,-1.948,-1.548,0.70199996
2018-11-30 14:00:00,-16.348,75.968925,0.041165695,0.462,0.419,0.369,-1.948,-1.548,0.70199996
2018-11-30 15:00:00,-15.898,76.70458,0.04143572,0.462,0.419,0.369,-1.948,-1.548,0.70199996
2018-11-30 16:00:00,-15.598,77.74463,0.040588543,0.462,0.419,0.369,-1.948,-1.548,0.70199996
2018-11-30 17:00:00,-15.548,78.4167,0.039527565,0.461,0.419,0.369,-1.948,-1.548,0.70199996
2018-11-30 18:00:00,-15.248,78.46722,0.040429696,0.461,0.419,0.369,-1.948,-1.548,0.70199996
2018-11-30 19:00:00,-15.748,79.3889,0.03712505,0.461,0.419,0.369,-1.948,-1.548,0.70199996
2018-11-30 20:00:00,-15.598,78.74197,0.03877066,0.46,0.42,0.369,-1.948,-1.548,0.70199996
2018-11-30 21:00:00,-15.748,79.052284,0.037731037,0.46,0.42,0.369,-1.9979999,-1.548,0.70199996
2018-11-30 22:00:00,-15.448,78.76692,0.03921108,0.46,0.42,0.369,-1.9979999,-1.548,0.70199996
2018-11-30 23:00:00,-15.198,78.47563,0.040581793,0.46,0.42,0.37,-1.9979999,-1.548,0.70199996
2018-12-01 00:00:00,-14.998,78.841545,0.040558368,0.459,0.42,0.37,-1.9979999,-1.548,0.652
2018-12-01 01:00:00,-14.698,79.224045,0.04082501,0.459,0.42,0.37,-1.9979999,-1.548,0.652
2018-12-01 02:00:00,-14.498,79.925255,0.040103525,0.459,0.42,0.37,-1.9979999,-1.548,0.652
2018-12-01 03:00:00,-14.348,80.28479,0.03987485,0.459,0.42,0.37,-1.9979999,-1.548,0.652
2018-12-01 04:00:00,-14.148,80.65248,0.039779976,0.458,0.42,0.37,-1.9979999,-1.548,0.652
2018-12-01 05:00:00,-13.848,80.02737,0.042087182,0.458,0.42,0.37,-1.9979999,-1.548,0.652
2018-12-01 06:00:00,-13.398,79.43388,0.04496035,0.458,0.42,0.37,-1.9979999,-1.548,0.652
2018-12-01 07:00:00,-12.898,77.23695,0.05182679,0.458,0.42,0.37,-1.9979999,-1.548,0.652
2018-12-01 08:00:00,-12.198,77.358696,0.05455461,0.458,0.42,0.37,-1.9979999,-1.548,0.652
2018-12-01 09:00:00,-11.648,77.77273,0.055981666,0.457,0.42,0.37,-1.9979999,-1.548,0.652
2018-12-01 10:00:00,-11.598,79.39351,0.052110136,0.457,0.42,0.37,-1.9979999,-1.548,0.652
2018-12-01 11:00:00,-11.798,81.3384,0.04644169,0.457,0.42,0.37,-1.9979999,-1.548,0.652
2018-12-01 12:00:00,-11.848,82.67374,0.042946726,0.457,0.42,0.37,-1.9979999,-1.548,0.652
2018-12-01 13:00:00,-11.848,83.69367,0.040419444,0.456,0.42,0.37,-1.9979999,-1.548,0.652
2018-12-01 14:00:00,-11.748,84.39232,0.039000466,0.456,0.42,0.37,-1.9979999,-1.548,0.652
2018-12-01 15:00:00,-11.898,85.065094,0.03687246,0.456,0.42,0.37,-1.9979999,-1.548,0.652
2018-12-01 16:00:00,-11.548,85.8016,0.036054224,0.456,0.42,0.37,-1.9979999,-1.548,0.652
2018-12-01 17:00:00,-11.348,86.87438,0.033869296,0.456,0.42,0.37,-1.9979999,-1.548,0.652
2018-12-01 18:00:00,-11.148,87.24756,0.033437327,0.456,0.42,0.37,-1.9979999,-1.548,0.652
2018-12-01 19:00:00,-12.998,87.77269,0.027620345,0.455,0.42,0.37,-1.9979999,-1.548,0.652
2018-12-01 20:00:00,-13.248,88.10926,0.026319563,0.455,0.42,0.37,-1.9979999,-1.548,0.652
2018-12-01 21:00:00,-13.098,88.12388,0.026610062,0.455,0.42,0.37,-1.9979999,-1.548,0.652
2018-12-01 22:00:00,-12.198,88.57091,0.027545094,0.455,0.42,0.37,-1.9979999,-1.548,0.652
2018-12-01 23:00:00,-11.898,88.2397,0.029036552,0.455,0.42,0.37,-1.9979999,-1.548,0.652
2018-12-02 00:00:00,-11.648,88.26362,0.029565588,0.454,0.42,0.37,-1.9979999,-1.548,0.652
2018-12-02 01:00:00,-11.748,88.61285,0.028456569,0.454,0.42,0.37,-1.9979999,-1.548,0.652
2018-12-02 02:00:00,-11.848,88.96389,0.02735871,0.454,0.42,0.37,-1.9979999,-1.548,0.652
2018-12-02 03:00:00,-12.748,89.611885,0.023947597,0.454,0.42,0.37,-1.9979999,-1.548,0.652
2018-12-02 04:00:00,-13.698,89.530075,0.022339866,0.454,0.42,0.37,-1.9979999,-1.548,0.652
2018-12-02 05:00:00,-13.398,89.55601,0.022837102,0.454,0.42,0.37,-1.9979999,-1.548,0.652
2018-12-02 06:00:00,-12.848,87.42849,0.028745621,0.453,0.421,0.37,-1.9979999,-1.548,0.652
2018-12-02 07:00:00,-10.648,85.213486,0.0403464,0.453,0.421,0.37,-1.9979999,-1.548,0.652
2018-12-02 08:00:00,-10.198,84.24376,0.044555783,0.453,0.421,0.37,-1.9979999,-1.548,0.652
2018-12-02 09:00:00,-10.148,84.93027,0.04278423,0.453,0.421,0.37,-1.9979999,-1.548,0.652
2018-12-02 10:00:00,-10.248,85.26052,0.041516468,0.453,0.421,0.37,-1.9979999,-1.548,0.652
2018-12-02 11:00:00,-10.448,86.62028,0.037093922,0.452,0.421,0.37,-1.9979999,-1.548,0.652
2018-12-02 12:00:00,-10.598,87.30404,0.03478153,0.452,0.421,0.37,-1.9979999,-1.548,0.652
2018-12-02 13:00:00,-10.698,87.6459,0.033576876,0.452,0.421,0.37,-1.9979999,-1.548,0.652
2018-12-02 14:00:00,-10.748,87.640915,0.03345701,0.452,0.421,0.37,-1.9979999,-1.548,0.652
2018-12-02 15:00:00,-10.848,87.98467,0.032268494,0.452,0.421,0.37,-1.9979999,-1.548,0.652
2018-12-02 16:00:00,-10.648,87.65088,0.033697233,0.452,0.421,0.37,-1.9979999,-1.548,0.652
2018-12-02 17:00:00,-10.498,87.31428,0.035030916,0.452,0.421,0.37,-1.948,-1.548,0.652
2018-12-02 18:00:00,-10.498,86.61491,0.03696172,0.451,0.421,0.37,-1.948,-1.548,0.652
2018-12-02 19:00:00,-9.998,87.01624,0.037303716,0.451,0.421,0.37,-1.948,-1.548,0.652
2018-12-02 20:00:00,-10.098,87.00581,0.03703934,0.451,0.421,0.37,-1.948,-1.548,0.652
2018-12-02 21:00:00,-10.248,86.99014,0.0366458,0.451,0.421,0.37,-1.948,-1.548,0.652
2018-12-02 22:00:00,-10.498,86.61491,0.03696172,0.451,0.421,0.37,-1.948,-1.548,0.652
2018-12-02 23:00:00,-10.848,86.57722,0.036047444,0.451,0.421,0.37,-1.948,-1.548,0.652
2018-12-03 00:00:00,-11.048,86.2064,0.036456645,0.45,0.421,0.37,-1.948,-1.548,0.652
2018-12-03 01:00:00,-11.148,86.1953,0.03619565,0.45,0.421,0.37,-1.948,-1.548,0.652
2018-12-03 02:00:00,-10.798,85.19579,0.03991504,0.45,0.421,0.37,-1.948,-1.548,0.652
2018-12-03 03:00:00,-10.598,85.219376,0.04049109,0.45,0.421,0.37,-1.948,-1.548,0.652
2018-12-03 04:00:00,-10.548,84.8823,0.04157923,0.45,0.421,0.37,-1.948,-1.548,0.652
2018-12-03 05:00:00,-10.248,83.89899,0.045350373,0.45,0.421,0.37,-1.948,-1.548,0.652
2018-12-03 06:00:00,-9.698,81.97052,0.053038463,0.45,0.421,0.37,-1.948,-1.548,0.652
2018-12-03 07:00:00,-9.248,82.362595,0.053757355,0.449,0.421,0.37,-1.948,-1.548,0.652
2018-12-03 08:00:00,-8.848,82.08933,0.05633053,0.449,0.421,0.37,-1.948,-1.548,0.652
2018-12-03 09:00:00,-8.448,81.81882,0.05899781,0.449,0.421,0.37,-1.948,-1.548,0.652
2018-12-03 10:00:00,-8.148,82.186325,0.059173346,0.449,0.421,0.37,-1.948,-1.548,0.652
2018-12-03 11:00:00,-8.198,84.15661,0.052425653,0.449,0.421,0.37,-1.948,-1.548,0.652
2018-12-03 12:00:00,-8.548,85.45801,0.046824366,0.449,0.421,0.37,-1.948,-1.548,0.652
2018-12-03 13:00:00,-8.698,86.12112,0.04416871,0.449,0.421,0.37,-1.948,-1.548,0.652
2018-12-03 14:00:00,-9.248,87.44116,0.03828159,0.448,0.421,0.37,-1.948,-1.548,0.652
2018-12-03 15:00:00,-9.398,87.7747,0.03682804,0.448,0.421,0.37,-1.948,-1.548,0.652
2018-12-03 16:00:00,-9.698,88.09586,0.035022885,0.448,0.421,0.37,-1.948,-1.548,0.652
2018-12-03 17:00:00,-10.248,88.751,0.031686842,0.448,0.421,0.37,-1.948,-1.548,0.652
2018-12-03 18:00:00,-10.348,89.0981,0.030466676,0.448,0.421,0.37,-1.948,-1.548,0.652
2018-12-03 19:00:00,-10.498,89.44272,0.02915442,0.448,0.421,0.37,-1.898,-1.548,0.652
2018-12-03 20:00:00,-10.748,89.78105,0.027664542,0.448,0.421,0.37,-1.898,-1.548,0.652
2018-12-03 21:00:00,-10.948,89.40386,0.02823177,0.448,0.421,0.37,-1.898,-1.548,0.652
2018-12-03 22:00:00,-10.848,89.77269,0.027467474,0.447,0.421,0.37,-1.898,-1.548,0.652
2018-12-03 23:00:00,-10.898,89.76849,0.027369365,0.447,0.421,0.37,-1.898,-1.548,0.652
2018-12-04 00:00:00,-10.448,90.16643,0.027264297,0.447,0.421,0.37,-1.898,-1.548,0.652
2018-12-04 01:00:00,-10.198,89.46848,0.029783964,0.447,0.421,0.37,-1.898,-1.548,0.652
2018-12-04 02:00:00,-10.198,89.46848,0.029783964,0.447,0.421,0.37,-1.898,-1.548,0.652
2018-12-04 03:00:00,-10.298,89.10254,0.030575335,0.447,0.421,0.37,-1.898,-1.548,0.652
2018-12-04 04:00:00,-10.098,88.4104,0.03303644,0.447,0.421,0.37,-1.898,-1.548,0.652
2018-12-04 05:00:00,-9.798,87.03707,0.037837386,0.447,0.421,0.37,-1.898,-1.548,0.652
2018-12-04 06:00:00,-9.498,86.37651,0.040717214,0.446,0.421,0.37,-1.898,-1.548,0.652
2018-12-04 07:00:00,-9.298,84.01912,0.048518658,0.446,0.421,0.37,-1.898,-1.548,0.652
2018-12-04 08:00:00,-9.048,83.71606,0.050419003,0.446,0.421,0.37,-1.898,-1.548,0.652
2018-12-04 09:00:00,-8.848,83.07716,0.053224623,0.446,0.421,0.37,-1.898,-1.548,0.652
2018-12-04 10:00:00,-8.798,83.41528,0.052366138,0.446,0.421,0.37,-1.898,-1.548,0.652
2018-12-04 11:00:00,-9.048,85.06108,0.04625553,0.446,0.421,0.37,-1.898,-1.548,0.652
2018-12-04 12:00:00,-9.348,85.70675,0.043225884,0.446,0.421,0.37,-1.898,-1.548,0.652
2018-12-04 13:00:00,-9.548,85.34231,0.04363519,0.446,0.421,0.37,-1.898,-1.548,0.652
2018-12-04 14:00:00,-9.848,85.64978,0.0417206,0.446,0.421,0.37,-1.898,-1.548,0.652
2018-12-04 15:00:00,-10.048,85.28396,0.042112514,0.445,0.421,0.37,-1.898,-1.548,0.602
2018-12-04 16:00:00,-10.248,85.26052,0.041516468,0.445,0.421,0.371,-1.898,-1.548,0.602
2018-12-04 17:00:00,-10.548,84.8823,0.04157923,0.445,0.421,0.371,-1.898,-1.548,0.602
2018-12-04 18:00:00,-10.948,84.8341,0.040403828,0.445,0.421,0.371,-1.898,-1.548,0.602
2018-12-04 19:00:00,-10.998,84.485214,0.04116845,0.445,0.421,0.371,-1.898,-1.548,0.602
2018-12-04 20:00:00,-11.448,84.08683,0.04073246,0.445,0.421,0.371,-1.898,-1.4979999,0.602
2018-12-04 21:00:00,-11.598,84.06786,0.040293396,0.445,0.421,0.371,-1.898,-1.4979999,0.602
2018-12-04 22:00:00,-11.798,83.70016,0.040566146,0.445,0.421,0.371,-1.898,-1.4979999,0.602
2018-12-04 23:00:00,-12.048,84.01072,0.039000854,0.445,0.421,0.371,-1.898,-1.4979999,0.602
2018-12-05 00:00:00,-12.098,84.00435,0.038859516,0.444,0.421,0.371,-1.898,-1.4979999,0.602
2018-12-05 01:00:00,-12.048,84.01072,0.039000854,0.444,0.421,0.371,-1.898,-1.4979999,0.602
2018-12-05 02:00:00,-12.048,84.354935,0.0381615,0.444,0.421,0.371,-1.898,-1.4979999,0.602
2018-12-05 03:00:00,-12.148,84.34243,0.037885413,0.444,0.421,0.371,-1.898,-1.4979999,0.602
2018-12-05 04:00:00,-12.298,84.32369,0.037474364,0.444,0.421,0.371,-1.898,-1.4979999,0.602
2018-12-05 05:00:00,-11.948,83.33926,0.040966704,0.444,0.421,0.371,-1.898,-1.4979999,0.602
2018-12-05 06:00:00,-11.348,81.072525,0.04883477,0.444,0.421,0.371,-1.898,-1.4979999,0.602
2018-12-05 07:00:00,-10.548,80.208405,0.054429322,0.444,0.421,0.371,-1.898,-1.4979999,0.602
2018-12-05 08:00:00,-9.898,79.34065,0.059819415,0.444,0.421,0.371,-1.898,-1.4979999,0.602
2018-12-05 09:00:00,-9.898,79.984085,0.057957068,0.443,0.421,0.371,-1.898,-1.4979999,0.602
2018-12-05 10:00:00,-10.398,81.54136,0.05137348,0.443,0.421,0.371,-1.898,-1.4979999,0.602
2018-12-05 11:00:00,-11.448,82.72832,0.04420863,0.443,0.421,0.371,-1.898,-1.4979999,0.602
2018-12-05 12:00:00,-12.948,84.938774,0.034158304,0.443,0.421,0.371,-1.898,-1.4979999,0.602
2018-12-05 13:00:00,-14.148,85.85674,0.029083177,0.443,0.421,0.371,-1.898,-1.4979999,0.602
2018-12-05 14:00:00,-15.148,85.74118,0.02699992,0.443,0.421,0.371,-1.898,-1.4979999,0.602
2018-12-05 15:00:00,-15.997999,86.00427,0.024693474,0.443,0.421,0.371,-1.898,-1.4979999,0.602
2018-12-05 16:00:00,-16.798,85.9121,0.023244888,0.443,0.421,0.371,-1.898,-1.4979999,0.602
2018-12-05 17:00:00,-17.498,85.09907,0.023176312,0.443,0.421,0.371,-1.948,-1.4979999,0.602
2018-12-05 18:00:00,-17.998,84.672676,0.022849545,0.443,0.421,0.371,-1.948,-1.4979999,0.602
2018-12-05 19:00:00,-18.098,84.29615,0.023212373,0.443,0.421,0.371,-1.948,-1.4979999,0.602
2018-12-05 20:00:00,-18.398,83.89414,0.023205563,0.442,0.42,0.371,-1.948,-1.4979999,0.602
2018-12-05 21:00:00,-18.898,83.464775,0.022826843,0.442,0.42,0.371,-1.948,-1.4979999,0.602
2018-12-05 22:00:00,-19.398,83.033714,0.022436932,0.442,0.42,0.371,-1.948,-1.4979999,0.602
2018-12-05 23:00:00,-19.848,82.608116,0.022123635,0.442,0.42,0.371,-1.948,-1.4979999,0.602
2018-12-06 00:00:00,-20.148,82.20306,0.022058204,0.442,0.42,0.371,-1.948,-1.4979999,0.602
2018-12-06 01:00:00,-20.448,81.797676,0.02198042,0.442,0.42,0.371,-1.9979999,-1.4979999,0.602
2018-12-06 02:00:00,-20.648,82.130196,0.021206796,0.442,0.42,0.371,-1.9979999,-1.4979999,0.602
2018-12-06 03:00:00,-20.648,81.767944,0.021636449,0.442,0.42,0.371,-1.9979999,-1.4979999,0.602
2018-12-06 04:00:00,-20.248,81.10917,0.023211002,0.442,0.42,0.371,-1.9979999,-1.4979999,0.602
2018-12-06 05:00:00,-18.648,78.91067,0.02973944,0.442,0.42,0.371,-1.9979999,-1.4979999,0.602
2018-12-06 06:00:00,-16.448,76.27709,0.040299058,0.442,0.42,0.371,-1.9979999,-1.4979999,0.602
2018-12-06 07:00:00,-14.598,76.61338,0.046332404,0.441,0.42,0.371,-1.9979999,-1.4979999,0.602
2018-12-06 08:00:00,-13.548,76.161224,0.051476717,0.441,0.42,0.371,-1.9979999,-1.4979999,0.602
2018-12-06 09:00:00,-13.148,75.60024,0.054433644,0.441,0.42,0.371,-1.9979999,-1.4979999,0.602
2018-12-06 10:00:00,-13.398,76.82793,0.050654158,0.441,0.42,0.371,-1.9979999,-1.4979999,0.602
2018-12-06 11:00:00,-14.498,78.924034,0.04210262,0.441,0.42,0.371,-1.9979999,-1.4979999,0.602
2018-12-06 12:00:00,-15.748,80.4064,0.03529325,0.441,0.42,0.371,-1.9979999,-1.4979999,0.602
2018-12-06 13:00:00,-16.648,80.609955,0.032394588,0.441,0.42,0.371,-1.9979999,-1.4979999,0.602
2018-12-06 14:00:00,-17.448,80.14002,0.031016082,0.441,0.42,0.371,-1.9979999,-1.4979999,0.602
2018-12-06 15:00:00,-18.048,79.35421,0.030642904,0.441,0.42,0.371,-2.0479999,-1.4979999,0.602
2018-12-06 16:00:00,-18.598,78.5758,0.030340776,0.441,0.42,0.371,-2.0479999,-1.4979999,0.602
2018-12-06 17:00:00,-19.098,78.14754,0.029649258,0.441,0.42,0.371,-2.0479999,-1.4979999,0.602
2018-12-06 18:00:00,-19.498,77.394104,0.029633328,0.441,0.42,0.371,-2.0479999,-1.4979999,0.602
2018-12-06 19:00:00,-20.498,80.35706,0.023616001,0.44,0.42,0.371,-2.0479999,-1.4979999,0.602
2018-12-06 20:00:00,-20.748,79.60794,0.023988105,0.44,0.42,0.371,-2.0479999,-1.4979999,0.602
2018-12-06 21:00:00,-20.998,79.5668,0.023517676,0.44,0.42,0.371,-2.0479999,-1.4979999,0.602
2018-12-06 22:00:00,-21.198,78.82785,0.023945004,0.44,0.42,0.371,-2.0479999,-1.4979999,0.602
2018-12-06 23:00:00,-21.348,78.45109,0.02405265,0.44,0.42,0.371,-2.0479999,-1.4979999,0.602
2018-12-07 00:00:00,-21.648,78.75111,0.023101524,0.44,0.42,0.371,-2.098,-1.4979999,0.602
2018-12-07 01:00:00,-21.998,78.69114,0.022463612,0.44,0.42,0.371,-2.098,-1.4979999,0.602
2018-12-07 02:00:00,-22.398,78.26851,0.022113241,0.44,0.42,0.371,-2.098,-1.4979999,0.602
2018-12-07 03:00:00,-22.548,77.53821,0.022554077,0.44,0.42,0.371,-2.098,-1.4979999,0.602
2018-12-07 04:00:00,-22.548,76.83986,0.023254693,0.44,0.42,0.371,-2.098,-1.4979999,0.602
2018-12-07 05:00:00,-20.998,72.76501,0.031338684,0.44,0.42,0.371,-2.098,-1.4979999,0.602
2018-12-07 06:00:00,-18.848,68.51867,0.04362531,0.44,0.42,0.371,-2.098,-1.4979999,0.602
2018-12-07 07:00:00,-16.648,65.79771,0.057115346,0.439,0.42,0.371,-2.098,-1.4979999,0.602
2018-12-07 08:00:00,-15.348,63.868202,0.06725133,0.439,0.42,0.371,-2.098,-1.4979999,0.602
2018-12-07 09:00:00,-14.848,64.27159,0.06931314,0.439,0.42,0.371,-2.098,-1.4979999,0.602
2018-12-07 10:00:00,-15.248,66.13979,0.06355298,0.439,0.42,0.371,-2.098,-1.4979999,0.602
2018-12-07 11:00:00,-16.598,68.738655,0.052428894,0.439,0.42,0.371,-2.098,-1.548,0.602
2018-12-07 12:00:00,-17.848,70.27542,0.044861108,0.439,0.42,0.371,-2.148,-1.548,0.602
2018-12-07 13:00:00,-18.598,70.10812,0.042320944,0.439,0.42,0.371,-2.148,-1.548,0.602
2018-12-07 14:00:00,-19.048,69.38939,0.041698635,0.439,0.42,0.371,-2.148,-1.548,0.602
2018-12-07 15:00:00,-19.448,68.99001,0.04081367,0.439,0.42,0.371,-2.148,-1.548,0.602
2018-12-07 16:00:00,-19.748,68.61347,0.040253244,0.439,0.42,0.371,-2.148,-1.548,0.602
2018-12-07 17:00:00,-19.948,68.26049,0.040007427,0.439,0.42,0.371,-2.148,-1.548,0.602
2018-12-07 18:00:00,-20.098,67.61591,0.040292032,0.439,0.42,0.371,-2.148,-1.548,0.602
2018-12-07 19:00:00,-20.398,68.15409,0.03860487,0.439,0.42,0.371,-2.148,-1.548,0.602
2018-12-07 20:00:00,-20.498,68.13034,0.03829912,0.439,0.42,0.371,-2.148,-1.548,0.602
2018-12-07 21:00:00,-20.498,68.13034,0.03829912,0.438,0.42,0.371,-2.148,-1.548,0.602
2018-12-07 22:00:00,-20.548,68.11849,0.03814701,0.438,0.42,0.371,-2.148,-1.548,0.602
2018-12-07 23:00:00,-20.698,68.390335,0.037331253,0.438,0.42,0.371,-2.198,-1.548,0.602
2018-12-08 00:00:00,-20.948,68.95082,0.035878837,0.438,0.42,0.371,-2.198,-1.548,0.602
2018-12-08 01:00:00,-21.198,69.83272,0.034107044,0.438,0.42,0.371,-2.198,-1.548,0.602
2018-12-08 02:00:00,-21.248,69.82129,0.033970855,0.438,0.42,0.371,-2.198,-1.548,0.602
2018-12-08 03:00:00,-21.398,70.10338,0.0332141,0.438,0.42,0.371,-2.198,-1.548,0.602
2018-12-08 04:00:00,-21.398,70.10338,0.0332141,0.438,0.42,0.371,-2.198,-1.548,0.602
2018-12-08 05:00:00,-20.498,68.74585,0.037560336,0.438,0.42,0.371,-2.198,-1.548,0.602
2018-12-08 06:00:00,-18.998,67.27764,0.04476361,0.438,0.42,0.371,-2.198,-1.548,0.602
2018-12-08 07:00:00,-17.798,66.385414,0.05094099,0.438,0.42,0.371,-2.198,-1.548,0.602
2018-12-08 08:00:00,-16.448,65.2752,0.05896824,0.438,0.42,0.371,-2.198,-1.548,0.602
2018-12-08 09:00:00,-15.798,65.72055,0.06146329,0.438,0.42,0.371,-2.198,-1.548,0.602
2018-12-08 10:00:00,-15.948,66.83294,0.058731534,0.438,0.42,0.371,-2.198,-1.548,0.602
2018-12-08 11:00:00,-16.898,68.66959,0.05123608,0.437,0.42,0.371,-2.198,-1.548,0.602
2018-12-08 12:00:00,-17.698,69.69583,0.046320736,0.437,0.42,0.372,-2.198,-1.548,0.602
2018-12-08 13:00:00,-18.198,69.88956,0.044110224,0.437,0.42,0.372,-2.198,-1.548,0.602
2018-12-08 14:00:00,-18.598,70.10812,0.042320944,0.437,0.42,0.372,-2.198,-1.548,0.552
2018-12-08 15:00:00,-18.948,70.6519,0.040325105,0.437,0.42,0.372,-2.198,-1.548,0.602
2018-12-08 16:00:00,-19.198,71.22476,0.038699113,0.437,0.42,0.372,-2.198,-1.548,0.552
2018-12-08 17:00:00,-19.348,70.87705,0.038664192,0.437,0.42,0.372,-2.198,-1.548,0.552
2018-12-08 18:00:00,-19.498,70.84401,0.038211107,0.437,0.419,0.372,-2.248,-1.548,0.552
2018-12-08 19:00:00,-19.948,71.060715,0.03648153,0.437,0.419,0.372,-2.248,-1.548,0.552
2018-12-08 20:00:00,-20.048,70.722435,0.036589347,0.437,0.419,0.372,-2.248,-1.548,0.552
2018-12-08 21:00:00,-20.148,71.01677,0.035909295,0.437,0.419,0.372,-2.248,-1.548,0.552
2018-12-08 22:00:00,-20.248,70.99474,0.035626166,0.437,0.419,0.372,-2.248,-1.548,0.552
2018-12-08 23:00:00,-20.248,70.99474,0.035626166,0.437,0.419,0.372,-2.248,-1.548,0.552
2018-12-09 00:00:00,-20.348,71.2909,0.034957923,0.437,0.419,0.372,-2.248,-1.548,0.552
2018-12-09 01:00:00,-20.398,71.27999,0.034819618,0.437,0.419,0.372,-2.248,-1.548,0.552
2018-12-09 02:00:00,-20.448,71.58869,0.034296334,0.437,0.419,0.372,-2.248,-1.548,0.552
2018-12-09 03:00:00,-20.448,71.90963,0.033909306,0.436,0.419,0.372,-2.248,-1.548,0.552
2018-12-09 04:00:00,-20.148,71.65365,0.03512103,0.436,0.419,0.372,-2.248,-1.548,0.552
2018-12-09 05:00:00,-18.848,70.05206,0.04150267,0.436,0.419,0.372,-2.248,-1.548,0.552
2018-12-09 06:00:00,-17.048,68.336205,0.05113057,0.436,0.419,0.372,-2.248,-1.548,0.552
2018-12-09 07:00:00,-15.398,67.253685,0.060704082,0.436,0.419,0.372,-2.248,-1.548,0.552
2018-12-09 08:00:00,-14.098,66.70131,0.06872061,0.436,0.419,0.372,-2.248,-1.548,0.552
2018-12-09 09:00:00,-13.598,67.676315,0.06949861,0.436,0.419,0.372,-2.248,-1.5979999,0.552
2018-12-09 10:00:00,-13.998,69.623314,0.06321199,0.436,0.419,0.372,-2.248,-1.5979999,0.552
2018-12-09 11:00:00,-15.048,72.10958,0.053232327,0.436,0.419,0.372,-2.248,-1.5979999,0.552
2018-12-09 12:00:00,-15.997999,73.157234,0.04734382,0.436,0.419,0.372,-2.248,-1.5979999,0.552
2018-12-09 13:00:00,-16.598,73.98637,0.043635003,0.436,0.419,0.372,-2.248,-1.5979999,0.552
2018-12-09 14:00:00,-17.098,74.852394,0.040445797,0.436,0.419,0.372,-2.248,-1.5979999,0.552
2018-12-09 15:00:00,-17.398,75.44548,0.03850486,0.436,0.419,0.372,-2.248,-1.5979999,0.552
2018-12-09 16:00:00,-17.898,76.00872,0.036061496,0.436,0.419,0.372,-2.248,-1.5979999,0.552
2018-12-09 17:00:00,-18.398,76.58095,0.033735104,0.436,0.419,0.372,-2.248,-1.5979999,0.552
2018-12-09 18:00:00,-18.748,76.85231,0.03236194,0.436,0.419,0.372,-2.248,-1.5979999,0.552
2018-12-09 19:00:00,-18.998,77.144325,0.031276695,0.436,0.419,0.372,-2.248,-1.5979999,0.552
2018-12-09 20:00:00,-19.048,77.135345,0.031155035,0.436,0.419,0.372,-2.248,-1.5979999,0.552
2018-12-09 21:00:00,-19.048,77.135345,0.031155035,0.435,0.419,0.372,-2.2979999,-1.5979999,0.552
2018-12-09 22:00:00,-19.198,77.78823,0.029878631,0.435,0.419,0.372,-2.2979999,-1.5979999,0.552
2018-12-09 23:00:00,-19.198,77.78823,0.029878631,0.435,0.419,0.372,-2.2979999,-1.5979999,0.552
2018-12-10 00:00:00,-19.348,77.76186,0.029530644,0.435,0.419,0.372,-2.2979999,-1.5979999,0.552
2018-12-10 01:00:00,-19.448,78.086784,0.028849982,0.435,0.419,0.372,-2.2979999,-1.5979999,0.552
2018-12-10 02:00:00,-19.348,77.76186,0.029530644,0.435,0.419,0.372,-2.2979999,-1.5979999,0.552
2018-12-10 03:00:00,-19.198,77.78823,0.029878631,0.435,0.419,0.372,-2.2979999,-1.5979999,0.552
2018-12-10 04:00:00,-19.148,77.456505,0.030455112,0.435,0.419,0.372,-2.2979999,-1.5979999,0.552
2018-12-10 05:00:00,-17.548,75.41698,0.038063355,0.435,0.419,0.372,-2.2979999,-1.5979999,0.552
2018-12-10 06:00:00,-15.948,73.48203,0.046967044,0.435,0.419,0.372,-2.2979999,-1.5979999,0.552
2018-12-10 07:00:00,-13.748,71.16756,0.061242387,0.435,0.419,0.372,-2.2979999,-1.5979999,0.552
2018-12-10 08:00:00,-12.248,68.84786,0.07474396,0.435,0.419,0.372,-2.2979999,-1.5979999,0.552
2018-12-10 09:00:00,-11.348,71.08217,0.07459448,0.435,0.419,0.372,-2.2979999,-1.5979999,0.552
2018-12-10 10:00:00,-11.098,74.73898,0.06648351,0.435,0.419,0.372,-2.248,-1.5979999,0.552
2018-12-10 11:00:00,-11.648,77.4537,0.05678478,0.435,0.419,0.372,-2.248,-1.5979999,0.552
2018-12-10 12:00:00,-12.548,79.56949,0.047857285,0.435,0.419,0.372,-2.248,-1.5979999,0.552
2018-12-10 13:00:00,-12.748,80.19849,0.045639127,0.435,0.419,0.372,-2.248,-1.5979999,0.552
2018-12-10 14:00:00,-12.898,80.50782,0.044383064,0.435,0.419,0.372,-2.248,-1.5979999,0.552
2018-12-10 15:00:00,-12.348,79.93009,0.047779486,0.435,0.419,0.372,-2.248,-1.5979999,0.552
2018-12-10 16:00:00,-11.798,78.389404,0.053777218,0.434,0.419,0.372,-2.248,-1.5979999,0.552
2018-12-10 17:00:00,-11.198,78.16835,0.05700463,0.434,0.419,0.372,-2.248,-1.5979999,0.552
2018-12-10 18:00:00,-10.898,78.53821,0.057398215,0.434,0.419,0.372,-2.198,-1.5979999,0.552
2018-12-10 19:00:00,-11.198,81.75809,0.047634974,0.434,0.419,0.372,-2.198,-1.5979999,0.552
2018-12-10 20:00:00,-10.998,81.78662,0.048326626,0.434,0.419,0.372,-2.198,-1.5979999,0.552
2018-12-10 21:00:00,-10.848,81.47648,0.04974088,0.434,0.418,0.372,-2.198,-1.5979999,0.552
2018-12-10 22:00:00,-10.798,81.483696,0.049920022,0.434,0.418,0.372,-2.198,-1.5979999,0.552
2018-12-10 23:00:00,-10.898,82.13368,0.04778579,0.434,0.418,0.372,-2.198,-1.5979999,0.552
2018-12-11 00:00:00,-11.198,83.099495,0.04413338,0.434,0.418,0.372,-2.198,-1.5979999,0.552
2018-12-11 01:00:00,-11.548,83.39197,0.042171016,0.434,0.418,0.372,-2.198,-1.5979999,0.552
2018-12-11 02:00:00,-12.048,83.667755,0.039837137,0.434,0.418,0.372,-2.148,-1.5979999,0.552
2018-12-11 03:00:00,-12.398,83.62223,0.03883566,0.434,0.418,0.372,-2.148,-1.5979999,0.552
2018-12-11 04:00:00,-13.048,83.88265,0.036256894,0.434,0.418,0.372,-2.148,-1.5979999,0.552
2018-12-11 05:00:00,-13.298,82.81602,0.037876964,0.434,0.418,0.372,-2.148,-1.5979999,0.552
2018-12-11 06:00:00,-12.798,80.52309,0.044709653,0.434,0.418,0.372,-2.148,-1.5979999,0.552
2018-12-11 07:00:00,-12.498,79.577415,0.04803264,0.434,0.418,0.372,-2.148,-1.5979999,0.552
2018-12-11 08:00:00,-11.848,76.78385,0.057538703,0.434,0.418,0.372,-2.148,-1.5979999,0.552
2018-12-11 09:00:00,-11.748,75.54554,0.061095253,0.434,0.418,0.372,-2.148,-1.5979999,0.552
2018-12-11 10:00:00,-12.348,76.69526,0.055476457,0.434,0.418,0.372,-2.148,-1.5979999,0.552
2018-12-11 11:00:00,-13.948,77.05261,0.047957703,0.434,0.418,0.372,-2.148,-1.5979999,0.552
2018-12-11 12:00:00,-15.548,78.75029,0.038916975,0.433,0.418,0.372,-2.148,-1.5979999,0.552
2018-12-11 13:00:00,-16.698,79.91545,0.033413574,0.433,0.418,0.372,-2.148,-1.5979999,0.552
2018-12-11 14:00:00,-17.598,81.158936,0.029054433,0.433,0.418,0.372,-2.148,-1.5979999,0.552
2018-12-11 15:00:00,-18.348,82.819466,0.024859019,0.433,0.418,0.372,-2.148,-1.5979999,0.552
2018-12-11 16:00:00,-18.848,83.83468,0.022412196,0.433,0.418,0.372,-2.148,-1.5979999,0.552
2018-12-11 17:00:00,-19.298,84.50795,0.020665318,0.433,0.418,0.372,-2.148,-1.5979999,0.552
2018-12-11 18:00:00,-19.998,83.315,0.020951256,0.433,0.418,0.372,-2.198,-1.5979999,0.552
2018-12-11 19:00:00,-21.998,83.40945,0.017492488,0.433,0.418,0.372,-2.198,-1.5979999,0.552
2018-12-11 20:00:00,-23.198,82.12241,0.016945802,0.433,0.418,0.372,-2.198,-1.5979999,0.552
2018-12-11 21:00:00,-23.648,82.05569,0.016338535,0.433,0.418,0.372,-2.198,-1.5979999,0.552
2018-12-11 22:00:00,-23.398,80.983986,0.017705217,0.433,0.418,0.372,-2.198,-1.648,0.552
2018-12-11 23:00:00,-23.198,81.0152,0.017994605,0.433,0.418,0.372,-2.248,-1.648,0.552
2018-12-12 00:00:00,-23.298,80.63325,0.018193275,0.433,0.418,0.372,-2.248,-1.648,0.552
2018-12-12 01:00:00,-23.498,80.23605,0.018237315,0.433,0.418,0.372,-2.248,-1.648,0.552
2018-12-12 02:00:00,-23.848,80.91342,0.017069086,0.433,0.418,0.372,-2.248,-1.648,0.552
2018-12-12 03:00:00,-24.898,81.11949,0.015359603,0.433,0.418,0.372,-2.248,-1.648,0.552
2018-12-12 04:00:00,-25.098,80.344284,0.01570233,0.433,0.418,0.372,-2.2979999,-1.648,0.552
2018-12-12 05:00:00,-22.398,75.148056,0.025285587,0.433,0.418,0.372,-2.2979999,-1.648,0.502
2018-12-12 06:00:00,-20.098,68.839165,0.038771845,0.433,0.418,0.372,-2.2979999,-1.648,0.552
2018-12-12 07:00:00,-18.798,67.92563,0.04463698,0.433,0.418,0.372,-2.2979999,-1.648,0.502
2018-12-12 08:00:00,-17.848,69.35709,0.046245664,0.433,0.418,0.372,-2.2979999,-1.648,0.502
2018-12-12 09:00:00,-16.998,68.646515,0.05084379,0.433,0.418,0.372,-2.2979999,-1.648,0.502
2018-12-12 10:00:00,-16.898,69.27017,0.05025488,0.433,0.418,0.372,-2.2979999,-1.648,0.502
2018-12-12 11:00:00,-17.948,70.56188,0.044053383,0.432,0.418,0.372,-2.2979999,-1.648,0.502
2018-12-12 12:00:00,-18.998,70.95393,0.039739713,0.432,0.418,0.372,-2.2979999,-1.648,0.502
2018-12-12 13:00:00,-19.598,70.82195,0.037911654,0.432,0.418,0.372,-2.2979999,-1.648,0.502
2018-12-12 14:00:00,-19.748,71.10458,0.03706172,0.432,0.418,0.372,-2.2979999,-1.648,0.502
2018-12-12 15:00:00,-20.048,71.67525,0.03539978,0.432,0.418,0.372,-2.2979999,-1.648,0.502
2018-12-12 16:00:00,-20.348,72.901115,0.032999165,0.432,0.418,0.372,-2.2979999,-1.648,0.502
2018-12-12 17:00:00,-20.198,73.25801,0.032991767,0.432,0.418,0.372,-2.2979999,-1.648,0.502
2018-12-12 18:00:00,-19.998,73.953545,0.03269632,0.432,0.418,0.372,-2.348,-1.648,0.502
2018-12-12 19:00:00,-19.398,77.753044,0.029415451,0.432,0.418,0.372,-2.348,-1.648,0.502
2018-12-12 20:00:00,-17.798,79.05247,0.031757794,0.432,0.418,0.372,-2.348,-1.648,0.502
2018-12-12 21:00:00,-16.948,80.90951,0.0310999,0.432,0.417,0.373,-2.2979999,-1.648,0.502
2018-12-12 22:00:00,-16.348,81.69366,0.0313641,0.432,0.417,0.373,-2.2979999,-1.648,0.502
2018-12-12 23:00:00,-15.898,82.80541,0.030589134,0.432,0.417,0.373,-2.2979999,-1.648,0.502
2018-12-13 00:00:00,-15.698,83.536,0.029782131,0.432,0.417,0.373,-2.2979999,-1.648,0.502
2018-12-13 01:00:00,-15.448,83.569176,0.030346528,0.432,0.417,0.373,-2.2979999,-1.648,0.502
2018-12-13 02:00:00,-15.848,83.51608,0.029447928,0.432,0.417,0.373,-2.2979999,-1.648,0.502
2018-12-13 03:00:00,-16.198,83.115974,0.02929373,0.432,0.417,0.373,-2.2979999,-1.648,0.502
2018-12-13 04:00:00,-16.648,81.998856,0.030075312,0.432,0.417,0.373,-2.2979999,-1.648,0.502
2018-12-13 05:00:00,-16.098,80.010704,0.034969598,0.432,0.417,0.373,-2.2979999,-1.648,0.502
2018-12-13 06:00:00,-14.798,77.22752,0.044378042,0.432,0.417,0.373,-2.2979999,-1.648,0.502
2018-12-13 07:00:00,-13.448,77.78751,0.048360005,0.432,0.417,0.373,-2.2979999,-1.648,0.502
2018-12-13 08:00:00,-12.598,76.017006,0.05594723,0.432,0.417,0.373,-2.2979999,-1.648,0.502
2018-12-13 09:00:00,-12.248,75.14091,0.059654176,0.432,0.417,0.373,-2.2979999,-1.648,0.502
2018-12-13 10:00:00,-12.298,76.0716,0.057190686,0.432,0.417,0.373,-2.2979999,-1.648,0.502
2018-12-13 11:00:00,-12.998,76.89882,0.05217074,0.432,0.417,0.373,-2.248,-1.648,0.502
2018-12-13 12:00:00,-13.798,77.727425,0.04712355,0.431,0.417,0.373,-2.248,-1.648,0.502
2018-12-13 13:00:00,-14.448,78.27124,0.043584988,0.431,0.417,0.373,-2.248,-1.648,0.502
2018-12-13 14:00:00,-14.998,78.50919,0.04119511,0.431,0.417,0.373,-2.248,-1.648,0.502
2018-12-13 15:00:00,-15.098,78.82501,0.040255547,0.431,0.417,0.373,-2.248,-1.648,0.502
2018-12-13 16:00:00,-15.448,79.43748,0.03797345,0.431,0.417,0.373,-2.248,-1.648,0.502
2018-12-13 17:00:00,-15.598,79.75073,0.036931872,0.431,0.417,0.373,-2.248,-1.648,0.502
2018-12-13 18:00:00,-15.948,80.0344,0.035368368,0.431,0.417,0.373,-2.248,-1.648,0.502
2018-12-13 19:00:00,-16.248,79.98693,0.034574777,0.431,0.417,0.373,-2.248,-1.648,0.502
2018-12-13 20:00:00,-16.498,80.97795,0.03218262,0.431,0.417,0.373,-2.248,-1.648,0.502
2018-12-13 21:00:00,-16.648,80.955185,0.031818107,0.431,0.417,0.373,-2.248,-1.648,0.502
2018-12-13 22:00:00,-16.798,81.627556,0.030310884,0.431,0.417,0.373,-2.248,-1.648,0.502
2018-12-13 23:00:00,-16.798,81.97714,0.029734403,0.431,0.417,0.373,-2.248,-1.648,0.502
2018-12-14 00:00:00,-17.148,82.27819,0.028388798,0.431,0.417,0.373,-2.248,-1.648,0.502
2018-12-14 01:00:00,-17.448,82.58919,0.027193025,0.431,0.417,0.373,-2.248,-1.648,0.502
2018-12-14 02:00:00,-17.598,83.63924,0.025231376,0.431,0.417,0.373,-2.248,-1.648,0.502
2018-12-14 03:00:00,-17.898,83.59923,0.024657667,0.431,0.417,0.373,-2.248,-1.648,0.502
2018-12-14 04:00:00,-18.098,84.29615,0.023212373,0.431,0.417,0.373,-2.248,-1.698,0.502
2018-12-14 05:00:00,-17.198,84.77279,0.024291635,0.431,0.417,0.373,-2.248,-1.698,0.502
2018-12-14 06:00:00,-16.248,83.81761,0.027959704,0.431,0.417,0.373,-2.248,-1.698,0.502
2018-12-14 07:00:00,-15.248,82.199554,0.033425152,0.431,0.417,0.373,-2.248,-1.698,0.502
2018-12-14 08:00:00,-14.498,81.61922,0.036721036,0.431,0.417,0.373,-2.248,-1.698,0.502
2018-12-14 09:00:00,-13.948,81.02042,0.03966926,0.431,0.417,0.373,-2.248,-1.698,0.502
2018-12-14 10:00:00,-13.898,81.70642,0.038392976,0.431,0.417,0.373,-2.248,-1.698,0.502
2018-12-14 11:00:00,-14.498,83.69429,0.032577053,0.431,0.417,0.373,-2.248,-1.698,0.502
2018-12-14 12:00:00,-15.198,84.6628,0.028921098,0.431,0.417,0.373,-2.248,-1.698,0.502
2018-12-14 13:00:00,-15.548,85.69458,0.026203752,0.431,0.417,0.373,-2.248,-1.698,0.502
2018-12-14 14:00:00,-15.948,86.73864,0.023496076,0.431,0.417,0.373,-2.248,-1.698,0.502
2018-12-14 15:00:00,-16.148,86.7168,0.023144975,0.43,0.417,0.373,-2.248,-1.698,0.502
2018-12-14 16:00:00,-16.248,86.34002,0.023603037,0.43,0.417,0.373,-2.248,-1.698,0.502
2018-12-14 17:00:00,-16.348,86.32879,0.023425594,0.43,0.417,0.373,-2.248,-1.698,0.502
2018-12-14 18:00:00,-16.348,86.32879,0.023425594,0.43,0.417,0.373,-2.248,-1.698,0.502
2018-12-14 19:00:00,-16.248,86.34002,0.023603037,0.43,0.417,0.373,-2.248,-1.698,0.502
2018-12-14 20:00:00,-15.848,86.384834,0.02432479,0.43,0.417,0.373,-2.248,-1.698,0.502
2018-12-14 21:00:00,-15.698,86.76586,0.023941472,0.43,0.416,0.373,-2.248,-1.698,0.502
2018-12-14 22:00:00,-15.148,87.18964,0.024258047,0.43,0.416,0.373,-2.248,-1.698,0.502
2018-12-14 23:00:00,-14.848,87.58585,0.02409862,0.43,0.416,0.373,-2.248,-1.698,0.502
2018-12-15 00:00:00,-14.748,87.59606,0.024278432,0.43,0.416,0.373,-2.248,-1.698,0.502
2018-12-15 01:00:00,-14.448,87.99153,0.024093017,0.43,0.416,0.373,-2.248,-1.698,0.502
2018-12-15 02:00:00,-13.798,88.05551,0.025277764,0.43,0.416,0.373,-2.248,-1.698,0.502
2018-12-15 03:00:00,-13.448,87.72762,0.026724905,0.43,0.416,0.373,-2.248,-1.698,0.502
2018-12-15 04:00:00,-12.948,87.777664,0.027721435,0.43,0.416,0.373,-2.248,-1.698,0.502
2018-12-15 05:00:00,-11.598,87.55557,0.031474918,0.43,0.416,0.373,-2.248,-1.698,0.502
2018-12-15 06:00:00,-9.798,87.73529,0.03579977,0.43,0.416,0.373,-2.248,-1.698,0.502
2018-12-15 07:00:00,-8.498,88.210304,0.038112283,0.43,0.416,0.373,-2.248,-1.698,0.502
2018-12-15 08:00:00,-7.148,87.30848,0.045559883,0.43,0.416,0.373,-2.198,-1.698,0.502
2018-12-15 09:00:00,-6.298,87.39376,0.04830998,0.43,0.416,0.373,-2.198,-1.698,0.502
2018-12-15 10:00:00,-5.848,88.11659,0.0471344,0.43,0.416,0.373,-2.198,-1.698,0.502
2018-12-15 11:00:00,-5.848,89.83213,0.040330708,0.43,0.416,0.373,-2.198,-1.698,0.502
2018-12-15 12:00:00,-5.898,90.871994,0.036068678,0.43,0.416,0.373,-2.198,-1.698,0.502
2018-12-15 13:00:00,-5.848,91.2259,0.034802943,0.43,0.416,0.373,-2.198,-1.698,0.502
2018-12-15 14:00:00,-5.798,91.58074,0.033523142,0.43,0.416,0.373,-2.148,-1.698,0.502
2018-12-15 15:00:00,-5.948,92.27755,0.030398935,0.43,0.416,0.373,-2.148,-1.698,0.502
2018-12-15 16:00:00,-5.798,92.28696,0.030711502,0.43,0.416,0.373,-2.148,-1.698,0.502
2018-12-15 17:00:00,-5.698,92.64785,0.029498667,0.43,0.416,0.373,-2.148,-1.698,0.45200002
2018-12-15 18:00:00,-5.648,93.00654,0.028166652,0.43,0.416,0.373,-2.148,-1.698,0.45200002
2018-12-15 19:00:00,-6.098,92.98086,0.027315736,0.43,0.416,0.373,-2.148,-1.698,0.45200002
2018-12-15 20:00:00,-6.298,93.32816,0.025569856,0.43,0.416,0.373,-2.148,-1.698,0.45200002
2018-12-15 21:00:00,-6.398,93.68297,0.02402535,0.429,0.416,0.373,-2.098,-1.698,0.45200002
2018-12-15 22:00:00,-6.598,93.67262,0.02369824,0.429,0.416,0.373,-2.098,-1.698,0.45200002
2018-12-15 23:00:00,-6.598,94.03471,0.022342175,0.429,0.416,0.373,-2.098,-1.698,0.45200002
2018-12-16 00:00:00,-6.698,93.66743,0.023536146,0.429,0.416,0.373,-2.098,-1.698,0.45200002
2018-12-16 01:00:00,-6.798,93.300804,0.024707973,0.429,0.416,0.373,-2.098,-1.698,0.45200002
2018-12-16 02:00:00,-6.848,92.57866,0.027266026,0.429,0.416,0.373,-2.098,-1.698,0.45200002
2018-12-16 03:00:00,-6.998,92.2113,0.028286904,0.429,0.416,0.373,-2.098,-1.698,0.45200002
2018-12-16 04:00:00,-7.098,91.49157,0.030663222,0.429,0.416,0.373,-2.098,-1.698,0.45200002
2018-12-16 05:00:00,-7.148,90.42683,0.034367085,0.429,0.416,0.373,-2.098,-1.698,0.45200002
2018-12-16 06:00:00,-7.048,86.978294,0.047106862,0.429,0.416,0.373,-2.0479999,-1.698,0.45200002
2018-12-16 07:00:00,-7.148,85.28315,0.05282888,0.429,0.416,0.373,-2.0479999,-1.698,0.45200002
2018-12-16 08:00:00,-7.348,85.26,0.052100837,0.429,0.416,0.373,-2.0479999,-1.698,0.45200002
2018-12-16 09:00:00,-7.698,85.89244,0.048532635,0.429,0.416,0.373,-2.0479999,-1.698,0.45200002
2018-12-16 10:00:00,-8.148,86.522194,0.04477355,0.429,0.416,0.373,-2.0479999,-1.698,0.45200002
2018-12-16 11:00:00,-8.698,88.19133,0.037581593,0.429,0.416,0.373,-2.0479999,-1.698,0.45200002
2018-12-16 12:00:00,-8.998,88.512924,0.03570935,0.429,0.416,0.373,-2.0479999,-1.698,0.45200002
2018-12-16 13:00:00,-8.998,88.512924,0.03570935,0.429,0.416,0.373,-2.0479999,-1.698,0.45200002
2018-12-16 14:00:00,-8.748,88.18659,0.037449867,0.429,0.416,0.373,-2.0479999,-1.698,0.45200002
2018-12-16 15:00:00,-8.398,87.52636,0.040638804,0.429,0.416,0.373,-2.0479999,-1.698,0.45200002
2018-12-16 16:00:00,-8.198,87.89186,0.04006803,0.429,0.416,0.373,-2.0479999,-1.698,0.45200002
2018-12-16 17:00:00,-7.748,87.935394,0.04134515,0.429,0.416,0.373,-2.0479999,-1.698,0.45200002
2018-12-16 18:00:00,-7.448,88.3091,0.041006744,0.429,0.416,0.373,-2.0479999,-1.698,0.45200002
2018-12-16 19:00:00,-7.148,89.02886,0.03938499,0.429,0.416,0.373,-2.0479999,-1.698,0.45200002
2018-12-16 20:00:00,-7.048,89.38506,0.038401484,0.429,0.416,0.373,-2.0479999,-1.648,0.45200002
2018-12-16 21:00:00,-6.798,89.40636,0.039069563,0.429,0.416,0.373,-2.0479999,-1.648,0.45200002
2018-12-16 22:00:00,-6.598,89.770775,0.03831023,0.429,0.415,0.373,-2.0479999,-1.648,0.45200002
2018-12-16 23:00:00,-6.448,89.78309,0.038707167,0.429,0.415,0.373,-1.9979999,-1.648,0.45200002
2018-12-17 00:00:00,-6.398,90.8351,0.034855366,0.429,0.415,0.373,-1.9979999,-1.648,0.45200002
2018-12-17 01:00:00,-6.348,91.19039,0.033632934,0.429,0.415,0.373,-1.9979999,-1.648,0.45200002
2018-12-17 02:00:00,-6.298,92.25556,0.029680222,0.429,0.415,0.373,-1.9979999,-1.648,0.45200002
2018-12-17 03:00:00,-6.148,92.62089,0.028606862,0.428,0.415,0.373,-1.9979999,-1.648,0.45200002
2018-12-17 04:00:00,-6.048,92.62689,0.02880302,0.428,0.415,0.373,-1.9979999,-1.648,0.45200002
2018-12-17 05:00:00,-5.748,91.584145,0.033637643,0.428,0.415,0.373,-1.9979999,-1.648,0.45200002
2018-12-17 06:00:00,-5.448,90.905,0.03719175,0.428,0.415,0.373,-1.9979999,-1.648,0.45200002
2018-12-17 07:00:00,-4.998,89.55778,0.04418367,0.428,0.415,0.373,-1.9979999,-1.648,0.45200002
2018-12-17 08:00:00,-4.748,87.88286,0.052248865,0.428,0.415,0.373,-1.9979999,-1.648,0.45200002
2018-12-17 09:00:00,-4.648,87.22266,0.055513024,0.428,0.415,0.373,-1.9979999,-1.648,0.45200002
2018-12-17 10:00:00,-4.748,88.2197,0.0507966,0.428,0.415,0.373,-1.9979999,-1.648,0.45200002
2018-12-17 11:00:00,-5.398,89.8687,0.041586727,0.428,0.415,0.373,-1.9979999,-1.648,0.45200002
2018-12-17 12:00:00,-5.998,91.21528,0.034448296,0.428,0.415,0.373,-1.948,-1.648,0.45200002
2018-12-17 13:00:00,-6.348,91.897194,0.03093481,0.428,0.415,0.373,-1.948,-1.648,0.45200002
2018-12-17 14:00:00,-6.748,92.22716,0.028777897,0.428,0.415,0.373,-1.948,-1.648,0.45200002
2018-12-17 15:00:00,-7.398,91.82769,0.02877751,0.428,0.415,0.373,-1.948,-1.648,0.45200002
2018-12-17 16:00:00,-8.348,91.76406,0.026939034,0.428,0.415,0.373,-1.948,-1.648,0.45200002
2018-12-17 17:00:00,-8.948,90.64353,0.02920124,0.428,0.415,0.373,-1.948,-1.648,0.45200002
2018-12-17 18:00:00,-9.698,89.15553,0.03190583,0.428,0.415,0.373,-1.948,-1.648,0.45200002
2018-12-17 19:00:00,-9.448,90.24643,0.029267848,0.428,0.415,0.373,-1.948,-1.648,0.45200002
2018-12-17 20:00:00,-10.198,89.46848,0.029783964,0.428,0.415,0.373,-1.948,-1.648,0.45200002
2018-12-17 21:00:00,-10.748,89.062546,0.029609308,0.428,0.415,0.373,-1.948,-1.648,0.45200002
2018-12-17 22:00:00,-11.198,89.74334,0.026787207,0.428,0.415,0.373,-1.948,-1.648,0.45200002
2018-12-17 23:00:00,-11.698,88.97742,0.02765654,0.428,0.415,0.373,-1.948,-1.648,0.45200002
2018-12-18 00:00:00,-12.148,88.57558,0.027645126,0.428,0.415,0.374,-1.948,-1.648,0.45200002
2018-12-18 01:00:00,-12.748,88.8822,0.025629386,0.428,0.415,0.374,-1.948,-1.648,0.45200002
2018-12-18 02:00:00,-13.298,88.83184,0.024620056,0.428,0.415,0.374,-1.9979999,-1.648,0.45200002
2018-12-18 03:00:00,-13.848,88.4152,0.024416655,0.428,0.415,0.374,-1.9979999,-1.648,0.45200002
2018-12-18 04:00:00,-13.748,88.42472,0.024597049,0.428,0.415,0.374,-1.9979999,-1.648,0.45200002
2018-12-18 05:00:00,-13.298,87.38228,0.02781476,0.428,0.415,0.374,-1.9979999,-1.648,0.45200002
2018-12-18 06:00:00,-12.398,86.762474,0.031391412,0.428,0.415,0.374,-1.9979999,-1.648,0.45200002
2018-12-18 07:00:00,-11.998,85.40101,0.035754353,0.428,0.415,0.374,-1.9979999,-1.648,0.45200002
2018-12-18 08:00:00,-11.198,83.77755,0.042363286,0.428,0.415,0.374,-1.9979999,-1.648,0.45200002
2018-12-18 09:00:00,-10.598,82.8435,0.046997637,0.428,0.415,0.374,-1.9979999,-1.648,0.45200002
2018-12-18 10:00:00,-10.548,83.86078,0.04438795,0.427,0.415,0.374,-1.9979999,-1.648,0.45200002
2018-12-18 11:00:00,-10.748,85.2017,0.04005839,0.427,0.415,0.374,-1.9979999,-1.648,0.45200002
2018-12-18 12:00:00,-11.198,86.18975,0.036065727,0.427,0.415,0.374,-1.9979999,-1.648,0.45200002
2018-12-18 13:00:00,-11.398,86.167534,0.035550117,0.427,0.415,0.374,-1.9979999,-1.648,0.45200002
2018-12-18 14:00:00,-11.848,86.46869,0.033542722,0.427,0.415,0.374,-1.9979999,-1.648,0.45200002
2018-12-18 15:00:00,-12.398,86.762474,0.031391412,0.427,0.415,0.374,-1.9979999,-1.648,0.45200002
2018-12-18 16:00:00,-12.698,87.086395,0.029888958,0.427,0.415,0.374,-1.9979999,-1.648,0.45200002
2018-12-18 17:00:00,-12.248,87.133484,0.030883685,0.427,0.415,0.374,-1.9979999,-1.648,0.45200002
2018-12-18 18:00:00,-11.498,87.92116,0.030796498,0.427,0.415,0.374,-1.9979999,-1.648,0.45200002
2018-12-18 19:00:00,-11.398,87.930954,0.031019077,0.427,0.415,0.374,-1.9979999,-1.648,0.45200002
2018-12-18 20:00:00,-10.648,88.35862,0.03176643,0.427,0.415,0.374,-1.9979999,-1.648,0.45200002
2018-12-18 21:00:00,-9.898,88.78289,0.0324848,0.427,0.415,0.374,-1.9979999,-1.648,0.45200002
2018-12-18 22:00:00,-9.398,88.82821,0.033654988,0.427,0.415,0.374,-1.9979999,-1.648,0.45200002
2018-12-18 23:00:00,-9.148,88.85077,0.034253657,0.427,0.415,0.374,-1.9979999,-1.648,0.45200002
2018-12-19 00:00:00,-9.098,88.15328,0.036539316,0.427,0.415,0.374,-1.9979999,-1.648,0.45200002
2018-12-19 01:00:00,-9.248,88.48974,0.035085917,0.427,0.415,0.374,-1.9979999,-1.648,0.45200002
2018-12-19 02:00:00,-9.398,87.7747,0.03682804,0.427,0.415,0.374,-1.9979999,-1.648,0.45200002
2018-12-19 03:00:00,-9.698,86.70048,0.03912729,0.427,0.414,0.374,-1.9979999,-1.648,0.45200002
2018-12-19 04:00:00,-9.848,85.64978,0.0417206,0.427,0.414,0.374,-1.9979999,-1.648,0.45200002
2018-12-19 05:00:00,-9.898,84.960144,0.043552622,0.427,0.414,0.374,-1.9979999,-1.648,0.45200002
2018-12-19 06:00:00,-9.748,81.63451,0.0538138,0.427,0.414,0.374,-1.9979999,-1.648,0.45200002
2018-12-19 07:00:00,-8.998,82.06844,0.05573705,0.427,0.414,0.374,-1.9979999,-1.648,0.45200002
2018-12-19 08:00:00,-8.698,79.21219,0.06614828,0.427,0.414,0.374,-1.9979999,-1.648,0.45200002
2018-12-19 09:00:00,-8.548,79.55307,0.06583145,0.427,0.414,0.374,-1.9979999,-1.648,0.45200002
2018-12-19 10:00:00,-8.598,81.1484,0.06046006,0.427,0.414,0.374,-1.9979999,-1.648,0.45200002
2018-12-19 11:00:00,-8.848,83.4088,0.05218187,0.427,0.414,0.374,-1.9979999,-1.648,0.45200002
2018-12-19 12:00:00,-9.098,84.38002,0.04817432,0.427,0.414,0.374,-1.9979999,-1.648,0.402
2018-12-19 13:00:00,-9.198,84.36771,0.04783517,0.427,0.414,0.374,-1.9979999,-1.5979999,0.402
2018-12-19 14:00:00,-9.298,84.01912,0.048518658,0.427,0.414,0.374,-1.9979999,-1.5979999,0.402
2018-12-19 15:00:00,-9.648,83.975006,0.047329783,0.427,0.414,0.374,-1.9979999,-1.5979999,0.402
2018-12-19 16:00:00,-10.198,83.90534,0.045512527,0.427,0.414,0.374,-1.9979999,-1.5979999,0.402
2018-12-19 17:00:00,-10.848,84.162445,0.042530492,0.427,0.414,0.374,-1.9979999,-1.5979999,0.402
2018-12-19 18:00:00,-11.298,84.105804,0.041175634,0.426,0.414,0.374,-1.9979999,-1.5979999,0.402
2018-12-19 19:00:00,-11.648,84.06151,0.040148005,0.426,0.414,0.374,-1.9979999,-1.5979999,0.402
2018-12-19 20:00:00,-12.398,83.96605,0.03802064,0.426,0.414,0.374,-1.9979999,-1.5979999,0.402
2018-12-19 21:00:00,-12.898,83.90195,0.036657512,0.426,0.414,0.374,-1.9979999,-1.5979999,0.402
2018-12-19 22:00:00,-13.748,83.79213,0.03443761,0.426,0.414,0.374,-1.9979999,-1.5979999,0.402
2018-12-19 23:00:00,-14.898,83.29167,0.03229755,0.426,0.414,0.374,-1.9979999,-1.5979999,0.402
2018-12-20 00:00:00,-15.898,82.80541,0.030589134,0.426,0.414,0.374,-1.9979999,-1.5979999,0.402
2018-12-20 01:00:00,-16.398,82.38486,0.030054301,0.426,0.414,0.374,-1.9979999,-1.5979999,0.402
2018-12-20 02:00:00,-17.148,82.27819,0.028388798,0.426,0.414,0.374,-1.9979999,-1.5979999,0.402
2018-12-20 03:00:00,-18.148,82.49025,0.025770485,0.426,0.414,0.374,-1.9979999,-1.5979999,0.402
2018-12-20 04:00:00,-19.298,83.04761,0.02261234,0.426,0.414,0.374,-1.9979999,-1.5979999,0.402
2018-12-20 05:00:00,-19.298,82.68607,0.023094304,0.426,0.414,0.374,-2.0479999,-1.5979999,0.402
2018-12-20 06:00:00,-18.148,80.376396,0.028879844,0.426,0.414,0.374,-2.0479999,-1.5979999,0.402
2018-12-20 07:00:00,-16.798,78.204346,0.03595504,0.426,0.414,0.374,-2.0479999,-1.5979999,0.402
2018-12-20 08:00:00,-15.997999,73.7879,0.046232343,0.426,0.414,0.374,-2.0479999,-1.5979999,0.402
2018-12-20 09:00:00,-15.848,72.25161,0.049556166,0.426,0.414,0.374,-2.0479999,-1.5979999,0.402
2018-12-20 10:00:00,-16.248,75.338585,0.042599797,0.426,0.414,0.374,-2.0479999,-1.5979999,0.402
2018-12-20 11:00:00,-17.498,77.07782,0.03564409,0.426,0.414,0.374,-2.0479999,-1.5979999,0.402
2018-12-20 12:00:00,-19.098,79.18084,0.028248206,0.426,0.414,0.374,-2.0479999,-1.5979999,0.402
2018-12-20 13:00:00,-20.148,81.48261,0.022950627,0.426,0.414,0.374,-2.0479999,-1.5979999,0.402
2018-12-20 14:00:00,-20.398,83.2601,0.020303428,0.426,0.414,0.374,-2.098,-1.5979999,0.402
2018-12-20 15:00:00,-21.198,82.04955,0.020303592,0.426,0.414,0.374,-2.098,-1.5979999,0.402
2018-12-20 16:00:00,-22.698,80.72823,0.01909738,0.426,0.414,0.374,-2.098,-1.5979999,0.402
2018-12-20 17:00:00,-24.698,79.30789,0.017139733,0.426,0.414,0.374,-2.098,-1.5979999,0.402
2018-12-20 18:00:00,-26.948,78.1834,0.014710829,0.426,0.414,0.374,-2.148,-1.5979999,0.402
2018-12-20 19:00:00,-29.298,75.542946,0.013238408,0.426,0.414,0.374,-2.148,-1.5979999,0.402
2018-12-20 20:00:00,-30.298,74.61207,0.012496848,0.426,0.414,0.374,-2.148,-1.5979999,0.402
2018-12-20 21:00:00,-30.798,74.14447,0.012132399,0.426,0.414,0.374,-2.148,-1.5979999,0.402
2018-12-20 22:00:00,-30.698,73.44306,0.012581054,0.426,0.414,0.374,-2.198,-1.5979999,0.402
2018-12-20 23:00:00,-30.598,73.46457,0.012691807,0.426,0.414,0.374,-2.198,-1.5979999,0.402
2018-12-21 00:00:00,-30.448,73.85658,0.012685224,0.426,0.414,0.374,-2.198,-1.5979999,0.402
2018-12-21 01:00:00,-30.298,74.61207,0.012496848,0.426,0.414,0.374,-2.248,-1.5979999,0.402
2018-12-21 02:00:00,-30.248,74.62241,0.012551475,0.426,0.414,0.374,-2.248,-1.5979999,0.402
2018-12-21 03:00:00,-30.298,74.61207,0.012496848,0.426,0.414,0.374,-2.248,-1.5979999,0.402
2018-12-21 04:00:00,-30.198,74.27036,0.01278618,0.426,0.414,0.374,-2.248,-1.5979999,0.402
2018-12-21 05:00:00,-28.698,73.86856,0.014966287,0.425,0.414,0.374,-2.2979999,-1.5979999,0.402
2018-12-21 06:00:00,-26.698,75.34192,0.017012801,0.425,0.414,0.374,-2.2979999,-1.648,0.402
2018-12-21 07:00:00,-24.798,75.71527,0.019931514,0.425,0.414,0.374,-2.2979999,-1.648,0.402
2018-12-21 08:00:00,-23.248,74.29876,0.024246112,0.425,0.414,0.374,-2.2979999,-1.648,0.402
2018-12-21 09:00:00,-22.548,72.76711,0.027339816,0.425,0.414,0.374,-2.2979999,-1.648,0.402
2018-12-21 10:00:00,-22.798,72.383156,0.02711641,0.425,0.414,0.374,-2.2979999,-1.648,0.402
2018-12-21 11:00:00,-23.898,72.81411,0.02419573,0.425,0.414,0.374,-2.2979999,-1.648,0.402
2018-12-21 12:00:00,-25.248,73.54625,0.020841159,0.425,0.413,0.374,-2.348,-1.648,0.402
2018-12-21 13:00:00,-26.098,73.36767,0.01941511,0.425,0.413,0.374,-2.348,-1.648,0.402
2018-12-21 14:00:00,-26.698,72.895515,0.018698636,0.425,0.413,0.374,-2.348,-1.648,0.402
2018-12-21 15:00:00,-27.248,73.123314,0.017622668,0.425,0.413,0.374,-2.348,-1.648,0.402
2018-12-21 16:00:00,-27.748,73.365005,0.016671821,0.425,0.413,0.374,-2.348,-1.648,0.402
2018-12-21 17:00:00,-28.248,73.60989,0.015765563,0.425,0.413,0.374,-2.398,-1.648,0.402
2018-12-21 18:00:00,-28.698,73.51445,0.0151688345,0.425,0.413,0.374,-2.398,-1.648,0.402
2018-12-21 19:00:00,-29.248,74.46794,0.013885029,0.425,0.413,0.374,-2.398,-1.648,0.402
2018-12-21 20:00:00,-29.448,75.14921,0.013261806,0.425,0.413,0.374,-2.398,-1.648,0.402
2018-12-21 21:00:00,-29.598,75.48293,0.012899388,0.425,0.413,0.374,-2.448,-1.648,0.402
2018-12-21 22:00:00,-29.748,76.555824,0.012161285,0.425,0.413,0.374,-2.448,-1.648,0.402
2018-12-21 23:00:00,-29.798,76.9172,0.011917356,0.425,0.413,0.374,-2.448,-1.648,0.402
2018-12-22 00:00:00,-29.848,77.65481,0.011482276,0.425,0.413,0.374,-2.448,-1.648,0.402
2018-12-22 01:00:00,-30.098,77.60838,0.011235729,0.425,0.413,0.374,-2.498,-1.648,0.402
2018-12-22 02:00:00,-30.298,77.57116,0.011041887,0.425,0.413,0.374,-2.498,-1.648,0.402
2018-12-22 03:00:00,-30.298,77.19558,0.01122658,0.425,0.413,0.374,-2.498,-1.648,0.402
2018-12-22 04:00:00,-30.298,77.19558,0.01122658,0.425,0.413,0.374,-2.498,-1.648,0.402
2018-12-22 05:00:00,-28.998,75.96689,0.013382729,0.425,0.413,0.374,-2.5479999,-1.648,0.402
2018-12-22 06:00:00,-26.898,73.19803,0.01815208,0.425,0.413,0.374,-2.5479999,-1.648,0.402
2018-12-22 07:00:00,-24.548,71.67147,0.023778018,0.425,0.413,0.374,-2.5479999,-1.648,0.402
2018-12-22 08:00:00,-22.398,70.515785,0.029993296,0.425,0.413,0.374,-2.5479999,-1.648,0.402
2018-12-22 09:00:00,-20.748,69.93513,0.035354473,0.425,0.413,0.374,-2.5479999,-1.698,0.402
2018-12-22 10:00:00,-20.348,70.972725,0.03534495,0.425,0.413,0.374,-2.5479999,-1.698,0.402
2018-12-22 11:00:00,-21.248,73.040184,0.030351177,0.425,0.413,0.374,-2.5479999,-1.698,0.402
2018-12-22 12:00:00,-22.198,73.504555,0.027437173,0.425,0.413,0.374,-2.5479999,-1.698,0.402
2018-12-22 13:00:00,-22.748,73.725586,0.025914513,0.425,0.413,0.374,-2.5479999,-1.698,0.402
2018-12-22 14:00:00,-22.948,74.35939,0.024844326,0.425,0.413,0.374,-2.5479999,-1.698,0.402
2018-12-22 15:00:00,-22.548,74.4399,0.025662117,0.425,0.413,0.374,-2.5479999,-1.698,0.402
2018-12-22 16:00:00,-21.948,74.56,0.026933074,0.425,0.413,0.374,-2.5479999,-1.698,0.402
2018-12-22 17:00:00,-21.448,74.99572,0.02766236,0.425,0.413,0.374,-2.498,-1.698,0.402
2018-12-22 18:00:00,-20.898,74.76828,0.029290438,0.424,0.413,0.374,-2.498,-1.698,0.402
2018-12-22 19:00:00,-20.598,75.16172,0.029598199,0.424,0.413,0.374,-2.498,-1.698,0.402
2018-12-22 20:00:00,-20.248,75.22962,0.030429177,0.424,0.413,0.374,-2.498,-1.698,0.402
2018-12-22 21:00:00,-19.848,75.64099,0.030979283,0.424,0.413,0.374,-2.498,-1.698,0.402
2018-12-22 22:00:00,-19.698,76.34107,0.030482173,0.424,0.413,0.374,-2.498,-1.698,0.402
2018-12-22 23:00:00,-19.348,76.74296,0.030882664,0.424,0.413,0.374,-2.498,-1.698,0.402
2018-12-23 00:00:00,-19.498,77.394104,0.029633328,0.424,0.413,0.374,-2.498,-1.698,0.402
2018-12-23 01:00:00,-19.898,78.00838,0.027850062,0.424,0.413,0.374,-2.498,-1.698,0.402
2018-12-23 02:00:00,-20.398,78.61442,0.025934137,0.424,0.413,0.374,-2.498,-1.698,0.402
2018-12-23 03:00:00,-21.298,79.16336,0.023360342,0.424,0.413,0.374,-2.498,-1.698,0.402
2018-12-23 04:00:00,-22.248,80.07627,0.020545885,0.424,0.413,0.374,-2.498,-1.698,0.402
2018-12-23 05:00:00,-21.898,80.13288,0.021130241,0.424,0.413,0.374,-2.498,-1.698,0.402
2018-12-23 06:00:00,-20.398,78.61442,0.025934137,0.424,0.413,0.374,-2.498,-1.698,0.402
2018-12-23 07:00:00,-18.948,78.17349,0.029997692,0.424,0.413,0.374,-2.498,-1.698,0.402
2018-12-23 08:00:00,-17.598,79.085625,0.032249697,0.424,0.413,0.374,-2.498,-1.7479999,0.402
2018-12-23 09:00:00,-16.698,78.89516,0.03511001,0.424,0.413,0.374,-2.448,-1.7479999,0.402
2018-12-23 10:00:00,-16.698,79.57405,0.03398125,0.424,0.413,0.374,-2.448,-1.7479999,0.352
2018-12-23 11:00:00,-17.498,81.17404,0.02927795,0.424,0.413,0.374,-2.448,-1.7479999,0.402
2018-12-23 12:00:00,-18.098,82.14173,0.026395231,0.424,0.413,0.374,-2.448,-1.7479999,0.352
2018-12-23 13:00:00,-18.348,82.819466,0.024859019,0.424,0.413,0.374,-2.448,-1.7479999,0.352
2018-12-23 14:00:00,-18.048,83.579155,0.024375163,0.424,0.413,0.374,-2.448,-1.7479999,0.352
2018-12-23 15:00:00,-18.248,84.27684,0.022945978,0.424,0.413,0.374,-2.448,-1.7479999,0.352
2018-12-23 16:00:00,-18.448,83.88756,0.023116224,0.424,0.413,0.374,-2.448,-1.7479999,0.352
2018-12-23 17:00:00,-18.698,83.13043,0.023690395,0.424,0.413,0.374,-2.448,-1.7479999,0.352
2018-12-23 18:00:00,-18.998,82.36901,0.024130926,0.424,0.413,0.374,-2.448,-1.7479999,0.352
2018-12-23 19:00:00,-19.398,81.59502,0.024338461,0.424,0.413,0.374,-2.448,-1.7479999,0.352
2018-12-23 20:00:00,-20.048,81.49765,0.023131602,0.424,0.413,0.374,-2.448,-1.7479999,0.352
2018-12-23 21:00:00,-20.648,81.04773,0.022490606,0.424,0.412,0.374,-2.448,-1.7479999,0.352
2018-12-23 22:00:00,-21.098,80.97826,0.021703616,0.424,0.412,0.374,-2.448,-1.7479999,0.352
2018-12-23 23:00:00,-21.448,80.92394,0.021108322,0.424,0.412,0.374,-2.448,-1.7479999,0.352
2018-12-24 00:00:00,-21.998,80.116745,0.020961821,0.424,0.412,0.374,-2.448,-1.7479999,0.352
2018-12-24 01:00:00,-22.448,79.68412,0.020582505,0.424,0.412,0.374,-2.448,-1.7479999,0.352
2018-12-24 02:00:00,-23.048,79.22497,0.019955121,0.424,0.412,0.374,-2.448,-1.7479999,0.352
2018-12-24 03:00:00,-23.798,78.73766,0.019098751,0.424,0.412,0.374,-2.448,-1.7479999,0.352
2018-12-24 04:00:00,-24.398,78.27338,0.01849021,0.424,0.412,0.374,-2.448,-1.7479999,0.352
2018-12-24 05:00:00,-24.198,77.59356,0.019415021,0.424,0.412,0.374,-2.448,-1.7479999,0.352
2018-12-24 06:00:00,-23.648,75.93738,0.02190426,0.424,0.412,0.374,-2.448,-1.7479999,0.352
2018-12-24 07:00:00,-23.498,73.57073,0.024381526,0.424,0.412,0.374,-2.498,-1.7479999,0.352
2018-12-24 08:00:00,-23.198,72.62912,0.025934942,0.424,0.412,0.374,-2.498,-1.7479999,0.352
2018-12-24 09:00:00,-23.098,72.65041,0.026146859,0.424,0.412,0.375,-2.498,-1.7479999,0.352
2018-12-24 10:00:00,-23.598,73.88821,0.023874335,0.424,0.412,0.375,-2.498,-1.7479999,0.352
2018-12-24 11:00:00,-24.848,75.355965,0.020134714,0.424,0.412,0.375,-2.498,-1.7479999,0.352
2018-12-24 12:00:00,-26.048,75.118126,0.0182237,0.424,0.412,0.375,-2.498,-1.7479999,0.352
2018-12-24 13:00:00,-27.098,74.90739,0.01668435,0.424,0.412,0.375,-2.498,-1.7479999,0.352
2018-12-24 14:00:00,-27.948,74.73493,0.015523285,0.424,0.412,0.375,-2.498,-1.7479999,0.352
2018-12-24 15:00:00,-28.698,74.94016,0.0143532865,0.424,0.412,0.375,-2.5479999,-1.7479999,0.352
2018-12-24 16:00:00,-29.548,74.76658,0.013338868,0.423,0.412,0.375,-2.5479999,-1.798,0.352
2018-12-24 17:00:00,-30.298,74.61207,0.012496848,0.423,0.412,0.375,-2.5479999,-1.798,0.352
2018-12-24 18:00:00,-30.948,73.7502,0.012141135,0.423,0.412,0.375,-2.5479999,-1.798,0.352
2018-12-24 19:00:00,-31.848,73.55722,0.011213489,0.423,0.412,0.375,-2.598,-1.798,0.352
2018-12-24 20:00:00,-32.198,72.755196,0.011167346,0.423,0.412,0.375,-2.598,-1.798,0.352
2018-12-24 21:00:00,-32.598003,73.02988,0.0106325615,0.423,0.412,0.375,-2.598,-1.798,0.352
2018-12-24 22:00:00,-32.798,72.62201,0.010584325,0.423,0.412,0.375,-2.648,-1.798,0.352
2018-12-24 23:00:00,-32.698,72.64429,0.010679593,0.423,0.412,0.375,-2.648,-1.798,0.352
2018-12-25 00:00:00,-32.948,72.58857,0.010442849,0.423,0.412,0.375,-2.648,-1.798,0.352
2018-12-25 01:00:00,-32.998,71.85366,0.010670008,0.423,0.412,0.375,-2.698,-1.798,0.352
2018-12-25 02:00:00,-32.998,71.85366,0.010670008,0.423,0.412,0.375,-2.698,-1.798,0.352
2018-12-25 03:00:00,-32.898003,71.87646,0.010766285,0.423,0.412,0.375,-2.748,-1.798,0.352
2018-12-25 04:00:00,-32.698,71.56323,0.011100959,0.423,0.412,0.375,-2.748,-1.798,0.352
2018-12-25 05:00:00,-31.698,71.08344,0.012440208,0.423,0.412,0.375,-2.748,-1.798,0.352
2018-12-25 06:00:00,-30.098,70.41094,0.014841918,0.423,0.412,0.375,-2.748,-1.798,0.352
2018-12-25 07:00:00,-28.798,70.03302,0.016999219,0.423,0.412,0.375,-2.748,-1.798,0.352
2018-12-25 08:00:00,-27.548,69.989525,0.019134331,0.423,0.412,0.375,-2.748,-1.798,0.352
2018-12-25 09:00:00,-26.648,70.19899,0.020651277,0.423,0.412,0.375,-2.748,-1.798,0.352
2018-12-25 10:00:00,-26.548,71.5634,0.019889362,0.423,0.412,0.375,-2.748,-1.798,0.352
2018-12-25 11:00:00,-27.148,73.1447,0.017772518,0.423,0.412,0.375,-2.748,-1.8479999,0.352
2018-12-25 12:00:00,-27.798,73.00537,0.016818147,0.423,0.412,0.375,-2.748,-1.8479999,0.352
2018-12-25 13:00:00,-28.248,72.90831,0.016184155,0.423,0.412,0.375,-2.748,-1.8479999,0.352
2018-12-25 14:00:00,-28.548,72.49416,0.015975814,0.423,0.412,0.375,-2.748,-1.8479999,0.352
2018-12-25 15:00:00,-28.798,72.78904,0.015437935,0.423,0.412,0.375,-2.748,-1.8479999,0.352
2018-12-25 16:00:00,-28.898,72.76729,0.01530556,0.423,0.412,0.375,-2.7979999,-1.8479999,0.352
2018-12-25 17:00:00,-28.948,72.406265,0.01543536,0.423,0.412,0.375,-2.7979999,-1.8479999,0.352
2018-12-25 18:00:00,-28.898,72.76729,0.01530556,0.423,0.412,0.375,-2.7979999,-1.8479999,0.352
2018-12-25 19:00:00,-28.798,72.78904,0.015437935,0.423,0.412,0.375,-2.7979999,-1.8479999,0.352
2018-12-25 20:00:00,-28.648,72.47222,0.01583917,0.423,0.412,0.375,-2.7979999,-1.8479999,0.352
2018-12-25 21:00:00,-28.498,72.85419,0.015841104,0.423,0.412,0.375,-2.7979999,-1.8479999,0.352
2018-12-25 22:00:00,-28.348,73.58873,0.015631199,0.423,0.412,0.375,-2.7979999,-1.8479999,0.352
2018-12-25 23:00:00,-28.248,73.96294,0.015554905,0.423,0.412,0.375,-2.7979999,-1.8479999,0.352
2018-12-26 00:00:00,-28.148,73.63104,0.015900925,0.423,0.412,0.375,-2.848,-1.8479999,0.352
2018-12-26 01:00:00,-28.048,72.95151,0.016463276,0.423,0.412,0.375,-2.848,-1.8479999,0.352
2018-12-26 02:00:00,-27.898,71.60183,0.017527267,0.423,0.412,0.375,-2.848,-1.898,0.352
2018-12-26 03:00:00,-27.748,70.6154,0.018390488,0.423,0.412,0.375,-2.848,-1.898,0.352
2018-12-26 04:00:00,-27.498,69.33526,0.019641884,0.423,0.412,0.375,-2.848,-1.898,0.352
2018-12-26 05:00:00,-26.348,67.33641,0.023265343,0.423,0.411,0.375,-2.848,-1.898,0.352
2018-12-26 06:00:00,-24.698,66.176346,0.028001241,0.423,0.411,0.375,-2.848,-1.898,0.352
2018-12-26 07:00:00,-22.948,64.4972,0.034386154,0.423,0.411,0.375,-2.7979999,-1.898,0.352
2018-12-26 08:00:00,-21.598,63.671257,0.039647013,0.423,0.411,0.375,-2.7979999,-1.898,0.352
2018-12-26 09:00:00,-20.898,64.73041,0.04092726,0.423,0.411,0.375,-2.7979999,-1.898,0.352
2018-12-26 10:00:00,-20.848,65.0375,0.040748872,0.423,0.411,0.375,-2.748,-1.898,0.352
2018-12-26 11:00:00,-21.498,66.66883,0.036701202,0.423,0.411,0.375,-2.748,-1.898,0.352
2018-12-26 12:00:00,-22.198,67.4146,0.033735447,0.423,0.411,0.375,-2.748,-1.898,0.352
2018-12-26 13:00:00,-22.598,67.93748,0.03203974,0.423,0.411,0.375,-2.748,-1.898,0.352
2018-12-26 14:00:00,-22.898,68.17783,0.030963644,0.423,0.411,0.375,-2.748,-1.898,0.352
2018-12-26 15:00:00,-23.198,68.42031,0.029917762,0.423,0.411,0.375,-2.748,-1.898,0.352
2018-12-26 16:00:00,-23.498,68.34865,0.029192671,0.423,0.411,0.375,-2.748,-1.898,0.352
2018-12-26 17:00:00,-23.898,68.569824,0.027968157,0.423,0.411,0.375,-2.748,-1.898,0.352
2018-12-26 18:00:00,-24.298,69.1139,0.02651329,0.423,0.411,0.375,-2.748,-1.898,0.352
2018-12-26 19:00:00,-24.598,68.72204,0.026131984,0.423,0.411,0.375,-2.748,-1.898,0.302
2018-12-26 20:00:00,-24.848,68.6624,0.025596123,0.423,0.411,0.375,-2.748,-1.898,0.302
2018-12-26 21:00:00,-25.098,69.24794,0.024555363,0.423,0.411,0.375,-2.748,-1.948,0.302
2018-12-26 22:00:00,-25.348,69.51412,0.023796082,0.423,0.411,0.375,-2.748,-1.948,0.302
2018-12-26 23:00:00,-25.598,69.78254,0.023055587,0.423,0.411,0.375,-2.748,-1.948,0.302
2018-12-27 00:00:00,-25.898,70.04157,0.022240218,0.422,0.411,0.375,-2.7979999,-1.948,0.302
2018-12-27 01:00:00,-26.348,70.60114,0.02094319,0.422,0.411,0.375,-2.7979999,-1.948,0.302
2018-12-27 02:00:00,-26.748,70.50941,0.020248927,0.422,0.411,0.375,-2.7979999,-1.948,0.302
2018-12-27 03:00:00,-26.998,71.124344,0.01937477,0.422,0.411,0.375,-2.7979999,-1.948,0.302
2018-12-27 04:00:00,-26.898,71.14697,0.019539341,0.422,0.411,0.375,-2.7979999,-1.948,0.302
2018-12-27 05:00:00,-25.698,69.43196,0.02311081,0.422,0.411,0.375,-2.848,-1.948,0.302
2018-12-27 06:00:00,-23.898,68.569824,0.027968157,0.422,0.411,0.375,-2.7979999,-1.948,0.302
2018-12-27 07:00:00,-22.098,67.438896,0.034009367,0.422,0.411,0.375,-2.7979999,-1.948,0.302
2018-12-27 08:00:00,-20.248,66.37521,0.041292973,0.422,0.411,0.375,-2.7979999,-1.948,0.302
2018-12-27 09:00:00,-19.148,67.241554,0.044239447,0.422,0.411,0.375,-2.7979999,-1.948,0.302
2018-12-27 10:00:00,-18.998,68.48362,0.043115735,0.422,0.411,0.375,-2.748,-1.948,0.302
2018-12-27 11:00:00,-19.748,70.16105,0.038270615,0.422,0.411,0.375,-2.748,-1.948,0.302
2018-12-27 12:00:00,-20.298,70.98374,0.035485305,0.422,0.411,0.375,-2.748,-1.948,0.302
2018-12-27 13:00:00,-20.448,70.950645,0.035065703,0.422,0.411,0.375,-2.748,-1.948,0.302
2018-12-27 14:00:00,-20.598,71.55613,0.033890367,0.422,0.411,0.375,-2.748,-1.948,0.302
2018-12-27 15:00:00,-20.598,71.55613,0.033890367,0.422,0.411,0.375,-2.748,-1.948,0.302
2018-12-27 16:00:00,-20.448,71.58869,0.034296334,0.422,0.411,0.375,-2.748,-1.948,0.302
2018-12-27 17:00:00,-19.948,70.74457,0.036879644,0.422,0.411,0.375,-2.748,-1.9979999,0.302
2018-12-27 18:00:00,-19.198,70.28434,0.039962545,0.422,0.411,0.375,-2.748,-1.9979999,0.302
2018-12-27 19:00:00,-18.448,70.76214,0.041929796,0.422,0.411,0.375,-2.748,-1.9979999,0.302
2018-12-27 20:00:00,-17.798,70.9046,0.04409921,0.422,0.411,0.375,-2.748,-1.9979999,0.302
2018-12-27 21:00:00,-17.398,71.61325,0.044508994,0.422,0.411,0.375,-2.698,-1.9979999,0.302
2018-12-27 22:00:00,-16.798,71.74113,0.046608053,0.422,0.411,0.375,-2.698,-1.9979999,0.302
2018-12-27 23:00:00,-16.398,72.44849,0.046994105,0.422,0.411,0.375,-2.698,-1.9979999,0.302
2018-12-28 00:00:00,-16.348,73.08604,0.04610023,0.422,0.411,0.375,-2.698,-1.9979999,0.302
2018-12-28 01:00:00,-16.698,73.64796,0.04383252,0.422,0.411,0.375,-2.698,-1.9979999,0.302
2018-12-28 02:00:00,-16.948,73.91679,0.04248295,0.422,0.411,0.375,-2.698,-1.9979999,0.302
2018-12-28 03:00:00,-17.048,73.89685,0.04215873,0.422,0.411,0.375,-2.698,-1.9979999,0.302
2018-12-28 04:00:00,-16.848,73.30024,0.0438539,0.422,0.411,0.375,-2.648,-1.9979999,0.302
2018-12-28 05:00:00,-15.898,71.93144,0.04991886,0.422,0.411,0.375,-2.648,-1.9979999,0.302
2018-12-28 06:00:00,-14.748,70.65163,0.057419106,0.422,0.411,0.375,-2.648,-1.9979999,0.302
2018-12-28 07:00:00,-13.698,70.5795,0.06274657,0.422,0.411,0.375,-2.648,-1.9979999,0.302
2018-12-28 08:00:00,-12.798,69.88841,0.0691039,0.422,0.411,0.375,-2.648,-1.9979999,0.302
2018-12-28 09:00:00,-12.198,69.43726,0.07362737,0.422,0.411,0.375,-2.648,-1.9979999,0.302
2018-12-28 10:00:00,-12.098,70.0416,0.072757155,0.422,0.411,0.375,-2.598,-1.9979999,0.302
2018-12-28 11:00:00,-12.248,71.18734,0.06913489,0.422,0.411,0.375,-2.598,-1.9979999,0.302
2018-12-28 12:00:00,-12.448,71.74156,0.06671904,0.422,0.411,0.375,-2.598,-1.9979999,0.302
2018-12-28 13:00:00,-12.548,72.020836,0.06552781,0.422,0.41,0.375,-2.598,-1.9979999,0.302
2018-12-28 14:00:00,-12.648,71.69982,0.065744564,0.422,0.41,0.375,-2.598,-1.9979999,0.302
2018-12-28 15:00:00,-12.798,71.96903,0.064332515,0.422,0.41,0.375,-2.5479999,-1.9979999,0.302
2018-12-28 16:00:00,-12.748,71.67891,0.06526199,0.422,0.41,0.375,-2.5479999,-1.9979999,0.302
2018-12-28 17:00:00,-12.448,71.14498,0.068126544,0.422,0.41,0.375,-2.5479999,-1.9979999,0.302
2018-12-28 18:00:00,-12.248,70.891075,0.069845274,0.422,0.41,0.375,-2.5479999,-1.9979999,0.302
2018-12-28 19:00:00,-12.298,71.77281,0.06745814,0.422,0.41,0.375,-2.5479999,-1.9979999,0.302
2018-12-28 20:00:00,-12.098,72.41418,0.066999,0.422,0.41,0.375,-2.5479999,-1.9979999,0.302
2018-12-28 21:00:00,-11.948,73.04849,0.06625526,0.422,0.41,0.375,-2.5479999,-1.9979999,0.302
2018-12-28 22:00:00,-11.848,73.98195,0.06447877,0.422,0.41,0.375,-2.5479999,-1.9979999,0.302
2018-12-28 23:00:00,-11.398,74.68215,0.06505261,0.422,0.41,0.375,-2.5479999,-1.9979999,0.302
2018-12-29 00:00:00,-10.598,75.13991,0.06808984,0.422,0.41,0.375,-2.498,-1.9979999,0.302
2018-12-29 01:00:00,-10.048,75.856514,0.0690784,0.422,0.41,0.375,-2.498,-1.9979999,0.302
2018-12-29 02:00:00,-9.848,76.82165,0.06737569,0.422,0.41,0.375,-2.498,-1.9979999,0.302
2018-12-29 03:00:00,-9.448,77.20257,0.068393365,0.422,0.41,0.375,-2.498,-1.9979999,0.302
2018-12-29 04:00:00,-8.998,77.27989,0.07061534,0.422,0.41,0.375,-2.498,-1.9979999,0.302
2018-12-29 05:00:00,-8.298,77.39944,0.07419625,0.422,0.41,0.375,-2.498,-1.9979999,0.302
2018-12-29 06:00:00,-7.398,77.55182,0.07903096,0.422,0.41,0.375,-2.498,-1.9979999,0.302
2018-12-29 07:00:00,-6.648,77.9843,0.08212283,0.422,0.41,0.375,-2.448,-1.9979999,0.302
2018-12-29 08:00:00,-5.898,77.4985,0.088897556,0.422,0.41,0.375,-2.448,-1.9979999,0.302
2018-12-29 09:00:00,-5.398,78.494644,0.08826214,0.422,0.41,0.375,-2.448,-1.9979999,0.302
2018-12-29 10:00:00,-5.298,78.816826,0.08760336,0.422,0.41,0.375,-2.448,-1.9979999,0.302
2018-12-29 11:00:00,-5.548,80.01403,0.081097305,0.422,0.41,0.375,-2.398,-1.9979999,0.302
2018-12-29 12:00:00,-5.998,81.2039,0.0736973,0.422,0.41,0.375,-2.398,-1.9979999,0.302
2018-12-29 13:00:00,-6.598,81.75575,0.06832042,0.422,0.41,0.375,-2.398,-1.9979999,0.302
2018-12-29 14:00:00,-6.898,82.03509,0.06574017,0.422,0.41,0.375,-2.398,-1.9979999,0.302
2018-12-29 15:00:00,-7.148,82.323586,0.06344998,0.422,0.41,0.375,-2.398,-1.9979999,0.302
2018-12-29 16:00:00,-7.148,82.97323,0.061118662,0.422,0.41,0.375,-2.398,-1.9979999,0.302
2018-12-29 17:00:00,-7.198,83.62107,0.058567256,0.422,0.41,0.375,-2.398,-1.9979999,0.252
2018-12-29 18:00:00,-7.548,84.237045,0.054860204,0.422,0.41,0.375,-2.348,-1.9979999,0.252
2018-12-29 19:00:00,-8.298,85.486725,0.047652572,0.422,0.41,0.375,-2.348,-1.9979999,0.252
2018-12-29 20:00:00,-8.448,86.49001,0.04384309,0.422,0.41,0.375,-2.348,-1.9979999,0.252
2018-12-29 21:00:00,-8.498,87.86274,0.03923565,0.422,0.41,0.375,-2.348,-1.9979999,0.252
2018-12-29 22:00:00,-8.398,88.56828,0.037244856,0.422,0.41,0.375,-2.348,-1.9979999,0.252
2018-12-29 23:00:00,-8.148,89.6422,0.034410417,0.421,0.41,0.375,-2.348,-1.9979999,0.252
2018-12-30 00:00:00,-7.748,90.38024,0.032967806,0.421,0.41,0.375,-2.348,-1.9979999,0.252
2018-12-30 01:00:00,-7.348,90.76442,0.032647103,0.421,0.41,0.375,-2.348,-1.9979999,0.252
2018-12-30 02:00:00,-7.048,90.43456,0.034605175,0.421,0.41,0.375,-2.348,-1.9979999,0.252
2018-12-30 03:00:00,-7.048,89.38506,0.038401484,0.421,0.41,0.375,-2.348,-1.9979999,0.252
2018-12-30 04:00:00,-7.448,87.964264,0.042216092,0.421,0.41,0.375,-2.348,-1.9979999,0.252
2018-12-30 05:00:00,-7.998,86.87968,0.04409778,0.421,0.41,0.375,-2.2979999,-1.9979999,0.252
2018-12-30 06:00:00,-8.498,86.14315,0.044793308,0.421,0.41,0.375,-2.2979999,-1.9979999,0.252
2018-12-30 07:00:00,-8.798,87.14048,0.04060632,0.421,0.41,0.375,-2.2979999,-1.9979999,0.252
2018-12-30 08:00:00,-9.148,86.75885,0.040679276,0.421,0.41,0.375,-2.2979999,-1.948,0.252
2018-12-30 09:00:00,-9.448,86.03805,0.041893184,0.421,0.41,0.375,-2.2979999,-1.9979999,0.252
2018-12-30 10:00:00,-9.698,85.666916,0.042167306,0.421,0.41,0.375,-2.2979999,-1.948,0.252
2018-12-30 11:00:00,-9.998,87.01624,0.037303716,0.421,0.41,0.375,-2.2979999,-1.948,0.252
2018-12-30 12:00:00,-10.098,87.00581,0.03703934,0.421,0.41,0.375,-2.2979999,-1.948,0.252
2018-12-30 13:00:00,-10.248,86.64173,0.037626967,0.421,0.41,0.375,-2.2979999,-1.948,0.252
2018-12-30 14:00:00,-10.348,85.592476,0.040261075,0.421,0.41,0.375,-2.2979999,-1.948,0.252
2018-12-30 15:00:00,-10.298,83.89263,0.045188725,0.421,0.41,0.375,-2.2979999,-1.948,0.252
2018-12-30 16:00:00,-10.348,83.54868,0.045970634,0.421,0.41,0.375,-2.2979999,-1.948,0.252
2018-12-30 17:00:00,-10.348,83.21232,0.04691024,0.421,0.41,0.375,-2.2979999,-1.948,0.252
2018-12-30 18:00:00,-10.348,83.21232,0.04691024,0.421,0.41,0.375,-2.2979999,-1.948,0.252
2018-12-30 19:00:00,-11.248,82.755516,0.044851586,0.421,0.41,0.375,-2.2979999,-1.948,0.252
2018-12-30 20:00:00,-11.298,83.08615,0.043816254,0.421,0.41,0.375,-2.2979999,-1.948,0.252
2018-12-30 21:00:00,-11.448,83.74536,0.041606247,0.421,0.41,0.375,-2.2979999,-1.948,0.252
2018-12-30 22:00:00,-11.648,84.06151,0.040148005,0.421,0.41,0.375,-2.2979999,-1.948,0.252
2018-12-30 23:00:00,-11.798,84.042496,0.039714396,0.421,0.41,0.375,-2.2979999,-1.948,0.252
2018-12-31 00:00:00,-11.698,83.71308,0.04086101,0.421,0.41,0.375,-2.2979999,-1.948,0.252
2018-12-31 01:00:00,-11.798,83.70016,0.040566146,0.421,0.41,0.375,-2.2979999,-1.948,0.252
2018-12-31 02:00:00,-11.948,84.3674,0.038439423,0.421,0.409,0.375,-2.2979999,-1.948,0.252
2018-12-31 03:00:00,-12.598,86.03316,0.032588914,0.421,0.409,0.375,-2.2979999,-1.948,0.252
2018-12-31 04:00:00,-12.948,87.418236,0.028536454,0.421,0.409,0.375,-2.2979999,-1.948,0.252
2018-12-31 05:00:00,-13.098,88.486374,0.025798038,0.421,0.409,0.375,-2.2979999,-1.948,0.252
2018-12-31 06:00:00,-12.898,81.85046,0.041327164,0.421,0.409,0.375,-2.2979999,-1.948,0.252
2018-12-31 07:00:00,-12.498,76.98702,0.05412191,0.421,0.409,0.375,-2.2979999,-1.948,0.252
2018-12-31 08:00:00,-12.298,75.75709,0.057941988,0.421,0.409,0.375,-2.2979999,-1.948,0.252
2018-12-31 09:00:00,-12.248,75.76626,0.058154374,0.421,0.409,0.375,-2.2979999,-1.948,0.252
2018-12-31 10:00:00,-12.398,77.0046,0.054519713,0.421,0.409,0.375,-2.2979999,-1.948,0.252
2018-12-31 11:00:00,-12.798,79.85963,0.046231955,0.421,0.409,0.375,-2.2979999,-1.948,0.252
2018-12-31 12:00:00,-13.148,80.804016,0.042829797,0.421,0.409,0.375,-2.2979999,-1.948,0.252
2018-12-31 13:00:00,-13.648,81.74258,0.039108977,0.421,0.409,0.375,-2.2979999,-1.948,0.252
2018-12-31 14:00:00,-13.848,82.05473,0.037816882,0.421,0.409,0.375,-2.2979999,-1.948,0.252
2018-12-31 15:00:00,-13.998,82.37603,0.03668639,0.421,0.409,0.375,-2.2979999,-1.948,0.252
2018-12-31 16:00:00,-14.348,83.01781,0.03434947,0.421,0.409,0.375,-2.2979999,-1.948,0.252
2018-12-31 17:00:00,-14.498,84.0447,0.03187725,0.421,0.409,0.375,-2.2979999,-1.948,0.252
2018-12-31 18:00:00,-14.548,84.74328,0.030356795,0.421,0.409,0.375,-2.2979999,-1.948,0.252
2018-12-31 19:00:00,-14.998,85.758606,0.027303845,0.421,0.409,0.375,-2.348,-1.948,0.252
2018-12-31 20:00:00,-14.698,85.79335,0.027920678,0.421,0.409,0.375,-2.348,-1.948,0.252
2018-12-31 21:00:00,-14.548,86.52896,0.02680488,0.421,0.409,0.375,-2.348,-1.948,0.252
2018-12-31 22:00:00,-14.548,86.52896,0.02680488,0.421,0.409,0.375,-2.348,-1.948,0.252
2018-12-31 23:00:00,-14.298,86.19728,0.028035492,0.421,0.409,0.375,-2.348,-1.948,0.252
