date,precipitation,rain,snowfall,wind_speed_10m,wind_gusts_10m
2025-01-01 00:00:00,0.0,0.0,0.0,4.382921,7.1
2025-01-01 01:00:00,0.0,0.0,0.0,4.368352,7.3
2025-01-01 02:00:00,0.0,0.0,0.0,4.5024996,7.5
2025-01-01 03:00:00,0.0,0.0,0.0,4.4070964,7.6
2025-01-01 04:00:00,0.0,0.0,0.0,4.4659824,7.8
2025-01-01 05:00:00,0.0,0.0,0.0,5.0159745,9.5
2025-01-01 06:00:00,0.0,0.0,0.0,5.110039,9.5
2025-01-01 07:00:00,0.0,0.0,0.0,5.491812,9.6
2025-01-01 08:00:00,0.0,0.0,0.0,5.7271285,10.0
2025-01-01 09:00:00,0.0,0.0,0.0,6.0016665,10.2
2025-01-01 10:00:00,0.0,0.0,0.0,5.9801755,9.7
2025-01-01 11:00:00,0.0,0.0,0.0,6.324753,9.7
2025-01-01 12:00:00,0.0,0.0,0.0,6.341333,10.2
2025-01-01 13:00:00,0.0,0.0,0.0,6.477075,10.4
2025-01-01 14:00:00,0.0,0.0,0.0,6.806247,10.8
2025-01-01 15:00:00,0.0,0.0,0.0,6.9123073,10.8
2025-01-01 16:00:00,0.1,0.0,0.07,7.0123105,11.0
2025-01-01 17:00:00,0.3,0.0,0.21000001,6.9858785,11.1
2025-01-01 18:00:00,0.5,0.0,0.35,7.0092797,11.2
2025-01-01 19:00:00,0.7,0.0,0.48999998,6.9989285,12.1
2025-01-01 20:00:00,0.7,0.0,0.48999998,7.036512,12.2
2025-01-01 21:00:00,0.5,0.0,0.35,7.0657625,12.2
2025-01-01 22:00:00,0.3,0.0,0.21000001,7.202951,11.8
2025-01-01 23:00:00,0.2,0.0,0.14,6.9146585,11.3
2025-01-02 00:00:00,0.2,0.0,0.14,6.9339743,11.5
2025-01-02 01:00:00,0.1,0.0,0.07,6.8346543,11.6
2025-01-02 02:00:00,0.1,0.0,0.07,6.8963757,11.8
2025-01-02 03:00:00,0.1,0.0,0.07,7.138627,12.0
2025-01-02 04:00:00,0.0,0.0,0.0,6.952158,12.2
2025-01-02 05:00:00,0.0,0.0,0.0,6.930548,12.2
2025-01-02 06:00:00,0.0,0.0,0.0,6.816524,11.6
2025-01-02 07:00:00,0.0,0.0,0.0,6.638712,11.5
2025-01-02 08:00:00,0.0,0.0,0.0,6.752962,11.6
2025-01-02 09:00:00,0.0,0.0,0.0,7.1688557,11.6
2025-01-02 10:00:00,0.0,0.0,0.0,6.864765,11.1
2025-01-02 11:00:00,0.0,0.0,0.0,6.8600287,10.9
2025-01-02 12:00:00,0.0,0.0,0.0,6.9001813,11.2
2025-01-02 13:00:00,0.0,0.0,0.0,6.8200073,11.0
2025-01-02 14:00:00,0.0,0.0,0.0,6.5827427,11.1
2025-01-02 15:00:00,0.0,0.0,0.0,6.3737745,10.9
2025-01-02 16:00:00,0.0,0.0,0.0,6.124745,10.7
2025-01-02 17:00:00,0.0,0.0,0.0,5.9810114,10.7
2025-01-02 18:00:00,0.1,0.0,0.07,6.053924,10.8
2025-01-02 19:00:00,0.1,0.0,0.07,6.310507,10.7
2025-01-02 20:00:00,0.1,0.0,0.07,6.720305,11.5
2025-01-02 21:00:00,0.0,0.0,0.0,7.1946163,12.3
2025-01-02 22:00:00,0.1,0.0,0.07,8.181229,13.2
2025-01-02 23:00:00,0.2,0.0,0.14,8.48646,14.0
2025-01-03 00:00:00,0.2,0.0,0.14,8.823832,14.2
2025-01-03 01:00:00,0.2,0.0,0.14,9.191572,14.8
2025-01-03 02:00:00,0.2,0.0,0.14,9.296236,15.1
2025-01-03 03:00:00,0.3,0.0,0.21000001,9.451191,15.3
2025-01-03 04:00:00,0.2,0.0,0.14,9.670704,15.6
2025-01-03 05:00:00,0.1,0.0,0.07,9.733576,15.8
2025-01-03 06:00:00,0.0,0.0,0.0,9.495394,15.8
2025-01-03 07:00:00,0.0,0.0,0.0,9.32309,16.2
2025-01-03 08:00:00,0.0,0.0,0.0,9.250135,16.0
2025-01-03 09:00:00,0.0,0.0,0.0,9.042676,15.7
2025-01-03 10:00:00,0.0,0.0,0.0,8.653323,15.2
2025-01-03 11:00:00,0.0,0.0,0.0,8.237719,14.5
2025-01-03 12:00:00,0.0,0.0,0.0,7.823043,13.8
2025-01-03 13:00:00,0.0,0.0,0.0,7.489493,13.3
2025-01-03 14:00:00,0.0,0.0,0.0,7.322056,13.0
2025-01-03 15:00:00,0.0,0.0,0.0,7.2543087,12.7
2025-01-03 16:00:00,0.0,0.0,0.0,7.283028,12.6
2025-01-03 17:00:00,0.0,0.0,0.0,7.3302455,12.4
2025-01-03 18:00:00,0.0,0.0,0.0,7.270832,12.2
2025-01-03 19:00:00,0.0,0.0,0.0,7.3174453,12.5
2025-01-03 20:00:00,0.0,0.0,0.0,7.208502,12.5
2025-01-03 21:00:00,0.0,0.0,0.0,7.1527967,12.3
2025-01-03 22:00:00,0.0,0.0,0.0,6.6530066,11.7
2025-01-03 23:00:00,0.0,0.0,0.0,6.4903774,11.2
2025-01-04 00:00:00,0.0,0.0,0.0,6.100205,10.6
2025-01-04 01:00:00,0.0,0.0,0.0,5.700877,10.0
2025-01-04 02:00:00,0.0,0.0,0.0,5.6100354,9.6
2025-01-04 03:00:00,0.0,0.0,0.0,5.25,9.2
2025-01-04 04:00:00,0.0,0.0,0.0,5.115174,9.0
2025-01-04 05:00:00,0.0,0.0,0.0,5.203124,8.9
2025-01-04 06:00:00,0.0,0.0,0.0,6.0440054,10.4
2025-01-04 07:00:00,0.0,0.0,0.0,5.9129095,10.4
2025-01-04 08:00:00,0.0,0.0,0.0,5.975157,10.6
2025-01-04 09:00:00,0.0,0.0,0.0,5.905294,10.2
2025-01-04 10:00:00,0.0,0.0,0.0,5.4829283,9.9
2025-01-04 11:00:00,0.0,0.0,0.0,5.056926,8.0
2025-01-04 12:00:00,0.0,0.0,0.0,4.638157,7.9
2025-01-04 13:00:00,0.0,0.0,0.0,4.6690474,7.9
2025-01-04 14:00:00,0.0,0.0,0.0,4.562072,7.4
2025-01-04 15:00:00,0.0,0.0,0.0,4.4687805,7.2
2025-01-04 16:00:00,0.0,0.0,0.0,4.4364963,7.0
2025-01-04 17:00:00,0.0,0.0,0.0,4.3809247,6.5
2025-01-04 18:00:00,0.0,0.0,0.0,4.1463842,6.1
2025-01-04 19:00:00,0.0,0.0,0.0,3.758989,6.4
2025-01-04 20:00:00,0.0,0.0,0.0,3.473111,5.8
2025-01-04 21:00:00,0.0,0.0,0.0,3.1484125,5.4
2025-01-04 22:00:00,0.0,0.0,0.0,3.0,4.9
2025-01-04 23:00:00,0.0,0.0,0.0,2.7932956,4.5
2025-01-05 00:00:00,0.0,0.0,0.0,2.804015,4.4
2025-01-05 01:00:00,0.0,0.0,0.0,2.75,4.6
2025-01-05 02:00:00,0.0,0.0,0.0,3.2035139,5.3
2025-01-05 03:00:00,0.0,0.0,0.0,3.275668,5.9
2025-01-05 04:00:00,0.0,0.0,0.0,3.3120992,5.8
2025-01-05 05:00:00,0.0,0.0,0.0,4.2793107,7.2
2025-01-05 06:00:00,0.0,0.0,0.0,4.5412006,8.3
2025-01-05 07:00:00,0.0,0.0,0.0,4.652956,8.3
2025-01-05 08:00:00,0.0,0.0,0.0,4.900255,8.8
2025-01-05 09:00:00,0.0,0.0,0.0,5.011986,9.0
2025-01-05 10:00:00,0.0,0.0,0.0,5.6870465,9.2
2025-01-05 11:00:00,0.0,0.0,0.0,5.6435804,9.0
2025-01-05 12:00:00,0.0,0.0,0.0,5.120791,7.9
2025-01-05 13:00:00,0.0,0.0,0.0,4.8127437,8.2
2025-01-05 14:00:00,0.0,0.0,0.0,4.7636647,8.0
2025-01-05 15:00:00,0.0,0.0,0.0,4.830114,8.2
2025-01-05 16:00:00,0.0,0.0,0.0,4.897448,8.4
2025-01-05 17:00:00,0.0,0.0,0.0,5.055937,8.6
2025-01-05 18:00:00,0.0,0.0,0.0,5.1288395,8.8
2025-01-05 19:00:00,0.0,0.0,0.0,5.0477715,8.8
2025-01-05 20:00:00,0.0,0.0,0.0,5.080354,8.8
2025-01-05 21:00:00,0.0,0.0,0.0,5.150243,9.0
2025-01-05 22:00:00,0.0,0.0,0.0,5.6502213,9.0
2025-01-05 23:00:00,0.0,0.0,0.0,5.73171,9.0
2025-01-06 00:00:00,0.0,0.0,0.0,5.583234,9.0
2025-01-06 01:00:00,0.1,0.0,0.07,5.5056787,8.9
2025-01-06 02:00:00,0.1,0.0,0.07,5.185557,8.7
2025-01-06 03:00:00,0.0,0.0,0.0,4.821307,8.3
2025-01-06 04:00:00,0.0,0.0,0.0,4.5839396,7.9
2025-01-06 05:00:00,0.0,0.0,0.0,4.650269,7.7
2025-01-06 06:00:00,0.0,0.0,0.0,4.368352,7.2
2025-01-06 07:00:00,0.0,0.0,0.0,4.4654226,8.4
2025-01-06 08:00:00,0.0,0.0,0.0,4.3502874,8.0
2025-01-06 09:00:00,0.0,0.0,0.0,4.4749303,7.6
2025-01-06 10:00:00,0.0,0.0,0.0,3.6400552,6.7
2025-01-06 11:00:00,0.0,0.0,0.0,3.175689,5.3
2025-01-06 12:00:00,0.0,0.0,0.0,2.976995,4.7
2025-01-06 13:00:00,0.0,0.0,0.0,2.9300172,4.3
2025-01-06 14:00:00,0.0,0.0,0.0,2.9094672,4.1
2025-01-06 15:00:00,0.0,0.0,0.0,2.8635643,4.0
2025-01-06 16:00:00,0.0,0.0,0.0,2.912473,3.8
2025-01-06 17:00:00,0.0,0.0,0.0,2.83593,3.8
2025-01-06 18:00:00,0.0,0.0,0.0,2.804015,4.1
2025-01-06 19:00:00,0.1,0.0,0.07,2.9004312,4.5
2025-01-06 20:00:00,0.1,0.0,0.07,2.9538112,4.8
2025-01-06 21:00:00,0.1,0.0,0.07,2.9068885,4.8
2025-01-06 22:00:00,0.1,0.0,0.07,2.7372432,4.6
2025-01-06 23:00:00,0.1,0.0,0.07,2.7354157,4.6
2025-01-07 00:00:00,0.1,0.0,0.07,2.832402,4.7
2025-01-07 01:00:00,0.1,0.0,0.07,2.8398943,4.9
2025-01-07 02:00:00,0.1,0.0,0.07,2.8429737,4.9
2025-01-07 03:00:00,0.1,0.0,0.07,2.9832866,4.9
2025-01-07 04:00:00,0.2,0.0,0.14,3.1484125,4.9
2025-01-07 05:00:00,0.2,0.0,0.14,3.2526913,4.6
2025-01-07 06:00:00,0.1,0.0,0.07,3.0103986,4.5
2025-01-07 07:00:00,0.1,0.0,0.07,2.7608876,4.9
2025-01-07 08:00:00,0.0,0.0,0.0,2.7280946,4.7
2025-01-07 09:00:00,0.1,0.0,0.07,2.4026027,4.4
2025-01-07 10:00:00,0.1,0.0,0.07,2.9261749,4.3
2025-01-07 11:00:00,0.2,0.0,0.14,2.9120438,4.4
2025-01-07 12:00:00,0.2,0.0,0.14,2.9529645,4.5
2025-01-07 13:00:00,0.3,0.0,0.21000001,2.9832866,4.6
2025-01-07 14:00:00,0.4,0.0,0.28,3.3425288,5.2
2025-01-07 15:00:00,0.5,0.0,0.35,3.8626416,5.7
2025-01-07 16:00:00,0.6,0.0,0.42000002,4.497221,6.8
2025-01-07 17:00:00,0.5,0.0,0.35,5.6535387,8.8
2025-01-07 18:00:00,0.4,0.0,0.28,7.045566,11.2
2025-01-07 19:00:00,0.4,0.0,0.28,7.079901,12.9
2025-01-07 20:00:00,0.2,0.0,0.14,7.388166,12.8
2025-01-07 21:00:00,0.1,0.0,0.07,7.1847057,12.5
2025-01-07 22:00:00,0.0,0.0,0.0,7.0123105,12.1
2025-01-07 23:00:00,0.0,0.0,0.0,6.964194,11.8
2025-01-08 00:00:00,0.0,0.0,0.0,6.7203054,11.4
2025-01-08 01:00:00,0.0,0.0,0.0,5.7900777,10.0
2025-01-08 02:00:00,0.0,0.0,0.0,4.9502525,8.2
2025-01-08 03:00:00,0.0,0.0,0.0,4.1880784,6.7
2025-01-08 04:00:00,0.0,0.0,0.0,3.5710642,5.3
2025-01-08 05:00:00,0.0,0.0,0.0,3.2449963,4.9
2025-01-08 06:00:00,0.0,0.0,0.0,2.9618406,4.5
2025-01-08 07:00:00,0.0,0.0,0.0,2.8714108,4.4
2025-01-08 08:00:00,0.0,0.0,0.0,3.0103986,5.0
2025-01-08 09:00:00,0.0,0.0,0.0,3.6390247,6.0
2025-01-08 10:00:00,0.0,0.0,0.0,4.0388737,6.4
2025-01-08 11:00:00,0.0,0.0,0.0,3.823938,6.1
2025-01-08 12:00:00,0.0,0.0,0.0,3.8710465,6.2
2025-01-08 13:00:00,0.0,0.0,0.0,4.4902673,7.1
2025-01-08 14:00:00,0.0,0.0,0.0,4.8974485,7.8
2025-01-08 15:00:00,0.0,0.0,0.0,4.90408,8.2
2025-01-08 16:00:00,0.0,0.0,0.0,5.366796,8.9
2025-01-08 17:00:00,0.1,0.0,0.07,5.9095263,9.6
2025-01-08 18:00:00,0.1,0.0,0.07,6.4623914,10.4
2025-01-08 19:00:00,0.1,0.0,0.07,6.8705897,11.8
2025-01-08 20:00:00,0.1,0.0,0.07,7.074779,12.2
2025-01-08 21:00:00,0.1,0.0,0.07,7.187663,12.4
2025-01-08 22:00:00,0.1,0.0,0.07,7.8142495,12.6
2025-01-08 23:00:00,0.1,0.0,0.07,7.880673,12.7
2025-01-09 00:00:00,0.1,0.0,0.07,8.010305,12.8
2025-01-09 01:00:00,0.2,0.0,0.14,7.9752746,12.7
2025-01-09 02:00:00,0.2,0.0,0.14,7.7828336,12.5
2025-01-09 03:00:00,0.2,0.0,0.14,7.6609397,12.2
2025-01-09 04:00:00,0.1,0.0,0.07,7.6001644,12.2
2025-01-09 05:00:00,0.0,0.0,0.0,7.6501637,12.2
2025-01-09 06:00:00,0.0,0.0,0.0,7.754031,11.5
2025-01-09 07:00:00,0.1,0.0,0.07,7.710383,13.4
2025-01-09 08:00:00,0.0,0.0,0.0,7.6697454,12.6
2025-01-09 09:00:00,0.0,0.0,0.0,7.6161013,13.3
2025-01-09 10:00:00,0.0,0.0,0.0,7.945124,13.0
2025-01-09 11:00:00,0.0,0.0,0.0,7.741447,12.4
2025-01-09 12:00:00,0.0,0.0,0.0,7.585842,12.2
2025-01-09 13:00:00,0.0,0.0,0.0,7.3145404,11.9
2025-01-09 14:00:00,0.0,0.0,0.0,7.2401657,11.8
2025-01-09 15:00:00,0.0,0.0,0.0,7.197569,11.7
2025-01-09 16:00:00,0.0,0.0,0.0,7.1205688,11.4
2025-01-09 17:00:00,0.0,0.0,0.0,7.0044627,11.3
2025-01-09 18:00:00,0.0,0.0,0.0,6.975851,11.3
2025-01-09 19:00:00,0.0,0.0,0.0,6.9310894,11.8
2025-01-09 20:00:00,0.0,0.0,0.0,6.862215,11.8
2025-01-09 21:00:00,0.0,0.0,0.0,6.839042,11.6
2025-01-09 22:00:00,0.0,0.0,0.0,7.32069,11.3
2025-01-09 23:00:00,0.0,0.0,0.0,7.1135435,11.1
2025-01-10 00:00:00,0.0,0.0,0.0,7.1072145,11.3
2025-01-10 01:00:00,0.0,0.0,0.0,7.1589108,11.6
2025-01-10 02:00:00,0.0,0.0,0.0,6.935416,11.5
2025-01-10 03:00:00,0.0,0.0,0.0,6.872045,11.3
2025-01-10 04:00:00,0.0,0.0,0.0,6.902898,11.4
2025-01-10 05:00:00,0.0,0.0,0.0,7.1920094,11.7
2025-01-10 06:00:00,0.0,0.0,0.0,7.1641464,11.7
2025-01-10 07:00:00,0.0,0.0,0.0,6.967245,12.0
2025-01-10 08:00:00,0.0,0.0,0.0,6.894382,11.8
2025-01-10 09:00:00,0.0,0.0,0.0,6.686741,11.5
2025-01-10 10:00:00,0.0,0.0,0.0,6.390031,10.7
2025-01-10 11:00:00,0.0,0.0,0.0,5.921571,9.6
2025-01-10 12:00:00,0.0,0.0,0.0,5.427937,9.0
2025-01-10 13:00:00,0.0,0.0,0.0,5.325411,8.8
2025-01-10 14:00:00,0.0,0.0,0.0,5.1886897,8.5
2025-01-10 15:00:00,0.1,0.0,0.07,4.99925,8.0
2025-01-10 16:00:00,0.1,0.0,0.07,4.6089587,7.2
2025-01-10 17:00:00,0.0,0.0,0.0,4.092982,6.3
2025-01-10 18:00:00,0.0,0.0,0.0,3.8762095,5.9
2025-01-10 19:00:00,0.0,0.0,0.0,3.6912057,6.1
2025-01-10 20:00:00,0.0,0.0,0.0,3.2128649,5.4
2025-01-10 21:00:00,0.0,0.0,0.0,2.9807718,4.9
2025-01-10 22:00:00,0.0,0.0,0.0,2.7280946,4.5
2025-01-10 23:00:00,0.0,0.0,0.0,2.5539184,4.0
2025-01-11 00:00:00,0.0,0.0,0.0,2.2192342,3.3
2025-01-11 01:00:00,0.0,0.0,0.0,1.9608672,3.2
2025-01-11 02:00:00,0.0,0.0,0.0,1.9006578,3.1
2025-01-11 03:00:00,0.0,0.0,0.0,1.9137659,3.0
2025-01-11 04:00:00,0.0,0.0,0.0,1.9602295,3.0
2025-01-11 05:00:00,0.0,0.0,0.0,2.1639085,3.1
2025-01-11 06:00:00,0.0,0.0,0.0,2.2671568,3.3
2025-01-11 07:00:00,0.0,0.0,0.0,2.2343903,3.9
2025-01-11 08:00:00,0.0,0.0,0.0,2.1639085,3.8
2025-01-11 09:00:00,0.0,0.0,0.0,1.9474342,3.5
2025-01-11 10:00:00,0.0,0.0,0.0,2.4135036,3.1
2025-01-11 11:00:00,0.0,0.0,0.0,2.2022715,3.2
2025-01-11 12:00:00,0.0,0.0,0.0,2.1400933,3.2
2025-01-11 13:00:00,0.0,0.0,0.0,2.0934422,3.2
2025-01-11 14:00:00,0.0,0.0,0.0,2.0518284,3.1
2025-01-11 15:00:00,0.0,0.0,0.0,1.9798989,3.1
2025-01-11 16:00:00,0.0,0.0,0.0,1.9091884,2.8
2025-01-11 17:00:00,0.0,0.0,0.0,1.914419,2.7
2025-01-11 18:00:00,0.0,0.0,0.0,1.8741665,2.8
2025-01-11 19:00:00,0.0,0.0,0.0,1.8741665,3.0
2025-01-11 20:00:00,0.0,0.0,0.0,1.9091884,3.2
2025-01-11 21:00:00,0.0,0.0,0.0,1.8768325,3.1
2025-01-11 22:00:00,0.0,0.0,0.0,2.100595,2.9
2025-01-11 23:00:00,0.0,0.0,0.0,2.3200216,2.9
2025-01-12 00:00:00,0.0,0.0,0.0,1.9830532,2.6
2025-01-12 01:00:00,0.0,0.0,0.0,1.8607794,2.2
2025-01-12 02:00:00,0.0,0.0,0.0,1.430035,2.2
2025-01-12 03:00:00,0.0,0.0,0.0,1.3086252,2.0
2025-01-12 04:00:00,0.0,0.0,0.0,1.1412712,1.8
2025-01-12 05:00:00,0.0,0.0,0.0,1.320038,1.6
2025-01-12 06:00:00,0.0,0.0,0.0,1.2175796,1.9
2025-01-12 07:00:00,0.0,0.0,0.0,1.1884865,2.4
2025-01-12 08:00:00,0.0,0.0,0.0,1.3000001,2.7
2025-01-12 09:00:00,0.0,0.0,0.0,1.0511898,1.8
2025-01-12 10:00:00,0.0,0.0,0.0,1.1011357,1.9
2025-01-12 11:00:00,0.0,0.0,0.0,1.7,1.8
2025-01-12 12:00:00,0.0,0.0,0.0,1.7392527,2.1
2025-01-12 13:00:00,0.0,0.0,0.0,1.7613915,2.4
2025-01-12 14:00:00,0.0,0.0,0.0,1.8560711,2.5
2025-01-12 15:00:00,0.0,0.0,0.0,1.7720045,2.4
2025-01-12 16:00:00,0.0,0.0,0.0,1.4773287,2.5
2025-01-12 17:00:00,0.0,0.0,0.0,1.588238,2.6
2025-01-12 18:00:00,0.0,0.0,0.0,1.4089003,2.8
2025-01-12 19:00:00,0.0,0.0,0.0,1.5206907,2.4
2025-01-12 20:00:00,0.0,0.0,0.0,1.5890249,2.6
2025-01-12 21:00:00,0.0,0.0,0.0,1.9499999,3.1
2025-01-12 22:00:00,0.0,0.0,0.0,2.1213202,2.9
2025-01-12 23:00:00,0.0,0.0,0.0,2.030394,2.9
2025-01-13 00:00:00,0.0,0.0,0.0,2.0554805,2.9
2025-01-13 01:00:00,0.0,0.0,0.0,1.9697715,2.9
2025-01-13 02:00:00,0.0,0.0,0.0,1.9608672,3.0
2025-01-13 03:00:00,0.0,0.0,0.0,1.990603,3.0
2025-01-13 04:00:00,0.0,0.0,0.0,1.8172781,3.0
2025-01-13 05:00:00,0.0,0.0,0.0,1.6530275,3.1
2025-01-13 06:00:00,0.0,0.0,0.0,1.7507142,3.2
2025-01-13 07:00:00,0.0,0.0,0.0,1.8027756,2.9
2025-01-13 08:00:00,0.0,0.0,0.0,1.8607794,3.1
2025-01-13 09:00:00,0.0,0.0,0.0,1.8741665,3.1
2025-01-13 10:00:00,0.0,0.0,0.0,2.2770596,3.1
2025-01-13 11:00:00,0.0,0.0,0.0,2.45204,3.2
2025-01-13 12:00:00,0.0,0.0,0.0,2.5283394,3.4
2025-01-13 13:00:00,0.0,0.0,0.0,2.5942245,3.6
2025-01-13 14:00:00,0.0,0.0,0.0,2.6832817,3.7
2025-01-13 15:00:00,0.0,0.0,0.0,2.7735357,3.8
2025-01-13 16:00:00,0.0,0.0,0.0,2.8412147,4.0
2025-01-13 17:00:00,0.0,0.0,0.0,2.8853076,4.4
2025-01-13 18:00:00,0.0,0.0,0.0,2.9068882,4.8
2025-01-13 19:00:00,0.0,0.0,0.0,2.7784889,4.4
2025-01-13 20:00:00,0.0,0.0,0.0,2.4824383,3.8
2025-01-13 21:00:00,0.0,0.0,0.0,2.302173,3.5
2025-01-13 22:00:00,0.0,0.0,0.0,2.638655,3.8
2025-01-13 23:00:00,0.0,0.0,0.0,2.818244,4.1
2025-01-14 00:00:00,0.0,0.0,0.0,2.7064736,4.1
2025-01-14 01:00:00,0.0,0.0,0.0,2.6162949,4.1
2025-01-14 02:00:00,0.0,0.0,0.0,2.5283394,4.2
2025-01-14 03:00:00,0.0,0.0,0.0,2.5739074,4.1
2025-01-14 04:00:00,0.0,0.0,0.0,2.6000001,4.0
2025-01-14 05:00:00,0.0,0.0,0.0,2.6925824,3.8
2025-01-14 06:00:00,0.0,0.0,0.0,2.9567719,4.1
2025-01-14 07:00:00,0.0,0.0,0.0,3.2097507,4.9
2025-01-14 08:00:00,0.0,0.0,0.0,3.1484125,5.0
2025-01-14 09:00:00,0.0,0.0,0.0,2.8504386,4.5
2025-01-14 10:00:00,0.0,0.0,0.0,2.7856774,4.2
2025-01-14 11:00:00,0.0,0.0,0.0,2.6100767,4.0
2025-01-14 12:00:00,0.0,0.0,0.0,2.7060118,4.3
2025-01-14 13:00:00,0.0,0.0,0.0,2.902585,4.8
2025-01-14 14:00:00,0.0,0.0,0.0,3.132491,5.1
2025-01-14 15:00:00,0.0,0.0,0.0,3.2314858,5.2
2025-01-14 16:00:00,0.0,0.0,0.0,3.3871078,5.4
2025-01-14 17:00:00,0.0,0.0,0.0,3.354102,5.6
2025-01-14 18:00:00,0.0,0.0,0.0,3.5202982,5.9
2025-01-14 19:00:00,0.0,0.0,0.0,3.6582098,5.9
2025-01-14 20:00:00,0.0,0.0,0.0,3.7566607,6.1
2025-01-14 21:00:00,0.0,0.0,0.0,3.7566607,6.1
2025-01-14 22:00:00,0.0,0.0,0.0,4.0697055,6.1
2025-01-14 23:00:00,0.0,0.0,0.0,4.164733,6.3
2025-01-15 00:00:00,0.0,0.0,0.0,4.3289723,6.8
2025-01-15 01:00:00,0.0,0.0,0.0,4.2851486,7.0
2025-01-15 02:00:00,0.0,0.0,0.0,4.1620307,6.9
2025-01-15 03:00:00,0.0,0.0,0.0,4.232316,6.9
2025-01-15 04:00:00,0.0,0.0,0.0,4.3442492,7.0
2025-01-15 05:00:00,0.0,0.0,0.0,4.4511237,6.9
2025-01-15 06:00:00,0.0,0.0,0.0,4.4598203,6.9
2025-01-15 07:00:00,0.0,0.0,0.0,4.476885,7.4
2025-01-15 08:00:00,0.0,0.0,0.0,4.401136,7.2
2025-01-15 09:00:00,0.0,0.0,0.0,4.3382025,7.2
2025-01-15 10:00:00,0.0,0.0,0.0,4.1880784,6.8
2025-01-15 11:00:00,0.0,0.0,0.0,3.7858288,6.4
2025-01-15 12:00:00,0.0,0.0,0.0,3.800329,6.4
2025-01-15 13:00:00,0.0,0.0,0.0,3.9815197,6.7
2025-01-15 14:00:00,0.0,0.0,0.0,4.021505,6.7
2025-01-15 15:00:00,0.0,0.0,0.0,3.764306,6.6
2025-01-15 16:00:00,0.0,0.0,0.0,3.740655,6.8
2025-01-15 17:00:00,0.0,0.0,0.0,3.9118412,7.0
2025-01-15 18:00:00,0.0,0.0,0.0,4.2801867,7.5
2025-01-15 19:00:00,0.0,0.0,0.0,4.4936066,7.5
2025-01-15 20:00:00,0.0,0.0,0.0,4.526036,7.7
2025-01-15 21:00:00,0.0,0.0,0.0,4.5304523,7.7
2025-01-15 22:00:00,0.1,0.0,0.07,4.366062,7.8
2025-01-15 23:00:00,0.1,0.0,0.07,4.650269,8.3
2025-01-16 00:00:00,0.1,0.0,0.07,4.7859173,8.7
2025-01-16 01:00:00,0.0,0.0,0.0,4.534865,8.2
2025-01-16 02:00:00,0.0,0.0,0.0,4.7201695,8.2
2025-01-16 03:00:00,0.0,0.0,0.0,5.1324944,8.8
2025-01-16 04:00:00,0.0,0.0,0.0,5.4520636,9.2
2025-01-16 05:00:00,0.0,0.0,0.0,5.5520267,9.5
2025-01-16 06:00:00,0.0,0.0,0.0,5.7384667,10.8
2025-01-16 07:00:00,0.0,0.0,0.0,6.1214786,10.9
2025-01-16 08:00:00,0.0,0.0,0.0,6.7708936,11.4
2025-01-16 09:00:00,0.0,0.0,0.0,6.1190276,10.1
2025-01-16 10:00:00,0.0,0.0,0.0,6.345274,10.4
2025-01-16 11:00:00,0.0,0.0,0.0,6.0440054,10.1
2025-01-16 12:00:00,0.0,0.0,0.0,5.95084,10.1
2025-01-16 13:00:00,0.0,0.0,0.0,5.940539,10.3
2025-01-16 14:00:00,0.0,0.0,0.0,6.021628,10.3
2025-01-16 15:00:00,0.0,0.0,0.0,5.8662167,10.0
2025-01-16 16:00:00,0.0,0.0,0.0,5.6340485,9.5
2025-01-16 17:00:00,0.1,0.0,0.07,5.3521028,9.1
2025-01-16 18:00:00,0.1,0.0,0.07,5.009241,8.7
2025-01-16 19:00:00,0.1,0.0,0.07,4.9206195,8.6
2025-01-16 20:00:00,0.2,0.0,0.14,5.0818305,8.7
2025-01-16 21:00:00,0.2,0.0,0.14,5.127621,8.8
2025-01-16 22:00:00,0.2,0.0,0.14,5.331276,8.9
2025-01-16 23:00:00,0.2,0.0,0.14,5.378197,9.0
2025-01-17 00:00:00,0.2,0.0,0.14,5.366796,8.8
2025-01-17 01:00:00,0.1,0.0,0.07,5.3488317,8.6
2025-01-17 02:00:00,0.1,0.0,0.07,5.3577046,8.4
2025-01-17 03:00:00,0.1,0.0,0.07,5.1684136,8.2
2025-01-17 04:00:00,0.1,0.0,0.07,5.1229877,8.1
2025-01-17 05:00:00,0.1,0.0,0.07,5.1429563,8.5
2025-01-17 06:00:00,0.1,0.0,0.07,5.3956,9.4
2025-01-17 07:00:00,0.1,0.0,0.07,5.9491596,10.2
2025-01-17 08:00:00,0.1,0.0,0.07,6.1846585,10.8
2025-01-17 09:00:00,0.1,0.0,0.07,5.8137765,9.7
2025-01-17 10:00:00,0.1,0.0,0.07,5.211766,9.8
2025-01-17 11:00:00,0.1,0.0,0.07,5.461227,9.4
2025-01-17 12:00:00,0.1,0.0,0.07,5.5226803,9.2
2025-01-17 13:00:00,0.1,0.0,0.07,5.478367,9.1
2025-01-17 14:00:00,0.0,0.0,0.0,5.437371,8.8
2025-01-17 15:00:00,0.0,0.0,0.0,5.2194347,8.5
2025-01-17 16:00:00,0.0,0.0,0.0,4.904335,8.0
2025-01-17 17:00:00,0.0,0.0,0.0,4.7185802,7.8
2025-01-17 18:00:00,0.0,0.0,0.0,4.6970735,7.6
2025-01-17 19:00:00,0.0,0.0,0.0,4.6768045,7.9
2025-01-17 20:00:00,0.0,0.0,0.0,4.614109,7.8
2025-01-17 21:00:00,0.0,0.0,0.0,4.4533696,7.5
2025-01-17 22:00:00,0.0,0.0,0.0,3.8710465,6.9
2025-01-17 23:00:00,0.0,0.0,0.0,3.5850384,6.3
2025-01-18 00:00:00,0.0,0.0,0.0,3.4655447,5.7
2025-01-18 01:00:00,0.0,0.0,0.0,3.363406,5.3
2025-01-18 02:00:00,0.0,0.0,0.0,3.25,5.5
2025-01-18 03:00:00,0.0,0.0,0.0,3.1910028,5.5
2025-01-18 04:00:00,0.0,0.0,0.0,3.0232434,5.4
2025-01-18 05:00:00,0.0,0.0,0.0,3.1064448,5.9
2025-01-18 06:00:00,0.0,0.0,0.0,3.2684095,6.1
2025-01-18 07:00:00,0.0,0.0,0.0,3.309456,5.9
2025-01-18 08:00:00,0.0,0.0,0.0,3.2206366,5.7
2025-01-18 09:00:00,0.0,0.0,0.0,3.0450783,5.3
2025-01-18 10:00:00,0.0,0.0,0.0,2.7041636,5.3
2025-01-18 11:00:00,0.0,0.0,0.0,2.2610838,4.2
2025-01-18 12:00:00,0.0,0.0,0.0,2.3711812,4.3
2025-01-18 13:00:00,0.0,0.0,0.0,3.0805843,4.9
2025-01-18 14:00:00,0.0,0.0,0.0,3.309456,5.3
2025-01-18 15:00:00,0.0,0.0,0.0,3.2882369,5.4
2025-01-18 16:00:00,0.0,0.0,0.0,3.4409301,5.4
2025-01-18 17:00:00,0.0,0.0,0.0,3.7901187,5.9
2025-01-18 18:00:00,0.0,0.0,0.0,4.1309805,6.8
2025-01-18 19:00:00,0.0,0.0,0.0,4.4308577,7.5
2025-01-18 20:00:00,0.0,0.0,0.0,4.571925,7.8
2025-01-18 21:00:00,0.0,0.0,0.0,4.680011,7.9
2025-01-18 22:00:00,0.0,0.0,0.0,3.8967936,7.9
2025-01-18 23:00:00,0.0,0.0,0.0,3.720215,7.7
2025-01-19 00:00:00,0.0,0.0,0.0,3.3034072,7.3
2025-01-19 01:00:00,0.0,0.0,0.0,3.11127,6.9
2025-01-19 02:00:00,0.0,0.0,0.0,3.1705678,6.5
2025-01-19 03:00:00,0.0,0.0,0.0,3.1340866,6.2
2025-01-19 04:00:00,0.0,0.0,0.0,3.3143628,6.0
2025-01-19 05:00:00,0.0,0.0,0.0,3.5805027,5.8
2025-01-19 06:00:00,0.0,0.0,0.0,3.6908672,6.7
2025-01-19 07:00:00,0.0,0.0,0.0,4.1439714,7.3
2025-01-19 08:00:00,0.0,0.0,0.0,4.0660176,7.2
2025-01-19 09:00:00,0.0,0.0,0.0,3.8890872,7.4
2025-01-19 10:00:00,0.0,0.0,0.0,3.3712015,6.1
2025-01-19 11:00:00,0.0,0.0,0.0,3.3443983,6.0
2025-01-19 12:00:00,0.0,0.0,0.0,3.2422986,6.2
2025-01-19 13:00:00,0.0,0.0,0.0,3.324154,6.2
2025-01-19 14:00:00,0.0,0.0,0.0,3.525975,6.3
2025-01-19 15:00:00,0.0,0.0,0.0,3.5531676,6.4
2025-01-19 16:00:00,0.0,0.0,0.0,3.4525354,6.1
2025-01-19 17:00:00,0.0,0.0,0.0,3.5429506,6.0
2025-01-19 18:00:00,0.0,0.0,0.0,3.6496572,6.5
2025-01-19 19:00:00,0.0,0.0,0.0,4.0626345,6.7
2025-01-19 20:00:00,0.0,0.0,0.0,4.3341665,7.2
2025-01-19 21:00:00,0.0,0.0,0.0,4.45926,7.5
2025-01-19 22:00:00,0.0,0.0,0.0,5.4316206,7.9
2025-01-19 23:00:00,0.0,0.0,0.0,6.0854335,9.0
2025-01-20 00:00:00,0.0,0.0,0.0,6.411123,9.8
2025-01-20 01:00:00,0.0,0.0,0.0,6.2235436,9.7
2025-01-20 02:00:00,0.0,0.0,0.0,5.841447,9.1
2025-01-20 03:00:00,0.1,0.0,0.07,5.6685534,9.5
2025-01-20 04:00:00,0.0,0.0,0.0,6.0176826,10.3
2025-01-20 05:00:00,0.0,0.0,0.0,6.2769423,10.7
2025-01-20 06:00:00,0.0,0.0,0.0,6.028474,10.5
2025-01-20 07:00:00,0.1,0.0,0.07,5.4039335,9.8
2025-01-20 08:00:00,0.1,0.0,0.07,6.113101,9.9
2025-01-20 09:00:00,0.3,0.0,0.21000001,6.6336265,11.2
2025-01-20 10:00:00,0.4,0.0,0.28,7.452013,12.3
2025-01-20 11:00:00,0.3,0.0,0.21000001,7.373093,12.5
2025-01-20 12:00:00,0.3,0.0,0.21000001,7.2691126,12.1
2025-01-20 13:00:00,0.3,0.0,0.21000001,7.256032,12.0
2025-01-20 14:00:00,0.2,0.0,0.14,7.127763,11.8
2025-01-20 15:00:00,0.1,0.0,0.07,6.9528775,11.5
2025-01-20 16:00:00,0.1,0.0,0.07,6.8007355,11.1
2025-01-20 17:00:00,0.2,0.0,0.14,6.5654397,10.7
2025-01-20 18:00:00,0.2,0.0,0.14,6.518052,10.4
2025-01-20 19:00:00,0.1,0.0,0.07,6.5241857,11.3
2025-01-20 20:00:00,0.1,0.0,0.07,6.8104696,12.1
2025-01-20 21:00:00,0.1,0.0,0.07,6.922608,11.9
2025-01-20 22:00:00,0.0,0.0,0.0,7.2835426,11.8
2025-01-20 23:00:00,0.0,0.0,0.0,7.283028,12.3
2025-01-21 00:00:00,0.1,0.0,0.07,7.836134,13.6
2025-01-21 01:00:00,0.1,0.0,0.07,8.212947,14.4
2025-01-21 02:00:00,0.2,0.0,0.14,8.20975,14.3
2025-01-21 03:00:00,0.2,0.0,0.14,8.320607,14.5
2025-01-21 04:00:00,0.2,0.0,0.14,8.390023,14.7
2025-01-21 05:00:00,0.1,0.0,0.07,8.697413,14.9
2025-01-21 06:00:00,0.1,0.0,0.07,8.232406,13.9
2025-01-21 07:00:00,0.1,0.0,0.07,8.989995,14.1
2025-01-21 08:00:00,0.2,0.0,0.14,9.215883,14.6
2025-01-21 09:00:00,0.3,0.0,0.21000001,9.056076,15.4
2025-01-21 10:00:00,0.2,0.0,0.14,9.706957,15.4
2025-01-21 11:00:00,0.2,0.0,0.14,8.632642,14.4
2025-01-21 12:00:00,0.3,0.0,0.21000001,8.219793,14.1
2025-01-21 13:00:00,0.3,0.0,0.21000001,8.240297,14.0
2025-01-21 14:00:00,0.3,0.0,0.21000001,8.459462,14.2
2025-01-21 15:00:00,0.2,0.0,0.14,8.690944,14.7
2025-01-21 16:00:00,0.2,0.0,0.14,8.835299,15.0
2025-01-21 17:00:00,0.2,0.1,0.07,7.5581083,13.4
2025-01-21 18:00:00,0.1,0.0,0.07,7.739832,12.7
2025-01-21 19:00:00,0.1,0.0,0.07,7.9832635,13.6
2025-01-21 20:00:00,0.1,0.0,0.07,7.6904163,13.0
2025-01-21 21:00:00,0.2,0.0,0.14,6.485561,11.7
2025-01-21 22:00:00,0.4,0.0,0.28,8.570298,14.1
2025-01-21 23:00:00,0.2,0.0,0.14,8.721382,14.4
2025-01-22 00:00:00,0.2,0.0,0.14,9.200543,14.8
2025-01-22 01:00:00,0.2,0.0,0.14,8.850142,15.0
2025-01-22 02:00:00,0.1,0.0,0.07,8.35015,14.4
2025-01-22 03:00:00,0.0,0.0,0.0,7.9501567,14.0
2025-01-22 04:00:00,0.0,0.0,0.0,8.102469,13.6
2025-01-22 05:00:00,0.0,0.0,0.0,8.01561,13.6
2025-01-22 06:00:00,0.0,0.0,0.0,7.8230433,13.8
2025-01-22 07:00:00,0.0,0.0,0.0,7.827037,13.6
2025-01-22 08:00:00,0.0,0.0,0.0,7.85764,14.0
2025-01-22 09:00:00,0.0,0.0,0.0,7.721723,13.4
2025-01-22 10:00:00,0.0,0.0,0.0,7.236712,12.6
2025-01-22 11:00:00,0.0,0.0,0.0,6.9543147,11.8
2025-01-22 12:00:00,0.0,0.0,0.0,6.650188,11.7
2025-01-22 13:00:00,0.0,0.0,0.0,6.6876755,11.7
2025-01-22 14:00:00,0.0,0.0,0.0,6.462391,11.5
2025-01-22 15:00:00,0.0,0.0,0.0,6.189709,11.1
2025-01-22 16:00:00,0.0,0.0,0.0,5.9841456,10.7
2025-01-22 17:00:00,0.0,0.0,0.0,6.1842546,10.8
2025-01-22 18:00:00,0.0,0.0,0.0,6.1550794,10.8
2025-01-22 19:00:00,0.0,0.0,0.0,6.2757473,10.6
2025-01-22 20:00:00,0.0,0.0,0.0,6.293648,10.8
2025-01-22 21:00:00,0.0,0.0,0.0,6.296825,10.8
2025-01-22 22:00:00,0.0,0.0,0.0,6.07824,10.8
2025-01-22 23:00:00,0.0,0.0,0.0,6.103278,10.6
2025-01-23 00:00:00,0.0,0.0,0.0,6.1351447,10.3
2025-01-23 01:00:00,0.0,0.0,0.0,6.040695,9.7
2025-01-23 02:00:00,0.0,0.0,0.0,6.074537,9.3
2025-01-23 03:00:00,0.0,0.0,0.0,6.0466933,8.9
2025-01-23 04:00:00,0.0,0.0,0.0,5.948109,8.9
2025-01-23 05:00:00,0.0,0.0,0.0,5.95399,9.2
2025-01-23 06:00:00,0.0,0.0,0.0,5.299528,8.9
2025-01-23 07:00:00,0.0,0.0,0.0,6.2619886,10.0
2025-01-23 08:00:00,0.0,0.0,0.0,5.8388786,10.4
2025-01-23 09:00:00,0.0,0.0,0.0,5.848504,9.3
2025-01-23 10:00:00,0.0,0.0,0.0,5.311544,8.0
2025-01-23 11:00:00,0.0,0.0,0.0,4.856439,7.1
2025-01-23 12:00:00,0.0,0.0,0.0,4.427471,6.5
2025-01-23 13:00:00,0.0,0.0,0.0,4.047839,5.7
2025-01-23 14:00:00,0.0,0.0,0.0,3.6117861,4.7
2025-01-23 15:00:00,0.0,0.0,0.0,3.420526,4.3
2025-01-23 16:00:00,0.0,0.0,0.0,2.9614186,4.0
2025-01-23 17:00:00,0.0,0.0,0.0,2.302173,3.2
2025-01-23 18:00:00,0.0,0.0,0.0,2.304886,3.4
2025-01-23 19:00:00,0.0,0.0,0.0,2.5164459,4.0
2025-01-23 20:00:00,0.0,0.0,0.0,2.5714781,4.0
2025-01-23 21:00:00,0.0,0.0,0.0,2.540177,3.9
2025-01-23 22:00:00,0.0,0.0,0.0,2.8744566,4.2
2025-01-23 23:00:00,0.0,0.0,0.0,3.0405593,4.7
2025-01-24 00:00:00,0.0,0.0,0.0,3.118493,4.8
2025-01-24 01:00:00,0.0,0.0,0.0,3.2202482,5.0
2025-01-24 02:00:00,0.0,0.0,0.0,3.5415392,5.6
2025-01-24 03:00:00,0.0,0.0,0.0,3.7151716,6.0
2025-01-24 04:00:00,0.0,0.0,0.0,3.5794554,5.8
2025-01-24 05:00:00,0.0,0.0,0.0,3.511766,5.6
2025-01-24 06:00:00,0.0,0.0,0.0,3.7161808,6.0
2025-01-24 07:00:00,0.0,0.0,0.0,3.939543,6.6
2025-01-24 08:00:00,0.0,0.0,0.0,3.939543,6.6
2025-01-24 09:00:00,0.0,0.0,0.0,4.020572,6.5
2025-01-24 10:00:00,0.0,0.0,0.0,4.150301,6.6
2025-01-24 11:00:00,0.0,0.0,0.0,3.9849718,6.7
2025-01-24 12:00:00,0.0,0.0,0.0,3.7716045,6.9
2025-01-24 13:00:00,0.0,0.0,0.0,3.8078866,7.1
2025-01-24 14:00:00,0.0,0.0,0.0,4.011546,7.2
2025-01-24 15:00:00,0.0,0.0,0.0,4.3911843,7.4
2025-01-24 16:00:00,0.0,0.0,0.0,4.4059615,7.4
2025-01-24 17:00:00,0.0,0.0,0.0,4.315669,7.3
2025-01-24 18:00:00,0.0,0.0,0.0,4.187183,7.2
2025-01-24 19:00:00,0.0,0.0,0.0,4.208622,7.0
2025-01-24 20:00:00,0.0,0.0,0.0,4.014038,6.7
2025-01-24 21:00:00,0.0,0.0,0.0,3.8939054,6.5
2025-01-24 22:00:00,0.0,0.0,0.0,4.236154,6.5
2025-01-24 23:00:00,0.0,0.0,0.0,4.040421,6.6
2025-01-25 00:00:00,0.0,0.0,0.0,3.9322386,6.6
2025-01-25 01:00:00,0.0,0.0,0.0,3.9223716,6.5
2025-01-25 02:00:00,0.0,0.0,0.0,3.8242645,6.0
2025-01-25 03:00:00,0.0,0.0,0.0,3.6582098,5.6
2025-01-25 04:00:00,0.0,0.0,0.0,3.6417713,5.6
2025-01-25 05:00:00,0.0,0.0,0.0,3.6912057,5.7
2025-01-25 06:00:00,0.0,0.0,0.0,3.8551912,5.8
2025-01-25 07:00:00,0.0,0.0,0.0,3.6017356,5.9
2025-01-25 08:00:00,0.0,0.0,0.0,3.2760494,5.3
2025-01-25 09:00:00,0.0,0.0,0.0,3.0438464,4.9
2025-01-25 10:00:00,0.0,0.0,0.0,3.008322,4.5
2025-01-25 11:00:00,0.0,0.0,0.0,2.886174,4.3
2025-01-25 12:00:00,0.0,0.0,0.0,2.6967573,4.2
2025-01-25 13:00:00,0.0,0.0,0.0,2.5179358,4.2
2025-01-25 14:00:00,0.0,0.0,0.0,2.3,4.1
2025-01-25 15:00:00,0.0,0.0,0.0,2.109502,4.0
2025-01-25 16:00:00,0.0,0.0,0.0,2.0796633,3.8
2025-01-25 17:00:00,0.0,0.0,0.0,2.0886598,3.8
2025-01-25 18:00:00,0.0,0.0,0.0,2.030394,3.2
2025-01-25 19:00:00,0.0,0.0,0.0,1.8741665,3.0
2025-01-25 20:00:00,0.0,0.0,0.0,2.0396078,3.0
2025-01-25 21:00:00,0.0,0.0,0.0,2.280351,3.0
2025-01-25 22:00:00,0.0,0.0,0.0,2.2135942,3.0
2025-01-25 23:00:00,0.0,0.0,0.0,2.2472205,3.2
2025-01-26 00:00:00,0.0,0.0,0.0,2.0554805,3.1
2025-01-26 01:00:00,0.0,0.0,0.0,1.882153,3.0
2025-01-26 02:00:00,0.0,0.0,0.0,2.1100948,3.2
2025-01-26 03:00:00,0.0,0.0,0.0,2.1914606,3.4
2025-01-26 04:00:00,0.0,0.0,0.0,2.302173,3.5
2025-01-26 05:00:00,0.0,0.0,0.0,2.2472205,3.4
2025-01-26 06:00:00,0.0,0.0,0.0,2.1954498,3.3
2025-01-26 07:00:00,0.0,0.0,0.0,2.1708293,3.4
2025-01-26 08:00:00,0.0,0.0,0.0,1.9906029,3.1
2025-01-26 09:00:00,0.0,0.0,0.0,1.8580904,3.0
2025-01-26 10:00:00,0.0,0.0,0.0,2.0426698,3.3
2025-01-26 11:00:00,0.0,0.0,0.0,2.34094,3.4
2025-01-26 12:00:00,0.0,0.0,0.0,2.4052026,3.5
2025-01-26 13:00:00,0.0,0.0,0.0,2.2299101,3.4
2025-01-26 14:00:00,0.0,0.0,0.0,2.219234,3.4
2025-01-26 15:00:00,0.0,0.0,0.0,2.219234,3.4
2025-01-26 16:00:00,0.0,0.0,0.0,2.2770596,3.5
2025-01-26 17:00:00,0.0,0.0,0.0,2.267708,3.4
2025-01-26 18:00:00,0.0,0.0,0.0,2.2203605,3.4
2025-01-26 19:00:00,0.0,0.0,0.0,2.5019991,3.5
2025-01-26 20:00:00,0.0,0.0,0.0,2.45,3.5
2025-01-26 21:00:00,0.0,0.0,0.0,2.1,3.4
2025-01-26 22:00:00,0.0,0.0,0.0,2.2276669,3.5
2025-01-26 23:00:00,0.0,0.0,0.0,2.2192342,3.5
2025-01-27 00:00:00,0.0,0.0,0.0,2.2192342,3.2
2025-01-27 01:00:00,0.0,0.0,0.0,2.030394,3.0
2025-01-27 02:00:00,0.0,0.0,0.0,2.4377244,3.7
2025-01-27 03:00:00,0.0,0.0,0.0,2.4274473,3.7
2025-01-27 04:00:00,0.0,0.0,0.0,2.415057,3.5
2025-01-27 05:00:00,0.0,0.0,0.0,2.415057,3.9
2025-01-27 06:00:00,0.0,0.0,0.0,2.5124688,4.4
2025-01-27 07:00:00,0.0,0.0,0.0,2.7735357,4.5
2025-01-27 08:00:00,0.0,0.0,0.0,3.0232434,5.1
2025-01-27 09:00:00,0.0,0.0,0.0,3.0777426,5.1
2025-01-27 10:00:00,0.0,0.0,0.0,2.9129024,5.1
2025-01-27 11:00:00,0.0,0.0,0.0,2.9516943,5.3
2025-01-27 12:00:00,0.0,0.0,0.0,3.4003677,5.8
2025-01-27 13:00:00,0.0,0.0,0.0,3.7901187,6.2
2025-01-27 14:00:00,0.0,0.0,0.0,3.992493,6.6
2025-01-27 15:00:00,0.0,0.0,0.0,4.0577087,6.7
2025-01-27 16:00:00,0.0,0.0,0.0,4.186287,7.2
2025-01-27 17:00:00,0.0,0.0,0.0,4.183599,7.2
2025-01-27 18:00:00,0.0,0.0,0.0,3.9092839,6.8
2025-01-27 19:00:00,0.0,0.0,0.0,3.7232378,6.1
2025-01-27 20:00:00,0.0,0.0,0.0,3.8029594,6.4
2025-01-27 21:00:00,0.0,0.0,0.0,3.9147158,6.5
2025-01-27 22:00:00,0.0,0.0,0.0,4.047839,6.6
2025-01-27 23:00:00,0.0,0.0,0.0,4.0512342,6.7
2025-01-28 00:00:00,0.0,0.0,0.0,4.026475,6.6
2025-01-28 01:00:00,0.0,0.0,0.0,3.9357338,6.6
2025-01-28 02:00:00,0.0,0.0,0.0,3.9824615,6.6
2025-01-28 03:00:00,0.0,0.0,0.0,3.9446166,6.7
2025-01-28 04:00:00,0.0,0.0,0.0,3.9805777,6.7
2025-01-28 05:00:00,0.0,0.0,0.0,4.133098,6.7
2025-01-28 06:00:00,0.0,0.0,0.0,4.0,6.9
2025-01-28 07:00:00,0.0,0.0,0.0,4.210997,7.4
2025-01-28 08:00:00,0.0,0.0,0.0,4.278142,7.8
2025-01-28 09:00:00,0.0,0.0,0.0,4.172529,7.7
2025-01-28 10:00:00,0.0,0.0,0.0,4.419559,7.9
2025-01-28 11:00:00,0.1,0.0,0.07,4.069705,7.1
2025-01-28 12:00:00,0.1,0.0,0.07,3.9990625,7.2
2025-01-28 13:00:00,0.2,0.0,0.14,4.232316,7.4
2025-01-28 14:00:00,0.2,0.0,0.14,4.534865,7.9
2025-01-28 15:00:00,0.3,0.0,0.21000001,4.7859173,8.3
2025-01-28 16:00:00,0.4,0.0,0.28,4.909175,8.6
2025-01-28 17:00:00,0.4,0.0,0.28,5.05099,8.7
2025-01-28 18:00:00,0.4,0.0,0.28,5.060632,8.6
2025-01-28 19:00:00,0.3,0.0,0.21000001,5.038353,8.6
2025-01-28 20:00:00,0.3,0.0,0.21000001,4.988236,8.5
2025-01-28 21:00:00,0.3,0.0,0.21000001,4.8795495,8.4
2025-01-28 22:00:00,0.3,0.0,0.21000001,5.127621,8.3
2025-01-28 23:00:00,0.3,0.0,0.21000001,5.058903,8.3
2025-01-29 00:00:00,0.3,0.0,0.21000001,4.9819674,8.2
2025-01-29 01:00:00,0.2,0.0,0.14,4.8600416,8.0
2025-01-29 02:00:00,0.1,0.0,0.07,4.620877,7.8
2025-01-29 03:00:00,0.1,0.0,0.07,4.2714167,7.3
2025-01-29 04:00:00,0.1,0.0,0.07,4.0360875,7.2
2025-01-29 05:00:00,0.1,0.0,0.07,3.9990625,7.1
2025-01-29 06:00:00,0.1,0.0,0.07,3.8183768,6.9
2025-01-29 07:00:00,0.4,0.0,0.28,3.748333,6.1
2025-01-29 08:00:00,0.6,0.0,0.42000002,3.5217183,5.7
2025-01-29 09:00:00,0.6,0.0,0.42000002,3.3120992,5.5
2025-01-29 10:00:00,0.4,0.0,0.28,3.2653484,5.5
2025-01-29 11:00:00,0.2,0.0,0.14,2.9300172,5.0
2025-01-29 12:00:00,0.2,0.0,0.14,2.505993,4.1
2025-01-29 13:00:00,0.2,0.0,0.14,2.0112185,3.1
2025-01-29 14:00:00,0.2,0.0,0.14,1.6224982,2.6
2025-01-29 15:00:00,0.2,0.0,0.14,1.5033296,2.1
2025-01-29 16:00:00,0.2,0.0,0.14,2.0524375,2.4
2025-01-29 17:00:00,0.2,0.0,0.14,2.7658632,2.9
2025-01-29 18:00:00,0.2,0.0,0.14,3.1815877,3.6
2025-01-29 19:00:00,0.1,0.0,0.07,3.3425288,5.7
2025-01-29 20:00:00,0.1,0.0,0.07,3.5794554,5.9
2025-01-29 21:00:00,0.1,0.0,0.07,3.7165172,6.4
2025-01-29 22:00:00,0.1,0.0,0.07,3.4532595,6.8
2025-01-29 23:00:00,0.1,0.0,0.07,3.7553296,7.2
2025-01-30 00:00:00,0.1,0.0,0.07,4.1,7.1
2025-01-30 01:00:00,0.1,0.0,0.07,4.1149116,6.6
2025-01-30 02:00:00,0.0,0.0,0.0,3.7831864,6.0
2025-01-30 03:00:00,0.0,0.0,0.0,3.905125,5.9
2025-01-30 04:00:00,0.0,0.0,0.0,4.25,6.4
2025-01-30 05:00:00,0.0,0.0,0.0,4.300291,6.7
2025-01-30 06:00:00,0.0,0.0,0.0,4.050309,6.3
2025-01-30 07:00:00,0.0,0.0,0.0,3.8581083,7.0
2025-01-30 08:00:00,0.0,0.0,0.0,3.5784075,6.5
2025-01-30 09:00:00,0.0,0.0,0.0,3.444198,6.3
2025-01-30 10:00:00,0.0,0.0,0.0,4.014038,6.3
2025-01-30 11:00:00,0.0,0.0,0.0,3.8942266,5.8
2025-01-30 12:00:00,0.0,0.0,0.0,3.7316217,5.1
2025-01-30 13:00:00,0.0,0.0,0.0,3.5468295,5.3
2025-01-30 14:00:00,0.0,0.0,0.0,3.2422986,4.6
2025-01-30 15:00:00,0.0,0.0,0.0,3.2035139,4.5
2025-01-30 16:00:00,0.0,0.0,0.0,3.1503966,4.6
2025-01-30 17:00:00,0.0,0.0,0.0,3.5933967,4.9
2025-01-30 18:00:00,0.0,0.0,0.0,3.3800888,4.7
2025-01-30 19:00:00,0.0,0.0,0.0,2.933428,3.9
2025-01-30 20:00:00,0.0,0.0,0.0,2.976995,3.7
2025-01-30 21:00:00,0.0,0.0,0.0,2.857009,3.9
2025-01-30 22:00:00,0.0,0.0,0.0,2.4010415,3.7
2025-01-30 23:00:00,0.0,0.0,0.0,2.1914606,3.4
2025-01-31 00:00:00,0.0,0.0,0.0,2.1708293,2.9
2025-01-31 01:00:00,0.0,0.0,0.0,1.8034688,2.9
2025-01-31 02:00:00,0.0,0.0,0.0,2.0,3.3
2025-01-31 03:00:00,0.0,0.0,0.0,1.8179659,3.2
2025-01-31 04:00:00,0.0,0.0,0.0,1.9906029,3.7
2025-01-31 05:00:00,0.0,0.0,0.0,2.178302,4.7
2025-01-31 06:00:00,0.0,0.0,0.0,1.9039433,4.8
2025-01-31 07:00:00,0.0,0.0,0.0,2.0880613,4.1
2025-01-31 08:00:00,0.0,0.0,0.0,2.438237,4.7
2025-01-31 09:00:00,0.0,0.0,0.0,2.570992,4.8
2025-01-31 10:00:00,0.0,0.0,0.0,1.7507142,3.4
2025-01-31 11:00:00,0.0,0.0,0.0,1.4560219,2.5
2025-01-31 12:00:00,0.0,0.0,0.0,1.7888545,3.1
2025-01-31 13:00:00,0.0,0.0,0.0,1.9300259,3.4
2025-01-31 14:00:00,0.0,0.0,0.0,2.0554805,3.8
2025-01-31 15:00:00,0.0,0.0,0.0,2.311385,4.4
2025-01-31 16:00:00,0.0,0.0,0.0,2.7189152,4.9
2025-01-31 17:00:00,0.0,0.0,0.0,2.9295902,5.3
2025-01-31 18:00:00,0.0,0.0,0.0,2.9753153,5.1
2025-01-31 19:00:00,0.0,0.0,0.0,3.0372684,5.2
2025-01-31 20:00:00,0.0,0.0,0.0,3.4077117,5.6
2025-01-31 21:00:00,0.0,0.0,0.0,3.748333,6.3
2025-01-31 22:00:00,0.0,0.0,0.0,4.2854404,6.7
2025-01-31 23:00:00,0.0,0.0,0.0,4.5047193,7.0
2025-02-01 00:00:00,0.0,0.0,0.0,4.72705,7.4
2025-02-01 01:00:00,0.2,0.0,0.14,5.0559373,8.2
2025-02-01 02:00:00,0.5,0.0,0.35,5.4744864,8.7
2025-02-01 03:00:00,0.6,0.0,0.42000002,5.8208675,9.2
2025-02-01 04:00:00,0.5,0.0,0.35,6.138811,9.6
2025-02-01 05:00:00,0.3,0.0,0.21000001,6.3294945,10.0
2025-02-01 06:00:00,0.2,0.0,0.14,6.463745,10.1
2025-02-01 07:00:00,0.2,0.0,0.14,6.4072227,11.0
2025-02-01 08:00:00,0.2,0.0,0.14,6.204232,10.7
2025-02-01 09:00:00,0.2,0.0,0.14,5.894489,10.1
2025-02-01 10:00:00,0.2,0.0,0.14,5.6685534,9.4
2025-02-01 11:00:00,0.1,0.0,0.07,5.4426556,8.8
2025-02-01 12:00:00,0.1,0.0,0.07,5.1393094,8.3
2025-02-01 13:00:00,0.1,0.0,0.07,4.9327984,7.9
2025-02-01 14:00:00,0.1,0.0,0.07,4.609772,7.5
2025-02-01 15:00:00,0.1,0.0,0.07,4.3502874,7.2
2025-02-01 16:00:00,0.0,0.0,0.0,4.1027427,7.0
2025-02-01 17:00:00,0.0,0.0,0.0,3.9512656,6.7
2025-02-01 18:00:00,0.0,0.0,0.0,3.8503246,6.3
2025-02-01 19:00:00,0.0,0.0,0.0,3.8529208,6.4
2025-02-01 20:00:00,0.0,0.0,0.0,3.8052595,6.3
2025-02-01 21:00:00,0.0,0.0,0.0,3.6013885,6.0
2025-02-01 22:00:00,0.0,0.0,0.0,3.5057096,5.7
2025-02-01 23:00:00,0.0,0.0,0.0,3.5587919,5.5
2025-02-02 00:00:00,0.0,0.0,0.0,3.5128336,5.3
2025-02-02 01:00:00,0.0,0.0,0.0,3.4234486,5.2
2025-02-02 02:00:00,0.0,0.0,0.0,3.281006,5.0
2025-02-02 03:00:00,0.0,0.0,0.0,3.1484122,4.7
2025-02-02 04:00:00,0.0,0.0,0.0,2.9832869,4.7
2025-02-02 05:00:00,0.0,0.0,0.0,3.0565505,4.6
2025-02-02 06:00:00,0.0,0.0,0.0,3.0700164,4.9
2025-02-02 07:00:00,0.0,0.0,0.0,3.0364454,5.2
2025-02-02 08:00:00,0.0,0.0,0.0,2.9807718,5.0
2025-02-02 09:00:00,0.0,0.0,0.0,3.0417922,5.2
2025-02-02 10:00:00,0.0,0.0,0.0,3.0450783,4.7
2025-02-02 11:00:00,0.0,0.0,0.0,3.1800156,4.7
2025-02-02 12:00:00,0.0,0.0,0.0,3.1800156,4.5
2025-02-02 13:00:00,0.0,0.0,0.0,3.1503966,4.7
2025-02-02 14:00:00,0.0,0.0,0.0,3.1340866,4.7
2025-02-02 15:00:00,0.0,0.0,0.0,3.1484125,4.6
2025-02-02 16:00:00,0.0,0.0,0.0,3.0793667,4.6
2025-02-02 17:00:00,0.0,0.0,0.0,2.8991377,4.6
2025-02-02 18:00:00,0.0,0.0,0.0,2.710166,4.7
2025-02-02 19:00:00,0.0,0.0,0.0,2.6953664,4.4
2025-02-02 20:00:00,0.0,0.0,0.0,2.653771,4.3
2025-02-02 21:00:00,0.0,0.0,0.0,2.6518862,4.2
2025-02-02 22:00:00,0.0,0.0,0.0,2.4300208,4.0
2025-02-02 23:00:00,0.0,0.0,0.0,2.530316,3.8
2025-02-03 00:00:00,0.0,0.0,0.0,2.5268557,3.6
2025-02-03 01:00:00,0.0,0.0,0.0,2.5079873,3.4
2025-02-03 02:00:00,0.0,0.0,0.0,2.5460753,3.8
2025-02-03 03:00:00,0.0,0.0,0.0,2.6879358,3.8
2025-02-03 04:00:00,0.0,0.0,0.0,2.9094672,4.0
2025-02-03 05:00:00,0.0,0.0,0.0,2.997082,4.9
2025-02-03 06:00:00,0.0,0.0,0.0,2.6925824,4.6
2025-02-03 07:00:00,0.0,0.0,0.0,2.2327113,4.1
2025-02-03 08:00:00,0.0,0.0,0.0,1.7923448,3.5
2025-02-03 09:00:00,0.0,0.0,0.0,1.372953,2.5
2025-02-03 10:00:00,0.0,0.0,0.0,1.5132746,2.3
2025-02-03 11:00:00,0.0,0.0,0.0,1.2093385,2.5
2025-02-03 12:00:00,0.0,0.0,0.0,1.5572411,3.3
2025-02-03 13:00:00,0.0,0.0,0.0,1.7670598,3.9
2025-02-03 14:00:00,0.0,0.0,0.0,2.1100948,4.2
2025-02-03 15:00:00,0.0,0.0,0.0,2.5243812,4.5
2025-02-03 16:00:00,0.0,0.0,0.0,2.5894015,4.9
2025-02-03 17:00:00,0.0,0.0,0.0,2.754088,4.7
2025-02-03 18:00:00,0.0,0.0,0.0,2.7518177,4.3
2025-02-03 19:00:00,0.0,0.0,0.0,2.617728,4.1
2025-02-03 20:00:00,0.0,0.0,0.0,2.3926973,3.7
2025-02-03 21:00:00,0.0,0.0,0.0,2.2610838,3.6
2025-02-03 22:00:00,0.0,0.0,0.0,2.0880613,3.9
2025-02-03 23:00:00,0.0,0.0,0.0,2.1100948,4.2
2025-02-04 00:00:00,0.0,0.0,0.0,2.059733,4.6
2025-02-04 01:00:00,0.0,0.0,0.0,2.304886,4.7
2025-02-04 02:00:00,0.0,0.0,0.0,2.4545875,4.6
2025-02-04 03:00:00,0.0,0.0,0.0,2.8609438,4.6
2025-02-04 04:00:00,0.0,0.0,0.0,3.1599052,4.8
2025-02-04 05:00:00,0.0,0.0,0.0,3.3593152,5.1
2025-02-04 06:00:00,0.0,0.0,0.0,3.600347,5.4
2025-02-04 07:00:00,0.0,0.0,0.0,3.662308,5.9
2025-02-04 08:00:00,0.0,0.0,0.0,3.8242645,6.8
2025-02-04 09:00:00,0.0,0.0,0.0,4.0521603,7.1
2025-02-04 10:00:00,0.0,0.0,0.0,4.365776,7.2
2025-02-04 11:00:00,0.0,0.0,0.0,4.5238256,7.2
2025-02-04 12:00:00,0.0,0.0,0.0,4.8231215,7.7
2025-02-04 13:00:00,0.0,0.0,0.0,5.082568,8.0
2025-02-04 14:00:00,0.0,0.0,0.0,5.1684136,8.1
2025-02-04 15:00:00,0.0,0.0,0.0,5.1877255,8.1
2025-02-04 16:00:00,0.0,0.0,0.0,5.261178,8.2
2025-02-04 17:00:00,0.0,0.0,0.0,5.1053896,8.3
2025-02-04 18:00:00,0.0,0.0,0.0,4.99925,8.2
2025-02-04 19:00:00,0.0,0.0,0.0,4.7675986,8.2
2025-02-04 20:00:00,0.0,0.0,0.0,4.648118,7.9
2025-02-04 21:00:00,0.0,0.0,0.0,4.6446204,7.8
2025-02-04 22:00:00,0.0,0.0,0.0,4.790877,7.8
2025-02-04 23:00:00,0.0,0.0,0.0,4.7077065,8.0
2025-02-05 00:00:00,0.0,0.0,0.0,4.854122,8.4
2025-02-05 01:00:00,0.0,0.0,0.0,5.1229877,8.5
2025-02-05 02:00:00,0.0,0.0,0.0,5.1229877,8.8
2025-02-05 03:00:00,0.0,0.0,0.0,5.1478148,9.0
2025-02-05 04:00:00,0.0,0.0,0.0,5.0818305,9.0
2025-02-05 05:00:00,0.0,0.0,0.0,4.7670746,8.6
2025-02-05 06:00:00,0.0,0.0,0.0,4.114912,8.1
2025-02-05 07:00:00,0.0,0.0,0.0,4.294182,7.9
2025-02-05 08:00:00,0.0,0.0,0.0,4.45926,8.5
2025-02-05 09:00:00,0.0,0.0,0.0,4.7289004,8.5
2025-02-05 10:00:00,0.0,0.0,0.0,4.9117208,8.6
2025-02-05 11:00:00,0.0,0.0,0.0,4.788789,7.8
2025-02-05 12:00:00,0.0,0.0,0.0,5.3009434,8.8
2025-02-05 13:00:00,0.0,0.0,0.0,5.464659,9.1
2025-02-05 14:00:00,0.0,0.0,0.0,5.6508846,9.2
2025-02-05 15:00:00,0.0,0.0,0.0,5.866856,9.4
2025-02-05 16:00:00,0.0,0.0,0.0,5.818075,9.5
2025-02-05 17:00:00,0.0,0.0,0.0,5.842303,9.6
2025-02-05 18:00:00,0.0,0.0,0.0,5.9103723,9.7
2025-02-05 19:00:00,0.0,0.0,0.0,6.0716553,10.6
2025-02-05 20:00:00,0.0,0.0,0.0,6.0632086,10.6
2025-02-05 21:00:00,0.0,0.0,0.0,5.9770393,10.7
2025-02-05 22:00:00,0.0,0.0,0.0,6.5743823,11.0
2025-02-05 23:00:00,0.0,0.0,0.0,6.5459914,11.1
2025-02-06 00:00:00,0.0,0.0,0.0,7.0869594,12.3
2025-02-06 01:00:00,0.0,0.0,0.0,6.9760303,11.6
2025-02-06 02:00:00,0.0,0.0,0.0,6.730899,11.4
2025-02-06 03:00:00,0.0,0.0,0.0,6.6610813,10.7
2025-02-06 04:00:00,0.0,0.0,0.0,6.570008,10.4
2025-02-06 05:00:00,0.0,0.0,0.0,6.801654,11.2
2025-02-06 06:00:00,0.0,0.0,0.0,6.7412906,11.8
2025-02-06 07:00:00,0.0,0.0,0.0,7.1641464,12.6
2025-02-06 08:00:00,0.0,0.0,0.0,7.184184,13.2
2025-02-06 09:00:00,0.0,0.0,0.0,7.6787043,12.5
2025-02-06 10:00:00,0.0,0.0,0.0,7.3893504,12.0
2025-02-06 11:00:00,0.0,0.0,0.0,7.778496,12.6
2025-02-06 12:00:00,0.0,0.0,0.0,8.010306,13.1
2025-02-06 13:00:00,0.0,0.0,0.0,7.926065,13.2
2025-02-06 14:00:00,0.0,0.0,0.0,7.6800065,12.8
2025-02-06 15:00:00,0.0,0.0,0.0,7.341151,12.4
2025-02-06 16:00:00,0.0,0.0,0.0,7.080254,11.7
2025-02-06 17:00:00,0.0,0.0,0.0,6.9507194,11.3
2025-02-06 18:00:00,0.0,0.0,0.0,7.020862,11.0
2025-02-06 19:00:00,0.0,0.0,0.0,7.0123105,11.8
2025-02-06 20:00:00,0.0,0.0,0.0,6.9341545,11.7
2025-02-06 21:00:00,0.0,0.0,0.0,6.96563,11.8
2025-02-06 22:00:00,0.0,0.0,0.0,7.208502,12.0
2025-02-06 23:00:00,0.0,0.0,0.0,7.332462,12.1
2025-02-07 00:00:00,0.0,0.0,0.0,7.25,11.8
2025-02-07 01:00:00,0.0,0.0,0.0,6.9808664,11.4
2025-02-07 02:00:00,0.0,0.0,0.0,6.922608,11.0
2025-02-07 03:00:00,0.0,0.0,0.0,6.9110417,11.0
2025-02-07 04:00:00,0.0,0.0,0.0,6.963476,10.8
2025-02-07 05:00:00,0.0,0.0,0.0,6.6800075,10.2
2025-02-07 06:00:00,0.0,0.0,0.0,7.040064,11.7
2025-02-07 07:00:00,0.0,0.0,0.0,7.390027,12.4
2025-02-07 08:00:00,0.0,0.0,0.0,7.543209,12.9
2025-02-07 09:00:00,0.0,0.0,0.0,7.528612,12.4
2025-02-07 10:00:00,0.0,0.0,0.0,7.4788036,12.0
2025-02-07 11:00:00,0.0,0.0,0.0,7.631022,12.0
2025-02-07 12:00:00,0.0,0.0,0.0,7.4729514,11.5
2025-02-07 13:00:00,0.0,0.0,0.0,7.200694,11.4
2025-02-07 14:00:00,0.0,0.0,0.0,7.0301137,11.2
2025-02-07 15:00:00,0.0,0.0,0.0,6.9507194,10.9
2025-02-07 16:00:00,0.0,0.0,0.0,6.8600287,10.7
2025-02-07 17:00:00,0.0,0.0,0.0,6.9110417,10.4
2025-02-07 18:00:00,0.0,0.0,0.0,6.7016788,10.1
2025-02-07 19:00:00,0.0,0.0,0.0,6.570008,11.2
2025-02-07 20:00:00,0.0,0.0,0.0,6.390031,10.9
2025-02-07 21:00:00,0.0,0.0,0.0,6.190517,10.5
2025-02-07 22:00:00,0.0,0.0,0.0,6.153251,10.0
2025-02-07 23:00:00,0.0,0.0,0.0,5.864512,9.5
2025-02-08 00:00:00,0.0,0.0,0.0,5.5301447,8.9
2025-02-08 01:00:00,0.0,0.0,0.0,5.2801514,8.6
2025-02-08 02:00:00,0.0,0.0,0.0,5.18001,8.7
2025-02-08 03:00:00,0.0,0.0,0.0,5.25,8.7
2025-02-08 04:00:00,0.0,0.0,0.0,5.202163,8.6
2025-02-08 05:00:00,0.0,0.0,0.0,5.075677,9.5
2025-02-08 06:00:00,0.0,0.0,0.0,5.1312766,8.9
2025-02-08 07:00:00,0.0,0.0,0.0,4.725727,8.1
2025-02-08 08:00:00,0.0,0.0,0.0,4.0031238,7.1
2025-02-08 09:00:00,0.0,0.0,0.0,3.6891732,6.3
2025-02-08 10:00:00,0.0,0.0,0.0,3.2534595,6.1
2025-02-08 11:00:00,0.0,0.0,0.0,2.830636,5.1
2025-02-08 12:00:00,0.0,0.0,0.0,3.0450783,5.2
2025-02-08 13:00:00,0.0,0.0,0.0,2.7901614,4.7
2025-02-08 14:00:00,0.0,0.0,0.0,2.0180438,3.3
2025-02-08 15:00:00,0.0,0.0,0.0,1.7691805,2.9
2025-02-08 16:00:00,0.0,0.0,0.0,2.030394,2.4
2025-02-08 17:00:00,0.0,0.0,0.0,1.6807736,1.5
2025-02-08 18:00:00,0.0,0.0,0.0,1.6492423,1.0
2025-02-08 19:00:00,0.0,0.0,0.0,1.0793515,2.0
2025-02-08 20:00:00,0.0,0.0,0.0,1.4008926,2.4
2025-02-08 21:00:00,0.0,0.0,0.0,1.85,3.0
2025-02-08 22:00:00,0.0,0.0,0.0,2.1592824,3.1
2025-02-08 23:00:00,0.0,0.0,0.0,1.9293782,2.6
2025-02-09 00:00:00,0.0,0.0,0.0,1.8788295,2.7
2025-02-09 01:00:00,0.0,0.0,0.0,1.868154,2.9
2025-02-09 02:00:00,0.0,0.0,0.0,2.214159,3.3
2025-02-09 03:00:00,0.0,0.0,0.0,2.2299104,3.2
2025-02-09 04:00:00,0.0,0.0,0.0,2.4909837,3.7
2025-02-09 05:00:00,0.0,0.0,0.0,2.8200178,3.4
2025-02-09 06:00:00,0.0,0.0,0.0,2.829311,3.5
2025-02-09 07:00:00,0.0,0.0,0.0,2.9832866,4.3
2025-02-09 08:00:00,0.0,0.0,0.0,2.804015,4.4
2025-02-09 09:00:00,0.0,0.0,0.0,2.8504386,4.5
2025-02-09 10:00:00,0.0,0.0,0.0,2.9090376,4.2
2025-02-09 11:00:00,0.0,0.0,0.0,3.054914,4.2
2025-02-09 12:00:00,0.0,0.0,0.0,2.9094672,3.8
2025-02-09 13:00:00,0.0,0.0,0.0,2.8792362,3.9
2025-02-09 14:00:00,0.0,0.0,0.0,2.9732137,3.8
2025-02-09 15:00:00,0.0,0.0,0.0,3.1312938,3.3
2025-02-09 16:00:00,0.0,0.0,0.0,3.3109667,3.2
2025-02-09 17:00:00,0.0,0.0,0.0,3.129297,3.4
2025-02-09 18:00:00,0.0,0.0,0.0,2.745906,3.0
2025-02-09 19:00:00,0.0,0.0,0.0,2.5144582,3.9
2025-02-09 20:00:00,0.0,0.0,0.0,2.3717084,3.1
2025-02-09 21:00:00,0.0,0.0,0.0,1.9313208,2.6
2025-02-09 22:00:00,0.0,0.0,0.0,1.9525625,2.7
2025-02-09 23:00:00,0.0,0.0,0.0,1.8027756,3.0
2025-02-10 00:00:00,0.0,0.0,0.0,2.109502,3.6
2025-02-10 01:00:00,0.0,0.0,0.0,2.158703,4.0
2025-02-10 02:00:00,0.0,0.0,0.0,2.415057,4.4
2025-02-10 03:00:00,0.0,0.0,0.0,2.7973201,4.8
2025-02-10 04:00:00,0.0,0.0,0.0,3.1976552,5.7
2025-02-10 05:00:00,0.0,0.0,0.0,3.555981,6.7
2025-02-10 06:00:00,0.0,0.0,0.0,3.7831864,7.1
2025-02-10 07:00:00,0.0,0.0,0.0,4.2617483,7.3
2025-02-10 08:00:00,0.0,0.0,0.0,4.674666,8.3
2025-02-10 09:00:00,0.0,0.0,0.0,4.930771,8.3
2025-02-10 10:00:00,0.0,0.0,0.0,5.321889,8.4
2025-02-10 11:00:00,0.0,0.0,0.0,5.3202443,8.2
2025-02-10 12:00:00,0.0,0.0,0.0,5.2671146,8.3
2025-02-10 13:00:00,0.0,0.0,0.0,5.3284616,8.2
2025-02-10 14:00:00,0.0,0.0,0.0,5.144171,8.2
2025-02-10 15:00:00,0.0,0.0,0.0,4.795049,7.7
2025-02-10 16:00:00,0.0,0.0,0.0,4.324639,7.2
2025-02-10 17:00:00,0.0,0.0,0.0,3.945884,6.8
2025-02-10 18:00:00,0.0,0.0,0.0,3.6345563,6.4
2025-02-10 19:00:00,0.0,0.0,0.0,3.4441981,5.6
2025-02-10 20:00:00,0.0,0.0,0.0,3.2653484,5.3
2025-02-10 21:00:00,0.0,0.0,0.0,3.2015622,5.1
2025-02-10 22:00:00,0.0,0.0,0.0,3.1484122,5.0
2025-02-10 23:00:00,0.0,0.0,0.0,3.1408596,5.0
2025-02-11 00:00:00,0.0,0.0,0.0,3.0220027,4.7
2025-02-11 01:00:00,0.0,0.0,0.0,3.0842342,4.6
2025-02-11 02:00:00,0.0,0.0,0.0,3.2442257,5.1
2025-02-11 03:00:00,0.0,0.0,0.0,3.473111,5.7
2025-02-11 04:00:00,0.0,0.0,0.0,3.9118412,6.6
2025-02-11 05:00:00,0.0,0.0,0.0,4.4432535,7.4
2025-02-11 06:00:00,0.0,0.0,0.0,4.718315,8.1
2025-02-11 07:00:00,0.0,0.0,0.0,4.8654394,8.4
2025-02-11 08:00:00,0.0,0.0,0.0,4.88083,8.5
2025-02-11 09:00:00,0.0,0.0,0.0,4.798177,8.4
2025-02-11 10:00:00,0.0,0.0,0.0,5.1363897,8.2
2025-02-11 11:00:00,0.0,0.0,0.0,4.856439,7.8
2025-02-11 12:00:00,0.0,0.0,0.0,4.565085,7.3
2025-02-11 13:00:00,0.0,0.0,0.0,4.2038674,6.5
2025-02-11 14:00:00,0.0,0.0,0.0,3.58922,5.5
2025-02-11 15:00:00,0.0,0.0,0.0,3.1312938,4.4
2025-02-11 16:00:00,0.0,0.0,0.0,2.8622541,3.8
2025-02-11 17:00:00,0.0,0.0,0.0,2.4824383,3.3
2025-02-11 18:00:00,0.0,0.0,0.0,2.1691012,3.2
2025-02-11 19:00:00,0.0,0.0,0.0,1.9906029,3.2
2025-02-11 20:00:00,0.0,0.0,0.0,1.8560711,3.1
2025-02-11 21:00:00,0.0,0.0,0.0,1.8027756,2.9
2025-02-11 22:00:00,0.0,0.0,0.0,2.0554805,3.0
2025-02-11 23:00:00,0.0,0.0,0.0,1.9474342,3.2
2025-02-12 00:00:00,0.0,0.0,0.0,2.5465662,4.5
2025-02-12 01:00:00,0.0,0.0,0.0,3.3604314,5.5
2025-02-12 02:00:00,0.0,0.0,0.0,3.540127,5.6
2025-02-12 03:00:00,0.0,0.0,0.0,3.6235344,5.6
2025-02-12 04:00:00,0.0,0.0,0.0,3.914716,6.2
2025-02-12 05:00:00,0.0,0.0,0.0,3.9147158,6.8
2025-02-12 06:00:00,0.0,0.0,0.0,4.092982,7.2
2025-02-12 07:00:00,0.0,0.0,0.0,4.2059484,7.5
2025-02-12 08:00:00,0.0,0.0,0.0,4.427471,7.8
2025-02-12 09:00:00,0.0,0.0,0.0,4.6810794,8.1
2025-02-12 10:00:00,0.0,0.0,0.0,4.725727,7.8
2025-02-12 11:00:00,0.0,0.0,0.0,4.743417,7.7
2025-02-12 12:00:00,0.0,0.0,0.0,4.8826222,7.7
2025-02-12 13:00:00,0.0,0.0,0.0,5.17349,8.2
2025-02-12 14:00:00,0.0,0.0,0.0,5.4113307,8.9
2025-02-12 15:00:00,0.0,0.0,0.0,5.72014,9.6
2025-02-12 16:00:00,0.0,0.0,0.0,5.9810114,10.1
2025-02-12 17:00:00,0.0,0.0,0.0,6.2603917,10.6
2025-02-12 18:00:00,0.0,0.0,0.0,6.510376,11.1
2025-02-12 19:00:00,0.0,0.0,0.0,6.890029,11.7
2025-02-12 20:00:00,0.0,0.0,0.0,7.170251,12.3
2025-02-12 21:00:00,0.0,0.0,0.0,7.5738034,12.9
2025-02-12 22:00:00,0.0,0.0,0.0,8.003905,13.5
2025-02-12 23:00:00,0.0,0.0,0.0,8.451331,14.1
2025-02-13 00:00:00,0.0,0.0,0.0,8.876514,14.8
2025-02-13 01:00:00,0.0,0.0,0.0,9.015681,15.1
2025-02-13 02:00:00,0.0,0.0,0.0,9.047236,15.4
2025-02-13 03:00:00,0.0,0.0,0.0,9.169106,15.4
2025-02-13 04:00:00,0.0,0.0,0.0,9.235394,15.4
2025-02-13 05:00:00,0.0,0.0,0.0,9.103022,14.7
2025-02-13 06:00:00,0.0,0.0,0.0,8.877641,15.4
2025-02-13 07:00:00,0.0,0.0,0.0,8.437565,15.6
2025-02-13 08:00:00,0.0,0.0,0.0,9.157101,15.7
2025-02-13 09:00:00,0.0,0.0,0.0,8.406694,14.3
2025-02-13 10:00:00,0.0,0.0,0.0,6.9413614,12.3
2025-02-13 11:00:00,0.0,0.0,0.0,6.3245554,11.4
2025-02-13 12:00:00,0.0,0.0,0.0,5.771698,10.4
2025-02-13 13:00:00,0.0,0.0,0.0,5.302122,9.5
2025-02-13 14:00:00,0.0,0.0,0.0,4.753946,8.4
2025-02-13 15:00:00,0.0,0.0,0.0,4.1761227,7.4
2025-02-13 16:00:00,0.0,0.0,0.0,3.985599,6.8
2025-02-13 17:00:00,0.0,0.0,0.0,3.7047267,6.4
2025-02-13 18:00:00,0.0,0.0,0.0,3.4354768,6.1
2025-02-13 19:00:00,0.0,0.0,0.0,3.1016126,4.8
2025-02-13 20:00:00,0.0,0.0,0.0,2.7115493,4.2
2025-02-13 21:00:00,0.0,0.0,0.0,2.2808988,3.5
2025-02-13 22:00:00,0.0,0.0,0.0,1.5890249,3.0
2025-02-13 23:00:00,0.0,0.0,0.0,1.3124405,2.5
2025-02-14 00:00:00,0.0,0.0,0.0,1.3462912,2.4
2025-02-14 01:00:00,0.0,0.0,0.0,1.4317821,2.3
2025-02-14 02:00:00,0.0,0.0,0.0,1.6124516,2.4
2025-02-14 03:00:00,0.0,0.0,0.0,1.7507142,2.4
2025-02-14 04:00:00,0.0,0.0,0.0,2.0506096,2.6
2025-02-14 05:00:00,0.0,0.0,0.0,2.3135471,3.2
2025-02-14 06:00:00,0.0,0.0,0.0,2.316247,3.7
2025-02-14 07:00:00,0.0,0.0,0.0,2.7390692,4.7
2025-02-14 08:00:00,0.0,0.0,0.0,3.481738,5.4
2025-02-14 09:00:00,0.0,0.0,0.0,3.592005,5.8
2025-02-14 10:00:00,0.0,0.0,0.0,2.7280946,5.2
2025-02-14 11:00:00,0.0,0.0,0.0,2.3584952,3.7
2025-02-14 12:00:00,0.0,0.0,0.0,2.5,2.9
2025-02-14 13:00:00,0.0,0.0,0.0,2.8022313,3.4
2025-02-14 14:00:00,0.0,0.0,0.0,3.231099,4.1
2025-02-14 15:00:00,0.0,0.0,0.0,3.6786547,4.9
2025-02-14 16:00:00,0.0,0.0,0.0,3.7101214,5.2
2025-02-14 17:00:00,0.0,0.0,0.0,3.791108,5.4
2025-02-14 18:00:00,0.0,0.0,0.0,3.6062446,5.2
2025-02-14 19:00:00,0.0,0.0,0.0,3.4655447,5.6
2025-02-14 20:00:00,0.0,0.0,0.0,3.4311075,5.5
2025-02-14 21:00:00,0.0,0.0,0.0,3.5146124,5.6
2025-02-14 22:00:00,0.0,0.0,0.0,3.4409301,5.4
2025-02-14 23:00:00,0.0,0.0,0.0,3.010814,5.0
2025-02-15 00:00:00,0.0,0.0,0.0,2.8017852,4.4
2025-02-15 01:00:00,0.0,0.0,0.0,2.5932605,4.0
2025-02-15 02:00:00,0.0,0.0,0.0,2.460183,4.0
2025-02-15 03:00:00,0.0,0.0,0.0,2.408319,3.9
2025-02-15 04:00:00,0.0,0.0,0.0,2.4748738,4.1
2025-02-15 05:00:00,0.0,0.0,0.0,2.4748738,5.0
2025-02-15 06:00:00,0.0,0.0,0.0,2.5811818,5.5
2025-02-15 07:00:00,0.0,0.0,0.0,2.7986603,5.2
2025-02-15 08:00:00,0.0,0.0,0.0,3.0103986,5.7
2025-02-15 09:00:00,0.0,0.0,0.0,3.1563427,5.7
2025-02-15 10:00:00,0.0,0.0,0.0,3.3241541,5.4
2025-02-15 11:00:00,0.0,0.0,0.0,3.0413814,5.0
2025-02-15 12:00:00,0.0,0.0,0.0,2.5455844,3.6
2025-02-15 13:00:00,0.0,0.0,0.0,2.5495098,3.5
2025-02-15 14:00:00,0.0,0.0,0.0,2.607681,3.7
2025-02-15 15:00:00,0.0,0.0,0.0,2.818244,4.2
2025-02-15 16:00:00,0.0,0.0,0.0,2.8969812,4.6
2025-02-15 17:00:00,0.0,0.0,0.0,2.8783677,4.4
2025-02-15 18:00:00,0.0,0.0,0.0,2.6925821,4.0
2025-02-15 19:00:00,0.0,0.0,0.0,2.4520397,3.8
2025-02-15 20:00:00,0.0,0.0,0.0,2.376973,3.4
2025-02-15 21:00:00,0.0,0.0,0.0,2.2808988,3.7
2025-02-15 22:00:00,0.0,0.0,0.0,2.3584952,3.4
2025-02-15 23:00:00,0.0,0.0,0.0,2.3584952,3.7
2025-02-16 00:00:00,0.0,0.0,0.0,2.3436084,3.8
2025-02-16 01:00:00,0.0,0.0,0.0,2.4397748,4.0
2025-02-16 02:00:00,0.0,0.0,0.0,2.710166,4.2
2025-02-16 03:00:00,0.0,0.0,0.0,2.8744566,4.3
2025-02-16 04:00:00,0.0,0.0,0.0,2.8991377,4.6
2025-02-16 05:00:00,0.0,0.0,0.0,3.1004033,5.4
2025-02-16 06:00:00,0.0,0.0,0.0,3.5510561,6.8
2025-02-16 07:00:00,0.0,0.0,0.0,4.317696,7.7
2025-02-16 08:00:00,0.0,0.0,0.0,4.5458775,8.0
2025-02-16 09:00:00,0.0,0.0,0.0,4.521338,7.8
2025-02-16 10:00:00,0.0,0.0,0.0,3.5217183,7.2
2025-02-16 11:00:00,0.0,0.0,0.0,3.11127,6.1
2025-02-16 12:00:00,0.0,0.0,0.0,2.7018511,4.9
2025-02-16 13:00:00,0.0,0.0,0.0,2.6627054,4.8
2025-02-16 14:00:00,0.0,0.0,0.0,2.6627054,5.2
2025-02-16 15:00:00,0.0,0.0,0.0,2.7879202,5.7
2025-02-16 16:00:00,0.0,0.0,0.0,2.8727167,5.9
2025-02-16 17:00:00,0.0,0.0,0.0,2.9841247,6.1
2025-02-16 18:00:00,0.0,0.0,0.0,3.0870697,6.0
2025-02-16 19:00:00,0.0,0.0,0.0,3.2097507,5.2
2025-02-16 20:00:00,0.0,0.0,0.0,3.3049207,5.4
2025-02-16 21:00:00,0.0,0.0,0.0,3.4474628,5.5
2025-02-16 22:00:00,0.0,0.0,0.0,3.8278584,5.8
2025-02-16 23:00:00,0.0,0.0,0.0,3.8078866,5.9
2025-02-17 00:00:00,0.0,0.0,0.0,3.7805421,5.9
2025-02-17 01:00:00,0.0,0.0,0.0,3.8942266,6.1
2025-02-17 02:00:00,0.0,0.0,0.0,4.040421,6.4
2025-02-17 03:00:00,0.0,0.0,0.0,4.2664385,6.8
2025-02-17 04:00:00,0.0,0.0,0.0,4.5831213,7.5
2025-02-17 05:00:00,0.0,0.0,0.0,4.8314075,7.9
2025-02-17 06:00:00,0.0,0.0,0.0,5.001,8.6
2025-02-17 07:00:00,0.0,0.0,0.0,5.2024035,9.0
2025-02-17 08:00:00,0.0,0.0,0.0,5.1877255,9.4
2025-02-17 09:00:00,0.0,0.0,0.0,5.3640003,9.4
2025-02-17 10:00:00,0.0,0.0,0.0,5.5986605,9.7
2025-02-17 11:00:00,0.0,0.0,0.0,5.583234,9.3
2025-02-17 12:00:00,0.0,0.0,0.0,5.3446236,9.1
2025-02-17 13:00:00,0.0,0.0,0.0,5.378197,9.0
2025-02-17 14:00:00,0.0,0.0,0.0,5.4708314,9.1
2025-02-17 15:00:00,0.0,0.0,0.0,5.5661926,9.3
2025-02-17 16:00:00,0.0,0.0,0.0,5.6189413,9.6
2025-02-17 17:00:00,0.0,0.0,0.0,5.542788,9.8
2025-02-17 18:00:00,0.0,0.0,0.0,5.4571056,9.7
2025-02-17 19:00:00,0.0,0.0,0.0,5.311544,8.8
2025-02-17 20:00:00,0.0,0.0,0.0,5.0447993,8.5
2025-02-17 21:00:00,0.0,0.0,0.0,4.9421654,8.3
2025-02-17 22:00:00,0.0,0.0,0.0,4.7675986,8.0
2025-02-17 23:00:00,0.0,0.0,0.0,4.8168974,7.8
2025-02-18 00:00:00,0.0,0.0,0.0,4.6219583,7.5
2025-02-18 01:00:00,0.0,0.0,0.0,4.55988,7.6
2025-02-18 02:00:00,0.0,0.0,0.0,4.504442,7.7
2025-02-18 03:00:00,0.0,0.0,0.0,4.451123,7.7
2025-02-18 04:00:00,0.0,0.0,0.0,4.551099,7.9
2025-02-18 05:00:00,0.0,0.0,0.0,4.552472,8.3
2025-02-18 06:00:00,0.0,0.0,0.0,4.6002717,8.3
2025-02-18 07:00:00,0.0,0.0,0.0,4.452527,7.9
2025-02-18 08:00:00,0.0,0.0,0.0,4.3026156,7.7
2025-02-18 09:00:00,0.0,0.0,0.0,4.20119,7.3
2025-02-18 10:00:00,0.0,0.0,0.0,3.8512983,7.0
2025-02-18 11:00:00,0.0,0.0,0.0,3.3559647,5.9
2025-02-18 12:00:00,0.0,0.0,0.0,2.7721832,4.5
2025-02-18 13:00:00,0.0,0.0,0.0,2.5005,4.2
2025-02-18 14:00:00,0.0,0.0,0.0,2.7170758,4.5
2025-02-18 15:00:00,0.0,0.0,0.0,2.886174,4.5
2025-02-18 16:00:00,0.0,0.0,0.0,3.1180923,4.5
2025-02-18 17:00:00,0.0,0.0,0.0,2.8635643,4.1
2025-02-18 18:00:00,0.0,0.0,0.0,2.4186773,3.7
2025-02-18 19:00:00,0.0,0.0,0.0,2.3759208,3.8
2025-02-18 20:00:00,0.0,0.0,0.0,2.030394,3.5
2025-02-18 21:00:00,0.0,0.0,0.0,1.5297059,2.6
2025-02-18 22:00:00,0.0,0.0,0.0,1.5572411,1.5
2025-02-18 23:00:00,0.0,0.0,0.0,1.2103719,1.6
2025-02-19 00:00:00,0.0,0.0,0.0,1.1335784,2.1
2025-02-19 01:00:00,0.0,0.0,0.0,1.2619429,2.3
2025-02-19 02:00:00,0.0,0.0,0.0,1.0965856,1.9
2025-02-19 03:00:00,0.0,0.0,0.0,1.1543397,1.8
2025-02-19 04:00:00,0.0,0.0,0.0,1.603122,2.4
2025-02-19 05:00:00,0.0,0.0,0.0,1.7564168,2.8
2025-02-19 06:00:00,0.0,0.0,0.0,2.0099752,3.1
2025-02-19 07:00:00,0.0,0.0,0.0,2.4253867,4.5
2025-02-19 08:00:00,0.0,0.0,0.0,2.7285528,5.2
2025-02-19 09:00:00,0.0,0.0,0.0,3.1312938,5.6
2025-02-19 10:00:00,0.0,0.0,0.0,3.7792194,6.2
2025-02-19 11:00:00,0.0,0.0,0.0,3.5131896,6.6
2025-02-19 12:00:00,0.0,0.0,0.0,3.9579034,6.6
2025-02-19 13:00:00,0.0,0.0,0.0,4.4735336,7.4
2025-02-19 14:00:00,0.0,0.0,0.0,4.828302,7.8
2025-02-19 15:00:00,0.0,0.0,0.0,4.838388,7.8
2025-02-19 16:00:00,0.0,0.0,0.0,4.7460513,8.1
2025-02-19 17:00:00,0.0,0.0,0.0,4.7185802,7.6
2025-02-19 18:00:00,0.0,0.0,0.0,4.753946,7.6
2025-02-19 19:00:00,0.0,0.0,0.0,4.478002,7.5
2025-02-19 20:00:00,0.0,0.0,0.0,4.45926,7.8
2025-02-19 21:00:00,0.0,0.0,0.0,4.443253,7.9
2025-02-19 22:00:00,0.0,0.0,0.0,4.232316,7.4
2025-02-19 23:00:00,0.0,0.0,0.0,4.018084,7.4
2025-02-20 00:00:00,0.0,0.0,0.0,3.8268788,7.2
2025-02-20 01:00:00,0.0,0.0,0.0,4.0261645,7.4
2025-02-20 02:00:00,0.0,0.0,0.0,4.0746164,7.4
2025-02-20 03:00:00,0.0,0.0,0.0,4.1773195,7.6
2025-02-20 04:00:00,0.0,0.0,0.0,4.314221,8.1
2025-02-20 05:00:00,0.0,0.0,0.0,4.2107005,8.2
2025-02-20 06:00:00,0.0,0.0,0.0,3.834384,7.7
2025-02-20 07:00:00,0.0,0.0,0.0,3.2775753,6.3
2025-02-20 08:00:00,0.0,0.0,0.0,2.581182,5.2
2025-02-20 09:00:00,0.0,0.0,0.0,1.767767,3.8
2025-02-20 10:00:00,0.0,0.0,0.0,1.4221463,2.5
2025-02-20 11:00:00,0.0,0.0,0.0,1.1101801,0.9
2025-02-20 12:00:00,0.0,0.0,0.0,1.1236101,0.6
2025-02-20 13:00:00,0.0,0.0,0.0,0.45276925,0.9
2025-02-20 14:00:00,0.0,0.0,0.0,1.2727922,1.5
2025-02-20 15:00:00,0.0,0.0,0.0,1.5572411,1.3
2025-02-20 16:00:00,0.0,0.0,0.0,1.9006578,0.8
2025-02-20 17:00:00,0.0,0.0,0.0,1.9455076,1.9
2025-02-20 18:00:00,0.0,0.0,0.0,1.7492856,2.2
2025-02-20 19:00:00,0.0,0.0,0.0,1.5402921,2.6
2025-02-20 20:00:00,0.0,0.0,0.0,1.6568041,2.7
2025-02-20 21:00:00,0.0,0.0,0.0,1.6347783,2.4
2025-02-20 22:00:00,0.0,0.0,0.0,1.6101241,2.6
2025-02-20 23:00:00,0.0,0.0,0.0,1.8062391,2.5
2025-02-21 00:00:00,0.1,0.0,0.07,1.7262677,2.4
2025-02-21 01:00:00,0.1,0.0,0.07,1.7755281,2.6
2025-02-21 02:00:00,0.0,0.0,0.0,1.9830532,2.8
2025-02-21 03:00:00,0.0,0.0,0.0,2.1523244,3.2
2025-02-21 04:00:00,0.0,0.0,0.0,2.4824383,3.9
2025-02-21 05:00:00,0.0,0.0,0.0,2.9681644,5.3
2025-02-21 06:00:00,0.0,0.0,0.0,3.22374,5.8
2025-02-21 07:00:00,0.0,0.0,0.0,3.25,6.0
2025-02-21 08:00:00,0.0,0.0,0.0,3.2893767,6.1
2025-02-21 09:00:00,0.0,0.0,0.0,3.5584407,6.6
2025-02-21 10:00:00,0.0,0.0,0.0,3.9852855,6.5
2025-02-21 11:00:00,0.0,0.0,0.0,3.8304698,6.3
2025-02-21 12:00:00,0.0,0.0,0.0,4.0401115,6.7
2025-02-21 13:00:00,0.0,0.0,0.0,4.5793014,7.5
2025-02-21 14:00:00,0.0,0.0,0.0,4.9193497,8.0
2025-02-21 15:00:00,0.0,0.0,0.0,4.9862313,8.1
2025-02-21 16:00:00,0.0,0.0,0.0,4.838388,8.3
2025-02-21 17:00:00,0.0,0.0,0.0,4.808326,8.7
2025-02-21 18:00:00,0.0,0.0,0.0,4.938117,8.6
2025-02-21 19:00:00,0.0,0.0,0.0,4.665029,7.5
2025-02-21 20:00:00,0.0,0.0,0.0,4.8283024,7.9
2025-02-21 21:00:00,0.0,0.0,0.0,4.7668123,7.9
2025-02-21 22:00:00,0.0,0.0,0.0,4.680278,7.7
2025-02-21 23:00:00,0.0,0.0,0.0,4.7929635,7.9
2025-02-22 00:00:00,0.0,0.0,0.0,5.012235,8.5
2025-02-22 01:00:00,0.0,0.0,0.0,5.0621142,8.5
2025-02-22 02:00:00,0.0,0.0,0.0,5.012235,8.4
2025-02-22 03:00:00,0.0,0.0,0.0,5.1393094,8.5
2025-02-22 04:00:00,0.0,0.0,0.0,5.2886667,9.0
2025-02-22 05:00:00,0.0,0.0,0.0,5.3851643,9.0
2025-02-22 06:00:00,0.0,0.0,0.0,5.426094,9.1
2025-02-22 07:00:00,0.0,0.0,0.0,5.2974052,9.4
2025-02-22 08:00:00,0.0,0.0,0.0,5.217758,9.3
2025-02-22 09:00:00,0.0,0.0,0.0,5.2671146,9.4
2025-02-22 10:00:00,0.0,0.0,0.0,5.127621,9.5
2025-02-22 11:00:00,0.0,0.0,0.0,5.210806,8.7
2025-02-22 12:00:00,0.0,0.0,0.0,5.346494,8.8
2025-02-22 13:00:00,0.0,0.0,0.0,5.311544,8.8
2025-02-22 14:00:00,0.0,0.0,0.0,5.3488317,8.9
2025-02-22 15:00:00,0.0,0.0,0.0,5.4134097,9.0
2025-02-22 16:00:00,0.0,0.0,0.0,5.506814,9.3
2025-02-22 17:00:00,0.0,0.0,0.0,5.6360445,9.4
2025-02-22 18:00:00,0.0,0.0,0.0,5.5346637,9.4
2025-02-22 19:00:00,0.0,0.0,0.0,5.412947,9.2
2025-02-22 20:00:00,0.0,0.0,0.0,5.7690988,9.8
2025-02-22 21:00:00,0.0,0.0,0.0,6.153251,10.4
2025-02-22 22:00:00,0.0,0.0,0.0,6.3612103,10.5
2025-02-22 23:00:00,0.0,0.0,0.0,6.3436975,10.4
2025-02-23 00:00:00,0.0,0.0,0.0,6.437585,10.5
2025-02-23 01:00:00,0.0,0.0,0.0,6.514983,10.9
2025-02-23 02:00:00,0.0,0.0,0.0,6.690479,11.0
2025-02-23 03:00:00,0.0,0.0,0.0,6.5736213,10.6
2025-02-23 04:00:00,0.0,0.0,0.0,6.161371,10.4
2025-02-23 05:00:00,0.0,0.0,0.0,6.3302846,11.0
2025-02-23 06:00:00,0.0,0.0,0.0,6.26598,10.2
2025-02-23 07:00:00,0.0,0.0,0.0,5.7491307,10.0
2025-02-23 08:00:00,0.0,0.0,0.0,5.4078646,9.7
2025-02-23 09:00:00,0.0,0.0,0.0,4.918587,8.5
2025-02-23 10:00:00,0.0,0.0,0.0,4.7278433,8.7
2025-02-23 11:00:00,0.0,0.0,0.0,4.870832,8.1
2025-02-23 12:00:00,0.0,0.0,0.0,4.94899,8.3
2025-02-23 13:00:00,0.0,0.0,0.0,4.6524186,7.1
2025-02-23 14:00:00,0.0,0.0,0.0,4.531004,6.5
2025-02-23 15:00:00,0.0,0.0,0.0,4.68188,7.1
2025-02-23 16:00:00,0.0,0.0,0.0,4.636,7.5
2025-02-23 17:00:00,0.0,0.0,0.0,4.5069394,8.0
2025-02-23 18:00:00,0.0,0.0,0.0,4.0635576,7.6
2025-02-23 19:00:00,0.0,0.0,0.0,3.6224992,6.0
2025-02-23 20:00:00,0.0,0.0,0.0,3.8684623,6.6
2025-02-23 21:00:00,0.0,0.0,0.0,4.315669,7.1
2025-02-23 22:00:00,0.0,0.0,0.0,3.9601135,6.7
2025-02-23 23:00:00,0.0,0.0,0.0,3.8939056,6.7
2025-02-24 00:00:00,0.0,0.0,0.0,4.3863425,7.0
2025-02-24 01:00:00,0.0,0.0,0.0,4.7877445,7.5
2025-02-24 02:00:00,0.0,0.0,0.0,4.819232,7.9
2025-02-24 03:00:00,0.0,0.0,0.0,5.217758,8.6
2025-02-24 04:00:00,0.0,0.0,0.0,5.385397,9.0
2025-02-24 05:00:00,0.0,0.0,0.0,5.3106027,9.4
2025-02-24 06:00:00,0.0,0.0,0.0,5.129571,9.9
2025-02-24 07:00:00,0.0,0.0,0.0,5.0559373,9.0
2025-02-24 08:00:00,0.0,0.0,0.0,5.1877255,9.0
2025-02-24 09:00:00,0.0,0.0,0.0,5.121035,9.0
2025-02-24 10:00:00,0.0,0.0,0.0,5.2661657,8.9
2025-02-24 11:00:00,0.0,0.0,0.0,5.303301,9.2
2025-02-24 12:00:00,0.0,0.0,0.0,4.4011364,8.0
2025-02-24 13:00:00,0.0,0.0,0.0,4.7214932,8.1
2025-02-24 14:00:00,0.0,0.0,0.0,5.001,8.5
2025-02-24 15:00:00,0.0,0.0,0.0,4.795049,8.2
2025-02-24 16:00:00,0.0,0.0,0.0,4.8052053,7.9
2025-02-24 17:00:00,0.0,0.0,0.0,4.579574,7.1
2025-02-24 18:00:00,0.0,0.0,0.0,4.219004,6.3
2025-02-24 19:00:00,0.0,0.0,0.0,3.9003205,6.5
2025-02-24 20:00:00,0.0,0.0,0.0,4.061096,6.7
2025-02-24 21:00:00,0.0,0.0,0.0,4.0028114,6.7
2025-02-24 22:00:00,0.0,0.0,0.0,3.5171013,5.3
2025-02-24 23:00:00,0.0,0.0,0.0,3.3109667,5.1
2025-02-25 00:00:00,0.0,0.0,0.0,2.9887288,4.9
2025-02-25 01:00:00,0.0,0.0,0.0,2.976995,4.4
2025-02-25 02:00:00,0.0,0.0,0.0,2.5831182,4.1
2025-02-25 03:00:00,0.0,0.0,0.0,2.4622145,3.6
2025-02-25 04:00:00,0.0,0.0,0.0,2.1100948,3.2
2025-02-25 05:00:00,0.2,0.2,0.0,1.7720045,3.1
2025-02-25 06:00:00,0.3,0.20000002,0.07,1.4764823,4.9
2025-02-25 07:00:00,0.3,0.10000001,0.14,1.2041595,2.2
2025-02-25 08:00:00,1.3,0.29999995,0.7,1.1236103,2.2
2025-02-25 09:00:00,0.2,0.1,0.07,0.6670832,1.7
2025-02-25 10:00:00,0.0,0.0,0.0,1.2619429,2.1
2025-02-25 11:00:00,0.0,0.0,0.0,0.9300538,1.0
2025-02-25 12:00:00,0.0,0.0,0.0,0.43011627,1.7
2025-02-25 13:00:00,0.0,0.0,0.0,0.715891,2.1
2025-02-25 14:00:00,0.0,0.0,0.0,1.1101801,1.8
2025-02-25 15:00:00,0.0,0.0,0.0,1.767767,2.0
2025-02-25 16:00:00,0.0,0.0,0.0,1.6101241,1.7
2025-02-25 17:00:00,0.0,0.0,0.0,1.104536,2.2
2025-02-25 18:00:00,0.0,0.0,0.0,0.68007356,1.9
2025-02-25 19:00:00,0.0,0.0,0.0,0.3354102,0.9
2025-02-25 20:00:00,0.0,0.0,0.0,1.1011358,2.0
2025-02-25 21:00:00,0.0,0.0,0.0,0.9192388,1.7
2025-02-25 22:00:00,0.0,0.0,0.0,1.3341664,1.7
2025-02-25 23:00:00,0.0,0.0,0.0,2.178302,4.1
2025-02-26 00:00:00,0.0,0.0,0.0,2.4129858,5.1
2025-02-26 01:00:00,0.0,0.0,0.0,2.7212129,5.3
2025-02-26 02:00:00,0.0,0.0,0.0,2.5480385,4.0
2025-02-26 03:00:00,0.0,0.0,0.0,2.8635643,3.8
2025-02-26 04:00:00,0.0,0.0,0.0,2.3547823,3.8
2025-02-26 05:00:00,0.0,0.0,0.0,2.1592824,3.4
2025-02-26 06:00:00,0.0,0.0,0.0,1.8337121,3.3
2025-02-26 07:00:00,0.0,0.0,0.0,1.8848077,3.8
2025-02-26 08:00:00,0.0,0.0,0.0,2.5223997,4.9
2025-02-26 09:00:00,0.0,0.0,0.0,3.494639,6.4
2025-02-26 10:00:00,0.0,0.0,0.0,4.702393,7.5
2025-02-26 11:00:00,0.1,0.0,0.07,5.287958,8.5
2025-02-26 12:00:00,0.1,0.0,0.07,6.8007355,11.6
2025-02-26 13:00:00,0.2,0.0,0.14,7.2718635,13.0
2025-02-26 14:00:00,0.1,0.0,0.07,7.520805,13.0
2025-02-26 15:00:00,0.0,0.0,0.0,7.126184,12.5
2025-02-26 16:00:00,0.0,0.0,0.0,6.9030786,12.4
2025-02-26 17:00:00,0.0,0.0,0.0,6.7839885,12.4
2025-02-26 18:00:00,0.0,0.0,0.0,6.7812243,12.2
2025-02-26 19:00:00,0.0,0.0,0.0,7.2630916,11.8
2025-02-26 20:00:00,0.0,0.0,0.0,7.091192,11.9
2025-02-26 21:00:00,0.0,0.0,0.0,7.1589108,11.4
2025-02-26 22:00:00,0.0,0.0,0.0,6.741662,11.0
2025-02-26 23:00:00,0.0,0.0,0.0,6.5086484,10.6
2025-02-27 00:00:00,0.0,0.0,0.0,6.350787,10.4
2025-02-27 01:00:00,0.0,0.0,0.0,5.9985414,10.3
2025-02-27 02:00:00,0.0,0.0,0.0,5.4502296,9.5
2025-02-27 03:00:00,0.0,0.0,0.0,5.366796,8.9
2025-02-27 04:00:00,0.0,0.0,0.0,5.6800084,9.9
2025-02-27 05:00:00,0.0,0.0,0.0,5.55,9.7
2025-02-27 06:00:00,0.0,0.0,0.0,5.460082,9.4
2025-02-27 07:00:00,0.0,0.0,0.0,5.4039335,9.7
2025-02-27 08:00:00,0.0,0.0,0.0,5.2924476,9.6
2025-02-27 09:00:00,0.0,0.0,0.0,5.186521,9.2
2025-02-27 10:00:00,0.0,0.0,0.0,4.850773,8.8
2025-02-27 11:00:00,0.0,0.0,0.0,4.3900456,6.8
2025-02-27 12:00:00,0.0,0.0,0.0,3.4539833,5.2
2025-02-27 13:00:00,0.0,0.0,0.0,3.231099,4.8
2025-02-27 14:00:00,0.0,0.0,0.0,3.3064332,4.9
2025-02-27 15:00:00,0.0,0.0,0.0,3.3533566,5.0
2025-02-27 16:00:00,0.0,0.0,0.0,3.5756116,5.4
2025-02-27 17:00:00,0.0,0.0,0.0,3.7643058,5.3
2025-02-27 18:00:00,0.0,0.0,0.0,3.662308,4.9
2025-02-27 19:00:00,0.0,0.0,0.0,3.6417713,5.8
2025-02-27 20:00:00,0.0,0.0,0.0,3.5556293,5.6
2025-02-27 21:00:00,0.0,0.0,0.0,3.3533564,5.2
2025-02-27 22:00:00,0.0,0.0,0.0,2.83593,4.6
2025-02-27 23:00:00,0.0,0.0,0.0,2.6405492,4.1
2025-02-28 00:00:00,0.0,0.0,0.0,2.1914608,3.3
2025-02-28 01:00:00,0.0,0.0,0.0,1.9293782,2.9
2025-02-28 02:00:00,0.0,0.0,0.0,2.0155644,3.1
2025-02-28 03:00:00,0.0,0.0,0.0,1.8027756,3.0
2025-02-28 04:00:00,0.0,0.0,0.0,2.3505318,3.4
2025-02-28 05:00:00,0.0,0.0,0.0,2.3632603,4.4
2025-02-28 06:00:00,0.0,0.0,0.0,2.6730134,5.4
2025-02-28 07:00:00,0.0,0.0,0.0,2.865746,5.3
2025-02-28 08:00:00,0.0,0.0,0.0,2.9004312,5.4
2025-02-28 09:00:00,0.0,0.0,0.0,2.9038768,5.1
2025-02-28 10:00:00,0.0,0.0,0.0,2.7073975,4.4
2025-02-28 11:00:00,0.0,0.0,0.0,2.5144582,3.5
2025-02-28 12:00:00,0.0,0.0,0.0,2.7041633,3.6
2025-02-28 13:00:00,0.0,0.0,0.0,2.8257742,3.8
2025-02-28 14:00:00,0.0,0.0,0.0,2.6617665,3.7
2025-02-28 15:00:00,0.0,0.0,0.0,2.5504901,3.6
2025-02-28 16:00:00,0.0,0.0,0.0,2.4505103,3.5
2025-02-28 17:00:00,0.0,0.0,0.0,2.2588713,3.5
2025-02-28 18:00:00,0.0,0.0,0.0,2.158703,3.4
2025-02-28 19:00:00,0.0,0.0,0.0,2.2321515,3.6
2025-02-28 20:00:00,0.0,0.0,0.0,2.280351,3.5
2025-02-28 21:00:00,0.0,0.0,0.0,2.304886,3.6
2025-02-28 22:00:00,0.0,0.0,0.0,2.5005,3.6
2025-02-28 23:00:00,0.0,0.0,0.0,2.4748738,3.4
2025-03-01 00:00:00,0.0,0.0,0.0,2.433105,3.5
2025-03-01 01:00:00,0.0,0.0,0.0,2.570992,3.7
2025-03-01 02:00:00,0.0,0.0,0.0,2.6580067,3.8
2025-03-01 03:00:00,0.0,0.0,0.0,2.9094672,4.4
2025-03-01 04:00:00,0.0,0.0,0.0,3.2962098,5.1
2025-03-01 05:00:00,0.0,0.0,0.0,3.0207615,5.8
2025-03-01 06:00:00,0.0,0.0,0.0,3.0413814,6.1
2025-03-01 07:00:00,0.0,0.0,0.0,3.0700164,5.9
2025-03-01 08:00:00,0.0,0.0,0.0,3.1642535,6.0
2025-03-01 09:00:00,0.0,0.0,0.0,3.2070236,5.9
2025-03-01 10:00:00,0.0,0.0,0.0,3.25,5.6
2025-03-01 11:00:00,0.0,0.0,0.0,2.8991377,4.9
2025-03-01 12:00:00,0.0,0.0,0.0,2.745906,4.7
2025-03-01 13:00:00,0.0,0.0,0.0,2.8151376,4.8
2025-03-01 14:00:00,0.0,0.0,0.0,2.8844411,5.0
2025-03-01 15:00:00,0.0,0.0,0.0,2.857009,4.9
2025-03-01 16:00:00,0.0,0.0,0.0,2.6627054,4.6
2025-03-01 17:00:00,0.0,0.0,0.0,2.4703238,4.3
2025-03-01 18:00:00,0.0,0.0,0.0,2.3200216,3.9
2025-03-01 19:00:00,0.0,0.0,0.0,2.2901967,3.5
2025-03-01 20:00:00,0.0,0.0,0.0,2.4703238,3.8
2025-03-01 21:00:00,0.0,0.0,0.0,2.7322152,4.5
2025-03-01 22:00:00,0.0,0.0,0.0,2.6004808,4.2
2025-03-01 23:00:00,0.0,0.0,0.0,2.1708293,3.6
2025-03-02 00:00:00,0.0,0.0,0.0,1.8034688,3.0
2025-03-02 01:00:00,0.0,0.0,0.0,1.6507574,2.6
2025-03-02 02:00:00,0.0,0.0,0.0,1.8027756,2.6
2025-03-02 03:00:00,0.0,0.0,0.0,1.7613915,3.3
2025-03-02 04:00:00,0.0,0.0,0.0,1.4577379,3.2
2025-03-02 05:00:00,0.0,0.0,0.0,1.3462912,3.3
2025-03-02 06:00:00,0.0,0.0,0.0,1.3341664,3.5
2025-03-02 07:00:00,0.0,0.0,0.0,1.3038404,3.6
2025-03-02 08:00:00,0.0,0.0,0.0,1.2509996,3.4
2025-03-02 09:00:00,0.0,0.0,0.0,1.1543397,2.9
2025-03-02 10:00:00,0.0,0.0,0.0,1.2747549,2.1
2025-03-02 11:00:00,0.0,0.0,0.0,1.5231546,2.4
2025-03-02 12:00:00,0.0,0.0,0.0,2.7170758,2.8
2025-03-02 13:00:00,0.0,0.0,0.0,3.4003677,3.6
2025-03-02 14:00:00,0.0,0.0,0.0,3.354102,4.0
2025-03-02 15:00:00,0.0,0.0,0.0,2.8178005,4.1
2025-03-02 16:00:00,0.0,0.0,0.0,2.4377244,3.9
2025-03-02 17:00:00,0.0,0.0,0.0,2.5283394,3.8
2025-03-02 18:00:00,0.0,0.0,0.0,2.6856098,4.0
2025-03-02 19:00:00,0.0,0.0,0.0,2.7280946,4.2
2025-03-02 20:00:00,0.0,0.0,0.0,2.863564,4.5
2025-03-02 21:00:00,0.0,0.0,0.0,2.9618406,4.8
2025-03-02 22:00:00,0.0,0.0,0.0,2.9154758,4.9
2025-03-02 23:00:00,0.0,0.0,0.0,2.9295902,5.0
2025-03-03 00:00:00,0.0,0.0,0.0,3.0417922,5.3
2025-03-03 01:00:00,0.0,0.0,0.0,3.1384711,5.6
2025-03-03 02:00:00,0.0,0.0,0.0,3.2962098,5.9
2025-03-03 03:00:00,0.0,0.0,0.0,3.65821,6.5
2025-03-03 04:00:00,0.0,0.0,0.0,3.8694315,6.9
2025-03-03 05:00:00,0.0,0.0,0.0,4.0746164,7.1
2025-03-03 06:00:00,0.0,0.0,0.0,4.1146083,7.4
2025-03-03 07:00:00,0.0,0.0,0.0,3.965476,6.8
2025-03-03 08:00:00,0.0,0.0,0.0,3.6704903,6.5
2025-03-03 09:00:00,0.0,0.0,0.0,3.6359317,6.2
2025-03-03 10:00:00,0.0,0.0,0.0,3.5640566,5.5
2025-03-03 11:00:00,0.0,0.0,0.0,3.2202482,4.9
2025-03-03 12:00:00,0.0,0.0,0.0,3.1004033,4.8
2025-03-03 13:00:00,0.0,0.0,0.0,2.9698482,4.7
2025-03-03 14:00:00,0.0,0.0,0.0,2.9538112,4.3
2025-03-03 15:00:00,0.1,0.0,0.07,2.8969812,3.9
2025-03-03 16:00:00,0.2,0.0,0.14,2.912473,3.6
2025-03-03 17:00:00,0.3,0.0,0.21000001,3.2638168,4.0
2025-03-03 18:00:00,0.4,0.0,0.28,3.9147158,5.7
2025-03-03 19:00:00,0.3,0.0,0.21000001,4.675468,7.7
2025-03-03 20:00:00,0.2,0.0,0.14,4.7793827,7.9
2025-03-03 21:00:00,0.1,0.0,0.07,4.5343137,7.7
2025-03-03 22:00:00,0.0,0.0,0.0,5.127621,7.6
2025-03-03 23:00:00,0.0,0.0,0.0,4.9819674,7.4
2025-03-04 00:00:00,0.0,0.0,0.0,4.634922,6.6
2025-03-04 01:00:00,0.0,0.0,0.0,4.821307,7.5
2025-03-04 02:00:00,0.0,0.0,0.0,4.701064,8.4
2025-03-04 03:00:00,0.0,0.0,0.0,4.506939,8.1
2025-03-04 04:00:00,0.0,0.0,0.0,4.294182,7.7
2025-03-04 05:00:00,0.0,0.0,0.0,4.361766,7.8
2025-03-04 06:00:00,0.0,0.0,0.0,4.2059484,7.5
2025-03-04 07:00:00,0.0,0.0,0.0,4.0512342,7.7
2025-03-04 08:00:00,0.0,0.0,0.0,3.8418746,7.3
2025-03-04 09:00:00,0.0,0.0,0.0,3.8013155,7.1
2025-03-04 10:00:00,0.0,0.0,0.0,4.4376235,7.3
2025-03-04 11:00:00,0.0,0.0,0.0,4.396021,7.2
2025-03-04 12:00:00,0.0,0.0,0.0,3.8425252,5.6
2025-03-04 13:00:00,0.0,0.0,0.0,3.6034706,5.7
2025-03-04 14:00:00,0.0,0.0,0.0,3.7396524,5.7
2025-03-04 15:00:00,0.0,0.0,0.0,4.1503015,6.6
2025-03-04 16:00:00,0.0,0.0,0.0,4.6179,7.6
2025-03-04 17:00:00,0.0,0.0,0.0,4.966135,8.4
2025-03-04 18:00:00,0.0,0.0,0.0,5.187726,8.5
2025-03-04 19:00:00,0.0,0.0,0.0,5.3851647,9.0
2025-03-04 20:00:00,0.1,0.0,0.07,5.589499,9.3
2025-03-04 21:00:00,0.1,0.0,0.07,5.9703436,10.2
2025-03-04 22:00:00,0.1,0.0,0.07,6.4747586,10.7
2025-03-04 23:00:00,0.1,0.0,0.07,6.309715,10.4
2025-03-05 00:00:00,0.1,0.0,0.07,6.171102,10.1
2025-03-05 01:00:00,0.1,0.0,0.07,5.8830266,9.7
2025-03-05 02:00:00,0.1,0.0,0.07,5.6870465,9.5
2025-03-05 03:00:00,0.1,0.0,0.07,5.6127086,9.4
2025-03-05 04:00:00,0.0,0.0,0.0,5.5946403,9.5
2025-03-05 05:00:00,0.0,0.0,0.0,5.7775426,10.0
2025-03-05 06:00:00,0.0,0.0,0.0,6.041523,10.6
2025-03-05 07:00:00,0.0,0.0,0.0,6.204232,11.2
2025-03-05 08:00:00,0.0,0.0,0.0,6.2962294,11.0
2025-03-05 09:00:00,0.0,0.0,0.0,5.9808025,9.9
2025-03-05 10:00:00,0.0,0.0,0.0,6.1355524,9.2
2025-03-05 11:00:00,0.0,0.0,0.0,5.0499997,8.3
2025-03-05 12:00:00,0.0,0.0,0.0,4.551099,8.0
2025-03-05 13:00:00,0.0,0.0,0.0,4.504442,8.1
2025-03-05 14:00:00,0.0,0.0,0.0,4.7095647,8.3
2025-03-05 15:00:00,0.0,0.0,0.0,4.682414,8.3
2025-03-05 16:00:00,0.1,0.0,0.07,4.72705,8.2
2025-03-05 17:00:00,0.1,0.0,0.07,4.8931074,8.5
2025-03-05 18:00:00,0.1,0.0,0.07,5.1906166,8.9
2025-03-05 19:00:00,0.0,0.0,0.0,5.4692326,9.3
2025-03-05 20:00:00,0.0,0.0,0.0,5.7974133,9.8
2025-03-05 21:00:00,0.1,0.0,0.07,6.1045065,10.4
2025-03-05 22:00:00,0.2,0.0,0.14,6.831178,11.1
2025-03-05 23:00:00,0.4,0.0,0.28,7.036512,11.7
2025-03-06 00:00:00,0.6,0.0,0.42000002,7.2532754,12.1
2025-03-06 01:00:00,0.7,0.0,0.48999998,6.995177,12.0
2025-03-06 02:00:00,0.6,0.0,0.42000002,6.5069194,11.4
2025-03-06 03:00:00,0.5,0.0,0.35,6.053098,10.7
2025-03-06 04:00:00,0.2,0.0,0.14,5.797629,10.4
2025-03-06 05:00:00,0.1,0.0,0.07,5.5652943,10.0
2025-03-06 06:00:00,0.1,0.0,0.07,6.5821733,12.3
2025-03-06 07:00:00,0.2,0.0,0.14,6.9180923,12.1
2025-03-06 08:00:00,0.6,0.0,0.42000002,6.253199,10.9
2025-03-06 09:00:00,0.6,0.0,0.42000002,6.2,10.3
2025-03-06 10:00:00,0.4,0.0,0.28,6.4001956,11.0
2025-03-06 11:00:00,0.2,0.0,0.14,5.8576875,10.1
2025-03-06 12:00:00,0.1,0.0,0.07,4.8168974,8.5
2025-03-06 13:00:00,0.1,0.0,0.07,4.411632,7.9
2025-03-06 14:00:00,0.0,0.0,0.0,4.673596,7.8
2025-03-06 15:00:00,0.1,0.0,0.07,4.9648767,8.3
2025-03-06 16:00:00,0.1,0.0,0.07,5.4094825,9.2
2025-03-06 17:00:00,0.1,0.0,0.07,5.8105507,9.9
2025-03-06 18:00:00,0.1,0.0,0.07,5.8798385,10.0
2025-03-06 19:00:00,0.1,0.0,0.07,5.7560835,9.9
2025-03-06 20:00:00,0.1,0.0,0.07,5.7454333,9.9
2025-03-06 21:00:00,0.1,0.0,0.07,5.8591805,10.1
2025-03-06 22:00:00,0.1,0.0,0.07,6.3906183,10.2
2025-03-06 23:00:00,0.1,0.0,0.07,6.2227407,9.9
2025-03-07 00:00:00,0.0,0.0,0.0,5.942432,9.6
2025-03-07 01:00:00,0.0,0.0,0.0,5.639592,9.3
2025-03-07 02:00:00,0.0,0.0,0.0,5.4207935,9.1
2025-03-07 03:00:00,0.0,0.0,0.0,5.311544,8.7
2025-03-07 04:00:00,0.0,0.0,0.0,5.408558,9.5
2025-03-07 05:00:00,0.0,0.0,0.0,5.59017,9.8
2025-03-07 06:00:00,0.0,0.0,0.0,5.4619136,10.0
2025-03-07 07:00:00,0.0,0.0,0.0,5.4619136,9.6
2025-03-07 08:00:00,0.0,0.0,0.0,5.2196746,9.4
2025-03-07 09:00:00,0.0,0.0,0.0,4.9365983,8.8
2025-03-07 10:00:00,0.0,0.0,0.0,4.491102,8.2
2025-03-07 11:00:00,0.0,0.0,0.0,4.237924,7.4
2025-03-07 12:00:00,0.0,0.0,0.0,3.782195,6.0
2025-03-07 13:00:00,0.0,0.0,0.0,3.535534,5.8
2025-03-07 14:00:00,0.0,0.0,0.0,3.8013155,6.0
2025-03-07 15:00:00,0.0,0.0,0.0,3.9147158,6.2
2025-03-07 16:00:00,0.0,0.0,0.0,3.7124789,6.0
2025-03-07 17:00:00,0.0,0.0,0.0,3.2202485,5.3
2025-03-07 18:00:00,0.0,0.0,0.0,2.8301945,4.7
2025-03-07 19:00:00,0.0,0.0,0.0,2.8111386,4.3
2025-03-07 20:00:00,0.0,0.0,0.0,2.7225907,4.1
2025-03-07 21:00:00,0.0,0.0,0.0,2.5869868,3.9
2025-03-07 22:00:00,0.0,0.0,0.0,2.0130823,3.8
2025-03-07 23:00:00,0.0,0.0,0.0,1.718284,3.3
2025-03-08 00:00:00,0.0,0.0,0.0,1.9811614,3.0
2025-03-08 01:00:00,0.0,0.0,0.0,1.7755281,3.1
2025-03-08 02:00:00,0.0,0.0,0.0,1.9811614,3.4
2025-03-08 03:00:00,0.0,0.0,0.0,2.1505814,3.8
2025-03-08 04:00:00,0.0,0.0,0.0,2.385372,4.2
2025-03-08 05:00:00,0.0,0.0,0.0,2.2610838,4.8
2025-03-08 06:00:00,0.0,0.0,0.0,2.25,5.3
2025-03-08 07:00:00,0.1,0.0,0.07,2.3753946,4.7
2025-03-08 08:00:00,0.1,0.0,0.07,2.624881,4.9
2025-03-08 09:00:00,0.1,0.0,0.07,2.804015,4.9
2025-03-08 10:00:00,0.1,0.0,0.07,2.6476402,4.5
2025-03-08 11:00:00,0.2,0.0,0.14,2.5811818,4.3
2025-03-08 12:00:00,0.2,0.0,0.14,3.1148837,5.1
2025-03-08 13:00:00,0.3,0.0,0.21000001,3.324154,5.6
2025-03-08 14:00:00,0.4,0.0,0.28,3.7161808,6.2
2025-03-08 15:00:00,0.4,0.0,0.28,4.026475,6.7
2025-03-08 16:00:00,0.4,0.0,0.28,4.370927,7.5
2025-03-08 17:00:00,0.3,0.0,0.21000001,4.776243,8.5
2025-03-08 18:00:00,0.2,0.0,0.14,5.1739736,9.6
2025-03-08 19:00:00,0.3,0.0,0.21000001,5.3823786,9.8
2025-03-08 20:00:00,0.3,0.0,0.21000001,5.5394044,10.3
2025-03-08 21:00:00,0.3,0.0,0.21000001,5.6797886,10.2
2025-03-08 22:00:00,0.2,0.0,0.14,5.8148518,10.1
2025-03-08 23:00:00,0.1,0.0,0.07,5.6731825,9.8
2025-03-09 00:00:00,0.1,0.0,0.07,5.661272,9.8
2025-03-09 01:00:00,0.1,0.0,0.07,5.3677278,9.3
2025-03-09 02:00:00,0.2,0.0,0.14,4.90408,8.4
2025-03-09 03:00:00,0.2,0.0,0.14,4.8093657,8.2
2025-03-09 04:00:00,0.1,0.0,0.07,4.973178,8.9
2025-03-09 05:00:00,0.1,0.0,0.07,4.9520197,8.9
2025-03-09 06:00:00,0.0,0.0,0.0,4.583939,8.5
2025-03-09 07:00:00,0.0,0.0,0.0,4.4601007,8.3
2025-03-09 08:00:00,0.0,0.0,0.0,4.4936066,8.3
2025-03-09 09:00:00,0.0,0.0,0.0,4.6179,8.4
2025-03-09 10:00:00,0.0,0.0,0.0,4.8954062,8.8
2025-03-09 11:00:00,0.0,0.0,0.0,5.0537114,9.2
2025-03-09 12:00:00,0.0,0.0,0.0,4.701064,8.2
2025-03-09 13:00:00,0.0,0.0,0.0,4.1355166,6.8
2025-03-09 14:00:00,0.0,0.0,0.0,4.273757,7.0
2025-03-09 15:00:00,0.0,0.0,0.0,4.0512347,6.0
2025-03-09 16:00:00,0.0,0.0,0.0,3.677295,5.7
2025-03-09 17:00:00,0.0,0.0,0.0,4.095424,5.8
2025-03-09 18:00:00,0.0,0.0,0.0,4.0249224,5.7
2025-03-09 19:00:00,0.0,0.0,0.0,4.2605753,6.7
2025-03-09 20:00:00,0.0,0.0,0.0,4.419559,7.0
2025-03-09 21:00:00,0.0,0.0,0.0,4.609772,7.4
2025-03-09 22:00:00,0.1,0.0,0.07,4.856439,8.0
2025-03-09 23:00:00,0.2,0.0,0.14,5.574271,8.7
2025-03-10 00:00:00,0.4,0.0,0.28,6.1326995,9.7
2025-03-10 01:00:00,0.6,0.0,0.42000002,6.865311,10.8
2025-03-10 02:00:00,0.5,0.0,0.35,7.3242745,11.7
2025-03-10 03:00:00,0.3,0.0,0.21000001,7.5716577,12.0
2025-03-10 04:00:00,0.2,0.0,0.14,7.543209,12.0
2025-03-10 05:00:00,0.2,0.0,0.14,7.25,11.0
2025-03-10 06:00:00,0.1,0.0,0.07,6.3294945,11.5
2025-03-10 07:00:00,0.1,0.0,0.07,6.1214786,10.7
2025-03-10 08:00:00,0.1,0.0,0.07,5.928111,10.1
2025-03-10 09:00:00,0.1,0.0,0.07,5.9033885,9.7
2025-03-10 10:00:00,0.0,0.0,0.0,5.882177,9.9
2025-03-10 11:00:00,0.0,0.0,0.0,5.942432,10.0
2025-03-10 12:00:00,0.0,0.0,0.0,5.561025,9.4
2025-03-10 13:00:00,0.0,0.0,0.0,5.5915117,9.2
2025-03-10 14:00:00,0.0,0.0,0.0,5.7019734,9.3
2025-03-10 15:00:00,0.0,0.0,0.0,5.894489,9.5
2025-03-10 16:00:00,0.1,0.0,0.07,6.074537,9.6
2025-03-10 17:00:00,0.1,0.0,0.07,5.990826,9.5
2025-03-10 18:00:00,0.0,0.0,0.0,5.8249464,9.2
2025-03-10 19:00:00,0.2,0.0,0.14,5.7142363,9.8
2025-03-10 20:00:00,0.1,0.0,0.07,5.491812,9.4
2025-03-10 21:00:00,0.3,0.0,0.21000001,5.3275228,9.0
2025-03-10 22:00:00,0.1,0.0,0.07,5.478367,8.4
2025-03-10 23:00:00,0.0,0.0,0.0,5.2737556,7.9
2025-03-11 00:00:00,0.0,0.0,0.0,4.9335585,7.5
2025-03-11 01:00:00,0.1,0.0,0.07,4.9962487,7.4
2025-03-11 02:00:00,0.1,0.0,0.07,4.521338,6.6
2025-03-11 03:00:00,0.1,0.0,0.07,4.273757,6.0
2025-03-11 04:00:00,0.0,0.0,0.0,3.9003205,6.2
2025-03-11 05:00:00,0.0,0.0,0.0,3.9852855,6.0
2025-03-11 06:00:00,0.0,0.0,0.0,3.6417713,6.7
2025-03-11 07:00:00,0.0,0.0,0.0,3.0004168,5.8
2025-03-11 08:00:00,0.0,0.0,0.0,2.804015,5.6
2025-03-11 09:00:00,0.0,0.0,0.0,2.8376927,5.5
2025-03-11 10:00:00,0.0,0.0,0.0,2.804015,5.4
2025-03-11 11:00:00,0.0,0.0,0.0,2.6162949,4.9
2025-03-11 12:00:00,0.0,0.0,0.0,2.1095023,3.7
2025-03-11 13:00:00,0.0,0.0,0.0,2.100595,3.2
2025-03-11 14:00:00,0.0,0.0,0.0,2.2627418,3.3
2025-03-11 15:00:00,0.0,0.0,0.0,2.2327113,3.4
2025-03-11 16:00:00,0.0,0.0,0.0,2.2847319,3.6
2025-03-11 17:00:00,0.0,0.0,0.0,2.4515302,3.9
2025-03-11 18:00:00,0.0,0.0,0.0,2.5019991,4.1
2025-03-11 19:00:00,0.0,0.0,0.0,2.6575365,4.3
2025-03-11 20:00:00,0.0,0.0,0.0,2.6967573,4.7
2025-03-11 21:00:00,0.0,0.0,0.0,2.7060118,4.8
2025-03-11 22:00:00,0.0,0.0,0.0,2.3307724,4.7
2025-03-11 23:00:00,0.0,0.0,0.0,2.3032584,4.8
2025-03-12 00:00:00,0.0,0.0,0.0,2.5268557,4.9
2025-03-12 01:00:00,0.0,0.0,0.0,2.7504544,4.9
2025-03-12 02:00:00,0.0,0.0,0.0,2.8900692,4.9
2025-03-12 03:00:00,0.0,0.0,0.0,2.9702694,4.9
2025-03-12 04:00:00,0.0,0.0,0.0,2.8319604,4.9
2025-03-12 05:00:00,0.0,0.0,0.0,2.795085,4.8
2025-03-12 06:00:00,0.0,0.0,0.0,2.710166,4.8
2025-03-12 07:00:00,0.0,0.0,0.0,2.6856098,5.1
2025-03-12 08:00:00,0.0,0.0,0.0,2.7354157,5.1
2025-03-12 09:00:00,0.0,0.0,0.0,2.9347062,5.4
2025-03-12 10:00:00,0.0,0.0,0.0,3.0004165,5.6
2025-03-12 11:00:00,0.0,0.0,0.0,2.8017852,5.3
2025-03-12 12:00:00,0.0,0.0,0.0,2.4505103,4.3
2025-03-12 13:00:00,0.0,0.0,0.0,2.55,4.3
2025-03-12 14:00:00,0.0,0.0,0.0,2.804015,5.0
2025-03-12 15:00:00,0.0,0.0,0.0,3.1100643,5.6
2025-03-12 16:00:00,0.0,0.0,0.0,3.4132097,5.9
2025-03-12 17:00:00,0.0,0.0,0.0,3.6503425,6.4
2025-03-12 18:00:00,0.0,0.0,0.0,3.8964727,6.9
2025-03-12 19:00:00,0.0,0.0,0.0,4.1188593,6.7
2025-03-12 20:00:00,0.0,0.0,0.0,4.292144,7.0
2025-03-12 21:00:00,0.0,0.0,0.0,4.4726944,7.5
2025-03-12 22:00:00,0.0,0.0,0.0,5.2368884,8.0
2025-03-12 23:00:00,0.0,0.0,0.0,5.4030085,8.2
2025-03-13 00:00:00,0.0,0.0,0.0,5.3844686,8.3
2025-03-13 01:00:00,0.0,0.0,0.0,5.5011363,8.7
2025-03-13 02:00:00,0.0,0.0,0.0,5.4722023,9.0
2025-03-13 03:00:00,0.0,0.0,0.0,5.542788,9.1
2025-03-13 04:00:00,0.0,0.0,0.0,5.602901,8.9
2025-03-13 05:00:00,0.0,0.0,0.0,5.8330956,9.9
2025-03-13 06:00:00,0.0,0.0,0.0,5.9960403,10.1
2025-03-13 07:00:00,0.0,0.0,0.0,6.058259,10.4
2025-03-13 08:00:00,0.0,0.0,0.0,6.0440054,10.2
2025-03-13 09:00:00,0.0,0.0,0.0,5.886,10.0
2025-03-13 10:00:00,0.0,0.0,0.0,5.7238536,9.3
2025-03-13 11:00:00,0.0,0.0,0.0,5.6320515,9.4
2025-03-13 12:00:00,0.0,0.0,0.0,5.5700088,9.2
2025-03-13 13:00:00,0.0,0.0,0.0,5.4600825,9.1
2025-03-13 14:00:00,0.0,0.0,0.0,5.3781967,9.1
2025-03-13 15:00:00,0.0,0.0,0.0,5.3983793,8.9
2025-03-13 16:00:00,0.0,0.0,0.0,5.3600373,8.8
2025-03-13 17:00:00,0.0,0.0,0.0,5.227332,8.6
2025-03-13 18:00:00,0.0,0.0,0.0,5.144171,8.5
2025-03-13 19:00:00,0.0,0.0,0.0,5.2630787,8.7
2025-03-13 20:00:00,0.0,0.0,0.0,5.2756515,8.8
2025-03-13 21:00:00,0.0,0.0,0.0,5.2024035,8.7
2025-03-13 22:00:00,0.0,0.0,0.0,5.4571056,8.5
2025-03-13 23:00:00,0.0,0.0,0.0,5.426094,8.5
2025-03-14 00:00:00,0.0,0.0,0.0,5.3781967,8.5
2025-03-14 01:00:00,0.0,0.0,0.0,5.3303375,8.4
2025-03-14 02:00:00,0.0,0.0,0.0,5.345091,8.5
2025-03-14 03:00:00,0.0,0.0,0.0,5.249762,8.5
2025-03-14 04:00:00,0.0,0.0,0.0,5.1662364,8.4
2025-03-14 05:00:00,0.0,0.0,0.0,5.4589376,8.6
2025-03-14 06:00:00,0.0,0.0,0.0,5.30495,8.5
2025-03-14 07:00:00,0.0,0.0,0.0,5.34813,9.3
2025-03-14 08:00:00,0.0,0.0,0.0,5.2661657,9.1
2025-03-14 09:00:00,0.3,0.0,0.21000001,4.9962487,8.5
2025-03-14 10:00:00,0.1,0.0,0.07,5.0818305,8.3
2025-03-14 11:00:00,0.0,0.0,0.0,4.890041,8.0
2025-03-14 12:00:00,0.0,0.0,0.0,4.69308,7.7
2025-03-14 13:00:00,0.0,0.0,0.0,4.403692,7.1
2025-03-14 14:00:00,0.0,0.0,0.0,3.8832974,6.5
2025-03-14 15:00:00,0.0,0.0,0.0,3.5106978,5.9
2025-03-14 16:00:00,0.0,0.0,0.0,3.2163644,5.3
2025-03-14 17:00:00,0.0,0.0,0.0,2.8376927,4.9
2025-03-14 18:00:00,0.0,0.0,0.0,2.376973,4.5
2025-03-14 19:00:00,0.0,0.0,0.0,2.1505814,3.6
2025-03-14 20:00:00,0.0,0.0,0.0,1.8580904,3.2
2025-03-14 21:00:00,0.0,0.0,0.0,1.5132746,2.6
2025-03-14 22:00:00,0.0,0.0,0.0,1.6568041,2.9
2025-03-14 23:00:00,0.0,0.0,0.0,1.6530275,3.1
2025-03-15 00:00:00,0.0,0.0,0.0,1.5700318,3.0
2025-03-15 01:00:00,0.0,0.0,0.0,1.4807093,2.9
2025-03-15 02:00:00,0.0,0.0,0.0,1.4508619,3.2
2025-03-15 03:00:00,0.0,0.0,0.0,1.7356555,3.5
2025-03-15 04:00:00,0.0,0.0,0.0,1.7117243,3.7
2025-03-15 05:00:00,0.0,0.0,0.0,1.7846568,4.0
2025-03-15 06:00:00,0.0,0.0,0.0,2.0124612,4.1
2025-03-15 07:00:00,0.0,0.0,0.0,2.2472205,4.1
2025-03-15 08:00:00,0.0,0.0,0.0,2.1731312,4.1
2025-03-15 09:00:00,0.0,0.0,0.0,2.3537204,4.0
2025-03-15 10:00:00,0.0,0.0,0.0,2.7,4.5
2025-03-15 11:00:00,0.0,0.0,0.0,2.5739074,4.5
2025-03-15 12:00:00,0.0,0.0,0.0,2.6315393,4.3
2025-03-15 13:00:00,0.0,0.0,0.0,2.8635643,4.6
2025-03-15 14:00:00,0.0,0.0,0.0,3.1575305,5.0
2025-03-15 15:00:00,0.0,0.0,0.0,3.384154,5.6
2025-03-15 16:00:00,0.0,0.0,0.0,3.7593217,6.2
2025-03-15 17:00:00,0.0,0.0,0.0,3.9373214,6.6
2025-03-15 18:00:00,0.0,0.0,0.0,4.0577087,6.9
2025-03-15 19:00:00,0.0,0.0,0.0,4.150301,7.1
2025-03-15 20:00:00,0.0,0.0,0.0,4.208622,7.0
2025-03-15 21:00:00,0.0,0.0,0.0,4.0770698,7.0
2025-03-15 22:00:00,0.0,0.0,0.0,4.1967254,7.1
2025-03-15 23:00:00,0.0,0.0,0.0,4.3832064,7.4
2025-03-16 00:00:00,0.0,0.0,0.0,4.8746796,7.6
2025-03-16 01:00:00,0.0,0.0,0.0,4.7169905,7.7
2025-03-16 02:00:00,0.0,0.0,0.0,4.6154633,7.9
2025-03-16 03:00:00,0.0,0.0,0.0,4.642467,8.2
2025-03-16 04:00:00,0.0,0.0,0.0,4.6703854,8.4
2025-03-16 05:00:00,0.0,0.0,0.0,4.9862313,8.1
2025-03-16 06:00:00,0.0,0.0,0.0,4.8869724,8.4
2025-03-16 07:00:00,0.0,0.0,0.0,5.2194347,8.7
2025-03-16 08:00:00,0.0,0.0,0.0,5.023196,8.5
2025-03-16 09:00:00,0.0,0.0,0.0,5.0818305,8.4
2025-03-16 10:00:00,0.0,0.0,0.0,5.284411,8.1
2025-03-16 11:00:00,0.0,0.0,0.0,5.66083,8.7
2025-03-16 12:00:00,0.0,0.0,0.0,5.4392095,8.5
2025-03-16 13:00:00,0.0,0.0,0.0,5.23474,8.4
2025-03-16 14:00:00,0.0,0.0,0.0,5.311544,8.6
2025-03-16 15:00:00,0.0,0.0,0.0,5.4692326,9.0
2025-03-16 16:00:00,0.0,0.0,0.0,5.5056787,9.1
2025-03-16 17:00:00,0.0,0.0,0.0,5.3723826,8.8
2025-03-16 18:00:00,0.0,0.0,0.0,5.3240023,8.9
2025-03-16 19:00:00,0.0,0.0,0.0,5.4465585,9.0
2025-03-16 20:00:00,0.0,0.0,0.0,5.5430136,9.2
2025-03-16 21:00:00,0.0,0.0,0.0,5.3928194,9.0
2025-03-16 22:00:00,0.0,0.0,0.0,5.9960403,9.2
2025-03-16 23:00:00,0.0,0.0,0.0,6.2331777,9.8
2025-03-17 00:00:00,0.0,0.0,0.0,6.2331777,10.4
2025-03-17 01:00:00,0.0,0.0,0.0,6.3186235,10.8
2025-03-17 02:00:00,0.0,0.0,0.0,6.5247602,10.9
2025-03-17 03:00:00,0.0,0.0,0.0,6.767016,11.1
2025-03-17 04:00:00,0.0,0.0,0.0,6.8963757,11.4
2025-03-17 05:00:00,0.0,0.0,0.0,6.944242,11.4
2025-03-17 06:00:00,0.0,0.0,0.0,6.9889197,11.3
2025-03-17 07:00:00,0.0,0.0,0.0,7.0530133,11.5
2025-03-17 08:00:00,0.0,0.0,0.0,7.1044,11.9
2025-03-17 09:00:00,0.0,0.0,0.0,7.0973587,11.8
2025-03-17 10:00:00,0.0,0.0,0.0,7.0445013,11.6
2025-03-17 11:00:00,0.0,0.0,0.0,7.2001734,11.6
2025-03-17 12:00:00,0.0,0.0,0.0,7.2001734,11.7
2025-03-17 13:00:00,0.0,0.0,0.0,6.823672,10.9
2025-03-17 14:00:00,0.0,0.0,0.0,6.0878983,9.9
2025-03-17 15:00:00,0.0,0.0,0.0,5.7502174,9.6
2025-03-17 16:00:00,0.0,0.0,0.0,5.9093146,9.7
2025-03-17 17:00:00,0.0,0.0,0.0,5.975366,10.0
2025-03-17 18:00:00,0.0,0.0,0.0,5.926635,10.1
2025-03-17 19:00:00,0.0,0.0,0.0,5.60803,9.3
2025-03-17 20:00:00,0.0,0.0,0.0,5.4023147,8.9
2025-03-17 21:00:00,0.0,0.0,0.0,5.3471956,8.7
2025-03-17 22:00:00,0.0,0.0,0.0,5.283938,8.6
2025-03-17 23:00:00,0.0,0.0,0.0,4.968148,8.2
2025-03-18 00:00:00,0.0,0.0,0.0,4.7423625,7.4
2025-03-18 01:00:00,0.0,0.0,0.0,4.447752,7.1
2025-03-18 02:00:00,0.0,0.0,0.0,4.574112,7.5
2025-03-18 03:00:00,0.0,0.0,0.0,4.9729266,8.4
2025-03-18 04:00:00,0.0,0.0,0.0,5.3600373,9.1
2025-03-18 05:00:00,0.0,0.0,0.0,5.687926,9.6
2025-03-18 06:00:00,0.0,0.0,0.0,6.1540637,10.1
2025-03-18 07:00:00,0.0,0.0,0.0,6.3265314,10.5
2025-03-18 08:00:00,0.0,0.0,0.0,6.44748,10.5
2025-03-18 09:00:00,0.0,0.0,0.0,6.2769423,10.4
2025-03-18 10:00:00,0.0,0.0,0.0,6.648308,10.3
2025-03-18 11:00:00,0.0,0.0,0.0,6.467805,10.1
2025-03-18 12:00:00,0.0,0.0,0.0,6.230971,9.8
2025-03-18 13:00:00,0.0,0.0,0.0,6.030133,9.6
2025-03-18 14:00:00,0.0,0.0,0.0,5.942432,9.7
2025-03-18 15:00:00,0.0,0.0,0.0,5.784678,9.7
2025-03-18 16:00:00,0.0,0.0,0.0,5.6269436,9.5
2025-03-18 17:00:00,0.0,0.0,0.0,5.4207935,9.3
2025-03-18 18:00:00,0.0,0.0,0.0,5.2630787,9.0
2025-03-18 19:00:00,0.0,0.0,0.0,5.082568,8.4
2025-03-18 20:00:00,0.0,0.0,0.0,4.8283024,7.9
2025-03-18 21:00:00,0.0,0.0,0.0,4.6208763,7.6
2025-03-18 22:00:00,0.0,0.0,0.0,4.7460513,7.5
2025-03-18 23:00:00,0.0,0.0,0.0,4.7594643,7.6
2025-03-19 00:00:00,0.0,0.0,0.0,4.8438106,7.9
2025-03-19 01:00:00,0.0,0.0,0.0,4.893363,8.2
2025-03-19 02:00:00,0.0,0.0,0.0,4.9497476,8.5
2025-03-19 03:00:00,0.0,0.0,0.0,5.0358715,8.6
2025-03-19 04:00:00,0.0,0.0,0.0,5.0358715,8.6
2025-03-19 05:00:00,0.0,0.0,0.0,5.124451,8.5
2025-03-19 06:00:00,0.0,0.0,0.0,5.129571,8.5
2025-03-19 07:00:00,0.0,0.0,0.0,5.1908574,8.6
2025-03-19 08:00:00,0.0,0.0,0.0,5.2469034,8.5
2025-03-19 09:00:00,0.0,0.0,0.0,5.402314,8.7
2025-03-19 10:00:00,0.0,0.0,0.0,5.7987065,9.2
2025-03-19 11:00:00,0.0,0.0,0.0,5.7428217,9.1
2025-03-19 12:00:00,0.0,0.0,0.0,5.637597,9.0
2025-03-19 13:00:00,0.0,0.0,0.0,5.261178,8.6
2025-03-19 14:00:00,0.0,0.0,0.0,5.080354,8.3
2025-03-19 15:00:00,0.0,0.0,0.0,5.0064955,8.2
2025-03-19 16:00:00,0.0,0.0,0.0,4.986231,8.2
2025-03-19 17:00:00,0.0,0.0,0.0,5.0798626,8.2
2025-03-19 18:00:00,0.0,0.0,0.0,5.1412544,8.2
2025-03-19 19:00:00,0.0,0.0,0.0,5.170348,8.5
2025-03-19 20:00:00,0.0,0.0,0.0,4.9844756,8.2
2025-03-19 21:00:00,0.0,0.0,0.0,4.7460513,7.8
2025-03-19 22:00:00,0.0,0.0,0.0,4.540099,7.4
2025-03-19 23:00:00,0.0,0.0,0.0,4.2863154,7.0
2025-03-20 00:00:00,0.0,0.0,0.0,3.9080045,6.6
2025-03-20 01:00:00,0.0,0.0,0.0,3.9427147,6.4
2025-03-20 02:00:00,0.0,0.0,0.0,4.186287,6.8
2025-03-20 03:00:00,0.0,0.0,0.0,4.368352,7.4
2025-03-20 04:00:00,0.0,0.0,0.0,4.6024446,7.7
2025-03-20 05:00:00,0.0,0.0,0.0,4.9502525,7.8
2025-03-20 06:00:00,0.0,0.0,0.0,5.152184,8.1
2025-03-20 07:00:00,0.0,0.0,0.0,5.05099,8.4
2025-03-20 08:00:00,0.0,0.0,0.0,5.333854,8.4
2025-03-20 09:00:00,0.0,0.0,0.0,5.4120235,9.0
2025-03-20 10:00:00,0.0,0.0,0.0,5.075924,8.0
2025-03-20 11:00:00,0.0,0.0,0.0,4.354595,7.0
2025-03-20 12:00:00,0.0,0.0,0.0,3.8108397,6.0
2025-03-20 13:00:00,0.0,0.0,0.0,3.3200152,5.4
2025-03-20 14:00:00,0.1,0.1,0.0,3.1144822,4.6
2025-03-20 15:00:00,0.2,0.2,0.0,2.6004808,4.3
2025-03-20 16:00:00,0.1,0.1,0.0,1.9039433,3.4
2025-03-20 17:00:00,0.0,0.0,0.0,1.85,3.2
2025-03-20 18:00:00,0.0,0.0,0.0,1.7585506,2.8
2025-03-20 19:00:00,0.5,0.5,0.0,2.1708293,8.1
2025-03-20 20:00:00,0.8,0.8,0.0,3.9427147,11.7
2025-03-20 21:00:00,0.9,0.9,0.0,4.100305,8.8
2025-03-20 22:00:00,1.1,1.1,0.0,4.232316,7.6
2025-03-20 23:00:00,1.4,1.0,0.28,5.129571,9.0
2025-03-21 00:00:00,1.8,0.29999995,1.05,5.1061234,9.5
2025-03-21 01:00:00,2.1,0.0,1.4699999,4.0871754,7.9
2025-03-21 02:00:00,1.5,0.0,1.05,3.7854989,7.4
2025-03-21 03:00:00,0.8,0.0,0.56,4.094203,7.2
2025-03-21 04:00:00,0.3,0.0,0.21000001,4.3416586,7.9
2025-03-21 05:00:00,0.0,0.0,0.0,4.6703854,7.8
2025-03-21 06:00:00,0.0,0.0,0.0,4.828302,7.8
2025-03-21 07:00:00,0.0,0.0,0.0,4.9872336,9.0
2025-03-21 08:00:00,0.0,0.0,0.0,5.425173,9.6
2025-03-21 09:00:00,0.0,0.0,0.0,5.566417,9.8
2025-03-21 10:00:00,0.0,0.0,0.0,5.508403,9.0
2025-03-21 11:00:00,0.0,0.0,0.0,5.232829,8.6
2025-03-21 12:00:00,0.0,0.0,0.0,4.8448424,8.1
2025-03-21 13:00:00,0.0,0.0,0.0,3.9629533,6.6
2025-03-21 14:00:00,0.0,0.0,0.0,2.9732137,4.5
2025-03-21 15:00:00,0.0,0.0,0.0,2.6386547,3.1
2025-03-21 16:00:00,0.0,0.0,0.0,2.5005,3.3
2025-03-21 17:00:00,0.0,0.0,0.0,2.4351592,3.5
2025-03-21 18:00:00,0.0,0.0,0.0,2.3926973,3.4
2025-03-21 19:00:00,0.0,0.0,0.0,2.274313,3.5
2025-03-21 20:00:00,0.0,0.0,0.0,2.280351,3.4
2025-03-21 21:00:00,0.0,0.0,0.0,2.3430748,3.4
2025-03-21 22:00:00,0.0,0.0,0.0,2.1505814,3.3
2025-03-21 23:00:00,0.0,0.0,0.0,2.1708293,3.2
2025-03-22 00:00:00,0.0,0.0,0.0,2.3584952,2.5
2025-03-22 01:00:00,0.0,0.0,0.0,1.7734147,1.5
2025-03-22 02:00:00,0.0,0.0,0.0,1.0511898,1.1
2025-03-22 03:00:00,0.0,0.0,0.0,0.41231057,0.9
2025-03-22 04:00:00,0.0,0.0,0.0,0.18027757,1.6
2025-03-22 05:00:00,0.0,0.0,0.0,0.35355338,2.0
2025-03-22 06:00:00,0.0,0.0,0.0,0.559017,2.2
2025-03-22 07:00:00,0.0,0.0,0.0,0.9192388,2.5
2025-03-22 08:00:00,0.0,0.0,0.0,0.85146934,2.3
2025-03-22 09:00:00,0.0,0.0,0.0,0.60827625,1.9
2025-03-22 10:00:00,0.0,0.0,0.0,1.0198039,1.9
2025-03-22 11:00:00,0.0,0.0,0.0,1.05,1.8
2025-03-22 12:00:00,0.0,0.0,0.0,0.9055385,1.8
2025-03-22 13:00:00,0.0,0.0,0.0,1.0062306,1.7
2025-03-22 14:00:00,0.0,0.0,0.0,1.423025,2.6
2025-03-22 15:00:00,0.0,0.0,0.0,1.457738,3.0
2025-03-22 16:00:00,0.0,0.0,0.0,1.5692356,2.7
2025-03-22 17:00:00,0.0,0.0,0.0,1.7902514,3.2
2025-03-22 18:00:00,0.0,0.0,0.0,2.1965883,3.7
2025-03-22 19:00:00,0.0,0.0,0.0,2.5455844,4.3
2025-03-22 20:00:00,0.0,0.0,0.0,2.5164459,4.1
2025-03-22 21:00:00,0.0,0.0,0.0,1.9525625,3.2
2025-03-22 22:00:00,0.0,0.0,0.0,1.882153,3.0
2025-03-22 23:00:00,0.0,0.0,0.0,2.1095023,3.3
2025-03-23 00:00:00,0.0,0.0,0.0,2.350532,3.7
2025-03-23 01:00:00,0.0,0.0,0.0,2.751363,4.1
2025-03-23 02:00:00,0.0,0.0,0.0,2.9567719,4.5
2025-03-23 03:00:00,0.0,0.0,0.0,3.25,5.2
2025-03-23 04:00:00,0.0,0.0,0.0,4.210997,6.5
2025-03-23 05:00:00,0.0,0.0,0.0,4.4418464,7.3
2025-03-23 06:00:00,0.0,0.0,0.0,4.6287146,7.5
2025-03-23 07:00:00,0.0,0.0,0.0,4.159327,7.7
2025-03-23 08:00:00,0.0,0.0,0.0,3.7443287,7.0
2025-03-23 09:00:00,0.0,0.0,0.0,3.5362408,6.6
2025-03-23 10:00:00,0.0,0.0,0.0,3.4885528,6.3
2025-03-23 11:00:00,0.0,0.0,0.0,3.8470767,6.3
2025-03-23 12:00:00,0.0,0.0,0.0,3.7619808,5.5
2025-03-23 13:00:00,0.0,0.0,0.0,3.8448017,5.3
2025-03-23 14:00:00,0.0,0.0,0.0,4.226405,6.2
2025-03-23 15:00:00,0.0,0.0,0.0,4.7405167,7.1
2025-03-23 16:00:00,0.0,0.0,0.0,5.239275,8.0
2025-03-23 17:00:00,0.0,0.0,0.0,5.489308,8.8
2025-03-23 18:00:00,0.0,0.0,0.0,5.5183783,9.3
2025-03-23 19:00:00,0.0,0.0,0.0,5.5220017,9.2
2025-03-23 20:00:00,0.0,0.0,0.0,5.6269436,9.4
2025-03-23 21:00:00,0.0,0.0,0.0,5.4829283,9.2
2025-03-23 22:00:00,0.0,0.0,0.0,5.6035705,8.9
2025-03-23 23:00:00,0.0,0.0,0.0,5.2692504,8.6
2025-03-24 00:00:00,0.0,0.0,0.0,5.1090603,8.4
2025-03-24 01:00:00,0.0,0.0,0.0,4.842004,8.2
2025-03-24 02:00:00,0.0,0.0,0.0,4.753946,8.3
2025-03-24 03:00:00,0.0,0.0,0.0,5.0766625,9.0
2025-03-24 04:00:00,0.0,0.0,0.0,6.338178,10.7
2025-03-24 05:00:00,0.0,0.0,0.0,6.783989,12.0
2025-03-24 06:00:00,0.0,0.0,0.0,6.992138,12.4
2025-03-24 07:00:00,0.0,0.0,0.0,6.6727057,11.7
2025-03-24 08:00:00,0.0,0.0,0.0,6.379067,11.4
2025-03-24 09:00:00,0.0,0.0,0.0,6.467805,11.5
2025-03-24 10:00:00,0.0,0.0,0.0,7.291776,11.4
2025-03-24 11:00:00,0.0,0.0,0.0,6.5299315,10.5
2025-03-24 12:00:00,0.0,0.0,0.0,5.4589376,7.8
2025-03-24 13:00:00,0.0,0.0,0.0,4.506939,6.7
2025-03-24 14:00:00,0.0,0.0,0.0,3.8916578,5.4
2025-03-24 15:00:00,0.0,0.0,0.0,3.6069376,5.1
2025-03-24 16:00:00,0.0,0.0,0.0,3.4383862,5.0
2025-03-24 17:00:00,0.0,0.0,0.0,3.1484125,4.5
2025-03-24 18:00:00,0.0,0.0,0.0,2.8398943,3.9
2025-03-24 19:00:00,0.0,0.0,0.0,2.657066,4.1
2025-03-24 20:00:00,0.0,0.0,0.0,2.5961509,3.9
2025-03-24 21:00:00,0.0,0.0,0.0,2.5005,3.8
2025-03-24 22:00:00,0.0,0.0,0.0,2.438237,3.7
2025-03-24 23:00:00,0.0,0.0,0.0,2.3537204,3.6
2025-03-25 00:00:00,0.0,0.0,0.0,2.3648467,3.3
2025-03-25 01:00:00,0.0,0.0,0.0,2.316247,3.2
2025-03-25 02:00:00,0.0,0.0,0.0,1.9300259,2.7
2025-03-25 03:00:00,0.0,0.0,0.0,1.7670598,2.7
2025-03-25 04:00:00,0.0,0.0,0.0,1.7613915,3.3
2025-03-25 05:00:00,0.0,0.0,0.0,1.9798989,4.3
2025-03-25 06:00:00,0.0,0.0,0.0,2.2388613,5.2
2025-03-25 07:00:00,0.0,0.0,0.0,2.570992,5.5
2025-03-25 08:00:00,0.0,0.0,0.0,3.0203478,6.1
2025-03-25 09:00:00,0.0,0.0,0.0,3.2745228,6.4
2025-03-25 10:00:00,0.0,0.0,0.0,3.3049204,6.2
2025-03-25 11:00:00,0.0,0.0,0.0,3.129297,5.5
2025-03-25 12:00:00,0.0,0.0,0.0,2.1708295,3.4
2025-03-25 13:00:00,0.0,0.0,0.0,1.9163768,3.4
2025-03-25 14:00:00,0.0,0.0,0.0,2.45204,3.6
2025-03-25 15:00:00,0.0,0.0,0.0,2.4698179,3.5
2025-03-25 16:00:00,0.0,0.0,0.0,2.442335,3.4
2025-03-25 17:00:00,0.0,0.0,0.0,2.4884734,3.3
2025-03-25 18:00:00,0.0,0.0,0.0,2.4622145,3.2
2025-03-25 19:00:00,0.0,0.0,0.0,2.304886,3.4
2025-03-25 20:00:00,0.0,0.0,0.0,2.1931713,3.3
2025-03-25 21:00:00,0.0,0.0,0.0,2.3478713,3.5
2025-03-25 22:00:00,0.0,0.0,0.0,2.530316,3.6
2025-03-25 23:00:00,0.0,0.0,0.0,2.6832817,3.9
2025-03-26 00:00:00,0.0,0.0,0.0,2.5495098,3.8
2025-03-26 01:00:00,0.0,0.0,0.0,2.3259406,3.3
2025-03-26 02:00:00,0.0,0.0,0.0,2.3942637,3.1
2025-03-26 03:00:00,0.0,0.0,0.0,2.5387006,3.7
2025-03-26 04:00:00,0.0,0.0,0.0,2.4274473,3.9
2025-03-26 05:00:00,0.0,0.0,0.0,2.6215453,4.4
2025-03-26 06:00:00,0.0,0.0,0.0,2.8301945,4.4
2025-03-26 07:00:00,0.0,0.0,0.0,2.8853076,5.5
2025-03-26 08:00:00,0.0,0.0,0.0,3.0004168,5.7
2025-03-26 09:00:00,0.0,0.0,0.0,2.8969812,5.2
2025-03-26 10:00:00,0.0,0.0,0.0,2.804015,4.6
2025-03-26 11:00:00,0.0,0.0,0.0,2.3963516,3.8
2025-03-26 12:00:00,0.0,0.0,0.0,1.6347783,2.3
2025-03-26 13:00:00,0.0,0.0,0.0,2.0359273,2.6
2025-03-26 14:00:00,0.0,0.0,0.0,2.1691012,2.7
2025-03-26 15:00:00,0.0,0.0,0.0,2.2388613,2.2
2025-03-26 16:00:00,0.0,0.0,0.0,1.8848077,1.5
2025-03-26 17:00:00,0.0,0.0,0.0,1.1510864,1.4
2025-03-26 18:00:00,0.0,0.0,0.0,0.73824114,1.3
2025-03-26 19:00:00,0.0,0.0,0.0,1.2349088,1.7
2025-03-26 20:00:00,0.0,0.0,0.0,1.6985288,2.3
2025-03-26 21:00:00,0.0,0.0,0.0,1.8062392,2.9
2025-03-26 22:00:00,0.0,0.0,0.0,1.9091884,3.1
2025-03-26 23:00:00,0.0,0.0,0.0,2.0506098,3.2
2025-03-27 00:00:00,0.0,0.0,0.0,2.0934422,3.3
2025-03-27 01:00:00,0.0,0.0,0.0,2.1029742,3.4
2025-03-27 02:00:00,0.0,0.0,0.0,1.9678669,3.4
2025-03-27 03:00:00,0.0,0.0,0.0,2.4438698,3.8
2025-03-27 04:00:00,0.0,0.0,0.0,2.3436084,3.7
2025-03-27 05:00:00,0.0,0.0,0.0,2.1100948,2.2
2025-03-27 06:00:00,0.0,0.0,0.0,2.180023,2.4
2025-03-27 07:00:00,0.0,0.0,0.0,2.7041636,5.1
2025-03-27 08:00:00,0.0,0.0,0.0,3.0103986,4.9
2025-03-27 09:00:00,0.0,0.0,0.0,3.1622775,5.4
2025-03-27 10:00:00,0.0,0.0,0.0,3.21753,5.3
2025-03-27 11:00:00,0.0,0.0,0.0,3.0761178,5.3
2025-03-27 12:00:00,0.0,0.0,0.0,2.8814058,5.0
2025-03-27 13:00:00,0.0,0.0,0.0,2.8469284,5.2
2025-03-27 14:00:00,0.0,0.0,0.0,3.184729,5.6
2025-03-27 15:00:00,0.0,0.0,0.0,3.444198,6.1
2025-03-27 16:00:00,0.0,0.0,0.0,3.6496572,6.2
2025-03-27 17:00:00,0.0,0.0,0.0,3.6840875,6.1
2025-03-27 18:00:00,0.0,0.0,0.0,3.7272646,6.1
2025-03-27 19:00:00,0.0,0.0,0.0,3.6345563,5.9
2025-03-27 20:00:00,0.0,0.0,0.0,3.6989863,6.0
2025-03-27 21:00:00,0.0,0.0,0.0,3.6417713,5.9
2025-03-27 22:00:00,0.0,0.0,0.0,3.5598454,5.7
2025-03-27 23:00:00,0.0,0.0,0.0,3.667424,5.7
2025-03-28 00:00:00,0.0,0.0,0.0,3.856488,6.0
2025-03-28 01:00:00,0.0,0.0,0.0,4.280771,6.2
2025-03-28 02:00:00,0.0,0.0,0.0,4.5304523,6.5
2025-03-28 03:00:00,0.0,0.0,0.0,4.4601007,6.3
2025-03-28 04:00:00,0.0,0.0,0.0,3.8581083,6.1
2025-03-28 05:00:00,0.0,0.0,0.0,3.8209946,6.1
2025-03-28 06:00:00,0.0,0.0,0.0,3.952847,6.4
2025-03-28 07:00:00,0.0,0.0,0.0,3.9512656,6.7
2025-03-28 08:00:00,0.0,0.0,0.0,3.9385912,6.8
2025-03-28 09:00:00,0.0,0.0,0.0,3.6017356,6.1
2025-03-28 10:00:00,0.0,0.0,0.0,3.0220027,5.3
2025-03-28 11:00:00,0.0,0.0,0.0,2.9954133,5.6
2025-03-28 12:00:00,0.0,0.0,0.0,3.0923293,6.1
2025-03-28 13:00:00,0.0,0.0,0.0,3.4792242,6.7
2025-03-28 14:00:00,0.0,0.0,0.0,3.8003287,6.9
2025-03-28 15:00:00,0.0,0.0,0.0,3.8209946,6.7
2025-03-28 16:00:00,0.0,0.0,0.0,3.7262583,6.4
2025-03-28 17:00:00,0.0,0.0,0.0,3.710795,6.4
2025-03-28 18:00:00,0.0,0.0,0.0,3.6881566,6.2
2025-03-28 19:00:00,0.0,0.0,0.0,3.4785054,5.6
2025-03-28 20:00:00,0.0,0.0,0.0,3.2256782,5.1
2025-03-28 21:00:00,0.0,0.0,0.0,2.9410882,4.6
2025-03-28 22:00:00,0.0,0.0,0.0,2.6744158,4.2
2025-03-28 23:00:00,0.0,0.0,0.0,2.4989996,4.0
2025-03-29 00:00:00,0.0,0.0,0.0,2.6100767,4.2
2025-03-29 01:00:00,0.0,0.0,0.0,2.7060118,4.4
2025-03-29 02:00:00,0.0,0.0,0.0,2.9094672,4.7
2025-03-29 03:00:00,0.0,0.0,0.0,3.0417922,4.9
2025-03-29 04:00:00,0.0,0.0,0.0,2.5387006,4.3
2025-03-29 05:00:00,0.0,0.0,0.0,2.381701,3.9
2025-03-29 06:00:00,0.0,0.0,0.0,2.2299104,3.6
2025-03-29 07:00:00,0.0,0.0,0.0,2.192031,3.6
2025-03-29 08:00:00,0.0,0.0,0.0,1.9912307,3.2
2025-03-29 09:00:00,0.0,0.0,0.0,1.5443445,2.7
2025-03-29 10:00:00,0.0,0.0,0.0,1.3536987,2.7
2025-03-29 11:00:00,0.0,0.0,0.0,1.5692356,2.2
2025-03-29 12:00:00,0.0,0.0,0.0,1.8027756,2.1
2025-03-29 13:00:00,0.0,0.0,0.0,1.8439089,2.4
2025-03-29 14:00:00,0.0,0.0,0.0,1.8439089,2.9
2025-03-29 15:00:00,0.0,0.0,0.0,1.9313208,3.0
2025-03-29 16:00:00,0.0,0.0,0.0,1.8445866,3.0
2025-03-29 17:00:00,0.0,0.0,0.0,1.8607794,3.2
2025-03-29 18:00:00,0.0,0.0,0.0,2.0402207,3.4
2025-03-29 19:00:00,0.0,0.0,0.0,2.3717084,3.5
2025-03-29 20:00:00,0.0,0.0,0.0,2.687936,3.4
2025-03-29 21:00:00,0.0,0.0,0.0,2.4207437,2.9
2025-03-29 22:00:00,0.0,0.0,0.0,1.9811614,2.4
2025-03-29 23:00:00,0.0,0.0,0.0,1.5811387,2.0
2025-03-30 00:00:00,0.0,0.0,0.0,1.5231546,2.1
2025-03-30 01:00:00,0.0,0.0,0.0,1.7088008,2.4
2025-03-30 02:00:00,0.0,0.0,0.0,1.5231546,2.1
2025-03-30 03:00:00,0.0,0.0,0.0,1.6650826,2.8
2025-03-30 04:00:00,0.0,0.0,0.0,1.3647344,2.1
2025-03-30 05:00:00,0.0,0.0,0.0,1.328533,2.1
2025-03-30 06:00:00,0.0,0.0,0.0,1.2980754,2.2
2025-03-30 07:00:00,0.0,0.0,0.0,1.2093387,2.2
2025-03-30 08:00:00,0.0,0.0,0.0,1.2589679,2.3
2025-03-30 09:00:00,0.0,0.0,0.0,1.320038,2.5
2025-03-30 10:00:00,0.0,0.0,0.0,1.5508063,2.7
2025-03-30 11:00:00,0.0,0.0,0.0,2.0124612,3.0
2025-03-30 12:00:00,0.0,0.0,0.0,2.6832817,3.2
2025-03-30 13:00:00,0.0,0.0,0.0,2.8969812,3.6
2025-03-30 14:00:00,0.0,0.0,0.0,3.129297,4.2
2025-03-30 15:00:00,0.0,0.0,0.0,2.8146937,4.1
2025-03-30 16:00:00,0.0,0.0,0.0,2.777139,3.9
2025-03-30 17:00:00,0.0,0.0,0.0,2.6800187,3.8
2025-03-30 18:00:00,0.0,0.0,0.0,2.5317976,3.6
2025-03-30 19:00:00,0.0,0.0,0.0,2.462722,3.6
2025-03-30 20:00:00,0.0,0.0,0.0,2.304886,3.5
2025-03-30 21:00:00,0.0,0.0,0.0,2.1965883,3.4
2025-03-30 22:00:00,0.0,0.0,0.0,2.2588713,3.4
2025-03-30 23:00:00,0.0,0.0,0.0,2.4005208,3.6
2025-03-31 00:00:00,0.0,0.0,0.0,2.55196,4.1
2025-03-31 01:00:00,0.0,0.0,0.0,2.6575365,4.3
2025-03-31 02:00:00,0.0,0.0,0.0,3.0594118,4.9
2025-03-31 03:00:00,0.0,0.0,0.0,3.3376637,5.2
2025-03-31 04:00:00,0.0,0.0,0.0,3.4077117,5.6
2025-03-31 05:00:00,0.0,0.0,0.0,3.6694686,6.1
2025-03-31 06:00:00,0.0,0.0,0.0,3.9812057,6.7
2025-03-31 07:00:00,0.0,0.0,0.0,3.938591,7.0
2025-03-31 08:00:00,0.0,0.0,0.0,4.160829,7.3
2025-03-31 09:00:00,0.0,0.0,0.0,3.994058,7.0
2025-03-31 10:00:00,0.0,0.0,0.0,3.578058,6.8
2025-03-31 11:00:00,0.1,0.1,0.0,3.9115214,7.0
2025-03-31 12:00:00,0.2,0.2,0.0,4.006557,6.9
2025-03-31 13:00:00,0.3,0.3,0.0,4.317696,7.1
2025-03-31 14:00:00,0.4,0.4,0.0,4.2720017,7.0
2025-03-31 15:00:00,0.8,0.8,0.0,4.2086225,6.6
2025-03-31 16:00:00,1.0,1.0,0.0,4.022437,6.3
2025-03-31 17:00:00,0.6,0.6,0.0,3.7047267,5.9
2025-03-31 18:00:00,0.2,0.2,0.0,3.436568,5.3
2025-03-31 19:00:00,0.0,0.0,0.0,3.156343,5.3
2025-03-31 20:00:00,0.0,0.0,0.0,2.9347062,4.8
2025-03-31 21:00:00,0.0,0.0,0.0,2.8779333,4.7
2025-03-31 22:00:00,0.0,0.0,0.0,2.910756,4.9
2025-03-31 23:00:00,0.0,0.0,0.0,3.309456,5.4
2025-04-01 00:00:00,0.0,0.0,0.0,3.522783,5.8
2025-04-01 01:00:00,0.0,0.0,0.0,3.6345563,5.7
2025-04-01 02:00:00,0.0,0.0,0.0,3.6417713,5.8
2025-04-01 03:00:00,0.0,0.0,0.0,3.6390247,5.4
2025-04-01 04:00:00,0.0,0.0,0.0,3.434021,5.2
2025-04-01 05:00:00,0.0,0.0,0.0,3.370831,5.2
2025-04-01 06:00:00,0.0,0.0,0.0,3.4785054,5.3
2025-04-01 07:00:00,0.0,0.0,0.0,3.6687872,6.3
2025-04-01 08:00:00,0.0,0.0,0.0,3.6840875,6.3
2025-04-01 09:00:00,0.0,0.0,0.0,3.4311078,5.9
2025-04-01 10:00:00,0.0,0.0,0.0,3.0991936,4.7
2025-04-01 11:00:00,0.0,0.0,0.0,2.9567719,4.1
2025-04-01 12:00:00,0.0,0.0,0.0,2.4738634,3.6
2025-04-01 13:00:00,0.0,0.0,0.0,2.4667792,3.4
2025-04-01 14:00:00,0.0,0.0,0.0,2.4698176,3.7
2025-04-01 15:00:00,0.0,0.0,0.0,2.4839485,3.4
2025-04-01 16:00:00,0.0,0.0,0.0,2.581182,3.4
2025-04-01 17:00:00,0.0,0.0,0.0,2.4505103,3.1
2025-04-01 18:00:00,0.0,0.0,0.0,2.4351592,2.8
2025-04-01 19:00:00,0.0,0.0,0.0,2.311385,3.0
2025-04-01 20:00:00,0.0,0.0,0.0,2.25,2.9
2025-04-01 21:00:00,0.0,0.0,0.0,2.350532,3.0
2025-04-01 22:00:00,0.0,0.0,0.0,2.109502,2.9
2025-04-01 23:00:00,0.0,0.0,0.0,1.7269917,3.3
2025-04-02 00:00:00,0.0,0.0,0.0,1.7029386,3.1
2025-04-02 01:00:00,0.0,0.0,0.0,1.3200378,2.8
2025-04-02 02:00:00,0.0,0.0,0.0,1.0062306,2.2
2025-04-02 03:00:00,0.0,0.0,0.0,1.0688778,2.2
2025-04-02 04:00:00,0.0,0.0,0.0,1.0012492,2.3
2025-04-02 05:00:00,0.0,0.0,0.0,1.25,2.7
2025-04-02 06:00:00,0.0,0.0,0.0,1.5652475,3.2
2025-04-02 07:00:00,0.0,0.0,0.0,1.9557607,3.5
2025-04-02 08:00:00,0.0,0.0,0.0,2.2299104,3.9
2025-04-02 09:00:00,0.0,0.0,0.0,2.2276669,4.0
2025-04-02 10:00:00,0.0,0.0,0.0,2.1965883,3.9
2025-04-02 11:00:00,0.0,0.0,0.0,2.070024,3.4
2025-04-02 12:00:00,0.0,0.0,0.0,2.3963516,3.7
2025-04-02 13:00:00,0.0,0.0,0.0,2.4909837,4.3
2025-04-02 14:00:00,0.0,0.0,0.0,2.9017239,5.4
2025-04-02 15:00:00,0.0,0.0,0.0,3.6055512,6.3
2025-04-02 16:00:00,0.0,0.0,0.0,3.9755504,6.7
2025-04-02 17:00:00,0.0,0.0,0.0,3.9881072,6.7
2025-04-02 18:00:00,0.0,0.0,0.0,3.9702015,6.7
2025-04-02 19:00:00,0.0,0.0,0.0,4.0577087,6.7
2025-04-02 20:00:00,0.0,0.0,0.0,4.1743264,6.9
2025-04-02 21:00:00,0.0,0.0,0.0,4.2579336,7.1
2025-04-02 22:00:00,0.0,0.0,0.0,4.8270073,7.4
2025-04-02 23:00:00,0.0,0.0,0.0,5.124451,7.9
2025-04-03 00:00:00,0.0,0.0,0.0,5.284411,8.2
2025-04-03 01:00:00,0.0,0.0,0.0,5.2088866,8.3
2025-04-03 02:00:00,0.0,0.0,0.0,5.1908574,8.6
2025-04-03 03:00:00,0.0,0.0,0.0,5.2671146,8.7
2025-04-03 04:00:00,0.0,0.0,0.0,5.2554736,8.8
2025-04-03 05:00:00,0.1,0.1,0.0,5.246189,8.8
2025-04-03 06:00:00,0.0,0.0,0.0,5.5700088,9.2
2025-04-03 07:00:00,0.0,0.0,0.0,5.666127,9.5
2025-04-03 08:00:00,0.0,0.0,0.0,5.6089215,9.7
2025-04-03 09:00:00,0.0,0.0,0.0,6.3144674,10.3
2025-04-03 10:00:00,0.0,0.0,0.0,6.9958916,11.5
2025-04-03 11:00:00,0.0,0.0,0.0,7.2249565,12.1
2025-04-03 12:00:00,0.0,0.0,0.0,7.528114,12.7
2025-04-03 13:00:00,0.0,0.0,0.0,7.764663,13.2
2025-04-03 14:00:00,0.0,0.0,0.0,7.562572,13.1
2025-04-03 15:00:00,0.0,0.0,0.0,7.3756356,12.9
2025-04-03 16:00:00,0.0,0.0,0.0,7.1022882,12.5
2025-04-03 17:00:00,0.0,0.0,0.0,6.7779055,12.0
2025-04-03 18:00:00,0.0,0.0,0.0,6.417554,11.3
2025-04-03 19:00:00,0.0,0.0,0.0,5.9682493,10.1
2025-04-03 20:00:00,0.0,0.0,0.0,5.3823786,9.0
2025-04-03 21:00:00,0.0,0.0,0.0,4.8600416,8.2
2025-04-03 22:00:00,0.0,0.0,0.0,3.9537954,7.2
2025-04-03 23:00:00,0.0,0.0,0.0,3.6006944,6.6
2025-04-04 00:00:00,0.0,0.0,0.0,3.544009,6.3
2025-04-04 01:00:00,0.0,0.0,0.0,3.8810437,6.5
2025-04-04 02:00:00,0.3,0.3,0.0,3.383785,6.1
2025-04-04 03:00:00,1.0,1.0,0.0,2.4,5.5
2025-04-04 04:00:00,2.1,2.1,0.0,2.4682992,5.1
2025-04-04 05:00:00,2.2,2.2,0.0,2.2561028,5.0
2025-04-04 06:00:00,1.7,1.7,0.0,2.200568,4.8
2025-04-04 07:00:00,1.8,1.8,0.0,1.9499999,2.9
2025-04-04 08:00:00,2.1,2.1,0.0,1.1884865,2.9
2025-04-04 09:00:00,1.8,1.8,0.0,1.8768325,3.1
2025-04-04 10:00:00,1.5,1.5,0.0,3.8013155,7.2
2025-04-04 11:00:00,1.1,1.1,0.0,5.5362444,10.4
2025-04-04 12:00:00,0.9,0.79999995,0.07,6.3294945,11.5
2025-04-04 13:00:00,0.9,0.59999996,0.21000001,6.5241857,10.6
2025-04-04 14:00:00,0.8,0.4,0.28,7.03278,11.0
2025-04-04 15:00:00,0.6,0.40000004,0.14,6.664083,10.6
2025-04-04 16:00:00,0.2,0.2,0.0,6.1465435,10.2
2025-04-04 17:00:00,0.0,0.0,0.0,5.3956003,9.6
2025-04-04 18:00:00,0.0,0.0,0.0,4.7185802,7.9
2025-04-04 19:00:00,0.0,0.0,0.0,4.0549355,7.0
2025-04-04 20:00:00,0.0,0.0,0.0,3.7831864,6.5
2025-04-04 21:00:00,0.0,0.0,0.0,3.4077117,5.7
2025-04-04 22:00:00,0.0,0.0,0.0,3.4539833,5.4
2025-04-04 23:00:00,0.0,0.0,0.0,3.7312868,5.9
2025-04-05 00:00:00,0.0,0.0,0.0,4.060788,6.5
2025-04-05 01:00:00,0.0,0.0,0.0,4.1439714,6.8
2025-04-05 02:00:00,0.0,0.0,0.0,4.454773,7.5
2025-04-05 03:00:00,0.0,0.0,0.0,4.638157,7.9
2025-04-05 04:00:00,0.0,0.0,0.0,4.9819674,8.3
2025-04-05 05:00:00,0.0,0.0,0.0,5.5520267,10.0
2025-04-05 06:00:00,0.0,0.0,0.0,6.005206,11.1
2025-04-05 07:00:00,0.0,0.0,0.0,6.1923337,11.5
2025-04-05 08:00:00,0.0,0.0,0.0,6.1611686,11.7
2025-04-05 09:00:00,0.0,0.0,0.0,6.074743,11.8
2025-04-05 10:00:00,0.0,0.0,0.0,6.124745,11.2
2025-04-05 11:00:00,0.0,0.0,0.0,5.169623,9.6
2025-04-05 12:00:00,0.0,0.0,0.0,4.6703854,8.2
2025-04-05 13:00:00,0.0,0.0,0.0,4.110049,7.0
2025-04-05 14:00:00,0.0,0.0,0.0,4.0301986,6.7
2025-04-05 15:00:00,0.0,0.0,0.0,4.148795,6.9
2025-04-05 16:00:00,0.0,0.0,0.0,4.3522983,7.3
2025-04-05 17:00:00,0.0,0.0,0.0,4.5304523,7.6
2025-04-05 18:00:00,0.0,0.0,0.0,4.571925,7.7
2025-04-05 19:00:00,0.0,0.0,0.0,4.57739,7.7
2025-04-05 20:00:00,0.0,0.0,0.0,4.571925,7.7
2025-04-05 21:00:00,0.0,0.0,0.0,4.571925,7.7
2025-04-05 22:00:00,0.0,0.0,0.0,4.571925,7.6
2025-04-05 23:00:00,0.0,0.0,0.0,4.4936066,7.4
2025-04-06 00:00:00,0.0,0.0,0.0,4.4913807,7.3
2025-04-06 01:00:00,0.0,0.0,0.0,4.457017,7.3
2025-04-06 02:00:00,0.0,0.0,0.0,4.527693,7.4
2025-04-06 03:00:00,0.0,0.0,0.0,4.560976,7.4
2025-04-06 04:00:00,0.0,0.0,0.0,4.604889,7.5
2025-04-06 05:00:00,0.0,0.0,0.0,4.4364963,7.8
2025-04-06 06:00:00,0.0,0.0,0.0,4.389191,8.0
2025-04-06 07:00:00,0.0,0.0,0.0,4.2851486,8.0
2025-04-06 08:00:00,0.0,0.0,0.0,4.0459857,7.7
2025-04-06 09:00:00,0.0,0.0,0.0,3.7963798,7.2
2025-04-06 10:00:00,0.0,0.0,0.0,3.7326264,6.7
2025-04-06 11:00:00,0.0,0.0,0.0,3.2718496,5.9
2025-04-06 12:00:00,0.0,0.0,0.0,2.9364095,5.1
2025-04-06 13:00:00,0.0,0.0,0.0,2.5811818,4.3
2025-04-06 14:00:00,0.0,0.0,0.0,2.7901614,3.7
2025-04-06 15:00:00,0.0,0.0,0.0,3.0083218,3.6
2025-04-06 16:00:00,0.0,0.0,0.0,2.8714108,4.0
2025-04-06 17:00:00,0.0,0.0,0.0,2.45204,4.0
2025-04-06 18:00:00,0.0,0.0,0.0,2.3086793,3.9
2025-04-06 19:00:00,0.0,0.0,0.0,2.285279,3.5
2025-04-06 20:00:00,0.0,0.0,0.0,2.280351,3.5
2025-04-06 21:00:00,0.0,0.0,0.0,2.4135036,3.8
2025-04-06 22:00:00,0.0,0.0,0.0,2.6100767,3.7
2025-04-06 23:00:00,0.0,0.0,0.0,2.5495098,3.7
2025-04-07 00:00:00,0.0,0.0,0.0,2.6925824,3.9
2025-04-07 01:00:00,0.0,0.0,0.0,2.7613401,4.2
2025-04-07 02:00:00,0.0,0.0,0.0,2.8504386,4.5
2025-04-07 03:00:00,0.0,0.0,0.0,3.010814,4.8
2025-04-07 04:00:00,0.0,0.0,0.0,2.9908192,4.9
2025-04-07 05:00:00,0.0,0.0,0.0,2.934706,5.2
2025-04-07 06:00:00,0.0,0.0,0.0,2.865746,5.6
2025-04-07 07:00:00,0.0,0.0,0.0,2.9025853,5.8
2025-04-07 08:00:00,0.0,0.0,0.0,2.865746,5.7
2025-04-07 09:00:00,0.0,0.0,0.0,2.745906,5.9
2025-04-07 10:00:00,0.1,0.1,0.0,2.9347062,6.0
2025-04-07 11:00:00,0.0,0.0,0.0,3.5217183,5.7
2025-04-07 12:00:00,0.0,0.0,0.0,3.6311154,5.4
2025-04-07 13:00:00,0.0,0.0,0.0,3.7259226,5.8
2025-04-07 14:00:00,0.0,0.0,0.0,3.4648232,5.2
2025-04-07 15:00:00,0.4,0.4,0.0,3.3615472,4.7
2025-04-07 16:00:00,0.1,0.1,0.0,3.2280025,4.7
2025-04-07 17:00:00,0.1,0.1,0.0,2.9516945,4.9
2025-04-07 18:00:00,0.0,0.0,0.0,2.8935273,4.1
2025-04-07 19:00:00,0.0,0.0,0.0,2.4989996,4.1
2025-04-07 20:00:00,0.0,0.0,0.0,2.1633308,3.6
2025-04-07 21:00:00,0.0,0.0,0.0,2.1360009,3.5
2025-04-07 22:00:00,0.0,0.0,0.0,2.6856098,3.7
2025-04-07 23:00:00,0.0,0.0,0.0,2.6000001,3.9
2025-04-08 00:00:00,0.0,0.0,0.0,2.6196373,3.8
2025-04-08 01:00:00,0.0,0.0,0.0,2.6575365,4.1
2025-04-08 02:00:00,0.0,0.0,0.0,3.0761175,4.8
2025-04-08 03:00:00,0.0,0.0,0.0,3.2867157,5.2
2025-04-08 04:00:00,0.0,0.0,0.0,3.2500002,5.5
2025-04-08 05:00:00,0.0,0.0,0.0,3.1953092,6.0
2025-04-08 06:00:00,0.0,0.0,0.0,3.555981,6.5
2025-04-08 07:00:00,0.0,0.0,0.0,3.9274673,8.4
2025-04-08 08:00:00,0.0,0.0,0.0,4.2720017,8.9
2025-04-08 09:00:00,0.0,0.0,0.0,4.1340055,8.9
2025-04-08 10:00:00,0.0,0.0,0.0,4.2029753,8.0
2025-04-08 11:00:00,0.0,0.0,0.0,3.6100557,7.3
2025-04-08 12:00:00,0.0,0.0,0.0,3.2035139,6.1
2025-04-08 13:00:00,0.0,0.0,0.0,2.8151376,5.1
2025-04-08 14:00:00,0.0,0.0,0.0,2.8412147,4.8
2025-04-08 15:00:00,0.0,0.0,0.0,2.6925821,4.4
2025-04-08 16:00:00,0.0,0.0,0.0,2.6004806,4.0
2025-04-08 17:00:00,0.0,0.0,0.0,2.4682992,3.9
2025-04-08 18:00:00,0.0,0.0,0.0,2.4667792,3.7
2025-04-08 19:00:00,0.0,0.0,0.0,2.617728,3.3
2025-04-08 20:00:00,0.0,0.0,0.0,2.7802877,3.4
2025-04-08 21:00:00,0.0,0.0,0.0,2.441823,2.9
2025-04-08 22:00:00,0.0,0.0,0.0,2.0808651,2.5
2025-04-08 23:00:00,0.0,0.0,0.0,1.6710774,2.0
2025-04-09 00:00:00,0.0,0.0,0.0,1.5443445,2.1
2025-04-09 01:00:00,0.0,0.0,0.0,1.2658988,2.3
2025-04-09 02:00:00,0.0,0.0,0.0,0.7017834,2.9
2025-04-09 03:00:00,0.0,0.0,0.0,0.43011627,3.3
2025-04-09 04:00:00,0.0,0.0,0.0,0.2915476,3.6
2025-04-09 05:00:00,0.0,0.0,0.0,0.585235,4.1
2025-04-09 06:00:00,0.0,0.0,0.0,0.85146934,4.5
2025-04-09 07:00:00,0.0,0.0,0.0,1.0,4.4
2025-04-09 08:00:00,0.0,0.0,0.0,1.3829317,5.6
2025-04-09 09:00:00,0.0,0.0,0.0,1.6446884,5.4
2025-04-09 10:00:00,0.0,0.0,0.0,2.1095023,5.7
2025-04-09 11:00:00,0.0,0.0,0.0,1.9697715,5.3
2025-04-09 12:00:00,0.0,0.0,0.0,1.2816006,3.1
2025-04-09 13:00:00,0.0,0.0,0.0,1.430035,1.2
2025-04-09 14:00:00,0.0,0.0,0.0,1.2980754,1.5
2025-04-09 15:00:00,0.0,0.0,0.0,1.8124568,3.0
2025-04-09 16:00:00,0.0,0.0,0.0,2.8178005,3.7
2025-04-09 17:00:00,0.0,0.0,0.0,2.6462238,3.7
2025-04-09 18:00:00,0.0,0.0,0.0,2.4864633,3.5
2025-04-09 19:00:00,0.0,0.0,0.0,2.376973,3.8
2025-04-09 20:00:00,0.0,0.0,0.0,2.4989996,4.0
2025-04-09 21:00:00,0.0,0.0,0.0,2.6800187,4.5
2025-04-09 22:00:00,0.0,0.0,0.0,3.153173,4.9
2025-04-09 23:00:00,0.0,0.0,0.0,3.4311078,5.6
2025-04-10 00:00:00,0.0,0.0,0.0,3.8581083,6.3
2025-04-10 01:00:00,0.0,0.0,0.0,4.171631,6.9
2025-04-10 02:00:00,0.0,0.0,0.0,4.522444,7.8
2025-04-10 03:00:00,0.0,0.0,0.0,4.912484,8.3
2025-04-10 04:00:00,0.0,0.0,0.0,4.952272,8.9
2025-04-10 05:00:00,0.0,0.0,0.0,5.3781967,9.4
2025-04-10 06:00:00,0.0,0.0,0.0,5.5321784,9.7
2025-04-10 07:00:00,0.0,0.0,0.0,5.6753855,10.8
2025-04-10 08:00:00,0.1,0.1,0.0,5.1870027,10.0
2025-04-10 09:00:00,0.1,0.1,0.0,4.705582,8.9
2025-04-10 10:00:00,0.4,0.4,0.0,4.736296,9.3
2025-04-10 11:00:00,0.0,0.0,0.0,5.5841293,8.5
2025-04-10 12:00:00,0.0,0.0,0.0,5.227332,8.9
2025-04-10 13:00:00,0.0,0.0,0.0,4.8633833,9.7
2025-04-10 14:00:00,0.0,0.0,0.0,4.6596675,10.1
2025-04-10 15:00:00,0.0,0.0,0.0,4.9135017,11.5
2025-04-10 16:00:00,0.0,0.0,0.0,5.4829283,12.2
2025-04-10 17:00:00,0.0,0.0,0.0,6.0963106,12.1
2025-04-10 18:00:00,0.0,0.0,0.0,6.4001956,11.8
2025-04-10 19:00:00,0.0,0.0,0.0,6.413462,11.8
2025-04-10 20:00:00,0.0,0.0,0.0,6.281719,11.3
2025-04-10 21:00:00,0.0,0.0,0.0,6.0599093,11.3
2025-04-10 22:00:00,0.4,0.4,0.0,5.3509345,9.3
2025-04-10 23:00:00,0.5,0.5,0.0,5.20024,9.8
2025-04-11 00:00:00,0.0,0.0,0.0,5.7008767,10.3
2025-04-11 01:00:00,0.0,0.0,0.0,6.0074954,11.1
2025-04-11 02:00:00,0.0,0.0,0.0,6.3549194,11.8
2025-04-11 03:00:00,0.0,0.0,0.0,6.8183575,12.6
2025-04-11 04:00:00,0.0,0.0,0.0,6.6979475,12.5
2025-04-11 05:00:00,0.0,0.0,0.0,6.3712244,13.2
2025-04-11 06:00:00,0.0,0.0,0.0,6.768308,11.6
2025-04-11 07:00:00,0.0,0.0,0.0,6.0827627,13.1
2025-04-11 08:00:00,0.0,0.0,0.0,6.9857,13.7
2025-04-11 09:00:00,0.0,0.0,0.0,6.69944,13.0
2025-04-11 10:00:00,0.0,0.0,0.0,6.951618,12.5
2025-04-11 11:00:00,0.0,0.0,0.0,6.650188,12.3
2025-04-11 12:00:00,0.0,0.0,0.0,5.9135437,10.7
2025-04-11 13:00:00,0.0,0.0,0.0,5.09166,9.4
2025-04-11 14:00:00,0.0,0.0,0.0,4.47493,8.2
2025-04-11 15:00:00,0.0,0.0,0.0,4.2547035,7.6
2025-04-11 16:00:00,0.0,0.0,0.0,4.6013584,8.1
2025-04-11 17:00:00,0.0,0.0,0.0,5.021205,8.9
2025-04-11 18:00:00,0.0,0.0,0.0,5.3265843,9.5
2025-04-11 19:00:00,0.0,0.0,0.0,5.731492,10.2
2025-04-11 20:00:00,0.0,0.0,0.0,6.1073728,11.0
2025-04-11 21:00:00,0.0,0.0,0.0,6.2517996,11.3
2025-04-11 22:00:00,0.0,0.0,0.0,7.0035706,11.5
2025-04-11 23:00:00,0.0,0.0,0.0,6.650188,11.6
2025-04-12 00:00:00,0.0,0.0,0.0,6.20967,11.2
2025-04-12 01:00:00,0.0,0.0,0.0,5.951891,10.5
2025-04-12 02:00:00,0.0,0.0,0.0,5.4708314,10.1
2025-04-12 03:00:00,0.0,0.0,0.0,5.0621142,9.5
2025-04-12 04:00:00,0.2,0.2,0.0,5.1159067,10.8
2025-04-12 05:00:00,0.2,0.2,0.0,5.2841744,13.0
2025-04-12 06:00:00,0.0,0.0,0.0,5.7630286,12.2
2025-04-12 07:00:00,0.0,0.0,0.0,5.5706825,11.7
2025-04-12 08:00:00,0.0,0.0,0.0,6.2297673,12.4
2025-04-12 09:00:00,0.0,0.0,0.0,5.8619537,11.7
2025-04-12 10:00:00,0.0,0.0,0.0,5.402314,10.5
2025-04-12 11:00:00,0.0,0.0,0.0,4.609772,9.3
2025-04-12 12:00:00,0.0,0.0,0.0,4.35,9.0
2025-04-12 13:00:00,0.0,0.0,0.0,4.304649,8.6
2025-04-12 14:00:00,0.0,0.0,0.0,4.2059484,8.3
2025-04-12 15:00:00,0.0,0.0,0.0,4.0697055,7.7
2025-04-12 16:00:00,0.0,0.0,0.0,3.7583241,6.8
2025-04-12 17:00:00,0.0,0.0,0.0,3.4441981,5.9
2025-04-12 18:00:00,0.0,0.0,0.0,3.3380384,6.2
2025-04-12 19:00:00,0.0,0.0,0.0,3.0041637,5.7
2025-04-12 20:00:00,0.0,0.0,0.0,2.8935273,5.0
2025-04-12 21:00:00,0.0,0.0,0.0,2.8640008,5.0
2025-04-12 22:00:00,0.0,0.0,0.0,2.6832817,4.9
2025-04-12 23:00:00,0.0,0.0,0.0,2.795085,5.3
2025-04-13 00:00:00,0.0,0.0,0.0,2.9449108,5.2
2025-04-13 01:00:00,0.0,0.0,0.0,2.7189152,4.8
2025-04-13 02:00:00,0.0,0.0,0.0,3.5584404,6.3
2025-04-13 03:00:00,0.0,0.0,0.0,3.6527388,7.2
2025-04-13 04:00:00,0.0,0.0,0.0,3.985599,8.0
2025-04-13 05:00:00,0.0,0.0,0.0,3.733631,7.8
2025-04-13 06:00:00,0.0,0.0,0.0,3.7696154,7.6
2025-04-13 07:00:00,0.0,0.0,0.0,3.7792196,8.4
2025-04-13 08:00:00,0.0,0.0,0.0,3.645888,8.3
2025-04-13 09:00:00,0.0,0.0,0.0,3.5131896,7.9
2025-04-13 10:00:00,0.0,0.0,0.0,3.6472592,7.5
2025-04-13 11:00:00,0.0,0.0,0.0,3.355965,7.3
2025-04-13 12:00:00,0.0,0.0,0.0,2.9124732,7.0
2025-04-13 13:00:00,0.0,0.0,0.0,2.1914608,4.5
2025-04-13 14:00:00,0.0,0.0,0.0,2.886174,4.5
2025-04-13 15:00:00,0.0,0.0,0.0,3.3723137,5.4
2025-04-13 16:00:00,0.0,0.0,0.0,3.3533566,5.4
2025-04-13 17:00:00,0.1,0.1,0.0,3.0565505,5.7
2025-04-13 18:00:00,0.1,0.1,0.0,2.828427,5.8
2025-04-13 19:00:00,0.1,0.1,0.0,2.6730134,4.7
2025-04-13 20:00:00,0.0,0.0,0.0,2.5005,4.5
2025-04-13 21:00:00,0.0,0.0,0.0,2.5243812,4.4
2025-04-13 22:00:00,0.0,0.0,0.0,2.304886,3.8
2025-04-13 23:00:00,0.0,0.0,0.0,1.9039433,3.0
2025-04-14 00:00:00,0.0,0.0,0.0,1.9697715,3.2
2025-04-14 01:00:00,0.0,0.0,0.0,1.7102631,2.8
2025-04-14 02:00:00,0.0,0.0,0.0,2.0554805,4.0
2025-04-14 03:00:00,0.0,0.0,0.0,1.6800299,4.5
2025-04-14 04:00:00,0.0,0.0,0.0,1.7204651,5.1
2025-04-14 05:00:00,0.0,0.0,0.0,1.7334936,5.6
2025-04-14 06:00:00,0.0,0.0,0.0,1.5206907,5.6
2025-04-14 07:00:00,0.0,0.0,0.0,1.3829316,5.0
2025-04-14 08:00:00,0.0,0.0,0.0,1.4840822,5.1
2025-04-14 09:00:00,0.0,0.0,0.0,1.6,4.8
2025-04-14 10:00:00,0.0,0.0,0.0,2.1708293,4.7
2025-04-14 11:00:00,0.0,0.0,0.0,2.302173,4.5
2025-04-14 12:00:00,0.0,0.0,0.0,1.9104972,3.9
2025-04-14 13:00:00,0.0,0.0,0.0,1.5953057,2.4
2025-04-14 14:00:00,0.0,0.0,0.0,1.8027756,2.5
2025-04-14 15:00:00,0.0,0.0,0.0,2.1224985,3.1
2025-04-14 16:00:00,0.0,0.0,0.0,2.158703,3.0
2025-04-14 17:00:00,0.0,0.0,0.0,2.0892582,3.1
2025-04-14 18:00:00,0.0,0.0,0.0,2.1708293,2.9
2025-04-14 19:00:00,0.0,0.0,0.0,1.9293782,3.1
2025-04-14 20:00:00,0.0,0.0,0.0,1.9678669,2.9
2025-04-14 21:00:00,0.0,0.0,0.0,1.710263,2.6
2025-04-14 22:00:00,0.0,0.0,0.0,1.9163768,2.9
2025-04-14 23:00:00,0.0,0.0,0.0,1.8200275,2.8
2025-04-15 00:00:00,0.0,0.0,0.0,1.5231546,2.6
2025-04-15 01:00:00,0.0,0.0,0.0,1.0307764,1.9
2025-04-15 02:00:00,0.0,0.0,0.0,0.6708204,2.3
2025-04-15 03:00:00,0.0,0.0,0.0,0.30413812,2.8
2025-04-15 04:00:00,0.0,0.0,0.0,0.20615529,4.5
2025-04-15 05:00:00,0.0,0.0,0.0,0.30413812,5.8
2025-04-15 06:00:00,0.0,0.0,0.0,1.4317821,6.7
2025-04-15 07:00:00,0.1,0.1,0.0,2.1148283,6.6
2025-04-15 08:00:00,0.1,0.1,0.0,2.570992,6.9
2025-04-15 09:00:00,0.6,0.6,0.0,3.1894357,8.4
2025-04-15 10:00:00,0.8,0.8,0.0,4.787745,10.8
2025-04-15 11:00:00,0.5,0.5,0.0,5.2088866,11.0
2025-04-15 12:00:00,0.0,0.0,0.0,5.299528,10.1
2025-04-15 13:00:00,0.0,0.0,0.0,4.6154633,8.6
2025-04-15 14:00:00,0.0,0.0,0.0,3.6881566,6.7
2025-04-15 15:00:00,0.0,0.0,0.0,3.4441981,6.1
2025-04-15 16:00:00,0.0,0.0,0.0,3.4091787,6.2
2025-04-15 17:00:00,0.0,0.0,0.0,3.4003677,6.3
2025-04-15 18:00:00,0.0,0.0,0.0,3.3559647,5.8
2025-04-15 19:00:00,0.0,0.0,0.0,3.214032,5.6
2025-04-15 20:00:00,0.0,0.0,0.0,3.0761175,5.3
2025-04-15 21:00:00,0.0,0.0,0.0,2.7865748,4.8
2025-04-15 22:00:00,0.0,0.0,0.0,2.207374,3.8
2025-04-15 23:00:00,0.0,0.0,0.0,1.8200275,3.3
2025-04-16 00:00:00,0.0,0.0,0.0,2.0862646,3.2
2025-04-16 01:00:00,0.0,0.0,0.0,1.746425,2.7
2025-04-16 02:00:00,0.0,0.0,0.0,2.2022717,4.6
2025-04-16 03:00:00,0.0,0.0,0.0,2.5179358,6.0
2025-04-16 04:00:00,0.0,0.0,0.0,3.901282,8.9
2025-04-16 05:00:00,0.0,0.0,0.0,4.5568633,10.5
2025-04-16 06:00:00,0.0,0.0,0.0,4.776243,10.7
2025-04-16 07:00:00,0.0,0.0,0.0,5.021205,10.8
2025-04-16 08:00:00,0.0,0.0,0.0,5.5183783,11.6
2025-04-16 09:00:00,0.0,0.0,0.0,5.9935384,12.3
2025-04-16 10:00:00,0.0,0.0,0.0,6.583692,12.7
2025-04-16 11:00:00,0.0,0.0,0.0,6.9357767,13.0
2025-04-16 12:00:00,0.0,0.0,0.0,6.889303,12.6
2025-04-16 13:00:00,0.0,0.0,0.0,5.948109,10.5
2025-04-16 14:00:00,0.0,0.0,0.0,5.7454333,9.9
2025-04-16 15:00:00,0.0,0.0,0.0,5.7688823,9.8
2025-04-16 16:00:00,0.0,0.0,0.0,5.936329,10.3
2025-04-16 17:00:00,0.0,0.0,0.0,6.1224995,10.5
2025-04-16 18:00:00,0.0,0.0,0.0,6.053924,10.5
2025-04-16 19:00:00,0.0,0.0,0.0,5.973692,10.8
2025-04-16 20:00:00,0.0,0.0,0.0,5.7118297,10.4
2025-04-16 21:00:00,0.0,0.0,0.0,5.426094,9.8
2025-04-16 22:00:00,0.0,0.0,0.0,5.2153616,8.6
2025-04-16 23:00:00,0.0,0.0,0.0,4.956309,8.1
2025-04-17 00:00:00,0.0,0.0,0.0,5.3397098,8.6
2025-04-17 01:00:00,0.0,0.0,0.0,5.9525204,9.8
2025-04-17 02:00:00,0.0,0.0,0.0,6.710067,11.3
2025-04-17 03:00:00,0.0,0.0,0.0,7.212489,13.9
2025-04-17 04:00:00,0.0,0.0,0.0,7.289204,14.2
2025-04-17 05:00:00,0.4,0.4,0.0,8.117419,15.8
2025-04-17 06:00:00,0.6,0.6,0.0,7.951415,16.4
2025-04-17 07:00:00,0.2,0.2,0.0,7.89446,16.2
2025-04-17 08:00:00,0.1,0.1,0.0,7.6501637,14.7
2025-04-17 09:00:00,0.0,0.0,0.0,7.5166483,14.5
2025-04-17 10:00:00,0.0,0.0,0.0,7.6702347,14.7
2025-04-17 11:00:00,0.0,0.0,0.0,7.4330344,14.2
2025-04-17 12:00:00,0.0,0.0,0.0,6.9218855,13.2
2025-04-17 13:00:00,0.0,0.0,0.0,5.9634304,11.8
2025-04-17 14:00:00,0.0,0.0,0.0,4.1934476,7.5
2025-04-17 15:00:00,0.0,0.0,0.0,2.9129024,4.5
2025-04-17 16:00:00,0.0,0.0,0.0,2.200568,3.6
2025-04-17 17:00:00,0.0,0.0,0.0,2.4253867,4.0
2025-04-17 18:00:00,0.0,0.0,0.0,2.6575365,4.3
2025-04-17 19:00:00,0.0,0.0,0.0,2.5,4.2
2025-04-17 20:00:00,0.0,0.0,0.0,2.5179358,4.2
2025-04-17 21:00:00,0.0,0.0,0.0,3.0565503,5.1
2025-04-17 22:00:00,0.0,0.0,0.0,2.7372432,5.4
2025-04-17 23:00:00,0.0,0.0,0.0,3.0103986,5.4
2025-04-18 00:00:00,0.0,0.0,0.0,3.3860006,6.0
2025-04-18 01:00:00,0.0,0.0,0.0,4.0388737,7.0
2025-04-18 02:00:00,0.0,0.0,0.0,4.2582273,7.7
2025-04-18 03:00:00,0.0,0.0,0.0,5.170348,9.9
2025-04-18 04:00:00,0.2,0.1,0.07,5.9052944,13.4
2025-04-18 05:00:00,0.1,0.1,0.0,6.030962,13.3
2025-04-18 06:00:00,0.2,0.2,0.0,5.8193645,14.5
2025-04-18 07:00:00,0.1,0.1,0.0,5.884301,15.2
2025-04-18 08:00:00,0.1,0.1,0.0,5.602901,14.6
2025-04-18 09:00:00,0.1,0.1,0.0,5.4037023,13.9
2025-04-18 10:00:00,0.1,0.1,0.0,5.1973553,13.2
2025-04-18 11:00:00,0.4,0.3,0.07,4.9517674,13.4
2025-04-18 12:00:00,0.6,0.5,0.07,4.9912424,13.1
2025-04-18 13:00:00,0.1,0.1,0.0,5.567989,10.6
2025-04-18 14:00:00,0.0,0.0,0.0,4.8093657,9.4
2025-04-18 15:00:00,0.0,0.0,0.0,4.124621,7.3
2025-04-18 16:00:00,0.0,0.0,0.0,3.8147738,6.2
2025-04-18 17:00:00,0.0,0.0,0.0,3.496069,5.2
2025-04-18 18:00:00,0.0,0.0,0.0,2.996665,4.2
2025-04-18 19:00:00,0.0,0.0,0.0,2.4300208,4.0
2025-04-18 20:00:00,0.0,0.0,0.0,1.7691805,3.2
2025-04-18 21:00:00,0.0,0.0,0.0,1.9416488,3.0
2025-04-18 22:00:00,0.0,0.0,0.0,1.833712,2.5
2025-04-18 23:00:00,0.0,0.0,0.0,1.5976546,2.2
2025-04-19 00:00:00,0.0,0.0,0.0,1.5532224,2.1
2025-04-19 01:00:00,0.0,0.0,0.0,1.4317821,2.0
2025-04-19 02:00:00,0.0,0.0,0.0,2.0524375,4.4
2025-04-19 03:00:00,0.0,0.0,0.0,2.3505318,5.8
2025-04-19 04:00:00,0.0,0.0,0.0,2.3005433,6.2
2025-04-19 05:00:00,0.0,0.0,0.0,2.4545875,6.7
2025-04-19 06:00:00,0.0,0.0,0.0,2.5223997,7.0
2025-04-19 07:00:00,0.0,0.0,0.0,2.5714781,7.2
2025-04-19 08:00:00,0.0,0.0,0.0,2.6215453,7.2
2025-04-19 09:00:00,0.0,0.0,0.0,2.75,7.2
2025-04-19 10:00:00,0.0,0.0,0.0,2.9410884,7.1
2025-04-19 11:00:00,0.0,0.0,0.0,3.1241,7.0
2025-04-19 12:00:00,0.0,0.0,0.0,3.0103986,6.1
2025-04-19 13:00:00,0.0,0.0,0.0,1.9006578,3.7
2025-04-19 14:00:00,0.0,0.0,0.0,1.9163767,3.1
2025-04-19 15:00:00,0.0,0.0,0.0,2.4581497,4.2
2025-04-19 16:00:00,0.0,0.0,0.0,3.0647185,5.2
2025-04-19 17:00:00,0.0,0.0,0.0,3.535534,5.9
2025-04-19 18:00:00,0.0,0.0,0.0,3.9427147,6.5
2025-04-19 19:00:00,0.0,0.0,0.0,4.238514,7.5
2025-04-19 20:00:00,0.0,0.0,0.0,4.6179,8.1
2025-04-19 21:00:00,0.0,0.0,0.0,4.924429,8.6
2025-04-19 22:00:00,0.0,0.0,0.0,5.0990195,8.6
2025-04-19 23:00:00,0.0,0.0,0.0,5.075924,8.4
2025-04-20 00:00:00,0.0,0.0,0.0,5.0990195,8.6
2025-04-20 01:00:00,0.0,0.0,0.0,5.359338,9.2
2025-04-20 02:00:00,0.0,0.0,0.0,5.7630286,10.3
2025-04-20 03:00:00,0.0,0.0,0.0,5.4426556,10.2
2025-04-20 04:00:00,0.0,0.0,0.0,6.2948394,12.6
2025-04-20 05:00:00,0.0,0.0,0.0,6.8740454,13.7
2025-04-20 06:00:00,0.0,0.0,0.0,6.91755,13.9
2025-04-20 07:00:00,0.0,0.0,0.0,7.2334294,14.4
2025-04-20 08:00:00,0.0,0.0,0.0,7.890025,15.6
2025-04-20 09:00:00,0.0,0.0,0.0,8.380035,16.2
2025-04-20 10:00:00,0.0,0.0,0.0,8.129269,16.3
2025-04-20 11:00:00,0.0,0.0,0.0,7.9120164,15.7
2025-04-20 12:00:00,0.0,0.0,0.0,7.1688557,13.2
2025-04-20 13:00:00,0.0,0.0,0.0,6.5956426,11.7
2025-04-20 14:00:00,0.0,0.0,0.0,6.0276446,10.5
2025-04-20 15:00:00,0.0,0.0,0.0,5.711611,9.9
2025-04-20 16:00:00,0.0,0.0,0.0,5.589499,10.1
2025-04-20 17:00:00,0.0,0.0,0.0,5.700877,10.4
2025-04-20 18:00:00,0.0,0.0,0.0,5.776028,10.5
2025-04-20 19:00:00,0.0,0.0,0.0,5.9297976,10.7
2025-04-20 20:00:00,0.0,0.0,0.0,5.8380218,10.6
2025-04-20 21:00:00,0.0,0.0,0.0,5.5301447,9.9
2025-04-20 22:00:00,0.0,0.0,0.0,4.8931074,8.9
2025-04-20 23:00:00,0.0,0.0,0.0,4.160829,7.6
2025-04-21 00:00:00,0.0,0.0,0.0,3.463019,6.1
2025-04-21 01:00:00,0.0,0.0,0.0,2.7681222,4.9
2025-04-21 02:00:00,0.0,0.0,0.0,2.581182,4.6
2025-04-21 03:00:00,0.0,0.0,0.0,2.0155644,4.8
2025-04-21 04:00:00,0.3,0.3,0.0,1.85,5.1
2025-04-21 05:00:00,0.2,0.2,0.0,2.3547823,7.1
2025-04-21 06:00:00,0.2,0.2,0.0,2.5622256,4.8
2025-04-21 07:00:00,0.2,0.2,0.0,2.505993,6.8
2025-04-21 08:00:00,0.1,0.1,0.0,2.3753946,5.9
2025-04-21 09:00:00,0.0,0.0,0.0,2.1260293,5.8
2025-04-21 10:00:00,0.0,0.0,0.0,2.236068,5.1
2025-04-21 11:00:00,0.0,0.0,0.0,2.1954498,4.9
2025-04-21 12:00:00,0.0,0.0,0.0,2.6925824,4.3
2025-04-21 13:00:00,0.0,0.0,0.0,1.9455076,3.8
2025-04-21 14:00:00,0.0,0.0,0.0,1.9416487,3.1
2025-04-21 15:00:00,0.1,0.1,0.0,2.55196,3.6
2025-04-21 16:00:00,0.1,0.1,0.0,2.9841247,5.2
2025-04-21 17:00:00,0.1,0.1,0.0,3.051639,4.2
2025-04-21 18:00:00,0.1,0.1,0.0,2.6655207,4.1
2025-04-21 19:00:00,0.0,0.0,0.0,2.5942245,4.2
2025-04-21 20:00:00,0.0,0.0,0.0,2.5387006,4.1
2025-04-21 21:00:00,0.0,0.0,0.0,2.302173,3.7
2025-04-21 22:00:00,0.1,0.1,0.0,1.7327724,3.8
2025-04-21 23:00:00,0.2,0.2,0.0,1.7804494,3.5
2025-04-22 00:00:00,0.0,0.0,0.0,1.9319679,3.2
2025-04-22 01:00:00,0.0,0.0,0.0,1.746425,3.2
2025-04-22 02:00:00,0.0,0.0,0.0,1.6124516,4.1
2025-04-22 03:00:00,0.0,0.0,0.0,1.5116217,4.7
2025-04-22 04:00:00,0.0,0.0,0.0,1.9319679,5.1
2025-04-22 05:00:00,0.0,0.0,0.0,2.214159,5.9
2025-04-22 06:00:00,0.0,0.0,0.0,2.5,9.8
2025-04-22 07:00:00,0.0,0.0,0.0,2.7212129,9.4
2025-04-22 08:00:00,0.0,0.0,0.0,2.6725454,9.2
2025-04-22 09:00:00,0.0,0.0,0.0,2.6967573,8.6
2025-04-22 10:00:00,0.0,0.0,0.0,2.9068885,7.7
2025-04-22 11:00:00,0.0,0.0,0.0,2.8692334,7.5
2025-04-22 12:00:00,0.0,0.0,0.0,2.4166093,6.5
2025-04-22 13:00:00,0.0,0.0,0.0,1.6007811,6.1
2025-04-22 14:00:00,0.0,0.0,0.0,1.6620771,3.9
2025-04-22 15:00:00,0.0,0.0,0.0,2.4581497,3.0
2025-04-22 16:00:00,0.0,0.0,0.0,2.404163,2.1
2025-04-22 17:00:00,0.0,0.0,0.0,2.75,3.3
2025-04-22 18:00:00,0.0,0.0,0.0,2.6767519,4.0
2025-04-22 19:00:00,0.0,0.0,0.0,2.5961509,4.3
2025-04-22 20:00:00,0.0,0.0,0.0,2.5495098,4.1
2025-04-22 21:00:00,0.0,0.0,0.0,2.6443334,4.3
2025-04-22 22:00:00,0.0,0.0,0.0,2.7856774,4.4
2025-04-22 23:00:00,0.0,0.0,0.0,2.7771387,4.4
2025-04-23 00:00:00,0.0,0.0,0.0,2.7280946,4.3
2025-04-23 01:00:00,0.0,0.0,0.0,2.9068882,4.9
2025-04-23 02:00:00,0.0,0.0,0.0,3.4889112,6.0
2025-04-23 03:00:00,0.0,0.0,0.0,3.422353,6.8
2025-04-23 04:00:00,0.0,0.0,0.0,3.7619808,8.0
2025-04-23 05:00:00,0.0,0.0,0.0,4.1743264,8.8
2025-04-23 06:00:00,0.0,0.0,0.0,4.4869256,9.5
2025-04-23 07:00:00,0.0,0.0,0.0,4.8254533,12.8
2025-04-23 08:00:00,0.0,0.0,0.0,5.7177353,12.7
2025-04-23 09:00:00,0.1,0.1,0.0,6.3890533,12.9
2025-04-23 10:00:00,0.6,0.6,0.0,4.3419466,10.3
2025-04-23 11:00:00,0.0,0.0,0.0,4.6010866,9.5
2025-04-23 12:00:00,0.5,0.5,0.0,2.5811818,7.8
2025-04-23 13:00:00,0.0,0.0,0.0,2.0796635,3.9
2025-04-23 14:00:00,0.0,0.0,0.0,2.7073975,3.2
2025-04-23 15:00:00,0.0,0.0,0.0,4.181507,5.3
2025-04-23 16:00:00,0.0,0.0,0.0,4.7320714,8.1
2025-04-23 17:00:00,0.0,0.0,0.0,4.9517674,9.5
2025-04-23 18:00:00,0.0,0.0,0.0,5.127621,9.7
2025-04-23 19:00:00,0.0,0.0,0.0,5.1792855,9.4
2025-04-23 20:00:00,0.0,0.0,0.0,4.8954062,8.9
2025-04-23 21:00:00,0.0,0.0,0.0,4.6768045,8.4
2025-04-23 22:00:00,0.0,0.0,0.0,4.854122,8.1
2025-04-23 23:00:00,0.0,0.0,0.0,4.609772,7.9
2025-04-24 00:00:00,0.0,0.0,0.0,4.4525275,7.6
2025-04-24 01:00:00,0.0,0.0,0.0,4.512482,7.8
2025-04-24 02:00:00,0.0,0.0,0.0,4.636,9.2
2025-04-24 03:00:00,0.0,0.0,0.0,4.6607404,9.5
2025-04-24 04:00:00,0.0,0.0,0.0,4.2994184,9.3
2025-04-24 05:00:00,0.0,0.0,0.0,4.14367,9.4
2025-04-24 06:00:00,0.0,0.0,0.0,4.1800117,9.5
2025-04-24 07:00:00,0.0,0.0,0.0,4.1027427,9.3
2025-04-24 08:00:00,0.0,0.0,0.0,3.8160844,8.8
2025-04-24 09:00:00,0.0,0.0,0.0,3.5923529,8.3
2025-04-24 10:00:00,0.0,0.0,0.0,3.9739778,7.8
2025-04-24 11:00:00,0.0,0.0,0.0,3.7884693,7.4
2025-04-24 12:00:00,0.0,0.0,0.0,3.5794554,6.8
2025-04-24 13:00:00,0.0,0.0,0.0,2.7354157,5.3
2025-04-24 14:00:00,0.0,0.0,0.0,2.6386547,4.0
2025-04-24 15:00:00,0.0,0.0,0.0,3.1408596,4.8
2025-04-24 16:00:00,0.0,0.0,0.0,3.2097507,5.4
2025-04-24 17:00:00,0.0,0.0,0.0,3.1384711,5.2
2025-04-24 18:00:00,0.0,0.0,0.0,3.130495,4.8
2025-04-24 19:00:00,0.0,0.0,0.0,2.9415133,4.9
2025-04-24 20:00:00,0.0,0.0,0.0,2.6100764,4.2
2025-04-24 21:00:00,0.0,0.0,0.0,2.5806975,4.2
2025-04-24 22:00:00,0.0,0.0,0.0,2.607681,4.4
2025-04-24 23:00:00,0.0,0.0,0.0,2.6215453,4.1
2025-04-25 00:00:00,0.0,0.0,0.0,2.5223997,3.8
2025-04-25 01:00:00,0.0,0.0,0.0,2.8319604,4.3
2025-04-25 02:00:00,0.0,0.0,0.0,3.0054116,5.2
2025-04-25 03:00:00,0.0,0.0,0.0,2.6315393,5.4
2025-04-25 04:00:00,0.0,0.0,0.0,2.5806975,5.7
2025-04-25 05:00:00,0.0,0.0,0.0,2.804015,6.1
2025-04-25 06:00:00,0.0,0.0,0.0,3.0858548,6.6
2025-04-25 07:00:00,0.0,0.0,0.0,3.6266377,8.2
2025-04-25 08:00:00,0.0,0.0,0.0,4.1548166,9.6
2025-04-25 09:00:00,0.0,0.0,0.0,4.2755113,9.5
2025-04-25 10:00:00,0.0,0.0,0.0,4.8859496,9.3
2025-04-25 11:00:00,0.0,0.0,0.0,4.506939,8.9
2025-04-25 12:00:00,0.0,0.0,0.0,3.541892,6.3
2025-04-25 13:00:00,0.0,0.0,0.0,2.830636,4.5
2025-04-25 14:00:00,0.0,0.0,0.0,2.4020824,4.4
2025-04-25 15:00:00,0.0,0.0,0.0,2.8217902,5.1
2025-04-25 16:00:00,0.0,0.0,0.0,3.1894357,5.7
2025-04-25 17:00:00,0.0,0.0,0.0,3.363406,6.3
2025-04-25 18:00:00,0.0,0.0,0.0,3.256148,6.5
2025-04-25 19:00:00,0.0,0.0,0.0,3.256148,5.6
2025-04-25 20:00:00,0.0,0.0,0.0,3.3559647,5.8
2025-04-25 21:00:00,0.0,0.0,0.0,3.5,6.0
2025-04-25 22:00:00,0.0,0.0,0.0,3.8059163,6.4
2025-04-25 23:00:00,0.0,0.0,0.0,3.5171013,6.8
2025-04-26 00:00:00,0.0,0.0,0.0,3.6667426,7.0
2025-04-26 01:00:00,0.0,0.0,0.0,4.1027427,7.6
2025-04-26 02:00:00,0.0,0.0,0.0,4.7594643,8.8
2025-04-26 03:00:00,0.0,0.0,0.0,5.0539594,9.8
2025-04-26 04:00:00,0.0,0.0,0.0,5.9044476,11.1
2025-04-26 05:00:00,0.0,0.0,0.0,6.1459336,11.9
2025-04-26 06:00:00,0.0,0.0,0.0,6.2507997,12.6
2025-04-26 07:00:00,0.0,0.0,0.0,7.0028567,13.7
2025-04-26 08:00:00,0.0,0.0,0.0,7.5501657,14.7
2025-04-26 09:00:00,0.0,0.0,0.0,8.062568,17.4
2025-04-26 10:00:00,0.0,0.0,0.0,8.691663,14.8
2025-04-26 11:00:00,0.0,0.0,0.0,8.309633,14.8
2025-04-26 12:00:00,0.0,0.0,0.0,7.5081625,12.5
2025-04-26 13:00:00,0.0,0.0,0.0,6.4517436,10.1
2025-04-26 14:00:00,0.0,0.0,0.0,5.141984,8.7
2025-04-26 15:00:00,0.5,0.5,0.0,4.4418464,7.5
2025-04-26 16:00:00,0.1,0.1,0.0,4.4102154,7.8
2025-04-26 17:00:00,0.0,0.0,0.0,5.1739736,8.2
2025-04-26 18:00:00,0.3,0.3,0.0,4.790877,8.6
2025-04-26 19:00:00,0.3,0.3,0.0,3.1484122,7.4
2025-04-26 20:00:00,1.2,1.2,0.0,1.4849241,7.0
2025-04-26 21:00:00,1.8,1.8,0.0,1.718284,2.8
2025-04-26 22:00:00,0.6,0.6,0.0,2.0615528,3.6
2025-04-26 23:00:00,0.2,0.2,0.0,2.442335,4.0
2025-04-27 00:00:00,0.0,0.0,0.0,2.0155644,3.9
2025-04-27 01:00:00,0.0,0.0,0.0,1.637834,3.8
2025-04-27 02:00:00,0.0,0.0,0.0,1.6918925,4.9
2025-04-27 03:00:00,0.0,0.0,0.0,1.8560711,5.7
2025-04-27 04:00:00,0.2,0.2,0.0,2.0651877,7.0
2025-04-27 05:00:00,0.1,0.1,0.0,2.529822,6.0
2025-04-27 06:00:00,0.0,0.0,0.0,2.7577164,7.7
2025-04-27 07:00:00,0.0,0.0,0.0,2.074247,5.4
2025-04-27 08:00:00,0.1,0.1,0.0,1.5913831,6.3
2025-04-27 09:00:00,0.2,0.2,0.0,2.7613401,8.4
2025-04-27 10:00:00,0.2,0.2,0.0,2.4166093,7.9
2025-04-27 11:00:00,2.4,2.4,0.0,4.2793107,7.9
2025-04-27 12:00:00,0.9,0.9,0.0,3.324154,6.7
2025-04-27 13:00:00,0.0,0.0,0.0,2.6617665,5.8
2025-04-27 14:00:00,1.7,1.7,0.0,2.4520397,6.6
2025-04-27 15:00:00,0.5,0.5,0.0,2.5622256,5.7
2025-04-27 16:00:00,0.0,0.0,0.0,2.754088,6.1
2025-04-27 17:00:00,0.0,0.0,0.0,2.6086395,5.5
2025-04-27 18:00:00,0.0,0.0,0.0,2.8412147,4.7
2025-04-27 19:00:00,0.0,0.0,0.0,3.0207617,5.2
2025-04-27 20:00:00,0.0,0.0,0.0,3.0463092,5.3
2025-04-27 21:00:00,0.0,0.0,0.0,2.9567719,5.1
2025-04-27 22:00:00,0.0,0.0,0.0,2.5124688,4.3
2025-04-27 23:00:00,0.0,0.0,0.0,2.4129858,3.5
2025-04-28 00:00:00,0.0,0.0,0.0,2.0862646,3.5
2025-04-28 01:00:00,0.0,0.0,0.0,2.8151376,4.4
2025-04-28 02:00:00,0.0,0.0,0.0,3.001666,5.4
2025-04-28 03:00:00,0.0,0.0,0.0,3.2442257,6.3
2025-04-28 04:00:00,0.0,0.0,0.0,3.677295,7.8
2025-04-28 05:00:00,0.0,0.0,0.0,4.57739,9.5
2025-04-28 06:00:00,0.0,0.0,0.0,5.8604608,11.1
2025-04-28 07:00:00,0.0,0.0,0.0,6.7507405,13.2
2025-04-28 08:00:00,0.0,0.0,0.0,7.338426,14.6
2025-04-28 09:00:00,0.0,0.0,0.0,8.103858,15.7
2025-04-28 10:00:00,0.0,0.0,0.0,10.823701,19.4
2025-04-28 11:00:00,0.0,0.0,0.0,9.176737,15.3
2025-04-28 12:00:00,0.0,0.0,0.0,9.334077,15.6
2025-04-28 13:00:00,0.0,0.0,0.0,8.48646,14.8
2025-04-28 14:00:00,0.0,0.0,0.0,7.2272058,12.8
2025-04-28 15:00:00,0.0,0.0,0.0,6.2795305,11.3
2025-04-28 16:00:00,0.0,0.0,0.0,6.315853,10.7
2025-04-28 17:00:00,0.0,0.0,0.0,6.620045,11.0
2025-04-28 18:00:00,0.0,0.0,0.0,6.648308,11.2
2025-04-28 19:00:00,0.0,0.0,0.0,6.6772,12.2
2025-04-28 20:00:00,0.0,0.0,0.0,6.8622155,12.5
2025-04-28 21:00:00,0.0,0.0,0.0,7.0123105,12.8
2025-04-28 22:00:00,0.0,0.0,0.0,7.424453,12.8
2025-04-28 23:00:00,0.0,0.0,0.0,7.215435,12.3
2025-04-29 00:00:00,0.0,0.0,0.0,7.289204,12.6
2025-04-29 01:00:00,0.0,0.0,0.0,7.591113,12.6
2025-04-29 02:00:00,0.0,0.0,0.0,8.357033,14.9
2025-04-29 03:00:00,0.0,0.0,0.0,8.747856,16.4
2025-04-29 04:00:00,0.0,0.0,0.0,9.082401,17.5
2025-04-29 05:00:00,0.0,0.0,0.0,10.072239,18.4
2025-04-29 06:00:00,0.0,0.0,0.0,11.194306,20.2
2025-04-29 07:00:00,0.0,0.0,0.0,11.963382,22.9
2025-04-29 08:00:00,0.0,0.0,0.0,12.4965,23.7
2025-04-29 09:00:00,0.0,0.0,0.0,12.812982,24.3
2025-04-29 10:00:00,0.0,0.0,0.0,12.966303,22.9
2025-04-29 11:00:00,0.0,0.0,0.0,13.029198,23.0
2025-04-29 12:00:00,0.0,0.0,0.0,11.662011,21.9
2025-04-29 13:00:00,0.0,0.0,0.0,10.490233,19.0
2025-04-29 14:00:00,0.0,0.0,0.0,9.198369,16.4
2025-04-29 15:00:00,0.0,0.0,0.0,8.1555195,14.3
2025-04-29 16:00:00,0.0,0.0,0.0,7.358329,12.7
2025-04-29 17:00:00,0.0,0.0,0.0,6.8616686,11.6
2025-04-29 18:00:00,0.0,0.0,0.0,6.6979475,11.6
2025-04-29 19:00:00,0.0,0.0,0.0,6.151626,11.3
2025-04-29 20:00:00,0.0,0.0,0.0,5.570009,10.1
2025-04-29 21:00:00,0.0,0.0,0.0,4.99925,9.0
2025-04-29 22:00:00,0.0,0.0,0.0,4.4777226,8.1
2025-04-29 23:00:00,0.0,0.0,0.0,3.938591,6.8
2025-04-30 00:00:00,0.0,0.0,0.0,3.535534,5.4
2025-04-30 01:00:00,0.0,0.0,0.0,3.2003906,5.0
2025-04-30 02:00:00,0.0,0.0,0.0,3.1100645,5.8
2025-04-30 03:00:00,0.0,0.0,0.0,2.865746,6.5
2025-04-30 04:00:00,0.0,0.0,0.0,2.3753946,6.8
2025-04-30 05:00:00,0.0,0.0,0.0,2.0934422,6.3
2025-04-30 06:00:00,0.0,0.0,0.0,2.2209232,5.8
2025-04-30 07:00:00,0.0,0.0,0.0,2.3711812,6.8
2025-04-30 08:00:00,0.0,0.0,0.0,2.4884734,6.9
2025-04-30 09:00:00,0.0,0.0,0.0,2.3879907,6.7
2025-04-30 10:00:00,0.0,0.0,0.0,2.1224985,6.3
2025-04-30 11:00:00,0.0,0.0,0.0,1.972942,5.8
2025-04-30 12:00:00,0.0,0.0,0.0,1.8027756,4.8
2025-04-30 13:00:00,0.0,0.0,0.0,1.6620771,3.3
2025-04-30 14:00:00,0.0,0.0,0.0,1.7691805,2.4
2025-04-30 15:00:00,0.0,0.0,0.0,2.418677,3.2
2025-04-30 16:00:00,0.0,0.0,0.0,2.4829419,3.6
2025-04-30 17:00:00,0.0,0.0,0.0,2.442335,3.8
2025-04-30 18:00:00,0.0,0.0,0.0,2.529822,3.9
2025-04-30 19:00:00,0.0,0.0,0.0,2.540177,3.9
2025-04-30 20:00:00,0.0,0.0,0.0,2.4253867,3.9
2025-04-30 21:00:00,0.0,0.0,0.0,2.2945588,3.8
2025-04-30 22:00:00,0.0,0.0,0.0,2.4738634,3.9
2025-04-30 23:00:00,0.0,0.0,0.0,2.316247,3.8
2025-05-01 00:00:00,0.0,0.0,0.0,2.0886598,3.5
2025-05-01 01:00:00,0.0,0.0,0.0,2.236068,3.5
2025-05-01 02:00:00,0.0,0.0,0.0,2.285279,4.4
2025-05-01 03:00:00,0.0,0.0,0.0,2.267708,5.2
2025-05-01 04:00:00,0.0,0.0,0.0,2.804015,6.5
2025-05-01 05:00:00,0.0,0.0,0.0,3.4176016,7.7
2025-05-01 06:00:00,0.0,0.0,0.0,3.3245301,7.9
2025-05-01 07:00:00,0.0,0.0,0.0,3.3871078,8.1
2025-05-01 08:00:00,0.0,0.0,0.0,3.471311,8.2
2025-05-01 09:00:00,0.0,0.0,0.0,3.434021,8.0
2025-05-01 10:00:00,0.0,0.0,0.0,3.9802637,7.6
2025-05-01 11:00:00,0.0,0.0,0.0,3.7606516,6.9
2025-05-01 12:00:00,0.0,0.0,0.0,3.3589432,6.0
2025-05-01 13:00:00,0.0,0.0,0.0,2.1100948,3.7
2025-05-01 14:00:00,0.0,0.0,0.0,2.0886598,2.8
2025-05-01 15:00:00,0.0,0.0,0.0,2.5238857,3.0
2025-05-01 16:00:00,0.0,0.0,0.0,2.3032584,3.5
2025-05-01 17:00:00,0.0,0.0,0.0,2.147091,3.2
2025-05-01 18:00:00,0.0,0.0,0.0,2.0155644,3.0
2025-05-01 19:00:00,0.0,0.0,0.0,2.0940392,3.5
2025-05-01 20:00:00,0.0,0.0,0.0,2.510976,4.6
2025-05-01 21:00:00,0.0,0.0,0.0,2.8692334,5.1
2025-05-01 22:00:00,0.0,0.0,0.0,2.6315393,4.7
2025-05-01 23:00:00,0.0,0.0,0.0,2.3200216,3.9
2025-05-02 00:00:00,0.0,0.0,0.0,1.8439089,3.2
2025-05-02 01:00:00,0.0,0.0,0.0,2.4682992,4.1
2025-05-02 02:00:00,0.0,0.0,0.0,2.7064738,5.5
2025-05-02 03:00:00,0.0,0.0,0.0,3.4525354,7.0
2025-05-02 04:00:00,0.0,0.0,0.0,3.6345563,7.9
2025-05-02 05:00:00,0.0,0.0,0.0,3.6912057,8.4
2025-05-02 06:00:00,0.0,0.0,0.0,4.025233,9.4
2025-05-02 07:00:00,0.0,0.0,0.0,5.10392,12.1
2025-05-02 08:00:00,0.0,0.0,0.0,5.824946,12.2
2025-05-02 09:00:00,0.0,0.0,0.0,5.7900777,12.0
2025-05-02 10:00:00,0.0,0.0,0.0,5.7194843,11.6
2025-05-02 11:00:00,0.0,0.0,0.0,5.682649,10.9
2025-05-02 12:00:00,0.0,0.0,0.0,5.4392095,10.0
2025-05-02 13:00:00,0.0,0.0,0.0,4.4407206,7.8
2025-05-02 14:00:00,0.0,0.0,0.0,3.5468295,5.3
2025-05-02 15:00:00,0.0,0.0,0.0,2.7280946,3.7
2025-05-02 16:00:00,0.0,0.0,0.0,2.5739076,3.7
2025-05-02 17:00:00,0.0,0.0,0.0,2.6744158,4.0
2025-05-02 18:00:00,0.0,0.0,0.0,2.408319,4.1
2025-05-02 19:00:00,0.0,0.0,0.0,2.1272047,3.5
2025-05-02 20:00:00,0.0,0.0,0.0,2.1965883,3.6
2025-05-02 21:00:00,0.0,0.0,0.0,2.1242645,3.5
2025-05-02 22:00:00,0.0,0.0,0.0,2.3436084,3.7
2025-05-02 23:00:00,0.0,0.0,0.0,2.4,3.7
2025-05-03 00:00:00,0.0,0.0,0.0,2.3690715,3.9
2025-05-03 01:00:00,0.0,0.0,0.0,3.118493,5.5
2025-05-03 02:00:00,0.0,0.0,0.0,3.4731112,6.6
2025-05-03 03:00:00,0.0,0.0,0.0,3.8587563,8.0
2025-05-03 04:00:00,0.0,0.0,0.0,3.7583241,8.5
2025-05-03 05:00:00,0.0,0.0,0.0,3.9258757,8.8
2025-05-03 06:00:00,0.0,0.0,0.0,3.940812,8.6
2025-05-03 07:00:00,0.0,0.0,0.0,3.8849065,8.6
2025-05-03 08:00:00,0.0,0.0,0.0,4.0635576,9.0
2025-05-03 09:00:00,0.0,0.0,0.0,4.186287,8.8
2025-05-03 10:00:00,0.0,0.0,0.0,4.7333922,8.8
2025-05-03 11:00:00,0.0,0.0,0.0,4.674666,8.3
2025-05-03 12:00:00,0.3,0.3,0.0,4.1439714,6.2
2025-05-03 13:00:00,0.4,0.4,0.0,3.491776,5.2
2025-05-03 14:00:00,0.3,0.3,0.0,4.494719,7.5
2025-05-03 15:00:00,0.0,0.0,0.0,4.944947,8.3
2025-05-03 16:00:00,0.0,0.0,0.0,5.134686,9.0
2025-05-03 17:00:00,0.0,0.0,0.0,5.6189413,9.7
2025-05-03 18:00:00,0.0,0.0,0.0,5.7710485,9.9
2025-05-03 19:00:00,0.0,0.0,0.0,5.728001,10.4
2025-05-03 20:00:00,0.0,0.0,0.0,5.5129395,10.0
2025-05-03 21:00:00,0.0,0.0,0.0,5.1538815,9.4
2025-05-03 22:00:00,0.0,0.0,0.0,5.144171,8.3
2025-05-03 23:00:00,0.0,0.0,0.0,4.7095647,8.0
2025-05-04 00:00:00,0.2,0.2,0.0,4.3548822,8.4
2025-05-04 01:00:00,0.2,0.2,0.0,4.4263415,8.3
2025-05-04 02:00:00,0.1,0.1,0.0,4.9540386,8.8
2025-05-04 03:00:00,0.0,0.0,0.0,5.6435804,9.4
2025-05-04 04:00:00,0.0,0.0,0.0,5.6859474,10.7
2025-05-04 05:00:00,0.0,0.0,0.0,6.046693,11.5
2025-05-04 06:00:00,0.0,0.0,0.0,5.8234444,12.1
2025-05-04 07:00:00,0.0,0.0,0.0,5.1790442,10.7
2025-05-04 08:00:00,0.0,0.0,0.0,4.750263,10.1
2025-05-04 09:00:00,0.0,0.0,0.0,4.5961943,9.8
2025-05-04 10:00:00,0.0,0.0,0.0,4.924429,9.9
2025-05-04 11:00:00,0.0,0.0,0.0,5.1722817,10.0
2025-05-04 12:00:00,0.0,0.0,0.0,4.923921,9.3
2025-05-04 13:00:00,0.0,0.0,0.0,4.09176,7.7
2025-05-04 14:00:00,0.0,0.0,0.0,3.4409301,6.2
2025-05-04 15:00:00,0.0,0.0,0.0,3.0923293,5.3
2025-05-04 16:00:00,0.0,0.0,0.0,2.9025853,5.0
2025-05-04 17:00:00,0.0,0.0,0.0,2.8640006,4.9
2025-05-04 18:00:00,0.0,0.0,0.0,2.554408,4.6
2025-05-04 19:00:00,0.0,0.0,0.0,2.0615528,3.5
2025-05-04 20:00:00,0.0,0.0,0.0,2.554408,3.7
2025-05-04 21:00:00,0.0,0.0,0.0,2.1691012,3.5
2025-05-04 22:00:00,0.0,0.0,0.0,2.2808988,3.5
2025-05-04 23:00:00,0.0,0.0,0.0,2.1731312,3.5
2025-05-05 00:00:00,0.0,0.0,0.0,2.0012496,3.4
2025-05-05 01:00:00,0.0,0.0,0.0,2.6386547,4.7
2025-05-05 02:00:00,0.0,0.0,0.0,2.6076808,5.5
2025-05-05 03:00:00,0.0,0.0,0.0,3.0504098,6.5
2025-05-05 04:00:00,0.0,0.0,0.0,4.0003123,8.2
2025-05-05 05:00:00,0.0,0.0,0.0,4.821048,10.0
2025-05-05 06:00:00,0.0,0.0,0.0,5.0982842,10.6
2025-05-05 07:00:00,0.0,0.0,0.0,5.5013633,11.5
2025-05-05 08:00:00,0.0,0.0,0.0,6.428841,13.0
2025-05-05 09:00:00,0.0,0.0,0.0,6.8784084,13.6
2025-05-05 10:00:00,0.0,0.0,0.0,6.88767,12.6
2025-05-05 11:00:00,0.0,0.0,0.0,5.7454333,10.1
2025-05-05 12:00:00,0.0,0.0,0.0,4.6872168,7.2
2025-05-05 13:00:00,0.0,0.0,0.0,2.8412147,4.3
2025-05-05 14:00:00,0.0,0.0,0.0,2.2588713,2.8
2025-05-05 15:00:00,0.0,0.0,0.0,2.7170758,3.3
2025-05-05 16:00:00,0.0,0.0,0.0,2.4989996,3.7
2025-05-05 17:00:00,0.0,0.0,0.0,2.2770596,3.7
2025-05-05 18:00:00,0.0,0.0,0.0,2.3420076,3.8
2025-05-05 19:00:00,0.0,0.0,0.0,2.1783023,3.6
2025-05-05 20:00:00,0.0,0.0,0.0,2.2203605,3.6
2025-05-05 21:00:00,0.0,0.0,0.0,2.3537204,3.7
2025-05-05 22:00:00,0.0,0.0,0.0,2.158703,3.5
2025-05-05 23:00:00,0.0,0.0,0.0,2.0353131,3.4
2025-05-06 00:00:00,0.0,0.0,0.0,2.1219096,3.4
2025-05-06 01:00:00,0.0,0.0,0.0,2.5553863,4.0
2025-05-06 02:00:00,0.0,0.0,0.0,2.5714781,4.8
2025-05-06 03:00:00,0.0,0.0,0.0,2.2147236,5.1
2025-05-06 04:00:00,0.0,0.0,0.0,2.2610838,5.6
2025-05-06 05:00:00,0.0,0.0,0.0,2.830636,6.8
2025-05-06 06:00:00,0.0,0.0,0.0,4.229953,8.2
2025-05-06 07:00:00,0.0,0.0,0.0,4.3829217,9.5
2025-05-06 08:00:00,0.0,0.0,0.0,4.2109976,9.4
2025-05-06 09:00:00,0.0,0.0,0.0,3.8694315,8.5
2025-05-06 10:00:00,0.0,0.0,0.0,4.2573466,7.8
2025-05-06 11:00:00,0.0,0.0,0.0,3.9702015,6.5
2025-05-06 12:00:00,0.0,0.0,0.0,3.6674242,5.3
2025-05-06 13:00:00,0.0,0.0,0.0,2.6683328,4.0
2025-05-06 14:00:00,0.0,0.0,0.0,2.6504717,4.2
2025-05-06 15:00:00,0.0,0.0,0.0,3.1535695,5.3
2025-05-06 16:00:00,0.0,0.0,0.0,3.45,5.9
2025-05-06 17:00:00,0.0,0.0,0.0,3.5014284,5.9
2025-05-06 18:00:00,0.0,0.0,0.0,3.653081,6.0
2025-05-06 19:00:00,0.0,0.0,0.0,3.8029594,6.3
2025-05-06 20:00:00,0.0,0.0,0.0,3.4860437,5.9
2025-05-06 21:00:00,0.0,0.0,0.0,2.2203603,4.3
2025-05-06 22:00:00,0.0,0.0,0.0,1.7613915,3.3
2025-05-06 23:00:00,0.0,0.0,0.0,0.60207975,2.7
2025-05-07 00:00:00,0.0,0.0,0.0,1.5435349,2.1
2025-05-07 01:00:00,0.0,0.0,0.0,1.8117672,2.9
2025-05-07 02:00:00,0.0,0.0,0.0,2.158703,3.7
2025-05-07 03:00:00,0.0,0.0,0.0,1.607016,3.7
2025-05-07 04:00:00,0.0,0.0,0.0,1.4080129,3.6
2025-05-07 05:00:00,0.0,0.0,0.0,2.0112185,4.5
2025-05-07 06:00:00,0.1,0.1,0.0,2.100595,4.7
2025-05-07 07:00:00,0.0,0.0,0.0,1.9912307,5.4
2025-05-07 08:00:00,0.0,0.0,0.0,1.914419,5.1
2025-05-07 09:00:00,0.0,0.0,0.0,1.6347783,4.3
2025-05-07 10:00:00,0.0,0.0,0.0,1.17047,3.1
2025-05-07 11:00:00,0.0,0.0,0.0,0.8062258,3.0
2025-05-07 12:00:00,0.0,0.0,0.0,0.6670832,2.6
2025-05-07 13:00:00,0.0,0.0,0.0,1.3892444,2.1
2025-05-07 14:00:00,0.0,0.0,0.0,2.25,2.8
2025-05-07 15:00:00,0.0,0.0,0.0,2.8504386,3.8
2025-05-07 16:00:00,0.0,0.0,0.0,3.05,4.6
2025-05-07 17:00:00,0.0,0.0,0.0,3.1016126,4.6
2025-05-07 18:00:00,0.0,0.0,0.0,3.1780496,4.6
2025-05-07 19:00:00,0.0,0.0,0.0,3.0732718,5.4
2025-05-07 20:00:00,0.0,0.0,0.0,2.976995,5.2
2025-05-07 21:00:00,0.0,0.0,0.0,2.9681644,5.1
2025-05-07 22:00:00,0.0,0.0,0.0,2.8017852,4.8
2025-05-07 23:00:00,0.0,0.0,0.0,2.510478,4.4
2025-05-08 00:00:00,0.0,0.0,0.0,2.5455844,4.3
2025-05-08 01:00:00,0.0,0.0,0.0,2.795085,4.9
2025-05-08 02:00:00,0.0,0.0,0.0,3.2649655,5.8
2025-05-08 03:00:00,0.0,0.0,0.0,3.2901368,6.0
2025-05-08 04:00:00,0.0,0.0,0.0,3.2901368,7.1
2025-05-08 05:00:00,0.0,0.0,0.0,3.5846896,7.7
2025-05-08 06:00:00,0.0,0.0,0.0,3.8736289,8.6
2025-05-08 07:00:00,0.0,0.0,0.0,4.0635576,8.4
2025-05-08 08:00:00,0.0,0.0,0.0,4.232316,8.8
2025-05-08 09:00:00,0.0,0.0,0.0,4.5235496,8.8
2025-05-08 10:00:00,0.0,0.0,0.0,5.6885853,9.4
2025-05-08 11:00:00,0.0,0.0,0.0,5.4030085,9.3
2025-05-08 12:00:00,0.0,0.0,0.0,4.3200116,7.9
2025-05-08 13:00:00,0.0,0.0,0.0,3.1384711,6.0
2025-05-08 14:00:00,0.0,0.0,0.0,3.08099,5.6
2025-05-08 15:00:00,0.0,0.0,0.0,3.6100557,6.2
2025-05-08 16:00:00,0.0,0.0,0.0,3.9300127,6.3
2025-05-08 17:00:00,0.0,0.0,0.0,3.5794554,6.3
2025-05-08 18:00:00,0.0,0.0,0.0,3.1890438,5.8
2025-05-08 19:00:00,0.0,0.0,0.0,2.8900692,5.1
2025-05-08 20:00:00,0.0,0.0,0.0,2.857009,4.9
2025-05-08 21:00:00,0.0,0.0,0.0,2.7189152,4.6
2025-05-08 22:00:00,0.0,0.0,0.0,2.5005,4.4
2025-05-08 23:00:00,0.0,0.0,0.0,2.7658634,4.7
2025-05-09 00:00:00,0.0,0.0,0.0,2.5268557,4.2
2025-05-09 01:00:00,0.0,0.0,0.0,2.6706738,4.4
2025-05-09 02:00:00,0.0,0.0,0.0,2.4758837,5.1
2025-05-09 03:00:00,0.0,0.0,0.0,2.1965883,5.6
2025-05-09 04:00:00,0.0,0.0,0.0,2.4005208,6.3
2025-05-09 05:00:00,0.0,0.0,0.0,2.641969,7.0
2025-05-09 06:00:00,0.0,0.0,0.0,2.8217902,10.2
2025-05-09 07:00:00,0.0,0.0,0.0,3.8551912,9.5
2025-05-09 08:00:00,0.0,0.0,0.0,4.548626,9.6
2025-05-09 09:00:00,0.1,0.1,0.0,5.7118297,11.2
2025-05-09 10:00:00,0.3,0.3,0.0,6.464132,10.7
2025-05-09 11:00:00,0.0,0.0,0.0,5.7293105,9.0
2025-05-09 12:00:00,0.0,0.0,0.0,4.5708313,8.1
2025-05-09 13:00:00,0.0,0.0,0.0,3.965476,6.9
2025-05-09 14:00:00,0.0,0.0,0.0,3.9805777,7.0
2025-05-09 15:00:00,0.0,0.0,0.0,3.8268785,6.5
2025-05-09 16:00:00,0.0,0.0,0.0,4.124621,5.5
2025-05-09 17:00:00,0.0,0.0,0.0,4.9206195,6.3
2025-05-09 18:00:00,0.0,0.0,0.0,5.3202443,7.7
2025-05-09 19:00:00,0.0,0.0,0.0,5.6269436,10.1
2025-05-09 20:00:00,0.0,0.0,0.0,5.618051,10.1
2025-05-09 21:00:00,0.0,0.0,0.0,5.400232,10.1
2025-05-09 22:00:00,0.1,0.1,0.0,5.731492,10.8
2025-05-09 23:00:00,0.2,0.2,0.0,5.564396,10.0
2025-05-10 00:00:00,0.0,0.0,0.0,4.9030604,9.1
2025-05-10 01:00:00,0.0,0.0,0.0,4.7460513,8.8
2025-05-10 02:00:00,0.0,0.0,0.0,4.4598203,9.2
2025-05-10 03:00:00,0.0,0.0,0.0,4.379783,9.4
2025-05-10 04:00:00,0.0,0.0,0.0,4.3407946,9.2
2025-05-10 05:00:00,0.0,0.0,0.0,4.7691717,13.1
2025-05-10 06:00:00,0.0,0.0,0.0,5.6127086,13.5
2025-05-10 07:00:00,0.0,0.0,0.0,6.1280093,13.9
2025-05-10 08:00:00,0.0,0.0,0.0,6.350787,13.7
2025-05-10 09:00:00,0.0,0.0,0.0,6.583692,14.4
2025-05-10 10:00:00,0.0,0.0,0.0,8.432823,15.1
2025-05-10 11:00:00,0.0,0.0,0.0,9.100138,14.7
2025-05-10 12:00:00,0.0,0.0,0.0,9.271597,15.1
2025-05-10 13:00:00,0.0,0.0,0.0,7.301541,12.3
2025-05-10 14:00:00,0.0,0.0,0.0,6.328507,10.3
2025-05-10 15:00:00,0.0,0.0,0.0,6.362586,10.0
2025-05-10 16:00:00,0.0,0.0,0.0,6.1131005,10.7
2025-05-10 17:00:00,0.0,0.0,0.0,5.947479,10.9
2025-05-10 18:00:00,0.0,0.0,0.0,5.5993304,10.2
2025-05-10 19:00:00,0.0,0.0,0.0,5.523812,10.1
2025-05-10 20:00:00,0.0,0.0,0.0,6.3017855,11.6
2025-05-10 21:00:00,0.0,0.0,0.0,5.9539905,10.9
2025-05-10 22:00:00,0.0,0.0,0.0,4.5304523,10.4
2025-05-10 23:00:00,0.0,0.0,0.0,4.5412006,9.9
2025-05-11 00:00:00,0.0,0.0,0.0,4.598369,8.4
2025-05-11 01:00:00,0.0,0.0,0.0,3.8616707,7.3
2025-05-11 02:00:00,0.0,0.0,0.0,3.4124773,7.0
2025-05-11 03:00:00,0.0,0.0,0.0,3.3120992,7.3
2025-05-11 04:00:00,0.0,0.0,0.0,3.5735137,7.4
2025-05-11 05:00:00,0.0,0.0,0.0,3.4935656,6.9
2025-05-11 06:00:00,0.0,0.0,0.0,2.9004312,6.2
2025-05-11 07:00:00,0.0,0.0,0.0,2.4046829,6.0
2025-05-11 08:00:00,0.0,0.0,0.0,2.214159,5.4
2025-05-11 09:00:00,0.0,0.0,0.0,2.1023796,5.3
2025-05-11 10:00:00,0.0,0.0,0.0,2.0838666,4.8
2025-05-11 11:00:00,0.0,0.0,0.0,1.6560496,4.5
2025-05-11 12:00:00,0.0,0.0,0.0,1.4142135,4.3
2025-05-11 13:00:00,0.0,0.0,0.0,1.8506756,4.1
2025-05-11 14:00:00,0.0,0.0,0.0,2.071835,3.5
2025-05-11 15:00:00,0.0,0.0,0.0,1.421267,2.2
2025-05-11 16:00:00,0.0,0.0,0.0,1.2903488,2.3
2025-05-11 17:00:00,0.0,0.0,0.0,1.6124516,2.4
2025-05-11 18:00:00,0.0,0.0,0.0,1.9006578,2.4
2025-05-11 19:00:00,0.0,0.0,0.0,2.1708293,3.2
2025-05-11 20:00:00,0.0,0.0,0.0,2.3259406,3.0
2025-05-11 21:00:00,0.0,0.0,0.0,2.0155644,3.0
2025-05-11 22:00:00,0.0,0.0,0.0,2.030394,3.2
2025-05-11 23:00:00,0.0,0.0,0.0,2.071835,3.2
2025-05-12 00:00:00,0.0,0.0,0.0,2.0012496,3.0
2025-05-12 01:00:00,0.0,0.0,0.0,2.100595,3.6
2025-05-12 02:00:00,0.0,0.0,0.0,1.5660459,4.0
2025-05-12 03:00:00,0.0,0.0,0.0,1.9811614,5.1
2025-05-12 04:00:00,0.1,0.1,0.0,2.0396078,5.7
2025-05-12 05:00:00,0.0,0.0,0.0,2.5773048,6.2
2025-05-12 06:00:00,0.0,0.0,0.0,3.051639,6.3
2025-05-12 07:00:00,0.0,0.0,0.0,3.1976552,7.6
2025-05-12 08:00:00,0.0,0.0,0.0,3.4731112,8.1
2025-05-12 09:00:00,0.0,0.0,0.0,3.8736289,8.5
2025-05-12 10:00:00,0.0,0.0,0.0,5.3983793,9.4
2025-05-12 11:00:00,0.0,0.0,0.0,5.8227997,10.1
2025-05-12 12:00:00,0.0,0.0,0.0,5.6731825,9.7
2025-05-12 13:00:00,0.0,0.0,0.0,4.6173587,7.7
2025-05-12 14:00:00,0.0,0.0,0.0,4.2201896,7.3
2025-05-12 15:00:00,0.0,0.0,0.0,3.9423976,7.5
2025-05-12 16:00:00,0.0,0.0,0.0,4.032679,7.9
2025-05-12 17:00:00,0.0,0.0,0.0,3.9360514,7.7
2025-05-12 18:00:00,0.0,0.0,0.0,3.6200829,6.2
2025-05-12 19:00:00,0.0,0.0,0.0,3.355965,5.9
2025-05-12 20:00:00,0.0,0.0,0.0,3.1906114,5.5
2025-05-12 21:00:00,0.0,0.0,0.0,2.8844411,4.8
2025-05-12 22:00:00,0.0,0.0,0.0,2.6172504,4.1
2025-05-12 23:00:00,0.0,0.0,0.0,1.5532224,2.8
2025-05-13 00:00:00,0.0,0.0,0.0,0.7017834,1.9
2025-05-13 01:00:00,0.0,0.0,0.0,1.2020816,2.5
2025-05-13 02:00:00,0.0,0.0,0.0,1.882153,4.3
2025-05-13 03:00:00,0.0,0.0,0.0,2.074247,5.3
2025-05-13 04:00:00,0.0,0.0,0.0,2.687936,6.0
2025-05-13 05:00:00,0.0,0.0,0.0,3.3771288,6.4
2025-05-13 06:00:00,0.0,0.0,0.0,3.9436657,7.0
2025-05-13 07:00:00,0.0,0.0,0.0,4.1309805,9.0
2025-05-13 08:00:00,0.0,0.0,0.0,3.7735925,8.3
2025-05-13 09:00:00,0.0,0.0,0.0,3.3018935,7.2
2025-05-13 10:00:00,0.0,0.0,0.0,2.7354157,6.4
2025-05-13 11:00:00,0.0,0.0,0.0,1.607016,5.8
2025-05-13 12:00:00,0.0,0.0,0.0,0.111803405,4.4
2025-05-13 13:00:00,0.0,0.0,0.0,1.2257651,1.8
2025-05-13 14:00:00,0.0,0.0,0.0,2.3717082,1.8
2025-05-13 15:00:00,0.0,0.0,0.0,3.4311078,3.6
2025-05-13 16:00:00,0.0,0.0,0.0,3.9423976,6.5
2025-05-13 17:00:00,0.0,0.0,0.0,3.6366193,6.5
2025-05-13 18:00:00,0.0,0.0,0.0,4.0388737,6.6
2025-05-13 19:00:00,0.0,0.0,0.0,4.5221677,10.5
2025-05-13 20:00:00,0.0,0.0,0.0,4.5047193,10.9
2025-05-13 21:00:00,0.0,0.0,0.0,3.9512656,9.8
2025-05-13 22:00:00,0.0,0.0,0.0,4.1907635,5.5
2025-05-13 23:00:00,0.1,0.1,0.0,4.092982,6.4
2025-05-14 00:00:00,0.0,0.0,0.0,3.6417713,8.0
2025-05-14 01:00:00,0.0,0.0,0.0,5.5226803,10.6
2025-05-14 02:00:00,0.0,0.0,0.0,5.2478566,8.0
2025-05-14 03:00:00,0.0,0.0,0.0,4.602445,9.1
2025-05-14 04:00:00,0.0,0.0,0.0,4.3603325,8.4
2025-05-14 05:00:00,0.0,0.0,0.0,4.2664385,7.3
2025-05-14 06:00:00,0.0,0.0,0.0,3.6989863,7.0
2025-05-14 07:00:00,0.0,0.0,0.0,3.471311,7.0
2025-05-14 08:00:00,0.0,0.0,0.0,3.370831,6.9
2025-05-14 09:00:00,0.2,0.2,0.0,2.510976,9.5
2025-05-14 10:00:00,0.0,0.0,0.0,0.8062258,3.6
2025-05-14 11:00:00,0.0,0.0,0.0,1.3086252,5.1
2025-05-14 12:00:00,0.0,0.0,0.0,1.4499999,4.7
2025-05-14 13:00:00,0.0,0.0,0.0,1.6401219,3.4
2025-05-14 14:00:00,0.0,0.0,0.0,2.1708293,2.6
2025-05-14 15:00:00,0.0,0.0,0.0,2.7390692,2.9
2025-05-14 16:00:00,0.0,0.0,0.0,3.4655447,3.8
2025-05-14 17:00:00,0.0,0.0,0.0,3.5805027,5.7
2025-05-14 18:00:00,0.0,0.0,0.0,3.4985712,6.3
2025-05-14 19:00:00,0.0,0.0,0.0,3.5598454,6.2
2025-05-14 20:00:00,0.0,0.0,0.0,3.689512,6.4
2025-05-14 21:00:00,0.0,0.0,0.0,3.696282,6.4
2025-05-14 22:00:00,0.0,0.0,0.0,3.7165172,6.5
2025-05-14 23:00:00,0.0,0.0,0.0,3.5531676,6.6
2025-05-15 00:00:00,0.0,0.0,0.0,3.7963798,7.1
2025-05-15 01:00:00,0.0,0.0,0.0,4.110049,7.7
2025-05-15 02:00:00,0.0,0.0,0.0,4.050309,8.1
2025-05-15 03:00:00,0.0,0.0,0.0,4.014038,8.1
2025-05-15 04:00:00,0.0,0.0,0.0,4.1620307,8.3
2025-05-15 05:00:00,0.0,0.0,0.0,3.9698865,8.6
2025-05-15 06:00:00,0.0,0.0,0.0,3.8900514,8.9
2025-05-15 07:00:00,0.0,0.0,0.0,3.913119,8.8
2025-05-15 08:00:00,0.0,0.0,0.0,4.269075,9.2
2025-05-15 09:00:00,0.0,0.0,0.0,4.8869724,10.0
2025-05-15 10:00:00,0.0,0.0,0.0,5.9076223,10.7
2025-05-15 11:00:00,0.0,0.0,0.0,5.80517,10.4
2025-05-15 12:00:00,0.0,0.0,0.0,4.398295,7.8
2025-05-15 13:00:00,0.0,0.0,0.0,2.9920728,4.6
2025-05-15 14:00:00,0.0,0.0,0.0,2.2410934,4.5
2025-05-15 15:00:00,0.0,0.0,0.0,2.540177,7.2
2025-05-15 16:00:00,0.0,0.0,0.0,4.0388737,7.2
2025-05-15 17:00:00,0.0,0.0,0.0,4.214558,3.7
2025-05-15 18:00:00,0.0,0.0,0.0,2.0554805,3.3
2025-05-15 19:00:00,0.0,0.0,0.0,2.0934422,3.6
2025-05-15 20:00:00,0.0,0.0,0.0,2.0524375,3.2
2025-05-15 21:00:00,0.0,0.0,0.0,1.4577379,2.3
2025-05-15 22:00:00,0.0,0.0,0.0,1.372953,3.5
2025-05-15 23:00:00,0.0,0.0,0.0,1.6278821,3.1
2025-05-16 00:00:00,0.0,0.0,0.0,2.207374,4.3
2025-05-16 01:00:00,0.0,0.0,0.0,3.4091787,6.4
2025-05-16 02:00:00,0.0,0.0,0.0,3.5794554,7.9
2025-05-16 03:00:00,0.0,0.0,0.0,3.8108397,8.9
2025-05-16 04:00:00,0.0,0.0,0.0,4.049691,9.2
2025-05-16 05:00:00,0.0,0.0,0.0,4.127045,8.9
2025-05-16 06:00:00,0.0,0.0,0.0,3.83471,8.0
2025-05-16 07:00:00,0.0,0.0,0.0,3.1976552,7.6
2025-05-16 08:00:00,0.0,0.0,0.0,2.3963516,7.4
2025-05-16 09:00:00,0.0,0.0,0.0,2.7064738,7.4
2025-05-16 10:00:00,0.0,0.0,0.0,3.8577843,7.7
2025-05-16 11:00:00,0.0,0.0,0.0,4.172529,8.5
2025-05-16 12:00:00,0.0,0.0,0.0,5.0916595,10.2
2025-05-16 13:00:00,0.0,0.0,0.0,5.127621,9.2
2025-05-16 14:00:00,0.0,0.0,0.0,5.5652943,8.2
2025-05-16 15:00:00,0.0,0.0,0.0,5.8821764,8.5
2025-05-16 16:00:00,0.0,0.0,0.0,5.7293105,9.2
2025-05-16 17:00:00,0.0,0.0,0.0,5.082568,8.7
2025-05-16 18:00:00,0.0,0.0,0.0,5.0936236,9.4
2025-05-16 19:00:00,0.0,0.0,0.0,5.6189413,10.4
2025-05-16 20:00:00,0.0,0.0,0.0,5.508403,10.1
2025-05-16 21:00:00,0.0,0.0,0.0,5.210806,9.5
2025-05-16 22:00:00,0.0,0.0,0.0,5.3956,9.3
2025-05-16 23:00:00,0.0,0.0,0.0,4.632494,8.1
2025-05-17 00:00:00,0.0,0.0,0.0,4.8127437,7.4
2025-05-17 01:00:00,0.0,0.0,0.0,5.4353013,8.1
2025-05-17 02:00:00,0.0,0.0,0.0,6.324555,12.2
2025-05-17 03:00:00,0.1,0.1,0.0,5.9682493,10.3
2025-05-17 04:00:00,0.0,0.0,0.0,6.1214786,10.2
2025-05-17 05:00:00,0.0,0.0,0.0,6.1465435,10.7
2025-05-17 06:00:00,0.0,0.0,0.0,5.8142066,9.3
2025-05-17 07:00:00,0.0,0.0,0.0,5.0916595,10.8
2025-05-17 08:00:00,0.0,0.0,0.0,4.981215,10.6
2025-05-17 09:00:00,0.0,0.0,0.0,5.302122,10.7
2025-05-17 10:00:00,0.0,0.0,0.0,4.9135017,9.1
2025-05-17 11:00:00,0.1,0.1,0.0,6.0168514,10.7
2025-05-17 12:00:00,0.1,0.1,0.0,6.611543,12.2
2025-05-17 13:00:00,0.1,0.1,0.0,6.5408335,13.0
2025-05-17 14:00:00,0.0,0.0,0.0,5.8721805,12.5
2025-05-17 15:00:00,0.4,0.4,0.0,5.7870545,11.1
2025-05-17 16:00:00,1.3,1.3,0.0,6.0166435,11.2
2025-05-17 17:00:00,2.1,2.1,0.0,5.5285625,11.1
2025-05-17 18:00:00,1.9,1.9,0.0,5.4134097,11.1
2025-05-17 19:00:00,1.8,1.8,0.0,5.4692326,10.0
2025-05-17 20:00:00,1.4,1.4,0.0,5.636488,10.2
2025-05-17 21:00:00,2.0,2.0,0.0,5.5011363,10.3
2025-05-17 22:00:00,3.1,3.1,0.0,5.5823383,10.4
2025-05-17 23:00:00,3.9,3.9,0.0,5.7915883,11.2
2025-05-18 00:00:00,3.8,3.8,0.0,5.7384667,12.0
2025-05-18 01:00:00,3.4,3.4,0.0,5.8227997,12.3
2025-05-18 02:00:00,3.4,3.4,0.0,6.0557823,12.2
2025-05-18 03:00:00,2.9,2.9,0.0,6.128825,11.6
2025-05-18 04:00:00,2.6,2.6,0.0,6.1842546,11.5
2025-05-18 05:00:00,2.6,2.6,0.0,6.1664414,11.3
2025-05-18 06:00:00,2.4,2.4,0.0,6.5730515,11.2
2025-05-18 07:00:00,1.4,1.4,0.0,6.88077,13.2
2025-05-18 08:00:00,0.9,0.9,0.0,6.8682237,12.8
2025-05-18 09:00:00,0.7,0.7,0.0,6.7067127,12.5
2025-05-18 10:00:00,0.6,0.6,0.0,5.7035074,11.4
2025-05-18 11:00:00,0.5,0.5,0.0,5.174215,10.3
2025-05-18 12:00:00,0.2,0.2,0.0,4.403692,9.8
2025-05-18 13:00:00,0.1,0.1,0.0,4.3488503,9.3
2025-05-18 14:00:00,0.0,0.0,0.0,4.204759,8.8
2025-05-18 15:00:00,0.0,0.0,0.0,4.366062,8.5
2025-05-18 16:00:00,0.0,0.0,0.0,4.968148,8.5
2025-05-18 17:00:00,0.0,0.0,0.0,5.2595153,9.0
2025-05-18 18:00:00,0.0,0.0,0.0,4.828302,8.6
2025-05-18 19:00:00,0.0,0.0,0.0,3.9739778,6.9
2025-05-18 20:00:00,0.0,0.0,0.0,3.1976552,5.5
2025-05-18 21:00:00,0.0,0.0,0.0,3.0232434,5.2
2025-05-18 22:00:00,0.0,0.0,0.0,2.9261749,4.9
2025-05-18 23:00:00,0.0,0.0,0.0,2.7202942,4.6
2025-05-19 00:00:00,0.0,0.0,0.0,2.5612497,4.3
2025-05-19 01:00:00,0.0,0.0,0.0,2.6575365,4.6
2025-05-19 02:00:00,0.0,0.0,0.0,2.1592824,4.9
2025-05-19 03:00:00,0.0,0.0,0.0,1.7499999,5.0
2025-05-19 04:00:00,0.0,0.0,0.0,2.0012496,5.9
2025-05-19 05:00:00,0.0,0.0,0.0,3.0842342,7.8
2025-05-19 06:00:00,0.0,0.0,0.0,3.1800156,8.2
2025-05-19 07:00:00,0.0,0.0,0.0,3.2626677,7.7
2025-05-19 08:00:00,0.0,0.0,0.0,3.1894357,7.4
2025-05-19 09:00:00,0.0,0.0,0.0,3.3015149,7.3
2025-05-19 10:00:00,0.0,0.0,0.0,3.178443,7.4
2025-05-19 11:00:00,0.0,0.0,0.0,3.6769552,7.3
2025-05-19 12:00:00,0.0,0.0,0.0,3.939543,6.9
2025-05-19 13:00:00,0.0,0.0,0.0,3.355965,5.2
2025-05-19 14:00:00,0.0,0.0,0.0,2.7018511,3.9
2025-05-19 15:00:00,0.0,0.0,0.0,2.7735357,4.3
2025-05-19 16:00:00,0.0,0.0,0.0,2.8622544,4.5
2025-05-19 17:00:00,0.0,0.0,0.0,3.0923293,4.8
2025-05-19 18:00:00,0.0,0.0,0.0,3.4154062,5.3
2025-05-19 19:00:00,0.0,0.0,0.0,3.7151716,6.4
2025-05-19 20:00:00,0.0,0.0,0.0,3.7725985,6.5
2025-05-19 21:00:00,0.0,0.0,0.0,3.5510561,6.1
2025-05-19 22:00:00,0.0,0.0,0.0,3.511766,5.7
2025-05-19 23:00:00,0.0,0.0,0.0,3.1579266,5.3
2025-05-20 00:00:00,0.0,0.0,0.0,3.0203476,5.1
2025-05-20 01:00:00,0.0,0.0,0.0,3.2422986,5.5
2025-05-20 02:00:00,0.0,0.0,0.0,3.2500002,6.2
2025-05-20 03:00:00,0.0,0.0,0.0,3.8078866,7.7
2025-05-20 04:00:00,0.0,0.0,0.0,4.3416586,9.0
2025-05-20 05:00:00,0.0,0.0,0.0,4.9812145,10.3
2025-05-20 06:00:00,0.0,0.0,0.0,5.4424257,11.3
2025-05-20 07:00:00,0.0,0.0,0.0,5.571355,11.4
2025-05-20 08:00:00,0.0,0.0,0.0,5.618051,11.4
2025-05-20 09:00:00,0.0,0.0,0.0,5.589499,11.3
2025-05-20 10:00:00,0.0,0.0,0.0,6.0166435,11.2
2025-05-20 11:00:00,0.0,0.0,0.0,5.771698,10.7
2025-05-20 12:00:00,0.0,0.0,0.0,5.034382,9.6
2025-05-20 13:00:00,0.0,0.0,0.0,4.040421,8.0
2025-05-20 14:00:00,0.0,0.0,0.0,3.209751,6.4
2025-05-20 15:00:00,0.0,0.0,0.0,2.9740543,5.2
2025-05-20 16:00:00,0.0,0.0,0.0,3.5846896,6.5
2025-05-20 17:00:00,0.0,0.0,0.0,3.968942,7.6
2025-05-20 18:00:00,0.0,0.0,0.0,4.3072615,8.5
2025-05-20 19:00:00,0.0,0.0,0.0,4.25,7.5
2025-05-20 20:00:00,0.0,0.0,0.0,3.535534,6.3
2025-05-20 21:00:00,0.0,0.0,0.0,2.8151379,4.8
2025-05-20 22:00:00,0.0,0.0,0.0,2.3648467,4.8
2025-05-20 23:00:00,0.0,0.0,0.0,2.5079873,5.3
2025-05-21 00:00:00,0.0,0.0,0.0,3.0008333,6.4
2025-05-21 01:00:00,0.0,0.0,0.0,3.368234,7.2
2025-05-21 02:00:00,0.0,0.0,0.0,3.275668,7.4
2025-05-21 03:00:00,0.0,0.0,0.0,3.5106978,9.1
2025-05-21 04:00:00,0.0,0.0,0.0,3.4223528,9.0
2025-05-21 05:00:00,0.0,0.0,0.0,3.766298,9.2
2025-05-21 06:00:00,0.0,0.0,0.0,4.324639,10.1
2025-05-21 07:00:00,0.0,0.0,0.0,4.8283024,10.3
2025-05-21 08:00:00,0.0,0.0,0.0,5.265216,10.9
2025-05-21 09:00:00,0.0,0.0,0.0,5.6446877,11.6
2025-05-21 10:00:00,0.0,0.0,0.0,6.3436975,11.8
2025-05-21 11:00:00,0.0,0.0,0.0,6.045246,11.5
2025-05-21 12:00:00,0.0,0.0,0.0,5.3893414,10.1
2025-05-21 13:00:00,0.0,0.0,0.0,4.372928,7.4
2025-05-21 14:00:00,0.0,0.0,0.0,3.9246018,6.3
2025-05-21 15:00:00,0.0,0.0,0.0,3.5850384,5.9
2025-05-21 16:00:00,0.0,0.0,0.0,3.2718496,5.6
2025-05-21 17:00:00,0.0,0.0,0.0,2.9068882,5.1
2025-05-21 18:00:00,0.0,0.0,0.0,2.441823,4.2
2025-05-21 19:00:00,0.0,0.0,0.0,2.2638464,3.6
2025-05-21 20:00:00,0.0,0.0,0.0,2.6911893,3.4
2025-05-21 21:00:00,0.0,0.0,0.0,2.419194,3.0
2025-05-21 22:00:00,0.0,0.0,0.0,2.2561028,3.3
2025-05-21 23:00:00,0.0,0.0,0.0,2.1023796,3.4
2025-05-22 00:00:00,0.0,0.0,0.0,1.8506756,3.0
2025-05-22 01:00:00,0.0,0.0,0.0,2.1023796,3.4
2025-05-22 02:00:00,0.0,0.0,0.0,1.3647344,3.7
2025-05-22 03:00:00,0.0,0.0,0.0,1.264911,4.0
2025-05-22 04:00:00,0.0,0.0,0.0,1.423025,4.7
2025-05-22 05:00:00,0.0,0.0,0.0,2.1505814,5.5
2025-05-22 06:00:00,0.0,0.0,0.0,3.0149627,6.3
2025-05-22 07:00:00,0.4,0.4,0.0,3.0220027,5.8
2025-05-22 08:00:00,0.7,0.7,0.0,3.2256782,6.2
2025-05-22 09:00:00,0.2,0.2,0.0,4.7542086,9.0
2025-05-22 10:00:00,0.0,0.0,0.0,5.9502096,10.9
2025-05-22 11:00:00,0.0,0.0,0.0,7.200694,13.0
2025-05-22 12:00:00,0.0,0.0,0.0,6.307535,11.7
2025-05-22 13:00:00,0.2,0.2,0.0,7.77721,11.7
2025-05-22 14:00:00,0.5,0.5,0.0,8.701293,13.4
2025-05-22 15:00:00,0.2,0.2,0.0,9.319335,13.2
2025-05-22 16:00:00,0.0,0.0,0.0,8.717368,14.7
2025-05-22 17:00:00,0.0,0.0,0.0,7.4687686,14.9
2025-05-22 18:00:00,0.0,0.0,0.0,6.053924,11.6
2025-05-22 19:00:00,0.0,0.0,0.0,7.517978,14.4
2025-05-22 20:00:00,0.0,0.0,0.0,7.930006,14.9
2025-05-22 21:00:00,0.0,0.0,0.0,8.110024,15.1
2025-05-22 22:00:00,0.0,0.0,0.0,8.722528,14.3
2025-05-22 23:00:00,0.0,0.0,0.0,9.269844,14.4
2025-05-23 00:00:00,0.0,0.0,0.0,9.058835,14.8
2025-05-23 01:00:00,0.1,0.1,0.0,8.168843,15.3
2025-05-23 02:00:00,0.2,0.2,0.0,8.09645,15.7
2025-05-23 03:00:00,0.0,0.0,0.0,8.16716,17.0
2025-05-23 04:00:00,0.1,0.1,0.0,8.168996,17.8
2025-05-23 05:00:00,0.1,0.1,0.0,8.303312,19.6
2025-05-23 06:00:00,0.7,0.7,0.0,8.586181,16.2
2025-05-23 07:00:00,0.1,0.1,0.0,8.686339,16.8
2025-05-23 08:00:00,0.1,0.1,0.0,8.886506,16.4
2025-05-23 09:00:00,0.2,0.2,0.0,8.840956,16.5
2025-05-23 10:00:00,0.3,0.3,0.0,8.689362,17.2
2025-05-23 11:00:00,0.5,0.5,0.0,8.303764,13.4
2025-05-23 12:00:00,0.4,0.4,0.0,6.750185,13.5
2025-05-23 13:00:00,0.2,0.2,0.0,6.7247677,11.4
2025-05-23 14:00:00,0.1,0.1,0.0,5.3781967,9.6
2025-05-23 15:00:00,0.1,0.1,0.0,4.856439,9.1
2025-05-23 16:00:00,0.0,0.0,0.0,4.667173,8.3
2025-05-23 17:00:00,0.0,0.0,0.0,4.554119,8.0
2025-05-23 18:00:00,0.0,0.0,0.0,4.306391,7.9
2025-05-23 19:00:00,0.0,0.0,0.0,4.320301,7.8
2025-05-23 20:00:00,0.0,0.0,0.0,4.604346,8.5
2025-05-23 21:00:00,0.0,0.0,0.0,4.6861496,8.7
2025-05-23 22:00:00,0.0,0.0,0.0,4.2851486,8.0
2025-05-23 23:00:00,0.0,0.0,0.0,3.9852855,7.5
2025-05-24 00:00:00,0.0,0.0,0.0,4.0798283,7.5
2025-05-24 01:00:00,0.0,0.0,0.0,4.9862313,8.5
2025-05-24 02:00:00,0.0,0.0,0.0,5.1908574,9.4
2025-05-24 03:00:00,0.0,0.0,0.0,5.034382,9.3
2025-05-24 04:00:00,0.0,0.0,0.0,5.021952,9.7
2025-05-24 05:00:00,0.0,0.0,0.0,4.9520197,9.8
2025-05-24 06:00:00,0.0,0.0,0.0,4.924429,9.9
2025-05-24 07:00:00,0.0,0.0,0.0,4.7605147,10.1
2025-05-24 08:00:00,0.0,0.0,0.0,4.438468,9.5
2025-05-24 09:00:00,0.0,0.0,0.0,3.9812057,8.7
2025-05-24 10:00:00,0.0,0.0,0.0,3.7619808,7.9
2025-05-24 11:00:00,0.0,0.0,0.0,3.355965,7.0
2025-05-24 12:00:00,0.0,0.0,0.0,2.997082,6.2
2025-05-24 13:00:00,0.0,0.0,0.0,2.7354157,5.3
2025-05-24 14:00:00,0.0,0.0,0.0,2.1708293,4.4
2025-05-24 15:00:00,0.0,0.0,0.0,1.7734147,2.5
2025-05-24 16:00:00,0.0,0.0,0.0,1.8560711,2.0
2025-05-24 17:00:00,0.0,0.0,0.0,1.8973665,2.3
2025-05-24 18:00:00,0.0,0.0,0.0,1.7117243,2.2
2025-05-24 19:00:00,0.0,0.0,0.0,1.5206907,2.6
2025-05-24 20:00:00,0.0,0.0,0.0,1.3601471,2.4
2025-05-24 21:00:00,0.0,0.0,0.0,1.5652475,2.7
2025-05-24 22:00:00,0.0,0.0,0.0,1.8668154,2.9
2025-05-24 23:00:00,0.0,0.0,0.0,1.85,2.7
2025-05-25 00:00:00,0.0,0.0,0.0,1.8062391,2.6
2025-05-25 01:00:00,0.0,0.0,0.0,1.710263,3.3
2025-05-25 02:00:00,0.0,0.0,0.0,1.4577379,3.7
2025-05-25 03:00:00,0.0,0.0,0.0,0.98615414,3.7
2025-05-25 04:00:00,0.0,0.0,0.0,0.6670832,3.5
2025-05-25 05:00:00,0.0,0.0,0.0,0.3905125,4.1
2025-05-25 06:00:00,0.0,0.0,0.0,0.46097723,4.2
2025-05-25 07:00:00,0.2,0.2,0.0,0.76485294,4.5
2025-05-25 08:00:00,0.1,0.1,0.0,1.2020814,5.1
2025-05-25 09:00:00,0.0,0.0,0.0,1.264911,5.4
2025-05-25 10:00:00,0.0,0.0,0.0,0.92195445,5.6
2025-05-25 11:00:00,0.1,0.1,0.0,1.118034,4.5
2025-05-25 12:00:00,0.4,0.4,0.0,2.2638464,5.1
2025-05-25 13:00:00,0.3,0.3,0.0,3.4539833,7.8
2025-05-25 14:00:00,0.5,0.5,0.0,2.8200178,6.3
2025-05-25 15:00:00,0.3,0.3,0.0,2.1095023,4.5
2025-05-25 16:00:00,0.0,0.0,0.0,2.1708293,4.4
2025-05-25 17:00:00,0.0,0.0,0.0,2.6277368,5.2
2025-05-25 18:00:00,0.0,0.0,0.0,3.2256782,5.4
2025-05-25 19:00:00,0.0,0.0,0.0,3.3049207,5.8
2025-05-25 20:00:00,0.0,0.0,0.0,3.5046399,6.1
2025-05-25 21:00:00,0.0,0.0,0.0,4.1282563,7.3
2025-05-25 22:00:00,0.0,0.0,0.0,4.324639,8.1
2025-05-25 23:00:00,0.0,0.0,0.0,4.9648767,8.7
2025-05-26 00:00:00,0.0,0.0,0.0,4.9497476,9.4
2025-05-26 01:00:00,0.0,0.0,0.0,4.6197944,9.8
2025-05-26 02:00:00,0.0,0.0,0.0,4.5961943,10.2
2025-05-26 03:00:00,0.0,0.0,0.0,5.6995616,10.5
2025-05-26 04:00:00,0.0,0.0,0.0,5.5056787,11.6
2025-05-26 05:00:00,0.0,0.0,0.0,5.0447993,10.9
2025-05-26 06:00:00,0.0,0.0,0.0,4.537896,10.3
2025-05-26 07:00:00,0.0,0.0,0.0,4.3832064,9.9
2025-05-26 08:00:00,0.0,0.0,0.0,4.4300113,9.9
2025-05-26 09:00:00,0.0,0.0,0.0,4.543677,9.9
2025-05-26 10:00:00,0.0,0.0,0.0,4.9406476,10.0
2025-05-26 11:00:00,0.0,0.0,0.0,5.5932994,11.3
2025-05-26 12:00:00,0.0,0.0,0.0,7.512157,13.5
2025-05-26 13:00:00,0.0,0.0,0.0,6.512488,11.9
2025-05-26 14:00:00,0.0,0.0,0.0,5.4104066,10.5
2025-05-26 15:00:00,0.0,0.0,0.0,4.881086,8.9
2025-05-26 16:00:00,0.0,0.0,0.0,4.1719303,6.8
2025-05-26 17:00:00,0.0,0.0,0.0,2.9702694,6.0
2025-05-26 18:00:00,0.0,0.0,0.0,2.5831182,5.7
2025-05-26 19:00:00,0.0,0.0,0.0,2.745906,4.8
2025-05-26 20:00:00,0.0,0.0,0.0,2.9753153,5.4
2025-05-26 21:00:00,0.0,0.0,0.0,2.55196,4.5
2025-05-26 22:00:00,0.0,0.0,0.0,1.811767,3.1
2025-05-26 23:00:00,0.0,0.0,0.0,2.030394,3.1
2025-05-27 00:00:00,0.0,0.0,0.0,1.5116217,2.4
2025-05-27 01:00:00,0.0,0.0,0.0,0.559017,2.5
2025-05-27 02:00:00,0.0,0.0,0.0,0.07071068,3.0
2025-05-27 03:00:00,0.0,0.0,0.0,0.3905125,3.6
2025-05-27 04:00:00,0.0,0.0,0.0,0.68007356,4.1
2025-05-27 05:00:00,0.0,0.0,0.0,1.1768602,4.5
2025-05-27 06:00:00,0.0,0.0,0.0,2.0524375,5.1
2025-05-27 07:00:00,0.0,0.0,0.0,2.581182,6.7
2025-05-27 08:00:00,0.0,0.0,0.0,3.1384711,7.3
2025-05-27 09:00:00,0.0,0.0,0.0,3.6448593,8.2
2025-05-27 10:00:00,0.0,0.0,0.0,3.8529208,8.6
2025-05-27 11:00:00,0.0,0.0,0.0,4.5568633,8.6
2025-05-27 12:00:00,0.0,0.0,0.0,5.058903,7.9
2025-05-27 13:00:00,0.0,0.0,0.0,4.611399,6.1
2025-05-27 14:00:00,0.0,0.0,0.0,4.238514,6.2
2025-05-27 15:00:00,0.0,0.0,0.0,4.1282563,6.4
2025-05-27 16:00:00,0.0,0.0,0.0,3.9223716,6.5
2025-05-27 17:00:00,0.0,0.0,0.0,3.7,6.7
2025-05-27 18:00:00,0.0,0.0,0.0,3.6840875,6.7
2025-05-27 19:00:00,0.0,0.0,0.0,3.6345563,6.3
2025-05-27 20:00:00,0.0,0.0,0.0,3.8013155,6.6
2025-05-27 21:00:00,0.0,0.0,0.0,4.104875,7.1
2025-05-27 22:00:00,0.0,0.0,0.0,4.4601007,7.4
2025-05-27 23:00:00,0.0,0.0,0.0,4.3416586,7.3
2025-05-28 00:00:00,0.0,0.0,0.0,4.3820653,7.3
2025-05-28 01:00:00,0.0,0.0,0.0,4.6960087,7.7
2025-05-28 02:00:00,0.0,0.0,0.0,4.5853024,8.0
2025-05-28 03:00:00,0.0,0.0,0.0,5.021205,9.4
2025-05-28 04:00:00,0.0,0.0,0.0,5.153882,10.2
2025-05-28 05:00:00,0.0,0.0,0.0,4.8600416,10.5
2025-05-28 06:00:00,0.0,0.0,0.0,4.936851,10.5
2025-05-28 07:00:00,0.0,0.0,0.0,5.6608305,11.7
2025-05-28 08:00:00,0.0,0.0,0.0,6.3941383,13.0
2025-05-28 09:00:00,0.0,0.0,0.0,6.364157,12.7
2025-05-28 10:00:00,0.0,0.0,0.0,6.201814,12.3
2025-05-28 11:00:00,0.0,0.0,0.0,6.0101995,11.3
2025-05-28 12:00:00,0.0,0.0,0.0,5.4,10.0
2025-05-28 13:00:00,0.0,0.0,0.0,4.354595,8.0
2025-05-28 14:00:00,0.0,0.0,0.0,3.463019,6.7
2025-05-28 15:00:00,0.0,0.0,0.0,3.0203478,5.5
2025-05-28 16:00:00,0.0,0.0,0.0,2.7064738,4.4
2025-05-28 17:00:00,0.0,0.0,0.0,2.482438,4.0
2025-05-28 18:00:00,0.0,0.0,0.0,2.1360009,3.6
2025-05-28 19:00:00,0.0,0.0,0.0,1.9104972,3.1
2025-05-28 20:00:00,0.0,0.0,0.0,2.2847319,3.3
2025-05-28 21:00:00,0.0,0.0,0.0,2.1868927,2.8
2025-05-28 22:00:00,0.0,0.0,0.0,1.3536987,2.3
2025-05-28 23:00:00,0.0,0.0,0.0,0.9013878,2.1
2025-05-29 00:00:00,0.0,0.0,0.0,0.45,2.0
2025-05-29 01:00:00,0.0,0.0,0.0,0.26925823,2.4
2025-05-29 02:00:00,0.0,0.0,0.0,0.47169906,2.6
2025-05-29 03:00:00,0.0,0.0,0.0,0.7905694,3.2
2025-05-29 04:00:00,0.0,0.0,0.0,1.1510864,3.8
2025-05-29 05:00:00,0.0,0.0,0.0,1.7564168,4.5
2025-05-29 06:00:00,0.0,0.0,0.0,2.0223749,5.1
2025-05-29 07:00:00,0.0,0.0,0.0,2.376973,6.4
2025-05-29 08:00:00,0.0,0.0,0.0,2.6655207,9.8
2025-05-29 09:00:00,0.0,0.0,0.0,2.6953664,7.8
2025-05-29 10:00:00,0.0,0.0,0.0,3.5362408,7.9
2025-05-29 11:00:00,0.7,0.7,0.0,4.1282563,9.3
2025-05-29 12:00:00,0.0,0.0,0.0,3.662308,5.9
2025-05-29 13:00:00,0.0,0.0,0.0,2.9300172,3.4
2025-05-29 14:00:00,0.0,0.0,0.0,1.767767,2.6
2025-05-29 15:00:00,0.0,0.0,0.0,2.178302,3.1
2025-05-29 16:00:00,0.0,0.0,0.0,2.1592824,3.3
2025-05-29 17:00:00,0.0,0.0,0.0,2.1569655,3.4
2025-05-29 18:00:00,0.0,0.0,0.0,2.2022715,3.1
2025-05-29 19:00:00,0.0,0.0,0.0,2.5223997,3.4
2025-05-29 20:00:00,0.0,0.0,0.0,2.6201146,3.2
2025-05-29 21:00:00,0.0,0.0,0.0,2.1954498,2.7
2025-05-29 22:00:00,0.0,0.0,0.0,1.9525625,2.7
2025-05-29 23:00:00,0.0,0.0,0.0,1.7007352,2.9
2025-05-30 00:00:00,0.0,0.0,0.0,1.5033296,2.3
2025-05-30 01:00:00,0.0,0.0,0.0,1.8668154,3.1
2025-05-30 02:00:00,0.0,0.0,0.0,1.8668154,3.3
2025-05-30 03:00:00,0.0,0.0,0.0,2.8779333,4.3
2025-05-30 04:00:00,0.0,0.0,0.0,3.8707232,5.7
2025-05-30 05:00:00,0.0,0.0,0.0,4.6607404,7.6
2025-05-30 06:00:00,0.0,0.0,0.0,5.1195703,9.7
2025-05-30 07:00:00,0.0,0.0,0.0,5.117861,11.6
2025-05-30 08:00:00,0.0,0.0,0.0,5.082568,11.2
2025-05-30 09:00:00,0.0,0.0,0.0,4.9663873,11.0
2025-05-30 10:00:00,0.0,0.0,0.0,4.8872285,10.1
2025-05-30 11:00:00,0.0,0.0,0.0,4.4994445,9.2
2025-05-30 12:00:00,0.0,0.0,0.0,4.148795,8.3
2025-05-30 13:00:00,0.3,0.3,0.0,3.118493,5.5
2025-05-30 14:00:00,0.0,0.0,0.0,1.5132746,2.2
2025-05-30 15:00:00,0.0,0.0,0.0,2.3547823,2.4
2025-05-30 16:00:00,0.0,0.0,0.0,2.5675864,2.0
2025-05-30 17:00:00,0.0,0.0,0.0,2.5243812,1.8
2025-05-30 18:00:00,0.0,0.0,0.0,2.3345234,2.1
2025-05-30 19:00:00,0.0,0.0,0.0,2.5317976,3.6
2025-05-30 20:00:00,0.0,0.0,0.0,2.5179358,3.2
2025-05-30 21:00:00,0.0,0.0,0.0,2.1029742,2.7
2025-05-30 22:00:00,0.0,0.0,0.0,2.0229928,2.9
2025-05-30 23:00:00,0.0,0.0,0.0,2.3600848,3.2
2025-05-31 00:00:00,0.0,0.0,0.0,2.0,2.9
2025-05-31 01:00:00,0.0,0.0,0.0,1.9091884,3.3
2025-05-31 02:00:00,0.0,0.0,0.0,1.2298374,3.4
2025-05-31 03:00:00,0.0,0.0,0.0,1.2980754,3.7
2025-05-31 04:00:00,0.0,0.0,0.0,1.6155494,4.3
2025-05-31 05:00:00,0.0,0.0,0.0,1.6124516,4.6
2025-05-31 06:00:00,0.0,0.0,0.0,1.9499999,6.6
2025-05-31 07:00:00,0.0,0.0,0.0,2.45204,6.4
2025-05-31 08:00:00,0.0,0.0,0.0,2.3521266,6.4
2025-05-31 09:00:00,0.0,0.0,0.0,2.1213202,5.8
2025-05-31 10:00:00,0.0,0.0,0.0,2.0615528,5.2
2025-05-31 11:00:00,0.0,0.0,0.0,2.8792362,4.6
2025-05-31 12:00:00,0.0,0.0,0.0,2.6580067,3.8
2025-05-31 13:00:00,0.0,0.0,0.0,0.5024938,3.2
2025-05-31 14:00:00,0.1,0.1,0.0,1.4115593,3.1
2025-05-31 15:00:00,0.0,0.0,0.0,1.6970563,1.7
2025-05-31 16:00:00,0.0,0.0,0.0,1.6007811,1.8
2025-05-31 17:00:00,0.0,0.0,0.0,2.2102036,2.6
2025-05-31 18:00:00,0.0,0.0,0.0,2.0940392,2.5
2025-05-31 19:00:00,0.0,0.0,0.0,2.0615528,3.5
2025-05-31 20:00:00,0.0,0.0,0.0,2.0651877,3.4
2025-05-31 21:00:00,0.0,0.0,0.0,2.1023796,3.6
2025-05-31 22:00:00,0.0,0.0,0.0,2.2022715,3.7
2025-05-31 23:00:00,0.0,0.0,0.0,2.505993,3.1
2025-06-01 00:00:00,0.0,0.0,0.0,1.9235383,2.2
2025-06-01 01:00:00,0.0,0.0,0.0,2.0402207,2.1
2025-06-01 02:00:00,0.0,0.0,0.0,2.0554805,2.9
2025-06-01 03:00:00,0.0,0.0,0.0,2.0248458,3.3
2025-06-01 04:00:00,0.0,0.0,0.0,1.2747549,3.6
2025-06-01 05:00:00,0.0,0.0,0.0,1.0198039,3.7
2025-06-01 06:00:00,0.0,0.0,0.0,1.1672618,4.4
2025-06-01 07:00:00,0.0,0.0,0.0,1.767767,5.7
2025-06-01 08:00:00,0.0,0.0,0.0,2.274313,6.3
2025-06-01 09:00:00,0.0,0.0,0.0,2.441823,6.4
2025-06-01 10:00:00,0.0,0.0,0.0,2.285279,6.2
2025-06-01 11:00:00,1.7,1.7,0.0,1.9780041,5.1
2025-06-01 12:00:00,0.0,0.0,0.0,1.4773287,3.0
2025-06-01 13:00:00,0.0,0.0,0.0,1.3946326,3.0
2025-06-01 14:00:00,0.0,0.0,0.0,0.6726812,1.7
2025-06-01 15:00:00,0.0,0.0,0.0,1.2529964,2.6
2025-06-01 16:00:00,0.0,0.0,0.0,1.2539936,2.6
2025-06-01 17:00:00,0.0,0.0,0.0,1.1280514,2.1
2025-06-01 18:00:00,0.0,0.0,0.0,0.9192388,1.3
2025-06-01 19:00:00,0.0,0.0,0.0,0.78262377,1.0
2025-06-01 20:00:00,0.0,0.0,0.0,0.552268,0.8
2025-06-01 21:00:00,0.0,0.0,0.0,0.7106335,0.9
2025-06-01 22:00:00,0.0,0.0,0.0,1.0511898,0.9
2025-06-01 23:00:00,0.0,0.0,0.0,0.9013878,0.8
2025-06-02 00:00:00,0.0,0.0,0.0,0.4031129,0.7
2025-06-02 01:00:00,0.0,0.0,0.0,0.20615529,1.9
2025-06-02 02:00:00,0.0,0.0,0.0,0.14142136,2.3
2025-06-02 03:00:00,0.0,0.0,0.0,0.05,2.7
2025-06-02 04:00:00,0.0,0.0,0.0,0.07071068,3.0
2025-06-02 05:00:00,0.0,0.0,0.0,0.20615529,4.2
2025-06-02 06:00:00,0.0,0.0,0.0,0.47169906,3.9
2025-06-02 07:00:00,0.0,0.0,0.0,0.552268,3.9
2025-06-02 08:00:00,0.0,0.0,0.0,0.781025,4.0
2025-06-02 09:00:00,0.0,0.0,0.0,1.0307764,4.2
2025-06-02 10:00:00,0.0,0.0,0.0,0.88600224,4.2
2025-06-02 11:00:00,0.0,0.0,0.0,0.96046865,3.7
2025-06-02 12:00:00,0.1,0.1,0.0,1.3341664,3.1
2025-06-02 13:00:00,0.0,0.0,0.0,1.7240939,2.5
2025-06-02 14:00:00,0.0,0.0,0.0,1.523975,1.0
2025-06-02 15:00:00,0.0,0.0,0.0,1.9811614,0.6
2025-06-02 16:00:00,0.0,0.0,0.0,2.1505814,1.6
2025-06-02 17:00:00,0.0,0.0,0.0,1.8200275,2.3
2025-06-02 18:00:00,0.0,0.0,0.0,1.6007811,3.1
2025-06-02 19:00:00,0.0,0.0,0.0,1.9091884,2.8
2025-06-02 20:00:00,0.0,0.0,0.0,2.1731312,3.3
2025-06-02 21:00:00,0.0,0.0,0.0,2.098809,3.4
2025-06-02 22:00:00,0.0,0.0,0.0,1.7102631,3.3
2025-06-02 23:00:00,0.0,0.0,0.0,1.882153,3.2
2025-06-03 00:00:00,0.0,0.0,0.0,1.6560496,3.0
2025-06-03 01:00:00,0.0,0.0,0.0,2.05,4.1
2025-06-03 02:00:00,0.0,0.0,0.0,1.7066048,4.5
2025-06-03 03:00:00,0.0,0.0,0.0,1.6568041,5.2
2025-06-03 04:00:00,0.0,0.0,0.0,1.9163768,6.1
2025-06-03 05:00:00,0.0,0.0,0.0,2.3879907,6.9
2025-06-03 06:00:00,0.0,0.0,0.0,2.8398943,8.3
2025-06-03 07:00:00,0.0,0.0,0.0,3.3615472,7.9
2025-06-03 08:00:00,0.0,0.0,0.0,3.4091787,8.2
2025-06-03 09:00:00,0.0,0.0,0.0,4.292144,8.4
2025-06-03 10:00:00,0.2,0.2,0.0,4.2544093,9.6
2025-06-03 11:00:00,0.7,0.7,0.0,3.2867157,6.0
2025-06-03 12:00:00,0.0,0.0,0.0,2.0670028,4.3
2025-06-03 13:00:00,0.0,0.0,0.0,2.7572632,4.9
2025-06-03 14:00:00,0.0,0.0,0.0,3.118493,4.7
2025-06-03 15:00:00,0.0,0.0,0.0,3.0842342,4.4
2025-06-03 16:00:00,0.0,0.0,0.0,3.3365402,5.2
2025-06-03 17:00:00,0.0,0.0,0.0,2.830636,5.5
2025-06-03 18:00:00,0.0,0.0,0.0,2.7060118,5.4
2025-06-03 19:00:00,0.0,0.0,0.0,2.9807718,5.3
2025-06-03 20:00:00,0.0,0.0,0.0,3.1535695,5.7
2025-06-03 21:00:00,0.0,0.0,0.0,2.9753153,5.2
2025-06-03 22:00:00,0.0,0.0,0.0,2.182888,5.4
2025-06-03 23:00:00,0.0,0.0,0.0,2.350532,5.2
2025-06-04 00:00:00,0.0,0.0,0.0,2.7973201,6.1
2025-06-04 01:00:00,0.4,0.4,0.0,3.4441981,7.2
2025-06-04 02:00:00,0.1,0.1,0.0,3.5933967,8.4
2025-06-04 03:00:00,0.1,0.1,0.0,4.6674404,12.8
2025-06-04 04:00:00,0.5,0.5,0.0,3.9824615,9.9
2025-06-04 05:00:00,0.2,0.2,0.0,3.306055,7.5
2025-06-04 06:00:00,0.0,0.0,0.0,4.5499997,10.6
2025-06-04 07:00:00,0.0,0.0,0.0,6.005206,11.9
2025-06-04 08:00:00,0.0,0.0,0.0,5.9464273,12.4
2025-06-04 09:00:00,0.0,0.0,0.0,5.5879335,11.7
2025-06-04 10:00:00,0.7,0.7,0.0,6.981404,12.9
2025-06-04 11:00:00,1.0,1.0,0.0,4.8971934,8.4
2025-06-04 12:00:00,0.0,0.0,0.0,5.284411,7.7
2025-06-04 13:00:00,0.0,0.0,0.0,4.9175706,7.2
2025-06-04 14:00:00,0.0,0.0,0.0,3.828838,4.4
2025-06-04 15:00:00,0.0,0.0,0.0,3.118493,3.5
2025-06-04 16:00:00,0.0,0.0,0.0,3.7396524,3.1
2025-06-04 17:00:00,0.0,0.0,0.0,4.816638,6.6
2025-06-04 18:00:00,0.0,0.0,0.0,4.315669,9.6
2025-06-04 19:00:00,0.0,0.0,0.0,3.2638168,5.4
2025-06-04 20:00:00,0.0,0.0,0.0,3.0700164,5.1
2025-06-04 21:00:00,0.0,0.0,0.0,3.3049204,5.6
2025-06-04 22:00:00,0.0,0.0,0.0,3.463019,5.8
2025-06-04 23:00:00,0.0,0.0,0.0,3.251538,5.4
2025-06-05 00:00:00,0.0,0.0,0.0,3.0536864,5.2
2025-06-05 01:00:00,0.0,0.0,0.0,3.1196954,5.6
2025-06-05 02:00:00,0.0,0.0,0.0,3.451449,6.9
2025-06-05 03:00:00,0.0,0.0,0.0,4.050309,8.3
2025-06-05 04:00:00,0.1,0.1,0.0,4.3931766,9.5
2025-06-05 05:00:00,0.0,0.0,0.0,4.6173587,9.9
2025-06-05 06:00:00,0.0,0.0,0.0,5.05099,10.2
2025-06-05 07:00:00,0.0,0.0,0.0,5.2974052,11.0
2025-06-05 08:00:00,0.0,0.0,0.0,5.345091,10.5
2025-06-05 09:00:00,0.0,0.0,0.0,5.0756774,9.4
2025-06-05 10:00:00,0.0,0.0,0.0,3.8745968,8.8
2025-06-05 11:00:00,0.0,0.0,0.0,4.5694637,9.2
2025-06-05 12:00:00,0.0,0.0,0.0,4.457858,8.9
2025-06-05 13:00:00,0.0,0.0,0.0,3.9852855,7.0
2025-06-05 14:00:00,0.0,0.0,0.0,2.3706539,4.3
2025-06-05 15:00:00,0.0,0.0,0.0,2.3584952,3.0
2025-06-05 16:00:00,0.0,0.0,0.0,2.6580067,1.9
2025-06-05 17:00:00,0.0,0.0,0.0,2.4909837,1.5
2025-06-05 18:00:00,0.0,0.0,0.0,2.1213202,2.0
2025-06-05 19:00:00,0.0,0.0,0.0,2.0808651,2.5
2025-06-05 20:00:00,0.0,0.0,0.0,2.2209232,3.0
2025-06-05 21:00:00,0.0,0.0,0.0,1.9499999,3.3
2025-06-05 22:00:00,0.0,0.0,0.0,2.030394,3.6
2025-06-05 23:00:00,0.0,0.0,0.0,2.0934422,4.0
2025-06-06 00:00:00,0.0,0.0,0.0,2.1931713,4.2
2025-06-06 01:00:00,0.0,0.0,0.0,2.6504717,4.8
2025-06-06 02:00:00,0.0,0.0,0.0,2.1731312,5.1
2025-06-06 03:00:00,0.0,0.0,0.0,2.207374,5.7
2025-06-06 04:00:00,0.0,0.0,0.0,2.2505555,6.2
2025-06-06 05:00:00,0.0,0.0,0.0,2.3879907,6.5
2025-06-06 06:00:00,0.0,0.0,0.0,2.4824383,6.5
2025-06-06 07:00:00,0.0,0.0,0.0,2.445915,6.2
2025-06-06 08:00:00,0.0,0.0,0.0,2.1731312,5.6
2025-06-06 09:00:00,0.0,0.0,0.0,1.8741665,5.3
2025-06-06 10:00:00,0.0,0.0,0.0,1.8200275,4.8
2025-06-06 11:00:00,0.0,0.0,0.0,2.1954498,4.9
2025-06-06 12:00:00,0.0,0.0,0.0,2.7735357,5.7
2025-06-06 13:00:00,0.0,0.0,0.0,2.8714106,5.3
2025-06-06 14:00:00,0.0,0.0,0.0,2.9820294,4.9
2025-06-06 15:00:00,0.0,0.0,0.0,3.2802439,4.7
2025-06-06 16:00:00,0.0,0.0,0.0,3.8209944,5.3
2025-06-06 17:00:00,0.0,0.0,0.0,4.4813504,6.7
2025-06-06 18:00:00,0.0,0.0,0.0,5.008493,8.1
2025-06-06 19:00:00,0.0,0.0,0.0,5.01722,9.0
2025-06-06 20:00:00,0.0,0.0,0.0,4.8075466,8.4
2025-06-06 21:00:00,0.0,0.0,0.0,4.773102,8.4
2025-06-06 22:00:00,0.0,0.0,0.0,5.109061,8.7
2025-06-06 23:00:00,0.0,0.0,0.0,5.1971145,9.1
2025-06-07 00:00:00,0.0,0.0,0.0,5.5210958,10.0
2025-06-07 01:00:00,0.0,0.0,0.0,5.461227,10.0
2025-06-07 02:00:00,0.0,0.0,0.0,5.3415823,9.7
2025-06-07 03:00:00,0.0,0.0,0.0,6.1073728,9.6
2025-06-07 04:00:00,0.0,0.0,0.0,7.1711226,11.2
2025-06-07 05:00:00,0.0,0.0,0.0,7.7369246,10.4
2025-06-07 06:00:00,0.0,0.0,0.0,7.0846667,10.1
2025-06-07 07:00:00,0.6,0.6,0.0,6.408003,11.8
2025-06-07 08:00:00,0.8,0.8,0.0,5.3235326,10.5
2025-06-07 09:00:00,1.8,1.8,0.0,5.214643,9.8
2025-06-07 10:00:00,2.3,2.3,0.0,5.3677278,9.2
2025-06-07 11:00:00,2.0,2.0,0.0,5.1732483,10.0
2025-06-07 12:00:00,2.4,2.4,0.0,5.311544,10.2
2025-06-07 13:00:00,3.4,3.4,0.0,5.9518905,11.0
2025-06-07 14:00:00,3.7,3.7,0.0,6.012695,11.3
2025-06-07 15:00:00,3.7,3.7,0.0,6.021005,11.1
2025-06-07 16:00:00,3.6,3.6,0.0,6.364157,10.9
2025-06-07 17:00:00,2.6,2.6,0.0,6.627405,11.6
2025-06-07 18:00:00,2.1,2.1,0.0,6.753702,12.5
2025-06-07 19:00:00,0.2,0.2,0.0,6.8280673,12.8
2025-06-07 20:00:00,0.4,0.4,0.0,6.932893,12.8
2025-06-07 21:00:00,0.8,0.8,0.0,7.0060687,13.0
2025-06-07 22:00:00,0.6,0.6,0.0,7.8976264,13.5
2025-06-07 23:00:00,0.5,0.5,0.0,7.9701004,14.0
2025-06-08 00:00:00,0.3,0.3,0.0,7.8212852,14.0
2025-06-08 01:00:00,0.5,0.5,0.0,7.1344237,13.3
2025-06-08 02:00:00,0.3,0.3,0.0,6.4399147,12.2
2025-06-08 03:00:00,0.3,0.3,0.0,5.079862,11.2
2025-06-08 04:00:00,0.4,0.4,0.0,4.9872336,10.7
2025-06-08 05:00:00,0.2,0.2,0.0,6.0153966,11.4
2025-06-08 06:00:00,0.1,0.1,0.0,6.6241984,12.3
2025-06-08 07:00:00,0.0,0.0,0.0,6.6370173,12.0
2025-06-08 08:00:00,0.0,0.0,0.0,6.285897,12.5
2025-06-08 09:00:00,0.0,0.0,0.0,5.951891,11.7
2025-06-08 10:00:00,0.0,0.0,0.0,6.005206,10.6
2025-06-08 11:00:00,0.0,0.0,0.0,5.477682,10.0
2025-06-08 12:00:00,0.0,0.0,0.0,4.95101,9.3
2025-06-08 13:00:00,0.0,0.0,0.0,4.354595,8.3
2025-06-08 14:00:00,0.0,0.0,0.0,3.4003677,5.7
2025-06-08 15:00:00,0.0,0.0,0.0,2.65,3.0
2025-06-08 16:00:00,0.0,0.0,0.0,2.5044959,3.3
2025-06-08 17:00:00,0.0,0.0,0.0,2.5347583,3.4
2025-06-08 18:00:00,0.0,0.0,0.0,2.6196375,3.3
2025-06-08 19:00:00,0.0,0.0,0.0,2.8853076,4.8
2025-06-08 20:00:00,0.0,0.0,0.0,3.1064448,5.2
2025-06-08 21:00:00,0.0,0.0,0.0,3.162673,5.3
2025-06-08 22:00:00,0.0,0.0,0.0,3.5362408,5.2
2025-06-08 23:00:00,0.0,0.0,0.0,3.1851218,4.9
2025-06-09 00:00:00,0.0,0.0,0.0,3.21753,5.0
2025-06-09 01:00:00,0.0,0.0,0.0,3.1890438,5.5
2025-06-09 02:00:00,0.0,0.0,0.0,3.3970575,6.3
2025-06-09 03:00:00,0.0,0.0,0.0,3.6062446,6.7
2025-06-09 04:00:00,0.0,0.0,0.0,4.8010416,8.9
2025-06-09 05:00:00,0.0,0.0,0.0,4.8192325,9.0
2025-06-09 06:00:00,0.0,0.0,0.0,4.6392345,9.0
2025-06-09 07:00:00,0.0,0.0,0.0,4.5793014,9.5
2025-06-09 08:00:00,0.0,0.0,0.0,4.5024996,9.7
2025-06-09 09:00:00,0.0,0.0,0.0,4.385487,9.6
2025-06-09 10:00:00,0.0,0.0,0.0,4.7628775,9.1
2025-06-09 11:00:00,0.0,0.0,0.0,4.427471,8.5
2025-06-09 12:00:00,0.0,0.0,0.0,4.294182,8.1
2025-06-09 13:00:00,0.0,0.0,0.0,4.056168,7.2
2025-06-09 14:00:00,0.0,0.0,0.0,3.2802439,5.2
2025-06-09 15:00:00,0.0,0.0,0.0,2.939813,4.3
2025-06-09 16:00:00,0.0,0.0,0.0,2.9206164,4.7
2025-06-09 17:00:00,0.0,0.0,0.0,2.9410884,4.8
2025-06-09 18:00:00,0.0,0.0,0.0,2.8900692,4.5
2025-06-09 19:00:00,0.0,0.0,0.0,3.0103986,5.1
2025-06-09 20:00:00,0.0,0.0,0.0,3.1144822,5.2
2025-06-09 21:00:00,0.0,0.0,0.0,3.2557642,5.5
2025-06-09 22:00:00,0.0,0.0,0.0,3.7013512,5.9
2025-06-09 23:00:00,0.0,0.0,0.0,3.6891732,6.2
2025-06-10 00:00:00,0.0,0.0,0.0,3.6006944,6.2
2025-06-10 01:00:00,0.0,0.0,0.0,3.7047267,6.5
2025-06-10 02:00:00,0.0,0.0,0.0,3.7696154,7.2
2025-06-10 03:00:00,0.0,0.0,0.0,4.1140003,8.1
2025-06-10 04:00:00,0.0,0.0,0.0,4.6222286,9.3
2025-06-10 05:00:00,0.0,0.0,0.0,5.4332314,10.9
2025-06-10 06:00:00,0.0,0.0,0.0,5.2692504,10.9
2025-06-10 07:00:00,0.0,0.0,0.0,5.07001,10.7
2025-06-10 08:00:00,0.0,0.0,0.0,5.0202093,10.6
2025-06-10 09:00:00,0.0,0.0,0.0,5.0420732,10.5
2025-06-10 10:00:00,0.0,0.0,0.0,5.523812,10.4
2025-06-10 11:00:00,0.0,0.0,0.0,5.4332314,10.0
2025-06-10 12:00:00,0.0,0.0,0.0,5.1198144,9.4
2025-06-10 13:00:00,0.0,0.0,0.0,4.110049,7.4
2025-06-10 14:00:00,0.0,0.0,0.0,3.52881,5.9
2025-06-10 15:00:00,0.0,0.0,0.0,3.5794554,5.3
2025-06-10 16:00:00,0.0,0.0,0.0,3.9357338,6.1
2025-06-10 17:00:00,0.0,0.0,0.0,4.366062,6.9
2025-06-10 18:00:00,0.0,0.0,0.0,4.68188,7.4
2025-06-10 19:00:00,0.0,0.0,0.0,4.8231215,8.5
2025-06-10 20:00:00,0.0,0.0,0.0,4.790094,8.5
2025-06-10 21:00:00,0.0,0.0,0.0,4.570558,8.0
2025-06-10 22:00:00,0.0,0.0,0.0,4.3234825,7.6
2025-06-10 23:00:00,0.0,0.0,0.0,4.1800117,7.2
2025-06-11 00:00:00,0.0,0.0,0.0,4.2793107,7.3
2025-06-11 01:00:00,0.0,0.0,0.0,4.304649,7.6
2025-06-11 02:00:00,0.0,0.0,0.0,4.050309,7.9
2025-06-11 03:00:00,0.0,0.0,0.0,4.3072615,8.5
2025-06-11 04:00:00,0.0,0.0,0.0,4.502499,8.9
2025-06-11 05:00:00,0.0,0.0,0.0,4.8010416,9.4
2025-06-11 06:00:00,0.0,0.0,0.0,5.278731,10.3
2025-06-11 07:00:00,0.0,0.0,0.0,5.4571056,11.0
2025-06-11 08:00:00,0.0,0.0,0.0,5.107103,10.3
2025-06-11 09:00:00,0.0,0.0,0.0,4.6057034,9.4
2025-06-11 10:00:00,0.0,0.0,0.0,4.5235496,8.6
2025-06-11 11:00:00,0.0,0.0,0.0,4.0388737,7.5
2025-06-11 12:00:00,0.0,0.0,0.0,3.7593217,6.5
2025-06-11 13:00:00,0.0,0.0,0.0,3.05,5.1
2025-06-11 14:00:00,0.0,0.0,0.0,3.0413814,5.0
2025-06-11 15:00:00,0.0,0.0,0.0,3.4860437,5.9
2025-06-11 16:00:00,0.0,0.0,0.0,3.8160844,6.4
2025-06-11 17:00:00,0.0,0.0,0.0,3.9080048,5.8
2025-06-11 18:00:00,0.0,0.0,0.0,4.100305,5.2
2025-06-11 19:00:00,0.0,0.0,0.0,4.20119,7.4
2025-06-11 20:00:00,0.0,0.0,0.0,4.2145576,7.4
2025-06-11 21:00:00,0.0,0.0,0.0,4.0524683,7.2
2025-06-11 22:00:00,0.0,0.0,0.0,3.535534,6.9
2025-06-11 23:00:00,0.0,0.0,0.0,2.8744566,6.3
2025-06-12 00:00:00,0.0,0.0,0.0,2.5831182,5.7
2025-06-12 01:00:00,0.0,0.0,0.0,2.530316,5.1
2025-06-12 02:00:00,0.0,0.0,0.0,2.0260801,5.0
2025-06-12 03:00:00,0.0,0.0,0.0,2.098809,5.6
2025-06-12 04:00:00,0.0,0.0,0.0,2.3070545,6.8
2025-06-12 05:00:00,0.0,0.0,0.0,2.2825425,7.2
2025-06-12 06:00:00,0.0,0.0,0.0,2.5932605,7.0
2025-06-12 07:00:00,0.0,0.0,0.0,3.069609,8.2
2025-06-12 08:00:00,0.0,0.0,0.0,3.1256998,9.0
2025-06-12 09:00:00,0.0,0.0,0.0,2.6575365,8.4
2025-06-12 10:00:00,0.0,0.0,0.0,3.0203478,8.6
2025-06-12 11:00:00,0.0,0.0,0.0,3.05,8.8
2025-06-12 12:00:00,0.0,0.0,0.0,2.8231187,7.7
2025-06-12 13:00:00,0.0,0.0,0.0,1.8384776,4.3
2025-06-12 14:00:00,0.0,0.0,0.0,1.1401755,2.3
2025-06-12 15:00:00,0.0,0.0,0.0,1.8901058,2.6
2025-06-12 16:00:00,0.0,0.0,0.0,2.2203603,3.2
2025-06-12 17:00:00,0.0,0.0,0.0,2.1029742,3.2
2025-06-12 18:00:00,0.0,0.0,0.0,1.9313208,3.1
2025-06-12 19:00:00,0.0,0.0,0.0,1.9962465,3.4
2025-06-12 20:00:00,0.0,0.0,0.0,2.0426698,3.5
2025-06-12 21:00:00,0.0,0.0,0.0,2.1662178,3.6
2025-06-12 22:00:00,0.0,0.0,0.0,1.7414075,3.9
2025-06-12 23:00:00,0.0,0.0,0.0,2.1095023,4.2
2025-06-13 00:00:00,0.0,0.0,0.0,3.628016,4.6
2025-06-13 01:00:00,0.1,0.1,0.0,3.968942,5.1
2025-06-13 02:00:00,0.6,0.6,0.0,3.1408596,7.9
2025-06-13 03:00:00,0.8,0.8,0.0,2.5675864,8.7
2025-06-13 04:00:00,0.3,0.3,0.0,2.0615528,7.2
2025-06-13 05:00:00,0.2,0.2,0.0,2.1360009,6.5
2025-06-13 06:00:00,0.3,0.3,0.0,2.65,7.0
2025-06-13 07:00:00,0.1,0.1,0.0,2.6100767,8.7
2025-06-13 08:00:00,0.0,0.0,0.0,2.6004806,8.1
2025-06-13 09:00:00,0.0,0.0,0.0,2.3521266,6.8
2025-06-13 10:00:00,0.0,0.0,0.0,1.978004,6.1
2025-06-13 11:00:00,0.0,0.0,0.0,2.207374,6.2
2025-06-13 12:00:00,0.6,0.6,0.0,2.200568,6.2
2025-06-13 13:00:00,0.4,0.4,0.0,1.882153,5.1
2025-06-13 14:00:00,0.1,0.1,0.0,1.677051,2.2
2025-06-13 15:00:00,0.0,0.0,0.0,1.7902514,2.2
2025-06-13 16:00:00,0.0,0.0,0.0,1.8768325,2.9
2025-06-13 17:00:00,0.0,0.0,0.0,2.059126,3.1
2025-06-13 18:00:00,0.0,0.0,0.0,2.0081086,3.1
2025-06-13 19:00:00,0.0,0.0,0.0,1.9602296,3.2
2025-06-13 20:00:00,0.0,0.0,0.0,2.030394,2.6
2025-06-13 21:00:00,0.0,0.0,0.0,1.0049876,1.2
2025-06-13 22:00:00,0.0,0.0,0.0,1.4221463,1.1
2025-06-13 23:00:00,0.0,0.0,0.0,1.4773287,2.0
2025-06-14 00:00:00,0.0,0.0,0.0,1.3313527,2.0
2025-06-14 01:00:00,0.0,0.0,0.0,1.5231546,2.8
2025-06-14 02:00:00,0.0,0.0,0.0,1.2083046,2.7
2025-06-14 03:00:00,0.0,0.0,0.0,1.3901439,3.4
2025-06-14 04:00:00,0.0,0.0,0.0,1.755705,4.5
2025-06-14 05:00:00,0.0,0.0,0.0,1.9659604,5.4
2025-06-14 06:00:00,0.0,0.0,0.0,1.6194135,5.3
2025-06-14 07:00:00,0.0,0.0,0.0,1.5231546,5.6
2025-06-14 08:00:00,0.0,0.0,0.0,2.0796635,5.9
2025-06-14 09:00:00,0.0,0.0,0.0,2.5632012,6.4
2025-06-14 10:00:00,0.6,0.6,0.0,2.5005,8.7
2025-06-14 11:00:00,0.1,0.1,0.0,1.2619429,7.0
2025-06-14 12:00:00,0.0,0.0,0.0,2.1708293,4.6
2025-06-14 13:00:00,0.4,0.4,0.0,2.4129858,4.5
2025-06-14 14:00:00,0.0,0.0,0.0,1.9293782,3.8
2025-06-14 15:00:00,0.2,0.2,0.0,2.0,3.1
2025-06-14 16:00:00,0.0,0.0,0.0,2.298369,3.4
2025-06-14 17:00:00,0.0,0.0,0.0,2.5223997,3.5
2025-06-14 18:00:00,0.0,0.0,0.0,2.4789112,3.6
2025-06-14 19:00:00,0.0,0.0,0.0,2.5495098,4.4
2025-06-14 20:00:00,0.0,0.0,0.0,2.6706738,4.6
2025-06-14 21:00:00,0.0,0.0,0.0,2.680019,4.5
2025-06-14 22:00:00,0.0,0.0,0.0,2.9529645,4.4
2025-06-14 23:00:00,0.0,0.0,0.0,2.7294688,4.2
2025-06-15 00:00:00,0.0,0.0,0.0,2.795085,4.6
2025-06-15 01:00:00,0.0,0.0,0.0,3.3723137,6.9
2025-06-15 02:00:00,0.0,0.0,0.0,3.0594118,6.8
2025-06-15 03:00:00,0.0,0.0,0.0,2.6462238,8.0
2025-06-15 04:00:00,0.0,0.0,0.0,2.7060118,8.4
2025-06-15 05:00:00,0.0,0.0,0.0,2.7973201,8.1
2025-06-15 06:00:00,0.1,0.1,0.0,2.7294688,8.5
2025-06-15 07:00:00,0.0,0.0,0.0,2.9841247,7.3
2025-06-15 08:00:00,0.0,0.0,0.0,3.3708305,8.0
2025-06-15 09:00:00,0.0,0.0,0.0,3.5672119,7.8
2025-06-15 10:00:00,0.0,0.0,0.0,4.0354676,8.0
2025-06-15 11:00:00,0.0,0.0,0.0,4.236154,7.8
2025-06-15 12:00:00,0.0,0.0,0.0,4.2953463,7.7
2025-06-15 13:00:00,0.0,0.0,0.0,3.846102,6.5
2025-06-15 14:00:00,0.0,0.0,0.0,3.0907118,5.0
2025-06-15 15:00:00,0.0,0.0,0.0,2.5124688,3.8
2025-06-15 16:00:00,0.0,0.0,0.0,2.4505103,3.4
2025-06-15 17:00:00,0.0,0.0,0.0,2.285279,3.3
2025-06-15 18:00:00,0.0,0.0,0.0,2.324328,3.3
2025-06-15 19:00:00,0.0,0.0,0.0,2.1731312,3.6
2025-06-15 20:00:00,0.0,0.0,0.0,2.0124612,3.3
2025-06-15 21:00:00,0.0,0.0,0.0,1.9039432,3.1
2025-06-15 22:00:00,0.0,0.0,0.0,2.1219096,3.0
2025-06-15 23:00:00,0.0,0.0,0.0,2.1224985,3.0
2025-06-16 00:00:00,0.0,0.0,0.0,2.4300208,3.4
2025-06-16 01:00:00,0.0,0.0,0.0,2.2638464,4.2
2025-06-16 02:00:00,0.0,0.0,0.0,2.0248456,4.5
2025-06-16 03:00:00,0.0,0.0,0.0,1.5890248,4.4
2025-06-16 04:00:00,0.0,0.0,0.0,0.8732125,3.7
2025-06-16 05:00:00,0.0,0.0,0.0,0.41231057,3.8
2025-06-16 06:00:00,0.0,0.0,0.0,0.6800735,4.0
2025-06-16 07:00:00,0.0,0.0,0.0,0.8,4.1
2025-06-16 08:00:00,0.0,0.0,0.0,0.8062258,3.7
2025-06-16 09:00:00,0.0,0.0,0.0,0.81394106,4.0
2025-06-16 10:00:00,0.0,0.0,0.0,0.7106335,3.9
2025-06-16 11:00:00,0.0,0.0,0.0,1.0124229,3.6
2025-06-16 12:00:00,0.0,0.0,0.0,1.5700318,3.3
2025-06-16 13:00:00,0.0,0.0,0.0,1.6507574,3.1
2025-06-16 14:00:00,0.0,0.0,0.0,1.0124228,1.3
2025-06-16 15:00:00,0.0,0.0,0.0,1.3209845,0.6
2025-06-16 16:00:00,0.0,0.0,0.0,2.0880613,0.7
2025-06-16 17:00:00,0.0,0.0,0.0,2.100595,1.9
2025-06-16 18:00:00,0.0,0.0,0.0,2.830636,3.5
2025-06-16 19:00:00,0.0,0.0,0.0,3.0450783,5.1
2025-06-16 20:00:00,0.0,0.0,0.0,2.930017,4.9
2025-06-16 21:00:00,0.0,0.0,0.0,2.8640006,4.7
2025-06-16 22:00:00,0.0,0.0,0.0,2.8640006,4.3
2025-06-16 23:00:00,0.0,0.0,0.0,2.3753946,3.9
2025-06-17 00:00:00,0.0,0.0,0.0,2.4397748,4.2
2025-06-17 01:00:00,0.0,0.0,0.0,2.829311,5.0
2025-06-17 02:00:00,0.0,0.0,0.0,2.4758837,5.5
2025-06-17 03:00:00,0.0,0.0,0.0,2.311385,6.0
2025-06-17 04:00:00,0.0,0.0,0.0,2.4129858,6.7
2025-06-17 05:00:00,0.0,0.0,0.0,2.505993,7.6
2025-06-17 06:00:00,0.0,0.0,0.0,2.6617663,8.0
2025-06-17 07:00:00,0.0,0.0,0.0,2.8217902,7.1
2025-06-17 08:00:00,0.0,0.0,0.0,3.224903,7.7
2025-06-17 09:00:00,0.0,0.0,0.0,3.4885528,8.0
2025-06-17 10:00:00,0.0,0.0,0.0,3.156343,7.9
2025-06-17 11:00:00,0.0,0.0,0.0,2.6443334,7.3
2025-06-17 12:00:00,0.0,0.0,0.0,2.6767519,6.5
2025-06-17 13:00:00,0.0,0.0,0.0,2.2825425,5.0
2025-06-17 14:00:00,0.0,0.0,0.0,1.4150972,2.3
2025-06-17 15:00:00,0.0,0.0,0.0,2.34094,2.4
2025-06-17 16:00:00,0.0,0.0,0.0,2.594706,2.9
2025-06-17 17:00:00,0.0,0.0,0.0,2.4005208,3.4
2025-06-17 18:00:00,0.0,0.0,0.0,2.4010415,3.5
2025-06-17 19:00:00,0.0,0.0,0.0,2.4052026,3.5
2025-06-17 20:00:00,0.0,0.0,0.0,2.2770596,3.5
2025-06-17 21:00:00,0.0,0.0,0.0,2.0573041,3.4
2025-06-17 22:00:00,0.0,0.0,0.0,1.9137658,3.4
2025-06-17 23:00:00,0.0,0.0,0.0,1.9780041,3.4
2025-06-18 00:00:00,0.0,0.0,0.0,1.9235383,2.8
2025-06-18 01:00:00,0.0,0.0,0.0,2.3345237,3.5
2025-06-18 02:00:00,0.0,0.0,0.0,1.0630146,4.0
2025-06-18 03:00:00,0.0,0.0,0.0,0.46097723,3.8
2025-06-18 04:00:00,0.0,0.0,0.0,0.46097723,3.7
2025-06-18 05:00:00,0.0,0.0,0.0,1.9723083,3.8
2025-06-18 06:00:00,0.0,0.0,0.0,2.804015,3.9
2025-06-18 07:00:00,0.0,0.0,0.0,1.9455076,5.3
2025-06-18 08:00:00,0.0,0.0,0.0,1.0965856,8.5
2025-06-18 09:00:00,0.0,0.0,0.0,3.0319135,9.2
2025-06-18 10:00:00,0.0,0.0,0.0,2.8853076,8.8
2025-06-18 11:00:00,0.0,0.0,0.0,4.451123,8.6
2025-06-18 12:00:00,0.0,0.0,0.0,5.2860665,8.8
2025-06-18 13:00:00,0.0,0.0,0.0,5.2521424,7.8
2025-06-18 14:00:00,0.0,0.0,0.0,6.017682,7.3
2025-06-18 15:00:00,0.1,0.1,0.0,5.9114294,7.0
2025-06-18 16:00:00,0.0,0.0,0.0,5.943484,5.6
2025-06-18 17:00:00,0.0,0.0,0.0,5.418718,6.7
2025-06-18 18:00:00,0.0,0.0,0.0,4.6067886,7.9
2025-06-18 19:00:00,0.0,0.0,0.0,4.503887,8.0
2025-06-18 20:00:00,0.0,0.0,0.0,4.5839396,8.3
2025-06-18 21:00:00,0.0,0.0,0.0,3.8948684,7.0
2025-06-18 22:00:00,0.0,0.0,0.0,3.4154062,6.3
2025-06-18 23:00:00,0.0,0.0,0.0,2.4824383,5.5
2025-06-19 00:00:00,0.0,0.0,0.0,2.070024,4.8
2025-06-19 01:00:00,0.0,0.0,0.0,1.9416488,5.8
2025-06-19 02:00:00,0.0,0.0,0.0,1.8179659,6.8
2025-06-19 03:00:00,0.0,0.0,0.0,2.1708293,8.3
2025-06-19 04:00:00,0.0,0.0,0.0,3.2330327,12.3
2025-06-19 05:00:00,0.0,0.0,0.0,3.6417713,13.6
2025-06-19 06:00:00,0.0,0.0,0.0,3.7606516,11.7
2025-06-19 07:00:00,1.3,1.3,0.0,5.284411,10.5
2025-06-19 08:00:00,0.1,0.1,0.0,1.9912307,6.4
2025-06-19 09:00:00,0.0,0.0,0.0,2.1148283,7.4
2025-06-19 10:00:00,0.0,0.0,0.0,4.651075,9.5
2025-06-19 11:00:00,1.3,1.3,0.0,6.323962,11.2
2025-06-19 12:00:00,0.4,0.4,0.0,3.9446166,7.7
2025-06-19 13:00:00,0.0,0.0,0.0,3.9604292,6.1
2025-06-19 14:00:00,0.0,0.0,0.0,3.9512656,6.6
2025-06-19 15:00:00,0.0,0.0,0.0,2.9732137,5.6
2025-06-19 16:00:00,0.0,0.0,0.0,2.4413111,4.3
2025-06-19 17:00:00,0.0,0.0,0.0,2.4438698,3.7
2025-06-19 18:00:00,0.0,0.0,0.0,2.55,3.8
2025-06-19 19:00:00,0.0,0.0,0.0,2.8504386,4.8
2025-06-19 20:00:00,0.0,0.0,0.0,3.2760494,5.6
2025-06-19 21:00:00,0.0,0.0,0.0,3.5046399,5.9
2025-06-19 22:00:00,0.0,0.0,0.0,3.496069,5.8
2025-06-19 23:00:00,0.0,0.0,0.0,3.2893767,5.6
2025-06-20 00:00:00,0.0,0.0,0.0,3.4077117,5.0
2025-06-20 01:00:00,0.0,0.0,0.0,3.5794554,5.7
2025-06-20 02:00:00,0.0,0.0,0.0,3.9739778,7.4
2025-06-20 03:00:00,0.0,0.0,0.0,4.4654226,8.8
2025-06-20 04:00:00,0.0,0.0,0.0,5.0400896,13.2
2025-06-20 05:00:00,0.0,0.0,0.0,5.9785037,15.9
2025-06-20 06:00:00,0.0,0.0,0.0,6.3884664,13.6
2025-06-20 07:00:00,0.0,0.0,0.0,6.594126,13.7
2025-06-20 08:00:00,0.0,0.0,0.0,6.921163,13.7
2025-06-20 09:00:00,1.5,1.5,0.0,7.728195,13.5
2025-06-20 10:00:00,1.2,1.2,0.0,5.353737,13.6
2025-06-20 11:00:00,0.1,0.1,0.0,4.6717234,11.5
2025-06-20 12:00:00,0.2,0.2,0.0,5.283938,10.6
2025-06-20 13:00:00,0.0,0.0,0.0,4.5213385,9.6
2025-06-20 14:00:00,0.0,0.0,0.0,4.909175,10.1
2025-06-20 15:00:00,0.0,0.0,0.0,4.7859173,8.6
2025-06-20 16:00:00,0.0,0.0,0.0,5.077401,8.0
2025-06-20 17:00:00,0.0,0.0,0.0,5.0621142,8.7
2025-06-20 18:00:00,0.0,0.0,0.0,5.3723826,9.4
2025-06-20 19:00:00,0.0,0.0,0.0,5.038353,9.3
2025-06-20 20:00:00,0.2,0.2,0.0,4.9300103,9.9
2025-06-20 21:00:00,0.9,0.9,0.0,4.9300103,9.9
2025-06-20 22:00:00,1.3,1.3,0.0,5.663921,10.1
2025-06-20 23:00:00,0.8,0.8,0.0,5.672742,10.7
2025-06-21 00:00:00,0.5,0.5,0.0,5.7801385,11.2
2025-06-21 01:00:00,0.4,0.4,0.0,5.830309,9.5
2025-06-21 02:00:00,0.1,0.1,0.0,6.3017855,12.0
2025-06-21 03:00:00,0.0,0.0,0.0,7.255687,16.3
2025-06-21 04:00:00,0.1,0.1,0.0,7.4861536,15.3
2025-06-21 05:00:00,0.0,0.0,0.0,7.964923,15.6
2025-06-21 06:00:00,0.0,0.0,0.0,8.587928,16.3
2025-06-21 07:00:00,0.0,0.0,0.0,9.015681,17.1
2025-06-21 08:00:00,0.0,0.0,0.0,9.146857,17.6
2025-06-21 09:00:00,0.0,0.0,0.0,9.538999,18.1
2025-06-21 10:00:00,0.0,0.0,0.0,9.136329,17.1
2025-06-21 11:00:00,0.0,0.0,0.0,8.514987,14.0
2025-06-21 12:00:00,0.0,0.0,0.0,6.9198985,12.6
2025-06-21 13:00:00,0.0,0.0,0.0,5.7030697,11.2
2025-06-21 14:00:00,0.0,0.0,0.0,4.897193,9.2
2025-06-21 15:00:00,0.0,0.0,0.0,4.1907635,8.1
2025-06-21 16:00:00,0.0,0.0,0.0,3.753665,7.0
2025-06-21 17:00:00,0.0,0.0,0.0,3.3305407,6.5
2025-06-21 18:00:00,0.0,0.0,0.0,3.2893767,6.1
2025-06-21 19:00:00,0.0,0.0,0.0,3.6718524,6.3
2025-06-21 20:00:00,0.0,0.0,0.0,4.4601007,7.8
2025-06-21 21:00:00,0.0,0.0,0.0,5.2886667,9.5
2025-06-21 22:00:00,0.0,0.0,0.0,6.5115285,9.8
2025-06-21 23:00:00,0.0,0.0,0.0,5.710079,8.8
2025-06-22 00:00:00,0.0,0.0,0.0,5.353737,8.5
2025-06-22 01:00:00,0.0,0.0,0.0,5.1324944,9.0
2025-06-22 02:00:00,0.0,0.0,0.0,5.727347,9.7
2025-06-22 03:00:00,0.0,0.0,0.0,6.173532,12.1
2025-06-22 04:00:00,0.0,0.0,0.0,6.619101,13.0
2025-06-22 05:00:00,0.0,0.0,0.0,7.535582,14.8
2025-06-22 06:00:00,0.0,0.0,0.0,8.164711,15.9
2025-06-22 07:00:00,0.0,0.0,0.0,8.364807,16.5
2025-06-22 08:00:00,0.0,0.0,0.0,8.342961,16.5
2025-06-22 09:00:00,0.0,0.0,0.0,8.319405,16.1
2025-06-22 10:00:00,0.0,0.0,0.0,8.190543,15.8
2025-06-22 11:00:00,0.0,0.0,0.0,8.143249,15.1
2025-06-22 12:00:00,0.0,0.0,0.0,7.534255,13.6
2025-06-22 13:00:00,0.0,0.0,0.0,6.284306,11.3
2025-06-22 14:00:00,0.0,0.0,0.0,4.57739,8.2
2025-06-22 15:00:00,0.0,0.0,0.0,3.6891732,5.8
2025-06-22 16:00:00,0.0,0.0,0.0,3.1241,4.4
2025-06-22 17:00:00,0.0,0.0,0.0,3.25,4.4
2025-06-22 18:00:00,0.0,0.0,0.0,3.4702306,4.1
2025-06-22 19:00:00,0.0,0.0,0.0,3.7326264,6.3
2025-06-22 20:00:00,0.0,0.0,0.0,3.535534,6.1
2025-06-22 21:00:00,0.0,0.0,0.0,3.1851218,5.6
2025-06-22 22:00:00,0.0,0.0,0.0,4.1403503,6.2
2025-06-22 23:00:00,0.3,0.3,0.0,5.240229,9.4
2025-06-23 00:00:00,1.4,1.4,0.0,3.623534,6.6
2025-06-23 01:00:00,1.4,1.4,0.0,2.6405492,5.6
2025-06-23 02:00:00,1.3,1.3,0.0,2.55,2.8
2025-06-23 03:00:00,1.1,1.1,0.0,2.245551,4.1
2025-06-23 04:00:00,1.5,1.5,0.0,2.3926973,2.8
2025-06-23 05:00:00,0.7,0.7,0.0,2.7115493,3.4
2025-06-23 06:00:00,0.4,0.4,0.0,3.0516388,5.4
2025-06-23 07:00:00,0.2,0.2,0.0,3.0070748,8.6
2025-06-23 08:00:00,0.2,0.2,0.0,3.0536864,9.6
2025-06-23 09:00:00,0.2,0.2,0.0,3.5805027,10.7
2025-06-23 10:00:00,0.2,0.2,0.0,4.0388737,9.6
2025-06-23 11:00:00,2.5,2.5,0.0,4.3292603,9.7
2025-06-23 12:00:00,0.3,0.3,0.0,4.5177426,7.9
2025-06-23 13:00:00,0.0,0.0,0.0,4.1427646,8.6
2025-06-23 14:00:00,1.7,1.7,0.0,3.873306,7.4
2025-06-23 15:00:00,0.4,0.4,0.0,3.103627,4.8
2025-06-23 16:00:00,0.0,0.0,0.0,2.4,3.7
2025-06-23 17:00:00,0.0,0.0,0.0,2.5005,4.7
2025-06-23 18:00:00,0.0,0.0,0.0,2.540177,5.5
2025-06-23 19:00:00,0.0,0.0,0.0,2.687936,4.5
2025-06-23 20:00:00,0.0,0.0,0.0,2.8146937,4.7
2025-06-23 21:00:00,0.0,0.0,0.0,2.7212129,4.7
2025-06-23 22:00:00,0.0,0.0,0.0,2.710166,4.4
2025-06-23 23:00:00,0.0,0.0,0.0,2.8319604,4.0
2025-06-24 00:00:00,0.0,0.0,0.0,2.9410884,4.4
2025-06-24 01:00:00,0.0,0.0,0.0,3.4644625,6.0
2025-06-24 02:00:00,0.1,0.1,0.0,3.2760494,7.1
2025-06-24 03:00:00,0.1,0.1,0.0,2.8151379,6.7
2025-06-24 04:00:00,0.2,0.2,0.0,2.8151379,7.1
2025-06-24 05:00:00,0.1,0.1,0.0,2.8504386,6.9
2025-06-24 06:00:00,0.2,0.2,0.0,2.6196375,7.0
2025-06-24 07:00:00,0.2,0.2,0.0,2.7856774,7.0
2025-06-24 08:00:00,0.1,0.1,0.0,3.363406,7.9
2025-06-24 09:00:00,0.0,0.0,0.0,3.5693135,8.3
2025-06-24 10:00:00,0.0,0.0,0.0,3.8078864,8.4
2025-06-24 11:00:00,0.1,0.1,0.0,3.9537954,8.0
2025-06-24 12:00:00,0.1,0.1,0.0,4.1463842,8.2
2025-06-24 13:00:00,0.0,0.0,0.0,4.2722945,7.6
2025-06-24 14:00:00,0.0,0.0,0.0,4.0635576,6.9
2025-06-24 15:00:00,0.0,0.0,0.0,3.5640566,5.8
2025-06-24 16:00:00,0.0,0.0,0.0,3.3015149,5.4
2025-06-24 17:00:00,0.0,0.0,0.0,3.1100645,4.9
2025-06-24 18:00:00,0.0,0.0,0.0,3.040148,4.5
2025-06-24 19:00:00,0.0,0.0,0.0,2.9702694,5.3
2025-06-24 20:00:00,0.0,0.0,0.0,3.2101402,5.7
2025-06-24 21:00:00,0.0,0.0,0.0,3.4763489,6.2
2025-06-24 22:00:00,0.0,0.0,0.0,3.540127,6.4
2025-06-24 23:00:00,0.0,0.0,0.0,3.6619666,6.6
2025-06-25 00:00:00,0.0,0.0,0.0,3.7725985,6.6
2025-06-25 01:00:00,0.0,0.0,0.0,3.8304698,6.8
2025-06-25 02:00:00,0.0,0.0,0.0,4.1773195,8.2
2025-06-25 03:00:00,0.0,0.0,0.0,4.2793107,9.0
2025-06-25 04:00:00,0.0,0.0,0.0,4.521338,9.8
2025-06-25 05:00:00,0.0,0.0,0.0,4.5301766,9.9
2025-06-25 06:00:00,0.0,0.0,0.0,4.2573466,9.8
2025-06-25 07:00:00,0.0,0.0,0.0,3.7503333,8.3
2025-06-25 08:00:00,0.0,0.0,0.0,3.3970575,7.4
2025-06-25 09:00:00,0.0,0.0,0.0,3.4205263,7.4
2025-06-25 10:00:00,0.0,0.0,0.0,4.0650954,7.4
2025-06-25 11:00:00,0.0,0.0,0.0,4.193149,7.1
2025-06-25 12:00:00,0.0,0.0,0.0,4.2029753,7.1
2025-06-25 13:00:00,0.0,0.0,0.0,4.007805,6.8
2025-06-25 14:00:00,0.0,0.0,0.0,3.5245569,6.2
2025-06-25 15:00:00,0.0,0.0,0.0,3.1484125,5.8
2025-06-25 16:00:00,0.0,0.0,0.0,2.960152,5.4
2025-06-25 17:00:00,0.0,0.0,0.0,3.1120734,5.3
2025-06-25 18:00:00,0.0,0.0,0.0,3.4999998,5.5
2025-06-25 19:00:00,0.0,0.0,0.0,3.4985712,6.0
2025-06-25 20:00:00,0.0,0.0,0.0,3.448188,5.9
2025-06-25 21:00:00,0.0,0.0,0.0,3.508917,6.0
2025-06-25 22:00:00,0.0,0.0,0.0,3.8503246,6.4
2025-06-25 23:00:00,0.0,0.0,0.0,3.9623227,6.3
2025-06-26 00:00:00,0.0,0.0,0.0,4.2086225,6.3
2025-06-26 01:00:00,0.0,0.0,0.0,4.24323,6.8
2025-06-26 02:00:00,0.0,0.0,0.0,4.20119,8.0
2025-06-26 03:00:00,0.0,0.0,0.0,4.6057034,8.8
2025-06-26 04:00:00,0.0,0.0,0.0,5.1441717,9.6
2025-06-26 05:00:00,0.0,0.0,0.0,5.6588426,10.1
2025-06-26 06:00:00,0.0,0.0,0.0,5.570009,10.6
2025-06-26 07:00:00,0.0,0.0,0.0,5.1,10.4
2025-06-26 08:00:00,0.0,0.0,0.0,4.8674946,9.4
2025-06-26 09:00:00,0.0,0.0,0.0,4.6400433,9.4
2025-06-26 10:00:00,0.1,0.1,0.0,4.370927,9.0
2025-06-26 11:00:00,0.2,0.2,0.0,4.031129,6.9
2025-06-26 12:00:00,0.2,0.2,0.0,3.7499998,7.1
2025-06-26 13:00:00,0.1,0.1,0.0,2.832402,6.1
2025-06-26 14:00:00,0.1,0.1,0.0,2.418677,5.5
2025-06-26 15:00:00,0.0,0.0,0.0,1.944865,4.0
2025-06-26 16:00:00,0.0,0.0,0.0,1.7392527,3.1
2025-06-26 17:00:00,0.0,0.0,0.0,2.0099752,3.5
2025-06-26 18:00:00,0.0,0.0,0.0,2.304886,4.5
2025-06-26 19:00:00,0.0,0.0,0.0,2.304886,4.1
2025-06-26 20:00:00,0.0,0.0,0.0,2.1289668,3.8
2025-06-26 21:00:00,0.0,0.0,0.0,1.9525625,3.6
2025-06-26 22:00:00,0.0,0.0,0.0,1.7951323,3.3
2025-06-26 23:00:00,0.0,0.0,0.0,1.6977926,3.0
2025-06-27 00:00:00,0.0,0.0,0.0,1.5572411,2.8
2025-06-27 01:00:00,0.0,0.0,0.0,1.5787653,3.3
2025-06-27 02:00:00,0.0,0.0,0.0,1.3416408,3.5
2025-06-27 03:00:00,0.0,0.0,0.0,1.7029386,4.3
2025-06-27 04:00:00,0.0,0.0,0.0,2.1260293,5.2
2025-06-27 05:00:00,0.0,0.0,0.0,2.192031,5.5
2025-06-27 06:00:00,0.0,0.0,0.0,2.3753946,5.8
2025-06-27 07:00:00,0.0,0.0,0.0,2.2847319,6.0
2025-06-27 08:00:00,0.0,0.0,0.0,2.2321515,5.7
2025-06-27 09:00:00,0.0,0.0,0.0,2.3086793,5.3
2025-06-27 10:00:00,0.0,0.0,0.0,2.4682992,5.5
2025-06-27 11:00:00,0.0,0.0,0.0,2.5961509,5.0
2025-06-27 12:00:00,0.0,0.0,0.0,2.2388613,3.8
2025-06-27 13:00:00,0.0,0.0,0.0,1.3509256,2.2
2025-06-27 14:00:00,0.0,0.0,0.0,1.0511898,2.3
2025-06-27 15:00:00,0.0,0.0,0.0,1.7102631,2.8
2025-06-27 16:00:00,0.0,0.0,0.0,2.1965883,3.5
2025-06-27 17:00:00,0.0,0.0,0.0,2.3942637,3.6
2025-06-27 18:00:00,0.0,0.0,0.0,2.267708,3.7
2025-06-27 19:00:00,0.0,0.0,0.0,2.1783023,3.6
2025-06-27 20:00:00,0.0,0.0,0.0,2.2321515,3.7
2025-06-27 21:00:00,0.0,0.0,0.0,2.4884734,4.1
2025-06-27 22:00:00,0.0,0.0,0.0,2.9706903,4.6
2025-06-27 23:00:00,0.0,0.0,0.0,3.381198,5.1
2025-06-28 00:00:00,0.0,0.0,0.0,3.8668463,6.0
2025-06-28 01:00:00,0.0,0.0,0.0,4.136726,6.9
2025-06-28 02:00:00,0.0,0.0,0.0,3.8810437,7.6
2025-06-28 03:00:00,0.0,0.0,0.0,4.031129,7.8
2025-06-28 04:00:00,0.4,0.4,0.0,3.5587919,7.6
2025-06-28 05:00:00,0.1,0.1,0.0,3.166228,7.0
2025-06-28 06:00:00,0.1,0.1,0.0,3.3889527,6.8
2025-06-28 07:00:00,0.0,0.0,0.0,3.9300127,8.3
2025-06-28 08:00:00,0.0,0.0,0.0,3.7901187,8.5
2025-06-28 09:00:00,0.0,0.0,0.0,3.604511,8.0
2025-06-28 10:00:00,0.1,0.1,0.0,3.9385912,8.4
2025-06-28 11:00:00,0.0,0.0,0.0,4.160829,8.4
2025-06-28 12:00:00,0.3,0.3,0.0,3.7443287,7.9
2025-06-28 13:00:00,0.1,0.1,0.0,2.0012496,4.6
2025-06-28 14:00:00,0.1,0.1,0.0,1.0977249,1.9
2025-06-28 15:00:00,0.1,0.1,0.0,1.059481,2.6
2025-06-28 16:00:00,0.2,0.2,0.0,1.3038404,4.1
2025-06-28 17:00:00,0.1,0.1,0.0,1.504161,3.8
2025-06-28 18:00:00,0.0,0.0,0.0,1.8445866,2.3
2025-06-28 19:00:00,0.6,0.6,0.0,2.2610838,4.3
2025-06-28 20:00:00,0.7,0.7,0.0,2.2147236,5.3
2025-06-28 21:00:00,0.3,0.3,0.0,2.1053503,3.9
2025-06-28 22:00:00,0.0,0.0,0.0,2.804015,4.3
2025-06-28 23:00:00,0.0,0.0,0.0,2.965215,4.5
2025-06-29 00:00:00,0.0,0.0,0.0,2.902585,4.3
2025-06-29 01:00:00,0.0,0.0,0.0,2.5005,4.3
2025-06-29 02:00:00,0.0,0.0,0.0,2.540177,6.0
2025-06-29 03:00:00,0.0,0.0,0.0,2.182888,5.5
2025-06-29 04:00:00,0.0,0.0,0.0,2.1476731,6.1
2025-06-29 05:00:00,0.0,0.0,0.0,2.0524375,6.4
2025-06-29 06:00:00,0.1,0.1,0.0,1.4534441,6.2
2025-06-29 07:00:00,0.1,0.1,0.0,1.662077,5.3
2025-06-29 08:00:00,0.3,0.3,0.0,2.6683328,7.1
2025-06-29 09:00:00,0.1,0.1,0.0,3.5017853,8.3
2025-06-29 10:00:00,0.1,0.1,0.0,3.1016126,7.2
2025-06-29 11:00:00,0.0,0.0,0.0,2.2022715,6.9
2025-06-29 12:00:00,0.0,0.0,0.0,1.6507574,4.9
2025-06-29 13:00:00,0.1,0.1,0.0,1.9059118,5.7
2025-06-29 14:00:00,0.0,0.0,0.0,1.1884865,4.1
2025-06-29 15:00:00,0.0,0.0,0.0,0.715891,2.2
2025-06-29 16:00:00,0.0,0.0,0.0,1.264911,2.5
2025-06-29 17:00:00,0.0,0.0,0.0,1.3829316,2.4
2025-06-29 18:00:00,0.0,0.0,0.0,1.3829316,3.0
2025-06-29 19:00:00,0.0,0.0,0.0,1.3462912,2.5
2025-06-29 20:00:00,0.0,0.0,0.0,1.4115593,2.5
2025-06-29 21:00:00,0.0,0.0,0.0,1.637834,2.7
2025-06-29 22:00:00,0.0,0.0,0.0,1.9416487,2.9
2025-06-29 23:00:00,0.0,0.0,0.0,1.7585506,2.7
2025-06-30 00:00:00,0.0,0.0,0.0,1.9313208,3.0
2025-06-30 01:00:00,0.0,0.0,0.0,1.9474342,4.1
2025-06-30 02:00:00,0.0,0.0,0.0,2.0615528,4.5
2025-06-30 03:00:00,0.0,0.0,0.0,2.280351,4.9
2025-06-30 04:00:00,0.0,0.0,0.0,2.3963516,6.4
2025-06-30 05:00:00,0.0,0.0,0.0,2.4824383,6.8
2025-06-30 06:00:00,0.0,0.0,0.0,2.7658632,7.0
2025-06-30 07:00:00,0.0,0.0,0.0,2.9774148,7.9
2025-06-30 08:00:00,0.0,0.0,0.0,3.3185086,8.3
2025-06-30 09:00:00,0.0,0.0,0.0,3.604511,8.1
2025-06-30 10:00:00,0.0,0.0,0.0,3.7980258,8.4
2025-06-30 11:00:00,0.0,0.0,0.0,3.8913364,8.1
2025-06-30 12:00:00,0.0,0.0,0.0,3.7901187,7.6
2025-06-30 13:00:00,0.0,0.0,0.0,3.51639,6.7
2025-06-30 14:00:00,0.0,0.0,0.0,2.7973201,5.1
2025-06-30 15:00:00,0.0,0.0,0.0,2.3717082,3.5
2025-06-30 16:00:00,0.0,0.0,0.0,2.107724,3.5
2025-06-30 17:00:00,0.0,0.0,0.0,2.0426698,3.4
2025-06-30 18:00:00,0.0,0.0,0.0,2.0426698,3.4
2025-06-30 19:00:00,0.0,0.0,0.0,2.0426698,3.4
2025-06-30 20:00:00,0.0,0.0,0.0,1.9962465,3.2
2025-06-30 21:00:00,0.0,0.0,0.0,1.9697715,3.2
2025-06-30 22:00:00,0.0,0.0,0.0,2.0353131,2.9
2025-06-30 23:00:00,0.0,0.0,0.0,1.8357561,3.0
2025-07-01 00:00:00,0.0,0.0,0.0,1.7888545,2.7
2025-07-01 01:00:00,0.0,0.0,0.0,1.8384776,3.7
2025-07-01 02:00:00,0.0,0.0,0.0,1.5508063,4.1
2025-07-01 03:00:00,0.0,0.0,0.0,1.5402921,4.5
2025-07-01 04:00:00,0.0,0.0,0.0,1.8343936,5.8
2025-07-01 05:00:00,0.0,0.0,0.0,2.1914608,6.8
2025-07-01 06:00:00,0.0,0.0,0.0,2.1523244,6.7
2025-07-01 07:00:00,0.0,0.0,0.0,2.214159,6.1
2025-07-01 08:00:00,0.0,0.0,0.0,2.4351592,6.3
2025-07-01 09:00:00,0.0,0.0,0.0,2.5480385,6.4
2025-07-01 10:00:00,0.0,0.0,0.0,2.912473,6.2
2025-07-01 11:00:00,0.0,0.0,0.0,3.0594118,6.1
2025-07-01 12:00:00,0.3,0.3,0.0,3.2626677,6.3
2025-07-01 13:00:00,0.1,0.1,0.0,2.8022313,5.6
2025-07-01 14:00:00,0.0,0.0,0.0,2.4382372,2.4
2025-07-01 15:00:00,0.0,0.0,0.0,2.0615528,1.5
2025-07-01 16:00:00,0.0,0.0,0.0,1.8027756,1.6
2025-07-01 17:00:00,0.0,0.0,0.0,1.8668154,1.9
2025-07-01 18:00:00,0.0,0.0,0.0,0.57008773,2.3
2025-07-01 19:00:00,0.0,0.0,0.0,0.65192026,1.2
2025-07-01 20:00:00,0.0,0.0,0.0,1.0920165,1.6
2025-07-01 21:00:00,0.0,0.0,0.0,1.2589679,1.9
2025-07-01 22:00:00,0.0,0.0,0.0,1.3453624,2.0
2025-07-01 23:00:00,0.0,0.0,0.0,1.372953,2.2
2025-07-02 00:00:00,0.0,0.0,0.0,1.0124228,2.2
2025-07-02 01:00:00,0.0,0.0,0.0,0.43011627,2.6
2025-07-02 02:00:00,0.0,0.0,0.0,0.07071068,2.8
2025-07-02 03:00:00,0.0,0.0,0.0,0.46097723,3.7
2025-07-02 04:00:00,0.0,0.0,0.0,0.9433981,4.5
2025-07-02 05:00:00,0.0,0.0,0.0,1.2539936,6.4
2025-07-02 06:00:00,0.0,0.0,0.0,1.5524175,7.1
2025-07-02 07:00:00,0.0,0.0,0.0,1.8607794,5.8
2025-07-02 08:00:00,0.0,0.0,0.0,2.000625,6.0
2025-07-02 09:00:00,0.0,0.0,0.0,1.95,5.8
2025-07-02 10:00:00,0.0,0.0,0.0,2.1592824,5.3
2025-07-02 11:00:00,0.0,0.0,0.0,2.0155644,4.7
2025-07-02 12:00:00,0.0,0.0,0.0,1.5572411,3.9
2025-07-02 13:00:00,0.0,0.0,0.0,1.1597414,2.8
2025-07-02 14:00:00,0.0,0.0,0.0,0.76321685,1.9
2025-07-02 15:00:00,0.0,0.0,0.0,1.1401755,2.4
2025-07-02 16:00:00,0.0,0.0,0.0,1.8927494,2.9
2025-07-02 17:00:00,0.0,0.0,0.0,2.1213202,3.1
2025-07-02 18:00:00,0.0,0.0,0.0,2.1644862,3.2
2025-07-02 19:00:00,0.0,0.0,0.0,2.3345234,3.2
2025-07-02 20:00:00,0.0,0.0,0.0,2.1982946,3.2
2025-07-02 21:00:00,0.0,0.0,0.0,2.2299101,3.3
2025-07-02 22:00:00,0.0,0.0,0.0,1.978004,3.3
2025-07-02 23:00:00,0.0,0.0,0.0,1.9646883,3.2
2025-07-03 00:00:00,0.0,0.0,0.0,1.6977926,3.1
2025-07-03 01:00:00,0.0,0.0,0.0,2.05,3.8
2025-07-03 02:00:00,0.0,0.0,0.0,1.5976546,4.1
2025-07-03 03:00:00,0.0,0.0,0.0,1.7951323,4.6
2025-07-03 04:00:00,0.0,0.0,0.0,1.9059118,5.1
2025-07-03 05:00:00,0.0,0.0,0.0,2.2022717,5.9
2025-07-03 06:00:00,0.0,0.0,0.0,2.5019991,5.7
2025-07-03 07:00:00,0.0,0.0,0.0,2.630589,6.7
2025-07-03 08:00:00,0.0,0.0,0.0,2.7658634,7.0
2025-07-03 09:00:00,0.0,0.0,0.0,3.0008333,7.2
2025-07-03 10:00:00,0.0,0.0,0.0,3.2422986,7.1
2025-07-03 11:00:00,0.0,0.0,0.0,3.1484122,6.9
2025-07-03 12:00:00,0.0,0.0,0.0,2.6504717,6.3
2025-07-03 13:00:00,0.0,0.0,0.0,1.6530275,2.5
2025-07-03 14:00:00,0.0,0.0,0.0,1.2806249,1.6
2025-07-03 15:00:00,0.0,0.0,0.0,2.0248456,2.2
2025-07-03 16:00:00,0.0,0.0,0.0,2.7986605,2.8
2025-07-03 17:00:00,0.1,0.1,0.0,3.2202485,3.1
2025-07-03 18:00:00,0.0,0.0,0.0,3.696282,3.9
2025-07-03 19:00:00,0.0,0.0,0.0,4.167733,6.9
2025-07-03 20:00:00,0.0,0.0,0.0,4.1209826,7.0
2025-07-03 21:00:00,0.0,0.0,0.0,4.0672474,7.3
2025-07-03 22:00:00,0.0,0.0,0.0,2.740894,6.8
2025-07-03 23:00:00,0.0,0.0,0.0,2.7225907,6.0
2025-07-04 00:00:00,0.0,0.0,0.0,3.1705678,6.6
2025-07-04 01:00:00,0.0,0.0,0.0,3.7165172,9.4
2025-07-04 02:00:00,0.0,0.0,0.0,4.2190046,9.7
2025-07-04 03:00:00,0.1,0.1,0.0,4.22167,8.6
2025-07-04 04:00:00,0.0,0.0,0.0,4.3104525,8.6
2025-07-04 05:00:00,0.0,0.0,0.0,5.550901,10.2
2025-07-04 06:00:00,0.0,0.0,0.0,6.677762,9.5
2025-07-04 07:00:00,0.0,0.0,0.0,6.233979,12.1
2025-07-04 08:00:00,0.0,0.0,0.0,6.650188,12.1
2025-07-04 09:00:00,0.0,0.0,0.0,6.3375864,15.4
2025-07-04 10:00:00,0.0,0.0,0.0,6.4393325,15.5
2025-07-04 11:00:00,0.7,0.7,0.0,6.258794,16.2
2025-07-04 12:00:00,0.0,0.0,0.0,5.1923018,12.9
2025-07-04 13:00:00,0.1,0.1,0.0,4.204759,12.0
2025-07-04 14:00:00,0.1,0.1,0.0,2.6617665,8.0
2025-07-04 15:00:00,0.0,0.0,0.0,2.1965883,6.8
2025-07-04 16:00:00,0.0,0.0,0.0,2.5632012,6.8
2025-07-04 17:00:00,0.0,0.0,0.0,3.1064448,5.9
2025-07-04 18:00:00,0.0,0.0,0.0,3.0413814,4.5
2025-07-04 19:00:00,0.0,0.0,0.0,2.653771,4.6
2025-07-04 20:00:00,0.0,0.0,0.0,2.3717084,4.1
2025-07-04 21:00:00,0.0,0.0,0.0,2.423324,4.1
2025-07-04 22:00:00,0.0,0.0,0.0,1.5572411,4.2
2025-07-04 23:00:00,0.0,0.0,0.0,2.15,4.7
2025-07-05 00:00:00,0.0,0.0,0.0,2.6504717,5.6
2025-07-05 01:00:00,0.0,0.0,0.0,2.9538112,6.8
2025-07-05 02:00:00,0.0,0.0,0.0,4.148795,8.4
2025-07-05 03:00:00,0.4,0.4,0.0,4.4813504,10.4
2025-07-05 04:00:00,0.2,0.2,0.0,4.7801676,12.2
2025-07-05 05:00:00,0.7,0.7,0.0,4.923921,13.6
2025-07-05 06:00:00,0.2,0.2,0.0,5.639592,13.3
2025-07-05 07:00:00,0.2,0.2,0.0,6.113101,13.3
2025-07-05 08:00:00,0.1,0.1,0.0,6.376715,13.9
2025-07-05 09:00:00,0.1,0.1,0.0,5.783165,12.6
2025-07-05 10:00:00,0.0,0.0,0.0,6.0854335,12.7
2025-07-05 11:00:00,0.0,0.0,0.0,6.036969,12.8
2025-07-05 12:00:00,0.0,0.0,0.0,6.101844,12.9
2025-07-05 13:00:00,0.0,0.0,0.0,6.0104074,11.0
2025-07-05 14:00:00,0.0,0.0,0.0,4.8127437,8.8
2025-07-05 15:00:00,0.0,0.0,0.0,4.273757,7.6
2025-07-05 16:00:00,0.0,0.0,0.0,3.8762095,6.7
2025-07-05 17:00:00,0.0,0.0,0.0,3.9274673,6.4
2025-07-05 18:00:00,0.0,0.0,0.0,3.7831864,6.2
2025-07-05 19:00:00,0.0,0.0,0.0,3.3203917,5.7
2025-07-05 20:00:00,0.0,0.0,0.0,3.4234486,5.9
2025-07-05 21:00:00,0.0,0.0,0.0,3.7619808,6.5
2025-07-05 22:00:00,0.0,0.0,0.0,4.060788,6.4
2025-07-05 23:00:00,0.0,0.0,0.0,4.0376353,6.3
2025-07-06 00:00:00,0.0,0.0,0.0,4.0942035,6.6
2025-07-06 01:00:00,0.0,0.0,0.0,4.168033,7.0
2025-07-06 02:00:00,0.0,0.0,0.0,4.596194,8.4
2025-07-06 03:00:00,0.0,0.0,0.0,4.8703184,9.4
2025-07-06 04:00:00,0.0,0.0,0.0,5.015227,10.0
2025-07-06 05:00:00,0.0,0.0,0.0,5.5542774,11.3
2025-07-06 06:00:00,0.0,0.0,0.0,5.456418,11.8
2025-07-06 07:00:00,0.0,0.0,0.0,5.3425183,11.0
2025-07-06 08:00:00,0.0,0.0,0.0,5.006246,10.1
2025-07-06 09:00:00,0.0,0.0,0.0,4.604346,9.4
2025-07-06 10:00:00,0.0,0.0,0.0,4.8654394,8.9
2025-07-06 11:00:00,0.0,0.0,0.0,4.9962487,7.9
2025-07-06 12:00:00,0.0,0.0,0.0,4.8787804,7.3
2025-07-06 13:00:00,0.0,0.0,0.0,3.782195,6.9
2025-07-06 14:00:00,0.0,0.0,0.0,3.3977935,4.8
2025-07-06 15:00:00,0.0,0.0,0.0,2.381701,3.5
2025-07-06 16:00:00,0.0,0.0,0.0,1.9006578,3.2
2025-07-06 17:00:00,0.0,0.0,0.0,2.442335,3.1
2025-07-06 18:00:00,0.0,0.0,0.0,2.376973,3.1
2025-07-06 19:00:00,0.0,0.0,0.0,2.059733,3.1
2025-07-06 20:00:00,0.0,0.0,0.0,1.8560711,2.9
2025-07-06 21:00:00,0.0,0.0,0.0,1.9026297,3.1
2025-07-06 22:00:00,0.0,0.0,0.0,3.1800156,3.7
2025-07-06 23:00:00,0.0,0.0,0.0,3.578058,5.4
2025-07-07 00:00:00,0.2,0.2,0.0,4.069705,7.8
2025-07-07 01:00:00,0.9,0.9,0.0,4.225222,8.9
2025-07-07 02:00:00,0.6,0.6,0.0,4.411916,9.1
2025-07-07 03:00:00,0.1,0.1,0.0,4.6400433,9.5
2025-07-07 04:00:00,0.0,0.0,0.0,5.4520636,10.8
2025-07-07 05:00:00,0.0,0.0,0.0,5.8309517,11.7
2025-07-07 06:00:00,0.0,0.0,0.0,6.127193,11.9
2025-07-07 07:00:00,0.0,0.0,0.0,6.0384183,12.4
2025-07-07 08:00:00,0.0,0.0,0.0,5.6579585,11.6
2025-07-07 09:00:00,0.0,0.0,0.0,5.4113307,11.2
2025-07-07 10:00:00,0.0,0.0,0.0,5.255949,10.8
2025-07-07 11:00:00,0.0,0.0,0.0,5.4692326,10.4
2025-07-07 12:00:00,0.0,0.0,0.0,5.4316206,10.0
2025-07-07 13:00:00,0.0,0.0,0.0,5.1722817,9.3
2025-07-07 14:00:00,0.0,0.0,0.0,4.3292603,8.0
2025-07-07 15:00:00,0.0,0.0,0.0,3.5531676,6.1
2025-07-07 16:00:00,0.0,0.0,0.0,2.8635643,5.2
2025-07-07 17:00:00,0.0,0.0,0.0,2.392697,5.0
2025-07-07 18:00:00,0.0,0.0,0.0,2.245551,4.8
2025-07-07 19:00:00,0.0,0.0,0.0,2.207374,3.7
2025-07-07 20:00:00,0.0,0.0,0.0,2.245551,3.7
2025-07-07 21:00:00,0.0,0.0,0.0,2.2203605,3.9
2025-07-07 22:00:00,0.0,0.0,0.0,2.8160255,4.0
2025-07-07 23:00:00,0.0,0.0,0.0,2.6617665,3.9
2025-07-08 00:00:00,0.0,0.0,0.0,2.6076808,3.8
2025-07-08 01:00:00,0.0,0.0,0.0,2.4186773,4.3
2025-07-08 02:00:00,0.0,0.0,0.0,2.5622256,4.9
2025-07-08 03:00:00,0.0,0.0,0.0,2.8504384,6.6
2025-07-08 04:00:00,0.0,0.0,0.0,3.1016126,7.5
2025-07-08 05:00:00,0.0,0.0,0.0,3.206244,7.8
2025-07-08 06:00:00,0.0,0.0,0.0,3.2,7.9
2025-07-08 07:00:00,0.0,0.0,0.0,3.1642535,7.6
2025-07-08 08:00:00,0.0,0.0,0.0,3.2314858,7.6
2025-07-08 09:00:00,0.0,0.0,0.0,3.4296503,7.7
2025-07-08 10:00:00,0.0,0.0,0.0,3.7769036,7.9
2025-07-08 11:00:00,0.0,0.0,0.0,3.6554754,7.9
2025-07-08 12:00:00,0.0,0.0,0.0,3.600347,7.5
2025-07-08 13:00:00,0.0,0.0,0.0,3.4058774,6.3
2025-07-08 14:00:00,0.0,0.0,0.0,2.8017852,5.1
2025-07-08 15:00:00,0.0,0.0,0.0,2.3005433,3.9
2025-07-08 16:00:00,0.0,0.0,0.0,2.4581497,3.6
2025-07-08 17:00:00,0.0,0.0,0.0,2.6504717,3.6
2025-07-08 18:00:00,0.0,0.0,0.0,2.7225907,3.8
2025-07-08 19:00:00,0.0,0.0,0.0,3.0207615,5.3
2025-07-08 20:00:00,0.0,0.0,0.0,3.2256782,5.6
2025-07-08 21:00:00,0.0,0.0,0.0,3.2206366,5.7
2025-07-08 22:00:00,0.0,0.0,0.0,2.9410884,5.1
2025-07-08 23:00:00,0.0,0.0,0.0,2.6100764,4.4
2025-07-09 00:00:00,0.0,0.0,0.0,2.4869661,4.3
2025-07-09 01:00:00,0.0,0.0,0.0,2.6196375,4.8
2025-07-09 02:00:00,0.0,0.0,0.0,2.2594247,5.2
2025-07-09 03:00:00,0.0,0.0,0.0,2.2388613,5.5
2025-07-09 04:00:00,0.0,0.0,0.0,2.9740546,6.5
2025-07-09 05:00:00,0.0,0.0,0.0,3.3712015,7.8
2025-07-09 06:00:00,0.0,0.0,0.0,3.2101402,7.8
2025-07-09 07:00:00,0.0,0.0,0.0,3.1312938,7.4
2025-07-09 08:00:00,0.0,0.0,0.0,3.1340866,7.2
2025-07-09 09:00:00,0.0,0.0,0.0,3.1132782,7.1
2025-07-09 10:00:00,0.0,0.0,0.0,2.5223997,6.9
2025-07-09 11:00:00,0.0,0.0,0.0,2.1505814,6.4
2025-07-09 12:00:00,0.0,0.0,0.0,1.8445866,5.4
2025-07-09 13:00:00,0.0,0.0,0.0,3.3034072,5.7
2025-07-09 14:00:00,0.2,0.2,0.0,3.7619808,6.8
2025-07-09 15:00:00,0.0,0.0,0.0,3.306055,6.5
2025-07-09 16:00:00,0.0,0.0,0.0,2.5243812,4.8
2025-07-09 17:00:00,0.0,0.0,0.0,2.4046829,4.0
2025-07-09 18:00:00,0.0,0.0,0.0,2.630589,4.1
2025-07-09 19:00:00,0.0,0.0,0.0,2.5347583,4.4
2025-07-09 20:00:00,0.0,0.0,0.0,2.3420076,4.0
2025-07-09 21:00:00,0.0,0.0,0.0,2.4135036,4.1
2025-07-09 22:00:00,0.0,0.0,0.0,2.6800187,4.0
2025-07-09 23:00:00,0.0,0.0,0.0,2.392697,3.4
2025-07-10 00:00:00,0.0,0.0,0.0,2.4186773,3.3
2025-07-10 01:00:00,0.0,0.0,0.0,2.6076808,4.3
2025-07-10 02:00:00,0.0,0.0,0.0,2.5179358,4.9
2025-07-10 03:00:00,0.0,0.0,0.0,2.3345234,5.8
2025-07-10 04:00:00,0.0,0.0,0.0,2.2561028,6.4
2025-07-10 05:00:00,0.1,0.1,0.0,2.441823,6.7
2025-07-10 06:00:00,0.0,0.0,0.0,2.4253867,6.7
2025-07-10 07:00:00,0.0,0.0,0.0,2.2,6.0
2025-07-10 08:00:00,0.0,0.0,0.0,2.1708295,6.2
2025-07-10 09:00:00,0.0,0.0,0.0,2.1708293,5.6
2025-07-10 10:00:00,0.0,0.0,0.0,2.1360009,5.2
2025-07-10 11:00:00,0.0,0.0,0.0,2.1360009,5.4
2025-07-10 12:00:00,0.0,0.0,0.0,2.1982946,4.8
2025-07-10 13:00:00,0.0,0.0,0.0,1.9924859,4.2
2025-07-10 14:00:00,0.0,0.0,0.0,1.2093385,1.6
2025-07-10 15:00:00,0.0,0.0,0.0,2.2588713,1.2
2025-07-10 16:00:00,0.0,0.0,0.0,2.1289668,1.1
2025-07-10 17:00:00,0.0,0.0,0.0,1.6530275,1.2
2025-07-10 18:00:00,0.0,0.0,0.0,0.97082436,1.9
2025-07-10 19:00:00,0.0,0.0,0.0,0.35355338,0.5
2025-07-10 20:00:00,0.0,0.0,0.0,0.781025,1.0
2025-07-10 21:00:00,0.0,0.0,0.0,1.4577379,1.7
2025-07-10 22:00:00,0.0,0.0,0.0,1.9448651,2.4
2025-07-10 23:00:00,0.0,0.0,0.0,1.9455076,3.0
2025-07-11 00:00:00,0.0,0.0,0.0,1.6560496,2.7
2025-07-11 01:00:00,0.0,0.0,0.0,2.2209232,4.1
2025-07-11 02:00:00,0.0,0.0,0.0,2.1023796,4.7
2025-07-11 03:00:00,0.0,0.0,0.0,2.4829419,5.4
2025-07-11 04:00:00,0.0,0.0,0.0,3.1320918,6.9
2025-07-11 05:00:00,0.0,0.0,0.0,3.8823316,8.6
2025-07-11 06:00:00,0.0,0.0,0.0,4.3072615,9.0
2025-07-11 07:00:00,0.1,0.1,0.0,4.55988,9.6
2025-07-11 08:00:00,0.1,0.1,0.0,4.6778736,10.0
2025-07-11 09:00:00,0.0,0.0,0.0,4.665029,9.8
2025-07-11 10:00:00,0.0,0.0,0.0,4.6650295,9.5
2025-07-11 11:00:00,0.0,0.0,0.0,4.661545,9.3
2025-07-11 12:00:00,0.0,0.0,0.0,4.5961943,8.9
2025-07-11 13:00:00,0.0,0.0,0.0,4.545327,8.5
2025-07-11 14:00:00,0.0,0.0,0.0,4.110961,7.2
2025-07-11 15:00:00,0.0,0.0,0.0,3.800329,6.6
2025-07-11 16:00:00,0.0,0.0,0.0,3.6674242,6.2
2025-07-11 17:00:00,0.0,0.0,0.0,3.733631,6.8
2025-07-11 18:00:00,0.0,0.0,0.0,3.8810437,7.1
2025-07-11 19:00:00,0.0,0.0,0.0,3.6878178,6.4
2025-07-11 20:00:00,0.0,0.0,0.0,3.2144206,5.8
2025-07-11 21:00:00,0.0,0.0,0.0,2.7577164,4.8
2025-07-11 22:00:00,0.0,0.0,0.0,3.2931747,4.3
2025-07-11 23:00:00,0.0,0.0,0.0,3.494639,4.9
2025-07-12 00:00:00,0.0,0.0,0.0,3.570014,6.0
2025-07-12 01:00:00,0.0,0.0,0.0,4.1231055,7.2
2025-07-12 02:00:00,0.0,0.0,0.0,4.4300113,8.8
2025-07-12 03:00:00,0.0,0.0,0.0,4.521338,9.0
2025-07-12 04:00:00,0.1,0.1,0.0,4.9135017,9.2
2025-07-12 05:00:00,0.0,0.0,0.0,4.830373,8.9
2025-07-12 06:00:00,0.0,0.0,0.0,4.7950497,9.0
2025-07-12 07:00:00,0.1,0.1,0.0,4.7460513,9.4
2025-07-12 08:00:00,0.0,0.0,0.0,4.830373,10.2
2025-07-12 09:00:00,0.0,0.0,0.0,5.214643,10.7
2025-07-12 10:00:00,0.0,0.0,0.0,4.909175,10.5
2025-07-12 11:00:00,0.0,0.0,0.0,4.5634418,10.0
2025-07-12 12:00:00,0.0,0.0,0.0,3.938591,9.1
2025-07-12 13:00:00,0.0,0.0,0.0,3.3837848,7.8
2025-07-12 14:00:00,0.0,0.0,0.0,2.6400757,5.6
2025-07-12 15:00:00,0.0,0.0,0.0,1.9849433,3.3
2025-07-12 16:00:00,0.0,0.0,0.0,1.7734147,2.9
2025-07-12 17:00:00,0.0,0.0,0.0,1.9455076,3.0
2025-07-12 18:00:00,0.0,0.0,0.0,2.1289668,3.2
2025-07-12 19:00:00,0.0,0.0,0.0,2.5044959,4.2
2025-07-12 20:00:00,0.0,0.0,0.0,2.55,4.3
2025-07-12 21:00:00,0.0,0.0,0.0,2.25,3.8
2025-07-12 22:00:00,0.0,0.0,0.0,2.1023796,3.0
2025-07-12 23:00:00,0.0,0.0,0.0,1.6492423,2.8
2025-07-13 00:00:00,0.0,0.0,0.0,1.5953057,2.3
2025-07-13 01:00:00,0.0,0.0,0.0,2.0180438,3.7
2025-07-13 02:00:00,0.0,0.0,0.0,2.7721834,5.4
2025-07-13 03:00:00,0.0,0.0,0.0,3.578058,7.7
2025-07-13 04:00:00,0.0,0.0,0.0,3.920459,8.6
2025-07-13 05:00:00,0.0,0.0,0.0,3.9815197,9.1
2025-07-13 06:00:00,0.0,0.0,0.0,3.938591,9.7
2025-07-13 07:00:00,0.1,0.1,0.0,3.920459,8.3
2025-07-13 08:00:00,0.1,0.1,0.0,4.0700126,8.7
2025-07-13 09:00:00,0.2,0.2,0.0,3.9115214,8.8
2025-07-13 10:00:00,0.1,0.1,0.0,3.7030392,8.9
2025-07-13 11:00:00,0.1,0.1,0.0,4.0140376,8.6
2025-07-13 12:00:00,0.0,0.0,0.0,4.295637,7.9
2025-07-13 13:00:00,0.0,0.0,0.0,4.148795,7.3
2025-07-13 14:00:00,0.1,0.1,0.0,3.5003572,5.1
2025-07-13 15:00:00,0.0,0.0,0.0,2.280351,3.3
2025-07-13 16:00:00,0.0,0.0,0.0,1.7219175,2.8
2025-07-13 17:00:00,0.0,0.0,0.0,1.7670598,2.8
2025-07-13 18:00:00,0.0,0.0,0.0,1.9006578,2.9
2025-07-13 19:00:00,0.0,0.0,0.0,1.8200276,3.1
2025-07-13 20:00:00,0.0,0.0,0.0,1.7755281,3.1
2025-07-13 21:00:00,0.0,0.0,0.0,1.7755281,3.1
2025-07-13 22:00:00,0.0,0.0,0.0,1.839837,3.2
2025-07-13 23:00:00,0.0,0.0,0.0,1.8506756,3.2
2025-07-14 00:00:00,0.0,0.0,0.0,1.9830532,3.2
2025-07-14 01:00:00,0.0,0.0,0.0,2.3070545,4.4
2025-07-14 02:00:00,0.0,0.0,0.0,2.5223997,5.5
2025-07-14 03:00:00,0.0,0.0,0.0,3.2927952,7.3
2025-07-14 04:00:00,0.0,0.0,0.0,3.9537954,9.3
2025-07-14 05:00:00,0.0,0.0,0.0,4.473533,9.7
2025-07-14 06:00:00,0.0,0.0,0.0,4.4096484,9.4
2025-07-14 07:00:00,0.1,0.1,0.0,4.5105433,9.3
2025-07-14 08:00:00,0.1,0.1,0.0,4.3419466,8.9
2025-07-14 09:00:00,0.0,0.0,0.0,4.1209826,8.6
2025-07-14 10:00:00,0.0,0.0,0.0,3.8551912,8.4
2025-07-14 11:00:00,0.0,0.0,0.0,3.740655,7.8
2025-07-14 12:00:00,0.0,0.0,0.0,3.482815,7.0
2025-07-14 13:00:00,0.0,0.0,0.0,3.1890438,6.2
2025-07-14 14:00:00,0.0,0.0,0.0,2.9832866,5.0
2025-07-14 15:00:00,0.0,0.0,0.0,2.6767519,4.3
2025-07-14 16:00:00,0.0,0.0,0.0,2.5268557,3.3
2025-07-14 17:00:00,0.0,0.0,0.0,2.219234,3.1
2025-07-14 18:00:00,0.0,0.0,0.0,1.7888545,2.9
2025-07-14 19:00:00,0.0,0.0,0.0,1.4705442,2.5
2025-07-14 20:00:00,0.0,0.0,0.0,1.4499999,2.2
2025-07-14 21:00:00,0.2,0.2,0.0,1.3793114,2.2
2025-07-14 22:00:00,0.2,0.2,0.0,1.3124405,2.3
2025-07-14 23:00:00,0.1,0.1,0.0,1.3453624,2.2
2025-07-15 00:00:00,0.1,0.1,0.0,1.421267,3.7
2025-07-15 01:00:00,0.1,0.1,0.0,1.6643317,4.4
2025-07-15 02:00:00,0.0,0.0,0.0,1.7585506,5.1
2025-07-15 03:00:00,0.0,0.0,0.0,2.2203605,5.7
2025-07-15 04:00:00,0.0,0.0,0.0,2.9832869,6.0
2025-07-15 05:00:00,0.1,0.1,0.0,3.3365402,6.5
2025-07-15 06:00:00,0.1,0.1,0.0,3.398897,7.0
2025-07-15 07:00:00,0.0,0.0,0.0,3.1567388,7.3
2025-07-15 08:00:00,0.0,0.0,0.0,2.8429737,7.0
2025-07-15 09:00:00,0.0,0.0,0.0,2.4005208,6.2
2025-07-15 10:00:00,0.0,0.0,0.0,1.637834,5.1
2025-07-15 11:00:00,0.0,0.0,0.0,1.8560711,4.6
2025-07-15 12:00:00,0.0,0.0,0.0,2.252221,4.5
2025-07-15 13:00:00,0.0,0.0,0.0,2.2588713,4.3
2025-07-15 14:00:00,0.0,0.0,0.0,1.3009611,2.3
2025-07-15 15:00:00,0.0,0.0,0.0,2.1708295,2.7
2025-07-15 16:00:00,0.0,0.0,0.0,2.304886,3.4
2025-07-15 17:00:00,0.0,0.0,0.0,2.4005208,3.5
2025-07-15 18:00:00,0.0,0.0,0.0,2.4964974,3.4
2025-07-15 19:00:00,0.0,0.0,0.0,2.5495098,3.6
2025-07-15 20:00:00,0.0,0.0,0.0,2.5942245,3.3
2025-07-15 21:00:00,0.0,0.0,0.0,2.3334522,3.1
2025-07-15 22:00:00,0.0,0.0,0.0,1.9293782,3.2
2025-07-15 23:00:00,0.0,0.0,0.0,1.8124568,3.3
2025-07-16 00:00:00,0.0,0.0,0.0,2.2588713,3.5
2025-07-16 01:00:00,0.0,0.0,0.0,2.8301945,4.4
2025-07-16 02:00:00,0.0,0.0,0.0,2.445915,5.0
2025-07-16 03:00:00,0.0,0.0,0.0,2.687936,5.9
2025-07-16 04:00:00,0.0,0.0,0.0,3.2330325,7.2
2025-07-16 05:00:00,0.0,0.0,0.0,3.905125,8.5
2025-07-16 06:00:00,0.0,0.0,0.0,3.965476,8.5
2025-07-16 07:00:00,0.0,0.0,0.0,3.8209944,8.7
2025-07-16 08:00:00,0.0,0.0,0.0,3.7124789,8.4
2025-07-16 09:00:00,0.0,0.0,0.0,3.6431444,8.3
2025-07-16 10:00:00,0.0,0.0,0.0,3.8418746,8.2
2025-07-16 11:00:00,0.0,0.0,0.0,3.7583241,7.9
2025-07-16 12:00:00,0.0,0.0,0.0,3.5003572,7.3
2025-07-16 13:00:00,0.0,0.0,0.0,2.5927784,5.8
2025-07-16 14:00:00,0.0,0.0,0.0,1.637834,3.6
2025-07-16 15:00:00,0.0,0.0,0.0,2.4738634,4.5
2025-07-16 16:00:00,0.0,0.0,0.0,2.9904013,5.7
2025-07-16 17:00:00,0.0,0.0,0.0,2.9618406,6.0
2025-07-16 18:00:00,0.0,0.0,0.0,2.8231187,5.7
2025-07-16 19:00:00,0.0,0.0,0.0,3.146824,5.3
2025-07-16 20:00:00,0.0,0.0,0.0,3.324154,5.9
2025-07-16 21:00:00,0.0,0.0,0.0,2.6086395,4.8
2025-07-16 22:00:00,0.0,0.0,0.0,1.8768325,3.6
2025-07-16 23:00:00,0.0,0.0,0.0,2.3584952,3.3
2025-07-17 00:00:00,0.0,0.0,0.0,1.6347783,2.8
2025-07-17 01:00:00,0.0,0.0,0.0,2.4515302,4.2
2025-07-17 02:00:00,0.0,0.0,0.0,2.4253867,5.3
2025-07-17 03:00:00,0.0,0.0,0.0,2.7572632,6.7
2025-07-17 04:00:00,0.0,0.0,0.0,3.251538,8.1
2025-07-17 05:00:00,0.0,0.0,0.0,3.6667426,9.0
2025-07-17 06:00:00,0.0,0.0,0.0,3.7583241,9.1
2025-07-17 07:00:00,0.0,0.0,0.0,3.6667426,8.5
2025-07-17 08:00:00,0.0,0.0,0.0,3.7792194,8.6
2025-07-17 09:00:00,0.0,0.0,0.0,3.77955,8.4
2025-07-17 10:00:00,0.0,0.0,0.0,3.1384711,8.0
2025-07-17 11:00:00,0.0,0.0,0.0,3.0777426,8.0
2025-07-17 12:00:00,0.0,0.0,0.0,2.8714106,6.8
2025-07-17 13:00:00,0.0,0.0,0.0,2.2896507,5.2
2025-07-17 14:00:00,0.0,0.0,0.0,1.2539936,2.4
2025-07-17 15:00:00,0.0,0.0,0.0,2.0099752,2.3
2025-07-17 16:00:00,0.0,0.0,0.0,1.9723083,2.8
2025-07-17 17:00:00,0.0,0.0,0.0,2.178302,3.2
2025-07-17 18:00:00,0.0,0.0,0.0,2.3926973,3.1
2025-07-17 19:00:00,0.0,0.0,0.0,2.6612968,4.5
2025-07-17 20:00:00,0.0,0.0,0.0,2.8151376,4.8
2025-07-17 21:00:00,0.0,0.0,0.0,2.828427,4.9
2025-07-17 22:00:00,0.0,0.0,0.0,3.3301651,4.9
2025-07-17 23:00:00,0.0,0.0,0.0,3.1004033,4.8
2025-07-18 00:00:00,0.0,0.0,0.0,2.8900692,4.7
2025-07-18 01:00:00,0.0,0.0,0.0,2.7973201,5.3
2025-07-18 02:00:00,0.0,0.0,0.0,2.657066,5.6
2025-07-18 03:00:00,0.0,0.0,0.0,2.2321515,5.5
2025-07-18 04:00:00,0.0,0.0,0.0,1.5231546,5.1
2025-07-18 05:00:00,0.0,0.0,0.0,1.3865424,4.4
2025-07-18 06:00:00,0.0,0.0,0.0,2.2594247,4.4
2025-07-18 07:00:00,0.0,0.0,0.0,3.2175303,6.8
2025-07-18 08:00:00,0.2,0.2,0.0,3.8209944,7.6
2025-07-18 09:00:00,0.0,0.0,0.0,4.0106106,7.8
2025-07-18 10:00:00,0.4,0.4,0.0,3.1212976,9.9
2025-07-18 11:00:00,0.9,0.9,0.0,3.748333,8.2
2025-07-18 12:00:00,0.4,0.4,0.0,4.2816467,5.7
2025-07-18 13:00:00,1.0,1.0,0.0,3.3800888,4.9
2025-07-18 14:00:00,0.8,0.8,0.0,2.9516945,6.4
2025-07-18 15:00:00,0.6,0.6,0.0,2.607681,3.4
2025-07-18 16:00:00,0.0,0.0,0.0,2.285279,3.6
2025-07-18 17:00:00,0.1,0.1,0.0,2.7986605,2.2
2025-07-18 18:00:00,0.2,0.2,0.0,2.6655207,2.7
2025-07-18 19:00:00,0.1,0.1,0.0,2.2638464,4.0
2025-07-18 20:00:00,0.0,0.0,0.0,2.441823,4.5
2025-07-18 21:00:00,0.0,0.0,0.0,3.0858548,6.1
2025-07-18 22:00:00,0.0,0.0,0.0,3.3425288,6.4
2025-07-18 23:00:00,0.0,0.0,0.0,3.996561,6.7
2025-07-19 00:00:00,0.0,0.0,0.0,4.3931766,7.9
2025-07-19 01:00:00,0.0,0.0,0.0,4.069705,8.2
2025-07-19 02:00:00,0.0,0.0,0.0,4.263801,9.0
2025-07-19 03:00:00,0.0,0.0,0.0,4.7605147,10.5
2025-07-19 04:00:00,0.1,0.1,0.0,5.4801917,11.5
2025-07-19 05:00:00,0.0,0.0,0.0,5.6685534,11.8
2025-07-19 06:00:00,0.0,0.0,0.0,5.8619537,12.1
2025-07-19 07:00:00,0.0,0.0,0.0,5.5946403,11.9
2025-07-19 08:00:00,0.0,0.0,0.0,5.638484,11.8
2025-07-19 09:00:00,0.0,0.0,0.0,5.7473903,12.1
2025-07-19 10:00:00,0.0,0.0,0.0,6.335811,12.0
2025-07-19 11:00:00,0.0,0.0,0.0,6.203225,11.7
2025-07-19 12:00:00,0.0,0.0,0.0,5.866217,11.0
2025-07-19 13:00:00,0.0,0.0,0.0,5.1722817,9.7
2025-07-19 14:00:00,0.0,0.0,0.0,4.4300113,8.1
2025-07-19 15:00:00,0.0,0.0,0.0,3.3203917,6.2
2025-07-19 16:00:00,0.0,0.0,0.0,2.84605,4.8
2025-07-19 17:00:00,0.0,0.0,0.0,2.265502,3.7
2025-07-19 18:00:00,0.0,0.0,0.0,2.059126,3.3
2025-07-19 19:00:00,0.0,0.0,0.0,2.0940392,3.5
2025-07-19 20:00:00,0.0,0.0,0.0,2.0940392,3.6
2025-07-19 21:00:00,0.0,0.0,0.0,1.970406,3.4
2025-07-19 22:00:00,0.0,0.0,0.0,2.1360009,3.2
2025-07-19 23:00:00,0.0,0.0,0.0,1.9209373,3.1
2025-07-20 00:00:00,0.0,0.0,0.0,1.9849433,3.0
2025-07-20 01:00:00,0.0,0.0,0.0,2.2671568,4.0
2025-07-20 02:00:00,0.0,0.0,0.0,2.0,4.3
2025-07-20 03:00:00,0.0,0.0,0.0,1.6620771,4.6
2025-07-20 04:00:00,0.0,0.0,0.0,1.3647344,5.3
2025-07-20 05:00:00,0.0,0.0,0.0,1.5524175,5.9
2025-07-20 06:00:00,0.0,0.0,0.0,1.833712,6.4
2025-07-20 07:00:00,0.0,0.0,0.0,2.030394,6.2
2025-07-20 08:00:00,0.0,0.0,0.0,2.2192342,6.5
2025-07-20 09:00:00,0.0,0.0,0.0,2.404163,6.6
2025-07-20 10:00:00,0.0,0.0,0.0,3.1016126,6.6
2025-07-20 11:00:00,0.0,0.0,0.0,3.1120732,6.6
2025-07-20 12:00:00,0.0,0.0,0.0,3.0207615,6.4
2025-07-20 13:00:00,0.0,0.0,0.0,2.8504386,5.9
2025-07-20 14:00:00,0.0,0.0,0.0,1.6867127,3.3
2025-07-20 15:00:00,0.0,0.0,0.0,2.252221,3.2
2025-07-20 16:00:00,0.0,0.0,0.0,2.408319,3.6
2025-07-20 17:00:00,0.0,0.0,0.0,2.324328,3.6
2025-07-20 18:00:00,0.0,0.0,0.0,2.418677,3.6
2025-07-20 19:00:00,0.0,0.0,0.0,2.4824383,3.7
2025-07-20 20:00:00,0.0,0.0,0.0,2.581182,3.7
2025-07-20 21:00:00,0.0,0.0,0.0,2.5714781,3.6
2025-07-20 22:00:00,0.0,0.0,0.0,2.2808988,3.4
2025-07-20 23:00:00,0.0,0.0,0.0,2.214159,3.5
2025-07-21 00:00:00,0.0,0.0,0.0,2.0155644,3.1
2025-07-21 01:00:00,0.0,0.0,0.0,2.304886,3.7
2025-07-21 02:00:00,0.0,0.0,0.0,1.8117672,4.3
2025-07-21 03:00:00,0.0,0.0,0.0,1.9039432,4.8
2025-07-21 04:00:00,0.0,0.0,0.0,2.1360009,5.5
2025-07-21 05:00:00,0.0,0.0,0.0,2.6953664,7.0
2025-07-21 06:00:00,0.0,0.0,0.0,2.795085,7.3
2025-07-21 07:00:00,0.0,0.0,0.0,2.829311,7.2
2025-07-21 08:00:00,0.0,0.0,0.0,2.9068882,7.3
2025-07-21 09:00:00,0.0,0.0,0.0,2.9124732,7.2
2025-07-21 10:00:00,0.0,0.0,0.0,2.581182,6.9
2025-07-21 11:00:00,0.0,0.0,0.0,2.638655,6.5
2025-07-21 12:00:00,0.0,0.0,0.0,2.6879358,5.8
2025-07-21 13:00:00,0.0,0.0,0.0,2.4186773,4.9
2025-07-21 14:00:00,0.0,0.0,0.0,1.5206907,2.5
2025-07-21 15:00:00,0.0,0.0,0.0,2.2588713,3.2
2025-07-21 16:00:00,0.0,0.0,0.0,2.1260293,3.5
2025-07-21 17:00:00,0.0,0.0,0.0,2.640076,4.0
2025-07-21 18:00:00,0.0,0.0,0.0,2.9516945,4.7
2025-07-21 19:00:00,0.0,0.0,0.0,2.8004463,4.6
2025-07-21 20:00:00,0.0,0.0,0.0,2.7064738,4.4
2025-07-21 21:00:00,0.0,0.0,0.0,2.6925824,4.3
2025-07-21 22:00:00,0.0,0.0,0.0,2.753634,4.1
2025-07-21 23:00:00,0.0,0.0,0.0,2.2209232,3.8
2025-07-22 00:00:00,0.0,0.0,0.0,2.1505814,3.9
2025-07-22 01:00:00,0.0,0.0,0.0,2.381701,4.4
2025-07-22 02:00:00,0.0,0.0,0.0,2.070024,5.3
2025-07-22 03:00:00,0.0,0.0,0.0,2.1272047,5.9
2025-07-22 04:00:00,0.0,0.0,0.0,1.7356555,6.0
2025-07-22 05:00:00,0.0,0.0,0.0,1.2589679,5.8
2025-07-22 06:00:00,0.0,0.0,0.0,0.8732125,5.1
2025-07-22 07:00:00,0.0,0.0,0.0,1.1236101,4.7
2025-07-22 08:00:00,0.0,0.0,0.0,1.3901439,5.1
2025-07-22 09:00:00,0.0,0.0,0.0,1.5402921,5.2
2025-07-22 10:00:00,0.0,0.0,0.0,2.1023796,5.1
2025-07-22 11:00:00,0.0,0.0,0.0,2.3717082,4.8
2025-07-22 12:00:00,0.0,0.0,0.0,2.2299104,4.1
2025-07-22 13:00:00,0.0,0.0,0.0,2.0155644,3.0
2025-07-22 14:00:00,0.0,0.0,0.0,1.4317821,2.2
2025-07-22 15:00:00,0.0,0.0,0.0,1.6650826,3.0
2025-07-22 16:00:00,0.0,0.0,0.0,1.7755281,3.7
2025-07-22 17:00:00,0.0,0.0,0.0,1.8560711,4.3
2025-07-22 18:00:00,0.0,0.0,0.0,1.8117672,4.6
2025-07-22 19:00:00,0.0,0.0,0.0,1.767767,3.1
2025-07-22 20:00:00,0.0,0.0,0.0,1.8357561,3.1
2025-07-22 21:00:00,0.0,0.0,0.0,1.8357561,3.1
2025-07-22 22:00:00,0.0,0.0,0.0,1.588238,3.0
2025-07-22 23:00:00,0.0,0.0,0.0,1.5532224,3.2
2025-07-23 00:00:00,0.0,0.0,0.0,1.4916433,3.4
2025-07-23 01:00:00,0.0,0.0,0.0,1.9602295,4.5
2025-07-23 02:00:00,0.0,0.0,0.0,1.5945219,5.4
2025-07-23 03:00:00,0.0,0.0,0.0,1.7029386,6.0
2025-07-23 04:00:00,0.0,0.0,0.0,1.9912307,6.6
2025-07-23 05:00:00,0.0,0.0,0.0,2.408319,7.1
2025-07-23 06:00:00,0.0,0.0,0.0,2.7335873,7.0
2025-07-23 07:00:00,0.0,0.0,0.0,2.857009,6.6
2025-07-23 08:00:00,0.0,0.0,0.0,2.933428,6.9
2025-07-23 09:00:00,0.0,0.0,0.0,2.7784889,6.8
2025-07-23 10:00:00,0.0,0.0,0.0,2.6925824,6.2
2025-07-23 11:00:00,0.0,0.0,0.0,2.9841247,6.6
2025-07-23 12:00:00,0.0,0.0,0.0,3.178443,6.2
2025-07-23 13:00:00,0.0,0.0,0.0,3.0220027,5.8
2025-07-23 14:00:00,0.0,0.0,0.0,3.0008333,5.0
2025-07-23 15:00:00,0.0,0.0,0.0,2.7115495,4.2
2025-07-23 16:00:00,0.0,0.0,0.0,2.302173,3.9
2025-07-23 17:00:00,0.0,0.0,0.0,2.2549944,3.3
2025-07-23 18:00:00,0.0,0.0,0.0,2.6215453,4.6
2025-07-23 19:00:00,0.9,0.9,0.0,3.3425288,6.2
2025-07-23 20:00:00,0.5,0.5,0.0,3.7619808,6.9
2025-07-23 21:00:00,0.2,0.2,0.0,4.1761227,8.0
2025-07-23 22:00:00,0.1,0.1,0.0,4.68855,8.7
2025-07-23 23:00:00,0.0,0.0,0.0,4.7942677,8.6
2025-07-24 00:00:00,0.0,0.0,0.0,4.7594643,8.1
2025-07-24 01:00:00,0.0,0.0,0.0,4.8438106,8.2
2025-07-24 02:00:00,0.0,0.0,0.0,5.315073,10.2
2025-07-24 03:00:00,0.0,0.0,0.0,5.453668,10.8
2025-07-24 04:00:00,0.0,0.0,0.0,5.423099,10.9
2025-07-24 05:00:00,0.0,0.0,0.0,5.49477,11.2
2025-07-24 06:00:00,0.0,0.0,0.0,5.706356,11.9
2025-07-24 07:00:00,0.0,0.0,0.0,5.918826,12.3
2025-07-24 08:00:00,0.0,0.0,0.0,5.531727,11.7
2025-07-24 09:00:00,0.0,0.0,0.0,5.0621142,10.9
2025-07-24 10:00:00,0.0,0.0,0.0,5.3387733,10.6
2025-07-24 11:00:00,0.0,0.0,0.0,5.059644,10.6
2025-07-24 12:00:00,0.0,0.0,0.0,5.0447993,10.4
2025-07-24 13:00:00,0.0,0.0,0.0,5.2737556,10.7
2025-07-24 14:00:00,0.0,0.0,0.0,5.453668,10.4
2025-07-24 15:00:00,0.0,0.0,0.0,5.6535387,10.4
2025-07-24 16:00:00,0.0,0.0,0.0,5.65,10.2
2025-07-24 17:00:00,0.0,0.0,0.0,5.5682135,9.7
2025-07-24 18:00:00,0.0,0.0,0.0,5.3106027,9.3
2025-07-24 19:00:00,0.0,0.0,0.0,5.001,8.9
2025-07-24 20:00:00,0.0,0.0,0.0,4.246469,8.0
2025-07-24 21:00:00,0.0,0.0,0.0,3.6989863,6.7
2025-07-24 22:00:00,0.0,0.0,0.0,3.1320918,4.2
2025-07-24 23:00:00,0.0,0.0,0.0,1.5206907,3.1
2025-07-25 00:00:00,0.1,0.1,0.0,2.8071337,4.3
2025-07-25 01:00:00,0.2,0.2,0.0,3.5794554,8.0
2025-07-25 02:00:00,0.4,0.4,0.0,3.275668,9.8
2025-07-25 03:00:00,0.4,0.4,0.0,3.765634,8.9
2025-07-25 04:00:00,0.0,0.0,0.0,4.4905457,9.4
2025-07-25 05:00:00,0.0,0.0,0.0,4.3477006,8.8
2025-07-25 06:00:00,0.0,0.0,0.0,4.172529,8.3
2025-07-25 07:00:00,0.0,0.0,0.0,4.45,9.5
2025-07-25 08:00:00,0.0,0.0,0.0,4.403692,9.7
2025-07-25 09:00:00,0.4,0.4,0.0,4.14367,9.7
2025-07-25 10:00:00,0.0,0.0,0.0,4.570558,9.9
2025-07-25 11:00:00,1.4,1.4,0.0,4.3911843,9.5
2025-07-25 12:00:00,1.7,1.7,0.0,2.7572632,6.9
2025-07-25 13:00:00,0.3,0.3,0.0,2.5164459,5.0
2025-07-25 14:00:00,0.0,0.0,0.0,3.662308,4.8
2025-07-25 15:00:00,0.0,0.0,0.0,4.031129,4.7
2025-07-25 16:00:00,0.0,0.0,0.0,4.011546,4.9
2025-07-25 17:00:00,0.0,0.0,0.0,3.600347,5.0
2025-07-25 18:00:00,0.0,0.0,0.0,3.0991933,4.6
2025-07-25 19:00:00,0.0,0.0,0.0,2.6386547,4.5
2025-07-25 20:00:00,0.1,0.1,0.0,2.6925821,4.9
2025-07-25 21:00:00,0.0,0.0,0.0,2.5460753,4.3
2025-07-25 22:00:00,0.0,0.0,0.0,2.8969812,4.8
2025-07-25 23:00:00,0.0,0.0,0.0,2.9841247,5.1
2025-07-26 00:00:00,0.0,0.0,0.0,3.0207617,5.4
2025-07-26 01:00:00,0.0,0.0,0.0,3.51639,5.7
2025-07-26 02:00:00,0.0,0.0,0.0,4.052777,6.9
2025-07-26 03:00:00,0.0,0.0,0.0,4.052777,7.8
2025-07-26 04:00:00,0.2,0.2,0.0,4.411916,9.5
2025-07-26 05:00:00,0.1,0.1,0.0,5.1363897,11.0
2025-07-26 06:00:00,0.1,0.1,0.0,5.3037724,12.4
2025-07-26 07:00:00,0.0,0.0,0.0,5.0249376,13.7
2025-07-26 08:00:00,0.0,0.0,0.0,4.8417454,11.6
2025-07-26 09:00:00,0.0,0.0,0.0,4.5213385,10.6
2025-07-26 10:00:00,0.0,0.0,0.0,4.396021,9.4
2025-07-26 11:00:00,0.0,0.0,0.0,3.8512983,7.0
2025-07-26 12:00:00,0.7,0.7,0.0,3.153173,5.6
2025-07-26 13:00:00,0.0,0.0,0.0,2.2945588,2.9
2025-07-26 14:00:00,0.0,0.0,0.0,0.8,1.4
2025-07-26 15:00:00,0.0,0.0,0.0,0.7566373,1.2
2025-07-26 16:00:00,0.0,0.0,0.0,0.7106335,1.6
2025-07-26 17:00:00,0.0,0.0,0.0,0.85,2.4
2025-07-26 18:00:00,0.0,0.0,0.0,0.8746428,2.5
2025-07-26 19:00:00,0.0,0.0,0.0,1.2816006,4.0
2025-07-26 20:00:00,0.2,0.2,0.0,1.7356554,2.8
2025-07-26 21:00:00,0.2,0.2,0.0,1.6620771,2.0
2025-07-26 22:00:00,0.8,0.8,0.0,1.2093385,3.1
2025-07-26 23:00:00,1.9,1.9,0.0,1.1011358,4.1
2025-07-27 00:00:00,3.0,3.0,0.0,1.3124405,4.6
2025-07-27 01:00:00,2.3,2.3,0.0,1.5692356,4.1
2025-07-27 02:00:00,0.7,0.7,0.0,1.811767,5.1
2025-07-27 03:00:00,1.1,1.1,0.0,1.9962465,4.2
2025-07-27 04:00:00,1.1,1.1,0.0,2.2461078,6.5
2025-07-27 05:00:00,0.3,0.3,0.0,2.0402207,6.7
2025-07-27 06:00:00,0.2,0.2,0.0,1.9455076,5.8
2025-07-27 07:00:00,0.2,0.2,0.0,2.2588713,8.8
2025-07-27 08:00:00,0.1,0.1,0.0,2.3753946,7.9
2025-07-27 09:00:00,2.9,2.9,0.0,3.467708,8.6
2025-07-27 10:00:00,1.6,1.6,0.0,4.452527,7.8
2025-07-27 11:00:00,0.1,0.1,0.0,3.9623227,6.1
2025-07-27 12:00:00,0.6,0.6,0.0,3.9815197,6.1
2025-07-27 13:00:00,0.3,0.3,0.0,3.8810437,6.1
2025-07-27 14:00:00,0.1,0.1,0.0,3.9560082,5.4
2025-07-27 15:00:00,0.1,0.1,0.0,4.4637427,6.5
2025-07-27 16:00:00,0.2,0.2,0.0,4.8010416,8.1
2025-07-27 17:00:00,0.2,0.2,0.0,5.4582505,9.6
2025-07-27 18:00:00,0.2,0.2,0.0,5.4129477,10.8
2025-07-27 19:00:00,0.0,0.0,0.0,4.5590568,8.6
2025-07-27 20:00:00,0.0,0.0,0.0,4.3908997,8.1
2025-07-27 21:00:00,0.0,0.0,0.0,4.2801867,8.0
2025-07-27 22:00:00,0.0,0.0,0.0,5.0224495,7.7
2025-07-27 23:00:00,0.0,0.0,0.0,4.398295,7.0
2025-07-28 00:00:00,0.0,0.0,0.0,3.6554751,5.8
2025-07-28 01:00:00,0.0,0.0,0.0,3.0536864,5.5
2025-07-28 02:00:00,0.0,0.0,0.0,3.1216984,6.2
2025-07-28 03:00:00,0.0,0.0,0.0,3.3767588,6.7
2025-07-28 04:00:00,0.0,0.0,0.0,3.4659054,6.8
2025-07-28 05:00:00,0.0,0.0,0.0,3.407712,7.1
2025-07-28 06:00:00,0.0,0.0,0.0,3.8810437,7.2
2025-07-28 07:00:00,0.0,0.0,0.0,4.136726,9.3
2025-07-28 08:00:00,0.0,0.0,0.0,4.9030604,9.7
2025-07-28 09:00:00,0.0,0.0,0.0,4.875705,9.3
2025-07-28 10:00:00,0.0,0.0,0.0,5.2768364,9.2
2025-07-28 11:00:00,0.0,0.0,0.0,5.265216,8.1
2025-07-28 12:00:00,0.0,0.0,0.0,4.2807713,6.9
2025-07-28 13:00:00,0.0,0.0,0.0,2.9261749,4.0
2025-07-28 14:00:00,0.0,0.0,0.0,1.7334936,1.9
2025-07-28 15:00:00,0.0,0.0,0.0,2.5739074,2.8
2025-07-28 16:00:00,0.0,0.0,0.0,2.4667792,3.0
2025-07-28 17:00:00,0.0,0.0,0.0,2.3717084,3.1
2025-07-28 18:00:00,0.0,0.0,0.0,2.1400933,3.2
2025-07-28 19:00:00,0.0,0.0,0.0,1.9697715,3.4
2025-07-28 20:00:00,0.0,0.0,0.0,1.9006578,3.2
2025-07-28 21:00:00,0.0,0.0,0.0,1.8973665,3.0
2025-07-28 22:00:00,0.0,0.0,0.0,0.60207975,2.6
2025-07-28 23:00:00,0.0,0.0,0.0,0.92195445,2.2
2025-07-29 00:00:00,0.0,0.0,0.0,1.0049876,1.5
2025-07-29 01:00:00,0.0,0.0,0.0,0.31622776,1.4
2025-07-29 02:00:00,0.2,0.2,0.0,0.2915476,1.9
2025-07-29 03:00:00,0.3,0.3,0.0,0.38078865,2.6
2025-07-29 04:00:00,0.7,0.7,0.0,1.1884865,3.3
2025-07-29 05:00:00,1.2,1.2,0.0,1.6807737,4.2
2025-07-29 06:00:00,1.1,1.1,0.0,2.0124612,5.1
2025-07-29 07:00:00,0.6,0.6,0.0,2.4964974,7.2
2025-07-29 08:00:00,0.2,0.2,0.0,2.0615528,6.7
2025-07-29 09:00:00,0.1,0.1,0.0,1.9830532,6.0
2025-07-29 10:00:00,0.0,0.0,0.0,1.5524175,5.6
2025-07-29 11:00:00,0.0,0.0,0.0,1.9163767,4.5
2025-07-29 12:00:00,0.0,0.0,0.0,1.8027756,3.5
2025-07-29 13:00:00,0.0,0.0,0.0,1.35,2.0
2025-07-29 14:00:00,0.0,0.0,0.0,0.93941474,1.3
2025-07-29 15:00:00,0.0,0.0,0.0,1.0307764,2.1
2025-07-29 16:00:00,0.0,0.0,0.0,0.76485294,2.5
2025-07-29 17:00:00,0.0,0.0,0.0,0.7211103,2.5
2025-07-29 18:00:00,0.0,0.0,0.0,0.99624294,1.8
2025-07-29 19:00:00,0.0,0.0,0.0,1.4560219,2.5
2025-07-29 20:00:00,0.0,0.0,0.0,1.4577379,2.9
2025-07-29 21:00:00,0.2,0.2,0.0,1.6124516,3.2
2025-07-29 22:00:00,0.7,0.7,0.0,2.0892582,3.3
2025-07-29 23:00:00,1.2,1.2,0.0,1.6194135,3.7
2025-07-30 00:00:00,1.1,1.1,0.0,0.8902247,2.2
2025-07-30 01:00:00,0.7,0.7,0.0,1.5074813,3.5
2025-07-30 02:00:00,0.6,0.6,0.0,2.059733,4.0
2025-07-30 03:00:00,0.2,0.2,0.0,1.9697715,4.6
2025-07-30 04:00:00,0.2,0.2,0.0,1.9697715,4.9
2025-07-30 05:00:00,0.2,0.2,0.0,2.0,5.7
2025-07-30 06:00:00,0.2,0.2,0.0,1.8062392,5.6
2025-07-30 07:00:00,0.3,0.3,0.0,1.6650826,5.1
2025-07-30 08:00:00,0.5,0.5,0.0,1.1661904,5.0
2025-07-30 09:00:00,0.1,0.1,0.0,0.5,5.1
2025-07-30 10:00:00,0.0,0.0,0.0,0.6,4.6
2025-07-30 11:00:00,0.0,0.0,0.0,1.1423659,4.3
2025-07-30 12:00:00,0.0,0.0,0.0,1.118034,3.2
2025-07-30 13:00:00,0.0,0.0,0.0,0.76321685,2.5
2025-07-30 14:00:00,0.0,0.0,0.0,1.7499999,1.9
2025-07-30 15:00:00,0.0,0.0,0.0,1.4866068,2.4
2025-07-30 16:00:00,0.0,0.0,0.0,1.4534441,2.3
2025-07-30 17:00:00,0.1,0.1,0.0,1.5572411,2.5
2025-07-30 18:00:00,0.0,0.0,0.0,1.811767,2.8
2025-07-30 19:00:00,0.0,0.0,0.0,1.811767,3.1
2025-07-30 20:00:00,0.0,0.0,0.0,1.8062392,3.1
2025-07-30 21:00:00,0.0,0.0,0.0,1.7902514,2.9
2025-07-30 22:00:00,0.0,0.0,0.0,1.9235384,2.7
2025-07-30 23:00:00,0.0,0.0,0.0,1.9697715,2.5
2025-07-31 00:00:00,0.0,0.0,0.0,1.677051,2.2
2025-07-31 01:00:00,0.0,0.0,0.0,2.1260293,3.3
2025-07-31 02:00:00,0.0,0.0,0.0,1.6710774,3.6
2025-07-31 03:00:00,0.0,0.0,0.0,1.4849241,3.6
2025-07-31 04:00:00,0.1,0.1,0.0,1.3509256,3.8
2025-07-31 05:00:00,0.0,0.0,0.0,1.0404326,4.2
2025-07-31 06:00:00,0.0,0.0,0.0,1.1543397,4.4
2025-07-31 07:00:00,0.0,0.0,0.0,1.4035668,4.7
2025-07-31 08:00:00,0.1,0.1,0.0,1.6688318,5.2
2025-07-31 09:00:00,0.1,0.1,0.0,1.5402921,4.6
2025-07-31 10:00:00,0.0,0.0,0.0,1.2020814,3.8
2025-07-31 11:00:00,0.0,0.0,0.0,1.2298374,4.5
2025-07-31 12:00:00,2.0,2.0,0.0,1.662077,4.0
2025-07-31 13:00:00,0.6,0.6,0.0,1.6347783,3.7
2025-07-31 14:00:00,0.0,0.0,0.0,1.5652475,1.9
2025-07-31 15:00:00,0.0,0.0,0.0,1.2619429,1.6
2025-07-31 16:00:00,0.0,0.0,0.0,1.6,1.6
2025-07-31 17:00:00,0.1,0.1,0.0,1.7846568,1.8
2025-07-31 18:00:00,0.0,0.0,0.0,1.4773287,1.8
2025-07-31 19:00:00,0.0,0.0,0.0,1.3462912,2.5
2025-07-31 20:00:00,0.0,0.0,0.0,1.2806249,2.4
2025-07-31 21:00:00,0.0,0.0,0.0,1.2529964,2.6
2025-07-31 22:00:00,0.1,0.1,0.0,1.6124516,2.8
2025-07-31 23:00:00,0.1,0.1,0.0,1.9104973,3.5
2025-08-01 00:00:00,0.1,0.1,0.0,2.1289668,4.1
2025-08-01 01:00:00,0.0,0.0,0.0,2.782984,5.3
2025-08-01 02:00:00,0.1,0.1,0.0,2.84605,5.7
2025-08-01 03:00:00,0.1,0.1,0.0,3.026962,5.9
2025-08-01 04:00:00,0.1,0.1,0.0,2.5495098,5.6
2025-08-01 05:00:00,0.2,0.2,0.0,2.376973,6.6
2025-08-01 06:00:00,0.3,0.3,0.0,2.9954133,7.1
2025-08-01 07:00:00,0.3,0.3,0.0,3.0923293,7.4
2025-08-01 08:00:00,0.3,0.3,0.0,3.104835,7.0
2025-08-01 09:00:00,0.1,0.1,0.0,3.238055,6.7
2025-08-01 10:00:00,1.2,1.2,0.0,2.6683328,6.1
2025-08-01 11:00:00,1.0,1.0,0.0,3.2962098,7.0
2025-08-01 12:00:00,0.0,0.0,0.0,2.9410882,7.0
2025-08-01 13:00:00,0.7,0.7,0.0,2.45204,9.0
2025-08-01 14:00:00,0.5,0.5,0.0,3.4014704,6.8
2025-08-01 15:00:00,0.0,0.0,0.0,3.209751,5.3
2025-08-01 16:00:00,0.0,0.0,0.0,3.0,4.9
2025-08-01 17:00:00,0.0,0.0,0.0,2.7518177,5.3
2025-08-01 18:00:00,0.0,0.0,0.0,2.7166157,5.4
2025-08-01 19:00:00,0.0,0.0,0.0,3.0647185,5.5
2025-08-01 20:00:00,0.0,0.0,0.0,3.2190838,5.7
2025-08-01 21:00:00,0.0,0.0,0.0,3.7503333,6.4
2025-08-01 22:00:00,0.1,0.1,0.0,3.473111,7.1
2025-08-01 23:00:00,0.2,0.2,0.0,3.628016,7.1
2025-08-02 00:00:00,0.3,0.3,0.0,3.662308,7.5
2025-08-02 01:00:00,0.2,0.2,0.0,3.740655,8.4
2025-08-02 02:00:00,0.1,0.1,0.0,4.7010636,7.3
2025-08-02 03:00:00,0.1,0.1,0.0,3.7084365,7.2
2025-08-02 04:00:00,0.5,0.5,0.0,3.5672119,7.7
2025-08-02 05:00:00,0.5,0.5,0.0,3.5174565,8.4
2025-08-02 06:00:00,0.9,0.9,0.0,3.8512983,8.4
2025-08-02 07:00:00,0.3,0.3,0.0,3.9,9.9
2025-08-02 08:00:00,0.1,0.1,0.0,4.1512046,11.2
2025-08-02 09:00:00,0.0,0.0,0.0,4.613296,11.6
2025-08-02 10:00:00,0.0,0.0,0.0,5.3733134,10.1
2025-08-02 11:00:00,0.2,0.2,0.0,5.830952,10.9
2025-08-02 12:00:00,0.0,0.0,0.0,5.7177353,11.3
2025-08-02 13:00:00,0.0,0.0,0.0,5.315073,10.7
2025-08-02 14:00:00,0.0,0.0,0.0,5.2521424,9.6
2025-08-02 15:00:00,0.0,0.0,0.0,4.854122,8.8
2025-08-02 16:00:00,0.0,0.0,0.0,4.522444,8.0
2025-08-02 17:00:00,0.0,0.0,0.0,4.273757,7.5
2025-08-02 18:00:00,0.0,0.0,0.0,4.0199504,7.3
2025-08-02 19:00:00,0.0,0.0,0.0,3.8707232,6.8
2025-08-02 20:00:00,0.0,0.0,0.0,3.7121422,6.7
2025-08-02 21:00:00,0.0,0.0,0.0,3.5514083,6.3
2025-08-02 22:00:00,0.0,0.0,0.0,3.8003287,6.3
2025-08-02 23:00:00,0.0,0.0,0.0,3.9503164,6.3
2025-08-03 00:00:00,0.0,0.0,0.0,3.9,6.6
2025-08-03 01:00:00,0.0,0.0,0.0,3.7013512,6.7
2025-08-03 02:00:00,0.0,0.0,0.0,4.384632,8.2
2025-08-03 03:00:00,0.0,0.0,0.0,4.3649173,8.7
2025-08-03 04:00:00,0.0,0.0,0.0,4.638157,9.6
2025-08-03 05:00:00,0.0,0.0,0.0,4.875705,10.0
2025-08-03 06:00:00,0.0,0.0,0.0,5.0084925,10.6
2025-08-03 07:00:00,0.0,0.0,0.0,5.021205,10.7
2025-08-03 08:00:00,0.0,0.0,0.0,4.9962487,10.6
2025-08-03 09:00:00,0.0,0.0,0.0,5.021952,10.6
2025-08-03 10:00:00,0.0,0.0,0.0,5.01423,10.5
2025-08-03 11:00:00,0.0,0.0,0.0,5.2117653,10.5
2025-08-03 12:00:00,0.0,0.0,0.0,5.0159745,10.0
2025-08-03 13:00:00,0.0,0.0,0.0,4.738143,9.0
2025-08-03 14:00:00,0.0,0.0,0.0,4.0524683,7.2
2025-08-03 15:00:00,0.0,0.0,0.0,3.618356,5.5
2025-08-03 16:00:00,0.0,0.0,0.0,3.3734255,5.3
2025-08-03 17:00:00,0.0,0.0,0.0,3.335416,5.0
2025-08-03 18:00:00,0.0,0.0,0.0,3.2163644,4.5
2025-08-03 19:00:00,0.0,0.0,0.0,3.1484122,5.0
2025-08-03 20:00:00,0.0,0.0,0.0,2.9706903,4.9
2025-08-03 21:00:00,0.0,0.0,0.0,2.7041636,4.7
2025-08-03 22:00:00,0.0,0.0,0.0,3.1064448,4.7
2025-08-03 23:00:00,0.0,0.0,0.0,3.0504098,4.5
2025-08-04 00:00:00,0.0,0.0,0.0,2.9017239,4.5
2025-08-04 01:00:00,0.0,0.0,0.0,3.0516388,5.1
2025-08-04 02:00:00,0.0,0.0,0.0,3.156343,6.4
2025-08-04 03:00:00,0.0,0.0,0.0,3.206244,7.3
2025-08-04 04:00:00,0.0,0.0,0.0,3.7619808,8.5
2025-08-04 05:00:00,0.0,0.0,0.0,3.905125,8.4
2025-08-04 06:00:00,0.0,0.0,0.0,4.0028114,8.3
2025-08-04 07:00:00,0.0,0.0,0.0,4.1188593,9.0
2025-08-04 08:00:00,0.0,0.0,0.0,4.379783,9.2
2025-08-04 09:00:00,0.0,0.0,0.0,4.609772,9.8
2025-08-04 10:00:00,0.0,0.0,0.0,4.8303723,10.5
2025-08-04 11:00:00,0.0,0.0,0.0,5.1229877,10.7
2025-08-04 12:00:00,0.0,0.0,0.0,5.1264024,10.3
2025-08-04 13:00:00,0.0,0.0,0.0,4.540099,9.1
2025-08-04 14:00:00,0.0,0.0,0.0,3.1976554,6.7
2025-08-04 15:00:00,0.0,0.0,0.0,2.0099752,4.2
2025-08-04 16:00:00,0.0,0.0,0.0,2.408319,3.2
2025-08-04 17:00:00,0.0,0.0,0.0,1.7269917,2.1
2025-08-04 18:00:00,0.0,0.0,0.0,1.2509996,1.3
2025-08-04 19:00:00,0.0,0.0,0.0,1.8343936,2.3
2025-08-04 20:00:00,0.0,0.0,0.0,2.0426698,2.6
2025-08-04 21:00:00,0.0,0.0,0.0,2.0892582,2.5
2025-08-04 22:00:00,0.0,0.0,0.0,2.3706539,2.7
2025-08-04 23:00:00,0.0,0.0,0.0,1.6324829,3.2
2025-08-05 00:00:00,0.0,0.0,0.0,1.9697715,3.0
2025-08-05 01:00:00,0.0,0.0,0.0,2.768122,4.2
2025-08-05 02:00:00,0.0,0.0,0.0,2.6800187,5.2
2025-08-05 03:00:00,0.0,0.0,0.0,3.0761175,6.1
2025-08-05 04:00:00,0.0,0.0,0.0,3.550352,7.3
2025-08-05 05:00:00,0.0,0.0,0.0,3.6496572,8.1
2025-08-05 06:00:00,0.0,0.0,0.0,3.710795,9.8
2025-08-05 07:00:00,0.0,0.0,0.0,4.401136,9.3
2025-08-05 08:00:00,0.0,0.0,0.0,4.087175,8.7
2025-08-05 09:00:00,0.0,0.0,0.0,4.119466,8.3
2025-08-05 10:00:00,0.0,0.0,0.0,3.5415392,7.6
2025-08-05 11:00:00,0.0,0.0,0.0,3.8626416,6.3
2025-08-05 12:00:00,0.0,0.0,0.0,3.5794554,4.7
2025-08-05 13:00:00,0.0,0.0,0.0,3.0923293,3.9
2025-08-05 14:00:00,0.0,0.0,0.0,2.680019,4.4
2025-08-05 15:00:00,0.0,0.0,0.0,3.25,5.5
2025-08-05 16:00:00,0.0,0.0,0.0,3.8762095,6.1
2025-08-05 17:00:00,0.0,0.0,0.0,4.2793107,6.6
2025-08-05 18:00:00,0.0,0.0,0.0,4.632494,6.9
2025-08-05 19:00:00,0.0,0.0,0.0,4.69308,8.5
2025-08-05 20:00:00,0.0,0.0,0.0,4.2573466,7.7
2025-08-05 21:00:00,0.0,0.0,0.0,3.77955,6.6
2025-08-05 22:00:00,0.0,0.0,0.0,3.52881,5.8
2025-08-05 23:00:00,0.0,0.0,0.0,3.1,5.2
2025-08-06 00:00:00,0.0,0.0,0.0,2.8217902,4.9
2025-08-06 01:00:00,0.0,0.0,0.0,3.104835,5.2
2025-08-06 02:00:00,0.0,0.0,0.0,2.934706,5.7
2025-08-06 03:00:00,0.0,0.0,0.0,3.355965,6.5
2025-08-06 04:00:00,0.0,0.0,0.0,4.1231055,7.8
2025-08-06 05:00:00,0.0,0.0,0.0,4.6970735,8.8
2025-08-06 06:00:00,0.0,0.0,0.0,4.9812145,11.7
2025-08-06 07:00:00,0.0,0.0,0.0,4.9804616,10.6
2025-08-06 08:00:00,0.0,0.0,0.0,4.6607404,10.0
2025-08-06 09:00:00,0.0,0.0,0.0,4.3488503,9.3
2025-08-06 10:00:00,0.0,0.0,0.0,3.901602,9.0
2025-08-06 11:00:00,0.0,0.0,0.0,3.8832977,8.4
2025-08-06 12:00:00,0.0,0.0,0.0,3.7101214,7.5
2025-08-06 13:00:00,0.0,0.0,0.0,3.572464,6.5
2025-08-06 14:00:00,0.0,0.0,0.0,2.9538112,5.1
2025-08-06 15:00:00,0.0,0.0,0.0,2.7730849,4.8
2025-08-06 16:00:00,0.0,0.0,0.0,3.1180923,5.3
2025-08-06 17:00:00,0.0,0.0,0.0,3.306055,5.1
2025-08-06 18:00:00,0.0,0.0,0.0,3.238827,4.7
2025-08-06 19:00:00,0.0,0.0,0.0,3.0732718,5.1
2025-08-06 20:00:00,0.0,0.0,0.0,2.7735357,4.6
2025-08-06 21:00:00,0.0,0.0,0.0,2.337734,3.9
2025-08-06 22:00:00,0.0,0.0,0.0,2.2726636,3.5
2025-08-06 23:00:00,0.0,0.0,0.0,2.1400933,3.4
2025-08-07 00:00:00,0.0,0.0,0.0,2.2276669,3.4
2025-08-07 01:00:00,0.0,0.0,0.0,2.9261749,4.2
2025-08-07 02:00:00,0.0,0.0,0.0,2.657066,5.0
2025-08-07 03:00:00,0.0,0.0,0.0,2.5894015,5.4
2025-08-07 04:00:00,0.0,0.0,0.0,2.5005,5.7
2025-08-07 05:00:00,0.0,0.0,0.0,2.376973,5.9
2025-08-07 06:00:00,0.0,0.0,0.0,2.5806975,6.1
2025-08-07 07:00:00,0.1,0.1,0.0,3.010814,8.5
2025-08-07 08:00:00,0.2,0.2,0.0,3.2442257,10.3
2025-08-07 09:00:00,0.6,0.6,0.0,2.5632012,6.6
2025-08-07 10:00:00,0.0,0.0,0.0,2.6172504,5.6
2025-08-07 11:00:00,0.0,0.0,0.0,2.557831,5.9
2025-08-07 12:00:00,0.0,0.0,0.0,2.2051077,7.1
2025-08-07 13:00:00,0.2,0.2,0.0,1.9,7.2
2025-08-07 14:00:00,0.6,0.6,0.0,1.3038405,5.9
2025-08-07 15:00:00,0.5,0.5,0.0,1.3124405,4.7
2025-08-07 16:00:00,0.3,0.3,0.0,3.0103986,4.8
2025-08-07 17:00:00,0.1,0.1,0.0,4.8708315,5.5
2025-08-07 18:00:00,0.0,0.0,0.0,4.8192325,6.9
2025-08-07 19:00:00,0.0,0.0,0.0,4.317696,8.0
2025-08-07 20:00:00,0.0,0.0,0.0,4.026475,7.2
2025-08-07 21:00:00,0.0,0.0,0.0,3.8078866,6.8
2025-08-07 22:00:00,0.0,0.0,0.0,3.443835,6.8
2025-08-07 23:00:00,0.0,0.0,0.0,3.8707235,7.2
2025-08-08 00:00:00,0.0,0.0,0.0,3.7901187,8.6
2025-08-08 01:00:00,0.0,0.0,0.0,4.5631676,9.5
2025-08-08 02:00:00,0.0,0.0,0.0,4.8023434,9.5
2025-08-08 03:00:00,0.0,0.0,0.0,4.8448424,9.7
2025-08-08 04:00:00,0.0,0.0,0.0,4.776243,9.1
2025-08-08 05:00:00,0.0,0.0,0.0,4.6690474,8.9
2025-08-08 06:00:00,0.0,0.0,0.0,4.6690474,8.9
2025-08-08 07:00:00,0.0,0.0,0.0,4.3863425,9.1
2025-08-08 08:00:00,0.0,0.0,0.0,4.172529,8.8
2025-08-08 09:00:00,0.0,0.0,0.0,3.9953096,8.6
2025-08-08 10:00:00,0.0,0.0,0.0,4.5254836,8.9
2025-08-08 11:00:00,0.0,0.0,0.0,4.702393,9.0
2025-08-08 12:00:00,0.0,0.0,0.0,4.7397256,9.1
2025-08-08 13:00:00,0.0,0.0,0.0,4.4936066,8.8
2025-08-08 14:00:00,0.0,0.0,0.0,3.9284222,8.2
2025-08-08 15:00:00,0.0,0.0,0.0,3.764306,6.8
2025-08-08 16:00:00,0.0,0.0,0.0,3.7326264,6.4
2025-08-08 17:00:00,0.0,0.0,0.0,3.5302265,6.3
2025-08-08 18:00:00,0.0,0.0,0.0,3.3286633,5.9
2025-08-08 19:00:00,0.0,0.0,0.0,3.2206366,5.2
2025-08-08 20:00:00,0.0,0.0,0.0,3.054914,5.3
2025-08-08 21:00:00,0.0,0.0,0.0,3.0700164,5.4
2025-08-08 22:00:00,0.0,0.0,0.0,3.2422986,5.5
2025-08-08 23:00:00,0.0,0.0,0.0,3.2901368,5.3
2025-08-09 00:00:00,0.0,0.0,0.0,3.1800156,5.2
2025-08-09 01:00:00,0.0,0.0,0.0,3.2760494,5.8
2025-08-09 02:00:00,0.0,0.0,0.0,3.0319135,6.6
2025-08-09 03:00:00,0.0,0.0,0.0,3.1575305,7.0
2025-08-09 04:00:00,0.0,0.0,0.0,3.8939054,8.4
2025-08-09 05:00:00,0.0,0.0,0.0,4.253528,9.3
2025-08-09 06:00:00,0.0,0.0,0.0,5.0982842,10.1
2025-08-09 07:00:00,0.0,0.0,0.0,4.4777226,9.3
2025-08-09 08:00:00,0.0,0.0,0.0,3.8600519,7.9
2025-08-09 09:00:00,0.0,0.0,0.0,3.4179673,7.1
2025-08-09 10:00:00,0.0,0.0,0.0,3.0,6.6
2025-08-09 11:00:00,0.0,0.0,0.0,3.4532595,6.7
2025-08-09 12:00:00,0.0,0.0,0.0,3.9028838,6.7
2025-08-09 13:00:00,0.0,0.0,0.0,3.503213,5.1
2025-08-09 14:00:00,0.0,0.0,0.0,2.5124688,4.2
2025-08-09 15:00:00,0.0,0.0,0.0,2.2638464,3.9
2025-08-09 16:00:00,0.0,0.0,0.0,2.1783023,3.6
2025-08-09 17:00:00,0.0,0.0,0.0,2.158703,3.6
2025-08-09 18:00:00,0.0,0.0,0.0,2.1224985,3.7
2025-08-09 19:00:00,0.0,0.0,0.0,2.1100948,3.6
2025-08-09 20:00:00,0.0,0.0,0.0,2.0396078,3.5
2025-08-09 21:00:00,0.0,0.0,0.0,2.0223749,3.4
2025-08-09 22:00:00,0.0,0.0,0.0,1.9104973,3.2
2025-08-09 23:00:00,0.0,0.0,0.0,1.8172781,3.1
2025-08-10 00:00:00,0.0,0.0,0.0,1.9235383,3.2
2025-08-10 01:00:00,0.0,0.0,0.0,1.990603,2.9
2025-08-10 02:00:00,0.0,0.0,0.0,1.7613915,3.9
2025-08-10 03:00:00,0.0,0.0,0.0,1.8006942,4.4
2025-08-10 04:00:00,0.0,0.0,0.0,1.7613915,4.7
2025-08-10 05:00:00,0.1,0.1,0.0,1.5508063,4.7
2025-08-10 06:00:00,0.0,0.0,0.0,1.2369317,4.7
2025-08-10 07:00:00,0.0,0.0,0.0,1.0735455,4.3
2025-08-10 08:00:00,0.0,0.0,0.0,1.1011357,4.4
2025-08-10 09:00:00,0.0,0.0,0.0,1.2747549,4.2
2025-08-10 10:00:00,0.0,0.0,0.0,1.9474342,4.0
2025-08-10 11:00:00,0.0,0.0,0.0,2.100595,3.9
2025-08-10 12:00:00,0.0,0.0,0.0,1.9416488,3.1
2025-08-10 13:00:00,0.0,0.0,0.0,1.504161,2.2
2025-08-10 14:00:00,0.0,0.0,0.0,1.6530275,1.6
2025-08-10 15:00:00,0.0,0.0,0.0,2.3711812,1.8
2025-08-10 16:00:00,0.0,0.0,0.0,2.408319,2.1
2025-08-10 17:00:00,0.0,0.0,0.0,2.274313,2.8
2025-08-10 18:00:00,0.0,0.0,0.0,1.9499999,3.2
2025-08-10 19:00:00,0.0,0.0,0.0,1.9416487,3.3
2025-08-10 20:00:00,0.0,0.0,0.0,2.0056171,3.4
2025-08-10 21:00:00,0.0,0.0,0.0,1.8506756,3.2
2025-08-10 22:00:00,0.0,0.0,0.0,1.7507142,3.1
2025-08-10 23:00:00,0.0,0.0,0.0,1.8506756,3.0
2025-08-11 00:00:00,0.0,0.0,0.0,1.7564168,3.1
2025-08-11 01:00:00,0.0,0.0,0.0,1.9163767,3.2
2025-08-11 02:00:00,0.0,0.0,0.0,1.6977926,4.1
2025-08-11 03:00:00,0.0,0.0,0.0,1.36565,4.4
2025-08-11 04:00:00,0.0,0.0,0.0,1.5206907,5.0
2025-08-11 05:00:00,0.0,0.0,0.0,1.8179659,5.9
2025-08-11 06:00:00,0.0,0.0,0.0,2.1224985,6.8
2025-08-11 07:00:00,0.0,0.0,0.0,2.6655207,6.7
2025-08-11 08:00:00,0.0,0.0,0.0,2.7354157,6.5
2025-08-11 09:00:00,0.0,0.0,0.0,2.8935273,6.8
2025-08-11 10:00:00,0.0,0.0,0.0,3.0565505,6.7
2025-08-11 11:00:00,0.0,0.0,0.0,3.2626677,6.6
2025-08-11 12:00:00,0.0,0.0,0.0,2.4351592,5.7
2025-08-11 13:00:00,0.0,0.0,0.0,1.3829316,3.2
2025-08-11 14:00:00,0.0,0.0,0.0,1.5572411,2.9
2025-08-11 15:00:00,0.0,0.0,0.0,2.5675864,4.7
2025-08-11 16:00:00,0.0,0.0,0.0,3.0504098,6.0
2025-08-11 17:00:00,0.0,0.0,0.0,3.444198,6.8
2025-08-11 18:00:00,0.0,0.0,0.0,3.4889112,6.7
2025-08-11 19:00:00,0.5,0.5,0.0,3.5362408,6.0
2025-08-11 20:00:00,1.4,1.4,0.0,3.5584407,6.0
2025-08-11 21:00:00,2.6,2.6,0.0,5.3366656,10.1
2025-08-11 22:00:00,4.2,4.2,0.0,5.366796,10.8
2025-08-11 23:00:00,5.3,5.3,0.0,4.6287146,9.1
2025-08-12 00:00:00,4.1,4.1,0.0,3.6062446,9.3
2025-08-12 01:00:00,2.2,2.2,0.0,3.2190838,10.5
2025-08-12 02:00:00,1.1,1.1,0.0,3.9805777,11.4
2025-08-12 03:00:00,0.8,0.8,0.0,5.2368884,11.4
2025-08-12 04:00:00,1.0,1.0,0.0,5.62161,11.4
2025-08-12 05:00:00,1.1,1.1,0.0,6.0959,11.8
2025-08-12 06:00:00,1.1,1.1,0.0,6.801654,12.3
2025-08-12 07:00:00,1.0,1.0,0.0,7.130568,13.7
2025-08-12 08:00:00,1.1,1.1,0.0,7.4600606,13.9
2025-08-12 09:00:00,0.4,0.4,0.0,6.345274,12.2
2025-08-12 10:00:00,0.1,0.1,0.0,6.3720093,11.8
2025-08-12 11:00:00,0.0,0.0,0.0,5.992704,11.3
2025-08-12 12:00:00,0.0,0.0,0.0,4.9406476,9.2
2025-08-12 13:00:00,0.0,0.0,0.0,3.7138255,6.0
2025-08-12 14:00:00,0.0,0.0,0.0,2.5,3.0
2025-08-12 15:00:00,0.0,0.0,0.0,1.9525625,2.9
2025-08-12 16:00:00,0.0,0.0,0.0,2.4020824,3.2
2025-08-12 17:00:00,0.0,0.0,0.0,2.5079873,3.5
2025-08-12 18:00:00,0.0,0.0,0.0,2.304886,3.3
2025-08-12 19:00:00,0.0,0.0,0.0,2.4515302,4.0
2025-08-12 20:00:00,0.0,0.0,0.0,2.482438,4.1
2025-08-12 21:00:00,0.0,0.0,0.0,2.2770596,3.7
2025-08-12 22:00:00,0.0,0.0,0.0,1.9780041,3.1
2025-08-12 23:00:00,0.0,0.0,0.0,1.6643317,2.8
2025-08-13 00:00:00,0.0,0.0,0.0,1.811767,2.9
2025-08-13 01:00:00,0.0,0.0,0.0,2.415057,3.3
2025-08-13 02:00:00,0.0,0.0,0.0,2.5144582,4.4
2025-08-13 03:00:00,0.0,0.0,0.0,2.8151379,5.1
2025-08-13 04:00:00,0.0,0.0,0.0,3.381198,6.5
2025-08-13 05:00:00,0.0,0.0,0.0,3.938591,9.1
2025-08-13 06:00:00,0.0,0.0,0.0,4.1880784,10.3
2025-08-13 07:00:00,0.1,0.1,0.0,4.2605753,11.6
2025-08-13 08:00:00,0.0,0.0,0.0,4.2851486,10.9
2025-08-13 09:00:00,0.0,0.0,0.0,4.2793107,10.0
2025-08-13 10:00:00,0.1,0.1,0.0,5.056679,10.6
2025-08-13 11:00:00,0.7,0.7,0.0,3.9503164,7.0
2025-08-13 12:00:00,0.0,0.0,0.0,2.6043231,5.0
2025-08-13 13:00:00,0.0,0.0,0.0,1.7,5.6
2025-08-13 14:00:00,0.0,0.0,0.0,1.2369317,4.2
2025-08-13 15:00:00,0.0,0.0,0.0,1.421267,4.4
2025-08-13 16:00:00,0.0,0.0,0.0,1.5913831,5.3
2025-08-13 17:00:00,0.0,0.0,0.0,1.8309833,6.2
2025-08-13 18:00:00,0.1,0.1,0.0,3.0103986,6.0
2025-08-13 19:00:00,0.1,0.1,0.0,3.4655447,7.1
2025-08-13 20:00:00,0.2,0.2,0.0,3.9629533,7.5
2025-08-13 21:00:00,0.1,0.1,0.0,4.3324356,7.8
2025-08-13 22:00:00,0.0,0.0,0.0,3.054914,7.0
2025-08-13 23:00:00,0.0,0.0,0.0,1.8580904,5.9
2025-08-14 00:00:00,0.3,0.3,0.0,2.0402207,5.2
2025-08-14 01:00:00,0.8,0.8,0.0,2.1708293,5.2
2025-08-14 02:00:00,0.9,0.9,0.0,2.2770596,5.4
2025-08-14 03:00:00,0.3,0.3,0.0,2.3070545,6.2
2025-08-14 04:00:00,0.0,0.0,0.0,3.46013,8.4
2025-08-14 05:00:00,0.0,0.0,0.0,4.8754487,11.2
2025-08-14 06:00:00,0.1,0.1,0.0,5.0695167,11.5
2025-08-14 07:00:00,0.2,0.2,0.0,4.8231215,11.8
2025-08-14 08:00:00,1.7,1.7,0.0,4.69308,11.1
2025-08-14 09:00:00,0.2,0.2,0.0,4.007805,10.7
2025-08-14 10:00:00,1.3,1.3,0.0,2.9614186,8.9
2025-08-14 11:00:00,1.5,1.5,0.0,4.022748,8.6
2025-08-14 12:00:00,0.5,0.5,0.0,4.6295247,8.3
2025-08-14 13:00:00,0.1,0.1,0.0,3.3771288,6.6
2025-08-14 14:00:00,0.0,0.0,0.0,3.522783,6.5
2025-08-14 15:00:00,0.0,0.0,0.0,3.4252737,6.1
2025-08-14 16:00:00,0.0,0.0,0.0,3.535534,5.8
2025-08-14 17:00:00,0.1,0.1,0.0,3.3767588,6.4
2025-08-14 18:00:00,0.0,0.0,0.0,2.997082,6.7
2025-08-14 19:00:00,0.1,0.1,0.0,3.1312938,5.6
2025-08-14 20:00:00,0.1,0.1,0.0,3.1851218,5.7
2025-08-14 21:00:00,0.0,0.0,0.0,3.0923293,5.3
2025-08-14 22:00:00,0.1,0.1,0.0,3.1563427,5.8
2025-08-14 23:00:00,0.1,0.1,0.0,2.9820294,6.0
2025-08-15 00:00:00,0.1,0.1,0.0,2.8301945,5.5
2025-08-15 01:00:00,0.0,0.0,0.0,3.0450783,5.8
2025-08-15 02:00:00,0.0,0.0,0.0,4.040421,7.1
2025-08-15 03:00:00,0.0,0.0,0.0,4.1303754,7.4
2025-08-15 04:00:00,0.1,0.1,0.0,4.1692324,7.7
2025-08-15 05:00:00,0.1,0.1,0.0,4.100305,8.0
2025-08-15 06:00:00,0.2,0.2,0.0,4.0,8.6
2025-08-15 07:00:00,0.1,0.1,0.0,4.1027427,9.1
2025-08-15 08:00:00,0.0,0.0,0.0,4.031129,9.5
2025-08-15 09:00:00,0.1,0.1,0.0,3.7165172,9.9
2025-08-15 10:00:00,0.1,0.1,0.0,4.669047,9.8
2025-08-15 11:00:00,0.0,0.0,0.0,4.6840153,8.6
2025-08-15 12:00:00,0.0,0.0,0.0,3.7805421,6.9
2025-08-15 13:00:00,0.1,0.1,0.0,2.245551,5.4
2025-08-15 14:00:00,0.1,0.1,0.0,1.8439089,3.4
2025-08-15 15:00:00,0.0,0.0,0.0,1.8200276,2.5
2025-08-15 16:00:00,0.0,0.0,0.0,1.607016,2.7
2025-08-15 17:00:00,0.0,0.0,0.0,1.7867569,2.7
2025-08-15 18:00:00,0.0,0.0,0.0,1.9906029,2.6
2025-08-15 19:00:00,0.0,0.0,0.0,2.1100948,3.0
2025-08-15 20:00:00,0.0,0.0,0.0,1.7327724,2.9
2025-08-15 21:00:00,0.0,0.0,0.0,1.7356554,2.8
2025-08-15 22:00:00,0.0,0.0,0.0,1.8560711,2.8
2025-08-15 23:00:00,0.0,0.0,0.0,1.746425,2.6
2025-08-16 00:00:00,0.0,0.0,0.0,1.6918925,2.7
2025-08-16 01:00:00,0.0,0.0,0.0,2.109502,4.3
2025-08-16 02:00:00,0.4,0.4,0.0,2.0506096,5.7
2025-08-16 03:00:00,0.5,0.5,0.0,2.326478,5.2
2025-08-16 04:00:00,0.2,0.2,0.0,2.8853076,6.6
2025-08-16 05:00:00,0.2,0.2,0.0,3.2984846,6.8
2025-08-16 06:00:00,0.2,0.2,0.0,3.2256782,7.1
2025-08-16 07:00:00,0.3,0.3,0.0,3.2897568,8.2
2025-08-16 08:00:00,0.4,0.4,0.0,3.5387144,8.6
2025-08-16 09:00:00,0.7,0.7,0.0,4.5235496,8.6
2025-08-16 10:00:00,3.9,3.9,0.0,4.3142204,8.9
2025-08-16 11:00:00,0.3,0.3,0.0,3.3018935,6.3
2025-08-16 12:00:00,0.1,0.1,0.0,3.7606516,5.8
2025-08-16 13:00:00,0.0,0.0,0.0,3.51639,5.6
2025-08-16 14:00:00,0.8,0.8,0.0,3.434021,5.0
2025-08-16 15:00:00,0.8,0.8,0.0,2.3307724,4.4
2025-08-16 16:00:00,0.0,0.0,0.0,2.415057,3.7
2025-08-16 17:00:00,0.0,0.0,0.0,2.7973201,4.4
2025-08-16 18:00:00,0.0,0.0,0.0,2.8231187,4.2
2025-08-16 19:00:00,0.0,0.0,0.0,2.7060118,4.6
2025-08-16 20:00:00,0.0,0.0,0.0,2.9584625,5.1
2025-08-16 21:00:00,0.0,0.0,0.0,2.8991377,5.0
2025-08-16 22:00:00,0.0,0.0,0.0,3.0610456,5.0
2025-08-16 23:00:00,0.0,0.0,0.0,2.8999999,4.6
2025-08-17 00:00:00,0.0,0.0,0.0,2.6870058,4.6
2025-08-17 01:00:00,0.0,0.0,0.0,3.5106978,5.3
2025-08-17 02:00:00,0.0,0.0,0.0,3.9560082,6.7
2025-08-17 03:00:00,0.0,0.0,0.0,4.3072615,6.7
2025-08-17 04:00:00,0.1,0.1,0.0,3.4058774,6.9
2025-08-17 05:00:00,0.1,0.1,0.0,3.8003287,8.0
2025-08-17 06:00:00,0.1,0.1,0.0,4.250294,8.9
2025-08-17 07:00:00,0.1,0.1,0.0,4.4070964,10.0
2025-08-17 08:00:00,0.1,0.1,0.0,4.4070964,10.8
2025-08-17 09:00:00,0.1,0.1,0.0,4.4045434,11.2
2025-08-17 10:00:00,0.1,0.1,0.0,4.966135,11.6
2025-08-17 11:00:00,0.1,0.1,0.0,5.418718,10.8
2025-08-17 12:00:00,0.5,0.5,0.0,4.562072,8.9
2025-08-17 13:00:00,0.8,0.8,0.0,3.4,6.0
2025-08-17 14:00:00,0.0,0.0,0.0,2.6315393,4.3
2025-08-17 15:00:00,0.0,0.0,0.0,2.5739076,3.9
2025-08-17 16:00:00,0.0,0.0,0.0,2.7504544,4.6
2025-08-17 17:00:00,0.0,0.0,0.0,2.8692334,5.1
2025-08-17 18:00:00,0.0,0.0,0.0,2.9618406,5.2
2025-08-17 19:00:00,0.0,0.0,0.0,3.0675724,5.2
2025-08-17 20:00:00,0.0,0.0,0.0,3.0565505,5.2
2025-08-17 21:00:00,0.0,0.0,0.0,3.0991933,5.2
2025-08-17 22:00:00,0.0,0.0,0.0,2.7294688,4.9
2025-08-17 23:00:00,0.0,0.0,0.0,2.6575363,4.5
2025-08-18 00:00:00,0.0,0.0,0.0,2.720294,4.4
2025-08-18 01:00:00,0.0,0.0,0.0,3.0220027,5.1
2025-08-18 02:00:00,0.0,0.0,0.0,3.403307,6.1
2025-08-18 03:00:00,0.0,0.0,0.0,3.9,7.6
2025-08-18 04:00:00,0.0,0.0,0.0,4.300291,10.1
2025-08-18 05:00:00,0.1,0.1,0.0,4.8023434,12.1
2025-08-18 06:00:00,0.0,0.0,0.0,5.10392,12.5
2025-08-18 07:00:00,0.0,0.0,0.0,5.1587305,11.8
2025-08-18 08:00:00,0.0,0.0,0.0,5.3893414,12.3
2025-08-18 09:00:00,0.0,0.0,0.0,5.5731497,11.4
2025-08-18 10:00:00,0.0,0.0,0.0,5.4589376,11.1
2025-08-18 11:00:00,0.0,0.0,0.0,5.6484513,10.8
2025-08-18 12:00:00,0.0,0.0,0.0,5.8940644,9.7
2025-08-18 13:00:00,0.0,0.0,0.0,4.2573466,7.8
2025-08-18 14:00:00,0.0,0.0,0.0,3.6989863,5.7
2025-08-18 15:00:00,0.0,0.0,0.0,2.8017852,3.5
2025-08-18 16:00:00,0.0,0.0,0.0,2.8714108,3.5
2025-08-18 17:00:00,0.0,0.0,0.0,2.7789385,4.0
2025-08-18 18:00:00,0.0,0.0,0.0,2.433105,4.3
2025-08-18 19:00:00,0.0,0.0,0.0,2.2945588,3.7
2025-08-18 20:00:00,0.0,0.0,0.0,2.2561028,3.7
2025-08-18 21:00:00,0.0,0.0,0.0,2.245551,3.7
2025-08-18 22:00:00,0.0,0.0,0.0,1.9525625,3.5
2025-08-18 23:00:00,0.0,0.0,0.0,1.8062391,3.1
2025-08-19 00:00:00,0.0,0.0,0.0,1.6530275,3.1
2025-08-19 01:00:00,0.0,0.0,0.0,1.7007352,2.8
2025-08-19 02:00:00,0.0,0.0,0.0,1.5206907,3.8
2025-08-19 03:00:00,0.0,0.0,0.0,1.5297059,4.4
2025-08-19 04:00:00,0.0,0.0,0.0,1.7951323,5.2
2025-08-19 05:00:00,0.0,0.0,0.0,2.236068,6.1
2025-08-19 06:00:00,0.0,0.0,0.0,2.8071337,7.5
2025-08-19 07:00:00,0.0,0.0,0.0,3.4935656,7.7
2025-08-19 08:00:00,0.0,0.0,0.0,3.5654593,7.4
2025-08-19 09:00:00,0.0,0.0,0.0,3.0438464,6.6
2025-08-19 10:00:00,0.0,0.0,0.0,2.6617665,5.5
2025-08-19 11:00:00,0.0,0.0,0.0,2.9347062,5.7
2025-08-19 12:00:00,0.0,0.0,0.0,2.8935273,4.5
2025-08-19 13:00:00,0.0,0.0,0.0,1.45,2.0
2025-08-19 14:00:00,0.0,0.0,0.0,2.1242645,2.3
2025-08-19 15:00:00,0.0,0.0,0.0,2.1965883,3.0
2025-08-19 16:00:00,0.0,0.0,0.0,1.9678669,3.2
2025-08-19 17:00:00,0.0,0.0,0.0,1.9646883,3.2
2025-08-19 18:00:00,0.0,0.0,0.0,1.8560711,3.4
2025-08-19 19:00:00,0.0,0.0,0.0,1.9557608,3.2
2025-08-19 20:00:00,0.0,0.0,0.0,2.158703,3.6
2025-08-19 21:00:00,0.0,0.0,0.0,2.423324,4.1
2025-08-19 22:00:00,0.0,0.0,0.0,2.8692334,4.6
2025-08-19 23:00:00,0.0,0.0,0.0,3.1484122,5.1
2025-08-20 00:00:00,0.0,0.0,0.0,3.2035139,5.3
2025-08-20 01:00:00,0.0,0.0,0.0,3.3871078,5.5
2025-08-20 02:00:00,0.0,0.0,0.0,3.8078866,6.0
2025-08-20 03:00:00,0.0,0.0,0.0,3.8810437,6.6
2025-08-20 04:00:00,0.0,0.0,0.0,4.197618,7.8
2025-08-20 05:00:00,0.0,0.0,0.0,4.5467024,8.9
2025-08-20 06:00:00,0.0,0.0,0.0,5.169623,10.0
2025-08-20 07:00:00,0.0,0.0,0.0,5.5145264,11.0
2025-08-20 08:00:00,0.0,0.0,0.0,5.375872,11.6
2025-08-20 09:00:00,0.0,0.0,0.0,5.95504,11.6
2025-08-20 10:00:00,0.0,0.0,0.0,6.2619886,12.2
2025-08-20 11:00:00,0.0,0.0,0.0,5.3911963,10.4
2025-08-20 12:00:00,0.0,0.0,0.0,4.8130035,8.1
2025-08-20 13:00:00,0.0,0.0,0.0,4.3416586,6.3
2025-08-20 14:00:00,0.1,0.1,0.0,3.541892,5.1
2025-08-20 15:00:00,0.0,0.0,0.0,3.4132097,5.3
2025-08-20 16:00:00,0.0,0.0,0.0,3.8190315,5.4
2025-08-20 17:00:00,0.1,0.1,0.0,4.5343137,8.3
2025-08-20 18:00:00,0.0,0.0,0.0,4.1164308,7.9
2025-08-20 19:00:00,0.1,0.1,0.0,3.444198,6.2
2025-08-20 20:00:00,0.0,0.0,0.0,2.8783677,5.4
2025-08-20 21:00:00,0.0,0.0,0.0,2.4909837,4.4
2025-08-20 22:00:00,0.0,0.0,0.0,3.3503728,5.4
2025-08-20 23:00:00,0.0,0.0,0.0,3.51141,6.2
2025-08-21 00:00:00,0.0,0.0,0.0,2.2847319,4.8
2025-08-21 01:00:00,0.0,0.0,0.0,1.811077,4.2
2025-08-21 02:00:00,0.0,0.0,0.0,2.1552262,5.2
2025-08-21 03:00:00,0.0,0.0,0.0,2.654242,6.1
2025-08-21 04:00:00,0.0,0.0,0.0,3.026549,6.9
2025-08-21 05:00:00,0.0,0.0,0.0,3.471311,8.2
2025-08-21 06:00:00,0.0,0.0,0.0,3.905445,9.8
2025-08-21 07:00:00,0.0,0.0,0.0,5.1264024,10.7
2025-08-21 08:00:00,0.0,0.0,0.0,5.1546097,10.6
2025-08-21 09:00:00,0.0,0.0,0.0,4.8633833,10.0
2025-08-21 10:00:00,0.0,0.0,0.0,4.535416,9.4
2025-08-21 11:00:00,0.0,0.0,0.0,4.5721984,9.4
2025-08-21 12:00:00,0.0,0.0,0.0,4.5991845,8.3
2025-08-21 13:00:00,0.0,0.0,0.0,3.7583241,6.8
2025-08-21 14:00:00,0.0,0.0,0.0,3.2268407,6.3
2025-08-21 15:00:00,0.4,0.4,0.0,1.8580904,3.9
2025-08-21 16:00:00,0.1,0.1,0.0,1.746425,4.4
2025-08-21 17:00:00,0.6,0.6,0.0,1.8821529,3.8
2025-08-21 18:00:00,0.2,0.2,0.0,1.5976546,3.3
2025-08-21 19:00:00,0.2,0.2,0.0,1.990603,4.0
2025-08-21 20:00:00,0.1,0.1,0.0,1.990603,3.9
2025-08-21 21:00:00,0.0,0.0,0.0,2.1592824,3.7
2025-08-21 22:00:00,0.0,0.0,0.0,3.2015622,4.2
2025-08-21 23:00:00,0.0,0.0,0.0,3.6055512,4.7
2025-08-22 00:00:00,0.0,0.0,0.0,3.5794554,4.9
2025-08-22 01:00:00,0.0,0.0,0.0,3.367863,4.9
2025-08-22 02:00:00,0.1,0.1,0.0,3.77955,6.7
2025-08-22 03:00:00,0.1,0.1,0.0,4.2898135,7.7
2025-08-22 04:00:00,0.0,0.0,0.0,4.3931766,7.8
2025-08-22 05:00:00,0.3,0.3,0.0,4.4308577,7.7
2025-08-22 06:00:00,0.1,0.1,0.0,4.3522983,7.5
2025-08-22 07:00:00,0.2,0.2,0.0,4.0660176,8.7
2025-08-22 08:00:00,0.0,0.0,0.0,3.8890872,8.8
2025-08-22 09:00:00,0.0,0.0,0.0,3.8242645,8.7
2025-08-22 10:00:00,0.0,0.0,0.0,3.8577843,8.0
2025-08-22 11:00:00,0.0,0.0,0.0,3.7716045,7.8
2025-08-22 12:00:00,0.0,0.0,0.0,3.905125,7.8
2025-08-22 13:00:00,0.0,0.0,0.0,2.933428,6.0
2025-08-22 14:00:00,0.0,0.0,0.0,2.751363,4.6
2025-08-22 15:00:00,0.0,0.0,0.0,2.8792362,4.3
2025-08-22 16:00:00,0.0,0.0,0.0,2.884874,4.9
2025-08-22 17:00:00,0.0,0.0,0.0,2.8653097,4.8
2025-08-22 18:00:00,0.0,0.0,0.0,2.857009,5.0
2025-08-22 19:00:00,0.0,0.0,0.0,2.6706738,4.4
2025-08-22 20:00:00,0.0,0.0,0.0,2.5,4.4
2025-08-22 21:00:00,0.0,0.0,0.0,2.510976,4.2
2025-08-22 22:00:00,0.0,0.0,0.0,3.010814,4.4
2025-08-22 23:00:00,0.0,0.0,0.0,2.9832866,4.4
2025-08-23 00:00:00,0.0,0.0,0.0,2.9068882,4.3
2025-08-23 01:00:00,0.0,0.0,0.0,2.9832866,4.6
2025-08-23 02:00:00,0.0,0.0,0.0,3.8810437,5.9
2025-08-23 03:00:00,0.0,0.0,0.0,4.09176,7.7
2025-08-23 04:00:00,0.0,0.0,0.0,3.9446166,8.2
2025-08-23 05:00:00,0.2,0.2,0.0,3.6003473,8.6
2025-08-23 06:00:00,0.2,0.2,0.0,3.938591,8.9
2025-08-23 07:00:00,0.1,0.1,0.0,4.226701,9.1
2025-08-23 08:00:00,0.2,0.2,0.0,4.405962,9.0
2025-08-23 09:00:00,0.1,0.1,0.0,4.1824036,9.2
2025-08-23 10:00:00,0.0,0.0,0.0,3.9246018,8.5
2025-08-23 11:00:00,0.0,0.0,0.0,3.9702015,8.2
2025-08-23 12:00:00,0.0,0.0,0.0,3.920459,8.1
2025-08-23 13:00:00,0.0,0.0,0.0,3.390059,6.4
2025-08-23 14:00:00,0.0,0.0,0.0,3.1705678,5.5
2025-08-23 15:00:00,0.0,0.0,0.0,3.0232434,5.1
2025-08-23 16:00:00,0.0,0.0,0.0,2.857009,4.9
2025-08-23 17:00:00,0.0,0.0,0.0,2.5656383,4.1
2025-08-23 18:00:00,0.0,0.0,0.0,2.4964974,3.7
2025-08-23 19:00:00,0.0,0.0,0.0,2.3436084,3.9
2025-08-23 20:00:00,0.0,0.0,0.0,2.3584952,3.9
2025-08-23 21:00:00,0.0,0.0,0.0,2.2825425,3.8
2025-08-23 22:00:00,0.0,0.0,0.0,2.265502,3.5
2025-08-23 23:00:00,0.0,0.0,0.0,2.182888,3.3
2025-08-24 00:00:00,0.0,0.0,0.0,2.200568,3.4
2025-08-24 01:00:00,0.0,0.0,0.0,2.3879907,3.8
2025-08-24 02:00:00,0.0,0.0,0.0,2.5831182,4.8
2025-08-24 03:00:00,0.0,0.0,0.0,2.4253867,5.2
2025-08-24 04:00:00,0.0,0.0,0.0,2.1148283,5.2
2025-08-24 05:00:00,0.0,0.0,0.0,2.3345234,5.9
2025-08-24 06:00:00,0.0,0.0,0.0,2.6443334,6.5
2025-08-24 07:00:00,0.0,0.0,0.0,2.5773048,6.6
2025-08-24 08:00:00,0.0,0.0,0.0,2.6580067,6.6
2025-08-24 09:00:00,0.0,0.0,0.0,2.6967573,6.6
2025-08-24 10:00:00,0.0,0.0,0.0,2.5124688,6.3
2025-08-24 11:00:00,0.0,0.0,0.0,2.5005,5.8
2025-08-24 12:00:00,0.0,0.0,0.0,2.5079873,5.0
2025-08-24 13:00:00,0.0,0.0,0.0,1.9319679,3.2
2025-08-24 14:00:00,0.0,0.0,0.0,1.7585506,3.0
2025-08-24 15:00:00,0.0,0.0,0.0,2.0124612,3.4
2025-08-24 16:00:00,0.0,0.0,0.0,1.9602295,3.4
2025-08-24 17:00:00,0.0,0.0,0.0,1.9474342,3.3
2025-08-24 18:00:00,0.0,0.0,0.0,2.1095023,3.3
2025-08-24 19:00:00,0.0,0.0,0.0,2.265502,3.8
2025-08-24 20:00:00,0.0,0.0,0.0,2.2192342,3.7
2025-08-24 21:00:00,0.0,0.0,0.0,2.1148283,3.5
2025-08-24 22:00:00,0.0,0.0,0.0,2.2588713,3.5
2025-08-24 23:00:00,0.0,0.0,0.0,2.1,3.3
2025-08-25 00:00:00,0.0,0.0,0.0,1.9059118,3.1
2025-08-25 01:00:00,0.0,0.0,0.0,1.972942,2.9
2025-08-25 02:00:00,0.0,0.0,0.0,2.2561028,3.9
2025-08-25 03:00:00,0.0,0.0,0.0,1.710263,4.0
2025-08-25 04:00:00,0.0,0.0,0.0,1.6446884,4.4
2025-08-25 05:00:00,0.0,0.0,0.0,1.7670598,4.8
2025-08-25 06:00:00,0.0,0.0,0.0,1.8560711,5.1
2025-08-25 07:00:00,0.0,0.0,0.0,1.9241881,5.5
2025-08-25 08:00:00,0.0,0.0,0.0,2.0554805,5.7
2025-08-25 09:00:00,0.0,0.0,0.0,2.1965883,5.8
2025-08-25 10:00:00,0.0,0.0,0.0,2.5985572,5.8
2025-08-25 11:00:00,0.0,0.0,0.0,2.8217902,5.9
2025-08-25 12:00:00,0.0,0.0,0.0,2.8517537,5.5
2025-08-25 13:00:00,0.0,0.0,0.0,2.0796633,4.1
2025-08-25 14:00:00,0.0,0.0,0.0,2.2561028,4.3
2025-08-25 15:00:00,0.0,0.0,0.0,2.7663152,5.3
2025-08-25 16:00:00,0.0,0.0,0.0,3.0037477,5.6
2025-08-25 17:00:00,0.0,0.0,0.0,3.1976554,5.7
2025-08-25 18:00:00,0.0,0.0,0.0,3.2144206,5.3
2025-08-25 19:00:00,0.0,0.0,0.0,3.1953092,5.4
2025-08-25 20:00:00,0.0,0.0,0.0,3.0663497,5.2
2025-08-25 21:00:00,0.0,0.0,0.0,3.0207617,5.1
2025-08-25 22:00:00,0.0,0.0,0.0,3.0528674,5.0
2025-08-25 23:00:00,0.0,0.0,0.0,2.900431,4.8
2025-08-26 00:00:00,0.0,0.0,0.0,2.3690715,4.1
2025-08-26 01:00:00,0.0,0.0,0.0,2.070024,3.8
2025-08-26 02:00:00,0.0,0.0,0.0,2.6004808,4.9
2025-08-26 03:00:00,0.0,0.0,0.0,2.4824383,5.7
2025-08-26 04:00:00,0.0,0.0,0.0,2.5739074,6.2
2025-08-26 05:00:00,0.0,0.0,0.0,2.6800187,6.6
2025-08-26 06:00:00,0.0,0.0,0.0,2.8535066,6.9
2025-08-26 07:00:00,0.0,0.0,0.0,2.8535066,6.9
2025-08-26 08:00:00,0.0,0.0,0.0,2.7554493,6.7
2025-08-26 09:00:00,0.0,0.0,0.0,2.540177,6.3
2025-08-26 10:00:00,0.0,0.0,0.0,2.5894015,5.6
2025-08-26 11:00:00,0.0,0.0,0.0,2.2276669,4.7
2025-08-26 12:00:00,0.0,0.0,0.0,1.7951323,3.8
2025-08-26 13:00:00,0.0,0.0,0.0,1.25,2.1
2025-08-26 14:00:00,0.0,0.0,0.0,2.5465662,3.3
2025-08-26 15:00:00,0.0,0.0,0.0,2.4207437,3.5
2025-08-26 16:00:00,0.0,0.0,0.0,2.1260293,3.6
2025-08-26 17:00:00,0.0,0.0,0.0,2.3711812,3.9
2025-08-26 18:00:00,0.0,0.0,0.0,2.7608876,4.3
2025-08-26 19:00:00,0.0,0.0,0.0,2.7973201,4.6
2025-08-26 20:00:00,0.0,0.0,0.0,2.6462238,4.4
2025-08-26 21:00:00,0.0,0.0,0.0,2.6100767,4.2
2025-08-26 22:00:00,0.0,0.0,0.0,2.482438,3.9
2025-08-26 23:00:00,0.0,0.0,0.0,2.304886,3.5
2025-08-27 00:00:00,0.0,0.0,0.0,2.236068,3.5
2025-08-27 01:00:00,0.0,0.0,0.0,2.3690715,3.6
2025-08-27 02:00:00,0.0,0.0,0.0,2.7504544,4.5
2025-08-27 03:00:00,0.0,0.0,0.0,2.45204,5.1
2025-08-27 04:00:00,0.0,0.0,0.0,2.6575365,5.8
2025-08-27 05:00:00,0.0,0.0,0.0,2.8071337,6.3
2025-08-27 06:00:00,0.0,0.0,0.0,2.9706903,6.7
2025-08-27 07:00:00,0.0,0.0,0.0,3.104835,7.2
2025-08-27 08:00:00,0.0,0.0,0.0,3.1622777,7.2
2025-08-27 09:00:00,0.0,0.0,0.0,3.0842342,7.0
2025-08-27 10:00:00,0.0,0.0,0.0,3.407712,6.4
2025-08-27 11:00:00,0.0,0.0,0.0,3.3120992,5.7
2025-08-27 12:00:00,0.0,0.0,0.0,2.180023,3.9
2025-08-27 13:00:00,0.0,0.0,0.0,1.8337121,1.8
2025-08-27 14:00:00,0.0,0.0,0.0,1.7356555,2.5
2025-08-27 15:00:00,0.0,0.0,0.0,2.1505814,3.0
2025-08-27 16:00:00,0.0,0.0,0.0,2.0,3.4
2025-08-27 17:00:00,0.0,0.0,0.0,2.2203603,3.5
2025-08-27 18:00:00,0.0,0.0,0.0,2.4129858,3.6
2025-08-27 19:00:00,0.0,0.0,0.0,2.8727167,4.7
2025-08-27 20:00:00,0.0,0.0,0.0,2.9261749,4.8
2025-08-27 21:00:00,0.0,0.0,0.0,2.83593,4.7
2025-08-27 22:00:00,0.0,0.0,0.0,3.2190838,4.9
2025-08-27 23:00:00,0.0,0.0,0.0,3.3533564,5.4
2025-08-28 00:00:00,0.0,0.0,0.0,3.550352,5.9
2025-08-28 01:00:00,0.0,0.0,0.0,3.6776352,6.2
2025-08-28 02:00:00,0.0,0.0,0.0,3.9427147,6.9
2025-08-28 03:00:00,0.0,0.0,0.0,3.9852855,7.3
2025-08-28 04:00:00,0.0,0.0,0.0,3.9906142,8.2
2025-08-28 05:00:00,0.0,0.0,0.0,3.8538942,8.9
2025-08-28 06:00:00,0.0,0.0,0.0,3.6124785,8.7
2025-08-28 07:00:00,0.0,0.0,0.0,3.5245569,8.0
2025-08-28 08:00:00,0.0,0.0,0.0,3.367863,7.7
2025-08-28 09:00:00,0.0,0.0,0.0,3.026549,7.2
2025-08-28 10:00:00,0.0,0.0,0.0,2.6518862,6.5
2025-08-28 11:00:00,0.0,0.0,0.0,2.5495098,5.7
2025-08-28 12:00:00,0.0,0.0,0.0,2.418677,4.7
2025-08-28 13:00:00,0.0,0.0,0.0,2.0402205,3.0
2025-08-28 14:00:00,0.0,0.0,0.0,2.5164459,3.6
2025-08-28 15:00:00,0.0,0.0,0.0,3.0991933,4.6
2025-08-28 16:00:00,0.0,0.0,0.0,3.4003677,8.0
2025-08-28 17:00:00,0.0,0.0,0.0,3.6117861,6.4
2025-08-28 18:00:00,0.0,0.0,0.0,2.0796633,5.4
2025-08-28 19:00:00,0.2,0.2,0.0,1.8117672,2.9
2025-08-28 20:00:00,0.0,0.0,0.0,1.6492423,2.7
2025-08-28 21:00:00,0.0,0.0,0.0,2.1029742,3.0
2025-08-28 22:00:00,0.0,0.0,0.0,1.7734147,2.6
2025-08-28 23:00:00,0.0,0.0,0.0,1.9525625,2.6
2025-08-29 00:00:00,0.0,0.0,0.0,2.9364095,3.2
2025-08-29 01:00:00,0.0,0.0,0.0,3.1535695,5.0
2025-08-29 02:00:00,0.0,0.0,0.0,3.6881566,6.7
2025-08-29 03:00:00,0.0,0.0,0.0,4.341659,8.4
2025-08-29 04:00:00,0.0,0.0,0.0,3.473111,8.4
2025-08-29 05:00:00,0.0,0.0,0.0,3.104835,8.2
2025-08-29 06:00:00,0.0,0.0,0.0,3.1196957,7.9
2025-08-29 07:00:00,0.0,0.0,0.0,3.1324909,7.8
2025-08-29 08:00:00,0.0,0.0,0.0,2.863564,7.4
2025-08-29 09:00:00,0.0,0.0,0.0,2.4596748,6.6
2025-08-29 10:00:00,0.0,0.0,0.0,2.5700195,6.0
2025-08-29 11:00:00,0.0,0.0,0.0,2.6315393,5.6
2025-08-29 12:00:00,0.0,0.0,0.0,2.6348624,5.0
2025-08-29 13:00:00,0.0,0.0,0.0,2.0426698,3.3
2025-08-29 14:00:00,0.0,0.0,0.0,1.806931,3.2
2025-08-29 15:00:00,0.0,0.0,0.0,1.9059118,3.3
2025-08-29 16:00:00,0.0,0.0,0.0,2.0506096,3.7
2025-08-29 17:00:00,0.0,0.0,0.0,2.071835,3.9
2025-08-29 18:00:00,0.0,0.0,0.0,1.882817,3.5
2025-08-29 19:00:00,0.0,0.0,0.0,1.882817,3.5
2025-08-29 20:00:00,0.0,0.0,0.0,2.2610838,3.3
2025-08-29 21:00:00,0.0,0.0,0.0,1.9525625,2.6
2025-08-29 22:00:00,0.0,0.0,0.0,1.811767,1.9
2025-08-29 23:00:00,0.0,0.0,0.0,1.1401755,1.3
2025-08-30 00:00:00,0.0,0.0,0.0,0.82006097,1.3
2025-08-30 01:00:00,0.0,0.0,0.0,1.2349089,1.3
2025-08-30 02:00:00,0.0,0.0,0.0,1.118034,3.3
2025-08-30 03:00:00,0.0,0.0,0.0,1.4637282,4.9
2025-08-30 04:00:00,0.0,0.0,0.0,2.777139,7.1
2025-08-30 05:00:00,0.1,0.1,0.0,3.8910153,9.4
2025-08-30 06:00:00,0.0,0.0,0.0,3.403307,9.8
2025-08-30 07:00:00,1.0,1.0,0.0,4.574112,10.0
2025-08-30 08:00:00,0.8,0.8,0.0,5.220153,11.9
2025-08-30 09:00:00,0.1,0.1,0.0,4.318565,10.1
2025-08-30 10:00:00,0.0,0.0,0.0,6.075566,10.4
2025-08-30 11:00:00,0.2,0.2,0.0,6.8965573,11.8
2025-08-30 12:00:00,0.1,0.1,0.0,6.521503,11.9
2025-08-30 13:00:00,0.0,0.0,0.0,6.1856685,11.5
2025-08-30 14:00:00,0.0,0.0,0.0,5.360038,10.1
2025-08-30 15:00:00,0.0,0.0,0.0,5.1616373,9.5
2025-08-30 16:00:00,0.0,0.0,0.0,4.942924,9.8
2025-08-30 17:00:00,0.0,0.0,0.0,4.9744344,9.6
2025-08-30 18:00:00,0.0,0.0,0.0,5.396758,9.3
2025-08-30 19:00:00,0.0,0.0,0.0,5.3108377,9.6
2025-08-30 20:00:00,0.0,0.0,0.0,5.3397098,9.7
2025-08-30 21:00:00,0.0,0.0,0.0,5.23259,9.7
2025-08-30 22:00:00,0.0,0.0,0.0,5.2709103,9.5
2025-08-30 23:00:00,0.0,0.0,0.0,4.92062,8.7
2025-08-31 00:00:00,0.0,0.0,0.0,4.90408,8.2
2025-08-31 01:00:00,0.0,0.0,0.0,4.4407206,7.5
2025-08-31 02:00:00,0.0,0.0,0.0,4.4204073,7.5
2025-08-31 03:00:00,0.0,0.0,0.0,5.7656307,9.6
2025-08-31 04:00:00,0.0,0.0,0.0,5.517246,10.7
2025-08-31 05:00:00,0.0,0.0,0.0,4.7423625,11.0
2025-08-31 06:00:00,0.0,0.0,0.0,4.657521,10.6
2025-08-31 07:00:00,0.0,0.0,0.0,4.746051,9.5
2025-08-31 08:00:00,0.0,0.0,0.0,5.034382,9.7
2025-08-31 09:00:00,0.1,0.1,0.0,4.9844756,10.2
2025-08-31 10:00:00,0.0,0.0,0.0,4.8373547,9.9
2025-08-31 11:00:00,0.0,0.0,0.0,4.5,8.9
2025-08-31 12:00:00,0.0,0.0,0.0,4.160829,7.7
2025-08-31 13:00:00,0.0,0.0,0.0,3.6417713,6.3
2025-08-31 14:00:00,0.0,0.0,0.0,2.960152,4.7
2025-08-31 15:00:00,0.1,0.1,0.0,2.2209232,3.3
2025-08-31 16:00:00,0.2,0.2,0.0,1.9006578,3.3
2025-08-31 17:00:00,0.2,0.2,0.0,1.7356555,3.3
2025-08-31 18:00:00,0.1,0.1,0.0,1.65,3.2
2025-08-31 19:00:00,0.0,0.0,0.0,1.4317821,2.5
2025-08-31 20:00:00,0.0,0.0,0.0,1.0816654,2.0
2025-08-31 21:00:00,0.0,0.0,0.0,1.059481,2.1
2025-08-31 22:00:00,0.0,0.0,0.0,1.8200275,2.6
2025-08-31 23:00:00,0.0,0.0,0.0,2.0,3.0
2025-09-01 00:00:00,0.0,0.0,0.0,2.298369,3.5
2025-09-01 01:00:00,0.0,0.0,0.0,2.4413111,4.0
2025-09-01 02:00:00,0.0,0.0,0.0,2.7973201,4.9
2025-09-01 03:00:00,0.0,0.0,0.0,3.203904,5.8
2025-09-01 04:00:00,0.0,0.0,0.0,3.4820971,6.7
2025-09-01 05:00:00,0.1,0.1,0.0,3.846102,7.8
2025-09-01 06:00:00,0.1,0.1,0.0,4.1773195,8.6
2025-09-01 07:00:00,0.1,0.1,0.0,4.3488507,9.0
2025-09-01 08:00:00,0.1,0.1,0.0,4.124621,9.3
2025-09-01 09:00:00,0.0,0.0,0.0,4.15271,10.0
2025-09-01 10:00:00,0.0,0.0,0.0,5.1587305,10.2
2025-09-01 11:00:00,0.1,0.1,0.0,5.2737556,10.0
2025-09-01 12:00:00,0.0,0.0,0.0,5.0746922,9.4
2025-09-01 13:00:00,0.0,0.0,0.0,4.00125,8.1
2025-09-01 14:00:00,0.0,0.0,0.0,3.35,7.2
2025-09-01 15:00:00,0.0,0.0,0.0,3.251538,6.5
2025-09-01 16:00:00,0.0,0.0,0.0,3.0066593,6.0
2025-09-01 17:00:00,0.0,0.0,0.0,2.5005,5.7
2025-09-01 18:00:00,0.0,0.0,0.0,2.3259406,4.8
2025-09-01 19:00:00,0.0,0.0,0.0,2.540177,4.1
2025-09-01 20:00:00,0.0,0.0,0.0,2.7018511,4.5
2025-09-01 21:00:00,0.0,0.0,0.0,2.8900692,4.9
2025-09-01 22:00:00,0.0,0.0,0.0,3.0700164,5.1
2025-09-01 23:00:00,0.0,0.0,0.0,3.2718496,5.2
2025-09-02 00:00:00,0.0,0.0,0.0,3.3305407,5.4
2025-09-02 01:00:00,0.0,0.0,0.0,3.522783,5.7
2025-09-02 02:00:00,0.0,0.0,0.0,3.8137908,6.4
2025-09-02 03:00:00,0.0,0.0,0.0,4.1824036,8.0
2025-09-02 04:00:00,0.0,0.0,0.0,4.411916,8.6
2025-09-02 05:00:00,0.1,0.1,0.0,5.557877,10.9
2025-09-02 06:00:00,0.2,0.2,0.0,5.3733134,10.7
2025-09-02 07:00:00,0.2,0.2,0.0,4.973178,10.5
2025-09-02 08:00:00,0.1,0.1,0.0,4.854122,10.2
2025-09-02 09:00:00,0.0,0.0,0.0,5.0089917,10.5
2025-09-02 10:00:00,0.0,0.0,0.0,5.3443894,10.6
2025-09-02 11:00:00,0.0,0.0,0.0,5.391892,10.8
2025-09-02 12:00:00,0.0,0.0,0.0,5.053959,9.2
2025-09-02 13:00:00,0.0,0.0,0.0,3.913119,7.5
2025-09-02 14:00:00,0.0,0.0,0.0,3.130495,5.6
2025-09-02 15:00:00,0.0,0.0,0.0,2.6767519,4.3
2025-09-02 16:00:00,0.0,0.0,0.0,2.5223997,3.9
2025-09-02 17:00:00,0.0,0.0,0.0,2.4135036,3.6
2025-09-02 18:00:00,0.0,0.0,0.0,2.2102036,3.3
2025-09-02 19:00:00,0.0,0.0,0.0,2.180023,3.6
2025-09-02 20:00:00,0.0,0.0,0.0,2.030394,3.4
2025-09-02 21:00:00,0.0,0.0,0.0,1.8027756,3.1
2025-09-02 22:00:00,0.0,0.0,0.0,1.7923448,3.2
2025-09-02 23:00:00,0.0,0.0,0.0,2.0124612,3.2
2025-09-03 00:00:00,0.0,0.0,0.0,2.1965883,2.5
2025-09-03 01:00:00,0.0,0.0,0.0,1.9137659,2.5
2025-09-03 02:00:00,0.0,0.0,0.0,1.431782,2.9
2025-09-03 03:00:00,0.0,0.0,0.0,0.9055385,3.1
2025-09-03 04:00:00,0.0,0.0,0.0,1.2747549,4.1
2025-09-03 05:00:00,0.0,0.0,0.0,2.0524375,5.5
2025-09-03 06:00:00,0.0,0.0,0.0,2.100595,6.2
2025-09-03 07:00:00,0.0,0.0,0.0,2.3584952,6.3
2025-09-03 08:00:00,0.0,0.0,0.0,2.8146937,7.0
2025-09-03 09:00:00,0.0,0.0,0.0,3.0923293,7.3
2025-09-03 10:00:00,0.0,0.0,0.0,3.0907118,7.1
2025-09-03 11:00:00,0.0,0.0,0.0,2.745906,6.1
2025-09-03 12:00:00,0.0,0.0,0.0,2.8022313,4.2
2025-09-03 13:00:00,0.0,0.0,0.0,1.7356555,2.6
2025-09-03 14:00:00,0.0,0.0,0.0,0.6800735,2.6
2025-09-03 15:00:00,0.0,0.0,0.0,1.1672617,2.4
2025-09-03 16:00:00,0.0,0.0,0.0,1.9319679,2.4
2025-09-03 17:00:00,0.3,0.3,0.0,2.0892582,2.5
2025-09-03 18:00:00,0.3,0.3,0.0,2.4382372,3.8
2025-09-03 19:00:00,0.0,0.0,0.0,3.2202482,5.8
2025-09-03 20:00:00,0.0,0.0,0.0,3.508917,6.5
2025-09-03 21:00:00,0.0,0.0,0.0,3.5341196,6.5
2025-09-03 22:00:00,0.0,0.0,0.0,3.771273,6.4
2025-09-03 23:00:00,0.0,0.0,0.0,3.8395963,7.2
2025-09-04 00:00:00,0.0,0.0,0.0,3.8422,7.9
2025-09-04 01:00:00,0.0,0.0,0.0,4.6970735,7.7
2025-09-04 02:00:00,0.7,0.7,0.0,4.7605147,7.2
2025-09-04 03:00:00,0.0,0.0,0.0,4.7460513,7.4
2025-09-04 04:00:00,0.0,0.0,0.0,4.993245,7.7
2025-09-04 05:00:00,0.0,0.0,0.0,5.1107726,9.0
2025-09-04 06:00:00,0.0,0.0,0.0,4.970161,9.9
2025-09-04 07:00:00,0.0,0.0,0.0,4.632764,9.7
2025-09-04 08:00:00,0.0,0.0,0.0,4.1231055,8.7
2025-09-04 09:00:00,0.0,0.0,0.0,3.873306,8.1
2025-09-04 10:00:00,0.0,0.0,0.0,4.1382365,7.7
2025-09-04 11:00:00,0.0,0.0,0.0,4.020572,6.9
2025-09-04 12:00:00,0.0,0.0,0.0,2.6800187,4.5
2025-09-04 13:00:00,0.0,0.0,0.0,1.7240939,2.4
2025-09-04 14:00:00,0.0,0.0,0.0,2.4738634,3.5
2025-09-04 15:00:00,0.0,0.0,0.0,2.7613401,3.5
2025-09-04 16:00:00,0.0,0.0,0.0,2.9347062,2.9
2025-09-04 17:00:00,0.0,0.0,0.0,2.4738634,2.1
2025-09-04 18:00:00,0.0,0.0,0.0,2.0248456,1.7
2025-09-04 19:00:00,0.0,0.0,0.0,1.0307764,1.7
2025-09-04 20:00:00,0.0,0.0,0.0,0.9708244,1.3
2025-09-04 21:00:00,0.0,0.0,0.0,1.3152945,1.6
2025-09-04 22:00:00,0.0,0.0,0.0,1.6688318,2.5
2025-09-04 23:00:00,0.0,0.0,0.0,1.8527007,3.0
2025-09-05 00:00:00,0.0,0.0,0.0,1.9659604,3.1
2025-09-05 01:00:00,0.0,0.0,0.0,1.7029387,3.1
2025-09-05 02:00:00,0.0,0.0,0.0,2.209072,4.3
2025-09-05 03:00:00,0.0,0.0,0.0,1.7066048,4.7
2025-09-05 04:00:00,0.0,0.0,0.0,1.7117243,5.1
2025-09-05 05:00:00,0.0,0.0,0.0,2.1148283,6.0
2025-09-05 06:00:00,0.0,0.0,0.0,2.8217902,7.0
2025-09-05 07:00:00,0.0,0.0,0.0,3.3305404,7.7
2025-09-05 08:00:00,0.0,0.0,0.0,3.6718524,8.2
2025-09-05 09:00:00,0.0,0.0,0.0,3.961376,8.6
2025-09-05 10:00:00,0.0,0.0,0.0,4.6010866,8.9
2025-09-05 11:00:00,0.0,0.0,0.0,4.902295,9.1
2025-09-05 12:00:00,0.0,0.0,0.0,4.539824,8.3
2025-09-05 13:00:00,0.0,0.0,0.0,4.5893903,8.2
2025-09-05 14:00:00,0.0,0.0,0.0,4.632764,8.2
2025-09-05 15:00:00,0.0,0.0,0.0,4.8592696,8.6
2025-09-05 16:00:00,0.0,0.0,0.0,4.900255,8.6
2025-09-05 17:00:00,0.0,0.0,0.0,4.7594643,8.2
2025-09-05 18:00:00,0.0,0.0,0.0,4.509989,7.6
2025-09-05 19:00:00,0.0,0.0,0.0,4.2547035,7.6
2025-09-05 20:00:00,0.0,0.0,0.0,4.100305,7.2
2025-09-05 21:00:00,0.0,0.0,0.0,4.0549355,7.1
2025-09-05 22:00:00,0.0,0.0,0.0,4.402556,7.1
2025-09-05 23:00:00,0.0,0.0,0.0,4.3011627,7.3
2025-09-06 00:00:00,0.0,0.0,0.0,4.4229517,7.7
2025-09-06 01:00:00,0.0,0.0,0.0,4.682414,8.1
2025-09-06 02:00:00,0.0,0.0,0.0,4.9804616,8.8
2025-09-06 03:00:00,0.0,0.0,0.0,5.09166,9.7
2025-09-06 04:00:00,0.0,0.0,0.0,5.626944,11.0
2025-09-06 05:00:00,0.0,0.0,0.0,6.3570824,12.5
2025-09-06 06:00:00,0.0,0.0,0.0,7.0028567,14.0
2025-09-06 07:00:00,0.0,0.0,0.0,6.9588075,13.9
2025-09-06 08:00:00,0.0,0.0,0.0,6.8545604,13.7
2025-09-06 09:00:00,0.0,0.0,0.0,6.7016783,13.5
2025-09-06 10:00:00,0.0,0.0,0.0,6.850182,13.5
2025-09-06 11:00:00,0.0,0.0,0.0,6.7516665,13.0
2025-09-06 12:00:00,0.0,0.0,0.0,6.383181,11.9
2025-09-06 13:00:00,0.0,0.0,0.0,6.003749,10.4
2025-09-06 14:00:00,0.0,0.0,0.0,6.20967,10.5
2025-09-06 15:00:00,0.0,0.0,0.0,6.659767,11.2
2025-09-06 16:00:00,0.0,0.0,0.0,6.839042,11.6
2025-09-06 17:00:00,0.0,0.0,0.0,6.8660398,11.7
2025-09-06 18:00:00,0.0,0.0,0.0,6.611543,11.6
2025-09-06 19:00:00,0.0,0.0,0.0,6.406637,11.8
2025-09-06 20:00:00,0.0,0.0,0.0,6.300992,11.4
2025-09-06 21:00:00,0.0,0.0,0.0,6.3444858,11.6
2025-09-06 22:00:00,0.0,0.0,0.0,6.6258965,11.8
2025-09-06 23:00:00,0.0,0.0,0.0,6.806247,12.1
2025-09-07 00:00:00,0.1,0.1,0.0,6.888396,12.1
2025-09-07 01:00:00,0.1,0.1,0.0,6.7366533,12.0
2025-09-07 02:00:00,0.6,0.6,0.0,6.9817615,12.2
2025-09-07 03:00:00,0.7,0.7,0.0,6.6219335,12.4
2025-09-07 04:00:00,0.5,0.5,0.0,6.7861996,12.6
2025-09-07 05:00:00,0.7,0.7,0.0,6.9570107,13.9
2025-09-07 06:00:00,0.5,0.5,0.0,7.070007,14.1
2025-09-07 07:00:00,0.0,0.0,0.0,7.1975694,14.7
2025-09-07 08:00:00,0.0,0.0,0.0,7.1599584,14.7
2025-09-07 09:00:00,0.0,0.0,0.0,7.052836,13.9
2025-09-07 10:00:00,0.0,0.0,0.0,7.030825,13.3
2025-09-07 11:00:00,0.0,0.0,0.0,6.9588075,13.2
2025-09-07 12:00:00,0.0,0.0,0.0,6.8660393,12.2
2025-09-07 13:00:00,0.0,0.0,0.0,6.5802736,11.1
2025-09-07 14:00:00,0.0,0.0,0.0,6.754628,11.8
2025-09-07 15:00:00,0.1,0.1,0.0,6.709136,11.9
2025-09-07 16:00:00,0.5,0.5,0.0,6.5364366,11.8
2025-09-07 17:00:00,0.9,0.9,0.0,6.3186235,11.6
2025-09-07 18:00:00,1.1,1.1,0.0,5.9171357,11.0
2025-09-07 19:00:00,0.4,0.4,0.0,5.5154333,10.2
2025-09-07 20:00:00,0.4,0.4,0.0,5.4104066,9.9
2025-09-07 21:00:00,0.4,0.4,0.0,5.3415823,9.8
2025-09-07 22:00:00,0.3,0.3,0.0,5.3744764,9.6
2025-09-07 23:00:00,0.5,0.5,0.0,5.1973553,9.5
2025-09-08 00:00:00,0.5,0.5,0.0,5.2069664,9.6
2025-09-08 01:00:00,0.5,0.5,0.0,5.07001,9.8
2025-09-08 02:00:00,0.5,0.5,0.0,5.18001,10.0
2025-09-08 03:00:00,0.5,0.5,0.0,5.190616,10.1
2025-09-08 04:00:00,0.5,0.5,0.0,5.325411,10.4
2025-09-08 05:00:00,0.5,0.5,0.0,5.1288395,10.7
2025-09-08 06:00:00,0.3,0.3,0.0,5.5915112,10.9
2025-09-08 07:00:00,0.1,0.1,0.0,5.742821,11.8
2025-09-08 08:00:00,0.1,0.1,0.0,5.7638965,11.1
2025-09-08 09:00:00,0.0,0.0,0.0,5.192784,10.5
2025-09-08 10:00:00,0.0,0.0,0.0,4.846906,10.0
2025-09-08 11:00:00,0.0,0.0,0.0,4.384632,8.8
2025-09-08 12:00:00,0.0,0.0,0.0,3.645888,7.0
2025-09-08 13:00:00,0.0,0.0,0.0,2.0,4.7
2025-09-08 14:00:00,0.0,0.0,0.0,1.6507574,3.1
2025-09-08 15:00:00,0.0,0.0,0.0,1.5945219,3.1
2025-09-08 16:00:00,0.0,0.0,0.0,1.7356554,3.0
2025-09-08 17:00:00,0.0,0.0,0.0,1.914419,2.9
2025-09-08 18:00:00,0.0,0.0,0.0,1.839837,2.8
2025-09-08 19:00:00,0.0,0.0,0.0,1.8741665,3.3
2025-09-08 20:00:00,0.0,0.0,0.0,1.9525625,3.5
2025-09-08 21:00:00,0.0,0.0,0.0,1.8601075,3.2
2025-09-08 22:00:00,0.0,0.0,0.0,1.6224982,2.9
2025-09-08 23:00:00,0.0,0.0,0.0,1.5435349,2.9
2025-09-09 00:00:00,0.0,0.0,0.0,1.5206907,3.1
2025-09-09 01:00:00,0.0,0.0,0.0,1.6007811,2.8
2025-09-09 02:00:00,0.0,0.0,0.0,2.0554805,3.5
2025-09-09 03:00:00,0.0,0.0,0.0,1.9241881,4.3
2025-09-09 04:00:00,0.0,0.0,0.0,2.2825425,5.2
2025-09-09 05:00:00,0.0,0.0,0.0,2.884874,6.4
2025-09-09 06:00:00,0.1,0.1,0.0,3.4539833,8.5
2025-09-09 07:00:00,0.1,0.1,0.0,4.031129,9.4
2025-09-09 08:00:00,0.0,0.0,0.0,4.2714167,9.4
2025-09-09 09:00:00,0.0,0.0,0.0,4.25,9.7
2025-09-09 10:00:00,0.0,0.0,0.0,4.0028114,9.3
2025-09-09 11:00:00,0.0,0.0,0.0,3.6335244,7.5
2025-09-09 12:00:00,0.0,0.0,0.0,3.592005,7.4
2025-09-09 13:00:00,0.0,0.0,0.0,2.4869661,6.0
2025-09-09 14:00:00,0.5,0.5,0.0,2.2770596,5.7
2025-09-09 15:00:00,0.2,0.2,0.0,2.9017239,5.4
2025-09-09 16:00:00,0.0,0.0,0.0,3.3185086,6.5
2025-09-09 17:00:00,0.1,0.1,0.0,3.368234,6.2
2025-09-09 18:00:00,0.0,0.0,0.0,3.1752954,6.4
2025-09-09 19:00:00,0.0,0.0,0.0,3.05,5.3
2025-09-09 20:00:00,0.0,0.0,0.0,2.9954133,5.2
2025-09-09 21:00:00,0.1,0.1,0.0,2.818244,5.3
2025-09-09 22:00:00,0.5,0.5,0.0,2.4010415,4.2
2025-09-09 23:00:00,1.0,1.0,0.0,2.2209232,6.8
2025-09-10 00:00:00,0.4,0.4,0.0,2.2610838,4.4
2025-09-10 01:00:00,0.1,0.1,0.0,2.6172504,4.8
2025-09-10 02:00:00,0.1,0.1,0.0,3.3365402,5.4
2025-09-10 03:00:00,0.0,0.0,0.0,2.7856774,6.3
2025-09-10 04:00:00,0.2,0.2,0.0,2.376973,6.2
2025-09-10 05:00:00,0.1,0.1,0.0,2.3563743,6.1
2025-09-10 06:00:00,0.1,0.1,0.0,2.3194828,6.1
2025-09-10 07:00:00,0.1,0.1,0.0,2.408319,6.6
2025-09-10 08:00:00,0.1,0.1,0.0,2.392697,6.7
2025-09-10 09:00:00,0.1,0.1,0.0,2.3286262,6.6
2025-09-10 10:00:00,0.1,0.1,0.0,2.7018514,6.5
2025-09-10 11:00:00,0.2,0.2,0.0,3.0149627,6.8
2025-09-10 12:00:00,0.2,0.2,0.0,3.1535695,6.0
2025-09-10 13:00:00,0.0,0.0,0.0,3.001666,5.5
2025-09-10 14:00:00,0.3,0.3,0.0,2.302173,4.4
2025-09-10 15:00:00,0.0,0.0,0.0,2.0155644,2.9
2025-09-10 16:00:00,0.0,0.0,0.0,2.1633308,3.4
2025-09-10 17:00:00,0.0,0.0,0.0,2.1029742,3.6
2025-09-10 18:00:00,0.0,0.0,0.0,2.3942637,4.2
2025-09-10 19:00:00,0.0,0.0,0.0,2.4438698,4.2
2025-09-10 20:00:00,0.0,0.0,0.0,2.5387006,4.4
2025-09-10 21:00:00,0.0,0.0,0.0,2.4824383,4.4
2025-09-10 22:00:00,0.0,0.0,0.0,2.818244,4.4
2025-09-10 23:00:00,0.0,0.0,0.0,3.0675724,4.5
2025-09-11 00:00:00,0.0,0.0,0.0,3.1953092,4.8
2025-09-11 01:00:00,0.0,0.0,0.0,3.4474628,5.4
2025-09-11 02:00:00,0.3,0.3,0.0,3.6619666,7.1
2025-09-11 03:00:00,0.4,0.4,0.0,4.750789,8.9
2025-09-11 04:00:00,0.6,0.6,0.0,6.149187,10.2
2025-09-11 05:00:00,0.2,0.2,0.0,6.0878983,10.2
2025-09-11 06:00:00,0.1,0.1,0.0,5.992704,9.8
2025-09-11 07:00:00,0.2,0.2,0.0,4.924429,10.3
2025-09-11 08:00:00,0.1,0.1,0.0,4.535416,9.7
2025-09-11 09:00:00,0.1,0.1,0.0,4.403692,10.0
2025-09-11 10:00:00,0.0,0.0,0.0,5.3521023,9.6
2025-09-11 11:00:00,0.1,0.1,0.0,4.902295,9.8
2025-09-11 12:00:00,0.0,0.0,0.0,4.4102154,8.5
2025-09-11 13:00:00,0.0,0.0,0.0,3.5174565,6.1
2025-09-11 14:00:00,0.0,0.0,0.0,3.0700164,5.6
2025-09-11 15:00:00,0.0,0.0,0.0,2.9068885,5.2
2025-09-11 16:00:00,0.0,0.0,0.0,2.8517537,5.0
2025-09-11 17:00:00,0.0,0.0,0.0,2.6172504,4.9
2025-09-11 18:00:00,0.0,0.0,0.0,2.3690715,4.4
2025-09-11 19:00:00,0.0,0.0,0.0,2.2549944,3.7
2025-09-11 20:00:00,0.0,0.0,0.0,2.2005682,3.9
2025-09-11 21:00:00,0.0,0.0,0.0,2.2005682,3.5
2025-09-11 22:00:00,0.0,0.0,0.0,2.4186773,3.6
2025-09-11 23:00:00,0.0,0.0,0.0,2.4748738,3.8
2025-09-12 00:00:00,0.0,0.0,0.0,2.4682992,4.2
2025-09-12 01:00:00,0.0,0.0,0.0,2.6683328,3.8
2025-09-12 02:00:00,0.0,0.0,0.0,2.8257742,4.4
2025-09-12 03:00:00,0.0,0.0,0.0,3.5933964,6.0
2025-09-12 04:00:00,0.0,0.0,0.0,3.7353044,6.4
2025-09-12 05:00:00,0.1,0.1,0.0,3.508917,6.6
2025-09-12 06:00:00,0.1,0.1,0.0,3.4003677,7.3
2025-09-12 07:00:00,0.2,0.2,0.0,3.0955615,7.3
2025-09-12 08:00:00,0.2,0.2,0.0,3.22374,7.3
2025-09-12 09:00:00,0.3,0.3,0.0,3.5846896,7.6
2025-09-12 10:00:00,0.3,0.3,0.0,4.4319863,8.0
2025-09-12 11:00:00,0.4,0.4,0.0,4.2953463,7.6
2025-09-12 12:00:00,0.3,0.3,0.0,3.7884693,6.5
2025-09-12 13:00:00,0.4,0.4,0.0,3.696282,5.9
2025-09-12 14:00:00,0.5,0.5,0.0,3.83471,5.9
2025-09-12 15:00:00,0.5,0.5,0.0,3.8483763,6.0
2025-09-12 16:00:00,0.4,0.4,0.0,4.0706263,6.3
2025-09-12 17:00:00,0.5,0.5,0.0,4.3142204,6.8
2025-09-12 18:00:00,0.6,0.6,0.0,4.540099,7.5
2025-09-12 19:00:00,0.6,0.6,0.0,4.2405777,7.7
2025-09-12 20:00:00,0.2,0.2,0.0,3.8710465,7.1
2025-09-12 21:00:00,0.0,0.0,0.0,3.7473326,6.9
2025-09-12 22:00:00,0.0,0.0,0.0,3.9824615,6.4
2025-09-12 23:00:00,0.0,0.0,0.0,3.6307712,5.9
2025-09-13 00:00:00,0.0,0.0,0.0,3.58922,5.8
2025-09-13 01:00:00,0.0,0.0,0.0,3.5302267,6.0
2025-09-13 02:00:00,0.0,0.0,0.0,3.6390247,6.4
2025-09-13 03:00:00,0.0,0.0,0.0,3.6390247,7.3
2025-09-13 04:00:00,0.0,0.0,0.0,3.856488,8.8
2025-09-13 05:00:00,0.0,0.0,0.0,4.846648,10.1
2025-09-13 06:00:00,0.0,0.0,0.0,4.746841,10.1
2025-09-13 07:00:00,0.0,0.0,0.0,4.411916,9.5
2025-09-13 08:00:00,0.0,0.0,0.0,4.0853395,8.9
2025-09-13 09:00:00,0.0,0.0,0.0,4.016217,8.7
2025-09-13 10:00:00,0.0,0.0,0.0,4.6173587,8.6
2025-09-13 11:00:00,0.0,0.0,0.0,4.7278433,8.4
2025-09-13 12:00:00,0.0,0.0,0.0,4.5221677,8.1
2025-09-13 13:00:00,0.0,0.0,0.0,3.383785,6.8
2025-09-13 14:00:00,0.0,0.0,0.0,2.6725454,5.6
2025-09-13 15:00:00,0.0,0.0,0.0,2.184033,5.0
2025-09-13 16:00:00,0.0,0.0,0.0,1.9416487,4.1
2025-09-13 17:00:00,0.0,0.0,0.0,1.7117243,3.1
2025-09-13 18:00:00,0.0,0.0,0.0,1.5008332,2.6
2025-09-13 19:00:00,0.0,0.0,0.0,1.5033296,2.6
2025-09-13 20:00:00,0.0,0.0,0.0,1.5074813,2.7
2025-09-13 21:00:00,0.0,0.0,0.0,1.6507574,2.9
2025-09-13 22:00:00,0.0,0.0,0.0,2.3135471,3.2
2025-09-13 23:00:00,0.0,0.0,0.0,2.304886,3.3
2025-09-14 00:00:00,0.0,0.0,0.0,2.2461078,3.2
2025-09-14 01:00:00,0.0,0.0,0.0,1.8668154,2.8
2025-09-14 02:00:00,0.0,0.0,0.0,2.1272047,3.2
2025-09-14 03:00:00,0.0,0.0,0.0,1.8445866,3.7
2025-09-14 04:00:00,0.0,0.0,0.0,1.8741665,4.3
2025-09-14 05:00:00,0.0,0.0,0.0,1.7804494,5.0
2025-09-14 06:00:00,0.0,0.0,0.0,2.641969,6.8
2025-09-14 07:00:00,0.0,0.0,0.0,2.7613401,6.5
2025-09-14 08:00:00,0.0,0.0,0.0,2.581182,6.2
2025-09-14 09:00:00,0.0,0.0,0.0,3.0700164,6.7
2025-09-14 10:00:00,0.0,0.0,0.0,3.6034706,7.1
2025-09-14 11:00:00,0.0,0.0,0.0,3.7343004,7.3
2025-09-14 12:00:00,0.0,0.0,0.0,3.3615472,7.0
2025-09-14 13:00:00,0.0,0.0,0.0,2.7856774,5.4
2025-09-14 14:00:00,0.0,0.0,0.0,2.4698179,4.3
2025-09-14 15:00:00,0.0,0.0,0.0,2.529822,4.0
2025-09-14 16:00:00,0.0,0.0,0.0,2.4864633,4.0
2025-09-14 17:00:00,0.0,0.0,0.0,2.4515302,4.2
2025-09-14 18:00:00,0.0,0.0,0.0,2.5495098,4.3
2025-09-14 19:00:00,0.0,0.0,0.0,2.5985572,4.3
2025-09-14 20:00:00,0.0,0.0,0.0,2.7064738,4.8
2025-09-14 21:00:00,0.0,0.0,0.0,2.8044608,4.9
2025-09-14 22:00:00,0.0,0.0,0.0,2.8744564,5.0
2025-09-14 23:00:00,0.0,0.0,0.0,2.912473,5.2
2025-09-15 00:00:00,0.0,0.0,0.0,2.8535066,5.1
2025-09-15 01:00:00,0.0,0.0,0.0,2.7721832,5.3
2025-09-15 02:00:00,0.0,0.0,0.0,3.0335624,5.8
2025-09-15 03:00:00,0.0,0.0,0.0,3.0335624,6.3
2025-09-15 04:00:00,0.0,0.0,0.0,3.4179673,7.4
2025-09-15 05:00:00,0.0,0.0,0.0,3.6031234,9.9
2025-09-15 06:00:00,0.0,0.0,0.0,4.264387,10.2
2025-09-15 07:00:00,0.0,0.0,0.0,4.893363,10.3
2025-09-15 08:00:00,0.0,0.0,0.0,5.00025,10.4
2025-09-15 09:00:00,0.0,0.0,0.0,4.9704123,10.3
2025-09-15 10:00:00,0.0,0.0,0.0,5.639371,10.3
2025-09-15 11:00:00,0.0,0.0,0.0,5.8450837,11.0
2025-09-15 12:00:00,0.0,0.0,0.0,5.542788,10.4
2025-09-15 13:00:00,0.0,0.0,0.0,5.4465585,10.0
2025-09-15 14:00:00,0.0,0.0,0.0,5.3723826,9.9
2025-09-15 15:00:00,0.0,0.0,0.0,5.170348,9.5
2025-09-15 16:00:00,0.0,0.0,0.0,4.8869724,8.9
2025-09-15 17:00:00,0.0,0.0,0.0,4.9497476,8.8
2025-09-15 18:00:00,0.0,0.0,0.0,4.973178,8.4
2025-09-15 19:00:00,0.0,0.0,0.0,4.9030604,8.8
2025-09-15 20:00:00,0.0,0.0,0.0,4.899235,8.9
2025-09-15 21:00:00,0.0,0.0,0.0,5.0621142,9.2
2025-09-15 22:00:00,0.0,0.0,0.0,5.7280016,9.7
2025-09-15 23:00:00,0.0,0.0,0.0,5.6180515,10.1
2025-09-16 00:00:00,0.0,0.0,0.0,5.4600825,9.8
2025-09-16 01:00:00,0.0,0.0,0.0,5.6136,9.9
2025-09-16 02:00:00,0.0,0.0,0.0,5.9634304,10.5
2025-09-16 03:00:00,0.0,0.0,0.0,5.896185,10.6
2025-09-16 04:00:00,0.0,0.0,0.0,6.3735785,11.9
2025-09-16 05:00:00,0.0,0.0,0.0,6.710067,12.5
2025-09-16 06:00:00,0.0,0.0,0.0,7.2763314,13.0
2025-09-16 07:00:00,0.0,0.0,0.0,7.0213957,14.1
2025-09-16 08:00:00,0.0,0.0,0.0,6.6490602,13.2
2025-09-16 09:00:00,0.0,0.0,0.0,6.2169123,12.4
2025-09-16 10:00:00,0.0,0.0,0.0,6.0168514,11.4
2025-09-16 11:00:00,0.1,0.1,0.0,5.468546,9.9
2025-09-16 12:00:00,0.0,0.0,0.0,4.069705,7.7
2025-09-16 13:00:00,0.2,0.2,0.0,3.5415392,6.1
2025-09-16 14:00:00,0.0,0.0,0.0,3.5756116,5.8
2025-09-16 15:00:00,0.1,0.1,0.0,3.9357338,6.7
2025-09-16 16:00:00,0.1,0.1,0.0,4.193149,7.2
2025-09-16 17:00:00,0.0,0.0,0.0,4.287773,7.6
2025-09-16 18:00:00,0.0,0.0,0.0,4.176422,7.7
2025-09-16 19:00:00,0.0,0.0,0.0,4.2991276,7.6
2025-09-16 20:00:00,0.0,0.0,0.0,4.160829,7.4
2025-09-16 21:00:00,0.0,0.0,0.0,4.1743264,7.2
2025-09-16 22:00:00,0.0,0.0,0.0,4.022748,7.1
2025-09-16 23:00:00,0.0,0.0,0.0,3.8551915,6.9
2025-09-17 00:00:00,0.0,0.0,0.0,3.8137908,7.0
2025-09-17 01:00:00,0.0,0.0,0.0,3.7606516,6.9
2025-09-17 02:00:00,0.0,0.0,0.0,3.7443287,6.8
2025-09-17 03:00:00,0.0,0.0,0.0,3.6749148,7.0
2025-09-17 04:00:00,0.0,0.0,0.0,3.938591,7.6
2025-09-17 05:00:00,0.1,0.1,0.0,3.940812,7.9
2025-09-17 06:00:00,0.3,0.3,0.0,4.022748,8.4
2025-09-17 07:00:00,0.6,0.6,0.0,4.1146083,8.8
2025-09-17 08:00:00,0.0,0.0,0.0,4.0672474,8.3
2025-09-17 09:00:00,0.0,0.0,0.0,3.6687872,8.2
2025-09-17 10:00:00,0.0,0.0,0.0,3.965476,8.2
2025-09-17 11:00:00,0.1,0.1,0.0,3.6307712,7.6
2025-09-17 12:00:00,0.0,0.0,0.0,2.7658632,6.2
2025-09-17 13:00:00,0.0,0.0,0.0,2.710166,5.2
2025-09-17 14:00:00,0.0,0.0,0.0,2.0229928,4.5
2025-09-17 15:00:00,0.0,0.0,0.0,2.2276669,5.5
2025-09-17 16:00:00,0.0,0.0,0.0,2.4397748,5.7
2025-09-17 17:00:00,0.0,0.0,0.0,2.5811818,5.5
2025-09-17 18:00:00,0.0,0.0,0.0,2.5869868,5.7
2025-09-17 19:00:00,0.0,0.0,0.0,2.6911893,4.5
2025-09-17 20:00:00,0.0,0.0,0.0,2.8469284,4.9
2025-09-17 21:00:00,0.0,0.0,0.0,3.0634947,5.3
2025-09-17 22:00:00,0.0,0.0,0.0,3.355965,5.6
2025-09-17 23:00:00,0.0,0.0,0.0,3.443835,5.9
2025-09-18 00:00:00,0.0,0.0,0.0,3.577709,6.0
2025-09-18 01:00:00,0.0,0.0,0.0,3.5794554,6.1
2025-09-18 02:00:00,0.0,0.0,0.0,3.7353044,6.4
2025-09-18 03:00:00,0.0,0.0,0.0,3.846102,7.1
2025-09-18 04:00:00,0.0,0.0,0.0,4.1620307,8.3
2025-09-18 05:00:00,0.0,0.0,0.0,4.4161634,9.3
2025-09-18 06:00:00,0.0,0.0,0.0,4.6456966,10.1
2025-09-18 07:00:00,0.0,0.0,0.0,4.788789,10.1
2025-09-18 08:00:00,0.0,0.0,0.0,4.7034564,9.8
2025-09-18 09:00:00,0.0,0.0,0.0,4.7034564,9.7
2025-09-18 10:00:00,0.0,0.0,0.0,4.634922,8.9
2025-09-18 11:00:00,0.0,0.0,0.0,4.3603325,8.3
2025-09-18 12:00:00,0.0,0.0,0.0,3.1910028,6.3
2025-09-18 13:00:00,0.0,0.0,0.0,2.3584952,4.8
2025-09-18 14:00:00,0.0,0.0,0.0,2.6315393,4.7
2025-09-18 15:00:00,0.0,0.0,0.0,2.6925821,4.9
2025-09-18 16:00:00,0.0,0.0,0.0,2.7170758,5.0
2025-09-18 17:00:00,0.0,0.0,0.0,2.6196373,4.8
2025-09-18 18:00:00,0.0,0.0,0.0,2.5811818,4.5
2025-09-18 19:00:00,0.0,0.0,0.0,2.5079873,4.1
2025-09-18 20:00:00,0.0,0.0,0.0,2.5019991,4.2
2025-09-18 21:00:00,0.0,0.0,0.0,2.55,4.2
2025-09-18 22:00:00,0.0,0.0,0.0,2.7018514,4.2
2025-09-18 23:00:00,0.0,0.0,0.0,2.6004806,4.2
2025-09-19 00:00:00,0.0,0.0,0.0,2.6076808,4.2
2025-09-19 01:00:00,0.0,0.0,0.0,2.5811818,4.1
2025-09-19 02:00:00,0.0,0.0,0.0,2.912473,4.7
2025-09-19 03:00:00,0.0,0.0,0.0,2.902585,5.6
2025-09-19 04:00:00,0.0,0.0,0.0,3.0700164,6.3
2025-09-19 05:00:00,0.0,0.0,0.0,3.209751,6.9
2025-09-19 06:00:00,0.0,0.0,0.0,3.4033072,8.0
2025-09-19 07:00:00,0.0,0.0,0.0,3.7366428,8.3
2025-09-19 08:00:00,0.0,0.0,0.0,3.8810437,8.2
2025-09-19 09:00:00,0.0,0.0,0.0,3.873306,8.5
2025-09-19 10:00:00,0.0,0.0,0.0,3.8078866,7.7
2025-09-19 11:00:00,0.0,0.0,0.0,3.5305808,5.8
2025-09-19 12:00:00,0.0,0.0,0.0,2.2549944,5.3
2025-09-19 13:00:00,0.0,0.0,0.0,2.0796633,4.1
2025-09-19 14:00:00,0.0,0.0,0.0,2.4622145,4.0
2025-09-19 15:00:00,0.0,0.0,0.0,2.7285528,4.3
2025-09-19 16:00:00,0.0,0.0,0.0,2.902585,4.4
2025-09-19 17:00:00,0.0,0.0,0.0,2.865746,4.3
2025-09-19 18:00:00,0.0,0.0,0.0,2.7,4.1
2025-09-19 19:00:00,0.0,0.0,0.0,2.5019991,4.2
2025-09-19 20:00:00,0.0,0.0,0.0,2.4005208,4.0
2025-09-19 21:00:00,0.0,0.0,0.0,2.3505318,3.9
2025-09-19 22:00:00,0.0,0.0,0.0,2.6504717,3.9
2025-09-19 23:00:00,0.0,0.0,0.0,2.5019991,3.8
2025-09-20 00:00:00,0.0,0.0,0.0,2.4046829,3.8
2025-09-20 01:00:00,0.0,0.0,0.0,2.302173,3.6
2025-09-20 02:00:00,0.0,0.0,0.0,2.4505103,3.9
2025-09-20 03:00:00,0.0,0.0,0.0,2.4505103,4.7
2025-09-20 04:00:00,0.0,0.0,0.0,2.214159,5.1
2025-09-20 05:00:00,0.0,0.0,0.0,2.1592824,5.4
2025-09-20 06:00:00,0.0,0.0,0.0,2.074247,5.6
2025-09-20 07:00:00,0.0,0.0,0.0,1.8439089,5.1
2025-09-20 08:00:00,0.0,0.0,0.0,1.75,5.2
2025-09-20 09:00:00,0.0,0.0,0.0,1.7867569,4.9
2025-09-20 10:00:00,0.0,0.0,0.0,1.990603,4.7
2025-09-20 11:00:00,0.0,0.0,0.0,1.9811614,4.2
2025-09-20 12:00:00,0.0,0.0,0.0,1.5297059,2.9
2025-09-20 13:00:00,0.0,0.0,0.0,1.8607794,2.7
2025-09-20 14:00:00,0.0,0.0,0.0,1.9602296,2.8
2025-09-20 15:00:00,0.0,0.0,0.0,1.8553975,3.0
2025-09-20 16:00:00,0.0,0.0,0.0,1.9912307,3.2
2025-09-20 17:00:00,0.0,0.0,0.0,1.7691805,3.0
2025-09-20 18:00:00,0.0,0.0,0.0,1.7356554,2.8
2025-09-20 19:00:00,0.0,0.0,0.0,1.724094,2.8
2025-09-20 20:00:00,0.0,0.0,0.0,1.7867569,3.0
2025-09-20 21:00:00,0.0,0.0,0.0,1.718284,2.9
2025-09-20 22:00:00,0.0,0.0,0.0,1.5572411,2.9
2025-09-20 23:00:00,0.0,0.0,0.0,1.7613915,2.9
2025-09-21 00:00:00,0.0,0.0,0.0,1.8668154,3.1
2025-09-21 01:00:00,0.0,0.0,0.0,1.8027756,3.2
2025-09-21 02:00:00,0.0,0.0,0.0,1.839837,3.4
2025-09-21 03:00:00,0.0,0.0,0.0,1.9455076,4.1
2025-09-21 04:00:00,0.0,0.0,0.0,1.746425,4.2
2025-09-21 05:00:00,0.0,0.0,0.0,1.8607794,4.7
2025-09-21 06:00:00,0.0,0.0,0.0,1.9602296,5.4
2025-09-21 07:00:00,0.0,0.0,0.0,1.978004,5.4
2025-09-21 08:00:00,0.0,0.0,0.0,2.6000001,6.2
2025-09-21 09:00:00,0.0,0.0,0.0,3.169385,7.0
2025-09-21 10:00:00,0.0,0.0,0.0,2.8004463,5.7
2025-09-21 11:00:00,0.0,0.0,0.0,2.1644862,3.7
2025-09-21 12:00:00,0.0,0.0,0.0,0.934077,1.5
2025-09-21 13:00:00,0.0,0.0,0.0,1.5116217,2.0
2025-09-21 14:00:00,0.0,0.0,0.0,1.755705,2.5
2025-09-21 15:00:00,0.0,0.0,0.0,1.6446884,2.9
2025-09-21 16:00:00,0.0,0.0,0.0,1.8124568,3.1
2025-09-21 17:00:00,0.0,0.0,0.0,1.9723083,3.4
2025-09-21 18:00:00,0.0,0.0,0.0,2.0940392,3.5
2025-09-21 19:00:00,0.0,0.0,0.0,2.0615528,3.4
2025-09-21 20:00:00,0.0,0.0,0.0,1.839837,3.1
2025-09-21 21:00:00,0.0,0.0,0.0,1.7691805,2.9
2025-09-21 22:00:00,0.0,0.0,0.0,1.8788295,2.8
2025-09-21 23:00:00,0.0,0.0,0.0,1.6867127,2.5
2025-09-22 00:00:00,0.0,0.0,0.0,1.4508619,2.3
2025-09-22 01:00:00,0.0,0.0,0.0,1.4080127,2.2
2025-09-22 02:00:00,0.0,0.0,0.0,1.7117243,2.5
2025-09-22 03:00:00,0.0,0.0,0.0,1.7507142,3.1
2025-09-22 04:00:00,0.0,0.0,0.0,1.3536987,3.8
2025-09-22 05:00:00,0.0,0.0,0.0,1.6446884,4.6
2025-09-22 06:00:00,0.0,0.0,0.0,2.0940392,5.8
2025-09-22 07:00:00,0.0,0.0,0.0,2.5869868,6.5
2025-09-22 08:00:00,0.0,0.0,0.0,3.3767588,7.6
2025-09-22 09:00:00,0.0,0.0,0.0,3.8268788,8.6
2025-09-22 10:00:00,0.0,0.0,0.0,3.0438464,8.0
2025-09-22 11:00:00,0.0,0.0,0.0,2.5739074,7.6
2025-09-22 12:00:00,0.0,0.0,0.0,2.1540658,5.6
2025-09-22 13:00:00,0.0,0.0,0.0,2.1224985,5.4
2025-09-22 14:00:00,0.0,0.0,0.0,2.0862646,6.2
2025-09-22 15:00:00,0.0,0.0,0.0,1.3829316,5.2
2025-09-22 16:00:00,0.0,0.0,0.0,2.0180438,4.4
2025-09-22 17:00:00,0.0,0.0,0.0,1.8445866,4.5
2025-09-22 18:00:00,0.0,0.0,0.0,2.6100764,5.3
2025-09-22 19:00:00,0.0,0.0,0.0,3.1144822,5.4
2025-09-22 20:00:00,0.0,0.0,0.0,2.795085,5.0
2025-09-22 21:00:00,0.0,0.0,0.0,2.6201146,4.9
2025-09-22 22:00:00,0.0,0.0,0.0,2.5656383,4.8
2025-09-22 23:00:00,0.0,0.0,0.0,2.7613401,5.1
2025-09-23 00:00:00,0.0,0.0,0.0,2.795085,5.2
2025-09-23 01:00:00,0.0,0.0,0.0,2.7018511,4.7
2025-09-23 02:00:00,0.0,0.0,0.0,3.0232434,5.4
2025-09-23 03:00:00,0.0,0.0,0.0,3.5302265,7.1
2025-09-23 04:00:00,0.0,0.0,0.0,3.7165172,7.8
2025-09-23 05:00:00,0.0,0.0,0.0,4.315669,8.1
2025-09-23 06:00:00,0.0,0.0,0.0,5.4829283,11.0
2025-09-23 07:00:00,0.1,0.1,0.0,5.5879335,11.1
2025-09-23 08:00:00,0.0,0.0,0.0,5.0955863,10.1
2025-09-23 09:00:00,0.0,0.0,0.0,5.077401,10.1
2025-09-23 10:00:00,0.0,0.0,0.0,4.718315,9.4
2025-09-23 11:00:00,0.0,0.0,0.0,4.4443784,9.1
2025-09-23 12:00:00,0.0,0.0,0.0,3.503213,7.0
2025-09-23 13:00:00,0.0,0.0,0.0,2.7390692,4.9
2025-09-23 14:00:00,0.0,0.0,0.0,3.1503966,5.6
2025-09-23 15:00:00,0.0,0.0,0.0,3.5608988,6.7
2025-09-23 16:00:00,0.0,0.0,0.0,3.764306,7.1
2025-09-23 17:00:00,0.0,0.0,0.0,3.8577843,7.2
2025-09-23 18:00:00,0.0,0.0,0.0,3.9604292,7.3
2025-09-23 19:00:00,0.0,0.0,0.0,4.0660176,7.1
2025-09-23 20:00:00,0.0,0.0,0.0,4.136726,7.2
2025-09-23 21:00:00,0.0,0.0,0.0,4.137934,7.2
2025-09-23 22:00:00,0.0,0.0,0.0,4.181507,7.1
2025-09-23 23:00:00,0.0,0.0,0.0,4.1439714,7.0
2025-09-24 00:00:00,0.0,0.0,0.0,4.0140376,6.7
2025-09-24 01:00:00,0.0,0.0,0.0,3.9512656,6.5
2025-09-24 02:00:00,0.0,0.0,0.0,4.0512342,6.8
2025-09-24 03:00:00,0.0,0.0,0.0,4.3410826,7.5
2025-09-24 04:00:00,0.0,0.0,0.0,4.3384905,8.6
2025-09-24 05:00:00,0.0,0.0,0.0,4.4949975,9.3
2025-09-24 06:00:00,0.0,0.0,0.0,4.6287146,9.9
2025-09-24 07:00:00,0.0,0.0,0.0,4.852319,10.1
2025-09-24 08:00:00,0.0,0.0,0.0,4.990491,10.3
2025-09-24 09:00:00,0.0,0.0,0.0,5.1022058,10.3
2025-09-24 10:00:00,0.0,0.0,0.0,5.0089917,9.9
2025-09-24 11:00:00,0.0,0.0,0.0,4.373214,8.3
2025-09-24 12:00:00,0.0,0.0,0.0,3.938591,6.9
2025-09-24 13:00:00,0.0,0.0,0.0,3.6100557,6.2
2025-09-24 14:00:00,0.0,0.0,0.0,3.592353,6.3
2025-09-24 15:00:00,0.0,0.0,0.0,3.494639,6.4
2025-09-24 16:00:00,0.0,0.0,0.0,3.3286633,6.1
2025-09-24 17:00:00,0.0,0.0,0.0,3.175689,5.8
2025-09-24 18:00:00,0.0,0.0,0.0,3.1212976,5.6
2025-09-24 19:00:00,0.0,0.0,0.0,3.0610456,5.3
2025-09-24 20:00:00,0.0,0.0,0.0,3.2221887,5.4
2025-09-24 21:00:00,0.0,0.0,0.0,3.3241541,5.6
2025-09-24 22:00:00,0.0,0.0,0.0,3.5046396,5.8
2025-09-24 23:00:00,0.0,0.0,0.0,3.5850384,5.8
2025-09-25 00:00:00,0.0,0.0,0.0,3.5850384,5.7
2025-09-25 01:00:00,0.0,0.0,0.0,3.5531676,5.6
2025-09-25 02:00:00,0.0,0.0,0.0,3.7326264,6.0
2025-09-25 03:00:00,0.0,0.0,0.0,4.263801,7.0
2025-09-25 04:00:00,0.0,0.0,0.0,4.181507,7.8
2025-09-25 05:00:00,0.0,0.0,0.0,4.527693,8.8
2025-09-25 06:00:00,0.0,0.0,0.0,4.705582,9.3
2025-09-25 07:00:00,0.0,0.0,0.0,4.9175706,10.3
2025-09-25 08:00:00,0.0,0.0,0.0,5.091169,10.6
2025-09-25 09:00:00,0.0,0.0,0.0,5.2737556,11.0
2025-09-25 10:00:00,0.0,0.0,0.0,5.6147127,10.6
2025-09-25 11:00:00,0.0,0.0,0.0,4.5254836,8.7
2025-09-25 12:00:00,0.0,0.0,0.0,3.494639,6.2
2025-09-25 13:00:00,0.0,0.0,0.0,3.1780498,5.2
2025-09-25 14:00:00,0.0,0.0,0.0,3.3154938,5.5
2025-09-25 15:00:00,0.0,0.0,0.0,3.2695565,5.6
2025-09-25 16:00:00,0.0,0.0,0.0,3.1324909,5.4
2025-09-25 17:00:00,0.0,0.0,0.0,2.9753153,5.2
2025-09-25 18:00:00,0.0,0.0,0.0,2.9090378,5.0
2025-09-25 19:00:00,0.0,0.0,0.0,2.7518177,4.5
2025-09-25 20:00:00,0.0,0.0,0.0,2.6655207,4.4
2025-09-25 21:00:00,0.0,0.0,0.0,2.581182,4.3
2025-09-25 22:00:00,0.0,0.0,0.0,2.5539184,4.0
2025-09-25 23:00:00,0.0,0.0,0.0,2.2847319,3.7
2025-09-26 00:00:00,0.0,0.0,0.0,2.0814657,3.5
2025-09-26 01:00:00,0.0,0.0,0.0,1.9499999,3.3
2025-09-26 02:00:00,0.0,0.0,0.0,1.9780041,3.4
2025-09-26 03:00:00,0.0,0.0,0.0,2.3711812,4.5
2025-09-26 04:00:00,0.0,0.0,0.0,1.9137659,4.8
2025-09-26 05:00:00,0.0,0.0,0.0,2.0934422,5.6
2025-09-26 06:00:00,0.0,0.0,0.0,2.3345237,6.2
2025-09-26 07:00:00,0.0,0.0,0.0,2.6315393,6.6
2025-09-26 08:00:00,0.0,0.0,0.0,2.9908192,7.3
2025-09-26 09:00:00,0.0,0.0,0.0,3.3301651,7.6
2025-09-26 10:00:00,0.0,0.0,0.0,3.8190315,7.4
2025-09-26 11:00:00,0.0,0.0,0.0,3.538361,6.6
2025-09-26 12:00:00,0.0,0.0,0.0,1.9798989,3.4
2025-09-26 13:00:00,0.0,0.0,0.0,2.4207437,3.6
2025-09-26 14:00:00,0.0,0.0,0.0,2.4622145,3.6
2025-09-26 15:00:00,0.0,0.0,0.0,2.5495098,4.1
2025-09-26 16:00:00,0.0,0.0,0.0,2.3334522,3.7
2025-09-26 17:00:00,0.0,0.0,0.0,1.603122,3.7
2025-09-26 18:00:00,0.0,0.0,0.0,1.8741665,4.2
2025-09-26 19:00:00,0.0,0.0,0.0,2.8539445,5.0
2025-09-26 20:00:00,0.0,0.0,0.0,3.5654593,6.1
2025-09-26 21:00:00,0.0,0.0,0.0,4.0388737,7.1
2025-09-26 22:00:00,0.0,0.0,0.0,4.2346783,7.3
2025-09-26 23:00:00,0.0,0.0,0.0,3.9537954,7.1
2025-09-27 00:00:00,0.0,0.0,0.0,3.645888,6.9
2025-09-27 01:00:00,0.0,0.0,0.0,3.3589432,6.3
2025-09-27 02:00:00,0.0,0.0,0.0,3.2897568,6.7
2025-09-27 03:00:00,0.0,0.0,0.0,3.494639,8.0
2025-09-27 04:00:00,0.0,0.0,0.0,4.049691,9.1
2025-09-27 05:00:00,0.0,0.0,0.0,3.5106978,8.1
2025-09-27 06:00:00,0.0,0.0,0.0,2.5019991,7.1
2025-09-27 07:00:00,0.0,0.0,0.0,1.4080127,4.7
2025-09-27 08:00:00,0.1,0.1,0.0,0.46097723,8.4
2025-09-27 09:00:00,0.1,0.1,0.0,0.46097723,8.1
2025-09-27 10:00:00,0.0,0.0,0.0,1.0920165,6.5
2025-09-27 11:00:00,0.0,0.0,0.0,2.3879907,8.5
2025-09-27 12:00:00,0.1,0.1,0.0,3.4003677,10.9
2025-09-27 13:00:00,0.4,0.4,0.0,3.9373214,10.2
2025-09-27 14:00:00,0.7,0.7,0.0,4.226405,10.7
2025-09-27 15:00:00,1.4,1.4,0.0,4.583939,9.7
2025-09-27 16:00:00,1.7,1.7,0.0,4.274635,9.4
2025-09-27 17:00:00,1.7,1.7,0.0,4.1427646,9.2
2025-09-27 18:00:00,1.2,1.2,0.0,4.0770698,9.3
2025-09-27 19:00:00,0.7,0.7,0.0,3.9385912,7.3
2025-09-27 20:00:00,0.5,0.5,0.0,3.952847,7.3
2025-09-27 21:00:00,0.2,0.2,0.0,4.447752,7.9
2025-09-27 22:00:00,0.1,0.1,0.0,5.053959,8.6
2025-09-27 23:00:00,0.0,0.0,0.0,5.1441717,9.2
2025-09-28 00:00:00,0.0,0.0,0.0,4.853092,9.2
2025-09-28 01:00:00,0.0,0.0,0.0,4.852319,9.2
2025-09-28 02:00:00,0.0,0.0,0.0,4.6970735,9.5
2025-09-28 03:00:00,0.0,0.0,0.0,4.651881,9.3
2025-09-28 04:00:00,0.0,0.0,0.0,4.655373,9.3
2025-09-28 05:00:00,0.1,0.1,0.0,4.7077065,9.5
2025-09-28 06:00:00,0.1,0.1,0.0,4.6057034,9.5
2025-09-28 07:00:00,0.1,0.1,0.0,4.4195585,8.8
2025-09-28 08:00:00,0.0,0.0,0.0,4.1785164,8.5
2025-09-28 09:00:00,0.0,0.0,0.0,4.127045,8.5
2025-09-28 10:00:00,0.0,0.0,0.0,4.401136,8.5
2025-09-28 11:00:00,0.0,0.0,0.0,4.4598203,8.3
2025-09-28 12:00:00,0.0,0.0,0.0,4.2898135,7.8
2025-09-28 13:00:00,0.0,0.0,0.0,3.9195025,6.9
2025-09-28 14:00:00,0.0,0.0,0.0,3.8684623,6.1
2025-09-28 15:00:00,0.0,0.0,0.0,3.8587563,5.3
2025-09-28 16:00:00,0.0,0.0,0.0,3.9115214,5.0
2025-09-28 17:00:00,0.0,0.0,0.0,3.8137908,5.4
2025-09-28 18:00:00,0.0,0.0,0.0,3.9805777,5.3
2025-09-28 19:00:00,0.0,0.0,0.0,3.8137908,6.9
2025-09-28 20:00:00,0.0,0.0,0.0,3.720215,6.9
2025-09-28 21:00:00,0.0,0.0,0.0,3.6503425,7.2
2025-09-28 22:00:00,0.0,0.0,0.0,3.6417713,7.2
2025-09-28 23:00:00,0.0,0.0,0.0,3.538361,7.4
2025-09-29 00:00:00,0.0,0.0,0.0,3.467708,7.3
2025-09-29 01:00:00,0.0,0.0,0.0,3.5468295,7.3
2025-09-29 02:00:00,0.0,0.0,0.0,3.662308,7.6
2025-09-29 03:00:00,0.0,0.0,0.0,3.8668463,8.1
2025-09-29 04:00:00,0.0,0.0,0.0,4.031129,8.5
2025-09-29 05:00:00,0.0,0.0,0.0,3.9990625,8.9
2025-09-29 06:00:00,0.0,0.0,0.0,4.007805,9.2
2025-09-29 07:00:00,0.0,0.0,0.0,3.83471,8.3
2025-09-29 08:00:00,0.0,0.0,0.0,3.7259226,8.1
2025-09-29 09:00:00,0.0,0.0,0.0,3.6431444,8.0
2025-09-29 10:00:00,0.0,0.0,0.0,4.0660176,8.2
2025-09-29 11:00:00,0.0,0.0,0.0,4.0360875,8.1
2025-09-29 12:00:00,0.0,0.0,0.0,4.1164308,8.0
2025-09-29 13:00:00,0.0,0.0,0.0,4.1164308,7.4
2025-09-29 14:00:00,0.0,0.0,0.0,4.1773195,7.6
2025-09-29 15:00:00,0.0,0.0,0.0,4.137934,7.3
2025-09-29 16:00:00,0.0,0.0,0.0,3.965476,7.0
2025-09-29 17:00:00,0.0,0.0,0.0,3.7831867,6.6
2025-09-29 18:00:00,0.0,0.0,0.0,3.965476,6.8
2025-09-29 19:00:00,0.0,0.0,0.0,3.940812,6.4
2025-09-29 20:00:00,0.0,0.0,0.0,3.8762095,6.5
2025-09-29 21:00:00,0.0,0.0,0.0,3.8910153,6.9
2025-09-29 22:00:00,0.0,0.0,0.0,3.7805421,7.0
2025-09-29 23:00:00,0.0,0.0,0.0,3.7165172,7.2
2025-09-30 00:00:00,0.0,0.0,0.0,3.7636418,7.2
2025-09-30 01:00:00,0.0,0.0,0.0,3.8275316,7.9
2025-09-30 02:00:00,0.0,0.0,0.0,3.905445,7.7
2025-09-30 03:00:00,0.0,0.0,0.0,4.1629314,7.9
2025-09-30 04:00:00,0.0,0.0,0.0,3.757659,8.0
2025-09-30 05:00:00,0.0,0.0,0.0,3.355965,8.1
2025-09-30 06:00:00,0.0,0.0,0.0,3.259601,7.9
2025-09-30 07:00:00,0.0,0.0,0.0,3.2144206,7.3
2025-09-30 08:00:00,0.0,0.0,0.0,3.0008333,6.9
2025-09-30 09:00:00,0.0,0.0,0.0,3.083018,6.8
2025-09-30 10:00:00,0.0,0.0,0.0,3.0207615,6.7
2025-09-30 11:00:00,0.0,0.0,0.0,2.9347062,6.4
2025-09-30 12:00:00,0.0,0.0,0.0,3.0037477,6.3
2025-09-30 13:00:00,0.0,0.0,0.0,3.1503968,6.1
2025-09-30 14:00:00,0.0,0.0,0.0,3.3533564,5.9
2025-09-30 15:00:00,0.0,0.0,0.0,3.4590461,6.1
2025-09-30 16:00:00,0.0,0.0,0.0,3.3376637,6.0
2025-09-30 17:00:00,0.0,0.0,0.0,3.1780496,6.3
2025-09-30 18:00:00,0.0,0.0,0.0,2.782984,6.1
2025-09-30 19:00:00,0.0,0.0,0.0,2.0796635,3.7
2025-09-30 20:00:00,0.0,0.0,0.0,1.5913831,3.2
2025-09-30 21:00:00,0.0,0.0,0.0,1.5206907,2.9
2025-09-30 22:00:00,0.0,0.0,0.0,1.9416487,3.1
2025-09-30 23:00:00,0.0,0.0,0.0,2.2505555,3.6
2025-10-01 00:00:00,0.0,0.0,0.0,2.5597851,4.0
2025-10-01 01:00:00,0.0,0.0,0.0,2.923183,4.6
2025-10-01 02:00:00,0.0,0.0,0.0,3.167412,5.2
2025-10-01 03:00:00,0.0,0.0,0.0,3.2066338,6.4
2025-10-01 04:00:00,0.0,0.0,0.0,3.4223528,7.3
2025-10-01 05:00:00,0.0,0.0,0.0,3.784508,8.0
2025-10-01 06:00:00,0.0,0.0,0.0,4.1355166,8.8
2025-10-01 07:00:00,0.0,0.0,0.0,4.280771,8.5
2025-10-01 08:00:00,0.0,0.0,0.0,4.478002,8.9
2025-10-01 09:00:00,0.0,0.0,0.0,4.9962487,9.4
2025-10-01 10:00:00,0.0,0.0,0.0,5.287958,9.5
2025-10-01 11:00:00,0.0,0.0,0.0,5.2860665,9.3
2025-10-01 12:00:00,0.0,0.0,0.0,5.174215,8.6
2025-10-01 13:00:00,0.0,0.0,0.0,4.1149116,6.8
2025-10-01 14:00:00,0.0,0.0,0.0,3.961376,6.8
2025-10-01 15:00:00,0.0,0.0,0.0,3.8082147,7.2
2025-10-01 16:00:00,0.0,0.0,0.0,3.4792242,7.0
2025-10-01 17:00:00,0.0,0.0,0.0,3.3049204,6.8
2025-10-01 18:00:00,0.0,0.0,0.0,3.3800886,7.0
2025-10-01 19:00:00,0.0,0.0,0.0,3.503213,6.6
2025-10-01 20:00:00,0.0,0.0,0.0,3.600347,6.7
2025-10-01 21:00:00,0.0,0.0,0.0,3.8551912,7.2
2025-10-01 22:00:00,0.0,0.0,0.0,4.05,7.7
2025-10-01 23:00:00,0.0,0.0,0.0,4.3603325,7.8
2025-10-02 00:00:00,0.0,0.0,0.0,4.8127437,8.6
2025-10-02 01:00:00,0.0,0.0,0.0,5.311544,9.4
2025-10-02 02:00:00,0.1,0.1,0.0,5.650885,10.1
2025-10-02 03:00:00,0.1,0.1,0.0,4.952272,9.5
2025-10-02 04:00:00,0.0,0.0,0.0,6.738323,12.5
2025-10-02 05:00:00,0.1,0.1,0.0,6.7165837,12.5
2025-10-02 06:00:00,0.3,0.3,0.0,6.882223,12.8
2025-10-02 07:00:00,0.3,0.3,0.0,5.9129095,13.0
2025-10-02 08:00:00,0.1,0.1,0.0,5.3781967,12.5
2025-10-02 09:00:00,0.1,0.1,0.0,5.3387733,11.8
2025-10-02 10:00:00,0.1,0.1,0.0,6.0170593,10.8
2025-10-02 11:00:00,0.0,0.0,0.0,5.7293105,10.7
2025-10-02 12:00:00,0.0,0.0,0.0,5.211766,9.4
2025-10-02 13:00:00,0.0,0.0,0.0,4.6308746,8.1
2025-10-02 14:00:00,0.0,0.0,0.0,4.5634418,8.1
2025-10-02 15:00:00,0.0,0.0,0.0,4.651881,8.3
2025-10-02 16:00:00,0.0,0.0,0.0,4.438468,8.3
2025-10-02 17:00:00,0.0,0.0,0.0,4.392323,8.5
2025-10-02 18:00:00,0.0,0.0,0.0,4.3002906,7.8
2025-10-02 19:00:00,0.0,0.0,0.0,4.1173415,7.3
2025-10-02 20:00:00,0.0,0.0,0.0,3.939543,7.2
2025-10-02 21:00:00,0.0,0.0,0.0,3.51639,6.6
2025-10-02 22:00:00,0.0,0.0,0.0,2.7721834,6.1
2025-10-02 23:00:00,0.0,0.0,0.0,2.5387006,5.4
2025-10-03 00:00:00,0.0,0.0,0.0,2.6612968,5.5
2025-10-03 01:00:00,0.0,0.0,0.0,2.8398943,5.2
2025-10-03 02:00:00,0.0,0.0,0.0,2.8412147,4.8
2025-10-03 03:00:00,0.0,0.0,0.0,3.3425288,6.2
2025-10-03 04:00:00,0.0,0.0,0.0,3.4296503,7.0
2025-10-03 05:00:00,0.0,0.0,0.0,3.6908672,7.2
2025-10-03 06:00:00,0.0,0.0,0.0,3.2449963,6.6
2025-10-03 07:00:00,0.0,0.0,0.0,2.710166,6.8
2025-10-03 08:00:00,0.0,0.0,0.0,2.3900838,6.2
2025-10-03 09:00:00,0.0,0.0,0.0,2.4052026,6.2
2025-10-03 10:00:00,0.0,0.0,0.0,2.304886,6.3
2025-10-03 11:00:00,0.0,0.0,0.0,2.75,6.5
2025-10-03 12:00:00,0.0,0.0,0.0,2.5317976,5.9
2025-10-03 13:00:00,0.0,0.0,0.0,2.0573041,3.9
2025-10-03 14:00:00,0.0,0.0,0.0,2.4010415,4.0
2025-10-03 15:00:00,0.0,0.0,0.0,2.7613401,4.7
2025-10-03 16:00:00,0.0,0.0,0.0,2.9841247,5.3
2025-10-03 17:00:00,0.0,0.0,0.0,3.1567388,5.6
2025-10-03 18:00:00,0.0,0.0,0.0,3.4,6.1
2025-10-03 19:00:00,0.0,0.0,0.0,3.7121422,6.4
2025-10-03 20:00:00,0.0,0.0,0.0,3.992493,6.9
2025-10-03 21:00:00,0.0,0.0,0.0,4.1430664,7.3
2025-10-03 22:00:00,0.0,0.0,0.0,4.4421277,7.5
2025-10-03 23:00:00,0.0,0.0,0.0,4.5634418,7.7
2025-10-04 00:00:00,0.0,0.0,0.0,4.4679413,7.9
2025-10-04 01:00:00,0.0,0.0,0.0,4.452527,8.0
2025-10-04 02:00:00,0.0,0.0,0.0,4.4300113,8.0
2025-10-04 03:00:00,0.0,0.0,0.0,4.114912,7.7
2025-10-04 04:00:00,0.0,0.0,0.0,5.0955863,10.9
2025-10-04 05:00:00,0.0,0.0,0.0,6.4903774,13.3
2025-10-04 06:00:00,0.0,0.0,0.0,6.064858,12.2
2025-10-04 07:00:00,0.0,0.0,0.0,5.9525204,11.7
2025-10-04 08:00:00,0.0,0.0,0.0,5.7428217,11.4
2025-10-04 09:00:00,0.0,0.0,0.0,5.3688917,10.7
2025-10-04 10:00:00,0.0,0.0,0.0,5.058903,10.1
2025-10-04 11:00:00,0.0,0.0,0.0,4.762877,9.3
2025-10-04 12:00:00,0.0,0.0,0.0,4.3640575,8.7
2025-10-04 13:00:00,0.0,0.0,0.0,3.6585517,7.8
2025-10-04 14:00:00,0.0,0.0,0.0,3.2503846,6.4
2025-10-04 15:00:00,0.0,0.0,0.0,2.7041636,5.7
2025-10-04 16:00:00,0.0,0.0,0.0,2.4,4.3
2025-10-04 17:00:00,0.0,0.0,0.0,2.1592824,3.2
2025-10-04 18:00:00,0.0,0.0,0.0,1.811077,3.2
2025-10-04 19:00:00,0.0,0.0,0.0,2.269912,3.7
2025-10-04 20:00:00,0.0,0.0,0.0,2.3584952,3.5
2025-10-04 21:00:00,0.0,0.0,0.0,2.2209232,3.1
2025-10-04 22:00:00,0.0,0.0,0.0,2.0862646,2.9
2025-10-04 23:00:00,0.0,0.0,0.0,2.1224985,3.0
2025-10-05 00:00:00,0.0,0.0,0.0,2.0886598,2.8
2025-10-05 01:00:00,0.0,0.0,0.0,1.5435349,2.2
2025-10-05 02:00:00,0.0,0.0,0.0,1.3536987,2.1
2025-10-05 03:00:00,0.0,0.0,0.0,1.104536,2.4
2025-10-05 04:00:00,0.0,0.0,0.0,0.98615414,2.7
2025-10-05 05:00:00,0.0,0.0,0.0,1.7755281,4.4
2025-10-05 06:00:00,0.0,0.0,0.0,2.415057,5.1
2025-10-05 07:00:00,0.0,0.0,0.0,2.6617663,6.7
2025-10-05 08:00:00,0.0,0.0,0.0,2.8398943,6.9
2025-10-05 09:00:00,0.0,0.0,0.0,2.9546573,6.8
2025-10-05 10:00:00,0.0,0.0,0.0,2.997082,6.4
2025-10-05 11:00:00,0.0,0.0,0.0,2.995413,5.6
2025-10-05 12:00:00,0.0,0.0,0.0,2.3005433,4.0
2025-10-05 13:00:00,0.0,0.0,0.0,2.4438698,4.0
2025-10-05 14:00:00,0.0,0.0,0.0,2.976995,4.8
2025-10-05 15:00:00,0.0,0.0,0.0,3.224903,5.3
2025-10-05 16:00:00,0.0,0.0,0.0,3.4252737,5.5
2025-10-05 17:00:00,0.0,0.0,0.0,3.490702,5.6
2025-10-05 18:00:00,0.0,0.0,0.0,3.541892,5.7
2025-10-05 19:00:00,0.0,0.0,0.0,3.572464,6.1
2025-10-05 20:00:00,0.0,0.0,0.0,3.5710642,6.2
2025-10-05 21:00:00,0.0,0.0,0.0,3.538361,6.1
2025-10-05 22:00:00,0.0,0.0,0.0,3.8183768,6.2
2025-10-05 23:00:00,0.0,0.0,0.0,3.7138255,6.2
2025-10-06 00:00:00,0.0,0.0,0.0,3.5710642,6.0
2025-10-06 01:00:00,0.0,0.0,0.0,3.4648232,5.7
2025-10-06 02:00:00,0.0,0.0,0.0,3.5003572,5.6
2025-10-06 03:00:00,0.0,0.0,0.0,3.7124789,6.0
2025-10-06 04:00:00,0.0,0.0,0.0,3.6311154,6.8
2025-10-06 05:00:00,0.0,0.0,0.0,3.6619666,7.4
2025-10-06 06:00:00,0.0,0.0,0.0,3.6200829,7.4
2025-10-06 07:00:00,0.0,0.0,0.0,3.6448593,8.1
2025-10-06 08:00:00,0.0,0.0,0.0,3.6912057,8.0
2025-10-06 09:00:00,0.0,0.0,0.0,3.7232378,7.8
2025-10-06 10:00:00,0.0,0.0,0.0,3.905445,7.3
2025-10-06 11:00:00,0.0,0.0,0.0,3.1800156,5.9
2025-10-06 12:00:00,0.0,0.0,0.0,2.1224985,3.2
2025-10-06 13:00:00,0.0,0.0,0.0,2.0886598,3.5
2025-10-06 14:00:00,0.0,0.0,0.0,2.2505555,3.4
2025-10-06 15:00:00,0.0,0.0,0.0,2.182888,3.1
2025-10-06 16:00:00,0.0,0.0,0.0,2.1260293,2.6
2025-10-06 17:00:00,0.0,0.0,0.0,1.9602296,2.3
2025-10-06 18:00:00,0.0,0.0,0.0,2.5387006,2.2
2025-10-06 19:00:00,0.0,0.0,0.0,2.3753946,3.8
2025-10-06 20:00:00,0.0,0.0,0.0,2.4703238,4.1
2025-10-06 21:00:00,0.0,0.0,0.0,2.510976,4.1
2025-10-06 22:00:00,0.0,0.0,0.0,2.6518862,4.3
2025-10-06 23:00:00,0.0,0.0,0.0,2.7244265,4.6
2025-10-07 00:00:00,0.0,0.0,0.0,2.6631746,4.4
2025-10-07 01:00:00,0.0,0.0,0.0,2.6400757,4.3
2025-10-07 02:00:00,0.0,0.0,0.0,2.8714106,4.5
2025-10-07 03:00:00,0.0,0.0,0.0,3.2318726,5.3
2025-10-07 04:00:00,0.0,0.0,0.0,2.9841247,6.1
2025-10-07 05:00:00,0.0,0.0,0.0,2.9529645,6.6
2025-10-07 06:00:00,0.0,0.0,0.0,3.1084561,7.4
2025-10-07 07:00:00,0.0,0.0,0.0,3.1976552,7.5
2025-10-07 08:00:00,0.0,0.0,0.0,3.176476,7.4
2025-10-07 09:00:00,0.0,0.0,0.0,3.153173,7.3
2025-10-07 10:00:00,0.0,0.0,0.0,3.026962,6.9
2025-10-07 11:00:00,0.0,0.0,0.0,2.9261749,6.1
2025-10-07 12:00:00,0.0,0.0,0.0,2.107724,3.9
2025-10-07 13:00:00,0.0,0.0,0.0,2.34094,4.0
2025-10-07 14:00:00,0.0,0.0,0.0,2.7285528,4.6
2025-10-07 15:00:00,0.0,0.0,0.0,2.910756,4.6
2025-10-07 16:00:00,0.0,0.0,0.0,2.8160255,4.3
2025-10-07 17:00:00,0.0,0.0,0.0,2.6443334,3.9
2025-10-07 18:00:00,0.0,0.0,0.0,2.3478713,3.5
2025-10-07 19:00:00,0.0,0.0,0.0,2.1633308,3.7
2025-10-07 20:00:00,0.0,0.0,0.0,2.0554805,3.5
2025-10-07 21:00:00,0.0,0.0,0.0,1.6985288,3.1
2025-10-07 22:00:00,0.0,0.0,0.0,1.9557607,3.1
2025-10-07 23:00:00,0.0,0.0,0.0,2.1708293,2.5
2025-10-08 00:00:00,0.0,0.0,0.0,2.071835,2.4
2025-10-08 01:00:00,0.0,0.0,0.0,2.158703,2.5
2025-10-08 02:00:00,0.0,0.0,0.0,1.6278821,2.8
2025-10-08 03:00:00,0.0,0.0,0.0,1.662077,3.2
2025-10-08 04:00:00,0.0,0.0,0.0,1.4035668,3.7
2025-10-08 05:00:00,0.0,0.0,0.0,1.5524175,4.4
2025-10-08 06:00:00,0.0,0.0,0.0,1.7923448,5.1
2025-10-08 07:00:00,0.0,0.0,0.0,2.0353131,5.7
2025-10-08 08:00:00,0.0,0.0,0.0,2.316247,6.1
2025-10-08 09:00:00,0.0,0.0,0.0,2.5495098,6.2
2025-10-08 10:00:00,0.0,0.0,0.0,2.9364095,5.8
2025-10-08 11:00:00,0.0,0.0,0.0,2.3690715,4.6
2025-10-08 12:00:00,0.0,0.0,0.0,1.9678669,2.8
2025-10-08 13:00:00,0.0,0.0,0.0,2.3584952,3.5
2025-10-08 14:00:00,0.0,0.0,0.0,2.1272047,3.4
2025-10-08 15:00:00,0.0,0.0,0.0,2.1029742,3.6
2025-10-08 16:00:00,0.0,0.0,0.0,2.2671568,3.5
2025-10-08 17:00:00,0.0,0.0,0.0,2.2388613,3.5
2025-10-08 18:00:00,0.0,0.0,0.0,2.252221,3.5
2025-10-08 19:00:00,0.0,0.0,0.0,2.392697,3.3
2025-10-08 20:00:00,0.0,0.0,0.0,2.324328,3.0
2025-10-08 21:00:00,0.0,0.0,0.0,2.2299101,2.7
2025-10-08 22:00:00,0.0,0.0,0.0,2.107724,2.7
2025-10-08 23:00:00,0.0,0.0,0.0,2.1691012,3.1
2025-10-09 00:00:00,0.0,0.0,0.0,2.2388613,3.2
2025-10-09 01:00:00,0.0,0.0,0.0,2.302173,3.5
2025-10-09 02:00:00,0.0,0.0,0.0,2.1592824,3.2
2025-10-09 03:00:00,0.0,0.0,0.0,2.4207437,3.5
2025-10-09 04:00:00,0.0,0.0,0.0,2.214159,4.2
2025-10-09 05:00:00,0.0,0.0,0.0,2.3286262,4.6
2025-10-09 06:00:00,0.0,0.0,0.0,2.209072,4.5
2025-10-09 07:00:00,0.0,0.0,0.0,2.302173,6.0
2025-10-09 08:00:00,0.0,0.0,0.0,2.4581497,6.2
2025-10-09 09:00:00,0.0,0.0,0.0,2.6076808,6.3
2025-10-09 10:00:00,0.0,0.0,0.0,2.7115495,5.9
2025-10-09 11:00:00,0.0,0.0,0.0,2.5,5.0
2025-10-09 12:00:00,0.0,0.0,0.0,2.1095023,3.3
2025-10-09 13:00:00,0.0,0.0,0.0,2.2276669,3.6
2025-10-09 14:00:00,0.0,0.0,0.0,2.1708293,3.8
2025-10-09 15:00:00,0.0,0.0,0.0,2.1662178,3.6
2025-10-09 16:00:00,0.0,0.0,0.0,2.074247,3.4
2025-10-09 17:00:00,0.0,0.0,0.0,2.030394,3.2
2025-10-09 18:00:00,0.0,0.0,0.0,1.9525625,3.1
2025-10-09 19:00:00,0.0,0.0,0.0,1.8027756,3.1
2025-10-09 20:00:00,0.0,0.0,0.0,1.7334936,3.0
2025-10-09 21:00:00,0.0,0.0,0.0,1.6324828,2.7
2025-10-09 22:00:00,0.0,0.0,0.0,1.6101241,2.6
2025-10-09 23:00:00,0.0,0.0,0.0,1.7755281,2.5
2025-10-10 00:00:00,0.0,0.0,0.0,1.7,2.7
2025-10-10 01:00:00,0.0,0.0,0.0,1.6560496,3.0
2025-10-10 02:00:00,0.0,0.0,0.0,1.7204651,3.0
2025-10-10 03:00:00,0.0,0.0,0.0,2.3323808,4.1
2025-10-10 04:00:00,0.0,0.0,0.0,2.0402207,5.0
2025-10-10 05:00:00,0.0,0.0,0.0,2.15,5.8
2025-10-10 06:00:00,0.0,0.0,0.0,2.3537204,6.5
2025-10-10 07:00:00,0.0,0.0,0.0,2.5739074,6.4
2025-10-10 08:00:00,0.0,0.0,0.0,2.6767519,6.5
2025-10-10 09:00:00,0.0,0.0,0.0,2.7721834,6.5
2025-10-10 10:00:00,0.0,0.0,0.0,3.7845078,6.3
2025-10-10 11:00:00,0.0,0.0,0.0,3.11127,4.6
2025-10-10 12:00:00,0.0,0.0,0.0,2.3753946,3.0
2025-10-10 13:00:00,0.0,0.0,0.0,2.5612497,3.4
2025-10-10 14:00:00,0.0,0.0,0.0,2.8692334,3.6
2025-10-10 15:00:00,0.0,0.0,0.0,2.934706,3.8
2025-10-10 16:00:00,0.0,0.0,0.0,2.842534,3.8
2025-10-10 17:00:00,0.0,0.0,0.0,2.65,3.8
2025-10-10 18:00:00,0.0,0.0,0.0,2.4351592,3.8
2025-10-10 19:00:00,0.0,0.0,0.0,2.2051077,3.8
2025-10-10 20:00:00,0.0,0.0,0.0,1.8200275,3.2
2025-10-10 21:00:00,0.0,0.0,0.0,1.767767,3.1
2025-10-10 22:00:00,0.0,0.0,0.0,2.0248456,3.6
2025-10-10 23:00:00,0.0,0.0,0.0,2.55,4.5
2025-10-11 00:00:00,0.0,0.0,0.0,3.2653484,5.8
2025-10-11 01:00:00,0.0,0.0,0.0,3.8268788,6.8
2025-10-11 02:00:00,0.0,0.0,0.0,4.447752,7.7
2025-10-11 03:00:00,0.0,0.0,0.0,5.165753,9.6
2025-10-11 04:00:00,0.0,0.0,0.0,5.427937,10.3
2025-10-11 05:00:00,0.0,0.0,0.0,5.632273,10.8
2025-10-11 06:00:00,0.0,0.0,0.0,5.8576875,11.4
2025-10-11 07:00:00,0.0,0.0,0.0,5.9776664,12.0
2025-10-11 08:00:00,0.0,0.0,0.0,6.084817,12.2
2025-10-11 09:00:00,0.0,0.0,0.0,6.1073728,12.0
2025-10-11 10:00:00,0.0,0.0,0.0,6.325346,12.1
2025-10-11 11:00:00,0.0,0.0,0.0,6.320008,12.2
2025-10-11 12:00:00,0.0,0.0,0.0,6.172925,11.7
2025-10-11 13:00:00,0.0,0.0,0.0,5.8662167,11.2
2025-10-11 14:00:00,0.0,0.0,0.0,5.727347,11.0
2025-10-11 15:00:00,0.0,0.0,0.0,5.341582,10.6
2025-10-11 16:00:00,0.0,0.0,0.0,5.325411,10.0
2025-10-11 17:00:00,0.0,0.0,0.0,5.4801917,8.9
2025-10-11 18:00:00,0.0,0.0,0.0,5.427937,10.1
2025-10-11 19:00:00,0.0,0.0,0.0,5.303301,9.6
2025-10-11 20:00:00,0.0,0.0,0.0,5.235456,9.8
2025-10-11 21:00:00,0.0,0.0,0.0,5.19158,9.4
2025-10-11 22:00:00,0.0,0.0,0.0,5.479507,10.0
2025-10-11 23:00:00,0.0,0.0,0.0,5.2794414,9.8
2025-10-12 00:00:00,0.0,0.0,0.0,5.120791,9.6
2025-10-12 01:00:00,0.0,0.0,0.0,4.964121,9.5
2025-10-12 02:00:00,0.0,0.0,0.0,5.0990195,9.7
2025-10-12 03:00:00,0.0,0.0,0.0,5.2654533,10.2
2025-10-12 04:00:00,0.0,0.0,0.0,5.4039335,10.7
2025-10-12 05:00:00,0.0,0.0,0.0,5.78835,11.4
2025-10-12 06:00:00,0.0,0.0,0.0,6.07824,13.0
2025-10-12 07:00:00,0.0,0.0,0.0,6.063827,12.4
2025-10-12 08:00:00,0.0,0.0,0.0,5.9785037,12.0
2025-10-12 09:00:00,0.0,0.0,0.0,5.8940644,11.7
2025-10-12 10:00:00,0.0,0.0,0.0,6.1061444,11.5
2025-10-12 11:00:00,0.0,0.0,0.0,5.8240876,10.9
2025-10-12 12:00:00,0.0,0.0,0.0,5.6753855,9.2
2025-10-12 13:00:00,0.0,0.0,0.0,4.9117208,8.7
2025-10-12 14:00:00,0.0,0.0,0.0,5.021952,8.5
2025-10-12 15:00:00,0.0,0.0,0.0,4.9135017,8.7
2025-10-12 16:00:00,0.0,0.0,0.0,4.962358,8.6
2025-10-12 17:00:00,0.0,0.0,0.0,4.8646684,8.5
2025-10-12 18:00:00,0.0,0.0,0.0,4.795049,8.1
2025-10-12 19:00:00,0.0,0.0,0.0,4.1382365,7.8
2025-10-12 20:00:00,0.0,0.0,0.0,3.9714608,7.3
2025-10-12 21:00:00,0.0,0.0,0.0,3.856488,6.9
2025-10-12 22:00:00,0.0,0.0,0.0,4.4384685,7.2
2025-10-12 23:00:00,0.0,0.0,0.0,4.368066,7.5
2025-10-13 00:00:00,0.0,0.0,0.0,4.3820653,7.6
2025-10-13 01:00:00,0.0,0.0,0.0,4.2863154,7.9
2025-10-13 02:00:00,0.0,0.0,0.0,4.3341665,8.0
2025-10-13 03:00:00,0.0,0.0,0.0,4.354595,8.1
2025-10-13 04:00:00,0.0,0.0,0.0,4.554119,9.0
2025-10-13 05:00:00,0.0,0.0,0.0,4.7095647,9.4
2025-10-13 06:00:00,0.0,0.0,0.0,5.0502477,9.8
2025-10-13 07:00:00,0.0,0.0,0.0,5.00025,10.5
2025-10-13 08:00:00,0.0,0.0,0.0,4.85,10.1
2025-10-13 09:00:00,0.0,0.0,0.0,4.550275,9.4
2025-10-13 10:00:00,0.0,0.0,0.0,4.402556,8.8
2025-10-13 11:00:00,0.0,0.0,0.0,3.7769036,7.4
2025-10-13 12:00:00,0.0,0.0,0.0,3.8147738,6.4
2025-10-13 13:00:00,0.0,0.0,0.0,3.9623227,6.5
2025-10-13 14:00:00,0.0,0.0,0.0,4.25,7.1
2025-10-13 15:00:00,0.0,0.0,0.0,4.440721,7.5
2025-10-13 16:00:00,0.0,0.0,0.0,4.373214,7.4
2025-10-13 17:00:00,0.0,0.0,0.0,3.965476,6.9
2025-10-13 18:00:00,0.0,0.0,0.0,3.8209946,6.7
2025-10-13 19:00:00,0.0,0.0,0.0,3.6345563,6.3
2025-10-13 20:00:00,0.0,0.0,0.0,3.6496572,6.5
2025-10-13 21:00:00,0.0,0.0,0.0,3.677295,6.5
2025-10-13 22:00:00,0.0,0.0,0.0,3.7854989,6.4
2025-10-13 23:00:00,0.0,0.0,0.0,3.674915,6.6
2025-10-14 00:00:00,0.0,0.0,0.0,3.7792194,6.9
2025-10-14 01:00:00,0.0,0.0,0.0,3.6527388,6.9
2025-10-14 02:00:00,0.0,0.0,0.0,3.7316217,6.7
2025-10-14 03:00:00,0.0,0.0,0.0,3.9777505,7.9
2025-10-14 04:00:00,0.0,0.0,0.0,4.4511237,9.1
2025-10-14 05:00:00,0.0,0.0,0.0,5.179286,10.1
2025-10-14 06:00:00,0.0,0.0,0.0,5.4589376,10.7
2025-10-14 07:00:00,0.0,0.0,0.0,5.333854,11.0
2025-10-14 08:00:00,0.0,0.0,0.0,5.0249376,10.4
2025-10-14 09:00:00,0.0,0.0,0.0,4.7214932,9.7
2025-10-14 10:00:00,0.0,0.0,0.0,4.6717234,9.3
2025-10-14 11:00:00,0.0,0.0,0.0,4.3289723,8.0
2025-10-14 12:00:00,0.0,0.0,0.0,3.765634,6.8
2025-10-14 13:00:00,0.0,0.0,0.0,3.8470767,6.9
2025-10-14 14:00:00,0.0,0.0,0.0,4.110961,7.1
2025-10-14 15:00:00,0.0,0.0,0.0,4.4502807,7.4
2025-10-14 16:00:00,0.0,0.0,0.0,4.912484,8.1
2025-10-14 17:00:00,0.0,0.0,0.0,5.2469034,8.8
2025-10-14 18:00:00,0.0,0.0,0.0,5.148058,9.0
2025-10-14 19:00:00,0.0,0.0,0.0,4.935838,8.6
2025-10-14 20:00:00,0.0,0.0,0.0,4.5124826,7.9
2025-10-14 21:00:00,0.0,0.0,0.0,4.2101073,7.3
2025-10-14 22:00:00,0.0,0.0,0.0,4.3488503,6.9
2025-10-14 23:00:00,0.0,0.0,0.0,3.968942,6.7
2025-10-15 00:00:00,0.0,0.0,0.0,3.733631,6.5
2025-10-15 01:00:00,0.0,0.0,0.0,3.7232378,6.6
2025-10-15 02:00:00,0.0,0.0,0.0,4.020572,7.2
2025-10-15 03:00:00,0.0,0.0,0.0,4.476885,8.0
2025-10-15 04:00:00,0.0,0.0,0.0,4.8994894,9.7
2025-10-15 05:00:00,0.0,0.0,0.0,5.147815,10.2
2025-10-15 06:00:00,0.0,0.0,0.0,5.055937,10.0
2025-10-15 07:00:00,0.0,0.0,0.0,4.9419127,10.2
2025-10-15 08:00:00,0.0,0.0,0.0,4.9872336,10.3
2025-10-15 09:00:00,0.0,0.0,0.0,5.1078367,10.2
2025-10-15 10:00:00,0.0,0.0,0.0,5.1546097,10.0
2025-10-15 11:00:00,0.0,0.0,0.0,4.3416586,8.0
2025-10-15 12:00:00,0.0,0.0,0.0,4.148795,7.3
2025-10-15 13:00:00,0.0,0.0,0.0,4.197618,7.4
2025-10-15 14:00:00,0.0,0.0,0.0,4.4994445,7.8
2025-10-15 15:00:00,0.0,0.0,0.0,4.632764,7.9
2025-10-15 16:00:00,0.0,0.0,0.0,4.6524186,7.8
2025-10-15 17:00:00,0.0,0.0,0.0,4.5961943,7.7
2025-10-15 18:00:00,0.0,0.0,0.0,4.58939,7.6
2025-10-15 19:00:00,0.0,0.0,0.0,4.428318,7.7
2025-10-15 20:00:00,0.0,0.0,0.0,4.248529,7.4
2025-10-15 21:00:00,0.0,0.0,0.0,4.092066,7.1
2025-10-15 22:00:00,0.0,0.0,0.0,4.274635,7.3
2025-10-15 23:00:00,0.0,0.0,0.0,4.3002906,7.5
2025-10-16 00:00:00,0.0,0.0,0.0,4.3269506,7.6
2025-10-16 01:00:00,0.0,0.0,0.0,4.3269506,7.6
2025-10-16 02:00:00,0.0,0.0,0.0,4.3081317,7.6
2025-10-16 03:00:00,0.0,0.0,0.0,4.531004,8.2
2025-10-16 04:00:00,0.0,0.0,0.0,4.701064,9.0
2025-10-16 05:00:00,0.0,0.0,0.0,5.120791,10.2
2025-10-16 06:00:00,0.0,0.0,0.0,5.2100863,10.5
2025-10-16 07:00:00,0.0,0.0,0.0,5.1429563,10.4
2025-10-16 08:00:00,0.0,0.0,0.0,5.077647,10.2
2025-10-16 09:00:00,0.0,0.0,0.0,5.0328918,10.1
2025-10-16 10:00:00,0.0,0.0,0.0,5.011237,9.5
2025-10-16 11:00:00,0.0,0.0,0.0,4.8373547,8.8
2025-10-16 12:00:00,0.0,0.0,0.0,5.2290053,9.2
2025-10-16 13:00:00,0.0,0.0,0.0,5.6073613,10.1
2025-10-16 14:00:00,0.0,0.0,0.0,5.854272,10.7
2025-10-16 15:00:00,0.0,0.0,0.0,5.9665737,10.8
2025-10-16 16:00:00,0.0,0.0,0.0,5.8240876,10.5
2025-10-16 17:00:00,0.0,0.0,0.0,5.55,10.0
2025-10-16 18:00:00,0.0,0.0,0.0,5.2671146,9.4
2025-10-16 19:00:00,0.0,0.0,0.0,5.0621142,9.1
2025-10-16 20:00:00,0.0,0.0,0.0,5.045047,8.9
2025-10-16 21:00:00,0.0,0.0,0.0,4.8703184,8.7
2025-10-16 22:00:00,0.0,0.0,0.0,4.806766,8.5
2025-10-16 23:00:00,0.0,0.0,0.0,4.7434163,8.5
2025-10-17 00:00:00,0.0,0.0,0.0,4.8231215,8.6
2025-10-17 01:00:00,0.0,0.0,0.0,4.94899,8.8
2025-10-17 02:00:00,0.0,0.0,0.0,4.9812145,8.8
2025-10-17 03:00:00,0.0,0.0,0.0,5.0695167,9.1
2025-10-17 04:00:00,0.0,0.0,0.0,4.930771,9.2
2025-10-17 05:00:00,0.0,0.0,0.0,5.321889,10.2
2025-10-17 06:00:00,0.0,0.0,0.0,5.303301,10.1
2025-10-17 07:00:00,0.0,0.0,0.0,5.1676884,10.7
2025-10-17 08:00:00,0.0,0.0,0.0,5.123719,10.3
2025-10-17 09:00:00,0.0,0.0,0.0,5.0089917,10.1
2025-10-17 10:00:00,0.0,0.0,0.0,5.1264024,9.7
2025-10-17 11:00:00,0.0,0.0,0.0,4.6173587,8.1
2025-10-17 12:00:00,0.0,0.0,0.0,4.569737,7.8
2025-10-17 13:00:00,0.0,0.0,0.0,4.6960087,7.7
2025-10-17 14:00:00,0.0,0.0,0.0,4.8104053,7.6
2025-10-17 15:00:00,0.0,0.0,0.0,4.6154633,7.4
2025-10-17 16:00:00,0.0,0.0,0.0,4.4070964,6.9
2025-10-17 17:00:00,0.0,0.0,0.0,4.3384905,6.8
2025-10-17 18:00:00,0.0,0.0,0.0,4.176422,6.5
2025-10-17 19:00:00,0.0,0.0,0.0,3.9906142,6.8
2025-10-17 20:00:00,0.0,0.0,0.0,3.4655447,6.1
2025-10-17 21:00:00,0.0,0.0,0.0,3.001666,5.3
2025-10-17 22:00:00,0.2,0.2,0.0,3.3154938,5.3
2025-10-17 23:00:00,0.0,0.0,0.0,3.6169739,5.6
2025-10-18 00:00:00,0.0,0.0,0.0,3.952847,6.0
2025-10-18 01:00:00,0.0,0.0,0.0,4.4553337,6.7
2025-10-18 02:00:00,0.0,0.0,0.0,4.7100954,7.5
2025-10-18 03:00:00,0.0,0.0,0.0,4.9623585,8.6
2025-10-18 04:00:00,0.0,0.0,0.0,5.728001,10.8
2025-10-18 05:00:00,0.0,0.0,0.0,6.817991,12.4
2025-10-18 06:00:00,0.0,0.0,0.0,6.992317,11.9
2025-10-18 07:00:00,0.0,0.0,0.0,6.492496,12.7
2025-10-18 08:00:00,0.1,0.1,0.0,6.3941383,12.1
2025-10-18 09:00:00,0.0,0.0,0.0,6.323962,12.7
2025-10-18 10:00:00,0.0,0.0,0.0,5.838236,11.5
2025-10-18 11:00:00,0.0,0.0,0.0,5.269725,9.7
2025-10-18 12:00:00,0.0,0.0,0.0,4.750789,8.6
2025-10-18 13:00:00,0.0,0.0,0.0,4.583939,8.2
2025-10-18 14:00:00,0.0,0.0,0.0,4.4659824,8.0
2025-10-18 15:00:00,0.0,0.0,0.0,4.269075,7.8
2025-10-18 16:00:00,0.0,0.0,0.0,3.8268788,7.2
2025-10-18 17:00:00,0.0,0.0,0.0,3.2775753,6.8
2025-10-18 18:00:00,0.0,0.0,0.0,3.0663497,6.5
2025-10-18 19:00:00,0.0,0.0,0.0,2.9740546,5.1
2025-10-18 20:00:00,0.0,0.0,0.0,3.001666,5.2
2025-10-18 21:00:00,0.0,0.0,0.0,3.0955615,5.5
2025-10-18 22:00:00,0.0,0.0,0.0,3.51639,5.7
2025-10-18 23:00:00,0.0,0.0,0.0,3.3708305,5.8
2025-10-19 00:00:00,0.0,0.0,0.0,3.3015149,5.6
2025-10-19 01:00:00,0.0,0.0,0.0,3.2015622,5.1
2025-10-19 02:00:00,0.0,0.0,0.0,3.2221887,5.2
2025-10-19 03:00:00,0.0,0.0,0.0,3.3970575,5.9
2025-10-19 04:00:00,0.0,0.0,0.0,3.572464,6.8
2025-10-19 05:00:00,0.0,0.0,0.0,3.9601138,7.8
2025-10-19 06:00:00,0.0,0.0,0.0,3.994058,8.5
2025-10-19 07:00:00,0.0,0.0,0.0,4.322615,9.1
2025-10-19 08:00:00,0.0,0.0,0.0,4.753946,9.6
2025-10-19 09:00:00,0.0,0.0,0.0,4.7434163,9.5
2025-10-19 10:00:00,0.0,0.0,0.0,4.4659824,8.6
2025-10-19 11:00:00,0.0,0.0,0.0,3.2442255,6.0
2025-10-19 12:00:00,0.0,0.0,0.0,2.4300208,4.2
2025-10-19 13:00:00,0.0,0.0,0.0,2.441823,4.3
2025-10-19 14:00:00,0.0,0.0,0.0,2.4397748,4.4
2025-10-19 15:00:00,0.0,0.0,0.0,2.445915,4.4
2025-10-19 16:00:00,0.0,0.0,0.0,2.3900838,4.4
2025-10-19 17:00:00,0.0,0.0,0.0,2.4413111,4.4
2025-10-19 18:00:00,0.0,0.0,0.0,2.4413111,4.4
2025-10-19 19:00:00,0.0,0.0,0.0,2.510976,4.3
2025-10-19 20:00:00,0.0,0.0,0.0,2.530316,4.4
2025-10-19 21:00:00,0.0,0.0,0.0,2.4300208,4.2
2025-10-19 22:00:00,0.0,0.0,0.0,2.5700195,4.0
2025-10-19 23:00:00,0.0,0.0,0.0,2.5238857,3.9
2025-10-20 00:00:00,0.0,0.0,0.0,2.4964974,3.8
2025-10-20 01:00:00,0.0,0.0,0.0,2.5553863,3.7
2025-10-20 02:00:00,0.0,0.0,0.0,2.4869661,3.5
2025-10-20 03:00:00,0.0,0.0,0.0,2.641969,4.0
2025-10-20 04:00:00,0.0,0.0,0.0,2.7613401,4.8
2025-10-20 05:00:00,0.0,0.0,0.0,2.75,5.4
2025-10-20 06:00:00,0.0,0.0,0.0,2.7658632,5.9
2025-10-20 07:00:00,0.0,0.0,0.0,2.829311,6.6
2025-10-20 08:00:00,0.0,0.0,0.0,2.829311,6.6
2025-10-20 09:00:00,0.0,0.0,0.0,2.795085,6.3
2025-10-20 10:00:00,0.0,0.0,0.0,2.7041636,5.4
2025-10-20 11:00:00,0.0,0.0,0.0,1.5,2.5
2025-10-20 12:00:00,0.0,0.0,0.0,2.5612497,3.4
2025-10-20 13:00:00,0.0,0.0,0.0,2.710166,3.6
2025-10-20 14:00:00,0.0,0.0,0.0,2.7189152,3.7
2025-10-20 15:00:00,0.0,0.0,0.0,2.7294688,3.5
2025-10-20 16:00:00,0.0,0.0,0.0,2.3032584,3.1
2025-10-20 17:00:00,0.0,0.0,0.0,2.0426698,2.8
2025-10-20 18:00:00,0.0,0.0,0.0,1.7066048,2.4
2025-10-20 19:00:00,0.0,0.0,0.0,1.7066048,2.2
2025-10-20 20:00:00,0.0,0.0,0.0,1.9924859,2.4
2025-10-20 21:00:00,0.0,0.0,0.0,2.1708295,2.8
2025-10-20 22:00:00,0.0,0.0,0.0,2.3086793,3.1
2025-10-20 23:00:00,0.0,0.0,0.0,2.2461078,3.3
2025-10-21 00:00:00,0.0,0.0,0.0,2.236068,3.4
2025-10-21 01:00:00,0.0,0.0,0.0,2.2051077,3.5
2025-10-21 02:00:00,0.0,0.0,0.0,2.25,3.6
2025-10-21 03:00:00,0.0,0.0,0.0,2.5164459,4.1
2025-10-21 04:00:00,0.0,0.0,0.0,2.7225907,4.8
2025-10-21 05:00:00,0.0,0.0,0.0,2.408319,5.1
2025-10-21 06:00:00,0.0,0.0,0.0,2.5223997,5.3
2025-10-21 07:00:00,0.0,0.0,0.0,2.624881,6.2
2025-10-21 08:00:00,0.0,0.0,0.0,2.8319604,6.5
2025-10-21 09:00:00,0.0,0.0,0.0,3.0413814,6.7
2025-10-21 10:00:00,0.0,0.0,0.0,3.5017853,6.6
2025-10-21 11:00:00,0.0,0.0,0.0,3.0413814,5.2
2025-10-21 12:00:00,0.0,0.0,0.0,3.3234017,5.3
2025-10-21 13:00:00,0.0,0.0,0.0,3.7259226,6.2
2025-10-21 14:00:00,0.0,0.0,0.0,3.8832977,6.7
2025-10-21 15:00:00,0.0,0.0,0.0,3.9357338,6.9
2025-10-21 16:00:00,0.0,0.0,0.0,3.9739778,6.8
2025-10-21 17:00:00,0.0,0.0,0.0,3.9217343,6.6
2025-10-21 18:00:00,0.0,0.0,0.0,3.8581083,6.4
2025-10-21 19:00:00,0.0,0.0,0.0,3.7643058,6.5
2025-10-21 20:00:00,0.0,0.0,0.0,3.710795,6.4
2025-10-21 21:00:00,0.0,0.0,0.0,3.6017356,6.2
2025-10-21 22:00:00,0.0,0.0,0.0,3.640055,6.1
2025-10-21 23:00:00,0.0,0.0,0.0,3.6224992,6.4
2025-10-22 00:00:00,0.0,0.0,0.0,3.8108397,6.8
2025-10-22 01:00:00,0.0,0.0,0.0,3.9080045,6.9
2025-10-22 02:00:00,0.0,0.0,0.0,3.9322386,6.8
2025-10-22 03:00:00,0.0,0.0,0.0,4.101829,7.2
2025-10-22 04:00:00,0.0,0.0,0.0,4.463463,7.7
2025-10-22 05:00:00,0.0,0.0,0.0,4.335032,8.4
2025-10-22 06:00:00,0.0,0.0,0.0,4.527693,9.1
2025-10-22 07:00:00,0.0,0.0,0.0,4.6596675,9.6
2025-10-22 08:00:00,0.0,0.0,0.0,4.706644,9.7
2025-10-22 09:00:00,0.0,0.0,0.0,4.609772,9.4
2025-10-22 10:00:00,0.0,0.0,0.0,4.4002843,8.6
2025-10-22 11:00:00,0.0,0.0,0.0,4.061096,7.4
2025-10-22 12:00:00,0.0,0.0,0.0,3.9755504,7.1
2025-10-22 13:00:00,0.0,0.0,0.0,4.1692324,7.4
2025-10-22 14:00:00,0.0,0.0,0.0,4.250294,7.5
2025-10-22 15:00:00,0.0,0.0,0.0,4.3289723,7.6
2025-10-22 16:00:00,0.0,0.0,0.0,4.3737855,7.4
2025-10-22 17:00:00,0.0,0.0,0.0,4.2573466,7.2
2025-10-22 18:00:00,0.0,0.0,0.0,4.087175,7.0
2025-10-22 19:00:00,0.0,0.0,0.0,3.9423976,6.8
2025-10-22 20:00:00,0.0,0.0,0.0,3.7643058,6.5
2025-10-22 21:00:00,0.0,0.0,0.0,3.463019,5.9
2025-10-22 22:00:00,0.0,0.0,0.0,3.166228,5.5
2025-10-22 23:00:00,0.0,0.0,0.0,3.104835,5.1
2025-10-23 00:00:00,0.0,0.0,0.0,3.0842342,5.2
2025-10-23 01:00:00,0.0,0.0,0.0,3.1196957,5.4
2025-10-23 02:00:00,0.0,0.0,0.0,3.1120732,5.7
2025-10-23 03:00:00,0.0,0.0,0.0,3.443835,6.5
2025-10-23 04:00:00,0.0,0.0,0.0,3.758989,7.0
2025-10-23 05:00:00,0.0,0.0,0.0,3.522783,6.9
2025-10-23 06:00:00,0.0,0.0,0.0,3.2557642,6.7
2025-10-23 07:00:00,0.0,0.0,0.0,2.7202942,6.3
2025-10-23 08:00:00,0.0,0.0,0.0,2.7225907,6.3
2025-10-23 09:00:00,0.0,0.0,0.0,3.2449963,6.7
2025-10-23 10:00:00,0.0,0.0,0.0,2.8991377,5.9
2025-10-23 11:00:00,0.0,0.0,0.0,2.710166,4.6
2025-10-23 12:00:00,0.0,0.0,0.0,2.7771387,4.8
2025-10-23 13:00:00,0.0,0.0,0.0,3.0463092,5.3
2025-10-23 14:00:00,0.0,0.0,0.0,3.3320415,5.6
2025-10-23 15:00:00,0.0,0.0,0.0,3.4300146,5.9
2025-10-23 16:00:00,0.0,0.0,0.0,3.355965,5.7
2025-10-23 17:00:00,0.0,0.0,0.0,3.1910028,5.4
2025-10-23 18:00:00,0.0,0.0,0.0,3.0,5.2
2025-10-23 19:00:00,0.0,0.0,0.0,2.7608876,4.7
2025-10-23 20:00:00,0.0,0.0,0.0,2.5932605,4.3
2025-10-23 21:00:00,0.0,0.0,0.0,2.4274473,4.1
2025-10-23 22:00:00,0.0,0.0,0.0,2.3436084,3.9
2025-10-23 23:00:00,0.0,0.0,0.0,2.3436084,3.8
2025-10-24 00:00:00,0.0,0.0,0.0,2.302173,3.8
2025-10-24 01:00:00,0.0,0.0,0.0,2.2410934,3.7
2025-10-24 02:00:00,0.0,0.0,0.0,2.2299104,3.8
2025-10-24 03:00:00,0.0,0.0,0.0,2.5495098,4.6
2025-10-24 04:00:00,0.0,0.0,0.0,2.830636,5.4
2025-10-24 05:00:00,0.0,0.0,0.0,2.4382372,5.6
2025-10-24 06:00:00,0.0,0.0,0.0,2.350532,5.5
2025-10-24 07:00:00,0.0,0.0,0.0,2.265502,5.5
2025-10-24 08:00:00,0.0,0.0,0.0,2.1931713,5.3
2025-10-24 09:00:00,0.0,0.0,0.0,2.2147236,5.0
2025-10-24 10:00:00,0.0,0.0,0.0,1.8607794,4.2
2025-10-24 11:00:00,0.0,0.0,0.0,1.6507574,2.4
2025-10-24 12:00:00,0.0,0.0,0.0,2.3900838,3.5
2025-10-24 13:00:00,0.0,0.0,0.0,2.1965883,3.4
2025-10-24 14:00:00,0.0,0.0,0.0,2.1213202,3.5
2025-10-24 15:00:00,0.0,0.0,0.0,2.2276669,3.3
2025-10-24 16:00:00,0.0,0.0,0.0,2.337734,3.5
2025-10-24 17:00:00,0.0,0.0,0.0,2.6215453,3.1
2025-10-24 18:00:00,0.0,0.0,0.0,2.4010415,2.8
2025-10-24 19:00:00,0.0,0.0,0.0,1.9981241,2.4
2025-10-24 20:00:00,0.0,0.0,0.0,1.421267,1.8
2025-10-24 21:00:00,0.0,0.0,0.0,0.89442724,1.3
2025-10-24 22:00:00,0.0,0.0,0.0,0.76321685,1.5
2025-10-24 23:00:00,0.0,0.0,0.0,1.0630146,1.9
2025-10-25 00:00:00,0.0,0.0,0.0,1.5206907,2.2
2025-10-25 01:00:00,0.0,0.0,0.0,1.6278821,2.4
2025-10-25 02:00:00,0.0,0.0,0.0,1.5913831,2.4
2025-10-25 03:00:00,0.0,0.0,0.0,1.7902514,2.7
2025-10-25 04:00:00,0.0,0.0,0.0,2.3478713,3.3
2025-10-25 05:00:00,0.0,0.0,0.0,2.304886,4.1
2025-10-25 06:00:00,0.0,0.0,0.0,2.3032584,4.8
2025-10-25 07:00:00,0.0,0.0,0.0,2.304886,5.4
2025-10-25 08:00:00,0.0,0.0,0.0,2.324328,5.0
2025-10-25 09:00:00,0.0,0.0,0.0,2.3086793,4.6
2025-10-25 10:00:00,0.0,0.0,0.0,2.1708295,3.9
2025-10-25 11:00:00,0.0,0.0,0.0,2.5544078,3.9
2025-10-25 12:00:00,0.0,0.0,0.0,2.9719522,4.7
2025-10-25 13:00:00,0.0,0.0,0.0,3.2893767,5.5
2025-10-25 14:00:00,0.0,0.0,0.0,3.640055,5.9
2025-10-25 15:00:00,0.0,0.0,0.0,3.7805421,6.1
2025-10-25 16:00:00,0.0,0.0,0.0,3.8626416,6.2
2025-10-25 17:00:00,0.0,0.0,0.0,4.020572,6.4
2025-10-25 18:00:00,0.0,0.0,0.0,3.9385912,6.2
2025-10-25 19:00:00,0.0,0.0,0.0,3.7792194,6.7
2025-10-25 20:00:00,0.0,0.0,0.0,3.5654593,6.2
2025-10-25 21:00:00,0.0,0.0,0.0,3.4615748,6.0
2025-10-25 22:00:00,0.0,0.0,0.0,3.6718524,5.8
2025-10-25 23:00:00,0.0,0.0,0.0,3.6169739,5.7
2025-10-26 00:00:00,0.0,0.0,0.0,3.522783,5.6
2025-10-26 01:00:00,0.0,0.0,0.0,3.3948488,5.5
2025-10-26 02:00:00,0.0,0.0,0.0,3.2268407,5.2
2025-10-26 03:00:00,0.0,0.0,0.0,3.2984846,5.4
2025-10-26 04:00:00,0.0,0.0,0.0,3.482097,6.3
2025-10-26 05:00:00,0.0,0.0,0.0,3.496069,7.3
2025-10-26 06:00:00,0.0,0.0,0.0,3.3723137,7.7
2025-10-26 07:00:00,0.0,0.0,0.0,3.3365402,7.5
2025-10-26 08:00:00,0.0,0.0,0.0,3.051639,7.1
2025-10-26 09:00:00,0.0,0.0,0.0,2.9614186,6.7
2025-10-26 10:00:00,0.0,0.0,0.0,2.804015,6.2
2025-10-26 11:00:00,0.0,0.0,0.0,2.55196,5.3
2025-10-26 12:00:00,0.0,0.0,0.0,2.000625,3.4
2025-10-26 13:00:00,0.0,0.0,0.0,2.0056171,3.0
2025-10-26 14:00:00,0.0,0.0,0.0,1.7846568,2.8
2025-10-26 15:00:00,0.0,0.0,0.0,1.6007811,2.7
2025-10-26 16:00:00,0.0,0.0,0.0,1.5182227,2.5
2025-10-26 17:00:00,0.0,0.0,0.0,1.4807093,2.9
2025-10-26 18:00:00,0.0,0.0,0.0,1.7007352,2.0
2025-10-26 19:00:00,0.0,0.0,0.0,0.92195445,1.5
2025-10-26 20:00:00,0.0,0.0,0.0,0.45276925,1.3
2025-10-26 21:00:00,0.0,0.0,0.0,1.0307764,1.6
2025-10-26 22:00:00,0.0,0.0,0.0,1.56205,2.3
2025-10-26 23:00:00,0.0,0.0,0.0,1.8445866,2.7
2025-10-27 00:00:00,0.0,0.0,0.0,1.755705,3.0
2025-10-27 01:00:00,0.0,0.0,0.0,1.882817,3.0
2025-10-27 02:00:00,0.0,0.0,0.0,1.882817,3.2
2025-10-27 03:00:00,0.0,0.0,0.0,2.0880613,3.4
2025-10-27 04:00:00,0.0,0.0,0.0,2.2770596,4.6
2025-10-27 05:00:00,0.0,0.0,0.0,2.3286262,5.4
2025-10-27 06:00:00,0.0,0.0,0.0,2.5223997,6.0
2025-10-27 07:00:00,0.0,0.0,0.0,2.5480385,6.2
2025-10-27 08:00:00,0.0,0.0,0.0,2.6100767,6.2
2025-10-27 09:00:00,0.0,0.0,0.0,2.6879358,6.1
2025-10-27 10:00:00,0.0,0.0,0.0,2.8151379,5.5
2025-10-27 11:00:00,0.0,0.0,0.0,1.9912307,3.2
2025-10-27 12:00:00,0.0,0.0,0.0,2.1360009,3.4
2025-10-27 13:00:00,0.0,0.0,0.0,2.1914608,3.4
2025-10-27 14:00:00,0.0,0.0,0.0,2.184033,3.4
2025-10-27 15:00:00,0.0,0.0,0.0,2.1868927,3.4
2025-10-27 16:00:00,0.0,0.0,0.0,2.6172504,3.6
2025-10-27 17:00:00,0.0,0.0,0.0,2.6518862,3.5
2025-10-27 18:00:00,0.0,0.0,0.0,2.4505103,3.1
2025-10-27 19:00:00,0.0,0.0,0.0,2.2203605,2.7
2025-10-27 20:00:00,0.0,0.0,0.0,2.0426698,2.6
2025-10-27 21:00:00,0.0,0.0,0.0,2.0155644,2.7
2025-10-27 22:00:00,0.0,0.0,0.0,2.2051077,2.6
2025-10-27 23:00:00,0.0,0.0,0.0,2.2901967,2.3
2025-10-28 00:00:00,0.0,0.0,0.0,2.0808651,1.9
2025-10-28 01:00:00,0.0,0.0,0.0,1.637834,1.5
2025-10-28 02:00:00,0.0,0.0,0.0,1.0700467,1.1
2025-10-28 03:00:00,0.0,0.0,0.0,0.71589106,1.0
2025-10-28 04:00:00,0.0,0.0,0.0,0.7516648,1.9
2025-10-28 05:00:00,0.0,0.0,0.0,0.559017,2.4
2025-10-28 06:00:00,0.0,0.0,0.0,0.5830952,2.9
2025-10-28 07:00:00,0.0,0.0,0.0,0.6800735,3.3
2025-10-28 08:00:00,0.0,0.0,0.0,0.7516648,3.3
2025-10-28 09:00:00,0.0,0.0,0.0,0.6519202,2.9
2025-10-28 10:00:00,0.0,0.0,0.0,0.36400548,1.7
2025-10-28 11:00:00,0.0,0.0,0.0,0.57008773,0.9
2025-10-28 12:00:00,0.0,0.0,0.0,0.53851646,1.0
2025-10-28 13:00:00,0.0,0.0,0.0,0.65764725,1.4
2025-10-28 14:00:00,0.0,0.0,0.0,0.8732125,2.0
2025-10-28 15:00:00,0.0,0.0,0.0,1.4080127,2.8
2025-10-28 16:00:00,0.0,0.0,0.0,1.9962465,3.5
2025-10-28 17:00:00,0.0,0.0,0.0,2.3753946,3.6
2025-10-28 18:00:00,0.0,0.0,0.0,2.3307724,3.3
2025-10-28 19:00:00,0.0,0.0,0.0,2.2192342,3.0
2025-10-28 20:00:00,0.0,0.0,0.0,2.147091,3.3
2025-10-28 21:00:00,0.0,0.0,0.0,2.1931713,3.5
2025-10-28 22:00:00,0.0,0.0,0.0,2.2610838,3.5
2025-10-28 23:00:00,0.0,0.0,0.0,2.3070545,3.6
2025-10-29 00:00:00,0.0,0.0,0.0,2.326478,3.4
2025-10-29 01:00:00,0.0,0.0,0.0,2.4351592,3.0
2025-10-29 02:00:00,0.0,0.0,0.0,2.316247,2.8
2025-10-29 03:00:00,0.0,0.0,0.0,1.7923448,2.9
2025-10-29 04:00:00,0.0,0.0,0.0,2.3648467,4.8
2025-10-29 05:00:00,0.0,0.0,0.0,1.8560711,5.0
2025-10-29 06:00:00,0.0,0.0,0.0,1.5074813,4.7
2025-10-29 07:00:00,0.0,0.0,0.0,1.3829317,4.3
2025-10-29 08:00:00,0.0,0.0,0.0,1.8006942,4.9
2025-10-29 09:00:00,0.0,0.0,0.0,2.4020824,5.6
2025-10-29 10:00:00,0.0,0.0,0.0,2.294014,4.5
2025-10-29 11:00:00,0.0,0.0,0.0,1.8343936,2.8
2025-10-29 12:00:00,0.0,0.0,0.0,2.1965883,3.6
2025-10-29 13:00:00,0.0,0.0,0.0,2.3345234,3.8
2025-10-29 14:00:00,0.0,0.0,0.0,2.441823,4.2
2025-10-29 15:00:00,0.0,0.0,0.0,2.3648467,4.6
2025-10-29 16:00:00,0.0,0.0,0.0,2.6086395,4.6
2025-10-29 17:00:00,0.0,0.0,0.0,2.886174,4.6
2025-10-29 18:00:00,0.0,0.0,0.0,2.768122,4.4
2025-10-29 19:00:00,0.0,0.0,0.0,2.4596748,4.0
2025-10-29 20:00:00,0.0,0.0,0.0,2.581182,4.2
2025-10-29 21:00:00,0.0,0.0,0.0,2.7681222,4.5
2025-10-29 22:00:00,0.0,0.0,0.0,2.6277368,4.2
2025-10-29 23:00:00,0.0,0.0,0.0,2.376973,3.6
2025-10-30 00:00:00,0.0,0.0,0.0,2.404163,3.8
2025-10-30 01:00:00,0.0,0.0,0.0,2.5597851,4.1
2025-10-30 02:00:00,0.0,0.0,0.0,2.5739074,4.4
2025-10-30 03:00:00,0.0,0.0,0.0,2.8,4.8
2025-10-30 04:00:00,0.0,0.0,0.0,3.2035139,5.7
2025-10-30 05:00:00,0.0,0.0,0.0,3.151587,6.2
2025-10-30 06:00:00,0.0,0.0,0.0,3.3015149,6.9
2025-10-30 07:00:00,0.0,0.0,0.0,3.5672119,7.5
2025-10-30 08:00:00,0.0,0.0,0.0,3.7769036,7.8
2025-10-30 09:00:00,0.0,0.0,0.0,3.8209946,7.7
2025-10-30 10:00:00,0.0,0.0,0.0,3.7553296,6.6
2025-10-30 11:00:00,0.0,0.0,0.0,3.5626535,6.4
2025-10-30 12:00:00,0.0,0.0,0.0,3.5784075,6.2
2025-10-30 13:00:00,0.0,0.0,0.0,3.8890872,6.8
2025-10-30 14:00:00,0.0,0.0,0.0,4.0447497,7.0
2025-10-30 15:00:00,0.0,0.0,0.0,4.0376353,7.1
2025-10-30 16:00:00,0.0,0.0,0.0,4.1149116,7.2
2025-10-30 17:00:00,0.0,0.0,0.0,4.2026772,7.5
2025-10-30 18:00:00,0.0,0.0,0.0,4.25,7.8
2025-10-30 19:00:00,0.0,0.0,0.0,4.204759,7.4
2025-10-30 20:00:00,0.0,0.0,0.0,4.2547035,7.4
2025-10-30 21:00:00,0.0,0.0,0.0,4.2511764,7.5
2025-10-30 22:00:00,0.0,0.0,0.0,4.700266,7.7
2025-10-30 23:00:00,0.0,0.0,0.0,4.8002605,7.9
2025-10-31 00:00:00,0.0,0.0,0.0,5.0039983,8.1
2025-10-31 01:00:00,0.0,0.0,0.0,5.152184,8.4
2025-10-31 02:00:00,0.0,0.0,0.0,5.2509522,8.8
2025-10-31 03:00:00,0.0,0.0,0.0,5.3502336,9.3
2025-10-31 04:00:00,0.0,0.0,0.0,5.5002275,9.9
2025-10-31 05:00:00,0.0,0.0,0.0,5.302122,9.6
2025-10-31 06:00:00,0.0,0.0,0.0,5.8034477,11.0
2025-10-31 07:00:00,0.0,0.0,0.0,5.991035,11.7
2025-10-31 08:00:00,0.0,0.0,0.0,5.903389,11.5
2025-10-31 09:00:00,0.0,0.0,0.0,5.4233294,10.6
2025-10-31 10:00:00,0.0,0.0,0.0,5.135173,8.6
2025-10-31 11:00:00,0.0,0.0,0.0,4.652956,7.7
2025-10-31 12:00:00,0.0,0.0,0.0,4.236154,6.8
2025-10-31 13:00:00,0.0,0.0,0.0,3.956008,6.2
2025-10-31 14:00:00,0.2,0.2,0.0,3.757659,6.1
2025-10-31 15:00:00,0.6,0.6,0.0,3.2318726,5.9
2025-10-31 16:00:00,0.9,0.9,0.0,2.9732137,5.0
2025-10-31 17:00:00,1.4,1.4,0.0,3.1622777,5.3
2025-10-31 18:00:00,2.0,2.0,0.0,4.004997,6.4
2025-10-31 19:00:00,1.0,1.0,0.0,4.007805,7.3
2025-10-31 20:00:00,0.5,0.5,0.0,4.107615,7.5
2025-10-31 21:00:00,0.4,0.4,0.0,4.6270943,8.2
2025-10-31 22:00:00,0.4,0.4,0.0,4.315669,8.8
2025-10-31 23:00:00,0.2,0.2,0.0,4.5412,8.8
2025-11-01 00:00:00,0.1,0.1,0.0,4.5617976,9.0
2025-11-01 01:00:00,0.1,0.1,0.0,4.72705,9.3
2025-11-01 02:00:00,0.1,0.1,0.0,4.9862313,9.5
2025-11-01 03:00:00,0.1,0.1,0.0,5.2974052,9.9
2025-11-01 04:00:00,0.1,0.1,0.0,4.795049,8.4
2025-11-01 05:00:00,0.0,0.0,0.0,5.1973553,9.5
2025-11-01 06:00:00,0.0,0.0,0.0,5.917981,10.6
2025-11-01 07:00:00,0.0,0.0,0.0,6.47611,12.7
2025-11-01 08:00:00,0.1,0.1,0.0,6.963117,13.4
2025-11-01 09:00:00,0.1,0.1,0.0,6.604923,12.9
2025-11-01 10:00:00,0.0,0.0,0.0,6.6546974,11.7
2025-11-01 11:00:00,0.0,0.0,0.0,5.427937,9.6
2025-11-01 12:00:00,0.0,0.0,0.0,5.2952805,8.3
2025-11-01 13:00:00,0.0,0.0,0.0,4.918587,7.8
2025-11-01 14:00:00,0.0,0.0,0.0,4.7169905,7.5
2025-11-01 15:00:00,0.0,0.0,0.0,4.411916,7.1
2025-11-01 16:00:00,0.0,0.0,0.0,4.2059484,6.6
2025-11-01 17:00:00,0.0,0.0,0.0,4.022437,6.4
2025-11-01 18:00:00,0.0,0.0,0.0,4.060788,6.5
2025-11-01 19:00:00,0.0,0.0,0.0,4.0140376,7.2
2025-11-01 20:00:00,0.0,0.0,0.0,3.828838,6.8
2025-11-01 21:00:00,0.0,0.0,0.0,3.538361,6.3
2025-11-01 22:00:00,0.0,0.0,0.0,3.2330325,5.5
2025-11-01 23:00:00,0.0,0.0,0.0,3.1827662,5.2
2025-11-02 00:00:00,0.0,0.0,0.0,2.8999999,4.5
2025-11-02 01:00:00,0.0,0.0,0.0,2.624881,3.9
2025-11-02 02:00:00,0.0,0.0,0.0,2.4438698,3.8
2025-11-02 03:00:00,0.0,0.0,0.0,2.5739076,3.8
2025-11-02 04:00:00,0.0,0.0,0.0,2.804015,4.5
2025-11-02 05:00:00,0.0,0.0,0.0,3.051639,5.6
2025-11-02 06:00:00,0.1,0.1,0.0,3.5046399,7.2
2025-11-02 07:00:00,0.1,0.1,0.0,3.9044845,8.0
2025-11-02 08:00:00,0.2,0.2,0.0,4.031129,7.3
2025-11-02 09:00:00,0.3,0.3,0.0,3.8082147,7.4
2025-11-02 10:00:00,0.4,0.4,0.0,3.8745968,6.4
2025-11-02 11:00:00,0.4,0.4,0.0,3.8425252,6.2
2025-11-02 12:00:00,0.5,0.5,0.0,4.1548166,6.6
2025-11-02 13:00:00,0.6,0.6,0.0,4.4432535,7.2
2025-11-02 14:00:00,0.5,0.5,0.0,4.7333922,7.3
2025-11-02 15:00:00,0.3,0.3,0.0,4.8654394,7.6
2025-11-02 16:00:00,0.2,0.2,0.0,4.7801676,7.7
2025-11-02 17:00:00,0.1,0.1,0.0,4.366062,7.5
2025-11-02 18:00:00,0.1,0.1,0.0,3.8470767,6.6
2025-11-02 19:00:00,0.1,0.1,0.0,3.3305404,5.9
2025-11-02 20:00:00,0.1,0.1,0.0,2.8853076,5.0
2025-11-02 21:00:00,0.2,0.2,0.0,2.3837993,4.2
2025-11-02 22:00:00,0.2,0.2,0.0,1.8927494,3.2
2025-11-02 23:00:00,0.1,0.1,0.0,1.3238201,2.4
2025-11-03 00:00:00,0.1,0.1,0.0,0.78262377,1.9
2025-11-03 01:00:00,0.0,0.0,0.0,0.75,1.5
2025-11-03 02:00:00,0.0,0.0,0.0,0.86023253,1.6
2025-11-03 03:00:00,0.0,0.0,0.0,0.5147815,2.2
2025-11-03 04:00:00,0.1,0.1,0.0,0.46097723,2.7
2025-11-03 05:00:00,0.1,0.1,0.0,0.88459027,3.1
2025-11-03 06:00:00,0.2,0.2,0.0,0.8062258,3.6
2025-11-03 07:00:00,0.1,0.1,0.0,1.0816654,3.1
2025-11-03 08:00:00,0.2,0.2,0.0,2.1224985,4.9
2025-11-03 09:00:00,0.2,0.2,0.0,3.4058774,6.5
2025-11-03 10:00:00,0.3,0.3,0.0,4.4726944,8.2
2025-11-03 11:00:00,0.5,0.3,0.14,5.7578206,10.8
2025-11-03 12:00:00,0.6,0.100000024,0.35,6.776614,12.7
2025-11-03 13:00:00,0.6,0.0,0.42000002,7.1344237,13.4
2025-11-03 14:00:00,0.5,0.0,0.35,7.184184,13.3
2025-11-03 15:00:00,0.5,0.0,0.35,7.1142464,13.3
2025-11-03 16:00:00,0.4,0.0,0.28,7.2584434,13.6
2025-11-03 17:00:00,0.4,0.0,0.28,7.254309,13.4
2025-11-03 18:00:00,0.3,0.0,0.21000001,7.0507092,13.3
2025-11-03 19:00:00,0.2,0.0,0.14,6.850182,12.5
2025-11-03 20:00:00,0.2,0.0,0.14,6.7516665,12.5
2025-11-03 21:00:00,0.2,0.0,0.14,6.6068144,12.3
2025-11-03 22:00:00,0.1,0.0,0.07,6.6567636,12.4
2025-11-03 23:00:00,0.1,0.0,0.07,6.754628,12.2
2025-11-04 00:00:00,0.1,0.0,0.07,6.604733,11.9
2025-11-04 01:00:00,0.0,0.0,0.0,6.4031243,11.5
2025-11-04 02:00:00,0.0,0.0,0.0,6.2517996,11.4
2025-11-04 03:00:00,0.0,0.0,0.0,6.254998,11.3
2025-11-04 04:00:00,0.0,0.0,0.0,6.0632086,11.3
2025-11-04 05:00:00,0.0,0.0,0.0,5.975366,11.1
2025-11-04 06:00:00,0.0,0.0,0.0,5.8482904,10.9
2025-11-04 07:00:00,0.0,0.0,0.0,5.71358,11.5
2025-11-04 08:00:00,0.0,0.0,0.0,5.491812,11.2
2025-11-04 09:00:00,0.0,0.0,0.0,5.5108986,11.0
2025-11-04 10:00:00,0.0,0.0,0.0,5.885576,10.9
2025-11-04 11:00:00,0.0,0.0,0.0,5.894277,10.7
2025-11-04 12:00:00,0.0,0.0,0.0,5.8619537,10.3
2025-11-04 13:00:00,0.0,0.0,0.0,5.7924523,10.1
2025-11-04 14:00:00,0.0,0.0,0.0,5.0982842,9.4
2025-11-04 15:00:00,0.1,0.0,0.07,4.3900456,7.6
2025-11-04 16:00:00,0.0,0.0,0.0,3.83471,6.8
2025-11-04 17:00:00,0.0,0.0,0.0,4.0577087,6.3
2025-11-04 18:00:00,0.0,0.0,0.0,3.9147158,6.3
2025-11-04 19:00:00,0.0,0.0,0.0,3.7831864,6.8
2025-11-04 20:00:00,0.0,0.0,0.0,3.7165172,6.7
2025-11-04 21:00:00,0.0,0.0,0.0,3.5805027,6.5
2025-11-04 22:00:00,0.0,0.0,0.0,3.4655447,5.9
2025-11-04 23:00:00,0.0,0.0,0.0,3.405877,5.9
2025-11-05 00:00:00,0.0,0.0,0.0,3.7165172,6.4
2025-11-05 01:00:00,0.0,0.0,0.0,3.9373214,6.6
2025-11-05 02:00:00,0.0,0.0,0.0,3.1515868,5.6
2025-11-05 03:00:00,0.0,0.0,0.0,2.976995,5.2
2025-11-05 04:00:00,0.0,0.0,0.0,3.2695565,6.3
2025-11-05 05:00:00,0.0,0.0,0.0,3.167412,6.3
2025-11-05 06:00:00,0.0,0.0,0.0,3.1503968,6.6
2025-11-05 07:00:00,0.0,0.0,0.0,3.2163644,7.4
2025-11-05 08:00:00,0.0,0.0,0.0,3.6840875,8.0
2025-11-05 09:00:00,0.0,0.0,0.0,4.0853395,8.5
2025-11-05 10:00:00,0.0,0.0,0.0,4.3908997,8.4
2025-11-05 11:00:00,0.0,0.0,0.0,4.4601007,7.4
2025-11-05 12:00:00,0.0,0.0,0.0,4.527693,7.7
2025-11-05 13:00:00,0.0,0.0,0.0,4.883646,8.4
2025-11-05 14:00:00,0.0,0.0,0.0,4.788789,9.1
2025-11-05 15:00:00,0.0,0.0,0.0,4.9406476,8.9
2025-11-05 16:00:00,0.1,0.0,0.07,5.2100863,9.0
2025-11-05 17:00:00,0.1,0.0,0.07,5.2318735,9.4
2025-11-05 18:00:00,0.2,0.0,0.14,5.3263493,9.5
2025-11-05 19:00:00,0.3,0.0,0.21000001,5.352803,9.7
2025-11-05 20:00:00,0.3,0.0,0.21000001,5.352803,10.1
2025-11-05 21:00:00,0.3,0.0,0.21000001,5.5563025,9.8
2025-11-05 22:00:00,0.4,0.0,0.28,5.6242776,9.9
2025-11-05 23:00:00,0.3,0.0,0.21000001,5.551801,10.1
2025-11-06 00:00:00,0.3,0.0,0.21000001,5.3397098,9.8
2025-11-06 01:00:00,0.3,0.0,0.21000001,5.418718,9.9
2025-11-06 02:00:00,0.3,0.0,0.21000001,5.4671745,9.5
2025-11-06 03:00:00,0.2,0.0,0.14,5.18001,9.5
2025-11-06 04:00:00,0.1,0.0,0.07,5.1307898,9.7
2025-11-06 05:00:00,0.1,0.0,0.07,5.5652943,10.3
2025-11-06 06:00:00,0.0,0.0,0.0,5.926635,10.7
2025-11-06 07:00:00,0.0,0.0,0.0,5.7118297,10.9
2025-11-06 08:00:00,0.0,0.0,0.0,5.6923194,11.0
2025-11-06 09:00:00,0.1,0.0,0.07,5.4886246,10.8
2025-11-06 10:00:00,0.1,0.0,0.07,5.110039,9.2
2025-11-06 11:00:00,0.1,0.0,0.07,5.600223,10.5
2025-11-06 12:00:00,0.1,0.0,0.07,5.6222773,10.6
2025-11-06 13:00:00,0.1,0.0,0.07,5.73171,10.8
2025-11-06 14:00:00,0.1,0.0,0.07,5.8200088,10.8
2025-11-06 15:00:00,0.2,0.0,0.14,5.8105507,10.8
2025-11-06 16:00:00,0.2,0.0,0.14,5.860034,10.9
2025-11-06 17:00:00,0.2,0.0,0.14,5.940539,10.9
2025-11-06 18:00:00,0.2,0.0,0.14,5.882177,10.8
2025-11-06 19:00:00,0.4,0.0,0.28,5.8124866,10.6
2025-11-06 20:00:00,0.5,0.0,0.35,5.680009,10.4
2025-11-06 21:00:00,0.5,0.0,0.35,5.6703176,10.3
2025-11-06 22:00:00,0.6,0.0,0.42000002,5.5605755,10.3
2025-11-06 23:00:00,0.5,0.0,0.35,5.630719,10.4
2025-11-07 00:00:00,0.5,0.0,0.35,5.6703176,10.3
2025-11-07 01:00:00,0.4,0.0,0.28,5.710079,10.2
2025-11-07 02:00:00,0.3,0.0,0.21000001,5.72014,10.2
2025-11-07 03:00:00,0.3,0.0,0.21000001,5.72014,10.2
2025-11-07 04:00:00,0.2,0.0,0.14,5.911218,10.3
2025-11-07 05:00:00,0.2,0.0,0.14,5.5301447,9.2
2025-11-07 06:00:00,0.1,0.0,0.07,5.3807526,10.0
2025-11-07 07:00:00,0.1,0.0,0.07,5.630719,10.5
2025-11-07 08:00:00,0.0,0.0,0.0,5.255949,10.4
2025-11-07 09:00:00,0.1,0.0,0.07,5.5056787,9.4
2025-11-07 10:00:00,0.1,0.0,0.07,5.310602,10.6
2025-11-07 11:00:00,0.1,0.0,0.07,5.5915117,10.3
2025-11-07 12:00:00,0.1,0.0,0.07,5.490446,10.3
2025-11-07 13:00:00,0.0,0.0,0.0,5.700877,10.5
2025-11-07 14:00:00,0.0,0.0,0.0,5.841233,10.8
2025-11-07 15:00:00,0.0,0.0,0.0,5.9985414,11.1
2025-11-07 16:00:00,0.0,0.0,0.0,6.345274,11.6
2025-11-07 17:00:00,0.0,0.0,0.0,6.5568666,11.7
2025-11-07 18:00:00,0.1,0.0,0.07,6.726812,12.0
2025-11-07 19:00:00,0.0,0.0,0.0,6.935416,12.6
2025-11-07 20:00:00,0.0,0.0,0.0,7.1543694,13.0
2025-11-07 21:00:00,0.1,0.0,0.07,7.3109503,13.3
2025-11-07 22:00:00,0.3,0.0,0.21000001,7.7801027,13.5
2025-11-07 23:00:00,0.2,0.0,0.14,7.800641,13.7
2025-11-08 00:00:00,0.2,0.0,0.14,7.7950306,13.8
2025-11-08 01:00:00,0.3,0.0,0.21000001,7.6275816,14.0
2025-11-08 02:00:00,0.3,0.0,0.21000001,7.377838,13.9
2025-11-08 03:00:00,0.2,0.0,0.14,7.200694,13.6
2025-11-08 04:00:00,0.1,0.0,0.07,7.106335,13.3
2025-11-08 05:00:00,0.1,0.0,0.07,6.4111233,12.0
2025-11-08 06:00:00,0.1,0.0,0.07,7.0556717,12.6
2025-11-08 07:00:00,0.3,0.0,0.21000001,7.4027023,11.3
2025-11-08 08:00:00,0.2,0.0,0.14,7.1001763,12.0
2025-11-08 09:00:00,0.1,0.0,0.07,6.240392,11.6
2025-11-08 10:00:00,0.1,0.0,0.07,6.220129,11.6
2025-11-08 11:00:00,0.0,0.0,0.0,6.1611686,11.3
2025-11-08 12:00:00,0.0,0.0,0.0,6.1443067,11.1
2025-11-08 13:00:00,0.0,0.0,0.0,6.060116,11.0
2025-11-08 14:00:00,0.0,0.0,0.0,5.867282,10.7
2025-11-08 15:00:00,0.0,0.0,0.0,5.672081,10.2
2025-11-08 16:00:00,0.0,0.0,0.0,5.533986,10.0
2025-11-08 17:00:00,0.1,0.1,0.0,5.460082,10.0
2025-11-08 18:00:00,0.1,0.0,0.07,5.4115615,9.8
2025-11-08 19:00:00,0.1,0.1,0.0,5.5605755,9.9
2025-11-08 20:00:00,0.1,0.1,0.0,5.390733,9.7
2025-11-08 21:00:00,0.1,0.1,0.0,5.2368884,9.4
2025-11-08 22:00:00,0.1,0.1,0.0,5.0931325,9.4
2025-11-08 23:00:00,0.1,0.1,0.0,4.8592696,9.1
2025-11-09 00:00:00,0.1,0.0,0.07,4.632764,8.6
2025-11-09 01:00:00,0.2,0.0,0.14,4.473533,8.5
2025-11-09 02:00:00,0.4,0.0,0.28,4.543677,8.7
2025-11-09 03:00:00,0.8,0.0,0.56,4.642467,8.8
2025-11-09 04:00:00,1.4,0.0,0.97999996,5.042321,9.7
2025-11-09 05:00:00,1.3,0.0,0.90999997,5.3443894,10.1
2025-11-09 06:00:00,1.0,0.100000024,0.63,5.5226803,10.3
2025-11-09 07:00:00,0.7,0.0,0.48999998,5.3265843,10.3
2025-11-09 08:00:00,0.5,0.099999994,0.28,5.215362,9.5
2025-11-09 09:00:00,0.7,0.19999999,0.35,5.4113307,9.3
2025-11-09 10:00:00,0.8,0.19999999,0.42000002,5.472203,8.8
2025-11-09 11:00:00,1.1,0.20000005,0.63,5.2088866,9.4
2025-11-09 12:00:00,1.1,0.20000005,0.63,4.958074,8.8
2025-11-09 13:00:00,1.0,0.100000024,0.63,4.924429,8.4
2025-11-09 14:00:00,0.9,0.099999964,0.56,4.798177,8.0
2025-11-09 15:00:00,0.5,0.19999999,0.21000001,4.6002717,7.9
2025-11-09 16:00:00,0.7,0.39999998,0.21000001,4.4322677,8.0
2025-11-09 17:00:00,0.6,0.3,0.21000001,4.473533,8.2
2025-11-09 18:00:00,0.5,0.099999994,0.28,6.0854335,9.6
2025-11-09 19:00:00,0.4,0.0,0.28,7.05762,12.8
2025-11-09 20:00:00,0.1,0.0,0.07,6.982299,12.7
2025-11-09 21:00:00,0.0,0.0,0.0,6.7039165,12.2
2025-11-09 22:00:00,0.0,0.0,0.0,6.3737745,11.9
2025-11-09 23:00:00,0.0,0.0,0.0,5.9103723,11.2
2025-11-10 00:00:00,0.0,0.0,0.0,5.2423754,10.2
2025-11-10 01:00:00,0.0,0.0,0.0,4.57739,9.1
2025-11-10 02:00:00,0.0,0.0,0.0,4.315669,8.1
2025-11-10 03:00:00,0.0,0.0,0.0,4.1309805,7.2
2025-11-10 04:00:00,0.0,0.0,0.0,4.1617303,7.4
2025-11-10 05:00:00,0.0,0.0,0.0,4.313351,7.7
2025-11-10 06:00:00,0.0,0.0,0.0,4.3266616,7.9
2025-11-10 07:00:00,0.0,0.0,0.0,4.273757,8.0
2025-11-10 08:00:00,0.0,0.0,0.0,4.1608295,7.7
2025-11-10 09:00:00,0.0,0.0,0.0,3.9131188,7.9
2025-11-10 10:00:00,0.0,0.0,0.0,3.7503333,7.2
2025-11-10 11:00:00,0.0,0.0,0.0,3.0207615,5.7
2025-11-10 12:00:00,0.0,0.0,0.0,2.7280946,4.7
2025-11-10 13:00:00,0.0,0.0,0.0,3.0700164,4.7
2025-11-10 14:00:00,0.0,0.0,0.0,3.6417713,5.8
2025-11-10 15:00:00,0.0,0.0,0.0,4.137934,6.8
2025-11-10 16:00:00,0.0,0.0,0.0,4.4637427,7.3
2025-11-10 17:00:00,0.0,0.0,0.0,4.7320714,7.5
2025-11-10 18:00:00,0.0,0.0,0.0,5.3502336,8.3
2025-11-10 19:00:00,0.0,0.0,0.0,5.7812195,10.5
2025-11-10 20:00:00,0.0,0.0,0.0,6.3126855,11.6
2025-11-10 21:00:00,0.0,0.0,0.0,6.6562,12.2
2025-11-10 22:00:00,0.0,0.0,0.0,7.1505246,12.6
2025-11-10 23:00:00,0.0,0.0,0.0,7.2520685,12.9
2025-11-11 00:00:00,0.0,0.0,0.0,7.3893504,13.1
2025-11-11 01:00:00,0.0,0.0,0.0,7.567364,13.3
2025-11-11 02:00:00,0.0,0.0,0.0,7.5006666,13.4
2025-11-11 03:00:00,0.0,0.0,0.0,7.4367332,13.3
2025-11-11 04:00:00,0.0,0.0,0.0,7.2955465,13.1
2025-11-11 05:00:00,0.0,0.0,0.0,7.215608,12.7
2025-11-11 06:00:00,0.0,0.0,0.0,7.2832,13.2
2025-11-11 07:00:00,0.0,0.0,0.0,7.322738,13.5
2025-11-11 08:00:00,0.1,0.1,0.0,7.3186407,13.5
2025-11-11 09:00:00,0.2,0.1,0.07,6.8603935,12.6
2025-11-11 10:00:00,0.3,0.20000002,0.07,6.50884,11.7
2025-11-11 11:00:00,0.3,0.20000002,0.07,6.481705,11.5
2025-11-11 12:00:00,0.3,0.20000002,0.07,6.6652083,11.7
2025-11-11 13:00:00,0.3,0.20000002,0.07,6.811754,12.0
2025-11-11 14:00:00,0.4,0.3,0.07,6.8249545,12.2
2025-11-11 15:00:00,0.5,0.19999999,0.21000001,6.8104696,12.3
2025-11-11 16:00:00,0.5,0.3,0.14,6.8302636,12.1
2025-11-11 17:00:00,0.6,0.3,0.21000001,6.6800075,12.1
2025-11-11 18:00:00,0.8,0.19999999,0.42000002,6.430008,12.3
2025-11-11 19:00:00,0.8,0.4,0.28,6.320008,11.7
2025-11-11 20:00:00,0.7,0.29999998,0.28,6.1306605,11.2
2025-11-11 21:00:00,0.7,0.19999999,0.35,5.842303,10.6
2025-11-11 22:00:00,0.5,0.19999999,0.21000001,5.452064,9.7
2025-11-11 23:00:00,0.4,0.2,0.14,5.0621142,8.9
2025-11-12 00:00:00,0.2,0.2,0.0,4.540099,8.2
2025-11-12 01:00:00,0.1,0.1,0.0,4.018084,7.5
2025-11-12 02:00:00,0.1,0.1,0.0,3.7566607,7.1
2025-11-12 03:00:00,0.2,0.2,0.0,3.3305404,6.7
2025-11-12 04:00:00,0.1,0.1,0.0,3.0700164,6.6
2025-11-12 05:00:00,0.1,0.1,0.0,2.9516945,6.2
2025-11-12 06:00:00,0.1,0.1,0.0,2.45,5.8
2025-11-12 07:00:00,0.0,0.0,0.0,2.5,6.3
2025-11-12 08:00:00,0.0,0.0,0.0,2.754088,6.1
2025-11-12 09:00:00,0.0,0.0,0.0,2.7018514,5.5
2025-11-12 10:00:00,0.0,0.0,0.0,3.3948488,6.5
2025-11-12 11:00:00,0.0,0.0,0.0,3.8200133,7.0
2025-11-12 12:00:00,0.0,0.0,0.0,4.0577087,7.9
2025-11-12 13:00:00,0.0,0.0,0.0,4.2979646,8.0
2025-11-12 14:00:00,0.0,0.0,0.0,4.3266616,7.8
2025-11-12 15:00:00,0.0,0.0,0.0,3.8694315,7.0
2025-11-12 16:00:00,0.0,0.0,0.0,3.662308,6.4
2025-11-12 17:00:00,0.0,0.0,0.0,3.43984,5.6
2025-11-12 18:00:00,0.0,0.0,0.0,3.2070236,5.8
2025-11-12 19:00:00,0.0,0.0,0.0,2.884874,5.4
2025-11-12 20:00:00,0.0,0.0,0.0,2.996665,5.6
2025-11-12 21:00:00,0.0,0.0,0.0,3.2206366,6.0
2025-11-12 22:00:00,0.0,0.0,0.0,3.5510561,6.2
2025-11-12 23:00:00,0.0,0.0,0.0,3.662308,6.4
2025-11-13 00:00:00,0.0,0.0,0.0,3.8551915,6.6
2025-11-13 01:00:00,0.0,0.0,0.0,3.7165172,7.3
2025-11-13 02:00:00,0.0,0.0,0.0,3.7583241,7.3
2025-11-13 03:00:00,0.0,0.0,0.0,3.6055512,7.1
2025-11-13 04:00:00,0.0,0.0,0.0,3.4300146,7.1
2025-11-13 05:00:00,0.0,0.0,0.0,3.8967936,8.2
2025-11-13 06:00:00,0.0,0.0,0.0,4.4432535,8.6
2025-11-13 07:00:00,0.0,0.0,0.0,4.302615,8.0
2025-11-13 08:00:00,0.0,0.0,0.0,4.022437,7.5
2025-11-13 09:00:00,0.0,0.0,0.0,3.764638,6.8
2025-11-13 10:00:00,0.0,0.0,0.0,3.473111,6.1
2025-11-13 11:00:00,0.0,0.0,0.0,2.5773048,4.5
2025-11-13 12:00:00,0.0,0.0,0.0,1.9104973,3.4
2025-11-13 13:00:00,0.0,0.0,0.0,2.4545875,3.3
2025-11-13 14:00:00,0.0,0.0,0.0,2.4515302,3.8
2025-11-13 15:00:00,0.0,0.0,0.0,2.5317976,4.3
2025-11-13 16:00:00,0.0,0.0,0.0,2.8792362,3.8
2025-11-13 17:00:00,0.0,0.0,0.0,2.55,4.0
2025-11-13 18:00:00,0.0,0.0,0.0,2.530316,4.2
2025-11-13 19:00:00,0.0,0.0,0.0,2.2671568,4.1
2025-11-13 20:00:00,0.0,0.0,0.0,2.350532,4.5
2025-11-13 21:00:00,0.0,0.0,0.0,2.7322152,4.7
2025-11-13 22:00:00,0.0,0.0,0.0,2.7973201,4.5
2025-11-13 23:00:00,0.0,0.0,0.0,2.754088,4.5
2025-11-14 00:00:00,0.0,0.0,0.0,2.8257742,4.6
2025-11-14 01:00:00,0.0,0.0,0.0,2.7658634,4.8
2025-11-14 02:00:00,0.0,0.0,0.0,2.5124688,5.0
2025-11-14 03:00:00,0.0,0.0,0.0,2.0506096,5.0
2025-11-14 04:00:00,0.0,0.0,0.0,2.3505318,4.5
2025-11-14 05:00:00,0.0,0.0,0.0,2.9605744,5.9
2025-11-14 06:00:00,0.0,0.0,0.0,3.1196954,6.6
2025-11-14 07:00:00,0.0,0.0,0.0,3.0700164,5.7
2025-11-14 08:00:00,0.0,0.0,0.0,3.1256998,5.7
2025-11-14 09:00:00,0.0,0.0,0.0,3.0149627,5.3
2025-11-14 10:00:00,0.0,0.0,0.0,2.326478,3.9
2025-11-14 11:00:00,0.0,0.0,0.0,2.1029742,3.8
2025-11-14 12:00:00,0.0,0.0,0.0,2.7354157,4.5
2025-11-14 13:00:00,0.0,0.0,0.0,3.0335624,5.0
2025-11-14 14:00:00,0.0,0.0,0.0,3.1503968,5.1
2025-11-14 15:00:00,0.0,0.0,0.0,3.0066593,4.9
2025-11-14 16:00:00,0.0,0.0,0.0,3.0504098,5.0
2025-11-14 17:00:00,0.0,0.0,0.0,3.0066593,5.4
2025-11-14 18:00:00,0.0,0.0,0.0,3.05,5.7
2025-11-14 19:00:00,0.0,0.0,0.0,3.0438464,5.1
2025-11-14 20:00:00,0.0,0.0,0.0,3.0805843,5.1
2025-11-14 21:00:00,0.0,0.0,0.0,3.1084561,5.1
2025-11-14 22:00:00,0.0,0.0,0.0,3.238055,5.4
2025-11-14 23:00:00,0.0,0.0,0.0,3.434021,5.6
2025-11-15 00:00:00,0.0,0.0,0.0,3.51141,5.8
2025-11-15 01:00:00,0.0,0.0,0.0,3.4539833,5.7
2025-11-15 02:00:00,0.0,0.0,0.0,3.4014702,5.7
2025-11-15 03:00:00,0.0,0.0,0.0,3.49285,5.7
2025-11-15 04:00:00,0.0,0.0,0.0,3.7980258,6.1
2025-11-15 05:00:00,0.0,0.0,0.0,3.7165172,6.2
2025-11-15 06:00:00,0.0,0.0,0.0,3.6868007,6.6
2025-11-15 07:00:00,0.0,0.0,0.0,3.5756116,7.4
2025-11-15 08:00:00,0.0,0.0,0.0,3.525975,7.4
2025-11-15 09:00:00,0.0,0.0,0.0,3.2268407,6.7
2025-11-15 10:00:00,0.0,0.0,0.0,3.6345563,6.4
2025-11-15 11:00:00,0.0,0.0,0.0,3.3185086,6.1
2025-11-15 12:00:00,0.0,0.0,0.0,3.4179673,6.4
2025-11-15 13:00:00,0.0,0.0,0.0,3.5672119,6.4
2025-11-15 14:00:00,0.0,0.0,0.0,3.522783,6.2
2025-11-15 15:00:00,0.0,0.0,0.0,3.5724642,6.1
2025-11-15 16:00:00,0.0,0.0,0.0,3.7165172,6.3
2025-11-15 17:00:00,0.0,0.0,0.0,3.766298,6.4
2025-11-15 18:00:00,0.0,0.0,0.0,3.7583241,6.6
2025-11-15 19:00:00,0.0,0.0,0.0,3.905125,6.9
2025-11-15 20:00:00,0.0,0.0,0.0,4.007805,7.1
2025-11-15 21:00:00,0.0,0.0,0.0,4.160829,7.3
2025-11-15 22:00:00,0.0,0.0,0.0,4.5334864,7.6
2025-11-15 23:00:00,0.0,0.0,0.0,4.682414,7.8
2025-11-16 00:00:00,0.0,0.0,0.0,4.7320714,7.9
2025-11-16 01:00:00,0.0,0.0,0.0,4.5334864,7.8
2025-11-16 02:00:00,0.0,0.0,0.0,4.3234825,7.7
2025-11-16 03:00:00,0.0,0.0,0.0,4.452527,7.9
2025-11-16 04:00:00,0.0,0.0,0.0,4.8010416,8.7
2025-11-16 05:00:00,0.0,0.0,0.0,5.100245,9.1
2025-11-16 06:00:00,0.0,0.0,0.0,4.9510098,9.4
2025-11-16 07:00:00,0.0,0.0,0.0,4.856439,9.7
2025-11-16 08:00:00,0.0,0.0,0.0,4.7668123,9.2
2025-11-16 09:00:00,0.0,0.0,0.0,5.0798626,9.6
2025-11-16 10:00:00,0.0,0.0,0.0,5.07001,8.8
2025-11-16 11:00:00,0.0,0.0,0.0,4.8093657,8.1
2025-11-16 12:00:00,0.0,0.0,0.0,4.7095647,8.1
2025-11-16 13:00:00,0.0,0.0,0.0,4.821048,8.4
2025-11-16 14:00:00,0.0,0.0,0.0,4.8869724,8.7
2025-11-16 15:00:00,0.0,0.0,0.0,4.9429245,8.9
2025-11-16 16:00:00,0.0,0.0,0.0,4.9648767,8.8
2025-11-16 17:00:00,0.0,0.0,0.0,4.790094,8.5
2025-11-16 18:00:00,0.0,0.0,0.0,4.680278,8.3
2025-11-16 19:00:00,0.0,0.0,0.0,4.7594643,8.5
2025-11-16 20:00:00,0.0,0.0,0.0,4.7759814,8.5
2025-11-16 21:00:00,0.0,0.0,0.0,4.651881,8.3
2025-11-16 22:00:00,0.0,0.0,0.0,4.7691717,8.2
2025-11-16 23:00:00,0.0,0.0,0.0,4.776243,8.0
2025-11-17 00:00:00,0.0,0.0,0.0,4.4687805,7.6
2025-11-17 01:00:00,0.1,0.1,0.0,4.101829,6.7
2025-11-17 02:00:00,0.0,0.0,0.0,3.6704905,5.9
2025-11-17 03:00:00,0.0,0.0,0.0,3.3185086,5.3
2025-11-17 04:00:00,0.0,0.0,0.0,3.0870697,5.3
2025-11-17 05:00:00,0.0,0.0,0.0,2.8504386,5.2
2025-11-17 06:00:00,0.0,0.0,0.0,2.4864633,5.4
2025-11-17 07:00:00,0.0,0.0,0.0,2.654242,5.3
2025-11-17 08:00:00,0.0,0.0,0.0,2.4026027,4.4
2025-11-17 09:00:00,0.0,0.0,0.0,2.107724,3.9
2025-11-17 10:00:00,0.0,0.0,0.0,1.059481,2.6
2025-11-17 11:00:00,0.0,0.0,0.0,1.0547512,2.3
2025-11-17 12:00:00,0.0,0.0,0.0,1.3647344,2.7
2025-11-17 13:00:00,0.0,0.0,0.0,1.7007352,3.2
2025-11-17 14:00:00,0.0,0.0,0.0,1.9313208,3.8
2025-11-17 15:00:00,0.0,0.0,0.0,2.0615528,4.1
2025-11-17 16:00:00,0.0,0.0,0.0,2.2102036,4.2
2025-11-17 17:00:00,0.0,0.0,0.0,2.2147236,4.1
2025-11-17 18:00:00,0.0,0.0,0.0,2.3086793,4.1
2025-11-17 19:00:00,0.0,0.0,0.0,2.433105,4.1
2025-11-17 20:00:00,0.0,0.0,0.0,2.6043231,4.5
2025-11-17 21:00:00,0.0,0.0,0.0,2.7041636,4.9
2025-11-17 22:00:00,0.0,0.0,0.0,3.05,5.2
2025-11-17 23:00:00,0.0,0.0,0.0,3.1642535,5.5
2025-11-18 00:00:00,0.0,0.0,0.0,3.3143625,5.9
2025-11-18 01:00:00,0.0,0.0,0.0,3.525975,6.3
2025-11-18 02:00:00,0.0,0.0,0.0,3.49285,6.5
2025-11-18 03:00:00,0.0,0.0,0.0,3.467708,6.7
2025-11-18 04:00:00,0.0,0.0,0.0,3.6472592,7.0
2025-11-18 05:00:00,0.0,0.0,0.0,3.508917,6.8
2025-11-18 06:00:00,0.0,0.0,0.0,3.451449,7.0
2025-11-18 07:00:00,0.0,0.0,0.0,3.0793667,6.2
2025-11-18 08:00:00,0.0,0.0,0.0,2.7060118,5.6
2025-11-18 09:00:00,0.0,0.0,0.0,2.3711812,4.5
2025-11-18 10:00:00,0.0,0.0,0.0,1.7088008,3.9
2025-11-18 11:00:00,0.0,0.0,0.0,2.0130823,3.8
2025-11-18 12:00:00,0.0,0.0,0.0,2.2203605,4.1
2025-11-18 13:00:00,0.0,0.0,0.0,2.3005433,4.1
2025-11-18 14:00:00,0.0,0.0,0.0,2.2549944,4.2
2025-11-18 15:00:00,0.0,0.0,0.0,2.3135471,4.4
2025-11-18 16:00:00,0.0,0.0,0.0,2.3759208,4.8
2025-11-18 17:00:00,0.0,0.0,0.0,2.3345234,4.8
2025-11-18 18:00:00,0.0,0.0,0.0,2.2276669,4.6
2025-11-18 19:00:00,0.0,0.0,0.0,2.0056171,3.4
2025-11-18 20:00:00,0.0,0.0,0.0,2.0024984,3.4
2025-11-18 21:00:00,0.0,0.0,0.0,2.0056171,3.4
2025-11-18 22:00:00,0.0,0.0,0.0,1.9659604,3.3
2025-11-18 23:00:00,0.0,0.0,0.0,2.059733,3.2
2025-11-19 00:00:00,0.0,0.0,0.0,2.0524375,3.3
2025-11-19 01:00:00,0.0,0.0,0.0,2.252221,3.5
2025-11-19 02:00:00,0.0,0.0,0.0,2.3086793,3.6
2025-11-19 03:00:00,0.0,0.0,0.0,2.2203605,3.6
2025-11-19 04:00:00,0.0,0.0,0.0,2.4824383,4.5
2025-11-19 05:00:00,0.0,0.0,0.0,2.5005,5.1
2025-11-19 06:00:00,0.0,0.0,0.0,2.3537204,5.3
2025-11-19 07:00:00,0.0,0.0,0.0,2.5622256,5.6
2025-11-19 08:00:00,0.0,0.0,0.0,2.8504384,5.9
2025-11-19 09:00:00,0.0,0.0,0.0,2.7572632,5.5
2025-11-19 10:00:00,0.0,0.0,0.0,2.9347062,5.0
2025-11-19 11:00:00,0.0,0.0,0.0,3.104835,4.7
2025-11-19 12:00:00,0.0,0.0,0.0,3.1148837,4.8
2025-11-19 13:00:00,0.0,0.0,0.0,3.25,5.2
2025-11-19 14:00:00,0.0,0.0,0.0,3.398897,5.6
2025-11-19 15:00:00,0.0,0.0,0.0,3.473111,5.8
2025-11-19 16:00:00,0.0,0.0,0.0,3.5106978,6.0
2025-11-19 17:00:00,0.0,0.0,0.0,3.4702306,6.0
2025-11-19 18:00:00,0.0,0.0,0.0,3.490702,6.2
2025-11-19 19:00:00,0.0,0.0,0.0,3.6311154,6.4
2025-11-19 20:00:00,0.0,0.0,0.0,3.9258757,6.9
2025-11-19 21:00:00,0.0,0.0,0.0,4.032989,7.1
2025-11-19 22:00:00,0.0,0.0,0.0,4.1743264,7.3
2025-11-19 23:00:00,0.0,0.0,0.0,4.2201896,7.1
2025-11-20 00:00:00,0.0,0.0,0.0,4.133098,6.8
2025-11-20 01:00:00,0.0,0.0,0.0,4.2026777,7.0
2025-11-20 02:00:00,0.0,0.0,0.0,4.1907635,7.2
2025-11-20 03:00:00,0.0,0.0,0.0,4.35,7.3
2025-11-20 04:00:00,0.0,0.0,0.0,4.5013885,8.5
2025-11-20 05:00:00,0.0,0.0,0.0,5.1973553,9.7
2025-11-20 06:00:00,0.0,0.0,0.0,5.5973206,10.7
2025-11-20 07:00:00,0.0,0.0,0.0,5.315073,10.6
2025-11-20 08:00:00,0.0,0.0,0.0,6.3820057,10.5
2025-11-20 09:00:00,0.0,0.0,0.0,5.456189,10.2
2025-11-20 10:00:00,0.0,0.0,0.0,4.7605147,9.4
2025-11-20 11:00:00,0.0,0.0,0.0,4.243819,8.7
2025-11-20 12:00:00,0.0,0.0,0.0,4.5105433,9.0
2025-11-20 13:00:00,0.1,0.1,0.0,4.4300113,8.6
2025-11-20 14:00:00,0.2,0.2,0.0,4.1548166,7.8
2025-11-20 15:00:00,0.4,0.4,0.0,3.8029594,7.5
2025-11-20 16:00:00,0.4,0.4,0.0,3.9373214,8.1
2025-11-20 17:00:00,0.2,0.2,0.0,4.0028114,8.1
2025-11-20 18:00:00,0.1,0.1,0.0,4.2520585,8.3
2025-11-20 19:00:00,0.0,0.0,0.0,4.4525275,8.0
2025-11-20 20:00:00,0.1,0.1,0.0,4.5412006,8.2
2025-11-20 21:00:00,0.2,0.2,0.0,4.3002906,7.8
2025-11-20 22:00:00,0.2,0.2,0.0,4.014038,7.2
2025-11-20 23:00:00,0.0,0.0,0.0,3.65,6.3
2025-11-21 00:00:00,0.1,0.1,0.0,3.1622777,5.4
2025-11-21 01:00:00,0.2,0.2,0.0,2.960152,4.9
2025-11-21 02:00:00,0.1,0.1,0.0,2.6004808,4.6
2025-11-21 03:00:00,0.0,0.0,0.0,2.6462238,4.8
2025-11-21 04:00:00,0.0,0.0,0.0,3.281006,5.7
2025-11-21 05:00:00,0.0,0.0,0.0,3.55,6.8
2025-11-21 06:00:00,0.0,0.0,0.0,3.3185086,7.0
2025-11-21 07:00:00,0.0,0.0,0.0,2.9038768,6.3
2025-11-21 08:00:00,0.0,0.0,0.0,2.7041636,5.9
2025-11-21 09:00:00,0.0,0.0,0.0,2.8779333,6.1
2025-11-21 10:00:00,0.0,0.0,0.0,3.1484122,6.2
2025-11-21 11:00:00,0.0,0.0,0.0,2.9516945,5.7
2025-11-21 12:00:00,0.0,0.0,0.0,2.8779333,5.4
2025-11-21 13:00:00,0.0,0.0,0.0,2.828427,5.2
2025-11-21 14:00:00,0.0,0.0,0.0,2.965215,5.5
2025-11-21 15:00:00,0.0,0.0,0.0,2.7518177,5.5
2025-11-21 16:00:00,0.0,0.0,0.0,2.5504901,5.5
2025-11-21 17:00:00,0.0,0.0,0.0,2.3521266,4.8
2025-11-21 18:00:00,0.0,0.0,0.0,2.0099752,4.2
2025-11-21 19:00:00,0.0,0.0,0.0,1.5074813,2.7
2025-11-21 20:00:00,0.0,0.0,0.0,1.8506756,2.4
2025-11-21 21:00:00,0.0,0.0,0.0,2.0099752,2.5
2025-11-21 22:00:00,0.0,0.0,0.0,1.5524175,2.7
2025-11-21 23:00:00,0.0,0.0,0.0,2.1965883,2.4
2025-11-22 00:00:00,0.0,0.0,0.0,2.0155644,1.9
2025-11-22 01:00:00,0.0,0.0,0.0,1.5041609,1.3
2025-11-22 02:00:00,0.0,0.0,0.0,1.5206907,1.4
2025-11-22 03:00:00,0.0,0.0,0.0,1.2589679,1.6
2025-11-22 04:00:00,0.0,0.0,0.0,1.0735455,2.7
2025-11-22 05:00:00,0.0,0.0,0.0,1.421267,4.6
2025-11-22 06:00:00,0.0,0.0,0.0,2.3584952,6.1
2025-11-22 07:00:00,0.0,0.0,0.0,2.9295902,6.5
2025-11-22 08:00:00,0.0,0.0,0.0,3.3203917,7.0
2025-11-22 09:00:00,0.0,0.0,0.0,3.5106978,7.0
2025-11-22 10:00:00,0.0,0.0,0.0,3.3245301,5.9
2025-11-22 11:00:00,0.0,0.0,0.0,3.0594118,5.4
2025-11-22 12:00:00,0.0,0.0,0.0,3.3245301,5.9
2025-11-22 13:00:00,0.0,0.0,0.0,3.4860437,6.4
2025-11-22 14:00:00,0.0,0.0,0.0,3.7513332,6.7
2025-11-22 15:00:00,0.0,0.0,0.0,4.1303754,7.2
2025-11-22 16:00:00,0.0,0.0,0.0,4.5991845,7.9
2025-11-22 17:00:00,0.0,0.0,0.0,4.7668123,8.5
2025-11-22 18:00:00,0.0,0.0,0.0,4.9340653,8.9
2025-11-22 19:00:00,0.0,0.0,0.0,4.990491,9.1
2025-11-22 20:00:00,0.0,0.0,0.0,4.9648767,9.0
2025-11-22 21:00:00,0.0,0.0,0.0,5.0936236,9.4
2025-11-22 22:00:00,0.0,0.0,0.0,5.783165,10.1
2025-11-22 23:00:00,0.0,0.0,0.0,6.153251,10.7
2025-11-23 00:00:00,0.7,0.59999996,0.07,6.3890533,11.3
2025-11-23 01:00:00,0.3,0.20000002,0.07,6.6140003,11.9
2025-11-23 02:00:00,0.0,0.0,0.0,6.8346543,12.3
2025-11-23 03:00:00,0.0,0.0,0.0,6.8309956,12.5
2025-11-23 04:00:00,0.0,0.0,0.0,6.683001,12.6
2025-11-23 05:00:00,0.0,0.0,0.0,6.6897306,12.5
2025-11-23 06:00:00,0.0,0.0,0.0,6.7357254,12.7
2025-11-23 07:00:00,0.0,0.0,0.0,6.6530066,12.2
2025-11-23 08:00:00,0.0,0.0,0.0,6.3820057,11.8
2025-11-23 09:00:00,0.0,0.0,0.0,6.180008,11.6
2025-11-23 10:00:00,0.0,0.0,0.0,6.3017855,11.3
2025-11-23 11:00:00,0.0,0.0,0.0,6.357083,11.3
2025-11-23 12:00:00,0.0,0.0,0.0,6.4158006,11.5
2025-11-23 13:00:00,0.0,0.0,0.0,6.627405,11.8
2025-11-23 14:00:00,0.0,0.0,0.0,7.0556717,12.3
2025-11-23 15:00:00,0.0,0.0,0.0,7.4632435,12.8
2025-11-23 16:00:00,0.0,0.0,0.0,7.3493195,12.9
2025-11-23 17:00:00,0.0,0.0,0.0,7.119691,12.8
2025-11-23 18:00:00,0.3,0.3,0.0,6.9097757,15.6
2025-11-23 19:00:00,0.1,0.1,0.0,6.9399204,12.7
2025-11-23 20:00:00,0.1,0.1,0.0,6.7708936,12.6
2025-11-23 21:00:00,0.0,0.0,0.0,6.356493,11.7
2025-11-23 22:00:00,0.0,0.0,0.0,5.900212,10.9
2025-11-23 23:00:00,0.1,0.1,0.0,5.3539705,9.9
2025-11-24 00:00:00,0.2,0.2,0.0,4.704253,8.7
2025-11-24 01:00:00,0.4,0.4,0.0,3.8939054,7.4
2025-11-24 02:00:00,0.6,0.6,0.0,2.8412147,5.8
2025-11-24 03:00:00,0.3,0.3,0.0,2.1633308,5.0
2025-11-24 04:00:00,0.1,0.1,0.0,2.5019991,5.5
2025-11-24 05:00:00,0.0,0.0,0.0,3.176476,6.5
2025-11-24 06:00:00,0.0,0.0,0.0,3.3678627,7.1
2025-11-24 07:00:00,0.0,0.0,0.0,3.2897568,6.8
2025-11-24 08:00:00,0.0,0.0,0.0,3.0536864,6.3
2025-11-24 09:00:00,0.0,0.0,0.0,2.8504386,5.8
2025-11-24 10:00:00,0.0,0.0,0.0,2.6215453,5.4
2025-11-24 11:00:00,0.0,0.0,0.0,2.1708293,4.2
2025-11-24 12:00:00,0.0,0.0,0.0,1.9163768,2.9
2025-11-24 13:00:00,0.0,0.0,0.0,1.9525625,3.2
2025-11-24 14:00:00,0.0,0.0,0.0,1.978004,3.2
2025-11-24 15:00:00,0.0,0.0,0.0,1.8848077,3.9
2025-11-24 16:00:00,0.0,0.0,0.0,1.9300259,3.2
2025-11-24 17:00:00,0.0,0.0,0.0,1.4534441,3.3
2025-11-24 18:00:00,0.0,0.0,0.0,1.9209373,3.5
2025-11-24 19:00:00,0.0,0.0,0.0,2.0124612,3.5
2025-11-24 20:00:00,0.0,0.0,0.0,2.0573041,3.6
2025-11-24 21:00:00,0.0,0.0,0.0,2.0248456,3.5
2025-11-24 22:00:00,0.0,0.0,0.0,1.9006578,3.6
2025-11-24 23:00:00,0.0,0.0,0.0,1.9235383,3.4
2025-11-25 00:00:00,0.0,0.0,0.0,1.9602296,3.8
2025-11-25 01:00:00,0.0,0.0,0.0,2.1644862,4.1
2025-11-25 02:00:00,0.0,0.0,0.0,2.392697,4.7
2025-11-25 03:00:00,0.1,0.1,0.0,2.6234517,5.4
2025-11-25 04:00:00,0.0,0.0,0.0,2.865746,6.2
2025-11-25 05:00:00,0.0,0.0,0.0,3.083018,6.6
2025-11-25 06:00:00,0.0,0.0,0.0,3.3800886,7.0
2025-11-25 07:00:00,0.0,0.0,0.0,3.6090164,6.6
2025-11-25 08:00:00,0.0,0.0,0.0,4.269075,7.8
2025-11-25 09:00:00,0.0,0.0,0.0,4.7856555,8.4
2025-11-25 10:00:00,0.0,0.0,0.0,4.5620723,8.6
2025-11-25 11:00:00,0.0,0.0,0.0,4.707707,8.7
2025-11-25 12:00:00,0.0,0.0,0.0,4.8548946,8.7
2025-11-25 13:00:00,0.0,0.0,0.0,5.077401,9.2
2025-11-25 14:00:00,0.0,0.0,0.0,5.5217752,9.9
2025-11-25 15:00:00,0.0,0.0,0.0,5.9033885,10.6
2025-11-25 16:00:00,0.0,0.0,0.0,6.232576,11.2
2025-11-25 17:00:00,0.0,0.0,0.0,6.400195,11.6
2025-11-25 18:00:00,0.0,0.0,0.0,6.5776134,11.9
2025-11-25 19:00:00,0.0,0.0,0.0,6.5241857,11.9
2025-11-25 20:00:00,0.0,0.0,0.0,6.450775,11.7
2025-11-25 21:00:00,0.0,0.0,0.0,6.3706355,11.6
2025-11-25 22:00:00,0.0,0.0,0.0,6.504229,11.4
2025-11-25 23:00:00,0.0,0.0,0.0,6.2547984,11.0
2025-11-26 00:00:00,0.0,0.0,0.0,5.990826,10.6
2025-11-26 01:00:00,0.0,0.0,0.0,5.7688823,10.1
2025-11-26 02:00:00,0.0,0.0,0.0,5.464659,9.5
2025-11-26 03:00:00,0.0,0.0,0.0,5.104165,8.7
2025-11-26 04:00:00,0.0,0.0,0.0,5.034382,8.4
2025-11-26 05:00:00,0.0,0.0,0.0,4.8417454,8.4
2025-11-26 06:00:00,0.0,0.0,0.0,4.6872168,8.3
2025-11-26 07:00:00,0.0,0.0,0.0,4.0920653,7.7
2025-11-26 08:00:00,0.0,0.0,0.0,4.370927,7.9
2025-11-26 09:00:00,0.0,0.0,0.0,4.23143,8.0
2025-11-26 10:00:00,0.0,0.0,0.0,3.3286633,6.5
2025-11-26 11:00:00,0.0,0.0,0.0,2.6832817,4.9
2025-11-26 12:00:00,0.0,0.0,0.0,2.3032584,4.0
2025-11-26 13:00:00,0.0,0.0,0.0,2.1783023,4.2
2025-11-26 14:00:00,0.0,0.0,0.0,2.1868927,4.0
2025-11-26 15:00:00,0.0,0.0,0.0,1.8821529,3.5
2025-11-26 16:00:00,0.0,0.0,0.0,1.6867127,3.4
2025-11-26 17:00:00,0.0,0.0,0.0,1.8248286,3.5
2025-11-26 18:00:00,0.0,0.0,0.0,2.05,3.5
2025-11-26 19:00:00,0.0,0.0,0.0,2.030394,3.5
2025-11-26 20:00:00,0.0,0.0,0.0,2.0554805,3.6
2025-11-26 21:00:00,0.0,0.0,0.0,2.4020824,4.2
2025-11-26 22:00:00,0.0,0.0,0.0,2.7504544,4.8
2025-11-26 23:00:00,0.0,0.0,0.0,2.9038768,4.8
2025-11-27 00:00:00,0.0,0.0,0.0,3.1196954,5.1
2025-11-27 01:00:00,0.0,0.0,0.0,3.3533564,5.7
2025-11-27 02:00:00,0.0,0.0,0.0,3.8939054,6.8
2025-11-27 03:00:00,0.0,0.0,0.0,4.294182,8.1
2025-11-27 04:00:00,0.0,0.0,0.0,5.2368884,9.2
2025-11-27 05:00:00,0.0,0.0,0.0,5.2630787,9.9
2025-11-27 06:00:00,0.0,0.0,0.0,5.3851647,10.1
2025-11-27 07:00:00,0.0,0.0,0.0,5.0982842,9.8
2025-11-27 08:00:00,0.0,0.0,0.0,4.429447,8.8
2025-11-27 09:00:00,0.0,0.0,0.0,3.8694315,7.7
2025-11-27 10:00:00,0.0,0.0,0.0,3.434021,6.9
2025-11-27 11:00:00,0.0,0.0,0.0,2.9774148,5.6
2025-11-27 12:00:00,0.0,0.0,0.0,2.939813,5.1
2025-11-27 13:00:00,0.0,0.0,0.0,3.0438461,5.1
2025-11-27 14:00:00,0.0,0.0,0.0,3.1484125,5.2
2025-11-27 15:00:00,0.0,0.0,0.0,3.2221887,5.3
2025-11-27 16:00:00,0.0,0.0,0.0,3.2557642,5.2
2025-11-27 17:00:00,0.0,0.0,0.0,2.865746,5.4
2025-11-27 18:00:00,0.0,0.0,0.0,2.5869868,4.1
2025-11-27 19:00:00,0.0,0.0,0.0,1.755705,3.1
2025-11-27 20:00:00,0.0,0.0,0.0,1.7007352,3.4
2025-11-27 21:00:00,0.0,0.0,0.0,2.2203605,3.9
2025-11-27 22:00:00,0.0,0.0,0.0,2.1868927,3.7
2025-11-27 23:00:00,0.0,0.0,0.0,2.269912,4.4
2025-11-28 00:00:00,0.0,0.0,0.0,2.100595,3.8
2025-11-28 01:00:00,0.0,0.0,0.0,2.0024984,3.7
2025-11-28 02:00:00,0.0,0.0,0.0,2.0615528,3.8
2025-11-28 03:00:00,0.0,0.0,0.0,1.9659604,3.6
2025-11-28 04:00:00,0.0,0.0,0.0,2.4005208,4.6
2025-11-28 05:00:00,0.0,0.0,0.0,3.0700164,6.2
2025-11-28 06:00:00,0.0,0.0,0.0,3.1216984,5.9
2025-11-28 07:00:00,0.0,0.0,0.0,2.836371,6.1
2025-11-28 08:00:00,0.0,0.0,0.0,2.5869868,5.5
2025-11-28 09:00:00,0.0,0.0,0.0,1.9830532,4.4
2025-11-28 10:00:00,0.0,0.0,0.0,1.4326549,3.6
2025-11-28 11:00:00,0.0,0.0,0.0,0.72801095,1.7
2025-11-28 12:00:00,0.0,0.0,0.0,0.60207975,1.7
2025-11-28 13:00:00,0.0,0.0,0.0,0.5408327,1.5
2025-11-28 14:00:00,0.0,0.0,0.0,1.25,1.8
2025-11-28 15:00:00,0.0,0.0,0.0,1.0688778,2.3
2025-11-28 16:00:00,0.0,0.0,0.0,1.4866068,3.3
2025-11-28 17:00:00,0.0,0.0,0.0,2.030394,4.1
2025-11-28 18:00:00,0.0,0.0,0.0,1.8741665,4.6
2025-11-28 19:00:00,0.0,0.0,0.0,2.2610838,4.2
2025-11-28 20:00:00,0.0,0.0,0.0,2.7771387,5.1
2025-11-28 21:00:00,0.0,0.0,0.0,2.8744564,5.1
2025-11-28 22:00:00,0.0,0.0,0.0,3.2572994,5.2
2025-11-28 23:00:00,0.0,0.0,0.0,3.8395963,5.8
2025-11-29 00:00:00,0.0,0.0,0.0,4.104875,6.7
2025-11-29 01:00:00,0.0,0.0,0.0,3.7054014,7.2
2025-11-29 02:00:00,0.0,0.0,0.0,3.0335624,6.1
2025-11-29 03:00:00,0.0,0.0,0.0,2.4,4.9
2025-11-29 04:00:00,0.0,0.0,0.0,2.8779333,5.6
2025-11-29 05:00:00,0.0,0.0,0.0,3.3533564,6.5
2025-11-29 06:00:00,0.0,0.0,0.0,3.4296503,7.7
2025-11-29 07:00:00,0.0,0.0,0.0,3.4003677,7.3
2025-11-29 08:00:00,0.0,0.0,0.0,3.52881,7.5
2025-11-29 09:00:00,0.0,0.0,0.0,3.354102,6.9
2025-11-29 10:00:00,0.0,0.0,0.0,2.976995,5.3
2025-11-29 11:00:00,0.0,0.0,0.0,2.5739074,4.2
2025-11-29 12:00:00,0.0,0.0,0.0,2.8727167,5.1
2025-11-29 13:00:00,0.0,0.0,0.0,3.1705678,6.0
2025-11-29 14:00:00,0.0,0.0,0.0,3.3589432,6.1
2025-11-29 15:00:00,0.0,0.0,0.0,3.240756,5.6
2025-11-29 16:00:00,0.0,0.0,0.0,3.1016126,5.2
2025-11-29 17:00:00,0.0,0.0,0.0,2.5739074,4.9
2025-11-29 18:00:00,0.0,0.0,0.0,2.3521266,4.2
2025-11-29 19:00:00,0.0,0.0,0.0,2.1053503,3.6
2025-11-29 20:00:00,0.0,0.0,0.0,1.7029387,2.9
2025-11-29 21:00:00,0.0,0.0,0.0,1.4142135,2.5
2025-11-29 22:00:00,0.0,0.0,0.0,1.1412712,1.8
2025-11-29 23:00:00,0.0,0.0,0.0,1.2298374,1.8
2025-11-30 00:00:00,0.0,0.0,0.0,1.2298374,1.8
2025-11-30 01:00:00,0.0,0.0,0.0,1.2619429,1.9
2025-11-30 02:00:00,0.0,0.0,0.0,1.2619429,2.2
2025-11-30 03:00:00,0.0,0.0,0.0,1.2020816,2.3
2025-11-30 04:00:00,0.0,0.0,0.0,1.5945219,3.2
2025-11-30 05:00:00,0.0,0.0,0.0,1.914419,4.2
2025-11-30 06:00:00,0.0,0.0,0.0,2.3323808,4.7
2025-11-30 07:00:00,0.0,0.0,0.0,2.4622145,5.4
2025-11-30 08:00:00,0.0,0.0,0.0,2.4989996,5.2
2025-11-30 09:00:00,0.0,0.0,0.0,2.2770596,4.7
2025-11-30 10:00:00,0.0,0.0,0.0,1.7923448,3.7
2025-11-30 11:00:00,0.0,0.0,0.0,1.7734147,3.5
2025-11-30 12:00:00,0.0,0.0,0.0,1.9912307,3.7
2025-11-30 13:00:00,0.0,0.0,0.0,2.0,3.5
2025-11-30 14:00:00,0.0,0.0,0.0,1.9474342,3.5
2025-11-30 15:00:00,0.0,0.0,0.0,1.9235384,3.5
2025-11-30 16:00:00,0.0,0.0,0.0,1.9474342,3.7
2025-11-30 17:00:00,0.0,0.0,0.0,1.8867962,3.8
2025-11-30 18:00:00,0.0,0.0,0.0,1.9006578,3.7
2025-11-30 19:00:00,0.0,0.0,0.0,2.1400933,3.7
2025-11-30 20:00:00,0.0,0.0,0.0,2.3430748,4.1
2025-11-30 21:00:00,0.0,0.0,0.0,2.540177,4.4
2025-11-30 22:00:00,0.0,0.0,0.0,2.418677,4.4
2025-11-30 23:00:00,0.0,0.0,0.0,2.3753946,4.2
2025-12-01 00:00:00,0.0,0.0,0.0,2.2896507,4.0
2025-12-01 01:00:00,0.0,0.0,0.0,2.316247,4.1
2025-12-01 02:00:00,0.0,0.0,0.0,2.4010415,4.0
2025-12-01 03:00:00,0.0,0.0,0.0,2.3600848,3.9
2025-12-01 04:00:00,0.0,0.0,0.0,2.624881,4.6
2025-12-01 05:00:00,0.0,0.0,0.0,2.7802877,5.4
2025-12-01 06:00:00,0.0,0.0,0.0,2.9206164,6.0
2025-12-01 07:00:00,0.0,0.0,0.0,2.960152,6.1
2025-12-01 08:00:00,0.0,0.0,0.0,2.9410884,6.1
2025-12-01 09:00:00,0.0,0.0,0.0,2.857009,5.8
2025-12-01 10:00:00,0.0,0.0,0.0,2.350532,4.8
2025-12-01 11:00:00,0.0,0.0,0.0,2.3200216,4.0
2025-12-01 12:00:00,0.0,0.0,0.0,2.302173,4.0
2025-12-01 13:00:00,0.0,0.0,0.0,2.3323808,3.9
2025-12-01 14:00:00,0.0,0.0,0.0,2.2638464,3.5
2025-12-01 15:00:00,0.0,0.0,0.0,2.059126,3.5
2025-12-01 16:00:00,0.0,0.0,0.0,1.9039432,3.0
2025-12-01 17:00:00,0.0,0.0,0.0,1.767767,2.8
2025-12-01 18:00:00,0.0,0.0,0.0,1.6324829,2.4
2025-12-01 19:00:00,0.0,0.0,0.0,1.4773287,2.6
2025-12-01 20:00:00,0.0,0.0,0.0,1.3124405,2.3
2025-12-01 21:00:00,0.0,0.0,0.0,1.2165525,2.0
2025-12-01 22:00:00,0.0,0.0,0.0,1.0307764,2.0
2025-12-01 23:00:00,0.0,0.0,0.0,1.0307764,2.2
2025-12-02 00:00:00,0.0,0.0,0.0,0.99624294,1.4
2025-12-02 01:00:00,0.0,0.0,0.0,0.6708204,1.1
2025-12-02 02:00:00,0.0,0.0,0.0,0.4031129,0.8
2025-12-02 03:00:00,0.0,0.0,0.0,0.22360681,0.6
2025-12-02 04:00:00,0.0,0.0,0.0,0.25495097,1.2
2025-12-02 05:00:00,0.0,0.0,0.0,0.41231057,1.6
2025-12-02 06:00:00,0.0,0.0,0.0,0.38078865,2.0
2025-12-02 07:00:00,0.0,0.0,0.0,0.36400548,1.9
2025-12-02 08:00:00,0.0,0.0,0.0,0.46097723,1.8
2025-12-02 09:00:00,0.0,0.0,0.0,0.46097723,1.1
2025-12-02 10:00:00,0.0,0.0,0.0,0.715891,0.6
2025-12-02 11:00:00,0.0,0.0,0.0,1.0920165,0.9
2025-12-02 12:00:00,0.0,0.0,0.0,1.0920165,1.1
2025-12-02 13:00:00,0.0,0.0,0.0,1.0920165,1.4
2025-12-02 14:00:00,0.0,0.0,0.0,1.320038,1.6
2025-12-02 15:00:00,0.0,0.0,0.0,1.4840822,2.0
2025-12-02 16:00:00,0.0,0.0,0.0,1.6263456,2.2
2025-12-02 17:00:00,0.0,0.0,0.0,1.5116217,2.4
2025-12-02 18:00:00,0.0,0.0,0.0,1.4773287,2.4
2025-12-02 19:00:00,0.0,0.0,0.0,1.3462912,2.4
2025-12-02 20:00:00,0.0,0.0,0.0,1.4396181,2.3
2025-12-02 21:00:00,0.0,0.0,0.0,1.5660459,2.6
2025-12-02 22:00:00,0.0,0.0,0.0,1.35,3.0
2025-12-02 23:00:00,0.0,0.0,0.0,1.607016,3.2
2025-12-03 00:00:00,0.0,0.0,0.0,1.6194135,3.1
2025-12-03 01:00:00,0.0,0.0,0.0,1.662077,3.0
2025-12-03 02:00:00,0.0,0.0,0.0,1.8668154,3.5
2025-12-03 03:00:00,0.0,0.0,0.0,1.9235383,3.9
2025-12-03 04:00:00,0.0,0.0,0.0,2.3648467,4.6
2025-12-03 05:00:00,0.0,0.0,0.0,2.768122,5.2
2025-12-03 06:00:00,0.0,0.0,0.0,2.8178005,6.7
2025-12-03 07:00:00,0.0,0.0,0.0,2.995413,6.2
2025-12-03 08:00:00,0.0,0.0,0.0,3.1312938,6.3
2025-12-03 09:00:00,0.0,0.0,0.0,3.0777426,6.0
2025-12-03 10:00:00,0.0,0.0,0.0,3.0536864,5.1
2025-12-03 11:00:00,0.0,0.0,0.0,2.350532,3.7
2025-12-03 12:00:00,0.0,0.0,0.0,2.4300208,4.0
2025-12-03 13:00:00,0.0,0.0,0.0,2.7354157,4.5
2025-12-03 14:00:00,0.0,0.0,0.0,3.0675724,5.2
2025-12-03 15:00:00,0.0,0.0,0.0,3.4792242,5.8
2025-12-03 16:00:00,0.0,0.0,0.0,3.6,6.2
2025-12-03 17:00:00,0.0,0.0,0.0,3.1016126,5.7
2025-12-03 18:00:00,0.0,0.0,0.0,3.1100643,5.5
2025-12-03 19:00:00,0.0,0.0,0.0,2.915476,5.9
2025-12-03 20:00:00,0.0,0.0,0.0,3.436568,6.2
2025-12-03 21:00:00,0.0,0.0,0.0,3.6541073,6.3
2025-12-03 22:00:00,0.0,0.0,0.0,3.5654593,6.7
2025-12-03 23:00:00,0.0,0.0,0.0,3.8897302,7.8
2025-12-04 00:00:00,0.0,0.0,0.0,4.0261645,6.8
2025-12-04 01:00:00,0.0,0.0,0.0,3.981206,6.2
2025-12-04 02:00:00,0.0,0.0,0.0,4.0031238,6.6
2025-12-04 03:00:00,0.0,0.0,0.0,3.7963798,6.7
2025-12-04 04:00:00,0.0,0.0,0.0,3.662308,6.5
2025-12-04 05:00:00,0.0,0.0,0.0,4.4477525,8.6
2025-12-04 06:00:00,0.0,0.0,0.0,4.4726944,8.6
2025-12-04 07:00:00,0.0,0.0,0.0,4.368352,8.5
2025-12-04 08:00:00,0.0,0.0,0.0,4.280771,8.1
2025-12-04 09:00:00,0.0,0.0,0.0,4.2346783,8.4
2025-12-04 10:00:00,0.0,0.0,0.0,4.6970735,8.6
2025-12-04 11:00:00,0.0,0.0,0.0,4.7670746,8.4
2025-12-04 12:00:00,0.0,0.0,0.0,4.828302,8.6
2025-12-04 13:00:00,0.0,0.0,0.0,5.004498,9.2
2025-12-04 14:00:00,0.0,0.0,0.0,5.2088866,9.5
2025-12-04 15:00:00,0.0,0.0,0.0,5.23474,9.8
2025-12-04 16:00:00,0.0,0.0,0.0,5.433461,10.2
2025-12-04 17:00:00,0.0,0.0,0.0,5.3983793,10.2
2025-12-04 18:00:00,0.0,0.0,0.0,5.350234,10.1
2025-12-04 19:00:00,0.0,0.0,0.0,5.385397,10.2
2025-12-04 20:00:00,0.0,0.0,0.0,5.3539705,10.2
2025-12-04 21:00:00,0.1,0.0,0.07,5.2773094,8.8
2025-12-04 22:00:00,0.1,0.0,0.07,5.1478148,9.8
2025-12-04 23:00:00,0.0,0.0,0.0,4.9704123,9.1
2025-12-05 00:00:00,0.0,0.0,0.0,4.806506,9.1
2025-12-05 01:00:00,0.0,0.0,0.0,4.6510754,8.7
2025-12-05 02:00:00,0.0,0.0,0.0,4.318565,8.4
2025-12-05 03:00:00,0.0,0.0,0.0,3.9755504,7.7
2025-12-05 04:00:00,0.0,0.0,0.0,3.5587919,6.5
2025-12-05 05:00:00,0.0,0.0,0.0,4.101829,8.6
2025-12-05 06:00:00,0.0,0.0,0.0,3.8942266,8.0
2025-12-05 07:00:00,0.0,0.0,0.0,3.592005,7.0
2025-12-05 08:00:00,0.0,0.0,0.0,3.370831,6.4
2025-12-05 09:00:00,0.0,0.0,0.0,2.9261749,5.8
2025-12-05 10:00:00,0.0,0.0,0.0,2.5268557,4.4
2025-12-05 11:00:00,0.0,0.0,0.0,1.6492423,2.8
2025-12-05 12:00:00,0.0,0.0,0.0,1.471394,2.7
2025-12-05 13:00:00,0.0,0.0,0.0,1.2658988,2.3
2025-12-05 14:00:00,0.0,0.0,0.0,1.3462911,2.1
2025-12-05 15:00:00,0.0,0.0,0.0,1.3000001,2.3
2025-12-05 16:00:00,0.0,0.0,0.0,0.83815277,1.8
2025-12-05 17:00:00,0.0,0.0,0.0,0.26925823,1.3
2025-12-05 18:00:00,0.0,0.0,0.0,0.36055514,0.9
2025-12-05 19:00:00,0.0,0.0,0.0,0.79056937,1.3
2025-12-05 20:00:00,0.0,0.0,0.0,0.98615414,1.8
2025-12-05 21:00:00,0.0,0.0,0.0,1.2298374,2.3
2025-12-05 22:00:00,0.0,0.0,0.0,1.3829316,2.3
2025-12-05 23:00:00,0.0,0.0,0.0,1.6918924,2.6
2025-12-06 00:00:00,0.0,0.0,0.0,2.1360009,2.7
2025-12-06 01:00:00,0.0,0.0,0.0,2.462722,3.6
2025-12-06 02:00:00,0.0,0.0,0.0,2.3505318,4.5
2025-12-06 03:00:00,0.0,0.0,0.0,2.6386547,3.9
2025-12-06 04:00:00,0.0,0.0,0.0,2.9410882,5.3
2025-12-06 05:00:00,0.0,0.0,0.0,3.132491,6.1
2025-12-06 06:00:00,0.0,0.0,0.0,3.0700164,6.3
2025-12-06 07:00:00,0.0,0.0,0.0,2.8744566,5.9
2025-12-06 08:00:00,0.0,0.0,0.0,2.8991377,5.9
2025-12-06 09:00:00,0.0,0.0,0.0,2.9206164,5.7
2025-12-06 10:00:00,0.0,0.0,0.0,2.7613401,5.5
2025-12-06 11:00:00,0.0,0.0,0.0,2.316247,4.5
2025-12-06 12:00:00,0.0,0.0,0.0,2.55,4.6
2025-12-06 13:00:00,0.0,0.0,0.0,2.768122,4.9
2025-12-06 14:00:00,0.0,0.0,0.0,2.9261749,4.8
2025-12-06 15:00:00,0.0,0.0,0.0,3.2268407,5.1
2025-12-06 16:00:00,0.0,0.0,0.0,3.167412,5.3
2025-12-06 17:00:00,0.0,0.0,0.0,3.129297,5.4
2025-12-06 18:00:00,0.0,0.0,0.0,3.0842342,5.7
2025-12-06 19:00:00,0.0,0.0,0.0,3.2422986,5.9
2025-12-06 20:00:00,0.0,0.0,0.0,3.1016126,5.9
2025-12-06 21:00:00,0.0,0.0,0.0,3.0041637,5.7
2025-12-06 22:00:00,0.0,0.0,0.0,2.8640008,5.6
2025-12-06 23:00:00,0.0,0.0,0.0,2.7212129,5.2
2025-12-07 00:00:00,0.0,0.0,0.0,2.782984,4.8
2025-12-07 01:00:00,0.0,0.0,0.0,2.5164459,4.5
2025-12-07 02:00:00,0.0,0.0,0.0,2.5347583,4.2
2025-12-07 03:00:00,0.0,0.0,0.0,2.2847319,3.9
2025-12-07 04:00:00,0.0,0.0,0.0,2.34094,3.8
2025-12-07 05:00:00,0.0,0.0,0.0,2.245551,4.7
2025-12-07 06:00:00,0.0,0.0,0.0,1.9646883,4.4
2025-12-07 07:00:00,0.0,0.0,0.0,1.7585506,4.2
2025-12-07 08:00:00,0.1,0.0,0.07,1.5524175,3.8
2025-12-07 09:00:00,0.1,0.0,0.07,1.3124405,3.2
2025-12-07 10:00:00,0.1,0.0,0.07,0.5408327,2.4
2025-12-07 11:00:00,0.1,0.0,0.07,0.6041523,1.4
2025-12-07 12:00:00,0.1,0.0,0.07,0.88459027,1.4
2025-12-07 13:00:00,0.1,0.0,0.07,1.0700467,1.7
2025-12-07 14:00:00,0.1,0.0,0.07,1.1510864,1.7
2025-12-07 15:00:00,0.1,0.0,0.07,1.1629703,1.8
2025-12-07 16:00:00,0.1,0.0,0.07,1.0124228,1.3
2025-12-07 17:00:00,0.1,0.0,0.07,1.1101803,1.0
2025-12-07 18:00:00,0.1,0.0,0.07,1.2589679,1.2
2025-12-07 19:00:00,0.1,0.0,0.07,1.5206907,2.9
2025-12-07 20:00:00,0.1,0.0,0.07,1.677051,3.2
2025-12-07 21:00:00,0.1,0.0,0.07,1.7564168,3.3
2025-12-07 22:00:00,0.1,0.0,0.07,1.950641,3.3
2025-12-07 23:00:00,0.1,0.0,0.07,2.1592824,3.6
2025-12-08 00:00:00,0.1,0.0,0.07,2.5019991,4.2
2025-12-08 01:00:00,0.2,0.0,0.14,2.8004463,4.9
2025-12-08 02:00:00,0.2,0.0,0.14,2.8539445,4.5
2025-12-08 03:00:00,0.3,0.0,0.21000001,2.8935273,5.0
2025-12-08 04:00:00,0.3,0.0,0.21000001,3.153173,6.2
2025-12-08 05:00:00,0.3,0.0,0.21000001,3.482097,7.1
2025-12-08 06:00:00,0.2,0.0,0.14,3.8897302,7.5
2025-12-08 07:00:00,0.5,0.0,0.35,4.09695,7.9
2025-12-08 08:00:00,0.5,0.0,0.35,4.2793107,8.5
2025-12-08 09:00:00,0.4,0.0,0.28,4.702393,9.2
2025-12-08 10:00:00,0.4,0.0,0.28,4.966135,9.8
2025-12-08 11:00:00,0.3,0.0,0.21000001,5.030159,10.3
2025-12-08 12:00:00,0.3,0.0,0.21000001,5.4426556,10.9
2025-12-08 13:00:00,0.2,0.0,0.14,5.5605755,11.0
2025-12-08 14:00:00,0.2,0.0,0.14,5.6614923,10.8
2025-12-08 15:00:00,0.3,0.0,0.21000001,5.7384667,10.6
2025-12-08 16:00:00,0.3,0.0,0.21000001,5.8337383,10.5
2025-12-08 17:00:00,0.3,0.0,0.21000001,5.9069877,10.7
2025-12-08 18:00:00,0.3,0.0,0.21000001,5.9548297,11.2
2025-12-08 19:00:00,0.3,0.0,0.21000001,5.9904094,11.0
2025-12-08 20:00:00,0.3,0.0,0.21000001,5.964059,11.1
2025-12-08 21:00:00,0.4,0.0,0.28,5.936329,11.2
2025-12-08 22:00:00,0.3,0.0,0.21000001,6.101844,11.3
2025-12-08 23:00:00,0.3,0.0,0.21000001,6.269968,11.1
2025-12-09 00:00:00,0.3,0.0,0.21000001,6.2619886,11.2
2025-12-09 01:00:00,0.3,0.0,0.21000001,6.0870767,11.1
2025-12-09 02:00:00,0.3,0.0,0.21000001,6.0730963,10.9
2025-12-09 03:00:00,0.2,0.0,0.14,6.2677746,10.8
2025-12-09 04:00:00,0.2,0.0,0.14,6.467805,11.1
2025-12-09 05:00:00,0.1,0.0,0.07,6.6567636,11.5
2025-12-09 06:00:00,0.1,0.0,0.07,6.704103,11.6
2025-12-09 07:00:00,0.1,0.0,0.07,6.6281595,13.2
2025-12-09 08:00:00,0.1,0.0,0.07,6.47611,13.2
2025-12-09 09:00:00,0.1,0.0,0.07,6.4362254,13.1
2025-12-09 10:00:00,0.1,0.0,0.07,7.120569,12.9
2025-12-09 11:00:00,0.1,0.0,0.07,6.7723703,12.1
2025-12-09 12:00:00,0.1,0.0,0.07,6.8720446,12.3
2025-12-09 13:00:00,0.0,0.0,0.0,7.0301137,12.9
2025-12-09 14:00:00,0.0,0.0,0.0,6.7812243,10.6
2025-12-09 15:00:00,0.0,0.0,0.0,6.124745,10.5
2025-12-09 16:00:00,0.0,0.0,0.0,6.1459336,9.9
2025-12-09 17:00:00,0.0,0.0,0.0,5.7264733,9.7
2025-12-09 18:00:00,0.0,0.0,0.0,5.5183783,9.4
2025-12-09 19:00:00,0.0,0.0,0.0,5.400926,9.6
2025-12-09 20:00:00,0.0,0.0,0.0,5.3502336,9.5
2025-12-09 21:00:00,0.0,0.0,0.0,5.20024,9.2
2025-12-09 22:00:00,0.0,0.0,0.0,5.45,8.7
2025-12-09 23:00:00,0.0,0.0,0.0,5.1,8.4
2025-12-10 00:00:00,0.0,0.0,0.0,4.8,8.1
2025-12-10 01:00:00,0.0,0.0,0.0,4.451123,7.6
2025-12-10 02:00:00,0.0,0.0,0.0,4.1512046,7.1
2025-12-10 03:00:00,0.0,0.0,0.0,4.004997,5.8
2025-12-10 04:00:00,0.0,0.0,0.0,3.7013512,5.8
2025-12-10 05:00:00,0.0,0.0,0.0,3.3,4.9
2025-12-10 06:00:00,0.0,0.0,0.0,2.5179358,3.4
2025-12-10 07:00:00,0.0,0.0,0.0,2.0248456,5.2
2025-12-10 08:00:00,0.0,0.0,0.0,1.5572411,4.5
2025-12-10 09:00:00,0.0,0.0,0.0,1.6124516,4.5
2025-12-10 10:00:00,0.0,0.0,0.0,2.2588713,4.6
2025-12-10 11:00:00,0.0,0.0,0.0,2.285279,3.4
2025-12-10 12:00:00,0.0,0.0,0.0,2.184033,3.6
2025-12-10 13:00:00,0.0,0.0,0.0,2.200568,4.1
2025-12-10 14:00:00,0.0,0.0,0.0,2.1708293,4.5
2025-12-10 15:00:00,0.0,0.0,0.0,2.1319005,4.8
2025-12-10 16:00:00,0.0,0.0,0.0,2.1931713,5.0
2025-12-10 17:00:00,0.0,0.0,0.0,2.3753946,5.2
2025-12-10 18:00:00,0.0,0.0,0.0,2.6907248,5.4
2025-12-10 19:00:00,0.0,0.0,0.0,2.8744566,5.3
2025-12-10 20:00:00,0.0,0.0,0.0,2.9681644,5.6
2025-12-10 21:00:00,0.0,0.0,0.0,2.9584625,5.8
2025-12-10 22:00:00,0.0,0.0,0.0,3.3320415,5.6
2025-12-10 23:00:00,0.0,0.0,0.0,3.3533566,6.0
2025-12-11 00:00:00,0.0,0.0,0.0,3.4003677,6.3
2025-12-11 01:00:00,0.0,0.0,0.0,3.2500002,6.2
2025-12-11 02:00:00,0.0,0.0,0.0,2.915476,5.9
2025-12-11 03:00:00,0.0,0.0,0.0,3.0761175,5.8
2025-12-11 04:00:00,0.0,0.0,0.0,3.4296503,6.4
2025-12-11 05:00:00,0.0,0.0,0.0,3.6503425,7.2
2025-12-11 06:00:00,0.0,0.0,0.0,3.7013512,7.6
2025-12-11 07:00:00,0.0,0.0,0.0,3.7529988,7.7
2025-12-11 08:00:00,0.0,0.0,0.0,3.766298,7.7
2025-12-11 09:00:00,0.0,0.0,0.0,3.7030394,7.4
2025-12-11 10:00:00,0.0,0.0,0.0,3.5531676,6.8
2025-12-11 11:00:00,0.0,0.0,0.0,3.473111,6.0
2025-12-11 12:00:00,0.0,0.0,0.0,3.324154,6.2
2025-12-11 13:00:00,0.0,0.0,0.0,3.4234486,6.4
2025-12-11 14:00:00,0.0,0.0,0.0,3.2268407,6.2
2025-12-11 15:00:00,0.0,0.0,0.0,3.0675724,6.4
2025-12-11 16:00:00,0.0,0.0,0.0,3.2097507,6.6
2025-12-11 17:00:00,0.0,0.0,0.0,3.2144206,6.3
2025-12-11 18:00:00,0.0,0.0,0.0,3.0842342,5.9
2025-12-11 19:00:00,0.0,0.0,0.0,3.203904,5.6
2025-12-11 20:00:00,0.0,0.0,0.0,3.5468295,6.3
2025-12-11 21:00:00,0.0,0.0,0.0,3.5003572,6.2
2025-12-11 22:00:00,0.0,0.0,0.0,3.7124789,6.1
2025-12-11 23:00:00,0.0,0.0,0.0,3.9802637,6.3
2025-12-12 00:00:00,0.0,0.0,0.0,3.77955,5.7
2025-12-12 01:00:00,0.0,0.0,0.0,3.310589,5.1
2025-12-12 02:00:00,0.0,0.0,0.0,3.2003906,5.0
2025-12-12 03:00:00,0.0,0.0,0.0,3.6912057,5.3
2025-12-12 04:00:00,0.0,0.0,0.0,3.8278584,5.6
2025-12-12 05:00:00,0.0,0.0,0.0,3.7513332,6.2
2025-12-12 06:00:00,0.0,0.0,0.0,3.2760494,6.6
2025-12-12 07:00:00,0.0,0.0,0.0,3.3871078,6.9
2025-12-12 08:00:00,0.0,0.0,0.0,3.3559647,6.9
2025-12-12 09:00:00,0.0,0.0,0.0,3.3034072,6.5
2025-12-12 10:00:00,0.0,0.0,0.0,2.7372432,5.1
2025-12-12 11:00:00,0.0,0.0,0.0,2.5243812,3.8
2025-12-12 12:00:00,0.0,0.0,0.0,2.3194828,3.2
2025-12-12 13:00:00,0.0,0.0,0.0,2.4824383,3.4
2025-12-12 14:00:00,0.0,0.0,0.0,2.3632603,4.0
2025-12-12 15:00:00,0.0,0.0,0.0,2.6518862,4.7
2025-12-12 16:00:00,0.0,0.0,0.0,3.0413814,5.1
2025-12-12 17:00:00,0.0,0.0,0.0,2.8969812,4.9
2025-12-12 18:00:00,0.0,0.0,0.0,2.7730849,4.6
2025-12-12 19:00:00,0.0,0.0,0.0,2.9546573,5.2
2025-12-12 20:00:00,0.0,0.0,0.0,3.2070236,5.9
2025-12-12 21:00:00,0.1,0.0,0.07,3.1910028,5.7
2025-12-12 22:00:00,0.1,0.0,0.07,3.3600597,6.2
2025-12-12 23:00:00,0.1,0.0,0.07,3.8577843,6.0
2025-12-13 00:00:00,0.2,0.0,0.14,3.9284222,6.4
2025-12-13 01:00:00,0.1,0.0,0.07,4.0360875,7.5
2025-12-13 02:00:00,0.1,0.0,0.07,4.031129,7.5
2025-12-13 03:00:00,0.2,0.0,0.14,4.0660176,7.4
2025-12-13 04:00:00,0.1,0.0,0.07,4.42069,7.8
2025-12-13 05:00:00,0.1,0.0,0.07,4.5675483,8.4
2025-12-13 06:00:00,0.1,0.0,0.07,4.4687805,8.8
2025-12-13 07:00:00,0.1,0.0,0.07,4.5135903,8.8
2025-12-13 08:00:00,0.1,0.0,0.07,4.7246695,9.3
2025-12-13 09:00:00,0.1,0.0,0.07,4.8270073,9.0
2025-12-13 10:00:00,0.1,0.0,0.07,4.675468,8.6
2025-12-13 11:00:00,0.0,0.0,0.0,5.030159,8.0
2025-12-13 12:00:00,0.0,0.0,0.0,4.1868844,7.8
2025-12-13 13:00:00,0.0,0.0,0.0,4.4687805,8.0
2025-12-13 14:00:00,0.0,0.0,0.0,4.327817,7.9
2025-12-13 15:00:00,0.0,0.0,0.0,4.210997,7.4
2025-12-13 16:00:00,0.0,0.0,0.0,4.069705,7.6
2025-12-13 17:00:00,0.0,0.0,0.0,3.9755502,7.4
2025-12-13 18:00:00,0.0,0.0,0.0,4.080441,7.4
2025-12-13 19:00:00,0.0,0.0,0.0,4.07707,7.0
2025-12-13 20:00:00,0.0,0.0,0.0,3.901602,7.0
2025-12-13 21:00:00,0.0,0.0,0.0,3.7121422,6.7
2025-12-13 22:00:00,0.0,0.0,0.0,3.5587919,6.3
2025-12-13 23:00:00,0.0,0.0,0.0,3.383785,6.0
2025-12-14 00:00:00,0.0,0.0,0.0,3.1780496,5.8
2025-12-14 01:00:00,0.0,0.0,0.0,3.550352,6.4
2025-12-14 02:00:00,0.0,0.0,0.0,4.007805,7.4
2025-12-14 03:00:00,0.0,0.0,0.0,4.2005954,8.0
2025-12-14 04:00:00,0.0,0.0,0.0,4.440721,8.8
2025-12-14 05:00:00,0.0,0.0,0.0,4.72705,9.1
2025-12-14 06:00:00,0.0,0.0,0.0,5.408558,11.0
2025-12-14 07:00:00,0.0,0.0,0.0,5.9682493,11.0
2025-12-14 08:00:00,0.0,0.0,0.0,5.776028,11.0
2025-12-14 09:00:00,0.0,0.0,0.0,6.0110316,11.0
2025-12-14 10:00:00,0.1,0.0,0.07,5.4502296,10.0
2025-12-14 11:00:00,0.2,0.0,0.14,6.6665206,10.9
2025-12-14 12:00:00,0.1,0.0,0.07,6.752962,11.6
2025-12-14 13:00:00,0.1,0.0,0.07,6.820008,12.1
2025-12-14 14:00:00,0.1,0.0,0.07,6.882042,12.6
2025-12-14 15:00:00,0.4,0.0,0.28,6.9370384,13.1
2025-12-14 16:00:00,0.7,0.099999964,0.42000002,6.797242,13.1
2025-12-14 17:00:00,0.8,0.100000024,0.48999998,6.456005,12.6
2025-12-14 18:00:00,0.5,0.0,0.35,7.6840744,13.5
2025-12-14 19:00:00,0.2,0.0,0.14,6.865311,13.4
2025-12-14 20:00:00,0.0,0.0,0.0,6.4072227,11.7
2025-12-14 21:00:00,0.0,0.0,0.0,6.5743823,11.9
2025-12-14 22:00:00,0.0,0.0,0.0,7.2006946,13.1
2025-12-14 23:00:00,0.0,0.0,0.0,7.0194373,14.2
2025-12-15 00:00:00,0.0,0.0,0.0,8.353742,14.9
2025-12-15 01:00:00,0.0,0.0,0.0,8.487196,15.2
2025-12-15 02:00:00,0.0,0.0,0.0,8.528922,15.6
2025-12-15 03:00:00,0.0,0.0,0.0,8.712778,16.0
2025-12-15 04:00:00,0.0,0.0,0.0,8.910808,16.2
2025-12-15 05:00:00,0.0,0.0,0.0,8.655201,15.7
2025-12-15 06:00:00,0.1,0.0,0.07,11.389139,19.8
2025-12-15 07:00:00,0.1,0.0,0.07,11.808894,21.4
2025-12-15 08:00:00,0.1,0.0,0.07,10.28895,18.8
2025-12-15 09:00:00,0.0,0.0,0.0,9.730493,18.2
2025-12-15 10:00:00,0.0,0.0,0.0,9.472328,16.5
2025-12-15 11:00:00,0.0,0.0,0.0,9.050552,16.3
2025-12-15 12:00:00,0.0,0.0,0.0,8.780091,15.9
2025-12-15 13:00:00,0.0,0.0,0.0,8.550585,15.3
2025-12-15 14:00:00,0.0,0.0,0.0,8.491908,15.0
2025-12-15 15:00:00,0.0,0.0,0.0,8.446449,14.9
2025-12-15 16:00:00,0.0,0.0,0.0,8.37929,14.7
2025-12-15 17:00:00,0.0,0.0,0.0,8.403868,14.6
2025-12-15 18:00:00,0.0,0.0,0.0,8.506762,14.5
2025-12-15 19:00:00,0.0,0.0,0.0,8.237719,15.2
2025-12-15 20:00:00,0.0,0.0,0.0,8.021221,15.0
2025-12-15 21:00:00,0.0,0.0,0.0,7.880514,14.6
2025-12-15 22:00:00,0.1,0.0,0.07,8.210054,14.8
2025-12-15 23:00:00,0.1,0.0,0.07,8.290054,15.1
2025-12-16 00:00:00,0.1,0.0,0.07,8.160882,15.0
2025-12-16 01:00:00,0.1,0.0,0.07,8.201371,14.9
2025-12-16 02:00:00,0.1,0.0,0.07,8.003905,14.9
2025-12-16 03:00:00,0.1,0.0,0.07,7.8525476,14.5
2025-12-16 04:00:00,0.1,0.0,0.07,7.725445,14.3
2025-12-16 05:00:00,0.1,0.0,0.07,8.184131,14.5
2025-12-16 06:00:00,0.1,0.0,0.07,9.53428,17.8
2025-12-16 07:00:00,0.1,0.0,0.07,10.049875,17.4
2025-12-16 08:00:00,0.1,0.0,0.07,9.094641,16.3
2025-12-16 09:00:00,0.1,0.0,0.07,9.068627,15.9
2025-12-16 10:00:00,0.1,0.0,0.07,7.5660424,14.2
2025-12-16 11:00:00,0.1,0.0,0.07,7.144928,13.1
2025-12-16 12:00:00,0.0,0.0,0.0,6.858936,12.4
2025-12-16 13:00:00,0.0,0.0,0.0,6.7915387,12.1
2025-12-16 14:00:00,0.0,0.0,0.0,6.85,12.3
2025-12-16 15:00:00,0.1,0.0,0.07,6.8370314,12.3
2025-12-16 16:00:00,0.1,0.0,0.07,6.6441703,12.2
2025-12-16 17:00:00,0.0,0.0,0.0,6.422227,11.3
2025-12-16 18:00:00,0.0,0.0,0.0,6.1386075,10.6
2025-12-16 19:00:00,0.0,0.0,0.0,6.1280093,10.9
2025-12-16 20:00:00,0.0,0.0,0.0,5.9165025,10.6
2025-12-16 21:00:00,0.0,0.0,0.0,5.664804,10.3
2025-12-16 22:00:00,0.0,0.0,0.0,5.2000003,9.9
2025-12-16 23:00:00,0.0,0.0,0.0,5.061867,9.3
2025-12-17 00:00:00,0.0,0.0,0.0,4.8303723,8.9
2025-12-17 01:00:00,0.0,0.0,0.0,4.682414,8.5
2025-12-17 02:00:00,0.0,0.0,0.0,4.707707,8.4
2025-12-17 03:00:00,0.0,0.0,0.0,4.4533696,8.3
2025-12-17 04:00:00,0.0,0.0,0.0,4.3832064,8.4
2025-12-17 05:00:00,0.0,0.0,0.0,5.124451,10.1
2025-12-17 06:00:00,0.0,0.0,0.0,5.0499997,9.9
2025-12-17 07:00:00,0.0,0.0,0.0,4.8270073,9.4
2025-12-17 08:00:00,0.0,0.0,0.0,4.838388,9.4
2025-12-17 09:00:00,0.0,0.0,0.0,5.05099,9.7
2025-12-17 10:00:00,0.0,0.0,0.0,4.9663873,9.7
2025-12-17 11:00:00,0.0,0.0,0.0,4.756312,9.0
2025-12-17 12:00:00,0.0,0.0,0.0,4.463463,8.2
2025-12-17 13:00:00,0.0,0.0,0.0,4.246469,8.1
2025-12-17 14:00:00,0.0,0.0,0.0,4.100305,7.3
2025-12-17 15:00:00,0.0,0.0,0.0,3.9092839,6.8
2025-12-17 16:00:00,0.0,0.0,0.0,3.913119,6.9
2025-12-17 17:00:00,0.0,0.0,0.0,3.9629533,6.7
2025-12-17 18:00:00,0.0,0.0,0.0,3.7030392,6.6
2025-12-17 19:00:00,0.0,0.0,0.0,3.6908672,6.2
2025-12-17 20:00:00,0.0,0.0,0.0,3.6100557,6.4
2025-12-17 21:00:00,0.0,0.0,0.0,3.6311154,6.5
2025-12-17 22:00:00,0.0,0.0,0.0,3.5608988,6.7
2025-12-17 23:00:00,0.0,0.0,0.0,3.5640566,6.9
2025-12-18 00:00:00,0.0,0.0,0.0,3.3305407,6.7
2025-12-18 01:00:00,0.0,0.0,0.0,3.4003677,6.5
2025-12-18 02:00:00,0.0,0.0,0.0,3.4300144,6.6
2025-12-18 03:00:00,0.0,0.0,0.0,3.451449,6.5
2025-12-18 04:00:00,0.0,0.0,0.0,3.4999998,6.7
2025-12-18 05:00:00,0.0,0.0,0.0,3.7312868,7.8
2025-12-18 06:00:00,0.0,0.0,0.0,4.183599,8.4
2025-12-18 07:00:00,0.0,0.0,0.0,4.4300113,8.6
2025-12-18 08:00:00,0.0,0.0,0.0,4.602445,9.0
2025-12-18 09:00:00,0.0,0.0,0.0,4.4443784,8.7
2025-12-18 10:00:00,0.0,0.0,0.0,3.965476,8.3
2025-12-18 11:00:00,0.0,0.0,0.0,3.8694315,6.6
2025-12-18 12:00:00,0.0,0.0,0.0,3.8330796,6.7
2025-12-18 13:00:00,0.0,0.0,0.0,4.022748,7.2
2025-12-18 14:00:00,0.0,0.0,0.0,4.022437,7.3
2025-12-18 15:00:00,0.0,0.0,0.0,4.09176,7.5
2025-12-18 16:00:00,0.0,0.0,0.0,4.295637,7.7
2025-12-18 17:00:00,0.0,0.0,0.0,4.4969435,8.3
2025-12-18 18:00:00,0.0,0.0,0.0,4.738143,8.6
2025-12-18 19:00:00,0.0,0.0,0.0,4.9145193,9.0
2025-12-18 20:00:00,0.0,0.0,0.0,4.774149,8.8
2025-12-18 21:00:00,0.0,0.0,0.0,4.6010866,8.6
2025-12-18 22:00:00,0.0,0.0,0.0,4.6669044,8.4
2025-12-18 23:00:00,0.0,0.0,0.0,4.596738,8.2
2025-12-19 00:00:00,0.0,0.0,0.0,4.4687805,8.3
2025-12-19 01:00:00,0.0,0.0,0.0,4.4813504,8.4
2025-12-19 02:00:00,0.0,0.0,0.0,4.5961943,8.6
2025-12-19 03:00:00,0.0,0.0,0.0,4.9206195,9.0
2025-12-19 04:00:00,0.0,0.0,0.0,5.165753,9.5
2025-12-19 05:00:00,0.0,0.0,0.0,4.857211,10.1
2025-12-19 06:00:00,0.0,0.0,0.0,5.8585405,10.2
2025-12-19 07:00:00,0.1,0.0,0.07,6.0415235,11.1
2025-12-19 08:00:00,0.1,0.0,0.07,6.3547225,10.6
2025-12-19 09:00:00,0.1,0.0,0.07,5.942432,11.3
2025-12-19 10:00:00,0.1,0.0,0.07,6.254998,11.2
2025-12-19 11:00:00,0.1,0.0,0.07,6.1923337,10.8
2025-12-19 12:00:00,0.1,0.0,0.07,6.1220913,10.8
2025-12-19 13:00:00,0.1,0.0,0.07,6.180008,11.0
2025-12-19 14:00:00,0.1,0.0,0.07,6.213896,10.9
2025-12-19 15:00:00,0.1,0.0,0.07,6.1320877,10.9
2025-12-19 16:00:00,0.1,0.0,0.07,6.221133,11.0
2025-12-19 17:00:00,0.1,0.0,0.07,6.23879,11.0
2025-12-19 18:00:00,0.1,0.0,0.07,6.1124873,10.9
2025-12-19 19:00:00,0.1,0.0,0.07,5.942432,10.9
2025-12-19 20:00:00,0.1,0.0,0.07,5.869625,10.7
2025-12-19 21:00:00,0.1,0.0,0.07,5.802801,10.6
2025-12-19 22:00:00,0.2,0.0,0.14,5.7421684,10.4
2025-12-19 23:00:00,0.3,0.0,0.21000001,5.7421684,10.0
2025-12-20 00:00:00,0.3,0.0,0.21000001,5.7280016,9.6
2025-12-20 01:00:00,0.3,0.0,0.21000001,5.7567353,9.5
2025-12-20 02:00:00,0.3,0.0,0.21000001,5.677367,9.4
2025-12-20 03:00:00,0.3,0.0,0.21000001,5.589499,9.2
2025-12-20 04:00:00,0.2,0.0,0.14,5.437371,8.8
2025-12-20 05:00:00,0.2,0.0,0.14,5.308719,8.3
2025-12-20 06:00:00,0.1,0.0,0.07,5.6859474,9.3
2025-12-20 07:00:00,0.1,0.0,0.07,5.576065,10.2
2025-12-20 08:00:00,0.1,0.0,0.07,5.551801,9.9
2025-12-20 09:00:00,0.1,0.0,0.07,5.0522275,9.0
2025-12-20 10:00:00,0.1,0.0,0.07,4.7605147,7.4
2025-12-20 11:00:00,0.1,0.0,0.07,3.3185086,6.1
2025-12-20 12:00:00,0.1,0.0,0.07,2.804015,5.7
2025-12-20 13:00:00,0.1,0.0,0.07,2.4186773,5.2
2025-12-20 14:00:00,0.1,0.0,0.07,2.2808988,4.1
2025-12-20 15:00:00,0.1,0.0,0.07,3.335416,6.3
2025-12-20 16:00:00,0.0,0.0,0.0,4.8869724,9.2
2025-12-20 17:00:00,0.0,0.0,0.0,5.450229,10.4
2025-12-20 18:00:00,0.0,0.0,0.0,5.5002275,10.4
2025-12-20 19:00:00,0.0,0.0,0.0,5.200961,9.3
2025-12-20 20:00:00,0.0,0.0,0.0,4.9010205,8.9
2025-12-20 21:00:00,0.0,0.0,0.0,4.502499,8.3
2025-12-20 22:00:00,0.0,0.0,0.0,4.452527,7.8
2025-12-20 23:00:00,0.0,0.0,0.0,4.250294,7.3
2025-12-21 00:00:00,0.0,0.0,0.0,3.9503164,6.5
2025-12-21 01:00:00,0.0,0.0,0.0,3.600347,5.8
2025-12-21 02:00:00,0.0,0.0,0.0,2.9567719,4.8
2025-12-21 03:00:00,0.0,0.0,0.0,2.3135471,3.9
2025-12-21 04:00:00,0.0,0.0,0.0,2.302173,3.9
2025-12-21 05:00:00,0.0,0.0,0.0,2.000625,3.4
2025-12-21 06:00:00,0.0,0.0,0.0,1.4396181,2.6
2025-12-21 07:00:00,0.0,0.0,0.0,0.57008773,1.3
2025-12-21 08:00:00,0.0,0.0,0.0,0.65000004,1.6
2025-12-21 09:00:00,0.0,0.0,0.0,1.25,3.0
2025-12-21 10:00:00,0.0,0.0,0.0,1.7219175,3.4
2025-12-21 11:00:00,0.0,0.0,0.0,2.1931713,4.2
2025-12-21 12:00:00,0.0,0.0,0.0,2.6277368,4.6
2025-12-21 13:00:00,0.0,0.0,0.0,3.370831,5.7
2025-12-21 14:00:00,0.0,0.0,0.0,3.6674242,6.1
2025-12-21 15:00:00,0.0,0.0,0.0,4.006557,6.6
2025-12-21 16:00:00,0.0,0.0,0.0,4.3384905,7.3
2025-12-21 17:00:00,0.0,0.0,0.0,4.7628775,8.0
2025-12-21 18:00:00,0.0,0.0,0.0,5.121035,8.6
2025-12-21 19:00:00,0.0,0.0,0.0,5.4829283,9.7
2025-12-21 20:00:00,0.0,0.0,0.0,5.848504,10.3
2025-12-21 21:00:00,0.0,0.0,0.0,6.04752,10.7
2025-12-21 22:00:00,0.0,0.0,0.0,6.28351,11.1
2025-12-21 23:00:00,0.0,0.0,0.0,6.481512,11.4
2025-12-22 00:00:00,0.0,0.0,0.0,6.5115285,11.5
2025-12-22 01:00:00,0.0,0.0,0.0,6.612299,11.7
2025-12-22 02:00:00,0.0,0.0,0.0,6.6468034,11.9
2025-12-22 03:00:00,0.0,0.0,0.0,6.6562,11.8
2025-12-22 04:00:00,0.0,0.0,0.0,6.709136,12.1
2025-12-22 05:00:00,0.0,0.0,0.0,6.9526978,12.4
2025-12-22 06:00:00,0.0,0.0,0.0,6.046693,11.1
2025-12-22 07:00:00,0.0,0.0,0.0,6.22254,11.2
2025-12-22 08:00:00,0.0,0.0,0.0,6.046693,11.6
2025-12-22 09:00:00,0.0,0.0,0.0,6.1522355,11.0
2025-12-22 10:00:00,0.0,0.0,0.0,6.4443774,11.4
2025-12-22 11:00:00,0.0,0.0,0.0,6.128825,10.6
2025-12-22 12:00:00,0.0,0.0,0.0,5.8258047,10.0
2025-12-22 13:00:00,0.0,0.0,0.0,5.5643954,9.7
2025-12-22 14:00:00,0.0,0.0,0.0,5.5536027,9.5
2025-12-22 15:00:00,0.0,0.0,0.0,5.517246,9.6
2025-12-22 16:00:00,0.0,0.0,0.0,5.3744764,9.5
2025-12-22 17:00:00,0.0,0.0,0.0,5.3814497,9.5
2025-12-22 18:00:00,0.0,0.0,0.0,5.320245,9.4
2025-12-22 19:00:00,0.0,0.0,0.0,5.3333855,9.5
2025-12-22 20:00:00,0.0,0.0,0.0,5.2711477,9.5
2025-12-22 21:00:00,0.0,0.0,0.0,5.170348,9.3
2025-12-22 22:00:00,0.0,0.0,0.0,5.3333855,9.5
2025-12-22 23:00:00,0.0,0.0,0.0,5.4426556,9.7
2025-12-23 00:00:00,0.0,0.0,0.0,5.5056787,9.9
2025-12-23 01:00:00,0.0,0.0,0.0,5.6147127,10.0
2025-12-23 02:00:00,0.0,0.0,0.0,5.6614923,10.0
2025-12-23 03:00:00,0.0,0.0,0.0,5.6703176,9.9
2025-12-23 04:00:00,0.0,0.0,0.0,5.6905622,9.9
2025-12-23 05:00:00,0.0,0.0,0.0,5.87069,10.1
2025-12-23 06:00:00,0.0,0.0,0.0,6.150203,10.6
2025-12-23 07:00:00,0.0,0.0,0.0,6.100205,9.4
2025-12-23 08:00:00,0.0,0.0,0.0,5.9095263,9.9
2025-12-23 09:00:00,0.0,0.0,0.0,5.9506307,11.3
2025-12-23 10:00:00,0.0,0.0,0.0,6.732384,11.1
2025-12-23 11:00:00,0.0,0.0,0.0,6.195361,10.7
2025-12-23 12:00:00,0.0,0.0,0.0,6.074537,10.7
2025-12-23 13:00:00,0.1,0.0,0.07,6.3674955,11.3
2025-12-23 14:00:00,0.1,0.0,0.07,6.888396,12.1
2025-12-23 15:00:00,0.1,0.0,0.07,7.3015413,12.6
2025-12-23 16:00:00,0.1,0.0,0.07,7.447986,12.7
2025-12-23 17:00:00,0.1,0.0,0.07,7.4204106,12.7
2025-12-23 18:00:00,0.1,0.0,0.07,7.151223,12.5
2025-12-23 19:00:00,0.1,0.0,0.07,6.926038,12.6
2025-12-23 20:00:00,0.2,0.0,0.14,7.133898,13.1
2025-12-23 21:00:00,0.3,0.0,0.21000001,7.0926013,12.9
2025-12-23 22:00:00,0.2,0.0,0.14,6.852919,12.3
2025-12-23 23:00:00,0.1,0.0,0.07,6.4001956,11.5
2025-12-24 00:00:00,0.1,0.0,0.07,5.940118,10.8
2025-12-24 01:00:00,0.1,0.0,0.07,5.6400356,10.2
2025-12-24 02:00:00,0.0,0.0,0.0,5.3949046,10.1
2025-12-24 03:00:00,0.0,0.0,0.0,4.981215,9.4
2025-12-24 04:00:00,0.0,0.0,0.0,4.8270073,8.7
2025-12-24 05:00:00,0.0,0.0,0.0,4.773102,8.3
2025-12-24 06:00:00,0.0,0.0,0.0,5.3814497,9.0
2025-12-24 07:00:00,0.0,0.0,0.0,5.3649325,9.9
2025-12-24 08:00:00,0.0,0.0,0.0,5.0916595,9.5
2025-12-24 09:00:00,0.0,0.0,0.0,4.725727,9.3
2025-12-24 10:00:00,0.0,0.0,0.0,5.3275228,9.7
2025-12-24 11:00:00,0.1,0.0,0.07,5.222308,8.9
2025-12-24 12:00:00,0.1,0.0,0.07,5.311544,9.1
2025-12-24 13:00:00,0.1,0.0,0.07,5.5803227,9.7
2025-12-24 14:00:00,0.1,0.0,0.07,5.6614923,9.9
2025-12-24 15:00:00,0.1,0.0,0.07,5.583234,10.0
2025-12-24 16:00:00,0.0,0.0,0.0,5.630719,10.1
2025-12-24 17:00:00,0.0,0.0,0.0,5.5803227,10.0
2025-12-24 18:00:00,0.0,0.0,0.0,5.6035705,9.9
2025-12-24 19:00:00,0.0,0.0,0.0,5.6035705,10.2
2025-12-24 20:00:00,0.1,0.0,0.07,5.6035705,10.1
2025-12-24 21:00:00,0.1,0.0,0.07,5.5803227,10.2
2025-12-24 22:00:00,0.1,0.0,0.07,6.150203,10.3
2025-12-24 23:00:00,0.1,0.0,0.07,6.1143274,10.4
2025-12-25 00:00:00,0.1,0.0,0.07,6.036969,10.0
2025-12-25 01:00:00,0.1,0.0,0.07,6.0959,10.1
2025-12-25 02:00:00,0.1,0.0,0.07,6.1173935,9.8
2025-12-25 03:00:00,0.1,0.0,0.07,6.050826,9.7
2025-12-25 04:00:00,0.1,0.0,0.07,5.9348545,9.7
2025-12-25 05:00:00,0.1,0.0,0.07,6.0913873,9.8
2025-12-25 06:00:00,0.1,0.0,0.07,5.894489,9.8
2025-12-25 07:00:00,0.1,0.0,0.07,5.9076223,10.7
2025-12-25 08:00:00,0.1,0.0,0.07,6.060116,10.9
2025-12-25 09:00:00,0.0,0.0,0.0,5.882177,10.9
2025-12-25 10:00:00,0.0,0.0,0.0,5.73171,10.6
2025-12-25 11:00:00,0.0,0.0,0.0,5.95084,10.0
2025-12-25 12:00:00,0.0,0.0,0.0,5.9033885,9.7
2025-12-25 13:00:00,0.0,0.0,0.0,5.896185,9.6
2025-12-25 14:00:00,0.0,0.0,0.0,5.70548,9.2
2025-12-25 15:00:00,0.0,0.0,0.0,5.3051863,9.1
2025-12-25 16:00:00,0.0,0.0,0.0,5.020458,9.0
2025-12-25 17:00:00,0.0,0.0,0.0,4.680278,8.8
2025-12-25 18:00:00,0.0,0.0,0.0,4.3419466,8.4
2025-12-25 19:00:00,0.0,0.0,0.0,3.9661064,6.8
2025-12-25 20:00:00,0.0,0.0,0.0,3.938591,6.8
2025-12-25 21:00:00,0.0,0.0,0.0,4.322615,7.4
2025-12-25 22:00:00,0.0,0.0,0.0,4.9658837,8.6
2025-12-25 23:00:00,0.0,0.0,0.0,5.3758717,9.2
2025-12-26 00:00:00,0.0,0.0,0.0,5.3935146,9.2
2025-12-26 01:00:00,0.0,0.0,0.0,5.1088157,8.8
2025-12-26 02:00:00,0.0,0.0,0.0,4.856439,8.1
2025-12-26 03:00:00,0.0,0.0,0.0,4.6389656,7.2
2025-12-26 04:00:00,0.0,0.0,0.0,4.025233,6.4
2025-12-26 05:00:00,0.0,0.0,0.0,3.9115217,6.4
2025-12-26 06:00:00,0.0,0.0,0.0,4.2547035,7.6
2025-12-26 07:00:00,0.0,0.0,0.0,4.061096,7.1
2025-12-26 08:00:00,0.0,0.0,0.0,3.8078866,6.9
2025-12-26 09:00:00,0.0,0.0,0.0,3.846102,7.1
2025-12-26 10:00:00,0.0,0.0,0.0,3.8422,6.7
2025-12-26 11:00:00,0.0,0.0,0.0,3.8190315,6.6
2025-12-26 12:00:00,0.0,0.0,0.0,4.1164308,6.9
2025-12-26 13:00:00,0.0,0.0,0.0,4.3341665,7.1
2025-12-26 14:00:00,0.0,0.0,0.0,4.62277,7.3
2025-12-26 15:00:00,0.0,0.0,0.0,4.9117208,7.9
2025-12-26 16:00:00,0.0,0.0,0.0,4.95101,8.2
2025-12-26 17:00:00,0.0,0.0,0.0,4.8900414,8.3
2025-12-26 18:00:00,0.0,0.0,0.0,4.8600416,8.4
2025-12-26 19:00:00,0.0,0.0,0.0,4.9300103,8.7
2025-12-26 20:00:00,0.0,0.0,0.0,4.9819674,8.7
2025-12-26 21:00:00,0.0,0.0,0.0,4.935838,8.6
2025-12-26 22:00:00,0.0,0.0,0.0,4.9175706,8.4
2025-12-26 23:00:00,0.0,0.0,0.0,4.9145193,8.1
2025-12-27 00:00:00,0.0,0.0,0.0,4.773102,7.9
2025-12-27 01:00:00,0.0,0.0,0.0,4.5254836,7.6
2025-12-27 02:00:00,0.0,0.0,0.0,4.313931,7.2
2025-12-27 03:00:00,0.0,0.0,0.0,4.2851486,7.1
2025-12-27 04:00:00,0.0,0.0,0.0,4.232316,7.1
2025-12-27 05:00:00,0.0,0.0,0.0,4.20119,7.2
2025-12-27 06:00:00,0.0,0.0,0.0,4.263801,7.4
2025-12-27 07:00:00,0.0,0.0,0.0,4.225222,7.9
2025-12-27 08:00:00,0.0,0.0,0.0,4.225222,7.7
2025-12-27 09:00:00,0.0,0.0,0.0,4.4598207,7.8
2025-12-27 10:00:00,0.0,0.0,0.0,3.6800137,6.4
2025-12-27 11:00:00,0.0,0.0,0.0,3.2442255,5.4
2025-12-27 12:00:00,0.0,0.0,0.0,3.287096,5.4
2025-12-27 13:00:00,0.0,0.0,0.0,3.130495,5.4
2025-12-27 14:00:00,0.0,0.0,0.0,2.9516945,5.3
2025-12-27 15:00:00,0.0,0.0,0.0,2.8887713,5.1
2025-12-27 16:00:00,0.0,0.0,0.0,2.768122,4.8
2025-12-27 17:00:00,0.0,0.0,0.0,2.482438,4.3
2025-12-27 18:00:00,0.0,0.0,0.0,2.294014,3.9
2025-12-27 19:00:00,0.0,0.0,0.0,2.1868927,3.7
2025-12-27 20:00:00,0.0,0.0,0.0,2.1023796,3.6
2025-12-27 21:00:00,0.0,0.0,0.0,1.9006578,3.7
2025-12-27 22:00:00,0.0,0.0,0.0,2.1592824,3.8
2025-12-27 23:00:00,0.0,0.0,0.0,2.030394,3.7
2025-12-28 00:00:00,0.0,0.0,0.0,2.2770596,3.8
2025-12-28 01:00:00,0.0,0.0,0.0,2.442335,3.9
2025-12-28 02:00:00,0.0,0.0,0.0,2.5539184,4.0
2025-12-28 03:00:00,0.0,0.0,0.0,2.581182,4.0
2025-12-28 04:00:00,0.0,0.0,0.0,2.376973,4.1
2025-12-28 05:00:00,0.0,0.0,0.0,2.581182,4.0
2025-12-28 06:00:00,0.0,0.0,0.0,2.3879907,3.9
2025-12-28 07:00:00,0.0,0.0,0.0,2.1540658,3.7
2025-12-28 08:00:00,0.0,0.0,0.0,2.0124612,3.4
2025-12-28 09:00:00,0.0,0.0,0.0,1.9416488,3.2
2025-12-28 10:00:00,0.0,0.0,0.0,1.7734147,3.3
2025-12-28 11:00:00,0.0,0.0,0.0,2.3600848,3.8
2025-12-28 12:00:00,0.0,0.0,0.0,2.9206164,4.0
2025-12-28 13:00:00,0.0,0.0,0.0,3.1241,4.4
2025-12-28 14:00:00,0.0,0.0,0.0,3.118493,4.5
2025-12-28 15:00:00,0.0,0.0,0.0,3.1120734,4.6
2025-12-28 16:00:00,0.0,0.0,0.0,3.08099,4.9
2025-12-28 17:00:00,0.0,0.0,0.0,3.1400635,5.5
2025-12-28 18:00:00,0.0,0.0,0.0,3.43984,6.0
2025-12-28 19:00:00,0.0,0.0,0.0,3.5672119,6.1
2025-12-28 20:00:00,0.0,0.0,0.0,3.448188,5.9
2025-12-28 21:00:00,0.0,0.0,0.0,3.2684095,5.6
2025-12-28 22:00:00,0.0,0.0,0.0,3.491776,5.6
2025-12-28 23:00:00,0.0,0.0,0.0,3.4659054,5.6
2025-12-29 00:00:00,0.0,0.0,0.0,3.5556295,5.3
2025-12-29 01:00:00,0.0,0.0,0.0,3.434021,5.0
2025-12-29 02:00:00,0.0,0.0,0.0,3.1894357,5.0
2025-12-29 03:00:00,0.0,0.0,0.0,3.914716,7.2
2025-12-29 04:00:00,0.0,0.0,0.0,4.512482,8.1
2025-12-29 05:00:00,0.0,0.0,0.0,4.7460513,8.3
2025-12-29 06:00:00,0.0,0.0,0.0,5.1684136,9.0
2025-12-29 07:00:00,0.0,0.0,0.0,5.0159745,8.9
2025-12-29 08:00:00,0.0,0.0,0.0,4.893363,8.7
2025-12-29 09:00:00,0.0,0.0,0.0,5.13858,9.2
2025-12-29 10:00:00,0.0,0.0,0.0,5.6435804,9.2
2025-12-29 11:00:00,0.0,0.0,0.0,5.4582505,9.3
2025-12-29 12:00:00,0.0,0.0,0.0,5.4582505,9.4
2025-12-29 13:00:00,0.0,0.0,0.0,4.992494,8.4
2025-12-29 14:00:00,0.0,0.0,0.0,4.1773195,7.2
2025-12-29 15:00:00,0.0,0.0,0.0,4.0028114,6.9
2025-12-29 16:00:00,0.0,0.0,0.0,4.0549355,6.7
2025-12-29 17:00:00,0.0,0.0,0.0,3.535534,5.9
2025-12-29 18:00:00,0.0,0.0,0.0,3.1320918,5.4
2025-12-29 19:00:00,0.0,0.0,0.0,3.2962098,5.5
2025-12-29 20:00:00,0.0,0.0,0.0,3.6006944,6.1
2025-12-29 21:00:00,0.0,0.0,0.0,3.7566607,6.7
2025-12-29 22:00:00,0.2,0.2,0.0,4.0131035,6.5
2025-12-29 23:00:00,0.4,0.4,0.0,4.4972215,7.1
2025-12-30 00:00:00,0.7,0.7,0.0,4.8746796,7.8
2025-12-30 01:00:00,1.0,1.0,0.0,4.9962487,9.1
2025-12-30 02:00:00,1.0,1.0,0.0,5.626944,11.0
2025-12-30 03:00:00,0.6,0.6,0.0,5.8405905,10.1
2025-12-30 04:00:00,0.1,0.1,0.0,5.80517,10.0
2025-12-30 05:00:00,0.0,0.0,0.0,5.6555285,10.0
2025-12-30 06:00:00,0.0,0.0,0.0,5.4426556,9.7
2025-12-30 07:00:00,0.0,0.0,0.0,5.5430136,10.1
2025-12-30 08:00:00,0.0,0.0,0.0,5.905294,10.8
2025-12-30 09:00:00,0.0,0.0,0.0,5.942432,10.8
2025-12-30 10:00:00,0.0,0.0,0.0,6.280327,10.8
2025-12-30 11:00:00,0.0,0.0,0.0,6.2229414,10.8
2025-12-30 12:00:00,0.0,0.0,0.0,6.254998,10.7
2025-12-30 13:00:00,0.0,0.0,0.0,6.332851,10.8
2025-12-30 14:00:00,0.0,0.0,0.0,5.8053856,10.0
2025-12-30 15:00:00,0.0,0.0,0.0,4.6981378,9.1
2025-12-30 16:00:00,0.0,0.0,0.0,3.9223719,7.7
2025-12-30 17:00:00,0.0,0.0,0.0,3.3533566,6.6
2025-12-30 18:00:00,0.0,0.0,0.0,3.051639,6.0
2025-12-30 19:00:00,0.0,0.0,0.0,2.902585,4.7
2025-12-30 20:00:00,0.0,0.0,0.0,2.3521266,4.2
2025-12-30 21:00:00,0.0,0.0,0.0,2.2638464,4.0
2025-12-30 22:00:00,0.0,0.0,0.0,2.4397748,3.7
2025-12-30 23:00:00,0.0,0.0,0.0,2.0248456,3.5
2025-12-31 00:00:00,0.0,0.0,0.0,2.6004806,4.2
2025-12-31 01:00:00,0.0,0.0,0.0,2.2299101,4.7
2025-12-31 02:00:00,0.0,0.0,0.0,3.0413814,6.3
2025-12-31 03:00:00,0.0,0.0,0.0,3.7353044,7.3
2025-12-31 04:00:00,0.0,0.0,0.0,3.8059163,7.2
2025-12-31 05:00:00,0.0,0.0,0.0,3.5014284,7.3
2025-12-31 06:00:00,0.0,0.0,0.0,3.7963798,7.6
2025-12-31 07:00:00,0.1,0.0,0.07,4.3832064,7.9
2025-12-31 08:00:00,0.1,0.0,0.07,4.540099,8.5
2025-12-31 09:00:00,0.1,0.0,0.07,4.3002906,8.2
2025-12-31 10:00:00,0.2,0.0,0.14,5.17349,8.0
2025-12-31 11:00:00,0.2,0.0,0.14,4.8971934,6.9
2025-12-31 12:00:00,0.5,0.0,0.35,3.0536864,5.5
2025-12-31 13:00:00,1.0,0.0,0.7,3.3049204,5.7
2025-12-31 14:00:00,1.0,0.0,0.7,3.667424,7.0
2025-12-31 15:00:00,0.5,0.0,0.35,3.0016663,5.1
2025-12-31 16:00:00,0.1,0.0,0.07,1.9006578,2.3
2025-12-31 17:00:00,0.1,0.0,0.07,1.8553975,1.7
2025-12-31 18:00:00,0.0,0.0,0.0,2.666927,3.5
2025-12-31 19:00:00,0.0,0.0,0.0,3.9953096,7.2
2025-12-31 20:00:00,0.0,0.0,0.0,4.6542993,8.4
2025-12-31 21:00:00,0.0,0.0,0.0,3.9115217,7.1
2025-12-31 22:00:00,0.0,0.0,0.0,4.1599283,7.1
2025-12-31 23:00:00,0.0,0.0,0.0,4.3341665,7.4
